<?xml version="1.0" encoding="UTF-8" standalone="yes"?>
<samples sheet-name="IMSLP00693#46">
    <sample shape="G_CLEF" interline="14" pitch="0.6" left="338" top="392" id="482">
        <run-table orientation="VERTICAL" width="38" height="101">
            <runs>0 49 16</runs>
            <runs>0 46 23 20 2</runs>
            <runs>0 44 26 16 8</runs>
            <runs>0 43 28 13 12</runs>
            <runs>0 41 31 11 14</runs>
            <runs>0 40 33 9 16</runs>
            <runs>0 40 16 12 6 8 17</runs>
            <runs>0 36 18 14 7 7 18</runs>
            <runs>0 36 17 16 6 7 19</runs>
            <runs>0 36 16 19 9 2 19</runs>
            <runs>0 36 12 24 8 2 14 1 4</runs>
            <runs>0 35 12 13 3 10 7 2 14 1 4</runs>
            <runs>0 34 13 8 11 7 7 2 13 2 4</runs>
            <runs>0 33 13 8 13 6 7 2 13 3 3</runs>
            <runs>0 32 14 8 14 5 7 3 11 4 3</runs>
            <runs>0 31 14 4 20 5 7 3 8 6 3</runs>
            <runs>0 30 14 5 13 1 7 4 6 6 6 5 4</runs>
            <runs>0 29 14 6 9 10 3 4 5 17 4</runs>
            <runs>0 10 33 6 9 11 1 5 5 16 5</runs>
            <runs>0 9 32 8 8 18 5 15 6</runs>
            <runs>0 7 50 18 5 14 6</runs>
            <runs>0 6 52 17 5 14 5</runs>
            <runs>0 5 11 11 34 14 5 13 6</runs>
            <runs>0 3 12 10 13 2 40 11 7</runs>
            <runs>0 2 11 8 17 9 34 8 8</runs>
            <runs>0 2 10 9 17 10 9 5 34</runs>
            <runs>0 1 10 10 17 10 9 11 27</runs>
            <runs>10 10 18 10 10 14 21</runs>
            <runs>9 10 13 16 11 14 7 1 8</runs>
            <runs>9 8 14 18 10 13 8</runs>
            <runs>10 5 14 20 12 10 9</runs>
            <runs>28 21 16 3 7</runs>
            <runs>0 2 25 22 26</runs>
            <runs>0 5 19 25 25</runs>
            <runs>0 8 1 1 9 29 26</runs>
            <runs>0 48 26</runs>
            <runs>0 55 17</runs>
            <runs>0 57 11</runs>
        </run-table>
    </sample>
    <sample shape="C_CLEF" interline="14" pitch="-1.9" left="334" top="1625" id="559">
        <run-table orientation="VERTICAL" width="41" height="60">
            <runs>0 3 1 3 1 26 2 2 2 7 11</runs>
            <runs>0 1 57</runs>
            <runs>0 1 58</runs>
            <runs>0 1 58</runs>
            <runs>0 1 58</runs>
            <runs>0 1 58</runs>
            <runs>0 1 58</runs>
            <runs>58</runs>
            <runs>0 1 5</runs>
            <runs>0 50 9</runs>
            <runs>0 9 4 14 6 2 24</runs>
            <runs>0 1 58</runs>
            <runs>59</runs>
            <runs>0 1 58</runs>
            <runs>0 2 2 24 9 13 4</runs>
            <runs>0 8 2 17 10 11 7</runs>
            <runs>0 5 7 14 11 11 8</runs>
            <runs>0 4 9 10 15 2 2 5 12</runs>
            <runs>0 3 10 7 26 1 12</runs>
            <runs>0 3 15 1 27 1 12</runs>
            <runs>0 2 57</runs>
            <runs>0 2 57</runs>
            <runs>0 1 17 3 6 2 10 8 12</runs>
            <runs>0 1 3 1 13 5 3 3 8 10 8</runs>
            <runs>4 2 7 11 2 3 7 12 5</runs>
            <runs>4 3 6 11 3 2 7</runs>
            <runs>4 4 4 12 3 2 6</runs>
            <runs>0 1 3 20 4 1 6</runs>
            <runs>0 1 3 20 4 1 7</runs>
            <runs>0 1 4 19 3 2 8 16 7</runs>
            <runs>0 1 4 18 4 2 9 2 1 11 7</runs>
            <runs>0 2 25 5 27</runs>
            <runs>0 2 25 6 26</runs>
            <runs>0 3 23 8 25</runs>
            <runs>0 3 23 9 24</runs>
            <runs>0 4 21 10 20</runs>
            <runs>0 4 21 11 18</runs>
            <runs>0 5 19 13 16</runs>
            <runs>0 6 16 15 13</runs>
            <runs>0 7 14 17 9</runs>
            <runs>0 10 10</runs>
        </run-table>
    </sample>
    <sample shape="C_CLEF" interline="14" pitch="-0.1" left="330" top="2584" id="628">
        <run-table orientation="VERTICAL" width="40" height="60">
            <runs>0 6 2 2 8 5 2 2 33</runs>
            <runs>60</runs>
            <runs>60</runs>
            <runs>60</runs>
            <runs>60</runs>
            <runs>60</runs>
            <runs>60</runs>
            <runs>60</runs>
            <runs>59</runs>
            <runs>0 48 5</runs>
            <runs>0 1 17 18 1 5 18</runs>
            <runs>26 1 33</runs>
            <runs>60</runs>
            <runs>59</runs>
            <runs>11</runs>
            <runs>0 52 3</runs>
            <runs>0 7 5 16 8 13 7</runs>
            <runs>0 5 8 14 10 12 10</runs>
            <runs>0 1 13 8 19 7 11</runs>
            <runs>0 1 13 5 26 3 11</runs>
            <runs>14 1 30 3 11</runs>
            <runs>45 3 11</runs>
            <runs>0 1 17 4 9 3 6 8 8</runs>
            <runs>14 8 4 9 4 9 8</runs>
            <runs>14 9 4 8 3 11 7</runs>
            <runs>5 2 6 12 3 6 3 12 5</runs>
            <runs>5 2 5 13 3 6 3 14 1</runs>
            <runs>5 20 7 2 3</runs>
            <runs>5 19 8 2 3</runs>
            <runs>5 18 9 2 4</runs>
            <runs>6 17 9 2 4 15 6</runs>
            <runs>0 1 27 6 25</runs>
            <runs>28 6 25</runs>
            <runs>27 7 25</runs>
            <runs>27 8 24</runs>
            <runs>26 9 24</runs>
            <runs>0 5 19 13 22</runs>
            <runs>0 7 16 15 17</runs>
            <runs>0 9 12 19 12</runs>
            <runs>0 42 7</runs>
        </run-table>
    </sample>
</samples>
