<?xml version="1.0" encoding="UTF-8" standalone="yes"?>
<samples id="3">
    <sample shape="ACCENT" interline="18" left="1791" top="540" id="472">
        <run-table orientation="VERTICAL" width="24" height="18">
            <runs>2 14 2</runs>
            <runs>3 12 3</runs>
            <runs>3 12 3</runs>
            <runs>3 11 3</runs>
            <runs>0 1 3 10 3</runs>
            <runs>0 1 3 10 2</runs>
            <runs>0 2 3 8 3</runs>
            <runs>0 2 3 8 3</runs>
            <runs>0 2 3 7 3</runs>
            <runs>0 3 3 6 3</runs>
            <runs>0 3 3 6 3</runs>
            <runs>0 4 2 5 3</runs>
            <runs>0 4 3 4 3</runs>
            <runs>0 4 3 4 2</runs>
            <runs>0 5 3 2 3</runs>
            <runs>0 5 3 2 3</runs>
            <runs>0 5 3 1 3</runs>
            <runs>0 6 6</runs>
            <runs>0 6 6</runs>
            <runs>0 7 4</runs>
            <runs>0 7 4</runs>
            <runs>0 7 3</runs>
            <runs>0 8 2</runs>
            <runs>0 8 2</runs>
        </run-table>
    </sample>
    <sample shape="ACCENT" interline="18" left="1281" top="531" id="547">
        <run-table orientation="VERTICAL" width="24" height="18">
            <runs>2 14 2</runs>
            <runs>3 12 3</runs>
            <runs>3 12 2</runs>
            <runs>3 11 3</runs>
            <runs>0 1 3 10 3</runs>
            <runs>0 1 3 9 3</runs>
            <runs>0 2 2 9 3</runs>
            <runs>0 2 3 8 3</runs>
            <runs>0 2 3 7 3</runs>
            <runs>0 3 3 6 3</runs>
            <runs>0 3 3 6 2</runs>
            <runs>0 3 3 5 3</runs>
            <runs>0 4 3 4 3</runs>
            <runs>0 4 3 3 3</runs>
            <runs>0 5 2 3 3</runs>
            <runs>0 5 3 2 3</runs>
            <runs>0 5 3 1 3</runs>
            <runs>0 6 6</runs>
            <runs>0 6 5</runs>
            <runs>0 6 5</runs>
            <runs>0 7 4</runs>
            <runs>0 7 3</runs>
            <runs>0 8 2</runs>
            <runs>0 8 1</runs>
        </run-table>
    </sample>
    <sample shape="ACCENT" interline="18" left="2202" top="683" id="570">
        <run-table orientation="VERTICAL" width="23" height="18">
            <runs>3 13 2</runs>
            <runs>3 12 3</runs>
            <runs>0 1 3 11 3</runs>
            <runs>0 1 3 10 3</runs>
            <runs>0 1 3 10 3</runs>
            <runs>0 2 3 9 3</runs>
            <runs>0 2 3 8 3</runs>
            <runs>0 3 3 7 3</runs>
            <runs>0 3 3 6 3</runs>
            <runs>0 3 3 6 3</runs>
            <runs>0 4 3 5 3</runs>
            <runs>0 4 3 4 3</runs>
            <runs>0 5 2 4 3</runs>
            <runs>0 5 3 3 2</runs>
            <runs>0 5 3 2 3</runs>
            <runs>0 6 2 2 3</runs>
            <runs>0 6 6</runs>
            <runs>0 6 6</runs>
            <runs>0 7 4</runs>
            <runs>0 7 4</runs>
            <runs>0 8 3</runs>
            <runs>0 8 2</runs>
            <runs>0 8 2</runs>
        </run-table>
    </sample>
    <sample shape="ACCENT" interline="18" left="1047" top="549" id="580">
        <run-table orientation="VERTICAL" width="24" height="18">
            <runs>2 13 3</runs>
            <runs>3 12 3</runs>
            <runs>3 11 3</runs>
            <runs>0 1 3 10 3</runs>
            <runs>0 1 3 10 2</runs>
            <runs>0 1 3 9 3</runs>
            <runs>0 2 3 8 3</runs>
            <runs>0 2 3 7 3</runs>
            <runs>0 3 2 7 3</runs>
            <runs>0 3 3 6 3</runs>
            <runs>0 3 3 5 3</runs>
            <runs>0 4 3 4 3</runs>
            <runs>0 4 3 4 2</runs>
            <runs>0 4 3 3 3</runs>
            <runs>0 5 3 2 3</runs>
            <runs>0 5 3 1 3</runs>
            <runs>0 6 2 1 3</runs>
            <runs>0 6 5</runs>
            <runs>0 6 5</runs>
            <runs>0 7 4</runs>
            <runs>0 7 3</runs>
            <runs>0 8 2</runs>
            <runs>0 8 2</runs>
            <runs>0 8 1</runs>
        </run-table>
    </sample>
    <sample shape="ACCENT" interline="18" left="1527" top="540" id="583">
        <run-table orientation="VERTICAL" width="24" height="18">
            <runs>3 12 3</runs>
            <runs>3 12 3</runs>
            <runs>3 11 3</runs>
            <runs>0 1 3 10 3</runs>
            <runs>0 1 3 10 3</runs>
            <runs>0 2 2 9 3</runs>
            <runs>0 2 3 8 3</runs>
            <runs>0 2 3 8 2</runs>
            <runs>0 3 3 6 3</runs>
            <runs>0 3 3 6 3</runs>
            <runs>0 3 3 5 3</runs>
            <runs>0 4 3 4 3</runs>
            <runs>0 4 3 4 3</runs>
            <runs>0 5 2 3 3</runs>
            <runs>0 5 3 2 3</runs>
            <runs>0 5 3 2 2</runs>
            <runs>0 6 6</runs>
            <runs>0 6 6</runs>
            <runs>0 7 4</runs>
            <runs>0 7 4</runs>
            <runs>0 7 3</runs>
            <runs>0 8 2</runs>
            <runs>0 8 2</runs>
            <runs>0 8 1</runs>
        </run-table>
    </sample>
    <sample shape="ACCENT" interline="18" left="2006" top="549" id="587">
        <run-table orientation="VERTICAL" width="24" height="18">
            <runs>2 13 3</runs>
            <runs>3 12 3</runs>
            <runs>3 11 3</runs>
            <runs>0 1 3 10 3</runs>
            <runs>0 1 3 10 3</runs>
            <runs>0 1 3 9 3</runs>
            <runs>0 2 3 8 3</runs>
            <runs>0 2 3 7 3</runs>
            <runs>0 3 2 7 3</runs>
            <runs>0 3 3 6 3</runs>
            <runs>0 3 3 5 3</runs>
            <runs>0 4 3 4 3</runs>
            <runs>0 4 3 4 2</runs>
            <runs>0 4 3 3 3</runs>
            <runs>0 5 3 2 3</runs>
            <runs>0 5 3 1 3</runs>
            <runs>0 6 2 1 3</runs>
            <runs>0 6 6</runs>
            <runs>0 6 5</runs>
            <runs>0 7 4</runs>
            <runs>0 7 3</runs>
            <runs>0 8 2</runs>
            <runs>0 8 2</runs>
            <runs>0 8 1</runs>
        </run-table>
    </sample>
    <sample shape="ACCENT" interline="18" left="646" top="683" id="606">
        <run-table orientation="VERTICAL" width="23" height="18">
            <runs>3 12 3</runs>
            <runs>3 12 3</runs>
            <runs>0 1 3 11 3</runs>
            <runs>0 1 3 10 3</runs>
            <runs>0 1 3 10 3</runs>
            <runs>0 2 3 9 3</runs>
            <runs>0 2 3 8 3</runs>
            <runs>0 3 3 7 3</runs>
            <runs>0 3 3 6 3</runs>
            <runs>0 3 3 6 3</runs>
            <runs>0 4 3 5 3</runs>
            <runs>0 4 3 4 3</runs>
            <runs>0 5 2 4 3</runs>
            <runs>0 5 3 3 2</runs>
            <runs>0 5 3 2 3</runs>
            <runs>0 6 3 1 3</runs>
            <runs>0 6 6</runs>
            <runs>0 6 6</runs>
            <runs>0 7 4</runs>
            <runs>0 7 4</runs>
            <runs>0 8 3</runs>
            <runs>0 8 2</runs>
            <runs>0 8 2</runs>
        </run-table>
    </sample>
    <sample shape="ACCENT" interline="18" left="1354" top="2532" id="1410">
        <run-table orientation="VERTICAL" width="29" height="26">
            <runs>0 1 2</runs>
            <runs>4</runs>
            <runs>5</runs>
            <runs>4</runs>
            <runs>0 1 2</runs>
            <runs></runs>
            <runs></runs>
            <runs></runs>
            <runs></runs>
            <runs>0 10 1</runs>
            <runs>0 9 2 14 1</runs>
            <runs>0 9 2 14 1</runs>
            <runs>0 8 18</runs>
            <runs>0 8 18</runs>
            <runs>0 8 18</runs>
            <runs>0 8 18</runs>
            <runs>0 10 2 13 1</runs>
            <runs>0 9 2 14 1</runs>
            <runs>0 9 2 14 1</runs>
            <runs>0 8 3</runs>
            <runs>0 8 2 15 1</runs>
            <runs>0 7 4 14 1</runs>
            <runs>0 8 4 13 1</runs>
            <runs>0 8 18</runs>
            <runs>0 8 18</runs>
            <runs>0 10 16</runs>
            <runs>0 12 14</runs>
            <runs>0 25 1</runs>
            <runs>0 25 1</runs>
        </run-table>
    </sample>
</samples>
