<?xml version="1.0" encoding="UTF-8" standalone="yes"?>
<samples sheet-name="IMSLP00003#20">
    <sample shape="G_CLEF" interline="22" pitch="0.6" left="192" top="277" id="362">
        <run-table orientation="VERTICAL" width="56" height="155">
            <runs>0 85 12</runs>
            <runs>0 81 19</runs>
            <runs>0 78 24</runs>
            <runs>0 75 30</runs>
            <runs>0 75 32</runs>
            <runs>0 71 37</runs>
            <runs>0 71 38</runs>
            <runs>0 70 40</runs>
            <runs>0 69 42</runs>
            <runs>0 67 20 14 12 24 8</runs>
            <runs>0 66 18 21 9 22 12</runs>
            <runs>0 65 17 25 10 17 16</runs>
            <runs>0 63 18 28 8 17 17</runs>
            <runs>0 62 17 31 7 16 18</runs>
            <runs>0 61 16 34 3 19 19</runs>
            <runs>0 60 16 37 1 18 20</runs>
            <runs>0 59 16 38 1 18 21</runs>
            <runs>0 58 16 14 12 32 21</runs>
            <runs>0 58 15 13 18 28 21</runs>
            <runs>0 56 17 11 22 12 1 13 21</runs>
            <runs>0 55 18 10 24 11 1 13 17 1 4</runs>
            <runs>0 54 19 8 14 9 4 10 1 13 16 2 4</runs>
            <runs>0 53 16 11 15 10 4 9 1 14 15 3 4</runs>
            <runs>0 40 1 12 15 11 11 17 3 8 2 14 14 3 4</runs>
            <runs>0 27 18 4 18 13 10 28 2 14 14 4 3</runs>
            <runs>0 21 1 1 44 12 10 29 3 14 12 5 3</runs>
            <runs>0 20 46 12 10 30 3 16 8 7 2</runs>
            <runs>0 17 49 12 9 31 3 18 4 8 3</runs>
            <runs>0 16 22 10 22 6 11 31 3 30 3</runs>
            <runs>0 14 22 12 26 1 12 31 3 30 3</runs>
            <runs>0 12 20 15 16 3 2 1 18 31 3 29 4</runs>
            <runs>0 11 21 14 16 14 20 22 3 28 4</runs>
            <runs>0 9 22 15 16 14 28 14 2 29 3</runs>
            <runs>0 7 18 20 16 15 10 6 17 3 8 28 4</runs>
            <runs>0 6 16 21 17 16 10 14 22 26 3</runs>
            <runs>0 5 15 23 16 17 10 21 26 12 5</runs>
            <runs>0 4 15 23 15 19 10 29 34</runs>
            <runs>0 3 14 23 16 20 9 39 24</runs>
            <runs>0 1 15 23 16 21 10 44 16</runs>
            <runs>0 1 14 23 16 22 10 51 5</runs>
            <runs>13 25 14 25 9</runs>
            <runs>12 24 16 25 9</runs>
            <runs>11 22 19 25 9</runs>
            <runs>0 2 9 17 19 31 9</runs>
            <runs>0 4 10 13 18 33 9 25 2</runs>
            <runs>0 7 13 4 18 36 10 24 2</runs>
            <runs>0 9 30 40 10 22 7</runs>
            <runs>0 12 26 42 10 20 8</runs>
            <runs>0 16 18 46 11 18 4</runs>
            <runs>0 80 15 12 5</runs>
            <runs>0 81 15 9 7</runs>
            <runs>0 82 29</runs>
            <runs>0 84 26</runs>
            <runs>0 84 23</runs>
            <runs>0 86 19</runs>
            <runs>0 88 14</runs>
        </run-table>
    </sample>
    <sample shape="G_CLEF" interline="22" pitch="0.5" left="187" top="791" id="382">
        <run-table orientation="VERTICAL" width="57" height="155">
            <runs>0 90 3</runs>
            <runs>0 83 16</runs>
            <runs>0 79 23</runs>
            <runs>0 79 25</runs>
            <runs>0 73 33</runs>
            <runs>0 73 34</runs>
            <runs>0 71 39</runs>
            <runs>0 70 41</runs>
            <runs>0 69 42</runs>
            <runs>0 67 23 1 21 27 6</runs>
            <runs>0 66 22 15 10 23 10</runs>
            <runs>0 64 20 21 10 20 13</runs>
            <runs>0 63 19 25 12 15 16</runs>
            <runs>0 62 19 28 10 14 18</runs>
            <runs>0 61 19 30 10 14 18</runs>
            <runs>0 60 19 33 8 14 20</runs>
            <runs>0 60 19 34 7 13 21</runs>
            <runs>0 58 19 12 11 14 2 17 21</runs>
            <runs>0 58 19 11 17 10 1 17 22</runs>
            <runs>0 57 19 9 22 8 1 17 22</runs>
            <runs>0 56 20 8 24 25 22</runs>
            <runs>0 51 25 6 27 24 22</runs>
            <runs>0 51 25 5 17 5 7 23 17 1 4</runs>
            <runs>0 51 20 9 14 13 4 23 15 3 3</runs>
            <runs>0 42 2 7 18 11 11 17 4 22 14 4 3</runs>
            <runs>0 25 25 1 17 11 11 20 2 24 11 5 3</runs>
            <runs>0 20 48 11 10 48 9 6 3</runs>
            <runs>0 19 49 10 10 50 5 9 2</runs>
            <runs>0 16 54 8 10 64 2</runs>
            <runs>0 14 25 9 39 64 3</runs>
            <runs>0 13 21 14 40 63 3</runs>
            <runs>0 11 22 14 16 3 32 52 3</runs>
            <runs>0 10 5 1 11 19 16 10 30 48 3</runs>
            <runs>0 8 18 20 16 11 14 1 24 37 3</runs>
            <runs>0 6 18 21 16 12 13 6 32 24 4</runs>
            <runs>0 5 16 22 17 13 13 17 24 1 3 16 4</runs>
            <runs>0 5 14 23 17 14 13 22 29 7 6</runs>
            <runs>0 4 14 24 16 15 13 29 7 1 26</runs>
            <runs>0 3 14 24 15 17 13 42 18</runs>
            <runs>0 2 13 25 15 18 13 48 9</runs>
            <runs>14 25 15 19 14</runs>
            <runs>13 24 17 19 14 28 1</runs>
            <runs>12 23 19 19 14 27 2</runs>
            <runs>12 18 19 24 15 26 2</runs>
            <runs>0 2 10 18 17 26 15 25 7</runs>
            <runs>0 3 2 1 11 8 20 32 12 23 8</runs>
            <runs>0 8 34 36 12 21 5</runs>
            <runs>0 11 31 36 13 19 5</runs>
            <runs>0 14 24 42 12 17 5</runs>
            <runs>0 16 18 46 14 12 8</runs>
            <runs>0 25 1 55 16 7 9</runs>
            <runs>0 82 30</runs>
            <runs>0 84 27</runs>
            <runs>0 86 24</runs>
            <runs>0 87 22</runs>
            <runs>0 89 16</runs>
            <runs>0 93 1 4 2</runs>
        </run-table>
    </sample>
    <sample shape="G_CLEF" interline="22" pitch="0.5" left="185" top="985" id="384">
        <run-table orientation="VERTICAL" width="56" height="156">
            <runs>0 88 1 1 8</runs>
            <runs>0 81 19</runs>
            <runs>0 78 25</runs>
            <runs>0 72 33</runs>
            <runs>0 72 35 1 1</runs>
            <runs>0 72 38</runs>
            <runs>0 71 40</runs>
            <runs>0 69 43</runs>
            <runs>0 68 45</runs>
            <runs>0 67 20 15 11 35 1</runs>
            <runs>0 66 18 21 9 23 14</runs>
            <runs>0 64 18 25 1 1 7 20 15</runs>
            <runs>0 63 18 29 10 15 17</runs>
            <runs>0 62 17 33 8 14 18</runs>
            <runs>0 61 17 35 7 14 20</runs>
            <runs>0 60 16 38 2 18 20</runs>
            <runs>0 59 17 38 2 18 20</runs>
            <runs>0 58 18 13 12 14 1 18 20</runs>
            <runs>0 57 19 11 16 31 20</runs>
            <runs>0 56 20 9 21 27 22</runs>
            <runs>0 55 16 13 25 24 22</runs>
            <runs>0 34 2 15 20 11 16 5 7 23 22</runs>
            <runs>0 28 16 8 18 11 17 8 5 22 17 1 5</runs>
            <runs>0 23 23 2 1 2 18 11 11 17 3 23 15 3 4</runs>
            <runs>0 20 48 11 11 20 1 23 14 4 4</runs>
            <runs>0 18 50 11 10 46 13 4 4</runs>
            <runs>0 15 52 11 10 48 10 5 5</runs>
            <runs>0 13 21 14 21 2 2 4 10 50 9 5 5</runs>
            <runs>0 12 22 14 39 52 6 6 4</runs>
            <runs>0 10 23 14 40 64 4</runs>
            <runs>0 9 18 19 17 3 5 1 17 1 1 59 5</runs>
            <runs>0 8 16 22 16 11 26 50 6</runs>
            <runs>0 6 16 22 17 12 30 5 1 40 5</runs>
            <runs>0 5 15 23 17 13 13 9 25 29 4</runs>
            <runs>0 4 15 23 17 14 13 9 28 25 4</runs>
            <runs>0 2 15 23 18 15 12 18 5 2 19 16 6</runs>
            <runs>0 1 15 23 17 17 13 29 19 10 6</runs>
            <runs>15 22 18 18 13 30 34</runs>
            <runs>0 1 12 22 19 19 13 40 22</runs>
            <runs>0 1 12 21 20 19 13 44 15</runs>
            <runs>0 2 10 21 21 19 13 29 1 20 9</runs>
            <runs>0 4 10 16 20 23 13 29 1 23 2</runs>
            <runs>0 6 10 12 19 30 10 27 2</runs>
            <runs>0 8 36 33 10 26 3</runs>
            <runs>0 10 33 35 10 25 7</runs>
            <runs>0 12 26 40 10 23 9</runs>
            <runs>0 15 1 1 19 43 10 21 5</runs>
            <runs>0 20 14 46 10 19 5</runs>
            <runs>0 26 3 51 11 17 6</runs>
            <runs>0 28 1 53 12 13 6</runs>
            <runs>0 83 15 7 8</runs>
            <runs>0 84 27</runs>
            <runs>0 86 24</runs>
            <runs>0 87 22</runs>
            <runs>0 89 19</runs>
            <runs>0 90 12 1 3</runs>
        </run-table>
    </sample>
    <sample shape="G_CLEF" interline="22" pitch="0.5" left="186" top="1288" id="391">
        <run-table orientation="VERTICAL" width="56" height="155">
            <runs>0 88 10</runs>
            <runs>0 83 17 1 1</runs>
            <runs>0 80 26</runs>
            <runs>0 74 34</runs>
            <runs>0 74 35</runs>
            <runs>0 73 38</runs>
            <runs>0 72 40</runs>
            <runs>0 70 43</runs>
            <runs>0 69 32 1 12 25 7</runs>
            <runs>0 67 22 17 9 23 11</runs>
            <runs>0 66 21 21 7 22 13</runs>
            <runs>0 64 20 25 7 20 15</runs>
            <runs>0 64 17 29 10 15 17</runs>
            <runs>0 63 17 32 8 14 18</runs>
            <runs>0 62 17 34 7 14 19</runs>
            <runs>0 61 16 36 7 13 20</runs>
            <runs>0 60 16 16 7 15 2 17 21</runs>
            <runs>0 59 17 13 15 11 1 17 21</runs>
            <runs>0 58 18 11 19 27 21</runs>
            <runs>0 57 19 9 23 25 22</runs>
            <runs>0 56 16 12 17 1 7 24 17 1 4</runs>
            <runs>0 56 15 11 17 7 4 23 16 2 4</runs>
            <runs>0 51 18 12 12 15 3 23 15 2 4</runs>
            <runs>0 51 18 11 12 17 3 22 14 3 4</runs>
            <runs>0 27 17 7 17 11 12 44 12 5 3</runs>
            <runs>0 27 23 1 16 11 11 47 10 6 3</runs>
            <runs>0 23 44 11 11 48 1 5 2 7 3</runs>
            <runs>0 20 49 1 1 6 11 63 3</runs>
            <runs>0 17 19 11 41 63 3</runs>
            <runs>0 14 19 15 39 65 2</runs>
            <runs>0 12 21 14 17 5 21</runs>
            <runs>0 11 16 20 16 10 26 2 4 46 2</runs>
            <runs>0 10 16 20 16 11 35 40 4</runs>
            <runs>0 8 16 22 15 12 14 4 29 27 4</runs>
            <runs>0 7 16 20 17 13 13 14 1 4 19 2 1 18 6</runs>
            <runs>0 6 15 22 16 14 12 28 24 1 12</runs>
            <runs>0 4 15 22 17 15 13 30 33</runs>
            <runs>0 4 14 23 16 16 13 37 23</runs>
            <runs>0 3 13 25 14 18 13 43 15</runs>
            <runs>0 1 14 26 14 18 13</runs>
            <runs>14 23 17 23 10</runs>
            <runs>13 22 20 23 10 27 1</runs>
            <runs>0 2 11 18 24 23 10 27 1</runs>
            <runs>0 4 8 18 18 31 9 26 2</runs>
            <runs>0 4 9 14 20 32 10 24 7</runs>
            <runs>0 6 12 8 19 34 10 24 7</runs>
            <runs>0 9 34 37 11 20 4</runs>
            <runs>0 11 30 39 12 18 5</runs>
            <runs>0 14 21 46 13 14 6</runs>
            <runs>0 21 6 55 16 7 8</runs>
            <runs>0 84 14 3 11</runs>
            <runs>0 84 26</runs>
            <runs>0 86 22</runs>
            <runs>0 87 19</runs>
            <runs>0 89 15</runs>
            <runs>0 93 8</runs>
        </run-table>
    </sample>
    <sample shape="G_CLEF" interline="22" pitch="0.5" left="182" top="2413" id="442">
        <run-table orientation="VERTICAL" width="56" height="155">
            <runs>0 87 12</runs>
            <runs>0 86 15</runs>
            <runs>0 81 22</runs>
            <runs>0 79 27</runs>
            <runs>0 77 31</runs>
            <runs>0 74 35</runs>
            <runs>0 72 39</runs>
            <runs>0 70 41 29 4</runs>
            <runs>0 69 23 3 18 24 7</runs>
            <runs>0 67 21 14 11 22 9</runs>
            <runs>0 66 21 18 9 20 15</runs>
            <runs>0 64 21 22 7 19 17</runs>
            <runs>0 63 20 25 7 19 18</runs>
            <runs>0 62 19 30 6 17 19</runs>
            <runs>0 62 18 32 9 12 21</runs>
            <runs>0 61 18 34 8 12 21</runs>
            <runs>0 60 17 14 1 1 2 19 3 16 21</runs>
            <runs>0 59 18 12 14 11 3 16 21</runs>
            <runs>0 58 19 10 17 11 2 16 21</runs>
            <runs>0 57 20 10 20 9 1 16 22</runs>
            <runs>0 56 16 13 23 8 1 16 22</runs>
            <runs>0 56 16 12 10 12 4 23 16 2 4</runs>
            <runs>0 52 18 13 9 15 4 23 15 2 4</runs>
            <runs>0 52 18 11 10 18 3 22 14 4 3</runs>
            <runs>0 52 17 11 10 20 2 24 11 5 3</runs>
            <runs>0 29 13 8 18 11 10 48 8 7 3</runs>
            <runs>0 23 24 2 18 11 10 64 2</runs>
            <runs>0 20 47 11 10 64 2</runs>
            <runs>0 17 52 5 14 63 3</runs>
            <runs>0 16 28 1 43 63 3</runs>
            <runs>0 14 22 5 1 6 42 1 7 52 4</runs>
            <runs>0 13 20 14 16 5 31 51 3</runs>
            <runs>0 11 17 19 15 12 34 2 2 37 3</runs>
            <runs>0 10 16 20 16 12 13 3 31 4 1 22 3</runs>
            <runs>0 9 15 21 15 14 12 9 28 1 8 1 1 11 6</runs>
            <runs>0 7 15 22 15 15 12 18 46</runs>
            <runs>0 6 14 23 15 16 12 28 35</runs>
            <runs>0 5 13 24 15 17 12 30 8 2 1 2 18</runs>
            <runs>0 4 13 23 15 19 12 30 2 18 8</runs>
            <runs>0 3 12 25 15 19 12 30 2</runs>
            <runs>0 2 12 25 16 19 12 29 3</runs>
            <runs>0 1 12 24 18 19 12 29 3</runs>
            <runs>13 22 15 24 13 27 4</runs>
            <runs>12 19 19 24 14 26 4</runs>
            <runs>0 2 9 19 19 25 14 25 3</runs>
            <runs>0 4 7 2 2 13 20 26 15 22 5</runs>
            <runs>0 6 39 33 12 20 5</runs>
            <runs>0 8 34 37 13 17 6</runs>
            <runs>0 10 30 40 13 14 7</runs>
            <runs>0 17 18 46 17 7 8</runs>
            <runs>0 81 20 3 9</runs>
            <runs>0 83 29</runs>
            <runs>0 85 25</runs>
            <runs>0 86 1 1 21</runs>
            <runs>0 90 15</runs>
            <runs>0 92 12</runs>
        </run-table>
    </sample>
    <sample shape="G_CLEF" interline="22" pitch="0.5" left="177" top="2926" id="463">
        <run-table orientation="VERTICAL" width="56" height="157">
            <runs>0 89 3 1 8</runs>
            <runs>0 82 22</runs>
            <runs>0 76 30</runs>
            <runs>0 75 32</runs>
            <runs>0 74 36</runs>
            <runs>0 74 37</runs>
            <runs>0 72 40</runs>
            <runs>0 71 42</runs>
            <runs>0 69 24 5 17 27 2</runs>
            <runs>0 68 23 11 1 2 10 23 10</runs>
            <runs>0 66 21 21 9 20 12</runs>
            <runs>0 65 20 24 8 18 16</runs>
            <runs>0 64 19 28 6 18 17</runs>
            <runs>0 63 18 31 6 16 19</runs>
            <runs>0 62 18 33 9 11 20</runs>
            <runs>0 61 19 14 1 19 8 11 21</runs>
            <runs>0 60 19 14 9 13 7 11 21</runs>
            <runs>0 59 20 11 15 10 8 10 21</runs>
            <runs>0 55 20 13 19 9 7 10 22</runs>
            <runs>0 55 19 12 22 25 22</runs>
            <runs>0 55 18 11 28 21 22</runs>
            <runs>0 55 17 11 12 7 1 4 6 21 21</runs>
            <runs>0 55 16 11 11 15 5 21 17 1 3</runs>
            <runs>0 26 17 11 15 11 13 16 6 20 14 3 5</runs>
            <runs>0 22 26 5 15 12 11 20 1 24 13 3 3</runs>
            <runs>0 20 48 8 15 27 7 11 11 4 4</runs>
            <runs>0 18 50 8 15 27 6 14 7 6 4</runs>
            <runs>0 17 25 1 28 1 1 3 13 29 6 28 3</runs>
            <runs>0 15 21 13 39 30 6 27 4</runs>
            <runs>0 13 17 19 39 30 7 26 4</runs>
            <runs>0 11 16 21 15 8 20 2 1 1 3 4 1 15 7 26 6</runs>
            <runs>0 10 15 22 16 12 30 13 7 25 7</runs>
            <runs>0 9 14 23 16 14 35 6 6 26 7</runs>
            <runs>0 8 13 24 16 15 17 2 1 1 27 24 6</runs>
            <runs>0 6 14 24 15 17 12 10 27 22 5</runs>
            <runs>0 5 13 25 16 17 11 22 20 1 5 9 7</runs>
            <runs>0 3 15 23 17 18 11 28 36</runs>
            <runs>0 2 15 23 17 19 10 30 32</runs>
            <runs>0 1 14 24 18 19 10 30 7 1 1 2 3 3 14</runs>
            <runs>14 24 19 19 10 30 6 2 1 15 4</runs>
            <runs>13 20 20 23 10 30 6 2 1</runs>
            <runs>0 1 12 19 19 25 10 30 7</runs>
            <runs>0 3 9 17 21 27 11 27 3</runs>
            <runs>0 5 9 4 3 5 23 28 11 27 3</runs>
            <runs>0 8 38 31 12 25 4</runs>
            <runs>0 10 34 33 13 23 4</runs>
            <runs>0 12 29 36 14 21 5</runs>
            <runs>0 16 2 1 20 42 13 16 6</runs>
            <runs>0 82 14 12 7</runs>
            <runs>0 82 33</runs>
            <runs>0 83 31</runs>
            <runs>0 84 30</runs>
            <runs>0 86 25</runs>
            <runs>0 87 23</runs>
            <runs>0 90 16</runs>
            <runs>0 92 1 8 2</runs>
        </run-table>
    </sample>
    <sample shape="F_CLEF" interline="22" pitch="-1.4" left="186" top="513" id="370">
        <run-table orientation="VERTICAL" width="58" height="69">
            <runs>0 62 7</runs>
            <runs>0 10 15 37 7</runs>
            <runs>0 9 16 37 7</runs>
            <runs>0 8 8 1 9 35 8</runs>
            <runs>0 6 6 7 8 34 7</runs>
            <runs>0 5 5 9 8 34 7</runs>
            <runs>0 4 4 10 10 32 5</runs>
            <runs>0 4 3 10 11 32 4</runs>
            <runs>0 3 3 11 12 31 4</runs>
            <runs>0 3 2 11 13 30 5</runs>
            <runs>0 3 1 12 13 30 4</runs>
            <runs>0 16 13 29 4</runs>
            <runs>0 16 12 30 4</runs>
            <runs>0 16 12 29 5</runs>
            <runs>0 16 11 30 4</runs>
            <runs>0 16 11 29 5</runs>
            <runs>0 17 9 29 6</runs>
            <runs>0 18 3 34 5</runs>
            <runs>0 54 6</runs>
            <runs>0 53 6</runs>
            <runs>0 52 7</runs>
            <runs>0 51 7</runs>
            <runs>0 50 7</runs>
            <runs>0 49 8</runs>
            <runs>0 48 8</runs>
            <runs>0 45 12</runs>
            <runs>0 3 1 40 12</runs>
            <runs>0 3 2 39 11</runs>
            <runs>0 3 3 38 10</runs>
            <runs>7 34 12</runs>
            <runs>8 31 13</runs>
            <runs>10 26 16</runs>
            <runs>12 21 18</runs>
            <runs>0 4 10 13 22</runs>
            <runs>0 4 16 1 27</runs>
            <runs>0 5 42</runs>
            <runs>0 5 41</runs>
            <runs>0 6 40</runs>
            <runs>0 7 39</runs>
            <runs>0 7 34</runs>
            <runs>0 8 32</runs>
            <runs>0 9 29</runs>
            <runs>0 10 26</runs>
            <runs>0 13 21</runs>
            <runs>0 15 17</runs>
            <runs></runs>
            <runs></runs>
            <runs></runs>
            <runs>0 30 6</runs>
            <runs>0 9 6 14 8</runs>
            <runs>0 8 9 11 10</runs>
            <runs>0 8 9 11 10</runs>
            <runs>0 7 10 11 10</runs>
            <runs>0 8 9 11 10</runs>
            <runs>0 8 9 11 10</runs>
            <runs>0 9 8 12 8</runs>
            <runs>0 10 6 14 6</runs>
            <runs>0 13 1 1 1</runs>
        </run-table>
    </sample>
    <sample shape="F_CLEF" interline="22" pitch="-1.5" left="175" top="1537" id="400">
        <run-table orientation="VERTICAL" width="65" height="65">
            <runs>0 64 1</runs>
            <runs>0 63 2</runs>
            <runs>0 63 2</runs>
            <runs>0 63 2</runs>
            <runs>0 62 3</runs>
            <runs>0 62 3</runs>
            <runs>0 62 3</runs>
            <runs>0 61 4</runs>
            <runs>0 12 1 1 6 42 3</runs>
            <runs>0 10 15 37 3</runs>
            <runs>0 8 17 37 3</runs>
            <runs>0 6 6 7 6 36 4</runs>
            <runs>0 5 5 9 7 35 3</runs>
            <runs>0 5 4 9 9 34 3</runs>
            <runs>0 4 4 9 11 32 4</runs>
            <runs>0 4 2 10 12 32 3</runs>
            <runs>0 4 1 11 12 31 4</runs>
            <runs>0 15 14 30 4</runs>
            <runs>0 15 14 29 4</runs>
            <runs>0 15 14 29 4</runs>
            <runs>0 15 13 29 4</runs>
            <runs>0 15 13 29 4</runs>
            <runs>0 16 11 29 4</runs>
            <runs>0 17 10 28 5</runs>
            <runs>0 18 8 28 5</runs>
            <runs>0 19 3 32 5</runs>
            <runs>0 53 6</runs>
            <runs>0 53 5</runs>
            <runs>0 52 5</runs>
            <runs>0 51 6</runs>
            <runs>0 50 6</runs>
            <runs>0 48 7</runs>
            <runs>0 47 8</runs>
            <runs>0 3 1 40 10</runs>
            <runs>0 3 2 38 10</runs>
            <runs>0 3 3 36 11</runs>
            <runs>7 34 11</runs>
            <runs>8 31 12</runs>
            <runs>9 28 13</runs>
            <runs>12 25 12</runs>
            <runs>14 19 15</runs>
            <runs>18 13 16</runs>
            <runs>46</runs>
            <runs>0 4 42</runs>
            <runs>0 4 42</runs>
            <runs>0 5 42</runs>
            <runs>0 8 34</runs>
            <runs>0 9 32</runs>
            <runs>0 10 28</runs>
            <runs>0 11 26</runs>
            <runs>0 13 24</runs>
            <runs>0 14 21</runs>
            <runs>0 20 9</runs>
            <runs></runs>
            <runs></runs>
            <runs></runs>
            <runs>0 11 5 16 2</runs>
            <runs>0 10 7 14 5</runs>
            <runs>0 9 8 13 7</runs>
            <runs>0 9 9 11 9</runs>
            <runs>0 9 8 12 9</runs>
            <runs>0 9 8 13 7</runs>
            <runs>0 10 7 13 7</runs>
            <runs>0 11 5 14 7</runs>
            <runs>0 13 2 16 5</runs>
        </run-table>
    </sample>
    <sample shape="F_CLEF" interline="22" pitch="-1.4" left="175" top="3169" id="471">
        <run-table orientation="VERTICAL" width="64" height="69">
            <runs>0 63 2</runs>
            <runs>0 64 1</runs>
            <runs>0 63 2</runs>
            <runs>0 63 2</runs>
            <runs>0 63 2</runs>
            <runs>0 63 2</runs>
            <runs>0 62 7</runs>
            <runs>0 13 12 37 7</runs>
            <runs>0 11 14 37 3</runs>
            <runs>0 9 17 36 3</runs>
            <runs>0 8 5 5 8 35 7</runs>
            <runs>0 6 5 8 9 33 7</runs>
            <runs>0 5 4 9 10 33 3</runs>
            <runs>0 1 7 9 12 31 4</runs>
            <runs>0 4 3 10 12 31 4</runs>
            <runs>0 4 2 10 13 30 5</runs>
            <runs>0 4 1 11 13 30 4</runs>
            <runs>0 4 1 11 14 28 5</runs>
            <runs>0 16 13 29 4</runs>
            <runs>0 16 13 28 5</runs>
            <runs>0 16 13 28 5</runs>
            <runs>0 17 12 27 5</runs>
            <runs>0 17 11 27 6</runs>
            <runs>0 18 9 28 5</runs>
            <runs>0 20 2 32 6</runs>
            <runs>0 53 6</runs>
            <runs>0 52 7</runs>
            <runs>0 50 8</runs>
            <runs>0 49 8</runs>
            <runs>0 49 8</runs>
            <runs>0 43 13</runs>
            <runs>0 4 1 39 12</runs>
            <runs>0 4 1 39 10</runs>
            <runs>0 4 2 37 11</runs>
            <runs>0 4 3 35 11</runs>
            <runs>0 1 7 32 13</runs>
            <runs>0 1 8 29 14</runs>
            <runs>9 27 15</runs>
            <runs>10 25 16</runs>
            <runs>0 1 15 18 16</runs>
            <runs>0 5 16 2 26</runs>
            <runs>0 6 42</runs>
            <runs>0 6 42</runs>
            <runs>0 7 40</runs>
            <runs>0 6 41</runs>
            <runs>0 9 33</runs>
            <runs>0 10 31</runs>
            <runs>0 10 29</runs>
            <runs>0 11 26</runs>
            <runs>0 12 1 1 21</runs>
            <runs>0 18 16</runs>
            <runs>0 22 9</runs>
            <runs></runs>
            <runs></runs>
            <runs>0 35 2</runs>
            <runs>0 12 6 14 6</runs>
            <runs>0 11 7 13 8</runs>
            <runs>0 11 8 12 8</runs>
            <runs>0 11 8 12 8</runs>
            <runs>0 11 8 12 8</runs>
            <runs>0 11 8 12 8</runs>
            <runs>0 11 7 13 7</runs>
            <runs>0 12 6 13 5</runs>
            <runs>0 14 2 16 3</runs>
        </run-table>
    </sample>
    <sample shape="SHARP" interline="22" pitch="-0.1" left="262" top="2662" id="456">
        <run-table orientation="VERTICAL" width="24" height="65">
            <runs>0 23 6 14 7</runs>
            <runs>0 21 8 14 12</runs>
            <runs>0 21 9 14 8</runs>
            <runs>0 21 9 13 8</runs>
            <runs>0 20 10 5 3 1 1 3 8</runs>
            <runs>0 8 7 5 31 9 5</runs>
            <runs>0 7 58</runs>
            <runs>0 7 20 7 2 1 23</runs>
            <runs>0 15 1 1 10 13 10</runs>
            <runs>0 18 8 14 8</runs>
            <runs>0 18 7 15 8</runs>
            <runs>0 17 8 14 8</runs>
            <runs>0 17 8 14 8</runs>
            <runs>0 16 8 14 9</runs>
            <runs>0 16 8 13 9</runs>
            <runs>0 15 9 12 10</runs>
            <runs>0 1 4 1 7 1 13 3 16</runs>
            <runs>58</runs>
            <runs>23 8 15 3 9</runs>
            <runs>0 9 13 13 8</runs>
            <runs>0 10 11 14 7</runs>
            <runs>0 10 10 15 6</runs>
            <runs>0 10 10 15 6</runs>
            <runs>0 9 10</runs>
        </run-table>
    </sample>
</samples>
