<?xml version="1.0" encoding="UTF-8" standalone="yes"?>
<samples sheet-name="IMSLP00080#9">
    <sample shape="C_CLEF" interline="15" pitch="-0.3" left="287" top="1174" id="810">
        <run-table orientation="VERTICAL" width="41" height="66">
            <runs>0 13 1</runs>
            <runs>0 6 3 3 10</runs>
            <runs>0 3 35 6 7</runs>
            <runs>0 2 63</runs>
            <runs>0 1 65</runs>
            <runs>0 1 64</runs>
            <runs>0 1 64</runs>
            <runs>0 2 63</runs>
            <runs>0 2 63</runs>
            <runs>0 2 63</runs>
            <runs>0 2 63</runs>
            <runs>0 2 63</runs>
            <runs>0 11 2 2 9 4 14 15 8</runs>
            <runs>0 30 8</runs>
            <runs>0 29 10</runs>
            <runs>0 9 1 18 11</runs>
            <runs>0 3 9 15 13</runs>
            <runs>0 2 11 13 15 14 4</runs>
            <runs>0 2 11 12 17 11 12</runs>
            <runs>0 1 12 12 17 11 12</runs>
            <runs>0 1 12 11 18 11 11</runs>
            <runs>0 1 12 10 20 10 11</runs>
            <runs>13 9 22 9 12</runs>
            <runs>0 1 11 6 27 8 6</runs>
            <runs>7 15 9 1 13</runs>
            <runs>0 1 6 17 6 2 13</runs>
            <runs>0 1 6 17 7 1 10</runs>
            <runs>0 1 6 18 6 1 8</runs>
            <runs>0 1 6 18 6 1 7</runs>
            <runs>0 1 6 18 6</runs>
            <runs>0 2 5 17 7</runs>
            <runs>0 3 8 12 8</runs>
            <runs>0 3 27</runs>
            <runs>0 3 27 3 8 13 11</runs>
            <runs>0 4 25 4 32</runs>
            <runs>0 4 25 4 32</runs>
            <runs>0 4 25 4 32</runs>
            <runs>0 9 16 13 27</runs>
            <runs>0 13 10 16 20</runs>
            <runs>0 41 16</runs>
            <runs>0 45 7</runs>
        </run-table>
    </sample>
    <sample shape="C_CLEF" interline="15" left="290" top="2922" id="0">
        <run-table orientation="VERTICAL" width="38" height="64">
            <runs>0 14 12 2 10 2 23</runs>
            <runs>63</runs>
            <runs>63</runs>
            <runs>63</runs>
            <runs>63</runs>
            <runs>63</runs>
            <runs>63</runs>
            <runs>63</runs>
            <runs>0 1 62</runs>
            <runs>0 1 62</runs>
            <runs>0 1 23 2 12</runs>
            <runs>0 28 9</runs>
            <runs>0 28 10</runs>
            <runs>0 27 11</runs>
            <runs>0 2 9 15 13 14 10</runs>
            <runs>0 2 10 13 14 12 12</runs>
            <runs>0 1 12 11 16 11 12</runs>
            <runs>0 1 11 12 16 11 12</runs>
            <runs>0 1 12 10 17 11 12</runs>
            <runs>13 9 19 10 12</runs>
            <runs>12 9 21 10 11</runs>
            <runs>12 8 10 1 18</runs>
            <runs>9 8 13 1 18</runs>
            <runs>0 21 9 1 12</runs>
            <runs>0 24 6 1 9</runs>
            <runs>0 24 6 2 7</runs>
            <runs>0 24 6 2 6</runs>
            <runs>0 24 7 1 6</runs>
            <runs>0 5 2 16 8 1 6</runs>
            <runs>0 1 9 12 9 1 6 19 7</runs>
            <runs>0 1 14 1 14 2 8 14 10</runs>
            <runs>0 1 28 3 32</runs>
            <runs>0 2 27 3 32</runs>
            <runs>0 2 25 5 32</runs>
            <runs>0 1 25 6 32</runs>
            <runs>0 1 23 13 19</runs>
            <runs>0 10 12 17 15</runs>
            <runs>0 41 11</runs>
        </run-table>
    </sample>
    <sample shape="FLAT" interline="15" pitch="-3.7" left="359" top="1024" id="880">
        <run-table orientation="VERTICAL" width="15" height="39">
            <runs>26</runs>
            <runs>39</runs>
            <runs>0 3 36</runs>
            <runs>0 19 20</runs>
            <runs>0 19 9 3 7</runs>
            <runs>0 31 7</runs>
            <runs>0 30 9</runs>
            <runs>0 28 5</runs>
            <runs>0 18 15</runs>
            <runs>0 18 14</runs>
            <runs>0 18 13</runs>
            <runs>0 19 11</runs>
            <runs>0 19 10</runs>
            <runs>0 19 10</runs>
            <runs>0 20 8</runs>
        </run-table>
    </sample>
    <sample shape="FLAT" interline="15" pitch="-1.0" left="349" top="2634" id="1051">
        <run-table orientation="VERTICAL" width="15" height="43">
            <runs>26</runs>
            <runs>37</runs>
            <runs>9 4 30</runs>
            <runs>8 12 2 2 18</runs>
            <runs>0 24 9 4 4</runs>
            <runs>0 23 5 8 4</runs>
            <runs>0 23 4 2 9</runs>
            <runs>0 22 6 1 8</runs>
            <runs>0 22 15</runs>
            <runs>0 22 14</runs>
            <runs>0 23 13</runs>
            <runs>0 23 12</runs>
            <runs>0 24 10</runs>
            <runs>0 25 9</runs>
            <runs>0 27 2</runs>
        </run-table>
    </sample>
</samples>
