<?xml version="1.0" encoding="UTF-8" standalone="yes"?>
<samples sheet-name="IMSLP00080#9">
    <sample shape="G_CLEF" interline="15" pitch="0.3" left="285" top="234" id="774">
        <run-table orientation="VERTICAL" width="42" height="105">
            <runs>0 58 5</runs>
            <runs>0 50 19</runs>
            <runs>0 50 19</runs>
            <runs>0 48 22</runs>
            <runs>0 47 25</runs>
            <runs>0 45 29 14 9</runs>
            <runs>0 43 31 14 11</runs>
            <runs>0 37 38 12 13</runs>
            <runs>0 37 21 7 12 9 16</runs>
            <runs>0 37 19 15 7 8 17</runs>
            <runs>0 36 19 17 6 7 18</runs>
            <runs>0 36 19 18 6 6 19</runs>
            <runs>0 36 19 19 5 6 19</runs>
            <runs>0 33 22 5 10 5 8 2 19</runs>
            <runs>0 32 23 2 14 5 7 2 20</runs>
            <runs>0 31 42 4 2 7 19</runs>
            <runs>0 31 18 1 24 3 2 7 13 1 5</runs>
            <runs>0 30 18 2 24 4 1 8 10 3 5</runs>
            <runs>0 18 28 4 13 2 8 15 8 4 5</runs>
            <runs>0 14 31 4 13 21 1 8 3 5 4</runs>
            <runs>0 12 34 2 13 22 2 15 4</runs>
            <runs>0 10 50 23 2 15 4</runs>
            <runs>0 9 51 23 2 15 4</runs>
            <runs>0 7 12 4 38 22 2 14 5</runs>
            <runs>0 7 10 6 19 3 25 13 2 13 5</runs>
            <runs>0 6 10 7 19 5 27 4 7 11 7</runs>
            <runs>0 5 9 8 20 5 13 2 23 10 7</runs>
            <runs>0 4 9 9 13 13 11 7 21 6 6</runs>
            <runs>0 3 9 9 13 14 11 17 23</runs>
            <runs>0 1 10 8 14 15 11 17 22</runs>
            <runs>0 1 10 7 14 16 11 17 8 1 7</runs>
            <runs>10 6 14 19 11 16 3</runs>
            <runs>0 1 10 3 15 20 12 15 3</runs>
            <runs>0 2 26 22 12 12 4</runs>
            <runs>0 4 23 24 13 7 7</runs>
            <runs>0 7 20 24 26</runs>
            <runs>0 10 11 30 25</runs>
            <runs>0 51 24</runs>
            <runs>0 51 23</runs>
            <runs>0 51 22</runs>
            <runs>0 51 20</runs>
            <runs>0 58 12</runs>
        </run-table>
    </sample>
    <sample shape="G_CLEF" interline="15" pitch="0.4" left="290" top="408" id="776">
        <run-table orientation="VERTICAL" width="41" height="103">
            <runs>0 50 11</runs>
            <runs>0 49 20</runs>
            <runs>0 46 23</runs>
            <runs>0 44 26 18 7</runs>
            <runs>0 42 30 14 10</runs>
            <runs>0 37 36 12 13</runs>
            <runs>0 37 25 2 10 11 14</runs>
            <runs>0 37 24 4 10 9 16</runs>
            <runs>0 36 21 8 11 8 17</runs>
            <runs>0 36 18 16 6 4 22</runs>
            <runs>0 35 19 17 6 3 22</runs>
            <runs>0 34 20 19 4 3 22</runs>
            <runs>0 33 22 3 11 5 4 2 22</runs>
            <runs>0 32 17 1 19 6 3 2 23</runs>
            <runs>0 31 17 2 21 5 2 2 23</runs>
            <runs>0 30 16 4 22 4 3 1 16 2 5</runs>
            <runs>0 29 17 3 14 1 8 4 8 1 10 4 4</runs>
            <runs>0 28 17 3 13 4 7 4 8 3 6 6 4</runs>
            <runs>0 16 2 3 23 4 12 17 7 14 5</runs>
            <runs>0 13 32 2 12 18 7 14 4</runs>
            <runs>0 12 47 18 6 15 4</runs>
            <runs>0 8 13 1 36 19 7 14 4</runs>
            <runs>0 7 10 5 39 16 7 13 4</runs>
            <runs>0 6 10 6 19 2 27 7 7 12 4</runs>
            <runs>0 5 10 7 18 5 28 3 8 11 5</runs>
            <runs>0 4 9 8 14 11 12 4 24 5 8</runs>
            <runs>0 3 9 8 14 12 11 8 33</runs>
            <runs>0 2 9 9 14 12 11 8 31</runs>
            <runs>0 1 9 9 14 13 11 18 19</runs>
            <runs>0 1 9 7 14 15 12 17 3 1 11</runs>
            <runs>9 6 15 17 11 16 3</runs>
            <runs>9 4 15 19 12 14 4</runs>
            <runs>0 1 26 20 13 12 4</runs>
            <runs>0 2 24 22 14 3 11</runs>
            <runs>0 5 21 22 27</runs>
            <runs>0 9 8 32 25</runs>
            <runs>0 50 23</runs>
            <runs>0 51 21</runs>
            <runs>0 51 20</runs>
            <runs>0 51 19</runs>
            <runs>0 57 12</runs>
        </run-table>
    </sample>
    <sample shape="G_CLEF" interline="15" pitch="0.7" left="289" top="566" id="778">
        <run-table orientation="VERTICAL" width="42" height="103">
            <runs>0 55 3</runs>
            <runs>0 47 18</runs>
            <runs>0 46 21</runs>
            <runs>0 45 24</runs>
            <runs>0 44 27</runs>
            <runs>0 42 30 16 9</runs>
            <runs>0 41 32 12 14</runs>
            <runs>0 39 20 2 13 10 16</runs>
            <runs>0 38 20 3 19 3 18</runs>
            <runs>0 33 23 12 12 3 18</runs>
            <runs>0 33 21 16 10 3 19</runs>
            <runs>0 33 20 18 9 2 20</runs>
            <runs>0 33 19 20 8 2 20</runs>
            <runs>0 33 18 9 7 6 7 2 21</runs>
            <runs>0 32 19 3 15 14 20</runs>
            <runs>0 31 41 11 20</runs>
            <runs>0 29 18 1 24 11 20</runs>
            <runs>0 17 29 2 24 12 13 2 4</runs>
            <runs>0 13 32 3 18 4 1 14 10 4 4</runs>
            <runs>0 11 33 4 18 22 4 7 4</runs>
            <runs>0 10 35 1 13 40 4</runs>
            <runs>0 9 49 40 5</runs>
            <runs>0 6 52 40 4</runs>
            <runs>0 5 10 4 18 6 23 32 4</runs>
            <runs>0 4 11 4 18 9 22 29 5</runs>
            <runs>0 3 10 6 18 9 35 15 6</runs>
            <runs>0 2 10 7 18 9 12 4 20 12 7</runs>
            <runs>0 2 9 7 19 10 11 4 38</runs>
            <runs>10 8 19 11 10 13 27</runs>
            <runs>10 7 14 17 10 16 21</runs>
            <runs>9 7 14 18 11 16 7 2 5 2 1</runs>
            <runs>9 5 14 20 11 15 7</runs>
            <runs>0 2 9 2 13 22 12 13 8</runs>
            <runs>0 3 9 1 11 25 12 12 7</runs>
            <runs>0 7 5 1 10 26 18 4 9</runs>
            <runs>0 49 31</runs>
            <runs>0 49 27</runs>
            <runs>0 48 25</runs>
            <runs>0 48 24</runs>
            <runs>0 54 17</runs>
            <runs>0 56 13</runs>
            <runs>0 60 2</runs>
        </run-table>
    </sample>
    <sample shape="G_CLEF" interline="15" pitch="0.3" left="287" top="895" id="802">
        <run-table orientation="VERTICAL" width="41" height="104">
            <runs>0 48 18</runs>
            <runs>0 47 19</runs>
            <runs>0 46 24</runs>
            <runs>0 45 26 19 4</runs>
            <runs>0 44 29 15 9</runs>
            <runs>0 42 32 13 11</runs>
            <runs>0 39 36 11 14</runs>
            <runs>0 33 26 10 11 6 16</runs>
            <runs>0 33 23 15 9 5 17</runs>
            <runs>0 33 21 18 9 4 17</runs>
            <runs>0 33 20 20 8 4 17</runs>
            <runs>0 33 19 33 18</runs>
            <runs>0 33 19 7 8 18 18</runs>
            <runs>0 31 21 6 10 17 18</runs>
            <runs>0 30 41 15 12 2 4</runs>
            <runs>0 30 42 14 12 2 4</runs>
            <runs>0 28 45 13 11 3 4</runs>
            <runs>0 15 31 2 18 5 3 14 8 4 4</runs>
            <runs>0 12 33 3 13 39 3</runs>
            <runs>0 9 36 2 13 40 3</runs>
            <runs>0 8 52 40 3</runs>
            <runs>0 7 52 41 2</runs>
            <runs>0 6 11 2 42 38 3</runs>
            <runs>0 5 10 4 20 7 21 32 2</runs>
            <runs>0 4 9 6 20 8 26 23 5</runs>
            <runs>0 3 9 7 20 8 12 4 19 12 5</runs>
            <runs>0 2 10 7 20 8 12 11 17 3 8</runs>
            <runs>0 1 10 8 20 8 12 16 23</runs>
            <runs>10 7 16 14 12 17 20</runs>
            <runs>10 6 15 17 11 17 7</runs>
            <runs>11 3 16 18 11 14 9</runs>
            <runs>27 21 12 13 8</runs>
            <runs>26 22 18 6 10</runs>
            <runs>0 2 22 24 19 3 12</runs>
            <runs>0 6 17 25 33</runs>
            <runs>0 15 8 26 27</runs>
            <runs>0 49 26</runs>
            <runs>0 49 25</runs>
            <runs>0 49 23</runs>
            <runs>0 55 16</runs>
            <runs>0 58 10</runs>
        </run-table>
    </sample>
    <sample shape="G_CLEF" interline="15" pitch="0.7" left="289" top="1025" id="804">
        <run-table orientation="VERTICAL" width="41" height="103">
            <runs>0 47 18</runs>
            <runs>0 46 22</runs>
            <runs>0 46 24 21 3</runs>
            <runs>0 45 26 16 10</runs>
            <runs>0 42 30 14 13</runs>
            <runs>0 41 33 12 14</runs>
            <runs>0 39 26 2 12 5 17</runs>
            <runs>0 38 18 12 11 5 17</runs>
            <runs>0 37 18 15 9 5 18</runs>
            <runs>0 32 22 17 8 5 18</runs>
            <runs>0 32 20 21 1 10 19</runs>
            <runs>0 32 20 31 20</runs>
            <runs>0 32 19 6 10 17 19</runs>
            <runs>0 31 19 4 15 15 19</runs>
            <runs>0 31 20 2 19 13 13 1 4</runs>
            <runs>0 30 42 14 11 2 4</runs>
            <runs>0 29 36 5 2 16 7 4 4</runs>
            <runs>0 16 30 1 18 34 4</runs>
            <runs>0 14 31 2 13 39 4</runs>
            <runs>0 11 49 39 4</runs>
            <runs>0 10 55 33 5</runs>
            <runs>0 8 57 33 4</runs>
            <runs>0 6 60 31 5</runs>
            <runs>0 5 11 1 22 4 25 28 5</runs>
            <runs>0 5 10 4 19 8 36 13 5</runs>
            <runs>0 4 10 5 19 9 12 1 29 1 10</runs>
            <runs>0 2 11 5 20 9 12 12 27</runs>
            <runs>0 2 10 6 20 9 12 16 22</runs>
            <runs>0 1 10 7 20 9 12 16 21</runs>
            <runs>0 1 9 7 21 9 12 16 6</runs>
            <runs>10 5 15 17 13 14 7</runs>
            <runs>11 2 16 18 19 7 8</runs>
            <runs>0 1 26 21 18 6 9</runs>
            <runs>0 2 23 23 33</runs>
            <runs>0 4 19 25 33</runs>
            <runs>0 10 13 25 27</runs>
            <runs>0 48 26</runs>
            <runs>0 48 24</runs>
            <runs>0 54 17</runs>
            <runs>0 56 14</runs>
            <runs>0 58 8</runs>
        </run-table>
    </sample>
    <sample shape="G_CLEF" interline="15" pitch="0.2" left="291" top="1552" id="911">
        <run-table orientation="VERTICAL" width="40" height="102">
            <runs>0 46 20</runs>
            <runs>0 46 21</runs>
            <runs>0 45 23 19 7</runs>
            <runs>0 43 26 16 10</runs>
            <runs>0 41 29 14 13</runs>
            <runs>0 40 31 13 15</runs>
            <runs>0 39 33 11 16</runs>
            <runs>0 33 23 11 7 9 17</runs>
            <runs>0 33 22 15 9 4 17</runs>
            <runs>0 33 20 18 8 4 18</runs>
            <runs>0 33 19 21 6 4 18</runs>
            <runs>0 32 19 22 7 3 18</runs>
            <runs>0 31 20 6 8 18 13 1 5</runs>
            <runs>0 31 20 3 11 18 12 3 4</runs>
            <runs>0 31 20 2 12 19 10 4 4</runs>
            <runs>0 30 21 1 13 21 7 5 4</runs>
            <runs>0 29 16 1 19 33 4</runs>
            <runs>0 28 16 3 12 39 4</runs>
            <runs>0 27 15 5 11 40 4</runs>
            <runs>0 26 15 6 11 40 3</runs>
            <runs>0 13 28 6 10 40 4</runs>
            <runs>0 10 48 39 4</runs>
            <runs>0 9 13 1 35 38 4</runs>
            <runs>0 7 15 1 14 7 15 36 4</runs>
            <runs>0 6 10 2 18 9 14 34 5</runs>
            <runs>0 5 9 4 18 10 13 15 9 4 3 1 6</runs>
            <runs>0 3 10 5 18 10 10 18 16 1 4</runs>
            <runs>0 2 10 6 18 10 11 18 15</runs>
            <runs>0 2 9 7 18 10 11</runs>
            <runs>0 1 9 7 19 10 11</runs>
            <runs>9 7 15 16 11</runs>
            <runs>9 7 13 18 12 15 2</runs>
            <runs>9 6 13 19 18 7 8</runs>
            <runs>9 4 13 21 18 4 11</runs>
            <runs>25 22 33</runs>
            <runs>0 2 21 24 27</runs>
            <runs>0 5 18 24 26</runs>
            <runs>0 47 24</runs>
            <runs>0 53 17</runs>
            <runs>0 56 12</runs>
        </run-table>
    </sample>
    <sample shape="G_CLEF" interline="15" pitch="-0.7" left="292" top="1715" id="915">
        <run-table orientation="VERTICAL" width="42" height="81">
            <runs>0 48 18</runs>
            <runs>0 47 20</runs>
            <runs>0 46 24</runs>
            <runs>0 44 27</runs>
            <runs>0 43 30</runs>
            <runs>0 41 33</runs>
            <runs>0 39 36</runs>
            <runs>0 38 42</runs>
            <runs>0 33 26 10 11</runs>
            <runs>0 33 23 14 10</runs>
            <runs>0 33 21 18 8</runs>
            <runs>0 33 19 21 7</runs>
            <runs>0 33 18 7 9</runs>
            <runs>0 33 18 6 13</runs>
            <runs>0 32 20 1 18</runs>
            <runs>0 31 42</runs>
            <runs>0 30 43</runs>
            <runs>0 29 17 1 19</runs>
            <runs>0 28 17 2 19</runs>
            <runs>0 26 18 3 13</runs>
            <runs>0 16 28 3 13</runs>
            <runs>0 13 47</runs>
            <runs>0 11 50</runs>
            <runs>0 9 14 1 18 1 23</runs>
            <runs>0 7 31 8 20</runs>
            <runs>0 6 11 3 18 9 14</runs>
            <runs>0 5 11 3 19 9 14</runs>
            <runs>0 4 10 5 19 9 12</runs>
            <runs>0 4 9 6 19 9 12</runs>
            <runs>0 1 11 7 19 9 12</runs>
            <runs>11 8 12 17 12</runs>
            <runs>11 5 14 18 13 13 7</runs>
            <runs>11 4 14 19 18 7 7</runs>
            <runs>11 2 15 20 18 6 9</runs>
            <runs>0 1 25 22 19 3 11</runs>
            <runs>0 2 21 25 33</runs>
            <runs>0 6 17 25 27</runs>
            <runs>0 13 3 32 26</runs>
            <runs>0 48 24</runs>
            <runs>0 56 14</runs>
            <runs>0 58 11</runs>
            <runs>0 59 8</runs>
        </run-table>
    </sample>
    <sample shape="G_CLEF" interline="15" pitch="0.7" left="292" top="1854" id="919">
        <run-table orientation="VERTICAL" width="42" height="103">
            <runs>0 55 10</runs>
            <runs>0 46 19</runs>
            <runs>0 46 21 21 6</runs>
            <runs>0 45 24 17 10</runs>
            <runs>0 43 28 14 12</runs>
            <runs>0 42 30 12 15</runs>
            <runs>0 40 33 11 16</runs>
            <runs>0 39 40 4 18</runs>
            <runs>0 38 41 4 18</runs>
            <runs>0 31 26 13 9 4 19</runs>
            <runs>0 31 23 18 7 4 19</runs>
            <runs>0 31 22 30 19</runs>
            <runs>0 31 20 32 20</runs>
            <runs>0 31 20 5 2 2 8 16 13 2 4</runs>
            <runs>0 31 20 4 15 14 12 3 4</runs>
            <runs>0 31 20 2 18 14 10 4 4</runs>
            <runs>0 30 21 1 20 14 8 5 4</runs>
            <runs>0 29 16 1 20 24 2 7 3</runs>
            <runs>0 28 16 2 19 34 3</runs>
            <runs>0 27 16 3 13 40 3</runs>
            <runs>0 15 28 3 12 40 4</runs>
            <runs>0 12 46 40 3</runs>
            <runs>0 10 48 39 3</runs>
            <runs>0 8 59 28 5</runs>
            <runs>0 7 14 1 16 8 36 12 5</runs>
            <runs>0 6 11 1 20 8 41 3 8</runs>
            <runs>0 4 11 3 19 9 51</runs>
            <runs>0 3 11 5 18 10 10 16 21</runs>
            <runs>0 3 9 6 19 10 10 19 9</runs>
            <runs>0 2 9 7 19 10 11</runs>
            <runs>0 1 9 8 19 10 11</runs>
            <runs>10 7 14 16 12</runs>
            <runs>9 7 13 18 19 6 8</runs>
            <runs>10 4 13 20 19 5 9</runs>
            <runs>0 1 9 3 12 22 19 3 11</runs>
            <runs>0 2 8 2 12 23 33</runs>
            <runs>0 4 7 1 10 26 32</runs>
            <runs>0 11 2 34 26</runs>
            <runs>0 52 20</runs>
            <runs>0 54 15</runs>
            <runs>0 56 11</runs>
            <runs>0 57 1</runs>
        </run-table>
    </sample>
    <sample shape="G_CLEF" interline="15" pitch="0.6" left="292" top="2174" id="942">
        <run-table orientation="VERTICAL" width="42" height="103">
            <runs>0 47 18</runs>
            <runs>0 47 18</runs>
            <runs>0 46 23 17 9</runs>
            <runs>0 44 26 14 13</runs>
            <runs>0 42 30 11 15</runs>
            <runs>0 41 32 10 16</runs>
            <runs>0 39 35 8 18</runs>
            <runs>0 38 42 2 18</runs>
            <runs>0 33 23 13 11 2 19</runs>
            <runs>0 33 21 16 10 2 20</runs>
            <runs>0 33 19 20 8 2 20</runs>
            <runs>0 33 19 20 8 2 21</runs>
            <runs>0 33 19 6 9 6 7 2 15 1 5</runs>
            <runs>0 32 20 3 14 14 13 3 3</runs>
            <runs>0 32 20 2 16 15 10 4 3</runs>
            <runs>0 31 41 14 8 5 3</runs>
            <runs>0 30 35 34 3</runs>
            <runs>0 29 16 2 18 34 3</runs>
            <runs>0 28 16 3 13 39 3</runs>
            <runs>0 27 16 4 12 40 3</runs>
            <runs>0 18 25 3 13 39 3</runs>
            <runs>0 14 45 37 4</runs>
            <runs>0 11 54 30 5</runs>
            <runs>0 9 30 2 25 28 5</runs>
            <runs>0 8 14 1 15 8 20 1 19 6 6</runs>
            <runs>0 7 10 2 19 8 20 2 29</runs>
            <runs>0 6 9 4 19 8 14 9 24</runs>
            <runs>0 5 9 5 18 9 12 17 9</runs>
            <runs>0 4 10 4 19 10 11 16 7</runs>
            <runs>0 3 10 5 19 10 11 16 7</runs>
            <runs>0 3 9 6 19 10 12 15 6</runs>
            <runs>0 2 9 7 14 16 18 7 7</runs>
            <runs>0 1 10 6 12 19 19 4 10</runs>
            <runs>10 6 12 20 19 2 12</runs>
            <runs>10 4 11 23 33</runs>
            <runs>24 24 27</runs>
            <runs>0 3 19 26 26</runs>
            <runs>0 8 14 26 25</runs>
            <runs>0 53 19</runs>
            <runs>0 55 15</runs>
            <runs>0 58 9</runs>
            <runs>0 59 1</runs>
        </run-table>
    </sample>
    <sample shape="G_CLEF" interline="15" pitch="0.3" left="291" top="2322" id="946">
        <run-table orientation="VERTICAL" width="41" height="101">
            <runs>0 48 18</runs>
            <runs>0 48 18</runs>
            <runs>0 47 21 19 7</runs>
            <runs>0 45 24 16 11</runs>
            <runs>0 43 29 12 14</runs>
            <runs>0 42 31 11 14</runs>
            <runs>0 39 35 9 16</runs>
            <runs>0 38 18 12 7 8 17</runs>
            <runs>0 33 21 16 10 3 17</runs>
            <runs>0 33 20 19 8 3 17</runs>
            <runs>0 34 19 20 8 2 18</runs>
            <runs>0 34 19 21 7 2 18</runs>
            <runs>0 33 19 7 7 18 12 1 4</runs>
            <runs>0 32 20 4 10 18 11 3 3</runs>
            <runs>0 31 16 1 19 18 9 4 3</runs>
            <runs>0 30 16 2 19 20 6 5 3</runs>
            <runs>0 30 15 4 18 31 3</runs>
            <runs>0 29 15 5 11 38 3</runs>
            <runs>0 28 16 4 11 39 3</runs>
            <runs>0 27 16 5 11 39 2</runs>
            <runs>0 14 30 3 11 39 3</runs>
            <runs>0 12 46 38 3</runs>
            <runs>0 10 51 34 4</runs>
            <runs>0 8 31 7 21 27 5</runs>
            <runs>0 7 9 4 18 9 11 13 10 10 6</runs>
            <runs>0 6 9 4 19 9 11 13 2 2 21</runs>
            <runs>0 4 10 5 19 9 11 17 15 1 3</runs>
            <runs>0 3 9 7 19 9 11 24 2</runs>
            <runs>0 3 8 8 19 10 10</runs>
            <runs>0 2 9 7 14 16 11</runs>
            <runs>0 1 9 7 13 18 11 15 2</runs>
            <runs>9 7 13 19 12 13 8</runs>
            <runs>9 6 12 21 18 5 5</runs>
            <runs>10 3 13 23 26</runs>
            <runs>0 1 24 24 26</runs>
            <runs>0 2 21 26 25</runs>
            <runs>0 7 16 26 24</runs>
            <runs>0 49 23</runs>
            <runs>0 54 16</runs>
            <runs>0 57 10</runs>
            <runs>0 59 7</runs>
        </run-table>
    </sample>
    <sample shape="G_CLEF" interline="15" pitch="0.5" left="289" top="2616" id="969">
        <run-table orientation="VERTICAL" width="41" height="102">
            <runs>0 46 19</runs>
            <runs>0 46 20 20 7</runs>
            <runs>0 46 21 17 11</runs>
            <runs>0 44 25 15 12</runs>
            <runs>0 43 28 12 16</runs>
            <runs>0 41 32 9 17</runs>
            <runs>0 40 34 8 18</runs>
            <runs>0 39 17 10 13 3 18</runs>
            <runs>0 38 16 13 12 3 19</runs>
            <runs>0 37 16 17 9 3 19</runs>
            <runs>0 32 19 21 1 9 19</runs>
            <runs>0 32 19 31 19</runs>
            <runs>0 32 19 6 9 17 13 1 5</runs>
            <runs>0 31 20 4 15 13 12 2 5</runs>
            <runs>0 31 20 1 19 13 10 3 5</runs>
            <runs>0 31 40 14 8 5 4</runs>
            <runs>0 30 37 2 2 17 3 7 4</runs>
            <runs>0 29 36 32 5</runs>
            <runs>0 28 17 1 19 32 5</runs>
            <runs>0 28 15 3 13 37 5</runs>
            <runs>0 27 17 2 12 38 5</runs>
            <runs>0 17 41 37 5</runs>
            <runs>0 13 53 28 6</runs>
            <runs>0 10 72 9 8</runs>
            <runs>0 8 30 3 57</runs>
            <runs>0 7 30 8 51</runs>
            <runs>0 6 31 9 11 14 22</runs>
            <runs>0 5 10 3 19 9 11 18 14</runs>
            <runs>0 4 10 4 19 9 12</runs>
            <runs>0 3 10 5 19 9 12</runs>
            <runs>0 3 9 6 18 11 12</runs>
            <runs>0 2 9 7 18 11 18 8 7</runs>
            <runs>0 1 9 7 13 17 18 6 9</runs>
            <runs>10 6 13 18 18 2 13</runs>
            <runs>9 6 12 20 33</runs>
            <runs>25 22 27</runs>
            <runs>24 23 26</runs>
            <runs>0 2 21 24 25</runs>
            <runs>0 5 16 32 18</runs>
            <runs>0 55 15</runs>
            <runs>0 57 10</runs>
        </run-table>
    </sample>
    <sample shape="G_CLEF" interline="15" pitch="0.5" left="289" top="2760" id="971">
        <run-table orientation="VERTICAL" width="41" height="102">
            <runs>0 47 18</runs>
            <runs>0 47 19 21 8</runs>
            <runs>0 47 21 17 11</runs>
            <runs>0 45 24 15 13</runs>
            <runs>0 43 28 12 15</runs>
            <runs>0 42 31 10 16</runs>
            <runs>0 41 18 9 6 9 17</runs>
            <runs>0 39 16 14 11 3 17</runs>
            <runs>0 33 21 16 10 3 18</runs>
            <runs>0 33 20 19 8 3 18</runs>
            <runs>0 33 19 31 18</runs>
            <runs>0 33 18 32 18</runs>
            <runs>0 32 19 5 11 16 13 1 4</runs>
            <runs>0 32 19 3 16 14 12 2 4</runs>
            <runs>0 31 40 13 11 3 4</runs>
            <runs>0 31 40 15 7 5 4</runs>
            <runs>0 31 35 32 3</runs>
            <runs>0 30 35 33 3</runs>
            <runs>0 29 15 3 13 38 3</runs>
            <runs>0 28 16 3 13 37 4</runs>
            <runs>0 17 42 37 4</runs>
            <runs>0 15 45 36 4</runs>
            <runs>0 12 54 28 5</runs>
            <runs>0 10 71 11 6</runs>
            <runs>0 8 31 6 52</runs>
            <runs>0 8 30 8 13 1 37</runs>
            <runs>0 7 9 2 20 8 12 12 24</runs>
            <runs>0 4 10 5 19 8 12 17 8 4 1</runs>
            <runs>0 3 11 5 18 10 11</runs>
            <runs>0 2 11 5 19 10 11</runs>
            <runs>0 2 9 7 19 10 12</runs>
            <runs>0 1 10 6 13 18 17 8 7</runs>
            <runs>0 1 9 6 13 19 17 6 9</runs>
            <runs>10 5 13 20 18 3 11</runs>
            <runs>12 1 14 21 33</runs>
            <runs>24 24 27</runs>
            <runs>0 1 22 25 26</runs>
            <runs>0 4 19 25 24</runs>
            <runs>0 9 9 35 18</runs>
            <runs>0 55 15</runs>
            <runs>0 58 8</runs>
        </run-table>
    </sample>
    <sample shape="C_CLEF" interline="15" pitch="-0.3" left="287" top="1174" id="810">
        <run-table orientation="VERTICAL" width="41" height="66">
            <runs>0 13 1</runs>
            <runs>0 6 3 3 10</runs>
            <runs>0 3 35 6 7</runs>
            <runs>0 2 63</runs>
            <runs>0 1 65</runs>
            <runs>0 1 64</runs>
            <runs>0 1 64</runs>
            <runs>0 2 63</runs>
            <runs>0 2 63</runs>
            <runs>0 2 63</runs>
            <runs>0 2 63</runs>
            <runs>0 2 63</runs>
            <runs>0 11 2 2 9 4 14 15 8</runs>
            <runs>0 30 8</runs>
            <runs>0 29 10</runs>
            <runs>0 9 1 18 11</runs>
            <runs>0 3 9 15 13</runs>
            <runs>0 2 11 13 15 14 4</runs>
            <runs>0 2 11 12 17 11 12</runs>
            <runs>0 1 12 12 17 11 12</runs>
            <runs>0 1 12 11 18 11 11</runs>
            <runs>0 1 12 10 20 10 11</runs>
            <runs>13 9 22 9 12</runs>
            <runs>0 1 11 6 27 8 6</runs>
            <runs>7 15 9 1 13</runs>
            <runs>0 1 6 17 6 2 13</runs>
            <runs>0 1 6 17 7 1 10</runs>
            <runs>0 1 6 18 6 1 8</runs>
            <runs>0 1 6 18 6 1 7</runs>
            <runs>0 1 6 18 6</runs>
            <runs>0 2 5 17 7</runs>
            <runs>0 3 8 12 8</runs>
            <runs>0 3 27</runs>
            <runs>0 3 27 3 8 13 11</runs>
            <runs>0 4 25 4 32</runs>
            <runs>0 4 25 4 32</runs>
            <runs>0 4 25 4 32</runs>
            <runs>0 9 16 13 27</runs>
            <runs>0 13 10 16 20</runs>
            <runs>0 41 16</runs>
            <runs>0 45 7</runs>
        </run-table>
    </sample>
    <sample shape="C_CLEF" interline="15" left="290" top="2922" id="0">
        <run-table orientation="VERTICAL" width="38" height="64">
            <runs>0 14 12 2 10 2 23</runs>
            <runs>63</runs>
            <runs>63</runs>
            <runs>63</runs>
            <runs>63</runs>
            <runs>63</runs>
            <runs>63</runs>
            <runs>63</runs>
            <runs>0 1 62</runs>
            <runs>0 1 62</runs>
            <runs>0 1 23 2 12</runs>
            <runs>0 28 9</runs>
            <runs>0 28 10</runs>
            <runs>0 27 11</runs>
            <runs>0 2 9 15 13 14 10</runs>
            <runs>0 2 10 13 14 12 12</runs>
            <runs>0 1 12 11 16 11 12</runs>
            <runs>0 1 11 12 16 11 12</runs>
            <runs>0 1 12 10 17 11 12</runs>
            <runs>13 9 19 10 12</runs>
            <runs>12 9 21 10 11</runs>
            <runs>12 8 10 1 18</runs>
            <runs>9 8 13 1 18</runs>
            <runs>0 21 9 1 12</runs>
            <runs>0 24 6 1 9</runs>
            <runs>0 24 6 2 7</runs>
            <runs>0 24 6 2 6</runs>
            <runs>0 24 7 1 6</runs>
            <runs>0 5 2 16 8 1 6</runs>
            <runs>0 1 9 12 9 1 6 19 7</runs>
            <runs>0 1 14 1 14 2 8 14 10</runs>
            <runs>0 1 28 3 32</runs>
            <runs>0 2 27 3 32</runs>
            <runs>0 2 25 5 32</runs>
            <runs>0 1 25 6 32</runs>
            <runs>0 1 23 13 19</runs>
            <runs>0 10 12 17 15</runs>
            <runs>0 41 11</runs>
        </run-table>
    </sample>
    <sample shape="F_CLEF" interline="15" pitch="-1.8" left="292" top="2047" id="932">
        <run-table orientation="VERTICAL" width="44" height="48">
            <runs>0 11 7</runs>
            <runs>0 8 11</runs>
            <runs>0 6 14</runs>
            <runs>0 5 17</runs>
            <runs>0 4 19</runs>
            <runs>0 3 20</runs>
            <runs>0 2 22</runs>
            <runs>0 1 23</runs>
            <runs>0 1 23</runs>
            <runs>0 1 23</runs>
            <runs>0 1 23</runs>
            <runs>0 7 17 17 7</runs>
            <runs>0 8 15 17 8</runs>
            <runs>0 9 13 17 9</runs>
            <runs>0 10 11 17 10</runs>
            <runs>0 11 9 17 11</runs>
            <runs>0 37 11</runs>
            <runs>0 35 13</runs>
            <runs>0 29 14</runs>
            <runs>0 29 13</runs>
            <runs>7 20 14</runs>
            <runs>10 11 19</runs>
            <runs>39</runs>
            <runs>38</runs>
            <runs>0 1 36</runs>
            <runs>0 1 35</runs>
            <runs>0 1 34</runs>
            <runs>0 1 33</runs>
            <runs>0 1 33</runs>
            <runs>0 1 33</runs>
            <runs>0 1 33</runs>
            <runs>0 6 22</runs>
            <runs>0 8 17</runs>
            <runs>0 10 13</runs>
            <runs>0 5 3</runs>
            <runs>0 2 7</runs>
            <runs>0 2 8 10 6</runs>
            <runs>0 2 8 6 10</runs>
            <runs>0 2 9 5 11</runs>
            <runs>0 2 8 6 11</runs>
            <runs>0 2 8 6 11</runs>
            <runs>0 2 7 7 10</runs>
            <runs>0 5 3 8 9</runs>
            <runs>0 16 8</runs>
        </run-table>
    </sample>
    <sample shape="F_CLEF" interline="15" pitch="-1.6" left="288" top="2487" id="956">
        <run-table orientation="VERTICAL" width="48" height="52">
            <runs>0 50 2</runs>
            <runs>0 50 2</runs>
            <runs>0 50 2</runs>
            <runs>0 49 3</runs>
            <runs>0 9 10 29 3</runs>
            <runs>0 7 13 23 8</runs>
            <runs>0 5 17 21 8</runs>
            <runs>0 1 21 21 8</runs>
            <runs>0 1 22 20 7</runs>
            <runs>0 1 22</runs>
            <runs>0 1 22</runs>
            <runs>0 1 23</runs>
            <runs>0 1 23</runs>
            <runs>24</runs>
            <runs>24</runs>
            <runs>0 6 17 17 7</runs>
            <runs>0 7 16 16 8</runs>
            <runs>0 8 15 15 9</runs>
            <runs>0 10 12 15 10</runs>
            <runs>0 12 8 16 11</runs>
            <runs>0 35 12</runs>
            <runs>0 30 12</runs>
            <runs>0 30 11</runs>
            <runs>0 29 12</runs>
            <runs>0 26 14</runs>
            <runs>9 1 1 10 17</runs>
            <runs>37</runs>
            <runs>37</runs>
            <runs>36</runs>
            <runs>0 1 34</runs>
            <runs>0 1 33</runs>
            <runs>0 1 32</runs>
            <runs>0 1 32</runs>
            <runs>0 1 32</runs>
            <runs>0 1 32</runs>
            <runs>0 6 21</runs>
            <runs>0 8 17</runs>
            <runs>0 13 10</runs>
            <runs>0 1 7</runs>
            <runs>0 1 8</runs>
            <runs>0 1 9 10 5</runs>
            <runs>0 1 9 6 10</runs>
            <runs>0 1 9 6 10</runs>
            <runs>0 1 9 5 12</runs>
            <runs>0 1 9 5 11</runs>
            <runs>0 1 8 7 10</runs>
            <runs>0 1 8 6 11</runs>
            <runs>0 21 3</runs>
        </run-table>
    </sample>
    <sample shape="FLAT" interline="15" pitch="-0.6" left="348" top="257" id="837">
        <run-table orientation="VERTICAL" width="14" height="42">
            <runs>34</runs>
            <runs>42</runs>
            <runs>0 23 19</runs>
            <runs>0 23 19</runs>
            <runs>0 23 18</runs>
            <runs>0 22 17</runs>
            <runs>0 22 16</runs>
            <runs>0 21 16</runs>
            <runs>0 21 15</runs>
            <runs>0 21 14</runs>
            <runs>0 22 12</runs>
            <runs>0 22 12</runs>
            <runs>0 23 10</runs>
            <runs>0 24 8</runs>
        </run-table>
    </sample>
    <sample shape="FLAT" interline="15" pitch="-4.0" left="359" top="236" id="838">
        <run-table orientation="VERTICAL" width="17" height="39">
            <runs>0 1 1</runs>
            <runs>19</runs>
            <runs>32</runs>
            <runs>39</runs>
            <runs>0 9 2 3 25</runs>
            <runs>0 20 19</runs>
            <runs>0 20 19</runs>
            <runs>0 20 6 6 7</runs>
            <runs>0 19 7 4 9</runs>
            <runs>0 18 9 1 6</runs>
            <runs>0 18 14</runs>
            <runs>0 18 14</runs>
            <runs>0 18 13</runs>
            <runs>0 19 11</runs>
            <runs>0 20 10</runs>
            <runs>0 21 8</runs>
            <runs>0 21 7</runs>
        </run-table>
    </sample>
    <sample shape="FLAT" interline="15" pitch="0.4" left="372" top="269" id="839">
        <run-table orientation="VERTICAL" width="16" height="39">
            <runs>10</runs>
            <runs>24</runs>
            <runs>38</runs>
            <runs>0 1 38</runs>
            <runs>0 16 23</runs>
            <runs>0 17 22</runs>
            <runs>0 17 21</runs>
            <runs>0 17 7 6 6</runs>
            <runs>0 17 19</runs>
            <runs>0 17 18</runs>
            <runs>0 17 18</runs>
            <runs>0 17 18</runs>
            <runs>0 17 18</runs>
            <runs>0 17 18</runs>
            <runs>0 17 13</runs>
            <runs>0 17 10</runs>
        </run-table>
    </sample>
    <sample shape="FLAT" interline="15" pitch="-2.8" left="387" top="246" id="840">
        <run-table orientation="VERTICAL" width="15" height="39">
            <runs>0 1 15</runs>
            <runs>31</runs>
            <runs>35</runs>
            <runs>0 1 38</runs>
            <runs>0 11 28</runs>
            <runs>0 21 17</runs>
            <runs>0 20 10 2 5</runs>
            <runs>0 20 16</runs>
            <runs>0 19 15</runs>
            <runs>0 19 15</runs>
            <runs>0 19 14</runs>
            <runs>0 19 13</runs>
            <runs>0 19 12</runs>
            <runs>0 20 11</runs>
            <runs>0 21 9</runs>
        </run-table>
    </sample>
    <sample shape="FLAT" interline="15" pitch="-1.1" left="350" top="431" id="846">
        <run-table orientation="VERTICAL" width="14" height="39">
            <runs>33</runs>
            <runs>39</runs>
            <runs>39</runs>
            <runs>0 20 18</runs>
            <runs>0 20 7 1 9</runs>
            <runs>0 19 6 3 8</runs>
            <runs>0 19 4 4 7</runs>
            <runs>0 15 19</runs>
            <runs>0 15 18</runs>
            <runs>0 15 17</runs>
            <runs>0 15 17</runs>
            <runs>0 19 13</runs>
            <runs>0 19 13</runs>
            <runs>0 21 11</runs>
        </run-table>
    </sample>
    <sample shape="FLAT" interline="15" pitch="-3.9" left="361" top="411" id="847">
        <run-table orientation="VERTICAL" width="15" height="38">
            <runs>15</runs>
            <runs>28</runs>
            <runs>38</runs>
            <runs>0 17 21</runs>
            <runs>0 19 19</runs>
            <runs>0 20 7 4 7</runs>
            <runs>0 31 6</runs>
            <runs>0 29 8</runs>
            <runs>0 28 9</runs>
            <runs>0 18 14</runs>
            <runs>0 18 13</runs>
            <runs>0 18 13</runs>
            <runs>0 19 11</runs>
            <runs>0 19 10</runs>
            <runs>0 20 8</runs>
        </run-table>
    </sample>
    <sample shape="FLAT" interline="15" pitch="0.2" left="375" top="440" id="848">
        <run-table orientation="VERTICAL" width="16" height="39">
            <runs>2 1 7</runs>
            <runs>26</runs>
            <runs>39</runs>
            <runs>0 5 34</runs>
            <runs>0 19 20</runs>
            <runs>0 20 18</runs>
            <runs>0 19 8 3 8</runs>
            <runs>0 19 19</runs>
            <runs>0 18 20</runs>
            <runs>0 18 20</runs>
            <runs>0 18 15</runs>
            <runs>0 18 14</runs>
            <runs>0 19 12</runs>
            <runs>0 19 11</runs>
            <runs>0 20 9</runs>
            <runs>0 20 8</runs>
        </run-table>
    </sample>
    <sample shape="FLAT" interline="15" pitch="-2.9" left="389" top="419" id="849">
        <run-table orientation="VERTICAL" width="16" height="38">
            <runs>0 1 5</runs>
            <runs>20</runs>
            <runs>0 1 30</runs>
            <runs>0 2 36</runs>
            <runs>0 13 25</runs>
            <runs>0 20 18</runs>
            <runs>0 20 17</runs>
            <runs>0 19 6 2 9</runs>
            <runs>0 19 5 3 8</runs>
            <runs>0 19 15</runs>
            <runs>0 19 13</runs>
            <runs>0 19 13</runs>
            <runs>0 19 13</runs>
            <runs>0 19 13</runs>
            <runs>0 20 11</runs>
            <runs>0 21 9</runs>
        </run-table>
    </sample>
    <sample shape="FLAT" interline="15" pitch="-0.5" left="351" top="586" id="855">
        <run-table orientation="VERTICAL" width="14" height="46">
            <runs>33</runs>
            <runs>46</runs>
            <runs>46</runs>
            <runs>0 10 2 10 24</runs>
            <runs>0 24 18</runs>
            <runs>0 23 9 3 5</runs>
            <runs>0 23 16</runs>
            <runs>0 22 17</runs>
            <runs>0 22 15</runs>
            <runs>0 22 15</runs>
            <runs>0 22 13</runs>
            <runs>0 23 11</runs>
            <runs>0 23 10</runs>
            <runs>0 24 9</runs>
        </run-table>
    </sample>
    <sample shape="FLAT" interline="15" pitch="-3.9" left="362" top="566" id="856">
        <run-table orientation="VERTICAL" width="15" height="38">
            <runs>12</runs>
            <runs>30</runs>
            <runs>38</runs>
            <runs>0 4 34</runs>
            <runs>0 19 19</runs>
            <runs>0 24 2 6 6</runs>
            <runs>0 32 6</runs>
            <runs>0 30 8</runs>
            <runs>0 29 4</runs>
            <runs>0 18 15</runs>
            <runs>0 18 14</runs>
            <runs>0 18 14</runs>
            <runs>0 18 13</runs>
            <runs>0 19 11</runs>
            <runs>0 19 10</runs>
        </run-table>
    </sample>
    <sample shape="FLAT" interline="15" pitch="1.2" left="351" top="764" id="860">
        <run-table orientation="VERTICAL" width="15" height="42">
            <runs>21 3 1 3 7 3 2</runs>
            <runs>42</runs>
            <runs>42</runs>
            <runs>42</runs>
            <runs>0 23 19</runs>
            <runs>0 22 18</runs>
            <runs>0 22 6 1 10</runs>
            <runs>0 23 4 3 8</runs>
            <runs>0 23 4 2 8</runs>
            <runs>0 24 12</runs>
            <runs>0 24 12</runs>
            <runs>0 24 10</runs>
            <runs>0 24 10</runs>
            <runs>0 24 10</runs>
            <runs>0 26 7</runs>
        </run-table>
    </sample>
    <sample shape="FLAT" interline="15" pitch="-1.7" left="365" top="744" id="861">
        <run-table orientation="VERTICAL" width="16" height="39">
            <runs>0 1 16</runs>
            <runs>33</runs>
            <runs>39</runs>
            <runs>0 1 38</runs>
            <runs>0 19 20</runs>
            <runs>0 20 9 2 8</runs>
            <runs>0 20 8 4 7</runs>
            <runs>0 19 7 4 9</runs>
            <runs>0 19 20</runs>
            <runs>0 19 15</runs>
            <runs>0 19 20</runs>
            <runs>0 20 19</runs>
            <runs>0 20 11 1 7</runs>
            <runs>0 21 10</runs>
            <runs>0 21 9</runs>
            <runs>0 21 7</runs>
        </run-table>
    </sample>
    <sample shape="FLAT" interline="15" pitch="2.9" left="376" top="784" id="862">
        <run-table orientation="VERTICAL" width="15" height="32">
            <runs>32</runs>
            <runs>32</runs>
            <runs>0 9 23</runs>
            <runs>0 10 22</runs>
            <runs>0 10 20</runs>
            <runs>0 10 20</runs>
            <runs>0 10 19</runs>
            <runs>0 10 18</runs>
            <runs>0 10 18</runs>
            <runs>0 11 18</runs>
            <runs>0 11 17</runs>
            <runs>0 10 13</runs>
            <runs>0 10 13</runs>
            <runs>0 15 7</runs>
            <runs>0 16 5</runs>
        </run-table>
    </sample>
    <sample shape="FLAT" interline="15" pitch="-0.7" left="388" top="751" id="863">
        <run-table orientation="VERTICAL" width="14" height="47">
            <runs>18</runs>
            <runs>34</runs>
            <runs>46</runs>
            <runs>46</runs>
            <runs>0 23 23</runs>
            <runs>0 24 23</runs>
            <runs>0 23 10 2 5</runs>
            <runs>0 23 16</runs>
            <runs>0 23 15</runs>
            <runs>0 23 15</runs>
            <runs>0 23 14</runs>
            <runs>0 23 13</runs>
            <runs>0 23 12</runs>
            <runs>0 24 10</runs>
        </run-table>
    </sample>
    <sample shape="FLAT" interline="15" pitch="-0.6" left="349" top="915" id="869">
        <run-table orientation="VERTICAL" width="14" height="42">
            <runs>37</runs>
            <runs>42</runs>
            <runs>0 23 18</runs>
            <runs>0 23 18</runs>
            <runs>0 22 18</runs>
            <runs>0 22 17</runs>
            <runs>0 22 16</runs>
            <runs>0 22 16</runs>
            <runs>0 22 14</runs>
            <runs>0 22 14</runs>
            <runs>0 22 13</runs>
            <runs>0 23 11</runs>
            <runs>0 24 9</runs>
            <runs>0 25 8</runs>
        </run-table>
    </sample>
    <sample shape="FLAT" interline="15" pitch="-3.6" left="362" top="895" id="874">
        <run-table orientation="VERTICAL" width="13" height="40">
            <runs>0 1 26 1 4</runs>
            <runs>39</runs>
            <runs>39</runs>
            <runs>0 15 24</runs>
            <runs>0 19 20</runs>
            <runs>0 19 8 4 8</runs>
            <runs>0 19 6 5 9</runs>
            <runs>0 19 6 3 11</runs>
            <runs>0 18 16</runs>
            <runs>0 18 15</runs>
            <runs>0 18 14</runs>
            <runs>0 18 14</runs>
            <runs>0 18 22</runs>
        </run-table>
    </sample>
    <sample shape="FLAT" interline="15" pitch="0.1" left="375" top="914" id="876">
        <run-table orientation="VERTICAL" width="15" height="50">
            <runs>42</runs>
            <runs>0 1 8 2 39</runs>
            <runs>0 1 7 6 36</runs>
            <runs>0 30 20</runs>
            <runs>0 31 18</runs>
            <runs>0 30 8 4 6</runs>
            <runs>0 30 6 4 8</runs>
            <runs>0 30 18</runs>
            <runs>0 30 18</runs>
            <runs>0 30 14</runs>
            <runs>0 30 13</runs>
            <runs>0 30 13</runs>
            <runs>0 31 10</runs>
            <runs>0 30 10</runs>
            <runs>0 30 7</runs>
        </run-table>
    </sample>
    <sample shape="FLAT" interline="15" pitch="-2.7" left="389" top="904" id="871">
        <run-table orientation="VERTICAL" width="14" height="39">
            <runs>0 1 15</runs>
            <runs>38</runs>
            <runs>39</runs>
            <runs>39</runs>
            <runs>0 19 20</runs>
            <runs>0 20 18</runs>
            <runs>0 20 17</runs>
            <runs>0 19 16</runs>
            <runs>0 19 15</runs>
            <runs>0 19 15</runs>
            <runs>0 19 14</runs>
            <runs>0 19 13</runs>
            <runs>0 20 11</runs>
            <runs>0 20 10</runs>
        </run-table>
    </sample>
    <sample shape="FLAT" interline="15" pitch="-0.4" left="348" top="1044" id="879">
        <run-table orientation="VERTICAL" width="15" height="47">
            <runs>20 7 7</runs>
            <runs>39</runs>
            <runs>0 9 38</runs>
            <runs>0 20 27</runs>
            <runs>0 22 19</runs>
            <runs>0 22 18</runs>
            <runs>0 22 17</runs>
            <runs>0 22 17</runs>
            <runs>0 21 16</runs>
            <runs>0 21 16</runs>
            <runs>0 21 15</runs>
            <runs>0 21 14</runs>
            <runs>0 22 12</runs>
            <runs>0 23 10</runs>
            <runs>0 24 8</runs>
        </run-table>
    </sample>
    <sample shape="FLAT" interline="15" pitch="-3.7" left="359" top="1024" id="880">
        <run-table orientation="VERTICAL" width="15" height="39">
            <runs>26</runs>
            <runs>39</runs>
            <runs>0 3 36</runs>
            <runs>0 19 20</runs>
            <runs>0 19 9 3 7</runs>
            <runs>0 31 7</runs>
            <runs>0 30 9</runs>
            <runs>0 28 5</runs>
            <runs>0 18 15</runs>
            <runs>0 18 14</runs>
            <runs>0 18 13</runs>
            <runs>0 19 11</runs>
            <runs>0 19 10</runs>
            <runs>0 19 10</runs>
            <runs>0 20 8</runs>
        </run-table>
    </sample>
    <sample shape="FLAT" interline="15" pitch="0.5" left="372" top="1055" id="881">
        <run-table orientation="VERTICAL" width="15" height="38">
            <runs>15</runs>
            <runs>38</runs>
            <runs>0 1 37</runs>
            <runs>0 17 21</runs>
            <runs>0 18 19</runs>
            <runs>0 18 9 2 7</runs>
            <runs>0 28 8</runs>
            <runs>0 26 10</runs>
            <runs>0 18 18</runs>
            <runs>0 18 18</runs>
            <runs>0 18 18</runs>
            <runs>0 18 13</runs>
            <runs>0 18 12</runs>
            <runs>0 19 9</runs>
            <runs>0 19 8</runs>
        </run-table>
    </sample>
    <sample shape="FLAT" interline="15" pitch="-2.5" left="388" top="1033" id="882">
        <run-table orientation="VERTICAL" width="14" height="38">
            <runs>31 1 2</runs>
            <runs>0 1 37</runs>
            <runs>0 2 36</runs>
            <runs>0 19 19</runs>
            <runs>0 19 19</runs>
            <runs>0 18 19</runs>
            <runs>0 18 6 1 10</runs>
            <runs>0 18 16</runs>
            <runs>0 18 15</runs>
            <runs>0 18 15</runs>
            <runs>0 18 14</runs>
            <runs>0 19 12</runs>
            <runs>0 20 10</runs>
            <runs>0 21 9</runs>
        </run-table>
    </sample>
    <sample shape="FLAT" interline="15" pitch="0.6" left="349" top="1189" id="888">
        <run-table orientation="VERTICAL" width="14" height="38">
            <runs>12 18 7</runs>
            <runs>38</runs>
            <runs>0 10 3 3 21</runs>
            <runs>0 17 20</runs>
            <runs>0 18 7</runs>
            <runs>0 18 6 5 7</runs>
            <runs>0 18 6 4 7</runs>
            <runs>0 18 17</runs>
            <runs>0 18 17</runs>
            <runs>0 18 17</runs>
            <runs>0 18 17</runs>
            <runs>0 18 12</runs>
            <runs>0 18 11</runs>
            <runs>0 18 9</runs>
        </run-table>
    </sample>
    <sample shape="FLAT" interline="15" pitch="-2.8" left="363" top="1166" id="889">
        <run-table orientation="VERTICAL" width="16" height="38">
            <runs>0 1 18</runs>
            <runs>33</runs>
            <runs>34</runs>
            <runs>0 18 20</runs>
            <runs>0 20 17</runs>
            <runs>0 20 11 1 4</runs>
            <runs>0 20 5</runs>
            <runs>0 19 5 2 7</runs>
            <runs>0 19 14</runs>
            <runs>0 19 13</runs>
            <runs>0 19 12</runs>
            <runs>0 19 13</runs>
            <runs>0 19 13</runs>
            <runs>0 20 10</runs>
            <runs>0 21 9</runs>
            <runs>0 24 2</runs>
        </run-table>
    </sample>
    <sample shape="FLAT" interline="15" pitch="1.4" left="349" top="1324" id="894">
        <run-table orientation="VERTICAL" width="14" height="42">
            <runs>33 5 4</runs>
            <runs>42</runs>
            <runs>0 7 2 3 7 3 20</runs>
            <runs>0 23 18</runs>
            <runs>0 23 9 3 5</runs>
            <runs>0 23 16</runs>
            <runs>0 22 15</runs>
            <runs>0 22 14</runs>
            <runs>0 22 14</runs>
            <runs>0 22 13</runs>
            <runs>0 22 13</runs>
            <runs>0 22 12</runs>
            <runs>0 23 11</runs>
            <runs>0 24 9</runs>
        </run-table>
    </sample>
    <sample shape="FLAT" interline="15" pitch="-1.7" left="361" top="1305" id="899">
        <run-table orientation="VERTICAL" width="14" height="40">
            <runs>0 1 1 1 10 4 7</runs>
            <runs>37</runs>
            <runs>38</runs>
            <runs>0 4 34</runs>
            <runs>0 19 19</runs>
            <runs>0 25 1 1 2 1 7</runs>
            <runs>0 30 7</runs>
            <runs>0 30 7</runs>
            <runs>0 27 10</runs>
            <runs>0 19 18</runs>
            <runs>0 19 13</runs>
            <runs>0 19 12</runs>
            <runs>0 19 12</runs>
            <runs>0 19 21</runs>
        </run-table>
    </sample>
    <sample shape="FLAT" interline="15" pitch="2.6" left="375" top="1335" id="902">
        <run-table orientation="VERTICAL" width="15" height="40">
            <runs>29 1 8</runs>
            <runs>0 1 38</runs>
            <runs>0 2 38</runs>
            <runs>0 17 23</runs>
            <runs>0 17 22</runs>
            <runs>0 17 10 3 8</runs>
            <runs>0 18 20</runs>
            <runs>0 18 19</runs>
            <runs>0 18 19</runs>
            <runs>0 17 20</runs>
            <runs>0 17 20</runs>
            <runs>0 18 19</runs>
            <runs>0 18 13</runs>
            <runs>0 18 12</runs>
            <runs>0 18 10</runs>
        </run-table>
    </sample>
    <sample shape="FLAT" interline="15" pitch="-0.7" left="390" top="1311" id="896">
        <run-table orientation="VERTICAL" width="14" height="41">
            <runs>32</runs>
            <runs>40</runs>
            <runs>41</runs>
            <runs>0 23 17</runs>
            <runs>0 22 10 2 6</runs>
            <runs>0 22 5 7 5</runs>
            <runs>0 21 5 2 10</runs>
            <runs>0 21 16</runs>
            <runs>0 21 15</runs>
            <runs>0 21 15</runs>
            <runs>0 21 14</runs>
            <runs>0 21 12</runs>
            <runs>0 22 10</runs>
            <runs>0 22 10</runs>
        </run-table>
    </sample>
    <sample shape="FLAT" interline="15" pitch="-0.7" left="350" top="1571" id="1013">
        <run-table orientation="VERTICAL" width="15" height="42">
            <runs>21 2 4</runs>
            <runs>42</runs>
            <runs>42</runs>
            <runs>0 12 7 4 19</runs>
            <runs>0 23 18</runs>
            <runs>0 23 10 1 6</runs>
            <runs>0 22 5 1 10</runs>
            <runs>0 22 16</runs>
            <runs>0 22 15</runs>
            <runs>0 22 14</runs>
            <runs>0 22 13</runs>
            <runs>0 22 12</runs>
            <runs>0 23 10</runs>
            <runs>0 24 9</runs>
            <runs>0 26 7</runs>
        </run-table>
    </sample>
    <sample shape="FLAT" interline="15" pitch="-3.3" left="363" top="1552" id="1019">
        <run-table orientation="VERTICAL" width="13" height="38">
            <runs>37</runs>
            <runs>37</runs>
            <runs>0 9 29</runs>
            <runs>0 19 19</runs>
            <runs>0 19 19</runs>
            <runs>0 19 7 5 6</runs>
            <runs>0 19 6 4 8</runs>
            <runs>0 19 6 2 10</runs>
            <runs>0 18 19</runs>
            <runs>0 18 19</runs>
            <runs>0 19 18</runs>
            <runs>0 19 18</runs>
            <runs>0 19 19</runs>
        </run-table>
    </sample>
    <sample shape="FLAT" interline="15" pitch="-0.0" left="376" top="1571" id="1021">
        <run-table orientation="VERTICAL" width="13" height="49">
            <runs>38</runs>
            <runs>48</runs>
            <runs>7 3 39</runs>
            <runs>0 28 21</runs>
            <runs>0 29 19</runs>
            <runs>0 29 7 4 7</runs>
            <runs>0 39 8</runs>
            <runs>0 28 19</runs>
            <runs>0 28 19</runs>
            <runs>0 28 19</runs>
            <runs>0 28 14</runs>
            <runs>0 28 13</runs>
            <runs>0 29 11</runs>
        </run-table>
    </sample>
    <sample shape="FLAT" interline="15" pitch="-2.8" left="388" top="1559" id="1016">
        <run-table orientation="VERTICAL" width="15" height="39">
            <runs>0 3 5</runs>
            <runs>21</runs>
            <runs>0 1 34</runs>
            <runs>0 1 38</runs>
            <runs>0 11 28</runs>
            <runs>0 21 17</runs>
            <runs>0 20 11 1 5</runs>
            <runs>0 20 4 3 10</runs>
            <runs>0 19 6 1 10</runs>
            <runs>0 19 16</runs>
            <runs>0 19 14</runs>
            <runs>0 19 13</runs>
            <runs>0 19 12</runs>
            <runs>0 20 11</runs>
            <runs>0 20 11</runs>
        </run-table>
    </sample>
    <sample shape="FLAT" interline="15" pitch="-0.8" left="350" top="1734" id="1025">
        <run-table orientation="VERTICAL" width="15" height="42">
            <runs>22</runs>
            <runs>0 1 40</runs>
            <runs>0 1 41</runs>
            <runs>0 1 8 1 9 3 20</runs>
            <runs>0 24 17</runs>
            <runs>0 23 5 2 10</runs>
            <runs>0 23 4 3 9</runs>
            <runs>0 22 5 2 9</runs>
            <runs>0 21 16</runs>
            <runs>0 21 15</runs>
            <runs>0 22 14</runs>
            <runs>0 23 12</runs>
            <runs>0 23 12</runs>
            <runs>0 24 10</runs>
            <runs>0 26 8</runs>
        </run-table>
    </sample>
    <sample shape="FLAT" interline="15" pitch="-3.6" left="362" top="1716" id="1031">
        <run-table orientation="VERTICAL" width="13" height="39">
            <runs>0 1 12 1 9</runs>
            <runs>31</runs>
            <runs>38</runs>
            <runs>0 1 4 1 33</runs>
            <runs>0 18 21</runs>
            <runs>0 19 19</runs>
            <runs>0 18 8 5 7</runs>
            <runs>0 18 6 5 9</runs>
            <runs>0 18 7 2 11</runs>
            <runs>0 19 19</runs>
            <runs>0 19 18</runs>
            <runs>0 19 13</runs>
            <runs>0 19 13</runs>
        </run-table>
    </sample>
    <sample shape="FLAT" interline="15" pitch="0.3" left="375" top="1735" id="1033">
        <run-table orientation="VERTICAL" width="14" height="51">
            <runs>27</runs>
            <runs>11 1 37</runs>
            <runs>10 3 38</runs>
            <runs>0 4 2 22 23</runs>
            <runs>0 29 22</runs>
            <runs>0 30 8 4 8</runs>
            <runs>0 30 6 6 7</runs>
            <runs>0 30 6 5 7</runs>
            <runs>0 30 18</runs>
            <runs>0 29 18</runs>
            <runs>0 29 19</runs>
            <runs>0 29 19</runs>
            <runs>0 29 19</runs>
            <runs>0 29 13</runs>
        </run-table>
    </sample>
    <sample shape="FLAT" interline="15" pitch="-2.7" left="388" top="1724" id="1028">
        <run-table orientation="VERTICAL" width="17" height="38">
            <runs>0 3 6</runs>
            <runs>18</runs>
            <runs>31</runs>
            <runs>38</runs>
            <runs>0 6 32</runs>
            <runs>0 20 18</runs>
            <runs>0 19 11 1 6</runs>
            <runs>0 19 17</runs>
            <runs>0 18 17</runs>
            <runs>0 18 16</runs>
            <runs>0 18 15</runs>
            <runs>0 18 14</runs>
            <runs>0 18 13</runs>
            <runs>0 19 11</runs>
            <runs>0 19 11</runs>
            <runs>0 21 9</runs>
            <runs>0 23 7</runs>
        </run-table>
    </sample>
    <sample shape="FLAT" interline="15" pitch="-0.8" left="348" top="1873" id="1037">
        <run-table orientation="VERTICAL" width="15" height="40">
            <runs>10</runs>
            <runs>33</runs>
            <runs>40</runs>
            <runs>10 11 19</runs>
            <runs>0 21 19</runs>
            <runs>0 22 17</runs>
            <runs>0 22 16</runs>
            <runs>0 21 5 2 9</runs>
            <runs>0 21 15</runs>
            <runs>0 21 14</runs>
            <runs>0 21 14</runs>
            <runs>0 21 13</runs>
            <runs>0 22 11</runs>
            <runs>0 22 11</runs>
            <runs>0 23 10</runs>
        </run-table>
    </sample>
    <sample shape="FLAT" interline="15" pitch="-3.6" left="364" top="1854" id="1038">
        <run-table orientation="VERTICAL" width="16" height="38">
            <runs>0 1 22 1 4</runs>
            <runs>0 1 28</runs>
            <runs>38</runs>
            <runs>0 1 37</runs>
            <runs>0 19 19</runs>
            <runs>0 19 9 1 9</runs>
            <runs>0 19 8 2 8</runs>
            <runs>0 19 6 2 10</runs>
            <runs>0 19 18</runs>
            <runs>0 19 18</runs>
            <runs>0 19 18</runs>
            <runs>0 19 13</runs>
            <runs>0 19 13</runs>
            <runs>0 19 12</runs>
            <runs>0 19 11</runs>
            <runs>0 19 10</runs>
        </run-table>
    </sample>
    <sample shape="FLAT" interline="15" pitch="1.1" left="351" top="2062" id="1042">
        <run-table orientation="VERTICAL" width="15" height="48">
            <runs>0 1 34</runs>
            <runs>42</runs>
            <runs>48</runs>
            <runs>7 8 27</runs>
            <runs>0 23 18</runs>
            <runs>0 23 4 2 11</runs>
            <runs>0 23 4 2 9</runs>
            <runs>0 22 15</runs>
            <runs>0 22 15</runs>
            <runs>0 22 14</runs>
            <runs>0 22 13</runs>
            <runs>0 22 12</runs>
            <runs>0 23 11</runs>
            <runs>0 25 9</runs>
            <runs>0 27 7</runs>
        </run-table>
    </sample>
    <sample shape="FLAT" interline="15" pitch="-2.1" left="362" top="2041" id="1043">
        <run-table orientation="VERTICAL" width="16" height="40">
            <runs>0 2 25</runs>
            <runs>0 1 39</runs>
            <runs>40</runs>
            <runs>0 2 38</runs>
            <runs>0 21 19</runs>
            <runs>0 21 8 2 9</runs>
            <runs>0 21 6 4 9</runs>
            <runs>0 19 8 2 11</runs>
            <runs>0 19 16</runs>
            <runs>0 19 15</runs>
            <runs>0 19 14</runs>
            <runs>0 20 12</runs>
            <runs>0 21 10</runs>
            <runs>0 21 9</runs>
            <runs>0 22 7</runs>
            <runs>0 26 2</runs>
        </run-table>
    </sample>
    <sample shape="FLAT" interline="15" pitch="2.3" left="376" top="2072" id="1044">
        <run-table orientation="VERTICAL" width="16" height="40">
            <runs>25</runs>
            <runs>40</runs>
            <runs>40</runs>
            <runs>0 5 9 2 24</runs>
            <runs>0 19 21</runs>
            <runs>0 20 9 3 7</runs>
            <runs>0 20 6 3 10</runs>
            <runs>0 20 19</runs>
            <runs>0 19 20</runs>
            <runs>0 19 20</runs>
            <runs>0 19 20</runs>
            <runs>0 19 14</runs>
            <runs>0 20 12</runs>
            <runs>0 20 11</runs>
            <runs>0 20 10</runs>
            <runs>0 20 8</runs>
        </run-table>
    </sample>
    <sample shape="FLAT" interline="15" pitch="-0.7" left="391" top="2049" id="1045">
        <run-table orientation="VERTICAL" width="14" height="42">
            <runs>33</runs>
            <runs>42</runs>
            <runs>42</runs>
            <runs>0 10 1 9 21</runs>
            <runs>0 23 17</runs>
            <runs>0 22 17</runs>
            <runs>0 22 16</runs>
            <runs>0 21 16</runs>
            <runs>0 21 15</runs>
            <runs>0 21 14</runs>
            <runs>0 21 14</runs>
            <runs>0 21 13</runs>
            <runs>0 22 11</runs>
            <runs>0 23 10</runs>
        </run-table>
    </sample>
    <sample shape="FLAT" interline="15" pitch="-1.0" left="349" top="2634" id="1051">
        <run-table orientation="VERTICAL" width="15" height="43">
            <runs>26</runs>
            <runs>37</runs>
            <runs>9 4 30</runs>
            <runs>8 12 2 2 18</runs>
            <runs>0 24 9 4 4</runs>
            <runs>0 23 5 8 4</runs>
            <runs>0 23 4 2 9</runs>
            <runs>0 22 6 1 8</runs>
            <runs>0 22 15</runs>
            <runs>0 22 14</runs>
            <runs>0 23 13</runs>
            <runs>0 23 12</runs>
            <runs>0 24 10</runs>
            <runs>0 25 9</runs>
            <runs>0 27 2</runs>
        </run-table>
    </sample>
    <sample shape="FLAT" interline="15" pitch="-3.6" left="361" top="2616" id="1054">
        <run-table orientation="VERTICAL" width="12" height="38">
            <runs>25</runs>
            <runs>37</runs>
            <runs>0 2 35</runs>
            <runs>0 18 19</runs>
            <runs>0 19 18</runs>
            <runs>0 31 6</runs>
            <runs>0 30 7</runs>
            <runs>0 29 8</runs>
            <runs>0 18 19</runs>
            <runs>0 18 14</runs>
            <runs>0 18 19</runs>
            <runs>0 18 20</runs>
        </run-table>
    </sample>
    <sample shape="FLAT" interline="15" pitch="0.1" left="373" top="2634" id="1056">
        <run-table orientation="VERTICAL" width="13" height="50">
            <runs>34</runs>
            <runs>0 1 49</runs>
            <runs>0 1 9 13 2 1 24</runs>
            <runs>0 1 8 20 21</runs>
            <runs>0 30 20</runs>
            <runs>0 30 7 6 6</runs>
            <runs>0 30 6 5 8</runs>
            <runs>0 30 19</runs>
            <runs>0 30 19</runs>
            <runs>0 29 19</runs>
            <runs>0 29 19</runs>
            <runs>0 29 20</runs>
            <runs>0 29 13</runs>
        </run-table>
    </sample>
    <sample shape="FLAT" interline="15" pitch="-2.3" left="386" top="2624" id="1058">
        <run-table orientation="VERTICAL" width="14" height="50">
            <runs>17 22 11</runs>
            <runs>32 7 8</runs>
            <runs>0 5 3 1 35</runs>
            <runs>0 6 2 13 23</runs>
            <runs>0 20 19</runs>
            <runs>0 20 18</runs>
            <runs>0 19 17</runs>
            <runs>0 19 16</runs>
            <runs>0 19 15</runs>
            <runs>0 19 14</runs>
            <runs>0 19 14</runs>
            <runs>0 19 13</runs>
            <runs>0 19 12</runs>
            <runs>0 20 10</runs>
        </run-table>
    </sample>
    <sample shape="FLAT" interline="15" pitch="-0.7" left="346" top="2779" id="1061">
        <run-table orientation="VERTICAL" width="16" height="41">
            <runs>11</runs>
            <runs>25 2 8</runs>
            <runs>11 1 29</runs>
            <runs>0 22 19</runs>
            <runs>0 23 17</runs>
            <runs>0 22 11 1 5</runs>
            <runs>0 22 5 2 10</runs>
            <runs>0 21 6 2 9</runs>
            <runs>0 21 16</runs>
            <runs>0 21 15</runs>
            <runs>0 21 14</runs>
            <runs>0 22 13</runs>
            <runs>0 22 12</runs>
            <runs>0 23 11</runs>
            <runs>0 25 8</runs>
            <runs>0 27 2</runs>
        </run-table>
    </sample>
    <sample shape="FLAT" interline="15" pitch="-4.0" left="358" top="2758" id="1062">
        <run-table orientation="VERTICAL" width="16" height="40">
            <runs>9</runs>
            <runs>27</runs>
            <runs>40</runs>
            <runs>0 1 3 1 35</runs>
            <runs>0 20 20</runs>
            <runs>0 20 20</runs>
            <runs>0 20 7 3 10</runs>
            <runs>0 19 7 4 10</runs>
            <runs>0 19 15</runs>
            <runs>0 19 14</runs>
            <runs>0 19 13</runs>
            <runs>0 19 12</runs>
            <runs>0 19 11</runs>
            <runs>0 20 10</runs>
            <runs>0 21 8</runs>
            <runs>0 21 7</runs>
        </run-table>
    </sample>
    <sample shape="FLAT" interline="15" pitch="0.5" left="371" top="2791" id="1063">
        <run-table orientation="VERTICAL" width="16" height="38">
            <runs>22</runs>
            <runs>35</runs>
            <runs>38</runs>
            <runs>0 2 8 3 25</runs>
            <runs>0 17 20</runs>
            <runs>0 18 18</runs>
            <runs>0 18 7 4 6</runs>
            <runs>0 18 17</runs>
            <runs>0 18 17</runs>
            <runs>0 18 17</runs>
            <runs>0 18 17</runs>
            <runs>0 18 13</runs>
            <runs>0 18 12</runs>
            <runs>0 18 11</runs>
            <runs>0 18 9</runs>
            <runs>0 22 2</runs>
        </run-table>
    </sample>
    <sample shape="FLAT" interline="15" pitch="-2.6" left="384" top="2770" id="1064">
        <run-table orientation="VERTICAL" width="16" height="37">
            <runs>13</runs>
            <runs>15</runs>
            <runs>29</runs>
            <runs>0 4 31</runs>
            <runs>0 19 18</runs>
            <runs>0 20 17</runs>
            <runs>0 20 8 2 6</runs>
            <runs>0 19 9 2 5</runs>
            <runs>0 19 15</runs>
            <runs>0 18 15</runs>
            <runs>0 18 14</runs>
            <runs>0 18 14</runs>
            <runs>0 18 13</runs>
            <runs>0 19 11</runs>
            <runs>0 20 9</runs>
            <runs>0 20 9</runs>
        </run-table>
    </sample>
    <sample shape="FLAT" interline="15" pitch="0.4" left="350" top="2933" id="1074">
        <run-table orientation="VERTICAL" width="12" height="39">
            <runs>38</runs>
            <runs>39</runs>
            <runs>0 1 38</runs>
            <runs>0 2 1 16 20</runs>
            <runs>0 19 19</runs>
            <runs>0 19 7 4 8</runs>
            <runs>0 19 6 3 10</runs>
            <runs>0 19 19</runs>
            <runs>0 19 19</runs>
            <runs>0 19 19</runs>
            <runs>0 19 19</runs>
            <runs>0 19 13</runs>
        </run-table>
    </sample>
    <sample shape="FLAT" interline="15" pitch="-2.1" left="362" top="2915" id="1076">
        <run-table orientation="VERTICAL" width="12" height="49">
            <runs>0 1 27 9 12</runs>
            <runs>36 1 9</runs>
            <runs>44</runs>
            <runs>0 6 8 5 23</runs>
            <runs>0 20 17</runs>
            <runs>0 19 8 4 5</runs>
            <runs>0 18 9 3 4</runs>
            <runs>0 18 15</runs>
            <runs>0 18 15</runs>
            <runs>0 18 14</runs>
            <runs>0 18 13</runs>
            <runs>0 18 14</runs>
        </run-table>
    </sample>
    <sample shape="FLAT" interline="15" pitch="0.9" left="374" top="2934" id="1080">
        <run-table orientation="VERTICAL" width="14" height="44">
            <runs>23 8 7</runs>
            <runs>0 1 22 1 20</runs>
            <runs>0 2 10 2 9 1 20</runs>
            <runs>0 27 17</runs>
            <runs>0 26 17</runs>
            <runs>0 26 16</runs>
            <runs>0 25 6 2 8</runs>
            <runs>0 25 15</runs>
            <runs>0 25 14</runs>
            <runs>0 25 13</runs>
            <runs>0 25 12</runs>
            <runs>0 26 11</runs>
            <runs>0 26 11</runs>
            <runs>0 28 9</runs>
        </run-table>
    </sample>
    <sample shape="FLAT" interline="15" pitch="-1.9" left="388" top="2919" id="1072">
        <run-table orientation="VERTICAL" width="14" height="38">
            <runs>24</runs>
            <runs>38</runs>
            <runs>38</runs>
            <runs>38</runs>
            <runs>0 19 19</runs>
            <runs>0 20 7 3 8</runs>
            <runs>0 19 6 3 10</runs>
            <runs>0 19 19</runs>
            <runs>0 19 19</runs>
            <runs>0 19 14</runs>
            <runs>0 19 13</runs>
            <runs>0 19 13</runs>
            <runs>0 19 12</runs>
            <runs>0 20 9</runs>
        </run-table>
    </sample>
    <sample shape="FLAT" interline="15" pitch="1.2" left="345" top="3083" id="1083">
        <run-table orientation="VERTICAL" width="16" height="42">
            <runs>19 7 1 10 2</runs>
            <runs>23 2 16</runs>
            <runs>42</runs>
            <runs>41</runs>
            <runs>0 23 10 2 5</runs>
            <runs>0 23 10 2 4</runs>
            <runs>0 22 5 8 3</runs>
            <runs>0 22 5 2 8</runs>
            <runs>0 22 14</runs>
            <runs>0 22 14</runs>
            <runs>0 22 14</runs>
            <runs>0 22 13</runs>
            <runs>0 23 12</runs>
            <runs>0 24 10</runs>
            <runs>0 25 9</runs>
            <runs>0 27 2</runs>
        </run-table>
    </sample>
    <sample shape="FLAT" interline="15" pitch="-1.6" left="357" top="3065" id="1084">
        <run-table orientation="VERTICAL" width="16" height="39">
            <runs>0 4 11 1 7</runs>
            <runs>38</runs>
            <runs>39</runs>
            <runs>39</runs>
            <runs>0 2 9 7 20</runs>
            <runs>0 18 10 2 7</runs>
            <runs>0 18 8 3 8</runs>
            <runs>0 19 18</runs>
            <runs>0 19 18</runs>
            <runs>0 19 18</runs>
            <runs>0 19 13</runs>
            <runs>0 18 14</runs>
            <runs>0 18 12</runs>
            <runs>0 19 11</runs>
            <runs>0 18 10</runs>
            <runs>0 19 8</runs>
        </run-table>
    </sample>
    <sample shape="FLAT" interline="15" pitch="2.8" left="371" top="3097" id="1085">
        <run-table orientation="VERTICAL" width="14" height="38">
            <runs>27 2 7</runs>
            <runs>38</runs>
            <runs>0 1 37</runs>
            <runs>0 16 22</runs>
            <runs>0 16 12 1 7</runs>
            <runs>0 16 8 5 6</runs>
            <runs>0 16 8 2 8</runs>
            <runs>0 16 17</runs>
            <runs>0 16 17</runs>
            <runs>0 16 17</runs>
            <runs>0 15 18</runs>
            <runs>0 15 18</runs>
            <runs>0 16 17</runs>
            <runs>0 16 12</runs>
        </run-table>
    </sample>
    <sample shape="FLAT" interline="15" pitch="-0.7" left="382" top="3069" id="1086">
        <run-table orientation="VERTICAL" width="16" height="47">
            <runs>13</runs>
            <runs>24</runs>
            <runs>25</runs>
            <runs>7 1 34</runs>
            <runs>0 23 24</runs>
            <runs>0 25 22</runs>
            <runs>0 24 17</runs>
            <runs>0 24 15</runs>
            <runs>0 23 15</runs>
            <runs>0 23 15</runs>
            <runs>0 23 15</runs>
            <runs>0 23 14</runs>
            <runs>0 23 13</runs>
            <runs>0 23 12</runs>
            <runs>0 24 10</runs>
            <runs>0 25 9</runs>
        </run-table>
    </sample>
</samples>
