<?xml version="1.0" encoding="UTF-8"?>
<stick id="2312" interline="22" shape="FLAT">
    <is-within-system>true</is-within-system>
    <has-ledger>false</has-ledger>
    <stem-number>0</stem-number>
    <step-line>-0.3218390804597701</step-line>
    <moments>
        <k>0.9028925619834711</k>
        <k>1.0</k>
        <k>2.3636363636363638</k>
        <k>0.09665215410559481</k>
        <k>0.02089685851584839</k>
        <k>0.29759084983577544</k>
        <k>0.00926337255468746</k>
        <k>-0.00638373873553313</k>
        <k>-0.06009208867996537</k>
        <k>-0.06819941079358056</k>
        <k>0.39424300394137024</k>
        <k>0.04212307422507165</k>
        <k>0.03833099999080772</k>
        <k>0.00814620457662622</k>
        <k>1.2787821618387256E-4</k>
        <k>9.154911175783553E-4</k>
        <k>6.609401120638128E-5</k>
        <k>290.8695652173913</k>
        <k>589.5377574370709</k>
    </moments><members>
    <section id="1127" first-pos="283">
        <run start="560" length="51" level="70"/>
        <run start="559" length="52" level="44"/>
    </section>
    <section id="1136" first-pos="285">
        <run start="560" length="3" level="86"/>
    </section>
    <section id="1137" first-pos="285">
        <run start="564" length="29" level="62"/>
    </section>
    <section id="1141" first-pos="286">
        <run start="584" length="8" level="55"/>
        <run start="583" length="7" level="39"/>
        <run start="583" length="6" level="40"/>
        <run start="582" length="6" level="45"/>
        <run start="581" length="7" level="41"/>
        <run start="581" length="7" level="37"/>
        <run start="581" length="7" level="37"/>
        <run start="580" length="7" level="38"/>
        <run start="580" length="8" level="37"/>
        <run start="580" length="8" level="33"/>
    </section>
    <section id="1163" first-pos="296">
        <run start="580" length="23" level="61"/>
        <run start="580" length="22" level="56"/>
        <run start="580" length="21" level="59"/>
        <run start="581" length="19" level="75"/>
        <run start="582" length="16" level="77"/>
        <run start="583" length="14" level="79"/>
        <run start="584" length="11" level="63"/>
        <run start="585" length="9" level="118"/>
    </section>
    <section id="1143" first-pos="287">
        <run start="605" length="5" level="90"/>
        <run start="604" length="5" level="64"/>
        <run start="603" length="6" level="85"/>
        <run start="602" length="6" level="85"/>
        <run start="600" length="7" level="53"/>
        <run start="599" length="7" level="40"/>
        <run start="598" length="7" level="40"/>
        <run start="597" length="8" level="28"/>
        <run start="596" length="8" level="40"/>
    </section>
    <section id="1138" first-pos="285">
        <run start="594" length="17" level="44"/>
        <run start="594" length="17" level="155"/>
    </section>
    <section id="1174" first-pos="304">
        <run start="588" length="3" level="218"/>
    </section>
</members></stick>
