<?xml version="1.0" encoding="UTF-8"?>
<stick id="2349" interline="21" shape="INVERTED_MORDENT">
    <is-within-system>true</is-within-system>
    <has-ledger>false</has-ledger>
    <stem-number>0</stem-number>
    <step-line>11.627906976744185</step-line>
    <moments>
        <k>1.4965986394557824</k>
        <k>2.619047619047619</k>
        <k>2.0</k>
        <k>0.23261102415337923</k>
        <k>0.007761283635250523</k>
        <k>0.09457298884158392</k>
        <k>-0.015059292741803414</k>
        <k>0.010917259015957562</k>
        <k>-0.0017358952728575596</k>
        <k>-0.007333055171478748</k>
        <k>0.32718401299496314</k>
        <k>0.01929544928740768</k>
        <k>0.0017038479330234025</k>
        <k>2.949248576465883E-4</k>
        <k>1.600305962469205E-7</k>
        <k>3.5295396242730874E-5</k>
        <k>-1.3453108981599846E-7</k>
        <k>588.5924242424243</k>
        <k>452.0030303030303</k>
    </moments><members>
    <section id="1871" first-pos="560">
        <run start="461" length="1" level="122"/>
        <run start="459" length="3" level="80"/>
        <run start="458" length="4" level="30"/>
        <run start="456" length="6" level="84"/>
        <run start="454" length="6" level="84"/>
        <run start="453" length="5" level="79"/>
        <run start="451" length="5" level="73"/>
        <run start="449" length="6" level="84"/>
        <run start="447" length="6" level="84"/>
        <run start="445" length="6" level="60"/>
        <run start="444" length="6" level="18"/>
        <run start="442" length="9" level="34"/>
        <run start="441" length="12" level="27"/>
        <run start="441" length="14" level="29"/>
        <run start="442" length="15" level="27"/>
        <run start="443" length="15" level="30"/>
        <run start="445" length="15" level="38"/>
        <run start="447" length="15" level="38"/>
        <run start="449" length="13" level="25"/>
        <run start="451" length="12" level="36"/>
        <run start="453" length="10" level="17"/>
        <run start="454" length="9" level="34"/>
        <run start="456" length="7" level="43"/>
        <run start="458" length="5" level="58"/>
        <run start="459" length="3" level="10"/>
        <run start="457" length="5" level="50"/>
        <run start="455" length="7" level="35"/>
    </section>
    <section id="1954" first-pos="587">
        <run start="431" length="40" level="58"/>
        <run start="430" length="42" level="10"/>
        <run start="431" length="41" level="10"/>
        <run start="433" length="39" level="67"/>
    </section>
    <section id="1951" first-pos="586">
        <run start="432" length="13" level="91"/>
    </section>
    <section id="1958" first-pos="591">
        <run start="446" length="19" level="110"/>
    </section>
    <section id="1961" first-pos="592">
        <run start="445" length="7" level="75"/>
        <run start="443" length="7" level="32"/>
        <run start="441" length="10" level="32"/>
        <run start="440" length="13" level="37"/>
        <run start="440" length="15" level="32"/>
        <run start="441" length="15" level="20"/>
        <run start="442" length="16" level="36"/>
        <run start="444" length="16" level="26"/>
        <run start="444" length="16" level="17"/>
        <run start="445" length="16" level="29"/>
        <run start="447" length="15" level="31"/>
        <run start="449" length="14" level="33"/>
        <run start="451" length="12" level="26"/>
        <run start="452" length="10" level="47"/>
        <run start="455" length="7" level="25"/>
        <run start="456" length="6" level="29"/>
        <run start="455" length="7" level="53"/>
        <run start="453" length="9" level="84"/>
        <run start="451" length="9" level="100"/>
        <run start="450" length="7" level="73"/>
        <run start="449" length="7" level="93"/>
        <run start="449" length="5" level="110"/>
        <run start="450" length="2" level="164"/>
    </section>
    <section id="1959" first-pos="591">
        <run start="466" length="5" level="131"/>
    </section>
</members></stick>
