<?xml version="1.0" encoding="UTF-8"?>
<stick id="1606" interline="22" shape="INVERTED_MORDENT">
    <is-within-system>true</is-within-system>
    <has-ledger>false</has-ledger>
    <stem-number>0</stem-number>
    <step-line>11.534883720930232</step-line>
    <moments>
        <k>1.462809917355372</k>
        <k>2.409090909090909</k>
        <k>1.7727272727272727</k>
        <k>0.2164891532736314</k>
        <k>0.009156490809313158</k>
        <k>0.07996411061537051</k>
        <k>-0.011126288714876375</k>
        <k>0.01160034571144473</k>
        <k>0.001332002677229605</k>
        <k>-0.007394747771751591</k>
        <k>0.29645326388900195</k>
        <k>0.018974452568604108</k>
        <k>0.002009168122731833</k>
        <k>1.1361509301759364E-4</k>
        <k>5.428012443276321E-8</k>
        <k>9.17320001357994E-6</k>
        <k>-5.38205395433947E-10</k>
        <k>495.67937853107344</k>
        <k>1060.316384180791</k>
    </moments><members>
    <section id="1615" first-pos="469">
        <run start="1068" length="3" level="206"/>
        <run start="1066" length="5" level="123"/>
        <run start="1064" length="7" level="87"/>
        <run start="1062" length="9" level="84"/>
        <run start="1061" length="8" level="73"/>
        <run start="1059" length="8" level="95"/>
        <run start="1057" length="8" level="84"/>
        <run start="1056" length="8" level="74"/>
        <run start="1054" length="8" level="95"/>
        <run start="1053" length="7" level="73"/>
        <run start="1051" length="8" level="83"/>
        <run start="1049" length="11" level="82"/>
        <run start="1048" length="14" level="54"/>
        <run start="1048" length="16" level="38"/>
        <run start="1048" length="17" level="38"/>
        <run start="1050" length="17" level="48"/>
        <run start="1052" length="17" level="48"/>
        <run start="1054" length="16" level="40"/>
        <run start="1056" length="15" level="36"/>
        <run start="1057" length="14" level="32"/>
        <run start="1059" length="13" level="48"/>
        <run start="1061" length="11" level="46"/>
        <run start="1063" length="9" level="58"/>
        <run start="1064" length="8" level="33"/>
        <run start="1062" length="10" level="68"/>
        <run start="1060" length="11" level="82"/>
    </section>
    <section id="1722" first-pos="495">
        <run start="1041" length="27" level="126"/>
    </section>
    <section id="1725" first-pos="496">
        <run start="1040" length="37" level="55"/>
        <run start="1040" length="38" level="7"/>
        <run start="1040" length="39" level="10"/>
        <run start="1041" length="38" level="70"/>
    </section>
    <section id="1733" first-pos="500">
        <run start="1050" length="9" level="46"/>
        <run start="1049" length="12" level="63"/>
        <run start="1048" length="15" level="51"/>
        <run start="1048" length="16" level="30"/>
        <run start="1049" length="16" level="26"/>
        <run start="1051" length="16" level="31"/>
        <run start="1052" length="17" level="35"/>
        <run start="1054" length="16" level="25"/>
        <run start="1056" length="15" level="27"/>
        <run start="1058" length="14" level="32"/>
        <run start="1060" length="12" level="36"/>
        <run start="1062" length="10" level="35"/>
        <run start="1063" length="9" level="47"/>
        <run start="1065" length="7" level="37"/>
        <run start="1063" length="9" level="76"/>
        <run start="1062" length="9" level="56"/>
        <run start="1059" length="11" level="84"/>
        <run start="1058" length="10" level="59"/>
        <run start="1056" length="10" level="84"/>
        <run start="1056" length="7" level="62"/>
        <run start="1056" length="5" level="105"/>
        <run start="1057" length="2" level="173"/>
    </section>
    <section id="1734" first-pos="500">
        <run start="1074" length="4" level="114"/>
    </section>
</members></stick>
