<?xml version="1.0" encoding="UTF-8"?>
<stick id="2365" interline="21" shape="MORDENT">
    <is-within-system>true</is-within-system>
    <has-ledger>false</has-ledger>
    <stem-number>0</stem-number>
    <step-line>12.186046511627907</step-line>
    <moments>
        <k>1.1224489795918366</k>
        <k>2.380952380952381</k>
        <k>1.0952380952380953</k>
        <k>0.3381442627478749</k>
        <k>0.015357822691768209</k>
        <k>0.06249377562998624</k>
        <k>-0.004801921992964732</k>
        <k>0.021178991380949308</k>
        <k>-0.0019029773932395279</k>
        <k>-0.00391104345711529</k>
        <k>0.40063803837786116</k>
        <k>0.07692664191965645</k>
        <k>0.004550057745643823</k>
        <k>3.431377012793659E-4</k>
        <k>-1.8504444899757191E-7</k>
        <k>-7.691447249307853E-5</k>
        <k>3.867699849915591E-7</k>
        <k>848.7979797979798</k>
        <k>457.65050505050505</k>
    </moments><members>
    <section id="2554" first-pos="824">
        <run start="465" length="3" level="170"/>
        <run start="463" length="5" level="102"/>
        <run start="461" length="7" level="90"/>
        <run start="460" length="7" level="73"/>
        <run start="458" length="8" level="95"/>
        <run start="457" length="7" level="92"/>
        <run start="455" length="7" level="108"/>
        <run start="453" length="7" level="89"/>
        <run start="452" length="7" level="93"/>
        <run start="450" length="7" level="108"/>
        <run start="448" length="7" level="67"/>
        <run start="446" length="11" level="63"/>
        <run start="445" length="14" level="43"/>
        <run start="445" length="15" level="36"/>
        <run start="446" length="16" level="51"/>
        <run start="448" length="16" level="42"/>
        <run start="449" length="17" level="48"/>
        <run start="451" length="16" level="43"/>
        <run start="453" length="15" level="46"/>
        <run start="455" length="13" level="42"/>
        <run start="457" length="11" level="49"/>
        <run start="459" length="9" level="44"/>
        <run start="460" length="8" level="50"/>
        <run start="460" length="8" level="63"/>
        <run start="458" length="9" level="98"/>
        <run start="457" length="7" level="92"/>
        <run start="455" length="7" level="89"/>
        <run start="453" length="8" level="95"/>
        <run start="452" length="7" level="93"/>
        <run start="450" length="7" level="108"/>
        <run start="448" length="7" level="67"/>
        <run start="446" length="10" level="58"/>
        <run start="445" length="13" level="46"/>
        <run start="445" length="15" level="44"/>
        <run start="446" length="16" level="51"/>
        <run start="448" length="16" level="42"/>
        <run start="449" length="17" level="48"/>
        <run start="451" length="16" level="43"/>
        <run start="453" length="15" level="46"/>
        <run start="455" length="13" level="42"/>
        <run start="457" length="11" level="49"/>
        <run start="459" length="9" level="44"/>
        <run start="460" length="8" level="66"/>
        <run start="462" length="6" level="65"/>
        <run start="461" length="7" level="90"/>
        <run start="459" length="8" level="95"/>
        <run start="457" length="8" level="95"/>
        <run start="456" length="7" level="92"/>
        <run start="456" length="5" level="135"/>
        <run start="457" length="2" level="198"/>
    </section>
</members></stick>
