<?xml version="1.0" encoding="UTF-8"?>
<stick id="996" interline="21" shape="NATURAL">
    <is-within-system>true</is-within-system>
    <has-ledger>false</has-ledger>
    <stem-number>0</stem-number>
    <step-line>-0.9302325581395349</step-line>
    <moments>
        <k>1.1791383219954648</k>
        <k>0.8571428571428571</k>
        <k>3.0952380952380953</k>
        <k>0.05796822371415543</k>
        <k>0.059549826467910884</k>
        <k>0.4123921754096496</k>
        <k>-8.231578718938532E-4</k>
        <k>2.8460017020332096E-5</k>
        <k>0.005697154180930513</k>
        <k>0.018188086172016508</k>
        <k>0.47036039912380506</k>
        <k>0.1398010648648832</k>
        <k>6.486415935039428E-4</k>
        <k>3.5559839507781556E-4</k>
        <k>1.7078054024714928E-7</k>
        <k>1.3034240302969524E-4</k>
        <k>7.051687084663437E-10</k>
        <k>638.9192307692308</k>
        <k>2755.982692307692</k>
    </moments><members>
    <section id="2044" first-pos="631">
        <run start="2724" length="23" level="163"/>
        <run start="2724" length="23" level="53"/>
        <run start="2724" length="23" level="125"/>
    </section>
    <section id="2055" first-pos="634">
        <run start="2741" length="11" level="140"/>
        <run start="2741" length="10" level="146"/>
        <run start="2741" length="10" level="146"/>
        <run start="2740" length="11" level="147"/>
        <run start="2740" length="11" level="140"/>
        <run start="2740" length="10" level="146"/>
        <run start="2740" length="10" level="146"/>
        <run start="2739" length="11" level="152"/>
        <run start="2739" length="10" level="136"/>
        <run start="2739" length="9" level="129"/>
    </section>
    <section id="2045" first-pos="631">
        <run start="2749" length="24" level="188"/>
        <run start="2748" length="25" level="52"/>
        <run start="2748" length="25" level="84"/>
    </section>
    <section id="2056" first-pos="634">
        <run start="2761" length="11" level="121"/>
        <run start="2762" length="10" level="126"/>
        <run start="2762" length="10" level="126"/>
        <run start="2762" length="10" level="127"/>
        <run start="2761" length="10" level="126"/>
        <run start="2761" length="10" level="126"/>
        <run start="2761" length="10" level="122"/>
        <run start="2760" length="11" level="120"/>
        <run start="2760" length="10" level="126"/>
        <run start="2760" length="10" level="125"/>
    </section>
    <section id="2081" first-pos="644">
        <run start="2738" length="51" level="166"/>
        <run start="2738" length="51" level="59"/>
        <run start="2738" length="51" level="98"/>
    </section>
    <section id="2082" first-pos="647">
        <run start="2746" length="4" level="189"/>
        <run start="2746" length="1" level="200"/>
    </section>
    <section id="2083" first-pos="647">
        <run start="2762" length="5" level="169"/>
    </section>
    <section id="2084" first-pos="647">
        <run start="2780" length="9" level="131"/>
    </section>
</members></stick>
