<?xml version="1.0" encoding="UTF-8"?>
<stick id="2323" interline="22" shape="QUARTER_REST">
    <is-within-system>true</is-within-system>
    <has-ledger>false</has-ledger>
    <stem-number>0</stem-number>
    <step-line>4.183908045977011</step-line>
    <moments>
        <k>0.9772727272727273</k>
        <k>1.0454545454545454</k>
        <k>2.6363636363636362</k>
        <k>0.05264869627600009</k>
        <k>-0.08395881240987561</k>
        <k>0.43375978396243287</k>
        <k>-0.001584805087061002</k>
        <k>0.012152071648492357</k>
        <k>-0.012212069709150562</k>
        <k>-0.03654468960578525</k>
        <k>0.48640848023843297</k>
        <k>0.1734419898826426</k>
        <k>0.006557732990505228</k>
        <k>7.853535649527854E-4</k>
        <k>8.137973540239965E-7</k>
        <k>4.11924671581958E-5</k>
        <k>1.5856348038602634E-6</k>
        <k>376.8477801268499</k>
        <k>639.0274841437632</k>
    </moments><members>
    <section id="1304" first-pos="366">
        <run start="653" length="3" level="129"/>
    </section>
    <section id="1308" first-pos="367">
        <run start="650" length="10" level="91"/>
        <run start="648" length="14" level="38"/>
        <run start="647" length="16" level="17"/>
        <run start="646" length="18" level="15"/>
        <run start="645" length="20" level="14"/>
        <run start="645" length="21" level="26"/>
    </section>
    <section id="1334" first-pos="373">
        <run start="644" length="12" level="32"/>
        <run start="644" length="10" level="14"/>
        <run start="643" length="10" level="25"/>
        <run start="643" length="9" level="16"/>
        <run start="643" length="8" level="1"/>
    </section>
    <section id="1361" first-pos="378">
        <run start="621" length="30" level="38"/>
        <run start="618" length="32" level="32"/>
    </section>
    <section id="1333" first-pos="373">
        <run start="628" length="8" level="73"/>
        <run start="627" length="11" level="46"/>
        <run start="626" length="12" level="42"/>
        <run start="624" length="16" level="56"/>
        <run start="623" length="18" level="45"/>
    </section>
    <section id="1329" first-pos="372">
        <run start="632" length="2" level="100"/>
    </section>
    <section id="1365" first-pos="380">
        <run start="613" length="22" level="60"/>
        <run start="615" length="18" level="43"/>
        <run start="616" length="16" level="36"/>
        <run start="616" length="15" level="39"/>
        <run start="617" length="13" level="69"/>
    </section>
    <section id="1341" first-pos="375">
        <run start="609" length="1" level="68"/>
        <run start="609" length="3" level="45"/>
        <run start="609" length="5" level="67"/>
        <run start="610" length="7" level="140"/>
        <run start="612" length="5" level="157"/>
    </section>
    <section id="1382" first-pos="385">
        <run start="620" length="8" level="108"/>
    </section>
    <section id="1384" first-pos="386">
        <run start="623" length="3" level="171"/>
    </section>
    <section id="1366" first-pos="380">
        <run start="637" length="13" level="32"/>
        <run start="639" length="11" level="41"/>
        <run start="642" length="8" level="19"/>
        <run start="643" length="7" level="22"/>
        <run start="644" length="6" level="25"/>
        <run start="645" length="6" level="69"/>
        <run start="647" length="4" level="37"/>
        <run start="648" length="3" level="48"/>
        <run start="649" length="2" level="140"/>
    </section>
    <section id="1335" first-pos="373">
        <run start="659" length="7" level="53"/>
        <run start="662" length="5" level="77"/>
        <run start="664" length="3" level="40"/>
        <run start="665" length="2" level="114"/>
    </section>
</members></stick>
