<?xml version="1.0" encoding="UTF-8"?>
<stick id="2317" interline="21" shape="TIME_THREE_FOUR">
    <is-within-system>true</is-within-system>
    <has-ledger>false</has-ledger>
    <stem-number>0</stem-number>
    <step-line>-0.32941176470588235</step-line>
    <moments>
        <k>2.804988662131519</k>
        <k>1.4285714285714286</k>
        <k>4.142857142857143</k>
        <k>0.04740306045514026</k>
        <k>0.01119847349719171</k>
        <k>0.4996516875192287</k>
        <k>-0.005014083506228678</k>
        <k>-0.006443143129100031</k>
        <k>0.0019488861684407287</k>
        <k>0.044148842048978613</k>
        <k>0.547054747974369</k>
        <k>0.20503044391602218</k>
        <k>0.004147446661579343</k>
        <k>0.0014311151657561154</k>
        <k>3.1937362054447986E-6</k>
        <k>6.335446514072357E-4</k>
        <k>-1.3987270230671849E-6</k>
        <k>324.71382376717867</k>
        <k>324.22473726758284</k>
    </moments><members>
    <section id="1183" first-pos="308">
        <run start="312" length="7" level="180"/>
        <run start="310" length="10" level="56"/>
        <run start="308" length="14" level="61"/>
        <run start="307" length="16" level="62"/>
    </section>
    <section id="1200" first-pos="312">
        <run start="306" length="10" level="77"/>
        <run start="306" length="10" level="78"/>
        <run start="306" length="10" level="89"/>
        <run start="305" length="10" level="123"/>
    </section>
    <section id="1218" first-pos="316">
        <run start="305" length="2" level="200"/>
        <run start="304" length="3" level="200"/>
        <run start="304" length="3" level="200"/>
        <run start="303" length="4" level="197"/>
        <run start="302" length="5" level="167"/>
        <run start="302" length="5" level="135"/>
        <run start="302" length="5" level="135"/>
        <run start="302" length="5" level="135"/>
        <run start="301" length="6" level="138"/>
        <run start="301" length="6" level="112"/>
        <run start="300" length="6" level="104"/>
        <run start="299" length="7" level="89"/>
        <run start="298" length="7" level="60"/>
    </section>
    <section id="1246" first-pos="329">
        <run start="285" length="20" level="78"/>
        <run start="285" length="19" level="36"/>
        <run start="285" length="19" level="48"/>
        <run start="285" length="18" level="47"/>
        <run start="288" length="15" level="24"/>
        <run start="284" length="18" level="78"/>
    </section>
    <section id="1211" first-pos="315">
        <run start="285" length="6" level="148"/>
        <run start="285" length="5" level="155"/>
        <run start="285" length="5" level="155"/>
        <run start="285" length="5" level="156"/>
        <run start="285" length="5" level="156"/>
        <run start="285" length="5" level="156"/>
        <run start="285" length="5" level="156"/>
        <run start="285" length="5" level="157"/>
        <run start="285" length="5" level="157"/>
        <run start="285" length="5" level="157"/>
        <run start="285" length="6" level="155"/>
        <run start="285" length="7" level="133"/>
        <run start="285" length="8" level="117"/>
        <run start="285" length="9" level="104"/>
    </section>
    <section id="1192" first-pos="310">
        <run start="291" length="7" level="162"/>
        <run start="290" length="9" level="62"/>
        <run start="289" length="11" level="51"/>
        <run start="288" length="12" level="43"/>
        <run start="285" length="15" level="80"/>
    </section>
    <section id="1212" first-pos="315">
        <run start="292" length="8" level="59"/>
        <run start="293" length="6" level="79"/>
        <run start="294" length="4" level="145"/>
    </section>
    <section id="1257" first-pos="335">
        <run start="284" length="4" level="200"/>
    </section>
    <section id="1258" first-pos="335">
        <run start="290" length="11" level="63"/>
        <run start="292" length="7" level="129"/>
    </section>
    <section id="1219" first-pos="316">
        <run start="310" length="4" level="128"/>
    </section>
    <section id="1201" first-pos="312">
        <run start="318" length="6" level="56"/>
        <run start="319" length="5" level="57"/>
        <run start="320" length="5" level="43"/>
        <run start="320" length="6" level="48"/>
        <run start="320" length="7" level="69"/>
        <run start="320" length="7" level="80"/>
        <run start="321" length="7" level="97"/>
        <run start="321" length="7" level="97"/>
        <run start="321" length="7" level="97"/>
        <run start="321" length="7" level="97"/>
        <run start="321" length="7" level="97"/>
        <run start="321" length="7" level="97"/>
        <run start="321" length="7" level="96"/>
    </section>
    <section id="1239" first-pos="325">
        <run start="320" length="23" level="65"/>
        <run start="320" length="22" level="60"/>
        <run start="320" length="21" level="65"/>
        <run start="319" length="20" level="75"/>
        <run start="318" length="20" level="77"/>
        <run start="315" length="21" level="88"/>
    </section>
    <section id="1206" first-pos="313">
        <run start="353" length="6" level="87"/>
        <run start="350" length="7" level="89"/>
        <run start="349" length="7" level="86"/>
        <run start="348" length="7" level="119"/>
        <run start="348" length="5" level="161"/>
        <run start="345" length="7" level="180"/>
        <run start="343" length="9" level="143"/>
        <run start="340" length="10" level="131"/>
        <run start="338" length="11" level="81"/>
        <run start="335" length="13" level="74"/>
        <run start="332" length="14" level="68"/>
        <run start="329" length="15" level="59"/>
    </section>
    <section id="1190" first-pos="309">
        <run start="359" length="4" level="63"/>
        <run start="358" length="5" level="50"/>
        <run start="357" length="6" level="42"/>
        <run start="356" length="7" level="42"/>
    </section>
    <section id="1207" first-pos="313">
        <run start="360" length="3" level="86"/>
        <run start="360" length="3" level="86"/>
        <run start="360" length="3" level="91"/>
        <run start="361" length="2" level="128"/>
        <run start="361" length="2" level="128"/>
        <run start="361" length="2" level="128"/>
        <run start="361" length="2" level="128"/>
        <run start="361" length="2" level="128"/>
        <run start="361" length="2" level="128"/>
        <run start="361" length="2" level="128"/>
        <run start="361" length="2" level="128"/>
        <run start="361" length="2" level="126"/>
        <run start="360" length="3" level="80"/>
    </section>
    <section id="1241" first-pos="326">
        <run start="344" length="27" level="78"/>
        <run start="343" length="28" level="68"/>
        <run start="342" length="29" level="65"/>
        <run start="340" length="31" level="68"/>
        <run start="339" length="32" level="59"/>
        <run start="338" length="33" level="57"/>
        <run start="338" length="33" level="52"/>
    </section>
    <section id="1236" first-pos="324">
        <run start="349" length="3" level="200"/>
        <run start="348" length="6" level="209"/>
    </section>
    <section id="1237" first-pos="324">
        <run start="370" length="1" level="200"/>
        <run start="367" length="4" level="167"/>
    </section>
    <section id="1254" first-pos="333">
        <run start="338" length="27" level="70"/>
    </section>
    <section id="1256" first-pos="334">
        <run start="361" length="3" level="91"/>
        <run start="361" length="2" level="128"/>
        <run start="361" length="2" level="128"/>
        <run start="361" length="2" level="137"/>
    </section>
    <section id="1255" first-pos="333">
        <run start="367" length="1" level="66"/>
    </section>
    <section id="1249" first-pos="331">
        <run start="306" length="20" level="52"/>
        <run start="306" length="19" level="46"/>
        <run start="306" length="18" level="45"/>
        <run start="306" length="18" level="49"/>
        <run start="306" length="17" level="52"/>
        <run start="306" length="16" level="61"/>
        <run start="306" length="14" level="120"/>
    </section>
    <section id="1244" first-pos="328">
        <run start="306" length="1" level="200"/>
        <run start="306" length="4" level="182"/>
        <run start="306" length="8" level="155"/>
    </section>
    <section id="1250" first-pos="331">
        <run start="327" length="8" level="107"/>
        <run start="327" length="7" level="122"/>
        <run start="327" length="6" level="155"/>
        <run start="327" length="3" level="200"/>
    </section>
</members></stick>
