<?xml version="1.0" encoding="UTF-8"?>
<stick id="382" interline="22" shape="TIME_FOUR">
    <is-within-system>true</is-within-system>
    <has-ledger>false</has-ledger>
    <stem-number>0</stem-number>
    <step-line>2.4367816091954024</step-line>
    <moments>
        <k>1.0516528925619835</k>
        <k>1.3181818181818181</k>
        <k>1.8636363636363635</k>
        <k>0.07957152221943607</k>
        <k>-0.01789064322253935</k>
        <k>0.24700606220889737</k>
        <k>-0.02038789031635664</k>
        <k>0.013794119971003787</k>
        <k>0.01287701535691242</k>
        <k>-0.027366558762209895</k>
        <k>0.32657758442833346</k>
        <k>0.02931462564114728</k>
        <k>0.008209648671276023</k>
        <k>2.4062433739744255E-4</k>
        <k>-2.0599669122154036E-7</k>
        <k>1.4102622157412382E-5</k>
        <k>2.682229568407377E-7</k>
        <k>327.16895874263264</k>
        <k>619.5363457760315</k>
    </moments><members>
    <section id="1194" first-pos="310">
        <run start="628" length="4" level="134"/>
        <run start="627" length="5" level="70"/>
        <run start="626" length="6" level="58"/>
        <run start="624" length="8" level="54"/>
        <run start="623" length="9" level="75"/>
    </section>
    <section id="1215" first-pos="315">
        <run start="621" length="7" level="108"/>
        <run start="620" length="5" level="56"/>
    </section>
    <section id="1222" first-pos="317">
        <run start="617" length="7" level="93"/>
        <run start="616" length="6" level="87"/>
        <run start="615" length="6" level="121"/>
        <run start="613" length="7" level="150"/>
        <run start="611" length="8" level="143"/>
        <run start="609" length="9" level="112"/>
        <run start="607" length="10" level="81"/>
        <run start="604" length="11" level="42"/>
        <run start="601" length="13" level="44"/>
        <run start="598" length="14" level="27"/>
        <run start="598" length="13" level="17"/>
        <run start="598" length="12" level="34"/>
        <run start="598" length="10" level="22"/>
        <run start="598" length="9" level="24"/>
        <run start="598" length="8" level="52"/>
        <run start="598" length="6" level="36"/>
        <run start="598" length="5" level="43"/>
        <run start="598" length="4" level="54"/>
        <run start="598" length="3" level="208"/>
    </section>
    <section id="1220" first-pos="316">
        <run start="618" length="1" level="198"/>
    </section>
    <section id="1216" first-pos="315">
        <run start="629" length="3" level="86"/>
        <run start="629" length="3" level="140"/>
        <run start="630" length="2" level="128"/>
        <run start="630" length="2" level="128"/>
        <run start="630" length="2" level="128"/>
        <run start="630" length="2" level="128"/>
        <run start="630" length="2" level="128"/>
        <run start="630" length="2" level="128"/>
        <run start="630" length="2" level="128"/>
        <run start="630" length="2" level="128"/>
        <run start="630" length="2" level="128"/>
        <run start="630" length="3" level="117"/>
    </section>
    <section id="1243" first-pos="327">
        <run start="615" length="24" level="111"/>
        <run start="613" length="26" level="67"/>
        <run start="612" length="27" level="65"/>
        <run start="610" length="29" level="63"/>
        <run start="609" length="30" level="58"/>
        <run start="608" length="31" level="56"/>
        <run start="607" length="32" level="55"/>
        <run start="607" length="32" level="57"/>
    </section>
    <section id="1240" first-pos="325">
        <run start="635" length="4" level="168"/>
        <run start="635" length="4" level="168"/>
    </section>
    <section id="1238" first-pos="324">
        <run start="635" length="1" level="144"/>
    </section>
    <section id="1234" first-pos="323">
        <run start="638" length="1" level="200"/>
        <run start="637" length="2" level="200"/>
    </section>
    <section id="1259" first-pos="335">
        <run start="607" length="8" level="192"/>
    </section>
    <section id="1260" first-pos="335">
        <run start="616" length="17" level="155"/>
    </section>
    <section id="1263" first-pos="336">
        <run start="630" length="3" level="86"/>
        <run start="630" length="2" level="91"/>
        <run start="630" length="1" level="181"/>
    </section>
    <section id="1261" first-pos="335">
        <run start="634" length="2" level="167"/>
    </section>
</members></stick>
