<?xml version="1.0" encoding="UTF-8"?>
<stick id="381" interline="22" shape="TIME_THREE">
    <is-within-system>true</is-within-system>
    <has-ledger>false</has-ledger>
    <stem-number>0</stem-number>
    <step-line>-1.793103448275862</step-line>
    <moments>
        <k>1.328512396694215</k>
        <k>1.3636363636363635</k>
        <k>1.9545454545454546</k>
        <k>0.1070674948495983</k>
        <k>-0.002754204684563989</k>
        <k>0.26339951090870245</k>
        <k>-0.007585465226776421</k>
        <k>4.414821128022736E-4</k>
        <k>-0.006244146681751512</k>
        <k>-0.017246024388856373</k>
        <k>0.3704670057583007</k>
        <k>0.024470041818881894</k>
        <k>4.6911743063592434E-4</k>
        <k>4.736508066481871E-4</k>
        <k>1.0184469439488234E-8</k>
        <k>1.1686924340364903E-5</k>
        <k>2.2303648213748045E-7</k>
        <k>324.95956454121307</k>
        <k>573.7029548989113</k>
    </moments><members>
    <section id="1193" first-pos="310">
        <run start="577" length="9" level="53"/>
        <run start="576" length="12" level="29"/>
        <run start="574" length="15" level="59"/>
    </section>
    <section id="1208" first-pos="313">
        <run start="573" length="9" level="64"/>
        <run start="572" length="10" level="78"/>
        <run start="572" length="10" level="78"/>
        <run start="572" length="9" level="93"/>
    </section>
    <section id="1221" first-pos="317">
        <run start="572" length="1" level="200"/>
        <run start="571" length="2" level="200"/>
        <run start="570" length="3" level="200"/>
        <run start="570" length="3" level="200"/>
        <run start="569" length="4" level="171"/>
        <run start="568" length="5" level="137"/>
        <run start="568" length="5" level="135"/>
        <run start="568" length="5" level="135"/>
        <run start="567" length="6" level="113"/>
        <run start="567" length="6" level="112"/>
        <run start="566" length="7" level="97"/>
        <run start="566" length="7" level="96"/>
        <run start="565" length="10" level="107"/>
    </section>
    <section id="1247" first-pos="330">
        <run start="564" length="7" level="39"/>
    </section>
    <section id="1251" first-pos="331">
        <run start="552" length="18" level="34"/>
        <run start="553" length="17" level="39"/>
        <run start="553" length="16" level="38"/>
        <run start="554" length="14" level="29"/>
        <run start="555" length="12" level="23"/>
        <run start="557" length="9" level="30"/>
    </section>
    <section id="1213" first-pos="315">
        <run start="553" length="4" level="143"/>
        <run start="552" length="5" level="156"/>
        <run start="552" length="4" level="194"/>
        <run start="552" length="4" level="194"/>
        <run start="552" length="4" level="194"/>
        <run start="552" length="4" level="195"/>
        <run start="552" length="4" level="196"/>
        <run start="552" length="3" level="200"/>
        <run start="552" length="4" level="196"/>
        <run start="552" length="4" level="196"/>
        <run start="552" length="4" level="196"/>
        <run start="552" length="4" level="195"/>
        <run start="552" length="5" level="158"/>
        <run start="552" length="5" level="157"/>
        <run start="552" length="6" level="132"/>
        <run start="552" length="8" level="99"/>
    </section>
    <section id="1202" first-pos="312">
        <run start="556" length="9" level="30"/>
        <run start="556" length="9" level="29"/>
        <run start="554" length="12" level="40"/>
    </section>
    <section id="1196" first-pos="311">
        <run start="559" length="3" level="85"/>
    </section>
    <section id="1214" first-pos="315">
        <run start="558" length="8" level="33"/>
        <run start="558" length="7" level="38"/>
        <run start="559" length="6" level="44"/>
        <run start="560" length="3" level="86"/>
    </section>
    <section id="1264" first-pos="337">
        <run start="560" length="3" level="86"/>
    </section>
    <section id="1248" first-pos="330">
        <run start="572" length="4" level="199"/>
        <run start="572" length="5" level="163"/>
    </section>
    <section id="1253" first-pos="332">
        <run start="572" length="21" level="56"/>
        <run start="572" length="19" level="41"/>
        <run start="572" length="19" level="43"/>
        <run start="572" length="18" level="56"/>
        <run start="572" length="16" level="49"/>
        <run start="573" length="14" level="42"/>
        <run start="576" length="10" level="46"/>
    </section>
    <section id="1209" first-pos="313">
        <run start="584" length="6" level="48"/>
        <run start="585" length="6" level="48"/>
        <run start="586" length="6" level="48"/>
        <run start="586" length="7" level="66"/>
        <run start="587" length="7" level="72"/>
        <run start="587" length="8" level="86"/>
        <run start="587" length="8" level="85"/>
        <run start="587" length="8" level="85"/>
        <run start="587" length="8" level="85"/>
        <run start="587" length="8" level="85"/>
        <run start="587" length="8" level="85"/>
        <run start="587" length="8" level="85"/>
        <run start="587" length="8" level="84"/>
        <run start="587" length="8" level="84"/>
        <run start="586" length="9" level="78"/>
        <run start="586" length="9" level="75"/>
        <run start="585" length="10" level="70"/>
        <run start="585" length="10" level="67"/>
        <run start="583" length="10" level="49"/>
    </section>
    <section id="1266" first-pos="339">
        <run start="582" length="2" level="227"/>
    </section>
</members></stick>
