<?xml version="1.0" encoding="UTF-8"?>
<stick id="1922" interline="21" shape="VOID_NOTEHEAD">
    <is-within-system>true</is-within-system>
    <has-ledger>false</has-ledger>
    <stem-number>1</stem-number>
    <step-line>5.0476190476190474</step-line>
    <moments>
        <k>0.7392290249433107</k>
        <k>1.1904761904761905</k>
        <k>1.1428571428571428</k>
        <k>0.15765397978685902</k>
        <k>-0.01137055570320778</k>
        <k>0.17226569111518203</k>
        <k>-0.007594576939101398</k>
        <k>-0.003900351603305679</k>
        <k>-0.005516181172096789</k>
        <k>0.0021487957642271826</k>
        <k>0.32991967090204105</k>
        <k>7.306602559412468E-4</k>
        <k>2.719918783915401E-4</k>
        <k>1.74959926107759E-4</k>
        <k>-6.66324757651146E-9</k>
        <k>-3.511271992121865E-6</k>
        <k>3.758066547607017E-8</k>
        <k>224.38036809815952</k>
        <k>2477.3098159509204</k>
    </moments><members>
    <section id="933" first-pos="212">
        <run start="2471" length="9" level="58"/>
        <run start="2471" length="7" level="5"/>
        <run start="2470" length="8" level="34"/>
        <run start="2470" length="7" level="34"/>
        <run start="2469" length="7" level="34"/>
        <run start="2468" length="8" level="80"/>
        <run start="2467" length="8" level="105"/>
        <run start="2467" length="7" level="91"/>
        <run start="2466" length="8" level="131"/>
        <run start="2466" length="7" level="120"/>
        <run start="2466" length="7" level="150"/>
        <run start="2466" length="6" level="140"/>
        <run start="2466" length="6" level="176"/>
        <run start="2466" length="5" level="169"/>
        <run start="2466" length="5" level="204"/>
        <run start="2466" length="4" level="200"/>
        <run start="2466" length="4" level="200"/>
        <run start="2466" length="3" level="200"/>
        <run start="2466" length="4" level="200"/>
        <run start="2466" length="5" level="177"/>
        <run start="2466" length="6" level="150"/>
    </section>
    <section id="1017" first-pos="233">
        <run start="2466" length="19" level="82"/>
        <run start="2466" length="18" level="72"/>
    </section>
    <section id="934" first-pos="212">
        <run start="2482" length="6" level="78"/>
        <run start="2484" length="4" level="8"/>
        <run start="2484" length="4" level="51"/>
        <run start="2485" length="4" level="67"/>
        <run start="2485" length="4" level="65"/>
        <run start="2486" length="4" level="68"/>
        <run start="2486" length="4" level="23"/>
        <run start="2485" length="5" level="52"/>
        <run start="2485" length="5" level="52"/>
        <run start="2485" length="5" level="19"/>
        <run start="2484" length="6" level="43"/>
        <run start="2483" length="7" level="46"/>
        <run start="2482" length="8" level="41"/>
        <run start="2482" length="8" level="33"/>
        <run start="2481" length="9" level="36"/>
        <run start="2481" length="9" level="50"/>
        <run start="2480" length="9" level="36"/>
        <run start="2480" length="9" level="50"/>
        <run start="2479" length="9" level="56"/>
        <run start="2478" length="9" level="35"/>
        <run start="2477" length="10" level="70"/>
    </section>
    <section id="1029" first-pos="235">
        <run start="2470" length="12" level="69"/>
        <run start="2472" length="8" level="205"/>
    </section>
</members></stick>
