<?xml version="1.0" encoding="UTF-8"?>
<stick id="1610" interline="21" shape="VOID_NOTEHEAD">
    <is-within-system>true</is-within-system>
    <has-ledger>false</has-ledger>
    <stem-number>1</stem-number>
    <step-line>5.129411764705883</step-line>
    <moments>
        <k>0.7256235827664399</k>
        <k>1.1428571428571428</k>
        <k>1.1904761904761905</k>
        <k>0.1400946044921875</k>
        <k>0.005784301757812601</k>
        <k>0.18689929199218766</k>
        <k>-0.003320572973777771</k>
        <k>-0.004144255547372097</k>
        <k>-0.009734337632921494</k>
        <k>0.010625415635193296</k>
        <k>0.32699389648437516</k>
        <k>0.0023245113592744076</k>
        <k>0.0012015804664041799</k>
        <k>2.1243612703287547E-4</k>
        <k>-8.513927085021409E-8</k>
        <k>-7.968565348666074E-6</k>
        <k>-6.535227689724719E-8</k>
        <k>485.46875</k>
        <k>1259.13125</k>
    </moments><members>
    <section id="1643" first-pos="474">
        <run start="1253" length="9" level="56"/>
        <run start="1252" length="9" level="56"/>
        <run start="1251" length="9" level="56"/>
        <run start="1248" length="11" level="79"/>
        <run start="1248" length="10" level="62"/>
        <run start="1248" length="9" level="60"/>
        <run start="1248" length="9" level="69"/>
        <run start="1248" length="8" level="68"/>
        <run start="1248" length="8" level="78"/>
        <run start="1248" length="7" level="78"/>
        <run start="1248" length="7" level="89"/>
        <run start="1248" length="6" level="91"/>
        <run start="1248" length="6" level="105"/>
        <run start="1248" length="5" level="110"/>
        <run start="1248" length="5" level="110"/>
        <run start="1248" length="5" level="110"/>
        <run start="1248" length="5" level="111"/>
        <run start="1248" length="5" level="111"/>
        <run start="1248" length="6" level="122"/>
        <run start="1248" length="7" level="122"/>
    </section>
    <section id="1721" first-pos="494">
        <run start="1251" length="17" level="81"/>
        <run start="1252" length="14" level="34"/>
        <run start="1253" length="11" level="64"/>
    </section>
    <section id="1644" first-pos="474">
        <run start="1266" length="4" level="80"/>
        <run start="1267" length="3" level="96"/>
        <run start="1268" length="3" level="86"/>
        <run start="1268" length="3" level="95"/>
        <run start="1269" length="3" level="86"/>
        <run start="1268" length="4" level="106"/>
        <run start="1268" length="5" level="52"/>
        <run start="1268" length="5" level="52"/>
        <run start="1267" length="6" level="76"/>
        <run start="1267" length="6" level="44"/>
        <run start="1266" length="7" level="65"/>
        <run start="1265" length="8" level="63"/>
        <run start="1265" length="7" level="37"/>
        <run start="1264" length="8" level="56"/>
        <run start="1263" length="9" level="50"/>
        <run start="1263" length="9" level="35"/>
        <run start="1262" length="9" level="56"/>
        <run start="1261" length="9" level="50"/>
        <run start="1261" length="9" level="36"/>
        <run start="1259" length="10" level="69"/>
    </section>
    <section id="1730" first-pos="497">
        <run start="1256" length="5" level="110"/>
    </section>
</members></stick>
