<?xml version="1.0" encoding="UTF-8" standalone="yes"?>
<samples sheet-name="IMSLP00001#17">
    <sample shape="CLUTTER" interline="22" left="240" top="417" id="333">
        <run-table orientation="VERTICAL" width="21" height="58">
            <runs>0 4 54</runs>
            <runs>0 3 37 5 1</runs>
            <runs>0 3 12 15 7</runs>
            <runs></runs>
            <runs></runs>
            <runs></runs>
            <runs></runs>
            <runs></runs>
            <runs></runs>
            <runs></runs>
            <runs></runs>
            <runs></runs>
            <runs></runs>
            <runs></runs>
            <runs></runs>
            <runs></runs>
            <runs></runs>
            <runs></runs>
            <runs></runs>
            <runs>0 9 18</runs>
            <runs>27</runs>
        </run-table>
    </sample>
</samples>
