<?xml version="1.0" encoding="UTF-8" standalone="yes"?>
<samples sheet-name="IMSLP00121#22">
    <sample shape="FLAT" interline="19" pitch="2.1" left="358" top="2118" id="373">
        <run-table orientation="VERTICAL" width="20" height="49">
            <runs>0 2 30</runs>
            <runs>48</runs>
            <runs>49</runs>
            <runs>49</runs>
            <runs>0 1 48</runs>
            <runs>0 2 3 18 11</runs>
            <runs></runs>
            <runs></runs>
            <runs></runs>
            <runs>0 40 2</runs>
            <runs>0 39 8</runs>
            <runs>0 35 12</runs>
            <runs>0 24 23</runs>
            <runs>0 24 18</runs>
            <runs>0 24 18</runs>
            <runs>0 24 17</runs>
            <runs>0 24 16</runs>
            <runs>0 24 15</runs>
            <runs>0 25 13</runs>
            <runs>0 25 12</runs>
        </run-table>
    </sample>
</samples>
