<?xml version="1.0" encoding="UTF-8" standalone="yes"?>
<samples sheet-name="IMSLP296867#2">
    <sample shape="HW_REST_set" interline="20" left="1295" top="1541" id="5839">
        <run-table orientation="VERTICAL" width="31" height="14">
            <runs>13</runs>
            <runs>13</runs>
            <runs>13</runs>
            <runs>13</runs>
            <runs>13</runs>
            <runs>13</runs>
            <runs>13</runs>
            <runs>14</runs>
            <runs>14</runs>
            <runs>14</runs>
            <runs>14</runs>
            <runs>14</runs>
            <runs>14</runs>
            <runs>14</runs>
            <runs>14</runs>
            <runs>14</runs>
            <runs>0 1 13</runs>
            <runs>14</runs>
            <runs>14</runs>
            <runs>14</runs>
            <runs>14</runs>
            <runs>14</runs>
            <runs>14</runs>
            <runs>14</runs>
            <runs>14</runs>
            <runs>14</runs>
            <runs>14</runs>
            <runs>14</runs>
            <runs>14</runs>
            <runs>13</runs>
            <runs>0 4 1</runs>
        </run-table>
    </sample>
    <sample shape="G_CLEF" interline="20" left="399" top="449" id="151">
        <run-table orientation="VERTICAL" width="59" height="156">
            <runs>0 91 2 44 3</runs>
            <runs>0 80 24 30 10</runs>
            <runs>0 79 25 28 14</runs>
            <runs>0 77 29 25 17</runs>
            <runs>0 75 33 21 21</runs>
            <runs>0 73 37 19 22</runs>
            <runs>0 71 40 17 23</runs>
            <runs>0 70 20 9 13 15 25</runs>
            <runs>0 69 18 13 13 14 26</runs>
            <runs>0 68 18 21 7 13 27</runs>
            <runs>0 67 17 25 6 12 20 1 6</runs>
            <runs>0 65 19 26 6 11 20 2 5</runs>
            <runs>0 61 23 27 6 10 20 3 5</runs>
            <runs>0 61 23 28 5 10 20 3 5</runs>
            <runs>0 60 19 34 5 9 20 4 4</runs>
            <runs>0 60 18 36 5 9 18 5 5</runs>
            <runs>0 60 17 19 8 11 9 4 18 6 4</runs>
            <runs>0 60 16 14 14 12 8 5 16 7 4</runs>
            <runs>0 59 16 12 18 11 8 5 16 7 4</runs>
            <runs>0 58 16 12 21 10 7 6 14 8 4</runs>
            <runs>0 58 15 12 24 8 7 8 11 9 4</runs>
            <runs>0 57 15 9 29 8 2 14 7 10 4</runs>
            <runs>0 56 15 10 17 1 12 7 2 31 4</runs>
            <runs>0 56 15 10 13 6 11 7 2 31 4</runs>
            <runs>0 55 16 10 13 14 4 7 1 30 4</runs>
            <runs>0 54 16 11 12 16 4 6 1 29 5</runs>
            <runs>0 54 15 11 12 17 5 5 1 29 4</runs>
            <runs>0 53 15 11 12 19 4 34 4</runs>
            <runs>0 52 16 11 12 20 2 33 6</runs>
            <runs>0 51 16 12 12 53 7</runs>
            <runs>0 51 16 11 13 50 9</runs>
            <runs>0 50 16 12 13 45 12</runs>
            <runs>0 50 16 12 13 19 37</runs>
            <runs>0 49 18 10 67</runs>
            <runs>0 28 110</runs>
            <runs>0 21 94 2 11</runs>
            <runs>0 19 72</runs>
            <runs>0 16 53 7 15</runs>
            <runs>0 14 50 14 13</runs>
            <runs>0 12 22 11 19 14 14 27 1</runs>
            <runs>0 11 17 17 19 14 14 27 1</runs>
            <runs>0 10 17 13 24 14 14 26 2</runs>
            <runs>0 9 16 15 19 20 14 25 2</runs>
            <runs>0 8 15 17 18 22 13 24 7</runs>
            <runs>0 7 15 18 17 24 13 22 8</runs>
            <runs>0 5 15 20 17 24 14 20 9</runs>
            <runs>0 5 14 21 16 25 14 18 7</runs>
            <runs>0 4 14 21 16 26 16 15 7</runs>
            <runs>0 3 15 20 16 27 18 11 8</runs>
            <runs>0 2 15 20 16 28 23 4 9</runs>
            <runs>0 2 14 20 16 29 35</runs>
            <runs>0 1 15 18 16 36 29</runs>
            <runs>15 17 17 38 27</runs>
            <runs>16 14 17 41 24</runs>
            <runs>17 11 18 44 21</runs>
            <runs>44 48 17</runs>
            <runs>0 2 42 53 8</runs>
            <runs>0 6 37</runs>
            <runs>0 14 18</runs>
        </run-table>
    </sample>
    <sample shape="TIME_TWO" interline="20" left="544" top="492" id="208">
        <run-table orientation="VERTICAL" width="35" height="41">
            <runs>0 34 1</runs>
            <runs>0 29 7</runs>
            <runs>0 4 6 16 10</runs>
            <runs>0 3 9 13 8</runs>
            <runs>13 11 7</runs>
            <runs>14 9 7</runs>
            <runs>14 4 11</runs>
            <runs>14 4 11</runs>
            <runs>14 4 11</runs>
            <runs>14 4 12</runs>
            <runs>14 4 12</runs>
            <runs>0 3 10 8 1 1 9</runs>
            <runs>0 4 9 8 1 1 9</runs>
            <runs>0 5 7 11 10</runs>
            <runs>0 23 12</runs>
            <runs>0 24 11</runs>
            <runs>0 24 12</runs>
            <runs>0 24 12</runs>
            <runs>0 16 1 8 12</runs>
            <runs>0 16 1 8 12</runs>
            <runs>0 1 1 13 2 9 15</runs>
            <runs>0 1 2 11 3 9 15</runs>
            <runs>4 8 8 7 13</runs>
            <runs>20 8 13</runs>
            <runs>20 8 13</runs>
            <runs>20 9 12</runs>
            <runs>20 9 7</runs>
            <runs>20 9 7</runs>
            <runs>20 9 6</runs>
            <runs>20 8 6</runs>
            <runs>0 2 18 7 6</runs>
            <runs>0 3 13 9 7</runs>
            <runs>0 4 11 3 12</runs>
            <runs>0 6 7 5 10</runs>
            <runs>0 8 2 11 1 1 1</runs>
        </run-table>
    </sample>
    <sample shape="TIME_TWO_FOUR" interline="20" left="544" top="492" id="207">
        <run-table orientation="VERTICAL" width="35" height="78">
            <runs>0 34 1 32 5</runs>
            <runs>0 29 7 30 6</runs>
            <runs>0 4 6 16 10 29 7</runs>
            <runs>0 3 9 13 8 30 9</runs>
            <runs>13 11 7 31 5 1 4</runs>
            <runs>14 9 7 28 8 3 3</runs>
            <runs>14 4 11 29 7 4 3</runs>
            <runs>14 4 11 27 7 6 3</runs>
            <runs>14 4 11 25 8 7 3</runs>
            <runs>14 4 12 21 11 6 4</runs>
            <runs>14 4 12 18 13 7 4</runs>
            <runs>0 3 10 8 1 1 9 11 18 7 4</runs>
            <runs>0 4 9 8 1 1 9 10 19 8 3</runs>
            <runs>0 5 7 11 10 9 19 7 4</runs>
            <runs>0 23 12 8 18 7 4</runs>
            <runs>0 24 11 8 19 1 15</runs>
            <runs>0 24 12 7 13 2 20</runs>
            <runs>0 24 12 7 12 3 20</runs>
            <runs>0 16 1 8 12 6 11 4 20</runs>
            <runs>0 16 1 8 12 6 10 4 21</runs>
            <runs>0 1 1 13 2 9 15 2 9 4 22</runs>
            <runs>0 1 2 11 3 9 15 2 8 4 23</runs>
            <runs>4 8 8 7 13 3 8 3 24</runs>
            <runs>20 8 13 2 7 3 25</runs>
            <runs>20 8 13 2 5 3 27</runs>
            <runs>20 9 12 2 4 4 27</runs>
            <runs>20 9 7 6 4 10 1 9 12</runs>
            <runs>20 9 7 6 3 23 4</runs>
            <runs>20 9 6 7 2 24 4</runs>
            <runs>20 8 6 35 3</runs>
            <runs>0 2 18 7 6 36 3</runs>
            <runs>0 3 13 9 7 36 4</runs>
            <runs>0 4 11 3 12 39 3</runs>
            <runs>0 6 7 5 10 41 3</runs>
            <runs>0 8 2 11 1 1 1 45 3</runs>
        </run-table>
    </sample>
    <sample shape="QUARTER_REST" interline="20" left="1049" top="1531" id="5752">
        <run-table orientation="VERTICAL" width="23" height="64">
            <runs>0 49 1</runs>
            <runs>0 46 9</runs>
            <runs>0 44 13</runs>
            <runs>0 44 14</runs>
            <runs>0 25 8 10 17</runs>
            <runs>0 24 10 8 19</runs>
            <runs>0 22 12 8 21</runs>
            <runs>0 21 13 8 22</runs>
            <runs>0 20 15 7 13 5 4</runs>
            <runs>0 19 18 5 12 8 2</runs>
            <runs>0 1 1 16 20 4 12</runs>
            <runs>5 11 24 1 12</runs>
            <runs>53</runs>
            <runs>0 1 34 1 17</runs>
            <runs>0 3 31 5 14</runs>
            <runs>0 5 28 7 13</runs>
            <runs>0 6 22 14 11</runs>
            <runs>0 7 20 16 10</runs>
            <runs>0 9 17 19 8</runs>
            <runs>0 10 14 22 7</runs>
            <runs>0 10 13 25 2</runs>
            <runs>0 15 7 27 1</runs>
            <runs>0 18 2</runs>
        </run-table>
    </sample>
    <sample shape="QUARTER_REST" interline="20" left="3077" top="2004" id="6791">
        <run-table orientation="VERTICAL" width="23" height="64">
            <runs>0 49 7</runs>
            <runs>0 45 11</runs>
            <runs>0 44 13</runs>
            <runs>0 44 15</runs>
            <runs>0 27 3 13 18</runs>
            <runs>0 25 10 8 19</runs>
            <runs>0 23 12 8 20</runs>
            <runs>0 22 13 7 14 3 5</runs>
            <runs>0 21 15 6 14 5 3</runs>
            <runs>0 20 17 5 14</runs>
            <runs>0 18 21 3 14</runs>
            <runs>4 13 24 1 14</runs>
            <runs>5 7 44</runs>
            <runs>8 4 44</runs>
            <runs>0 2 33 3 18</runs>
            <runs>0 4 26 10 11</runs>
            <runs>0 6 23 12 10</runs>
            <runs>0 7 20 16 13</runs>
            <runs>0 8 18 19 11</runs>
            <runs>0 11 14 22 9</runs>
            <runs>0 12 12 24 8</runs>
            <runs>0 12 11 27 2</runs>
            <runs>0 17 5 29 1</runs>
        </run-table>
    </sample>
    <sample shape="EIGHTH_REST" interline="20" left="703" top="2178" id="5575">
        <run-table orientation="VERTICAL" width="25" height="44">
            <runs>0 9 5</runs>
            <runs>0 7 9</runs>
            <runs>0 6 11</runs>
            <runs>0 5 13</runs>
            <runs>0 5 13</runs>
            <runs>19</runs>
            <runs>19 19 2</runs>
            <runs>19 17 8</runs>
            <runs>20 15 9</runs>
            <runs>20 13 11</runs>
            <runs>0 5 15 11 13</runs>
            <runs>0 6 14 9 15</runs>
            <runs>0 7 17 4 16</runs>
            <runs>0 8 16 1 13</runs>
            <runs>0 13 22</runs>
            <runs>0 14 18</runs>
            <runs>0 14 16</runs>
            <runs>0 13 15</runs>
            <runs>0 13 13</runs>
            <runs>0 12 12</runs>
            <runs>0 11 13</runs>
            <runs>0 11 13</runs>
            <runs>0 10 7</runs>
            <runs>0 9 6</runs>
            <runs>0 9 4</runs>
        </run-table>
    </sample>
    <sample shape="EIGHTH_REST" interline="20" left="2145" top="1541" id="6235">
        <run-table orientation="VERTICAL" width="25" height="44">
            <runs>0 8 7</runs>
            <runs>0 7 9</runs>
            <runs>0 6 11</runs>
            <runs>0 5 13</runs>
            <runs>0 5 14</runs>
            <runs>23</runs>
            <runs>0 4 19 14 7</runs>
            <runs>0 4 19 12 9</runs>
            <runs>0 4 20 9 11</runs>
            <runs>0 5 19 7 13</runs>
            <runs>0 5 18 6 15</runs>
            <runs>0 6 17 5 15</runs>
            <runs>0 7 16 2 13</runs>
            <runs>0 9 26</runs>
            <runs>0 14 19</runs>
            <runs>0 14 17</runs>
            <runs>0 14 14</runs>
            <runs>0 13 12</runs>
            <runs>0 13 11</runs>
            <runs>0 12 12</runs>
            <runs>0 11 12</runs>
            <runs>0 10 7</runs>
            <runs>0 9 6</runs>
            <runs>0 9 5</runs>
            <runs>0 9 2</runs>
        </run-table>
    </sample>
    <sample shape="FLAG_1" interline="20" left="957" top="2198" id="5708">
        <run-table orientation="VERTICAL" width="22" height="59">
            <runs>16</runs>
            <runs>0 1 15</runs>
            <runs>0 6 10</runs>
            <runs>0 7 10</runs>
            <runs>0 9 8</runs>
            <runs>0 11 7</runs>
            <runs>0 12 7</runs>
            <runs>0 13 6</runs>
            <runs>0 14 10</runs>
            <runs>0 15 9</runs>
            <runs>0 16 8</runs>
            <runs>0 18 7</runs>
            <runs>0 19 6</runs>
            <runs>0 20 7</runs>
            <runs>0 21 8 26 4</runs>
            <runs>0 21 10 21 7</runs>
            <runs>0 21 13 15 10</runs>
            <runs>0 27 31</runs>
            <runs>0 28 28</runs>
            <runs>0 31 23</runs>
            <runs>0 33 17</runs>
            <runs>0 37 8</runs>
        </run-table>
    </sample>
    <sample shape="FLAG_1" interline="20" left="359" top="2147" id="5410">
        <run-table orientation="VERTICAL" width="21" height="58">
            <runs>16</runs>
            <runs>0 3 13</runs>
            <runs>0 6 10</runs>
            <runs>0 8 9</runs>
            <runs>0 9 8</runs>
            <runs>0 10 8</runs>
            <runs>0 10 8</runs>
            <runs>0 10 9</runs>
            <runs>0 10 10</runs>
            <runs>0 15 6</runs>
            <runs>0 17 5</runs>
            <runs>0 18 5</runs>
            <runs>0 19 6</runs>
            <runs>0 20 7</runs>
            <runs>0 22 12 22 2</runs>
            <runs>0 23 11 16 8</runs>
            <runs>0 24 10 15 9</runs>
            <runs>0 26 13 6 12</runs>
            <runs>0 28 27</runs>
            <runs>0 29 25</runs>
            <runs>0 30 24</runs>
        </run-table>
    </sample>
    <sample shape="FLAG_1" interline="20" left="2984" top="2206" id="6744">
        <run-table orientation="VERTICAL" width="23" height="62">
            <runs>19</runs>
            <runs>0 5 14</runs>
            <runs>0 8 11</runs>
            <runs>0 10 10</runs>
            <runs>0 11 9</runs>
            <runs>0 12 9</runs>
            <runs>0 14 7</runs>
            <runs>0 14 8</runs>
            <runs>0 15 8</runs>
            <runs>0 14 10</runs>
            <runs>0 14 11</runs>
            <runs>0 19 7</runs>
            <runs>0 21 5</runs>
            <runs>0 22 6</runs>
            <runs>0 23 6</runs>
            <runs>0 25 6</runs>
            <runs>0 26 7 25 4</runs>
            <runs>0 28 10 19 5</runs>
            <runs>0 29 10 15 8</runs>
            <runs>0 31 10 8 12</runs>
            <runs>0 32 26</runs>
            <runs>0 34 21</runs>
            <runs>0 35 16</runs>
        </run-table>
    </sample>
    <sample shape="FLAG_1_UP" interline="20" left="930" top="2033" id="5694">
        <run-table orientation="VERTICAL" width="23" height="59">
            <runs>0 41 18</runs>
            <runs>0 40 15</runs>
            <runs>0 40 12</runs>
            <runs>0 40 11</runs>
            <runs>0 40 9</runs>
            <runs>0 39 9</runs>
            <runs>0 38 10</runs>
            <runs>0 38 9</runs>
            <runs>0 37 9</runs>
            <runs>0 36 10</runs>
            <runs>0 36 10</runs>
            <runs>0 5 1 28 12</runs>
            <runs>0 5 1 27 13</runs>
            <runs>0 5 1 26 7</runs>
            <runs>0 5 1 25 7</runs>
            <runs>0 4 2 23 8</runs>
            <runs>0 4 2 16 14</runs>
            <runs>0 4 4 13 14</runs>
            <runs>0 3 30</runs>
            <runs>0 2 29</runs>
            <runs>0 2 26</runs>
            <runs>0 1 26</runs>
            <runs>6 8 4</runs>
        </run-table>
    </sample>
    <sample shape="FLAG_1_UP" interline="20" left="1119" top="2046" id="5786">
        <run-table orientation="VERTICAL" width="22" height="54">
            <runs>0 40 14</runs>
            <runs>0 40 12</runs>
            <runs>0 39 11</runs>
            <runs>0 39 10</runs>
            <runs>0 39 9</runs>
            <runs>0 38 9</runs>
            <runs>0 38 8</runs>
            <runs>0 37 8</runs>
            <runs>0 36 8</runs>
            <runs>0 35 8</runs>
            <runs>0 29 13</runs>
            <runs>0 29 11</runs>
            <runs>0 29 10</runs>
            <runs>0 29 9</runs>
            <runs>0 29 7</runs>
            <runs>0 27 8</runs>
            <runs>0 1 2 20 11</runs>
            <runs>6 10 17</runs>
            <runs>33</runs>
            <runs>0 1 25</runs>
            <runs>0 5 18</runs>
            <runs>0 13 1 1 4</runs>
        </run-table>
    </sample>
    <sample shape="FLAG_1_UP" interline="20" left="332" top="2025" id="5390">
        <run-table orientation="VERTICAL" width="21" height="56">
            <runs>0 41 15</runs>
            <runs>0 40 13</runs>
            <runs>0 40 13</runs>
            <runs>0 40 13</runs>
            <runs>0 39 14</runs>
            <runs>0 39 9</runs>
            <runs>0 38 8</runs>
            <runs>0 37 8</runs>
            <runs>0 36 8</runs>
            <runs>0 35 8</runs>
            <runs>0 34 8</runs>
            <runs>0 29 12</runs>
            <runs>0 29 11</runs>
            <runs>0 29 10</runs>
            <runs>0 1 1 26 9</runs>
            <runs>0 1 2 23 10</runs>
            <runs>0 1 5 16 12</runs>
            <runs>33</runs>
            <runs>0 1 31</runs>
            <runs>0 8 19</runs>
            <runs>0 13 1</runs>
        </run-table>
    </sample>
</samples>
