<?xml version="1.0" encoding="UTF-8" standalone="yes"?>
<samples sheet-name="IMSLP00005#6">
    <sample shape="G_CLEF" interline="22" pitch="0.8" left="156" top="248" id="358">
        <run-table orientation="VERTICAL" width="57" height="154">
            <runs>0 97 1</runs>
            <runs>0 86 12</runs>
            <runs>0 82 18</runs>
            <runs>0 80 24</runs>
            <runs>0 71 34</runs>
            <runs>0 71 36</runs>
            <runs>0 71 38</runs>
            <runs>0 71 39 28 6 1 1</runs>
            <runs>0 70 42 23 13</runs>
            <runs>0 69 43 22 15</runs>
            <runs>0 67 46 20 17</runs>
            <runs>0 66 21 16 15 14 19</runs>
            <runs>0 65 19 21 13 13 21</runs>
            <runs>0 64 17 27 11 12 22</runs>
            <runs>0 63 16 30 10 11 23</runs>
            <runs>0 62 16 32 8 12 23</runs>
            <runs>0 61 16 34 7 12 23</runs>
            <runs>0 60 16 12 12 12 2 16 24</runs>
            <runs>0 59 17 10 18 8 2 16 24</runs>
            <runs>0 58 17 9 22 7 1 16 24</runs>
            <runs>0 57 18 8 24 6 1 16 24</runs>
            <runs>0 56 19 7 26 22 24</runs>
            <runs>0 56 19 6 16 6 6 22 16 2 5</runs>
            <runs>0 50 25 5 17 9 4 21 15 3 5</runs>
            <runs>0 50 20 9 11 17 3 22 13 4 5</runs>
            <runs>0 50 18 10 11 20 1 22 13 4 5</runs>
            <runs>0 50 17 10 11 46 10 5 5</runs>
            <runs>0 29 14 5 19 10 11 47 6 8 4</runs>
            <runs>0 23 43 10 11 61 5</runs>
            <runs>0 21 45 2 2 1 16 60 6</runs>
            <runs>0 19 68 60 6</runs>
            <runs>0 16 27 2 54 1 3 1 3 38 7</runs>
            <runs>0 14 23 10 66 32 6</runs>
            <runs>0 13 19 14 16 5 56 21 6</runs>
            <runs>0 11 21 14 16 9 15 4 48 1 11</runs>
            <runs>0 10 17 18 16 10 14 8 56</runs>
            <runs>0 8 16 20 16 11 14 21 42</runs>
            <runs>0 7 16 20 17 11 14 27 34</runs>
            <runs>0 6 15 21 16 13 14 39 1 3 17</runs>
            <runs>0 5 14 22 16 14 14 49 9</runs>
            <runs>0 4 14 22 16 20 10</runs>
            <runs>0 3 14 21 16 22 10 27 1</runs>
            <runs>0 2 14 21 16 23 10 26 2</runs>
            <runs>0 2 12 22 17 23 10 26 2</runs>
            <runs>0 1 12 22 18 23 11 24 7</runs>
            <runs>13 16 20 27 12 22 8</runs>
            <runs>12 17 19 29 11 21 9</runs>
            <runs>0 1 1 1 9 16 18 32 12 16 8</runs>
            <runs>0 4 11 7 22 34 19 8 8</runs>
            <runs>0 6 35 38 18 7 8</runs>
            <runs>0 10 28 43 17 1 12</runs>
            <runs>0 13 1 1 21 46 28</runs>
            <runs>0 20 12 51 27</runs>
            <runs>0 27 1 56 24</runs>
            <runs>0 86 20</runs>
            <runs>0 88 15</runs>
            <runs>0 90 7</runs>
        </run-table>
    </sample>
    <sample shape="G_CLEF" interline="22" pitch="0.7" left="151" top="791" id="401">
        <run-table orientation="VERTICAL" width="57" height="155">
            <runs>0 92 2</runs>
            <runs>0 85 19</runs>
            <runs>0 81 25</runs>
            <runs>0 74 34</runs>
            <runs>0 74 35</runs>
            <runs>0 74 36</runs>
            <runs>0 73 39</runs>
            <runs>0 71 42</runs>
            <runs>0 70 44</runs>
            <runs>0 69 46 24 3 1 2</runs>
            <runs>0 67 23 5 20 21 11</runs>
            <runs>0 65 21 15 1 4 10 19 14</runs>
            <runs>0 64 19 25 12 15 15</runs>
            <runs>0 63 19 27 11 14 17</runs>
            <runs>0 63 17 30 10 14 18</runs>
            <runs>0 62 16 34 7 14 20</runs>
            <runs>0 61 16 36 7 13 21</runs>
            <runs>0 60 17 13 15 9 3 16 21</runs>
            <runs>0 59 18 11 18 9 2 15 22</runs>
            <runs>0 58 19 8 22 8 2 15 22</runs>
            <runs>0 57 15 12 24 8 1 15 23</runs>
            <runs>0 52 19 12 27 6 1 15 23</runs>
            <runs>0 52 18 11 18 6 6 5 1 15 23</runs>
            <runs>0 52 17 11 12 15 4 5 1 16 22</runs>
            <runs>0 52 16 11 12 18 3 21 22</runs>
            <runs>0 29 15 8 15 12 11 20 2 21 16 1 5</runs>
            <runs>0 25 34 2 6 11 11 45 15 2 4</runs>
            <runs>0 21 47 5 15 47 12 4 4</runs>
            <runs>0 19 53 1 15 49 8 6 4</runs>
            <runs>0 16 20 6 45 64 4</runs>
            <runs>0 14 20 14 15 4 21 62 5</runs>
            <runs>0 12 22 13 16 9 20 10 4 44 4</runs>
            <runs>0 11 17 19 15 12 34 41 5</runs>
            <runs>0 9 16 21 15 13 47 28 4</runs>
            <runs>0 7 16 22 15 14 13 6 28 27 4</runs>
            <runs>0 6 15 22 16 15 12 8 34 18 6</runs>
            <runs>0 4 16 23 15 16 12 25 24 9 7</runs>
            <runs>0 4 14 23 16 17 11 28 37</runs>
            <runs>0 2 14 23 17 18 11 30 6 1 27</runs>
            <runs>0 1 14 23 17 19 11 30 6 5 21</runs>
            <runs>14 21 20 19 11 29 7 9 1 3 11</runs>
            <runs>13 18 24 19 12 27 8</runs>
            <runs>0 1 11 19 24 19 12 27 7</runs>
            <runs>0 2 9 19 20 24 13 25 8</runs>
            <runs>0 3 10 17 18 26 13 24 9</runs>
            <runs>0 5 10 10 21 28 14 22 10</runs>
            <runs>0 8 33 33 15 20 7</runs>
            <runs>0 10 28 36 16 19 7</runs>
            <runs>0 13 22 44 12 14 2 1 8</runs>
            <runs>0 17 8 2 3 49 14 9 14</runs>
            <runs>0 81 18 2 14</runs>
            <runs>0 82 32</runs>
            <runs>0 83 26 1 3</runs>
            <runs>0 84 24</runs>
            <runs>0 86 19</runs>
            <runs>0 88 15</runs>
            <runs>0 92 10</runs>
        </run-table>
    </sample>
    <sample shape="G_CLEF" interline="22" pitch="0.3" left="146" top="1325" id="441">
        <run-table orientation="VERTICAL" width="60" height="155">
            <runs>0 99 1</runs>
            <runs>0 98 2</runs>
            <runs>0 98 2</runs>
            <runs>0 88 2 1 1 1 11</runs>
            <runs>0 85 19</runs>
            <runs>0 79 25</runs>
            <runs>0 78 27</runs>
            <runs>0 77 30</runs>
            <runs>0 74 34</runs>
            <runs>0 71 38 30 7</runs>
            <runs>0 69 42 26 11</runs>
            <runs>0 68 44 24 13</runs>
            <runs>0 68 22 6 17 21 16</runs>
            <runs>0 67 20 12 15 19 18</runs>
            <runs>0 66 18 22 8 19 19</runs>
            <runs>0 65 18 25 7 17 20</runs>
            <runs>0 64 19 26 7 16 21</runs>
            <runs>0 63 20 27 7 15 21</runs>
            <runs>0 62 20 30 6 14 22</runs>
            <runs>0 61 21 9 4 3 2 12 6 14 22</runs>
            <runs>0 56 20 12 16 9 6 12 23</runs>
            <runs>0 56 19 11 19 9 5 12 24</runs>
            <runs>0 56 18 11 22 8 5 11 24</runs>
            <runs>0 56 17 4 31 7 5 12 17 1 5</runs>
            <runs>0 56 16 5 19 3 10 7 4 12 16 2 5</runs>
            <runs>0 55 16 6 17 6 11 5 4 13 14 3 5</runs>
            <runs>0 55 15 8 14 15 4 6 3 14 12 4 5</runs>
            <runs>0 54 15 9 13 18 2 6 4 14 8 7 4</runs>
            <runs>0 53 15 10 12 27 4 15 5 8 5</runs>
            <runs>0 53 15 10 11 28 4 17 1 10 5</runs>
            <runs>0 33 1 17 16 10 11 29 8 24 5</runs>
            <runs>0 28 20 1 18 10 10 30 8 24 5</runs>
            <runs>0 22 45 1 6 2 11 30 8 23 5</runs>
            <runs>0 19 68 30 8 22 6</runs>
            <runs>0 18 78 1 7 12 9 21 6</runs>
            <runs>0 16 23 8 79 13 2 3 7</runs>
            <runs>0 14 25 8 16 12 53 1 5 5 12</runs>
            <runs>0 13 18 15 16 14 10 6 58</runs>
            <runs>0 11 18 16 16 15 10 13 49</runs>
            <runs>0 10 8 1 7 19 16 15 10 24 3 2 32</runs>
            <runs>0 8 10 1 6 19 16 16 9 31 27</runs>
            <runs>0 7 16 20 17 16 10 30 11 3 1 1 7</runs>
            <runs>0 6 12 1 1 22 18 16 10 29 5</runs>
            <runs>0 5 13 23 19 16 10 29 4</runs>
            <runs>0 4 14 22 20 16 10 29 4</runs>
            <runs>0 3 15 17 19 23 10 27 4</runs>
            <runs>0 2 14 19 18 24 10 26 5</runs>
            <runs>0 1 14 20 17 25 11 24 6</runs>
            <runs>14 20 16 28 10 24 5</runs>
            <runs>0 1 12 20 16 29 11 21 7</runs>
            <runs>0 1 12 17 17 31 13 18 6</runs>
            <runs>0 2 12 14 17 33 14 15 8</runs>
            <runs>0 4 13 3 23 35 17 10 9</runs>
            <runs>0 7 34 37 19 1 15</runs>
            <runs>0 10 28 40 34</runs>
            <runs>0 14 24 46 27</runs>
            <runs>0 22 3 61 24</runs>
            <runs>0 87 21</runs>
            <runs>0 90 15</runs>
            <runs>0 94 10</runs>
        </run-table>
    </sample>
    <sample shape="G_CLEF" interline="22" pitch="0.4" left="147" top="2380" id="566">
        <run-table orientation="VERTICAL" width="56" height="156">
            <runs>0 87 15</runs>
            <runs>0 84 20</runs>
            <runs>0 76 30</runs>
            <runs>0 76 32</runs>
            <runs>0 76 34</runs>
            <runs>0 74 37</runs>
            <runs>0 74 38</runs>
            <runs>0 72 41</runs>
            <runs>0 71 43 30 1</runs>
            <runs>0 69 21 5 1 7 12 25 7</runs>
            <runs>0 68 20 18 11 21 12</runs>
            <runs>0 66 20 22 10 18 15</runs>
            <runs>0 65 19 26 13 13 16</runs>
            <runs>0 64 19 28 12 11 19</runs>
            <runs>0 63 19 30 10 12 19</runs>
            <runs>0 62 19 32 9 11 21</runs>
            <runs>0 61 19 10 12 12 8 11 21</runs>
            <runs>0 60 19 10 15 11 7 11 22</runs>
            <runs>0 59 20 9 19 9 7 10 22</runs>
            <runs>0 53 26 7 23 7 7 10 22</runs>
            <runs>0 53 21 10 27 6 2 14 22</runs>
            <runs>0 53 20 11 27 6 2 14 17 2 3</runs>
            <runs>0 54 18 10 13 12 5 6 1 14 17 2 4</runs>
            <runs>0 54 17 10 13 14 5 5 1 14 17 2 4</runs>
            <runs>0 29 13 1 3 7 17 11 11 18 3 5 1 15 15 3 4</runs>
            <runs>0 24 45 11 11 21 1 5 1 16 13 4 4</runs>
            <runs>0 21 48 7 14 28 1 18 10 5 4</runs>
            <runs>0 17 52 6 15 49 4 9 3</runs>
            <runs>0 14 58 1 16 63 3</runs>
            <runs>0 14 25 6 44 63 3</runs>
            <runs>0 13 23 12 46 57 4</runs>
            <runs>0 12 23 13 54 1 2 46 4</runs>
            <runs>0 10 18 19 17 10 37 3 1 34 5</runs>
            <runs>0 9 17 20 17 12 14 3 31 26 4</runs>
            <runs>0 8 16 21 17 13 12 10 32 1 2 15 6</runs>
            <runs>0 6 16 22 17 14 13 18 46</runs>
            <runs>0 5 16 22 17 15 12 26 38</runs>
            <runs>0 3 16 22 18 16 12 27 36</runs>
            <runs>0 2 17 21 18 17 13 29 31</runs>
            <runs>0 2 15 22 18 18 13 44 13</runs>
            <runs>0 1 14 22 20 18 13</runs>
            <runs>14 18 25 18 14</runs>
            <runs>14 18 20 23 14 26 7</runs>
            <runs>0 1 13 17 20 24 14 26 4</runs>
            <runs>0 1 15 11 22 27 14 24 4</runs>
            <runs>0 3 44 29 15 22 5</runs>
            <runs>0 5 39 32 16 20 5</runs>
            <runs>0 7 35 34 17 17 7</runs>
            <runs>0 10 30 41 14 14 8</runs>
            <runs>0 19 17 46 20 5 9</runs>
            <runs>0 83 31</runs>
            <runs>0 85 28</runs>
            <runs>0 87 25</runs>
            <runs>0 88 23</runs>
            <runs>0 90 19</runs>
            <runs>0 94 11</runs>
        </run-table>
    </sample>
    <sample shape="G_CLEF" interline="22" pitch="0.5" left="148" top="2930" id="612">
        <run-table orientation="VERTICAL" width="56" height="157">
            <runs>0 84 16</runs>
            <runs>0 82 21</runs>
            <runs>0 75 33</runs>
            <runs>0 75 35</runs>
            <runs>0 75 36</runs>
            <runs>0 73 40</runs>
            <runs>0 71 43</runs>
            <runs>0 70 45</runs>
            <runs>0 69 24 3 21 24 5</runs>
            <runs>0 67 22 15 2 1 10 21 10</runs>
            <runs>0 66 21 22 12 16 13</runs>
            <runs>0 65 20 25 11 15 16</runs>
            <runs>0 63 20 28 10 14 17</runs>
            <runs>0 62 19 31 9 14 18</runs>
            <runs>0 61 18 34 8 13 19</runs>
            <runs>0 60 18 36 7 13 20</runs>
            <runs>0 59 18 13 13 12 3 16 21</runs>
            <runs>0 58 19 12 18 8 3 15 22</runs>
            <runs>0 53 24 10 22 7 2 15 22</runs>
            <runs>0 53 24 9 24 6 2 15 22</runs>
            <runs>0 53 20 12 26 6 1 16 22</runs>
            <runs>0 40 3 9 19 12 18 2 3 1 5 22 17 1 4</runs>
            <runs>0 30 16 6 18 11 14 14 4 21 16 2 4</runs>
            <runs>0 23 47 11 11 17 4 22 15 2 5</runs>
            <runs>0 20 49 11 11 21 1 23 13 3 4</runs>
            <runs>0 18 51 11 10 46 12 4 4</runs>
            <runs>0 16 54 9 11 47 9 6 4</runs>
            <runs>0 15 23 10 25 1 15 50 4 9 4</runs>
            <runs>0 12 23 13 41 63 3</runs>
            <runs>0 11 23 13 18 1 23 62 4</runs>
            <runs>0 9 20 17 18 10 25 52 4</runs>
            <runs>0 8 19 19 16 12 29 3 4 40 5</runs>
            <runs>0 6 18 21 16 13 48 27 5</runs>
            <runs>0 5 17 22 17 13 14 1 33 26 5</runs>
            <runs>0 4 17 21 18 14 13 7 12 2 25 12 8</runs>
            <runs>0 3 16 22 18 15 13 26 26 4 9</runs>
            <runs>0 2 16 22 17 17 13 28 36</runs>
            <runs>18 20 18 18 13 37 25</runs>
            <runs>16 21 19 18 13 47 14</runs>
            <runs>15 16 25 19 13 29 1 20 6</runs>
            <runs>0 2 12 18 24 19 14 27 2</runs>
            <runs>0 3 11 18 19 28 10 27 2</runs>
            <runs>0 6 9 15 19 30 10 26 3</runs>
            <runs>0 8 10 1 1 7 19 33 11 24 7</runs>
            <runs>0 9 35 36 11 23 4</runs>
            <runs>0 12 29 39 12 20 5</runs>
            <runs>0 16 21 44 11 18 7</runs>
            <runs>0 23 11 47 12 15 8</runs>
            <runs>0 82 13 11 9</runs>
            <runs>0 83 17 6 8</runs>
            <runs>0 84 29</runs>
            <runs>0 86 26</runs>
            <runs>0 87 23</runs>
            <runs>0 89 17</runs>
            <runs>0 92 14</runs>
            <runs>0 95 9</runs>
        </run-table>
    </sample>
    <sample shape="F_CLEF" interline="22" pitch="-1.4" left="153" top="478" id="368">
        <run-table orientation="VERTICAL" width="59" height="69">
            <runs>0 62 7</runs>
            <runs>0 63 6</runs>
            <runs>0 62 7</runs>
            <runs>0 12 14 36 7</runs>
            <runs>0 10 16 35 8</runs>
            <runs>0 9 17 35 8</runs>
            <runs>0 7 8 3 9 34 8</runs>
            <runs>0 6 5 7 10 33 8</runs>
            <runs>0 5 3 9 12 32 3</runs>
            <runs>7 9 13 31 4</runs>
            <runs>0 4 2 10 13 30 4</runs>
            <runs>0 4 2 9 14 30 4</runs>
            <runs>0 4 1 10 14 29 5</runs>
            <runs>0 4 1 10 14 29 5</runs>
            <runs>0 15 14 28 5</runs>
            <runs>0 15 14 27 6</runs>
            <runs>0 16 13 27 5</runs>
            <runs>0 17 12 26 6</runs>
            <runs>0 17 10 28 5</runs>
            <runs>0 18 8 28 6</runs>
            <runs>0 53 6</runs>
            <runs>0 53 6</runs>
            <runs>0 52 6</runs>
            <runs>0 50 8</runs>
            <runs>0 50 7</runs>
            <runs>0 43 14</runs>
            <runs>0 43 13</runs>
            <runs>0 4 1 38 12</runs>
            <runs>0 4 2 37 12</runs>
            <runs>0 4 2 35 13</runs>
            <runs>0 4 2 34 14</runs>
            <runs>7 1 1 29 15</runs>
            <runs>11 24 17</runs>
            <runs>0 1 12 18 20</runs>
            <runs>0 1 19 10 21</runs>
            <runs>50</runs>
            <runs>0 1 47</runs>
            <runs>48</runs>
            <runs>0 5 41</runs>
            <runs>0 6 40</runs>
            <runs>0 6 40</runs>
            <runs>0 8 34</runs>
            <runs>0 9 31</runs>
            <runs>0 11 27</runs>
            <runs>0 12 25</runs>
            <runs>0 15 19</runs>
            <runs>0 18 14</runs>
            <runs></runs>
            <runs>0 32 2</runs>
            <runs>0 11 5 14 7</runs>
            <runs>0 9 8 12 8</runs>
            <runs>0 9 9 11 9</runs>
            <runs>0 8 10 11 9</runs>
            <runs>0 8 10 11 9</runs>
            <runs>0 8 10 11 9</runs>
            <runs>0 9 8 12 9</runs>
            <runs>0 9 8 12 9</runs>
            <runs>0 10 7 13 7</runs>
            <runs>0 11 5 15 4</runs>
        </run-table>
    </sample>
    <sample shape="F_CLEF" interline="22" pitch="-1.4" left="139" top="1019" id="412">
        <run-table orientation="VERTICAL" width="64" height="69">
            <runs>0 64 1</runs>
            <runs>0 63 2</runs>
            <runs>0 62 3</runs>
            <runs>0 63 2</runs>
            <runs>0 63 2</runs>
            <runs>0 63 2</runs>
            <runs>0 17 2 44 2</runs>
            <runs>0 13 1 1 10 38 2</runs>
            <runs>0 10 15 37 7</runs>
            <runs>0 9 17 36 7</runs>
            <runs>0 7 10 1 9 35 7</runs>
            <runs>0 6 7 5 10 33 8</runs>
            <runs>0 5 5 7 12 32 8</runs>
            <runs>0 1 8 8 12 31 9</runs>
            <runs>0 6 1 10 12 31 9</runs>
            <runs>0 16 13 30 10</runs>
            <runs>0 16 13 30 5</runs>
            <runs>0 15 15 27 6</runs>
            <runs>0 15 15 27 6</runs>
            <runs>0 15 15 27 6</runs>
            <runs>0 15 14 27 6</runs>
            <runs>0 15 13 28 6</runs>
            <runs>0 16 12 27 7</runs>
            <runs>0 18 9 28 6</runs>
            <runs>0 54 7</runs>
            <runs>0 53 7</runs>
            <runs>0 52 7</runs>
            <runs>0 51 8</runs>
            <runs>0 50 8</runs>
            <runs>0 49 8</runs>
            <runs>0 43 14</runs>
            <runs>0 43 14</runs>
            <runs>0 43 12</runs>
            <runs>0 43 12</runs>
            <runs>7 34 13</runs>
            <runs>7 32 14</runs>
            <runs>9 28 15</runs>
            <runs>0 1 9 24 18</runs>
            <runs>0 1 11 19 20</runs>
            <runs>0 1 14 2 3 1 29</runs>
            <runs>0 1 48</runs>
            <runs>48</runs>
            <runs>47</runs>
            <runs>0 5 42</runs>
            <runs>0 5 42</runs>
            <runs>0 6 41</runs>
            <runs>0 7 34</runs>
            <runs>0 8 31</runs>
            <runs>0 10 28</runs>
            <runs>0 12 25</runs>
            <runs>0 13 21</runs>
            <runs>0 19 1 5 2</runs>
            <runs></runs>
            <runs></runs>
            <runs>0 12 2 16 5</runs>
            <runs>0 9 7 13 8</runs>
            <runs>0 9 8 11 10</runs>
            <runs>0 8 9 11 10</runs>
            <runs>0 8 9 11 10</runs>
            <runs>0 8 9 11 10</runs>
            <runs>0 8 9 11 10</runs>
            <runs>0 8 9 12 8</runs>
            <runs>0 8 9 13 5</runs>
            <runs>0 10 5</runs>
        </run-table>
    </sample>
    <sample shape="F_CLEF" interline="22" pitch="-1.3" left="141" top="1551" id="451">
        <run-table orientation="VERTICAL" width="65" height="70">
            <runs>0 64 2</runs>
            <runs>0 64 2</runs>
            <runs>0 64 2</runs>
            <runs>0 64 2</runs>
            <runs>0 64 2</runs>
            <runs>0 64 2</runs>
            <runs>0 63 7</runs>
            <runs>0 15 10 38 7</runs>
            <runs>0 11 15 36 8</runs>
            <runs>0 9 17 36 7</runs>
            <runs>0 8 6 4 9 35 7</runs>
            <runs>0 6 5 8 8 34 9</runs>
            <runs>0 5 5 8 10 33 9</runs>
            <runs>8 10 10 32 10</runs>
            <runs>7 10 12 31 10</runs>
            <runs>0 4 2 11 12 31 10</runs>
            <runs>0 4 2 11 13 29 11</runs>
            <runs>0 4 1 11 13 30 11</runs>
            <runs>0 16 13 29 5</runs>
            <runs>0 16 13 28 6</runs>
            <runs>0 16 13 27 7</runs>
            <runs>0 17 11 28 7</runs>
            <runs>0 17 11 28 6</runs>
            <runs>0 18 8 29 6</runs>
            <runs>0 19 2 34 6</runs>
            <runs>0 55 5</runs>
            <runs>0 53 7</runs>
            <runs>0 52 7</runs>
            <runs>0 51 7</runs>
            <runs>0 50 8</runs>
            <runs>0 48 9</runs>
            <runs>0 43 14</runs>
            <runs>0 44 12</runs>
            <runs>0 43 13</runs>
            <runs>0 5 1 37 12</runs>
            <runs>7 36 11</runs>
            <runs>7 33 14</runs>
            <runs>10 29 14</runs>
            <runs>12 24 16</runs>
            <runs>14 18 19</runs>
            <runs>0 1 25 3 21</runs>
            <runs>48</runs>
            <runs>0 5 43</runs>
            <runs>0 5 42</runs>
            <runs>0 6 41</runs>
            <runs>0 7 40</runs>
            <runs>0 8 39</runs>
            <runs>0 9 38</runs>
            <runs>0 10 30</runs>
            <runs>0 11 26</runs>
            <runs>0 13 23</runs>
            <runs>0 15 2 1 15</runs>
            <runs></runs>
            <runs></runs>
            <runs></runs>
            <runs>0 11 4 17 4</runs>
            <runs>0 10 6 14 7</runs>
            <runs>0 10 7 13 8</runs>
            <runs>0 9 8 12 9</runs>
            <runs>0 9 8 12 9</runs>
            <runs>0 9 8 12 9</runs>
            <runs>0 9 8 12 9</runs>
            <runs>0 9 8 13 7</runs>
            <runs>0 11 5 15 5</runs>
            <runs>0 33 1</runs>
        </run-table>
    </sample>
    <sample shape="F_CLEF" interline="22" pitch="-1.4" left="151" top="1880" id="513">
        <run-table orientation="VERTICAL" width="58" height="69">
            <runs>0 16 11</runs>
            <runs>0 13 14</runs>
            <runs>0 12 16</runs>
            <runs>0 10 6 6 7</runs>
            <runs>0 9 5 9 7 35 1</runs>
            <runs>0 8 5 9 9 34 1</runs>
            <runs>0 7 5 8 11 33 2</runs>
            <runs>0 6 4 9 13 32 2</runs>
            <runs>0 6 4 9 13 31 3</runs>
            <runs>0 1 7 10 14 31 3</runs>
            <runs>0 5 2 11 14 31 3</runs>
            <runs>0 5 2 11 14 30 7</runs>
            <runs>0 5 1 12 14 30 7</runs>
            <runs>0 5 1 12 14 29 8</runs>
            <runs>0 5 1 13 12 30 8</runs>
            <runs>0 5 1 13 12 29 5</runs>
            <runs>0 20 10 29 5</runs>
            <runs>0 21 7 30 6</runs>
            <runs>0 57 6</runs>
            <runs>0 57 5</runs>
            <runs>0 56 6</runs>
            <runs>0 55 6</runs>
            <runs>0 54 7</runs>
            <runs>0 52 8</runs>
            <runs>0 51 8</runs>
            <runs>0 50 8</runs>
            <runs>0 6 1 37 13</runs>
            <runs>0 1 7 36 13</runs>
            <runs>0 1 8 35 13</runs>
            <runs>0 1 8 34 13</runs>
            <runs>0 1 9 31 13</runs>
            <runs>12 26 16</runs>
            <runs>16 20 17</runs>
            <runs>0 1 19 11 21</runs>
            <runs>0 1 50</runs>
            <runs>0 1 49</runs>
            <runs>0 6 42</runs>
            <runs>0 7 40</runs>
            <runs>0 7 40</runs>
            <runs>0 8 39</runs>
            <runs>0 9 33</runs>
            <runs>0 11 29</runs>
            <runs>0 12 26</runs>
            <runs>0 15 21</runs>
            <runs>0 19 14</runs>
            <runs>0 27 4</runs>
            <runs></runs>
            <runs></runs>
            <runs></runs>
            <runs>0 30 4</runs>
            <runs>0 28 7</runs>
            <runs>0 29 8</runs>
            <runs>0 29 8</runs>
            <runs>0 29 8</runs>
            <runs>0 29 8</runs>
            <runs>0 29 7</runs>
            <runs>0 30 6</runs>
            <runs>0 32 1</runs>
        </run-table>
    </sample>
    <sample shape="F_CLEF" interline="22" pitch="-1.5" left="144" top="2084" id="524">
        <run-table orientation="VERTICAL" width="58" height="70">
            <runs>0 16 4 1 2</runs>
            <runs>0 12 15</runs>
            <runs>0 10 17</runs>
            <runs>0 9 19 35 7</runs>
            <runs>0 8 6 4 11 34 7</runs>
            <runs>0 6 7 6 11 32 8</runs>
            <runs>0 1 10 8 12 31 8</runs>
            <runs>9 9 13 30 9</runs>
            <runs>8 9 14 30 9</runs>
            <runs>7 9 15 29 10</runs>
            <runs>0 16 15 29 10</runs>
            <runs>0 16 15 28 6</runs>
            <runs>0 16 15 28 6</runs>
            <runs>0 16 14 28 6</runs>
            <runs>0 16 14 28 5</runs>
            <runs>0 17 12 28 6</runs>
            <runs>0 18 11 27 7</runs>
            <runs>0 19 9 27 7</runs>
            <runs>0 20 7 28 7</runs>
            <runs>0 54 7</runs>
            <runs>0 53 8</runs>
            <runs>0 53 7</runs>
            <runs>0 51 8</runs>
            <runs>0 44 15</runs>
            <runs>0 44 14</runs>
            <runs>0 44 13</runs>
            <runs>7 36 14</runs>
            <runs>0 1 7 35 13</runs>
            <runs>0 1 7 32 15</runs>
            <runs>0 1 9 29 15</runs>
            <runs>0 1 10 25 18</runs>
            <runs>12 21 19</runs>
            <runs>16 6 29</runs>
            <runs>18 4 29</runs>
            <runs>0 1 48</runs>
            <runs>0 1 48</runs>
            <runs>0 5 43</runs>
            <runs>0 6 42</runs>
            <runs>0 6 42</runs>
            <runs>0 7 41</runs>
            <runs>0 8 33</runs>
            <runs>0 10 30</runs>
            <runs>0 12 27</runs>
            <runs>0 12 24</runs>
            <runs>0 14 20</runs>
            <runs>0 20 2</runs>
            <runs></runs>
            <runs>0 32 3</runs>
            <runs>0 10 6 15 6</runs>
            <runs>0 10 7 13 8</runs>
            <runs>0 9 9 11 9</runs>
            <runs>0 9 9 11 9</runs>
            <runs>0 8 10 11 9</runs>
            <runs>0 8 10 11 9</runs>
            <runs>0 9 8 12 9</runs>
            <runs>0 9 8 14 8</runs>
            <runs>0 11 7 14 7</runs>
            <runs>0 12 5 20 1</runs>
        </run-table>
    </sample>
    <sample shape="F_CLEF" interline="22" pitch="-1.5" left="145" top="2608" id="578">
        <run-table orientation="VERTICAL" width="61" height="69">
            <runs>0 64 1</runs>
            <runs>0 64 1</runs>
            <runs>0 14 3 2 7 38 1</runs>
            <runs>0 12 14 37 2</runs>
            <runs>0 10 16 37 2</runs>
            <runs>0 9 18 35 7</runs>
            <runs>0 7 21 34 7</runs>
            <runs>0 6 6 6 11 33 7</runs>
            <runs>0 5 5 8 11 33 6</runs>
            <runs>8 9 13 32 7</runs>
            <runs>7 10 13 31 8</runs>
            <runs>7 9 14 30 9</runs>
            <runs>0 4 2 10 14 30 9</runs>
            <runs>0 4 2 10 14 29 10</runs>
            <runs>0 4 1 11 14 29 5</runs>
            <runs>0 16 14 29 4</runs>
            <runs>0 16 14 28 5</runs>
            <runs>0 16 13 29 5</runs>
            <runs>0 17 12 28 5</runs>
            <runs>0 18 10 28 6</runs>
            <runs>0 19 8 28 6</runs>
            <runs>0 54 7</runs>
            <runs>0 53 7</runs>
            <runs>0 52 8</runs>
            <runs>0 51 8</runs>
            <runs>0 4 1 45 9</runs>
            <runs>0 4 1 44 9</runs>
            <runs>0 4 2 37 14</runs>
            <runs>0 4 2 37 14</runs>
            <runs>7 36 13</runs>
            <runs>8 34 13</runs>
            <runs>9 32 14</runs>
            <runs>10 29 14</runs>
            <runs>12 23 18</runs>
            <runs>15 18 19</runs>
            <runs>18 12 22</runs>
            <runs>50</runs>
            <runs>0 4 45</runs>
            <runs>0 5 43</runs>
            <runs>0 5 42</runs>
            <runs>0 6 40</runs>
            <runs>0 7 39</runs>
            <runs>0 8 38</runs>
            <runs>0 9 33</runs>
            <runs>0 11 28</runs>
            <runs>0 12 26</runs>
            <runs>0 13 22</runs>
            <runs>0 19 14</runs>
            <runs></runs>
            <runs>0 13 2</runs>
            <runs>0 11 6 15 3</runs>
            <runs>0 10 8 12 7</runs>
            <runs>0 10 9 11 8</runs>
            <runs>0 9 10 10 10</runs>
            <runs>0 9 10 10 10</runs>
            <runs>0 9 9 11 10</runs>
            <runs>0 10 8 11 10</runs>
            <runs>0 10 8 11 10</runs>
            <runs>0 10 7 13 8</runs>
            <runs>0 12 4 15 6</runs>
            <runs>0 32 4</runs>
        </run-table>
    </sample>
    <sample shape="F_CLEF" interline="22" pitch="-1.4" left="145" top="3145" id="624">
        <run-table orientation="VERTICAL" width="65" height="69">
            <runs>0 65 1</runs>
            <runs>0 64 2</runs>
            <runs>0 64 2</runs>
            <runs>0 64 2</runs>
            <runs>0 64 2</runs>
            <runs>0 63 3</runs>
            <runs>0 63 3</runs>
            <runs>0 17 9 37 3</runs>
            <runs>0 12 14 37 3</runs>
            <runs>0 10 16 36 7</runs>
            <runs>0 8 20 34 7</runs>
            <runs>0 7 9 1 12 32 8</runs>
            <runs>0 6 7 5 11 32 8</runs>
            <runs>0 5 6 7 12 30 9</runs>
            <runs>0 1 9 7 13 30 9</runs>
            <runs>0 1 8 8 14 29 9</runs>
            <runs>0 1 7 8 15 28 10</runs>
            <runs>0 16 15 28 5</runs>
            <runs>0 16 15 27 6</runs>
            <runs>0 16 15 27 6</runs>
            <runs>0 16 15 26 7</runs>
            <runs>0 16 15 25 7</runs>
            <runs>0 17 13 26 6</runs>
            <runs>0 17 13 25 7</runs>
            <runs>0 18 11 26 7</runs>
            <runs>0 19 8 26 9</runs>
            <runs>0 20 2 30 9</runs>
            <runs>0 52 8</runs>
            <runs>0 51 9</runs>
            <runs>0 50 9</runs>
            <runs>0 44 14</runs>
            <runs>0 43 14</runs>
            <runs>0 43 13</runs>
            <runs>7 35 14</runs>
            <runs>8 34 14</runs>
            <runs>0 1 8 31 15</runs>
            <runs>0 1 9 27 17</runs>
            <runs>0 1 10 25 17</runs>
            <runs>13 21 18</runs>
            <runs>16 16 21</runs>
            <runs>0 1 21 1 29</runs>
            <runs>0 2 48</runs>
            <runs>0 6 43</runs>
            <runs>0 6 43</runs>
            <runs>0 7 41</runs>
            <runs>0 7 41</runs>
            <runs>0 8 40</runs>
            <runs>0 9 33</runs>
            <runs>0 11 30</runs>
            <runs>0 12 27</runs>
            <runs>0 13 24</runs>
            <runs>0 15 20</runs>
            <runs>0 19 15</runs>
            <runs>0 26 2</runs>
            <runs>0 14 3 17 2</runs>
            <runs>0 12 6 14 5</runs>
            <runs>0 11 8 12 7</runs>
            <runs>0 10 9 11 9</runs>
            <runs>0 10 9 11 10</runs>
            <runs>0 10 9 11 10</runs>
            <runs>0 9 10 10 10</runs>
            <runs>0 10 9 11 9</runs>
            <runs>0 10 8 12 8</runs>
            <runs>0 11 6 13 8</runs>
            <runs>0 13 3 15 3</runs>
        </run-table>
    </sample>
    <sample shape="FLAT" interline="22" pitch="-0.7" left="235" top="284" id="374">
        <run-table orientation="VERTICAL" width="21" height="55">
            <runs>0 35 20</runs>
            <runs>0 9 2 2 9 5 3 4 20</runs>
            <runs>0 1 39 7 7</runs>
            <runs>40 8 5</runs>
            <runs>39 8 5</runs>
            <runs>12 2 9 5 5 13 5</runs>
            <runs>0 28 3 14 5</runs>
            <runs>0 27 3 14 6</runs>
            <runs>0 26 3 14 5</runs>
            <runs>0 25 4 13 5</runs>
            <runs>0 25 4 7 10</runs>
            <runs>0 24 5 7 9</runs>
            <runs>0 24 6 6 8</runs>
            <runs>0 24 9 3 7</runs>
            <runs>0 24 18</runs>
            <runs>0 25 15</runs>
            <runs>0 25 15</runs>
            <runs>0 25 14</runs>
            <runs>0 26 13</runs>
            <runs>0 28 11</runs>
            <runs>0 32 2</runs>
        </run-table>
    </sample>
    <sample shape="FLAT" interline="22" pitch="-3.6" left="260" top="251" id="381">
        <run-table orientation="VERTICAL" width="20" height="55">
            <runs>0 14 2 15 1 12 9</runs>
            <runs>0 1 3 5 46</runs>
            <runs>6 2 46</runs>
            <runs>36 9 9</runs>
            <runs>5 2 1 7 1 7 11 12 7</runs>
            <runs>0 30 2</runs>
            <runs></runs>
            <runs>0 25 1 18 7</runs>
            <runs>0 25 1 17 8</runs>
            <runs>0 25 1 17 8</runs>
            <runs>0 24 2 16 8</runs>
            <runs>0 24 2 13 11</runs>
            <runs>0 24 9 2 10</runs>
            <runs>0 23 21</runs>
            <runs>0 23 20</runs>
            <runs>0 24 18</runs>
            <runs>0 25 16</runs>
            <runs>0 25 14</runs>
            <runs>0 25 13</runs>
            <runs>0 25 11</runs>
        </run-table>
    </sample>
    <sample shape="FLAT" interline="22" pitch="0.4" left="283" top="295" id="379">
        <run-table orientation="VERTICAL" width="20" height="55">
            <runs>0 23 32</runs>
            <runs>0 10 45</runs>
            <runs>40 1 13</runs>
            <runs>34 12 7</runs>
            <runs>15 1 16 19 1</runs>
            <runs>0 24 7</runs>
            <runs></runs>
            <runs>0 44 1</runs>
            <runs>0 42 7</runs>
            <runs>0 41 8</runs>
            <runs>0 39 10</runs>
            <runs>0 23 11 3 12</runs>
            <runs>0 23 22</runs>
            <runs>0 24 20</runs>
            <runs>0 25 19</runs>
            <runs>0 25 16</runs>
            <runs>0 25 15</runs>
            <runs>0 25 13</runs>
            <runs>0 25 12</runs>
            <runs>0 25 9</runs>
        </run-table>
    </sample>
    <sample shape="FLAT" interline="22" pitch="1.5" left="235" top="508" id="387">
        <run-table orientation="VERTICAL" width="20" height="56">
            <runs>0 28 6 1 21</runs>
            <runs>0 2 53</runs>
            <runs>55</runs>
            <runs>34 11 2 1 6</runs>
            <runs>0 1 32 16 4</runs>
            <runs>0 28 4 15 6</runs>
            <runs>0 27 4 16 4</runs>
            <runs>0 27 3 15 5</runs>
            <runs>0 26 4 14 5</runs>
            <runs>0 25 5 13 5</runs>
            <runs>0 25 5 6 11</runs>
            <runs>0 25 5 6 10</runs>
            <runs>0 25 20</runs>
            <runs>0 25 19</runs>
            <runs>0 25 18</runs>
            <runs>0 24 18</runs>
            <runs>0 25 15</runs>
            <runs>0 26 13</runs>
            <runs>0 27 12</runs>
            <runs>0 30 9</runs>
        </run-table>
    </sample>
    <sample shape="FLAT" interline="22" pitch="-1.7" left="258" top="474" id="393">
        <run-table orientation="VERTICAL" width="20" height="55">
            <runs>0 3 52</runs>
            <runs>55</runs>
            <runs>39 7 8</runs>
            <runs>0 12 3 6 1 3 8 19 1</runs>
            <runs></runs>
            <runs></runs>
            <runs>0 45 1</runs>
            <runs>0 44 7</runs>
            <runs>0 43 8</runs>
            <runs>0 41 10</runs>
            <runs>0 39 7</runs>
            <runs>0 24 8 5 7</runs>
            <runs>0 24 19</runs>
            <runs>0 24 18</runs>
            <runs>0 24 17</runs>
            <runs>0 24 16</runs>
            <runs>0 25 13</runs>
            <runs>0 26 11</runs>
            <runs>0 26 9</runs>
            <runs>0 29 3</runs>
        </run-table>
    </sample>
    <sample shape="FLAT" interline="22" pitch="2.5" left="280" top="520" id="390">
        <run-table orientation="VERTICAL" width="21" height="55">
            <runs>0 28 2</runs>
            <runs>0 8 2 6 39</runs>
            <runs>55</runs>
            <runs>54</runs>
            <runs>16 6 13 10 8</runs>
            <runs>0 1 7 15 8 14 7</runs>
            <runs>0 23 7 15 6</runs>
            <runs>0 23 6 15 7</runs>
            <runs>0 23 6 14 7</runs>
            <runs>0 23 6 13 7</runs>
            <runs>0 23 6 13 7</runs>
            <runs>0 23 6 10 9</runs>
            <runs>0 24 7 6 13</runs>
            <runs>0 24 26</runs>
            <runs>0 24 20</runs>
            <runs>0 23 20</runs>
            <runs>0 24 17</runs>
            <runs>0 24 16</runs>
            <runs>0 24 15</runs>
            <runs>0 24 13</runs>
            <runs>0 29 4</runs>
        </run-table>
    </sample>
    <sample shape="FLAT" interline="22" pitch="-0.3" left="229" top="831" id="418">
        <run-table orientation="VERTICAL" width="20" height="59">
            <runs>0 26 2 4 8 2 6 1 10</runs>
            <runs>0 13 46</runs>
            <runs>54</runs>
            <runs>38 10 6</runs>
            <runs>18 3 1 5 5 16 5</runs>
            <runs>0 27 3 17 5</runs>
            <runs>0 26 3 16 5</runs>
            <runs>0 25 3 15 6</runs>
            <runs>0 25 3 14 7</runs>
            <runs>0 24 4 13 7</runs>
            <runs>0 24 5 12 6</runs>
            <runs>0 23 7 3 13</runs>
            <runs>0 23 22</runs>
            <runs>0 23 21</runs>
            <runs>0 23 20</runs>
            <runs>0 24 17</runs>
            <runs>0 24 16</runs>
            <runs>0 24 14</runs>
            <runs>0 26 11</runs>
            <runs>0 28 9</runs>
        </run-table>
    </sample>
    <sample shape="FLAT" interline="22" pitch="-3.6" left="253" top="797" id="424">
        <run-table orientation="VERTICAL" width="20" height="56">
            <runs>0 28 2 2 5 1 5 3 10</runs>
            <runs>0 1 54</runs>
            <runs>0 1 54</runs>
            <runs>37 9 8</runs>
            <runs>0 1 8 1 23 13 7</runs>
            <runs>0 25 7 19 1</runs>
            <runs></runs>
            <runs>0 45 1</runs>
            <runs>0 44 2</runs>
            <runs>0 43 3</runs>
            <runs>0 41 8</runs>
            <runs>0 38 11</runs>
            <runs>0 25 7 5 12</runs>
            <runs>0 25 19</runs>
            <runs>0 24 19</runs>
            <runs>0 25 17</runs>
            <runs>0 25 16</runs>
            <runs>0 25 14</runs>
            <runs>0 25 12</runs>
            <runs>0 28 6</runs>
        </run-table>
    </sample>
    <sample shape="FLAT" interline="22" pitch="0.3" left="273" top="839" id="426">
        <run-table orientation="VERTICAL" width="20" height="55">
            <runs>0 2 2 7 1 1 1 1 26 1 13</runs>
            <runs>54</runs>
            <runs>54</runs>
            <runs>17 1 2 3 11 18 1</runs>
            <runs>8 17 7</runs>
            <runs></runs>
            <runs></runs>
            <runs>0 44 7</runs>
            <runs>0 42 9</runs>
            <runs>0 42 8</runs>
            <runs>0 40 10</runs>
            <runs>0 38 12</runs>
            <runs>0 24 10 3 8</runs>
            <runs>0 24 19</runs>
            <runs>0 24 18</runs>
            <runs>0 25 17</runs>
            <runs>0 26 14</runs>
            <runs>0 26 13</runs>
            <runs>0 26 10</runs>
            <runs>0 26 7</runs>
        </run-table>
    </sample>
    <sample shape="FLAT" interline="22" pitch="1.4" left="227" top="1049" id="432">
        <run-table orientation="VERTICAL" width="20" height="56">
            <runs>41 5 9</runs>
            <runs>56</runs>
            <runs>55</runs>
            <runs>4 7 9 3 16 10 5</runs>
            <runs>0 27 6 15 5</runs>
            <runs>0 27 5 15 4</runs>
            <runs>0 26 6 14 5</runs>
            <runs>0 26 4 15 5</runs>
            <runs>0 25 5 14 5</runs>
            <runs>0 24 6 12 7</runs>
            <runs>0 24 6 11 6</runs>
            <runs>0 24 7 4 10</runs>
            <runs>0 24 8 3 9</runs>
            <runs>0 24 19</runs>
            <runs>0 24 19</runs>
            <runs>0 25 16</runs>
            <runs>0 25 15</runs>
            <runs>0 26 13</runs>
            <runs>0 27 12</runs>
            <runs>0 29 2</runs>
        </run-table>
    </sample>
    <sample shape="FLAT" interline="22" pitch="-1.6" left="249" top="1014" id="433">
        <run-table orientation="VERTICAL" width="20" height="56">
            <runs>0 33 2 3 4 4 10</runs>
            <runs>0 22 34</runs>
            <runs>0 2 31 2 20</runs>
            <runs>35 10 9</runs>
            <runs>0 1 21 4 8 12 1 1 6</runs>
            <runs>0 2 8 16 7 13 7</runs>
            <runs>0 46 7</runs>
            <runs>0 45 7</runs>
            <runs>0 44 8</runs>
            <runs>0 42 11</runs>
            <runs>0 42 11</runs>
            <runs>0 24 7 10 12</runs>
            <runs>0 25 8 2 10</runs>
            <runs>0 25 19</runs>
            <runs>0 25 18</runs>
            <runs>0 25 17</runs>
            <runs>0 26 15</runs>
            <runs>0 26 13</runs>
            <runs>0 27 11</runs>
            <runs>0 27 9</runs>
        </run-table>
    </sample>
    <sample shape="FLAT" interline="22" pitch="2.3" left="273" top="1058" id="436">
        <run-table orientation="VERTICAL" width="21" height="56">
            <runs>0 16 4 32 2</runs>
            <runs>0 1 55</runs>
            <runs>55</runs>
            <runs>54</runs>
            <runs>12 2 1 11 8</runs>
            <runs></runs>
            <runs></runs>
            <runs></runs>
            <runs>0 45 7</runs>
            <runs>0 44 8</runs>
            <runs>0 42 10</runs>
            <runs>0 41 12</runs>
            <runs>0 26 8 6 7</runs>
            <runs>0 26 20</runs>
            <runs>0 26 19</runs>
            <runs>0 26 18</runs>
            <runs>0 27 15</runs>
            <runs>0 27 14</runs>
            <runs>0 27 12</runs>
            <runs>0 27 10</runs>
            <runs>0 27 8</runs>
        </run-table>
    </sample>
    <sample shape="FLAT" interline="22" pitch="-0.6" left="230" top="1370" id="457">
        <run-table orientation="VERTICAL" width="20" height="53">
            <runs>0 1 1 22 5 1 8 10 4</runs>
            <runs>16 4 2 1 30</runs>
            <runs>53</runs>
            <runs>53</runs>
            <runs>38 9 5</runs>
            <runs>7 14 2 3 6 15 4</runs>
            <runs>0 26 5 15 4</runs>
            <runs>0 25 5 15 5</runs>
            <runs>0 25 4 15 5</runs>
            <runs>0 24 5 13 6</runs>
            <runs>0 24 5 12 6</runs>
            <runs>0 23 7 9 7</runs>
            <runs>0 23 7 4 11</runs>
            <runs>0 23 21</runs>
            <runs>0 24 19</runs>
            <runs>0 24 18</runs>
            <runs>0 25 15</runs>
            <runs>0 26 13</runs>
            <runs>0 27 11</runs>
            <runs>0 28 9</runs>
        </run-table>
    </sample>
    <sample shape="FLAT" interline="22" pitch="-4.0" left="254" top="1333" id="462">
        <run-table orientation="VERTICAL" width="21" height="53">
            <runs>0 1 10 6 3</runs>
            <runs>38</runs>
            <runs>53</runs>
            <runs>53</runs>
            <runs>0 1 3 1 1 5 42</runs>
            <runs>0 27 9</runs>
            <runs></runs>
            <runs>0 46 2</runs>
            <runs>0 45 7</runs>
            <runs>0 43 9</runs>
            <runs>0 43 4</runs>
            <runs>0 42 4</runs>
            <runs>0 24 1 14 7</runs>
            <runs>0 24 7 5 9</runs>
            <runs>0 24 20</runs>
            <runs>0 25 17</runs>
            <runs>0 25 16</runs>
            <runs>0 25 15</runs>
            <runs>0 26 13</runs>
            <runs>0 27 11</runs>
            <runs>0 27 9</runs>
        </run-table>
    </sample>
    <sample shape="FLAT" interline="22" pitch="0.3" left="276" top="1378" id="464">
        <run-table orientation="VERTICAL" width="20" height="53">
            <runs>0 15 4 15 1 1 3 4 2</runs>
            <runs>10 3 40</runs>
            <runs>53</runs>
            <runs>53</runs>
            <runs>0 1 14 11 14 4 9</runs>
            <runs>0 31 1</runs>
            <runs></runs>
            <runs>0 45 2</runs>
            <runs>0 44 7</runs>
            <runs>0 43 8</runs>
            <runs>0 41 11</runs>
            <runs>0 39 13</runs>
            <runs>0 25 7 6 14</runs>
            <runs>0 25 9 1 11</runs>
            <runs>0 25 19</runs>
            <runs>0 25 18</runs>
            <runs>0 26 16</runs>
            <runs>0 26 15</runs>
            <runs>0 26 13</runs>
            <runs>0 26 9</runs>
        </run-table>
    </sample>
    <sample shape="FLAT" interline="22" pitch="1.6" left="229" top="1582" id="483">
        <run-table orientation="VERTICAL" width="19" height="56">
            <runs>0 5 10 3 1 6 21</runs>
            <runs>40 2 1 1 3</runs>
            <runs>0 4 21 2 10 12 1</runs>
            <runs>0 24 1 2 4 17 4</runs>
            <runs>0 26 3 18 4</runs>
            <runs>0 25 3 17 6</runs>
            <runs>0 25 3 16 5</runs>
            <runs>0 25 3 15 5</runs>
            <runs>0 24 4 15 4 8 1</runs>
            <runs>0 23 5 12 6 9 1</runs>
            <runs>0 23 6 10 6</runs>
            <runs>0 23 7 3 11</runs>
            <runs>0 23 19</runs>
            <runs>0 23 19</runs>
            <runs>0 23 17</runs>
            <runs>0 23 15</runs>
            <runs>0 24 13</runs>
            <runs>0 26 11</runs>
            <runs>0 26 11</runs>
        </run-table>
    </sample>
    <sample shape="FLAT" interline="22" pitch="-1.4" left="251" top="1547" id="488">
        <run-table orientation="VERTICAL" width="20" height="54">
            <runs>0 12 1 11 7 7 1 7 7</runs>
            <runs>34 2 18</runs>
            <runs>0 6 2 12 13 6 1 5 8</runs>
            <runs>0 24 8</runs>
            <runs></runs>
            <runs></runs>
            <runs>0 44 1</runs>
            <runs>0 43 7</runs>
            <runs>0 42 8</runs>
            <runs>0 40 10</runs>
            <runs>0 39 5</runs>
            <runs>0 37 6</runs>
            <runs>0 23 19</runs>
            <runs>0 23 18</runs>
            <runs>0 23 17</runs>
            <runs>0 23 16</runs>
            <runs>0 24 13</runs>
            <runs>0 24 11</runs>
            <runs>0 24 9</runs>
            <runs>0 24 7</runs>
        </run-table>
    </sample>
    <sample shape="FLAT" interline="22" pitch="2.4" left="272" top="1589" id="494">
        <run-table orientation="VERTICAL" width="20" height="55">
            <runs>0 18 1</runs>
            <runs>0 1 7 6 1 2 13 2 2 11 7</runs>
            <runs>55</runs>
            <runs>8 1 9 4 12 12 9</runs>
            <runs>0 25 7 15 7</runs>
            <runs>0 53 1</runs>
            <runs></runs>
            <runs></runs>
            <runs>0 46 2</runs>
            <runs>0 44 8</runs>
            <runs>0 44 8</runs>
            <runs>0 42 10</runs>
            <runs>0 30 2 8 7</runs>
            <runs>0 26 19</runs>
            <runs>0 26 18</runs>
            <runs>0 26 16</runs>
            <runs>0 26 15</runs>
            <runs>0 26 13</runs>
            <runs>0 26 10</runs>
            <runs>0 30 2</runs>
        </run-table>
    </sample>
    <sample shape="FLAT" interline="22" pitch="-0.6" left="228" top="2418" id="586">
        <run-table orientation="VERTICAL" width="21" height="56">
            <runs>0 46 10</runs>
            <runs>0 1 55</runs>
            <runs>55</runs>
            <runs>46 3 6</runs>
            <runs>0 1 7 15 11 15 4</runs>
            <runs>0 4 1 23 4 15 6</runs>
            <runs>0 27 4 15 5</runs>
            <runs>0 26 4 16 4</runs>
            <runs>0 26 4 12 2 1 4</runs>
            <runs>0 25 5 8 10</runs>
            <runs>0 25 5 8 9</runs>
            <runs>0 25 5 8 8</runs>
            <runs>0 25 6 6 9</runs>
            <runs>0 25 20</runs>
            <runs>0 25 20</runs>
            <runs>0 25 18</runs>
            <runs>0 25 17</runs>
            <runs>0 26 16</runs>
            <runs>0 26 15</runs>
            <runs>0 27 14</runs>
            <runs>0 30 4</runs>
        </run-table>
    </sample>
    <sample shape="FLAT" interline="22" pitch="-3.8" left="251" top="2384" id="593">
        <run-table orientation="VERTICAL" width="22" height="56">
            <runs>0 23 1 2 1</runs>
            <runs>0 9 2 5 2 3 10</runs>
            <runs>0 5 1 1 48</runs>
            <runs>56</runs>
            <runs>55</runs>
            <runs>0 1 11 15 7</runs>
            <runs></runs>
            <runs></runs>
            <runs>0 47 1</runs>
            <runs>0 46 7</runs>
            <runs>0 26 1 18 8</runs>
            <runs>0 25 2 16 10</runs>
            <runs>0 25 2 14 7</runs>
            <runs>0 25 7 7 8</runs>
            <runs>0 25 21</runs>
            <runs>0 26 20</runs>
            <runs>0 26 19</runs>
            <runs>0 27 17</runs>
            <runs>0 27 15</runs>
            <runs>0 28 12</runs>
            <runs>0 29 9</runs>
            <runs>0 29 7</runs>
        </run-table>
    </sample>
    <sample shape="FLAT" interline="22" pitch="0.4" left="273" top="2431" id="591">
        <run-table orientation="VERTICAL" width="22" height="55">
            <runs>0 33 7 10 2</runs>
            <runs>7 1 11 1 35</runs>
            <runs>55</runs>
            <runs>35 3 2 5 10</runs>
            <runs>11 1 4 4 13 18 2</runs>
            <runs>0 25 8 18 2</runs>
            <runs>0 25 7 19 1</runs>
            <runs>0 29 2</runs>
            <runs>0 44 7</runs>
            <runs>0 43 8</runs>
            <runs>0 42 9</runs>
            <runs>0 40 11</runs>
            <runs>0 36 9</runs>
            <runs>0 24 8 1 11</runs>
            <runs>0 24 19</runs>
            <runs>0 24 17</runs>
            <runs>0 24 17</runs>
            <runs>0 25 15</runs>
            <runs>0 25 12</runs>
            <runs>0 25 10</runs>
            <runs>0 25 8</runs>
            <runs>0 28 2</runs>
        </run-table>
    </sample>
    <sample shape="FLAT" interline="22" pitch="1.3" left="227" top="2636" id="599">
        <run-table orientation="VERTICAL" width="20" height="56">
            <runs>0 5 7 7 2 1 7 5 1 7 14</runs>
            <runs>56</runs>
            <runs>43 5 7</runs>
            <runs>36 12 6</runs>
            <runs>0 5 2 3 1 17 6 14 5</runs>
            <runs>0 28 4 15 5</runs>
            <runs>0 27 4 15 5</runs>
            <runs>0 26 4 15 5</runs>
            <runs>0 26 4 13 6</runs>
            <runs>0 25 5 13 5</runs>
            <runs>0 25 5 7 10</runs>
            <runs>0 25 6 6 8</runs>
            <runs>0 25 19</runs>
            <runs>0 25 18</runs>
            <runs>0 25 18</runs>
            <runs>0 25 17</runs>
            <runs>0 26 14</runs>
            <runs>0 26 14</runs>
            <runs>0 27 13</runs>
            <runs>0 29 5</runs>
        </run-table>
    </sample>
    <sample shape="FLAT" interline="22" pitch="-1.8" left="251" top="2602" id="607">
        <run-table orientation="VERTICAL" width="21" height="55">
            <runs>0 15 1 18 6 1 1</runs>
            <runs>0 5 50</runs>
            <runs>55</runs>
            <runs>19 1 23</runs>
            <runs>0 1 8</runs>
            <runs></runs>
            <runs>0 47 2</runs>
            <runs>0 26 1 19 3</runs>
            <runs>0 26 1 17 8</runs>
            <runs>0 25 2 16 9</runs>
            <runs>0 25 2 14 11</runs>
            <runs>0 25 2 12 8</runs>
            <runs>0 26 9 2 10</runs>
            <runs>0 26 20</runs>
            <runs>0 26 19</runs>
            <runs>0 26 18</runs>
            <runs>0 26 17</runs>
            <runs>0 27 14</runs>
            <runs>0 28 12</runs>
            <runs>0 28 10</runs>
            <runs>0 32 1</runs>
        </run-table>
    </sample>
    <sample shape="FLAT" interline="22" pitch="2.4" left="273" top="2648" id="605">
        <run-table orientation="VERTICAL" width="21" height="54">
            <runs>0 25 29</runs>
            <runs>19 1 34</runs>
            <runs>54</runs>
            <runs>35 17 1</runs>
            <runs>10 2 2 2 3 2 11</runs>
            <runs>0 29 2</runs>
            <runs>0 29 2 13 2</runs>
            <runs>0 29 1 13 8</runs>
            <runs>0 42 9</runs>
            <runs>0 40 10</runs>
            <runs>0 38 13</runs>
            <runs>0 37 14</runs>
            <runs>0 31 13</runs>
            <runs>0 24 19</runs>
            <runs>0 24 18</runs>
            <runs>0 23 18</runs>
            <runs>0 23 16</runs>
            <runs>0 24 13</runs>
            <runs>0 25 11</runs>
            <runs>0 25 8</runs>
            <runs>0 29 2</runs>
        </run-table>
    </sample>
    <sample shape="FLAT" interline="22" pitch="-0.7" left="227" top="2968" id="632">
        <run-table orientation="VERTICAL" width="20" height="55">
            <runs>0 3 8 2 7 25 1</runs>
            <runs>0 1 54</runs>
            <runs>54</runs>
            <runs>0 1 5 18 2 1 7 16 3</runs>
            <runs>0 28 5 16 4</runs>
            <runs>0 28 4 17 2</runs>
            <runs>0 27 3 18 2</runs>
            <runs>0 26 3 17 3</runs>
            <runs>0 26 3 15 4</runs>
            <runs>0 25 4 14 5</runs>
            <runs>0 25 4 13 5</runs>
            <runs>0 24 7 10 5</runs>
            <runs>0 24 8 5 7</runs>
            <runs>0 24 19</runs>
            <runs>0 25 17</runs>
            <runs>0 25 16</runs>
            <runs>0 25 15</runs>
            <runs>0 26 14</runs>
            <runs>0 28 11</runs>
            <runs>0 29 5</runs>
        </run-table>
    </sample>
    <sample shape="FLAT" interline="22" pitch="-3.8" left="251" top="2934" id="638">
        <run-table orientation="VERTICAL" width="19" height="55">
            <runs>0 3 1 5 1 5 1 3 36</runs>
            <runs>55</runs>
            <runs>36</runs>
            <runs>35</runs>
            <runs>0 2 4</runs>
            <runs></runs>
            <runs>0 46 1</runs>
            <runs>0 46 7</runs>
            <runs>0 45 8</runs>
            <runs>0 43 5</runs>
            <runs>0 41 6</runs>
            <runs>0 26 7 7 6</runs>
            <runs>0 26 19</runs>
            <runs>0 26 18</runs>
            <runs>0 26 17</runs>
            <runs>0 26 16</runs>
            <runs>0 27 13</runs>
            <runs>0 27 12</runs>
            <runs>0 28 9</runs>
        </run-table>
    </sample>
    <sample shape="FLAT" interline="22" pitch="0.3" left="274" top="2978" id="640">
        <run-table orientation="VERTICAL" width="19" height="55">
            <runs>55</runs>
            <runs>55</runs>
            <runs>11 2 5 1 1 2 15 3 2 5 7</runs>
            <runs>0 31 1</runs>
            <runs></runs>
            <runs>0 46 2</runs>
            <runs>0 44 8</runs>
            <runs>0 44 8</runs>
            <runs>0 25 1 17 9</runs>
            <runs>0 24 2 16 5</runs>
            <runs>0 24 2 14 6</runs>
            <runs>0 24 2 12 7</runs>
            <runs>0 24 20</runs>
            <runs>0 24 18</runs>
            <runs>0 25 16</runs>
            <runs>0 25 15</runs>
            <runs>0 26 12</runs>
            <runs>0 26 11</runs>
            <runs>0 27 8</runs>
        </run-table>
    </sample>
    <sample shape="FLAT" interline="22" pitch="1.3" left="228" top="3173" id="646">
        <run-table orientation="VERTICAL" width="19" height="56">
            <runs>0 6 50</runs>
            <runs>0 1 54</runs>
            <runs>24 1 11 9 3 1 5</runs>
            <runs>0 1 5 22 5 17 4</runs>
            <runs>0 28 3 18 4</runs>
            <runs>0 27 4 17 3</runs>
            <runs>0 26 4 17 3</runs>
            <runs>0 26 4 15 5</runs>
            <runs>0 26 4 14 5</runs>
            <runs>0 25 5 8 10</runs>
            <runs>0 25 5 7 9</runs>
            <runs>0 25 20</runs>
            <runs>0 25 20</runs>
            <runs>0 25 19</runs>
            <runs>0 25 17</runs>
            <runs>0 26 15</runs>
            <runs>0 26 15</runs>
            <runs>0 27 14</runs>
            <runs>0 29 7</runs>
        </run-table>
    </sample>
    <sample shape="FLAT" interline="22" pitch="-1.5" left="249" top="3145" id="647">
        <run-table orientation="VERTICAL" width="21" height="52">
            <runs>12 1 5 16 16</runs>
            <runs>52</runs>
            <runs>52</runs>
            <runs>38 4 9</runs>
            <runs>0 14 20 9 7</runs>
            <runs>0 21 10</runs>
            <runs>0 21 8</runs>
            <runs>0 23 6</runs>
            <runs>0 23 6 13 7</runs>
            <runs>0 23 6 12 8</runs>
            <runs>0 23 5 11 9</runs>
            <runs>0 23 5 8 12</runs>
            <runs>0 22 7 5 14</runs>
            <runs>0 22 10 1 10</runs>
            <runs>0 22 20</runs>
            <runs>0 22 19</runs>
            <runs>0 23 17</runs>
            <runs>0 23 15</runs>
            <runs>0 23 13</runs>
            <runs>0 23 12</runs>
            <runs>0 23 11</runs>
        </run-table>
    </sample>
    <sample shape="FLAT" interline="22" pitch="2.3" left="271" top="3186" id="650">
        <run-table orientation="VERTICAL" width="20" height="55">
            <runs>0 3 8 5 16 3 20</runs>
            <runs>55</runs>
            <runs>40 3 2 1 8</runs>
            <runs>33 17 3</runs>
            <runs>0 2 7 15 7 19 2</runs>
            <runs>0 30 1 19 1</runs>
            <runs></runs>
            <runs></runs>
            <runs>0 44 7</runs>
            <runs>0 43 7</runs>
            <runs>0 40 10</runs>
            <runs>0 38 7</runs>
            <runs>0 24 20</runs>
            <runs>0 24 19</runs>
            <runs>0 24 18</runs>
            <runs>0 24 17</runs>
            <runs>0 24 17</runs>
            <runs>0 24 15</runs>
            <runs>0 24 12</runs>
            <runs>0 24 10</runs>
        </run-table>
    </sample>
</samples>
