<?xml version="1.0" encoding="UTF-8" standalone="yes"?>
<samples sheet-name="IMSLP08541#5">
    <sample shape="G_CLEF" interline="22" pitch="0.5" left="433" top="446" id="211">
        <run-table orientation="VERTICAL" width="58" height="160">
            <runs>0 83 1 3 5</runs>
            <runs>0 74 25</runs>
            <runs>0 73 27</runs>
            <runs>0 71 31</runs>
            <runs>0 69 35</runs>
            <runs>0 67 39</runs>
            <runs>0 66 41</runs>
            <runs>0 64 45</runs>
            <runs>0 63 48</runs>
            <runs>0 61 31 10 10 27 11</runs>
            <runs>0 60 29 1 2 14 7 25 13</runs>
            <runs>0 59 27 4 1 16 6 24 15</runs>
            <runs>0 58 25 7 1 18 5 22 17</runs>
            <runs>0 53 27 30 5 20 19</runs>
            <runs>0 53 26 32 10 13 21</runs>
            <runs>0 53 25 11 1 22 9 13 22</runs>
            <runs>0 53 25 11 1 23 8 12 24</runs>
            <runs>0 52 26 10 3 23 7 12 24</runs>
            <runs>0 51 27 8 13 16 2 16 25</runs>
            <runs>0 50 21 12 18 14 2 16 19 1 5</runs>
            <runs>0 50 20 11 23 11 2 16 19 2 4</runs>
            <runs>0 49 20 10 28 9 1 16 19 3 4</runs>
            <runs>0 47 20 7 25 3 6 8 1 17 18 3 4</runs>
            <runs>0 46 20 8 20 10 6 6 1 17 18 4 3</runs>
            <runs>0 46 19 10 17 13 5 6 1 17 17 5 4</runs>
            <runs>0 45 20 9 17 16 3 6 1 18 15 6 4</runs>
            <runs>0 44 19 10 16 27 1 19 13 7 4</runs>
            <runs>0 23 39 11 15 28 1 20 11 8 3</runs>
            <runs>0 19 42 11 15 29 1 22 7 11 2</runs>
            <runs>0 18 37 1 6 9 15 55 2 14 3</runs>
            <runs>0 15 13 2 39 2 14 72 3</runs>
            <runs>0 14 12 13 46 31 1 39 3</runs>
            <runs>0 12 11 16 46 31 1 39 3</runs>
            <runs>0 10 11 17 18 8 22 30 1 39 3</runs>
            <runs>0 9 10 19 18 13 22 25 1 38 3</runs>
            <runs>0 8 10 19 19 13 31 16 1 38 3</runs>
            <runs>0 7 9 17 23 13 34 12 2 37 4</runs>
            <runs>0 6 9 17 24 13 16 4 20 5 7 32 5</runs>
            <runs>0 5 9 18 24 14 14 9 28 31 5</runs>
            <runs>0 3 11 18 19 19 14 11 28 29 4</runs>
            <runs>0 3 10 19 17 21 14 20 24 22 6</runs>
            <runs>0 2 10 19 17 22 15 25 24 13 7</runs>
            <runs>0 1 11 18 17 23 15 27 41</runs>
            <runs>0 1 10 18 16 26 14 27 9 2 28</runs>
            <runs>10 18 16 27 15 25 9 9 21</runs>
            <runs>10 16 16 30 14 25 4</runs>
            <runs>10 15 15 33 14 23 4</runs>
            <runs>0 2 9 11 16 35 15 21 4</runs>
            <runs>0 3 10 5 19 37 15 19 4</runs>
            <runs>0 6 30 38 16 16 5</runs>
            <runs>0 10 26 39 16 14 5</runs>
            <runs>0 14 14 47 17 11 6</runs>
            <runs>0 75 33</runs>
            <runs>0 75 31</runs>
            <runs>0 74 30</runs>
            <runs>0 82 20</runs>
            <runs>0 86 14</runs>
            <runs>0 89 10</runs>
        </run-table>
    </sample>
    <sample shape="G_CLEF" interline="22" pitch="0.6" left="432" top="1057" id="285">
        <run-table orientation="VERTICAL" width="58" height="160">
            <runs>0 81 1 1 10</runs>
            <runs>0 74 26</runs>
            <runs>0 73 28</runs>
            <runs>0 71 32</runs>
            <runs>0 68 36</runs>
            <runs>0 67 40</runs>
            <runs>0 67 41</runs>
            <runs>0 64 45</runs>
            <runs>0 62 31 10 7</runs>
            <runs>0 61 28 17 6 29 9</runs>
            <runs>0 60 27 20 6 27 12</runs>
            <runs>0 58 25 25 6 24 16</runs>
            <runs>0 58 23 29 10 17 17</runs>
            <runs>0 53 26 32 9 15 20</runs>
            <runs>0 53 25 34 8 15 21</runs>
            <runs>0 53 24 36 7 15 21</runs>
            <runs>0 53 24 37 2 18 23</runs>
            <runs>0 52 25 12 2 24 1 18 23</runs>
            <runs>0 52 20 14 14 33 25</runs>
            <runs>0 51 20 14 17 31 20 1 4</runs>
            <runs>0 50 20 12 23 28 19 3 4</runs>
            <runs>0 49 20 11 27 26 19 4 3</runs>
            <runs>0 48 19 12 20 4 6 25 18 4 3</runs>
            <runs>0 46 20 8 25 7 4 24 18 4 3</runs>
            <runs>0 45 20 9 18 15 4 24 17 5 2</runs>
            <runs>0 44 20 10 17 18 1 25 16 6 2</runs>
            <runs>0 31 8 4 20 11 16 46 15 6 3</runs>
            <runs>0 22 40 11 16 48 12 8 3</runs>
            <runs>0 18 44 10 16 51 8 10 3</runs>
            <runs>0 16 13 1 2 7 26 7 15 53 2 15 3</runs>
            <runs>0 15 10 15 46 54 1 16 3</runs>
            <runs>0 13 11 16 18 1 27 70 3</runs>
            <runs>0 11 11 17 18 6 23 70 3</runs>
            <runs>0 10 10 18 18 12 18 70 3</runs>
            <runs>0 8 11 18 19 13 30 57 3</runs>
            <runs>0 7 11 15 23 13 33 53 4</runs>
            <runs>0 7 10 16 23 13 17 1 19 49 3</runs>
            <runs>0 6 10 17 23 14 15 7 17 45 4</runs>
            <runs>0 4 10 19 17 20 15 10 25 34 3</runs>
            <runs>0 2 11 19 17 21 15 10 27 30 5</runs>
            <runs>0 2 10 20 16 22 15 21 24 7 2 11 6</runs>
            <runs>0 2 10 18 17 23 15 28 26 9 7</runs>
            <runs>0 1 10 19 15 26 14 28 41</runs>
            <runs>10 18 16 27 14 27 8 5 28</runs>
            <runs>0 1 9 17 15 30 14 26 8 10 21</runs>
            <runs>0 1 9 15 16 31 15 24 4 21 5 1 5</runs>
            <runs>0 3 8 12 17 33 14 23 4</runs>
            <runs>0 5 8 3 21 36 15 21 5</runs>
            <runs>0 7 29 38 15 19 5</runs>
            <runs>0 10 26 39 15 16 5</runs>
            <runs>0 15 13 47 18 12 5</runs>
            <runs>0 75 24 3 7</runs>
            <runs>0 75 25 1 7</runs>
            <runs>0 79 27</runs>
            <runs>0 82 22</runs>
            <runs>0 84 17</runs>
            <runs>0 87 12</runs>
            <runs>0 89 10</runs>
        </run-table>
    </sample>
    <sample shape="G_CLEF" interline="22" pitch="0.4" left="431" top="1693" id="366">
        <run-table orientation="VERTICAL" width="57" height="165">
            <runs>0 86 6 2 2</runs>
            <runs>0 77 25</runs>
            <runs>0 76 27</runs>
            <runs>0 73 34</runs>
            <runs>0 72 36</runs>
            <runs>0 69 41</runs>
            <runs>0 68 43</runs>
            <runs>0 67 46</runs>
            <runs>0 65 38 1 10</runs>
            <runs>0 64 29 16 7 31 5</runs>
            <runs>0 62 27 22 6 26 12</runs>
            <runs>0 61 27 24 6 24 14</runs>
            <runs>0 55 30 28 11 17 16</runs>
            <runs>0 55 28 31 9 17 18</runs>
            <runs>0 55 26 34 9 16 19</runs>
            <runs>0 55 25 36 8 15 21</runs>
            <runs>0 55 24 38 7 15 22</runs>
            <runs>0 54 25 17 1 21 2 18 24</runs>
            <runs>0 53 26 8 16 16 1 18 24</runs>
            <runs>0 51 23 12 19 14 1 18 25</runs>
            <runs>0 51 22 12 24 10 1 18 19 1 5</runs>
            <runs>0 50 22 11 27 28 19 3 3</runs>
            <runs>0 49 22 11 21 3 6 26 19 3 3</runs>
            <runs>0 48 21 8 20 11 6 25 17 5 3</runs>
            <runs>0 48 20 9 18 15 4 25 17 5 3</runs>
            <runs>0 37 2 8 20 10 17 18 2 26 16 5 3</runs>
            <runs>0 25 41 10 17 47 15 6 3</runs>
            <runs>0 21 43 12 16 49 13 7 3</runs>
            <runs>0 17 47 11 15 53 10 8 4</runs>
            <runs>0 15 14 8 2 1 27 7 16 55 6 10 4</runs>
            <runs>0 13 12 16 48 72 4</runs>
            <runs>0 12 11 18 48 72 4</runs>
            <runs>0 11 11 18 19 6 24 72 3</runs>
            <runs>0 9 11 13 25 14 18 71 3</runs>
            <runs>0 7 12 15 24 14 30 58 3</runs>
            <runs>0 7 11 16 24 15 30 57 3</runs>
            <runs>0 5 12 17 24 15 15 2 17 52 4</runs>
            <runs>0 4 12 18 24 15 14 8 15 49 3</runs>
            <runs>0 3 12 19 19 20 14 11 26 34 4</runs>
            <runs>0 2 12 19 19 21 15 18 18 33 4</runs>
            <runs>0 2 12 18 17 24 15 21 2 1 13 31 4</runs>
            <runs>0 1 12 18 17 25 15 26 1 1 19 19 6</runs>
            <runs>0 1 11 17 18 27 14 28 25 2 2 7 7</runs>
            <runs>12 16 17 29 14 28 41</runs>
            <runs>0 1 11 15 17 30 15 27 3 13 23</runs>
            <runs>0 2 11 10 19 33 14 26 3 18 17</runs>
            <runs>0 4 13 1 22 35 15 24 3</runs>
            <runs>0 6 32 38 14 23 4</runs>
            <runs>0 10 27 39 15 21 4</runs>
            <runs>0 14 17 46 15 18 5</runs>
            <runs>0 77 17 15 5</runs>
            <runs>0 77 19 12 4</runs>
            <runs>0 77 34</runs>
            <runs>0 82 27</runs>
            <runs>0 83 24</runs>
            <runs>0 87 18</runs>
            <runs>0 91 13</runs>
        </run-table>
    </sample>
    <sample shape="G_CLEF" interline="22" pitch="0.4" left="429" top="2305" id="435">
        <run-table orientation="VERTICAL" width="58" height="166">
            <runs>0 86 2 4 4</runs>
            <runs>0 83 19</runs>
            <runs>0 77 27</runs>
            <runs>0 75 31</runs>
            <runs>0 73 35</runs>
            <runs>0 70 40</runs>
            <runs>0 69 42</runs>
            <runs>0 68 45</runs>
            <runs>0 66 48</runs>
            <runs>0 65 31 12 8</runs>
            <runs>0 64 29 17 7</runs>
            <runs>0 62 27 23 6 29 7</runs>
            <runs>0 60 26 28 5 26 12</runs>
            <runs>0 59 25 31 9 20 14</runs>
            <runs>0 55 28 33 8 18 17</runs>
            <runs>0 55 26 36 7 17 20</runs>
            <runs>0 55 25 38 2 21 21</runs>
            <runs>0 55 25 39 1 20 23</runs>
            <runs>0 54 26 11 12 37 23</runs>
            <runs>0 52 23 13 18 33 25</runs>
            <runs>0 52 22 12 22 31 25</runs>
            <runs>0 51 22 11 26 29 19 3 3</runs>
            <runs>0 50 21 12 28 28 19 3 4</runs>
            <runs>0 49 21 7 26 5 5 27 18 4 3</runs>
            <runs>0 48 20 9 20 13 5 25 18 4 3</runs>
            <runs>0 28 2 1 12 4 20 10 18 17 3 25 18 5 2</runs>
            <runs>0 24 42 11 17 47 16 6 2</runs>
            <runs>0 21 44 12 16 49 14 7 3</runs>
            <runs>0 18 47 11 16 50 14 7 3</runs>
            <runs>0 15 14 12 25 10 15 53 11 8 3</runs>
            <runs>0 13 12 17 48 56 5 12 3</runs>
            <runs>0 11 13 17 48 74 3</runs>
            <runs>0 10 12 18 20 8 21 73 4</runs>
            <runs>0 9 11 19 20 13 18 72 3</runs>
            <runs>0 7 12 16 24 14 18 3 1 67 3</runs>
            <runs>0 7 11 17 24 14 30 59 3</runs>
            <runs>0 5 12 18 24 14 31 58 3</runs>
            <runs>0 3 13 18 20 19 15 5 17 51 3</runs>
            <runs>0 2 13 19 19 20 15 10 18 45 3</runs>
            <runs>0 1 13 20 18 22 14 11 26 35 4</runs>
            <runs>0 1 12 20 17 24 14 20 17 34 4</runs>
            <runs>13 18 17 26 14 25 19 26 4</runs>
            <runs>12 18 16 28 14 28 19 21 5</runs>
            <runs>0 1 11 16 18 29 14 28 26 11 6</runs>
            <runs>0 2 10 15 17 31 14 28 31 3 8</runs>
            <runs>0 5 10 8 18 35 13 27 9 6 2 1 23</runs>
            <runs>0 6 34 37 13 25 4 20 17</runs>
            <runs>0 9 29 39 13 24 4</runs>
            <runs>0 14 23 40 14 22 4</runs>
            <runs>0 17 10 51 14 20 4</runs>
            <runs>0 78 16 16 5</runs>
            <runs>0 78 18 12 6</runs>
            <runs>0 78 34</runs>
            <runs>0 78 33</runs>
            <runs>0 84 25</runs>
            <runs>0 86 22</runs>
            <runs>0 89 15</runs>
            <runs>0 92 1 2 8</runs>
        </run-table>
    </sample>
    <sample shape="G_CLEF" interline="22" pitch="0.5" left="426" top="2932" id="506">
        <run-table orientation="VERTICAL" width="58" height="167">
            <runs>0 86 1 1 7 2 2</runs>
            <runs>0 77 26</runs>
            <runs>0 76 28</runs>
            <runs>0 75 32</runs>
            <runs>0 72 36</runs>
            <runs>0 70 40</runs>
            <runs>0 69 43</runs>
            <runs>0 67 46</runs>
            <runs>0 65 50</runs>
            <runs>0 63 53</runs>
            <runs>0 62 31 16 8</runs>
            <runs>0 61 28 22 7</runs>
            <runs>0 55 32 26 6</runs>
            <runs>0 55 29 31 10 23 6</runs>
            <runs>0 55 28 33 9 20 12</runs>
            <runs>0 55 27 35 8 18 17</runs>
            <runs>0 54 27 37 7 17 19</runs>
            <runs>0 54 27 38 2 20 20</runs>
            <runs>0 53 22 17 11 17 1 20 21</runs>
            <runs>0 52 21 14 17 16 1 19 23</runs>
            <runs>0 50 22 14 21 33 23</runs>
            <runs>0 50 21 13 25 31 24</runs>
            <runs>0 49 21 8 33 29 25</runs>
            <runs>0 26 14 8 20 10 26 3 6 27 25</runs>
            <runs>0 20 47 11 19 13 4 26 19 1 6</runs>
            <runs>0 18 48 12 18 16 3 25 19 2 5</runs>
            <runs>0 16 49 12 17 20 2 24 18 4 4</runs>
            <runs>0 13 15 12 25 11 17 48 17 5 3</runs>
            <runs>0 12 13 17 24 10 16 49 17 5 3</runs>
            <runs>0 10 12 20 29 4 16 51 15 6 3</runs>
            <runs>0 9 12 19 50 52 14 7 4</runs>
            <runs>0 7 13 19 20 6 25 53 12 8 4</runs>
            <runs>0 6 13 16 24 11 20 55 8 10 4</runs>
            <runs>0 5 12 17 25 14 17 73 3</runs>
            <runs>0 4 12 18 25 14 21 69 3</runs>
            <runs>0 3 12 19 20 19 30 60 3</runs>
            <runs>0 2 12 19 20 20 31 58 4</runs>
            <runs>0 1 12 19 19 22 15 6 12 56 4</runs>
            <runs>12 19 19 23 15 8 15 9 1 41 3</runs>
            <runs>0 1 10 19 19 24 15 11 16 4 2 40 4</runs>
            <runs>0 1 10 18 18 27 14 18 19 35 4</runs>
            <runs>0 2 10 14 19 29 14 21 16 35 4</runs>
            <runs>0 4 11 9 19 31 14 26 14 31 4</runs>
            <runs>0 6 35 33 14 28 16 26 5</runs>
            <runs>0 9 30 36 14 28 19 20 6</runs>
            <runs>0 12 25 38 14 27 4 1 20 14 6</runs>
            <runs>0 14 23 39 14 25 4 11 29</runs>
            <runs>0 76 14 24 4 19 20</runs>
            <runs>0 77 14 23 4 24 12</runs>
            <runs>0 77 15 20 5</runs>
            <runs>0 77 16 18 5</runs>
            <runs>0 78 16 15 6</runs>
            <runs>0 78 18 10 7</runs>
            <runs>0 78 34</runs>
            <runs>0 84 26</runs>
            <runs>0 86 22</runs>
            <runs>0 88 17</runs>
            <runs>0 91 12</runs>
        </run-table>
    </sample>
    <sample shape="F_CLEF" interline="22" pitch="-1.6" left="427" top="741" id="231">
        <run-table orientation="VERTICAL" width="64" height="78">
            <runs>0 74 4</runs>
            <runs>0 74 4</runs>
            <runs>0 74 3</runs>
            <runs>0 73 4</runs>
            <runs>0 73 3</runs>
            <runs>0 72 4</runs>
            <runs>0 18 1 53 3</runs>
            <runs>0 14 11 46 3</runs>
            <runs>0 12 14 45 3</runs>
            <runs>0 10 17 44 2</runs>
            <runs>0 8 20 42 3</runs>
            <runs>0 7 22 41 2</runs>
            <runs>0 6 23 36 7</runs>
            <runs>0 5 25</runs>
            <runs>30</runs>
            <runs>8 3 19</runs>
            <runs>7 4 19</runs>
            <runs>0 11 19</runs>
            <runs>0 11 19</runs>
            <runs>0 11 19 34 1</runs>
            <runs>0 12 17 34 2</runs>
            <runs>0 13 16 33 7</runs>
            <runs>0 14 15 33 7</runs>
            <runs>0 14 15 32 8</runs>
            <runs>0 15 14 31 9</runs>
            <runs>0 15 13 30 11</runs>
            <runs>0 17 10 30 6</runs>
            <runs>0 55 7</runs>
            <runs>0 54 7</runs>
            <runs>0 54 7</runs>
            <runs>0 52 8</runs>
            <runs>0 51 8</runs>
            <runs>0 4 1 39 15</runs>
            <runs>0 4 2 38 13</runs>
            <runs>7 35 14</runs>
            <runs>9 30 16</runs>
            <runs>11 24 19</runs>
            <runs>13 18 23</runs>
            <runs>53</runs>
            <runs>51</runs>
            <runs>50</runs>
            <runs>0 1 47</runs>
            <runs>0 1 46</runs>
            <runs>47</runs>
            <runs>47</runs>
            <runs>0 6 36</runs>
            <runs>0 7 34</runs>
            <runs>0 8 30</runs>
            <runs>0 11 25</runs>
            <runs>0 13 21</runs>
            <runs>0 14 15</runs>
            <runs>0 20 7</runs>
            <runs></runs>
            <runs></runs>
            <runs>0 8 1 26 3</runs>
            <runs>0 6 8 20 6</runs>
            <runs>0 5 10 18 8</runs>
            <runs>0 5 10 17 9</runs>
            <runs>0 5 10 17 10</runs>
            <runs>0 5 10 17 10</runs>
            <runs>0 5 10 17 9</runs>
            <runs>0 6 8 18 9</runs>
            <runs>0 7 6 20 7</runs>
            <runs>0 34 2</runs>
        </run-table>
    </sample>
    <sample shape="F_CLEF" interline="22" pitch="-1.5" left="428" top="1370" id="300">
        <run-table orientation="VERTICAL" width="63" height="76">
            <runs>0 74 2</runs>
            <runs>0 74 2</runs>
            <runs>0 73 3</runs>
            <runs>0 73 3</runs>
            <runs>0 72 3</runs>
            <runs>0 72 3</runs>
            <runs>0 16 2 54 2</runs>
            <runs>0 12 12 47 3</runs>
            <runs>0 11 14 45 4</runs>
            <runs>0 9 17 44 3</runs>
            <runs>0 7 20 38 8</runs>
            <runs>0 6 22 37 7</runs>
            <runs>0 5 24 36 7</runs>
            <runs>0 4 26 39 2</runs>
            <runs>8 3 19 39 1</runs>
            <runs>0 4 2 5 19 39 1</runs>
            <runs>0 4 1 6 19</runs>
            <runs>0 4 1 6 19</runs>
            <runs>0 11 19</runs>
            <runs>0 11 18 34 1</runs>
            <runs>0 12 17 34 1</runs>
            <runs>0 12 17 33 2</runs>
            <runs>0 13 15 33 7</runs>
            <runs>0 14 14 31 9</runs>
            <runs>0 15 12 31 11</runs>
            <runs>0 16 9 33 5</runs>
            <runs>0 19 2 35 6</runs>
            <runs>0 55 6</runs>
            <runs>0 54 7</runs>
            <runs>0 52 8</runs>
            <runs>0 50 10</runs>
            <runs>0 43 15</runs>
            <runs>0 4 1 38 14</runs>
            <runs>0 4 2 37 13</runs>
            <runs>7 33 15</runs>
            <runs>8 27 20</runs>
            <runs>10 20 24</runs>
            <runs>18 3 31</runs>
            <runs>51</runs>
            <runs>50</runs>
            <runs>48</runs>
            <runs>47</runs>
            <runs>47</runs>
            <runs>46</runs>
            <runs>0 6 40</runs>
            <runs>0 7 40</runs>
            <runs>0 8 32</runs>
            <runs>0 9 27</runs>
            <runs>0 12 22</runs>
            <runs>0 14 17</runs>
            <runs>0 17 11</runs>
            <runs></runs>
            <runs></runs>
            <runs></runs>
            <runs>0 8 5 20 6</runs>
            <runs>0 7 7 18 8</runs>
            <runs>0 6 8 17 10</runs>
            <runs>0 5 10 16 10</runs>
            <runs>0 5 10 16 10</runs>
            <runs>0 5 10 16 10</runs>
            <runs>0 5 9 17 9</runs>
            <runs>0 6 8 18 8</runs>
            <runs>0 8 5 20 6</runs>
        </run-table>
    </sample>
    <sample shape="F_CLEF" interline="22" pitch="-1.6" left="426" top="1992" id="383">
        <run-table orientation="VERTICAL" width="65" height="77">
            <runs>0 74 3</runs>
            <runs>0 73 4</runs>
            <runs>0 73 3</runs>
            <runs>0 73 3</runs>
            <runs>0 73 3</runs>
            <runs>0 72 3</runs>
            <runs>0 72 3</runs>
            <runs>0 71 4</runs>
            <runs>0 16 10 44 4</runs>
            <runs>0 13 13 44 3</runs>
            <runs>0 11 16 39 7</runs>
            <runs>0 10 18 37 8</runs>
            <runs>0 9 19 37 7</runs>
            <runs>0 7 21</runs>
            <runs>0 1 28</runs>
            <runs>0 1 29</runs>
            <runs>0 1 8 2 19</runs>
            <runs>7 5 18</runs>
            <runs>0 12 18</runs>
            <runs>0 12 18 34 1</runs>
            <runs>0 12 18 33 2</runs>
            <runs>0 12 18 32 7</runs>
            <runs>0 12 18 31 8</runs>
            <runs>0 13 16 32 8</runs>
            <runs>0 14 14 32 9</runs>
            <runs>0 14 14 31 9</runs>
            <runs>0 15 12 31 6</runs>
            <runs>0 16 10 31 6</runs>
            <runs>0 55 8</runs>
            <runs>0 55 7</runs>
            <runs>0 53 8</runs>
            <runs>0 51 9</runs>
            <runs>0 50 9</runs>
            <runs>0 45 13</runs>
            <runs>0 44 13</runs>
            <runs>0 1 7 34 14</runs>
            <runs>0 1 8 30 16</runs>
            <runs>0 1 9 27 17</runs>
            <runs>0 1 11 19 22</runs>
            <runs>0 1 19 1 31</runs>
            <runs>0 1 50</runs>
            <runs>0 1 48</runs>
            <runs>0 1 47</runs>
            <runs>0 1 46</runs>
            <runs>0 1 45</runs>
            <runs>0 1 46</runs>
            <runs>0 7 40</runs>
            <runs>0 8 33</runs>
            <runs>0 10 28</runs>
            <runs>0 11 26</runs>
            <runs>0 13 21</runs>
            <runs>0 15 14 1 1</runs>
            <runs>0 18 9</runs>
            <runs></runs>
            <runs></runs>
            <runs>0 34 5</runs>
            <runs>0 9 5 19 7</runs>
            <runs>0 7 8 18 8</runs>
            <runs>0 7 9 17 8</runs>
            <runs>0 6 10 17 9</runs>
            <runs>0 6 10 17 9</runs>
            <runs>0 6 10 17 9</runs>
            <runs>0 7 9 17 8</runs>
            <runs>0 8 7 19 7</runs>
            <runs>0 9 5 21 4</runs>
        </run-table>
    </sample>
    <sample shape="F_CLEF" interline="22" pitch="-1.7" left="433" top="2602" id="457">
        <run-table orientation="VERTICAL" width="58" height="68">
            <runs>0 16 9</runs>
            <runs>0 13 12</runs>
            <runs>0 12 14</runs>
            <runs>0 10 17</runs>
            <runs>0 9 19</runs>
            <runs>0 8 21</runs>
            <runs>0 6 23</runs>
            <runs>0 6 24</runs>
            <runs>0 5 25</runs>
            <runs>9 2 19</runs>
            <runs>7 4 19</runs>
            <runs>0 4 2 6 18</runs>
            <runs>0 4 1 7 18 34 1</runs>
            <runs>0 4 1 7 18 33 2</runs>
            <runs>0 12 18 32 3</runs>
            <runs>0 12 18 32 3</runs>
            <runs>0 13 16 31 8</runs>
            <runs>0 13 15 31 9</runs>
            <runs>0 14 14 30 10</runs>
            <runs>0 15 12 30 11</runs>
            <runs>0 17 9 30 7</runs>
            <runs>0 55 7</runs>
            <runs>0 54 7</runs>
            <runs>0 53 8</runs>
            <runs>0 51 9</runs>
            <runs>0 4 1 44 10</runs>
            <runs>0 4 1 38 15</runs>
            <runs>0 4 2 37 14</runs>
            <runs>0 4 3 33 16</runs>
            <runs>9 29 17</runs>
            <runs>10 25 19</runs>
            <runs>0 1 11 13 2 3 23</runs>
            <runs>0 1 51</runs>
            <runs>51</runs>
            <runs>50</runs>
            <runs>0 1 48</runs>
            <runs>48</runs>
            <runs>47</runs>
            <runs>47</runs>
            <runs>0 6 41</runs>
            <runs>0 8 33</runs>
            <runs>0 9 29</runs>
            <runs>0 10 27</runs>
            <runs>0 12 22</runs>
            <runs>0 14 17</runs>
            <runs>0 16 11</runs>
            <runs></runs>
            <runs></runs>
            <runs>0 10 4 21 5</runs>
            <runs>0 8 7 18 8</runs>
            <runs>0 8 7 18 8</runs>
            <runs>0 7 9 17 9</runs>
            <runs>0 6 10 17 9</runs>
            <runs>0 6 10 17 9</runs>
            <runs>0 7 9 17 9</runs>
            <runs>0 7 9 17 9</runs>
            <runs>0 8 7 19 7</runs>
            <runs>0 10 4 22 3</runs>
        </run-table>
    </sample>
    <sample shape="F_CLEF" interline="22" pitch="-1.8" left="431" top="3243" id="528">
        <run-table orientation="VERTICAL" width="57" height="68">
            <runs>0 14 11</runs>
            <runs>0 12 13</runs>
            <runs>0 10 16</runs>
            <runs>0 9 18</runs>
            <runs>0 7 21</runs>
            <runs>0 6 23</runs>
            <runs>29</runs>
            <runs>30</runs>
            <runs>8 3 19</runs>
            <runs>7 4 19</runs>
            <runs>0 11 19</runs>
            <runs>0 11 19</runs>
            <runs>0 12 18 33 1</runs>
            <runs>0 12 18 33 1</runs>
            <runs>0 12 17 33 2</runs>
            <runs>0 12 17 31 8</runs>
            <runs>0 13 15 31 9</runs>
            <runs>0 14 13 32 9</runs>
            <runs>0 15 10 33 10</runs>
            <runs>0 16 9 32 6</runs>
            <runs>0 19 2 35 6</runs>
            <runs>0 54 7</runs>
            <runs>0 53 8</runs>
            <runs>0 51 9</runs>
            <runs>0 49 10</runs>
            <runs>0 43 15</runs>
            <runs>0 44 13</runs>
            <runs>0 43 13</runs>
            <runs>8 33 13</runs>
            <runs>10 26 17</runs>
            <runs>0 1 12 18 21</runs>
            <runs>0 1 50</runs>
            <runs>0 1 49</runs>
            <runs>0 1 48</runs>
            <runs>0 1 47</runs>
            <runs>47</runs>
            <runs>47</runs>
            <runs>47</runs>
            <runs>47</runs>
            <runs>40</runs>
            <runs>0 8 30</runs>
            <runs>0 9 28</runs>
            <runs>0 11 23</runs>
            <runs>0 13 18</runs>
            <runs>0 15 12</runs>
            <runs></runs>
            <runs></runs>
            <runs>0 35 1</runs>
            <runs>0 7 6 20 5</runs>
            <runs>14 17 8</runs>
            <runs>15 16 9</runs>
            <runs>15 16 9</runs>
            <runs>15 15 10</runs>
            <runs>0 1 13 17 9</runs>
            <runs>0 1 13 17 9</runs>
            <runs>0 6 7 18 8</runs>
            <runs>0 7 6 20 5</runs>
        </run-table>
    </sample>
    <sample shape="F_CLEF" interline="22" pitch="-1.7" left="433" top="741" id="232">
        <run-table orientation="VERTICAL" width="58" height="69">
            <runs>0 18 1</runs>
            <runs>0 14 11</runs>
            <runs>0 12 14</runs>
            <runs>0 10 17</runs>
            <runs>0 8 20</runs>
            <runs>0 7 22</runs>
            <runs>0 6 23</runs>
            <runs>0 5 25</runs>
            <runs>30</runs>
            <runs>8 3 19</runs>
            <runs>7 4 19</runs>
            <runs>0 11 19</runs>
            <runs>0 11 19</runs>
            <runs>0 11 19 34 1</runs>
            <runs>0 12 17 34 2</runs>
            <runs>0 13 16 33 7</runs>
            <runs>0 14 15 33 7</runs>
            <runs>0 14 15 32 8</runs>
            <runs>0 15 14 31 9</runs>
            <runs>0 15 13 30 11</runs>
            <runs>0 17 10 30 6</runs>
            <runs>0 55 7</runs>
            <runs>0 54 7</runs>
            <runs>0 54 7</runs>
            <runs>0 52 8</runs>
            <runs>0 51 8</runs>
            <runs>0 4 1 39 15</runs>
            <runs>0 4 2 38 13</runs>
            <runs>7 35 14</runs>
            <runs>9 30 16</runs>
            <runs>11 24 19</runs>
            <runs>13 18 23</runs>
            <runs>53</runs>
            <runs>51</runs>
            <runs>50</runs>
            <runs>0 1 47</runs>
            <runs>0 1 46</runs>
            <runs>47</runs>
            <runs>47</runs>
            <runs>0 6 36</runs>
            <runs>0 7 34</runs>
            <runs>0 8 30</runs>
            <runs>0 11 25</runs>
            <runs>0 13 21</runs>
            <runs>0 14 15</runs>
            <runs>0 20 7</runs>
            <runs></runs>
            <runs></runs>
            <runs>0 8 1 26 3</runs>
            <runs>0 6 8 20 6</runs>
            <runs>0 5 10 18 8</runs>
            <runs>0 5 10 17 9</runs>
            <runs>0 5 10 17 10</runs>
            <runs>0 5 10 17 10</runs>
            <runs>0 5 10 17 9</runs>
            <runs>0 6 8 18 9</runs>
            <runs>0 7 6 20 7</runs>
            <runs>0 34 2</runs>
        </run-table>
    </sample>
    <sample shape="F_CLEF" interline="22" pitch="-1.7" left="434" top="1370" id="307">
        <run-table orientation="VERTICAL" width="57" height="69">
            <runs>0 16 2</runs>
            <runs>0 12 12</runs>
            <runs>0 11 14</runs>
            <runs>0 9 17</runs>
            <runs>0 7 20</runs>
            <runs>0 6 22</runs>
            <runs>0 5 24</runs>
            <runs>0 4 26</runs>
            <runs>8 3 19</runs>
            <runs>0 4 2 5 19</runs>
            <runs>0 4 1 6 19</runs>
            <runs>0 4 1 6 19</runs>
            <runs>0 11 19</runs>
            <runs>0 11 18 34 1</runs>
            <runs>0 12 17 34 1</runs>
            <runs>0 12 17 33 2</runs>
            <runs>0 13 15 33 7</runs>
            <runs>0 14 14 31 9</runs>
            <runs>0 15 12 31 11</runs>
            <runs>0 16 9 33 5</runs>
            <runs>0 19 2 35 6</runs>
            <runs>0 55 6</runs>
            <runs>0 54 7</runs>
            <runs>0 52 8</runs>
            <runs>0 50 10</runs>
            <runs>0 43 15</runs>
            <runs>0 4 1 38 14</runs>
            <runs>0 4 2 37 13</runs>
            <runs>7 33 15</runs>
            <runs>8 27 20</runs>
            <runs>10 20 24</runs>
            <runs>18 3 31</runs>
            <runs>51</runs>
            <runs>50</runs>
            <runs>48</runs>
            <runs>47</runs>
            <runs>47</runs>
            <runs>46</runs>
            <runs>0 6 40</runs>
            <runs>0 7 40</runs>
            <runs>0 8 32</runs>
            <runs>0 9 27</runs>
            <runs>0 12 22</runs>
            <runs>0 14 17</runs>
            <runs>0 17 11</runs>
            <runs></runs>
            <runs></runs>
            <runs></runs>
            <runs>0 8 5 20 6</runs>
            <runs>0 7 7 18 8</runs>
            <runs>0 6 8 17 10</runs>
            <runs>0 5 10 16 10</runs>
            <runs>0 5 10 16 10</runs>
            <runs>0 5 10 16 10</runs>
            <runs>0 5 9 17 9</runs>
            <runs>0 6 8 18 8</runs>
            <runs>0 8 5 20 6</runs>
        </run-table>
    </sample>
    <sample shape="F_CLEF" interline="22" pitch="-1.8" left="434" top="1992" id="382">
        <run-table orientation="VERTICAL" width="57" height="69">
            <runs>0 16 10</runs>
            <runs>0 13 13</runs>
            <runs>0 11 16</runs>
            <runs>0 10 18</runs>
            <runs>0 9 19</runs>
            <runs>0 7 21</runs>
            <runs>0 1 28</runs>
            <runs>0 1 29</runs>
            <runs>0 1 8 2 19</runs>
            <runs>7 5 18</runs>
            <runs>0 12 18</runs>
            <runs>0 12 18 34 1</runs>
            <runs>0 12 18 33 2</runs>
            <runs>0 12 18 32 7</runs>
            <runs>0 12 18 31 8</runs>
            <runs>0 13 16 32 8</runs>
            <runs>0 14 14 32 9</runs>
            <runs>0 14 14 31 9</runs>
            <runs>0 15 12 31 6</runs>
            <runs>0 16 10 31 6</runs>
            <runs>0 55 8</runs>
            <runs>0 55 7</runs>
            <runs>0 53 8</runs>
            <runs>0 51 9</runs>
            <runs>0 50 9</runs>
            <runs>0 45 13</runs>
            <runs>0 44 13</runs>
            <runs>0 1 7 34 14</runs>
            <runs>0 1 8 30 16</runs>
            <runs>0 1 9 27 17</runs>
            <runs>0 1 11 19 22</runs>
            <runs>0 1 19 1 31</runs>
            <runs>0 1 50</runs>
            <runs>0 1 48</runs>
            <runs>0 1 47</runs>
            <runs>0 1 46</runs>
            <runs>0 1 45</runs>
            <runs>0 1 46</runs>
            <runs>0 7 40</runs>
            <runs>0 8 33</runs>
            <runs>0 10 28</runs>
            <runs>0 11 26</runs>
            <runs>0 13 21</runs>
            <runs>0 15 14 1 1</runs>
            <runs>0 18 9</runs>
            <runs></runs>
            <runs></runs>
            <runs>0 34 5</runs>
            <runs>0 9 5 19 7</runs>
            <runs>0 7 8 18 8</runs>
            <runs>0 7 9 17 8</runs>
            <runs>0 6 10 17 9</runs>
            <runs>0 6 10 17 9</runs>
            <runs>0 6 10 17 9</runs>
            <runs>0 7 9 17 8</runs>
            <runs>0 8 7 19 7</runs>
            <runs>0 9 5 21 4</runs>
        </run-table>
    </sample>
    <sample shape="F_CLEF" interline="22" pitch="-1.5" left="426" top="2602" id="456">
        <run-table orientation="VERTICAL" width="65" height="77">
            <runs>0 74 2</runs>
            <runs>0 73 4</runs>
            <runs>0 73 3</runs>
            <runs>0 73 3</runs>
            <runs>0 72 3</runs>
            <runs>0 72 3</runs>
            <runs>0 71 4</runs>
            <runs>0 16 9 46 4</runs>
            <runs>0 13 12 45 4</runs>
            <runs>0 12 14 44 3</runs>
            <runs>0 10 17 42 4</runs>
            <runs>0 9 19 36 8</runs>
            <runs>0 8 21 36 7</runs>
            <runs>0 6 23 40 2</runs>
            <runs>0 6 24 39 2</runs>
            <runs>0 5 25 39 1</runs>
            <runs>9 2 19 39 1</runs>
            <runs>7 4 19</runs>
            <runs>0 4 2 6 18</runs>
            <runs>0 4 1 7 18 34 1</runs>
            <runs>0 4 1 7 18 33 2</runs>
            <runs>0 12 18 32 3</runs>
            <runs>0 12 18 32 3</runs>
            <runs>0 13 16 31 8</runs>
            <runs>0 13 15 31 9</runs>
            <runs>0 14 14 30 10</runs>
            <runs>0 15 12 30 11</runs>
            <runs>0 17 9 30 7</runs>
            <runs>0 55 7</runs>
            <runs>0 54 7</runs>
            <runs>0 53 8</runs>
            <runs>0 51 9</runs>
            <runs>0 4 1 44 10</runs>
            <runs>0 4 1 38 15</runs>
            <runs>0 4 2 37 14</runs>
            <runs>0 4 3 33 16</runs>
            <runs>9 29 17</runs>
            <runs>10 25 19</runs>
            <runs>0 1 11 13 2 3 23</runs>
            <runs>0 1 51</runs>
            <runs>51</runs>
            <runs>50</runs>
            <runs>0 1 48</runs>
            <runs>48</runs>
            <runs>47</runs>
            <runs>47</runs>
            <runs>0 6 41</runs>
            <runs>0 8 33</runs>
            <runs>0 9 29</runs>
            <runs>0 10 27</runs>
            <runs>0 12 22</runs>
            <runs>0 14 17</runs>
            <runs>0 16 11</runs>
            <runs></runs>
            <runs></runs>
            <runs>0 10 4 21 5</runs>
            <runs>0 8 7 18 8</runs>
            <runs>0 8 7 18 8</runs>
            <runs>0 7 9 17 9</runs>
            <runs>0 6 10 17 9</runs>
            <runs>0 6 10 17 9</runs>
            <runs>0 7 9 17 9</runs>
            <runs>0 7 9 17 9</runs>
            <runs>0 8 7 19 7</runs>
            <runs>0 10 4 22 3</runs>
        </run-table>
    </sample>
    <sample shape="F_CLEF" interline="22" pitch="-1.7" left="425" top="3243" id="527">
        <run-table orientation="VERTICAL" width="63" height="76">
            <runs>0 74 1</runs>
            <runs>0 73 3</runs>
            <runs>0 73 3</runs>
            <runs>0 72 4</runs>
            <runs>0 72 3</runs>
            <runs>0 71 3</runs>
            <runs>0 14 11 46 3</runs>
            <runs>0 12 13 45 4</runs>
            <runs>0 10 16 38 10</runs>
            <runs>0 9 18 37 9</runs>
            <runs>0 7 21 36 9</runs>
            <runs>0 6 23 35 8</runs>
            <runs>29 35 7</runs>
            <runs>30 34 7</runs>
            <runs>8 3 19</runs>
            <runs>7 4 19</runs>
            <runs>0 11 19</runs>
            <runs>0 11 19</runs>
            <runs>0 12 18 33 1</runs>
            <runs>0 12 18 33 1</runs>
            <runs>0 12 17 33 2</runs>
            <runs>0 12 17 31 8</runs>
            <runs>0 13 15 31 9</runs>
            <runs>0 14 13 32 9</runs>
            <runs>0 15 10 33 10</runs>
            <runs>0 16 9 32 6</runs>
            <runs>0 19 2 35 6</runs>
            <runs>0 54 7</runs>
            <runs>0 53 8</runs>
            <runs>0 51 9</runs>
            <runs>0 49 10</runs>
            <runs>0 43 15</runs>
            <runs>0 44 13</runs>
            <runs>0 43 13</runs>
            <runs>8 33 13</runs>
            <runs>10 26 17</runs>
            <runs>0 1 12 18 21</runs>
            <runs>0 1 50</runs>
            <runs>0 1 49</runs>
            <runs>0 1 48</runs>
            <runs>0 1 47</runs>
            <runs>47</runs>
            <runs>47</runs>
            <runs>47</runs>
            <runs>47</runs>
            <runs>40</runs>
            <runs>0 8 30</runs>
            <runs>0 9 28</runs>
            <runs>0 11 23</runs>
            <runs>0 13 18</runs>
            <runs>0 15 12</runs>
            <runs></runs>
            <runs></runs>
            <runs>0 35 1</runs>
            <runs>0 7 6 20 5</runs>
            <runs>14 17 8</runs>
            <runs>15 16 9</runs>
            <runs>15 16 9</runs>
            <runs>15 15 10</runs>
            <runs>0 1 13 17 9</runs>
            <runs>0 1 13 17 9</runs>
            <runs>0 6 7 18 8</runs>
            <runs>0 7 6 20 5</runs>
        </run-table>
    </sample>
    <sample shape="FLAT" interline="22" pitch="-0.7" left="501" top="485" id="252">
        <run-table orientation="VERTICAL" width="21" height="54">
            <runs>0 21 4 3 26</runs>
            <runs>0 1 53</runs>
            <runs>43 2 8</runs>
            <runs>41 5 6</runs>
            <runs>20 5 5 16 5</runs>
            <runs>0 1 4 1 2 18 3 16 5</runs>
            <runs>0 1 3 22 2 16 5</runs>
            <runs>0 25 2 16 5</runs>
            <runs>0 24 3 15 5</runs>
            <runs>0 24 3 9 10</runs>
            <runs>0 24 3 9 9</runs>
            <runs>0 24 4 8 8</runs>
            <runs>0 24 4 8 7</runs>
            <runs>0 24 7 3 8</runs>
            <runs>0 24 17</runs>
            <runs>0 25 16</runs>
            <runs>0 25 14</runs>
            <runs>0 26 13</runs>
            <runs>0 27 12</runs>
            <runs>0 28 11</runs>
            <runs>0 29 10</runs>
        </run-table>
    </sample>
    <sample shape="FLAT" interline="22" pitch="-3.6" left="523" top="455" id="259">
        <run-table orientation="VERTICAL" width="20" height="53">
            <runs>0 6 1 10 12</runs>
            <runs>0 1 52</runs>
            <runs>53</runs>
            <runs>33 3 1 7 8</runs>
            <runs>0 2 1 20 8 13 7</runs>
            <runs>0 27 2 19 2</runs>
            <runs>0 27 1 20 1</runs>
            <runs></runs>
            <runs>0 42 1</runs>
            <runs>0 41 2</runs>
            <runs>0 39 8</runs>
            <runs>0 37 10</runs>
            <runs>0 35 12</runs>
            <runs>0 23 7 4 9</runs>
            <runs>0 23 18</runs>
            <runs>0 23 17</runs>
            <runs>0 23 16</runs>
            <runs>0 23 15</runs>
            <runs>0 23 13</runs>
            <runs>0 28 6</runs>
        </run-table>
    </sample>
    <sample shape="FLAT" interline="22" pitch="0.2" left="544" top="494" id="262">
        <run-table orientation="VERTICAL" width="20" height="54">
            <runs>0 30 2</runs>
            <runs>0 2 51</runs>
            <runs>54</runs>
            <runs>39 7 7</runs>
            <runs>0 1 15 2 3 2 9</runs>
            <runs></runs>
            <runs></runs>
            <runs>0 25 1 18 7</runs>
            <runs>0 25 1 17 8</runs>
            <runs>0 24 2 15 10</runs>
            <runs>0 24 2 14 11</runs>
            <runs>0 24 2 12 7</runs>
            <runs>0 24 2 11 7</runs>
            <runs>0 24 7 2 10</runs>
            <runs>0 24 18</runs>
            <runs>0 25 17</runs>
            <runs>0 25 15</runs>
            <runs>0 25 14</runs>
            <runs>0 26 10</runs>
            <runs>0 26 9</runs>
        </run-table>
    </sample>
    <sample shape="FLAT" interline="22" pitch="-2.6" left="566" top="463" id="257">
        <run-table orientation="VERTICAL" width="21" height="54">
            <runs>0 50 3</runs>
            <runs>0 1 53</runs>
            <runs>54</runs>
            <runs>0 1 52</runs>
            <runs>0 2 10 6 2 5 8 13 7</runs>
            <runs>0 25 6 15 6</runs>
            <runs>0 26 3 16 5</runs>
            <runs>0 25 3 16 5</runs>
            <runs>0 25 2 16 5</runs>
            <runs>0 24 3 15 6</runs>
            <runs>0 24 3 9 11</runs>
            <runs>0 24 4 8 9</runs>
            <runs>0 24 4 8 8</runs>
            <runs>0 24 5 6 9</runs>
            <runs>0 24 6 2 11</runs>
            <runs>0 25 17</runs>
            <runs>0 25 16</runs>
            <runs>0 25 15</runs>
            <runs>0 26 13</runs>
            <runs>0 26 13</runs>
            <runs>0 28 11</runs>
        </run-table>
    </sample>
    <sample shape="FLAT" interline="22" pitch="1.4" left="500" top="770" id="268">
        <run-table orientation="VERTICAL" width="20" height="56">
            <runs>0 1 22 2 31</runs>
            <runs>56</runs>
            <runs>40 7 8</runs>
            <runs>0 2 6 2 9 8 6 15 6</runs>
            <runs>0 27 4 17 5</runs>
            <runs>0 27 3 17 5</runs>
            <runs>0 26 3 17 4</runs>
            <runs>0 26 2 16 5</runs>
            <runs>0 25 3 14 6</runs>
            <runs>0 25 3 8 11</runs>
            <runs>0 25 3 8 10</runs>
            <runs>0 25 3 8 9</runs>
            <runs>0 25 4 6 9</runs>
            <runs>0 25 18</runs>
            <runs>0 26 16</runs>
            <runs>0 26 15</runs>
            <runs>0 27 13</runs>
            <runs>0 28 12</runs>
            <runs>0 29 10</runs>
            <runs>0 31 8</runs>
        </run-table>
    </sample>
    <sample shape="FLAT" interline="22" pitch="-1.6" left="523" top="738" id="275">
        <run-table orientation="VERTICAL" width="20" height="55">
            <runs>0 1 54</runs>
            <runs>55</runs>
            <runs>42 3 10</runs>
            <runs>34 13 7</runs>
            <runs>0 1 2 21 7</runs>
            <runs></runs>
            <runs>0 45 1</runs>
            <runs>0 44 2</runs>
            <runs>0 42 8</runs>
            <runs>0 41 9</runs>
            <runs>0 39 11</runs>
            <runs>0 37 8</runs>
            <runs>0 35 9</runs>
            <runs>0 24 19</runs>
            <runs>0 25 17</runs>
            <runs>0 25 16</runs>
            <runs>0 25 15</runs>
            <runs>0 25 13</runs>
            <runs>0 25 12</runs>
            <runs>0 25 10</runs>
        </run-table>
    </sample>
    <sample shape="FLAT" interline="22" pitch="2.2" left="547" top="780" id="276">
        <run-table orientation="VERTICAL" width="21" height="56">
            <runs>0 2 7 12 3</runs>
            <runs>0 1 55</runs>
            <runs>56</runs>
            <runs>38 6 12</runs>
            <runs>0 1 14 3 3 1 11 19 2</runs>
            <runs>0 52 1</runs>
            <runs>0 47 1</runs>
            <runs>0 46 2</runs>
            <runs>0 44 8</runs>
            <runs>0 43 9</runs>
            <runs>0 42 10</runs>
            <runs>0 41 5</runs>
            <runs>0 38 7</runs>
            <runs>0 34 10</runs>
            <runs>0 25 18</runs>
            <runs>0 25 18</runs>
            <runs>0 25 17</runs>
            <runs>0 26 14</runs>
            <runs>0 26 12</runs>
            <runs>0 27 10</runs>
            <runs>0 31 2</runs>
        </run-table>
    </sample>
    <sample shape="FLAT" interline="22" pitch="-1.1" left="566" top="740" id="273">
        <run-table orientation="VERTICAL" width="20" height="60">
            <runs>0 6 8 3 14 6 4</runs>
            <runs>60</runs>
            <runs>60</runs>
            <runs>40 12 7</runs>
            <runs>0 5 4 4 1 17 6 15 6</runs>
            <runs>0 31 5 16 5</runs>
            <runs>0 31 3 17 5</runs>
            <runs>0 30 3 16 6</runs>
            <runs>0 30 3 12 9</runs>
            <runs>0 30 3 12 8</runs>
            <runs>0 29 4 11 8</runs>
            <runs>0 29 4 10 8</runs>
            <runs>0 29 5 8 8</runs>
            <runs>0 29 7 1 12</runs>
            <runs>0 29 19</runs>
            <runs>0 30 18</runs>
            <runs>0 30 18</runs>
            <runs>0 31 17</runs>
            <runs>0 32 11</runs>
            <runs>0 33 8</runs>
        </run-table>
    </sample>
    <sample shape="FLAT" interline="22" pitch="-0.6" left="503" top="1097" id="323">
        <run-table orientation="VERTICAL" width="20" height="53">
            <runs>0 1 4 7 9 2 16 6 7</runs>
            <runs>53</runs>
            <runs>41 5 7</runs>
            <runs>38 9 5</runs>
            <runs>0 2 5 1 1 16 6 16 4</runs>
            <runs>0 25 4 17 4</runs>
            <runs>0 25 3 17 4</runs>
            <runs>0 25 2 17 4</runs>
            <runs>0 24 2 16 4</runs>
            <runs>0 24 2 15 5</runs>
            <runs>0 24 2 9 10</runs>
            <runs>0 24 3 8 9</runs>
            <runs>0 24 4 7 8</runs>
            <runs>0 24 18</runs>
            <runs>0 24 17</runs>
            <runs>0 24 16</runs>
            <runs>0 25 14</runs>
            <runs>0 26 12</runs>
            <runs>0 27 11</runs>
            <runs>0 29 9</runs>
        </run-table>
    </sample>
    <sample shape="FLAT" interline="22" pitch="-3.8" left="525" top="1065" id="333">
        <run-table orientation="VERTICAL" width="20" height="52">
            <runs>0 1 50</runs>
            <runs>52</runs>
            <runs>35 9 8</runs>
            <runs>0 1 10 5 3 3 8</runs>
            <runs></runs>
            <runs></runs>
            <runs></runs>
            <runs>0 42 2</runs>
            <runs>0 41 7</runs>
            <runs>0 39 10</runs>
            <runs>0 38 6</runs>
            <runs>0 37 6</runs>
            <runs>0 34 8</runs>
            <runs>0 24 17</runs>
            <runs>0 24 16</runs>
            <runs>0 24 15</runs>
            <runs>0 25 13</runs>
            <runs>0 25 11</runs>
            <runs>0 25 10</runs>
            <runs>0 25 7</runs>
        </run-table>
    </sample>
    <sample shape="FLAT" interline="22" pitch="0.0" left="545" top="1105" id="330">
        <run-table orientation="VERTICAL" width="21" height="54">
            <runs>0 4 8 2 1 9 7</runs>
            <runs>0 1 53</runs>
            <runs>54</runs>
            <runs>37 1 4</runs>
            <runs>0 1 18 3 2 6 2</runs>
            <runs>0 30 1</runs>
            <runs>0 45 2</runs>
            <runs>0 45 2</runs>
            <runs>0 43 8</runs>
            <runs>0 42 9</runs>
            <runs>0 40 6</runs>
            <runs>0 39 6</runs>
            <runs>0 37 8</runs>
            <runs>0 33 10</runs>
            <runs>0 25 17</runs>
            <runs>0 25 16</runs>
            <runs>0 25 16</runs>
            <runs>0 26 14</runs>
            <runs>0 26 12</runs>
            <runs>0 27 9</runs>
            <runs>0 27 7</runs>
        </run-table>
    </sample>
    <sample shape="FLAT" interline="22" pitch="-2.8" left="568" top="1076" id="328">
        <run-table orientation="VERTICAL" width="23" height="52">
            <runs>0 50 1</runs>
            <runs>0 1 23 1 27</runs>
            <runs>52</runs>
            <runs>39 4 9</runs>
            <runs>20 4 6 15 5</runs>
            <runs>0 25 3 16 4</runs>
            <runs>0 25 3 15 4</runs>
            <runs>0 24 3 15 4</runs>
            <runs>0 24 2 15 4</runs>
            <runs>0 24 2 14 5</runs>
            <runs>0 24 1 10 9</runs>
            <runs>0 23 3 9 8</runs>
            <runs>0 23 4 7 8</runs>
            <runs>0 23 6 3 9</runs>
            <runs>0 24 16</runs>
            <runs>0 24 15</runs>
            <runs>0 24 14</runs>
            <runs>0 25 13</runs>
            <runs>0 25 12</runs>
            <runs>0 26 11</runs>
            <runs>0 27 10</runs>
            <runs>0 27 2</runs>
            <runs>0 27 1</runs>
        </run-table>
    </sample>
    <sample shape="FLAT" interline="22" pitch="1.3" left="503" top="1398" id="339">
        <run-table orientation="VERTICAL" width="21" height="55">
            <runs>0 13 10 4 4 3 21</runs>
            <runs>55</runs>
            <runs>54</runs>
            <runs>41 5 7</runs>
            <runs>0 2 6 3 1 2 7 4 7 15 5</runs>
            <runs>0 26 4 16 5</runs>
            <runs>0 25 4 16 5</runs>
            <runs>0 25 4 14 6</runs>
            <runs>0 25 3 14 6</runs>
            <runs>0 24 3 10 10</runs>
            <runs>0 24 3 10 9</runs>
            <runs>0 24 4 9 8</runs>
            <runs>0 24 4 6 10</runs>
            <runs>0 24 19</runs>
            <runs>0 25 18</runs>
            <runs>0 25 17</runs>
            <runs>0 26 15</runs>
            <runs>0 27 14</runs>
            <runs>0 28 13</runs>
            <runs>0 29 12</runs>
            <runs>0 31 3</runs>
        </run-table>
    </sample>
    <sample shape="FLAT" interline="22" pitch="-1.4" left="525" top="1368" id="349">
        <run-table orientation="VERTICAL" width="21" height="55">
            <runs>0 42 7 3 2</runs>
            <runs>0 2 53</runs>
            <runs>55</runs>
            <runs>42 2 10</runs>
            <runs>33 13 7</runs>
            <runs>0 24 7 18 2</runs>
            <runs>0 28 2 19 1</runs>
            <runs>0 49 1</runs>
            <runs></runs>
            <runs>0 42 7</runs>
            <runs>0 40 9</runs>
            <runs>0 39 10</runs>
            <runs>0 37 12</runs>
            <runs>0 28 2 5 14</runs>
            <runs>0 24 19</runs>
            <runs>0 24 18</runs>
            <runs>0 24 17</runs>
            <runs>0 24 16</runs>
            <runs>0 24 15</runs>
            <runs>0 24 13</runs>
            <runs>0 29 6</runs>
        </run-table>
    </sample>
    <sample shape="FLAT" interline="22" pitch="2.4" left="548" top="1411" id="348">
        <run-table orientation="VERTICAL" width="21" height="55">
            <runs>0 2 7 13 7 7 5 3 10</runs>
            <runs>55</runs>
            <runs>55</runs>
            <runs>41 3 10</runs>
            <runs>17 3 13 13 7</runs>
            <runs>0 28 2 20 2</runs>
            <runs></runs>
            <runs></runs>
            <runs>0 42 7</runs>
            <runs>0 41 8</runs>
            <runs>0 40 9</runs>
            <runs>0 38 11</runs>
            <runs>0 36 13</runs>
            <runs>0 28 2 3 10</runs>
            <runs>0 24 18</runs>
            <runs>0 24 17</runs>
            <runs>0 24 17</runs>
            <runs>0 24 15</runs>
            <runs>0 24 14</runs>
            <runs>0 25 11</runs>
            <runs>0 30 5</runs>
        </run-table>
    </sample>
    <sample shape="FLAT" interline="22" pitch="-0.7" left="571" top="1376" id="344">
        <run-table orientation="VERTICAL" width="20" height="56">
            <runs>0 2 53</runs>
            <runs>56</runs>
            <runs>55</runs>
            <runs>0 1 40 6 7</runs>
            <runs>0 27 4 16 6</runs>
            <runs>0 27 3 16 6</runs>
            <runs>0 26 3 16 6</runs>
            <runs>0 26 2 16 6</runs>
            <runs>0 25 3 15 6</runs>
            <runs>0 25 3 10 10</runs>
            <runs>0 25 3 10 9</runs>
            <runs>0 25 4 8 8</runs>
            <runs>0 25 4 7 8</runs>
            <runs>0 25 18</runs>
            <runs>0 26 16</runs>
            <runs>0 26 15</runs>
            <runs>0 27 14</runs>
            <runs>0 27 14</runs>
            <runs>0 29 11</runs>
            <runs>0 30 10</runs>
        </run-table>
    </sample>
    <sample shape="FLAT" interline="22" pitch="-0.6" left="499" top="1735" id="404">
        <run-table orientation="VERTICAL" width="21" height="55">
            <runs>0 1 21 3 23 1 3 1 1</runs>
            <runs>55</runs>
            <runs>54</runs>
            <runs>39 2 1 6 5</runs>
            <runs>0 25 7 16 5</runs>
            <runs>0 26 4 17 5</runs>
            <runs>0 26 3 17 4</runs>
            <runs>0 25 3 16 5</runs>
            <runs>0 25 2 16 5</runs>
            <runs>0 24 3 14 6</runs>
            <runs>0 24 3 8 11</runs>
            <runs>0 24 4 7 11</runs>
            <runs>0 24 5 5 11</runs>
            <runs>0 24 6 1 13</runs>
            <runs>0 25 17</runs>
            <runs>0 25 16</runs>
            <runs>0 26 14</runs>
            <runs>0 26 13</runs>
            <runs>0 27 12</runs>
            <runs>0 28 10</runs>
            <runs>0 29 4</runs>
        </run-table>
    </sample>
    <sample shape="FLAT" interline="22" pitch="-3.7" left="523" top="1700" id="405">
        <run-table orientation="VERTICAL" width="21" height="55">
            <runs>0 1 11 5 1 3 12</runs>
            <runs>54</runs>
            <runs>55</runs>
            <runs>35 1 2 3 14</runs>
            <runs>0 1 1 6 10 29 6</runs>
            <runs>0 46 7</runs>
            <runs>0 45 7</runs>
            <runs>0 44 8</runs>
            <runs>0 25 1 17 9</runs>
            <runs>0 25 1 16 10</runs>
            <runs>0 25 1 15 11</runs>
            <runs>0 24 2 13 7</runs>
            <runs>0 25 1 11 8</runs>
            <runs>0 25 7 2 10</runs>
            <runs>0 25 18</runs>
            <runs>0 25 17</runs>
            <runs>0 25 16</runs>
            <runs>0 26 14</runs>
            <runs>0 27 12</runs>
            <runs>0 27 11</runs>
            <runs>0 27 7</runs>
        </run-table>
    </sample>
    <sample shape="FLAT" interline="22" pitch="0.3" left="545" top="1745" id="409">
        <run-table orientation="VERTICAL" width="20" height="55">
            <runs>0 1 9 2 22 4 1 2 3 2 8</runs>
            <runs>55</runs>
            <runs>55</runs>
            <runs>35 12 7</runs>
            <runs>0 25 7</runs>
            <runs>0 29 2</runs>
            <runs></runs>
            <runs>0 45 2</runs>
            <runs>0 43 7</runs>
            <runs>0 42 8</runs>
            <runs>0 40 10</runs>
            <runs>0 38 8</runs>
            <runs>0 36 9</runs>
            <runs>0 25 19</runs>
            <runs>0 25 18</runs>
            <runs>0 25 17</runs>
            <runs>0 26 15</runs>
            <runs>0 26 13</runs>
            <runs>0 26 12</runs>
            <runs>0 26 11</runs>
        </run-table>
    </sample>
    <sample shape="FLAT" interline="22" pitch="-2.7" left="565" top="1713" id="408">
        <run-table orientation="VERTICAL" width="20" height="54">
            <runs>0 1 20 1 5 17 3</runs>
            <runs>53</runs>
            <runs>54</runs>
            <runs>0 1 39 4 10</runs>
            <runs>0 25 6 15 7</runs>
            <runs>0 26 4 16 5</runs>
            <runs>0 25 4 16 6</runs>
            <runs>0 25 3 16 6</runs>
            <runs>0 25 2 16 6</runs>
            <runs>0 25 2 14 6</runs>
            <runs>0 24 3 9 10</runs>
            <runs>0 24 3 9 9</runs>
            <runs>0 24 4 7 9</runs>
            <runs>0 24 20</runs>
            <runs>0 25 17</runs>
            <runs>0 25 16</runs>
            <runs>0 26 14</runs>
            <runs>0 26 13</runs>
            <runs>0 27 12</runs>
            <runs>0 28 11</runs>
        </run-table>
    </sample>
    <sample shape="FLAT" interline="22" pitch="1.4" left="500" top="2022" id="414">
        <run-table orientation="VERTICAL" width="21" height="54">
            <runs>0 5 4 14 3 23 4</runs>
            <runs>0 1 53</runs>
            <runs>54</runs>
            <runs>34 13 7</runs>
            <runs>0 1 18 7 6 15 5</runs>
            <runs>0 26 4 16 5</runs>
            <runs>0 26 3 16 5</runs>
            <runs>0 25 3 16 5</runs>
            <runs>0 25 2 15 6</runs>
            <runs>0 25 2 14 6</runs>
            <runs>0 24 3 13 6</runs>
            <runs>0 24 4 8 9</runs>
            <runs>0 24 5 6 9</runs>
            <runs>0 24 6 3 10</runs>
            <runs>0 25 17</runs>
            <runs>0 25 16</runs>
            <runs>0 25 15</runs>
            <runs>0 26 14</runs>
            <runs>0 27 12</runs>
            <runs>0 28 11</runs>
            <runs>0 30 2</runs>
        </run-table>
    </sample>
    <sample shape="FLAT" interline="22" pitch="-1.6" left="522" top="1991" id="421">
        <run-table orientation="VERTICAL" width="21" height="54">
            <runs>0 6 2</runs>
            <runs>0 1 52</runs>
            <runs>0 1 53</runs>
            <runs>41 3 10</runs>
            <runs>33 12 8</runs>
            <runs>0 1 7 15 8 18 2</runs>
            <runs>0 27 3 19 1</runs>
            <runs>0 27 2 20 1</runs>
            <runs>0 44 1</runs>
            <runs>0 43 2</runs>
            <runs>0 41 8</runs>
            <runs>0 27 1 12 8</runs>
            <runs>0 27 2 8 11</runs>
            <runs>0 23 7 5 13</runs>
            <runs>0 24 19</runs>
            <runs>0 24 18</runs>
            <runs>0 24 17</runs>
            <runs>0 24 16</runs>
            <runs>0 24 15</runs>
            <runs>0 24 13</runs>
            <runs>0 29 5</runs>
        </run-table>
    </sample>
    <sample shape="FLAT" interline="22" pitch="2.4" left="545" top="2034" id="424">
        <run-table orientation="VERTICAL" width="20" height="53">
            <runs>0 1 52</runs>
            <runs>53</runs>
            <runs>34 11 8</runs>
            <runs>0 1 13 1 16 18 3</runs>
            <runs>0 28 2 19 2</runs>
            <runs>0 28 1 20 1</runs>
            <runs>0 44 1</runs>
            <runs>0 43 2</runs>
            <runs>0 42 7</runs>
            <runs>0 40 9</runs>
            <runs>0 38 11</runs>
            <runs>0 36 8</runs>
            <runs>0 28 2 4 9</runs>
            <runs>0 24 18</runs>
            <runs>0 24 17</runs>
            <runs>0 24 16</runs>
            <runs>0 24 15</runs>
            <runs>0 24 14</runs>
            <runs>0 24 11</runs>
            <runs>0 30 2</runs>
        </run-table>
    </sample>
    <sample shape="FLAT" interline="22" pitch="-0.8" left="562" top="1999" id="419">
        <run-table orientation="VERTICAL" width="21" height="54">
            <runs>0 49 4</runs>
            <runs>0 2 32 1 19</runs>
            <runs>54</runs>
            <runs>43 4 7</runs>
            <runs>23 2 7 16 5</runs>
            <runs>0 1 5 21 3 17 5</runs>
            <runs>0 26 3 17 4</runs>
            <runs>0 26 2 17 5</runs>
            <runs>0 26 2 16 5</runs>
            <runs>0 25 2 15 6</runs>
            <runs>0 25 2 10 10</runs>
            <runs>0 25 3 9 9</runs>
            <runs>0 25 3 9 8</runs>
            <runs>0 25 4 5 10</runs>
            <runs>0 25 18</runs>
            <runs>0 26 16</runs>
            <runs>0 26 15</runs>
            <runs>0 26 15</runs>
            <runs>0 27 13</runs>
            <runs>0 28 12</runs>
            <runs>0 30 11</runs>
        </run-table>
    </sample>
    <sample shape="FLAT" interline="22" pitch="-0.5" left="498" top="2348" id="473">
        <run-table orientation="VERTICAL" width="20" height="55">
            <runs>0 1 3 7 12 4 1 4 9 9 4</runs>
            <runs>55</runs>
            <runs>41 1 2 4 6</runs>
            <runs>39 9 5</runs>
            <runs>0 1 1 24 5 17 5</runs>
            <runs>0 26 4 17 4</runs>
            <runs>0 26 3 17 4</runs>
            <runs>0 25 3 16 5</runs>
            <runs>0 25 3 15 5</runs>
            <runs>0 25 2 14 6</runs>
            <runs>0 25 2 8 11</runs>
            <runs>0 25 3 7 10</runs>
            <runs>0 25 4 6 9</runs>
            <runs>0 25 6 2 10</runs>
            <runs>0 25 17</runs>
            <runs>0 25 16</runs>
            <runs>0 26 15</runs>
            <runs>0 26 14</runs>
            <runs>0 27 12</runs>
            <runs>0 30 8</runs>
        </run-table>
    </sample>
    <sample shape="FLAT" interline="22" pitch="-3.6" left="524" top="2315" id="479">
        <run-table orientation="VERTICAL" width="20" height="55">
            <runs>0 6 4 1 3 6 1</runs>
            <runs>0 1 54</runs>
            <runs>0 1 54</runs>
            <runs>41 1 13</runs>
            <runs>0 1 11 1 8 2 10 13 8</runs>
            <runs>0 28 3 15 7</runs>
            <runs>0 28 2</runs>
            <runs>0 28 1</runs>
            <runs>0 28 1 15 2</runs>
            <runs>0 28 1 14 7</runs>
            <runs>0 28 1 12 8</runs>
            <runs>0 39 10</runs>
            <runs>0 28 1 9 11</runs>
            <runs>0 28 2 4 11</runs>
            <runs>0 25 19</runs>
            <runs>0 25 18</runs>
            <runs>0 25 17</runs>
            <runs>0 25 15</runs>
            <runs>0 25 14</runs>
            <runs>0 25 12</runs>
        </run-table>
    </sample>
    <sample shape="FLAT" interline="22" pitch="0.5" left="547" top="2360" id="480">
        <run-table orientation="VERTICAL" width="20" height="54">
            <runs>27 1 23 1 1</runs>
            <runs>54</runs>
            <runs>39 2 12</runs>
            <runs>33 12 8</runs>
            <runs>0 9 2 12 7 19 2</runs>
            <runs>0 27 2 20 1</runs>
            <runs></runs>
            <runs></runs>
            <runs>0 42 7</runs>
            <runs>0 41 7</runs>
            <runs>0 39 9</runs>
            <runs>0 37 12</runs>
            <runs>0 36 13</runs>
            <runs>0 24 9 1 9</runs>
            <runs>0 24 18</runs>
            <runs>0 24 16</runs>
            <runs>0 24 16</runs>
            <runs>0 24 15</runs>
            <runs>0 24 14</runs>
            <runs>0 29 6</runs>
        </run-table>
    </sample>
    <sample shape="FLAT" interline="22" pitch="-2.6" left="568" top="2326" id="478">
        <run-table orientation="VERTICAL" width="20" height="54">
            <runs>0 2 4 1 14 4 29</runs>
            <runs>54</runs>
            <runs>54</runs>
            <runs>40 7 6</runs>
            <runs>0 1 3 22 5 16 4</runs>
            <runs>0 26 3 17 4</runs>
            <runs>0 25 3 16 5</runs>
            <runs>0 25 2 17 4</runs>
            <runs>0 24 3 15 5</runs>
            <runs>0 24 3 14 5</runs>
            <runs>0 24 3 9 9</runs>
            <runs>0 24 3 8 9</runs>
            <runs>0 24 5 5 10</runs>
            <runs>0 24 19</runs>
            <runs>0 24 18</runs>
            <runs>0 25 16</runs>
            <runs>0 25 15</runs>
            <runs>0 26 13</runs>
            <runs>0 27 12</runs>
            <runs>0 29 10</runs>
        </run-table>
    </sample>
    <sample shape="FLAT" interline="22" pitch="1.4" left="499" top="2632" id="488">
        <run-table orientation="VERTICAL" width="21" height="55">
            <runs>0 2 19 12 2 16 2</runs>
            <runs>0 1 54</runs>
            <runs>54</runs>
            <runs>39 8 7</runs>
            <runs>0 2 1 5 10 8 6 15 6</runs>
            <runs>0 26 4 16 5</runs>
            <runs>0 26 3 16 5</runs>
            <runs>0 26 2 16 5</runs>
            <runs>0 25 3 15 5</runs>
            <runs>0 25 3 13 6</runs>
            <runs>0 24 4 8 10</runs>
            <runs>0 24 4 8 9</runs>
            <runs>0 25 4 6 10</runs>
            <runs>0 25 6 2 11</runs>
            <runs>0 25 17</runs>
            <runs>0 25 17</runs>
            <runs>0 25 15</runs>
            <runs>0 26 13</runs>
            <runs>0 27 12</runs>
            <runs>0 28 11</runs>
            <runs>0 31 8</runs>
        </run-table>
    </sample>
    <sample shape="FLAT" interline="22" pitch="-1.7" left="521" top="2599" id="495">
        <run-table orientation="VERTICAL" width="20" height="55">
            <runs>0 1 29 20 2</runs>
            <runs>0 1 54</runs>
            <runs>55</runs>
            <runs>39 7 9</runs>
            <runs>0 1 8 14 9 15 7</runs>
            <runs>0 29 2 20 2</runs>
            <runs></runs>
            <runs>0 45 1</runs>
            <runs>0 44 2</runs>
            <runs>0 42 8</runs>
            <runs>0 41 9</runs>
            <runs>0 39 11</runs>
            <runs>0 37 13</runs>
            <runs>0 24 20</runs>
            <runs>0 25 18</runs>
            <runs>0 25 17</runs>
            <runs>0 25 16</runs>
            <runs>0 25 15</runs>
            <runs>0 25 14</runs>
            <runs>0 25 11</runs>
        </run-table>
    </sample>
    <sample shape="FLAT" interline="22" pitch="2.4" left="543" top="2643" id="498">
        <run-table orientation="VERTICAL" width="20" height="53">
            <runs>0 1 52</runs>
            <runs>53</runs>
            <runs>53</runs>
            <runs>33 12 7</runs>
            <runs>0 1 2 25 2</runs>
            <runs>0 28 1</runs>
            <runs></runs>
            <runs>0 43 7</runs>
            <runs>0 41 8</runs>
            <runs>0 40 9</runs>
            <runs>0 38 11</runs>
            <runs>0 36 14</runs>
            <runs>0 34 16</runs>
            <runs>0 24 7 1 11</runs>
            <runs>0 24 18</runs>
            <runs>0 24 17</runs>
            <runs>0 24 15</runs>
            <runs>0 25 13</runs>
            <runs>0 24 12</runs>
            <runs>0 24 10</runs>
        </run-table>
    </sample>
    <sample shape="FLAT" interline="22" pitch="-0.6" left="563" top="2611" id="493">
        <run-table orientation="VERTICAL" width="21" height="54">
            <runs>0 2 3</runs>
            <runs>54</runs>
            <runs>54</runs>
            <runs>54</runs>
            <runs>21 3 15 6 8</runs>
            <runs>0 26 5 14 6</runs>
            <runs>0 25 5 15 5</runs>
            <runs>0 25 4 15 5</runs>
            <runs>0 25 3 15 6</runs>
            <runs>0 25 3 13 6</runs>
            <runs>0 24 3 8 11</runs>
            <runs>0 24 3 8 10</runs>
            <runs>0 24 4 7 10</runs>
            <runs>0 24 6 4 10</runs>
            <runs>0 24 19</runs>
            <runs>0 25 17</runs>
            <runs>0 25 16</runs>
            <runs>0 26 14</runs>
            <runs>0 27 12</runs>
            <runs>0 28 10</runs>
            <runs>0 29 9</runs>
        </run-table>
    </sample>
    <sample shape="FLAT" interline="22" pitch="-0.6" left="495" top="2975" id="544">
        <run-table orientation="VERTICAL" width="20" height="55">
            <runs>0 1 16</runs>
            <runs>55</runs>
            <runs>55</runs>
            <runs>0 1 17 2 19 9 7</runs>
            <runs>0 26 6 16 5</runs>
            <runs>0 26 4 17 5</runs>
            <runs>0 26 3 17 5</runs>
            <runs>0 26 2 17 5</runs>
            <runs>0 26 2 16 5</runs>
            <runs>0 25 2 15 6</runs>
            <runs>0 25 2 14 6</runs>
            <runs>0 25 2 8 11</runs>
            <runs>0 25 3 7 10</runs>
            <runs>0 25 5 4 10</runs>
            <runs>0 25 18</runs>
            <runs>0 26 16</runs>
            <runs>0 26 14</runs>
            <runs>0 26 12</runs>
            <runs>0 27 11</runs>
            <runs>0 29 9</runs>
        </run-table>
    </sample>
    <sample shape="FLAT" interline="22" pitch="-3.5" left="519" top="2943" id="554">
        <run-table orientation="VERTICAL" width="20" height="54">
            <runs>0 2 12 2 2 1 2</runs>
            <runs>0 1 53</runs>
            <runs>54</runs>
            <runs>35 10 8</runs>
            <runs>0 23 9 13 7</runs>
            <runs>0 27 3 19 2</runs>
            <runs>0 27 1 21 1</runs>
            <runs>0 27 1</runs>
            <runs>0 43 2</runs>
            <runs>0 42 3</runs>
            <runs>0 41 7</runs>
            <runs>0 27 1 11 9</runs>
            <runs>0 27 1 9 11</runs>
            <runs>0 27 3 5 13</runs>
            <runs>0 24 19</runs>
            <runs>0 24 17</runs>
            <runs>0 24 16</runs>
            <runs>0 24 15</runs>
            <runs>0 24 13</runs>
            <runs>0 24 12</runs>
        </run-table>
    </sample>
    <sample shape="FLAT" interline="22" pitch="0.4" left="541" top="2985" id="551">
        <run-table orientation="VERTICAL" width="20" height="55">
            <runs>0 2 11 3 14</runs>
            <runs>0 1 54</runs>
            <runs>55</runs>
            <runs>0 1 35 11 8</runs>
            <runs>0 25 7 15 7</runs>
            <runs>0 29 2 20 2</runs>
            <runs>0 29 1 21 1</runs>
            <runs></runs>
            <runs>0 44 7</runs>
            <runs>0 42 8</runs>
            <runs>0 41 9</runs>
            <runs>0 40 10</runs>
            <runs>0 38 8</runs>
            <runs>0 36 8</runs>
            <runs>0 25 18</runs>
            <runs>0 25 17</runs>
            <runs>0 25 16</runs>
            <runs>0 25 16</runs>
            <runs>0 25 14</runs>
            <runs>0 25 11</runs>
        </run-table>
    </sample>
    <sample shape="FLAT" interline="22" pitch="-2.7" left="565" top="2952" id="549">
        <run-table orientation="VERTICAL" width="20" height="54">
            <runs>0 1 53</runs>
            <runs>54</runs>
            <runs>40 7 7</runs>
            <runs>21 5 6 15 5</runs>
            <runs>0 18 2 6 5 16 4</runs>
            <runs>0 26 3 16 5</runs>
            <runs>0 25 3 16 5</runs>
            <runs>0 25 2 16 5</runs>
            <runs>0 25 2 14 6</runs>
            <runs>0 24 3 10 9</runs>
            <runs>0 24 3 10 8</runs>
            <runs>0 24 4 8 8</runs>
            <runs>0 24 5 5 9</runs>
            <runs>0 25 17</runs>
            <runs>0 25 17</runs>
            <runs>0 25 16</runs>
            <runs>0 26 14</runs>
            <runs>0 27 12</runs>
            <runs>0 28 11</runs>
            <runs>0 29 4</runs>
        </run-table>
    </sample>
    <sample shape="FLAT" interline="22" pitch="1.6" left="496" top="3274" id="560">
        <run-table orientation="VERTICAL" width="21" height="59">
            <runs>0 1 18 4 1 2 3 1 8</runs>
            <runs>53</runs>
            <runs>59</runs>
            <runs>39 5 15</runs>
            <runs>0 24 13 8 7</runs>
            <runs>0 25 5 15 6</runs>
            <runs>0 25 3 17 5</runs>
            <runs>0 25 2 16 6</runs>
            <runs>0 24 3 15 6</runs>
            <runs>0 24 3 14 6</runs>
            <runs>0 24 3 12 7</runs>
            <runs>0 24 3 7 11</runs>
            <runs>0 24 4 5 11</runs>
            <runs>0 24 19</runs>
            <runs>0 24 18</runs>
            <runs>0 24 17</runs>
            <runs>0 24 16</runs>
            <runs>0 25 13</runs>
            <runs>0 26 11</runs>
            <runs>0 27 10</runs>
            <runs>0 28 9</runs>
        </run-table>
    </sample>
    <sample shape="FLAT" interline="22" pitch="-1.4" left="519" top="3243" id="561">
        <run-table orientation="VERTICAL" width="22" height="56">
            <runs>0 1 7 3 3 2 10</runs>
            <runs>0 1 28 1 19 3 2</runs>
            <runs>56</runs>
            <runs>56</runs>
            <runs>0 1 33 2 19</runs>
            <runs>0 21 11 11 11</runs>
            <runs>0 22 9 13 8</runs>
            <runs>0 22 7 15 7</runs>
            <runs>0 22 7 18 3</runs>
            <runs>0 22 6 19 2</runs>
            <runs>0 21 7 19 1</runs>
            <runs>0 21 7 13 2</runs>
            <runs>0 21 7 10 9</runs>
            <runs>0 22 7 7 11</runs>
            <runs>0 22 10 2 13</runs>
            <runs>0 22 25</runs>
            <runs>0 22 20</runs>
            <runs>0 21 20</runs>
            <runs>0 22 18</runs>
            <runs>0 22 16</runs>
            <runs>0 29 8</runs>
            <runs>0 32 2</runs>
        </run-table>
    </sample>
    <sample shape="FLAT" interline="22" pitch="2.5" left="542" top="3284" id="570">
        <run-table orientation="VERTICAL" width="21" height="54">
            <runs>0 6 2 4 5 5 2 10 2 6 8</runs>
            <runs>0 1 52</runs>
            <runs>54</runs>
            <runs>53</runs>
            <runs>0 1 11 1 6 3 9 13 8</runs>
            <runs>0 23 7 19 2</runs>
            <runs>0 44 1 4 1</runs>
            <runs>0 43 2</runs>
            <runs>0 42 7</runs>
            <runs>0 41 8</runs>
            <runs>0 39 10</runs>
            <runs>0 38 11</runs>
            <runs>0 36 12</runs>
            <runs>0 23 7 4 14</runs>
            <runs>0 23 20</runs>
            <runs>0 23 19</runs>
            <runs>0 23 18</runs>
            <runs>0 23 17</runs>
            <runs>0 23 15</runs>
            <runs>0 24 12</runs>
            <runs>0 24 9</runs>
        </run-table>
    </sample>
    <sample shape="FLAT" interline="22" pitch="-0.6" left="563" top="3251" id="565">
        <run-table orientation="VERTICAL" width="22" height="54">
            <runs>0 2 17 7 1</runs>
            <runs>53</runs>
            <runs>54</runs>
            <runs>53</runs>
            <runs>0 8 1 3 7 6 6 15 6</runs>
            <runs>0 25 5 16 5</runs>
            <runs>0 25 4 16 5</runs>
            <runs>0 25 3 16 5</runs>
            <runs>0 25 2 15 6</runs>
            <runs>0 24 3 14 6</runs>
            <runs>0 24 3 8 11</runs>
            <runs>0 24 3 8 10</runs>
            <runs>0 24 4 7 9</runs>
            <runs>0 24 5 4 10</runs>
            <runs>0 24 18</runs>
            <runs>0 24 17</runs>
            <runs>0 24 16</runs>
            <runs>0 25 14</runs>
            <runs>0 26 12</runs>
            <runs>0 27 12</runs>
            <runs>0 28 11</runs>
            <runs>0 29 1</runs>
        </run-table>
    </sample>
</samples>
