<?xml version="1.0" encoding="UTF-8" standalone="yes"?>
<samples sheet-name="IMSLP00004#2">
    <sample shape="FLAT" interline="22" pitch="-1.9" left="216" top="2068" id="626">
        <run-table orientation="VERTICAL" width="19" height="55">
            <runs>0 1 35 3 1</runs>
            <runs>0 1 54</runs>
            <runs>36 3 2 6 8</runs>
            <runs>0 27 7</runs>
            <runs></runs>
            <runs></runs>
            <runs>0 47 2</runs>
            <runs>0 26 1 18 8</runs>
            <runs>0 26 1 17 9</runs>
            <runs>0 25 2 16 5</runs>
            <runs>0 25 2 14 6</runs>
            <runs>0 25 2 13 6</runs>
            <runs>0 25 20</runs>
            <runs>0 25 18</runs>
            <runs>0 25 17</runs>
            <runs>0 26 15</runs>
            <runs>0 26 14</runs>
            <runs>0 26 12</runs>
            <runs>0 27 8</runs>
        </run-table>
    </sample>
    <sample shape="FLAT" interline="22" pitch="0.2" left="234" top="2972" id="710">
        <run-table orientation="VERTICAL" width="19" height="55">
            <runs>0 26 12 2 2 1 12</runs>
            <runs>0 1 54</runs>
            <runs>37 1 5 1 1 1 8</runs>
            <runs>35 18 1</runs>
            <runs>0 1 8 17 7</runs>
            <runs></runs>
            <runs></runs>
            <runs>0 45 2</runs>
            <runs>0 43 8</runs>
            <runs>0 42 9</runs>
            <runs>0 41 10</runs>
            <runs>0 39 7</runs>
            <runs>0 25 20</runs>
            <runs>0 25 19</runs>
            <runs>0 25 17</runs>
            <runs>0 25 16</runs>
            <runs>0 25 15</runs>
            <runs>0 26 13</runs>
            <runs>0 26 11</runs>
        </run-table>
    </sample>
</samples>
