<?xml version="1.0" encoding="UTF-8" standalone="yes"?>
<samples sheet-name="IMSLP00120#8">
    <sample shape="SHARP" interline="18" pitch="-0.6" left="360" top="492" id="271">
        <run-table orientation="VERTICAL" width="21" height="55">
            <runs>0 18 3 11 10</runs>
            <runs>0 18 3 11 10</runs>
            <runs>0 14 8 10 10</runs>
            <runs>0 14 9 9 11</runs>
            <runs>0 1 9 3 42</runs>
            <runs>0 10 45</runs>
            <runs>0 10 12 7 26</runs>
            <runs>0 12 9 10 11</runs>
            <runs>0 12 9 10 10</runs>
            <runs>0 12 8 11 10</runs>
            <runs>0 12 7 11 10</runs>
            <runs>0 11 8 11 10</runs>
            <runs>0 11 9 9 11</runs>
            <runs>21 7 13</runs>
            <runs>55</runs>
            <runs>0 9 46</runs>
            <runs>0 10 45</runs>
            <runs>0 9 10 9 12</runs>
            <runs>0 10 8 10 9</runs>
            <runs>0 10 3 15 8</runs>
            <runs>0 29 3</runs>
        </run-table>
    </sample>
    <sample shape="SHARP" interline="18" pitch="-2.8" left="383" top="1358" id="362">
        <run-table orientation="VERTICAL" width="21" height="58">
            <runs>0 17 9 9 9</runs>
            <runs>0 17 9 9 10</runs>
            <runs>0 16 10 9 10</runs>
            <runs>0 16 11 7 11</runs>
            <runs>0 4 54</runs>
            <runs>0 4 54</runs>
            <runs>0 4 22 7 25</runs>
            <runs>0 4 3 3 15 10 23</runs>
            <runs>0 15 10 10 9</runs>
            <runs>0 16 9 9 9</runs>
            <runs>0 15 9 10 9</runs>
            <runs>0 15 9 10 9</runs>
            <runs>0 15 9 9 10</runs>
            <runs>0 1 9 4 11 7 12</runs>
            <runs>57</runs>
            <runs>57</runs>
            <runs>0 1 56</runs>
            <runs>0 8 17 3 22 1 1</runs>
            <runs>0 12 10 10 9</runs>
            <runs>0 13 8 11 8</runs>
            <runs>0 13 8 12 2</runs>
        </run-table>
    </sample>
</samples>
