<?xml version="1.0" encoding="UTF-8" standalone="yes"?>
<samples sheet-name="IMSLP00002#23">
    <sample shape="G_CLEF" interline="22" pitch="0.6" left="192" top="261" id="241">
        <run-table orientation="VERTICAL" width="56" height="154">
            <runs>0 86 13</runs>
            <runs>0 80 22</runs>
            <runs>0 73 31</runs>
            <runs>0 73 33</runs>
            <runs>0 73 35</runs>
            <runs>0 72 37</runs>
            <runs>0 70 40</runs>
            <runs>0 68 21 13 9</runs>
            <runs>0 67 21 15 9</runs>
            <runs>0 65 22 19 7 27 3</runs>
            <runs>0 63 19 26 6 23 10</runs>
            <runs>0 62 18 29 6 21 13</runs>
            <runs>0 61 18 32 4 19 16</runs>
            <runs>0 60 16 36 4 18 17</runs>
            <runs>0 58 18 36 6 15 19</runs>
            <runs>0 58 18 37 3 17 19</runs>
            <runs>0 57 18 14 10 15 2 17 20</runs>
            <runs>0 57 18 12 15 12 2 16 21</runs>
            <runs>0 56 15 15 19 10 1 16 21</runs>
            <runs>0 55 15 14 22 26 22</runs>
            <runs>0 51 18 13 15 7 4 24 22</runs>
            <runs>0 28 11 13 16 13 11 14 3 23 17 1 4</runs>
            <runs>0 21 24 6 17 12 10 17 3 23 15 2 4</runs>
            <runs>0 19 48 13 9 19 3 22 15 3 3</runs>
            <runs>0 16 50 13 9 46 14 3 3</runs>
            <runs>0 15 19 13 19 12 10 46 13 4 3</runs>
            <runs>0 13 19 17 21 7 10 48 10 5 4</runs>
            <runs>0 11 15 23 38 50 7 7 3</runs>
            <runs>0 9 16 24 14 3 20 65 3</runs>
            <runs>0 8 15 24 15 9 16 64 2</runs>
            <runs>0 7 13 26 15 12 20 57 3</runs>
            <runs>0 5 14 25 16 13 27 50 3</runs>
            <runs>0 3 15 26 15 14 13 4 16 43 4</runs>
            <runs>0 3 14 26 14 16 12 10 24 29 4</runs>
            <runs>0 2 13 26 15 17 12 17 19 25 5</runs>
            <runs>14 25 16 18 11 24 18 19 6</runs>
            <runs>13 25 16 19 11 29 22 8 7</runs>
            <runs>11 26 17 19 12 30 34</runs>
            <runs>0 1 9 25 18 20 12 38 25</runs>
            <runs>0 2 8 23 17 23 12 45 16</runs>
            <runs>0 4 7 18 18 26 12 52 5</runs>
            <runs>0 7 7 14 17 28 12</runs>
            <runs>0 9 34 30 13</runs>
            <runs>0 12 26 39 9 27 1</runs>
            <runs>0 14 21 42 10 25 2</runs>
            <runs>0 20 1 1 6 50 10 23 3</runs>
            <runs>0 79 10 21 4</runs>
            <runs>0 79 11 19 4</runs>
            <runs>0 80 12 15 6</runs>
            <runs>0 82 15 7 8</runs>
            <runs>0 83 27</runs>
            <runs>0 84 26</runs>
            <runs>0 86 22</runs>
            <runs>0 88 18</runs>
            <runs>0 90 13</runs>
            <runs>0 92 8</runs>
        </run-table>
    </sample>
    <sample shape="G_CLEF" interline="22" pitch="0.6" left="192" top="790" id="288">
        <run-table orientation="VERTICAL" width="56" height="156">
            <runs>0 84 17</runs>
            <runs>0 80 24</runs>
            <runs>0 73 33</runs>
            <runs>0 73 35</runs>
            <runs>0 73 36</runs>
            <runs>0 71 42</runs>
            <runs>0 71 42</runs>
            <runs>0 69 44</runs>
            <runs>0 68 21 15 10</runs>
            <runs>0 66 20 20 9</runs>
            <runs>0 65 20 23 7 24 8</runs>
            <runs>0 64 18 28 6 20 13</runs>
            <runs>0 63 17 31 9 16 14</runs>
            <runs>0 61 18 34 7 15 16</runs>
            <runs>0 60 17 36 7 14 19</runs>
            <runs>0 59 17 38 6 14 19</runs>
            <runs>0 59 17 14 12 13 2 17 19</runs>
            <runs>0 58 18 11 17 11 2 16 21</runs>
            <runs>0 57 19 10 21 9 1 16 22</runs>
            <runs>0 56 16 13 23 8 1 16 22</runs>
            <runs>0 51 19 14 15 4 6 24 22</runs>
            <runs>0 26 18 8 18 12 12 12 4 23 22</runs>
            <runs>0 22 25 4 18 12 11 16 3 23 21</runs>
            <runs>0 19 49 12 11 19 2 22 16 2 4</runs>
            <runs>0 16 52 11 10 46 15 2 4</runs>
            <runs>0 14 22 1 5 5 21 11 10 46 14 3 4</runs>
            <runs>0 13 20 16 22 8 9 49 11 4 4</runs>
            <runs>0 11 22 15 40 50 9 5 4</runs>
            <runs>0 9 18 20 17 1 23 54 1 9 3</runs>
            <runs>0 8 17 22 16 8 19 61 4</runs>
            <runs>0 7 15 24 17 11 24 53 4</runs>
            <runs>0 5 15 25 16 13 30 46 5</runs>
            <runs>0 4 15 25 16 14 12 4 19 41 4</runs>
            <runs>0 3 14 26 15 16 12 9 22 32 5</runs>
            <runs>0 1 15 26 16 16 12 17 19 26 5</runs>
            <runs>15 25 16 18 12 22 25 13 7</runs>
            <runs>14 24 17 19 12 29 23 2 2 2 8</runs>
            <runs>13 24 18 19 12 31 34</runs>
            <runs>0 1 11 23 19 19 13 39 25</runs>
            <runs>0 3 9 18 24 20 12 44 18</runs>
            <runs>0 5 10 14 20 25 13 49 9</runs>
            <runs>0 8 9 2 2 5 20 28 13 28 1</runs>
            <runs>0 10 34 34 9 28 1</runs>
            <runs>0 12 30 36 10 26 2</runs>
            <runs>0 17 21 41 10 24 6</runs>
            <runs>0 21 12 46 10 23 7</runs>
            <runs>0 80 10 20 6</runs>
            <runs>0 81 10 19 5</runs>
            <runs>0 82 11 15 6</runs>
            <runs>0 83 15 5 10</runs>
            <runs>0 84 28</runs>
            <runs>0 85 26</runs>
            <runs>0 86 23</runs>
            <runs>0 89 18</runs>
            <runs>0 91 14</runs>
            <runs>0 93 9</runs>
        </run-table>
    </sample>
    <sample shape="G_CLEF" interline="22" pitch="0.7" left="188" top="1333" id="331">
        <run-table orientation="VERTICAL" width="56" height="155">
            <runs>0 87 11</runs>
            <runs>0 83 18</runs>
            <runs>0 80 23</runs>
            <runs>0 77 29</runs>
            <runs>0 72 37</runs>
            <runs>0 72 38</runs>
            <runs>0 71 40</runs>
            <runs>0 70 42</runs>
            <runs>0 68 22 13 10</runs>
            <runs>0 67 19 20 8 27 4</runs>
            <runs>0 66 19 23 6 24 10</runs>
            <runs>0 64 18 27 9 19 13</runs>
            <runs>0 63 17 31 7 17 15</runs>
            <runs>0 62 17 33 6 17 17</runs>
            <runs>0 61 16 36 3 18 18</runs>
            <runs>0 60 16 38 2 18 19</runs>
            <runs>0 59 16 40 1 18 19</runs>
            <runs>0 57 18 16 11 13 1 18 20</runs>
            <runs>0 56 19 13 17 28 21</runs>
            <runs>0 56 18 13 20 27 21</runs>
            <runs>0 56 18 11 13 1 10 25 21</runs>
            <runs>0 55 15 13 14 8 4 25 16 1 4</runs>
            <runs>0 54 15 13 9 16 3 24 15 2 4</runs>
            <runs>0 26 15 12 15 13 10 18 3 22 15 3 3</runs>
            <runs>0 23 44 13 11 19 2 23 13 4 3</runs>
            <runs>0 20 47 13 10 21 1 24 12 4 3</runs>
            <runs>0 17 50 12 10 49 8 6 3</runs>
            <runs>0 15 21 13 26 3 10 51 5 8 3</runs>
            <runs>0 13 19 17 26 2 10 65 3</runs>
            <runs>0 12 19 17 16 1 22 64 4</runs>
            <runs>0 10 21 16 16 8 19 61 3</runs>
            <runs>0 9 16 22 15 10 26 53 3</runs>
            <runs>0 7 15 24 15 16 28 45 4</runs>
            <runs>0 6 15 24 15 17 9 8 17 38 4</runs>
            <runs>0 5 14 25 15 18 9 14 21 27 4</runs>
            <runs>0 4 14 25 15 19 9 23 17 21 5</runs>
            <runs>0 4 13 25 14 21 9 28 22 2 1 2 10</runs>
            <runs>0 4 11 25 15 22 9 30 34</runs>
            <runs>0 1 13 25 15 23 9 40 22</runs>
            <runs>13 24 16 24 9 46 14</runs>
            <runs>0 1 11 24 16 25 9 52 2 1 2</runs>
            <runs>0 2 10 22 18 26 9</runs>
            <runs>0 4 9 15 20 30 9</runs>
            <runs>0 5 10 11 20 32 9</runs>
            <runs>0 8 35 35 10</runs>
            <runs>0 10 30 39 9 24 6</runs>
            <runs>0 15 22 42 11 22 6</runs>
            <runs>0 18 1 1 13 48 10 20 7</runs>
            <runs>0 82 10 18 4</runs>
            <runs>0 82 10 16 6</runs>
            <runs>0 83 14 8 7</runs>
            <runs>0 84 27</runs>
            <runs>0 86 24</runs>
            <runs>0 88 21</runs>
            <runs>0 90 17</runs>
            <runs>0 93 12</runs>
        </run-table>
    </sample>
    <sample shape="G_CLEF" interline="22" pitch="0.6" left="190" top="1848" id="376">
        <run-table orientation="VERTICAL" width="56" height="156">
            <runs>0 87 13</runs>
            <runs>0 84 19</runs>
            <runs>0 80 25</runs>
            <runs>0 78 29</runs>
            <runs>0 74 35</runs>
            <runs>0 73 37</runs>
            <runs>0 72 40</runs>
            <runs>0 70 43</runs>
            <runs>0 69 22 8 2 1 12</runs>
            <runs>0 68 22 14 11</runs>
            <runs>0 66 20 21 9 25 6</runs>
            <runs>0 65 19 25 7 23 10</runs>
            <runs>0 64 18 28 10 17 13</runs>
            <runs>0 63 17 32 8 16 15</runs>
            <runs>0 62 17 34 7 15 17</runs>
            <runs>0 61 17 35 7 15 18</runs>
            <runs>0 59 18 15 8 14 6 15 19</runs>
            <runs>0 58 19 13 14 11 2 17 20</runs>
            <runs>0 58 18 12 18 10 1 17 20</runs>
            <runs>0 57 19 9 23 26 20</runs>
            <runs>0 56 16 12 25 24 22</runs>
            <runs>0 52 19 12 16 5 6 23 22</runs>
            <runs>0 27 16 9 18 11 13 12 5 23 22</runs>
            <runs>0 23 26 2 18 12 12 15 4 22 16 2 4</runs>
            <runs>0 20 48 12 11 19 3 22 15 2 4</runs>
            <runs>0 16 51 13 10 45 14 3 4</runs>
            <runs>0 14 21 13 19 12 10 48 11 4 4</runs>
            <runs>0 13 20 16 28 2 10 49 9 5 4</runs>
            <runs>0 11 21 17 28 1 11 52 3 8 3</runs>
            <runs>0 10 17 21 17 4 19 64 3</runs>
            <runs>0 8 16 23 16 10 20 59 3</runs>
            <runs>0 7 15 24 16 12 25 52 4</runs>
            <runs>0 6 14 25 16 13 32 45 4</runs>
            <runs>0 5 14 26 15 14 13 8 16 39 4</runs>
            <runs>0 2 16 25 16 15 13 9 25 28 5</runs>
            <runs>0 1 15 25 17 16 13 18 17 27 5</runs>
            <runs>15 25 17 17 13 25 17 4 1 13 6</runs>
            <runs>13 26 16 19 13 30 23 2 9</runs>
            <runs>13 24 17 20 13 33 2 2 26</runs>
            <runs>0 1 11 23 19 20 13 40 1 1 20</runs>
            <runs>0 3 9 17 25 24 9 45 15</runs>
            <runs>0 5 7 17 20 29 9 52 4</runs>
            <runs>0 7 8 11 20 32 10</runs>
            <runs>0 10 8 1 25 35 9</runs>
            <runs>0 13 28 38 10</runs>
            <runs>0 15 21 44 10 23 6</runs>
            <runs>0 26 6 49 9 22 7</runs>
            <runs>0 81 10 20 5</runs>
            <runs>0 82 10 17 6</runs>
            <runs>0 83 11 14 6</runs>
            <runs>0 84 14 7 8</runs>
            <runs>0 85 27</runs>
            <runs>0 86 25</runs>
            <runs>0 88 21</runs>
            <runs>0 90 17</runs>
            <runs>0 92 13</runs>
        </run-table>
    </sample>
    <sample shape="G_CLEF" interline="22" pitch="0.5" left="189" top="2374" id="438">
        <run-table orientation="VERTICAL" width="55" height="155">
            <runs>0 84 17</runs>
            <runs>0 80 23</runs>
            <runs>0 73 32</runs>
            <runs>0 73 34</runs>
            <runs>0 73 35</runs>
            <runs>0 72 38</runs>
            <runs>0 71 40</runs>
            <runs>0 69 43</runs>
            <runs>0 68 20 16 9</runs>
            <runs>0 66 20 19 9 27 5</runs>
            <runs>0 65 18 24 7 22 13</runs>
            <runs>0 64 18 28 5 19 16</runs>
            <runs>0 63 17 31 9 14 17</runs>
            <runs>0 62 17 33 8 13 19</runs>
            <runs>0 61 16 36 7 13 19</runs>
            <runs>0 59 18 37 6 13 20</runs>
            <runs>0 58 18 15 9 14 6 13 20</runs>
            <runs>0 58 18 12 15 29 22</runs>
            <runs>0 57 19 10 20 26 22</runs>
            <runs>0 56 16 12 24 24 22</runs>
            <runs>0 56 15 12 16 5 5 23 17 1 4</runs>
            <runs>0 52 17 13 10 14 4 22 17 2 3</runs>
            <runs>0 52 16 13 10 16 4 23 15 2 3</runs>
            <runs>0 29 11 11 17 12 10 19 3 22 14 3 4</runs>
            <runs>0 22 26 3 16 13 9 22 1 23 12 4 4</runs>
            <runs>0 20 47 12 9 48 9 6 4</runs>
            <runs>0 18 49 12 9 50 5 8 4</runs>
            <runs>0 15 25 4 1 2 29 2 10 63 3</runs>
            <runs>0 13 22 13 40 62 4</runs>
            <runs>0 12 20 15 41 62 4</runs>
            <runs>0 10 22 15 16 7 28 52 3</runs>
            <runs>0 9 16 21 16 11 27 2 3 44 4</runs>
            <runs>0 8 15 22 16 13 12 3 21 3 1 34 4</runs>
            <runs>0 6 15 23 16 14 12 9 26 26 5</runs>
            <runs>0 5 15 23 17 14 12 17 29 12 7</runs>
            <runs>0 3 15 24 16 15 13 27 24 5 8</runs>
            <runs>0 3 15 23 16 17 12 30 33</runs>
            <runs>0 1 14 25 15 19 12 30 1 6 25</runs>
            <runs>14 25 15 20 12 30 1 14 14</runs>
            <runs>13 24 17 19 13 30 1</runs>
            <runs>12 24 18 19 13 29 2</runs>
            <runs>11 23 15 25 13 28 2</runs>
            <runs>0 2 9 18 18 30 10 27 3</runs>
            <runs>0 4 9 15 18 32 9 27 3</runs>
            <runs>0 6 11 8 18 35 10 25 3</runs>
            <runs>0 8 32 39 10 23 4</runs>
            <runs>0 11 26 43 10 20 5</runs>
            <runs>0 15 18 47 11 18 5</runs>
            <runs>0 81 11 15 6</runs>
            <runs>0 82 16 7 7</runs>
            <runs>0 84 27</runs>
            <runs>0 85 25</runs>
            <runs>0 87 22</runs>
            <runs>0 88 18</runs>
            <runs>0 91 13</runs>
        </run-table>
    </sample>
    <sample shape="G_CLEF" interline="22" pitch="0.6" left="186" top="2910" id="493">
        <run-table orientation="VERTICAL" width="57" height="155">
            <runs>0 91 7</runs>
            <runs>0 90 10</runs>
            <runs>0 87 16</runs>
            <runs>0 82 23</runs>
            <runs>0 79 28</runs>
            <runs>0 73 35</runs>
            <runs>0 73 37</runs>
            <runs>0 73 38</runs>
            <runs>0 71 20 9 12</runs>
            <runs>0 69 21 14 9 25 8</runs>
            <runs>0 67 21 18 8 23 12</runs>
            <runs>0 66 19 23 6 21 15</runs>
            <runs>0 65 18 27 6 18 16</runs>
            <runs>0 64 18 29 8 15 17</runs>
            <runs>0 63 17 32 6 15 19</runs>
            <runs>0 62 17 34 2 18 20</runs>
            <runs>0 61 16 36 2 17 21</runs>
            <runs>0 60 16 14 11 13 1 17 22</runs>
            <runs>0 59 17 13 15 28 22</runs>
            <runs>0 58 18 11 19 26 22</runs>
            <runs>0 57 19 9 23 24 22</runs>
            <runs>0 56 20 8 14 5 6 23 23</runs>
            <runs>0 55 16 12 10 13 4 23 16 2 4</runs>
            <runs>0 51 19 12 9 17 3 23 15 2 4</runs>
            <runs>0 51 18 12 9 20 2 22 14 4 3</runs>
            <runs>0 28 12 11 18 11 10 45 12 4 4</runs>
            <runs>0 24 24 2 18 12 9 47 9 6 4</runs>
            <runs>0 21 46 12 9 52 3 8 4</runs>
            <runs>0 18 49 11 10 63 4</runs>
            <runs>0 16 22 9 23 1 2 5 9 64 4</runs>
            <runs>0 14 19 15 28 1 10 64 3</runs>
            <runs>0 11 21 16 40 2 8 52 4</runs>
            <runs>0 10 21 16 16 9 31 46 4</runs>
            <runs>0 9 16 21 16 14 35 37 4</runs>
            <runs>0 7 15 24 15 15 11 1 2 2 24 31 5</runs>
            <runs>0 6 15 24 15 13 13 19 21 18 7</runs>
            <runs>0 4 15 25 15 14 13 23 1 5 21 2 12</runs>
            <runs>0 4 14 25 15 15 13 31 32</runs>
            <runs>0 3 13 26 15 16 13 42 20</runs>
            <runs>0 2 13 26 15 17 13 47 2 1 8</runs>
            <runs>14 17 2 7 14 19 13</runs>
            <runs>13 15 6 4 16 19 13</runs>
            <runs>0 1 11 24 18 23 10 28 1</runs>
            <runs>0 1 10 23 19 25 9 28 1</runs>
            <runs>0 3 8 17 20 30 9 27 2</runs>
            <runs>0 5 8 15 19 32 8 26 3</runs>
            <runs>0 7 10 2 2 3 22 33 9 24 4</runs>
            <runs>0 10 33 36 10 22 4</runs>
            <runs>0 13 24 2 1 40 12 18 4</runs>
            <runs>0 17 17 47 12 15 5</runs>
            <runs>0 82 15 10 5</runs>
            <runs>0 83 28</runs>
            <runs>0 84 26</runs>
            <runs>0 86 22</runs>
            <runs>0 87 20</runs>
            <runs>0 89 1 1 13</runs>
            <runs>0 93 8</runs>
        </run-table>
    </sample>
    <sample shape="F_CLEF" interline="22" pitch="-1.4" left="190" top="1042" id="299">
        <run-table orientation="VERTICAL" width="62" height="71">
            <runs>0 66 2</runs>
            <runs>0 65 6</runs>
            <runs>0 65 6</runs>
            <runs>0 65 6</runs>
            <runs>0 65 6</runs>
            <runs>0 12 13 40 5</runs>
            <runs>0 9 16 39 7</runs>
            <runs>0 9 17 38 7</runs>
            <runs>0 7 4 9 7 37 7</runs>
            <runs>0 6 3 11 8 36 3</runs>
            <runs>0 1 7 11 10 34 3</runs>
            <runs>0 1 7 10 11 34 3</runs>
            <runs>0 1 6 10 12 33 4</runs>
            <runs>0 4 2 11 13 32 3</runs>
            <runs>0 4 1 12 13 31 4</runs>
            <runs>0 17 13 31 4</runs>
            <runs>0 17 13 30 4</runs>
            <runs>0 17 12 31 3</runs>
            <runs>0 17 12 30 4</runs>
            <runs>0 17 12 29 5</runs>
            <runs>0 18 10 30 4</runs>
            <runs>0 19 8 30 5</runs>
            <runs>0 56 5</runs>
            <runs>0 56 5</runs>
            <runs>0 55 5</runs>
            <runs>0 54 5</runs>
            <runs>0 53 6</runs>
            <runs>0 52 6</runs>
            <runs>0 51 7</runs>
            <runs>0 50 7</runs>
            <runs>6 40 10</runs>
            <runs>0 1 5 40 9</runs>
            <runs>0 1 6 38 10</runs>
            <runs>8 36 10</runs>
            <runs>9 32 12</runs>
            <runs>10 29 13</runs>
            <runs>13 25 13</runs>
            <runs>15 20 16</runs>
            <runs>20 9 20</runs>
            <runs>0 5 43</runs>
            <runs>0 6 42</runs>
            <runs>0 7 41</runs>
            <runs>0 8 40</runs>
            <runs>0 9 33</runs>
            <runs>0 10 31</runs>
            <runs>0 11 28</runs>
            <runs>0 13 24</runs>
            <runs>0 15 20</runs>
            <runs>0 17 16</runs>
            <runs>0 25 2</runs>
            <runs></runs>
            <runs></runs>
            <runs>0 11 2</runs>
            <runs>0 9 6</runs>
            <runs>0 9 7 15 4</runs>
            <runs>0 8 8 14 6</runs>
            <runs>0 8 8 13 8</runs>
            <runs>0 9 7 13 8</runs>
            <runs>0 9 7 13 8</runs>
            <runs>0 10 5 14 7</runs>
            <runs>0 12 1 17 5</runs>
            <runs>0 32 3</runs>
        </run-table>
    </sample>
    <sample shape="F_CLEF" interline="22" pitch="-1.4" left="184" top="1573" id="344">
        <run-table orientation="VERTICAL" width="63" height="70">
            <runs>0 64 2</runs>
            <runs>0 64 2</runs>
            <runs>0 64 2</runs>
            <runs>0 64 6</runs>
            <runs>0 64 5</runs>
            <runs>0 16 2 45 6</runs>
            <runs>0 12 13 38 6</runs>
            <runs>0 9 16 38 6</runs>
            <runs>0 8 18 36 7</runs>
            <runs>0 7 5 7 8 35 3</runs>
            <runs>0 6 4 9 8 35 3</runs>
            <runs>0 5 3 10 10 34 3</runs>
            <runs>7 11 10 33 3</runs>
            <runs>6 11 12 32 3</runs>
            <runs>6 10 13 31 3</runs>
            <runs>0 16 13 31 3</runs>
            <runs>0 16 13 30 4</runs>
            <runs>0 16 13 30 3</runs>
            <runs>0 16 13 29 4</runs>
            <runs>0 16 12 30 4</runs>
            <runs>0 16 12 29 4</runs>
            <runs>0 17 11 29 4</runs>
            <runs>0 18 8 30 4</runs>
            <runs>0 19 6 30 5</runs>
            <runs>0 55 4</runs>
            <runs>0 54 4</runs>
            <runs>0 53 5</runs>
            <runs>0 52 5</runs>
            <runs>0 50 7</runs>
            <runs>0 3 1 45 8</runs>
            <runs>0 3 1 45 7</runs>
            <runs>0 3 2 40 11</runs>
            <runs>0 3 2 40 10</runs>
            <runs>6 38 10</runs>
            <runs>6 38 10</runs>
            <runs>7 34 12</runs>
            <runs>8 30 14</runs>
            <runs>11 25 15</runs>
            <runs>15 20 15</runs>
            <runs>17 11 21</runs>
            <runs>0 4 44</runs>
            <runs>0 5 42</runs>
            <runs>0 5 42</runs>
            <runs>0 6 41</runs>
            <runs>0 7 40</runs>
            <runs>0 9 32</runs>
            <runs>0 10 30</runs>
            <runs>0 11 26</runs>
            <runs>0 12 24</runs>
            <runs>0 15 19</runs>
            <runs>0 19 13</runs>
            <runs></runs>
            <runs></runs>
            <runs></runs>
            <runs>0 10 4</runs>
            <runs>0 9 7 14 5</runs>
            <runs>0 8 8 13 7</runs>
            <runs>0 8 8 13 7</runs>
            <runs>0 8 8 13 8</runs>
            <runs>0 9 7 13 8</runs>
            <runs>0 9 7 13 7</runs>
            <runs>0 10 5 14 7</runs>
            <runs>0 31 4</runs>
        </run-table>
    </sample>
    <sample shape="F_CLEF" interline="22" pitch="-1.5" left="189" top="2108" id="411">
        <run-table orientation="VERTICAL" width="62" height="70">
            <runs>0 66 1</runs>
            <runs>0 65 2</runs>
            <runs>0 65 2</runs>
            <runs>0 65 2</runs>
            <runs>0 15 5 45 2</runs>
            <runs>0 13 13 38 6</runs>
            <runs>0 10 16 38 6</runs>
            <runs>0 8 6 1 12 36 7</runs>
            <runs>0 7 5 9 7 35 7</runs>
            <runs>0 6 5 9 9 34 7</runs>
            <runs>0 5 5 8 11 33 4</runs>
            <runs>0 1 7 10 12 32 4</runs>
            <runs>0 1 6 11 12 31 4</runs>
            <runs>0 1 6 10 13 31 4</runs>
            <runs>0 4 2 11 13 31 4</runs>
            <runs>0 4 1 12 13 30 4</runs>
            <runs>0 4 1 12 13 30 4</runs>
            <runs>0 4 1 12 13 29 4</runs>
            <runs>0 17 12 29 5</runs>
            <runs>0 18 11 28 5</runs>
            <runs>0 19 8 30 5</runs>
            <runs>0 20 7 30 5</runs>
            <runs>0 21 2 32 6</runs>
            <runs>0 55 6</runs>
            <runs>0 54 6</runs>
            <runs>0 53 7</runs>
            <runs>0 52 7</runs>
            <runs>0 51 7</runs>
            <runs>0 50 7</runs>
            <runs>0 45 12</runs>
            <runs>6 39 11</runs>
            <runs>6 39 10</runs>
            <runs>7 37 11</runs>
            <runs>0 1 7 35 11</runs>
            <runs>0 1 8 32 12</runs>
            <runs>0 1 11 27 13</runs>
            <runs>0 1 12 22 16</runs>
            <runs>16 16 18</runs>
            <runs>0 5 17 1 27</runs>
            <runs>0 5 44</runs>
            <runs>0 6 42</runs>
            <runs>0 6 41</runs>
            <runs>0 7 40</runs>
            <runs>0 8 39</runs>
            <runs>0 9 32</runs>
            <runs>0 11 29</runs>
            <runs>0 12 26</runs>
            <runs>0 13 23</runs>
            <runs>0 16 18</runs>
            <runs>0 20 10 1 2</runs>
            <runs></runs>
            <runs></runs>
            <runs>0 11 4</runs>
            <runs>0 9 6 16 2</runs>
            <runs>0 9 7 14 5</runs>
            <runs>0 8 9 12 7</runs>
            <runs>0 8 9 11 8</runs>
            <runs>0 8 9 11 9</runs>
            <runs>0 9 7 12 9</runs>
            <runs>0 10 6 13 8</runs>
            <runs>0 11 3 15 7</runs>
            <runs>0 31 3</runs>
        </run-table>
    </sample>
    <sample shape="F_CLEF" interline="22" pitch="-1.4" left="183" top="3175" id="503">
        <run-table orientation="VERTICAL" width="63" height="69">
            <runs>0 64 2</runs>
            <runs>0 63 6</runs>
            <runs>0 63 6</runs>
            <runs>0 63 6</runs>
            <runs>0 62 7</runs>
            <runs>0 17 1 44 7</runs>
            <runs>0 10 15 37 7</runs>
            <runs>0 9 16 37 3</runs>
            <runs>0 8 5 1 11 37 2</runs>
            <runs>0 6 5 8 7 35 3</runs>
            <runs>0 5 4 9 9 34 3</runs>
            <runs>0 1 7 9 11 33 3</runs>
            <runs>7 10 11 32 3</runs>
            <runs>6 10 12 32 3</runs>
            <runs>0 16 13 30 4</runs>
            <runs>0 16 12 31 4</runs>
            <runs>0 15 13 30 4</runs>
            <runs>0 15 13 30 4</runs>
            <runs>0 15 13 29 4</runs>
            <runs>0 16 12 29 4</runs>
            <runs>0 16 12 28 5</runs>
            <runs>0 17 10 29 4</runs>
            <runs>0 18 8 29 5</runs>
            <runs>0 18 7 30 5</runs>
            <runs>0 53 6</runs>
            <runs>0 53 5</runs>
            <runs>0 52 6</runs>
            <runs>0 50 7</runs>
            <runs>0 49 7</runs>
            <runs>0 3 1 44 8</runs>
            <runs>0 3 1 40 11</runs>
            <runs>0 3 2 39 11</runs>
            <runs>0 3 2 39 10</runs>
            <runs>6 37 11</runs>
            <runs>7 34 12</runs>
            <runs>8 31 13</runs>
            <runs>0 1 9 28 13</runs>
            <runs>0 1 11 21 17</runs>
            <runs>0 1 12 19 17</runs>
            <runs>0 1 18 9 20</runs>
            <runs>0 4 43</runs>
            <runs>0 5 42</runs>
            <runs>0 5 42</runs>
            <runs>0 6 41</runs>
            <runs>0 7 34</runs>
            <runs>0 9 31</runs>
            <runs>0 10 28</runs>
            <runs>0 11 25</runs>
            <runs>0 12 22</runs>
            <runs>0 15 18</runs>
            <runs>0 19 9</runs>
            <runs>0 11 3</runs>
            <runs>0 10 6</runs>
            <runs>0 10 6</runs>
            <runs>0 10 6 15 3</runs>
            <runs>0 9 7 13 5</runs>
            <runs>0 9 7 12 7</runs>
            <runs>0 8 8 12 8</runs>
            <runs>0 8 8 12 8</runs>
            <runs>0 9 7 12 8</runs>
            <runs>0 9 6 13 8</runs>
            <runs>0 11 3 15 6</runs>
            <runs>0 30 3</runs>
        </run-table>
    </sample>
    <sample shape="SHARP" interline="22" pitch="-3.9" left="259" top="261" id="270">
        <run-table orientation="VERTICAL" width="23" height="63">
            <runs>0 22 1 1 7 12 2</runs>
            <runs>0 21 10 11 8</runs>
            <runs>0 21 10 11 8</runs>
            <runs>0 20 11 11 7</runs>
            <runs>0 20 11 10 8</runs>
            <runs>0 6 33 1 23</runs>
            <runs>0 6 57</runs>
            <runs>0 18 9 13 8</runs>
            <runs>0 18 8 14 7</runs>
            <runs>0 18 7 15 3 1 3</runs>
            <runs>0 17 8 14 4 1 2</runs>
            <runs>0 17 7 14 8</runs>
            <runs>0 16 8 14 7</runs>
            <runs>0 16 7 15 7</runs>
            <runs>0 16 7 14 8</runs>
            <runs>0 15 8 14 8</runs>
            <runs>0 6 1 7 10 12 9</runs>
            <runs>57</runs>
            <runs>24 1 7 2 10</runs>
            <runs>0 13 8 14 7</runs>
            <runs>0 13 8 13 8</runs>
            <runs>0 12 8 14 7</runs>
            <runs>0 12 8 14 7</runs>
        </run-table>
    </sample>
    <sample shape="SHARP" interline="22" pitch="-0.9" left="284" top="289" id="275">
        <run-table orientation="VERTICAL" width="23" height="69">
            <runs>0 23 8 14 8</runs>
            <runs>0 23 9 13 8</runs>
            <runs>0 23 8 14 8</runs>
            <runs>0 23 8 14 8</runs>
            <runs>0 23 8 13 9</runs>
            <runs>0 9 8 2 50</runs>
            <runs>0 10 7 3 11 1 37</runs>
            <runs>0 22 7 14 8 2 1 1 3 6 2</runs>
            <runs>0 21 8 14 8</runs>
            <runs>0 21 7 14 8</runs>
            <runs>0 21 7 14 8</runs>
            <runs>0 20 8 13 8</runs>
            <runs>0 20 7 14 8</runs>
            <runs>0 19 8 14 7</runs>
            <runs>0 18 8 14 8</runs>
            <runs>0 18 8 14 8</runs>
            <runs>14 2 20 3 15 2 2</runs>
            <runs>60</runs>
            <runs>0 15 13 1 6 1 24</runs>
            <runs>0 16 9 12 10</runs>
            <runs>0 16 9 12 10</runs>
            <runs>0 15 10 12 10</runs>
            <runs>0 15 10 12 10</runs>
        </run-table>
    </sample>
    <sample shape="SHARP" interline="22" pitch="-4.9" left="310" top="247" id="273">
        <run-table orientation="VERTICAL" width="23" height="67">
            <runs>0 22 7 13 9</runs>
            <runs>0 22 7 13 8</runs>
            <runs>0 21 8 13 8</runs>
            <runs>0 21 8 13 8</runs>
            <runs>0 7 6 2 4 1 16 1 30</runs>
            <runs>0 6 61</runs>
            <runs>0 7 7 2 15 2 22 1 11</runs>
            <runs>0 19 8 13 9</runs>
            <runs>0 19 7 14 8</runs>
            <runs>0 18 8 14 8</runs>
            <runs>0 18 7 14 8</runs>
            <runs>0 17 8 14 7</runs>
            <runs>0 16 8 14 8</runs>
            <runs>0 16 8 14 7</runs>
            <runs>0 16 8 13 8</runs>
            <runs>0 15 10 11 12 7 3</runs>
            <runs>59</runs>
            <runs>49 3 6</runs>
            <runs>0 14 8 13 10</runs>
            <runs>0 14 8 13 10</runs>
            <runs>0 13 8 14 10</runs>
            <runs>0 13 8 13 11</runs>
            <runs>0 13 4 18 1 3 3</runs>
        </run-table>
    </sample>
    <sample shape="SHARP" interline="22" pitch="-1.9" left="259" top="474" id="280">
        <run-table orientation="VERTICAL" width="23" height="65">
            <runs>0 23 7 15 5</runs>
            <runs>0 22 8 14 7</runs>
            <runs>0 21 9 13 8</runs>
            <runs>0 20 9 14 8</runs>
            <runs>0 7 8 4 14 9 9</runs>
            <runs>0 6 58</runs>
            <runs>0 6 11 1 47</runs>
            <runs>0 19 9 12 9 9 5</runs>
            <runs>0 18 9 13 8</runs>
            <runs>0 18 8 14 8</runs>
            <runs>0 18 8 14 7</runs>
            <runs>0 17 8 14 8</runs>
            <runs>0 17 8 14 8</runs>
            <runs>0 17 7 14 8</runs>
            <runs>0 16 8 13 9</runs>
            <runs>0 5 1 9 9 13 9</runs>
            <runs>57</runs>
            <runs>58</runs>
            <runs>0 13 9 4 32</runs>
            <runs>0 13 9 12 10</runs>
            <runs>0 13 9 13 8</runs>
            <runs>0 13 8 14 8</runs>
            <runs>0 13 7 15 7</runs>
        </run-table>
    </sample>
    <sample shape="SHARP" interline="22" pitch="0.9" left="287" top="504" id="281">
        <run-table orientation="VERTICAL" width="24" height="69">
            <runs>0 43 6</runs>
            <runs>0 22 8 13 9</runs>
            <runs>0 22 8 13 8</runs>
            <runs>0 21 9 13 8</runs>
            <runs>0 21 8 13 9</runs>
            <runs>0 9 1 2 1 3 18 1 4 1 25</runs>
            <runs>0 7 62</runs>
            <runs>0 7 8 1 53</runs>
            <runs>0 18 10 12 9</runs>
            <runs>0 19 8 13 9</runs>
            <runs>0 18 9 13 8</runs>
            <runs>0 18 8 13 9</runs>
            <runs>0 17 9 13 9</runs>
            <runs>0 17 8 14 8</runs>
            <runs>0 17 8 13 9</runs>
            <runs>0 16 9 13 9</runs>
            <runs>0 9 2 4 10 12 10</runs>
            <runs>59</runs>
            <runs>58</runs>
            <runs>0 7 4 1 13 3 3 4 12</runs>
            <runs>0 13 12 10 12</runs>
            <runs>0 13 11 11 12</runs>
            <runs>0 13 12 10 12</runs>
            <runs>0 14 11 10 8</runs>
        </run-table>
    </sample>
    <sample shape="SHARP" interline="22" pitch="-3.2" left="312" top="459" id="282">
        <run-table orientation="VERTICAL" width="24" height="65">
            <runs>0 22 8 13 8</runs>
            <runs>0 22 8 13 8</runs>
            <runs>0 21 9 13 8</runs>
            <runs>0 21 8 14 8</runs>
            <runs>0 7 23 12 9 1 2 3 2 1 5</runs>
            <runs>0 7 58</runs>
            <runs>0 7 58</runs>
            <runs>0 18 10 5 2 6 9 5 9</runs>
            <runs>0 19 8 14 8</runs>
            <runs>0 18 9 14 7</runs>
            <runs>0 18 8 14 8</runs>
            <runs>0 18 8 14 7</runs>
            <runs>0 18 8 13 8</runs>
            <runs>0 17 9 13 8</runs>
            <runs>0 16 10 12 9</runs>
            <runs>0 2 4 2 3 4 11 12 9</runs>
            <runs>59</runs>
            <runs>59</runs>
            <runs>59</runs>
            <runs>0 14 11 10 12</runs>
            <runs>0 14 10 11 12</runs>
            <runs>0 13 11 11 8</runs>
            <runs>0 13 11 11 8</runs>
            <runs>0 17 3</runs>
        </run-table>
    </sample>
    <sample shape="SHARP" interline="22" pitch="-4.0" left="258" top="788" id="314">
        <run-table orientation="VERTICAL" width="23" height="64">
            <runs>0 22 12 13 1</runs>
            <runs>0 21 9 13 8</runs>
            <runs>0 21 8 14 8</runs>
            <runs>0 21 8 13 8</runs>
            <runs>0 7 3 1 3 1 3 1 15 8 8</runs>
            <runs>0 7 43</runs>
            <runs>0 16 48</runs>
            <runs>0 19 9 12 9 4 11</runs>
            <runs>0 18 9 13 8</runs>
            <runs>0 18 8 14 8</runs>
            <runs>0 18 8 14 7</runs>
            <runs>0 17 8 14 8</runs>
            <runs>0 17 7 15 7</runs>
            <runs>0 16 8 14 8</runs>
            <runs>0 15 9 13 9</runs>
            <runs>0 4 1 3 1 4 11 13 8</runs>
            <runs>46 2 1</runs>
            <runs>58</runs>
            <runs>0 13 10 1 21 2 10</runs>
            <runs>0 13 8 13 9</runs>
            <runs>0 13 8 14 7</runs>
            <runs>0 12 9 13 8</runs>
            <runs>0 14 6 14 8</runs>
        </run-table>
    </sample>
    <sample shape="SHARP" interline="22" pitch="-1.1" left="285" top="817" id="315">
        <run-table orientation="VERTICAL" width="23" height="66">
            <runs>0 24 7 14 7</runs>
            <runs>0 24 7 13 8</runs>
            <runs>0 23 8 13 8</runs>
            <runs>0 23 7 14 8</runs>
            <runs>0 10 3 1 1 6 9 13 9 2 2 6 3</runs>
            <runs>0 9 57</runs>
            <runs>0 9 57</runs>
            <runs>0 21 8 13 8</runs>
            <runs>0 21 7 14 8</runs>
            <runs>0 20 8 14 7</runs>
            <runs>0 20 7 14 8</runs>
            <runs>0 19 8 13 8</runs>
            <runs>0 19 7 14 8</runs>
            <runs>0 18 8 14 8</runs>
            <runs>0 18 8 13 9</runs>
            <runs>0 16 9 14 10 7 1</runs>
            <runs>59</runs>
            <runs>60</runs>
            <runs>0 15 11 10 12 8 2</runs>
            <runs>0 15 10 11 12</runs>
            <runs>0 15 10 11 12</runs>
            <runs>0 15 10 11 12</runs>
            <runs>0 16 9 12 7</runs>
        </run-table>
    </sample>
    <sample shape="SHARP" interline="22" pitch="-4.9" left="308" top="776" id="316">
        <run-table orientation="VERTICAL" width="24" height="67">
            <runs>0 22 7 18 2</runs>
            <runs>0 22 7 12 10</runs>
            <runs>0 21 8 12 10</runs>
            <runs>0 21 8 12 9</runs>
            <runs>0 10 1 6 13 11 9</runs>
            <runs>0 7 27 1 1 1 13 3 5</runs>
            <runs>0 7 60</runs>
            <runs>0 17 11 2 1 6 30</runs>
            <runs>0 18 9 13 8</runs>
            <runs>0 18 8 13 9</runs>
            <runs>0 18 8 13 9</runs>
            <runs>0 17 8 14 8</runs>
            <runs>0 17 8 13 8</runs>
            <runs>0 17 7 14 8</runs>
            <runs>0 16 8 14 8</runs>
            <runs>0 15 9 13 9</runs>
            <runs>30 5 11</runs>
            <runs>58</runs>
            <runs>3 1 5 3 46</runs>
            <runs>0 13 9 13 10 7 1</runs>
            <runs>0 13 9 13 10</runs>
            <runs>0 12 9 14 10</runs>
            <runs>0 13 8 13 10</runs>
            <runs>0 15 2 20 7</runs>
        </run-table>
    </sample>
    <sample shape="SHARP" interline="22" pitch="-2.0" left="259" top="1033" id="320">
        <run-table orientation="VERTICAL" width="23" height="65">
            <runs>0 23 7 14 6</runs>
            <runs>0 22 8 14 7</runs>
            <runs>0 22 7 15 7</runs>
            <runs>0 21 8 14 8</runs>
            <runs>0 7 22 14 8</runs>
            <runs>0 7 57</runs>
            <runs>0 19 9 9 28</runs>
            <runs>0 19 8 15 7</runs>
            <runs>0 19 7 15 7</runs>
            <runs>0 19 7 14 8</runs>
            <runs>0 18 7 15 8</runs>
            <runs>0 18 7 15 7</runs>
            <runs>0 17 7 15 8</runs>
            <runs>0 16 8 15 7</runs>
            <runs>0 16 8 14 8</runs>
            <runs>0 1 11 1 11 13 9</runs>
            <runs>58</runs>
            <runs>0 1 2 4 16 4 32</runs>
            <runs>0 14 8 14 8</runs>
            <runs>0 14 7 15 7</runs>
            <runs>0 13 8 14 8</runs>
            <runs>0 14 7 14 8</runs>
            <runs>0 36 2</runs>
        </run-table>
    </sample>
    <sample shape="SHARP" interline="22" pitch="1.1" left="285" top="1064" id="321">
        <run-table orientation="VERTICAL" width="23" height="69">
            <runs>0 23 7 14 8</runs>
            <runs>0 23 7 14 8</runs>
            <runs>0 23 7 14 8</runs>
            <runs>0 23 7 13 9</runs>
            <runs>0 11 1 9 9 12 10 10 2</runs>
            <runs>0 8 61</runs>
            <runs>0 19 50</runs>
            <runs>0 20 8 13 10 4 2 2 1 1 8</runs>
            <runs>0 20 7 14 9</runs>
            <runs>0 19 8 14 8</runs>
            <runs>0 19 8 13 9</runs>
            <runs>0 18 8 14 9</runs>
            <runs>0 18 8 14 8</runs>
            <runs>0 18 7 14 9</runs>
            <runs>0 17 8 13 9</runs>
            <runs>0 16 9 12 11</runs>
            <runs>59</runs>
            <runs>60</runs>
            <runs>0 14 11 1 4 4 25</runs>
            <runs>0 15 9 11 12</runs>
            <runs>0 14 10 11 12</runs>
            <runs>0 14 10 11 12</runs>
            <runs>0 35 12</runs>
        </run-table>
    </sample>
    <sample shape="SHARP" interline="22" pitch="-3.3" left="306" top="1019" id="322">
        <run-table orientation="VERTICAL" width="24" height="65">
            <runs>0 25 2</runs>
            <runs>0 22 8 14 7</runs>
            <runs>0 22 8 13 8</runs>
            <runs>0 22 8 13 8</runs>
            <runs>0 21 8 13 9</runs>
            <runs>0 7 8 1 1 3 10 12 9</runs>
            <runs>0 7 49 1 4 2 1</runs>
            <runs>0 8 5 3 15 2 32</runs>
            <runs>0 19 10 11 10 5 9</runs>
            <runs>0 19 8 14 8</runs>
            <runs>0 19 7 15 7</runs>
            <runs>0 18 8 14 8</runs>
            <runs>0 17 9 14 8</runs>
            <runs>0 17 9 13 8</runs>
            <runs>0 17 9 13 8</runs>
            <runs>0 16 10 12 9</runs>
            <runs>0 1 5 9 10 13 9</runs>
            <runs>33 1 14 6 3</runs>
            <runs>59</runs>
            <runs>0 14 12 1 6 2 13 5 5</runs>
            <runs>0 13 12 10 9</runs>
            <runs>0 13 12 10 8</runs>
            <runs>0 13 12 10 8</runs>
            <runs>0 13 8 14 7</runs>
        </run-table>
    </sample>
    <sample shape="SHARP" interline="22" pitch="-4.1" left="257" top="1330" id="358">
        <run-table orientation="VERTICAL" width="23" height="64">
            <runs>0 23 10 13 5</runs>
            <runs>0 22 11 10 8</runs>
            <runs>0 22 11 10 8</runs>
            <runs>0 21 8 14 7</runs>
            <runs>0 8 1 12 12 9 8</runs>
            <runs>0 7 57</runs>
            <runs>0 6 58</runs>
            <runs>0 11 1 6 10 12 9</runs>
            <runs>0 19 8 14 7</runs>
            <runs>0 19 8 13 8</runs>
            <runs>0 18 8 14 7</runs>
            <runs>0 18 8 13 8</runs>
            <runs>0 17 8 13 8</runs>
            <runs>0 17 8 13 8</runs>
            <runs>0 16 9 13 8</runs>
            <runs>0 16 9 13 7</runs>
            <runs>12 2 19 4 8 3 2</runs>
            <runs>58</runs>
            <runs>27 1 16</runs>
            <runs>0 14 8 13 8</runs>
            <runs>0 14 7 14 8</runs>
            <runs>0 13 8 14 7</runs>
            <runs>0 13 8 14 6</runs>
        </run-table>
    </sample>
    <sample shape="SHARP" interline="22" pitch="-1.1" left="283" top="1359" id="359">
        <run-table orientation="VERTICAL" width="23" height="65">
            <runs>0 26 2 16 7</runs>
            <runs>0 23 7 14 8</runs>
            <runs>0 22 8 13 9</runs>
            <runs>0 22 8 13 9</runs>
            <runs>0 22 8 13 9</runs>
            <runs>0 10 2 2 2 2 16 5 1 1 17</runs>
            <runs>0 8 57</runs>
            <runs>0 20 9 2 1 8 11 5 3</runs>
            <runs>0 20 8 13 8</runs>
            <runs>0 19 9 13 8</runs>
            <runs>0 19 8 14 8</runs>
            <runs>0 19 8 13 8</runs>
            <runs>0 18 8 14 8</runs>
            <runs>0 18 8 14 8</runs>
            <runs>0 18 8 13 9</runs>
            <runs>0 17 8 14 9</runs>
            <runs>0 16 9 3 1 10 9</runs>
            <runs>59</runs>
            <runs>59</runs>
            <runs>0 15 10 11 12</runs>
            <runs>0 15 10 11 12</runs>
            <runs>0 14 11 11 8</runs>
            <runs>0 14 8 14 7</runs>
        </run-table>
    </sample>
    <sample shape="SHARP" interline="22" pitch="-5.1" left="308" top="1318" id="360">
        <run-table orientation="VERTICAL" width="24" height="66">
            <runs>0 21 4 23 1</runs>
            <runs>0 21 7 13 9</runs>
            <runs>0 20 8 13 8</runs>
            <runs>0 20 8 13 8</runs>
            <runs>0 19 8 14 8</runs>
            <runs>0 6 22 11 12</runs>
            <runs>0 6 60</runs>
            <runs>0 17 11 12 16 1 4</runs>
            <runs>0 17 9 14 7</runs>
            <runs>0 17 8 14 8</runs>
            <runs>0 17 8 14 7</runs>
            <runs>0 17 7 14 8</runs>
            <runs>0 17 7 14 7</runs>
            <runs>0 16 7 15 7</runs>
            <runs>0 15 8 14 7</runs>
            <runs>0 14 8 14 8</runs>
            <runs>9 5 8 13 9</runs>
            <runs>57</runs>
            <runs>56</runs>
            <runs>0 12 9 12 11</runs>
            <runs>0 12 9 12 11</runs>
            <runs>0 11 9 13 11</runs>
            <runs>0 11 9 13 8</runs>
            <runs>0 12 7</runs>
        </run-table>
    </sample>
    <sample shape="SHARP" interline="22" pitch="-1.9" left="258" top="1565" id="364">
        <run-table orientation="VERTICAL" width="23" height="64">
            <runs>0 22 10 15 1 1 1</runs>
            <runs>0 22 10 11 8</runs>
            <runs>0 21 8 13 9</runs>
            <runs>0 21 8 13 8</runs>
            <runs>0 13 5 2 13 9 8</runs>
            <runs>0 7 48 1 7</runs>
            <runs>0 14 50</runs>
            <runs>0 19 8 13 9 1 1</runs>
            <runs>0 18 8 14 8</runs>
            <runs>0 18 8 14 7</runs>
            <runs>0 18 7 15 7</runs>
            <runs>0 17 8 14 7</runs>
            <runs>0 17 7 14 8</runs>
            <runs>0 16 8 14 8</runs>
            <runs>0 16 7 14 8</runs>
            <runs>0 14 9 14 8</runs>
            <runs>55</runs>
            <runs>58</runs>
            <runs>0 12 10 7 15</runs>
            <runs>0 13 9 13 8</runs>
            <runs>0 13 8 14 7</runs>
            <runs>0 13 8 13 8</runs>
            <runs>0 13 5 16 6</runs>
        </run-table>
    </sample>
    <sample shape="SHARP" interline="22" pitch="0.8" left="285" top="1594" id="365">
        <run-table orientation="VERTICAL" width="23" height="65">
            <runs>0 22 8 14 8</runs>
            <runs>0 22 8 13 8</runs>
            <runs>0 22 8 13 8</runs>
            <runs>0 21 9 12 9</runs>
            <runs>0 21 9 12 23</runs>
            <runs>0 7 58</runs>
            <runs>0 7 57</runs>
            <runs>0 19 9 13 8</runs>
            <runs>0 19 9 13 8</runs>
            <runs>0 19 8 13 8</runs>
            <runs>0 19 7 14 8</runs>
            <runs>0 18 8 13 8</runs>
            <runs>0 18 7 14 8</runs>
            <runs>0 17 8 14 8</runs>
            <runs>0 17 8 13 9</runs>
            <runs>0 16 9 13 9 2 1 2 1</runs>
            <runs>28 3 28</runs>
            <runs>59</runs>
            <runs>29 3 1 2 12</runs>
            <runs>0 14 11 10 12</runs>
            <runs>0 14 11 10 11</runs>
            <runs>0 14 11 10 11</runs>
            <runs>0 14 11 11 7</runs>
        </run-table>
    </sample>
    <sample shape="SHARP" interline="22" pitch="-3.0" left="309" top="1552" id="366">
        <run-table orientation="VERTICAL" width="23" height="67">
            <runs>0 20 8 14 8</runs>
            <runs>0 20 8 13 9</runs>
            <runs>0 20 8 13 9</runs>
            <runs>0 20 8 13 8</runs>
            <runs>0 19 12 9 9</runs>
            <runs>0 6 57</runs>
            <runs>0 16 51</runs>
            <runs>0 18 8 13 9</runs>
            <runs>0 17 8 14 8</runs>
            <runs>0 17 8 14 8</runs>
            <runs>0 17 7 15 7</runs>
            <runs>0 16 8 14 7</runs>
            <runs>0 16 7 15 7</runs>
            <runs>0 16 7 14 8</runs>
            <runs>0 15 8 13 9</runs>
            <runs>0 14 9 13 9</runs>
            <runs>10 2 45</runs>
            <runs>57</runs>
            <runs>0 12 11 10 12 9 2</runs>
            <runs>0 12 11 11 11</runs>
            <runs>0 12 10 12 8</runs>
            <runs>0 12 10 11 8</runs>
            <runs>0 13 9 12 7</runs>
        </run-table>
    </sample>
    <sample shape="SHARP" interline="22" pitch="-4.0" left="259" top="1845" id="421">
        <run-table orientation="VERTICAL" width="22" height="65">
            <runs>0 23 7 14 8</runs>
            <runs>0 22 8 14 7</runs>
            <runs>0 22 7 15 7</runs>
            <runs>0 21 8 14 8</runs>
            <runs>0 7 51 3 4</runs>
            <runs>0 7 58</runs>
            <runs>0 19 9 13 9</runs>
            <runs>0 20 7 14 8</runs>
            <runs>0 19 7 15 8</runs>
            <runs>0 19 7 14 8</runs>
            <runs>0 18 7 15 8</runs>
            <runs>0 18 7 15 7</runs>
            <runs>0 17 8 14 8</runs>
            <runs>0 17 7 15 7</runs>
            <runs>0 16 8 14 8</runs>
            <runs>0 1 7 5 11 1 2 10 10 3 1</runs>
            <runs>59</runs>
            <runs>0 1 7 4 33 4 9</runs>
            <runs>0 14 9 13 8</runs>
            <runs>0 14 8 13 8</runs>
            <runs>0 14 7 14 8</runs>
            <runs>0 14 7 14 7</runs>
        </run-table>
    </sample>
    <sample shape="SHARP" interline="22" pitch="-1.0" left="282" top="1876" id="422">
        <run-table orientation="VERTICAL" width="24" height="70">
            <runs>0 28 2 19 1</runs>
            <runs>0 23 8 13 8</runs>
            <runs>0 23 7 14 8</runs>
            <runs>0 23 7 14 8</runs>
            <runs>0 22 8 13 9</runs>
            <runs>0 9 1 12 9 5 1 3 13 1 15</runs>
            <runs>0 8 62</runs>
            <runs>0 8 2 3 1 5 12 8 30</runs>
            <runs>0 20 8 13 9</runs>
            <runs>0 20 8 13 9</runs>
            <runs>0 20 8 13 8</runs>
            <runs>0 19 8 14 7</runs>
            <runs>0 18 8 14 8</runs>
            <runs>0 18 8 14 8</runs>
            <runs>0 18 7 14 8</runs>
            <runs>0 17 8 14 8</runs>
            <runs>0 16 10 11 10</runs>
            <runs>59</runs>
            <runs>59</runs>
            <runs>0 14 11 11 11</runs>
            <runs>0 15 10 11 11</runs>
            <runs>0 15 10 11 11</runs>
            <runs>0 14 11 11 11</runs>
            <runs>0 15 10 16 1</runs>
        </run-table>
    </sample>
    <sample shape="SHARP" interline="22" pitch="-5.0" left="307" top="1834" id="423">
        <run-table orientation="VERTICAL" width="23" height="67">
            <runs>0 21 8 13 8</runs>
            <runs>0 21 7 13 9</runs>
            <runs>0 20 8 13 8</runs>
            <runs>0 20 8 13 8</runs>
            <runs>0 6 2 10 11 11 10</runs>
            <runs>0 6 61</runs>
            <runs>0 11 1 4 51</runs>
            <runs>0 18 9 13 8</runs>
            <runs>0 17 9 13 8</runs>
            <runs>0 17 8 14 7</runs>
            <runs>0 17 7 15 7</runs>
            <runs>0 16 8 14 8</runs>
            <runs>0 16 7 14 8</runs>
            <runs>0 15 8 14 8</runs>
            <runs>0 14 8 15 8</runs>
            <runs>0 2 2 9 9 14 9</runs>
            <runs>54</runs>
            <runs>57</runs>
            <runs>0 12 10 12 11 7 1</runs>
            <runs>0 12 9 13 10</runs>
            <runs>0 12 8 14 10</runs>
            <runs>0 12 8 13 11</runs>
            <runs>0 12 1 1 5 14 11</runs>
        </run-table>
    </sample>
    <sample shape="SHARP" interline="22" pitch="-1.9" left="259" top="2100" id="427">
        <run-table orientation="VERTICAL" width="24" height="64">
            <runs>0 23 3 1 1 15 8</runs>
            <runs>0 22 11 10 8</runs>
            <runs>0 22 11 9 8</runs>
            <runs>0 21 8 13 8</runs>
            <runs>0 20 9 11 10 8 1</runs>
            <runs>0 7 57</runs>
            <runs>0 7 57</runs>
            <runs>0 16 1 1 10 10 11</runs>
            <runs>0 19 8 13 8</runs>
            <runs>0 19 8 12 9</runs>
            <runs>0 18 8 13 8</runs>
            <runs>0 18 8 13 8</runs>
            <runs>0 17 8 14 7</runs>
            <runs>0 17 8 13 8</runs>
            <runs>0 17 8 12 9</runs>
            <runs>0 16 8 13 9</runs>
            <runs>0 6 7 1 11 1 32</runs>
            <runs>58</runs>
            <runs>49 1 7</runs>
            <runs>0 14 8 13 9</runs>
            <runs>0 14 8 13 8</runs>
            <runs>0 13 9 13 7</runs>
            <runs>0 13 8 14 7</runs>
            <runs>0 15 4</runs>
        </run-table>
    </sample>
    <sample shape="SHARP" interline="22" pitch="1.1" left="283" top="2130" id="428">
        <run-table orientation="VERTICAL" width="24" height="68">
            <runs>0 25 2</runs>
            <runs>0 22 8 13 8</runs>
            <runs>0 22 8 13 9</runs>
            <runs>0 21 9 13 9</runs>
            <runs>0 21 9 12 9</runs>
            <runs>0 8 3 10 9 11 15 3 2</runs>
            <runs>0 8 60</runs>
            <runs>0 9 4 1 54</runs>
            <runs>0 20 8 13 14 1 12</runs>
            <runs>0 19 8 14 9</runs>
            <runs>0 19 8 13 9</runs>
            <runs>0 19 7 14 8</runs>
            <runs>0 18 8 14 8</runs>
            <runs>0 17 9 13 9</runs>
            <runs>0 17 8 13 9</runs>
            <runs>0 17 8 13 9</runs>
            <runs>0 10 1 4 12 10 10</runs>
            <runs>59</runs>
            <runs>59</runs>
            <runs>0 9 1 3 14 2 2 2 1 1 15 1 7</runs>
            <runs>0 14 10 11 11</runs>
            <runs>0 14 10 11 11</runs>
            <runs>0 14 10 11 11</runs>
            <runs>0 14 10 12 10</runs>
        </run-table>
    </sample>
    <sample shape="SHARP" interline="22" pitch="-3.0" left="308" top="2086" id="429">
        <run-table orientation="VERTICAL" width="24" height="69">
            <runs>0 48 2</runs>
            <runs>0 22 8 13 8</runs>
            <runs>0 22 8 13 8</runs>
            <runs>0 21 9 12 9</runs>
            <runs>0 21 9 12 9</runs>
            <runs>0 19 11 10 29</runs>
            <runs>0 7 62</runs>
            <runs>0 7 62</runs>
            <runs>0 19 9 12 10</runs>
            <runs>0 19 8 13 9</runs>
            <runs>0 19 8 13 9</runs>
            <runs>0 19 8 13 8</runs>
            <runs>0 18 8 13 8</runs>
            <runs>0 17 9 13 8</runs>
            <runs>0 17 8 13 9</runs>
            <runs>0 16 9 13 9</runs>
            <runs>0 16 10 10 12</runs>
            <runs>58</runs>
            <runs>58</runs>
            <runs>0 5 5 3 16 6 12</runs>
            <runs>0 13 12 10 11</runs>
            <runs>0 13 12 10 11</runs>
            <runs>0 13 12 10 11</runs>
            <runs>0 13 12 11 10</runs>
        </run-table>
    </sample>
    <sample shape="SHARP" interline="22" pitch="-3.9" left="258" top="2372" id="469">
        <run-table orientation="VERTICAL" width="23" height="65">
            <runs>0 22 11 12 5</runs>
            <runs>0 21 12 10 9</runs>
            <runs>0 21 12 10 9</runs>
            <runs>0 21 13 9 8</runs>
            <runs>0 7 28 7 9</runs>
            <runs>0 6 52 4 2</runs>
            <runs>0 13 52</runs>
            <runs>0 18 10 1 6 3 27</runs>
            <runs>0 19 8 13 9</runs>
            <runs>0 18 9 13 9</runs>
            <runs>0 17 9 13 9</runs>
            <runs>0 17 9 13 9</runs>
            <runs>0 17 8 13 9</runs>
            <runs>0 16 9 13 8</runs>
            <runs>0 15 9 13 9</runs>
            <runs>12 1 12 11 10</runs>
            <runs>56</runs>
            <runs>58</runs>
            <runs>0 13 10 5 30</runs>
            <runs>0 13 9 13 8</runs>
            <runs>0 13 9 12 9</runs>
            <runs>0 13 9 12 9</runs>
            <runs>0 13 8 13 9</runs>
        </run-table>
    </sample>
    <sample shape="SHARP" interline="22" pitch="-1.1" left="282" top="2402" id="473">
        <run-table orientation="VERTICAL" width="24" height="70">
            <runs>0 23 8</runs>
            <runs>0 23 9 13 9</runs>
            <runs>0 23 9 13 9</runs>
            <runs>0 23 9 12 9</runs>
            <runs>0 22 9 13 9</runs>
            <runs>0 9 30 1 16 3 1</runs>
            <runs>0 9 61</runs>
            <runs>0 16 53</runs>
            <runs>0 21 9 12 10</runs>
            <runs>0 21 8 13 9</runs>
            <runs>0 20 8 14 8</runs>
            <runs>0 20 8 13 9</runs>
            <runs>0 19 9 13 8</runs>
            <runs>0 19 8 14 8</runs>
            <runs>0 18 9 13 8</runs>
            <runs>0 18 9 13 8</runs>
            <runs>32 7 9</runs>
            <runs>48 2 11</runs>
            <runs>48 2 10</runs>
            <runs>0 15 12 1 2 7 11</runs>
            <runs>0 15 10 12 10</runs>
            <runs>0 15 10 12 10</runs>
            <runs>0 15 10 12 10</runs>
            <runs>0 15 1 22 9</runs>
        </run-table>
    </sample>
    <sample shape="SHARP" interline="22" pitch="-5.0" left="307" top="2360" id="472">
        <run-table orientation="VERTICAL" width="24" height="67">
            <runs>0 42 7</runs>
            <runs>0 22 7 12 10</runs>
            <runs>0 21 7 14 8</runs>
            <runs>0 21 7 13 9</runs>
            <runs>0 20 8 13 9</runs>
            <runs>0 6 23 5 2 3 12 2 4 2 8</runs>
            <runs>0 6 61</runs>
            <runs>0 10 2 2 50</runs>
            <runs>0 18 8 14 9</runs>
            <runs>0 18 8 14 8</runs>
            <runs>0 18 7 14 8</runs>
            <runs>0 17 8 14 8</runs>
            <runs>0 17 8 13 9</runs>
            <runs>0 16 8 14 8</runs>
            <runs>0 16 8 13 9</runs>
            <runs>0 15 8 14 8</runs>
            <runs>1 5 1 6 10 13 9</runs>
            <runs>27 3 1 4 10 4 8</runs>
            <runs>57</runs>
            <runs>0 13 9 12 11</runs>
            <runs>0 13 8 13 11</runs>
            <runs>0 12 9 13 10</runs>
            <runs>0 12 8 13 12</runs>
            <runs>0 15 2 17 7</runs>
        </run-table>
    </sample>
    <sample shape="SHARP" interline="22" pitch="-2.1" left="254" top="2625" id="477">
        <run-table orientation="VERTICAL" width="23" height="64">
            <runs>0 22 7 14 7</runs>
            <runs>0 22 7 14 7</runs>
            <runs>0 21 8 14 7</runs>
            <runs>0 7 2 12 8 13 8</runs>
            <runs>0 7 32 2 9 7 7</runs>
            <runs>0 7 57</runs>
            <runs>0 18 10 10 11 2 1 1 11</runs>
            <runs>0 19 8 13 8</runs>
            <runs>0 19 7 14 8</runs>
            <runs>0 18 8 14 7</runs>
            <runs>0 18 7 14 7</runs>
            <runs>0 17 8 14 7</runs>
            <runs>0 16 8 14 7</runs>
            <runs>0 16 8 14 7</runs>
            <runs>0 15 9 13 8</runs>
            <runs>0 1 12 1 14 8 10</runs>
            <runs>57</runs>
            <runs>0 1 56</runs>
            <runs>0 13 10 8 13</runs>
            <runs>0 13 9 9 12</runs>
            <runs>0 13 8 10 11</runs>
            <runs>0 8 13 10 11</runs>
            <runs>0 31 7 1 1</runs>
        </run-table>
    </sample>
    <sample shape="SHARP" interline="22" pitch="1.0" left="279" top="2655" id="478">
        <run-table orientation="VERTICAL" width="24" height="69">
            <runs>0 23 8 13 9</runs>
            <runs>0 23 9 13 9</runs>
            <runs>0 23 9 12 10</runs>
            <runs>0 22 10 12 9</runs>
            <runs>0 22 9 13 9</runs>
            <runs>0 10 59</runs>
            <runs>0 10 58</runs>
            <runs>0 21 10 3 3 4 1 1 8 8 2 2 2</runs>
            <runs>0 22 8 13 8</runs>
            <runs>0 21 8 14 8</runs>
            <runs>0 21 8 13 8</runs>
            <runs>0 21 7 14 8</runs>
            <runs>0 20 8 13 8</runs>
            <runs>0 20 7 14 8</runs>
            <runs>0 19 8 13 8</runs>
            <runs>0 18 9 13 8 7 1</runs>
            <runs>9 1 23 1 1 1 25</runs>
            <runs>61</runs>
            <runs>50 1 9</runs>
            <runs>6 10 9 13 9</runs>
            <runs>0 16 9 13 9</runs>
            <runs>0 16 9 13 9</runs>
            <runs>0 16 9 12 10</runs>
            <runs>0 19 6</runs>
        </run-table>
    </sample>
    <sample shape="SHARP" interline="22" pitch="-2.8" left="303" top="2615" id="479">
        <run-table orientation="VERTICAL" width="24" height="65">
            <runs>0 26 1</runs>
            <runs>0 22 7 11 10</runs>
            <runs>0 18 11 12 9</runs>
            <runs>0 19 10 12 9</runs>
            <runs>0 18 11 12 9</runs>
            <runs>0 8 1 3 3 2 13 1 20 3 11</runs>
            <runs>0 7 58</runs>
            <runs>0 7 2 2 4 2 11 1 1 1 34</runs>
            <runs>0 18 9 13 8</runs>
            <runs>0 18 8 14 8</runs>
            <runs>0 18 8 14 7</runs>
            <runs>0 18 7 14 8</runs>
            <runs>0 17 8 14 7</runs>
            <runs>0 17 8 13 8</runs>
            <runs>0 16 8 13 8</runs>
            <runs>0 16 8 13 8</runs>
            <runs>0 6 1 4 3 1 9 11 11</runs>
            <runs>58</runs>
            <runs>57</runs>
            <runs>0 13 10 10 11</runs>
            <runs>0 13 9 12 9</runs>
            <runs>0 13 8 13 9</runs>
            <runs>0 13 8 13 9</runs>
            <runs>0 13 8 14 1</runs>
        </run-table>
    </sample>
    <sample shape="SHARP" interline="22" pitch="-4.1" left="253" top="2906" id="521">
        <run-table orientation="VERTICAL" width="24" height="66">
            <runs>0 23 7 15 5</runs>
            <runs>0 22 8 13 9</runs>
            <runs>0 22 8 13 8</runs>
            <runs>0 21 9 13 8</runs>
            <runs>0 20 10 12 9</runs>
            <runs>0 8 58</runs>
            <runs>0 8 58</runs>
            <runs>0 18 11 11 11 1 7 1 5</runs>
            <runs>0 18 10 13 8</runs>
            <runs>0 18 9 14 8</runs>
            <runs>0 18 9 13 8</runs>
            <runs>0 18 8 14 8</runs>
            <runs>0 17 8 14 8</runs>
            <runs>0 17 8 14 8</runs>
            <runs>0 16 9 14 8</runs>
            <runs>0 16 8 14 8</runs>
            <runs>35 2 21</runs>
            <runs>58</runs>
            <runs>13 1 31 3 10</runs>
            <runs>0 14 9 13 9</runs>
            <runs>0 14 8 10 12</runs>
            <runs>0 13 9 10 11</runs>
            <runs>0 14 8 10 11</runs>
            <runs>0 35 2</runs>
        </run-table>
    </sample>
    <sample shape="SHARP" interline="22" pitch="-1.0" left="280" top="2937" id="522">
        <run-table orientation="VERTICAL" width="24" height="70">
            <runs>0 29 2</runs>
            <runs>0 23 10 13 8</runs>
            <runs>0 24 9 13 8</runs>
            <runs>0 24 9 13 8</runs>
            <runs>0 23 10 12 9 10 6</runs>
            <runs>0 11 2 7 13 11 10 9 7</runs>
            <runs>0 10 60</runs>
            <runs>0 10 3 2 2 1 14 1 2 1 27</runs>
            <runs>0 22 9 13 8</runs>
            <runs>0 22 8 14 7</runs>
            <runs>0 21 9 13 8</runs>
            <runs>0 21 9 13 8</runs>
            <runs>0 20 9 13 8</runs>
            <runs>0 20 9 13 7</runs>
            <runs>0 19 9 14 7</runs>
            <runs>0 19 9 13 8</runs>
            <runs>0 17 11 12 9</runs>
            <runs>61</runs>
            <runs>0 1 60</runs>
            <runs>0 16 11 4 5 2 11 7 3</runs>
            <runs>0 17 9 12 10</runs>
            <runs>0 16 10 12 10</runs>
            <runs>0 16 10 12 10</runs>
            <runs>0 17 1 2 6 12 10</runs>
        </run-table>
    </sample>
    <sample shape="SHARP" interline="22" pitch="-4.9" left="303" top="2896" id="523">
        <run-table orientation="VERTICAL" width="24" height="68">
            <runs>0 22 7 13 9</runs>
            <runs>0 21 8 13 9</runs>
            <runs>0 21 8 13 9</runs>
            <runs>0 21 8 13 9</runs>
            <runs>0 7 7 1 15 5 1 3 14</runs>
            <runs>0 6 62</runs>
            <runs>0 7 61</runs>
            <runs>0 18 9 11 29</runs>
            <runs>0 18 9 13 9</runs>
            <runs>0 18 8 14 8</runs>
            <runs>0 17 9 13 9</runs>
            <runs>0 17 8 14 8</runs>
            <runs>0 16 9 13 9</runs>
            <runs>0 16 9 13 9</runs>
            <runs>0 15 9 13 9</runs>
            <runs>0 1 1 12 10 13 9</runs>
            <runs>34 1 17 3 3</runs>
            <runs>58</runs>
            <runs>0 6 1 5 11 3 3 1 3 1 24</runs>
            <runs>0 13 9 12 11</runs>
            <runs>0 12 10 12 11</runs>
            <runs>0 12 9 13 11</runs>
            <runs>0 12 8 14 11</runs>
            <runs>0 38 1</runs>
        </run-table>
    </sample>
    <sample shape="SHARP" interline="22" pitch="-1.9" left="253" top="3167" id="527">
        <run-table orientation="VERTICAL" width="24" height="63">
            <runs>0 22 6 14 7</runs>
            <runs>0 21 7 13 8</runs>
            <runs>0 20 12 9 8</runs>
            <runs>0 20 8 12 9</runs>
            <runs>0 19 9 11 24</runs>
            <runs>0 10 2 2 49</runs>
            <runs>0 6 55</runs>
            <runs>0 7 6 2 1 1 10 12 8</runs>
            <runs>0 18 8 13 8</runs>
            <runs>0 17 9 12 9</runs>
            <runs>0 17 9 12 8</runs>
            <runs>0 17 8 13 8</runs>
            <runs>0 16 9 12 8</runs>
            <runs>0 16 9 12 8</runs>
            <runs>0 15 9 12 9</runs>
            <runs>0 15 9 11 10 6 6</runs>
            <runs>0 14 44</runs>
            <runs>57</runs>
            <runs>24 1 19</runs>
            <runs>0 1 3 9 10 11 9</runs>
            <runs>0 13 9 12 8</runs>
            <runs>0 12 9 13 8</runs>
            <runs>0 12 9 13 7</runs>
            <runs>0 13 5</runs>
        </run-table>
    </sample>
    <sample shape="SHARP" interline="22" pitch="1.0" left="281" top="3196" id="528">
        <run-table orientation="VERTICAL" width="24" height="68">
            <runs>0 22 8 13 8</runs>
            <runs>0 22 8 13 8</runs>
            <runs>0 21 9 13 8</runs>
            <runs>0 22 8 13 8</runs>
            <runs>0 21 9 7 24 1 6</runs>
            <runs>0 8 6 1 46 1 6</runs>
            <runs>0 7 61</runs>
            <runs>0 8 5 3 13 9 12</runs>
            <runs>0 19 9 13 8</runs>
            <runs>0 19 9 13 7</runs>
            <runs>0 18 9 13 8</runs>
            <runs>0 18 9 13 8</runs>
            <runs>0 18 8 13 8</runs>
            <runs>0 17 9 13 8</runs>
            <runs>0 17 9 12 8</runs>
            <runs>0 16 10 12 9 2 3</runs>
            <runs>0 5 4 1 4 1 44</runs>
            <runs>59</runs>
            <runs>49 3 1</runs>
            <runs>0 14 11 11 11</runs>
            <runs>0 14 10 12 11</runs>
            <runs>0 14 10 12 11</runs>
            <runs>0 14 11 11 10</runs>
            <runs>0 17 3</runs>
        </run-table>
    </sample>
    <sample shape="SHARP" interline="22" pitch="-3.0" left="305" top="3153" id="529">
        <run-table orientation="VERTICAL" width="24" height="68">
            <runs>0 21 8 14 7</runs>
            <runs>0 21 8 13 9</runs>
            <runs>0 20 9 13 9</runs>
            <runs>0 20 9 12 10</runs>
            <runs>0 8 3 8 10 11 11</runs>
            <runs>0 7 50 4 3</runs>
            <runs>0 7 6 2 53</runs>
            <runs>0 18 11 7 1 2 29</runs>
            <runs>0 18 9 13 9</runs>
            <runs>0 18 9 12 9</runs>
            <runs>0 17 10 12 9</runs>
            <runs>0 17 9 12 9</runs>
            <runs>0 16 9 13 9</runs>
            <runs>0 16 9 12 9</runs>
            <runs>0 15 9 13 9</runs>
            <runs>0 2 5 8 9 13 9</runs>
            <runs>50</runs>
            <runs>58</runs>
            <runs>0 4 3 1 2 3 44</runs>
            <runs>0 13 11 11 11</runs>
            <runs>0 13 10 12 11</runs>
            <runs>0 12 12 10 11</runs>
            <runs>0 13 11 10 8</runs>
            <runs>0 36 4</runs>
        </run-table>
    </sample>
</samples>
