<?xml version="1.0" encoding="UTF-8" standalone="yes"?>
<samples sheet-name="IMSLP00002#23">
    <sample shape="G_CLEF" interline="22" pitch="0.6" left="192" top="790" id="288">
        <run-table orientation="VERTICAL" width="56" height="156">
            <runs>0 84 17</runs>
            <runs>0 80 24</runs>
            <runs>0 73 33</runs>
            <runs>0 73 35</runs>
            <runs>0 73 36</runs>
            <runs>0 71 42</runs>
            <runs>0 71 42</runs>
            <runs>0 69 44</runs>
            <runs>0 68 21 15 10</runs>
            <runs>0 66 20 20 9</runs>
            <runs>0 65 20 23 7 24 8</runs>
            <runs>0 64 18 28 6 20 13</runs>
            <runs>0 63 17 31 9 16 14</runs>
            <runs>0 61 18 34 7 15 16</runs>
            <runs>0 60 17 36 7 14 19</runs>
            <runs>0 59 17 38 6 14 19</runs>
            <runs>0 59 17 14 12 13 2 17 19</runs>
            <runs>0 58 18 11 17 11 2 16 21</runs>
            <runs>0 57 19 10 21 9 1 16 22</runs>
            <runs>0 56 16 13 23 8 1 16 22</runs>
            <runs>0 51 19 14 15 4 6 24 22</runs>
            <runs>0 26 18 8 18 12 12 12 4 23 22</runs>
            <runs>0 22 25 4 18 12 11 16 3 23 21</runs>
            <runs>0 19 49 12 11 19 2 22 16 2 4</runs>
            <runs>0 16 52 11 10 46 15 2 4</runs>
            <runs>0 14 22 1 5 5 21 11 10 46 14 3 4</runs>
            <runs>0 13 20 16 22 8 9 49 11 4 4</runs>
            <runs>0 11 22 15 40 50 9 5 4</runs>
            <runs>0 9 18 20 17 1 23 54 1 9 3</runs>
            <runs>0 8 17 22 16 8 19 61 4</runs>
            <runs>0 7 15 24 17 11 24 53 4</runs>
            <runs>0 5 15 25 16 13 30 46 5</runs>
            <runs>0 4 15 25 16 14 12 4 19 41 4</runs>
            <runs>0 3 14 26 15 16 12 9 22 32 5</runs>
            <runs>0 1 15 26 16 16 12 17 19 26 5</runs>
            <runs>15 25 16 18 12 22 25 13 7</runs>
            <runs>14 24 17 19 12 29 23 2 2 2 8</runs>
            <runs>13 24 18 19 12 31 34</runs>
            <runs>0 1 11 23 19 19 13 39 25</runs>
            <runs>0 3 9 18 24 20 12 44 18</runs>
            <runs>0 5 10 14 20 25 13 49 9</runs>
            <runs>0 8 9 2 2 5 20 28 13 28 1</runs>
            <runs>0 10 34 34 9 28 1</runs>
            <runs>0 12 30 36 10 26 2</runs>
            <runs>0 17 21 41 10 24 6</runs>
            <runs>0 21 12 46 10 23 7</runs>
            <runs>0 80 10 20 6</runs>
            <runs>0 81 10 19 5</runs>
            <runs>0 82 11 15 6</runs>
            <runs>0 83 15 5 10</runs>
            <runs>0 84 28</runs>
            <runs>0 85 26</runs>
            <runs>0 86 23</runs>
            <runs>0 89 18</runs>
            <runs>0 91 14</runs>
            <runs>0 93 9</runs>
        </run-table>
    </sample>
    <sample shape="G_CLEF" interline="22" pitch="0.7" left="188" top="1333" id="331">
        <run-table orientation="VERTICAL" width="56" height="155">
            <runs>0 87 11</runs>
            <runs>0 83 18</runs>
            <runs>0 80 23</runs>
            <runs>0 77 29</runs>
            <runs>0 72 37</runs>
            <runs>0 72 38</runs>
            <runs>0 71 40</runs>
            <runs>0 70 42</runs>
            <runs>0 68 22 13 10</runs>
            <runs>0 67 19 20 8 27 4</runs>
            <runs>0 66 19 23 6 24 10</runs>
            <runs>0 64 18 27 9 19 13</runs>
            <runs>0 63 17 31 7 17 15</runs>
            <runs>0 62 17 33 6 17 17</runs>
            <runs>0 61 16 36 3 18 18</runs>
            <runs>0 60 16 38 2 18 19</runs>
            <runs>0 59 16 40 1 18 19</runs>
            <runs>0 57 18 16 11 13 1 18 20</runs>
            <runs>0 56 19 13 17 28 21</runs>
            <runs>0 56 18 13 20 27 21</runs>
            <runs>0 56 18 11 13 1 10 25 21</runs>
            <runs>0 55 15 13 14 8 4 25 16 1 4</runs>
            <runs>0 54 15 13 9 16 3 24 15 2 4</runs>
            <runs>0 26 15 12 15 13 10 18 3 22 15 3 3</runs>
            <runs>0 23 44 13 11 19 2 23 13 4 3</runs>
            <runs>0 20 47 13 10 21 1 24 12 4 3</runs>
            <runs>0 17 50 12 10 49 8 6 3</runs>
            <runs>0 15 21 13 26 3 10 51 5 8 3</runs>
            <runs>0 13 19 17 26 2 10 65 3</runs>
            <runs>0 12 19 17 16 1 22 64 4</runs>
            <runs>0 10 21 16 16 8 19 61 3</runs>
            <runs>0 9 16 22 15 10 26 53 3</runs>
            <runs>0 7 15 24 15 16 28 45 4</runs>
            <runs>0 6 15 24 15 17 9 8 17 38 4</runs>
            <runs>0 5 14 25 15 18 9 14 21 27 4</runs>
            <runs>0 4 14 25 15 19 9 23 17 21 5</runs>
            <runs>0 4 13 25 14 21 9 28 22 2 1 2 10</runs>
            <runs>0 4 11 25 15 22 9 30 34</runs>
            <runs>0 1 13 25 15 23 9 40 22</runs>
            <runs>13 24 16 24 9 46 14</runs>
            <runs>0 1 11 24 16 25 9 52 2 1 2</runs>
            <runs>0 2 10 22 18 26 9</runs>
            <runs>0 4 9 15 20 30 9</runs>
            <runs>0 5 10 11 20 32 9</runs>
            <runs>0 8 35 35 10</runs>
            <runs>0 10 30 39 9 24 6</runs>
            <runs>0 15 22 42 11 22 6</runs>
            <runs>0 18 1 1 13 48 10 20 7</runs>
            <runs>0 82 10 18 4</runs>
            <runs>0 82 10 16 6</runs>
            <runs>0 83 14 8 7</runs>
            <runs>0 84 27</runs>
            <runs>0 86 24</runs>
            <runs>0 88 21</runs>
            <runs>0 90 17</runs>
            <runs>0 93 12</runs>
        </run-table>
    </sample>
    <sample shape="G_CLEF" interline="22" pitch="0.6" left="186" top="2910" id="493">
        <run-table orientation="VERTICAL" width="57" height="155">
            <runs>0 91 7</runs>
            <runs>0 90 10</runs>
            <runs>0 87 16</runs>
            <runs>0 82 23</runs>
            <runs>0 79 28</runs>
            <runs>0 73 35</runs>
            <runs>0 73 37</runs>
            <runs>0 73 38</runs>
            <runs>0 71 20 9 12</runs>
            <runs>0 69 21 14 9 25 8</runs>
            <runs>0 67 21 18 8 23 12</runs>
            <runs>0 66 19 23 6 21 15</runs>
            <runs>0 65 18 27 6 18 16</runs>
            <runs>0 64 18 29 8 15 17</runs>
            <runs>0 63 17 32 6 15 19</runs>
            <runs>0 62 17 34 2 18 20</runs>
            <runs>0 61 16 36 2 17 21</runs>
            <runs>0 60 16 14 11 13 1 17 22</runs>
            <runs>0 59 17 13 15 28 22</runs>
            <runs>0 58 18 11 19 26 22</runs>
            <runs>0 57 19 9 23 24 22</runs>
            <runs>0 56 20 8 14 5 6 23 23</runs>
            <runs>0 55 16 12 10 13 4 23 16 2 4</runs>
            <runs>0 51 19 12 9 17 3 23 15 2 4</runs>
            <runs>0 51 18 12 9 20 2 22 14 4 3</runs>
            <runs>0 28 12 11 18 11 10 45 12 4 4</runs>
            <runs>0 24 24 2 18 12 9 47 9 6 4</runs>
            <runs>0 21 46 12 9 52 3 8 4</runs>
            <runs>0 18 49 11 10 63 4</runs>
            <runs>0 16 22 9 23 1 2 5 9 64 4</runs>
            <runs>0 14 19 15 28 1 10 64 3</runs>
            <runs>0 11 21 16 40 2 8 52 4</runs>
            <runs>0 10 21 16 16 9 31 46 4</runs>
            <runs>0 9 16 21 16 14 35 37 4</runs>
            <runs>0 7 15 24 15 15 11 1 2 2 24 31 5</runs>
            <runs>0 6 15 24 15 13 13 19 21 18 7</runs>
            <runs>0 4 15 25 15 14 13 23 1 5 21 2 12</runs>
            <runs>0 4 14 25 15 15 13 31 32</runs>
            <runs>0 3 13 26 15 16 13 42 20</runs>
            <runs>0 2 13 26 15 17 13 47 2 1 8</runs>
            <runs>14 17 2 7 14 19 13</runs>
            <runs>13 15 6 4 16 19 13</runs>
            <runs>0 1 11 24 18 23 10 28 1</runs>
            <runs>0 1 10 23 19 25 9 28 1</runs>
            <runs>0 3 8 17 20 30 9 27 2</runs>
            <runs>0 5 8 15 19 32 8 26 3</runs>
            <runs>0 7 10 2 2 3 22 33 9 24 4</runs>
            <runs>0 10 33 36 10 22 4</runs>
            <runs>0 13 24 2 1 40 12 18 4</runs>
            <runs>0 17 17 47 12 15 5</runs>
            <runs>0 82 15 10 5</runs>
            <runs>0 83 28</runs>
            <runs>0 84 26</runs>
            <runs>0 86 22</runs>
            <runs>0 87 20</runs>
            <runs>0 89 1 1 13</runs>
            <runs>0 93 8</runs>
        </run-table>
    </sample>
    <sample shape="F_CLEF" interline="22" pitch="-1.6" left="192" top="482" id="256">
        <run-table orientation="VERTICAL" width="58" height="66">
            <runs>0 14 12</runs>
            <runs>0 10 16</runs>
            <runs>0 9 5 4 9</runs>
            <runs>0 8 4 9 7</runs>
            <runs>0 7 3 11 7 37 1</runs>
            <runs>0 6 3 11 9 36 1</runs>
            <runs>0 1 7 11 11 34 2</runs>
            <runs>0 1 6 11 12 34 2</runs>
            <runs>0 5 1 12 13 32 3</runs>
            <runs>0 17 13 33 3</runs>
            <runs>0 17 13 32 4</runs>
            <runs>0 17 13 31 4</runs>
            <runs>0 17 13 31 4</runs>
            <runs>0 18 11 31 4</runs>
            <runs>0 18 11 30 5</runs>
            <runs>0 19 10 30 5</runs>
            <runs>0 20 8 30 5</runs>
            <runs>0 21 6 31 5</runs>
            <runs>0 57 5</runs>
            <runs>0 56 6</runs>
            <runs>0 56 5</runs>
            <runs>0 55 5</runs>
            <runs>0 53 6</runs>
            <runs>0 52 7</runs>
            <runs>0 51 8</runs>
            <runs>0 50 8</runs>
            <runs>0 5 1 39 12</runs>
            <runs>7 38 11</runs>
            <runs>7 38 10</runs>
            <runs>9 35 10</runs>
            <runs>0 1 9 31 13</runs>
            <runs>0 1 10 28 14</runs>
            <runs>0 1 13 23 15</runs>
            <runs>17 12 1 3 18</runs>
            <runs>50</runs>
            <runs>49</runs>
            <runs>0 5 43</runs>
            <runs>0 6 42</runs>
            <runs>0 7 41</runs>
            <runs>0 8 40</runs>
            <runs>0 9 33</runs>
            <runs>0 11 30</runs>
            <runs>0 12 27</runs>
            <runs>0 14 22</runs>
            <runs>0 18 15</runs>
            <runs>0 20 10</runs>
            <runs></runs>
            <runs></runs>
            <runs>0 9 4</runs>
            <runs>0 8 7 15 3</runs>
            <runs>0 8 7 14 5</runs>
            <runs>0 7 9 12 7</runs>
            <runs>0 7 9 12 8</runs>
            <runs>0 8 7 13 8</runs>
            <runs>0 8 7 13 8</runs>
            <runs>0 9 6 13 8</runs>
            <runs>0 10 3 15 7</runs>
            <runs>0 29 5</runs>
        </run-table>
    </sample>
    <sample shape="SHARP" interline="22" pitch="-4.9" left="310" top="247" id="273">
        <run-table orientation="VERTICAL" width="23" height="67">
            <runs>0 22 7 13 9</runs>
            <runs>0 22 7 13 8</runs>
            <runs>0 21 8 13 8</runs>
            <runs>0 21 8 13 8</runs>
            <runs>0 7 6 2 4 1 16 1 30</runs>
            <runs>0 6 61</runs>
            <runs>0 7 7 2 15 2 22 1 11</runs>
            <runs>0 19 8 13 9</runs>
            <runs>0 19 7 14 8</runs>
            <runs>0 18 8 14 8</runs>
            <runs>0 18 7 14 8</runs>
            <runs>0 17 8 14 7</runs>
            <runs>0 16 8 14 8</runs>
            <runs>0 16 8 14 7</runs>
            <runs>0 16 8 13 8</runs>
            <runs>0 15 10 11 12 7 3</runs>
            <runs>59</runs>
            <runs>49 3 6</runs>
            <runs>0 14 8 13 10</runs>
            <runs>0 14 8 13 10</runs>
            <runs>0 13 8 14 10</runs>
            <runs>0 13 8 13 11</runs>
            <runs>0 13 4 18 1 3 3</runs>
        </run-table>
    </sample>
    <sample shape="SHARP" interline="22" pitch="-1.9" left="258" top="1565" id="364">
        <run-table orientation="VERTICAL" width="23" height="64">
            <runs>0 22 10 15 1 1 1</runs>
            <runs>0 22 10 11 8</runs>
            <runs>0 21 8 13 9</runs>
            <runs>0 21 8 13 8</runs>
            <runs>0 13 5 2 13 9 8</runs>
            <runs>0 7 48 1 7</runs>
            <runs>0 14 50</runs>
            <runs>0 19 8 13 9 1 1</runs>
            <runs>0 18 8 14 8</runs>
            <runs>0 18 8 14 7</runs>
            <runs>0 18 7 15 7</runs>
            <runs>0 17 8 14 7</runs>
            <runs>0 17 7 14 8</runs>
            <runs>0 16 8 14 8</runs>
            <runs>0 16 7 14 8</runs>
            <runs>0 14 9 14 8</runs>
            <runs>55</runs>
            <runs>58</runs>
            <runs>0 12 10 7 15</runs>
            <runs>0 13 9 13 8</runs>
            <runs>0 13 8 14 7</runs>
            <runs>0 13 8 13 8</runs>
            <runs>0 13 5 16 6</runs>
        </run-table>
    </sample>
    <sample shape="SHARP" interline="22" pitch="0.8" left="285" top="1594" id="365">
        <run-table orientation="VERTICAL" width="23" height="65">
            <runs>0 22 8 14 8</runs>
            <runs>0 22 8 13 8</runs>
            <runs>0 22 8 13 8</runs>
            <runs>0 21 9 12 9</runs>
            <runs>0 21 9 12 23</runs>
            <runs>0 7 58</runs>
            <runs>0 7 57</runs>
            <runs>0 19 9 13 8</runs>
            <runs>0 19 9 13 8</runs>
            <runs>0 19 8 13 8</runs>
            <runs>0 19 7 14 8</runs>
            <runs>0 18 8 13 8</runs>
            <runs>0 18 7 14 8</runs>
            <runs>0 17 8 14 8</runs>
            <runs>0 17 8 13 9</runs>
            <runs>0 16 9 13 9 2 1 2 1</runs>
            <runs>28 3 28</runs>
            <runs>59</runs>
            <runs>29 3 1 2 12</runs>
            <runs>0 14 11 10 12</runs>
            <runs>0 14 11 10 11</runs>
            <runs>0 14 11 10 11</runs>
            <runs>0 14 11 11 7</runs>
        </run-table>
    </sample>
    <sample shape="SHARP" interline="22" pitch="-4.9" left="310" top="247" id="272">
        <run-table orientation="VERTICAL" width="22" height="67">
            <runs>0 22 7 13 9</runs>
            <runs>0 22 7 13 8</runs>
            <runs>0 21 8 13 8</runs>
            <runs>0 21 8 13 8</runs>
            <runs>0 7 6 2 4 1 16 1 30</runs>
            <runs>0 6 61</runs>
            <runs>0 7 7 2 15 2 22 1 11</runs>
            <runs>0 19 8 13 9</runs>
            <runs>0 19 7 14 8</runs>
            <runs>0 18 8 14 8</runs>
            <runs>0 18 7 14 8</runs>
            <runs>0 17 8 14 7</runs>
            <runs>0 16 8 14 8</runs>
            <runs>0 16 8 14 7</runs>
            <runs>0 16 8 13 8</runs>
            <runs>0 15 10 11 12 7 3</runs>
            <runs>59</runs>
            <runs>49 3 6</runs>
            <runs>0 14 8 13 10</runs>
            <runs>0 14 8 13 10</runs>
            <runs>0 13 8 14 10</runs>
            <runs>0 13 8 13 11</runs>
        </run-table>
    </sample>
</samples>
