<?xml version="1.0" encoding="UTF-8" standalone="yes"?>
<samples id="13">
    <sample shape="G_CLEF" interline="23" left="626" top="573" id="368">
        <run-table orientation="VERTICAL" width="62" height="147">
            <runs>0 88 2</runs>
            <runs>0 87 3</runs>
            <runs>0 74 1 2 16 39 6</runs>
            <runs>0 66 2 2 24 36 9</runs>
            <runs>0 65 34 28 14</runs>
            <runs>0 65 35 26 17</runs>
            <runs>0 65 36 25 17</runs>
            <runs>0 62 40 23 19</runs>
            <runs>0 61 42 22 19</runs>
            <runs>0 60 44 20 21</runs>
            <runs>0 59 26 2 18 19 21</runs>
            <runs>0 57 25 5 1 8 10 18 22</runs>
            <runs>0 55 24 20 9 16 22</runs>
            <runs>0 55 20 27 7 1 1 13 23</runs>
            <runs>0 54 20 31 7 13 22</runs>
            <runs>0 52 19 35 8 12 21</runs>
            <runs>0 51 19 18 2 16 8 13 20</runs>
            <runs>0 50 19 18 5 15 7 14 10 2 7</runs>
            <runs>0 49 19 19 6 15 6 15 7 4 7</runs>
            <runs>0 49 19 14 13 14 5 16 5 6 5</runs>
            <runs>0 48 18 12 20 12 4 27 6</runs>
            <runs>0 48 18 11 22 11 4 27 6</runs>
            <runs>0 47 19 9 24 11 4 27 5</runs>
            <runs>0 47 19 7 17 2 1 18 3 26 6</runs>
            <runs>0 47 19 5 19 22 2 26 6</runs>
            <runs>0 46 16 8 16 1 1 52 5</runs>
            <runs>0 46 15 9 15 54 6</runs>
            <runs>0 44 17 4 3 1 15 54 6</runs>
            <runs>0 44 17 4 3 1 14 54 7</runs>
            <runs>0 39 3 1 18 4 17 55 7</runs>
            <runs>0 39 3 1 18 2 18 55 7</runs>
            <runs>0 35 46 54 8</runs>
            <runs>0 32 50 8 3 41 8</runs>
            <runs>0 30 52 5 7 39 8</runs>
            <runs>0 25 32 6 32 37 8</runs>
            <runs>0 24 33 8 36 16 1 11 10</runs>
            <runs>0 20 15 6 15 9 14 8 22 1 9 5 13</runs>
            <runs>0 19 11 11 15 9 14 11 45</runs>
            <runs>0 16 10 15 14 10 14 14 1 1 38</runs>
            <runs>0 16 8 16 14 11 15 19 33</runs>
            <runs>0 15 8 16 14 12 15 25 24</runs>
            <runs>0 13 7 19 14 12 14 28 15</runs>
            <runs>0 12 8 19 13 13 15 28 9</runs>
            <runs>0 11 9 17 15 13 15 27 7</runs>
            <runs>0 9 11 17 14 14 16 25 8</runs>
            <runs>0 7 8 21 13 16 16 24 9</runs>
            <runs>0 6 8 22 12 17 17 23 9</runs>
            <runs>0 5 8 22 12 21 15 20 11</runs>
            <runs>0 5 8 21 12 22 16 18 7</runs>
            <runs>0 4 8 20 13 24 18 14 7</runs>
            <runs>0 3 9 19 13 26 18 9 10</runs>
            <runs>0 2 10 18 14 26 20 3 14</runs>
            <runs>0 1 11 17 14 28 19 1 15</runs>
            <runs>0 1 11 14 14 1 2 30 31</runs>
            <runs>0 1 12 12 12 4 1 31 30</runs>
            <runs>14 2 4 1 14 39 27</runs>
            <runs>0 1 31 43 22</runs>
            <runs>0 2 28 49 17</runs>
            <runs>0 3 25 59 6</runs>
            <runs>0 4 17 67 3</runs>
            <runs>0 15 5</runs>
            <runs>0 16 4</runs>
        </run-table>
    </sample>
    <sample shape="G_CLEF" interline="23" left="614" top="3083" id="1374">
        <run-table orientation="VERTICAL" width="63" height="146">
            <runs>0 83 5</runs>
            <runs>0 71 17 43 2</runs>
            <runs>0 69 22 38 8</runs>
            <runs>0 65 28 34 11</runs>
            <runs>0 63 34 29 14</runs>
            <runs>0 62 36 27 16</runs>
            <runs>0 60 40 24 18</runs>
            <runs>0 59 43 22 19</runs>
            <runs>0 58 45 21 20</runs>
            <runs>0 56 49 19 20</runs>
            <runs>0 55 51 18 21</runs>
            <runs>0 54 25 19 8 2 1 15 21</runs>
            <runs>0 54 22 24 9 15 21</runs>
            <runs>0 53 21 27 9 14 21</runs>
            <runs>0 52 19 32 8 14 20</runs>
            <runs>0 51 19 35 7 13 21</runs>
            <runs>0 51 17 19 3 16 6 14 20</runs>
            <runs>0 50 17 20 4 15 6 15 10 2 7</runs>
            <runs>0 49 18 14 12 14 5 16 8 4 6</runs>
            <runs>0 48 18 12 19 11 4 18 4 6 6</runs>
            <runs>0 48 17 8 25 11 3 29 5</runs>
            <runs>0 47 17 8 26 11 3 29 5</runs>
            <runs>0 47 17 7 17 2 1 4 3 12 2 28 6</runs>
            <runs>0 46 18 7 17 23 1 28 5</runs>
            <runs>0 45 19 6 18 52 4</runs>
            <runs>0 45 19 5 16 55 4</runs>
            <runs>0 45 15 9 14 56 5</runs>
            <runs>0 45 14 9 14 57 4</runs>
            <runs>0 39 2 3 15 8 15 56 4</runs>
            <runs>0 38 3 1 18 5 1 1 14 56 5</runs>
            <runs>0 34 7 1 39 55 6</runs>
            <runs>0 32 9 1 40 52 7</runs>
            <runs>0 27 57 2 3 44 6</runs>
            <runs>0 18 1 7 65 42 5</runs>
            <runs>0 17 2 4 33 5 35 36 5</runs>
            <runs>0 16 19 3 1 1 15 8 41 4 5 10 2 4 7</runs>
            <runs>0 16 13 11 14 9 15 7 33 4 12</runs>
            <runs>0 16 10 14 14 9 15 8 47</runs>
            <runs>0 14 10 14 15 10 15 15 1 3 34</runs>
            <runs>0 14 8 16 14 11 15 24 27</runs>
            <runs>0 12 8 18 14 11 16 28 11 3 3</runs>
            <runs>0 11 8 19 13 12 16 28 6</runs>
            <runs>0 10 8 19 13 13 16 28 6</runs>
            <runs>0 8 10 19 12 14 16 27 7</runs>
            <runs>0 7 11 18 12 15 17 25 8</runs>
            <runs>0 6 8 21 12 16 18 23 9</runs>
            <runs>0 5 8 21 12 17 19 21 10</runs>
            <runs>0 4 9 21 11 18 20 3 1 16 10</runs>
            <runs>0 4 8 21 11 19 2 3 15 3 2 14 11</runs>
            <runs>0 2 9 20 12 25 23 9 7</runs>
            <runs>0 2 9 19 12 27 23 6 8</runs>
            <runs>0 1 10 18 13 28 34</runs>
            <runs>0 1 10 7 1 9 14 29 31</runs>
            <runs>12 3 4 7 10 4 1 31 29</runs>
            <runs>19 5 10 39 27</runs>
            <runs>20 1 10 45 22</runs>
            <runs>28 49 18</runs>
            <runs>0 1 23 57 10</runs>
            <runs>0 5 17 64 3</runs>
            <runs>0 10 9 68 2</runs>
            <runs>0 15 3 70 1</runs>
            <runs>0 15 3</runs>
            <runs>0 15 3</runs>
        </run-table>
    </sample>
    <sample shape="G_CLEF_SMALL" interline="23" left="1222" top="2105" id="905">
        <run-table orientation="VERTICAL" width="39" height="94">
            <runs>0 48 2</runs>
            <runs>0 48 3</runs>
            <runs>0 46 9</runs>
            <runs>0 46 12</runs>
            <runs>0 43 18</runs>
            <runs>0 41 22</runs>
            <runs>0 39 25</runs>
            <runs>0 38 19 1 7</runs>
            <runs>0 36 13 1 1 10 6</runs>
            <runs>0 35 14 14 4 17 5</runs>
            <runs>0 34 14 16 5 13 9</runs>
            <runs>0 33 11 21 5 11 11</runs>
            <runs>0 21 3 8 10 24 5 9 13</runs>
            <runs>0 14 10 7 10 7 3 16 5 8 13</runs>
            <runs>0 12 12 2 14 8 5 14 5 8 13</runs>
            <runs>0 11 28 9 10 10 4 8 14</runs>
            <runs>0 8 13 2 17 8 13 7 4 8 14</runs>
            <runs>0 7 10 6 20 1 9 4 5 7 3 9 13</runs>
            <runs>0 3 1 1 9 9 26 2 1 18 2 10 6 1 5</runs>
            <runs>13 10 11 3 13 21 1 17 4</runs>
            <runs>11 12 9 8 12 16 4 17 4</runs>
            <runs>11 12 8 10 13 14 4 17 3</runs>
            <runs>11 12 7 11 8 1 6 12 4 16 4</runs>
            <runs>12 11 5 13 8 5 5 9 4 16 3</runs>
            <runs>17 2 2 2 3 15 8 8 6 5 4 14 4</runs>
            <runs>3 2 19 17 8 9 17 10 4</runs>
            <runs>0 6 18 17 8 13 18 3 4</runs>
            <runs>0 8 12 1 2 18 9 14 20</runs>
            <runs>0 10 6 25 10 13 17</runs>
            <runs>0 42 10 11 12</runs>
            <runs>0 43 10 9 10</runs>
            <runs>0 44 11 5 6</runs>
            <runs>0 44 21</runs>
            <runs>0 45 19</runs>
            <runs>0 47 15</runs>
            <runs>0 47 13</runs>
            <runs>0 47 5</runs>
            <runs>0 47 4</runs>
            <runs>0 50 1</runs>
        </run-table>
    </sample>
    <sample shape="G_CLEF_SMALL" interline="23" left="2433" top="2107" id="921">
        <run-table orientation="VERTICAL" width="41" height="90">
            <runs>0 45 1</runs>
            <runs>0 43 3</runs>
            <runs>0 43 4</runs>
            <runs>0 42 6</runs>
            <runs>0 42 7</runs>
            <runs>0 42 11</runs>
            <runs>0 41 14</runs>
            <runs>0 39 19</runs>
            <runs>0 38 22</runs>
            <runs>0 36 15 2 9 17 7</runs>
            <runs>0 35 13 8 7 14 11</runs>
            <runs>0 33 13 1 1 12 6 11 11</runs>
            <runs>0 32 13 16 6 10 11</runs>
            <runs>0 32 9 1 1 18 7 8 13</runs>
            <runs>0 30 10 2 1 20 5 8 13</runs>
            <runs>0 29 10 27 2 8 14</runs>
            <runs>0 28 10 7 3 19 1 9 13</runs>
            <runs>0 17 6 4 10 7 11 22 13</runs>
            <runs>0 11 25 8 14 20 11</runs>
            <runs>0 8 28 8 14 22 3 3 4</runs>
            <runs>0 6 11 2 30 7 2 27 5</runs>
            <runs>0 5 8 11 21 40 5</runs>
            <runs>0 3 8 12 10 1 11 40 4</runs>
            <runs>0 2 8 9 11 6 12 36 4</runs>
            <runs>0 2 7 10 10 8 13 14 4 15 4</runs>
            <runs>0 1 7 11 9 9 11 4 4 8 4 15 3</runs>
            <runs>0 1 6 12 7 12 7 8 15 12 5</runs>
            <runs>8 11 6 12 8 10 29</runs>
            <runs>0 1 8 10 5 13 8 13 24</runs>
            <runs>0 1 9 6 4 17 8 15 19</runs>
            <runs>0 1 19 18 9 14 7</runs>
            <runs>0 3 17 18 10 12 8</runs>
            <runs>0 4 9 25 11 10 9</runs>
            <runs>0 39 12 6 7</runs>
            <runs>0 40 23</runs>
            <runs>0 40 22</runs>
            <runs>0 41 19</runs>
            <runs>0 44 13</runs>
            <runs>0 44 11</runs>
            <runs>0 45 3</runs>
            <runs>0 47 1</runs>
        </run-table>
    </sample>
    <sample shape="G_CLEF_SMALL" interline="23" left="1838" top="2107" id="938">
        <run-table orientation="VERTICAL" width="36" height="90">
            <runs>0 45 3</runs>
            <runs>0 42 10</runs>
            <runs>0 42 14</runs>
            <runs>0 40 18</runs>
            <runs>0 37 23</runs>
            <runs>0 36 26 18 4</runs>
            <runs>0 35 11 2 3 3 9 15 9</runs>
            <runs>0 33 13 12 6 1 2 10 11</runs>
            <runs>0 32 14 14 8 8 13</runs>
            <runs>0 31 15 15 7 8 13</runs>
            <runs>0 30 12 20 6 8 13</runs>
            <runs>0 29 11 23 5 8 14</runs>
            <runs>0 29 10 24 5 8 14</runs>
            <runs>0 28 10 7 7 12 4 8 14</runs>
            <runs>0 18 2 2 1 3 11 8 11 8 4 8 14</runs>
            <runs>0 10 10 1 16 8 13 6 4 9 7 2 4</runs>
            <runs>0 7 33 2 10 2 4 6 1 2 1 11 4 3 4</runs>
            <runs>0 5 45 36 4</runs>
            <runs>0 4 11 2 32 37 3</runs>
            <runs>0 3 8 6 1 1 31 35 4</runs>
            <runs>0 2 7 10 11 5 19 30 4</runs>
            <runs>0 1 8 10 10 8 21 6 4 14 5</runs>
            <runs>9 10 8 10 9 4 11 3 4 12 6</runs>
            <runs>8 9 10 11 8 7 15 7 1 1 8</runs>
            <runs>8 9 9 12 8 8 29</runs>
            <runs>8 8 8 14 8 10 26</runs>
            <runs>9 6 7 16 8 15 18</runs>
            <runs>0 1 20 17 10 13 7</runs>
            <runs>0 3 17 18 11 11 8</runs>
            <runs>0 6 7 4 3 19 11 9 9</runs>
            <runs>0 39 14 2 8</runs>
            <runs>0 40 22</runs>
            <runs>0 41 20</runs>
            <runs>0 42 17</runs>
            <runs>0 45 13</runs>
            <runs>0 45 9</runs>
        </run-table>
    </sample>
    <sample shape="G_CLEF_SMALL" interline="23" left="2733" top="2105" id="940">
        <run-table orientation="VERTICAL" width="37" height="94">
            <runs>0 49 1</runs>
            <runs>0 47 6</runs>
            <runs>0 46 14</runs>
            <runs>0 43 19</runs>
            <runs>0 40 23</runs>
            <runs>0 39 26</runs>
            <runs>0 38 28 17 6</runs>
            <runs>0 36 13 9 9 14 9</runs>
            <runs>0 35 12 13 10 10 11</runs>
            <runs>0 33 12 17 9 8 12</runs>
            <runs>0 32 11 21 8 7 13</runs>
            <runs>0 31 11 23 7 7 14</runs>
            <runs>0 21 3 7 10 8 3 13 7 7 14</runs>
            <runs>0 15 4 1 4 3 13 9 6 11 6 7 15</runs>
            <runs>0 12 12 2 13 7 12 9 5 8 14</runs>
            <runs>0 10 14 1 13 7 15 7 5 8 14</runs>
            <runs>0 8 13 3 17 3 6 2 3 2 4 9 2 9 12</runs>
            <runs>0 6 11 6 27 21 1 10 5 1 5</runs>
            <runs>0 5 8 10 27 38 4</runs>
            <runs>0 4 8 11 10 6 12 37 4</runs>
            <runs>11 12 8 9 13 33 5</runs>
            <runs>11 12 7 10 17 2 1 7 7 11 6</runs>
            <runs>10 13 6 12 9 1 13 1 9 11 5</runs>
            <runs>10 13 4 13 10 5 21 6 7</runs>
            <runs>11 9 6 14 10 8 22 1 7</runs>
            <runs>13 5 7 15 10 11 25</runs>
            <runs>0 4 20 16 10 14 19</runs>
            <runs>0 7 10 24 9 14 13</runs>
            <runs>0 41 9 12 13</runs>
            <runs>0 41 9 2 1 7 7 4 4</runs>
            <runs>0 42 13 3 8 8 1</runs>
            <runs>0 43 21 10 1</runs>
            <runs>0 43 20</runs>
            <runs>0 45 16</runs>
            <runs>0 46 14</runs>
            <runs>0 49 7 1 1</runs>
            <runs>0 49 3</runs>
        </run-table>
    </sample>
    <sample shape="G_CLEF_SMALL" interline="23" left="1541" top="2104" id="951">
        <run-table orientation="VERTICAL" width="36" height="94">
            <runs>0 45 7</runs>
            <runs>0 45 14</runs>
            <runs>0 45 17</runs>
            <runs>0 42 22</runs>
            <runs>0 41 25</runs>
            <runs>0 40 27</runs>
            <runs>0 38 15 3 13 14 7</runs>
            <runs>0 36 13 13 8 12 10</runs>
            <runs>0 36 13 15 7 10 12</runs>
            <runs>0 34 15 16 7 9 12</runs>
            <runs>0 33 11 22 7 8 13</runs>
            <runs>0 32 11 6 2 15 7 8 13</runs>
            <runs>0 21 3 7 11 6 4 15 6 8 13</runs>
            <runs>0 16 25 7 11 8 6 8 13</runs>
            <runs>0 11 29 8 13 7 5 8 13</runs>
            <runs>0 9 33 3 17 7 4 8 13</runs>
            <runs>0 8 13 2 30 7 2 8 3 9 6 1 5</runs>
            <runs>0 7 8 12 22 2 1 19 2 17 4</runs>
            <runs>0 6 7 10 11 3 12 23 1 17 4</runs>
            <runs>0 2 1 1 8 11 10 7 13 36 5</runs>
            <runs>3 1 8 11 9 9 18 30 3</runs>
            <runs>3 1 8 11 8 11 7 3 12 4 7 12 4</runs>
            <runs>12 11 6 12 8 7 19 9 6</runs>
            <runs>3 1 9 8 7 13 8 10 18 5 7</runs>
            <runs>2 3 9 5 8 14 8 12 27</runs>
            <runs>0 5 19 17 8 15 22</runs>
            <runs>0 7 17 17 8 16 11 1 7</runs>
            <runs>0 10 8 2 1 21 9 14 10</runs>
            <runs>0 42 11 11 8</runs>
            <runs>0 43 12 6 11</runs>
            <runs>0 44 22</runs>
            <runs>0 44 21</runs>
            <runs>0 45 18</runs>
            <runs>0 48 13</runs>
            <runs>0 48 9</runs>
            <runs>0 51 1</runs>
        </run-table>
    </sample>
    <sample shape="G_CLEF_SMALL" interline="23" left="2135" top="2106" id="1145">
        <run-table orientation="VERTICAL" width="37" height="91">
            <runs>0 44 1 2 1</runs>
            <runs>0 44 4</runs>
            <runs>0 44 4</runs>
            <runs>0 44 8</runs>
            <runs>0 44 11</runs>
            <runs>0 39 21</runs>
            <runs>0 38 23</runs>
            <runs>0 36 27 2 1 14 6</runs>
            <runs>0 35 13 8 11 12 9</runs>
            <runs>0 33 14 12 10 9 12</runs>
            <runs>0 32 13 16 8 8 13</runs>
            <runs>0 32 13 17 7 8 13</runs>
            <runs>0 31 10 22 6 7 14</runs>
            <runs>0 29 10 25 5 8 13</runs>
            <runs>0 18 2 9 9 6 4 16 5 8 13</runs>
            <runs>0 17 3 8 10 6 9 11 1 1 3 8 14</runs>
            <runs>0 13 24 7 14 9 2 9 7 2 4</runs>
            <runs>0 10 27 7 15 21 2 6 3</runs>
            <runs>0 7 11 1 19 10 3 6 1 30 2</runs>
            <runs>0 5 12 2 26 42 3</runs>
            <runs>0 4 9 6 26 41 4</runs>
            <runs>0 3 8 8 11 6 13 36 4</runs>
            <runs>0 2 7 10 10 9 13 33 4</runs>
            <runs>0 1 8 10 9 10 7 6 8 24 4</runs>
            <runs>0 1 8 10 8 11 7 7 19 11 4</runs>
            <runs>0 1 7 11 6 14 6 11 28</runs>
            <runs>9 10 5 15 6 14 23</runs>
            <runs>9 10 4 16 6 16 19</runs>
            <runs>0 1 10 5 4 19 6 18 6 2 2</runs>
            <runs>0 3 17 19 9 14 7</runs>
            <runs>0 5 8 27 9 12 8</runs>
            <runs>0 41 9 8 11</runs>
            <runs>0 41 28</runs>
            <runs>0 44 19</runs>
            <runs>0 44 16</runs>
            <runs>0 44 14</runs>
            <runs>0 44 11</runs>
        </run-table>
    </sample>
    <sample shape="G_CLEF_SMALL" interline="23" left="906" top="2110" id="3404">
        <run-table orientation="VERTICAL" width="37" height="90">
            <runs>0 44 3</runs>
            <runs>0 44 6</runs>
            <runs>0 41 13</runs>
            <runs>0 39 18</runs>
            <runs>0 38 22</runs>
            <runs>0 35 26</runs>
            <runs>0 33 12 2 1 6 8</runs>
            <runs>0 32 13 13 5</runs>
            <runs>0 30 15 15 6 12 8</runs>
            <runs>0 29 10 22 6 11 9</runs>
            <runs>0 19 2 8 10 23 5 10 11</runs>
            <runs>0 17 5 6 10 25 4 10 11</runs>
            <runs>0 12 25 7 3 16 4 10 12</runs>
            <runs>0 7 30 7 8 14 1 9 13</runs>
            <runs>0 5 10 1 1 1 18 8 11 21 13</runs>
            <runs>0 3 7 8 19 4 16 20 13</runs>
            <runs>0 2 7 9 27 2 2 6 3 19 7 1 4</runs>
            <runs>0 1 8 9 13 1 15 32 4 3 3</runs>
            <runs>0 1 7 10 11 7 12 38 3</runs>
            <runs>7 11 10 9 12 37 3</runs>
            <runs>7 11 9 10 15 34 2</runs>
            <runs>7 11 7 13 7 2 10 28 3</runs>
            <runs>8 10 5 14 8 6 7 9 1 17 2</runs>
            <runs>0 1 8 7 7 14 8 7 9 2 7 14 1</runs>
            <runs>0 3 7 4 8 15 8 10 15 13 2</runs>
            <runs>0 4 10 4 4 15 8 12 17 6 2</runs>
            <runs>0 18 4 15 10 13 20</runs>
            <runs>0 18 1 2 1 15 10 13 19</runs>
            <runs>0 38 10 12 11</runs>
            <runs>0 39 10 9 10 2 1</runs>
            <runs>0 39 24 1 4 2 1</runs>
            <runs>0 40 21 3 4</runs>
            <runs>0 41 19 4 4</runs>
            <runs>0 44 14</runs>
            <runs>0 44 13</runs>
            <runs>0 44 3 3 2</runs>
            <runs>0 44 3</runs>
        </run-table>
    </sample>
    <sample shape="F_CLEF" interline="23" left="624" top="1468" id="2689">
        <run-table orientation="VERTICAL" width="66" height="68">
            <runs>0 17 6</runs>
            <runs>0 13 10 43 2</runs>
            <runs>0 10 16 39 3</runs>
            <runs>0 9 18 38 3</runs>
            <runs>0 7 21 36 4</runs>
            <runs>0 6 24 34 4</runs>
            <runs>2 2 26 33 4</runs>
            <runs>2 1 27 33 3</runs>
            <runs>30 33 3</runs>
            <runs>31 31 4</runs>
            <runs>7 9 15 31 4</runs>
            <runs>5 11 15 30 4</runs>
            <runs>4 12 15 30 4</runs>
            <runs>3 13 15 29 5</runs>
            <runs>3 13 15 28 5</runs>
            <runs>3 13 15 28 5</runs>
            <runs>0 2 1 13 14 28 5</runs>
            <runs>0 2 1 13 13 29 5</runs>
            <runs>0 17 11 29 5</runs>
            <runs>0 18 9 29 6</runs>
            <runs>0 18 5 32 6</runs>
            <runs>0 55 6</runs>
            <runs>0 53 7</runs>
            <runs>0 53 7</runs>
            <runs>1 51 6</runs>
            <runs>2 47 9</runs>
            <runs>2 47 8</runs>
            <runs>2 46 8</runs>
            <runs>3 41 12</runs>
            <runs>4 40 11</runs>
            <runs>5 37 12</runs>
            <runs>7 32 15</runs>
            <runs>7 28 18</runs>
            <runs>9 1 2 11 2 5 22</runs>
            <runs>16 4 31</runs>
            <runs>50</runs>
            <runs>49</runs>
            <runs>49</runs>
            <runs>48</runs>
            <runs>0 1 2 1 43</runs>
            <runs>0 2 1 3 41</runs>
            <runs>0 2 1 4 37</runs>
            <runs>0 2 1 6 33</runs>
            <runs>0 11 29</runs>
            <runs>0 12 27</runs>
            <runs>0 15 21</runs>
            <runs>0 18 15</runs>
            <runs>0 21 8</runs>
            <runs>0 23 3</runs>
            <runs>0 23 3</runs>
            <runs>0 25 1</runs>
            <runs></runs>
            <runs></runs>
            <runs></runs>
            <runs>0 10 4</runs>
            <runs>0 6 9 17 6</runs>
            <runs>0 6 10 14 9</runs>
            <runs>0 5 11 14 10</runs>
            <runs>0 5 12 12 11</runs>
            <runs>0 5 12 11 12</runs>
            <runs>0 4 13 11 12</runs>
            <runs>0 5 12 11 12</runs>
            <runs>0 5 12 11 11</runs>
            <runs>0 6 10 13 10</runs>
            <runs>0 7 8 14 9</runs>
            <runs>0 8 3 20 6</runs>
        </run-table>
    </sample>
    <sample shape="F_CLEF" interline="23" left="620" top="1824" id="2692">
        <run-table orientation="VERTICAL" width="74" height="68">
            <runs>0 40 1</runs>
            <runs>0 40 1</runs>
            <runs>0 22 1</runs>
            <runs>0 22 1</runs>
            <runs></runs>
            <runs></runs>
            <runs></runs>
            <runs>0 66 1</runs>
            <runs>0 13 8 44 3</runs>
            <runs>0 11 13 41 3</runs>
            <runs>0 9 15 41 3</runs>
            <runs>0 8 18 38 3</runs>
            <runs>0 7 19 38 3</runs>
            <runs>0 6 21 36 4</runs>
            <runs>0 1 1 3 22 35 5</runs>
            <runs>28 34 4</runs>
            <runs>12 3 14 33 4</runs>
            <runs>8 9 13 31 5</runs>
            <runs>7 9 15 30 4</runs>
            <runs>5 11 15 29 5</runs>
            <runs>4 12 15 29 4</runs>
            <runs>4 12 15 29 4</runs>
            <runs>3 13 15 28 5</runs>
            <runs>3 13 14 28 5</runs>
            <runs>3 13 13 28 6</runs>
            <runs>3 14 11 28 6</runs>
            <runs>1 1 1 14 10 29 6</runs>
            <runs>0 18 8 29 6</runs>
            <runs>0 54 7</runs>
            <runs>0 52 8</runs>
            <runs>0 51 8</runs>
            <runs>0 49 10</runs>
            <runs>0 48 10</runs>
            <runs>0 47 10</runs>
            <runs>2 44 10</runs>
            <runs>3 43 10</runs>
            <runs>4 40 11</runs>
            <runs>5 38 12</runs>
            <runs>6 35 13</runs>
            <runs>8 15 2 13 15</runs>
            <runs>9 14 3 5 21</runs>
            <runs>12 11 28</runs>
            <runs>51</runs>
            <runs>50</runs>
            <runs>0 2 47</runs>
            <runs>0 3 45</runs>
            <runs>0 4 43</runs>
            <runs>0 6 41</runs>
            <runs>0 7 39</runs>
            <runs>0 8 35</runs>
            <runs>0 10 31</runs>
            <runs>0 11 29</runs>
            <runs>0 12 25</runs>
            <runs>0 16 19</runs>
            <runs>0 20 12</runs>
            <runs>0 23 4</runs>
            <runs>0 23 3</runs>
            <runs>0 25 1</runs>
            <runs></runs>
            <runs></runs>
            <runs></runs>
            <runs>0 9 4</runs>
            <runs>0 8 7 15 6</runs>
            <runs>0 6 9 14 9</runs>
            <runs>0 6 10 12 12</runs>
            <runs>0 5 11 12 12</runs>
            <runs>0 5 11 12 12</runs>
            <runs>0 5 12 11 12</runs>
            <runs>0 5 11 12 12</runs>
            <runs>0 5 11 12 12</runs>
            <runs>0 5 11 13 10</runs>
            <runs>0 6 9 14 10</runs>
            <runs>0 8 6 16 8</runs>
            <runs>0 33 2</runs>
        </run-table>
    </sample>
    <sample shape="F_CLEF" interline="23" left="616" top="2081" id="2693">
        <run-table orientation="VERTICAL" width="75" height="77">
            <runs>0 76 1</runs>
            <runs>0 76 1</runs>
            <runs>0 76 1</runs>
            <runs>0 75 1</runs>
            <runs>0 75 1</runs>
            <runs>0 74 2</runs>
            <runs>0 74 1</runs>
            <runs>0 74 1</runs>
            <runs>0 22 8 41 2</runs>
            <runs>0 17 14 40 3</runs>
            <runs>0 15 17 38 4</runs>
            <runs>0 13 20 37 4</runs>
            <runs>0 12 22 36 3</runs>
            <runs>0 10 24 35 4</runs>
            <runs>0 10 25 34 4</runs>
            <runs>0 7 29 33 3</runs>
            <runs>0 6 30 32 4</runs>
            <runs>0 5 31 32 4</runs>
            <runs>0 5 9 7 15 31 4</runs>
            <runs>0 5 7 9 16 29 5</runs>
            <runs>0 5 6 10 16 29 5</runs>
            <runs>0 5 5 11 16 29 4</runs>
            <runs>0 5 4 12 16 28 5</runs>
            <runs>0 5 4 12 15 29 4</runs>
            <runs>0 5 2 14 14 29 5</runs>
            <runs>0 5 1 16 13 28 5</runs>
            <runs>0 22 12 28 6</runs>
            <runs>0 23 10 28 6</runs>
            <runs>0 24 7 30 6</runs>
            <runs>0 26 3 1 1 28 7</runs>
            <runs>0 58 7</runs>
            <runs>0 58 7</runs>
            <runs>0 56 9</runs>
            <runs>0 5 2 48 8</runs>
            <runs>0 5 3 45 10</runs>
            <runs>0 5 4 15 1 27 10</runs>
            <runs>0 5 4 15 1 25 11</runs>
            <runs>0 5 6 13 1 25 11</runs>
            <runs>0 5 7 12 1 21 13</runs>
            <runs>0 5 8 31 15</runs>
            <runs>0 5 9 29 15</runs>
            <runs>0 5 12 24 17</runs>
            <runs>0 5 15 7 29</runs>
            <runs>0 5 19 3 28</runs>
            <runs>0 5 50</runs>
            <runs>0 5 50</runs>
            <runs>0 2 4 1 46</runs>
            <runs>6 2 44</runs>
            <runs>0 11 41</runs>
            <runs>0 12 38</runs>
            <runs>0 14 33 2 1</runs>
            <runs>0 16 30</runs>
            <runs>0 17 27</runs>
            <runs>0 20 23</runs>
            <runs>0 23 18</runs>
            <runs>0 26 9</runs>
            <runs>0 27 3</runs>
            <runs>0 27 3</runs>
            <runs>0 20 1</runs>
            <runs>0 20 1</runs>
            <runs>0 19 2</runs>
            <runs>0 19 1</runs>
            <runs>0 13 7</runs>
            <runs>0 10 11 15 6</runs>
            <runs>0 10 11 14 8</runs>
            <runs>0 10 11 13 9</runs>
            <runs>0 5 16 13 10</runs>
            <runs>0 5 16 12 11</runs>
            <runs>0 5 17 11 12</runs>
            <runs>0 9 12 12 12</runs>
            <runs>0 10 11 12 11</runs>
            <runs>0 10 10 13 11</runs>
            <runs>0 11 9 14 9</runs>
            <runs>0 11 8 16 7</runs>
            <runs>0 13 1 1 3 19 3</runs>
        </run-table>
    </sample>
    <sample shape="F_CLEF" interline="23" left="628" top="855" id="2985">
        <run-table orientation="VERTICAL" width="67" height="68">
            <runs>0 21 3</runs>
            <runs>0 14 1 2 7</runs>
            <runs>0 11 13 41 3</runs>
            <runs>0 10 14 41 3</runs>
            <runs>0 8 20 37 3</runs>
            <runs>0 6 23 35 4</runs>
            <runs>0 5 25 34 4</runs>
            <runs>0 3 27 34 3</runs>
            <runs>0 1 29 33 4</runs>
            <runs>31 32 4</runs>
            <runs>10 6 15 31 5</runs>
            <runs>8 9 14 31 4</runs>
            <runs>6 11 15 29 5</runs>
            <runs>5 11 15 29 6</runs>
            <runs>3 13 15 28 6</runs>
            <runs>1 15 15 28 6</runs>
            <runs>0 16 14 29 6</runs>
            <runs>0 16 14 28 6</runs>
            <runs>0 17 12 28 6</runs>
            <runs>0 17 11 29 5</runs>
            <runs>0 19 8 29 6</runs>
            <runs>0 21 6 27 8</runs>
            <runs>0 54 7</runs>
            <runs>0 53 7</runs>
            <runs>0 49 1 1 9</runs>
            <runs>0 49 10</runs>
            <runs>0 48 10</runs>
            <runs>1 46 11</runs>
            <runs>3 43 11</runs>
            <runs>4 40 13</runs>
            <runs>4 38 14</runs>
            <runs>6 34 15</runs>
            <runs>7 29 18</runs>
            <runs>9 15 2 4 2 3 18</runs>
            <runs>12 10 30</runs>
            <runs>18 3 31</runs>
            <runs>51</runs>
            <runs>50</runs>
            <runs>49</runs>
            <runs>0 1 48</runs>
            <runs>0 3 45</runs>
            <runs>0 5 41</runs>
            <runs>0 6 38</runs>
            <runs>0 8 34</runs>
            <runs>0 11 29</runs>
            <runs>0 13 26</runs>
            <runs>0 14 23</runs>
            <runs>0 19 14</runs>
            <runs>0 22 6</runs>
            <runs>0 22 3 1 1</runs>
            <runs></runs>
            <runs></runs>
            <runs></runs>
            <runs></runs>
            <runs>0 8 5</runs>
            <runs>0 7 7 17 5</runs>
            <runs>0 5 9 16 8</runs>
            <runs>0 4 11 14 10</runs>
            <runs>3 1 12 12 11</runs>
            <runs>16 11 13</runs>
            <runs>17 10 13</runs>
            <runs>16 11 13</runs>
            <runs>0 3 13 11 13</runs>
            <runs>0 5 10 12 13</runs>
            <runs>0 5 9 15 11</runs>
            <runs>0 6 6 17 10</runs>
            <runs>0 7 3 21 6</runs>
        </run-table>
    </sample>
    <sample shape="F_CLEF" interline="23" left="618" top="2719" id="3379">
        <run-table orientation="VERTICAL" width="66" height="69">
            <runs>0 15 9</runs>
            <runs>0 13 11 44 1</runs>
            <runs>0 11 16 40 2</runs>
            <runs>0 9 19 39 2</runs>
            <runs>0 6 23 38 2</runs>
            <runs>0 5 25 36 2</runs>
            <runs>0 5 26 34 3</runs>
            <runs>0 2 29 34 3</runs>
            <runs>31 33 4</runs>
            <runs>11 6 15 32 3</runs>
            <runs>8 9 15 31 4</runs>
            <runs>6 11 15 31 4</runs>
            <runs>6 11 15 30 4</runs>
            <runs>5 11 15 31 4</runs>
            <runs>4 12 15 30 4</runs>
            <runs>4 12 15 29 5</runs>
            <runs>2 15 13 29 5</runs>
            <runs>0 17 12 29 6</runs>
            <runs>0 18 10 29 6</runs>
            <runs>0 19 8 29 7</runs>
            <runs>0 21 3 32 7</runs>
            <runs>0 55 7</runs>
            <runs>0 53 8</runs>
            <runs>0 52 9</runs>
            <runs>0 49 1 1 8</runs>
            <runs>1 48 10</runs>
            <runs>2 45 11</runs>
            <runs>4 41 12</runs>
            <runs>5 40 11</runs>
            <runs>5 39 11</runs>
            <runs>6 33 16</runs>
            <runs>8 30 16</runs>
            <runs>9 27 17</runs>
            <runs>15 8 6 1 23</runs>
            <runs>20 1 1 1 28</runs>
            <runs>50</runs>
            <runs>0 1 48</runs>
            <runs>0 2 47</runs>
            <runs>0 4 44</runs>
            <runs>0 5 43</runs>
            <runs>0 6 41</runs>
            <runs>0 7 36</runs>
            <runs>0 9 32</runs>
            <runs>0 11 29</runs>
            <runs>0 13 25</runs>
            <runs>0 15 20</runs>
            <runs>0 19 10</runs>
            <runs>0 22 5</runs>
            <runs></runs>
            <runs></runs>
            <runs></runs>
            <runs></runs>
            <runs></runs>
            <runs>0 8 5</runs>
            <runs>0 6 9 17 1 1 1</runs>
            <runs>0 5 11 14 8</runs>
            <runs>0 4 12 13 10</runs>
            <runs>0 4 12 13 10</runs>
            <runs>0 4 13 11 12</runs>
            <runs>0 5 12 10 13</runs>
            <runs>0 5 12 10 13</runs>
            <runs>0 5 11 12 12</runs>
            <runs>0 6 9 13 12</runs>
            <runs>0 6 9 13 11</runs>
            <runs>0 7 7 15 9</runs>
            <runs>0 9 2 20 5</runs>
        </run-table>
    </sample>
    <sample shape="F_CLEF" interline="23" left="612" top="2461" id="3380">
        <run-table orientation="VERTICAL" width="77" height="74">
            <runs>0 73 1</runs>
            <runs>0 73 1</runs>
            <runs>0 72 2</runs>
            <runs>0 72 2</runs>
            <runs>0 71 3</runs>
            <runs>0 71 3</runs>
            <runs>0 71 2</runs>
            <runs>0 71 2</runs>
            <runs>0 71 1</runs>
            <runs>0 70 2</runs>
            <runs>0 66 3 1 1</runs>
            <runs>0 14 11 41 3 1 1</runs>
            <runs>0 13 12 41 3 1 1</runs>
            <runs>0 9 18 38 6</runs>
            <runs>0 8 20 37 4 1 1</runs>
            <runs>0 7 22 35 4</runs>
            <runs>0 5 25 34 4</runs>
            <runs>0 4 26 33 5</runs>
            <runs>0 2 29 32 4</runs>
            <runs>0 1 30 31 5</runs>
            <runs>9 7 16 30 5</runs>
            <runs>7 10 15 29 5</runs>
            <runs>6 11 15 29 5</runs>
            <runs>5 11 16 28 5</runs>
            <runs>2 14 16 28 5</runs>
            <runs>1 15 15 28 6</runs>
            <runs>0 17 13 28 7</runs>
            <runs>0 17 13 27 7</runs>
            <runs>0 17 12 27 7</runs>
            <runs>0 18 9 29 7</runs>
            <runs>0 19 8 28 7</runs>
            <runs>0 22 3 24 1 4 7</runs>
            <runs>0 49 1 3 8</runs>
            <runs>0 49 1 2 9</runs>
            <runs>0 48 12</runs>
            <runs>1 46 12</runs>
            <runs>2 45 11</runs>
            <runs>3 44 11</runs>
            <runs>3 42 12</runs>
            <runs>4 39 13</runs>
            <runs>5 37 14</runs>
            <runs>7 32 16</runs>
            <runs>8 15 3 9 19</runs>
            <runs>10 11 1 1 4 6 20</runs>
            <runs>13 2 37</runs>
            <runs>0 1 50</runs>
            <runs>0 2 48</runs>
            <runs>0 3 47</runs>
            <runs>0 3 46</runs>
            <runs>0 5 44</runs>
            <runs>0 6 43</runs>
            <runs>0 7 38 2 1</runs>
            <runs>0 8 35</runs>
            <runs>0 9 31</runs>
            <runs>0 9 31</runs>
            <runs>0 14 23</runs>
            <runs>0 17 19</runs>
            <runs>0 19 14</runs>
            <runs>0 22 2 2 1</runs>
            <runs></runs>
            <runs></runs>
            <runs></runs>
            <runs></runs>
            <runs></runs>
            <runs>0 9 4 20 2</runs>
            <runs>0 7 8 16 7</runs>
            <runs>0 6 10 14 10</runs>
            <runs>0 6 11 12 12</runs>
            <runs>0 5 12 7 3 1 13</runs>
            <runs>0 5 12 7 17</runs>
            <runs>0 5 12 7 3 1 13</runs>
            <runs>0 5 12 7 3 1 13</runs>
            <runs>0 5 12 11 13</runs>
            <runs>0 6 10 12 12</runs>
            <runs>0 7 8 14 11</runs>
            <runs>0 8 5 18 7</runs>
            <runs>0 34 3</runs>
        </run-table>
    </sample>
    <sample shape="F_CLEF_SMALL" interline="23" left="2593" top="2087" id="3416">
        <run-table orientation="VERTICAL" width="42" height="41">
            <runs>0 15 1</runs>
            <runs>0 15 1</runs>
            <runs>0 8 9</runs>
            <runs>0 6 12</runs>
            <runs>0 5 13</runs>
            <runs>0 3 15</runs>
            <runs>0 2 16</runs>
            <runs>0 2 16</runs>
            <runs>0 2 5 4 7</runs>
            <runs>0 1 3 7 7</runs>
            <runs>3 8 7</runs>
            <runs>3 9 6 22 1</runs>
            <runs>2 10 6 21 2</runs>
            <runs>3 9 6 19 4</runs>
            <runs>3 11 4 18 5</runs>
            <runs>3 12 3 17 6</runs>
            <runs>3 12 3 16 6</runs>
            <runs>4 12 2 15 6</runs>
            <runs>4 12 2 10 9</runs>
            <runs>0 1 4 11 2 9 9</runs>
            <runs>0 1 7 7 5 2 14</runs>
            <runs>0 1 33</runs>
            <runs>0 2 31</runs>
            <runs>0 3 29</runs>
            <runs>0 4 27</runs>
            <runs>0 5 24</runs>
            <runs>0 7 21</runs>
            <runs>0 8 4 1 13</runs>
            <runs>0 14 4 2 1</runs>
            <runs>0 15 1</runs>
            <runs></runs>
            <runs></runs>
            <runs>0 9 1</runs>
            <runs>0 7 4 6 3</runs>
            <runs>0 6 5 6 8</runs>
            <runs>0 6 6 5 9</runs>
            <runs>0 5 7 5 9</runs>
            <runs>0 5 7 5 10</runs>
            <runs>0 6 5 6 10</runs>
            <runs>0 6 4 7 10</runs>
            <runs>0 17 9</runs>
            <runs>0 20 5</runs>
        </run-table>
    </sample>
    <sample shape="F_CLEF_SMALL" interline="23" left="2884" top="2090" id="3417">
        <run-table orientation="VERTICAL" width="43" height="45">
            <runs>0 15 1</runs>
            <runs>0 15 2</runs>
            <runs>0 11 7 22 4</runs>
            <runs>0 8 10 22 5</runs>
            <runs>0 6 12 22 5</runs>
            <runs>0 5 13 22 5</runs>
            <runs>0 4 14 22 5</runs>
            <runs>0 3 17 20 5</runs>
            <runs>0 2 5 4 9 20 5</runs>
            <runs>0 2 4 6 9 19 4</runs>
            <runs>0 1 4 7 9 19 4</runs>
            <runs>0 1 3 8 9</runs>
            <runs>4 8 8 19 2</runs>
            <runs>4 9 7 17 4</runs>
            <runs>4 10 4 18 5</runs>
            <runs>0 1 3 11 3 15 8</runs>
            <runs>0 1 3 11 3 13 10</runs>
            <runs>0 1 4 11 2 12 11</runs>
            <runs>0 1 5 11 1 11 12</runs>
            <runs>0 1 8 6 3 2 1 3 17</runs>
            <runs>0 2 37</runs>
            <runs>0 2 35</runs>
            <runs>0 3 33</runs>
            <runs>0 4 31</runs>
            <runs>0 5 28</runs>
            <runs>0 7 24</runs>
            <runs>0 8 21</runs>
            <runs>0 10 18</runs>
            <runs>0 13 12</runs>
            <runs>0 14 7</runs>
            <runs>0 15 5</runs>
            <runs>0 15 3</runs>
            <runs></runs>
            <runs>0 10 1</runs>
            <runs>0 8 4 13 1</runs>
            <runs>0 7 6 9 6</runs>
            <runs>0 6 7 8 7</runs>
            <runs>0 6 7 5 11</runs>
            <runs>0 6 7 5 10</runs>
            <runs>0 6 7 5 10</runs>
            <runs>0 8 4 6 10</runs>
            <runs>0 21 6</runs>
            <runs>0 23 3</runs>
        </run-table>
    </sample>
    <sample shape="F_CLEF_SMALL" interline="23" left="2299" top="2084" id="3418">
        <run-table orientation="VERTICAL" width="41" height="43">
            <runs>0 10 2 1 1</runs>
            <runs>0 7 10</runs>
            <runs>0 6 11</runs>
            <runs>0 5 13 24 1</runs>
            <runs>0 4 15 22 2</runs>
            <runs>0 3 6 1 9 21 3</runs>
            <runs>0 2 5 4 8 21 3</runs>
            <runs>0 1 4 7 7 20 4</runs>
            <runs>0 1 4 7 7 20 4</runs>
            <runs>0 1 3 8 7 19 5</runs>
            <runs>0 1 3 9 6 19 5</runs>
            <runs>0 1 3 9 6 18 6</runs>
            <runs>4 10 5 17 7</runs>
            <runs>4 12 3 16 7</runs>
            <runs>4 13 2 16 6</runs>
            <runs>4 13 2 14 7</runs>
            <runs>0 1 4 13 1 12 9</runs>
            <runs>0 1 6 20 11</runs>
            <runs>0 2 8 11 1 4 11</runs>
            <runs>0 2 34</runs>
            <runs>0 3 32</runs>
            <runs>0 3 31</runs>
            <runs>0 4 29</runs>
            <runs>0 6 25</runs>
            <runs>0 8 21</runs>
            <runs>0 10 17</runs>
            <runs>0 12 13</runs>
            <runs>0 18 4</runs>
            <runs>0 18 3</runs>
            <runs></runs>
            <runs></runs>
            <runs></runs>
            <runs>0 8 4</runs>
            <runs>0 7 6 5 8</runs>
            <runs>0 7 6 5 9</runs>
            <runs>0 7 6 5 10</runs>
            <runs>0 7 6 5 10</runs>
            <runs>0 7 5 6 10</runs>
            <runs>0 8 2 8 10</runs>
            <runs>0 18 9</runs>
            <runs>0 23 3</runs>
        </run-table>
    </sample>
    <sample shape="F_CLEF_SMALL" interline="23" left="2001" top="2080" id="3419">
        <run-table orientation="VERTICAL" width="40" height="48">
            <runs>0 12 7 2 1 25 1</runs>
            <runs>0 10 12 24 2</runs>
            <runs>0 9 14 22 3</runs>
            <runs>0 7 18 20 3</runs>
            <runs>0 7 18 19 4</runs>
            <runs>0 6 19 19 4</runs>
            <runs>0 6 4 5 10 18 5</runs>
            <runs>0 5 4 6 10 18 5</runs>
            <runs>0 5 4 7 9 18 5</runs>
            <runs>0 4 4 8 9 17 6</runs>
            <runs>8 8 9 16 7</runs>
            <runs>8 9 8 15 8</runs>
            <runs>8 10 7 14 8</runs>
            <runs>8 14 3 12 9</runs>
            <runs>8 14 3 10 10</runs>
            <runs>0 4 5 14 2 9 9 1 1</runs>
            <runs>0 4 6 16 1 4 11</runs>
            <runs>0 4 7 10 20</runs>
            <runs>0 5 12 1 22</runs>
            <runs>0 6 33</runs>
            <runs>0 6 32</runs>
            <runs>0 8 29</runs>
            <runs>0 9 26</runs>
            <runs>0 11 23</runs>
            <runs>0 11 21</runs>
            <runs>0 13 17</runs>
            <runs>0 19 8</runs>
            <runs>0 24 2</runs>
            <runs></runs>
            <runs></runs>
            <runs></runs>
            <runs>0 12 4 7 5</runs>
            <runs>0 11 6 6 7</runs>
            <runs>0 10 7 6 8</runs>
            <runs>0 10 7 6 8</runs>
            <runs>0 10 7 6 9</runs>
            <runs>0 11 5 7 9</runs>
            <runs>0 12 3 8 8</runs>
            <runs>0 23 8</runs>
            <runs>0 23 6</runs>
        </run-table>
    </sample>
    <sample shape="F_CLEF_SMALL" interline="23" left="1704" top="2081" id="3420">
        <run-table orientation="VERTICAL" width="42" height="47">
            <runs>0 12 6</runs>
            <runs>0 9 12</runs>
            <runs>0 8 14</runs>
            <runs>0 7 16</runs>
            <runs>0 7 17</runs>
            <runs>0 6 18 22 1</runs>
            <runs>0 5 4 5 10 21 2</runs>
            <runs>0 4 4 7 9 19 4</runs>
            <runs>0 4 4 7 9 19 4</runs>
            <runs>0 4 3 8 9 18 5</runs>
            <runs>7 9 8 17 6</runs>
            <runs>7 9 8 16 7</runs>
            <runs>7 10 7 16 6</runs>
            <runs>7 14 3 14 7</runs>
            <runs>0 4 3 15 2 12 7</runs>
            <runs>0 4 4 15 1 11 7</runs>
            <runs>0 4 5 16 1 7 8</runs>
            <runs>0 5 6 12 3 4 11</runs>
            <runs>0 5 10 3 21</runs>
            <runs>0 5 33</runs>
            <runs>0 6 31</runs>
            <runs>0 7 29</runs>
            <runs>0 8 26</runs>
            <runs>0 9 24</runs>
            <runs>0 11 20</runs>
            <runs>0 13 16</runs>
            <runs>0 19 8</runs>
            <runs>0 23 3</runs>
            <runs>0 23 2</runs>
            <runs></runs>
            <runs>0 12 1</runs>
            <runs>0 11 4 8 3</runs>
            <runs>0 10 5 8 5</runs>
            <runs>0 9 6 8 6</runs>
            <runs>0 9 6 8 7</runs>
            <runs>0 9 6 8 8</runs>
            <runs>0 10 5 8 8</runs>
            <runs>0 10 4 9 8</runs>
            <runs>0 23 7</runs>
            <runs>0 23 6</runs>
            <runs>0 23 4</runs>
            <runs>0 23 3</runs>
        </run-table>
    </sample>
    <sample shape="F_CLEF_SMALL" interline="23" left="1406" top="2086" id="3421">
        <run-table orientation="VERTICAL" width="45" height="42">
            <runs>0 9 6</runs>
            <runs>0 7 9</runs>
            <runs>0 5 13</runs>
            <runs>0 4 15</runs>
            <runs>0 3 16</runs>
            <runs>0 2 17</runs>
            <runs>0 1 6 3 9</runs>
            <runs>0 1 4 6 8</runs>
            <runs>0 1 3 7 8 22 1</runs>
            <runs>0 1 3 8 7 21 2</runs>
            <runs>3 9 7 19 4</runs>
            <runs>3 10 6 19 4</runs>
            <runs>3 11 5 18 5</runs>
            <runs>3 13 3 17 6</runs>
            <runs>4 14 1 15 7</runs>
            <runs>5 15 1 12 7</runs>
            <runs>0 1 5 13 2 10 7</runs>
            <runs>0 1 6 11 3 7 9</runs>
            <runs>0 2 6 1 2 1 1 3 1 1 18</runs>
            <runs>0 2 34</runs>
            <runs>0 3 31</runs>
            <runs>0 4 28</runs>
            <runs>0 5 26</runs>
            <runs>0 7 22</runs>
            <runs>0 8 20</runs>
            <runs>0 10 16</runs>
            <runs>0 15 1 1 6</runs>
            <runs>0 18 2</runs>
            <runs>0 18 1</runs>
            <runs></runs>
            <runs>0 9 1 8 2</runs>
            <runs>0 7 4 7 2</runs>
            <runs>0 6 6 6 2</runs>
            <runs>0 6 6 6 8</runs>
            <runs>0 5 7 6 8</runs>
            <runs>0 5 7 6 9</runs>
            <runs>0 6 5 7 9</runs>
            <runs>0 7 3 8 8</runs>
            <runs>0 18 8</runs>
            <runs>0 18 7</runs>
            <runs>0 18 3</runs>
            <runs>0 18 3</runs>
            <runs>0 20 1</runs>
            <runs>0 20 1</runs>
            <runs>0 20 1</runs>
        </run-table>
    </sample>
    <sample shape="F_CLEF_SMALL" interline="23" left="1079" top="2092" id="3422">
        <run-table orientation="VERTICAL" width="42" height="44">
            <runs>0 12 3</runs>
            <runs>0 10 5</runs>
            <runs>0 7 8</runs>
            <runs>0 5 13</runs>
            <runs>0 5 13 24 2</runs>
            <runs>0 4 15 23 2</runs>
            <runs>0 3 5 1 3 2 5 22 3</runs>
            <runs>0 3 2 9 5 22 3</runs>
            <runs>0 2 2 10 6 18 6</runs>
            <runs>0 1 2 11 6 18 5</runs>
            <runs>0 1 1 12 6 18 5</runs>
            <runs>0 1 1 12 5 19 5</runs>
            <runs>0 1 1 12 5 19 4</runs>
            <runs>0 1 2 11 4 19 4</runs>
            <runs>3 32 4</runs>
            <runs>0 1 3 31 4</runs>
            <runs>0 1 3 30 5</runs>
            <runs>0 1 4 27 7</runs>
            <runs>0 1 5 25 8</runs>
            <runs>0 1 9 12 2 2 13</runs>
            <runs>0 2 11 4 20</runs>
            <runs>0 2 33</runs>
            <runs>0 3 30</runs>
            <runs>0 4 28</runs>
            <runs>0 6 25</runs>
            <runs>0 8 21</runs>
            <runs>0 10 17</runs>
            <runs>0 13 11</runs>
            <runs>0 14 6</runs>
            <runs>0 14 3</runs>
            <runs></runs>
            <runs></runs>
            <runs>0 6 3</runs>
            <runs>0 6 4</runs>
            <runs>0 5 6</runs>
            <runs>0 4 7 9 4</runs>
            <runs>0 5 5 8 6</runs>
            <runs>0 5 5 8 7</runs>
            <runs>0 6 3 5 11</runs>
            <runs>0 18 7</runs>
            <runs>0 19 5</runs>
            <runs>0 21 2</runs>
        </run-table>
    </sample>
</samples>
