<?xml version="1.0" encoding="UTF-8" standalone="yes"?>
<samples sheet-name="IMSLP00003#21">
    <sample shape="G_CLEF" interline="22" pitch="0.6" left="179" top="762" id="313">
        <run-table orientation="VERTICAL" width="53" height="153">
            <runs>0 83 15</runs>
            <runs>0 78 24</runs>
            <runs>0 71 33</runs>
            <runs>0 71 35</runs>
            <runs>0 71 36</runs>
            <runs>0 69 39</runs>
            <runs>0 68 41</runs>
            <runs>0 66 45</runs>
            <runs>0 64 22 13 13 26 5</runs>
            <runs>0 63 21 19 10 22 12</runs>
            <runs>0 61 20 25 7 20 15</runs>
            <runs>0 60 20 27 10 15 17</runs>
            <runs>0 59 19 31 9 14 18</runs>
            <runs>0 58 18 33 9 13 20</runs>
            <runs>0 57 18 16 2 17 8 13 20</runs>
            <runs>0 56 19 12 13 11 7 13 21</runs>
            <runs>0 55 19 11 17 10 2 16 22</runs>
            <runs>0 54 20 9 21 9 1 17 21</runs>
            <runs>0 49 25 8 24 7 1 17 21</runs>
            <runs>0 49 20 11 26 25 22</runs>
            <runs>0 26 10 13 19 11 17 8 3 24 22</runs>
            <runs>0 24 18 7 18 11 12 15 3 23 17 1 4</runs>
            <runs>0 21 45 11 11 44 15 2 4</runs>
            <runs>0 19 47 10 11 46 13 3 4</runs>
            <runs>0 16 50 9 11 48 10 5 4</runs>
            <runs>0 13 23 8 26 1 15 49 8 6 4</runs>
            <runs>0 12 21 12 41 63 4</runs>
            <runs>0 10 21 14 43 60 5</runs>
            <runs>0 9 17 18 17 5 1 1 23 57 5</runs>
            <runs>0 7 17 19 18 10 30 47 4</runs>
            <runs>0 6 17 19 18 11 37 39 5</runs>
            <runs>0 5 15 21 18 12 13 6 29 27 5</runs>
            <runs>0 3 15 22 17 14 13 9 33 1 1 17 5</runs>
            <runs>0 3 14 21 18 15 13 21 30 8 6</runs>
            <runs>0 2 13 22 18 16 13 25 39</runs>
            <runs>0 1 13 22 18 17 13 28 35</runs>
            <runs>0 1 12 21 19 18 13 29 7 4 21</runs>
            <runs>0 1 10 21 21 18 13 29 6 11 12</runs>
            <runs>11 17 25 18 14 27 7</runs>
            <runs>10 17 20 24 14 27 6</runs>
            <runs>0 1 9 14 22 25 15 25 7</runs>
            <runs>0 3 9 11 20 28 16 23 8</runs>
            <runs>0 5 35 35 13 21 9</runs>
            <runs>0 8 28 40 12 20 6</runs>
            <runs>0 12 21 44 13 16 7</runs>
            <runs>0 16 8 54 13 13 9</runs>
            <runs>0 79 17 1 1 4 10</runs>
            <runs>0 80 31</runs>
            <runs>0 81 28</runs>
            <runs>0 82 26</runs>
            <runs>0 83 23</runs>
            <runs>0 86 18</runs>
            <runs>0 89 11</runs>
        </run-table>
    </sample>
    <sample shape="F_CLEF" interline="22" pitch="-1.3" left="181" top="1000" id="323">
        <run-table orientation="VERTICAL" width="56" height="68">
            <runs>0 61 7</runs>
            <runs>0 61 6</runs>
            <runs>0 12 1 3 8 36 7</runs>
            <runs>0 9 16 35 7</runs>
            <runs>0 8 5 5 8 34 8</runs>
            <runs>0 6 6 6 9 33 8</runs>
            <runs>0 5 5 7 11 31 9</runs>
            <runs>0 4 4 9 11 31 9</runs>
            <runs>7 9 13 29 10</runs>
            <runs>0 16 13 29 5</runs>
            <runs>0 15 14 29 5</runs>
            <runs>0 15 14 28 6</runs>
            <runs>0 15 14 27 6</runs>
            <runs>0 15 14 27 6</runs>
            <runs>0 15 13 27 6</runs>
            <runs>0 15 13 26 7</runs>
            <runs>0 16 11 27 6</runs>
            <runs>0 17 8 28 7</runs>
            <runs>0 19 1 32 7</runs>
            <runs>0 51 8</runs>
            <runs>0 50 8</runs>
            <runs>0 49 9</runs>
            <runs>0 48 9</runs>
            <runs>0 47 9</runs>
            <runs>0 43 13</runs>
            <runs>0 43 12</runs>
            <runs>0 4 1 38 11</runs>
            <runs>0 4 2 35 12</runs>
            <runs>7 32 14</runs>
            <runs>8 28 16</runs>
            <runs>10 24 17</runs>
            <runs>12 20 18</runs>
            <runs>16 10 23</runs>
            <runs>48</runs>
            <runs>0 4 43</runs>
            <runs>0 4 42</runs>
            <runs>0 5 41</runs>
            <runs>0 6 40</runs>
            <runs>0 7 38</runs>
            <runs>0 8 37</runs>
            <runs>0 9 30</runs>
            <runs>0 11 25</runs>
            <runs>0 13 21</runs>
            <runs>0 14 19</runs>
            <runs></runs>
            <runs></runs>
            <runs></runs>
            <runs>0 11 4 15 5</runs>
            <runs>0 9 8 11 8</runs>
            <runs>0 9 8 11 9</runs>
            <runs>0 8 10 10 9</runs>
            <runs>0 9 9 12 8</runs>
            <runs>0 9 9 12 8</runs>
            <runs>0 10 8 12 7</runs>
            <runs>0 10 7 14 5</runs>
            <runs>0 11 5 16 2</runs>
        </run-table>
    </sample>
</samples>
