<?xml version="1.0" encoding="UTF-8" standalone="yes"?>
<samples sheet-name="IMSLP00080#7">
    <sample shape="C_CLEF" interline="15" left="294" top="2829" id="0">
        <run-table orientation="VERTICAL" width="38" height="65">
            <runs>0 44 20</runs>
            <runs>0 9 56</runs>
            <runs>0 2 63</runs>
            <runs>0 1 64</runs>
            <runs>65</runs>
            <runs>65</runs>
            <runs>0 1 64</runs>
            <runs>0 1 13 4 47</runs>
            <runs>0 1 14 3 47</runs>
            <runs>0 1 14 3 47</runs>
            <runs>0 1 12 17 12 11 12</runs>
            <runs>0 1 7 22 7 22 2</runs>
            <runs>0 30 7</runs>
            <runs>0 29 8</runs>
            <runs>0 28 10 16 5</runs>
            <runs>0 28 10 14 7</runs>
            <runs>0 27 12 12 8</runs>
            <runs>0 3 7 16 13 12 13</runs>
            <runs>0 3 9 13 15 11 13</runs>
            <runs>0 3 9 12 7 1 9 10 14</runs>
            <runs>0 2 10 12 17 10 13</runs>
            <runs>0 1 11 11 7 1 12 9 13</runs>
            <runs>0 1 10 12 7 1 12 10 12</runs>
            <runs>0 1 8 15 5 2 12</runs>
            <runs>0 1 2 21 5 2 12</runs>
            <runs>0 1 2 22 4 2 8</runs>
            <runs>0 1 2 23 4 1 7</runs>
            <runs>0 1 2 23 4 1 6</runs>
            <runs>0 1 2 23 4 1 6 21 2</runs>
            <runs>0 2 1 23 4 1 7 19 7</runs>
            <runs>0 25 5 1 8 17 8</runs>
            <runs>0 3 7 8 11 3 9 13 10</runs>
            <runs>0 3 25 4 32</runs>
            <runs>0 3 24 5 32</runs>
            <runs>0 3 23 11 27</runs>
            <runs>0 8 15 16 18</runs>
            <runs>0 10 11 19 15</runs>
            <runs>0 13 7 23 10</runs>
        </run-table>
    </sample>
    <sample shape="C_CLEF" interline="15" left="285" top="1124" id="0">
        <run-table orientation="VERTICAL" width="40" height="66">
            <runs>0 58 7</runs>
            <runs>0 45 19</runs>
            <runs>0 43 21</runs>
            <runs>0 30 35</runs>
            <runs>0 1 10 3 50</runs>
            <runs>0 1 64</runs>
            <runs>0 1 64</runs>
            <runs>65</runs>
            <runs>8 1 56</runs>
            <runs>0 1 7 2 55</runs>
            <runs>0 1 6 5 31</runs>
            <runs>0 1 39</runs>
            <runs>0 2 19 5 1 2 8</runs>
            <runs>0 1 19 9 8</runs>
            <runs>0 1 8 20 8</runs>
            <runs>0 29 9 17 10</runs>
            <runs>0 29 9 16 11</runs>
            <runs>0 28 11 13 13</runs>
            <runs>0 27 12 13 13</runs>
            <runs>0 2 9 15 14 12 13</runs>
            <runs>0 2 10 14 14 13 12</runs>
            <runs>0 2 10 13 16 12 13</runs>
            <runs>0 2 10 12 19 12 2</runs>
            <runs>0 2 10 11 8 1 12</runs>
            <runs>0 1 11 11 7 2 12</runs>
            <runs>0 1 10 13 6 3 7</runs>
            <runs>0 25 5 2 7</runs>
            <runs>0 26 4 1 8</runs>
            <runs>0 26 4 1 7</runs>
            <runs>0 27 11</runs>
            <runs>0 26 5 1 6</runs>
            <runs>0 26 5 1 7 19 7</runs>
            <runs>0 25 6 1 8 16 9</runs>
            <runs>0 24 6 2 11 10 12</runs>
            <runs>0 2 9 5 13 3 33</runs>
            <runs>0 2 27 8 28</runs>
            <runs>0 2 25 12 19</runs>
            <runs>0 2 24 14 17</runs>
            <runs>0 9 16 17 12</runs>
            <runs>0 12 9 23 7</runs>
        </run-table>
    </sample>
    <sample shape="F_CLEF" interline="15" pitch="-1.8" left="296" top="2957" id="920">
        <run-table orientation="VERTICAL" width="44" height="47">
            <runs>0 11 7</runs>
            <runs>0 8 11</runs>
            <runs>0 7 14</runs>
            <runs>0 6 16</runs>
            <runs>0 5 17</runs>
            <runs>0 1 22</runs>
            <runs>0 1 22</runs>
            <runs>0 1 22</runs>
            <runs>0 1 22</runs>
            <runs>23</runs>
            <runs>23</runs>
            <runs>0 7 16 18 1</runs>
            <runs>0 8 15 17 7</runs>
            <runs>0 9 13 17 8</runs>
            <runs>0 10 12 16 9</runs>
            <runs>0 12 8 17 6</runs>
            <runs>0 36 6</runs>
            <runs>0 30 11</runs>
            <runs>0 30 11</runs>
            <runs>0 29 11</runs>
            <runs>0 4 2 20 14</runs>
            <runs>8 15 16</runs>
            <runs>39</runs>
            <runs>37</runs>
            <runs>36</runs>
            <runs>0 1 34</runs>
            <runs>0 1 33</runs>
            <runs>0 1 33</runs>
            <runs>0 1 33</runs>
            <runs>0 1 33</runs>
            <runs>0 6 22</runs>
            <runs>0 7 20</runs>
            <runs>0 9 16</runs>
            <runs>0 11 11</runs>
            <runs></runs>
            <runs></runs>
            <runs>0 6 4 11 4</runs>
            <runs>0 4 8 8 7</runs>
            <runs>0 3 9 8 7</runs>
            <runs>0 3 9 8 7</runs>
            <runs>0 3 9 8 7</runs>
            <runs>0 4 7 10 6</runs>
            <runs>0 5 5 12 5</runs>
            <runs>0 7 2 14 1</runs>
        </run-table>
    </sample>
</samples>
