<?xml version="1.0" encoding="UTF-8"?>
<stick id="3637" interline="22" shape="FORTE">
    <is-within-system>true</is-within-system>
    <has-ledger>false</has-ledger>
    <stem-number>0</stem-number>
    <step-line>8.781609195402298</step-line>
    <moments>
        <k>0.8202479338842975</k>
        <k>1.7727272727272727</k>
        <k>2.090909090909091</k>
        <k>0.2111446185905364</k>
        <k>-0.2810789951404306</k>
        <k>0.4570271810450542</k>
        <k>-4.91953634986509E-4</k>
        <k>-0.008246929842094478</k>
        <k>0.022036174846451352</k>
        <k>-0.04397573498488587</k>
        <k>0.6681717996355906</k>
        <k>0.3764798405558167</k>
        <k>0.004805606819846226</k>
        <k>0.003191360189239662</k>
        <k>1.2414201855363621E-5</k>
        <k>0.001821409468791394</k>
        <k>1.444187355918662E-6</k>
        <k>415.54911838790935</k>
        <k>419.77329974811084</k>
    </moments><members>
    <section id="1188" first-pos="397">
        <run start="434" length="3" level="126"/>
        <run start="433" length="6" level="75"/>
        <run start="432" length="8" level="29"/>
        <run start="432" length="9" level="29"/>
        <run start="432" length="9" level="12"/>
        <run start="432" length="10" level="26"/>
        <run start="432" length="10" level="46"/>
        <run start="433" length="8" level="101"/>
        <run start="436" length="5" level="19"/>
        <run start="436" length="5" level="5"/>
        <run start="435" length="6" level="42"/>
        <run start="433" length="7" level="44"/>
        <run start="431" length="8" level="38"/>
        <run start="427" length="11" level="19"/>
        <run start="424" length="14" level="36"/>
        <run start="421" length="15" level="20"/>
        <run start="417" length="18" level="16"/>
        <run start="415" length="19" level="23"/>
        <run start="414" length="18" level="13"/>
    </section>
    <section id="1226" first-pos="416">
        <run start="410" length="21" level="21"/>
        <run start="409" length="20" level="22"/>
        <run start="407" length="20" level="23"/>
        <run start="406" length="19" level="37"/>
        <run start="403" length="16" level="16"/>
        <run start="401" length="15" level="16"/>
        <run start="400" length="13" level="19"/>
    </section>
    <section id="1220" first-pos="413">
        <run start="411" length="1" level="7"/>
        <run start="411" length="1" level="3"/>
        <run start="411" length="1" level="1"/>
    </section>
    <section id="1227" first-pos="423">
        <run start="399" length="9" level="30"/>
        <run start="399" length="6" level="10"/>
        <run start="398" length="5" level="55"/>
        <run start="398" length="3" level="18"/>
        <run start="397" length="3" level="76"/>
        <run start="396" length="4" level="71"/>
        <run start="396" length="3" level="86"/>
    </section>
    <section id="1236" first-pos="430">
        <run start="396" length="8" level="65"/>
        <run start="397" length="8" level="36"/>
        <run start="398" length="7" level="37"/>
        <run start="398" length="7" level="43"/>
        <run start="399" length="5" level="65"/>
        <run start="401" length="2" level="138"/>
    </section>
    <section id="1235" first-pos="429">
        <run start="401" length="3" level="79"/>
    </section>
    <section id="1228" first-pos="423">
        <run start="411" length="1" level="20"/>
        <run start="411" length="1" level="23"/>
        <run start="411" length="1" level="25"/>
        <run start="411" length="1" level="28"/>
        <run start="410" length="2" level="128"/>
        <run start="410" length="2" level="128"/>
    </section>
</members></stick>
