<?xml version="1.0" encoding="UTF-8"?>
<stick id="6581" interline="22" shape="FORTE">
    <is-within-system>true</is-within-system>
    <has-ledger>false</has-ledger>
    <stem-number>0</stem-number>
    <step-line>9.60919540229885</step-line>
    <moments>
        <k>0.7665289256198347</k>
        <k>1.5</k>
        <k>2.0</k>
        <k>0.1481347301961034</k>
        <k>-0.20374972111421302</k>
        <k>0.3784632826703306</k>
        <k>-0.024287016419330013</k>
        <k>0.01377231470628208</k>
        <k>0.004786579290712471</k>
        <k>-0.03721989430543049</k>
        <k>0.526598012866434</k>
        <k>0.21910703750135116</k>
        <k>0.007661606606946004</k>
        <k>9.300560372655661E-4</k>
        <k>-2.044778155864957E-6</k>
        <k>-3.3360275889236866E-4</k>
        <k>1.4080707591405779E-6</k>
        <k>623.3800539083558</k>
        <k>1601.7681940700809</k>
    </moments><members>
    <section id="1638" first-pos="607">
        <run start="1613" length="5" level="175"/>
        <run start="1612" length="7" level="52"/>
        <run start="1612" length="8" level="25"/>
        <run start="1612" length="9" level="29"/>
        <run start="1612" length="9" level="40"/>
    </section>
    <section id="1667" first-pos="612">
        <run start="1612" length="6" level="59"/>
        <run start="1613" length="4" level="91"/>
    </section>
    <section id="1668" first-pos="612">
        <run start="1619" length="3" level="86"/>
        <run start="1618" length="4" level="109"/>
        <run start="1618" length="4" level="65"/>
        <run start="1617" length="5" level="87"/>
        <run start="1616" length="5" level="54"/>
        <run start="1614" length="6" level="62"/>
        <run start="1611" length="9" level="65"/>
        <run start="1608" length="11" level="52"/>
        <run start="1604" length="14" level="49"/>
        <run start="1601" length="16" level="33"/>
        <run start="1598" length="18" level="28"/>
        <run start="1595" length="20" level="29"/>
    </section>
    <section id="1729" first-pos="624">
        <run start="1591" length="22" level="21"/>
        <run start="1591" length="21" level="10"/>
        <run start="1590" length="20" level="17"/>
        <run start="1588" length="20" level="22"/>
        <run start="1586" length="20" level="28"/>
        <run start="1584" length="19" level="30"/>
        <run start="1583" length="17" level="29"/>
        <run start="1582" length="15" level="43"/>
        <run start="1581" length="12" level="33"/>
    </section>
    <section id="1706" first-pos="618">
        <run start="1591" length="1" level="125"/>
        <run start="1591" length="1" level="20"/>
        <run start="1591" length="1" level="18"/>
        <run start="1591" length="1" level="150"/>
        <run start="1591" length="1" level="120"/>
        <run start="1591" length="1" level="10"/>
    </section>
    <section id="1753" first-pos="633">
        <run start="1580" length="10" level="71"/>
        <run start="1579" length="7" level="60"/>
        <run start="1578" length="6" level="71"/>
        <run start="1578" length="4" level="91"/>
        <run start="1578" length="2" level="178"/>
    </section>
    <section id="1754" first-pos="633">
        <run start="1591" length="1" level="15"/>
        <run start="1591" length="1" level="18"/>
        <run start="1591" length="1" level="20"/>
        <run start="1591" length="1" level="23"/>
        <run start="1591" length="1" level="25"/>
        <run start="1591" length="1" level="28"/>
        <run start="1591" length="1" level="156"/>
    </section>
</members></stick>
