<?xml version="1.0" encoding="UTF-8"?>
<stick id="554" interline="22" shape="G_CLEF">
    <is-within-system>true</is-within-system>
    <has-ledger>false</has-ledger>
    <stem-number>0</stem-number>
    <step-line>0.3218390804597701</step-line>
    <moments>
        <k>6.2272727272727275</k>
        <k>2.8181818181818183</k>
        <k>7.5</k>
        <k>0.06446180847712157</k>
        <k>0.023002804439085166</k>
        <k>0.5836441818300673</k>
        <k>8.888029923715997E-4</k>
        <k>0.011807127085054887</k>
        <k>0.017958214987197213</k>
        <k>-0.02866612429481726</k>
        <k>0.6481059903071889</k>
        <k>0.2716668528486487</k>
        <k>0.006914707816806124</k>
        <k>6.394358736409655E-4</k>
        <k>-3.474859905206764E-7</k>
        <k>-6.608960935783952E-5</k>
        <k>-1.2988893760483882E-6</k>
        <k>149.10351692103518</k>
        <k>1501.0769741207698</k>
    </moments><members>
    <section id="236" first-pos="120">
        <run start="1498" length="1" level="200"/>
    </section>
    <section id="243" first-pos="121">
        <run start="1497" length="23" level="99"/>
        <run start="1495" length="27" level="71"/>
        <run start="1493" length="31" level="73"/>
        <run start="1491" length="35" level="65"/>
        <run start="1489" length="38" level="55"/>
        <run start="1487" length="42" level="54"/>
        <run start="1486" length="44" level="61"/>
    </section>
    <section id="237" first-pos="120">
        <run start="1504" length="10" level="158"/>
    </section>
    <section id="238" first-pos="120">
        <run start="1518" length="1" level="200"/>
    </section>
    <section id="263" first-pos="128">
        <run start="1484" length="25" level="54"/>
        <run start="1482" length="24" level="62"/>
        <run start="1480" length="23" level="64"/>
        <run start="1479" length="22" level="57"/>
        <run start="1478" length="21" level="37"/>
        <run start="1476" length="23" level="44"/>
        <run start="1475" length="24" level="62"/>
    </section>
    <section id="276" first-pos="135">
        <run start="1474" length="20" level="51"/>
        <run start="1473" length="20" level="61"/>
        <run start="1471" length="21" level="78"/>
        <run start="1470" length="20" level="74"/>
        <run start="1469" length="20" level="74"/>
        <run start="1468" length="20" level="74"/>
        <run start="1467" length="20" level="74"/>
    </section>
    <section id="330" first-pos="142">
        <run start="1453" length="33" level="66"/>
        <run start="1456" length="29" level="57"/>
        <run start="1458" length="26" level="65"/>
        <run start="1461" length="23" level="61"/>
        <run start="1461" length="23" level="59"/>
        <run start="1460" length="25" level="56"/>
        <run start="1460" length="28" level="56"/>
    </section>
    <section id="321" first-pos="141">
        <run start="1425" length="36" level="44"/>
    </section>
    <section id="310" first-pos="140">
        <run start="1427" length="30" level="57"/>
    </section>
    <section id="305" first-pos="139">
        <run start="1430" length="24" level="62"/>
    </section>
    <section id="328" first-pos="142">
        <run start="1423" length="26" level="18"/>
    </section>
    <section id="336" first-pos="143">
        <run start="1421" length="20" level="24"/>
        <run start="1420" length="18" level="15"/>
        <run start="1419" length="17" level="16"/>
        <run start="1417" length="17" level="28"/>
        <run start="1416" length="16" level="16"/>
        <run start="1415" length="16" level="19"/>
        <run start="1415" length="15" level="18"/>
        <run start="1415" length="15" level="20"/>
        <run start="1415" length="14" level="24"/>
        <run start="1416" length="13" level="26"/>
        <run start="1417" length="12" level="28"/>
        <run start="1418" length="11" level="35"/>
        <run start="1420" length="9" level="34"/>
        <run start="1421" length="9" level="40"/>
        <run start="1423" length="10" level="79"/>
        <run start="1425" length="9" level="38"/>
    </section>
    <section id="423" first-pos="159">
        <run start="1427" length="35" level="46"/>
    </section>
    <section id="386" first-pos="151">
        <run start="1456" length="20" level="33"/>
        <run start="1454" length="22" level="46"/>
        <run start="1453" length="23" level="56"/>
        <run start="1451" length="23" level="74"/>
        <run start="1449" length="22" level="76"/>
        <run start="1447" length="22" level="68"/>
        <run start="1445" length="23" level="82"/>
        <run start="1441" length="23" level="63"/>
    </section>
    <section id="377" first-pos="149">
        <run start="1458" length="34" level="53"/>
        <run start="1457" length="38" level="73"/>
    </section>
    <section id="387" first-pos="151">
        <run start="1484" length="24" level="87"/>
        <run start="1488" length="20" level="95"/>
        <run start="1491" length="17" level="102"/>
        <run start="1493" length="16" level="101"/>
        <run start="1493" length="20" level="109"/>
    </section>
    <section id="351" first-pos="145">
        <run start="1496" length="19" level="56"/>
        <run start="1496" length="17" level="64"/>
        <run start="1496" length="15" level="66"/>
        <run start="1496" length="14" level="71"/>
        <run start="1496" length="13" level="70"/>
        <run start="1496" length="13" level="77"/>
    </section>
    <section id="311" first-pos="140">
        <run start="1505" length="17" level="98"/>
        <run start="1504" length="20" level="80"/>
        <run start="1502" length="23" level="68"/>
        <run start="1500" length="26" level="61"/>
        <run start="1497" length="30" level="69"/>
    </section>
    <section id="306" first-pos="139">
        <run start="1509" length="11" level="110"/>
    </section>
    <section id="296" first-pos="138">
        <run start="1513" length="6" level="174"/>
    </section>
    <section id="352" first-pos="145">
        <run start="1516" length="1" level="196"/>
    </section>
    <section id="353" first-pos="145">
        <run start="1521" length="7" level="102"/>
        <run start="1524" length="5" level="104"/>
        <run start="1525" length="4" level="78"/>
        <run start="1526" length="4" level="129"/>
        <run start="1527" length="3" level="103"/>
        <run start="1528" length="2" level="128"/>
        <run start="1528" length="2" level="152"/>
    </section>
    <section id="410" first-pos="156">
        <run start="1494" length="25" level="95"/>
        <run start="1496" length="24" level="59"/>
        <run start="1496" length="27" level="96"/>
    </section>
    <section id="424" first-pos="159">
        <run start="1496" length="11" level="84"/>
        <run start="1496" length="11" level="85"/>
        <run start="1496" length="11" level="85"/>
        <run start="1496" length="11" level="85"/>
        <run start="1496" length="11" level="85"/>
        <run start="1496" length="11" level="85"/>
        <run start="1496" length="11" level="86"/>
        <run start="1496" length="12" level="92"/>
        <run start="1496" length="13" level="85"/>
        <run start="1496" length="13" level="73"/>
        <run start="1496" length="14" level="79"/>
        <run start="1496" length="16" level="80"/>
        <run start="1496" length="17" level="66"/>
    </section>
    <section id="502" first-pos="172">
        <run start="1497" length="22" level="82"/>
        <run start="1499" length="20" level="31"/>
    </section>
    <section id="514" first-pos="174">
        <run start="1500" length="32" level="41"/>
        <run start="1502" length="29" level="44"/>
        <run start="1503" length="26" level="54"/>
        <run start="1505" length="22" level="63"/>
        <run start="1507" length="18" level="82"/>
    </section>
    <section id="456" first-pos="164">
        <run start="1532" length="8" level="71"/>
        <run start="1533" length="6" level="60"/>
        <run start="1534" length="5" level="67"/>
        <run start="1534" length="4" level="68"/>
        <run start="1533" length="4" level="68"/>
        <run start="1532" length="4" level="60"/>
        <run start="1531" length="5" level="55"/>
        <run start="1528" length="7" level="102"/>
        <run start="1525" length="9" level="101"/>
        <run start="1520" length="13" level="91"/>
    </section>
    <section id="440" first-pos="161">
        <run start="1521" length="20" level="86"/>
        <run start="1524" length="18" level="61"/>
        <run start="1527" length="16" level="85"/>
    </section>
    <section id="425" first-pos="159">
        <run start="1512" length="15" level="144"/>
        <run start="1516" length="16" level="120"/>
    </section>
    <section id="417" first-pos="158">
        <run start="1539" length="2" level="200"/>
        <run start="1537" length="4" level="184"/>
        <run start="1537" length="4" level="180"/>
    </section>
    <section id="457" first-pos="164">
        <run start="1541" length="4" level="182"/>
        <run start="1541" length="6" level="123"/>
        <run start="1541" length="10" level="75"/>
        <run start="1543" length="12" level="34"/>
    </section>
    <section id="480" first-pos="168">
        <run start="1546" length="27" level="24"/>
    </section>
    <section id="379" first-pos="149">
        <run start="1575" length="4" level="54"/>
        <run start="1575" length="4" level="65"/>
        <run start="1576" length="4" level="73"/>
        <run start="1576" length="4" level="65"/>
        <run start="1576" length="4" level="109"/>
        <run start="1576" length="3" level="86"/>
        <run start="1576" length="3" level="86"/>
        <run start="1576" length="3" level="86"/>
        <run start="1576" length="3" level="86"/>
        <run start="1576" length="3" level="86"/>
        <run start="1575" length="4" level="82"/>
        <run start="1574" length="5" level="101"/>
        <run start="1574" length="4" level="65"/>
        <run start="1573" length="5" level="65"/>
        <run start="1573" length="5" level="89"/>
        <run start="1572" length="5" level="101"/>
        <run start="1571" length="5" level="64"/>
        <run start="1569" length="7" level="80"/>
        <run start="1567" length="8" level="69"/>
    </section>
    <section id="297" first-pos="138">
        <run start="1560" length="11" level="63"/>
        <run start="1559" length="14" level="30"/>
        <run start="1557" length="17" level="23"/>
        <run start="1556" length="19" level="19"/>
        <run start="1556" length="20" level="17"/>
        <run start="1555" length="22" level="17"/>
        <run start="1555" length="23" level="15"/>
        <run start="1554" length="24" level="12"/>
        <run start="1554" length="24" level="12"/>
        <run start="1555" length="24" level="14"/>
        <run start="1555" length="24" level="19"/>
    </section>
    <section id="378" first-pos="149">
        <run start="1555" length="19" level="25"/>
        <run start="1555" length="18" level="15"/>
        <run start="1556" length="17" level="27"/>
        <run start="1556" length="16" level="17"/>
        <run start="1557" length="15" level="30"/>
        <run start="1559" length="12" level="38"/>
        <run start="1560" length="10" level="66"/>
        <run start="1561" length="6" level="217"/>
    </section>
    <section id="486" first-pos="169">
        <run start="1550" length="22" level="20"/>
    </section>
    <section id="491" first-pos="170">
        <run start="1554" length="16" level="15"/>
    </section>
    <section id="495" first-pos="171">
        <run start="1558" length="11" level="58"/>
        <run start="1559" length="7" level="220"/>
    </section>
    <section id="530" first-pos="179">
        <run start="1510" length="13" level="130"/>
    </section>
    <section id="533" first-pos="180">
        <run start="1518" length="4" level="199"/>
        <run start="1518" length="2" level="200"/>
    </section>
    <section id="433" first-pos="160">
        <run start="1430" length="30" level="53"/>
    </section>
    <section id="439" first-pos="161">
        <run start="1434" length="24" level="70"/>
    </section>
    <section id="444" first-pos="162">
        <run start="1439" length="8" level="37"/>
    </section>
    <section id="445" first-pos="162">
        <run start="1453" length="3" level="200"/>
    </section>
    <section id="329" first-pos="142">
        <run start="1450" length="2" level="184"/>
    </section>
    <section id="277" first-pos="135">
        <run start="1495" length="4" level="199"/>
        <run start="1495" length="1" level="224"/>
    </section>
    <section id="264" first-pos="128">
        <run start="1516" length="3" level="208"/>
    </section>
    <section id="265" first-pos="128">
        <run start="1520" length="11" level="64"/>
        <run start="1524" length="9" level="89"/>
        <run start="1526" length="8" level="66"/>
        <run start="1527" length="7" level="51"/>
        <run start="1529" length="5" level="59"/>
        <run start="1530" length="5" level="59"/>
        <run start="1531" length="5" level="58"/>
        <run start="1532" length="5" level="59"/>
        <run start="1533" length="4" level="71"/>
        <run start="1534" length="4" level="65"/>
        <run start="1534" length="5" level="97"/>
        <run start="1535" length="4" level="97"/>
        <run start="1535" length="5" level="123"/>
        <run start="1536" length="4" level="145"/>
        <run start="1536" length="5" level="161"/>
        <run start="1537" length="4" level="194"/>
        <run start="1537" length="4" level="193"/>
        <run start="1537" length="4" level="195"/>
        <run start="1538" length="3" level="200"/>
        <run start="1539" length="2" level="200"/>
        <run start="1539" length="2" level="200"/>
        <run start="1540" length="1" level="200"/>
        <run start="1540" length="1" level="200"/>
    </section>
</members></stick>
