<?xml version="1.0" encoding="UTF-8"?>
<stick id="5965" interline="21" shape="GRACE_NOTE_SLASH">
    <is-within-system>true</is-within-system>
    <has-ledger>false</has-ledger>
    <stem-number>0</stem-number>
    <step-line>-1.8352941176470587</step-line>
    <moments>
        <k>1.1950113378684808</k>
        <k>1.7142857142857142</k>
        <k>2.5714285714285716</k>
        <k>0.11597979527406131</k>
        <k>-0.15377783906216352</k>
        <k>0.45958232542674377</k>
        <k>0.02321197452563888</k>
        <k>-0.012024099529078592</k>
        <k>-0.021855767291522703</k>
        <k>0.05089177553210907</k>
        <k>0.575562120700805</k>
        <k>0.21265319387383969</k>
        <k>0.015444510105579252</k>
        <k>0.0015125355359384206</k>
        <k>4.542184401096735E-6</k>
        <k>4.860229289070785E-4</k>
        <k>5.7281383822493385E-6</k>
        <k>1836.53889943074</k>
        <k>886.7836812144212</k>
    </moments><members>
    <section id="3938" first-pos="1823">
        <run start="907" length="2" level="200"/>
    </section>
    <section id="3948" first-pos="1824">
        <run start="905" length="7" level="166"/>
        <run start="903" length="11" level="114"/>
        <run start="901" length="13" level="97"/>
        <run start="900" length="15" level="85"/>
        <run start="899" length="16" level="79"/>
        <run start="899" length="16" level="67"/>
        <run start="898" length="17" level="76"/>
        <run start="898" length="16" level="67"/>
        <run start="898" length="16" level="68"/>
        <run start="898" length="15" level="74"/>
    </section>
    <section id="3988" first-pos="1834">
        <run start="861" length="50" level="132"/>
        <run start="861" length="48" level="44"/>
    </section>
    <section id="3956" first-pos="1825">
        <run start="886" length="4" level="189"/>
        <run start="886" length="5" level="113"/>
        <run start="886" length="5" level="114"/>
        <run start="886" length="5" level="144"/>
        <run start="885" length="4" level="193"/>
        <run start="884" length="5" level="194"/>
        <run start="883" length="6" level="174"/>
        <run start="883" length="4" level="120"/>
        <run start="881" length="6" level="133"/>
    </section>
    <section id="3991" first-pos="1836">
        <run start="861" length="24" level="80"/>
    </section>
    <section id="3995" first-pos="1837">
        <run start="861" length="11" level="119"/>
        <run start="865" length="7" level="85"/>
        <run start="866" length="6" level="51"/>
        <run start="866" length="7" level="62"/>
        <run start="867" length="6" level="49"/>
    </section>
    <section id="4005" first-pos="1842">
        <run start="868" length="10" level="67"/>
        <run start="869" length="9" level="55"/>
        <run start="870" length="7" level="37"/>
        <run start="870" length="8" level="55"/>
        <run start="871" length="9" level="37"/>
    </section>
    <section id="3996" first-pos="1837">
        <run start="878" length="5" level="71"/>
        <run start="877" length="5" level="101"/>
        <run start="877" length="4" level="89"/>
        <run start="876" length="4" level="127"/>
        <run start="875" length="4" level="127"/>
    </section>
    <section id="4019" first-pos="1847">
        <run start="870" length="21" level="112"/>
    </section>
    <section id="4021" first-pos="1848">
        <run start="869" length="4" level="68"/>
        <run start="868" length="4" level="67"/>
        <run start="867" length="4" level="67"/>
        <run start="866" length="4" level="82"/>
        <run start="865" length="4" level="101"/>
        <run start="864" length="5" level="143"/>
        <run start="864" length="4" level="183"/>
        <run start="864" length="3" level="200"/>
        <run start="864" length="3" level="200"/>
        <run start="864" length="2" level="200"/>
        <run start="864" length="1" level="200"/>
    </section>
    <section id="4022" first-pos="1848">
        <run start="875" length="16" level="71"/>
        <run start="877" length="13" level="123"/>
    </section>
    <section id="4032" first-pos="1850">
        <run start="884" length="3" level="170"/>
    </section>
    <section id="3992" first-pos="1836">
        <run start="886" length="21" level="77"/>
    </section>
    <section id="3997" first-pos="1837">
        <run start="886" length="3" level="204"/>
    </section>
</members></stick>
