<?xml version="1.0" encoding="UTF-8"?>
<stick id="587" interline="22" shape="MEZZO">
    <is-within-system>true</is-within-system>
    <has-ledger>false</has-ledger>
    <stem-number>0</stem-number>
    <step-line>9.057471264367816</step-line>
    <moments>
        <k>1.037190082644628</k>
        <k>1.4090909090909092</k>
        <k>1.0454545454545454</k>
        <k>0.15774150426120453</k>
        <k>-0.0038343633450199474</k>
        <k>0.07707144628261384</k>
        <k>0.0024981150091548474</k>
        <k>0.002708155567135135</k>
        <k>-8.343338292770791E-4</k>
        <k>0.0015017141848670272</k>
        <k>0.23481295054381837</k>
        <k>0.006566467623315715</k>
        <k>6.88720171117418E-5</k>
        <k>2.0491171143338207E-5</k>
        <k>-6.819699817892928E-10</k>
        <k>-1.3138356043525237E-6</k>
        <k>-3.570597952110023E-10</k>
        <k>597.9681274900398</k>
        <k>1596.4203187250996</k>
    </moments><members>
    <section id="1605" first-pos="583">
        <run start="1590" length="4" level="149"/>
        <run start="1589" length="5" level="101"/>
        <run start="1587" length="6" level="126"/>
        <run start="1587" length="4" level="101"/>
    </section>
    <section id="1609" first-pos="587">
        <run start="1586" length="22" level="49"/>
        <run start="1586" length="22" level="22"/>
        <run start="1586" length="21" level="36"/>
        <run start="1587" length="17" level="37"/>
        <run start="1587" length="14" level="46"/>
        <run start="1587" length="11" level="74"/>
        <run start="1588" length="7" level="77"/>
        <run start="1587" length="6" level="108"/>
        <run start="1587" length="4" level="102"/>
        <run start="1587" length="3" level="86"/>
    </section>
    <section id="1606" first-pos="583">
        <run start="1603" length="5" level="168"/>
        <run start="1600" length="8" level="84"/>
        <run start="1597" length="11" level="59"/>
        <run start="1594" length="14" level="45"/>
    </section>
    <section id="1624" first-pos="597">
        <run start="1586" length="22" level="49"/>
        <run start="1586" length="22" level="29"/>
        <run start="1587" length="20" level="30"/>
        <run start="1587" length="17" level="37"/>
        <run start="1587" length="14" level="57"/>
        <run start="1588" length="10" level="81"/>
        <run start="1588" length="6" level="69"/>
        <run start="1587" length="5" level="84"/>
        <run start="1587" length="3" level="58"/>
        <run start="1587" length="3" level="86"/>
        <run start="1586" length="5" level="93"/>
    </section>
    <section id="1615" first-pos="592">
        <run start="1605" length="2" level="202"/>
        <run start="1602" length="6" level="139"/>
        <run start="1600" length="8" level="67"/>
        <run start="1597" length="11" level="59"/>
        <run start="1594" length="14" level="45"/>
    </section>
    <section id="1641" first-pos="608">
        <run start="1586" length="22" level="19"/>
        <run start="1586" length="23" level="19"/>
        <run start="1587" length="21" level="24"/>
    </section>
    <section id="1637" first-pos="606">
        <run start="1594" length="13" level="52"/>
        <run start="1592" length="16" level="31"/>
    </section>
    <section id="1633" first-pos="604">
        <run start="1600" length="5" level="145"/>
        <run start="1598" length="8" level="55"/>
    </section>
    <section id="1661" first-pos="611">
        <run start="1587" length="14" level="40"/>
        <run start="1588" length="10" level="57"/>
        <run start="1589" length="6" level="145"/>
    </section>
    <section id="1662" first-pos="611">
        <run start="1603" length="5" level="80"/>
        <run start="1603" length="4" level="33"/>
        <run start="1603" length="3" level="118"/>
    </section>
</members></stick>
