<?xml version="1.0" encoding="UTF-8"?>
<stick id="395" interline="22" shape="NATURAL">
    <is-within-system>true</is-within-system>
    <has-ledger>false</has-ledger>
    <stem-number>0</stem-number>
    <step-line>0.9655172413793104</step-line>
    <moments>
        <k>0.9462809917355371</k>
        <k>0.7727272727272727</k>
        <k>3.0454545454545454</k>
        <k>0.06466705898389948</k>
        <k>0.048098282877934224</k>
        <k>0.4087377380393971</k>
        <k>8.08313746134592E-4</k>
        <k>5.98861582826434E-4</k>
        <k>-0.0019871265467486274</k>
        <k>-0.016153480817224522</k>
        <k>0.4734047970232966</k>
        <k>0.1276384114489344</k>
        <k>3.680336023586697E-4</k>
        <k>2.4333577914599847E-4</k>
        <k>7.217022311267867E-8</k>
        <k>8.629618323183962E-5</k>
        <k>-9.7087880922998E-9</k>
        <k>1068.6113537117903</k>
        <k>335.4061135371179</k>
    </moments><members>
    <section id="2483" first-pos="1061">
        <run start="302" length="4" level="168"/>
    </section>
    <section id="2487" first-pos="1062">
        <run start="302" length="24" level="60"/>
    </section>
    <section id="2484" first-pos="1061">
        <run start="314" length="5" level="120"/>
    </section>
    <section id="2485" first-pos="1061">
        <run start="320" length="6" level="148"/>
    </section>
    <section id="2488" first-pos="1063">
        <run start="302" length="4" level="168"/>
    </section>
    <section id="2489" first-pos="1063">
        <run start="316" length="10" level="207"/>
    </section>
    <section id="2490" first-pos="1064">
        <run start="322" length="10" level="145"/>
        <run start="321" length="10" level="130"/>
        <run start="321" length="10" level="145"/>
        <run start="320" length="10" level="130"/>
        <run start="320" length="10" level="126"/>
        <run start="320" length="10" level="145"/>
        <run start="320" length="9" level="140"/>
        <run start="320" length="9" level="140"/>
        <run start="319" length="10" level="142"/>
        <run start="319" length="9" level="129"/>
        <run start="319" length="8" level="120"/>
    </section>
    <section id="2486" first-pos="1061">
        <run start="328" length="25" level="106"/>
        <run start="327" length="26" level="42"/>
        <run start="327" length="26" level="122"/>
    </section>
    <section id="2491" first-pos="1064">
        <run start="343" length="10" level="120"/>
        <run start="342" length="10" level="116"/>
        <run start="342" length="10" level="106"/>
        <run start="342" length="10" level="106"/>
        <run start="341" length="11" level="117"/>
        <run start="341" length="10" level="106"/>
        <run start="341" length="10" level="120"/>
        <run start="341" length="9" level="118"/>
        <run start="340" length="10" level="115"/>
        <run start="340" length="10" level="115"/>
        <run start="339" length="11" level="111"/>
    </section>
    <section id="2492" first-pos="1075">
        <run start="319" length="50" level="111"/>
        <run start="320" length="49" level="138"/>
    </section>
    <section id="2493" first-pos="1077">
        <run start="325" length="10" level="195"/>
    </section>
    <section id="2494" first-pos="1077">
        <run start="344" length="3" level="205"/>
    </section>
</members></stick>
