<?xml version="1.0" encoding="UTF-8"?>
<stick id="679" interline="22" shape="PIANO">
    <is-within-system>true</is-within-system>
    <has-ledger>false</has-ledger>
    <stem-number>0</stem-number>
    <step-line>15.67816091954023</step-line>
    <moments>
        <k>0.9028925619834711</k>
        <k>1.5</k>
        <k>1.5909090909090908</k>
        <k>0.1717930832652306</k>
        <k>-0.09696890552869035</k>
        <k>0.2018038965985024</k>
        <k>0.025994035747282887</k>
        <k>0.012386402949593731</k>
        <k>-0.033816813380946</k>
        <k>0.017442737173237022</k>
        <k>0.37359697986373297</k>
        <k>0.03851252347465278</k>
        <k>0.016630833690240134</k>
        <k>9.509734503732113E-4</k>
        <k>2.1849054597532736E-6</k>
        <k>1.1537592038613796E-4</k>
        <k>3.0868959494998516E-6</k>
        <k>664.4851258581235</k>
        <k>2497.453089244851</k>
    </moments><members>
    <section id="1779" first-pos="649">
        <run start="2515" length="2" level="114"/>
        <run start="2512" length="5" level="90"/>
        <run start="2510" length="7" level="63"/>
        <run start="2508" length="9" level="48"/>
        <run start="2506" length="11" level="39"/>
        <run start="2504" length="13" level="32"/>
        <run start="2501" length="16" level="30"/>
        <run start="2499" length="18" level="22"/>
        <run start="2497" length="20" level="51"/>
        <run start="2495" length="18" level="49"/>
        <run start="2493" length="17" level="42"/>
        <run start="2491" length="17" level="52"/>
        <run start="2488" length="17" level="44"/>
    </section>
    <section id="1785" first-pos="662">
        <run start="2482" length="21" level="43"/>
        <run start="2482" length="18" level="15"/>
        <run start="2483" length="19" level="20"/>
        <run start="2483" length="20" level="77"/>
    </section>
    <section id="1783" first-pos="655">
        <run start="2487" length="2" level="144"/>
        <run start="2485" length="4" level="79"/>
        <run start="2484" length="4" level="125"/>
        <run start="2484" length="2" level="125"/>
        <run start="2483" length="3" level="93"/>
        <run start="2483" length="3" level="86"/>
        <run start="2482" length="5" level="61"/>
    </section>
    <section id="1789" first-pos="666">
        <run start="2484" length="10" level="67"/>
        <run start="2485" length="6" level="75"/>
        <run start="2485" length="4" level="117"/>
        <run start="2484" length="3" level="91"/>
        <run start="2483" length="3" level="90"/>
        <run start="2483" length="2" level="124"/>
        <run start="2483" length="2" level="128"/>
        <run start="2483" length="2" level="128"/>
        <run start="2483" length="3" level="94"/>
        <run start="2483" length="3" level="86"/>
        <run start="2483" length="4" level="71"/>
    </section>
    <section id="1810" first-pos="677">
        <run start="2484" length="18" level="42"/>
        <run start="2484" length="17" level="27"/>
        <run start="2485" length="15" level="43"/>
        <run start="2487" length="11" level="78"/>
    </section>
    <section id="1790" first-pos="666">
        <run start="2500" length="4" level="119"/>
        <run start="2501" length="4" level="82"/>
        <run start="2501" length="4" level="65"/>
        <run start="2502" length="3" level="72"/>
        <run start="2501" length="4" level="81"/>
        <run start="2501" length="4" level="65"/>
        <run start="2500" length="5" level="65"/>
        <run start="2499" length="6" level="84"/>
        <run start="2498" length="6" level="53"/>
        <run start="2496" length="8" level="70"/>
        <run start="2494" length="9" level="61"/>
    </section>
    <section id="1811" first-pos="681">
        <run start="2488" length="6" level="217"/>
    </section>
</members></stick>
