<?xml version="1.0" encoding="UTF-8"?>
<stick id="6674" interline="22" shape="VOID_NOTEHEAD">
    <is-within-system>true</is-within-system>
    <has-ledger>false</has-ledger>
    <stem-number>1</stem-number>
    <step-line>-0.8735632183908046</step-line>
    <moments>
        <k>0.5371900826446281</k>
        <k>1.1818181818181819</k>
        <k>1.0</k>
        <k>0.22154363905325397</k>
        <k>0.005847633136094603</k>
        <k>0.17698247610377846</k>
        <k>0.024113852380408942</k>
        <k>0.009068325809062328</k>
        <k>0.0066252642550312804</k>
        <k>-0.02533464325273063</k>
        <k>0.3985261151570324</k>
        <k>0.002122476496587116</k>
        <k>0.002778372890492592</k>
        <k>0.0012094863747053853</k>
        <k>-2.1767771131982594E-6</k>
        <k>1.861941612074956E-5</k>
        <k>4.212281054367074E-7</k>
        <k>1031.05</k>
        <k>1733.4384615384615</k>
    </moments><members>
    <section id="2391" first-pos="1019">
        <run start="1734" length="5" level="223"/>
        <run start="1732" length="8" level="83"/>
        <run start="1731" length="10" level="45"/>
        <run start="1728" length="14" level="64"/>
        <run start="1727" length="16" level="64"/>
    </section>
    <section id="2397" first-pos="1024">
        <run start="1725" length="9" level="77"/>
        <run start="1724" length="9" level="60"/>
        <run start="1723" length="8" level="53"/>
        <run start="1722" length="8" level="56"/>
        <run start="1722" length="7" level="65"/>
        <run start="1722" length="7" level="90"/>
        <run start="1722" length="6" level="76"/>
        <run start="1722" length="5" level="91"/>
        <run start="1722" length="4" level="101"/>
        <run start="1722" length="4" level="115"/>
        <run start="1722" length="3" level="134"/>
        <run start="1722" length="3" level="134"/>
        <run start="1722" length="3" level="154"/>
        <run start="1722" length="2" level="200"/>
        <run start="1722" length="1" level="200"/>
    </section>
    <section id="2398" first-pos="1024">
        <run start="1738" length="6" level="112"/>
        <run start="1739" length="5" level="134"/>
        <run start="1740" length="4" level="159"/>
        <run start="1740" length="4" level="164"/>
        <run start="1741" length="3" level="200"/>
        <run start="1741" length="3" level="200"/>
        <run start="1740" length="4" level="157"/>
        <run start="1740" length="3" level="142"/>
        <run start="1740" length="3" level="140"/>
        <run start="1739" length="4" level="105"/>
        <run start="1738" length="5" level="129"/>
        <run start="1738" length="5" level="83"/>
        <run start="1737" length="6" level="106"/>
        <run start="1736" length="7" level="91"/>
        <run start="1736" length="7" level="59"/>
        <run start="1735" length="8" level="78"/>
        <run start="1734" length="9" level="69"/>
        <run start="1734" length="8" level="26"/>
        <run start="1733" length="8" level="30"/>
        <run start="1732" length="8" level="31"/>
        <run start="1730" length="9" level="54"/>
    </section>
    <section id="2443" first-pos="1042">
        <run start="1722" length="1" level="200"/>
        <run start="1722" length="3" level="198"/>
        <run start="1722" length="5" level="160"/>
    </section>
</members></stick>
