<?xml version="1.0" encoding="UTF-8" standalone="yes"?>
<samples sheet-name="IMSLP02234#1">
    <sample shape="G_CLEF" interline="18" pitch="0.6" left="205" top="556" id="316">
        <run-table orientation="VERTICAL" width="51" height="138">
            <runs>0 79 2</runs>
            <runs>0 74 17</runs>
            <runs>0 66 27</runs>
            <runs>0 66 29</runs>
            <runs>0 66 32</runs>
            <runs>0 65 34</runs>
            <runs>0 63 37</runs>
            <runs>0 62 44</runs>
            <runs>0 60 46 13 9</runs>
            <runs>0 58 48 12 13</runs>
            <runs>0 57 49 11 16</runs>
            <runs>0 56 26 9 16 9 18</runs>
            <runs>0 55 25 13 13 9 20</runs>
            <runs>0 48 30 17 12 7 21</runs>
            <runs>0 48 29 19 11 7 21</runs>
            <runs>0 48 26 5 11 8 9 7 22</runs>
            <runs>0 48 26 3 16 21 22</runs>
            <runs>0 48 46 19 24</runs>
            <runs>0 48 46 19 24</runs>
            <runs>0 48 48 17 24</runs>
            <runs>0 48 49 16 24</runs>
            <runs>0 24 13 9 52 15 24</runs>
            <runs>0 19 21 2 57 15 23</runs>
            <runs>0 17 47 2 33 15 23</runs>
            <runs>0 15 84 16 23</runs>
            <runs>0 12 78 3 6 17 22</runs>
            <runs>0 11 72 11 5 17 14 2 6</runs>
            <runs>0 9 73 1 8 3 6 17 12 3 6</runs>
            <runs>0 8 21 2 60 3 6 20 7 4 6</runs>
            <runs>0 7 18 7 59 4 4 32 6</runs>
            <runs>0 6 17 9 59 5 3 32 6</runs>
            <runs>0 5 16 11 25 7 30 36 7</runs>
            <runs>0 4 15 13 24 10 31 32 7</runs>
            <runs>0 3 15 14 23 12 44 17 8</runs>
            <runs>0 2 15 15 23 12 47 13 9</runs>
            <runs>0 2 14 14 24 13 15 2 35 4 12</runs>
            <runs>0 1 14 14 25 13 15 3 50</runs>
            <runs>14 13 28 12 16 14 37</runs>
            <runs>13 13 22 19 23 9 34</runs>
            <runs>16 5 26 20 23 7 34</runs>
            <runs>0 1 45 21 23 6 11 6 16</runs>
            <runs>0 3 41 23 23 5 12</runs>
            <runs>0 6 37 24 25 1 14</runs>
            <runs>0 10 29 28 40</runs>
            <runs>0 12 26 29 34</runs>
            <runs>0 17 20 30 33</runs>
            <runs>0 22 6 45 27</runs>
            <runs>0 75 24</runs>
            <runs>0 76 21</runs>
            <runs>0 77 17</runs>
            <runs>0 81 3 5 3</runs>
        </run-table>
    </sample>
    <sample shape="G_CLEF" interline="18" pitch="0.6" left="82" top="1082" id="340">
        <run-table orientation="VERTICAL" width="51" height="138">
            <runs>0 77 6</runs>
            <runs>0 73 18</runs>
            <runs>0 67 26</runs>
            <runs>0 67 29</runs>
            <runs>0 67 31</runs>
            <runs>0 64 35</runs>
            <runs>0 63 38</runs>
            <runs>0 61 46</runs>
            <runs>0 60 47 11 12</runs>
            <runs>0 58 49 10 15</runs>
            <runs>0 57 50 9 17</runs>
            <runs>0 55 25 12 15 8 19</runs>
            <runs>0 50 27 18 12 7 22</runs>
            <runs>0 50 26 20 11 6 23</runs>
            <runs>0 49 26 6 9 7 10 6 23</runs>
            <runs>0 49 24 4 14 8 8 6 23</runs>
            <runs>0 49 23 3 19 5 8 6 24</runs>
            <runs>0 49 23 1 24 16 24</runs>
            <runs>0 48 50 15 24</runs>
            <runs>0 25 20 2 51 15 24</runs>
            <runs>0 20 79 14 24</runs>
            <runs>0 17 49 1 32 15 23</runs>
            <runs>0 15 50 2 32 15 23</runs>
            <runs>0 12 87 15 24</runs>
            <runs>0 10 81 2 6 15 23</runs>
            <runs>0 9 22 1 51 10 7 14 24</runs>
            <runs>0 8 19 5 50 12 6 15 23</runs>
            <runs>0 7 18 7 58 4 6 17 21</runs>
            <runs>0 6 17 10 57 5 5 19 10 2 7</runs>
            <runs>0 4 16 12 26 5 29 3 5 28 1 1 7</runs>
            <runs>0 4 14 14 25 8 34 28 10</runs>
            <runs>0 3 14 15 23 11 42 21 8</runs>
            <runs>0 2 13 16 24 12 42 19 8</runs>
            <runs>0 1 14 14 26 12 43 17 9</runs>
            <runs>0 1 12 15 27 12 15 2 32 8 11</runs>
            <runs>13 13 29 12 15 2 50</runs>
            <runs>15 3 1 4 32 12 16 1 7 2 41</runs>
            <runs>0 1 47 19 23 7 36</runs>
            <runs>0 2 46 19 23 7 34</runs>
            <runs>0 5 40 22 24 5 12 3 19</runs>
            <runs>0 8 35 24 25 1 15 8 11</runs>
            <runs>0 13 26 28 41 13 1</runs>
            <runs>0 15 23 29 41</runs>
            <runs>0 19 18 30 35</runs>
            <runs>0 68 33</runs>
            <runs>0 67 32</runs>
            <runs>0 67 31</runs>
            <runs>0 75 22</runs>
            <runs>0 79 15</runs>
            <runs>0 81 11</runs>
            <runs>0 84 8</runs>
        </run-table>
    </sample>
    <sample shape="G_CLEF" interline="18" pitch="0.4" left="77" top="1585" id="409">
        <run-table orientation="VERTICAL" width="49" height="137">
            <runs>0 76 8</runs>
            <runs>0 67 26</runs>
            <runs>0 67 28</runs>
            <runs>0 66 30</runs>
            <runs>0 65 33</runs>
            <runs>0 63 37</runs>
            <runs>0 62 38</runs>
            <runs>0 61 40 18 9</runs>
            <runs>0 59 48 10 13</runs>
            <runs>0 57 50 8 17</runs>
            <runs>0 56 25 10 16 8 18</runs>
            <runs>0 50 29 13 15 7 20</runs>
            <runs>0 49 27 19 12 6 22</runs>
            <runs>0 49 25 8 8 6 11 6 22</runs>
            <runs>0 49 24 7 10 8 9 5 24</runs>
            <runs>0 49 24 5 14 7 8 6 23</runs>
            <runs>0 49 24 2 18 7 2 11 23</runs>
            <runs>0 48 24 2 21 5 2 10 24</runs>
            <runs>0 47 49 5 1 11 23</runs>
            <runs>0 21 16 9 51 4 1 11 23</runs>
            <runs>0 17 49 1 31 15 23</runs>
            <runs>0 16 49 2 31 15 23</runs>
            <runs>0 14 50 3 32 15 23</runs>
            <runs>0 12 87 15 23</runs>
            <runs>0 11 71 10 7 16 22</runs>
            <runs>0 10 71 12 5 18 14 1 6</runs>
            <runs>0 8 73 13 4 19 11 3 5</runs>
            <runs>0 6 22 3 60 3 4 21 2 3 2 5 5</runs>
            <runs>0 5 18 9 58 5 4 31 6</runs>
            <runs>0 4 18 10 25 2 31 5 3 32 6</runs>
            <runs>0 4 17 11 23 9 34 31 7</runs>
            <runs>0 1 17 14 23 9 43 22 7</runs>
            <runs>0 1 15 15 24 11 41 17 2 2 7</runs>
            <runs>0 1 13 16 25 11 15 4 29 11 10</runs>
            <runs>13 15 27 11 15 4 49</runs>
            <runs>13 14 28 11 16 10 42</runs>
            <runs>13 11 23 20 15 15 36</runs>
            <runs>46 21 16 14 35</runs>
            <runs>45 22 23 7 11 2 19</runs>
            <runs>0 1 43 23 23 6 12 7 11</runs>
            <runs>0 4 38 25 23 4 14</runs>
            <runs>0 6 35 26 40</runs>
            <runs>0 10 28 29 40</runs>
            <runs>0 13 24 30 34</runs>
            <runs>0 18 1 4 1 1 5 37 33</runs>
            <runs>0 56 2 10 30</runs>
            <runs>0 56 2 15 23</runs>
            <runs>0 75 20</runs>
            <runs>0 79 14</runs>
        </run-table>
    </sample>
    <sample shape="G_CLEF" interline="18" pitch="0.3" left="68" top="2601" id="469">
        <run-table orientation="VERTICAL" width="51" height="140">
            <runs>0 79 14</runs>
            <runs>0 69 25</runs>
            <runs>0 69 27</runs>
            <runs>0 67 31</runs>
            <runs>0 67 33</runs>
            <runs>0 66 35</runs>
            <runs>0 64 39</runs>
            <runs>0 63 41</runs>
            <runs>0 62 48 13 5 1 2</runs>
            <runs>0 60 50 10 13</runs>
            <runs>0 58 52 8 17</runs>
            <runs>0 52 32 2 24 8 18</runs>
            <runs>0 52 27 3 2 11 16 6 20</runs>
            <runs>0 51 27 19 14 5 21</runs>
            <runs>0 52 23 7 11 7 10 6 22</runs>
            <runs>0 51 24 5 14 6 10 5 23</runs>
            <runs>0 51 25 2 18 5 10 4 24</runs>
            <runs>0 50 47 5 9 4 24</runs>
            <runs>0 29 12 8 49 5 8 4 24</runs>
            <runs>0 23 19 6 51 16 24</runs>
            <runs>0 20 49 1 30 15 24</runs>
            <runs>0 18 50 2 31 14 24</runs>
            <runs>0 15 52 2 32 14 25</runs>
            <runs>0 14 88 14 24</runs>
            <runs>0 12 90 15 23</runs>
            <runs>0 11 74 10 7 15 22</runs>
            <runs>0 9 75 11 6 16 16 1 5</runs>
            <runs>0 8 21 4 51 12 5 18 13 2 5</runs>
            <runs>0 8 19 6 52 10 6 19 9 5 5</runs>
            <runs>0 6 16 12 59 2 6 33 5</runs>
            <runs>0 6 16 12 26 2 31 5 3 33 5</runs>
            <runs>0 4 16 14 25 8 34 32 6</runs>
            <runs>0 3 16 3 2 9 25 10 42 22 6</runs>
            <runs>0 2 16 2 11 1 25 11 44 19 6</runs>
            <runs>18 1 38 12 45 15 8</runs>
            <runs>57 12 18 1 30 9 10</runs>
            <runs>50 19 25 2 40</runs>
            <runs>48 21 24 5 38</runs>
            <runs>0 2 45 22 24 1 1 5 35</runs>
            <runs>0 4 42 23 26 4 35</runs>
            <runs>0 6 37 27 26 2 13 2 19</runs>
            <runs>0 10 30 30 41 4 1 4 8</runs>
            <runs>0 14 25 31 41</runs>
            <runs>0 17 22 31 41</runs>
            <runs>0 22 8 40 33</runs>
            <runs>0 70 33</runs>
            <runs>0 70 31</runs>
            <runs>0 76 23</runs>
            <runs>0 78 20</runs>
            <runs>0 80 16</runs>
            <runs>0 82 12</runs>
        </run-table>
    </sample>
    <sample shape="G_CLEF" interline="18" pitch="0.4" left="77" top="1585" id="390">
        <run-table orientation="VERTICAL" width="49" height="137">
            <runs>0 76 8</runs>
            <runs>0 67 26</runs>
            <runs>0 67 28</runs>
            <runs>0 66 30</runs>
            <runs>0 65 33</runs>
            <runs>0 63 37</runs>
            <runs>0 62 38</runs>
            <runs>0 61 40 18 9</runs>
            <runs>0 59 48 10 13</runs>
            <runs>0 57 50 8 17</runs>
            <runs>0 56 25 10 16 8 18</runs>
            <runs>0 50 29 13 15 7 20</runs>
            <runs>0 49 27 19 12 6 22</runs>
            <runs>0 49 25 8 8 6 11 6 22</runs>
            <runs>0 49 24 7 10 8 9 5 24</runs>
            <runs>0 49 24 5 14 7 8 6 23</runs>
            <runs>0 49 24 2 18 7 2 11 23</runs>
            <runs>0 48 24 2 21 5 2 10 24</runs>
            <runs>0 47 49 5 1 11 23</runs>
            <runs>0 21 16 9 51 4 1 11 23</runs>
            <runs>0 17 49 1 31 15 23</runs>
            <runs>0 16 49 2 31 15 23</runs>
            <runs>0 14 50 3 32 15 23</runs>
            <runs>0 12 87 15 23</runs>
            <runs>0 11 71 10 7 16 22</runs>
            <runs>0 10 71 12 5 18 14 1 6</runs>
            <runs>0 8 73 13 4 19 11 3 5</runs>
            <runs>0 6 22 3 60 3 4 21 2 3 2 5 5</runs>
            <runs>0 5 18 9 58 5 4 31 6</runs>
            <runs>0 4 18 10 25 2 31 5 3 32 6</runs>
            <runs>0 4 17 11 23 9 34 31 7</runs>
            <runs>0 1 17 14 23 9 43 22 7</runs>
            <runs>0 1 15 15 24 11 41 17 2 2 7</runs>
            <runs>0 1 13 16 25 11 15 4 29 11 10</runs>
            <runs>13 15 27 11 15 4 49</runs>
            <runs>13 14 28 11 16 10 42</runs>
            <runs>13 11 23 20 15 15 36</runs>
            <runs>46 21 16 14 35</runs>
            <runs>45 22 23 7 11 2 19</runs>
            <runs>0 1 43 23 23 6 12 7 11</runs>
            <runs>0 4 38 25 23 4 14</runs>
            <runs>0 6 35 26 40</runs>
            <runs>0 10 28 29 40</runs>
            <runs>0 13 24 30 34</runs>
            <runs>0 18 1 4 1 1 5 37 33</runs>
            <runs>0 68 30</runs>
            <runs>0 73 23</runs>
            <runs>0 75 20</runs>
            <runs>0 79 14</runs>
        </run-table>
    </sample>
    <sample shape="G_CLEF" interline="18" pitch="0.4" left="72" top="2093" id="444">
        <run-table orientation="VERTICAL" width="51" height="139">
            <runs>0 77 13</runs>
            <runs>0 68 23</runs>
            <runs>0 68 28</runs>
            <runs>0 67 30</runs>
            <runs>0 66 33</runs>
            <runs>0 64 36</runs>
            <runs>0 62 38</runs>
            <runs>0 61 41</runs>
            <runs>0 60 43 21 1</runs>
            <runs>0 58 50 12 11</runs>
            <runs>0 57 51 11 14</runs>
            <runs>0 50 29 14 15 10 16</runs>
            <runs>0 50 26 20 12 8 19</runs>
            <runs>0 50 25 23 10 7 21</runs>
            <runs>0 50 23 10 8 7 10 7 21</runs>
            <runs>0 50 22 7 12 9 8 7 21</runs>
            <runs>0 49 24 4 16 8 8 6 22</runs>
            <runs>0 48 25 2 20 20 22</runs>
            <runs>0 27 3 18 49 17 24</runs>
            <runs>0 21 20 5 20 2 30 16 24</runs>
            <runs>0 18 48 2 31 16 24</runs>
            <runs>0 16 49 2 32 16 24</runs>
            <runs>0 13 52 3 32 15 24</runs>
            <runs>0 11 55 2 23 1 8 15 24</runs>
            <runs>0 10 74 9 7 16 23</runs>
            <runs>0 9 73 12 6 16 16 1 6</runs>
            <runs>0 8 20 11 43 12 6 17 15 1 6</runs>
            <runs>0 6 17 9 50 13 5 18 13 1 6</runs>
            <runs>0 5 17 10 52 11 5 21 8 3 6</runs>
            <runs>0 4 12 1 2 14 25 4 29 5 4 32 6</runs>
            <runs>0 4 12 17 23 11 24 6 2 33 6</runs>
            <runs>0 2 15 15 24 12 32 2 1 29 5</runs>
            <runs>0 1 15 15 25 12 41 22 6</runs>
            <runs>0 1 14 15 25 13 14 1 1 2 24 20 7</runs>
            <runs>14 13 28 13 14 4 27 15 8</runs>
            <runs>15 2 2 5 31 13 14 10 23 12 9</runs>
            <runs>19 4 25 21 14 13 24 5 10</runs>
            <runs>0 1 46 22 15 14 23 4 10</runs>
            <runs>0 4 42 23 16 13 23 3 10</runs>
            <runs>0 6 37 26 22 7 22 3 9</runs>
            <runs>0 9 33 27 22 5 13 4 2 1 4 2 8</runs>
            <runs>0 13 27 29 23 2 15 9 6</runs>
            <runs>0 18 20 31 40 9 2 1 2</runs>
            <runs>0 25 1 4 8 31 34</runs>
            <runs>0 69 33</runs>
            <runs>0 69 32</runs>
            <runs>0 76 23</runs>
            <runs>0 76 21</runs>
            <runs>0 78 17</runs>
            <runs>0 81 11</runs>
            <runs>0 82 1</runs>
        </run-table>
    </sample>
    <sample shape="F_CLEF" interline="18" pitch="-1.9" left="73" top="2326" id="456">
        <run-table orientation="VERTICAL" width="52" height="59">
            <runs>0 52 1</runs>
            <runs>0 16 8 27 8</runs>
            <runs>0 12 12 27 8</runs>
            <runs>0 9 15 27 8</runs>
            <runs>0 7 18 24 10</runs>
            <runs>0 1 25 22 11</runs>
            <runs>0 1 25 22 11</runs>
            <runs>0 1 26 20 12</runs>
            <runs>0 1 26 20 7</runs>
            <runs>0 1 26 19 7</runs>
            <runs>0 1 26 18 7</runs>
            <runs>0 1 26 17 7</runs>
            <runs>0 1 9 2 14 17 8</runs>
            <runs>0 1 8 3 14 11 13</runs>
            <runs>0 13 12 12 12</runs>
            <runs>0 13 12 12 12</runs>
            <runs>0 14 10 12 12</runs>
            <runs>0 16 8 11 13</runs>
            <runs>0 33 14</runs>
            <runs>0 31 16</runs>
            <runs>8 20 17</runs>
            <runs>0 1 10 8 25</runs>
            <runs>0 1 43</runs>
            <runs>0 1 43</runs>
            <runs>0 1 42</runs>
            <runs>0 1 41</runs>
            <runs>0 1 40</runs>
            <runs>0 1 40</runs>
            <runs>0 1 40</runs>
            <runs>0 1 40</runs>
            <runs>0 1 40</runs>
            <runs>0 1 34</runs>
            <runs>0 1 33</runs>
            <runs>0 1 32</runs>
            <runs>0 1 30</runs>
            <runs>0 9 21</runs>
            <runs>0 10 18</runs>
            <runs>0 14 11</runs>
            <runs></runs>
            <runs>0 28 4</runs>
            <runs>0 25 8</runs>
            <runs>0 9 5 5 15</runs>
            <runs>0 8 8 4 14</runs>
            <runs>0 1 16 3 14</runs>
            <runs>18 2 14</runs>
            <runs>0 1 33</runs>
            <runs>0 1 33</runs>
            <runs>0 1 23 1 9</runs>
            <runs>0 1 15 2 1 6 8</runs>
            <runs>0 7 9 11 4</runs>
            <runs>0 9 6</runs>
            <runs>0 11 1</runs>
        </run-table>
    </sample>
    <sample shape="F_CLEF" interline="18" pitch="-2.0" left="208" top="809" id="324">
        <run-table orientation="VERTICAL" width="50" height="59">
            <runs>0 12 11</runs>
            <runs>0 10 13</runs>
            <runs>0 9 14</runs>
            <runs>0 7 17 27 8</runs>
            <runs>0 6 19 25 9</runs>
            <runs>0 1 25 23 10</runs>
            <runs>0 1 26 21 11</runs>
            <runs>0 1 25 22 11</runs>
            <runs>0 1 24 21 7</runs>
            <runs>0 1 25 20 7</runs>
            <runs>0 1 25 19 8</runs>
            <runs>0 12 14 18 8</runs>
            <runs>0 12 13 17 8</runs>
            <runs>0 13 12 11 14</runs>
            <runs>0 14 10 12 13</runs>
            <runs>0 15 9 12 12</runs>
            <runs>0 36 11</runs>
            <runs>0 34 13</runs>
            <runs>0 32 15</runs>
            <runs>8 22 16</runs>
            <runs>9 18 19</runs>
            <runs>13 4 28</runs>
            <runs>43</runs>
            <runs>42</runs>
            <runs>41</runs>
            <runs>41</runs>
            <runs>41</runs>
            <runs>41</runs>
            <runs>41</runs>
            <runs>0 1 40</runs>
            <runs>0 1 33</runs>
            <runs>0 1 32</runs>
            <runs>0 1 30</runs>
            <runs>0 8 22</runs>
            <runs>0 9 19</runs>
            <runs>0 10 5 1 8</runs>
            <runs></runs>
            <runs></runs>
            <runs></runs>
            <runs>0 10 1</runs>
            <runs>13 11 6</runs>
            <runs>0 1 13 5 12</runs>
            <runs>0 1 14 4 13</runs>
            <runs>0 1 15 3 13</runs>
            <runs>0 1 15 3 13</runs>
            <runs>0 1 14 4 13</runs>
            <runs>0 1 14 4 13</runs>
            <runs>0 1 14 4 12</runs>
            <runs>0 1 13 12 3</runs>
            <runs>0 8 4</runs>
        </run-table>
    </sample>
    <sample shape="F_CLEF" interline="18" pitch="-1.8" left="82" top="1309" id="371">
        <run-table orientation="VERTICAL" width="51" height="60">
            <runs>0 52 8</runs>
            <runs>0 13 4 35 8</runs>
            <runs>0 11 13 27 8</runs>
            <runs>0 9 16 25 9</runs>
            <runs>0 7 18 24 10</runs>
            <runs>0 2 24 22 11</runs>
            <runs>0 2 24 22 11</runs>
            <runs>0 2 24 21 7</runs>
            <runs>0 2 25 19 8</runs>
            <runs>0 2 25 18 8</runs>
            <runs>0 2 25 17 8</runs>
            <runs>0 1 26 17 8</runs>
            <runs>0 1 8 2 16 10 15</runs>
            <runs>0 12 14 11 14</runs>
            <runs>0 13 13 11 13</runs>
            <runs>0 14 11 12 12</runs>
            <runs>0 14 10 12 12</runs>
            <runs>0 17 2 16 12</runs>
            <runs>0 32 14</runs>
            <runs>8 21 17</runs>
            <runs>8 19 18</runs>
            <runs>10 8 26</runs>
            <runs>44</runs>
            <runs>0 1 40 2 1</runs>
            <runs>0 1 41</runs>
            <runs>0 1 41</runs>
            <runs>0 1 41</runs>
            <runs>0 1 41</runs>
            <runs>0 1 41</runs>
            <runs>0 1 41</runs>
            <runs>0 1 35</runs>
            <runs>0 1 35</runs>
            <runs>0 1 33</runs>
            <runs>0 1 32</runs>
            <runs>0 8 24</runs>
            <runs>0 9 18</runs>
            <runs>0 12 13</runs>
            <runs>0 26 2</runs>
            <runs>0 20 8</runs>
            <runs>0 27 2</runs>
            <runs>0 20 12</runs>
            <runs>0 7 6 7 13</runs>
            <runs>0 2 13 4 14</runs>
            <runs>0 1 15 3 15</runs>
            <runs>0 1 15 4 14</runs>
            <runs>0 2 14 3 15</runs>
            <runs>0 2 14 3 14</runs>
            <runs>0 2 14 3 14</runs>
            <runs>0 2 13 4 13</runs>
            <runs>0 2 12 13 4</runs>
            <runs>0 9 5</runs>
        </run-table>
    </sample>
    <sample shape="F_CLEF" interline="18" pitch="-1.7" left="77" top="1816" id="421">
        <run-table orientation="VERTICAL" width="51" height="59">
            <runs>0 52 1</runs>
            <runs>0 14 9 28 8</runs>
            <runs>0 10 13 27 9</runs>
            <runs>0 10 14 26 9</runs>
            <runs>0 7 18 23 11</runs>
            <runs>25 22 12</runs>
            <runs>0 1 25 21 12</runs>
            <runs>0 1 25 20 13</runs>
            <runs>0 1 26 18 14</runs>
            <runs>0 1 26 18 14</runs>
            <runs>27 16 10</runs>
            <runs>0 1 26 10 15</runs>
            <runs>0 1 8 2 15 11 15</runs>
            <runs>0 12 14 11 14</runs>
            <runs>0 13 12 12 14</runs>
            <runs>0 14 10 13 13</runs>
            <runs>0 16 8 12 13</runs>
            <runs>0 33 15</runs>
            <runs>0 31 16</runs>
            <runs>0 29 17</runs>
            <runs>0 26 19</runs>
            <runs>9 10 26</runs>
            <runs>18 1 25</runs>
            <runs>43</runs>
            <runs>0 1 42</runs>
            <runs>0 1 42</runs>
            <runs>0 1 41</runs>
            <runs>0 1 41</runs>
            <runs>0 1 41</runs>
            <runs>0 1 41</runs>
            <runs>0 1 41</runs>
            <runs>0 1 35</runs>
            <runs>0 1 34</runs>
            <runs>0 1 32</runs>
            <runs>0 8 23</runs>
            <runs>0 8 19</runs>
            <runs>0 17 9</runs>
            <runs></runs>
            <runs></runs>
            <runs>0 27 5</runs>
            <runs>0 19 15</runs>
            <runs>0 1 13 5 15</runs>
            <runs>0 1 14 4 14</runs>
            <runs>0 1 15 3 14</runs>
            <runs>0 1 15 3 14</runs>
            <runs>0 1 15 3 14</runs>
            <runs>0 1 15 3 14</runs>
            <runs>0 1 14 4 14</runs>
            <runs>0 1 14 11 6</runs>
            <runs>0 1 14</runs>
            <runs>0 9 5</runs>
        </run-table>
    </sample>
    <sample shape="F_CLEF" interline="18" pitch="-1.8" left="71" top="2852" id="498">
        <run-table orientation="VERTICAL" width="50" height="59">
            <runs>0 11 12 28 8</runs>
            <runs>0 9 14 28 8</runs>
            <runs>0 8 15 27 9</runs>
            <runs>0 7 17 25 10</runs>
            <runs>0 1 24 23 11</runs>
            <runs>0 1 24 23 11</runs>
            <runs>0 1 24 22 6</runs>
            <runs>26 21 5</runs>
            <runs>26 19 7</runs>
            <runs>9 2 15 19 7</runs>
            <runs>0 11 15 18 7</runs>
            <runs>0 11 14 11 14</runs>
            <runs>0 12 13 11 13</runs>
            <runs>0 13 11 12 13</runs>
            <runs>0 13 11 11 13</runs>
            <runs>0 15 8 12 12</runs>
            <runs>0 34 13</runs>
            <runs>0 33 13</runs>
            <runs>0 29 16</runs>
            <runs>0 26 18</runs>
            <runs>9 9 26</runs>
            <runs>13 4 27</runs>
            <runs>0 1 41</runs>
            <runs>0 1 40</runs>
            <runs>41</runs>
            <runs>41</runs>
            <runs>42</runs>
            <runs>41</runs>
            <runs>41</runs>
            <runs>41</runs>
            <runs>41</runs>
            <runs>33</runs>
            <runs>31</runs>
            <runs>0 8 22</runs>
            <runs>0 10 18</runs>
            <runs>0 13 1</runs>
            <runs></runs>
            <runs></runs>
            <runs>0 25 5</runs>
            <runs>0 18 13</runs>
            <runs>0 8 6 4 14</runs>
            <runs>0 7 8 3 15</runs>
            <runs>0 6 9 4 14</runs>
            <runs>15 4 14</runs>
            <runs>15 3 15</runs>
            <runs>0 1 14 3 15</runs>
            <runs>0 1 14 9 9</runs>
            <runs>0 1 13 12 6</runs>
            <runs>0 6 8 13 1 1 1</runs>
            <runs>0 9 3</runs>
        </run-table>
    </sample>
</samples>
