<?xml version="1.0" encoding="UTF-8" standalone="yes"?>
<samples sheet-name="IMSLP00121#28">
    <sample shape="FLAT" interline="19" pitch="0.2" left="363" top="374" id="285">
        <run-table orientation="VERTICAL" width="17" height="44">
            <runs>25</runs>
            <runs>44</runs>
            <runs>44</runs>
            <runs>44</runs>
            <runs>44</runs>
            <runs>0 21 8</runs>
            <runs></runs>
            <runs></runs>
            <runs></runs>
            <runs></runs>
            <runs>0 34 9</runs>
            <runs>0 31 12</runs>
            <runs>0 20 23</runs>
            <runs>0 20 18</runs>
            <runs>0 20 18</runs>
            <runs>0 20 17</runs>
            <runs>0 21 15</runs>
        </run-table>
    </sample>
    <sample shape="FLAT" interline="19" pitch="-2.1" left="338" top="567" id="274">
        <run-table orientation="VERTICAL" width="21" height="50">
            <runs>0 2 4</runs>
            <runs>0 1 30</runs>
            <runs>50</runs>
            <runs>50</runs>
            <runs>50</runs>
            <runs>50</runs>
            <runs>0 1 16 7 11</runs>
            <runs></runs>
            <runs></runs>
            <runs>0 42 1</runs>
            <runs>0 40 9</runs>
            <runs>0 38 11</runs>
            <runs>0 24 8 2 15</runs>
            <runs>0 24 25</runs>
            <runs>0 24 20</runs>
            <runs>0 25 18</runs>
            <runs>0 25 17</runs>
            <runs>0 25 16</runs>
            <runs>0 26 14</runs>
            <runs>0 26 13</runs>
            <runs>0 26 11</runs>
        </run-table>
    </sample>
</samples>
