<?xml version="1.0" encoding="UTF-8"?>
<stick id="1269" interline="22" shape="COMBINING_FLAG_1">
    <is-within-system>true</is-within-system>
    <has-ledger>false</has-ledger>
    <stem-number>1</stem-number>
    <step-line>-2.046511627906977</step-line>
    <moments>
        <k>0.6549586776859504</k>
        <k>0.9545454545454546</k>
        <k>2.3636363636363638</k>
        <k>0.13640860859168344</k>
        <k>0.2153554920853428</k>
        <k>0.4560102989127677</k>
        <k>-0.009939733154903494</k>
        <k>-0.004525845597094699</k>
        <k>0.02933341804628009</k>
        <k>0.15718325311073383</k>
        <k>0.5924189075044511</k>
        <k>0.28765719234137477</k>
        <k>0.0387514884790598</k>
        <k>0.023680399082451294</k>
        <k>7.101594279647686E-4</k>
        <k>0.009878198556331097</k>
        <k>-1.01274843130488E-4</k>
        <k>1762.8958990536278</k>
        <k>1474.813880126183</k>
    </moments><members>
    <section id="2625" first-pos="1752">
        <run start="1451" length="18" level="68"/>
        <run start="1454" length="16" level="58"/>
        <run start="1456" length="14" level="25"/>
        <run start="1457" length="14" level="40"/>
        <run start="1459" length="12" level="29"/>
        <run start="1460" length="12" level="45"/>
        <run start="1461" length="12" level="45"/>
        <run start="1462" length="11" level="32"/>
    </section>
    <section id="2628" first-pos="1760">
        <run start="1463" length="14" level="70"/>
        <run start="1464" length="13" level="46"/>
        <run start="1465" length="12" level="49"/>
        <run start="1466" length="11" level="53"/>
        <run start="1467" length="10" level="66"/>
        <run start="1469" length="9" level="86"/>
        <run start="1470" length="11" level="124"/>
        <run start="1472" length="11" level="118"/>
        <run start="1473" length="14" level="124"/>
    </section>
    <section id="2627" first-pos="1758">
        <run start="1474" length="1" level="221"/>
        <run start="1474" length="1" level="113"/>
    </section>
    <section id="2641" first-pos="1769">
        <run start="1474" length="21" level="125"/>
    </section>
    <section id="2642" first-pos="1770">
        <run start="1475" length="28" level="64"/>
        <run start="1476" length="26" level="70"/>
    </section>
    <section id="2640" first-pos="1768">
        <run start="1498" length="3" level="182"/>
        <run start="1498" length="5" level="112"/>
    </section>
    <section id="2644" first-pos="1772">
        <run start="1483" length="18" level="85"/>
    </section>
</members></stick>
