<?xml version="1.0" encoding="UTF-8"?>
<stick id="813" interline="21" shape="COMBINING_FLAG_1_UP">
    <is-within-system>true</is-within-system>
    <has-ledger>false</has-ledger>
    <stem-number>1</stem-number>
    <step-line>2.511627906976744</step-line>
    <moments>
        <k>0.6893424036281179</k>
        <k>0.9523809523809523</k>
        <k>2.4761904761904763</k>
        <k>0.13050026510560941</k>
        <k>-0.22335891512292244</k>
        <k>0.49692092363819435</k>
        <k>-0.0075086695845582455</k>
        <k>0.002095186357841242</k>
        <k>0.030373039062232515</k>
        <k>-0.16313020386508129</k>
        <k>0.6274211887438037</k>
        <k>0.33382091885900866</k>
        <k>0.03842914105546592</k>
        <k>0.026455056255168703</k>
        <k>8.389516051570353E-4</k>
        <k>0.012600162859202008</k>
        <k>8.763334841006907E-5</k>
        <k>727.1875</k>
        <k>347.54276315789474</k>
    </moments><members>
    <section id="1184" first-pos="717">
        <run start="354" length="19" level="78"/>
        <run start="353" length="17" level="93"/>
        <run start="353" length="14" level="76"/>
        <run start="352" length="15" level="79"/>
        <run start="352" length="13" level="52"/>
        <run start="351" length="13" level="43"/>
        <run start="349" length="13" level="39"/>
        <run start="349" length="12" level="22"/>
        <run start="348" length="12" level="36"/>
        <run start="347" length="11" level="25"/>
        <run start="346" length="11" level="24"/>
        <run start="345" length="11" level="21"/>
        <run start="344" length="11" level="46"/>
        <run start="341" length="12" level="79"/>
        <run start="339" length="13" level="99"/>
        <run start="336" length="14" level="97"/>
        <run start="333" length="15" level="90"/>
    </section>
    <section id="1196" first-pos="734">
        <run start="321" length="25" level="79"/>
        <run start="321" length="23" level="54"/>
        <run start="321" length="22" level="202"/>
    </section>
    <section id="1192" first-pos="732">
        <run start="321" length="3" level="200"/>
        <run start="321" length="5" level="172"/>
    </section>
</members></stick>
