<?xml version="1.0" encoding="UTF-8"?>
<stick id="1144" interline="22" shape="DASH">
    <is-within-system>true</is-within-system>
    <has-ledger>false</has-ledger>
    <stem-number>0</stem-number>
    <step-line>-7.627906976744186</step-line>
    <moments>
        <k>0.359504132231405</k>
        <k>1.2727272727272727</k>
        <k>0.3181818181818182</k>
        <k>0.3580568349726577</k>
        <k>4.487451082227453E-4</k>
        <k>0.01891790925781661</k>
        <k>0.011767030832595686</k>
        <k>1.9682313389464312E-4</k>
        <k>-0.0010200642755526692</k>
        <k>-1.1433050133578288E-4</k>
        <k>0.37697474423047433</k>
        <k>0.11501601642370513</k>
        <k>2.203433043448291E-4</k>
        <k>1.1550409521262755E-4</k>
        <k>1.8421116685986885E-8</k>
        <k>3.9168910393884535E-5</k>
        <k>4.5087648098853965E-10</k>
        <k>291.0919540229885</k>
        <k>1667.2758620689656</k>
    </moments><members>
    <section id="454" first-pos="278">
        <run start="1665" length="6" level="44"/>
        <run start="1665" length="6" level="43"/>
        <run start="1665" length="6" level="43"/>
        <run start="1664" length="7" level="37"/>
        <run start="1664" length="7" level="37"/>
        <run start="1664" length="7" level="37"/>
        <run start="1664" length="7" level="38"/>
        <run start="1665" length="6" level="43"/>
        <run start="1665" length="6" level="43"/>
        <run start="1665" length="6" level="43"/>
        <run start="1665" length="6" level="43"/>
        <run start="1664" length="7" level="37"/>
        <run start="1664" length="7" level="37"/>
        <run start="1664" length="7" level="38"/>
        <run start="1665" length="6" level="43"/>
        <run start="1665" length="6" level="6"/>
        <run start="1664" length="7" level="5"/>
        <run start="1664" length="7" level="5"/>
        <run start="1665" length="6" level="5"/>
        <run start="1665" length="6" level="4"/>
        <run start="1665" length="6" level="4"/>
        <run start="1665" length="6" level="4"/>
        <run start="1665" length="6" level="4"/>
        <run start="1665" length="6" level="3"/>
        <run start="1665" length="5" level="3"/>
        <run start="1665" length="6" level="3"/>
        <run start="1665" length="5" level="3"/>
        <run start="1665" length="5" level="3"/>
    </section>
</members></stick>
