<?xml version="1.0" encoding="UTF-8"?>
<stick id="480" interline="22" shape="DOT">
    <is-within-system>true</is-within-system>
    <has-ledger>false</has-ledger>
    <stem-number>0</stem-number>
    <step-line>-5.818181818181818</step-line>
    <moments>
        <k>0.1859504132231405</k>
        <k>0.5</k>
        <k>0.5</k>
        <k>0.08118518518518533</k>
        <k>-0.00298765432098765</k>
        <k>0.07807407407407396</k>
        <k>5.899448037014298E-6</k>
        <k>2.0769527348256058E-4</k>
        <k>-4.841017652552856E-5</k>
        <k>-6.281177025977413E-5</k>
        <k>0.1592592592592593</k>
        <k>4.538332571254532E-5</k>
        <k>4.932957750717799E-7</k>
        <k>2.2798391542731357E-8</k>
        <k>-1.154273831211367E-15</k>
        <k>1.3921320507204095E-11</k>
        <k>2.124412808876007E-15</k>
        <k>2305.0666666666666</k>
        <k>850.8666666666667</k>
    </moments><members>
    <section id="3416" first-pos="2300">
        <run start="850" length="3" level="173"/>
        <run start="848" length="7" level="99"/>
        <run start="847" length="9" level="49"/>
        <run start="847" length="9" level="21"/>
        <run start="846" length="11" level="40"/>
        <run start="846" length="11" level="31"/>
        <run start="846" length="10" level="26"/>
        <run start="846" length="10" level="36"/>
        <run start="847" length="9" level="48"/>
        <run start="848" length="7" level="73"/>
        <run start="849" length="4" level="129"/>
    </section>
</members></stick>
