<?xml version="1.0" encoding="UTF-8"?>
<stick id="1082" interline="22" shape="FERMATA_BEND">
    <is-within-system>true</is-within-system>
    <has-ledger>false</has-ledger>
    <stem-number>0</stem-number>
    <step-line>-7.162790697674419</step-line>
    <moments>
        <k>0.8223140495867769</k>
        <k>2.3181818181818183</k>
        <k>1.2727272727272727</k>
        <k>0.5543766406589153</k>
        <k>-0.06349720370240886</k>
        <k>0.10026280997167848</k>
        <k>0.03969146327460759</k>
        <k>0.12928205073127474</k>
        <k>-0.03409094733830091</k>
        <k>0.02779990779925946</k>
        <k>0.6546394506305938</k>
        <k>0.22234695073353725</k>
        <k>0.14978716207896395</k>
        <k>0.02470610747454129</k>
        <k>-0.0014490315814271665</k>
        <k>-0.011414341961753505</k>
        <k>3.9894662289991336E-4</k>
        <k>1635.5075376884422</k>
        <k>1085.070351758794</k>
    </moments><members>
    <section id="2535" first-pos="1612">
        <run start="1099" length="5" level="112"/>
    </section>
    <section id="2536" first-pos="1613">
        <run start="1094" length="10" level="60"/>
        <run start="1091" length="13" level="62"/>
        <run start="1089" length="13" level="71"/>
        <run start="1087" length="11" level="47"/>
        <run start="1086" length="10" level="46"/>
        <run start="1085" length="9" level="52"/>
        <run start="1084" length="8" level="34"/>
        <run start="1083" length="8" level="34"/>
        <run start="1082" length="8" level="34"/>
        <run start="1081" length="8" level="34"/>
        <run start="1081" length="7" level="32"/>
        <run start="1080" length="8" level="38"/>
        <run start="1079" length="8" level="33"/>
        <run start="1079" length="8" level="33"/>
        <run start="1078" length="8" level="33"/>
        <run start="1078" length="7" level="33"/>
        <run start="1078" length="7" level="37"/>
        <run start="1077" length="8" level="37"/>
        <run start="1077" length="7" level="33"/>
        <run start="1077" length="7" level="37"/>
        <run start="1076" length="8" level="37"/>
        <run start="1076" length="8" level="33"/>
        <run start="1076" length="8" level="33"/>
        <run start="1076" length="8" level="33"/>
        <run start="1076" length="8" level="33"/>
        <run start="1076" length="7" level="33"/>
        <run start="1076" length="7" level="37"/>
        <run start="1076" length="8" level="38"/>
        <run start="1076" length="8" level="33"/>
        <run start="1077" length="7" level="36"/>
        <run start="1077" length="7" level="37"/>
        <run start="1077" length="8" level="38"/>
        <run start="1077" length="8" level="33"/>
        <run start="1077" length="8" level="60"/>
        <run start="1078" length="7" level="37"/>
        <run start="1078" length="8" level="66"/>
        <run start="1079" length="7" level="37"/>
        <run start="1079" length="8" level="66"/>
        <run start="1080" length="7" level="37"/>
        <run start="1080" length="7" level="43"/>
        <run start="1081" length="7" level="42"/>
        <run start="1082" length="7" level="67"/>
        <run start="1083" length="6" level="49"/>
        <run start="1084" length="6" level="48"/>
        <run start="1085" length="7" level="50"/>
        <run start="1086" length="8" level="44"/>
        <run start="1087" length="8" level="61"/>
        <run start="1089" length="8" level="69"/>
        <run start="1091" length="7" level="96"/>
        <run start="1094" length="4" level="190"/>
    </section>
</members></stick>
