<?xml version="1.0" encoding="UTF-8"?>
<stick id="465" interline="22" shape="FORTE">
    <is-within-system>true</is-within-system>
    <has-ledger>false</has-ledger>
    <stem-number>0</stem-number>
    <step-line>10.325581395348838</step-line>
    <moments>
        <k>0.9648760330578512</k>
        <k>1.7727272727272727</k>
        <k>2.090909090909091</k>
        <k>0.17303015880703945</k>
        <k>-0.22754433505689262</k>
        <k>0.38632841907076343</k>
        <k>8.475257337218767E-4</k>
        <k>-0.0041535003034176956</k>
        <k>0.0051381397676268</k>
        <k>-0.005099644471453288</k>
        <k>0.5593585778778029</k>
        <k>0.252601845497465</k>
        <k>2.663765957678124E-4</k>
        <k>1.214488797187579E-4</k>
        <k>2.0761680240853655E-8</k>
        <k>6.103194394009525E-5</k>
        <k>6.791645503176537E-9</k>
        <k>1962.710920770878</k>
        <k>1272.6895074946467</k>
    </moments><members>
    <section id="2930" first-pos="1944">
        <run start="1287" length="4" level="145"/>
        <run start="1286" length="6" level="51"/>
        <run start="1286" length="8" level="40"/>
        <run start="1285" length="10" level="40"/>
        <run start="1285" length="10" level="18"/>
        <run start="1285" length="11" level="45"/>
    </section>
    <section id="2951" first-pos="1950">
        <run start="1286" length="5" level="53"/>
        <run start="1287" length="3" level="127"/>
    </section>
    <section id="2952" first-pos="1950">
        <run start="1292" length="4" level="65"/>
        <run start="1292" length="4" level="65"/>
        <run start="1291" length="5" level="80"/>
        <run start="1290" length="6" level="67"/>
        <run start="1288" length="7" level="59"/>
        <run start="1286" length="8" level="51"/>
        <run start="1283" length="11" level="60"/>
        <run start="1279" length="14" level="54"/>
        <run start="1276" length="16" level="39"/>
        <run start="1271" length="20" level="41"/>
        <run start="1269" length="20" level="18"/>
        <run start="1267" length="21" level="23"/>
    </section>
    <section id="2964" first-pos="1962">
        <run start="1264" length="22" level="12"/>
        <run start="1263" length="22" level="17"/>
        <run start="1261" length="22" level="22"/>
        <run start="1259" length="22" level="28"/>
        <run start="1258" length="20" level="19"/>
        <run start="1256" length="20" level="31"/>
        <run start="1254" length="19" level="41"/>
        <run start="1253" length="16" level="35"/>
        <run start="1252" length="14" level="29"/>
    </section>
    <section id="2958" first-pos="1955">
        <run start="1264" length="1" level="121"/>
        <run start="1264" length="2" level="128"/>
        <run start="1264" length="2" level="128"/>
        <run start="1264" length="2" level="128"/>
        <run start="1264" length="2" level="128"/>
        <run start="1264" length="2" level="128"/>
        <run start="1264" length="2" level="58"/>
    </section>
    <section id="2994" first-pos="1971">
        <run start="1252" length="10" level="67"/>
        <run start="1251" length="7" level="61"/>
        <run start="1251" length="5" level="71"/>
        <run start="1250" length="4" level="64"/>
        <run start="1250" length="3" level="61"/>
        <run start="1250" length="2" level="2"/>
    </section>
    <section id="3006" first-pos="1977">
        <run start="1250" length="8" level="31"/>
        <run start="1250" length="8" level="1"/>
        <run start="1250" length="8" level="24"/>
        <run start="1251" length="7" level="2"/>
        <run start="1251" length="7" level="77"/>
        <run start="1253" length="4" level="175"/>
    </section>
    <section id="3003" first-pos="1976">
        <run start="1254" length="3" level="83"/>
    </section>
    <section id="2995" first-pos="1971">
        <run start="1263" length="2" level="86"/>
        <run start="1264" length="1" level="9"/>
        <run start="1264" length="1" level="8"/>
        <run start="1264" length="1" level="6"/>
        <run start="1264" length="1" level="4"/>
        <run start="1264" length="1" level="3"/>
        <run start="1264" length="1" level="159"/>
    </section>
</members></stick>
