<?xml version="1.0" encoding="UTF-8"?>
<stick id="170" interline="21" shape="FORTE">
    <is-within-system>true</is-within-system>
    <has-ledger>false</has-ledger>
    <stem-number>0</stem-number>
    <step-line>9.953488372093023</step-line>
    <moments>
        <k>1.0204081632653061</k>
        <k>1.8095238095238095</k>
        <k>2.142857142857143</k>
        <k>0.1686479999999999</k>
        <k>-0.2243891358024692</k>
        <k>0.3897382716049383</k>
        <k>0.0027375442440498877</k>
        <k>-0.0034642929268277473</k>
        <k>7.765052863925226E-4</k>
        <k>0.00490729390232729</k>
        <k>0.5583862716049381</k>
        <k>0.25028284526306127</k>
        <k>2.3426177128668313E-4</k>
        <k>1.4430795917695157E-5</k>
        <k>-7.631783126683283E-10</k>
        <k>-6.82108633622827E-6</k>
        <k>-3.486520388603828E-10</k>
        <k>431.78</k>
        <k>428.1333333333333</k>
    </moments><members>
    <section id="670" first-pos="414">
        <run start="442" length="6" level="42"/>
        <run start="441" length="8" level="32"/>
        <run start="441" length="9" level="29"/>
        <run start="441" length="10" level="26"/>
        <run start="441" length="10" level="29"/>
        <run start="442" length="9" level="62"/>
    </section>
    <section id="682" first-pos="420">
        <run start="443" length="2" level="136"/>
    </section>
    <section id="683" first-pos="420">
        <run start="447" length="4" level="64"/>
        <run start="446" length="5" level="52"/>
        <run start="446" length="5" level="51"/>
        <run start="445" length="6" level="44"/>
        <run start="443" length="7" level="37"/>
        <run start="440" length="10" level="27"/>
    </section>
    <section id="693" first-pos="426">
        <run start="434" length="15" level="64"/>
        <run start="430" length="17" level="55"/>
        <run start="427" length="19" level="49"/>
        <run start="424" length="21" level="44"/>
    </section>
    <section id="703" first-pos="430">
        <run start="420" length="24" level="38"/>
        <run start="419" length="23" level="23"/>
        <run start="418" length="22" level="24"/>
        <run start="416" length="22" level="33"/>
        <run start="414" length="22" level="33"/>
        <run start="413" length="21" level="27"/>
        <run start="411" length="20" level="41"/>
        <run start="410" length="16" level="23"/>
        <run start="409" length="14" level="23"/>
        <run start="408" length="14" level="53"/>
    </section>
    <section id="688" first-pos="424">
        <run start="420" length="1" level="212"/>
        <run start="420" length="2" level="128"/>
        <run start="420" length="2" level="128"/>
        <run start="420" length="2" level="128"/>
        <run start="420" length="2" level="128"/>
        <run start="420" length="2" level="128"/>
    </section>
    <section id="729" first-pos="440">
        <run start="407" length="8" level="42"/>
        <run start="407" length="6" level="27"/>
        <run start="407" length="4" level="24"/>
        <run start="406" length="4" level="68"/>
        <run start="406" length="3" level="31"/>
    </section>
    <section id="735" first-pos="445">
        <run start="406" length="7" level="106"/>
        <run start="406" length="8" level="35"/>
        <run start="407" length="7" level="3"/>
        <run start="407" length="7" level="3"/>
        <run start="407" length="7" level="14"/>
        <run start="408" length="6" level="38"/>
        <run start="410" length="3" level="73"/>
    </section>
    <section id="734" first-pos="444">
        <run start="411" length="1" level="191"/>
    </section>
    <section id="730" first-pos="440">
        <run start="420" length="2" level="128"/>
        <run start="420" length="1" level="28"/>
        <run start="420" length="1" level="26"/>
        <run start="420" length="1" level="24"/>
        <run start="420" length="1" level="22"/>
        <run start="420" length="1" level="72"/>
    </section>
</members></stick>
