<?xml version="1.0" encoding="UTF-8"?>
<stick id="401" interline="22" shape="MEZZO_PIANO">
    <is-within-system>true</is-within-system>
    <has-ledger>false</has-ledger>
    <stem-number>0</stem-number>
    <step-line>9.517241379310345</step-line>
    <moments>
        <k>1.975206611570248</k>
        <k>2.5454545454545454</k>
        <k>1.5909090909090908</k>
        <k>0.22285585363493557</k>
        <k>0.007152959594911199</k>
        <k>0.07185411076640588</k>
        <k>0.010179788292084426</k>
        <k>-0.012356508927637134</k>
        <k>0.002945822305494796</k>
        <k>0.008895648204539</k>
        <k>0.29470996440134145</k>
        <k>0.023006185673199286</k>
        <k>0.0021145991383023283</k>
        <k>1.842592105039673E-4</k>
        <k>8.271614020133174E-8</k>
        <k>2.29064791773415E-5</k>
        <k>-7.991679734931078E-8</k>
        <k>1023.7217573221757</k>
        <k>1017.531380753138</k>
    </moments><members>
    <section id="1523" first-pos="998">
        <run start="1010" length="4" level="197"/>
        <run start="1007" length="7" level="122"/>
        <run start="1006" length="7" level="84"/>
        <run start="1006" length="5" level="68"/>
    </section>
    <section id="1530" first-pos="1002">
        <run start="1005" length="23" level="56"/>
        <run start="1005" length="22" level="23"/>
        <run start="1005" length="21" level="21"/>
        <run start="1005" length="18" level="30"/>
        <run start="1006" length="14" level="34"/>
        <run start="1006" length="11" level="52"/>
        <run start="1007" length="7" level="59"/>
        <run start="1006" length="6" level="98"/>
        <run start="1006" length="4" level="65"/>
        <run start="1006" length="4" level="85"/>
        <run start="1005" length="5" level="120"/>
    </section>
    <section id="1524" first-pos="998">
        <run start="1022" length="4" level="204"/>
        <run start="1020" length="7" level="88"/>
        <run start="1017" length="11" level="75"/>
        <run start="1013" length="15" level="66"/>
    </section>
    <section id="1538" first-pos="1013">
        <run start="1005" length="23" level="32"/>
        <run start="1005" length="21" level="25"/>
        <run start="1006" length="17" level="23"/>
        <run start="1006" length="15" level="42"/>
    </section>
    <section id="1536" first-pos="1008">
        <run start="1021" length="6" level="169"/>
        <run start="1019" length="9" level="72"/>
        <run start="1016" length="12" level="69"/>
        <run start="1014" length="14" level="45"/>
        <run start="1011" length="17" level="47"/>
    </section>
    <section id="1535" first-pos="1007">
        <run start="1024" length="1" level="221"/>
    </section>
    <section id="1547" first-pos="1017">
        <run start="1007" length="10" level="49"/>
        <run start="1007" length="8" level="83"/>
        <run start="1006" length="6" level="85"/>
        <run start="1006" length="5" level="68"/>
        <run start="1005" length="5" level="102"/>
        <run start="1005" length="4" level="50"/>
    </section>
    <section id="1557" first-pos="1023">
        <run start="1005" length="23" level="27"/>
        <run start="1005" length="23" level="12"/>
        <run start="1005" length="23" level="21"/>
    </section>
    <section id="1552" first-pos="1019">
        <run start="1019" length="6" level="198"/>
        <run start="1017" length="9" level="67"/>
        <run start="1014" length="13" level="63"/>
        <run start="1011" length="16" level="48"/>
    </section>
    <section id="1564" first-pos="1026">
        <run start="1006" length="34" level="44"/>
    </section>
    <section id="1555" first-pos="1022">
        <run start="1038" length="1" level="222"/>
        <run start="1036" length="4" level="117"/>
        <run start="1033" length="7" level="98"/>
        <run start="1029" length="11" level="100"/>
    </section>
    <section id="1568" first-pos="1027">
        <run start="1007" length="11" level="44"/>
        <run start="1007" length="8" level="63"/>
        <run start="1007" length="6" level="98"/>
        <run start="1006" length="5" level="102"/>
        <run start="1006" length="4" level="86"/>
        <run start="1005" length="4" level="106"/>
        <run start="1005" length="4" level="65"/>
    </section>
    <section id="1591" first-pos="1034">
        <run start="1005" length="23" level="52"/>
        <run start="1005" length="19" level="18"/>
        <run start="1005" length="18" level="12"/>
        <run start="1005" length="20" level="39"/>
    </section>
    <section id="1569" first-pos="1027">
        <run start="1021" length="19" level="24"/>
        <run start="1021" length="19" level="18"/>
        <run start="1021" length="19" level="24"/>
        <run start="1019" length="21" level="40"/>
        <run start="1017" length="18" level="43"/>
        <run start="1014" length="18" level="51"/>
        <run start="1012" length="18" level="41"/>
    </section>
    <section id="1599" first-pos="1038">
        <run start="1006" length="12" level="40"/>
        <run start="1006" length="9" level="65"/>
        <run start="1008" length="5" level="84"/>
        <run start="1007" length="3" level="94"/>
        <run start="1006" length="3" level="122"/>
        <run start="1006" length="2" level="128"/>
        <run start="1005" length="2" level="140"/>
        <run start="1005" length="2" level="128"/>
        <run start="1005" length="2" level="90"/>
        <run start="1005" length="3" level="86"/>
        <run start="1005" length="3" level="90"/>
        <run start="1006" length="3" level="61"/>
    </section>
    <section id="1626" first-pos="1050">
        <run start="1006" length="17" level="84"/>
        <run start="1007" length="15" level="12"/>
        <run start="1008" length="13" level="24"/>
        <run start="1009" length="9" level="78"/>
    </section>
    <section id="1600" first-pos="1038">
        <run start="1021" length="5" level="76"/>
        <run start="1023" length="3" level="90"/>
        <run start="1024" length="3" level="86"/>
        <run start="1024" length="3" level="71"/>
        <run start="1024" length="4" level="65"/>
        <run start="1024" length="4" level="65"/>
        <run start="1023" length="5" level="91"/>
        <run start="1022" length="5" level="56"/>
        <run start="1021" length="6" level="75"/>
        <run start="1020" length="6" level="46"/>
        <run start="1018" length="8" level="80"/>
        <run start="1016" length="9" level="57"/>
    </section>
</members></stick>
