<?xml version="1.0" encoding="UTF-8"?>
<stick id="402" interline="22" shape="MEZZO_PIANO">
    <is-within-system>true</is-within-system>
    <has-ledger>false</has-ledger>
    <stem-number>0</stem-number>
    <step-line>11.348837209302326</step-line>
    <moments>
        <k>2.1012396694214877</k>
        <k>2.590909090909091</k>
        <k>1.6363636363636365</k>
        <k>0.2150588462380584</k>
        <k>0.005555807629973228</k>
        <k>0.06919711335614014</k>
        <k>0.01094518328603918</k>
        <k>-0.01079485088422784</k>
        <k>0.002811596792532859</k>
        <k>0.007949430471665263</k>
        <k>0.2842559595941985</k>
        <k>0.021399113113001154</k>
        <k>0.0016331322672300014</k>
        <k>1.9734541545442428E-4</k>
        <k>6.992636767150659E-8</k>
        <k>2.5553327153838187E-5</k>
        <k>-8.75328578502176E-8</k>
        <k>1024.999016715831</k>
        <k>1284.3107177974434</k>
    </moments><members>
    <section id="1526" first-pos="999">
        <run start="1276" length="4" level="150"/>
        <run start="1274" length="6" level="80"/>
        <run start="1273" length="7" level="93"/>
        <run start="1272" length="6" level="85"/>
    </section>
    <section id="1531" first-pos="1003">
        <run start="1272" length="23" level="38"/>
        <run start="1272" length="23" level="22"/>
        <run start="1272" length="22" level="29"/>
        <run start="1272" length="19" level="27"/>
        <run start="1272" length="17" level="46"/>
        <run start="1272" length="13" level="63"/>
        <run start="1273" length="9" level="75"/>
        <run start="1272" length="7" level="93"/>
        <run start="1272" length="5" level="81"/>
        <run start="1272" length="4" level="65"/>
        <run start="1272" length="4" level="65"/>
    </section>
    <section id="1528" first-pos="1000">
        <run start="1286" length="9" level="103"/>
        <run start="1284" length="11" level="47"/>
        <run start="1280" length="15" level="50"/>
    </section>
    <section id="1527" first-pos="999">
        <run start="1290" length="4" level="168"/>
    </section>
    <section id="1539" first-pos="1014">
        <run start="1272" length="23" level="27"/>
        <run start="1272" length="22" level="23"/>
        <run start="1272" length="20" level="38"/>
        <run start="1272" length="16" level="42"/>
        <run start="1273" length="13" level="72"/>
    </section>
    <section id="1537" first-pos="1009">
        <run start="1288" length="6" level="157"/>
        <run start="1285" length="10" level="79"/>
        <run start="1283" length="12" level="43"/>
        <run start="1280" length="15" level="42"/>
        <run start="1277" length="18" level="34"/>
    </section>
    <section id="1553" first-pos="1019">
        <run start="1274" length="8" level="84"/>
        <run start="1273" length="6" level="85"/>
        <run start="1272" length="6" level="109"/>
        <run start="1272" length="4" level="65"/>
        <run start="1272" length="4" level="65"/>
    </section>
    <section id="1561" first-pos="1024">
        <run start="1271" length="24" level="31"/>
        <run start="1271" length="24" level="18"/>
        <run start="1272" length="23" level="12"/>
        <run start="1272" length="23" level="12"/>
    </section>
    <section id="1554" first-pos="1020">
        <run start="1286" length="6" level="154"/>
        <run start="1284" length="9" level="73"/>
        <run start="1281" length="13" level="59"/>
        <run start="1277" length="17" level="43"/>
    </section>
    <section id="1578" first-pos="1028">
        <run start="1272" length="35" level="43"/>
    </section>
    <section id="1562" first-pos="1024">
        <run start="1303" length="3" level="167"/>
        <run start="1300" length="7" level="103"/>
        <run start="1298" length="9" level="62"/>
        <run start="1296" length="11" level="50"/>
    </section>
    <section id="1580" first-pos="1029">
        <run start="1273" length="10" level="69"/>
        <run start="1274" length="6" level="52"/>
        <run start="1273" length="5" level="85"/>
        <run start="1272" length="4" level="70"/>
        <run start="1272" length="4" level="65"/>
        <run start="1272" length="4" level="65"/>
    </section>
    <section id="1592" first-pos="1035">
        <run start="1271" length="25" level="42"/>
        <run start="1271" length="22" level="18"/>
        <run start="1271" length="19" level="17"/>
        <run start="1272" length="19" level="16"/>
        <run start="1272" length="20" level="41"/>
    </section>
    <section id="1587" first-pos="1032">
        <run start="1284" length="19" level="38"/>
        <run start="1282" length="19" level="38"/>
        <run start="1279" length="20" level="48"/>
    </section>
    <section id="1581" first-pos="1029">
        <run start="1288" length="19" level="14"/>
        <run start="1288" length="19" level="14"/>
        <run start="1286" length="21" level="39"/>
    </section>
    <section id="1588" first-pos="1032">
        <run start="1305" length="2" level="176"/>
    </section>
    <section id="1612" first-pos="1040">
        <run start="1272" length="11" level="53"/>
        <run start="1273" length="7" level="65"/>
        <run start="1274" length="4" level="77"/>
        <run start="1273" length="3" level="90"/>
        <run start="1272" length="3" level="90"/>
        <run start="1272" length="2" level="83"/>
        <run start="1272" length="2" level="128"/>
        <run start="1272" length="2" level="128"/>
        <run start="1272" length="2" level="63"/>
        <run start="1272" length="3" level="86"/>
        <run start="1272" length="2" level="14"/>
        <run start="1272" length="6" level="102"/>
    </section>
    <section id="1628" first-pos="1052">
        <run start="1273" length="17" level="24"/>
        <run start="1274" length="15" level="28"/>
        <run start="1275" length="12" level="58"/>
    </section>
    <section id="1613" first-pos="1040">
        <run start="1288" length="5" level="81"/>
        <run start="1290" length="4" level="95"/>
        <run start="1291" length="3" level="53"/>
        <run start="1291" length="4" level="65"/>
        <run start="1291" length="4" level="65"/>
        <run start="1291" length="4" level="65"/>
        <run start="1290" length="5" level="78"/>
        <run start="1289" length="5" level="54"/>
        <run start="1288" length="6" level="65"/>
        <run start="1286" length="7" level="57"/>
        <run start="1284" length="8" level="49"/>
        <run start="1279" length="12" level="62"/>
    </section>
    <section id="1642" first-pos="1055">
        <run start="1277" length="7" level="139"/>
    </section>
</members></stick>
