<?xml version="1.0" encoding="UTF-8"?>
<stick id="1319" interline="22" shape="TIME_THREE">
    <is-within-system>true</is-within-system>
    <has-ledger>false</has-ledger>
    <stem-number>0</stem-number>
    <step-line>-2.272727272727273</step-line>
    <moments>
        <k>1.243801652892562</k>
        <k>1.4545454545454546</k>
        <k>1.8636363636363635</k>
        <k>0.1271091666534964</k>
        <k>-0.0065180373028379856</k>
        <k>0.26503224077561655</k>
        <k>-0.019223653984313818</k>
        <k>-0.0013182122781177888</k>
        <k>-0.011080718546654928</k>
        <k>-0.008063544765188373</k>
        <k>0.39214140742911296</k>
        <k>0.0191927136164206</k>
        <k>2.134015130535677E-4</k>
        <k>0.0010063723597153577</k>
        <k>-3.8077361937422306E-7</k>
        <k>-1.2193524577712558E-4</k>
        <k>2.692928321416296E-7</k>
        <k>1903.3388704318936</k>
        <k>890.3488372093024</k>
    </moments><members>
    <section id="2777" first-pos="1887">
        <run start="897" length="6" level="42"/>
    </section>
    <section id="2783" first-pos="1888">
        <run start="894" length="11" level="48"/>
    </section>
    <section id="2787" first-pos="1889">
        <run start="894" length="6" level="86"/>
        <run start="894" length="6" level="86"/>
        <run start="894" length="6" level="86"/>
        <run start="894" length="6" level="88"/>
        <run start="894" length="5" level="105"/>
        <run start="894" length="4" level="134"/>
        <run start="894" length="2" level="200"/>
        <run start="894" length="1" level="200"/>
    </section>
    <section id="2788" first-pos="1889">
        <run start="901" length="6" level="45"/>
        <run start="902" length="6" level="45"/>
        <run start="903" length="5" level="52"/>
        <run start="903" length="6" level="45"/>
        <run start="904" length="5" level="52"/>
        <run start="904" length="6" level="45"/>
        <run start="905" length="5" level="52"/>
        <run start="905" length="5" level="52"/>
        <run start="905" length="6" level="45"/>
        <run start="905" length="6" level="44"/>
        <run start="905" length="6" level="44"/>
        <run start="905" length="6" level="44"/>
        <run start="905" length="6" level="44"/>
        <run start="905" length="6" level="44"/>
        <run start="905" length="6" level="44"/>
        <run start="905" length="6" level="44"/>
        <run start="904" length="7" level="38"/>
        <run start="904" length="7" level="37"/>
        <run start="903" length="8" level="33"/>
        <run start="902" length="8" level="32"/>
        <run start="901" length="9" level="29"/>
    </section>
    <section id="2869" first-pos="1910">
        <run start="870" length="39" level="48"/>
    </section>
    <section id="2867" first-pos="1907">
        <run start="870" length="23" level="100"/>
        <run start="870" length="23" level="36"/>
        <run start="870" length="27" level="59"/>
    </section>
    <section id="2839" first-pos="1901">
        <run start="870" length="1" level="200"/>
        <run start="870" length="3" level="200"/>
        <run start="870" length="4" level="184"/>
        <run start="870" length="4" level="177"/>
        <run start="870" length="5" level="142"/>
        <run start="870" length="6" level="124"/>
    </section>
    <section id="2833" first-pos="1899">
        <run start="886" length="3" level="82"/>
        <run start="886" length="4" level="65"/>
        <run start="886" length="4" level="61"/>
        <run start="885" length="5" level="49"/>
        <run start="885" length="6" level="41"/>
        <run start="884" length="7" level="36"/>
        <run start="884" length="8" level="30"/>
        <run start="883" length="9" level="12"/>
    </section>
    <section id="2870" first-pos="1911">
        <run start="870" length="17" level="46"/>
        <run start="870" length="16" level="49"/>
        <run start="870" length="15" level="62"/>
    </section>
    <section id="2884" first-pos="1914">
        <run start="871" length="3" level="184"/>
        <run start="873" length="1" level="174"/>
    </section>
    <section id="2885" first-pos="1914">
        <run start="875" length="8" level="69"/>
    </section>
    <section id="2871" first-pos="1911">
        <run start="889" length="20" level="54"/>
        <run start="889" length="19" level="57"/>
        <run start="890" length="17" level="64"/>
        <run start="891" length="15" level="72"/>
        <run start="892" length="12" level="80"/>
        <run start="892" length="10" level="100"/>
    </section>
    <section id="2890" first-pos="1917">
        <run start="893" length="2" level="200"/>
        <run start="894" length="1" level="200"/>
    </section>
    <section id="2781" first-pos="1888">
        <run start="871" length="3" level="209"/>
    </section>
    <section id="2786" first-pos="1889">
        <run start="871" length="10" level="91"/>
        <run start="871" length="11" level="46"/>
        <run start="871" length="12" level="44"/>
        <run start="871" length="12" level="52"/>
    </section>
    <section id="2782" first-pos="1888">
        <run start="876" length="4" level="212"/>
    </section>
    <section id="2809" first-pos="1893">
        <run start="871" length="4" level="142"/>
        <run start="871" length="3" level="173"/>
        <run start="871" length="3" level="182"/>
    </section>
    <section id="2810" first-pos="1893">
        <run start="876" length="7" level="37"/>
        <run start="876" length="7" level="49"/>
        <run start="877" length="5" level="84"/>
    </section>
</members></stick>
