<?xml version="1.0" encoding="UTF-8"?>
<stick id="165" interline="22" shape="TIME_FOUR_FOUR">
    <is-within-system>true</is-within-system>
    <has-ledger>false</has-ledger>
    <stem-number>0</stem-number>
    <step-line>0.0</step-line>
    <moments>
        <k>2.105371900826446</k>
        <k>1.3181818181818181</k>
        <k>4.0</k>
        <k>0.036334171122606</k>
        <k>0.004875098231141813</k>
        <k>0.6125130474386294</k>
        <k>-0.007057594468161704</k>
        <k>0.002901898532973252</k>
        <k>0.009052259428325105</k>
        <k>0.03333398982652904</k>
        <k>0.6488472185612354</k>
        <k>0.3320771638438486</k>
        <k>0.0017771761794522977</k>
        <k>0.0013170182935056173</k>
        <k>1.4296997878760945E-6</k>
        <k>7.556627064358927E-4</k>
        <k>-1.4197782768384863E-6</k>
        <k>383.4072620215898</k>
        <k>570.2551521099117</k>
    </moments><members>
    <section id="598" first-pos="365">
        <run start="557" length="3" level="203"/>
        <run start="556" length="4" level="108"/>
        <run start="555" length="5" level="86"/>
        <run start="554" length="6" level="72"/>
        <run start="552" length="8" level="95"/>
    </section>
    <section id="607" first-pos="370">
        <run start="550" length="6" level="109"/>
        <run start="549" length="6" level="100"/>
        <run start="548" length="6" level="149"/>
        <run start="547" length="5" level="193"/>
        <run start="545" length="6" level="194"/>
        <run start="543" length="6" level="141"/>
        <run start="541" length="8" level="105"/>
        <run start="539" length="8" level="73"/>
        <run start="537" length="9" level="72"/>
        <run start="535" length="10" level="75"/>
        <run start="531" length="12" level="76"/>
        <run start="530" length="12" level="37"/>
        <run start="528" length="13" level="50"/>
        <run start="527" length="13" level="74"/>
        <run start="527" length="11" level="78"/>
        <run start="527" length="10" level="86"/>
        <run start="527" length="9" level="109"/>
        <run start="527" length="7" level="123"/>
        <run start="527" length="6" level="144"/>
        <run start="527" length="5" level="173"/>
        <run start="527" length="4" level="200"/>
        <run start="527" length="3" level="200"/>
        <run start="527" length="1" level="200"/>
    </section>
    <section id="608" first-pos="370">
        <run start="557" length="3" level="112"/>
        <run start="558" length="2" level="128"/>
        <run start="558" length="2" level="129"/>
        <run start="558" length="2" level="129"/>
        <run start="558" length="2" level="129"/>
        <run start="558" length="2" level="129"/>
        <run start="558" length="2" level="129"/>
        <run start="558" length="2" level="129"/>
        <run start="558" length="2" level="129"/>
        <run start="558" length="2" level="129"/>
        <run start="558" length="2" level="129"/>
        <run start="558" length="2" level="129"/>
    </section>
    <section id="622" first-pos="382">
        <run start="557" length="28" level="99"/>
    </section>
    <section id="620" first-pos="381">
        <run start="565" length="6" level="206"/>
    </section>
    <section id="611" first-pos="371">
        <run start="596" length="4" level="65"/>
        <run start="594" length="5" level="28"/>
        <run start="592" length="5" level="106"/>
        <run start="590" length="6" level="156"/>
        <run start="589" length="6" level="175"/>
        <run start="587" length="7" level="164"/>
        <run start="585" length="8" level="118"/>
        <run start="583" length="8" level="67"/>
        <run start="580" length="10" level="62"/>
        <run start="577" length="11" level="63"/>
        <run start="574" length="13" level="55"/>
    </section>
    <section id="601" first-pos="367">
        <run start="601" length="4" level="64"/>
        <run start="600" length="5" level="51"/>
        <run start="599" length="6" level="43"/>
        <run start="597" length="8" level="66"/>
    </section>
    <section id="612" first-pos="371">
        <run start="603" length="2" level="128"/>
        <run start="603" length="2" level="128"/>
        <run start="603" length="2" level="129"/>
        <run start="603" length="2" level="129"/>
        <run start="603" length="2" level="129"/>
        <run start="603" length="2" level="129"/>
        <run start="603" length="2" level="129"/>
        <run start="603" length="2" level="129"/>
        <run start="603" length="2" level="129"/>
        <run start="603" length="2" level="129"/>
        <run start="603" length="2" level="129"/>
        <run start="603" length="2" level="129"/>
        <run start="603" length="2" level="127"/>
    </section>
    <section id="627" first-pos="384">
        <run start="587" length="28" level="55"/>
        <run start="586" length="29" level="53"/>
        <run start="585" length="30" level="51"/>
        <run start="583" length="32" level="55"/>
        <run start="582" length="33" level="46"/>
        <run start="581" length="34" level="45"/>
        <run start="580" length="35" level="52"/>
    </section>
    <section id="625" first-pos="383">
        <run start="588" length="1" level="227"/>
    </section>
    <section id="626" first-pos="383">
        <run start="591" length="4" level="180"/>
    </section>
    <section id="623" first-pos="382">
        <run start="610" length="5" level="149"/>
        <run start="609" length="6" level="123"/>
    </section>
    <section id="644" first-pos="391">
        <run start="585" length="10" level="119"/>
    </section>
    <section id="648" first-pos="392">
        <run start="589" length="2" level="163"/>
    </section>
    <section id="645" first-pos="391">
        <run start="603" length="3" level="86"/>
        <run start="603" length="2" level="128"/>
        <run start="603" length="2" level="129"/>
    </section>
    <section id="646" first-pos="391">
        <run start="610" length="5" level="142"/>
        <run start="611" length="4" level="177"/>
    </section>
    <section id="624" first-pos="383">
        <run start="543" length="41" level="75"/>
        <run start="541" length="42" level="53"/>
        <run start="540" length="42" level="50"/>
        <run start="539" length="41" level="51"/>
        <run start="538" length="41" level="51"/>
        <run start="536" length="42" level="55"/>
        <run start="535" length="42" level="50"/>
        <run start="535" length="41" level="108"/>
    </section>
    <section id="621" first-pos="382">
        <run start="545" length="9" level="199"/>
    </section>
    <section id="619" first-pos="381">
        <run start="547" length="2" level="200"/>
    </section>
    <section id="641" first-pos="391">
        <run start="548" length="4" level="196"/>
    </section>
    <section id="642" first-pos="391">
        <run start="558" length="3" level="145"/>
        <run start="558" length="3" level="111"/>
        <run start="558" length="2" level="167"/>
    </section>
    <section id="643" first-pos="391">
        <run start="565" length="6" level="147"/>
    </section>
</members></stick>
