<?xml version="1.0" encoding="UTF-8"?>
<stick id="458" interline="22" shape="TIME_FOUR">
    <is-within-system>true</is-within-system>
    <has-ledger>false</has-ledger>
    <stem-number>0</stem-number>
    <step-line>2.13953488372093</step-line>
    <moments>
        <k>0.987603305785124</k>
        <k>1.3181818181818181</k>
        <k>1.8181818181818181</k>
        <k>0.08332789148543905</k>
        <k>-0.020574927964339667</k>
        <k>0.24315120094105427</k>
        <k>-0.021781145660998133</k>
        <k>0.01788910278683372</k>
        <k>0.011545450711341857</k>
        <k>-0.020546763912951477</k>
        <k>0.3264790924264933</k>
        <k>0.027236800888296418</k>
        <k>0.008690662580860757</k>
        <k>1.1183261376369649E-4</k>
        <k>-1.2334654532138523E-8</k>
        <k>-1.7854542139964478E-5</k>
        <k>-1.0955797598152687E-7</k>
        <k>1905.5292887029289</k>
        <k>1185.2887029288702</k>
    </moments><members>
    <section id="2785" first-pos="1888">
        <run start="1196" length="2" level="120"/>
        <run start="1195" length="4" level="62"/>
        <run start="1194" length="5" level="49"/>
        <run start="1193" length="6" level="41"/>
        <run start="1191" length="8" level="39"/>
    </section>
    <section id="2813" first-pos="1893">
        <run start="1189" length="5" level="99"/>
        <run start="1188" length="5" level="53"/>
        <run start="1184" length="8" level="102"/>
        <run start="1182" length="8" level="94"/>
        <run start="1182" length="7" level="113"/>
        <run start="1181" length="6" level="160"/>
        <run start="1179" length="7" level="180"/>
        <run start="1177" length="8" level="139"/>
        <run start="1175" length="8" level="89"/>
        <run start="1171" length="12" level="94"/>
        <run start="1168" length="13" level="60"/>
        <run start="1166" length="14" level="49"/>
        <run start="1165" length="14" level="40"/>
        <run start="1165" length="12" level="27"/>
        <run start="1165" length="11" level="29"/>
        <run start="1165" length="10" level="32"/>
        <run start="1165" length="9" level="42"/>
        <run start="1165" length="7" level="46"/>
        <run start="1165" length="6" level="54"/>
        <run start="1165" length="5" level="65"/>
        <run start="1165" length="4" level="115"/>
    </section>
    <section id="2814" first-pos="1893">
        <run start="1196" length="3" level="86"/>
        <run start="1196" length="3" level="86"/>
        <run start="1196" length="3" level="91"/>
        <run start="1197" length="2" level="129"/>
        <run start="1197" length="2" level="129"/>
        <run start="1197" length="2" level="129"/>
        <run start="1197" length="2" level="129"/>
        <run start="1197" length="2" level="129"/>
        <run start="1197" length="2" level="129"/>
        <run start="1197" length="2" level="129"/>
        <run start="1197" length="2" level="129"/>
        <run start="1197" length="2" level="125"/>
        <run start="1196" length="3" level="80"/>
    </section>
    <section id="2865" first-pos="1906">
        <run start="1182" length="23" level="44"/>
        <run start="1180" length="25" level="53"/>
        <run start="1179" length="26" level="51"/>
        <run start="1176" length="29" level="60"/>
        <run start="1175" length="30" level="51"/>
        <run start="1174" length="31" level="50"/>
        <run start="1174" length="31" level="46"/>
    </section>
    <section id="2864" first-pos="1905">
        <run start="1182" length="9" level="204"/>
    </section>
    <section id="2862" first-pos="1904">
        <run start="1182" length="4" level="184"/>
    </section>
    <section id="2881" first-pos="1913">
        <run start="1174" length="20" level="82"/>
    </section>
    <section id="2886" first-pos="1914">
        <run start="1182" length="4" level="191"/>
    </section>
    <section id="2882" first-pos="1913">
        <run start="1196" length="5" level="60"/>
        <run start="1197" length="2" level="128"/>
        <run start="1197" length="2" level="128"/>
        <run start="1197" length="2" level="136"/>
    </section>
    <section id="2883" first-pos="1913">
        <run start="1202" length="1" level="112"/>
    </section>
</members></stick>
