<?xml version="1.0" encoding="UTF-8"?>
<stick id="1306" interline="22" shape="VOID_NOTEHEAD">
    <is-within-system>true</is-within-system>
    <has-ledger>false</has-ledger>
    <stem-number>1</stem-number>
    <step-line>5.116279069767442</step-line>
    <moments>
        <k>0.6157024793388429</k>
        <k>1.0909090909090908</k>
        <k>1.0909090909090908</k>
        <k>0.15581002760320745</k>
        <k>8.578578448458729E-4</k>
        <k>0.19886476484371401</k>
        <k>-7.489680647233174E-4</k>
        <k>-5.26371970592728E-4</k>
        <k>0.007607955376153872</k>
        <k>0.00278642204217401</k>
        <k>0.35467479244692146</k>
        <k>0.0018566540791769175</k>
        <k>5.747364335267859E-4</k>
        <k>5.215353326441991E-5</k>
        <k>-6.471143376610893E-9</k>
        <k>-1.752431565596621E-6</k>
        <k>6.297203482662643E-9</k>
        <k>2245.0906040268455</k>
        <k>1804.993288590604</k>
    </moments><members>
    <section id="3234" first-pos="2233">
        <run start="1805" length="4" level="62"/>
    </section>
    <section id="3242" first-pos="2234">
        <run start="1802" length="11" level="25"/>
    </section>
    <section id="3246" first-pos="2235">
        <run start="1800" length="8" level="33"/>
        <run start="1799" length="8" level="34"/>
        <run start="1798" length="8" level="33"/>
        <run start="1794" length="11" level="76"/>
        <run start="1794" length="10" level="61"/>
        <run start="1794" length="9" level="66"/>
        <run start="1794" length="9" level="68"/>
        <run start="1794" length="8" level="74"/>
        <run start="1794" length="8" level="77"/>
        <run start="1794" length="7" level="88"/>
        <run start="1794" length="6" level="99"/>
        <run start="1794" length="6" level="104"/>
        <run start="1794" length="5" level="120"/>
        <run start="1794" length="5" level="120"/>
        <run start="1794" length="5" level="126"/>
        <run start="1794" length="4" level="151"/>
        <run start="1794" length="4" level="151"/>
        <run start="1794" length="4" level="152"/>
        <run start="1794" length="4" level="147"/>
        <run start="1794" length="5" level="118"/>
        <run start="1794" length="6" level="99"/>
        <run start="1794" length="8" level="75"/>
    </section>
    <section id="3247" first-pos="2235">
        <run start="1809" length="5" level="54"/>
        <run start="1812" length="4" level="65"/>
        <run start="1813" length="3" level="86"/>
        <run start="1813" length="4" level="66"/>
        <run start="1814" length="3" level="85"/>
        <run start="1814" length="3" level="86"/>
        <run start="1814" length="4" level="66"/>
        <run start="1813" length="5" level="52"/>
        <run start="1813" length="5" level="52"/>
        <run start="1813" length="5" level="52"/>
        <run start="1812" length="6" level="43"/>
        <run start="1811" length="7" level="37"/>
        <run start="1811" length="7" level="37"/>
        <run start="1810" length="8" level="33"/>
        <run start="1810" length="7" level="37"/>
        <run start="1809" length="8" level="33"/>
        <run start="1808" length="9" level="29"/>
        <run start="1808" length="8" level="32"/>
        <run start="1807" length="8" level="32"/>
        <run start="1806" length="9" level="29"/>
        <run start="1805" length="9" level="29"/>
        <run start="1804" length="8" level="33"/>
    </section>
</members></stick>
