<?xml version="1.0" encoding="UTF-8" standalone="yes"?>
<samples sheet-name="IMSLP00693#2">
    <sample shape="C_CLEF" interline="14" pitch="0.1" left="328" top="1738" id="1022">
        <run-table orientation="VERTICAL" width="42" height="61">
            <runs>0 40 1</runs>
            <runs>0 1 18 21 2</runs>
            <runs>0 1 35 1 1 2 7 5 4</runs>
            <runs>0 1 59</runs>
            <runs>60</runs>
            <runs>60</runs>
            <runs>0 1 60</runs>
            <runs>0 1 60</runs>
            <runs>0 1 60</runs>
            <runs>0 5 9 1 46</runs>
            <runs>0 1 18 21 2</runs>
            <runs>19 20 2</runs>
            <runs>47 2 12</runs>
            <runs>0 1 60</runs>
            <runs>0 1 13 1 46</runs>
            <runs>0 15 46</runs>
            <runs>0 7 5 39 10</runs>
            <runs>0 5 7 15 7</runs>
            <runs>0 1 11 14 8 16 6</runs>
            <runs>0 2 12 8 15 1 2 7 14</runs>
            <runs>0 1 13 6 21 6 14</runs>
            <runs>0 1 13 1 31 1 14</runs>
            <runs>0 1 13 1 31 1 14</runs>
            <runs>0 1 13 6 23 4 14</runs>
            <runs>0 5 8 8 7 1 12 6 14</runs>
            <runs>0 6 6 10 4 8 5 5 17</runs>
            <runs>0 6 6 11 3 9 3 5 13</runs>
            <runs>0 24 3 7 4 10 7</runs>
            <runs>0 24 4 6 3</runs>
            <runs>0 24 4 1 8</runs>
            <runs>0 23 5 1 9</runs>
            <runs>0 5 2 16 5 5 6</runs>
            <runs>0 1 18 2 7 1 10 15 7</runs>
            <runs>0 2 26 1 32</runs>
            <runs>0 2 25 2 32</runs>
            <runs>0 2 25 2 32</runs>
            <runs>0 2 25 2 32</runs>
            <runs>0 6 18 11 26</runs>
            <runs>0 10 14 13 19</runs>
            <runs>0 20 1 17 16</runs>
            <runs>0 39 13</runs>
            <runs>0 40 2</runs>
        </run-table>
    </sample>
    <sample shape="C_CLEF" interline="14" pitch="-0.2" left="325" top="2777" id="1180">
        <run-table orientation="VERTICAL" width="40" height="60">
            <runs>0 9 4 7 1 1 3 11 1</runs>
            <runs>45 2 12</runs>
            <runs>59</runs>
            <runs>60</runs>
            <runs>60</runs>
            <runs>60</runs>
            <runs>60</runs>
            <runs>60</runs>
            <runs>19 4 37</runs>
            <runs></runs>
            <runs>0 6 2</runs>
            <runs>55</runs>
            <runs>59</runs>
            <runs>0 1 19 6 7 2 24</runs>
            <runs></runs>
            <runs>0 7 2</runs>
            <runs>0 1 12 12 8 16 5</runs>
            <runs>0 1 12 11 10 13 8</runs>
            <runs>0 1 13 8 15 10 12</runs>
            <runs>0 1 13 1 29 3 13</runs>
            <runs>0 2 43 1 13</runs>
            <runs>0 1 13 1 27 4 13</runs>
            <runs>0 1 13 7 4 8 5 8 8</runs>
            <runs>14 8 3 9 3 10 7</runs>
            <runs>0 6 7 10 2 9 3 10 6</runs>
            <runs>0 7 2 15 2 7 2 1 2 11 3</runs>
            <runs>0 24 2 7 2 2 1</runs>
            <runs>0 24 2 7 2 2 1</runs>
            <runs>0 24 3 6 2</runs>
            <runs>0 24 3 6 3</runs>
            <runs>0 5 2 15 4 7 4 16 2</runs>
            <runs>0 1 25 7 8 7 12</runs>
            <runs>0 1 25 7 27</runs>
            <runs>0 1 25 7 27</runs>
            <runs>0 1 24 8 22</runs>
            <runs>0 1 24 9 21</runs>
            <runs>0 6 18 12 18</runs>
            <runs>0 1 22 13 17</runs>
            <runs>0 8 14 16 13</runs>
            <runs>0 45 3</runs>
        </run-table>
    </sample>
    <sample shape="F_CLEF" interline="14" pitch="-1.5" left="332" top="440" id="783">
        <run-table orientation="VERTICAL" width="42" height="49">
            <runs>0 9 9 29 2</runs>
            <runs>0 9 10 28 2</runs>
            <runs>0 7 13 26 3</runs>
            <runs>0 6 15 25 3</runs>
            <runs>0 5 17 24 3</runs>
            <runs>0 5 17 24 3</runs>
            <runs>7 2 14 23 3</runs>
            <runs>7 2 14 23 2</runs>
            <runs>0 9 14 23 2</runs>
            <runs>0 9 14 23 1</runs>
            <runs>0 9 14 23 1</runs>
            <runs>0 10 13</runs>
            <runs>0 11 10 20 1</runs>
            <runs>0 11 9 20 2</runs>
            <runs>0 40 2</runs>
            <runs>0 38 7</runs>
            <runs>0 5 1 31 8</runs>
            <runs>0 5 1 30 9</runs>
            <runs>0 5 2 29 6</runs>
            <runs>0 5 2 27 7</runs>
            <runs>0 1 8 20 12</runs>
            <runs>0 1 9 19 11</runs>
            <runs>11 16 13</runs>
            <runs>0 1 12 9 1 2 13</runs>
            <runs>0 1 35</runs>
            <runs>0 1 35</runs>
            <runs>0 5 30</runs>
            <runs>0 6 28</runs>
            <runs>0 7 25</runs>
            <runs>0 8 23</runs>
            <runs>0 9 22</runs>
            <runs>0 11 16</runs>
            <runs>0 14 10</runs>
            <runs></runs>
            <runs>0 8 4</runs>
            <runs>0 6 7 7 7</runs>
            <runs>0 6 7 7 7</runs>
            <runs>0 6 7 6 8</runs>
            <runs>0 6 7 6 8</runs>
            <runs>0 6 7 7 7</runs>
            <runs>0 6 7 7 7</runs>
            <runs>0 7 5 8 7</runs>
        </run-table>
    </sample>
    <sample shape="F_CLEF" interline="14" pitch="-1.2" left="330" top="908" id="876">
        <run-table orientation="VERTICAL" width="44" height="49">
            <runs>0 47 2</runs>
            <runs>0 10 7 29 3</runs>
            <runs>0 8 11 27 3</runs>
            <runs>0 6 14 26 3</runs>
            <runs>0 6 15 21 7</runs>
            <runs>0 4 18 20 7</runs>
            <runs>0 4 18 20 7</runs>
            <runs>0 4 3 2 13 20 7</runs>
            <runs>0 4 2 3 13 19 8</runs>
            <runs>0 4 1 5 12 19 7</runs>
            <runs>0 10 12 19 7</runs>
            <runs>0 10 12 18 7</runs>
            <runs>0 10 12 18 7</runs>
            <runs>0 10 12 18 6</runs>
            <runs>0 11 10 18 7</runs>
            <runs>0 39 6</runs>
            <runs>0 38 8</runs>
            <runs>0 36 9</runs>
            <runs>0 35 10</runs>
            <runs>0 4 2 28 11</runs>
            <runs>0 4 2 27 8</runs>
            <runs>7 25 8</runs>
            <runs>0 1 8 20 11</runs>
            <runs>0 1 10 17 12</runs>
            <runs>0 1 12 13 13</runs>
            <runs>38</runs>
            <runs>0 1 35</runs>
            <runs>0 4 31</runs>
            <runs>0 5 28</runs>
            <runs>0 6 26</runs>
            <runs>0 7 24</runs>
            <runs>0 9 22</runs>
            <runs>0 10 18</runs>
            <runs>0 12 13</runs>
            <runs></runs>
            <runs>0 6 6 9 4</runs>
            <runs>0 6 7 7 6</runs>
            <runs>0 5 8 7 7</runs>
            <runs>0 5 8 7 7</runs>
            <runs>0 5 8 7 7</runs>
            <runs>0 5 8 7 7</runs>
            <runs>0 5 8 7 7</runs>
            <runs>0 6 6 9 5</runs>
            <runs>0 8 3 11 2</runs>
        </run-table>
    </sample>
    <sample shape="SHARP" interline="14" pitch="-2.1" left="381" top="902" id="931">
        <run-table orientation="VERTICAL" width="16" height="43">
            <runs>0 13 6 9 9</runs>
            <runs>0 1 1 11 6 9 9</runs>
            <runs>0 1 42</runs>
            <runs>0 1 42</runs>
            <runs>0 1 42</runs>
            <runs>0 2 41</runs>
            <runs>0 7 11 9 11 1 4</runs>
            <runs>0 11 7 8 7</runs>
            <runs>2 5 11 8 7</runs>
            <runs>6 1 11 7 12 3 1</runs>
            <runs>42</runs>
            <runs>42</runs>
            <runs>0 3 3 1 35</runs>
            <runs>0 7 9 3 13 6 3</runs>
            <runs>0 7 8 6 9</runs>
            <runs>0 7 8 10 5</runs>
        </run-table>
    </sample>
    <sample shape="SHARP" interline="14" pitch="-2.1" left="374" top="2373" id="1267">
        <run-table orientation="VERTICAL" width="17" height="44">
            <runs>0 13 6 9 5</runs>
            <runs>0 12 7 9 9</runs>
            <runs>0 2 17 8 10 1 1 2 1</runs>
            <runs>0 1 22 1 20</runs>
            <runs>0 1 43</runs>
            <runs>0 1 43</runs>
            <runs>0 1 18 7 18</runs>
            <runs>0 2 1 4 11 8 11 3 2</runs>
            <runs>0 10 8 8 7</runs>
            <runs>18 6 17</runs>
            <runs>41</runs>
            <runs>42</runs>
            <runs>42</runs>
            <runs>41</runs>
            <runs>0 7 9 4 12</runs>
            <runs>0 7 9 8 7</runs>
            <runs>0 7 8 9 6</runs>
        </run-table>
    </sample>
</samples>
