<?xml version="1.0" encoding="UTF-8" standalone="yes"?>
<samples sheet-name="IMSLP00003#26">
    <sample shape="G_CLEF" interline="22" pitch="0.3" left="232" top="846" id="340">
        <run-table orientation="VERTICAL" width="57" height="157">
            <runs>0 85 17</runs>
            <runs>0 83 23</runs>
            <runs>0 80 28</runs>
            <runs>0 76 33</runs>
            <runs>0 75 35</runs>
            <runs>0 73 38</runs>
            <runs>0 72 40</runs>
            <runs>0 70 44</runs>
            <runs>0 68 27 9 10</runs>
            <runs>0 66 23 19 8 26 3</runs>
            <runs>0 65 20 24 8 21 11</runs>
            <runs>0 64 20 27 6 20 13</runs>
            <runs>0 63 19 30 6 18 16</runs>
            <runs>0 62 19 33 8 14 17</runs>
            <runs>0 62 19 34 7 14 18</runs>
            <runs>0 61 18 37 3 16 20</runs>
            <runs>0 59 19 18 8 13 2 16 20</runs>
            <runs>0 58 20 13 16 10 2 16 21</runs>
            <runs>0 58 17 13 21 9 1 16 21</runs>
            <runs>0 54 20 13 23 8 1 15 22</runs>
            <runs>0 54 18 14 15 5 5 7 1 15 22</runs>
            <runs>0 54 18 13 16 8 3 23 22</runs>
            <runs>0 27 22 5 17 13 10 16 3 22 16 1 5</runs>
            <runs>0 23 47 13 10 18 3 21 16 2 4</runs>
            <runs>0 19 51 12 10 44 14 3 4</runs>
            <runs>0 18 51 12 10 46 12 4 4</runs>
            <runs>0 15 26 2 2 1 23 11 10 48 10 5 3</runs>
            <runs>0 13 27 9 23 8 9 50 8 6 3</runs>
            <runs>0 12 24 12 41 64 3</runs>
            <runs>0 10 25 13 17 3 21 63 4</runs>
            <runs>0 9 19 19 17 11 16 9 2 50 3</runs>
            <runs>0 8 17 21 17 13 29 47 3</runs>
            <runs>0 6 17 22 17 14 36 39 4</runs>
            <runs>0 5 17 22 17 15 12 6 29 27 4</runs>
            <runs>0 4 16 22 18 16 12 16 20 25 5</runs>
            <runs>0 3 16 22 18 17 12 25 21 13 6</runs>
            <runs>0 2 15 23 17 19 12 29 21 7 7</runs>
            <runs>16 24 17 19 11 31 33</runs>
            <runs>14 25 18 19 12 39 23</runs>
            <runs>0 2 11 19 24 19 13 45 15</runs>
            <runs>0 3 10 19 20 24 12 52 5</runs>
            <runs>0 5 9 18 18 25 13</runs>
            <runs>0 7 9 12 20 28 12</runs>
            <runs>0 8 12 1 24 31 13 26 7</runs>
            <runs>0 10 32 37 11 24 4</runs>
            <runs>0 13 27 40 10 23 4</runs>
            <runs>0 19 20 41 11 21 5</runs>
            <runs>0 27 8 46 11 19 5</runs>
            <runs>0 81 12 16 6</runs>
            <runs>0 82 13 10 9</runs>
            <runs>0 84 29</runs>
            <runs>0 85 27</runs>
            <runs>0 86 24</runs>
            <runs>0 87 21</runs>
            <runs>0 90 15</runs>
            <runs>0 92 10</runs>
            <runs>0 94 1 1 2</runs>
        </run-table>
    </sample>
    <sample shape="G_CLEF" interline="22" pitch="0.4" left="232" top="1372" id="357">
        <run-table orientation="VERTICAL" width="57" height="156">
            <runs>0 90 1 2 1</runs>
            <runs>0 85 16</runs>
            <runs>0 85 18</runs>
            <runs>0 81 24</runs>
            <runs>0 75 32</runs>
            <runs>0 76 33</runs>
            <runs>0 75 36</runs>
            <runs>0 73 39</runs>
            <runs>0 71 42</runs>
            <runs>0 70 18 1 1 10 2 1 11 28 5</runs>
            <runs>0 68 18 20 9 24 10</runs>
            <runs>0 67 18 23 8 21 13</runs>
            <runs>0 63 21 26 6 20 15</runs>
            <runs>0 62 21 28 6 18 17</runs>
            <runs>0 61 20 32 5 17 18</runs>
            <runs>0 60 19 35 8 13 18</runs>
            <runs>0 59 19 36 8 12 20</runs>
            <runs>0 58 20 13 9 15 7 11 21</runs>
            <runs>0 58 20 11 17 9 4 14 21</runs>
            <runs>0 57 17 13 20 9 3 14 22</runs>
            <runs>0 54 19 12 23 9 2 15 21</runs>
            <runs>0 54 18 13 15 3 6 8 2 15 16 2 3</runs>
            <runs>0 54 17 13 10 12 4 8 1 15 16 2 3</runs>
            <runs>0 53 17 13 9 16 3 7 1 15 16 2 4</runs>
            <runs>0 28 13 11 17 13 9 19 1 7 1 15 15 3 4</runs>
            <runs>0 26 21 3 18 13 9 28 1 16 13 4 4</runs>
            <runs>0 22 46 12 8 47 12 5 3</runs>
            <runs>0 20 47 12 9 49 7 8 3</runs>
            <runs>0 17 21 8 23 6 13 50 4 10 3</runs>
            <runs>0 15 20 12 27 1 13 53 1 10 3</runs>
            <runs>0 13 22 13 39 64 3</runs>
            <runs>0 11 17 20 16 4 20 2 2 59 3</runs>
            <runs>0 10 18 19 16 11 27 17 1 31 4</runs>
            <runs>0 9 17 19 17 13 12 3 16 2 1 9 1 30 4</runs>
            <runs>0 8 15 22 16 14 12 9 19 2 2 29 5</runs>
            <runs>0 6 15 22 17 16 10 16 20 24 6</runs>
            <runs>0 2 2 1 14 24 16 18 9 21 2 1 18 1 4 11 7</runs>
            <runs>0 3 14 25 16 18 10 29 35</runs>
            <runs>0 2 14 25 16 19 10 31 32</runs>
            <runs>0 2 14 23 17 20 10 31 2 8 20</runs>
            <runs>0 1 13 23 19 20 10 31 2 12 12</runs>
            <runs>13 19 20 24 10 30 3 22 1</runs>
            <runs>0 1 11 20 19 25 11 28 4</runs>
            <runs>0 3 8 20 17 28 11 28 3</runs>
            <runs>0 4 8 16 19 29 12 27 3</runs>
            <runs>0 7 7 14 17 31 13 25 3</runs>
            <runs>0 9 9 1 23 37 10 24 3</runs>
            <runs>0 11 28 41 10 22 3</runs>
            <runs>0 15 22 43 11 19 5</runs>
            <runs>0 20 8 53 12 16 5</runs>
            <runs>0 81 13 12 7</runs>
            <runs>0 82 18 3 9</runs>
            <runs>0 83 28</runs>
            <runs>0 84 1 2 22</runs>
            <runs>0 88 19</runs>
            <runs>0 90 15</runs>
            <runs>0 92 8</runs>
        </run-table>
    </sample>
    <sample shape="G_CLEF" interline="22" pitch="0.5" left="238" top="1914" id="366">
        <run-table orientation="VERTICAL" width="56" height="155">
            <runs>0 86 14</runs>
            <runs>0 82 19</runs>
            <runs>0 76 28</runs>
            <runs>0 76 31</runs>
            <runs>0 75 33</runs>
            <runs>0 73 37</runs>
            <runs>0 72 39</runs>
            <runs>0 70 42</runs>
            <runs>0 69 27 1 15 27 6</runs>
            <runs>0 67 20 17 10 23 12</runs>
            <runs>0 66 19 21 8 22 14</runs>
            <runs>0 65 18 25 8 19 16</runs>
            <runs>0 64 19 27 8 16 18</runs>
            <runs>0 63 18 30 7 16 18</runs>
            <runs>0 61 18 33 10 11 20</runs>
            <runs>0 60 18 35 9 11 20</runs>
            <runs>0 60 18 14 9 13 7 12 21</runs>
            <runs>0 59 19 11 13 12 7 12 21</runs>
            <runs>0 58 20 8 19 11 2 15 21</runs>
            <runs>0 57 16 12 22 9 2 15 21</runs>
            <runs>0 57 15 12 24 9 1 15 17 1 4</runs>
            <runs>0 54 16 13 11 11 4 8 1 15 16 2 4</runs>
            <runs>0 54 15 13 11 14 4 6 1 16 15 2 4</runs>
            <runs>0 34 2 18 14 13 10 18 2 6 1 16 14 4 3</runs>
            <runs>0 25 17 12 14 12 10 20 2 23 12 5 3</runs>
            <runs>0 21 26 5 15 12 10 48 9 5 4</runs>
            <runs>0 18 49 12 9 51 5 8 3</runs>
            <runs>0 16 56 3 12 65 3</runs>
            <runs>0 13 24 12 25 1 12 64 3</runs>
            <runs>0 12 23 14 38 64 3</runs>
            <runs>0 11 19 18 16 6 1 2 17 61 3</runs>
            <runs>0 10 17 21 14 13 16 3 3 53 3</runs>
            <runs>0 8 17 22 14 14 33 7 1 33 4</runs>
            <runs>0 7 16 23 14 15 12 7 30 23 5</runs>
            <runs>0 6 14 25 14 16 11 11 35 12 7</runs>
            <runs>0 4 16 24 14 17 11 19 32 2 12</runs>
            <runs>0 3 15 24 15 18 11 25 4 1 34</runs>
            <runs>0 2 15 24 16 18 11 30 3 6 23</runs>
            <runs>0 1 15 24 16 19 11 30 3 16 12</runs>
            <runs>15 24 17 19 11 30 3 21 1</runs>
            <runs>14 24 18 20 10 29 4</runs>
            <runs>13 22 17 24 11 28 3</runs>
            <runs>0 2 10 20 18 25 12 27 3</runs>
            <runs>0 3 10 16 19 27 13 25 4</runs>
            <runs>0 5 12 7 1 1 20 33 9 25 3</runs>
            <runs>0 8 36 35 10 23 5</runs>
            <runs>0 11 30 40 10 21 4</runs>
            <runs>0 14 26 41 10 20 4</runs>
            <runs>0 21 1 1 12 47 12 16 5</runs>
            <runs>0 83 13 12 6</runs>
            <runs>0 84 29</runs>
            <runs>0 85 27</runs>
            <runs>0 86 24</runs>
            <runs>0 89 20</runs>
            <runs>0 92 15</runs>
            <runs>0 95 8</runs>
        </run-table>
    </sample>
    <sample shape="G_CLEF" interline="22" pitch="0.4" left="242" top="2102" id="368">
        <run-table orientation="VERTICAL" width="55" height="154">
            <runs>0 82 20</runs>
            <runs>0 80 24</runs>
            <runs>0 75 30</runs>
            <runs>0 75 32</runs>
            <runs>0 74 34</runs>
            <runs>0 72 38</runs>
            <runs>0 69 41</runs>
            <runs>0 68 31 1 12 25 3</runs>
            <runs>0 67 21 15 10 22 11</runs>
            <runs>0 66 20 19 8 21 14</runs>
            <runs>0 65 18 25 6 19 16</runs>
            <runs>0 63 18 27 7 17 18</runs>
            <runs>0 62 18 30 6 16 19</runs>
            <runs>0 61 17 33 9 11 20</runs>
            <runs>0 61 16 34 8 12 20</runs>
            <runs>0 59 18 35 7 12 22</runs>
            <runs>0 58 19 15 7 14 4 14 22</runs>
            <runs>0 57 16 16 14 11 3 14 22</runs>
            <runs>0 56 16 15 18 9 3 14 22</runs>
            <runs>0 56 15 14 13 1 8 8 2 14 23</runs>
            <runs>0 53 17 13 15 5 4 8 2 14 17 1 4</runs>
            <runs>0 53 16 13 10 13 3 8 1 15 16 1 4</runs>
            <runs>0 53 15 13 9 16 3 7 1 16 14 2 4</runs>
            <runs>0 52 15 13 9 27 1 16 13 4 3</runs>
            <runs>0 27 22 1 17 12 9 28 1 17 11 5 4</runs>
            <runs>0 23 43 12 9 47 9 7 4</runs>
            <runs>0 20 45 10 12 50 3 10 3</runs>
            <runs>0 18 23 2 26 5 12 63 4</runs>
            <runs>0 15 23 8 27 1 12 63 4</runs>
            <runs>0 13 22 12 17 2 20 30 1 32 4</runs>
            <runs>0 11 23 13 15 9 15 30 1 31 4</runs>
            <runs>0 10 18 18 16 11 18 2 9 14 1 31 4</runs>
            <runs>0 9 16 20 16 13 40 1 2 29 5</runs>
            <runs>0 7 16 21 16 14 11 8 8 1 21 21 6</runs>
            <runs>0 6 15 22 16 15 11 22 23 3 3 1 2 2 8</runs>
            <runs>0 5 14 23 16 16 10 30 34</runs>
            <runs>0 4 14 23 16 17 11 30 8 1 23</runs>
            <runs>0 3 14 24 15 18 11 30 2 13 15</runs>
            <runs>0 1 15 24 15 19 11 31 1 19 7</runs>
            <runs>14 25 17 19 11 29 2</runs>
            <runs>14 24 15 22 11 28 3</runs>
            <runs>13 20 18 24 12 27 3</runs>
            <runs>0 2 11 20 16 26 12 27 3</runs>
            <runs>0 4 9 19 16 27 13 24 4</runs>
            <runs>0 7 8 15 15 30 12 25 4</runs>
            <runs>0 10 10 1 23 35 8 24 4</runs>
            <runs>0 12 29 39 9 20 5</runs>
            <runs>0 15 25 40 10 18 6</runs>
            <runs>0 21 11 49 11 13 7</runs>
            <runs>0 28 1 52 13 8 9</runs>
            <runs>0 83 27</runs>
            <runs>0 84 24</runs>
            <runs>0 85 22</runs>
            <runs>0 87 18</runs>
            <runs>0 89 1 1 9</runs>
        </run-table>
    </sample>
    <sample shape="G_CLEF" interline="22" pitch="0.4" left="229" top="2968" id="407">
        <run-table orientation="VERTICAL" width="56" height="154">
            <runs>0 89 11</runs>
            <runs>0 87 14</runs>
            <runs>0 82 20</runs>
            <runs>0 75 31</runs>
            <runs>0 75 32</runs>
            <runs>0 74 35</runs>
            <runs>0 72 38</runs>
            <runs>0 70 41</runs>
            <runs>0 69 20 6 17</runs>
            <runs>0 67 22 10 2 1 10 28 2 4 1</runs>
            <runs>0 66 21 20 7 22 12</runs>
            <runs>0 64 20 24 7 21 13</runs>
            <runs>0 63 20 26 7 18 16</runs>
            <runs>0 62 19 29 6 17 18</runs>
            <runs>0 60 20 31 6 15 20</runs>
            <runs>0 60 18 34 6 14 20</runs>
            <runs>0 59 18 16 3 17 8 10 21</runs>
            <runs>0 58 19 12 1 1 10 12 8 10 22</runs>
            <runs>0 57 16 16 14 11 6 11 22</runs>
            <runs>0 56 16 14 20 8 7 11 22</runs>
            <runs>0 53 18 14 23 7 2 15 22</runs>
            <runs>0 53 18 12 11 10 5 6 2 15 16 2 4</runs>
            <runs>0 53 17 13 9 14 4 6 1 15 16 2 4</runs>
            <runs>0 53 16 12 9 17 3 22 16 2 4</runs>
            <runs>0 31 9 12 16 12 9 20 2 22 14 4 3</runs>
            <runs>0 27 21 3 16 12 10 21 1 23 12 5 3</runs>
            <runs>0 21 45 12 10 46 11 6 3</runs>
            <runs>0 19 47 8 14 48 8 6 4</runs>
            <runs>0 16 23 2 27 6 13 63 4</runs>
            <runs>0 13 22 11 40 64 3</runs>
            <runs>0 12 22 12 40 9 1 54 3</runs>
            <runs>0 10 24 12 16 4 20 3 3 1 3 53 3</runs>
            <runs>0 9 17 19 16 13 28 47 3</runs>
            <runs>0 8 16 21 15 14 15 3 18 1 1 3 2 30 4</runs>
            <runs>0 7 14 22 16 15 11 10 26 25 5</runs>
            <runs>0 6 14 22 16 16 11 18 22 21 5</runs>
            <runs>0 4 2 1 11 24 15 17 11 25 23 1 1 2 1 6 5</runs>
            <runs>0 2 4 1 3 1 6 24 16 18 11 30 32</runs>
            <runs>0 2 15 22 17 19 11 31 1 8 20</runs>
            <runs>0 1 15 23 17 19 11 30 2 13 15</runs>
            <runs>15 22 19 19 11 30 2 20 4</runs>
            <runs>8 1 4 23 16 23 11 30 2</runs>
            <runs>7 2 3 21 18 24 11 30 2</runs>
            <runs>0 1 10 21 16 27 12 28 3</runs>
            <runs>0 3 8 21 14 29 12 27 3</runs>
            <runs>0 5 6 17 16 31 13 25 4</runs>
            <runs>0 10 33 32 14 23 4</runs>
            <runs>0 11 28 40 11 21 4</runs>
            <runs>0 14 21 44 12 19 4</runs>
            <runs>0 19 15 46 14 14 6</runs>
            <runs>0 81 18 5 8</runs>
            <runs>0 82 29</runs>
            <runs>0 83 26</runs>
            <runs>0 84 24</runs>
            <runs>0 85 23</runs>
            <runs>0 88 1 2 13</runs>
        </run-table>
    </sample>
    <sample shape="F_CLEF" interline="22" pitch="-1.5" left="230" top="1067" id="348">
        <run-table orientation="VERTICAL" width="64" height="69">
            <runs>0 64 2</runs>
            <runs>0 64 2</runs>
            <runs>0 64 2</runs>
            <runs>0 63 3</runs>
            <runs>0 63 3</runs>
            <runs>0 63 3</runs>
            <runs>0 18 3 42 3</runs>
            <runs>0 11 14 38 3</runs>
            <runs>0 9 16 37 7</runs>
            <runs>0 7 18 37 3</runs>
            <runs>0 6 7 5 8 36 3</runs>
            <runs>0 5 5 8 9 34 4</runs>
            <runs>8 9 11 34 3</runs>
            <runs>0 1 7 9 12 33 3</runs>
            <runs>0 4 3 10 13 31 4</runs>
            <runs>0 4 2 11 13 31 3</runs>
            <runs>0 4 1 11 14 30 4</runs>
            <runs>0 4 1 11 14 29 5</runs>
            <runs>0 16 14 29 4</runs>
            <runs>0 16 14 28 5</runs>
            <runs>0 16 14 27 5</runs>
            <runs>0 17 12 28 5</runs>
            <runs>0 18 10 28 5</runs>
            <runs>0 19 9 28 5</runs>
            <runs>0 20 3 33 4</runs>
            <runs>0 54 5</runs>
            <runs>0 53 6</runs>
            <runs>0 52 7</runs>
            <runs>0 51 7</runs>
            <runs>0 50 8</runs>
            <runs>0 49 7</runs>
            <runs>0 4 2 39 11</runs>
            <runs>0 4 2 39 10</runs>
            <runs>0 4 2 39 10</runs>
            <runs>0 1 7 36 10</runs>
            <runs>0 1 7 35 10</runs>
            <runs>0 1 9 30 12</runs>
            <runs>0 2 9 28 13</runs>
            <runs>0 2 12 22 15</runs>
            <runs>0 1 15 15 19</runs>
            <runs>0 1 48</runs>
            <runs>0 5 43</runs>
            <runs>0 5 42</runs>
            <runs>0 6 41</runs>
            <runs>0 7 40</runs>
            <runs>0 7 40</runs>
            <runs>0 8 34</runs>
            <runs>0 11 29</runs>
            <runs>0 12 26</runs>
            <runs>0 14 23</runs>
            <runs>0 18 17</runs>
            <runs>0 20 7 1 4</runs>
            <runs></runs>
            <runs></runs>
            <runs>0 11 4</runs>
            <runs>0 10 7 15 4</runs>
            <runs>0 10 8 12 7</runs>
            <runs>0 10 7 13 8</runs>
            <runs>0 9 8 13 8</runs>
            <runs>0 9 8 13 8</runs>
            <runs>0 10 7 13 8</runs>
            <runs>0 10 7 13 8</runs>
            <runs>0 11 5 15 6</runs>
            <runs>0 13 1 18 4</runs>
        </run-table>
    </sample>
</samples>
