<?xml version="1.0" encoding="UTF-8" standalone="yes"?>
<samples sheet-name="IMSLP00693#25">
    <sample shape="G_CLEF" interline="14" pitch="0.2" left="329" top="1565" id="521">
        <run-table orientation="VERTICAL" width="40" height="102">
            <runs>0 57 7</runs>
            <runs>0 51 17</runs>
            <runs>0 51 19</runs>
            <runs>0 48 23</runs>
            <runs>0 47 26 17 4</runs>
            <runs>0 45 29 14 8</runs>
            <runs>0 44 31 13 10</runs>
            <runs>0 42 17 6 10 11 13</runs>
            <runs>0 41 15 13 7 9 15</runs>
            <runs>0 38 16 18 5 8 16</runs>
            <runs>0 38 15 21 4 6 13 2 2</runs>
            <runs>0 37 17 20 8 2 13 2 2</runs>
            <runs>0 37 13 25 7 2 13 2 3</runs>
            <runs>0 37 11 11 8 8 7 3 12 2 3</runs>
            <runs>0 36 12 9 10 9 2 7 12 3 2</runs>
            <runs>0 35 12 9 13 7 2 7 11 4 2</runs>
            <runs>0 35 11 9 16 6 1 9 8 5 2</runs>
            <runs>0 34 12 4 21 6 1 9 7 6 2</runs>
            <runs>0 14 3 1 8 6 12 6 10 10 3 4 1 21 3</runs>
            <runs>0 13 18 1 12 6 10 39 3</runs>
            <runs>0 9 35 6 9 40 2</runs>
            <runs>0 8 39 3 9 39 3</runs>
            <runs>0 6 53 38 4</runs>
            <runs>0 4 16 8 32 37 4</runs>
            <runs>0 3 14 10 12 8 16 33 4</runs>
            <runs>0 3 11 9 16 10 32 12 7</runs>
            <runs>0 1 12 10 16 11 49</runs>
            <runs>0 1 10 11 13 15 8 14 26</runs>
            <runs>10 11 14 15 9 16 21</runs>
            <runs>10 10 14 16 10 15 7 2 9</runs>
            <runs>10 9 13 18 11 13 7 6 1</runs>
            <runs>31 20 11 12 7</runs>
            <runs>0 2 29 20 13 9 9</runs>
            <runs>0 4 23 23 17 3 7</runs>
            <runs>0 6 20 25 26</runs>
            <runs>0 10 16 25 24</runs>
            <runs>0 55 20</runs>
            <runs>0 56 18</runs>
            <runs>0 58 13</runs>
            <runs>0 60 9</runs>
        </run-table>
    </sample>
    <sample shape="SHARP" interline="14" pitch="-2.2" left="378" top="1884" id="707">
        <run-table orientation="VERTICAL" width="16" height="44">
            <runs>0 14 6 10 4</runs>
            <runs>0 13 7 9 9</runs>
            <runs>0 13 7 9 9</runs>
            <runs>0 3 8 1 12 4 15</runs>
            <runs>0 3 41</runs>
            <runs>0 7 37</runs>
            <runs>0 12 7 7 13 4 1</runs>
            <runs>0 12 7 7 7</runs>
            <runs>0 11 7 7 8</runs>
            <runs>20 1 18</runs>
            <runs>41</runs>
            <runs>41</runs>
            <runs>40</runs>
            <runs>0 7 9 5 9</runs>
            <runs>0 7 9 5 9</runs>
            <runs>0 7 8 13 1</runs>
        </run-table>
    </sample>
    <sample shape="SHARP" interline="14" pitch="-4.2" left="376" top="2298" id="711">
        <run-table orientation="VERTICAL" width="16" height="43">
            <runs>0 13 7 8 6</runs>
            <runs>0 13 11 4 6</runs>
            <runs>0 13 11 4 6</runs>
            <runs>0 2 23 2 16</runs>
            <runs>0 2 41</runs>
            <runs>0 2 41</runs>
            <runs>0 2 41</runs>
            <runs>0 11 8 6 7</runs>
            <runs>0 11 7 7 7</runs>
            <runs>0 10 8 7 7</runs>
            <runs>41</runs>
            <runs>41</runs>
            <runs>0 1 40</runs>
            <runs>0 8 9 1 14</runs>
            <runs>0 9 7 5 10</runs>
            <runs>0 10 5 6 9</runs>
        </run-table>
    </sample>
</samples>
