<?xml version="1.0" encoding="UTF-8" standalone="yes"?>
<samples sheet-name="IMSLP08541#3">
    <sample shape="G_CLEF" interline="22" pitch="0.4" left="468" top="450" id="281">
        <run-table orientation="VERTICAL" width="57" height="163">
            <runs>0 84 9</runs>
            <runs>0 76 26</runs>
            <runs>0 76 27</runs>
            <runs>0 74 31</runs>
            <runs>0 70 37</runs>
            <runs>0 67 42</runs>
            <runs>0 67 44</runs>
            <runs>0 66 46</runs>
            <runs>0 65 29 12 7</runs>
            <runs>0 63 29 17 6 30 6</runs>
            <runs>0 62 25 24 5 26 12</runs>
            <runs>0 61 24 27 5 23 15</runs>
            <runs>0 55 28 30 5 21 18</runs>
            <runs>0 55 27 32 9 15 20</runs>
            <runs>0 55 26 35 2 19 22</runs>
            <runs>0 55 25 36 2 19 23</runs>
            <runs>0 55 25 37 1 18 24</runs>
            <runs>0 54 26 56 24</runs>
            <runs>0 52 21 15 15 34 24</runs>
            <runs>0 51 21 14 20 31 18 2 4</runs>
            <runs>0 50 20 14 25 28 18 3 4</runs>
            <runs>0 49 20 13 28 27 18 4 3</runs>
            <runs>0 49 19 9 26 3 5 26 18 4 3</runs>
            <runs>0 48 20 9 18 14 4 24 17 5 4</runs>
            <runs>0 48 18 11 17 17 3 24 16 5 4</runs>
            <runs>0 47 18 11 16 20 1 26 14 7 3</runs>
            <runs>0 30 8 8 18 12 15 49 12 8 3</runs>
            <runs>0 22 42 11 15 51 11 8 3</runs>
            <runs>0 19 45 10 15 53 8 10 3</runs>
            <runs>0 16 50 8 15 71 3</runs>
            <runs>0 15 12 14 47 72 3</runs>
            <runs>0 12 13 16 19 1 27 71 4</runs>
            <runs>0 11 11 19 18 5 24 71 3</runs>
            <runs>0 9 12 19 19 12 17 71 3</runs>
            <runs>0 7 13 19 19 14 17 69 4</runs>
            <runs>0 6 13 15 24 14 31 55 4</runs>
            <runs>0 5 12 17 24 14 16 2 16 52 4</runs>
            <runs>0 4 12 18 24 14 15 8 15 47 4</runs>
            <runs>0 4 11 18 20 19 15 10 26 33 4</runs>
            <runs>0 3 11 19 18 22 14 11 26 31 5</runs>
            <runs>0 2 11 19 18 23 14 21 21 25 5</runs>
            <runs>0 1 11 19 17 25 14 27 20 18 6</runs>
            <runs>0 1 11 18 17 26 14 28 29 4 9</runs>
            <runs>11 18 16 29 13 28 9 1 30</runs>
            <runs>11 17 15 31 14 27 8 11 20</runs>
            <runs>0 1 9 16 16 33 13 26 4 22 9</runs>
            <runs>0 2 9 12 19 33 14 24 4</runs>
            <runs>0 5 35 36 14 22 4</runs>
            <runs>0 7 31 38 15 20 4</runs>
            <runs>0 11 26 40 15 18 4</runs>
            <runs>0 13 17 47 16 15 5</runs>
            <runs>0 77 18 11 6</runs>
            <runs>0 77 34</runs>
            <runs>0 84 25</runs>
            <runs>0 85 21</runs>
            <runs>0 86 18</runs>
            <runs>0 88 15</runs>
        </run-table>
    </sample>
    <sample shape="G_CLEF" interline="22" pitch="0.4" left="459" top="1049" id="336">
        <run-table orientation="VERTICAL" width="58" height="163">
            <runs>0 76 25</runs>
            <runs>0 75 27</runs>
            <runs>0 74 30</runs>
            <runs>0 71 35</runs>
            <runs>0 69 39</runs>
            <runs>0 67 42</runs>
            <runs>0 66 45</runs>
            <runs>0 64 48</runs>
            <runs>0 63 38 4 9</runs>
            <runs>0 62 29 17 7 29 8</runs>
            <runs>0 60 28 23 5 26 12</runs>
            <runs>0 59 26 27 5 23 16</runs>
            <runs>0 54 29 30 9 17 18</runs>
            <runs>0 54 27 33 8 16 21</runs>
            <runs>0 54 26 35 8 14 23</runs>
            <runs>0 54 25 37 2 19 23</runs>
            <runs>0 53 26 38 1 19 23</runs>
            <runs>0 52 27 10 12 16 1 19 24</runs>
            <runs>0 51 28 8 16 33 25</runs>
            <runs>0 50 22 12 21 31 19 2 4</runs>
            <runs>0 50 20 12 27 27 19 4 3</runs>
            <runs>0 49 20 7 26 3 6 25 19 4 3</runs>
            <runs>0 49 19 8 25 5 6 25 18 4 4</runs>
            <runs>0 48 20 7 20 13 5 24 18 4 4</runs>
            <runs>0 47 20 8 19 16 4 24 17 4 4</runs>
            <runs>0 27 10 9 20 9 18 46 15 6 3</runs>
            <runs>0 23 14 8 20 10 16 48 14 7 3</runs>
            <runs>0 19 18 4 2 2 19 10 16 50 13 7 3</runs>
            <runs>0 16 21 4 24 9 15 53 9 9 3</runs>
            <runs>0 14 23 5 26 5 15 56 3 13 3</runs>
            <runs>0 12 16 13 47 72 3</runs>
            <runs>0 11 13 17 47 72 3</runs>
            <runs>0 10 13 18 18 7 22 71 4</runs>
            <runs>0 8 14 17 19 12 18 71 3</runs>
            <runs>0 7 13 13 25 13 31 57 3</runs>
            <runs>0 6 12 15 25 13 33 54 4</runs>
            <runs>0 5 13 14 26 13 18 1 17 51 3</runs>
            <runs>0 4 12 16 26 14 15 8 17 45 4</runs>
            <runs>0 3 12 17 20 20 15 10 26 33 5</runs>
            <runs>0 2 12 18 17 23 15 17 21 30 5</runs>
            <runs>0 1 13 17 17 24 15 21 24 21 6</runs>
            <runs>0 1 12 17 17 25 15 27 27 10 8</runs>
            <runs>12 17 17 26 15 27 43</runs>
            <runs>11 16 17 29 15 26 42</runs>
            <runs>12 14 17 30 15 25 10 8 23</runs>
            <runs>0 1 11 11 19 32 14 25 5 17 12</runs>
            <runs>0 2 13 2 24 33 15 23 5</runs>
            <runs>0 6 32 37 15 21 5</runs>
            <runs>0 8 29 39 15 18 6</runs>
            <runs>0 12 25 39 16 16 6</runs>
            <runs>0 17 11 48 18 12 7</runs>
            <runs>0 76 26 1 9</runs>
            <runs>0 76 34</runs>
            <runs>0 81 28</runs>
            <runs>0 83 23</runs>
            <runs>0 85 19</runs>
            <runs>0 90 12</runs>
            <runs>0 93 1</runs>
        </run-table>
    </sample>
    <sample shape="G_CLEF" interline="22" pitch="0.5" left="452" top="1657" id="390">
        <run-table orientation="VERTICAL" width="58" height="162">
            <runs>0 86 4</runs>
            <runs>0 74 26</runs>
            <runs>0 73 28</runs>
            <runs>0 72 32</runs>
            <runs>0 70 36</runs>
            <runs>0 68 39</runs>
            <runs>0 66 43</runs>
            <runs>0 65 46</runs>
            <runs>0 63 29 13 7</runs>
            <runs>0 62 27 18 6 28 11</runs>
            <runs>0 61 25 22 6 26 14</runs>
            <runs>0 60 23 27 11 17 17</runs>
            <runs>0 53 28 31 9 17 18</runs>
            <runs>0 53 27 33 8 16 20</runs>
            <runs>0 53 26 35 2 20 22</runs>
            <runs>0 53 25 37 1 20 22</runs>
            <runs>0 53 25 37 1 19 24</runs>
            <runs>0 53 25 15 2 40 24</runs>
            <runs>0 52 21 14 14 34 25</runs>
            <runs>0 51 20 13 19 32 19 2 4</runs>
            <runs>0 50 20 13 24 28 18 4 4</runs>
            <runs>0 49 20 11 28 27 18 4 4</runs>
            <runs>0 48 19 8 24 6 5 25 18 5 3</runs>
            <runs>0 47 19 9 24 7 6 24 17 5 3</runs>
            <runs>0 47 18 10 17 16 4 25 15 6 4</runs>
            <runs>0 46 19 10 16 46 15 7 3</runs>
            <runs>0 27 1 17 19 10 16 48 13 8 3</runs>
            <runs>0 23 41 10 15 50 11 9 3</runs>
            <runs>0 19 45 10 14 53 8 10 3</runs>
            <runs>0 17 48 8 15 57 4 9 4</runs>
            <runs>0 15 14 9 31 3 15 59 2 10 4</runs>
            <runs>0 14 11 15 47 71 4</runs>
            <runs>0 12 12 16 19 5 23 71 3</runs>
            <runs>0 10 13 16 19 9 21 69 4</runs>
            <runs>0 9 12 17 19 13 30 57 4</runs>
            <runs>0 8 12 12 25 14 31 55 3</runs>
            <runs>0 7 12 13 25 14 36 49 4</runs>
            <runs>0 6 12 14 25 14 16 5 20 41 6</runs>
            <runs>0 5 12 15 25 14 15 9 26 32 6</runs>
            <runs>0 3 12 17 18 21 15 9 28 30 5</runs>
            <runs>0 2 13 17 17 22 15 21 21 4 1 18 6</runs>
            <runs>0 1 13 17 17 23 16 26 22 15 7</runs>
            <runs>13 17 17 25 15 26 42</runs>
            <runs>13 16 17 26 15 26 8 7 26</runs>
            <runs>12 15 17 28 15 25 8 12 20</runs>
            <runs>13 12 18 30 14 24 9 19 10</runs>
            <runs>0 2 12 9 18 32 15 22 5</runs>
            <runs>0 3 14 2 20 35 15 20 6</runs>
            <runs>0 7 30 37 16 18 6</runs>
            <runs>0 10 26 39 16 16 6</runs>
            <runs>0 12 19 44 17 13 7</runs>
            <runs>0 20 6 49 24 4 8</runs>
            <runs>0 75 35</runs>
            <runs>0 80 27</runs>
            <runs>0 82 24</runs>
            <runs>0 84 19</runs>
            <runs>0 88 13</runs>
            <runs>0 92 8</runs>
        </run-table>
    </sample>
    <sample shape="G_CLEF" interline="22" pitch="0.4" left="444" top="2287" id="455">
        <run-table orientation="VERTICAL" width="57" height="160">
            <runs>0 85 6</runs>
            <runs>0 74 25</runs>
            <runs>0 74 26</runs>
            <runs>0 70 33</runs>
            <runs>0 68 37</runs>
            <runs>0 67 39</runs>
            <runs>0 66 42</runs>
            <runs>0 64 34 3 8</runs>
            <runs>0 63 28 13 7</runs>
            <runs>0 61 27 18 6 29 8</runs>
            <runs>0 60 25 23 5 26 12</runs>
            <runs>0 59 24 26 5 23 16</runs>
            <runs>0 57 24 29 10 16 18</runs>
            <runs>0 53 27 31 9 15 20</runs>
            <runs>0 53 25 34 8 15 21</runs>
            <runs>0 53 24 37 2 18 22</runs>
            <runs>0 53 24 16 2 19 2 17 24</runs>
            <runs>0 51 21 14 14 15 1 17 25</runs>
            <runs>0 50 21 14 17 13 1 17 25</runs>
            <runs>0 49 21 13 22 28 19 2 5</runs>
            <runs>0 48 21 12 25 28 18 3 4</runs>
            <runs>0 47 21 11 21 2 6 26 18 4 4</runs>
            <runs>0 47 20 7 25 6 5 24 18 4 4</runs>
            <runs>0 46 19 10 17 15 4 24 17 4 4</runs>
            <runs>0 46 18 10 17 45 15 5 4</runs>
            <runs>0 36 2 7 18 11 16 46 14 7 3</runs>
            <runs>0 24 39 11 15 48 12 8 3</runs>
            <runs>0 20 42 12 14 51 9 9 3</runs>
            <runs>0 17 45 11 14 53 7 10 3</runs>
            <runs>0 15 13 11 27 6 13 72 3</runs>
            <runs>0 13 12 15 44 73 3</runs>
            <runs>0 10 13 17 17 5 23 72 2</runs>
            <runs>0 9 11 19 17 10 2 1 16 72 2</runs>
            <runs>0 7 12 19 18 14 17 69 3</runs>
            <runs>0 6 11 16 23 14 30 55 4</runs>
            <runs>0 5 12 16 23 14 32 53 4</runs>
            <runs>0 5 10 17 24 14 15 6 16 47 4</runs>
            <runs>0 4 11 17 18 20 15 10 17 42 4</runs>
            <runs>0 2 12 18 17 22 14 10 26 32 4</runs>
            <runs>0 1 13 17 17 23 14 19 19 29 4</runs>
            <runs>0 1 12 18 16 24 14 22 23 21 4</runs>
            <runs>12 18 16 25 14 26 26 10 7</runs>
            <runs>11 18 15 28 13 27 10 3 27</runs>
            <runs>11 16 15 30 14 26 8 9 21</runs>
            <runs>0 1 9 16 15 32 13 25 4 19 3</runs>
            <runs>0 2 9 14 15 33 14 23 4</runs>
            <runs>0 3 10 9 16 35 14 22 5</runs>
            <runs>0 7 29 38 14 20 4</runs>
            <runs>0 10 1 1 12 1 11 39 14 18 4</runs>
            <runs>0 20 2 53 15 16 4</runs>
            <runs>0 75 17 12 5</runs>
            <runs>0 75 33</runs>
            <runs>0 79 27</runs>
            <runs>0 81 23</runs>
            <runs>0 81 21</runs>
            <runs>0 81 1 3 15</runs>
            <runs>0 81 1 7 2</runs>
        </run-table>
    </sample>
    <sample shape="G_CLEF" interline="22" pitch="0.4" left="434" top="2947" id="509">
        <run-table orientation="VERTICAL" width="58" height="162">
            <runs>0 85 2 1 2</runs>
            <runs>0 75 25</runs>
            <runs>0 74 27</runs>
            <runs>0 72 31</runs>
            <runs>0 70 35</runs>
            <runs>0 68 38</runs>
            <runs>0 66 42</runs>
            <runs>0 65 45</runs>
            <runs>0 64 47</runs>
            <runs>0 62 29 14 7</runs>
            <runs>0 61 28 19 6</runs>
            <runs>0 59 27 24 5 29 3 1 2</runs>
            <runs>0 58 25 28 5 25 12</runs>
            <runs>0 53 29 30 9 18 16</runs>
            <runs>0 53 27 33 8 17 18</runs>
            <runs>0 53 26 35 3 20 20</runs>
            <runs>0 53 25 37 2 20 21</runs>
            <runs>0 52 26 37 2 19 22</runs>
            <runs>0 51 26 10 2 3 2 22 1 19 23</runs>
            <runs>0 50 22 13 16 34 25</runs>
            <runs>0 49 22 12 22 30 25</runs>
            <runs>0 48 21 12 26 28 26</runs>
            <runs>0 47 21 11 29 28 19 1 5</runs>
            <runs>0 46 20 9 25 4 6 26 18 3 4</runs>
            <runs>0 46 19 10 19 14 4 24 18 4 3</runs>
            <runs>0 20 44 11 17 17 3 24 18 4 4</runs>
            <runs>0 16 47 11 17 46 16 6 3</runs>
            <runs>0 14 49 10 16 49 15 6 3</runs>
            <runs>0 13 12 7 32 9 15 50 14 7 3</runs>
            <runs>0 11 12 17 29 2 17 52 11 8 3</runs>
            <runs>0 9 13 17 48 55 8 9 3</runs>
            <runs>0 8 13 17 20 4 25 72 3</runs>
            <runs>0 7 12 18 20 12 18 72 3</runs>
            <runs>0 5 12 20 19 14 17 72 3</runs>
            <runs>0 4 12 16 25 13 23 66 3</runs>
            <runs>0 4 11 17 25 14 28 59 3</runs>
            <runs>0 3 11 18 20 19 30 57 3</runs>
            <runs>0 2 11 19 18 21 15 5 14 52 4</runs>
            <runs>0 1 11 20 17 22 14 10 14 48 3</runs>
            <runs>12 19 17 23 14 11 17 2 2 39 4</runs>
            <runs>10 19 17 25 14 18 19 33 4</runs>
            <runs>10 18 17 26 14 24 17 28 5</runs>
            <runs>0 1 8 17 17 29 14 28 18 21 5</runs>
            <runs>0 2 8 15 16 31 14 28 28 4 2 3 6</runs>
            <runs>0 4 8 1 6 2 18 33 14 28 42</runs>
            <runs>0 6 31 36 13 27 3 12 25</runs>
            <runs>0 8 28 38 13 25 3 16 20</runs>
            <runs>0 13 17 44 14 24 2 27 5</runs>
            <runs>0 75 13 22 3</runs>
            <runs>0 75 15 19 4</runs>
            <runs>0 76 14 18 4</runs>
            <runs>0 76 16 14 4</runs>
            <runs>0 76 19 1 13</runs>
            <runs>0 81 24</runs>
            <runs>0 83 22</runs>
            <runs>0 86 18</runs>
            <runs>0 88 13</runs>
            <runs>0 92 2</runs>
        </run-table>
    </sample>
    <sample shape="G_CLEF" interline="22" pitch="0.6" left="439" top="3235" id="519">
        <run-table orientation="VERTICAL" width="58" height="166">
            <runs>0 89 2 3 1</runs>
            <runs>0 76 26</runs>
            <runs>0 75 29</runs>
            <runs>0 74 32</runs>
            <runs>0 72 36</runs>
            <runs>0 70 40</runs>
            <runs>0 69 42</runs>
            <runs>0 67 46</runs>
            <runs>0 66 30 1 18</runs>
            <runs>0 64 27 17 8 34 1</runs>
            <runs>0 63 26 21 7 29 8</runs>
            <runs>0 61 27 24 12 19 14</runs>
            <runs>0 60 25 29 9 18 17</runs>
            <runs>0 59 22 34 8 18 18</runs>
            <runs>0 58 22 36 3 21 20</runs>
            <runs>0 54 25 38 2 20 22</runs>
            <runs>0 54 25 39 1 20 23</runs>
            <runs>0 53 26 60 23</runs>
            <runs>0 52 27 10 14 36 24</runs>
            <runs>0 51 28 8 18 33 25</runs>
            <runs>0 50 21 13 26 28 26</runs>
            <runs>0 49 21 11 30 27 20 1 5</runs>
            <runs>0 48 21 7 25 7 4 27 19 2 5</runs>
            <runs>0 48 20 8 25 10 2 26 18 4 4</runs>
            <runs>0 47 20 9 19 44 18 4 4</runs>
            <runs>0 27 10 9 20 10 18 46 17 4 4</runs>
            <runs>0 23 15 1 26 11 16 49 15 5 4</runs>
            <runs>0 19 45 11 17 50 13 6 5</runs>
            <runs>0 16 21 2 25 11 16 52 11 8 3</runs>
            <runs>0 14 12 15 26 7 16 54 9 9 3</runs>
            <runs>0 13 11 17 49 72 3</runs>
            <runs>0 11 8 20 22 1 27 72 4</runs>
            <runs>0 9 9 21 20 7 23 72 4</runs>
            <runs>0 7 11 21 19 14 17 72 3</runs>
            <runs>0 6 11 21 19 16 21 2 2 62 4</runs>
            <runs>0 5 11 21 20 16 29 58 4</runs>
            <runs>0 4 12 16 25 16 32 54 5</runs>
            <runs>0 3 11 18 25 16 15 8 16 47 4</runs>
            <runs>0 2 12 18 19 22 15 9 27 34 5</runs>
            <runs>0 1 12 19 18 23 15 14 3 2 18 32 5</runs>
            <runs>12 19 18 24 15 22 19 27 5</runs>
            <runs>11 20 17 26 14 26 24 16 7</runs>
            <runs>11 18 17 28 14 28 25 7 2 1 9</runs>
            <runs>10 16 19 30 13 28 8 3 31</runs>
            <runs>0 1 9 15 17 33 14 27 7 10 23</runs>
            <runs>0 2 10 11 17 35 15 25 8 13 17</runs>
            <runs>0 3 12 3 20 37 16 24 3</runs>
            <runs>0 7 29 40 16 21 4</runs>
            <runs>0 10 25 41 17 18 5</runs>
            <runs>0 13 16 47 18 16 5</runs>
            <runs>0 23 2 51 19 14 5</runs>
            <runs>0 76 26 3 8</runs>
            <runs>0 76 36</runs>
            <runs>0 82 29</runs>
            <runs>0 84 23</runs>
            <runs>0 85 20</runs>
            <runs>0 88 15</runs>
            <runs>0 90 12</runs>
        </run-table>
    </sample>
    <sample shape="F_CLEF" interline="22" pitch="-1.8" left="463" top="750" id="299">
        <run-table orientation="VERTICAL" width="58" height="69">
            <runs>0 15 10</runs>
            <runs>0 12 13</runs>
            <runs>0 11 15</runs>
            <runs>0 9 18</runs>
            <runs>0 8 20</runs>
            <runs>0 7 22</runs>
            <runs>29</runs>
            <runs>30</runs>
            <runs>9 2 19</runs>
            <runs>0 5 2 4 19</runs>
            <runs>0 5 1 5 19</runs>
            <runs>0 11 19</runs>
            <runs>0 12 18</runs>
            <runs>0 12 18 33 1</runs>
            <runs>0 12 17 33 2</runs>
            <runs>0 13 16 32 8</runs>
            <runs>0 13 15 33 8</runs>
            <runs>0 14 13 32 10</runs>
            <runs>0 15 11 32 11</runs>
            <runs>0 16 9 32 12</runs>
            <runs>0 56 7</runs>
            <runs>0 55 7</runs>
            <runs>0 54 8</runs>
            <runs>0 52 8</runs>
            <runs>0 50 9</runs>
            <runs>0 44 15</runs>
            <runs>0 44 14</runs>
            <runs>0 5 1 38 13</runs>
            <runs>0 5 2 36 13</runs>
            <runs>0 5 3 31 16</runs>
            <runs>0 1 9 26 18</runs>
            <runs>0 1 11 21 20</runs>
            <runs>0 1 17 3 31</runs>
            <runs>0 1 50</runs>
            <runs>0 1 48</runs>
            <runs>0 1 47</runs>
            <runs>0 1 46</runs>
            <runs>0 1 46</runs>
            <runs>0 1 46</runs>
            <runs>0 7 35</runs>
            <runs>0 9 30</runs>
            <runs>0 10 28</runs>
            <runs>0 12 23</runs>
            <runs>0 14 18</runs>
            <runs>0 16 12</runs>
            <runs></runs>
            <runs></runs>
            <runs></runs>
            <runs>0 34 4</runs>
            <runs>0 8 6 19 6</runs>
            <runs>0 7 8 17 8</runs>
            <runs>0 1 14 16 9</runs>
            <runs>0 1 14 16 9</runs>
            <runs>0 1 14 16 9</runs>
            <runs>0 1 14 16 9</runs>
            <runs>0 6 8 17 9</runs>
            <runs>0 9 4 19 8</runs>
            <runs>0 34 2</runs>
        </run-table>
    </sample>
    <sample shape="F_CLEF" interline="22" pitch="-1.6" left="453" top="1354" id="349">
        <run-table orientation="VERTICAL" width="63" height="77">
            <runs>0 74 2</runs>
            <runs>0 74 3</runs>
            <runs>0 73 4</runs>
            <runs>0 73 3</runs>
            <runs>0 73 3</runs>
            <runs>0 17 8 47 3</runs>
            <runs>0 13 13 45 3</runs>
            <runs>0 12 15 44 3</runs>
            <runs>0 10 18 42 3</runs>
            <runs>0 8 21 36 8</runs>
            <runs>0 7 23 39 3</runs>
            <runs>0 1 29 39 3</runs>
            <runs>0 1 9 1 19 39 2</runs>
            <runs>0 5 3 4 19</runs>
            <runs>0 5 2 5 19</runs>
            <runs>0 5 1 5 20</runs>
            <runs>0 5 1 5 20</runs>
            <runs>0 11 19</runs>
            <runs>0 12 18</runs>
            <runs>0 12 17</runs>
            <runs>0 13 16 31 9</runs>
            <runs>0 14 15 31 9</runs>
            <runs>0 15 13 29 12</runs>
            <runs>0 16 11 29 13</runs>
            <runs>0 17 9 29 13</runs>
            <runs>0 55 8</runs>
            <runs>0 55 7</runs>
            <runs>0 54 7</runs>
            <runs>0 53 7</runs>
            <runs>0 51 8</runs>
            <runs>0 44 14</runs>
            <runs>0 5 1 38 13</runs>
            <runs>0 5 2 37 12</runs>
            <runs>0 5 3 35 12</runs>
            <runs>0 1 8 30 15</runs>
            <runs>0 1 10 25 17</runs>
            <runs>0 1 12 18 2 1 18</runs>
            <runs>0 1 50</runs>
            <runs>0 1 49</runs>
            <runs>0 1 48</runs>
            <runs>0 1 47</runs>
            <runs>0 1 46</runs>
            <runs>0 1 46</runs>
            <runs>0 6 41</runs>
            <runs>0 7 40</runs>
            <runs>0 10 30</runs>
            <runs>0 12 26</runs>
            <runs>0 13 22</runs>
            <runs>0 16 17</runs>
            <runs>0 19 9</runs>
            <runs></runs>
            <runs></runs>
            <runs></runs>
            <runs>0 8 5 19 4</runs>
            <runs>0 1 13 17 8</runs>
            <runs>0 1 14 16 9</runs>
            <runs>0 1 14 16 9</runs>
            <runs>0 1 14 16 9</runs>
            <runs>15 16 9</runs>
            <runs>0 6 9 17 7</runs>
            <runs>0 7 7 18 8</runs>
            <runs>0 33 6</runs>
            <runs>0 34 3</runs>
        </run-table>
    </sample>
    <sample shape="F_CLEF" interline="22" pitch="-1.5" left="442" top="1979" id="403">
        <run-table orientation="VERTICAL" width="65" height="78">
            <runs>0 76 2</runs>
            <runs>0 75 3</runs>
            <runs>0 74 4</runs>
            <runs>0 74 3</runs>
            <runs>0 74 3</runs>
            <runs>0 73 4</runs>
            <runs>0 73 4</runs>
            <runs>0 72 4</runs>
            <runs>0 15 11 45 4</runs>
            <runs>0 13 13 45 4</runs>
            <runs>0 11 16 44 3</runs>
            <runs>0 10 19 37 8</runs>
            <runs>0 9 20</runs>
            <runs>0 7 23</runs>
            <runs>0 1 29</runs>
            <runs>31</runs>
            <runs>10 1 21</runs>
            <runs>0 5 3 4 20</runs>
            <runs>0 12 20</runs>
            <runs>0 12 19</runs>
            <runs>0 12 19 33 1</runs>
            <runs>0 12 19 32 2</runs>
            <runs>0 12 19 31 8</runs>
            <runs>0 13 17 31 9</runs>
            <runs>0 14 16 30 10</runs>
            <runs>0 15 14 30 11</runs>
            <runs>0 17 11 30 12</runs>
            <runs>0 19 8 30 13</runs>
            <runs>0 56 8</runs>
            <runs>0 55 8</runs>
            <runs>0 53 9</runs>
            <runs>0 51 10</runs>
            <runs>0 50 9</runs>
            <runs>0 6 1 38 14</runs>
            <runs>0 6 1 38 13</runs>
            <runs>0 6 2 35 14</runs>
            <runs>0 1 8 32 15</runs>
            <runs>0 1 10 26 18</runs>
            <runs>0 1 14 18 21</runs>
            <runs>0 1 16 4 32</runs>
            <runs>0 1 51</runs>
            <runs>0 1 50</runs>
            <runs>0 1 48</runs>
            <runs>0 1 47</runs>
            <runs>0 1 47</runs>
            <runs>0 7 41</runs>
            <runs>0 9 33</runs>
            <runs>0 10 31</runs>
            <runs>0 11 28</runs>
            <runs>0 12 25</runs>
            <runs>0 14 20</runs>
            <runs>0 17 14</runs>
            <runs>0 19 11</runs>
            <runs></runs>
            <runs></runs>
            <runs>0 36 5</runs>
            <runs>0 10 6 19 6</runs>
            <runs>0 9 7 18 8</runs>
            <runs>0 8 9 17 9</runs>
            <runs>0 8 9 17 15</runs>
            <runs>0 7 10 17 15</runs>
            <runs>0 7 10 17 9</runs>
            <runs>0 8 8 19 8</runs>
            <runs>0 9 7 20 5</runs>
            <runs>0 10 5</runs>
        </run-table>
    </sample>
    <sample shape="F_CLEF" interline="22" pitch="-1.7" left="443" top="2610" id="473">
        <run-table orientation="VERTICAL" width="57" height="69">
            <runs>0 16 10</runs>
            <runs>0 13 13</runs>
            <runs>0 11 16</runs>
            <runs>0 10 18</runs>
            <runs>0 8 21</runs>
            <runs>0 7 23</runs>
            <runs>0 6 24</runs>
            <runs>31</runs>
            <runs>9 2 20</runs>
            <runs>0 5 2 5 19</runs>
            <runs>0 5 1 6 19</runs>
            <runs>0 12 19</runs>
            <runs>0 12 19</runs>
            <runs>0 12 19</runs>
            <runs>0 13 17 33 1</runs>
            <runs>0 13 17 32 2</runs>
            <runs>0 14 16 31 8</runs>
            <runs>0 15 14 30 10</runs>
            <runs>0 16 12 30 11</runs>
            <runs>0 17 9 31 7</runs>
            <runs>0 56 7</runs>
            <runs>0 55 7</runs>
            <runs>0 54 7</runs>
            <runs>0 51 10</runs>
            <runs>0 49 11</runs>
            <runs>0 44 15</runs>
            <runs>0 5 1 38 14</runs>
            <runs>0 5 2 37 12</runs>
            <runs>9 31 15</runs>
            <runs>11 27 16</runs>
            <runs>13 20 21</runs>
            <runs>20 9 24</runs>
            <runs>52</runs>
            <runs>51</runs>
            <runs>50</runs>
            <runs>49</runs>
            <runs>48</runs>
            <runs>47</runs>
            <runs>0 7 40</runs>
            <runs>0 9 33</runs>
            <runs>0 10 30</runs>
            <runs>0 11 27</runs>
            <runs>0 13 24</runs>
            <runs>0 14 19</runs>
            <runs>0 18 10</runs>
            <runs></runs>
            <runs></runs>
            <runs>0 12 1</runs>
            <runs>0 10 4 20 6</runs>
            <runs>0 7 8 18 8</runs>
            <runs>16 17 8</runs>
            <runs>16 17 9</runs>
            <runs>0 6 10 17 9</runs>
            <runs>0 6 10 17 9</runs>
            <runs>0 6 9 18 9</runs>
            <runs>0 7 8 19 8</runs>
            <runs>0 9 5 21 6</runs>
        </run-table>
    </sample>
    <sample shape="F_CLEF" interline="22" pitch="-1.6" left="457" top="750" id="294">
        <run-table orientation="VERTICAL" width="64" height="77">
            <runs>0 75 2</runs>
            <runs>0 74 3</runs>
            <runs>0 73 4</runs>
            <runs>0 73 3</runs>
            <runs>0 73 3</runs>
            <runs>0 72 3</runs>
            <runs>0 15 10 46 4</runs>
            <runs>0 12 13 46 3</runs>
            <runs>0 11 15 44 4</runs>
            <runs>0 9 18 43 3</runs>
            <runs>0 8 20 41 3</runs>
            <runs>0 7 22 40 3</runs>
            <runs>29 40 2</runs>
            <runs>30 39 2</runs>
            <runs>9 2 19 39 1</runs>
            <runs>0 5 2 4 19 39 1</runs>
            <runs>0 5 1 5 19</runs>
            <runs>0 11 19</runs>
            <runs>0 12 18</runs>
            <runs>0 12 18 33 1</runs>
            <runs>0 12 17 33 2</runs>
            <runs>0 13 16 32 8</runs>
            <runs>0 13 15 33 8</runs>
            <runs>0 14 13 32 10</runs>
            <runs>0 15 11 32 11</runs>
            <runs>0 16 9 32 12</runs>
            <runs>0 56 7</runs>
            <runs>0 55 7</runs>
            <runs>0 54 8</runs>
            <runs>0 52 8</runs>
            <runs>0 50 9</runs>
            <runs>0 44 15</runs>
            <runs>0 44 14</runs>
            <runs>0 5 1 38 13</runs>
            <runs>0 5 2 36 13</runs>
            <runs>0 5 3 31 16</runs>
            <runs>0 1 9 26 18</runs>
            <runs>0 1 11 21 20</runs>
            <runs>0 1 17 3 31</runs>
            <runs>0 1 50</runs>
            <runs>0 1 48</runs>
            <runs>0 1 47</runs>
            <runs>0 1 46</runs>
            <runs>0 1 46</runs>
            <runs>0 1 46</runs>
            <runs>0 7 35</runs>
            <runs>0 9 30</runs>
            <runs>0 10 28</runs>
            <runs>0 12 23</runs>
            <runs>0 14 18</runs>
            <runs>0 16 12</runs>
            <runs></runs>
            <runs></runs>
            <runs></runs>
            <runs>0 34 4</runs>
            <runs>0 8 6 19 6</runs>
            <runs>0 7 8 17 8</runs>
            <runs>0 1 14 16 9</runs>
            <runs>0 1 14 16 9</runs>
            <runs>0 1 14 16 9</runs>
            <runs>0 1 14 16 9</runs>
            <runs>0 6 8 17 9</runs>
            <runs>0 9 4 19 8</runs>
            <runs>0 34 2</runs>
        </run-table>
    </sample>
    <sample shape="F_CLEF" interline="22" pitch="-1.8" left="458" top="1354" id="352">
        <run-table orientation="VERTICAL" width="58" height="69">
            <runs>0 17 8</runs>
            <runs>0 13 13</runs>
            <runs>0 12 15</runs>
            <runs>0 10 18</runs>
            <runs>0 8 21</runs>
            <runs>0 7 23</runs>
            <runs>0 1 29</runs>
            <runs>0 1 9 1 19</runs>
            <runs>0 5 3 4 19</runs>
            <runs>0 5 2 5 19</runs>
            <runs>0 5 1 5 20</runs>
            <runs>0 5 1 5 20</runs>
            <runs>0 11 19</runs>
            <runs>0 12 18</runs>
            <runs>0 12 17</runs>
            <runs>0 13 16 31 9</runs>
            <runs>0 14 15 31 9</runs>
            <runs>0 15 13 29 12</runs>
            <runs>0 16 11 29 13</runs>
            <runs>0 17 9 29 13</runs>
            <runs>0 55 8</runs>
            <runs>0 55 7</runs>
            <runs>0 54 7</runs>
            <runs>0 53 7</runs>
            <runs>0 51 8</runs>
            <runs>0 44 14</runs>
            <runs>0 5 1 38 13</runs>
            <runs>0 5 2 37 12</runs>
            <runs>0 5 3 35 12</runs>
            <runs>0 1 8 30 15</runs>
            <runs>0 1 10 25 17</runs>
            <runs>0 1 12 18 2 1 18</runs>
            <runs>0 1 50</runs>
            <runs>0 1 49</runs>
            <runs>0 1 48</runs>
            <runs>0 1 47</runs>
            <runs>0 1 46</runs>
            <runs>0 1 46</runs>
            <runs>0 6 41</runs>
            <runs>0 7 40</runs>
            <runs>0 10 30</runs>
            <runs>0 12 26</runs>
            <runs>0 13 22</runs>
            <runs>0 16 17</runs>
            <runs>0 19 9</runs>
            <runs></runs>
            <runs></runs>
            <runs></runs>
            <runs>0 8 5 19 4</runs>
            <runs>0 1 13 17 8</runs>
            <runs>0 1 14 16 9</runs>
            <runs>0 1 14 16 9</runs>
            <runs>0 1 14 16 9</runs>
            <runs>15 16 9</runs>
            <runs>0 6 9 17 7</runs>
            <runs>0 7 7 18 8</runs>
            <runs>0 33 6</runs>
            <runs>0 34 3</runs>
        </run-table>
    </sample>
    <sample shape="F_CLEF" interline="22" pitch="-1.6" left="450" top="1979" id="402">
        <run-table orientation="VERTICAL" width="57" height="70">
            <runs>0 15 11</runs>
            <runs>0 13 13</runs>
            <runs>0 11 16</runs>
            <runs>0 10 19</runs>
            <runs>0 9 20</runs>
            <runs>0 7 23</runs>
            <runs>0 1 29</runs>
            <runs>31</runs>
            <runs>10 1 21</runs>
            <runs>0 5 3 4 20</runs>
            <runs>0 12 20</runs>
            <runs>0 12 19</runs>
            <runs>0 12 19 33 1</runs>
            <runs>0 12 19 32 2</runs>
            <runs>0 12 19 31 8</runs>
            <runs>0 13 17 31 9</runs>
            <runs>0 14 16 30 10</runs>
            <runs>0 15 14 30 11</runs>
            <runs>0 17 11 30 12</runs>
            <runs>0 19 8 30 13</runs>
            <runs>0 56 8</runs>
            <runs>0 55 8</runs>
            <runs>0 53 9</runs>
            <runs>0 51 10</runs>
            <runs>0 50 9</runs>
            <runs>0 6 1 38 14</runs>
            <runs>0 6 1 38 13</runs>
            <runs>0 6 2 35 14</runs>
            <runs>0 1 8 32 15</runs>
            <runs>0 1 10 26 18</runs>
            <runs>0 1 14 18 21</runs>
            <runs>0 1 16 4 32</runs>
            <runs>0 1 51</runs>
            <runs>0 1 50</runs>
            <runs>0 1 48</runs>
            <runs>0 1 47</runs>
            <runs>0 1 47</runs>
            <runs>0 7 41</runs>
            <runs>0 9 33</runs>
            <runs>0 10 31</runs>
            <runs>0 11 28</runs>
            <runs>0 12 25</runs>
            <runs>0 14 20</runs>
            <runs>0 17 14</runs>
            <runs>0 19 11</runs>
            <runs></runs>
            <runs></runs>
            <runs>0 36 5</runs>
            <runs>0 10 6 19 6</runs>
            <runs>0 9 7 18 8</runs>
            <runs>0 8 9 17 9</runs>
            <runs>0 8 9 17 15</runs>
            <runs>0 7 10 17 15</runs>
            <runs>0 7 10 17 9</runs>
            <runs>0 8 8 19 8</runs>
            <runs>0 9 7 20 5</runs>
            <runs>0 10 5</runs>
        </run-table>
    </sample>
    <sample shape="F_CLEF" interline="22" pitch="-1.6" left="436" top="2610" id="472">
        <run-table orientation="VERTICAL" width="64" height="78">
            <runs>0 75 3</runs>
            <runs>0 74 4</runs>
            <runs>0 74 4</runs>
            <runs>0 74 3</runs>
            <runs>0 73 4</runs>
            <runs>0 72 4</runs>
            <runs>0 72 4</runs>
            <runs>0 16 10 46 3</runs>
            <runs>0 13 13 45 4</runs>
            <runs>0 11 16 44 3</runs>
            <runs>0 10 18 42 4</runs>
            <runs>0 8 21 41 3</runs>
            <runs>0 7 23 39 3</runs>
            <runs>0 6 24 39 3</runs>
            <runs>31 38 2</runs>
            <runs>9 2 20 38 2</runs>
            <runs>0 5 2 5 19 38 1</runs>
            <runs>0 5 1 6 19 38 1</runs>
            <runs>0 12 19</runs>
            <runs>0 12 19</runs>
            <runs>0 12 19</runs>
            <runs>0 13 17 33 1</runs>
            <runs>0 13 17 32 2</runs>
            <runs>0 14 16 31 8</runs>
            <runs>0 15 14 30 10</runs>
            <runs>0 16 12 30 11</runs>
            <runs>0 17 9 31 7</runs>
            <runs>0 56 7</runs>
            <runs>0 55 7</runs>
            <runs>0 54 7</runs>
            <runs>0 51 10</runs>
            <runs>0 49 11</runs>
            <runs>0 44 15</runs>
            <runs>0 5 1 38 14</runs>
            <runs>0 5 2 37 12</runs>
            <runs>9 31 15</runs>
            <runs>11 27 16</runs>
            <runs>13 20 21</runs>
            <runs>20 9 24</runs>
            <runs>52</runs>
            <runs>51</runs>
            <runs>50</runs>
            <runs>49</runs>
            <runs>48</runs>
            <runs>47</runs>
            <runs>0 7 40</runs>
            <runs>0 9 33</runs>
            <runs>0 10 30</runs>
            <runs>0 11 27</runs>
            <runs>0 13 24</runs>
            <runs>0 14 19</runs>
            <runs>0 18 10</runs>
            <runs></runs>
            <runs></runs>
            <runs>0 12 1</runs>
            <runs>0 10 4 20 6</runs>
            <runs>0 7 8 18 8</runs>
            <runs>16 17 8</runs>
            <runs>16 17 9</runs>
            <runs>0 6 10 17 9</runs>
            <runs>0 6 10 17 9</runs>
            <runs>0 6 9 18 9</runs>
            <runs>0 7 8 19 8</runs>
            <runs>0 9 5 21 6</runs>
        </run-table>
    </sample>
    <sample shape="FLAT" interline="22" pitch="-0.7" left="537" top="489" id="315">
        <run-table orientation="VERTICAL" width="19" height="55">
            <runs>0 2 2 1 5 2 43</runs>
            <runs>0 1 54</runs>
            <runs>43 2 9</runs>
            <runs>0 1 22 2 8 13 7</runs>
            <runs>0 26 5 15 5</runs>
            <runs>0 26 4 15 5</runs>
            <runs>0 26 3 15 5</runs>
            <runs>0 25 4 14 6</runs>
            <runs>0 25 3 10 10</runs>
            <runs>0 25 3 10 9</runs>
            <runs>0 25 3 10 8</runs>
            <runs>0 25 3 9 8</runs>
            <runs>0 25 5 5 9</runs>
            <runs>0 26 18</runs>
            <runs>0 26 17</runs>
            <runs>0 26 16</runs>
            <runs>0 27 15</runs>
            <runs>0 28 14</runs>
            <runs>0 29 7</runs>
        </run-table>
    </sample>
    <sample shape="FLAT" interline="22" pitch="-3.6" left="556" top="459" id="319">
        <run-table orientation="VERTICAL" width="20" height="55">
            <runs>0 41 14</runs>
            <runs>55</runs>
            <runs>55</runs>
            <runs>33 18 3</runs>
            <runs>13 1 2 4 11 20 2</runs>
            <runs></runs>
            <runs>0 45 1</runs>
            <runs>0 45 1</runs>
            <runs>0 43 3</runs>
            <runs>0 41 9</runs>
            <runs>0 40 10</runs>
            <runs>0 38 12</runs>
            <runs>0 36 9</runs>
            <runs>0 24 8 2 10</runs>
            <runs>0 25 18</runs>
            <runs>0 25 17</runs>
            <runs>0 25 16</runs>
            <runs>0 25 15</runs>
            <runs>0 25 13</runs>
            <runs>0 25 11</runs>
        </run-table>
    </sample>
    <sample shape="FLAT" interline="22" pitch="1.5" left="534" top="781" id="322">
        <run-table orientation="VERTICAL" width="21" height="55">
            <runs>0 30 2 1 21</runs>
            <runs>0 1 54</runs>
            <runs>54</runs>
            <runs>39 7 7</runs>
            <runs>9 16 7 15 6</runs>
            <runs>0 26 4 16 6</runs>
            <runs>0 26 3 16 6</runs>
            <runs>0 25 3 16 6</runs>
            <runs>0 25 3 15 6</runs>
            <runs>0 25 3 13 7</runs>
            <runs>0 25 3 12 6</runs>
            <runs>0 25 3 7 10</runs>
            <runs>0 24 5 5 10</runs>
            <runs>0 25 18</runs>
            <runs>0 25 17</runs>
            <runs>0 25 16</runs>
            <runs>0 26 15</runs>
            <runs>0 26 14</runs>
            <runs>0 27 11</runs>
            <runs>0 28 10</runs>
            <runs>0 31 3</runs>
        </run-table>
    </sample>
    <sample shape="FLAT" interline="22" pitch="-1.8" left="555" top="746" id="326">
        <run-table orientation="VERTICAL" width="20" height="54">
            <runs>0 2 8 13 31</runs>
            <runs>0 1 53</runs>
            <runs>0 1 53</runs>
            <runs>35</runs>
            <runs>0 1 10 35 1</runs>
            <runs>0 45 2</runs>
            <runs>0 44 3</runs>
            <runs>0 43 8</runs>
            <runs>0 42 9</runs>
            <runs>0 40 11</runs>
            <runs>0 39 7</runs>
            <runs>0 37 8</runs>
            <runs>0 36 8</runs>
            <runs>0 24 8 1 10</runs>
            <runs>0 24 18</runs>
            <runs>0 25 16</runs>
            <runs>0 25 15</runs>
            <runs>0 26 13</runs>
            <runs>0 26 12</runs>
            <runs>0 26 8</runs>
        </run-table>
    </sample>
    <sample shape="FLAT" interline="22" pitch="-0.8" left="530" top="1088" id="370">
        <run-table orientation="VERTICAL" width="21" height="54">
            <runs>0 23 31</runs>
            <runs>54</runs>
            <runs>41 5 7</runs>
            <runs>32 14 6</runs>
            <runs>11 14 5 15 6</runs>
            <runs>0 25 4 15 6</runs>
            <runs>0 25 3 15 6</runs>
            <runs>0 25 2 15 6</runs>
            <runs>0 24 3 11 9</runs>
            <runs>0 24 3 11 8</runs>
            <runs>0 24 3 11 7</runs>
            <runs>0 24 4 10 6</runs>
            <runs>0 24 6 4 9</runs>
            <runs>0 25 17</runs>
            <runs>0 25 16</runs>
            <runs>0 25 16</runs>
            <runs>0 25 16</runs>
            <runs>0 26 14</runs>
            <runs>0 27 13</runs>
            <runs>0 28 7</runs>
            <runs>0 30 1</runs>
        </run-table>
    </sample>
    <sample shape="FLAT" interline="22" pitch="-3.7" left="553" top="1058" id="374">
        <run-table orientation="VERTICAL" width="20" height="54">
            <runs>0 14 40</runs>
            <runs>0 1 53</runs>
            <runs>40 5 8</runs>
            <runs>33 17 2</runs>
            <runs>31 19 1</runs>
            <runs>0 2 3</runs>
            <runs></runs>
            <runs>0 43 1</runs>
            <runs>0 42 2</runs>
            <runs>0 41 8</runs>
            <runs>0 39 10</runs>
            <runs>0 38 11</runs>
            <runs>0 36 13</runs>
            <runs>0 24 19</runs>
            <runs>0 25 17</runs>
            <runs>0 25 16</runs>
            <runs>0 25 15</runs>
            <runs>0 25 14</runs>
            <runs>0 25 12</runs>
            <runs>0 24 11</runs>
        </run-table>
    </sample>
    <sample shape="FLAT" interline="22" pitch="1.5" left="528" top="1385" id="377">
        <run-table orientation="VERTICAL" width="21" height="54">
            <runs>0 24 29</runs>
            <runs>0 3 51</runs>
            <runs>41 6 6</runs>
            <runs>38 9 5</runs>
            <runs>0 1 19 3 8 16 4</runs>
            <runs>0 8 1 17 4 16 4</runs>
            <runs>0 26 3 15 5</runs>
            <runs>0 25 4 14 5</runs>
            <runs>0 25 3 12 7</runs>
            <runs>0 24 4 5 13</runs>
            <runs>0 24 4 6 12</runs>
            <runs>0 23 5 5 12</runs>
            <runs>0 24 5 3 12</runs>
            <runs>0 24 19</runs>
            <runs>0 25 17</runs>
            <runs>0 25 16</runs>
            <runs>0 26 14</runs>
            <runs>0 26 13</runs>
            <runs>0 27 11</runs>
            <runs>0 29 1 1 2</runs>
            <runs>0 32 1</runs>
        </run-table>
    </sample>
    <sample shape="FLAT" interline="22" pitch="-1.5" left="549" top="1354" id="381">
        <run-table orientation="VERTICAL" width="21" height="54">
            <runs>0 9 3 6 36</runs>
            <runs>0 1 53</runs>
            <runs>53</runs>
            <runs>33 6 1 3 9</runs>
            <runs>19 1 10 19 2</runs>
            <runs>0 6 2 14 8 19 1</runs>
            <runs>0 42 1</runs>
            <runs>0 41 2</runs>
            <runs>0 41 2</runs>
            <runs>0 40 8</runs>
            <runs>0 38 10</runs>
            <runs>0 28 1 7 12</runs>
            <runs>0 28 2 4 13</runs>
            <runs>0 23 20</runs>
            <runs>0 23 19</runs>
            <runs>0 23 18</runs>
            <runs>0 23 17</runs>
            <runs>0 23 15</runs>
            <runs>0 23 14</runs>
            <runs>0 29 6</runs>
            <runs>0 32 1</runs>
        </run-table>
    </sample>
    <sample shape="FLAT" interline="22" pitch="-3.8" left="545" top="1665" id="435">
        <run-table orientation="VERTICAL" width="21" height="53">
            <runs>0 2 1</runs>
            <runs>53</runs>
            <runs>52</runs>
            <runs>32</runs>
            <runs>6</runs>
            <runs></runs>
            <runs>0 44 1</runs>
            <runs>0 43 2</runs>
            <runs>0 42 8</runs>
            <runs>0 41 9</runs>
            <runs>0 39 6</runs>
            <runs>0 38 6</runs>
            <runs>0 36 7</runs>
            <runs>0 34 8</runs>
            <runs>0 23 18</runs>
            <runs>0 24 17</runs>
            <runs>0 25 15</runs>
            <runs>0 25 13</runs>
            <runs>0 25 13</runs>
            <runs>0 25 11</runs>
            <runs>0 25 9</runs>
        </run-table>
    </sample>
    <sample shape="FLAT" interline="22" pitch="1.3" left="520" top="2008" id="438">
        <run-table orientation="VERTICAL" width="20" height="54">
            <runs>0 2 51</runs>
            <runs>54</runs>
            <runs>44 2 8</runs>
            <runs>0 1 23 2 7 15 5</runs>
            <runs>0 26 6 16 5</runs>
            <runs>0 26 4 17 4</runs>
            <runs>0 26 4 15 6</runs>
            <runs>0 25 4 15 5</runs>
            <runs>0 25 4 9 11</runs>
            <runs>0 25 4 8 11</runs>
            <runs>0 25 4 8 10</runs>
            <runs>0 25 4 7 10</runs>
            <runs>0 25 8 1 11</runs>
            <runs>0 25 19</runs>
            <runs>0 25 19</runs>
            <runs>0 26 17</runs>
            <runs>0 26 16</runs>
            <runs>0 27 15</runs>
            <runs>0 28 13</runs>
            <runs>0 29 12</runs>
        </run-table>
    </sample>
    <sample shape="FLAT" interline="22" pitch="-1.5" left="542" top="1977" id="440">
        <run-table orientation="VERTICAL" width="21" height="55">
            <runs>0 29 2 13 8</runs>
            <runs>0 1 54</runs>
            <runs>55</runs>
            <runs>39 3 13</runs>
            <runs>18 3 13 10 10</runs>
            <runs>0 44 8</runs>
            <runs>0 43 8</runs>
            <runs>0 44 7</runs>
            <runs>0 44 7</runs>
            <runs>0 43 8</runs>
            <runs>0 43 8</runs>
            <runs>0 42 9</runs>
            <runs>0 40 4</runs>
            <runs>0 36 8</runs>
            <runs>0 24 19</runs>
            <runs>0 24 19</runs>
            <runs>0 24 18</runs>
            <runs>0 25 15</runs>
            <runs>0 25 14</runs>
            <runs>0 25 12</runs>
            <runs>0 26 8</runs>
        </run-table>
    </sample>
    <sample shape="FLAT" interline="22" pitch="-0.6" left="516" top="2328" id="493">
        <run-table orientation="VERTICAL" width="20" height="53">
            <runs>3 15 3 1 6 2 23</runs>
            <runs>39 1 12</runs>
            <runs>37 9 6</runs>
            <runs>0 1 17 6 7 15 5</runs>
            <runs>0 25 5 16 4</runs>
            <runs>0 25 3 16 3</runs>
            <runs>0 25 2 16 4</runs>
            <runs>0 24 2 15 5</runs>
            <runs>0 24 2 15 5</runs>
            <runs>0 23 3 14 4</runs>
            <runs>0 23 3 12 5</runs>
            <runs>0 23 4 7 8</runs>
            <runs>0 23 5 6 8</runs>
            <runs>0 24 7 2 7</runs>
            <runs>0 24 15</runs>
            <runs>0 24 15</runs>
            <runs>0 25 13</runs>
            <runs>0 25 13</runs>
            <runs>0 27 10</runs>
            <runs>0 30 4</runs>
        </run-table>
    </sample>
    <sample shape="FLAT" interline="22" pitch="-3.8" left="540" top="2294" id="497">
        <run-table orientation="VERTICAL" width="20" height="53">
            <runs>0 3 18 3 12 1 2 1 13</runs>
            <runs>0 1 52</runs>
            <runs>34 2 17</runs>
            <runs>32</runs>
            <runs>0 1 1 7 2</runs>
            <runs></runs>
            <runs></runs>
            <runs></runs>
            <runs>0 42 8</runs>
            <runs>0 41 9</runs>
            <runs>0 40 5</runs>
            <runs>0 38 6</runs>
            <runs>0 36 7</runs>
            <runs>0 32 10</runs>
            <runs>0 24 17</runs>
            <runs>0 25 15</runs>
            <runs>0 25 14</runs>
            <runs>0 26 12</runs>
            <runs>0 26 10</runs>
            <runs>0 30 2</runs>
        </run-table>
    </sample>
    <sample shape="FLAT" interline="22" pitch="1.2" left="511" top="2637" id="500">
        <run-table orientation="VERTICAL" width="20" height="55">
            <runs>0 8 3 2 10 6 26</runs>
            <runs>0 1 44 3 7</runs>
            <runs>22 6 5 16 5</runs>
            <runs>0 1 3 23 4 17 4</runs>
            <runs>0 27 4 16 4</runs>
            <runs>0 27 2 17 4</runs>
            <runs>0 26 2 17 4</runs>
            <runs>0 26 2 11 9</runs>
            <runs>0 26 1 12 8</runs>
            <runs>0 25 2 17 2</runs>
            <runs>0 25 2 17 1</runs>
            <runs>0 24 4</runs>
            <runs>0 23 7 5 8</runs>
            <runs>0 23 20</runs>
            <runs>0 26 16</runs>
            <runs>0 26 16</runs>
            <runs>0 27 15</runs>
            <runs>0 27 15</runs>
            <runs>0 29 7</runs>
            <runs>0 32 1</runs>
        </run-table>
    </sample>
    <sample shape="FLAT" interline="22" pitch="-1.7" left="534" top="2607" id="504">
        <run-table orientation="VERTICAL" width="21" height="54">
            <runs>0 18 1</runs>
            <runs>0 1 40 2 11</runs>
            <runs>54</runs>
            <runs>34 17 3</runs>
            <runs>0 1 2 8 1 3 5 4 8 19 3</runs>
            <runs>0 51 2</runs>
            <runs></runs>
            <runs>0 45 1</runs>
            <runs>0 44 2</runs>
            <runs>0 43 8</runs>
            <runs>0 42 8</runs>
            <runs>0 39 7</runs>
            <runs>0 38 7</runs>
            <runs>0 34 11</runs>
            <runs>0 25 19</runs>
            <runs>0 25 17</runs>
            <runs>0 25 16</runs>
            <runs>0 25 15</runs>
            <runs>0 25 14</runs>
            <runs>0 25 13</runs>
            <runs>0 26 9</runs>
        </run-table>
    </sample>
    <sample shape="FLAT" interline="22" pitch="-0.5" left="508" top="2988" id="527">
        <run-table orientation="VERTICAL" width="19" height="53">
            <runs>0 1 9 1 31 1 10</runs>
            <runs>40 4 9</runs>
            <runs>22 3 7 15 6</runs>
            <runs>0 1 3 2 1 20 4 16 4</runs>
            <runs>0 26 3 17 4</runs>
            <runs>0 26 1 18 4</runs>
            <runs>0 26 1 17 4</runs>
            <runs>0 25 1 17 4</runs>
            <runs>0 25 1 16 4</runs>
            <runs>0 24 2 14 5</runs>
            <runs>0 24 2 9 9</runs>
            <runs>0 24 3 8 9</runs>
            <runs>0 24 4 6 9</runs>
            <runs>0 25 17</runs>
            <runs>0 25 16</runs>
            <runs>0 25 15</runs>
            <runs>0 26 13</runs>
            <runs>0 27 11</runs>
            <runs>0 28 10</runs>
        </run-table>
    </sample>
    <sample shape="FLAT" interline="22" pitch="-3.7" left="529" top="2955" id="528">
        <run-table orientation="VERTICAL" width="20" height="53">
            <runs>0 1 21 9 1 5 15</runs>
            <runs>53</runs>
            <runs>34 3 2 1 2 3 8</runs>
            <runs>4 3 5 17 2 19 2</runs>
            <runs></runs>
            <runs></runs>
            <runs></runs>
            <runs>0 43 1</runs>
            <runs>0 42 2</runs>
            <runs>0 40 9</runs>
            <runs>0 38 7</runs>
            <runs>0 37 7</runs>
            <runs>0 35 8</runs>
            <runs>0 24 18</runs>
            <runs>0 24 17</runs>
            <runs>0 24 16</runs>
            <runs>0 25 14</runs>
            <runs>0 25 13</runs>
            <runs>0 25 11</runs>
            <runs>0 28 4</runs>
        </run-table>
    </sample>
    <sample shape="FLAT" interline="22" pitch="-4.0" left="526" top="3240" id="542">
        <run-table orientation="VERTICAL" width="20" height="55">
            <runs>33</runs>
            <runs>43 1 11</runs>
            <runs>41 4 1</runs>
            <runs>34</runs>
            <runs>0 5 1 11 2</runs>
            <runs>0 47 1</runs>
            <runs>0 46 2</runs>
            <runs>0 45 8</runs>
            <runs>0 44 9</runs>
            <runs>0 42 11</runs>
            <runs>0 41 6</runs>
            <runs>0 39 6</runs>
            <runs>0 37 7</runs>
            <runs>0 25 18</runs>
            <runs>0 25 17</runs>
            <runs>0 25 16</runs>
            <runs>0 26 15</runs>
            <runs>0 26 14</runs>
            <runs>0 27 11</runs>
            <runs>0 35 1</runs>
        </run-table>
    </sample>
    <sample shape="FLAT" interline="22" pitch="-0.6" left="525" top="1697" id="428">
        <run-table orientation="VERTICAL" width="20" height="53">
            <runs>0 1 52</runs>
            <runs>41 1 11</runs>
            <runs>39 7 6</runs>
            <runs>0 1 3 4 1 16 5 16 5</runs>
            <runs>0 26 3 16 5</runs>
            <runs>0 25 3 16 5</runs>
            <runs>0 25 2 16 5</runs>
            <runs>0 25 1 16 5</runs>
            <runs>0 24 2 14 6</runs>
            <runs>0 25 1 9 10</runs>
            <runs>0 35 10</runs>
            <runs>0 25 1 9 9</runs>
            <runs>0 24 5 3 11</runs>
            <runs>0 24 17</runs>
            <runs>0 24 16</runs>
            <runs>0 25 15</runs>
            <runs>0 25 15</runs>
            <runs>0 26 14</runs>
            <runs>0 27 13</runs>
            <runs>0 29 11</runs>
        </run-table>
    </sample>
    <sample shape="FLAT" interline="22" pitch="-0.8" left="506" top="3273" id="534">
        <run-table orientation="VERTICAL" width="20" height="56">
            <runs>0 2 27 4 23</runs>
            <runs>56</runs>
            <runs>43 4 8</runs>
            <runs>34 13 7</runs>
            <runs>0 25 6 16 5</runs>
            <runs>0 26 4 16 5</runs>
            <runs>0 25 4 16 6</runs>
            <runs>0 25 3 16 6</runs>
            <runs>0 25 3 11 10</runs>
            <runs>0 25 2 12 9</runs>
            <runs>0 24 3 12 7</runs>
            <runs>0 24 4 11 6</runs>
            <runs>0 24 5 7 9</runs>
            <runs>0 25 19</runs>
            <runs>0 25 18</runs>
            <runs>0 26 16</runs>
            <runs>0 27 15</runs>
            <runs>0 28 14</runs>
            <runs>0 29 13</runs>
            <runs>0 33 2</runs>
        </run-table>
    </sample>
</samples>
