<?xml version="1.0" encoding="UTF-8" standalone="yes"?>
<samples sheet-name="Straight_Page_1">
    <sample shape="DOT_set" interline="15" left="1510" top="620" id="382">
        <run-table orientation="VERTICAL" width="5" height="5">
            <runs>0 1 3</runs>
            <runs>5</runs>
            <runs>5</runs>
            <runs>5</runs>
            <runs>0 1 3</runs>
        </run-table>
    </sample>
    <sample shape="G_CLEF" interline="15" left="118" top="1191" id="744">
        <run-table orientation="VERTICAL" width="41" height="106">
            <runs>0 57 7 1 1</runs>
            <runs>0 54 14</runs>
            <runs>0 52 18</runs>
            <runs>0 50 22</runs>
            <runs>0 48 25</runs>
            <runs>0 46 16 4 8</runs>
            <runs>0 45 13 12 5</runs>
            <runs>0 44 12 15 5</runs>
            <runs>0 42 12 19 4</runs>
            <runs>0 41 12 21 4 18 1</runs>
            <runs>0 40 11 14 1 9 3 15 7</runs>
            <runs>0 39 12 8 9 8 3 13 10</runs>
            <runs>0 38 11 7 14 7 2 12 12</runs>
            <runs>0 37 11 7 9 4 3 6 4 9 14</runs>
            <runs>0 36 11 7 8 8 2 6 3 9 15</runs>
            <runs>0 14 9 12 10 8 7 12 1 5 3 9 15</runs>
            <runs>0 10 18 6 10 8 7 14 1 5 2 9 12 1 3</runs>
            <runs>0 7 25 1 10 8 7 15 2 4 2 9 12 2 2</runs>
            <runs>0 5 12 13 12 8 7 17 1 4 2 9 12 2 2</runs>
            <runs>0 4 10 17 11 7 8 18 1 3 1 11 10 4 1</runs>
            <runs>0 2 10 18 17 2 7 19 1 15 10 4 1</runs>
            <runs>0 2 8 19 10 6 11 20 1 15 8 5 1</runs>
            <runs>0 1 8 19 11 10 10 17 1 2 2 14 3 6 1</runs>
            <runs>0 1 7 19 11 11 15 1 1 13 2 23 1</runs>
            <runs>8 18 10 13 7 5 8 10 2 22 2</runs>
            <runs>0 1 7 16 12 13 7 9 9 5 2 22 1</runs>
            <runs>0 2 6 14 12 1 1 13 7 15 10 21 1</runs>
            <runs>0 4 6 10 12 17 7 21 6 18 2</runs>
            <runs>0 6 24 19 7 22 3 1 7 10 3</runs>
            <runs>0 9 18 22 8 20 4 7 7 1 4</runs>
            <runs>0 14 9 26 8 20 4 12 5</runs>
            <runs>0 50 8 18 3</runs>
            <runs>0 51 8 16 4</runs>
            <runs>0 52 8 14 4</runs>
            <runs>0 53 8 12 4</runs>
            <runs>0 54 9 9 5</runs>
            <runs>0 55 21</runs>
            <runs>0 56 18</runs>
            <runs>0 58 15</runs>
            <runs>0 61 9</runs>
            <runs>0 65 1</runs>
        </run-table>
    </sample>
    <sample shape="G_CLEF" interline="15" left="118" top="1816" id="1160">
        <run-table orientation="VERTICAL" width="41" height="106">
            <runs>0 57 7 1 1</runs>
            <runs>0 54 14</runs>
            <runs>0 52 18</runs>
            <runs>0 50 22</runs>
            <runs>0 48 25</runs>
            <runs>0 46 16 4 8</runs>
            <runs>0 45 13 12 5</runs>
            <runs>0 44 12 15 5</runs>
            <runs>0 42 12 19 4</runs>
            <runs>0 41 12 21 4 18 1</runs>
            <runs>0 40 11 14 1 9 3 15 7</runs>
            <runs>0 39 12 8 9 8 3 13 10</runs>
            <runs>0 38 11 7 14 7 2 12 12</runs>
            <runs>0 37 11 7 9 4 3 6 4 9 14</runs>
            <runs>0 36 11 7 8 8 2 6 3 9 15</runs>
            <runs>0 14 9 12 10 8 7 12 1 5 3 9 15</runs>
            <runs>0 10 18 6 10 8 7 14 1 5 2 9 12 1 3</runs>
            <runs>0 7 25 1 10 8 7 15 2 4 2 9 12 2 2</runs>
            <runs>0 5 12 13 12 8 7 17 1 4 2 9 12 2 2</runs>
            <runs>0 4 10 17 11 8 7 18 1 3 1 11 10 4 1</runs>
            <runs>0 2 10 18 17 3 6 19 1 15 10 4 1</runs>
            <runs>0 2 8 19 10 6 11 20 1 15 8 5 1</runs>
            <runs>0 1 8 19 11 11 9 17 1 2 2 14 3 6 1</runs>
            <runs>0 1 7 19 11 12 14 1 1 13 2 23 1</runs>
            <runs>8 18 10 14 6 5 8 10 2 22 2</runs>
            <runs>0 1 7 16 12 14 6 9 9 5 2 22 1</runs>
            <runs>0 2 6 14 12 1 1 14 6 15 10 21 1</runs>
            <runs>0 4 6 10 12 18 6 21 6 18 2</runs>
            <runs>0 6 24 20 6 22 3 1 7 10 3</runs>
            <runs>0 9 18 23 7 20 4 7 7 1 4</runs>
            <runs>0 14 9 27 7 20 4 12 5</runs>
            <runs>0 50 8 18 3</runs>
            <runs>0 51 8 16 4</runs>
            <runs>0 52 8 14 4</runs>
            <runs>0 53 8 12 4</runs>
            <runs>0 54 9 9 5</runs>
            <runs>0 55 21</runs>
            <runs>0 56 18</runs>
            <runs>0 58 15</runs>
            <runs>0 61 9</runs>
            <runs>0 65 1</runs>
        </run-table>
    </sample>
    <sample shape="FLAT" interline="15" left="176" top="586" id="358">
        <run-table orientation="VERTICAL" width="14" height="42">
            <runs>42</runs>
            <runs>41</runs>
            <runs>0 25 1 12 2</runs>
            <runs>0 24 2 11 2</runs>
            <runs>0 24 1 11 2</runs>
            <runs>0 24 1 10 3</runs>
            <runs>0 23 2 9 3</runs>
            <runs>0 23 2 7 4</runs>
            <runs>0 23 3 5 4</runs>
            <runs>0 23 11</runs>
            <runs>0 23 10</runs>
            <runs>0 24 8</runs>
            <runs>0 26 5</runs>
            <runs>0 30 1</runs>
        </run-table>
    </sample>
    <sample shape="FLAT" interline="15" left="229" top="803" id="415">
        <run-table orientation="VERTICAL" width="13" height="41">
            <runs>41</runs>
            <runs>40</runs>
            <runs>0 24 1 11 3</runs>
            <runs>0 24 1 11 2</runs>
            <runs>0 35 2</runs>
            <runs>0 34 3</runs>
            <runs>0 33 3</runs>
            <runs>0 31 4</runs>
            <runs>0 24 1 4 5</runs>
            <runs>0 22 11</runs>
            <runs>0 22 10</runs>
            <runs>0 22 9</runs>
            <runs>0 22 2 1 4</runs>
        </run-table>
    </sample>
    <sample shape="NATURAL" interline="15" left="1525" top="1011" id="463">
        <run-table orientation="VERTICAL" width="10" height="42">
            <runs>31</runs>
            <runs>30</runs>
            <runs>0 14 4 7 5</runs>
            <runs>0 13 5 7 5</runs>
            <runs>0 13 4 8 4</runs>
            <runs>0 13 4 8 4</runs>
            <runs>0 13 4 7 5</runs>
            <runs>0 12 4 8 5</runs>
            <runs>0 12 30</runs>
            <runs>0 12 30</runs>
        </run-table>
    </sample>
    <sample shape="NATURAL" interline="15" left="441" top="1213" id="504">
        <run-table orientation="VERTICAL" width="10" height="42">
            <runs>31</runs>
            <runs>30</runs>
            <runs>0 13 5 7 5</runs>
            <runs>0 13 5 7 5</runs>
            <runs>0 13 4 8 4</runs>
            <runs>0 13 4 8 4</runs>
            <runs>0 13 4 7 5</runs>
            <runs>0 13 3 8 5</runs>
            <runs>0 13 29</runs>
            <runs>0 13 29</runs>
        </run-table>
    </sample>
    <sample shape="SHARP" interline="15" left="451" top="608" id="371">
        <run-table orientation="VERTICAL" width="12" height="46">
            <runs>0 14 6 10 7</runs>
            <runs>0 14 6 10 6</runs>
            <runs>0 3 43</runs>
            <runs>0 3 43</runs>
            <runs>0 12 7 10 6</runs>
            <runs>0 12 6 10 7</runs>
            <runs>0 11 7 10 6</runs>
            <runs>0 11 6 11 6</runs>
            <runs>43</runs>
            <runs>43</runs>
            <runs>0 10 6 10 7</runs>
            <runs>0 8 8 10 6</runs>
        </run-table>
    </sample>
    <sample shape="SHARP" interline="15" left="1361" top="824" id="423">
        <run-table orientation="VERTICAL" width="17" height="46">
            <runs>0 16 1</runs>
            <runs>0 16 1</runs>
            <runs>0 14 6 10 7</runs>
            <runs>0 14 6 10 6</runs>
            <runs>0 3 43</runs>
            <runs>0 3 43</runs>
            <runs>0 12 7 11 5</runs>
            <runs>0 12 6 10 1 1 5</runs>
            <runs>0 11 7 10 1 1 4</runs>
            <runs>0 11 6 11 6</runs>
            <runs>43</runs>
            <runs>43</runs>
            <runs>0 10 7 9 7</runs>
            <runs>0 9 8 9 6</runs>
            <runs>0 29 2</runs>
            <runs>0 29 2</runs>
            <runs>0 30 1</runs>
        </run-table>
    </sample>
    <sample shape="SHARP" interline="15" left="256" top="1211" id="501">
        <run-table orientation="VERTICAL" width="16" height="46">
            <runs>0 15 2</runs>
            <runs>0 15 2</runs>
            <runs>0 14 6 9 8</runs>
            <runs>0 14 6 9 7</runs>
            <runs>0 3 43</runs>
            <runs>0 3 43</runs>
            <runs>0 12 7 10 6</runs>
            <runs>0 12 4 1 1 10 7</runs>
            <runs>0 11 5 1 1 10 6</runs>
            <runs>0 11 5 12 6</runs>
            <runs>43</runs>
            <runs>43</runs>
            <runs>0 10 6 10 7</runs>
            <runs>0 9 7 10 6</runs>
            <runs>0 29 1</runs>
            <runs>0 29 1</runs>
        </run-table>
    </sample>
    <sample shape="COMMON_TIME" interline="15" left="218" top="602" id="1248">
        <run-table orientation="VERTICAL" width="26" height="29">
            <runs>0 14 1</runs>
            <runs>0 10 7</runs>
            <runs>0 7 13</runs>
            <runs>0 5 17</runs>
            <runs>0 4 20</runs>
            <runs>0 3 22</runs>
            <runs>0 2 24</runs>
            <runs>0 1 27</runs>
            <runs>7 12 10</runs>
            <runs>4 19 6</runs>
            <runs>3 22 4</runs>
            <runs>2 24 3</runs>
            <runs>0 1 1 26 1</runs>
            <runs></runs>
            <runs></runs>
            <runs></runs>
            <runs>0 7 2</runs>
            <runs>0 5 5 18 1</runs>
            <runs>0 5 6 15 3</runs>
            <runs>0 1 1 2 8 14 3</runs>
            <runs>0 1 1 2 8 13 3</runs>
            <runs>0 1 2 1 8 12 2</runs>
            <runs>0 1 11 11 2</runs>
            <runs>0 2 9 10 3</runs>
            <runs>0 3 7 8 4</runs>
            <runs>0 5 4</runs>
        </run-table>
    </sample>
    <sample shape="QUARTER_REST" interline="15" left="363" top="592" id="737">
        <run-table orientation="VERTICAL" width="17" height="48">
            <runs>0 36 4</runs>
            <runs>0 20 1 3 1 10 6</runs>
            <runs>0 20 3 1 1 9 8</runs>
            <runs>1 17 7 8 11</runs>
            <runs>0 1 1 15 8 8 11</runs>
            <runs>0 1 3 11 11 7 12</runs>
            <runs>0 2 4 8 14 5 5 5 3</runs>
            <runs>0 3 5 3 18 4 4 7 3</runs>
            <runs>0 4 26 3 4 9 2</runs>
            <runs>0 6 25 2 4 10 1</runs>
            <runs>0 7 15 8 3 1 3</runs>
            <runs>0 8 13 10 6</runs>
            <runs>0 9 10 14 4</runs>
            <runs>0 10 8 16 3</runs>
            <runs>0 11 6 18 2</runs>
            <runs>0 13 2 20 1</runs>
            <runs>0 14 1</runs>
        </run-table>
    </sample>
    <sample shape="EIGHTH_REST" interline="15" left="799" top="604" id="370">
        <run-table orientation="VERTICAL" width="15" height="28">
            <runs>0 2 4</runs>
            <runs>0 1 6</runs>
            <runs>8</runs>
            <runs>8</runs>
            <runs>9</runs>
            <runs>9</runs>
            <runs>0 1 8</runs>
            <runs>0 2 3 2 2 17 1</runs>
            <runs>0 7 2 13 6</runs>
            <runs>0 7 1 10 7</runs>
            <runs>0 6 2 4 1 1 6</runs>
            <runs>0 5 2 3 6</runs>
            <runs>0 3 10</runs>
            <runs>0 2 6</runs>
            <runs>3</runs>
        </run-table>
    </sample>
    <sample shape="FLAG_1" interline="15" left="1574" top="582" id="904">
        <run-table orientation="VERTICAL" width="17" height="34">
            <runs>11</runs>
            <runs>0 2 9</runs>
            <runs>0 4 8</runs>
            <runs>0 5 7</runs>
            <runs>0 6 7</runs>
            <runs>0 7 6</runs>
            <runs>0 8 6</runs>
            <runs>0 9 6</runs>
            <runs>0 10 6</runs>
            <runs>0 11 6</runs>
            <runs>0 12 6</runs>
            <runs>0 14 5</runs>
            <runs>0 15 5</runs>
            <runs>0 16 6</runs>
            <runs>0 18 8</runs>
            <runs>0 19 15</runs>
            <runs>0 24 7</runs>
        </run-table>
    </sample>
    <sample shape="FLAG_1" interline="15" left="1562" top="1407" id="1038">
        <run-table orientation="VERTICAL" width="18" height="35">
            <runs>11</runs>
            <runs>0 2 9</runs>
            <runs>0 4 8</runs>
            <runs>0 5 7</runs>
            <runs>0 6 6</runs>
            <runs>0 7 6</runs>
            <runs>0 8 6</runs>
            <runs>0 9 6</runs>
            <runs>0 10 6</runs>
            <runs>0 11 6</runs>
            <runs>0 12 6</runs>
            <runs>0 14 5</runs>
            <runs>0 15 5</runs>
            <runs>0 16 6</runs>
            <runs>0 18 8 1 1</runs>
            <runs>0 20 15</runs>
            <runs>0 24 7</runs>
            <runs>0 27 1</runs>
        </run-table>
    </sample>
    <sample shape="FLAG_1" interline="15" left="1431" top="1409" id="1039">
        <run-table orientation="VERTICAL" width="17" height="33">
            <runs>9</runs>
            <runs>0 2 8</runs>
            <runs>0 3 7</runs>
            <runs>0 4 6</runs>
            <runs>0 5 6</runs>
            <runs>0 6 6</runs>
            <runs>0 7 6</runs>
            <runs>0 8 6</runs>
            <runs>0 9 6</runs>
            <runs>0 10 6</runs>
            <runs>0 12 5</runs>
            <runs>0 13 5</runs>
            <runs>0 14 6</runs>
            <runs>0 16 8 1 1</runs>
            <runs>0 18 15</runs>
            <runs>0 22 7</runs>
            <runs>0 25 1</runs>
        </run-table>
    </sample>
    <sample shape="FLAG_1" interline="15" left="855" top="570" id="1253">
        <run-table orientation="VERTICAL" width="20" height="49">
            <runs>15</runs>
            <runs>0 1 14</runs>
            <runs>0 4 11</runs>
            <runs>0 6 9</runs>
            <runs>0 8 8</runs>
            <runs>0 9 8</runs>
            <runs>0 10 7</runs>
            <runs>0 11 6</runs>
            <runs>0 12 6</runs>
            <runs>0 13 6</runs>
            <runs>0 14 6</runs>
            <runs>0 15 6</runs>
            <runs>0 16 6 26 1</runs>
            <runs>0 18 5</runs>
            <runs>0 19 5 20 3</runs>
            <runs>0 20 6 16 2</runs>
            <runs>0 22 8 1 1 7 3</runs>
            <runs>0 24 15</runs>
            <runs>0 28 7</runs>
            <runs>0 31 1</runs>
        </run-table>
    </sample>
    <sample shape="FLAG_1" interline="15" left="1047" top="809" id="1262">
        <run-table orientation="VERTICAL" width="20" height="48">
            <runs>14</runs>
            <runs>0 1 13</runs>
            <runs>0 3 11</runs>
            <runs>0 5 9</runs>
            <runs>0 7 8</runs>
            <runs>0 8 8</runs>
            <runs>0 9 7</runs>
            <runs>0 10 6</runs>
            <runs>0 11 6</runs>
            <runs>0 12 6</runs>
            <runs>0 13 6</runs>
            <runs>0 14 6</runs>
            <runs>0 15 6 26 1</runs>
            <runs>0 17 5</runs>
            <runs>0 18 5 20 3</runs>
            <runs>0 19 6 16 2</runs>
            <runs>0 21 8 1 1 7 3</runs>
            <runs>0 23 15</runs>
            <runs>0 27 7</runs>
            <runs>0 30 1</runs>
        </run-table>
    </sample>
    <sample shape="FLAG_1" interline="15" left="1373" top="1418" id="1271">
        <run-table orientation="VERTICAL" width="20" height="49">
            <runs>15</runs>
            <runs>15</runs>
            <runs>0 2 13</runs>
            <runs>0 6 9</runs>
            <runs>0 8 8</runs>
            <runs>0 9 8</runs>
            <runs>0 10 7</runs>
            <runs>0 11 6</runs>
            <runs>0 12 6</runs>
            <runs>0 13 6</runs>
            <runs>0 14 6</runs>
            <runs>0 15 6</runs>
            <runs>0 16 6 26 1</runs>
            <runs>0 18 5</runs>
            <runs>0 19 5 20 3</runs>
            <runs>0 20 6 16 2</runs>
            <runs>0 22 8 1 1 7 3</runs>
            <runs>0 24 15</runs>
            <runs>0 28 7</runs>
            <runs>0 31 1</runs>
        </run-table>
    </sample>
    <sample shape="FLAG_1_UP" interline="15" left="652" top="1039" id="978">
        <run-table orientation="VERTICAL" width="18" height="35">
            <runs>0 23 12</runs>
            <runs>0 23 10</runs>
            <runs>0 23 8</runs>
            <runs>0 23 7</runs>
            <runs>0 22 7</runs>
            <runs>0 22 6</runs>
            <runs>0 21 6</runs>
            <runs>0 20 6</runs>
            <runs>0 19 6</runs>
            <runs>0 18 6</runs>
            <runs>0 17 6</runs>
            <runs>0 16 5</runs>
            <runs>0 15 5</runs>
            <runs>0 13 6</runs>
            <runs>0 9 8</runs>
            <runs>15</runs>
            <runs>0 4 7</runs>
            <runs>0 8 1</runs>
        </run-table>
    </sample>
    <sample shape="FLAG_1_UP" interline="15" left="906" top="1039" id="979">
        <run-table orientation="VERTICAL" width="17" height="33">
            <runs>0 23 10</runs>
            <runs>0 23 8</runs>
            <runs>0 23 7</runs>
            <runs>0 22 7</runs>
            <runs>0 22 6</runs>
            <runs>0 21 6</runs>
            <runs>0 20 6</runs>
            <runs>0 19 6</runs>
            <runs>0 18 6</runs>
            <runs>0 17 6</runs>
            <runs>0 16 5</runs>
            <runs>0 15 5</runs>
            <runs>0 13 6</runs>
            <runs>0 9 8</runs>
            <runs>15</runs>
            <runs>0 4 7</runs>
            <runs>0 8 1</runs>
        </run-table>
    </sample>
</samples>
