<?xml version="1.0" encoding="UTF-8" standalone="yes"?>
<samples sheet-name="IMSLP00007#20">
    <sample shape="G_CLEF" interline="22" pitch="0.5" left="132" top="2946" id="410">
        <run-table orientation="VERTICAL" width="57" height="156">
            <runs>0 91 2 1 1</runs>
            <runs>0 90 9</runs>
            <runs>0 87 16</runs>
            <runs>0 82 23</runs>
            <runs>0 80 26</runs>
            <runs>0 74 34</runs>
            <runs>0 74 35</runs>
            <runs>0 73 38</runs>
            <runs>0 72 40 27 6</runs>
            <runs>0 70 23 1 19 24 12</runs>
            <runs>0 69 21 15 9 21 15</runs>
            <runs>0 68 21 18 9 18 17</runs>
            <runs>0 66 19 23 8 17 19</runs>
            <runs>0 65 18 27 7 16 19</runs>
            <runs>0 64 18 29 10 12 20</runs>
            <runs>0 63 17 32 9 12 20</runs>
            <runs>0 62 17 34 8 11 22</runs>
            <runs>0 61 16 15 8 13 8 11 22</runs>
            <runs>0 60 17 13 14 10 7 11 23</runs>
            <runs>0 59 18 12 17 9 3 14 23</runs>
            <runs>0 58 19 10 21 7 3 14 23</runs>
            <runs>0 57 20 8 15 1 8 7 2 14 18 1 4</runs>
            <runs>0 52 20 12 11 10 6 5 2 15 16 2 4</runs>
            <runs>0 52 18 13 10 14 4 6 1 15 16 2 4</runs>
            <runs>0 52 18 11 10 18 3 5 1 16 14 4 3</runs>
            <runs>0 52 17 11 10 21 1 5 1 17 11 6 3</runs>
            <runs>0 33 3 16 17 11 10 27 1 19 9 6 4</runs>
            <runs>0 26 22 4 16 11 10 28 1 24 1 8 4</runs>
            <runs>0 21 46 12 10 62 4</runs>
            <runs>0 19 48 7 14 63 4</runs>
            <runs>0 18 70 62 5</runs>
            <runs>0 17 21 10 39 3 1 1 1 57 4</runs>
            <runs>0 15 19 14 40 2 14 45 5</runs>
            <runs>0 14 20 14 15 10 38 1 9 27 5</runs>
            <runs>0 12 16 19 15 12 16 5 30 21 6</runs>
            <runs>0 11 15 20 12 16 12 16 2 2 33 1 11</runs>
            <runs>0 9 15 21 15 14 12 27 37</runs>
            <runs>0 8 14 22 15 15 12 31 32</runs>
            <runs>0 7 14 22 16 15 12 43 18</runs>
            <runs>0 6 13 23 15 18 11 50 8</runs>
            <runs>0 5 13 23 15 18 13</runs>
            <runs>0 4 14 21 17 18 13</runs>
            <runs>0 2 14 22 17 19 13</runs>
            <runs>0 1 14 21 19 19 13 27 7</runs>
            <runs>0 1 13 17 24 19 13 27 3</runs>
            <runs>13 17 19 29 10 25 4</runs>
            <runs>0 1 11 18 17 32 10 24 3</runs>
            <runs>0 2 9 16 18 34 10 1 1 20 5</runs>
            <runs>0 4 7 7 3 1 20 37 13 18 5</runs>
            <runs>0 7 33 40 13 15 6</runs>
            <runs>0 10 26 45 18 7 7</runs>
            <runs>0 13 5 1 3 1 11 48 30</runs>
            <runs>0 83 28</runs>
            <runs>0 85 25</runs>
            <runs>0 86 22</runs>
            <runs>0 92 14</runs>
            <runs>0 96 8</runs>
        </run-table>
    </sample>
    <sample shape="SHARP" interline="22" pitch="-0.8" left="230" top="1009" id="279">
        <run-table orientation="VERTICAL" width="25" height="69">
            <runs>0 27 1 16 9</runs>
            <runs>0 22 10 12 10</runs>
            <runs>0 22 10 12 10</runs>
            <runs>0 22 9 13 9</runs>
            <runs>0 22 9 13 9 11 2</runs>
            <runs>0 22 11 1 4 1 30</runs>
            <runs>0 22 47</runs>
            <runs>0 10 59</runs>
            <runs>0 10 1 1 17 12 11</runs>
            <runs>0 20 9 13 9</runs>
            <runs>0 20 8 13 9</runs>
            <runs>0 20 8 13 9</runs>
            <runs>0 19 8 14 8</runs>
            <runs>0 19 8 13 9</runs>
            <runs>0 18 9 13 9</runs>
            <runs>0 17 9 13 9</runs>
            <runs>0 17 9 3 1 8 23</runs>
            <runs>0 17 9 1 34</runs>
            <runs>0 5 53</runs>
            <runs>10 3 14 10 11</runs>
            <runs>0 15 10 12 9</runs>
            <runs>0 15 9 12 10</runs>
            <runs>0 15 9 12 10</runs>
            <runs>0 14 11 11 10</runs>
            <runs>0 15 9</runs>
        </run-table>
    </sample>
    <sample shape="SHARP" interline="22" pitch="-3.7" left="210" top="1545" id="302">
        <run-table orientation="VERTICAL" width="23" height="65">
            <runs>0 22 8 13 10</runs>
            <runs>0 22 9 12 10</runs>
            <runs>0 21 10 12 9</runs>
            <runs>0 20 11 11 11 9 2</runs>
            <runs>0 19 14 9 11 2 3 1 6</runs>
            <runs>0 8 57</runs>
            <runs>0 7 55</runs>
            <runs>0 7 3 3 19 7 14</runs>
            <runs>0 17 10 13 9</runs>
            <runs>0 17 9 14 8</runs>
            <runs>0 17 9 13 8</runs>
            <runs>0 17 9 13 8</runs>
            <runs>0 16 9 13 8</runs>
            <runs>0 16 9 13 8</runs>
            <runs>0 15 9 14 8</runs>
            <runs>0 14 11 3 25 3 2</runs>
            <runs>0 8 50</runs>
            <runs>0 1 57</runs>
            <runs>33 2 9</runs>
            <runs>0 13 9 13 8</runs>
            <runs>0 13 8 14 8</runs>
            <runs>0 12 9 13 8</runs>
            <runs>0 14 6 14 4 1 2</runs>
        </run-table>
    </sample>
</samples>
