<?xml version="1.0" encoding="UTF-8"?>
<stick id="245" interline="21" shape="CLUTTER">
    <is-within-system>true</is-within-system>
    <has-ledger>false</has-ledger>
    <stem-number>0</stem-number>
    <step-line>-10.68235294117647</step-line>
    <moments>
        <k>0.6122448979591837</k>
        <k>0.9523809523809523</k>
        <k>1.380952380952381</k>
        <k>0.15322359396433505</k>
        <k>-0.0014860539551897838</k>
        <k>0.2428034852410721</k>
        <k>-0.0024126172705216187</k>
        <k>-0.0016704352256470476</k>
        <k>0.0015693709984072725</k>
        <k>-0.0024760041253874122</k>
        <k>0.39602707920540714</k>
        <k>0.00803339034658297</k>
        <k>5.7132553474785346E-5</k>
        <k>1.7904023567241817E-5</k>
        <k>-4.6375267993517496E-10</k>
        <k>1.4556625941320896E-6</k>
        <k>3.35900324487342E-10</k>
        <k>530.6666666666666</k>
        <k>346.7518518518518</k>
    </moments>
    <section id="1002" first-pos="521">
        <run start="342" length="10" level="87"/>
    </section>
    <section id="1004" first-pos="522">
        <run start="339" length="17" level="36"/>
        <run start="337" length="20" level="14"/>
        <run start="335" length="24" level="15"/>
        <run start="335" length="24" level="92"/>
    </section>
    <section id="1012" first-pos="526">
        <run start="334" length="6" level="99"/>
        <run start="333" length="4" level="65"/>
        <run start="333" length="3" level="56"/>
        <run start="333" length="2" level="3"/>
        <run start="333" length="2" level="3"/>
        <run start="333" length="2" level="4"/>
        <run start="333" length="2" level="4"/>
        <run start="333" length="3" level="32"/>
        <run start="333" length="4" level="65"/>
        <run start="334" length="6" level="47"/>
    </section>
    <section id="1033" first-pos="536">
        <run start="334" length="26" level="57"/>
        <run start="335" length="24" level="15"/>
        <run start="336" length="22" level="32"/>
        <run start="338" length="18" level="67"/>
    </section>
    <section id="1013" first-pos="526">
        <run start="353" length="7" level="86"/>
        <run start="356" length="5" level="87"/>
        <run start="358" length="3" level="60"/>
        <run start="359" length="2" level="3"/>
        <run start="359" length="3" level="28"/>
        <run start="359" length="3" level="60"/>
        <run start="359" length="2" level="4"/>
        <run start="358" length="3" level="30"/>
        <run start="357" length="4" level="23"/>
        <run start="353" length="8" level="64"/>
    </section>
    <section id="1049" first-pos="540">
        <run start="341" length="11" level="170"/>
    </section>
</stick>
