<?xml version="1.0" encoding="UTF-8"?>
<stick id="241" interline="21" shape="CLUTTER">
    <is-within-system>true</is-within-system>
    <has-ledger>false</has-ledger>
    <stem-number>0</stem-number>
    <step-line>-10.68235294117647</step-line>
    <moments>
        <k>0.5578231292517006</k>
        <k>0.8571428571428571</k>
        <k>1.380952380952381</k>
        <k>0.10501637140107266</k>
        <k>0.0019664221032454463</k>
        <k>0.2618508603785224</k>
        <k>-7.624868103027067E-4</k>
        <k>0.007258769491023647</k>
        <k>-0.0013002903397964245</k>
        <k>-0.0067630818376432185</k>
        <k>0.36686723177959507</k>
        <k>0.02461252419637033</k>
        <k>8.243462547511293E-4</k>
        <k>4.500755820684888E-6</k>
        <k>1.543335022083664E-10</k>
        <k>-6.368459235646708E-7</k>
        <k>-2.265779770599697E-10</k>
        <k>509.4634146341463</k>
        <k>347.1666666666667</k>
    </moments>
    <section id="983" first-pos="501">
        <run start="352" length="5" level="86"/>
        <run start="350" length="9" level="39"/>
        <run start="349" length="11" level="17"/>
        <run start="349" length="11" level="79"/>
    </section>
    <section id="985" first-pos="505">
        <run start="348" length="4" level="109"/>
    </section>
    <section id="988" first-pos="506">
        <run start="341" length="9" level="58"/>
        <run start="342" length="7" level="49"/>
        <run start="343" length="5" level="35"/>
        <run start="344" length="5" level="52"/>
        <run start="345" length="4" level="3"/>
        <run start="344" length="6" level="31"/>
        <run start="343" length="8" level="23"/>
        <run start="342" length="10" level="52"/>
    </section>
    <section id="984" first-pos="502">
        <run start="337" length="5" level="93"/>
        <run start="336" length="8" level="35"/>
        <run start="335" length="10" level="20"/>
        <run start="334" length="12" level="84"/>
    </section>
    <section id="987" first-pos="506">
        <run start="334" length="2" level="86"/>
        <run start="333" length="2" level="51"/>
        <run start="333" length="2" level="5"/>
        <run start="333" length="2" level="5"/>
        <run start="333" length="2" level="4"/>
        <run start="333" length="2" level="4"/>
        <run start="333" length="3" level="86"/>
        <run start="334" length="3" level="32"/>
    </section>
    <section id="991" first-pos="514">
        <run start="334" length="11" level="72"/>
        <run start="335" length="9" level="38"/>
        <run start="336" length="7" level="95"/>
        <run start="338" length="3" level="166"/>
    </section>
    <section id="992" first-pos="514">
        <run start="347" length="7" level="49"/>
    </section>
    <section id="994" first-pos="515">
        <run start="348" length="12" level="43"/>
        <run start="349" length="10" level="36"/>
        <run start="350" length="8" level="66"/>
        <run start="352" length="5" level="173"/>
    </section>
    <section id="986" first-pos="505">
        <run start="357" length="4" level="65"/>
        <run start="358" length="3" level="60"/>
        <run start="359" length="2" level="89"/>
        <run start="360" length="2" level="45"/>
        <run start="360" length="2" level="5"/>
        <run start="360" length="2" level="91"/>
        <run start="359" length="2" level="44"/>
        <run start="359" length="2" level="3"/>
        <run start="358" length="3" level="28"/>
        <run start="356" length="5" level="69"/>
    </section>
</stick>
