<?xml version="1.0" encoding="UTF-8"?>
<stick id="304" interline="22" shape="FORTE">
    <is-within-system>true</is-within-system>
    <has-ledger>false</has-ledger>
    <stem-number>0</stem-number>
    <step-line>12.376470588235295</step-line>
    <moments>
        <k>0.9705215419501134</k>
        <k>1.8571428571428572</k>
        <k>2.142857142857143</k>
        <k>0.19115140244056694</k>
        <k>-0.24590769466867743</k>
        <k>0.4039908190977782</k>
        <k>0.0022531406221608257</k>
        <k>-0.007649372954875261</k>
        <k>0.010799248154441327</k>
        <k>-0.013506610649593251</k>
        <k>0.5951422215383451</k>
        <k>0.28718299447203594</k>
        <k>9.978392181151953E-4</k>
        <k>6.179404950481103E-4</k>
        <k>4.7396406078783344E-7</k>
        <k>3.306173723719744E-4</k>
        <k>1.0396667056147604E-7</k>
        <k>1728.9018691588785</k>
        <k>590.9439252336449</k>
    </moments>
    <section id="2688" first-pos="1710">
        <run start="606" length="2" level="221"/>
        <run start="604" length="6" level="146"/>
        <run start="604" length="7" level="31"/>
        <run start="603" length="9" level="26"/>
        <run start="603" length="10" level="26"/>
        <run start="603" length="10" level="38"/>
    </section>
    <section id="2691" first-pos="1716">
        <run start="604" length="5" level="68"/>
        <run start="605" length="3" level="112"/>
    </section>
    <section id="2692" first-pos="1716">
        <run start="610" length="3" level="86"/>
        <run start="609" length="4" level="118"/>
        <run start="609" length="4" level="65"/>
        <run start="608" length="5" level="94"/>
        <run start="606" length="7" level="104"/>
        <run start="605" length="7" level="66"/>
        <run start="602" length="10" level="73"/>
        <run start="599" length="12" level="61"/>
        <run start="595" length="15" level="67"/>
        <run start="591" length="17" level="57"/>
        <run start="589" length="18" level="29"/>
        <run start="586" length="20" level="40"/>
    </section>
    <section id="2707" first-pos="1728">
        <run start="582" length="22" level="35"/>
        <run start="582" length="21" level="16"/>
        <run start="581" length="20" level="17"/>
        <run start="579" length="20" level="19"/>
        <run start="577" length="19" level="19"/>
        <run start="576" length="17" level="21"/>
        <run start="574" length="16" level="24"/>
        <run start="573" length="13" level="24"/>
        <run start="572" length="12" level="33"/>
    </section>
    <section id="2695" first-pos="1722">
        <run start="582" length="2" level="128"/>
        <run start="582" length="2" level="128"/>
        <run start="582" length="2" level="128"/>
        <run start="582" length="2" level="128"/>
        <run start="582" length="2" level="128"/>
        <run start="582" length="2" level="128"/>
    </section>
    <section id="2710" first-pos="1737">
        <run start="571" length="7" level="43"/>
        <run start="570" length="6" level="50"/>
        <run start="569" length="5" level="61"/>
        <run start="569" length="3" level="83"/>
        <run start="568" length="4" level="70"/>
        <run start="568" length="3" level="86"/>
    </section>
    <section id="2712" first-pos="1743">
        <run start="568" length="8" level="60"/>
        <run start="568" length="9" level="32"/>
        <run start="569" length="8" level="33"/>
        <run start="569" length="8" level="35"/>
        <run start="570" length="7" level="51"/>
        <run start="572" length="3" level="102"/>
    </section>
    <section id="2711" first-pos="1737">
        <run start="582" length="2" level="128"/>
        <run start="582" length="2" level="128"/>
        <run start="582" length="2" level="128"/>
        <run start="582" length="2" level="123"/>
        <run start="581" length="3" level="104"/>
    </section>
</stick>
