<?xml version="1.0" encoding="UTF-8"?>
<stick id="1114" interline="22" shape="NATURAL">
    <is-within-system>true</is-within-system>
    <has-ledger>false</has-ledger>
    <stem-number>1</stem-number>
    <step-line>-1.9770114942528736</step-line>
    <moments>
        <k>0.8966942148760331</k>
        <k>0.8181818181818182</k>
        <k>2.8181818181818183</k>
        <k>0.06517158213885207</k>
        <k>0.05630282366570687</k>
        <k>0.4201503834341341</k>
        <k>-7.730738414685865E-5</k>
        <k>0.0028935899461916235</k>
        <k>0.007932800717980243</k>
        <k>-0.0029736320364679987</k>
        <k>0.4853219655729861</k>
        <k>0.13868998117996204</k>
        <k>7.058745890121294E-4</k>
        <k>6.171518225411654E-5</k>
        <k>-1.1742901742581545E-8</k>
        <k>-2.204463903695285E-5</k>
        <k>5.2939695929325105E-9</k>
        <k>359.2695852534562</k>
        <k>1612.9147465437788</k>
    </moments>
    <section id="581" first-pos="351">
        <run start="1610" length="3" level="186"/>
    </section>
    <section id="583" first-pos="352">
        <run start="1582" length="47" level="36"/>
        <run start="1582" length="47" level="43"/>
    </section>
    <section id="582" first-pos="351">
        <run start="1624" length="4" level="227"/>
    </section>
    <section id="589" first-pos="354">
        <run start="1598" length="10" level="26"/>
        <run start="1598" length="10" level="28"/>
        <run start="1598" length="9" level="29"/>
        <run start="1598" length="9" level="28"/>
        <run start="1597" length="10" level="28"/>
        <run start="1597" length="9" level="29"/>
        <run start="1597" length="9" level="28"/>
        <run start="1596" length="10" level="26"/>
        <run start="1596" length="10" level="28"/>
        <run start="1596" length="9" level="28"/>
        <run start="1595" length="10" level="26"/>
        <run start="1595" length="10" level="26"/>
    </section>
    <section id="633" first-pos="366">
        <run start="1595" length="18" level="47"/>
    </section>
    <section id="630" first-pos="365">
        <run start="1610" length="3" level="188"/>
    </section>
    <section id="637" first-pos="367">
        <run start="1610" length="6" level="151"/>
        <run start="1612" length="2" level="200"/>
    </section>
    <section id="631" first-pos="365">
        <run start="1614" length="29" level="136"/>
        <run start="1614" length="30" level="44"/>
    </section>
    <section id="591" first-pos="354">
        <run start="1619" length="10" level="26"/>
        <run start="1619" length="10" level="29"/>
        <run start="1619" length="9" level="27"/>
        <run start="1618" length="10" level="26"/>
        <run start="1618" length="10" level="26"/>
        <run start="1618" length="10" level="29"/>
        <run start="1618" length="9" level="27"/>
        <run start="1617" length="10" level="26"/>
        <run start="1617" length="10" level="28"/>
        <run start="1616" length="10" level="26"/>
        <run start="1616" length="10" level="25"/>
    </section>
    <section id="638" first-pos="367">
        <run start="1619" length="3" level="103"/>
    </section>
    <section id="639" first-pos="367">
        <run start="1630" length="12" level="108"/>
    </section>
    <section id="646" first-pos="368">
        <run start="1632" length="3" level="200"/>
    </section>
    <section id="590" first-pos="354">
        <run start="1610" length="3" level="191"/>
        <run start="1610" length="1" level="181"/>
    </section>
</stick>
