<?xml version="1.0" encoding="UTF-8"?>
<stick id="328" interline="22" shape="NATURAL">
    <is-within-system>true</is-within-system>
    <has-ledger>false</has-ledger>
    <stem-number>0</stem-number>
    <step-line>1.8850574712643677</step-line>
    <moments>
        <k>0.9669421487603306</k>
        <k>0.8181818181818182</k>
        <k>2.772727272727273</k>
        <k>0.06283294559921734</k>
        <k>0.0623886669251564</k>
        <k>0.404677464218883</k>
        <k>2.1174767746528738E-4</k>
        <k>3.4391743105579946E-4</k>
        <k>-2.3105063564392352E-4</k>
        <k>-0.006809077180655982</k>
        <k>0.4675104098181003</k>
        <k>0.1324270579531034</k>
        <k>6.22974500954194E-5</k>
        <k>4.179866319204473E-5</k>
        <k>2.1209815692982903E-9</k>
        <k>1.4319532753488234E-5</k>
        <k>-2.2554824296546165E-10</k>
        <k>2304.9871794871797</k>
        <k>725.9358974358975</k>
    </moments>
    <section id="3632" first-pos="2296">
        <run start="706" length="2" level="200"/>
    </section>
    <section id="3634" first-pos="2297">
        <run start="696" length="14" level="184"/>
    </section>
    <section id="3636" first-pos="2298">
        <run start="696" length="48" level="129"/>
    </section>
    <section id="3635" first-pos="2297">
        <run start="718" length="3" level="192"/>
    </section>
    <section id="3633" first-pos="2296">
        <run start="726" length="1" level="200"/>
        <run start="726" length="4" level="204"/>
    </section>
    <section id="3637" first-pos="2299">
        <run start="696" length="11" level="123"/>
    </section>
    <section id="3638" first-pos="2299">
        <run start="708" length="17" level="34"/>
    </section>
    <section id="3641" first-pos="2300">
        <run start="711" length="12" level="38"/>
        <run start="712" length="10" level="26"/>
        <run start="712" length="10" level="36"/>
        <run start="711" length="10" level="43"/>
        <run start="711" length="10" level="26"/>
        <run start="711" length="10" level="36"/>
        <run start="710" length="10" level="43"/>
        <run start="710" length="10" level="26"/>
        <run start="710" length="10" level="36"/>
        <run start="709" length="10" level="43"/>
        <run start="709" length="10" level="26"/>
    </section>
    <section id="3648" first-pos="2311">
        <run start="709" length="18" level="87"/>
        <run start="709" length="18" level="107"/>
    </section>
    <section id="3650" first-pos="2313">
        <run start="724" length="3" level="189"/>
    </section>
    <section id="3639" first-pos="2299">
        <run start="726" length="18" level="65"/>
    </section>
    <section id="3642" first-pos="2300">
        <run start="726" length="4" level="198"/>
    </section>
    <section id="3643" first-pos="2300">
        <run start="732" length="11" level="33"/>
        <run start="733" length="10" level="26"/>
        <run start="733" length="10" level="37"/>
        <run start="732" length="10" level="42"/>
        <run start="732" length="10" level="26"/>
        <run start="732" length="10" level="26"/>
        <run start="731" length="11" level="48"/>
        <run start="731" length="10" level="26"/>
        <run start="731" length="10" level="37"/>
        <run start="730" length="10" level="42"/>
        <run start="729" length="11" level="34"/>
    </section>
    <section id="3649" first-pos="2311">
        <run start="729" length="28" level="102"/>
        <run start="729" length="28" level="57"/>
    </section>
    <section id="3651" first-pos="2313">
        <run start="728" length="8" level="144"/>
    </section>
    <section id="3652" first-pos="2313">
        <run start="737" length="2" level="180"/>
    </section>
    <section id="3653" first-pos="2313">
        <run start="740" length="16" level="141"/>
    </section>
</stick>
