<?xml version="1.0" encoding="UTF-8"?>
<stick id="941" interline="21" shape="NOTEHEAD_BLACK">
    <is-within-system>true</is-within-system>
    <has-ledger>false</has-ledger>
    <stem-number>1</stem-number>
    <step-line>1.1162790697674418</step-line>
    <moments>
        <k>0.9591836734693877</k>
        <k>1.1428571428571428</k>
        <k>1.0476190476190477</k>
        <k>0.08871342406943157</k>
        <k>-0.025032116824023225</k>
        <k>0.07928017514560934</k>
        <k>4.7169434882152254E-4</k>
        <k>6.719162731477836E-4</k>
        <k>-9.88881990211045E-4</k>
        <k>1.9744330831726934E-4</k>
        <k>0.16799359921504092</k>
        <k>0.0025954136760249795</k>
        <k>1.5128419084179037E-5</k>
        <k>1.0232691382911492E-6</k>
        <k>3.6300754968127197E-12</k>
        <k>4.041368088277517E-8</k>
        <k>1.7412097457087597E-12</k>
        <k>677.9078014184397</k>
        <k>1058.7186761229314</k>
    </moments>
    <section id="1218" first-pos="667">
        <run start="1057" length="13" level="37"/>
        <run start="1055" length="15" level="32"/>
        <run start="1054" length="16" level="30"/>
        <run start="1053" length="17" level="29"/>
        <run start="1052" length="18" level="27"/>
        <run start="1051" length="19" level="26"/>
        <run start="1051" length="19" level="26"/>
        <run start="1050" length="20" level="25"/>
        <run start="1049" length="21" level="29"/>
        <run start="1048" length="22" level="37"/>
        <run start="1048" length="22" level="37"/>
        <run start="1048" length="22" level="37"/>
        <run start="1048" length="22" level="37"/>
        <run start="1048" length="22" level="37"/>
        <run start="1048" length="22" level="37"/>
        <run start="1048" length="21" level="29"/>
        <run start="1048" length="20" level="22"/>
        <run start="1048" length="19" level="32"/>
        <run start="1048" length="18" level="33"/>
        <run start="1048" length="17" level="36"/>
        <run start="1050" length="13" level="15"/>
        <run start="1051" length="11" level="25"/>
        <run start="1052" length="9" level="32"/>
        <run start="1054" length="5" level="56"/>
    </section>
</stick>
