<?xml version="1.0" encoding="UTF-8"?>
<stick id="359" interline="21" shape="PIANO">
    <is-within-system>true</is-within-system>
    <has-ledger>false</has-ledger>
    <stem-number>0</stem-number>
    <step-line>11.255813953488373</step-line>
    <moments>
        <k>0.9478458049886621</k>
        <k>1.5238095238095237</k>
        <k>1.6666666666666667</k>
        <k>0.16614873886131176</k>
        <k>-0.09640234786149125</k>
        <k>0.21778491332714545</k>
        <k>0.0276908522066487</k>
        <k>0.01214379670489689</k>
        <k>-0.03613227934564222</k>
        <k>0.019348323341794663</k>
        <k>0.3839336521884572</k>
        <k>0.03983994520629788</k>
        <k>0.01881169060619854</k>
        <k>0.0010630113171781683</k>
        <k>2.9175047633453565E-6</k>
        <k>1.5004068643356255E-4</k>
        <k>3.752956487393953E-6</k>
        <k>382.9043062200957</k>
        <k>1415.27990430622</k>
    </moments>
    <section id="645" first-pos="368">
        <run start="1432" length="2" level="161"/>
        <run start="1431" length="4" level="98"/>
        <run start="1428" length="7" level="66"/>
        <run start="1426" length="9" level="44"/>
        <run start="1424" length="11" level="37"/>
        <run start="1422" length="13" level="31"/>
        <run start="1419" length="16" level="30"/>
        <run start="1417" length="18" level="23"/>
        <run start="1415" length="20" level="68"/>
        <run start="1412" length="18" level="48"/>
        <run start="1410" length="18" level="54"/>
        <run start="1407" length="18" level="59"/>
    </section>
    <section id="708" first-pos="380">
        <run start="1400" length="22" level="43"/>
        <run start="1400" length="20" level="32"/>
        <run start="1400" length="18" level="15"/>
        <run start="1401" length="19" level="57"/>
    </section>
    <section id="678" first-pos="374">
        <run start="1404" length="3" level="138"/>
        <run start="1403" length="4" level="172"/>
        <run start="1402" length="3" level="171"/>
        <run start="1401" length="3" level="112"/>
        <run start="1400" length="4" level="85"/>
        <run start="1400" length="4" level="65"/>
    </section>
    <section id="716" first-pos="384">
        <run start="1401" length="11" level="56"/>
        <run start="1402" length="8" level="91"/>
        <run start="1403" length="5" level="122"/>
        <run start="1402" length="4" level="172"/>
        <run start="1401" length="3" level="171"/>
        <run start="1401" length="2" level="128"/>
        <run start="1402" length="1" level="196"/>
    </section>
    <section id="717" first-pos="384">
        <run start="1416" length="5" level="128"/>
        <run start="1419" length="3" level="92"/>
        <run start="1419" length="3" level="86"/>
        <run start="1419" length="4" level="82"/>
        <run start="1419" length="4" level="65"/>
        <run start="1419" length="4" level="65"/>
        <run start="1418" length="5" level="103"/>
        <run start="1417" length="5" level="66"/>
        <run start="1416" length="6" level="56"/>
        <run start="1415" length="7" level="74"/>
        <run start="1413" length="8" level="74"/>
        <run start="1410" length="10" level="67"/>
    </section>
    <section id="742" first-pos="396">
        <run start="1402" length="17" level="46"/>
        <run start="1403" length="15" level="38"/>
        <run start="1404" length="12" level="91"/>
    </section>
    <section id="726" first-pos="391">
        <run start="1400" length="2" level="169"/>
        <run start="1400" length="3" level="112"/>
        <run start="1400" length="3" level="86"/>
        <run start="1401" length="3" level="92"/>
        <run start="1401" length="5" level="83"/>
    </section>
    <section id="762" first-pos="399">
        <run start="1407" length="6" level="181"/>
    </section>
</stick>
