<?xml version="1.0" encoding="UTF-8"?>
<stick id="275" interline="22" shape="PIANO">
    <is-within-system>true</is-within-system>
    <has-ledger>false</has-ledger>
    <stem-number>0</stem-number>
    <step-line>9.333333333333334</step-line>
    <moments>
        <k>0.9400826446280992</k>
        <k>1.4545454545454546</k>
        <k>1.5909090909090908</k>
        <k>0.1588891716905242</k>
        <k>-0.0875490696961534</k>
        <k>0.19463169362939953</k>
        <k>0.023848673417292604</k>
        <k>0.009839836931915254</k>
        <k>-0.03127292642554429</k>
        <k>0.021517390033298067</k>
        <k>0.3535208653199237</k>
        <k>0.03193688629319869</k>
        <k>0.013909663360173984</k>
        <k>0.0010383952156784355</k>
        <k>2.32356076257315E-6</k>
        <k>1.1470173136481518E-4</k>
        <k>3.1898630376228015E-6</k>
        <k>1109.9538461538461</k>
        <k>807.4835164835165</k>
    </moments>
    <section id="1769" first-pos="1095">
        <run start="824" length="3" level="113"/>
        <run start="823" length="4" level="35"/>
        <run start="820" length="7" level="51"/>
        <run start="817" length="11" level="42"/>
        <run start="815" length="13" level="30"/>
        <run start="813" length="15" level="33"/>
        <run start="810" length="18" level="27"/>
        <run start="808" length="20" level="35"/>
    </section>
    <section id="1790" first-pos="1103">
        <run start="805" length="19" level="43"/>
        <run start="803" length="18" level="23"/>
        <run start="800" length="20" level="41"/>
    </section>
    <section id="1794" first-pos="1106">
        <run start="793" length="24" level="34"/>
        <run start="793" length="22" level="21"/>
        <run start="793" length="19" level="9"/>
        <run start="793" length="19" level="8"/>
        <run start="793" length="20" level="42"/>
    </section>
    <section id="1780" first-pos="1100">
        <run start="797" length="2" level="129"/>
        <run start="796" length="4" level="95"/>
        <run start="795" length="4" level="69"/>
        <run start="794" length="4" level="102"/>
        <run start="794" length="3" level="86"/>
        <run start="793" length="4" level="95"/>
    </section>
    <section id="1804" first-pos="1111">
        <run start="794" length="11" level="52"/>
        <run start="795" length="7" level="42"/>
        <run start="795" length="5" level="58"/>
        <run start="794" length="4" level="69"/>
        <run start="794" length="3" level="51"/>
        <run start="793" length="3" level="92"/>
        <run start="793" length="3" level="86"/>
        <run start="793" length="3" level="86"/>
        <run start="793" length="3" level="86"/>
        <run start="793" length="3" level="92"/>
        <run start="794" length="4" level="66"/>
    </section>
    <section id="1824" first-pos="1122">
        <run start="794" length="19" level="47"/>
        <run start="794" length="18" level="25"/>
        <run start="795" length="15" level="20"/>
        <run start="796" length="13" level="55"/>
    </section>
    <section id="1805" first-pos="1111">
        <run start="809" length="5" level="83"/>
        <run start="811" length="4" level="100"/>
        <run start="812" length="3" level="45"/>
        <run start="812" length="4" level="100"/>
        <run start="812" length="4" level="93"/>
        <run start="812" length="4" level="65"/>
        <run start="811" length="5" level="75"/>
        <run start="810" length="6" level="62"/>
        <run start="809" length="6" level="47"/>
        <run start="806" length="8" level="64"/>
        <run start="804" length="10" level="50"/>
    </section>
    <section id="1830" first-pos="1126">
        <run start="797" length="8" level="139"/>
    </section>
    <section id="1791" first-pos="1103">
        <run start="826" length="1" level="161"/>
    </section>
</stick>
