<?xml version="1.0" encoding="UTF-8"?>
<stick id="252" interline="21" shape="WHOLE_REST">
    <is-within-system>true</is-within-system>
    <has-ledger>false</has-ledger>
    <stem-number>0</stem-number>
    <step-line>-1.4588235294117646</step-line>
    <moments>
        <k>0.780045351473923</k>
        <k>1.2857142857142858</k>
        <k>0.6190476190476191</k>
        <k>0.17059049733828469</k>
        <k>-0.003725423744135794</k>
        <k>0.03994928807369175</k>
        <k>7.959072609516322E-4</k>
        <k>-0.0016032583152414796</k>
        <k>-5.190460485400474E-4</k>
        <k>2.0700263933664043E-4</k>
        <k>0.21053978541197643</k>
        <k>0.017122640686408647</k>
        <k>3.07048800233598E-5</k>
        <k>2.026182043434492E-6</k>
        <k>-1.5805330718039753E-11</k>
        <k>-2.3891448427704555E-7</k>
        <k>2.3673612428863994E-12</k>
        <k>643.7470930232558</k>
        <k>444.8982558139535</k>
    </moments>
    <section id="1190" first-pos="631">
        <run start="439" length="13" level="89"/>
        <run start="439" length="13" level="62"/>
        <run start="439" length="13" level="62"/>
        <run start="439" length="13" level="62"/>
        <run start="439" length="13" level="62"/>
        <run start="439" length="13" level="62"/>
        <run start="439" length="13" level="62"/>
        <run start="439" length="13" level="62"/>
        <run start="439" length="13" level="62"/>
        <run start="439" length="13" level="62"/>
        <run start="439" length="13" level="62"/>
        <run start="439" length="13" level="62"/>
        <run start="439" length="13" level="62"/>
        <run start="439" length="13" level="62"/>
        <run start="439" length="13" level="62"/>
        <run start="439" length="13" level="62"/>
        <run start="439" length="13" level="62"/>
        <run start="439" length="13" level="62"/>
        <run start="439" length="13" level="62"/>
        <run start="439" length="13" level="62"/>
        <run start="439" length="13" level="62"/>
        <run start="439" length="13" level="62"/>
        <run start="439" length="13" level="62"/>
        <run start="439" length="13" level="61"/>
        <run start="439" length="12" level="64"/>
        <run start="439" length="11" level="90"/>
        <run start="439" length="9" level="211"/>
    </section>
</stick>
