<?xml version="1.0" encoding="UTF-8" standalone="yes"?>
<samples sheet-name="IMSLP00120#29">
    <sample shape="F_CLEF" interline="18" pitch="-1.5" left="281" top="1984" id="447">
        <run-table orientation="VERTICAL" width="54" height="62">
            <runs>0 15 9</runs>
            <runs>0 13 13</runs>
            <runs>0 10 17</runs>
            <runs>0 8 20 28 1</runs>
            <runs>0 7 21 28 1</runs>
            <runs>0 1 28 26 2</runs>
            <runs>0 1 28 26 2</runs>
            <runs>0 1 11 1 16 26 2</runs>
            <runs>0 1 9 3 16 25 8</runs>
            <runs>0 1 8 4 16 25 8</runs>
            <runs>0 6 2 5 16 24 9</runs>
            <runs>0 6 2 5 16 24 9</runs>
            <runs>0 6 1 6 16 23 10</runs>
            <runs>0 6 1 6 16 22 11</runs>
            <runs>0 13 15 23 11</runs>
            <runs>0 14 14 23 11</runs>
            <runs>0 15 13 22 7</runs>
            <runs>0 16 11 23 7</runs>
            <runs>0 17 8 24 7</runs>
            <runs>0 18 2 28 8</runs>
            <runs>0 46 9</runs>
            <runs>0 46 9</runs>
            <runs>0 39 15</runs>
            <runs>0 40 13</runs>
            <runs>0 39 14</runs>
            <runs>0 7 1 31 13</runs>
            <runs>0 1 8 29 13</runs>
            <runs>0 1 9 27 14</runs>
            <runs>0 1 10 23 16</runs>
            <runs>12 19 18</runs>
            <runs>15 5 28</runs>
            <runs>47</runs>
            <runs>46</runs>
            <runs>45</runs>
            <runs>44</runs>
            <runs>0 7 37</runs>
            <runs>0 8 36</runs>
            <runs>0 10 27</runs>
            <runs>0 11 22</runs>
            <runs>0 13 18</runs>
            <runs>0 16 9</runs>
            <runs></runs>
            <runs></runs>
            <runs>0 30 3</runs>
            <runs>0 11 4 14 5</runs>
            <runs>0 9 8 11 7</runs>
            <runs>0 9 8 11 8</runs>
            <runs>0 8 10 10 9</runs>
            <runs>0 8 10 10 9</runs>
            <runs>0 8 10 10 8</runs>
            <runs>0 9 9 10 8</runs>
            <runs>0 10 7 12 6</runs>
            <runs>0 11 5 15 1</runs>
            <runs>0 12 2</runs>
        </run-table>
    </sample>
    <sample shape="F_CLEF" interline="18" pitch="-1.5" left="287" top="2687" id="516">
        <run-table orientation="VERTICAL" width="54" height="60">
            <runs>0 12 12</runs>
            <runs>0 11 13</runs>
            <runs>0 9 17</runs>
            <runs>0 8 18</runs>
            <runs>0 7 20 27 1</runs>
            <runs>0 6 22 26 1</runs>
            <runs>0 1 11 1 15 26 1</runs>
            <runs>0 1 9 3 16 24 2</runs>
            <runs>0 1 8 4 16 24 2</runs>
            <runs>0 1 8 4 16 24 2</runs>
            <runs>0 7 1 5 16 23 8</runs>
            <runs>0 13 16 23 8</runs>
            <runs>0 13 16 22 9</runs>
            <runs>0 13 16 22 9</runs>
            <runs>0 13 16 21 10</runs>
            <runs>0 13 15 22 10</runs>
            <runs>0 14 14 21 11</runs>
            <runs>0 15 12 22 6</runs>
            <runs>0 16 10 22 7</runs>
            <runs>0 47 7</runs>
            <runs>0 46 8</runs>
            <runs>0 46 7</runs>
            <runs>0 44 9</runs>
            <runs>0 6 1 37 8</runs>
            <runs>0 6 1 32 13</runs>
            <runs>0 6 2 30 13</runs>
            <runs>0 6 2 30 11</runs>
            <runs>0 1 9 28 11</runs>
            <runs>0 1 10 25 12</runs>
            <runs>0 1 12 19 15</runs>
            <runs>0 1 15 13 17</runs>
            <runs>0 1 44</runs>
            <runs>44</runs>
            <runs>0 6 37</runs>
            <runs>0 7 35</runs>
            <runs>0 8 33</runs>
            <runs>0 9 32</runs>
            <runs>0 10 31</runs>
            <runs>0 11 30</runs>
            <runs>0 13 23</runs>
            <runs>0 15 18</runs>
            <runs>0 19 10</runs>
            <runs></runs>
            <runs></runs>
            <runs>0 10 5 13 4</runs>
            <runs>0 8 8 11 6</runs>
            <runs>0 8 9 9 8</runs>
            <runs>0 8 9 9 9</runs>
            <runs>0 8 9 9 9</runs>
            <runs>0 8 9 9 9</runs>
            <runs>0 8 8 10 9</runs>
            <runs>0 8 8 11 7</runs>
            <runs>0 9 6 12 7</runs>
            <runs>0 30 2</runs>
        </run-table>
    </sample>
</samples>
