<?xml version="1.0" encoding="UTF-8" standalone="yes"?>
<samples sheet-name="IMSLP00121#33">
    <sample shape="TIME_TWO" interline="18" pitch="-2.0" left="609" top="594" id="271">
        <run-table orientation="VERTICAL" width="35" height="33">
            <runs>0 30 3</runs>
            <runs>0 28 5</runs>
            <runs>0 26 7</runs>
            <runs>0 3 7 14 9</runs>
            <runs>0 1 10 12 8</runs>
            <runs>12 10 7</runs>
            <runs>12 9 7</runs>
            <runs>13 7 8</runs>
            <runs>13 6 9</runs>
            <runs>13 3 13</runs>
            <runs>13 3 13</runs>
            <runs>13 3 14</runs>
            <runs>13 3 15</runs>
            <runs>12 8 1 1 10</runs>
            <runs>0 3 8 11 10</runs>
            <runs>0 22 11</runs>
            <runs>0 22 11</runs>
            <runs>0 23 10</runs>
            <runs>0 23 10</runs>
            <runs>0 1 1 21 10</runs>
            <runs>0 1 2 9 2 10 9</runs>
            <runs>0 1 3 6 8 6 9</runs>
            <runs>18 7 8</runs>
            <runs>18 8 7</runs>
            <runs>18 8 7</runs>
            <runs>18 9 6</runs>
            <runs>18 9 6</runs>
            <runs>18 9 6</runs>
            <runs>18 9 6</runs>
            <runs>0 1 17 7 7</runs>
            <runs>0 2 16 5 8</runs>
            <runs>0 3 15 2 10</runs>
            <runs>0 5 9 6 9</runs>
            <runs>0 7 5 8 7</runs>
            <runs>0 22 1</runs>
        </run-table>
    </sample>
    <sample shape="TIME_FOUR" interline="18" pitch="2.1" left="609" top="631" id="276">
        <run-table orientation="VERTICAL" width="35" height="33">
            <runs>0 24 2</runs>
            <runs>0 23 4</runs>
            <runs>0 22 5</runs>
            <runs>0 21 6</runs>
            <runs>0 19 8</runs>
            <runs>0 18 8</runs>
            <runs>0 18 8</runs>
            <runs>0 14 8 1 3</runs>
            <runs>0 23 4</runs>
            <runs>0 24 3</runs>
            <runs>0 11 8 5 3</runs>
            <runs>0 8 10 6 3</runs>
            <runs>0 5 13 5 4</runs>
            <runs>0 2 15 6 4</runs>
            <runs>17 6 4</runs>
            <runs>17 6 4</runs>
            <runs>17 5 11</runs>
            <runs>33</runs>
            <runs>13 1 19</runs>
            <runs>11 3 19</runs>
            <runs>0 1 10 2 20</runs>
            <runs>0 1 9 2 21</runs>
            <runs>0 1 7 3 22</runs>
            <runs>0 1 6 3 23</runs>
            <runs>6 3 24</runs>
            <runs>5 3 25</runs>
            <runs>4 3 26</runs>
            <runs>3 4 26</runs>
            <runs>2 10 2 8 11</runs>
            <runs>0 23 4</runs>
            <runs>0 23 3</runs>
            <runs>0 23 3</runs>
            <runs>0 23 3</runs>
            <runs>0 23 4</runs>
            <runs>0 24 3</runs>
        </run-table>
    </sample>
    <sample shape="TIME_FOUR" interline="18" pitch="2.2" left="610" top="833" id="290">
        <run-table orientation="VERTICAL" width="35" height="33">
            <runs>0 24 3</runs>
            <runs>0 23 4</runs>
            <runs>0 22 5</runs>
            <runs>0 21 6</runs>
            <runs>0 19 8</runs>
            <runs>0 14 13</runs>
            <runs>0 14 13</runs>
            <runs>0 14 8 1 4</runs>
            <runs>0 12 9 2 4</runs>
            <runs>0 9 11 3 4</runs>
            <runs>0 6 13 4 4</runs>
            <runs>0 3 15 5 4</runs>
            <runs>18 5 4</runs>
            <runs>18 5 4</runs>
            <runs>18 5 4</runs>
            <runs>18 5 6</runs>
            <runs>33</runs>
            <runs>12 2 19</runs>
            <runs>12 2 19</runs>
            <runs>10 2 21</runs>
            <runs>9 2 22</runs>
            <runs>8 2 23</runs>
            <runs>8 1 24</runs>
            <runs>6 2 25</runs>
            <runs>5 2 26</runs>
            <runs>4 2 27</runs>
            <runs>3 3 27</runs>
            <runs>2 9 22</runs>
            <runs>0 22 6</runs>
            <runs>0 22 6</runs>
            <runs>0 22 5</runs>
            <runs>0 23 4</runs>
            <runs>0 23 5</runs>
            <runs>0 24 4</runs>
            <runs>0 24 4</runs>
        </run-table>
    </sample>
    <sample shape="TIME_TWO_FOUR" interline="18" pitch="-0.1" left="609" top="594" id="263">
        <run-table orientation="VERTICAL" width="35" height="70">
            <runs>0 30 4 27 2</runs>
            <runs>0 28 8 24 4</runs>
            <runs>0 26 10 23 5</runs>
            <runs>0 3 7 14 9 25 6</runs>
            <runs>0 1 10 12 8 25 8</runs>
            <runs>12 10 7 26 8</runs>
            <runs>12 9 7 27 8</runs>
            <runs>13 7 8 23 8 1 3</runs>
            <runs>13 6 9 32 4</runs>
            <runs>13 3 13 32 3</runs>
            <runs>13 3 13 19 8 5 3</runs>
            <runs>13 3 14 15 10 6 3</runs>
            <runs>13 3 15 11 13 5 4</runs>
            <runs>12 8 1 1 10 7 15 6 4</runs>
            <runs>0 3 8 11 10 2 20 6 4</runs>
            <runs>0 22 32 6 4</runs>
            <runs>0 22 32 5 11</runs>
            <runs>0 23 47</runs>
            <runs>0 23 27 1 19</runs>
            <runs>0 1 1 21 25 3 19</runs>
            <runs>0 1 2 9 2 10 13 1 10 2 20</runs>
            <runs>0 1 3 6 8 6 12 2 9 2 21</runs>
            <runs>18 7 11 2 7 3 22</runs>
            <runs>18 8 10 2 6 3 23</runs>
            <runs>18 8 10 1 6 3 24</runs>
            <runs>18 9 9 1 5 3 25</runs>
            <runs>18 9 14 3 26</runs>
            <runs>18 9 13 4 26</runs>
            <runs>18 9 12 10 2 8 11</runs>
            <runs>0 1 17 7 7 28 4</runs>
            <runs>0 2 16 5 8 29 3</runs>
            <runs>0 3 15 2 10 30 3</runs>
            <runs>0 5 9 6 9 31 3</runs>
            <runs>0 7 5 8 7 33 4</runs>
            <runs>0 22 1 38 3</runs>
        </run-table>
    </sample>
</samples>
