<?xml version="1.0" encoding="UTF-8" standalone="yes"?>
<samples sheet-name="IMSLP08541#27">
    <sample shape="G_CLEF" interline="21" pitch="0.6" left="492" top="405" id="221">
        <run-table orientation="VERTICAL" width="58" height="163">
            <runs>0 83 17</runs>
            <runs>0 74 27</runs>
            <runs>0 74 29</runs>
            <runs>0 72 33</runs>
            <runs>0 71 36 39 1</runs>
            <runs>0 68 40 34 11</runs>
            <runs>0 66 45 29 14</runs>
            <runs>0 65 47 26 18</runs>
            <runs>0 64 36 4 9 24 20</runs>
            <runs>0 62 27 18 8 21 21</runs>
            <runs>0 61 26 21 8 20 22</runs>
            <runs>0 60 25 25 12 14 23</runs>
            <runs>0 53 30 28 11 13 24</runs>
            <runs>0 53 28 31 10 13 25</runs>
            <runs>0 53 27 33 9 13 26</runs>
            <runs>0 53 26 35 8 13 20 1 5</runs>
            <runs>0 53 26 36 7 13 20 2 5</runs>
            <runs>0 53 25 11 12 15 6 13 20 3 4</runs>
            <runs>0 52 26 8 18 12 6 13 19 4 4</runs>
            <runs>0 52 26 6 23 9 7 12 19 4 4</runs>
            <runs>0 51 21 10 28 26 18 4 5</runs>
            <runs>0 50 21 9 31 26 16 6 4</runs>
            <runs>0 49 21 5 25 5 8 24 16 6 4</runs>
            <runs>0 48 21 6 19 14 5 25 13 8 4</runs>
            <runs>0 47 21 7 18 18 2 26 11 9 4</runs>
            <runs>0 47 20 8 16 50 7 11 4</runs>
            <runs>0 47 19 8 16 69 4</runs>
            <runs>0 46 19 9 16 69 4</runs>
            <runs>0 45 19 9 15 70 5</runs>
            <runs>0 44 19 10 15 70 5</runs>
            <runs>0 39 1 3 20 10 14 70 5</runs>
            <runs>0 28 35 9 15 70 5</runs>
            <runs>0 23 64 70 4</runs>
            <runs>0 19 69 68 5</runs>
            <runs>0 17 20 2 55 61 5</runs>
            <runs>0 15 12 12 19 7 1 1 44 43 6</runs>
            <runs>0 13 11 15 18 13 53 29 7</runs>
            <runs>0 12 10 16 19 14 17 1 46 15 8</runs>
            <runs>0 11 10 16 20 14 16 9 61</runs>
            <runs>0 9 11 12 24 16 15 17 51</runs>
            <runs>0 8 11 13 25 15 15 26 40</runs>
            <runs>0 6 12 14 25 15 15 27 10 2 1 1 20</runs>
            <runs>0 5 12 16 18 21 15 27 9</runs>
            <runs>0 5 11 16 18 22 16 26 8</runs>
            <runs>0 4 11 17 17 24 15 25 9</runs>
            <runs>0 3 11 18 17 24 16 23 5</runs>
            <runs>0 2 12 17 17 25 17 21 5</runs>
            <runs>0 2 11 17 16 28 17 19 6</runs>
            <runs>0 1 12 16 16 29 18 17 6</runs>
            <runs>0 1 11 15 17 31 18 15 6</runs>
            <runs>11 15 16 33 20 10 8</runs>
            <runs>11 14 16 34 37</runs>
            <runs>12 11 17 35 36</runs>
            <runs>0 2 36 37 34</runs>
            <runs>0 3 34 45 25</runs>
            <runs>0 5 31 48 21</runs>
            <runs>0 11 17 57 17</runs>
            <runs>0 89 12</runs>
        </run-table>
    </sample>
    <sample shape="G_CLEF" interline="21" pitch="0.4" left="491" top="1010" id="290">
        <run-table orientation="VERTICAL" width="58" height="159">
            <runs>0 73 25</runs>
            <runs>0 73 25</runs>
            <runs>0 72 28</runs>
            <runs>0 70 32</runs>
            <runs>0 68 36 34 9</runs>
            <runs>0 67 38 31 13</runs>
            <runs>0 66 41 27 17</runs>
            <runs>0 63 46 25 18</runs>
            <runs>0 62 27 13 8 23 20</runs>
            <runs>0 61 25 19 6 21 22</runs>
            <runs>0 59 25 22 6 20 22</runs>
            <runs>0 58 24 25 6 18 24</runs>
            <runs>0 57 23 29 9 13 25</runs>
            <runs>0 52 26 32 8 13 25</runs>
            <runs>0 52 25 34 7 13 19 2 5</runs>
            <runs>0 52 24 36 3 16 19 3 4</runs>
            <runs>0 52 24 14 8 14 3 16 19 4 4</runs>
            <runs>0 52 23 11 13 14 2 16 19 4 4</runs>
            <runs>0 51 24 9 18 11 2 17 17 6 3</runs>
            <runs>0 50 21 11 22 10 1 17 17 6 3</runs>
            <runs>0 50 20 11 26 7 1 18 16 6 4</runs>
            <runs>0 49 20 10 19 3 8 24 15 7 4</runs>
            <runs>0 48 20 10 19 7 5 25 13 8 4</runs>
            <runs>0 47 19 7 17 17 2 27 10 9 4</runs>
            <runs>0 47 18 8 17 48 5 12 4</runs>
            <runs>0 46 18 9 16 66 4</runs>
            <runs>0 45 18 10 15 67 4</runs>
            <runs>0 45 18 10 14 68 4</runs>
            <runs>0 44 18 10 14 68 4</runs>
            <runs>0 43 19 10 14 68 4</runs>
            <runs>0 42 19 10 15 68 4</runs>
            <runs>0 29 33 8 15 69 3</runs>
            <runs>0 22 43 4 16 68 4</runs>
            <runs>0 20 65 29 1 37 4</runs>
            <runs>0 18 68 28 1 35 6</runs>
            <runs>0 16 12 10 19 11 41 4 2 34 6</runs>
            <runs>0 14 11 13 18 13 51 2 3 21 8</runs>
            <runs>0 12 12 14 17 14 16 8 61</runs>
            <runs>0 10 13 14 18 15 14 10 58</runs>
            <runs>0 9 12 15 19 15 14 26 39</runs>
            <runs>0 8 12 12 23 15 14 28 36</runs>
            <runs>0 7 11 14 23 15 15 27 7 19 3</runs>
            <runs>0 6 12 14 18 20 15 27 6</runs>
            <runs>0 5 12 15 17 21 16 25 7</runs>
            <runs>0 5 11 16 16 23 15 24 9</runs>
            <runs>0 4 11 17 15 24 15 23 4</runs>
            <runs>0 3 11 17 15 26 15 21 5</runs>
            <runs>0 3 11 16 15 28 15 19 5</runs>
            <runs>0 2 11 16 15 29 16 17 5</runs>
            <runs>0 1 11 15 16 31 17 13 6</runs>
            <runs>12 14 16 32 18 9 8</runs>
            <runs>11 14 15 34 33</runs>
            <runs>11 12 15 36 32</runs>
            <runs>0 1 11 8 17 41 26</runs>
            <runs>0 1 35 44 23</runs>
            <runs>0 4 31 47 19</runs>
            <runs>0 8 21 56 14</runs>
            <runs>0 13 9 66 3 1 2</runs>
        </run-table>
    </sample>
    <sample shape="G_CLEF" interline="21" pitch="0.5" left="467" top="2885" id="571">
        <run-table orientation="VERTICAL" width="58" height="161">
            <runs>0 87 6</runs>
            <runs>0 79 20</runs>
            <runs>0 74 27</runs>
            <runs>0 73 30</runs>
            <runs>0 71 34 39 2</runs>
            <runs>0 68 39 33 11</runs>
            <runs>0 67 42 29 14</runs>
            <runs>0 65 45 27 17</runs>
            <runs>0 64 26 15 7 24 19</runs>
            <runs>0 62 26 19 6 22 20</runs>
            <runs>0 61 24 23 6 20 22</runs>
            <runs>0 60 23 27 5 19 23</runs>
            <runs>0 59 22 30 5 17 25</runs>
            <runs>0 58 21 33 8 13 25</runs>
            <runs>0 57 21 35 8 12 19 2 5</runs>
            <runs>0 53 25 36 7 12 19 3 4</runs>
            <runs>0 53 24 38 2 16 19 4 4</runs>
            <runs>0 53 24 13 9 16 2 17 18 5 3</runs>
            <runs>0 53 24 10 15 14 1 17 18 5 3</runs>
            <runs>0 52 20 12 20 12 1 17 17 6 4</runs>
            <runs>0 51 19 12 24 29 16 6 4</runs>
            <runs>0 51 19 11 19 2 7 27 14 7 4</runs>
            <runs>0 50 18 11 15 12 4 27 12 8 4</runs>
            <runs>0 49 19 6 18 16 3 27 10 9 4</runs>
            <runs>0 48 19 7 17 50 5 11 4</runs>
            <runs>0 47 18 10 15 67 4</runs>
            <runs>0 46 18 10 15 68 4</runs>
            <runs>0 46 17 11 14 69 4</runs>
            <runs>0 45 18 11 13 70 4</runs>
            <runs>0 45 17 11 14 69 4</runs>
            <runs>0 44 18 11 13 70 4</runs>
            <runs>0 40 21 11 14 69 5</runs>
            <runs>0 27 38 7 14 69 4</runs>
            <runs>0 23 63 68 4</runs>
            <runs>0 20 68 66 4</runs>
            <runs>0 18 10 12 17 10 39 46 5</runs>
            <runs>0 16 9 15 16 13 52 30 5</runs>
            <runs>0 14 9 16 17 14 16 6 37 2 2 16 6</runs>
            <runs>0 12 9 17 18 15 14 11 42 1 15</runs>
            <runs>0 11 9 17 19 15 14 25 42</runs>
            <runs>0 10 9 17 20 15 14 29 8 2 26</runs>
            <runs>0 9 9 14 24 16 13 29 7</runs>
            <runs>0 8 9 15 19 21 14 28 7</runs>
            <runs>0 7 9 16 18 22 14 27 8</runs>
            <runs>0 6 9 17 17 23 15 26 3</runs>
            <runs>0 5 10 17 16 25 14 25 4</runs>
            <runs>0 4 10 18 15 26 15 23 4</runs>
            <runs>0 3 10 18 15 28 15 21 4</runs>
            <runs>0 2 10 18 15 30 15 19 4</runs>
            <runs>0 2 10 17 14 32 16 16 5</runs>
            <runs>0 1 10 17 14 33 17 13 6</runs>
            <runs>11 17 12 35 18 9 7</runs>
            <runs>10 15 14 36 33</runs>
            <runs>0 1 9 14 13 42 28</runs>
            <runs>0 2 11 8 15 45 24</runs>
            <runs>0 4 31 49 18</runs>
            <runs>0 6 24 57 14</runs>
            <runs>0 16 10 62 3</runs>
        </run-table>
    </sample>
    <sample shape="F_CLEF" interline="21" pitch="-1.8" left="492" top="701" id="245">
        <run-table orientation="VERTICAL" width="60" height="70">
            <runs>0 19 7</runs>
            <runs>0 14 13</runs>
            <runs>0 11 16</runs>
            <runs>0 10 18</runs>
            <runs>0 8 22</runs>
            <runs>0 7 23</runs>
            <runs>0 6 25</runs>
            <runs>31</runs>
            <runs>10 1 21</runs>
            <runs>0 1 8 3 20</runs>
            <runs>0 1 7 4 20</runs>
            <runs>0 5 2 5 20</runs>
            <runs>0 5 1 6 20</runs>
            <runs>0 5 1 6 20</runs>
            <runs>0 5 1 7 20</runs>
            <runs>0 5 1 7 19</runs>
            <runs>0 5 1 7 19</runs>
            <runs>0 14 17 32 7</runs>
            <runs>0 15 15 32 7</runs>
            <runs>0 16 13 32 8</runs>
            <runs>0 18 9 33 9</runs>
            <runs>0 59 10</runs>
            <runs>0 58 11</runs>
            <runs>0 57 12</runs>
            <runs>0 56 8</runs>
            <runs>0 54 9</runs>
            <runs>7 45 11</runs>
            <runs>7 43 11</runs>
            <runs>8 36 17</runs>
            <runs>0 1 8 35 15</runs>
            <runs>0 1 10 32 15</runs>
            <runs>0 1 11 27 18</runs>
            <runs>0 1 15 18 22</runs>
            <runs>0 1 54</runs>
            <runs>0 1 53</runs>
            <runs>0 1 52</runs>
            <runs>0 1 51</runs>
            <runs>0 1 50</runs>
            <runs>0 1 49</runs>
            <runs>0 1 48</runs>
            <runs>0 6 42</runs>
            <runs>0 8 39</runs>
            <runs>0 10 32</runs>
            <runs>0 11 30</runs>
            <runs>0 13 25</runs>
            <runs>0 16 18</runs>
            <runs>0 19 10</runs>
            <runs></runs>
            <runs>0 9 2</runs>
            <runs>0 7 7 21 3</runs>
            <runs>0 1 14 19 6</runs>
            <runs>0 1 14 18 9</runs>
            <runs>0 1 14 17 10</runs>
            <runs>0 1 14 17 11</runs>
            <runs>0 1 15 16 11</runs>
            <runs>0 1 15 16 11</runs>
            <runs>0 1 15 17 10</runs>
            <runs>0 7 7 19 9</runs>
            <runs>0 8 4 22 7</runs>
            <runs>0 36 3</runs>
        </run-table>
    </sample>
    <sample shape="F_CLEF" interline="21" pitch="-1.7" left="489" top="1327" id="312">
        <run-table orientation="VERTICAL" width="59" height="69">
            <runs>0 15 10</runs>
            <runs>0 12 14</runs>
            <runs>0 11 16</runs>
            <runs>0 10 18</runs>
            <runs>0 7 22</runs>
            <runs>0 6 24</runs>
            <runs>0 5 25</runs>
            <runs>31</runs>
            <runs>9 2 20</runs>
            <runs>8 4 20</runs>
            <runs>7 5 20</runs>
            <runs>0 4 2 6 19</runs>
            <runs>0 4 2 6 20</runs>
            <runs>0 4 1 7 19</runs>
            <runs>0 4 1 8 18</runs>
            <runs>0 4 1 8 18 33 1</runs>
            <runs>0 4 1 9 16 34 1</runs>
            <runs>0 4 1 10 15 33 2</runs>
            <runs>0 16 13 33 7</runs>
            <runs>0 18 10 33 8</runs>
            <runs>0 4 1 55 9</runs>
            <runs>0 4 1 54 10</runs>
            <runs>0 4 1 52 12</runs>
            <runs>0 4 1 51 13</runs>
            <runs>0 4 1 49 9</runs>
            <runs>0 4 2 47 9</runs>
            <runs>0 4 2 44 11</runs>
            <runs>7 37 16</runs>
            <runs>8 35 16</runs>
            <runs>9 33 17</runs>
            <runs>11 28 18</runs>
            <runs>14 20 22</runs>
            <runs>55</runs>
            <runs>54</runs>
            <runs>53</runs>
            <runs>52</runs>
            <runs>50</runs>
            <runs>49</runs>
            <runs>48</runs>
            <runs>0 5 42</runs>
            <runs>0 7 40</runs>
            <runs>0 9 33</runs>
            <runs>0 10 30</runs>
            <runs>0 12 25</runs>
            <runs>0 15 19</runs>
            <runs>0 20 7</runs>
            <runs></runs>
            <runs></runs>
            <runs>0 8 5</runs>
            <runs>0 6 8 20 6</runs>
            <runs>0 5 9 19 8</runs>
            <runs>0 5 10 17 10</runs>
            <runs>0 1 14 17 10</runs>
            <runs>0 1 14 17 11</runs>
            <runs>0 1 14 17 11</runs>
            <runs>0 5 10 18 9</runs>
            <runs>0 7 7 19 9</runs>
            <runs>0 8 4 23 6</runs>
            <runs>0 37 2</runs>
        </run-table>
    </sample>
    <sample shape="F_CLEF" interline="21" pitch="-1.8" left="485" top="1689" id="375">
        <run-table orientation="VERTICAL" width="58" height="67">
            <runs>0 13 12</runs>
            <runs>0 11 15</runs>
            <runs>0 8 19</runs>
            <runs>0 7 22</runs>
            <runs>0 6 24</runs>
            <runs>0 5 25</runs>
            <runs>30</runs>
            <runs>0 1 7 4 18</runs>
            <runs>0 4 3 5 18</runs>
            <runs>0 4 3 5 18</runs>
            <runs>0 4 2 6 18</runs>
            <runs>0 4 2 6 18</runs>
            <runs>0 4 1 7 18</runs>
            <runs>0 4 1 7 18</runs>
            <runs>0 4 1 8 16</runs>
            <runs>0 4 1 8 16</runs>
            <runs>0 14 14 34 1</runs>
            <runs>0 15 13 33 2</runs>
            <runs>0 17 10 32 8</runs>
            <runs>0 19 7 32 9</runs>
            <runs>0 57 10</runs>
            <runs>0 4 1 51 11</runs>
            <runs>0 4 1 50 12</runs>
            <runs>0 4 1 48 9</runs>
            <runs>0 4 1 47 9</runs>
            <runs>0 4 2 44 10</runs>
            <runs>0 4 2 43 10</runs>
            <runs>7 36 15</runs>
            <runs>0 1 8 33 15</runs>
            <runs>0 1 10 30 15</runs>
            <runs>0 1 12 24 19</runs>
            <runs>0 1 24 4 25</runs>
            <runs>0 1 52</runs>
            <runs>52</runs>
            <runs>51</runs>
            <runs>0 1 48</runs>
            <runs>0 1 47</runs>
            <runs>0 1 46</runs>
            <runs>0 1 45</runs>
            <runs>0 6 39</runs>
            <runs>0 8 37</runs>
            <runs>0 10 29</runs>
            <runs>0 11 26</runs>
            <runs>0 14 20</runs>
            <runs>0 17 12</runs>
            <runs></runs>
            <runs></runs>
            <runs>0 6 6</runs>
            <runs>0 5 8 20 3</runs>
            <runs>14 18 6</runs>
            <runs>0 1 13 17 9</runs>
            <runs>0 1 13 17 9</runs>
            <runs>0 1 13 17 9</runs>
            <runs>0 1 13 16 10</runs>
            <runs>0 1 13 17 9</runs>
            <runs>0 6 7 18 9</runs>
            <runs>0 8 4 20 7</runs>
            <runs>0 34 3</runs>
        </run-table>
    </sample>
    <sample shape="F_CLEF" interline="21" pitch="-1.8" left="480" top="1930" id="402">
        <run-table orientation="VERTICAL" width="58" height="69">
            <runs>0 14 12</runs>
            <runs>0 12 15</runs>
            <runs>0 10 18</runs>
            <runs>0 9 19</runs>
            <runs>0 8 21</runs>
            <runs>0 6 24</runs>
            <runs>31</runs>
            <runs>31</runs>
            <runs>8 4 19</runs>
            <runs>7 5 19</runs>
            <runs>0 4 2 6 19</runs>
            <runs>0 4 2 6 20</runs>
            <runs>0 4 1 7 20</runs>
            <runs>0 4 1 7 19</runs>
            <runs>0 13 18 33 1</runs>
            <runs>0 13 18 33 1</runs>
            <runs>0 14 16 33 2</runs>
            <runs>0 15 15 32 7</runs>
            <runs>0 16 13 32 8</runs>
            <runs>0 19 8 33 9</runs>
            <runs>0 58 11</runs>
            <runs>0 57 12</runs>
            <runs>0 56 8</runs>
            <runs>0 55 8</runs>
            <runs>0 4 1 48 9</runs>
            <runs>0 4 2 45 10</runs>
            <runs>0 4 2 43 11</runs>
            <runs>7 37 15</runs>
            <runs>8 35 15</runs>
            <runs>10 31 16</runs>
            <runs>0 1 10 26 19</runs>
            <runs>0 1 13 20 21</runs>
            <runs>0 1 54</runs>
            <runs>0 1 52</runs>
            <runs>0 1 51</runs>
            <runs>0 1 50</runs>
            <runs>0 1 48</runs>
            <runs>48</runs>
            <runs>48</runs>
            <runs>0 6 41</runs>
            <runs>0 8 39</runs>
            <runs>0 10 31</runs>
            <runs>0 12 27</runs>
            <runs>0 13 23</runs>
            <runs>0 16 13</runs>
            <runs></runs>
            <runs></runs>
            <runs></runs>
            <runs>0 8 5 23 2</runs>
            <runs>0 7 7 21 5</runs>
            <runs>0 5 10 19 8</runs>
            <runs>15 18 9</runs>
            <runs>0 1 14 18 10</runs>
            <runs>15 17 11</runs>
            <runs>0 6 9 18 10</runs>
            <runs>0 7 7 19 9</runs>
            <runs>0 8 5 21 7</runs>
            <runs>0 35 5</runs>
        </run-table>
    </sample>
    <sample shape="F_CLEF" interline="21" pitch="-1.5" left="471" top="2293" id="467">
        <run-table orientation="VERTICAL" width="65" height="78">
            <runs>0 76 2</runs>
            <runs>0 75 3</runs>
            <runs>0 75 3</runs>
            <runs>0 75 2</runs>
            <runs>0 74 3</runs>
            <runs>0 74 2</runs>
            <runs>0 19 2 52 3</runs>
            <runs>0 13 12 48 3</runs>
            <runs>0 11 15 46 3</runs>
            <runs>0 9 18 45 3</runs>
            <runs>0 8 20 43 4</runs>
            <runs>0 6 23 42 3</runs>
            <runs>0 5 24 41 3</runs>
            <runs>0 5 4 2 19 39 4</runs>
            <runs>8 4 18 38 4</runs>
            <runs>7 5 18 33 9</runs>
            <runs>0 4 2 6 18 33 8</runs>
            <runs>0 4 1 6 19 34 7</runs>
            <runs>0 4 1 6 20 37 2</runs>
            <runs>0 12 18 38 1</runs>
            <runs>0 12 18</runs>
            <runs>0 13 16</runs>
            <runs>0 13 16 33 1</runs>
            <runs>0 14 14 33 2</runs>
            <runs>0 16 11 33 3</runs>
            <runs>0 17 9 34 3</runs>
            <runs>0 59 7</runs>
            <runs>0 58 8</runs>
            <runs>0 56 10</runs>
            <runs>0 54 8</runs>
            <runs>0 53 8</runs>
            <runs>0 4 1 46 9</runs>
            <runs>0 4 1 45 9</runs>
            <runs>0 4 2 41 11</runs>
            <runs>7 36 14</runs>
            <runs>8 34 15</runs>
            <runs>0 1 9 29 16</runs>
            <runs>12 23 19</runs>
            <runs>20 8 25</runs>
            <runs>0 1 51</runs>
            <runs>0 1 50</runs>
            <runs>0 1 49</runs>
            <runs>0 1 47</runs>
            <runs>0 1 46</runs>
            <runs>46</runs>
            <runs>0 6 39</runs>
            <runs>0 7 38</runs>
            <runs>0 9 36</runs>
            <runs>0 10 28</runs>
            <runs>0 11 25</runs>
            <runs>0 14 20</runs>
            <runs>0 18 9</runs>
            <runs></runs>
            <runs></runs>
            <runs></runs>
            <runs>0 6 7 21 4</runs>
            <runs>0 5 8 19 7</runs>
            <runs>0 1 13 18 8</runs>
            <runs>0 1 13 17 10</runs>
            <runs>14 17 10</runs>
            <runs>0 1 13 17 10</runs>
            <runs>0 5 9 18 9</runs>
            <runs>0 6 6 20 8</runs>
            <runs>0 8 3 22 6</runs>
            <runs>0 34 3</runs>
        </run-table>
    </sample>
    <sample shape="F_CLEF" interline="21" pitch="-1.4" left="458" top="3174" id="586">
        <run-table orientation="VERTICAL" width="65" height="79">
            <runs>0 77 1</runs>
            <runs>0 76 3</runs>
            <runs>0 75 3</runs>
            <runs>0 75 3</runs>
            <runs>0 75 3</runs>
            <runs>0 74 3</runs>
            <runs>0 74 3</runs>
            <runs>0 14 11 48 3</runs>
            <runs>0 11 15 46 4</runs>
            <runs>0 10 17 45 3</runs>
            <runs>0 8 20 43 4</runs>
            <runs>0 7 22 42 3</runs>
            <runs>0 6 23 41 4</runs>
            <runs>30 39 4</runs>
            <runs>30 35 7</runs>
            <runs>0 1 7 3 19 35 7</runs>
            <runs>0 5 2 5 18 35 6</runs>
            <runs>0 5 2 5 19 33 7</runs>
            <runs>0 5 1 6 18 38 2</runs>
            <runs>0 5 1 6 18 38 2</runs>
            <runs>0 5 1 6 18 38 1</runs>
            <runs>0 12 18 33 1</runs>
            <runs>0 13 16 34 1</runs>
            <runs>0 13 16 33 2</runs>
            <runs>0 14 14 33 3</runs>
            <runs>0 15 12 33 7</runs>
            <runs>0 17 8 34 8</runs>
            <runs>0 58 9</runs>
            <runs>0 57 10</runs>
            <runs>0 55 8</runs>
            <runs>0 53 9</runs>
            <runs>0 51 10</runs>
            <runs>0 5 1 44 10</runs>
            <runs>0 5 2 41 11</runs>
            <runs>0 5 2 36 15</runs>
            <runs>8 35 14</runs>
            <runs>10 29 17</runs>
            <runs>0 1 10 24 20</runs>
            <runs>0 1 13 17 22</runs>
            <runs>0 1 51</runs>
            <runs>0 1 50</runs>
            <runs>0 1 49</runs>
            <runs>0 1 48</runs>
            <runs>0 1 47</runs>
            <runs>0 1 46</runs>
            <runs>0 6 40</runs>
            <runs>0 7 39</runs>
            <runs>0 8 38</runs>
            <runs>0 10 30</runs>
            <runs>0 11 26</runs>
            <runs>0 13 23</runs>
            <runs>0 15 15</runs>
            <runs></runs>
            <runs></runs>
            <runs></runs>
            <runs>0 9 3 23 3</runs>
            <runs>0 7 7 20 6</runs>
            <runs>0 6 8 19 8</runs>
            <runs>0 6 9 18 9</runs>
            <runs>0 6 9 17 14</runs>
            <runs>0 6 9 17 14</runs>
            <runs>0 6 8 19 13</runs>
            <runs>0 7 7 20 7</runs>
            <runs>0 9 4 21 6</runs>
            <runs>0 36 2</runs>
        </run-table>
    </sample>
    <sample shape="F_CLEF" interline="21" pitch="-1.8" left="474" top="2555" id="527">
        <run-table orientation="VERTICAL" width="58" height="68">
            <runs>0 15 10</runs>
            <runs>0 13 13</runs>
            <runs>0 11 17</runs>
            <runs>0 9 20</runs>
            <runs>0 8 22</runs>
            <runs>0 7 23</runs>
            <runs>0 6 25</runs>
            <runs>0 1 8 3 19</runs>
            <runs>0 1 7 4 20</runs>
            <runs>0 5 2 5 20</runs>
            <runs>0 5 2 5 20</runs>
            <runs>0 5 1 6 20</runs>
            <runs>0 5 1 7 18</runs>
            <runs>0 13 18</runs>
            <runs>0 13 18</runs>
            <runs>0 13 18</runs>
            <runs>0 14 16</runs>
            <runs>0 15 14 34 1</runs>
            <runs>0 16 12 34 2</runs>
            <runs>0 18 8 34 8</runs>
            <runs>0 59 9</runs>
            <runs>0 57 11</runs>
            <runs>0 57 6</runs>
            <runs>0 55 8</runs>
            <runs>0 53 9</runs>
            <runs>0 5 1 46 9</runs>
            <runs>0 5 1 44 10</runs>
            <runs>0 5 2 37 15</runs>
            <runs>0 1 7 35 15</runs>
            <runs>10 32 15</runs>
            <runs>11 29 16</runs>
            <runs>15 19 21</runs>
            <runs>0 1 53</runs>
            <runs>0 1 52</runs>
            <runs>0 1 51</runs>
            <runs>0 1 50</runs>
            <runs>0 1 48</runs>
            <runs>0 6 42</runs>
            <runs>0 6 41</runs>
            <runs>0 7 40</runs>
            <runs>0 8 39</runs>
            <runs>0 10 31</runs>
            <runs>0 12 27</runs>
            <runs>0 13 24</runs>
            <runs>0 16 16</runs>
            <runs></runs>
            <runs></runs>
            <runs></runs>
            <runs>0 8 4</runs>
            <runs>0 7 7 21 5</runs>
            <runs>0 6 8 20 7</runs>
            <runs>0 6 9 18 8</runs>
            <runs>0 5 10 18 9</runs>
            <runs>0 1 14 18 9</runs>
            <runs>0 6 9 18 9</runs>
            <runs>0 7 7 19 9</runs>
            <runs>0 8 5 21 7</runs>
            <runs>0 35 4</runs>
        </run-table>
    </sample>
    <sample shape="F_CLEF" interline="21" pitch="-1.7" left="465" top="3174" id="597">
        <run-table orientation="VERTICAL" width="58" height="67">
            <runs>0 14 11</runs>
            <runs>0 11 15</runs>
            <runs>0 10 17</runs>
            <runs>0 8 20</runs>
            <runs>0 7 22</runs>
            <runs>0 6 23</runs>
            <runs>30</runs>
            <runs>30</runs>
            <runs>0 1 7 3 19</runs>
            <runs>0 5 2 5 18</runs>
            <runs>0 5 2 5 19</runs>
            <runs>0 5 1 6 18</runs>
            <runs>0 5 1 6 18</runs>
            <runs>0 5 1 6 18</runs>
            <runs>0 12 18 33 1</runs>
            <runs>0 13 16 34 1</runs>
            <runs>0 13 16 33 2</runs>
            <runs>0 14 14 33 3</runs>
            <runs>0 15 12 33 7</runs>
            <runs>0 17 8 34 8</runs>
            <runs>0 58 9</runs>
            <runs>0 57 10</runs>
            <runs>0 55 8</runs>
            <runs>0 53 9</runs>
            <runs>0 51 10</runs>
            <runs>0 5 1 44 10</runs>
            <runs>0 5 2 41 11</runs>
            <runs>0 5 2 36 15</runs>
            <runs>8 35 14</runs>
            <runs>10 29 17</runs>
            <runs>0 1 10 24 20</runs>
            <runs>0 1 13 17 22</runs>
            <runs>0 1 51</runs>
            <runs>0 1 50</runs>
            <runs>0 1 49</runs>
            <runs>0 1 48</runs>
            <runs>0 1 47</runs>
            <runs>0 1 46</runs>
            <runs>0 6 40</runs>
            <runs>0 7 39</runs>
            <runs>0 8 38</runs>
            <runs>0 10 30</runs>
            <runs>0 11 26</runs>
            <runs>0 13 23</runs>
            <runs>0 15 15</runs>
            <runs></runs>
            <runs></runs>
            <runs></runs>
            <runs>0 9 3 23 3</runs>
            <runs>0 7 7 20 6</runs>
            <runs>0 6 8 19 8</runs>
            <runs>0 6 9 18 9</runs>
            <runs>0 6 9 17 14</runs>
            <runs>0 6 9 17 14</runs>
            <runs>0 6 8 19 13</runs>
            <runs>0 7 7 20 7</runs>
            <runs>0 9 4 21 6</runs>
            <runs>0 36 2</runs>
        </run-table>
    </sample>
    <sample shape="F_CLEF" interline="21" pitch="-1.8" left="477" top="2293" id="466">
        <run-table orientation="VERTICAL" width="59" height="66">
            <runs>0 19 2</runs>
            <runs>0 13 12</runs>
            <runs>0 11 15</runs>
            <runs>0 9 18</runs>
            <runs>0 8 20</runs>
            <runs>0 6 23</runs>
            <runs>0 5 24</runs>
            <runs>0 5 4 2 19</runs>
            <runs>8 4 18</runs>
            <runs>7 5 18</runs>
            <runs>0 4 2 6 18</runs>
            <runs>0 4 1 6 19</runs>
            <runs>0 4 1 6 20</runs>
            <runs>0 12 18</runs>
            <runs>0 12 18</runs>
            <runs>0 13 16</runs>
            <runs>0 13 16 33 1</runs>
            <runs>0 14 14 33 2</runs>
            <runs>0 16 11 33 3</runs>
            <runs>0 17 9 34 3</runs>
            <runs>0 59 7</runs>
            <runs>0 58 8</runs>
            <runs>0 56 10</runs>
            <runs>0 54 8</runs>
            <runs>0 53 8</runs>
            <runs>0 4 1 46 9</runs>
            <runs>0 4 1 45 9</runs>
            <runs>0 4 2 41 11</runs>
            <runs>7 36 14</runs>
            <runs>8 34 15</runs>
            <runs>0 1 9 29 16</runs>
            <runs>12 23 19</runs>
            <runs>20 8 25</runs>
            <runs>0 1 51</runs>
            <runs>0 1 50</runs>
            <runs>0 1 49</runs>
            <runs>0 1 47</runs>
            <runs>0 1 46</runs>
            <runs>46</runs>
            <runs>0 6 39</runs>
            <runs>0 7 38</runs>
            <runs>0 9 36</runs>
            <runs>0 10 28</runs>
            <runs>0 11 25</runs>
            <runs>0 14 20</runs>
            <runs>0 18 9</runs>
            <runs></runs>
            <runs></runs>
            <runs></runs>
            <runs>0 6 7 21 4</runs>
            <runs>0 5 8 19 7</runs>
            <runs>0 1 13 18 8</runs>
            <runs>0 1 13 17 10</runs>
            <runs>14 17 10</runs>
            <runs>0 1 13 17 10</runs>
            <runs>0 5 9 18 9</runs>
            <runs>0 6 6 20 8</runs>
            <runs>0 8 3 22 6</runs>
            <runs>0 34 3</runs>
        </run-table>
    </sample>
    <sample shape="F_CLEF" interline="21" pitch="-1.6" left="479" top="1689" id="369">
        <run-table orientation="VERTICAL" width="64" height="79">
            <runs>0 76 3</runs>
            <runs>0 75 4</runs>
            <runs>0 75 4</runs>
            <runs>0 75 4</runs>
            <runs>0 75 3</runs>
            <runs>0 74 4</runs>
            <runs>0 13 12 48 4</runs>
            <runs>0 11 15 47 3</runs>
            <runs>0 8 19 46 3</runs>
            <runs>0 7 22 43 3</runs>
            <runs>0 6 24 41 4</runs>
            <runs>0 5 25 41 3</runs>
            <runs>30 40 3</runs>
            <runs>0 1 7 4 18 39 4</runs>
            <runs>0 4 3 5 18 39 3</runs>
            <runs>0 4 3 5 18 33 8</runs>
            <runs>0 4 2 6 18 34 7</runs>
            <runs>0 4 2 6 18 38 2</runs>
            <runs>0 4 1 7 18 38 2</runs>
            <runs>0 4 1 7 18 38 1</runs>
            <runs>0 4 1 8 16 39 1</runs>
            <runs>0 4 1 8 16</runs>
            <runs>0 14 14 34 1</runs>
            <runs>0 15 13 33 2</runs>
            <runs>0 17 10 32 8</runs>
            <runs>0 19 7 32 9</runs>
            <runs>0 57 10</runs>
            <runs>0 4 1 51 11</runs>
            <runs>0 4 1 50 12</runs>
            <runs>0 4 1 48 9</runs>
            <runs>0 4 1 47 9</runs>
            <runs>0 4 2 44 10</runs>
            <runs>0 4 2 43 10</runs>
            <runs>7 36 15</runs>
            <runs>0 1 8 33 15</runs>
            <runs>0 1 10 30 15</runs>
            <runs>0 1 12 24 19</runs>
            <runs>0 1 24 4 25</runs>
            <runs>0 1 52</runs>
            <runs>52</runs>
            <runs>51</runs>
            <runs>0 1 48</runs>
            <runs>0 1 47</runs>
            <runs>0 1 46</runs>
            <runs>0 1 45</runs>
            <runs>0 6 39</runs>
            <runs>0 8 37</runs>
            <runs>0 10 29</runs>
            <runs>0 11 26</runs>
            <runs>0 14 20</runs>
            <runs>0 17 12</runs>
            <runs></runs>
            <runs></runs>
            <runs>0 6 6</runs>
            <runs>0 5 8 20 3</runs>
            <runs>14 18 6</runs>
            <runs>0 1 13 17 9</runs>
            <runs>0 1 13 17 9</runs>
            <runs>0 1 13 17 9</runs>
            <runs>0 1 13 16 10</runs>
            <runs>0 1 13 17 9</runs>
            <runs>0 6 7 18 9</runs>
            <runs>0 8 4 20 7</runs>
            <runs>0 34 3</runs>
        </run-table>
    </sample>
    <sample shape="FLAT" interline="21" pitch="-0.9" left="564" top="437" id="264">
        <run-table orientation="VERTICAL" width="20" height="61">
            <runs>61</runs>
            <runs>61</runs>
            <runs>61</runs>
            <runs>28 3 9 12 8</runs>
            <runs>0 32 6 15 5</runs>
            <runs>0 32 4 16 5</runs>
            <runs>0 31 4 15 6</runs>
            <runs>0 31 4 14 6</runs>
            <runs>0 30 4 10 10</runs>
            <runs>0 30 4 10 9</runs>
            <runs>0 30 5 8 9</runs>
            <runs>0 30 7 4 11</runs>
            <runs>0 30 21</runs>
            <runs>0 30 20</runs>
            <runs>0 30 19</runs>
            <runs>0 30 18</runs>
            <runs>0 31 16</runs>
            <runs>0 32 15</runs>
            <runs>0 33 14</runs>
            <runs>0 34 6</runs>
        </run-table>
    </sample>
    <sample shape="FLAT" interline="21" pitch="-3.8" left="581" top="410" id="265">
        <run-table orientation="VERTICAL" width="21" height="56">
            <runs>0 2 16 18 1 8 10</runs>
            <runs>0 1 55</runs>
            <runs>56</runs>
            <runs>55</runs>
            <runs>0 1 33 13 8</runs>
            <runs>0 6 2 39 7</runs>
            <runs>0 46 7</runs>
            <runs>0 26 1 18 8</runs>
            <runs>0 26 1 17 9</runs>
            <runs>0 25 2 16 10</runs>
            <runs>0 25 2 15 11</runs>
            <runs>0 25 7 7 8</runs>
            <runs>0 25 21</runs>
            <runs>0 25 20</runs>
            <runs>0 25 19</runs>
            <runs>0 26 17</runs>
            <runs>0 26 16</runs>
            <runs>0 26 15</runs>
            <runs>0 27 13</runs>
            <runs>0 27 12</runs>
            <runs>0 28 8</runs>
        </run-table>
    </sample>
    <sample shape="FLAT" interline="21" pitch="0.3" left="600" top="456" id="269">
        <run-table orientation="VERTICAL" width="20" height="55">
            <runs>0 2 53</runs>
            <runs>0 1 54</runs>
            <runs>55</runs>
            <runs>0 1 39 6 8</runs>
            <runs>0 1 15 8 9 18 2</runs>
            <runs>0 25 7 19 1</runs>
            <runs>0 29 2 15 1</runs>
            <runs>0 29 1 15 2</runs>
            <runs>0 44 3</runs>
            <runs>0 42 8</runs>
            <runs>0 40 10</runs>
            <runs>0 24 8 5 13</runs>
            <runs>0 24 26</runs>
            <runs>0 24 21</runs>
            <runs>0 24 19</runs>
            <runs>0 25 17</runs>
            <runs>0 25 16</runs>
            <runs>0 25 14</runs>
            <runs>0 25 13</runs>
            <runs>0 25 11</runs>
        </run-table>
    </sample>
    <sample shape="FLAT" interline="21" pitch="-2.6" left="617" top="423" id="268">
        <run-table orientation="VERTICAL" width="21" height="56">
            <runs>0 34 8</runs>
            <runs>56</runs>
            <runs>56</runs>
            <runs>55</runs>
            <runs>41 5 8</runs>
            <runs>0 1 9 3 7 7 7 12 7</runs>
            <runs>0 27 5 14 6</runs>
            <runs>0 27 4 14 6</runs>
            <runs>0 26 4 14 6</runs>
            <runs>0 26 4 12 7</runs>
            <runs>0 25 5 6 12</runs>
            <runs>0 25 5 6 11</runs>
            <runs>0 25 7 4 9</runs>
            <runs>0 25 20</runs>
            <runs>0 25 19</runs>
            <runs>0 25 18</runs>
            <runs>0 25 17</runs>
            <runs>0 26 15</runs>
            <runs>0 27 13</runs>
            <runs>0 27 13</runs>
            <runs>0 28 12</runs>
        </run-table>
    </sample>
    <sample shape="FLAT" interline="21" pitch="1.1" left="559" top="724" id="274">
        <run-table orientation="VERTICAL" width="20" height="61">
            <runs>0 5 22 5 5 3 8 6 5</runs>
            <runs>60</runs>
            <runs>61</runs>
            <runs>0 5 43 3 9</runs>
            <runs>0 7 1 24 6 15 6</runs>
            <runs>0 32 5 15 5</runs>
            <runs>0 31 4 16 5</runs>
            <runs>0 31 3 16 5</runs>
            <runs>0 30 4 15 5</runs>
            <runs>0 29 5 9 10</runs>
            <runs>0 29 5 9 9</runs>
            <runs>0 29 5 8 9</runs>
            <runs>0 29 8 3 10</runs>
            <runs>0 29 20</runs>
            <runs>0 29 19</runs>
            <runs>0 29 19</runs>
            <runs>0 30 17</runs>
            <runs>0 31 16</runs>
            <runs>0 32 15</runs>
            <runs>0 33 8</runs>
        </run-table>
    </sample>
    <sample shape="FLAT" interline="21" pitch="-1.8" left="577" top="697" id="281">
        <run-table orientation="VERTICAL" width="21" height="56">
            <runs>0 2 9 3 19 3 18</runs>
            <runs>0 1 55</runs>
            <runs>56</runs>
            <runs>56</runs>
            <runs>0 1 18 3 3 1 9</runs>
            <runs>0 4 2 25 2</runs>
            <runs>0 31 1 15 1</runs>
            <runs>0 46 2</runs>
            <runs>0 45 3</runs>
            <runs>0 44 7</runs>
            <runs>0 41 10</runs>
            <runs>0 39 12</runs>
            <runs>0 25 9 3 9</runs>
            <runs>0 25 21</runs>
            <runs>0 25 20</runs>
            <runs>0 26 18</runs>
            <runs>0 26 16</runs>
            <runs>0 26 14</runs>
            <runs>0 27 11</runs>
            <runs>0 27 10</runs>
            <runs>0 27 7</runs>
        </run-table>
    </sample>
    <sample shape="FLAT" interline="21" pitch="2.3" left="595" top="742" id="282">
        <run-table orientation="VERTICAL" width="20" height="55">
            <runs>0 1 10 3 21 1 18</runs>
            <runs>55</runs>
            <runs>54</runs>
            <runs>34 17 2</runs>
            <runs>0 2 2 21 7 19 1</runs>
            <runs>0 29 2</runs>
            <runs>0 29 1</runs>
            <runs>0 45 1</runs>
            <runs>0 44 2</runs>
            <runs>0 42 8</runs>
            <runs>0 40 10</runs>
            <runs>0 38 13</runs>
            <runs>0 24 21</runs>
            <runs>0 24 20</runs>
            <runs>0 24 19</runs>
            <runs>0 25 17</runs>
            <runs>0 25 16</runs>
            <runs>0 25 14</runs>
            <runs>0 26 11</runs>
            <runs>0 26 9</runs>
        </run-table>
    </sample>
    <sample shape="FLAT" interline="21" pitch="-1.0" left="614" top="703" id="279">
        <run-table orientation="VERTICAL" width="20" height="59">
            <runs>0 6 9 3 10 5 14 7 1 2 2</runs>
            <runs>0 4 55</runs>
            <runs>59</runs>
            <runs>39 3 16</runs>
            <runs>27 2 9 14 5</runs>
            <runs>7 25 4 15 5</runs>
            <runs>0 31 4 15 5</runs>
            <runs>0 30 4 15 5</runs>
            <runs>0 30 3 15 6</runs>
            <runs>0 30 3 10 10</runs>
            <runs>0 29 5 9 9</runs>
            <runs>0 29 5 9 8</runs>
            <runs>0 29 6 6 8</runs>
            <runs>0 29 20</runs>
            <runs>0 29 19</runs>
            <runs>0 29 18</runs>
            <runs>0 30 17</runs>
            <runs>0 31 15</runs>
            <runs>0 32 14</runs>
            <runs>0 33 8</runs>
        </run-table>
    </sample>
    <sample shape="FLAT" interline="21" pitch="-0.9" left="559" top="1042" id="328">
        <run-table orientation="VERTICAL" width="20" height="57">
            <runs>0 5 27 6 7 8 4</runs>
            <runs>57</runs>
            <runs>46 1 10</runs>
            <runs>0 4 6 2 14 2 8 13 7</runs>
            <runs>0 30 4 16 5</runs>
            <runs>0 30 3 16 5</runs>
            <runs>0 29 4 16 4</runs>
            <runs>0 29 3 15 5</runs>
            <runs>0 29 2 15 5</runs>
            <runs>0 28 3 11 8</runs>
            <runs>0 28 3 10 8</runs>
            <runs>0 27 5 9 7</runs>
            <runs>0 27 6 6 8</runs>
            <runs>0 28 18</runs>
            <runs>0 28 17</runs>
            <runs>0 28 16</runs>
            <runs>0 29 15</runs>
            <runs>0 30 14</runs>
            <runs>0 31 13</runs>
            <runs>0 35 3</runs>
        </run-table>
    </sample>
    <sample shape="FLAT" interline="21" pitch="-3.8" left="580" top="1017" id="338">
        <run-table orientation="VERTICAL" width="20" height="53">
            <runs>53</runs>
            <runs>53</runs>
            <runs>36 8 8</runs>
            <runs>22 2 8</runs>
            <runs></runs>
            <runs>0 44 1</runs>
            <runs>0 43 2</runs>
            <runs>0 42 7</runs>
            <runs>0 41 8</runs>
            <runs>0 40 9</runs>
            <runs>0 38 6</runs>
            <runs>0 35 8</runs>
            <runs>0 24 18</runs>
            <runs>0 24 17</runs>
            <runs>0 24 16</runs>
            <runs>0 24 15</runs>
            <runs>0 24 14</runs>
            <runs>0 25 12</runs>
            <runs>0 25 10</runs>
            <runs>0 25 7</runs>
        </run-table>
    </sample>
    <sample shape="FLAT" interline="21" pitch="0.5" left="596" top="1060" id="337">
        <run-table orientation="VERTICAL" width="20" height="53">
            <runs>0 6 2 11 34</runs>
            <runs>53</runs>
            <runs>52</runs>
            <runs>33 11 7</runs>
            <runs>0 6 2 16 7</runs>
            <runs>0 28 2</runs>
            <runs>0 28 1</runs>
            <runs></runs>
            <runs>0 41 7</runs>
            <runs>0 40 8</runs>
            <runs>0 38 10</runs>
            <runs>0 37 11</runs>
            <runs>0 23 7 6 7</runs>
            <runs>0 23 19</runs>
            <runs>0 24 17</runs>
            <runs>0 24 16</runs>
            <runs>0 24 15</runs>
            <runs>0 24 14</runs>
            <runs>0 24 12</runs>
            <runs>0 24 9</runs>
        </run-table>
    </sample>
    <sample shape="FLAT" interline="21" pitch="-2.7" left="614" top="1028" id="333">
        <run-table orientation="VERTICAL" width="20" height="53">
            <runs>0 27 2 9 2 10 1</runs>
            <runs>0 1 52</runs>
            <runs>53</runs>
            <runs>39 5 8</runs>
            <runs>0 1 19 4 8 14 5</runs>
            <runs>0 5 3 18 5 15 4</runs>
            <runs>0 26 4 15 4</runs>
            <runs>0 26 3 15 4</runs>
            <runs>0 25 4 14 4</runs>
            <runs>0 25 4 13 4</runs>
            <runs>0 24 5 11 6</runs>
            <runs>0 24 5 6 10</runs>
            <runs>0 24 6 4 10</runs>
            <runs>0 24 19</runs>
            <runs>0 25 17</runs>
            <runs>0 25 16</runs>
            <runs>0 25 15</runs>
            <runs>0 26 13</runs>
            <runs>0 26 12</runs>
            <runs>0 28 10</runs>
        </run-table>
    </sample>
    <sample shape="FLAT" interline="21" pitch="1.3" left="556" top="1355" id="344">
        <run-table orientation="VERTICAL" width="20" height="56">
            <runs>0 1 55</runs>
            <runs>56</runs>
            <runs>44 3 9</runs>
            <runs>0 1 23 4 6 15 5</runs>
            <runs>0 28 4 16 5</runs>
            <runs>0 28 3 16 5</runs>
            <runs>0 27 3 17 4</runs>
            <runs>0 27 3 15 5</runs>
            <runs>0 26 4 14 5</runs>
            <runs>0 26 4 8 10</runs>
            <runs>0 26 5 7 9</runs>
            <runs>0 26 6 5 9</runs>
            <runs>0 26 19</runs>
            <runs>0 26 18</runs>
            <runs>0 26 18</runs>
            <runs>0 27 16</runs>
            <runs>0 28 15</runs>
            <runs>0 29 12</runs>
            <runs>0 30 11</runs>
            <runs>0 33 3</runs>
        </run-table>
    </sample>
    <sample shape="FLAT" interline="21" pitch="-1.7" left="573" top="1324" id="351">
        <run-table orientation="VERTICAL" width="21" height="56">
            <runs>0 31 1 5 6 7 2</runs>
            <runs>0 1 55</runs>
            <runs>56</runs>
            <runs>39 7 9</runs>
            <runs>0 1 34 12 7</runs>
            <runs>0 2 2 21 7 19 2</runs>
            <runs>0 51 1</runs>
            <runs></runs>
            <runs>0 29 1 15 1</runs>
            <runs>0 29 1 14 2</runs>
            <runs>0 29 1 12 8</runs>
            <runs>0 29 1 10 10</runs>
            <runs>0 29 3 5 13</runs>
            <runs>0 25 20</runs>
            <runs>0 25 19</runs>
            <runs>0 25 18</runs>
            <runs>0 25 17</runs>
            <runs>0 26 15</runs>
            <runs>0 26 13</runs>
            <runs>0 25 13</runs>
            <runs>0 31 3 1 1</runs>
        </run-table>
    </sample>
    <sample shape="FLAT" interline="21" pitch="2.4" left="593" top="1369" id="352">
        <run-table orientation="VERTICAL" width="20" height="55">
            <runs>55</runs>
            <runs>55</runs>
            <runs>35 3 16</runs>
            <runs>0 1 31 13 7</runs>
            <runs>0 24 7 18 2</runs>
            <runs>0 49 2</runs>
            <runs>0 49 1</runs>
            <runs></runs>
            <runs>0 42 7</runs>
            <runs>0 41 8</runs>
            <runs>0 39 10</runs>
            <runs>0 36 13</runs>
            <runs>0 24 25</runs>
            <runs>0 24 19</runs>
            <runs>0 24 18</runs>
            <runs>0 24 17</runs>
            <runs>0 24 15</runs>
            <runs>0 24 14</runs>
            <runs>0 24 12</runs>
            <runs>0 29 1 2 1</runs>
        </run-table>
    </sample>
    <sample shape="FLAT" interline="21" pitch="-0.7" left="612" top="1333" id="349">
        <run-table orientation="VERTICAL" width="20" height="57">
            <runs>0 14 10 4 29</runs>
            <runs>0 1 56</runs>
            <runs>0 1 55</runs>
            <runs>36 12 7</runs>
            <runs>0 1 6 7 8 6 6 14 5</runs>
            <runs>0 28 4 15 5</runs>
            <runs>0 27 5 15 4</runs>
            <runs>0 27 4 15 4</runs>
            <runs>0 27 3 15 5</runs>
            <runs>0 26 4 9 9</runs>
            <runs>0 26 4 9 8</runs>
            <runs>0 26 5 7 9</runs>
            <runs>0 26 20</runs>
            <runs>0 26 19</runs>
            <runs>0 26 18</runs>
            <runs>0 26 17</runs>
            <runs>0 27 16</runs>
            <runs>0 28 14</runs>
            <runs>0 29 13</runs>
            <runs>0 31 5</runs>
        </run-table>
    </sample>
    <sample shape="FLAT" interline="21" pitch="1.2" left="553" top="1717" id="424">
        <run-table orientation="VERTICAL" width="20" height="55">
            <runs>0 2 2 3 14 7 12 4 1 4 5</runs>
            <runs>0 1 54</runs>
            <runs>54</runs>
            <runs>39 8 6</runs>
            <runs>0 1 19 7 5 15 5</runs>
            <runs>0 27 4 16 4</runs>
            <runs>0 26 4 16 4</runs>
            <runs>0 26 3 15 5</runs>
            <runs>0 26 3 15 4</runs>
            <runs>0 25 4 13 5</runs>
            <runs>0 25 4 11 6</runs>
            <runs>0 25 5 6 9</runs>
            <runs>0 25 7 2 10</runs>
            <runs>0 25 18</runs>
            <runs>0 25 17</runs>
            <runs>0 25 16</runs>
            <runs>0 26 15</runs>
            <runs>0 27 13</runs>
            <runs>0 27 12</runs>
            <runs>0 29 10</runs>
        </run-table>
    </sample>
    <sample shape="FLAT" interline="21" pitch="-1.9" left="570" top="1684" id="433">
        <run-table orientation="VERTICAL" width="20" height="55">
            <runs>0 1 15 9 10 1 7 3 7</runs>
            <runs>54</runs>
            <runs>55</runs>
            <runs>36 10 7</runs>
            <runs>0 1 32</runs>
            <runs></runs>
            <runs></runs>
            <runs>0 44 7</runs>
            <runs>0 25 1 18 7</runs>
            <runs>0 25 1 16 9</runs>
            <runs>0 24 2 15 5</runs>
            <runs>0 24 2 12 7</runs>
            <runs>0 24 7 5 8</runs>
            <runs>0 24 19</runs>
            <runs>0 24 18</runs>
            <runs>0 24 17</runs>
            <runs>0 25 15</runs>
            <runs>0 25 13</runs>
            <runs>0 26 11</runs>
            <runs>0 26 9</runs>
        </run-table>
    </sample>
    <sample shape="FLAT" interline="21" pitch="2.2" left="590" top="1727" id="436">
        <run-table orientation="VERTICAL" width="20" height="54">
            <runs>0 46 8</runs>
            <runs>0 1 53</runs>
            <runs>54</runs>
            <runs>35</runs>
            <runs>21</runs>
            <runs>0 46 1</runs>
            <runs>0 45 2</runs>
            <runs>0 44 3</runs>
            <runs>0 25 1 17 7</runs>
            <runs>0 25 1 16 9</runs>
            <runs>0 24 2 14 11</runs>
            <runs>0 24 2 12 6</runs>
            <runs>0 24 7 3 9</runs>
            <runs>0 24 19</runs>
            <runs>0 24 18</runs>
            <runs>0 24 17</runs>
            <runs>0 25 14</runs>
            <runs>0 25 13</runs>
            <runs>0 26 11</runs>
            <runs>0 26 10</runs>
        </run-table>
    </sample>
    <sample shape="FLAT" interline="21" pitch="-0.7" left="609" top="1696" id="429">
        <run-table orientation="VERTICAL" width="20" height="53">
            <runs>0 9 11 5 5 2 10 1 10</runs>
            <runs>53</runs>
            <runs>53</runs>
            <runs>34 12 7</runs>
            <runs>6 2 1 4 2 11 6 14 5</runs>
            <runs>0 26 4 16 4</runs>
            <runs>0 26 3 16 4</runs>
            <runs>0 25 3 16 4</runs>
            <runs>0 25 3 14 5</runs>
            <runs>0 25 3 13 6</runs>
            <runs>0 24 4 8 9</runs>
            <runs>0 24 5 6 9</runs>
            <runs>0 24 20</runs>
            <runs>0 24 19</runs>
            <runs>0 24 18</runs>
            <runs>0 24 17</runs>
            <runs>0 25 15</runs>
            <runs>0 26 13</runs>
            <runs>0 27 12</runs>
            <runs>0 28 11</runs>
        </run-table>
    </sample>
    <sample shape="FLAT" interline="21" pitch="1.6" left="550" top="1960" id="442">
        <run-table orientation="VERTICAL" width="21" height="62">
            <runs>0 34 8 4 10</runs>
            <runs>0 1 61</runs>
            <runs>61</runs>
            <runs>56</runs>
            <runs>0 1 39 6 9</runs>
            <runs>0 27 6 14 7</runs>
            <runs>0 27 5 15 5</runs>
            <runs>0 27 4 15 5</runs>
            <runs>0 26 4 15 5</runs>
            <runs>0 26 4 14 5</runs>
            <runs>0 26 4 12 6</runs>
            <runs>0 25 5 7 10</runs>
            <runs>0 25 6 5 10</runs>
            <runs>0 25 20</runs>
            <runs>0 25 19</runs>
            <runs>0 25 18</runs>
            <runs>0 26 16</runs>
            <runs>0 26 15</runs>
            <runs>0 27 14</runs>
            <runs>0 28 12</runs>
            <runs>0 30 10</runs>
        </run-table>
    </sample>
    <sample shape="FLAT" interline="21" pitch="-1.7" left="568" top="1926" id="449">
        <run-table orientation="VERTICAL" width="20" height="57">
            <runs>0 17 7 1 31</runs>
            <runs>0 1 56</runs>
            <runs>56</runs>
            <runs>43 4 9</runs>
            <runs>0 1 34 17 2</runs>
            <runs>0 2 8 42 1</runs>
            <runs>0 47 1</runs>
            <runs>0 46 2</runs>
            <runs>0 45 7</runs>
            <runs>0 43 9</runs>
            <runs>0 42 10</runs>
            <runs>0 40 7</runs>
            <runs>0 25 8 3 10</runs>
            <runs>0 25 20</runs>
            <runs>0 25 19</runs>
            <runs>0 26 17</runs>
            <runs>0 26 16</runs>
            <runs>0 26 15</runs>
            <runs>0 27 12</runs>
            <runs>0 27 10</runs>
        </run-table>
    </sample>
    <sample shape="FLAT" interline="21" pitch="2.4" left="587" top="1971" id="450">
        <run-table orientation="VERTICAL" width="21" height="55">
            <runs>0 44 10</runs>
            <runs>0 1 54</runs>
            <runs>55</runs>
            <runs>35 6 13</runs>
            <runs>8 2 11 3 9 13 7</runs>
            <runs>0 29 2</runs>
            <runs>0 29 1</runs>
            <runs></runs>
            <runs>0 44 7</runs>
            <runs>0 43 8</runs>
            <runs>0 41 10</runs>
            <runs>0 39 12</runs>
            <runs>0 35 10</runs>
            <runs>0 24 20</runs>
            <runs>0 24 19</runs>
            <runs>0 24 17</runs>
            <runs>0 25 15</runs>
            <runs>0 25 14</runs>
            <runs>0 25 13</runs>
            <runs>0 26 10</runs>
            <runs>0 29 2</runs>
        </run-table>
    </sample>
    <sample shape="FLAT" interline="21" pitch="-0.7" left="606" top="1937" id="447">
        <run-table orientation="VERTICAL" width="20" height="55">
            <runs>0 8 1 14 1 7 24</runs>
            <runs>0 1 54</runs>
            <runs>54</runs>
            <runs>34 14 5</runs>
            <runs>7 1 2 4 7 6 5 15 5</runs>
            <runs>0 27 4 16 4</runs>
            <runs>0 26 4 15 5</runs>
            <runs>0 26 3 15 5</runs>
            <runs>0 25 4 14 5</runs>
            <runs>0 25 4 9 9</runs>
            <runs>0 25 4 9 9</runs>
            <runs>0 25 4 8 9</runs>
            <runs>0 24 8 3 10</runs>
            <runs>0 25 18</runs>
            <runs>0 25 18</runs>
            <runs>0 25 17</runs>
            <runs>0 26 15</runs>
            <runs>0 27 14</runs>
            <runs>0 28 13</runs>
            <runs>0 29 6</runs>
        </run-table>
    </sample>
    <sample shape="FLAT" interline="21" pitch="1.2" left="547" top="2320" id="535">
        <run-table orientation="VERTICAL" width="20" height="55">
            <runs>0 1 54</runs>
            <runs>54</runs>
            <runs>41 5 7</runs>
            <runs>0 1 18 8 6 14 5</runs>
            <runs>0 27 4 16 4</runs>
            <runs>0 27 3 15 5</runs>
            <runs>0 26 4 15 4</runs>
            <runs>0 26 3 15 4</runs>
            <runs>0 26 3 14 4</runs>
            <runs>0 25 4 12 6</runs>
            <runs>0 25 4 8 9</runs>
            <runs>0 25 5 6 9</runs>
            <runs>0 25 19</runs>
            <runs>0 25 18</runs>
            <runs>0 25 17</runs>
            <runs>0 25 16</runs>
            <runs>0 26 14</runs>
            <runs>0 27 13</runs>
            <runs>0 28 12</runs>
            <runs>0 30 2</runs>
        </run-table>
    </sample>
    <sample shape="FLAT" interline="21" pitch="-1.9" left="565" top="2288" id="547">
        <run-table orientation="VERTICAL" width="20" height="55">
            <runs>0 2 53</runs>
            <runs>54</runs>
            <runs>37</runs>
            <runs>0 1 12 1 2 7 1 2 7</runs>
            <runs></runs>
            <runs>0 46 1</runs>
            <runs>0 45 2</runs>
            <runs>0 44 7</runs>
            <runs>0 43 8</runs>
            <runs>0 41 6</runs>
            <runs>0 40 6</runs>
            <runs>0 38 7</runs>
            <runs>0 25 19</runs>
            <runs>0 25 18</runs>
            <runs>0 25 17</runs>
            <runs>0 25 15</runs>
            <runs>0 26 13</runs>
            <runs>0 26 12</runs>
            <runs>0 27 9</runs>
            <runs>0 30 3</runs>
        </run-table>
    </sample>
    <sample shape="FLAT" interline="21" pitch="2.3" left="583" top="2332" id="544">
        <run-table orientation="VERTICAL" width="21" height="54">
            <runs>0 50 2</runs>
            <runs>0 1 10 3 40</runs>
            <runs>54</runs>
            <runs>36 9 7</runs>
            <runs>0 1 14 4 13</runs>
            <runs></runs>
            <runs></runs>
            <runs>0 44 2</runs>
            <runs>0 43 7</runs>
            <runs>0 42 8</runs>
            <runs>0 41 9</runs>
            <runs>0 39 11</runs>
            <runs>0 36 8</runs>
            <runs>0 24 19</runs>
            <runs>0 24 18</runs>
            <runs>0 24 17</runs>
            <runs>0 25 15</runs>
            <runs>0 25 14</runs>
            <runs>0 25 13</runs>
            <runs>0 25 11</runs>
            <runs>0 25 7</runs>
        </run-table>
    </sample>
    <sample shape="FLAT" interline="21" pitch="-0.7" left="602" top="2300" id="540">
        <run-table orientation="VERTICAL" width="20" height="54">
            <runs>0 8 2 39 4</runs>
            <runs>0 1 53</runs>
            <runs>53</runs>
            <runs>40 6 7</runs>
            <runs>19 7 6 14 6</runs>
            <runs>0 26 4 16 5</runs>
            <runs>0 26 4 15 5</runs>
            <runs>0 25 4 15 5</runs>
            <runs>0 25 3 15 5</runs>
            <runs>0 25 3 14 5</runs>
            <runs>0 25 3 9 9</runs>
            <runs>0 24 5 8 8</runs>
            <runs>0 24 6 6 8</runs>
            <runs>0 24 19</runs>
            <runs>0 24 18</runs>
            <runs>0 25 16</runs>
            <runs>0 25 15</runs>
            <runs>0 26 14</runs>
            <runs>0 27 12</runs>
            <runs>0 29 10</runs>
        </run-table>
    </sample>
    <sample shape="FLAT" interline="21" pitch="1.4" left="544" top="2583" id="553">
        <run-table orientation="VERTICAL" width="19" height="56">
            <runs>0 6 4 5 7 2 1 2 29</runs>
            <runs>0 1 55</runs>
            <runs>35 2 17</runs>
            <runs>0 1 19 6 7 14 6</runs>
            <runs>0 27 5 15 5</runs>
            <runs>0 27 4 15 5</runs>
            <runs>0 27 3 15 5</runs>
            <runs>0 26 3 15 5</runs>
            <runs>0 26 3 13 6</runs>
            <runs>0 25 4 9 9</runs>
            <runs>0 25 4 9 8</runs>
            <runs>0 25 5 7 8</runs>
            <runs>0 25 19</runs>
            <runs>0 25 18</runs>
            <runs>0 26 16</runs>
            <runs>0 26 16</runs>
            <runs>0 27 14</runs>
            <runs>0 28 13</runs>
            <runs>0 29 6</runs>
        </run-table>
    </sample>
    <sample shape="FLAT" interline="21" pitch="-1.7" left="561" top="2552" id="561">
        <run-table orientation="VERTICAL" width="20" height="55">
            <runs>0 34 2 1 17</runs>
            <runs>9 4 42</runs>
            <runs>54</runs>
            <runs>35 10 8</runs>
            <runs>19 6 7</runs>
            <runs>0 29 2</runs>
            <runs>0 29 1 15 1</runs>
            <runs>0 44 2</runs>
            <runs>0 43 7</runs>
            <runs>0 42 8</runs>
            <runs>0 40 6</runs>
            <runs>0 39 5</runs>
            <runs>0 24 7 5 7</runs>
            <runs>0 25 18</runs>
            <runs>0 25 17</runs>
            <runs>0 25 16</runs>
            <runs>0 25 15</runs>
            <runs>0 26 13</runs>
            <runs>0 26 12</runs>
            <runs>0 26 9</runs>
        </run-table>
    </sample>
    <sample shape="FLAT" interline="21" pitch="2.5" left="579" top="2596" id="562">
        <run-table orientation="VERTICAL" width="20" height="55">
            <runs>0 23 9 1 22</runs>
            <runs>0 1 54</runs>
            <runs>42 3 9</runs>
            <runs>34 12 7</runs>
            <runs>0 15 3 6 8 18 2</runs>
            <runs>0 50 1</runs>
            <runs></runs>
            <runs></runs>
            <runs>0 43 7</runs>
            <runs>0 41 8</runs>
            <runs>0 40 9</runs>
            <runs>0 38 11</runs>
            <runs>0 24 7 4 9</runs>
            <runs>0 24 19</runs>
            <runs>0 25 17</runs>
            <runs>0 25 17</runs>
            <runs>0 25 15</runs>
            <runs>0 25 14</runs>
            <runs>0 25 13</runs>
            <runs>0 25 11</runs>
        </run-table>
    </sample>
    <sample shape="FLAT" interline="21" pitch="-0.7" left="598" top="2563" id="558">
        <run-table orientation="VERTICAL" width="20" height="55">
            <runs>0 52 2</runs>
            <runs>0 9 3 1 42</runs>
            <runs>0 1 54</runs>
            <runs>41 4 8</runs>
            <runs>24 3 6 14 5</runs>
            <runs>0 1 4 22 5 15 4</runs>
            <runs>0 27 4 15 4</runs>
            <runs>0 26 4 15 5</runs>
            <runs>0 26 3 15 5</runs>
            <runs>0 26 3 14 5</runs>
            <runs>0 25 4 12 5</runs>
            <runs>0 25 4 8 9</runs>
            <runs>0 25 5 6 9</runs>
            <runs>0 25 19</runs>
            <runs>0 25 18</runs>
            <runs>0 25 17</runs>
            <runs>0 25 16</runs>
            <runs>0 26 14</runs>
            <runs>0 27 12</runs>
            <runs>0 29 10</runs>
        </run-table>
    </sample>
    <sample shape="FLAT" interline="21" pitch="-0.6" left="540" top="2924" id="605">
        <run-table orientation="VERTICAL" width="20" height="54">
            <runs>0 47 7</runs>
            <runs>0 1 1 1 51</runs>
            <runs>43 3 7</runs>
            <runs>20 6 7 14 5</runs>
            <runs>0 28 4 15 4</runs>
            <runs>0 27 3 17 3</runs>
            <runs>0 27 2 17 4</runs>
            <runs>0 26 2 17 4</runs>
            <runs>0 26 2 15 5</runs>
            <runs>0 25 3 14 5</runs>
            <runs>0 25 3 12 6</runs>
            <runs>0 24 4 8 9</runs>
            <runs>0 24 6 6 8</runs>
            <runs>0 25 18</runs>
            <runs>0 25 17</runs>
            <runs>0 25 16</runs>
            <runs>0 26 14</runs>
            <runs>0 27 12</runs>
            <runs>0 28 11</runs>
            <runs>0 30 4</runs>
        </run-table>
    </sample>
    <sample shape="FLAT" interline="21" pitch="-3.9" left="559" top="2891" id="614">
        <run-table orientation="VERTICAL" width="19" height="54">
            <runs>0 1 53</runs>
            <runs>0 1 53</runs>
            <runs>34 17 2</runs>
            <runs>0 1 14 15 2 19 1</runs>
            <runs>0 30 1</runs>
            <runs></runs>
            <runs>0 46 1</runs>
            <runs>0 44 3</runs>
            <runs>0 43 7</runs>
            <runs>0 42 9</runs>
            <runs>0 40 5</runs>
            <runs>0 37 7</runs>
            <runs>0 25 18</runs>
            <runs>0 25 17</runs>
            <runs>0 25 16</runs>
            <runs>0 26 14</runs>
            <runs>0 26 13</runs>
            <runs>0 26 11</runs>
            <runs>0 26 8</runs>
        </run-table>
    </sample>
    <sample shape="FLAT" interline="21" pitch="0.3" left="577" top="2935" id="617">
        <run-table orientation="VERTICAL" width="19" height="54">
            <runs>0 3 7 4 5 5 30</runs>
            <runs>0 1 53</runs>
            <runs>38 7 8</runs>
            <runs>0 1 7 16 9</runs>
            <runs>0 29 2</runs>
            <runs></runs>
            <runs>0 45 1</runs>
            <runs>0 43 3</runs>
            <runs>0 42 7</runs>
            <runs>0 41 8</runs>
            <runs>0 39 6</runs>
            <runs>0 37 7</runs>
            <runs>0 24 7 2 10</runs>
            <runs>0 24 18</runs>
            <runs>0 25 16</runs>
            <runs>0 25 15</runs>
            <runs>0 25 14</runs>
            <runs>0 25 12</runs>
            <runs>0 25 10</runs>
        </run-table>
    </sample>
    <sample shape="FLAT" interline="21" pitch="-2.8" left="594" top="2902" id="610">
        <run-table orientation="VERTICAL" width="20" height="54">
            <runs>0 10 2 34 1 1 5</runs>
            <runs>54</runs>
            <runs>53</runs>
            <runs>32 14 6</runs>
            <runs>0 26 4 16 5</runs>
            <runs>0 26 3 17 3</runs>
            <runs>0 26 2 17 3</runs>
            <runs>0 25 3 16 3</runs>
            <runs>0 25 2 15 4</runs>
            <runs>0 25 2 10 9</runs>
            <runs>0 24 4 9 8</runs>
            <runs>0 24 4 9 7</runs>
            <runs>0 24 5 7 7</runs>
            <runs>0 24 18</runs>
            <runs>0 24 17</runs>
            <runs>0 25 16</runs>
            <runs>0 25 15</runs>
            <runs>0 26 14</runs>
            <runs>0 27 13</runs>
            <runs>0 29 3</runs>
        </run-table>
    </sample>
    <sample shape="FLAT" interline="21" pitch="1.3" left="538" top="3202" id="623">
        <run-table orientation="VERTICAL" width="19" height="54">
            <runs>0 1 53</runs>
            <runs>54</runs>
            <runs>40 3 10</runs>
            <runs>20 6 6 14 6</runs>
            <runs>0 26 5 15 5</runs>
            <runs>0 26 4 16 4</runs>
            <runs>0 26 3 15 5</runs>
            <runs>0 25 3 15 5</runs>
            <runs>0 25 3 14 5</runs>
            <runs>0 24 4 9 9</runs>
            <runs>0 24 5 7 9</runs>
            <runs>0 24 6 5 9</runs>
            <runs>0 24 19</runs>
            <runs>0 24 19</runs>
            <runs>0 25 17</runs>
            <runs>0 25 16</runs>
            <runs>0 26 14</runs>
            <runs>0 27 12</runs>
            <runs>0 28 11</runs>
        </run-table>
    </sample>
    <sample shape="FLAT" interline="21" pitch="-1.8" left="555" top="3168" id="624">
        <run-table orientation="VERTICAL" width="20" height="54">
            <runs>0 25 7</runs>
            <runs>54</runs>
            <runs>54</runs>
            <runs>39 5 9</runs>
            <runs>0 10 2 13 7 14 7</runs>
            <runs>0 46 6</runs>
            <runs>0 45 7</runs>
            <runs>0 44 8</runs>
            <runs>0 43 5</runs>
            <runs>0 42 5</runs>
            <runs>0 41 5</runs>
            <runs>0 23 7 7 8</runs>
            <runs>0 23 8 3 10</runs>
            <runs>0 23 20</runs>
            <runs>0 23 19</runs>
            <runs>0 23 18</runs>
            <runs>0 24 15</runs>
            <runs>0 24 14</runs>
            <runs>0 25 11</runs>
            <runs>0 26 9</runs>
        </run-table>
    </sample>
    <sample shape="FLAT" interline="21" pitch="2.3" left="574" top="3213" id="630">
        <run-table orientation="VERTICAL" width="21" height="54">
            <runs>0 18 4</runs>
            <runs>53</runs>
            <runs>54</runs>
            <runs>40 2 11</runs>
            <runs>0 13 4 5 1 1 8 18 2</runs>
            <runs></runs>
            <runs>0 45 1</runs>
            <runs>0 44 2</runs>
            <runs>0 43 7</runs>
            <runs>0 42 8</runs>
            <runs>0 40 10</runs>
            <runs>0 38 12</runs>
            <runs>0 36 8</runs>
            <runs>0 24 19</runs>
            <runs>0 24 18</runs>
            <runs>0 25 16</runs>
            <runs>0 25 14</runs>
            <runs>0 26 12</runs>
            <runs>0 26 11</runs>
            <runs>0 26 10</runs>
            <runs>0 29 2</runs>
        </run-table>
    </sample>
    <sample shape="FLAT" interline="21" pitch="-0.8" left="592" top="3180" id="628">
        <run-table orientation="VERTICAL" width="20" height="54">
            <runs>0 2 2 11 9 6 22</runs>
            <runs>54</runs>
            <runs>54</runs>
            <runs>36 10 7</runs>
            <runs>5 22 5 15 5</runs>
            <runs>0 27 4 15 5</runs>
            <runs>0 27 3 15 5</runs>
            <runs>0 26 3 15 5</runs>
            <runs>0 26 3 14 5</runs>
            <runs>0 25 4 9 9</runs>
            <runs>0 25 4 9 8</runs>
            <runs>0 24 5 8 8</runs>
            <runs>0 24 8 2 10</runs>
            <runs>0 24 19</runs>
            <runs>0 24 18</runs>
            <runs>0 25 16</runs>
            <runs>0 25 16</runs>
            <runs>0 26 14</runs>
            <runs>0 27 13</runs>
            <runs>0 29 3</runs>
        </run-table>
    </sample>
</samples>
