<?xml version="1.0" encoding="UTF-8" standalone="yes"?>
<samples sheet-name="IMSLP00008#9">
    <sample shape="FLAT" interline="22" pitch="-0.5" left="241" top="1842" id="534">
        <run-table orientation="VERTICAL" width="19" height="54">
            <runs>14 1 19 10 1 2 3 1 3</runs>
            <runs>0 4 2 1 46</runs>
            <runs>0 28 4 15 6</runs>
            <runs>0 27 3 17 5</runs>
            <runs>0 26 3 18 4</runs>
            <runs>0 25 3 17 5</runs>
            <runs>0 25 2 17 5</runs>
            <runs>0 24 3 16 5</runs>
            <runs>0 24 3 15 5</runs>
            <runs>0 23 4 10 9</runs>
            <runs>0 23 4 10 8</runs>
            <runs>0 23 6 8 6</runs>
            <runs>0 23 11 3 5</runs>
            <runs>0 23 18</runs>
            <runs>0 24 17</runs>
            <runs>0 25 14</runs>
            <runs>0 25 14</runs>
            <runs>0 26 9</runs>
            <runs>0 29 4</runs>
        </run-table>
    </sample>
    <sample shape="FLAT" interline="22" pitch="-3.9" left="268" top="2385" id="643">
        <run-table orientation="VERTICAL" width="20" height="53">
            <runs>40 2 5 1 2</runs>
            <runs>53</runs>
            <runs>2 2 11 1 24 3 10</runs>
            <runs></runs>
            <runs></runs>
            <runs>0 46 7</runs>
            <runs>0 25 7 13 8</runs>
            <runs>0 25 6 13 9</runs>
            <runs>0 24 7 11 7</runs>
            <runs>0 24 3 14 6</runs>
            <runs>0 23 8 9 7</runs>
            <runs>0 23 8 7 7</runs>
            <runs>0 24 9 2 9</runs>
            <runs>0 24 19</runs>
            <runs>0 24 18</runs>
            <runs>0 25 15</runs>
            <runs>0 25 14</runs>
            <runs>0 26 11</runs>
            <runs>0 27 8</runs>
            <runs>0 31 2</runs>
        </run-table>
    </sample>
    <sample shape="COMMON_TIME" interline="22" pitch="-0.1" left="326" top="1856" id="586">
        <run-table orientation="VERTICAL" width="37" height="47">
            <runs>0 19 12</runs>
            <runs>0 15 20</runs>
            <runs>0 12 24</runs>
            <runs>0 11 26</runs>
            <runs>0 10 28</runs>
            <runs>0 9 31</runs>
            <runs>0 8 33</runs>
            <runs>0 7 35</runs>
            <runs>0 6 37</runs>
            <runs>0 5 42</runs>
            <runs>0 5 12 13 17</runs>
            <runs>12 24 11</runs>
            <runs>0 1 9 29 8</runs>
            <runs>0 1 7 33 1</runs>
            <runs>0 4 2</runs>
            <runs>0 4 2</runs>
            <runs>0 4 2</runs>
            <runs>0 4 1</runs>
            <runs>0 4 1</runs>
            <runs></runs>
            <runs></runs>
            <runs></runs>
            <runs></runs>
            <runs>0 13 6</runs>
            <runs>0 4 1 8 7</runs>
            <runs>0 4 1 7 14</runs>
            <runs>0 4 1 6 14</runs>
            <runs>0 4 2 5 14</runs>
            <runs>0 4 3 4 14</runs>
            <runs>0 5 4 1 15 16 1</runs>
            <runs>0 6 19 15 2</runs>
            <runs>0 7 18 14 3</runs>
            <runs>0 7 18 13 3</runs>
            <runs>0 8 16 12 4</runs>
            <runs>0 10 14 10 5</runs>
            <runs>0 11 9 11 7</runs>
            <runs>0 31 4</runs>
        </run-table>
    </sample>
    <sample shape="COMMON_TIME" interline="22" pitch="-0.2" left="327" top="2091" id="603">
        <run-table orientation="VERTICAL" width="37" height="48">
            <runs>0 21 8</runs>
            <runs>0 17 17</runs>
            <runs>0 14 21</runs>
            <runs>0 12 25</runs>
            <runs>1 9 28</runs>
            <runs>1 8 32</runs>
            <runs>1 7 34</runs>
            <runs>1 6 35</runs>
            <runs>1 5 36</runs>
            <runs>1 4 38</runs>
            <runs>18 4 25</runs>
            <runs>14 22 12</runs>
            <runs>10 29 8</runs>
            <runs>9 32 1</runs>
            <runs>7</runs>
            <runs>7</runs>
            <runs></runs>
            <runs></runs>
            <runs></runs>
            <runs></runs>
            <runs></runs>
            <runs>0 26 1</runs>
            <runs></runs>
            <runs>0 13 7</runs>
            <runs>0 12 14</runs>
            <runs>0 11 15</runs>
            <runs>0 11 15</runs>
            <runs>0 11 14 17 1</runs>
            <runs>0 6 1 3 15 17 1</runs>
            <runs>0 1 24 16 2</runs>
            <runs>0 5 20 16 2</runs>
            <runs>0 6 19 15 7</runs>
            <runs>0 7 18 13 3</runs>
            <runs>0 8 17 11 4</runs>
            <runs>0 9 12 14 4</runs>
            <runs>0 11 9 12 6</runs>
            <runs>0 15 1 16 3</runs>
        </run-table>
    </sample>
    <sample shape="CUT_TIME" interline="22" pitch="-0.2" left="325" top="2429" id="667">
        <run-table orientation="VERTICAL" width="39" height="58">
            <runs>0 33 1</runs>
            <runs>0 24 13</runs>
            <runs>0 20 20</runs>
            <runs>0 18 23</runs>
            <runs>0 17 26</runs>
            <runs>0 15 29</runs>
            <runs>0 14 32</runs>
            <runs>0 13 33</runs>
            <runs>0 12 36</runs>
            <runs>0 11 37</runs>
            <runs>0 10 42</runs>
            <runs>0 6 26 1 2 2 14</runs>
            <runs>0 6 14 21 11</runs>
            <runs>0 6 11 27 8</runs>
            <runs>0 6 9 31 1</runs>
            <runs>0 5 9</runs>
            <runs>0 6 6</runs>
            <runs>0 6 5</runs>
            <runs>0 5 7 1 1</runs>
            <runs>0 2 33 2 1 4 1</runs>
            <runs>57</runs>
            <runs>58</runs>
            <runs>58</runs>
            <runs>0 1 9 11 5 13 2 6 7</runs>
            <runs>0 19 6</runs>
            <runs>0 18 8</runs>
            <runs>0 17 9</runs>
            <runs>0 17 9</runs>
            <runs>0 5 7 4 14</runs>
            <runs>0 5 7 4 14 16 1</runs>
            <runs>0 5 8 2 15 15 7</runs>
            <runs>0 10 20 14 8</runs>
            <runs>0 11 19 13 5</runs>
            <runs>0 12 14 16 4</runs>
            <runs>0 13 13 14 5</runs>
            <runs>0 15 11 12 6</runs>
            <runs>0 16 8 12 6</runs>
            <runs>0 18 6 12 5</runs>
            <runs>0 37 1</runs>
        </run-table>
    </sample>
    <sample shape="CUT_TIME" interline="22" pitch="-0.2" left="328" top="2631" id="677">
        <run-table orientation="VERTICAL" width="38" height="57">
            <runs>0 26 7</runs>
            <runs>0 22 15</runs>
            <runs>0 19 21</runs>
            <runs>0 17 25</runs>
            <runs>0 15 28</runs>
            <runs>0 14 29</runs>
            <runs>0 13 32</runs>
            <runs>0 12 35</runs>
            <runs>0 11 41</runs>
            <runs>0 10 42</runs>
            <runs>0 5 17 3 27</runs>
            <runs>0 5 13 19 15</runs>
            <runs>0 5 10 27 10</runs>
            <runs>0 5 8 31 7</runs>
            <runs>0 6 6 33 1</runs>
            <runs>0 6 5</runs>
            <runs>2 1 8</runs>
            <runs>13 4 8</runs>
            <runs>57</runs>
            <runs>56</runs>
            <runs>0 1 55</runs>
            <runs>0 19 11 4 9 4 8</runs>
            <runs></runs>
            <runs>0 18 5</runs>
            <runs>0 17 7</runs>
            <runs>0 16 9</runs>
            <runs>0 16 13 18 1</runs>
            <runs>0 15 15 17 1</runs>
            <runs>0 10 1 4 15 16 2</runs>
            <runs>0 6 7 2 15 16 2</runs>
            <runs>0 6 24 15 3</runs>
            <runs>0 6 24 14 3</runs>
            <runs>0 11 19 12 4</runs>
            <runs>0 13 13 15 5</runs>
            <runs>0 13 12 15 4</runs>
            <runs>0 15 10 11 7</runs>
            <runs>0 17 1 1 5 11 6</runs>
            <runs>0 35 4</runs>
        </run-table>
    </sample>
</samples>
