<?xml version="1.0" encoding="UTF-8" standalone="yes"?>
<samples id="32">
    <sample shape="G_CLEF" interline="18" left="75" top="342" id="0">
        <run-table orientation="VERTICAL" width="56" height="149">
            <runs>0 82 17</runs>
            <runs>0 76 23</runs>
            <runs>0 75 25 29 9</runs>
            <runs>0 72 30 25 13</runs>
            <runs>0 71 32 23 17</runs>
            <runs>0 69 37 19 18</runs>
            <runs>0 68 39 17 21</runs>
            <runs>0 66 43 15 22</runs>
            <runs>0 65 28 9 8 13 24</runs>
            <runs>0 63 27 14 7 12 24</runs>
            <runs>0 62 25 19 6 10 25</runs>
            <runs>0 57 26 24 10 5 26</runs>
            <runs>0 57 25 27 4 9 26</runs>
            <runs>0 57 24 29 3 9 27</runs>
            <runs>0 57 24 30 2 9 21 1 5</runs>
            <runs>0 57 23 32 1 9 21 2 4</runs>
            <runs>0 56 25 42 19 3 4</runs>
            <runs>0 55 21 47 19 3 4</runs>
            <runs>0 54 20 13 13 23 19 3 4</runs>
            <runs>0 53 19 15 17 20 17 4 4</runs>
            <runs>0 53 18 14 22 17 16 6 3</runs>
            <runs>0 52 18 13 17 1 7 17 14 7 3</runs>
            <runs>0 51 19 12 17 4 4 20 11 8 3</runs>
            <runs>0 51 18 8 17 34 8 9 4</runs>
            <runs>0 50 19 8 16 52 4</runs>
            <runs>0 48 19 10 14 54 4</runs>
            <runs>0 24 21 2 19 11 13 54 4</runs>
            <runs>0 21 44 12 12 55 4</runs>
            <runs>0 19 46 11 13 54 5</runs>
            <runs>0 16 16 7 29 7 13 55 4</runs>
            <runs>0 14 15 11 48 54 5</runs>
            <runs>0 12 15 13 23 6 19 53 5</runs>
            <runs>0 10 14 15 24 10 17 51 5</runs>
            <runs>0 9 14 16 24 11 15 50 6</runs>
            <runs>0 7 14 18 24 11 13 9 26 15 6</runs>
            <runs>0 6 14 19 24 11 13 16 23 2 14</runs>
            <runs>0 5 14 20 18 18 12 21 32</runs>
            <runs>0 4 14 20 19 18 13 23 27</runs>
            <runs>0 3 13 21 19 19 13 42 3</runs>
            <runs>0 3 13 19 21 19 13</runs>
            <runs>0 2 13 20 19 21 13</runs>
            <runs>0 2 12 20 19 22 14 23 1</runs>
            <runs>14 19 18 24 15 21 2</runs>
            <runs>13 18 19 26 14 20 3</runs>
            <runs>13 17 19 27 15 18 9</runs>
            <runs>0 1 12 16 18 30 15 16 10</runs>
            <runs>0 2 11 15 17 33 17 12 7</runs>
            <runs>0 4 10 12 18 33 23 4 9</runs>
            <runs>0 7 9 7 21 34 34</runs>
            <runs>0 10 29 38 34</runs>
            <runs>0 13 23 41 32</runs>
            <runs>0 16 17 49 26</runs>
            <runs>0 84 23</runs>
            <runs>0 86 18</runs>
            <runs>0 88 15</runs>
            <runs>0 90 10</runs>
        </run-table>
    </sample>
</samples>
