<?xml version="1.0" encoding="UTF-8" standalone="yes"?>
<samples sheet-name="IMSLP00003#13">
    <sample shape="G_CLEF" interline="22" pitch="0.6" left="136" top="212" id="233">
        <run-table orientation="VERTICAL" width="54" height="153">
            <runs>0 87 4</runs>
            <runs>0 80 17</runs>
            <runs>0 77 22</runs>
            <runs>0 72 30</runs>
            <runs>0 71 34</runs>
            <runs>0 69 38</runs>
            <runs>0 68 40</runs>
            <runs>0 66 43</runs>
            <runs>0 65 22 7 16</runs>
            <runs>0 63 20 18 11 25 1</runs>
            <runs>0 62 19 23 9 22 9</runs>
            <runs>0 61 19 26 7 21 13</runs>
            <runs>0 60 17 30 11 14 16</runs>
            <runs>0 58 19 32 9 14 16</runs>
            <runs>0 58 19 33 8 13 19</runs>
            <runs>0 57 18 14 2 20 7 12 21</runs>
            <runs>0 56 19 12 12 13 3 15 21</runs>
            <runs>0 55 16 14 16 11 3 15 21</runs>
            <runs>0 54 16 13 20 10 2 15 22</runs>
            <runs>0 50 19 12 23 10 1 15 22</runs>
            <runs>0 50 18 12 11 2 12 25 22</runs>
            <runs>0 23 20 8 16 12 11 12 4 24 22</runs>
            <runs>0 22 23 6 16 10 11 16 3 23 22</runs>
            <runs>0 21 27 2 16 11 10 18 2 24 14 2 6</runs>
            <runs>0 20 45 12 9 46 13 3 4</runs>
            <runs>0 18 22 6 23 3 13 47 2 2 8 5 4</runs>
            <runs>0 15 17 16 37 48 1 3 4 8 4</runs>
            <runs>0 14 18 15 37 65 4</runs>
            <runs>0 11 15 20 15 5 2 1 20 60 3</runs>
            <runs>0 10 14 21 15 12 26 50 4</runs>
            <runs>0 8 14 22 15 13 33 42 5</runs>
            <runs>0 6 14 23 16 13 11 4 32 28 4</runs>
            <runs>0 6 12 24 18 12 11 8 30 24 5</runs>
            <runs>0 5 12 23 17 15 11 21 1 1 23 14 7</runs>
            <runs>0 4 12 24 15 18 10 29 37</runs>
            <runs>0 2 13 23 17 17 11 31 34</runs>
            <runs>0 1 13 23 17 18 11 38 25</runs>
            <runs>12 23 19 19 10 43 2 1 15</runs>
            <runs>12 21 21 18 12 28 7 19 3</runs>
            <runs>11 17 20 24 13 27 7</runs>
            <runs>0 1 10 17 19 26 12 26 8</runs>
            <runs>0 3 10 12 20 27 14 24 9</runs>
            <runs>0 4 13 5 20 30 15 22 5</runs>
            <runs>0 7 34 31 16 20 6</runs>
            <runs>0 11 27 39 12 17 7</runs>
            <runs>0 13 22 43 14 11 9</runs>
            <runs>0 19 1 2 10 47 19 2 11</runs>
            <runs>0 80 30</runs>
            <runs>0 81 28</runs>
            <runs>0 81 26</runs>
            <runs>0 83 23</runs>
            <runs>0 85 19</runs>
            <runs>0 88 12</runs>
            <runs>0 90 7</runs>
        </run-table>
    </sample>
    <sample shape="F_CLEF" interline="22" pitch="-1.4" left="128" top="2598" id="588">
        <run-table orientation="VERTICAL" width="52" height="63">
            <runs>0 59 4</runs>
            <runs>0 18 1 40 4</runs>
            <runs>0 12 13 34 3</runs>
            <runs>0 8 17 33 4</runs>
            <runs>0 7 7 1 11 32 4</runs>
            <runs>0 5 5 7 9 31 5</runs>
            <runs>0 4 3 9 10 31 4</runs>
            <runs>0 4 3 8 12 29 5</runs>
            <runs>0 3 3 9 12 29 5</runs>
            <runs>0 3 2 10 12 28 6</runs>
            <runs>0 3 1 10 13 28 5</runs>
            <runs>0 14 13 28 5</runs>
            <runs>0 14 12 28 5</runs>
            <runs>0 15 11 28 4</runs>
            <runs>0 16 9 28 5</runs>
            <runs>0 18 7 27 5</runs>
            <runs>0 51 6</runs>
            <runs>0 51 5</runs>
            <runs>0 50 6</runs>
            <runs>0 49 6</runs>
            <runs>0 48 7</runs>
            <runs>0 44 10</runs>
            <runs>0 44 9</runs>
            <runs>0 44 9</runs>
            <runs>0 3 1 39 9</runs>
            <runs>0 3 2 36 10</runs>
            <runs>0 3 2 35 10</runs>
            <runs>0 3 3 31 13</runs>
            <runs>8 28 13</runs>
            <runs>10 23 15</runs>
            <runs>13 16 18</runs>
            <runs>0 3 44</runs>
            <runs>0 4 42</runs>
            <runs>0 5 41</runs>
            <runs>0 6 40</runs>
            <runs>0 6 35</runs>
            <runs>0 7 32</runs>
            <runs>0 9 29</runs>
            <runs>0 11 24</runs>
            <runs>0 13 21</runs>
            <runs>0 16 13</runs>
            <runs></runs>
            <runs></runs>
            <runs></runs>
            <runs>0 10 3</runs>
            <runs>0 8 6 15 6</runs>
            <runs>0 8 7 13 7</runs>
            <runs>0 8 7 13 8</runs>
            <runs>0 8 7 13 8</runs>
            <runs>0 8 7 13 8</runs>
            <runs>0 9 6 14 6</runs>
            <runs>0 11 2 17 4</runs>
        </run-table>
    </sample>
    <sample shape="F_CLEF" interline="22" pitch="-1.5" left="137" top="968" id="377">
        <run-table orientation="VERTICAL" width="53" height="63">
            <runs>0 60 3</runs>
            <runs>0 60 3</runs>
            <runs>0 14 12 34 3</runs>
            <runs>0 11 15 34 3</runs>
            <runs>0 8 18 33 4</runs>
            <runs>0 7 5 7 7 33 3</runs>
            <runs>0 6 4 8 9 31 4</runs>
            <runs>0 5 3 9 11 30 4</runs>
            <runs>0 4 3 9 12 29 4</runs>
            <runs>0 4 2 10 12 29 4</runs>
            <runs>0 4 2 10 12 29 3</runs>
            <runs>0 4 1 11 12 28 4</runs>
            <runs>0 4 1 11 11 29 4</runs>
            <runs>0 16 11 28 4</runs>
            <runs>0 17 9 28 5</runs>
            <runs>0 18 8 28 4</runs>
            <runs>0 20 3 30 5</runs>
            <runs>0 53 4</runs>
            <runs>0 52 5</runs>
            <runs>0 50 6</runs>
            <runs>0 50 6</runs>
            <runs>0 45 11</runs>
            <runs>0 45 10</runs>
            <runs>0 45 9</runs>
            <runs>0 4 1 40 9</runs>
            <runs>0 4 1 39 9</runs>
            <runs>0 4 2 37 9</runs>
            <runs>0 4 3 35 9</runs>
            <runs>0 1 7 32 10</runs>
            <runs>0 1 9 28 12</runs>
            <runs>0 1 12 22 14</runs>
            <runs>19 2 27</runs>
            <runs>0 5 43</runs>
            <runs>0 6 42</runs>
            <runs>0 7 41</runs>
            <runs>0 7 41</runs>
            <runs>0 9 33</runs>
            <runs>0 10 31</runs>
            <runs>0 12 27</runs>
            <runs>0 14 23</runs>
            <runs>0 16 20</runs>
            <runs>0 32 1</runs>
            <runs></runs>
            <runs></runs>
            <runs>0 13 2</runs>
            <runs>0 11 6 14 1 1 1</runs>
            <runs>0 11 7 13 5</runs>
            <runs>0 11 7 12 7</runs>
            <runs>0 11 7 12 8</runs>
            <runs>0 11 7 12 8</runs>
            <runs>0 11 6 14 7</runs>
            <runs>0 12 4 15 6</runs>
            <runs>0 32 4</runs>
        </run-table>
    </sample>
    <sample shape="SHARP" interline="22" pitch="-0.0" left="259" top="2609" id="603">
        <run-table orientation="VERTICAL" width="24" height="64">
            <runs>0 27 7 11 11</runs>
            <runs>0 23 11 10 12</runs>
            <runs>0 22 13 8 13</runs>
            <runs>0 21 14 8 14</runs>
            <runs>0 7 8 6 14 7 15</runs>
            <runs>0 6 58</runs>
            <runs>0 6 58</runs>
            <runs>0 7 7 5 18 1 25</runs>
            <runs>0 19 9 12 10</runs>
            <runs>0 19 9 12 10</runs>
            <runs>0 18 9 12 10</runs>
            <runs>0 18 9 12 10</runs>
            <runs>0 17 9 12 10</runs>
            <runs>0 17 9 12 10</runs>
            <runs>0 16 10 12 9</runs>
            <runs>0 15 10 12 10</runs>
            <runs>58</runs>
            <runs>58</runs>
            <runs>46</runs>
            <runs>0 9 15 7 14</runs>
            <runs>0 10 13 8 13</runs>
            <runs>0 9 13 9 13</runs>
            <runs>0 9 13 9 13</runs>
            <runs>0 9 12 10 12</runs>
        </run-table>
    </sample>
</samples>
