<?xml version="1.0" encoding="UTF-8" standalone="yes"?>
<samples sheet-name="Dichterliebe01">
    <sample shape="ONE_16TH_REST" interline="18" left="1528" top="740" id="400">
        <run-table orientation="VERTICAL" width="24" height="53">
            <runs>0 23 5</runs>
            <runs>0 22 8</runs>
            <runs>0 21 10</runs>
            <runs>0 20 15</runs>
            <runs>0 20 15</runs>
            <runs>0 4 6 9 16</runs>
            <runs>0 3 8 8 16</runs>
            <runs>0 2 10 7 16</runs>
            <runs>0 1 12 6 16</runs>
            <runs>0 1 12 7 15 14 4</runs>
            <runs>14 7 10 15 7</runs>
            <runs>14 9 8 12 10</runs>
            <runs>13 14 3 11 8</runs>
            <runs>0 1 12 13 4 4 2 1 9</runs>
            <runs>0 1 12 13 3 5 8</runs>
            <runs>0 3 9 13 3 2 5 1 2</runs>
            <runs>0 5 7 12 11</runs>
            <runs>0 8 3 11 9</runs>
            <runs>0 8 3 7 9</runs>
            <runs>0 7 3 4 9</runs>
            <runs>0 6 13</runs>
            <runs>0 5 10</runs>
            <runs>0 4 7</runs>
            <runs>0 3 5</runs>
        </run-table>
    </sample>
    <sample shape="ONE_16TH_REST" interline="18" left="628" top="1008" id="433">
        <run-table orientation="VERTICAL" width="24" height="55">
            <runs>0 25 5</runs>
            <runs>0 24 8</runs>
            <runs>0 23 10</runs>
            <runs>0 22 15</runs>
            <runs>0 22 15</runs>
            <runs>0 6 6 9 16</runs>
            <runs>0 5 8 8 16</runs>
            <runs>0 4 10 7 16</runs>
            <runs>0 3 15 3 16</runs>
            <runs>0 3 15 4 15 14 4</runs>
            <runs>0 2 16 5 10 15 7</runs>
            <runs>18 7 8 12 10</runs>
            <runs>18 11 3 11 8</runs>
            <runs>2 1 15 10 4 4 2 1 9</runs>
            <runs>0 3 15 10 3 5 8</runs>
            <runs>0 5 9 13 3 2 5 1 2</runs>
            <runs>0 7 7 12 11</runs>
            <runs>0 10 3 11 9</runs>
            <runs>0 10 3 5 11</runs>
            <runs>0 9 3 6 7</runs>
            <runs>0 8 13</runs>
            <runs>0 7 12</runs>
            <runs>0 6 7</runs>
            <runs>0 5 5</runs>
        </run-table>
    </sample>
    <sample shape="ONE_16TH_REST" interline="18" left="2064" top="1862" id="528">
        <run-table orientation="VERTICAL" width="24" height="55">
            <runs>0 27 3</runs>
            <runs>0 25 7</runs>
            <runs>0 24 10</runs>
            <runs>0 23 11</runs>
            <runs>0 22 15</runs>
            <runs>0 8 4 10 15</runs>
            <runs>0 6 8 8 15</runs>
            <runs>0 5 10 7 15</runs>
            <runs>0 4 12 6 15</runs>
            <runs>0 4 12 7 14 16 2</runs>
            <runs>16 8 10 16 5</runs>
            <runs>16 9 9 13 8</runs>
            <runs>16 14 3 11 9</runs>
            <runs>0 4 12 13 4 8 8</runs>
            <runs>0 4 12 13 3 5 8</runs>
            <runs>0 5 10 13 3 2 9</runs>
            <runs>0 7 8 12 10</runs>
            <runs>0 11 3 11 9</runs>
            <runs>0 10 4 8 8</runs>
            <runs>0 10 3 4 9</runs>
            <runs>0 9 3 2 9</runs>
            <runs>0 8 9</runs>
            <runs>0 7 8</runs>
            <runs>0 6 5</runs>
        </run-table>
    </sample>
    <sample shape="ONE_16TH_REST" interline="18" left="671" top="1394" id="536">
        <run-table orientation="VERTICAL" width="24" height="55">
            <runs>0 26 6</runs>
            <runs>0 24 9</runs>
            <runs>0 23 11</runs>
            <runs>0 23 14</runs>
            <runs>0 22 15</runs>
            <runs>0 6 8 8 15</runs>
            <runs>0 5 10 7 15</runs>
            <runs>0 4 12 6 15</runs>
            <runs>0 4 12 6 15</runs>
            <runs>3 1 12 7 11 18 3</runs>
            <runs>16 8 10 14 7</runs>
            <runs>16 12 1 1 4 11 10</runs>
            <runs>0 3 13 14 3 9 9</runs>
            <runs>0 4 12 13 3 6 9</runs>
            <runs>0 5 11 13 3 4 7</runs>
            <runs>0 6 9 12 13</runs>
            <runs>0 11 4 11 12</runs>
            <runs>0 11 3 10 8</runs>
            <runs>0 10 4 6 8</runs>
            <runs>0 10 3 3 8</runs>
            <runs>0 9 11</runs>
            <runs>0 7 12</runs>
            <runs>0 6 7</runs>
            <runs>0 6 3</runs>
        </run-table>
    </sample>
    <sample shape="ONE_16TH_REST" interline="18" left="1700" top="1862" id="556">
        <run-table orientation="VERTICAL" width="24" height="55">
            <runs>0 25 7</runs>
            <runs>0 24 9</runs>
            <runs>0 23 11</runs>
            <runs>0 23 14</runs>
            <runs>0 22 15</runs>
            <runs>0 6 8 8 15</runs>
            <runs>0 5 10 7 15</runs>
            <runs>0 4 12 6 15</runs>
            <runs>0 4 12 6 15 17 1</runs>
            <runs>3 1 12 7 11 17 4</runs>
            <runs>16 8 10 14 7</runs>
            <runs>16 12 1 1 4 11 9</runs>
            <runs>0 3 13 14 3 9 9</runs>
            <runs>0 4 12 13 3 6 9</runs>
            <runs>0 5 11 13 3 4 7</runs>
            <runs>0 6 9 12 11</runs>
            <runs>0 11 4 11 11</runs>
            <runs>0 11 3 10 8</runs>
            <runs>0 10 3 7 8</runs>
            <runs>0 10 3 2 9</runs>
            <runs>0 9 11</runs>
            <runs>0 7 9</runs>
            <runs>0 6 7</runs>
            <runs>0 6 3</runs>
        </run-table>
    </sample>
    <sample shape="ONE_16TH_REST" interline="18" left="566" top="1595" id="570">
        <run-table orientation="VERTICAL" width="24" height="52">
            <runs>0 22 7</runs>
            <runs>0 21 9</runs>
            <runs>0 20 11</runs>
            <runs>0 20 14</runs>
            <runs>0 19 15</runs>
            <runs>0 3 8 8 15</runs>
            <runs>0 2 10 7 15</runs>
            <runs>0 1 12 6 15</runs>
            <runs>0 1 12 6 15 17 1</runs>
            <runs>13 7 11 17 4</runs>
            <runs>13 8 10 14 7</runs>
            <runs>13 12 1 1 4 11 9</runs>
            <runs>13 14 3 9 9</runs>
            <runs>0 1 12 13 3 6 9</runs>
            <runs>0 2 11 13 3 4 7</runs>
            <runs>0 3 9 12 11</runs>
            <runs>0 8 4 11 11</runs>
            <runs>0 8 3 10 8</runs>
            <runs>0 7 3 6 9</runs>
            <runs>0 7 3 2 9</runs>
            <runs>0 6 11</runs>
            <runs>0 4 9</runs>
            <runs>0 3 7</runs>
            <runs>0 3 3</runs>
        </run-table>
    </sample>
    <sample shape="ONE_16TH_REST" interline="18" left="1700" top="1394" id="576">
        <run-table orientation="VERTICAL" width="24" height="55">
            <runs>0 25 7</runs>
            <runs>0 24 9</runs>
            <runs>0 23 11</runs>
            <runs>0 23 14</runs>
            <runs>0 9 2 11 15</runs>
            <runs>0 6 8 8 15</runs>
            <runs>0 5 10 7 15</runs>
            <runs>0 4 12 6 15</runs>
            <runs>3 1 12 7 14 17 1</runs>
            <runs>16 7 11 17 4</runs>
            <runs>16 9 9 14 7</runs>
            <runs>16 14 4 11 9</runs>
            <runs>0 3 13 13 4 9 9</runs>
            <runs>0 4 12 13 3 6 9</runs>
            <runs>0 5 11 12 4 4 7</runs>
            <runs>0 6 9 12 11</runs>
            <runs>0 11 4 11 11</runs>
            <runs>0 11 3 9 8</runs>
            <runs>0 10 3 6 9</runs>
            <runs>0 9 4 2 9</runs>
            <runs>0 9 10</runs>
            <runs>0 7 9</runs>
            <runs>0 6 6</runs>
            <runs>0 6 3</runs>
        </run-table>
    </sample>
    <sample shape="ONE_16TH_REST" interline="18" left="1635" top="2286" id="663">
        <run-table orientation="VERTICAL" width="24" height="55">
            <runs>0 24 7</runs>
            <runs>0 23 9</runs>
            <runs>0 22 11</runs>
            <runs>0 22 15</runs>
            <runs>0 8 2 11 16</runs>
            <runs>0 5 8 8 16</runs>
            <runs>0 4 10 7 16</runs>
            <runs>18 3 16</runs>
            <runs>18 4 15 16 2</runs>
            <runs>18 4 15 13 5</runs>
            <runs>18 6 9 14 8</runs>
            <runs>18 11 4 11 9</runs>
            <runs>18 11 3 9 9</runs>
            <runs>18 10 3 6 9</runs>
            <runs>0 4 14 10 3 5 6</runs>
            <runs>0 6 8 12 11</runs>
            <runs>0 10 4 11 12</runs>
            <runs>0 10 3 9 9</runs>
            <runs>0 9 4 5 9</runs>
            <runs>0 9 3 2 9</runs>
            <runs>0 8 11</runs>
            <runs>0 6 9</runs>
            <runs>0 5 6</runs>
            <runs>0 6 1</runs>
        </run-table>
    </sample>
    <sample shape="ONE_16TH_REST" interline="18" left="1910" top="2520" id="684">
        <run-table orientation="VERTICAL" width="24" height="55">
            <runs>0 25 6</runs>
            <runs>0 23 9</runs>
            <runs>0 22 11</runs>
            <runs>0 22 15</runs>
            <runs>0 8 2 11 16</runs>
            <runs>0 5 8 8 16</runs>
            <runs>0 4 10 7 16</runs>
            <runs>18 3 16</runs>
            <runs>18 4 15 16 2</runs>
            <runs>18 4 15 13 5</runs>
            <runs>18 6 9 14 8</runs>
            <runs>18 11 4 11 9</runs>
            <runs>18 11 3 9 9</runs>
            <runs>18 10 3 6 9</runs>
            <runs>0 4 14 10 3 5 6</runs>
            <runs>0 6 8 12 11</runs>
            <runs>0 10 4 11 12</runs>
            <runs>0 10 3 9 9</runs>
            <runs>0 9 4 5 9</runs>
            <runs>0 9 3 2 9</runs>
            <runs>0 8 11</runs>
            <runs>0 6 9</runs>
            <runs>0 5 6</runs>
            <runs>0 6 2</runs>
        </run-table>
    </sample>
    <sample shape="ONE_16TH_REST" interline="18" left="1145" top="2520" id="706">
        <run-table orientation="VERTICAL" width="24" height="55">
            <runs>0 25 6</runs>
            <runs>0 23 9</runs>
            <runs>0 22 11</runs>
            <runs>0 22 15</runs>
            <runs>0 21 16</runs>
            <runs>0 6 6 9 16</runs>
            <runs>0 4 10 7 16</runs>
            <runs>0 4 14 3 16</runs>
            <runs>0 3 15 3 16</runs>
            <runs>0 3 15 4 15 14 1 1 2</runs>
            <runs>18 5 10 15 7</runs>
            <runs>18 8 7 12 10</runs>
            <runs>18 11 3 9 10 1 1</runs>
            <runs>0 3 15 10 4 4 11</runs>
            <runs>0 4 14 10 3 5 7</runs>
            <runs>0 5 9 13 3 1 8</runs>
            <runs>0 10 4 11 12</runs>
            <runs>0 10 3 10 8</runs>
            <runs>0 9 4 6 9</runs>
            <runs>0 9 3 3 9</runs>
            <runs>0 8 11</runs>
            <runs>0 7 12</runs>
            <runs>0 5 7</runs>
            <runs>0 5 3</runs>
        </run-table>
    </sample>
    <sample shape="ONE_16TH_REST" interline="18" left="887" top="2520" id="708">
        <run-table orientation="VERTICAL" width="24" height="55">
            <runs>0 25 6</runs>
            <runs>0 23 9</runs>
            <runs>0 22 11</runs>
            <runs>0 22 15</runs>
            <runs>0 21 16</runs>
            <runs>0 5 8 8 16</runs>
            <runs>0 4 10 7 16</runs>
            <runs>0 3 15 3 16</runs>
            <runs>0 3 15 3 16 17 1</runs>
            <runs>2 1 15 4 15 14 4</runs>
            <runs>18 6 9 15 7</runs>
            <runs>18 9 1 1 4 12 9</runs>
            <runs>0 2 16 11 3 9 9</runs>
            <runs>0 3 15 10 4 4 10</runs>
            <runs>0 4 14 10 3 5 7</runs>
            <runs>0 5 9 13 12</runs>
            <runs>0 10 4 11 12</runs>
            <runs>0 10 3 10 8</runs>
            <runs>0 9 4 6 8</runs>
            <runs>0 9 3 3 9</runs>
            <runs>0 8 11</runs>
            <runs>0 7 12</runs>
            <runs>0 5 7</runs>
            <runs>0 5 3</runs>
        </run-table>
    </sample>
    <sample shape="ONE_16TH_REST" interline="18" left="634" top="2286" id="710">
        <run-table orientation="VERTICAL" width="24" height="55">
            <runs>0 25 5</runs>
            <runs>0 24 8</runs>
            <runs>0 23 10</runs>
            <runs>0 22 15</runs>
            <runs>0 22 15</runs>
            <runs>0 6 6 9 16</runs>
            <runs>0 5 9 7 16</runs>
            <runs>0 4 10 7 16</runs>
            <runs>0 3 15 3 16</runs>
            <runs>0 3 15 4 15 14 4</runs>
            <runs>0 2 16 5 10 15 7</runs>
            <runs>18 7 8 12 10</runs>
            <runs>18 11 3 10 9</runs>
            <runs>2 1 15 10 4 7 9</runs>
            <runs>0 3 15 10 3 5 8</runs>
            <runs>0 5 9 13 3 1 9</runs>
            <runs>0 8 6 12 11</runs>
            <runs>0 10 3 10 9</runs>
            <runs>0 10 3 5 10</runs>
            <runs>0 9 3 6 7</runs>
            <runs>0 8 13</runs>
            <runs>0 7 12</runs>
            <runs>0 6 7</runs>
            <runs>0 5 5</runs>
        </run-table>
    </sample>
    <sample shape="ONE_16TH_REST" interline="18" left="2164" top="2520" id="776">
        <run-table orientation="VERTICAL" width="24" height="55">
            <runs>0 24 7</runs>
            <runs>0 23 10</runs>
            <runs>0 22 11</runs>
            <runs>0 22 15</runs>
            <runs>0 7 4 10 16</runs>
            <runs>0 5 8 8 16</runs>
            <runs>0 4 10 7 16</runs>
            <runs>18 3 16 17 1</runs>
            <runs>18 4 15 15 3</runs>
            <runs>18 5 10 16 6</runs>
            <runs>18 6 9 13 8</runs>
            <runs>18 11 3 12 8</runs>
            <runs>18 11 3 8 9</runs>
            <runs>18 10 3 5 9</runs>
            <runs>0 4 14 9 4 2 8</runs>
            <runs>0 6 8 12 11</runs>
            <runs>0 10 4 10 13</runs>
            <runs>0 10 3 8 9</runs>
            <runs>0 9 3 6 8</runs>
            <runs>0 8 4 1 9</runs>
            <runs>0 7 12</runs>
            <runs>0 6 8</runs>
            <runs>0 5 5</runs>
            <runs>0 6 1</runs>
        </run-table>
    </sample>
</samples>
