<?xml version="1.0" encoding="UTF-8"?>
<stick id="1004" interline="15" shape="COMBINING_FLAG_1_UP">
    <is-within-system>true</is-within-system>
    <has-ledger>false</has-ledger>
    <stem-number>1</stem-number>
    <step-line>3.6</step-line>
    <moments>
        <k>0.5644444444444444</k>
        <k>1.1333333333333333</k>
        <k>2.3333333333333335</k>
        <k>0.2310886196575548</k>
        <k>-0.30366293803453764</k>
        <k>0.48049705548229943</k>
        <k>0.002266011722265363</k>
        <k>-0.028472899973605078</k>
        <k>0.08240398264745431</k>
        <k>-0.2017760801879801</k>
        <k>0.7115856751398543</k>
        <k>0.43104928760361555</k>
        <k>0.07353755161337772</k>
        <k>0.06018360081201841</k>
        <k>0.0039939421746484965</k>
        <k>0.03511412999189514</k>
        <k>2.807142600046706E-4</k>
        <k>659.8818897637796</k>
        <k>1058.748031496063</k>
    </moments>
    <section id="931" first-pos="652">
        <run start="1062" length="12" level="17"/>
        <run start="1062" length="10" level="20"/>
        <run start="1062" length="8" level="25"/>
        <run start="1062" length="7" level="29"/>
        <run start="1061" length="7" level="29"/>
        <run start="1061" length="6" level="33"/>
        <run start="1060" length="6" level="33"/>
        <run start="1059" length="6" level="33"/>
        <run start="1058" length="6" level="33"/>
        <run start="1057" length="6" level="33"/>
        <run start="1056" length="6" level="0"/>
        <run start="1055" length="5" level="0"/>
        <run start="1054" length="5" level="0"/>
        <run start="1052" length="6" level="0"/>
        <run start="1047" length="9" level="22"/>
    </section>
    <section id="948" first-pos="667">
        <run start="1039" length="15" level="13"/>
    </section>
    <section id="952" first-pos="668">
        <run start="1043" length="7" level="29"/>
    </section>
</stick>
