<?xml version="1.0" encoding="UTF-8" standalone="yes"?>
<samples sheet-name="IMSLP00009#6">
    <sample shape="SHARP" interline="22" pitch="-2.1" left="211" top="496" id="403">
        <run-table orientation="VERTICAL" width="23" height="64">
            <runs>0 21 9 13 8</runs>
            <runs>0 21 9 13 8</runs>
            <runs>0 21 8 13 9</runs>
            <runs>0 20 9 13 9 3 10</runs>
            <runs>0 19 45</runs>
            <runs>0 7 55</runs>
            <runs>0 6 22 12 9</runs>
            <runs>0 18 9 13 9</runs>
            <runs>0 18 8 13 9</runs>
            <runs>0 18 8 13 9</runs>
            <runs>0 17 9 13 8</runs>
            <runs>0 17 8 14 8</runs>
            <runs>0 16 9 13 9</runs>
            <runs>0 16 9 13 8</runs>
            <runs>0 15 9 13 9</runs>
            <runs>0 14 11 3 1 7 22</runs>
            <runs>58</runs>
            <runs>44</runs>
            <runs>25 7 12</runs>
            <runs>0 11 11 10 11</runs>
            <runs>0 11 11 10 11</runs>
            <runs>0 11 10 11 10</runs>
            <runs>0 14 1 1 2</runs>
        </run-table>
    </sample>
    <sample shape="SHARP" interline="22" pitch="-2.9" left="259" top="988" id="453">
        <run-table orientation="VERTICAL" width="24" height="66">
            <runs>0 48 2</runs>
            <runs>0 25 5 11 11</runs>
            <runs>0 23 7 11 11</runs>
            <runs>0 23 7 11 10</runs>
            <runs>0 19 11 11 10</runs>
            <runs>0 19 12 4 31</runs>
            <runs>0 12 54</runs>
            <runs>0 9 21 10 10</runs>
            <runs>0 7 5 7 9 12 9</runs>
            <runs>0 19 8 13 9</runs>
            <runs>0 18 9 13 9</runs>
            <runs>0 18 8 13 9</runs>
            <runs>0 18 8 13 9</runs>
            <runs>0 17 9 13 9</runs>
            <runs>0 17 8 13 9</runs>
            <runs>0 16 9 13 9</runs>
            <runs>0 16 9 12 12</runs>
            <runs>0 14 45</runs>
            <runs>0 5 2 5 34</runs>
            <runs>24 5 1 6 8</runs>
            <runs>12 2 9 13 8</runs>
            <runs>0 14 8 13 9</runs>
            <runs>0 14 8 13 8</runs>
            <runs>0 13 9</runs>
        </run-table>
    </sample>
    <sample shape="SHARP" interline="22" pitch="-0.1" left="277" top="2065" id="557">
        <run-table orientation="VERTICAL" width="23" height="66">
            <runs>0 28 2 15 7</runs>
            <runs>0 22 8 14 8</runs>
            <runs>0 21 9 13 9</runs>
            <runs>0 21 9 13 8</runs>
            <runs>0 20 10 12 10 6 3 2 2</runs>
            <runs>0 8 58</runs>
            <runs>0 7 46 1 10</runs>
            <runs>0 18 10 12 10</runs>
            <runs>0 19 9 12 9</runs>
            <runs>0 18 9 13 9</runs>
            <runs>0 18 9 13 9</runs>
            <runs>0 18 8 13 9</runs>
            <runs>0 17 9 13 8</runs>
            <runs>0 17 8 13 9</runs>
            <runs>0 16 9 13 9</runs>
            <runs>0 15 10 13 9</runs>
            <runs>0 5 1 1 7 1 13 4 27</runs>
            <runs>59</runs>
            <runs>58</runs>
            <runs>0 10 13 9 13</runs>
            <runs>0 10 12 10 12</runs>
            <runs>0 10 12 10 11</runs>
            <runs>0 10 12 10 11</runs>
        </run-table>
    </sample>
</samples>
