<?xml version="1.0" encoding="UTF-8" standalone="yes"?>
<samples sheet-name="IMSLP00003#9">
    <sample shape="G_CLEF" interline="22" pitch="0.5" left="174" top="216" id="279">
        <run-table orientation="VERTICAL" width="49" height="155">
            <runs>0 92 3</runs>
            <runs>0 87 14</runs>
            <runs>0 82 23</runs>
            <runs>0 80 27</runs>
            <runs>0 76 33</runs>
            <runs>0 76 35</runs>
            <runs>0 74 38</runs>
            <runs>0 72 22 9 10</runs>
            <runs>0 70 20 17 7 27 3</runs>
            <runs>0 69 17 24 5 23 9</runs>
            <runs>0 68 14 30 4 21 12</runs>
            <runs>0 67 14 31 4 20 15</runs>
            <runs>0 66 14 34 3 17 18</runs>
            <runs>0 64 15 14 8 14 2 17 19</runs>
            <runs>0 63 16 11 15 11 2 16 20</runs>
            <runs>0 62 16 9 19 10 7 10 21</runs>
            <runs>0 60 14 11 18 2 2 26 22</runs>
            <runs>0 60 13 11 17 32 22</runs>
            <runs>0 58 14 11 11 39 22</runs>
            <runs>0 54 17 11 10 42 17 2 2</runs>
            <runs>0 54 16 7 2 2 10 44 15 3 2</runs>
            <runs>0 28 17 9 16 6 14 46 13 4 2</runs>
            <runs>0 23 66 47 11 6 2</runs>
            <runs>0 20 21 1 1 6 40 49 8 7 2</runs>
            <runs>0 17 19 16 49 52 2</runs>
            <runs>0 14 21 16 14 9 34 45 2</runs>
            <runs>0 12 16 21 15 12 39 38 1</runs>
            <runs>0 10 15 23 14 14 11 7 28 30 2</runs>
            <runs>0 8 15 24 14 15 10 10 27 28 3</runs>
            <runs>0 6 15 24 15 16 10 23 17 24 3</runs>
            <runs>0 5 14 24 16 17 10 27 18 17 5</runs>
            <runs>0 4 14 24 15 20 9 30 23 6 7</runs>
            <runs>0 3 13 24 17 20 10 30 34</runs>
            <runs>0 1 14 23 19 20 10 30 1 11 19</runs>
            <runs>0 1 12 19 25 20 10 29 2 18 10</runs>
            <runs>12 20 20 25 10 29 2</runs>
            <runs>11 20 21 24 12 27 2</runs>
            <runs>0 2 9 20 18 1 7 19 12 26 2</runs>
            <runs>0 4 7 17 19 29 13 24 3</runs>
            <runs>0 6 7 11 19 33 14 22 3</runs>
            <runs>0 8 31 37 16 19 3</runs>
            <runs>0 15 22 39 19 11 7</runs>
            <runs>0 21 8 52 22 1 8</runs>
            <runs>0 82 29</runs>
            <runs>0 83 26</runs>
            <runs>0 85 23</runs>
            <runs>0 87 18</runs>
            <runs>0 89 14</runs>
            <runs>0 92 8</runs>
        </run-table>
    </sample>
    <sample shape="G_CLEF" interline="22" pitch="0.7" left="175" top="781" id="348">
        <run-table orientation="VERTICAL" width="48" height="154">
            <runs>0 83 14</runs>
            <runs>0 79 21</runs>
            <runs>0 75 28</runs>
            <runs>0 70 36</runs>
            <runs>0 70 37</runs>
            <runs>0 69 40</runs>
            <runs>0 68 42 27 7</runs>
            <runs>0 65 30 7 10 23 12</runs>
            <runs>0 65 20 19 11 18 16</runs>
            <runs>0 63 19 25 8 18 17</runs>
            <runs>0 62 18 28 7 17 19</runs>
            <runs>0 61 17 32 3 18 21</runs>
            <runs>0 59 17 14 6 16 1 17 22</runs>
            <runs>0 58 17 10 17 28 23</runs>
            <runs>0 57 16 11 21 11 1 13 23</runs>
            <runs>0 56 17 10 15 1 7 10 1 13 23</runs>
            <runs>0 55 18 8 14 7 5 9 1 13 19 2 2</runs>
            <runs>0 54 19 6 15 11 3 8 2 12 18 3 2</runs>
            <runs>0 25 13 15 19 6 13 16 3 6 2 13 16 4 3</runs>
            <runs>0 21 24 7 15 11 11 20 3 4 2 14 14 5 3</runs>
            <runs>0 18 48 11 11 22 2 4 2 16 11 6 3</runs>
            <runs>0 15 51 11 10 29 3 17 8 7 3</runs>
            <runs>0 13 19 10 31 3 11 29 3 31 4</runs>
            <runs>0 11 18 18 39 30 3 30 4</runs>
            <runs>0 9 20 18 16 5 18 30 3 30 4</runs>
            <runs>0 7 22 17 15 9 19 27 3 29 4</runs>
            <runs>0 6 17 22 15 15 11 3 13 14 3 28 5</runs>
            <runs>0 5 14 25 15 16 9 8 17 2 8 27 5</runs>
            <runs>0 4 13 25 16 17 10 19 19 2 1 17 7</runs>
            <runs>0 3 13 25 16 18 10 25 39</runs>
            <runs>0 1 14 24 16 20 9 30 33</runs>
            <runs>0 1 13 23 17 21 10 31 2 7 20</runs>
            <runs>13 22 18 22 10 31 1 15 1 1 7</runs>
            <runs>12 21 18 25 9 31 1</runs>
            <runs>11 19 21 25 10 30 1</runs>
            <runs>11 15 25 25 10</runs>
            <runs>0 2 9 12 23 31 10 24 1</runs>
            <runs>0 4 40 33 10 23 2</runs>
            <runs>0 6 35 37 11 20 3</runs>
            <runs>0 11 22 46 12 16 6</runs>
            <runs>0 21 9 49 15 11 7</runs>
            <runs>0 80 31</runs>
            <runs>0 81 29</runs>
            <runs>0 82 27</runs>
            <runs>0 84 23</runs>
            <runs>0 85 21</runs>
            <runs>0 88 16</runs>
            <runs>0 94 3</runs>
        </run-table>
    </sample>
    <sample shape="G_CLEF" interline="22" pitch="0.3" left="148" top="3109" id="494">
        <run-table orientation="VERTICAL" width="55" height="158">
            <runs>0 90 4 1 1</runs>
            <runs>0 84 15</runs>
            <runs>0 79 25</runs>
            <runs>0 78 28</runs>
            <runs>0 76 31</runs>
            <runs>0 73 37</runs>
            <runs>0 70 42</runs>
            <runs>0 69 26 3 16</runs>
            <runs>0 67 23 11 13</runs>
            <runs>0 67 19 17 12 28 4</runs>
            <runs>0 66 17 24 9 22 12</runs>
            <runs>0 64 18 28 6 20 15</runs>
            <runs>0 62 18 31 7 17 17</runs>
            <runs>0 60 18 35 5 17 19</runs>
            <runs>0 57 20 36 6 15 20</runs>
            <runs>0 57 19 38 6 14 21</runs>
            <runs>0 57 17 15 11 15 5 13 22</runs>
            <runs>0 56 17 15 17 11 5 12 23</runs>
            <runs>0 56 16 15 18 11 5 12 23</runs>
            <runs>0 55 16 14 21 11 4 12 24</runs>
            <runs>0 54 16 11 26 10 5 12 23</runs>
            <runs>0 53 16 12 13 9 6 9 4 12 17 1 5</runs>
            <runs>0 27 14 1 1 9 16 13 11 13 4 9 4 13 15 3 5</runs>
            <runs>0 22 46 12 10 16 4 9 4 13 14 3 5</runs>
            <runs>0 19 48 13 9 19 2 8 5 13 13 4 5</runs>
            <runs>0 17 50 12 9 20 2 9 4 14 10 5 5</runs>
            <runs>0 15 22 10 21 10 10 31 4 19 3 7 5</runs>
            <runs>0 13 17 2 2 13 30 1 9 32 4 29 5</runs>
            <runs>0 11 17 18 42 31 4 29 5</runs>
            <runs>0 10 15 20 18 8 18 30 4 28 6</runs>
            <runs>0 9 14 21 19 12 25 19 4 27 6</runs>
            <runs>0 7 14 23 18 14 10 3 20 10 3 28 6</runs>
            <runs>0 6 14 23 18 15 10 9 28 25 7</runs>
            <runs>0 4 14 24 18 17 8 15 28 19 8</runs>
            <runs>0 3 13 24 19 18 9 16 33 8 11</runs>
            <runs>0 2 14 23 20 17 10 28 39</runs>
            <runs>0 1 14 19 25 17 10 30 35</runs>
            <runs>14 20 21 21 10 31 4 3 25</runs>
            <runs>13 21 20 23 9 30 4 13 2 1 11</runs>
            <runs>0 1 11 21 19 25 10 28 5</runs>
            <runs>0 3 9 19 19 27 11 27 4</runs>
            <runs>0 4 10 15 19 29 11 26 5</runs>
            <runs>0 6 11 9 21 31 11 24 5</runs>
            <runs>0 8 36 34 12 22 6</runs>
            <runs>0 11 29 1 2 36 12 19 7</runs>
            <runs>0 17 21 41 14 16 7</runs>
            <runs>0 19 10 1 7 43 16 11 8</runs>
            <runs>0 80 21 1 12</runs>
            <runs>0 80 33</runs>
            <runs>0 83 29</runs>
            <runs>0 85 26</runs>
            <runs>0 87 22</runs>
            <runs>0 88 20</runs>
            <runs>0 89 16</runs>
            <runs>0 95 2</runs>
        </run-table>
    </sample>
    <sample shape="F_CLEF" interline="22" pitch="-1.6" left="170" top="983" id="361">
        <run-table orientation="VERTICAL" width="51" height="70">
            <runs>0 64 6</runs>
            <runs>0 64 6</runs>
            <runs>0 63 4</runs>
            <runs>0 11 10 42 3</runs>
            <runs>0 9 17 37 3</runs>
            <runs>0 7 5 6 8 36 3</runs>
            <runs>0 5 4 9 9 35 3</runs>
            <runs>0 1 7 9 10 34 3</runs>
            <runs>0 4 2 10 12 32 4</runs>
            <runs>0 4 2 9 13 31 4</runs>
            <runs>0 4 1 9 14 31 4</runs>
            <runs>0 4 1 9 14 30 5</runs>
            <runs>0 14 14 29 5</runs>
            <runs>0 15 13 29 4</runs>
            <runs>0 15 13 28 5</runs>
            <runs>0 16 11 28 6</runs>
            <runs>0 17 9 28 6</runs>
            <runs>0 53 6</runs>
            <runs>0 51 7</runs>
            <runs>0 50 8</runs>
            <runs>0 46 11</runs>
            <runs>0 45 11</runs>
            <runs>0 45 10</runs>
            <runs>0 44 11</runs>
            <runs>0 42 12</runs>
            <runs>6 35 12</runs>
            <runs>0 1 6 31 14</runs>
            <runs>0 1 8 27 15</runs>
            <runs>0 1 10 23 16</runs>
            <runs>0 1 15 15 18</runs>
            <runs>0 1 47</runs>
            <runs>0 1 47</runs>
            <runs>0 5 43</runs>
            <runs>0 7 37</runs>
            <runs>0 7 34</runs>
            <runs>0 9 31</runs>
            <runs>0 11 26</runs>
            <runs>0 12 24</runs>
            <runs>0 14 20</runs>
            <runs>0 21 9</runs>
            <runs></runs>
            <runs>0 9 4</runs>
            <runs>0 7 7</runs>
            <runs>0 6 8</runs>
            <runs>0 6 8 14 5</runs>
            <runs>0 6 8 10 10</runs>
            <runs>0 6 8 10 10</runs>
            <runs>0 7 6 11 10</runs>
            <runs>0 8 5 11 10</runs>
            <runs>0 27 7</runs>
            <runs>0 28 4</runs>
        </run-table>
    </sample>
    <sample shape="F_CLEF" interline="22" pitch="-1.5" left="165" top="1356" id="374">
        <run-table orientation="VERTICAL" width="50" height="69">
            <runs>0 65 1</runs>
            <runs>0 16 4 45 1</runs>
            <runs>0 13 12 39 2</runs>
            <runs>0 12 15 37 2</runs>
            <runs>0 10 5 6 7 36 2</runs>
            <runs>0 9 3 8 9 34 6</runs>
            <runs>0 7 3 9 11 32 7</runs>
            <runs>0 7 2 9 12 32 3</runs>
            <runs>0 6 2 10 12 31 4</runs>
            <runs>0 5 3 9 13 30 4</runs>
            <runs>0 5 2 10 13 30 4</runs>
            <runs>7 10 13 29 5</runs>
            <runs>6 11 13 28 5</runs>
            <runs>6 13 10 28 5</runs>
            <runs>6 13 9 28 6</runs>
            <runs>6 49 6</runs>
            <runs>6 48 6</runs>
            <runs>6 46 8</runs>
            <runs>6 46 7</runs>
            <runs>6 44 8</runs>
            <runs>6 44 8</runs>
            <runs>6 39 12</runs>
            <runs>7 38 11</runs>
            <runs>0 1 7 36 11</runs>
            <runs>0 1 8 34 11</runs>
            <runs>0 1 9 30 13</runs>
            <runs>12 25 15</runs>
            <runs>0 5 8 19 19</runs>
            <runs>0 5 11 5 2 4 23</runs>
            <runs>0 6 43</runs>
            <runs>0 7 41</runs>
            <runs>0 8 39</runs>
            <runs>0 9 38</runs>
            <runs>0 10 34</runs>
            <runs>0 11 31</runs>
            <runs>0 12 27</runs>
            <runs>0 14 22</runs>
            <runs>0 16 18</runs>
            <runs>0 21 11</runs>
            <runs></runs>
            <runs>0 14 2</runs>
            <runs>0 11 7 15 2</runs>
            <runs>0 10 8 13 6</runs>
            <runs>0 10 9 11 8</runs>
            <runs>0 10 8 12 8</runs>
            <runs>0 10 8 12 8</runs>
            <runs>0 10 8 12 8</runs>
            <runs>0 11 6 14 7</runs>
            <runs>0 12 3 16 6</runs>
            <runs>0 33 2</runs>
        </run-table>
    </sample>
    <sample shape="F_CLEF" interline="22" pitch="-1.6" left="152" top="2115" id="410">
        <run-table orientation="VERTICAL" width="52" height="66">
            <runs>0 63 3</runs>
            <runs>0 63 3</runs>
            <runs>0 62 3</runs>
            <runs>0 13 9 40 3</runs>
            <runs>0 10 16 35 3</runs>
            <runs>0 8 18 34 4</runs>
            <runs>0 7 4 6 9 34 3</runs>
            <runs>0 5 3 9 10 32 4</runs>
            <runs>0 1 6 9 11 32 4</runs>
            <runs>0 3 3 9 13 30 4</runs>
            <runs>0 3 2 10 13 29 5</runs>
            <runs>0 3 2 10 13 28 5</runs>
            <runs>0 3 1 10 13 29 5</runs>
            <runs>0 3 1 11 12 28 6</runs>
            <runs>0 3 1 11 12 26 7</runs>
            <runs>0 3 1 12 10 27 6</runs>
            <runs>0 3 1 13 9 25 8</runs>
            <runs>0 3 1 46 9</runs>
            <runs>0 3 1 46 8</runs>
            <runs>0 3 1 42 12</runs>
            <runs>0 46 11</runs>
            <runs>0 3 1 42 10</runs>
            <runs>0 3 1 40 12</runs>
            <runs>0 3 1 39 11</runs>
            <runs>0 3 2 36 13</runs>
            <runs>0 3 2 34 14</runs>
            <runs>6 31 15</runs>
            <runs>7 28 16</runs>
            <runs>9 24 17</runs>
            <runs>0 1 10 19 19</runs>
            <runs>0 1 14 6 28</runs>
            <runs>0 1 48</runs>
            <runs>0 1 47</runs>
            <runs>0 6 38</runs>
            <runs>0 7 36</runs>
            <runs>0 8 34</runs>
            <runs>0 8 32</runs>
            <runs>0 9 30</runs>
            <runs>0 12 24</runs>
            <runs>0 14 19</runs>
            <runs>0 16 14</runs>
            <runs></runs>
            <runs></runs>
            <runs>0 11 4</runs>
            <runs>0 9 7 14 6</runs>
            <runs>0 9 7 13 8</runs>
            <runs>0 8 9 12 8</runs>
            <runs>0 8 9 12 8</runs>
            <runs>0 8 9 12 8</runs>
            <runs>0 9 7 13 7</runs>
            <runs>0 9 6 15 6</runs>
            <runs>0 31 3</runs>
        </run-table>
    </sample>
    <sample shape="FLAT" interline="22" pitch="-3.8" left="251" top="221" id="308">
        <run-table orientation="VERTICAL" width="19" height="53">
            <runs>0 10 1 5 4 1 15 4 11</runs>
            <runs>0 1 52</runs>
            <runs>39 2 12</runs>
            <runs>16 3 1 2 2 2 8</runs>
            <runs>0 29 2</runs>
            <runs>0 29 1</runs>
            <runs>0 47 1</runs>
            <runs>0 25 1 20 2</runs>
            <runs>0 25 1 19 3</runs>
            <runs>0 24 2 17 4</runs>
            <runs>0 24 2 15 4</runs>
            <runs>0 24 2 13 5</runs>
            <runs>0 24 6 5 8</runs>
            <runs>0 24 17</runs>
            <runs>0 24 17</runs>
            <runs>0 25 14</runs>
            <runs>0 25 13</runs>
            <runs>0 26 10</runs>
            <runs>0 26 6</runs>
        </run-table>
    </sample>
    <sample shape="FLAT" interline="22" pitch="2.2" left="267" top="494" id="326">
        <run-table orientation="VERTICAL" width="19" height="54">
            <runs>0 3 6</runs>
            <runs>39 7 7</runs>
            <runs>39 5 10</runs>
            <runs>0 1 13 4 20 8 7</runs>
            <runs>0 26 7</runs>
            <runs>0 47 1</runs>
            <runs>0 46 2</runs>
            <runs>0 45 3</runs>
            <runs>0 44 6</runs>
            <runs>0 42 8</runs>
            <runs>0 23 6 11 6</runs>
            <runs>0 23 6 8 8</runs>
            <runs>0 23 7 5 9</runs>
            <runs>0 23 8 2 10</runs>
            <runs>0 23 19</runs>
            <runs>0 24 16</runs>
            <runs>0 24 14</runs>
            <runs>0 25 12</runs>
            <runs>0 26 9</runs>
        </run-table>
    </sample>
    <sample shape="SHARP" interline="22" pitch="-1.2" left="225" top="2931" id="496">
        <run-table orientation="VERTICAL" width="15" height="44">
            <runs>0 15 5 10 6</runs>
            <runs>0 7 30 2 1</runs>
            <runs>0 7 37</runs>
            <runs>0 7 34</runs>
            <runs>0 7 29</runs>
            <runs>0 10 8 9 9</runs>
            <runs>0 10 8 9 9</runs>
            <runs>0 9 8 10 9</runs>
            <runs>0 1 16 9 10</runs>
            <runs>17 4 3 1 12 2 2</runs>
            <runs>16 4 21</runs>
            <runs>0 1 6 1 7 10 6</runs>
            <runs>0 9 2 14 5</runs>
            <runs>0 9 2 14 5</runs>
            <runs>0 27 2</runs>
        </run-table>
    </sample>
</samples>
