<?xml version="1.0" encoding="UTF-8" standalone="yes"?>
<samples sheet-name="IMSLP00120#42">
    <sample shape="SHARP" interline="19" pitch="3.0" left="404" top="1354" id="322">
        <run-table orientation="VERTICAL" width="22" height="59">
            <runs>0 23 3</runs>
            <runs>0 19 8 11 8</runs>
            <runs>0 19 8 11 8</runs>
            <runs>0 17 10 10 10</runs>
            <runs>0 6 44</runs>
            <runs>0 6 53</runs>
            <runs>0 15 11 9 24</runs>
            <runs>0 16 9 10 24</runs>
            <runs>0 17 8 11 9 11 1</runs>
            <runs>0 16 8 12 8</runs>
            <runs>0 16 8 11 9</runs>
            <runs>0 16 8 11 9</runs>
            <runs>0 15 9 10 10</runs>
            <runs>10 1 15 7 11</runs>
            <runs>47 1 6</runs>
            <runs>55</runs>
            <runs>55</runs>
            <runs>0 13 13 2 27</runs>
            <runs>0 13 10 10 10</runs>
            <runs>0 13 10 10 9</runs>
            <runs>0 14 9 10 9</runs>
            <runs>0 34 8</runs>
        </run-table>
    </sample>
</samples>
