<?xml version="1.0" encoding="UTF-8" standalone="yes"?>
<samples sheet-name="IMSLP00005#11">
    <sample shape="G_CLEF" interline="22" pitch="0.5" left="256" top="275" id="321">
        <run-table orientation="VERTICAL" width="59" height="155">
            <runs>0 95 3</runs>
            <runs>0 91 10</runs>
            <runs>0 86 16</runs>
            <runs>0 81 22</runs>
            <runs>0 76 29</runs>
            <runs>0 76 31</runs>
            <runs>0 75 33</runs>
            <runs>0 73 37</runs>
            <runs>0 72 39</runs>
            <runs>0 70 43</runs>
            <runs>0 68 45</runs>
            <runs>0 67 25 5 17</runs>
            <runs>0 66 22 16 11 24 9</runs>
            <runs>0 65 20 21 10 21 12</runs>
            <runs>0 64 20 25 7 19 15</runs>
            <runs>0 63 19 28 7 18 15</runs>
            <runs>0 61 19 31 12 11 18</runs>
            <runs>0 60 19 33 11 10 19</runs>
            <runs>0 59 20 13 9 13 9 10 20</runs>
            <runs>0 59 20 10 13 12 9 10 21</runs>
            <runs>0 54 25 8 19 9 8 10 21</runs>
            <runs>0 54 20 12 21 8 8 10 22</runs>
            <runs>0 54 19 11 25 7 7 10 22</runs>
            <runs>0 54 17 13 26 6 7 10 22</runs>
            <runs>0 24 21 8 17 12 20 4 4 6 7 10 22</runs>
            <runs>0 21 49 11 11 15 4 22 17 1 4</runs>
            <runs>0 20 49 11 11 18 3 22 15 2 4</runs>
            <runs>0 18 50 8 14 21 1 23 14 2 4</runs>
            <runs>0 16 52 8 14 45 13 3 4</runs>
            <runs>0 13 24 12 19 7 14 48 9 5 4</runs>
            <runs>0 12 24 13 39 50 5 8 4</runs>
            <runs>0 11 19 18 40 63 4</runs>
            <runs>0 9 18 20 19 2 21 61 5</runs>
            <runs>0 8 17 22 17 10 27 49 4</runs>
            <runs>0 7 17 21 18 12 30 45 4</runs>
            <runs>0 5 16 23 18 14 34 40 4</runs>
            <runs>0 5 15 23 18 15 11 7 20 2 8 25 4</runs>
            <runs>0 3 15 23 19 16 11 10 30 20 5</runs>
            <runs>0 2 14 24 18 18 11 19 26 13 6</runs>
            <runs>15 24 18 19 11 28 35</runs>
            <runs>14 24 19 19 11 30 32</runs>
            <runs>0 1 12 19 25 19 11 29 7 4 20</runs>
            <runs>0 2 11 19 20 24 11 29 7 10 12</runs>
            <runs>0 3 10 18 19 26 11 29 7</runs>
            <runs>0 6 9 9 4 1 19 28 12 27 8</runs>
            <runs>0 9 37 30 12 27 3</runs>
            <runs>0 12 31 33 12 26 4</runs>
            <runs>0 14 26 36 12 26 3</runs>
            <runs>0 18 18 40 13 24 3</runs>
            <runs>0 23 2 51 14 21 4</runs>
            <runs>0 80 12 18 4</runs>
            <runs>0 81 12 15 6</runs>
            <runs>0 82 19 4 8</runs>
            <runs>0 84 28</runs>
            <runs>0 85 26</runs>
            <runs>0 86 23</runs>
            <runs>0 88 20</runs>
            <runs>0 91 14</runs>
            <runs>0 95 7</runs>
        </run-table>
    </sample>
    <sample shape="G_CLEF" interline="22" pitch="0.7" left="128" top="791" id="399">
        <run-table orientation="VERTICAL" width="56" height="155">
            <runs>0 85 13</runs>
            <runs>0 81 20</runs>
            <runs>0 78 26</runs>
            <runs>0 72 34</runs>
            <runs>0 72 35</runs>
            <runs>0 70 39</runs>
            <runs>0 69 41</runs>
            <runs>0 68 43</runs>
            <runs>0 67 45 29 2</runs>
            <runs>0 66 23 13 11 24 10</runs>
            <runs>0 64 22 18 16 15 13</runs>
            <runs>0 63 21 22 14 14 15</runs>
            <runs>0 63 18 28 11 13 18</runs>
            <runs>0 61 19 30 10 13 18</runs>
            <runs>0 60 19 32 9 12 20</runs>
            <runs>0 59 17 36 8 12 21</runs>
            <runs>0 58 18 13 11 13 7 12 22</runs>
            <runs>0 57 18 13 16 9 7 12 22</runs>
            <runs>0 56 19 11 20 25 23</runs>
            <runs>0 55 20 9 23 24 23</runs>
            <runs>0 50 26 7 25 23 23</runs>
            <runs>0 50 20 12 16 4 7 23 22</runs>
            <runs>0 35 2 13 20 9 19 7 6 21 23</runs>
            <runs>0 24 22 4 19 10 11 17 4 21 16 2 5</runs>
            <runs>0 22 46 10 11 19 3 22 14 3 5</runs>
            <runs>0 20 47 11 11 44 13 4 5</runs>
            <runs>0 17 52 8 12 44 12 5 5</runs>
            <runs>0 15 60 2 11 48 6 8 5</runs>
            <runs>0 13 23 11 41 62 5</runs>
            <runs>0 11 22 14 41 62 4</runs>
            <runs>0 10 23 13 52 51 5</runs>
            <runs>0 10 16 20 17 8 36 41 5</runs>
            <runs>0 9 16 20 17 10 42 34 5</runs>
            <runs>0 7 16 21 17 11 16 1 32 1 2 23 5</runs>
            <runs>0 6 15 22 17 12 14 7 34 1 2 12 10</runs>
            <runs>0 4 16 22 17 13 14 18 47</runs>
            <runs>0 3 16 23 16 14 14 24 40</runs>
            <runs>0 1 16 23 17 15 14 28 35</runs>
            <runs>16 22 17 16 15 28 7 4 22</runs>
            <runs>15 21 18 18 14 28 6 9 17</runs>
            <runs>14 21 19 18 14 28 6 20 1</runs>
            <runs>13 15 26 18 14 27 7</runs>
            <runs>0 1 13 14 26 23 10 26 6</runs>
            <runs>0 4 11 11 22 29 11 24 7</runs>
            <runs>0 6 40 31 11 24 7</runs>
            <runs>0 8 36 34 12 21 8</runs>
            <runs>0 12 29 38 12 19 9</runs>
            <runs>0 13 25 41 18 10 12</runs>
            <runs>0 21 12 47 17 8 9</runs>
            <runs>0 81 17 3 13</runs>
            <runs>0 82 31</runs>
            <runs>0 83 29</runs>
            <runs>0 84 26</runs>
            <runs>0 87 22</runs>
            <runs>0 88 18</runs>
            <runs>0 91 13</runs>
        </run-table>
    </sample>
    <sample shape="F_CLEF" interline="22" pitch="-1.3" left="256" top="510" id="336">
        <run-table orientation="VERTICAL" width="67" height="69">
            <runs>0 65 1</runs>
            <runs>0 63 3</runs>
            <runs>0 63 3</runs>
            <runs>0 63 3</runs>
            <runs>0 63 3</runs>
            <runs>0 63 3</runs>
            <runs>0 62 7</runs>
            <runs>0 62 7</runs>
            <runs>0 16 3 1 2 40 7</runs>
            <runs>0 12 13 37 7</runs>
            <runs>0 9 16 36 8</runs>
            <runs>0 8 18 35 8</runs>
            <runs>0 7 20 34 8</runs>
            <runs>0 6 5 7 9 33 9</runs>
            <runs>0 5 4 8 11 32 5</runs>
            <runs>8 9 12 30 5</runs>
            <runs>7 9 13 30 5</runs>
            <runs>0 3 3 10 14 29 5</runs>
            <runs>0 3 2 11 14 28 5</runs>
            <runs>0 3 2 10 15 28 5</runs>
            <runs>0 3 1 11 15 27 6</runs>
            <runs>0 3 1 11 15 27 6</runs>
            <runs>0 16 13 28 5</runs>
            <runs>0 16 13 27 5</runs>
            <runs>0 17 11 27 6</runs>
            <runs>0 18 9 28 5</runs>
            <runs>0 19 7 27 7</runs>
            <runs>0 53 7</runs>
            <runs>0 52 7</runs>
            <runs>0 51 8</runs>
            <runs>0 49 9</runs>
            <runs>0 3 1 45 8</runs>
            <runs>0 3 1 44 9</runs>
            <runs>0 3 2 39 12</runs>
            <runs>0 3 2 39 12</runs>
            <runs>0 3 3 37 12</runs>
            <runs>7 35 12</runs>
            <runs>8 32 13</runs>
            <runs>9 29 15</runs>
            <runs>10 25 18</runs>
            <runs>13 21 18</runs>
            <runs>17 12 22</runs>
            <runs>50</runs>
            <runs>48</runs>
            <runs>0 4 43</runs>
            <runs>0 5 42</runs>
            <runs>0 6 41</runs>
            <runs>0 7 40</runs>
            <runs>0 8 38</runs>
            <runs>0 9 32</runs>
            <runs>0 11 28</runs>
            <runs>0 12 26</runs>
            <runs>0 13 24</runs>
            <runs>0 14 21</runs>
            <runs>0 18 1 6 2 1 5</runs>
            <runs></runs>
            <runs>0 12 3 17 3</runs>
            <runs>0 10 7 14 6</runs>
            <runs>0 10 8 12 9</runs>
            <runs>0 10 9 11 9</runs>
            <runs>0 9 10 11 9</runs>
            <runs>0 9 10 11 9</runs>
            <runs>0 9 10 11 9</runs>
            <runs>0 10 8 12 9</runs>
            <runs>0 10 8 12 8</runs>
            <runs>0 11 6 15 5</runs>
            <runs>0 11 5 18 1</runs>
        </run-table>
    </sample>
    <sample shape="FLAT" interline="22" pitch="1.4" left="208" top="2660" id="579">
        <run-table orientation="VERTICAL" width="20" height="54">
            <runs>0 20 1 4 6 2 21</runs>
            <runs>0 1 53</runs>
            <runs>39 7 7</runs>
            <runs>32 16 4</runs>
            <runs>0 27 4 17 4</runs>
            <runs>0 26 4 16 5</runs>
            <runs>0 25 4 16 4</runs>
            <runs>0 25 3 15 5</runs>
            <runs>0 25 3 15 5</runs>
            <runs>0 24 4 12 6</runs>
            <runs>0 23 6 6 10</runs>
            <runs>0 23 7 5 10</runs>
            <runs>0 22 9 2 11</runs>
            <runs>0 22 20</runs>
            <runs>0 23 18</runs>
            <runs>0 24 16</runs>
            <runs>0 26 13</runs>
            <runs>0 26 13</runs>
            <runs>0 27 12</runs>
            <runs>0 29 10</runs>
        </run-table>
    </sample>
    <sample shape="FLAT" interline="22" pitch="2.5" left="246" top="3193" id="639">
        <run-table orientation="VERTICAL" width="20" height="55">
            <runs>0 45 9</runs>
            <runs>0 1 15 2 37</runs>
            <runs>54</runs>
            <runs>35 10 8</runs>
            <runs>0 1 7 16 9 12 8</runs>
            <runs>0 24 7</runs>
            <runs></runs>
            <runs></runs>
            <runs>0 44 7</runs>
            <runs>0 42 9</runs>
            <runs>0 41 10</runs>
            <runs>0 40 11</runs>
            <runs>0 24 7 7 13</runs>
            <runs>0 24 20</runs>
            <runs>0 24 19</runs>
            <runs>0 25 17</runs>
            <runs>0 25 14</runs>
            <runs>0 24 13</runs>
            <runs>0 25 11</runs>
            <runs>0 25 9</runs>
        </run-table>
    </sample>
    <sample shape="FLAT" interline="22" pitch="0.4" left="254" top="1401" id="457">
        <run-table orientation="VERTICAL" width="19" height="56">
            <runs>0 21 8 3 24</runs>
            <runs>56</runs>
            <runs>55</runs>
            <runs>35 5 1 6 7</runs>
            <runs>7 18 8 19 1</runs>
            <runs></runs>
            <runs>0 46 1</runs>
            <runs>0 45 2</runs>
            <runs>0 44 3</runs>
            <runs>0 43 7</runs>
            <runs>0 42 8</runs>
            <runs>0 41 9</runs>
            <runs>0 25 8 4 9</runs>
            <runs>0 25 20</runs>
            <runs>0 25 19</runs>
            <runs>0 26 16</runs>
            <runs>0 26 14</runs>
            <runs>0 26 13</runs>
            <runs>0 26 11</runs>
        </run-table>
    </sample>
    <sample shape="CUT_TIME" interline="22" pitch="-0.1" left="420" top="318" id="378">
        <run-table orientation="VERTICAL" width="39" height="62">
            <runs>0 27 13</runs>
            <runs>0 25 19</runs>
            <runs>0 22 23</runs>
            <runs>0 20 27</runs>
            <runs>0 19 28</runs>
            <runs>0 17 31</runs>
            <runs>0 17 32</runs>
            <runs>0 16 34</runs>
            <runs>0 15 41</runs>
            <runs>0 14 42</runs>
            <runs>0 9 47</runs>
            <runs>0 9 18 3 7 5 14</runs>
            <runs>0 9 13 25 9</runs>
            <runs>0 9 11 28 8</runs>
            <runs>0 8 10 32 6</runs>
            <runs>18 3 1 28 6</runs>
            <runs>38 8 10</runs>
            <runs>0 2 3 1 55</runs>
            <runs>0 15 24 4 19</runs>
            <runs></runs>
            <runs></runs>
            <runs></runs>
            <runs></runs>
            <runs></runs>
            <runs>0 23 4</runs>
            <runs>0 13 1 8 7</runs>
            <runs>0 13 1 7 13</runs>
            <runs>0 13 2 6 13</runs>
            <runs>0 13 2 5 14</runs>
            <runs>0 13 3 4 14 16 1</runs>
            <runs>0 14 3 3 14 15 7</runs>
            <runs>0 15 2 3 14 14 8</runs>
            <runs>0 15 19 14 8</runs>
            <runs>0 15 19 12 4</runs>
            <runs>0 16 17 12 4</runs>
            <runs>0 17 16 10 5</runs>
            <runs>0 19 14 8 6</runs>
            <runs>0 21 7 13 3</runs>
            <runs>0 24 1 16 2</runs>
        </run-table>
    </sample>
    <sample shape="CUT_TIME" interline="22" pitch="-0.2" left="423" top="523" id="389">
        <run-table orientation="VERTICAL" width="38" height="62">
            <runs>0 25 13</runs>
            <runs>0 22 20</runs>
            <runs>0 20 23</runs>
            <runs>0 19 26</runs>
            <runs>0 17 30</runs>
            <runs>0 15 33</runs>
            <runs>0 14 34</runs>
            <runs>0 13 42</runs>
            <runs>0 12 43</runs>
            <runs>0 12 42</runs>
            <runs>0 11 44</runs>
            <runs>0 7 17 20 11</runs>
            <runs>0 7 13 25 10</runs>
            <runs>0 7 11 29 7</runs>
            <runs>0 7 9</runs>
            <runs>0 7 8</runs>
            <runs>0 1 17</runs>
            <runs>58</runs>
            <runs>62</runs>
            <runs>0 5 18 2 19 5 9</runs>
            <runs></runs>
            <runs></runs>
            <runs></runs>
            <runs>0 21 2</runs>
            <runs>0 20 6</runs>
            <runs>0 19 8</runs>
            <runs>0 18 14</runs>
            <runs>0 7 7 4 13</runs>
            <runs>0 7 8 3 13</runs>
            <runs>0 11 4 2 14 17 1</runs>
            <runs>0 11 5 1 14 16 7</runs>
            <runs>0 12 19 15 8</runs>
            <runs>0 13 18 14 4</runs>
            <runs>0 13 18 13 4</runs>
            <runs>0 15 16 11 4</runs>
            <runs>0 16 15 9 5</runs>
            <runs>0 17 14 8 5</runs>
            <runs>0 21 5 13 3</runs>
        </run-table>
    </sample>
</samples>
