<?xml version="1.0" encoding="UTF-8" standalone="yes"?>
<samples sheet-name="IMSLP00120#18">
    <sample shape="SHARP" interline="18" pitch="-1.9" left="360" top="746" id="310">
        <run-table orientation="VERTICAL" width="20" height="59">
            <runs>0 20 6 13 10</runs>
            <runs>0 18 13 6 12</runs>
            <runs>0 4 9 4 14 6 12</runs>
            <runs>0 4 27 5 14 7 1</runs>
            <runs>0 4 55</runs>
            <runs>0 4 55</runs>
            <runs>0 16 43</runs>
            <runs>0 16 9 10 15</runs>
            <runs>0 16 9 10 9</runs>
            <runs>0 16 8 11 9</runs>
            <runs>0 15 9 11 8</runs>
            <runs>0 15 9 10 9</runs>
            <runs>0 14 9 10 10</runs>
            <runs>24 3 16</runs>
            <runs>0 1 53</runs>
            <runs>0 7 47</runs>
            <runs>0 9 16 1 24</runs>
            <runs>0 9 13 10 9</runs>
            <runs>0 14 8 10 8</runs>
            <runs>0 19 2 12 6</runs>
        </run-table>
    </sample>
    <sample shape="SHARP" interline="18" pitch="1.1" left="378" top="2770" id="480">
        <run-table orientation="VERTICAL" width="21" height="58">
            <runs>0 36 9</runs>
            <runs>0 36 9</runs>
            <runs>0 36 9</runs>
            <runs>0 18 8 10 10</runs>
            <runs>0 5 4 4 45</runs>
            <runs>0 4 54</runs>
            <runs>0 4 54</runs>
            <runs>0 15 11 9 12</runs>
            <runs>0 15 10 10 9</runs>
            <runs>0 16 8 11 9</runs>
            <runs>0 16 7 12 8</runs>
            <runs>0 15 8 11 9</runs>
            <runs>0 15 8 11 9</runs>
            <runs>0 14 9 10 10</runs>
            <runs>54</runs>
            <runs>58</runs>
            <runs>53</runs>
            <runs>23 9 10 3 7</runs>
            <runs>0 12 10 10 9</runs>
            <runs>0 13 9 10 8</runs>
            <runs>0 13 8 12 3</runs>
        </run-table>
    </sample>
    <sample shape="TIME_EIGHT" interline="18" pitch="2.0" left="419" top="1950" id="427">
        <run-table orientation="VERTICAL" width="32" height="33">
            <runs>0 25 5</runs>
            <runs>0 23 10</runs>
            <runs>0 7 11 4 11</runs>
            <runs>0 5 13 3 12</runs>
            <runs>0 4 15 1 13</runs>
            <runs>0 3 30</runs>
            <runs>0 2 31</runs>
            <runs>24</runs>
            <runs>23</runs>
            <runs>22</runs>
            <runs>6 3 13</runs>
            <runs>0 3 1 6 12</runs>
            <runs>0 11 11</runs>
            <runs>0 11 11</runs>
            <runs>0 12 10</runs>
            <runs>0 12 10</runs>
            <runs>1 11 11</runs>
            <runs>1 12 10</runs>
            <runs>1 12 10</runs>
            <runs>1 12 10</runs>
            <runs>1 12 11</runs>
            <runs>1 1 2 9 11</runs>
            <runs>4 9 12</runs>
            <runs>5 7 14</runs>
            <runs>7 3 23</runs>
            <runs>33</runs>
            <runs>0 1 32</runs>
            <runs>0 2 31</runs>
            <runs>0 3 10 2 18</runs>
            <runs>0 4 8 3 18</runs>
            <runs>0 6 3 6 16</runs>
            <runs>0 21 7</runs>
        </run-table>
    </sample>
</samples>
