<?xml version="1.0" encoding="UTF-8" standalone="yes"?>
<samples sheet-name="IMSLP00002#21">
    <sample shape="G_CLEF" interline="22" pitch="1.0" left="167" top="2037" id="665">
        <run-table orientation="VERTICAL" width="56" height="154">
            <runs>0 86 13</runs>
            <runs>0 82 19</runs>
            <runs>0 79 25</runs>
            <runs>0 76 30</runs>
            <runs>0 74 34</runs>
            <runs>0 68 42</runs>
            <runs>0 68 47</runs>
            <runs>0 68 47 24 4</runs>
            <runs>0 68 21 11 15 22 9</runs>
            <runs>0 66 21 18 10 20 13</runs>
            <runs>0 64 21 22 8 19 15</runs>
            <runs>0 64 19 26 1 23 18</runs>
            <runs>0 63 18 52 18</runs>
            <runs>0 62 17 54 18</runs>
            <runs>0 61 17 38 1 16 19</runs>
            <runs>0 58 18 40 2 15 20</runs>
            <runs>0 58 17 15 9 17 2 14 21</runs>
            <runs>0 58 16 14 15 13 2 14 21</runs>
            <runs>0 57 16 13 20 10 2 14 21</runs>
            <runs>0 56 16 12 23 5 7 13 21</runs>
            <runs>0 52 2 1 17 11 14 5 6 4 7 13 22</runs>
            <runs>0 46 26 10 12 11 4 7 3 13 17 1 4</runs>
            <runs>0 46 26 9 13 12 4 6 3 14 15 2 4</runs>
            <runs>0 46 26 8 14 14 2 6 4 14 13 3 4</runs>
            <runs>0 31 9 6 26 7 10 28 3 14 12 4 4</runs>
            <runs>0 23 44 12 9 29 3 16 7 7 4</runs>
            <runs>0 22 44 12 10 29 3 30 4</runs>
            <runs>0 19 53 6 10 29 3 30 3</runs>
            <runs>0 17 58 1 12 29 3 29 4</runs>
            <runs>0 15 22 5 46 29 3 29 4</runs>
            <runs>0 12 20 13 53 19 3 28 5</runs>
            <runs>0 11 18 16 18 5 35 13 4 28 4</runs>
            <runs>0 10 17 18 17 13 45 26 5</runs>
            <runs>0 8 19 17 17 15 11 1 35 22 6</runs>
            <runs>0 7 20 17 16 16 10 12 40 4 8</runs>
            <runs>0 6 15 22 16 17 10 20 1 2 40</runs>
            <runs>0 5 14 23 16 18 10 26 36</runs>
            <runs>0 4 14 23 16 19 10 30 5 1 1 2 21</runs>
            <runs>0 3 13 24 16 20 10 30 3 11 13</runs>
            <runs>0 2 13 24 16 21 10 30 2</runs>
            <runs>14 23 16 23 11 29 2</runs>
            <runs>13 22 17 24 11 29 2</runs>
            <runs>12 22 17 26 10 29 2</runs>
            <runs>0 1 11 19 19 27 11 28 1</runs>
            <runs>0 2 10 17 21 28 11</runs>
            <runs>0 4 10 9 26 29 15</runs>
            <runs>0 6 36 37 14</runs>
            <runs>0 9 31 39 14 15 7</runs>
            <runs>0 13 23 44 14 13 8</runs>
            <runs>0 16 15 50 16 7 11</runs>
            <runs>0 17 1 64 33</runs>
            <runs>0 83 32</runs>
            <runs>0 85 24</runs>
            <runs>0 86 22</runs>
            <runs>0 88 18</runs>
            <runs>0 90 13</runs>
        </run-table>
    </sample>
    <sample shape="F_CLEF" interline="22" pitch="-1.5" left="163" top="2734" id="559">
        <run-table orientation="VERTICAL" width="61" height="70">
            <runs>0 65 1</runs>
            <runs>0 65 1</runs>
            <runs>0 65 1</runs>
            <runs>0 14 8 43 1</runs>
            <runs>0 11 15 38 2</runs>
            <runs>0 9 17 38 2</runs>
            <runs>0 8 6 1 12 37 2</runs>
            <runs>0 7 5 8 8 35 7</runs>
            <runs>0 6 4 9 10 34 3</runs>
            <runs>0 5 4 10 10 33 4</runs>
            <runs>0 1 7 10 12 32 4</runs>
            <runs>7 11 12 32 3</runs>
            <runs>0 4 2 11 13 31 4</runs>
            <runs>0 4 1 12 13 31 3</runs>
            <runs>0 4 1 11 14 30 4</runs>
            <runs>0 17 13 30 4</runs>
            <runs>0 17 13 29 4</runs>
            <runs>0 17 12 29 5</runs>
            <runs>0 18 11 29 5</runs>
            <runs>0 18 10 29 5</runs>
            <runs>0 19 8 29 6</runs>
            <runs>0 56 5</runs>
            <runs>0 55 5</runs>
            <runs>0 54 6</runs>
            <runs>0 53 6</runs>
            <runs>0 52 6</runs>
            <runs>0 51 7</runs>
            <runs>0 4 1 45 8</runs>
            <runs>0 4 1 40 12</runs>
            <runs>0 4 2 39 11</runs>
            <runs>0 4 2 39 10</runs>
            <runs>0 4 3 37 10</runs>
            <runs>0 1 7 35 11</runs>
            <runs>0 1 8 31 13</runs>
            <runs>0 1 10 27 14</runs>
            <runs>0 1 13 21 16</runs>
            <runs>0 1 16 15 18</runs>
            <runs>0 5 21 2 22</runs>
            <runs>0 5 44</runs>
            <runs>0 6 42</runs>
            <runs>0 6 42</runs>
            <runs>0 8 40</runs>
            <runs>0 8 36</runs>
            <runs>0 10 32</runs>
            <runs>0 11 29</runs>
            <runs>0 12 27</runs>
            <runs>0 14 23</runs>
            <runs>0 18 16</runs>
            <runs>0 20 11</runs>
            <runs></runs>
            <runs></runs>
            <runs>0 12 3</runs>
            <runs>0 10 7 15 3</runs>
            <runs>0 10 7 13 6</runs>
            <runs>0 9 8 13 7</runs>
            <runs>0 9 8 12 9</runs>
            <runs>0 9 8 12 9</runs>
            <runs>0 10 7 12 9</runs>
            <runs>0 10 7 13 7</runs>
            <runs>0 11 5 14 7</runs>
            <runs>0 31 5</runs>
        </run-table>
    </sample>
    <sample shape="SHARP" interline="22" pitch="-3.9" left="236" top="669" id="376">
        <run-table orientation="VERTICAL" width="23" height="64">
            <runs>0 22 10 11 8</runs>
            <runs>0 21 11 10 12</runs>
            <runs>0 21 11 10 9</runs>
            <runs>0 20 12 9 13 8 2</runs>
            <runs>0 7 27 5 16 2 7</runs>
            <runs>0 6 58</runs>
            <runs>0 6 2 1 25 5 10</runs>
            <runs>0 18 9 13 8</runs>
            <runs>0 18 8 14 8</runs>
            <runs>0 18 8 13 8</runs>
            <runs>0 17 8 14 8</runs>
            <runs>0 17 8 13 9</runs>
            <runs>0 16 9 13 8</runs>
            <runs>0 16 8 14 8</runs>
            <runs>0 16 8 12 10 10 1</runs>
            <runs>0 4 2 8 10 2 7 2 23</runs>
            <runs>59</runs>
            <runs>58</runs>
            <runs>0 1 9 3 11 11 8</runs>
            <runs>0 13 9 13 8</runs>
            <runs>0 13 8 14 8</runs>
            <runs>0 13 9 12 8</runs>
            <runs>0 13 7 15 3</runs>
        </run-table>
    </sample>
    <sample shape="SHARP" interline="22" pitch="0.9" left="265" top="1341" id="428">
        <run-table orientation="VERTICAL" width="24" height="68">
            <runs>0 25 3</runs>
            <runs>0 22 8 14 8</runs>
            <runs>0 22 8 14 8</runs>
            <runs>0 22 8 14 7</runs>
            <runs>0 21 9 13 8</runs>
            <runs>0 8 23 11 10 2 3 5 3</runs>
            <runs>0 8 60</runs>
            <runs>0 8 1 7 1 1 11 1 1 8 29</runs>
            <runs>0 20 8 13 9</runs>
            <runs>0 19 8 14 8</runs>
            <runs>0 19 8 14 8</runs>
            <runs>0 19 7 14 8</runs>
            <runs>0 18 8 14 8</runs>
            <runs>0 18 8 13 8</runs>
            <runs>0 17 8 14 8</runs>
            <runs>0 16 9 13 9</runs>
            <runs>0 3 3 8 11 12 10</runs>
            <runs>59</runs>
            <runs>59</runs>
            <runs>0 14 11 1 2 7 12</runs>
            <runs>0 14 10 12 10</runs>
            <runs>0 14 10 12 10</runs>
            <runs>0 14 10 11 11</runs>
            <runs>0 14 1 2 7 15 7</runs>
        </run-table>
    </sample>
    <sample shape="SHARP" interline="22" pitch="-5.1" left="279" top="2507" id="576">
        <run-table orientation="VERTICAL" width="24" height="67">
            <runs>0 21 8 13 7</runs>
            <runs>0 21 8 13 8</runs>
            <runs>0 21 8 13 8</runs>
            <runs>0 20 9 12 9</runs>
            <runs>0 9 3 5 12 12 9</runs>
            <runs>0 6 53 1 7</runs>
            <runs>0 6 61</runs>
            <runs>0 9 3 5 12 5 33</runs>
            <runs>0 18 9 13 8</runs>
            <runs>0 17 9 13 9</runs>
            <runs>0 17 9 12 9</runs>
            <runs>0 16 9 13 9</runs>
            <runs>0 16 9 13 9</runs>
            <runs>0 15 9 13 9</runs>
            <runs>0 15 9 13 8</runs>
            <runs>0 14 10 12 9</runs>
            <runs>33 2 10</runs>
            <runs>58</runs>
            <runs>57</runs>
            <runs>0 12 10 12 11</runs>
            <runs>0 12 9 13 11</runs>
            <runs>0 12 9 12 11</runs>
            <runs>0 11 10 12 11</runs>
            <runs>0 15 3 1 1 15 3 1 1</runs>
        </run-table>
    </sample>
    <sample shape="SHARP" interline="22" pitch="-1.8" left="236" top="1773" id="628">
        <run-table orientation="VERTICAL" width="23" height="64">
            <runs>0 22 10 11 8</runs>
            <runs>0 21 11 10 12</runs>
            <runs>0 21 11 9 14</runs>
            <runs>0 20 12 9 23</runs>
            <runs>0 7 57</runs>
            <runs>0 7 56</runs>
            <runs>0 14 14 11 10</runs>
            <runs>0 19 8 13 8</runs>
            <runs>0 18 9 13 8</runs>
            <runs>0 18 8 13 8</runs>
            <runs>0 18 8 13 8</runs>
            <runs>0 17 8 14 7</runs>
            <runs>0 17 8 13 8</runs>
            <runs>0 16 8 14 8</runs>
            <runs>0 16 8 13 9 11 1</runs>
            <runs>0 10 2 3 44</runs>
            <runs>58</runs>
            <runs>46 10 1</runs>
            <runs>0 1 4 1 17 12 9</runs>
            <runs>0 13 9 13 9</runs>
            <runs>0 13 9 12 9</runs>
            <runs>0 13 9 13 8</runs>
            <runs>0 13 8 17 3</runs>
        </run-table>
    </sample>
</samples>
