<?xml version="1.0" encoding="UTF-8" standalone="yes"?>
<samples sheet-name="IMSLP00002#21">
    <sample shape="G_CLEF" interline="22" pitch="0.7" left="173" top="211" id="303">
        <run-table orientation="VERTICAL" width="57" height="156">
            <runs>0 90 7</runs>
            <runs>0 84 16</runs>
            <runs>0 82 23</runs>
            <runs>0 78 28</runs>
            <runs>0 76 31</runs>
            <runs>0 71 38</runs>
            <runs>0 71 39</runs>
            <runs>0 71 41</runs>
            <runs>0 69 22 12 9 28 5</runs>
            <runs>0 68 18 20 8 25 9</runs>
            <runs>0 67 19 22 10 19 13</runs>
            <runs>0 66 16 28 8 18 15</runs>
            <runs>0 65 15 31 7 17 17</runs>
            <runs>0 64 15 10 2 21 2 20 18</runs>
            <runs>0 62 16 12 2 21 1 20 19</runs>
            <runs>0 61 15 14 2 42 20</runs>
            <runs>0 60 16 12 1 1 11 33 20</runs>
            <runs>0 59 16 13 16 30 21</runs>
            <runs>0 58 16 14 17 29 21</runs>
            <runs>0 57 17 12 22 11 1 14 21</runs>
            <runs>0 56 18 10 25 10 1 14 16 1 4</runs>
            <runs>0 55 20 7 14 10 4 9 1 14 16 2 3</runs>
            <runs>0 53 17 12 14 12 3 8 2 14 14 3 3</runs>
            <runs>0 34 1 14 20 12 10 19 2 7 2 14 13 4 4</runs>
            <runs>0 26 19 3 20 13 9 21 1 7 2 15 12 4 3</runs>
            <runs>0 22 46 12 10 29 2 17 8 6 3</runs>
            <runs>0 20 47 12 11 29 2 18 2 1 2 8 3</runs>
            <runs>0 16 23 1 1 1 25 12 8 1 2 29 2 31 3</runs>
            <runs>0 14 19 1 1 12 1 1 26 3 9 2 1 29 2 30 4</runs>
            <runs>0 12 18 19 38 2 1 29 3 29 4</runs>
            <runs>0 11 19 18 15 6 22 28 2 30 3</runs>
            <runs>0 10 16 21 16 8 29 19 2 29 4</runs>
            <runs>0 8 17 21 16 15 29 13 2 28 5</runs>
            <runs>0 7 16 22 15 17 10 6 18 1 9 1 1 25 5</runs>
            <runs>0 6 15 23 15 18 9 14 27 19 6</runs>
            <runs>0 5 14 25 15 18 9 21 32 5 7</runs>
            <runs>0 4 14 24 16 19 9 28 36</runs>
            <runs>0 2 14 25 16 20 9 29 7 5 22</runs>
            <runs>0 1 14 25 15 22 9 47 13</runs>
            <runs>14 25 15 23 9 51 1 2 2</runs>
            <runs>13 24 16 24 9</runs>
            <runs>0 1 11 23 17 25 10</runs>
            <runs>0 2 9 23 18 26 9</runs>
            <runs>0 5 8 15 20 30 9</runs>
            <runs>0 6 9 2 1 9 18 33 10</runs>
            <runs>0 9 33 37 10</runs>
            <runs>0 11 28 41 10 22 2</runs>
            <runs>0 15 21 44 11 20 7</runs>
            <runs>0 21 2 1 7 50 11 18 8</runs>
            <runs>0 82 14 12 6</runs>
            <runs>0 83 13 8 9</runs>
            <runs>0 84 28</runs>
            <runs>0 85 26</runs>
            <runs>0 86 23</runs>
            <runs>0 89 18</runs>
            <runs>0 93 13</runs>
            <runs>0 93 7</runs>
        </run-table>
    </sample>
    <sample shape="G_CLEF" interline="22" pitch="0.8" left="171" top="670" id="351">
        <run-table orientation="VERTICAL" width="56" height="156">
            <runs>0 88 11</runs>
            <runs>0 84 19</runs>
            <runs>0 80 25</runs>
            <runs>0 73 35</runs>
            <runs>0 73 36</runs>
            <runs>0 73 37</runs>
            <runs>0 72 40</runs>
            <runs>0 70 42</runs>
            <runs>0 69 22 1 21</runs>
            <runs>0 67 22 14 12</runs>
            <runs>0 66 20 20 10 23 8</runs>
            <runs>0 65 19 25 7 22 12</runs>
            <runs>0 64 19 27 10 16 15</runs>
            <runs>0 62 19 32 7 15 17</runs>
            <runs>0 61 19 33 7 15 18</runs>
            <runs>0 60 18 36 2 19 18</runs>
            <runs>0 59 17 15 10 14 1 18 20</runs>
            <runs>0 59 17 13 14 12 1 18 20</runs>
            <runs>0 57 19 11 19 27 22</runs>
            <runs>0 56 20 10 22 25 22</runs>
            <runs>0 56 16 12 26 23 23</runs>
            <runs>0 55 16 12 18 3 7 22 23</runs>
            <runs>0 28 12 11 19 12 17 8 4 22 23</runs>
            <runs>0 25 22 4 18 12 12 16 3 22 16 1 5</runs>
            <runs>0 21 47 12 11 20 2 21 16 2 4</runs>
            <runs>0 18 49 12 11 22 1 22 14 3 4</runs>
            <runs>0 16 52 11 11 46 12 4 4</runs>
            <runs>0 13 20 16 40 48 9 6 4</runs>
            <runs>0 12 20 17 40 51 1 1 1 9 4</runs>
            <runs>0 11 16 21 41 63 4</runs>
            <runs>0 9 16 22 17 8 19 60 4</runs>
            <runs>0 8 15 23 17 10 29 48 5</runs>
            <runs>0 6 15 24 16 12 36 40 6</runs>
            <runs>0 5 14 24 17 13 14 4 30 28 6</runs>
            <runs>0 4 14 25 16 14 14 8 29 24 5</runs>
            <runs>0 3 12 27 16 16 13 20 19 1 4 15 7</runs>
            <runs>0 1 13 26 17 17 13 24 30 1 11</runs>
            <runs>14 25 17 18 13 29 35</runs>
            <runs>0 1 12 24 17 19 14 36 27</runs>
            <runs>0 1 11 24 18 19 14 44 18</runs>
            <runs>0 2 9 22 21 19 14 48 11</runs>
            <runs>0 4 8 16 20 29 10</runs>
            <runs>0 7 7 8 1 4 20 30 11 27 1</runs>
            <runs>0 8 38 32 10 26 2</runs>
            <runs>0 12 30 37 10 25 2</runs>
            <runs>0 14 23 42 11 22 8</runs>
            <runs>0 17 16 47 11 20 9</runs>
            <runs>0 80 12 18 6</runs>
            <runs>0 82 16 10 7</runs>
            <runs>0 82 16 7 9</runs>
            <runs>0 83 16 2 12</runs>
            <runs>0 85 27</runs>
            <runs>0 85 26</runs>
            <runs>0 86 23</runs>
            <runs>0 89 19</runs>
            <runs>0 93 12</runs>
        </run-table>
    </sample>
    <sample shape="G_CLEF" interline="22" pitch="0.7" left="172" top="1115" id="393">
        <run-table orientation="VERTICAL" width="56" height="155">
            <runs>0 90 8</runs>
            <runs>0 84 17</runs>
            <runs>0 81 23</runs>
            <runs>0 78 28</runs>
            <runs>0 73 35</runs>
            <runs>0 73 37</runs>
            <runs>0 72 39</runs>
            <runs>0 70 42 29 2</runs>
            <runs>0 69 20 16 8 26 8</runs>
            <runs>0 68 18 21 7 24 11</runs>
            <runs>0 67 17 25 6 21 14</runs>
            <runs>0 65 17 28 5 20 16</runs>
            <runs>0 64 17 30 8 16 17</runs>
            <runs>0 63 17 33 3 18 19</runs>
            <runs>0 62 15 36 3 18 19</runs>
            <runs>0 61 15 38 2 18 20</runs>
            <runs>0 60 15 39 2 17 21</runs>
            <runs>0 59 16 14 14 12 1 17 21</runs>
            <runs>0 59 16 12 18 28 22</runs>
            <runs>0 57 18 10 22 26 22</runs>
            <runs>0 56 15 13 14 4 7 24 17 1 4</runs>
            <runs>0 56 15 12 10 14 3 24 16 1 4</runs>
            <runs>0 55 14 13 10 16 3 23 15 3 3</runs>
            <runs>0 51 17 13 10 43 15 3 3</runs>
            <runs>0 28 14 9 17 12 10 46 12 4 3</runs>
            <runs>0 24 25 1 17 13 9 48 9 6 3</runs>
            <runs>0 22 44 13 9 51 5 8 3</runs>
            <runs>0 18 50 10 10 64 3</runs>
            <runs>0 16 19 15 26 2 10 64 3</runs>
            <runs>0 14 18 17 38 64 4</runs>
            <runs>0 13 19 16 16 5 29 52 4</runs>
            <runs>0 11 16 21 14 11 28 48 5</runs>
            <runs>0 10 14 23 14 12 34 7 1 34 4</runs>
            <runs>0 8 14 24 14 17 10 5 29 27 5</runs>
            <runs>0 7 13 25 14 18 9 9 35 14 8</runs>
            <runs>0 6 13 25 15 18 9 25 40</runs>
            <runs>0 4 14 24 16 19 10 29 34</runs>
            <runs>0 3 14 24 15 21 9 30 32</runs>
            <runs>0 2 14 24 15 22 9 45 16</runs>
            <runs>15 23 16 23 10 51 5</runs>
            <runs>14 23 17 23 10</runs>
            <runs>13 21 19 24 10</runs>
            <runs>0 1 11 21 16 29 9 27 1</runs>
            <runs>0 3 8 17 19 31 10 26 1</runs>
            <runs>0 6 8 13 18 34 9 25 2</runs>
            <runs>0 7 10 5 22 35 10 23 7</runs>
            <runs>0 10 31 39 11 20 7</runs>
            <runs>0 13 25 43 11 16 10</runs>
            <runs>0 16 1 1 16 47 12 14 8</runs>
            <runs>0 82 15 8 9</runs>
            <runs>0 83 30</runs>
            <runs>0 84 28</runs>
            <runs>0 86 24</runs>
            <runs>0 88 21</runs>
            <runs>0 89 17</runs>
            <runs>0 94 8</runs>
        </run-table>
    </sample>
    <sample shape="G_CLEF" interline="22" pitch="0.7" left="168" top="1565" id="456">
        <run-table orientation="VERTICAL" width="57" height="155">
            <runs>0 89 10</runs>
            <runs>0 85 15 2 2</runs>
            <runs>0 81 25</runs>
            <runs>0 78 29</runs>
            <runs>0 73 36</runs>
            <runs>0 73 37</runs>
            <runs>0 72 40</runs>
            <runs>0 71 42</runs>
            <runs>0 69 24 1 8 1 11</runs>
            <runs>0 68 21 17 9 26 5</runs>
            <runs>0 67 19 23 10 19 10</runs>
            <runs>0 65 19 26 9 18 13</runs>
            <runs>0 64 17 30 8 16 15</runs>
            <runs>0 63 17 33 2 19 18</runs>
            <runs>0 62 17 35 1 19 18</runs>
            <runs>0 61 16 37 1 19 19</runs>
            <runs>0 60 16 58 20</runs>
            <runs>0 58 17 15 11 1 2 30 20</runs>
            <runs>0 58 17 12 19 28 20</runs>
            <runs>0 57 19 9 24 24 21</runs>
            <runs>0 56 16 12 18 2 5 25 21</runs>
            <runs>0 55 16 12 15 8 4 24 21</runs>
            <runs>0 28 16 7 19 12 16 10 3 23 16 2 3</runs>
            <runs>0 22 26 3 18 12 10 19 2 22 16 2 3</runs>
            <runs>0 19 49 12 10 21 1 22 15 3 3</runs>
            <runs>0 16 51 13 9 47 12 5 2</runs>
            <runs>0 15 20 14 18 12 10 48 10 6 2</runs>
            <runs>0 13 19 17 22 7 10 51 5 9 2</runs>
            <runs>0 12 20 17 27 1 11 64 3</runs>
            <runs>0 10 16 22 16 1 22 65 3</runs>
            <runs>0 9 15 24 15 7 18 63 3</runs>
            <runs>0 7 15 24 16 11 24 54 3</runs>
            <runs>0 5 15 25 16 16 32 42 3</runs>
            <runs>0 4 15 25 16 17 9 7 28 29 4</runs>
            <runs>0 3 14 25 17 18 9 9 7 2 18 27 4</runs>
            <runs>0 2 14 26 16 19 9 24 18 1 1 17 5</runs>
            <runs>14 26 17 20 9 29 20 11 6</runs>
            <runs>13 26 16 22 9 31 33</runs>
            <runs>12 25 17 23 9 39 24</runs>
            <runs>0 1 11 23 19 23 9 45 16</runs>
            <runs>0 3 9 17 25 23 10 48 10</runs>
            <runs>0 5 11 12 20 29 10</runs>
            <runs>0 7 10 10 19 32 9 27 1</runs>
            <runs>0 10 33 35 10 26 1</runs>
            <runs>0 13 28 37 10 25 2</runs>
            <runs>0 17 21 41 9 23 7</runs>
            <runs>0 22 11 46 10 21 8</runs>
            <runs>0 80 11 18 6</runs>
            <runs>0 81 11 15 7</runs>
            <runs>0 81 16 7 9</runs>
            <runs>0 82 16 4 10</runs>
            <runs>0 83 28</runs>
            <runs>0 85 25</runs>
            <runs>0 86 22</runs>
            <runs>0 88 18</runs>
            <runs>0 90 12</runs>
            <runs>0 93 8</runs>
        </run-table>
    </sample>
    <sample shape="G_CLEF" interline="22" pitch="1.0" left="167" top="2037" id="499">
        <run-table orientation="VERTICAL" width="56" height="154">
            <runs>0 86 13</runs>
            <runs>0 82 19</runs>
            <runs>0 79 25</runs>
            <runs>0 76 30</runs>
            <runs>0 74 34</runs>
            <runs>0 68 42</runs>
            <runs>0 68 47</runs>
            <runs>0 68 47 24 4</runs>
            <runs>0 68 21 11 15 22 9</runs>
            <runs>0 66 21 18 10 20 13</runs>
            <runs>0 64 21 22 8 19 15</runs>
            <runs>0 64 19 26 2 22 18</runs>
            <runs>0 63 18 29 1 22 18</runs>
            <runs>0 62 17 54 18</runs>
            <runs>0 61 17 38 1 16 19</runs>
            <runs>0 58 18 40 2 15 20</runs>
            <runs>0 58 17 15 9 17 2 14 21</runs>
            <runs>0 58 16 14 15 13 2 14 21</runs>
            <runs>0 57 16 13 20 10 2 14 21</runs>
            <runs>0 56 16 12 23 5 7 13 21</runs>
            <runs>0 52 2 1 17 11 14 5 6 4 7 13 22</runs>
            <runs>0 46 26 10 12 11 4 7 3 13 17 1 4</runs>
            <runs>0 46 26 9 13 12 4 6 3 14 15 2 4</runs>
            <runs>0 46 26 8 14 14 3 5 4 14 13 3 4</runs>
            <runs>0 31 9 6 26 7 10 28 3 14 12 4 4</runs>
            <runs>0 23 44 12 9 29 3 16 7 7 4</runs>
            <runs>0 22 44 12 10 29 3 30 4</runs>
            <runs>0 19 53 6 10 29 3 30 3</runs>
            <runs>0 17 58 1 12 29 3 29 4</runs>
            <runs>0 15 22 5 46 29 3 29 4</runs>
            <runs>0 12 20 13 53 19 3 28 5</runs>
            <runs>0 11 18 16 18 5 35 13 4 28 4</runs>
            <runs>0 10 17 18 17 13 45 26 5</runs>
            <runs>0 8 19 17 17 15 11 1 35 22 6</runs>
            <runs>0 7 20 17 16 16 10 12 40 4 8</runs>
            <runs>0 6 15 22 16 17 10 20 1 2 40</runs>
            <runs>0 5 14 23 16 18 10 26 36</runs>
            <runs>0 4 14 23 16 19 10 30 5 1 1 2 21</runs>
            <runs>0 3 13 24 16 20 10 30 3 11 13</runs>
            <runs>0 2 13 24 16 21 10 30 2</runs>
            <runs>14 23 16 23 11 29 2</runs>
            <runs>13 22 17 24 11 29 2</runs>
            <runs>12 22 17 26 10 29 2</runs>
            <runs>0 1 11 19 19 27 11 28 1</runs>
            <runs>0 2 10 17 21 28 11</runs>
            <runs>0 4 10 9 26 29 15</runs>
            <runs>0 6 36 37 14</runs>
            <runs>0 9 31 39 14 15 7</runs>
            <runs>0 13 23 44 14 13 8</runs>
            <runs>0 16 15 50 16 7 11</runs>
            <runs>0 17 1 64 33</runs>
            <runs>0 83 32</runs>
            <runs>0 85 24</runs>
            <runs>0 86 22</runs>
            <runs>0 88 18</runs>
            <runs>0 90 13</runs>
        </run-table>
    </sample>
    <sample shape="G_CLEF" interline="22" pitch="0.8" left="164" top="2523" id="545">
        <run-table orientation="VERTICAL" width="56" height="155">
            <runs>0 86 15</runs>
            <runs>0 82 21</runs>
            <runs>0 79 27</runs>
            <runs>0 76 32</runs>
            <runs>0 72 37</runs>
            <runs>0 72 39</runs>
            <runs>0 72 39</runs>
            <runs>0 70 43</runs>
            <runs>0 68 22 11 12</runs>
            <runs>0 67 21 17 12 23 5</runs>
            <runs>0 66 19 22 10 21 11</runs>
            <runs>0 65 18 26 9 18 14</runs>
            <runs>0 64 17 30 7 17 16</runs>
            <runs>0 63 16 55 18</runs>
            <runs>0 61 17 56 18</runs>
            <runs>0 60 17 57 19</runs>
            <runs>0 59 17 15 9 18 1 14 20</runs>
            <runs>0 58 17 14 15 14 1 14 21</runs>
            <runs>0 57 17 13 19 12 2 13 21</runs>
            <runs>0 57 17 11 23 10 2 13 21</runs>
            <runs>0 56 18 10 13 3 9 9 2 13 21</runs>
            <runs>0 55 15 13 13 10 4 8 2 13 17 1 4</runs>
            <runs>0 34 3 17 16 12 10 15 4 7 3 13 16 2 3</runs>
            <runs>0 24 22 2 21 12 10 18 3 6 3 13 15 3 3</runs>
            <runs>0 21 47 12 10 21 1 6 3 14 14 3 3</runs>
            <runs>0 19 48 12 10 29 3 14 13 4 3</runs>
            <runs>0 15 24 6 23 11 10 29 3 16 10 5 3</runs>
            <runs>0 14 20 15 25 4 10 30 3 17 7 7 3</runs>
            <runs>0 12 19 18 39 30 3 31 3</runs>
            <runs>0 11 20 17 16 3 21 30 3 30 4</runs>
            <runs>0 9 21 17 16 8 25 22 3 30 3</runs>
            <runs>0 7 15 24 16 14 28 14 3 29 4</runs>
            <runs>0 6 15 24 16 16 10 1 22 8 2 30 4</runs>
            <runs>0 5 15 24 16 17 9 7 28 28 4</runs>
            <runs>0 4 15 24 16 18 10 13 23 25 4</runs>
            <runs>0 3 14 25 16 19 9 21 24 15 6</runs>
            <runs>0 2 13 26 16 20 9 27 37</runs>
            <runs>14 26 16 20 11 28 34</runs>
            <runs>13 26 16 22 10 31 2 6 21</runs>
            <runs>13 23 17 24 10 31 2 14 11</runs>
            <runs>0 1 11 22 19 24 10 31 1</runs>
            <runs>0 3 10 18 21 26 9 31 1</runs>
            <runs>0 4 12 10 21 31 10</runs>
            <runs>0 7 38 33 10</runs>
            <runs>0 9 33 37 10</runs>
            <runs>0 12 27 40 11 22 1</runs>
            <runs>0 17 18 45 11 20 2</runs>
            <runs>0 81 10 19 7</runs>
            <runs>0 82 13 13 9</runs>
            <runs>0 82 14 10 7</runs>
            <runs>0 83 15 2 12</runs>
            <runs>0 84 27</runs>
            <runs>0 86 24</runs>
            <runs>0 87 21</runs>
            <runs>0 89 18</runs>
            <runs>0 93 9</runs>
        </run-table>
    </sample>
    <sample shape="G_CLEF" interline="22" pitch="0.6" left="165" top="2980" id="591">
        <run-table orientation="VERTICAL" width="56" height="156">
            <runs>0 87 11</runs>
            <runs>0 83 19</runs>
            <runs>0 80 24</runs>
            <runs>0 78 28</runs>
            <runs>0 73 35</runs>
            <runs>0 73 36</runs>
            <runs>0 72 39</runs>
            <runs>0 69 43</runs>
            <runs>0 68 22 13 11</runs>
            <runs>0 67 20 20 8</runs>
            <runs>0 65 19 25 7 24 8</runs>
            <runs>0 64 18 28 10 18 11</runs>
            <runs>0 63 18 31 8 16 15</runs>
            <runs>0 62 17 34 7 16 16</runs>
            <runs>0 61 17 57 18</runs>
            <runs>0 60 17 58 18</runs>
            <runs>0 59 17 58 20</runs>
            <runs>0 58 18 12 14 32 20</runs>
            <runs>0 57 19 11 19 28 21</runs>
            <runs>0 56 19 10 23 26 21</runs>
            <runs>0 55 16 12 17 3 6 25 21</runs>
            <runs>0 51 19 13 15 8 4 10 1 13 17 1 3</runs>
            <runs>0 28 8 15 18 13 10 16 3 9 1 13 17 2 3</runs>
            <runs>0 23 1 1 21 5 17 13 10 19 2 8 1 14 15 3 3</runs>
            <runs>0 21 47 12 10 30 1 15 13 4 3</runs>
            <runs>0 20 48 11 11 30 1 16 11 5 3</runs>
            <runs>0 18 21 1 1 3 24 10 11 31 1 17 9 6 3</runs>
            <runs>0 17 17 15 27 2 10 32 1 19 2 11 2</runs>
            <runs>0 14 18 16 40 32 2 31 2</runs>
            <runs>0 13 14 21 17 1 22 32 2 31 2</runs>
            <runs>0 11 14 22 16 9 21 27 1 31 3</runs>
            <runs>0 10 14 22 16 11 28 19 1 31 2</runs>
            <runs>0 8 14 23 16 12 34 13 1 30 3</runs>
            <runs>0 7 13 24 16 13 14 8 26 29 4</runs>
            <runs>0 6 14 23 16 15 13 17 18 28 3</runs>
            <runs>0 5 14 23 16 15 13 24 17 19 6</runs>
            <runs>0 4 13 24 15 17 13 29 21 9 6</runs>
            <runs>0 2 14 24 15 18 14 33 2 2 26</runs>
            <runs>0 1 13 25 15 19 13 44 19</runs>
            <runs>13 24 17 23 10 48 12</runs>
            <runs>12 23 18 24 10</runs>
            <runs>0 1 11 17 20 29 10</runs>
            <runs>0 4 8 16 18 32 10 27 1</runs>
            <runs>0 6 7 13 18 34 10 27 1</runs>
            <runs>0 9 9 2 21 38 10 25 2</runs>
            <runs>0 11 27 41 11 23 3</runs>
            <runs>0 15 19 46 11 21 4</runs>
            <runs>0 19 1 61 10 20 4</runs>
            <runs>0 82 11 16 6</runs>
            <runs>0 83 15 9 7</runs>
            <runs>0 84 14 7 8</runs>
            <runs>0 85 27</runs>
            <runs>0 87 23</runs>
            <runs>0 88 21</runs>
            <runs>0 89 16</runs>
            <runs>0 90 1</runs>
        </run-table>
    </sample>
    <sample shape="F_CLEF" interline="22" pitch="-1.5" left="168" top="431" id="316">
        <run-table orientation="VERTICAL" width="62" height="70">
            <runs>0 65 1</runs>
            <runs>0 65 1</runs>
            <runs>0 65 1</runs>
            <runs>0 16 1 47 2</runs>
            <runs>0 12 10 42 2</runs>
            <runs>0 10 15 39 2</runs>
            <runs>0 8 7 1 10 37 3</runs>
            <runs>0 7 5 8 7 36 3</runs>
            <runs>0 6 4 9 9 35 7</runs>
            <runs>0 5 3 10 10 35 7</runs>
            <runs>0 4 3 10 12 34 7</runs>
            <runs>0 3 3 11 12 33 3</runs>
            <runs>0 3 2 11 13 33 3</runs>
            <runs>0 3 1 12 13 32 3</runs>
            <runs>0 3 1 12 13 31 4</runs>
            <runs>0 16 14 30 3</runs>
            <runs>0 16 13 30 4</runs>
            <runs>0 16 13 30 4</runs>
            <runs>0 17 11 30 4</runs>
            <runs>0 18 10 29 5</runs>
            <runs>0 19 8 30 4</runs>
            <runs>0 20 2 34 4</runs>
            <runs>0 55 5</runs>
            <runs>0 55 5</runs>
            <runs>0 53 6</runs>
            <runs>0 53 6</runs>
            <runs>0 52 6</runs>
            <runs>0 3 1 47 6</runs>
            <runs>0 3 2 44 8</runs>
            <runs>0 3 2 39 12</runs>
            <runs>0 3 2 39 12</runs>
            <runs>0 3 3 38 11</runs>
            <runs>7 36 10</runs>
            <runs>8 34 11</runs>
            <runs>9 30 13</runs>
            <runs>12 26 13</runs>
            <runs>19 16 15</runs>
            <runs>20 8 1 1 19</runs>
            <runs>0 4 45</runs>
            <runs>0 4 45</runs>
            <runs>0 5 43</runs>
            <runs>0 6 41</runs>
            <runs>0 7 40</runs>
            <runs>0 8 34</runs>
            <runs>0 9 31</runs>
            <runs>0 11 28</runs>
            <runs>0 13 23</runs>
            <runs>0 15 19</runs>
            <runs>0 18 12</runs>
            <runs></runs>
            <runs></runs>
            <runs>0 11 1</runs>
            <runs>0 9 5</runs>
            <runs>0 8 7 15 4</runs>
            <runs>0 7 8 13 7</runs>
            <runs>0 7 8 12 9</runs>
            <runs>0 7 8 12 9</runs>
            <runs>0 8 7 13 8</runs>
            <runs>0 8 7 13 8</runs>
            <runs>0 10 4 14 7</runs>
            <runs>0 29 5</runs>
            <runs>0 31 2</runs>
        </run-table>
    </sample>
    <sample shape="F_CLEF" interline="22" pitch="-1.6" left="163" top="1781" id="469">
        <run-table orientation="VERTICAL" width="62" height="69">
            <runs>0 65 1</runs>
            <runs>0 64 2</runs>
            <runs>0 64 2</runs>
            <runs>0 64 2</runs>
            <runs>0 13 7 44 2</runs>
            <runs>0 10 15 38 3</runs>
            <runs>0 8 17 38 3</runs>
            <runs>0 6 7 6 6 38 3</runs>
            <runs>0 5 4 10 7 36 7</runs>
            <runs>0 4 4 10 9 35 3</runs>
            <runs>0 3 4 11 10 33 4</runs>
            <runs>0 3 3 11 11 33 3</runs>
            <runs>0 3 2 11 12 33 2</runs>
            <runs>0 3 1 12 12 32 3</runs>
            <runs>0 3 1 11 13 32 3</runs>
            <runs>0 15 13 31 4</runs>
            <runs>0 15 13 30 4</runs>
            <runs>0 15 13 30 4</runs>
            <runs>0 16 12 29 4</runs>
            <runs>0 16 11 30 4</runs>
            <runs>0 18 8 30 4</runs>
            <runs>0 19 3 34 4</runs>
            <runs>0 54 5</runs>
            <runs>0 54 5</runs>
            <runs>0 54 4</runs>
            <runs>0 53 5</runs>
            <runs>0 52 5</runs>
            <runs>0 51 6</runs>
            <runs>0 50 6</runs>
            <runs>0 48 7</runs>
            <runs>0 44 10</runs>
            <runs>0 4 1 39 9</runs>
            <runs>0 4 2 37 10</runs>
            <runs>7 35 10</runs>
            <runs>7 33 11</runs>
            <runs>9 30 11</runs>
            <runs>11 24 15</runs>
            <runs>14 18 17</runs>
            <runs>17 1 7 2 21</runs>
            <runs>0 4 43</runs>
            <runs>46</runs>
            <runs>0 6 41</runs>
            <runs>0 6 37</runs>
            <runs>0 7 35</runs>
            <runs>0 8 33</runs>
            <runs>0 9 29</runs>
            <runs>0 11 25</runs>
            <runs>0 13 21</runs>
            <runs>0 16 16</runs>
            <runs>0 20 9</runs>
            <runs></runs>
            <runs></runs>
            <runs>0 9 4</runs>
            <runs>0 8 6 15 3</runs>
            <runs>0 7 7 14 5</runs>
            <runs>0 7 7 13 7</runs>
            <runs>0 7 8 12 8</runs>
            <runs>0 7 7 13 8</runs>
            <runs>0 8 6 13 8</runs>
            <runs>0 8 6 13 8</runs>
            <runs>0 10 2 16 6</runs>
            <runs>0 28 5</runs>
        </run-table>
    </sample>
    <sample shape="F_CLEF" interline="22" pitch="-1.5" left="163" top="2734" id="559">
        <run-table orientation="VERTICAL" width="61" height="70">
            <runs>0 65 1</runs>
            <runs>0 65 1</runs>
            <runs>0 65 1</runs>
            <runs>0 14 8 43 1</runs>
            <runs>0 11 15 38 2</runs>
            <runs>0 9 17 38 2</runs>
            <runs>0 8 6 1 12 37 2</runs>
            <runs>0 7 5 8 8 35 7</runs>
            <runs>0 6 4 9 10 34 3</runs>
            <runs>0 5 4 10 10 33 4</runs>
            <runs>0 1 7 10 12 32 4</runs>
            <runs>7 11 12 32 3</runs>
            <runs>0 4 2 11 13 31 4</runs>
            <runs>0 4 1 12 13 31 3</runs>
            <runs>0 4 1 11 14 30 4</runs>
            <runs>0 17 13 30 4</runs>
            <runs>0 17 13 29 4</runs>
            <runs>0 17 12 29 5</runs>
            <runs>0 18 11 29 5</runs>
            <runs>0 18 10 29 5</runs>
            <runs>0 19 8 29 6</runs>
            <runs>0 56 5</runs>
            <runs>0 55 5</runs>
            <runs>0 54 6</runs>
            <runs>0 53 6</runs>
            <runs>0 52 6</runs>
            <runs>0 51 7</runs>
            <runs>0 4 1 45 8</runs>
            <runs>0 4 1 40 12</runs>
            <runs>0 4 2 39 11</runs>
            <runs>0 4 2 39 10</runs>
            <runs>0 4 3 37 10</runs>
            <runs>0 1 7 35 11</runs>
            <runs>0 1 8 31 13</runs>
            <runs>0 1 10 27 14</runs>
            <runs>0 1 13 21 16</runs>
            <runs>0 1 16 15 18</runs>
            <runs>0 5 21 2 22</runs>
            <runs>0 5 44</runs>
            <runs>0 6 42</runs>
            <runs>0 6 42</runs>
            <runs>0 8 40</runs>
            <runs>0 8 36</runs>
            <runs>0 10 32</runs>
            <runs>0 11 29</runs>
            <runs>0 12 27</runs>
            <runs>0 14 23</runs>
            <runs>0 18 16</runs>
            <runs>0 20 11</runs>
            <runs></runs>
            <runs></runs>
            <runs>0 12 3</runs>
            <runs>0 10 7 15 3</runs>
            <runs>0 10 7 13 6</runs>
            <runs>0 9 8 13 7</runs>
            <runs>0 9 8 12 9</runs>
            <runs>0 9 8 12 9</runs>
            <runs>0 10 7 12 9</runs>
            <runs>0 10 7 13 7</runs>
            <runs>0 11 5 14 7</runs>
            <runs>0 31 5</runs>
        </run-table>
    </sample>
    <sample shape="SHARP" interline="22" pitch="-4.0" left="245" top="208" id="330">
        <run-table orientation="VERTICAL" width="23" height="64">
            <runs>0 23 10 7 9</runs>
            <runs>0 22 7 11 11</runs>
            <runs>0 21 8 11 10</runs>
            <runs>0 20 9 10 11</runs>
            <runs>0 14 1 3 15 3 2 1 11 9 2 1 1</runs>
            <runs>0 7 28 1 28</runs>
            <runs>0 7 27 3 27</runs>
            <runs>0 19 8 12 9</runs>
            <runs>0 18 9 12 9</runs>
            <runs>0 18 8 13 8</runs>
            <runs>0 18 8 13 8</runs>
            <runs>0 17 8 14 7</runs>
            <runs>0 17 7 15 7</runs>
            <runs>0 17 7 14 7</runs>
            <runs>0 16 7 14 8</runs>
            <runs>0 16 7 14 8</runs>
            <runs>8 1 24 2 22</runs>
            <runs>58</runs>
            <runs>6 2 1 2 11 13 9 7 1</runs>
            <runs>0 13 9 13 8</runs>
            <runs>0 13 8 14 7</runs>
            <runs>0 13 8 14 7</runs>
            <runs>0 13 7 15 3 1 2</runs>
        </run-table>
    </sample>
    <sample shape="SHARP" interline="22" pitch="-1.0" left="272" top="238" id="335">
        <run-table orientation="VERTICAL" width="23" height="69">
            <runs>0 23 9 12 9</runs>
            <runs>0 23 9 12 9</runs>
            <runs>0 23 9 12 9</runs>
            <runs>0 23 8 13 9</runs>
            <runs>0 22 9 2 2 1 1 3 2 1 12 6 2 1 2</runs>
            <runs>0 9 5 6 49</runs>
            <runs>0 9 5 6 17 1 20 1 10</runs>
            <runs>0 22 8 13 8</runs>
            <runs>0 21 8 14 7</runs>
            <runs>0 21 8 14 7</runs>
            <runs>0 21 8 13 8</runs>
            <runs>0 20 8 14 7</runs>
            <runs>0 20 8 13 8</runs>
            <runs>0 19 8 14 8</runs>
            <runs>0 19 8 13 8</runs>
            <runs>0 18 9 12 9</runs>
            <runs>61</runs>
            <runs>61</runs>
            <runs>0 8 22 3 2 3 10</runs>
            <runs>0 17 8 13 9</runs>
            <runs>0 16 9 13 9</runs>
            <runs>0 16 9 12 10</runs>
            <runs>0 16 9 13 9</runs>
        </run-table>
    </sample>
    <sample shape="SHARP" interline="22" pitch="-4.9" left="297" top="195" id="333">
        <run-table orientation="VERTICAL" width="24" height="68">
            <runs>0 23 7 19 2</runs>
            <runs>0 22 8 13 9</runs>
            <runs>0 22 8 13 9</runs>
            <runs>0 22 7 14 9</runs>
            <runs>0 9 2 10 8 13 9</runs>
            <runs>0 7 49 2 3</runs>
            <runs>0 10 4 1 53</runs>
            <runs>0 19 9 12 28</runs>
            <runs>0 19 8 14 9 8 2 1 7</runs>
            <runs>0 19 8 13 8</runs>
            <runs>0 18 8 14 8</runs>
            <runs>0 18 8 14 8</runs>
            <runs>0 18 7 14 8</runs>
            <runs>0 17 8 14 8</runs>
            <runs>0 16 8 14 8</runs>
            <runs>0 16 8 13 9</runs>
            <runs>13 2 19 3 9</runs>
            <runs>59</runs>
            <runs>0 9 1 4 12 2 31</runs>
            <runs>0 14 8 13 11 3 2 3 4</runs>
            <runs>0 14 8 13 10</runs>
            <runs>0 14 8 13 10</runs>
            <runs>0 14 7 14 10</runs>
            <runs>0 35 5</runs>
        </run-table>
    </sample>
    <sample shape="SHARP" interline="22" pitch="-1.9" left="239" top="422" id="340">
        <run-table orientation="VERTICAL" width="24" height="65">
            <runs>0 25 8</runs>
            <runs>0 23 10 11 12</runs>
            <runs>0 23 10 11 12</runs>
            <runs>0 22 11 11 8</runs>
            <runs>0 22 11 10 9</runs>
            <runs>0 13 21 9 14</runs>
            <runs>0 7 58</runs>
            <runs>0 7 58</runs>
            <runs>0 19 10 12 8</runs>
            <runs>0 19 9 13 8</runs>
            <runs>0 19 9 12 9</runs>
            <runs>0 19 8 13 9</runs>
            <runs>0 18 9 13 8</runs>
            <runs>0 18 8 14 7</runs>
            <runs>0 17 8 14 8</runs>
            <runs>0 16 9 14 8</runs>
            <runs>0 3 3 9 11 11 10</runs>
            <runs>0 1 58</runs>
            <runs>59</runs>
            <runs>0 3 3 8 10 11 11</runs>
            <runs>0 14 9 13 8</runs>
            <runs>0 14 9 12 9</runs>
            <runs>0 13 9 14 7</runs>
            <runs>0 14 8 14 1 1 5</runs>
        </run-table>
    </sample>
    <sample shape="SHARP" interline="22" pitch="1.0" left="267" top="452" id="341">
        <run-table orientation="VERTICAL" width="24" height="69">
            <runs>0 23 9 17 4</runs>
            <runs>0 22 10 12 9</runs>
            <runs>0 22 10 12 9</runs>
            <runs>0 22 10 12 9</runs>
            <runs>0 16 3 2 10 13 9</runs>
            <runs>0 9 60</runs>
            <runs>0 9 60</runs>
            <runs>0 18 12 10 29</runs>
            <runs>0 21 9 13 8</runs>
            <runs>0 21 8 13 9</runs>
            <runs>0 20 9 13 8</runs>
            <runs>0 20 8 13 9</runs>
            <runs>0 19 8 14 8</runs>
            <runs>0 19 8 14 8</runs>
            <runs>0 18 9 13 9</runs>
            <runs>0 15 12 12 9</runs>
            <runs>28 1 2 2 2 2 18</runs>
            <runs>60</runs>
            <runs>0 9 20 3 28</runs>
            <runs>0 16 9 11 11</runs>
            <runs>0 15 10 12 10</runs>
            <runs>0 15 10 12 10</runs>
            <runs>0 15 10 11 12</runs>
            <runs>0 38 2 1 2</runs>
        </run-table>
    </sample>
    <sample shape="SHARP" interline="22" pitch="-3.1" left="291" top="408" id="342">
        <run-table orientation="VERTICAL" width="24" height="69">
            <runs>0 21 9 14 7</runs>
            <runs>0 21 9 14 8</runs>
            <runs>0 21 9 13 8</runs>
            <runs>0 21 8 14 8</runs>
            <runs>0 9 2 8 11 13 8 10 1</runs>
            <runs>0 7 62</runs>
            <runs>0 7 62</runs>
            <runs>0 18 11 8 1 3 10 3 11</runs>
            <runs>0 19 9 13 8</runs>
            <runs>0 19 8 14 8</runs>
            <runs>0 18 8 14 8</runs>
            <runs>0 18 8 13 9</runs>
            <runs>0 17 8 14 9</runs>
            <runs>0 17 8 14 8</runs>
            <runs>0 17 8 14 8</runs>
            <runs>0 16 9 12 10</runs>
            <runs>0 1 31 3 13 1 2 3 1 1 1</runs>
            <runs>59</runs>
            <runs>0 8 51</runs>
            <runs>0 14 11 10 12</runs>
            <runs>0 13 12 10 12</runs>
            <runs>0 13 11 11 8</runs>
            <runs>0 13 11 11 8</runs>
            <runs>0 15 1 22 3</runs>
        </run-table>
    </sample>
    <sample shape="SHARP" interline="22" pitch="-3.9" left="236" top="669" id="376">
        <run-table orientation="VERTICAL" width="23" height="64">
            <runs>0 22 10 11 8</runs>
            <runs>0 21 11 10 12</runs>
            <runs>0 21 11 10 9</runs>
            <runs>0 20 12 9 13 8 2</runs>
            <runs>0 7 27 5 16 2 7</runs>
            <runs>0 6 58</runs>
            <runs>0 6 2 1 25 5 10</runs>
            <runs>0 18 9 13 8</runs>
            <runs>0 18 8 14 8</runs>
            <runs>0 18 8 13 8</runs>
            <runs>0 17 8 14 8</runs>
            <runs>0 17 8 13 9</runs>
            <runs>0 16 9 13 8</runs>
            <runs>0 16 8 14 8</runs>
            <runs>0 16 8 12 10 10 1</runs>
            <runs>0 4 2 8 10 2 7 2 23</runs>
            <runs>59</runs>
            <runs>58</runs>
            <runs>0 1 9 3 11 11 8</runs>
            <runs>0 13 9 13 8</runs>
            <runs>0 13 8 14 8</runs>
            <runs>0 13 9 12 8</runs>
            <runs>0 13 7 15 3</runs>
        </run-table>
    </sample>
    <sample shape="SHARP" interline="22" pitch="-1.1" left="266" top="697" id="377">
        <run-table orientation="VERTICAL" width="23" height="71">
            <runs>0 23 8 14 8</runs>
            <runs>0 23 8 14 8</runs>
            <runs>0 23 8 13 9</runs>
            <runs>0 22 9 13 8</runs>
            <runs>0 12 3 7 9 6 1 4 11</runs>
            <runs>0 8 63</runs>
            <runs>0 8 63</runs>
            <runs>0 20 9 11 14 4 8</runs>
            <runs>0 20 9 13 9</runs>
            <runs>0 20 8 14 8</runs>
            <runs>0 19 8 14 9</runs>
            <runs>0 19 8 14 8</runs>
            <runs>0 19 8 13 9</runs>
            <runs>0 18 8 14 9</runs>
            <runs>0 18 8 14 9</runs>
            <runs>0 17 10 12 11 5 1</runs>
            <runs>0 1 60</runs>
            <runs>61</runs>
            <runs>12 3 14 3 28</runs>
            <runs>0 15 11 11 12</runs>
            <runs>0 15 11 10 13</runs>
            <runs>0 15 11 11 12</runs>
            <runs>0 15 11 10 13</runs>
        </run-table>
    </sample>
    <sample shape="SHARP" interline="22" pitch="-5.1" left="293" top="656" id="378">
        <run-table orientation="VERTICAL" width="24" height="63">
            <runs>0 21 7 17 2</runs>
            <runs>0 20 8 13 9</runs>
            <runs>0 20 8 13 8</runs>
            <runs>0 20 8 13 8</runs>
            <runs>0 19 9 12 9 7 1</runs>
            <runs>0 5 31 3 24</runs>
            <runs>0 6 57</runs>
            <runs>0 7 2 2 16 2 4 1 29</runs>
            <runs>0 17 8 14 8</runs>
            <runs>0 17 8 13 9</runs>
            <runs>0 16 8 14 8</runs>
            <runs>0 15 9 14 8</runs>
            <runs>0 15 9 13 8</runs>
            <runs>0 15 8 14 8</runs>
            <runs>0 14 8 14 9</runs>
            <runs>0 14 8 14 9</runs>
            <runs>2 2 5 4 11 11 13</runs>
            <runs>57</runs>
            <runs>57</runs>
            <runs>2 5 1 3 10 3 1 8 12 3 1 4 4</runs>
            <runs>0 11 9 14 10</runs>
            <runs>0 11 9 13 12</runs>
            <runs>0 11 9 13 11</runs>
            <runs>0 11 8 16 5</runs>
        </run-table>
    </sample>
    <sample shape="SHARP" interline="22" pitch="-1.8" left="242" top="890" id="382">
        <run-table orientation="VERTICAL" width="23" height="64">
            <runs>0 22 10 11 7</runs>
            <runs>0 21 11 11 7</runs>
            <runs>0 21 11 10 8</runs>
            <runs>0 20 13 9 8</runs>
            <runs>0 6 8 4 15 8 17 1 5</runs>
            <runs>0 6 58</runs>
            <runs>0 11 2 1 1 1 17 2 29</runs>
            <runs>0 19 8 14 7</runs>
            <runs>0 19 7 14 8</runs>
            <runs>0 18 8 14 7</runs>
            <runs>0 17 8 14 8</runs>
            <runs>0 17 8 14 8</runs>
            <runs>0 16 8 14 8</runs>
            <runs>0 16 8 13 8</runs>
            <runs>0 15 8 14 8</runs>
            <runs>0 1 1 12 10 12 10 3 7</runs>
            <runs>58</runs>
            <runs>58</runs>
            <runs>0 13 9 12 10 11 2</runs>
            <runs>0 13 8 14 8</runs>
            <runs>0 13 8 14 8</runs>
            <runs>0 13 8 13 8</runs>
            <runs>0 13 2</runs>
        </run-table>
    </sample>
    <sample shape="SHARP" interline="22" pitch="1.0" left="267" top="919" id="383">
        <run-table orientation="VERTICAL" width="24" height="69">
            <runs>0 23 8</runs>
            <runs>0 23 9 12 10</runs>
            <runs>0 23 9 12 9</runs>
            <runs>0 23 8 13 9</runs>
            <runs>0 23 9 12 9</runs>
            <runs>0 10 25 2 1 3 13</runs>
            <runs>0 9 59</runs>
            <runs>0 19 1 1 48</runs>
            <runs>0 22 8 12 10 8 9</runs>
            <runs>0 21 8 13 9</runs>
            <runs>0 21 8 13 9</runs>
            <runs>0 20 8 13 9</runs>
            <runs>0 20 7 14 9</runs>
            <runs>0 19 8 14 8</runs>
            <runs>0 19 8 13 8</runs>
            <runs>0 18 8 14 8</runs>
            <runs>9 3 20 7 10</runs>
            <runs>60</runs>
            <runs>8 6 46</runs>
            <runs>0 16 9 6 1 4 12 3 1 1 1 3 2</runs>
            <runs>0 16 9 12 10</runs>
            <runs>0 16 9 12 10</runs>
            <runs>0 15 10 12 10</runs>
            <runs>0 37 4 1 2</runs>
        </run-table>
    </sample>
    <sample shape="SHARP" interline="22" pitch="-3.1" left="290" top="875" id="384">
        <run-table orientation="VERTICAL" width="24" height="69">
            <runs>0 24 4 23 2</runs>
            <runs>0 22 8 14 9</runs>
            <runs>0 22 8 14 8</runs>
            <runs>0 22 8 13 9</runs>
            <runs>0 21 9 13 9</runs>
            <runs>0 8 27 3 14 2 5 3 7</runs>
            <runs>0 8 61</runs>
            <runs>0 14 3 3 12 7 30</runs>
            <runs>0 20 8 13 9</runs>
            <runs>0 20 7 14 9</runs>
            <runs>0 19 8 14 8</runs>
            <runs>0 18 8 14 9</runs>
            <runs>0 18 8 14 8</runs>
            <runs>0 18 7 14 9</runs>
            <runs>0 17 8 14 8</runs>
            <runs>0 17 8 13 9</runs>
            <runs>0 1 13 1 12 9 12</runs>
            <runs>59</runs>
            <runs>0 1 58</runs>
            <runs>0 14 11 11 11</runs>
            <runs>0 14 11 11 11</runs>
            <runs>0 14 10 11 12</runs>
            <runs>0 14 10 11 12</runs>
            <runs>0 38 1</runs>
        </run-table>
    </sample>
    <sample shape="SHARP" interline="22" pitch="-4.0" left="237" top="1112" id="421">
        <run-table orientation="VERTICAL" width="23" height="64">
            <runs>0 22 7 14 8</runs>
            <runs>0 21 8 13 9</runs>
            <runs>0 21 8 13 9</runs>
            <runs>0 20 9 13 9</runs>
            <runs>0 9 2 9 9 8 2 1 24</runs>
            <runs>0 6 58</runs>
            <runs>0 6 23 1 7 3 9</runs>
            <runs>0 11 1 7 8 14 7</runs>
            <runs>0 19 8 13 8</runs>
            <runs>0 18 8 13 8</runs>
            <runs>0 18 7 14 8</runs>
            <runs>0 18 7 14 8</runs>
            <runs>0 17 8 14 7</runs>
            <runs>0 17 7 14 8</runs>
            <runs>0 16 8 13 9</runs>
            <runs>0 15 9 7 15 1 11</runs>
            <runs>0 2 8 3 45</runs>
            <runs>57</runs>
            <runs>5 1 1 7 8 13 9</runs>
            <runs>0 14 8 13 8</runs>
            <runs>0 14 7 14 8</runs>
            <runs>0 14 7 14 7</runs>
            <runs>0 14 7</runs>
        </run-table>
    </sample>
    <sample shape="SHARP" interline="22" pitch="-1.1" left="266" top="1142" id="422">
        <run-table orientation="VERTICAL" width="24" height="71">
            <runs>0 27 1</runs>
            <runs>0 23 9 13 8</runs>
            <runs>0 23 9 13 8</runs>
            <runs>0 23 8 14 8</runs>
            <runs>0 23 8 13 9</runs>
            <runs>0 21 10 12 9</runs>
            <runs>0 9 62</runs>
            <runs>0 9 3 4 50</runs>
            <runs>0 21 9 13 9 6 1</runs>
            <runs>0 21 8 14 8</runs>
            <runs>0 21 8 13 9</runs>
            <runs>0 20 8 14 8</runs>
            <runs>0 19 9 13 8</runs>
            <runs>0 19 8 14 7</runs>
            <runs>0 19 8 13 8</runs>
            <runs>0 18 8 13 9</runs>
            <runs>0 17 9 13 9</runs>
            <runs>0 1 32 1 26</runs>
            <runs>60</runs>
            <runs>0 13 1 1 12 5 1 4 11 8 1</runs>
            <runs>0 16 10 11 11</runs>
            <runs>0 15 11 11 11</runs>
            <runs>0 15 10 12 11</runs>
            <runs>0 15 10 12 1 3 3</runs>
        </run-table>
    </sample>
    <sample shape="SHARP" interline="22" pitch="-5.1" left="293" top="1100" id="423">
        <run-table orientation="VERTICAL" width="24" height="68">
            <runs>0 23 3 21 1</runs>
            <runs>0 22 7 13 9</runs>
            <runs>0 22 7 13 9</runs>
            <runs>0 21 8 13 9</runs>
            <runs>0 21 8 13 8</runs>
            <runs>0 15 3 1 10 12 10</runs>
            <runs>0 6 62</runs>
            <runs>0 8 5 1 14 2 38</runs>
            <runs>0 19 8 13 9</runs>
            <runs>0 18 9 13 8</runs>
            <runs>0 18 8 14 8</runs>
            <runs>0 18 8 13 8</runs>
            <runs>0 17 8 14 8</runs>
            <runs>0 17 8 14 7</runs>
            <runs>0 16 8 14 8</runs>
            <runs>0 15 9 13 9</runs>
            <runs>0 15 9 7 1 4 10</runs>
            <runs>58</runs>
            <runs>58</runs>
            <runs>0 13 9 13 11 8 2</runs>
            <runs>0 13 9 13 10</runs>
            <runs>0 13 9 13 10</runs>
            <runs>0 13 8 14 10</runs>
            <runs>0 13 7 15 10</runs>
        </run-table>
    </sample>
    <sample shape="SHARP" interline="22" pitch="-1.8" left="239" top="1311" id="427">
        <run-table orientation="VERTICAL" width="23" height="64">
            <runs>0 22 10 11 7</runs>
            <runs>0 22 10 11 6 1 1</runs>
            <runs>0 21 11 11 8</runs>
            <runs>0 21 8 13 9</runs>
            <runs>0 21 12 8 15 2 6</runs>
            <runs>0 14 50</runs>
            <runs>0 7 51 2 4</runs>
            <runs>0 18 10 12 8</runs>
            <runs>0 18 9 13 8</runs>
            <runs>0 18 9 13 8</runs>
            <runs>0 18 8 14 7</runs>
            <runs>0 17 9 13 8</runs>
            <runs>0 17 8 14 7</runs>
            <runs>0 17 8 13 8</runs>
            <runs>0 16 8 13 9</runs>
            <runs>0 16 8 13 11 3 8</runs>
            <runs>0 12 1 2 44</runs>
            <runs>0 1 57</runs>
            <runs>34 1 10</runs>
            <runs>0 14 9 12 9</runs>
            <runs>0 14 8 13 9</runs>
            <runs>0 14 8 13 8</runs>
            <runs>0 13 9 13 7</runs>
        </run-table>
    </sample>
    <sample shape="SHARP" interline="22" pitch="0.9" left="265" top="1341" id="428">
        <run-table orientation="VERTICAL" width="24" height="68">
            <runs>0 25 3</runs>
            <runs>0 22 8 14 8</runs>
            <runs>0 22 8 14 8</runs>
            <runs>0 22 8 14 7</runs>
            <runs>0 21 9 13 8</runs>
            <runs>0 8 23 11 10 2 3 5 3</runs>
            <runs>0 8 60</runs>
            <runs>0 8 1 7 1 1 11 1 1 8 29</runs>
            <runs>0 20 8 13 9</runs>
            <runs>0 19 8 14 8</runs>
            <runs>0 19 8 14 8</runs>
            <runs>0 19 7 14 8</runs>
            <runs>0 18 8 14 8</runs>
            <runs>0 18 8 13 8</runs>
            <runs>0 17 8 14 8</runs>
            <runs>0 16 9 13 9</runs>
            <runs>0 3 3 8 11 12 10</runs>
            <runs>59</runs>
            <runs>59</runs>
            <runs>0 14 11 1 2 7 12</runs>
            <runs>0 14 10 12 10</runs>
            <runs>0 14 10 12 10</runs>
            <runs>0 14 10 11 11</runs>
            <runs>0 14 1 2 7 15 7</runs>
        </run-table>
    </sample>
    <sample shape="SHARP" interline="22" pitch="-3.0" left="289" top="1298" id="429">
        <run-table orientation="VERTICAL" width="24" height="67">
            <runs>0 21 9 15 4</runs>
            <runs>0 21 8 14 8</runs>
            <runs>0 21 8 14 8</runs>
            <runs>0 21 8 13 9</runs>
            <runs>0 7 3 10 9 12 9</runs>
            <runs>0 7 46 1 2</runs>
            <runs>0 17 50</runs>
            <runs>0 19 9 10 26</runs>
            <runs>0 19 8 14 8</runs>
            <runs>0 19 7 14 8</runs>
            <runs>0 18 8 14 8</runs>
            <runs>0 18 7 14 8</runs>
            <runs>0 17 8 14 8</runs>
            <runs>0 17 7 14 9</runs>
            <runs>0 16 8 14 8</runs>
            <runs>0 7 1 7 9 13 9</runs>
            <runs>27 1 1 5 12 2 2 3 2</runs>
            <runs>4 1 53</runs>
            <runs>0 13 12 8 25</runs>
            <runs>0 13 10 12 10</runs>
            <runs>0 13 10 12 10</runs>
            <runs>0 13 10 12 10</runs>
            <runs>0 14 9 11 11</runs>
            <runs>0 37 1</runs>
        </run-table>
    </sample>
    <sample shape="SHARP" interline="22" pitch="-4.0" left="236" top="1563" id="482">
        <run-table orientation="VERTICAL" width="23" height="64">
            <runs>0 22 11 11 6</runs>
            <runs>0 22 8 13 7</runs>
            <runs>0 22 7 14 7</runs>
            <runs>0 21 8 13 8</runs>
            <runs>0 20 9 12 9 11 3</runs>
            <runs>0 7 57</runs>
            <runs>0 7 27 4 11 11 4</runs>
            <runs>0 19 8 14 7</runs>
            <runs>0 19 8 14 7</runs>
            <runs>0 19 7 14 7</runs>
            <runs>0 18 8 14 7</runs>
            <runs>0 18 7 14 7</runs>
            <runs>0 18 7 14 7</runs>
            <runs>0 17 7 14 8</runs>
            <runs>0 17 7 14 8</runs>
            <runs>0 16 8 14 8</runs>
            <runs>0 3 2 1 3 2 16 1 30</runs>
            <runs>58</runs>
            <runs>2 4 3 2 12 3 8 1 9</runs>
            <runs>0 14 9 13 7</runs>
            <runs>0 14 8 13 8</runs>
            <runs>0 13 8 14 8</runs>
            <runs>0 13 8 17 3</runs>
        </run-table>
    </sample>
    <sample shape="SHARP" interline="22" pitch="-1.0" left="264" top="1593" id="483">
        <run-table orientation="VERTICAL" width="24" height="69">
            <runs>0 48 4</runs>
            <runs>0 23 8 13 8</runs>
            <runs>0 22 9 13 8</runs>
            <runs>0 22 8 14 8</runs>
            <runs>0 22 8 13 9</runs>
            <runs>0 22 9 12 26</runs>
            <runs>0 8 61</runs>
            <runs>0 8 22 1 3 2 17 1 11</runs>
            <runs>0 21 8 12 9</runs>
            <runs>0 20 8 13 9</runs>
            <runs>0 20 8 13 8</runs>
            <runs>0 20 7 14 8</runs>
            <runs>0 19 8 13 8</runs>
            <runs>0 19 7 14 8</runs>
            <runs>0 18 8 13 9</runs>
            <runs>0 18 7 14 8</runs>
            <runs>0 17 8 13 9</runs>
            <runs>14 1 45</runs>
            <runs>60</runs>
            <runs>0 9 2 4 10 11 11 9 1</runs>
            <runs>0 15 9 12 11</runs>
            <runs>0 15 9 12 11</runs>
            <runs>0 15 9 12 11</runs>
            <runs>0 16 9 11 10</runs>
        </run-table>
    </sample>
    <sample shape="SHARP" interline="22" pitch="-5.0" left="289" top="1551" id="484">
        <run-table orientation="VERTICAL" width="24" height="67">
            <runs>0 23 7 12 9</runs>
            <runs>0 22 8 12 10</runs>
            <runs>0 22 8 12 9</runs>
            <runs>0 21 9 12 9</runs>
            <runs>0 20 10 12 10</runs>
            <runs>0 7 59</runs>
            <runs>0 7 60</runs>
            <runs>0 18 11 6 1 4 10 3 7 2 2</runs>
            <runs>0 19 9 13 8</runs>
            <runs>0 19 8 7 2 4 9</runs>
            <runs>0 18 9 7 2 4 8</runs>
            <runs>0 18 8 8 2 4 8</runs>
            <runs>0 18 8 9 1 3 8</runs>
            <runs>0 17 8 10 2 2 8</runs>
            <runs>0 16 9 10 2 1 9</runs>
            <runs>0 16 9 10 11</runs>
            <runs>0 1 8 3 15 6 15</runs>
            <runs>58</runs>
            <runs>46 2 1 4 3</runs>
            <runs>0 14 9 12 10</runs>
            <runs>0 14 8 13 10</runs>
            <runs>0 13 9 13 9</runs>
            <runs>0 13 9 13 9</runs>
            <runs>0 17 1 19 3</runs>
        </run-table>
    </sample>
    <sample shape="SHARP" interline="22" pitch="-1.8" left="235" top="1773" id="488">
        <run-table orientation="VERTICAL" width="24" height="64">
            <runs>0 23 1 19 8</runs>
            <runs>0 22 10 11 8</runs>
            <runs>0 21 11 10 12</runs>
            <runs>0 21 11 9 14</runs>
            <runs>0 20 12 9 23</runs>
            <runs>0 7 57</runs>
            <runs>0 7 56</runs>
            <runs>0 14 14 11 10</runs>
            <runs>0 19 8 13 8</runs>
            <runs>0 18 9 13 8</runs>
            <runs>0 18 8 13 8</runs>
            <runs>0 18 8 13 8</runs>
            <runs>0 17 8 14 7</runs>
            <runs>0 17 8 13 8</runs>
            <runs>0 16 8 14 8</runs>
            <runs>0 16 8 13 9 11 1</runs>
            <runs>0 10 2 3 44</runs>
            <runs>58</runs>
            <runs>46 10 1</runs>
            <runs>0 1 4 1 17 12 9</runs>
            <runs>0 13 9 13 9</runs>
            <runs>0 13 9 12 9</runs>
            <runs>0 13 9 13 8</runs>
            <runs>0 13 8 17 3</runs>
        </run-table>
    </sample>
    <sample shape="SHARP" interline="22" pitch="1.0" left="262" top="1802" id="489">
        <run-table orientation="VERTICAL" width="24" height="69">
            <runs>0 49 1</runs>
            <runs>0 22 10 12 10</runs>
            <runs>0 22 10 12 9</runs>
            <runs>0 23 9 12 9</runs>
            <runs>0 23 8 13 8</runs>
            <runs>0 22 10 12 25</runs>
            <runs>0 9 60</runs>
            <runs>0 9 47 1 12</runs>
            <runs>0 9 2 9 10 3 1 9 8</runs>
            <runs>0 21 8 14 8</runs>
            <runs>0 21 8 13 8</runs>
            <runs>0 20 8 14 8</runs>
            <runs>0 20 8 13 8</runs>
            <runs>0 19 9 13 8</runs>
            <runs>0 19 9 12 9</runs>
            <runs>0 19 8 13 9</runs>
            <runs>0 18 9 12 19 1 2</runs>
            <runs>11 1 3 2 44</runs>
            <runs>61</runs>
            <runs>48</runs>
            <runs>0 16 9 12 10</runs>
            <runs>0 16 9 12 10</runs>
            <runs>0 16 9 12 10</runs>
            <runs>0 16 9 12 10</runs>
        </run-table>
    </sample>
    <sample shape="SHARP" interline="22" pitch="-3.1" left="289" top="1760" id="490">
        <run-table orientation="VERTICAL" width="24" height="67">
            <runs>0 20 10 12 9</runs>
            <runs>0 20 9 13 9</runs>
            <runs>0 20 9 13 9</runs>
            <runs>0 20 9 13 8</runs>
            <runs>0 9 4 5 11 4 4 4 11 6 1 1 7</runs>
            <runs>0 6 61</runs>
            <runs>0 5 62</runs>
            <runs>0 8 5 2 13 12 8</runs>
            <runs>0 18 9 13 8</runs>
            <runs>0 18 8 14 8</runs>
            <runs>0 18 8 14 7</runs>
            <runs>0 17 8 14 7</runs>
            <runs>0 17 8 14 7</runs>
            <runs>0 16 9 13 8</runs>
            <runs>0 16 8 14 8</runs>
            <runs>0 15 10 12 9</runs>
            <runs>59</runs>
            <runs>59</runs>
            <runs>27 7 12 9 3</runs>
            <runs>0 1 5 5 12 12 10</runs>
            <runs>0 12 11 12 10</runs>
            <runs>0 13 10 12 10</runs>
            <runs>0 13 9 13 10</runs>
            <runs>0 15 1</runs>
        </run-table>
    </sample>
    <sample shape="SHARP" interline="22" pitch="-4.0" left="233" top="2030" id="528">
        <run-table orientation="VERTICAL" width="23" height="65">
            <runs>0 23 11 9 8</runs>
            <runs>0 22 12 8 9</runs>
            <runs>0 22 12 8 9</runs>
            <runs>0 21 13 8 9</runs>
            <runs>0 15 50</runs>
            <runs>0 7 58</runs>
            <runs>0 7 57</runs>
            <runs>0 18 10 12 9</runs>
            <runs>0 19 8 13 9</runs>
            <runs>0 18 8 14 8</runs>
            <runs>0 18 8 13 9</runs>
            <runs>0 17 9 13 8</runs>
            <runs>0 17 8 13 9</runs>
            <runs>0 17 8 13 9</runs>
            <runs>0 16 8 13 10</runs>
            <runs>0 15 41 1 1</runs>
            <runs>0 1 58</runs>
            <runs>58</runs>
            <runs>45</runs>
            <runs>0 13 10 12 9</runs>
            <runs>0 13 9 13 9</runs>
            <runs>0 13 9 8 13</runs>
            <runs>0 14 7 9 12</runs>
        </run-table>
    </sample>
    <sample shape="SHARP" interline="22" pitch="-1.0" left="260" top="2060" id="529">
        <run-table orientation="VERTICAL" width="24" height="70">
            <runs>0 22 9 13 9</runs>
            <runs>0 23 9 13 8</runs>
            <runs>0 22 10 12 9</runs>
            <runs>0 22 9 13 8</runs>
            <runs>0 11 1 5 2 2 10 12 9</runs>
            <runs>0 9 61</runs>
            <runs>0 8 61</runs>
            <runs>0 9 3 2 1 1 54</runs>
            <runs>0 21 8 13 9 6 1</runs>
            <runs>0 20 9 13 9</runs>
            <runs>0 20 8 13 9</runs>
            <runs>0 19 9 13 8</runs>
            <runs>0 19 8 14 8</runs>
            <runs>0 18 9 13 8</runs>
            <runs>0 17 9 13 9</runs>
            <runs>0 17 9 13 9</runs>
            <runs>29 4 3 1 13</runs>
            <runs>60</runs>
            <runs>13 1 46</runs>
            <runs>0 15 10 12 12</runs>
            <runs>0 15 10 12 11</runs>
            <runs>0 15 10 11 12</runs>
            <runs>0 15 10 11 12</runs>
            <runs>0 41 7</runs>
        </run-table>
    </sample>
    <sample shape="SHARP" interline="22" pitch="-4.9" left="284" top="2018" id="530">
        <run-table orientation="VERTICAL" width="24" height="68">
            <runs>0 23 5 19 4</runs>
            <runs>0 22 8 12 9</runs>
            <runs>0 21 8 13 9</runs>
            <runs>0 20 9 13 9</runs>
            <runs>0 19 10 12 10</runs>
            <runs>0 7 30 1 30</runs>
            <runs>0 7 61</runs>
            <runs>0 12 2 2 13 1 37</runs>
            <runs>0 18 9 13 9 11 2</runs>
            <runs>0 18 9 13 8</runs>
            <runs>0 18 8 13 9</runs>
            <runs>0 18 8 13 8</runs>
            <runs>0 17 8 14 8</runs>
            <runs>0 16 9 13 8</runs>
            <runs>0 16 8 13 9</runs>
            <runs>0 15 9 13 9</runs>
            <runs>0 3 4 1 2 4 14 3 1 3 15</runs>
            <runs>59</runs>
            <runs>58</runs>
            <runs>0 9 1 3 13 3 1 3 13</runs>
            <runs>0 13 9 12 11</runs>
            <runs>0 13 9 12 11</runs>
            <runs>0 13 8 13 11</runs>
            <runs>0 13 6 15 11</runs>
        </run-table>
    </sample>
    <sample shape="SHARP" interline="22" pitch="-1.9" left="234" top="2246" id="534">
        <run-table orientation="VERTICAL" width="23" height="65">
            <runs>0 23 11 10 8</runs>
            <runs>0 23 11 10 8</runs>
            <runs>0 22 12 9 9</runs>
            <runs>0 22 8 13 8</runs>
            <runs>0 20 14 8 16 5 2</runs>
            <runs>0 7 58</runs>
            <runs>0 8 57</runs>
            <runs>0 19 9 13 9</runs>
            <runs>0 19 9 13 8</runs>
            <runs>0 19 8 14 8</runs>
            <runs>0 19 8 13 9</runs>
            <runs>0 18 8 14 8</runs>
            <runs>0 18 8 13 9</runs>
            <runs>0 18 7 14 8</runs>
            <runs>0 17 8 13 9</runs>
            <runs>0 16 9 13 9 4 2</runs>
            <runs>0 1 58</runs>
            <runs>59</runs>
            <runs>0 1 24 4 16 2 1</runs>
            <runs>0 14 9 13 9</runs>
            <runs>0 14 9 12 9</runs>
            <runs>0 14 8 13 9</runs>
            <runs>0 14 8 14 5</runs>
        </run-table>
    </sample>
    <sample shape="SHARP" interline="22" pitch="1.1" left="261" top="2277" id="535">
        <run-table orientation="VERTICAL" width="24" height="69">
            <runs>0 22 9 13 8</runs>
            <runs>0 22 9 13 8</runs>
            <runs>0 22 9 13 8</runs>
            <runs>0 22 8 13 9</runs>
            <runs>0 21 9 13 9 4 12</runs>
            <runs>0 8 60</runs>
            <runs>0 8 51 3 7</runs>
            <runs>0 17 2 1 10 4 1 3 2 2 14</runs>
            <runs>0 20 9 12 9</runs>
            <runs>0 20 8 13 9</runs>
            <runs>0 19 8 13 9</runs>
            <runs>0 19 8 13 9</runs>
            <runs>0 18 8 13 9</runs>
            <runs>0 18 8 13 9</runs>
            <runs>0 17 9 12 10</runs>
            <runs>0 17 8 13 10 8 3</runs>
            <runs>13 2 11 7 20 1 6</runs>
            <runs>59</runs>
            <runs>56</runs>
            <runs>0 15 11 10 11</runs>
            <runs>0 15 10 11 11</runs>
            <runs>0 14 11 11 11</runs>
            <runs>0 14 11 11 11</runs>
            <runs>0 17 2 18 2 1 7</runs>
        </run-table>
    </sample>
    <sample shape="SHARP" interline="22" pitch="-3.1" left="286" top="2232" id="536">
        <run-table orientation="VERTICAL" width="23" height="70">
            <runs>0 22 9 13 9</runs>
            <runs>0 22 9 13 9</runs>
            <runs>0 22 8 14 8</runs>
            <runs>0 22 8 13 9</runs>
            <runs>0 8 5 7 10 13 9</runs>
            <runs>0 7 63</runs>
            <runs>0 8 58</runs>
            <runs>0 19 10 12 10 3 2 2 1 2 4</runs>
            <runs>0 19 9 13 9</runs>
            <runs>0 19 9 13 8</runs>
            <runs>0 19 8 14 8</runs>
            <runs>0 18 9 13 9</runs>
            <runs>0 18 8 13 9</runs>
            <runs>0 17 9 13 9</runs>
            <runs>0 17 8 13 10</runs>
            <runs>0 2 2 12 9 13 10</runs>
            <runs>0 1 58</runs>
            <runs>60</runs>
            <runs>0 1 5 1 2 1 18 2 29</runs>
            <runs>0 14 11 11 11</runs>
            <runs>0 14 10 12 11</runs>
            <runs>0 14 10 12 11</runs>
            <runs>0 14 10 12 11</runs>
        </run-table>
    </sample>
    <sample shape="SHARP" interline="22" pitch="-4.0" left="230" top="2519" id="546">
        <run-table orientation="VERTICAL" width="23" height="64">
            <runs>0 23 10 11 7</runs>
            <runs>0 22 11 10 8</runs>
            <runs>0 22 8 13 8</runs>
            <runs>0 21 8 13 8</runs>
            <runs>0 8 4 5 2 1 13 9 9 12 1</runs>
            <runs>0 7 57</runs>
            <runs>0 7 26 1 27</runs>
            <runs>0 19 8 14 8</runs>
            <runs>0 19 8 13 8</runs>
            <runs>0 19 8 13 8</runs>
            <runs>0 18 8 14 7</runs>
            <runs>0 18 8 13 8</runs>
            <runs>0 17 8 14 8</runs>
            <runs>0 16 9 13 8</runs>
            <runs>0 16 8 13 9</runs>
            <runs>0 4 1 3 2 5 9 13 10</runs>
            <runs>58</runs>
            <runs>58</runs>
            <runs>0 1 4 1 17 12 9 6 1</runs>
            <runs>0 14 8 13 9</runs>
            <runs>0 14 8 13 8</runs>
            <runs>0 14 8 13 8</runs>
            <runs>0 14 7 14 7</runs>
        </run-table>
    </sample>
    <sample shape="SHARP" interline="22" pitch="-1.0" left="255" top="2549" id="575">
        <run-table orientation="VERTICAL" width="23" height="69">
            <runs>0 23 9 15 3 1 1</runs>
            <runs>0 23 9 12 9</runs>
            <runs>0 23 9 12 9</runs>
            <runs>0 22 9 13 8</runs>
            <runs>0 10 6 6 9 11 10</runs>
            <runs>0 8 61</runs>
            <runs>0 9 60</runs>
            <runs>0 20 10 12 9 4 1 1 12</runs>
            <runs>0 20 9 14 7</runs>
            <runs>0 20 9 13 8</runs>
            <runs>0 20 8 13 9</runs>
            <runs>0 19 9 13 8</runs>
            <runs>0 19 8 13 9</runs>
            <runs>0 18 9 13 8</runs>
            <runs>0 17 9 14 8</runs>
            <runs>0 17 10 12 9</runs>
            <runs>51 1 1 1 5</runs>
            <runs>60</runs>
            <runs>0 15 45</runs>
            <runs>0 15 10 12 10</runs>
            <runs>0 15 10 12 10</runs>
            <runs>0 15 10 12 10</runs>
            <runs>0 16 9 12 3 1 3</runs>
        </run-table>
    </sample>
    <sample shape="SHARP" interline="22" pitch="-5.1" left="279" top="2507" id="576">
        <run-table orientation="VERTICAL" width="24" height="67">
            <runs>0 21 8 13 7</runs>
            <runs>0 21 8 13 8</runs>
            <runs>0 21 8 13 8</runs>
            <runs>0 20 9 12 9</runs>
            <runs>0 9 3 5 12 12 9</runs>
            <runs>0 6 53 1 7</runs>
            <runs>0 6 61</runs>
            <runs>0 9 3 5 12 5 33</runs>
            <runs>0 18 9 13 8</runs>
            <runs>0 17 9 13 9</runs>
            <runs>0 17 9 12 9</runs>
            <runs>0 16 9 13 9</runs>
            <runs>0 16 9 13 9</runs>
            <runs>0 15 9 13 9</runs>
            <runs>0 15 9 13 8</runs>
            <runs>0 14 10 12 9</runs>
            <runs>33 2 10</runs>
            <runs>58</runs>
            <runs>57</runs>
            <runs>0 12 10 12 11</runs>
            <runs>0 12 9 13 11</runs>
            <runs>0 12 9 12 11</runs>
            <runs>0 11 10 12 11</runs>
            <runs>0 15 3 1 1 15 3 1 1</runs>
        </run-table>
    </sample>
    <sample shape="SHARP" interline="22" pitch="-2.0" left="232" top="2726" id="580">
        <run-table orientation="VERTICAL" width="23" height="65">
            <runs>0 22 11 10 8</runs>
            <runs>0 22 11 10 8</runs>
            <runs>0 21 8 14 8</runs>
            <runs>0 20 13 9 9</runs>
            <runs>0 6 10 3 16 5 11 11 2</runs>
            <runs>0 6 59</runs>
            <runs>0 6 59</runs>
            <runs>0 18 9 13 8</runs>
            <runs>0 18 8 14 8</runs>
            <runs>0 18 8 14 8</runs>
            <runs>0 17 9 13 8</runs>
            <runs>0 17 8 14 8</runs>
            <runs>0 16 9 13 8</runs>
            <runs>0 16 8 13 9</runs>
            <runs>0 15 9 13 9</runs>
            <runs>0 5 3 6 10 13 9</runs>
            <runs>58</runs>
            <runs>58</runs>
            <runs>0 6 1 6 9 8 14</runs>
            <runs>0 13 8 10 12</runs>
            <runs>0 13 8 14 7</runs>
            <runs>0 12 9 13 8</runs>
            <runs>0 13 7</runs>
        </run-table>
    </sample>
    <sample shape="SHARP" interline="22" pitch="1.0" left="257" top="2756" id="581">
        <run-table orientation="VERTICAL" width="24" height="69">
            <runs>0 26 2 16 9</runs>
            <runs>0 23 7 14 10</runs>
            <runs>0 23 8 13 10</runs>
            <runs>0 23 9 12 9</runs>
            <runs>0 10 1 11 10 12 9</runs>
            <runs>0 9 46 3 3 1 7</runs>
            <runs>0 9 60</runs>
            <runs>0 10 4 1 54</runs>
            <runs>0 21 9 13 9</runs>
            <runs>0 21 8 13 9</runs>
            <runs>0 20 8 14 8</runs>
            <runs>0 20 8 14 8</runs>
            <runs>0 20 7 14 8</runs>
            <runs>0 20 7 14 8</runs>
            <runs>0 19 8 13 9</runs>
            <runs>0 19 7 14 8</runs>
            <runs>7 2 1 7 11 10 10</runs>
            <runs>61</runs>
            <runs>61</runs>
            <runs>0 14 13 9 12 2 1 5 4</runs>
            <runs>0 16 10 11 10</runs>
            <runs>0 16 9 12 10</runs>
            <runs>0 15 10 12 10</runs>
            <runs>0 17 8 12 10</runs>
        </run-table>
    </sample>
    <sample shape="SHARP" interline="22" pitch="-2.9" left="281" top="2713" id="582">
        <run-table orientation="VERTICAL" width="24" height="68">
            <runs>0 20 10 11 8</runs>
            <runs>0 20 10 11 11</runs>
            <runs>0 20 10 13 8</runs>
            <runs>0 20 10 13 8</runs>
            <runs>0 20 9 14 8</runs>
            <runs>0 7 8 2 14 8 14 1 14</runs>
            <runs>0 7 61</runs>
            <runs>0 18 11 1 2 7 1 1 27</runs>
            <runs>0 19 9 13 8</runs>
            <runs>0 19 8 14 8</runs>
            <runs>0 18 9 13 8</runs>
            <runs>0 18 9 13 8</runs>
            <runs>0 17 9 13 8</runs>
            <runs>0 17 8 14 8</runs>
            <runs>0 17 8 14 8</runs>
            <runs>0 16 8 14 8</runs>
            <runs>0 2 3 4 2 1 13 5 2 4 13 2 3</runs>
            <runs>0 1 58</runs>
            <runs>59</runs>
            <runs>0 14 10 11 11</runs>
            <runs>0 14 9 12 10</runs>
            <runs>0 13 10 12 10</runs>
            <runs>0 13 10 12 11</runs>
            <runs>0 14 9 13 10</runs>
        </run-table>
    </sample>
    <sample shape="SHARP" interline="22" pitch="-4.0" left="227" top="2977" id="592">
        <run-table orientation="VERTICAL" width="24" height="64">
            <runs>0 23 6 15 3</runs>
            <runs>0 22 7 14 7</runs>
            <runs>0 22 7 14 7</runs>
            <runs>0 21 7 14 8</runs>
            <runs>0 21 8 13 8</runs>
            <runs>0 20 30 2 12</runs>
            <runs>0 7 57</runs>
            <runs>0 10 1 6 10 13 9 12 3</runs>
            <runs>0 19 7 14 8</runs>
            <runs>0 19 7 14 7</runs>
            <runs>0 19 6 15 7</runs>
            <runs>0 18 7 14 8</runs>
            <runs>0 18 7 13 8</runs>
            <runs>0 17 7 14 8</runs>
            <runs>0 17 7 13 9</runs>
            <runs>0 16 8 13 8</runs>
            <runs>0 15 10 5 15 6 2</runs>
            <runs>0 2 56</runs>
            <runs>23 8 13 4 10</runs>
            <runs>0 14 9 12 8</runs>
            <runs>0 13 9 13 8</runs>
            <runs>0 13 8 14 7</runs>
            <runs>0 13 8 14 7</runs>
            <runs>0 13 3</runs>
        </run-table>
    </sample>
    <sample shape="SHARP" interline="22" pitch="-1.1" left="255" top="3007" id="620">
        <run-table orientation="VERTICAL" width="23" height="65">
            <runs>0 23 8 14 7</runs>
            <runs>0 23 7 14 8</runs>
            <runs>0 22 8 13 8</runs>
            <runs>0 22 8 13 8</runs>
            <runs>0 21 9 13 10 1 1 2 3 2 3</runs>
            <runs>0 8 57</runs>
            <runs>0 20 10 11 24</runs>
            <runs>0 20 8 14 8</runs>
            <runs>0 20 8 13 8</runs>
            <runs>0 19 8 14 8</runs>
            <runs>0 19 7 14 9</runs>
            <runs>0 18 8 14 8</runs>
            <runs>0 18 8 13 9</runs>
            <runs>0 18 8 13 9</runs>
            <runs>0 17 9 12 9</runs>
            <runs>0 16 10 12 9</runs>
            <runs>59</runs>
            <runs>59</runs>
            <runs>0 15 10 11 12</runs>
            <runs>0 14 11 11 12</runs>
            <runs>0 14 11 11 8</runs>
            <runs>0 14 11 11 7</runs>
            <runs>0 17 1 1 4 14 3</runs>
        </run-table>
    </sample>
    <sample shape="SHARP" interline="22" pitch="-4.9" left="279" top="2966" id="621">
        <run-table orientation="VERTICAL" width="24" height="66">
            <runs>0 41 9</runs>
            <runs>0 22 6 13 8</runs>
            <runs>0 21 7 13 8</runs>
            <runs>0 21 7 13 8</runs>
            <runs>0 20 8 12 9</runs>
            <runs>0 20 8 6 32</runs>
            <runs>0 6 45 1 14</runs>
            <runs>0 6 28 5 9</runs>
            <runs>0 18 8 13 8</runs>
            <runs>0 18 8 13 8</runs>
            <runs>0 17 8 13 8</runs>
            <runs>0 17 8 13 8</runs>
            <runs>0 17 7 13 8</runs>
            <runs>0 16 8 13 8</runs>
            <runs>0 15 8 14 7</runs>
            <runs>0 15 8 13 8</runs>
            <runs>0 14 9 11 23</runs>
            <runs>0 10 47</runs>
            <runs>44</runs>
            <runs>0 11 11 3 4 5 10</runs>
            <runs>0 13 9 12 10</runs>
            <runs>0 12 9 13 10</runs>
            <runs>0 12 8 14 1 1 7</runs>
            <runs>0 12 8</runs>
        </run-table>
    </sample>
    <sample shape="SHARP" interline="22" pitch="-1.8" left="230" top="3188" id="625">
        <run-table orientation="VERTICAL" width="23" height="64">
            <runs>0 22 10 11 6</runs>
            <runs>0 22 10 11 8</runs>
            <runs>0 21 11 10 8</runs>
            <runs>0 20 9 13 8</runs>
            <runs>0 20 12 9 9</runs>
            <runs>0 7 57</runs>
            <runs>0 7 57</runs>
            <runs>0 18 9 13 23</runs>
            <runs>0 18 8 14 8</runs>
            <runs>0 18 8 14 8</runs>
            <runs>0 18 8 14 7</runs>
            <runs>0 17 8 14 8</runs>
            <runs>0 17 8 13 8</runs>
            <runs>0 16 8 14 8</runs>
            <runs>0 16 8 14 8</runs>
            <runs>0 15 8 14 8</runs>
            <runs>46 3 7</runs>
            <runs>58</runs>
            <runs>0 1 1 12 8 1 23 3 8</runs>
            <runs>0 14 8 13 9</runs>
            <runs>0 13 8 13 9</runs>
            <runs>0 13 8 13 8</runs>
            <runs>0 14 7 13 8</runs>
        </run-table>
    </sample>
    <sample shape="SHARP" interline="22" pitch="1.3" left="257" top="3217" id="626">
        <run-table orientation="VERTICAL" width="24" height="70">
            <runs>0 49 2</runs>
            <runs>0 27 7 11 11</runs>
            <runs>0 26 8 11 11</runs>
            <runs>0 22 12 10 12</runs>
            <runs>0 14 3 5 12 10 12</runs>
            <runs>0 12 24 3 2 1 15</runs>
            <runs>0 13 57</runs>
            <runs>0 22 11 9 27</runs>
            <runs>0 22 10 12 10 9 3</runs>
            <runs>0 22 9 13 9</runs>
            <runs>0 22 8 14 9</runs>
            <runs>0 22 8 14 8</runs>
            <runs>0 22 8 13 9</runs>
            <runs>0 21 8 14 8</runs>
            <runs>0 21 7 14 9</runs>
            <runs>0 20 8 14 8</runs>
            <runs>28 6 2 2 12</runs>
            <runs>63</runs>
            <runs>0 19 44</runs>
            <runs>0 19 8 7 2 3 10 6 8</runs>
            <runs>0 18 9 12 9</runs>
            <runs>0 18 9 12 9</runs>
            <runs>0 18 8 13 8</runs>
            <runs>0 39 8</runs>
        </run-table>
    </sample>
    <sample shape="SHARP" interline="22" pitch="-3.0" left="278" top="3174" id="627">
        <run-table orientation="VERTICAL" width="26" height="69">
            <runs>0 24 1</runs>
            <runs>0 24 1</runs>
            <runs>0 24 3 1 2</runs>
            <runs>0 21 9 13 9</runs>
            <runs>0 21 9 13 9</runs>
            <runs>0 21 9 13 8</runs>
            <runs>0 20 10 12 9</runs>
            <runs>0 8 24 9 11</runs>
            <runs>0 8 60</runs>
            <runs>0 19 13 2 34</runs>
            <runs>0 19 9 13 9 4 15</runs>
            <runs>0 19 9 13 8</runs>
            <runs>0 19 8 13 9</runs>
            <runs>0 18 9 13 8</runs>
            <runs>0 18 9 12 9</runs>
            <runs>0 17 9 13 8</runs>
            <runs>0 16 10 13 8</runs>
            <runs>0 2 1 13 9 13 9</runs>
            <runs>0 1 29 5 12</runs>
            <runs>55 2 2</runs>
            <runs>0 1 1 5 52</runs>
            <runs>0 14 11 6 2 1 13 1 11</runs>
            <runs>0 14 10 11 11</runs>
            <runs>0 14 10 11 11</runs>
            <runs>0 14 10 11 11</runs>
            <runs>0 17 7 12 10</runs>
        </run-table>
    </sample>
</samples>
