<?xml version="1.0" encoding="UTF-8"?>
<stick id="503" interline="15" shape="CLUTTER">
    <is-within-system>true</is-within-system>
    <has-ledger>false</has-ledger>
    <stem-number>0</stem-number>
    <step-line>-10.8</step-line>
    <moments>
        <k>0.64</k>
        <k>1.1333333333333333</k>
        <k>1.4</k>
        <k>0.1597861877357684</k>
        <k>-0.00208239561899864</k>
        <k>0.28800020361797013</k>
        <k>0.012528707346029056</k>
        <k>0.002837333956343139</k>
        <k>-0.016404634737444142</k>
        <k>0.006873945319447854</k>
        <k>0.44778639135373854</k>
        <k>0.01645617935469758</k>
        <k>0.0038148333113063406</k>
        <k>1.0933175831592936E-4</k>
        <k>6.332877979182169E-8</k>
        <k>1.047912065270877E-5</k>
        <k>3.12255141301569E-8</k>
        <k>226.28472222222223</k>
        <k>1367.736111111111</k>
    </moments><members>
    <section id="422" first-pos="218">
        <run start="1358" length="1" level="0"/>
        <run start="1358" length="1" level="0"/>
        <run start="1358" length="1" level="0"/>
    </section>
    <section id="429" first-pos="221">
        <run start="1358" length="21" level="0"/>
        <run start="1358" length="21" level="0"/>
        <run start="1358" length="21" level="0"/>
    </section>
    <section id="425" first-pos="219">
        <run start="1378" length="1" level="0"/>
        <run start="1377" length="2" level="0"/>
    </section>
    <section id="433" first-pos="224">
        <run start="1358" length="1" level="0"/>
        <run start="1358" length="1" level="0"/>
        <run start="1358" length="1" level="0"/>
        <run start="1358" length="1" level="0"/>
        <run start="1358" length="1" level="0"/>
        <run start="1358" length="2" level="0"/>
        <run start="1358" length="3" level="0"/>
    </section>
    <section id="457" first-pos="231">
        <run start="1359" length="7" level="0"/>
        <run start="1359" length="7" level="0"/>
        <run start="1360" length="5" level="0"/>
    </section>
    <section id="434" first-pos="224">
        <run start="1367" length="1" level="0"/>
        <run start="1367" length="1" level="0"/>
        <run start="1367" length="1" level="0"/>
        <run start="1367" length="1" level="0"/>
        <run start="1367" length="1" level="0"/>
        <run start="1366" length="3" level="0"/>
        <run start="1365" length="4" level="0"/>
    </section>
    <section id="458" first-pos="231">
        <run start="1368" length="2" level="0"/>
    </section>
    <section id="461" first-pos="232">
        <run start="1368" length="9" level="0"/>
        <run start="1369" length="7" level="0"/>
        <run start="1370" length="5" level="0"/>
    </section>
    <section id="435" first-pos="224">
        <run start="1378" length="1" level="0"/>
        <run start="1378" length="1" level="0"/>
        <run start="1378" length="1" level="0"/>
        <run start="1378" length="1" level="0"/>
        <run start="1378" length="1" level="0"/>
        <run start="1377" length="2" level="0"/>
        <run start="1377" length="1" level="0"/>
        <run start="1375" length="3" level="0"/>
    </section>
</members></stick>
