<?xml version="1.0" encoding="UTF-8"?>
<stick id="2042" interline="15" shape="CLUTTER">
    <is-within-system>true</is-within-system>
    <has-ledger>false</has-ledger>
    <stem-number>0</stem-number>
    <step-line>15.733333333333333</step-line>
    <moments>
        <k>11.928888888888888</k>
        <k>6.0</k>
        <k>5.066666666666666</k>
        <k>0.28584868396578084</k>
        <k>1.2354660094585784E-4</k>
        <k>0.26958332331082685</k>
        <k>-0.005061214677928798</k>
        <k>-0.015333363985994136</k>
        <k>-0.005951904495935915</k>
        <k>-0.049975475453132086</k>
        <k>0.5554320072766077</k>
        <k>2.6462301228614624E-4</k>
        <k>1.7950287372950225E-4</k>
        <k>0.004386533302823315</k>
        <k>2.7988280566044185E-6</k>
        <k>-6.704748867837737E-5</k>
        <k>-2.7050630594035147E-6</k>
        <k>207.84649776453054</k>
        <k>1774.8204172876303</k>
    </moments><members>
    <section id="360" first-pos="166">
        <run start="1731" length="76" level="0"/>
        <run start="1731" length="76" level="0"/>
        <run start="1731" length="76" level="0"/>
        <run start="1731" length="76" level="0"/>
        <run start="1731" length="76" level="0"/>
        <run start="1731" length="76" level="0"/>
    </section>
    <section id="363" first-pos="172">
        <run start="1731" length="6" level="0"/>
        <run start="1731" length="6" level="0"/>
        <run start="1731" length="6" level="0"/>
        <run start="1731" length="6" level="0"/>
        <run start="1731" length="6" level="0"/>
        <run start="1731" length="6" level="0"/>
        <run start="1731" length="6" level="0"/>
        <run start="1731" length="6" level="0"/>
        <run start="1731" length="6" level="0"/>
        <run start="1731" length="6" level="0"/>
        <run start="1731" length="6" level="0"/>
        <run start="1731" length="6" level="0"/>
        <run start="1731" length="6" level="0"/>
        <run start="1731" length="6" level="0"/>
        <run start="1731" length="6" level="0"/>
        <run start="1731" length="6" level="0"/>
        <run start="1731" length="6" level="0"/>
        <run start="1731" length="6" level="0"/>
        <run start="1731" length="6" level="0"/>
        <run start="1731" length="6" level="0"/>
        <run start="1731" length="6" level="0"/>
        <run start="1731" length="6" level="0"/>
        <run start="1731" length="6" level="0"/>
        <run start="1731" length="6" level="0"/>
        <run start="1731" length="6" level="0"/>
        <run start="1731" length="6" level="0"/>
        <run start="1731" length="6" level="0"/>
        <run start="1731" length="6" level="0"/>
        <run start="1731" length="6" level="0"/>
        <run start="1731" length="6" level="0"/>
        <run start="1731" length="6" level="0"/>
        <run start="1731" length="6" level="0"/>
        <run start="1731" length="6" level="0"/>
        <run start="1731" length="6" level="0"/>
        <run start="1731" length="6" level="0"/>
        <run start="1731" length="6" level="0"/>
        <run start="1731" length="6" level="0"/>
        <run start="1731" length="6" level="0"/>
        <run start="1731" length="6" level="0"/>
        <run start="1731" length="6" level="0"/>
        <run start="1731" length="6" level="0"/>
        <run start="1731" length="6" level="0"/>
        <run start="1731" length="6" level="0"/>
        <run start="1731" length="6" level="0"/>
        <run start="1731" length="6" level="0"/>
        <run start="1731" length="6" level="0"/>
        <run start="1731" length="6" level="0"/>
        <run start="1731" length="6" level="0"/>
        <run start="1731" length="6" level="0"/>
        <run start="1731" length="6" level="0"/>
        <run start="1731" length="6" level="0"/>
        <run start="1731" length="6" level="0"/>
        <run start="1731" length="6" level="0"/>
        <run start="1731" length="6" level="0"/>
        <run start="1731" length="6" level="0"/>
        <run start="1731" length="6" level="0"/>
        <run start="1731" length="6" level="0"/>
        <run start="1731" length="6" level="0"/>
        <run start="1731" length="6" level="0"/>
        <run start="1731" length="6" level="0"/>
        <run start="1731" length="6" level="0"/>
        <run start="1731" length="6" level="0"/>
        <run start="1731" length="6" level="0"/>
        <run start="1731" length="6" level="0"/>
        <run start="1731" length="6" level="0"/>
        <run start="1731" length="6" level="0"/>
        <run start="1731" length="6" level="0"/>
        <run start="1731" length="6" level="0"/>
        <run start="1731" length="6" level="0"/>
        <run start="1731" length="6" level="0"/>
    </section>
    <section id="493" first-pos="242">
        <run start="1731" length="76" level="0"/>
        <run start="1731" length="76" level="0"/>
        <run start="1731" length="76" level="0"/>
        <run start="1731" length="76" level="0"/>
        <run start="1731" length="76" level="0"/>
        <run start="1731" length="76" level="0"/>
    </section>
    <section id="481" first-pos="240">
        <run start="1760" length="2" level="0"/>
        <run start="1760" length="2" level="0"/>
    </section>
    <section id="482" first-pos="240">
        <run start="1784" length="2" level="0"/>
        <run start="1784" length="2" level="0"/>
    </section>
    <section id="364" first-pos="172">
        <run start="1801" length="6" level="0"/>
        <run start="1801" length="6" level="0"/>
        <run start="1801" length="6" level="0"/>
        <run start="1801" length="6" level="0"/>
        <run start="1801" length="6" level="0"/>
        <run start="1801" length="6" level="0"/>
        <run start="1801" length="6" level="0"/>
        <run start="1801" length="6" level="0"/>
        <run start="1801" length="6" level="0"/>
        <run start="1801" length="6" level="0"/>
        <run start="1801" length="6" level="0"/>
        <run start="1801" length="6" level="0"/>
        <run start="1801" length="6" level="0"/>
        <run start="1801" length="6" level="0"/>
        <run start="1801" length="6" level="0"/>
        <run start="1801" length="6" level="0"/>
        <run start="1801" length="6" level="0"/>
        <run start="1801" length="6" level="0"/>
        <run start="1801" length="6" level="0"/>
        <run start="1801" length="6" level="0"/>
        <run start="1801" length="6" level="0"/>
        <run start="1801" length="6" level="0"/>
        <run start="1801" length="6" level="0"/>
        <run start="1801" length="6" level="0"/>
        <run start="1801" length="6" level="0"/>
        <run start="1801" length="6" level="0"/>
        <run start="1801" length="6" level="0"/>
        <run start="1801" length="6" level="0"/>
        <run start="1801" length="6" level="0"/>
        <run start="1801" length="6" level="0"/>
        <run start="1801" length="6" level="0"/>
        <run start="1801" length="6" level="0"/>
        <run start="1801" length="6" level="0"/>
        <run start="1801" length="6" level="0"/>
        <run start="1801" length="6" level="0"/>
        <run start="1801" length="6" level="0"/>
        <run start="1801" length="6" level="0"/>
        <run start="1801" length="6" level="0"/>
        <run start="1801" length="6" level="0"/>
        <run start="1801" length="6" level="0"/>
        <run start="1801" length="6" level="0"/>
        <run start="1801" length="6" level="0"/>
        <run start="1801" length="6" level="0"/>
        <run start="1801" length="6" level="0"/>
        <run start="1801" length="6" level="0"/>
        <run start="1801" length="6" level="0"/>
        <run start="1801" length="6" level="0"/>
        <run start="1801" length="6" level="0"/>
        <run start="1801" length="6" level="0"/>
        <run start="1801" length="6" level="0"/>
        <run start="1801" length="6" level="0"/>
        <run start="1801" length="6" level="0"/>
        <run start="1801" length="6" level="0"/>
        <run start="1801" length="6" level="0"/>
        <run start="1801" length="6" level="0"/>
        <run start="1801" length="6" level="0"/>
        <run start="1801" length="6" level="0"/>
        <run start="1801" length="6" level="0"/>
        <run start="1801" length="6" level="0"/>
        <run start="1801" length="6" level="0"/>
        <run start="1801" length="6" level="0"/>
        <run start="1801" length="6" level="0"/>
        <run start="1801" length="6" level="0"/>
        <run start="1801" length="6" level="0"/>
        <run start="1801" length="6" level="0"/>
        <run start="1801" length="6" level="0"/>
        <run start="1801" length="6" level="0"/>
        <run start="1801" length="6" level="0"/>
        <run start="1801" length="6" level="0"/>
        <run start="1801" length="6" level="0"/>
    </section>
    <section id="509" first-pos="248">
        <run start="1760" length="26" level="0"/>
    </section>
    <section id="510" first-pos="249">
        <run start="1760" length="2" level="0"/>
        <run start="1760" length="2" level="0"/>
        <run start="1760" length="2" level="0"/>
        <run start="1760" length="2" level="0"/>
        <run start="1760" length="2" level="0"/>
        <run start="1760" length="2" level="0"/>
        <run start="1760" length="2" level="0"/>
    </section>
    <section id="511" first-pos="249">
        <run start="1784" length="2" level="0"/>
        <run start="1784" length="2" level="0"/>
        <run start="1784" length="2" level="0"/>
        <run start="1784" length="2" level="0"/>
        <run start="1784" length="2" level="0"/>
        <run start="1784" length="2" level="0"/>
        <run start="1784" length="2" level="0"/>
    </section>
    <section id="396" first-pos="186">
        <run start="1760" length="2" level="0"/>
        <run start="1760" length="2" level="0"/>
        <run start="1760" length="2" level="0"/>
        <run start="1760" length="2" level="0"/>
        <run start="1760" length="2" level="0"/>
        <run start="1760" length="2" level="0"/>
        <run start="1760" length="2" level="0"/>
    </section>
    <section id="398" first-pos="193">
        <run start="1760" length="26" level="0"/>
        <run start="1760" length="26" level="0"/>
    </section>
    <section id="397" first-pos="186">
        <run start="1784" length="2" level="0"/>
        <run start="1784" length="2" level="0"/>
        <run start="1784" length="2" level="0"/>
        <run start="1784" length="2" level="0"/>
        <run start="1784" length="2" level="0"/>
        <run start="1784" length="2" level="0"/>
        <run start="1784" length="2" level="0"/>
    </section>
    <section id="399" first-pos="195">
        <run start="1760" length="2" level="0"/>
        <run start="1760" length="2" level="0"/>
        <run start="1760" length="2" level="0"/>
        <run start="1760" length="2" level="0"/>
        <run start="1760" length="2" level="0"/>
        <run start="1760" length="2" level="0"/>
        <run start="1760" length="2" level="0"/>
    </section>
    <section id="400" first-pos="195">
        <run start="1784" length="2" level="0"/>
        <run start="1784" length="2" level="0"/>
        <run start="1784" length="2" level="0"/>
        <run start="1784" length="2" level="0"/>
        <run start="1784" length="2" level="0"/>
        <run start="1784" length="2" level="0"/>
        <run start="1784" length="2" level="0"/>
    </section>
    <section id="414" first-pos="213">
        <run start="1760" length="2" level="0"/>
        <run start="1760" length="2" level="0"/>
        <run start="1760" length="2" level="0"/>
        <run start="1760" length="2" level="0"/>
        <run start="1760" length="2" level="0"/>
        <run start="1760" length="2" level="0"/>
        <run start="1760" length="2" level="0"/>
    </section>
    <section id="427" first-pos="220">
        <run start="1760" length="26" level="0"/>
        <run start="1760" length="26" level="0"/>
    </section>
    <section id="415" first-pos="213">
        <run start="1784" length="2" level="0"/>
        <run start="1784" length="2" level="0"/>
        <run start="1784" length="2" level="0"/>
        <run start="1784" length="2" level="0"/>
        <run start="1784" length="2" level="0"/>
        <run start="1784" length="2" level="0"/>
        <run start="1784" length="2" level="0"/>
    </section>
    <section id="431" first-pos="222">
        <run start="1760" length="2" level="0"/>
        <run start="1760" length="2" level="0"/>
        <run start="1760" length="2" level="0"/>
        <run start="1760" length="2" level="0"/>
        <run start="1760" length="2" level="0"/>
        <run start="1760" length="2" level="0"/>
        <run start="1760" length="2" level="0"/>
    </section>
    <section id="432" first-pos="222">
        <run start="1784" length="2" level="0"/>
        <run start="1784" length="2" level="0"/>
        <run start="1784" length="2" level="0"/>
        <run start="1784" length="2" level="0"/>
        <run start="1784" length="2" level="0"/>
        <run start="1784" length="2" level="0"/>
        <run start="1784" length="2" level="0"/>
    </section>
    <section id="364" first-pos="172">
        <run start="1801" length="6" level="0"/>
        <run start="1801" length="6" level="0"/>
        <run start="1801" length="6" level="0"/>
        <run start="1801" length="6" level="0"/>
        <run start="1801" length="6" level="0"/>
        <run start="1801" length="6" level="0"/>
        <run start="1801" length="6" level="0"/>
        <run start="1801" length="6" level="0"/>
        <run start="1801" length="6" level="0"/>
        <run start="1801" length="6" level="0"/>
        <run start="1801" length="6" level="0"/>
        <run start="1801" length="6" level="0"/>
        <run start="1801" length="6" level="0"/>
        <run start="1801" length="6" level="0"/>
        <run start="1801" length="6" level="0"/>
        <run start="1801" length="6" level="0"/>
        <run start="1801" length="6" level="0"/>
        <run start="1801" length="6" level="0"/>
        <run start="1801" length="6" level="0"/>
        <run start="1801" length="6" level="0"/>
        <run start="1801" length="6" level="0"/>
        <run start="1801" length="6" level="0"/>
        <run start="1801" length="6" level="0"/>
        <run start="1801" length="6" level="0"/>
        <run start="1801" length="6" level="0"/>
        <run start="1801" length="6" level="0"/>
        <run start="1801" length="6" level="0"/>
        <run start="1801" length="6" level="0"/>
        <run start="1801" length="6" level="0"/>
        <run start="1801" length="6" level="0"/>
        <run start="1801" length="6" level="0"/>
        <run start="1801" length="6" level="0"/>
        <run start="1801" length="6" level="0"/>
        <run start="1801" length="6" level="0"/>
        <run start="1801" length="6" level="0"/>
        <run start="1801" length="6" level="0"/>
        <run start="1801" length="6" level="0"/>
        <run start="1801" length="6" level="0"/>
        <run start="1801" length="6" level="0"/>
        <run start="1801" length="6" level="0"/>
        <run start="1801" length="6" level="0"/>
        <run start="1801" length="6" level="0"/>
        <run start="1801" length="6" level="0"/>
        <run start="1801" length="6" level="0"/>
        <run start="1801" length="6" level="0"/>
        <run start="1801" length="6" level="0"/>
        <run start="1801" length="6" level="0"/>
        <run start="1801" length="6" level="0"/>
        <run start="1801" length="6" level="0"/>
        <run start="1801" length="6" level="0"/>
        <run start="1801" length="6" level="0"/>
        <run start="1801" length="6" level="0"/>
        <run start="1801" length="6" level="0"/>
        <run start="1801" length="6" level="0"/>
        <run start="1801" length="6" level="0"/>
        <run start="1801" length="6" level="0"/>
        <run start="1801" length="6" level="0"/>
        <run start="1801" length="6" level="0"/>
        <run start="1801" length="6" level="0"/>
        <run start="1801" length="6" level="0"/>
        <run start="1801" length="6" level="0"/>
        <run start="1801" length="6" level="0"/>
        <run start="1801" length="6" level="0"/>
        <run start="1801" length="6" level="0"/>
        <run start="1801" length="6" level="0"/>
        <run start="1801" length="6" level="0"/>
        <run start="1801" length="6" level="0"/>
        <run start="1801" length="6" level="0"/>
        <run start="1801" length="6" level="0"/>
        <run start="1801" length="6" level="0"/>
    </section>
    <section id="397" first-pos="186">
        <run start="1784" length="2" level="0"/>
        <run start="1784" length="2" level="0"/>
        <run start="1784" length="2" level="0"/>
        <run start="1784" length="2" level="0"/>
        <run start="1784" length="2" level="0"/>
        <run start="1784" length="2" level="0"/>
        <run start="1784" length="2" level="0"/>
    </section>
    <section id="398" first-pos="193">
        <run start="1760" length="26" level="0"/>
        <run start="1760" length="26" level="0"/>
    </section>
    <section id="396" first-pos="186">
        <run start="1760" length="2" level="0"/>
        <run start="1760" length="2" level="0"/>
        <run start="1760" length="2" level="0"/>
        <run start="1760" length="2" level="0"/>
        <run start="1760" length="2" level="0"/>
        <run start="1760" length="2" level="0"/>
        <run start="1760" length="2" level="0"/>
    </section>
    <section id="399" first-pos="195">
        <run start="1760" length="2" level="0"/>
        <run start="1760" length="2" level="0"/>
        <run start="1760" length="2" level="0"/>
        <run start="1760" length="2" level="0"/>
        <run start="1760" length="2" level="0"/>
        <run start="1760" length="2" level="0"/>
        <run start="1760" length="2" level="0"/>
    </section>
    <section id="400" first-pos="195">
        <run start="1784" length="2" level="0"/>
        <run start="1784" length="2" level="0"/>
        <run start="1784" length="2" level="0"/>
        <run start="1784" length="2" level="0"/>
        <run start="1784" length="2" level="0"/>
        <run start="1784" length="2" level="0"/>
        <run start="1784" length="2" level="0"/>
    </section>
    <section id="415" first-pos="213">
        <run start="1784" length="2" level="0"/>
        <run start="1784" length="2" level="0"/>
        <run start="1784" length="2" level="0"/>
        <run start="1784" length="2" level="0"/>
        <run start="1784" length="2" level="0"/>
        <run start="1784" length="2" level="0"/>
        <run start="1784" length="2" level="0"/>
    </section>
    <section id="427" first-pos="220">
        <run start="1760" length="26" level="0"/>
        <run start="1760" length="26" level="0"/>
    </section>
    <section id="414" first-pos="213">
        <run start="1760" length="2" level="0"/>
        <run start="1760" length="2" level="0"/>
        <run start="1760" length="2" level="0"/>
        <run start="1760" length="2" level="0"/>
        <run start="1760" length="2" level="0"/>
        <run start="1760" length="2" level="0"/>
        <run start="1760" length="2" level="0"/>
    </section>
    <section id="431" first-pos="222">
        <run start="1760" length="2" level="0"/>
        <run start="1760" length="2" level="0"/>
        <run start="1760" length="2" level="0"/>
        <run start="1760" length="2" level="0"/>
        <run start="1760" length="2" level="0"/>
        <run start="1760" length="2" level="0"/>
        <run start="1760" length="2" level="0"/>
    </section>
    <section id="432" first-pos="222">
        <run start="1784" length="2" level="0"/>
        <run start="1784" length="2" level="0"/>
        <run start="1784" length="2" level="0"/>
        <run start="1784" length="2" level="0"/>
        <run start="1784" length="2" level="0"/>
        <run start="1784" length="2" level="0"/>
        <run start="1784" length="2" level="0"/>
    </section>
    <section id="482" first-pos="240">
        <run start="1784" length="2" level="0"/>
        <run start="1784" length="2" level="0"/>
    </section>
    <section id="511" first-pos="249">
        <run start="1784" length="2" level="0"/>
        <run start="1784" length="2" level="0"/>
        <run start="1784" length="2" level="0"/>
        <run start="1784" length="2" level="0"/>
        <run start="1784" length="2" level="0"/>
        <run start="1784" length="2" level="0"/>
        <run start="1784" length="2" level="0"/>
    </section>
</members></stick>
