<?xml version="1.0" encoding="UTF-8"?>
<stick id="368" interline="15" shape="CLUTTER">
    <is-within-system>true</is-within-system>
    <has-ledger>false</has-ledger>
    <stem-number>0</stem-number>
    <step-line>-10.8</step-line>
    <moments>
        <k>0.64</k>
        <k>1.1333333333333333</k>
        <k>1.4</k>
        <k>0.1597861877357684</k>
        <k>-0.00208239561899864</k>
        <k>0.28800020361797013</k>
        <k>0.012528707346029056</k>
        <k>0.002837333956343139</k>
        <k>-0.016404634737444142</k>
        <k>0.006873945319447854</k>
        <k>0.44778639135373854</k>
        <k>0.01645617935469758</k>
        <k>0.0038148333113063406</k>
        <k>1.0933175831592936E-4</k>
        <k>6.332877979182169E-8</k>
        <k>1.047912065270877E-5</k>
        <k>3.12255141301569E-8</k>
        <k>246.28472222222223</k>
        <k>742.7361111111111</k>
    </moments><members>
    <section id="471" first-pos="238">
        <run start="733" length="1" level="0"/>
        <run start="733" length="1" level="0"/>
        <run start="733" length="1" level="0"/>
    </section>
    <section id="483" first-pos="241">
        <run start="733" length="21" level="0"/>
        <run start="733" length="21" level="0"/>
        <run start="733" length="21" level="0"/>
    </section>
    <section id="476" first-pos="239">
        <run start="753" length="1" level="0"/>
        <run start="752" length="2" level="0"/>
    </section>
    <section id="494" first-pos="244">
        <run start="733" length="1" level="0"/>
        <run start="733" length="1" level="0"/>
        <run start="733" length="1" level="0"/>
        <run start="733" length="1" level="0"/>
        <run start="733" length="1" level="0"/>
        <run start="733" length="2" level="0"/>
        <run start="733" length="3" level="0"/>
    </section>
    <section id="516" first-pos="251">
        <run start="734" length="7" level="0"/>
        <run start="734" length="7" level="0"/>
        <run start="735" length="5" level="0"/>
    </section>
    <section id="495" first-pos="244">
        <run start="742" length="1" level="0"/>
        <run start="742" length="1" level="0"/>
        <run start="742" length="1" level="0"/>
        <run start="742" length="1" level="0"/>
        <run start="742" length="1" level="0"/>
        <run start="741" length="3" level="0"/>
        <run start="740" length="4" level="0"/>
    </section>
    <section id="517" first-pos="251">
        <run start="743" length="2" level="0"/>
    </section>
    <section id="518" first-pos="252">
        <run start="743" length="9" level="0"/>
        <run start="744" length="7" level="0"/>
        <run start="745" length="5" level="0"/>
    </section>
    <section id="496" first-pos="244">
        <run start="753" length="1" level="0"/>
        <run start="753" length="1" level="0"/>
        <run start="753" length="1" level="0"/>
        <run start="753" length="1" level="0"/>
        <run start="753" length="1" level="0"/>
        <run start="752" length="2" level="0"/>
        <run start="752" length="1" level="0"/>
        <run start="750" length="3" level="0"/>
    </section>
</members></stick>
