<?xml version="1.0" encoding="UTF-8"?>
<stick id="2154" interline="15" shape="COMBINING_FLAG_1">
    <is-within-system>true</is-within-system>
    <has-ledger>false</has-ledger>
    <stem-number>1</stem-number>
    <step-line>0.26666666666666666</step-line>
    <moments>
        <k>0.5777777777777777</k>
        <k>1.2</k>
        <k>2.3333333333333335</k>
        <k>0.23027264451524776</k>
        <k>0.294878015475649</k>
        <k>0.46091078743741515</k>
        <k>0.007975306813011142</k>
        <k>0.03578772710452835</k>
        <k>0.08770457728611944</k>
        <k>0.19786452130994794</k>
        <k>0.6911834319526629</k>
        <k>0.4010061290140145</k>
        <k>0.0732861084757575</k>
        <k>0.06374801341036321</k>
        <k>0.004348332766448325</k>
        <k>0.036848864388558694</k>
        <k>-2.783597263125038E-4</k>
        <k>1056.7615384615385</k>
        <k>826.2076923076924</k>
    </moments><members>
    <section id="1426" first-pos="1049">
        <run start="812" length="13" level="31"/>
        <run start="814" length="10" level="20"/>
        <run start="816" length="9" level="44"/>
        <run start="817" length="8" level="50"/>
        <run start="818" length="7" level="57"/>
        <run start="819" length="6" level="67"/>
        <run start="820" length="6" level="67"/>
        <run start="821" length="6" level="67"/>
        <run start="822" length="6" level="67"/>
        <run start="823" length="6" level="67"/>
        <run start="824" length="6" level="33"/>
        <run start="826" length="5" level="0"/>
        <run start="827" length="5" level="0"/>
        <run start="828" length="6" level="0"/>
        <run start="830" length="8" level="0"/>
    </section>
    <section id="1438" first-pos="1064">
        <run start="832" length="15" level="13"/>
    </section>
    <section id="1439" first-pos="1065">
        <run start="836" length="7" level="29"/>
    </section>
    <section id="1441" first-pos="1066">
        <run start="839" length="1" level="200"/>
    </section>
</members></stick>
