<?xml version="1.0" encoding="UTF-8"?>
<stick id="2104" interline="15" shape="COMBINING_FLAG_1">
    <is-within-system>true</is-within-system>
    <has-ledger>false</has-ledger>
    <stem-number>1</stem-number>
    <step-line>-2.4</step-line>
    <moments>
        <k>0.6</k>
        <k>1.1333333333333333</k>
        <k>3.0</k>
        <k>0.20925428034344354</k>
        <k>0.31729959863841906</k>
        <k>0.7462333993801761</k>
        <k>-0.012748604040738567</k>
        <k>-0.00919555509602024</k>
        <k>0.06360179504387502</k>
        <k>0.5921558735910726</k>
        <k>0.9554876797236196</k>
        <k>0.6910627154658727</k>
        <k>0.4255150410043368</k>
        <k>0.3424287799750544</k>
        <k>0.1305040283637479</k>
        <k>0.21872568255637376</k>
        <k>-0.007356619630385003</k>
        <k>1582.325925925926</k>
        <k>598.1185185185185</k>
    </moments><members>
    <section id="1756" first-pos="1574">
        <run start="582" length="11" level="18"/>
        <run start="584" length="9" level="22"/>
        <run start="586" length="8" level="25"/>
        <run start="587" length="7" level="0"/>
        <run start="588" length="7" level="0"/>
        <run start="589" length="6" level="0"/>
        <run start="590" length="6" level="0"/>
        <run start="591" length="6" level="0"/>
        <run start="592" length="6" level="0"/>
        <run start="593" length="6" level="0"/>
        <run start="594" length="6" level="0"/>
        <run start="596" length="5" level="0"/>
        <run start="597" length="5" level="40"/>
        <run start="598" length="6" level="33"/>
        <run start="600" length="8" level="25"/>
    </section>
    <section id="1768" first-pos="1589">
        <run start="601" length="15" level="13"/>
    </section>
    <section id="1769" first-pos="1590">
        <run start="606" length="7" level="0"/>
    </section>
    <section id="1763" first-pos="1584">
        <run start="626" length="1" level="0"/>
    </section>
    <section id="1764" first-pos="1585">
        <run start="624" length="2" level="0"/>
    </section>
    <section id="1765" first-pos="1586">
        <run start="622" length="2" level="0"/>
    </section>
    <section id="1766" first-pos="1587">
        <run start="620" length="2" level="0"/>
    </section>
    <section id="1767" first-pos="1588">
        <run start="616" length="4" level="50"/>
    </section>
</members></stick>
