<?xml version="1.0" encoding="UTF-8"?>
<stick id="2105" interline="15" shape="COMBINING_FLAG_1">
    <is-within-system>true</is-within-system>
    <has-ledger>false</has-ledger>
    <stem-number>1</stem-number>
    <step-line>-3.466666666666667</step-line>
    <moments>
        <k>0.6177777777777778</k>
        <k>1.2</k>
        <k>3.0</k>
        <k>0.2126250968584896</k>
        <k>0.3096101867018364</k>
        <k>0.6769061434254081</k>
        <k>-0.004944791796958603</k>
        <k>0.008429827705450525</k>
        <k>0.08581737510149895</k>
        <k>0.5200575763322711</k>
        <k>0.8895312402838977</k>
        <k>0.598990761039457</k>
        <k>0.31364760816886494</k>
        <k>0.28583931095687987</k>
        <k>0.08554219728231499</k>
        <k>0.17956776328374305</k>
        <k>-0.0027452126099954885</k>
        <k>865.0791366906475</k>
        <k>589.8201438848921</k>
    </moments><members>
    <section id="1147" first-pos="857">
        <run start="574" length="13" level="31"/>
        <run start="576" length="10" level="20"/>
        <run start="578" length="9" level="44"/>
        <run start="579" length="8" level="50"/>
        <run start="580" length="7" level="57"/>
        <run start="581" length="6" level="67"/>
        <run start="582" length="6" level="67"/>
        <run start="583" length="6" level="67"/>
        <run start="584" length="6" level="67"/>
        <run start="585" length="6" level="67"/>
        <run start="586" length="6" level="33"/>
        <run start="588" length="5" level="0"/>
        <run start="589" length="5" level="0"/>
        <run start="590" length="6" level="0"/>
        <run start="592" length="8" level="0"/>
    </section>
    <section id="1174" first-pos="872">
        <run start="594" length="15" level="13"/>
    </section>
    <section id="1175" first-pos="873">
        <run start="598" length="7" level="29"/>
    </section>
    <section id="1176" first-pos="874">
        <run start="601" length="1" level="200"/>
    </section>
    <section id="1164" first-pos="867">
        <run start="618" length="1" level="0"/>
    </section>
    <section id="1167" first-pos="869">
        <run start="614" length="3" level="67"/>
    </section>
    <section id="1168" first-pos="870">
        <run start="612" length="2" level="0"/>
    </section>
    <section id="1170" first-pos="871">
        <run start="609" length="3" level="0"/>
    </section>
</members></stick>
