<?xml version="1.0" encoding="UTF-8"?>
<stick id="1796" interline="15" shape="COMMON_TIME">
    <is-within-system>true</is-within-system>
    <has-ledger>false</has-ledger>
    <stem-number>0</stem-number>
    <step-line>-0.26666666666666666</step-line>
    <moments>
        <k>1.1866666666666668</k>
        <k>1.7333333333333334</k>
        <k>1.9333333333333333</k>
        <k>0.2192787778480178</k>
        <k>-0.0455175780516325</k>
        <k>0.24381886400783687</k>
        <k>0.04860533484073475</k>
        <k>-0.017315521894526252</k>
        <k>0.01892337962719575</k>
        <k>0.0449194739614353</k>
        <k>0.46309764185585467</k>
        <k>0.00888961547547717</k>
        <k>0.009449693661534956</k>
        <k>0.0053221054474034985</k>
        <k>-3.579622845153803E-5</k>
        <k>-4.325967827978934E-4</k>
        <k>-1.196447781380433E-5</k>
        <k>229.1198501872659</k>
        <k>614.4344569288389</k>
    </moments><members>
    <section id="420" first-pos="218">
        <run start="616" length="1" level="200"/>
    </section>
    <section id="424" first-pos="219">
        <run start="612" length="7" level="29"/>
    </section>
    <section id="426" first-pos="220">
        <run start="609" length="13" level="15"/>
        <run start="607" length="17" level="12"/>
        <run start="606" length="20" level="10"/>
        <run start="605" length="22" level="9"/>
        <run start="604" length="24" level="8"/>
        <run start="603" length="26" level="8"/>
    </section>
    <section id="436" first-pos="226">
        <run start="602" length="7" level="29"/>
        <run start="602" length="4" level="50"/>
        <run start="602" length="3" level="67"/>
        <run start="602" length="2" level="100"/>
        <run start="602" length="2" level="100"/>
        <run start="602" length="1" level="200"/>
    </section>
    <section id="437" first-pos="226">
        <run start="621" length="9" level="22"/>
        <run start="625" length="6" level="67"/>
        <run start="627" length="4" level="100"/>
        <run start="628" length="3" level="133"/>
        <run start="630" length="1" level="200"/>
    </section>
    <section id="467" first-pos="234">
        <run start="630" length="1" level="200"/>
        <run start="629" length="2" level="200"/>
        <run start="628" length="3" level="133"/>
        <run start="628" length="2" level="100"/>
        <run start="627" length="2" level="0"/>
        <run start="626" length="2" level="0"/>
        <run start="625" length="2" level="0"/>
        <run start="623" length="3" level="0"/>
        <run start="620" length="4" level="0"/>
    </section>
    <section id="466" first-pos="234">
        <run start="609" length="2" level="0"/>
        <run start="607" length="5" level="0"/>
        <run start="607" length="6" level="0"/>
        <run start="606" length="8" level="0"/>
        <run start="606" length="8" level="0"/>
        <run start="606" length="8" level="0"/>
    </section>
    <section id="479" first-pos="240">
        <run start="603" length="11" level="0"/>
        <run start="604" length="9" level="0"/>
        <run start="605" length="7" level="0"/>
        <run start="607" length="4" level="0"/>
    </section>
    <section id="470" first-pos="237">
        <run start="603" length="1" level="0"/>
        <run start="602" length="2" level="100"/>
        <run start="602" length="3" level="67"/>
    </section>
</members></stick>
