<?xml version="1.0" encoding="UTF-8"?>
<stick id="700" interline="15" shape="FLAT">
    <is-within-system>true</is-within-system>
    <has-ledger>false</has-ledger>
    <stem-number>0</stem-number>
    <step-line>3.2</step-line>
    <moments>
        <k>0.6666666666666666</k>
        <k>0.8666666666666667</k>
        <k>2.8</k>
        <k>0.11579970370370403</k>
        <k>0.09585007407407418</k>
        <k>0.728404148148148</k>
        <k>0.025727399702198277</k>
        <k>0.008894480384467527</k>
        <k>-0.13646454874117778</k>
        <k>-0.4256893399832929</k>
        <k>0.8442038518518521</k>
        <k>0.4120331521531079</k>
        <k>0.3939714577208513</k>
        <k>0.1859806711652857</k>
        <k>0.05033810000461128</k>
        <k>0.11660391274770873</k>
        <k>6.595619945298989E-4</k>
        <k>1343.8266666666666</k>
        <k>1890.2933333333333</k>
    </moments><members>
    <section id="1622" first-pos="1340">
        <run start="1866" length="42" level="14"/>
        <run start="1866" length="41" level="15"/>
    </section>
    <section id="1623" first-pos="1342">
        <run start="1891" length="1" level="0"/>
        <run start="1890" length="2" level="0"/>
        <run start="1890" length="1" level="0"/>
        <run start="1890" length="1" level="0"/>
        <run start="1889" length="2" level="0"/>
        <run start="1889" length="2" level="0"/>
        <run start="1889" length="3" level="0"/>
    </section>
    <section id="1629" first-pos="1349">
        <run start="1889" length="11" level="18"/>
        <run start="1889" length="10" level="20"/>
        <run start="1890" length="8" level="25"/>
        <run start="1892" length="5" level="40"/>
    </section>
    <section id="1624" first-pos="1342">
        <run start="1904" length="2" level="0"/>
        <run start="1903" length="2" level="0"/>
        <run start="1902" length="2" level="0"/>
        <run start="1901" length="3" level="0"/>
        <run start="1900" length="3" level="0"/>
        <run start="1898" length="4" level="0"/>
        <run start="1896" length="5" level="40"/>
    </section>
</members></stick>
