<?xml version="1.0" encoding="UTF-8" standalone="yes"?>
<samples sheet-name="IMSLP00693#21">
    <sample shape="G_CLEF" interline="13" pitch="0.5" left="332" top="311" id="604">
        <run-table orientation="VERTICAL" width="40" height="102">
            <runs>0 55 3 1 2</runs>
            <runs>0 49 18</runs>
            <runs>0 49 19</runs>
            <runs>0 47 22</runs>
            <runs>0 45 27</runs>
            <runs>0 44 30</runs>
            <runs>0 41 19 2 13 18 1</runs>
            <runs>0 36 21 11 12 9 7</runs>
            <runs>0 36 18 15 11 8 9</runs>
            <runs>0 36 17 18 9 7 12</runs>
            <runs>0 36 16 20 8 6 14</runs>
            <runs>0 36 16 20 8 5 15</runs>
            <runs>0 35 17 22 1 10 16</runs>
            <runs>0 34 14 36 18</runs>
            <runs>0 12 14 6 14 9 13 16 13 2 3</runs>
            <runs>0 10 35 9 16 15 12 2 3</runs>
            <runs>0 7 37 10 16 15 12 2 3</runs>
            <runs>0 5 38 7 21 14 12 2 3</runs>
            <runs>0 5 15 2 21 7 10 8 4 14 10 3 3</runs>
            <runs>0 3 12 13 17 5 9 10 4 13 10 4 2</runs>
            <runs>0 2 12 13 21 2 8 11 3 16 6 5 3</runs>
            <runs>0 1 11 10 36 41 3</runs>
            <runs>11 11 36 40 4</runs>
            <runs>9 13 19 8 13 36 4</runs>
            <runs>9 11 16 13 18 30 5</runs>
            <runs>0 1 8 8 18 14 23 24 5</runs>
            <runs>0 2 10 1 19 17 9 5 17 15 6</runs>
            <runs>0 4 28 17 9 6 17 12 7</runs>
            <runs>0 5 27 17 9 11 15 7 8</runs>
            <runs>0 8 20 21 9 16 24</runs>
            <runs>0 10 16 23 10 16 22</runs>
            <runs>0 17 1 2 2 28 11 13 22</runs>
            <runs>0 50 17 4 9 6 7</runs>
            <runs>0 50 17 1 12</runs>
            <runs>0 50 30</runs>
            <runs>0 50 30</runs>
            <runs>0 54 21</runs>
            <runs>0 55 18</runs>
            <runs>0 58 13</runs>
            <runs>0 58 12</runs>
        </run-table>
    </sample>
    <sample shape="C_CLEF" interline="13" pitch="-0.1" left="338" top="1189" id="678">
        <run-table orientation="VERTICAL" width="43" height="59">
            <runs>0 2 18 17 4 6 1 1 2 2 3</runs>
            <runs>0 1 58</runs>
            <runs>0 1 58</runs>
            <runs>59</runs>
            <runs>0 1 58</runs>
            <runs>59</runs>
            <runs>59</runs>
            <runs>59</runs>
            <runs>0 1 58</runs>
            <runs></runs>
            <runs></runs>
            <runs>59</runs>
            <runs>59</runs>
            <runs>0 1 58</runs>
            <runs>0 1 58</runs>
            <runs></runs>
            <runs></runs>
            <runs>0 3 10 11 11 13 11</runs>
            <runs>0 2 11 10 14 10 12</runs>
            <runs>0 2 12 2 30 1 12</runs>
            <runs>0 2 13 1 43</runs>
            <runs>0 2 13 1 43</runs>
            <runs>0 2 40 1 16</runs>
            <runs>0 1 18 2 6 3 9 4 16</runs>
            <runs>0 1 13 9 3 4 8 5 16</runs>
            <runs>0 1 13 9 3 4 8 9 8</runs>
            <runs>0 23 4 3 10 9 3</runs>
            <runs>0 23 4 3 10</runs>
            <runs>0 23 4 3 11</runs>
            <runs>0 23 5 2 11</runs>
            <runs>0 22 6 2 10</runs>
            <runs>0 20 8 2 10 2 7 1 9</runs>
            <runs>0 1 58</runs>
            <runs>0 2 57</runs>
            <runs>0 2 57</runs>
            <runs>0 3 56</runs>
            <runs>0 3 56</runs>
            <runs>0 3 52</runs>
            <runs>0 3 24 2 25</runs>
            <runs>0 8 15 14 15</runs>
            <runs>0 9 14 14 14</runs>
            <runs>0 13 9 19 9</runs>
            <runs>0 19 2</runs>
        </run-table>
    </sample>
    <sample shape="C_CLEF" interline="13" pitch="-0.0" left="341" top="2684" id="800">
        <run-table orientation="VERTICAL" width="41" height="59">
            <runs>58</runs>
            <runs>58</runs>
            <runs>58</runs>
            <runs>59</runs>
            <runs>59</runs>
            <runs>58</runs>
            <runs>58</runs>
            <runs>0 1 57</runs>
            <runs>0 1 10</runs>
            <runs></runs>
            <runs>0 5 4 2 2 32 2 1 10</runs>
            <runs>0 1 58</runs>
            <runs>58</runs>
            <runs>58</runs>
            <runs>0 27 6 19 1</runs>
            <runs>0 1 9 16 8 15 9</runs>
            <runs>0 1 11 12 12 12 10</runs>
            <runs>0 1 12 9 16 9 11</runs>
            <runs>0 1 13 4 21 8 11</runs>
            <runs>0 1 13 1 29 2 12</runs>
            <runs>0 1 13 1 30 1 12</runs>
            <runs>0 1 13 1 30 1 13</runs>
            <runs>0 1 13 6 20 6 13</runs>
            <runs>0 5 9 8 4 7 4 10 7</runs>
            <runs>0 5 8 10 4 6 3 12 5</runs>
            <runs>0 7 5 11 4 6 2 14 1</runs>
            <runs>0 23 4 1 8</runs>
            <runs>0 23 5 1 7</runs>
            <runs>0 23 5 1 7</runs>
            <runs>0 22 6 1 9 14 7</runs>
            <runs>0 1 18 2 6 2 11 2 16</runs>
            <runs>0 1 26 2 29</runs>
            <runs>0 1 25 7 25</runs>
            <runs>0 1 25 7 25</runs>
            <runs>0 1 24 8 25</runs>
            <runs>0 2 22 11 23</runs>
            <runs>0 5 19 11 23</runs>
            <runs>0 5 18 14 17</runs>
            <runs>0 7 15 16 14</runs>
            <runs>0 9 11 20 9</runs>
            <runs>0 11 7</runs>
        </run-table>
    </sample>
    <sample shape="FLAT" interline="13" pitch="-3.8" left="403" top="1732" id="837">
        <run-table orientation="VERTICAL" width="15" height="37">
            <runs>0 9 1</runs>
            <runs>36</runs>
            <runs>37</runs>
            <runs>37</runs>
            <runs>36</runs>
            <runs></runs>
            <runs>0 28 7</runs>
            <runs>0 27 8</runs>
            <runs>0 16 7 3 9</runs>
            <runs>0 16 16</runs>
            <runs>0 16 16</runs>
            <runs>0 16 14</runs>
            <runs>0 17 13</runs>
            <runs>0 17 12</runs>
            <runs>0 18 9</runs>
        </run-table>
    </sample>
    <sample shape="SHARP" interline="13" pitch="-2.0" left="389" top="1895" id="841">
        <run-table orientation="VERTICAL" width="16" height="44">
            <runs>0 14 9 5 10</runs>
            <runs>0 13 10 5 10</runs>
            <runs>0 7 17 2 18</runs>
            <runs>0 3 41</runs>
            <runs>0 3 41</runs>
            <runs>0 3 41</runs>
            <runs>0 12 7 8 7</runs>
            <runs>0 12 7 7 12</runs>
            <runs>0 12 7 7 7</runs>
            <runs>0 1 18 6 8 7 1</runs>
            <runs>42</runs>
            <runs>0 1 40</runs>
            <runs>0 1 16 2 13</runs>
            <runs>0 8 9 4 10</runs>
            <runs>0 8 8 8 7</runs>
            <runs>0 8 8 9 5</runs>
        </run-table>
    </sample>
</samples>
