<?xml version="1.0" encoding="UTF-8" standalone="yes"?>
<samples sheet-name="IMSLP00005#3">
    <sample shape="G_CLEF" interline="22" pitch="0.6" left="184" top="304" id="329">
        <run-table orientation="VERTICAL" width="58" height="155">
            <runs>0 89 8</runs>
            <runs>0 88 12</runs>
            <runs>0 85 18</runs>
            <runs>0 80 25</runs>
            <runs>0 77 30</runs>
            <runs>0 73 35</runs>
            <runs>0 72 38</runs>
            <runs>0 71 40</runs>
            <runs>0 69 43</runs>
            <runs>0 68 24 7 14 29 1</runs>
            <runs>0 67 22 14 10 24 10</runs>
            <runs>0 66 20 20 8 22 13</runs>
            <runs>0 64 20 23 8 20 15</runs>
            <runs>0 63 20 26 10 15 16</runs>
            <runs>0 62 19 29 9 14 19</runs>
            <runs>0 61 18 33 7 14 20</runs>
            <runs>0 60 18 35 3 16 21</runs>
            <runs>0 59 17 15 8 14 3 16 22</runs>
            <runs>0 58 17 14 13 12 2 16 22</runs>
            <runs>0 57 18 13 17 10 1 16 22</runs>
            <runs>0 56 19 10 22 8 1 16 22</runs>
            <runs>0 55 20 9 16 1 7 7 1 16 23</runs>
            <runs>0 55 20 8 14 7 5 23 23</runs>
            <runs>0 50 20 12 10 14 4 23 17 1 4</runs>
            <runs>0 26 13 11 19 12 10 16 4 22 16 2 4</runs>
            <runs>0 25 20 5 18 11 11 19 3 21 15 3 4</runs>
            <runs>0 20 47 12 10 45 14 3 4</runs>
            <runs>0 17 50 11 11 46 12 4 4</runs>
            <runs>0 17 50 11 10 49 8 6 4</runs>
            <runs>0 16 26 1 32 2 10 64 4</runs>
            <runs>0 14 21 12 40 64 3</runs>
            <runs>0 13 18 15 41 2 4 57 4</runs>
            <runs>0 10 18 18 16 6 32 49 5</runs>
            <runs>0 9 15 22 16 10 33 44 4</runs>
            <runs>0 8 14 23 16 11 17 1 22 36 5</runs>
            <runs>0 7 13 23 17 12 15 7 28 25 4</runs>
            <runs>0 5 14 23 17 13 14 19 26 14 6</runs>
            <runs>0 4 13 25 15 15 14 24 29 1 10</runs>
            <runs>0 4 13 23 16 16 14 29 34</runs>
            <runs>0 2 14 23 16 17 14 39 24</runs>
            <runs>0 1 13 24 17 18 14 44 17</runs>
            <runs>14 22 18 19 14 50 5 1 1</runs>
            <runs>0 1 13 21 19 19 14</runs>
            <runs>0 1 12 20 21 19 15</runs>
            <runs>0 2 10 18 20 27 11</runs>
            <runs>0 3 10 15 20 30 10</runs>
            <runs>0 4 11 2 28 33 11 24 7</runs>
            <runs>0 7 35 37 11 22 8</runs>
            <runs>0 8 32 39 12 20 5</runs>
            <runs>0 10 24 46 13 16 6</runs>
            <runs>0 15 2 63 14 13 7</runs>
            <runs>0 82 15 8 8</runs>
            <runs>0 82 30</runs>
            <runs>0 84 26</runs>
            <runs>0 85 24</runs>
            <runs>0 86 22</runs>
            <runs>0 88 1 3 12</runs>
            <runs>0 101 1</runs>
        </run-table>
    </sample>
    <sample shape="G_CLEF" interline="22" pitch="0.6" left="183" top="866" id="376">
        <run-table orientation="VERTICAL" width="57" height="156">
            <runs>0 88 14</runs>
            <runs>0 82 22</runs>
            <runs>0 79 27</runs>
            <runs>0 73 35</runs>
            <runs>0 73 36</runs>
            <runs>0 73 32 1 5</runs>
            <runs>0 72 34 1 5</runs>
            <runs>0 71 35 1 6</runs>
            <runs>0 69 37 1 7 25 7</runs>
            <runs>0 67 26 12 10 22 12</runs>
            <runs>0 66 23 17 10 19 15</runs>
            <runs>0 65 21 21 14 13 17</runs>
            <runs>0 63 21 25 12 12 19</runs>
            <runs>0 62 19 30 10 12 19</runs>
            <runs>0 61 19 32 9 11 21</runs>
            <runs>0 59 19 34 9 11 21</runs>
            <runs>0 58 19 36 8 11 22</runs>
            <runs>0 58 19 15 12 10 7 11 22</runs>
            <runs>0 58 19 12 18 8 2 15 23</runs>
            <runs>0 56 21 10 21 7 2 15 23</runs>
            <runs>0 51 26 8 25 6 1 15 23</runs>
            <runs>0 51 21 12 15 3 8 6 1 15 23</runs>
            <runs>0 52 18 13 15 7 6 21 23</runs>
            <runs>0 28 11 1 1 1 1 9 17 12 12 15 4 21 23</runs>
            <runs>0 27 18 6 18 11 11 19 2 21 16 2 4</runs>
            <runs>0 24 44 11 11 21 1 22 14 3 4</runs>
            <runs>0 22 45 12 10 46 12 4 4</runs>
            <runs>0 18 49 11 11 47 10 4 5</runs>
            <runs>0 16 19 11 26 1 15 62 5</runs>
            <runs>0 13 20 15 40 62 5</runs>
            <runs>0 12 21 14 41 62 4</runs>
            <runs>0 10 17 19 18 4 1 1 22 58 4</runs>
            <runs>0 9 18 18 18 9 36 42 5</runs>
            <runs>0 8 16 22 16 12 48 27 5</runs>
            <runs>0 8 15 22 16 13 51 23 6</runs>
            <runs>0 6 15 23 16 14 14 13 1 4 29 10 8</runs>
            <runs>0 5 15 22 17 15 13 26 27 1 11</runs>
            <runs>0 5 14 22 17 16 13 30 33</runs>
            <runs>0 3 15 22 17 17 14 33 2 2 24</runs>
            <runs>0 1 15 23 17 18 14 45 14</runs>
            <runs>0 1 14 22 19 18 14 28 1 21 6</runs>
            <runs>13 22 20 19 14 28 1</runs>
            <runs>0 1 12 18 19 24 15 26 2</runs>
            <runs>0 2 10 16 21 25 14 27 2</runs>
            <runs>0 4 9 14 21 27 14 25 7</runs>
            <runs>0 6 10 1 2 7 19 2 1 31 11 23 8</runs>
            <runs>0 9 33 38 10 21 6</runs>
            <runs>0 12 26 42 12 18 7</runs>
            <runs>0 15 22 43 13 16 7</runs>
            <runs>0 18 9 55 13 12 8</runs>
            <runs>0 82 18 2 12</runs>
            <runs>0 83 30</runs>
            <runs>0 84 28</runs>
            <runs>0 86 24</runs>
            <runs>0 87 21</runs>
            <runs>0 87 17</runs>
            <runs>0 92 8</runs>
        </run-table>
    </sample>
    <sample shape="G_CLEF" interline="22" pitch="0.8" left="185" top="1060" id="378">
        <run-table orientation="VERTICAL" width="58" height="157">
            <runs>0 87 11</runs>
            <runs>0 82 19</runs>
            <runs>0 79 24</runs>
            <runs>0 77 29</runs>
            <runs>0 73 34</runs>
            <runs>0 72 36</runs>
            <runs>0 71 39</runs>
            <runs>0 70 42</runs>
            <runs>0 68 45 30 1</runs>
            <runs>0 67 46 26 9</runs>
            <runs>0 65 26 11 12 23 12</runs>
            <runs>0 64 25 15 11 20 16</runs>
            <runs>0 63 22 22 8 19 18</runs>
            <runs>0 62 21 26 11 14 18</runs>
            <runs>0 61 21 28 10 14 19</runs>
            <runs>0 60 20 32 8 13 20</runs>
            <runs>0 59 18 35 8 13 21</runs>
            <runs>0 58 19 15 7 14 7 13 22</runs>
            <runs>0 57 19 13 14 11 1 18 22</runs>
            <runs>0 56 19 11 20 26 23</runs>
            <runs>0 55 20 10 23 25 22</runs>
            <runs>0 50 25 8 26 23 24</runs>
            <runs>0 50 21 11 27 24 23</runs>
            <runs>0 50 20 11 18 6 6 22 23</runs>
            <runs>0 25 14 1 4 3 1 2 19 11 12 15 5 21 17 1 5</runs>
            <runs>0 20 48 11 12 18 3 21 17 1 5</runs>
            <runs>0 17 51 10 12 20 3 21 15 2 5</runs>
            <runs>0 16 52 9 13 21 1 24 13 2 6</runs>
            <runs>0 13 77 47 10 4 6</runs>
            <runs>0 12 22 8 1 3 1 1 41 51 4 7 6</runs>
            <runs>0 10 23 14 41 63 5</runs>
            <runs>0 9 18 20 18 2 25 58 6</runs>
            <runs>0 7 18 21 18 9 28 49 6</runs>
            <runs>0 6 16 23 17 11 37 1 1 37 6</runs>
            <runs>0 5 15 24 17 12 40 2 9 24 7</runs>
            <runs>0 3 16 24 17 13 15 6 40 12 9</runs>
            <runs>0 2 16 24 17 14 15 13 53</runs>
            <runs>0 1 16 24 17 15 14 20 46</runs>
            <runs>15 24 17 17 14 22 1 3 39</runs>
            <runs>14 24 17 18 14 38 25</runs>
            <runs>13 24 17 19 15 41 20</runs>
            <runs>12 22 20 19 15 46 14</runs>
            <runs>0 2 10 18 24 23 11 51 3 1 2</runs>
            <runs>0 4 9 15 20 25 15</runs>
            <runs>0 6 13 5 23 30 12 25 1</runs>
            <runs>0 8 38 32 11 24 8</runs>
            <runs>0 11 33 34 12 22 9</runs>
            <runs>0 15 27 37 13 20 8</runs>
            <runs>0 19 16 45 13 18 9</runs>
            <runs>0 80 18 11 11</runs>
            <runs>0 80 18 7 11</runs>
            <runs>0 82 20 1 12</runs>
            <runs>0 83 31</runs>
            <runs>0 84 29</runs>
            <runs>0 86 26</runs>
            <runs>0 88 22</runs>
            <runs>0 90 18</runs>
            <runs>0 93 11 1 1</runs>
        </run-table>
    </sample>
    <sample shape="G_CLEF" interline="22" pitch="0.7" left="181" top="1404" id="408">
        <run-table orientation="VERTICAL" width="57" height="155">
            <runs>0 84 16</runs>
            <runs>0 80 23</runs>
            <runs>0 77 29</runs>
            <runs>0 72 35</runs>
            <runs>0 72 37</runs>
            <runs>0 71 38 29 5 2 1</runs>
            <runs>0 70 40 25 12</runs>
            <runs>0 69 42 23 15</runs>
            <runs>0 67 45 21 17</runs>
            <runs>0 66 22 1 2 9 13 20 18</runs>
            <runs>0 64 22 17 11 18 19</runs>
            <runs>0 64 19 23 9 17 19</runs>
            <runs>0 62 20 26 11 13 20</runs>
            <runs>0 61 18 30 10 12 22</runs>
            <runs>0 60 18 32 9 12 22</runs>
            <runs>0 60 17 34 8 12 22</runs>
            <runs>0 59 17 13 12 11 7 11 23</runs>
            <runs>0 59 16 12 17 9 2 15 23</runs>
            <runs>0 58 17 11 19 8 2 15 24</runs>
            <runs>0 57 18 9 23 6 2 15 19 1 4</runs>
            <runs>0 56 19 8 25 6 1 16 17 2 4</runs>
            <runs>0 55 16 11 16 2 9 5 1 16 16 3 4</runs>
            <runs>0 50 20 11 11 11 7 4 1 18 14 3 4</runs>
            <runs>0 50 19 10 11 16 5 22 12 5 4</runs>
            <runs>0 50 18 10 11 19 3 23 10 6 4</runs>
            <runs>0 38 1 11 17 11 10 21 2 25 5 8 4</runs>
            <runs>0 28 13 9 17 10 11 62 5</runs>
            <runs>0 26 20 2 19 11 10 62 4</runs>
            <runs>0 22 47 8 11 62 4</runs>
            <runs>0 19 69 61 5</runs>
            <runs>0 17 71 1 2 57 5</runs>
            <runs>0 15 22 1 2 7 58 42 6</runs>
            <runs>0 13 21 13 16 9 39 2 1 31 7</runs>
            <runs>0 12 21 14 15 11 49 5 1 4 6 3 10</runs>
            <runs>0 10 18 18 15 12 13 8 56</runs>
            <runs>0 9 17 20 14 13 13 15 48</runs>
            <runs>0 8 16 21 15 14 12 27 34</runs>
            <runs>0 7 15 22 15 14 13 30 17 3 7</runs>
            <runs>0 6 15 22 15 15 14 51 1</runs>
            <runs>0 5 14 22 16 16 14</runs>
            <runs>0 4 14 22 16 17 14</runs>
            <runs>0 3 14 22 16 18 15</runs>
            <runs>0 2 13 23 17 18 15</runs>
            <runs>14 22 18 23 11 25 7</runs>
            <runs>13 21 20 24 10 25 7</runs>
            <runs>13 17 20 28 11 23 8</runs>
            <runs>0 1 11 17 18 32 11 21 9</runs>
            <runs>0 2 11 15 17 34 12 19 6</runs>
            <runs>0 3 13 4 1 2 21 36 13 15 7</runs>
            <runs>0 6 35 40 17 8 8</runs>
            <runs>0 10 28 44 17 1 13</runs>
            <runs>0 12 24 47 29</runs>
            <runs>0 18 7 1 7 51 27</runs>
            <runs>0 85 24</runs>
            <runs>0 88 19</runs>
            <runs>0 90 15</runs>
            <runs>0 92 10</runs>
        </run-table>
    </sample>
    <sample shape="G_CLEF" interline="22" pitch="0.7" left="183" top="1959" id="455">
        <run-table orientation="VERTICAL" width="57" height="157">
            <runs>0 87 12</runs>
            <runs>0 83 19</runs>
            <runs>0 79 25</runs>
            <runs>0 77 30</runs>
            <runs>0 74 34</runs>
            <runs>0 73 36</runs>
            <runs>0 73 38</runs>
            <runs>0 71 41 30 3</runs>
            <runs>0 69 44 24 10 1 1</runs>
            <runs>0 68 20 14 11 23 14</runs>
            <runs>0 67 17 22 8 20 17</runs>
            <runs>0 66 17 25 7 19 18</runs>
            <runs>0 64 18 27 7 17 20</runs>
            <runs>0 63 17 30 11 12 21</runs>
            <runs>0 62 15 34 10 12 21</runs>
            <runs>0 61 16 35 9 12 21</runs>
            <runs>0 60 16 16 3 18 7 13 23</runs>
            <runs>0 59 17 14 14 30 22</runs>
            <runs>0 59 18 11 18 28 22</runs>
            <runs>0 58 19 9 22 25 18 1 5</runs>
            <runs>0 57 20 7 17 2 6 24 18 1 5</runs>
            <runs>0 57 15 11 16 7 4 24 16 3 3</runs>
            <runs>0 52 20 10 12 14 4 22 16 3 4</runs>
            <runs>0 53 19 9 11 17 4 22 14 4 4</runs>
            <runs>0 53 18 9 10 21 2 22 13 5 4</runs>
            <runs>0 53 17 10 9 47 11 6 4</runs>
            <runs>0 26 20 6 16 11 10 48 9 6 4</runs>
            <runs>0 24 43 12 9 49 2 13 4</runs>
            <runs>0 21 46 11 10 63 5</runs>
            <runs>0 19 52 3 14 62 6</runs>
            <runs>0 17 20 11 41 61 6</runs>
            <runs>0 14 20 14 52 49 6</runs>
            <runs>0 13 21 13 16 8 36 7 1 33 7</runs>
            <runs>0 11 16 20 16 11 14 3 34 23 6</runs>
            <runs>0 10 15 21 16 12 13 9 40 9 8</runs>
            <runs>0 9 15 21 16 13 13 20 44</runs>
            <runs>0 8 13 23 17 13 13 27 1 1 34</runs>
            <runs>0 6 13 24 16 15 13 30 32</runs>
            <runs>0 5 14 23 16 16 13 40 21</runs>
            <runs>0 5 12 24 16 17 13 29 1 18 10</runs>
            <runs>0 4 12 24 16 18 13 28 2</runs>
            <runs>0 3 11 25 16 20 13 27 2</runs>
            <runs>0 2 11 24 18 19 14 26 7</runs>
            <runs>13 22 16 27 11 25 7</runs>
            <runs>12 20 18 28 11 24 8</runs>
            <runs>0 1 11 19 18 30 11 22 9</runs>
            <runs>0 3 9 15 19 33 12 20 10</runs>
            <runs>0 7 36 38 11 18 7</runs>
            <runs>0 10 31 40 13 15 7</runs>
            <runs>0 14 25 43 17 7 9</runs>
            <runs>0 20 13 50 31</runs>
            <runs>0 84 29</runs>
            <runs>0 84 28</runs>
            <runs>0 86 24</runs>
            <runs>0 88 10 1 9</runs>
            <runs>0 89 17</runs>
            <runs>0 92 4 3 1</runs>
        </run-table>
    </sample>
    <sample shape="G_CLEF" interline="22" pitch="0.5" left="182" top="2496" id="508">
        <run-table orientation="VERTICAL" width="76" height="156">
            <runs>0 86 12</runs>
            <runs>0 81 20</runs>
            <runs>0 74 30 4 1</runs>
            <runs>0 74 35</runs>
            <runs>0 73 35</runs>
            <runs>0 72 27 1 10</runs>
            <runs>0 70 40 28 7</runs>
            <runs>0 69 43 25 10</runs>
            <runs>0 67 22 12 12 22 13</runs>
            <runs>0 67 20 17 10 20 18</runs>
            <runs>0 66 18 23 9 18 19</runs>
            <runs>0 66 17 26 8 16 20</runs>
            <runs>0 64 17 31 10 11 20</runs>
            <runs>0 63 17 33 8 12 21</runs>
            <runs>0 62 17 35 7 12 21</runs>
            <runs>0 61 16 37 7 12 22</runs>
            <runs>0 60 17 16 7 4 1 10 1 17 22</runs>
            <runs>0 58 19 13 15 27 23</runs>
            <runs>0 58 19 10 19 26 24</runs>
            <runs>0 57 16 12 23 25 23</runs>
            <runs>0 53 19 12 12 1 12 24 17 1 5</runs>
            <runs>0 52 19 12 11 12 4 24 15 2 5</runs>
            <runs>0 53 17 12 11 15 4 22 15 2 5</runs>
            <runs>0 53 16 12 10 18 3 23 13 4 4</runs>
            <runs>0 52 16 13 9 47 9 6 4</runs>
            <runs>0 36 1 3 10 2 16 11 10 52 3 8 3</runs>
            <runs>0 25 41 13 10 63 3</runs>
            <runs>0 22 44 12 10 63 4</runs>
            <runs>0 19 22 4 28 1 14 63 3</runs>
            <runs>0 17 23 8 40 62 4</runs>
            <runs>0 15 20 13 41 60 5</runs>
            <runs>0 14 20 13 16 7 30 49 4</runs>
            <runs>0 12 16 18 16 12 32 5 11 25 6</runs>
            <runs>0 10 16 20 16 13 12 1 37 1 3 16 7</runs>
            <runs>0 9 15 21 16 14 11 13 4 1 47</runs>
            <runs>0 8 15 21 16 15 11 23 2 5 33</runs>
            <runs>0 6 14 22 17 15 12 31 2 6 22</runs>
            <runs>0 5 14 23 16 16 12 31 2 16 9</runs>
            <runs>0 4 14 22 17 17 12 30 3</runs>
            <runs>0 3 13 24 16 19 12 29 3</runs>
            <runs>0 2 13 24 16 19 13 28 4</runs>
            <runs>14 24 18 19 12 28 4</runs>
            <runs>13 23 15 24 12 27 4</runs>
            <runs>13 18 18 29 10 25 4</runs>
            <runs>12 19 16 32 9 24 5</runs>
            <runs>0 2 10 17 16 34 10 23 4</runs>
            <runs>0 4 10 11 17 37 11 21 5</runs>
            <runs>0 6 34 40 11 19 5</runs>
            <runs>0 9 30 42 11 17 5</runs>
            <runs>0 13 23 45 14 11 8</runs>
            <runs>0 16 18 49 16 5 8</runs>
            <runs>0 84 27</runs>
            <runs>0 85 26</runs>
            <runs>0 86 23</runs>
            <runs>0 88 20</runs>
            <runs>0 91 13</runs>
            <runs></runs>
            <runs></runs>
            <runs></runs>
            <runs></runs>
            <runs></runs>
            <runs></runs>
            <runs></runs>
            <runs></runs>
            <runs></runs>
            <runs></runs>
            <runs></runs>
            <runs></runs>
            <runs></runs>
            <runs></runs>
            <runs></runs>
            <runs></runs>
            <runs></runs>
            <runs></runs>
            <runs>0 72 2 13 1</runs>
            <runs>0 64 28</runs>
        </run-table>
    </sample>
    <sample shape="G_CLEF" interline="22" pitch="0.4" left="175" top="3017" id="569">
        <run-table orientation="VERTICAL" width="57" height="158">
            <runs>0 90 11</runs>
            <runs>0 85 18</runs>
            <runs>0 82 24</runs>
            <runs>0 75 33</runs>
            <runs>0 75 34</runs>
            <runs>0 75 36</runs>
            <runs>0 73 39</runs>
            <runs>0 72 41</runs>
            <runs>0 70 22 4 18</runs>
            <runs>0 69 21 12 12 27 5</runs>
            <runs>0 67 23 17 10 22 11</runs>
            <runs>0 67 21 22 8 20 14</runs>
            <runs>0 66 16 1 3 26 7 18 16</runs>
            <runs>0 65 17 31 6 18 17</runs>
            <runs>0 64 18 32 9 13 18</runs>
            <runs>0 63 18 35 7 13 19</runs>
            <runs>0 62 17 37 7 13 20</runs>
            <runs>0 61 18 13 12 13 2 17 20</runs>
            <runs>0 60 19 11 17 10 2 17 20</runs>
            <runs>0 59 20 11 18 10 1 16 22</runs>
            <runs>0 58 16 14 22 25 22</runs>
            <runs>0 54 19 13 11 5 1 3 5 25 21</runs>
            <runs>0 54 18 13 10 15 3 23 16 2 3</runs>
            <runs>0 54 18 12 10 17 2 23 16 2 4</runs>
            <runs>0 30 10 2 2 10 17 12 9 20 3 22 14 3 4</runs>
            <runs>0 24 28 1 17 12 9 22 1 23 13 4 3</runs>
            <runs>0 21 48 12 10 47 12 4 4</runs>
            <runs>0 19 49 13 9 50 8 6 3</runs>
            <runs>0 17 23 2 26 12 10 64 3</runs>
            <runs>0 15 22 12 24 1 15 65 3</runs>
            <runs>0 14 21 14 40 64 4</runs>
            <runs>0 13 16 19 18 2 21 1 6 57 4</runs>
            <runs>0 12 15 21 16 11 30 47 5</runs>
            <runs>0 10 15 22 16 13 14 1 21 39 5</runs>
            <runs>0 9 14 23 17 13 13 9 20 32 5</runs>
            <runs>0 8 14 23 17 14 13 15 28 16 7</runs>
            <runs>0 6 14 24 16 16 12 24 1 2 29 2 7</runs>
            <runs>0 5 14 24 17 16 12 30 35</runs>
            <runs>0 4 15 23 17 17 12 38 25</runs>
            <runs>0 2 16 23 16 19 13 43 17</runs>
            <runs>17 22 18 19 13 55 2</runs>
            <runs>15 22 20 19 13 28 1</runs>
            <runs>14 18 25 20 12 27 7</runs>
            <runs>0 1 13 18 19 26 12 27 7</runs>
            <runs>0 2 11 18 18 28 12 27 2</runs>
            <runs>0 5 8 12 22 33 11 24 3</runs>
            <runs>0 8 8 3 27 35 11 22 4</runs>
            <runs>0 9 33 39 12 20 5</runs>
            <runs>0 12 26 44 12 18 5</runs>
            <runs>0 15 4 4 12 47 14 14 6</runs>
            <runs>0 83 18 7 7</runs>
            <runs>0 84 18 3 9</runs>
            <runs>0 85 28</runs>
            <runs>0 86 21</runs>
            <runs>0 88 14 2 3</runs>
            <runs>0 93 9 2 1</runs>
            <runs>0 96 2</runs>
        </run-table>
    </sample>
    <sample shape="G_CLEF" interline="22" pitch="0.4" left="178" top="3227" id="571">
        <run-table orientation="VERTICAL" width="57" height="155">
            <runs>0 87 4 3 2</runs>
            <runs>0 82 20</runs>
            <runs>0 75 29</runs>
            <runs>0 75 31</runs>
            <runs>0 74 35</runs>
            <runs>0 73 37</runs>
            <runs>0 71 40</runs>
            <runs>0 69 43</runs>
            <runs>0 68 26 4 15</runs>
            <runs>0 66 25 13 10</runs>
            <runs>0 65 24 17 9 27 2</runs>
            <runs>0 65 20 24 7 21 10</runs>
            <runs>0 63 20 27 6 20 13</runs>
            <runs>0 62 19 30 6 18 15</runs>
            <runs>0 61 18 33 6 17 16</runs>
            <runs>0 60 18 35 5 16 18</runs>
            <runs>0 59 19 16 3 17 8 12 19</runs>
            <runs>0 58 20 14 11 12 3 15 20</runs>
            <runs>0 57 17 16 16 10 2 15 21</runs>
            <runs>0 54 19 13 22 8 2 15 21</runs>
            <runs>0 54 18 13 24 7 2 14 22</runs>
            <runs>0 54 17 13 11 9 6 7 1 14 22</runs>
            <runs>0 27 13 14 16 13 11 13 4 22 22</runs>
            <runs>0 23 21 1 2 6 16 13 11 15 4 22 16 1 4</runs>
            <runs>0 21 47 13 10 19 2 22 15 3 3</runs>
            <runs>0 19 49 12 10 45 14 3 3</runs>
            <runs>0 15 22 7 24 7 14 47 11 5 3</runs>
            <runs>0 14 21 14 21 5 14 48 9 6 3</runs>
            <runs>0 12 22 15 39 51 5 8 3</runs>
            <runs>0 10 17 20 41 64 2</runs>
            <runs>0 9 16 22 17 4 20 64 2</runs>
            <runs>0 7 16 23 17 11 18 2 7 51 2</runs>
            <runs>0 6 16 23 17 14 29 46 3</runs>
            <runs>0 5 15 24 17 15 35 39 4</runs>
            <runs>0 4 14 25 17 15 12 10 17 36 3</runs>
            <runs>0 2 15 24 18 16 12 17 20 25 4</runs>
            <runs>0 1 15 24 17 18 11 26 19 18 3</runs>
            <runs>15 24 17 19 11 31 21 7 6</runs>
            <runs>13 25 18 19 11 31 33</runs>
            <runs>12 20 24 19 11 41 21</runs>
            <runs>0 1 11 20 20 23 11 46 14</runs>
            <runs>0 4 8 19 19 26 11 51 1 1 5</runs>
            <runs>0 5 9 12 21 29 11 28 7</runs>
            <runs>0 8 7 8 22 31 12 27 7</runs>
            <runs>0 9 8 1 25 33 12 26 4</runs>
            <runs>0 13 4 1 21 36 14 24 4</runs>
            <runs>0 15 20 44 11 22 4</runs>
            <runs>0 21 2 57 10 21 5</runs>
            <runs>0 80 11 18 6</runs>
            <runs>0 81 12 14 7</runs>
            <runs>0 82 18 5 8</runs>
            <runs>0 83 29</runs>
            <runs>0 84 27</runs>
            <runs>0 85 25</runs>
            <runs>0 88 20</runs>
            <runs>0 89 16</runs>
            <runs>0 92 2</runs>
        </run-table>
    </sample>
    <sample shape="F_CLEF" interline="22" pitch="-1.4" left="176" top="525" id="337">
        <run-table orientation="VERTICAL" width="65" height="70">
            <runs>0 65 1</runs>
            <runs>0 64 2</runs>
            <runs>0 64 2</runs>
            <runs>0 64 2</runs>
            <runs>0 64 2</runs>
            <runs>0 63 7</runs>
            <runs>0 15 5 43 6</runs>
            <runs>0 12 14 37 6</runs>
            <runs>0 11 15 37 6</runs>
            <runs>0 9 18 36 6</runs>
            <runs>0 8 5 5 10 34 7</runs>
            <runs>0 7 4 7 11 33 7</runs>
            <runs>0 6 5 7 12 31 8</runs>
            <runs>0 5 4 8 13 31 4</runs>
            <runs>0 1 7 9 13 30 5</runs>
            <runs>0 4 3 9 14 30 5</runs>
            <runs>0 4 2 10 14 30 4</runs>
            <runs>0 4 1 11 14 30 4</runs>
            <runs>0 4 1 11 14 29 4</runs>
            <runs>0 16 14 28 4</runs>
            <runs>0 16 14 28 4</runs>
            <runs>0 17 12 28 5</runs>
            <runs>0 17 12 27 5</runs>
            <runs>0 18 10 27 6</runs>
            <runs>0 19 8 28 6</runs>
            <runs>0 54 6</runs>
            <runs>0 53 7</runs>
            <runs>0 52 7</runs>
            <runs>0 51 8</runs>
            <runs>0 50 9</runs>
            <runs>0 49 9</runs>
            <runs>0 48 9</runs>
            <runs>0 4 1 39 12</runs>
            <runs>0 4 1 39 12</runs>
            <runs>0 4 2 37 12</runs>
            <runs>0 4 3 35 13</runs>
            <runs>0 1 7 32 14</runs>
            <runs>9 29 14</runs>
            <runs>10 1 1 24 16</runs>
            <runs>13 18 20</runs>
            <runs>0 1 49</runs>
            <runs>50</runs>
            <runs>0 4 44</runs>
            <runs>0 5 43</runs>
            <runs>0 5 42</runs>
            <runs>0 6 42</runs>
            <runs>0 8 40</runs>
            <runs>0 9 34</runs>
            <runs>0 10 31</runs>
            <runs>0 12 27</runs>
            <runs>0 14 24</runs>
            <runs>0 18 17</runs>
            <runs>0 20 14</runs>
            <runs></runs>
            <runs>0 14 1</runs>
            <runs>0 12 6 14 6</runs>
            <runs>0 11 7 13 8</runs>
            <runs>0 10 9 12 8</runs>
            <runs>0 10 9 11 9</runs>
            <runs>0 10 9 12 9</runs>
            <runs>0 10 9 12 9</runs>
            <runs>0 10 9 12 8</runs>
            <runs>0 10 8 13 8</runs>
            <runs>0 11 7 14 6</runs>
            <runs>0 13 3 17 4</runs>
        </run-table>
    </sample>
    <sample shape="F_CLEF" interline="22" pitch="-1.7" left="173" top="1634" id="418">
        <run-table orientation="VERTICAL" width="64" height="70">
            <runs>0 66 1</runs>
            <runs>0 66 1</runs>
            <runs>0 66 1</runs>
            <runs>0 66 1</runs>
            <runs>0 15 7 44 1</runs>
            <runs>0 13 13 39 2</runs>
            <runs>0 10 17 38 2</runs>
            <runs>0 9 19 36 3</runs>
            <runs>0 8 21 35 3</runs>
            <runs>0 7 6 7 10 33 7</runs>
            <runs>0 6 6 7 12 32 7</runs>
            <runs>0 1 10 8 12 32 7</runs>
            <runs>0 1 8 9 13 31 8</runs>
            <runs>0 1 7 10 13 31 4</runs>
            <runs>0 5 2 10 14 30 5</runs>
            <runs>0 5 2 10 15 29 5</runs>
            <runs>0 5 1 11 15 28 5</runs>
            <runs>0 5 1 11 15 28 5</runs>
            <runs>0 5 1 11 14 28 5</runs>
            <runs>0 5 1 12 13 27 6</runs>
            <runs>0 18 13 27 5</runs>
            <runs>0 19 11 27 6</runs>
            <runs>0 19 10 28 5</runs>
            <runs>0 56 6</runs>
            <runs>0 54 7</runs>
            <runs>0 5 1 48 7</runs>
            <runs>0 5 1 47 7</runs>
            <runs>0 5 1 45 8</runs>
            <runs>0 5 1 44 9</runs>
            <runs>0 5 2 42 9</runs>
            <runs>0 5 2 38 13</runs>
            <runs>0 1 7 37 12</runs>
            <runs>0 1 8 36 12</runs>
            <runs>0 2 8 34 12</runs>
            <runs>12 31 12</runs>
            <runs>13 29 12</runs>
            <runs>0 2 14 23 15</runs>
            <runs>0 2 17 16 18</runs>
            <runs>0 2 28 1 21</runs>
            <runs>0 2 49</runs>
            <runs>0 2 48</runs>
            <runs>0 2 47</runs>
            <runs>0 2 47</runs>
            <runs>0 1 48</runs>
            <runs>0 7 42</runs>
            <runs>0 7 42</runs>
            <runs>0 8 36</runs>
            <runs>0 8 33</runs>
            <runs>0 9 31</runs>
            <runs>0 12 25</runs>
            <runs>0 15 20</runs>
            <runs>0 18 4 6 6</runs>
            <runs>0 15 2</runs>
            <runs>0 12 6</runs>
            <runs>0 11 9 12 5</runs>
            <runs>0 11 9 12 6</runs>
            <runs>0 10 10 11 9</runs>
            <runs>0 10 10 11 9</runs>
            <runs>0 10 9 12 9</runs>
            <runs>0 11 8 12 9</runs>
            <runs>0 11 8 12 8</runs>
            <runs>0 11 7 13 8</runs>
            <runs>0 13 5 15 5</runs>
            <runs>0 34 1</runs>
        </run-table>
    </sample>
    <sample shape="F_CLEF" interline="22" pitch="-1.6" left="181" top="2181" id="464">
        <run-table orientation="VERTICAL" width="59" height="68">
            <runs>0 63 1</runs>
            <runs>0 14 11 38 1</runs>
            <runs>0 11 14 38 1</runs>
            <runs>0 9 16 37 2</runs>
            <runs>0 8 18 36 2</runs>
            <runs>0 6 6 6 9 35 2</runs>
            <runs>0 5 6 7 9 34 7</runs>
            <runs>0 4 5 9 10 33 4</runs>
            <runs>7 10 12 32 3</runs>
            <runs>0 5 1 11 12 31 4</runs>
            <runs>0 16 13 31 4</runs>
            <runs>0 16 13 30 4</runs>
            <runs>0 16 13 29 5</runs>
            <runs>0 16 13 29 4</runs>
            <runs>0 16 13 28 5</runs>
            <runs>0 16 13 28 5</runs>
            <runs>0 16 12 28 5</runs>
            <runs>0 17 12 28 5</runs>
            <runs>0 19 9 28 5</runs>
            <runs>0 20 7 28 6</runs>
            <runs>0 55 6</runs>
            <runs>0 54 6</runs>
            <runs>0 53 7</runs>
            <runs>0 52 7</runs>
            <runs>0 4 1 46 7</runs>
            <runs>0 4 1 44 9</runs>
            <runs>0 4 2 42 9</runs>
            <runs>0 4 2 39 11</runs>
            <runs>0 4 3 38 11</runs>
            <runs>0 1 7 35 12</runs>
            <runs>0 2 6 34 12</runs>
            <runs>0 1 9 31 13</runs>
            <runs>0 1 11 27 14</runs>
            <runs>0 1 13 20 18</runs>
            <runs>0 1 16 15 19</runs>
            <runs>0 1 21 1 27</runs>
            <runs>0 1 48</runs>
            <runs>0 6 42</runs>
            <runs>0 6 42</runs>
            <runs>0 7 40</runs>
            <runs>0 8 39</runs>
            <runs>0 9 38</runs>
            <runs>0 10 31</runs>
            <runs>0 12 27</runs>
            <runs>0 13 25</runs>
            <runs>0 14 21</runs>
            <runs>0 18 16</runs>
            <runs>0 28 1</runs>
            <runs></runs>
            <runs>0 13 2</runs>
            <runs>0 10 6 15 4</runs>
            <runs>0 10 7 13 6</runs>
            <runs>0 10 8 11 8</runs>
            <runs>0 9 9 11 9</runs>
            <runs>0 9 9 11 9</runs>
            <runs>0 9 8 12 9</runs>
            <runs>0 10 7 12 9</runs>
            <runs>0 10 6 14 7</runs>
            <runs>0 12 3 16 5</runs>
        </run-table>
    </sample>
    <sample shape="F_CLEF" interline="22" pitch="-1.4" left="176" top="2709" id="518">
        <run-table orientation="VERTICAL" width="61" height="69">
            <runs>0 64 1</runs>
            <runs>0 64 1</runs>
            <runs>0 14 11 38 2</runs>
            <runs>0 11 14 38 2</runs>
            <runs>0 9 17 37 2</runs>
            <runs>0 8 4 3 13 34 7</runs>
            <runs>0 6 5 8 9 34 7</runs>
            <runs>0 5 4 10 10 32 8</runs>
            <runs>8 10 11 32 8</runs>
            <runs>0 4 3 10 13 31 8</runs>
            <runs>0 4 2 11 13 30 9</runs>
            <runs>0 4 2 11 13 30 5</runs>
            <runs>0 4 1 11 14 30 5</runs>
            <runs>0 4 1 11 14 29 5</runs>
            <runs>0 17 13 29 5</runs>
            <runs>0 17 13 29 5</runs>
            <runs>0 18 12 28 5</runs>
            <runs>0 18 12 27 6</runs>
            <runs>0 19 10 28 6</runs>
            <runs>0 20 8 28 6</runs>
            <runs>0 55 6</runs>
            <runs>0 54 6</runs>
            <runs>0 4 1 48 7</runs>
            <runs>0 4 1 47 8</runs>
            <runs>0 4 1 46 8</runs>
            <runs>0 4 2 44 9</runs>
            <runs>0 4 2 43 9</runs>
            <runs>0 4 2 39 12</runs>
            <runs>0 4 3 38 11</runs>
            <runs>0 4 4 36 12</runs>
            <runs>0 2 7 34 12</runs>
            <runs>0 2 8 31 13</runs>
            <runs>0 2 9 29 13</runs>
            <runs>0 2 11 25 14</runs>
            <runs>0 2 12 21 16</runs>
            <runs>0 2 15 13 20</runs>
            <runs>0 5 44</runs>
            <runs>0 5 43</runs>
            <runs>0 6 42</runs>
            <runs>0 7 41</runs>
            <runs>0 7 41</runs>
            <runs>0 8 35</runs>
            <runs>0 10 32</runs>
            <runs>0 11 30</runs>
            <runs>0 13 26</runs>
            <runs>0 13 24</runs>
            <runs>0 15 20</runs>
            <runs>0 20 12</runs>
            <runs></runs>
            <runs></runs>
            <runs>0 12 4</runs>
            <runs>0 10 7 15 5</runs>
            <runs>0 10 8 12 8</runs>
            <runs>0 9 9 12 9</runs>
            <runs>0 9 9 12 9</runs>
            <runs>0 9 10 11 9</runs>
            <runs>0 10 9 11 9</runs>
            <runs>0 10 8 12 8</runs>
            <runs>0 10 8 13 7</runs>
            <runs>0 11 6 15 5</runs>
            <runs>0 12 3</runs>
        </run-table>
    </sample>
    <sample shape="FLAT" interline="22" pitch="-0.9" left="270" top="338" id="343">
        <run-table orientation="VERTICAL" width="20" height="55">
            <runs>31 1 21 1 1</runs>
            <runs>55</runs>
            <runs>35 10 9</runs>
            <runs>0 28 4 17 4</runs>
            <runs>0 28 3 17 4</runs>
            <runs>0 27 3 17 4</runs>
            <runs>0 26 3 17 4</runs>
            <runs>0 25 3 17 4</runs>
            <runs>0 25 3 15 5</runs>
            <runs>0 24 4 10 9</runs>
            <runs>0 24 5 9 8</runs>
            <runs>0 24 6</runs>
            <runs>0 24 9 2 1</runs>
            <runs>0 24 18</runs>
            <runs>0 24 17</runs>
            <runs>0 24 17</runs>
            <runs>0 25 15</runs>
            <runs>0 25 16</runs>
            <runs>0 27 9</runs>
            <runs>0 31 1</runs>
        </run-table>
    </sample>
    <sample shape="FLAT" interline="22" pitch="-3.5" left="294" top="307" id="349">
        <run-table orientation="VERTICAL" width="20" height="56">
            <runs>0 8 1 5 42</runs>
            <runs>56</runs>
            <runs>0 1 36 2 1 2 13</runs>
            <runs>0 1 13 11 9 14 7</runs>
            <runs>0 31 2 19 2</runs>
            <runs></runs>
            <runs></runs>
            <runs></runs>
            <runs>0 44 7</runs>
            <runs>0 43 7</runs>
            <runs>0 42 9</runs>
            <runs>0 40 7</runs>
            <runs>0 25 10 3 7</runs>
            <runs>0 25 19</runs>
            <runs>0 25 18</runs>
            <runs>0 26 16</runs>
            <runs>0 26 14</runs>
            <runs>0 27 12</runs>
            <runs>0 26 11</runs>
            <runs>0 30 6</runs>
        </run-table>
    </sample>
    <sample shape="FLAT" interline="22" pitch="0.2" left="319" top="349" id="350">
        <run-table orientation="VERTICAL" width="21" height="56">
            <runs>0 44 1 7 2</runs>
            <runs>56</runs>
            <runs>45 2 8</runs>
            <runs>14 1 29</runs>
            <runs>0 30 3</runs>
            <runs>0 30 2</runs>
            <runs>0 30 1 15 1</runs>
            <runs>0 30 1 14 7</runs>
            <runs>0 44 8</runs>
            <runs>0 25 1 17 5</runs>
            <runs>0 25 1 16 5</runs>
            <runs>0 24 2 15 5</runs>
            <runs>0 24 2 13 6</runs>
            <runs>0 24 9 3 8</runs>
            <runs>0 24 19</runs>
            <runs>0 25 17</runs>
            <runs>0 25 16</runs>
            <runs>0 25 15</runs>
            <runs>0 25 13</runs>
            <runs>0 27 10</runs>
            <runs>0 27 7</runs>
        </run-table>
    </sample>
    <sample shape="FLAT" interline="22" pitch="1.3" left="269" top="553" id="357">
        <run-table orientation="VERTICAL" width="20" height="56">
            <runs>0 1 1 2 6 3 7 12 2 1 1 14 1 3 2</runs>
            <runs>55</runs>
            <runs>44 1 10</runs>
            <runs>2 7 1 4 2 13 6 15 4</runs>
            <runs>0 29 4 17 4</runs>
            <runs>0 28 3 18 4</runs>
            <runs>0 27 3 17 5</runs>
            <runs>0 26 4 16 5</runs>
            <runs>0 26 4 15 5</runs>
            <runs>0 26 3 15 5</runs>
            <runs>0 25 4 14 5</runs>
            <runs>0 25 5 8 8</runs>
            <runs>0 25 6 7 7</runs>
            <runs>0 25 19</runs>
            <runs>0 25 18</runs>
            <runs>0 25 17</runs>
            <runs>0 26 15</runs>
            <runs>0 26 15</runs>
            <runs>0 29 12</runs>
            <runs>0 30 4</runs>
        </run-table>
    </sample>
    <sample shape="FLAT" interline="22" pitch="-1.6" left="293" top="522" id="364">
        <run-table orientation="VERTICAL" width="20" height="56">
            <runs>0 13 33 1 9</runs>
            <runs>55</runs>
            <runs>37 1 3 6 7</runs>
            <runs>15 4 2 2 10 18 3</runs>
            <runs>9 2 3 11 7 19 2</runs>
            <runs>0 30 2 19 1</runs>
            <runs></runs>
            <runs></runs>
            <runs>0 44 7</runs>
            <runs>0 42 9</runs>
            <runs>0 41 10</runs>
            <runs>0 24 7 8 7</runs>
            <runs>0 24 10 1 10</runs>
            <runs>0 24 20</runs>
            <runs>0 25 17</runs>
            <runs>0 25 16</runs>
            <runs>0 25 14</runs>
            <runs>0 26 12</runs>
            <runs>0 25 11</runs>
            <runs>0 25 9</runs>
        </run-table>
    </sample>
    <sample shape="FLAT" interline="22" pitch="2.3" left="317" top="564" id="367">
        <run-table orientation="VERTICAL" width="20" height="56">
            <runs>22 3 13 4 14</runs>
            <runs>55</runs>
            <runs>43</runs>
            <runs>0 25 9</runs>
            <runs>0 31 1 15 2</runs>
            <runs>0 46 3</runs>
            <runs>0 45 7</runs>
            <runs>0 44 9</runs>
            <runs>0 43 9</runs>
            <runs>0 42 5</runs>
            <runs>0 41 5</runs>
            <runs>0 40 5</runs>
            <runs>0 24 7 5 9</runs>
            <runs>0 24 19</runs>
            <runs>0 24 19</runs>
            <runs>0 25 17</runs>
            <runs>0 26 14</runs>
            <runs>0 27 11</runs>
            <runs>0 27 9</runs>
            <runs>0 27 7</runs>
        </run-table>
    </sample>
    <sample shape="FLAT" interline="22" pitch="-0.4" left="263" top="904" id="382">
        <run-table orientation="VERTICAL" width="20" height="60">
            <runs>0 1 10 1 7 7 3 12 1</runs>
            <runs>60</runs>
            <runs>56</runs>
            <runs>0 1 1 2 5 13 17 8 8</runs>
            <runs>0 29 4 17 5</runs>
            <runs>0 28 4 16 5</runs>
            <runs>0 28 3 17 4</runs>
            <runs>0 26 4 16 5</runs>
            <runs>0 25 5 15 5</runs>
            <runs>0 25 5 14 6</runs>
            <runs>0 25 5 13 5</runs>
            <runs>0 25 6 10 6</runs>
            <runs>0 25 7 3 11</runs>
            <runs>0 25 20</runs>
            <runs>0 25 19</runs>
            <runs>0 26 16</runs>
            <runs>0 26 15</runs>
            <runs>0 26 14</runs>
            <runs>0 27 12</runs>
            <runs>0 29 10</runs>
        </run-table>
    </sample>
    <sample shape="FLAT" interline="22" pitch="-3.5" left="287" top="871" id="387">
        <run-table orientation="VERTICAL" width="21" height="56">
            <runs>0 39 1</runs>
            <runs>0 22 19 1 2 1 11</runs>
            <runs>56</runs>
            <runs>55</runs>
            <runs>34 14 7</runs>
            <runs>5 1 3 3 1 2 7 9 1 19 3</runs>
            <runs>0 51 2</runs>
            <runs>0 51 1</runs>
            <runs></runs>
            <runs></runs>
            <runs>0 43 8</runs>
            <runs>0 42 8</runs>
            <runs>0 41 9</runs>
            <runs>0 25 8 4 8</runs>
            <runs>0 25 19</runs>
            <runs>0 25 18</runs>
            <runs>0 26 16</runs>
            <runs>0 26 15</runs>
            <runs>0 26 13</runs>
            <runs>0 26 12</runs>
            <runs>0 26 9</runs>
        </run-table>
    </sample>
    <sample shape="FLAT" interline="22" pitch="0.1" left="312" top="912" id="389">
        <run-table orientation="VERTICAL" width="21" height="55">
            <runs>0 53 2</runs>
            <runs>0 1 2 3 11 1 2 2 20 5 8</runs>
            <runs>55</runs>
            <runs>54</runs>
            <runs>0 1 17 4 13</runs>
            <runs>0 32 1</runs>
            <runs></runs>
            <runs>0 47 1</runs>
            <runs>0 26 1 18 8</runs>
            <runs>0 26 1 17 8</runs>
            <runs>0 26 1 16 9</runs>
            <runs>0 25 2 15 6</runs>
            <runs>0 25 2 14 5</runs>
            <runs>0 25 2 10 8</runs>
            <runs>0 25 19</runs>
            <runs>0 25 18</runs>
            <runs>0 26 15</runs>
            <runs>0 26 14</runs>
            <runs>0 27 12</runs>
            <runs>0 27 9</runs>
            <runs>0 27 7</runs>
        </run-table>
    </sample>
    <sample shape="FLAT" interline="22" pitch="-0.9" left="265" top="1092" id="395">
        <run-table orientation="VERTICAL" width="20" height="56">
            <runs>0 15 7 1 2 8 2 1 8 7 3</runs>
            <runs>0 3 5 1 47</runs>
            <runs>55</runs>
            <runs>15 1 9 3 7 2 1 12 4</runs>
            <runs>0 1 1 7 1 2 3 13 5 17 4</runs>
            <runs>0 27 5 16 5</runs>
            <runs>0 27 4 17 4</runs>
            <runs>0 26 4 15 6</runs>
            <runs>0 26 4 11 9</runs>
            <runs>0 25 5 11 8</runs>
            <runs>0 25 5 10 8</runs>
            <runs>0 25 6 9 7</runs>
            <runs>0 25 10 3 7</runs>
            <runs>0 25 20</runs>
            <runs>0 25 19</runs>
            <runs>0 25 18</runs>
            <runs>0 26 17</runs>
            <runs>0 27 12</runs>
            <runs>0 28 9</runs>
            <runs>0 31 5</runs>
        </run-table>
    </sample>
    <sample shape="FLAT" interline="22" pitch="-3.5" left="289" top="1067" id="400">
        <run-table orientation="VERTICAL" width="21" height="53">
            <runs>0 47 2</runs>
            <runs>0 1 7 6 3 23 13</runs>
            <runs>0 1 51</runs>
            <runs>40 4 8</runs>
            <runs>0 1 32 2 1 12 3</runs>
            <runs>0 22 8 18 2</runs>
            <runs>0 26 2 20 1</runs>
            <runs>0 26 2</runs>
            <runs>0 26 1</runs>
            <runs>0 26 1 13 7</runs>
            <runs>0 40 7</runs>
            <runs>0 39 8</runs>
            <runs>0 38 4</runs>
            <runs>0 22 7 6 6</runs>
            <runs>0 22 18</runs>
            <runs>0 22 18</runs>
            <runs>0 22 17</runs>
            <runs>0 22 15</runs>
            <runs>0 22 14</runs>
            <runs>0 22 13</runs>
            <runs>0 22 12</runs>
        </run-table>
    </sample>
    <sample shape="FLAT" interline="22" pitch="0.3" left="314" top="1107" id="401">
        <run-table orientation="VERTICAL" width="20" height="56">
            <runs>30 1 6 1 2 2 1 12 1</runs>
            <runs>56</runs>
            <runs>37 2 16</runs>
            <runs>1 22 11 19 1</runs>
            <runs>0 29 3</runs>
            <runs>0 29 2</runs>
            <runs>0 29 1</runs>
            <runs>0 29 1</runs>
            <runs>0 44 7</runs>
            <runs>0 43 8</runs>
            <runs>0 41 10</runs>
            <runs>0 40 11</runs>
            <runs>0 24 21</runs>
            <runs>0 24 20</runs>
            <runs>0 24 19</runs>
            <runs>0 24 17</runs>
            <runs>0 25 15</runs>
            <runs>0 25 13</runs>
            <runs>0 25 13</runs>
            <runs>0 25 9</runs>
        </run-table>
    </sample>
    <sample shape="FLAT" interline="22" pitch="-0.7" left="260" top="1439" id="424">
        <run-table orientation="VERTICAL" width="20" height="55">
            <runs>0 1 18 6 30</runs>
            <runs>55</runs>
            <runs>55</runs>
            <runs>25 3 5 15 6</runs>
            <runs>0 27 5 16 5</runs>
            <runs>0 26 5 16 5</runs>
            <runs>0 26 4 15 6</runs>
            <runs>0 25 5 14 6</runs>
            <runs>0 25 5 13 6</runs>
            <runs>0 25 5 8 10</runs>
            <runs>0 25 6 7 9</runs>
            <runs>0 24 9 4 9</runs>
            <runs>0 24 21</runs>
            <runs>0 24 21</runs>
            <runs>0 24 19</runs>
            <runs>0 24 18</runs>
            <runs>0 25 16</runs>
            <runs>0 26 15</runs>
            <runs>0 27 9</runs>
            <runs>0 30 5</runs>
        </run-table>
    </sample>
    <sample shape="FLAT" interline="22" pitch="-3.7" left="284" top="1406" id="425">
        <run-table orientation="VERTICAL" width="21" height="56">
            <runs>0 2 6 3 3</runs>
            <runs>26 1 14 1 1</runs>
            <runs>56</runs>
            <runs>56</runs>
            <runs>0 22 1 1 20 1 1 2 7</runs>
            <runs>0 31 3 1 1 12 6</runs>
            <runs>0 31 2 14 7</runs>
            <runs>0 46 7</runs>
            <runs>0 46 7</runs>
            <runs>0 44 9</runs>
            <runs>0 43 10</runs>
            <runs>0 24 7 10 12</runs>
            <runs>0 24 7 9 7</runs>
            <runs>0 24 7 6 8</runs>
            <runs>0 24 21</runs>
            <runs>0 25 18</runs>
            <runs>0 25 17</runs>
            <runs>0 25 15</runs>
            <runs>0 26 13</runs>
            <runs>0 27 10</runs>
            <runs>0 28 7</runs>
        </run-table>
    </sample>
    <sample shape="FLAT" interline="22" pitch="0.5" left="306" top="1451" id="428">
        <run-table orientation="VERTICAL" width="21" height="56">
            <runs>0 1 2 10 9</runs>
            <runs>0 1 37 2 2</runs>
            <runs>0 1 54</runs>
            <runs>13 1 42</runs>
            <runs>0 25 10 8 12</runs>
            <runs>0 26 7 14 8</runs>
            <runs>0 30 1 16 7</runs>
            <runs></runs>
            <runs>0 45 7</runs>
            <runs>0 44 8</runs>
            <runs>0 43 8</runs>
            <runs>0 42 9</runs>
            <runs>0 40 11</runs>
            <runs>0 24 22</runs>
            <runs>0 24 21</runs>
            <runs>0 24 20</runs>
            <runs>0 25 17</runs>
            <runs>0 25 15</runs>
            <runs>0 25 14</runs>
            <runs>0 26 11</runs>
            <runs>0 26 9</runs>
        </run-table>
    </sample>
    <sample shape="FLAT" interline="22" pitch="1.3" left="260" top="1664" id="433">
        <run-table orientation="VERTICAL" width="20" height="55">
            <runs>0 15 13</runs>
            <runs>55</runs>
            <runs>55</runs>
            <runs>19 9 6 16 4</runs>
            <runs>1 27 5 17 3</runs>
            <runs>0 27 4 18 4</runs>
            <runs>0 27 3 17 4</runs>
            <runs>0 26 4 16 5</runs>
            <runs>0 25 5 15 5</runs>
            <runs>0 25 5 13 6</runs>
            <runs>0 24 6 12 6</runs>
            <runs>0 24 6 11 6</runs>
            <runs>0 24 8 5 8</runs>
            <runs>0 24 20</runs>
            <runs>0 24 19</runs>
            <runs>0 25 16</runs>
            <runs>0 27 14</runs>
            <runs>0 27 14</runs>
            <runs>0 28 13</runs>
            <runs>0 30 6</runs>
        </run-table>
    </sample>
    <sample shape="FLAT" interline="22" pitch="-1.6" left="286" top="1632" id="441">
        <run-table orientation="VERTICAL" width="20" height="55">
            <runs>0 19 1 2 2 6 3 2 1 5 3 3 8</runs>
            <runs>0 1 54</runs>
            <runs>54</runs>
            <runs>8 1 1 8 17 16 2</runs>
            <runs>0 26 7 18 2</runs>
            <runs>0 51 1</runs>
            <runs></runs>
            <runs></runs>
            <runs>0 44 7</runs>
            <runs>0 43 8</runs>
            <runs>0 42 4</runs>
            <runs>0 40 6</runs>
            <runs>0 25 7 5 8</runs>
            <runs>0 25 20</runs>
            <runs>0 25 18</runs>
            <runs>0 25 17</runs>
            <runs>0 25 16</runs>
            <runs>0 26 13</runs>
            <runs>0 26 12</runs>
            <runs>0 26 10</runs>
        </run-table>
    </sample>
    <sample shape="FLAT" interline="22" pitch="2.3" left="311" top="1675" id="439">
        <run-table orientation="VERTICAL" width="20" height="57">
            <runs>0 4 53</runs>
            <runs>0 1 55</runs>
            <runs>55</runs>
            <runs>10 3 2 2 18 18 1</runs>
            <runs>8 18 7</runs>
            <runs></runs>
            <runs></runs>
            <runs></runs>
            <runs>0 25 1 18 8</runs>
            <runs>0 25 1 17 9</runs>
            <runs>0 24 2 16 10</runs>
            <runs>0 24 2 13 8</runs>
            <runs>0 24 9 4 9</runs>
            <runs>0 24 21</runs>
            <runs>0 25 19</runs>
            <runs>0 25 17</runs>
            <runs>0 26 15</runs>
            <runs>0 26 14</runs>
            <runs>0 26 12</runs>
            <runs>0 26 9</runs>
        </run-table>
    </sample>
    <sample shape="FLAT" interline="22" pitch="-0.5" left="261" top="1997" id="475">
        <run-table orientation="VERTICAL" width="20" height="55">
            <runs>0 7 2 1 1 10 2 12 20</runs>
            <runs>54</runs>
            <runs>39 10 4</runs>
            <runs>0 4 1 2 1 6 19 16 3</runs>
            <runs>0 27 4 16 4</runs>
            <runs>0 26 4 16 4</runs>
            <runs>0 26 3 15 6</runs>
            <runs>0 25 4 14 6</runs>
            <runs>0 24 5 13 6</runs>
            <runs>0 24 4 13 6</runs>
            <runs>0 24 5 7 11</runs>
            <runs>0 25 5 6 10</runs>
            <runs>0 25 6 5 9</runs>
            <runs>0 25 18</runs>
            <runs>0 25 17</runs>
            <runs>0 25 16</runs>
            <runs>0 26 14</runs>
            <runs>0 26 14</runs>
            <runs>0 28 12</runs>
            <runs>0 31 3</runs>
        </run-table>
    </sample>
    <sample shape="FLAT" interline="22" pitch="-3.8" left="285" top="1962" id="483">
        <run-table orientation="VERTICAL" width="20" height="56">
            <runs>0 2 54</runs>
            <runs>55</runs>
            <runs>43 4 7</runs>
            <runs>2 26 7</runs>
            <runs></runs>
            <runs>0 47 1</runs>
            <runs>0 46 7</runs>
            <runs>0 26 1 18 7</runs>
            <runs>0 25 2 17 5</runs>
            <runs>0 24 3 15 6</runs>
            <runs>0 24 7 9 7</runs>
            <runs>0 24 7 8 6</runs>
            <runs>0 24 10 2 9</runs>
            <runs>0 25 19</runs>
            <runs>0 25 18</runs>
            <runs>0 25 16</runs>
            <runs>0 26 13</runs>
            <runs>0 27 11</runs>
            <runs>0 27 8</runs>
            <runs>0 31 2</runs>
        </run-table>
    </sample>
    <sample shape="FLAT" interline="22" pitch="0.6" left="310" top="2007" id="482">
        <run-table orientation="VERTICAL" width="25" height="59">
            <runs>0 26 30</runs>
            <runs>17 3 35</runs>
            <runs>37 10 7</runs>
            <runs>13 1 1 4 14 19 1</runs>
            <runs>0 2 2</runs>
            <runs></runs>
            <runs>0 46 1</runs>
            <runs>0 45 2</runs>
            <runs>0 44 3</runs>
            <runs>0 42 9</runs>
            <runs>0 41 11</runs>
            <runs>0 39 7 5 1</runs>
            <runs>0 25 7 4 9 6 2</runs>
            <runs>0 24 20 7 3</runs>
            <runs>0 24 18 10 2</runs>
            <runs>0 25 16 11 3</runs>
            <runs>0 25 14 13 3</runs>
            <runs>0 26 11 16 3</runs>
            <runs>0 26 9 19 2</runs>
            <runs>0 54 3</runs>
            <runs>0 54 4</runs>
            <runs>0 54 4</runs>
            <runs>0 54 4</runs>
            <runs>0 54 5</runs>
            <runs>0 55 4</runs>
        </run-table>
    </sample>
    <sample shape="FLAT" interline="22" pitch="1.4" left="257" top="2210" id="488">
        <run-table orientation="VERTICAL" width="21" height="56">
            <runs>0 37 10 1 8</runs>
            <runs>0 30 25</runs>
            <runs>40 1 2 2 2 2 5</runs>
            <runs>40 10 3</runs>
            <runs>19 6 9 14 4</runs>
            <runs>0 28 4 15 5</runs>
            <runs>0 27 4 15 5</runs>
            <runs>0 26 4 15 4</runs>
            <runs>0 26 3 15 4</runs>
            <runs>0 25 4 14 5</runs>
            <runs>0 25 4 13 4</runs>
            <runs>0 25 4 8 9</runs>
            <runs>0 25 6 7 7</runs>
            <runs>0 26 8 3 7</runs>
            <runs>0 26 17</runs>
            <runs>0 26 16</runs>
            <runs>0 26 15</runs>
            <runs>0 27 13</runs>
            <runs>0 27 13</runs>
            <runs>0 28 12</runs>
            <runs>0 30 6</runs>
        </run-table>
    </sample>
    <sample shape="FLAT" interline="22" pitch="-1.6" left="285" top="2179" id="495">
        <run-table orientation="VERTICAL" width="20" height="55">
            <runs>0 9 2 7 37</runs>
            <runs>54</runs>
            <runs>39 12 2</runs>
            <runs>9 1 3 8 12 18 2</runs>
            <runs>0 30 1</runs>
            <runs></runs>
            <runs></runs>
            <runs>0 44 1</runs>
            <runs>0 43 7</runs>
            <runs>0 42 8</runs>
            <runs>0 41 9</runs>
            <runs>0 24 7 9 5</runs>
            <runs>0 24 12 1 7</runs>
            <runs>0 24 19</runs>
            <runs>0 25 17</runs>
            <runs>0 25 16</runs>
            <runs>0 25 15</runs>
            <runs>0 25 13</runs>
            <runs>0 25 11</runs>
            <runs>0 29 5</runs>
        </run-table>
    </sample>
    <sample shape="FLAT" interline="22" pitch="2.4" left="308" top="2221" id="494">
        <run-table orientation="VERTICAL" width="20" height="56">
            <runs>0 33 3 3 2 1 2 2 10</runs>
            <runs>0 9 9 4 1 2 31</runs>
            <runs>0 1 43 1 10</runs>
            <runs>35 18 1</runs>
            <runs>0 9 5 1 1 1 3 3 10</runs>
            <runs></runs>
            <runs>0 46 2</runs>
            <runs>0 45 3</runs>
            <runs>0 44 4</runs>
            <runs>0 43 9</runs>
            <runs>0 42 10</runs>
            <runs>0 40 7</runs>
            <runs>0 38 8</runs>
            <runs>0 24 20</runs>
            <runs>0 24 19</runs>
            <runs>0 24 17</runs>
            <runs>0 24 16</runs>
            <runs>0 26 13</runs>
            <runs>0 26 11</runs>
            <runs>0 30 3</runs>
        </run-table>
    </sample>
    <sample shape="FLAT" interline="22" pitch="-0.6" left="257" top="2532" id="524">
        <run-table orientation="VERTICAL" width="19" height="56">
            <runs>0 4 23 1 28</runs>
            <runs>0 1 55</runs>
            <runs>4 3 1 5 24 12 6</runs>
            <runs>0 1 1 27 4 17 4</runs>
            <runs>0 28 3 17 4</runs>
            <runs>0 28 2 17 5</runs>
            <runs>0 27 3 15 6</runs>
            <runs>0 27 4 15 5</runs>
            <runs>0 27 3 15 5</runs>
            <runs>0 26 5 12 6</runs>
            <runs>0 26 6 7 9</runs>
            <runs>0 26 8 5 7</runs>
            <runs>0 26 20</runs>
            <runs>0 26 19</runs>
            <runs>0 26 17</runs>
            <runs>0 27 15</runs>
            <runs>0 27 15</runs>
            <runs>0 28 14</runs>
            <runs>0 30 7</runs>
        </run-table>
    </sample>
    <sample shape="FLAT" interline="22" pitch="-3.8" left="282" top="2500" id="530">
        <run-table orientation="VERTICAL" width="21" height="56">
            <runs>0 55 1</runs>
            <runs>0 36 20</runs>
            <runs>0 1 2 2 9 1 40</runs>
            <runs>36 17 1</runs>
            <runs>16 1 1 1 16</runs>
            <runs>0 30 3</runs>
            <runs>0 30 2</runs>
            <runs></runs>
            <runs>0 45 7</runs>
            <runs>0 26 1 17 8</runs>
            <runs>0 25 2 16 4</runs>
            <runs>0 25 2 14 6</runs>
            <runs>0 25 2 13 6</runs>
            <runs>0 25 2 9 2 1 5</runs>
            <runs>0 25 18</runs>
            <runs>0 25 17</runs>
            <runs>0 25 16</runs>
            <runs>0 26 13</runs>
            <runs>0 26 11</runs>
            <runs>0 27 9</runs>
            <runs>0 27 8</runs>
        </run-table>
    </sample>
    <sample shape="FLAT" interline="22" pitch="0.4" left="305" top="2545" id="538">
        <run-table orientation="VERTICAL" width="20" height="56">
            <runs>0 1 1 17 1</runs>
            <runs>22 1 33</runs>
            <runs>0 1 22 1 31</runs>
            <runs>0 25 8 14 7</runs>
            <runs>0 25 7 20 1</runs>
            <runs>0 30 1</runs>
            <runs></runs>
            <runs></runs>
            <runs></runs>
            <runs>0 44 2</runs>
            <runs>0 42 8</runs>
            <runs>0 41 5</runs>
            <runs>0 30 1 8 6</runs>
            <runs>0 25 19</runs>
            <runs>0 25 17</runs>
            <runs>0 25 16</runs>
            <runs>0 26 14</runs>
            <runs>0 26 13</runs>
            <runs>0 25 12</runs>
            <runs>0 25 10</runs>
        </run-table>
    </sample>
    <sample shape="FLAT" interline="22" pitch="1.3" left="256" top="2737" id="544">
        <run-table orientation="VERTICAL" width="20" height="56">
            <runs>0 32 9</runs>
            <runs>0 13 43</runs>
            <runs>0 1 54</runs>
            <runs>13 9 13 15 4</runs>
            <runs>3 1 3 3 2 17 5 16 3</runs>
            <runs>0 30 2 18 3</runs>
            <runs>0 28 3 17 4</runs>
            <runs>0 27 3 17 4</runs>
            <runs>0 27 3 16 4</runs>
            <runs>0 26 4 14 5</runs>
            <runs>0 26 5 12 5</runs>
            <runs>0 26 5 8 8</runs>
            <runs>0 25 7 7 7</runs>
            <runs>0 25 20</runs>
            <runs>0 25 19</runs>
            <runs>0 25 18</runs>
            <runs>0 26 16</runs>
            <runs>0 28 14</runs>
            <runs>0 29 13</runs>
            <runs>0 30 5</runs>
        </run-table>
    </sample>
    <sample shape="FLAT" interline="22" pitch="-1.6" left="281" top="2707" id="557">
        <run-table orientation="VERTICAL" width="21" height="56">
            <runs>0 44 12</runs>
            <runs>0 1 8 2 4 6 8 3 1 1 3 6 13</runs>
            <runs>0 1 42 3 9</runs>
            <runs>37 2 1 11 3</runs>
            <runs>0 1 7 14 12 17 2</runs>
            <runs>0 31 1 19 1</runs>
            <runs></runs>
            <runs></runs>
            <runs></runs>
            <runs></runs>
            <runs>0 43 7</runs>
            <runs>0 43 7</runs>
            <runs>0 40 6</runs>
            <runs>0 25 7 7 4</runs>
            <runs>0 25 18</runs>
            <runs>0 25 18</runs>
            <runs>0 25 16</runs>
            <runs>0 25 15</runs>
            <runs>0 25 14</runs>
            <runs>0 25 12</runs>
            <runs>0 29 2 1 2</runs>
        </run-table>
    </sample>
    <sample shape="FLAT" interline="22" pitch="2.0" left="307" top="2750" id="561">
        <run-table orientation="VERTICAL" width="19" height="54">
            <runs>42 2 10</runs>
            <runs>41</runs>
            <runs>33</runs>
            <runs>0 15 2</runs>
            <runs></runs>
            <runs></runs>
            <runs></runs>
            <runs>0 44 2</runs>
            <runs>0 43 7</runs>
            <runs>0 43 3</runs>
            <runs>0 41 4</runs>
            <runs>0 24 7 8 5</runs>
            <runs>0 24 19</runs>
            <runs>0 24 18</runs>
            <runs>0 24 16</runs>
            <runs>0 25 14</runs>
            <runs>0 25 13</runs>
            <runs>0 25 11</runs>
            <runs>0 26 8</runs>
        </run-table>
    </sample>
    <sample shape="FLAT" interline="22" pitch="-0.5" left="257" top="3057" id="582">
        <run-table orientation="VERTICAL" width="20" height="55">
            <runs>0 1 2 5 1 41 5</runs>
            <runs>55</runs>
            <runs>42 2 2 1 7</runs>
            <runs>0 28 6 16 3</runs>
            <runs>0 28 4 18 3</runs>
            <runs>0 28 2 18 3</runs>
            <runs>0 27 3 17 3</runs>
            <runs>0 27 3 16 4</runs>
            <runs>0 26 3 16 4</runs>
            <runs>0 25 4 14 5</runs>
            <runs>0 25 4 14 4</runs>
            <runs>0 25 5 7 7</runs>
            <runs>0 25 6 6 7</runs>
            <runs>0 25 9 1 8</runs>
            <runs>0 25 18</runs>
            <runs>0 25 17</runs>
            <runs>0 25 15</runs>
            <runs>0 26 13</runs>
            <runs>0 27 12</runs>
            <runs>0 32 2</runs>
        </run-table>
    </sample>
    <sample shape="FLAT" interline="22" pitch="-3.4" left="281" top="3025" id="595">
        <run-table orientation="VERTICAL" width="20" height="56">
            <runs>0 14 1 15 1 5 2</runs>
            <runs>0 4 1 6 45</runs>
            <runs>11 1 43</runs>
            <runs>11 12 11 13 7</runs>
            <runs>0 25 7 18 3</runs>
            <runs>0 50 2</runs>
            <runs>0 50 1</runs>
            <runs></runs>
            <runs></runs>
            <runs>0 43 1</runs>
            <runs>0 42 8</runs>
            <runs>0 40 10</runs>
            <runs>0 24 7 7 11</runs>
            <runs>0 24 20</runs>
            <runs>0 24 18</runs>
            <runs>0 25 16</runs>
            <runs>0 25 15</runs>
            <runs>0 25 13</runs>
            <runs>0 24 13</runs>
            <runs>0 29 5</runs>
        </run-table>
    </sample>
    <sample shape="FLAT" interline="22" pitch="0.3" left="305" top="3067" id="593">
        <run-table orientation="VERTICAL" width="20" height="56">
            <runs>0 40 11</runs>
            <runs>56</runs>
            <runs>40 13 1</runs>
            <runs>0 19 2 1 14 3 1</runs>
            <runs>0 31 2</runs>
            <runs></runs>
            <runs>0 46 2</runs>
            <runs>0 45 3</runs>
            <runs>0 43 8</runs>
            <runs>0 43 8</runs>
            <runs>0 41 6</runs>
            <runs>0 40 5</runs>
            <runs>0 39 5</runs>
            <runs>0 24 10 2 8</runs>
            <runs>0 24 19</runs>
            <runs>0 25 16</runs>
            <runs>0 25 15</runs>
            <runs>0 26 13</runs>
            <runs>0 26 12</runs>
            <runs>0 27 8</runs>
        </run-table>
    </sample>
    <sample shape="FLAT" interline="22" pitch="-0.5" left="259" top="3267" id="613">
        <run-table orientation="VERTICAL" width="19" height="54">
            <runs>21 2 16</runs>
            <runs>2 1 19 1 31</runs>
            <runs>0 25 14 10 5</runs>
            <runs>0 28 4 18 3</runs>
            <runs>0 27 3 20 2</runs>
            <runs>0 27 2 19 4</runs>
            <runs>0 25 4 17 4</runs>
            <runs>0 25 4 16 4</runs>
            <runs>0 25 4 15 4</runs>
            <runs>0 24 5 14 4</runs>
            <runs>0 24 5 12 5</runs>
            <runs>0 24 6 6 9</runs>
            <runs>0 24 8 4 8</runs>
            <runs>0 24 18</runs>
            <runs>0 25 16</runs>
            <runs>0 25 14</runs>
            <runs>0 25 14</runs>
            <runs>0 27 11</runs>
            <runs>0 28 10</runs>
        </run-table>
    </sample>
    <sample shape="FLAT" interline="22" pitch="-3.6" left="282" top="3233" id="623">
        <run-table orientation="VERTICAL" width="20" height="56">
            <runs>0 17 12</runs>
            <runs>14 3 21 2 16</runs>
            <runs>39 1 16</runs>
            <runs>17 4 14 11 9</runs>
            <runs>0 29 3 19 2</runs>
            <runs>0 29 2 20 2</runs>
            <runs>0 29 1 21 1</runs>
            <runs>0 29 1</runs>
            <runs>0 45 2</runs>
            <runs>0 44 7</runs>
            <runs>0 42 9</runs>
            <runs>0 38 12</runs>
            <runs>0 30 1 7 8</runs>
            <runs>0 25 10 1 9</runs>
            <runs>0 25 18</runs>
            <runs>0 25 17</runs>
            <runs>0 26 15</runs>
            <runs>0 26 13</runs>
            <runs>0 26 11</runs>
            <runs>0 26 10</runs>
        </run-table>
    </sample>
    <sample shape="FLAT" interline="22" pitch="0.2" left="308" top="3277" id="631">
        <run-table orientation="VERTICAL" width="20" height="55">
            <runs>14 1 6 23 9</runs>
            <runs>36 3 4 1 11</runs>
            <runs>37 2 5 3 7</runs>
            <runs>0 24 9 19 1</runs>
            <runs>0 30 1</runs>
            <runs></runs>
            <runs></runs>
            <runs>0 45 1</runs>
            <runs>0 44 2</runs>
            <runs>0 44 2</runs>
            <runs>0 43 3</runs>
            <runs>0 42 3</runs>
            <runs>0 39 5</runs>
            <runs>0 24 10 3 7</runs>
            <runs>0 24 18</runs>
            <runs>0 25 16</runs>
            <runs>0 25 15</runs>
            <runs>0 26 13</runs>
            <runs>0 26 11</runs>
            <runs>0 35 1</runs>
        </run-table>
    </sample>
</samples>
