<?xml version="1.0" encoding="UTF-8" standalone="yes"?>
<samples id="1">
    <sample shape="DIGIT_0" interline="20" left="2122" top="406" id="6015">
        <run-table orientation="VERTICAL" width="19" height="25">
            <runs>0 9 8</runs>
            <runs>0 7 13</runs>
            <runs>0 5 17</runs>
            <runs>0 3 20</runs>
            <runs>0 2 22</runs>
            <runs>0 2 6 2 4 3 1 1 5</runs>
            <runs>0 1 5 15 4</runs>
            <runs>0 1 3 18 3</runs>
            <runs>3 20 2</runs>
            <runs>3 19 3</runs>
            <runs>0 1 3 18 3</runs>
            <runs>0 1 3 17 4</runs>
            <runs>0 1 6 10 8</runs>
            <runs>0 1 13 2 8</runs>
            <runs>0 2 21</runs>
            <runs>0 3 19</runs>
            <runs>0 4 16</runs>
            <runs>0 7 10</runs>
            <runs>0 8 7</runs>
        </run-table>
    </sample>
    <sample shape="PLUCK_P" interline="20" left="657" top="925" id="4949">
        <run-table orientation="VERTICAL" width="24" height="36">
            <runs>0 34 1</runs>
            <runs>0 33 3</runs>
            <runs>0 32 4</runs>
            <runs>0 31 5</runs>
            <runs>0 28 8</runs>
            <runs>0 25 11</runs>
            <runs>0 22 14</runs>
            <runs>0 19 10 5 2</runs>
            <runs>0 17 11 6 2</runs>
            <runs>0 14 8 4 1 7 2</runs>
            <runs>0 9 10 7 2</runs>
            <runs>0 7 9 10 2</runs>
            <runs>0 5 7 14 2</runs>
            <runs>0 1 8 16 2</runs>
            <runs>8 17 2</runs>
            <runs>4 3 1 16 3</runs>
            <runs>0 7 2 14 3</runs>
            <runs>0 7 2 12 4</runs>
            <runs>0 7 2 10 5</runs>
            <runs>0 7 4 6 7</runs>
            <runs>0 7 15</runs>
            <runs>0 8 13</runs>
            <runs>0 9 10</runs>
            <runs>0 10 7</runs>
        </run-table>
    </sample>
    <sample shape="PLUCK_I" interline="20" left="1081" top="994" id="5801">
        <run-table orientation="VERTICAL" width="10" height="31">
            <runs>0 16 1</runs>
            <runs>0 15 3 8 4</runs>
            <runs>0 13 4 6 8</runs>
            <runs>0 12 4 3 12</runs>
            <runs>0 11 20</runs>
            <runs>0 11 20</runs>
            <runs>0 1 3 7 12 3 4</runs>
            <runs>0 1 4 6 8 7 3</runs>
            <runs>5 8 2 10 3</runs>
            <runs>0 1 4 20 2</runs>
        </run-table>
    </sample>
    <sample shape="PLUCK_M" interline="20" left="991" top="1002" id="5035">
        <run-table orientation="VERTICAL" width="34" height="22">
            <runs>0 6 2 12 1</runs>
            <runs>0 5 3 10 4</runs>
            <runs>0 4 3 9 6</runs>
            <runs>0 3 3 8 7</runs>
            <runs>0 2 3 5 11</runs>
            <runs>0 1 4 2 11</runs>
            <runs>16</runs>
            <runs>14</runs>
            <runs>0 1 12</runs>
            <runs>0 3 2 2 4</runs>
            <runs>0 7 3</runs>
            <runs>0 6 2</runs>
            <runs>0 4 3 13 1</runs>
            <runs>0 3 3 12 4</runs>
            <runs>0 2 3 10 7</runs>
            <runs>0 2 2 7 10</runs>
            <runs>0 1 3 5 11</runs>
            <runs>0 1 17</runs>
            <runs>0 1 15</runs>
            <runs>0 1 13</runs>
            <runs>0 2 5 2 4</runs>
            <runs>0 8 3</runs>
            <runs>0 7 2</runs>
            <runs>0 6 3</runs>
            <runs>0 5 2</runs>
            <runs>0 3 3 9 6</runs>
            <runs>0 2 3 7 10</runs>
            <runs>0 2 2 6 12</runs>
            <runs>0 1 3 3 14</runs>
            <runs>14 4 3</runs>
            <runs>12 5 3</runs>
            <runs>0 1 9 6 3</runs>
            <runs>0 2 4 9 3</runs>
            <runs>0 14 3</runs>
        </run-table>
    </sample>
</samples>
