<?xml version="1.0" encoding="UTF-8" standalone="yes"?>
<samples sheet-name="IMSLP00121#20">
    <sample shape="TIME_TWO" interline="19" pitch="-2.0" left="411" top="454" id="234">
        <run-table orientation="VERTICAL" width="36" height="34">
            <runs>0 32 2</runs>
            <runs>0 30 4</runs>
            <runs>0 4 3 20 7</runs>
            <runs>9 17 8</runs>
            <runs>10 15 8</runs>
            <runs>11 12 9</runs>
            <runs>12 9 9</runs>
            <runs>12 4 14</runs>
            <runs>13 2 14</runs>
            <runs>13 2 14</runs>
            <runs>13 3 14</runs>
            <runs>13 3 14</runs>
            <runs>12 4 15</runs>
            <runs>12 4 16</runs>
            <runs>10 6 16</runs>
            <runs>0 3 7 5 18</runs>
            <runs>0 22 12</runs>
            <runs>0 22 12</runs>
            <runs>0 22 12</runs>
            <runs>0 23 11</runs>
            <runs>0 13 1 9 11</runs>
            <runs>0 11 9 4 10</runs>
            <runs>4 5 10 5 10</runs>
            <runs>19 6 9</runs>
            <runs>19 6 9</runs>
            <runs>20 5 9</runs>
            <runs>20 6 8</runs>
            <runs>20 7 7</runs>
            <runs>20 7 7</runs>
            <runs>20 6 8</runs>
            <runs>20 6 8</runs>
            <runs>20 4 8</runs>
            <runs>20 2 9</runs>
            <runs>0 3 10 2 15</runs>
            <runs>0 5 5 6 12</runs>
            <runs>0 16 8</runs>
        </run-table>
    </sample>
    <sample shape="TIME_TWO" interline="19" pitch="-2.1" left="411" top="711" id="241">
        <run-table orientation="VERTICAL" width="36" height="33">
            <runs>0 31 2</runs>
            <runs>0 4 2 22 5</runs>
            <runs>0 2 7 17 7</runs>
            <runs>10 16 7</runs>
            <runs>11 14 8</runs>
            <runs>12 11 10</runs>
            <runs>13 9 9</runs>
            <runs>13 8 8</runs>
            <runs>14 1 14</runs>
            <runs>29</runs>
            <runs>29</runs>
            <runs>13 2 15</runs>
            <runs>13 2 16</runs>
            <runs>12 3 16</runs>
            <runs>0 3 7 12 10</runs>
            <runs>0 22 11</runs>
            <runs>0 22 11</runs>
            <runs>0 22 11</runs>
            <runs>0 22 11</runs>
            <runs>0 22 11</runs>
            <runs>0 12 1 10 10</runs>
            <runs>0 2 2 4 11 4 10</runs>
            <runs>19 5 9</runs>
            <runs>19 6 8</runs>
            <runs>19 6 8</runs>
            <runs>19 7 7</runs>
            <runs>19 7 7</runs>
            <runs>19 8 6</runs>
            <runs>19 8 6</runs>
            <runs>19 7 7</runs>
            <runs>19 6 8</runs>
            <runs>0 2 17 5 7</runs>
            <runs>0 3 11 1 15</runs>
            <runs>0 5 7 3 14</runs>
            <runs>0 15 11</runs>
            <runs>0 15 8</runs>
        </run-table>
    </sample>
    <sample shape="TIME_FOUR" interline="19" pitch="2.0" left="411" top="492" id="237">
        <run-table orientation="VERTICAL" width="36" height="34">
            <runs>0 23 4</runs>
            <runs>0 22 5</runs>
            <runs>0 21 6</runs>
            <runs>0 20 7</runs>
            <runs>0 15 12</runs>
            <runs>0 15 12</runs>
            <runs>0 15 12</runs>
            <runs>0 14 13</runs>
            <runs>0 13 8 2 4</runs>
            <runs>0 11 10 2 4</runs>
            <runs>0 9 10 4 4</runs>
            <runs>0 5 14 4 4</runs>
            <runs>0 2 17 4 4</runs>
            <runs>19 4 4</runs>
            <runs>19 4 4</runs>
            <runs>19 4 4</runs>
            <runs>21 2 11</runs>
            <runs>34</runs>
            <runs>34</runs>
            <runs>34</runs>
            <runs>34</runs>
            <runs>34</runs>
            <runs>34</runs>
            <runs>34</runs>
            <runs>6 2 26</runs>
            <runs>5 2 27</runs>
            <runs>4 2 28</runs>
            <runs>3 4 27</runs>
            <runs>2 19 13</runs>
            <runs>1 22 5</runs>
            <runs>0 23 4</runs>
            <runs>0 23 4</runs>
            <runs>0 23 4</runs>
            <runs>0 23 4</runs>
            <runs>0 23 4</runs>
            <runs>0 23 4</runs>
        </run-table>
    </sample>
    <sample shape="TIME_FOUR" interline="19" pitch="2.1" left="411" top="749" id="243">
        <run-table orientation="VERTICAL" width="35" height="33">
            <runs>0 21 6</runs>
            <runs>0 20 7</runs>
            <runs>0 20 7</runs>
            <runs>0 15 12</runs>
            <runs>0 15 12</runs>
            <runs>0 15 12</runs>
            <runs>0 14 14</runs>
            <runs>0 13 7 2 5</runs>
            <runs>0 11 8 3 5</runs>
            <runs>0 8 11 3 5</runs>
            <runs>0 4 14 4 5</runs>
            <runs>18 4 5</runs>
            <runs>18 4 5</runs>
            <runs>18 4 5</runs>
            <runs>18 4 6</runs>
            <runs>18 4 11</runs>
            <runs>33</runs>
            <runs>33</runs>
            <runs>33</runs>
            <runs>33</runs>
            <runs>33</runs>
            <runs>33</runs>
            <runs>33</runs>
            <runs>33</runs>
            <runs>5 1 27</runs>
            <runs>4 2 27</runs>
            <runs>3 4 26</runs>
            <runs>2 17 14</runs>
            <runs>1 21 11</runs>
            <runs>0 22 6</runs>
            <runs>0 22 6</runs>
            <runs>0 22 6</runs>
            <runs>0 22 5</runs>
            <runs>0 22 5</runs>
            <runs>0 22 5</runs>
        </run-table>
    </sample>
</samples>
