<?xml version="1.0" encoding="UTF-8"?>
<stick id="503" interline="22" shape="PIANO">
    <is-within-system>true</is-within-system>
    <has-ledger>false</has-ledger>
    <stem-number>0</stem-number>
    <step-line>12.183908045977011</step-line>
    <moments>
        <k>0.7892561983471075</k>
        <k>1.4545454545454546</k>
        <k>1.5454545454545454</k>
        <k>0.1820786614734976</k>
        <k>-0.10486935320702706</k>
        <k>0.22865587279098576</k>
        <k>0.03720369668361939</k>
        <k>0.011451925381478219</k>
        <k>-0.03815232286914713</k>
        <k>0.0199203427046179</k>
        <k>0.41073453426448336</k>
        <k>0.046159761582354734</k>
        <k>0.02320933913512255</k>
        <k>9.85119096505754E-4</k>
        <k>-1.9835741417767932E-8</k>
        <k>5.828415206288518E-5</k>
        <k>4.710430968435779E-6</k>
        <k>1092.8612565445026</k>
        <k>1766.6989528795812</k>
    </moments><members>
    <section id="1719" first-pos="1078">
        <run start="1784" length="1" level="156"/>
        <run start="1782" length="3" level="106"/>
        <run start="1780" length="6" level="77"/>
        <run start="1778" length="8" level="53"/>
        <run start="1775" length="11" level="57"/>
        <run start="1774" length="12" level="15"/>
        <run start="1771" length="15" level="39"/>
        <run start="1768" length="18" level="35"/>
        <run start="1766" length="20" level="44"/>
        <run start="1764" length="17" level="39"/>
        <run start="1761" length="17" level="42"/>
        <run start="1759" length="17" level="38"/>
    </section>
    <section id="1743" first-pos="1090">
        <run start="1752" length="21" level="42"/>
        <run start="1752" length="19" level="17"/>
        <run start="1752" length="17" level="11"/>
        <run start="1752" length="18" level="26"/>
    </section>
    <section id="1732" first-pos="1084">
        <run start="1756" length="1" level="170"/>
        <run start="1754" length="3" level="144"/>
        <run start="1753" length="3" level="91"/>
        <run start="1752" length="3" level="63"/>
        <run start="1752" length="3" level="36"/>
        <run start="1752" length="3" level="58"/>
    </section>
    <section id="1765" first-pos="1094">
        <run start="1753" length="11" level="29"/>
        <run start="1753" length="8" level="38"/>
        <run start="1754" length="5" level="60"/>
        <run start="1754" length="2" level="56"/>
        <run start="1753" length="2" level="137"/>
        <run start="1753" length="1" level="111"/>
    </section>
    <section id="1766" first-pos="1094">
        <run start="1766" length="6" level="103"/>
        <run start="1769" length="3" level="43"/>
        <run start="1770" length="3" level="89"/>
        <run start="1771" length="2" level="15"/>
        <run start="1771" length="2" level="15"/>
        <run start="1771" length="3" level="86"/>
        <run start="1770" length="4" level="103"/>
        <run start="1769" length="5" level="83"/>
        <run start="1768" length="6" level="69"/>
        <run start="1767" length="6" level="47"/>
        <run start="1765" length="7" level="63"/>
        <run start="1763" length="8" level="55"/>
        <run start="1759" length="11" level="69"/>
    </section>
    <section id="1798" first-pos="1107">
        <run start="1754" length="15" level="43"/>
        <run start="1755" length="12" level="34"/>
        <run start="1757" length="8" level="99"/>
    </section>
    <section id="1783" first-pos="1100">
        <run start="1752" length="1" level="175"/>
        <run start="1752" length="2" level="128"/>
        <run start="1752" length="2" level="128"/>
        <run start="1752" length="2" level="128"/>
        <run start="1752" length="2" level="88"/>
        <run start="1752" length="3" level="89"/>
        <run start="1753" length="4" level="108"/>
    </section>
</members></stick>
