<?xml version="1.0" encoding="UTF-8"?>
<stick id="1245" interline="22" shape="COMBINING_FLAG_1_UP">
    <is-within-system>true</is-within-system>
    <has-ledger>false</has-ledger>
    <stem-number>1</stem-number>
    <step-line>1.6091954022988506</step-line>
    <moments>
        <k>0.6611570247933884</k>
        <k>0.9545454545454546</k>
        <k>2.5454545454545454</k>
        <k>0.12877047729492175</k>
        <k>-0.21999536132812517</k>
        <k>0.49476757812500005</k>
        <k>-0.00730660205386976</k>
        <k>-0.0014281216606448635</k>
        <k>0.037225705936475145</k>
        <k>-0.1661162562804876</k>
        <k>0.6235380554199218</k>
        <k>0.3275457138395919</k>
        <k>0.040346686633773776</k>
        <k>0.02896627135681917</k>
        <k>9.849107171992768E-4</k>
        <k>0.014357476016204455</k>
        <k>1.026489861351476E-4</k>
        <k>916.146875</k>
        <k>1652.075</k>
    </moments>
    <section id="1528" first-pos="906">
        <run start="1656" length="23" level="47"/>
        <run start="1656" length="20" level="44"/>
        <run start="1656" length="16" level="49"/>
        <run start="1656" length="14" level="52"/>
        <run start="1656" length="13" level="59"/>
        <run start="1656" length="11" level="61"/>
        <run start="1655" length="12" level="77"/>
        <run start="1654" length="12" level="90"/>
        <run start="1653" length="12" level="90"/>
        <run start="1652" length="12" level="90"/>
        <run start="1650" length="13" level="99"/>
        <run start="1649" length="13" level="86"/>
        <run start="1648" length="12" level="89"/>
        <run start="1646" length="12" level="82"/>
        <run start="1644" length="13" level="61"/>
        <run start="1642" length="13" level="35"/>
    </section>
    <section id="1546" first-pos="922">
        <run start="1634" length="20" level="93"/>
    </section>
    <section id="1547" first-pos="923">
        <run start="1623" length="28" level="68"/>
        <run start="1623" length="25" level="44"/>
    </section>
    <section id="1545" first-pos="922">
        <run start="1625" length="3" level="227"/>
    </section>
    <section id="1549" first-pos="925">
        <run start="1626" length="18" level="72"/>
    </section>
    <section id="1550" first-pos="926">
        <run start="1632" length="5" level="178"/>
    </section>
</stick>
