<?xml version="1.0" encoding="UTF-8"?>
<stick id="331" interline="21" shape="EIGHTH_REST">
    <is-within-system>true</is-within-system>
    <has-ledger>false</has-ledger>
    <stem-number>0</stem-number>
    <step-line>-0.46511627906976744</step-line>
    <moments>
        <k>0.7052154195011338</k>
        <k>1.0952380952380953</k>
        <k>2.0476190476190474</k>
        <k>0.10442167149580758</k>
        <k>0.025667189856354557</k>
        <k>0.2915256202653498</k>
        <k>-0.0064094227114168826</k>
        <k>-0.029441605325964227</k>
        <k>0.022444726287215815</k>
        <k>0.1475818082931779</k>
        <k>0.3959472917611574</k>
        <k>0.03764310618564407</k>
        <k>0.06109005414793893</k>
        <k>0.014214238517902475</k>
        <k>4.1669543751358474E-4</k>
        <k>0.0027578168564081256</k>
        <k>4.254453865289463E-5</k>
        <k>2357.273311897106</k>
        <k>454.4405144694534</k>
    </moments>
    <section id="3725" first-pos="2346">
        <run start="447" length="5" level="81"/>
        <run start="445" length="9" level="46"/>
        <run start="444" length="11" level="31"/>
        <run start="443" length="12" level="26"/>
        <run start="443" length="13" level="23"/>
        <run start="443" length="13" level="21"/>
        <run start="443" length="13" level="21"/>
        <run start="443" length="13" level="21"/>
        <run start="444" length="13" level="22"/>
        <run start="445" length="16" level="62"/>
        <run start="446" length="15" level="94"/>
    </section>
    <section id="3737" first-pos="2357">
        <run start="447" length="5" level="218"/>
    </section>
    <section id="3738" first-pos="2357">
        <run start="454" length="2" level="120"/>
        <run start="453" length="3" level="97"/>
        <run start="452" length="3" level="92"/>
        <run start="451" length="4" level="74"/>
        <run start="450" length="4" level="70"/>
    </section>
    <section id="3742" first-pos="2362">
        <run start="449" length="19" level="101"/>
        <run start="446" length="17" level="77"/>
        <run start="442" length="19" level="111"/>
    </section>
    <section id="3741" first-pos="2361">
        <run start="457" length="12" level="77"/>
    </section>
    <section id="3739" first-pos="2357">
        <run start="457" length="5" level="175"/>
        <run start="458" length="4" level="181"/>
        <run start="458" length="4" level="181"/>
        <run start="458" length="4" level="181"/>
    </section>
    <section id="3740" first-pos="2359">
        <run start="468" length="13" level="52"/>
        <run start="463" length="12" level="33"/>
    </section>
    <section id="3734" first-pos="2356">
        <run start="479" length="2" level="200"/>
        <run start="476" length="5" level="118"/>
        <run start="473" length="8" level="77"/>
    </section>
    <section id="3748" first-pos="2365">
        <run start="440" length="12" level="90"/>
        <run start="438" length="9" level="152"/>
    </section>
    <section id="3752" first-pos="2367">
        <run start="438" length="4" level="207"/>
        <run start="438" length="2" level="200"/>
    </section>
    <section id="3749" first-pos="2365">
        <run start="457" length="3" level="184"/>
        <run start="457" length="3" level="179"/>
    </section>
</stick>
