<?xml version="1.0" encoding="UTF-8"?>
<stick id="358" interline="21" shape="PIANO">
    <is-within-system>true</is-within-system>
    <has-ledger>false</has-ledger>
    <stem-number>0</stem-number>
    <step-line>11.069767441860465</step-line>
    <moments>
        <k>0.9682539682539683</k>
        <k>1.5238095238095237</k>
        <k>1.7142857142857142</k>
        <k>0.16232750527673542</k>
        <k>-0.0995121629669031</k>
        <k>0.22075581697716803</k>
        <k>0.027057608590662533</k>
        <k>0.00995811688930099</k>
        <k>-0.033670673861766344</k>
        <k>0.02138914119014603</k>
        <k>0.38308332225390346</k>
        <k>0.04302454992156883</k>
        <k>0.016473828953288982</k>
        <k>0.001026383221379336</k>
        <k>2.2332022699364476E-6</k>
        <k>1.3737545921786652E-4</k>
        <k>3.581234168631497E-6</k>
        <k>382.384074941452</k>
        <k>1165.536299765808</k>
    </moments>
    <section id="636" first-pos="367">
        <run start="1184" length="1" level="207"/>
        <run start="1182" length="3" level="132"/>
        <run start="1180" length="5" level="80"/>
        <run start="1178" length="7" level="58"/>
        <run start="1175" length="11" level="72"/>
        <run start="1173" length="13" level="32"/>
        <run start="1170" length="16" level="38"/>
        <run start="1168" length="18" level="24"/>
        <run start="1166" length="20" level="35"/>
    </section>
    <section id="688" first-pos="376">
        <run start="1164" length="17" level="33"/>
        <run start="1161" length="18" level="45"/>
        <run start="1158" length="18" level="45"/>
    </section>
    <section id="704" first-pos="379">
        <run start="1150" length="23" level="43"/>
        <run start="1150" length="21" level="19"/>
        <run start="1150" length="19" level="14"/>
        <run start="1150" length="21" level="34"/>
        <run start="1151" length="21" level="41"/>
    </section>
    <section id="672" first-pos="373">
        <run start="1155" length="2" level="210"/>
        <run start="1154" length="3" level="91"/>
        <run start="1153" length="3" level="109"/>
        <run start="1152" length="2" level="110"/>
        <run start="1151" length="3" level="86"/>
        <run start="1151" length="4" level="106"/>
    </section>
    <section id="714" first-pos="384">
        <run start="1151" length="10" level="43"/>
        <run start="1152" length="7" level="68"/>
        <run start="1153" length="3" level="90"/>
        <run start="1152" length="3" level="108"/>
        <run start="1151" length="2" level="154"/>
    </section>
    <section id="715" first-pos="384">
        <run start="1167" length="5" level="76"/>
        <run start="1169" length="4" level="113"/>
        <run start="1169" length="4" level="80"/>
        <run start="1170" length="3" level="86"/>
        <run start="1170" length="3" level="71"/>
        <run start="1169" length="4" level="65"/>
        <run start="1169" length="4" level="53"/>
        <run start="1168" length="5" level="55"/>
        <run start="1166" length="6" level="69"/>
        <run start="1164" length="8" level="60"/>
        <run start="1161" length="10" level="68"/>
    </section>
    <section id="739" first-pos="395">
        <run start="1151" length="19" level="81"/>
        <run start="1151" length="18" level="25"/>
        <run start="1152" length="15" level="40"/>
    </section>
    <section id="724" first-pos="390">
        <run start="1151" length="1" level="217"/>
        <run start="1150" length="2" level="128"/>
        <run start="1150" length="3" level="153"/>
        <run start="1150" length="4" level="128"/>
        <run start="1151" length="4" level="115"/>
    </section>
    <section id="745" first-pos="398">
        <run start="1155" length="9" level="79"/>
    </section>
    <section id="689" first-pos="376">
        <run start="1183" length="2" level="162"/>
    </section>
</stick>
