<?xml version="1.0" encoding="UTF-8"?>
<stick id="784" interline="22" shape="TIME_TWO">
    <is-within-system>true</is-within-system>
    <has-ledger>false</has-ledger>
    <stem-number>0</stem-number>
    <step-line>-2.0689655172413794</step-line>
    <moments>
        <k>1.1735537190082646</k>
        <k>1.3636363636363635</k>
        <k>1.8181818181818181</k>
        <k>0.11588205150861525</k>
        <k>-0.036643591650577935</k>
        <k>0.28042026662179986</k>
        <k>-0.0037461939069862475</k>
        <k>0.001958114952895834</k>
        <k>-0.00403497259482969</k>
        <k>-0.0186472853418385</k>
        <k>0.3963023181304151</k>
        <k>0.03244383546884983</k>
        <k>6.711786125516846E-4</k>
        <k>3.390749604001432E-4</k>
        <k>9.006029918661195E-8</k>
        <k>1.6832020410943952E-5</k>
        <k>1.3436671974563864E-7</k>
        <k>469.88380281690144</k>
        <k>682.6954225352113</k>
    </moments>
    <section id="884" first-pos="455">
        <run start="696" length="6" level="172"/>
        <run start="694" length="8" level="45"/>
        <run start="692" length="10" level="36"/>
        <run start="690" length="12" level="38"/>
        <run start="689" length="12" level="16"/>
        <run start="687" length="14" level="33"/>
        <run start="686" length="15" level="41"/>
    </section>
    <section id="902" first-pos="462">
        <run start="685" length="8" level="30"/>
        <run start="684" length="9" level="58"/>
        <run start="684" length="8" level="64"/>
        <run start="684" length="7" level="73"/>
        <run start="683" length="7" level="90"/>
        <run start="682" length="8" level="109"/>
        <run start="682" length="7" level="90"/>
        <run start="681" length="8" level="109"/>
        <run start="681" length="7" level="101"/>
        <run start="680" length="7" level="113"/>
        <run start="679" length="8" level="99"/>
        <run start="679" length="8" level="88"/>
        <run start="677" length="9" level="105"/>
        <run start="676" length="9" level="63"/>
        <run start="674" length="11" level="69"/>
    </section>
    <section id="944" first-pos="477">
        <run start="662" length="23" level="59"/>
        <run start="662" length="23" level="36"/>
        <run start="663" length="21" level="20"/>
        <run start="664" length="19" level="16"/>
        <run start="666" length="15" level="16"/>
        <run start="668" length="12" level="21"/>
        <run start="669" length="9" level="75"/>
    </section>
    <section id="900" first-pos="462">
        <run start="662" length="4" level="108"/>
        <run start="662" length="4" level="125"/>
        <run start="662" length="3" level="143"/>
        <run start="662" length="3" level="143"/>
        <run start="662" length="3" level="143"/>
        <run start="662" length="3" level="163"/>
        <run start="662" length="2" level="200"/>
        <run start="662" length="2" level="200"/>
        <run start="662" length="3" level="198"/>
        <run start="662" length="3" level="142"/>
        <run start="662" length="4" level="153"/>
        <run start="662" length="5" level="122"/>
        <run start="662" length="6" level="102"/>
        <run start="662" length="7" level="88"/>
        <run start="662" length="9" level="89"/>
    </section>
    <section id="887" first-pos="457">
        <run start="668" length="6" level="186"/>
        <run start="667" length="7" level="29"/>
        <run start="665" length="10" level="57"/>
        <run start="664" length="11" level="19"/>
        <run start="663" length="12" level="37"/>
    </section>
    <section id="901" first-pos="462">
        <run start="669" length="6" level="28"/>
        <run start="670" length="4" level="78"/>
    </section>
    <section id="903" first-pos="462">
        <run start="694" length="6" level="43"/>
        <run start="694" length="6" level="43"/>
        <run start="694" length="6" level="31"/>
        <run start="693" length="7" level="37"/>
        <run start="694" length="6" level="6"/>
        <run start="694" length="6" level="6"/>
        <run start="694" length="6" level="18"/>
        <run start="695" length="6" level="33"/>
        <run start="695" length="6" level="5"/>
        <run start="695" length="6" level="5"/>
        <run start="695" length="6" level="5"/>
        <run start="695" length="6" level="18"/>
        <run start="696" length="6" level="33"/>
        <run start="696" length="6" level="5"/>
        <run start="696" length="6" level="5"/>
        <run start="696" length="6" level="5"/>
        <run start="696" length="6" level="5"/>
        <run start="696" length="6" level="5"/>
        <run start="696" length="6" level="19"/>
        <run start="696" length="5" level="22"/>
        <run start="695" length="5" level="53"/>
        <run start="695" length="4" level="48"/>
        <run start="695" length="2" level="91"/>
    </section>
</stick>
