<?xml version="1.0" encoding="UTF-8"?>
<stick id="783" interline="21" shape="TIME_FOUR">
    <is-within-system>true</is-within-system>
    <has-ledger>false</has-ledger>
    <stem-number>0</stem-number>
    <step-line>2.1176470588235294</step-line>
    <moments>
        <k>1.0839002267573696</k>
        <k>1.3333333333333333</k>
        <k>2.0952380952380953</k>
        <k>0.0767460695452414</k>
        <k>-0.0043635806804889305</k>
        <k>0.31120749397941766</k>
        <k>-0.023424224405268094</k>
        <k>0.013752546380466689</k>
        <k>0.02094669499001445</k>
        <k>-0.032013355177872765</k>
        <k>0.38795356352465904</k>
        <k>0.055048322893123496</k>
        <k>0.012810169680534358</k>
        <k>3.3959528993887016E-4</k>
        <k>2.0903332440616585E-7</k>
        <k>7.595401261177439E-5</k>
        <k>6.76757095424255E-7</k>
        <k>472.3535564853556</k>
        <k>482.8284518828452</k>
    </moments>
    <section id="883" first-pos="455">
        <run start="490" length="4" level="76"/>
        <run start="489" length="5" level="55"/>
        <run start="488" length="6" level="46"/>
        <run start="486" length="8" level="67"/>
    </section>
    <section id="888" first-pos="459">
        <run start="485" length="5" level="55"/>
        <run start="484" length="4" level="17"/>
        <run start="482" length="5" level="86"/>
        <run start="482" length="4" level="107"/>
        <run start="481" length="3" level="200"/>
        <run start="478" length="5" level="129"/>
        <run start="476" length="7" level="92"/>
        <run start="474" length="9" level="72"/>
        <run start="472" length="8" level="36"/>
        <run start="469" length="8" level="14"/>
        <run start="466" length="10" level="11"/>
        <run start="461" length="14" level="25"/>
        <run start="460" length="13" level="33"/>
        <run start="460" length="12" level="36"/>
        <run start="460" length="11" level="39"/>
        <run start="460" length="10" level="43"/>
        <run start="460" length="8" level="53"/>
        <run start="460" length="7" level="61"/>
        <run start="460" length="6" level="71"/>
        <run start="460" length="5" level="129"/>
        <run start="460" length="3" level="140"/>
        <run start="460" length="1" level="200"/>
    </section>
    <section id="889" first-pos="459">
        <run start="492" length="2" level="122"/>
        <run start="492" length="2" level="128"/>
        <run start="492" length="2" level="128"/>
        <run start="492" length="2" level="128"/>
        <run start="492" length="2" level="128"/>
        <run start="492" length="2" level="128"/>
        <run start="492" length="2" level="128"/>
        <run start="493" length="1" level="28"/>
        <run start="493" length="1" level="28"/>
        <run start="493" length="1" level="28"/>
        <run start="493" length="1" level="27"/>
        <run start="493" length="1" level="27"/>
        <run start="492" length="2" level="21"/>
    </section>
    <section id="935" first-pos="472">
        <run start="477" length="27" level="48"/>
        <run start="476" length="28" level="37"/>
        <run start="475" length="29" level="36"/>
        <run start="473" length="31" level="35"/>
        <run start="472" length="32" level="33"/>
        <run start="471" length="33" level="32"/>
        <run start="469" length="35" level="31"/>
    </section>
    <section id="930" first-pos="471">
        <run start="480" length="3" level="140"/>
    </section>
    <section id="927" first-pos="470">
        <run start="500" length="4" level="106"/>
        <run start="499" length="5" level="83"/>
    </section>
    <section id="946" first-pos="479">
        <run start="469" length="26" level="42"/>
    </section>
    <section id="948" first-pos="480">
        <run start="480" length="3" level="205"/>
    </section>
    <section id="949" first-pos="480">
        <run start="492" length="2" level="120"/>
        <run start="493" length="1" level="21"/>
        <run start="493" length="1" level="21"/>
    </section>
    <section id="947" first-pos="479">
        <run start="496" length="8" level="78"/>
        <run start="499" length="5" level="125"/>
        <run start="501" length="3" level="208"/>
    </section>
</stick>
