<?xml version="1.0" encoding="UTF-8"?>
<stick id="294" interline="21" shape="WHOLE_REST">
    <is-within-system>true</is-within-system>
    <has-ledger>false</has-ledger>
    <stem-number>0</stem-number>
    <step-line>-1.5529411764705883</step-line>
    <moments>
        <k>0.7664399092970522</k>
        <k>1.380952380952381</k>
        <k>0.6190476190476191</k>
        <k>0.1951541898591804</k>
        <k>-0.004325683904210825</k>
        <k>0.035889342213458304</k>
        <k>0.0011647791720059467</k>
        <k>-0.0010534107475644666</k>
        <k>-2.6978879176444684E-4</k>
        <k>1.8643145275876354E-4</k>
        <k>0.2310435320726387</k>
        <k>0.025440137860571668</k>
        <k>1.5097408532379134E-5</k>
        <k>1.5526608783466185E-6</k>
        <k>2.222529621765887E-12</k>
        <k>2.1286318381271504E-8</k>
        <k>7.181313525938769E-12</k>
        <k>1511.4378698224853</k>
        <k>443.4674556213018</k>
    </moments>
    <section id="2392" first-pos="1498">
        <run start="438" length="12" level="83"/>
        <run start="438" length="13" level="52"/>
        <run start="438" length="13" level="66"/>
        <run start="438" length="12" level="53"/>
        <run start="438" length="12" level="53"/>
        <run start="438" length="12" level="53"/>
        <run start="438" length="12" level="53"/>
        <run start="438" length="12" level="53"/>
        <run start="438" length="12" level="53"/>
        <run start="438" length="12" level="53"/>
        <run start="438" length="12" level="53"/>
        <run start="438" length="12" level="53"/>
        <run start="438" length="12" level="53"/>
        <run start="438" length="12" level="53"/>
        <run start="438" length="12" level="53"/>
        <run start="438" length="12" level="53"/>
        <run start="438" length="12" level="53"/>
        <run start="438" length="12" level="53"/>
        <run start="438" length="12" level="53"/>
        <run start="438" length="12" level="53"/>
        <run start="438" length="12" level="53"/>
        <run start="438" length="12" level="53"/>
        <run start="438" length="12" level="53"/>
        <run start="438" length="12" level="53"/>
        <run start="438" length="12" level="53"/>
        <run start="438" length="12" level="53"/>
        <run start="438" length="12" level="106"/>
    </section>
    <section id="2420" first-pos="1525">
        <run start="438" length="6" level="208"/>
        <run start="438" length="3" level="200"/>
    </section>
    <section id="2421" first-pos="1525">
        <run start="445" length="3" level="217"/>
    </section>
</stick>
