<?xml version="1.0" encoding="UTF-8" standalone="yes"?>
<samples sheet-name="IMSLP00606#4">
    <sample shape="G_CLEF" interline="14" pitch="0.1" left="285" top="2590" id="1187">
        <run-table orientation="VERTICAL" width="42" height="99">
            <runs>0 53 10</runs>
            <runs>0 46 18</runs>
            <runs>0 45 20</runs>
            <runs>0 40 27</runs>
            <runs>0 39 29 17 8</runs>
            <runs>0 37 33 14 11</runs>
            <runs>0 32 22 11 6 12 13</runs>
            <runs>0 32 21 13 5 11 15</runs>
            <runs>0 32 18 18 4 10 15</runs>
            <runs>0 32 17 21 8 3 17</runs>
            <runs>0 32 17 22 7 3 17</runs>
            <runs>0 31 18 22 7 3 18</runs>
            <runs>0 30 19 23 2 7 18</runs>
            <runs>0 29 20 23 2 8 12 2 3</runs>
            <runs>0 28 15 12 10 8 1 8 12 2 3</runs>
            <runs>0 27 16 9 14 17 10 4 2</runs>
            <runs>0 26 15 9 16 18 8 5 2</runs>
            <runs>0 26 14 5 13 28 5 6 2</runs>
            <runs>0 25 14 6 12 40 1</runs>
            <runs>0 14 24 7 11 40 2</runs>
            <runs>0 12 26 7 11 40 2</runs>
            <runs>0 10 28 7 10 41 2</runs>
            <runs>0 8 6 3 25 2 11 40 2</runs>
            <runs>0 7 6 5 17 6 14 40 1</runs>
            <runs>0 6 6 6 17 7 15</runs>
            <runs>0 5 6 7 17 8 23 26 2</runs>
            <runs>0 5 5 7 18 9 12 2 21 12 2</runs>
            <runs>0 4 5 8 14 13 11 5 23 6 2</runs>
            <runs>0 2 6 9 13 15 10 16 16</runs>
            <runs>0 2 5 10 12 16 10</runs>
            <runs>0 1 6 9 11 18 10</runs>
            <runs>0 1 6 8 11 19 10 18 1</runs>
            <runs>7 6 11 21 11 17 1</runs>
            <runs>7 3 13 22 11 16 2</runs>
            <runs>22 23 12 15 2</runs>
            <runs>0 1 20 24 13 12 8</runs>
            <runs>0 5 15 25 18 4 5</runs>
            <runs>0 45 18 3 5</runs>
            <runs>0 45 25</runs>
            <runs>0 51 16</runs>
            <runs>0 53 13</runs>
            <runs>0 57 7</runs>
        </run-table>
    </sample>
    <sample shape="F_CLEF" interline="14" pitch="-1.9" left="288" top="1413" id="958">
        <run-table orientation="VERTICAL" width="41" height="47">
            <runs>0 8 10</runs>
            <runs>0 1 18</runs>
            <runs>0 1 18</runs>
            <runs>0 1 18</runs>
            <runs>0 1 19</runs>
            <runs>0 1 19</runs>
            <runs>0 1 20</runs>
            <runs>0 1 20</runs>
            <runs>0 1 20</runs>
            <runs>0 1 19</runs>
            <runs>0 7 13</runs>
            <runs>0 7 13 21 1</runs>
            <runs>0 8 11 21 7</runs>
            <runs>0 9 9 21 8</runs>
            <runs>0 10 8 20 9</runs>
            <runs>0 12 3 21 7</runs>
            <runs>0 29 13</runs>
            <runs>7 22 13</runs>
            <runs>9 17 15</runs>
            <runs>40</runs>
            <runs>0 1 39</runs>
            <runs>0 1 38</runs>
            <runs>0 1 37</runs>
            <runs>0 1 36</runs>
            <runs>0 1 35</runs>
            <runs>0 1 34</runs>
            <runs>0 7 27</runs>
            <runs>0 8 25</runs>
            <runs>0 10 23</runs>
            <runs>0 13 12</runs>
            <runs></runs>
            <runs></runs>
            <runs></runs>
            <runs>0 1 7 14 4</runs>
            <runs>0 1 8 12 6</runs>
            <runs>0 1 9 11 7</runs>
            <runs>0 1 9 10 8</runs>
            <runs>0 1 9 11 7</runs>
            <runs>0 1 9 11 7</runs>
            <runs>0 1 8 13 4</runs>
            <runs>0 5 2</runs>
        </run-table>
    </sample>
    <sample shape="SHARP" interline="14" pitch="-3.7" left="344" top="1007" id="1010">
        <run-table orientation="VERTICAL" width="17" height="45">
            <runs>0 17 3 10 7</runs>
            <runs>0 14 9 5 9</runs>
            <runs>0 13 10 5 9</runs>
            <runs>0 12 11 5 16</runs>
            <runs>0 11 12 4 18</runs>
            <runs>0 5 18 3 18</runs>
            <runs>0 9 14 3 12</runs>
            <runs>0 10 9 7 11</runs>
            <runs>0 10 8 8 11</runs>
            <runs>0 10 8 8 7</runs>
            <runs>0 10 8 7 8</runs>
            <runs>0 9 32</runs>
            <runs>19 1 20</runs>
            <runs>0 8 9 3 11</runs>
            <runs>0 9 7 4 10</runs>
            <runs>0 9 7 8 5</runs>
            <runs>0 11 3</runs>
        </run-table>
    </sample>
    <sample shape="SHARP" interline="14" pitch="1.1" left="360" top="1428" id="1048">
        <run-table orientation="VERTICAL" width="16" height="47">
            <runs>0 32 3</runs>
            <runs>0 14 7 8 7</runs>
            <runs>0 14 7 8 7</runs>
            <runs>0 10 12 5 20</runs>
            <runs>0 11 36</runs>
            <runs>0 12 8 7 8</runs>
            <runs>0 12 8 7 8</runs>
            <runs>0 11 8 8 7</runs>
            <runs>0 11 8 8 7</runs>
            <runs>0 9 10 8 7</runs>
            <runs>20 4 23</runs>
            <runs>0 9 13 2 15</runs>
            <runs>0 10 12 2 14</runs>
            <runs>0 10 8 7 7</runs>
            <runs>0 11 7 7 7</runs>
            <runs>0 25 7</runs>
        </run-table>
    </sample>
</samples>
