<?xml version="1.0" encoding="UTF-8"?>
<stick id="2084" interline="19" shape="BEAM">
    <is-within-system>true</is-within-system>
    <has-ledger>false</has-ledger>
    <stem-number>2</stem-number>
    <step-line>1.6103896103896105</step-line>
    <moments>
        <k>4.445983379501385</k>
        <k>9.736842105263158</k>
        <k>0.5263157894736842</k>
        <k>1.800796809520912</k>
        <k>0.008831128860450305</k>
        <k>0.004004487945260646</k>
        <k>0.1568017823280303</k>
        <k>-0.0024833337666190455</k>
        <k>-6.768511593267403E-4</k>
        <k>-1.6734927864696747E-5</k>
        <k>1.8048012974661725</k>
        <k>3.2287746022210184</k>
        <k>0.02528296434655029</k>
        <k>0.024381244475909558</k>
        <k>6.053373198641197E-4</k>
        <k>0.04377178375373174</k>
        <k>7.689818795629701E-7</k>
        <k>291.81931464174454</k>
        <k>982.1352024922119</k>
    </moments><members>
    <section id="1017" first-pos="203">
        <run start="977" length="10" level="71"/>
        <run start="977" length="10" level="76"/>
        <run start="977" length="10" level="78"/>
        <run start="977" length="10" level="79"/>
        <run start="977" length="10" level="82"/>
        <run start="977" length="10" level="83"/>
        <run start="977" length="10" level="83"/>
        <run start="977" length="10" level="83"/>
        <run start="978" length="9" level="68"/>
        <run start="977" length="10" level="83"/>
        <run start="977" length="10" level="81"/>
        <run start="977" length="10" level="81"/>
        <run start="977" length="10" level="81"/>
        <run start="977" length="10" level="79"/>
        <run start="977" length="10" level="75"/>
        <run start="977" length="10" level="80"/>
        <run start="977" length="10" level="84"/>
        <run start="978" length="9" level="69"/>
        <run start="978" length="9" level="70"/>
        <run start="978" length="9" level="70"/>
        <run start="978" length="9" level="70"/>
        <run start="978" length="9" level="70"/>
        <run start="977" length="10" level="85"/>
        <run start="977" length="10" level="69"/>
        <run start="977" length="10" level="82"/>
        <run start="978" length="9" level="70"/>
        <run start="978" length="9" level="71"/>
        <run start="978" length="9" level="71"/>
        <run start="978" length="9" level="71"/>
        <run start="978" length="9" level="71"/>
        <run start="978" length="9" level="71"/>
        <run start="977" length="10" level="85"/>
        <run start="977" length="10" level="86"/>
        <run start="978" length="9" level="71"/>
        <run start="978" length="9" level="72"/>
        <run start="978" length="9" level="72"/>
        <run start="978" length="9" level="72"/>
        <run start="978" length="9" level="72"/>
        <run start="977" length="10" level="87"/>
        <run start="978" length="9" level="72"/>
        <run start="978" length="9" level="73"/>
        <run start="978" length="9" level="73"/>
        <run start="978" length="9" level="73"/>
        <run start="978" length="9" level="73"/>
        <run start="978" length="9" level="73"/>
        <run start="978" length="9" level="73"/>
        <run start="978" length="9" level="73"/>
        <run start="978" length="9" level="74"/>
        <run start="978" length="9" level="74"/>
        <run start="978" length="9" level="74"/>
        <run start="978" length="9" level="74"/>
        <run start="978" length="9" level="74"/>
        <run start="978" length="9" level="74"/>
        <run start="978" length="9" level="74"/>
        <run start="978" length="9" level="74"/>
        <run start="978" length="9" level="75"/>
        <run start="978" length="9" level="75"/>
        <run start="978" length="9" level="75"/>
        <run start="978" length="9" level="75"/>
        <run start="978" length="9" level="75"/>
        <run start="978" length="9" level="75"/>
        <run start="978" length="9" level="75"/>
        <run start="978" length="9" level="76"/>
        <run start="978" length="9" level="76"/>
        <run start="978" length="9" level="76"/>
        <run start="978" length="9" level="76"/>
        <run start="978" length="9" level="76"/>
        <run start="978" length="9" level="76"/>
        <run start="978" length="9" level="77"/>
        <run start="978" length="9" level="84"/>
        <run start="978" length="9" level="92"/>
        <run start="979" length="8" level="85"/>
        <run start="979" length="8" level="85"/>
        <run start="978" length="9" level="89"/>
        <run start="978" length="9" level="79"/>
        <run start="978" length="9" level="77"/>
        <run start="978" length="9" level="77"/>
        <run start="978" length="9" level="78"/>
        <run start="978" length="9" level="78"/>
        <run start="978" length="9" level="78"/>
        <run start="978" length="9" level="78"/>
        <run start="978" length="9" level="91"/>
        <run start="978" length="9" level="96"/>
        <run start="978" length="9" level="98"/>
        <run start="979" length="8" level="87"/>
        <run start="979" length="8" level="88"/>
        <run start="979" length="8" level="88"/>
        <run start="979" length="8" level="89"/>
        <run start="979" length="8" level="89"/>
        <run start="979" length="8" level="89"/>
        <run start="979" length="8" level="89"/>
        <run start="979" length="8" level="89"/>
        <run start="979" length="8" level="90"/>
        <run start="979" length="8" level="90"/>
        <run start="979" length="8" level="90"/>
        <run start="979" length="8" level="90"/>
        <run start="979" length="8" level="90"/>
        <run start="979" length="8" level="90"/>
        <run start="979" length="8" level="89"/>
        <run start="979" length="8" level="89"/>
        <run start="979" length="8" level="90"/>
        <run start="979" length="8" level="89"/>
        <run start="979" length="8" level="89"/>
        <run start="979" length="8" level="89"/>
        <run start="979" length="8" level="89"/>
        <run start="978" length="9" level="102"/>
        <run start="978" length="9" level="103"/>
        <run start="979" length="8" level="90"/>
        <run start="979" length="8" level="92"/>
        <run start="979" length="8" level="92"/>
        <run start="979" length="8" level="92"/>
        <run start="979" length="8" level="92"/>
        <run start="979" length="8" level="93"/>
        <run start="979" length="8" level="93"/>
        <run start="979" length="8" level="91"/>
        <run start="979" length="8" level="90"/>
        <run start="979" length="8" level="90"/>
        <run start="979" length="8" level="92"/>
        <run start="979" length="8" level="93"/>
        <run start="979" length="8" level="94"/>
        <run start="979" length="8" level="91"/>
        <run start="978" length="9" level="104"/>
        <run start="979" length="8" level="91"/>
        <run start="979" length="8" level="89"/>
        <run start="979" length="8" level="89"/>
        <run start="978" length="9" level="104"/>
        <run start="978" length="9" level="101"/>
        <run start="978" length="9" level="100"/>
        <run start="978" length="9" level="100"/>
        <run start="978" length="9" level="94"/>
        <run start="978" length="9" level="94"/>
        <run start="978" length="9" level="103"/>
        <run start="978" length="9" level="94"/>
        <run start="978" length="9" level="86"/>
        <run start="978" length="9" level="91"/>
        <run start="978" length="9" level="103"/>
        <run start="979" length="8" level="92"/>
        <run start="978" length="9" level="104"/>
        <run start="979" length="8" level="90"/>
        <run start="978" length="9" level="93"/>
        <run start="978" length="9" level="93"/>
        <run start="979" length="8" level="91"/>
        <run start="979" length="8" level="96"/>
        <run start="979" length="8" level="95"/>
        <run start="979" length="8" level="95"/>
        <run start="979" length="8" level="95"/>
        <run start="979" length="8" level="97"/>
        <run start="979" length="8" level="98"/>
        <run start="979" length="8" level="95"/>
        <run start="978" length="9" level="101"/>
        <run start="978" length="9" level="91"/>
        <run start="978" length="9" level="88"/>
        <run start="978" length="9" level="93"/>
        <run start="978" length="9" level="104"/>
        <run start="979" length="8" level="95"/>
        <run start="979" length="8" level="96"/>
        <run start="979" length="8" level="96"/>
        <run start="979" length="8" level="95"/>
        <run start="979" length="8" level="92"/>
        <run start="979" length="8" level="94"/>
        <run start="979" length="8" level="95"/>
        <run start="979" length="8" level="94"/>
        <run start="979" length="8" level="99"/>
        <run start="979" length="8" level="100"/>
        <run start="979" length="8" level="96"/>
        <run start="979" length="8" level="89"/>
        <run start="979" length="8" level="95"/>
        <run start="979" length="8" level="98"/>
        <run start="979" length="8" level="100"/>
        <run start="979" length="8" level="101"/>
        <run start="979" length="8" level="101"/>
        <run start="979" length="8" level="102"/>
        <run start="979" length="8" level="102"/>
        <run start="979" length="8" level="102"/>
        <run start="979" length="8" level="102"/>
        <run start="979" length="8" level="102"/>
        <run start="979" length="8" level="102"/>
        <run start="979" length="8" level="103"/>
        <run start="979" length="8" level="106"/>
        <run start="980" length="7" level="98"/>
        <run start="979" length="8" level="107"/>
        <run start="979" length="8" level="103"/>
        <run start="979" length="8" level="103"/>
        <run start="979" length="8" level="104"/>
        <run start="979" length="8" level="99"/>
    </section>
</members></stick>
