<?xml version="1.0" encoding="UTF-8"?>
<stick id="3033" interline="19" shape="BEAM">
    <is-within-system>true</is-within-system>
    <has-ledger>false</has-ledger>
    <stem-number>1</stem-number>
    <step-line>5.038961038961039</step-line>
    <moments>
        <k>2.365650969529086</k>
        <k>3.736842105263158</k>
        <k>1.894736842105263</k>
        <k>0.4385852915496204</k>
        <k>0.15657961212073035</k>
        <k>0.0720981796256999</k>
        <k>-0.008132842977037324</k>
        <k>-7.579154845996026E-4</k>
        <k>7.63856070796369E-4</k>
        <k>6.547082447207724E-4</k>
        <k>0.5106834711753203</k>
        <k>0.23238150293384968</k>
        <k>1.1724419556752038E-4</k>
        <k>5.4312619758714046E-5</k>
        <k>4.21811163625658E-9</k>
        <k>2.037340343254119E-5</k>
        <k>9.958781196545414E-10</k>
        <k>1964.483606557377</k>
        <k>2696.215456674473</k>
    </moments><members>
    <section id="6962" first-pos="1927">
        <run start="2686" length="1" level="200"/>
        <run start="2686" length="2" level="200"/>
        <run start="2686" length="2" level="200"/>
        <run start="2686" length="4" level="145"/>
        <run start="2686" length="5" level="115"/>
        <run start="2686" length="5" level="113"/>
    </section>
    <section id="6994" first-pos="1933">
        <run start="2679" length="12" level="88"/>
        <run start="2679" length="13" level="87"/>
        <run start="2679" length="13" level="91"/>
        <run start="2680" length="13" level="95"/>
        <run start="2680" length="13" level="82"/>
        <run start="2680" length="13" level="93"/>
        <run start="2681" length="13" level="89"/>
        <run start="2681" length="13" level="82"/>
        <run start="2681" length="13" level="84"/>
        <run start="2682" length="13" level="81"/>
        <run start="2682" length="13" level="82"/>
        <run start="2682" length="14" level="100"/>
        <run start="2683" length="13" level="82"/>
        <run start="2684" length="12" level="79"/>
        <run start="2684" length="13" level="88"/>
        <run start="2685" length="12" level="63"/>
        <run start="2686" length="11" level="50"/>
        <run start="2686" length="12" level="56"/>
        <run start="2686" length="12" level="46"/>
        <run start="2686" length="12" level="46"/>
        <run start="2686" length="13" level="42"/>
        <run start="2687" length="12" level="29"/>
        <run start="2687" length="13" level="31"/>
        <run start="2687" length="13" level="27"/>
        <run start="2688" length="12" level="12"/>
        <run start="2688" length="13" level="25"/>
        <run start="2688" length="13" level="28"/>
        <run start="2689" length="12" level="19"/>
        <run start="2689" length="13" level="21"/>
        <run start="2689" length="13" level="21"/>
        <run start="2690" length="12" level="20"/>
        <run start="2690" length="13" level="21"/>
        <run start="2691" length="12" level="22"/>
        <run start="2691" length="13" level="21"/>
        <run start="2691" length="13" level="21"/>
        <run start="2691" length="13" level="30"/>
        <run start="2692" length="13" level="20"/>
        <run start="2692" length="13" level="21"/>
        <run start="2693" length="12" level="19"/>
        <run start="2693" length="13" level="21"/>
        <run start="2693" length="13" level="20"/>
        <run start="2693" length="14" level="46"/>
        <run start="2694" length="13" level="20"/>
        <run start="2694" length="13" level="21"/>
        <run start="2695" length="13" level="35"/>
        <run start="2695" length="13" level="21"/>
        <run start="2695" length="13" level="31"/>
        <run start="2696" length="13" level="35"/>
        <run start="2696" length="13" level="21"/>
        <run start="2696" length="13" level="32"/>
        <run start="2697" length="13" level="21"/>
        <run start="2697" length="13" level="25"/>
        <run start="2698" length="13" level="32"/>
        <run start="2698" length="13" level="21"/>
        <run start="2698" length="13" level="32"/>
        <run start="2699" length="13" level="25"/>
        <run start="2699" length="13" level="21"/>
        <run start="2700" length="12" level="18"/>
        <run start="2700" length="13" level="21"/>
        <run start="2700" length="13" level="20"/>
        <run start="2701" length="13" level="21"/>
        <run start="2701" length="13" level="20"/>
        <run start="2701" length="14" level="31"/>
        <run start="2701" length="14" level="29"/>
        <run start="2701" length="14" level="23"/>
    </section>
</members></stick>
