<?xml version="1.0" encoding="UTF-8"?>
<stick id="2864" interline="19" shape="BEAM">
    <is-within-system>true</is-within-system>
    <has-ledger>false</has-ledger>
    <stem-number>2</stem-number>
    <step-line>3.5844155844155843</step-line>
    <moments>
        <k>1.7700831024930748</k>
        <k>2.8421052631578947</k>
        <k>0.7368421052631579</k>
        <k>0.37777769575939596</k>
        <k>-1.806205747657314E-4</k>
        <k>0.01832961370388258</k>
        <k>-0.003838378203047442</k>
        <k>3.8974013636318866E-4</k>
        <k>-4.714659406238736E-5</k>
        <k>-4.849308902798047E-5</k>
        <k>0.39610730946327855</k>
        <k>0.12920305418855518</k>
        <k>1.5150179851130574E-5</k>
        <k>1.521375249627038E-5</k>
        <k>2.306199283514259E-10</k>
        <k>5.385796979296356E-6</k>
        <k>-1.2787323303419059E-11</k>
        <k>984.5430359937402</k>
        <k>2448.5727699530516</k>
    </moments><members>
    <section id="3529" first-pos="958">
        <run start="2441" length="14" level="83"/>
        <run start="2443" length="12" level="75"/>
        <run start="2443" length="12" level="76"/>
        <run start="2443" length="12" level="79"/>
        <run start="2444" length="11" level="68"/>
        <run start="2444" length="11" level="66"/>
        <run start="2444" length="11" level="67"/>
        <run start="2444" length="11" level="69"/>
        <run start="2444" length="11" level="69"/>
        <run start="2444" length="11" level="69"/>
        <run start="2444" length="11" level="67"/>
        <run start="2443" length="12" level="78"/>
        <run start="2444" length="11" level="67"/>
        <run start="2443" length="12" level="79"/>
        <run start="2443" length="12" level="75"/>
        <run start="2443" length="12" level="73"/>
        <run start="2443" length="12" level="73"/>
        <run start="2443" length="12" level="72"/>
        <run start="2443" length="12" level="68"/>
        <run start="2443" length="12" level="67"/>
        <run start="2443" length="12" level="67"/>
        <run start="2443" length="12" level="67"/>
        <run start="2443" length="12" level="67"/>
        <run start="2443" length="12" level="67"/>
        <run start="2443" length="12" level="67"/>
        <run start="2443" length="12" level="67"/>
        <run start="2443" length="12" level="67"/>
        <run start="2443" length="12" level="67"/>
        <run start="2443" length="12" level="68"/>
        <run start="2443" length="12" level="68"/>
        <run start="2443" length="12" level="68"/>
        <run start="2443" length="12" level="68"/>
        <run start="2443" length="12" level="68"/>
        <run start="2443" length="12" level="68"/>
        <run start="2443" length="12" level="68"/>
        <run start="2443" length="12" level="68"/>
        <run start="2443" length="12" level="68"/>
        <run start="2443" length="12" level="68"/>
        <run start="2443" length="12" level="69"/>
        <run start="2443" length="12" level="69"/>
        <run start="2443" length="12" level="69"/>
        <run start="2443" length="12" level="69"/>
        <run start="2443" length="12" level="69"/>
        <run start="2443" length="12" level="69"/>
        <run start="2443" length="12" level="69"/>
        <run start="2443" length="12" level="69"/>
        <run start="2443" length="12" level="69"/>
        <run start="2443" length="12" level="69"/>
        <run start="2443" length="12" level="70"/>
        <run start="2444" length="11" level="55"/>
        <run start="2444" length="11" level="55"/>
        <run start="2444" length="11" level="55"/>
        <run start="2443" length="12" level="68"/>
        <run start="2443" length="12" level="55"/>
    </section>
</members></stick>
