<?xml version="1.0" encoding="UTF-8"?>
<stick id="2105" interline="19" shape="BEAM">
    <is-within-system>true</is-within-system>
    <has-ledger>false</has-ledger>
    <stem-number>2</stem-number>
    <step-line>3.896103896103896</step-line>
    <moments>
        <k>4.3988919667590025</k>
        <k>7.578947368421052</k>
        <k>0.9473684210526315</k>
        <k>1.0855664040921327</k>
        <k>0.04691689031474804</k>
        <k>0.008850131394413156</k>
        <k>-0.18173046036415225</k>
        <k>-0.009224900390352442</k>
        <k>7.985040637417218E-4</k>
        <k>1.6935378675409578E-4</k>
        <k>1.0944165354865458</k>
        <k>1.1681227102792944</k>
        <k>0.03467766516595722</k>
        <k>0.032818375734983606</k>
        <k>0.0011071349173449262</k>
        <k>0.03546697305051775</k>
        <k>6.917619645944312E-8</k>
        <k>501.67821158690174</k>
        <k>1004.051637279597</k>
    </moments><members>
    <section id="1726" first-pos="426">
        <run start="996" length="11" level="75"/>
        <run start="997" length="10" level="63"/>
        <run start="997" length="10" level="63"/>
        <run start="997" length="10" level="63"/>
        <run start="997" length="10" level="63"/>
        <run start="997" length="10" level="63"/>
        <run start="997" length="10" level="63"/>
        <run start="997" length="10" level="63"/>
        <run start="997" length="10" level="63"/>
        <run start="997" length="10" level="64"/>
        <run start="997" length="10" level="64"/>
        <run start="997" length="10" level="64"/>
        <run start="997" length="10" level="64"/>
        <run start="997" length="10" level="64"/>
        <run start="997" length="10" level="64"/>
        <run start="997" length="10" level="64"/>
        <run start="997" length="10" level="64"/>
        <run start="997" length="10" level="65"/>
        <run start="997" length="10" level="65"/>
        <run start="997" length="10" level="65"/>
        <run start="997" length="10" level="65"/>
        <run start="997" length="10" level="65"/>
        <run start="997" length="10" level="65"/>
        <run start="997" length="10" level="65"/>
        <run start="997" length="10" level="72"/>
        <run start="997" length="10" level="75"/>
        <run start="997" length="10" level="70"/>
        <run start="997" length="10" level="81"/>
        <run start="997" length="10" level="85"/>
        <run start="997" length="10" level="86"/>
        <run start="997" length="10" level="81"/>
        <run start="997" length="10" level="83"/>
        <run start="997" length="10" level="88"/>
        <run start="998" length="9" level="74"/>
        <run start="998" length="9" level="74"/>
        <run start="998" length="9" level="74"/>
        <run start="998" length="9" level="74"/>
        <run start="998" length="9" level="74"/>
        <run start="998" length="9" level="74"/>
        <run start="998" length="9" level="75"/>
        <run start="998" length="9" level="75"/>
        <run start="998" length="9" level="75"/>
        <run start="998" length="9" level="75"/>
        <run start="998" length="9" level="75"/>
        <run start="998" length="9" level="75"/>
        <run start="998" length="9" level="75"/>
        <run start="998" length="9" level="76"/>
        <run start="998" length="9" level="76"/>
        <run start="998" length="9" level="76"/>
        <run start="998" length="9" level="76"/>
        <run start="998" length="9" level="77"/>
        <run start="998" length="9" level="76"/>
        <run start="998" length="9" level="82"/>
        <run start="998" length="9" level="86"/>
        <run start="998" length="9" level="98"/>
        <run start="999" length="8" level="86"/>
        <run start="999" length="8" level="86"/>
        <run start="999" length="8" level="86"/>
        <run start="999" length="8" level="87"/>
        <run start="999" length="8" level="87"/>
        <run start="999" length="8" level="87"/>
        <run start="999" length="8" level="87"/>
        <run start="999" length="12" level="126"/>
        <run start="999" length="12" level="122"/>
        <run start="999" length="12" level="122"/>
        <run start="999" length="12" level="122"/>
        <run start="999" length="12" level="122"/>
        <run start="999" length="12" level="122"/>
        <run start="999" length="12" level="122"/>
        <run start="999" length="12" level="122"/>
        <run start="999" length="12" level="122"/>
        <run start="999" length="12" level="122"/>
        <run start="999" length="12" level="122"/>
        <run start="999" length="12" level="122"/>
        <run start="999" length="12" level="122"/>
        <run start="999" length="12" level="122"/>
        <run start="999" length="12" level="122"/>
        <run start="999" length="12" level="122"/>
        <run start="999" length="12" level="122"/>
        <run start="999" length="12" level="122"/>
        <run start="999" length="12" level="122"/>
        <run start="999" length="12" level="122"/>
        <run start="999" length="12" level="122"/>
        <run start="999" length="12" level="122"/>
        <run start="999" length="12" level="121"/>
        <run start="999" length="12" level="119"/>
        <run start="999" length="13" level="124"/>
        <run start="999" length="13" level="114"/>
        <run start="999" length="13" level="119"/>
        <run start="999" length="13" level="125"/>
        <run start="999" length="13" level="125"/>
        <run start="999" length="13" level="120"/>
        <run start="999" length="13" level="133"/>
        <run start="999" length="12" level="128"/>
        <run start="1000" length="12" level="132"/>
        <run start="1000" length="12" level="130"/>
        <run start="1000" length="12" level="127"/>
        <run start="1000" length="12" level="127"/>
        <run start="1000" length="12" level="121"/>
        <run start="1000" length="12" level="121"/>
        <run start="1000" length="12" level="122"/>
        <run start="1000" length="12" level="120"/>
        <run start="1000" length="12" level="119"/>
        <run start="1000" length="12" level="121"/>
        <run start="1000" length="12" level="122"/>
        <run start="1000" length="12" level="122"/>
        <run start="1000" length="12" level="122"/>
        <run start="1000" length="12" level="122"/>
        <run start="1000" length="12" level="122"/>
        <run start="1000" length="12" level="122"/>
        <run start="1000" length="12" level="122"/>
        <run start="1000" length="12" level="122"/>
        <run start="1000" length="12" level="122"/>
        <run start="1000" length="12" level="122"/>
        <run start="1000" length="12" level="122"/>
        <run start="1000" length="12" level="122"/>
        <run start="1000" length="12" level="122"/>
        <run start="1000" length="12" level="122"/>
        <run start="1000" length="12" level="122"/>
        <run start="1000" length="12" level="122"/>
        <run start="1000" length="12" level="122"/>
        <run start="1000" length="13" level="119"/>
        <run start="1000" length="13" level="124"/>
        <run start="1000" length="13" level="125"/>
        <run start="1000" length="13" level="114"/>
        <run start="1000" length="13" level="114"/>
        <run start="1000" length="13" level="120"/>
        <run start="1000" length="13" level="123"/>
        <run start="1000" length="13" level="120"/>
        <run start="1000" length="13" level="123"/>
        <run start="1001" length="12" level="117"/>
        <run start="1001" length="12" level="117"/>
        <run start="1001" length="12" level="120"/>
        <run start="1001" length="12" level="121"/>
        <run start="1001" length="12" level="122"/>
        <run start="1001" length="12" level="122"/>
        <run start="1001" length="12" level="122"/>
        <run start="1001" length="12" level="122"/>
        <run start="1001" length="12" level="122"/>
        <run start="1001" length="12" level="122"/>
        <run start="1001" length="12" level="122"/>
        <run start="1001" length="12" level="121"/>
        <run start="1001" length="13" level="127"/>
        <run start="1000" length="14" level="120"/>
    </section>
</members></stick>
