<?xml version="1.0" encoding="UTF-8"?>
<stick id="1248" interline="19" shape="C_CLEF">
    <is-within-system>true</is-within-system>
    <has-ledger>false</has-ledger>
    <stem-number>0</stem-number>
    <step-line>2.1298701298701297</step-line>
    <moments>
        <k>4.354570637119114</k>
        <k>2.3157894736842106</k>
        <k>3.263157894736842</k>
        <k>0.10129204020581575</k>
        <k>0.0032679933898484624</k>
        <k>0.20374001537633848</k>
        <k>0.004953688058142389</k>
        <k>-7.275005770010191E-4</k>
        <k>0.0010194290256863336</k>
        <k>0.0036928607894654132</k>
        <k>0.30503205558215424</k>
        <k>0.010538306739724414</k>
        <k>3.81124296260175E-5</k>
        <k>4.447148888679342E-5</k>
        <k>-1.6063433526348673E-9</k>
        <k>-2.522753295317552E-6</k>
        <k>-8.784759299905289E-10</k>
        <k>798.6507633587786</k>
        <k>2893.7391857506364</k>
    </moments><members>
    <section id="2941" first-pos="779">
        <run start="2867" length="6" level="186"/>
    </section>
    <section id="2944" first-pos="780">
        <run start="2865" length="22" level="84"/>
    </section>
    <section id="2949" first-pos="781">
        <run start="2864" length="61" level="48"/>
        <run start="2864" length="62" level="46"/>
        <run start="2864" length="62" level="44"/>
        <run start="2864" length="62" level="45"/>
        <run start="2864" length="62" level="47"/>
        <run start="2865" length="60" level="44"/>
        <run start="2866" length="59" level="64"/>
    </section>
    <section id="2945" first-pos="780">
        <run start="2889" length="6" level="172"/>
    </section>
    <section id="2981" first-pos="788">
        <run start="2872" length="4" level="207"/>
        <run start="2872" length="1" level="200"/>
    </section>
    <section id="2990" first-pos="790">
        <run start="2865" length="12" level="132"/>
    </section>
    <section id="2993" first-pos="791">
        <run start="2864" length="52" level="102"/>
    </section>
    <section id="2991" first-pos="790">
        <run start="2911" length="2" level="200"/>
    </section>
    <section id="2998" first-pos="792">
        <run start="2864" length="61" level="41"/>
        <run start="2865" length="60" level="49"/>
    </section>
    <section id="2994" first-pos="791">
        <run start="2917" length="3" level="198"/>
    </section>
    <section id="2995" first-pos="791">
        <run start="2923" length="1" level="227"/>
    </section>
    <section id="3005" first-pos="794">
        <run start="2868" length="9" level="212"/>
    </section>
    <section id="3010" first-pos="795">
        <run start="2872" length="1" level="200"/>
    </section>
    <section id="3006" first-pos="794">
        <run start="2892" length="6" level="73"/>
        <run start="2892" length="7" level="90"/>
        <run start="2892" length="8" level="55"/>
    </section>
    <section id="3017" first-pos="797">
        <run start="2888" length="13" level="76"/>
        <run start="2886" length="17" level="68"/>
    </section>
    <section id="3025" first-pos="799">
        <run start="2882" length="24" level="52"/>
        <run start="2881" length="28" level="34"/>
    </section>
    <section id="3032" first-pos="801">
        <run start="2881" length="12" level="63"/>
        <run start="2883" length="10" level="77"/>
        <run start="2885" length="8" level="103"/>
        <run start="2886" length="7" level="133"/>
        <run start="2889" length="4" level="189"/>
        <run start="2888" length="5" level="160"/>
        <run start="2888" length="5" level="137"/>
        <run start="2888" length="5" level="121"/>
        <run start="2888" length="5" level="120"/>
        <run start="2887" length="6" level="103"/>
        <run start="2886" length="7" level="89"/>
        <run start="2883" length="10" level="84"/>
    </section>
    <section id="3070" first-pos="813">
        <run start="2866" length="27" level="53"/>
        <run start="2866" length="27" level="50"/>
        <run start="2867" length="26" level="47"/>
        <run start="2867" length="22" level="38"/>
        <run start="2868" length="20" level="39"/>
        <run start="2869" length="18" level="41"/>
        <run start="2870" length="15" level="55"/>
        <run start="2871" length="12" level="69"/>
        <run start="2872" length="8" level="195"/>
    </section>
    <section id="3035" first-pos="804">
        <run start="2865" length="3" level="8"/>
        <run start="2864" length="4" level="52"/>
        <run start="2864" length="4" level="51"/>
        <run start="2864" length="4" level="55"/>
        <run start="2864" length="4" level="58"/>
        <run start="2865" length="4" level="15"/>
        <run start="2865" length="5" level="48"/>
        <run start="2865" length="7" level="37"/>
        <run start="2865" length="11" level="76"/>
    </section>
    <section id="3023" first-pos="798">
        <run start="2868" length="8" level="120"/>
        <run start="2867" length="10" level="90"/>
        <run start="2866" length="12" level="93"/>
        <run start="2865" length="13" level="81"/>
        <run start="2865" length="13" level="66"/>
        <run start="2865" length="13" level="77"/>
    </section>
    <section id="3016" first-pos="797">
        <run start="2870" length="3" level="145"/>
    </section>
    <section id="3036" first-pos="804">
        <run start="2869" length="9" level="136"/>
        <run start="2870" length="7" level="150"/>
        <run start="2872" length="4" level="207"/>
    </section>
    <section id="3091" first-pos="822">
        <run start="2873" length="1" level="200"/>
    </section>
    <section id="3033" first-pos="801">
        <run start="2894" length="15" level="3"/>
        <run start="2896" length="13" level="9"/>
        <run start="2897" length="9" level="23"/>
        <run start="2898" length="7" level="66"/>
        <run start="2899" length="4" level="6"/>
        <run start="2899" length="3" level="7"/>
        <run start="2898" length="4" level="63"/>
        <run start="2898" length="4" level="93"/>
        <run start="2898" length="3" level="6"/>
        <run start="2898" length="4" level="28"/>
        <run start="2898" length="4" level="56"/>
        <run start="2899" length="5" level="31"/>
    </section>
    <section id="3071" first-pos="813">
        <run start="2899" length="25" level="31"/>
        <run start="2899" length="25" level="34"/>
        <run start="2900" length="23" level="28"/>
        <run start="2901" length="22" level="34"/>
        <run start="2901" length="21" level="34"/>
        <run start="2902" length="19" level="35"/>
        <run start="2903" length="17" level="52"/>
        <run start="2905" length="13" level="67"/>
    </section>
    <section id="3041" first-pos="805">
        <run start="2923" length="2" level="11"/>
        <run start="2922" length="3" level="73"/>
        <run start="2922" length="3" level="39"/>
        <run start="2922" length="3" level="6"/>
        <run start="2921" length="4" level="58"/>
        <run start="2920" length="5" level="47"/>
        <run start="2919" length="6" level="43"/>
        <run start="2918" length="7" level="55"/>
    </section>
    <section id="3024" first-pos="798">
        <run start="2914" length="6" level="41"/>
        <run start="2912" length="9" level="45"/>
        <run start="2912" length="10" level="23"/>
        <run start="2912" length="11" level="21"/>
        <run start="2912" length="12" level="20"/>
        <run start="2912" length="13" level="33"/>
        <run start="2912" length="13" level="23"/>
    </section>
    <section id="3040" first-pos="805">
        <run start="2912" length="9" level="46"/>
    </section>
    <section id="3046" first-pos="806">
        <run start="2912" length="2" level="212"/>
    </section>
    <section id="3047" first-pos="806">
        <run start="2915" length="5" level="57"/>
    </section>
    <section id="3090" first-pos="821">
        <run start="2907" length="8" level="100"/>
    </section>
    <section id="3007" first-pos="794">
        <run start="2911" length="3" level="152"/>
        <run start="2913" length="1" level="190"/>
    </section>
    <section id="3008" first-pos="794">
        <run start="2916" length="9" level="98"/>
    </section>
    <section id="2982" first-pos="788">
        <run start="2906" length="19" level="105"/>
    </section>
</members></stick>
