<?xml version="1.0" encoding="UTF-8"?>
<stick id="1349" interline="19" shape="C_CLEF">
    <is-within-system>true</is-within-system>
    <has-ledger>false</has-ledger>
    <stem-number>0</stem-number>
    <step-line>3.792207792207792</step-line>
    <moments>
        <k>6.246537396121884</k>
        <k>2.736842105263158</k>
        <k>4.157894736842105</k>
        <k>0.11175467219837906</k>
        <k>0.0037500407564923922</k>
        <k>0.2278760724871344</k>
        <k>0.010727547050044887</k>
        <k>-5.444042903401989E-4</k>
        <k>0.0026693149857791782</k>
        <k>0.006735197095206808</k>
        <k>0.33963074468551346</k>
        <k>0.013540430827722764</k>
        <k>7.742652090551234E-5</k>
        <k>2.1780182795969229E-4</k>
        <k>-2.3558886372621843E-8</k>
        <k>-1.5146463808048829E-5</k>
        <k>-1.5650878193496938E-8</k>
        <k>65.380044345898</k>
        <k>1003.490022172949</k>
    </moments><members>
    <section id="12" first-pos="43">
        <run start="966" length="32" level="107"/>
    </section>
    <section id="20" first-pos="44">
        <run start="966" length="61" level="56"/>
    </section>
    <section id="13" first-pos="43">
        <run start="1002" length="3" level="162"/>
    </section>
    <section id="33" first-pos="45">
        <run start="966" length="78" level="32"/>
        <run start="966" length="78" level="30"/>
        <run start="966" length="78" level="31"/>
        <run start="966" length="79" level="33"/>
        <run start="966" length="79" level="32"/>
        <run start="966" length="78" level="31"/>
        <run start="966" length="78" level="37"/>
    </section>
    <section id="21" first-pos="44">
        <run start="1032" length="11" level="151"/>
    </section>
    <section id="67" first-pos="52">
        <run start="969" length="47" level="202"/>
    </section>
    <section id="68" first-pos="52">
        <run start="1018" length="26" level="33"/>
    </section>
    <section id="70" first-pos="53">
        <run start="1040" length="3" level="189"/>
    </section>
    <section id="85" first-pos="54">
        <run start="1004" length="1" level="200"/>
    </section>
    <section id="103" first-pos="55">
        <run start="1001" length="7" level="196"/>
    </section>
    <section id="113" first-pos="56">
        <run start="966" length="76" level="77"/>
        <run start="966" length="78" level="32"/>
    </section>
    <section id="99" first-pos="55">
        <run start="966" length="15" level="127"/>
    </section>
    <section id="100" first-pos="55">
        <run start="982" length="1" level="111"/>
    </section>
    <section id="101" first-pos="55">
        <run start="985" length="10" level="199"/>
    </section>
    <section id="102" first-pos="55">
        <run start="996" length="3" level="217"/>
    </section>
    <section id="135" first-pos="58">
        <run start="966" length="39" level="137"/>
    </section>
    <section id="146" first-pos="59">
        <run start="966" length="3" level="202"/>
    </section>
    <section id="147" first-pos="59">
        <run start="995" length="10" level="172"/>
        <run start="1000" length="7" level="131"/>
        <run start="999" length="9" level="126"/>
        <run start="997" length="12" level="102"/>
        <run start="995" length="16" level="87"/>
        <run start="993" length="20" level="70"/>
    </section>
    <section id="205" first-pos="65">
        <run start="990" length="26" level="62"/>
    </section>
    <section id="218" first-pos="66">
        <run start="987" length="31" level="45"/>
    </section>
    <section id="230" first-pos="67">
        <run start="982" length="41" level="56"/>
        <run start="981" length="44" level="58"/>
    </section>
    <section id="247" first-pos="69">
        <run start="982" length="20" level="70"/>
        <run start="982" length="18" level="79"/>
    </section>
    <section id="255" first-pos="71">
        <run start="988" length="11" level="48"/>
        <run start="989" length="9" level="92"/>
        <run start="991" length="6" level="101"/>
        <run start="993" length="4" level="100"/>
        <run start="994" length="4" level="124"/>
        <run start="995" length="4" level="102"/>
        <run start="995" length="4" level="121"/>
        <run start="996" length="3" level="85"/>
        <run start="996" length="3" level="86"/>
        <run start="996" length="3" level="86"/>
        <run start="995" length="4" level="77"/>
        <run start="994" length="5" level="84"/>
        <run start="993" length="5" level="62"/>
        <run start="990" length="8" level="71"/>
        <run start="988" length="10" level="40"/>
    </section>
    <section id="367" first-pos="86">
        <run start="966" length="31" level="44"/>
        <run start="966" length="31" level="50"/>
        <run start="966" length="30" level="51"/>
        <run start="968" length="27" level="47"/>
        <run start="969" length="25" level="61"/>
        <run start="971" length="22" level="69"/>
        <run start="973" length="18" level="88"/>
        <run start="975" length="14" level="142"/>
    </section>
    <section id="355" first-pos="85">
        <run start="966" length="21" level="79"/>
    </section>
    <section id="329" first-pos="81">
        <run start="966" length="2" level="200"/>
        <run start="966" length="3" level="194"/>
        <run start="966" length="5" level="138"/>
        <run start="966" length="9" level="106"/>
    </section>
    <section id="328" first-pos="80">
        <run start="985" length="2" level="200"/>
        <run start="983" length="4" level="204"/>
        <run start="983" length="4" level="200"/>
        <run start="983" length="4" level="200"/>
        <run start="983" length="4" level="180"/>
    </section>
    <section id="403" first-pos="94">
        <run start="980" length="5" level="194"/>
    </section>
    <section id="404" first-pos="94">
        <run start="986" length="2" level="200"/>
    </section>
    <section id="248" first-pos="69">
        <run start="1004" length="21" level="38"/>
        <run start="1006" length="18" level="31"/>
    </section>
    <section id="256" first-pos="71">
        <run start="1007" length="12" level="38"/>
        <run start="1009" length="8" level="40"/>
        <run start="1010" length="6" level="99"/>
        <run start="1011" length="3" level="79"/>
        <run start="1010" length="3" level="108"/>
        <run start="1010" length="3" level="113"/>
        <run start="1009" length="3" level="92"/>
        <run start="1009" length="3" level="95"/>
        <run start="1008" length="3" level="104"/>
        <run start="1008" length="3" level="81"/>
        <run start="1008" length="4" level="71"/>
        <run start="1008" length="4" level="65"/>
        <run start="1008" length="5" level="56"/>
        <run start="1009" length="7" level="41"/>
    </section>
    <section id="356" first-pos="85">
        <run start="1009" length="33" level="16"/>
        <run start="1009" length="32" level="9"/>
        <run start="1010" length="30" level="8"/>
        <run start="1010" length="30" level="16"/>
        <run start="1011" length="28" level="10"/>
        <run start="1012" length="26" level="14"/>
        <run start="1013" length="23" level="15"/>
        <run start="1015" length="20" level="13"/>
        <run start="1017" length="16" level="23"/>
    </section>
    <section id="278" first-pos="73">
        <run start="1040" length="4" level="101"/>
        <run start="1041" length="3" level="86"/>
        <run start="1041" length="3" level="86"/>
        <run start="1041" length="3" level="86"/>
        <run start="1041" length="3" level="86"/>
        <run start="1041" length="3" level="85"/>
        <run start="1040" length="4" level="97"/>
        <run start="1040" length="4" level="86"/>
        <run start="1039" length="4" level="60"/>
        <run start="1038" length="5" level="52"/>
        <run start="1037" length="6" level="45"/>
        <run start="1034" length="8" level="55"/>
    </section>
    <section id="197" first-pos="64">
        <run start="1033" length="5" level="51"/>
        <run start="1031" length="8" level="29"/>
        <run start="1029" length="11" level="41"/>
        <run start="1029" length="12" level="22"/>
        <run start="1029" length="13" level="20"/>
        <run start="1028" length="14" level="22"/>
        <run start="1028" length="15" level="28"/>
        <run start="1029" length="14" level="19"/>
        <run start="1029" length="14" level="19"/>
    </section>
    <section id="277" first-pos="73">
        <run start="1030" length="9" level="27"/>
        <run start="1031" length="7" level="32"/>
    </section>
    <section id="405" first-pos="94">
        <run start="1020" length="10" level="37"/>
    </section>
    <section id="136" first-pos="58">
        <run start="1006" length="38" level="18"/>
    </section>
    <section id="148" first-pos="59">
        <run start="1010" length="3" level="226"/>
    </section>
    <section id="149" first-pos="59">
        <run start="1038" length="4" level="163"/>
    </section>
    <section id="181" first-pos="62">
        <run start="971" length="2" level="203"/>
    </section>
    <section id="189" first-pos="63">
        <run start="968" length="7" level="82"/>
        <run start="966" length="11" level="63"/>
        <run start="966" length="11" level="53"/>
        <run start="966" length="11" level="49"/>
        <run start="966" length="12" level="56"/>
        <run start="966" length="12" level="50"/>
        <run start="966" length="12" level="50"/>
        <run start="966" length="12" level="58"/>
        <run start="966" length="11" level="52"/>
        <run start="968" length="9" level="63"/>
        <run start="969" length="7" level="126"/>
        <run start="971" length="3" level="199"/>
    </section>
</members></stick>
