<?xml version="1.0" encoding="UTF-8"?>
<stick id="1210" interline="19" shape="C_CLEF">
    <is-within-system>true</is-within-system>
    <has-ledger>false</has-ledger>
    <stem-number>0</stem-number>
    <step-line>-2.051282051282051</step-line>
    <moments>
        <k>4.883656509695291</k>
        <k>2.3157894736842106</k>
        <k>3.263157894736842</k>
        <k>0.08953432152794358</k>
        <k>8.485512615417604E-4</k>
        <k>0.18342334304336924</k>
        <k>0.00551306292050303</k>
        <k>3.6706784439536933E-4</k>
        <k>0.0017396469064589418</k>
        <k>0.0011523525182446735</k>
        <k>0.2729576645713128</k>
        <k>0.008818028518097919</k>
        <k>8.912408786784466E-8</k>
        <k>5.4910438072515954E-5</k>
        <k>8.535030849904777E-11</k>
        <k>-4.684571880052241E-6</k>
        <k>-8.64350916379583E-11</k>
        <k>1503.3403289846851</k>
        <k>2626.9642654566082</k>
    </moments><members>
    <section id="5205" first-pos="1484">
        <run start="2599" length="2" level="208"/>
    </section>
    <section id="5210" first-pos="1485">
        <run start="2597" length="60" level="113"/>
        <run start="2597" length="62" level="49"/>
        <run start="2597" length="62" level="47"/>
        <run start="2597" length="62" level="47"/>
        <run start="2597" length="62" level="47"/>
        <run start="2597" length="62" level="47"/>
        <run start="2597" length="62" level="50"/>
        <run start="2598" length="60" level="63"/>
    </section>
    <section id="5223" first-pos="1493">
        <run start="2600" length="29" level="177"/>
    </section>
    <section id="5227" first-pos="1494">
        <run start="2608" length="4" level="204"/>
    </section>
    <section id="5230" first-pos="1495">
        <run start="2597" length="15" level="168"/>
    </section>
    <section id="5237" first-pos="1496">
        <run start="2597" length="61" level="95"/>
        <run start="2597" length="61" level="48"/>
        <run start="2597" length="61" level="67"/>
    </section>
    <section id="5231" first-pos="1495">
        <run start="2625" length="4" level="197"/>
    </section>
    <section id="5232" first-pos="1495">
        <run start="2640" length="1" level="224"/>
    </section>
    <section id="5228" first-pos="1494">
        <run start="2647" length="1" level="200"/>
        <run start="2644" length="4" level="203"/>
    </section>
    <section id="5225" first-pos="1493">
        <run start="2632" length="26" level="185"/>
    </section>
    <section id="5261" first-pos="1499">
        <run start="2597" length="34" level="160"/>
    </section>
    <section id="5268" first-pos="1500">
        <run start="2623" length="9" level="147"/>
        <run start="2621" length="12" level="119"/>
        <run start="2620" length="15" level="89"/>
    </section>
    <section id="5279" first-pos="1503">
        <run start="2617" length="20" level="78"/>
    </section>
    <section id="5282" first-pos="1504">
        <run start="2614" length="28" level="68"/>
        <run start="2614" length="28" level="39"/>
        <run start="2613" length="30" level="48"/>
        <run start="2614" length="28" level="61"/>
    </section>
    <section id="5297" first-pos="1508">
        <run start="2617" length="8" level="65"/>
        <run start="2618" length="6" level="66"/>
        <run start="2619" length="5" level="80"/>
        <run start="2620" length="5" level="67"/>
        <run start="2620" length="5" level="80"/>
        <run start="2621" length="4" level="62"/>
        <run start="2620" length="5" level="76"/>
        <run start="2620" length="5" level="55"/>
        <run start="2618" length="7" level="75"/>
        <run start="2616" length="9" level="73"/>
    </section>
    <section id="5355" first-pos="1518">
        <run start="2598" length="26" level="64"/>
        <run start="2598" length="26" level="55"/>
        <run start="2599" length="24" level="50"/>
        <run start="2599" length="23" level="54"/>
        <run start="2600" length="22" level="64"/>
        <run start="2601" length="20" level="69"/>
        <run start="2602" length="18" level="91"/>
        <run start="2604" length="14" level="126"/>
    </section>
    <section id="5305" first-pos="1510">
        <run start="2597" length="4" level="65"/>
        <run start="2597" length="4" level="65"/>
        <run start="2597" length="4" level="65"/>
        <run start="2597" length="4" level="64"/>
        <run start="2597" length="5" level="75"/>
        <run start="2597" length="6" level="63"/>
        <run start="2597" length="7" level="70"/>
        <run start="2598" length="9" level="58"/>
    </section>
    <section id="5275" first-pos="1502">
        <run start="2602" length="7" level="152"/>
        <run start="2600" length="9" level="93"/>
        <run start="2599" length="10" level="67"/>
        <run start="2598" length="11" level="62"/>
        <run start="2598" length="11" level="50"/>
        <run start="2597" length="12" level="51"/>
        <run start="2597" length="12" level="48"/>
        <run start="2597" length="12" level="70"/>
    </section>
    <section id="5306" first-pos="1510">
        <run start="2602" length="7" level="85"/>
        <run start="2603" length="6" level="111"/>
        <run start="2604" length="5" level="183"/>
        <run start="2608" length="1" level="200"/>
    </section>
    <section id="5391" first-pos="1526">
        <run start="2606" length="9" level="185"/>
    </section>
    <section id="5395" first-pos="1527">
        <run start="2608" length="1" level="200"/>
    </section>
    <section id="5298" first-pos="1508">
        <run start="2628" length="13" level="100"/>
    </section>
    <section id="5301" first-pos="1509">
        <run start="2631" length="7" level="85"/>
        <run start="2631" length="5" level="76"/>
        <run start="2631" length="4" level="61"/>
        <run start="2631" length="4" level="65"/>
        <run start="2631" length="4" level="64"/>
        <run start="2631" length="4" level="64"/>
        <run start="2631" length="4" level="62"/>
        <run start="2631" length="5" level="64"/>
        <run start="2631" length="8" level="74"/>
    </section>
    <section id="5356" first-pos="1518">
        <run start="2631" length="16" level="61"/>
    </section>
    <section id="5351" first-pos="1517">
        <run start="2644" length="3" level="209"/>
    </section>
    <section id="5361" first-pos="1519">
        <run start="2631" length="26" level="48"/>
        <run start="2632" length="25" level="52"/>
        <run start="2632" length="24" level="54"/>
        <run start="2633" length="22" level="58"/>
        <run start="2634" length="20" level="70"/>
        <run start="2635" length="17" level="72"/>
        <run start="2636" length="15" level="110"/>
        <run start="2638" length="11" level="190"/>
    </section>
    <section id="5317" first-pos="1511">
        <run start="2655" length="4" level="106"/>
        <run start="2655" length="4" level="72"/>
        <run start="2654" length="5" level="64"/>
        <run start="2654" length="5" level="51"/>
        <run start="2652" length="7" level="85"/>
        <run start="2651" length="7" level="47"/>
        <run start="2649" length="9" level="33"/>
        <run start="2648" length="9" level="36"/>
    </section>
    <section id="5271" first-pos="1501">
        <run start="2647" length="4" level="205"/>
        <run start="2647" length="6" level="150"/>
        <run start="2647" length="7" level="117"/>
        <run start="2647" length="8" level="100"/>
        <run start="2647" length="9" level="91"/>
        <run start="2647" length="10" level="83"/>
        <run start="2647" length="11" level="85"/>
        <run start="2647" length="11" level="73"/>
        <run start="2647" length="11" level="82"/>
        <run start="2647" length="11" level="107"/>
    </section>
    <section id="5316" first-pos="1511">
        <run start="2647" length="6" level="145"/>
        <run start="2647" length="5" level="205"/>
    </section>
    <section id="5396" first-pos="1527">
        <run start="2646" length="2" level="200"/>
    </section>
    <section id="5262" first-pos="1499">
        <run start="2636" length="21" level="200"/>
    </section>
    <section id="5224" first-pos="1493">
        <run start="2630" length="1" level="218"/>
    </section>
</members></stick>
