<?xml version="1.0" encoding="UTF-8"?>
<stick id="3220" interline="19" shape="COMBINING_FLAG_1">
    <is-within-system>true</is-within-system>
    <has-ledger>false</has-ledger>
    <stem-number>1</stem-number>
    <step-line>-2.051282051282051</step-line>
    <moments>
        <k>0.8781163434903048</k>
        <k>1.0</k>
        <k>3.263157894736842</k>
        <k>0.09421669361742205</k>
        <k>0.2054669699867962</k>
        <k>0.8827679963590042</k>
        <k>-0.015045254788555748</k>
        <k>-0.044910544898484187</k>
        <k>-0.09742338042142915</k>
        <k>0.15183285056230664</k>
        <k>0.9769846899764262</k>
        <k>0.7906798600776664</k>
        <k>0.15897284189252683</k>
        <k>0.02408157335446453</k>
        <k>-1.3746586529262913E-4</k>
        <k>-0.010842815389056093</k>
        <k>-0.0014836537894721766</k>
        <k>1608.2649842271294</k>
        <k>3129.069400630915</k>
    </moments><members>
    <section id="5657" first-pos="1598">
        <run start="3098" length="18" level="46"/>
        <run start="3101" length="15" level="63"/>
        <run start="3103" length="13" level="75"/>
        <run start="3106" length="11" level="72"/>
        <run start="3107" length="11" level="92"/>
        <run start="3108" length="10" level="86"/>
        <run start="3110" length="9" level="51"/>
        <run start="3111" length="9" level="29"/>
        <run start="3112" length="9" level="37"/>
        <run start="3114" length="8" level="33"/>
        <run start="3115" length="8" level="35"/>
        <run start="3117" length="7" level="38"/>
        <run start="3118" length="11" level="78"/>
        <run start="3120" length="12" level="90"/>
        <run start="3122" length="15" level="120"/>
    </section>
    <section id="5729" first-pos="1613">
        <run start="3124" length="30" level="68"/>
        <run start="3126" length="26" level="65"/>
    </section>
    <section id="5715" first-pos="1610">
        <run start="3148" length="12" level="71"/>
        <run start="3146" length="12" level="83"/>
        <run start="3140" length="16" level="133"/>
    </section>
    <section id="5699" first-pos="1608">
        <run start="3149" length="2" level="213"/>
        <run start="3148" length="3" level="187"/>
    </section>
    <section id="5692" first-pos="1606">
        <run start="3158" length="2" level="221"/>
        <run start="3156" length="4" level="138"/>
        <run start="3155" length="5" level="44"/>
        <run start="3152" length="8" level="80"/>
    </section>
    <section id="5731" first-pos="1615">
        <run start="3127" length="20" level="58"/>
    </section>
    <section id="5735" first-pos="1616">
        <run start="3129" length="1" level="200"/>
    </section>
    <section id="5736" first-pos="1616">
        <run start="3135" length="9" level="98"/>
    </section>
    <section id="5732" first-pos="1615">
        <run start="3148" length="1" level="200"/>
    </section>
</members></stick>
