<?xml version="1.0" encoding="UTF-8"?>
<stick id="2164" interline="19" shape="COMBINING_FLAG_1_UP">
    <is-within-system>true</is-within-system>
    <has-ledger>false</has-ledger>
    <stem-number>1</stem-number>
    <step-line>-2.2337662337662336</step-line>
    <moments>
        <k>0.9722991689750693</k>
        <k>1.0</k>
        <k>3.263157894736842</k>
        <k>0.08972639642845241</k>
        <k>-0.2064761055353664</k>
        <k>0.7209532353159431</k>
        <k>-0.006654992793663922</k>
        <k>0.017380277497195847</k>
        <k>-0.02011949894734774</k>
        <k>-0.17003548365980817</k>
        <k>0.8106796317443955</k>
        <k>0.5689768507601013</k>
        <k>0.05224638180567923</k>
        <k>0.024020485376539176</k>
        <k>8.169256164433469E-4</k>
        <k>0.01088166488467891</k>
        <k>2.3819646081213306E-4</k>
        <k>1166.1566951566952</k>
        <k>944.6011396011396</k>
    </moments><members>
    <section id="4177" first-pos="1157">
        <run start="953" length="22" level="48"/>
        <run start="952" length="23" level="58"/>
        <run start="951" length="23" level="77"/>
        <run start="951" length="20" level="79"/>
    </section>
    <section id="4198" first-pos="1161">
        <run start="950" length="14" level="36"/>
        <run start="949" length="14" level="49"/>
        <run start="949" length="12" level="38"/>
        <run start="948" length="11" level="48"/>
        <run start="947" length="11" level="78"/>
        <run start="945" length="11" level="101"/>
        <run start="944" length="11" level="119"/>
        <run start="942" length="11" level="119"/>
        <run start="940" length="12" level="121"/>
        <run start="937" length="13" level="101"/>
        <run start="933" length="15" level="73"/>
    </section>
    <section id="4215" first-pos="1172">
        <run start="917" length="31" level="70"/>
    </section>
    <section id="4214" first-pos="1171">
        <run start="915" length="17" level="114"/>
    </section>
    <section id="4211" first-pos="1167">
        <run start="913" length="3" level="186"/>
        <run start="913" length="5" level="111"/>
        <run start="913" length="7" level="77"/>
        <run start="913" length="10" level="90"/>
    </section>
    <section id="4213" first-pos="1168">
        <run start="926" length="3" level="207"/>
        <run start="926" length="3" level="197"/>
        <run start="926" length="3" level="190"/>
    </section>
    <section id="4216" first-pos="1173">
        <run start="920" length="24" level="76"/>
    </section>
    <section id="4218" first-pos="1174">
        <run start="923" length="17" level="147"/>
    </section>
    <section id="4221" first-pos="1175">
        <run start="926" length="3" level="207"/>
    </section>
    <section id="4217" first-pos="1173">
        <run start="945" length="2" level="212"/>
    </section>
</members></stick>
