<?xml version="1.0" encoding="UTF-8"?>
<stick id="2662" interline="19" shape="COMBINING_FLAG_1">
    <is-within-system>true</is-within-system>
    <has-ledger>false</has-ledger>
    <stem-number>1</stem-number>
    <step-line>-0.15584415584415584</step-line>
    <moments>
        <k>0.9473684210526315</k>
        <k>1.0526315789473684</k>
        <k>3.3157894736842106</k>
        <k>0.09850894292260844</k>
        <k>0.20965140271080562</k>
        <k>0.833446628552275</k>
        <k>-0.01447281688469961</k>
        <k>-0.04187013686145852</k>
        <k>-0.08484400422561589</k>
        <k>0.1514322941278058</k>
        <k>0.9319555714748835</k>
        <k>0.7159482443931242</k>
        <k>0.13438107771861377</k>
        <k>0.02186769726031422</k>
        <k>8.956869215154609E-5</k>
        <k>-0.007552381261432012</k>
        <k>-0.0011820351152295706</k>
        <k>1795.6666666666667</k>
        <k>1936.2690058479532</k>
    </moments><members>
    <section id="6509" first-pos="1785">
        <run start="1905" length="19" level="52"/>
        <run start="1907" length="17" level="70"/>
        <run start="1910" length="14" level="67"/>
        <run start="1912" length="12" level="79"/>
        <run start="1914" length="11" level="98"/>
        <run start="1915" length="11" level="102"/>
        <run start="1916" length="11" level="101"/>
        <run start="1918" length="10" level="67"/>
        <run start="1920" length="9" level="41"/>
        <run start="1921" length="9" level="54"/>
        <run start="1922" length="9" level="56"/>
        <run start="1923" length="9" level="64"/>
        <run start="1925" length="9" level="82"/>
        <run start="1927" length="10" level="80"/>
        <run start="1929" length="11" level="91"/>
    </section>
    <section id="6562" first-pos="1800">
        <run start="1930" length="34" level="107"/>
        <run start="1932" length="30" level="70"/>
    </section>
    <section id="6548" first-pos="1794">
        <run start="1964" length="3" level="161"/>
        <run start="1962" length="6" level="98"/>
        <run start="1960" length="8" level="68"/>
        <run start="1958" length="10" level="59"/>
        <run start="1956" length="11" level="63"/>
        <run start="1950" length="15" level="107"/>
    </section>
    <section id="6563" first-pos="1802">
        <run start="1935" length="24" level="64"/>
    </section>
    <section id="6564" first-pos="1803">
        <run start="1937" length="18" level="76"/>
    </section>
    <section id="6566" first-pos="1804">
        <run start="1937" length="3" level="198"/>
    </section>
    <section id="6567" first-pos="1804">
        <run start="1943" length="9" level="155"/>
    </section>
</members></stick>
