<?xml version="1.0" encoding="UTF-8"?>
<stick id="3139" interline="19" shape="COMBINING_FLAG_1">
    <is-within-system>true</is-within-system>
    <has-ledger>false</has-ledger>
    <stem-number>1</stem-number>
    <step-line>-0.7792207792207793</step-line>
    <moments>
        <k>0.8919667590027701</k>
        <k>0.9473684210526315</k>
        <k>3.0526315789473686</k>
        <k>0.06504881890292091</k>
        <k>0.13510407039449285</k>
        <k>0.7722571580969512</k>
        <k>-0.007072196529030999</k>
        <k>-0.029093557492584566</k>
        <k>-0.09587224950321555</k>
        <k>0.07930903383698137</k>
        <k>0.8373059769998721</k>
        <k>0.5731560743742189</k>
        <k>0.10645737589603402</k>
        <k>0.013119153033380798</k>
        <k>-3.324518938738691E-4</k>
        <k>-0.008505020028282902</k>
        <k>-3.603510390562823E-4</k>
        <k>1932.8695652173913</k>
        <k>2865.5745341614906</k>
    </moments><members>
    <section id="6955" first-pos="1924">
        <run start="2836" length="16" level="41"/>
        <run start="2838" length="14" level="42"/>
        <run start="2840" length="15" level="75"/>
        <run start="2842" length="13" level="68"/>
        <run start="2844" length="11" level="61"/>
        <run start="2845" length="10" level="83"/>
        <run start="2847" length="10" level="108"/>
        <run start="2848" length="10" level="145"/>
        <run start="2850" length="9" level="142"/>
        <run start="2851" length="11" level="147"/>
        <run start="2854" length="10" level="97"/>
        <run start="2854" length="14" level="69"/>
    </section>
    <section id="7000" first-pos="1936">
        <run start="2855" length="34" level="56"/>
    </section>
    <section id="6973" first-pos="1929">
        <run start="2892" length="2" level="200"/>
        <run start="2889" length="5" level="144"/>
        <run start="2887" length="7" level="128"/>
        <run start="2885" length="9" level="83"/>
        <run start="2882" length="12" level="79"/>
        <run start="2879" length="15" level="67"/>
        <run start="2876" length="15" level="27"/>
    </section>
    <section id="7003" first-pos="1937">
        <run start="2858" length="29" level="61"/>
    </section>
    <section id="7010" first-pos="1938">
        <run start="2861" length="23" level="73"/>
    </section>
    <section id="7013" first-pos="1939">
        <run start="2864" length="17" level="134"/>
    </section>
    <section id="7017" first-pos="1940">
        <run start="2869" length="9" level="210"/>
    </section>
    <section id="7018" first-pos="1941">
        <run start="2873" length="2" level="200"/>
    </section>
</members></stick>
