<?xml version="1.0" encoding="UTF-8"?>
<stick id="3148" interline="19" shape="COMBINING_FLAG_1">
    <is-within-system>true</is-within-system>
    <has-ledger>false</has-ledger>
    <stem-number>1</stem-number>
    <step-line>-1.0256410256410255</step-line>
    <moments>
        <k>0.9695290858725761</k>
        <k>1.0</k>
        <k>3.4210526315789473</k>
        <k>0.091083381924199</k>
        <k>0.207255743440233</k>
        <k>0.9398613644314863</k>
        <k>-0.007813707996285474</k>
        <k>-0.03152502350558274</k>
        <k>-0.08006869983377307</k>
        <k>0.2005384908489854</k>
        <k>1.0309447463556853</k>
        <k>0.8922438363449956</k>
        <k>0.14109823773139551</k>
        <k>0.03628886974944817</k>
        <k>0.0018615879219530335</k>
        <k>0.005376694169034775</k>
        <k>-0.0018103358327825675</k>
        <k>2097.6285714285714</k>
        <k>2863.537142857143</k>
    </moments><members>
    <section id="7488" first-pos="2088">
        <run start="2830" length="22" level="63"/>
        <run start="2833" length="19" level="60"/>
        <run start="2834" length="18" level="61"/>
        <run start="2836" length="17" level="81"/>
    </section>
    <section id="7501" first-pos="2092">
        <run start="2842" length="11" level="25"/>
        <run start="2843" length="14" level="74"/>
        <run start="2845" length="12" level="69"/>
        <run start="2846" length="11" level="90"/>
        <run start="2848" length="9" level="92"/>
        <run start="2849" length="8" level="107"/>
        <run start="2850" length="9" level="157"/>
        <run start="2852" length="9" level="154"/>
        <run start="2853" length="10" level="134"/>
        <run start="2856" length="9" level="73"/>
        <run start="2857" length="13" level="70"/>
        <run start="2859" length="14" level="45"/>
    </section>
    <section id="7555" first-pos="2104">
        <run start="2861" length="26" level="64"/>
    </section>
    <section id="7545" first-pos="2102">
        <run start="2879" length="12" level="40"/>
        <run start="2877" length="12" level="22"/>
    </section>
    <section id="7513" first-pos="2094">
        <run start="2893" length="2" level="200"/>
        <run start="2892" length="3" level="150"/>
        <run start="2891" length="4" level="130"/>
        <run start="2890" length="5" level="93"/>
        <run start="2888" length="7" level="69"/>
        <run start="2886" length="9" level="54"/>
        <run start="2884" length="11" level="46"/>
        <run start="2882" length="13" level="53"/>
    </section>
    <section id="7546" first-pos="2102">
        <run start="2892" length="3" level="149"/>
        <run start="2892" length="3" level="158"/>
        <run start="2892" length="1" level="219"/>
    </section>
    <section id="7563" first-pos="2105">
        <run start="2864" length="20" level="90"/>
    </section>
    <section id="7569" first-pos="2106">
        <run start="2867" length="14" level="212"/>
    </section>
</members></stick>
