<?xml version="1.0" encoding="UTF-8"?>
<stick id="2668" interline="19" shape="COMBINING_FLAG_1">
    <is-within-system>true</is-within-system>
    <has-ledger>false</has-ledger>
    <stem-number>1</stem-number>
    <step-line>0.05194805194805195</step-line>
    <moments>
        <k>0.9362880886426593</k>
        <k>1.0526315789473684</k>
        <k>3.3684210526315788</k>
        <k>0.10190803593015568</k>
        <k>0.22102324744981605</k>
        <k>0.867852653792599</k>
        <k>-0.01555012855604035</k>
        <k>-0.04481232332733829</k>
        <k>-0.09269406161305582</k>
        <k>0.12415592536618897</k>
        <k>0.9697606897227546</k>
        <k>0.782076261285495</k>
        <k>0.1357933661008141</k>
        <k>0.018012211889862968</k>
        <k>-3.883007345991225E-4</k>
        <k>-0.011745508703647108</k>
        <k>-8.017371176482137E-4</k>
        <k>1953.689349112426</k>
        <k>1938.2721893491125</k>
    </moments><members>
    <section id="7021" first-pos="1943">
        <run start="1906" length="20" level="71"/>
        <run start="1909" length="16" level="75"/>
        <run start="1911" length="15" level="99"/>
        <run start="1914" length="12" level="96"/>
        <run start="1915" length="12" level="122"/>
        <run start="1918" length="10" level="94"/>
        <run start="1918" length="10" level="75"/>
        <run start="1920" length="9" level="59"/>
        <run start="1921" length="9" level="60"/>
        <run start="1923" length="8" level="61"/>
        <run start="1924" length="8" level="68"/>
        <run start="1926" length="8" level="74"/>
        <run start="1927" length="9" level="78"/>
        <run start="1929" length="10" level="91"/>
        <run start="1930" length="9" level="110"/>
    </section>
    <section id="7103" first-pos="1958">
        <run start="1932" length="34" level="129"/>
        <run start="1934" length="30" level="74"/>
    </section>
    <section id="7096" first-pos="1956">
        <run start="1955" length="14" level="99"/>
        <run start="1954" length="13" level="90"/>
    </section>
    <section id="7091" first-pos="1955">
        <run start="1957" length="1" level="200"/>
    </section>
    <section id="7073" first-pos="1952">
        <run start="1966" length="3" level="190"/>
        <run start="1964" length="5" level="121"/>
        <run start="1963" length="7" level="73"/>
        <run start="1960" length="10" level="79"/>
    </section>
    <section id="7110" first-pos="1960">
        <run start="1936" length="25" level="69"/>
    </section>
    <section id="7114" first-pos="1961">
        <run start="1938" length="20" level="78"/>
    </section>
    <section id="7121" first-pos="1962">
        <run start="1944" length="9" level="122"/>
    </section>
    <section id="7122" first-pos="1962">
        <run start="1955" length="2" level="184"/>
    </section>
</members></stick>
