<?xml version="1.0" encoding="UTF-8"?>
<stick id="1030" interline="19" shape="DOT">
    <is-within-system>true</is-within-system>
    <has-ledger>false</has-ledger>
    <stem-number>0</stem-number>
    <step-line>-1.0909090909090908</step-line>
    <moments>
        <k>0.19390581717451524</k>
        <k>0.5263157894736842</k>
        <k>0.5263157894736842</k>
        <k>0.08282507288629726</k>
        <k>-0.004239067055393583</k>
        <k>0.07744606413994176</k>
        <k>-2.7144283886044074E-4</k>
        <k>7.550698686568489E-5</k>
        <k>-5.698865939130484E-5</k>
        <k>-2.679781195233597E-4</k>
        <k>0.16027113702623902</k>
        <k>1.0081249309386181E-4</k>
        <k>2.546249397733556E-7</k>
        <k>1.449123859504146E-7</k>
        <k>-2.7381389191194982E-14</k>
        <k>-6.909136989682555E-10</k>
        <k>-5.010909138242535E-15</k>
        <k>1966.7285714285715</k>
        <k>1696.4857142857143</k>
    </moments><members>
    <section id="7120" first-pos="1962">
        <run start="1696" length="2" level="212"/>
        <run start="1695" length="5" level="84"/>
        <run start="1693" length="8" level="55"/>
        <run start="1693" length="8" level="29"/>
        <run start="1692" length="10" level="51"/>
        <run start="1692" length="10" level="47"/>
        <run start="1693" length="8" level="31"/>
        <run start="1693" length="8" level="42"/>
        <run start="1693" length="7" level="77"/>
        <run start="1695" length="4" level="127"/>
    </section>
</members></stick>
