<?xml version="1.0" encoding="UTF-8"?>
<stick id="1351" interline="19" shape="F_CLEF">
    <is-within-system>true</is-within-system>
    <has-ledger>false</has-ledger>
    <stem-number>0</stem-number>
    <step-line>0.7792207792207793</step-line>
    <moments>
        <k>2.6204986149584486</k>
        <k>2.526315789473684</k>
        <k>3.473684210526316</k>
        <k>0.16326976752312738</k>
        <k>-0.03479747616739246</k>
        <k>0.3325397970194167</k>
        <k>-0.018272295828530676</k>
        <k>0.0016106852651332898</k>
        <k>-0.05959232484915957</k>
        <k>0.07954116233011789</k>
        <k>0.4958095645425441</k>
        <k>0.033495800276155646</k>
        <k>0.031343202489888575</k>
        <k>0.012648521521403463</k>
        <k>1.0079531069780937E-4</k>
        <k>9.680025930144876E-4</k>
        <k>-2.3079346695681048E-4</k>
        <k>64.18181818181819</k>
        <k>1239.440803382664</k>
    </moments><members>
    <section id="3" first-pos="37">
        <run start="1275" length="2" level="220"/>
        <run start="1274" length="4" level="125"/>
        <run start="1274" length="4" level="73"/>
        <run start="1274" length="3" level="70"/>
        <run start="1273" length="4" level="92"/>
        <run start="1273" length="4" level="72"/>
        <run start="1273" length="3" level="68"/>
        <run start="1272" length="4" level="92"/>
        <run start="1272" length="4" level="57"/>
        <run start="1271" length="5" level="93"/>
        <run start="1271" length="4" level="99"/>
        <run start="1270" length="5" level="123"/>
        <run start="1270" length="4" level="130"/>
        <run start="1270" length="4" level="147"/>
        <run start="1269" length="5" level="164"/>
        <run start="1268" length="5" level="194"/>
        <run start="1267" length="6" level="199"/>
        <run start="1267" length="5" level="172"/>
        <run start="1266" length="6" level="144"/>
        <run start="1265" length="7" level="124"/>
        <run start="1264" length="7" level="105"/>
        <run start="1263" length="8" level="107"/>
        <run start="1262" length="8" level="95"/>
        <run start="1261" length="8" level="82"/>
        <run start="1260" length="9" level="68"/>
        <run start="1259" length="9" level="32"/>
        <run start="1258" length="9" level="32"/>
        <run start="1257" length="9" level="29"/>
        <run start="1255" length="11" level="34"/>
        <run start="1254" length="11" level="26"/>
        <run start="1253" length="11" level="18"/>
        <run start="1250" length="13" level="60"/>
        <run start="1248" length="14" level="77"/>
        <run start="1246" length="15" level="78"/>
        <run start="1243" length="18" level="79"/>
        <run start="1239" length="21" level="69"/>
    </section>
    <section id="279" first-pos="73">
        <run start="1231" length="27" level="60"/>
    </section>
    <section id="297" first-pos="74">
        <run start="1214" length="43" level="53"/>
        <run start="1215" length="41" level="51"/>
        <run start="1216" length="39" level="55"/>
        <run start="1217" length="36" level="53"/>
        <run start="1218" length="34" level="51"/>
        <run start="1219" length="32" level="54"/>
        <run start="1221" length="30" level="67"/>
    </section>
    <section id="265" first-pos="72">
        <run start="1212" length="15" level="68"/>
        <run start="1213" length="16" level="30"/>
    </section>
    <section id="182" first-pos="62">
        <run start="1212" length="1" level="200"/>
        <run start="1212" length="1" level="200"/>
        <run start="1212" length="2" level="200"/>
        <run start="1212" length="3" level="200"/>
        <run start="1212" length="4" level="194"/>
        <run start="1212" length="4" level="192"/>
        <run start="1212" length="5" level="160"/>
        <run start="1212" length="6" level="133"/>
        <run start="1212" length="8" level="103"/>
        <run start="1212" length="10" level="85"/>
    </section>
    <section id="330" first-pos="81">
        <run start="1223" length="23" level="70"/>
    </section>
    <section id="336" first-pos="82">
        <run start="1226" length="16" level="102"/>
    </section>
    <section id="343" first-pos="83">
        <run start="1230" length="5" level="188"/>
        <run start="1231" length="1" level="200"/>
    </section>
    <section id="331" first-pos="81">
        <run start="1248" length="3" level="194"/>
        <run start="1248" length="2" level="212"/>
    </section>
    <section id="14" first-pos="43">
        <run start="1227" length="4" level="151"/>
    </section>
    <section id="22" first-pos="44">
        <run start="1223" length="12" level="103"/>
        <run start="1221" length="15" level="70"/>
        <run start="1220" length="18" level="68"/>
        <run start="1218" length="20" level="57"/>
    </section>
    <section id="53" first-pos="48">
        <run start="1216" length="8" level="68"/>
        <run start="1215" length="6" level="74"/>
        <run start="1214" length="6" level="109"/>
        <run start="1213" length="6" level="123"/>
        <run start="1212" length="6" level="130"/>
        <run start="1212" length="5" level="153"/>
        <run start="1212" length="4" level="180"/>
        <run start="1212" length="4" level="194"/>
        <run start="1212" length="4" level="200"/>
        <run start="1212" length="3" level="200"/>
        <run start="1212" length="2" level="200"/>
        <run start="1212" length="1" level="200"/>
    </section>
    <section id="54" first-pos="48">
        <run start="1226" length="13" level="82"/>
        <run start="1226" length="13" level="81"/>
        <run start="1225" length="15" level="72"/>
        <run start="1225" length="15" level="71"/>
        <run start="1225" length="15" level="70"/>
        <run start="1225" length="15" level="71"/>
        <run start="1225" length="14" level="74"/>
        <run start="1225" length="14" level="82"/>
        <run start="1226" length="12" level="88"/>
        <run start="1226" length="11" level="108"/>
        <run start="1227" length="9" level="137"/>
    </section>
</members></stick>
