<?xml version="1.0" encoding="UTF-8"?>
<stick id="1032" interline="19" shape="F_CLEF">
    <is-within-system>true</is-within-system>
    <has-ledger>false</has-ledger>
    <stem-number>0</stem-number>
    <step-line>0.5714285714285714</step-line>
    <moments>
        <k>1.709141274238227</k>
        <k>1.7894736842105263</k>
        <k>2.736842105263158</k>
        <k>0.12414573928318648</k>
        <k>-0.028202221568635548</k>
        <k>0.32281052226583606</k>
        <k>-0.007007852884790964</k>
        <k>0.0024134211565084913</k>
        <k>-0.05680395855313749</k>
        <k>0.09164035439097443</k>
        <k>0.44695626154902257</k>
        <k>0.042649157203168905</k>
        <k>0.03382425000647787</k>
        <k>0.012918059973726031</k>
        <k>2.075100478727014E-4</k>
        <k>0.0016255083433093067</k>
        <k>-1.7278632690924368E-4</k>
        <k>2171.9092382495946</k>
        <k>1712.0307941653161</k>
    </moments><members>
    <section id="7799" first-pos="2154">
        <run start="1740" length="3" level="190"/>
        <run start="1739" length="4" level="105"/>
        <run start="1739" length="4" level="66"/>
        <run start="1739" length="4" level="82"/>
        <run start="1738" length="4" level="87"/>
        <run start="1737" length="5" level="91"/>
        <run start="1737" length="5" level="84"/>
        <run start="1736" length="5" level="95"/>
        <run start="1735" length="6" level="101"/>
        <run start="1735" length="5" level="65"/>
        <run start="1734" length="5" level="74"/>
        <run start="1733" length="6" level="87"/>
        <run start="1732" length="6" level="84"/>
        <run start="1731" length="6" level="70"/>
        <run start="1730" length="7" level="74"/>
        <run start="1729" length="7" level="73"/>
        <run start="1728" length="7" level="64"/>
        <run start="1726" length="9" level="88"/>
        <run start="1725" length="9" level="100"/>
        <run start="1723" length="10" level="120"/>
        <run start="1722" length="10" level="113"/>
        <run start="1721" length="10" level="111"/>
        <run start="1718" length="12" level="117"/>
        <run start="1714" length="15" level="105"/>
    </section>
    <section id="7933" first-pos="2178">
        <run start="1693" length="35" level="95"/>
        <run start="1694" length="33" level="48"/>
        <run start="1694" length="32" level="51"/>
        <run start="1695" length="29" level="49"/>
        <run start="1696" length="27" level="60"/>
        <run start="1698" length="23" level="68"/>
        <run start="1699" length="20" level="75"/>
        <run start="1700" length="17" level="99"/>
    </section>
    <section id="7846" first-pos="2162">
        <run start="1693" length="5" level="60"/>
        <run start="1692" length="5" level="102"/>
        <run start="1692" length="4" level="95"/>
        <run start="1692" length="3" level="79"/>
        <run start="1691" length="4" level="65"/>
        <run start="1691" length="4" level="72"/>
        <run start="1691" length="4" level="114"/>
        <run start="1691" length="3" level="81"/>
        <run start="1691" length="4" level="113"/>
        <run start="1691" length="4" level="78"/>
        <run start="1691" length="4" level="65"/>
        <run start="1691" length="4" level="70"/>
        <run start="1691" length="5" level="120"/>
        <run start="1692" length="5" level="67"/>
        <run start="1692" length="6" level="40"/>
        <run start="1692" length="9" level="79"/>
    </section>
    <section id="7818" first-pos="2157">
        <run start="1699" length="6" level="203"/>
        <run start="1697" length="10" level="87"/>
        <run start="1696" length="14" level="80"/>
        <run start="1695" length="16" level="72"/>
        <run start="1694" length="18" level="75"/>
    </section>
    <section id="7847" first-pos="2162">
        <run start="1700" length="12" level="89"/>
        <run start="1700" length="12" level="89"/>
        <run start="1700" length="12" level="89"/>
        <run start="1700" length="12" level="91"/>
        <run start="1700" length="12" level="103"/>
        <run start="1701" length="11" level="106"/>
        <run start="1702" length="9" level="136"/>
        <run start="1703" length="7" level="196"/>
    </section>
    <section id="7890" first-pos="2170">
        <run start="1705" length="2" level="200"/>
    </section>
    <section id="7967" first-pos="2186">
        <run start="1704" length="10" level="149"/>
    </section>
    <section id="7969" first-pos="2187">
        <run start="1707" length="1" level="200"/>
    </section>
</members></stick>
