<?xml version="1.0" encoding="UTF-8"?>
<stick id="778" interline="19" shape="FERMATA_BEND">
    <is-within-system>true</is-within-system>
    <has-ledger>false</has-ledger>
    <stem-number>0</stem-number>
    <step-line>-6.805194805194805</step-line>
    <moments>
        <k>1.4570637119113574</k>
        <k>2.6842105263157894</k>
        <k>1.736842105263158</k>
        <k>0.44289031130948586</k>
        <k>-0.006372658260774999</k>
        <k>0.12189300416838623</k>
        <k>0.01304619024430288</k>
        <k>0.11639080675392248</k>
        <k>-0.0029269006478052123</k>
        <k>0.03023196100327561</k>
        <k>0.5647833154778721</k>
        <k>0.10320171428507197</k>
        <k>0.10219942977459195</k>
        <k>0.021600636046719038</k>
        <k>-0.0010051986826458224</k>
        <k>-0.006905826658354022</k>
        <k>-1.4000492842622148E-4</k>
        <k>1344.5912547528517</k>
        <k>639.138783269962</k>
    </moments><members>
    <section id="4671" first-pos="1320">
        <run start="653" length="5" level="217"/>
    </section>
    <section id="4674" first-pos="1321">
        <run start="648" length="12" level="110"/>
        <run start="646" length="14" level="24"/>
        <run start="642" length="17" level="34"/>
        <run start="640" length="15" level="41"/>
        <run start="639" length="12" level="25"/>
        <run start="637" length="12" level="36"/>
        <run start="636" length="11" level="25"/>
        <run start="635" length="11" level="36"/>
        <run start="634" length="10" level="26"/>
        <run start="633" length="10" level="26"/>
        <run start="632" length="10" level="25"/>
        <run start="631" length="11" level="39"/>
        <run start="630" length="11" level="49"/>
        <run start="630" length="10" level="28"/>
        <run start="630" length="9" level="24"/>
        <run start="629" length="10" level="28"/>
        <run start="629" length="9" level="29"/>
        <run start="629" length="9" level="29"/>
        <run start="628" length="10" level="28"/>
        <run start="628" length="9" level="26"/>
        <run start="628" length="9" level="29"/>
        <run start="628" length="9" level="27"/>
        <run start="627" length="10" level="42"/>
        <run start="627" length="10" level="35"/>
        <run start="627" length="10" level="36"/>
        <run start="627" length="10" level="43"/>
        <run start="628" length="9" level="26"/>
        <run start="628" length="9" level="29"/>
        <run start="628" length="9" level="29"/>
        <run start="628" length="9" level="29"/>
        <run start="628" length="9" level="27"/>
        <run start="628" length="10" level="30"/>
        <run start="629" length="9" level="29"/>
        <run start="629" length="9" level="29"/>
        <run start="630" length="9" level="29"/>
        <run start="630" length="10" level="48"/>
        <run start="631" length="9" level="29"/>
        <run start="632" length="9" level="24"/>
        <run start="632" length="10" level="27"/>
        <run start="633" length="10" level="28"/>
        <run start="634" length="10" level="48"/>
        <run start="635" length="10" level="48"/>
        <run start="636" length="9" level="30"/>
        <run start="637" length="10" level="29"/>
        <run start="639" length="12" level="62"/>
        <run start="640" length="14" level="67"/>
        <run start="643" length="15" level="58"/>
        <run start="645" length="14" level="31"/>
        <run start="648" length="11" level="47"/>
    </section>
    <section id="4833" first-pos="1370">
        <run start="652" length="6" level="150"/>
    </section>
</members></stick>
