<?xml version="1.0" encoding="UTF-8"?>
<stick id="675" interline="19" shape="G_CLEF">
    <is-within-system>true</is-within-system>
    <has-ledger>false</has-ledger>
    <stem-number>0</stem-number>
    <step-line>0.8831168831168831</step-line>
    <moments>
        <k>4.637119113573407</k>
        <k>2.1052631578947367</k>
        <k>5.421052631578948</k>
        <k>0.047004873336847525</k>
        <k>-0.033053684218688845</k>
        <k>0.4044901151974177</k>
        <k>-0.001181558241090469</k>
        <k>0.003411886779509599</k>
        <k>0.014396349824597013</k>
        <k>-0.04290626895206048</k>
        <k>0.4514949885342652</k>
        <k>0.13216588230982557</k>
        <k>0.004792815477713893</k>
        <k>0.0017344369397870206</k>
        <k>4.815559305810495E-6</k>
        <k>5.641839981684733E-4</k>
        <k>-1.3482050331870594E-6</k>
        <k>1713.6618876941457</k>
        <k>173.72341696535244</k>
    </moments><members>
    <section id="6115" first-pos="1694">
        <run start="184" length="2" level="200"/>
    </section>
    <section id="6121" first-pos="1695">
        <run start="172" length="15" level="87"/>
        <run start="169" length="19" level="57"/>
        <run start="167" length="23" level="42"/>
        <run start="165" length="27" level="47"/>
        <run start="164" length="29" level="50"/>
        <run start="162" length="32" level="93"/>
    </section>
    <section id="6146" first-pos="1701">
        <run start="161" length="17" level="86"/>
        <run start="160" length="15" level="73"/>
        <run start="159" length="15" level="86"/>
        <run start="157" length="15" level="81"/>
        <run start="156" length="15" level="83"/>
        <run start="156" length="14" level="87"/>
        <run start="155" length="14" level="85"/>
        <run start="154" length="14" level="79"/>
        <run start="153" length="14" level="68"/>
        <run start="152" length="14" level="54"/>
        <run start="151" length="15" level="59"/>
        <run start="148" length="18" level="58"/>
    </section>
    <section id="6187" first-pos="1713">
        <run start="126" length="40" level="56"/>
        <run start="126" length="40" level="51"/>
    </section>
    <section id="6182" first-pos="1712">
        <run start="128" length="19" level="89"/>
    </section>
    <section id="6178" first-pos="1711">
        <run start="134" length="13" level="154"/>
    </section>
    <section id="6194" first-pos="1715">
        <run start="123" length="56" level="81"/>
    </section>
    <section id="6179" first-pos="1711">
        <run start="170" length="15" level="74"/>
        <run start="169" length="11" level="35"/>
        <run start="169" length="10" level="24"/>
        <run start="169" length="10" level="25"/>
    </section>
    <section id="6162" first-pos="1705">
        <run start="177" length="9" level="133"/>
        <run start="175" length="13" level="95"/>
        <run start="174" length="15" level="71"/>
        <run start="172" length="18" level="64"/>
        <run start="171" length="20" level="63"/>
        <run start="171" length="21" level="53"/>
    </section>
    <section id="6157" first-pos="1704">
        <run start="184" length="1" level="200"/>
    </section>
    <section id="6180" first-pos="1711">
        <run start="186" length="7" level="96"/>
        <run start="189" length="5" level="55"/>
        <run start="189" length="5" level="77"/>
        <run start="190" length="4" level="64"/>
    </section>
    <section id="6196" first-pos="1716">
        <run start="122" length="14" level="108"/>
        <run start="121" length="12" level="107"/>
        <run start="120" length="12" level="124"/>
        <run start="119" length="11" level="111"/>
        <run start="119" length="9" level="76"/>
        <run start="119" length="9" level="76"/>
        <run start="119" length="9" level="92"/>
        <run start="120" length="8" level="116"/>
    </section>
    <section id="6231" first-pos="1724">
        <run start="122" length="28" level="107"/>
        <run start="124" length="25" level="88"/>
    </section>
    <section id="6206" first-pos="1718">
        <run start="144" length="13" level="72"/>
        <run start="142" length="14" level="87"/>
        <run start="141" length="14" level="81"/>
        <run start="139" length="15" level="90"/>
        <run start="138" length="15" level="90"/>
        <run start="135" length="16" level="88"/>
    </section>
    <section id="6199" first-pos="1717">
        <run start="145" length="19" level="98"/>
    </section>
    <section id="6197" first-pos="1716">
        <run start="146" length="41" level="64"/>
    </section>
    <section id="6195" first-pos="1715">
        <run start="184" length="1" level="200"/>
    </section>
    <section id="6200" first-pos="1717">
        <run start="165" length="24" level="75"/>
    </section>
    <section id="6207" first-pos="1718">
        <run start="165" length="40" level="75"/>
    </section>
    <section id="6201" first-pos="1717">
        <run start="190" length="2" level="200"/>
    </section>
    <section id="6147" first-pos="1701">
        <run start="188" length="7" level="70"/>
        <run start="190" length="6" level="48"/>
        <run start="191" length="6" level="72"/>
        <run start="192" length="6" level="80"/>
        <run start="193" length="6" level="87"/>
        <run start="194" length="5" level="53"/>
        <run start="195" length="5" level="54"/>
        <run start="195" length="5" level="88"/>
        <run start="196" length="5" level="61"/>
        <run start="196" length="5" level="52"/>
        <run start="197" length="4" level="63"/>
        <run start="197" length="4" level="53"/>
        <run start="197" length="8" level="119"/>
        <run start="197" length="4" level="47"/>
        <run start="197" length="4" level="48"/>
        <run start="197" length="4" level="53"/>
        <run start="197" length="8" level="124"/>
    </section>
    <section id="6209" first-pos="1719">
        <run start="169" length="50" level="61"/>
    </section>
    <section id="6171" first-pos="1709">
        <run start="219" length="3" level="86"/>
        <run start="219" length="3" level="86"/>
        <run start="219" length="3" level="85"/>
        <run start="219" length="3" level="84"/>
        <run start="218" length="4" level="80"/>
        <run start="218" length="4" level="64"/>
        <run start="217" length="5" level="57"/>
        <run start="216" length="5" level="51"/>
        <run start="215" length="6" level="45"/>
        <run start="214" length="6" level="44"/>
    </section>
    <section id="6140" first-pos="1700">
        <run start="209" length="7" level="82"/>
        <run start="208" length="9" level="25"/>
        <run start="207" length="12" level="22"/>
        <run start="206" length="14" level="24"/>
        <run start="205" length="15" level="31"/>
        <run start="204" length="17" level="39"/>
        <run start="204" length="18" level="39"/>
        <run start="204" length="18" level="37"/>
        <run start="204" length="18" level="38"/>
    </section>
    <section id="6170" first-pos="1709">
        <run start="206" length="12" level="23"/>
        <run start="207" length="10" level="21"/>
        <run start="208" length="8" level="31"/>
    </section>
    <section id="6183" first-pos="1712">
        <run start="210" length="3" level="211"/>
    </section>
    <section id="6213" first-pos="1720">
        <run start="169" length="10" level="26"/>
        <run start="169" length="10" level="42"/>
        <run start="170" length="10" level="30"/>
        <run start="170" length="10" level="26"/>
        <run start="170" length="11" level="44"/>
        <run start="171" length="11" level="27"/>
        <run start="171" length="12" level="31"/>
        <run start="172" length="11" level="9"/>
        <run start="172" length="12" level="42"/>
    </section>
    <section id="6266" first-pos="1729">
        <run start="173" length="22" level="71"/>
        <run start="175" length="18" level="71"/>
        <run start="177" length="14" level="107"/>
        <run start="179" length="10" level="203"/>
    </section>
    <section id="6225" first-pos="1722">
        <run start="195" length="5" level="55"/>
        <run start="195" length="4" level="54"/>
        <run start="194" length="5" level="55"/>
        <run start="193" length="5" level="54"/>
        <run start="191" length="7" level="61"/>
        <run start="188" length="9" level="61"/>
        <run start="185" length="11" level="68"/>
    </section>
    <section id="6222" first-pos="1721">
        <run start="191" length="26" level="52"/>
    </section>
    <section id="6214" first-pos="1720">
        <run start="180" length="38" level="65"/>
    </section>
    <section id="6221" first-pos="1721">
        <run start="188" length="1" level="227"/>
    </section>
    <section id="6226" first-pos="1722">
        <run start="204" length="9" level="62"/>
    </section>
    <section id="6293" first-pos="1733">
        <run start="184" length="2" level="200"/>
    </section>
    <section id="6240" first-pos="1726">
        <run start="128" length="17" level="76"/>
    </section>
    <section id="6252" first-pos="1727">
        <run start="131" length="10" level="168"/>
    </section>
    <section id="6241" first-pos="1726">
        <run start="146" length="3" level="204"/>
        <run start="146" length="3" level="203"/>
        <run start="146" length="2" level="200"/>
        <run start="146" length="1" level="200"/>
    </section>
</members></stick>
