<?xml version="1.0" encoding="UTF-8"?>
<stick id="1296" interline="19" shape="QUARTER_REST">
    <is-within-system>true</is-within-system>
    <has-ledger>false</has-ledger>
    <stem-number>0</stem-number>
    <step-line>0.10256410256410256</step-line>
    <moments>
        <k>1.3407202216066483</k>
        <k>1.105263157894737</k>
        <k>3.1052631578947367</k>
        <k>0.03943555993838205</k>
        <k>-0.012840476562760172</k>
        <k>0.422010976477807</k>
        <k>0.00280707483472324</k>
        <k>0.008517053323703071</k>
        <k>-0.0070672673851525265</k>
        <k>-0.05368366104003014</k>
        <k>0.46144653641618905</k>
        <k>0.1470234606937497</k>
        <k>0.006854583034996924</k>
        <k>0.0020581716931673084</k>
        <k>7.73003053058065E-6</k>
        <k>7.636360081136461E-4</k>
        <k>-9.341970657556899E-8</k>
        <k>251.4214876033058</k>
        <k>3150.0537190082646</k>
    </moments><members>
    <section id="1145" first-pos="243">
        <run start="3161" length="8" level="189"/>
        <run start="3159" length="11" level="106"/>
        <run start="3158" length="13" level="95"/>
        <run start="3158" length="14" level="75"/>
        <run start="3158" length="15" level="66"/>
        <run start="3157" length="17" level="65"/>
    </section>
    <section id="1173" first-pos="249">
        <run start="3157" length="12" level="56"/>
        <run start="3157" length="12" level="56"/>
        <run start="3157" length="12" level="57"/>
        <run start="3157" length="12" level="69"/>
    </section>
    <section id="1197" first-pos="253">
        <run start="3127" length="38" level="50"/>
    </section>
    <section id="1179" first-pos="250">
        <run start="3124" length="29" level="73"/>
        <run start="3125" length="29" level="50"/>
        <run start="3126" length="29" level="50"/>
    </section>
    <section id="1150" first-pos="244">
        <run start="3119" length="3" level="129"/>
        <run start="3120" length="2" level="110"/>
        <run start="3121" length="2" level="149"/>
        <run start="3122" length="2" level="210"/>
        <run start="3123" length="3" level="85"/>
        <run start="3123" length="5" level="120"/>
    </section>
    <section id="1151" first-pos="244">
        <run start="3147" length="2" level="200"/>
        <run start="3145" length="4" level="187"/>
        <run start="3143" length="7" level="153"/>
        <run start="3141" length="10" level="125"/>
        <run start="3138" length="14" level="104"/>
        <run start="3135" length="17" level="83"/>
    </section>
    <section id="1199" first-pos="254">
        <run start="3128" length="19" level="39"/>
        <run start="3129" length="16" level="45"/>
        <run start="3129" length="13" level="54"/>
        <run start="3129" length="11" level="79"/>
        <run start="3129" length="8" level="122"/>
    </section>
    <section id="1225" first-pos="259">
        <run start="3132" length="3" level="162"/>
    </section>
    <section id="1200" first-pos="254">
        <run start="3150" length="15" level="39"/>
        <run start="3153" length="11" level="49"/>
        <run start="3156" length="8" level="40"/>
        <run start="3157" length="7" level="46"/>
        <run start="3158" length="6" level="54"/>
        <run start="3159" length="5" level="60"/>
        <run start="3160" length="5" level="84"/>
        <run start="3161" length="4" level="83"/>
        <run start="3162" length="7" level="164"/>
        <run start="3163" length="6" level="188"/>
    </section>
    <section id="1174" first-pos="249">
        <run start="3170" length="5" level="56"/>
        <run start="3171" length="5" level="112"/>
        <run start="3174" length="3" level="91"/>
        <run start="3175" length="3" level="114"/>
        <run start="3176" length="2" level="171"/>
    </section>
</members></stick>
