<?xml version="1.0" encoding="UTF-8"?>
<stick id="1011" interline="19" shape="SHARP">
    <is-within-system>true</is-within-system>
    <has-ledger>false</has-ledger>
    <stem-number>0</stem-number>
    <step-line>-1.8181818181818181</step-line>
    <moments>
        <k>1.6731301939058172</k>
        <k>1.105263157894737</k>
        <k>3.210526315789474</k>
        <k>0.04557628670143699</k>
        <k>-0.020111186050861585</k>
        <k>0.3270109484204103</k>
        <k>1.8872444664007102E-4</k>
        <k>3.432698635035E-5</k>
        <k>-0.0015962263637154495</k>
        <k>-0.004094956243767507</k>
        <k>0.37258723512184727</k>
        <k>0.08082330803436241</k>
        <k>4.2397222736776865E-5</k>
        <k>1.846977161276308E-5</k>
        <k>5.1242821241746E-10</k>
        <k>3.623185754146231E-6</k>
        <k>6.743077197343432E-11</k>
        <k>1279.0082781456954</k>
        <k>1688.7764900662253</k>
    </moments><members>
    <section id="4489" first-pos="1269">
        <run start="1682" length="2" level="227"/>
    </section>
    <section id="4494" first-pos="1270">
        <run start="1678" length="7" level="37"/>
        <run start="1678" length="7" level="37"/>
        <run start="1677" length="10" level="66"/>
        <run start="1676" length="11" level="23"/>
    </section>
    <section id="4505" first-pos="1274">
        <run start="1663" length="24" level="37"/>
        <run start="1665" length="21" level="48"/>
        <run start="1668" length="17" level="61"/>
    </section>
    <section id="4498" first-pos="1273">
        <run start="1664" length="8" level="157"/>
    </section>
    <section id="4510" first-pos="1277">
        <run start="1668" length="3" level="204"/>
    </section>
    <section id="4511" first-pos="1277">
        <run start="1674" length="10" level="51"/>
        <run start="1674" length="9" level="47"/>
        <run start="1674" length="9" level="34"/>
        <run start="1674" length="8" level="32"/>
        <run start="1673" length="9" level="37"/>
    </section>
    <section id="4526" first-pos="1282">
        <run start="1673" length="17" level="107"/>
    </section>
    <section id="4522" first-pos="1281">
        <run start="1687" length="1" level="200"/>
    </section>
    <section id="4523" first-pos="1281">
        <run start="1689" length="1" level="204"/>
    </section>
    <section id="4530" first-pos="1283">
        <run start="1670" length="43" level="68"/>
    </section>
    <section id="4527" first-pos="1282">
        <run start="1692" length="15" level="90"/>
    </section>
    <section id="4512" first-pos="1277">
        <run start="1694" length="10" level="52"/>
        <run start="1694" length="9" level="50"/>
        <run start="1694" length="9" level="34"/>
        <run start="1694" length="8" level="28"/>
        <run start="1693" length="9" level="45"/>
    </section>
    <section id="4509" first-pos="1276">
        <run start="1692" length="27" level="89"/>
    </section>
    <section id="4499" first-pos="1273">
        <run start="1688" length="29" level="139"/>
        <run start="1688" length="30" level="45"/>
        <run start="1688" length="31" level="53"/>
    </section>
    <section id="4490" first-pos="1269">
        <run start="1698" length="4" level="221"/>
        <run start="1698" length="6" level="90"/>
        <run start="1697" length="10" level="84"/>
        <run start="1696" length="11" level="71"/>
    </section>
    <section id="4508" first-pos="1276">
        <run start="1689" length="2" level="198"/>
    </section>
    <section id="4536" first-pos="1284">
        <run start="1658" length="56" level="44"/>
        <run start="1661" length="53" level="70"/>
    </section>
    <section id="4529" first-pos="1283">
        <run start="1659" length="10" level="46"/>
    </section>
    <section id="4546" first-pos="1286">
        <run start="1671" length="9" level="29"/>
        <run start="1671" length="9" level="31"/>
        <run start="1671" length="8" level="45"/>
    </section>
    <section id="4560" first-pos="1289">
        <run start="1674" length="1" level="222"/>
    </section>
    <section id="4547" first-pos="1286">
        <run start="1689" length="11" level="62"/>
        <run start="1692" length="8" level="38"/>
        <run start="1692" length="7" level="65"/>
        <run start="1693" length="5" level="196"/>
    </section>
</members></stick>
