<?xml version="1.0" encoding="UTF-8"?>
<stick id="977" interline="19" shape="SHARP">
    <is-within-system>true</is-within-system>
    <has-ledger>true</has-ledger>
    <stem-number>0</stem-number>
    <step-line>-6.421052631578948</step-line>
    <moments>
        <k>1.4930747922437673</k>
        <k>1.0526315789473684</k>
        <k>3.0526315789473686</k>
        <k>0.0502133908629726</k>
        <k>-0.02403718189889533</k>
        <k>0.3501054298719774</k>
        <k>2.148980828692543E-4</k>
        <k>-0.0014378722913499827</k>
        <k>-0.001759054023949136</k>
        <k>0.00447881377414635</k>
        <k>0.40031882073495</k>
        <k>0.09224637951554078</k>
        <k>1.07469561446368E-4</k>
        <k>1.1631742672164063E-5</k>
        <k>2.71037008905813E-10</k>
        <k>2.509615745777316E-6</k>
        <k>-3.093034471940961E-10</k>
        <k>2125.4638218923933</k>
        <k>1405.061224489796</k>
    </moments><members>
    <section id="7625" first-pos="2116">
        <run start="1395" length="6" level="98"/>
        <run start="1394" length="8" level="55"/>
        <run start="1394" length="8" level="35"/>
        <run start="1393" length="9" level="33"/>
    </section>
    <section id="7647" first-pos="2120">
        <run start="1380" length="54" level="52"/>
        <run start="1380" length="54" level="59"/>
    </section>
    <section id="7641" first-pos="2119">
        <run start="1409" length="12" level="81"/>
    </section>
    <section id="7630" first-pos="2117">
        <run start="1414" length="7" level="72"/>
        <run start="1414" length="7" level="37"/>
    </section>
    <section id="7626" first-pos="2116">
        <run start="1415" length="2" level="194"/>
    </section>
    <section id="7637" first-pos="2118">
        <run start="1427" length="3" level="177"/>
        <run start="1426" length="6" level="149"/>
    </section>
    <section id="7659" first-pos="2122">
        <run start="1386" length="17" level="89"/>
    </section>
    <section id="7663" first-pos="2123">
        <run start="1391" length="9" level="25"/>
        <run start="1391" length="8" level="24"/>
        <run start="1391" length="8" level="32"/>
        <run start="1391" length="8" level="44"/>
        <run start="1390" length="8" level="35"/>
        <run start="1390" length="9" level="36"/>
    </section>
    <section id="7680" first-pos="2129">
        <run start="1389" length="18" level="56"/>
    </section>
    <section id="7684" first-pos="2130">
        <run start="1376" length="53" level="34"/>
        <run start="1376" length="53" level="117"/>
    </section>
    <section id="7679" first-pos="2129">
        <run start="1376" length="5" level="183"/>
    </section>
    <section id="7681" first-pos="2129">
        <run start="1408" length="21" level="49"/>
    </section>
    <section id="7664" first-pos="2123">
        <run start="1411" length="8" level="25"/>
        <run start="1411" length="8" level="32"/>
        <run start="1411" length="8" level="33"/>
        <run start="1410" length="8" level="45"/>
        <run start="1410" length="8" level="35"/>
        <run start="1408" length="11" level="61"/>
    </section>
    <section id="7660" first-pos="2122">
        <run start="1404" length="16" level="102"/>
    </section>
    <section id="7693" first-pos="2132">
        <run start="1387" length="11" level="61"/>
        <run start="1388" length="8" level="29"/>
        <run start="1388" length="8" level="53"/>
        <run start="1388" length="7" level="188"/>
    </section>
    <section id="7694" first-pos="2132">
        <run start="1406" length="11" level="73"/>
        <run start="1407" length="9" level="61"/>
        <run start="1408" length="7" level="113"/>
        <run start="1411" length="3" level="210"/>
    </section>
    <section id="7661" first-pos="2122">
        <run start="1426" length="6" level="182"/>
        <run start="1427" length="3" level="164"/>
        <run start="1427" length="3" level="188"/>
        <run start="1427" length="3" level="207"/>
    </section>
</members></stick>
