<?xml version="1.0" encoding="UTF-8"?>
<stick id="630" interline="19" shape="SHARP">
    <is-within-system>true</is-within-system>
    <has-ledger>false</has-ledger>
    <stem-number>0</stem-number>
    <step-line>2.1052631578947367</step-line>
    <moments>
        <k>1.5900277008310248</k>
        <k>1.0526315789473684</k>
        <k>3.1578947368421053</k>
        <k>0.04782029456719836</k>
        <k>-0.017799396215796605</k>
        <k>0.3596996781247369</k>
        <k>-3.710804698634688E-4</k>
        <k>-1.7401488831647943E-4</k>
        <k>0.0022336118159857134</k>
        <k>-0.00781816604866511</k>
        <k>0.4075199726919353</k>
        <k>0.09853602391081788</k>
        <k>1.032453819946376E-4</k>
        <k>6.734397914473985E-5</k>
        <k>5.5961410507708864E-9</k>
        <k>1.9899190183244872E-5</k>
        <k>4.651089452688875E-10</k>
        <k>255.60104529616726</k>
        <k>184.45644599303137</k>
    </moments><members>
    <section id="1153" first-pos="246">
        <run start="176" length="7" level="143"/>
        <run start="175" length="8" level="69"/>
        <run start="174" length="9" level="55"/>
        <run start="174" length="9" level="50"/>
    </section>
    <section id="1175" first-pos="250">
        <run start="160" length="54" level="54"/>
        <run start="160" length="55" level="43"/>
    </section>
    <section id="1169" first-pos="249">
        <run start="161" length="5" level="181"/>
    </section>
    <section id="1158" first-pos="247">
        <run start="194" length="9" level="74"/>
        <run start="194" length="9" level="52"/>
        <run start="193" length="12" level="73"/>
    </section>
    <section id="1154" first-pos="246">
        <run start="200" length="3" level="189"/>
    </section>
    <section id="1183" first-pos="252">
        <run start="160" length="23" level="114"/>
    </section>
    <section id="1191" first-pos="253">
        <run start="171" length="12" level="89"/>
        <run start="171" length="8" level="50"/>
        <run start="171" length="8" level="36"/>
        <run start="171" length="8" level="33"/>
        <run start="170" length="9" level="40"/>
        <run start="170" length="9" level="30"/>
    </section>
    <section id="1215" first-pos="259">
        <run start="168" length="15" level="55"/>
    </section>
    <section id="1210" first-pos="258">
        <run start="182" length="3" level="200"/>
    </section>
    <section id="1216" first-pos="259">
        <run start="184" length="3" level="174"/>
    </section>
    <section id="1227" first-pos="260">
        <run start="184" length="27" level="48"/>
        <run start="185" length="26" level="39"/>
    </section>
    <section id="1217" first-pos="259">
        <run start="189" length="18" level="72"/>
    </section>
    <section id="1192" first-pos="253">
        <run start="191" length="9" level="32"/>
        <run start="191" length="9" level="46"/>
        <run start="191" length="8" level="26"/>
        <run start="191" length="8" level="33"/>
        <run start="190" length="9" level="32"/>
        <run start="190" length="9" level="29"/>
    </section>
    <section id="1184" first-pos="252">
        <run start="190" length="18" level="55"/>
    </section>
    <section id="1203" first-pos="257">
        <run start="200" length="3" level="205"/>
        <run start="200" length="3" level="191"/>
    </section>
    <section id="1251" first-pos="262">
        <run start="187" length="10" level="39"/>
        <run start="188" length="9" level="42"/>
        <run start="188" length="8" level="32"/>
        <run start="190" length="5" level="123"/>
    </section>
    <section id="1252" first-pos="262">
        <run start="200" length="7" level="193"/>
    </section>
    <section id="1226" first-pos="260">
        <run start="155" length="28" level="52"/>
    </section>
    <section id="1214" first-pos="259">
        <run start="155" length="10" level="114"/>
    </section>
    <section id="1240" first-pos="261">
        <run start="155" length="10" level="124"/>
        <run start="158" length="7" level="201"/>
    </section>
    <section id="1241" first-pos="261">
        <run start="166" length="17" level="50"/>
    </section>
    <section id="1250" first-pos="262">
        <run start="167" length="12" level="71"/>
        <run start="168" length="8" level="27"/>
        <run start="168" length="7" level="38"/>
        <run start="168" length="6" level="198"/>
    </section>
    <section id="1185" first-pos="252">
        <run start="210" length="5" level="75"/>
    </section>
</members></stick>
