<?xml version="1.0" encoding="UTF-8"?>
<stick id="1213" interline="19" shape="SIXTEENTH_REST">
    <is-within-system>true</is-within-system>
    <has-ledger>false</has-ledger>
    <stem-number>0</stem-number>
    <step-line>0.6153846153846154</step-line>
    <moments>
        <k>1.5678670360110802</k>
        <k>1.368421052631579</k>
        <k>3.0</k>
        <k>0.06889599565183369</k>
        <k>-0.00948632146736762</k>
        <k>0.39466093970457866</k>
        <k>-0.003996080304201327</k>
        <k>-0.010168962911884355</k>
        <k>0.01605056240065694</k>
        <k>0.08823447271079732</k>
        <k>0.46355693535641235</k>
        <k>0.10648275995361701</k>
        <k>0.016818900574034356</k>
        <k>0.006239534358777945</k>
        <k>6.38515382104827E-5</k>
        <k>0.001902239397457035</k>
        <k>2.92661508704315E-6</k>
        <k>1576.4787985865723</k>
        <k>2653.0</k>
    </moments><members>
    <section id="5539" first-pos="1563">
        <run start="2656" length="3" level="125"/>
    </section>
    <section id="5541" first-pos="1564">
        <run start="2654" length="8" level="61"/>
        <run start="2653" length="10" level="35"/>
        <run start="2653" length="12" level="52"/>
        <run start="2652" length="14" level="52"/>
        <run start="2652" length="15" level="58"/>
        <run start="2652" length="15" level="56"/>
        <run start="2652" length="14" level="58"/>
        <run start="2653" length="12" level="38"/>
        <run start="2653" length="12" level="52"/>
        <run start="2655" length="9" level="47"/>
        <run start="2656" length="7" level="122"/>
        <run start="2659" length="3" level="74"/>
        <run start="2658" length="4" level="88"/>
        <run start="2657" length="4" level="73"/>
        <run start="2656" length="4" level="72"/>
        <run start="2654" length="6" level="77"/>
    </section>
    <section id="5605" first-pos="1580">
        <run start="2652" length="29" level="50"/>
        <run start="2649" length="27" level="59"/>
        <run start="2644" length="28" level="98"/>
    </section>
    <section id="5595" first-pos="1578">
        <run start="2666" length="21" level="61"/>
        <run start="2663" length="24" level="66"/>
    </section>
    <section id="5591" first-pos="1577">
        <run start="2674" length="13" level="69"/>
    </section>
    <section id="5584" first-pos="1574">
        <run start="2686" length="1" level="200"/>
        <run start="2683" length="4" level="184"/>
        <run start="2680" length="7" level="124"/>
    </section>
    <section id="5606" first-pos="1580">
        <run start="2683" length="4" level="204"/>
    </section>
    <section id="5616" first-pos="1583">
        <run start="2634" length="30" level="70"/>
        <run start="2632" length="29" level="97"/>
    </section>
    <section id="5558" first-pos="1567">
        <run start="2634" length="5" level="107"/>
        <run start="2632" length="9" level="67"/>
        <run start="2632" length="10" level="34"/>
        <run start="2631" length="12" level="42"/>
        <run start="2631" length="12" level="25"/>
        <run start="2631" length="12" level="22"/>
        <run start="2631" length="13" level="36"/>
        <run start="2631" length="12" level="21"/>
        <run start="2632" length="11" level="19"/>
        <run start="2632" length="11" level="37"/>
        <run start="2633" length="10" level="59"/>
        <run start="2635" length="8" level="119"/>
        <run start="2637" length="5" level="92"/>
        <run start="2636" length="5" level="110"/>
        <run start="2636" length="4" level="95"/>
        <run start="2635" length="5" level="105"/>
    </section>
    <section id="5622" first-pos="1585">
        <run start="2631" length="22" level="85"/>
    </section>
    <section id="5623" first-pos="1586">
        <run start="2630" length="17" level="83"/>
    </section>
    <section id="5626" first-pos="1587">
        <run start="2630" length="11" level="136"/>
    </section>
    <section id="5627" first-pos="1588">
        <run start="2631" length="3" level="191"/>
    </section>
</members></stick>
