<?xml version="1.0" encoding="UTF-8"?>
<stick id="1193" interline="19" shape="SIXTEENTH_REST">
    <is-within-system>true</is-within-system>
    <has-ledger>false</has-ledger>
    <stem-number>0</stem-number>
    <step-line>0.6753246753246753</step-line>
    <moments>
        <k>1.5041551246537397</k>
        <k>1.368421052631579</k>
        <k>3.0526315789473686</k>
        <k>0.0694785076710023</k>
        <k>-0.005375201978561193</k>
        <k>0.40533889535254014</k>
        <k>-0.005669941651898096</k>
        <k>-0.011340108999912111</k>
        <k>0.01461854156515897</k>
        <k>0.11306563453176655</k>
        <k>0.4748174030235425</k>
        <k>0.11291777119883419</k>
        <k>0.02408706180167499</k>
        <k>0.01042815998513958</k>
        <k>1.6496050480996197E-4</k>
        <k>0.003429043967486777</k>
        <k>-1.0168037175085033E-5</k>
        <k>625.7016574585635</k>
        <k>2653.414364640884</k>
    </moments><members>
    <section id="2402" first-pos="612">
        <run start="2657" length="4" level="98"/>
        <run start="2655" length="7" level="35"/>
        <run start="2655" length="8" level="8"/>
        <run start="2654" length="10" level="9"/>
        <run start="2653" length="11" level="12"/>
        <run start="2653" length="12" level="20"/>
        <run start="2653" length="13" level="47"/>
        <run start="2654" length="11" level="19"/>
        <run start="2654" length="11" level="30"/>
        <run start="2655" length="10" level="23"/>
        <run start="2655" length="9" level="41"/>
        <run start="2656" length="7" level="122"/>
        <run start="2660" length="3" level="5"/>
        <run start="2659" length="4" level="88"/>
        <run start="2658" length="4" level="53"/>
        <run start="2657" length="5" level="81"/>
        <run start="2655" length="6" level="56"/>
    </section>
    <section id="2429" first-pos="629">
        <run start="2653" length="33" level="54"/>
    </section>
    <section id="2428" first-pos="628">
        <run start="2664" length="24" level="64"/>
    </section>
    <section id="2426" first-pos="627">
        <run start="2664" length="3" level="209"/>
    </section>
    <section id="2427" first-pos="627">
        <run start="2670" length="18" level="75"/>
    </section>
    <section id="2423" first-pos="624">
        <run start="2684" length="4" level="152"/>
        <run start="2682" length="7" level="143"/>
        <run start="2678" length="10" level="80"/>
    </section>
    <section id="2430" first-pos="630">
        <run start="2645" length="31" level="73"/>
    </section>
    <section id="2425" first-pos="627">
        <run start="2647" length="1" level="200"/>
        <run start="2645" length="3" level="205"/>
        <run start="2645" length="3" level="206"/>
    </section>
    <section id="2435" first-pos="631">
        <run start="2644" length="26" level="69"/>
    </section>
    <section id="2439" first-pos="632">
        <run start="2634" length="34" level="86"/>
    </section>
    <section id="2424" first-pos="627">
        <run start="2639" length="4" level="44"/>
        <run start="2638" length="4" level="22"/>
        <run start="2638" length="4" level="49"/>
        <run start="2637" length="4" level="64"/>
        <run start="2636" length="5" level="55"/>
    </section>
    <section id="2421" first-pos="616">
        <run start="2635" length="6" level="73"/>
        <run start="2633" length="9" level="41"/>
        <run start="2633" length="9" level="7"/>
        <run start="2632" length="11" level="13"/>
        <run start="2632" length="12" level="15"/>
        <run start="2632" length="12" level="4"/>
        <run start="2632" length="12" level="9"/>
        <run start="2632" length="12" level="20"/>
        <run start="2633" length="11" level="2"/>
        <run start="2633" length="11" level="31"/>
        <run start="2635" length="9" level="100"/>
    </section>
    <section id="2417" first-pos="615">
        <run start="2637" length="1" level="173"/>
    </section>
    <section id="2440" first-pos="633">
        <run start="2633" length="26" level="75"/>
        <run start="2631" length="22" level="72"/>
    </section>
    <section id="2446" first-pos="635">
        <run start="2631" length="16" level="84"/>
    </section>
    <section id="2450" first-pos="636">
        <run start="2631" length="9" level="145"/>
    </section>
    <section id="2454" first-pos="637">
        <run start="2632" length="2" level="193"/>
    </section>
</members></stick>
