<?xml version="1.0" encoding="UTF-8"?>
<stick id="789" interline="19" shape="THIRTY_SECOND_REST">
    <is-within-system>true</is-within-system>
    <has-ledger>false</has-ledger>
    <stem-number>0</stem-number>
    <step-line>-0.36363636363636365</step-line>
    <moments>
        <k>2.5734072022160666</k>
        <k>1.5263157894736843</k>
        <k>4.052631578947368</k>
        <k>0.05418808401122569</k>
        <k>-0.009338619382066937</k>
        <k>0.42750203357881444</k>
        <k>-0.0026393661725171253</k>
        <k>-0.005930567684064499</k>
        <k>0.014796785537553413</k>
        <k>0.04258886311887112</k>
        <k>0.48169011759004016</k>
        <k>0.13971214418960465</k>
        <k>0.005857607596388944</k>
        <k>0.0014916334698029234</k>
        <k>4.213576319383396E-6</k>
        <k>4.298460736939188E-4</k>
        <k>1.2985526290391557E-6</k>
        <k>1653.2551130247577</k>
        <k>700.9181916038751</k>
    </moments><members>
    <section id="5840" first-pos="1638">
        <run start="715" length="2" level="220"/>
        <run start="713" length="6" level="128"/>
        <run start="712" length="9" level="55"/>
        <run start="711" length="11" level="37"/>
        <run start="711" length="13" level="38"/>
        <run start="711" length="14" level="37"/>
        <run start="710" length="14" level="28"/>
        <run start="710" length="14" level="26"/>
        <run start="710" length="13" level="20"/>
        <run start="711" length="12" level="15"/>
        <run start="711" length="11" level="11"/>
        <run start="712" length="10" level="21"/>
        <run start="713" length="9" level="51"/>
        <run start="715" length="6" level="49"/>
        <run start="716" length="5" level="70"/>
        <run start="715" length="5" level="63"/>
        <run start="714" length="6" level="99"/>
        <run start="713" length="6" level="78"/>
    </section>
    <section id="5935" first-pos="1656">
        <run start="711" length="33" level="59"/>
        <run start="708" length="36" level="41"/>
    </section>
    <section id="5928" first-pos="1655">
        <run start="723" length="21" level="85"/>
    </section>
    <section id="5925" first-pos="1654">
        <run start="732" length="12" level="122"/>
    </section>
    <section id="5914" first-pos="1652">
        <run start="742" length="2" level="200"/>
        <run start="740" length="4" level="183"/>
    </section>
    <section id="5950" first-pos="1658">
        <run start="700" length="44" level="68"/>
    </section>
    <section id="5947" first-pos="1657">
        <run start="704" length="1" level="200"/>
    </section>
    <section id="5953" first-pos="1659">
        <run start="687" length="51" level="71"/>
    </section>
    <section id="5851" first-pos="1640">
        <run start="693" length="6" level="149"/>
        <run start="692" length="8" level="40"/>
        <run start="691" length="10" level="32"/>
        <run start="691" length="11" level="18"/>
        <run start="690" length="12" level="18"/>
        <run start="690" length="13" level="18"/>
        <run start="690" length="14" level="30"/>
        <run start="690" length="15" level="41"/>
        <run start="690" length="14" level="37"/>
        <run start="691" length="12" level="23"/>
        <run start="692" length="11" level="25"/>
        <run start="692" length="10" level="44"/>
        <run start="694" length="8" level="81"/>
        <run start="697" length="5" level="67"/>
        <run start="696" length="5" level="57"/>
        <run start="696" length="4" level="19"/>
        <run start="695" length="5" level="63"/>
        <run start="692" length="7" level="86"/>
        <run start="690" length="8" level="58"/>
    </section>
    <section id="5846" first-pos="1639">
        <run start="696" length="1" level="223"/>
    </section>
    <section id="5962" first-pos="1660">
        <run start="683" length="44" level="62"/>
    </section>
    <section id="5967" first-pos="1661">
        <run start="671" length="49" level="81"/>
    </section>
    <section id="5927" first-pos="1655">
        <run start="676" length="5" level="42"/>
        <run start="676" length="5" level="46"/>
        <run start="675" length="6" level="77"/>
        <run start="675" length="5" level="40"/>
        <run start="674" length="5" level="57"/>
        <run start="673" length="5" level="36"/>
    </section>
    <section id="5863" first-pos="1642">
        <run start="674" length="3" level="208"/>
        <run start="672" length="7" level="122"/>
        <run start="671" length="8" level="33"/>
        <run start="670" length="10" level="27"/>
        <run start="669" length="12" level="36"/>
        <run start="669" length="12" level="11"/>
        <run start="669" length="13" level="14"/>
        <run start="669" length="13" level="4"/>
        <run start="669" length="13" level="13"/>
        <run start="670" length="12" level="1"/>
        <run start="670" length="12" level="6"/>
        <run start="671" length="11" level="9"/>
        <run start="672" length="10" level="45"/>
    </section>
    <section id="5970" first-pos="1662">
        <run start="670" length="39" level="55"/>
    </section>
    <section id="5973" first-pos="1663">
        <run start="669" length="31" level="62"/>
    </section>
    <section id="5976" first-pos="1664">
        <run start="668" length="22" level="64"/>
    </section>
    <section id="5979" first-pos="1665">
        <run start="667" length="14" level="83"/>
    </section>
    <section id="5989" first-pos="1666">
        <run start="669" length="4" level="96"/>
    </section>
    <section id="5980" first-pos="1665">
        <run start="685" length="1" level="200"/>
    </section>
    <section id="5974" first-pos="1663">
        <run start="701" length="6" level="202"/>
        <run start="704" length="2" level="200"/>
    </section>
    <section id="5968" first-pos="1661">
        <run start="723" length="1" level="200"/>
    </section>
</members></stick>
