<?xml version="1.0" encoding="UTF-8"?>
<stick id="866" interline="19" shape="TIME_TWO">
    <is-within-system>true</is-within-system>
    <has-ledger>false</has-ledger>
    <stem-number>0</stem-number>
    <step-line>-1.8181818181818181</step-line>
    <moments>
        <k>1.5235457063711912</k>
        <k>1.5263157894736843</k>
        <k>1.7894736842105263</k>
        <k>0.11113824192336576</k>
        <k>0.011725169045830177</k>
        <k>0.19201868670172725</k>
        <k>-0.0030906540422886604</k>
        <k>-0.001506296480602859</k>
        <k>-0.006122217682161848</k>
        <k>0.00942748334731876</k>
        <k>0.303156928625093</k>
        <k>0.00709156470415876</k>
        <k>4.278574595495356E-4</k>
        <k>1.4762220678861214E-4</k>
        <k>-6.651719082548635E-9</k>
        <k>-5.212695101791622E-6</k>
        <k>-3.6499107082164663E-8</k>
        <k>171.3181818181818</k>
        <k>1213.5836363636363</k>
    </moments><members>
    <section id="851" first-pos="157">
        <run start="1203" length="8" level="108"/>
        <run start="1202" length="9" level="66"/>
        <run start="1200" length="11" level="63"/>
        <run start="1200" length="11" level="49"/>
        <run start="1199" length="12" level="53"/>
        <run start="1198" length="13" level="52"/>
        <run start="1198" length="13" level="79"/>
    </section>
    <section id="867" first-pos="164">
        <run start="1197" length="5" level="81"/>
        <run start="1197" length="4" level="63"/>
        <run start="1197" length="4" level="93"/>
        <run start="1197" length="3" level="84"/>
        <run start="1197" length="4" level="108"/>
        <run start="1197" length="4" level="72"/>
        <run start="1197" length="4" level="65"/>
        <run start="1197" length="5" level="64"/>
        <run start="1197" length="6" level="79"/>
        <run start="1197" length="7" level="66"/>
        <run start="1198" length="8" level="49"/>
    </section>
    <section id="902" first-pos="175">
        <run start="1198" length="19" level="55"/>
        <run start="1198" length="19" level="46"/>
        <run start="1199" length="18" level="49"/>
        <run start="1199" length="17" level="51"/>
        <run start="1200" length="16" level="65"/>
        <run start="1201" length="14" level="62"/>
        <run start="1202" length="12" level="68"/>
        <run start="1203" length="11" level="88"/>
        <run start="1204" length="9" level="127"/>
        <run start="1207" length="6" level="207"/>
    </section>
    <section id="871" first-pos="165">
        <run start="1218" length="4" level="103"/>
        <run start="1217" length="4" level="72"/>
        <run start="1217" length="4" level="51"/>
        <run start="1216" length="4" level="69"/>
        <run start="1215" length="5" level="80"/>
        <run start="1215" length="4" level="57"/>
        <run start="1214" length="5" level="58"/>
        <run start="1213" length="6" level="70"/>
        <run start="1213" length="5" level="13"/>
        <run start="1209" length="9" level="93"/>
    </section>
    <section id="855" first-pos="158">
        <run start="1225" length="6" level="142"/>
        <run start="1224" length="7" level="117"/>
        <run start="1223" length="4" level="58"/>
        <run start="1222" length="5" level="70"/>
        <run start="1220" length="7" level="75"/>
        <run start="1219" length="8" level="61"/>
        <run start="1218" length="9" level="64"/>
    </section>
    <section id="872" first-pos="165">
        <run start="1223" length="8" level="118"/>
        <run start="1223" length="8" level="106"/>
        <run start="1223" length="8" level="102"/>
        <run start="1223" length="8" level="102"/>
        <run start="1223" length="8" level="113"/>
        <run start="1224" length="7" level="109"/>
        <run start="1224" length="7" level="116"/>
        <run start="1224" length="7" level="117"/>
        <run start="1225" length="6" level="112"/>
        <run start="1225" length="6" level="134"/>
        <run start="1225" length="6" level="137"/>
        <run start="1225" length="6" level="137"/>
        <run start="1225" length="6" level="137"/>
        <run start="1225" length="6" level="138"/>
        <run start="1225" length="6" level="123"/>
        <run start="1224" length="7" level="117"/>
        <run start="1223" length="8" level="100"/>
        <run start="1220" length="11" level="83"/>
        <run start="1216" length="11" level="32"/>
        <run start="1216" length="9" level="36"/>
    </section>
    <section id="931" first-pos="185">
        <run start="1217" length="4" level="196"/>
    </section>
    <section id="930" first-pos="185">
        <run start="1211" length="1" level="200"/>
    </section>
    <section id="868" first-pos="164">
        <run start="1203" length="8" level="76"/>
        <run start="1204" length="7" level="82"/>
        <run start="1205" length="6" level="105"/>
        <run start="1206" length="5" level="209"/>
        <run start="1209" length="2" level="200"/>
    </section>
</members></stick>
