<?xml version="1.0" encoding="UTF-8"?>
<stick id="1090" interline="19" shape="TIME_FOUR">
    <is-within-system>true</is-within-system>
    <has-ledger>false</has-ledger>
    <stem-number>0</stem-number>
    <step-line>2.3376623376623376</step-line>
    <moments>
        <k>1.5124653739612188</k>
        <k>1.6842105263157894</k>
        <k>1.8421052631578947</k>
        <k>0.0808781467518336</k>
        <k>0.01280307731823256</k>
        <k>0.16189285931768752</k>
        <k>-0.002852946210260523</k>
        <k>0.011435236660996558</k>
        <k>0.008430501711449113</k>
        <k>-0.020524922160596062</k>
        <k>0.24277100606952112</k>
        <k>0.007219058807394494</k>
        <k>0.003798508362754216</k>
        <k>1.137315078504686E-4</k>
        <k>2.8690779879390815E-8</k>
        <k>1.5769585214774721E-6</k>
        <k>-6.902772863214479E-8</k>
        <k>2180.260073260073</k>
        <k>1960.4450549450548</k>
    </moments><members>
    <section id="7871" first-pos="2165">
        <run start="1967" length="3" level="202"/>
        <run start="1965" length="5" level="122"/>
        <run start="1964" length="6" level="64"/>
        <run start="1963" length="8" level="70"/>
        <run start="1961" length="10" level="63"/>
    </section>
    <section id="7891" first-pos="2170">
        <run start="1956" length="15" level="81"/>
        <run start="1955" length="16" level="85"/>
        <run start="1953" length="18" level="114"/>
    </section>
    <section id="7886" first-pos="2169">
        <run start="1958" length="1" level="200"/>
    </section>
    <section id="7908" first-pos="2173">
        <run start="1951" length="13" level="115"/>
        <run start="1948" length="15" level="114"/>
        <run start="1943" length="18" level="100"/>
        <run start="1942" length="19" level="67"/>
        <run start="1942" length="17" level="44"/>
        <run start="1942" length="17" level="47"/>
        <run start="1942" length="16" level="47"/>
        <run start="1943" length="14" level="38"/>
        <run start="1943" length="12" level="31"/>
        <run start="1943" length="11" level="41"/>
        <run start="1943" length="9" level="33"/>
        <run start="1943" length="9" level="57"/>
        <run start="1943" length="7" level="49"/>
        <run start="1943" length="6" level="60"/>
        <run start="1943" length="5" level="76"/>
        <run start="1943" length="4" level="137"/>
        <run start="1944" length="1" level="227"/>
    </section>
    <section id="7909" first-pos="2173">
        <run start="1967" length="4" level="63"/>
        <run start="1967" length="4" level="60"/>
        <run start="1966" length="5" level="91"/>
        <run start="1966" length="5" level="82"/>
        <run start="1966" length="5" level="62"/>
        <run start="1966" length="5" level="49"/>
        <run start="1964" length="8" level="76"/>
    </section>
    <section id="7945" first-pos="2180">
        <run start="1958" length="19" level="91"/>
        <run start="1958" length="19" level="43"/>
        <run start="1958" length="19" level="43"/>
        <run start="1958" length="19" level="43"/>
        <run start="1958" length="19" level="43"/>
        <run start="1958" length="19" level="43"/>
        <run start="1958" length="19" level="43"/>
        <run start="1955" length="22" level="64"/>
        <run start="1954" length="23" level="66"/>
        <run start="1954" length="23" level="121"/>
    </section>
    <section id="7939" first-pos="2179">
        <run start="1974" length="3" level="193"/>
    </section>
    <section id="7982" first-pos="2190">
        <run start="1955" length="4" level="207"/>
    </section>
    <section id="7983" first-pos="2190">
        <run start="1968" length="5" level="74"/>
        <run start="1968" length="4" level="65"/>
        <run start="1968" length="4" level="65"/>
        <run start="1968" length="4" level="76"/>
        <run start="1968" length="4" level="102"/>
        <run start="1969" length="3" level="77"/>
        <run start="1969" length="3" level="160"/>
    </section>
</members></stick>
