<?xml version="1.0" encoding="UTF-8"?>
<stick id="1350" interline="19" shape="TIME_TWO">
    <is-within-system>true</is-within-system>
    <has-ledger>false</has-ledger>
    <stem-number>0</stem-number>
    <step-line>-1.6842105263157894</step-line>
    <moments>
        <k>1.5290858725761773</k>
        <k>1.6842105263157894</k>
        <k>1.8421052631578947</k>
        <k>0.12031628485634976</k>
        <k>-0.0011062589324034703</k>
        <k>0.19580627333459666</k>
        <k>-0.007198037461493356</k>
        <k>0.0018209327605980513</k>
        <k>-0.005658624833492406</k>
        <k>-0.0022238367755846988</k>
        <k>0.3161225581909464</k>
        <k>0.0057036335957479384</k>
        <k>1.5469045566625028E-4</k>
        <k>1.6545609701260094E-4</k>
        <k>-2.2253146391470346E-8</k>
        <k>-1.2488691717947374E-5</k>
        <k>-1.4334042291128382E-8</k>
        <k>2186.016304347826</k>
        <k>950.0090579710145</k>
    </moments><members>
    <section id="7885" first-pos="2169">
        <run start="966" length="1" level="200"/>
        <run start="964" length="3" level="208"/>
        <run start="963" length="4" level="193"/>
        <run start="960" length="7" level="130"/>
        <run start="958" length="9" level="87"/>
        <run start="957" length="9" level="113"/>
        <run start="956" length="6" level="86"/>
        <run start="956" length="5" level="52"/>
        <run start="955" length="6" level="81"/>
        <run start="954" length="7" level="97"/>
        <run start="953" length="8" level="119"/>
    </section>
    <section id="7942" first-pos="2180">
        <run start="952" length="4" level="119"/>
        <run start="952" length="3" level="76"/>
        <run start="951" length="4" level="113"/>
        <run start="951" length="3" level="81"/>
        <run start="950" length="4" level="92"/>
        <run start="949" length="5" level="85"/>
        <run start="949" length="4" level="28"/>
        <run start="948" length="5" level="62"/>
        <run start="945" length="8" level="133"/>
        <run start="945" length="7" level="123"/>
    </section>
    <section id="7978" first-pos="2190">
        <run start="933" length="19" level="90"/>
        <run start="933" length="19" level="59"/>
        <run start="934" length="17" level="50"/>
        <run start="934" length="17" level="67"/>
        <run start="935" length="15" level="61"/>
        <run start="935" length="15" level="73"/>
        <run start="936" length="13" level="69"/>
        <run start="937" length="12" level="84"/>
        <run start="939" length="9" level="155"/>
    </section>
    <section id="7951" first-pos="2181">
        <run start="932" length="2" level="210"/>
        <run start="932" length="2" level="155"/>
        <run start="932" length="2" level="132"/>
        <run start="932" length="2" level="129"/>
        <run start="932" length="3" level="123"/>
        <run start="932" length="3" level="81"/>
        <run start="932" length="4" level="96"/>
        <run start="932" length="5" level="98"/>
        <run start="933" length="6" level="78"/>
    </section>
    <section id="7994" first-pos="2199">
        <run start="947" length="1" level="200"/>
    </section>
    <section id="7943" first-pos="2180">
        <run start="957" length="5" level="108"/>
        <run start="957" length="7" level="92"/>
        <run start="958" length="8" level="57"/>
        <run start="958" length="9" level="60"/>
        <run start="958" length="9" level="61"/>
        <run start="958" length="9" level="61"/>
        <run start="958" length="9" level="77"/>
        <run start="959" length="8" level="68"/>
        <run start="959" length="8" level="69"/>
        <run start="959" length="8" level="69"/>
        <run start="959" length="8" level="87"/>
        <run start="960" length="7" level="79"/>
        <run start="960" length="7" level="80"/>
        <run start="960" length="7" level="75"/>
        <run start="959" length="8" level="78"/>
        <run start="958" length="9" level="74"/>
        <run start="957" length="10" level="85"/>
        <run start="955" length="10" level="100"/>
        <run start="951" length="11" level="92"/>
        <run start="951" length="9" level="119"/>
    </section>
    <section id="7996" first-pos="2200">
        <run start="951" length="4" level="186"/>
    </section>
    <section id="7900" first-pos="2172">
        <run start="938" length="6" level="155"/>
        <run start="936" length="9" level="75"/>
        <run start="936" length="9" level="26"/>
        <run start="935" length="11" level="49"/>
        <run start="934" length="14" level="74"/>
        <run start="934" length="14" level="93"/>
    </section>
    <section id="7929" first-pos="2178">
        <run start="933" length="3" level="159"/>
        <run start="933" length="2" level="179"/>
    </section>
    <section id="7930" first-pos="2178">
        <run start="938" length="10" level="85"/>
        <run start="938" length="10" level="79"/>
        <run start="938" length="9" level="81"/>
        <run start="939" length="6" level="143"/>
    </section>
    <section id="7959" first-pos="2182">
        <run start="942" length="1" level="227"/>
    </section>
</members></stick>
