<?xml version="1.0" encoding="UTF-8"?>
<stick id="1293" interline="19" shape="TIME_ONE">
    <is-within-system>true</is-within-system>
    <has-ledger>false</has-ledger>
    <stem-number>0</stem-number>
    <step-line>-1.9487179487179487</step-line>
    <moments>
        <k>1.2105263157894737</k>
        <k>1.0</k>
        <k>1.894736842105263</k>
        <k>0.04148698316892886</k>
        <k>0.011169088473786707</k>
        <k>0.2186956602023417</k>
        <k>-0.00509471853961255</k>
        <k>-0.002310665160229099</k>
        <k>0.00769181972167184</k>
        <k>0.015257582861744716</k>
        <k>0.26018264337127056</k>
        <k>0.031901909365273526</k>
        <k>0.0012859362989252525</k>
        <k>1.7436761251967217E-4</k>
        <k>7.863933162107712E-8</k>
        <k>3.00111501385963E-5</k>
        <k>-2.516398949544061E-8</k>
        <k>164.89016018306637</k>
        <k>3130.29061784897</k>
    </moments><members>
    <section id="849" first-pos="153">
        <run start="3128" length="4" level="206"/>
        <run start="3128" length="5" level="132"/>
        <run start="3125" length="8" level="162"/>
        <run start="3124" length="5" level="117"/>
        <run start="3122" length="7" level="100"/>
        <run start="3120" length="9" level="92"/>
        <run start="3118" length="8" level="54"/>
        <run start="3117" length="9" level="52"/>
        <run start="3115" length="11" level="50"/>
    </section>
    <section id="864" first-pos="162">
        <run start="3114" length="35" level="47"/>
        <run start="3114" length="35" level="47"/>
        <run start="3114" length="35" level="46"/>
        <run start="3114" length="35" level="46"/>
        <run start="3114" length="35" level="45"/>
        <run start="3114" length="35" level="44"/>
        <run start="3113" length="36" level="47"/>
        <run start="3113" length="36" level="47"/>
        <run start="3114" length="35" level="52"/>
    </section>
    <section id="863" first-pos="161">
        <run start="3128" length="21" level="211"/>
    </section>
    <section id="894" first-pos="171">
        <run start="3114" length="3" level="132"/>
    </section>
    <section id="895" first-pos="171">
        <run start="3119" length="30" level="122"/>
    </section>
</members></stick>
