<?xml version="1.0" encoding="UTF-8"?>
<stick id="786" interline="19" shape="TIME_FOUR">
    <is-within-system>true</is-within-system>
    <has-ledger>false</has-ledger>
    <stem-number>0</stem-number>
    <step-line>-1.922077922077922</step-line>
    <moments>
        <k>1.8310249307479225</k>
        <k>1.736842105263158</k>
        <k>1.894736842105263</k>
        <k>0.07895878288801639</k>
        <k>0.02566998709069144</k>
        <k>0.1483262633384173</k>
        <k>-3.2886165980871185E-4</k>
        <k>0.009133561266757205</k>
        <k>0.006963896859964178</k>
        <k>-0.01952968394077184</k>
        <k>0.2272850462264337</k>
        <k>0.007447640292981814</k>
        <k>0.002652771253667462</k>
        <k>1.5210305876046332E-4</k>
        <k>2.774853169417666E-8</k>
        <k>-2.639342429956588E-6</k>
        <k>-9.254730925027871E-8</k>
        <k>1527.9198184568836</k>
        <k>685.6369137670197</k>
    </moments><members>
    <section id="5321" first-pos="1512">
        <run start="688" length="4" level="191"/>
    </section>
    <section id="5324" first-pos="1513">
        <run start="684" length="9" level="121"/>
        <run start="684" length="9" level="86"/>
        <run start="684" length="9" level="86"/>
        <run start="682" length="11" level="107"/>
        <run start="680" length="13" level="103"/>
        <run start="677" length="16" level="103"/>
    </section>
    <section id="5357" first-pos="1519">
        <run start="674" length="14" level="116"/>
        <run start="670" length="15" level="83"/>
        <run start="669" length="16" level="36"/>
        <run start="667" length="18" level="47"/>
        <run start="666" length="17" level="47"/>
        <run start="666" length="16" level="55"/>
        <run start="666" length="15" level="65"/>
        <run start="666" length="13" level="63"/>
        <run start="666" length="12" level="74"/>
        <run start="666" length="10" level="82"/>
        <run start="666" length="9" level="91"/>
        <run start="666" length="8" level="102"/>
        <run start="666" length="7" level="116"/>
        <run start="666" length="6" level="135"/>
        <run start="666" length="5" level="161"/>
        <run start="666" length="4" level="193"/>
        <run start="666" length="3" level="200"/>
        <run start="666" length="1" level="200"/>
    </section>
    <section id="5358" first-pos="1519">
        <run start="689" length="4" level="56"/>
        <run start="689" length="5" level="79"/>
        <run start="689" length="5" level="52"/>
        <run start="689" length="5" level="50"/>
        <run start="689" length="6" level="63"/>
    </section>
    <section id="5383" first-pos="1524">
        <run start="684" length="13" level="106"/>
    </section>
    <section id="5385" first-pos="1525">
        <run start="683" length="19" level="75"/>
        <run start="682" length="20" level="80"/>
        <run start="682" length="20" level="73"/>
        <run start="681" length="21" level="67"/>
        <run start="680" length="22" level="59"/>
        <run start="680" length="22" level="48"/>
        <run start="679" length="23" level="53"/>
        <run start="678" length="24" level="53"/>
        <run start="677" length="25" level="51"/>
        <run start="676" length="26" level="49"/>
        <run start="675" length="27" level="46"/>
    </section>
    <section id="5367" first-pos="1520">
        <run start="699" length="2" level="210"/>
        <run start="699" length="2" level="121"/>
        <run start="698" length="3" level="118"/>
        <run start="698" length="3" level="73"/>
        <run start="698" length="4" level="96"/>
    </section>
    <section id="5419" first-pos="1536">
        <run start="675" length="8" level="78"/>
    </section>
    <section id="5420" first-pos="1536">
        <run start="684" length="18" level="51"/>
    </section>
    <section id="5424" first-pos="1537">
        <run start="689" length="13" level="42"/>
    </section>
    <section id="5432" first-pos="1538">
        <run start="690" length="6" level="72"/>
        <run start="690" length="5" level="60"/>
        <run start="690" length="5" level="79"/>
        <run start="690" length="5" level="82"/>
        <run start="690" length="5" level="71"/>
        <run start="690" length="5" level="87"/>
        <run start="691" length="3" level="141"/>
    </section>
    <section id="5433" first-pos="1538">
        <run start="697" length="5" level="56"/>
        <run start="697" length="5" level="76"/>
        <run start="698" length="4" level="59"/>
        <run start="697" length="5" level="87"/>
        <run start="698" length="4" level="59"/>
        <run start="698" length="4" level="131"/>
    </section>
</members></stick>
