<?xml version="1.0" encoding="UTF-8"?>
<stick id="787" interline="19" shape="TIME_FOUR">
    <is-within-system>true</is-within-system>
    <has-ledger>false</has-ledger>
    <stem-number>0</stem-number>
    <step-line>2.3376623376623376</step-line>
    <moments>
        <k>1.6454293628808865</k>
        <k>1.736842105263158</k>
        <k>1.894736842105263</k>
        <k>0.0842423982863164</k>
        <k>0.020239675643319237</k>
        <k>0.1560592071027516</k>
        <k>-7.318415726368772E-4</k>
        <k>0.01102974147171288</k>
        <k>0.005195613767282295</k>
        <k>-0.01945564421112528</k>
        <k>0.24030160538906797</k>
        <k>0.006796231909163484</k>
        <k>0.0030272626297093044</k>
        <k>9.092109917972699E-5</k>
        <k>1.9030752891544344E-8</k>
        <k>6.227628152165352E-7</k>
        <k>-4.373967395050641E-8</k>
        <k>1528.117845117845</k>
        <k>727.0673400673401</k>
    </moments><members>
    <section id="5325" first-pos="1513">
        <run start="733" length="4" level="153"/>
        <run start="731" length="6" level="72"/>
        <run start="729" length="9" level="66"/>
        <run start="727" length="11" level="59"/>
        <run start="726" length="12" level="38"/>
    </section>
    <section id="5353" first-pos="1518">
        <run start="721" length="17" level="72"/>
        <run start="719" length="19" level="97"/>
    </section>
    <section id="5345" first-pos="1516">
        <run start="724" length="1" level="200"/>
        <run start="723" length="2" level="200"/>
    </section>
    <section id="5368" first-pos="1520">
        <run start="714" length="17" level="127"/>
        <run start="711" length="18" level="102"/>
        <run start="709" length="19" level="82"/>
        <run start="708" length="18" level="58"/>
        <run start="708" length="17" level="50"/>
        <run start="709" length="15" level="33"/>
        <run start="709" length="14" level="22"/>
        <run start="709" length="13" level="30"/>
        <run start="709" length="12" level="48"/>
        <run start="709" length="11" level="44"/>
        <run start="709" length="10" level="50"/>
        <run start="709" length="8" level="44"/>
        <run start="709" length="7" level="51"/>
        <run start="709" length="6" level="58"/>
        <run start="709" length="5" level="70"/>
        <run start="709" length="4" level="115"/>
        <run start="709" length="2" level="176"/>
    </section>
    <section id="5369" first-pos="1520">
        <run start="733" length="5" level="86"/>
        <run start="734" length="4" level="86"/>
        <run start="733" length="5" level="90"/>
        <run start="733" length="5" level="55"/>
        <run start="733" length="5" level="71"/>
        <run start="733" length="5" level="87"/>
        <run start="733" length="5" level="68"/>
    </section>
    <section id="5392" first-pos="1527">
        <run start="724" length="20" level="145"/>
        <run start="724" length="20" level="77"/>
        <run start="724" length="20" level="51"/>
        <run start="724" length="20" level="51"/>
        <run start="724" length="20" level="51"/>
        <run start="724" length="20" level="51"/>
        <run start="721" length="23" level="70"/>
        <run start="720" length="24" level="69"/>
        <run start="719" length="25" level="66"/>
        <run start="719" length="25" level="61"/>
        <run start="719" length="25" level="125"/>
    </section>
    <section id="5434" first-pos="1538">
        <run start="733" length="5" level="58"/>
        <run start="733" length="5" level="87"/>
        <run start="733" length="5" level="91"/>
        <run start="733" length="5" level="86"/>
        <run start="733" length="5" level="92"/>
        <run start="734" length="4" level="63"/>
        <run start="734" length="4" level="69"/>
        <run start="734" length="4" level="171"/>
    </section>
    <section id="5435" first-pos="1538">
        <run start="740" length="4" level="196"/>
    </section>
</members></stick>
