<?xml version="1.0" encoding="UTF-8" standalone="yes"?>
<samples sheet-name="IMSLP00002#19">
    <sample shape="G_CLEF" interline="22" pitch="0.9" left="148" top="265" id="209">
        <run-table orientation="VERTICAL" width="58" height="155">
            <runs>0 87 12</runs>
            <runs>0 83 19</runs>
            <runs>0 78 26</runs>
            <runs>0 76 30</runs>
            <runs>0 72 35</runs>
            <runs>0 72 37</runs>
            <runs>0 71 39</runs>
            <runs>0 69 23 1 19</runs>
            <runs>0 67 22 14 10</runs>
            <runs>0 66 20 19 9</runs>
            <runs>0 65 19 23 11 21 7</runs>
            <runs>0 64 18 27 9 19 11</runs>
            <runs>0 63 18 29 8 17 15</runs>
            <runs>0 62 16 33 7 17 16</runs>
            <runs>0 61 16 35 6 16 18</runs>
            <runs>0 59 17 58 19</runs>
            <runs>0 59 16 16 8 34 20</runs>
            <runs>0 58 17 14 13 31 20</runs>
            <runs>0 57 18 12 18 28 21</runs>
            <runs>0 56 19 10 21 27 21</runs>
            <runs>0 31 2 4 3 15 16 13 13 2 8 26 21</runs>
            <runs>0 24 19 7 19 13 14 9 4 6 6 12 22</runs>
            <runs>0 20 29 1 18 13 11 15 3 6 5 12 22</runs>
            <runs>0 17 51 12 11 17 3 5 5 12 17 1 4</runs>
            <runs>0 15 52 13 10 20 2 4 5 13 15 2 4</runs>
            <runs>0 13 22 10 22 12 10 27 5 14 14 2 4</runs>
            <runs>0 11 21 16 27 3 10 28 5 15 12 3 4</runs>
            <runs>0 10 21 17 28 2 10 28 5 16 9 5 4</runs>
            <runs>0 8 17 22 40 28 6 18 5 7 4</runs>
            <runs>0 7 16 24 17 3 21 27 6 30 3</runs>
            <runs>0 5 15 26 16 10 24 19 6 29 4</runs>
            <runs>0 4 14 26 18 10 28 15 6 29 4</runs>
            <runs>0 3 14 26 18 15 29 10 5 29 5</runs>
            <runs>0 2 14 26 18 16 10 5 21 3 5 28 6</runs>
            <runs>0 1 14 26 17 18 10 7 31 23 6</runs>
            <runs>13 27 16 20 10 17 31 13 5</runs>
            <runs>0 1 12 25 17 21 9 21 30 1 2 3 10</runs>
            <runs>0 2 10 24 18 22 10 26 1 2 36</runs>
            <runs>0 3 9 22 19 23 10 29 35</runs>
            <runs>0 4 9 19 20 25 9 32 2 4 1 2 21</runs>
            <runs>0 6 9 12 22 28 9 32 1 9 3 1 14</runs>
            <runs>0 8 39 30 9 50 7</runs>
            <runs>0 11 32 34 9</runs>
            <runs>0 13 26 38 10</runs>
            <runs>0 16 20 42 9</runs>
            <runs>0 22 9 47 10 23 6</runs>
            <runs>0 79 10 21 7</runs>
            <runs>0 80 10 19 8</runs>
            <runs>0 81 15 12 9</runs>
            <runs>0 81 15 10 8</runs>
            <runs>0 82 15 6 10</runs>
            <runs>0 83 28</runs>
            <runs>0 84 26</runs>
            <runs>0 86 23</runs>
            <runs>0 89 18</runs>
            <runs>0 91 15</runs>
            <runs>0 93 8</runs>
            <runs>0 97 2</runs>
        </run-table>
    </sample>
    <sample shape="G_CLEF" interline="22" pitch="0.8" left="154" top="788" id="227">
        <run-table orientation="VERTICAL" width="57" height="157">
            <runs>0 87 14</runs>
            <runs>0 84 19</runs>
            <runs>0 79 26</runs>
            <runs>0 74 34</runs>
            <runs>0 75 34</runs>
            <runs>0 74 37</runs>
            <runs>0 72 40</runs>
            <runs>0 70 43</runs>
            <runs>0 69 46</runs>
            <runs>0 68 23 11 14 27 3</runs>
            <runs>0 67 20 18 15 20 8</runs>
            <runs>0 65 21 22 12 17 13</runs>
            <runs>0 64 20 26 10 16 16</runs>
            <runs>0 63 19 29 9 15 17</runs>
            <runs>0 62 18 32 8 15 18</runs>
            <runs>0 62 16 35 7 15 19</runs>
            <runs>0 60 18 16 7 13 7 13 21</runs>
            <runs>0 59 19 13 12 12 6 13 21</runs>
            <runs>0 58 19 10 20 27 21</runs>
            <runs>0 58 19 10 22 24 23</runs>
            <runs>0 58 15 13 24 23 23</runs>
            <runs>0 53 19 13 15 1 10 22 23</runs>
            <runs>0 30 8 15 18 13 15 6 7 22 22</runs>
            <runs>0 28 18 7 17 12 12 14 5 21 22</runs>
            <runs>0 23 47 11 11 18 3 22 22</runs>
            <runs>0 20 49 11 11 20 2 22 16 1 4</runs>
            <runs>0 17 54 9 10 45 15 2 5</runs>
            <runs>0 15 24 8 31 1 11 47 12 3 5</runs>
            <runs>0 14 21 15 40 48 9 5 5</runs>
            <runs>0 12 22 16 39 51 4 8 4</runs>
            <runs>0 11 17 21 16 7 18 2 1 59 4</runs>
            <runs>0 10 16 23 15 11 25 51 5</runs>
            <runs>0 9 15 24 14 13 30 46 5</runs>
            <runs>0 7 15 24 16 13 14 1 21 39 6</runs>
            <runs>0 6 15 24 16 14 13 6 29 26 6</runs>
            <runs>0 4 16 24 16 15 13 8 33 19 7</runs>
            <runs>0 3 15 25 15 17 13 20 27 11 8</runs>
            <runs>0 2 15 25 16 16 14 25 40</runs>
            <runs>0 2 14 25 16 17 14 29 35</runs>
            <runs>0 2 13 24 17 18 14 29 33</runs>
            <runs>0 2 13 21 19 19 14 41 20</runs>
            <runs>15 16 24 19 14 28 1 18 11</runs>
            <runs>0 6 12 12 22 22 14 28 1 24 1</runs>
            <runs>0 6 1 2 15 1 23 31 10 26 2</runs>
            <runs>0 6 1 4 35 34 9 25 6</runs>
            <runs>0 13 31 36 10 23 7</runs>
            <runs>0 17 22 41 11 21 8</runs>
            <runs>0 22 13 46 11 19 9</runs>
            <runs>0 82 11 17 6</runs>
            <runs>0 82 17 9 7</runs>
            <runs>0 83 16 5 11</runs>
            <runs>0 84 30</runs>
            <runs>0 86 26</runs>
            <runs>0 87 24</runs>
            <runs>0 89 20</runs>
            <runs>0 92 15</runs>
            <runs>0 94 9</runs>
        </run-table>
    </sample>
    <sample shape="G_CLEF" interline="22" pitch="0.7" left="155" top="985" id="231">
        <run-table orientation="VERTICAL" width="57" height="154">
            <runs>0 85 14</runs>
            <runs>0 78 23</runs>
            <runs>0 73 30</runs>
            <runs>0 73 33</runs>
            <runs>0 71 37</runs>
            <runs>0 70 40</runs>
            <runs>0 69 42</runs>
            <runs>0 68 43</runs>
            <runs>0 66 24 1 21</runs>
            <runs>0 64 23 7 19</runs>
            <runs>0 63 22 18 11 28 1</runs>
            <runs>0 62 21 23 9 22 11</runs>
            <runs>0 61 20 27 8 20 13</runs>
            <runs>0 60 19 30 10 16 15</runs>
            <runs>0 59 18 34 8 15 17</runs>
            <runs>0 58 18 35 8 14 18</runs>
            <runs>0 57 19 13 10 14 6 14 19</runs>
            <runs>0 55 21 11 15 11 6 14 19</runs>
            <runs>0 51 24 10 19 10 6 12 20</runs>
            <runs>0 51 20 12 24 7 6 12 21</runs>
            <runs>0 28 6 1 1 15 19 12 26 6 6 12 21</runs>
            <runs>0 25 17 9 18 12 17 2 9 23 22</runs>
            <runs>0 19 30 2 17 12 12 13 4 23 22</runs>
            <runs>0 18 49 11 12 16 5 21 22</runs>
            <runs>0 16 50 12 11 18 4 21 17 1 4</runs>
            <runs>0 15 51 11 11 21 3 21 15 3 3</runs>
            <runs>0 14 24 9 22 3 16 45 15 3 3</runs>
            <runs>0 12 20 15 40 48 12 4 3</runs>
            <runs>0 10 22 14 41 49 10 5 3</runs>
            <runs>0 9 15 21 43 51 5 7 3</runs>
            <runs>0 7 16 20 19 9 19 60 4</runs>
            <runs>0 6 14 23 17 12 29 49 4</runs>
            <runs>0 5 13 24 17 13 36 41 4</runs>
            <runs>0 4 13 24 17 14 13 4 24 36 4</runs>
            <runs>0 2 13 25 17 15 13 9 26 28 5</runs>
            <runs>0 1 14 24 17 16 13 16 24 21 6</runs>
            <runs>14 23 18 17 13 21 29 10 6</runs>
            <runs>13 23 18 18 13 23 43</runs>
            <runs>12 21 21 18 13 30 35</runs>
            <runs>0 1 10 17 26 19 12 30 34</runs>
            <runs>0 3 8 16 22 24 12 29 5 6 22</runs>
            <runs>0 4 10 1 1 1 1 5 24 25 13 29 5 13 14</runs>
            <runs>0 6 39 27 14 27 6 18 2</runs>
            <runs>0 8 34 31 13 26 7</runs>
            <runs>0 10 30 33 14 25 7</runs>
            <runs>0 14 1 2 19 41 11 23 5</runs>
            <runs>0 26 1 51 11 21 5</runs>
            <runs>0 78 12 20 5</runs>
            <runs>0 79 13 15 7</runs>
            <runs>0 80 18 6 9</runs>
            <runs>0 81 18 1 12</runs>
            <runs>0 82 29</runs>
            <runs>0 82 28</runs>
            <runs>0 85 23</runs>
            <runs>0 87 20</runs>
            <runs>0 89 16</runs>
            <runs>0 92 7</runs>
        </run-table>
    </sample>
    <sample shape="G_CLEF" interline="22" pitch="0.6" left="156" top="1281" id="233">
        <run-table orientation="VERTICAL" width="57" height="155">
            <runs>0 84 16</runs>
            <runs>0 82 20</runs>
            <runs>0 79 25</runs>
            <runs>0 73 33</runs>
            <runs>0 74 34</runs>
            <runs>0 73 36</runs>
            <runs>0 71 40</runs>
            <runs>0 70 23 7 12 28 5</runs>
            <runs>0 68 19 16 10 24 9</runs>
            <runs>0 67 18 19 10 21 13</runs>
            <runs>0 65 18 24 8 20 15</runs>
            <runs>0 64 17 28 10 15 17</runs>
            <runs>0 63 17 30 9 14 19</runs>
            <runs>0 62 17 32 8 14 19</runs>
            <runs>0 61 16 35 7 14 20</runs>
            <runs>0 61 15 37 6 13 21</runs>
            <runs>0 59 17 15 9 13 6 13 22</runs>
            <runs>0 58 18 12 17 9 2 16 22</runs>
            <runs>0 57 19 10 21 8 1 16 22</runs>
            <runs>0 57 19 9 23 24 22</runs>
            <runs>0 55 16 12 16 1 9 23 23</runs>
            <runs>0 51 19 12 12 11 5 23 16 2 4</runs>
            <runs>0 51 18 12 11 15 4 22 15 3 4</runs>
            <runs>0 28 6 17 17 12 10 19 2 23 14 3 4</runs>
            <runs>0 28 14 9 16 12 10 46 12 4 4</runs>
            <runs>0 27 40 12 9 48 9 6 4</runs>
            <runs>0 23 43 12 10 50 5 8 4</runs>
            <runs>0 21 45 12 9 64 4</runs>
            <runs>0 19 21 1 35 1 10 63 4</runs>
            <runs>0 18 16 14 39 63 4</runs>
            <runs>0 15 17 15 19 1 25 57 5</runs>
            <runs>0 13 19 15 16 9 32 45 5</runs>
            <runs>0 12 15 20 15 11 40 1 6 27 6</runs>
            <runs>0 11 16 18 16 12 13 4 1 4 27 2 1 20 7</runs>
            <runs>0 9 16 19 16 13 12 17 31 9 9</runs>
            <runs>0 8 14 21 16 14 12 26 39</runs>
            <runs>0 7 14 21 16 15 12 31 33</runs>
            <runs>0 5 14 22 17 15 13 30 32</runs>
            <runs>0 4 14 22 16 17 13 43 17</runs>
            <runs>0 3 14 22 16 22 9 52 5</runs>
            <runs>0 3 13 21 17 19 13 29 1</runs>
            <runs>0 1 14 21 18 19 14 28 1</runs>
            <runs>14 20 20 19 14 27 2</runs>
            <runs>13 15 21 24 15 25 3</runs>
            <runs>0 1 12 15 20 30 11 23 6</runs>
            <runs>0 3 11 13 19 32 11 22 7</runs>
            <runs>0 4 15 4 20 36 11 20 8</runs>
            <runs>0 7 34 39 11 17 7</runs>
            <runs>0 10 28 43 16 9 8</runs>
            <runs>0 13 21 48 16 5 10</runs>
            <runs>0 17 10 56 29</runs>
            <runs>0 25 1 57 28</runs>
            <runs>0 85 25</runs>
            <runs>0 86 22</runs>
            <runs>0 88 18</runs>
            <runs>0 89 14</runs>
            <runs>0 92 6</runs>
        </run-table>
    </sample>
    <sample shape="G_CLEF" interline="22" pitch="0.5" left="158" top="1471" id="238">
        <run-table orientation="VERTICAL" width="57" height="155">
            <runs>0 84 1 1 14</runs>
            <runs>0 80 22</runs>
            <runs>0 75 29</runs>
            <runs>0 75 31</runs>
            <runs>0 73 34</runs>
            <runs>0 72 37</runs>
            <runs>0 70 40</runs>
            <runs>0 69 42</runs>
            <runs>0 68 21 4 1 2 16</runs>
            <runs>0 66 21 16 10 27 3 1 2</runs>
            <runs>0 65 20 20 9 23 12</runs>
            <runs>0 63 20 24 7 21 14</runs>
            <runs>0 62 19 27 7 19 16</runs>
            <runs>0 62 18 29 7 17 18</runs>
            <runs>0 61 17 32 10 13 19</runs>
            <runs>0 60 18 33 9 12 21</runs>
            <runs>0 59 19 12 10 12 8 12 21</runs>
            <runs>0 58 20 10 15 10 7 12 21</runs>
            <runs>0 53 20 13 18 9 7 12 22</runs>
            <runs>0 53 19 13 21 8 6 12 22</runs>
            <runs>0 53 18 12 24 8 2 15 22</runs>
            <runs>0 53 17 12 12 5 2 1 6 7 2 15 22</runs>
            <runs>0 27 16 10 16 12 11 13 5 5 2 15 17 1 5</runs>
            <runs>0 23 27 2 16 12 11 16 4 5 1 16 15 2 4</runs>
            <runs>0 20 48 11 11 19 2 5 1 16 15 2 4</runs>
            <runs>0 17 50 8 14 21 1 5 1 17 13 4 3</runs>
            <runs>0 15 52 8 13 28 1 18 10 6 3</runs>
            <runs>0 14 22 13 23 3 13 28 1 19 8 7 3</runs>
            <runs>0 12 22 14 40 50 6 6 4</runs>
            <runs>0 11 19 17 41 61 5</runs>
            <runs>0 9 17 21 17 7 22 56 5</runs>
            <runs>0 9 14 23 16 13 27 47 5</runs>
            <runs>0 7 15 23 16 14 31 10 1 31 5</runs>
            <runs>0 6 14 24 17 14 11 2 1 3 19 4 2 30 5</runs>
            <runs>0 5 14 24 17 15 11 11 26 23 6</runs>
            <runs>0 4 14 24 16 17 11 18 27 13 7</runs>
            <runs>0 3 14 23 17 18 11 21 32 4 6</runs>
            <runs>0 1 14 24 18 18 11 25 1 1 35</runs>
            <runs>14 23 19 19 11 29 32</runs>
            <runs>0 1 12 23 20 19 11 29 6 5 19</runs>
            <runs>0 2 10 19 20 24 11 29 5 12 12</runs>
            <runs>0 4 9 17 19 26 12 27 6 19 2</runs>
            <runs>0 5 10 13 20 27 12 27 6</runs>
            <runs>0 8 38 29 12 26 7</runs>
            <runs>0 9 34 32 13 25 4</runs>
            <runs>0 12 29 34 14 23 4</runs>
            <runs>0 14 23 42 10 22 4</runs>
            <runs>0 23 12 44 12 18 5</runs>
            <runs>0 81 11 16 6</runs>
            <runs>0 81 14 11 7</runs>
            <runs>0 83 17 2 11</runs>
            <runs>0 84 27</runs>
            <runs>0 85 25</runs>
            <runs>0 87 22</runs>
            <runs>0 88 19</runs>
            <runs>0 91 13</runs>
            <runs>0 94 2</runs>
        </run-table>
    </sample>
    <sample shape="G_CLEF" interline="22" pitch="0.7" left="158" top="1768" id="246">
        <run-table orientation="VERTICAL" width="56" height="152">
            <runs>0 87 2</runs>
            <runs>0 80 18</runs>
            <runs>0 77 23</runs>
            <runs>0 71 31</runs>
            <runs>0 71 34</runs>
            <runs>0 70 37</runs>
            <runs>0 69 39</runs>
            <runs>0 68 41</runs>
            <runs>0 66 44</runs>
            <runs>0 64 22 12 13 26 7</runs>
            <runs>0 63 20 18 11 22 12</runs>
            <runs>0 62 19 22 9 20 15</runs>
            <runs>0 60 19 26 8 19 16</runs>
            <runs>0 60 18 29 7 17 18</runs>
            <runs>0 59 17 32 9 14 19</runs>
            <runs>0 58 16 36 7 13 20</runs>
            <runs>0 56 18 14 2 20 7 13 21</runs>
            <runs>0 55 19 11 14 12 6 13 22</runs>
            <runs>0 54 20 9 18 11 2 16 22</runs>
            <runs>0 54 19 9 21 9 2 16 22</runs>
            <runs>0 53 17 10 25 8 1 16 22</runs>
            <runs>0 50 18 11 27 7 1 16 22</runs>
            <runs>0 49 19 10 13 11 5 23 17 1 4</runs>
            <runs>0 23 7 5 1 13 19 9 11 15 5 22 16 2 4</runs>
            <runs>0 22 21 6 17 10 12 18 3 22 15 3 3</runs>
            <runs>0 20 45 6 16 45 13 4 3</runs>
            <runs>0 17 47 7 15 47 11 5 3</runs>
            <runs>0 12 27 1 26 3 1 1 15 48 7 8 3</runs>
            <runs>0 11 24 10 40 64 3</runs>
            <runs>0 10 21 14 40 63 4</runs>
            <runs>0 9 16 20 17 1 24 61 4</runs>
            <runs>0 7 16 21 16 6 31 3 1 46 5</runs>
            <runs>0 5 15 23 16 12 33 42 5</runs>
            <runs>0 3 15 24 17 12 40 35 4</runs>
            <runs>0 2 15 24 17 13 13 3 2 2 29 24 6</runs>
            <runs>0 1 14 25 16 15 13 9 39 10 7</runs>
            <runs>0 1 14 24 16 16 12 22 44</runs>
            <runs>13 25 16 17 12 30 34</runs>
            <runs>12 24 17 18 12 30 6 2 24</runs>
            <runs>12 24 16 19 13 28 6 8 18</runs>
            <runs>10 24 18 19 13 28 6 15 8</runs>
            <runs>10 21 17 23 13 27 7</runs>
            <runs>9 18 20 24 13 27 6</runs>
            <runs>0 1 10 15 19 26 13 26 7</runs>
            <runs>0 3 9 12 19 28 14 25 7</runs>
            <runs>0 6 36 33 10 24 4</runs>
            <runs>0 8 30 38 10 22 5</runs>
            <runs>0 11 2 1 21 41 12 17 7</runs>
            <runs>0 18 14 45 13 14 8</runs>
            <runs>0 78 18 6 9</runs>
            <runs>0 79 17 1 13</runs>
            <runs>0 80 29</runs>
            <runs>0 81 26</runs>
            <runs>0 83 23</runs>
            <runs>0 85 20</runs>
            <runs>0 87 15</runs>
        </run-table>
    </sample>
    <sample shape="G_CLEF" interline="22" pitch="0.8" left="159" top="1995" id="251">
        <run-table orientation="VERTICAL" width="57" height="154">
            <runs>0 86 12</runs>
            <runs>0 82 19</runs>
            <runs>0 82 22</runs>
            <runs>0 79 27</runs>
            <runs>0 72 35</runs>
            <runs>0 72 37</runs>
            <runs>0 71 39</runs>
            <runs>0 69 43</runs>
            <runs>0 68 44 26 5</runs>
            <runs>0 67 23 9 14 23 11</runs>
            <runs>0 65 21 18 14 16 14</runs>
            <runs>0 65 18 23 12 15 16</runs>
            <runs>0 64 18 26 10 15 17</runs>
            <runs>0 62 20 27 9 14 19</runs>
            <runs>0 61 19 31 7 14 19</runs>
            <runs>0 60 19 32 7 13 21</runs>
            <runs>0 59 19 12 9 13 6 13 21</runs>
            <runs>0 59 17 12 14 11 5 13 22</runs>
            <runs>0 58 17 12 18 8 6 12 22</runs>
            <runs>0 57 18 9 22 8 5 12 22</runs>
            <runs>0 56 19 8 25 6 6 11 22</runs>
            <runs>0 55 19 8 27 6 5 12 22</runs>
            <runs>0 55 15 12 14 9 5 5 7 10 22</runs>
            <runs>0 54 15 12 10 15 4 5 6 11 16 1 5</runs>
            <runs>0 50 18 12 10 18 3 22 14 3 4</runs>
            <runs>0 32 2 2 3 11 18 11 10 21 1 23 12 4 3</runs>
            <runs>0 25 19 6 17 11 7 1 2 47 9 6 3</runs>
            <runs>0 23 43 12 10 50 4 8 3</runs>
            <runs>0 17 49 11 10 62 4</runs>
            <runs>0 15 55 7 10 62 4</runs>
            <runs>0 14 21 11 42 60 5</runs>
            <runs>0 13 19 15 51 50 5</runs>
            <runs>0 12 19 15 16 3 41 41 6</runs>
            <runs>0 10 21 15 15 10 49 1 1 4 1 19 6</runs>
            <runs>0 9 16 20 16 11 14 5 40 14 6</runs>
            <runs>0 7 16 21 16 16 10 14 34 4 12</runs>
            <runs>0 6 15 22 16 13 13 23 41</runs>
            <runs>0 5 14 22 17 14 13 29 34</runs>
            <runs>0 4 13 24 16 15 13 30 6 2 24</runs>
            <runs>0 2 14 23 17 16 14 41 2 1 14</runs>
            <runs>0 2 13 23 17 21 10 51 5</runs>
            <runs>0 1 13 23 17 22 10</runs>
            <runs>0 1 12 23 17 23 10</runs>
            <runs>13 21 18 24 11</runs>
            <runs>0 1 11 16 21 27 11 25 6</runs>
            <runs>0 2 10 15 20 30 11 24 6</runs>
            <runs>0 4 11 12 18 33 11 21 8</runs>
            <runs>0 7 36 35 12 19 9</runs>
            <runs>0 9 32 38 11 17 7</runs>
            <runs>0 12 25 43 16 10 8</runs>
            <runs>0 16 17 48 15 7 10</runs>
            <runs>0 81 1 1 29</runs>
            <runs>0 83 28</runs>
            <runs>0 85 24</runs>
            <runs>0 86 21</runs>
            <runs>0 88 17</runs>
            <runs>0 91 11</runs>
        </run-table>
    </sample>
    <sample shape="G_CLEF" interline="22" pitch="0.7" left="159" top="2338" id="256">
        <run-table orientation="VERTICAL" width="57" height="155">
            <runs>0 89 4</runs>
            <runs>0 87 13</runs>
            <runs>0 80 23</runs>
            <runs>0 74 31</runs>
            <runs>0 74 32</runs>
            <runs>0 73 34</runs>
            <runs>0 72 36</runs>
            <runs>0 70 40</runs>
            <runs>0 69 42</runs>
            <runs>0 67 22 14 10 25 7</runs>
            <runs>0 66 19 19 9 24 10</runs>
            <runs>0 65 18 24 7 21 14</runs>
            <runs>0 64 17 27 7 19 16</runs>
            <runs>0 63 17 29 7 17 18</runs>
            <runs>0 62 16 32 11 12 19</runs>
            <runs>0 61 16 34 9 12 20</runs>
            <runs>0 60 17 13 3 19 9 11 21</runs>
            <runs>0 59 17 12 12 13 8 11 21</runs>
            <runs>0 58 18 10 15 1 2 10 6 12 21</runs>
            <runs>0 57 15 13 21 8 6 12 21</runs>
            <runs>0 56 15 13 23 25 22</runs>
            <runs>0 52 18 12 17 3 6 24 22</runs>
            <runs>0 52 17 12 17 7 4 23 17 1 5</runs>
            <runs>0 52 17 11 11 16 4 22 16 2 4</runs>
            <runs>0 52 16 11 11 18 4 21 15 3 3</runs>
            <runs>0 33 7 12 15 11 11 20 3 22 13 4 3</runs>
            <runs>0 25 21 1 20 10 11 47 10 6 3</runs>
            <runs>0 22 45 6 15 48 8 7 3</runs>
            <runs>0 19 50 4 15 62 4</runs>
            <runs>0 17 30 1 39 63 4</runs>
            <runs>0 14 23 11 41 60 5</runs>
            <runs>0 12 21 14 16 3 32 51 5</runs>
            <runs>0 11 21 15 15 10 33 44 4</runs>
            <runs>0 9 16 21 15 12 40 1 6 27 6</runs>
            <runs>0 8 15 22 15 13 13 4 34 22 6</runs>
            <runs>0 6 15 23 15 14 13 9 37 12 8</runs>
            <runs>0 5 14 24 15 16 11 18 48</runs>
            <runs>0 5 13 24 15 17 11 28 37</runs>
            <runs>0 3 13 25 15 17 13 29 33</runs>
            <runs>0 2 13 25 15 19 12 29 5 6 20</runs>
            <runs>14 25 15 20 12 29 5 13 11</runs>
            <runs>13 24 17 20 12 28 6</runs>
            <runs>12 24 18 20 13 27 6</runs>
            <runs>12 17 20 25 13 26 7</runs>
            <runs>0 1 11 17 18 27 13 25 7</runs>
            <runs>0 3 10 15 19 27 14 23 9</runs>
            <runs>0 6 9 7 1 1 1 2 19 32 11 21 10</runs>
            <runs>0 9 34 36 12 18 6</runs>
            <runs>0 11 29 39 14 15 7</runs>
            <runs>0 15 21 44 13 12 9</runs>
            <runs>0 21 12 48 18 4 9</runs>
            <runs>0 82 30</runs>
            <runs>0 84 27</runs>
            <runs>0 85 25</runs>
            <runs>0 86 22</runs>
            <runs>0 88 18</runs>
            <runs>0 91 12</runs>
        </run-table>
    </sample>
    <sample shape="G_CLEF" interline="22" pitch="0.5" left="158" top="2910" id="306">
        <run-table orientation="VERTICAL" width="57" height="156">
            <runs>0 90 11</runs>
            <runs>0 89 12</runs>
            <runs>0 83 21</runs>
            <runs>0 81 25</runs>
            <runs>0 75 33</runs>
            <runs>0 75 34</runs>
            <runs>0 74 36</runs>
            <runs>0 72 39</runs>
            <runs>0 71 42</runs>
            <runs>0 70 21 5 18 25 7</runs>
            <runs>0 68 22 13 12 22 12</runs>
            <runs>0 67 20 19 9 20 15</runs>
            <runs>0 66 19 24 7 19 16</runs>
            <runs>0 65 19 27 6 17 18</runs>
            <runs>0 63 20 29 6 16 19</runs>
            <runs>0 62 19 32 8 12 20</runs>
            <runs>0 61 18 14 8 13 7 12 21</runs>
            <runs>0 60 19 11 11 13 7 12 21</runs>
            <runs>0 59 20 11 15 10 6 12 22</runs>
            <runs>0 58 20 10 18 9 6 12 22</runs>
            <runs>0 57 21 8 23 7 2 15 22</runs>
            <runs>0 53 20 11 25 8 1 15 22</runs>
            <runs>0 53 19 11 18 4 5 7 1 15 17 1 5</runs>
            <runs>0 25 1 28 17 12 10 14 4 6 1 15 17 2 4</runs>
            <runs>0 25 1 28 16 11 10 19 2 22 15 3 4</runs>
            <runs>0 25 1 3 14 11 15 11 11 20 1 23 13 3 5</runs>
            <runs>0 24 24 5 16 6 15 46 11 4 5</runs>
            <runs>0 21 47 7 15 47 9 5 5</runs>
            <runs>0 13 2 4 49 7 14 51 3 8 5</runs>
            <runs>0 14 58 3 14 62 5</runs>
            <runs>0 13 23 13 40 1 1 60 4</runs>
            <runs>0 12 22 14 53 49 5</runs>
            <runs>0 11 23 13 17 3 40 42 7</runs>
            <runs>0 9 16 22 16 10 49 27 6</runs>
            <runs>0 8 16 22 16 13 48 24 7</runs>
            <runs>0 7 15 23 16 14 15 6 39 9 9</runs>
            <runs>0 6 14 24 16 15 12 18 47</runs>
            <runs>0 5 14 23 17 16 12 27 37</runs>
            <runs>0 4 14 24 16 17 12 30 33</runs>
            <runs>0 3 13 25 16 18 12 29 7 6 19</runs>
            <runs>0 1 14 25 17 18 12 29 6 10 13</runs>
            <runs>14 25 17 19 13 27 7</runs>
            <runs>14 22 20 19 13 27 7</runs>
            <runs>0 1 12 17 21 24 13 26 8</runs>
            <runs>0 1 11 13 2 3 19 26 13 26 8</runs>
            <runs>0 2 11 12 2 2 19 27 14 24 8</runs>
            <runs>0 4 13 6 23 29 14 1 1 21 5</runs>
            <runs>0 7 37 31 17 19 6</runs>
            <runs>0 10 32 38 13 15 8</runs>
            <runs>0 13 25 43 14 12 8</runs>
            <runs>0 18 17 46 20 3 10</runs>
            <runs>0 25 2 54 32</runs>
            <runs>0 83 30</runs>
            <runs>0 84 27</runs>
            <runs>0 86 24</runs>
            <runs>0 87 19</runs>
            <runs>0 93 11</runs>
        </run-table>
    </sample>
    <sample shape="F_CLEF" interline="22" pitch="-1.5" left="160" top="2611" id="273">
        <run-table orientation="VERTICAL" width="61" height="71">
            <runs>0 64 6</runs>
            <runs>0 64 6</runs>
            <runs>0 64 7</runs>
            <runs>0 15 10 39 6</runs>
            <runs>0 12 14 38 6</runs>
            <runs>0 10 16 37 7</runs>
            <runs>0 8 19 36 6</runs>
            <runs>0 7 6 6 9 35 7</runs>
            <runs>0 6 5 8 11 32 8</runs>
            <runs>0 5 4 9 12 32 8</runs>
            <runs>8 10 12 32 3</runs>
            <runs>7 10 13 31 4</runs>
            <runs>6 11 13 31 4</runs>
            <runs>6 10 14 30 5</runs>
            <runs>0 16 15 29 5</runs>
            <runs>0 16 15 28 5</runs>
            <runs>0 16 14 29 5</runs>
            <runs>0 16 14 28 5</runs>
            <runs>0 17 12 28 6</runs>
            <runs>0 18 11 28 5</runs>
            <runs>0 19 9 28 6</runs>
            <runs>0 19 8 28 7</runs>
            <runs>0 55 7</runs>
            <runs>0 54 7</runs>
            <runs>0 53 7</runs>
            <runs>0 52 7</runs>
            <runs>0 51 8</runs>
            <runs>0 49 9</runs>
            <runs>6 39 13</runs>
            <runs>6 39 12</runs>
            <runs>7 38 11</runs>
            <runs>7 37 11</runs>
            <runs>9 34 12</runs>
            <runs>10 30 14</runs>
            <runs>11 27 15</runs>
            <runs>14 23 15</runs>
            <runs>16 14 21</runs>
            <runs>50</runs>
            <runs>49</runs>
            <runs>0 5 44</runs>
            <runs>0 5 43</runs>
            <runs>0 5 42</runs>
            <runs>0 6 42</runs>
            <runs>0 8 40</runs>
            <runs>0 10 32</runs>
            <runs>0 10 30</runs>
            <runs>0 12 25</runs>
            <runs>0 13 22</runs>
            <runs>0 18 15</runs>
            <runs>0 28 2</runs>
            <runs></runs>
            <runs>0 10 5</runs>
            <runs>0 9 7 15 3</runs>
            <runs>0 9 8 12 7</runs>
            <runs>0 8 9 11 8</runs>
            <runs>0 8 9 11 9</runs>
            <runs>0 8 9 11 9</runs>
            <runs>0 8 9 11 9</runs>
            <runs>0 9 7 12 9</runs>
            <runs>0 10 5 14 8</runs>
            <runs>0 11 3 16 6</runs>
        </run-table>
    </sample>
    <sample shape="F_CLEF" interline="22" pitch="-1.4" left="159" top="3172" id="329">
        <run-table orientation="VERTICAL" width="60" height="71">
            <runs>0 64 6</runs>
            <runs>0 17 4 43 6</runs>
            <runs>0 15 12 36 7</runs>
            <runs>0 10 17 36 7</runs>
            <runs>0 9 18 36 7</runs>
            <runs>0 1 11 4 12 34 8</runs>
            <runs>0 1 10 8 10 32 9</runs>
            <runs>0 1 9 9 10 32 9</runs>
            <runs>0 1 6 11 13 30 9</runs>
            <runs>0 17 14 29 10</runs>
            <runs>0 16 15 28 11</runs>
            <runs>0 16 15 27 12</runs>
            <runs>0 15 16 27 12</runs>
            <runs>0 15 16 26 14</runs>
            <runs>0 15 16 26 14</runs>
            <runs>0 15 16 26 8</runs>
            <runs>0 15 15 24 9</runs>
            <runs>0 16 13 25 9</runs>
            <runs>0 16 12 26 8</runs>
            <runs>0 16 12 27 6</runs>
            <runs>0 17 10 27 7</runs>
            <runs>0 19 7 28 7</runs>
            <runs>0 52 8</runs>
            <runs>0 51 9</runs>
            <runs>0 50 9</runs>
            <runs>6 43 9</runs>
            <runs>6 38 14</runs>
            <runs>7 37 13</runs>
            <runs>7 37 13</runs>
            <runs>8 36 12</runs>
            <runs>10 33 12</runs>
            <runs>11 31 12</runs>
            <runs>0 1 11 27 15</runs>
            <runs>0 1 12 25 15</runs>
            <runs>0 1 15 21 15</runs>
            <runs>0 1 20 12 18</runs>
            <runs>0 1 49</runs>
            <runs>0 5 44</runs>
            <runs>0 5 43</runs>
            <runs>0 6 42</runs>
            <runs>0 7 41</runs>
            <runs>0 8 40</runs>
            <runs>0 9 39</runs>
            <runs>0 9 33</runs>
            <runs>0 13 28</runs>
            <runs>0 16 24</runs>
            <runs>0 18 20</runs>
            <runs>0 21 13</runs>
            <runs>0 31 3</runs>
            <runs>0 12 3</runs>
            <runs>0 11 6 15 3</runs>
            <runs>0 10 8 12 7</runs>
            <runs>0 10 8 4 16</runs>
            <runs>0 10 8 4 6 1 10</runs>
            <runs>0 10 8 11 10</runs>
            <runs>0 10 8 11 10</runs>
            <runs>0 10 7 12 10</runs>
            <runs>0 10 7 13 8</runs>
            <runs>0 13 1 17 6</runs>
            <runs>0 32 4</runs>
        </run-table>
    </sample>
    <sample shape="SHARP" interline="22" pitch="-4.9" left="223" top="1268" id="240">
        <run-table orientation="VERTICAL" width="25" height="66">
            <runs>0 23 4 15 8</runs>
            <runs>0 22 7 13 9</runs>
            <runs>0 21 9 12 9</runs>
            <runs>0 21 9 11 9</runs>
            <runs>0 20 9 11 10</runs>
            <runs>0 7 6 4 13 10 20 1 3</runs>
            <runs>0 7 59</runs>
            <runs>0 9 2 6 49</runs>
            <runs>0 18 10 9 12 4 3 4 2</runs>
            <runs>0 18 9 13 8</runs>
            <runs>0 18 8 14 7</runs>
            <runs>0 17 9 13 8</runs>
            <runs>0 17 8 14 8</runs>
            <runs>0 17 8 13 8</runs>
            <runs>0 16 8 14 8</runs>
            <runs>0 15 9 13 9</runs>
            <runs>0 2 2 2 2 6 10 12 11</runs>
            <runs>57</runs>
            <runs>7 2 1 1 47</runs>
            <runs>0 12 16 1 16 10 2</runs>
            <runs>0 12 10 12 11</runs>
            <runs>0 12 9 13 11</runs>
            <runs>0 12 9 13 12</runs>
            <runs>0 13 8 14 11</runs>
            <runs>0 37 1</runs>
        </run-table>
    </sample>
    <sample shape="SHARP" interline="22" pitch="2.9" left="236" top="1839" id="253">
        <run-table orientation="VERTICAL" width="23" height="67">
            <runs>0 22 9 12 9</runs>
            <runs>0 21 10 12 10</runs>
            <runs>0 22 9 12 9</runs>
            <runs>0 22 9 12 9</runs>
            <runs>0 21 10 11 10</runs>
            <runs>0 8 52 2 4</runs>
            <runs>0 9 58</runs>
            <runs>0 9 6 1 3 1 10 11 25</runs>
            <runs>0 21 9 12 9</runs>
            <runs>0 20 9 13 9</runs>
            <runs>0 20 8 14 8</runs>
            <runs>0 20 8 14 8</runs>
            <runs>0 19 9 13 8</runs>
            <runs>0 18 9 14 8</runs>
            <runs>0 18 9 13 9</runs>
            <runs>0 18 9 13 8</runs>
            <runs>13 2 19 4 11 1 7 1 2</runs>
            <runs>61</runs>
            <runs>61</runs>
            <runs>0 15 10 12 10</runs>
            <runs>0 15 10 12 10</runs>
            <runs>0 15 10 12 10</runs>
            <runs>0 15 9 13 10</runs>
        </run-table>
    </sample>
    <sample shape="SHARP" interline="22" pitch="-3.8" left="231" top="2338" id="289">
        <run-table orientation="VERTICAL" width="24" height="65">
            <runs>0 23 2 22 7</runs>
            <runs>0 22 10 12 10</runs>
            <runs>0 22 10 11 11</runs>
            <runs>0 22 10 11 11</runs>
            <runs>0 21 11 9 14</runs>
            <runs>0 6 28 2 1 3 24</runs>
            <runs>0 6 58</runs>
            <runs>0 8 5 4 34 1 13</runs>
            <runs>0 20 8 13 8</runs>
            <runs>0 20 8 13 8</runs>
            <runs>0 19 8 14 8</runs>
            <runs>0 19 8 13 8</runs>
            <runs>0 18 8 14 7</runs>
            <runs>0 18 7 14 8</runs>
            <runs>0 17 8 14 8</runs>
            <runs>0 16 9 13 8</runs>
            <runs>0 1 2 1 7 2 12 13 8 1 1 1 9</runs>
            <runs>59</runs>
            <runs>0 1 46 1 11</runs>
            <runs>0 13 12 10 11</runs>
            <runs>0 14 9 13 8</runs>
            <runs>0 13 10 12 9</runs>
            <runs>0 13 9 13 8</runs>
            <runs>0 14 7 15 6</runs>
        </run-table>
    </sample>
    <sample shape="SHARP" interline="22" pitch="-1.1" left="253" top="2367" id="290">
        <run-table orientation="VERTICAL" width="25" height="70">
            <runs>0 28 1</runs>
            <runs>0 23 9</runs>
            <runs>0 23 9 13 8</runs>
            <runs>0 23 8 14 8</runs>
            <runs>0 23 8 13 8</runs>
            <runs>0 18 15 10 9</runs>
            <runs>0 8 45 4 1</runs>
            <runs>0 8 62</runs>
            <runs>0 21 9 11 10 1 1 4 13</runs>
            <runs>0 20 9 13 8</runs>
            <runs>0 20 8 14 8</runs>
            <runs>0 19 9 13 9</runs>
            <runs>0 19 8 14 8</runs>
            <runs>0 18 9 13 9</runs>
            <runs>0 18 8 14 9</runs>
            <runs>0 18 8 13 9</runs>
            <runs>0 17 9 12 10</runs>
            <runs>10 1 1 3 36</runs>
            <runs>56 1 3</runs>
            <runs>6 1 23 4 25</runs>
            <runs>0 15 10 11 12</runs>
            <runs>0 15 10 11 12</runs>
            <runs>0 14 11 11 12</runs>
            <runs>0 14 4 18 11</runs>
            <runs>0 15 3 22 1</runs>
        </run-table>
    </sample>
    <sample shape="SHARP" interline="22" pitch="-4.9" left="279" top="2325" id="291">
        <run-table orientation="VERTICAL" width="23" height="67">
            <runs>0 23 7 12 9</runs>
            <runs>0 22 8 12 9</runs>
            <runs>0 22 8 12 9</runs>
            <runs>0 21 8 13 9</runs>
            <runs>0 8 1 1 20 2 5 5 9 1 1 7 7</runs>
            <runs>0 7 60</runs>
            <runs>0 7 60</runs>
            <runs>0 19 9 10 15 2 2 1 2</runs>
            <runs>0 19 9 13 8</runs>
            <runs>0 18 9 13 8</runs>
            <runs>0 18 9 13 8</runs>
            <runs>0 18 8 13 8</runs>
            <runs>0 17 9 13 8</runs>
            <runs>0 16 9 13 9</runs>
            <runs>0 16 9 13 8</runs>
            <runs>0 9 1 4 11 1 1 9 10</runs>
            <runs>46 1 12</runs>
            <runs>59</runs>
            <runs>0 1 3 2 1 2 16 6 2 2 11 3 9</runs>
            <runs>0 13 10 12 10</runs>
            <runs>0 13 10 12 11</runs>
            <runs>0 13 9 13 10</runs>
            <runs>0 13 8 14 10</runs>
        </run-table>
    </sample>
    <sample shape="SHARP" interline="22" pitch="-1.8" left="232" top="2604" id="295">
        <run-table orientation="VERTICAL" width="24" height="66">
            <runs>0 23 9 14 2 1 2</runs>
            <runs>0 23 9 12 10</runs>
            <runs>0 22 10 11 12</runs>
            <runs>0 21 11 11 12</runs>
            <runs>0 12 2 3 15 11 12</runs>
            <runs>0 7 59</runs>
            <runs>0 7 39 1 19</runs>
            <runs>0 14 1 4 10 10 2 1 23</runs>
            <runs>0 20 9 13 8</runs>
            <runs>0 20 8 14 8</runs>
            <runs>0 19 9 13 8</runs>
            <runs>0 19 8 13 9</runs>
            <runs>0 18 9 13 9</runs>
            <runs>0 18 9 12 9</runs>
            <runs>0 17 9 13 9</runs>
            <runs>0 1 12 2 11 12 10</runs>
            <runs>0 1 54 3 1</runs>
            <runs>60</runs>
            <runs>0 1 59</runs>
            <runs>0 15 9 11 11</runs>
            <runs>0 14 9 13 9</runs>
            <runs>0 14 9 13 9</runs>
            <runs>0 14 9 13 8</runs>
            <runs>0 18 3 17 3</runs>
        </run-table>
    </sample>
    <sample shape="SHARP" interline="22" pitch="0.9" left="258" top="2633" id="296">
        <run-table orientation="VERTICAL" width="24" height="69">
            <runs>0 22 9 13 8</runs>
            <runs>0 22 9 13 8</runs>
            <runs>0 22 9 12 9</runs>
            <runs>0 22 9 12 9</runs>
            <runs>0 9 3 1 4 1 13 12 9 7 10</runs>
            <runs>0 8 61</runs>
            <runs>0 8 61</runs>
            <runs>0 8 2 5 1 2 13 2 2 4 20</runs>
            <runs>0 19 10 12 9</runs>
            <runs>0 19 9 12 9</runs>
            <runs>0 19 8 13 9</runs>
            <runs>0 18 9 13 8</runs>
            <runs>0 18 8 13 9</runs>
            <runs>0 17 9 13 9</runs>
            <runs>0 16 10 12 9</runs>
            <runs>0 16 10 11 10</runs>
            <runs>50 5 3</runs>
            <runs>59</runs>
            <runs>59</runs>
            <runs>0 14 12 3 1 5 12 8 1</runs>
            <runs>0 14 11 11 11</runs>
            <runs>0 14 11 10 12</runs>
            <runs>0 14 11 10 12</runs>
            <runs>0 15 5 16 11</runs>
        </run-table>
    </sample>
    <sample shape="SHARP" interline="22" pitch="-3.2" left="282" top="2589" id="297">
        <run-table orientation="VERTICAL" width="24" height="70">
            <runs>0 22 6 16 7</runs>
            <runs>0 22 8 14 8</runs>
            <runs>0 22 8 13 9</runs>
            <runs>0 21 9 13 9</runs>
            <runs>0 8 1 2 1 9 9 12 10</runs>
            <runs>0 7 56</runs>
            <runs>0 7 63</runs>
            <runs>0 12 57</runs>
            <runs>0 19 10 12 9</runs>
            <runs>0 19 9 13 8</runs>
            <runs>0 18 9 14 8</runs>
            <runs>0 18 9 13 8</runs>
            <runs>0 17 9 14 7</runs>
            <runs>0 17 9 13 8</runs>
            <runs>0 17 8 14 8</runs>
            <runs>0 16 9 13 9</runs>
            <runs>0 1 26 8 15 8 1</runs>
            <runs>59</runs>
            <runs>59</runs>
            <runs>0 1 2 10 13 9 12</runs>
            <runs>0 13 12 10 12</runs>
            <runs>0 13 12 11 11</runs>
            <runs>0 13 12 10 11</runs>
            <runs>0 14 11 12 1</runs>
        </run-table>
    </sample>
    <sample shape="SHARP" interline="22" pitch="-3.9" left="229" top="2910" id="387">
        <run-table orientation="VERTICAL" width="24" height="65">
            <runs>0 22 12 10 7</runs>
            <runs>0 22 12 9 9</runs>
            <runs>0 22 12 9 8</runs>
            <runs>0 21 13 8 9</runs>
            <runs>0 7 1 12 14 8 15</runs>
            <runs>0 6 59</runs>
            <runs>0 7 58</runs>
            <runs>0 16 1 2 18 2 20 1 5</runs>
            <runs>0 19 9 13 9</runs>
            <runs>0 19 9 13 8</runs>
            <runs>0 19 8 14 8</runs>
            <runs>0 18 9 13 9</runs>
            <runs>0 18 8 8 1 5 8</runs>
            <runs>0 17 9 8 1 4 9</runs>
            <runs>0 17 8 9 1 4 8</runs>
            <runs>0 16 9 9 2 2 8</runs>
            <runs>0 1 3 2 23 1 30</runs>
            <runs>60</runs>
            <runs>0 1 28 1 16 6 7</runs>
            <runs>0 14 10 7 14</runs>
            <runs>0 14 9 8 13</runs>
            <runs>0 14 8 9 13</runs>
            <runs>0 13 9 9 12</runs>
            <runs>0 16 1</runs>
        </run-table>
    </sample>
    <sample shape="SHARP" interline="22" pitch="-1.0" left="254" top="2941" id="388">
        <run-table orientation="VERTICAL" width="24" height="70">
            <runs>0 23 9 13 8</runs>
            <runs>0 23 9 13 9</runs>
            <runs>0 23 9 13 8</runs>
            <runs>0 23 9 13 8</runs>
            <runs>0 10 1 2 7 2 10 12 9 6 5</runs>
            <runs>0 9 31 2 28</runs>
            <runs>0 9 61</runs>
            <runs>0 20 11 9 19 6 2</runs>
            <runs>0 21 9 12 9</runs>
            <runs>0 20 9 13 9</runs>
            <runs>0 20 8 14 8</runs>
            <runs>0 20 8 13 9</runs>
            <runs>0 19 9 13 8</runs>
            <runs>0 19 8 13 8</runs>
            <runs>0 3 1 14 9 13 8</runs>
            <runs>0 3 2 13 8 14 9</runs>
            <runs>30 2 2 4 12 9 1</runs>
            <runs>60</runs>
            <runs>9 2 48</runs>
            <runs>0 15 11 11 12</runs>
            <runs>0 15 10 12 11</runs>
            <runs>0 15 10 12 11</runs>
            <runs>0 15 11 11 11</runs>
            <runs>0 39 2 2 2</runs>
        </run-table>
    </sample>
    <sample shape="SHARP" interline="22" pitch="-5.0" left="277" top="2899" id="389">
        <run-table orientation="VERTICAL" width="24" height="68">
            <runs>0 23 6</runs>
            <runs>0 22 8 12 10</runs>
            <runs>0 21 9 12 10</runs>
            <runs>0 21 9 12 10</runs>
            <runs>0 9 2 8 11 11 10</runs>
            <runs>0 7 23 10 21</runs>
            <runs>0 6 62</runs>
            <runs>0 6 61</runs>
            <runs>0 13 2 3 10 11 11 3 15</runs>
            <runs>0 18 9 13 9 9 1</runs>
            <runs>0 17 10 13 9</runs>
            <runs>0 17 9 13 10</runs>
            <runs>0 17 9 13 9</runs>
            <runs>0 16 10 13 8</runs>
            <runs>0 16 9 13 9</runs>
            <runs>0 15 10 12 10</runs>
            <runs>0 1 1 1 1 2 19 12 10</runs>
            <runs>30 1 27</runs>
            <runs>59</runs>
            <runs>0 1 1 9 13 2 4 3 15 5 1 1 3</runs>
            <runs>0 13 10 12 10</runs>
            <runs>0 13 9 13 10</runs>
            <runs>0 13 9 13 10</runs>
            <runs>0 13 8 15 9</runs>
        </run-table>
    </sample>
    <sample shape="SHARP" interline="22" pitch="-1.8" left="229" top="3169" id="393">
        <run-table orientation="VERTICAL" width="25" height="61">
            <runs>0 20 9 11 1 3 1</runs>
            <runs>0 17 11 10 13</runs>
            <runs>0 17 11 9 14</runs>
            <runs>0 16 13 8 14</runs>
            <runs>0 17 12 8 15</runs>
            <runs>0 12 18 2 1 4 23</runs>
            <runs>0 3 58</runs>
            <runs>0 3 57</runs>
            <runs>0 14 10 12 16</runs>
            <runs>0 14 9 12 10</runs>
            <runs>0 14 9 12 9</runs>
            <runs>0 14 8 13 9</runs>
            <runs>0 13 9 12 9</runs>
            <runs>0 13 8 13 8</runs>
            <runs>0 12 9 13 8</runs>
            <runs>0 12 9 12 9</runs>
            <runs>0 11 10 4 18 2 1</runs>
            <runs>0 1 54</runs>
            <runs>55</runs>
            <runs>0 4 16 1 2 2 19 3 7</runs>
            <runs>0 4 15 12 9</runs>
            <runs>0 9 10 12 9</runs>
            <runs>0 9 10 12 8</runs>
            <runs>0 11 7 13 7</runs>
            <runs>0 15 1</runs>
        </run-table>
    </sample>
    <sample shape="SHARP" interline="22" pitch="0.9" left="255" top="3195" id="394">
        <run-table orientation="VERTICAL" width="24" height="69">
            <runs>0 22 7</runs>
            <runs>0 22 9 13 7</runs>
            <runs>0 22 9 13 8</runs>
            <runs>0 22 9 13 8</runs>
            <runs>0 22 9 12 9</runs>
            <runs>0 9 10 1 17 4 11</runs>
            <runs>0 8 50 4 7</runs>
            <runs>0 12 1 2 2 2 50</runs>
            <runs>0 20 9 8 1 3 11 3 1</runs>
            <runs>0 20 8 13 9</runs>
            <runs>0 20 8 13 8</runs>
            <runs>0 19 8 14 8</runs>
            <runs>0 19 8 13 8</runs>
            <runs>0 18 8 14 8</runs>
            <runs>0 18 8 14 8</runs>
            <runs>0 17 9 13 8</runs>
            <runs>6 3 2 4 11 12 9</runs>
            <runs>49</runs>
            <runs>0 7 50</runs>
            <runs>0 15 10 10 15</runs>
            <runs>0 15 10 11 12</runs>
            <runs>0 14 11 11 12</runs>
            <runs>0 15 10 11 12</runs>
            <runs>0 15 10 12 11</runs>
        </run-table>
    </sample>
    <sample shape="SHARP" interline="22" pitch="-2.9" left="279" top="3154" id="395">
        <run-table orientation="VERTICAL" width="25" height="66">
            <runs>0 19 6</runs>
            <runs>0 19 10 12 6</runs>
            <runs>0 18 11 12 9</runs>
            <runs>0 18 10 13 9</runs>
            <runs>0 18 10 13 9</runs>
            <runs>0 9 3 5 11 12 10</runs>
            <runs>0 8 21 6 15</runs>
            <runs>0 15 16 2 33</runs>
            <runs>0 17 10 8 31</runs>
            <runs>0 17 9 12 10 3 1 4 10</runs>
            <runs>0 17 9 13 8</runs>
            <runs>0 16 9 14 7</runs>
            <runs>0 16 8 14 8</runs>
            <runs>0 16 8 13 9</runs>
            <runs>0 15 9 13 8</runs>
            <runs>0 14 10 12 2 1 6</runs>
            <runs>0 1 3 8 11 13 2 1 6</runs>
            <runs>32 1 12</runs>
            <runs>0 1 1 7 43 1 2</runs>
            <runs>0 12 19 2 23</runs>
            <runs>0 12 10 11 11 1 11</runs>
            <runs>0 12 10 11 11</runs>
            <runs>0 12 9 13 9</runs>
            <runs>0 12 9 13 9</runs>
            <runs>0 36 3</runs>
        </run-table>
    </sample>
</samples>
