<?xml version="1.0" encoding="UTF-8" standalone="yes"?>
<samples sheet-name="IMSLP00009#9">
    <sample shape="SHARP" interline="22" pitch="-2.2" left="341" top="538" id="326">
        <run-table orientation="VERTICAL" width="23" height="66">
            <runs>0 22 10 13 9</runs>
            <runs>0 22 9 13 9</runs>
            <runs>0 22 9 13 9</runs>
            <runs>0 21 10 12 9</runs>
            <runs>0 18 23 1 20 1 3</runs>
            <runs>0 8 58</runs>
            <runs>0 7 9 2 48</runs>
            <runs>0 7 8 4 10 12 10 3 6</runs>
            <runs>0 19 9 12 10</runs>
            <runs>0 19 9 12 10</runs>
            <runs>0 19 8 13 10</runs>
            <runs>0 18 9 12 10</runs>
            <runs>0 17 9 13 9</runs>
            <runs>0 16 10 12 10</runs>
            <runs>0 16 10 12 10</runs>
            <runs>0 12 14 8 13</runs>
            <runs>0 2 2 1 3 3 42</runs>
            <runs>59</runs>
            <runs>59</runs>
            <runs>12 1 10 10 12</runs>
            <runs>0 12 10 12 10</runs>
            <runs>0 12 10 11 11</runs>
            <runs>0 12 9 12 10</runs>
        </run-table>
    </sample>
    <sample shape="SHARP" interline="22" pitch="-4.1" left="230" top="1373" id="425">
        <run-table orientation="VERTICAL" width="23" height="65">
            <runs>0 22 7 14 9</runs>
            <runs>0 22 7 14 8</runs>
            <runs>0 21 8 14 8</runs>
            <runs>0 20 9 13 9</runs>
            <runs>0 20 9 2 34</runs>
            <runs>0 7 57</runs>
            <runs>0 6 45 1 7</runs>
            <runs>0 18 10 11 10</runs>
            <runs>0 18 9 12 9</runs>
            <runs>0 18 8 13 9</runs>
            <runs>0 17 9 13 8</runs>
            <runs>0 17 8 13 9</runs>
            <runs>0 17 8 13 9</runs>
            <runs>0 16 8 14 9</runs>
            <runs>0 16 8 13 9</runs>
            <runs>0 15 9 12 10</runs>
            <runs>0 14 12 4 29</runs>
            <runs>58</runs>
            <runs>10 1 14 3 20</runs>
            <runs>0 14 8 10 12</runs>
            <runs>0 13 8 11 11</runs>
            <runs>0 13 8 11 11</runs>
            <runs>0 13 7 12 10</runs>
        </run-table>
    </sample>
    <sample shape="SHARP" interline="22" pitch="1.2" left="261" top="3256" id="581">
        <run-table orientation="VERTICAL" width="23" height="69">
            <runs>0 26 9</runs>
            <runs>0 26 9 13 9</runs>
            <runs>0 22 13 13 8</runs>
            <runs>0 22 13 9 12</runs>
            <runs>0 12 23 9 12</runs>
            <runs>0 12 44 2 1 1 3</runs>
            <runs>0 21 48</runs>
            <runs>0 23 10 10 12 3 11</runs>
            <runs>0 22 10 12 9</runs>
            <runs>0 22 9 13 9</runs>
            <runs>0 22 9 13 9</runs>
            <runs>0 21 9 14 9</runs>
            <runs>0 21 9 14 8</runs>
            <runs>0 20 10 13 9</runs>
            <runs>0 20 10 12 9</runs>
            <runs>0 4 11 3 12 11 10</runs>
            <runs>36 4 11</runs>
            <runs>0 5 6 1 43</runs>
            <runs>0 18 10 1 34</runs>
            <runs>0 18 9 12 10 9 4</runs>
            <runs>0 17 9 14 8</runs>
            <runs>0 18 1 1 2 17 9</runs>
            <runs>0 39 8</runs>
        </run-table>
    </sample>
    <sample shape="CUT_TIME" interline="22" pitch="0.0" left="467" top="365" id="339">
        <run-table orientation="VERTICAL" width="38" height="58">
            <runs>0 25 6</runs>
            <runs>0 21 15</runs>
            <runs>0 19 20</runs>
            <runs>0 18 22</runs>
            <runs>0 16 26</runs>
            <runs>0 15 28</runs>
            <runs>0 13 32</runs>
            <runs>0 12 34</runs>
            <runs>0 11 35</runs>
            <runs>0 10 37</runs>
            <runs>0 10 12 10 18</runs>
            <runs>0 9 9 21 11</runs>
            <runs>0 9 5 29 7</runs>
            <runs>0 9 4 32 2</runs>
            <runs>0 9 3</runs>
            <runs>0 9 2</runs>
            <runs>0 9 1</runs>
            <runs>0 2 10 3 1</runs>
            <runs>0 1 57</runs>
            <runs>58</runs>
            <runs>58</runs>
            <runs>0 26 6 4 3 10 8</runs>
            <runs></runs>
            <runs></runs>
            <runs>0 19 5</runs>
            <runs>0 18 7</runs>
            <runs>0 17 9</runs>
            <runs>0 17 9</runs>
            <runs>0 17 9</runs>
            <runs>0 10 1 5 14 16 1</runs>
            <runs>0 10 3 3 14 15 6</runs>
            <runs>0 11 3 2 14 14 7</runs>
            <runs>0 12 18 14 4</runs>
            <runs>0 13 16 14 4</runs>
            <runs>0 14 12 15 5</runs>
            <runs>0 15 11 13 6</runs>
            <runs>0 17 7 12 7</runs>
            <runs>0 21 1 14 5</runs>
        </run-table>
    </sample>
    <sample shape="CUT_TIME" interline="22" pitch="-0.1" left="466" top="564" id="351">
        <run-table orientation="VERTICAL" width="39" height="61">
            <runs>0 27 1 4 2</runs>
            <runs>0 25 14</runs>
            <runs>0 22 5 1 13</runs>
            <runs>0 20 24</runs>
            <runs>0 18 27</runs>
            <runs>0 17 29</runs>
            <runs>0 16 31</runs>
            <runs>0 15 33</runs>
            <runs>0 14 35</runs>
            <runs>0 13 37</runs>
            <runs>0 12 41</runs>
            <runs>0 11 13 4 9 2 14</runs>
            <runs>0 7 13 24 9</runs>
            <runs>0 8 11 28 8</runs>
            <runs>0 8 9 31 6</runs>
            <runs>0 8 7 34 6</runs>
            <runs>0 8 6 35 6</runs>
            <runs>0 8 6 34 7</runs>
            <runs>0 1 14 4 1 4 37</runs>
            <runs>0 1 60</runs>
            <runs>61</runs>
            <runs>0 1 48 1 6 1 1</runs>
            <runs></runs>
            <runs></runs>
            <runs>0 23 3</runs>
            <runs>0 20 8</runs>
            <runs>0 19 10</runs>
            <runs>0 19 14</runs>
            <runs>0 8 6 4 15</runs>
            <runs>0 8 6 4 15</runs>
            <runs>0 8 7 3 14 16 6</runs>
            <runs>0 12 4 2 14 15 3</runs>
            <runs>0 13 19 14 4</runs>
            <runs>0 14 18 12 5</runs>
            <runs>0 14 19 10 5</runs>
            <runs>0 16 17 8 6</runs>
            <runs>0 17 11 11 7</runs>
            <runs>0 19 8 12 5</runs>
            <runs>0 22 2 15 3</runs>
        </run-table>
    </sample>
</samples>
