<?xml version="1.0" encoding="UTF-8" standalone="yes"?>
<samples sheet-name="IMSLP00606#1">
    <sample shape="G_CLEF" interline="14" pitch="0.4" left="312" top="2279" id="1060">
        <run-table orientation="VERTICAL" width="41" height="100">
            <runs>0 46 18</runs>
            <runs>0 45 20</runs>
            <runs>0 43 24</runs>
            <runs>0 41 28</runs>
            <runs>0 39 31</runs>
            <runs>0 38 33 15 6</runs>
            <runs>0 32 24 4 12 12 10</runs>
            <runs>0 32 21 14 6 9 14</runs>
            <runs>0 32 18 19 9 4 15</runs>
            <runs>0 32 17 21 8 4 16</runs>
            <runs>0 32 17 22 2 8 17</runs>
            <runs>0 31 18 22 2 8 17</runs>
            <runs>0 31 18 23 1 8 18</runs>
            <runs>0 30 15 9 11 16 19</runs>
            <runs>0 29 15 8 15 15 18</runs>
            <runs>0 28 15 7 17 15 18</runs>
            <runs>0 27 15 3 19 20 11 1 4</runs>
            <runs>0 12 29 5 13 26 9 2 4</runs>
            <runs>0 10 30 6 12 28 5 5 4</runs>
            <runs>0 9 31 6 11 39 4</runs>
            <runs>0 7 10 1 24 3 11 40 3</runs>
            <runs>0 6 10 2 37 41 2</runs>
            <runs>0 5 9 4 38 40 2</runs>
            <runs>0 4 9 5 18 6 22 31 3</runs>
            <runs>0 3 8 7 18 7 23 29 2</runs>
            <runs>0 2 8 8 18 8 26 24 2</runs>
            <runs>0 2 8 8 18 8 11 4 20 13 4</runs>
            <runs>0 1 8 9 18 8 10 6 22 7 6</runs>
            <runs>8 9 13 14 10 6 34</runs>
            <runs>7 9 12 17 9 17 21</runs>
            <runs>7 7 13 18 10 18 16</runs>
            <runs>8 5 12 20 11</runs>
            <runs>24 21 12</runs>
            <runs>0 2 20 24 11</runs>
            <runs>0 7 14 25 12 11 8</runs>
            <runs>0 46 17 5 10</runs>
            <runs>0 46 27</runs>
            <runs>0 45 27</runs>
            <runs>0 49 21</runs>
            <runs>0 51 17</runs>
            <runs>0 53 14</runs>
        </run-table>
    </sample>
    <sample shape="G_CLEF" interline="14" pitch="0.1" left="312" top="2386" id="1062">
        <run-table orientation="VERTICAL" width="41" height="102">
            <runs>0 49 18</runs>
            <runs>0 48 20</runs>
            <runs>0 46 23</runs>
            <runs>0 44 27</runs>
            <runs>0 42 30</runs>
            <runs>0 36 22 5 11 13 9</runs>
            <runs>0 36 19 9 10 12 12</runs>
            <runs>0 36 17 16 6 10 14</runs>
            <runs>0 35 17 19 5 8 16</runs>
            <runs>0 35 17 21 3 8 16</runs>
            <runs>0 33 19 22 3 6 18</runs>
            <runs>0 33 15 27 2 6 18</runs>
            <runs>0 32 14 30 1 7 18</runs>
            <runs>0 31 15 12 8 10 1 7 18</runs>
            <runs>0 30 15 9 13 9 1 8 17</runs>
            <runs>0 29 15 5 18 18 12 1 4</runs>
            <runs>0 28 16 5 11 26 10 3 2</runs>
            <runs>0 14 28 7 10 29 6 5 2</runs>
            <runs>0 12 29 8 9 41 2</runs>
            <runs>0 10 31 7 9 42 2</runs>
            <runs>0 9 8 3 23 4 10 41 3</runs>
            <runs>0 8 7 5 37 41 3</runs>
            <runs>0 7 7 6 19 4 14 40 4</runs>
            <runs>0 5 8 7 19 7 14 37 3</runs>
            <runs>0 5 7 8 19 7 21 29 3</runs>
            <runs>0 4 7 9 19 8 11 4 9 24 4</runs>
            <runs>0 3 7 10 13 14 10 6 19 10 5</runs>
            <runs>0 2 8 10 12 15 9 10 2 2 26</runs>
            <runs>0 1 8 8 14 16 9 17 22</runs>
            <runs>9 6 15 17 9 20 17</runs>
            <runs>9 3 16 20 8 20 12</runs>
            <runs>10 1 15 22 9 18 2</runs>
            <runs>0 1 24 23 10 17 2</runs>
            <runs>0 3 21 25 10 15 3</runs>
            <runs>0 7 17 25 11 13 2</runs>
            <runs>0 49 13 9 3</runs>
            <runs>0 49 18 2 4</runs>
            <runs>0 49 23</runs>
            <runs>0 49 22</runs>
            <runs>0 55 14</runs>
            <runs>0 58 9</runs>
        </run-table>
    </sample>
    <sample shape="C_CLEF" interline="14" pitch="0.2" left="559" top="1458" id="925">
        <run-table orientation="VERTICAL" width="37" height="62">
            <runs>0 2 51 1 8</runs>
            <runs>0 2 60</runs>
            <runs>0 2 60</runs>
            <runs>0 2 60</runs>
            <runs>0 2 60</runs>
            <runs>0 24 3 11 3 2 7 1 10</runs>
            <runs>0 2 60</runs>
            <runs>0 1 61</runs>
            <runs>62</runs>
            <runs>0 29 9</runs>
            <runs>0 29 9</runs>
            <runs>0 29 9</runs>
            <runs>0 29 9</runs>
            <runs>0 8 1 19 10</runs>
            <runs>11 16 11 14 9</runs>
            <runs>12 14 13 12 9</runs>
            <runs>12 13 15 10 11</runs>
            <runs>13 11 16 10 11</runs>
            <runs>13 10 17 10 11</runs>
            <runs>13 9 10 3 6 9 12</runs>
            <runs>13 8 11 3 7 9 11</runs>
            <runs>0 7 4 10 11 3 11 6 10</runs>
            <runs>0 22 10 2 9</runs>
            <runs>0 24 7 2 7</runs>
            <runs>0 24 13</runs>
            <runs>0 25 12</runs>
            <runs>0 25 12</runs>
            <runs>0 24 13</runs>
            <runs>0 5 2 16 14</runs>
            <runs>11 9 18</runs>
            <runs>39 14 8</runs>
            <runs>27 1 33</runs>
            <runs>0 6 19 9 27</runs>
            <runs>0 8 16 11 26</runs>
            <runs>0 10 12 15 24</runs>
            <runs>0 38 17</runs>
            <runs>0 40 13</runs>
        </run-table>
    </sample>
    <sample shape="F_CLEF" interline="14" pitch="-1.9" left="312" top="2159" id="1057">
        <run-table orientation="VERTICAL" width="40" height="48">
            <runs>0 3 17</runs>
            <runs>0 3 17</runs>
            <runs>0 3 17</runs>
            <runs>0 2 18</runs>
            <runs>0 2 18</runs>
            <runs>0 2 18 23 1</runs>
            <runs>0 1 19 22 2</runs>
            <runs>0 1 19 22 2</runs>
            <runs>0 1 19 21 3</runs>
            <runs>20 20 8</runs>
            <runs>20 19 3</runs>
            <runs>20 17 5</runs>
            <runs>0 8 11 17 6</runs>
            <runs>0 9 10 16 7</runs>
            <runs>0 29 12</runs>
            <runs>0 29 12</runs>
            <runs>0 29 11</runs>
            <runs>0 1 8 16 15</runs>
            <runs>0 1 38</runs>
            <runs>0 2 36</runs>
            <runs>0 2 35</runs>
            <runs>0 2 34</runs>
            <runs>0 2 33</runs>
            <runs>0 2 32</runs>
            <runs>0 2 32</runs>
            <runs>0 2 32</runs>
            <runs>0 7 27</runs>
            <runs>0 8 26</runs>
            <runs>0 10 17</runs>
            <runs>0 12 13</runs>
            <runs>0 21 2</runs>
            <runs>0 21 2</runs>
            <runs>0 6 2 13 4</runs>
            <runs>0 6 3 7 11</runs>
            <runs>0 2 8 6 11</runs>
            <runs>0 2 8 5 13</runs>
            <runs>0 2 8 6 12</runs>
            <runs>0 2 8 6 11</runs>
            <runs>0 6 3 6 11</runs>
            <runs>0 6 2 13 3</runs>
        </run-table>
    </sample>
    <sample shape="F_CLEF" interline="14" pitch="-1.9" left="313" top="2514" id="1068">
        <run-table orientation="VERTICAL" width="40" height="46">
            <runs>0 8 12</runs>
            <runs>0 2 18</runs>
            <runs>0 2 18</runs>
            <runs>0 1 19</runs>
            <runs>0 1 19 21 1</runs>
            <runs>0 1 19 20 2</runs>
            <runs>0 1 19 20 2</runs>
            <runs>0 1 19 19 3</runs>
            <runs>20 18 8</runs>
            <runs>20 16 10</runs>
            <runs>20 16 6</runs>
            <runs>19 16 6</runs>
            <runs>0 6 13 15 7</runs>
            <runs>0 7 12 10 11</runs>
            <runs>0 10 9 10 10</runs>
            <runs>0 29 9</runs>
            <runs>0 29 9</runs>
            <runs>8 20 9</runs>
            <runs>12 13 11</runs>
            <runs>0 1 35</runs>
            <runs>0 1 34</runs>
            <runs>0 1 33</runs>
            <runs>0 1 33</runs>
            <runs>0 1 32</runs>
            <runs>0 1 32</runs>
            <runs>0 1 32</runs>
            <runs>0 1 32</runs>
            <runs>0 7 26</runs>
            <runs>0 9 24</runs>
            <runs>0 11 15</runs>
            <runs>0 13 10</runs>
            <runs>0 14 8</runs>
            <runs>0 20 4</runs>
            <runs>0 1 8 6 11</runs>
            <runs>0 1 8 6 12</runs>
            <runs>0 1 9 5 12</runs>
            <runs>0 1 9 5 13</runs>
            <runs>0 1 9 5 12</runs>
            <runs>0 1 8 6 12</runs>
            <runs>0 1 8 12 5</runs>
        </run-table>
    </sample>
</samples>
