<?xml version="1.0" encoding="UTF-8" standalone="yes"?>
<samples sheet-name="IMSLP00002#1">
    <sample shape="SHARP" interline="22" left="261" top="1045" id="0">
        <run-table orientation="VERTICAL" width="23" height="66">
            <runs>0 44 8</runs>
            <runs>0 26 3 15 7</runs>
            <runs>0 24 5 14 8</runs>
            <runs>0 22 6 15 8</runs>
            <runs>0 21 7 14 9 5 2 1 7</runs>
            <runs>0 21 13 3 28</runs>
            <runs>0 20 15 1 14 6 2</runs>
            <runs>0 7 1 1 4 1 13 13 9</runs>
            <runs>0 7 7 1 2 1 8 14 9</runs>
            <runs>0 18 8 14 8</runs>
            <runs>0 18 8 14 8</runs>
            <runs>0 18 7 14 8</runs>
            <runs>0 17 8 14 7</runs>
            <runs>0 17 8 14 7</runs>
            <runs>0 17 7 14 8</runs>
            <runs>0 16 8 14 7</runs>
            <runs>0 16 8 13 10 3 10</runs>
            <runs>0 16 8 2 33</runs>
            <runs>0 15 30 11 2</runs>
            <runs>3 2 21 9 8</runs>
            <runs>22 13 8</runs>
            <runs>0 13 9 13 7</runs>
            <runs>0 13 8 14 7</runs>
        </run-table>
    </sample>
</samples>
