<?xml version="1.0" encoding="UTF-8" standalone="yes"?>
<samples sheet-name="IMSLP00006#3">
    <sample shape="F_CLEF" interline="22" pitch="-1.6" left="166" top="1564" id="292">
        <run-table orientation="VERTICAL" width="64" height="68">
            <runs>0 64 1</runs>
            <runs>0 64 1</runs>
            <runs>0 64 1</runs>
            <runs>0 63 2</runs>
            <runs>0 63 2</runs>
            <runs>0 18 2 43 2</runs>
            <runs>0 11 14 37 6</runs>
            <runs>0 10 15 37 6</runs>
            <runs>0 8 18 36 2</runs>
            <runs>0 6 6 5 1 1 7 35 3</runs>
            <runs>0 5 6 8 8 34 3</runs>
            <runs>0 4 5 9 10 33 3</runs>
            <runs>0 4 4 9 12 32 3</runs>
            <runs>7 10 12 31 3</runs>
            <runs>0 3 3 10 13 31 3</runs>
            <runs>0 3 2 11 13 31 2</runs>
            <runs>0 3 2 11 13 30 3</runs>
            <runs>0 3 1 12 13 29 4</runs>
            <runs>0 3 1 12 13 29 4</runs>
            <runs>0 3 1 12 13 28 4</runs>
            <runs>0 16 12 28 5</runs>
            <runs>0 17 11 28 4</runs>
            <runs>0 18 9 28 5</runs>
            <runs>0 20 2 32 5</runs>
            <runs>0 54 5</runs>
            <runs>0 53 5</runs>
            <runs>0 52 6</runs>
            <runs>0 51 6</runs>
            <runs>0 3 1 46 7</runs>
            <runs>0 3 1 44 8</runs>
            <runs>0 3 2 42 8</runs>
            <runs>0 3 2 39 11</runs>
            <runs>6 37 11</runs>
            <runs>7 35 12</runs>
            <runs>8 33 12</runs>
            <runs>9 30 13</runs>
            <runs>10 27 14</runs>
            <runs>12 23 15</runs>
            <runs>0 1 14 16 18</runs>
            <runs>19 2 27</runs>
            <runs>48</runs>
            <runs>0 4 42</runs>
            <runs>0 5 41</runs>
            <runs>0 6 40</runs>
            <runs>0 8 38</runs>
            <runs>0 8 34</runs>
            <runs>0 10 30</runs>
            <runs>0 11 27</runs>
            <runs>0 13 24</runs>
            <runs>0 15 20</runs>
            <runs>0 17 17</runs>
            <runs>0 25 2</runs>
            <runs></runs>
            <runs>0 13 3</runs>
            <runs>0 11 6</runs>
            <runs>0 10 8 13 6</runs>
            <runs>0 9 9 12 8</runs>
            <runs>0 9 9 11 9</runs>
            <runs>0 9 9 11 9</runs>
            <runs>0 10 8 11 9</runs>
            <runs>0 10 7 13 8</runs>
            <runs>0 11 6 13 7</runs>
            <runs>0 13 3 15 5</runs>
            <runs>0 32 1</runs>
        </run-table>
    </sample>
</samples>
