<?xml version="1.0" encoding="UTF-8" standalone="yes"?>
<samples sheet-name="IMSLP00668#31">
    <sample shape="G_CLEF" interline="16" pitch="0.0" left="329" top="2024" id="390">
        <run-table orientation="VERTICAL" width="41" height="125">
            <runs>0 66 1 5 1</runs>
            <runs>0 58 22</runs>
            <runs>0 53 29 30 3</runs>
            <runs>0 52 31 25 10</runs>
            <runs>0 51 23 1 9 23 11</runs>
            <runs>0 49 21 13 2 21 13</runs>
            <runs>0 44 22 17 3 19 16</runs>
            <runs>0 44 20 20 3 18 16</runs>
            <runs>0 44 20 23 2 15 18</runs>
            <runs>0 44 20 23 3 14 19</runs>
            <runs>0 43 16 29 3 13 19</runs>
            <runs>0 42 16 31 2 13 20</runs>
            <runs>0 41 16 13 10 24 20</runs>
            <runs>0 40 16 10 14 24 21</runs>
            <runs>0 39 16 6 22 21 15 2 4</runs>
            <runs>0 23 2 11 18 7 24 20 14 2 4</runs>
            <runs>0 20 33 7 13 10 3 19 13 3 4</runs>
            <runs>0 16 37 6 12 13 2 20 11 4 4</runs>
            <runs>0 14 56 39 6 6 4</runs>
            <runs>0 12 12 5 40 52 4</runs>
            <runs>0 9 1 1 11 8 19 6 13 53 4</runs>
            <runs>0 7 14 9 19 7 13 52 3</runs>
            <runs>0 5 15 10 18 9 15 49 3</runs>
            <runs>0 5 13 12 18 9 19 44 4</runs>
            <runs>0 3 14 12 19 9 10 6 3 43 4</runs>
            <runs>0 2 14 12 15 14 10 14 3 33 5</runs>
            <runs>0 2 13 13 14 15 9 12 19 20 4</runs>
            <runs>0 1 13 12 14 17 9 18 13 18 5</runs>
            <runs>0 1 12 12 14 19 8 22 14 10 7</runs>
            <runs>12 12 14 20 8 23 29</runs>
            <runs>12 11 14 21 9 22 27</runs>
            <runs>12 9 16 22 8 22 8 3 12</runs>
            <runs>0 1 10 9 14 25 9 20 8</runs>
            <runs>0 3 9 4 17 26 10 18 3</runs>
            <runs>0 5 23 32 10 16 4</runs>
            <runs>0 10 15 35 11 14 5</runs>
            <runs>0 15 3 43 13 9 5</runs>
            <runs>0 61 26</runs>
            <runs>0 62 24</runs>
            <runs>0 62 22</runs>
            <runs>0 62 19</runs>
        </run-table>
    </sample>
    <sample shape="FLAT" interline="16" pitch="1.5" left="503" top="741" id="273">
        <run-table orientation="VERTICAL" width="15" height="40">
            <runs>5 2 2 12 1 15 1</runs>
            <runs>39</runs>
            <runs>40</runs>
            <runs>0 5 24 5 5</runs>
            <runs>0 18 5 11 5</runs>
            <runs>0 18 4 11 5</runs>
            <runs>0 18 3 11 5</runs>
            <runs>0 18 3 9 6</runs>
            <runs>0 17 5 3 10</runs>
            <runs>0 17 17</runs>
            <runs>0 17 16</runs>
            <runs>0 18 14</runs>
            <runs>0 18 13</runs>
            <runs>0 18 12</runs>
            <runs>0 20 9</runs>
        </run-table>
    </sample>
    <sample shape="COMMON_TIME" interline="16" pitch="-0.5" left="545" top="519" id="280">
        <run-table orientation="VERTICAL" width="28" height="37">
            <runs>0 12 3 1 7</runs>
            <runs>0 10 18</runs>
            <runs>0 8 22</runs>
            <runs>0 3 28</runs>
            <runs>0 3 34</runs>
            <runs>0 3 34</runs>
            <runs>0 3 34</runs>
            <runs>0 3 34</runs>
            <runs>0 2 35</runs>
            <runs>0 2 8 4 2 1 2 8 10</runs>
            <runs>0 1 7 23 1</runs>
            <runs>0 1 6</runs>
            <runs>0 1 6</runs>
            <runs>0 1 6</runs>
            <runs>7</runs>
            <runs></runs>
            <runs>0 10 2</runs>
            <runs>0 8 6</runs>
            <runs>0 8 8</runs>
            <runs>0 1 16</runs>
            <runs>0 3 14</runs>
            <runs>0 2 16</runs>
            <runs>0 2 16</runs>
            <runs>0 3 20 8 1</runs>
            <runs>0 3 20 7 7</runs>
            <runs>0 3 20 4 10</runs>
            <runs>0 3 14 10 5</runs>
            <runs>0 14 2</runs>
        </run-table>
    </sample>
    <sample shape="COMMON_TIME" interline="16" pitch="-0.4" left="543" top="733" id="292">
        <run-table orientation="VERTICAL" width="29" height="36">
            <runs>0 11 3</runs>
            <runs>0 9 15</runs>
            <runs>0 8 19</runs>
            <runs>0 7 23</runs>
            <runs>0 1 30</runs>
            <runs>0 1 35</runs>
            <runs>0 1 35</runs>
            <runs>0 1 35</runs>
            <runs>0 1 35</runs>
            <runs>0 1 11 2 22</runs>
            <runs>0 8 1 6 7 3 11</runs>
            <runs></runs>
            <runs></runs>
            <runs></runs>
            <runs></runs>
            <runs></runs>
            <runs></runs>
            <runs>0 9 4</runs>
            <runs>0 7 7</runs>
            <runs>0 6 9</runs>
            <runs>15</runs>
            <runs>16</runs>
            <runs>16</runs>
            <runs>0 1 16</runs>
            <runs>0 1 16</runs>
            <runs>0 1 16</runs>
            <runs>0 1 15 13 7</runs>
            <runs>0 2 13 9 12</runs>
            <runs>0 2 10 12 6</runs>
        </run-table>
    </sample>
</samples>
