<?xml version="1.0" encoding="UTF-8"?>
<stick id="1304" interline="20" shape="COMMON_TIME">
    <is-within-system>true</is-within-system>
    <has-ledger>false</has-ledger>
    <stem-number>0</stem-number>
    <step-line>-0.0975609756097561</step-line>
    <moments>
        <k>1.655</k>
        <k>1.65</k>
        <k>2.1</k>
        <k>0.13456262801191363</k>
        <k>-0.023001495449113306</k>
        <k>0.21216204834063015</k>
        <k>0.010728866554293174</k>
        <k>-0.0021612618249962096</k>
        <k>0.008835275207380896</k>
        <k>0.03042094511293433</k>
        <k>0.3467246763525438</k>
        <k>0.008137945206935143</k>
        <k>0.0016108715771957754</k>
        <k>0.0011813653424054484</k>
        <k>2.5669749710799653E-7</k>
        <k>-1.8597906854581485E-5</k>
        <k>1.6093532476980313E-6</k>
        <k>304.3640483383686</k>
        <k>466.98036253776434</k>
    </moments><members>
    <section id="323" first-pos="289">
        <run start="468" length="2" level="200"/>
    </section>
    <section id="328" first-pos="290">
        <run start="465" length="8" level="127"/>
    </section>
    <section id="332" first-pos="291">
        <run start="461" length="17" level="85"/>
    </section>
    <section id="335" first-pos="292">
        <run start="458" length="23" level="59"/>
        <run start="456" length="27" level="47"/>
        <run start="454" length="30" level="41"/>
        <run start="453" length="32" level="37"/>
        <run start="451" length="36" level="36"/>
        <run start="450" length="38" level="33"/>
        <run start="448" length="42" level="48"/>
        <run start="448" length="42" level="103"/>
    </section>
    <section id="354" first-pos="300">
        <run start="448" length="14" level="98"/>
        <run start="448" length="10" level="96"/>
        <run start="448" length="8" level="120"/>
        <run start="448" length="6" level="159"/>
        <run start="448" length="4" level="189"/>
        <run start="448" length="2" level="200"/>
        <run start="448" length="1" level="200"/>
    </section>
    <section id="355" first-pos="300">
        <run start="466" length="3" level="204"/>
    </section>
    <section id="356" first-pos="300">
        <run start="478" length="12" level="127"/>
        <run start="482" length="8" level="136"/>
        <run start="485" length="5" level="128"/>
        <run start="486" length="4" level="160"/>
        <run start="486" length="4" level="162"/>
        <run start="488" length="2" level="200"/>
        <run start="488" length="2" level="200"/>
    </section>
    <section id="359" first-pos="308">
        <run start="460" length="5" level="95"/>
        <run start="458" length="9" level="35"/>
        <run start="457" length="12" level="43"/>
        <run start="456" length="13" level="40"/>
        <run start="455" length="14" level="38"/>
    </section>
    <section id="377" first-pos="313">
        <run start="448" length="21" level="60"/>
        <run start="448" length="21" level="48"/>
        <run start="448" length="21" level="48"/>
        <run start="449" length="20" level="41"/>
        <run start="451" length="18" level="36"/>
        <run start="452" length="17" level="39"/>
        <run start="453" length="16" level="66"/>
    </section>
    <section id="367" first-pos="310">
        <run start="448" length="2" level="200"/>
        <run start="448" length="4" level="204"/>
        <run start="448" length="4" level="201"/>
    </section>
    <section id="395" first-pos="320">
        <run start="455" length="10" level="101"/>
    </section>
    <section id="398" first-pos="321">
        <run start="458" length="5" level="202"/>
    </section>
    <section id="396" first-pos="320">
        <run start="466" length="2" level="209"/>
    </section>
    <section id="360" first-pos="308">
        <run start="489" length="1" level="200"/>
        <run start="488" length="2" level="200"/>
        <run start="487" length="3" level="200"/>
        <run start="486" length="4" level="169"/>
        <run start="485" length="5" level="137"/>
        <run start="484" length="6" level="115"/>
        <run start="483" length="7" level="99"/>
        <run start="480" length="9" level="63"/>
        <run start="478" length="10" level="52"/>
        <run start="478" length="8" level="58"/>
        <run start="478" length="6" level="39"/>
        <run start="478" length="5" level="221"/>
    </section>
</members></stick>
