<?xml version="1.0" encoding="UTF-8" standalone="yes"?>
<samples sheet-name="IMSLP00121#7">
    <sample shape="FLAT" interline="19" pitch="-3.9" left="338" top="1749" id="320">
        <run-table orientation="VERTICAL" width="20" height="49">
            <runs>0 1 29</runs>
            <runs>49</runs>
            <runs>49</runs>
            <runs>49</runs>
            <runs>0 1 20 4 8</runs>
            <runs>0 29 2 13 1</runs>
            <runs>0 43 2</runs>
            <runs>0 42 3</runs>
            <runs>0 41 8</runs>
            <runs>0 39 6</runs>
            <runs>0 37 7</runs>
            <runs>0 33 11</runs>
            <runs>0 23 20</runs>
            <runs>0 23 19</runs>
            <runs>0 24 18</runs>
            <runs>0 24 16</runs>
            <runs>0 24 15</runs>
            <runs>0 25 13</runs>
            <runs>0 25 12</runs>
            <runs>0 25 9</runs>
        </run-table>
    </sample>
    <sample shape="FLAT" interline="19" pitch="-1.9" left="337" top="2748" id="391">
        <run-table orientation="VERTICAL" width="20" height="47">
            <runs>0 1 13</runs>
            <runs>47</runs>
            <runs>47</runs>
            <runs>47</runs>
            <runs>34</runs>
            <runs>0 23 8</runs>
            <runs>0 41 1</runs>
            <runs>0 40 2</runs>
            <runs>0 39 3</runs>
            <runs>0 38 8</runs>
            <runs>0 37 9</runs>
            <runs>0 33 9</runs>
            <runs>0 22 20</runs>
            <runs>0 22 19</runs>
            <runs>0 22 18</runs>
            <runs>0 23 16</runs>
            <runs>0 23 16</runs>
            <runs>0 24 14</runs>
            <runs>0 26 10</runs>
            <runs>0 25 9</runs>
        </run-table>
    </sample>
</samples>
