<?xml version="1.0" encoding="UTF-8" standalone="yes"?>
<samples sheet-name="IMSLP08541#11">
    <sample shape="G_CLEF" interline="22" pitch="0.4" left="483" top="436" id="287">
        <run-table orientation="VERTICAL" width="58" height="168">
            <runs>0 80 25</runs>
            <runs>0 79 26</runs>
            <runs>0 77 29</runs>
            <runs>0 75 34</runs>
            <runs>0 73 38</runs>
            <runs>0 70 43</runs>
            <runs>0 69 45</runs>
            <runs>0 68 48</runs>
            <runs>0 66 31 3 17</runs>
            <runs>0 65 29 16 9</runs>
            <runs>0 64 26 23 7</runs>
            <runs>0 63 25 27 6 28 7</runs>
            <runs>0 58 28 30 10 20 13</runs>
            <runs>0 58 26 33 9 19 15</runs>
            <runs>0 58 25 35 8 18 18</runs>
            <runs>0 57 25 37 8 16 19</runs>
            <runs>0 57 25 38 7 16 20</runs>
            <runs>0 55 23 20 1 22 2 19 22</runs>
            <runs>0 54 22 15 15 16 1 19 22</runs>
            <runs>0 54 21 14 19 14 1 18 24</runs>
            <runs>0 53 21 13 23 12 1 18 25</runs>
            <runs>0 52 20 13 27 10 1 18 26</runs>
            <runs>0 51 20 9 34 8 1 18 20 1 5</runs>
            <runs>0 33 2 15 19 11 19 12 5 6 1 18 19 3 4</runs>
            <runs>0 25 20 4 20 11 18 15 4 24 19 4 3</runs>
            <runs>0 22 46 11 17 19 3 24 18 4 4</runs>
            <runs>0 20 48 11 16 47 17 5 3</runs>
            <runs>0 17 51 10 15 50 16 5 3</runs>
            <runs>0 15 16 12 26 9 15 51 14 6 4</runs>
            <runs>0 14 14 15 28 6 15 53 12 7 4</runs>
            <runs>0 12 15 16 49 54 9 9 4</runs>
            <runs>0 10 14 18 20 4 26 57 2 13 4</runs>
            <runs>0 9 12 20 20 7 1 3 20 72 4</runs>
            <runs>0 8 12 16 25 13 19 71 4</runs>
            <runs>0 7 12 17 25 14 20 69 4</runs>
            <runs>0 6 12 18 25 14 30 59 3</runs>
            <runs>0 5 12 19 20 19 15 2 14 58 3</runs>
            <runs>0 3 13 20 19 20 15 8 14 10 1 40 3</runs>
            <runs>0 2 13 20 18 22 15 11 16 4 2 40 3</runs>
            <runs>0 1 13 19 19 23 15 12 25 35 4</runs>
            <runs>0 1 12 19 18 25 15 18 19 34 4</runs>
            <runs>13 17 19 26 15 23 19 28 5</runs>
            <runs>14 15 18 29 14 27 19 23 5</runs>
            <runs>0 1 14 12 18 31 14 28 23 16 6</runs>
            <runs>0 2 41 34 14 26 35 2 8</runs>
            <runs>0 4 37 36 14 26 9 6 29</runs>
            <runs>0 6 34 38 14 25 5 15 22</runs>
            <runs>0 9 30 39 14 24 5 23 13</runs>
            <runs>0 14 16 49 14 22 5</runs>
            <runs>0 79 16 19 5</runs>
            <runs>0 79 17 15 7</runs>
            <runs>0 79 19 12 7</runs>
            <runs>0 79 36</runs>
            <runs>0 80 34</runs>
            <runs>0 86 25</runs>
            <runs>0 88 21</runs>
            <runs>0 90 17</runs>
            <runs>0 93 12</runs>
        </run-table>
    </sample>
    <sample shape="G_CLEF" interline="22" pitch="0.4" left="480" top="653" id="289">
        <run-table orientation="VERTICAL" width="58" height="166">
            <runs>0 77 25</runs>
            <runs>0 76 26</runs>
            <runs>0 75 29</runs>
            <runs>0 72 35</runs>
            <runs>0 71 38</runs>
            <runs>0 69 42</runs>
            <runs>0 67 45</runs>
            <runs>0 64 49</runs>
            <runs>0 63 32 11 9</runs>
            <runs>0 63 28 19 6</runs>
            <runs>0 61 26 24 6</runs>
            <runs>0 55 30 28 6</runs>
            <runs>0 56 27 31 5 27 6</runs>
            <runs>0 56 25 34 8 21 12</runs>
            <runs>0 55 25 37 3 23 15</runs>
            <runs>0 54 26 37 3 22 17</runs>
            <runs>0 53 27 38 2 21 19</runs>
            <runs>0 52 22 20 1 24 1 20 21</runs>
            <runs>0 51 22 16 14 37 22</runs>
            <runs>0 50 21 14 20 34 23</runs>
            <runs>0 50 20 13 25 31 23</runs>
            <runs>0 30 7 12 20 9 32 29 24</runs>
            <runs>0 22 18 7 20 11 25 2 7 27 25</runs>
            <runs>0 17 49 12 18 13 5 25 25</runs>
            <runs>0 16 50 11 18 15 5 24 19 1 5</runs>
            <runs>0 14 15 4 32 12 17 18 3 24 19 2 4</runs>
            <runs>0 13 13 16 23 11 16 48 17 4 4</runs>
            <runs>0 10 14 18 25 9 15 49 17 4 4</runs>
            <runs>0 9 13 12 35 6 15 51 15 6 3</runs>
            <runs>0 8 13 13 56 52 14 6 4</runs>
            <runs>0 6 13 15 25 6 25 53 12 7 4</runs>
            <runs>0 5 13 16 25 11 19 55 10 8 4</runs>
            <runs>0 4 13 17 25 13 17 57 5 11 3</runs>
            <runs>0 3 12 20 24 14 17 72 3</runs>
            <runs>0 2 12 21 19 19 24 65 3</runs>
            <runs>0 1 13 20 18 21 30 58 4</runs>
            <runs>0 1 12 20 18 21 16 4 13 56 4</runs>
            <runs>12 19 19 22 15 8 14 51 4</runs>
            <runs>12 17 20 24 14 12 14 47 4</runs>
            <runs>12 16 19 26 14 12 17 43 5</runs>
            <runs>0 2 10 14 19 28 15 19 17 34 5</runs>
            <runs>0 4 12 7 20 30 15 23 14 32 6</runs>
            <runs>0 6 36 31 15 26 16 26 6</runs>
            <runs>0 10 29 35 14 28 19 20 7</runs>
            <runs>0 12 26 36 15 27 22 2 2 11 8</runs>
            <runs>0 18 14 43 14 26 4 7 18 5 11</runs>
            <runs>0 76 14 24 4 12 28</runs>
            <runs>0 76 14 23 5 18 20</runs>
            <runs>0 77 14 21 5 25 11</runs>
            <runs>0 78 14 19 5</runs>
            <runs>0 78 15 16 6</runs>
            <runs>0 78 18 10 7</runs>
            <runs>0 78 34</runs>
            <runs>0 78 32</runs>
            <runs>0 84 24</runs>
            <runs>0 86 20</runs>
            <runs>0 89 15</runs>
            <runs>0 93 10</runs>
        </run-table>
    </sample>
    <sample shape="G_CLEF" interline="22" pitch="0.4" left="477" top="1001" id="366">
        <run-table orientation="VERTICAL" width="58" height="164">
            <runs>0 82 19</runs>
            <runs>0 76 25</runs>
            <runs>0 73 31</runs>
            <runs>0 71 36</runs>
            <runs>0 69 39</runs>
            <runs>0 68 41</runs>
            <runs>0 67 43</runs>
            <runs>0 66 46</runs>
            <runs>0 64 29 12 8</runs>
            <runs>0 63 27 18 7</runs>
            <runs>0 61 26 23 6 31 2</runs>
            <runs>0 59 25 28 5 27 10</runs>
            <runs>0 55 27 31 5 23 15</runs>
            <runs>0 54 26 34 9 17 17</runs>
            <runs>0 55 25 35 8 16 19</runs>
            <runs>0 55 24 37 7 15 21</runs>
            <runs>0 54 25 38 2 19 22</runs>
            <runs>0 53 22 19 1 1 2 20 1 19 23</runs>
            <runs>0 51 22 16 13 35 24</runs>
            <runs>0 50 22 13 20 32 25</runs>
            <runs>0 49 21 13 24 30 25</runs>
            <runs>0 49 20 12 28 28 20 1 5</runs>
            <runs>0 48 20 9 24 4 5 27 19 3 4</runs>
            <runs>0 47 20 10 18 13 4 25 19 3 4</runs>
            <runs>0 24 15 7 20 11 16 17 4 24 18 4 3</runs>
            <runs>0 20 45 11 16 19 2 25 18 4 4</runs>
            <runs>0 19 45 12 15 48 16 5 4</runs>
            <runs>0 15 49 11 15 50 15 5 4</runs>
            <runs>0 13 14 13 24 10 15 51 14 6 4</runs>
            <runs>0 12 13 16 29 3 16 53 10 8 4</runs>
            <runs>0 11 12 18 48 55 6 10 4</runs>
            <runs>0 9 12 19 19 7 23 71 4</runs>
            <runs>0 7 13 19 19 12 19 71 4</runs>
            <runs>0 6 12 15 25 13 18 71 4</runs>
            <runs>0 5 12 16 25 14 22 66 3</runs>
            <runs>0 4 12 17 25 14 30 57 4</runs>
            <runs>0 3 12 19 19 19 16 2 17 52 4</runs>
            <runs>0 2 12 19 19 20 15 8 18 46 3</runs>
            <runs>0 1 12 19 19 21 14 11 26 35 4</runs>
            <runs>12 19 19 22 14 12 25 34 5</runs>
            <runs>12 18 18 24 14 20 17 33 5</runs>
            <runs>11 18 18 25 15 24 16 28 6</runs>
            <runs>11 15 19 28 14 28 21 18 6</runs>
            <runs>0 1 10 14 19 29 15 27 25 12 7</runs>
            <runs>0 3 11 4 2 2 19 32 15 27 9 2 15 3 14</runs>
            <runs>0 5 34 35 14 26 4 12 26</runs>
            <runs>0 7 31 37 14 24 5 17 19</runs>
            <runs>0 10 26 39 14 23 5 25 9</runs>
            <runs>0 13 15 48 14 21 5</runs>
            <runs>0 16 2 2 4 52 16 17 6</runs>
            <runs>0 77 16 15 5</runs>
            <runs>0 77 19 9 7</runs>
            <runs>0 77 34</runs>
            <runs>0 77 32</runs>
            <runs>0 83 25</runs>
            <runs>0 85 21</runs>
            <runs>0 87 16</runs>
            <runs>0 91 10</runs>
        </run-table>
    </sample>
    <sample shape="G_CLEF" interline="22" pitch="0.4" left="472" top="1645" id="441">
        <run-table orientation="VERTICAL" width="58" height="164">
            <runs>0 89 5</runs>
            <runs>0 77 24</runs>
            <runs>0 76 27</runs>
            <runs>0 74 32</runs>
            <runs>0 72 36</runs>
            <runs>0 70 40</runs>
            <runs>0 68 43</runs>
            <runs>0 67 45</runs>
            <runs>0 65 38 3 8</runs>
            <runs>0 64 27 18 6</runs>
            <runs>0 62 26 22 6</runs>
            <runs>0 60 25 27 5</runs>
            <runs>0 55 28 30 5 29 6</runs>
            <runs>0 55 27 32 9 21 11</runs>
            <runs>0 55 26 35 7 18 16</runs>
            <runs>0 55 25 37 2 22 17</runs>
            <runs>0 55 24 38 2 21 19</runs>
            <runs>0 54 25 39 1 20 21</runs>
            <runs>0 53 20 18 11 37 22</runs>
            <runs>0 52 20 15 17 34 24</runs>
            <runs>0 51 20 10 2 2 21 32 24</runs>
            <runs>0 50 20 7 31 30 24</runs>
            <runs>0 49 20 8 33 28 19 1 5</runs>
            <runs>0 26 12 10 20 9 24 6 5 26 19 2 4</runs>
            <runs>0 21 46 10 18 14 4 25 19 3 3</runs>
            <runs>0 18 48 11 17 17 3 24 19 3 4</runs>
            <runs>0 16 49 11 17 46 17 4 4</runs>
            <runs>0 13 14 12 2 1 24 9 17 47 17 5 3</runs>
            <runs>0 11 13 18 25 8 15 49 17 5 3</runs>
            <runs>0 9 13 20 29 2 17 50 15 6 3</runs>
            <runs>0 8 12 21 48 53 12 7 3</runs>
            <runs>0 7 12 21 20 6 23 55 8 9 3</runs>
            <runs>0 6 12 16 25 11 19 58 1 13 3</runs>
            <runs>0 4 12 18 25 13 18 71 3</runs>
            <runs>0 4 12 18 25 13 19 70 3</runs>
            <runs>0 3 12 19 25 13 30 58 4</runs>
            <runs>0 1 13 19 20 19 16 1 14 57 4</runs>
            <runs>0 1 12 19 20 20 15 7 12 13 1 40 3</runs>
            <runs>12 19 20 21 15 9 13 10 1 39 4</runs>
            <runs>11 19 20 22 15 11 15 5 2 39 4</runs>
            <runs>11 18 19 24 15 17 19 35 4</runs>
            <runs>0 1 10 16 19 26 15 22 15 32 6</runs>
            <runs>0 3 10 10 21 29 14 25 17 26 6</runs>
            <runs>0 4 39 30 15 27 18 22 6</runs>
            <runs>0 7 34 32 15 27 24 14 7</runs>
            <runs>0 9 29 36 14 27 32 2 10</runs>
            <runs>0 12 25 37 15 25 4 9 31</runs>
            <runs>0 16 14 45 15 23 4 16 22</runs>
            <runs>0 76 14 22 4 23 13</runs>
            <runs>0 76 15 19 5</runs>
            <runs>0 77 16 16 5</runs>
            <runs>0 77 17 13 6</runs>
            <runs>0 78 24 3 7</runs>
            <runs>0 78 33</runs>
            <runs>0 78 31</runs>
            <runs>0 85 22</runs>
            <runs>0 88 17</runs>
            <runs>0 90 12</runs>
        </run-table>
    </sample>
    <sample shape="G_CLEF" interline="22" pitch="0.4" left="464" top="2281" id="527">
        <run-table orientation="VERTICAL" width="58" height="165">
            <runs>0 88 7</runs>
            <runs>0 77 25</runs>
            <runs>0 76 29</runs>
            <runs>0 74 34</runs>
            <runs>0 72 37</runs>
            <runs>0 71 39</runs>
            <runs>0 69 43</runs>
            <runs>0 67 46</runs>
            <runs>0 66 27 13 9</runs>
            <runs>0 65 25 20 7</runs>
            <runs>0 63 24 25 6</runs>
            <runs>0 61 24 29 5</runs>
            <runs>0 60 23 32 5 26 9</runs>
            <runs>0 56 25 35 8 20 12</runs>
            <runs>0 56 24 37 7 19 15</runs>
            <runs>0 56 24 38 2 21 19</runs>
            <runs>0 55 25 39 1 21 20</runs>
            <runs>0 54 21 65 21</runs>
            <runs>0 53 21 16 13 37 22</runs>
            <runs>0 52 21 15 17 34 24</runs>
            <runs>0 51 20 15 22 31 24</runs>
            <runs>0 50 20 14 26 29 24</runs>
            <runs>0 49 20 9 24 5 4 29 18 2 4</runs>
            <runs>0 48 19 11 19 12 4 27 17 3 4</runs>
            <runs>0 23 17 7 19 12 16 18 3 25 17 4 3</runs>
            <runs>0 20 45 13 15 47 17 4 4</runs>
            <runs>0 17 47 13 15 48 17 5 3</runs>
            <runs>0 15 14 4 31 13 14 50 15 6 3</runs>
            <runs>0 14 12 15 24 11 14 52 13 8 2</runs>
            <runs>0 12 11 18 28 6 15 53 11 9 2</runs>
            <runs>0 10 12 19 48 55 9 9 3</runs>
            <runs>0 8 12 20 19 8 22 59 1 13 3</runs>
            <runs>0 7 12 21 18 14 17 73 3</runs>
            <runs>0 6 12 20 20 16 15 73 3</runs>
            <runs>0 5 11 19 23 15 17 71 3</runs>
            <runs>0 4 11 20 24 14 24 64 3</runs>
            <runs>0 3 11 20 19 20 15 3 13 57 3</runs>
            <runs>0 2 11 20 18 22 14 11 10 12 1 40 3</runs>
            <runs>0 1 11 20 18 23 14 12 13 8 1 39 4</runs>
            <runs>12 19 18 24 14 12 17 3 2 38 4</runs>
            <runs>11 19 18 25 14 20 18 33 5</runs>
            <runs>11 17 19 27 13 24 18 28 5</runs>
            <runs>0 2 9 16 17 30 13 29 15 25 6</runs>
            <runs>0 4 9 13 16 32 13 30 20 17 6</runs>
            <runs>0 5 35 35 13 29 23 1 1 1 3 5 8</runs>
            <runs>0 7 32 36 13 28 4 9 29</runs>
            <runs>0 10 27 38 14 26 4 16 22</runs>
            <runs>0 15 22 39 14 25 3 20 16</runs>
            <runs>0 77 14 22 4</runs>
            <runs>0 78 14 20 4</runs>
            <runs>0 78 15 17 5</runs>
            <runs>0 78 16 14 6</runs>
            <runs>0 78 19 8 8</runs>
            <runs>0 78 33</runs>
            <runs>0 84 25</runs>
            <runs>0 85 22</runs>
            <runs>0 87 18</runs>
            <runs>0 93 10</runs>
        </run-table>
    </sample>
    <sample shape="G_CLEF" interline="22" pitch="0.5" left="460" top="2524" id="529">
        <run-table orientation="VERTICAL" width="58" height="163">
            <runs>0 84 16</runs>
            <runs>0 76 25</runs>
            <runs>0 74 29</runs>
            <runs>0 72 32</runs>
            <runs>0 69 37</runs>
            <runs>0 68 40</runs>
            <runs>0 66 43</runs>
            <runs>0 65 46</runs>
            <runs>0 63 27 16 7</runs>
            <runs>0 62 25 21 6</runs>
            <runs>0 61 24 24 6</runs>
            <runs>0 59 24 28 6 27 8</runs>
            <runs>0 54 27 32 8 21 12</runs>
            <runs>0 54 25 35 7 19 15</runs>
            <runs>0 54 24 37 7 17 18</runs>
            <runs>0 54 24 37 7 16 20</runs>
            <runs>0 54 24 38 2 19 21</runs>
            <runs>0 53 20 17 10 17 1 19 22</runs>
            <runs>0 52 19 15 15 16 1 19 22</runs>
            <runs>0 48 22 15 19 13 1 19 23</runs>
            <runs>0 48 21 14 23 30 24</runs>
            <runs>0 48 20 12 28 28 25</runs>
            <runs>0 32 1 14 20 8 25 5 4 27 19 2 4</runs>
            <runs>0 31 2 14 19 9 19 14 3 25 19 3 3</runs>
            <runs>0 22 19 5 19 10 17 17 3 24 19 4 3</runs>
            <runs>0 20 44 11 16 46 18 4 3</runs>
            <runs>0 18 46 11 14 49 16 5 3</runs>
            <runs>0 15 12 13 23 11 14 50 16 5 3</runs>
            <runs>0 13 11 17 24 8 15 51 13 7 3</runs>
            <runs>0 11 11 19 28 3 15 53 11 8 3</runs>
            <runs>0 9 12 19 20 1 26 54 8 10 3</runs>
            <runs>0 8 12 19 19 8 21 56 4 12 4</runs>
            <runs>0 6 13 19 20 11 18 72 4</runs>
            <runs>0 5 12 16 24 14 16 72 3</runs>
            <runs>0 4 12 17 24 14 29 58 4</runs>
            <runs>0 3 12 19 23 14 30 57 4</runs>
            <runs>0 2 12 19 25 13 15 4 13 55 3</runs>
            <runs>0 2 12 19 18 20 15 8 12 51 4</runs>
            <runs>0 1 12 19 18 21 14 11 17 44 4</runs>
            <runs>0 1 11 19 17 23 14 11 25 35 4</runs>
            <runs>11 18 18 24 14 19 18 34 4</runs>
            <runs>10 17 19 26 13 24 17 29 4</runs>
            <runs>0 1 10 14 19 28 14 27 19 21 6</runs>
            <runs>0 3 12 8 19 30 14 28 23 4 1 9 7</runs>
            <runs>0 5 35 33 14 27 31 1 10</runs>
            <runs>0 7 31 35 15 25 4 11 27</runs>
            <runs>0 10 27 37 14 23 5 16 22</runs>
            <runs>0 13 23 39 14 21 5 22 13</runs>
            <runs>0 20 3 52 14 20 5</runs>
            <runs>0 76 14 18 5</runs>
            <runs>0 76 15 15 6</runs>
            <runs>0 76 18 10 7</runs>
            <runs>0 76 34</runs>
            <runs>0 80 29</runs>
            <runs>0 83 23</runs>
            <runs>0 84 20</runs>
            <runs>0 87 15</runs>
            <runs>0 91 10</runs>
        </run-table>
    </sample>
    <sample shape="G_CLEF" interline="22" pitch="0.4" left="456" top="2885" id="570">
        <run-table orientation="VERTICAL" width="58" height="167">
            <runs>0 90 4</runs>
            <runs>0 84 19</runs>
            <runs>0 77 27</runs>
            <runs>0 74 33</runs>
            <runs>0 72 38</runs>
            <runs>0 70 42</runs>
            <runs>0 69 44</runs>
            <runs>0 67 47</runs>
            <runs>0 66 38 2 11</runs>
            <runs>0 64 28 16 10</runs>
            <runs>0 62 27 22 7</runs>
            <runs>0 56 30 28 5</runs>
            <runs>0 56 28 31 5 28 7</runs>
            <runs>0 56 26 34 4 26 11</runs>
            <runs>0 56 25 36 8 19 15</runs>
            <runs>0 56 25 37 7 18 17</runs>
            <runs>0 55 26 38 2 21 19</runs>
            <runs>0 54 22 44 1 20 21</runs>
            <runs>0 53 21 15 14 38 22</runs>
            <runs>0 52 20 14 19 35 24</runs>
            <runs>0 51 20 14 23 32 24</runs>
            <runs>0 50 20 14 26 30 25</runs>
            <runs>0 49 20 9 35 27 25</runs>
            <runs>0 32 2 15 18 11 19 12 5 26 19 2 4</runs>
            <runs>0 26 15 6 19 12 17 16 4 25 19 3 4</runs>
            <runs>0 20 45 13 16 20 2 24 19 3 4</runs>
            <runs>0 18 47 12 16 48 18 4 3</runs>
            <runs>0 16 48 13 15 49 17 5 3</runs>
            <runs>0 13 1 1 13 14 23 11 15 51 15 6 3</runs>
            <runs>0 11 13 19 26 5 16 53 14 6 3</runs>
            <runs>0 10 13 19 19 1 28 54 11 8 4</runs>
            <runs>0 8 13 19 19 7 23 57 8 9 4</runs>
            <runs>0 7 12 20 20 12 18 74 4</runs>
            <runs>0 5 13 16 25 14 16 74 4</runs>
            <runs>0 4 13 17 25 14 17 73 3</runs>
            <runs>0 4 12 18 25 14 30 60 3</runs>
            <runs>0 3 12 19 25 14 15 6 10 58 4</runs>
            <runs>0 1 13 20 20 19 15 9 10 55 4</runs>
            <runs>0 1 12 19 21 20 15 12 14 6 1 40 5</runs>
            <runs>13 18 20 22 14 13 18 1 2 39 5</runs>
            <runs>12 18 20 23 14 22 16 35 5</runs>
            <runs>12 16 21 24 15 23 18 30 5</runs>
            <runs>0 1 11 15 21 26 14 28 15 27 5</runs>
            <runs>0 2 12 11 20 29 14 29 20 19 6</runs>
            <runs>0 5 13 1 25 31 14 28 24 13 7</runs>
            <runs>0 7 35 33 14 27 4 10 30</runs>
            <runs>0 11 28 37 14 26 3 15 25</runs>
            <runs>0 14 23 39 14 25 4 17 21</runs>
            <runs>0 17 14 46 14 23 4 27 9</runs>
            <runs>0 77 16 19 5</runs>
            <runs>0 78 16 17 5</runs>
            <runs>0 78 17 13 6</runs>
            <runs>0 79 24 3 7</runs>
            <runs>0 78 33</runs>
            <runs>0 83 27</runs>
            <runs>0 86 21</runs>
            <runs>0 87 18</runs>
            <runs>0 92 11</runs>
        </run-table>
    </sample>
    <sample shape="F_CLEF" interline="22" pitch="-1.6" left="469" top="1309" id="381">
        <run-table orientation="VERTICAL" width="67" height="74">
            <runs>0 72 1</runs>
            <runs>0 71 3</runs>
            <runs>0 71 3</runs>
            <runs>0 71 3</runs>
            <runs>0 70 3</runs>
            <runs>0 70 3</runs>
            <runs>0 69 3</runs>
            <runs>0 69 3</runs>
            <runs>0 69 3</runs>
            <runs>0 17 7 44 3</runs>
            <runs>0 13 11 44 3</runs>
            <runs>0 10 15 42 3</runs>
            <runs>0 9 17 41 3</runs>
            <runs>0 8 19 40 2</runs>
            <runs>0 7 21 39 2</runs>
            <runs>0 6 22 39 1</runs>
            <runs>0 5 23 39 1</runs>
            <runs>0 4 25</runs>
            <runs>7 4 18</runs>
            <runs>0 4 2 5 18</runs>
            <runs>0 4 1 6 19</runs>
            <runs>0 4 1 6 18</runs>
            <runs>0 11 18</runs>
            <runs>0 12 16 32 7</runs>
            <runs>0 12 16 31 8</runs>
            <runs>0 13 15 29 10</runs>
            <runs>0 13 13 31 10</runs>
            <runs>0 14 11 31 6</runs>
            <runs>0 15 10 30 6</runs>
            <runs>0 53 7</runs>
            <runs>0 52 7</runs>
            <runs>0 51 8</runs>
            <runs>0 49 9</runs>
            <runs>0 48 9</runs>
            <runs>0 43 13</runs>
            <runs>0 4 1 38 12</runs>
            <runs>0 4 2 36 13</runs>
            <runs>7 32 15</runs>
            <runs>8 28 17</runs>
            <runs>10 23 19</runs>
            <runs>12 17 22</runs>
            <runs>15 1 2 2 30</runs>
            <runs>0 1 48</runs>
            <runs>0 1 46</runs>
            <runs>0 1 45</runs>
            <runs>0 1 45</runs>
            <runs>46</runs>
            <runs>0 5 41</runs>
            <runs>0 7 34</runs>
            <runs>0 8 31</runs>
            <runs>0 9 26</runs>
            <runs>0 10 24</runs>
            <runs>0 12 19</runs>
            <runs>0 15 14</runs>
            <runs>0 17 9</runs>
            <runs></runs>
            <runs></runs>
            <runs>0 34 6</runs>
            <runs>0 9 6 18 7</runs>
            <runs>0 8 8 16 9</runs>
            <runs>0 7 9 16 9</runs>
            <runs>0 7 9 16 10</runs>
            <runs>0 7 9 16 10</runs>
            <runs>0 7 9 16 9</runs>
            <runs>0 7 9 17 8</runs>
            <runs>0 8 7 20 5</runs>
            <runs>0 9 5</runs>
        </run-table>
    </sample>
    <sample shape="F_CLEF" interline="22" pitch="-1.5" left="466" top="1932" id="454">
        <run-table orientation="VERTICAL" width="65" height="75">
            <runs>0 72 3</runs>
            <runs>0 71 4</runs>
            <runs>0 71 4</runs>
            <runs>0 71 3</runs>
            <runs>0 70 4</runs>
            <runs>0 70 3</runs>
            <runs>0 70 3</runs>
            <runs>0 15 10 44 3</runs>
            <runs>0 13 12 43 4</runs>
            <runs>0 11 14 39 7</runs>
            <runs>0 10 17 37 7</runs>
            <runs>0 8 20 39 3</runs>
            <runs>0 6 22 39 3</runs>
            <runs>0 6 22 39 2</runs>
            <runs>0 6 23 38 2</runs>
            <runs>0 11 18 38 1</runs>
            <runs>0 11 18 38 1</runs>
            <runs>0 11 18</runs>
            <runs>0 11 18</runs>
            <runs>0 11 18 33 1</runs>
            <runs>0 12 17 32 2</runs>
            <runs>0 12 16 32 3</runs>
            <runs>0 12 16 32 3</runs>
            <runs>0 13 15 31 8</runs>
            <runs>0 14 13 31 9</runs>
            <runs>0 15 11 31 10</runs>
            <runs>0 16 9 30 7</runs>
            <runs>0 54 7</runs>
            <runs>0 53 7</runs>
            <runs>0 52 7</runs>
            <runs>0 51 8</runs>
            <runs>0 49 9</runs>
            <runs>0 43 14</runs>
            <runs>0 43 13</runs>
            <runs>0 42 13</runs>
            <runs>7 32 15</runs>
            <runs>9 28 16</runs>
            <runs>10 23 19</runs>
            <runs>12 18 21</runs>
            <runs>50</runs>
            <runs>49</runs>
            <runs>48</runs>
            <runs>47</runs>
            <runs>47</runs>
            <runs>46</runs>
            <runs>0 5 41</runs>
            <runs>0 6 34</runs>
            <runs>0 8 30</runs>
            <runs>0 9 27</runs>
            <runs>0 10 23</runs>
            <runs>0 12 19</runs>
            <runs>0 17 12</runs>
            <runs></runs>
            <runs></runs>
            <runs></runs>
            <runs>0 34 4</runs>
            <runs>0 8 6 19 7</runs>
            <runs>0 7 8 17 8</runs>
            <runs>0 7 8 17 9</runs>
            <runs>0 6 9 17 9</runs>
            <runs>0 6 9 17 9</runs>
            <runs>0 6 9 18 8</runs>
            <runs>0 7 8 18 7</runs>
            <runs>0 8 6 20 5</runs>
            <runs>0 10 3 23 2</runs>
        </run-table>
    </sample>
    <sample shape="F_CLEF" interline="22" pitch="-1.5" left="448" top="3228" id="580">
        <run-table orientation="VERTICAL" width="66" height="75">
            <runs>0 72 2</runs>
            <runs>0 71 4</runs>
            <runs>0 71 4</runs>
            <runs>0 71 3</runs>
            <runs>0 70 4</runs>
            <runs>0 70 3</runs>
            <runs>0 70 3</runs>
            <runs>0 69 3</runs>
            <runs>0 19 2 48 3</runs>
            <runs>0 14 11 39 8</runs>
            <runs>0 12 13 39 7</runs>
            <runs>0 9 17</runs>
            <runs>0 7 20</runs>
            <runs>0 6 22</runs>
            <runs>0 5 24</runs>
            <runs>29</runs>
            <runs>29</runs>
            <runs>8 2 19 34 1</runs>
            <runs>0 4 2 4 20 32 2</runs>
            <runs>0 4 1 5 20 32 2</runs>
            <runs>0 4 1 6 18 32 3</runs>
            <runs>0 11 18 31 7</runs>
            <runs>0 11 18 30 8</runs>
            <runs>0 11 17 31 8</runs>
            <runs>0 12 16 29 10</runs>
            <runs>0 13 14 30 10</runs>
            <runs>0 14 12 30 11</runs>
            <runs>0 15 10 30 7</runs>
            <runs>0 18 7 29 7</runs>
            <runs>0 52 8</runs>
            <runs>0 51 8</runs>
            <runs>0 50 9</runs>
            <runs>0 43 15</runs>
            <runs>0 4 1 38 14</runs>
            <runs>0 4 2 37 13</runs>
            <runs>0 4 2 36 13</runs>
            <runs>7 34 14</runs>
            <runs>8 30 16</runs>
            <runs>10 24 18</runs>
            <runs>13 16 22</runs>
            <runs>17 3 30</runs>
            <runs>49</runs>
            <runs>48</runs>
            <runs>47</runs>
            <runs>46</runs>
            <runs>46</runs>
            <runs>0 6 40</runs>
            <runs>0 7 34</runs>
            <runs>0 8 30</runs>
            <runs>0 9 28</runs>
            <runs>0 11 24</runs>
            <runs>0 12 21</runs>
            <runs>0 15 14</runs>
            <runs></runs>
            <runs></runs>
            <runs></runs>
            <runs>0 34 5</runs>
            <runs>0 9 6 18 7</runs>
            <runs>0 8 8 17 8</runs>
            <runs>0 7 9 17 8</runs>
            <runs>0 6 10 17 13</runs>
            <runs>0 6 10 17 14</runs>
            <runs>0 6 10 17 14</runs>
            <runs>0 7 9 17 8</runs>
            <runs>0 7 8 19 6</runs>
            <runs>0 9 5</runs>
        </run-table>
    </sample>
    <sample shape="F_CLEF" interline="22" pitch="-1.7" left="478" top="1309" id="382">
        <run-table orientation="VERTICAL" width="58" height="67">
            <runs>0 17 7</runs>
            <runs>0 13 11</runs>
            <runs>0 10 15</runs>
            <runs>0 9 17</runs>
            <runs>0 8 19</runs>
            <runs>0 7 21</runs>
            <runs>0 6 22</runs>
            <runs>0 5 23</runs>
            <runs>0 4 25</runs>
            <runs>7 4 18</runs>
            <runs>0 4 2 5 18</runs>
            <runs>0 4 1 6 19</runs>
            <runs>0 4 1 6 18</runs>
            <runs>0 11 18</runs>
            <runs>0 12 16 32 7</runs>
            <runs>0 12 16 31 8</runs>
            <runs>0 13 15 29 10</runs>
            <runs>0 13 13 31 10</runs>
            <runs>0 14 11 31 6</runs>
            <runs>0 15 10 30 6</runs>
            <runs>0 53 7</runs>
            <runs>0 52 7</runs>
            <runs>0 51 8</runs>
            <runs>0 49 9</runs>
            <runs>0 48 9</runs>
            <runs>0 43 13</runs>
            <runs>0 4 1 38 12</runs>
            <runs>0 4 2 36 13</runs>
            <runs>7 32 15</runs>
            <runs>8 28 17</runs>
            <runs>10 23 19</runs>
            <runs>12 17 22</runs>
            <runs>15 1 2 2 30</runs>
            <runs>0 1 48</runs>
            <runs>0 1 46</runs>
            <runs>0 1 45</runs>
            <runs>0 1 45</runs>
            <runs>46</runs>
            <runs>0 5 41</runs>
            <runs>0 7 34</runs>
            <runs>0 8 31</runs>
            <runs>0 9 26</runs>
            <runs>0 10 24</runs>
            <runs>0 12 19</runs>
            <runs>0 15 14</runs>
            <runs>0 17 9</runs>
            <runs></runs>
            <runs></runs>
            <runs>0 34 6</runs>
            <runs>0 9 6 18 7</runs>
            <runs>0 8 8 16 9</runs>
            <runs>0 7 9 16 9</runs>
            <runs>0 7 9 16 10</runs>
            <runs>0 7 9 16 10</runs>
            <runs>0 7 9 16 9</runs>
            <runs>0 7 9 17 8</runs>
            <runs>0 8 7 20 5</runs>
            <runs>0 9 5</runs>
        </run-table>
    </sample>
    <sample shape="F_CLEF" interline="22" pitch="-1.7" left="473" top="1932" id="459">
        <run-table orientation="VERTICAL" width="58" height="67">
            <runs>0 15 10</runs>
            <runs>0 13 12</runs>
            <runs>0 11 14</runs>
            <runs>0 10 17</runs>
            <runs>0 8 20</runs>
            <runs>0 6 22</runs>
            <runs>0 6 22</runs>
            <runs>0 6 23</runs>
            <runs>0 11 18</runs>
            <runs>0 11 18</runs>
            <runs>0 11 18</runs>
            <runs>0 11 18</runs>
            <runs>0 11 18 33 1</runs>
            <runs>0 12 17 32 2</runs>
            <runs>0 12 16 32 3</runs>
            <runs>0 12 16 32 3</runs>
            <runs>0 13 15 31 8</runs>
            <runs>0 14 13 31 9</runs>
            <runs>0 15 11 31 10</runs>
            <runs>0 16 9 30 7</runs>
            <runs>0 54 7</runs>
            <runs>0 53 7</runs>
            <runs>0 52 7</runs>
            <runs>0 51 8</runs>
            <runs>0 49 9</runs>
            <runs>0 43 14</runs>
            <runs>0 43 13</runs>
            <runs>0 42 13</runs>
            <runs>7 32 15</runs>
            <runs>9 28 16</runs>
            <runs>10 23 19</runs>
            <runs>12 18 21</runs>
            <runs>50</runs>
            <runs>49</runs>
            <runs>48</runs>
            <runs>47</runs>
            <runs>47</runs>
            <runs>46</runs>
            <runs>0 5 41</runs>
            <runs>0 6 34</runs>
            <runs>0 8 30</runs>
            <runs>0 9 27</runs>
            <runs>0 10 23</runs>
            <runs>0 12 19</runs>
            <runs>0 17 12</runs>
            <runs></runs>
            <runs></runs>
            <runs></runs>
            <runs>0 34 4</runs>
            <runs>0 8 6 19 7</runs>
            <runs>0 7 8 17 8</runs>
            <runs>0 7 8 17 9</runs>
            <runs>0 6 9 17 9</runs>
            <runs>0 6 9 17 9</runs>
            <runs>0 6 9 18 8</runs>
            <runs>0 7 8 18 7</runs>
            <runs>0 8 6 20 5</runs>
            <runs>0 10 3 23 2</runs>
        </run-table>
    </sample>
    <sample shape="F_CLEF" interline="22" pitch="-1.7" left="456" top="3228" id="587">
        <run-table orientation="VERTICAL" width="58" height="67">
            <runs>0 19 2</runs>
            <runs>0 14 11</runs>
            <runs>0 12 13</runs>
            <runs>0 9 17</runs>
            <runs>0 7 20</runs>
            <runs>0 6 22</runs>
            <runs>0 5 24</runs>
            <runs>29</runs>
            <runs>29</runs>
            <runs>8 2 19 34 1</runs>
            <runs>0 4 2 4 20 32 2</runs>
            <runs>0 4 1 5 20 32 2</runs>
            <runs>0 4 1 6 18 32 3</runs>
            <runs>0 11 18 31 7</runs>
            <runs>0 11 18 30 8</runs>
            <runs>0 11 17 31 8</runs>
            <runs>0 12 16 29 10</runs>
            <runs>0 13 14 30 10</runs>
            <runs>0 14 12 30 11</runs>
            <runs>0 15 10 30 7</runs>
            <runs>0 18 7 29 7</runs>
            <runs>0 52 8</runs>
            <runs>0 51 8</runs>
            <runs>0 50 9</runs>
            <runs>0 43 15</runs>
            <runs>0 4 1 38 14</runs>
            <runs>0 4 2 37 13</runs>
            <runs>0 4 2 36 13</runs>
            <runs>7 34 14</runs>
            <runs>8 30 16</runs>
            <runs>10 24 18</runs>
            <runs>13 16 22</runs>
            <runs>17 3 30</runs>
            <runs>49</runs>
            <runs>48</runs>
            <runs>47</runs>
            <runs>46</runs>
            <runs>46</runs>
            <runs>0 6 40</runs>
            <runs>0 7 34</runs>
            <runs>0 8 30</runs>
            <runs>0 9 28</runs>
            <runs>0 11 24</runs>
            <runs>0 12 21</runs>
            <runs>0 15 14</runs>
            <runs></runs>
            <runs></runs>
            <runs></runs>
            <runs>0 34 5</runs>
            <runs>0 9 6 18 7</runs>
            <runs>0 8 8 17 8</runs>
            <runs>0 7 9 17 8</runs>
            <runs>0 6 10 17 13</runs>
            <runs>0 6 10 17 14</runs>
            <runs>0 6 10 17 14</runs>
            <runs>0 7 9 17 8</runs>
            <runs>0 7 8 19 6</runs>
            <runs>0 9 5</runs>
        </run-table>
    </sample>
    <sample shape="FLAT" interline="22" pitch="-0.6" left="557" top="480" id="293">
        <run-table orientation="VERTICAL" width="20" height="55">
            <runs>0 1 53</runs>
            <runs>55</runs>
            <runs>39 9 6</runs>
            <runs>0 1 3 1 13 8 5 18 4</runs>
            <runs>0 26 4 18 4</runs>
            <runs>0 26 3 18 4</runs>
            <runs>0 26 2 17 4</runs>
            <runs>0 25 2 17 4</runs>
            <runs>0 25 2 15 5</runs>
            <runs>0 24 3 9 11</runs>
            <runs>0 24 2 10 10</runs>
            <runs>0 25 2 9 9</runs>
            <runs>0 25 3 7 9</runs>
            <runs>0 25 18</runs>
            <runs>0 25 17</runs>
            <runs>0 25 16</runs>
            <runs>0 26 14</runs>
            <runs>0 27 12</runs>
            <runs>0 27 12</runs>
            <runs>0 29 10</runs>
        </run-table>
    </sample>
    <sample shape="FLAT" interline="22" pitch="-3.7" left="580" top="447" id="304">
        <run-table orientation="VERTICAL" width="20" height="55">
            <runs>0 1 32 6 3</runs>
            <runs>54</runs>
            <runs>55</runs>
            <runs>4 3 14 3 8 15 7</runs>
            <runs>0 51 2</runs>
            <runs>0 51 1</runs>
            <runs>0 45 2</runs>
            <runs>0 44 7</runs>
            <runs>0 42 9</runs>
            <runs>0 42 9</runs>
            <runs>0 40 11</runs>
            <runs>0 39 7</runs>
            <runs>0 37 8</runs>
            <runs>0 25 8 2 8</runs>
            <runs>0 25 17</runs>
            <runs>0 25 16</runs>
            <runs>0 25 15</runs>
            <runs>0 26 13</runs>
            <runs>0 26 11</runs>
            <runs>0 26 9</runs>
        </run-table>
    </sample>
    <sample shape="FLAT" interline="22" pitch="0.4" left="602" top="491" id="301">
        <run-table orientation="VERTICAL" width="20" height="55">
            <runs>0 1 54</runs>
            <runs>55</runs>
            <runs>0 1 35 4 1 4 10</runs>
            <runs>0 1 8 8 3 5 8 14 7</runs>
            <runs>0 29 2 20 2</runs>
            <runs>0 29 1 21 1</runs>
            <runs></runs>
            <runs>0 45 2</runs>
            <runs>0 44 3</runs>
            <runs>0 43 7</runs>
            <runs>0 41 9</runs>
            <runs>0 37 9</runs>
            <runs>0 25 19</runs>
            <runs>0 25 18</runs>
            <runs>0 25 17</runs>
            <runs>0 25 17</runs>
            <runs>0 26 14</runs>
            <runs>0 26 13</runs>
            <runs>0 26 10</runs>
            <runs>0 31 3</runs>
        </run-table>
    </sample>
    <sample shape="FLAT" interline="22" pitch="-2.5" left="624" top="460" id="298">
        <run-table orientation="VERTICAL" width="21" height="54">
            <runs>0 52 1</runs>
            <runs>0 23 3 2 26</runs>
            <runs>54</runs>
            <runs>41 7 6</runs>
            <runs>21 2 10 15 5</runs>
            <runs>4 22 5 17 4</runs>
            <runs>0 26 4 17 4</runs>
            <runs>0 25 4 16 5</runs>
            <runs>0 25 4 15 5</runs>
            <runs>0 25 3 15 5</runs>
            <runs>0 25 2 14 5</runs>
            <runs>0 25 3 8 10</runs>
            <runs>0 25 3 8 8</runs>
            <runs>0 25 4 6 8</runs>
            <runs>0 25 17</runs>
            <runs>0 25 16</runs>
            <runs>0 25 15</runs>
            <runs>0 26 14</runs>
            <runs>0 26 13</runs>
            <runs>0 28 10</runs>
            <runs>0 29 10</runs>
        </run-table>
    </sample>
    <sample shape="FLAT" interline="22" pitch="1.5" left="643" top="504" id="299">
        <run-table orientation="VERTICAL" width="22" height="55">
            <runs>0 49 1 2 1</runs>
            <runs>0 2 5 13 35</runs>
            <runs>0 1 54</runs>
            <runs>39 2 2 6 5</runs>
            <runs>18 8 12 11 5</runs>
            <runs>0 27 3 18 4</runs>
            <runs>0 27 1 19 4</runs>
            <runs>0 26 2 17 5</runs>
            <runs>0 25 3 16 5</runs>
            <runs>0 24 4 14 6</runs>
            <runs>0 24 5 12 7</runs>
            <runs>0 23 9 8 7</runs>
            <runs>0 23 10 2 11</runs>
            <runs>0 24 21</runs>
            <runs>0 24 20</runs>
            <runs>0 24 20</runs>
            <runs>0 24 18</runs>
            <runs>0 25 15</runs>
            <runs>0 25 14</runs>
            <runs>0 26 12</runs>
            <runs>0 28 10</runs>
            <runs>0 28 10</runs>
        </run-table>
    </sample>
    <sample shape="FLAT" interline="22" pitch="-0.6" left="554" top="695" id="311">
        <run-table orientation="VERTICAL" width="20" height="55">
            <runs>0 2 5 5 7 7 2 19 2 3 2</runs>
            <runs>0 1 54</runs>
            <runs>55</runs>
            <runs>34 14 6</runs>
            <runs>0 1 1 1 4 20 4 17 5</runs>
            <runs>0 27 3 17 5</runs>
            <runs>0 26 3 17 4</runs>
            <runs>0 26 2 17 4</runs>
            <runs>0 25 2 17 4</runs>
            <runs>0 25 2 16 4</runs>
            <runs>0 25 2 14 6</runs>
            <runs>0 25 3 8 10</runs>
            <runs>0 25 3 8 8</runs>
            <runs>0 25 5 4 9</runs>
            <runs>0 25 17</runs>
            <runs>0 25 17</runs>
            <runs>0 26 14</runs>
            <runs>0 26 14</runs>
            <runs>0 27 12</runs>
            <runs>0 28 11</runs>
        </run-table>
    </sample>
    <sample shape="FLAT" interline="22" pitch="-3.8" left="577" top="662" id="319">
        <run-table orientation="VERTICAL" width="20" height="54">
            <runs>0 1 16 1 23 4 7</runs>
            <runs>54</runs>
            <runs>36 1 2 5 10</runs>
            <runs>7 1 14 2 8 19 2</runs>
            <runs>0 51 1</runs>
            <runs>0 46 1</runs>
            <runs>0 45 2</runs>
            <runs>0 44 3</runs>
            <runs>0 43 7</runs>
            <runs>0 41 9</runs>
            <runs>0 39 7</runs>
            <runs>0 38 7</runs>
            <runs>0 36 7</runs>
            <runs>0 25 17</runs>
            <runs>0 25 16</runs>
            <runs>0 25 15</runs>
            <runs>0 26 13</runs>
            <runs>0 26 12</runs>
            <runs>0 26 11</runs>
            <runs>0 26 9</runs>
        </run-table>
    </sample>
    <sample shape="FLAT" interline="22" pitch="0.2" left="598" top="704" id="322">
        <run-table orientation="VERTICAL" width="21" height="55">
            <runs>0 3 7 2 6 2 2 8 2</runs>
            <runs>0 1 53</runs>
            <runs>55</runs>
            <runs>0 1 40 3 2 2 7</runs>
            <runs></runs>
            <runs>0 48 1</runs>
            <runs>0 47 2</runs>
            <runs>0 46 3</runs>
            <runs>0 44 8</runs>
            <runs>0 43 9</runs>
            <runs>0 41 6</runs>
            <runs>0 40 7</runs>
            <runs>0 38 8</runs>
            <runs>0 36 8</runs>
            <runs>0 25 18</runs>
            <runs>0 25 17</runs>
            <runs>0 26 15</runs>
            <runs>0 27 13</runs>
            <runs>0 27 11</runs>
            <runs>0 27 9</runs>
            <runs>0 27 7</runs>
        </run-table>
    </sample>
    <sample shape="FLAT" interline="22" pitch="-2.5" left="621" top="676" id="316">
        <run-table orientation="VERTICAL" width="20" height="54">
            <runs>0 1 28 3 9 9 1</runs>
            <runs>54</runs>
            <runs>39 6 9</runs>
            <runs>9 10 1 4 7 16 6</runs>
            <runs>0 26 3 18 5</runs>
            <runs>0 26 2 18 4</runs>
            <runs>0 25 2 18 4</runs>
            <runs>0 25 2 17 4</runs>
            <runs>0 24 3 16 4</runs>
            <runs>0 24 2 15 5</runs>
            <runs>0 24 2 13 6</runs>
            <runs>0 24 3 7 9</runs>
            <runs>0 24 4 6 9</runs>
            <runs>0 24 18</runs>
            <runs>0 24 17</runs>
            <runs>0 25 15</runs>
            <runs>0 25 14</runs>
            <runs>0 26 12</runs>
            <runs>0 26 11</runs>
            <runs>0 28 9</runs>
        </run-table>
    </sample>
    <sample shape="FLAT" interline="22" pitch="1.5" left="641" top="718" id="317">
        <run-table orientation="VERTICAL" width="20" height="55">
            <runs>0 1 41 1 11</runs>
            <runs>55</runs>
            <runs>0 1 39 3 12</runs>
            <runs>0 6 11 8 7 15 7</runs>
            <runs>0 26 4 17 5</runs>
            <runs>0 26 3 18 4</runs>
            <runs>0 26 2 17 5</runs>
            <runs>0 25 2 17 5</runs>
            <runs>0 25 2 15 6</runs>
            <runs>0 25 2 14 6</runs>
            <runs>0 25 2 13 6</runs>
            <runs>0 24 4 8 9</runs>
            <runs>0 24 5 6 9</runs>
            <runs>0 24 19</runs>
            <runs>0 24 18</runs>
            <runs>0 25 16</runs>
            <runs>0 25 15</runs>
            <runs>0 26 12</runs>
            <runs>0 27 11</runs>
            <runs>0 30 8</runs>
        </run-table>
    </sample>
    <sample shape="FLAT" interline="22" pitch="-0.7" left="553" top="1042" id="402">
        <run-table orientation="VERTICAL" width="20" height="53">
            <runs>45 2 5</runs>
            <runs>53</runs>
            <runs>31 15 7</runs>
            <runs>0 24 6 17 5</runs>
            <runs>0 25 4 17 5</runs>
            <runs>0 24 4 17 5</runs>
            <runs>0 24 3 17 4</runs>
            <runs>0 24 2 17 4</runs>
            <runs>0 24 2 16 4</runs>
            <runs>0 23 3 10 9</runs>
            <runs>0 23 3 10 8</runs>
            <runs>0 23 4 9 7</runs>
            <runs>0 23 5 7 7</runs>
            <runs>0 24 17</runs>
            <runs>0 24 16</runs>
            <runs>0 24 15</runs>
            <runs>0 25 14</runs>
            <runs>0 26 13</runs>
            <runs>0 26 13</runs>
            <runs>0 28 5</runs>
        </run-table>
    </sample>
    <sample shape="FLAT" interline="22" pitch="-3.8" left="574" top="1009" id="413">
        <run-table orientation="VERTICAL" width="20" height="54">
            <runs>0 1 29</runs>
            <runs>53</runs>
            <runs>54</runs>
            <runs>0 1 4 1 3 2 11 3 8 14 7</runs>
            <runs>0 30 2 19 2</runs>
            <runs>0 51 1</runs>
            <runs>0 46 1</runs>
            <runs>0 25 1 19 2</runs>
            <runs>0 25 1 18 3</runs>
            <runs>0 25 1 16 8</runs>
            <runs>0 25 1 15 9</runs>
            <runs>0 24 2 13 7</runs>
            <runs>0 24 2 12 7</runs>
            <runs>0 24 20</runs>
            <runs>0 25 17</runs>
            <runs>0 25 16</runs>
            <runs>0 25 15</runs>
            <runs>0 26 13</runs>
            <runs>0 26 12</runs>
            <runs>0 26 10</runs>
        </run-table>
    </sample>
    <sample shape="FLAT" interline="22" pitch="0.2" left="595" top="1053" id="412">
        <run-table orientation="VERTICAL" width="21" height="53">
            <runs>0 1 19</runs>
            <runs>41</runs>
            <runs>53</runs>
            <runs>53</runs>
            <runs>0 24 7 19 3</runs>
            <runs>0 50 2</runs>
            <runs></runs>
            <runs></runs>
            <runs>0 44 1</runs>
            <runs>0 43 2</runs>
            <runs>0 42 7</runs>
            <runs>0 40 5</runs>
            <runs>0 37 7</runs>
            <runs>0 33 10</runs>
            <runs>0 23 19</runs>
            <runs>0 24 17</runs>
            <runs>0 24 16</runs>
            <runs>0 25 14</runs>
            <runs>0 25 12</runs>
            <runs>0 25 10</runs>
            <runs>0 25 7</runs>
        </run-table>
    </sample>
    <sample shape="FLAT" interline="22" pitch="-2.6" left="619" top="1021" id="407">
        <run-table orientation="VERTICAL" width="21" height="54">
            <runs>0 6 2 4 2</runs>
            <runs>0 1 53</runs>
            <runs>54</runs>
            <runs>0 1 32 15 6</runs>
            <runs>0 5 1 3 9 9 5 16 5</runs>
            <runs>0 27 3 18 4</runs>
            <runs>0 26 3 18 4</runs>
            <runs>0 26 3 16 5</runs>
            <runs>0 25 3 16 4</runs>
            <runs>0 25 3 15 4</runs>
            <runs>0 25 3 13 6</runs>
            <runs>0 25 3 8 10</runs>
            <runs>0 25 3 8 8</runs>
            <runs>0 25 4 6 8</runs>
            <runs>0 25 17</runs>
            <runs>0 25 17</runs>
            <runs>0 26 14</runs>
            <runs>0 26 14</runs>
            <runs>0 27 12</runs>
            <runs>0 28 11</runs>
            <runs>0 30 9</runs>
        </run-table>
    </sample>
    <sample shape="FLAT" interline="22" pitch="1.6" left="639" top="1067" id="408">
        <run-table orientation="VERTICAL" width="20" height="57">
            <runs>0 1 35</runs>
            <runs>57</runs>
            <runs>57</runs>
            <runs>0 1 35 12 9</runs>
            <runs>0 26 5 17 5</runs>
            <runs>0 26 4 17 5</runs>
            <runs>0 26 3 16 5</runs>
            <runs>0 25 3 16 5</runs>
            <runs>0 25 2 16 5</runs>
            <runs>0 24 3 15 5</runs>
            <runs>0 24 3 13 6</runs>
            <runs>0 24 4 10 7</runs>
            <runs>0 24 4 5 11</runs>
            <runs>0 24 6 2 11</runs>
            <runs>0 24 18</runs>
            <runs>0 25 16</runs>
            <runs>0 25 15</runs>
            <runs>0 26 13</runs>
            <runs>0 27 10</runs>
            <runs>0 28 8</runs>
        </run-table>
    </sample>
    <sample shape="FLAT" interline="22" pitch="1.4" left="549" top="1338" id="420">
        <run-table orientation="VERTICAL" width="21" height="54">
            <runs>0 1 24 8 7 10 2</runs>
            <runs>54</runs>
            <runs>54</runs>
            <runs>40 7 6</runs>
            <runs>0 1 1 24 4 17 5</runs>
            <runs>0 26 3 17 5</runs>
            <runs>0 25 3 17 5</runs>
            <runs>0 25 2 16 6</runs>
            <runs>0 25 2 15 6</runs>
            <runs>0 24 3 13 7</runs>
            <runs>0 24 3 9 10</runs>
            <runs>0 24 3 9 9</runs>
            <runs>0 24 4 6 10</runs>
            <runs>0 24 19</runs>
            <runs>0 24 18</runs>
            <runs>0 24 17</runs>
            <runs>0 25 15</runs>
            <runs>0 26 13</runs>
            <runs>0 26 12</runs>
            <runs>0 27 11</runs>
            <runs>0 29 3</runs>
        </run-table>
    </sample>
    <sample shape="FLAT" interline="22" pitch="-1.7" left="572" top="1306" id="432">
        <run-table orientation="VERTICAL" width="20" height="53">
            <runs>0 41 1 7 2</runs>
            <runs>53</runs>
            <runs>53</runs>
            <runs>32 14 7</runs>
            <runs>0 1 3</runs>
            <runs></runs>
            <runs></runs>
            <runs></runs>
            <runs>0 42 7</runs>
            <runs>0 41 7</runs>
            <runs>0 39 6</runs>
            <runs>0 38 6</runs>
            <runs>0 36 7</runs>
            <runs>0 33 9</runs>
            <runs>0 24 17</runs>
            <runs>0 24 16</runs>
            <runs>0 25 14</runs>
            <runs>0 25 12</runs>
            <runs>0 25 11</runs>
            <runs>0 25 10</runs>
        </run-table>
    </sample>
    <sample shape="FLAT" interline="22" pitch="2.4" left="593" top="1348" id="429">
        <run-table orientation="VERTICAL" width="21" height="53">
            <runs>0 12 2</runs>
            <runs>0 1 51</runs>
            <runs>53</runs>
            <runs>0 1 36 7 9</runs>
            <runs>0 2 2 25 2 19 2</runs>
            <runs>0 29 1 20 1</runs>
            <runs>0 45 1</runs>
            <runs>0 44 2</runs>
            <runs>0 43 3</runs>
            <runs>0 42 7</runs>
            <runs>0 41 8</runs>
            <runs>0 40 9</runs>
            <runs>0 37 7</runs>
            <runs>0 35 8</runs>
            <runs>0 31 11</runs>
            <runs>0 25 16</runs>
            <runs>0 25 14</runs>
            <runs>0 25 14</runs>
            <runs>0 26 11</runs>
            <runs>0 26 10</runs>
            <runs>0 28 4</runs>
        </run-table>
    </sample>
    <sample shape="FLAT" interline="22" pitch="-0.7" left="617" top="1317" id="425">
        <run-table orientation="VERTICAL" width="20" height="53">
            <runs>0 1 22 3 26</runs>
            <runs>53</runs>
            <runs>33 14 5</runs>
            <runs>9 2 1 13 5 17 4</runs>
            <runs>0 25 3 18 3</runs>
            <runs>0 25 2 18 3</runs>
            <runs>0 24 3 17 4</runs>
            <runs>0 24 2 16 5</runs>
            <runs>0 24 2 15 5</runs>
            <runs>0 23 3 9 10</runs>
            <runs>0 23 3 9 9</runs>
            <runs>0 23 4 8 7</runs>
            <runs>0 23 5 6 8</runs>
            <runs>0 23 18</runs>
            <runs>0 24 16</runs>
            <runs>0 24 15</runs>
            <runs>0 25 13</runs>
            <runs>0 26 12</runs>
            <runs>0 27 11</runs>
            <runs>0 29 4</runs>
        </run-table>
    </sample>
    <sample shape="FLAT" interline="22" pitch="3.4" left="638" top="1360" id="426">
        <run-table orientation="VERTICAL" width="20" height="53">
            <runs>0 1 24 2 12 6 3 1 2</runs>
            <runs>53</runs>
            <runs>39 6 8</runs>
            <runs>0 1 5 3 1 14 6 16 6</runs>
            <runs>0 25 4 17 5</runs>
            <runs>0 25 3 17 4</runs>
            <runs>0 25 2 17 5</runs>
            <runs>0 24 3 16 4</runs>
            <runs>0 24 2 16 4</runs>
            <runs>0 24 2 14 5</runs>
            <runs>0 24 2 9 9</runs>
            <runs>0 24 3 8 8</runs>
            <runs>0 24 4 6 9</runs>
            <runs>0 24 18</runs>
            <runs>0 24 17</runs>
            <runs>0 24 16</runs>
            <runs>0 25 13</runs>
            <runs>0 26 12</runs>
            <runs>0 27 11</runs>
            <runs>0 28 10</runs>
        </run-table>
    </sample>
    <sample shape="FLAT" interline="22" pitch="-0.7" left="548" top="1686" id="475">
        <run-table orientation="VERTICAL" width="20" height="54">
            <runs>0 2 52</runs>
            <runs>54</runs>
            <runs>40 7 7</runs>
            <runs>21 3 8 15 6</runs>
            <runs>0 26 4 17 5</runs>
            <runs>0 26 3 17 5</runs>
            <runs>0 26 2 17 4</runs>
            <runs>0 25 3 16 4</runs>
            <runs>0 25 3 15 4</runs>
            <runs>0 25 3 9 9</runs>
            <runs>0 25 3 9 8</runs>
            <runs>0 25 4 8 7</runs>
            <runs>0 25 5 5 8</runs>
            <runs>0 25 17</runs>
            <runs>0 25 17</runs>
            <runs>0 26 15</runs>
            <runs>0 26 14</runs>
            <runs>0 27 13</runs>
            <runs>0 28 12</runs>
            <runs>0 31 2</runs>
        </run-table>
    </sample>
    <sample shape="FLAT" interline="22" pitch="-4.0" left="570" top="1653" id="497">
        <run-table orientation="VERTICAL" width="20" height="54">
            <runs>0 3 5 1 2 4 4 4 1 12 2</runs>
            <runs>43 2 9</runs>
            <runs>42 1 11</runs>
            <runs>34</runs>
            <runs>0 1 8</runs>
            <runs></runs>
            <runs></runs>
            <runs></runs>
            <runs>0 44 7</runs>
            <runs>0 42 9</runs>
            <runs>0 40 7</runs>
            <runs>0 39 7</runs>
            <runs>0 37 8</runs>
            <runs>0 25 7 2 10</runs>
            <runs>0 25 18</runs>
            <runs>0 25 16</runs>
            <runs>0 26 14</runs>
            <runs>0 26 13</runs>
            <runs>0 27 10</runs>
            <runs>0 27 9</runs>
        </run-table>
    </sample>
    <sample shape="FLAT" interline="22" pitch="0.3" left="592" top="1697" id="489">
        <run-table orientation="VERTICAL" width="20" height="54">
            <runs>0 2 8 3 2 2 5 2 18 3 7</runs>
            <runs>0 1 53</runs>
            <runs>43 2 9</runs>
            <runs>32 19 2</runs>
            <runs>0 51 1</runs>
            <runs></runs>
            <runs>0 46 1</runs>
            <runs>0 45 2</runs>
            <runs>0 43 7</runs>
            <runs>0 42 8</runs>
            <runs>0 40 6</runs>
            <runs>0 38 7</runs>
            <runs>0 36 8</runs>
            <runs>0 24 8 1 10</runs>
            <runs>0 25 17</runs>
            <runs>0 25 16</runs>
            <runs>0 26 14</runs>
            <runs>0 26 14</runs>
            <runs>0 26 12</runs>
            <runs>0 26 8</runs>
        </run-table>
    </sample>
    <sample shape="FLAT" interline="22" pitch="-2.6" left="616" top="1666" id="481">
        <run-table orientation="VERTICAL" width="21" height="53">
            <runs>0 47 5</runs>
            <runs>0 1 52</runs>
            <runs>41 2 10</runs>
            <runs>33 16 4</runs>
            <runs>0 1 9 7 2 7 5 17 4</runs>
            <runs>0 26 4 17 4</runs>
            <runs>0 26 3 17 3</runs>
            <runs>0 26 2 16 5</runs>
            <runs>0 26 1 16 5</runs>
            <runs>0 25 2 15 5</runs>
            <runs>0 25 2 13 6</runs>
            <runs>0 25 3 8 9</runs>
            <runs>0 25 4 7 8</runs>
            <runs>0 25 5 5 8</runs>
            <runs>0 25 17</runs>
            <runs>0 25 16</runs>
            <runs>0 26 14</runs>
            <runs>0 26 13</runs>
            <runs>0 27 12</runs>
            <runs>0 28 11</runs>
            <runs>0 30 9</runs>
        </run-table>
    </sample>
    <sample shape="FLAT" interline="22" pitch="1.3" left="635" top="1710" id="482">
        <run-table orientation="VERTICAL" width="20" height="52">
            <runs>0 17 2 1 19 7 1</runs>
            <runs>52</runs>
            <runs>41 6 5</runs>
            <runs>32 16 3</runs>
            <runs>0 7 2 16 4 18 3</runs>
            <runs>0 25 3 18 3</runs>
            <runs>0 25 2 17 4</runs>
            <runs>0 25 1 17 4</runs>
            <runs>0 24 2 16 4</runs>
            <runs>0 24 2 15 4</runs>
            <runs>0 23 3 9 9</runs>
            <runs>0 23 4 8 8</runs>
            <runs>0 23 5 6 9</runs>
            <runs>0 23 19</runs>
            <runs>0 24 16</runs>
            <runs>0 24 15</runs>
            <runs>0 24 14</runs>
            <runs>0 25 13</runs>
            <runs>0 26 11</runs>
            <runs>0 27 6</runs>
        </run-table>
    </sample>
    <sample shape="FLAT" interline="22" pitch="1.3" left="545" top="1961" id="507">
        <run-table orientation="VERTICAL" width="20" height="53">
            <runs>0 2 44 1 5</runs>
            <runs>0 1 52</runs>
            <runs>53</runs>
            <runs>33 14 5</runs>
            <runs>0 17 3 5 5 17 4</runs>
            <runs>0 25 4 17 4</runs>
            <runs>0 25 3 17 4</runs>
            <runs>0 25 2 17 4</runs>
            <runs>0 24 3 16 4</runs>
            <runs>0 24 3 14 5</runs>
            <runs>0 24 3 8 10</runs>
            <runs>0 24 3 8 9</runs>
            <runs>0 24 4 6 9</runs>
            <runs>0 24 18</runs>
            <runs>0 24 17</runs>
            <runs>0 24 16</runs>
            <runs>0 25 14</runs>
            <runs>0 26 12</runs>
            <runs>0 27 11</runs>
            <runs>0 29 5</runs>
        </run-table>
    </sample>
    <sample shape="FLAT" interline="22" pitch="-1.7" left="568" top="1929" id="515">
        <run-table orientation="VERTICAL" width="21" height="53">
            <runs>0 20 8 3 5</runs>
            <runs>53</runs>
            <runs>53</runs>
            <runs>40 6 7</runs>
            <runs>12 2 8 2 8 18 2</runs>
            <runs>0 50 1</runs>
            <runs></runs>
            <runs></runs>
            <runs>0 43 7</runs>
            <runs>0 42 7</runs>
            <runs>0 40 10</runs>
            <runs>0 39 6</runs>
            <runs>0 37 7</runs>
            <runs>0 24 7 2 10</runs>
            <runs>0 24 17</runs>
            <runs>0 25 16</runs>
            <runs>0 25 15</runs>
            <runs>0 25 13</runs>
            <runs>0 26 11</runs>
            <runs>0 25 11</runs>
            <runs>0 25 9</runs>
        </run-table>
    </sample>
    <sample shape="FLAT" interline="22" pitch="2.2" left="590" top="1972" id="518">
        <run-table orientation="VERTICAL" width="20" height="52">
            <runs>52</runs>
            <runs>52</runs>
            <runs>34 2 4 5 7</runs>
            <runs>11 3 6 4 7 19 2</runs>
            <runs>0 28 2 20 1</runs>
            <runs>0 45 1</runs>
            <runs>0 44 2</runs>
            <runs>0 43 3</runs>
            <runs>0 42 7</runs>
            <runs>0 40 9</runs>
            <runs>0 39 5</runs>
            <runs>0 37 7</runs>
            <runs>0 34 8</runs>
            <runs>0 23 18</runs>
            <runs>0 24 16</runs>
            <runs>0 24 15</runs>
            <runs>0 25 13</runs>
            <runs>0 25 12</runs>
            <runs>0 25 9</runs>
            <runs>0 25 7</runs>
        </run-table>
    </sample>
    <sample shape="FLAT" interline="22" pitch="-0.6" left="614" top="1941" id="512">
        <run-table orientation="VERTICAL" width="20" height="53">
            <runs>0 1 41 6 4</runs>
            <runs>53</runs>
            <runs>39 3 1 4 6</runs>
            <runs>20 5 7 16 5</runs>
            <runs>0 2 1 23 4 17 5</runs>
            <runs>0 26 3 17 4</runs>
            <runs>0 25 3 17 4</runs>
            <runs>0 25 2 16 5</runs>
            <runs>0 24 3 15 4</runs>
            <runs>0 24 3 13 5</runs>
            <runs>0 24 3 8 9</runs>
            <runs>0 24 3 8 9</runs>
            <runs>0 24 4 6 9</runs>
            <runs>0 24 18</runs>
            <runs>0 24 17</runs>
            <runs>0 25 15</runs>
            <runs>0 25 14</runs>
            <runs>0 26 12</runs>
            <runs>0 27 11</runs>
            <runs>0 28 10</runs>
        </run-table>
    </sample>
    <sample shape="FLAT" interline="22" pitch="3.6" left="633" top="1986" id="513">
        <run-table orientation="VERTICAL" width="20" height="53">
            <runs>0 2 51</runs>
            <runs>53</runs>
            <runs>36 11 6</runs>
            <runs>35 12 5</runs>
            <runs>0 26 9 12 4</runs>
            <runs>0 25 4 17 4</runs>
            <runs>0 25 3 16 5</runs>
            <runs>0 25 2 16 5</runs>
            <runs>0 24 3 15 5</runs>
            <runs>0 24 3 14 5</runs>
            <runs>0 24 3 12 6</runs>
            <runs>0 24 4 5 11</runs>
            <runs>0 24 5 4 10</runs>
            <runs>0 24 18</runs>
            <runs>0 24 17</runs>
            <runs>0 25 15</runs>
            <runs>0 25 14</runs>
            <runs>0 26 11</runs>
            <runs>0 27 9</runs>
            <runs>0 29 3</runs>
        </run-table>
    </sample>
    <sample shape="FLAT" interline="22" pitch="-0.6" left="541" top="2324" id="532">
        <run-table orientation="VERTICAL" width="21" height="54">
            <runs>0 20 3 7 1 14 3 2 3</runs>
            <runs>0 1 53</runs>
            <runs>54</runs>
            <runs>38 9 7</runs>
            <runs>17 9 6 15 6</runs>
            <runs>0 26 3 17 5</runs>
            <runs>0 25 3 17 5</runs>
            <runs>0 25 3 16 5</runs>
            <runs>0 25 2 16 5</runs>
            <runs>0 25 2 14 6</runs>
            <runs>0 25 2 13 6</runs>
            <runs>0 24 4 7 10</runs>
            <runs>0 24 5 4 11</runs>
            <runs>0 24 19</runs>
            <runs>0 25 17</runs>
            <runs>0 25 16</runs>
            <runs>0 26 14</runs>
            <runs>0 26 13</runs>
            <runs>0 27 12</runs>
            <runs>0 28 12</runs>
            <runs>0 32 7</runs>
        </run-table>
    </sample>
    <sample shape="FLAT" interline="22" pitch="-3.6" left="563" top="2291" id="543">
        <run-table orientation="VERTICAL" width="20" height="54">
            <runs>0 1 11 7 19 1 3 3 7</runs>
            <runs>54</runs>
            <runs>54</runs>
            <runs>33 13 7</runs>
            <runs>0 28 2 20 2</runs>
            <runs>0 28 2 20 1</runs>
            <runs>0 28 1 16 1</runs>
            <runs>0 28 1 15 2</runs>
            <runs>0 42 7</runs>
            <runs>0 41 9</runs>
            <runs>0 40 10</runs>
            <runs>0 38 7</runs>
            <runs>0 35 9</runs>
            <runs>0 24 7 1 12</runs>
            <runs>0 24 19</runs>
            <runs>0 24 18</runs>
            <runs>0 25 15</runs>
            <runs>0 25 13</runs>
            <runs>0 25 12</runs>
            <runs>0 25 11</runs>
        </run-table>
    </sample>
    <sample shape="FLAT" interline="22" pitch="0.3" left="584" top="2333" id="542">
        <run-table orientation="VERTICAL" width="21" height="55">
            <runs>0 10 1</runs>
            <runs>0 1 40 3 2 1 7</runs>
            <runs>55</runs>
            <runs>55</runs>
            <runs>0 1 11 1 6 4 10 14 8</runs>
            <runs>0 52 2</runs>
            <runs>0 47 1 4 1</runs>
            <runs>0 46 2</runs>
            <runs>0 44 7</runs>
            <runs>0 43 8</runs>
            <runs>0 41 10</runs>
            <runs>0 40 7</runs>
            <runs>0 38 8</runs>
            <runs>0 36 9</runs>
            <runs>0 25 19</runs>
            <runs>0 25 18</runs>
            <runs>0 25 17</runs>
            <runs>0 26 15</runs>
            <runs>0 26 13</runs>
            <runs>0 27 10</runs>
            <runs>0 27 9</runs>
        </run-table>
    </sample>
    <sample shape="FLAT" interline="22" pitch="-2.8" left="609" top="2300" id="537">
        <run-table orientation="VERTICAL" width="20" height="54">
            <runs>0 10 2 1 7 4 3 4 2 17 4</runs>
            <runs>0 1 53</runs>
            <runs>44 3 7</runs>
            <runs>33 15 6</runs>
            <runs>0 1 4 1 3 17 5 17 5</runs>
            <runs>0 26 4 17 4</runs>
            <runs>0 26 3 17 4</runs>
            <runs>0 26 2 17 4</runs>
            <runs>0 26 1 11 10</runs>
            <runs>0 25 2 11 9</runs>
            <runs>0 25 2 11 8</runs>
            <runs>0 25 2 11 7</runs>
            <runs>0 25 3 9 7</runs>
            <runs>0 25 18</runs>
            <runs>0 25 17</runs>
            <runs>0 25 16</runs>
            <runs>0 26 15</runs>
            <runs>0 26 15</runs>
            <runs>0 27 14</runs>
            <runs>0 29 7</runs>
        </run-table>
    </sample>
    <sample shape="FLAT" interline="22" pitch="1.5" left="627" top="2347" id="538">
        <run-table orientation="VERTICAL" width="20" height="54">
            <runs>39 2 13</runs>
            <runs>54</runs>
            <runs>54</runs>
            <runs>32 14 7</runs>
            <runs>0 25 5 16 6</runs>
            <runs>0 25 4 17 5</runs>
            <runs>0 25 3 17 5</runs>
            <runs>0 24 3 16 6</runs>
            <runs>0 24 3 15 6</runs>
            <runs>0 24 3 13 6</runs>
            <runs>0 24 3 8 10</runs>
            <runs>0 24 4 7 9</runs>
            <runs>0 24 5 5 10</runs>
            <runs>0 24 19</runs>
            <runs>0 24 18</runs>
            <runs>0 24 17</runs>
            <runs>0 25 15</runs>
            <runs>0 25 14</runs>
            <runs>0 26 12</runs>
            <runs>0 28 9</runs>
        </run-table>
    </sample>
    <sample shape="FLAT" interline="22" pitch="-0.6" left="537" top="2565" id="550">
        <run-table orientation="VERTICAL" width="21" height="54">
            <runs>0 34 7 7 4</runs>
            <runs>0 1 53</runs>
            <runs>54</runs>
            <runs>34 13 6</runs>
            <runs>0 1 17 8 4 17 5</runs>
            <runs>0 25 4 17 5</runs>
            <runs>0 25 3 17 5</runs>
            <runs>0 24 3 16 6</runs>
            <runs>0 24 3 16 4</runs>
            <runs>0 24 3 14 5</runs>
            <runs>0 24 3 13 6</runs>
            <runs>0 24 3 9 8</runs>
            <runs>0 24 3 8 8</runs>
            <runs>0 24 5 6 8</runs>
            <runs>0 24 18</runs>
            <runs>0 24 17</runs>
            <runs>0 25 15</runs>
            <runs>0 26 13</runs>
            <runs>0 27 11</runs>
            <runs>0 28 10</runs>
            <runs>0 30 1</runs>
        </run-table>
    </sample>
    <sample shape="FLAT" interline="22" pitch="-3.7" left="560" top="2534" id="558">
        <run-table orientation="VERTICAL" width="20" height="53">
            <runs>0 1 27 2 3 3 16</runs>
            <runs>53</runs>
            <runs>53</runs>
            <runs>0 1 19 4 8 13 8</runs>
            <runs>0 49 2</runs>
            <runs>0 49 1</runs>
            <runs></runs>
            <runs>0 43 1</runs>
            <runs>0 42 2</runs>
            <runs>0 41 7</runs>
            <runs>0 39 9</runs>
            <runs>0 37 7</runs>
            <runs>0 35 8</runs>
            <runs>0 24 7 2 9</runs>
            <runs>0 24 16</runs>
            <runs>0 24 15</runs>
            <runs>0 25 13</runs>
            <runs>0 25 12</runs>
            <runs>0 25 11</runs>
            <runs>0 25 7</runs>
        </run-table>
    </sample>
    <sample shape="FLAT" interline="22" pitch="-0.0" left="581" top="2574" id="561">
        <run-table orientation="VERTICAL" width="20" height="53">
            <runs>0 1 23 8 2</runs>
            <runs>53</runs>
            <runs>53</runs>
            <runs>0 1 32</runs>
            <runs></runs>
            <runs></runs>
            <runs>0 25 1</runs>
            <runs>0 25 1 18 7</runs>
            <runs>0 25 1 17 8</runs>
            <runs>0 24 2 15 10</runs>
            <runs>0 24 2 14 6</runs>
            <runs>0 24 2 12 7</runs>
            <runs>0 24 2 10 7</runs>
            <runs>0 24 8 1 10</runs>
            <runs>0 24 18</runs>
            <runs>0 24 16</runs>
            <runs>0 25 14</runs>
            <runs>0 25 13</runs>
            <runs>0 26 11</runs>
            <runs>0 27 8</runs>
        </run-table>
    </sample>
    <sample shape="FLAT" interline="22" pitch="-2.9" left="605" top="2543" id="555">
        <run-table orientation="VERTICAL" width="21" height="53">
            <runs>0 13 3</runs>
            <runs>48 1 4</runs>
            <runs>53</runs>
            <runs>33 14 5</runs>
            <runs>0 1 2 23 5 16 4</runs>
            <runs>0 26 3 18 3</runs>
            <runs>0 26 2 18 3</runs>
            <runs>0 25 2 18 3</runs>
            <runs>0 25 2 16 4</runs>
            <runs>0 25 2 14 5</runs>
            <runs>0 24 3 11 7</runs>
            <runs>0 24 3 11 6</runs>
            <runs>0 24 4 8 8</runs>
            <runs>0 24 5 5 9</runs>
            <runs>0 24 18</runs>
            <runs>0 24 16</runs>
            <runs>0 25 15</runs>
            <runs>0 25 14</runs>
            <runs>0 26 13</runs>
            <runs>0 27 9</runs>
            <runs>0 30 3</runs>
        </run-table>
    </sample>
    <sample shape="FLAT" interline="22" pitch="1.3" left="624" top="2587" id="556">
        <run-table orientation="VERTICAL" width="20" height="53">
            <runs>0 2 2</runs>
            <runs>53</runs>
            <runs>53</runs>
            <runs>34 12 7</runs>
            <runs>0 1 4 9 7 4 5 16 6</runs>
            <runs>0 25 4 17 5</runs>
            <runs>0 25 3 16 5</runs>
            <runs>0 25 3 15 5</runs>
            <runs>0 24 3 15 5</runs>
            <runs>0 24 3 14 6</runs>
            <runs>0 24 2 13 6</runs>
            <runs>0 23 3 10 8</runs>
            <runs>0 23 4 8 8</runs>
            <runs>0 23 5 5 9</runs>
            <runs>0 24 17</runs>
            <runs>0 24 16</runs>
            <runs>0 24 15</runs>
            <runs>0 25 14</runs>
            <runs>0 26 12</runs>
            <runs>0 27 11</runs>
        </run-table>
    </sample>
    <sample shape="FLAT" interline="22" pitch="-0.7" left="533" top="2927" id="593">
        <run-table orientation="VERTICAL" width="20" height="55">
            <runs>0 10 9 8 5 2 21</runs>
            <runs>0 1 54</runs>
            <runs>46 1 8</runs>
            <runs>24 1 8 15 5</runs>
            <runs>0 1 17 9 4 16 5</runs>
            <runs>0 26 3 17 6</runs>
            <runs>0 26 2 17 6</runs>
            <runs>0 26 2 16 6</runs>
            <runs>0 25 3 15 5</runs>
            <runs>0 25 3 14 5</runs>
            <runs>0 25 3 9 9</runs>
            <runs>0 25 3 9 8</runs>
            <runs>0 25 5 6 8</runs>
            <runs>0 25 19</runs>
            <runs>0 25 18</runs>
            <runs>0 25 17</runs>
            <runs>0 26 15</runs>
            <runs>0 27 13</runs>
            <runs>0 28 11</runs>
            <runs>0 30 9</runs>
        </run-table>
    </sample>
    <sample shape="FLAT" interline="22" pitch="-3.7" left="556" top="2894" id="601">
        <run-table orientation="VERTICAL" width="21" height="55">
            <runs>0 9 2 3 2 5 2</runs>
            <runs>0 1 54</runs>
            <runs>0 1 54</runs>
            <runs>34 13 8</runs>
            <runs>0 1 5 2 3 7 1 10 2 20 3</runs>
            <runs>0 29 1 21 2</runs>
            <runs>0 51 1</runs>
            <runs></runs>
            <runs></runs>
            <runs>0 43 7</runs>
            <runs>0 41 10</runs>
            <runs>0 39 12</runs>
            <runs>0 37 8</runs>
            <runs>0 25 8 1 10</runs>
            <runs>0 25 18</runs>
            <runs>0 25 17</runs>
            <runs>0 26 15</runs>
            <runs>0 26 14</runs>
            <runs>0 26 13</runs>
            <runs>0 26 10</runs>
            <runs>0 29 2</runs>
        </run-table>
    </sample>
    <sample shape="FLAT" interline="22" pitch="0.3" left="577" top="2938" id="604">
        <run-table orientation="VERTICAL" width="20" height="54">
            <runs>0 24 2</runs>
            <runs>54</runs>
            <runs>54</runs>
            <runs>33 14 7</runs>
            <runs>0 29 2</runs>
            <runs></runs>
            <runs>0 46 1</runs>
            <runs>0 44 3</runs>
            <runs>0 43 7</runs>
            <runs>0 41 9</runs>
            <runs>0 40 6</runs>
            <runs>0 39 5</runs>
            <runs>0 37 7</runs>
            <runs>0 34 9</runs>
            <runs>0 24 18</runs>
            <runs>0 25 15</runs>
            <runs>0 25 14</runs>
            <runs>0 25 13</runs>
            <runs>0 26 11</runs>
            <runs>0 26 8</runs>
        </run-table>
    </sample>
    <sample shape="FLAT" interline="22" pitch="-2.6" left="600" top="2906" id="598">
        <run-table orientation="VERTICAL" width="20" height="55">
            <runs>0 29 2 3 7 5 8</runs>
            <runs>55</runs>
            <runs>42 5 7</runs>
            <runs>40 8 5</runs>
            <runs>18 8 5 17 4</runs>
            <runs>0 26 4 16 5</runs>
            <runs>0 26 3 16 5</runs>
            <runs>0 25 3 16 5</runs>
            <runs>0 25 3 15 5</runs>
            <runs>0 25 2 15 5</runs>
            <runs>0 25 2 9 10</runs>
            <runs>0 25 3 8 9</runs>
            <runs>0 24 5 7 8</runs>
            <runs>0 24 6 4 9</runs>
            <runs>0 24 18</runs>
            <runs>0 25 17</runs>
            <runs>0 25 15</runs>
            <runs>0 26 13</runs>
            <runs>0 27 12</runs>
            <runs>0 28 11</runs>
        </run-table>
    </sample>
    <sample shape="FLAT" interline="22" pitch="1.5" left="621" top="2951" id="599">
        <run-table orientation="VERTICAL" width="21" height="55">
            <runs>0 50 2</runs>
            <runs>0 1 53</runs>
            <runs>55</runs>
            <runs>39 9 6</runs>
            <runs>25 1 5 17 5</runs>
            <runs>0 26 3 18 5</runs>
            <runs>0 26 2 18 4</runs>
            <runs>0 25 3 17 4</runs>
            <runs>0 25 2 16 5</runs>
            <runs>0 25 2 15 6</runs>
            <runs>0 24 3 13 6</runs>
            <runs>0 24 3 8 10</runs>
            <runs>0 24 3 8 9</runs>
            <runs>0 24 5 5 10</runs>
            <runs>0 24 18</runs>
            <runs>0 25 16</runs>
            <runs>0 25 15</runs>
            <runs>0 25 14</runs>
            <runs>0 26 12</runs>
            <runs>0 28 9</runs>
            <runs>0 30 7</runs>
        </run-table>
    </sample>
    <sample shape="FLAT" interline="22" pitch="1.5" left="532" top="3258" id="611">
        <run-table orientation="VERTICAL" width="20" height="54">
            <runs>0 1 52</runs>
            <runs>54</runs>
            <runs>41 2 10</runs>
            <runs>0 1 18 2 10 14 7</runs>
            <runs>0 25 5 15 6</runs>
            <runs>0 25 4 15 6</runs>
            <runs>0 25 3 15 6</runs>
            <runs>0 24 3 15 6</runs>
            <runs>0 24 3 14 6</runs>
            <runs>0 24 3 7 12</runs>
            <runs>0 24 3 7 11</runs>
            <runs>0 24 4 6 10</runs>
            <runs>0 24 5 4 10</runs>
            <runs>0 24 18</runs>
            <runs>0 24 17</runs>
            <runs>0 24 16</runs>
            <runs>0 25 14</runs>
            <runs>0 25 13</runs>
            <runs>0 27 11</runs>
            <runs>0 28 10</runs>
        </run-table>
    </sample>
    <sample shape="FLAT" interline="22" pitch="-1.8" left="553" top="3224" id="619">
        <run-table orientation="VERTICAL" width="21" height="54">
            <runs>0 1 9 1 3 4 3 4 14 6 7</runs>
            <runs>53</runs>
            <runs>54</runs>
            <runs>38 7 9</runs>
            <runs>0 1 19 3 9 14 7</runs>
            <runs></runs>
            <runs></runs>
            <runs>0 44 2</runs>
            <runs>0 43 7</runs>
            <runs>0 41 9</runs>
            <runs>0 40 10</runs>
            <runs>0 39 11</runs>
            <runs>0 37 8</runs>
            <runs>0 24 7 3 10</runs>
            <runs>0 25 17</runs>
            <runs>0 25 16</runs>
            <runs>0 25 15</runs>
            <runs>0 26 13</runs>
            <runs>0 25 13</runs>
            <runs>0 25 11</runs>
            <runs>0 26 8</runs>
        </run-table>
    </sample>
    <sample shape="FLAT" interline="22" pitch="2.2" left="577" top="3266" id="622">
        <run-table orientation="VERTICAL" width="20" height="54">
            <runs>0 4 7 2 11 5 2 3 5 12 2</runs>
            <runs>0 1 53</runs>
            <runs>54</runs>
            <runs>34 12 7</runs>
            <runs>0 1 16 1 4 2 7</runs>
            <runs></runs>
            <runs></runs>
            <runs>0 44 7</runs>
            <runs>0 24 1 18 7</runs>
            <runs>0 24 1 17 8</runs>
            <runs>0 24 1 14 7</runs>
            <runs>0 23 2 10 10</runs>
            <runs>0 23 7 4 10</runs>
            <runs>0 24 19</runs>
            <runs>0 24 18</runs>
            <runs>0 24 17</runs>
            <runs>0 25 15</runs>
            <runs>0 25 14</runs>
            <runs>0 26 12</runs>
            <runs>0 26 10</runs>
        </run-table>
    </sample>
    <sample shape="FLAT" interline="22" pitch="-0.6" left="599" top="3236" id="616">
        <run-table orientation="VERTICAL" width="21" height="53">
            <runs>0 49 2</runs>
            <runs>0 1 52</runs>
            <runs>53</runs>
            <runs>39 7 7</runs>
            <runs>32 15 5</runs>
            <runs>6 20 4 16 5</runs>
            <runs>0 26 3 16 5</runs>
            <runs>0 25 3 16 5</runs>
            <runs>0 25 3 14 6</runs>
            <runs>0 24 3 13 7</runs>
            <runs>0 24 3 8 11</runs>
            <runs>0 24 3 8 10</runs>
            <runs>0 24 4 7 9</runs>
            <runs>0 24 4 6 9</runs>
            <runs>0 24 18</runs>
            <runs>0 25 16</runs>
            <runs>0 25 15</runs>
            <runs>0 26 13</runs>
            <runs>0 26 12</runs>
            <runs>0 27 11</runs>
            <runs>0 28 10</runs>
        </run-table>
    </sample>
    <sample shape="FLAT" interline="22" pitch="3.6" left="620" top="3280" id="617">
        <run-table orientation="VERTICAL" width="20" height="54">
            <runs>0 2 52</runs>
            <runs>0 1 53</runs>
            <runs>44 3 7</runs>
            <runs>0 1 36 10 6</runs>
            <runs>0 2 1 1 4 17 5 17 5</runs>
            <runs>0 25 4 17 5</runs>
            <runs>0 25 3 17 4</runs>
            <runs>0 25 2 16 5</runs>
            <runs>0 25 2 14 6</runs>
            <runs>0 24 3 13 6</runs>
            <runs>0 24 3 12 6</runs>
            <runs>0 24 4 6 11</runs>
            <runs>0 24 6 3 11</runs>
            <runs>0 24 19</runs>
            <runs>0 24 18</runs>
            <runs>0 25 16</runs>
            <runs>0 25 15</runs>
            <runs>0 26 13</runs>
            <runs>0 26 12</runs>
            <runs>0 28 9</runs>
        </run-table>
    </sample>
    <sample shape="TIME_THREE" interline="22" pitch="-2.1" left="688" top="476" id="348">
        <run-table orientation="VERTICAL" width="31" height="40">
            <runs>0 31 2</runs>
            <runs>0 8 5 15 7</runs>
            <runs>0 7 8 12 11</runs>
            <runs>0 6 9 12 12</runs>
            <runs>0 5 11 10 14</runs>
            <runs>0 3 13 9 15</runs>
            <runs>0 3 13 9 15</runs>
            <runs>0 2 14 9 15</runs>
            <runs>16 10 10 2 2</runs>
            <runs>15 12 8 4 1</runs>
            <runs>5 2 8 13 6</runs>
            <runs>0 9 4 16 4</runs>
            <runs></runs>
            <runs></runs>
            <runs></runs>
            <runs>0 39 1</runs>
            <runs>5 34 1</runs>
            <runs>6 32 2</runs>
            <runs>7 8 10 11 4</runs>
            <runs>40</runs>
            <runs>40</runs>
            <runs>40</runs>
            <runs>0 2 38</runs>
            <runs>0 3 37</runs>
            <runs>0 3 37</runs>
            <runs>0 4 14 2 20</runs>
            <runs>0 5 12 3 19</runs>
            <runs>0 7 9 4 17</runs>
            <runs>0 8 6 11 12</runs>
            <runs>0 10 2 14 10</runs>
            <runs>0 28 5</runs>
        </run-table>
    </sample>
    <sample shape="TIME_THREE" interline="22" pitch="-2.0" left="688" top="691" id="362">
        <run-table orientation="VERTICAL" width="30" height="40">
            <runs>0 9 1 20 5</runs>
            <runs>0 7 6 15 8</runs>
            <runs>0 6 9 12 11</runs>
            <runs>0 5 10 11 13</runs>
            <runs>0 4 12 9 15</runs>
            <runs>0 3 13 9 15</runs>
            <runs>0 2 14 9 15</runs>
            <runs>16 10 10 2 2</runs>
            <runs>15 11 9 4 1</runs>
            <runs>5 2 7 13 8</runs>
            <runs>0 1 3 5 5 14 6</runs>
            <runs>0 1 2</runs>
            <runs>0 1 2</runs>
            <runs>0 1 2</runs>
            <runs>0 1 3</runs>
            <runs>0 1 3</runs>
            <runs>0 1 3 13 7 15 1</runs>
            <runs>0 1 2 12 10 12 3</runs>
            <runs>0 1 3 1 35</runs>
            <runs>40</runs>
            <runs>0 2 38</runs>
            <runs>0 2 38</runs>
            <runs>0 2 38</runs>
            <runs>0 3 37</runs>
            <runs>0 4 13 2 20</runs>
            <runs>0 5 11 3 20</runs>
            <runs>0 5 10 8 15</runs>
            <runs>0 7 7 10 12</runs>
            <runs>0 25 10</runs>
            <runs>0 27 6</runs>
        </run-table>
    </sample>
    <sample shape="TIME_THREE" interline="22" pitch="-1.9" left="688" top="476" id="342">
        <run-table orientation="VERTICAL" width="31" height="44">
            <runs>0 31 2</runs>
            <runs>0 8 5 15 7</runs>
            <runs>0 7 8 12 11</runs>
            <runs>0 6 9 12 12</runs>
            <runs>0 5 11 10 14</runs>
            <runs>0 3 13 9 19</runs>
            <runs>0 3 13 9 19</runs>
            <runs>0 2 14 9 19</runs>
            <runs>16 10 10 2 2</runs>
            <runs>15 12 8 4 1</runs>
            <runs>5 2 8 13 6</runs>
            <runs>0 9 4 16 4</runs>
            <runs></runs>
            <runs></runs>
            <runs></runs>
            <runs>0 39 1</runs>
            <runs>5 34 1</runs>
            <runs>6 32 2</runs>
            <runs>7 8 10 11 8</runs>
            <runs>43</runs>
            <runs>43</runs>
            <runs>44</runs>
            <runs>0 2 42</runs>
            <runs>0 3 41</runs>
            <runs>0 3 41</runs>
            <runs>0 4 14 2 20</runs>
            <runs>0 5 12 3 19</runs>
            <runs>0 7 9 4 17</runs>
            <runs>0 8 6 11 12</runs>
            <runs>0 10 2 14 10</runs>
            <runs>0 28 5</runs>
        </run-table>
    </sample>
    <sample shape="TIME_THREE" interline="22" pitch="-1.9" left="688" top="691" id="358">
        <run-table orientation="VERTICAL" width="30" height="43">
            <runs>0 9 1 20 5</runs>
            <runs>0 7 6 15 8</runs>
            <runs>0 6 9 12 11</runs>
            <runs>0 5 10 11 13</runs>
            <runs>0 4 12 9 18</runs>
            <runs>0 3 13 9 18</runs>
            <runs>0 2 14 9 18</runs>
            <runs>16 10 10 2 2</runs>
            <runs>15 11 9 4 1</runs>
            <runs>5 2 7 13 8</runs>
            <runs>0 1 3 5 5 14 6</runs>
            <runs>0 1 2</runs>
            <runs>0 1 2</runs>
            <runs>0 1 2</runs>
            <runs>0 1 3</runs>
            <runs>0 1 3</runs>
            <runs>0 1 3 13 7 15 1</runs>
            <runs>0 1 2 12 10 12 3</runs>
            <runs>0 1 3 1 38</runs>
            <runs>43</runs>
            <runs>0 2 41</runs>
            <runs>0 2 41</runs>
            <runs>0 2 41</runs>
            <runs>0 3 40</runs>
            <runs>0 4 13 2 20</runs>
            <runs>0 5 11 3 20</runs>
            <runs>0 5 10 8 15</runs>
            <runs>0 7 7 10 12</runs>
            <runs>0 25 10</runs>
            <runs>0 27 6</runs>
        </run-table>
    </sample>
    <sample shape="TIME_FOUR" interline="22" pitch="2.2" left="688" top="523" id="332">
        <run-table orientation="VERTICAL" width="31" height="38">
            <runs>0 29 4</runs>
            <runs>0 27 6</runs>
            <runs>0 26 7</runs>
            <runs>0 24 9</runs>
            <runs>0 22 6 2 3</runs>
            <runs>0 16 10 4 3</runs>
            <runs>0 15 10 6 3</runs>
            <runs>0 12 11 8 3</runs>
            <runs>0 9 13 9 3</runs>
            <runs>0 1 20 10 3</runs>
            <runs>0 1 19 11 3</runs>
            <runs>0 1 18 12 3</runs>
            <runs>0 1 18 11 4</runs>
            <runs>0 1 18 11 4</runs>
            <runs>0 1 17 12 5 1 2</runs>
            <runs>0 1 12 9 16</runs>
            <runs>0 1 10 6 21</runs>
            <runs>0 1 10 6 21</runs>
            <runs>0 1 9 7 21</runs>
            <runs>0 1 7 9 21</runs>
            <runs>7 9 22</runs>
            <runs>5 11 22</runs>
            <runs>4 11 23</runs>
            <runs>3 11 24</runs>
            <runs>0 13 25</runs>
            <runs>0 11 27</runs>
            <runs>0 28 10</runs>
            <runs>0 29 5</runs>
            <runs>0 29 3</runs>
            <runs>0 29 3</runs>
            <runs>0 29 3</runs>
        </run-table>
    </sample>
    <sample shape="TIME_FOUR" interline="22" pitch="2.3" left="687" top="737" id="352">
        <run-table orientation="VERTICAL" width="31" height="39">
            <runs>0 30 4</runs>
            <runs>0 28 6</runs>
            <runs>0 27 7</runs>
            <runs>0 25 9</runs>
            <runs>0 23 11</runs>
            <runs>0 17 11 3 3</runs>
            <runs>0 16 10 5 3</runs>
            <runs>0 16 9 6 3</runs>
            <runs>0 11 13 7 3</runs>
            <runs>0 7 16 8 3</runs>
            <runs>0 2 19 10 3</runs>
            <runs>0 1 19 11 3</runs>
            <runs>0 1 18 12 3</runs>
            <runs>0 1 18 12 3</runs>
            <runs>0 1 18 11 4</runs>
            <runs>0 1 18 10 10</runs>
            <runs>0 1 13 6 19</runs>
            <runs>0 1 12 4 22</runs>
            <runs>0 1 10 6 22</runs>
            <runs>0 1 9 7 22</runs>
            <runs>0 1 8 8 22</runs>
            <runs>0 1 7 8 23</runs>
            <runs>6 10 23</runs>
            <runs>5 10 24</runs>
            <runs>3 10 26</runs>
            <runs>0 1 1 10 27</runs>
            <runs>0 11 28</runs>
            <runs>0 28 11</runs>
            <runs>0 29 4</runs>
            <runs>0 29 4</runs>
            <runs>0 29 3</runs>
        </run-table>
    </sample>
    <sample shape="TIME_THREE_FOUR" interline="22" pitch="-0.0" left="688" top="476" id="337">
        <run-table orientation="VERTICAL" width="31" height="85">
            <runs>0 31 2 43 4</runs>
            <runs>0 8 5 15 7 39 6</runs>
            <runs>0 7 8 12 11 35 7</runs>
            <runs>0 6 9 12 12 32 9</runs>
            <runs>0 5 11 10 14 29 6 2 3</runs>
            <runs>0 3 13 9 19 19 10 4 3</runs>
            <runs>0 3 13 9 19 18 10 6 3</runs>
            <runs>0 2 14 9 19 15 11 8 3</runs>
            <runs>16 10 10 2 2 16 13 9 3</runs>
            <runs>15 12 8 4 1 8 20 10 3</runs>
            <runs>5 2 8 13 6 14 19 11 3</runs>
            <runs>0 9 4 16 4 15 18 12 3</runs>
            <runs>0 48 18 11 4</runs>
            <runs>0 48 18 11 4</runs>
            <runs>0 48 17 12 5 1 2</runs>
            <runs>0 39 1 8 12 9 16</runs>
            <runs>5 34 1 8 10 6 21</runs>
            <runs>6 32 2 8 10 6 21</runs>
            <runs>7 8 10 11 8 4 9 7 21</runs>
            <runs>43 5 7 9 21</runs>
            <runs>43 4 7 9 22</runs>
            <runs>44 3 5 11 22</runs>
            <runs>0 2 42 3 4 11 23</runs>
            <runs>0 3 41 3 3 11 24</runs>
            <runs>0 3 41 16 25</runs>
            <runs>0 4 14 2 20 18 27</runs>
            <runs>0 5 12 3 19 36 10</runs>
            <runs>0 7 9 4 17 39 5</runs>
            <runs>0 8 6 11 12 39 3</runs>
            <runs>0 10 2 14 10 40 3</runs>
            <runs>0 28 5 43 3</runs>
        </run-table>
    </sample>
    <sample shape="TIME_THREE_FOUR" interline="22" pitch="0.1" left="687" top="691" id="356">
        <run-table orientation="VERTICAL" width="31" height="85">
            <runs>0 76 4</runs>
            <runs>0 9 1 20 5 39 6</runs>
            <runs>0 7 6 15 8 37 7</runs>
            <runs>0 6 9 12 11 33 9</runs>
            <runs>0 5 10 11 13 30 11</runs>
            <runs>0 4 12 9 18 20 11 3 3</runs>
            <runs>0 3 13 9 18 19 10 5 3</runs>
            <runs>0 2 14 9 18 19 9 6 3</runs>
            <runs>16 10 10 2 2 17 13 7 3</runs>
            <runs>15 11 9 4 1 13 16 8 3</runs>
            <runs>5 2 7 13 8 13 19 10 3</runs>
            <runs>0 1 3 5 5 14 6 13 19 11 3</runs>
            <runs>0 1 2 44 18 12 3</runs>
            <runs>0 1 2 44 18 12 3</runs>
            <runs>0 1 2 44 18 11 4</runs>
            <runs>0 1 3 43 18 10 10</runs>
            <runs>0 1 3 43 13 6 19</runs>
            <runs>0 1 3 13 7 15 1 7 12 4 22</runs>
            <runs>0 1 2 12 10 12 3 7 10 6 22</runs>
            <runs>0 1 3 1 38 4 9 7 22</runs>
            <runs>43 4 8 8 22</runs>
            <runs>0 2 41 4 7 8 23</runs>
            <runs>0 2 41 3 6 10 23</runs>
            <runs>0 2 41 3 5 10 24</runs>
            <runs>0 3 40 3 3 10 26</runs>
            <runs>0 4 13 2 20 8 1 10 27</runs>
            <runs>0 5 11 3 20 18 28</runs>
            <runs>0 5 10 8 15 36 11</runs>
            <runs>0 7 7 10 12 39 4</runs>
            <runs>0 25 10 40 4</runs>
            <runs>0 27 6 42 3</runs>
        </run-table>
    </sample>
</samples>
