<?xml version="1.0" encoding="UTF-8" standalone="yes"?>
<samples sheet-name="IMSLP00696#10">
    <sample shape="G_CLEF" interline="14" pitch="0.5" left="332" top="1444" id="516">
        <run-table orientation="VERTICAL" width="41" height="102">
            <runs>0 58 2</runs>
            <runs>0 49 16</runs>
            <runs>0 49 18</runs>
            <runs>0 48 22</runs>
            <runs>0 45 25</runs>
            <runs>0 43 28 17 6</runs>
            <runs>0 43 29 15 8</runs>
            <runs>0 41 38 5 14</runs>
            <runs>0 40 14 15 6 9 15</runs>
            <runs>0 39 13 18 9 4 17</runs>
            <runs>0 39 13 19 8 4 17</runs>
            <runs>0 35 16 21 7 4 18</runs>
            <runs>0 34 17 22 1 9 18</runs>
            <runs>0 34 13 36 19</runs>
            <runs>0 34 13 10 8 18 19</runs>
            <runs>0 34 12 9 13 15 19</runs>
            <runs>0 33 12 8 16 15 12 1 5</runs>
            <runs>0 16 9 7 12 8 19 14 9 3 5</runs>
            <runs>0 12 17 2 12 9 8 7 4 15 7 4 4</runs>
            <runs>0 9 33 10 7 29 2 7 4</runs>
            <runs>0 7 35 7 9 39 4</runs>
            <runs>0 6 37 7 8 38 5</runs>
            <runs>0 6 14 8 18 4 7 39 5</runs>
            <runs>0 4 15 8 31 38 5</runs>
            <runs>0 3 13 10 39 30 5</runs>
            <runs>0 1 12 8 17 10 26 19 6</runs>
            <runs>0 1 10 10 16 12 31 11 7</runs>
            <runs>10 11 16 12 8 13 14 1 13</runs>
            <runs>10 10 14 16 8 13 26</runs>
            <runs>9 10 14 17 8 16 22</runs>
            <runs>9 8 14 18 10 15 19</runs>
            <runs>0 1 29 19 10 14 6 7 4</runs>
            <runs>0 2 27 20 12 11 7</runs>
            <runs>0 4 22 23 12 10 8</runs>
            <runs>0 7 18 25 17 1 11</runs>
            <runs>0 53 21</runs>
            <runs>0 53 21</runs>
            <runs>0 54 19</runs>
            <runs>0 56 15</runs>
            <runs>0 57 13</runs>
            <runs>0 60 8</runs>
        </run-table>
    </sample>
    <sample shape="G_CLEF" interline="14" pitch="-0.0" left="332" top="2384" id="594">
        <run-table orientation="VERTICAL" width="41" height="101">
            <runs>0 57 4</runs>
            <runs>0 51 17</runs>
            <runs>0 50 18</runs>
            <runs>0 48 21</runs>
            <runs>0 45 25</runs>
            <runs>0 44 27 19 1</runs>
            <runs>0 43 29 16 7</runs>
            <runs>0 37 25 2 10 12 11</runs>
            <runs>0 38 17 15 5 10 12</runs>
            <runs>0 38 17 15 6 9 13</runs>
            <runs>0 37 17 16 7 7 15</runs>
            <runs>0 37 13 22 5 7 16</runs>
            <runs>0 36 14 23 4 7 16</runs>
            <runs>0 35 14 10 4 11 3 7 17</runs>
            <runs>0 35 12 10 11 7 2 7 12 1 4</runs>
            <runs>0 34 13 9 12 7 6 3 12 1 4</runs>
            <runs>0 16 6 11 13 6 17 6 6 3 12 2 3</runs>
            <runs>0 10 34 8 9 4 5 15 10 3 3</runs>
            <runs>0 8 36 8 8 5 6 16 7 4 3</runs>
            <runs>0 7 36 8 8 10 1 18 4 6 3</runs>
            <runs>0 5 39 6 9 39 3</runs>
            <runs>0 4 15 5 23 3 8 39 3</runs>
            <runs>0 3 13 8 34 39 3</runs>
            <runs>0 2 12 10 35 38 3</runs>
            <runs>0 1 11 12 17 3 17 36 3</runs>
            <runs>10 13 18 8 22 24 4</runs>
            <runs>9 12 15 13 32 13 4</runs>
            <runs>9 11 15 14 9 7 16 10 6</runs>
            <runs>9 8 17 15 10 11 27</runs>
            <runs>0 1 32 17 9 14 23</runs>
            <runs>0 3 27 20 9 15 21</runs>
            <runs>0 4 1 1 22 22 11 12 5 1 14</runs>
            <runs>0 8 19 24 10 11 5 9 1 1 2</runs>
            <runs>0 12 8 31 11 10 4</runs>
            <runs>0 52 23</runs>
            <runs>0 52 22</runs>
            <runs>0 52 22</runs>
            <runs>0 52 21</runs>
            <runs>0 57 14</runs>
            <runs>0 58 12</runs>
            <runs>0 59 9</runs>
        </run-table>
    </sample>
    <sample shape="C_CLEF" interline="14" pitch="-2.1" left="333" top="943" id="506">
        <run-table orientation="VERTICAL" width="41" height="59">
            <runs>0 1 18 1 4 11 2 5 16</runs>
            <runs>58</runs>
            <runs>59</runs>
            <runs>59</runs>
            <runs>58</runs>
            <runs>58</runs>
            <runs>58</runs>
            <runs>20 1 14 1 15 1 6</runs>
            <runs>6 22 6</runs>
            <runs></runs>
            <runs>0 39 1 7 1 1 9</runs>
            <runs>58</runs>
            <runs>58</runs>
            <runs>58</runs>
            <runs>10 1 6 8 7 4 1 10 3 2 6</runs>
            <runs>0 2 3 22 6 16 4</runs>
            <runs>0 3 9 14 9 12 11</runs>
            <runs>0 2 11 9 13 12 11</runs>
            <runs>0 2 11 8 17 8 12</runs>
            <runs>0 2 42 2 12</runs>
            <runs>0 1 43 2 12</runs>
            <runs>0 1 43 2 12</runs>
            <runs>0 1 16 2 19 8 12</runs>
            <runs>17 4 6 5 5 9 13</runs>
            <runs>17 5 4 8 2 10 8</runs>
            <runs>3 3 6 12 3 6 2 13 3</runs>
            <runs>3 21 3 5 3</runs>
            <runs>3 21 6 2 4</runs>
            <runs>4 20 6 2 4</runs>
            <runs>4 19 7 2 4</runs>
            <runs>0 1 4 16 9 1 6 15 6</runs>
            <runs>0 1 5 15 9 1 7 1 1 8 10</runs>
            <runs>0 1 16 2 8 5 25</runs>
            <runs>0 2 24 6 25</runs>
            <runs>0 2 24 7 24</runs>
            <runs>0 2 23 8 24</runs>
            <runs>0 3 21 10 21</runs>
            <runs>0 5 18 12 17</runs>
            <runs>0 6 15 15 15</runs>
            <runs>0 7 13 18 12</runs>
            <runs>0 11 6</runs>
        </run-table>
    </sample>
    <sample shape="C_CLEF" interline="14" pitch="-2.2" left="332" top="1618" id="527">
        <run-table orientation="VERTICAL" width="41" height="59">
            <runs>0 33 1</runs>
            <runs>27 1 31</runs>
            <runs>59</runs>
            <runs>59</runs>
            <runs>59</runs>
            <runs>58</runs>
            <runs>59</runs>
            <runs>59</runs>
            <runs>0 1 4 47 7</runs>
            <runs></runs>
            <runs>0 2 2 7 2</runs>
            <runs>0 1 17 6 2 7 1 15 1</runs>
            <runs>0 1 34 4 20</runs>
            <runs>0 1 34 4 20</runs>
            <runs>0 1 17 4 11 6 7 2 11</runs>
            <runs>0 6 3 43 2</runs>
            <runs>0 5 6 15 8 16 8</runs>
            <runs>0 2 10 12 12 12 10</runs>
            <runs>0 2 10 11 15 10 10</runs>
            <runs>0 2 11 9 17 8 12</runs>
            <runs>0 2 11 4 28 2 12</runs>
            <runs>0 1 44 2 11</runs>
            <runs>0 1 12 7 11 1 7 8 11</runs>
            <runs>0 1 12 8 9 2 6 9 11</runs>
            <runs>13 9 3 9 3 10 12</runs>
            <runs>3 2 7 12 2 7 2 12 7</runs>
            <runs>3 5 3 13 2 7 2 15 1</runs>
            <runs>3 21 2 6 3</runs>
            <runs>4 20 3 5 3</runs>
            <runs>4 19 4 5 3</runs>
            <runs>6 17 3 6 4</runs>
            <runs>9 11 6 6 5 16 1</runs>
            <runs>26 7 6 8 1 2 8</runs>
            <runs>0 1 25 7 25</runs>
            <runs>0 1 25 7 25</runs>
            <runs>0 2 23 9 24</runs>
            <runs>0 3 22 10 23</runs>
            <runs>0 3 22 11 22</runs>
            <runs>0 5 16 2 1 13 16</runs>
            <runs>0 6 14 18 15</runs>
            <runs>0 8 11 20 10</runs>
        </run-table>
    </sample>
    <sample shape="F_CLEF" interline="14" pitch="-1.4" left="333" top="2752" id="618">
        <run-table orientation="VERTICAL" width="43" height="49">
            <runs>0 8 10 29 2</runs>
            <runs>0 7 13 27 2</runs>
            <runs>0 6 15 26 2</runs>
            <runs>0 5 16 25 3</runs>
            <runs>0 1 21 24 3</runs>
            <runs>0 1 7 1 13 24 3</runs>
            <runs>0 5 1 3 13 20 6</runs>
            <runs>0 9 13 20 6</runs>
            <runs>0 9 13 20 6</runs>
            <runs>0 9 14 19 6</runs>
            <runs>0 9 14 19 6</runs>
            <runs>0 9 13 19 6</runs>
            <runs>0 10 12 19 6</runs>
            <runs>0 11 10 19 6</runs>
            <runs>0 11 10 18 7</runs>
            <runs>0 12 7 19 7</runs>
            <runs>0 36 9</runs>
            <runs>0 35 10</runs>
            <runs>0 34 11</runs>
            <runs>6 26 10</runs>
            <runs>7 24 10</runs>
            <runs>0 1 7 21 12</runs>
            <runs>0 1 9 15 15</runs>
            <runs>0 1 17 3 18</runs>
            <runs>0 1 37</runs>
            <runs>37</runs>
            <runs>36</runs>
            <runs>35</runs>
            <runs>0 5 29</runs>
            <runs>0 6 26</runs>
            <runs>0 7 25</runs>
            <runs>0 10 21</runs>
            <runs>0 13 14</runs>
            <runs>0 14 11</runs>
            <runs>0 6 5 10 3</runs>
            <runs>0 5 7 8 5</runs>
            <runs>0 1 11 7 7</runs>
            <runs>0 1 12 6 8</runs>
            <runs>0 1 12 6 8</runs>
            <runs>0 1 11 7 7</runs>
            <runs>0 5 6 8 7</runs>
            <runs>0 6 4 10 5</runs>
            <runs>0 23 1</runs>
        </run-table>
    </sample>
    <sample shape="F_CLEF" interline="14" pitch="-1.3" left="331" top="2932" id="634">
        <run-table orientation="VERTICAL" width="44" height="47">
            <runs>0 10 7</runs>
            <runs>0 7 10 28 2</runs>
            <runs>0 5 14 26 2</runs>
            <runs>0 4 16 25 2</runs>
            <runs>20 24 3</runs>
            <runs>20 24 3</runs>
            <runs>20 24 3</runs>
            <runs>6 2 13 23 3</runs>
            <runs>6 2 14 18 6</runs>
            <runs>0 8 14 18 6</runs>
            <runs>0 8 13 19 6</runs>
            <runs>0 8 13 19 5</runs>
            <runs>0 9 11 20 5</runs>
            <runs>0 9 11 19 6</runs>
            <runs>0 10 10 18 6</runs>
            <runs>0 11 8 18 6</runs>
            <runs>0 37 6</runs>
            <runs>0 36 7</runs>
            <runs>0 35 7</runs>
            <runs>0 33 9</runs>
            <runs>0 33 9</runs>
            <runs>7 23 9</runs>
            <runs>7 21 10</runs>
            <runs>9 18 10</runs>
            <runs>11 10 16</runs>
            <runs>37</runs>
            <runs>35</runs>
            <runs>34</runs>
            <runs>0 4 28</runs>
            <runs>0 4 28</runs>
            <runs>0 5 26</runs>
            <runs>0 7 22</runs>
            <runs>0 8 21</runs>
            <runs>0 10 15</runs>
            <runs>0 13 10</runs>
            <runs>0 6 4 10 2</runs>
            <runs>0 5 6 8 4</runs>
            <runs>0 4 7 8 5</runs>
            <runs>0 4 7 8 5</runs>
            <runs>0 4 7 7 6</runs>
            <runs>0 4 7 8 5</runs>
            <runs>0 5 6 8 5</runs>
            <runs>0 6 4 9 5</runs>
            <runs>0 7 1 12 4</runs>
        </run-table>
    </sample>
    <sample shape="SHARP" interline="14" pitch="2.1" left="381" top="978" id="653">
        <run-table orientation="VERTICAL" width="14" height="44">
            <runs>0 13 7 9 4</runs>
            <runs>0 13 6 9 9</runs>
            <runs>0 12 10 6 9</runs>
            <runs>0 6 38</runs>
            <runs>0 12 7 7 11 2 5</runs>
            <runs>0 12 6 8 11</runs>
            <runs>0 12 6 8 6</runs>
            <runs>0 11 6 9 6</runs>
            <runs>0 11 6 9 6</runs>
            <runs>40</runs>
            <runs>41</runs>
            <runs>0 1 16 2 22</runs>
            <runs>0 7 8 9 7</runs>
            <runs>0 7 8 9 6</runs>
        </run-table>
    </sample>
    <sample shape="SHARP" interline="14" pitch="-3.9" left="380" top="2221" id="665">
        <run-table orientation="VERTICAL" width="15" height="44">
            <runs>0 14 6 8 6</runs>
            <runs>0 14 6 8 6</runs>
            <runs>0 13 10 4 7</runs>
            <runs>0 8 15 3 12 2 4</runs>
            <runs>0 8 16 2 18</runs>
            <runs>0 11 7 8 7</runs>
            <runs>0 11 7 8 7</runs>
            <runs>0 11 7 7 8</runs>
            <runs>0 11 7 7 8</runs>
            <runs>0 4 1 6 6 3 13</runs>
            <runs>40</runs>
            <runs>40</runs>
            <runs>0 10 6 4 11</runs>
            <runs>0 10 6 4 10</runs>
            <runs>0 11 4 9 6</runs>
        </run-table>
    </sample>
</samples>
