<?xml version="1.0" encoding="UTF-8" standalone="yes"?>
<samples sheet-name="IMSLP00004#10">
    <sample shape="G_CLEF" interline="22" pitch="0.5" left="167" top="286" id="350">
        <run-table orientation="VERTICAL" width="57" height="155">
            <runs>0 86 5 1 1</runs>
            <runs>0 83 18</runs>
            <runs>0 79 24</runs>
            <runs>0 74 31</runs>
            <runs>0 74 33</runs>
            <runs>0 73 36</runs>
            <runs>0 71 39</runs>
            <runs>0 70 41 32 2</runs>
            <runs>0 69 44 26 9</runs>
            <runs>0 67 46 23 13</runs>
            <runs>0 66 22 14 12 21 15</runs>
            <runs>0 65 21 19 10 19 16</runs>
            <runs>0 64 20 23 9 18 17</runs>
            <runs>0 63 20 26 11 13 19</runs>
            <runs>0 61 20 29 10 13 20</runs>
            <runs>0 60 19 32 9 12 21</runs>
            <runs>0 59 18 35 8 12 21</runs>
            <runs>0 59 17 13 12 12 7 12 21</runs>
            <runs>0 58 18 12 16 10 2 16 22</runs>
            <runs>0 56 20 10 20 8 2 16 22</runs>
            <runs>0 52 24 8 24 7 1 16 17 1 4</runs>
            <runs>0 51 25 7 27 22 17 2 3</runs>
            <runs>0 51 20 11 16 6 6 22 16 3 3</runs>
            <runs>0 52 18 11 17 8 5 22 14 4 3</runs>
            <runs>0 52 17 10 13 15 4 23 12 5 3</runs>
            <runs>0 28 17 7 16 11 12 19 1 24 10 6 3</runs>
            <runs>0 25 43 10 12 46 8 6 4</runs>
            <runs>0 21 46 11 11 49 1 1 2 8 5</runs>
            <runs>0 18 50 9 11 62 4</runs>
            <runs>0 16 72 62 4</runs>
            <runs>0 14 25 8 40 62 4</runs>
            <runs>0 13 21 13 52 50 4</runs>
            <runs>0 11 23 13 17 6 36 42 4</runs>
            <runs>0 10 16 21 16 10 38 35 6</runs>
            <runs>0 9 16 21 16 11 14 3 31 22 8</runs>
            <runs>0 8 15 22 16 12 13 8 41 7 7</runs>
            <runs>0 6 15 23 16 13 13 21 42</runs>
            <runs>0 5 15 22 17 14 13 22 1 6 33</runs>
            <runs>0 4 14 23 16 16 13 22 1 15 19</runs>
            <runs>0 3 14 23 16 17 13 46 11</runs>
            <runs>0 2 14 23 16 18 13</runs>
            <runs>0 1 14 22 17 19 14</runs>
            <runs>14 21 19 23 10</runs>
            <runs>13 17 25 22 11 26 1</runs>
            <runs>0 1 11 18 19 29 10 25 7</runs>
            <runs>0 3 10 16 18 31 10 24 8</runs>
            <runs>0 5 9 4 2 1 5 1 18 34 10 22 9</runs>
            <runs>0 7 36 36 10 21 10</runs>
            <runs>0 10 30 40 10 19 6</runs>
            <runs>0 15 22 43 12 16 6</runs>
            <runs>0 26 7 48 16 9 7</runs>
            <runs>0 83 15 1 2 1 11</runs>
            <runs>0 84 28</runs>
            <runs>0 86 24</runs>
            <runs>0 87 21</runs>
            <runs>0 91 15</runs>
            <runs>0 94 8 1 1</runs>
        </run-table>
    </sample>
    <sample shape="G_CLEF" interline="22" pitch="0.4" left="170" top="2411" id="623">
        <run-table orientation="VERTICAL" width="56" height="155">
            <runs>0 87 13</runs>
            <runs>0 83 18</runs>
            <runs>0 80 23</runs>
            <runs>0 75 30</runs>
            <runs>0 75 32</runs>
            <runs>0 74 36</runs>
            <runs>0 73 38</runs>
            <runs>0 71 41</runs>
            <runs>0 69 43 26 8</runs>
            <runs>0 68 21 14 11 22 11</runs>
            <runs>0 67 19 20 9 20 13</runs>
            <runs>0 65 19 23 9 18 16</runs>
            <runs>0 64 19 26 7 18 17</runs>
            <runs>0 63 18 29 7 16 19</runs>
            <runs>0 62 18 31 10 12 19</runs>
            <runs>0 61 17 35 8 11 21</runs>
            <runs>0 60 17 14 9 13 8 11 21</runs>
            <runs>0 59 18 12 13 13 3 14 22</runs>
            <runs>0 59 18 10 19 9 3 14 22</runs>
            <runs>0 57 20 9 21 8 3 14 22</runs>
            <runs>0 53 20 11 25 7 2 14 23</runs>
            <runs>0 53 19 11 12 9 5 7 2 15 16 2 4</runs>
            <runs>0 53 17 12 11 14 3 7 1 15 15 3 4</runs>
            <runs>0 54 16 11 11 17 2 6 1 16 13 4 4</runs>
            <runs>0 53 16 10 12 26 1 17 11 5 4</runs>
            <runs>0 31 10 12 15 7 15 46 9 6 4</runs>
            <runs>0 28 39 8 14 49 2 11 4</runs>
            <runs>0 23 44 8 14 62 4</runs>
            <runs>0 22 48 4 14 63 3</runs>
            <runs>0 19 69 63 3</runs>
            <runs>0 18 21 8 44 59 3</runs>
            <runs>0 16 19 12 17 5 32 48 4</runs>
            <runs>0 14 17 15 17 11 31 2 1 40 5</runs>
            <runs>0 13 16 17 16 13 16 2 30 24 5</runs>
            <runs>0 11 16 18 16 14 12 9 33 16 7</runs>
            <runs>0 10 15 20 15 15 12 20 34 1 8</runs>
            <runs>0 9 14 20 16 16 12 29 33</runs>
            <runs>0 8 13 22 15 17 12 30 30</runs>
            <runs>0 6 14 22 15 18 12 45 14</runs>
            <runs>0 5 14 21 16 19 12</runs>
            <runs>0 4 14 21 17 19 12 28 7</runs>
            <runs>0 3 15 19 19 19 12 28 7</runs>
            <runs>0 2 15 19 20 19 13 27 7</runs>
            <runs>0 1 14 17 19 24 13 26 8</runs>
            <runs>0 1 13 17 18 26 13 25 4</runs>
            <runs>14 15 18 28 14 24 3</runs>
            <runs>0 2 12 11 20 34 11 22 4</runs>
            <runs>0 4 11 3 25 37 12 18 5</runs>
            <runs>0 6 34 41 12 16 6</runs>
            <runs>0 9 29 43 14 12 6</runs>
            <runs>0 14 21 47 18 3 9</runs>
            <runs>0 84 27</runs>
            <runs>0 85 25</runs>
            <runs>0 87 22</runs>
            <runs>0 90 16</runs>
            <runs>0 92 12</runs>
        </run-table>
    </sample>
    <sample shape="FLAT" interline="22" pitch="-3.8" left="268" top="788" id="429">
        <run-table orientation="VERTICAL" width="20" height="54">
            <runs>0 11 3 2 4 18 3</runs>
            <runs>54</runs>
            <runs>36 1 5 4 7</runs>
            <runs>6 2 1 2 4 4 1 5 8</runs>
            <runs>0 29 2</runs>
            <runs>0 29 2</runs>
            <runs>0 29 1</runs>
            <runs>0 45 1</runs>
            <runs>0 43 8</runs>
            <runs>0 42 9</runs>
            <runs>0 41 5</runs>
            <runs>0 38 1 1 5</runs>
            <runs>0 24 8 5 7</runs>
            <runs>0 24 19</runs>
            <runs>0 24 18</runs>
            <runs>0 25 16</runs>
            <runs>0 25 14</runs>
            <runs>0 26 12</runs>
            <runs>0 26 10</runs>
            <runs>0 26 7</runs>
        </run-table>
    </sample>
    <sample shape="FLAT" interline="22" pitch="0.2" left="294" top="1364" id="491">
        <run-table orientation="VERTICAL" width="19" height="55">
            <runs>0 1 54</runs>
            <runs>55</runs>
            <runs>38 14 2</runs>
            <runs>0 3 2 9 3 5 12 18 2</runs>
            <runs>0 31 1 20 1</runs>
            <runs></runs>
            <runs>0 46 2</runs>
            <runs>0 45 3</runs>
            <runs>0 44 7</runs>
            <runs>0 43 9</runs>
            <runs>0 41 6</runs>
            <runs>0 24 7 8 7</runs>
            <runs>0 24 20</runs>
            <runs>0 24 19</runs>
            <runs>0 24 17</runs>
            <runs>0 25 15</runs>
            <runs>0 25 14</runs>
            <runs>0 26 11</runs>
            <runs>0 26 10</runs>
        </run-table>
    </sample>
    <sample shape="FLAT" interline="22" pitch="1.5" left="249" top="2695" id="653">
        <run-table orientation="VERTICAL" width="19" height="55">
            <runs>0 19 36</runs>
            <runs>0 1 2 7 2 1 2 4 36</runs>
            <runs>40 10 4</runs>
            <runs>0 1 13 15 4 17 3</runs>
            <runs>0 28 3 17 4</runs>
            <runs>0 27 3 17 4</runs>
            <runs>0 26 4 15 5</runs>
            <runs>0 26 3 15 5</runs>
            <runs>0 25 4 14 5</runs>
            <runs>0 25 5 12 5</runs>
            <runs>0 25 5 11 5</runs>
            <runs>0 25 6 5 9</runs>
            <runs>0 25 19</runs>
            <runs>0 24 18</runs>
            <runs>0 25 16</runs>
            <runs>0 25 15</runs>
            <runs>0 26 14</runs>
            <runs>0 27 12</runs>
            <runs>0 29 7</runs>
        </run-table>
    </sample>
    <sample shape="FLAT" interline="22" pitch="1.2" left="249" top="3225" id="706">
        <run-table orientation="VERTICAL" width="19" height="54">
            <runs>0 1 34 1 17</runs>
            <runs>54</runs>
            <runs>0 1 12 3 18 16 4</runs>
            <runs>0 28 4 18 3</runs>
            <runs>0 28 4 17 3</runs>
            <runs>0 27 4 16 4</runs>
            <runs>0 26 4 15 5</runs>
            <runs>0 26 4 15 4</runs>
            <runs>0 25 5 14 5</runs>
            <runs>0 25 5 12 5</runs>
            <runs>0 25 5 8 8</runs>
            <runs>0 25 8 5 7</runs>
            <runs>0 25 19</runs>
            <runs>0 25 18</runs>
            <runs>0 25 17</runs>
            <runs>0 26 15</runs>
            <runs>0 27 14</runs>
            <runs>0 28 13</runs>
            <runs>0 31 4</runs>
        </run-table>
    </sample>
</samples>
