<?xml version="1.0" encoding="UTF-8" standalone="yes"?>
<samples sheet-name="IMSLP00007#12">
    <sample shape="F_CLEF" interline="22" pitch="-1.5" left="173" top="490" id="302">
        <run-table orientation="VERTICAL" width="64" height="70">
            <runs>0 65 1</runs>
            <runs>0 65 1</runs>
            <runs>0 65 1</runs>
            <runs>0 64 2</runs>
            <runs>0 64 2</runs>
            <runs>0 64 2</runs>
            <runs>0 19 1 44 2</runs>
            <runs>0 13 13 37 7</runs>
            <runs>0 11 15 37 7</runs>
            <runs>0 10 17 36 7</runs>
            <runs>0 9 19 34 8</runs>
            <runs>0 7 8 2 12 33 7</runs>
            <runs>0 6 6 6 11 33 7</runs>
            <runs>0 5 5 7 13 31 5</runs>
            <runs>0 1 8 8 13 31 8</runs>
            <runs>0 1 7 9 14 29 9</runs>
            <runs>0 5 2 10 14 29 5</runs>
            <runs>0 5 2 9 15 28 6</runs>
            <runs>0 5 1 10 15 27 6</runs>
            <runs>0 16 15 27 6</runs>
            <runs>0 16 15 26 6</runs>
            <runs>0 16 14 27 6</runs>
            <runs>0 17 13 26 6</runs>
            <runs>0 18 11 27 6</runs>
            <runs>0 19 8 28 6</runs>
            <runs>0 20 3 31 7</runs>
            <runs>0 53 7</runs>
            <runs>0 52 8</runs>
            <runs>0 50 9</runs>
            <runs>0 49 9</runs>
            <runs>0 48 9</runs>
            <runs>0 44 13</runs>
            <runs>0 44 12</runs>
            <runs>0 6 1 37 11</runs>
            <runs>8 35 12</runs>
            <runs>0 1 8 33 12</runs>
            <runs>0 1 9 30 13</runs>
            <runs>0 1 11 26 14</runs>
            <runs>0 1 13 18 1 1 17</runs>
            <runs>0 1 16 13 20</runs>
            <runs>0 1 48</runs>
            <runs>0 6 42</runs>
            <runs>0 6 42</runs>
            <runs>0 7 40</runs>
            <runs>0 7 40</runs>
            <runs>0 8 39</runs>
            <runs>0 9 38</runs>
            <runs>0 10 31</runs>
            <runs>0 11 28</runs>
            <runs>0 13 23</runs>
            <runs>0 15 20</runs>
            <runs>0 20 11</runs>
            <runs></runs>
            <runs></runs>
            <runs>0 11 5 15 4</runs>
            <runs>0 10 7 14 5</runs>
            <runs>0 10 7 12 8</runs>
            <runs>0 9 9 11 9</runs>
            <runs>0 9 9 11 9</runs>
            <runs>0 9 8 12 9</runs>
            <runs>0 9 8 13 8</runs>
            <runs>0 11 6 13 7</runs>
            <runs>0 12 4 14 6</runs>
            <runs>0 33 2</runs>
        </run-table>
    </sample>
    <sample shape="FLAT" interline="22" pitch="-0.6" left="250" top="1805" id="401">
        <run-table orientation="VERTICAL" width="20" height="55">
            <runs>0 1 5 2 13 1 5 3 10 11 3</runs>
            <runs>55</runs>
            <runs>54</runs>
            <runs>0 7 1 1 4 1 27 5 8</runs>
            <runs>0 26 7 15 5</runs>
            <runs>0 26 5 16 5</runs>
            <runs>0 25 5 15 6</runs>
            <runs>0 25 5 14 7</runs>
            <runs>0 24 5 14 7</runs>
            <runs>0 24 5 13 7</runs>
            <runs>0 24 5 8 10</runs>
            <runs>0 23 7 6 11</runs>
            <runs>0 23 8 4 10</runs>
            <runs>0 24 20</runs>
            <runs>0 24 19</runs>
            <runs>0 24 18</runs>
            <runs>0 25 17</runs>
            <runs>0 25 15</runs>
            <runs>0 26 13</runs>
            <runs>0 28 11</runs>
        </run-table>
    </sample>
</samples>
