<?xml version="1.0" encoding="UTF-8" standalone="yes"?>
<samples sheet-name="IMSLP00003#7">
    <sample shape="G_CLEF" interline="22" pitch="0.7" left="162" top="732" id="334">
        <run-table orientation="VERTICAL" width="50" height="155">
            <runs>0 85 13</runs>
            <runs>0 81 20</runs>
            <runs>0 77 26</runs>
            <runs>0 72 34</runs>
            <runs>0 71 37</runs>
            <runs>0 71 39</runs>
            <runs>0 69 42</runs>
            <runs>0 68 21 13 10 27 5</runs>
            <runs>0 66 20 20 7 23 10</runs>
            <runs>0 64 19 25 10 17 14</runs>
            <runs>0 63 18 29 7 17 16</runs>
            <runs>0 63 16 32 7 15 18</runs>
            <runs>0 61 16 35 6 15 19</runs>
            <runs>0 60 16 15 8 14 2 17 21</runs>
            <runs>0 59 16 12 16 11 1 17 21</runs>
            <runs>0 58 17 10 21 26 22</runs>
            <runs>0 56 18 9 24 25 22</runs>
            <runs>0 55 20 7 15 1 3 1 7 23 22</runs>
            <runs>0 27 10 17 15 12 16 9 4 22 23</runs>
            <runs>0 26 21 3 19 11 11 16 3 23 16 3 3</runs>
            <runs>0 22 46 11 11 19 2 22 16 3 3</runs>
            <runs>0 18 49 12 10 45 13 5 3</runs>
            <runs>0 15 19 15 19 10 10 47 12 5 3</runs>
            <runs>0 13 18 18 26 2 10 49 9 7 2</runs>
            <runs>0 11 20 18 15 2 20 53 4 8 3</runs>
            <runs>0 9 16 23 15 8 15 65 3</runs>
            <runs>0 7 15 24 16 14 12 63 3</runs>
            <runs>0 6 14 24 17 15 21 53 3</runs>
            <runs>0 5 13 25 17 16 9 5 13 1 1 4 1 39 4</runs>
            <runs>0 3 14 25 16 14 13 9 19 1 6 28 4</runs>
            <runs>0 2 14 25 16 19 9 17 25 20 5</runs>
            <runs>0 1 13 24 18 16 13 23 28 7 7</runs>
            <runs>0 1 12 24 17 18 13 27 2 1 34</runs>
            <runs>12 24 17 19 14 39 23</runs>
            <runs>11 23 19 19 14 44 16</runs>
            <runs>0 1 9 22 21 19 14 54 3</runs>
            <runs>0 3 7 18 19 30 9 28 1</runs>
            <runs>0 5 6 15 18 33 10 27 1</runs>
            <runs>0 7 9 3 23 36 9 26 2</runs>
            <runs>0 10 30 38 10 24 3</runs>
            <runs>0 13 23 43 10 22 3</runs>
            <runs>0 19 13 47 11 20 4</runs>
            <runs>0 80 12 16 5</runs>
            <runs>0 80 17 8 7</runs>
            <runs>0 81 30</runs>
            <runs>0 82 28</runs>
            <runs>0 83 26</runs>
            <runs>0 85 22</runs>
            <runs>0 88 18</runs>
            <runs>0 90 13</runs>
        </run-table>
    </sample>
    <sample shape="G_CLEF" interline="22" pitch="0.6" left="160" top="924" id="339">
        <run-table orientation="VERTICAL" width="51" height="156">
            <runs>0 84 15</runs>
            <runs>0 79 24</runs>
            <runs>0 73 32</runs>
            <runs>0 74 33</runs>
            <runs>0 73 36</runs>
            <runs>0 73 37</runs>
            <runs>0 71 40</runs>
            <runs>0 69 22 9 13</runs>
            <runs>0 67 20 16 11</runs>
            <runs>0 65 19 23 7 25 7</runs>
            <runs>0 64 17 28 6 21 12</runs>
            <runs>0 62 17 31 6 19 15</runs>
            <runs>0 61 16 34 5 18 17</runs>
            <runs>0 60 16 15 9 12 7 15 18</runs>
            <runs>0 59 17 11 16 11 6 13 20</runs>
            <runs>0 58 18 9 20 9 6 13 21</runs>
            <runs>0 57 19 7 24 8 2 16 21</runs>
            <runs>0 56 16 10 26 7 2 15 22</runs>
            <runs>0 51 20 9 18 7 4 7 1 15 22</runs>
            <runs>0 25 18 8 18 10 12 16 3 6 1 15 23</runs>
            <runs>0 21 27 3 17 11 11 19 2 5 1 16 18 1 3</runs>
            <runs>0 18 49 11 11 21 2 21 16 3 3</runs>
            <runs>0 15 52 6 15 23 1 22 15 3 4</runs>
            <runs>0 13 20 15 20 5 14 48 13 5 2</runs>
            <runs>0 11 21 16 23 2 14 49 11 5 3</runs>
            <runs>0 9 18 20 39 52 7 7 3</runs>
            <runs>0 7 17 22 17 9 17 63 3</runs>
            <runs>0 5 17 23 17 12 25 53 3</runs>
            <runs>0 4 16 23 17 14 11 3 17 46 3</runs>
            <runs>0 3 15 24 17 15 11 9 17 39 4</runs>
            <runs>0 2 15 23 18 16 11 10 19 1 6 28 4</runs>
            <runs>0 1 14 24 18 17 11 20 18 24 6</runs>
            <runs>14 23 18 19 11 26 18 4 1 12 6</runs>
            <runs>12 23 20 19 11 31 35</runs>
            <runs>11 18 26 19 11 38 26</runs>
            <runs>10 19 26 19 12 42 19</runs>
            <runs>0 2 8 19 20 25 12 28 6 14 11</runs>
            <runs>0 4 8 12 2 1 20 27 13 27 3 21 3</runs>
            <runs>0 6 10 4 25 28 14 26 3</runs>
            <runs>0 8 34 35 11 24 4</runs>
            <runs>0 10 27 40 12 21 5</runs>
            <runs>0 14 21 43 12 19 5</runs>
            <runs>0 22 10 47 13 15 7</runs>
            <runs>0 79 20 5 9</runs>
            <runs>0 81 30</runs>
            <runs>0 82 28</runs>
            <runs>0 83 26</runs>
            <runs>0 84 24</runs>
            <runs>0 86 20</runs>
            <runs>0 88 15</runs>
            <runs>0 90 9</runs>
        </run-table>
    </sample>
    <sample shape="G_CLEF" interline="22" pitch="0.3" left="159" top="1754" id="358">
        <run-table orientation="VERTICAL" width="46" height="158">
            <runs>0 86 15</runs>
            <runs>0 75 30</runs>
            <runs>0 75 33</runs>
            <runs>0 74 36</runs>
            <runs>0 73 39</runs>
            <runs>0 71 42</runs>
            <runs>0 69 23 13 10</runs>
            <runs>0 67 21 21 8</runs>
            <runs>0 66 18 28 10 18 10</runs>
            <runs>0 64 18 31 9 16 14</runs>
            <runs>0 63 16 35 7 16 16</runs>
            <runs>0 61 17 38 2 18 19</runs>
            <runs>0 60 17 40 1 18 19</runs>
            <runs>0 58 19 40 1 17 21</runs>
            <runs>0 57 20 14 13 31 22</runs>
            <runs>0 52 26 10 17 30 22</runs>
            <runs>0 28 6 18 20 15 19 29 23</runs>
            <runs>0 23 22 7 19 14 14 6 3 14 1 13 22</runs>
            <runs>0 19 31 2 18 14 10 13 2 13 1 13 16 2 4</runs>
            <runs>0 17 52 14 8 31 1 14 14 4 3</runs>
            <runs>0 15 23 1 1 8 20 14 8 32 2 13 14 4 3</runs>
            <runs>0 14 20 15 19 13 9 32 2 15 11 5 3</runs>
            <runs>0 12 22 15 24 7 8 34 2 18 6 7 3</runs>
            <runs>0 11 14 23 40 34 2 31 3</runs>
            <runs>0 9 14 24 17 11 14 33 1 31 3</runs>
            <runs>0 8 14 24 17 12 25 22 1 31 3</runs>
            <runs>0 6 14 24 17 14 13 3 11 20 2 29 3</runs>
            <runs>0 4 14 25 17 15 12 10 11 4 2 8 1 29 3</runs>
            <runs>0 3 13 26 17 16 12 19 1 4 13 27 4</runs>
            <runs>0 2 13 25 18 17 12 28 1 1 16 16 5</runs>
            <runs>0 1 14 23 18 19 12 31 23 1 11</runs>
            <runs>14 22 19 20 12 40 23</runs>
            <runs>0 1 13 17 24 20 12 48 13</runs>
            <runs>0 2 11 18 25 19 12</runs>
            <runs>0 2 11 16 20 26 13 29 1</runs>
            <runs>0 6 16 2 23 28 13 28 2</runs>
            <runs>0 10 34 36 9 26 6</runs>
            <runs>0 14 1 4 19 42 10 24 6</runs>
            <runs>0 23 11 47 10 21 5</runs>
            <runs>0 82 10 18 7</runs>
            <runs>0 83 16 8 8</runs>
            <runs>0 85 15 4 10</runs>
            <runs>0 86 26</runs>
            <runs>0 87 23</runs>
            <runs>0 89 19</runs>
            <runs>0 92 13</runs>
        </run-table>
    </sample>
    <sample shape="G_CLEF" interline="22" pitch="0.6" left="151" top="2884" id="395">
        <run-table orientation="VERTICAL" width="50" height="154">
            <runs>0 90 7</runs>
            <runs>0 83 17</runs>
            <runs>0 79 23</runs>
            <runs>0 73 32 1 1</runs>
            <runs>0 72 35</runs>
            <runs>0 72 36</runs>
            <runs>0 70 40</runs>
            <runs>0 69 22 3 7 1 10 27 6</runs>
            <runs>0 67 19 19 8 24 10</runs>
            <runs>0 66 17 25 6 21 14</runs>
            <runs>0 64 18 27 5 20 17</runs>
            <runs>0 62 17 32 4 19 18</runs>
            <runs>0 60 17 35 6 15 19</runs>
            <runs>0 59 17 15 8 14 2 17 21</runs>
            <runs>0 59 16 12 16 11 1 17 22</runs>
            <runs>0 57 18 10 20 9 1 17 22</runs>
            <runs>0 57 18 8 23 27 17 1 3</runs>
            <runs>0 56 15 11 16 4 6 25 16 3 2</runs>
            <runs>0 32 2 20 15 11 17 9 3 24 16 3 2</runs>
            <runs>0 26 16 8 19 10 12 17 3 22 15 4 2</runs>
            <runs>0 22 46 11 11 19 2 23 13 5 2</runs>
            <runs>0 20 47 11 11 46 12 5 2</runs>
            <runs>0 17 18 4 1 7 20 10 11 49 8 7 2</runs>
            <runs>0 14 17 17 22 2 15 55 1 9 2</runs>
            <runs>0 11 15 21 39 66 2</runs>
            <runs>0 9 16 21 16 10 14 65 2</runs>
            <runs>0 8 14 24 15 15 13 61 3</runs>
            <runs>0 7 14 23 16 16 22 52 3</runs>
            <runs>0 5 13 25 16 14 13 6 13 44 3</runs>
            <runs>0 4 12 25 17 15 13 9 17 36 3</runs>
            <runs>0 3 12 25 16 17 13 20 19 1 2 18 4</runs>
            <runs>0 2 11 26 16 17 14 27 26 5 5</runs>
            <runs>12 25 17 18 14 39 22</runs>
            <runs>12 23 18 19 15 44 12</runs>
            <runs>11 22 20 19 15</runs>
            <runs>9 22 18 27 13</runs>
            <runs>0 3 6 19 18 30 14</runs>
            <runs>0 5 3 18 18 33 13 24 1</runs>
            <runs>0 22 19 36 13 23 2</runs>
            <runs>0 10 28 40 13 20 4</runs>
            <runs>0 14 21 43 14 18 4</runs>
            <runs>0 19 11 49 17 12 5</runs>
            <runs>0 80 17 10 6</runs>
            <runs>0 81 31</runs>
            <runs>0 82 28</runs>
            <runs>0 82 27</runs>
            <runs>0 85 23</runs>
            <runs>0 87 20</runs>
            <runs>0 89 15</runs>
            <runs>0 93 6</runs>
        </run-table>
    </sample>
    <sample shape="F_CLEF" interline="22" pitch="-1.8" left="153" top="2022" id="365">
        <run-table orientation="VERTICAL" width="53" height="66">
            <runs>0 63 3</runs>
            <runs>0 63 3</runs>
            <runs>0 62 4</runs>
            <runs>0 62 4</runs>
            <runs>0 12 8 42 3</runs>
            <runs>0 10 16 35 4</runs>
            <runs>0 8 18 35 3</runs>
            <runs>0 1 26 33 4</runs>
            <runs>0 1 9 7 11 32 3</runs>
            <runs>0 1 7 8 12 31 4</runs>
            <runs>0 1 6 9 12 30 5</runs>
            <runs>0 1 5 9 14 28 5</runs>
            <runs>0 1 5 9 14 28 5</runs>
            <runs>6 9 14 27 6</runs>
            <runs>5 10 14 26 6</runs>
            <runs>5 10 13 27 5</runs>
            <runs>5 11 12 26 6</runs>
            <runs>5 12 10 26 7</runs>
            <runs>5 14 7 26 7</runs>
            <runs>5 46 7</runs>
            <runs>5 45 7</runs>
            <runs>5 44 8</runs>
            <runs>5 40 11</runs>
            <runs>5 40 10</runs>
            <runs>6 39 10</runs>
            <runs>6 37 11</runs>
            <runs>7 35 11</runs>
            <runs>9 31 12</runs>
            <runs>0 1 8 28 14</runs>
            <runs>0 1 10 23 17</runs>
            <runs>0 1 15 15 19</runs>
            <runs>0 1 20 2 26</runs>
            <runs>0 1 47</runs>
            <runs>0 1 47</runs>
            <runs>0 1 47</runs>
            <runs>0 6 38</runs>
            <runs>0 7 35</runs>
            <runs>0 8 31</runs>
            <runs>0 10 27</runs>
            <runs>0 12 23</runs>
            <runs>0 13 20</runs>
            <runs>0 16 13</runs>
            <runs></runs>
            <runs>0 11 1</runs>
            <runs>0 9 6</runs>
            <runs>0 8 8 14 4</runs>
            <runs>0 7 9 12 8</runs>
            <runs>0 7 10 10 9</runs>
            <runs>0 7 10 10 9</runs>
            <runs>0 8 8 12 8</runs>
            <runs>0 8 8 12 8</runs>
            <runs>0 9 6 14 7</runs>
            <runs>0 30 5</runs>
        </run-table>
    </sample>
    <sample shape="F_CLEF" interline="22" pitch="-1.7" left="144" top="3144" id="405">
        <run-table orientation="VERTICAL" width="53" height="66">
            <runs>0 63 3</runs>
            <runs>0 63 2</runs>
            <runs>0 62 2</runs>
            <runs>0 62 2</runs>
            <runs>0 11 8 42 3</runs>
            <runs>0 10 12 39 3</runs>
            <runs>0 8 2 7 9 34 3</runs>
            <runs>0 6 4 6 10 34 3</runs>
            <runs>0 5 3 7 11 33 3</runs>
            <runs>0 4 2 8 12 32 4</runs>
            <runs>0 4 1 9 12 31 5</runs>
            <runs>0 4 1 8 13 31 4</runs>
            <runs>0 13 13 30 4</runs>
            <runs>0 13 13 29 5</runs>
            <runs>0 13 13 29 5</runs>
            <runs>0 14 12 28 5</runs>
            <runs>0 14 11 28 6</runs>
            <runs>0 15 10 27 6</runs>
            <runs>0 51 6</runs>
            <runs>0 50 7</runs>
            <runs>0 49 7</runs>
            <runs>0 45 10</runs>
            <runs>0 45 9</runs>
            <runs>0 45 9</runs>
            <runs>0 44 9</runs>
            <runs>0 42 10</runs>
            <runs>0 41 10</runs>
            <runs>0 39 11</runs>
            <runs>0 3 1 32 13</runs>
            <runs>0 3 2 28 16</runs>
            <runs>6 25 17</runs>
            <runs>8 2 4 8 25</runs>
            <runs>0 1 46</runs>
            <runs>0 1 46</runs>
            <runs>0 1 42</runs>
            <runs>41</runs>
            <runs>0 5 34</runs>
            <runs>0 6 32</runs>
            <runs>0 7 29</runs>
            <runs>0 8 27</runs>
            <runs>0 11 21</runs>
            <runs>0 14 16</runs>
            <runs></runs>
            <runs></runs>
            <runs>0 10 2</runs>
            <runs>0 8 5 16 2</runs>
            <runs>0 7 7 13 6</runs>
            <runs>0 6 8 12 8</runs>
            <runs>0 6 8 12 8</runs>
            <runs>0 6 8 12 9</runs>
            <runs>0 5 8 13 9</runs>
            <runs>0 6 6 14 10</runs>
            <runs>0 7 3 17 6</runs>
        </run-table>
    </sample>
</samples>
