<?xml version="1.0" encoding="UTF-8" standalone="yes"?>
<samples sheet-name="IMSLP00003#7">
    <sample shape="F_CLEF" interline="22" pitch="-1.7" left="144" top="3144" id="405">
        <run-table orientation="VERTICAL" width="53" height="66">
            <runs>0 63 3</runs>
            <runs>0 63 2</runs>
            <runs>0 62 2</runs>
            <runs>0 62 2</runs>
            <runs>0 11 8 42 3</runs>
            <runs>0 10 12 39 3</runs>
            <runs>0 8 2 7 9 34 3</runs>
            <runs>0 6 4 6 10 34 3</runs>
            <runs>0 5 3 7 11 33 3</runs>
            <runs>0 4 2 8 12 32 4</runs>
            <runs>0 4 1 9 12 31 5</runs>
            <runs>0 4 1 8 13 31 4</runs>
            <runs>0 13 13 30 4</runs>
            <runs>0 13 13 29 5</runs>
            <runs>0 13 13 29 5</runs>
            <runs>0 14 12 28 5</runs>
            <runs>0 14 11 28 6</runs>
            <runs>0 15 10 27 6</runs>
            <runs>0 51 6</runs>
            <runs>0 50 7</runs>
            <runs>0 49 7</runs>
            <runs>0 45 10</runs>
            <runs>0 45 9</runs>
            <runs>0 45 9</runs>
            <runs>0 44 9</runs>
            <runs>0 42 10</runs>
            <runs>0 41 10</runs>
            <runs>0 39 11</runs>
            <runs>0 3 1 32 13</runs>
            <runs>0 3 2 28 16</runs>
            <runs>6 25 17</runs>
            <runs>8 2 4 8 25</runs>
            <runs>0 1 46</runs>
            <runs>0 1 46</runs>
            <runs>0 1 42</runs>
            <runs>41</runs>
            <runs>0 5 34</runs>
            <runs>0 6 32</runs>
            <runs>0 7 29</runs>
            <runs>0 8 27</runs>
            <runs>0 11 21</runs>
            <runs>0 14 16</runs>
            <runs></runs>
            <runs></runs>
            <runs>0 10 2</runs>
            <runs>0 8 5 16 2</runs>
            <runs>0 7 7 13 6</runs>
            <runs>0 6 8 12 8</runs>
            <runs>0 6 8 12 8</runs>
            <runs>0 6 8 12 9</runs>
            <runs>0 5 8 13 9</runs>
            <runs>0 6 6 14 10</runs>
            <runs>0 7 3 17 6</runs>
        </run-table>
    </sample>
</samples>
