<?xml version="1.0" encoding="UTF-8" standalone="yes"?>
<samples sheet-name="IMSLP00120#27">
    <sample shape="SHARP" interline="19" pitch="-4.0" left="308" top="1784" id="415">
        <run-table orientation="VERTICAL" width="22" height="60">
            <runs>0 20 12 8 6</runs>
            <runs>0 20 11 8 12</runs>
            <runs>0 19 13 7 12</runs>
            <runs>0 4 28 6 14</runs>
            <runs>0 4 56</runs>
            <runs>0 4 56</runs>
            <runs>0 5 54</runs>
            <runs>0 17 15 4 15</runs>
            <runs>0 17 10 9 15</runs>
            <runs>0 18 8 12 8</runs>
            <runs>0 17 9 11 8</runs>
            <runs>0 17 8 12 8</runs>
            <runs>0 16 9 11 9</runs>
            <runs>0 1 3 12 9 11 8</runs>
            <runs>26 9 9</runs>
            <runs>45</runs>
            <runs>0 1 51</runs>
            <runs>0 10 41</runs>
            <runs>0 14 9 11 9</runs>
            <runs>0 14 9 11 7</runs>
            <runs>0 14 8 12 7</runs>
            <runs>0 35 5</runs>
        </run-table>
    </sample>
    <sample shape="COMMON_TIME" interline="19" pitch="-0.1" left="464" top="446" id="253">
        <run-table orientation="VERTICAL" width="31" height="41">
            <runs>0 14 14</runs>
            <runs>0 12 20</runs>
            <runs>0 9 25</runs>
            <runs>0 8 28</runs>
            <runs>0 7 30</runs>
            <runs>0 6 35</runs>
            <runs>0 5 36</runs>
            <runs>41</runs>
            <runs>41</runs>
            <runs>41</runs>
            <runs>10 22 9</runs>
            <runs>7 28 2</runs>
            <runs></runs>
            <runs></runs>
            <runs></runs>
            <runs></runs>
            <runs></runs>
            <runs></runs>
            <runs>0 9 7</runs>
            <runs>0 8 9</runs>
            <runs>0 7 11</runs>
            <runs>0 7 11</runs>
            <runs>0 6 16</runs>
            <runs>22</runs>
            <runs>22</runs>
            <runs>18 16 7</runs>
            <runs>0 5 13 15 8</runs>
            <runs>0 6 12 14 9</runs>
            <runs>0 7 10 12 7</runs>
            <runs>0 24 10</runs>
            <runs>0 24 8</runs>
        </run-table>
    </sample>
    <sample shape="COMMON_TIME" interline="19" pitch="-0.2" left="467" top="652" id="265">
        <run-table orientation="VERTICAL" width="32" height="42">
            <runs>0 15 12</runs>
            <runs>0 11 21</runs>
            <runs>0 10 24</runs>
            <runs>0 8 27</runs>
            <runs>0 7 30</runs>
            <runs>0 1 41</runs>
            <runs>0 5 37</runs>
            <runs>42</runs>
            <runs>42</runs>
            <runs>42</runs>
            <runs>15 19 8</runs>
            <runs>7 28 7</runs>
            <runs></runs>
            <runs></runs>
            <runs></runs>
            <runs></runs>
            <runs></runs>
            <runs></runs>
            <runs>0 9 6</runs>
            <runs>0 8 8</runs>
            <runs>0 8 9</runs>
            <runs>0 7 11</runs>
            <runs>0 7 16</runs>
            <runs>23</runs>
            <runs>23 12 1</runs>
            <runs>23 11 8</runs>
            <runs>23 10 8</runs>
            <runs>18 12 7</runs>
            <runs>0 6 11 10 8</runs>
            <runs>0 7 9 3 15</runs>
            <runs>0 8 5 6 13</runs>
            <runs>0 24 6</runs>
        </run-table>
    </sample>
</samples>
