<?xml version="1.0" encoding="UTF-8" standalone="yes"?>
<samples sheet-name="IMSLP00668#19">
    <sample shape="F_CLEF" interline="15" pitch="-1.5" left="299" top="1549" id="544">
        <run-table orientation="VERTICAL" width="47" height="56">
            <runs>0 52 4</runs>
            <runs>0 52 3</runs>
            <runs>0 51 3</runs>
            <runs>0 51 3</runs>
            <runs>0 9 10 31 4</runs>
            <runs>0 6 14 30 3</runs>
            <runs>0 5 16 25 7</runs>
            <runs>23 27 2</runs>
            <runs>23 27 2</runs>
            <runs>0 8 16 26 1</runs>
            <runs>0 8 16</runs>
            <runs>0 8 16</runs>
            <runs>0 8 16 19 1</runs>
            <runs>0 8 16 18 7</runs>
            <runs>0 9 15 17 8</runs>
            <runs>0 9 14 16 10</runs>
            <runs>0 10 12 17 10</runs>
            <runs>0 11 10 16 8</runs>
            <runs>0 13 2 21 8</runs>
            <runs>0 36 8</runs>
            <runs>0 31 12</runs>
            <runs>0 31 11</runs>
            <runs>0 31 11</runs>
            <runs>0 28 13</runs>
            <runs>0 3 2 19 16</runs>
            <runs>9 14 15</runs>
            <runs>14 1 22</runs>
            <runs>36</runs>
            <runs>35</runs>
            <runs>34</runs>
            <runs>34</runs>
            <runs>34</runs>
            <runs>34</runs>
            <runs>30</runs>
            <runs>0 5 23</runs>
            <runs>0 6 20</runs>
            <runs>0 7 17</runs>
            <runs>0 8 5</runs>
            <runs>0 7 3 13 2</runs>
            <runs>0 6 5 9 6</runs>
            <runs>0 5 7 8 7</runs>
            <runs>0 5 7 7 9</runs>
            <runs>0 4 9 6 9</runs>
            <runs>0 4 9 7 8</runs>
            <runs>0 5 8 8 7</runs>
            <runs>0 5 7 10 5</runs>
            <runs>0 6 4</runs>
        </run-table>
    </sample>
    <sample shape="F_CLEF" interline="15" pitch="-1.7" left="295" top="2001" id="689">
        <run-table orientation="VERTICAL" width="47" height="55">
            <runs>0 52 3</runs>
            <runs>0 51 3</runs>
            <runs>0 51 3</runs>
            <runs>0 10 9 27 7</runs>
            <runs>0 8 12 31 2</runs>
            <runs>0 6 14 31 1</runs>
            <runs>0 5 16 30 2</runs>
            <runs>0 1 21 29 1</runs>
            <runs>23</runs>
            <runs>0 8 15</runs>
            <runs>0 8 16</runs>
            <runs>0 8 16 20 1</runs>
            <runs>0 8 16 19 7</runs>
            <runs>0 8 16 18 8</runs>
            <runs>0 9 15 17 9</runs>
            <runs>0 9 14 17 6</runs>
            <runs>0 10 12 16 8</runs>
            <runs>0 11 10 16 8</runs>
            <runs>0 12 8 16 9</runs>
            <runs>0 13 7 12 12</runs>
            <runs>0 32 11</runs>
            <runs>0 31 11</runs>
            <runs>0 29 13</runs>
            <runs>0 27 13</runs>
            <runs>0 25 15</runs>
            <runs>8 14 17</runs>
            <runs>12 4 22</runs>
            <runs>37</runs>
            <runs>0 1 35</runs>
            <runs>0 1 35</runs>
            <runs>0 1 35</runs>
            <runs>0 1 34</runs>
            <runs>0 1 29</runs>
            <runs>0 1 28</runs>
            <runs>0 5 23</runs>
            <runs>0 6 21</runs>
            <runs>0 8 18</runs>
            <runs>0 10 10 3 3</runs>
            <runs>0 8 3 10 6</runs>
            <runs>0 7 5 9 7</runs>
            <runs>0 6 7 8 8</runs>
            <runs>0 6 7 8 8</runs>
            <runs>0 5 8 8 8</runs>
            <runs>0 5 9 7 7</runs>
            <runs>0 6 8 8 6</runs>
            <runs>0 6 7 11 2</runs>
            <runs>0 7 4</runs>
        </run-table>
    </sample>
    <sample shape="SHARP" interline="15" pitch="-5.3" left="483" top="2247" id="840">
        <run-table orientation="VERTICAL" width="16" height="47">
            <runs>0 17 1</runs>
            <runs>0 12 7 14 2</runs>
            <runs>0 12 7 9 7</runs>
            <runs>0 11 9 8 8</runs>
            <runs>0 2 45</runs>
            <runs>0 2 4 3 11 6 10</runs>
            <runs>0 9 10 7 9</runs>
            <runs>0 9 10 7 9</runs>
            <runs>0 9 9 8 8</runs>
            <runs>0 9 9 8 9</runs>
            <runs>0 8 11 6 10</runs>
            <runs>2 5 13 2 19</runs>
            <runs>41</runs>
            <runs>18 7 8 6 1</runs>
            <runs>0 8 9 9 7</runs>
            <runs>0 8 9 9 7</runs>
        </run-table>
    </sample>
    <sample shape="SHARP" interline="15" pitch="1.2" left="367" top="2834" id="956">
        <run-table orientation="VERTICAL" width="17" height="50">
            <runs>0 31 9</runs>
            <runs>0 20 3 8 9</runs>
            <runs>0 16 7 8 11 1 7</runs>
            <runs>0 15 35</runs>
            <runs>0 13 36</runs>
            <runs>0 13 10 7 11</runs>
            <runs>0 14 9 7 10</runs>
            <runs>0 13 9 8 9</runs>
            <runs>0 13 9 8 9</runs>
            <runs>0 13 9 8 9</runs>
            <runs>0 12 10 7 10</runs>
            <runs>46</runs>
            <runs>10 1 12 4 13 1 2</runs>
            <runs>0 12 10 6 10</runs>
            <runs>0 12 9 8 8</runs>
            <runs>0 12 9 9 7</runs>
            <runs>0 12 8</runs>
        </run-table>
    </sample>
    <sample shape="TIME_FOUR" interline="15" pitch="2.2" left="522" top="2311" id="898">
        <run-table orientation="VERTICAL" width="26" height="27">
            <runs>0 20 1</runs>
            <runs>0 18 4</runs>
            <runs>0 17 5</runs>
            <runs>0 16 6</runs>
            <runs>0 15 3 1 3</runs>
            <runs>0 15 2 2 3</runs>
            <runs>0 15 2 2 3</runs>
            <runs>0 15 1 3 3</runs>
            <runs>0 8 7 4 3</runs>
            <runs>0 6 9 4 3</runs>
            <runs>0 1 13 5 3</runs>
            <runs>15 4 3</runs>
            <runs>15 3 4</runs>
            <runs>27</runs>
            <runs>27</runs>
            <runs>27</runs>
            <runs>27</runs>
            <runs>27</runs>
            <runs>27</runs>
            <runs>27</runs>
            <runs>0 4 23</runs>
            <runs>0 11 16</runs>
            <runs>0 18 5</runs>
            <runs>0 19 3</runs>
            <runs>0 19 3</runs>
            <runs>0 19 2</runs>
        </run-table>
    </sample>
    <sample shape="TIME_FOUR" interline="15" pitch="2.1" left="521" top="2449" id="909">
        <run-table orientation="VERTICAL" width="26" height="27">
            <runs>0 19 2</runs>
            <runs>0 18 4</runs>
            <runs>0 17 5</runs>
            <runs>0 16 6</runs>
            <runs>0 15 3 1 2</runs>
            <runs>0 15 2 2 2</runs>
            <runs>0 15 1 3 2</runs>
            <runs>0 15 1 3 2</runs>
            <runs>0 7 8 4 2</runs>
            <runs>0 4 11 4 2</runs>
            <runs>0 3 11 5 2</runs>
            <runs>14 5 2</runs>
            <runs>14 5 3</runs>
            <runs>15 2 6</runs>
            <runs>9 1 17</runs>
            <runs>27</runs>
            <runs>27</runs>
            <runs>27</runs>
            <runs>27</runs>
            <runs>27</runs>
            <runs>3 1 23</runs>
            <runs>1 6 20</runs>
            <runs>0 18 5</runs>
            <runs>0 19 3</runs>
            <runs>0 19 3</runs>
            <runs>0 19 2</runs>
        </run-table>
    </sample>
    <sample shape="COMMON_TIME" interline="15" pitch="-0.5" left="463" top="473" id="497">
        <run-table orientation="VERTICAL" width="29" height="38">
            <runs>0 13 12</runs>
            <runs>0 10 19</runs>
            <runs>0 8 22</runs>
            <runs>0 3 28</runs>
            <runs>0 3 29</runs>
            <runs>0 3 30</runs>
            <runs>0 3 34</runs>
            <runs>0 3 34</runs>
            <runs>0 2 35</runs>
            <runs>0 2 35</runs>
            <runs>0 1 36</runs>
            <runs>0 1 1 6 1 1 1 16 11</runs>
            <runs>0 1 1 30 2</runs>
            <runs>2</runs>
            <runs>2</runs>
            <runs>2 24 1</runs>
            <runs>2 8 3</runs>
            <runs>2 5 8</runs>
            <runs>2 1 13</runs>
            <runs>0 1 1 1 14</runs>
            <runs>0 1 16</runs>
            <runs>0 1 16</runs>
            <runs>0 1 16</runs>
            <runs>0 2 15</runs>
            <runs>0 2 15 14 2</runs>
            <runs>0 3 13 13 3</runs>
            <runs>0 3 13 11 4</runs>
            <runs>0 3 12 10 5</runs>
            <runs>0 9 4 13 2</runs>
        </run-table>
    </sample>
    <sample shape="COMMON_TIME" interline="15" pitch="-0.4" left="461" top="668" id="507">
        <run-table orientation="VERTICAL" width="29" height="36">
            <runs>0 15 10</runs>
            <runs>0 12 16</runs>
            <runs>0 9 21</runs>
            <runs>0 8 24</runs>
            <runs>0 4 32</runs>
            <runs>0 4 32</runs>
            <runs>0 4 32</runs>
            <runs>0 4 32</runs>
            <runs>0 3 33</runs>
            <runs>0 3 33</runs>
            <runs>0 2 34</runs>
            <runs>0 1 35</runs>
            <runs>0 1 2 26 7</runs>
            <runs>0 1 2</runs>
            <runs>0 1 2</runs>
            <runs>3</runs>
            <runs>3</runs>
            <runs>3 6 5</runs>
            <runs>3 5 8</runs>
            <runs>3 1 12</runs>
            <runs>0 1 2 1 13</runs>
            <runs>0 1 2 1 13</runs>
            <runs>0 1 16</runs>
            <runs>0 2 15</runs>
            <runs>0 3 14</runs>
            <runs>0 3 13</runs>
            <runs>0 4 12 12 8</runs>
            <runs>0 4 12 11 3</runs>
            <runs>0 8 6 12 2</runs>
        </run-table>
    </sample>
</samples>
