<?xml version="1.0" encoding="UTF-8" standalone="yes"?>
<samples sheet-name="IMSLP00696#6">
    <sample shape="F_CLEF" interline="14" pitch="-1.2" left="337" top="1732" id="652">
        <run-table orientation="VERTICAL" width="44" height="50">
            <runs>0 11 4</runs>
            <runs>0 7 10</runs>
            <runs>0 5 15 26 4</runs>
            <runs>0 5 16 25 4</runs>
            <runs>21 24 5</runs>
            <runs>22 23 5</runs>
            <runs>8 1 13 20 8</runs>
            <runs>0 5 1 3 13 20 7</runs>
            <runs>0 8 14 20 7</runs>
            <runs>0 8 15 19 7</runs>
            <runs>0 8 15 19 6</runs>
            <runs>0 8 14 19 7</runs>
            <runs>0 9 13 24 1</runs>
            <runs>0 10 11</runs>
            <runs>0 11 9</runs>
            <runs>0 11 7 21 1</runs>
            <runs>0 37 8</runs>
            <runs>0 37 8</runs>
            <runs>0 36 8</runs>
            <runs>0 34 10</runs>
            <runs>0 5 1 26 12</runs>
            <runs>7 21 13</runs>
            <runs>8 19 14</runs>
            <runs>9 1 2 15 13</runs>
            <runs>39</runs>
            <runs>38</runs>
            <runs>37</runs>
            <runs>36</runs>
            <runs>0 5 30</runs>
            <runs>0 6 28</runs>
            <runs>0 7 25</runs>
            <runs>0 8 23</runs>
            <runs>0 9 22</runs>
            <runs>0 11 16</runs>
            <runs>0 14 9</runs>
            <runs>0 7 2</runs>
            <runs>0 5 4</runs>
            <runs>0 4 6 9 6</runs>
            <runs>0 4 7 7 7</runs>
            <runs>0 4 6 8 7</runs>
            <runs>0 4 6 7 8</runs>
            <runs>0 5 4 9 7</runs>
            <runs>0 18 6</runs>
            <runs>0 21 2</runs>
        </run-table>
    </sample>
    <sample shape="F_CLEF" interline="14" pitch="-1.5" left="337" top="2909" id="825">
        <run-table orientation="VERTICAL" width="43" height="45">
            <runs>0 11 1</runs>
            <runs>0 9 8</runs>
            <runs>0 6 14</runs>
            <runs>0 5 16</runs>
            <runs>22</runs>
            <runs>22</runs>
            <runs>22</runs>
            <runs>23</runs>
            <runs>0 5 1 2 15</runs>
            <runs>0 8 15</runs>
            <runs>0 8 15</runs>
            <runs>0 8 15</runs>
            <runs>0 9 13</runs>
            <runs>0 9 13</runs>
            <runs>0 10 10</runs>
            <runs>0 13 7 18 7</runs>
            <runs>0 37 8</runs>
            <runs>0 37 8</runs>
            <runs>0 4 1 30 10</runs>
            <runs>0 4 1 30 9</runs>
            <runs>0 4 2 26 9</runs>
            <runs>0 4 2 1 2 19 12</runs>
            <runs>9 19 11</runs>
            <runs>13 10 15</runs>
            <runs>37</runs>
            <runs>37</runs>
            <runs>37</runs>
            <runs>0 5 31</runs>
            <runs>0 6 29</runs>
            <runs>0 7 27</runs>
            <runs>0 8 24</runs>
            <runs>0 9 22</runs>
            <runs>0 10 21</runs>
            <runs>0 12 13</runs>
            <runs>0 15 9</runs>
            <runs>0 6 3</runs>
            <runs>0 6 6 9 2</runs>
            <runs>0 5 7 8 5</runs>
            <runs>0 5 7 7 7</runs>
            <runs>0 5 7 7 8</runs>
            <runs>0 5 6 8 7</runs>
            <runs>0 5 6 8 6</runs>
            <runs>0 20 5</runs>
        </run-table>
    </sample>
    <sample shape="SHARP" interline="14" pitch="-5.3" left="417" top="360" id="842">
        <run-table orientation="VERTICAL" width="17" height="44">
            <runs>0 14 5</runs>
            <runs>0 13 6 7 7</runs>
            <runs>0 1 3 4 1 3 7 1 3 4 7</runs>
            <runs>25 2 7</runs>
            <runs>44</runs>
            <runs>0 1 43</runs>
            <runs>0 10 8 6 9</runs>
            <runs>0 10 7 7 9</runs>
            <runs>0 9 8 7 9</runs>
            <runs>1 8 8 7 9</runs>
            <runs>17 1 15</runs>
            <runs>17 1 16</runs>
            <runs>0 5 12 1 15</runs>
            <runs>0 7 8 3 13</runs>
            <runs>0 7 8 8 7</runs>
            <runs>0 7 6 10 7</runs>
            <runs>0 8 2 13 7</runs>
        </run-table>
    </sample>
    <sample shape="SHARP" interline="14" pitch="-0.8" left="402" top="551" id="850">
        <run-table orientation="VERTICAL" width="15" height="44">
            <runs>0 13 7 8 7</runs>
            <runs>0 13 11 4 7 1 3</runs>
            <runs>0 11 33</runs>
            <runs>0 10 34</runs>
            <runs>0 12 7 5 20</runs>
            <runs>0 12 7 8 6</runs>
            <runs>0 11 8 7 7</runs>
            <runs>0 11 8 6 7</runs>
            <runs>44</runs>
            <runs>44</runs>
            <runs>0 4 40</runs>
            <runs>0 9 9 2 20</runs>
            <runs>0 9 8 7 3</runs>
            <runs>0 9 8 7 3</runs>
            <runs>0 24 3</runs>
        </run-table>
    </sample>
    <sample shape="SHARP" interline="14" pitch="-5.1" left="416" top="2326" id="906">
        <run-table orientation="VERTICAL" width="17" height="44">
            <runs>0 32 1</runs>
            <runs>0 14 4 8 8</runs>
            <runs>0 13 6 2 1 4 8</runs>
            <runs>0 12 12 2 8</runs>
            <runs>0 3 40</runs>
            <runs>0 2 41</runs>
            <runs>0 2 42</runs>
            <runs>0 10 8 7 9</runs>
            <runs>0 10 8 6 9</runs>
            <runs>0 9 8 7 9</runs>
            <runs>3 4 12 5 9</runs>
            <runs>40</runs>
            <runs>40</runs>
            <runs>1 1 29</runs>
            <runs>0 8 8 7 7</runs>
            <runs>0 8 8 7 7</runs>
            <runs>0 8 7 8 7</runs>
        </run-table>
    </sample>
</samples>
