<?xml version="1.0" encoding="UTF-8" standalone="yes"?>
<samples sheet-name="IMSLP00002#9">
    <sample shape="G_CLEF" interline="22" pitch="0.3" left="193" top="310" id="241">
        <run-table orientation="VERTICAL" width="58" height="150">
            <runs>0 90 1</runs>
            <runs>0 82 14</runs>
            <runs>0 78 21</runs>
            <runs>0 70 31</runs>
            <runs>0 70 33</runs>
            <runs>0 69 35 31 7</runs>
            <runs>0 69 36 27 12</runs>
            <runs>0 68 39 24 14</runs>
            <runs>0 66 23 8 11 22 16</runs>
            <runs>0 65 20 16 8 20 18</runs>
            <runs>0 64 19 20 7 19 18</runs>
            <runs>0 63 17 25 7 17 19</runs>
            <runs>0 62 17 28 5 16 20</runs>
            <runs>0 61 16 31 4 16 21</runs>
            <runs>0 60 16 33 6 13 21</runs>
            <runs>0 59 15 36 3 15 17 1 3</runs>
            <runs>0 58 15 38 2 15 17 2 2</runs>
            <runs>0 57 15 15 10 14 2 15 16 3 3</runs>
            <runs>0 56 16 12 17 11 1 16 15 3 3</runs>
            <runs>0 55 16 11 21 27 13 5 2</runs>
            <runs>0 54 17 10 13 6 5 25 12 6 2</runs>
            <runs>0 54 14 11 11 13 3 26 8 8 2</runs>
            <runs>0 53 14 11 10 17 1 27 5 10 2</runs>
            <runs>0 52 14 11 10 61 2</runs>
            <runs>0 52 14 11 9 61 2</runs>
            <runs>0 51 14 11 9 62 2</runs>
            <runs>0 48 16 12 9 62 2</runs>
            <runs>0 48 16 11 9 63 2</runs>
            <runs>0 48 15 12 9 61 3</runs>
            <runs>0 47 16 12 8 61 3</runs>
            <runs>0 30 14 3 16 11 9 59 5</runs>
            <runs>0 24 49 1 10 57 5</runs>
            <runs>0 22 69 1 28 4 3 2 2 5 9</runs>
            <runs>0 19 43 8 20 2 51</runs>
            <runs>0 17 23 6 14 10 13 20 38</runs>
            <runs>0 15 18 12 14 14 10 40 1</runs>
            <runs>0 14 16 15 13 15 10</runs>
            <runs>0 11 18 15 13 16 10</runs>
            <runs>0 10 19 15 12 18 9</runs>
            <runs>0 9 15 19 13 18 9 30 1</runs>
            <runs>0 9 13 20 13 19 9 29 2</runs>
            <runs>0 7 14 19 14 20 9 29 2</runs>
            <runs>0 6 13 21 13 21 10 27 3</runs>
            <runs>0 5 13 21 14 23 9 27 2</runs>
            <runs>0 5 13 21 14 23 10 25 3</runs>
            <runs>0 4 13 21 13 26 10 23 4</runs>
            <runs>0 3 12 22 14 26 10 22 4</runs>
            <runs>0 3 11 22 12 30 11 19 5</runs>
            <runs>0 1 12 21 13 32 11 17 5</runs>
            <runs>0 1 11 21 14 32 16 10 6</runs>
            <runs>12 19 15 34 17 5 8</runs>
            <runs>11 16 17 37 28</runs>
            <runs>0 1 10 15 17 40 25</runs>
            <runs>0 3 11 8 18 44 23</runs>
            <runs>0 5 11 4 19 47 18</runs>
            <runs>0 10 22 57 12</runs>
            <runs>0 13 17</runs>
            <runs>0 20 1</runs>
        </run-table>
    </sample>
    <sample shape="SHARP" interline="22" pitch="-1.9" left="262" top="1559" id="431">
        <run-table orientation="VERTICAL" width="23" height="64">
            <runs>0 22 11 10 3 2 3</runs>
            <runs>0 22 11 9 9 3 1</runs>
            <runs>0 21 8 13 8 4 1</runs>
            <runs>0 21 8 13 8 4 1</runs>
            <runs>0 20 9 12 9 4 1 7 1</runs>
            <runs>0 12 26 2 24</runs>
            <runs>0 7 57</runs>
            <runs>0 18 10 12 9 6 1</runs>
            <runs>0 19 8 13 8</runs>
            <runs>0 18 8 14 8</runs>
            <runs>0 18 7 15 7</runs>
            <runs>0 17 8 14 7</runs>
            <runs>0 17 8 13 8</runs>
            <runs>0 16 9 13 8</runs>
            <runs>0 16 8 13 8</runs>
            <runs>0 15 9 13 8</runs>
            <runs>0 14 18 3 12 3 8</runs>
            <runs>58</runs>
            <runs>3 2 6 2 10 1 21 10 2</runs>
            <runs>0 13 9 13 8</runs>
            <runs>0 13 9 13 8</runs>
            <runs>0 13 8 14 7</runs>
            <runs>0 13 8 14 7</runs>
        </run-table>
    </sample>
    <sample shape="SHARP" interline="22" pitch="-4.0" left="394" top="2154" id="478">
        <run-table orientation="VERTICAL" width="24" height="64">
            <runs>0 23 10 11 6</runs>
            <runs>0 22 11 10 8</runs>
            <runs>0 21 11 10 8</runs>
            <runs>0 21 12 9 8</runs>
            <runs>0 20 13 8 14 5 3</runs>
            <runs>0 14 1 3 15 5 26</runs>
            <runs>0 7 53</runs>
            <runs>0 7 27 4 17 2 1</runs>
            <runs>0 18 9 13 8</runs>
            <runs>0 18 8 13 9</runs>
            <runs>0 18 8 13 8</runs>
            <runs>0 18 8 13 8</runs>
            <runs>0 17 8 13 8</runs>
            <runs>0 17 8 13 8</runs>
            <runs>0 16 8 13 8</runs>
            <runs>0 16 8 13 8</runs>
            <runs>0 15 18 3 10 8 3</runs>
            <runs>58</runs>
            <runs>49 5 2</runs>
            <runs>6 1 16 11 10</runs>
            <runs>0 14 8 13 8</runs>
            <runs>0 13 9 12 9</runs>
            <runs>0 13 9 12 8</runs>
            <runs>0 13 8 14 6</runs>
        </run-table>
    </sample>
    <sample shape="TIME_THREE" interline="22" pitch="-2.1" left="466" top="2186" id="493">
        <run-table orientation="VERTICAL" width="29" height="38">
            <runs>0 28 5</runs>
            <runs>0 5 4 16 9</runs>
            <runs>0 2 8 14 11</runs>
            <runs>0 1 10 13 12</runs>
            <runs>12 11 13</runs>
            <runs>12 11 14</runs>
            <runs>12 11 14</runs>
            <runs>12 4 1 6 15</runs>
            <runs>11 5 2 5 15</runs>
            <runs>0 3 8 5 2 6 10 2 2</runs>
            <runs>0 3 7 6 2 6 8 5 1</runs>
            <runs>0 4 5 6 3 7 6 6 1</runs>
            <runs>0 15 2 8 3 9 1</runs>
            <runs>0 15 3 19 1</runs>
            <runs>0 14 4 18 2</runs>
            <runs>0 13 9 14 2</runs>
            <runs>3 9 10 12 4</runs>
            <runs>23 5 10</runs>
            <runs>38</runs>
            <runs>37</runs>
            <runs>16 1 20</runs>
            <runs>15 3 18</runs>
            <runs>15 3 17</runs>
            <runs>14 4 17</runs>
            <runs>13 6 16</runs>
            <runs>0 2 9 8 14</runs>
            <runs>0 5 5 9 13</runs>
            <runs>0 19 10</runs>
            <runs>0 20 8</runs>
        </run-table>
    </sample>
    <sample shape="TIME_THREE" interline="22" pitch="-2.0" left="465" top="2426" id="503">
        <run-table orientation="VERTICAL" width="29" height="40">
            <runs>0 28 5</runs>
            <runs>0 3 8 16 8</runs>
            <runs>0 2 9 14 11</runs>
            <runs>0 1 11 13 12</runs>
            <runs>12 12 13</runs>
            <runs>13 11 14</runs>
            <runs>13 11 14</runs>
            <runs>12 5 1 6 14</runs>
            <runs>12 5 1 6 15</runs>
            <runs>0 3 9 5 1 6 15</runs>
            <runs>0 4 7 5 3 6 10 2 2</runs>
            <runs>0 5 5 6 3 6 8 5 1</runs>
            <runs>0 16 2 8 6 6 1</runs>
            <runs>0 16 3 9 2 8 1</runs>
            <runs>0 15 7 16 2</runs>
            <runs>0 14 7 16 3</runs>
            <runs>4 8 10 14 4</runs>
            <runs>24 5 1 3 6</runs>
            <runs>17 1 21</runs>
            <runs>17 1 21</runs>
            <runs>16 2 21</runs>
            <runs>16 2 20</runs>
            <runs>15 3 20</runs>
            <runs>14 5 18</runs>
            <runs>0 1 13 5 17</runs>
            <runs>0 3 9 8 15</runs>
            <runs>0 5 5 10 14</runs>
            <runs>0 20 13</runs>
            <runs>0 23 9</runs>
        </run-table>
    </sample>
    <sample shape="TIME_FOUR" interline="22" pitch="2.2" left="466" top="2232" id="489">
        <run-table orientation="VERTICAL" width="30" height="39">
            <runs>0 28 4</runs>
            <runs>0 26 6</runs>
            <runs>0 24 8</runs>
            <runs>0 22 10</runs>
            <runs>0 18 14</runs>
            <runs>0 16 9 3 4</runs>
            <runs>0 10 14 4 4</runs>
            <runs>0 1 22 5 4</runs>
            <runs>0 1 20 6 5</runs>
            <runs>0 1 19 7 5</runs>
            <runs>0 1 19 7 5</runs>
            <runs>0 1 19 7 4</runs>
            <runs>0 1 14 12 4</runs>
            <runs>0 1 12 14 4</runs>
            <runs>0 1 10 16 4</runs>
            <runs>0 1 8 6 6 5 13</runs>
            <runs>6 7 26</runs>
            <runs>0 1 3 7 28</runs>
            <runs>0 1 1 7 30</runs>
            <runs>0 8 31</runs>
            <runs>0 7 32</runs>
            <runs>0 4 35</runs>
            <runs>0 4 35</runs>
            <runs>0 5 34</runs>
            <runs>0 16 23</runs>
            <runs>0 26 6 1 6</runs>
            <runs>0 26 5</runs>
            <runs>0 26 5</runs>
            <runs>0 26 4</runs>
            <runs>0 26 4</runs>
        </run-table>
    </sample>
    <sample shape="TIME_FOUR" interline="22" pitch="2.1" left="464" top="2473" id="498">
        <run-table orientation="VERTICAL" width="31" height="38">
            <runs>0 29 2</runs>
            <runs>0 27 5</runs>
            <runs>0 27 5</runs>
            <runs>0 25 7</runs>
            <runs>0 24 8</runs>
            <runs>0 17 15</runs>
            <runs>0 17 14</runs>
            <runs>0 16 16</runs>
            <runs>0 14 11 2 4</runs>
            <runs>0 5 18 4 4</runs>
            <runs>0 1 21 5 4</runs>
            <runs>21 6 4</runs>
            <runs>20 7 4</runs>
            <runs>20 7 4</runs>
            <runs>20 7 4</runs>
            <runs>15 12 4</runs>
            <runs>12 15 5 5 1</runs>
            <runs>11 11 2 2 12</runs>
            <runs>8 5 25</runs>
            <runs>7 4 27</runs>
            <runs>6 3 29</runs>
            <runs>1 7 30</runs>
            <runs>0 7 31</runs>
            <runs>0 5 33</runs>
            <runs>0 4 34</runs>
            <runs>0 4 34</runs>
            <runs>0 4 34</runs>
            <runs>0 23 7</runs>
            <runs>0 26 4</runs>
            <runs>0 26 4</runs>
            <runs>0 26 4</runs>
        </run-table>
    </sample>
    <sample shape="TIME_THREE_FOUR" interline="22" pitch="0.0" left="466" top="2186" id="492">
        <run-table orientation="VERTICAL" width="30" height="85">
            <runs>0 28 5 41 4</runs>
            <runs>0 5 4 16 9 38 6</runs>
            <runs>0 2 8 14 11 35 8</runs>
            <runs>0 1 10 13 12 32 10</runs>
            <runs>12 11 13 28 14</runs>
            <runs>12 11 14 25 9 3 4</runs>
            <runs>12 11 14 19 14 4 4</runs>
            <runs>12 4 1 6 15 9 22 5 4</runs>
            <runs>11 5 2 5 15 9 20 6 5</runs>
            <runs>0 3 8 5 2 6 10 2 2 9 19 7 5</runs>
            <runs>0 3 7 6 2 6 8 5 1 9 19 7 5</runs>
            <runs>0 4 5 6 3 7 6 6 1 9 19 7 4</runs>
            <runs>0 15 2 8 3 9 1 9 14 12 4</runs>
            <runs>0 15 3 19 1 9 12 14 4</runs>
            <runs>0 14 4 18 2 9 10 16 4</runs>
            <runs>0 13 9 14 2 9 8 6 6 5 13</runs>
            <runs>3 9 10 12 4 8 6 7 26</runs>
            <runs>23 5 10 9 3 7 28</runs>
            <runs>38 9 1 7 30</runs>
            <runs>37 17 31</runs>
            <runs>16 1 20 16 32</runs>
            <runs>15 3 18 14 35</runs>
            <runs>15 3 17 15 35</runs>
            <runs>14 4 17 16 34</runs>
            <runs>13 6 16 27 23</runs>
            <runs>0 2 9 8 14 39 6 1 6</runs>
            <runs>0 5 5 9 13 40 5</runs>
            <runs>0 19 10 43 5</runs>
            <runs>0 20 8 44 4</runs>
            <runs>0 72 4</runs>
        </run-table>
    </sample>
    <sample shape="TIME_THREE_FOUR" interline="22" pitch="-0.0" left="464" top="2426" id="502">
        <run-table orientation="VERTICAL" width="31" height="85">
            <runs>0 76 2</runs>
            <runs>0 28 5 41 5</runs>
            <runs>0 3 8 16 8 39 5</runs>
            <runs>0 2 9 14 11 36 7</runs>
            <runs>0 1 11 13 12 34 8</runs>
            <runs>12 12 13 27 15</runs>
            <runs>13 11 14 26 14</runs>
            <runs>13 11 14 25 16</runs>
            <runs>12 5 1 6 14 23 11 2 4</runs>
            <runs>12 5 1 6 15 13 18 4 4</runs>
            <runs>0 3 9 5 1 6 15 9 21 5 4</runs>
            <runs>0 4 7 5 3 6 10 2 2 8 21 6 4</runs>
            <runs>0 5 5 6 3 6 8 5 1 8 20 7 4</runs>
            <runs>0 16 2 8 6 6 1 8 20 7 4</runs>
            <runs>0 16 3 9 2 8 1 8 20 7 4</runs>
            <runs>0 15 7 16 2 7 15 12 4</runs>
            <runs>0 14 7 16 3 7 12 15 5 5 1</runs>
            <runs>4 8 10 14 4 7 11 11 2 2 12</runs>
            <runs>24 5 1 3 6 8 8 5 25</runs>
            <runs>17 1 21 8 7 4 27</runs>
            <runs>17 1 21 8 6 3 29</runs>
            <runs>16 2 21 8 1 7 30</runs>
            <runs>16 2 20 16 31</runs>
            <runs>15 3 20 14 33</runs>
            <runs>14 5 18 14 34</runs>
            <runs>0 1 13 5 17 15 34</runs>
            <runs>0 3 9 8 15 16 34</runs>
            <runs>0 5 5 10 14 36 7</runs>
            <runs>0 20 13 40 4</runs>
            <runs>0 23 9 41 4</runs>
            <runs>0 73 4</runs>
        </run-table>
    </sample>
</samples>
