<?xml version="1.0" encoding="UTF-8" standalone="yes"?>
<samples sheet-name="IMSLP08541#28">
    <sample shape="G_CLEF" interline="22" pitch="0.3" left="533" top="640" id="247">
        <run-table orientation="VERTICAL" width="58" height="165">
            <runs>0 85 17</runs>
            <runs>0 77 26</runs>
            <runs>0 76 29</runs>
            <runs>0 74 34</runs>
            <runs>0 72 38</runs>
            <runs>0 71 41</runs>
            <runs>0 68 45 36 1</runs>
            <runs>0 67 48 30 9</runs>
            <runs>0 65 52 26 13</runs>
            <runs>0 63 34 10 12 23 16</runs>
            <runs>0 62 29 18 10 22 18</runs>
            <runs>0 62 27 22 8 21 19</runs>
            <runs>0 60 27 26 11 16 21</runs>
            <runs>0 55 31 28 10 15 22</runs>
            <runs>0 55 28 32 10 13 24</runs>
            <runs>0 55 26 36 8 13 24</runs>
            <runs>0 55 25 37 7 14 25</runs>
            <runs>0 55 25 38 3 17 25</runs>
            <runs>0 54 26 11 14 13 3 17 25</runs>
            <runs>0 53 27 8 20 11 2 17 20 1 5</runs>
            <runs>0 52 22 11 25 9 2 17 19 3 4</runs>
            <runs>0 51 22 11 27 9 1 17 19 3 4</runs>
            <runs>0 50 22 10 30 8 1 18 17 5 4</runs>
            <runs>0 50 20 11 21 6 6 6 1 20 15 5 4</runs>
            <runs>0 49 21 7 25 7 7 4 1 20 14 6 4</runs>
            <runs>0 48 21 8 18 18 3 27 10 8 4</runs>
            <runs>0 48 20 9 17 51 6 10 4</runs>
            <runs>0 39 5 3 20 10 15 69 4</runs>
            <runs>0 28 38 11 14 70 4</runs>
            <runs>0 24 41 11 15 69 5</runs>
            <runs>0 21 45 9 15 70 4</runs>
            <runs>0 18 72 70 4</runs>
            <runs>0 17 21 1 2 1 48 70 4</runs>
            <runs>0 14 15 13 48 70 4</runs>
            <runs>0 12 14 15 20 4 27 67 4</runs>
            <runs>0 11 14 15 19 13 33 54 4</runs>
            <runs>0 10 14 15 19 15 36 49 4</runs>
            <runs>0 8 14 16 21 14 16 7 19 42 4</runs>
            <runs>0 7 13 13 26 14 16 10 26 31 5</runs>
            <runs>0 7 11 16 25 14 16 17 22 26 6</runs>
            <runs>0 6 11 17 20 19 16 24 23 17 6</runs>
            <runs>0 5 11 18 19 20 16 29 27 1 12</runs>
            <runs>0 4 11 18 19 21 17 29 6 5 26</runs>
            <runs>0 2 13 17 19 24 15 28 7 14 13</runs>
            <runs>0 1 13 18 17 26 15 28 2</runs>
            <runs>0 1 12 18 17 27 15 27 3</runs>
            <runs>0 1 12 16 18 29 15 25 3</runs>
            <runs>12 16 18 31 14 25 2</runs>
            <runs>12 15 17 33 15 23 3</runs>
            <runs>0 1 11 12 18 36 15 20 4</runs>
            <runs>0 3 11 8 18 38 16 18 3</runs>
            <runs>0 5 33 40 18 14 4</runs>
            <runs>0 7 30 41 25 4 6</runs>
            <runs>0 9 28 45 29</runs>
            <runs>0 17 5 3 4 55 23</runs>
            <runs>0 86 19</runs>
            <runs>0 88 16</runs>
            <runs>0 92 2 4 2</runs>
        </run-table>
    </sample>
    <sample shape="G_CLEF" interline="22" pitch="0.3" left="397" top="1174" id="302">
        <run-table orientation="VERTICAL" width="57" height="164">
            <runs>0 88 13</runs>
            <runs>0 76 26</runs>
            <runs>0 75 29</runs>
            <runs>0 73 34</runs>
            <runs>0 71 38</runs>
            <runs>0 69 42</runs>
            <runs>0 68 44 36 2</runs>
            <runs>0 64 49 31 10</runs>
            <runs>0 60 2 1 51 28 14</runs>
            <runs>0 61 32 14 9 25 17</runs>
            <runs>0 60 28 22 7 23 19</runs>
            <runs>0 59 27 25 7 21 20</runs>
            <runs>0 54 30 28 7 19 22</runs>
            <runs>0 54 29 30 6 19 22</runs>
            <runs>0 54 27 34 8 14 24</runs>
            <runs>0 54 25 37 8 13 25</runs>
            <runs>0 54 25 38 7 13 25</runs>
            <runs>0 54 25 13 4 22 2 17 20 1 5</runs>
            <runs>0 53 22 13 15 15 2 17 19 3 4</runs>
            <runs>0 52 21 13 19 14 1 17 19 4 3</runs>
            <runs>0 51 22 11 24 11 1 18 18 4 4</runs>
            <runs>0 51 19 13 27 9 1 18 18 4 4</runs>
            <runs>0 50 19 12 21 2 7 8 1 19 17 5 3</runs>
            <runs>0 49 19 12 16 11 6 6 1 20 15 6 3</runs>
            <runs>0 48 19 9 18 16 4 27 12 8 3</runs>
            <runs>0 47 19 10 17 19 1 29 10 9 3</runs>
            <runs>0 47 18 11 16 52 5 12 3</runs>
            <runs>0 46 19 11 14 71 3</runs>
            <runs>0 27 37 11 15 71 3</runs>
            <runs>0 22 42 11 14 71 4</runs>
            <runs>0 19 46 9 15 71 4</runs>
            <runs>0 17 54 2 16 71 3</runs>
            <runs>0 15 14 12 48 71 3</runs>
            <runs>0 13 14 14 48 71 3</runs>
            <runs>0 12 13 15 18 12 22 67 4</runs>
            <runs>0 10 13 16 19 14 31 56 3</runs>
            <runs>0 9 12 17 19 16 36 49 4</runs>
            <runs>0 8 12 17 20 16 15 7 19 42 5</runs>
            <runs>0 6 12 15 24 16 14 11 26 31 5</runs>
            <runs>0 5 12 16 20 20 14 11 32 25 5</runs>
            <runs>0 4 12 17 19 21 15 25 23 17 5</runs>
            <runs>0 3 12 18 19 21 15 29 40</runs>
            <runs>0 2 13 17 19 22 15 29 8 2 28</runs>
            <runs>0 1 13 18 18 23 15 29 7 12 15</runs>
            <runs>0 1 12 18 17 26 15 27 4 22 1 4 1</runs>
            <runs>12 18 17 28 14 26 4</runs>
            <runs>12 17 16 30 14 26 3</runs>
            <runs>11 16 17 32 14 24 4</runs>
            <runs>11 15 16 34 15 22 4</runs>
            <runs>0 1 11 11 17 37 16 18 4</runs>
            <runs>0 2 13 5 18 39 17 16 4</runs>
            <runs>0 5 32 40 18 12 6</runs>
            <runs>0 7 29 41 25 2 8</runs>
            <runs>0 10 19 52 30</runs>
            <runs>0 18 3 62 26</runs>
            <runs>0 85 21</runs>
            <runs>0 88 15</runs>
        </run-table>
    </sample>
    <sample shape="G_CLEF" interline="22" pitch="0.3" left="393" top="1703" id="342">
        <run-table orientation="VERTICAL" width="57" height="163">
            <runs>0 83 17</runs>
            <runs>0 79 23</runs>
            <runs>0 75 29</runs>
            <runs>0 73 34</runs>
            <runs>0 71 38</runs>
            <runs>0 69 41</runs>
            <runs>0 67 45</runs>
            <runs>0 65 48 31 9</runs>
            <runs>0 64 30 3 17 28 13</runs>
            <runs>0 63 28 16 9 24 17</runs>
            <runs>0 61 28 20 8 23 18</runs>
            <runs>0 60 25 26 7 21 20</runs>
            <runs>0 59 25 28 7 19 22</runs>
            <runs>0 58 24 32 8 16 22</runs>
            <runs>0 54 27 34 7 16 23</runs>
            <runs>0 54 25 37 3 18 24</runs>
            <runs>0 54 25 38 2 18 25</runs>
            <runs>0 54 24 39 2 18 25</runs>
            <runs>0 53 25 10 14 16 1 18 19 1 5</runs>
            <runs>0 52 21 13 18 14 1 18 19 3 4</runs>
            <runs>0 51 20 12 24 31 18 3 4</runs>
            <runs>0 50 19 13 27 29 17 5 3</runs>
            <runs>0 50 18 13 21 4 4 29 16 5 3</runs>
            <runs>0 49 18 12 22 7 4 27 15 6 3</runs>
            <runs>0 48 19 9 18 15 4 27 13 7 3</runs>
            <runs>0 47 19 10 16 50 10 8 3</runs>
            <runs>0 47 18 11 15 53 6 10 3</runs>
            <runs>0 31 9 6 18 11 15 70 3</runs>
            <runs>0 27 37 11 14 71 3</runs>
            <runs>0 22 42 11 13 72 3</runs>
            <runs>0 20 46 8 14 72 3</runs>
            <runs>0 17 71 72 3</runs>
            <runs>0 16 12 11 49 71 4</runs>
            <runs>0 14 12 14 19 5 24 71 3</runs>
            <runs>0 12 12 16 17 13 22 67 3</runs>
            <runs>0 10 12 17 18 15 30 56 4</runs>
            <runs>0 9 12 17 18 16 17 1 17 50 4</runs>
            <runs>0 7 13 17 19 17 14 9 16 44 4</runs>
            <runs>0 7 11 14 24 17 14 10 26 32 5</runs>
            <runs>0 5 11 16 25 16 14 20 20 27 4</runs>
            <runs>0 4 11 17 25 16 14 28 18 19 6</runs>
            <runs>0 4 11 17 20 21 14 30 20 13 6</runs>
            <runs>0 2 12 18 18 23 14 30 7 5 24</runs>
            <runs>0 1 12 18 18 24 14 30 2 17 14</runs>
            <runs>0 1 11 18 18 26 14 28 3</runs>
            <runs>12 17 17 28 14 27 3</runs>
            <runs>11 17 17 30 14 25 4</runs>
            <runs>10 16 17 33 13 24 4</runs>
            <runs>0 1 9 15 17 34 15 21 4</runs>
            <runs>0 1 10 12 17 37 15 19 3</runs>
            <runs>0 2 12 6 18 39 16 17 3</runs>
            <runs>0 5 31 41 17 14 4</runs>
            <runs>0 8 28 44 30</runs>
            <runs>0 13 16 52 28</runs>
            <runs>0 18 1 64 24</runs>
            <runs>0 85 21</runs>
            <runs>0 88 15</runs>
        </run-table>
    </sample>
    <sample shape="G_CLEF" interline="22" pitch="0.4" left="388" top="2303" id="365">
        <run-table orientation="VERTICAL" width="58" height="162">
            <runs>0 83 16</runs>
            <runs>0 75 26</runs>
            <runs>0 74 30</runs>
            <runs>0 73 33</runs>
            <runs>0 70 38</runs>
            <runs>0 68 42 34 5</runs>
            <runs>0 66 45 29 12</runs>
            <runs>0 65 48 26 15</runs>
            <runs>0 64 50 25 16</runs>
            <runs>0 63 27 15 10 23 18</runs>
            <runs>0 61 27 19 8 22 20</runs>
            <runs>0 61 24 24 7 20 22</runs>
            <runs>0 60 23 27 7 19 22</runs>
            <runs>0 58 24 30 9 14 24</runs>
            <runs>0 53 27 33 9 13 24</runs>
            <runs>0 53 25 36 8 13 25</runs>
            <runs>0 53 25 37 7 13 26</runs>
            <runs>0 53 25 37 7 13 19 2 5</runs>
            <runs>0 53 21 13 14 15 2 17 19 3 5</runs>
            <runs>0 52 20 14 19 12 1 18 18 4 4</runs>
            <runs>0 51 20 12 24 10 1 18 18 4 4</runs>
            <runs>0 50 20 12 27 8 1 19 17 4 4</runs>
            <runs>0 49 20 12 20 3 6 7 1 20 15 5 4</runs>
            <runs>0 49 18 8 20 12 5 27 13 7 3</runs>
            <runs>0 49 17 9 18 16 3 28 12 6 4</runs>
            <runs>0 47 19 9 16 51 8 8 4</runs>
            <runs>0 47 18 10 15 68 4</runs>
            <runs>0 46 18 11 14 69 4</runs>
            <runs>0 45 18 12 13 70 4</runs>
            <runs>0 30 8 2 23 12 13 70 3</runs>
            <runs>0 26 37 11 14 70 3</runs>
            <runs>0 23 44 7 13 70 4</runs>
            <runs>0 19 68 70 4</runs>
            <runs>0 17 13 9 49 68 4</runs>
            <runs>0 15 12 13 18 6 25 67 4</runs>
            <runs>0 14 11 15 17 8 1 5 31 53 4</runs>
            <runs>0 12 12 15 17 16 16 1 21 44 4</runs>
            <runs>0 11 11 16 18 16 15 8 27 31 5</runs>
            <runs>0 9 12 16 19 16 15 10 30 25 4</runs>
            <runs>0 8 11 13 24 16 15 19 31 13 5</runs>
            <runs>0 7 11 14 20 21 14 27 39</runs>
            <runs>0 6 11 15 19 22 14 28 37</runs>
            <runs>0 5 11 16 18 23 14 28 8 9 18</runs>
            <runs>0 4 11 17 17 24 14 28 3</runs>
            <runs>0 3 12 17 17 24 14 28 3</runs>
            <runs>0 2 12 17 17 26 14 26 3</runs>
            <runs>0 2 11 17 16 28 14 25 3</runs>
            <runs>0 1 11 17 16 30 14 23 4</runs>
            <runs>0 1 10 17 16 31 15 21 4</runs>
            <runs>11 16 15 34 15 19 4</runs>
            <runs>0 1 10 15 15 35 16 16 5</runs>
            <runs>0 2 9 12 16 37 19 11 6</runs>
            <runs>0 3 12 7 15 39 34</runs>
            <runs>0 5 31 44 29</runs>
            <runs>0 7 28 47 25</runs>
            <runs>0 10 20 54 22</runs>
            <runs>0 14 2 2 2 1 3 61 18</runs>
            <runs>0 90 10</runs>
        </run-table>
    </sample>
    <sample shape="G_CLEF" interline="22" pitch="0.5" left="378" top="2947" id="388">
        <run-table orientation="VERTICAL" width="58" height="163">
            <runs>0 86 7</runs>
            <runs>0 80 20</runs>
            <runs>0 76 26</runs>
            <runs>0 73 31</runs>
            <runs>0 71 35</runs>
            <runs>0 70 38</runs>
            <runs>0 68 42 36 5</runs>
            <runs>0 65 47 30 10</runs>
            <runs>0 64 49 28 13 1 1</runs>
            <runs>0 63 28 13 10 25 18</runs>
            <runs>0 62 27 17 9 23 19</runs>
            <runs>0 61 25 23 7 21 20</runs>
            <runs>0 60 25 25 7 19 22</runs>
            <runs>0 58 25 29 5 19 23</runs>
            <runs>0 54 27 32 5 18 24</runs>
            <runs>0 54 26 34 8 13 25</runs>
            <runs>0 54 25 36 7 13 25</runs>
            <runs>0 53 26 37 2 17 26</runs>
            <runs>0 53 26 11 12 14 2 17 20 2 4</runs>
            <runs>0 52 22 14 16 13 1 17 20 2 5</runs>
            <runs>0 51 20 14 22 10 1 18 19 3 4</runs>
            <runs>0 50 20 13 26 8 1 18 18 4 4</runs>
            <runs>0 50 19 12 29 27 17 4 5</runs>
            <runs>0 49 19 8 25 4 7 26 15 5 5</runs>
            <runs>0 49 18 10 12 2 3 14 6 25 13 6 5</runs>
            <runs>0 48 18 11 13 20 4 26 11 7 5</runs>
            <runs>0 47 19 11 13 22 1 28 9 8 5</runs>
            <runs>0 46 18 12 14 53 4 11 5</runs>
            <runs>0 30 2 7 2 5 17 13 13 69 4</runs>
            <runs>0 26 37 12 14 69 4</runs>
            <runs>0 24 39 11 14 70 4</runs>
            <runs>0 20 47 7 14 70 4</runs>
            <runs>0 17 70 71 3</runs>
            <runs>0 15 13 13 46 70 4</runs>
            <runs>0 13 13 14 18 10 20 69 4</runs>
            <runs>0 12 12 16 17 15 29 56 3</runs>
            <runs>0 10 12 17 18 16 32 51 3</runs>
            <runs>0 9 12 17 19 16 14 4 1 2 18 43 4</runs>
            <runs>0 8 12 17 20 16 14 10 26 31 4</runs>
            <runs>0 7 11 18 21 16 14 15 26 24 5</runs>
            <runs>0 5 11 16 20 21 14 25 24 12 8</runs>
            <runs>0 4 11 17 19 22 14 28 40</runs>
            <runs>0 3 12 17 19 23 13 29 7 1 30</runs>
            <runs>0 2 12 18 17 25 13 29 7 11 17</runs>
            <runs>0 2 11 18 17 27 13 28 2</runs>
            <runs>0 1 12 17 17 28 13 27 3</runs>
            <runs>0 1 11 17 17 30 13 25 3</runs>
            <runs>12 16 16 32 13 24 3</runs>
            <runs>12 15 16 33 14 22 4</runs>
            <runs>0 1 10 15 15 36 14 20 4</runs>
            <runs>0 1 10 13 15 38 15 17 5</runs>
            <runs>0 3 12 4 1 1 15 41 16 15 4</runs>
            <runs>0 5 31 41 18 11 5</runs>
            <runs>0 7 28 47 29</runs>
            <runs>0 11 19 54 23</runs>
            <runs>0 18 8 59 21</runs>
            <runs>0 87 17</runs>
            <runs>0 89 12</runs>
        </run-table>
    </sample>
    <sample shape="F_CLEF" interline="22" pitch="-1.5" left="518" top="915" id="258">
        <run-table orientation="VERTICAL" width="69" height="77">
            <runs>0 74 2</runs>
            <runs>0 73 4</runs>
            <runs>0 73 3</runs>
            <runs>0 73 3</runs>
            <runs>0 73 3</runs>
            <runs>0 73 2</runs>
            <runs>0 72 3</runs>
            <runs>0 72 3</runs>
            <runs>0 71 3</runs>
            <runs>0 70 4</runs>
            <runs>0 70 4</runs>
            <runs>0 17 8 44 4</runs>
            <runs>0 14 11 44 4</runs>
            <runs>0 12 14 38 8</runs>
            <runs>0 9 19 36 8</runs>
            <runs>0 8 21 40 2</runs>
            <runs>0 7 22 40 2</runs>
            <runs>0 6 24 39 1</runs>
            <runs>0 5 25 39 1</runs>
            <runs>10 1 19</runs>
            <runs>8 4 18</runs>
            <runs>7 5 19</runs>
            <runs>7 5 19 32 1</runs>
            <runs>0 12 18 32 2</runs>
            <runs>0 12 18 32 2</runs>
            <runs>0 12 18 31 7</runs>
            <runs>0 13 17 30 8</runs>
            <runs>0 13 16 30 9</runs>
            <runs>0 14 14 30 10</runs>
            <runs>0 16 11 30 11</runs>
            <runs>0 17 9 30 6</runs>
            <runs>0 55 7</runs>
            <runs>0 54 7</runs>
            <runs>0 52 8</runs>
            <runs>0 51 9</runs>
            <runs>0 49 10</runs>
            <runs>0 5 1 37 15</runs>
            <runs>0 5 1 37 15</runs>
            <runs>0 5 2 35 15</runs>
            <runs>0 1 7 32 16</runs>
            <runs>0 1 8 27 19</runs>
            <runs>0 1 9 23 21</runs>
            <runs>0 1 12 17 23</runs>
            <runs>0 1 50</runs>
            <runs>0 2 48</runs>
            <runs>0 2 47</runs>
            <runs>0 1 47</runs>
            <runs>0 1 46</runs>
            <runs>0 1 46</runs>
            <runs>0 6 40</runs>
            <runs>0 7 39</runs>
            <runs>0 8 33</runs>
            <runs>0 9 29</runs>
            <runs>0 11 26</runs>
            <runs>0 13 21</runs>
            <runs>0 15 14</runs>
            <runs></runs>
            <runs></runs>
            <runs>0 38 2</runs>
            <runs>0 36 10</runs>
            <runs>0 10 6 19 12</runs>
            <runs>0 9 8 18 12</runs>
            <runs>0 8 9 17 12</runs>
            <runs>0 7 10 17 12</runs>
            <runs>0 7 10 17 12</runs>
            <runs>0 7 11 17 11</runs>
            <runs>0 8 9 18 11</runs>
            <runs>0 9 8 20 5</runs>
            <runs>0 11 4</runs>
        </run-table>
    </sample>
    <sample shape="F_CLEF" interline="22" pitch="-1.4" left="386" top="1451" id="314">
        <run-table orientation="VERTICAL" width="69" height="77">
            <runs>0 75 2</runs>
            <runs>0 74 3</runs>
            <runs>0 74 3</runs>
            <runs>0 73 4</runs>
            <runs>0 73 3</runs>
            <runs>0 73 3</runs>
            <runs>0 73 3</runs>
            <runs>0 72 3</runs>
            <runs>0 72 3</runs>
            <runs>0 71 3</runs>
            <runs>0 71 3</runs>
            <runs>0 14 11 45 4</runs>
            <runs>0 12 13 40 8</runs>
            <runs>0 9 17 39 8</runs>
            <runs>0 9 18 38 8</runs>
            <runs>0 7 21 37 7</runs>
            <runs>0 6 23 40 2</runs>
            <runs>0 5 24 40 2</runs>
            <runs>30 39 2</runs>
            <runs>8 2 20 39 1</runs>
            <runs>7 4 19</runs>
            <runs>0 4 2 5 19 34 1</runs>
            <runs>0 4 1 6 19 34 1</runs>
            <runs>0 4 1 7 18 33 2</runs>
            <runs>0 4 1 7 18 32 7</runs>
            <runs>0 4 1 7 17 32 8</runs>
            <runs>0 4 1 8 15 32 9</runs>
            <runs>0 14 14 31 10</runs>
            <runs>0 15 12 31 11</runs>
            <runs>0 17 9 31 6</runs>
            <runs>0 56 7</runs>
            <runs>0 55 8</runs>
            <runs>0 54 8</runs>
            <runs>0 4 1 47 9</runs>
            <runs>0 4 1 46 9</runs>
            <runs>0 4 1 44 10</runs>
            <runs>0 4 1 40 14</runs>
            <runs>0 4 2 38 14</runs>
            <runs>7 35 15</runs>
            <runs>8 33 15</runs>
            <runs>9 28 18</runs>
            <runs>10 24 20</runs>
            <runs>14 15 23</runs>
            <runs>51</runs>
            <runs>51</runs>
            <runs>51</runs>
            <runs>49</runs>
            <runs>0 1 47</runs>
            <runs>0 6 41</runs>
            <runs>0 7 40</runs>
            <runs>0 8 39</runs>
            <runs>0 9 32</runs>
            <runs>0 10 30</runs>
            <runs>0 12 25 33 1</runs>
            <runs>0 14 20 31 7</runs>
            <runs>0 15 13 43 1</runs>
            <runs></runs>
            <runs></runs>
            <runs>0 38 4</runs>
            <runs>0 36 7</runs>
            <runs>0 9 7 20 11</runs>
            <runs>0 8 9 18 12</runs>
            <runs>0 8 9 18 12</runs>
            <runs>0 7 11 17 12</runs>
            <runs>0 7 11 17 12</runs>
            <runs>0 8 9 18 12</runs>
            <runs>0 8 9 19 12</runs>
            <runs>0 9 7 21 5</runs>
            <runs>0 10 5</runs>
        </run-table>
    </sample>
    <sample shape="F_CLEF" interline="22" pitch="-1.7" left="391" top="2011" id="359">
        <run-table orientation="VERTICAL" width="58" height="68">
            <runs>0 17 8</runs>
            <runs>0 12 13</runs>
            <runs>0 10 16</runs>
            <runs>0 9 18</runs>
            <runs>0 7 21</runs>
            <runs>0 6 23</runs>
            <runs>0 5 24</runs>
            <runs>30</runs>
            <runs>8 3 19</runs>
            <runs>7 4 19</runs>
            <runs>0 4 2 5 19 33 1</runs>
            <runs>0 4 1 6 19 33 1</runs>
            <runs>0 4 1 6 19 32 2</runs>
            <runs>0 12 18 31 7</runs>
            <runs>0 12 17 31 7</runs>
            <runs>0 13 16 30 8</runs>
            <runs>0 14 15 30 9</runs>
            <runs>0 14 14 30 6</runs>
            <runs>0 16 10 31 6</runs>
            <runs>0 18 7 30 7</runs>
            <runs>0 54 8</runs>
            <runs>0 53 7</runs>
            <runs>0 52 7</runs>
            <runs>0 50 8</runs>
            <runs>0 48 10</runs>
            <runs>0 4 1 39 13</runs>
            <runs>0 4 1 39 12</runs>
            <runs>0 4 2 36 13</runs>
            <runs>8 32 15</runs>
            <runs>9 28 17</runs>
            <runs>11 22 20</runs>
            <runs>13 19 20</runs>
            <runs>50</runs>
            <runs>49</runs>
            <runs>49</runs>
            <runs>48</runs>
            <runs>47</runs>
            <runs>0 5 42</runs>
            <runs>0 6 40</runs>
            <runs>0 7 35</runs>
            <runs>0 9 31</runs>
            <runs>0 11 27</runs>
            <runs>0 11 24</runs>
            <runs>0 14 18</runs>
            <runs>0 17 10</runs>
            <runs></runs>
            <runs></runs>
            <runs>0 37 4</runs>
            <runs>0 11 3 22 7</runs>
            <runs>0 9 6 21 10</runs>
            <runs>0 8 8 20 10</runs>
            <runs>0 8 9 18 11</runs>
            <runs>0 7 10 18 11</runs>
            <runs>0 7 10 18 11</runs>
            <runs>0 8 9 18 11</runs>
            <runs>0 8 9 19 6</runs>
            <runs>0 9 7 22 2</runs>
            <runs>0 11 3</runs>
        </run-table>
    </sample>
    <sample shape="F_CLEF" interline="22" pitch="-1.4" left="373" top="2598" id="375">
        <run-table orientation="VERTICAL" width="68" height="76">
            <runs>0 73 3</runs>
            <runs>0 73 3</runs>
            <runs>0 73 3</runs>
            <runs>0 73 3</runs>
            <runs>0 72 3</runs>
            <runs>0 72 3</runs>
            <runs>0 72 2</runs>
            <runs>0 71 3</runs>
            <runs>0 71 2</runs>
            <runs>0 70 3</runs>
            <runs>0 70 2</runs>
            <runs>0 11 14 44 3</runs>
            <runs>0 9 17 42 4</runs>
            <runs>0 8 19 41 3</runs>
            <runs>0 7 21 39 4</runs>
            <runs>0 6 22 39 3</runs>
            <runs>0 5 5 1 18 38 3</runs>
            <runs>0 4 4 3 18 38 2</runs>
            <runs>7 4 18 38 2</runs>
            <runs>0 4 2 6 18 37 1</runs>
            <runs>0 4 1 7 18 37 1</runs>
            <runs>0 4 1 7 18 33 1</runs>
            <runs>0 4 1 7 18 32 2</runs>
            <runs>0 12 17 32 3</runs>
            <runs>0 13 16 31 7</runs>
            <runs>0 14 14 31 8</runs>
            <runs>0 15 12 31 9</runs>
            <runs>0 16 10 32 5</runs>
            <runs>0 19 3 35 5</runs>
            <runs>0 56 6</runs>
            <runs>0 55 7</runs>
            <runs>0 53 7</runs>
            <runs>0 52 7</runs>
            <runs>0 50 9</runs>
            <runs>0 4 1 44 9</runs>
            <runs>0 4 1 39 13</runs>
            <runs>0 4 1 39 12</runs>
            <runs>0 4 2 36 14</runs>
            <runs>7 33 15</runs>
            <runs>0 1 8 27 18</runs>
            <runs>0 1 9 25 18</runs>
            <runs>0 1 16 11 2 1 21</runs>
            <runs>0 1 50</runs>
            <runs>0 1 49</runs>
            <runs>0 1 48</runs>
            <runs>0 1 47</runs>
            <runs>0 1 46</runs>
            <runs>0 6 40</runs>
            <runs>0 7 39</runs>
            <runs>0 8 33</runs>
            <runs>0 9 31</runs>
            <runs>0 11 26</runs>
            <runs>0 12 22</runs>
            <runs>0 14 18</runs>
            <runs>0 18 2</runs>
            <runs></runs>
            <runs></runs>
            <runs>0 36 4</runs>
            <runs>0 11 3 21 6</runs>
            <runs>0 9 6 19 9</runs>
            <runs>0 7 9 18 9</runs>
            <runs>0 6 10 18 9</runs>
            <runs>0 6 11 17 9</runs>
            <runs>0 7 10 17 9</runs>
            <runs>0 7 10 17 8</runs>
            <runs>0 8 8 19 6</runs>
            <runs>0 9 6 21 4</runs>
            <runs>0 12 1</runs>
        </run-table>
    </sample>
    <sample shape="F_CLEF" interline="22" pitch="-1.5" left="367" top="3263" id="398">
        <run-table orientation="VERTICAL" width="70" height="76">
            <runs>0 74 1</runs>
            <runs>0 73 3</runs>
            <runs>0 72 4</runs>
            <runs>0 72 4</runs>
            <runs>0 72 3</runs>
            <runs>0 72 3</runs>
            <runs>0 71 4</runs>
            <runs>0 71 3</runs>
            <runs>0 70 4</runs>
            <runs>0 70 3</runs>
            <runs>0 16 3 50 4</runs>
            <runs>0 12 12 45 3</runs>
            <runs>0 10 15 43 4</runs>
            <runs>0 9 17 42 3</runs>
            <runs>0 8 19 37 7</runs>
            <runs>0 7 20 41 2</runs>
            <runs>0 5 23 40 2</runs>
            <runs>0 4 24 40 2</runs>
            <runs>28 40 1</runs>
            <runs>7 3 19</runs>
            <runs>0 4 2 5 18</runs>
            <runs>0 4 1 6 18</runs>
            <runs>0 4 1 6 18 33 1</runs>
            <runs>0 11 18 33 1</runs>
            <runs>0 11 18 32 2</runs>
            <runs>0 12 16 31 8</runs>
            <runs>0 13 15 31 8</runs>
            <runs>0 13 14 31 9</runs>
            <runs>0 15 11 31 10</runs>
            <runs>0 17 8 31 7</runs>
            <runs>0 55 7</runs>
            <runs>0 54 7</runs>
            <runs>0 52 9</runs>
            <runs>0 51 9</runs>
            <runs>0 49 10</runs>
            <runs>0 4 1 38 15</runs>
            <runs>0 4 2 37 14</runs>
            <runs>0 4 2 37 13</runs>
            <runs>7 35 14</runs>
            <runs>8 29 18</runs>
            <runs>9 25 19</runs>
            <runs>12 17 24</runs>
            <runs>0 1 51</runs>
            <runs>0 1 50</runs>
            <runs>0 1 49</runs>
            <runs>0 1 48</runs>
            <runs>0 1 46</runs>
            <runs>47</runs>
            <runs>46</runs>
            <runs>0 6 40</runs>
            <runs>0 7 35</runs>
            <runs>0 8 32</runs>
            <runs>0 10 28</runs>
            <runs>0 12 24</runs>
            <runs>0 13 15</runs>
            <runs>0 14 1 2 9</runs>
            <runs></runs>
            <runs>0 36 2</runs>
            <runs>0 34 6</runs>
            <runs>0 9 5 20 7</runs>
            <runs>0 8 7 18 9</runs>
            <runs>0 7 9 17 9</runs>
            <runs>0 6 10 17 10</runs>
            <runs>0 6 10 17 10</runs>
            <runs>0 6 10 17 9</runs>
            <runs>0 6 10 17 9</runs>
            <runs>0 7 8 19 7</runs>
            <runs>0 8 7 20 5</runs>
            <runs>0 8 6 22 3</runs>
            <runs>0 10 3</runs>
        </run-table>
    </sample>
    <sample shape="F_CLEF" interline="22" pitch="-1.7" left="529" top="915" id="259">
        <run-table orientation="VERTICAL" width="58" height="68">
            <runs>0 17 8</runs>
            <runs>0 14 11</runs>
            <runs>0 12 14</runs>
            <runs>0 9 19</runs>
            <runs>0 8 21</runs>
            <runs>0 7 22</runs>
            <runs>0 6 24</runs>
            <runs>0 5 25</runs>
            <runs>10 1 19</runs>
            <runs>8 4 18</runs>
            <runs>7 5 19</runs>
            <runs>7 5 19 32 1</runs>
            <runs>0 12 18 32 2</runs>
            <runs>0 12 18 32 2</runs>
            <runs>0 12 18 31 7</runs>
            <runs>0 13 17 30 8</runs>
            <runs>0 13 16 30 9</runs>
            <runs>0 14 14 30 10</runs>
            <runs>0 16 11 30 11</runs>
            <runs>0 17 9 30 6</runs>
            <runs>0 55 7</runs>
            <runs>0 54 7</runs>
            <runs>0 52 8</runs>
            <runs>0 51 9</runs>
            <runs>0 49 10</runs>
            <runs>0 5 1 37 15</runs>
            <runs>0 5 1 37 15</runs>
            <runs>0 5 2 35 15</runs>
            <runs>0 1 7 32 16</runs>
            <runs>0 1 8 27 19</runs>
            <runs>0 1 9 23 21</runs>
            <runs>0 1 12 17 23</runs>
            <runs>0 1 50</runs>
            <runs>0 2 48</runs>
            <runs>0 2 47</runs>
            <runs>0 1 47</runs>
            <runs>0 1 46</runs>
            <runs>0 1 46</runs>
            <runs>0 6 40</runs>
            <runs>0 7 39</runs>
            <runs>0 8 33</runs>
            <runs>0 9 29</runs>
            <runs>0 11 26</runs>
            <runs>0 13 21</runs>
            <runs>0 15 14</runs>
            <runs></runs>
            <runs></runs>
            <runs>0 38 2</runs>
            <runs>0 36 10</runs>
            <runs>0 10 6 19 12</runs>
            <runs>0 9 8 18 12</runs>
            <runs>0 8 9 17 12</runs>
            <runs>0 7 10 17 12</runs>
            <runs>0 7 10 17 12</runs>
            <runs>0 7 11 17 11</runs>
            <runs>0 8 9 18 11</runs>
            <runs>0 9 8 20 5</runs>
            <runs>0 11 4</runs>
        </run-table>
    </sample>
    <sample shape="F_CLEF" interline="22" pitch="-1.6" left="397" top="1451" id="313">
        <run-table orientation="VERTICAL" width="58" height="72">
            <runs>0 14 11</runs>
            <runs>0 12 13</runs>
            <runs>0 9 17</runs>
            <runs>0 9 18</runs>
            <runs>0 7 21</runs>
            <runs>0 6 23</runs>
            <runs>0 5 24</runs>
            <runs>30</runs>
            <runs>8 2 20</runs>
            <runs>7 4 19</runs>
            <runs>0 4 2 5 19 34 1</runs>
            <runs>0 4 1 6 19 34 1</runs>
            <runs>0 4 1 7 18 33 2</runs>
            <runs>0 4 1 7 18 32 7</runs>
            <runs>0 4 1 7 17 32 8</runs>
            <runs>0 4 1 8 15 32 9</runs>
            <runs>0 14 14 31 10</runs>
            <runs>0 15 12 31 11</runs>
            <runs>0 17 9 31 6</runs>
            <runs>0 56 7</runs>
            <runs>0 55 8</runs>
            <runs>0 54 8</runs>
            <runs>0 4 1 47 9</runs>
            <runs>0 4 1 46 9</runs>
            <runs>0 4 1 44 10</runs>
            <runs>0 4 1 40 14</runs>
            <runs>0 4 2 38 14</runs>
            <runs>7 35 15</runs>
            <runs>8 33 15</runs>
            <runs>9 28 18</runs>
            <runs>10 24 20</runs>
            <runs>14 15 23</runs>
            <runs>51</runs>
            <runs>51</runs>
            <runs>51</runs>
            <runs>49</runs>
            <runs>0 1 47</runs>
            <runs>0 6 41</runs>
            <runs>0 7 40</runs>
            <runs>0 8 39</runs>
            <runs>0 9 32</runs>
            <runs>0 10 30</runs>
            <runs>0 12 25 33 1</runs>
            <runs>0 14 20 31 7</runs>
            <runs>0 15 13 43 1</runs>
            <runs></runs>
            <runs></runs>
            <runs>0 38 4</runs>
            <runs>0 36 7</runs>
            <runs>0 9 7 20 11</runs>
            <runs>0 8 9 18 12</runs>
            <runs>0 8 9 18 12</runs>
            <runs>0 7 11 17 12</runs>
            <runs>0 7 11 17 12</runs>
            <runs>0 8 9 18 12</runs>
            <runs>0 8 9 19 12</runs>
            <runs>0 9 7 21 5</runs>
            <runs>0 10 5</runs>
        </run-table>
    </sample>
    <sample shape="F_CLEF" interline="22" pitch="-1.5" left="380" top="2011" id="352">
        <run-table orientation="VERTICAL" width="69" height="77">
            <runs>0 74 3</runs>
            <runs>0 73 3</runs>
            <runs>0 73 3</runs>
            <runs>0 73 2</runs>
            <runs>0 72 3</runs>
            <runs>0 72 3</runs>
            <runs>0 72 3</runs>
            <runs>0 71 3</runs>
            <runs>0 71 3</runs>
            <runs>0 70 3</runs>
            <runs>0 70 3</runs>
            <runs>0 17 8 44 4</runs>
            <runs>0 12 13 40 7</runs>
            <runs>0 10 16 43 2</runs>
            <runs>0 9 18 42 2</runs>
            <runs>0 7 21 41 1</runs>
            <runs>0 6 23 40 1</runs>
            <runs>0 5 24</runs>
            <runs>30</runs>
            <runs>8 3 19</runs>
            <runs>7 4 19</runs>
            <runs>0 4 2 5 19 33 1</runs>
            <runs>0 4 1 6 19 33 1</runs>
            <runs>0 4 1 6 19 32 2</runs>
            <runs>0 12 18 31 7</runs>
            <runs>0 12 17 31 7</runs>
            <runs>0 13 16 30 8</runs>
            <runs>0 14 15 30 9</runs>
            <runs>0 14 14 30 6</runs>
            <runs>0 16 10 31 6</runs>
            <runs>0 18 7 30 7</runs>
            <runs>0 54 8</runs>
            <runs>0 53 7</runs>
            <runs>0 52 7</runs>
            <runs>0 50 8</runs>
            <runs>0 48 10</runs>
            <runs>0 4 1 39 13</runs>
            <runs>0 4 1 39 12</runs>
            <runs>0 4 2 36 13</runs>
            <runs>8 32 15</runs>
            <runs>9 28 17</runs>
            <runs>11 22 20</runs>
            <runs>13 19 20</runs>
            <runs>50</runs>
            <runs>49</runs>
            <runs>49</runs>
            <runs>48</runs>
            <runs>47</runs>
            <runs>0 5 42</runs>
            <runs>0 6 40</runs>
            <runs>0 7 35</runs>
            <runs>0 9 31</runs>
            <runs>0 11 27</runs>
            <runs>0 11 24</runs>
            <runs>0 14 18</runs>
            <runs>0 17 10</runs>
            <runs></runs>
            <runs></runs>
            <runs>0 37 4</runs>
            <runs>0 11 3 22 7</runs>
            <runs>0 9 6 21 10</runs>
            <runs>0 8 8 20 10</runs>
            <runs>0 8 9 18 11</runs>
            <runs>0 7 10 18 11</runs>
            <runs>0 7 10 18 11</runs>
            <runs>0 8 9 18 11</runs>
            <runs>0 8 9 19 6</runs>
            <runs>0 9 7 22 2</runs>
            <runs>0 11 3</runs>
        </run-table>
    </sample>
    <sample shape="F_CLEF" interline="22" pitch="-1.6" left="384" top="2598" id="376">
        <run-table orientation="VERTICAL" width="57" height="67">
            <runs>0 11 14</runs>
            <runs>0 9 17</runs>
            <runs>0 8 19</runs>
            <runs>0 7 21</runs>
            <runs>0 6 22</runs>
            <runs>0 5 5 1 18</runs>
            <runs>0 4 4 3 18</runs>
            <runs>7 4 18</runs>
            <runs>0 4 2 6 18</runs>
            <runs>0 4 1 7 18</runs>
            <runs>0 4 1 7 18 33 1</runs>
            <runs>0 4 1 7 18 32 2</runs>
            <runs>0 12 17 32 3</runs>
            <runs>0 13 16 31 7</runs>
            <runs>0 14 14 31 8</runs>
            <runs>0 15 12 31 9</runs>
            <runs>0 16 10 32 5</runs>
            <runs>0 19 3 35 5</runs>
            <runs>0 56 6</runs>
            <runs>0 55 7</runs>
            <runs>0 53 7</runs>
            <runs>0 52 7</runs>
            <runs>0 50 9</runs>
            <runs>0 4 1 44 9</runs>
            <runs>0 4 1 39 13</runs>
            <runs>0 4 1 39 12</runs>
            <runs>0 4 2 36 14</runs>
            <runs>7 33 15</runs>
            <runs>0 1 8 27 18</runs>
            <runs>0 1 9 25 18</runs>
            <runs>0 1 16 11 2 1 21</runs>
            <runs>0 1 50</runs>
            <runs>0 1 49</runs>
            <runs>0 1 48</runs>
            <runs>0 1 47</runs>
            <runs>0 1 46</runs>
            <runs>0 6 40</runs>
            <runs>0 7 39</runs>
            <runs>0 8 33</runs>
            <runs>0 9 31</runs>
            <runs>0 11 26</runs>
            <runs>0 12 22</runs>
            <runs>0 14 18</runs>
            <runs>0 18 2</runs>
            <runs></runs>
            <runs></runs>
            <runs>0 36 4</runs>
            <runs>0 11 3 21 6</runs>
            <runs>0 9 6 19 9</runs>
            <runs>0 7 9 18 9</runs>
            <runs>0 6 10 18 9</runs>
            <runs>0 6 11 17 9</runs>
            <runs>0 7 10 17 9</runs>
            <runs>0 7 10 17 8</runs>
            <runs>0 8 8 19 6</runs>
            <runs>0 9 6 21 4</runs>
            <runs>0 12 1</runs>
        </run-table>
    </sample>
    <sample shape="F_CLEF" interline="22" pitch="-1.7" left="377" top="3263" id="397">
        <run-table orientation="VERTICAL" width="60" height="67">
            <runs>0 16 3</runs>
            <runs>0 12 12</runs>
            <runs>0 10 15</runs>
            <runs>0 9 17</runs>
            <runs>0 8 19</runs>
            <runs>0 7 20</runs>
            <runs>0 5 23</runs>
            <runs>0 4 24</runs>
            <runs>28</runs>
            <runs>7 3 19</runs>
            <runs>0 4 2 5 18</runs>
            <runs>0 4 1 6 18</runs>
            <runs>0 4 1 6 18 33 1</runs>
            <runs>0 11 18 33 1</runs>
            <runs>0 11 18 32 2</runs>
            <runs>0 12 16 31 8</runs>
            <runs>0 13 15 31 8</runs>
            <runs>0 13 14 31 9</runs>
            <runs>0 15 11 31 10</runs>
            <runs>0 17 8 31 7</runs>
            <runs>0 55 7</runs>
            <runs>0 54 7</runs>
            <runs>0 52 9</runs>
            <runs>0 51 9</runs>
            <runs>0 49 10</runs>
            <runs>0 4 1 38 15</runs>
            <runs>0 4 2 37 14</runs>
            <runs>0 4 2 37 13</runs>
            <runs>7 35 14</runs>
            <runs>8 29 18</runs>
            <runs>9 25 19</runs>
            <runs>12 17 24</runs>
            <runs>0 1 51</runs>
            <runs>0 1 50</runs>
            <runs>0 1 49</runs>
            <runs>0 1 48</runs>
            <runs>0 1 46</runs>
            <runs>47</runs>
            <runs>46</runs>
            <runs>0 6 40</runs>
            <runs>0 7 35</runs>
            <runs>0 8 32</runs>
            <runs>0 10 28</runs>
            <runs>0 12 24</runs>
            <runs>0 13 15</runs>
            <runs>0 14 1 2 9</runs>
            <runs></runs>
            <runs>0 36 2</runs>
            <runs>0 34 6</runs>
            <runs>0 9 5 20 7</runs>
            <runs>0 8 7 18 9</runs>
            <runs>0 7 9 17 9</runs>
            <runs>0 6 10 17 10</runs>
            <runs>0 6 10 17 10</runs>
            <runs>0 6 10 17 9</runs>
            <runs>0 6 10 17 9</runs>
            <runs>0 7 8 19 7</runs>
            <runs>0 8 7 20 5</runs>
            <runs>0 8 6 22 3</runs>
            <runs>0 10 3</runs>
        </run-table>
    </sample>
    <sample shape="TIME_EIGHT" interline="22" pitch="2.1" left="629" top="724" id="273">
        <run-table orientation="VERTICAL" width="32" height="39">
            <runs>0 7 12 10 5</runs>
            <runs>0 6 13 7 9</runs>
            <runs>0 5 14 6 11</runs>
            <runs>0 4 16 4 15</runs>
            <runs>0 3 18 2 8 2 6</runs>
            <runs>0 2 24 8 5</runs>
            <runs>0 1 24 11 2</runs>
            <runs>0 1 5 1 17 13 1</runs>
            <runs>4 5 15 13 1</runs>
            <runs>3 7 14 13 1</runs>
            <runs>3 8 13</runs>
            <runs>3 9 12</runs>
            <runs>2 10 13</runs>
            <runs>2 10 13</runs>
            <runs>1 12 12</runs>
            <runs>1 12 13</runs>
            <runs>1 12 13</runs>
            <runs>2 12 13</runs>
            <runs>2 12 13</runs>
            <runs>2 12 14</runs>
            <runs>3 12 13</runs>
            <runs>4 11 14</runs>
            <runs>0 1 3 10 16 7 1</runs>
            <runs>0 1 4 8 18 5 2</runs>
            <runs>0 1 6 4 28</runs>
            <runs>0 2 37</runs>
            <runs>0 3 12 1 23</runs>
            <runs>0 5 9 2 23</runs>
            <runs>0 6 6 4 21</runs>
            <runs>0 16 20</runs>
            <runs>0 22 13</runs>
            <runs>0 25 7</runs>
        </run-table>
    </sample>
    <sample shape="TIME_EIGHT" interline="22" pitch="2.1" left="627" top="964" id="287">
        <run-table orientation="VERTICAL" width="33" height="39">
            <runs>0 12 2</runs>
            <runs>0 7 13 7 8</runs>
            <runs>0 6 14 6 10</runs>
            <runs>0 5 16 4 12</runs>
            <runs>0 4 17 3 15</runs>
            <runs>0 3 25 5 6</runs>
            <runs>0 3 23 9 3</runs>
            <runs>0 2 23 11 2</runs>
            <runs>0 2 4 2 16 13 1</runs>
            <runs>0 1 4 5 14 13 1</runs>
            <runs>0 1 2 8 13 13 1</runs>
            <runs>0 1 2 8 14 12 1</runs>
            <runs>0 1 2 9 13</runs>
            <runs>3 9 13</runs>
            <runs>2 11 13</runs>
            <runs>2 11 13</runs>
            <runs>2 11 13</runs>
            <runs>2 12 13</runs>
            <runs>2 12 13</runs>
            <runs>3 11 13</runs>
            <runs>3 11 14 9 1</runs>
            <runs>3 11 14 9 1</runs>
            <runs>0 1 3 10 15 7 2</runs>
            <runs>0 1 4 9 16 5 4</runs>
            <runs>0 2 5 6 19 2 5</runs>
            <runs>0 3 36</runs>
            <runs>0 3 36</runs>
            <runs>0 4 11 2 22</runs>
            <runs>0 6 8 3 20</runs>
            <runs>0 8 5 4 18</runs>
            <runs>0 17 17</runs>
            <runs>0 23 9</runs>
            <runs>0 27 2</runs>
        </run-table>
    </sample>
    <sample shape="TIME_NINE" interline="22" pitch="-2.0" left="626" top="677" id="281">
        <run-table orientation="VERTICAL" width="35" height="41">
            <runs>0 14 3</runs>
            <runs>0 9 14</runs>
            <runs>0 7 15</runs>
            <runs>0 7 15 10 5</runs>
            <runs>0 6 17 8 8</runs>
            <runs>0 5 19 6 9</runs>
            <runs>0 4 20 5 11</runs>
            <runs>0 3 22 3 13</runs>
            <runs>0 3 22 3 13</runs>
            <runs>0 2 23 3 13</runs>
            <runs>0 2 23 3 13</runs>
            <runs>0 1 25 3 12</runs>
            <runs>9 10 7 4 11</runs>
            <runs>7 12 7 5 10</runs>
            <runs>6 13 7 6 6</runs>
            <runs>5 14 7 8 2</runs>
            <runs>5 19 2</runs>
            <runs>5 14 7</runs>
            <runs>5 13 8 13 1</runs>
            <runs>5 13 8 12 2</runs>
            <runs>6 13 7 11 4</runs>
            <runs>7 12 7 8 7</runs>
            <runs>10 2 29</runs>
            <runs>0 2 39</runs>
            <runs>0 3 38</runs>
            <runs>0 3 37</runs>
            <runs>0 4 35</runs>
            <runs>0 4 34</runs>
            <runs>0 6 31</runs>
            <runs>0 7 29</runs>
            <runs>0 8 26</runs>
            <runs>0 9 24</runs>
            <runs>0 11 20</runs>
            <runs>0 14 13</runs>
            <runs>0 18 7</runs>
        </run-table>
    </sample>
    <sample shape="TIME_NINE" interline="22" pitch="-2.0" left="625" top="919" id="295">
        <run-table orientation="VERTICAL" width="34" height="40">
            <runs>0 13 9</runs>
            <runs>0 9 13</runs>
            <runs>0 8 14 12 1</runs>
            <runs>0 7 16 8 7</runs>
            <runs>0 6 18 6 9</runs>
            <runs>0 5 19 5 11</runs>
            <runs>0 4 20 5 11</runs>
            <runs>0 3 22 4 11</runs>
            <runs>0 3 22 3 12</runs>
            <runs>0 2 24 2 12</runs>
            <runs>0 2 12 2 10 2 12</runs>
            <runs>0 2 7 9 8 3 11</runs>
            <runs>0 2 5 12 7 4 10</runs>
            <runs>6 13 7 5 6</runs>
            <runs>5 14 7 6 3</runs>
            <runs>5 14 7</runs>
            <runs>5 14 7</runs>
            <runs>5 14 7</runs>
            <runs>5 14 6</runs>
            <runs>6 13 6 12 3</runs>
            <runs>0 2 4 13 7 9 5</runs>
            <runs>0 2 6 11 8 5 8</runs>
            <runs>0 3 37</runs>
            <runs>0 3 37</runs>
            <runs>0 4 36</runs>
            <runs>0 5 34</runs>
            <runs>0 5 33</runs>
            <runs>0 6 31</runs>
            <runs>0 7 29</runs>
            <runs>0 8 26</runs>
            <runs>0 9 24</runs>
            <runs>0 12 18</runs>
            <runs>0 13 14</runs>
            <runs>0 15 10</runs>
        </run-table>
    </sample>
</samples>
