<?xml version="1.0" encoding="UTF-8" standalone="yes"?>
<samples sheet-name="IMSLP08541#4">
    <sample shape="G_CLEF" interline="21" pitch="0.4" left="615" top="703" id="245">
        <run-table orientation="VERTICAL" width="59" height="165">
            <runs>0 89 13</runs>
            <runs>0 76 27</runs>
            <runs>0 76 28</runs>
            <runs>0 73 32</runs>
            <runs>0 72 35</runs>
            <runs>0 70 39</runs>
            <runs>0 69 42</runs>
            <runs>0 67 46</runs>
            <runs>0 65 49</runs>
            <runs>0 64 51</runs>
            <runs>0 62 32 13 9</runs>
            <runs>0 61 29 20 7</runs>
            <runs>0 55 32 24 7 29 6</runs>
            <runs>0 55 30 27 12 20 12</runs>
            <runs>0 55 28 31 10 19 14</runs>
            <runs>0 55 27 33 9 18 17</runs>
            <runs>0 55 27 34 8 17 19</runs>
            <runs>0 54 27 36 7 16 21</runs>
            <runs>0 53 28 9 13 14 7 15 22</runs>
            <runs>0 51 24 13 16 35 23</runs>
            <runs>0 50 24 13 18 33 25</runs>
            <runs>0 50 22 12 24 30 25</runs>
            <runs>0 49 22 6 34 27 26</runs>
            <runs>0 48 22 7 36 25 20 1 5</runs>
            <runs>0 24 15 8 22 8 26 4 7 24 20 2 4</runs>
            <runs>0 21 46 10 18 14 6 23 20 2 5</runs>
            <runs>0 18 48 11 16 18 5 23 18 3 5</runs>
            <runs>0 15 50 11 16 21 2 24 18 4 4</runs>
            <runs>0 13 53 9 16 49 16 6 3</runs>
            <runs>0 12 14 15 28 6 16 49 16 6 3</runs>
            <runs>0 10 14 18 29 3 16 51 14 7 3</runs>
            <runs>0 8 14 19 49 52 12 8 3</runs>
            <runs>0 7 13 14 25 5 25 55 8 10 3</runs>
            <runs>0 6 13 15 25 8 22 72 4</runs>
            <runs>0 4 14 16 25 13 18 71 4</runs>
            <runs>0 4 13 17 25 13 30 59 4</runs>
            <runs>0 3 13 17 26 13 31 57 5</runs>
            <runs>0 2 13 18 26 13 33 55 5</runs>
            <runs>0 1 13 19 20 19 16 5 18 49 4</runs>
            <runs>13 19 19 21 16 8 20 43 5</runs>
            <runs>13 17 20 22 16 10 26 35 4</runs>
            <runs>12 16 20 24 16 16 20 34 5</runs>
            <runs>13 14 19 27 15 21 17 31 6</runs>
            <runs>0 1 12 12 20 28 15 24 21 23 6</runs>
            <runs>0 2 16 4 22 29 15 27 22 17 7</runs>
            <runs>0 5 36 32 16 26 30 5 9</runs>
            <runs>0 6 33 35 15 25 11 2 31</runs>
            <runs>0 10 28 36 16 23 6 14 24</runs>
            <runs>0 14 24 37 16 21 6 19 18</runs>
            <runs>0 20 4 52 17 18 6</runs>
            <runs>0 76 17 17 6</runs>
            <runs>0 77 18 12 8</runs>
            <runs>0 77 20 1 16</runs>
            <runs>0 77 36</runs>
            <runs>0 77 34</runs>
            <runs>0 83 27</runs>
            <runs>0 85 22</runs>
            <runs>0 86 19</runs>
            <runs>0 89 14</runs>
        </run-table>
    </sample>
    <sample shape="G_CLEF" interline="21" pitch="0.5" left="462" top="2146" id="408">
        <run-table orientation="VERTICAL" width="59" height="161">
            <runs>0 86 5</runs>
            <runs>0 76 24</runs>
            <runs>0 75 26</runs>
            <runs>0 73 30</runs>
            <runs>0 71 34</runs>
            <runs>0 67 40</runs>
            <runs>0 66 43</runs>
            <runs>0 66 45</runs>
            <runs>0 64 48</runs>
            <runs>0 63 49</runs>
            <runs>0 61 31 14 8</runs>
            <runs>0 61 27 20 7 29 4</runs>
            <runs>0 59 26 25 6 26 9</runs>
            <runs>0 54 29 28 10 19 13</runs>
            <runs>0 54 28 30 9 17 17</runs>
            <runs>0 54 26 33 8 16 19</runs>
            <runs>0 54 25 35 7 16 20</runs>
            <runs>0 54 24 58 21</runs>
            <runs>0 53 26 5 2 2 12 35 23</runs>
            <runs>0 52 21 12 17 33 23</runs>
            <runs>0 51 21 13 19 31 25</runs>
            <runs>0 49 22 11 25 28 25</runs>
            <runs>0 49 20 11 30 25 18 3 4</runs>
            <runs>0 48 20 8 35 24 18 3 4</runs>
            <runs>0 47 20 9 24 5 7 23 18 3 4</runs>
            <runs>0 28 2 9 1 5 21 10 18 14 5 23 17 4 4</runs>
            <runs>0 21 44 10 18 17 3 23 17 4 4</runs>
            <runs>0 20 44 11 17 44 16 5 4</runs>
            <runs>0 17 47 10 16 47 15 5 4</runs>
            <runs>0 15 13 12 25 9 15 49 13 7 3</runs>
            <runs>0 12 13 16 29 3 15 51 10 9 3</runs>
            <runs>0 11 13 16 48 53 7 10 3</runs>
            <runs>0 9 12 18 20 3 26 69 4</runs>
            <runs>0 8 12 18 20 8 22 69 4</runs>
            <runs>0 7 12 14 25 13 17 69 4</runs>
            <runs>0 6 12 15 25 13 22 1 2 61 4</runs>
            <runs>0 5 12 16 25 13 30 55 5</runs>
            <runs>0 4 12 17 25 13 32 53 4</runs>
            <runs>0 3 12 18 19 19 16 5 17 46 5</runs>
            <runs>0 2 12 19 18 20 15 9 18 42 4</runs>
            <runs>0 1 12 19 17 23 14 10 25 33 5</runs>
            <runs>12 19 17 24 14 18 21 28 5</runs>
            <runs>11 19 17 25 14 21 20 25 6</runs>
            <runs>11 17 18 26 14 24 23 18 6</runs>
            <runs>0 1 10 15 17 30 13 27 25 9 9</runs>
            <runs>0 2 10 12 18 31 14 26 42</runs>
            <runs>0 4 10 3 23 33 14 26 8 7 25</runs>
            <runs>0 6 32 35 15 24 4 15 21</runs>
            <runs>0 9 28 37 15 22 4 24 10</runs>
            <runs>0 15 16 44 15 19 6</runs>
            <runs>0 23 1 52 15 16 7</runs>
            <runs>0 76 16 14 7</runs>
            <runs>0 76 24 3 9</runs>
            <runs>0 76 35</runs>
            <runs>0 76 33</runs>
            <runs>0 81 26</runs>
            <runs>0 83 23</runs>
            <runs>0 85 17</runs>
            <runs>0 90 10</runs>
        </run-table>
    </sample>
    <sample shape="G_CLEF" interline="21" pitch="0.5" left="455" top="2860" id="470">
        <run-table orientation="VERTICAL" width="58" height="162">
            <runs>0 84 16</runs>
            <runs>0 74 27</runs>
            <runs>0 74 28</runs>
            <runs>0 72 32</runs>
            <runs>0 68 39</runs>
            <runs>0 67 41</runs>
            <runs>0 65 44</runs>
            <runs>0 63 48</runs>
            <runs>0 63 37 3 9 29 10</runs>
            <runs>0 62 29 14 8 26 13</runs>
            <runs>0 60 28 20 6 23 17</runs>
            <runs>0 58 27 24 6 22 18</runs>
            <runs>0 52 30 28 10 16 20</runs>
            <runs>0 53 28 31 9 15 21</runs>
            <runs>0 53 26 34 8 14 22</runs>
            <runs>0 53 25 36 7 14 23</runs>
            <runs>0 52 25 37 7 13 24</runs>
            <runs>0 52 25 13 10 34 25</runs>
            <runs>0 52 25 8 17 32 19 2 4</runs>
            <runs>0 50 27 7 21 29 19 3 4</runs>
            <runs>0 49 22 10 26 27 19 3 4</runs>
            <runs>0 48 22 10 28 27 18 4 3</runs>
            <runs>0 48 21 5 26 3 7 25 18 4 4</runs>
            <runs>0 47 20 7 20 11 6 24 17 5 4</runs>
            <runs>0 46 20 8 19 15 4 23 17 6 3</runs>
            <runs>0 45 20 9 18 44 15 7 3</runs>
            <runs>0 31 7 6 20 10 17 46 13 8 3</runs>
            <runs>0 25 15 1 22 11 15 51 9 9 4</runs>
            <runs>0 20 42 11 15 53 2 1 4 10 3</runs>
            <runs>0 18 44 10 16 70 3</runs>
            <runs>0 16 21 2 28 4 16 70 4</runs>
            <runs>0 14 13 13 47 70 4</runs>
            <runs>0 11 13 15 20 1 27 70 3</runs>
            <runs>0 10 13 15 19 8 23 69 3</runs>
            <runs>0 9 13 15 20 12 31 56 4</runs>
            <runs>0 8 13 16 20 13 31 54 5</runs>
            <runs>0 7 12 13 25 14 36 48 4</runs>
            <runs>0 5 13 14 25 14 14 6 23 40 4</runs>
            <runs>0 4 12 16 25 14 14 11 25 32 5</runs>
            <runs>0 3 12 17 19 19 15 17 26 24 5</runs>
            <runs>0 3 11 18 18 21 15 22 25 17 7</runs>
            <runs>0 2 11 19 17 22 15 27 27 4 12</runs>
            <runs>0 2 11 18 16 24 15 27 41</runs>
            <runs>0 1 11 18 16 25 15 27 8 8 23</runs>
            <runs>11 17 17 27 15 25 8 12 3 1 13</runs>
            <runs>11 16 16 29 15 24 5</runs>
            <runs>10 13 1 2 15 32 15 23 4</runs>
            <runs>0 1 11 10 17 35 15 21 5</runs>
            <runs>0 2 14 4 18 36 16 18 6</runs>
            <runs>0 5 32 37 17 16 5</runs>
            <runs>0 8 28 39 17 13 7</runs>
            <runs>0 14 17 43 25 1 2 1 8</runs>
            <runs>0 74 35</runs>
            <runs>0 80 27</runs>
            <runs>0 81 24</runs>
            <runs>0 83 20</runs>
            <runs>0 84 17</runs>
            <runs>0 92 8</runs>
        </run-table>
    </sample>
    <sample shape="G_CLEF" interline="21" pitch="0.4" left="469" top="1436" id="343">
        <run-table orientation="VERTICAL" width="58" height="162">
            <runs>0 86 15</runs>
            <runs>0 75 26</runs>
            <runs>0 74 28</runs>
            <runs>0 73 31</runs>
            <runs>0 71 36</runs>
            <runs>0 68 40</runs>
            <runs>0 67 42</runs>
            <runs>0 66 45</runs>
            <runs>0 64 31 2 15</runs>
            <runs>0 63 29 11 11</runs>
            <runs>0 61 27 20 7 31 5</runs>
            <runs>0 60 26 24 6 25 13</runs>
            <runs>0 54 29 28 11 18 15</runs>
            <runs>0 54 27 31 10 16 18</runs>
            <runs>0 54 26 33 9 15 20</runs>
            <runs>0 54 25 35 8 15 21</runs>
            <runs>0 53 26 36 7 15 21</runs>
            <runs>0 53 26 10 2 45 23</runs>
            <runs>0 52 22 14 13 35 24</runs>
            <runs>0 51 21 14 19 31 24</runs>
            <runs>0 50 21 13 22 30 24</runs>
            <runs>0 49 21 12 26 28 25</runs>
            <runs>0 48 21 11 30 26 19 2 4</runs>
            <runs>0 47 21 7 26 4 6 25 19 3 3</runs>
            <runs>0 46 21 8 20 13 5 23 19 3 4</runs>
            <runs>0 40 4 1 21 9 18 16 4 24 17 4 4</runs>
            <runs>0 22 43 10 16 46 17 4 4</runs>
            <runs>0 19 45 10 17 47 15 5 4</runs>
            <runs>0 16 48 10 16 49 13 7 3</runs>
            <runs>0 15 14 12 27 5 16 29 7 15 11 8 3</runs>
            <runs>0 12 14 15 30 1 16 31 6 17 6 11 3</runs>
            <runs>0 10 14 17 47 31 6 34 3</runs>
            <runs>0 9 13 17 20 5 23 31 7 33 4</runs>
            <runs>0 8 12 19 19 12 17 71 4</runs>
            <runs>0 7 11 20 20 13 18 69 4</runs>
            <runs>0 6 11 16 24 14 30 57 4</runs>
            <runs>0 4 12 17 25 14 30 55 4</runs>
            <runs>0 3 12 18 25 13 16 6 14 1 1 48 4</runs>
            <runs>0 2 13 18 25 13 15 10 17 44 3</runs>
            <runs>0 1 13 18 19 20 15 10 26 34 4</runs>
            <runs>0 1 12 18 19 22 14 10 26 33 5</runs>
            <runs>12 18 18 24 14 23 18 27 5</runs>
            <runs>11 18 17 26 14 27 21 18 6</runs>
            <runs>11 16 18 27 15 27 25 9 9</runs>
            <runs>11 14 18 30 14 27 9 1 32</runs>
            <runs>0 1 11 8 22 31 14 26 9 9 23</runs>
            <runs>0 3 37 34 14 24 10 13 16</runs>
            <runs>0 5 33 36 15 22 5 26 5</runs>
            <runs>0 10 26 39 14 21 6</runs>
            <runs>0 14 17 44 16 18 5</runs>
            <runs>0 23 1 51 17 15 6</runs>
            <runs>0 76 18 11 7</runs>
            <runs>0 76 34</runs>
            <runs>0 76 33</runs>
            <runs>0 81 27</runs>
            <runs>0 84 22</runs>
            <runs>0 86 18</runs>
            <runs>0 90 12</runs>
        </run-table>
    </sample>
    <sample shape="G_CLEF" interline="21" pitch="0.4" left="469" top="1436" id="339">
        <run-table orientation="VERTICAL" width="58" height="162">
            <runs>0 86 15</runs>
            <runs>0 75 26</runs>
            <runs>0 74 28</runs>
            <runs>0 73 31</runs>
            <runs>0 71 36</runs>
            <runs>0 68 40</runs>
            <runs>0 67 42</runs>
            <runs>0 66 45</runs>
            <runs>0 64 31 2 15</runs>
            <runs>0 63 29 11 11</runs>
            <runs>0 61 27 20 7 31 5</runs>
            <runs>0 60 26 24 6 25 13</runs>
            <runs>0 54 29 28 11 18 15</runs>
            <runs>0 54 27 31 10 16 18</runs>
            <runs>0 54 26 33 9 15 20</runs>
            <runs>0 54 25 35 8 15 21</runs>
            <runs>0 53 26 36 7 15 21</runs>
            <runs>0 53 26 10 2 45 23</runs>
            <runs>0 52 22 14 13 35 24</runs>
            <runs>0 51 21 14 19 31 24</runs>
            <runs>0 50 21 13 22 30 24</runs>
            <runs>0 49 21 12 26 28 25</runs>
            <runs>0 48 21 11 30 26 19 2 4</runs>
            <runs>0 47 21 7 26 4 6 25 19 3 3</runs>
            <runs>0 46 21 8 20 13 5 23 19 3 4</runs>
            <runs>0 40 4 1 21 9 18 16 4 24 17 4 4</runs>
            <runs>0 22 43 10 16 46 17 4 4</runs>
            <runs>0 19 45 10 17 47 15 5 4</runs>
            <runs>0 16 48 10 16 49 13 7 3</runs>
            <runs>0 15 14 12 27 5 16 51 11 8 3</runs>
            <runs>0 12 14 15 30 1 16 54 6 11 3</runs>
            <runs>0 10 14 17 47 71 3</runs>
            <runs>0 9 13 17 20 5 23 71 4</runs>
            <runs>0 8 12 19 19 12 17 71 4</runs>
            <runs>0 7 11 20 20 13 18 69 4</runs>
            <runs>0 6 11 16 24 14 30 57 4</runs>
            <runs>0 4 12 17 25 14 30 55 4</runs>
            <runs>0 3 12 18 25 13 16 6 14 1 1 48 4</runs>
            <runs>0 2 13 18 25 13 15 10 17 44 3</runs>
            <runs>0 1 13 18 19 20 15 10 26 34 4</runs>
            <runs>0 1 12 18 19 22 14 10 26 33 5</runs>
            <runs>12 18 18 24 14 23 18 27 5</runs>
            <runs>11 18 17 26 14 27 21 18 6</runs>
            <runs>11 16 18 27 15 27 25 9 9</runs>
            <runs>11 14 18 30 14 27 9 1 32</runs>
            <runs>0 1 11 8 22 31 14 26 9 9 23</runs>
            <runs>0 3 37 34 14 24 10 13 16</runs>
            <runs>0 5 33 36 15 22 5 26 5</runs>
            <runs>0 10 26 39 14 21 6</runs>
            <runs>0 14 17 44 16 18 5</runs>
            <runs>0 23 1 51 17 15 6</runs>
            <runs>0 76 18 11 7</runs>
            <runs>0 76 34</runs>
            <runs>0 76 33</runs>
            <runs>0 81 27</runs>
            <runs>0 84 22</runs>
            <runs>0 86 18</runs>
            <runs>0 90 12</runs>
        </run-table>
    </sample>
    <sample shape="F_CLEF" interline="21" pitch="-1.8" left="613" top="1050" id="273">
        <run-table orientation="VERTICAL" width="58" height="69">
            <runs>0 15 11</runs>
            <runs>0 12 14</runs>
            <runs>0 11 16</runs>
            <runs>0 9 19</runs>
            <runs>0 8 21</runs>
            <runs>0 6 24</runs>
            <runs>0 1 29</runs>
            <runs>0 1 29</runs>
            <runs>8 3 20</runs>
            <runs>7 4 20</runs>
            <runs>0 11 20</runs>
            <runs>0 12 19</runs>
            <runs>0 12 19</runs>
            <runs>0 12 18</runs>
            <runs>0 12 18 32 7</runs>
            <runs>0 12 17 33 7</runs>
            <runs>0 13 16 32 8</runs>
            <runs>0 14 14 32 9</runs>
            <runs>0 15 12 32 10</runs>
            <runs>0 16 10 31 12</runs>
            <runs>0 18 7 31 13</runs>
            <runs>0 55 8</runs>
            <runs>0 53 9</runs>
            <runs>0 52 10</runs>
            <runs>0 50 11</runs>
            <runs>0 48 12</runs>
            <runs>0 43 15</runs>
            <runs>7 36 14</runs>
            <runs>9 32 15</runs>
            <runs>0 1 10 27 17</runs>
            <runs>0 1 12 20 21</runs>
            <runs>18 11 24</runs>
            <runs>52</runs>
            <runs>0 1 50</runs>
            <runs>50</runs>
            <runs>0 1 47</runs>
            <runs>0 1 47</runs>
            <runs>0 1 46</runs>
            <runs>47</runs>
            <runs>42</runs>
            <runs>0 7 34</runs>
            <runs>0 9 30</runs>
            <runs>0 11 24</runs>
            <runs>0 12 21</runs>
            <runs>0 15 15</runs>
            <runs></runs>
            <runs></runs>
            <runs></runs>
            <runs>0 7 7 19 5</runs>
            <runs>15 17 6</runs>
            <runs>0 1 14 16 8</runs>
            <runs>0 1 14 16 9</runs>
            <runs>0 1 14 16 10</runs>
            <runs>0 1 14 16 10</runs>
            <runs>0 1 13 17 10</runs>
            <runs>0 6 7 19 8</runs>
            <runs>0 8 5 20 7</runs>
            <runs>0 35 2</runs>
        </run-table>
    </sample>
    <sample shape="F_CLEF" interline="21" pitch="-1.9" left="465" top="1766" id="371">
        <run-table orientation="VERTICAL" width="58" height="69">
            <runs>0 15 10</runs>
            <runs>0 13 12</runs>
            <runs>0 11 16</runs>
            <runs>0 9 19</runs>
            <runs>0 8 21</runs>
            <runs>0 6 24</runs>
            <runs>30</runs>
            <runs>9 3 19</runs>
            <runs>7 5 19</runs>
            <runs>0 11 20</runs>
            <runs>0 12 19</runs>
            <runs>0 12 18</runs>
            <runs>0 12 18</runs>
            <runs>0 12 18</runs>
            <runs>0 13 17</runs>
            <runs>0 13 16</runs>
            <runs>0 13 15 34 7</runs>
            <runs>0 14 13 34 8</runs>
            <runs>0 15 12 33 9</runs>
            <runs>0 17 9 33 10</runs>
            <runs>0 57 7</runs>
            <runs>0 56 7</runs>
            <runs>0 55 7</runs>
            <runs>0 53 8</runs>
            <runs>0 51 9</runs>
            <runs>0 49 10</runs>
            <runs>0 43 16</runs>
            <runs>8 35 15</runs>
            <runs>9 33 14</runs>
            <runs>10 29 16</runs>
            <runs>13 21 20</runs>
            <runs>18 12 23</runs>
            <runs>53</runs>
            <runs>51</runs>
            <runs>50</runs>
            <runs>49</runs>
            <runs>48</runs>
            <runs>47</runs>
            <runs>47</runs>
            <runs>0 6 41</runs>
            <runs>0 8 33</runs>
            <runs>0 10 28</runs>
            <runs>0 11 24</runs>
            <runs>0 12 21</runs>
            <runs>0 17 13</runs>
            <runs></runs>
            <runs></runs>
            <runs>0 7 5</runs>
            <runs>0 1 12 20 4</runs>
            <runs>0 1 12 17 8</runs>
            <runs>0 1 13 16 9</runs>
            <runs>0 1 13 15 10</runs>
            <runs>0 1 13 15 11</runs>
            <runs>0 1 13 15 10</runs>
            <runs>0 1 12 17 9</runs>
            <runs>0 1 11 18 9</runs>
            <runs>0 8 3 20 7</runs>
            <runs>0 32 6</runs>
        </run-table>
    </sample>
    <sample shape="F_CLEF" interline="21" pitch="-1.6" left="456" top="2449" id="429">
        <run-table orientation="VERTICAL" width="65" height="77">
            <runs>0 74 3</runs>
            <runs>0 73 4</runs>
            <runs>0 73 4</runs>
            <runs>0 73 3</runs>
            <runs>0 72 3</runs>
            <runs>0 71 4</runs>
            <runs>0 71 3</runs>
            <runs>0 71 3</runs>
            <runs>0 14 12 44 3</runs>
            <runs>0 12 15 43 3</runs>
            <runs>0 10 18 37 8</runs>
            <runs>0 9 20 36 7</runs>
            <runs>0 8 21 36 7</runs>
            <runs>0 6 23</runs>
            <runs>0 5 25</runs>
            <runs>0 1 30</runs>
            <runs>0 1 7 4 19</runs>
            <runs>0 12 18</runs>
            <runs>0 12 18</runs>
            <runs>0 12 18</runs>
            <runs>0 12 18</runs>
            <runs>0 12 18 32 7</runs>
            <runs>0 13 17 31 7</runs>
            <runs>0 13 16 31 8</runs>
            <runs>0 14 14 31 10</runs>
            <runs>0 15 13 30 6</runs>
            <runs>0 16 11 30 6</runs>
            <runs>0 56 7</runs>
            <runs>0 55 7</runs>
            <runs>0 53 8</runs>
            <runs>0 52 8</runs>
            <runs>0 50 9</runs>
            <runs>0 44 15</runs>
            <runs>0 44 13</runs>
            <runs>0 44 13</runs>
            <runs>0 1 7 32 16</runs>
            <runs>0 1 8 29 17</runs>
            <runs>11 23 20</runs>
            <runs>0 1 12 18 22</runs>
            <runs>0 1 19 1 30</runs>
            <runs>0 1 49</runs>
            <runs>0 1 49</runs>
            <runs>0 1 47</runs>
            <runs>0 1 47</runs>
            <runs>0 1 46</runs>
            <runs>0 1 46</runs>
            <runs>0 6 41</runs>
            <runs>0 8 33</runs>
            <runs>0 9 30</runs>
            <runs>0 10 27</runs>
            <runs>0 12 22</runs>
            <runs>0 15 17</runs>
            <runs>0 18 8</runs>
            <runs></runs>
            <runs></runs>
            <runs>0 11 3 21 5</runs>
            <runs>0 9 6 19 7</runs>
            <runs>0 7 9 17 9</runs>
            <runs>0 6 10 17 9</runs>
            <runs>0 6 11 16 9</runs>
            <runs>0 6 11 16 9</runs>
            <runs>0 6 10 17 9</runs>
            <runs>0 7 9 17 9</runs>
            <runs>0 8 7 19 7</runs>
            <runs>0 9 5 21 5</runs>
        </run-table>
    </sample>
    <sample shape="F_CLEF" interline="21" pitch="-1.8" left="458" top="3216" id="486">
        <run-table orientation="VERTICAL" width="58" height="70">
            <runs>0 19 8</runs>
            <runs>0 13 15</runs>
            <runs>0 12 17</runs>
            <runs>0 10 20</runs>
            <runs>0 9 21</runs>
            <runs>0 8 23</runs>
            <runs>0 7 25</runs>
            <runs>0 6 4 3 19</runs>
            <runs>0 5 3 5 19</runs>
            <runs>7 6 19</runs>
            <runs>7 6 19</runs>
            <runs>0 13 19</runs>
            <runs>0 13 19</runs>
            <runs>0 13 19</runs>
            <runs>0 14 17</runs>
            <runs>0 14 17</runs>
            <runs>0 15 16 32 7</runs>
            <runs>0 15 15 32 7</runs>
            <runs>0 16 8 2 3 32 8</runs>
            <runs>0 17 10 33 10</runs>
            <runs>0 19 7 33 11</runs>
            <runs>0 58 12</runs>
            <runs>0 56 14</runs>
            <runs>0 54 10</runs>
            <runs>0 53 10</runs>
            <runs>0 51 11</runs>
            <runs>7 42 13</runs>
            <runs>8 36 16</runs>
            <runs>10 33 16</runs>
            <runs>11 31 16</runs>
            <runs>13 24 19</runs>
            <runs>17 16 22</runs>
            <runs>54</runs>
            <runs>53</runs>
            <runs>53</runs>
            <runs>51</runs>
            <runs>50</runs>
            <runs>49</runs>
            <runs>0 6 42</runs>
            <runs>0 7 41</runs>
            <runs>0 9 39</runs>
            <runs>0 10 32</runs>
            <runs>0 11 29</runs>
            <runs>0 13 23</runs>
            <runs>0 14 19</runs>
            <runs>0 17 13</runs>
            <runs></runs>
            <runs>0 9 3</runs>
            <runs>14 19 5</runs>
            <runs>15 17 7</runs>
            <runs>0 1 14 17 8</runs>
            <runs>15 16 9</runs>
            <runs>15 16 10</runs>
            <runs>14 17 10</runs>
            <runs>14 17 10</runs>
            <runs>0 1 12 19 9</runs>
            <runs>0 9 3 20 9</runs>
            <runs>0 33 7</runs>
        </run-table>
    </sample>
    <sample shape="F_CLEF" interline="21" pitch="-1.5" left="609" top="1050" id="260">
        <run-table orientation="VERTICAL" width="62" height="77">
            <runs>0 74 3</runs>
            <runs>0 73 4</runs>
            <runs>0 73 4</runs>
            <runs>0 73 3</runs>
            <runs>0 15 11 45 5</runs>
            <runs>0 12 14 39 10</runs>
            <runs>0 11 16 38 10</runs>
            <runs>0 9 19 37 9</runs>
            <runs>0 8 21 36 9</runs>
            <runs>0 6 24 35 8</runs>
            <runs>0 1 29 35 8</runs>
            <runs>0 1 29 35 7</runs>
            <runs>8 3 20 34 7</runs>
            <runs>7 4 20 34 6</runs>
            <runs>0 11 20 33 7</runs>
            <runs>0 12 19</runs>
            <runs>0 12 19</runs>
            <runs>0 12 18</runs>
            <runs>0 12 18 32 7</runs>
            <runs>0 12 17 33 7</runs>
            <runs>0 13 16 32 8</runs>
            <runs>0 14 14 32 9</runs>
            <runs>0 15 12 32 10</runs>
            <runs>0 16 10 31 12</runs>
            <runs>0 18 7 31 13</runs>
            <runs>0 55 8</runs>
            <runs>0 53 9</runs>
            <runs>0 52 10</runs>
            <runs>0 50 11</runs>
            <runs>0 48 12</runs>
            <runs>0 43 15</runs>
            <runs>7 36 14</runs>
            <runs>9 32 15</runs>
            <runs>0 1 10 27 17</runs>
            <runs>0 1 12 20 21</runs>
            <runs>18 11 24</runs>
            <runs>52</runs>
            <runs>0 1 50</runs>
            <runs>50</runs>
            <runs>0 1 47</runs>
            <runs>0 1 47</runs>
            <runs>0 1 46</runs>
            <runs>47</runs>
            <runs>42</runs>
            <runs>0 7 34</runs>
            <runs>0 9 30</runs>
            <runs>0 11 24</runs>
            <runs>0 12 21</runs>
            <runs>0 15 15</runs>
            <runs></runs>
            <runs></runs>
            <runs></runs>
            <runs>0 7 7 19 5</runs>
            <runs>15 17 6</runs>
            <runs>0 1 14 16 8</runs>
            <runs>0 1 14 16 9</runs>
            <runs>0 1 14 16 10</runs>
            <runs>0 1 14 16 10</runs>
            <runs>0 1 13 17 10</runs>
            <runs>0 6 7 19 8</runs>
            <runs>0 8 5 20 7</runs>
            <runs>0 35 2</runs>
        </run-table>
    </sample>
    <sample shape="F_CLEF" interline="21" pitch="-1.7" left="460" top="1766" id="368">
        <run-table orientation="VERTICAL" width="63" height="77">
            <runs>0 75 2</runs>
            <runs>0 75 2</runs>
            <runs>0 74 3</runs>
            <runs>0 73 4</runs>
            <runs>0 73 4</runs>
            <runs>0 15 10 47 5</runs>
            <runs>0 13 12 47 4</runs>
            <runs>0 11 16 44 4</runs>
            <runs>0 9 19 43 4</runs>
            <runs>0 8 21 41 4</runs>
            <runs>0 6 24 35 9</runs>
            <runs>30 35 8</runs>
            <runs>9 3 19 34 7</runs>
            <runs>7 5 19 34 7</runs>
            <runs>0 11 20</runs>
            <runs>0 12 19</runs>
            <runs>0 12 18</runs>
            <runs>0 12 18</runs>
            <runs>0 12 18</runs>
            <runs>0 13 17</runs>
            <runs>0 13 16</runs>
            <runs>0 13 15 34 7</runs>
            <runs>0 14 13 34 8</runs>
            <runs>0 15 12 33 9</runs>
            <runs>0 17 9 33 10</runs>
            <runs>0 57 7</runs>
            <runs>0 56 7</runs>
            <runs>0 55 7</runs>
            <runs>0 53 8</runs>
            <runs>0 51 9</runs>
            <runs>0 49 10</runs>
            <runs>0 43 16</runs>
            <runs>8 35 15</runs>
            <runs>9 33 14</runs>
            <runs>10 29 16</runs>
            <runs>13 21 20</runs>
            <runs>18 12 23</runs>
            <runs>53</runs>
            <runs>51</runs>
            <runs>50</runs>
            <runs>49</runs>
            <runs>48</runs>
            <runs>47</runs>
            <runs>47</runs>
            <runs>0 6 41</runs>
            <runs>0 8 33</runs>
            <runs>0 10 28</runs>
            <runs>0 11 24</runs>
            <runs>0 12 21</runs>
            <runs>0 17 13</runs>
            <runs></runs>
            <runs></runs>
            <runs>0 7 5</runs>
            <runs>0 1 12 20 4</runs>
            <runs>0 1 12 17 8</runs>
            <runs>0 1 13 16 9</runs>
            <runs>0 1 13 15 10</runs>
            <runs>0 1 13 15 11</runs>
            <runs>0 1 13 15 10</runs>
            <runs>0 1 12 17 9</runs>
            <runs>0 1 11 18 9</runs>
            <runs>0 8 3 20 7</runs>
            <runs>0 32 6</runs>
        </run-table>
    </sample>
    <sample shape="F_CLEF" interline="21" pitch="-1.8" left="464" top="2449" id="432">
        <run-table orientation="VERTICAL" width="57" height="69">
            <runs>0 14 12</runs>
            <runs>0 12 15</runs>
            <runs>0 10 18</runs>
            <runs>0 9 20</runs>
            <runs>0 8 21</runs>
            <runs>0 6 23</runs>
            <runs>0 5 25</runs>
            <runs>0 1 30</runs>
            <runs>0 1 7 4 19</runs>
            <runs>0 12 18</runs>
            <runs>0 12 18</runs>
            <runs>0 12 18</runs>
            <runs>0 12 18</runs>
            <runs>0 12 18 32 7</runs>
            <runs>0 13 17 31 7</runs>
            <runs>0 13 16 31 8</runs>
            <runs>0 14 14 31 10</runs>
            <runs>0 15 13 30 6</runs>
            <runs>0 16 11 30 6</runs>
            <runs>0 56 7</runs>
            <runs>0 55 7</runs>
            <runs>0 53 8</runs>
            <runs>0 52 8</runs>
            <runs>0 50 9</runs>
            <runs>0 44 15</runs>
            <runs>0 44 13</runs>
            <runs>0 44 13</runs>
            <runs>0 1 7 32 16</runs>
            <runs>0 1 8 29 17</runs>
            <runs>11 23 20</runs>
            <runs>0 1 12 18 22</runs>
            <runs>0 1 19 1 30</runs>
            <runs>0 1 49</runs>
            <runs>0 1 49</runs>
            <runs>0 1 47</runs>
            <runs>0 1 47</runs>
            <runs>0 1 46</runs>
            <runs>0 1 46</runs>
            <runs>0 6 41</runs>
            <runs>0 8 33</runs>
            <runs>0 9 30</runs>
            <runs>0 10 27</runs>
            <runs>0 12 22</runs>
            <runs>0 15 17</runs>
            <runs>0 18 8</runs>
            <runs></runs>
            <runs></runs>
            <runs>0 11 3 21 5</runs>
            <runs>0 9 6 19 7</runs>
            <runs>0 7 9 17 9</runs>
            <runs>0 6 10 17 9</runs>
            <runs>0 6 11 16 9</runs>
            <runs>0 6 11 16 9</runs>
            <runs>0 6 10 17 9</runs>
            <runs>0 7 9 17 9</runs>
            <runs>0 8 7 19 7</runs>
            <runs>0 9 5 21 5</runs>
        </run-table>
    </sample>
    <sample shape="F_CLEF" interline="21" pitch="-1.5" left="454" top="3216" id="487">
        <run-table orientation="VERTICAL" width="62" height="80">
            <runs>0 77 3</runs>
            <runs>0 77 3</runs>
            <runs>0 76 4</runs>
            <runs>0 76 4</runs>
            <runs>0 19 8 48 4</runs>
            <runs>0 13 15 46 5</runs>
            <runs>0 12 17 45 4</runs>
            <runs>0 10 20 43 5</runs>
            <runs>0 9 21 43 4</runs>
            <runs>0 8 23 41 5</runs>
            <runs>0 7 25 39 5</runs>
            <runs>0 6 4 3 19 39 4</runs>
            <runs>0 5 3 5 19 34 8</runs>
            <runs>7 6 19 34 7</runs>
            <runs>7 6 19 34 7</runs>
            <runs>0 13 19</runs>
            <runs>0 13 19</runs>
            <runs>0 13 19</runs>
            <runs>0 14 17</runs>
            <runs>0 14 17</runs>
            <runs>0 15 16 32 7</runs>
            <runs>0 15 15 32 7</runs>
            <runs>0 16 8 2 3 32 8</runs>
            <runs>0 17 10 33 10</runs>
            <runs>0 19 7 33 11</runs>
            <runs>0 58 12</runs>
            <runs>0 56 14</runs>
            <runs>0 54 10</runs>
            <runs>0 53 10</runs>
            <runs>0 51 11</runs>
            <runs>7 42 13</runs>
            <runs>8 36 16</runs>
            <runs>10 33 16</runs>
            <runs>11 31 16</runs>
            <runs>13 24 19</runs>
            <runs>17 16 22</runs>
            <runs>54</runs>
            <runs>53</runs>
            <runs>53</runs>
            <runs>51</runs>
            <runs>50</runs>
            <runs>49</runs>
            <runs>0 6 42</runs>
            <runs>0 7 41</runs>
            <runs>0 9 39</runs>
            <runs>0 10 32</runs>
            <runs>0 11 29</runs>
            <runs>0 13 23</runs>
            <runs>0 14 19</runs>
            <runs>0 17 13</runs>
            <runs></runs>
            <runs>0 9 3</runs>
            <runs>14 19 5</runs>
            <runs>15 17 7</runs>
            <runs>0 1 14 17 8</runs>
            <runs>15 16 9</runs>
            <runs>15 16 10</runs>
            <runs>14 17 10</runs>
            <runs>14 17 10</runs>
            <runs>0 1 12 19 9</runs>
            <runs>0 9 3 20 9</runs>
            <runs>0 33 7</runs>
        </run-table>
    </sample>
    <sample shape="FLAT" interline="21" pitch="-0.7" left="683" top="744" id="286">
        <run-table orientation="VERTICAL" width="21" height="55">
            <runs>0 2 6 5 8 9 11 9 2</runs>
            <runs>0 1 54</runs>
            <runs>55</runs>
            <runs>55</runs>
            <runs>42 5 8</runs>
            <runs>0 1 4 21 6 15 6</runs>
            <runs>0 26 4 16 5</runs>
            <runs>0 25 5 14 6</runs>
            <runs>0 24 5 14 6</runs>
            <runs>0 24 5 7 12</runs>
            <runs>0 24 4 8 11</runs>
            <runs>0 24 5 7 10</runs>
            <runs>0 24 6 5 10</runs>
            <runs>0 24 20</runs>
            <runs>0 24 19</runs>
            <runs>0 24 18</runs>
            <runs>0 25 17</runs>
            <runs>0 26 15</runs>
            <runs>0 26 14</runs>
            <runs>0 27 14</runs>
            <runs>0 29 12</runs>
        </run-table>
    </sample>
    <sample shape="FLAT" interline="21" pitch="-3.8" left="704" top="711" id="293">
        <run-table orientation="VERTICAL" width="21" height="55">
            <runs>0 2 19 3 7 1 2</runs>
            <runs>54</runs>
            <runs>55</runs>
            <runs>55</runs>
            <runs>0 1 34 12 8</runs>
            <runs>0 18 1 11 2 20 2</runs>
            <runs>0 30 1 21 1</runs>
            <runs></runs>
            <runs>0 44 7</runs>
            <runs>0 43 9</runs>
            <runs>0 41 11</runs>
            <runs>0 40 11</runs>
            <runs>0 24 7 7 13</runs>
            <runs>0 24 8 4 15</runs>
            <runs>0 24 20</runs>
            <runs>0 24 19</runs>
            <runs>0 24 18</runs>
            <runs>0 25 16</runs>
            <runs>0 25 14</runs>
            <runs>0 26 12</runs>
            <runs>0 26 10</runs>
        </run-table>
    </sample>
    <sample shape="FLAT" interline="21" pitch="0.4" left="723" top="755" id="294">
        <run-table orientation="VERTICAL" width="21" height="55">
            <runs>0 2 21</runs>
            <runs>0 1 53</runs>
            <runs>55</runs>
            <runs>0 1 54</runs>
            <runs>0 14 1 1 18 11 9</runs>
            <runs>0 25 7 14 7</runs>
            <runs></runs>
            <runs></runs>
            <runs>0 43 7</runs>
            <runs>0 42 8</runs>
            <runs>0 41 9</runs>
            <runs>0 39 11</runs>
            <runs>0 37 13</runs>
            <runs>0 24 7 4 10</runs>
            <runs>0 24 20</runs>
            <runs>0 25 18</runs>
            <runs>0 25 16</runs>
            <runs>0 25 15</runs>
            <runs>0 26 12</runs>
            <runs>0 26 11</runs>
            <runs>0 26 9</runs>
        </run-table>
    </sample>
    <sample shape="FLAT" interline="21" pitch="-2.8" left="745" top="721" id="291">
        <run-table orientation="VERTICAL" width="21" height="55">
            <runs>0 1 22 1 19 6 5</runs>
            <runs>55</runs>
            <runs>55</runs>
            <runs>54</runs>
            <runs>24 1 7 14 7</runs>
            <runs>0 26 4 15 7</runs>
            <runs>0 25 4 16 6</runs>
            <runs>0 24 4 15 6</runs>
            <runs>0 24 4 9 11</runs>
            <runs>0 24 4 9 11</runs>
            <runs>0 24 3 10 10</runs>
            <runs>0 24 3 10 9</runs>
            <runs>0 24 5 7 9</runs>
            <runs>0 24 19</runs>
            <runs>0 24 19</runs>
            <runs>0 24 18</runs>
            <runs>0 25 16</runs>
            <runs>0 25 16</runs>
            <runs>0 26 15</runs>
            <runs>0 27 14</runs>
            <runs>0 28 5</runs>
        </run-table>
    </sample>
    <sample shape="FLAT" interline="21" pitch="1.3" left="681" top="1078" id="300">
        <run-table orientation="VERTICAL" width="21" height="56">
            <runs>0 2 23 5 2</runs>
            <runs>0 1 55</runs>
            <runs>56</runs>
            <runs>0 1 55</runs>
            <runs>0 2 22 1 8 14 8</runs>
            <runs>0 26 6 15 7</runs>
            <runs>0 26 5 15 6</runs>
            <runs>0 26 4 15 6</runs>
            <runs>0 25 4 15 7</runs>
            <runs>0 25 3 9 12</runs>
            <runs>0 25 3 9 11</runs>
            <runs>0 25 4 8 10</runs>
            <runs>0 24 21</runs>
            <runs>0 25 19</runs>
            <runs>0 25 18</runs>
            <runs>0 25 17</runs>
            <runs>0 25 16</runs>
            <runs>0 26 15</runs>
            <runs>0 27 14</runs>
            <runs>0 28 13</runs>
            <runs>0 30 4</runs>
        </run-table>
    </sample>
    <sample shape="FLAT" interline="21" pitch="-1.8" left="702" top="1046" id="308">
        <run-table orientation="VERTICAL" width="21" height="55">
            <runs>0 1 14</runs>
            <runs>43</runs>
            <runs>55</runs>
            <runs>55</runs>
            <runs>0 4 7 1 4 5 22 3 8</runs>
            <runs></runs>
            <runs></runs>
            <runs></runs>
            <runs>0 43 8</runs>
            <runs>0 41 10</runs>
            <runs>0 40 11</runs>
            <runs>0 39 13</runs>
            <runs>0 37 15</runs>
            <runs>0 23 8 3 11</runs>
            <runs>0 24 20</runs>
            <runs>0 24 18</runs>
            <runs>0 24 17</runs>
            <runs>0 24 16</runs>
            <runs>0 25 14</runs>
            <runs>0 26 11</runs>
            <runs>0 26 8</runs>
        </run-table>
    </sample>
    <sample shape="FLAT" interline="21" pitch="2.3" left="721" top="1090" id="307">
        <run-table orientation="VERTICAL" width="21" height="56">
            <runs>0 1 31 1 1</runs>
            <runs>55</runs>
            <runs>56</runs>
            <runs>56</runs>
            <runs>0 1 20 1 13 11 9</runs>
            <runs>0 25 7 14 8</runs>
            <runs></runs>
            <runs>0 45 1</runs>
            <runs>0 44 2</runs>
            <runs>0 42 8</runs>
            <runs>0 41 9</runs>
            <runs>0 39 11</runs>
            <runs>0 37 13</runs>
            <runs>0 24 7 4 16</runs>
            <runs>0 25 19</runs>
            <runs>0 25 18</runs>
            <runs>0 25 17</runs>
            <runs>0 25 16</runs>
            <runs>0 25 14</runs>
            <runs>0 25 13</runs>
            <runs>0 25 10</runs>
        </run-table>
    </sample>
    <sample shape="FLAT" interline="21" pitch="-0.8" left="743" top="1057" id="305">
        <run-table orientation="VERTICAL" width="21" height="56">
            <runs>0 2 9 2 7</runs>
            <runs>0 1 43 1 1</runs>
            <runs>56</runs>
            <runs>56</runs>
            <runs>0 1 42 5 7</runs>
            <runs>0 26 7 15 6</runs>
            <runs>0 26 5 16 5</runs>
            <runs>0 26 4 15 6</runs>
            <runs>0 25 4 15 7</runs>
            <runs>0 25 3 15 7</runs>
            <runs>0 25 3 9 12</runs>
            <runs>0 24 4 9 11</runs>
            <runs>0 24 5 7 10</runs>
            <runs>0 24 6 5 10</runs>
            <runs>0 25 19</runs>
            <runs>0 25 18</runs>
            <runs>0 25 17</runs>
            <runs>0 25 16</runs>
            <runs>0 26 15</runs>
            <runs>0 27 13</runs>
            <runs>0 29 11</runs>
        </run-table>
    </sample>
    <sample shape="FLAT" interline="21" pitch="-0.6" left="536" top="1476" id="382">
        <run-table orientation="VERTICAL" width="22" height="56">
            <runs>0 2 7 23 2</runs>
            <runs>0 1 43 6 5</runs>
            <runs>56</runs>
            <runs>55</runs>
            <runs>0 1 39 7 8</runs>
            <runs>0 27 5 15 6</runs>
            <runs>0 26 4 16 7</runs>
            <runs>0 26 4 15 6</runs>
            <runs>0 26 3 15 6</runs>
            <runs>0 25 4 13 8</runs>
            <runs>0 25 4 7 13</runs>
            <runs>0 25 4 7 11</runs>
            <runs>0 25 4 7 10</runs>
            <runs>0 25 6 3 11</runs>
            <runs>0 25 19</runs>
            <runs>0 26 18</runs>
            <runs>0 26 17</runs>
            <runs>0 27 15</runs>
            <runs>0 27 13</runs>
            <runs>0 28 12</runs>
            <runs>0 29 11</runs>
            <runs>0 32 1</runs>
        </run-table>
    </sample>
    <sample shape="FLAT" interline="21" pitch="-3.5" left="557" top="1445" id="383">
        <run-table orientation="VERTICAL" width="21" height="56">
            <runs>0 2 26 1 2 6 4 11 1</runs>
            <runs>0 1 54</runs>
            <runs>56</runs>
            <runs>56</runs>
            <runs>0 1 19 2 11 12 10</runs>
            <runs>0 29 2 14 8</runs>
            <runs>0 29 1 15 7</runs>
            <runs>0 45 6</runs>
            <runs>0 43 7</runs>
            <runs>0 42 7</runs>
            <runs>0 41 8</runs>
            <runs>0 39 10</runs>
            <runs>0 37 12</runs>
            <runs>0 24 7 1 17</runs>
            <runs>0 24 25</runs>
            <runs>0 24 18</runs>
            <runs>0 24 18</runs>
            <runs>0 24 17</runs>
            <runs>0 24 16</runs>
            <runs>0 24 13</runs>
            <runs>0 24 9</runs>
        </run-table>
    </sample>
    <sample shape="FLAT" interline="21" pitch="0.5" left="577" top="1489" id="387">
        <run-table orientation="VERTICAL" width="21" height="54">
            <runs>0 12 3 4 11 3 2 3 3 2 9</runs>
            <runs>0 1 53</runs>
            <runs>54</runs>
            <runs>53</runs>
            <runs>33 11 8</runs>
            <runs>0 23 7</runs>
            <runs></runs>
            <runs>0 43 7</runs>
            <runs>0 42 7</runs>
            <runs>0 41 8</runs>
            <runs>0 39 9</runs>
            <runs>0 38 10</runs>
            <runs>0 36 12</runs>
            <runs>0 23 25</runs>
            <runs>0 23 20</runs>
            <runs>0 23 19</runs>
            <runs>0 23 18</runs>
            <runs>0 23 17</runs>
            <runs>0 23 15</runs>
            <runs>0 23 14</runs>
            <runs>0 29 7</runs>
        </run-table>
    </sample>
    <sample shape="FLAT" interline="21" pitch="-2.8" left="601" top="1452" id="386">
        <run-table orientation="VERTICAL" width="21" height="56">
            <runs>0 3 21 1 5 1 13 8 3</runs>
            <runs>0 1 55</runs>
            <runs>56</runs>
            <runs>56</runs>
            <runs>0 1 22 1 10 14 6</runs>
            <runs>0 3 1 23 5 15 6</runs>
            <runs>0 26 4 16 6</runs>
            <runs>0 26 4 14 7</runs>
            <runs>0 26 3 9 12</runs>
            <runs>0 25 3 10 11</runs>
            <runs>0 25 3 10 10</runs>
            <runs>0 25 3 9 10</runs>
            <runs>0 25 4 8 9</runs>
            <runs>0 25 9 1 10</runs>
            <runs>0 25 19</runs>
            <runs>0 26 17</runs>
            <runs>0 26 16</runs>
            <runs>0 26 16</runs>
            <runs>0 27 15</runs>
            <runs>0 28 14</runs>
            <runs>0 30 5</runs>
        </run-table>
    </sample>
    <sample shape="FLAT" interline="21" pitch="1.6" left="534" top="1796" id="392">
        <run-table orientation="VERTICAL" width="21" height="61">
            <runs>46 4 5</runs>
            <runs>61</runs>
            <runs>61</runs>
            <runs>55</runs>
            <runs>0 7 1 17 7 15 7</runs>
            <runs>0 26 4 16 7</runs>
            <runs>0 25 4 15 8</runs>
            <runs>0 25 3 15 7</runs>
            <runs>0 25 3 14 7</runs>
            <runs>0 24 3 13 8</runs>
            <runs>0 24 3 9 11</runs>
            <runs>0 24 4 7 11</runs>
            <runs>0 24 5 6 10</runs>
            <runs>0 24 20</runs>
            <runs>0 24 19</runs>
            <runs>0 24 18</runs>
            <runs>0 25 16</runs>
            <runs>0 26 14</runs>
            <runs>0 26 14</runs>
            <runs>0 28 12</runs>
            <runs>0 30 3</runs>
        </run-table>
    </sample>
    <sample shape="FLAT" interline="21" pitch="-1.7" left="555" top="1763" id="400">
        <run-table orientation="VERTICAL" width="21" height="55">
            <runs>0 2 27 7 3</runs>
            <runs>0 1 54</runs>
            <runs>0 1 54</runs>
            <runs>55</runs>
            <runs>0 1 33 12 8</runs>
            <runs>0 25 7</runs>
            <runs></runs>
            <runs></runs>
            <runs>0 43 8</runs>
            <runs>0 42 8</runs>
            <runs>0 40 10</runs>
            <runs>0 39 12</runs>
            <runs>0 37 14</runs>
            <runs>0 24 7 4 10</runs>
            <runs>0 25 18</runs>
            <runs>0 25 18</runs>
            <runs>0 25 17</runs>
            <runs>0 25 16</runs>
            <runs>0 25 14</runs>
            <runs>0 25 12</runs>
            <runs>0 25 10</runs>
        </run-table>
    </sample>
    <sample shape="FLAT" interline="21" pitch="2.4" left="577" top="1806" id="399">
        <run-table orientation="VERTICAL" width="20" height="56">
            <runs>0 2 30 2 20</runs>
            <runs>56</runs>
            <runs>56</runs>
            <runs>0 1 54</runs>
            <runs>0 2 10 1 7 4 10 13 7</runs>
            <runs></runs>
            <runs></runs>
            <runs></runs>
            <runs>0 44 7</runs>
            <runs>0 43 8</runs>
            <runs>0 41 10</runs>
            <runs>0 39 12</runs>
            <runs>0 36 15</runs>
            <runs>0 25 8 1 11</runs>
            <runs>0 25 19</runs>
            <runs>0 25 18</runs>
            <runs>0 25 17</runs>
            <runs>0 25 15</runs>
            <runs>0 26 12</runs>
            <runs>0 25 11</runs>
        </run-table>
    </sample>
    <sample shape="FLAT" interline="21" pitch="-0.6" left="597" top="1774" id="397">
        <run-table orientation="VERTICAL" width="22" height="55">
            <runs>0 3 3 18 2</runs>
            <runs>0 2 40 7 5</runs>
            <runs>0 1 54</runs>
            <runs>55</runs>
            <runs>0 1 54</runs>
            <runs>0 6 3 3 10 3 8 14 7</runs>
            <runs>0 26 5 15 7</runs>
            <runs>0 25 4 16 7</runs>
            <runs>0 25 4 14 7</runs>
            <runs>0 25 3 14 7</runs>
            <runs>0 25 2 9 12</runs>
            <runs>0 25 2 9 11</runs>
            <runs>0 24 4 8 10</runs>
            <runs>0 24 5 6 10</runs>
            <runs>0 24 20</runs>
            <runs>0 25 18</runs>
            <runs>0 25 17</runs>
            <runs>0 25 15</runs>
            <runs>0 26 14</runs>
            <runs>0 27 13</runs>
            <runs>0 27 13</runs>
            <runs>0 28 6</runs>
        </run-table>
    </sample>
    <sample shape="FLAT" interline="21" pitch="-0.6" left="534" top="2186" id="447">
        <run-table orientation="VERTICAL" width="20" height="55">
            <runs>0 1 53</runs>
            <runs>0 1 54</runs>
            <runs>55</runs>
            <runs>0 1 41 2 10</runs>
            <runs>0 26 5 15 7</runs>
            <runs>0 26 4 15 6</runs>
            <runs>0 26 3 15 6</runs>
            <runs>0 25 3 16 5</runs>
            <runs>0 25 3 14 6</runs>
            <runs>0 25 2 9 11</runs>
            <runs>0 24 3 9 10</runs>
            <runs>0 24 4 7 10</runs>
            <runs>0 24 5 5 10</runs>
            <runs>0 24 19</runs>
            <runs>0 24 18</runs>
            <runs>0 25 16</runs>
            <runs>0 26 14</runs>
            <runs>0 26 14</runs>
            <runs>0 27 12</runs>
            <runs>0 28 6</runs>
        </run-table>
    </sample>
    <sample shape="FLAT" interline="21" pitch="-3.6" left="555" top="2155" id="453">
        <run-table orientation="VERTICAL" width="22" height="55">
            <runs>0 2 1</runs>
            <runs>0 1 53</runs>
            <runs>55</runs>
            <runs>55</runs>
            <runs>36 8 10</runs>
            <runs>0 1 6 1 4 1 4 6 9</runs>
            <runs></runs>
            <runs></runs>
            <runs>0 43 7</runs>
            <runs>0 42 7</runs>
            <runs>0 40 9</runs>
            <runs>0 39 10</runs>
            <runs>0 37 12</runs>
            <runs>0 34 10</runs>
            <runs>0 24 19</runs>
            <runs>0 24 18</runs>
            <runs>0 24 17</runs>
            <runs>0 25 16</runs>
            <runs>0 25 15</runs>
            <runs>0 25 13</runs>
            <runs>0 25 11</runs>
            <runs>0 25 7</runs>
        </run-table>
    </sample>
    <sample shape="FLAT" interline="21" pitch="0.6" left="575" top="2198" id="450">
        <run-table orientation="VERTICAL" width="20" height="54">
            <runs>53</runs>
            <runs>54</runs>
            <runs>53</runs>
            <runs>0 1 33 7 12</runs>
            <runs>0 21 1 1 8 13 7</runs>
            <runs>0 44 7</runs>
            <runs>0 43 7</runs>
            <runs>0 42 7</runs>
            <runs>0 41 8</runs>
            <runs>0 39 10</runs>
            <runs>0 37 12</runs>
            <runs>0 36 13</runs>
            <runs>0 34 15</runs>
            <runs>0 24 19</runs>
            <runs>0 24 18</runs>
            <runs>0 24 17</runs>
            <runs>0 24 15</runs>
            <runs>0 24 14</runs>
            <runs>0 24 13</runs>
            <runs>0 24 11</runs>
        </run-table>
    </sample>
    <sample shape="FLAT" interline="21" pitch="-2.6" left="596" top="2165" id="451">
        <run-table orientation="VERTICAL" width="21" height="54">
            <runs>0 14 10 8 2 2 7 5 5</runs>
            <runs>0 1 53</runs>
            <runs>54</runs>
            <runs>45 1 8</runs>
            <runs>40 6 7</runs>
            <runs>0 1 9 3 9 3 6 15 5</runs>
            <runs>0 26 4 15 6</runs>
            <runs>0 26 3 15 5</runs>
            <runs>0 25 3 15 5</runs>
            <runs>0 25 3 13 6</runs>
            <runs>0 25 3 8 10</runs>
            <runs>0 25 3 8 9</runs>
            <runs>0 25 5 6 9</runs>
            <runs>0 25 19</runs>
            <runs>0 25 18</runs>
            <runs>0 25 17</runs>
            <runs>0 25 16</runs>
            <runs>0 26 14</runs>
            <runs>0 27 13</runs>
            <runs>0 27 12</runs>
            <runs>0 29 1 3 2</runs>
        </run-table>
    </sample>
    <sample shape="FLAT" interline="21" pitch="1.5" left="530" top="2480" id="458">
        <run-table orientation="VERTICAL" width="22" height="61">
            <runs>0 2 59</runs>
            <runs>0 1 59</runs>
            <runs>60</runs>
            <runs>60</runs>
            <runs>21 3 17 5 8</runs>
            <runs>0 2 17 6 8 13 7</runs>
            <runs>0 7 2 15 7 14 6</runs>
            <runs>0 24 8 11 7</runs>
            <runs>0 24 5 13 6</runs>
            <runs>0 24 4 13 6</runs>
            <runs>0 24 4 7 12</runs>
            <runs>0 24 5 5 12</runs>
            <runs>0 24 7 2 12</runs>
            <runs>0 24 20</runs>
            <runs>0 24 19</runs>
            <runs>0 25 17</runs>
            <runs>0 25 16</runs>
            <runs>0 25 15</runs>
            <runs>0 27 11</runs>
            <runs>0 28 10</runs>
            <runs>0 29 10</runs>
            <runs>0 31 8</runs>
        </run-table>
    </sample>
    <sample shape="FLAT" interline="21" pitch="-1.4" left="550" top="2447" id="463">
        <run-table orientation="VERTICAL" width="20" height="55">
            <runs>0 2 9 6 13 2 20</runs>
            <runs>0 1 54</runs>
            <runs>55</runs>
            <runs>55</runs>
            <runs>0 1 53</runs>
            <runs>0 19 4 1 29</runs>
            <runs>0 20 1 3 28</runs>
            <runs>0 25 14 1 12</runs>
            <runs>0 25 8 2 2 3 11</runs>
            <runs>0 36 1 3 11</runs>
            <runs>0 36 14</runs>
            <runs>0 35 15</runs>
            <runs>0 33 17</runs>
            <runs>0 24 26</runs>
            <runs>0 24 26</runs>
            <runs>0 24 27</runs>
            <runs>0 24 27</runs>
            <runs>0 25 26</runs>
            <runs>0 25 18 2 6</runs>
            <runs>0 25 26</runs>
        </run-table>
    </sample>
    <sample shape="FLAT" interline="21" pitch="2.0" left="570" top="2472" id="465">
        <run-table orientation="VERTICAL" width="21" height="72">
            <runs>33 1 25 1 12</runs>
            <runs>72</runs>
            <runs>13 3 56</runs>
            <runs>0 4 2 1 5 5 55</runs>
            <runs>0 10 2 6 38 6 9</runs>
            <runs>0 19 10 9 15 1 1 8 7</runs>
            <runs>0 42 9 11 8</runs>
            <runs>0 61 8</runs>
            <runs>0 60 9</runs>
            <runs>0 59 10</runs>
            <runs>0 57 12</runs>
            <runs>0 55 14</runs>
            <runs>0 54 15</runs>
            <runs>0 41 7 2 19</runs>
            <runs>0 41 21</runs>
            <runs>0 42 19</runs>
            <runs>0 42 18</runs>
            <runs>0 42 17</runs>
            <runs>0 43 15</runs>
            <runs>0 43 13</runs>
            <runs>0 43 10</runs>
        </run-table>
    </sample>
    <sample shape="FLAT" interline="21" pitch="-0.6" left="593" top="2458" id="460">
        <run-table orientation="VERTICAL" width="22" height="61">
            <runs>0 8 2</runs>
            <runs>0 2 39 5 1</runs>
            <runs>0 1 55</runs>
            <runs>61</runs>
            <runs>42 2 11</runs>
            <runs>0 2 2 3 12 5 16 6 8</runs>
            <runs>0 26 14 6 7</runs>
            <runs>0 25 6 14 7</runs>
            <runs>0 25 4 15 6</runs>
            <runs>0 25 4 14 6</runs>
            <runs>0 25 3 13 7</runs>
            <runs>0 24 4 8 11</runs>
            <runs>0 24 4 8 11</runs>
            <runs>0 24 5 6 10</runs>
            <runs>0 24 20</runs>
            <runs>0 25 18</runs>
            <runs>0 25 17</runs>
            <runs>0 26 15</runs>
            <runs>0 26 14</runs>
            <runs>0 27 13</runs>
            <runs>0 28 12</runs>
            <runs>0 30 3</runs>
        </run-table>
    </sample>
    <sample shape="FLAT" interline="21" pitch="-0.8" left="528" top="2898" id="508">
        <run-table orientation="VERTICAL" width="20" height="56">
            <runs>0 2 54</runs>
            <runs>0 1 54</runs>
            <runs>55</runs>
            <runs>34 14 7</runs>
            <runs>0 1 19 6 6 15 6</runs>
            <runs>0 26 4 16 5</runs>
            <runs>0 26 4 15 5</runs>
            <runs>0 26 3 15 5</runs>
            <runs>0 25 3 14 6</runs>
            <runs>0 25 3 9 10</runs>
            <runs>0 25 3 9 9</runs>
            <runs>0 25 4 8 9</runs>
            <runs>0 25 5 6 9</runs>
            <runs>0 25 19</runs>
            <runs>0 25 18</runs>
            <runs>0 26 16</runs>
            <runs>0 26 15</runs>
            <runs>0 27 14</runs>
            <runs>0 28 12</runs>
            <runs>0 29 12</runs>
        </run-table>
    </sample>
    <sample shape="FLAT" interline="21" pitch="-3.6" left="549" top="2868" id="514">
        <run-table orientation="VERTICAL" width="21" height="55">
            <runs>0 2 27 10 2</runs>
            <runs>55</runs>
            <runs>55</runs>
            <runs>55</runs>
            <runs>35 4 1 5 9</runs>
            <runs>0 24 8 13 7</runs>
            <runs></runs>
            <runs></runs>
            <runs></runs>
            <runs>0 42 8</runs>
            <runs>0 41 9</runs>
            <runs>0 39 11</runs>
            <runs>0 37 13</runs>
            <runs>0 24 26</runs>
            <runs>0 24 20</runs>
            <runs>0 25 17</runs>
            <runs>0 25 16</runs>
            <runs>0 25 15</runs>
            <runs>0 25 14</runs>
            <runs>0 25 12</runs>
            <runs>0 25 11</runs>
        </run-table>
    </sample>
    <sample shape="FLAT" interline="21" pitch="0.6" left="568" top="2912" id="511">
        <run-table orientation="VERTICAL" width="22" height="55">
            <runs>0 43 8</runs>
            <runs>0 1 53</runs>
            <runs>55</runs>
            <runs>54</runs>
            <runs>42 1 11</runs>
            <runs>17 3 13 11 8</runs>
            <runs>0 23 8 13 8</runs>
            <runs>0 23 7 14 7</runs>
            <runs>0 43 7</runs>
            <runs>0 42 7</runs>
            <runs>0 41 8</runs>
            <runs>0 38 11</runs>
            <runs>0 36 13</runs>
            <runs>0 35 14</runs>
            <runs>0 24 25</runs>
            <runs>0 24 25</runs>
            <runs>0 23 19</runs>
            <runs>0 23 18</runs>
            <runs>0 23 16</runs>
            <runs>0 23 15</runs>
            <runs>0 24 12</runs>
            <runs>0 31 4</runs>
        </run-table>
    </sample>
    <sample shape="FLAT" interline="21" pitch="-2.5" left="591" top="2880" id="512">
        <run-table orientation="VERTICAL" width="22" height="54">
            <runs>0 4 3 2 9 13 22</runs>
            <runs>0 1 53</runs>
            <runs>54</runs>
            <runs>54</runs>
            <runs>23 1 15 7 7</runs>
            <runs>0 1 6 3 8 7 6 14 6</runs>
            <runs>0 25 5 15 5</runs>
            <runs>0 25 3 15 6</runs>
            <runs>0 24 4 14 6</runs>
            <runs>0 24 3 14 6</runs>
            <runs>0 24 3 7 12</runs>
            <runs>0 24 3 7 11</runs>
            <runs>0 24 4 6 11</runs>
            <runs>0 24 5 4 11</runs>
            <runs>0 24 19</runs>
            <runs>0 24 18</runs>
            <runs>0 24 17</runs>
            <runs>0 25 14</runs>
            <runs>0 26 13</runs>
            <runs>0 27 11</runs>
            <runs>0 28 10</runs>
            <runs>0 31 7</runs>
        </run-table>
    </sample>
    <sample shape="FLAT" interline="21" pitch="1.3" left="525" top="3245" id="519">
        <run-table orientation="VERTICAL" width="21" height="56">
            <runs>0 2 24 1 15 4 1 4 5</runs>
            <runs>0 1 55</runs>
            <runs>56</runs>
            <runs>0 1 54</runs>
            <runs>0 1 40 7 6</runs>
            <runs>0 26 6 15 6</runs>
            <runs>0 26 6 14 6</runs>
            <runs>0 26 5 14 6</runs>
            <runs>0 25 5 13 7</runs>
            <runs>0 25 4 8 12</runs>
            <runs>0 25 4 8 11</runs>
            <runs>0 25 4 8 10</runs>
            <runs>0 25 6 5 10</runs>
            <runs>0 25 21</runs>
            <runs>0 25 19</runs>
            <runs>0 25 18</runs>
            <runs>0 26 16</runs>
            <runs>0 26 16</runs>
            <runs>0 27 14</runs>
            <runs>0 28 13</runs>
            <runs>0 29 12</runs>
        </run-table>
    </sample>
    <sample shape="FLAT" interline="21" pitch="-1.6" left="544" top="3213" id="520">
        <run-table orientation="VERTICAL" width="22" height="56">
            <runs>0 2 28 16 7</runs>
            <runs>0 1 54</runs>
            <runs>56</runs>
            <runs>56</runs>
            <runs>38 1 3 1 12</runs>
            <runs>0 25 8 13 8</runs>
            <runs>0 25 7 14 7</runs>
            <runs>0 45 7</runs>
            <runs>0 44 7</runs>
            <runs>0 41 10</runs>
            <runs>0 40 11</runs>
            <runs>0 38 13</runs>
            <runs>0 37 14</runs>
            <runs>0 34 11</runs>
            <runs>0 24 20</runs>
            <runs>0 25 18</runs>
            <runs>0 25 17</runs>
            <runs>0 26 15</runs>
            <runs>0 26 13</runs>
            <runs>0 26 12</runs>
            <runs>0 26 11</runs>
            <runs>0 26 7</runs>
        </run-table>
    </sample>
    <sample shape="FLAT" interline="21" pitch="2.6" left="564" top="3258" id="521">
        <run-table orientation="VERTICAL" width="21" height="55">
            <runs>0 19 10 2 11</runs>
            <runs>55</runs>
            <runs>55</runs>
            <runs>55</runs>
            <runs>41 4 9</runs>
            <runs>0 23 10 12 8</runs>
            <runs>0 24 8 12 7</runs>
            <runs>0 24 7 13 7</runs>
            <runs>0 42 8</runs>
            <runs>0 41 9</runs>
            <runs>0 39 11</runs>
            <runs>0 37 13</runs>
            <runs>0 24 26</runs>
            <runs>0 24 27</runs>
            <runs>0 24 27</runs>
            <runs>0 24 19</runs>
            <runs>0 24 18</runs>
            <runs>0 24 17</runs>
            <runs>0 24 16</runs>
            <runs>0 25 13</runs>
            <runs>0 25 12</runs>
        </run-table>
    </sample>
    <sample shape="FLAT" interline="21" pitch="-0.5" left="589" top="3225" id="522">
        <run-table orientation="VERTICAL" width="21" height="62">
            <runs>0 9 10 5 2 7 9 1 4 2 7</runs>
            <runs>0 2 54</runs>
            <runs>0 1 61</runs>
            <runs>56</runs>
            <runs>0 1 40 5 9</runs>
            <runs>0 8 11 7 6 14 7</runs>
            <runs>0 26 4 15 7</runs>
            <runs>0 25 5 14 7</runs>
            <runs>0 25 4 14 7</runs>
            <runs>0 25 4 13 7</runs>
            <runs>0 25 3 8 12</runs>
            <runs>0 25 3 8 11</runs>
            <runs>0 25 4 7 10</runs>
            <runs>0 25 5 5 10</runs>
            <runs>0 25 19</runs>
            <runs>0 25 18</runs>
            <runs>0 26 16</runs>
            <runs>0 26 15</runs>
            <runs>0 26 14</runs>
            <runs>0 27 13</runs>
            <runs>0 29 11</runs>
        </run-table>
    </sample>
    <sample shape="COMMON_TIME" interline="21" pitch="-0.2" left="776" top="758" id="320">
        <run-table orientation="VERTICAL" width="39" height="48">
            <runs>0 20 7</runs>
            <runs>0 15 15</runs>
            <runs>0 14 20</runs>
            <runs>0 11 25</runs>
            <runs>0 9 29</runs>
            <runs>0 8 31</runs>
            <runs>0 7 34</runs>
            <runs>0 6 36</runs>
            <runs>48</runs>
            <runs>48</runs>
            <runs>0 1 46</runs>
            <runs>0 1 46</runs>
            <runs>0 1 46</runs>
            <runs>0 1 46</runs>
            <runs>0 1 15 1 3 1 7 5 15</runs>
            <runs>0 1 7 32 8</runs>
            <runs></runs>
            <runs></runs>
            <runs></runs>
            <runs></runs>
            <runs></runs>
            <runs>0 12 5</runs>
            <runs>0 9 9</runs>
            <runs>0 8 12</runs>
            <runs>0 7 13</runs>
            <runs>0 7 14</runs>
            <runs>0 6 20</runs>
            <runs>0 6 20</runs>
            <runs>26</runs>
            <runs>0 1 25</runs>
            <runs>0 1 25</runs>
            <runs>26 14 8</runs>
            <runs>26 13 9</runs>
            <runs>26 11 11</runs>
            <runs>0 5 16 14 7</runs>
            <runs>0 6 13 12 9</runs>
            <runs>0 8 10 11 9</runs>
            <runs>0 11 5 13 6</runs>
            <runs>0 29 3</runs>
        </run-table>
    </sample>
    <sample shape="COMMON_TIME" interline="21" pitch="-0.1" left="779" top="1072" id="331">
        <run-table orientation="VERTICAL" width="38" height="48">
            <runs>0 19 9</runs>
            <runs>0 15 18</runs>
            <runs>0 13 22</runs>
            <runs>0 11 27</runs>
            <runs>0 10 29</runs>
            <runs>0 9 32</runs>
            <runs>0 8 33</runs>
            <runs>0 6 42</runs>
            <runs>0 5 43</runs>
            <runs>0 1 47</runs>
            <runs>0 1 47</runs>
            <runs>0 1 47</runs>
            <runs>0 1 47</runs>
            <runs>0 1 47</runs>
            <runs>0 1 26 14 7</runs>
            <runs>0 1 7</runs>
            <runs></runs>
            <runs></runs>
            <runs></runs>
            <runs></runs>
            <runs></runs>
            <runs>0 12 4</runs>
            <runs>0 10 8</runs>
            <runs>0 9 10</runs>
            <runs>0 9 12</runs>
            <runs>0 8 18</runs>
            <runs>0 8 18</runs>
            <runs>0 8 18</runs>
            <runs>0 7 19</runs>
            <runs>26 16 1</runs>
            <runs>26 15 2</runs>
            <runs>26 14 7</runs>
            <runs>26 13 8</runs>
            <runs>0 5 20 12 5</runs>
            <runs>0 6 19 9 7</runs>
            <runs>0 7 13 10 9</runs>
            <runs>0 9 10 10 8</runs>
            <runs>0 12 4 13 6</runs>
        </run-table>
    </sample>
</samples>
