<?xml version="1.0" encoding="UTF-8" standalone="yes"?>
<samples sheet-name="IMSLP00693#41">
    <sample shape="C_CLEF" interline="13" pitch="-2.0" left="330" top="561" id="713">
        <run-table orientation="VERTICAL" width="40" height="61">
            <runs>60</runs>
            <runs>60</runs>
            <runs>61</runs>
            <runs>60</runs>
            <runs>60</runs>
            <runs>60</runs>
            <runs>60</runs>
            <runs>13 9 3 1 1 1 32</runs>
            <runs>0 6 1 36 17</runs>
            <runs>0 1 10</runs>
            <runs>37 1 21</runs>
            <runs>60</runs>
            <runs>60</runs>
            <runs>0 1 11 14 10 5 19</runs>
            <runs></runs>
            <runs>0 6 5 16 7 16 4</runs>
            <runs>0 3 9 14 9 14 10</runs>
            <runs>0 2 11 12 11 11 13</runs>
            <runs>0 2 12 5 26 2 13</runs>
            <runs>0 1 14 4 26 1 14</runs>
            <runs>0 1 14 4 26 1 14</runs>
            <runs>0 1 17 1 22 5 14</runs>
            <runs>4 1 9 8 4 9 3 9 13</runs>
            <runs>4 1 8 10 3 8 3 10 13</runs>
            <runs>4 2 6 11 3 8 2 11 13</runs>
            <runs>4 3 4 13 2 8 2 13 4</runs>
            <runs>4 20 3 6 2 16 1</runs>
            <runs>5 19 3 6 2</runs>
            <runs>6 17 4 6 3</runs>
            <runs>7 15 5 6 3 17 7</runs>
            <runs>0 1 17 2 6 7 5 12 10</runs>
            <runs>0 1 25 7 27</runs>
            <runs>0 1 25 7 26</runs>
            <runs>0 2 24 8 25</runs>
            <runs>0 3 23 8 25</runs>
            <runs>0 3 22 10 24</runs>
            <runs>0 5 18 12 25</runs>
            <runs>0 6 16 15 16</runs>
            <runs>0 8 11 20 13</runs>
            <runs>0 11 8 23 8</runs>
        </run-table>
    </sample>
    <sample shape="C_CLEF" interline="13" pitch="0.0" left="332" top="1133" id="779">
        <run-table orientation="VERTICAL" width="41" height="60">
            <runs>0 1 12 8 1</runs>
            <runs>59</runs>
            <runs>60</runs>
            <runs>60</runs>
            <runs>59</runs>
            <runs>59</runs>
            <runs>59</runs>
            <runs>0 1 20 1 10 1 27</runs>
            <runs>0 39 21</runs>
            <runs></runs>
            <runs>0 1 14</runs>
            <runs>0 1 19 6 3 18 12</runs>
            <runs>0 1 58</runs>
            <runs>0 1 20 1 37</runs>
            <runs>0 1 9 1 2 10 1 2 9 4 20</runs>
            <runs>0 2 9 31 17</runs>
            <runs>0 2 10 12 10 14 11</runs>
            <runs>0 2 11 9 14 11 12</runs>
            <runs>0 2 11 9 15 6 16</runs>
            <runs>0 2 11 2 23 4 17</runs>
            <runs>0 1 12 2 44</runs>
            <runs>0 1 12 2 44</runs>
            <runs>0 1 12 2 25 3 16</runs>
            <runs>13 8 7 1 10 3 17</runs>
            <runs>12 10 4 7 4 5 17</runs>
            <runs>0 6 5 13 2 7 3 11 12</runs>
            <runs>0 24 3 6 2 14 2</runs>
            <runs>0 24 3 6 2</runs>
            <runs>0 23 4 6 2</runs>
            <runs>0 23 4 6 2 18 2</runs>
            <runs>0 1 7 13 6 2 8 16 2</runs>
            <runs>0 1 11 8 7 2 9 13 8</runs>
            <runs>0 2 25 6 26</runs>
            <runs>0 2 24 7 26</runs>
            <runs>0 2 23 9 25</runs>
            <runs>0 2 23 9 25</runs>
            <runs>0 2 22 11 24</runs>
            <runs>0 2 21 12 24</runs>
            <runs>0 6 15 15 17</runs>
            <runs>0 8 12 18 14</runs>
            <runs>0 40 8</runs>
        </run-table>
    </sample>
    <sample shape="C_CLEF" interline="13" pitch="-2.1" left="335" top="2099" id="893">
        <run-table orientation="VERTICAL" width="40" height="58">
            <runs>4 2 1 14 1 14 2 14 2</runs>
            <runs>58</runs>
            <runs>58</runs>
            <runs>58</runs>
            <runs>58</runs>
            <runs>58</runs>
            <runs>57</runs>
            <runs>18 18 21</runs>
            <runs></runs>
            <runs></runs>
            <runs>9 1 1 1 9 1 3 13 20</runs>
            <runs>58</runs>
            <runs>58</runs>
            <runs>0 1 10 23 1 12 11</runs>
            <runs></runs>
            <runs>0 5 3 18 7 15 4</runs>
            <runs>0 3 7 13 11 13 6</runs>
            <runs>0 2 9 9 16 10 12</runs>
            <runs>0 1 10 4 24 2 17</runs>
            <runs>0 1 11 3 43</runs>
            <runs>12 3 43</runs>
            <runs>12 7 39</runs>
            <runs>12 9 4 7 4 5 17</runs>
            <runs>3 1 8 10 3 7 3 6 17</runs>
            <runs>3 2 6 12 2 7 3 11 7</runs>
            <runs>3 2 6 12 3 5 3 13 4</runs>
            <runs>3 3 3 14 3 5 3</runs>
            <runs>3 20 3 5 3</runs>
            <runs>3 19 4 1 8</runs>
            <runs>3 19 4 1 8</runs>
            <runs>8 5 13 1 31</runs>
            <runs>26 1 31</runs>
            <runs>25 2 31</runs>
            <runs>0 1 23 8 26</runs>
            <runs>0 1 23 8 26</runs>
            <runs>0 2 21 10 24</runs>
            <runs>0 2 20 13 18</runs>
            <runs>0 3 17 15 17</runs>
            <runs>0 5 13 19 13</runs>
            <runs>0 6 12</runs>
        </run-table>
    </sample>
    <sample shape="SHARP" interline="13" pitch="1.9" left="382" top="2133" id="1102">
        <run-table orientation="VERTICAL" width="15" height="43">
            <runs>0 14 9 5 9</runs>
            <runs>0 13 10 5 9</runs>
            <runs>0 12 11 4 16</runs>
            <runs>0 2 41</runs>
            <runs>0 1 42</runs>
            <runs>0 2 2 3 16 3 7</runs>
            <runs>0 7 16 3 7</runs>
            <runs>0 6 13 7 6</runs>
            <runs>0 6 13 7 6</runs>
            <runs>0 7 11 7 16</runs>
            <runs>41</runs>
            <runs>37</runs>
            <runs>0 6 11 3 11</runs>
            <runs>0 7 10 3 10</runs>
            <runs>0 7 10 3 10</runs>
        </run-table>
    </sample>
</samples>
