<?xml version="1.0" encoding="UTF-8" standalone="yes"?>
<samples id="20">
    <sample shape="TIME_TWO" interline="17" left="1071" top="1439" id="3998">
        <run-table orientation="VERTICAL" width="28" height="38">
            <runs>0 12 2 20 2</runs>
            <runs>0 8 8 15 7</runs>
            <runs>0 7 10 13 8</runs>
            <runs>0 6 11 11 7</runs>
            <runs>0 5 12 10 7</runs>
            <runs>0 4 13 9 8</runs>
            <runs>0 4 13 8 9</runs>
            <runs>7 1 9 7 10</runs>
            <runs>7 2 7 7 11</runs>
            <runs>6 4 5 8 3 1 7</runs>
            <runs>6 16 4 1 8</runs>
            <runs>6 12 7 2 8</runs>
            <runs>6 12 7 2 8</runs>
            <runs>7 11 6 3 11</runs>
            <runs>7 11 6 3 11</runs>
            <runs>8 10 5 5 10</runs>
            <runs>10 6 7 5 10</runs>
            <runs>22 6 10</runs>
            <runs>22 7 9</runs>
            <runs>21 8 9</runs>
            <runs>21 8 9</runs>
            <runs>0 4 17 8 9</runs>
            <runs>0 4 17 8 9</runs>
            <runs>0 5 16 8 9</runs>
            <runs>0 6 15 8 9</runs>
            <runs>0 7 14 6 7</runs>
            <runs>0 9 7 9 7</runs>
            <runs>0 25 4</runs>
        </run-table>
    </sample>
    <sample shape="EIGHTH_REST" interline="17" left="700" top="638" id="4063">
        <run-table orientation="VERTICAL" width="19" height="33">
            <runs>0 2 5</runs>
            <runs>0 1 8</runs>
            <runs>0 1 8</runs>
            <runs>0 1 9</runs>
            <runs>10</runs>
            <runs>10 19 2</runs>
            <runs>0 1 9 17 6</runs>
            <runs>0 1 9 15 8</runs>
            <runs>0 2 5 1 2 13 10</runs>
            <runs>0 8 2 11 7</runs>
            <runs>0 8 1 9 8</runs>
            <runs>0 7 2 4 10</runs>
            <runs>0 7 2 4 8</runs>
            <runs>0 7 2 3 6</runs>
            <runs>0 6 2 2 6</runs>
            <runs>0 5 11</runs>
            <runs>0 5 5</runs>
            <runs>0 4 4</runs>
            <runs>0 3 2</runs>
        </run-table>
    </sample>
    <sample shape="ONE_16TH_REST" interline="17" left="1775" top="3001" id="4636">
        <run-table orientation="VERTICAL" width="26" height="52">
            <runs>0 20 5</runs>
            <runs>0 19 7</runs>
            <runs>0 19 8</runs>
            <runs>0 18 9</runs>
            <runs>0 18 9</runs>
            <runs>0 18 9 18 7</runs>
            <runs>0 18 10 15 9</runs>
            <runs>0 3 4 11 9 14 11</runs>
            <runs>0 2 6 11 8 12 9</runs>
            <runs>0 1 8 11 3 2 2 9 9</runs>
            <runs>9 16 2 4 12</runs>
            <runs>9 16 2 4 9</runs>
            <runs>10 14 3 3 8</runs>
            <runs>10 14 2 1 8</runs>
            <runs>0 1 9 14 10</runs>
            <runs>0 1 9 13 7</runs>
            <runs>0 4 1 2 2 12 7</runs>
            <runs>0 7 2 10 6</runs>
            <runs>0 7 2 5 9</runs>
            <runs>0 7 2 5 6</runs>
            <runs>0 6 3 3 6</runs>
            <runs>0 6 2 2 6</runs>
            <runs>0 5 8</runs>
            <runs>0 4 7</runs>
            <runs>0 4 4</runs>
            <runs>0 3 3</runs>
        </run-table>
    </sample>
    <sample shape="ONE_32ND_REST" interline="17" left="1849" top="2611" id="4720">
        <run-table orientation="VERTICAL" width="32" height="68">
            <runs>0 37 6</runs>
            <runs>0 36 8</runs>
            <runs>0 36 8</runs>
            <runs>0 36 9</runs>
            <runs>0 35 10</runs>
            <runs>0 35 10</runs>
            <runs>0 21 3 12 9</runs>
            <runs>0 19 7 10 9</runs>
            <runs>0 19 7 11 8 17 6</runs>
            <runs>0 18 9 16 2 15 8</runs>
            <runs>0 18 9 16 2 12 11</runs>
            <runs>0 18 9 15 2 10 10</runs>
            <runs>0 18 9 15 2 7 11</runs>
            <runs>0 4 2 12 9 15 2 4 11</runs>
            <runs>0 2 6 11 8 14 2 3 10</runs>
            <runs>0 1 8 12 2 2 2 14 12</runs>
            <runs>9 16 2 13 10</runs>
            <runs>9 16 2 11 9</runs>
            <runs>10 15 2 9 8</runs>
            <runs>10 14 2 4 11</runs>
            <runs>10 14 2 4 8</runs>
            <runs>0 1 9 14 2 2 7</runs>
            <runs>0 2 5 1 1 14 10</runs>
            <runs>0 7 2 13 11</runs>
            <runs>0 7 2 11 7</runs>
            <runs>0 7 2 8 7</runs>
            <runs>0 6 3 3 9</runs>
            <runs>0 6 2 4 6</runs>
            <runs>0 5 3 1 6</runs>
            <runs>0 5 10</runs>
            <runs>0 4 5</runs>
            <runs>0 3 4</runs>
        </run-table>
    </sample>
</samples>
