<?xml version="1.0" encoding="UTF-8" standalone="yes"?>
<samples sheet-name="IMSLP00668#36">
    <sample shape="G_CLEF" interline="16" pitch="0.0" left="235" top="795" id="408">
        <run-table orientation="VERTICAL" width="43" height="123">
            <runs>0 63 1 3 3</runs>
            <runs>0 56 15</runs>
            <runs>0 55 22</runs>
            <runs>0 53 26 33 2</runs>
            <runs>0 51 30 27 8</runs>
            <runs>0 49 22 2 11 21 14</runs>
            <runs>0 48 19 13 5 19 16</runs>
            <runs>0 47 16 21 2 18 17</runs>
            <runs>0 46 16 24 1 16 18</runs>
            <runs>0 42 19 25 2 15 19</runs>
            <runs>0 42 19 26 1 15 3 2 14</runs>
            <runs>0 42 19 42 14 2 3</runs>
            <runs>0 41 15 12 4 30 15 3 3</runs>
            <runs>0 40 15 10 13 25 14 3 3</runs>
            <runs>0 39 14 9 17 24 14 4 2</runs>
            <runs>0 38 15 5 19 26 13 5 2</runs>
            <runs>0 37 15 6 12 34 12 5 2</runs>
            <runs>0 24 10 2 15 7 10 37 9 7 2</runs>
            <runs>0 20 30 7 10 40 6 8 2</runs>
            <runs>0 16 13 1 20 6 10 55 2</runs>
            <runs>0 14 9 8 21 3 11 55 2</runs>
            <runs>0 12 9 10 35 54 2</runs>
            <runs>0 10 10 6 20 7 13 55 1</runs>
            <runs>0 7 11 8 19 9 16</runs>
            <runs>0 6 10 10 19 9 17 48 1</runs>
            <runs>0 5 10 12 18 9 10 15 2 36 3</runs>
            <runs>0 3 10 14 13 14 10 15 7 30 3</runs>
            <runs>0 2 10 14 13 16 9 19 10 21 4</runs>
            <runs>0 2 9 15 12 17 9 23 9 16 4</runs>
            <runs>0 1 9 15 12 18 9 25 26</runs>
            <runs>10 14 11 20 9 33 13</runs>
            <runs>9 13 11 22 10</runs>
            <runs>8 13 11 23 11 21 1</runs>
            <runs>9 10 11 26 10 20 2</runs>
            <runs>0 1 9 7 12 27 12 17 3</runs>
            <runs>0 3 26 28 12 14 4</runs>
            <runs>0 8 13 36 12 13 4</runs>
            <runs>0 58 13 8 5</runs>
            <runs>0 58 14 1 10</runs>
            <runs>0 58 23</runs>
            <runs>0 62 17</runs>
            <runs>0 64 13</runs>
            <runs>0 67 10</runs>
        </run-table>
    </sample>
    <sample shape="F_CLEF" interline="16" pitch="-1.5" left="228" top="1900" id="885">
        <run-table orientation="VERTICAL" width="47" height="51">
            <runs>0 8 12</runs>
            <runs>0 7 13</runs>
            <runs>0 5 17</runs>
            <runs>23</runs>
            <runs>23</runs>
            <runs>0 4 20</runs>
            <runs>24</runs>
            <runs>25</runs>
            <runs>0 6 19 20 1</runs>
            <runs>0 6 18 20 7</runs>
            <runs>0 7 17 20 7</runs>
            <runs>0 7 17 19 8</runs>
            <runs>0 7 17 18 9</runs>
            <runs>0 8 15 17 11</runs>
            <runs>0 8 14 17 12</runs>
            <runs>0 10 11 17 9</runs>
            <runs>0 11 9 13 13</runs>
            <runs>0 33 13</runs>
            <runs>0 33 13</runs>
            <runs>0 32 13</runs>
            <runs>0 31 13</runs>
            <runs>0 28 15</runs>
            <runs>0 26 16</runs>
            <runs>9 13 20</runs>
            <runs>41</runs>
            <runs>39</runs>
            <runs>38</runs>
            <runs>37</runs>
            <runs>36</runs>
            <runs>36</runs>
            <runs>36</runs>
            <runs>0 5 31</runs>
            <runs>0 6 24</runs>
            <runs>0 7 21</runs>
            <runs>0 9 16</runs>
            <runs>0 12 9</runs>
            <runs>0 26 5</runs>
            <runs>0 25 7</runs>
            <runs>0 7 5 13 7</runs>
            <runs>0 6 7 11 8</runs>
            <runs>0 6 8 11 11</runs>
            <runs>0 5 9 11 11</runs>
            <runs>0 5 9 11 11</runs>
            <runs>0 6 8 11 7</runs>
            <runs>0 6 8 12 5</runs>
            <runs>0 7 6</runs>
            <runs>0 8 4</runs>
        </run-table>
    </sample>
    <sample shape="F_CLEF" interline="16" pitch="-1.4" left="220" top="2347" id="1026">
        <run-table orientation="VERTICAL" width="50" height="58">
            <runs>0 54 4</runs>
            <runs>0 54 3</runs>
            <runs>0 14 2 37 3</runs>
            <runs>0 9 11 33 3</runs>
            <runs>0 6 14 33 3</runs>
            <runs>0 5 16 31 3</runs>
            <runs>0 5 17 30 3</runs>
            <runs>0 4 19 29 2</runs>
            <runs>0 4 20 28 2</runs>
            <runs>0 1 23 28 1</runs>
            <runs>0 6 18 23 1 4 1</runs>
            <runs>0 7 17 22 2</runs>
            <runs>0 7 17 22 2</runs>
            <runs>0 7 17 21 7</runs>
            <runs>0 7 17 20 8</runs>
            <runs>0 7 17 19 9</runs>
            <runs>0 8 15 19 10</runs>
            <runs>0 9 13 18 11</runs>
            <runs>0 10 12 17 12</runs>
            <runs>0 13 7 18 10</runs>
            <runs>0 38 9</runs>
            <runs>0 33 13</runs>
            <runs>0 32 13</runs>
            <runs>0 31 14</runs>
            <runs>0 28 16</runs>
            <runs>0 4 2 19 18</runs>
            <runs>9 15 18</runs>
            <runs>0 1 20 1 19</runs>
            <runs>40</runs>
            <runs>39</runs>
            <runs>0 1 37</runs>
            <runs>0 1 36</runs>
            <runs>0 1 36</runs>
            <runs>0 1 36</runs>
            <runs>0 5 27</runs>
            <runs>0 6 25</runs>
            <runs>0 7 22</runs>
            <runs>0 9 18</runs>
            <runs>0 12 11 4 1</runs>
            <runs>0 15 2 9 5</runs>
            <runs>0 25 7</runs>
            <runs>0 7 6 12 7</runs>
            <runs>0 6 8 10 8</runs>
            <runs>0 6 9 9 9</runs>
            <runs>0 6 9 9 9</runs>
            <runs>0 6 9 9 13</runs>
            <runs>0 6 9 10 7</runs>
            <runs>0 6 8 11 6</runs>
            <runs>0 7 6</runs>
            <runs>0 8 4</runs>
        </run-table>
    </sample>
</samples>
