<?xml version="1.0" encoding="UTF-8" standalone="yes"?>
<samples sheet-name="IMSLP00118#6">
    <sample shape="G_CLEF" interline="18" pitch="-0.1" left="168" top="2123" id="382">
        <run-table orientation="VERTICAL" width="58" height="149">
            <runs>0 82 3 1 4</runs>
            <runs>0 76 22</runs>
            <runs>0 74 24</runs>
            <runs>0 73 27 28 8</runs>
            <runs>0 71 30 25 12</runs>
            <runs>0 69 34 22 16</runs>
            <runs>0 67 37 20 18</runs>
            <runs>0 65 40 18 19</runs>
            <runs>0 64 43 15 22</runs>
            <runs>0 63 45 14 23</runs>
            <runs>0 62 25 2 2 3 15 12 26</runs>
            <runs>0 58 28 9 14 12 26</runs>
            <runs>0 58 24 20 7 12 26</runs>
            <runs>0 58 22 23 7 11 27</runs>
            <runs>0 58 22 25 6 10 27</runs>
            <runs>0 57 23 27 5 9 27</runs>
            <runs>0 56 24 28 8 5 20 2 6</runs>
            <runs>0 55 20 34 3 9 20 2 6</runs>
            <runs>0 55 18 37 2 9 20 2 6</runs>
            <runs>0 54 19 37 2 10 18 4 5</runs>
            <runs>0 53 19 15 18 6 1 10 17 5 5</runs>
            <runs>0 52 19 14 21 17 16 5 5</runs>
            <runs>0 51 19 13 24 17 14 6 5</runs>
            <runs>0 50 19 13 17 6 2 18 12 7 5</runs>
            <runs>0 49 19 13 12 34 8 9 5</runs>
            <runs>0 48 20 9 15 38 2 12 5</runs>
            <runs>0 47 19 11 14 53 5</runs>
            <runs>0 28 2 3 2 12 19 11 13 54 4</runs>
            <runs>0 23 20 1 21 12 12 54 5</runs>
            <runs>0 20 44 12 13 53 6</runs>
            <runs>0 17 48 1 4 6 12 53 6</runs>
            <runs>0 15 56 1 2 1 12 54 5</runs>
            <runs>0 14 22 1 50 53 6</runs>
            <runs>0 12 17 9 53 48 6</runs>
            <runs>0 11 16 11 25 4 34 1 3 31 8</runs>
            <runs>0 10 15 13 24 12 14 7 28 1 5 1 2 1 10</runs>
            <runs>0 8 16 14 23 13 13 15 41</runs>
            <runs>0 7 17 14 23 13 12 24 32</runs>
            <runs>0 6 16 16 19 17 12 27 27</runs>
            <runs>0 4 17 16 19 18 12 27 24</runs>
            <runs>0 3 16 17 20 18 12 40 2</runs>
            <runs>0 3 16 17 19 19 13</runs>
            <runs>0 3 15 18 18 21 12</runs>
            <runs>0 2 15 18 17 23 13</runs>
            <runs>0 1 14 18 18 24 13 23 1</runs>
            <runs>14 18 18 25 14 21 8</runs>
            <runs>13 18 17 28 13 20 9</runs>
            <runs>0 1 12 17 16 30 14 18 9</runs>
            <runs>0 2 11 16 16 32 14 16 11</runs>
            <runs>0 2 13 12 17 33 21 5 15</runs>
            <runs>0 4 13 5 22 34 33</runs>
            <runs>0 6 38 33 33</runs>
            <runs>0 8 36 34 30</runs>
            <runs>0 10 26 42 29</runs>
            <runs>0 12 21 45 28</runs>
            <runs>0 19 11 54 21</runs>
            <runs>0 85 18</runs>
            <runs>0 88 11 1 1</runs>
        </run-table>
    </sample>
    <sample shape="FLAT" interline="18" pitch="-0.8" left="293" top="2425" id="427">
        <run-table orientation="VERTICAL" width="21" height="43">
            <runs>0 1 5 2 3 6 1</runs>
            <runs>33</runs>
            <runs>36</runs>
            <runs>43</runs>
            <runs>43</runs>
            <runs>43</runs>
            <runs>0 3 4 8 2 3 13 4 5</runs>
            <runs>0 22 4 11 4</runs>
            <runs>0 21 4 11 4</runs>
            <runs>0 20 5 10 4</runs>
            <runs>0 20 5 4 9</runs>
            <runs>0 20 18</runs>
            <runs>0 20 17</runs>
            <runs>0 20 16</runs>
            <runs>0 20 15</runs>
            <runs>0 20 15</runs>
            <runs>0 20 14</runs>
            <runs>0 21 13</runs>
            <runs>0 22 10</runs>
            <runs>0 23 9</runs>
            <runs>0 24 8</runs>
        </run-table>
    </sample>
</samples>
