<?xml version="1.0" encoding="UTF-8"?>
<glyph id="1600" interline="20" shape="COMMON_TIME">
    <is-within-system>true</is-within-system>
    <has-ledger>false</has-ledger>
    <stem-number>0</stem-number>
    <step-line>-0.04938271604938271</step-line>
    <moments>
        <k>2.4275</k>
        <k>2.25</k>
        <k>2.05</k>
        <k>0.14880284509792602</k>
        <k>-0.009743623739916323</k>
        <k>0.14274396752743948</k>
        <k>0.017034493126467952</k>
        <k>0.004028228230042144</k>
        <k>0.007400411986214596</k>
        <k>0.0119100580672651</k>
        <k>0.2915468126253655</k>
        <k>4.164628117543886E-4</k>
        <k>2.6725725951252344E-5</k>
        <k>8.510935579607315E-4</k>
        <k>2.5112194413651752E-8</k>
        <k>-1.310022625856452E-5</k>
        <k>1.2587987652227936E-7</k>
        <k>249.34500514933058</k>
        <k>1126.590113285273</k>
    </moments>
    <section id="490" first-pos="230">
        <run start="1126" length="5" level="197"/>
    </section>
    <section id="491" first-pos="231">
        <run start="1122" length="11" level="163"/>
    </section>
    <section id="493" first-pos="232">
        <run start="1119" length="18" level="110"/>
        <run start="1117" length="22" level="68"/>
        <run start="1115" length="26" level="57"/>
        <run start="1114" length="29" level="46"/>
        <run start="1113" length="31" level="38"/>
        <run start="1111" length="34" level="39"/>
        <run start="1110" length="37" level="42"/>
        <run start="1108" length="40" level="51"/>
        <run start="1108" length="41" level="54"/>
        <run start="1108" length="41" level="54"/>
        <run start="1108" length="41" level="54"/>
        <run start="1108" length="41" level="54"/>
        <run start="1108" length="41" level="54"/>
        <run start="1108" length="41" level="91"/>
    </section>
    <section id="500" first-pos="246">
        <run start="1108" length="9" level="124"/>
        <run start="1108" length="6" level="152"/>
        <run start="1108" length="5" level="182"/>
        <run start="1108" length="4" level="207"/>
        <run start="1108" length="3" level="200"/>
        <run start="1108" length="2" level="200"/>
        <run start="1108" length="1" level="200"/>
    </section>
    <section id="501" first-pos="246">
        <run start="1136" length="13" level="99"/>
    </section>
    <section id="504" first-pos="247">
        <run start="1141" length="8" level="117"/>
        <run start="1142" length="7" level="145"/>
        <run start="1144" length="5" level="183"/>
        <run start="1145" length="4" level="200"/>
        <run start="1147" length="2" level="200"/>
    </section>
    <section id="507" first-pos="252">
        <run start="1114" length="6" level="157"/>
        <run start="1113" length="9" level="54"/>
        <run start="1112" length="11" level="30"/>
        <run start="1111" length="13" level="24"/>
        <run start="1110" length="15" level="23"/>
    </section>
    <section id="511" first-pos="257">
        <run start="1109" length="19" level="50"/>
        <run start="1108" length="20" level="60"/>
        <run start="1108" length="19" level="50"/>
        <run start="1108" length="18" level="42"/>
        <run start="1108" length="18" level="39"/>
        <run start="1108" length="18" level="46"/>
        <run start="1108" length="18" level="46"/>
        <run start="1108" length="17" level="41"/>
        <run start="1108" length="16" level="43"/>
        <run start="1108" length="15" level="46"/>
        <run start="1109" length="13" level="47"/>
        <run start="1112" length="9" level="105"/>
    </section>
    <section id="509" first-pos="254">
        <run start="1126" length="1" level="179"/>
        <run start="1126" length="3" level="149"/>
        <run start="1126" length="3" level="149"/>
    </section>
    <section id="510" first-pos="256">
        <run start="1148" length="1" level="200"/>
        <run start="1147" length="2" level="200"/>
        <run start="1146" length="3" level="200"/>
        <run start="1145" length="4" level="200"/>
        <run start="1144" length="5" level="198"/>
        <run start="1143" length="6" level="170"/>
        <run start="1142" length="7" level="145"/>
        <run start="1141" length="8" level="127"/>
        <run start="1141" length="8" level="105"/>
        <run start="1139" length="10" level="119"/>
        <run start="1137" length="10" level="85"/>
        <run start="1134" length="11" level="70"/>
    </section>
    <section id="519" first-pos="268">
        <run start="1128" length="16" level="56"/>
        <run start="1128" length="14" level="40"/>
        <run start="1128" length="12" level="47"/>
        <run start="1128" length="10" level="83"/>
    </section>
    <section id="517" first-pos="267">
        <run start="1128" length="4" level="183"/>
    </section>
    <section id="522" first-pos="272">
        <run start="1128" length="5" level="132"/>
        <run start="1128" length="3" level="208"/>
        <run start="1128" length="3" level="208"/>
    </section>
</glyph>
