<?xml version="1.0" encoding="UTF-8"?>
<stick id="2630" interline="20" shape="DOT">
    <is-within-system>true</is-within-system>
    <has-ledger>false</has-ledger>
    <stem-number>0</stem-number>
    <step-line>1.1358024691358024</step-line>
    <moments>
        <k>0.31</k>
        <k>0.6</k>
        <k>0.75</k>
        <k>0.06759801617938287</k>
        <k>0.006146990701889835</k>
        <k>0.09783785371420874</k>
        <k>-0.001699477740540962</k>
        <k>-0.0017689674646313217</k>
        <k>0.001758763402471928</k>
        <k>0.004528652733390788</k>
        <k>0.1654358698935916</k>
        <k>0.0010655897528891439</k>
        <k>1.4539948312559806E-4</k>
        <k>7.619377572318602E-6</k>
        <k>2.158789000683872E-10</k>
        <k>2.3421899745135122E-7</k>
        <k>-1.3308885885964166E-10</k>
        <k>1589.8548387096773</k>
        <k>776.3064516129032</k>
    </moments>
    <section id="2070" first-pos="1584">
        <run start="774" length="3" level="134"/>
        <run start="773" length="7" level="77"/>
        <run start="772" length="9" level="31"/>
        <run start="771" length="10" level="15"/>
        <run start="770" length="13" level="46"/>
        <run start="770" length="13" level="36"/>
        <run start="770" length="15" level="58"/>
        <run start="770" length="15" level="58"/>
        <run start="771" length="13" level="43"/>
        <run start="771" length="11" level="35"/>
        <run start="772" length="9" level="45"/>
        <run start="774" length="6" level="129"/>
    </section>
</stick>
