<?xml version="1.0" encoding="UTF-8"?>
<stick id="2668" interline="20" shape="DOT">
    <is-within-system>true</is-within-system>
    <has-ledger>false</has-ledger>
    <stem-number>0</stem-number>
    <step-line>-1.1358024691358024</step-line>
    <moments>
        <k>0.3825</k>
        <k>0.7</k>
        <k>0.75</k>
        <k>0.0668476483962232</k>
        <k>0.021512590682819317</k>
        <k>0.11037986897950271</k>
        <k>-2.0542820035745788E-4</k>
        <k>-0.002332392971566871</k>
        <k>-0.00485696968215539</k>
        <k>-0.0016570086519496013</k>
        <k>0.1772275173757259</k>
        <k>0.0037462204604574016</k>
        <k>2.3488445837508649E-4</k>
        <k>4.1543197634586436E-5</k>
        <k>2.9073856991499116E-9</k>
        <k>1.3150590803730938E-6</k>
        <k>2.896130546984075E-9</k>
        <k>2273.143790849673</k>
        <k>752.8823529411765</k>
    </moments>
    <section id="2961" first-pos="2266">
        <run start="746" length="1" level="200"/>
        <run start="746" length="2" level="200"/>
    </section>
    <section id="2964" first-pos="2268">
        <run start="746" length="4" level="170"/>
        <run start="746" length="4" level="170"/>
    </section>
    <section id="2963" first-pos="2267">
        <run start="749" length="1" level="153"/>
    </section>
    <section id="2974" first-pos="2270">
        <run start="746" length="14" level="73"/>
        <run start="746" length="15" level="54"/>
        <run start="746" length="15" level="46"/>
        <run start="746" length="15" level="46"/>
        <run start="746" length="15" level="46"/>
        <run start="746" length="15" level="46"/>
        <run start="747" length="14" level="52"/>
        <run start="749" length="11" level="37"/>
        <run start="750" length="10" level="83"/>
        <run start="752" length="6" level="161"/>
    </section>
    <section id="2970" first-pos="2269">
        <run start="751" length="8" level="104"/>
    </section>
    <section id="2965" first-pos="2268">
        <run start="753" length="3" level="161"/>
    </section>
</stick>
