<?xml version="1.0" encoding="UTF-8"?>
<stick id="851" interline="20" shape="G_CLEF">
    <is-within-system>true</is-within-system>
    <has-ledger>true</has-ledger>
    <stem-number>0</stem-number>
    <step-line>0.6419753086419753</step-line>
    <moments>
        <k>11.22</k>
        <k>3.45</k>
        <k>7.95</k>
        <k>0.05184186897638703</k>
        <k>-0.025434848949124546</k>
        <k>0.3576390834840241</k>
        <k>-0.0014860653936094124</k>
        <k>0.0025119367920057277</k>
        <k>0.016028690362953516</k>
        <k>-0.0310395432484955</k>
        <k>0.40948095246041116</k>
        <k>0.09609966256488894</k>
        <k>0.003945454622692833</k>
        <k>0.0010253122711353477</k>
        <k>1.8049957825902054E-6</k>
        <k>2.2640103485873888E-4</k>
        <k>-9.97345364038674E-7</k>
        <k>119.26893939393939</k>
        <k>221.96635472370767</k>
    </moments>
    <section id="4" first-pos="86">
        <run start="238" length="1" level="200"/>
    </section>
    <section id="5" first-pos="87">
        <run start="227" length="15" level="195"/>
    </section>
    <section id="9" first-pos="88">
        <run start="222" length="23" level="111"/>
    </section>
    <section id="15" first-pos="89">
        <run start="218" length="29" level="72"/>
        <run start="218" length="31" level="61"/>
    </section>
    <section id="8" first-pos="88">
        <run start="220" length="1" level="203"/>
    </section>
    <section id="23" first-pos="91">
        <run start="214" length="37" level="71"/>
    </section>
    <section id="28" first-pos="92">
        <run start="206" length="46" level="52"/>
        <run start="204" length="49" level="49"/>
    </section>
    <section id="14" first-pos="89">
        <run start="209" length="5" level="179"/>
        <run start="208" length="6" level="47"/>
        <run start="207" length="6" level="34"/>
    </section>
    <section id="30" first-pos="94">
        <run start="200" length="54" level="51"/>
        <run start="199" length="57" level="48"/>
    </section>
    <section id="34" first-pos="96">
        <run start="194" length="63" level="56"/>
    </section>
    <section id="37" first-pos="97">
        <run start="194" length="45" level="65"/>
    </section>
    <section id="43" first-pos="98">
        <run start="194" length="37" level="62"/>
        <run start="194" length="34" level="65"/>
        <run start="194" length="32" level="71"/>
    </section>
    <section id="52" first-pos="101">
        <run start="198" length="27" level="61"/>
        <run start="198" length="25" level="63"/>
        <run start="198" length="24" level="66"/>
        <run start="198" length="23" level="67"/>
        <run start="197" length="23" level="70"/>
        <run start="196" length="23" level="70"/>
        <run start="195" length="24" level="77"/>
        <run start="194" length="25" level="79"/>
        <run start="193" length="26" level="84"/>
    </section>
    <section id="76" first-pos="110">
        <run start="193" length="21" level="60"/>
        <run start="192" length="22" level="69"/>
        <run start="191" length="22" level="69"/>
        <run start="191" length="21" level="64"/>
        <run start="190" length="21" level="68"/>
        <run start="189" length="22" level="69"/>
    </section>
    <section id="119" first-pos="116">
        <run start="154" length="56" level="65"/>
    </section>
    <section id="112" first-pos="115">
        <run start="156" length="30" level="88"/>
    </section>
    <section id="101" first-pos="114">
        <run start="158" length="20" level="145"/>
    </section>
    <section id="90" first-pos="113">
        <run start="165" length="2" level="197"/>
    </section>
    <section id="84" first-pos="112">
        <run start="176" length="2" level="200"/>
        <run start="173" length="5" level="203"/>
    </section>
    <section id="124" first-pos="117">
        <run start="148" length="61" level="60"/>
        <run start="147" length="62" level="58"/>
    </section>
    <section id="133" first-pos="119">
        <run start="146" length="68" level="70"/>
        <run start="145" length="70" level="59"/>
        <run start="144" length="73" level="74"/>
    </section>
    <section id="144" first-pos="122">
        <run start="143" length="27" level="80"/>
        <run start="142" length="26" level="86"/>
        <run start="142" length="24" level="88"/>
        <run start="142" length="22" level="96"/>
        <run start="141" length="21" level="100"/>
        <run start="140" length="21" level="100"/>
        <run start="139" length="21" level="100"/>
        <run start="139" length="20" level="100"/>
        <run start="139" length="19" level="98"/>
    </section>
    <section id="191" first-pos="131">
        <run start="138" length="9" level="96"/>
        <run start="138" length="8" level="69"/>
        <run start="138" length="7" level="50"/>
        <run start="138" length="6" level="151"/>
    </section>
    <section id="192" first-pos="131">
        <run start="148" length="10" level="104"/>
        <run start="148" length="9" level="116"/>
        <run start="148" length="8" level="114"/>
        <run start="148" length="8" level="130"/>
        <run start="148" length="7" level="131"/>
        <run start="148" length="8" level="130"/>
        <run start="148" length="10" level="118"/>
        <run start="148" length="14" level="104"/>
    </section>
    <section id="226" first-pos="139">
        <run start="148" length="41" level="69"/>
        <run start="148" length="38" level="59"/>
        <run start="148" length="37" level="75"/>
    </section>
    <section id="162" first-pos="126">
        <run start="178" length="25" level="84"/>
        <run start="178" length="24" level="75"/>
        <run start="178" length="24" level="74"/>
        <run start="177" length="23" level="70"/>
        <run start="175" length="24" level="76"/>
        <run start="174" length="25" level="81"/>
        <run start="174" length="24" level="73"/>
        <run start="174" length="23" level="70"/>
        <run start="172" length="24" level="77"/>
        <run start="171" length="24" level="75"/>
        <run start="169" length="24" level="77"/>
        <run start="166" length="26" level="80"/>
        <run start="164" length="26" level="71"/>
    </section>
    <section id="160" first-pos="125">
        <run start="182" length="60" level="78"/>
    </section>
    <section id="145" first-pos="122">
        <run start="184" length="47" level="45"/>
        <run start="184" length="48" level="48"/>
        <run start="183" length="51" level="53"/>
    </section>
    <section id="91" first-pos="113">
        <run start="223" length="15" level="38"/>
        <run start="223" length="14" level="24"/>
        <run start="222" length="14" level="15"/>
        <run start="221" length="14" level="24"/>
        <run start="220" length="14" level="33"/>
        <run start="219" length="14" level="27"/>
        <run start="219" length="13" level="24"/>
        <run start="218" length="14" level="41"/>
        <run start="218" length="13" level="39"/>
    </section>
    <section id="67" first-pos="106">
        <run start="232" length="15" level="147"/>
        <run start="230" length="19" level="96"/>
        <run start="229" length="21" level="68"/>
        <run start="228" length="24" level="68"/>
        <run start="227" length="26" level="55"/>
        <run start="225" length="28" level="51"/>
        <run start="224" length="30" level="48"/>
    </section>
    <section id="65" first-pos="105">
        <run start="235" length="9" level="187"/>
    </section>
    <section id="55" first-pos="102">
        <run start="238" length="2" level="200"/>
        <run start="238" length="4" level="205"/>
        <run start="238" length="4" level="172"/>
    </section>
    <section id="92" first-pos="113">
        <run start="240" length="15" level="51"/>
    </section>
    <section id="102" first-pos="114">
        <run start="245" length="10" level="37"/>
        <run start="247" length="8" level="43"/>
        <run start="249" length="7" level="42"/>
        <run start="250" length="7" level="44"/>
        <run start="251" length="6" level="51"/>
        <run start="252" length="6" level="77"/>
        <run start="252" length="6" level="74"/>
    </section>
    <section id="138" first-pos="121">
        <run start="252" length="13" level="97"/>
        <run start="252" length="13" level="98"/>
        <run start="252" length="13" level="119"/>
    </section>
    <section id="38" first-pos="97">
        <run start="241" length="17" level="28"/>
        <run start="244" length="14" level="35"/>
        <run start="246" length="13" level="53"/>
        <run start="248" length="12" level="69"/>
        <run start="249" length="11" level="80"/>
        <run start="251" length="9" level="91"/>
        <run start="252" length="8" level="103"/>
        <run start="253" length="7" level="117"/>
        <run start="254" length="6" level="136"/>
        <run start="255" length="5" level="154"/>
        <run start="255" length="5" level="154"/>
        <run start="255" length="8" level="163"/>
        <run start="256" length="7" level="179"/>
        <run start="256" length="7" level="180"/>
        <run start="257" length="7" level="156"/>
        <run start="258" length="6" level="149"/>
        <run start="258" length="6" level="149"/>
        <run start="259" length="5" level="136"/>
        <run start="259" length="6" level="116"/>
        <run start="259" length="6" level="116"/>
        <run start="259" length="6" level="117"/>
        <run start="259" length="6" level="117"/>
        <run start="259" length="6" level="117"/>
        <run start="259" length="6" level="117"/>
    </section>
    <section id="152" first-pos="124">
        <run start="259" length="6" level="118"/>
        <run start="259" length="6" level="118"/>
        <run start="259" length="6" level="118"/>
        <run start="259" length="6" level="118"/>
    </section>
    <section id="174" first-pos="128">
        <run start="215" length="50" level="81"/>
        <run start="217" length="49" level="60"/>
    </section>
    <section id="163" first-pos="126">
        <run start="210" length="34" level="76"/>
        <run start="214" length="38" level="94"/>
    </section>
    <section id="184" first-pos="130">
        <run start="218" length="13" level="40"/>
        <run start="218" length="14" level="51"/>
        <run start="218" length="14" level="37"/>
        <run start="218" length="14" level="37"/>
        <run start="218" length="15" level="48"/>
        <run start="218" length="16" level="45"/>
        <run start="218" length="17" level="42"/>
        <run start="219" length="16" level="21"/>
        <run start="220" length="16" level="20"/>
        <run start="220" length="17" level="19"/>
        <run start="221" length="21" level="60"/>
        <run start="222" length="21" level="60"/>
    </section>
    <section id="238" first-pos="142">
        <run start="222" length="38" level="64"/>
        <run start="223" length="37" level="44"/>
        <run start="224" length="36" level="47"/>
        <run start="226" length="34" level="48"/>
        <run start="226" length="30" level="43"/>
        <run start="228" length="26" level="48"/>
        <run start="230" length="23" level="56"/>
        <run start="231" length="19" level="68"/>
        <run start="233" length="15" level="97"/>
    </section>
    <section id="216" first-pos="136">
        <run start="255" length="8" level="157"/>
        <run start="254" length="6" level="124"/>
        <run start="254" length="6" level="120"/>
        <run start="252" length="8" level="116"/>
        <run start="251" length="9" level="80"/>
        <run start="247" length="13" level="103"/>
    </section>
    <section id="209" first-pos="134">
        <run start="255" length="30" level="46"/>
        <run start="256" length="26" level="68"/>
    </section>
    <section id="203" first-pos="133">
        <run start="252" length="36" level="41"/>
    </section>
    <section id="198" first-pos="132">
        <run start="247" length="42" level="37"/>
    </section>
    <section id="194" first-pos="131">
        <run start="242" length="48" level="33"/>
    </section>
    <section id="185" first-pos="130">
        <run start="233" length="43" level="101"/>
    </section>
    <section id="193" first-pos="131">
        <run start="236" length="3" level="182"/>
        <run start="236" length="3" level="182"/>
        <run start="236" length="3" level="182"/>
        <run start="236" length="3" level="190"/>
        <run start="238" length="1" level="200"/>
    </section>
    <section id="114" first-pos="115">
        <run start="290" length="7" level="37"/>
        <run start="290" length="7" level="37"/>
        <run start="290" length="7" level="37"/>
        <run start="290" length="7" level="37"/>
        <run start="290" length="7" level="39"/>
        <run start="290" length="6" level="43"/>
        <run start="290" length="6" level="42"/>
        <run start="289" length="7" level="37"/>
        <run start="289" length="7" level="38"/>
        <run start="288" length="7" level="37"/>
        <run start="288" length="7" level="38"/>
        <run start="287" length="7" level="36"/>
        <run start="286" length="8" level="33"/>
        <run start="285" length="8" level="33"/>
        <run start="282" length="10" level="27"/>
        <run start="280" length="11" level="24"/>
    </section>
    <section id="46" first-pos="100">
        <run start="275" length="12" level="20"/>
        <run start="274" length="15" level="16"/>
        <run start="273" length="18" level="14"/>
        <run start="272" length="20" level="12"/>
        <run start="271" length="22" level="11"/>
        <run start="270" length="24" level="11"/>
        <run start="270" length="25" level="10"/>
        <run start="269" length="26" level="11"/>
        <run start="269" length="26" level="11"/>
        <run start="269" length="27" level="10"/>
        <run start="268" length="28" level="11"/>
        <run start="269" length="27" level="10"/>
        <run start="269" length="27" level="10"/>
        <run start="269" length="28" level="10"/>
        <run start="269" length="28" level="12"/>
    </section>
    <section id="113" first-pos="115">
        <run start="270" length="19" level="16"/>
        <run start="271" length="18" level="16"/>
        <run start="271" length="17" level="19"/>
        <run start="272" length="15" level="21"/>
        <run start="273" length="13" level="26"/>
        <run start="275" length="10" level="41"/>
    </section>
    <section id="139" first-pos="121">
        <run start="278" length="4" level="83"/>
    </section>
    <section id="217" first-pos="136">
        <run start="275" length="4" level="85"/>
    </section>
    <section id="258" first-pos="151">
        <run start="235" length="8" level="150"/>
    </section>
    <section id="262" first-pos="152">
        <run start="236" length="3" level="177"/>
        <run start="236" length="3" level="186"/>
        <run start="237" length="2" level="200"/>
    </section>
    <section id="149" first-pos="123">
        <run start="238" length="1" level="200"/>
        <run start="238" length="3" level="200"/>
    </section>
    <section id="236" first-pos="142">
        <run start="154" length="23" level="52"/>
    </section>
    <section id="244" first-pos="143">
        <run start="159" length="16" level="87"/>
    </section>
    <section id="248" first-pos="144">
        <run start="166" length="6" level="140"/>
    </section>
    <section id="237" first-pos="142">
        <run start="178" length="4" level="194"/>
    </section>
</stick>
