<?xml version="1.0" encoding="UTF-8"?>
<stick id="2659" interline="20" shape="VOID_NOTEHEAD_2">
    <is-within-system>true</is-within-system>
    <has-ledger>false</has-ledger>
    <stem-number>1</stem-number>
    <step-line>-4.098765432098766</step-line>
    <moments>
        <k>2.06</k>
        <k>1.25</k>
        <k>2.3</k>
        <k>0.056658557844273955</k>
        <k>-0.008453313647873661</k>
        <k>0.21363967023556665</k>
        <k>2.8671778501956126E-4</k>
        <k>-0.0024472250192771744</k>
        <k>-0.0011110752370377395</k>
        <k>0.003316460825087976</k>
        <k>0.2702982280798406</k>
        <k>0.02492890369412498</k>
        <k>1.2669985141397022E-4</k>
        <k>1.4351360948014567E-6</k>
        <k>-7.151173423743721E-12</k>
        <k>3.616071578665863E-8</k>
        <k>-1.7982318434777665E-11</k>
        <k>2060.220873786408</k>
        <k>723.1626213592233</k>
    </moments>
    <section id="2736" first-pos="2049">
        <run start="705" length="13" level="39"/>
        <run start="704" length="13" level="39"/>
        <run start="703" length="13" level="39"/>
        <run start="703" length="12" level="22"/>
        <run start="702" length="13" level="39"/>
        <run start="702" length="12" level="37"/>
        <run start="702" length="11" level="40"/>
        <run start="701" length="11" level="47"/>
        <run start="701" length="10" level="26"/>
        <run start="701" length="10" level="44"/>
        <run start="701" length="9" level="29"/>
        <run start="701" length="8" level="27"/>
        <run start="701" length="7" level="31"/>
        <run start="701" length="7" level="37"/>
        <run start="701" length="7" level="37"/>
        <run start="701" length="6" level="36"/>
        <run start="701" length="6" level="43"/>
        <run start="701" length="5" level="42"/>
        <run start="701" length="5" level="89"/>
        <run start="702" length="4" level="65"/>
    </section>
    <section id="2759" first-pos="2069">
        <run start="702" length="19" level="43"/>
        <run start="702" length="18" level="44"/>
        <run start="703" length="14" level="28"/>
        <run start="704" length="12" level="48"/>
        <run start="705" length="9" level="182"/>
    </section>
    <section id="2754" first-pos="2068">
        <run start="710" length="12" level="36"/>
    </section>
    <section id="2753" first-pos="2067">
        <run start="710" length="33" level="68"/>
    </section>
    <section id="2737" first-pos="2049">
        <run start="719" length="19" level="76"/>
        <run start="720" length="18" level="79"/>
        <run start="720" length="17" level="84"/>
        <run start="720" length="16" level="89"/>
        <run start="719" length="16" level="84"/>
        <run start="719" length="16" level="89"/>
        <run start="718" length="16" level="94"/>
        <run start="718" length="15" level="95"/>
        <run start="717" length="15" level="90"/>
        <run start="717" length="15" level="95"/>
        <run start="716" length="15" level="90"/>
        <run start="715" length="16" level="94"/>
        <run start="715" length="15" level="84"/>
        <run start="714" length="16" level="94"/>
        <run start="713" length="16" level="84"/>
        <run start="713" length="16" level="83"/>
        <run start="712" length="16" level="80"/>
        <run start="711" length="16" level="71"/>
    </section>
    <section id="2738" first-pos="2049">
        <run start="742" length="5" level="141"/>
        <run start="742" length="5" level="141"/>
        <run start="741" length="6" level="134"/>
        <run start="741" length="6" level="117"/>
        <run start="740" length="7" level="115"/>
        <run start="740" length="7" level="100"/>
        <run start="739" length="8" level="100"/>
        <run start="739" length="8" level="88"/>
        <run start="738" length="9" level="89"/>
        <run start="737" length="10" level="80"/>
        <run start="737" length="10" level="70"/>
        <run start="736" length="11" level="73"/>
        <run start="735" length="12" level="67"/>
        <run start="735" length="12" level="58"/>
        <run start="734" length="13" level="61"/>
        <run start="733" length="14" level="57"/>
        <run start="732" length="15" level="60"/>
        <run start="732" length="15" level="68"/>
    </section>
    <section id="2755" first-pos="2068">
        <run start="726" length="16" level="46"/>
        <run start="726" length="15" level="49"/>
        <run start="726" length="14" level="64"/>
        <run start="726" length="12" level="106"/>
    </section>
    <section id="2769" first-pos="2072">
        <run start="729" length="6" level="177"/>
    </section>
</stick>
