<?xml version="1.0" encoding="UTF-8"?>
<stick id="1797" interline="20" shape="VOID_NOTEHEAD_2">
    <is-within-system>true</is-within-system>
    <has-ledger>true</has-ledger>
    <stem-number>1</stem-number>
    <step-line>5.2</step-line>
    <moments>
        <k>2.0975</k>
        <k>1.4</k>
        <k>2.4</k>
        <k>0.05656988417707272</k>
        <k>-0.002889142741748281</k>
        <k>0.21294616542419015</k>
        <k>-0.0023442413058701143</k>
        <k>-8.530424917007497E-4</k>
        <k>0.0030910536042397484</k>
        <k>-0.0031653932798601193</k>
        <k>0.26951604960126285</k>
        <k>0.02448692991980636</k>
        <k>1.3533159021102327E-4</k>
        <k>1.6705554659156132E-5</k>
        <k>4.50721362533012E-10</k>
        <k>2.472602931003167E-6</k>
        <k>6.540499055905078E-10</k>
        <k>1495.642431466031</k>
        <k>269.16090584028603</k>
    </moments>
    <section id="1955" first-pos="1480">
        <run start="258" length="1" level="200"/>
        <run start="257" length="2" level="200"/>
        <run start="256" length="3" level="200"/>
    </section>
    <section id="1968" first-pos="1483">
        <run start="255" length="9" level="211"/>
        <run start="254" length="11" level="113"/>
        <run start="253" length="13" level="96"/>
        <run start="252" length="15" level="83"/>
        <run start="251" length="17" level="80"/>
    </section>
    <section id="1981" first-pos="1488">
        <run start="250" length="12" level="109"/>
        <run start="249" length="12" level="106"/>
        <run start="249" length="10" level="66"/>
        <run start="248" length="10" level="67"/>
        <run start="248" length="10" level="46"/>
        <run start="247" length="10" level="47"/>
        <run start="247" length="10" level="26"/>
        <run start="246" length="10" level="30"/>
        <run start="246" length="10" level="31"/>
        <run start="246" length="9" level="29"/>
        <run start="246" length="9" level="29"/>
        <run start="246" length="9" level="34"/>
        <run start="246" length="8" level="38"/>
        <run start="245" length="8" level="58"/>
        <run start="245" length="8" level="39"/>
        <run start="246" length="7" level="44"/>
        <run start="246" length="6" level="43"/>
        <run start="246" length="6" level="43"/>
        <run start="246" length="6" level="43"/>
        <run start="246" length="6" level="52"/>
    </section>
    <section id="1982" first-pos="1488">
        <run start="264" length="5" level="52"/>
        <run start="264" length="5" level="47"/>
        <run start="264" length="6" level="43"/>
        <run start="264" length="6" level="43"/>
    </section>
    <section id="1983" first-pos="1492">
        <run start="264" length="17" level="89"/>
        <run start="263" length="18" level="71"/>
        <run start="263" length="18" level="59"/>
        <run start="262" length="19" level="67"/>
        <run start="262" length="19" level="56"/>
    </section>
    <section id="1979" first-pos="1487">
        <run start="274" length="11" level="169"/>
        <run start="273" length="8" level="131"/>
        <run start="272" length="9" level="117"/>
        <run start="271" length="10" level="106"/>
        <run start="271" length="10" level="106"/>
    </section>
    <section id="1958" first-pos="1481">
        <run start="280" length="5" level="199"/>
        <run start="280" length="5" level="199"/>
        <run start="280" length="5" level="197"/>
        <run start="280" length="8" level="124"/>
        <run start="280" length="9" level="115"/>
        <run start="275" length="13" level="164"/>
    </section>
    <section id="1980" first-pos="1487">
        <run start="287" length="4" level="62"/>
        <run start="287" length="5" level="52"/>
        <run start="287" length="5" level="52"/>
        <run start="287" length="5" level="50"/>
        <run start="287" length="6" level="43"/>
        <run start="287" length="6" level="43"/>
        <run start="286" length="7" level="37"/>
        <run start="286" length="7" level="37"/>
        <run start="285" length="8" level="33"/>
        <run start="285" length="8" level="32"/>
    </section>
    <section id="1984" first-pos="1497">
        <run start="261" length="32" level="67"/>
        <run start="260" length="33" level="64"/>
        <run start="260" length="33" level="63"/>
        <run start="259" length="34" level="68"/>
        <run start="259" length="33" level="69"/>
    </section>
    <section id="1990" first-pos="1502">
        <run start="258" length="17" level="37"/>
        <run start="258" length="17" level="42"/>
    </section>
    <section id="1998" first-pos="1504">
        <run start="258" length="10" level="62"/>
        <run start="258" length="10" level="66"/>
        <run start="255" length="12" level="106"/>
        <run start="254" length="12" level="109"/>
    </section>
    <section id="1999" first-pos="1504">
        <run start="269" length="5" level="52"/>
        <run start="269" length="5" level="52"/>
        <run start="269" length="5" level="52"/>
        <run start="269" length="5" level="47"/>
    </section>
    <section id="1991" first-pos="1502">
        <run start="280" length="12" level="86"/>
        <run start="280" length="11" level="94"/>
        <run start="280" length="10" level="102"/>
        <run start="280" length="10" level="102"/>
        <run start="280" length="10" level="104"/>
        <run start="280" length="9" level="115"/>
    </section>
</stick>
