<?xml version="1.0" encoding="UTF-8"?>
<stick id="1023" interline="20" shape="VOID_NOTEHEAD_2">
    <is-within-system>true</is-within-system>
    <has-ledger>false</has-ledger>
    <stem-number>1</stem-number>
    <step-line>2.0246913580246915</step-line>
    <moments>
        <k>1.92</k>
        <k>1.35</k>
        <k>2.1</k>
        <k>0.06522252824571398</k>
        <k>-0.009411440955268033</k>
        <k>0.19928761764808925</k>
        <k>7.31769727773517E-4</k>
        <k>0.0037125038835057</k>
        <k>0.003366856499263313</k>
        <k>-0.0053187095895266805</k>
        <k>0.26451014589380323</k>
        <k>0.01832774907988486</k>
        <k>3.5858162663192784E-4</k>
        <k>1.9378633719008513E-5</k>
        <k>-1.6117446897595401E-9</k>
        <k>-1.6584191007997606E-6</k>
        <k>-1.0853672550327179E-10</k>
        <k>668.984375</k>
        <k>524.6588541666666</k>
    </moments>
    <section id="906" first-pos="656">
        <run start="535" length="5" level="190"/>
    </section>
    <section id="910" first-pos="657">
        <run start="532" length="13" level="121"/>
        <run start="530" length="15" level="63"/>
        <run start="528" length="17" level="44"/>
        <run start="527" length="18" level="43"/>
    </section>
    <section id="907" first-pos="656">
        <run start="542" length="3" level="209"/>
    </section>
    <section id="920" first-pos="661">
        <run start="526" length="12" level="39"/>
    </section>
    <section id="922" first-pos="662">
        <run start="506" length="31" level="54"/>
    </section>
    <section id="918" first-pos="659">
        <run start="510" length="15" level="86"/>
        <run start="509" length="16" level="47"/>
        <run start="508" length="17" level="45"/>
    </section>
    <section id="915" first-pos="658">
        <run start="512" length="8" level="171"/>
    </section>
    <section id="928" first-pos="663">
        <run start="505" length="12" level="27"/>
        <run start="504" length="12" level="37"/>
        <run start="504" length="12" level="44"/>
        <run start="503" length="12" level="61"/>
        <run start="503" length="11" level="67"/>
        <run start="503" length="10" level="65"/>
        <run start="503" length="10" level="73"/>
        <run start="503" length="9" level="82"/>
        <run start="503" length="8" level="92"/>
        <run start="503" length="7" level="92"/>
        <run start="503" length="7" level="105"/>
        <run start="503" length="6" level="108"/>
        <run start="503" length="6" level="123"/>
        <run start="503" length="5" level="148"/>
        <run start="503" length="4" level="162"/>
        <run start="503" length="4" level="181"/>
        <run start="503" length="3" level="200"/>
        <run start="503" length="4" level="195"/>
        <run start="503" length="4" level="163"/>
    </section>
    <section id="929" first-pos="663">
        <run start="519" length="17" level="79"/>
        <run start="519" length="16" level="79"/>
        <run start="519" length="16" level="83"/>
        <run start="519" length="15" level="89"/>
        <run start="519" length="14" level="90"/>
        <run start="519" length="14" level="90"/>
        <run start="518" length="14" level="95"/>
        <run start="518" length="13" level="92"/>
        <run start="517" length="14" level="95"/>
        <run start="517" length="13" level="97"/>
        <run start="516" length="13" level="92"/>
        <run start="515" length="14" level="95"/>
        <run start="515" length="13" level="92"/>
        <run start="514" length="14" level="90"/>
        <run start="513" length="14" level="82"/>
        <run start="512" length="14" level="73"/>
        <run start="512" length="13" level="57"/>
        <run start="511" length="14" level="53"/>
        <run start="510" length="15" level="50"/>
    </section>
    <section id="921" first-pos="661">
        <run start="540" length="5" level="92"/>
        <run start="540" length="5" level="125"/>
        <run start="540" length="5" level="125"/>
        <run start="540" length="5" level="113"/>
        <run start="539" length="6" level="104"/>
        <run start="539" length="6" level="104"/>
        <run start="539" length="6" level="94"/>
        <run start="538" length="7" level="89"/>
        <run start="538" length="7" level="81"/>
        <run start="537" length="8" level="78"/>
        <run start="537" length="8" level="71"/>
        <run start="536" length="9" level="63"/>
        <run start="535" length="10" level="62"/>
        <run start="535" length="10" level="56"/>
        <run start="534" length="11" level="51"/>
        <run start="533" length="12" level="47"/>
        <run start="532" length="13" level="48"/>
        <run start="532" length="13" level="43"/>
        <run start="531" length="14" level="45"/>
        <run start="529" length="16" level="66"/>
    </section>
    <section id="946" first-pos="681">
        <run start="542" length="3" level="202"/>
        <run start="542" length="3" level="206"/>
    </section>
</stick>
