<?xml version="1.0" encoding="UTF-8"?>
<stick id="1835" interline="20" shape="VOID_NOTEHEAD_2">
    <is-within-system>true</is-within-system>
    <has-ledger>false</has-ledger>
    <stem-number>1</stem-number>
    <step-line>3.9012345679012346</step-line>
    <moments>
        <k>1.9675</k>
        <k>1.25</k>
        <k>2.4</k>
        <k>0.055673675821600946</k>
        <k>-0.011751339672967168</k>
        <k>0.2345288812945532</k>
        <k>7.625981697509206E-5</k>
        <k>1.259177147502191E-4</k>
        <k>0.004488623820188017</k>
        <k>0.0012307122840583859</k>
        <k>0.29020255711615417</k>
        <k>0.032541560461209776</k>
        <k>1.8000923926031457E-4</k>
        <k>2.2678607574506933E-5</k>
        <k>-1.0064044050170714E-9</k>
        <k>-3.6889382124100106E-6</k>
        <k>1.0424902421884726E-9</k>
        <k>2178.4269377382466</k>
        <k>257.010165184244</k>
    </moments>
    <section id="2870" first-pos="2166">
        <run start="269" length="4" level="227"/>
    </section>
    <section id="2875" first-pos="2167">
        <run start="266" length="11" level="82"/>
        <run start="264" length="14" level="33"/>
        <run start="263" length="16" level="15"/>
        <run start="262" length="18" level="18"/>
    </section>
    <section id="2893" first-pos="2171">
        <run start="261" length="12" level="20"/>
        <run start="261" length="11" level="22"/>
    </section>
    <section id="2902" first-pos="2173">
        <run start="252" length="19" level="55"/>
        <run start="252" length="18" level="58"/>
        <run start="252" length="17" level="60"/>
        <run start="251" length="18" level="70"/>
        <run start="250" length="18" level="70"/>
        <run start="250" length="17" level="60"/>
        <run start="250" length="17" level="62"/>
        <run start="249" length="17" level="74"/>
        <run start="249" length="16" level="64"/>
        <run start="248" length="17" level="74"/>
        <run start="247" length="17" level="72"/>
        <run start="246" length="18" level="70"/>
        <run start="246" length="17" level="62"/>
    </section>
    <section id="2892" first-pos="2171">
        <run start="252" length="8" level="102"/>
        <run start="252" length="8" level="76"/>
    </section>
    <section id="2874" first-pos="2167">
        <run start="244" length="9" level="208"/>
        <run start="242" length="13" level="65"/>
        <run start="241" length="15" level="28"/>
        <run start="240" length="16" level="19"/>
    </section>
    <section id="2891" first-pos="2171">
        <run start="239" length="11" level="41"/>
        <run start="236" length="13" level="81"/>
        <run start="236" length="12" level="71"/>
        <run start="236" length="11" level="78"/>
        <run start="235" length="11" level="91"/>
        <run start="235" length="11" level="78"/>
        <run start="235" length="10" level="86"/>
        <run start="234" length="10" level="100"/>
        <run start="234" length="10" level="86"/>
        <run start="234" length="9" level="90"/>
        <run start="234" length="9" level="96"/>
        <run start="233" length="9" level="117"/>
        <run start="233" length="8" level="101"/>
        <run start="233" length="7" level="86"/>
        <run start="233" length="6" level="77"/>
        <run start="234" length="5" level="81"/>
        <run start="234" length="5" level="81"/>
        <run start="234" length="5" level="81"/>
        <run start="234" length="5" level="81"/>
        <run start="234" length="5" level="81"/>
    </section>
    <section id="2908" first-pos="2186">
        <run start="245" length="11" level="20"/>
        <run start="245" length="11" level="6"/>
        <run start="243" length="12" level="39"/>
        <run start="242" length="12" level="18"/>
        <run start="240" length="14" level="33"/>
    </section>
    <section id="2909" first-pos="2186">
        <run start="259" length="4" level="153"/>
        <run start="259" length="4" level="162"/>
        <run start="259" length="3" level="200"/>
        <run start="259" length="4" level="205"/>
    </section>
    <section id="2894" first-pos="2171">
        <run start="276" length="4" level="2"/>
        <run start="276" length="5" level="1"/>
        <run start="276" length="5" level="1"/>
        <run start="276" length="5" level="1"/>
        <run start="275" length="6" level="1"/>
        <run start="275" length="6" level="1"/>
        <run start="274" length="7" level="34"/>
        <run start="274" length="7" level="1"/>
        <run start="273" length="8" level="29"/>
        <run start="272" length="9" level="26"/>
        <run start="272" length="9" level="2"/>
        <run start="271" length="10" level="24"/>
        <run start="270" length="11" level="23"/>
        <run start="270" length="10" level="2"/>
        <run start="269" length="11" level="21"/>
        <run start="268" length="12" level="22"/>
        <run start="268" length="11" level="4"/>
        <run start="267" length="11" level="21"/>
        <run start="266" length="12" level="21"/>
    </section>
</stick>
