<?xml version="1.0" encoding="UTF-8"?>
<stick id="1190" interline="20" shape="VOID_NOTEHEAD_2">
    <is-within-system>true</is-within-system>
    <has-ledger>false</has-ledger>
    <stem-number>1</stem-number>
    <step-line>-3.111111111111111</step-line>
    <moments>
        <k>2.03</k>
        <k>1.4</k>
        <k>2.3</k>
        <k>0.06421031317349357</k>
        <k>-0.006311591297132821</k>
        <k>0.20965450082524162</k>
        <k>6.067392725025072E-4</k>
        <k>-0.0010441439059786846</k>
        <k>-0.003915853508707482</k>
        <k>0.007441668472641922</k>
        <k>0.2738648139987352</k>
        <k>0.02131335646048507</k>
        <k>2.644403183546857E-4</k>
        <k>5.187855760931408E-5</k>
        <k>5.118438315137326E-9</k>
        <k>4.894607085633112E-6</k>
        <k>-3.2747687728478674E-9</k>
        <k>1494.4802955665025</k>
        <k>732.6243842364532</k>
    </moments>
    <section id="1964" first-pos="1482">
        <run start="716" length="11" level="97"/>
        <run start="715" length="10" level="75"/>
        <run start="714" length="10" level="55"/>
        <run start="713" length="11" level="49"/>
        <run start="713" length="10" level="26"/>
        <run start="712" length="11" level="31"/>
        <run start="712" length="10" level="6"/>
        <run start="712" length="10" level="20"/>
        <run start="711" length="10" level="27"/>
        <run start="711" length="9" level="22"/>
        <run start="711" length="9" level="29"/>
        <run start="711" length="9" level="29"/>
        <run start="711" length="8" level="24"/>
        <run start="711" length="7" level="28"/>
        <run start="711" length="7" level="37"/>
        <run start="711" length="6" level="32"/>
        <run start="711" length="6" level="43"/>
        <run start="711" length="6" level="43"/>
        <run start="711" length="6" level="43"/>
        <run start="711" length="6" level="73"/>
    </section>
    <section id="1994" first-pos="1502">
        <run start="712" length="18" level="83"/>
        <run start="712" length="17" level="73"/>
        <run start="713" length="15" level="78"/>
        <run start="714" length="13" level="89"/>
        <run start="715" length="12" level="132"/>
        <run start="718" length="8" level="169"/>
        <run start="721" length="4" level="160"/>
        <run start="721" length="1" level="182"/>
    </section>
    <section id="1988" first-pos="1500">
        <run start="720" length="12" level="89"/>
        <run start="720" length="11" level="89"/>
    </section>
    <section id="1978" first-pos="1485">
        <run start="730" length="15" level="55"/>
        <run start="729" length="16" level="41"/>
        <run start="729" length="16" level="29"/>
        <run start="728" length="17" level="33"/>
        <run start="728" length="16" level="17"/>
        <run start="727" length="16" level="17"/>
        <run start="726" length="17" level="21"/>
        <run start="726" length="16" level="12"/>
        <run start="725" length="16" level="22"/>
        <run start="725" length="16" level="26"/>
        <run start="724" length="16" level="34"/>
        <run start="724" length="15" level="36"/>
        <run start="724" length="15" level="41"/>
        <run start="722" length="17" level="60"/>
        <run start="721" length="17" level="71"/>
    </section>
    <section id="1965" first-pos="1482">
        <run start="729" length="5" level="84"/>
        <run start="730" length="5" level="71"/>
        <run start="730" length="5" level="52"/>
    </section>
    <section id="1973" first-pos="1483">
        <run start="737" length="11" level="89"/>
        <run start="736" length="9" level="62"/>
    </section>
    <section id="1989" first-pos="1500">
        <run start="733" length="5" level="52"/>
        <run start="733" length="5" level="84"/>
        <run start="734" length="4" level="32"/>
    </section>
    <section id="1997" first-pos="1503">
        <run start="734" length="17" level="69"/>
        <run start="734" length="16" level="71"/>
        <run start="735" length="14" level="81"/>
        <run start="736" length="12" level="94"/>
        <run start="737" length="10" level="174"/>
    </section>
    <section id="1974" first-pos="1483">
        <run start="751" length="6" level="62"/>
        <run start="751" length="6" level="43"/>
        <run start="751" length="6" level="43"/>
        <run start="751" length="6" level="43"/>
        <run start="750" length="7" level="53"/>
        <run start="750" length="7" level="37"/>
        <run start="750" length="7" level="37"/>
        <run start="749" length="8" level="46"/>
        <run start="749" length="8" level="33"/>
        <run start="748" length="9" level="41"/>
        <run start="748" length="9" level="29"/>
        <run start="747" length="9" level="28"/>
        <run start="747" length="9" level="24"/>
        <run start="747" length="9" level="24"/>
        <run start="746" length="10" level="42"/>
        <run start="746" length="9" level="36"/>
        <run start="745" length="9" level="58"/>
        <run start="744" length="10" level="82"/>
        <run start="742" length="11" level="96"/>
        <run start="740" length="12" level="98"/>
    </section>
    <section id="2014" first-pos="1508">
        <run start="744" length="2" level="200"/>
        <run start="744" length="1" level="200"/>
    </section>
</stick>
