<?xml version="1.0" encoding="UTF-8"?>
<glyph id="2676" interline="20" shape="VOID_NOTEHEAD_2">
    <is-within-system>true</is-within-system>
    <has-ledger>false</has-ledger>
    <stem-number>1</stem-number>
    <step-line>-4.098765432098766</step-line>
    <moments>
        <k>1.8975</k>
        <k>1.25</k>
        <k>2.25</k>
        <k>0.0605026678846454</k>
        <k>-0.0032781310930375686</k>
        <k>0.22254224382729446</k>
        <k>3.863129877120541E-4</k>
        <k>-0.0023607825359009296</k>
        <k>-3.6850253282457097E-4</k>
        <k>0.009557684437410454</k>
        <k>0.28304491171193985</k>
        <k>0.02629980874552609</k>
        <k>2.791161951237632E-4</k>
        <k>5.1795714192254694E-5</k>
        <k>6.198602123776443E-9</k>
        <k>8.391171996824079E-6</k>
        <k>6.0214153248851E-10</k>
        <k>2179.749670619236</k>
        <k>723.1238471673254</k>
    </moments>
    <section id="2880" first-pos="2168">
        <run start="706" length="12" level="8"/>
        <run start="705" length="13" level="20"/>
        <run start="705" length="12" level="30"/>
        <run start="704" length="11" level="23"/>
        <run start="703" length="11" level="8"/>
        <run start="703" length="11" level="17"/>
        <run start="703" length="10" level="19"/>
        <run start="702" length="10" level="8"/>
        <run start="702" length="10" level="19"/>
        <run start="702" length="9" level="21"/>
        <run start="702" length="8" level="1"/>
        <run start="702" length="8" level="1"/>
        <run start="702" length="8" level="24"/>
        <run start="702" length="7" level="2"/>
        <run start="702" length="7" level="27"/>
        <run start="702" length="6" level="32"/>
        <run start="702" length="5" level="2"/>
        <run start="702" length="5" level="3"/>
        <run start="702" length="6" level="44"/>
    </section>
    <section id="2910" first-pos="2187">
        <run start="703" length="19" level="18"/>
        <run start="703" length="18" level="21"/>
        <run start="704" length="16" level="12"/>
        <run start="704" length="15" level="36"/>
        <run start="705" length="12" level="61"/>
        <run start="707" length="8" level="179"/>
    </section>
    <section id="2906" first-pos="2185">
        <run start="712" length="11" level="2"/>
        <run start="710" length="13" level="26"/>
    </section>
    <section id="2889" first-pos="2169">
        <run start="721" length="18" level="57"/>
        <run start="721" length="18" level="74"/>
        <run start="720" length="17" level="65"/>
        <run start="720" length="17" level="69"/>
        <run start="719" length="17" level="65"/>
        <run start="719" length="17" level="69"/>
        <run start="719" length="16" level="73"/>
        <run start="718" length="16" level="78"/>
        <run start="717" length="16" level="78"/>
        <run start="717" length="15" level="67"/>
        <run start="716" length="16" level="78"/>
        <run start="715" length="16" level="68"/>
        <run start="715" length="16" level="74"/>
        <run start="714" length="16" level="68"/>
        <run start="713" length="17" level="74"/>
        <run start="712" length="17" level="74"/>
    </section>
    <section id="2907" first-pos="2185">
        <run start="726" length="2" level="200"/>
        <run start="726" length="1" level="200"/>
    </section>
    <section id="2890" first-pos="2169">
        <run start="744" length="3" level="200"/>
        <run start="744" length="3" level="200"/>
        <run start="743" length="4" level="200"/>
        <run start="742" length="5" level="181"/>
        <run start="742" length="5" level="160"/>
        <run start="741" length="6" level="151"/>
        <run start="741" length="6" level="134"/>
        <run start="740" length="7" level="129"/>
        <run start="740" length="7" level="115"/>
        <run start="739" length="8" level="113"/>
        <run start="738" length="9" level="100"/>
        <run start="737" length="10" level="90"/>
        <run start="737" length="10" level="81"/>
        <run start="736" length="11" level="82"/>
        <run start="736" length="11" level="73"/>
        <run start="735" length="11" level="64"/>
        <run start="734" length="11" level="46"/>
        <run start="733" length="11" level="27"/>
        <run start="732" length="12" level="26"/>
        <run start="728" length="15" level="43"/>
        <run start="726" length="16" level="58"/>
        <run start="726" length="14" level="67"/>
        <run start="727" length="11" level="109"/>
    </section>
    <section id="2921" first-pos="2192">
        <run start="730" length="4" level="162"/>
    </section>
</glyph>
