<?xml version="1.0" encoding="UTF-8"?>
<glyph id="1853" interline="20" shape="VOID_NOTEHEAD_2">
    <is-within-system>true</is-within-system>
    <has-ledger>false</has-ledger>
    <stem-number>1</stem-number>
    <step-line>0.1</step-line>
    <moments>
        <k>1.8775</k>
        <k>1.25</k>
        <k>2.05</k>
        <k>0.06328621051849508</k>
        <k>-0.0025800659696538684</k>
        <k>0.18342146228310693</k>
        <k>-2.2842005228469904E-4</k>
        <k>-0.0024297483070450437</k>
        <k>-0.004514786729763715</k>
        <k>0.0017124439917167345</k>
        <k>0.246707672801602</k>
        <k>0.01445910567817774</k>
        <k>2.583446650160995E-4</k>
        <k>2.301253605805869E-5</k>
        <k>-8.910041139912162E-10</k>
        <k>-2.6761043847240153E-6</k>
        <k>1.5344489909490496E-9</k>
        <k>2061.3621837549936</k>
        <k>503.8535286284953</k>
    </moments>
    <section id="2741" first-pos="2050">
        <run start="485" length="12" level="55"/>
        <run start="484" length="12" level="72"/>
        <run start="484" length="11" level="69"/>
        <run start="484" length="11" level="69"/>
        <run start="484" length="11" level="79"/>
        <run start="484" length="10" level="87"/>
        <run start="484" length="9" level="96"/>
        <run start="484" length="8" level="108"/>
        <run start="484" length="7" level="109"/>
        <run start="484" length="7" level="124"/>
        <run start="484" length="6" level="145"/>
        <run start="484" length="5" level="153"/>
        <run start="484" length="5" level="174"/>
        <run start="484" length="4" level="191"/>
        <run start="484" length="4" level="201"/>
        <run start="484" length="3" level="200"/>
        <run start="484" length="2" level="200"/>
        <run start="484" length="1" level="200"/>
    </section>
    <section id="2742" first-pos="2050">
        <run start="500" length="17" level="79"/>
        <run start="500" length="16" level="79"/>
        <run start="500" length="16" level="84"/>
        <run start="500" length="15" level="90"/>
        <run start="499" length="15" level="101"/>
        <run start="499" length="14" level="90"/>
        <run start="498" length="15" level="101"/>
        <run start="497" length="15" level="101"/>
        <run start="497" length="14" level="90"/>
        <run start="496" length="15" level="101"/>
        <run start="495" length="15" level="95"/>
        <run start="494" length="16" level="94"/>
        <run start="494" length="15" level="90"/>
        <run start="493" length="15" level="94"/>
        <run start="492" length="16" level="91"/>
        <run start="491" length="16" level="78"/>
        <run start="491" length="15" level="60"/>
        <run start="490" length="15" level="61"/>
        <run start="489" length="16" level="70"/>
    </section>
    <section id="2758" first-pos="2069">
        <run start="487" length="33" level="64"/>
    </section>
    <section id="2743" first-pos="2050">
        <run start="520" length="5" level="141"/>
        <run start="520" length="5" level="141"/>
        <run start="520" length="5" level="140"/>
        <run start="519" length="6" level="146"/>
        <run start="519" length="6" level="117"/>
        <run start="519" length="6" level="117"/>
        <run start="518" length="7" level="125"/>
        <run start="517" length="8" level="109"/>
        <run start="517" length="8" level="88"/>
        <run start="516" length="9" level="97"/>
        <run start="515" length="10" level="87"/>
        <run start="515" length="10" level="70"/>
        <run start="514" length="11" level="79"/>
        <run start="513" length="12" level="72"/>
        <run start="512" length="13" level="67"/>
        <run start="512" length="13" level="54"/>
        <run start="511" length="14" level="62"/>
        <run start="510" length="15" level="61"/>
        <run start="506" length="19" level="89"/>
    </section>
    <section id="2760" first-pos="2070">
        <run start="486" length="14" level="45"/>
        <run start="484" length="15" level="59"/>
        <run start="484" length="14" level="70"/>
    </section>
    <section id="2773" first-pos="2073">
        <run start="487" length="9" level="104"/>
    </section>
    <section id="2778" first-pos="2074">
        <run start="489" length="2" level="181"/>
    </section>
    <section id="2761" first-pos="2070">
        <run start="501" length="19" level="75"/>
        <run start="501" length="17" level="79"/>
        <run start="501" length="16" level="94"/>
    </section>
    <section id="2774" first-pos="2073">
        <run start="504" length="11" level="129"/>
    </section>
</glyph>
