<?xml version="1.0" encoding="UTF-8"?>
<stick id="1063" interline="20" shape="VOID_NOTEHEAD_2">
    <is-within-system>true</is-within-system>
    <has-ledger>false</has-ledger>
    <stem-number>1</stem-number>
    <step-line>0.9</step-line>
    <moments>
        <k>1.9675</k>
        <k>1.3</k>
        <k>2.3</k>
        <k>0.05973527556387776</k>
        <k>-0.0032674993449444754</k>
        <k>0.2094791915770374</k>
        <k>-7.217886234341683E-4</k>
        <k>6.553337314691366E-4</k>
        <k>0.0037943685026355467</k>
        <k>-0.0010988857519073957</k>
        <k>0.2692144671409152</k>
        <k>0.02246594659083306</k>
        <k>1.5592199392466002E-4</k>
        <k>9.637485508908018E-6</k>
        <k>-3.6741492705338617E-10</k>
        <k>-1.3664216322446547E-6</k>
        <k>-6.766361874313384E-11</k>
        <k>1490.753494282084</k>
        <k>513.3773824650572</k>
    </moments>
    <section id="1951" first-pos="1477">
        <run start="504" length="1" level="200"/>
    </section>
    <section id="1954" first-pos="1478">
        <run start="502" length="6" level="188"/>
        <run start="501" length="9" level="142"/>
        <run start="499" length="12" level="109"/>
        <run start="498" length="14" level="82"/>
        <run start="496" length="17" level="93"/>
    </section>
    <section id="1969" first-pos="1483">
        <run start="495" length="12" level="101"/>
    </section>
    <section id="1975" first-pos="1484">
        <run start="494" length="11" level="74"/>
        <run start="494" length="11" level="60"/>
        <run start="493" length="11" level="56"/>
        <run start="493" length="11" level="42"/>
        <run start="492" length="11" level="38"/>
        <run start="492" length="11" level="31"/>
        <run start="491" length="11" level="46"/>
        <run start="491" length="10" level="26"/>
        <run start="491" length="10" level="26"/>
        <run start="491" length="10" level="36"/>
        <run start="491" length="9" level="40"/>
        <run start="491" length="8" level="33"/>
        <run start="491" length="8" level="45"/>
        <run start="491" length="7" level="37"/>
        <run start="491" length="6" level="22"/>
        <run start="491" length="6" level="43"/>
        <run start="491" length="6" level="60"/>
        <run start="492" length="5" level="52"/>
        <run start="492" length="5" level="52"/>
    </section>
    <section id="1976" first-pos="1484">
        <run start="506" length="1" level="219"/>
    </section>
    <section id="1970" first-pos="1483">
        <run start="509" length="5" level="52"/>
        <run start="509" length="5" level="56"/>
    </section>
    <section id="1977" first-pos="1485">
        <run start="510" length="15" level="67"/>
        <run start="509" length="16" level="52"/>
        <run start="509" length="15" level="31"/>
        <run start="509" length="15" level="31"/>
        <run start="508" length="15" level="29"/>
        <run start="508" length="15" level="18"/>
        <run start="506" length="16" level="31"/>
        <run start="506" length="16" level="35"/>
        <run start="506" length="15" level="31"/>
        <run start="505" length="15" level="28"/>
        <run start="504" length="16" level="44"/>
        <run start="504" length="15" level="41"/>
        <run start="504" length="15" level="41"/>
        <run start="504" length="15" level="47"/>
        <run start="503" length="15" level="55"/>
        <run start="501" length="17" level="75"/>
        <run start="501" length="16" level="77"/>
    </section>
    <section id="1971" first-pos="1483">
        <run start="517" length="11" level="103"/>
        <run start="516" length="11" level="114"/>
    </section>
    <section id="1952" first-pos="1477">
        <run start="524" length="1" level="200"/>
        <run start="522" length="5" level="196"/>
        <run start="521" length="9" level="167"/>
        <run start="520" length="11" level="107"/>
        <run start="518" length="15" level="103"/>
        <run start="517" length="17" level="83"/>
    </section>
    <section id="1972" first-pos="1483">
        <run start="530" length="5" level="52"/>
        <run start="530" length="5" level="41"/>
        <run start="530" length="6" level="43"/>
        <run start="530" length="6" level="43"/>
        <run start="530" length="6" level="43"/>
        <run start="529" length="7" level="63"/>
        <run start="529" length="7" level="30"/>
        <run start="528" length="9" level="49"/>
        <run start="528" length="9" level="37"/>
        <run start="528" length="8" level="33"/>
        <run start="526" length="10" level="67"/>
        <run start="526" length="10" level="43"/>
        <run start="526" length="10" level="22"/>
        <run start="525" length="11" level="44"/>
        <run start="524" length="11" level="56"/>
        <run start="524" length="11" level="62"/>
        <run start="524" length="10" level="62"/>
        <run start="522" length="12" level="85"/>
        <run start="521" length="13" level="98"/>
        <run start="519" length="14" level="106"/>
    </section>
    <section id="1992" first-pos="1502">
        <run start="500" length="11" level="98"/>
    </section>
    <section id="1993" first-pos="1502">
        <run start="513" length="5" level="73"/>
    </section>
</stick>
