<?xml version="1.0" encoding="UTF-8"?>
<glyph id="1852" interline="20" shape="VOID_NOTEHEAD_2">
    <is-within-system>true</is-within-system>
    <has-ledger>false</has-ledger>
    <stem-number>1</stem-number>
    <step-line>0.1</step-line>
    <moments>
        <k>1.86</k>
        <k>1.25</k>
        <k>2.15</k>
        <k>0.06599628793169605</k>
        <k>-0.0053342709805782</k>
        <k>0.1902456883844797</k>
        <k>9.839025104353023E-5</k>
        <k>-0.0026094670751667386</k>
        <k>-0.0029535800099878716</k>
        <k>9.929778644801439E-4</k>
        <k>0.25624197631617573</k>
        <k>0.015551731300453148</k>
        <k>1.580827444412019E-4</k>
        <k>1.0765145927846815E-5</k>
        <k>3.03471499991756E-10</k>
        <k>-7.867050983746976E-7</k>
        <k>3.242252233574755E-10</k>
        <k>2183.4206989247314</k>
        <k>504.0981182795699</k>
    </moments>
    <section id="2898" first-pos="2172">
        <run start="486" length="11" level="28"/>
        <run start="485" length="11" level="46"/>
        <run start="484" length="11" level="64"/>
        <run start="484" length="10" level="71"/>
        <run start="484" length="9" level="67"/>
        <run start="484" length="9" level="79"/>
        <run start="484" length="8" level="89"/>
        <run start="484" length="7" level="87"/>
        <run start="484" length="7" level="102"/>
        <run start="484" length="6" level="101"/>
        <run start="484" length="6" level="119"/>
        <run start="484" length="5" level="122"/>
        <run start="484" length="5" level="143"/>
        <run start="484" length="4" level="153"/>
        <run start="484" length="4" level="178"/>
        <run start="484" length="3" level="200"/>
        <run start="484" length="2" level="200"/>
        <run start="484" length="2" level="200"/>
        <run start="484" length="1" level="200"/>
    </section>
    <section id="2899" first-pos="2172">
        <run start="500" length="18" level="50"/>
        <run start="500" length="17" level="58"/>
        <run start="500" length="15" level="54"/>
        <run start="499" length="16" level="66"/>
        <run start="498" length="16" level="61"/>
        <run start="498" length="16" level="56"/>
        <run start="498" length="15" level="60"/>
        <run start="497" length="15" level="70"/>
        <run start="497" length="14" level="58"/>
        <run start="496" length="15" level="70"/>
        <run start="495" length="15" level="70"/>
        <run start="494" length="15" level="64"/>
        <run start="494" length="15" level="61"/>
        <run start="493" length="15" level="65"/>
        <run start="493" length="15" level="60"/>
        <run start="492" length="15" level="64"/>
        <run start="491" length="15" level="50"/>
        <run start="490" length="15" level="37"/>
        <run start="490" length="15" level="34"/>
    </section>
    <section id="2917" first-pos="2191">
        <run start="488" length="13" level="32"/>
        <run start="487" length="13" level="20"/>
        <run start="486" length="13" level="17"/>
        <run start="485" length="14" level="38"/>
        <run start="484" length="14" level="74"/>
    </section>
    <section id="2925" first-pos="2196">
        <run start="486" length="2" level="159"/>
    </section>
    <section id="2926" first-pos="2196">
        <run start="489" length="6" level="106"/>
    </section>
    <section id="2918" first-pos="2191">
        <run start="502" length="3" level="134"/>
    </section>
    <section id="2920" first-pos="2192">
        <run start="502" length="18" level="55"/>
        <run start="504" length="15" level="53"/>
        <run start="504" length="13" level="54"/>
        <run start="504" length="12" level="117"/>
    </section>
    <section id="2900" first-pos="2172">
        <run start="520" length="7" level="125"/>
        <run start="520" length="5" level="136"/>
        <run start="520" length="5" level="155"/>
        <run start="520" length="5" level="120"/>
        <run start="519" length="6" level="129"/>
        <run start="519" length="6" level="101"/>
        <run start="518" length="7" level="111"/>
        <run start="517" length="8" level="97"/>
        <run start="517" length="8" level="76"/>
        <run start="516" length="9" level="86"/>
        <run start="515" length="10" level="77"/>
        <run start="515" length="10" level="61"/>
        <run start="514" length="11" level="70"/>
        <run start="514" length="11" level="55"/>
        <run start="513" length="12" level="64"/>
        <run start="512" length="13" level="59"/>
        <run start="511" length="14" level="55"/>
        <run start="511" length="14" level="44"/>
        <run start="509" length="16" level="59"/>
        <run start="507" length="18" level="61"/>
    </section>
</glyph>
