<?xml version="1.0" encoding="UTF-8" standalone="yes"?>
<samples sheet-name="IMSLP00693#31">
    <sample shape="G_CLEF" interline="13" pitch="0.3" left="340" top="1368" id="552">
        <run-table orientation="VERTICAL" width="39" height="103">
            <runs>0 59 3</runs>
            <runs>0 53 16</runs>
            <runs>0 49 20</runs>
            <runs>0 47 24</runs>
            <runs>0 46 26</runs>
            <runs>0 45 28</runs>
            <runs>0 44 32</runs>
            <runs>0 39 20 6 12 12 7</runs>
            <runs>0 39 16 15 8 10 10</runs>
            <runs>0 39 16 16 11 5 11</runs>
            <runs>0 38 13 22 9 5 13</runs>
            <runs>0 37 14 23 8 4 15</runs>
            <runs>0 36 13 25 8 4 15</runs>
            <runs>0 36 12 12 9 6 7 4 16</runs>
            <runs>0 10 19 6 12 9 13 7 2 8 16</runs>
            <runs>0 9 23 3 11 10 15 5 2 7 18</runs>
            <runs>0 6 39 8 19 5 1 7 13 1 4</runs>
            <runs>0 5 40 8 10 2 7 14 12 1 4</runs>
            <runs>0 4 13 9 18 9 8 9 3 14 11 1 4</runs>
            <runs>0 2 13 11 20 6 8 11 2 14 10 2 4</runs>
            <runs>0 2 12 12 34 29 8 2 4</runs>
            <runs>0 1 10 15 33 40 4</runs>
            <runs>11 15 17 1 16 39 4</runs>
            <runs>10 13 19 3 16 38 4</runs>
            <runs>10 13 15 12 13 35 4</runs>
            <runs>0 1 11 4 21 13 23 25 4</runs>
            <runs>0 6 27 17 8 5 18 16 4</runs>
            <runs>0 7 25 18 8 6 17 14 5</runs>
            <runs>0 10 21 19 9 6 20 9 6</runs>
            <runs>0 15 14 21 9 14 16 2 8</runs>
            <runs>0 51 9 14 24</runs>
            <runs>0 51 9 14 24</runs>
            <runs>0 52 9 13 4 6 11</runs>
            <runs>0 52 11 8 10</runs>
            <runs>0 53 23</runs>
            <runs>0 53 22</runs>
            <runs>0 55 18</runs>
            <runs>0 57 15</runs>
            <runs>0 58 13</runs>
        </run-table>
    </sample>
    <sample shape="C_CLEF" interline="13" pitch="-1.9" left="343" top="1721" id="556">
        <run-table orientation="VERTICAL" width="39" height="61">
            <runs>0 1 24 24 11</runs>
            <runs>0 1 59</runs>
            <runs>60</runs>
            <runs>60</runs>
            <runs>60</runs>
            <runs>60</runs>
            <runs>60</runs>
            <runs>0 1 59</runs>
            <runs>0 1 6 3 9 1 1 1 3 2 8 1 24</runs>
            <runs>0 50 10</runs>
            <runs>0 22 38</runs>
            <runs>0 22 38</runs>
            <runs>0 22 38</runs>
            <runs>0 24 15 12 9</runs>
            <runs>0 22 19 8 6</runs>
            <runs>0 7 2 8 26 5 12</runs>
            <runs>0 4 8 4 30 1 13</runs>
            <runs>0 3 10 3 26 2 16</runs>
            <runs>0 2 12 4 22 4 16</runs>
            <runs>0 2 12 4 21 5 17</runs>
            <runs>0 2 12 9 4 3 7 7 16</runs>
            <runs>0 1 13 9 3 4 6 8 16</runs>
            <runs>0 1 3 1 9 11 2 3 6 11 13</runs>
            <runs>4 1 8 12 2 3 6 11 8</runs>
            <runs>4 2 6 13 2 3 6 12 2 1 3</runs>
            <runs>4 4 3 14 2 3 5 17 1</runs>
            <runs>4 21 2 3 6</runs>
            <runs>0 1 4 19 3 3 6</runs>
            <runs>0 1 4 17 5 3 6</runs>
            <runs>0 1 7 12 7 3 7 16 7</runs>
            <runs>0 1 26 3 30</runs>
            <runs>0 2 25 3 30</runs>
            <runs>0 2 24 4 30</runs>
            <runs>0 3 22 10 25</runs>
            <runs>0 3 22 10 25</runs>
            <runs>0 5 19 12 19</runs>
            <runs>0 6 16 16 16</runs>
            <runs>0 9 10 20 13</runs>
            <runs>0 10 9 27 3</runs>
        </run-table>
    </sample>
    <sample shape="C_CLEF" interline="13" pitch="0.2" left="344" top="2646" id="622">
        <run-table orientation="VERTICAL" width="39" height="61">
            <runs>0 1 9 31 17</runs>
            <runs>0 1 24 6 3 1 24</runs>
            <runs>0 1 59</runs>
            <runs>0 1 60</runs>
            <runs>0 1 60</runs>
            <runs>0 1 60</runs>
            <runs>61</runs>
            <runs>60</runs>
            <runs>0 1 38 2 19</runs>
            <runs>0 1 9 1 7 31 11</runs>
            <runs>0 1 37 1 21</runs>
            <runs>0 1 59</runs>
            <runs>0 1 59</runs>
            <runs>0 4 2 2 1 15 14</runs>
            <runs>0 22 18 10 8</runs>
            <runs>0 6 4 10 21 9 8</runs>
            <runs>0 1 11 3 31 2 10</runs>
            <runs>0 1 12 2 30 2 11</runs>
            <runs>0 1 12 1 31 2 12</runs>
            <runs>0 1 17 1 20 8 13</runs>
            <runs>0 1 16 5 8 4 3 10 13</runs>
            <runs>0 1 16 7 1 9 3 9 14</runs>
            <runs>0 1 13 20 2 11 14</runs>
            <runs>0 1 13 19 3 12 13</runs>
            <runs>0 1 12 20 3 15 2 1 7</runs>
            <runs>0 6 2 25 2 19 7</runs>
            <runs>0 33 3 18 7</runs>
            <runs>0 33 3 18 7</runs>
            <runs>0 24 1 8 4 17 6</runs>
            <runs>0 1 7 15 7 3 4 16 7</runs>
            <runs>0 1 26 7 25</runs>
            <runs>0 1 26 7 25</runs>
            <runs>0 1 26 7 24</runs>
            <runs>0 1 25 10 22</runs>
            <runs>0 1 24 11 22</runs>
            <runs>0 5 19 13 21</runs>
            <runs>0 6 17 16 19</runs>
            <runs>0 7 15 18 13</runs>
            <runs>0 10 9 22 8</runs>
        </run-table>
    </sample>
    <sample shape="F_CLEF" interline="13" pitch="-1.1" left="343" top="2070" id="598">
        <run-table orientation="VERTICAL" width="42" height="49">
            <runs>0 8 9 29 2</runs>
            <runs>0 7 11 28 3</runs>
            <runs>0 6 13 27 3</runs>
            <runs>0 4 17 24 4</runs>
            <runs>0 4 18 23 4</runs>
            <runs>0 4 4 1 13 22 5</runs>
            <runs>0 4 2 3 13 22 4</runs>
            <runs>0 8 14 22 4</runs>
            <runs>0 8 14 17 9</runs>
            <runs>0 8 14 17 8</runs>
            <runs>0 8 14 17 8</runs>
            <runs>0 8 14 17 7</runs>
            <runs>0 9 12 18 7</runs>
            <runs>0 10 11</runs>
            <runs>0 12 7</runs>
            <runs>0 37 7</runs>
            <runs>0 3 1 32 7</runs>
            <runs>0 3 1 31 8</runs>
            <runs>0 3 1 30 9</runs>
            <runs>0 3 2 27 11</runs>
            <runs>0 3 3 20 17</runs>
            <runs>7 19 17</runs>
            <runs>12 14 17</runs>
            <runs>15 6 16</runs>
            <runs>36</runs>
            <runs>35</runs>
            <runs>35</runs>
            <runs>0 4 30</runs>
            <runs>0 4 27</runs>
            <runs>0 5 26</runs>
            <runs>0 6 24</runs>
            <runs>0 10 14</runs>
            <runs>0 12 8</runs>
            <runs></runs>
            <runs></runs>
            <runs>0 4 6 9 5</runs>
            <runs>0 4 7 7 7</runs>
            <runs>0 4 11 3 7</runs>
            <runs>0 4 11 2 8</runs>
            <runs>0 4 11 2 8</runs>
            <runs>0 4 7 7 7</runs>
            <runs>0 6 4 9 4</runs>
        </run-table>
    </sample>
    <sample shape="FLAT" interline="13" pitch="-0.6" left="383" top="868" id="719">
        <run-table orientation="VERTICAL" width="13" height="39">
            <runs>39</runs>
            <runs>39</runs>
            <runs>0 4 15 1 10 3 5</runs>
            <runs>0 22 3 8 5</runs>
            <runs>0 21 3 8 5</runs>
            <runs>0 21 3 7 5</runs>
            <runs>0 20 3 7 4</runs>
            <runs>0 20 14</runs>
            <runs>0 19 14</runs>
            <runs>0 20 13</runs>
            <runs>0 20 12</runs>
            <runs>0 21 9</runs>
            <runs>0 22 7</runs>
        </run-table>
    </sample>
    <sample shape="SHARP" interline="13" pitch="-4.1" left="378" top="339" id="705">
        <run-table orientation="VERTICAL" width="16" height="44">
            <runs>0 14 7 9 8</runs>
            <runs>0 14 7 8 9</runs>
            <runs>0 14 7 8 9</runs>
            <runs>0 3 35 3 2</runs>
            <runs>0 2 42</runs>
            <runs>0 2 42</runs>
            <runs>0 12 7 8 6</runs>
            <runs>0 11 8 8 6</runs>
            <runs>0 11 7 8 7</runs>
            <runs>0 8 10 8 7</runs>
            <runs>0 1 41</runs>
            <runs>42</runs>
            <runs>42</runs>
            <runs>2 7 8 5 10 8 1</runs>
            <runs>0 9 7 6 9</runs>
            <runs>0 10 6 6 9</runs>
        </run-table>
    </sample>
</samples>
