<?xml version="1.0" encoding="UTF-8" standalone="yes"?>
<samples sheet-name="IMSLP00121#17">
    <sample shape="FLAT" interline="18" pitch="-0.8" left="346" top="1093" id="292">
        <run-table orientation="VERTICAL" width="19" height="52">
            <runs>0 5 18</runs>
            <runs>41</runs>
            <runs>52</runs>
            <runs>0 5 47</runs>
            <runs>0 28 12 6 5</runs>
            <runs>0 29 6 12 3</runs>
            <runs>0 29 4 13 3</runs>
            <runs>0 28 5 12 3</runs>
            <runs>0 28 4 12 4</runs>
            <runs>0 28 4 11 4</runs>
            <runs>0 27 5 10 4</runs>
            <runs>0 27 5 4 10</runs>
            <runs>0 27 7 1 10</runs>
            <runs>0 28 17</runs>
            <runs>0 28 16</runs>
            <runs>0 28 15</runs>
            <runs>0 29 13</runs>
            <runs>0 30 11</runs>
            <runs>0 32 9</runs>
        </run-table>
    </sample>
</samples>
