<?xml version="1.0" encoding="UTF-8" standalone="yes"?>
<samples sheet-name="IMSLP00606#20">
    <sample shape="C_CLEF" interline="14" pitch="0.3" left="302" top="1419" id="1015">
        <run-table orientation="VERTICAL" width="38" height="67">
            <runs>0 12 8 17 27</runs>
            <runs>0 1 65</runs>
            <runs>0 1 65</runs>
            <runs>0 1 65</runs>
            <runs>0 1 64</runs>
            <runs>0 1 63</runs>
            <runs>0 1 63</runs>
            <runs>0 1 64</runs>
            <runs>0 1 65</runs>
            <runs>0 1 64</runs>
            <runs>0 1 46</runs>
            <runs>0 29 11</runs>
            <runs>0 29 12</runs>
            <runs>0 29 13</runs>
            <runs>0 29 18</runs>
            <runs>0 11 9 9 18 8 8</runs>
            <runs>0 8 12 9 19 7 8</runs>
            <runs>0 1 18 10 19 6 10</runs>
            <runs>0 1 19 8 19 7 11</runs>
            <runs>0 1 18 8 9 1 10 7 12</runs>
            <runs>0 1 18 7 9 3 9 8 11</runs>
            <runs>0 1 18 6 9 4 9 9 11</runs>
            <runs>0 1 8 1 9 6 9 4 9 17 3</runs>
            <runs>0 1 7 29 10 17 3</runs>
            <runs>0 1 7 29 10 17 3</runs>
            <runs>0 1 7 28 6 22 2</runs>
            <runs>0 1 7 28 6 16 8</runs>
            <runs>0 1 7 28 5 17 8</runs>
            <runs>9 27 6 16 7</runs>
            <runs>0 6 14 6 8 2 11 11 7</runs>
            <runs>0 7 26 3 12 9 8</runs>
            <runs>0 7 26 4 12 3 12</runs>
            <runs>0 8 25 5 25</runs>
            <runs>0 9 24 6 24</runs>
            <runs>0 11 22 7 22</runs>
            <runs>0 13 14 14 21</runs>
            <runs>0 14 10 18 20</runs>
            <runs>0 43 11</runs>
        </run-table>
    </sample>
    <sample shape="SHARP" interline="14" pitch="-0.9" left="363" top="220" id="1046">
        <run-table orientation="VERTICAL" width="17" height="47">
            <runs>0 15 8 5 9</runs>
            <runs>0 14 10 5 8</runs>
            <runs>0 14 10 5 8</runs>
            <runs>0 13 33</runs>
            <runs>0 9 37</runs>
            <runs>0 8 38</runs>
            <runs>0 13 10 4 9</runs>
            <runs>0 14 8 6 7</runs>
            <runs>0 13 9 5 8</runs>
            <runs>0 13 9 5 9</runs>
            <runs>0 12 34</runs>
            <runs>46</runs>
            <runs>47</runs>
            <runs>0 10 10 5 8</runs>
            <runs>0 11 8 7 3</runs>
            <runs>0 11 8 7 3</runs>
            <runs>0 11 8 7 3</runs>
        </run-table>
    </sample>
    <sample shape="SHARP" interline="14" pitch="-3.8" left="361" top="1277" id="1084">
        <run-table orientation="VERTICAL" width="17" height="39">
            <runs>0 29 8</runs>
            <runs>0 14 8 4 11</runs>
            <runs>0 12 10 4 11</runs>
            <runs>0 12 11 2 13</runs>
            <runs>0 11 28</runs>
            <runs>0 8 30</runs>
            <runs>0 8 29</runs>
            <runs>0 10 22</runs>
            <runs>0 10 7 2 12</runs>
            <runs>0 9 8 2 11</runs>
            <runs>0 9 8 1 19</runs>
            <runs>0 7 30</runs>
            <runs>29</runs>
            <runs>28</runs>
            <runs>0 7 7 4 10</runs>
            <runs>0 7 7 5 8</runs>
            <runs>0 7 6 6 8</runs>
        </run-table>
    </sample>
    <sample shape="SHARP" interline="14" pitch="-4.1" left="378" top="2744" id="1250">
        <run-table orientation="VERTICAL" width="19" height="40">
            <runs>0 27 10</runs>
            <runs>0 14 9 3 11</runs>
            <runs>0 13 10 3 13</runs>
            <runs>0 12 28</runs>
            <runs>0 11 29</runs>
            <runs>0 5 33</runs>
            <runs>0 4 28</runs>
            <runs>0 4 27</runs>
            <runs>0 8 22</runs>
            <runs>0 10 8 1 19</runs>
            <runs>0 9 29</runs>
            <runs>0 8 30</runs>
            <runs>0 3 34</runs>
            <runs>0 1 28</runs>
            <runs>28</runs>
            <runs>0 1 14 4 9</runs>
            <runs>0 7 8 4 8</runs>
            <runs>0 8 6</runs>
            <runs>0 8 5</runs>
        </run-table>
    </sample>
    <sample shape="SHARP" interline="14" pitch="-0.8" left="393" top="2763" id="1271">
        <run-table orientation="VERTICAL" width="15" height="46">
            <runs>0 32 3</runs>
            <runs>0 14 8 10 4</runs>
            <runs>0 14 9 5 8</runs>
            <runs>0 14 9 4 19</runs>
            <runs>0 14 9 2 21</runs>
            <runs>0 13 33</runs>
            <runs>0 7 29</runs>
            <runs>0 6 16 3 10</runs>
            <runs>0 12 9 5 8</runs>
            <runs>0 13 8 5 8</runs>
            <runs>0 12 9 4 10 5 2</runs>
            <runs>0 12 10 1 23</runs>
            <runs>0 10 36</runs>
            <runs>33</runs>
            <runs>19 4 9</runs>
        </run-table>
    </sample>
</samples>
