<?xml version="1.0" encoding="UTF-8" standalone="yes"?>
<samples id="43">
    <sample shape="CLUTTER" interline="20" left="272" top="522" id="330">
        <run-table orientation="VERTICAL" width="20" height="65">
            <runs>2 24 1 5 33</runs>
            <runs>0 13 33</runs>
            <runs>0 11 33</runs>
            <runs>0 10 18 4 11</runs>
            <runs></runs>
            <runs></runs>
            <runs></runs>
            <runs></runs>
            <runs></runs>
            <runs></runs>
            <runs></runs>
            <runs></runs>
            <runs></runs>
            <runs></runs>
            <runs></runs>
            <runs></runs>
            <runs></runs>
            <runs></runs>
            <runs>0 28 4</runs>
            <runs>0 15 19</runs>
        </run-table>
    </sample>
    <sample shape="CLUTTER" interline="20" left="258" top="1320" id="424">
        <run-table orientation="VERTICAL" width="20" height="68">
            <runs>8 20 40</runs>
            <runs>0 15 36 2 14</runs>
            <runs>0 14 17 9 8 17 2</runs>
            <runs>0 15 1 3 9 37 1</runs>
            <runs></runs>
            <runs></runs>
            <runs></runs>
            <runs></runs>
            <runs></runs>
            <runs></runs>
            <runs></runs>
            <runs></runs>
            <runs></runs>
            <runs></runs>
            <runs></runs>
            <runs></runs>
            <runs></runs>
            <runs></runs>
            <runs>0 28 10</runs>
            <runs>0 18 19</runs>
        </run-table>
    </sample>
</samples>
