<?xml version="1.0" encoding="UTF-8" standalone="yes"?>
<samples sheet-name="IMSLP00693#26">
    <sample shape="C_CLEF" interline="14" pitch="0.0" left="337" top="1294" id="763">
        <run-table orientation="VERTICAL" width="41" height="63">
            <runs>0 11 2 10 3 1 1 8 5 3 18</runs>
            <runs>0 10 3 8 1 1 39</runs>
            <runs>0 6 2 2 4 1 47</runs>
            <runs>9 2 51</runs>
            <runs>62</runs>
            <runs>62</runs>
            <runs>62</runs>
            <runs>62</runs>
            <runs>25</runs>
            <runs>0 1 15 5 1</runs>
            <runs>0 44 18</runs>
            <runs>0 24 7 1 30</runs>
            <runs>0 1 61</runs>
            <runs>0 1 34 3 1 2 21</runs>
            <runs>0 1 22</runs>
            <runs>0 1 11 16 7 15 12</runs>
            <runs>0 27 10 12 13</runs>
            <runs>0 8 3 15 14 9 13</runs>
            <runs>0 3 10 10 3 1 20 1 14</runs>
            <runs>0 3 12 8 8 1 15 1 14</runs>
            <runs>0 3 12 2 45</runs>
            <runs>0 2 14 1 9 1 3 1 11 2 18</runs>
            <runs>0 2 14 1 11 3 10 3 19</runs>
            <runs>0 2 10 1 3 6 1 1 4 7 5 4 19</runs>
            <runs>0 1 14 10 3 7 4 11 7</runs>
            <runs>0 1 14 10 4 6 4 11 7</runs>
            <runs>0 1 13 12 3 2 7</runs>
            <runs>0 8 5 13 3 2 7</runs>
            <runs>0 26 4 1 7</runs>
            <runs>0 25 5 2 8 15 7</runs>
            <runs>0 24 5 2 17 4 10</runs>
            <runs>0 2 7 14 6 6 27</runs>
            <runs>0 2 26 7 27</runs>
            <runs>0 2 26 7 27</runs>
            <runs>0 2 20 1 5 7 27</runs>
            <runs>0 3 24 9 26</runs>
            <runs>0 3 23 10 26</runs>
            <runs>0 3 23 12 24</runs>
            <runs>0 8 15 18 14</runs>
            <runs>0 8 1 1 13 20 9</runs>
            <runs>0 11 11</runs>
        </run-table>
    </sample>
    <sample shape="C_CLEF" interline="14" pitch="0.1" left="330" top="2771" id="985">
        <run-table orientation="VERTICAL" width="40" height="60">
            <runs>0 10 1 2 3 22 1</runs>
            <runs>0 2 47 1 9</runs>
            <runs>0 2 57</runs>
            <runs>0 2 58</runs>
            <runs>0 2 58</runs>
            <runs>0 2 58</runs>
            <runs>0 2 58</runs>
            <runs>0 2 57</runs>
            <runs>0 2 57</runs>
            <runs>0 1 12 29 17</runs>
            <runs>0 7 1 15 1 2 1 20 7</runs>
            <runs>0 1 58</runs>
            <runs>0 1 58</runs>
            <runs>0 1 58</runs>
            <runs>0 1 19 6 11 12 10</runs>
            <runs>0 1 8 19 7 18 1</runs>
            <runs>0 10 1 16 9 15 3</runs>
            <runs>0 1 18 8 10 11 11</runs>
            <runs>0 1 14 11 13 8 12</runs>
            <runs>0 1 44 1 13</runs>
            <runs>0 1 44 1 13</runs>
            <runs>0 1 44 1 13</runs>
            <runs>0 1 18 2 19 6 13</runs>
            <runs>0 7 12 4 9 3 3 9 13</runs>
            <runs>0 7 12 5 4 8 2 9 8</runs>
            <runs>0 7 12 6 3 7 3 10 6</runs>
            <runs>0 9 3 14 2 6 4 13 1</runs>
            <runs>0 26 7 1 3</runs>
            <runs>0 25 7 2 4</runs>
            <runs>0 25 8 1 4</runs>
            <runs>8 16 9 1 5</runs>
            <runs>0 1 11 9 7 6 11 1 4 1 8</runs>
            <runs>0 1 27 6 25</runs>
            <runs>0 1 27 7 24</runs>
            <runs>0 1 27 7 24</runs>
            <runs>0 5 23 8 23</runs>
            <runs>0 6 20 10 23</runs>
            <runs>0 7 18 12 17</runs>
            <runs>0 9 14 15 15</runs>
            <runs>0 11 10 20 1 1 7</runs>
        </run-table>
    </sample>
    <sample shape="F_CLEF" interline="14" pitch="-1.3" left="337" top="1502" id="836">
        <run-table orientation="VERTICAL" width="43" height="49">
            <runs>0 12 2</runs>
            <runs>0 8 9</runs>
            <runs>0 6 13 27 3</runs>
            <runs>21 25 3</runs>
            <runs>21 20 8</runs>
            <runs>21 20 7</runs>
            <runs>8 1 12 20 7</runs>
            <runs>7 1 14 19 7</runs>
            <runs>0 8 14 19 7</runs>
            <runs>0 8 14 19 7</runs>
            <runs>0 8 14 19 7</runs>
            <runs>0 8 14 19 6</runs>
            <runs>0 9 12 19 7</runs>
            <runs>0 10 11 19 6</runs>
            <runs>0 10 10 19 7</runs>
            <runs>0 12 7 18 8</runs>
            <runs>0 37 8</runs>
            <runs>0 37 7</runs>
            <runs>0 35 10</runs>
            <runs>0 35 10</runs>
            <runs>0 34 11</runs>
            <runs>0 5 2 22 11</runs>
            <runs>10 16 1 1 11</runs>
            <runs>13 7 19</runs>
            <runs>0 1 37</runs>
            <runs>0 1 37</runs>
            <runs>37</runs>
            <runs>35</runs>
            <runs>35</runs>
            <runs>32</runs>
            <runs>0 6 25</runs>
            <runs>0 7 24</runs>
            <runs>0 8 19</runs>
            <runs>0 12 13</runs>
            <runs>0 7 2 5 9</runs>
            <runs>0 6 5</runs>
            <runs>0 1 11 9 3</runs>
            <runs>12 7 5</runs>
            <runs>12 6 7</runs>
            <runs>12 7 7</runs>
            <runs>0 4 7 8 7</runs>
            <runs>11 8 6</runs>
            <runs>9 10 6</runs>
        </run-table>
    </sample>
    <sample shape="F_CLEF" interline="14" pitch="-1.1" left="329" top="2972" id="1000">
        <run-table orientation="VERTICAL" width="43" height="48">
            <runs>0 9 1</runs>
            <runs>0 9 7</runs>
            <runs>0 4 1 1 14 25 1</runs>
            <runs>0 4 16 24 3</runs>
            <runs>20 24 4</runs>
            <runs>21 23 4</runs>
            <runs>21 18 9</runs>
            <runs>21 18 9</runs>
            <runs>0 4 2 1 14 18 9</runs>
            <runs>0 7 14 18 8</runs>
            <runs>0 7 14 18 8</runs>
            <runs>0 7 14 18 7</runs>
            <runs>0 7 14 18 6</runs>
            <runs>0 8 13 18 6</runs>
            <runs>0 9 12 17 7</runs>
            <runs>0 9 10 19 7</runs>
            <runs>0 37 7</runs>
            <runs>0 35 8</runs>
            <runs>0 35 8</runs>
            <runs>0 35 8</runs>
            <runs>0 3 2 26 12</runs>
            <runs>0 3 2 1 1 19 16</runs>
            <runs>7 19 17</runs>
            <runs>10 16 17</runs>
            <runs>11 5 2 3 17</runs>
            <runs>38</runs>
            <runs>37</runs>
            <runs>35</runs>
            <runs>33</runs>
            <runs>0 5 26</runs>
            <runs>0 6 24</runs>
            <runs>0 7 23</runs>
            <runs>0 10 20</runs>
            <runs>0 11 14</runs>
            <runs>0 13 10</runs>
            <runs>0 4 2 13 2</runs>
            <runs>9</runs>
            <runs>10 8 6</runs>
            <runs>11 6 7</runs>
            <runs>10 7 7</runs>
            <runs>10 7 7</runs>
            <runs>0 4 6 8 6</runs>
            <runs>0 4 5 9 6</runs>
        </run-table>
    </sample>
    <sample shape="FLAT" interline="14" pitch="-3.8" left="391" top="1933" id="1026">
        <run-table orientation="VERTICAL" width="15" height="37">
            <runs>0 14 1</runs>
            <runs>37</runs>
            <runs>37</runs>
            <runs>25</runs>
            <runs>7 5 1</runs>
            <runs>0 29 2</runs>
            <runs>0 28 7</runs>
            <runs>0 26 9</runs>
            <runs>0 25 10</runs>
            <runs>0 17 17</runs>
            <runs>0 17 14</runs>
            <runs>0 17 12</runs>
            <runs>0 17 12</runs>
            <runs>0 17 11</runs>
            <runs>0 17 9</runs>
        </run-table>
    </sample>
</samples>
