<?xml version="1.0" encoding="UTF-8" standalone="yes"?>
<samples sheet-name="IMSLP02234#8">
    <sample shape="G_CLEF" interline="18" pitch="0.6" left="98" top="205" id="339">
        <run-table orientation="VERTICAL" width="52" height="136">
            <runs>0 72 16</runs>
            <runs>0 66 25</runs>
            <runs>0 65 28</runs>
            <runs>0 64 31</runs>
            <runs>0 63 33</runs>
            <runs>0 58 40</runs>
            <runs>0 57 42</runs>
            <runs>0 56 49</runs>
            <runs>0 56 50</runs>
            <runs>0 54 51 13 6</runs>
            <runs>0 46 33 2 24 11 11</runs>
            <runs>0 46 29 2 1 3 7 3 14 10 14</runs>
            <runs>0 46 27 8 7 4 13 8 17</runs>
            <runs>0 47 25 9 7 6 11 7 19</runs>
            <runs>0 47 24 9 8 7 10 7 20</runs>
            <runs>0 46 24 7 12 7 9 6 22</runs>
            <runs>0 46 25 4 15 7 8 6 23</runs>
            <runs>0 45 26 2 19 6 7 6 23</runs>
            <runs>0 27 8 9 50 4 7 6 24</runs>
            <runs>0 19 20 4 52 3 7 6 24</runs>
            <runs>0 16 80 2 8 5 24</runs>
            <runs>0 14 48 2 33 14 24</runs>
            <runs>0 13 48 3 33 14 24</runs>
            <runs>0 11 50 3 33 14 24</runs>
            <runs>0 9 80 1 8 14 24</runs>
            <runs>0 8 80 4 6 14 24</runs>
            <runs>0 7 81 5 5 16 22</runs>
            <runs>0 6 18 5 59 5 5 16 22</runs>
            <runs>0 5 15 10 58 6 3 18 20</runs>
            <runs>0 3 15 12 58 7 1 21 8 4 6</runs>
            <runs>0 2 15 13 24 9 26 31 1 8 6</runs>
            <runs>0 1 15 14 24 10 29 36 6</runs>
            <runs>15 13 25 11 43 21 7</runs>
            <runs>14 13 26 11 43 21 7</runs>
            <runs>12 11 30 11 43 20 8</runs>
            <runs>12 7 34 11 16 2 32 10 11</runs>
            <runs>53 11 16 10 24 10 10</runs>
            <runs>0 1 44 19 16 13 40</runs>
            <runs>0 2 42 20 17 13 38</runs>
            <runs>0 5 36 24 22 8 36</runs>
            <runs>0 7 33 25 23 6 12 4 20</runs>
            <runs>0 9 28 28 23 5 13 8 15</runs>
            <runs>0 12 24 29 40 9 12</runs>
            <runs>0 17 19 29 40</runs>
            <runs>0 21 3 41 40</runs>
            <runs>0 65 40</runs>
            <runs>0 72 26</runs>
            <runs>0 73 25</runs>
            <runs>0 74 23</runs>
            <runs>0 76 19</runs>
            <runs>0 78 14</runs>
            <runs>0 79 10</runs>
        </run-table>
    </sample>
    <sample shape="G_CLEF" interline="18" pitch="0.4" left="98" top="427" id="341">
        <run-table orientation="VERTICAL" width="52" height="138">
            <runs>0 78 13</runs>
            <runs>0 75 16</runs>
            <runs>0 68 24</runs>
            <runs>0 68 26</runs>
            <runs>0 66 30</runs>
            <runs>0 64 35</runs>
            <runs>0 62 38</runs>
            <runs>0 60 41</runs>
            <runs>0 59 43</runs>
            <runs>0 59 49</runs>
            <runs>0 50 59 14 3</runs>
            <runs>0 50 30 1 2 1 24 10 12</runs>
            <runs>0 50 28 4 1 10 15 8 15</runs>
            <runs>0 49 26 19 14 7 18</runs>
            <runs>0 49 25 23 11 6 20</runs>
            <runs>0 49 25 7 9 8 10 6 21</runs>
            <runs>0 48 26 5 11 9 9 6 22</runs>
            <runs>0 48 25 4 16 6 9 5 23</runs>
            <runs>0 46 28 1 19 7 2 10 23</runs>
            <runs>0 45 50 6 2 11 23</runs>
            <runs>0 17 22 5 21 2 29 6 1 11 23</runs>
            <runs>0 16 49 2 30 5 1 11 23</runs>
            <runs>0 13 51 3 30 5 1 11 24</runs>
            <runs>0 12 51 4 31 16 24</runs>
            <runs>0 11 54 2 23 4 4 16 24</runs>
            <runs>0 8 82 5 4 16 23</runs>
            <runs>0 7 76 12 5 15 23</runs>
            <runs>0 6 19 2 2 2 51 14 4 16 22</runs>
            <runs>0 4 20 5 53 14 4 16 22</runs>
            <runs>0 4 19 6 61 6 3 19 13 1 6</runs>
            <runs>0 3 17 9 26 6 29 29 10 3 6</runs>
            <runs>0 3 16 10 26 12 24 41 6</runs>
            <runs>0 2 16 11 26 13 27 6 1 29 6</runs>
            <runs>0 1 14 15 26 12 40 23 6</runs>
            <runs>14 13 29 12 40 22 7</runs>
            <runs>13 10 33 12 14 3 24 20 7</runs>
            <runs>15 7 34 12 14 11 21 13 9</runs>
            <runs>0 1 48 19 14 13 29 1 10</runs>
            <runs>0 1 46 21 15 14 38</runs>
            <runs>0 2 43 23 15 15 36</runs>
            <runs>0 6 37 25 16 14 35</runs>
            <runs>0 7 33 28 23 6 34</runs>
            <runs>0 9 29 30 23 4 13 5 17</runs>
            <runs>0 13 25 29 41 10 9</runs>
            <runs>0 17 20 30 41</runs>
            <runs>0 67 35</runs>
            <runs>0 68 33</runs>
            <runs>0 68 32</runs>
            <runs>0 74 25</runs>
            <runs>0 75 23</runs>
            <runs>0 78 19</runs>
            <runs>0 79 2 1 13</runs>
        </run-table>
    </sample>
    <sample shape="G_CLEF" interline="18" pitch="0.3" left="97" top="713" id="352">
        <run-table orientation="VERTICAL" width="51" height="137">
            <runs>0 75 15</runs>
            <runs>0 68 22</runs>
            <runs>0 68 24</runs>
            <runs>0 67 28</runs>
            <runs>0 65 33</runs>
            <runs>0 63 36</runs>
            <runs>0 61 39</runs>
            <runs>0 59 43</runs>
            <runs>0 58 50</runs>
            <runs>0 56 52 12 8</runs>
            <runs>0 50 29 6 23 10 11</runs>
            <runs>0 49 28 8 8 1 14 8 15</runs>
            <runs>0 49 27 19 13 7 17</runs>
            <runs>0 49 23 24 11 7 18</runs>
            <runs>0 49 23 6 11 8 10 7 20</runs>
            <runs>0 49 23 4 13 9 9 6 21</runs>
            <runs>0 48 25 2 15 9 8 6 22</runs>
            <runs>0 23 13 11 46 7 7 6 22</runs>
            <runs>0 17 19 10 26 1 23 4 8 5 22</runs>
            <runs>0 15 27 3 19 2 30 17 23</runs>
            <runs>0 13 50 3 31 16 23</runs>
            <runs>0 10 52 5 31 15 23</runs>
            <runs>0 9 53 5 31 15 23</runs>
            <runs>0 8 90 15 23</runs>
            <runs>0 7 75 11 5 15 24</runs>
            <runs>0 6 23 2 51 12 4 17 22</runs>
            <runs>0 5 19 8 49 14 3 19 13 2 5</runs>
            <runs>0 4 20 7 51 13 4 20 10 2 5</runs>
            <runs>0 3 14 5 2 8 58 6 2 22 1 1 4 5 5</runs>
            <runs>0 2 14 15 24 1 1 2 31 41 5</runs>
            <runs>0 1 14 15 24 12 24 41 5</runs>
            <runs>14 15 25 13 27 36 6</runs>
            <runs>13 13 28 13 40 22 6</runs>
            <runs>12 12 30 12 42 1 1 17 8</runs>
            <runs>13 7 34 12 15 4 26 15 8</runs>
            <runs>0 1 47 19 14 13 25 5 10</runs>
            <runs>0 1 44 21 15 14 38</runs>
            <runs>0 4 40 23 14 16 35</runs>
            <runs>0 6 36 25 15 16 34</runs>
            <runs>0 7 33 27 16 14 34</runs>
            <runs>0 10 28 29 23 5 12 6 14</runs>
            <runs>0 14 23 30 24 3 13 9 5 1 2</runs>
            <runs>0 17 1 3 3 43 40</runs>
            <runs>0 67 34</runs>
            <runs>0 67 34</runs>
            <runs>0 67 32</runs>
            <runs>0 73 26</runs>
            <runs>0 75 23</runs>
            <runs>0 76 21</runs>
            <runs>0 80 15</runs>
            <runs>0 83 9</runs>
        </run-table>
    </sample>
    <sample shape="G_CLEF" interline="18" pitch="0.3" left="92" top="1200" id="382">
        <run-table orientation="VERTICAL" width="51" height="136">
            <runs>0 80 2</runs>
            <runs>0 72 16</runs>
            <runs>0 65 26</runs>
            <runs>0 65 29</runs>
            <runs>0 64 31</runs>
            <runs>0 64 33</runs>
            <runs>0 62 35</runs>
            <runs>0 60 38</runs>
            <runs>0 59 40</runs>
            <runs>0 57 49</runs>
            <runs>0 56 27 1 22 11 11</runs>
            <runs>0 48 31 13 14 10 13</runs>
            <runs>0 49 28 17 12 9 17</runs>
            <runs>0 49 27 19 11 8 18</runs>
            <runs>0 48 26 22 10 7 20</runs>
            <runs>0 48 23 10 8 8 9 7 21</runs>
            <runs>0 48 23 5 13 9 8 7 22</runs>
            <runs>0 48 23 4 17 21 22</runs>
            <runs>0 47 23 5 18 20 23</runs>
            <runs>0 45 20 8 22 18 23</runs>
            <runs>0 17 18 9 19 9 23 17 23</runs>
            <runs>0 16 22 4 20 9 25 16 23</runs>
            <runs>0 13 48 10 25 17 23</runs>
            <runs>0 11 49 5 24 1 6 17 23</runs>
            <runs>0 9 51 5 17 9 6 16 23</runs>
            <runs>0 8 54 2 17 12 4 16 17 1 5</runs>
            <runs>0 7 73 14 3 18 15 1 5</runs>
            <runs>0 6 19 4 51 15 2 20 10 4 5</runs>
            <runs>0 5 19 5 51 43 2 6 5</runs>
            <runs>0 4 18 7 29 1 23 48 5</runs>
            <runs>0 3 15 11 25 9 26 41 5</runs>
            <runs>0 2 15 12 24 13 23 40 6</runs>
            <runs>16 13 24 13 28 35 6</runs>
            <runs>15 13 25 13 32 31 6</runs>
            <runs>13 13 26 14 14 3 24 20 7</runs>
            <runs>12 10 30 14 14 3 26 17 7</runs>
            <runs>11 9 33 12 15 12 24 7 10</runs>
            <runs>11 5 30 18 16 15 37</runs>
            <runs>0 1 44 19 16 18 33</runs>
            <runs>0 2 41 23 15 17 32</runs>
            <runs>0 3 39 24 16 15 9 3 19</runs>
            <runs>0 5 36 25 22 8 10 10 8</runs>
            <runs>0 7 32 26 23 7 11</runs>
            <runs>0 13 24 28 24 5 12</runs>
            <runs>0 17 19 30 40</runs>
            <runs>0 27 1 38 39</runs>
            <runs>0 72 27</runs>
            <runs>0 74 24</runs>
            <runs>0 75 22</runs>
            <runs>0 77 18</runs>
            <runs>0 78 14</runs>
        </run-table>
    </sample>
    <sample shape="G_CLEF" interline="18" pitch="0.2" left="93" top="1401" id="384">
        <run-table orientation="VERTICAL" width="51" height="138">
            <runs>0 74 1 1 6</runs>
            <runs>0 68 16</runs>
            <runs>0 67 23</runs>
            <runs>0 65 29</runs>
            <runs>0 64 32</runs>
            <runs>0 63 34</runs>
            <runs>0 61 37</runs>
            <runs>0 58 42</runs>
            <runs>0 50 51</runs>
            <runs>0 50 52</runs>
            <runs>0 51 28 3 1 9 16 9 1 3 10</runs>
            <runs>0 51 26 5 1 11 14 8 17</runs>
            <runs>0 51 23 22 12 7 20</runs>
            <runs>0 50 23 24 11 6 22</runs>
            <runs>0 50 23 6 11 8 10 6 22</runs>
            <runs>0 49 24 4 13 9 9 6 23</runs>
            <runs>0 47 20 8 16 9 8 5 24</runs>
            <runs>0 47 19 9 18 7 8 5 25</runs>
            <runs>0 28 1 18 18 4 26 18 25</runs>
            <runs>0 20 18 8 18 5 26 18 24</runs>
            <runs>0 18 44 5 28 17 24</runs>
            <runs>0 13 48 6 28 17 24</runs>
            <runs>0 12 49 6 17 8 4 16 24</runs>
            <runs>0 9 52 4 18 9 4 17 23</runs>
            <runs>0 9 73 12 2 18 22</runs>
            <runs>0 7 23 1 49 14 2 19 14 3 4</runs>
            <runs>0 5 20 8 47 37 10 4 5</runs>
            <runs>0 4 19 10 48 39 4 7 5</runs>
            <runs>0 4 17 12 57 41 5</runs>
            <runs>0 3 16 14 23 5 3 1 25 41 4</runs>
            <runs>0 3 14 16 22 11 24 40 5</runs>
            <runs>0 2 14 16 23 11 30 4 1 28 5</runs>
            <runs>0 1 12 18 24 11 41 20 6</runs>
            <runs>13 14 28 11 15 3 24 18 7</runs>
            <runs>12 13 30 12 13 6 26 13 8</runs>
            <runs>12 9 27 19 13 12 29 3 8</runs>
            <runs>46 21 13 14 37</runs>
            <runs>0 1 44 22 14 17 32</runs>
            <runs>0 3 40 24 15 15 32</runs>
            <runs>0 4 38 25 16 13 12 4 16</runs>
            <runs>0 7 34 26 23 5 13 8 7</runs>
            <runs>0 10 27 30 23 4 14</runs>
            <runs>0 14 24 30 24 1 8</runs>
            <runs>0 18 12 38 32</runs>
            <runs>0 68 32</runs>
            <runs>0 68 31</runs>
            <runs>0 68 29</runs>
            <runs>0 74 22</runs>
            <runs>0 76 18</runs>
            <runs>0 79 12</runs>
            <runs>0 81 9</runs>
        </run-table>
    </sample>
    <sample shape="G_CLEF" interline="18" pitch="0.1" left="92" top="1702" id="398">
        <run-table orientation="VERTICAL" width="51" height="135">
            <runs>0 80 4</runs>
            <runs>0 69 21</runs>
            <runs>0 68 22</runs>
            <runs>0 65 28</runs>
            <runs>0 63 32</runs>
            <runs>0 62 35</runs>
            <runs>0 59 39</runs>
            <runs>0 58 42</runs>
            <runs>0 57 44</runs>
            <runs>0 56 25 5 16</runs>
            <runs>0 50 27 9 22 11 5 1 1</runs>
            <runs>0 50 26 17 15 9 11</runs>
            <runs>0 50 23 21 14 8 14</runs>
            <runs>0 50 23 24 10 8 16</runs>
            <runs>0 50 22 11 3 12 9 7 18</runs>
            <runs>0 49 23 6 13 7 9 7 19</runs>
            <runs>0 48 18 9 18 6 9 6 19</runs>
            <runs>0 46 18 4 27 5 8 5 21</runs>
            <runs>0 18 20 7 19 4 28 17 22</runs>
            <runs>0 16 25 3 19 5 28 17 22</runs>
            <runs>0 12 51 5 29 16 22</runs>
            <runs>0 11 51 6 29 16 22</runs>
            <runs>0 9 52 6 16 1 13 4 1 11 22</runs>
            <runs>0 7 55 5 14 3 13 4 1 10 23</runs>
            <runs>0 6 74 12 5 4 1 10 23</runs>
            <runs>0 6 19 5 49 14 4 4 1 11 22</runs>
            <runs>0 5 18 8 49 13 5 3 1 12 15 2 4</runs>
            <runs>0 4 16 11 49 14 3 4 1 13 13 3 4</runs>
            <runs>0 2 15 14 24 1 25 20 1 15 10 3 5</runs>
            <runs>0 1 14 16 23 10 25 11 2 18 2 8 5</runs>
            <runs>14 16 24 12 23 11 2 28 5</runs>
            <runs>13 16 25 12 23 11 2 28 5</runs>
            <runs>11 13 30 12 41 22 6</runs>
            <runs>10 12 32 12 14 2 25 22 5</runs>
            <runs>11 9 27 19 13 5 23 21 6</runs>
            <runs>45 21 13 12 17 19 6</runs>
            <runs>0 1 43 23 13 14 17 13 8</runs>
            <runs>0 2 40 25 13 15 25 2 9</runs>
            <runs>0 6 35 26 14 15 35</runs>
            <runs>0 7 33 27 15 14 34</runs>
            <runs>0 11 27 29 16 11 34</runs>
            <runs>0 13 24 30 22 5 13 5 15</runs>
            <runs>0 17 19 31 23 1 9 22 2</runs>
            <runs>0 18 7 42 33</runs>
            <runs>0 67 31</runs>
            <runs>0 67 31</runs>
            <runs>0 73 24</runs>
            <runs>0 74 22</runs>
            <runs>0 76 18</runs>
            <runs>0 79 13</runs>
            <runs>0 81 1</runs>
        </run-table>
    </sample>
    <sample shape="G_CLEF" interline="18" pitch="0.4" left="90" top="2198" id="437">
        <run-table orientation="VERTICAL" width="51" height="138">
            <runs>0 79 11</runs>
            <runs>0 68 23</runs>
            <runs>0 68 26</runs>
            <runs>0 67 28</runs>
            <runs>0 65 32</runs>
            <runs>0 64 35</runs>
            <runs>0 62 38</runs>
            <runs>0 61 47</runs>
            <runs>0 59 49</runs>
            <runs>0 58 50 14 6</runs>
            <runs>0 56 25 4 22 12 11</runs>
            <runs>0 50 29 13 15 11 14</runs>
            <runs>0 50 26 20 11 10 16</runs>
            <runs>0 50 23 24 10 9 17</runs>
            <runs>0 50 23 25 9 8 20</runs>
            <runs>0 50 23 9 9 8 8 8 20</runs>
            <runs>0 50 23 6 14 7 1 14 21</runs>
            <runs>0 48 25 3 19 19 22</runs>
            <runs>0 21 16 10 20 8 21 18 23</runs>
            <runs>0 18 20 8 20 8 23 17 23</runs>
            <runs>0 16 48 4 29 17 24</runs>
            <runs>0 13 50 5 31 16 23</runs>
            <runs>0 11 51 6 31 16 23</runs>
            <runs>0 11 51 6 22 3 7 15 23</runs>
            <runs>0 8 56 3 17 10 6 15 23</runs>
            <runs>0 7 76 12 5 17 21</runs>
            <runs>0 5 20 6 52 12 5 17 15 1 5</runs>
            <runs>0 4 16 11 51 1 2 10 4 19 11 3 6</runs>
            <runs>0 3 16 12 59 6 3 20 9 4 5</runs>
            <runs>0 2 16 13 26 7 26 7 2 25 1 7 5</runs>
            <runs>0 1 15 15 24 11 24 42 4</runs>
            <runs>0 1 13 17 23 13 30 34 5</runs>
            <runs>13 16 25 13 32 1 1 29 6</runs>
            <runs>12 14 28 13 40 22 6</runs>
            <runs>13 7 34 13 14 3 25 19 6</runs>
            <runs>0 1 53 13 14 10 22 13 8</runs>
            <runs>0 2 45 20 14 13 28 2 10</runs>
            <runs>0 3 42 22 15 14 38</runs>
            <runs>0 7 37 23 16 15 34</runs>
            <runs>0 8 33 26 16 15 33</runs>
            <runs>0 12 28 27 22 8 10 4 19</runs>
            <runs>0 15 22 30 22 6 12 13 7</runs>
            <runs>0 28 9 30 24 2 14</runs>
            <runs>0 67 40</runs>
            <runs>0 67 40</runs>
            <runs>0 67 34</runs>
            <runs>0 74 26</runs>
            <runs>0 74 24</runs>
            <runs>0 76 21</runs>
            <runs>0 80 15</runs>
            <runs>0 82 11</runs>
        </run-table>
    </sample>
    <sample shape="G_CLEF" interline="18" pitch="0.3" left="88" top="2690" id="469">
        <run-table orientation="VERTICAL" width="51" height="138">
            <runs>0 77 7</runs>
            <runs>0 69 22</runs>
            <runs>0 69 23</runs>
            <runs>0 68 27</runs>
            <runs>0 65 32</runs>
            <runs>0 63 35</runs>
            <runs>0 59 40</runs>
            <runs>0 58 42</runs>
            <runs>0 52 49 20 4</runs>
            <runs>0 52 51 16 10</runs>
            <runs>0 52 28 6 17 15 13</runs>
            <runs>0 51 25 19 14 7 16</runs>
            <runs>0 51 24 22 12 6 17</runs>
            <runs>0 52 22 23 12 5 19</runs>
            <runs>0 52 22 24 11 5 20</runs>
            <runs>0 51 23 6 12 8 9 5 21</runs>
            <runs>0 49 25 4 15 8 8 5 21</runs>
            <runs>0 49 18 9 18 7 8 4 23</runs>
            <runs>0 47 20 2 26 7 2 9 23</runs>
            <runs>0 46 20 3 27 6 2 9 24</runs>
            <runs>0 22 17 7 18 4 29 6 1 10 23</runs>
            <runs>0 18 25 1 19 6 28 6 1 10 23</runs>
            <runs>0 14 48 7 16 2 11 5 1 10 23</runs>
            <runs>0 12 49 8 15 9 5 5 1 11 23</runs>
            <runs>0 11 53 6 13 11 5 4 1 11 23</runs>
            <runs>0 9 73 12 5 4 1 12 22</runs>
            <runs>0 9 19 6 48 15 1 5 1 13 12 4 5</runs>
            <runs>0 7 17 10 48 21 1 15 9 4 5</runs>
            <runs>0 7 15 12 48 40 4 6 5</runs>
            <runs>0 5 16 13 25 5 19 48 6</runs>
            <runs>0 5 14 15 23 10 25 39 6</runs>
            <runs>0 2 14 16 24 11 24 38 7</runs>
            <runs>0 1 14 17 24 11 28 7 1 25 7</runs>
            <runs>0 1 13 16 26 12 13 4 23 20 7</runs>
            <runs>0 1 10 17 21 19 12 6 22 19 7</runs>
            <runs>11 15 22 20 12 14 19 12 8</runs>
            <runs>11 10 1 2 23 21 12 16 22 3 11</runs>
            <runs>45 23 12 16 1 2 33</runs>
            <runs>0 2 42 24 12 18 33</runs>
            <runs>0 4 39 26 13 15 31</runs>
            <runs>0 6 35 28 13 15 6 1 22</runs>
            <runs>0 9 31 29 15 12 5 18 4</runs>
            <runs>0 12 26 31 22 3 7</runs>
            <runs>0 16 22 31 32</runs>
            <runs>0 69 31</runs>
            <runs>0 68 30</runs>
            <runs>0 68 30</runs>
            <runs>0 75 22</runs>
            <runs>0 76 19</runs>
            <runs>0 78 16</runs>
            <runs>0 82 9</runs>
        </run-table>
    </sample>
    <sample shape="F_CLEF" interline="18" pitch="-1.5" left="96" top="948" id="361">
        <run-table orientation="VERTICAL" width="54" height="68">
            <runs>0 62 5</runs>
            <runs>0 62 5</runs>
            <runs>0 61 6</runs>
            <runs>0 16 8 37 7</runs>
            <runs>0 15 12 34 6</runs>
            <runs>0 12 16 27 11</runs>
            <runs>0 12 17 26 10</runs>
            <runs>0 10 20 25 9</runs>
            <runs>0 2 29 24 9</runs>
            <runs>0 3 28 24 8</runs>
            <runs>0 3 28 29 2</runs>
            <runs>0 3 28 29 2</runs>
            <runs>0 3 28 29 1</runs>
            <runs>0 2 29</runs>
            <runs>0 1 11 2 17</runs>
            <runs>0 2 8 4 15 22 2</runs>
            <runs>0 2 7 5 15 22 2</runs>
            <runs>0 1 8 6 13 22 8</runs>
            <runs>0 1 8 7 11 22 10</runs>
            <runs>9 9 8 20 12</runs>
            <runs>0 1 8 37 12</runs>
            <runs>10 34 14</runs>
            <runs>10 26 23</runs>
            <runs>11 25 23</runs>
            <runs>13 23 16</runs>
            <runs>0 1 14 18 18</runs>
            <runs>0 1 49</runs>
            <runs>49</runs>
            <runs>0 1 47</runs>
            <runs>0 2 45</runs>
            <runs>0 2 44</runs>
            <runs>0 2 43</runs>
            <runs>0 8 35</runs>
            <runs>0 8 34</runs>
            <runs>0 8 34</runs>
            <runs>0 9 33</runs>
            <runs>0 10 31</runs>
            <runs>0 11 30</runs>
            <runs>0 13 21</runs>
            <runs>0 15 16</runs>
            <runs></runs>
            <runs></runs>
            <runs>0 11 3</runs>
            <runs>0 8 7 15 1</runs>
            <runs>0 7 9 11 6</runs>
            <runs>0 7 10 8 9</runs>
            <runs>0 7 10 2 15</runs>
            <runs>0 7 10 8 10</runs>
            <runs>0 7 10 7 11</runs>
            <runs>0 8 8 3 16</runs>
            <runs>0 8 8 3 16</runs>
            <runs>0 9 7 9 9</runs>
            <runs>0 9 6 11 7</runs>
            <runs>0 28 3</runs>
        </run-table>
    </sample>
    <sample shape="F_CLEF" interline="18" pitch="-1.5" left="94" top="1942" id="406">
        <run-table orientation="VERTICAL" width="53" height="66">
            <runs>0 62 3</runs>
            <runs>0 61 5</runs>
            <runs>0 61 5</runs>
            <runs>0 14 11 36 5</runs>
            <runs>0 12 14 34 5</runs>
            <runs>0 10 17 32 6</runs>
            <runs>0 10 18 27 9</runs>
            <runs>0 8 21 26 8</runs>
            <runs>0 7 22 26 8</runs>
            <runs>0 7 22 25 8</runs>
            <runs>0 1 28 30 2</runs>
            <runs>0 1 29 29 2</runs>
            <runs>0 1 28 30 1</runs>
            <runs>0 1 9 2 17</runs>
            <runs>0 1 9 3 16</runs>
            <runs>0 1 9 3 15 23 1</runs>
            <runs>0 1 8 5 13 23 8</runs>
            <runs>0 1 8 6 11 22 10</runs>
            <runs>0 1 8 8 8 22 11</runs>
            <runs>0 1 8 37 12</runs>
            <runs>0 1 8 36 13</runs>
            <runs>9 33 10</runs>
            <runs>9 27 15</runs>
            <runs>11 23 17</runs>
            <runs>12 19 20</runs>
            <runs>23 1 25</runs>
            <runs>48</runs>
            <runs>47</runs>
            <runs>46</runs>
            <runs>45</runs>
            <runs>0 1 43</runs>
            <runs>0 1 41</runs>
            <runs>42</runs>
            <runs>41</runs>
            <runs>0 7 34</runs>
            <runs>0 8 32</runs>
            <runs>0 9 31</runs>
            <runs>0 12 28</runs>
            <runs>0 14 18</runs>
            <runs>0 15 15</runs>
            <runs></runs>
            <runs></runs>
            <runs>0 8 5</runs>
            <runs>0 7 7 11 2 1 3</runs>
            <runs>0 6 9 9 8</runs>
            <runs>0 5 10 9 9</runs>
            <runs>0 5 10 9 10</runs>
            <runs>0 5 10 9 10</runs>
            <runs>0 5 10 9 10</runs>
            <runs>0 6 9 9 9</runs>
            <runs>0 7 7 10 9</runs>
            <runs>0 8 5 11 8</runs>
            <runs>0 26 5</runs>
        </run-table>
    </sample>
    <sample shape="F_CLEF" interline="18" pitch="-1.5" left="91" top="2443" id="445">
        <run-table orientation="VERTICAL" width="54" height="67">
            <runs>0 64 2</runs>
            <runs>0 62 5</runs>
            <runs>0 16 2 44 5</runs>
            <runs>0 14 11 36 6</runs>
            <runs>0 12 14 35 6</runs>
            <runs>0 11 17 32 6</runs>
            <runs>0 10 19 31 5</runs>
            <runs>0 9 20 26 10</runs>
            <runs>0 8 21 26 9</runs>
            <runs>0 7 23 25 9</runs>
            <runs>0 7 23 24 8</runs>
            <runs>0 1 29</runs>
            <runs>0 1 10 2 17</runs>
            <runs>0 1 9 3 16</runs>
            <runs>0 1 8 4 16 23 8</runs>
            <runs>9 5 14 23 9</runs>
            <runs>0 1 8 6 13 22 9</runs>
            <runs>0 1 7 8 11 22 10</runs>
            <runs>0 1 7 9 9 22 11</runs>
            <runs>0 1 7 38 13</runs>
            <runs>0 1 8 35 16</runs>
            <runs>0 1 8 28 22</runs>
            <runs>0 1 9 26 24</runs>
            <runs>0 1 10 25 17</runs>
            <runs>0 1 11 23 18</runs>
            <runs>0 1 14 14 1 2 20</runs>
            <runs>51</runs>
            <runs>48</runs>
            <runs>47</runs>
            <runs>47</runs>
            <runs>46</runs>
            <runs>45</runs>
            <runs>0 1 43</runs>
            <runs>0 7 35</runs>
            <runs>0 7 34</runs>
            <runs>0 8 33</runs>
            <runs>0 9 32</runs>
            <runs>0 12 28</runs>
            <runs>0 13 21</runs>
            <runs>0 17 14</runs>
            <runs></runs>
            <runs></runs>
            <runs>0 9 4</runs>
            <runs>0 7 7 12 1 2 1</runs>
            <runs>0 6 9 9 8</runs>
            <runs>0 6 9 9 9</runs>
            <runs>0 1 14 8 11</runs>
            <runs>0 1 14 3 16</runs>
            <runs>15 3 16</runs>
            <runs>0 7 7 4 16</runs>
            <runs>0 7 7 4 16</runs>
            <runs>0 8 5 12 8</runs>
            <runs>0 26 7</runs>
            <runs>0 29 1</runs>
        </run-table>
    </sample>
    <sample shape="F_CLEF" interline="18" pitch="-1.9" left="86" top="2935" id="471">
        <run-table orientation="VERTICAL" width="58" height="63">
            <runs>0 14 13</runs>
            <runs>0 10 18</runs>
            <runs>0 10 20</runs>
            <runs>0 10 20</runs>
            <runs>0 10 21</runs>
            <runs>0 4 28</runs>
            <runs>0 4 28</runs>
            <runs>0 4 28</runs>
            <runs>0 4 28</runs>
            <runs>0 4 28</runs>
            <runs>0 4 27 24 8</runs>
            <runs>0 4 27 23 9</runs>
            <runs>0 12 19 23 8</runs>
            <runs>0 13 17 22 10</runs>
            <runs>0 13 17 21 11</runs>
            <runs>0 14 15 20 13</runs>
            <runs>0 13 15 19 15</runs>
            <runs>0 16 11 19 16</runs>
            <runs>0 16 11 13 22</runs>
            <runs>0 3 8 5 11 12 17</runs>
            <runs>0 3 10 2 12 12 16</runs>
            <runs>0 3 24 8 19</runs>
            <runs>0 3 25 1 24</runs>
            <runs>0 3 49</runs>
            <runs>0 3 48</runs>
            <runs>0 3 47</runs>
            <runs>0 3 46</runs>
            <runs>0 3 46</runs>
            <runs>0 3 46</runs>
            <runs>0 3 45</runs>
            <runs>0 3 43</runs>
            <runs>0 3 43</runs>
            <runs>0 2 43</runs>
            <runs>0 3 42</runs>
            <runs>0 2 42</runs>
            <runs>0 2 42</runs>
            <runs>0 2 42</runs>
            <runs>0 3 27 3 10</runs>
            <runs>0 3 26 3 11</runs>
            <runs>0 3 40</runs>
            <runs>0 3 40</runs>
            <runs>0 3 40</runs>
            <runs>0 3 34</runs>
            <runs>0 3 33</runs>
            <runs>0 3 33</runs>
            <runs>0 3 33</runs>
            <runs>0 2 34</runs>
            <runs>0 2 34</runs>
            <runs>0 1 19 1 14</runs>
            <runs>0 1 14 2 2 2 14</runs>
            <runs>0 1 13 6 13</runs>
            <runs>0 1 11 16 4</runs>
            <runs>0 1 10 17 4</runs>
            <runs>0 1 8 18 3</runs>
            <runs>9 18 3</runs>
            <runs>8 20 1</runs>
            <runs>8</runs>
            <runs>0 1 2</runs>
        </run-table>
    </sample>
    <sample shape="SHARP" interline="18" pitch="-3.8" left="156" top="1713" id="427">
        <run-table orientation="VERTICAL" width="21" height="45">
            <runs>0 32 11</runs>
            <runs>0 31 12</runs>
            <runs>0 13 6 11 13</runs>
            <runs>0 12 8 9 16</runs>
            <runs>0 11 34</runs>
            <runs>0 11 34</runs>
            <runs>0 8 36</runs>
            <runs>0 1 3 1 38</runs>
            <runs>0 1 42</runs>
            <runs>0 2 2 1 2 3 16 3 14</runs>
            <runs>0 10 16 3 14</runs>
            <runs>0 10 10 9 15</runs>
            <runs>0 10 10 8 17</runs>
            <runs>0 10 9 2 24</runs>
            <runs>0 9 36</runs>
            <runs>0 8 37</runs>
            <runs>1 1 34</runs>
            <runs>36</runs>
            <runs>36</runs>
            <runs>0 5 1 1 28</runs>
            <runs>0 7 12 9 4</runs>
        </run-table>
    </sample>
    <sample shape="SHARP" interline="18" pitch="-0.9" left="177" top="1740" id="429">
        <run-table orientation="VERTICAL" width="22" height="45">
            <runs>0 28 10</runs>
            <runs>0 28 11</runs>
            <runs>0 11 8 9 13 1 1</runs>
            <runs>0 10 14 2 19</runs>
            <runs>0 10 35</runs>
            <runs>0 10 35</runs>
            <runs>0 2 43</runs>
            <runs>38</runs>
            <runs>37</runs>
            <runs>2 3 2 2 9 9 10</runs>
            <runs>0 8 10 9 10</runs>
            <runs>0 8 10 9 10</runs>
            <runs>0 8 10 8 19</runs>
            <runs>0 7 38</runs>
            <runs>0 6 39</runs>
            <runs>0 3 42</runs>
            <runs>37 1 7</runs>
            <runs>35</runs>
            <runs>35</runs>
            <runs>0 6 12 7 10</runs>
            <runs>0 6 11 8 9</runs>
            <runs>0 6 11 10 2</runs>
        </run-table>
    </sample>
    <sample shape="SHARP" interline="18" pitch="-2.0" left="156" top="1934" id="422">
        <run-table orientation="VERTICAL" width="22" height="55">
            <runs>0 38 9</runs>
            <runs>0 19 4 14 10</runs>
            <runs>0 18 7 11 12</runs>
            <runs>0 17 13 5 13 2 4</runs>
            <runs>0 17 38</runs>
            <runs>0 16 39</runs>
            <runs>0 6 42 3 2</runs>
            <runs>0 6 42</runs>
            <runs>0 6 26 2 14</runs>
            <runs>0 6 3 6 9 10 9</runs>
            <runs>2 13 9 10 9</runs>
            <runs>0 1 1 12 10 10 9</runs>
            <runs>0 1 1 7 15 9 10</runs>
            <runs>0 9 16 8 18</runs>
            <runs>0 9 43</runs>
            <runs>0 5 2 1 40</runs>
            <runs>0 3 38</runs>
            <runs>0 3 38</runs>
            <runs>0 5 2 1 32</runs>
            <runs>0 8 15 8 9</runs>
            <runs>0 9 13 11 3 1 2</runs>
            <runs>0 9 12</runs>
        </run-table>
    </sample>
    <sample shape="SHARP" interline="18" pitch="1.3" left="177" top="1960" id="423">
        <run-table orientation="VERTICAL" width="22" height="57">
            <runs>0 36 8</runs>
            <runs>0 36 9</runs>
            <runs>0 22 2 12 10</runs>
            <runs>0 22 3 10 22</runs>
            <runs>0 17 8 2 30</runs>
            <runs>0 17 40</runs>
            <runs>0 7 2 1 36 4 3</runs>
            <runs>0 7 2 1 34</runs>
            <runs>0 12 1 3 10 7 11</runs>
            <runs>0 16 9 10 8</runs>
            <runs>0 16 8 11 8</runs>
            <runs>0 15 8 11 10</runs>
            <runs>0 15 8 9 13 5 3</runs>
            <runs>0 15 8 8 22</runs>
            <runs>0 15 42</runs>
            <runs>0 7 2 2 46</runs>
            <runs>43 7 1</runs>
            <runs>0 1 41</runs>
            <runs>0 7 2 4 10 4 4 1 10</runs>
            <runs>0 13 10 10 8</runs>
            <runs>0 14 8</runs>
            <runs>0 15 3</runs>
        </run-table>
    </sample>
    <sample shape="SHARP" interline="18" pitch="1.3" left="177" top="1960" id="419">
        <run-table orientation="VERTICAL" width="22" height="57">
            <runs>0 36 8</runs>
            <runs>0 36 9</runs>
            <runs>0 22 2 12 10</runs>
            <runs>0 22 3 10 22</runs>
            <runs>0 17 8 2 30</runs>
            <runs>0 17 40</runs>
            <runs>0 10 36 4 3</runs>
            <runs>0 10 34</runs>
            <runs>0 12 1 3 10 7 11</runs>
            <runs>0 16 9 10 8</runs>
            <runs>0 16 8 11 8</runs>
            <runs>0 15 8 11 10</runs>
            <runs>0 15 8 9 13 5 3</runs>
            <runs>0 15 8 8 22</runs>
            <runs>0 15 42</runs>
            <runs>0 7 2 2 46</runs>
            <runs>43 7 1</runs>
            <runs>0 1 41</runs>
            <runs>0 7 2 4 10 4 4 1 10</runs>
            <runs>0 13 10 10 8</runs>
            <runs>0 14 8</runs>
            <runs>0 15 3</runs>
        </run-table>
    </sample>
</samples>
