<?xml version="1.0" encoding="UTF-8" standalone="yes"?>
<samples sheet-name="IMSLP00119#6">
    <sample shape="F_CLEF" interline="19" pitch="-1.6" left="236" top="2661" id="326">
        <run-table orientation="VERTICAL" width="54" height="62">
            <runs>0 14 11</runs>
            <runs>0 12 14</runs>
            <runs>0 11 16</runs>
            <runs>0 10 18</runs>
            <runs>0 9 20</runs>
            <runs>0 8 22</runs>
            <runs>0 7 24</runs>
            <runs>0 6 7 1 17</runs>
            <runs>0 1 10 3 17 24 1</runs>
            <runs>0 1 9 4 17 24 7</runs>
            <runs>0 1 9 4 18 23 7</runs>
            <runs>0 1 8 5 18 22 8</runs>
            <runs>0 1 8 4 19 21 9</runs>
            <runs>0 1 7 6 18 21 9</runs>
            <runs>0 1 7 6 17 21 10</runs>
            <runs>7 7 17 21 10</runs>
            <runs>7 8 15 20 11</runs>
            <runs>7 9 13 21 10</runs>
            <runs>7 10 11 21 11</runs>
            <runs>7 16 2 1 1 21 8</runs>
            <runs>7 40 9</runs>
            <runs>7 39 10</runs>
            <runs>0 1 7 37 10</runs>
            <runs>8 35 12</runs>
            <runs>9 30 15</runs>
            <runs>10 29 14</runs>
            <runs>0 1 9 29 14</runs>
            <runs>12 26 14</runs>
            <runs>14 22 15</runs>
            <runs>16 18 16</runs>
            <runs>25 5 20</runs>
            <runs>49</runs>
            <runs>48</runs>
            <runs>0 6 41</runs>
            <runs>0 7 39</runs>
            <runs>0 8 37</runs>
            <runs>0 9 34</runs>
            <runs>0 10 32</runs>
            <runs>0 12 30</runs>
            <runs>0 13 29</runs>
            <runs>0 15 22</runs>
            <runs>0 16 19</runs>
            <runs>0 25 8</runs>
            <runs>0 14 3</runs>
            <runs>0 13 6 13 4</runs>
            <runs>0 11 8 11 7</runs>
            <runs>0 10 13 6 13</runs>
            <runs>0 10 13 6 13</runs>
            <runs>0 10 13 5 14</runs>
            <runs>0 10 13 6 13</runs>
            <runs>0 10 12 7 13</runs>
            <runs>0 10 9 10 13</runs>
            <runs>0 11 7 12 7</runs>
            <runs>0 12 4 15 5</runs>
        </run-table>
    </sample>
    <sample shape="FLAT" interline="19" pitch="1.3" left="316" top="2005" id="306">
        <run-table orientation="VERTICAL" width="19" height="50">
            <runs>49</runs>
            <runs>50</runs>
            <runs>50</runs>
            <runs>49</runs>
            <runs>0 1 19 5 13 6 4</runs>
            <runs>0 26 6 11 4</runs>
            <runs>0 26 5 11 5</runs>
            <runs>0 25 5 12 4</runs>
            <runs>0 25 5 10 5</runs>
            <runs>0 25 5 4 11</runs>
            <runs>0 25 6 2 11</runs>
            <runs>0 25 18</runs>
            <runs>0 25 18</runs>
            <runs>0 25 17</runs>
            <runs>0 25 17</runs>
            <runs>0 26 15</runs>
            <runs>0 26 14</runs>
            <runs>0 27 12</runs>
            <runs>0 29 9</runs>
        </run-table>
    </sample>
</samples>
