<?xml version="1.0" encoding="UTF-8" standalone="yes"?>
<samples sheet-name="IMSLP00009#7">
    <sample shape="SHARP" interline="22" pitch="-4.5" left="330" top="244" id="472">
        <run-table orientation="VERTICAL" width="22" height="66">
            <runs>0 28 3 15 7</runs>
            <runs>0 24 7 14 7</runs>
            <runs>0 24 7 14 7</runs>
            <runs>0 22 9 13 8</runs>
            <runs>0 17 20 4 25</runs>
            <runs>0 5 3 6 37</runs>
            <runs>0 5 25 12 9</runs>
            <runs>0 5 24 13 8</runs>
            <runs>0 6 10 4 9 13 8</runs>
            <runs>0 20 8 14 7</runs>
            <runs>0 19 8 14 8</runs>
            <runs>0 19 8 14 7</runs>
            <runs>0 19 8 13 8</runs>
            <runs>0 18 8 13 9</runs>
            <runs>0 18 8 13 8</runs>
            <runs>0 17 9 6 27</runs>
            <runs>5 1 22 1 21 3 3</runs>
            <runs>29 5 12</runs>
            <runs>0 2 24 9 10</runs>
            <runs>0 15 9 11 10</runs>
            <runs>0 15 9 10 10</runs>
            <runs>0 14 9 11 9</runs>
        </run-table>
    </sample>
    <sample shape="TIME_THREE" interline="22" pitch="-2.1" left="380" top="280" id="486">
        <run-table orientation="VERTICAL" width="29" height="39">
            <runs>0 30 1</runs>
            <runs>0 6 1 19 8</runs>
            <runs>0 3 8 14 10</runs>
            <runs>0 1 10 14 11</runs>
            <runs>0 1 11 12 13</runs>
            <runs>12 12 13</runs>
            <runs>12 12 14</runs>
            <runs>11 14 13</runs>
            <runs>11 5 2 7 14</runs>
            <runs>11 6 1 7 9 2 3</runs>
            <runs>0 4 7 6 1 7 8 4 2</runs>
            <runs>0 5 5 6 2 8 6 6 1</runs>
            <runs>0 6 3 7 2 10 4 6 1</runs>
            <runs>0 16 2 20 1</runs>
            <runs>0 16 2 20 1</runs>
            <runs>0 15 7 15 2</runs>
            <runs>0 13 9 14 3</runs>
            <runs>23 10 6</runs>
            <runs>39</runs>
            <runs>39</runs>
            <runs>17 1 20</runs>
            <runs>16 3 19</runs>
            <runs>9 1 5 4 18</runs>
            <runs>15 4 17</runs>
            <runs>14 5 17</runs>
            <runs>0 3 10 6 16</runs>
            <runs>0 5 6 9 14</runs>
            <runs>0 20 13</runs>
            <runs>0 24 7</runs>
        </run-table>
    </sample>
    <sample shape="TIME_THREE" interline="22" pitch="-2.0" left="380" top="528" id="496">
        <run-table orientation="VERTICAL" width="30" height="40">
            <runs>0 29 1 1 2</runs>
            <runs>0 27 9</runs>
            <runs>0 5 6 14 11</runs>
            <runs>0 3 9 13 12</runs>
            <runs>0 1 11 13 13</runs>
            <runs>13 6 1 5 13</runs>
            <runs>13 6 1 5 14</runs>
            <runs>13 4 3 5 14</runs>
            <runs>13 4 3 5 15</runs>
            <runs>13 4 3 6 14</runs>
            <runs>0 4 8 5 3 6 9 3 2</runs>
            <runs>0 5 6 6 3 7 7 4 2</runs>
            <runs>0 6 4 7 3 8 5 6 1</runs>
            <runs>0 17 3 9 1 9 1</runs>
            <runs>0 16 4 18 2</runs>
            <runs>0 16 4 18 2</runs>
            <runs>0 15 7 15 3</runs>
            <runs>0 2 2 7 14 8 7</runs>
            <runs>18 1 21</runs>
            <runs>17 2 21</runs>
            <runs>17 2 20</runs>
            <runs>17 3 19</runs>
            <runs>16 4 18</runs>
            <runs>16 4 18</runs>
            <runs>0 2 13 5 17</runs>
            <runs>0 3 11 5 17</runs>
            <runs>0 5 7 8 15</runs>
            <runs>0 8 2 10 15</runs>
            <runs>0 25 8</runs>
            <runs>0 27 3</runs>
        </run-table>
    </sample>
    <sample shape="TIME_FOUR" interline="22" pitch="2.1" left="380" top="326" id="482">
        <run-table orientation="VERTICAL" width="30" height="38">
            <runs>0 28 3</runs>
            <runs>0 27 4</runs>
            <runs>0 25 6</runs>
            <runs>0 23 8</runs>
            <runs>0 21 10</runs>
            <runs>0 17 14</runs>
            <runs>0 16 15</runs>
            <runs>0 14 10 2 5</runs>
            <runs>0 9 13 4 5</runs>
            <runs>0 1 20 5 5</runs>
            <runs>20 6 5</runs>
            <runs>19 8 4</runs>
            <runs>19 7 5</runs>
            <runs>16 10 5</runs>
            <runs>15 11 5</runs>
            <runs>13 13 5</runs>
            <runs>11 14 13</runs>
            <runs>9 5 24</runs>
            <runs>7 6 25</runs>
            <runs>4 7 27</runs>
            <runs>2 8 28</runs>
            <runs>0 8 30</runs>
            <runs>0 6 32</runs>
            <runs>0 5 33</runs>
            <runs>0 4 34</runs>
            <runs>0 4 34</runs>
            <runs>0 5 16 4 5</runs>
            <runs>0 26 4</runs>
            <runs>0 26 4</runs>
            <runs>0 26 4</runs>
        </run-table>
    </sample>
    <sample shape="TIME_FOUR" interline="22" pitch="2.2" left="380" top="574" id="492">
        <run-table orientation="VERTICAL" width="30" height="39">
            <runs>0 27 5</runs>
            <runs>0 25 7</runs>
            <runs>0 23 9</runs>
            <runs>0 21 11</runs>
            <runs>0 17 14</runs>
            <runs>0 16 16</runs>
            <runs>0 14 11 2 5</runs>
            <runs>0 9 14 4 5</runs>
            <runs>0 1 20 5 6</runs>
            <runs>0 1 20 5 5</runs>
            <runs>20 7 4</runs>
            <runs>20 7 4</runs>
            <runs>0 1 19 7 5</runs>
            <runs>0 1 14 12 5</runs>
            <runs>0 1 13 13 5</runs>
            <runs>0 1 11 10 1 3 13</runs>
            <runs>9 6 24</runs>
            <runs>7 6 26</runs>
            <runs>5 6 28</runs>
            <runs>0 1 2 7 29</runs>
            <runs>0 9 30</runs>
            <runs>0 8 31</runs>
            <runs>0 5 34</runs>
            <runs>0 4 35</runs>
            <runs>0 5 34</runs>
            <runs>0 26 5</runs>
            <runs>0 27 4</runs>
            <runs>0 27 4</runs>
            <runs>0 27 4</runs>
            <runs>0 27 4</runs>
        </run-table>
    </sample>
    <sample shape="TIME_THREE_FOUR" interline="22" pitch="0.0" left="380" top="280" id="485">
        <run-table orientation="VERTICAL" width="30" height="84">
            <runs>0 30 1 43 3</runs>
            <runs>0 6 1 19 8 39 4</runs>
            <runs>0 3 8 14 10 36 6</runs>
            <runs>0 1 10 14 11 33 8</runs>
            <runs>0 1 11 12 13 30 10</runs>
            <runs>12 12 13 26 14</runs>
            <runs>12 12 14 24 15</runs>
            <runs>11 14 13 22 10 2 5</runs>
            <runs>11 5 2 7 14 16 13 4 5</runs>
            <runs>11 6 1 7 9 2 3 8 20 5 5</runs>
            <runs>0 4 7 6 1 7 8 4 2 7 20 6 5</runs>
            <runs>0 5 5 6 2 8 6 6 1 7 19 8 4</runs>
            <runs>0 6 3 7 2 10 4 6 1 7 19 7 5</runs>
            <runs>0 16 2 20 1 7 16 10 5</runs>
            <runs>0 16 2 20 1 7 15 11 5</runs>
            <runs>0 15 7 15 2 7 13 13 5</runs>
            <runs>0 13 9 14 3 7 11 14 13</runs>
            <runs>23 10 6 7 9 5 24</runs>
            <runs>39 7 7 6 25</runs>
            <runs>39 7 4 7 27</runs>
            <runs>17 1 20 8 2 8 28</runs>
            <runs>16 3 19 16 30</runs>
            <runs>9 1 5 4 18 15 32</runs>
            <runs>15 4 17 15 33</runs>
            <runs>14 5 17 14 34</runs>
            <runs>0 3 10 6 16 15 34</runs>
            <runs>0 5 6 9 14 17 16 4 5</runs>
            <runs>0 20 13 39 4</runs>
            <runs>0 24 7 41 4</runs>
            <runs>0 72 4</runs>
        </run-table>
    </sample>
    <sample shape="TIME_THREE_FOUR" interline="22" pitch="0.0" left="380" top="528" id="495">
        <run-table orientation="VERTICAL" width="30" height="85">
            <runs>0 29 1 1 2 40 5</runs>
            <runs>0 27 9 35 7</runs>
            <runs>0 5 6 14 11 33 9</runs>
            <runs>0 3 9 13 12 30 11</runs>
            <runs>0 1 11 13 13 25 14</runs>
            <runs>13 6 1 5 13 24 16</runs>
            <runs>13 6 1 5 14 21 11 2 5</runs>
            <runs>13 4 3 5 14 16 14 4 5</runs>
            <runs>13 4 3 5 15 7 20 5 6</runs>
            <runs>13 4 3 6 14 7 20 5 5</runs>
            <runs>0 4 8 5 3 6 9 3 2 6 20 7 4</runs>
            <runs>0 5 6 6 3 7 7 4 2 6 20 7 4</runs>
            <runs>0 6 4 7 3 8 5 6 1 7 19 7 5</runs>
            <runs>0 17 3 9 1 9 1 7 14 12 5</runs>
            <runs>0 16 4 18 2 7 13 13 5</runs>
            <runs>0 16 4 18 2 7 11 10 1 3 13</runs>
            <runs>0 15 7 15 3 6 9 6 24</runs>
            <runs>0 2 2 7 14 8 7 6 7 6 26</runs>
            <runs>18 1 21 6 5 6 28</runs>
            <runs>17 2 21 7 2 7 29</runs>
            <runs>17 2 20 16 30</runs>
            <runs>17 3 19 15 31</runs>
            <runs>16 4 18 13 34</runs>
            <runs>16 4 18 12 35</runs>
            <runs>0 2 13 5 17 14 34</runs>
            <runs>0 3 11 5 17 36 5</runs>
            <runs>0 5 7 8 15 38 4</runs>
            <runs>0 8 2 10 15 38 4</runs>
            <runs>0 25 8 40 4</runs>
            <runs>0 27 3 43 4</runs>
        </run-table>
    </sample>
</samples>
