<?xml version="1.0" encoding="UTF-8" standalone="yes"?>
<samples sheet-name="IMSLP00004#15">
    <sample shape="G_CLEF" interline="22" pitch="0.2" left="151" top="617" id="513">
        <run-table orientation="VERTICAL" width="55" height="155">
            <runs>0 90 11</runs>
            <runs>0 86 16</runs>
            <runs>0 77 27</runs>
            <runs>0 77 29</runs>
            <runs>0 75 33</runs>
            <runs>0 72 37</runs>
            <runs>0 71 40</runs>
            <runs>0 69 43</runs>
            <runs>0 68 45</runs>
            <runs>0 66 23 15 9</runs>
            <runs>0 65 20 22 7</runs>
            <runs>0 65 19 24 7 23 7</runs>
            <runs>0 64 19 27 5 20 13</runs>
            <runs>0 63 18 30 5 18 15</runs>
            <runs>0 62 18 32 5 17 16</runs>
            <runs>0 61 18 34 4 17 17</runs>
            <runs>0 59 20 16 3 16 4 15 19</runs>
            <runs>0 55 19 16 12 12 9 10 19</runs>
            <runs>0 55 18 13 19 10 8 10 20</runs>
            <runs>0 56 16 13 22 9 7 10 20</runs>
            <runs>0 55 16 13 11 9 4 8 7 10 21</runs>
            <runs>0 55 15 12 11 13 3 24 21</runs>
            <runs>0 54 15 12 10 17 2 23 21</runs>
            <runs>0 33 9 11 16 12 9 19 2 22 16 1 4</runs>
            <runs>0 27 23 3 14 10 12 21 1 23 14 3 3</runs>
            <runs>0 24 43 10 12 45 14 3 4</runs>
            <runs>0 20 48 9 11 47 12 4 4</runs>
            <runs>0 18 54 5 11 48 9 6 4</runs>
            <runs>0 16 22 10 39 51 1 1 4 7 4</runs>
            <runs>0 14 23 11 18 4 17 64 4</runs>
            <runs>0 13 16 18 16 12 17 59 3</runs>
            <runs>0 11 17 19 16 13 26 48 4</runs>
            <runs>0 10 15 21 16 14 33 41 4</runs>
            <runs>0 9 13 23 16 15 10 9 19 2 7 27 3</runs>
            <runs>0 7 14 23 16 16 10 20 17 25 5</runs>
            <runs>0 7 13 23 16 17 10 27 16 18 5</runs>
            <runs>0 6 13 23 16 18 10 30 18 11 7</runs>
            <runs>0 5 13 22 18 18 10 31 33</runs>
            <runs>0 3 14 22 19 19 9 31 1 6 1 2 22</runs>
            <runs>0 2 14 22 16 23 9 30 2 14 15</runs>
            <runs>0 1 13 20 18 25 9 29 3 19 7</runs>
            <runs>14 20 17 26 9 29 3</runs>
            <runs>0 2 11 19 17 28 10 27 3</runs>
            <runs>0 5 9 15 18 30 10 26 3</runs>
            <runs>0 6 12 6 21 32 11 24 4</runs>
            <runs>0 8 35 34 12 23 3</runs>
            <runs>0 11 28 38 13 20 5</runs>
            <runs>0 15 23 39 14 18 4</runs>
            <runs>0 24 1 3 1 53 10 14 6</runs>
            <runs>0 83 19 1 8</runs>
            <runs>0 84 27</runs>
            <runs>0 84 25</runs>
            <runs>0 86 20</runs>
            <runs>0 89 16</runs>
            <runs>0 91 11</runs>
        </run-table>
    </sample>
    <sample shape="FLAT" interline="22" pitch="-0.5" left="230" top="658" id="528">
        <run-table orientation="VERTICAL" width="20" height="55">
            <runs>0 41 2 3 9</runs>
            <runs>0 24 30</runs>
            <runs>0 1 1 8 30 9 4</runs>
            <runs>25 4 5 16 3</runs>
            <runs>0 1 19 3 1 5 4 16 3</runs>
            <runs>0 2 1 26 2 17 4</runs>
            <runs>0 28 3 16 4</runs>
            <runs>0 28 2 15 5</runs>
            <runs>0 27 3 14 5</runs>
            <runs>0 27 3 13 5</runs>
            <runs>0 26 4 11 6</runs>
            <runs>0 26 5 5 10</runs>
            <runs>0 26 7 2 10</runs>
            <runs>0 26 18</runs>
            <runs>0 26 17</runs>
            <runs>0 27 15</runs>
            <runs>0 27 13</runs>
            <runs>0 28 11</runs>
            <runs>0 30 9</runs>
            <runs>0 32 2</runs>
        </run-table>
    </sample>
    <sample shape="FLAT" interline="22" pitch="-3.8" left="253" top="1085" id="592">
        <run-table orientation="VERTICAL" width="20" height="53">
            <runs>0 51 2</runs>
            <runs>0 27 2 1 1 4 2 1 15</runs>
            <runs>52</runs>
            <runs>34</runs>
            <runs>15 13 3</runs>
            <runs>0 28 2</runs>
            <runs>0 46 1</runs>
            <runs>0 45 2</runs>
            <runs>0 43 4</runs>
            <runs>0 43 3</runs>
            <runs>0 41 4</runs>
            <runs>0 40 4</runs>
            <runs>0 38 5</runs>
            <runs>0 23 9 1 9</runs>
            <runs>0 23 17</runs>
            <runs>0 23 16</runs>
            <runs>0 24 14</runs>
            <runs>0 24 13</runs>
            <runs>0 25 10</runs>
            <runs>0 25 8</runs>
        </run-table>
    </sample>
    <sample shape="FLAT" interline="22" pitch="0.3" left="268" top="2248" id="735">
        <run-table orientation="VERTICAL" width="19" height="56">
            <runs>2 2 11 14 3 1 3 1 2 5 2 2 8</runs>
            <runs>56</runs>
            <runs>42 3 10</runs>
            <runs>15 2 3 2 13 18 1</runs>
            <runs>0 31 1</runs>
            <runs></runs>
            <runs>0 47 1</runs>
            <runs>0 46 2</runs>
            <runs>0 45 3</runs>
            <runs>0 44 7</runs>
            <runs>0 43 8</runs>
            <runs>0 41 5</runs>
            <runs>0 25 7 2 1 3 7</runs>
            <runs>0 25 19</runs>
            <runs>0 25 17</runs>
            <runs>0 25 16</runs>
            <runs>0 26 14</runs>
            <runs>0 26 13</runs>
            <runs>0 26 10</runs>
        </run-table>
    </sample>
</samples>
