<?xml version="1.0" encoding="UTF-8" standalone="yes"?>
<samples sheet-name="IMSLP00121#30">
    <sample shape="G_CLEF" interline="19" pitch="0.0" left="237" top="1729" id="449">
        <run-table orientation="VERTICAL" width="55" height="149">
            <runs>0 77 21</runs>
            <runs>0 76 23</runs>
            <runs>0 74 26</runs>
            <runs>0 74 28</runs>
            <runs>0 72 31 31 3</runs>
            <runs>0 69 36 23 10</runs>
            <runs>0 67 40 19 14</runs>
            <runs>0 66 22 7 13 16 18</runs>
            <runs>0 64 20 16 9 14 20</runs>
            <runs>0 63 19 20 8 12 21</runs>
            <runs>0 58 23 23 7 11 22</runs>
            <runs>0 58 23 24 7 10 24</runs>
            <runs>0 58 22 26 6 10 25</runs>
            <runs>0 58 22 27 6 9 25</runs>
            <runs>0 58 18 32 9 5 25</runs>
            <runs>0 57 18 14 5 15 8 5 18 2 6</runs>
            <runs>0 56 17 12 14 11 3 9 18 3 5</runs>
            <runs>0 56 16 11 17 10 3 9 18 3 5</runs>
            <runs>0 55 16 11 20 9 2 9 18 4 4</runs>
            <runs>0 54 16 7 26 8 2 10 17 4 5</runs>
            <runs>0 54 16 7 27 8 1 10 17 5 4</runs>
            <runs>0 53 16 8 28 7 1 11 15 6 4</runs>
            <runs>0 52 16 9 16 2 11 6 1 12 13 7 4</runs>
            <runs>0 51 16 10 14 10 6 5 1 12 12 7 5</runs>
            <runs>0 50 17 10 13 12 6 4 1 14 9 8 5</runs>
            <runs>0 50 16 10 13 14 5 22 3 11 4</runs>
            <runs>0 50 15 11 12 16 4 35 5</runs>
            <runs>0 49 16 10 13 16 5 34 5</runs>
            <runs>0 25 3 20 16 11 12 18 3 34 5</runs>
            <runs>0 24 20 3 17 10 13 54 6</runs>
            <runs>0 19 46 9 13 53 6</runs>
            <runs>0 16 73 49 7</runs>
            <runs>0 14 107 15 9</runs>
            <runs>0 12 114 7 10</runs>
            <runs>0 10 20 9 103</runs>
            <runs>0 9 20 10 23 12 13 20 34</runs>
            <runs>0 8 18 13 23 12 13 25 27</runs>
            <runs>0 7 17 15 23 12 13 38 10</runs>
            <runs>0 6 16 17 18 17 13</runs>
            <runs>0 5 16 18 17 19 13</runs>
            <runs>0 4 15 19 17 20 13 23 1</runs>
            <runs>0 3 15 19 18 20 13 22 2</runs>
            <runs>0 2 15 19 18 22 13 21 2</runs>
            <runs>0 2 15 18 18 23 14 19 8</runs>
            <runs>0 1 15 18 17 26 14 17 9</runs>
            <runs>15 17 18 27 15 14 11</runs>
            <runs>0 1 15 13 20 28 16 11 9</runs>
            <runs>0 2 17 7 21 30 22 3 10</runs>
            <runs>0 4 42 31 34</runs>
            <runs>0 7 37 33 33</runs>
            <runs>0 10 33 34 32</runs>
            <runs>0 16 27 40 24</runs>
            <runs>0 84 22</runs>
            <runs>0 87 17</runs>
            <runs>0 91 10</runs>
        </run-table>
    </sample>
    <sample shape="F_CLEF" interline="19" pitch="-1.5" left="237" top="1289" id="406">
        <run-table orientation="VERTICAL" width="53" height="61">
            <runs>0 13 12</runs>
            <runs>0 11 15</runs>
            <runs>0 10 17</runs>
            <runs>0 10 19</runs>
            <runs>0 9 20</runs>
            <runs>0 8 22</runs>
            <runs>0 7 23</runs>
            <runs>0 6 5 3 17 25 1</runs>
            <runs>0 1 9 4 17 25 1</runs>
            <runs>9 5 17 24 2</runs>
            <runs>9 5 17 24 2</runs>
            <runs>8 5 17 24 3</runs>
            <runs>8 5 17 24 3</runs>
            <runs>0 14 16 23 8</runs>
            <runs>0 14 16 22 9</runs>
            <runs>0 15 14 22 10</runs>
            <runs>0 16 13 22 10</runs>
            <runs>0 17 11 22 11</runs>
            <runs>0 18 8 23 12</runs>
            <runs>0 48 9</runs>
            <runs>0 47 9</runs>
            <runs>0 46 10</runs>
            <runs>0 45 10</runs>
            <runs>0 7 1 31 15</runs>
            <runs>0 1 8 30 14</runs>
            <runs>0 1 9 29 13</runs>
            <runs>0 1 10 27 14</runs>
            <runs>0 1 11 25 14</runs>
            <runs>0 1 13 21 15</runs>
            <runs>0 1 16 14 18</runs>
            <runs>0 1 47</runs>
            <runs>0 1 46</runs>
            <runs>0 6 40</runs>
            <runs>0 7 38</runs>
            <runs>0 8 36</runs>
            <runs>0 8 35</runs>
            <runs>0 10 33</runs>
            <runs>0 11 32</runs>
            <runs>0 12 31</runs>
            <runs>0 14 22</runs>
            <runs>0 18 15</runs>
            <runs>0 24 3</runs>
            <runs></runs>
            <runs>0 11 6 14 2</runs>
            <runs>0 10 8 11 6</runs>
            <runs>0 10 8 11 8</runs>
            <runs>0 9 10 9 9</runs>
            <runs>0 9 10 9 9</runs>
            <runs>0 9 10 9 9</runs>
            <runs>0 9 9 10 9</runs>
            <runs>0 10 8 11 8</runs>
            <runs>0 11 6 13 7</runs>
            <runs>0 12 3 16 4</runs>
        </run-table>
    </sample>
    <sample shape="F_CLEF" interline="19" pitch="-1.4" left="245" top="2714" id="507">
        <run-table orientation="VERTICAL" width="55" height="67">
            <runs>0 22 2</runs>
            <runs>0 18 11 33 1</runs>
            <runs>0 16 15 31 1</runs>
            <runs>0 14 18 30 1</runs>
            <runs>0 13 19 30 1</runs>
            <runs>0 12 21 28 2</runs>
            <runs>0 11 24 26 2</runs>
            <runs>0 10 6 3 16 26 2</runs>
            <runs>0 5 9 4 17 25 3</runs>
            <runs>0 5 8 5 17 25 3</runs>
            <runs>0 10 2 6 17 25 3</runs>
            <runs>0 10 2 6 17 24 8</runs>
            <runs>0 10 1 7 17 24 8</runs>
            <runs>0 10 1 7 17 23 9</runs>
            <runs>0 18 17 22 10</runs>
            <runs>0 19 14 24 10</runs>
            <runs>0 19 14 23 11</runs>
            <runs>0 20 12 23 12</runs>
            <runs>0 22 9 24 12</runs>
            <runs>0 54 8</runs>
            <runs>0 53 8</runs>
            <runs>0 52 8</runs>
            <runs>0 10 1 40 8</runs>
            <runs>0 10 1 39 9</runs>
            <runs>0 10 2 33 13</runs>
            <runs>0 10 3 32 12</runs>
            <runs>0 6 8 31 12</runs>
            <runs>0 6 9 26 16</runs>
            <runs>0 6 13 20 17</runs>
            <runs>0 6 16 11 23</runs>
            <runs>0 6 49</runs>
            <runs>2 3 49</runs>
            <runs>2 3 48</runs>
            <runs>0 11 41</runs>
            <runs>0 12 39</runs>
            <runs>0 13 37</runs>
            <runs>0 14 35</runs>
            <runs>0 15 33</runs>
            <runs>0 17 31</runs>
            <runs>0 19 21</runs>
            <runs>0 21 16</runs>
            <runs>0 28 3</runs>
            <runs></runs>
            <runs></runs>
            <runs>0 16 5 14 6</runs>
            <runs>0 15 7 11 9</runs>
            <runs>0 14 9 10 9</runs>
            <runs>0 14 9 10 10</runs>
            <runs>0 14 9 10 10</runs>
            <runs>0 14 9 10 10</runs>
            <runs>0 14 9 10 10</runs>
            <runs>0 14 8 11 9</runs>
            <runs>0 15 7 11 9</runs>
            <runs>0 16 5 15 5</runs>
            <runs>0 17 2</runs>
        </run-table>
    </sample>
    <sample shape="FLAT" interline="19" pitch="3.3" left="406" top="2034" id="476">
        <run-table orientation="VERTICAL" width="20" height="49">
            <runs>0 1 8</runs>
            <runs>37</runs>
            <runs>49</runs>
            <runs>49</runs>
            <runs>48</runs>
            <runs>0 1 12 1 23 6 4</runs>
            <runs>0 25 6 12 4</runs>
            <runs>0 25 4 12 5</runs>
            <runs>0 24 5 12 4</runs>
            <runs>0 24 5 11 5</runs>
            <runs>0 24 5 9 6</runs>
            <runs>0 24 5 4 10</runs>
            <runs>0 24 19</runs>
            <runs>0 24 18</runs>
            <runs>0 24 17</runs>
            <runs>0 24 17</runs>
            <runs>0 24 16</runs>
            <runs>0 25 14</runs>
            <runs>0 26 12</runs>
            <runs>0 27 10</runs>
        </run-table>
    </sample>
</samples>
