<?xml version="1.0" encoding="UTF-8" standalone="yes"?>
<samples sheet-name="IMSLP00002#14">
    <sample shape="F_CLEF" interline="22" pitch="-1.5" left="269" top="2075" id="544">
        <run-table orientation="VERTICAL" width="64" height="66">
            <runs>0 64 2</runs>
            <runs>0 64 2</runs>
            <runs>0 64 2</runs>
            <runs>0 64 2</runs>
            <runs>0 64 2</runs>
            <runs>0 64 2</runs>
            <runs>0 63 3</runs>
            <runs>0 13 13 37 3</runs>
            <runs>0 11 14 37 4</runs>
            <runs>0 8 18 36 4</runs>
            <runs>0 7 20 35 3</runs>
            <runs>0 6 5 8 9 34 3</runs>
            <runs>0 5 5 8 10 33 4</runs>
            <runs>9 8 12 32 4</runs>
            <runs>8 9 12 31 4</runs>
            <runs>7 9 13 31 4</runs>
            <runs>0 4 2 10 13 30 5</runs>
            <runs>0 4 1 11 13 30 4</runs>
            <runs>0 4 1 10 14 29 5</runs>
            <runs>0 16 13 29 4</runs>
            <runs>0 16 13 28 5</runs>
            <runs>0 16 12 28 6</runs>
            <runs>0 17 11 28 5</runs>
            <runs>0 18 9 28 6</runs>
            <runs>0 19 7 29 5</runs>
            <runs>0 54 6</runs>
            <runs>0 53 6</runs>
            <runs>0 52 7</runs>
            <runs>0 51 7</runs>
            <runs>0 50 8</runs>
            <runs>0 45 12</runs>
            <runs>0 4 1 40 12</runs>
            <runs>0 4 1 40 11</runs>
            <runs>0 4 2 39 10</runs>
            <runs>0 4 2 38 11</runs>
            <runs>7 35 12</runs>
            <runs>9 31 13</runs>
            <runs>10 28 14</runs>
            <runs>12 24 15</runs>
            <runs>14 18 18</runs>
            <runs>17 12 20</runs>
            <runs>49</runs>
            <runs>0 5 43</runs>
            <runs>0 6 42</runs>
            <runs>0 6 42</runs>
            <runs>0 7 36</runs>
            <runs>0 9 33</runs>
            <runs>0 10 30</runs>
            <runs>0 11 27</runs>
            <runs>0 13 23</runs>
            <runs>0 15 19</runs>
            <runs>0 20 11</runs>
            <runs></runs>
            <runs></runs>
            <runs>0 13 1</runs>
            <runs>0 12 4 16 4</runs>
            <runs>0 11 6 14 6</runs>
            <runs>0 10 8 12 8</runs>
            <runs>0 10 8 12 8</runs>
            <runs>0 9 9 12 8</runs>
            <runs>0 10 8 12 8</runs>
            <runs>0 10 8 12 8</runs>
            <runs>0 11 6 14 6</runs>
            <runs>0 14 1 18 2</runs>
        </run-table>
    </sample>
    <sample shape="SHARP" interline="22" pitch="-1.9" left="342" top="2068" id="573">
        <run-table orientation="VERTICAL" width="24" height="64">
            <runs>0 23 4 15 8</runs>
            <runs>0 22 7 13 9</runs>
            <runs>0 21 8 13 8 5 1</runs>
            <runs>0 21 8 13 8 5 2</runs>
            <runs>0 20 9 13 22</runs>
            <runs>0 20 44</runs>
            <runs>0 6 57</runs>
            <runs>0 6 23 11 8</runs>
            <runs>0 18 9 13 8 7 1</runs>
            <runs>0 18 9 13 8 7 2</runs>
            <runs>0 18 8 14 7 8 1</runs>
            <runs>0 18 7 14 8</runs>
            <runs>0 17 8 14 8</runs>
            <runs>0 17 8 14 7</runs>
            <runs>0 16 8 14 8</runs>
            <runs>0 16 8 14 8</runs>
            <runs>0 16 12 9 21</runs>
            <runs>0 2 56</runs>
            <runs>45</runs>
            <runs>23 3 1 8 8</runs>
            <runs>0 14 8 13 8</runs>
            <runs>0 13 9 13 8</runs>
            <runs>0 13 8 14 7</runs>
            <runs>0 13 8</runs>
        </run-table>
    </sample>
    <sample shape="SHARP" interline="22" pitch="-2.0" left="342" top="2068" id="596">
        <run-table orientation="VERTICAL" width="24" height="64">
            <runs>0 23 4 15 8</runs>
            <runs>0 22 7 13 9</runs>
            <runs>0 21 8 13 8</runs>
            <runs>0 21 8 13 8 6 1</runs>
            <runs>0 20 9 13 22</runs>
            <runs>0 20 44</runs>
            <runs>0 6 57</runs>
            <runs>0 6 23 11 8</runs>
            <runs>0 18 9 13 8</runs>
            <runs>0 18 9 13 8</runs>
            <runs>0 18 8 14 7</runs>
            <runs>0 18 7 14 8</runs>
            <runs>0 17 8 14 8</runs>
            <runs>0 17 8 14 7</runs>
            <runs>0 16 8 14 8</runs>
            <runs>0 16 8 14 8</runs>
            <runs>0 16 12 9 21</runs>
            <runs>0 2 56</runs>
            <runs>45</runs>
            <runs>23 3 1 8 8</runs>
            <runs>0 14 8 13 8</runs>
            <runs>0 13 9 13 8</runs>
            <runs>0 13 8 14 7</runs>
            <runs>0 13 8</runs>
        </run-table>
    </sample>
    <sample shape="TIME_THREE" interline="22" pitch="-2.1" left="223" top="214" id="478">
        <run-table orientation="VERTICAL" width="28" height="39">
            <runs>0 27 1</runs>
            <runs>0 3 8 15 8</runs>
            <runs>12 13 10</runs>
            <runs>12 12 12</runs>
            <runs>12 12 13</runs>
            <runs>12 7 18</runs>
            <runs>12 12 14</runs>
            <runs>12 5 1 6 14</runs>
            <runs>12 4 2 6 14</runs>
            <runs>0 3 9 3 3 6 15</runs>
            <runs>0 4 7 5 2 7 8 4 2</runs>
            <runs>0 6 3 7 2 8 6 5 2</runs>
            <runs>0 16 2 9 3 8 1</runs>
            <runs>0 15 3 20 1</runs>
            <runs>1 14 3 19 2</runs>
            <runs>3 9 10 14 3</runs>
            <runs>22 13 3</runs>
            <runs>25 5 2 1 5</runs>
            <runs>16 1 21</runs>
            <runs>16 2 19</runs>
            <runs>15 3 19</runs>
            <runs>15 3 19</runs>
            <runs>14 4 18</runs>
            <runs>14 5 17</runs>
            <runs>0 1 12 6 16</runs>
            <runs>0 3 7 9 15</runs>
            <runs>0 6 2 11 13</runs>
            <runs>0 23 6</runs>
        </run-table>
    </sample>
    <sample shape="TIME_THREE" interline="22" pitch="-2.1" left="219" top="440" id="489">
        <run-table orientation="VERTICAL" width="29" height="40">
            <runs>0 27 5</runs>
            <runs>0 3 6 17 8</runs>
            <runs>0 1 10 13 11</runs>
            <runs>11 12 14</runs>
            <runs>13 11 14</runs>
            <runs>13 7 18</runs>
            <runs>13 7 18</runs>
            <runs>13 4 2 1 19</runs>
            <runs>13 3 3 5 15</runs>
            <runs>0 3 9 4 3 5 15</runs>
            <runs>0 4 8 4 3 6 9 3 2</runs>
            <runs>0 5 6 5 3 6 8 5 1</runs>
            <runs>0 16 3 7 1 1 4 6 2</runs>
            <runs>0 16 3 18 3</runs>
            <runs>0 15 8 14 2</runs>
            <runs>0 14 9 13 3</runs>
            <runs>6 5 12 10 6</runs>
            <runs>24 2 12</runs>
            <runs>38</runs>
            <runs>16 2 20</runs>
            <runs>16 2 20</runs>
            <runs>15 3 19</runs>
            <runs>14 4 19</runs>
            <runs>13 6 17</runs>
            <runs>13 6 16</runs>
            <runs>0 3 9 8 14</runs>
            <runs>0 6 4 9 13</runs>
            <runs>0 19 11</runs>
            <runs>0 19 8</runs>
        </run-table>
    </sample>
    <sample shape="TIME_THREE" interline="22" pitch="-2.1" left="223" top="214" id="473">
        <run-table orientation="VERTICAL" width="28" height="39">
            <runs>0 27 1</runs>
            <runs>0 3 8 15 8</runs>
            <runs>12 13 10</runs>
            <runs>12 12 12</runs>
            <runs>12 12 13</runs>
            <runs>12 7 18</runs>
            <runs>12 12 14</runs>
            <runs>12 5 1 6 14</runs>
            <runs>12 4 2 6 14</runs>
            <runs>0 3 9 3 3 6 15</runs>
            <runs>0 4 7 5 2 7 8 4 2</runs>
            <runs>0 6 3 7 2 8 6 5 2</runs>
            <runs>0 16 2 9 3 8 1</runs>
            <runs>0 15 3 20 1</runs>
            <runs>0 15 3 19 2</runs>
            <runs>0 1 2 9 10 14 3</runs>
            <runs>22 13 3</runs>
            <runs>25 5 2 1 5</runs>
            <runs>16 1 21</runs>
            <runs>16 2 19</runs>
            <runs>15 3 19</runs>
            <runs>15 3 19</runs>
            <runs>14 4 18</runs>
            <runs>14 5 17</runs>
            <runs>0 1 12 6 16</runs>
            <runs>0 3 7 9 15</runs>
            <runs>0 6 2 11 13</runs>
            <runs>0 23 6</runs>
        </run-table>
    </sample>
    <sample shape="TIME_FOUR" interline="22" pitch="2.2" left="223" top="261" id="474">
        <run-table orientation="VERTICAL" width="29" height="37">
            <runs>0 25 6</runs>
            <runs>0 24 8</runs>
            <runs>0 23 9</runs>
            <runs>0 21 10</runs>
            <runs>0 17 14</runs>
            <runs>0 15 16</runs>
            <runs>0 10 13 4 4</runs>
            <runs>0 1 21 5 4</runs>
            <runs>0 1 19 7 4</runs>
            <runs>0 1 18 8 4</runs>
            <runs>0 1 18 8 4</runs>
            <runs>0 1 14 12 4</runs>
            <runs>0 1 13 13 4</runs>
            <runs>0 1 11 15 4</runs>
            <runs>0 1 9 17 6 1 3</runs>
            <runs>8 7 22</runs>
            <runs>6 7 24</runs>
            <runs>4 7 26</runs>
            <runs>0 10 27</runs>
            <runs>0 8 29</runs>
            <runs>0 6 31</runs>
            <runs>0 4 33</runs>
            <runs>0 4 33</runs>
            <runs>0 6 31</runs>
            <runs>0 26 11</runs>
            <runs>0 26 5</runs>
            <runs>0 26 4</runs>
            <runs>0 26 4</runs>
            <runs>0 26 4</runs>
        </run-table>
    </sample>
    <sample shape="TIME_FOUR" interline="22" pitch="2.1" left="219" top="487" id="485">
        <run-table orientation="VERTICAL" width="30" height="38">
            <runs>0 27 3</runs>
            <runs>0 26 5</runs>
            <runs>0 24 7</runs>
            <runs>0 24 8</runs>
            <runs>0 17 15</runs>
            <runs>0 17 15</runs>
            <runs>0 16 16</runs>
            <runs>0 14 18</runs>
            <runs>0 1 23 3 5</runs>
            <runs>0 1 21 5 5</runs>
            <runs>20 7 5</runs>
            <runs>19 7 5</runs>
            <runs>19 7 5</runs>
            <runs>16 10 5</runs>
            <runs>14 12 6</runs>
            <runs>12 14 6</runs>
            <runs>11 4 23</runs>
            <runs>8 4 26</runs>
            <runs>6 5 27</runs>
            <runs>4 6 28</runs>
            <runs>0 8 30</runs>
            <runs>0 6 32</runs>
            <runs>0 4 34</runs>
            <runs>0 4 34</runs>
            <runs>0 4 34</runs>
            <runs>0 4 1 1 32</runs>
            <runs>0 25 11</runs>
            <runs>0 26 4</runs>
            <runs>0 26 4</runs>
            <runs>0 26 4</runs>
        </run-table>
    </sample>
    <sample shape="TIME_FOUR" interline="22" pitch="2.2" left="223" top="261" id="469">
        <run-table orientation="VERTICAL" width="29" height="38">
            <runs>0 25 6</runs>
            <runs>0 24 8</runs>
            <runs>0 23 9</runs>
            <runs>0 21 10</runs>
            <runs>0 17 14</runs>
            <runs>0 15 16</runs>
            <runs>0 10 13 4 4</runs>
            <runs>0 1 21 5 4</runs>
            <runs>0 1 19 7 4</runs>
            <runs>0 1 18 8 4</runs>
            <runs>0 1 18 8 4</runs>
            <runs>0 1 14 12 4</runs>
            <runs>0 1 13 13 4</runs>
            <runs>0 1 11 15 4</runs>
            <runs>0 1 9 17 6 1 4</runs>
            <runs>8 7 23</runs>
            <runs>6 7 25</runs>
            <runs>4 7 27</runs>
            <runs>0 10 28</runs>
            <runs>0 8 30</runs>
            <runs>0 6 32</runs>
            <runs>0 4 34</runs>
            <runs>0 4 34</runs>
            <runs>0 6 32</runs>
            <runs>0 26 11</runs>
            <runs>0 26 5</runs>
            <runs>0 26 4</runs>
            <runs>0 26 4</runs>
            <runs>0 26 4</runs>
        </run-table>
    </sample>
    <sample shape="COMMON_TIME" interline="22" pitch="-0.1" left="424" top="1878" id="582">
        <run-table orientation="VERTICAL" width="38" height="47">
            <runs>0 15 14</runs>
            <runs>0 14 18</runs>
            <runs>0 13 21</runs>
            <runs>0 11 25</runs>
            <runs>0 9 28</runs>
            <runs>0 7 31</runs>
            <runs>0 7 32</runs>
            <runs>0 6 34</runs>
            <runs>0 5 37</runs>
            <runs>42</runs>
            <runs>47</runs>
            <runs>15 17 15</runs>
            <runs>12 24 10</runs>
            <runs>8 30 9</runs>
            <runs>7 32 8</runs>
            <runs>0 4 2 34 7</runs>
            <runs>0 4 1</runs>
            <runs></runs>
            <runs></runs>
            <runs></runs>
            <runs></runs>
            <runs></runs>
            <runs></runs>
            <runs></runs>
            <runs>0 12 5</runs>
            <runs>0 10 8</runs>
            <runs>0 10 9 21 7</runs>
            <runs>0 9 10 21 7</runs>
            <runs>0 4 1 4 11 20 6</runs>
            <runs>0 4 1 4 11 19 7</runs>
            <runs>0 4 2 3 11 18 4</runs>
            <runs>7 2 11 17 4</runs>
            <runs>0 4 16 17 4</runs>
            <runs>0 5 15 15 5</runs>
            <runs>0 6 13 14 6</runs>
            <runs>0 7 11 13 7</runs>
            <runs>0 9 9 12 6</runs>
            <runs>0 12 4 14 4</runs>
        </run-table>
    </sample>
    <sample shape="COMMON_TIME" interline="22" pitch="-0.1" left="424" top="2098" id="593">
        <run-table orientation="VERTICAL" width="38" height="46">
            <runs>0 17 11</runs>
            <runs>0 13 18</runs>
            <runs>0 11 22</runs>
            <runs>0 10 25</runs>
            <runs>0 9 27</runs>
            <runs>0 8 30</runs>
            <runs>0 6 33</runs>
            <runs>0 5 35</runs>
            <runs>0 4 36</runs>
            <runs>0 3 38</runs>
            <runs>42</runs>
            <runs>12 21 9</runs>
            <runs>8 28 10</runs>
            <runs>7 31 8</runs>
            <runs>0 3 2 35 2</runs>
            <runs>0 3 1 37 1</runs>
            <runs>0 41 1</runs>
            <runs>0 41 1</runs>
            <runs>0 41 1</runs>
            <runs>0 41 1</runs>
            <runs></runs>
            <runs></runs>
            <runs></runs>
            <runs></runs>
            <runs>0 41 1</runs>
            <runs>0 11 6 24 1</runs>
            <runs>0 10 7 24 1</runs>
            <runs>0 9 9 23 1</runs>
            <runs>0 9 9 22 2</runs>
            <runs>0 2 1 6 10 21 2</runs>
            <runs>0 2 2 5 10 20 2</runs>
            <runs>0 3 2 4 10 19 2</runs>
            <runs>0 4 1 4 9 19 3</runs>
            <runs>0 5 13 18 3</runs>
            <runs>0 7 11 17 3</runs>
            <runs>0 8 9 17 3</runs>
            <runs>0 9 6 16 4</runs>
            <runs>0 31 2</runs>
        </run-table>
    </sample>
    <sample shape="COMMON_TIME" interline="22" pitch="-0.1" left="424" top="1878" id="607">
        <run-table orientation="VERTICAL" width="38" height="47">
            <runs>0 15 14</runs>
            <runs>0 14 18</runs>
            <runs>0 13 21</runs>
            <runs>0 11 25</runs>
            <runs>0 9 28</runs>
            <runs>0 7 31</runs>
            <runs>0 7 32</runs>
            <runs>0 6 34</runs>
            <runs>0 5 37</runs>
            <runs>42</runs>
            <runs>47</runs>
            <runs>15 17 15</runs>
            <runs>12 24 10</runs>
            <runs>8 30 9</runs>
            <runs>7 32 8</runs>
            <runs>0 5 1 34 7</runs>
            <runs></runs>
            <runs></runs>
            <runs></runs>
            <runs></runs>
            <runs></runs>
            <runs></runs>
            <runs></runs>
            <runs></runs>
            <runs>0 12 5</runs>
            <runs>0 10 8</runs>
            <runs>0 10 9 21 7</runs>
            <runs>0 9 10 21 7</runs>
            <runs>0 9 11 20 6</runs>
            <runs>0 9 11 19 7</runs>
            <runs>0 5 1 3 11 18 4</runs>
            <runs>7 2 11 17 4</runs>
            <runs>0 4 16 17 4</runs>
            <runs>0 5 15 15 5</runs>
            <runs>0 6 13 14 6</runs>
            <runs>0 7 11 13 7</runs>
            <runs>0 9 9 12 6</runs>
            <runs>0 12 4 14 4</runs>
        </run-table>
    </sample>
    <sample shape="COMMON_TIME" interline="22" pitch="-0.2" left="424" top="2098" id="616">
        <run-table orientation="VERTICAL" width="38" height="46">
            <runs>0 17 11</runs>
            <runs>0 13 18</runs>
            <runs>0 11 22</runs>
            <runs>0 10 25</runs>
            <runs>0 9 27</runs>
            <runs>0 8 30</runs>
            <runs>0 6 33</runs>
            <runs>0 5 35</runs>
            <runs>0 4 36</runs>
            <runs>0 3 38</runs>
            <runs>42</runs>
            <runs>12 21 9</runs>
            <runs>8 28 10</runs>
            <runs>7 31 8</runs>
            <runs>0 4 1 35 1</runs>
            <runs></runs>
            <runs></runs>
            <runs></runs>
            <runs></runs>
            <runs></runs>
            <runs></runs>
            <runs></runs>
            <runs></runs>
            <runs></runs>
            <runs></runs>
            <runs>0 11 6</runs>
            <runs>0 10 7</runs>
            <runs>0 9 9</runs>
            <runs>0 9 9 22 1</runs>
            <runs>0 2 1 6 10 21 1</runs>
            <runs>0 2 2 5 10 20 2</runs>
            <runs>0 3 2 4 10 19 2</runs>
            <runs>0 4 1 4 9 19 3</runs>
            <runs>0 5 13 18 3</runs>
            <runs>0 7 11 17 3</runs>
            <runs>0 8 9 17 3</runs>
            <runs>0 9 6 16 4</runs>
            <runs>0 31 2</runs>
        </run-table>
    </sample>
    <sample shape="TIME_THREE_FOUR" interline="22" pitch="-0.1" left="223" top="214" id="478">
        <run-table orientation="VERTICAL" width="29" height="84">
            <runs>0 27 1 44 6</runs>
            <runs>0 3 8 15 8 37 8</runs>
            <runs>12 13 10 35 9</runs>
            <runs>12 12 12 32 10</runs>
            <runs>12 12 13 27 14</runs>
            <runs>12 7 18 25 16</runs>
            <runs>12 12 14 19 13 4 4</runs>
            <runs>12 5 1 6 14 10 21 5 4</runs>
            <runs>12 4 2 6 14 10 19 7 4</runs>
            <runs>0 3 9 3 3 6 15 9 18 8 4</runs>
            <runs>0 4 7 5 2 7 8 4 2 9 18 8 4</runs>
            <runs>0 6 3 7 2 8 6 5 2 9 14 12 4</runs>
            <runs>0 16 2 9 3 8 1 9 13 13 4</runs>
            <runs>0 15 3 20 1 9 11 15 4</runs>
            <runs>1 14 3 19 2 9 9 17 6 1 3</runs>
            <runs>3 9 10 14 3 8 8 7 22</runs>
            <runs>22 13 3 9 6 7 24</runs>
            <runs>25 5 2 1 5 9 4 7 26</runs>
            <runs>16 1 21 19 27</runs>
            <runs>16 2 19 18 29</runs>
            <runs>15 3 19 16 31</runs>
            <runs>15 3 19 14 33</runs>
            <runs>14 4 18 15 33</runs>
            <runs>14 5 17 17 31</runs>
            <runs>0 1 12 6 16 38 11</runs>
            <runs>0 3 7 9 15 39 5</runs>
            <runs>0 6 2 11 13 41 4</runs>
            <runs>0 23 6 44 4</runs>
            <runs>0 73 4</runs>
        </run-table>
    </sample>
    <sample shape="TIME_THREE_FOUR" interline="22" pitch="-0.1" left="219" top="440" id="488">
        <run-table orientation="VERTICAL" width="30" height="85">
            <runs>0 27 5 42 3</runs>
            <runs>0 3 6 17 8 39 5</runs>
            <runs>0 1 10 13 11 36 7</runs>
            <runs>11 12 14 34 8</runs>
            <runs>13 11 14 26 15</runs>
            <runs>13 7 18 26 15</runs>
            <runs>13 7 18 25 16</runs>
            <runs>13 4 2 1 19 22 18</runs>
            <runs>13 3 3 5 15 9 23 3 5</runs>
            <runs>0 3 9 4 3 5 15 9 21 5 5</runs>
            <runs>0 4 8 4 3 6 9 3 2 8 20 7 5</runs>
            <runs>0 5 6 5 3 6 8 5 1 8 19 7 5</runs>
            <runs>0 16 3 7 1 1 4 6 2 7 19 7 5</runs>
            <runs>0 16 3 18 3 7 16 10 5</runs>
            <runs>0 15 8 14 2 8 14 12 6</runs>
            <runs>0 14 9 13 3 8 12 14 6</runs>
            <runs>6 5 12 10 6 8 11 4 23</runs>
            <runs>24 2 12 9 8 4 26</runs>
            <runs>38 9 6 5 27</runs>
            <runs>16 2 20 9 4 6 28</runs>
            <runs>16 2 20 17 30</runs>
            <runs>15 3 19 16 32</runs>
            <runs>14 4 19 14 34</runs>
            <runs>13 6 17 15 34</runs>
            <runs>13 6 16 16 34</runs>
            <runs>0 3 9 8 14 17 1 1 32</runs>
            <runs>0 6 4 9 13 40 11</runs>
            <runs>0 19 11 43 4</runs>
            <runs>0 19 8 46 4</runs>
            <runs>0 73 4</runs>
        </run-table>
    </sample>
    <sample shape="TIME_THREE_FOUR" interline="22" pitch="-0.1" left="223" top="214" id="472">
        <run-table orientation="VERTICAL" width="29" height="85">
            <runs>0 27 1 44 6</runs>
            <runs>0 3 8 15 8 37 8</runs>
            <runs>12 13 10 35 9</runs>
            <runs>12 12 12 32 10</runs>
            <runs>12 12 13 27 14</runs>
            <runs>12 7 18 25 16</runs>
            <runs>12 12 14 19 13 4 4</runs>
            <runs>12 5 1 6 14 10 21 5 4</runs>
            <runs>12 4 2 6 14 10 19 7 4</runs>
            <runs>0 3 9 3 3 6 15 9 18 8 4</runs>
            <runs>0 4 7 5 2 7 8 4 2 9 18 8 4</runs>
            <runs>0 6 3 7 2 8 6 5 2 9 14 12 4</runs>
            <runs>0 16 2 9 3 8 1 9 13 13 4</runs>
            <runs>0 15 3 20 1 9 11 15 4</runs>
            <runs>0 15 3 19 2 9 9 17 6 1 4</runs>
            <runs>0 1 2 9 10 14 3 8 8 7 23</runs>
            <runs>22 13 3 9 6 7 25</runs>
            <runs>25 5 2 1 5 9 4 7 27</runs>
            <runs>16 1 21 19 28</runs>
            <runs>16 2 19 18 30</runs>
            <runs>15 3 19 16 32</runs>
            <runs>15 3 19 14 34</runs>
            <runs>14 4 18 15 34</runs>
            <runs>14 5 17 17 32</runs>
            <runs>0 1 12 6 16 38 11</runs>
            <runs>0 3 7 9 15 39 5</runs>
            <runs>0 6 2 11 13 41 4</runs>
            <runs>0 23 6 44 4</runs>
            <runs>0 73 4</runs>
        </run-table>
    </sample>
</samples>
