<?xml version="1.0" encoding="UTF-8" standalone="yes"?>
<samples sheet-name="IMSLP02234#4">
    <sample shape="G_CLEF" interline="18" pitch="-0.1" left="90" top="99" id="429">
        <run-table orientation="VERTICAL" width="51" height="134">
            <runs>0 74 9</runs>
            <runs>0 67 21</runs>
            <runs>0 66 23</runs>
            <runs>0 65 26</runs>
            <runs>0 64 29</runs>
            <runs>0 63 32</runs>
            <runs>0 61 35 20 1 3 2</runs>
            <runs>0 58 40 17 8</runs>
            <runs>0 56 42 16 12</runs>
            <runs>0 55 23 5 17 12 16</runs>
            <runs>0 54 22 16 14 5 18</runs>
            <runs>0 49 22 23 12 5 19</runs>
            <runs>0 49 22 24 11 5 20</runs>
            <runs>0 49 21 28 3 9 22</runs>
            <runs>0 49 22 28 2 9 22</runs>
            <runs>0 49 22 7 12 9 2 9 23</runs>
            <runs>0 49 16 11 15 8 2 9 23</runs>
            <runs>0 47 17 10 18 8 1 9 24</runs>
            <runs>0 46 17 10 20 17 24</runs>
            <runs>0 46 16 10 22 16 24</runs>
            <runs>0 45 16 5 28 17 18 1 4</runs>
            <runs>0 44 16 6 29 17 16 2 4</runs>
            <runs>0 42 18 6 23 2 4 17 15 3 4</runs>
            <runs>0 29 31 6 15 12 3 18 12 4 4</runs>
            <runs>0 19 40 6 15 14 2 19 10 4 5</runs>
            <runs>0 17 43 6 13 50 5</runs>
            <runs>0 12 67 50 5</runs>
            <runs>0 11 68 50 5</runs>
            <runs>0 9 72 47 5</runs>
            <runs>0 8 81 38 6</runs>
            <runs>0 7 17 1 65 36 6</runs>
            <runs>0 5 18 7 23 10 33 3 1 25 7</runs>
            <runs>0 5 16 9 23 13 40 17 1 1 6</runs>
            <runs>0 4 15 11 23 13 13 4 48</runs>
            <runs>0 3 13 13 24 13 13 14 37</runs>
            <runs>0 2 14 13 24 13 13 16 34</runs>
            <runs>0 2 13 14 24 13 13 19 29</runs>
            <runs>0 1 13 13 20 19 14 18 27</runs>
            <runs>13 11 22 21 14 16 9 6 3</runs>
            <runs>11 11 23 21 16 15 9</runs>
            <runs>11 10 23 22 23 5 12</runs>
            <runs>17 1 24 24 23 3 14</runs>
            <runs>41 25 34</runs>
            <runs>40 26 33</runs>
            <runs>0 2 37 27 33</runs>
            <runs>0 4 33 29 32</runs>
            <runs>0 8 29 29 31</runs>
            <runs>0 12 25 36 23</runs>
            <runs>0 20 7 48 19</runs>
            <runs>0 21 3 53 16</runs>
            <runs>0 22 1 58 2</runs>
        </run-table>
    </sample>
    <sample shape="G_CLEF" interline="18" pitch="0.2" left="86" top="587" id="455">
        <run-table orientation="VERTICAL" width="53" height="136">
            <runs>0 77 1</runs>
            <runs>0 68 23</runs>
            <runs>0 68 24</runs>
            <runs>0 67 25</runs>
            <runs>0 65 28</runs>
            <runs>0 63 33</runs>
            <runs>0 61 36 22 7</runs>
            <runs>0 59 39 18 12</runs>
            <runs>0 58 42 14 15</runs>
            <runs>0 50 51 13 17</runs>
            <runs>0 50 58 5 19</runs>
            <runs>0 50 30 5 23 4 21</runs>
            <runs>0 50 26 9 23 3 22</runs>
            <runs>0 50 24 19 15 3 23</runs>
            <runs>0 50 23 22 13 2 25</runs>
            <runs>0 50 23 9 3 11 12 2 25</runs>
            <runs>0 50 23 6 12 6 11 2 25</runs>
            <runs>0 49 24 3 16 6 10 2 26</runs>
            <runs>0 48 18 9 19 4 10 2 26</runs>
            <runs>0 47 18 3 27 4 9 3 25</runs>
            <runs>0 46 18 4 28 15 25</runs>
            <runs>0 45 18 5 29 15 24</runs>
            <runs>0 44 18 6 29 16 23</runs>
            <runs>0 31 1 11 18 7 29 16 17 1 5</runs>
            <runs>0 23 3 1 34 7 16 9 4 18 14 2 5</runs>
            <runs>0 21 40 6 15 12 4 18 10 5 5</runs>
            <runs>0 15 47 5 14 13 4 22 5 5 6</runs>
            <runs>0 13 68 14 2 33 6</runs>
            <runs>0 13 68 48 7</runs>
            <runs>0 11 72 46 6</runs>
            <runs>0 10 80 38 6</runs>
            <runs>0 8 83 36 7</runs>
            <runs>0 7 19 6 76 16 10</runs>
            <runs>0 6 17 9 24 10 46 11 9</runs>
            <runs>0 5 15 12 24 10 66</runs>
            <runs>0 4 14 14 24 11 15 2 48</runs>
            <runs>0 3 14 14 25 11 14 14 36</runs>
            <runs>0 2 14 14 25 12 14 15 33</runs>
            <runs>0 1 14 14 26 12 15 15 29</runs>
            <runs>0 1 12 14 28 13 14 15 12</runs>
            <runs>0 1 11 13 22 21 23 5 12</runs>
            <runs>11 13 21 23 23 4 13</runs>
            <runs>12 6 26 24 40</runs>
            <runs>43 25 40</runs>
            <runs>0 1 40 27 33</runs>
            <runs>0 2 37 29 32</runs>
            <runs>0 5 34 29 32</runs>
            <runs>0 9 29 31 29</runs>
            <runs>0 10 19 46 23</runs>
            <runs>0 21 1 55 19</runs>
            <runs>0 78 16</runs>
            <runs>0 82 10</runs>
            <runs>0 84 2</runs>
        </run-table>
    </sample>
    <sample shape="G_CLEF" interline="18" pitch="0.4" left="85" top="1088" id="504">
        <run-table orientation="VERTICAL" width="52" height="136">
            <runs>0 77 11</runs>
            <runs>0 66 23</runs>
            <runs>0 66 23</runs>
            <runs>0 66 26</runs>
            <runs>0 64 31</runs>
            <runs>0 62 34</runs>
            <runs>0 60 37</runs>
            <runs>0 58 40 21 8</runs>
            <runs>0 57 42 17 12</runs>
            <runs>0 56 44 14 16</runs>
            <runs>0 48 58 7 17</runs>
            <runs>0 49 29 13 15 6 20</runs>
            <runs>0 48 26 18 14 6 21</runs>
            <runs>0 49 23 22 12 6 21</runs>
            <runs>0 49 22 24 11 5 23</runs>
            <runs>0 49 22 8 9 8 10 4 24</runs>
            <runs>0 48 23 5 13 8 9 4 24</runs>
            <runs>0 47 24 3 16 8 3 9 25</runs>
            <runs>0 46 25 3 18 7 2 9 25</runs>
            <runs>0 45 26 2 20 6 2 9 25</runs>
            <runs>0 44 19 2 29 6 1 10 24</runs>
            <runs>0 43 19 3 30 17 23</runs>
            <runs>0 42 19 4 32 15 24</runs>
            <runs>0 21 39 5 32 15 24</runs>
            <runs>0 16 44 6 23 1 7 3 1 12 22</runs>
            <runs>0 14 46 5 16 10 6 3 1 13 14 1 6</runs>
            <runs>0 13 67 13 4 2 2 17 7 4 6</runs>
            <runs>0 10 70 13 4 3 1 28 6</runs>
            <runs>0 9 72 13 3 3 1 27 7</runs>
            <runs>0 8 81 11 1 27 7</runs>
            <runs>0 7 83 10 1 26 8</runs>
            <runs>0 6 19 5 26 3 35 5 2 25 9</runs>
            <runs>0 4 17 9 24 11 42 18 9</runs>
            <runs>0 3 17 10 24 12 46 9 13</runs>
            <runs>0 2 15 14 22 13 16 1 50</runs>
            <runs>0 2 14 14 23 13 15 2 50</runs>
            <runs>0 1 13 14 26 12 15 12 39</runs>
            <runs>0 1 13 13 27 12 15 14 35</runs>
            <runs>14 11 22 19 16 14 33</runs>
            <runs>14 7 25 20 23 7 11 8 10</runs>
            <runs>15 3 27 21 23 6 11 12 3</runs>
            <runs>44 22 24 4 12</runs>
            <runs>43 23 41</runs>
            <runs>0 3 39 24 41</runs>
            <runs>0 4 37 25 34</runs>
            <runs>0 8 29 29 34</runs>
            <runs>0 10 26 30 32</runs>
            <runs>0 18 11 44 24</runs>
            <runs>0 75 21</runs>
            <runs>0 77 18</runs>
            <runs>0 80 11</runs>
            <runs>0 82 2</runs>
        </run-table>
    </sample>
    <sample shape="G_CLEF" interline="18" pitch="0.5" left="85" top="1595" id="548">
        <run-table orientation="VERTICAL" width="51" height="136">
            <runs>0 76 11</runs>
            <runs>0 65 24</runs>
            <runs>0 65 26</runs>
            <runs>0 65 28</runs>
            <runs>0 64 31</runs>
            <runs>0 63 33 21 11</runs>
            <runs>0 61 37 17 15</runs>
            <runs>0 59 46 9 16</runs>
            <runs>0 57 48 8 18</runs>
            <runs>0 56 49 7 20</runs>
            <runs>0 55 24 1 25 7 21</runs>
            <runs>0 54 21 16 14 6 22</runs>
            <runs>0 53 20 21 11 6 22</runs>
            <runs>0 47 24 24 10 6 23</runs>
            <runs>0 47 23 26 9 6 23</runs>
            <runs>0 47 23 28 2 11 23</runs>
            <runs>0 47 23 6 13 9 2 11 24</runs>
            <runs>0 47 23 4 19 5 2 11 24</runs>
            <runs>0 47 23 4 19 5 2 11 25</runs>
            <runs>0 47 24 2 21 4 2 11 24</runs>
            <runs>0 46 17 9 23 4 1 11 25</runs>
            <runs>0 45 17 3 31 16 24</runs>
            <runs>0 44 17 4 32 17 15 1 6</runs>
            <runs>0 43 17 5 32 19 11 3 5</runs>
            <runs>0 40 20 5 23 3 6 24 3 6 5</runs>
            <runs>0 23 37 5 23 5 4 33 5</runs>
            <runs>0 21 40 4 23 5 5 31 6</runs>
            <runs>0 17 71 6 4 31 5</runs>
            <runs>0 15 73 7 2 31 6</runs>
            <runs>0 13 76 38 7</runs>
            <runs>0 11 80 5 11 19 8</runs>
            <runs>0 9 99 17 8</runs>
            <runs>0 8 47 3 74</runs>
            <runs>0 7 19 3 24 11 68</runs>
            <runs>0 6 16 7 24 12 65</runs>
            <runs>0 6 14 9 23 13 16 7 2 3 36</runs>
            <runs>0 5 14 10 24 12 16 16 30</runs>
            <runs>0 4 13 13 23 12 16 17 9 5 10</runs>
            <runs>0 3 13 14 23 13 22 9 9</runs>
            <runs>0 2 13 14 24 13 22 8 10</runs>
            <runs>0 2 11 14 26 13 22 7 11</runs>
            <runs>0 1 12 13 27 13 22 5 13</runs>
            <runs>0 1 11 11 23 20 40</runs>
            <runs>12 9 22 22 41</runs>
            <runs>0 1 41 23 41</runs>
            <runs>0 1 40 24 34</runs>
            <runs>0 2 38 24 1 7 26</runs>
            <runs>0 4 33 26 2 8 25</runs>
            <runs>0 9 26 27 3 9 22</runs>
            <runs>0 16 11 2 2 45 19</runs>
            <runs>0 77 14</runs>
        </run-table>
    </sample>
    <sample shape="G_CLEF" interline="18" pitch="0.4" left="84" top="2106" id="584">
        <run-table orientation="VERTICAL" width="51" height="135">
            <runs>0 75 3</runs>
            <runs>0 72 15</runs>
            <runs>0 65 25</runs>
            <runs>0 65 26</runs>
            <runs>0 64 29 27 2</runs>
            <runs>0 62 33 21 8</runs>
            <runs>0 60 36 19 10</runs>
            <runs>0 58 39 16 15</runs>
            <runs>0 57 41 15 16</runs>
            <runs>0 56 43 13 18</runs>
            <runs>0 55 24 10 16 6 20</runs>
            <runs>0 54 21 17 13 6 21</runs>
            <runs>0 53 19 22 11 6 21</runs>
            <runs>0 52 19 24 10 6 22</runs>
            <runs>0 47 22 27 3 12 22</runs>
            <runs>0 47 22 28 2 12 23</runs>
            <runs>0 47 22 9 9 11 1 12 23</runs>
            <runs>0 47 22 5 17 20 23</runs>
            <runs>0 46 23 5 19 18 23</runs>
            <runs>0 46 23 4 21 17 24</runs>
            <runs>0 45 17 10 22 18 23</runs>
            <runs>0 44 17 10 23 19 15 2 5</runs>
            <runs>0 44 16 11 25 18 13 4 4</runs>
            <runs>0 42 17 5 24 3 6 19 10 5 3</runs>
            <runs>0 41 18 5 23 5 5 23 4 7 3</runs>
            <runs>0 29 30 5 16 14 3 34 3</runs>
            <runs>0 20 40 4 16 14 3 33 4</runs>
            <runs>0 17 45 2 16 14 3 32 5</runs>
            <runs>0 14 67 48 5</runs>
            <runs>0 13 75 41 4</runs>
            <runs>0 11 78 39 5</runs>
            <runs>0 9 49 1 38 1 2 26 6</runs>
            <runs>0 8 19 8 18 11 43 17 8</runs>
            <runs>0 7 16 7 22 13 48 1 1 5 11</runs>
            <runs>0 6 14 10 22 14 15 1 48</runs>
            <runs>0 5 14 11 21 15 14 14 34</runs>
            <runs>0 4 12 14 22 14 14 16 30</runs>
            <runs>0 3 13 14 22 14 14 26 15 1 1</runs>
            <runs>0 2 12 16 22 14 15</runs>
            <runs>0 2 11 16 17 20 22</runs>
            <runs>0 1 11 15 18 21 22 8 9</runs>
            <runs>11 14 19 21 23 7 10</runs>
            <runs>11 12 20 22 23 2 1 1 13</runs>
            <runs>10 12 19 24 39</runs>
            <runs>13 2 25 31 28</runs>
            <runs>39 32 28</runs>
            <runs>0 2 35 35 26</runs>
            <runs>0 4 31 39 23</runs>
            <runs>0 8 26 41 20</runs>
            <runs>0 12 15 50 16</runs>
            <runs>0 81 10</runs>
        </run-table>
    </sample>
    <sample shape="G_CLEF" interline="18" pitch="0.6" left="83" top="2648" id="626">
        <run-table orientation="VERTICAL" width="51" height="134">
            <runs>0 66 23</runs>
            <runs>0 66 24</runs>
            <runs>0 67 24</runs>
            <runs>0 65 29</runs>
            <runs>0 62 33</runs>
            <runs>0 60 36 21 8</runs>
            <runs>0 59 38 2 1 14 13</runs>
            <runs>0 58 48 7 16</runs>
            <runs>0 57 49 6 18</runs>
            <runs>0 55 51 6 18</runs>
            <runs>0 48 30 6 22 5 19</runs>
            <runs>0 48 28 16 14 4 22</runs>
            <runs>0 48 24 21 13 4 22</runs>
            <runs>0 48 24 22 12 4 23</runs>
            <runs>0 48 24 6 11 7 10 4 23</runs>
            <runs>0 48 24 4 14 6 11 3 23</runs>
            <runs>0 48 23 2 18 6 10 3 24</runs>
            <runs>0 47 24 1 20 6 9 3 24</runs>
            <runs>0 46 47 17 24</runs>
            <runs>0 45 18 2 28 17 24</runs>
            <runs>0 44 18 3 29 17 9 1 13</runs>
            <runs>0 43 19 10 23 17 16 2 4</runs>
            <runs>0 42 19 4 30 19 13 2 5</runs>
            <runs>0 40 20 5 31 19 10 4 5</runs>
            <runs>0 26 2 2 29 6 25 2 6 19 5 7 5</runs>
            <runs>0 21 38 6 25 2 6 31 5</runs>
            <runs>0 18 43 2 1 1 25 3 13 23 5</runs>
            <runs>0 16 74 3 4 1 9 21 6</runs>
            <runs>0 15 74 4 3 3 8 21 6</runs>
            <runs>0 13 77 9 8 19 7</runs>
            <runs>0 10 50 1 35 2 9 18 7</runs>
            <runs>0 9 49 5 46 14 10</runs>
            <runs>0 8 16 5 25 10 49 2 17</runs>
            <runs>0 8 14 8 24 12 65</runs>
            <runs>0 6 15 10 23 12 63</runs>
            <runs>0 6 12 13 23 13 14 10 2 2 34</runs>
            <runs>0 5 11 14 23 14 14 14 32</runs>
            <runs>0 4 10 15 24 14 14 16 13 2 12</runs>
            <runs>0 3 11 14 25 14 14 16 9 7 5</runs>
            <runs>0 2 11 14 20 19 16 14 10 8 2</runs>
            <runs>0 1 10 14 20 21 22 6 12</runs>
            <runs>0 1 10 13 20 23 21 6 12</runs>
            <runs>11 10 21 25 21 2 16</runs>
            <runs>16 3 21 27 33</runs>
            <runs>0 1 38 27 33</runs>
            <runs>0 4 33 29 32</runs>
            <runs>0 5 31 36 24</runs>
            <runs>0 7 29 37 22</runs>
            <runs>0 13 15 46 20</runs>
            <runs>0 76 16</runs>
            <runs>0 78 12</runs>
        </run-table>
    </sample>
    <sample shape="G_CLEF" interline="18" pitch="0.5" left="85" top="1595" id="551">
        <run-table orientation="VERTICAL" width="51" height="136">
            <runs>0 76 11</runs>
            <runs>0 65 24</runs>
            <runs>0 65 26</runs>
            <runs>0 65 28</runs>
            <runs>0 64 31</runs>
            <runs>0 63 33 21 11</runs>
            <runs>0 61 37 17 15</runs>
            <runs>0 59 46 9 16</runs>
            <runs>0 57 48 8 18</runs>
            <runs>0 56 49 7 20</runs>
            <runs>0 55 24 1 25 7 21</runs>
            <runs>0 54 21 16 14 6 22</runs>
            <runs>0 53 20 21 11 6 22</runs>
            <runs>0 47 24 24 10 6 23</runs>
            <runs>0 47 23 26 9 6 23</runs>
            <runs>0 47 23 28 2 11 23</runs>
            <runs>0 47 23 6 13 9 2 11 24</runs>
            <runs>0 47 23 4 19 5 2 11 24</runs>
            <runs>0 47 23 4 19 5 2 11 25</runs>
            <runs>0 47 24 2 21 4 2 11 24</runs>
            <runs>0 46 17 9 23 4 1 11 25</runs>
            <runs>0 45 17 3 31 16 24</runs>
            <runs>0 44 17 4 32 17 15 1 6</runs>
            <runs>0 43 17 5 32 19 11 3 5</runs>
            <runs>0 40 20 5 23 3 6 24 3 6 5</runs>
            <runs>0 23 37 5 23 5 4 33 5</runs>
            <runs>0 21 40 4 23 5 5 31 6</runs>
            <runs>0 17 71 6 4 31 5</runs>
            <runs>0 15 73 7 2 31 6</runs>
            <runs>0 13 76 38 7</runs>
            <runs>0 11 80 5 11 19 8</runs>
            <runs>0 9 99 17 8</runs>
            <runs>0 8 47 3 74</runs>
            <runs>0 7 19 3 24 11 68</runs>
            <runs>0 6 16 7 24 12 65</runs>
            <runs>0 6 14 9 23 13 16 7 2 3 36</runs>
            <runs>0 5 14 10 24 12 16 16 30</runs>
            <runs>0 4 13 13 23 12 16 17 9 5 10</runs>
            <runs>0 3 13 14 23 13 22 9 9</runs>
            <runs>0 2 13 14 24 13 22 8 10</runs>
            <runs>0 2 11 14 26 13 22 7 11</runs>
            <runs>0 1 12 13 27 13 22 5 13</runs>
            <runs>0 1 11 11 23 20 40</runs>
            <runs>12 9 22 3 1 18 41</runs>
            <runs>0 1 41 3 2 18 41</runs>
            <runs>0 1 40 4 2 18 34</runs>
            <runs>0 2 38 6 1 17 1 7 26</runs>
            <runs>0 4 33 26 2 8 25</runs>
            <runs>0 9 26 27 3 9 22</runs>
            <runs>0 16 11 2 2 45 19</runs>
            <runs>0 77 14</runs>
        </run-table>
    </sample>
    <sample shape="F_CLEF" interline="18" pitch="-1.8" left="86" top="328" id="437">
        <run-table orientation="VERTICAL" width="51" height="59">
            <runs>0 12 5</runs>
            <runs>0 10 13</runs>
            <runs>0 9 14 30 1</runs>
            <runs>0 7 16 29 2</runs>
            <runs>0 1 23 28 2</runs>
            <runs>0 1 23 27 3</runs>
            <runs>0 1 23 27 3</runs>
            <runs>0 1 24 25 9</runs>
            <runs>0 1 24 24 10</runs>
            <runs>0 1 24 24 10</runs>
            <runs>0 1 24 22 12</runs>
            <runs>0 9 16 21 13</runs>
            <runs>0 9 16 21 13</runs>
            <runs>0 9 16 18 16</runs>
            <runs>0 11 13 19 9</runs>
            <runs>0 12 12 11 17</runs>
            <runs>0 13 10 12 17</runs>
            <runs>0 36 16</runs>
            <runs>0 36 15</runs>
            <runs>0 36 14</runs>
            <runs>0 34 14</runs>
            <runs>0 31 16</runs>
            <runs>0 27 20</runs>
            <runs>0 1 10 7 28</runs>
            <runs>0 1 44</runs>
            <runs>0 1 43</runs>
            <runs>0 1 43</runs>
            <runs>0 1 41</runs>
            <runs>0 1 41</runs>
            <runs>0 1 41</runs>
            <runs>0 1 41</runs>
            <runs>0 1 40</runs>
            <runs>0 1 41</runs>
            <runs>0 1 41</runs>
            <runs>0 1 31</runs>
            <runs>0 9 22</runs>
            <runs>0 11 19</runs>
            <runs>0 14 12</runs>
            <runs></runs>
            <runs></runs>
            <runs>0 9 1</runs>
            <runs>15 9 8</runs>
            <runs>15 4 14</runs>
            <runs>0 1 14 4 15</runs>
            <runs>0 1 14 4 15</runs>
            <runs>0 1 14 3 15</runs>
            <runs>0 1 14 4 15</runs>
            <runs>0 1 14 4 15</runs>
            <runs>0 1 14 4 14</runs>
            <runs>0 1 12 12 6</runs>
            <runs>0 8 2 16 3</runs>
        </run-table>
    </sample>
    <sample shape="F_CLEF" interline="18" pitch="-2.0" left="81" top="1330" id="518">
        <run-table orientation="VERTICAL" width="51" height="58">
            <runs>0 11 12</runs>
            <runs>0 10 13</runs>
            <runs>0 8 15 29 1</runs>
            <runs>0 6 18 28 1</runs>
            <runs>0 2 22 28 1</runs>
            <runs>0 2 23 26 2</runs>
            <runs>0 2 23 26 2</runs>
            <runs>0 2 23 25 3</runs>
            <runs>0 2 23 24 9</runs>
            <runs>0 2 23 23 10</runs>
            <runs>0 2 23 22 11</runs>
            <runs>0 8 17 21 6</runs>
            <runs>0 9 15 22 6</runs>
            <runs>0 9 15 21 6</runs>
            <runs>0 9 15 20 7</runs>
            <runs>0 12 11 19 8</runs>
            <runs>0 12 11 13 13</runs>
            <runs>0 15 9 12 13</runs>
            <runs>0 36 12</runs>
            <runs>0 36 11</runs>
            <runs>0 6 2 23 16</runs>
            <runs>9 19 18</runs>
            <runs>10 15 20</runs>
            <runs>13 2 29</runs>
            <runs>0 1 42</runs>
            <runs>0 1 42</runs>
            <runs>0 1 41</runs>
            <runs>0 1 40</runs>
            <runs>0 2 39</runs>
            <runs>0 2 39</runs>
            <runs>0 1 40</runs>
            <runs>0 1 40</runs>
            <runs>0 1 40</runs>
            <runs>0 1 33</runs>
            <runs>0 7 25</runs>
            <runs>0 8 22</runs>
            <runs>0 10 18</runs>
            <runs>0 14 12</runs>
            <runs></runs>
            <runs>0 27 1</runs>
            <runs>0 8 5 13 6</runs>
            <runs>0 7 7 5 14</runs>
            <runs>0 2 13 4 14</runs>
            <runs>0 2 13 4 14</runs>
            <runs>0 2 13 4 15</runs>
            <runs>0 2 13 4 15</runs>
            <runs>0 2 13 4 14</runs>
            <runs>0 2 13 4 14</runs>
            <runs>0 2 13 4 13</runs>
            <runs>0 2 12 11 6</runs>
            <runs>0 8 5 13 3</runs>
        </run-table>
    </sample>
    <sample shape="F_CLEF" interline="18" pitch="-2.0" left="83" top="1834" id="560">
        <run-table orientation="VERTICAL" width="52" height="62">
            <runs>0 18 9</runs>
            <runs>0 14 13</runs>
            <runs>0 14 13</runs>
            <runs>0 12 16 29 1</runs>
            <runs>0 6 22 29 1</runs>
            <runs>0 6 23 28 1</runs>
            <runs>0 6 24 26 2</runs>
            <runs>0 6 24 25 3</runs>
            <runs>0 6 24 24 4</runs>
            <runs>0 6 24 23 9</runs>
            <runs>0 6 24 23 9</runs>
            <runs>0 13 16 23 10</runs>
            <runs>0 14 15 22 5</runs>
            <runs>0 14 15 21 5</runs>
            <runs>0 15 13 21 6</runs>
            <runs>0 17 10 20 7</runs>
            <runs>0 18 9 19 8</runs>
            <runs>0 41 12</runs>
            <runs>0 41 11</runs>
            <runs>0 41 11</runs>
            <runs>0 39 12</runs>
            <runs>0 38 12</runs>
            <runs>0 34 16</runs>
            <runs>0 5 11 6 27</runs>
            <runs>0 5 43</runs>
            <runs>0 5 42</runs>
            <runs>0 5 40</runs>
            <runs>0 5 40</runs>
            <runs>0 5 40</runs>
            <runs>0 5 40</runs>
            <runs>0 5 40</runs>
            <runs>0 5 40</runs>
            <runs>0 5 40</runs>
            <runs>0 4 34</runs>
            <runs>0 4 31</runs>
            <runs>0 14 18</runs>
            <runs>0 16 14</runs>
            <runs>0 21 9</runs>
            <runs></runs>
            <runs></runs>
            <runs>1 13 2</runs>
            <runs>2 11 4 13 5</runs>
            <runs>0 12 6 12 6</runs>
            <runs>0 5 14 4 14</runs>
            <runs>0 6 13 4 14</runs>
            <runs>0 6 13 4 14</runs>
            <runs>0 6 13 4 14</runs>
            <runs>0 6 12 11 8</runs>
            <runs>0 11 7 12 6</runs>
            <runs>0 11 7 13 3</runs>
            <runs>0 11 6</runs>
            <runs>0 11 3</runs>
        </run-table>
    </sample>
    <sample shape="F_CLEF" interline="18" pitch="-1.7" left="77" top="828" id="475">
        <run-table orientation="VERTICAL" width="67" height="60">
            <runs>0 58 1</runs>
            <runs>0 58 2</runs>
            <runs>0 58 2</runs>
            <runs>0 58 2</runs>
            <runs>0 58 2</runs>
            <runs>0 58 2</runs>
            <runs>0 58 1</runs>
            <runs>0 11 10 37 1</runs>
            <runs>0 9 12</runs>
            <runs>0 7 15</runs>
            <runs>0 6 16</runs>
            <runs>0 5 19 27 1</runs>
            <runs>24 27 1</runs>
            <runs>25 25 2</runs>
            <runs>25 24 3</runs>
            <runs>25 23 9</runs>
            <runs>25 22 10</runs>
            <runs>0 6 1 1 17 21 11</runs>
            <runs>0 9 15 22 11</runs>
            <runs>0 9 15 21 12</runs>
            <runs>0 10 14 20 7</runs>
            <runs>0 11 12 20 7</runs>
            <runs>0 12 11 19 7</runs>
            <runs>0 14 3 18 14</runs>
            <runs>0 36 13</runs>
            <runs>0 36 12</runs>
            <runs>0 35 12</runs>
            <runs>0 33 14</runs>
            <runs>0 6 1 23 16</runs>
            <runs>9 8 29</runs>
            <runs>12 5 27</runs>
            <runs>44</runs>
            <runs>43</runs>
            <runs>42</runs>
            <runs>41</runs>
            <runs>41</runs>
            <runs>40</runs>
            <runs>40</runs>
            <runs>40</runs>
            <runs>40</runs>
            <runs>0 5 28</runs>
            <runs>0 6 25</runs>
            <runs>0 9 20</runs>
            <runs>0 11 15</runs>
            <runs>0 15 3</runs>
            <runs></runs>
            <runs></runs>
            <runs>0 10 1 17 1</runs>
            <runs>0 7 6 12 7</runs>
            <runs>0 6 8 10 9</runs>
            <runs>0 6 9 8 10</runs>
            <runs>0 5 10 3 15</runs>
            <runs>0 6 9 8 10</runs>
            <runs>0 6 9 8 10</runs>
            <runs>0 6 8 9 9</runs>
            <runs>0 6 8 10 7</runs>
            <runs>0 8 4 14 5</runs>
            <runs></runs>
            <runs></runs>
            <runs></runs>
            <runs></runs>
            <runs></runs>
            <runs></runs>
            <runs></runs>
            <runs></runs>
            <runs></runs>
            <runs>0 28 6</runs>
        </run-table>
    </sample>
    <sample shape="F_CLEF" interline="18" pitch="-2.0" left="81" top="1330" id="524">
        <run-table orientation="VERTICAL" width="63" height="58">
            <runs>0 11 12</runs>
            <runs>0 10 13</runs>
            <runs>0 8 15 29 1</runs>
            <runs>0 6 18 28 1</runs>
            <runs>0 2 22 28 1</runs>
            <runs>0 2 23 26 2</runs>
            <runs>0 2 23 26 2</runs>
            <runs>0 2 23 25 3</runs>
            <runs>0 2 23 24 9</runs>
            <runs>0 2 23 23 10</runs>
            <runs>0 2 23 22 11</runs>
            <runs>0 8 17 21 6</runs>
            <runs>0 9 15 22 6</runs>
            <runs>0 9 15 21 6</runs>
            <runs>0 9 15 20 7</runs>
            <runs>0 12 11 19 8</runs>
            <runs>0 12 11 13 13</runs>
            <runs>0 15 9 12 13</runs>
            <runs>0 36 12</runs>
            <runs>0 36 11</runs>
            <runs>0 6 2 23 16</runs>
            <runs>9 19 18</runs>
            <runs>10 15 20</runs>
            <runs>13 2 29</runs>
            <runs>0 1 42</runs>
            <runs>0 1 42</runs>
            <runs>0 1 41</runs>
            <runs>0 1 40</runs>
            <runs>0 2 39</runs>
            <runs>0 2 39</runs>
            <runs>0 1 40</runs>
            <runs>0 1 40</runs>
            <runs>0 1 40</runs>
            <runs>0 1 33</runs>
            <runs>0 7 25</runs>
            <runs>0 8 22</runs>
            <runs>0 10 18</runs>
            <runs>0 14 12</runs>
            <runs></runs>
            <runs>0 27 1</runs>
            <runs>0 8 5 13 6</runs>
            <runs>0 7 7 5 14</runs>
            <runs>0 2 13 4 14</runs>
            <runs>0 2 13 4 14</runs>
            <runs>0 2 13 4 15</runs>
            <runs>0 2 13 4 15</runs>
            <runs>0 2 13 4 14</runs>
            <runs>0 2 13 4 14</runs>
            <runs>0 2 13 4 13</runs>
            <runs>0 2 12 11 6</runs>
            <runs>0 8 5 13 3</runs>
            <runs></runs>
            <runs></runs>
            <runs></runs>
            <runs></runs>
            <runs></runs>
            <runs></runs>
            <runs></runs>
            <runs></runs>
            <runs></runs>
            <runs></runs>
            <runs></runs>
            <runs>0 29 5</runs>
        </run-table>
    </sample>
    <sample shape="F_CLEF" interline="18" pitch="-1.8" left="80" top="2360" id="599">
        <run-table orientation="VERTICAL" width="62" height="57">
            <runs>0 12 9</runs>
            <runs>0 9 13</runs>
            <runs>0 7 15</runs>
            <runs>0 6 17</runs>
            <runs>0 5 19</runs>
            <runs>24</runs>
            <runs>24</runs>
            <runs>25</runs>
            <runs>24 26 1</runs>
            <runs>24 25 2</runs>
            <runs>0 6 1 1 16 25 2</runs>
            <runs>0 9 15 23 10</runs>
            <runs>0 9 15 22 11</runs>
            <runs>0 9 14 22 12</runs>
            <runs>0 10 13 21 7</runs>
            <runs>0 12 10 21 7</runs>
            <runs>0 41 8</runs>
            <runs>0 36 12</runs>
            <runs>0 36 11</runs>
            <runs>0 5 1 30 11</runs>
            <runs>0 5 2 27 12</runs>
            <runs>0 5 3 22 15</runs>
            <runs>10 16 18</runs>
            <runs>16 1 26</runs>
            <runs>43</runs>
            <runs>42</runs>
            <runs>41</runs>
            <runs>39</runs>
            <runs>39</runs>
            <runs>39</runs>
            <runs>39</runs>
            <runs>39</runs>
            <runs>34</runs>
            <runs>0 6 27</runs>
            <runs>0 8 21</runs>
            <runs>0 9 19</runs>
            <runs>0 12 13</runs>
            <runs>0 15 9</runs>
            <runs></runs>
            <runs></runs>
            <runs>0 10 1 14 2</runs>
            <runs>0 8 4 12 6</runs>
            <runs>0 6 7 10 8</runs>
            <runs>0 5 8 10 9</runs>
            <runs>0 5 9 9 9</runs>
            <runs>0 5 9 9 9</runs>
            <runs>0 5 9 9 9</runs>
            <runs>0 5 9 10 7</runs>
            <runs>0 6 7 11 7</runs>
            <runs>0 8 4 15 2</runs>
            <runs></runs>
            <runs></runs>
            <runs></runs>
            <runs></runs>
            <runs></runs>
            <runs></runs>
            <runs></runs>
            <runs></runs>
            <runs></runs>
            <runs></runs>
            <runs></runs>
            <runs>0 27 12</runs>
        </run-table>
    </sample>
    <sample shape="F_CLEF" interline="18" pitch="-1.6" left="75" top="2922" id="647">
        <run-table orientation="VERTICAL" width="67" height="61">
            <runs>0 59 1</runs>
            <runs>0 59 2</runs>
            <runs>0 59 2</runs>
            <runs>0 59 2</runs>
            <runs>0 59 2</runs>
            <runs>0 59 1</runs>
            <runs>0 12 11 36 1</runs>
            <runs>0 11 12</runs>
            <runs>0 10 14</runs>
            <runs>0 8 16 28 1</runs>
            <runs>0 6 19 27 1</runs>
            <runs>0 1 25 25 2</runs>
            <runs>0 1 25 24 3</runs>
            <runs>0 1 25 23 9</runs>
            <runs>0 1 25 22 10</runs>
            <runs>0 1 25 21 11</runs>
            <runs>0 9 16 21 12</runs>
            <runs>0 9 16 20 12</runs>
            <runs>0 10 14 20 13</runs>
            <runs>0 11 13 17 16</runs>
            <runs>0 11 13 17 16</runs>
            <runs>0 13 10 18 11</runs>
            <runs>0 15 2 19 16</runs>
            <runs>0 36 15</runs>
            <runs>0 36 14</runs>
            <runs>0 35 15</runs>
            <runs>0 31 18</runs>
            <runs>0 7 1 22 18</runs>
            <runs>11 6 31</runs>
            <runs>46</runs>
            <runs>45</runs>
            <runs>43</runs>
            <runs>0 1 41</runs>
            <runs>0 1 40</runs>
            <runs>0 1 39</runs>
            <runs>0 1 39</runs>
            <runs>40</runs>
            <runs>0 1 39</runs>
            <runs>0 1 39</runs>
            <runs>0 1 33</runs>
            <runs>0 7 25</runs>
            <runs>0 9 20</runs>
            <runs>0 12 16</runs>
            <runs>0 13 3 9 1</runs>
            <runs></runs>
            <runs>0 9 2</runs>
            <runs>0 7 6 12 5</runs>
            <runs>0 7 7 10 7</runs>
            <runs>0 1 14 3 15</runs>
            <runs>0 1 14 3 15</runs>
            <runs>0 1 14 3 15</runs>
            <runs>0 1 14 3 15</runs>
            <runs>15 9 9</runs>
            <runs>0 6 8 10 8</runs>
            <runs>0 6 8 11 6</runs>
            <runs>0 8 4</runs>
            <runs></runs>
            <runs></runs>
            <runs></runs>
            <runs></runs>
            <runs></runs>
            <runs></runs>
            <runs></runs>
            <runs></runs>
            <runs>0 7 16</runs>
            <runs>0 7 16</runs>
            <runs>0 7 16</runs>
        </run-table>
    </sample>
    <sample shape="SHARP" interline="18" pitch="-4.0" left="148" top="594" id="494">
        <run-table orientation="VERTICAL" width="20" height="53">
            <runs>0 17 5 13 8</runs>
            <runs>0 16 8 11 8</runs>
            <runs>0 16 33</runs>
            <runs>0 15 37</runs>
            <runs>0 4 8 2 39</runs>
            <runs>0 4 49</runs>
            <runs>0 13 36 1 2</runs>
            <runs>0 13 10 3 16</runs>
            <runs>0 13 10 3 16</runs>
            <runs>0 13 9 4 15</runs>
            <runs>0 13 9 4 15</runs>
            <runs>0 12 11 3 14</runs>
            <runs>0 11 30 1 2</runs>
            <runs>0 1 2 8 39</runs>
            <runs>50</runs>
            <runs>10 1 39</runs>
            <runs>0 11 29</runs>
            <runs>0 11 11 2 15</runs>
            <runs>0 11 10 5 12</runs>
            <runs>0 12 8 14 3</runs>
        </run-table>
    </sample>
    <sample shape="SHARP" interline="18" pitch="-1.2" left="174" top="626" id="497">
        <run-table orientation="VERTICAL" width="20" height="45">
            <runs>0 9 1 18 9</runs>
            <runs>0 9 10 7 11</runs>
            <runs>0 7 33 3 2</runs>
            <runs>45</runs>
            <runs>45</runs>
            <runs>42</runs>
            <runs>0 2 17 2 15</runs>
            <runs>0 6 11 8 11</runs>
            <runs>0 6 10 9 10</runs>
            <runs>0 5 12 8 10</runs>
            <runs>0 5 12 7 11</runs>
            <runs>0 4 31</runs>
            <runs>44</runs>
            <runs>44</runs>
            <runs>44</runs>
            <runs>43</runs>
            <runs>35</runs>
            <runs>0 4 13 3 14</runs>
            <runs>0 5 12 6 11</runs>
            <runs>0 6 11 7 10</runs>
        </run-table>
    </sample>
</samples>
