<?xml version="1.0" encoding="UTF-8" standalone="yes"?>
<samples sheet-name="IMSLP08541#23">
    <sample shape="G_CLEF" interline="22" pitch="0.4" left="464" top="419" id="254">
        <run-table orientation="VERTICAL" width="58" height="165">
            <runs>0 88 2 1 2</runs>
            <runs>0 83 19</runs>
            <runs>0 76 29</runs>
            <runs>0 74 33</runs>
            <runs>0 72 37</runs>
            <runs>0 70 40</runs>
            <runs>0 69 43</runs>
            <runs>0 67 47 34 4</runs>
            <runs>0 65 51 29 10</runs>
            <runs>0 64 27 17 9 25 14</runs>
            <runs>0 63 26 21 7 24 17</runs>
            <runs>0 62 26 23 7 22 19</runs>
            <runs>0 60 24 29 6 21 20</runs>
            <runs>0 55 28 32 9 15 22</runs>
            <runs>0 55 26 34 9 15 22</runs>
            <runs>0 55 25 36 8 15 23</runs>
            <runs>0 55 24 38 7 15 23</runs>
            <runs>0 54 25 39 2 19 24</runs>
            <runs>0 54 25 12 12 16 1 18 19 2 4</runs>
            <runs>0 53 21 13 19 13 1 19 18 3 3</runs>
            <runs>0 52 20 13 23 11 1 19 18 4 3</runs>
            <runs>0 51 19 13 27 29 18 4 3</runs>
            <runs>0 50 20 12 29 29 16 5 3</runs>
            <runs>0 50 19 7 27 6 4 28 15 5 3</runs>
            <runs>0 49 19 8 20 14 4 28 13 6 3</runs>
            <runs>0 48 19 10 16 19 2 29 10 8 4</runs>
            <runs>0 47 19 11 15 53 6 10 4</runs>
            <runs>0 31 2 5 3 5 19 11 15 70 3</runs>
            <runs>0 27 37 12 15 70 3</runs>
            <runs>0 23 41 11 15 71 3</runs>
            <runs>0 20 48 7 15 70 4</runs>
            <runs>0 16 21 5 48 70 4</runs>
            <runs>0 15 12 15 48 70 3</runs>
            <runs>0 13 12 16 18 4 27 70 3</runs>
            <runs>0 11 11 18 18 13 23 65 4</runs>
            <runs>0 10 11 19 18 14 32 54 4</runs>
            <runs>0 9 11 19 18 16 35 50 4</runs>
            <runs>0 7 12 14 24 16 15 6 2 2 26 33 4</runs>
            <runs>0 6 11 16 24 16 15 10 28 30 5</runs>
            <runs>0 5 11 17 20 20 15 18 25 23 6</runs>
            <runs>0 4 10 19 19 21 15 26 27 10 8</runs>
            <runs>0 3 10 20 18 22 16 27 42</runs>
            <runs>0 2 11 19 18 23 16 28 39</runs>
            <runs>0 2 10 20 17 25 15 28 8 10 18</runs>
            <runs>0 1 10 20 17 27 14 28 7 23 2</runs>
            <runs>0 1 10 18 18 28 15 26 3</runs>
            <runs>11 17 17 31 14 24 4</runs>
            <runs>10 17 16 33 15 22 5</runs>
            <runs>0 1 10 14 16 36 15 20 5</runs>
            <runs>0 3 9 11 17 37 16 18 5</runs>
            <runs>0 5 32 40 18 15 5</runs>
            <runs>0 8 29 40 19 12 6</runs>
            <runs>0 10 27 40 36</runs>
            <runs>0 14 12 51 34</runs>
            <runs>0 83 25</runs>
            <runs>0 86 20</runs>
            <runs>0 88 16</runs>
            <runs>0 90 13</runs>
        </run-table>
    </sample>
    <sample shape="G_CLEF" interline="22" pitch="0.4" left="462" top="1018" id="277">
        <run-table orientation="VERTICAL" width="58" height="162">
            <runs>0 85 6 1 8</runs>
            <runs>0 74 27</runs>
            <runs>0 74 28</runs>
            <runs>0 72 32</runs>
            <runs>0 70 36</runs>
            <runs>0 69 39</runs>
            <runs>0 66 44 35 6</runs>
            <runs>0 65 29 1 16 31 11</runs>
            <runs>0 63 28 13 8 29 13</runs>
            <runs>0 62 25 20 6 27 15</runs>
            <runs>0 60 25 25 5 24 17</runs>
            <runs>0 59 24 29 4 22 20</runs>
            <runs>0 58 24 30 4 21 21</runs>
            <runs>0 57 23 33 5 19 22</runs>
            <runs>0 54 25 36 7 15 23</runs>
            <runs>0 54 24 38 6 14 19 1 4</runs>
            <runs>0 54 23 39 7 13 19 2 4</runs>
            <runs>0 53 15 2 7 13 3 43 19 3 3</runs>
            <runs>0 52 21 14 15 34 19 3 4</runs>
            <runs>0 51 20 13 20 33 18 4 3</runs>
            <runs>0 50 20 13 23 31 17 5 3</runs>
            <runs>0 49 19 13 27 30 16 5 3</runs>
            <runs>0 49 18 12 22 4 5 29 15 5 3</runs>
            <runs>0 48 18 8 19 14 4 29 13 6 3</runs>
            <runs>0 47 18 9 17 19 1 30 10 9 2</runs>
            <runs>0 47 17 10 16 54 1 15 2</runs>
            <runs>0 46 17 12 14 70 3</runs>
            <runs>0 45 17 12 15 70 3</runs>
            <runs>0 39 4 1 18 12 14 71 3</runs>
            <runs>0 26 36 12 14 71 3</runs>
            <runs>0 22 41 10 14 72 3</runs>
            <runs>0 19 17 5 28 3 15 72 3</runs>
            <runs>0 16 10 15 46 71 3</runs>
            <runs>0 13 11 16 17 5 25 71 3</runs>
            <runs>0 12 10 18 15 15 22 2 3 60 3</runs>
            <runs>0 11 10 18 16 16 30 1 1 54 3</runs>
            <runs>0 9 11 18 17 16 16 3 3 2 15 46 3</runs>
            <runs>0 8 10 19 17 17 15 10 27 32 3</runs>
            <runs>0 6 11 19 18 17 14 20 23 25 5</runs>
            <runs>0 5 11 19 19 17 14 26 25 15 6</runs>
            <runs>0 5 10 16 19 22 14 28 32 1 8</runs>
            <runs>0 4 10 17 18 23 15 28 38</runs>
            <runs>0 2 11 18 17 24 15 28 8 7 3 1 17</runs>
            <runs>0 1 11 19 16 25 15 27 7 18 7</runs>
            <runs>0 1 10 20 15 27 14 27 7</runs>
            <runs>10 19 16 29 14 25 4</runs>
            <runs>10 18 15 31 14 24 4</runs>
            <runs>9 18 14 33 15 22 4</runs>
            <runs>9 16 15 34 16 20 4</runs>
            <runs>9 14 15 36 17 18 4</runs>
            <runs>0 2 8 11 16 37 18 15 5</runs>
            <runs>0 5 12 1 18 38 26 4 7</runs>
            <runs>0 7 28 44 31</runs>
            <runs>0 9 20 52 27</runs>
            <runs>0 14 3 1 4 2 1 57 24</runs>
            <runs>0 84 20</runs>
            <runs>0 86 16</runs>
            <runs>0 90 11</runs>
        </run-table>
    </sample>
    <sample shape="G_CLEF" interline="22" pitch="0.2" left="460" top="1632" id="302">
        <run-table orientation="VERTICAL" width="58" height="163">
            <runs>0 86 3</runs>
            <runs>0 76 26</runs>
            <runs>0 75 28</runs>
            <runs>0 73 31</runs>
            <runs>0 71 35</runs>
            <runs>0 68 40</runs>
            <runs>0 67 43</runs>
            <runs>0 65 47 34 4</runs>
            <runs>0 64 28 6 15 32 8</runs>
            <runs>0 62 26 19 7 27 13</runs>
            <runs>0 61 25 23 6 24 16</runs>
            <runs>0 60 23 27 6 23 18</runs>
            <runs>0 55 27 30 5 21 20</runs>
            <runs>0 55 26 33 4 20 21</runs>
            <runs>0 54 25 35 4 19 22</runs>
            <runs>0 54 25 36 4 17 24</runs>
            <runs>0 54 25 37 4 16 19 2 4</runs>
            <runs>0 53 26 38 3 17 18 3 3</runs>
            <runs>0 52 20 16 14 15 7 12 19 3 3</runs>
            <runs>0 52 19 15 18 14 2 17 17 5 3</runs>
            <runs>0 51 18 15 22 12 2 17 17 5 3</runs>
            <runs>0 50 18 13 27 10 2 18 16 6 3</runs>
            <runs>0 49 18 9 27 2 5 9 1 19 15 6 3</runs>
            <runs>0 48 18 10 19 12 4 8 1 19 14 7 3</runs>
            <runs>0 47 19 11 16 16 3 7 1 21 11 8 3</runs>
            <runs>0 47 17 13 14 28 1 22 8 10 3</runs>
            <runs>0 45 18 13 14 29 1 25 3 12 3</runs>
            <runs>0 44 19 12 13 31 1 40 3</runs>
            <runs>0 27 35 12 14 31 1 40 3</runs>
            <runs>0 25 37 12 13 73 3</runs>
            <runs>0 19 43 11 14 32 1 40 3</runs>
            <runs>0 17 13 2 36 4 15 32 1 39 3</runs>
            <runs>0 15 11 14 45 34 1 39 3</runs>
            <runs>0 13 12 15 17 8 2 2 17 33 1 39 2</runs>
            <runs>0 12 11 17 17 13 26 23 1 38 3</runs>
            <runs>0 10 11 18 18 14 33 15 1 37 3</runs>
            <runs>0 9 11 14 23 14 16 2 20 9 2 37 3</runs>
            <runs>0 8 11 15 23 14 15 11 27 32 3</runs>
            <runs>0 7 10 17 18 19 15 13 25 31 4</runs>
            <runs>0 5 11 18 18 20 14 21 23 23 5</runs>
            <runs>0 4 10 19 17 22 13 28 29 7 7</runs>
            <runs>0 3 10 19 18 22 13 30 29 4 7</runs>
            <runs>0 2 11 19 17 23 13 30 9 5 16 1 7</runs>
            <runs>0 1 11 19 17 25 13 29 4 15 9</runs>
            <runs>0 1 10 19 16 27 14 28 3</runs>
            <runs>11 18 16 28 14 27 4</runs>
            <runs>10 18 15 31 14 25 4</runs>
            <runs>10 16 16 33 14 23 4</runs>
            <runs>10 15 16 35 13 21 5</runs>
            <runs>0 1 9 13 16 37 14 19 5</runs>
            <runs>0 3 8 9 17 40 15 16 5</runs>
            <runs>0 5 32 40 17 11 6</runs>
            <runs>0 7 25 45 20 1 12</runs>
            <runs>0 14 13 50 32</runs>
            <runs>0 82 25</runs>
            <runs>0 84 21</runs>
            <runs>0 86 17</runs>
            <runs>0 89 13</runs>
        </run-table>
    </sample>
    <sample shape="G_CLEF" interline="22" pitch="0.5" left="458" top="2233" id="325">
        <run-table orientation="VERTICAL" width="58" height="161">
            <runs>0 89 3</runs>
            <runs>0 79 19</runs>
            <runs>0 73 26</runs>
            <runs>0 72 31</runs>
            <runs>0 71 34</runs>
            <runs>0 67 15 1 24</runs>
            <runs>0 66 16 1 25</runs>
            <runs>0 64 45 33 7</runs>
            <runs>0 63 29 9 10 29 12</runs>
            <runs>0 62 27 16 7 27 14</runs>
            <runs>0 61 24 23 5 25 17</runs>
            <runs>0 60 23 26 5 23 18</runs>
            <runs>0 58 24 28 5 21 20</runs>
            <runs>0 57 23 32 4 20 21</runs>
            <runs>0 56 22 35 7 15 22</runs>
            <runs>0 52 25 36 7 15 23</runs>
            <runs>0 52 24 38 2 19 24</runs>
            <runs>0 52 23 40 1 19 18 2 5</runs>
            <runs>0 52 15 1 7 12 12 16 1 19 18 3 4</runs>
            <runs>0 51 16 1 7 10 18 32 18 4 3</runs>
            <runs>0 51 20 12 21 32 17 6 1</runs>
            <runs>0 49 20 11 19 1 6 30 17 6 1</runs>
            <runs>0 48 19 13 18 5 5 29 15 7 2</runs>
            <runs>0 48 7 2 10 11 15 12 5 28 14 6 3</runs>
            <runs>0 47 19 12 14 15 4 28 12 7 3</runs>
            <runs>0 46 17 10 16 1 1 49 10 8 3</runs>
            <runs>0 46 17 10 15 53 7 10 3</runs>
            <runs>0 45 18 10 15 70 3</runs>
            <runs>0 44 18 11 14 71 3</runs>
            <runs>0 30 32 11 14 70 4</runs>
            <runs>0 22 41 10 14 69 5</runs>
            <runs>0 19 47 4 1 1 14 70 4</runs>
            <runs>0 16 12 12 46 70 4</runs>
            <runs>0 15 11 14 16 6 24 70 4</runs>
            <runs>0 13 10 17 16 13 21 65 5</runs>
            <runs>0 12 9 19 16 15 28 56 5</runs>
            <runs>0 11 8 19 17 16 16 3 13 51 5</runs>
            <runs>0 10 8 19 18 16 15 9 14 2 2 40 6</runs>
            <runs>0 7 9 20 19 16 14 11 23 33 5</runs>
            <runs>0 6 9 16 24 17 13 19 22 25 5</runs>
            <runs>0 6 8 18 19 21 13 27 21 14 8</runs>
            <runs>0 5 8 19 17 22 15 28 40</runs>
            <runs>0 4 8 19 17 23 15 28 7 5 26</runs>
            <runs>0 3 9 19 16 24 15 28 6 18 9</runs>
            <runs>0 2 10 19 15 26 15 26 7</runs>
            <runs>0 1 10 19 15 28 14 26 3</runs>
            <runs>0 1 9 19 15 29 15 24 3</runs>
            <runs>10 17 16 31 15 21 5</runs>
            <runs>10 16 15 33 16 19 5</runs>
            <runs>0 1 9 14 16 34 17 17 5</runs>
            <runs>0 2 8 13 14 37 13 1 4 14 6</runs>
            <runs>0 4 9 8 15 38 25 5 6</runs>
            <runs>0 8 8 1 2 1 15 38 36</runs>
            <runs>0 11 23 45 28</runs>
            <runs>0 17 8 56 24</runs>
            <runs>0 84 19</runs>
            <runs>0 86 15</runs>
            <runs>0 89 1 2 7</runs>
        </run-table>
    </sample>
    <sample shape="G_CLEF" interline="22" pitch="0.5" left="457" top="2901" id="387">
        <run-table orientation="VERTICAL" width="57" height="161">
            <runs>0 81 18</runs>
            <runs>0 73 27</runs>
            <runs>0 73 30</runs>
            <runs>0 70 34</runs>
            <runs>0 68 39</runs>
            <runs>0 66 43 33 5</runs>
            <runs>0 65 46 29 10</runs>
            <runs>0 63 49 26 14</runs>
            <runs>0 62 28 15 8 24 17</runs>
            <runs>0 61 25 21 7 23 19</runs>
            <runs>0 59 25 25 6 21 20</runs>
            <runs>0 58 24 29 5 19 22</runs>
            <runs>0 57 23 32 9 14 22</runs>
            <runs>0 52 27 34 8 13 23</runs>
            <runs>0 52 26 36 7 13 24</runs>
            <runs>0 52 25 38 2 17 25</runs>
            <runs>0 52 25 38 2 17 19 2 4</runs>
            <runs>0 52 25 10 13 16 1 17 19 3 4</runs>
            <runs>0 51 20 12 21 12 1 17 19 4 3</runs>
            <runs>0 50 20 12 23 11 1 18 18 4 3</runs>
            <runs>0 49 20 11 28 28 17 4 3</runs>
            <runs>0 49 18 11 32 27 15 6 2</runs>
            <runs>0 48 19 7 25 7 5 26 15 6 3</runs>
            <runs>0 47 19 8 19 15 4 27 12 7 3</runs>
            <runs>0 47 18 9 18 17 2 30 8 9 3</runs>
            <runs>0 46 18 10 17 52 4 11 3</runs>
            <runs>0 45 18 11 16 68 3</runs>
            <runs>0 45 17 12 15 69 3</runs>
            <runs>0 27 35 11 15 69 4</runs>
            <runs>0 23 39 10 15 70 4</runs>
            <runs>0 18 49 4 16 69 5</runs>
            <runs>0 17 19 4 47 69 4</runs>
            <runs>0 15 11 14 47 69 4</runs>
            <runs>0 14 9 17 17 9 27 1 2 59 5</runs>
            <runs>0 12 10 17 17 14 32 53 5</runs>
            <runs>0 10 10 18 17 16 37 45 6</runs>
            <runs>0 8 11 18 18 16 16 7 28 30 6</runs>
            <runs>0 7 10 19 19 16 15 10 28 27 6</runs>
            <runs>0 6 10 16 23 17 14 18 26 19 7</runs>
            <runs>0 5 10 17 23 16 15 27 30 1 11</runs>
            <runs>0 4 10 18 18 22 14 28 40</runs>
            <runs>0 3 10 19 17 23 14 28 8 7 23</runs>
            <runs>0 2 10 19 17 24 15 27 7 11 15</runs>
            <runs>0 1 11 18 17 26 14 27 7</runs>
            <runs>0 1 10 19 16 27 14 26 8</runs>
            <runs>11 17 17 29 14 24 5</runs>
            <runs>10 17 16 31 14 23 5</runs>
            <runs>10 16 16 32 16 19 6</runs>
            <runs>0 1 9 15 15 34 17 17 6</runs>
            <runs>0 2 8 14 13 37 18 14 6</runs>
            <runs>0 3 13 3 17 38 20 10 7</runs>
            <runs>0 6 29 39 35</runs>
            <runs>0 9 26 44 29</runs>
            <runs>0 13 14 54 26</runs>
            <runs>0 83 22</runs>
            <runs>0 84 19</runs>
            <runs>0 88 12</runs>
        </run-table>
    </sample>
    <sample shape="F_CLEF" interline="22" pitch="-1.6" left="465" top="728" id="264">
        <run-table orientation="VERTICAL" width="57" height="72">
            <runs>0 18 7</runs>
            <runs>0 14 12</runs>
            <runs>0 12 16</runs>
            <runs>0 10 19</runs>
            <runs>0 9 20</runs>
            <runs>0 8 22</runs>
            <runs>0 7 23</runs>
            <runs>0 6 4 3 17</runs>
            <runs>0 5 3 5 18 39 2</runs>
            <runs>0 4 3 6 18 33 8</runs>
            <runs>0 4 2 7 18 33 7</runs>
            <runs>0 4 2 7 18 33 7</runs>
            <runs>0 4 1 9 16 38 2</runs>
            <runs>0 4 1 9 16 38 1</runs>
            <runs>0 4 1 9 16 38 1</runs>
            <runs>0 4 1 10 14 34 1</runs>
            <runs>0 16 12 35 1</runs>
            <runs>0 17 10 35 2</runs>
            <runs>0 61 3</runs>
            <runs>0 60 7</runs>
            <runs>0 4 1 54 8</runs>
            <runs>0 4 1 52 10</runs>
            <runs>0 4 1 51 7</runs>
            <runs>0 4 1 50 7</runs>
            <runs>0 4 2 47 8</runs>
            <runs>0 4 2 45 9</runs>
            <runs>7 43 9</runs>
            <runs>0 1 7 35 15</runs>
            <runs>9 34 14</runs>
            <runs>11 30 15</runs>
            <runs>14 23 18</runs>
            <runs>16 18 20</runs>
            <runs>53</runs>
            <runs>52</runs>
            <runs>0 4 46</runs>
            <runs>0 5 44</runs>
            <runs>0 6 42</runs>
            <runs>0 7 39</runs>
            <runs>0 8 38</runs>
            <runs>0 10 35</runs>
            <runs>0 10 31</runs>
            <runs>0 11 27</runs>
            <runs>0 14 21</runs>
            <runs>0 18 14</runs>
            <runs></runs>
            <runs></runs>
            <runs></runs>
            <runs>0 9 3</runs>
            <runs>0 7 7 22 3</runs>
            <runs>0 6 8 20 7</runs>
            <runs>0 5 10 18 12</runs>
            <runs>0 5 10 17 14</runs>
            <runs>0 5 10 17 14</runs>
            <runs>0 6 9 17 14</runs>
            <runs>0 6 8 18 9</runs>
            <runs>0 8 5 20 7</runs>
            <runs>0 34 5</runs>
        </run-table>
    </sample>
    <sample shape="F_CLEF" interline="22" pitch="-1.5" left="458" top="1325" id="287">
        <run-table orientation="VERTICAL" width="62" height="77">
            <runs>0 74 3</runs>
            <runs>0 74 3</runs>
            <runs>0 73 4</runs>
            <runs>0 73 3</runs>
            <runs>0 73 3</runs>
            <runs>0 13 11 49 3</runs>
            <runs>0 11 14 47 3</runs>
            <runs>0 9 17 46 3</runs>
            <runs>0 7 20 44 3</runs>
            <runs>0 6 21 43 4</runs>
            <runs>0 5 23 41 4</runs>
            <runs>0 5 23 41 3</runs>
            <runs>7 4 18 35 8</runs>
            <runs>0 3 3 5 18 35 8</runs>
            <runs>0 3 2 6 18 35 7</runs>
            <runs>0 3 1 7 18 39 2</runs>
            <runs>0 3 1 7 18 39 1</runs>
            <runs>0 11 18 39 1</runs>
            <runs>0 11 17 35 1</runs>
            <runs>0 12 16 34 2</runs>
            <runs>0 13 14 34 7</runs>
            <runs>0 14 12 35 6</runs>
            <runs>0 16 9 34 9</runs>
            <runs>0 58 10</runs>
            <runs>0 57 10</runs>
            <runs>0 56 7</runs>
            <runs>0 55 7</runs>
            <runs>0 53 8</runs>
            <runs>0 52 8</runs>
            <runs>0 3 1 45 11</runs>
            <runs>0 3 1 44 11</runs>
            <runs>0 3 2 38 15</runs>
            <runs>0 3 3 36 14</runs>
            <runs>7 35 13</runs>
            <runs>8 29 17</runs>
            <runs>11 22 20</runs>
            <runs>19 1 32</runs>
            <runs>50</runs>
            <runs>49</runs>
            <runs>48</runs>
            <runs>0 4 43</runs>
            <runs>0 5 17 1 23</runs>
            <runs>0 6 40</runs>
            <runs>0 7 38</runs>
            <runs>0 8 31</runs>
            <runs>0 9 28</runs>
            <runs>0 11 25</runs>
            <runs>0 12 21</runs>
            <runs>0 15 13</runs>
            <runs></runs>
            <runs></runs>
            <runs></runs>
            <runs>0 6 4</runs>
            <runs>0 4 8 22 3</runs>
            <runs>13 18 8</runs>
            <runs>13 18 8</runs>
            <runs>13 17 9</runs>
            <runs>13 17 10</runs>
            <runs>12 18 9</runs>
            <runs>0 5 6 19 9</runs>
            <runs>0 6 4 21 7</runs>
            <runs>0 32 5</runs>
        </run-table>
    </sample>
    <sample shape="F_CLEF" interline="22" pitch="-1.6" left="457" top="1936" id="312">
        <run-table orientation="VERTICAL" width="63" height="78">
            <runs>0 76 1</runs>
            <runs>0 75 3</runs>
            <runs>0 74 3</runs>
            <runs>0 74 3</runs>
            <runs>0 73 3</runs>
            <runs>0 73 3</runs>
            <runs>0 15 9 49 2</runs>
            <runs>0 12 13 47 3</runs>
            <runs>0 11 14 47 2</runs>
            <runs>0 9 17 45 3</runs>
            <runs>0 7 20 44 2</runs>
            <runs>0 6 22 42 3</runs>
            <runs>0 1 8 2 18 40 3</runs>
            <runs>0 4 3 4 18 40 3</runs>
            <runs>0 4 2 5 18 40 2</runs>
            <runs>0 4 2 5 19 39 1</runs>
            <runs>0 4 1 6 19 39 1</runs>
            <runs>0 12 17</runs>
            <runs>0 12 17</runs>
            <runs>0 12 16 36 1</runs>
            <runs>0 13 15 35 2</runs>
            <runs>0 13 14 35 7</runs>
            <runs>0 14 13 34 8</runs>
            <runs>0 16 9 35 9</runs>
            <runs>0 59 5</runs>
            <runs>0 58 6</runs>
            <runs>0 57 6</runs>
            <runs>0 56 6</runs>
            <runs>0 54 7</runs>
            <runs>0 52 8</runs>
            <runs>0 50 10</runs>
            <runs>0 49 10</runs>
            <runs>0 44 14</runs>
            <runs>0 4 2 37 14</runs>
            <runs>0 4 3 36 12</runs>
            <runs>0 4 3 32 14</runs>
            <runs>0 4 3 30 16</runs>
            <runs>0 1 8 3 1 17 3 2 17</runs>
            <runs>0 1 13 2 18 1 16</runs>
            <runs>0 1 49</runs>
            <runs>0 1 48</runs>
            <runs>0 1 47</runs>
            <runs>0 1 46</runs>
            <runs>0 6 40</runs>
            <runs>0 7 34</runs>
            <runs>0 8 31</runs>
            <runs>0 9 10 1 19</runs>
            <runs>0 11 7 2 17</runs>
            <runs>0 13 21</runs>
            <runs>0 16 14</runs>
            <runs></runs>
            <runs></runs>
            <runs></runs>
            <runs>0 8 3 25 2</runs>
            <runs>0 6 6 23 4</runs>
            <runs>0 5 8 20 7</runs>
            <runs>0 1 13 18 9</runs>
            <runs>14 18 9</runs>
            <runs>13 19 9</runs>
            <runs>13 19 9</runs>
            <runs>0 5 7 20 8</runs>
            <runs>0 7 5 21 7</runs>
            <runs>0 34 5</runs>
        </run-table>
    </sample>
    <sample shape="F_CLEF" interline="22" pitch="-1.6" left="455" top="2549" id="344">
        <run-table orientation="VERTICAL" width="63" height="78">
            <runs>0 76 1</runs>
            <runs>0 75 3</runs>
            <runs>0 74 4</runs>
            <runs>0 74 4</runs>
            <runs>0 74 3</runs>
            <runs>0 17 1 1 3 51 4</runs>
            <runs>0 14 11 48 3</runs>
            <runs>0 12 14 46 3</runs>
            <runs>0 10 17 45 3</runs>
            <runs>0 9 18 45 2</runs>
            <runs>0 7 21 43 3</runs>
            <runs>0 6 23 41 3</runs>
            <runs>0 1 28 41 3</runs>
            <runs>0 1 8 2 18 40 3</runs>
            <runs>0 4 3 4 18 40 2</runs>
            <runs>0 4 2 5 19 39 2</runs>
            <runs>0 4 1 7 18 39 1</runs>
            <runs>0 4 1 7 17 40 1</runs>
            <runs>0 4 1 7 17</runs>
            <runs>0 13 16 35 1</runs>
            <runs>0 13 16 34 2</runs>
            <runs>0 14 14 34 7</runs>
            <runs>0 15 13 33 8</runs>
            <runs>0 16 10 34 9</runs>
            <runs>0 19 7 33 6</runs>
            <runs>0 58 6</runs>
            <runs>0 57 6</runs>
            <runs>0 56 6</runs>
            <runs>0 55 7</runs>
            <runs>0 54 6</runs>
            <runs>0 4 1 46 8</runs>
            <runs>0 4 1 43 11</runs>
            <runs>0 4 2 38 14</runs>
            <runs>0 4 3 36 14</runs>
            <runs>9 32 15</runs>
            <runs>0 1 10 14 1 12 17</runs>
            <runs>0 1 13 11 2 7 20</runs>
            <runs>0 1 52</runs>
            <runs>0 1 50</runs>
            <runs>0 1 49</runs>
            <runs>0 1 48</runs>
            <runs>0 1 47</runs>
            <runs>0 6 41</runs>
            <runs>0 7 39</runs>
            <runs>0 8 38</runs>
            <runs>0 9 32</runs>
            <runs>0 10 30</runs>
            <runs>0 12 26</runs>
            <runs>0 13 21</runs>
            <runs>0 16 13</runs>
            <runs></runs>
            <runs></runs>
            <runs></runs>
            <runs>0 8 5 23 3</runs>
            <runs>0 6 8 20 6</runs>
            <runs>0 6 9 18 8</runs>
            <runs>0 5 10 17 9</runs>
            <runs>0 5 9 18 9</runs>
            <runs>0 5 9 18 9</runs>
            <runs>0 6 8 18 9</runs>
            <runs>0 6 8 18 9</runs>
            <runs>0 9 4 20 7</runs>
            <runs>0 35 4</runs>
        </run-table>
    </sample>
    <sample shape="F_CLEF" interline="22" pitch="-1.5" left="453" top="3189" id="402">
        <run-table orientation="VERTICAL" width="63" height="78">
            <runs>0 75 2</runs>
            <runs>0 74 4</runs>
            <runs>0 74 4</runs>
            <runs>0 74 3</runs>
            <runs>0 73 4</runs>
            <runs>0 18 7 48 3</runs>
            <runs>0 14 12 46 4</runs>
            <runs>0 10 17 45 3</runs>
            <runs>0 9 18 44 4</runs>
            <runs>0 8 20 43 3</runs>
            <runs>0 7 22 41 4</runs>
            <runs>0 5 24 37 7</runs>
            <runs>30 35 8</runs>
            <runs>7 4 19 35 7</runs>
            <runs>0 4 2 5 19 35 7</runs>
            <runs>0 4 2 6 18 39 2</runs>
            <runs>0 4 1 7 18 39 1</runs>
            <runs>0 4 1 7 18 39 1</runs>
            <runs>0 12 18</runs>
            <runs>0 13 16</runs>
            <runs>0 13 16 33 7</runs>
            <runs>0 14 14 34 6</runs>
            <runs>0 15 12 34 7</runs>
            <runs>0 17 9 33 9</runs>
            <runs>0 19 3 36 10</runs>
            <runs>0 57 11</runs>
            <runs>0 56 8</runs>
            <runs>0 55 8</runs>
            <runs>0 52 10</runs>
            <runs>0 51 10</runs>
            <runs>0 4 1 45 10</runs>
            <runs>0 4 1 39 15</runs>
            <runs>0 4 2 37 15</runs>
            <runs>7 35 15</runs>
            <runs>9 29 17</runs>
            <runs>13 22 19</runs>
            <runs>17 5 31</runs>
            <runs>52</runs>
            <runs>50</runs>
            <runs>49</runs>
            <runs>48</runs>
            <runs>47</runs>
            <runs>46</runs>
            <runs>0 6 40</runs>
            <runs>0 7 39</runs>
            <runs>0 8 33</runs>
            <runs>0 10 29</runs>
            <runs>0 12 24</runs>
            <runs>0 14 19</runs>
            <runs>0 18 12</runs>
            <runs></runs>
            <runs></runs>
            <runs>0 8 4 25 1</runs>
            <runs>0 6 7 22 5</runs>
            <runs>0 5 9 18 9</runs>
            <runs>15 17 9</runs>
            <runs>15 16 10</runs>
            <runs>15 16 11</runs>
            <runs>15 16 11</runs>
            <runs>0 5 9 18 9</runs>
            <runs>0 6 8 18 9</runs>
            <runs>0 8 4 21 7</runs>
            <runs>0 34 4</runs>
        </run-table>
    </sample>
    <sample shape="F_CLEF" interline="22" pitch="-1.7" left="465" top="728" id="263">
        <run-table orientation="VERTICAL" width="57" height="67">
            <runs>0 18 7</runs>
            <runs>0 14 12</runs>
            <runs>0 12 16</runs>
            <runs>0 10 19</runs>
            <runs>0 9 20</runs>
            <runs>0 8 22</runs>
            <runs>0 7 23</runs>
            <runs>0 6 4 3 17</runs>
            <runs>0 5 3 5 18</runs>
            <runs>0 4 3 6 18</runs>
            <runs>0 4 2 7 18</runs>
            <runs>0 4 2 7 18</runs>
            <runs>0 4 1 9 16</runs>
            <runs>0 4 1 9 16</runs>
            <runs>0 4 1 9 16</runs>
            <runs>0 4 1 10 14 34 1</runs>
            <runs>0 16 12 35 1</runs>
            <runs>0 17 10 35 2</runs>
            <runs>0 61 3</runs>
            <runs>0 60 7</runs>
            <runs>0 4 1 54 8</runs>
            <runs>0 4 1 52 10</runs>
            <runs>0 4 1 51 7</runs>
            <runs>0 4 1 50 7</runs>
            <runs>0 4 2 47 8</runs>
            <runs>0 4 2 45 9</runs>
            <runs>7 43 9</runs>
            <runs>0 1 7 35 15</runs>
            <runs>9 34 14</runs>
            <runs>11 30 15</runs>
            <runs>14 23 18</runs>
            <runs>16 18 20</runs>
            <runs>53</runs>
            <runs>52</runs>
            <runs>0 4 46</runs>
            <runs>0 5 44</runs>
            <runs>0 6 42</runs>
            <runs>0 7 39</runs>
            <runs>0 8 38</runs>
            <runs>0 10 35</runs>
            <runs>0 10 31</runs>
            <runs>0 11 27</runs>
            <runs>0 14 21</runs>
            <runs>0 18 14</runs>
            <runs></runs>
            <runs></runs>
            <runs></runs>
            <runs>0 9 3</runs>
            <runs>0 7 7 22 3</runs>
            <runs>0 6 8 20 7</runs>
            <runs>0 5 10 18 12</runs>
            <runs>0 5 10 17 14</runs>
            <runs>0 5 10 17 14</runs>
            <runs>0 6 9 17 14</runs>
            <runs>0 6 8 18 9</runs>
            <runs>0 8 5 20 7</runs>
            <runs>0 34 5</runs>
        </run-table>
    </sample>
    <sample shape="F_CLEF" interline="22" pitch="-1.8" left="463" top="1325" id="288">
        <run-table orientation="VERTICAL" width="57" height="68">
            <runs>0 13 11</runs>
            <runs>0 11 14</runs>
            <runs>0 9 17</runs>
            <runs>0 7 20</runs>
            <runs>0 6 21</runs>
            <runs>0 5 23</runs>
            <runs>0 5 23</runs>
            <runs>7 4 18</runs>
            <runs>0 3 3 5 18</runs>
            <runs>0 3 2 6 18</runs>
            <runs>0 3 1 7 18</runs>
            <runs>0 3 1 7 18</runs>
            <runs>0 11 18</runs>
            <runs>0 11 17 35 1</runs>
            <runs>0 12 16 34 2</runs>
            <runs>0 13 14 34 7</runs>
            <runs>0 14 12 35 6</runs>
            <runs>0 16 9 34 9</runs>
            <runs>0 58 10</runs>
            <runs>0 57 10</runs>
            <runs>0 56 7</runs>
            <runs>0 55 7</runs>
            <runs>0 53 8</runs>
            <runs>0 52 8</runs>
            <runs>0 3 1 45 11</runs>
            <runs>0 3 1 44 11</runs>
            <runs>0 3 2 38 15</runs>
            <runs>0 3 3 36 14</runs>
            <runs>7 35 13</runs>
            <runs>8 29 17</runs>
            <runs>11 22 20</runs>
            <runs>19 1 32</runs>
            <runs>50</runs>
            <runs>49</runs>
            <runs>48</runs>
            <runs>0 4 43</runs>
            <runs>0 5 17 1 23</runs>
            <runs>0 6 40</runs>
            <runs>0 7 38</runs>
            <runs>0 8 31</runs>
            <runs>0 9 28</runs>
            <runs>0 11 25</runs>
            <runs>0 12 21</runs>
            <runs>0 15 13</runs>
            <runs></runs>
            <runs></runs>
            <runs></runs>
            <runs>0 6 4</runs>
            <runs>0 4 8 22 3</runs>
            <runs>13 18 8</runs>
            <runs>13 18 8</runs>
            <runs>13 17 9</runs>
            <runs>13 17 10</runs>
            <runs>12 18 9</runs>
            <runs>0 5 6 19 9</runs>
            <runs>0 6 4 21 7</runs>
            <runs>0 32 5</runs>
        </run-table>
    </sample>
    <sample shape="F_CLEF" interline="22" pitch="-1.8" left="463" top="1936" id="311">
        <run-table orientation="VERTICAL" width="57" height="69">
            <runs>0 15 9</runs>
            <runs>0 12 13</runs>
            <runs>0 11 14</runs>
            <runs>0 9 17</runs>
            <runs>0 7 20</runs>
            <runs>0 6 22</runs>
            <runs>0 1 8 2 18</runs>
            <runs>0 4 3 4 18</runs>
            <runs>0 4 2 5 18</runs>
            <runs>0 4 2 5 19</runs>
            <runs>0 4 1 6 19</runs>
            <runs>0 12 17</runs>
            <runs>0 12 17</runs>
            <runs>0 12 16 36 1</runs>
            <runs>0 13 15 35 2</runs>
            <runs>0 13 14 35 7</runs>
            <runs>0 14 13 34 8</runs>
            <runs>0 16 9 35 9</runs>
            <runs>0 59 5</runs>
            <runs>0 58 6</runs>
            <runs>0 57 6</runs>
            <runs>0 56 6</runs>
            <runs>0 54 7</runs>
            <runs>0 52 8</runs>
            <runs>0 50 10</runs>
            <runs>0 49 10</runs>
            <runs>0 44 14</runs>
            <runs>0 4 2 37 14</runs>
            <runs>0 4 3 36 12</runs>
            <runs>0 4 3 32 14</runs>
            <runs>0 4 3 30 16</runs>
            <runs>0 1 8 3 1 17 3 2 17</runs>
            <runs>0 1 13 2 18 1 16</runs>
            <runs>0 1 49</runs>
            <runs>0 1 48</runs>
            <runs>0 1 47</runs>
            <runs>0 1 46</runs>
            <runs>0 6 40</runs>
            <runs>0 7 34</runs>
            <runs>0 8 31</runs>
            <runs>0 9 10 1 19</runs>
            <runs>0 11 7 2 17</runs>
            <runs>0 13 21</runs>
            <runs>0 16 14</runs>
            <runs></runs>
            <runs></runs>
            <runs></runs>
            <runs>0 8 3 25 2</runs>
            <runs>0 6 6 23 4</runs>
            <runs>0 5 8 20 7</runs>
            <runs>0 1 13 18 9</runs>
            <runs>14 18 9</runs>
            <runs>13 19 9</runs>
            <runs>13 19 9</runs>
            <runs>0 5 7 20 8</runs>
            <runs>0 7 5 21 7</runs>
            <runs>0 34 5</runs>
        </run-table>
    </sample>
    <sample shape="F_CLEF" interline="22" pitch="-1.8" left="460" top="2549" id="339">
        <run-table orientation="VERTICAL" width="58" height="69">
            <runs>0 17 1 1 3</runs>
            <runs>0 14 11</runs>
            <runs>0 12 14</runs>
            <runs>0 10 17</runs>
            <runs>0 9 18</runs>
            <runs>0 7 21</runs>
            <runs>0 6 23</runs>
            <runs>0 1 28</runs>
            <runs>0 1 8 2 18</runs>
            <runs>0 4 3 4 18</runs>
            <runs>0 4 2 5 19</runs>
            <runs>0 4 1 7 18</runs>
            <runs>0 4 1 7 17</runs>
            <runs>0 4 1 7 17</runs>
            <runs>0 13 16 35 1</runs>
            <runs>0 13 16 34 2</runs>
            <runs>0 14 14 34 7</runs>
            <runs>0 15 13 33 8</runs>
            <runs>0 16 10 34 9</runs>
            <runs>0 19 7 33 6</runs>
            <runs>0 58 6</runs>
            <runs>0 57 6</runs>
            <runs>0 56 6</runs>
            <runs>0 55 7</runs>
            <runs>0 54 6</runs>
            <runs>0 4 1 46 8</runs>
            <runs>0 4 1 43 11</runs>
            <runs>0 4 2 38 14</runs>
            <runs>0 4 3 36 14</runs>
            <runs>9 32 15</runs>
            <runs>0 1 10 14 1 12 17</runs>
            <runs>0 1 13 11 2 7 20</runs>
            <runs>0 1 52</runs>
            <runs>0 1 50</runs>
            <runs>0 1 49</runs>
            <runs>0 1 48</runs>
            <runs>0 1 47</runs>
            <runs>0 6 41</runs>
            <runs>0 7 39</runs>
            <runs>0 8 38</runs>
            <runs>0 9 32</runs>
            <runs>0 10 30</runs>
            <runs>0 12 26</runs>
            <runs>0 13 21</runs>
            <runs>0 16 13</runs>
            <runs></runs>
            <runs></runs>
            <runs></runs>
            <runs>0 8 5 23 3</runs>
            <runs>0 6 8 20 6</runs>
            <runs>0 6 9 18 8</runs>
            <runs>0 5 10 17 9</runs>
            <runs>0 5 9 18 9</runs>
            <runs>0 5 9 18 9</runs>
            <runs>0 6 8 18 9</runs>
            <runs>0 6 8 18 9</runs>
            <runs>0 9 4 20 7</runs>
            <runs>0 35 4</runs>
        </run-table>
    </sample>
    <sample shape="F_CLEF" interline="22" pitch="-1.7" left="458" top="3189" id="415">
        <run-table orientation="VERTICAL" width="58" height="69">
            <runs>0 18 7</runs>
            <runs>0 14 12</runs>
            <runs>0 10 17</runs>
            <runs>0 9 18</runs>
            <runs>0 8 20</runs>
            <runs>0 7 22</runs>
            <runs>0 5 24</runs>
            <runs>30</runs>
            <runs>7 4 19</runs>
            <runs>0 4 2 5 19</runs>
            <runs>0 4 2 6 18</runs>
            <runs>0 4 1 7 18</runs>
            <runs>0 4 1 7 18</runs>
            <runs>0 12 18</runs>
            <runs>0 13 16</runs>
            <runs>0 13 16 33 7</runs>
            <runs>0 14 14 34 6</runs>
            <runs>0 15 12 34 7</runs>
            <runs>0 17 9 33 9</runs>
            <runs>0 19 3 36 10</runs>
            <runs>0 57 11</runs>
            <runs>0 56 8</runs>
            <runs>0 55 8</runs>
            <runs>0 52 10</runs>
            <runs>0 51 10</runs>
            <runs>0 4 1 45 10</runs>
            <runs>0 4 1 39 15</runs>
            <runs>0 4 2 37 15</runs>
            <runs>7 35 15</runs>
            <runs>9 29 17</runs>
            <runs>13 22 19</runs>
            <runs>17 5 31</runs>
            <runs>52</runs>
            <runs>50</runs>
            <runs>49</runs>
            <runs>48</runs>
            <runs>47</runs>
            <runs>46</runs>
            <runs>0 6 40</runs>
            <runs>0 7 39</runs>
            <runs>0 8 33</runs>
            <runs>0 10 29</runs>
            <runs>0 12 24</runs>
            <runs>0 14 19</runs>
            <runs>0 18 12</runs>
            <runs></runs>
            <runs></runs>
            <runs>0 8 4 25 1</runs>
            <runs>0 6 7 22 5</runs>
            <runs>0 5 9 18 9</runs>
            <runs>15 17 9</runs>
            <runs>15 16 10</runs>
            <runs>15 16 11</runs>
            <runs>15 16 11</runs>
            <runs>0 5 9 18 9</runs>
            <runs>0 6 8 18 9</runs>
            <runs>0 8 4 21 7</runs>
            <runs>0 34 4</runs>
        </run-table>
    </sample>
    <sample shape="SHARP" interline="22" pitch="-3.9" left="536" top="2236" id="381">
        <run-table orientation="VERTICAL" width="22" height="61">
            <runs>0 18 8 17 1</runs>
            <runs>0 17 10 13 13</runs>
            <runs>0 17 10 13 13</runs>
            <runs>0 7 1 8 11 13 13</runs>
            <runs>0 5 27 7 14</runs>
            <runs>0 5 49 4 2</runs>
            <runs>0 13 48</runs>
            <runs>0 14 11 11 25</runs>
            <runs>0 15 10 12 10 9 5</runs>
            <runs>0 14 11 12 10</runs>
            <runs>0 14 10 12 10</runs>
            <runs>0 14 10 11 10</runs>
            <runs>0 13 10 12 10</runs>
            <runs>0 3 2 8 10 12 11</runs>
            <runs>25 3 19</runs>
            <runs>0 1 56</runs>
            <runs>0 9 49</runs>
            <runs>0 11 11 6 16 2 11</runs>
            <runs>0 11 10 12 10</runs>
            <runs>0 10 10 13 10</runs>
            <runs>0 11 9 14 9</runs>
            <runs>0 35 7</runs>
        </run-table>
    </sample>
    <sample shape="SHARP" interline="22" pitch="-2.1" left="536" top="2542" id="383">
        <run-table orientation="VERTICAL" width="21" height="62">
            <runs>0 17 10 13 10</runs>
            <runs>0 17 10 13 13</runs>
            <runs>0 16 10 14 13</runs>
            <runs>0 3 24 12 15</runs>
            <runs>0 3 52 2 4</runs>
            <runs>0 3 59</runs>
            <runs>0 15 10 12 25</runs>
            <runs>0 15 9 13 11 11 1</runs>
            <runs>0 15 9 13 10</runs>
            <runs>0 14 9 14 10</runs>
            <runs>0 14 9 13 10</runs>
            <runs>0 13 10 13 10</runs>
            <runs>0 7 16 12 11</runs>
            <runs>0 1 23 5 18</runs>
            <runs>58</runs>
            <runs>0 1 57</runs>
            <runs>0 8 13 8 28</runs>
            <runs>0 8 13 9 14</runs>
            <runs>0 8 12 10 14</runs>
            <runs>0 8 12 9 14</runs>
            <runs>0 14 5 15 8</runs>
        </run-table>
    </sample>
    <sample shape="SHARP" interline="22" pitch="-3.9" left="533" top="2904" id="425">
        <run-table orientation="VERTICAL" width="22" height="62">
            <runs>0 18 9</runs>
            <runs>0 17 11 12 13</runs>
            <runs>0 17 10 12 14</runs>
            <runs>0 16 11 12 14</runs>
            <runs>0 4 28 7 14</runs>
            <runs>0 3 51</runs>
            <runs>0 12 50</runs>
            <runs>0 14 12 3 33</runs>
            <runs>0 15 10 12 11 12 1</runs>
            <runs>0 15 10 12 10</runs>
            <runs>0 14 11 12 10</runs>
            <runs>0 14 10 13 10</runs>
            <runs>0 14 10 12 10</runs>
            <runs>0 1 1 11 11 12 10</runs>
            <runs>24 11 11</runs>
            <runs>58</runs>
            <runs>0 6 53</runs>
            <runs>0 10 12 7 29</runs>
            <runs>0 11 10 12 12 4 8</runs>
            <runs>0 11 10 13 10</runs>
            <runs>0 11 10 13 9</runs>
            <runs>0 13 6 15 9</runs>
        </run-table>
    </sample>
    <sample shape="SHARP" interline="22" pitch="-2.0" left="532" top="3182" id="427">
        <run-table orientation="VERTICAL" width="21" height="61">
            <runs>0 17 10 13 13</runs>
            <runs>0 16 11 12 14</runs>
            <runs>0 16 11 12 14</runs>
            <runs>0 15 18 6 14</runs>
            <runs>0 2 34 1 22</runs>
            <runs>0 2 59</runs>
            <runs>0 6 55</runs>
            <runs>0 14 11 11 18</runs>
            <runs>0 14 11 12 11</runs>
            <runs>0 13 11 12 11</runs>
            <runs>0 13 11 12 10</runs>
            <runs>0 12 12 12 10</runs>
            <runs>0 7 17 11 11</runs>
            <runs>0 6 18 10 12</runs>
            <runs>57</runs>
            <runs>58</runs>
            <runs>0 6 51</runs>
            <runs>0 7 15 7 15</runs>
            <runs>0 8 13 9 13</runs>
            <runs>0 8 12 13 10</runs>
            <runs>0 8 12 14 8</runs>
        </run-table>
    </sample>
</samples>
