<?xml version="1.0" encoding="UTF-8" standalone="yes"?>
<samples sheet-name="IMSLP00005#12">
    <sample shape="G_CLEF" interline="22" pitch="0.4" left="184" top="215" id="307">
        <run-table orientation="VERTICAL" width="56" height="156">
            <runs>0 94 1</runs>
            <runs>0 85 17</runs>
            <runs>0 82 23</runs>
            <runs>0 80 26</runs>
            <runs>0 75 34</runs>
            <runs>0 74 36</runs>
            <runs>0 73 38</runs>
            <runs>0 72 40 33 3</runs>
            <runs>0 70 44 25 10</runs>
            <runs>0 69 22 13 11 22 13</runs>
            <runs>0 68 21 16 11 20 16</runs>
            <runs>0 66 20 22 9 18 18</runs>
            <runs>0 65 19 26 12 12 19</runs>
            <runs>0 65 17 30 10 12 20</runs>
            <runs>0 64 17 31 10 12 20</runs>
            <runs>0 63 17 33 9 11 21</runs>
            <runs>0 61 17 14 9 13 8 11 22</runs>
            <runs>0 60 18 11 16 10 7 11 22</runs>
            <runs>0 60 18 10 19 9 2 15 22</runs>
            <runs>0 59 19 8 22 8 2 15 17 1 5</runs>
            <runs>0 58 20 6 26 7 1 15 17 2 4</runs>
            <runs>0 57 16 10 17 6 5 6 1 15 16 3 4</runs>
            <runs>0 53 19 10 13 13 4 5 1 16 14 4 4</runs>
            <runs>0 53 18 10 11 18 3 4 1 17 12 5 4</runs>
            <runs>0 53 17 11 10 20 2 4 1 17 11 7 3</runs>
            <runs>0 34 3 2 1 13 17 10 11 46 8 7 3</runs>
            <runs>0 26 43 10 11 62 3</runs>
            <runs>0 22 68 62 3</runs>
            <runs>0 20 70 61 4</runs>
            <runs>0 17 73 2 8 51 4</runs>
            <runs>0 16 25 3 57 49 4</runs>
            <runs>0 14 21 12 64 38 4</runs>
            <runs>0 12 23 12 18 8 50 22 8</runs>
            <runs>0 11 18 18 17 10 15 1 40 15 6</runs>
            <runs>0 8 18 20 17 12 13 8 54</runs>
            <runs>0 7 18 20 17 13 13 20 41</runs>
            <runs>0 7 16 21 17 14 12 30 30</runs>
            <runs>0 5 16 22 17 15 13 43 14</runs>
            <runs>0 4 16 22 17 16 13 51 4</runs>
            <runs>0 3 15 22 17 18 13</runs>
            <runs>0 2 15 22 17 19 14</runs>
            <runs>0 1 15 22 18 19 14</runs>
            <runs>15 22 19 19 15 24 7</runs>
            <runs>14 17 25 19 15 24 7</runs>
            <runs>0 1 13 17 19 25 16 22 8</runs>
            <runs>0 2 12 15 19 31 13 19 10</runs>
            <runs>0 6 13 2 26 33 13 17 6</runs>
            <runs>0 8 36 37 13 14 8</runs>
            <runs>0 10 31 1 1 39 18 6 9</runs>
            <runs>0 14 23 46 30</runs>
            <runs>0 16 3 2 13 50 28</runs>
            <runs>0 16 2 67 26</runs>
            <runs>0 16 2 68 23</runs>
            <runs>0 88 20</runs>
            <runs>0 92 13</runs>
            <runs>0 95 2</runs>
        </run-table>
    </sample>
    <sample shape="G_CLEF" interline="22" pitch="0.4" left="179" top="742" id="355">
        <run-table orientation="VERTICAL" width="55" height="157">
            <runs>0 88 15</runs>
            <runs>0 83 23</runs>
            <runs>0 77 31</runs>
            <runs>0 76 34</runs>
            <runs>0 75 36</runs>
            <runs>0 74 39</runs>
            <runs>0 72 42</runs>
            <runs>0 71 44 25 6</runs>
            <runs>0 69 33 1 13 22 11</runs>
            <runs>0 68 23 15 11 20 14</runs>
            <runs>0 66 21 22 9 18 16</runs>
            <runs>0 65 20 25 8 17 18</runs>
            <runs>0 64 20 27 13 10 20</runs>
            <runs>0 63 19 31 10 11 20</runs>
            <runs>0 62 18 34 9 11 21</runs>
            <runs>0 61 19 16 7 12 8 10 22</runs>
            <runs>0 60 20 11 16 8 8 10 23</runs>
            <runs>0 55 25 9 19 8 7 10 23</runs>
            <runs>0 55 25 7 23 23 23</runs>
            <runs>0 54 21 10 26 22 23</runs>
            <runs>0 55 19 10 18 4 6 21 24</runs>
            <runs>0 55 17 11 13 12 5 21 22</runs>
            <runs>0 33 8 13 18 9 13 16 4 21 15 2 5</runs>
            <runs>0 27 23 3 18 10 12 19 2 21 14 3 5</runs>
            <runs>0 22 48 6 16 44 12 4 4</runs>
            <runs>0 20 50 6 15 46 10 5 4</runs>
            <runs>0 18 55 3 14 50 6 6 4</runs>
            <runs>0 18 72 61 5</runs>
            <runs>0 15 23 11 41 61 5</runs>
            <runs>0 13 23 12 45 4 9 45 4</runs>
            <runs>0 11 21 16 66 36 5</runs>
            <runs>0 10 19 18 18 8 52 23 6</runs>
            <runs>0 9 18 19 18 12 13 1 38 19 6</runs>
            <runs>0 8 16 21 18 13 12 9 56</runs>
            <runs>0 7 15 22 18 14 12 22 42</runs>
            <runs>0 5 16 22 18 15 12 28 35</runs>
            <runs>0 4 16 21 18 17 12 29 18 1 13</runs>
            <runs>0 3 15 22 18 18 12 28 8 5 18</runs>
            <runs>0 2 16 20 20 18 12 28 7 12 9</runs>
            <runs>0 1 16 17 24 19 12 26 8</runs>
            <runs>16 16 26 19 12 26 9</runs>
            <runs>16 15 21 25 12 25 9</runs>
            <runs>0 2 16 10 23 25 13 24 6</runs>
            <runs>0 4 13 1 30 29 13 22 6</runs>
            <runs>0 5 41 31 14 20 6</runs>
            <runs>0 8 35 33 16 18 6</runs>
            <runs>0 11 29 36 17 15 7</runs>
            <runs>0 11 27 43 14 10 9</runs>
            <runs>0 12 2 12 4 52 31</runs>
            <runs>0 83 29</runs>
            <runs>0 85 26</runs>
            <runs>0 86 23</runs>
            <runs>0 87 21</runs>
            <runs>0 89 15</runs>
            <runs>0 93 5</runs>
        </run-table>
    </sample>
    <sample shape="G_CLEF" interline="22" pitch="0.4" left="179" top="934" id="358">
        <run-table orientation="VERTICAL" width="54" height="157">
            <runs>0 89 13</runs>
            <runs>0 85 21</runs>
            <runs>0 76 32</runs>
            <runs>0 76 33</runs>
            <runs>0 76 35</runs>
            <runs>0 75 37</runs>
            <runs>0 73 41</runs>
            <runs>0 72 43</runs>
            <runs>0 70 26 1 19 30 2</runs>
            <runs>0 68 23 14 12 23 10</runs>
            <runs>0 67 20 20 11 21 13</runs>
            <runs>0 66 19 25 8 19 16</runs>
            <runs>0 66 17 28 12 13 18</runs>
            <runs>0 64 18 31 10 13 18</runs>
            <runs>0 63 17 34 9 12 19</runs>
            <runs>0 62 17 13 10 13 8 12 19</runs>
            <runs>0 61 18 12 13 12 7 12 19</runs>
            <runs>0 60 19 9 20 9 3 15 21</runs>
            <runs>0 54 25 8 22 8 3 15 21</runs>
            <runs>0 54 20 11 26 6 3 15 17 1 3</runs>
            <runs>0 30 1 24 18 11 18 3 7 6 2 15 17 1 4</runs>
            <runs>0 28 3 23 18 11 19 6 5 5 2 15 16 2 4</runs>
            <runs>0 26 12 2 1 13 17 10 13 16 4 5 1 15 15 3 4</runs>
            <runs>0 23 25 6 16 6 17 19 2 5 1 16 13 4 4</runs>
            <runs>0 20 50 6 16 21 2 4 1 17 11 5 4</runs>
            <runs>0 18 51 7 15 47 8 7 4</runs>
            <runs>0 17 73 50 5 8 4</runs>
            <runs>0 15 75 63 3</runs>
            <runs>0 14 23 13 41 61 4</runs>
            <runs>0 12 24 13 17 2 33 50 5</runs>
            <runs>0 11 19 18 17 9 34 43 4</runs>
            <runs>0 9 18 21 16 12 39 3 1 30 6</runs>
            <runs>0 8 17 21 17 13 15 2 31 22 8</runs>
            <runs>0 7 16 22 17 14 15 7 32 16 7</runs>
            <runs>0 5 17 22 17 15 12 20 33 3 8</runs>
            <runs>0 4 16 22 18 16 12 25 37</runs>
            <runs>0 2 16 23 18 17 12 29 32</runs>
            <runs>0 1 16 23 18 18 13 28 6 7 16</runs>
            <runs>16 21 21 18 13 28 6 14 9</runs>
            <runs>0 1 14 17 25 19 13 27 7</runs>
            <runs>0 2 12 18 25 19 13 27 7</runs>
            <runs>0 4 10 17 21 24 14 25 8</runs>
            <runs>0 6 13 9 23 25 15 23 9</runs>
            <runs>0 10 37 29 15 22 10</runs>
            <runs>0 11 33 32 16 20 11</runs>
            <runs>0 15 26 40 12 18 7</runs>
            <runs>0 17 21 44 13 13 9</runs>
            <runs>0 26 2 3 2 50 18 6 9</runs>
            <runs>0 84 31</runs>
            <runs>0 86 28</runs>
            <runs>0 86 26</runs>
            <runs>0 87 24</runs>
            <runs>0 91 19</runs>
            <runs>0 94 14</runs>
        </run-table>
    </sample>
    <sample shape="G_CLEF" interline="22" pitch="0.6" left="168" top="1319" id="389">
        <run-table orientation="VERTICAL" width="56" height="156">
            <runs>0 85 15</runs>
            <runs>0 83 20</runs>
            <runs>0 81 24</runs>
            <runs>0 80 27</runs>
            <runs>0 74 35</runs>
            <runs>0 74 37</runs>
            <runs>0 72 40</runs>
            <runs>0 70 44</runs>
            <runs>0 69 22 12 12</runs>
            <runs>0 68 20 18 9 24 7</runs>
            <runs>0 66 19 23 8 22 12</runs>
            <runs>0 65 18 27 12 15 14</runs>
            <runs>0 64 17 30 11 14 16</runs>
            <runs>0 63 18 32 8 14 18</runs>
            <runs>0 62 17 35 7 14 19</runs>
            <runs>0 61 17 36 7 14 19</runs>
            <runs>0 59 18 14 11 13 3 16 21</runs>
            <runs>0 58 19 11 17 10 3 16 21</runs>
            <runs>0 57 20 8 22 9 2 16 22</runs>
            <runs>0 53 24 7 26 6 2 16 22</runs>
            <runs>0 53 24 6 17 1 10 6 1 16 22</runs>
            <runs>0 52 20 9 13 12 5 6 1 16 22</runs>
            <runs>0 29 9 14 18 11 12 15 4 22 22</runs>
            <runs>0 23 22 7 17 11 12 17 4 22 21</runs>
            <runs>0 19 49 11 12 20 2 22 15 1 5</runs>
            <runs>0 17 51 6 16 46 13 2 5</runs>
            <runs>0 15 52 7 15 48 11 4 4</runs>
            <runs>0 13 25 7 24 4 16 49 8 5 5</runs>
            <runs>0 12 24 12 41 54 1 7 5</runs>
            <runs>0 10 25 13 52 49 7</runs>
            <runs>0 9 18 20 18 3 32 50 6</runs>
            <runs>0 9 17 20 17 10 34 43 5</runs>
            <runs>0 7 16 22 17 12 39 36 6</runs>
            <runs>0 5 16 24 16 13 13 5 31 25 6</runs>
            <runs>0 4 16 23 17 14 13 9 31 19 7</runs>
            <runs>0 2 17 22 18 15 13 20 27 10 8</runs>
            <runs>0 1 16 23 18 16 13 27 38</runs>
            <runs>0 1 15 23 18 17 13 29 35</runs>
            <runs>15 22 19 18 13 29 6 3 25</runs>
            <runs>14 16 25 19 13 29 6 7 19</runs>
            <runs>14 17 24 19 13 28 7 15 8</runs>
            <runs>0 4 10 16 20 24 14 27 7</runs>
            <runs>0 5 11 11 22 25 14 26 7</runs>
            <runs>0 7 40 27 15 25 7</runs>
            <runs>0 9 35 30 15 23 9</runs>
            <runs>0 12 30 32 16 21 6</runs>
            <runs>0 16 22 40 14 17 7</runs>
            <runs>0 19 17 43 14 16 6</runs>
            <runs>0 79 20 8 8</runs>
            <runs>0 80 33</runs>
            <runs>0 82 30</runs>
            <runs>0 84 27</runs>
            <runs>0 86 24</runs>
            <runs>0 88 21</runs>
            <runs>0 90 17</runs>
            <runs>0 93 10</runs>
        </run-table>
    </sample>
    <sample shape="G_CLEF" interline="22" pitch="0.5" left="169" top="1532" id="391">
        <run-table orientation="VERTICAL" width="58" height="158">
            <runs>0 101 2</runs>
            <runs>0 90 4 1 9</runs>
            <runs>0 86 19</runs>
            <runs>0 83 24</runs>
            <runs>0 75 35</runs>
            <runs>0 75 38</runs>
            <runs>0 75 39</runs>
            <runs>0 74 41</runs>
            <runs>0 72 44</runs>
            <runs>0 70 47 25 6</runs>
            <runs>0 69 48 23 10</runs>
            <runs>0 68 26 10 14 20 13</runs>
            <runs>0 67 23 16 1 3 13 14 16</runs>
            <runs>0 66 21 24 12 13 18</runs>
            <runs>0 65 20 28 10 13 19</runs>
            <runs>0 63 21 30 9 12 20</runs>
            <runs>0 62 19 34 8 12 20</runs>
            <runs>0 61 19 36 7 12 21</runs>
            <runs>0 60 19 13 11 14 2 16 21</runs>
            <runs>0 59 20 11 19 8 2 16 22</runs>
            <runs>0 58 20 10 23 7 1 16 22</runs>
            <runs>0 58 20 9 25 6 1 16 22</runs>
            <runs>0 53 21 12 27 22 22</runs>
            <runs>0 53 20 12 16 4 3 1 5 21 17 1 4</runs>
            <runs>0 28 16 9 19 11 13 15 4 20 17 2 4</runs>
            <runs>0 28 21 4 18 11 11 19 3 21 15 3 4</runs>
            <runs>0 24 46 12 10 22 1 22 14 3 4</runs>
            <runs>0 20 50 11 11 47 10 5 3</runs>
            <runs>0 17 54 9 11 49 8 6 3</runs>
            <runs>0 15 28 5 43 54 1 7 4</runs>
            <runs>0 13 22 14 41 63 4</runs>
            <runs>0 12 22 15 42 61 5</runs>
            <runs>0 10 19 19 17 6 30 51 4</runs>
            <runs>0 8 20 18 18 11 32 1 16 27 5</runs>
            <runs>0 7 20 19 17 11 51 25 5</runs>
            <runs>0 6 19 20 17 13 15 2 43 14 6</runs>
            <runs>0 5 18 21 17 14 14 7 46 2 10</runs>
            <runs>0 4 17 22 17 15 14 25 39</runs>
            <runs>0 3 17 22 17 16 13 30 33</runs>
            <runs>0 2 16 22 17 18 14 42 19</runs>
            <runs>17 22 18 18 14 47 13</runs>
            <runs>16 20 20 19 14</runs>
            <runs>15 17 24 19 14</runs>
            <runs>14 18 20 27 10 27 7</runs>
            <runs>0 1 13 16 20 30 9 27 7</runs>
            <runs>0 5 11 12 20 32 10 25 7</runs>
            <runs>0 8 37 35 11 22 9</runs>
            <runs>0 9 34 38 11 20 6</runs>
            <runs>0 12 28 42 11 17 8</runs>
            <runs>0 15 20 48 11 15 8</runs>
            <runs>0 20 8 55 17 8 8</runs>
            <runs>0 84 17 4 10</runs>
            <runs>0 85 28</runs>
            <runs>0 86 26</runs>
            <runs>0 88 24</runs>
            <runs>0 90 19</runs>
            <runs>0 92 16</runs>
            <runs>0 94 13</runs>
        </run-table>
    </sample>
    <sample shape="G_CLEF" interline="22" pitch="0.4" left="167" top="1883" id="427">
        <run-table orientation="VERTICAL" width="56" height="155">
            <runs>0 90 5</runs>
            <runs>0 83 18</runs>
            <runs>0 80 23</runs>
            <runs>0 76 30</runs>
            <runs>0 75 32</runs>
            <runs>0 75 34</runs>
            <runs>0 74 36</runs>
            <runs>0 71 40</runs>
            <runs>0 70 42 27 5</runs>
            <runs>0 68 21 13 11 23 11</runs>
            <runs>0 67 19 18 10 21 14</runs>
            <runs>0 65 18 24 8 19 16</runs>
            <runs>0 64 18 27 7 17 18</runs>
            <runs>0 63 17 30 6 17 19</runs>
            <runs>0 62 17 32 7 14 20</runs>
            <runs>0 61 18 33 6 14 21</runs>
            <runs>0 61 18 13 2 1 2 16 8 11 21</runs>
            <runs>0 59 19 11 13 11 8 11 22</runs>
            <runs>0 59 19 9 18 9 7 11 22</runs>
            <runs>0 58 16 11 22 8 7 10 22</runs>
            <runs>0 53 20 11 23 8 7 10 22</runs>
            <runs>0 53 19 11 12 8 6 23 17 1 5</runs>
            <runs>0 53 18 11 11 13 4 23 16 2 4</runs>
            <runs>0 53 18 10 10 17 3 22 15 3 4</runs>
            <runs>0 53 16 11 10 19 3 22 13 4 4</runs>
            <runs>0 31 8 14 15 11 10 46 11 5 3</runs>
            <runs>0 23 24 2 18 8 14 47 9 6 4</runs>
            <runs>0 20 47 8 13 52 2 9 4</runs>
            <runs>0 17 50 8 13 62 5</runs>
            <runs>0 17 54 4 13 62 4</runs>
            <runs>0 14 23 10 43 59 5</runs>
            <runs>0 12 23 12 54 47 5</runs>
            <runs>0 11 24 12 16 6 38 40 6</runs>
            <runs>0 10 17 19 16 13 47 24 6</runs>
            <runs>0 9 16 20 16 14 11 9 30 20 6</runs>
            <runs>0 7 16 21 16 16 10 15 36 2 11</runs>
            <runs>0 6 15 22 16 17 10 25 39</runs>
            <runs>0 5 15 22 16 18 10 30 32</runs>
            <runs>0 3 16 22 16 18 11 30 6 5 18</runs>
            <runs>0 2 15 23 17 18 11 29 7 16 6</runs>
            <runs>0 1 15 23 18 19 11 28 7</runs>
            <runs>0 1 14 22 20 19 11 27 8</runs>
            <runs>14 18 20 24 12 26 4</runs>
            <runs>13 20 18 25 12 25 4</runs>
            <runs>0 1 12 19 17 26 14 23 5</runs>
            <runs>0 3 9 17 18 29 13 23 4</runs>
            <runs>0 5 10 10 20 31 14 21 5</runs>
            <runs>0 7 35 34 15 18 6</runs>
            <runs>0 9 31 40 12 16 6</runs>
            <runs>0 14 23 44 13 12 7</runs>
            <runs>0 17 11 1 3 49 19 2 10</runs>
            <runs>0 83 28</runs>
            <runs>0 86 24</runs>
            <runs>0 88 21</runs>
            <runs>0 89 18</runs>
            <runs>0 93 12</runs>
        </run-table>
    </sample>
    <sample shape="G_CLEF" interline="22" pitch="0.5" left="161" top="2422" id="477">
        <run-table orientation="VERTICAL" width="57" height="156">
            <runs>0 87 16</runs>
            <runs>0 84 22</runs>
            <runs>0 77 31</runs>
            <runs>0 77 32</runs>
            <runs>0 76 34</runs>
            <runs>0 74 37</runs>
            <runs>0 73 40</runs>
            <runs>0 71 43</runs>
            <runs>0 70 45</runs>
            <runs>0 68 30 6 12 22 11</runs>
            <runs>0 67 24 15 11 20 14</runs>
            <runs>0 66 22 21 9 18 16</runs>
            <runs>0 65 21 24 14 11 17</runs>
            <runs>0 63 21 26 14 11 18</runs>
            <runs>0 62 20 30 11 11 20</runs>
            <runs>0 62 19 32 10 11 20</runs>
            <runs>0 61 19 16 7 11 10 10 21</runs>
            <runs>0 60 20 11 16 8 9 9 22</runs>
            <runs>0 55 25 8 21 6 9 9 22</runs>
            <runs>0 55 25 7 23 6 8 9 23</runs>
            <runs>0 55 19 11 25 7 2 15 22</runs>
            <runs>0 55 18 11 19 2 6 6 2 15 22</runs>
            <runs>0 30 13 12 17 11 13 12 5 4 2 15 22</runs>
            <runs>0 25 22 2 1 4 18 10 12 16 3 5 1 15 16 2 4</runs>
            <runs>0 22 49 6 16 18 2 5 1 16 15 2 4</runs>
            <runs>0 19 51 7 15 26 1 17 13 3 4</runs>
            <runs>0 18 51 8 14 27 1 18 11 4 4</runs>
            <runs>0 17 54 5 14 48 8 6 4</runs>
            <runs>0 15 24 2 1 7 41 62 4</runs>
            <runs>0 14 23 12 41 61 5</runs>
            <runs>0 12 25 11 42 61 4</runs>
            <runs>0 10 18 19 18 8 35 43 4</runs>
            <runs>0 9 16 21 18 12 36 5 7 27 4</runs>
            <runs>0 8 16 21 18 13 48 25 5</runs>
            <runs>0 7 16 21 17 16 11 3 35 22 5</runs>
            <runs>0 5 16 22 17 17 11 17 31 10 7</runs>
            <runs>0 3 16 23 17 18 11 20 6 1 37</runs>
            <runs>0 2 16 22 18 19 12 28 34</runs>
            <runs>0 1 17 20 20 19 11 29 33</runs>
            <runs>0 1 15 18 24 19 11 28 8 7 16</runs>
            <runs>15 19 20 23 11 28 8 15 3</runs>
            <runs>0 1 13 19 20 24 11 27 8</runs>
            <runs>0 3 11 16 21 26 12 26 8</runs>
            <runs>0 5 10 3 1 4 3 3 20 28 12 25 9</runs>
            <runs>0 7 39 31 12 24 5</runs>
            <runs>0 10 33 34 13 22 5</runs>
            <runs>0 13 27 36 15 20 5</runs>
            <runs>0 15 3 1 18 40 15 18 6</runs>
            <runs>0 81 13 14 7</runs>
            <runs>0 82 13 10 9</runs>
            <runs>0 83 30</runs>
            <runs>0 84 29</runs>
            <runs>0 86 25</runs>
            <runs>0 87 22</runs>
            <runs>0 89 19</runs>
            <runs>0 92 12</runs>
            <runs>0 96 2</runs>
        </run-table>
    </sample>
    <sample shape="G_CLEF" interline="22" pitch="0.6" left="160" top="2924" id="526">
        <run-table orientation="VERTICAL" width="56" height="156">
            <runs>0 87 15</runs>
            <runs>0 84 20</runs>
            <runs>0 81 24</runs>
            <runs>0 76 31</runs>
            <runs>0 75 35</runs>
            <runs>0 75 36</runs>
            <runs>0 74 39</runs>
            <runs>0 72 42</runs>
            <runs>0 70 45</runs>
            <runs>0 69 24 4 19 24 7</runs>
            <runs>0 68 22 15 12 21 12</runs>
            <runs>0 67 19 22 10 19 14</runs>
            <runs>0 65 20 25 8 18 16</runs>
            <runs>0 64 18 30 11 12 18</runs>
            <runs>0 63 18 31 11 12 19</runs>
            <runs>0 62 17 14 1 19 9 12 20</runs>
            <runs>0 61 18 12 10 14 7 12 21</runs>
            <runs>0 60 19 11 15 11 3 15 21</runs>
            <runs>0 59 20 8 20 9 3 15 21</runs>
            <runs>0 54 25 7 23 7 3 15 22</runs>
            <runs>0 54 25 6 25 7 2 15 22</runs>
            <runs>0 54 20 9 29 5 2 15 22</runs>
            <runs>0 54 19 9 13 12 6 4 2 15 17 1 4</runs>
            <runs>0 38 1 15 18 9 13 15 4 4 2 15 16 2 4</runs>
            <runs>0 27 18 8 18 9 12 17 5 4 1 16 15 3 3</runs>
            <runs>0 23 28 1 19 4 17 19 3 4 1 16 14 4 3</runs>
            <runs>0 20 51 4 16 27 1 18 11 5 3</runs>
            <runs>0 17 54 4 15 48 8 7 3</runs>
            <runs>0 16 74 51 2 9 4</runs>
            <runs>0 14 23 12 40 63 4</runs>
            <runs>0 12 23 14 43 60 4</runs>
            <runs>0 10 19 19 57 46 4</runs>
            <runs>0 10 16 21 18 6 1 1 41 3 1 32 5</runs>
            <runs>0 8 16 23 18 10 13 1 34 26 5</runs>
            <runs>0 7 15 23 17 13 12 9 30 22 6</runs>
            <runs>0 6 14 24 17 14 13 9 39 10 7</runs>
            <runs>0 5 15 24 16 15 13 21 44</runs>
            <runs>0 3 15 24 17 16 13 27 36</runs>
            <runs>0 1 16 24 17 17 13 28 32</runs>
            <runs>16 23 18 18 13 29 6 7 17</runs>
            <runs>15 23 19 19 12 28 7 16 4</runs>
            <runs>13 23 21 18 13 28 7</runs>
            <runs>0 2 11 19 20 23 14 26 8</runs>
            <runs>0 4 9 18 19 25 14 26 8</runs>
            <runs>0 6 11 11 20 27 15 24 9</runs>
            <runs>0 8 38 29 16 22 10</runs>
            <runs>0 11 33 31 18 20 6</runs>
            <runs>0 16 23 42 13 17 7</runs>
            <runs>0 21 15 46 13 15 8</runs>
            <runs>0 83 18 6 9</runs>
            <runs>0 84 18 1 12</runs>
            <runs>0 85 28</runs>
            <runs>0 86 26</runs>
            <runs>0 88 23</runs>
            <runs>0 91 18</runs>
            <runs>0 92 1 1 12</runs>
        </run-table>
    </sample>
    <sample shape="G_CLEF" interline="22" pitch="0.2" left="156" top="3121" id="529">
        <run-table orientation="VERTICAL" width="58" height="154">
            <runs>0 94 1</runs>
            <runs>0 87 15</runs>
            <runs>0 80 2 1 20</runs>
            <runs>0 76 29</runs>
            <runs>0 76 31</runs>
            <runs>0 76 33</runs>
            <runs>0 73 36</runs>
            <runs>0 71 40</runs>
            <runs>0 69 43</runs>
            <runs>0 68 45</runs>
            <runs>0 67 47 25 2 1 2</runs>
            <runs>0 65 28 1 20 23 10</runs>
            <runs>0 64 26 6 19 20 14</runs>
            <runs>0 63 26 19 8 18 16</runs>
            <runs>0 62 26 21 8 17 17</runs>
            <runs>0 61 25 25 7 15 18</runs>
            <runs>0 60 25 26 7 15 19</runs>
            <runs>0 55 27 10 12 8 6 15 19</runs>
            <runs>0 54 29 6 16 8 5 15 20</runs>
            <runs>0 54 29 3 20 8 5 13 21</runs>
            <runs>0 54 54 7 9 8 21</runs>
            <runs>0 54 55 6 9 8 21</runs>
            <runs>0 54 17 5 33 7 8 8 22</runs>
            <runs>0 53 17 6 34 6 7 10 17 1 3</runs>
            <runs>0 30 15 1 1 5 18 6 19 2 13 7 6 11 16 1 3</runs>
            <runs>0 25 44 7 15 14 1 2 2 7 7 10 15 3 2</runs>
            <runs>0 22 46 8 15 26 1 17 13 4 2</runs>
            <runs>0 19 50 7 15 46 8 7 2</runs>
            <runs>0 16 57 3 14 49 4 8 3</runs>
            <runs>0 14 25 8 42 51 1 10 3</runs>
            <runs>0 13 24 10 42 51 1 10 3</runs>
            <runs>0 12 18 17 16 2 25 6 2 42 1 10 2</runs>
            <runs>0 10 18 18 16 11 29 2 1 45 3</runs>
            <runs>0 8 18 18 18 14 30 44 3</runs>
            <runs>0 7 17 19 18 15 15 1 23 2 1 31 3</runs>
            <runs>0 6 16 20 18 16 10 9 34 19 3</runs>
            <runs>0 5 15 21 17 18 10 12 35 13 4</runs>
            <runs>0 3 16 21 18 18 9 20 3 1 40</runs>
            <runs>0 2 16 21 19 17 11 29 32</runs>
            <runs>16 23 19 17 11 29 10 1 20</runs>
            <runs>15 23 20 17 11 29 9 14 5</runs>
            <runs>14 19 19 23 11 29 8</runs>
            <runs>0 1 12 20 17 25 11 28 5</runs>
            <runs>0 3 9 19 18 26 12 27 4</runs>
            <runs>0 5 9 14 19 29 11 27 3</runs>
            <runs>0 7 12 3 23 31 12 24 4</runs>
            <runs>0 9 34 33 12 24 4</runs>
            <runs>0 12 27 37 13 22 4</runs>
            <runs>0 15 24 38 15 19 5</runs>
            <runs>0 21 16 40 16 15 6</runs>
            <runs>0 22 1 59 20 2 10</runs>
            <runs>0 83 30</runs>
            <runs>0 84 28</runs>
            <runs>0 86 25</runs>
            <runs>0 87 23</runs>
            <runs>0 89 19</runs>
            <runs>0 91 14</runs>
            <runs>0 96 2</runs>
        </run-table>
    </sample>
    <sample shape="F_CLEF" interline="22" pitch="-1.4" left="174" top="450" id="318">
        <run-table orientation="VERTICAL" width="62" height="68">
            <runs>0 64 1</runs>
            <runs>0 63 2</runs>
            <runs>0 63 2</runs>
            <runs>0 63 2</runs>
            <runs>0 62 3</runs>
            <runs>0 18 2 42 3</runs>
            <runs>0 12 12 38 3</runs>
            <runs>0 9 16 37 3</runs>
            <runs>0 8 17 36 7</runs>
            <runs>0 6 20 35 7</runs>
            <runs>0 5 6 6 10 34 7</runs>
            <runs>0 4 5 8 11 32 8</runs>
            <runs>8 9 12 31 8</runs>
            <runs>7 10 13 30 4</runs>
            <runs>0 3 3 10 14 29 4</runs>
            <runs>0 3 2 10 14 30 4</runs>
            <runs>0 3 1 11 14 29 5</runs>
            <runs>0 3 1 11 14 29 4</runs>
            <runs>0 15 14 28 5</runs>
            <runs>0 15 14 27 6</runs>
            <runs>0 16 12 27 6</runs>
            <runs>0 16 12 26 7</runs>
            <runs>0 17 9 28 7</runs>
            <runs>0 18 8 28 6</runs>
            <runs>0 52 8</runs>
            <runs>0 51 8</runs>
            <runs>0 51 7</runs>
            <runs>0 49 8</runs>
            <runs>0 48 8</runs>
            <runs>0 43 13</runs>
            <runs>0 43 12</runs>
            <runs>0 42 12</runs>
            <runs>0 5 1 36 12</runs>
            <runs>7 34 13</runs>
            <runs>8 31 14</runs>
            <runs>10 27 15</runs>
            <runs>11 22 9 5 3</runs>
            <runs>14 16 11 6 3</runs>
            <runs>43 4 2</runs>
            <runs>48</runs>
            <runs>0 4 43</runs>
            <runs>0 4 42</runs>
            <runs>0 6 40</runs>
            <runs>0 7 39</runs>
            <runs>0 7 39</runs>
            <runs>0 8 32</runs>
            <runs>0 10 28</runs>
            <runs>0 12 25</runs>
            <runs>0 13 21</runs>
            <runs>0 16 16</runs>
            <runs></runs>
            <runs></runs>
            <runs>0 10 4</runs>
            <runs>0 10 5 15 5</runs>
            <runs>0 9 7 13 7</runs>
            <runs>0 9 8 11 9</runs>
            <runs>0 8 9 12 9</runs>
            <runs>0 8 9 11 9</runs>
            <runs>0 8 8 12 9</runs>
            <runs>0 9 7 13 8</runs>
            <runs>0 9 6 14 7</runs>
            <runs>0 10 4 16 6</runs>
        </run-table>
    </sample>
    <sample shape="F_CLEF" interline="22" pitch="-1.5" left="158" top="2106" id="437">
        <run-table orientation="VERTICAL" width="62" height="69">
            <runs>0 64 1</runs>
            <runs>0 64 1</runs>
            <runs>0 64 1</runs>
            <runs>0 63 2</runs>
            <runs>0 14 12 37 2</runs>
            <runs>0 14 12 37 2</runs>
            <runs>0 11 16 35 7</runs>
            <runs>0 9 19 34 7</runs>
            <runs>0 8 6 4 11 33 7</runs>
            <runs>0 6 7 5 12 32 7</runs>
            <runs>0 5 6 7 12 31 8</runs>
            <runs>0 5 5 7 13 31 8</runs>
            <runs>0 1 7 9 14 29 5</runs>
            <runs>0 4 3 10 14 29 5</runs>
            <runs>0 4 3 9 14 29 6</runs>
            <runs>0 4 2 10 15 28 5</runs>
            <runs>0 4 2 10 15 27 6</runs>
            <runs>0 4 1 11 14 28 5</runs>
            <runs>0 4 1 12 13 27 6</runs>
            <runs>0 4 1 12 13 26 6</runs>
            <runs>0 4 1 13 11 27 6</runs>
            <runs>0 4 1 13 10 27 6</runs>
            <runs>0 55 6</runs>
            <runs>0 54 6</runs>
            <runs>0 53 7</runs>
            <runs>0 52 7</runs>
            <runs>0 4 1 46 8</runs>
            <runs>0 4 1 44 9</runs>
            <runs>0 4 1 39 14</runs>
            <runs>0 4 2 38 13</runs>
            <runs>0 4 2 38 12</runs>
            <runs>7 37 12</runs>
            <runs>7 34 14</runs>
            <runs>9 30 15</runs>
            <runs>10 27 17</runs>
            <runs>12 23 18</runs>
            <runs>13 1 2 15 21</runs>
            <runs>51</runs>
            <runs>50</runs>
            <runs>49</runs>
            <runs>0 4 3 1 40</runs>
            <runs>0 5 2 2 38</runs>
            <runs>0 6 1 1 39</runs>
            <runs>0 6 41</runs>
            <runs>0 8 39</runs>
            <runs>0 9 32</runs>
            <runs>0 11 28</runs>
            <runs>0 12 24</runs>
            <runs>0 13 1 1 19</runs>
            <runs>0 20 11</runs>
            <runs></runs>
            <runs>0 14 2</runs>
            <runs>0 13 4 14 5</runs>
            <runs>0 11 7 12 8</runs>
            <runs>0 10 8 12 8</runs>
            <runs>0 10 8 11 9</runs>
            <runs>0 9 9 11 10</runs>
            <runs>0 9 9 12 8</runs>
            <runs>0 9 9 12 8</runs>
            <runs>0 10 8 13 8</runs>
            <runs>0 11 7 14 6</runs>
            <runs>0 12 2 20 2</runs>
        </run-table>
    </sample>
    <sample shape="F_CLEF" interline="22" pitch="-1.5" left="161" top="2645" id="487">
        <run-table orientation="VERTICAL" width="58" height="69">
            <runs>0 18 2</runs>
            <runs>0 13 13</runs>
            <runs>0 10 16</runs>
            <runs>0 9 18 35 7</runs>
            <runs>0 8 5 6 9 34 7</runs>
            <runs>0 7 4 8 10 33 7</runs>
            <runs>0 1 9 9 10 32 8</runs>
            <runs>0 1 8 9 12 31 4</runs>
            <runs>0 5 2 11 12 30 5</runs>
            <runs>0 5 2 10 13 30 5</runs>
            <runs>0 5 1 11 13 29 6</runs>
            <runs>0 5 1 11 14 28 5</runs>
            <runs>0 17 13 28 6</runs>
            <runs>0 17 13 27 6</runs>
            <runs>0 17 13 27 6</runs>
            <runs>0 17 13 27 5</runs>
            <runs>0 18 11 27 6</runs>
            <runs>0 19 9 27 6</runs>
            <runs>0 20 2 32 7</runs>
            <runs>0 53 7</runs>
            <runs>0 52 8</runs>
            <runs>0 51 8</runs>
            <runs>0 50 9</runs>
            <runs>0 49 9</runs>
            <runs>0 44 13</runs>
            <runs>0 44 13</runs>
            <runs>0 44 12</runs>
            <runs>0 6 1 36 12</runs>
            <runs>0 1 7 33 13</runs>
            <runs>9 31 13</runs>
            <runs>0 1 9 28 15</runs>
            <runs>0 1 11 23 17</runs>
            <runs>14 20 17</runs>
            <runs>17 2 1 7 23</runs>
            <runs>0 1 48</runs>
            <runs>0 5 43</runs>
            <runs>0 5 42</runs>
            <runs>0 6 41</runs>
            <runs>0 7 40</runs>
            <runs>0 8 39</runs>
            <runs>0 9 32</runs>
            <runs>0 10 29</runs>
            <runs>0 11 26</runs>
            <runs>0 13 22</runs>
            <runs>0 15 20</runs>
            <runs>0 18 15</runs>
            <runs></runs>
            <runs></runs>
            <runs>0 11 6 16 4</runs>
            <runs>0 10 8 13 8</runs>
            <runs>0 10 9 12 8</runs>
            <runs>0 10 9 11 9</runs>
            <runs>0 10 9 11 9</runs>
            <runs>0 10 9 11 9</runs>
            <runs>0 10 9 11 9</runs>
            <runs>0 10 8 12 8</runs>
            <runs>0 11 7 13 6</runs>
            <runs>0 13 2 17 3</runs>
        </run-table>
    </sample>
    <sample shape="FLAT" interline="22" pitch="-0.6" left="262" top="253" id="324">
        <run-table orientation="VERTICAL" width="19" height="56">
            <runs>0 27 4 1 24</runs>
            <runs>0 1 6 1 48</runs>
            <runs>42 3 1 1 8</runs>
            <runs>0 1 32 16 5</runs>
            <runs>0 26 1 1 3 18 4</runs>
            <runs>0 27 4 16 5</runs>
            <runs>0 27 3 16 5</runs>
            <runs>0 27 3 15 5</runs>
            <runs>0 26 4 14 5</runs>
            <runs>0 25 5 12 6</runs>
            <runs>0 25 5 7 10</runs>
            <runs>0 25 6 6 9</runs>
            <runs>0 24 20</runs>
            <runs>0 24 19</runs>
            <runs>0 25 17</runs>
            <runs>0 25 16</runs>
            <runs>0 25 15</runs>
            <runs>0 26 14</runs>
            <runs>0 29 11</runs>
        </run-table>
    </sample>
    <sample shape="FLAT" interline="22" pitch="-3.7" left="283" top="220" id="332">
        <run-table orientation="VERTICAL" width="20" height="55">
            <runs>0 2 1</runs>
            <runs>39 2 13</runs>
            <runs>55</runs>
            <runs>0 1 54</runs>
            <runs>0 23 11 19 1</runs>
            <runs>0 31 1</runs>
            <runs></runs>
            <runs></runs>
            <runs>0 45 2</runs>
            <runs>0 44 7</runs>
            <runs>0 42 9</runs>
            <runs>0 41 10</runs>
            <runs>0 24 7 8 12</runs>
            <runs>0 24 21</runs>
            <runs>0 25 19</runs>
            <runs>0 25 18</runs>
            <runs>0 25 16</runs>
            <runs>0 25 14</runs>
            <runs>0 26 12</runs>
            <runs>0 26 9</runs>
        </run-table>
    </sample>
    <sample shape="FLAT" interline="22" pitch="0.3" left="305" top="264" id="331">
        <run-table orientation="VERTICAL" width="20" height="54">
            <runs>0 22 11 3 2 7 2</runs>
            <runs>0 16 38</runs>
            <runs>54</runs>
            <runs>36 8 9</runs>
            <runs>16 4 1 3 8</runs>
            <runs></runs>
            <runs></runs>
            <runs>0 25 1 18 1</runs>
            <runs>0 25 1 16 8</runs>
            <runs>0 24 2 15 9</runs>
            <runs>0 24 2 14 10</runs>
            <runs>0 23 7 8 7</runs>
            <runs>0 23 9 3 10</runs>
            <runs>0 23 21</runs>
            <runs>0 23 19</runs>
            <runs>0 25 17</runs>
            <runs>0 25 16</runs>
            <runs>0 26 13</runs>
            <runs>0 26 12</runs>
            <runs>0 26 10</runs>
        </run-table>
    </sample>
    <sample shape="FLAT" interline="22" pitch="1.5" left="258" top="480" id="338">
        <run-table orientation="VERTICAL" width="22" height="55">
            <runs>0 40 15</runs>
            <runs>0 1 24 1 2 5 22</runs>
            <runs>55</runs>
            <runs>40 8 6</runs>
            <runs>0 9 8 4 3 3 12 9 6</runs>
            <runs>0 28 4 16 4</runs>
            <runs>0 27 4 15 5</runs>
            <runs>0 26 4 14 6</runs>
            <runs>0 25 4 14 6</runs>
            <runs>0 25 4 13 7</runs>
            <runs>0 24 5 12 6 1 1</runs>
            <runs>0 24 6 10 6</runs>
            <runs>0 24 7 4 9</runs>
            <runs>0 24 8 1 10</runs>
            <runs>0 24 18</runs>
            <runs>0 24 17</runs>
            <runs>0 25 15</runs>
            <runs>0 25 14</runs>
            <runs>0 26 12</runs>
            <runs>0 28 10</runs>
            <runs>0 31 7</runs>
            <runs>0 33 2</runs>
        </run-table>
    </sample>
    <sample shape="FLAT" interline="22" pitch="-1.7" left="280" top="446" id="344">
        <run-table orientation="VERTICAL" width="21" height="56">
            <runs>0 1 15</runs>
            <runs>0 1 55</runs>
            <runs>0 1 55</runs>
            <runs>39 3 2 1 10</runs>
            <runs>0 25 10 12 7</runs>
            <runs>0 25 7 20 1</runs>
            <runs></runs>
            <runs></runs>
            <runs></runs>
            <runs>0 44 1</runs>
            <runs>0 42 8</runs>
            <runs>0 40 10</runs>
            <runs>0 25 7 6 12</runs>
            <runs>0 24 21</runs>
            <runs>0 25 19</runs>
            <runs>0 25 18</runs>
            <runs>0 25 16</runs>
            <runs>0 25 15</runs>
            <runs>0 25 12</runs>
            <runs>0 25 10</runs>
            <runs>0 30 4</runs>
        </run-table>
    </sample>
    <sample shape="FLAT" interline="22" pitch="2.2" left="303" top="487" id="346">
        <run-table orientation="VERTICAL" width="19" height="56">
            <runs>0 1 2 1 10 2 8 9 22</runs>
            <runs>3 1 52</runs>
            <runs>55</runs>
            <runs>34</runs>
            <runs></runs>
            <runs></runs>
            <runs>0 47 1</runs>
            <runs>0 46 7</runs>
            <runs>0 26 1 16 10</runs>
            <runs>0 25 2 15 11</runs>
            <runs>0 25 2 14 6</runs>
            <runs>0 25 2 12 7</runs>
            <runs>0 25 7 1 12</runs>
            <runs>0 25 19</runs>
            <runs>0 24 20</runs>
            <runs>0 26 16</runs>
            <runs>0 26 14</runs>
            <runs>0 27 12</runs>
            <runs>0 28 9</runs>
        </run-table>
    </sample>
    <sample shape="FLAT" interline="22" pitch="-0.5" left="256" top="784" id="361">
        <run-table orientation="VERTICAL" width="20" height="55">
            <runs>46</runs>
            <runs>55</runs>
            <runs>54</runs>
            <runs>0 24 15 10 5</runs>
            <runs>0 28 10 10 5</runs>
            <runs>0 27 4 16 5</runs>
            <runs>0 26 4 16 5</runs>
            <runs>0 25 5 14 6</runs>
            <runs>0 25 4 14 6</runs>
            <runs>0 25 4 13 6</runs>
            <runs>0 24 6 10 7</runs>
            <runs>0 24 9 1 11</runs>
            <runs>0 24 20</runs>
            <runs>0 24 19</runs>
            <runs>0 24 18</runs>
            <runs>0 24 17</runs>
            <runs>0 25 14</runs>
            <runs>0 26 13</runs>
            <runs>0 27 11</runs>
            <runs>0 32 3</runs>
        </run-table>
    </sample>
    <sample shape="FLAT" interline="22" pitch="-3.7" left="278" top="749" id="369">
        <run-table orientation="VERTICAL" width="19" height="55">
            <runs>0 10 32 1 11</runs>
            <runs>55</runs>
            <runs>55</runs>
            <runs>11 9 3 1 10 12 8</runs>
            <runs>0 31 1</runs>
            <runs></runs>
            <runs></runs>
            <runs>0 44 7</runs>
            <runs>0 43 8</runs>
            <runs>0 42 9</runs>
            <runs>0 24 1 15 11</runs>
            <runs>0 24 7 7 8</runs>
            <runs>0 24 21</runs>
            <runs>0 24 19</runs>
            <runs>0 24 18</runs>
            <runs>0 25 17</runs>
            <runs>0 25 14</runs>
            <runs>0 26 11</runs>
            <runs>0 26 10</runs>
        </run-table>
    </sample>
    <sample shape="FLAT" interline="22" pitch="0.2" left="298" top="792" id="368">
        <run-table orientation="VERTICAL" width="21" height="56">
            <runs>0 1 9</runs>
            <runs>40 7 9</runs>
            <runs>55</runs>
            <runs>54</runs>
            <runs>0 1 7 1 3 7 16</runs>
            <runs>0 26 8</runs>
            <runs></runs>
            <runs>0 46 2</runs>
            <runs>0 45 3</runs>
            <runs>0 44 7</runs>
            <runs>0 43 8</runs>
            <runs>0 41 10</runs>
            <runs>0 39 12</runs>
            <runs>0 25 20</runs>
            <runs>0 25 19</runs>
            <runs>0 25 18</runs>
            <runs>0 26 16</runs>
            <runs>0 27 14</runs>
            <runs>0 27 13</runs>
            <runs>0 27 11</runs>
            <runs>0 31 2</runs>
        </run-table>
    </sample>
    <sample shape="FLAT" interline="22" pitch="-0.6" left="255" top="975" id="375">
        <run-table orientation="VERTICAL" width="19" height="55">
            <runs>0 1 10 1 7 1 1 4 30</runs>
            <runs>55</runs>
            <runs>39 10 5</runs>
            <runs>0 3 1 3 3 3 12 3 5 16 4</runs>
            <runs>0 27 4 17 4</runs>
            <runs>0 27 3 17 5</runs>
            <runs>0 26 4 16 4</runs>
            <runs>0 25 5 14 5</runs>
            <runs>0 25 5 13 5</runs>
            <runs>0 25 5 12 5</runs>
            <runs>0 25 5 5 11</runs>
            <runs>0 25 8 2 10</runs>
            <runs>0 25 19</runs>
            <runs>0 25 18</runs>
            <runs>0 26 15</runs>
            <runs>0 26 14</runs>
            <runs>0 26 12</runs>
            <runs>0 27 11</runs>
            <runs>0 30 8</runs>
        </run-table>
    </sample>
    <sample shape="FLAT" interline="22" pitch="-3.9" left="275" top="940" id="381">
        <run-table orientation="VERTICAL" width="20" height="55">
            <runs>0 1 4 2 1 1 1 1 4 1 1 14 2</runs>
            <runs>54</runs>
            <runs>55</runs>
            <runs>41</runs>
            <runs>0 32 1</runs>
            <runs></runs>
            <runs></runs>
            <runs>0 26 1 19 1</runs>
            <runs>0 26 1 17 8</runs>
            <runs>0 25 2 16 9</runs>
            <runs>0 24 3 15 5</runs>
            <runs>0 24 3 14 5</runs>
            <runs>0 24 7 7 7</runs>
            <runs>0 25 18</runs>
            <runs>0 25 18</runs>
            <runs>0 25 16</runs>
            <runs>0 25 15</runs>
            <runs>0 26 12</runs>
            <runs>0 26 11</runs>
            <runs>0 27 7</runs>
        </run-table>
    </sample>
    <sample shape="FLAT" interline="22" pitch="0.1" left="297" top="983" id="383">
        <run-table orientation="VERTICAL" width="20" height="55">
            <runs>0 4 2 11 16</runs>
            <runs>55</runs>
            <runs>55</runs>
            <runs>17 7 10 7 1</runs>
            <runs>0 26 7</runs>
            <runs></runs>
            <runs>0 47 1</runs>
            <runs>0 45 7</runs>
            <runs>0 44 8</runs>
            <runs>0 43 9</runs>
            <runs>0 24 1 16 6</runs>
            <runs>0 24 7 7 8</runs>
            <runs>0 24 9 2 10</runs>
            <runs>0 24 19</runs>
            <runs>0 25 18</runs>
            <runs>0 26 16</runs>
            <runs>0 27 13</runs>
            <runs>0 27 11</runs>
            <runs>0 28 8</runs>
            <runs>0 28 7</runs>
        </run-table>
    </sample>
    <sample shape="FLAT" interline="22" pitch="-0.4" left="250" top="1360" id="395">
        <run-table orientation="VERTICAL" width="20" height="58">
            <runs>0 1 19 7 4 9 18</runs>
            <runs>45 1 12</runs>
            <runs>40 8 5</runs>
            <runs>0 26 11 11 4</runs>
            <runs>0 27 4 16 4</runs>
            <runs>0 27 2 17 5</runs>
            <runs>0 26 3 16 5</runs>
            <runs>0 25 4 15 4</runs>
            <runs>0 25 4 13 5</runs>
            <runs>0 24 5 12 5</runs>
            <runs>0 24 5 11 5</runs>
            <runs>0 23 6 9 6</runs>
            <runs>0 24 7 2 10</runs>
            <runs>0 23 19</runs>
            <runs>0 24 16</runs>
            <runs>0 24 16</runs>
            <runs>0 25 13</runs>
            <runs>0 26 12</runs>
            <runs>0 27 10</runs>
            <runs>0 29 7</runs>
        </run-table>
    </sample>
    <sample shape="FLAT" interline="22" pitch="-3.8" left="271" top="1324" id="404">
        <run-table orientation="VERTICAL" width="21" height="54">
            <runs>0 4 1</runs>
            <runs>0 1 34 4 1 5 3</runs>
            <runs>0 1 53</runs>
            <runs>37 1 5 2 9</runs>
            <runs>0 24 10 18 1</runs>
            <runs></runs>
            <runs></runs>
            <runs></runs>
            <runs>0 44 7</runs>
            <runs>0 43 8</runs>
            <runs>0 42 9</runs>
            <runs>0 41 10</runs>
            <runs>0 39 6</runs>
            <runs>0 24 8 4 8</runs>
            <runs>0 24 19</runs>
            <runs>0 24 18</runs>
            <runs>0 25 15</runs>
            <runs>0 25 13</runs>
            <runs>0 26 11</runs>
            <runs>0 26 9</runs>
            <runs>0 29 3</runs>
        </run-table>
    </sample>
    <sample shape="FLAT" interline="22" pitch="0.4" left="292" top="1368" id="401">
        <run-table orientation="VERTICAL" width="21" height="56">
            <runs>0 2 10 20 22</runs>
            <runs>56</runs>
            <runs>55</runs>
            <runs>35 11 8</runs>
            <runs>0 1 7 4 4 2 1 1 13 13 7</runs>
            <runs>0 25 7</runs>
            <runs></runs>
            <runs>0 44 7</runs>
            <runs>0 43 7</runs>
            <runs>0 41 9</runs>
            <runs>0 41 9</runs>
            <runs>0 39 11</runs>
            <runs>0 32 18</runs>
            <runs>0 23 21</runs>
            <runs>0 24 20</runs>
            <runs>0 25 18</runs>
            <runs>0 25 15</runs>
            <runs>0 26 13</runs>
            <runs>0 26 11</runs>
            <runs>0 26 9</runs>
            <runs>0 29 3</runs>
        </run-table>
    </sample>
    <sample shape="FLAT" interline="22" pitch="-0.3" left="246" top="1573" id="409">
        <run-table orientation="VERTICAL" width="21" height="60">
            <runs>20 3 1</runs>
            <runs>42 8 1</runs>
            <runs>0 1 59</runs>
            <runs>0 20 40</runs>
            <runs>0 28 11 8 8</runs>
            <runs>0 28 4 17 6</runs>
            <runs>0 27 3 17 6</runs>
            <runs>0 26 4 16 6</runs>
            <runs>0 25 5 15 6</runs>
            <runs>0 25 4 15 6</runs>
            <runs>0 24 5 14 6</runs>
            <runs>0 24 6 12 5</runs>
            <runs>0 24 7 9 6</runs>
            <runs>0 24 21</runs>
            <runs>0 24 20</runs>
            <runs>0 25 17</runs>
            <runs>0 25 16</runs>
            <runs>0 26 13</runs>
            <runs>0 26 12</runs>
            <runs>0 29 9</runs>
            <runs>0 32 2</runs>
        </run-table>
    </sample>
    <sample shape="FLAT" interline="22" pitch="-3.8" left="268" top="1537" id="417">
        <run-table orientation="VERTICAL" width="20" height="55">
            <runs>0 24 9 6 1</runs>
            <runs>0 1 17 5 32</runs>
            <runs>55</runs>
            <runs>0 1 22 1 10</runs>
            <runs>0 1 8 3 1 2 1 10 7</runs>
            <runs></runs>
            <runs></runs>
            <runs>0 46 1</runs>
            <runs>0 45 7</runs>
            <runs>0 43 9</runs>
            <runs>0 42 10</runs>
            <runs>0 39 7</runs>
            <runs>0 25 7 6 7</runs>
            <runs>0 25 19</runs>
            <runs>0 25 18</runs>
            <runs>0 25 17</runs>
            <runs>0 26 15</runs>
            <runs>0 26 12</runs>
            <runs>0 26 10</runs>
            <runs>0 26 8</runs>
        </run-table>
    </sample>
    <sample shape="FLAT" interline="22" pitch="0.2" left="291" top="1581" id="415">
        <run-table orientation="VERTICAL" width="20" height="56">
            <runs>0 1 14</runs>
            <runs>52</runs>
            <runs>56</runs>
            <runs>15 1 26 5 8</runs>
            <runs>0 25 8</runs>
            <runs></runs>
            <runs></runs>
            <runs></runs>
            <runs>0 25 1 19 2</runs>
            <runs>0 25 1 18 7</runs>
            <runs>0 24 2 16 9</runs>
            <runs>0 24 2 15 10</runs>
            <runs>0 24 8 6 7</runs>
            <runs>0 25 21</runs>
            <runs>0 25 20</runs>
            <runs>0 25 18</runs>
            <runs>0 26 16</runs>
            <runs>0 26 14</runs>
            <runs>0 26 12</runs>
            <runs>0 26 10</runs>
        </run-table>
    </sample>
    <sample shape="FLAT" interline="22" pitch="-0.6" left="245" top="1922" id="443">
        <run-table orientation="VERTICAL" width="20" height="55">
            <runs>0 8 1 27 19</runs>
            <runs>54</runs>
            <runs>40 5 1 1 7</runs>
            <runs>35 15 3</runs>
            <runs>0 27 6 16 3</runs>
            <runs>0 27 4 16 4</runs>
            <runs>0 27 3 16 4</runs>
            <runs>0 26 4 15 4</runs>
            <runs>0 25 4 14 6</runs>
            <runs>0 25 4 13 5</runs>
            <runs>0 24 5 8 9</runs>
            <runs>0 24 5 8 7</runs>
            <runs>0 24 6 6 8</runs>
            <runs>0 24 19</runs>
            <runs>0 24 18</runs>
            <runs>0 25 16</runs>
            <runs>0 26 14</runs>
            <runs>0 26 14</runs>
            <runs>0 27 13</runs>
            <runs>0 28 7</runs>
        </run-table>
    </sample>
    <sample shape="FLAT" interline="22" pitch="-3.8" left="267" top="1889" id="450">
        <run-table orientation="VERTICAL" width="21" height="56">
            <runs>0 5 1</runs>
            <runs>0 1 55</runs>
            <runs>55</runs>
            <runs>38 9 7</runs>
            <runs>0 1 7 1 1 1 4 1 17 20 1</runs>
            <runs>0 31 1</runs>
            <runs>0 47 1</runs>
            <runs>0 46 2</runs>
            <runs>0 45 3</runs>
            <runs>0 43 8</runs>
            <runs>0 42 9</runs>
            <runs>0 41 10</runs>
            <runs>0 24 7 8 7</runs>
            <runs>0 25 19</runs>
            <runs>0 25 18</runs>
            <runs>0 25 17</runs>
            <runs>0 25 16</runs>
            <runs>0 26 14</runs>
            <runs>0 26 12</runs>
            <runs>0 26 9</runs>
            <runs>0 32 2</runs>
        </run-table>
    </sample>
    <sample shape="FLAT" interline="22" pitch="0.3" left="288" top="1933" id="455">
        <run-table orientation="VERTICAL" width="20" height="54">
            <runs>0 33 2 3 1</runs>
            <runs>7 7 1 4 1 3 31</runs>
            <runs>54</runs>
            <runs>36 9 8</runs>
            <runs>12 3 2 2 1 2 10</runs>
            <runs></runs>
            <runs>0 45 2</runs>
            <runs>0 44 3</runs>
            <runs>0 43 7</runs>
            <runs>0 42 8</runs>
            <runs>0 41 9</runs>
            <runs>0 40 6</runs>
            <runs>0 24 7 7 8</runs>
            <runs>0 25 20</runs>
            <runs>0 24 20</runs>
            <runs>0 25 17</runs>
            <runs>0 25 16</runs>
            <runs>0 25 14</runs>
            <runs>0 25 13</runs>
            <runs>0 25 10</runs>
        </run-table>
    </sample>
    <sample shape="FLAT" interline="22" pitch="1.3" left="247" top="2135" id="463">
        <run-table orientation="VERTICAL" width="20" height="55">
            <runs>0 5 2 5 9</runs>
            <runs>43 1 1 2 6</runs>
            <runs>55</runs>
            <runs>55</runs>
            <runs>0 25 9 15 5</runs>
            <runs>0 27 5 17 4</runs>
            <runs>0 27 4 17 4</runs>
            <runs>0 26 4 17 4</runs>
            <runs>0 25 5 15 5</runs>
            <runs>0 25 4 14 6</runs>
            <runs>0 24 5 13 6</runs>
            <runs>0 24 6 11 6</runs>
            <runs>0 24 6 7 8</runs>
            <runs>0 24 10 2 8</runs>
            <runs>0 24 19</runs>
            <runs>0 24 18</runs>
            <runs>0 25 15</runs>
            <runs>0 25 15</runs>
            <runs>0 26 13</runs>
            <runs>0 27 12</runs>
        </run-table>
    </sample>
    <sample shape="FLAT" interline="22" pitch="-1.9" left="268" top="2100" id="469">
        <run-table orientation="VERTICAL" width="20" height="55">
            <runs>0 5 7 14 9 13 1</runs>
            <runs>15 5 35</runs>
            <runs>55</runs>
            <runs>37 5 12</runs>
            <runs>20 5 10</runs>
            <runs></runs>
            <runs>0 26 1</runs>
            <runs>0 25 2 18 7</runs>
            <runs>0 25 2 17 8</runs>
            <runs>0 24 7 11 10</runs>
            <runs>0 24 7 10 11</runs>
            <runs>0 24 7 10 6</runs>
            <runs>0 24 7 4 2 1 8</runs>
            <runs>0 24 21</runs>
            <runs>0 24 19</runs>
            <runs>0 24 18</runs>
            <runs>0 25 16</runs>
            <runs>0 25 15</runs>
            <runs>0 26 12</runs>
            <runs>0 27 8</runs>
        </run-table>
    </sample>
    <sample shape="FLAT" interline="22" pitch="2.2" left="289" top="2145" id="471">
        <run-table orientation="VERTICAL" width="21" height="55">
            <runs>29</runs>
            <runs>44</runs>
            <runs>55</runs>
            <runs>55</runs>
            <runs>0 24 9 14 7</runs>
            <runs>0 31 1</runs>
            <runs></runs>
            <runs></runs>
            <runs>0 45 7</runs>
            <runs>0 45 7</runs>
            <runs>0 44 8</runs>
            <runs>0 42 10</runs>
            <runs>0 39 7</runs>
            <runs>0 25 20</runs>
            <runs>0 25 19</runs>
            <runs>0 25 18</runs>
            <runs>0 25 17</runs>
            <runs>0 26 14</runs>
            <runs>0 26 12</runs>
            <runs>0 26 10</runs>
            <runs>0 29 3</runs>
        </run-table>
    </sample>
    <sample shape="FLAT" interline="22" pitch="-0.6" left="244" top="2463" id="493">
        <run-table orientation="VERTICAL" width="20" height="54">
            <runs>18 1 1 5 2 6 7</runs>
            <runs>54</runs>
            <runs>54</runs>
            <runs>40 1 3 4 6</runs>
            <runs>0 27 6 1 1 14 4</runs>
            <runs>0 27 3 18 4</runs>
            <runs>0 26 4 17 4</runs>
            <runs>0 26 3 16 5</runs>
            <runs>0 25 4 15 5</runs>
            <runs>0 24 5 13 6</runs>
            <runs>0 24 5 11 7</runs>
            <runs>0 24 8 4 9</runs>
            <runs>0 24 8 3 9</runs>
            <runs>0 23 20</runs>
            <runs>0 23 19</runs>
            <runs>0 24 17</runs>
            <runs>0 24 16</runs>
            <runs>0 25 14</runs>
            <runs>0 26 13</runs>
            <runs>0 27 12</runs>
        </run-table>
    </sample>
    <sample shape="FLAT" interline="22" pitch="-3.9" left="265" top="2428" id="499">
        <run-table orientation="VERTICAL" width="21" height="55">
            <runs>0 13 1</runs>
            <runs>0 12 7 1 2 1 11 3 4 2 12</runs>
            <runs>0 3 52</runs>
            <runs>55</runs>
            <runs>39 7 8</runs>
            <runs>12 14 8</runs>
            <runs>0 2 1 4 1</runs>
            <runs></runs>
            <runs>0 45 2</runs>
            <runs>0 25 1 18 7</runs>
            <runs>0 25 1 18 8</runs>
            <runs>0 24 2 15 11</runs>
            <runs>0 24 2 14 7</runs>
            <runs>0 24 10 3 8</runs>
            <runs>0 24 20</runs>
            <runs>0 24 19</runs>
            <runs>0 25 16</runs>
            <runs>0 25 15</runs>
            <runs>0 26 13</runs>
            <runs>0 27 10</runs>
            <runs>0 27 8</runs>
        </run-table>
    </sample>
    <sample shape="FLAT" interline="22" pitch="0.5" left="286" top="2473" id="501">
        <run-table orientation="VERTICAL" width="21" height="55">
            <runs>0 46 8</runs>
            <runs>0 1 54</runs>
            <runs>55</runs>
            <runs>54</runs>
            <runs>0 23 12 11 7</runs>
            <runs>0 25 8 17 2</runs>
            <runs>0 50 2</runs>
            <runs>0 50 1</runs>
            <runs></runs>
            <runs>0 44 1</runs>
            <runs>0 42 8</runs>
            <runs>0 25 7 9 9</runs>
            <runs>0 25 7 8 10</runs>
            <runs>0 25 21</runs>
            <runs>0 25 20</runs>
            <runs>0 26 17</runs>
            <runs>0 25 17</runs>
            <runs>0 25 16</runs>
            <runs>0 25 14</runs>
            <runs>0 25 12</runs>
            <runs>0 31 3</runs>
        </run-table>
    </sample>
    <sample shape="FLAT" interline="22" pitch="1.4" left="242" top="2674" id="507">
        <run-table orientation="VERTICAL" width="21" height="55">
            <runs>0 6 18</runs>
            <runs>0 1 53</runs>
            <runs>55</runs>
            <runs>54</runs>
            <runs>0 27 8 13 6</runs>
            <runs>0 27 4 17 5</runs>
            <runs>0 26 4 16 5</runs>
            <runs>0 25 5 15 5</runs>
            <runs>0 24 5 14 7</runs>
            <runs>0 24 5 14 7</runs>
            <runs>0 24 5 12 7</runs>
            <runs>0 23 6 7 11</runs>
            <runs>0 23 9 4 10</runs>
            <runs>0 23 21</runs>
            <runs>0 23 20</runs>
            <runs>0 24 18</runs>
            <runs>0 24 16</runs>
            <runs>0 25 14</runs>
            <runs>0 25 14</runs>
            <runs>0 26 13</runs>
            <runs>0 29 2</runs>
        </run-table>
    </sample>
    <sample shape="FLAT" interline="22" pitch="-1.7" left="265" top="2640" id="516">
        <run-table orientation="VERTICAL" width="21" height="55">
            <runs>0 40 1 1 2 1 9</runs>
            <runs>0 1 54</runs>
            <runs>55</runs>
            <runs>40 13 1</runs>
            <runs>0 26 8</runs>
            <runs></runs>
            <runs>0 46 2</runs>
            <runs>0 45 3</runs>
            <runs>0 43 8</runs>
            <runs>0 42 9</runs>
            <runs>0 41 10</runs>
            <runs>0 24 1 15 6</runs>
            <runs>0 24 7 8 6</runs>
            <runs>0 24 10 3 6</runs>
            <runs>0 24 18</runs>
            <runs>0 24 17</runs>
            <runs>0 24 16</runs>
            <runs>0 25 14</runs>
            <runs>0 26 12</runs>
            <runs>0 27 9</runs>
            <runs>0 30 3</runs>
        </run-table>
    </sample>
    <sample shape="FLAT" interline="22" pitch="2.2" left="287" top="2683" id="513">
        <run-table orientation="VERTICAL" width="21" height="56">
            <runs>0 1 15 1 2 1 1 1 9</runs>
            <runs>43 3 7</runs>
            <runs>56</runs>
            <runs>0 2 54</runs>
            <runs>0 25 10 13 7</runs>
            <runs>0 32 1 21 1</runs>
            <runs></runs>
            <runs>0 47 1</runs>
            <runs>0 26 1 18 8</runs>
            <runs>0 26 1 18 8</runs>
            <runs>0 25 2 16 10</runs>
            <runs>0 25 2 14 12</runs>
            <runs>0 25 7 7 8</runs>
            <runs>0 25 21</runs>
            <runs>0 25 19</runs>
            <runs>0 25 18</runs>
            <runs>0 26 16</runs>
            <runs>0 26 14</runs>
            <runs>0 27 12</runs>
            <runs>0 27 10</runs>
            <runs>0 27 8</runs>
        </run-table>
    </sample>
    <sample shape="FLAT" interline="22" pitch="-0.5" left="243" top="2964" id="532">
        <run-table orientation="VERTICAL" width="20" height="55">
            <runs>0 1 1 15 2 3 1 6 1 5 20</runs>
            <runs>55</runs>
            <runs>55</runs>
            <runs>9 1 24 6 2 6 5</runs>
            <runs>0 27 5 15 5</runs>
            <runs>0 27 4 15 5</runs>
            <runs>0 26 4 15 5</runs>
            <runs>0 26 3 15 5</runs>
            <runs>0 25 4 14 5</runs>
            <runs>0 25 4 12 6</runs>
            <runs>0 24 5 7 10</runs>
            <runs>0 24 5 7 8</runs>
            <runs>0 24 6 5 9</runs>
            <runs>0 24 9 1 9</runs>
            <runs>0 24 18</runs>
            <runs>0 24 16</runs>
            <runs>0 25 14</runs>
            <runs>0 25 14</runs>
            <runs>0 27 11</runs>
            <runs>0 29 9</runs>
        </run-table>
    </sample>
    <sample shape="FLAT" interline="22" pitch="-3.7" left="264" top="2929" id="540">
        <run-table orientation="VERTICAL" width="20" height="56">
            <runs>33 3 10 1 8</runs>
            <runs>56</runs>
            <runs>44 3 8</runs>
            <runs>2 2 1 1 2 5 4 3 2 3 10</runs>
            <runs></runs>
            <runs>0 47 2</runs>
            <runs>0 46 3</runs>
            <runs>0 26 1 18 4</runs>
            <runs>0 25 2 16 9</runs>
            <runs>0 25 2 15 10</runs>
            <runs>0 24 3 14 11</runs>
            <runs>0 25 2 10 9</runs>
            <runs>0 25 20</runs>
            <runs>0 25 18</runs>
            <runs>0 25 17</runs>
            <runs>0 25 16</runs>
            <runs>0 26 14</runs>
            <runs>0 26 12</runs>
            <runs>0 27 10</runs>
            <runs>0 30 2</runs>
        </run-table>
    </sample>
    <sample shape="FLAT" interline="22" pitch="0.3" left="285" top="2973" id="539">
        <run-table orientation="VERTICAL" width="20" height="56">
            <runs>0 34 1</runs>
            <runs>15 1 1 5 34</runs>
            <runs>0 1 55</runs>
            <runs>37 7 11</runs>
            <runs>3 1 9 3 1 3 14 18 2</runs>
            <runs>0 25 7 20 2</runs>
            <runs></runs>
            <runs></runs>
            <runs>0 45 7</runs>
            <runs>0 43 9</runs>
            <runs>0 42 10</runs>
            <runs>0 24 1 15 7</runs>
            <runs>0 24 8 4 10</runs>
            <runs>0 25 19</runs>
            <runs>0 25 18</runs>
            <runs>0 25 17</runs>
            <runs>0 25 16</runs>
            <runs>0 25 14</runs>
            <runs>0 26 11</runs>
            <runs>0 27 8</runs>
        </run-table>
    </sample>
    <sample shape="FLAT" interline="22" pitch="-0.8" left="238" top="3161" id="546">
        <run-table orientation="VERTICAL" width="21" height="55">
            <runs>0 1 21 7 3</runs>
            <runs>40 1 3 4 3</runs>
            <runs>55</runs>
            <runs>41 1 3 2 7</runs>
            <runs>0 18 2 7 8 14 4</runs>
            <runs>0 27 4 17 4</runs>
            <runs>0 26 4 17 4</runs>
            <runs>0 25 4 17 4</runs>
            <runs>0 25 4 15 5</runs>
            <runs>0 24 5 14 5</runs>
            <runs>0 24 5 12 6</runs>
            <runs>0 24 6 11 5</runs>
            <runs>0 24 8 4 8</runs>
            <runs>0 24 19</runs>
            <runs>0 24 18</runs>
            <runs>0 24 17</runs>
            <runs>0 24 16</runs>
            <runs>0 25 15</runs>
            <runs>0 26 13</runs>
            <runs>0 27 12</runs>
            <runs>0 31 2</runs>
        </run-table>
    </sample>
    <sample shape="FLAT" interline="22" pitch="-3.7" left="261" top="3128" id="553">
        <run-table orientation="VERTICAL" width="21" height="55">
            <runs>0 2 12 1 3 5 1 8 22</runs>
            <runs>55</runs>
            <runs>55</runs>
            <runs>35 12 7</runs>
            <runs>0 1 19 1 12</runs>
            <runs>0 31 1</runs>
            <runs>0 45 7</runs>
            <runs>0 44 7</runs>
            <runs>0 43 8</runs>
            <runs>0 42 9</runs>
            <runs>0 41 9</runs>
            <runs>0 24 7 1 1 5 12</runs>
            <runs>0 24 22</runs>
            <runs>0 24 20</runs>
            <runs>0 24 19</runs>
            <runs>0 25 17</runs>
            <runs>0 25 16</runs>
            <runs>0 26 13</runs>
            <runs>0 26 11</runs>
            <runs>0 26 9</runs>
            <runs>0 31 1</runs>
        </run-table>
    </sample>
    <sample shape="FLAT" interline="22" pitch="0.2" left="281" top="3171" id="559">
        <run-table orientation="VERTICAL" width="21" height="54">
            <runs>0 1 20</runs>
            <runs>37 8 3</runs>
            <runs>39 1 12 1 1</runs>
            <runs>0 1 38 3 12</runs>
            <runs>0 4 8 14 9 17 2</runs>
            <runs>0 31 1 20 2</runs>
            <runs>0 52 1</runs>
            <runs></runs>
            <runs></runs>
            <runs>0 45 1</runs>
            <runs>0 44 7</runs>
            <runs>0 42 9</runs>
            <runs>0 39 7</runs>
            <runs>0 25 9 2 9</runs>
            <runs>0 25 19</runs>
            <runs>0 25 18</runs>
            <runs>0 26 17</runs>
            <runs>0 26 16</runs>
            <runs>0 26 16</runs>
            <runs>0 27 11 1 1</runs>
            <runs>0 27 7</runs>
        </run-table>
    </sample>
</samples>
