<?xml version="1.0" encoding="UTF-8" standalone="yes"?>
<samples sheet-name="IMSLP00119#3">
    <sample shape="G_CLEF" interline="19" pitch="-0.0" left="236" top="1716" id="272">
        <run-table orientation="VERTICAL" width="55" height="148">
            <runs>0 78 16</runs>
            <runs>0 77 22</runs>
            <runs>0 75 25</runs>
            <runs>0 72 30 27 7</runs>
            <runs>0 70 34 23 11</runs>
            <runs>0 69 37 19 16</runs>
            <runs>0 67 40 17 18</runs>
            <runs>0 66 42 15 19</runs>
            <runs>0 64 23 8 14 13 21</runs>
            <runs>0 59 27 15 9 12 22</runs>
            <runs>0 59 23 21 8 10 24</runs>
            <runs>0 59 22 24 7 9 24</runs>
            <runs>0 59 22 25 7 8 25</runs>
            <runs>0 59 17 31 6 8 25</runs>
            <runs>0 58 17 33 6 7 20 1 5</runs>
            <runs>0 57 17 17 9 9 5 7 20 1 5</runs>
            <runs>0 56 17 13 14 9 9 3 20 2 4</runs>
            <runs>0 56 16 12 16 10 8 3 19 3 5</runs>
            <runs>0 55 16 11 20 9 3 8 18 3 5</runs>
            <runs>0 54 17 7 25 8 3 8 18 3 5</runs>
            <runs>0 54 16 8 26 7 3 9 16 5 4</runs>
            <runs>0 53 16 9 27 7 2 10 15 5 4</runs>
            <runs>0 52 16 10 16 2 10 6 2 11 13 5 5</runs>
            <runs>0 51 16 10 14 5 11 5 2 12 11 6 5</runs>
            <runs>0 50 16 11 13 12 5 6 1 13 8 8 5</runs>
            <runs>0 50 15 11 13 14 5 5 1 29 5</runs>
            <runs>0 49 16 11 12 16 4 5 1 28 5</runs>
            <runs>0 48 16 12 11 18 3 5 1 28 5</runs>
            <runs>0 24 9 2 28 12 12 18 3 5 1 27 5</runs>
            <runs>0 18 45 11 12 53 7</runs>
            <runs>0 16 52 6 12 52 7</runs>
            <runs>0 13 56 4 18 10 2 32 10</runs>
            <runs>0 12 92 1 39</runs>
            <runs>0 10 26 1 105</runs>
            <runs>0 9 20 10 102</runs>
            <runs>0 9 17 14 22 10 15 1 4 3 44</runs>
            <runs>0 8 15 17 22 11 13 26 21 1 2</runs>
            <runs>0 7 15 18 17 17 12</runs>
            <runs>0 5 15 20 16 18 13</runs>
            <runs>0 4 15 20 16 19 13</runs>
            <runs>0 3 15 20 17 20 12</runs>
            <runs>0 2 15 20 17 21 13 23 8</runs>
            <runs>0 1 15 20 17 22 14 21 9</runs>
            <runs>0 1 14 20 17 24 14 19 10</runs>
            <runs>15 19 18 24 15 18 5</runs>
            <runs>15 17 19 26 15 15 7</runs>
            <runs>15 14 20 28 17 11 8</runs>
            <runs>21 4 23 30 17 8 9</runs>
            <runs>0 2 44 32 33</runs>
            <runs>0 6 39 33 32</runs>
            <runs>0 10 34 34 31</runs>
            <runs>0 14 23 45 25</runs>
            <runs>0 24 8 52 22</runs>
            <runs>0 86 18</runs>
            <runs>0 88 13</runs>
        </run-table>
    </sample>
</samples>
