<?xml version="1.0" encoding="UTF-8"?>
<stick id="152" interline="21" shape="BRACE">
    <is-within-system>false</is-within-system>
    <has-ledger>false</has-ledger>
    <stem-number>0</stem-number>
    <step-line>11.529411764705882</step-line>
    <moments>
        <k>5.3356009070294785</k>
        <k>1.2380952380952381</k>
        <k>14.571428571428571</k>
        <k>0.008752495881741533</k>
        <k>0.025474222277533508</k>
        <k>3.109320596070641</k>
        <k>-2.5461925993773123E-6</k>
        <k>0.0010738705198575101</k>
        <k>-0.04011193322024254</k>
        <k>-0.1209478873037022</k>
        <k>3.1180730919523825</k>
        <k>9.616118287911583</k>
        <k>0.02989815633818159</k>
        <k>0.015978951358456797</k>
        <k>3.423594307195761E-4</k>
        <k>0.04005512538992386</k>
        <k>6.906656019473387E-5</k>
        <k>262.23671908202294</k>
        <k>444.33786655333614</k>
    </moments>
    <section id="378" first-pos="250">
        <run start="440" length="6" level="41"/>
        <run start="438" length="9" level="27"/>
        <run start="437" length="11" level="23"/>
        <run start="436" length="12" level="27"/>
    </section>
    <section id="381" first-pos="254">
        <run start="435" length="6" level="46"/>
        <run start="434" length="6" level="46"/>
        <run start="433" length="6" level="46"/>
        <run start="431" length="7" level="71"/>
        <run start="429" length="8" level="63"/>
        <run start="428" length="8" level="67"/>
        <run start="426" length="8" level="90"/>
        <run start="424" length="9" level="79"/>
        <run start="421" length="11" level="86"/>
        <run start="417" length="13" level="88"/>
        <run start="414" length="14" level="70"/>
    </section>
    <section id="406" first-pos="265">
        <run start="355" length="70" level="44"/>
    </section>
    <section id="399" first-pos="262">
        <run start="336" length="55" level="40"/>
        <run start="343" length="53" level="39"/>
        <run start="349" length="55" level="44"/>
    </section>
    <section id="396" first-pos="261">
        <run start="300" length="87" level="54"/>
    </section>
    <section id="394" first-pos="260">
        <run start="302" length="81" level="14"/>
    </section>
    <section id="392" first-pos="259">
        <run start="304" length="73" level="11"/>
    </section>
    <section id="390" first-pos="258">
        <run start="307" length="66" level="15"/>
    </section>
    <section id="388" first-pos="257">
        <run start="309" length="58" level="18"/>
    </section>
    <section id="386" first-pos="256">
        <run start="312" length="48" level="18"/>
    </section>
    <section id="384" first-pos="255">
        <run start="317" length="38" level="25"/>
    </section>
    <section id="380" first-pos="254">
        <run start="323" length="26" level="56"/>
    </section>
    <section id="379" first-pos="253">
        <run start="334" length="5" level="97"/>
    </section>
    <section id="398" first-pos="262">
        <run start="298" length="15" level="17"/>
        <run start="296" length="13" level="20"/>
        <run start="294" length="11" level="24"/>
        <run start="294" length="8" level="33"/>
        <run start="293" length="8" level="34"/>
        <run start="293" length="6" level="46"/>
        <run start="293" length="4" level="74"/>
    </section>
    <section id="410" first-pos="266">
        <run start="360" length="62" level="22"/>
    </section>
    <section id="416" first-pos="267">
        <run start="366" length="54" level="24"/>
    </section>
    <section id="420" first-pos="268">
        <run start="372" length="46" level="36"/>
    </section>
    <section id="424" first-pos="269">
        <run start="381" length="34" level="32"/>
    </section>
    <section id="432" first-pos="270">
        <run start="386" length="26" level="54"/>
    </section>
    <section id="436" first-pos="271">
        <run start="393" length="14" level="104"/>
    </section>
    <section id="382" first-pos="254">
        <run start="444" length="5" level="53"/>
        <run start="445" length="5" level="51"/>
        <run start="445" length="6" level="45"/>
        <run start="446" length="6" level="45"/>
        <run start="447" length="6" level="45"/>
        <run start="448" length="7" level="38"/>
        <run start="449" length="8" level="34"/>
        <run start="450" length="8" level="34"/>
    </section>
    <section id="400" first-pos="262">
        <run start="451" length="13" level="26"/>
        <run start="453" length="15" level="23"/>
    </section>
    <section id="404" first-pos="264">
        <run start="454" length="83" level="19"/>
    </section>
    <section id="402" first-pos="263">
        <run start="480" length="66" level="27"/>
    </section>
    <section id="401" first-pos="262">
        <run start="487" length="94" level="28"/>
    </section>
    <section id="397" first-pos="261">
        <run start="493" length="85" level="9"/>
    </section>
    <section id="395" first-pos="260">
        <run start="497" length="79" level="16"/>
    </section>
    <section id="393" first-pos="259">
        <run start="504" length="69" level="19"/>
    </section>
    <section id="391" first-pos="258">
        <run start="509" length="60" level="27"/>
    </section>
    <section id="389" first-pos="257">
        <run start="517" length="48" level="31"/>
    </section>
    <section id="387" first-pos="256">
        <run start="523" length="38" level="39"/>
    </section>
    <section id="385" first-pos="255">
        <run start="529" length="28" level="114"/>
    </section>
    <section id="383" first-pos="254">
        <run start="540" length="9" level="175"/>
    </section>
    <section id="403" first-pos="263">
        <run start="563" length="20" level="49"/>
    </section>
    <section id="405" first-pos="264">
        <run start="571" length="14" level="52"/>
        <run start="576" length="11" level="55"/>
        <run start="579" length="10" level="59"/>
        <run start="582" length="8" level="40"/>
        <run start="584" length="11" level="26"/>
        <run start="585" length="11" level="29"/>
        <run start="587" length="10" level="32"/>
        <run start="589" length="8" level="38"/>
        <run start="591" length="7" level="42"/>
        <run start="593" length="6" level="47"/>
        <run start="594" length="5" level="55"/>
        <run start="595" length="4" level="76"/>
    </section>
    <section id="407" first-pos="265">
        <run start="456" length="75" level="15"/>
    </section>
    <section id="411" first-pos="266">
        <run start="457" length="68" level="17"/>
    </section>
    <section id="417" first-pos="267">
        <run start="460" length="58" level="17"/>
    </section>
    <section id="421" first-pos="268">
        <run start="462" length="50" level="17"/>
    </section>
    <section id="425" first-pos="269">
        <run start="466" length="41" level="31"/>
    </section>
    <section id="433" first-pos="270">
        <run start="471" length="29" level="59"/>
    </section>
    <section id="437" first-pos="271">
        <run start="472" length="19" level="209"/>
    </section>
</stick>
