<?xml version="1.0" encoding="UTF-8"?>
<stick id="999" interline="22" shape="COMBINING_FLAG_1">
    <is-within-system>true</is-within-system>
    <has-ledger>false</has-ledger>
    <stem-number>1</stem-number>
    <step-line>-3.264367816091954</step-line>
    <moments>
        <k>0.5971074380165289</k>
        <k>1.0</k>
        <k>2.272727272727273</k>
        <k>0.1528037889814009</k>
        <k>0.24350103359621664</k>
        <k>0.49743617511771826</k>
        <k>-0.01629410077217227</k>
        <k>-0.010545482286561547</k>
        <k>0.020251620637297095</k>
        <k>0.13403382179966677</k>
        <k>0.6502399640991192</k>
        <k>0.35594249502371506</k>
        <k>0.03338318056835189</k>
        <k>0.015265031959186803</k>
        <k>3.2496050600026E-4</k>
        <k>0.005726032329612762</k>
        <k>-1.1466116379699271E-4</k>
        <k>443.92387543252596</k>
        <k>879.3840830449827</k>
    </moments>
    <section id="718" first-pos="433">
        <run start="856" length="20" level="65"/>
        <run start="858" length="16" level="69"/>
        <run start="861" length="12" level="61"/>
        <run start="862" length="12" level="83"/>
        <run start="864" length="11" level="103"/>
        <run start="865" length="10" level="108"/>
        <run start="866" length="10" level="101"/>
        <run start="866" length="11" level="109"/>
        <run start="868" length="9" level="120"/>
        <run start="869" length="9" level="119"/>
        <run start="871" length="8" level="99"/>
        <run start="872" length="9" level="89"/>
        <run start="872" length="10" level="60"/>
        <run start="873" length="11" level="56"/>
        <run start="874" length="13" level="58"/>
        <run start="876" length="14" level="56"/>
        <run start="878" length="14" level="40"/>
    </section>
    <section id="747" first-pos="450">
        <run start="880" length="26" level="28"/>
        <run start="882" length="24" level="32"/>
        <run start="885" length="21" level="38"/>
    </section>
    <section id="744" first-pos="449">
        <run start="893" length="3" level="206"/>
    </section>
    <section id="745" first-pos="449">
        <run start="904" length="1" level="17"/>
    </section>
    <section id="760" first-pos="453">
        <run start="889" length="13" level="63"/>
    </section>
    <section id="762" first-pos="454">
        <run start="892" length="2" level="200"/>
    </section>
</stick>
