<?xml version="1.0" encoding="UTF-8"?>
<stick id="1227" interline="22" shape="DASH">
    <is-within-system>true</is-within-system>
    <has-ledger>false</has-ledger>
    <stem-number>0</stem-number>
    <step-line>-5.931034482758621</step-line>
    <moments>
        <k>0.4834710743801653</k>
        <k>1.4090909090909092</k>
        <k>0.4090909090909091</k>
        <k>0.30541218446653434</k>
        <k>0.0013932048503602313</k>
        <k>0.0215805097735845</k>
        <k>-8.515926063965475E-4</k>
        <k>-0.0028766456760911554</k>
        <k>-4.1959151570037983E-5</k>
        <k>1.631356581905435E-4</k>
        <k>0.32699269424011884</k>
        <k>0.08056818363802477</k>
        <k>7.784478975082666E-5</k>
        <k>8.161571361412156E-6</k>
        <k>-1.323393638304607E-10</k>
        <k>-1.8497581250297873E-6</k>
        <k>-1.5750175612427836E-10</k>
        <k>1301.8418803418804</k>
        <k>1685.440170940171</k>
    </moments>
    <section id="2088" first-pos="1287">
        <run start="1683" length="4" level="90"/>
        <run start="1682" length="7" level="53"/>
        <run start="1682" length="7" level="37"/>
        <run start="1682" length="8" level="38"/>
        <run start="1682" length="8" level="33"/>
        <run start="1682" length="8" level="33"/>
        <run start="1682" length="8" level="33"/>
        <run start="1682" length="8" level="33"/>
        <run start="1682" length="8" level="33"/>
        <run start="1682" length="8" level="33"/>
        <run start="1682" length="8" level="33"/>
        <run start="1682" length="8" level="33"/>
        <run start="1682" length="8" level="33"/>
        <run start="1682" length="8" level="33"/>
        <run start="1682" length="8" level="33"/>
        <run start="1682" length="8" level="33"/>
        <run start="1682" length="8" level="33"/>
        <run start="1682" length="8" level="33"/>
        <run start="1682" length="8" level="33"/>
        <run start="1682" length="8" level="33"/>
        <run start="1682" length="8" level="33"/>
        <run start="1682" length="9" level="34"/>
        <run start="1682" length="8" level="30"/>
        <run start="1682" length="8" level="33"/>
        <run start="1682" length="8" level="33"/>
        <run start="1682" length="8" level="33"/>
        <run start="1682" length="8" level="33"/>
        <run start="1682" length="8" level="33"/>
        <run start="1682" length="7" level="34"/>
        <run start="1683" length="5" level="45"/>
        <run start="1684" length="3" level="220"/>
    </section>
</stick>
