<?xml version="1.0" encoding="UTF-8"?>
<stick id="1303" interline="22" shape="FERMATA_BEND">
    <is-within-system>true</is-within-system>
    <has-ledger>true</has-ledger>
    <stem-number>0</stem-number>
    <step-line>-6.790697674418604</step-line>
    <moments>
        <k>0.6673553719008265</k>
        <k>2.3181818181818183</k>
        <k>1.1363636363636365</k>
        <k>0.8347430447981193</k>
        <k>-0.06929964677412048</k>
        <k>0.11902333137784206</k>
        <k>0.22818685661932225</k>
        <k>0.16012939363036086</k>
        <k>-0.03281696770103646</k>
        <k>0.02984235506840704</k>
        <k>0.9537663761759614</k>
        <k>0.5314644723504753</k>
        <k>0.30968376724272567</k>
        <k>0.07425865879961116</k>
        <k>0.002238609309262892</k>
        <k>-0.008799370123787873</k>
        <k>-0.011036324162671361</k>
        <k>2250.0804953560373</k>
        <k>1423.767801857585</k>
    </moments>
    <section id="3224" first-pos="2228">
        <run start="1434" length="6" level="154"/>
    </section>
    <section id="3225" first-pos="2229">
        <run start="1430" length="11" level="82"/>
        <run start="1428" length="13" level="57"/>
        <run start="1425" length="14" level="79"/>
        <run start="1424" length="11" level="58"/>
        <run start="1423" length="10" level="64"/>
        <run start="1421" length="10" level="61"/>
        <run start="1420" length="10" level="51"/>
        <run start="1419" length="10" level="56"/>
        <run start="1419" length="9" level="74"/>
        <run start="1418" length="8" level="74"/>
        <run start="1417" length="9" level="104"/>
        <run start="1417" length="8" level="117"/>
        <run start="1416" length="8" level="142"/>
        <run start="1416" length="7" level="142"/>
        <run start="1416" length="6" level="152"/>
        <run start="1416" length="6" level="166"/>
        <run start="1416" length="6" level="166"/>
        <run start="1416" length="5" level="183"/>
        <run start="1416" length="5" level="200"/>
        <run start="1416" length="5" level="200"/>
        <run start="1416" length="4" level="200"/>
        <run start="1416" length="3" level="200"/>
        <run start="1416" length="3" level="200"/>
        <run start="1416" length="2" level="200"/>
        <run start="1416" length="1" level="200"/>
        <run start="1416" length="2" level="200"/>
        <run start="1416" length="2" level="200"/>
        <run start="1416" length="3" level="200"/>
        <run start="1416" length="3" level="200"/>
        <run start="1416" length="4" level="200"/>
        <run start="1416" length="4" level="200"/>
        <run start="1416" length="5" level="204"/>
        <run start="1416" length="5" level="204"/>
        <run start="1416" length="5" level="179"/>
        <run start="1416" length="6" level="171"/>
        <run start="1416" length="6" level="171"/>
        <run start="1417" length="5" level="140"/>
        <run start="1418" length="4" level="101"/>
        <run start="1418" length="5" level="100"/>
        <run start="1419" length="5" level="61"/>
        <run start="1419" length="6" level="51"/>
        <run start="1420" length="6" level="20"/>
        <run start="1420" length="6" level="29"/>
        <run start="1421" length="7" level="56"/>
        <run start="1422" length="7" level="40"/>
        <run start="1423" length="7" level="39"/>
        <run start="1424" length="8" level="68"/>
        <run start="1426" length="8" level="68"/>
        <run start="1428" length="9" level="104"/>
        <run start="1432" length="5" level="128"/>
    </section>
</stick>
