<?xml version="1.0" encoding="UTF-8"?>
<stick id="217" interline="22" shape="PIANO">
    <is-within-system>true</is-within-system>
    <has-ledger>false</has-ledger>
    <stem-number>0</stem-number>
    <step-line>10.988505747126437</step-line>
    <moments>
        <k>0.8946280991735537</k>
        <k>1.4545454545454546</k>
        <k>1.5909090909090908</k>
        <k>0.17023515726009483</k>
        <k>-0.0977130273397902</k>
        <k>0.21200901368969624</k>
        <k>0.02659756622800441</k>
        <k>0.012595347337469488</k>
        <k>-0.035856122922081395</k>
        <k>0.02184355186784515</k>
        <k>0.3822441709497911</k>
        <k>0.039936397928627305</k>
        <k>0.018254661104890435</k>
        <k>0.0012717586505312589</k>
        <k>3.803355292642329E-6</k>
        <k>1.7058943468188452E-4</k>
        <k>4.804433446866918E-6</k>
        <k>674.8152424942264</k>
        <k>689.8360277136259</k>
    </moments>
    <section id="1068" first-pos="660">
        <run start="706" length="4" level="195"/>
        <run start="704" length="6" level="100"/>
        <run start="702" length="8" level="74"/>
        <run start="700" length="10" level="59"/>
        <run start="697" length="13" level="57"/>
        <run start="696" length="14" level="30"/>
        <run start="693" length="17" level="43"/>
        <run start="691" length="19" level="47"/>
        <run start="689" length="17" level="43"/>
        <run start="686" length="18" level="54"/>
        <run start="684" length="17" level="43"/>
        <run start="681" length="18" level="54"/>
    </section>
    <section id="1077" first-pos="672">
        <run start="675" length="21" level="40"/>
        <run start="675" length="18" level="21"/>
        <run start="675" length="19" level="30"/>
        <run start="675" length="20" level="62"/>
    </section>
    <section id="1072" first-pos="666">
        <run start="678" length="4" level="160"/>
        <run start="677" length="5" level="127"/>
        <run start="676" length="4" level="127"/>
        <run start="676" length="3" level="86"/>
        <run start="675" length="4" level="95"/>
        <run start="675" length="5" level="77"/>
    </section>
    <section id="1093" first-pos="676">
        <run start="676" length="11" level="58"/>
        <run start="677" length="8" level="95"/>
        <run start="678" length="4" level="128"/>
        <run start="677" length="3" level="170"/>
        <run start="676" length="3" level="170"/>
        <run start="676" length="2" level="129"/>
        <run start="675" length="3" level="170"/>
        <run start="675" length="2" level="129"/>
        <run start="675" length="2" level="129"/>
        <run start="675" length="3" level="126"/>
        <run start="675" length="4" level="129"/>
        <run start="676" length="6" level="107"/>
    </section>
    <section id="1124" first-pos="688">
        <run start="676" length="18" level="50"/>
        <run start="677" length="16" level="39"/>
        <run start="678" length="13" level="75"/>
    </section>
    <section id="1094" first-pos="676">
        <run start="692" length="4" level="129"/>
        <run start="693" length="4" level="129"/>
        <run start="694" length="3" level="86"/>
        <run start="694" length="3" level="86"/>
        <run start="694" length="4" level="104"/>
        <run start="694" length="4" level="65"/>
        <run start="693" length="5" level="101"/>
        <run start="692" length="5" level="82"/>
        <run start="691" length="6" level="68"/>
        <run start="690" length="7" level="72"/>
        <run start="688" length="8" level="81"/>
        <run start="684" length="11" level="84"/>
    </section>
    <section id="1127" first-pos="691">
        <run start="680" length="7" level="142"/>
    </section>
</stick>
