<?xml version="1.0" encoding="UTF-8"?>
<stick id="559" interline="22" shape="PIANO">
    <is-within-system>true</is-within-system>
    <has-ledger>false</has-ledger>
    <stem-number>0</stem-number>
    <step-line>13.209302325581396</step-line>
    <moments>
        <k>1.0268595041322315</k>
        <k>1.5</k>
        <k>1.5909090909090908</k>
        <k>0.14925929962897008</k>
        <k>-0.07897998291397311</k>
        <k>0.18017572702590462</k>
        <k>0.02077317684368962</k>
        <k>0.010365162596732778</k>
        <k>-0.029166626366159024</k>
        <k>0.018093220051702982</k>
        <k>0.3294350266548747</k>
        <k>0.025907176287355862</k>
        <k>0.011892113609399077</k>
        <k>8.803295378510314E-4</k>
        <k>1.9225238889358516E-6</k>
        <k>9.832241794075335E-5</k>
        <k>2.101702201549486E-6</k>
        <k>1154.625754527163</k>
        <k>1891.0442655935615</k>
    </moments>
    <section id="1822" first-pos="1139">
        <run start="1908" length="3" level="189"/>
        <run start="1906" length="5" level="112"/>
        <run start="1904" length="7" level="80"/>
        <run start="1902" length="9" level="61"/>
        <run start="1900" length="11" level="50"/>
        <run start="1898" length="13" level="42"/>
        <run start="1895" length="16" level="42"/>
        <run start="1893" length="18" level="30"/>
        <run start="1890" length="21" level="41"/>
    </section>
    <section id="1837" first-pos="1148">
        <run start="1888" length="20" level="42"/>
        <run start="1886" length="19" level="33"/>
        <run start="1883" length="21" level="45"/>
    </section>
    <section id="1845" first-pos="1151">
        <run start="1876" length="25" level="38"/>
        <run start="1876" length="22" level="24"/>
        <run start="1876" length="20" level="28"/>
        <run start="1877" length="19" level="21"/>
        <run start="1877" length="20" level="47"/>
    </section>
    <section id="1833" first-pos="1145">
        <run start="1880" length="4" level="147"/>
        <run start="1879" length="5" level="73"/>
        <run start="1878" length="6" level="85"/>
        <run start="1877" length="6" level="109"/>
        <run start="1877" length="4" level="65"/>
        <run start="1876" length="5" level="72"/>
    </section>
    <section id="1846" first-pos="1156">
        <run start="1877" length="12" level="69"/>
        <run start="1878" length="8" level="87"/>
        <run start="1878" length="6" level="85"/>
        <run start="1878" length="5" level="110"/>
        <run start="1877" length="4" level="127"/>
        <run start="1877" length="3" level="136"/>
        <run start="1876" length="3" level="119"/>
        <run start="1876" length="3" level="86"/>
        <run start="1876" length="3" level="137"/>
        <run start="1877" length="3" level="120"/>
        <run start="1877" length="4" level="91"/>
    </section>
    <section id="1872" first-pos="1167">
        <run start="1877" length="20" level="67"/>
        <run start="1878" length="18" level="22"/>
        <run start="1878" length="17" level="48"/>
        <run start="1880" length="13" level="72"/>
    </section>
    <section id="1847" first-pos="1156">
        <run start="1892" length="6" level="108"/>
        <run start="1894" length="5" level="104"/>
        <run start="1895" length="4" level="65"/>
        <run start="1895" length="4" level="65"/>
        <run start="1895" length="4" level="65"/>
        <run start="1895" length="4" level="65"/>
        <run start="1894" length="5" level="78"/>
        <run start="1893" length="6" level="65"/>
        <run start="1891" length="8" level="79"/>
        <run start="1889" length="9" level="57"/>
        <run start="1887" length="11" level="57"/>
    </section>
    <section id="1887" first-pos="1171">
        <run start="1881" length="8" level="156"/>
    </section>
    <section id="1838" first-pos="1148">
        <run start="1909" length="2" level="178"/>
    </section>
</stick>
