<?xml version="1.0" encoding="UTF-8"?>
<stick id="455" interline="22" shape="TIME_FOUR">
    <is-within-system>true</is-within-system>
    <has-ledger>false</has-ledger>
    <stem-number>0</stem-number>
    <step-line>2.1818181818181817</step-line>
    <moments>
        <k>1.078512396694215</k>
        <k>1.3636363636363635</k>
        <k>1.9545454545454546</k>
        <k>0.07789182433489332</k>
        <k>-0.014562829124038501</k>
        <k>0.2602522311971245</k>
        <k>-0.0200355864578162</k>
        <k>0.014704247243376316</k>
        <k>0.017303917272756132</k>
        <k>-0.03442636454707499</k>
        <k>0.3381440555320178</k>
        <k>0.03410362195934226</k>
        <k>0.011344810699835284</k>
        <k>3.9642392747745743E-4</k>
        <k>3.399415390657854E-7</k>
        <k>6.64322270551677E-5</k>
        <k>7.689003038979063E-7</k>
        <k>1904.7241379310344</k>
        <k>938.6379310344828</k>
    </moments>
    <section id="2778" first-pos="1887">
        <run start="948" length="3" level="137"/>
        <run start="947" length="4" level="83"/>
        <run start="946" length="5" level="66"/>
        <run start="943" length="8" level="59"/>
        <run start="943" length="8" level="55"/>
        <run start="941" length="10" level="119"/>
    </section>
    <section id="2811" first-pos="1893">
        <run start="940" length="6" level="85"/>
        <run start="938" length="7" level="113"/>
        <run start="936" length="7" level="130"/>
        <run start="935" length="7" level="159"/>
        <run start="933" length="8" level="179"/>
        <run start="932" length="7" level="140"/>
        <run start="929" length="9" level="97"/>
        <run start="928" length="8" level="47"/>
        <run start="925" length="10" level="56"/>
        <run start="922" length="11" level="31"/>
        <run start="917" length="15" level="51"/>
        <run start="916" length="14" level="38"/>
        <run start="916" length="13" level="40"/>
        <run start="916" length="12" level="44"/>
        <run start="916" length="11" level="48"/>
        <run start="916" length="10" level="75"/>
        <run start="916" length="8" level="66"/>
        <run start="916" length="7" level="108"/>
        <run start="916" length="5" level="106"/>
        <run start="916" length="4" level="133"/>
        <run start="916" length="1" level="200"/>
    </section>
    <section id="2812" first-pos="1893">
        <run start="949" length="2" level="129"/>
        <run start="949" length="2" level="129"/>
        <run start="949" length="2" level="129"/>
        <run start="949" length="2" level="129"/>
        <run start="949" length="3" level="112"/>
        <run start="949" length="3" level="144"/>
        <run start="949" length="2" level="129"/>
        <run start="949" length="2" level="129"/>
        <run start="949" length="2" level="129"/>
        <run start="949" length="2" level="129"/>
        <run start="949" length="2" level="129"/>
        <run start="947" length="6" level="95"/>
    </section>
    <section id="2863" first-pos="1905">
        <run start="933" length="26" level="74"/>
        <run start="932" length="27" level="51"/>
        <run start="931" length="28" level="49"/>
        <run start="929" length="30" level="48"/>
        <run start="928" length="31" level="45"/>
        <run start="927" length="32" level="43"/>
        <run start="926" length="33" level="42"/>
        <run start="927" length="32" level="152"/>
    </section>
    <section id="2857" first-pos="1903">
        <run start="936" length="2" level="200"/>
        <run start="936" length="5" level="165"/>
    </section>
    <section id="2861" first-pos="1904">
        <run start="943" length="3" level="131"/>
    </section>
    <section id="2858" first-pos="1903">
        <run start="956" length="3" level="190"/>
        <run start="954" length="5" level="139"/>
    </section>
    <section id="2876" first-pos="1913">
        <run start="932" length="5" level="207"/>
    </section>
    <section id="2877" first-pos="1913">
        <run start="949" length="3" level="144"/>
        <run start="949" length="2" level="217"/>
        <run start="949" length="2" level="167"/>
        <run start="949" length="2" level="217"/>
    </section>
    <section id="2878" first-pos="1913">
        <run start="956" length="3" level="201"/>
    </section>
</stick>
