<?xml version="1.0" encoding="UTF-8"?>
<stick id="164" interline="21" shape="TIME_FOUR_FOUR">
    <is-within-system>true</is-within-system>
    <has-ledger>false</has-ledger>
    <stem-number>0</stem-number>
    <step-line>0.1411764705882353</step-line>
    <moments>
        <k>2.2947845804988662</k>
        <k>1.380952380952381</k>
        <k>4.142857142857143</k>
        <k>0.037497594829334076</k>
        <k>-0.006603094645719584</k>
        <k>0.615255819810603</k>
        <k>-0.007191717290378521</k>
        <k>0.005358839651415841</k>
        <k>0.005096197745657986</k>
        <k>-0.04898217200689291</k>
        <k>0.6527534146399371</k>
        <k>0.33397896996910775</k>
        <k>0.0047379976309833705</k>
        <k>0.001907386327958718</k>
        <k>5.094727172520896E-6</k>
        <k>0.0010945195836884658</k>
        <k>2.6310011741146393E-6</k>
        <k>381.49209486166006</k>
        <k>323.37252964426875</k>
    </moments>
    <section id="596" first-pos="364">
        <run start="308" length="3" level="94"/>
        <run start="307" length="4" level="67"/>
        <run start="305" length="6" level="46"/>
        <run start="304" length="7" level="38"/>
    </section>
    <section id="602" first-pos="368">
        <run start="303" length="5" level="52"/>
        <run start="302" length="4" level="28"/>
        <run start="301" length="3" level="104"/>
        <run start="298" length="5" level="182"/>
        <run start="297" length="5" level="200"/>
        <run start="295" length="5" level="147"/>
        <run start="294" length="6" level="123"/>
        <run start="292" length="7" level="77"/>
        <run start="290" length="8" level="58"/>
        <run start="287" length="9" level="30"/>
        <run start="283" length="11" level="65"/>
        <run start="281" length="12" level="42"/>
        <run start="279" length="12" level="46"/>
        <run start="278" length="12" level="63"/>
        <run start="278" length="11" level="69"/>
        <run start="278" length="10" level="76"/>
        <run start="278" length="9" level="88"/>
        <run start="278" length="7" level="110"/>
        <run start="278" length="6" level="129"/>
        <run start="278" length="5" level="154"/>
        <run start="278" length="4" level="189"/>
        <run start="278" length="3" level="200"/>
        <run start="278" length="1" level="200"/>
    </section>
    <section id="603" first-pos="368">
        <run start="309" length="2" level="125"/>
        <run start="309" length="2" level="128"/>
        <run start="309" length="2" level="128"/>
        <run start="309" length="2" level="128"/>
        <run start="309" length="2" level="129"/>
        <run start="309" length="2" level="129"/>
        <run start="309" length="2" level="129"/>
        <run start="309" length="2" level="129"/>
        <run start="309" length="2" level="129"/>
        <run start="309" length="2" level="129"/>
        <run start="309" length="2" level="129"/>
        <run start="309" length="2" level="129"/>
        <run start="309" length="2" level="129"/>
    </section>
    <section id="617" first-pos="381">
        <run start="296" length="40" level="72"/>
        <run start="293" length="41" level="49"/>
        <run start="292" length="41" level="53"/>
        <run start="291" length="40" level="50"/>
        <run start="289" length="41" level="48"/>
        <run start="288" length="41" level="54"/>
        <run start="287" length="40" level="50"/>
        <run start="286" length="40" level="54"/>
    </section>
    <section id="615" first-pos="380">
        <run start="316" length="5" level="142"/>
    </section>
    <section id="610" first-pos="371">
        <run start="340" length="9" level="140"/>
        <run start="340" length="8" level="155"/>
        <run start="340" length="7" level="191"/>
        <run start="338" length="7" level="152"/>
        <run start="336" length="8" level="108"/>
        <run start="334" length="9" level="73"/>
        <run start="332" length="10" level="73"/>
        <run start="330" length="10" level="56"/>
        <run start="326" length="13" level="64"/>
        <run start="322" length="15" level="45"/>
    </section>
    <section id="604" first-pos="369">
        <run start="342" length="1" level="200"/>
        <run start="342" length="1" level="200"/>
    </section>
    <section id="605" first-pos="369">
        <run start="346" length="6" level="114"/>
        <run start="344" length="6" level="101"/>
    </section>
    <section id="597" first-pos="364">
        <run start="353" length="3" level="145"/>
        <run start="351" length="5" level="86"/>
        <run start="350" length="6" level="57"/>
        <run start="349" length="7" level="49"/>
        <run start="347" length="9" level="103"/>
    </section>
    <section id="606" first-pos="369">
        <run start="354" length="2" level="128"/>
        <run start="354" length="2" level="128"/>
        <run start="354" length="2" level="128"/>
        <run start="354" length="2" level="129"/>
        <run start="354" length="2" level="129"/>
        <run start="354" length="2" level="129"/>
        <run start="354" length="2" level="129"/>
        <run start="354" length="2" level="129"/>
        <run start="354" length="2" level="129"/>
        <run start="354" length="2" level="129"/>
        <run start="354" length="2" level="129"/>
        <run start="354" length="2" level="129"/>
    </section>
    <section id="618" first-pos="381">
        <run start="339" length="26" level="111"/>
        <run start="338" length="27" level="60"/>
        <run start="337" length="28" level="57"/>
        <run start="335" length="30" level="55"/>
        <run start="334" length="31" level="52"/>
        <run start="333" length="32" level="50"/>
        <run start="332" length="33" level="48"/>
        <run start="331" length="34" level="81"/>
    </section>
    <section id="616" first-pos="380">
        <run start="341" length="2" level="200"/>
    </section>
    <section id="614" first-pos="378">
        <run start="364" length="1" level="200"/>
        <run start="361" length="4" level="195"/>
        <run start="360" length="5" level="166"/>
    </section>
    <section id="635" first-pos="389">
        <run start="332" length="9" level="197"/>
    </section>
    <section id="636" first-pos="389">
        <run start="342" length="7" level="194"/>
    </section>
    <section id="637" first-pos="389">
        <run start="353" length="4" level="147"/>
        <run start="354" length="2" level="129"/>
        <run start="354" length="2" level="128"/>
        <run start="354" length="2" level="211"/>
    </section>
    <section id="638" first-pos="389">
        <run start="358" length="7" level="170"/>
        <run start="361" length="3" level="200"/>
    </section>
    <section id="632" first-pos="389">
        <run start="297" length="4" level="180"/>
    </section>
    <section id="633" first-pos="389">
        <run start="309" length="2" level="121"/>
        <run start="309" length="2" level="129"/>
        <run start="309" length="2" level="128"/>
    </section>
    <section id="634" first-pos="389">
        <run start="316" length="9" level="165"/>
    </section>
    <section id="640" first-pos="390">
        <run start="320" length="3" level="200"/>
        <run start="320" length="2" level="200"/>
    </section>
</stick>
