<?xml version="1.0" encoding="UTF-8"?>
<glyph id="1318" interline="22" shape="TIME_THREE">
    <is-within-system>true</is-within-system>
    <has-ledger>false</has-ledger>
    <stem-number>0</stem-number>
    <step-line>-2.13953488372093</step-line>
    <moments>
        <k>1.3677685950413223</k>
        <k>1.4090909090909092</k>
        <k>1.8181818181818181</k>
        <k>0.11706678060485844</k>
        <k>-0.011305769846488161</k>
        <k>0.21851369145817381</k>
        <k>-0.011329823339815111</k>
        <k>0.0028443557915483557</k>
        <k>-0.00479827555255858</k>
        <k>-0.011992123626985932</k>
        <k>0.33558047206303226</k>
        <k>0.01080275744896756</k>
        <k>4.306777109919308E-4</k>
        <k>3.437972302532517E-4</k>
        <k>-1.3125399543134105E-7</k>
        <k>-2.4570712858052105E-5</k>
        <k>1.6530389188922485E-8</k>
        <k>1903.7900302114804</k>
        <k>1139.2900302114804</k>
    </moments>
    <section id="2784" first-pos="1888">
        <run start="1140" length="13" level="174"/>
        <run start="1140" length="14" level="69"/>
        <run start="1140" length="15" level="72"/>
        <run start="1140" length="16" level="87"/>
    </section>
    <section id="2807" first-pos="1892">
        <run start="1140" length="9" level="80"/>
        <run start="1140" length="9" level="91"/>
        <run start="1140" length="8" level="103"/>
        <run start="1140" length="7" level="156"/>
    </section>
    <section id="2808" first-pos="1892">
        <run start="1150" length="7" level="75"/>
        <run start="1151" length="7" level="75"/>
        <run start="1152" length="6" level="44"/>
        <run start="1152" length="7" level="62"/>
        <run start="1152" length="7" level="50"/>
        <run start="1153" length="6" level="44"/>
        <run start="1153" length="6" level="44"/>
        <run start="1153" length="6" level="44"/>
        <run start="1153" length="6" level="44"/>
        <run start="1153" length="6" level="44"/>
        <run start="1153" length="6" level="44"/>
        <run start="1153" length="6" level="44"/>
        <run start="1153" length="6" level="44"/>
        <run start="1152" length="7" level="61"/>
        <run start="1152" length="7" level="37"/>
        <run start="1152" length="7" level="37"/>
        <run start="1151" length="8" level="63"/>
        <run start="1150" length="8" level="53"/>
        <run start="1147" length="11" level="67"/>
    </section>
    <section id="2872" first-pos="1911">
        <run start="1119" length="39" level="53"/>
        <run start="1119" length="38" level="54"/>
    </section>
    <section id="2868" first-pos="1909">
        <run start="1119" length="23" level="79"/>
        <run start="1119" length="27" level="71"/>
    </section>
    <section id="2847" first-pos="1902">
        <run start="1119" length="2" level="200"/>
        <run start="1119" length="3" level="200"/>
        <run start="1119" length="4" level="197"/>
        <run start="1119" length="4" level="184"/>
        <run start="1119" length="5" level="170"/>
        <run start="1119" length="6" level="143"/>
        <run start="1119" length="7" level="123"/>
    </section>
    <section id="2837" first-pos="1900">
        <run start="1135" length="5" level="163"/>
        <run start="1134" length="7" level="95"/>
        <run start="1134" length="7" level="76"/>
        <run start="1134" length="7" level="76"/>
        <run start="1134" length="7" level="75"/>
        <run start="1133" length="8" level="82"/>
        <run start="1132" length="9" level="73"/>
        <run start="1132" length="9" level="58"/>
        <run start="1130" length="11" level="71"/>
    </section>
    <section id="2879" first-pos="1913">
        <run start="1119" length="16" level="55"/>
        <run start="1121" length="13" level="52"/>
        <run start="1122" length="10" level="67"/>
        <run start="1124" length="7" level="152"/>
    </section>
    <section id="2880" first-pos="1913">
        <run start="1137" length="20" level="64"/>
        <run start="1138" length="18" level="73"/>
        <run start="1140" length="14" level="61"/>
        <run start="1140" length="13" level="73"/>
        <run start="1141" length="10" level="100"/>
    </section>
    <section id="2892" first-pos="1918">
        <run start="1144" length="4" level="142"/>
    </section>
    <section id="2793" first-pos="1890">
        <run start="1124" length="7" level="141"/>
        <run start="1123" length="9" level="56"/>
        <run start="1121" length="11" level="52"/>
        <run start="1120" length="12" level="49"/>
        <run start="1119" length="13" level="67"/>
        <run start="1119" length="13" level="107"/>
    </section>
    <section id="2818" first-pos="1896">
        <run start="1119" length="4" level="180"/>
        <run start="1119" length="4" level="181"/>
        <run start="1119" length="4" level="199"/>
        <run start="1119" length="1" level="200"/>
    </section>
    <section id="2819" first-pos="1896">
        <run start="1125" length="6" level="88"/>
        <run start="1126" length="4" level="164"/>
    </section>
</glyph>
