<?xml version="1.0" encoding="UTF-8"?>
<glyph id="1320" interline="22" shape="VOID_NOTEHEAD">
    <is-within-system>true</is-within-system>
    <has-ledger>false</has-ledger>
    <stem-number>1</stem-number>
    <step-line>1.1162790697674418</step-line>
    <moments>
        <k>0.42768595041322316</k>
        <k>1.0454545454545454</k>
        <k>1.0454545454545454</k>
        <k>0.2226777032885844</k>
        <k>0.0575175627974789</k>
        <k>0.2728802852574201</k>
        <k>0.002056906372132657</k>
        <k>0.02859684078105094</k>
        <k>0.007833568628401844</k>
        <k>-0.02340968518655297</k>
        <k>0.4955579885460045</k>
        <k>0.015753379356985377</k>
        <k>0.012384521862087678</k>
        <k>1.2472807889772953E-4</k>
        <k>1.4736155217522164E-7</k>
        <k>8.24328194404454E-6</k>
        <k>4.812045821257048E-8</k>
        <k>915.6038647342995</k>
        <k>1509.7874396135267</k>
    </moments>
    <section id="1399" first-pos="905">
        <run start="1507" length="9" level="3"/>
    </section>
    <section id="1401" first-pos="906">
        <run start="1505" length="14" level="18"/>
    </section>
    <section id="1404" first-pos="907">
        <run start="1503" length="7" level="4"/>
        <run start="1502" length="7" level="4"/>
        <run start="1501" length="7" level="2"/>
        <run start="1500" length="7" level="31"/>
        <run start="1500" length="6" level="34"/>
        <run start="1499" length="7" level="60"/>
        <run start="1498" length="7" level="88"/>
        <run start="1498" length="6" level="101"/>
        <run start="1498" length="6" level="103"/>
        <run start="1498" length="5" level="120"/>
        <run start="1498" length="5" level="125"/>
        <run start="1498" length="4" level="151"/>
        <run start="1498" length="4" level="157"/>
        <run start="1498" length="3" level="200"/>
        <run start="1498" length="2" level="200"/>
        <run start="1498" length="2" level="200"/>
        <run start="1498" length="1" level="200"/>
    </section>
    <section id="1405" first-pos="907">
        <run start="1516" length="5" level="123"/>
        <run start="1517" length="4" level="154"/>
        <run start="1519" length="2" level="200"/>
        <run start="1520" length="1" level="200"/>
    </section>
    <section id="1413" first-pos="913">
        <run start="1520" length="1" level="200"/>
        <run start="1519" length="2" level="200"/>
        <run start="1518" length="3" level="200"/>
        <run start="1517" length="4" level="152"/>
        <run start="1517" length="4" level="150"/>
        <run start="1516" length="5" level="121"/>
        <run start="1516" length="5" level="120"/>
        <run start="1515" length="6" level="101"/>
        <run start="1514" length="7" level="86"/>
        <run start="1513" length="8" level="76"/>
        <run start="1513" length="8" level="76"/>
        <run start="1512" length="8" level="51"/>
        <run start="1510" length="9" level="23"/>
        <run start="1510" length="8" level="1"/>
        <run start="1509" length="8" level="3"/>
    </section>
</glyph>
