<?xml version="1.0" encoding="UTF-8"?>
<stick id="1261" interline="22" shape="VOID_NOTEHEAD">
    <is-within-system>true</is-within-system>
    <has-ledger>true</has-ledger>
    <stem-number>1</stem-number>
    <step-line>6.206896551724138</step-line>
    <moments>
        <k>0.6342975206611571</k>
        <k>1.1363636363636365</k>
        <k>1.1363636363636365</k>
        <k>0.15683218785307151</k>
        <k>0.0016607888391009008</k>
        <k>0.17790589575199361</k>
        <k>-0.0048872547654243495</k>
        <k>3.073229913424452E-4</k>
        <k>0.006973040045830103</k>
        <k>-0.0032382238688655756</k>
        <k>0.33473808360506513</k>
        <k>4.551340428814202E-4</k>
        <k>6.83276190119841E-4</k>
        <k>1.2940680189823165E-5</k>
        <k>1.0985695945600214E-9</k>
        <k>4.873463594750756E-8</k>
        <k>-5.233035759211905E-10</k>
        <k>1609.9250814332247</k>
        <k>1816.8925081433224</k>
    </moments>
    <section id="2510" first-pos="1597">
        <run start="1816" length="3" level="176"/>
        <run start="1815" length="7" level="107"/>
        <run start="1813" length="11" level="98"/>
    </section>
    <section id="2513" first-pos="1600">
        <run start="1811" length="9" level="117"/>
        <run start="1810" length="9" level="117"/>
        <run start="1809" length="10" level="106"/>
        <run start="1808" length="8" level="65"/>
        <run start="1807" length="8" level="41"/>
        <run start="1807" length="8" level="40"/>
        <run start="1806" length="8" level="16"/>
        <run start="1806" length="7" level="37"/>
        <run start="1806" length="7" level="37"/>
        <run start="1805" length="7" level="37"/>
        <run start="1805" length="7" level="38"/>
        <run start="1805" length="6" level="45"/>
        <run start="1805" length="5" level="52"/>
        <run start="1805" length="5" level="52"/>
        <run start="1805" length="5" level="52"/>
        <run start="1805" length="5" level="54"/>
        <run start="1805" length="4" level="69"/>
        <run start="1806" length="3" level="83"/>
        <run start="1806" length="4" level="68"/>
        <run start="1807" length="3" level="84"/>
        <run start="1807" length="4" level="63"/>
        <run start="1807" length="7" level="13"/>
    </section>
    <section id="2514" first-pos="1600">
        <run start="1821" length="5" level="57"/>
        <run start="1823" length="4" level="67"/>
        <run start="1824" length="3" level="84"/>
        <run start="1825" length="3" level="89"/>
        <run start="1825" length="3" level="86"/>
        <run start="1825" length="4" level="70"/>
        <run start="1825" length="5" level="56"/>
        <run start="1825" length="4" level="62"/>
        <run start="1824" length="6" level="50"/>
        <run start="1824" length="6" level="43"/>
        <run start="1823" length="7" level="39"/>
        <run start="1823" length="7" level="37"/>
        <run start="1822" length="7" level="37"/>
        <run start="1822" length="7" level="37"/>
        <run start="1821" length="8" level="34"/>
        <run start="1820" length="8" level="32"/>
        <run start="1820" length="8" level="33"/>
    </section>
    <section id="2541" first-pos="1617">
        <run start="1816" length="11" level="74"/>
        <run start="1816" length="11" level="52"/>
        <run start="1816" length="10" level="56"/>
        <run start="1816" length="9" level="62"/>
        <run start="1816" length="8" level="70"/>
    </section>
    <section id="2537" first-pos="1615">
        <run start="1818" length="1" level="156"/>
        <run start="1817" length="2" level="178"/>
    </section>
</stick>
