<?xml version="1.0" encoding="UTF-8" standalone="yes"?>
<samples sheet-name="IMSLP00121#47">
    <sample shape="FLAT" interline="19" pitch="2.3" left="355" top="2016" id="351">
        <run-table orientation="VERTICAL" width="20" height="49">
            <runs>0 1 31 3 13</runs>
            <runs>49</runs>
            <runs>49</runs>
            <runs>48</runs>
            <runs>0 1 32 7 8</runs>
            <runs>0 22 9</runs>
            <runs>0 22 8</runs>
            <runs></runs>
            <runs></runs>
            <runs></runs>
            <runs></runs>
            <runs>0 36 9</runs>
            <runs>0 22 8 3 12</runs>
            <runs>0 22 23</runs>
            <runs>0 22 23</runs>
            <runs>0 22 18</runs>
            <runs>0 22 17</runs>
            <runs>0 22 16</runs>
            <runs>0 27 10</runs>
            <runs>0 29 7</runs>
        </run-table>
    </sample>
</samples>
