<?xml version="1.0" encoding="UTF-8" standalone="yes"?>
<samples sheet-name="IMSLP00119#24">
    <sample shape="F_CLEF" interline="19" pitch="-1.4" left="282" top="2674" id="308">
        <run-table orientation="VERTICAL" width="53" height="61">
            <runs>0 13 9</runs>
            <runs>0 10 13</runs>
            <runs>0 8 18</runs>
            <runs>0 8 18</runs>
            <runs>0 6 21</runs>
            <runs>28</runs>
            <runs>28 25 8</runs>
            <runs>11 1 16 25 8</runs>
            <runs>9 3 16 25 8</runs>
            <runs>8 4 16 24 9</runs>
            <runs>8 3 17 24 9</runs>
            <runs>0 6 1 4 17 23 10</runs>
            <runs>0 11 17 22 11</runs>
            <runs>0 11 17 22 11</runs>
            <runs>0 12 15 22 12</runs>
            <runs>0 12 15 22 12</runs>
            <runs>0 13 13 22 13</runs>
            <runs>0 15 10 22 8</runs>
            <runs>0 16 8 22 9</runs>
            <runs>0 45 9</runs>
            <runs>0 44 9</runs>
            <runs>0 38 15</runs>
            <runs>0 38 14</runs>
            <runs>0 38 13</runs>
            <runs>0 6 1 31 13</runs>
            <runs>8 29 13</runs>
            <runs>9 27 14</runs>
            <runs>10 24 15</runs>
            <runs>12 18 18</runs>
            <runs>15 9 23</runs>
            <runs>46</runs>
            <runs>45</runs>
            <runs>44</runs>
            <runs>43</runs>
            <runs>43</runs>
            <runs>0 6 36</runs>
            <runs>0 8 34</runs>
            <runs>0 9 26</runs>
            <runs>0 10 22</runs>
            <runs>0 13 16</runs>
            <runs>0 15 9</runs>
            <runs></runs>
            <runs></runs>
            <runs>0 8 6 12 5</runs>
            <runs>0 7 8 10 7</runs>
            <runs>0 6 9 10 8</runs>
            <runs>0 6 9 9 9</runs>
            <runs>0 6 9 9 9</runs>
            <runs>0 6 9 10 8</runs>
            <runs>0 6 9 10 8</runs>
            <runs>0 6 9 10 8</runs>
            <runs>0 7 7 12 6</runs>
            <runs>0 8 5 15 2</runs>
        </run-table>
    </sample>
</samples>
