<?xml version="1.0" encoding="UTF-8" standalone="yes"?>
<samples sheet-name="IMSLP00121#43">
    <sample shape="FLAT" interline="19" pitch="-1.9" left="334" top="599" id="258">
        <run-table orientation="VERTICAL" width="20" height="50">
            <runs>16</runs>
            <runs>41</runs>
            <runs>50</runs>
            <runs>0 1 49</runs>
            <runs>0 2 11 2 1 1 1 5 27</runs>
            <runs>0 25 8</runs>
            <runs>0 31 1</runs>
            <runs></runs>
            <runs></runs>
            <runs></runs>
            <runs>0 41 1</runs>
            <runs>0 38 11</runs>
            <runs>0 30 2 3 13</runs>
            <runs>0 25 18</runs>
            <runs>0 25 17</runs>
            <runs>0 25 16</runs>
            <runs>0 25 15</runs>
            <runs>0 25 14</runs>
            <runs>0 25 13</runs>
            <runs>0 31 5</runs>
        </run-table>
    </sample>
    <sample shape="FLAT" interline="19" pitch="2.3" left="354" top="639" id="259">
        <run-table orientation="VERTICAL" width="19" height="48">
            <runs>0 1 12 2 18</runs>
            <runs>47</runs>
            <runs>0 1 47</runs>
            <runs>0 2 46</runs>
            <runs>0 2 13 8 9</runs>
            <runs>0 29 1</runs>
            <runs></runs>
            <runs></runs>
            <runs></runs>
            <runs></runs>
            <runs>0 37 8</runs>
            <runs>0 33 12</runs>
            <runs>0 23 22</runs>
            <runs>0 24 21</runs>
            <runs>0 24 16</runs>
            <runs>0 24 15</runs>
            <runs>0 24 14</runs>
            <runs>0 24 13</runs>
            <runs>0 28 8</runs>
        </run-table>
    </sample>
    <sample shape="FLAT" interline="19" pitch="0.3" left="345" top="2378" id="396">
        <run-table orientation="VERTICAL" width="20" height="48">
            <runs>0 1 11 5 30</runs>
            <runs>48</runs>
            <runs>48</runs>
            <runs>48</runs>
            <runs>0 1 17 4 10</runs>
            <runs></runs>
            <runs></runs>
            <runs></runs>
            <runs></runs>
            <runs></runs>
            <runs>0 38 1</runs>
            <runs>0 35 10</runs>
            <runs>0 22 23</runs>
            <runs>0 22 23</runs>
            <runs>0 22 23</runs>
            <runs>0 22 18</runs>
            <runs>0 22 17</runs>
            <runs>0 22 16</runs>
            <runs>0 22 15</runs>
            <runs>0 29 6</runs>
        </run-table>
    </sample>
</samples>
