<?xml version="1.0" encoding="UTF-8" standalone="yes"?>
<samples sheet-name="IMSLP00009#8">
    <sample shape="G_CLEF" interline="22" pitch="0.1" left="134" top="223" id="476">
        <run-table orientation="VERTICAL" width="58" height="154">
            <runs>0 90 6</runs>
            <runs>0 84 20</runs>
            <runs>0 79 25</runs>
            <runs>0 79 26</runs>
            <runs>0 76 31 32 5</runs>
            <runs>0 75 33 28 10</runs>
            <runs>0 73 37 25 13</runs>
            <runs>0 72 39 23 15</runs>
            <runs>0 71 41 21 18</runs>
            <runs>0 70 21 9 13 19 19</runs>
            <runs>0 69 19 12 15 17 20</runs>
            <runs>0 68 18 20 9 16 21</runs>
            <runs>0 67 16 25 8 15 22</runs>
            <runs>0 66 16 28 6 15 22</runs>
            <runs>0 65 17 29 6 14 22</runs>
            <runs>0 64 18 30 6 13 23</runs>
            <runs>0 63 19 13 2 16 5 13 23</runs>
            <runs>0 57 20 14 13 10 4 13 23</runs>
            <runs>0 57 19 12 17 9 5 12 23</runs>
            <runs>0 57 18 12 20 8 4 13 16 1 5</runs>
            <runs>0 57 17 11 22 9 4 12 15 3 4</runs>
            <runs>0 57 16 6 17 4 9 7 4 13 14 3 4</runs>
            <runs>0 57 15 7 14 13 4 6 4 14 11 5 4</runs>
            <runs>0 57 14 8 13 16 3 5 4 15 9 5 5</runs>
            <runs>0 56 15 8 12 19 1 5 4 29 5</runs>
            <runs>0 55 15 9 11 26 5 28 5</runs>
            <runs>0 54 15 10 10 28 4 27 6</runs>
            <runs>0 54 15 9 11 28 4 26 7</runs>
            <runs>0 53 15 10 10 29 4 26 6</runs>
            <runs>0 52 16 10 10 29 4 25 7</runs>
            <runs>0 30 37 10 11 29 4 24 7</runs>
            <runs>0 26 42 3 17 28 5 22 9</runs>
            <runs>0 24 126</runs>
            <runs>0 20 129</runs>
            <runs>0 18 26 4 23 4 73</runs>
            <runs>0 17 24 7 15 6 2 5 11 11 1 1 47</runs>
            <runs>0 15 19 14 15 13 10 29 30</runs>
            <runs>0 13 18 16 15 14 10 30 4</runs>
            <runs>0 12 17 17 16 14 10 29 5</runs>
            <runs>0 11 16 18 17 14 10 29 4</runs>
            <runs>0 9 16 19 18 15 9 28 5</runs>
            <runs>0 8 16 19 19 15 10 27 4</runs>
            <runs>0 8 14 20 20 15 10 27 4</runs>
            <runs>0 6 15 21 15 20 11 25 4</runs>
            <runs>0 5 15 16 20 21 11 24 5</runs>
            <runs>0 4 15 17 19 22 12 22 5</runs>
            <runs>0 2 15 19 17 25 12 20 6</runs>
            <runs>0 2 14 20 16 27 12 18 6</runs>
            <runs>0 1 15 18 16 29 12 16 7</runs>
            <runs>14 19 16 30 14 8 13</runs>
            <runs>14 16 17 32 18 3 13</runs>
            <runs>14 14 18 33 33</runs>
            <runs>17 7 19 37 31</runs>
            <runs>0 2 40 38 30</runs>
            <runs>0 6 34 45 23</runs>
            <runs>0 10 30 47 19</runs>
            <runs>0 11 21 58 14</runs>
            <runs>0 20 1 74 4</runs>
        </run-table>
    </sample>
    <sample shape="TIME_THREE" interline="22" pitch="-2.0" left="203" top="805" id="635">
        <run-table orientation="VERTICAL" width="28" height="39">
            <runs>0 26 7</runs>
            <runs>0 4 5 15 10</runs>
            <runs>0 2 8 14 11</runs>
            <runs>0 1 9 14 12</runs>
            <runs>11 12 13</runs>
            <runs>11 12 14</runs>
            <runs>11 12 14</runs>
            <runs>11 5 1 6 15</runs>
            <runs>11 5 1 7 9 3 2</runs>
            <runs>0 2 9 5 1 7 8 5 1</runs>
            <runs>0 3 7 6 1 8 7</runs>
            <runs>0 5 3 8 1 10 3</runs>
            <runs>0 15 2</runs>
            <runs>0 15 2 20 2</runs>
            <runs>0 14 7 15 2</runs>
            <runs>0 13 8 14 3</runs>
            <runs>2 10 11 9 6</runs>
            <runs>38</runs>
            <runs>16 2 19</runs>
            <runs>16 1 20</runs>
            <runs>15 3 19</runs>
            <runs>15 4 18</runs>
            <runs>15 4 17</runs>
            <runs>14 5 16</runs>
            <runs>13 6 15</runs>
            <runs>0 3 8 8 14</runs>
            <runs>0 4 4 11 12</runs>
            <runs>0 25 3</runs>
        </run-table>
    </sample>
    <sample shape="TIME_THREE" interline="22" pitch="-2.1" left="203" top="1032" id="648">
        <run-table orientation="VERTICAL" width="29" height="39">
            <runs>0 28 5</runs>
            <runs>0 3 7 15 9</runs>
            <runs>11 13 12</runs>
            <runs>12 12 12</runs>
            <runs>13 10 14</runs>
            <runs>12 12 14</runs>
            <runs>12 12 14</runs>
            <runs>12 5 1 6 15</runs>
            <runs>12 4 2 6 15</runs>
            <runs>0 3 8 5 2 7 14</runs>
            <runs>0 4 7 5 2 8 8 3 2</runs>
            <runs>0 6 3 7 2 9 6 5 1</runs>
            <runs>0 16 2 11 2 7 1</runs>
            <runs>0 16 3 19 1</runs>
            <runs>0 15 4 18 2</runs>
            <runs>0 14 8 14 3</runs>
            <runs>4 6 12 13 4</runs>
            <runs>39</runs>
            <runs>39</runs>
            <runs>16 2 20</runs>
            <runs>16 2 20</runs>
            <runs>15 2 20</runs>
            <runs>14 3 20</runs>
            <runs>14 3 19</runs>
            <runs>0 2 10 6 18</runs>
            <runs>0 3 7 8 17</runs>
            <runs>0 18 16</runs>
            <runs>0 18 13</runs>
            <runs>0 18 7 1 1</runs>
        </run-table>
    </sample>
    <sample shape="TIME_FOUR" interline="22" pitch="2.1" left="202" top="850" id="626">
        <run-table orientation="VERTICAL" width="29" height="38">
            <runs>0 27 4</runs>
            <runs>0 25 6</runs>
            <runs>0 24 7</runs>
            <runs>0 21 9</runs>
            <runs>0 17 13</runs>
            <runs>0 16 8 2 5</runs>
            <runs>0 14 9 3 5</runs>
            <runs>0 9 13 4 5</runs>
            <runs>0 1 19 6 5</runs>
            <runs>20 6 5</runs>
            <runs>19 8 4</runs>
            <runs>19 8 4</runs>
            <runs>15 12 3</runs>
            <runs>13 13 4 5 3</runs>
            <runs>12 14 5 1 6</runs>
            <runs>10 5 23</runs>
            <runs>7 7 24</runs>
            <runs>6 6 26</runs>
            <runs>3 7 28</runs>
            <runs>1 8 29</runs>
            <runs>0 7 31</runs>
            <runs>0 6 32</runs>
            <runs>0 4 34</runs>
            <runs>0 4 31 1 2</runs>
            <runs>0 4 28</runs>
            <runs>0 26 5</runs>
            <runs>0 26 4</runs>
            <runs>0 26 4</runs>
            <runs>0 26 4</runs>
        </run-table>
    </sample>
    <sample shape="TIME_FOUR" interline="22" pitch="2.2" left="202" top="1078" id="643">
        <run-table orientation="VERTICAL" width="31" height="39">
            <runs>0 26 6</runs>
            <runs>0 24 8</runs>
            <runs>0 23 9</runs>
            <runs>0 21 10</runs>
            <runs>0 17 14</runs>
            <runs>0 16 15</runs>
            <runs>0 13 11 2 5</runs>
            <runs>0 6 17 3 5</runs>
            <runs>21 5 5</runs>
            <runs>20 7 4</runs>
            <runs>20 7 4</runs>
            <runs>20 7 4</runs>
            <runs>15 11 5</runs>
            <runs>0 1 13 13 4</runs>
            <runs>12 15 5 1 6</runs>
            <runs>9 5 25</runs>
            <runs>7 5 27</runs>
            <runs>5 7 27</runs>
            <runs>2 8 29</runs>
            <runs>0 9 30</runs>
            <runs>0 7 32</runs>
            <runs>0 6 33</runs>
            <runs>0 4 35</runs>
            <runs>0 4 35</runs>
            <runs>0 6 3 1 29</runs>
            <runs>0 26 5 3 5</runs>
            <runs>0 27 4</runs>
            <runs>0 27 4</runs>
            <runs>0 27 3</runs>
            <runs>0 27 3</runs>
            <runs>0 27 3</runs>
        </run-table>
    </sample>
    <sample shape="TIME_THREE_FOUR" interline="22" pitch="-0.0" left="202" top="805" id="631">
        <run-table orientation="VERTICAL" width="29" height="83">
            <runs>0 72 4</runs>
            <runs>0 26 7 37 6</runs>
            <runs>0 4 5 15 10 35 7</runs>
            <runs>0 2 8 14 11 31 9</runs>
            <runs>0 1 9 14 12 26 13</runs>
            <runs>11 12 13 25 8 2 5</runs>
            <runs>11 12 14 22 9 3 5</runs>
            <runs>11 12 14 17 13 4 5</runs>
            <runs>11 5 1 6 15 8 19 6 5</runs>
            <runs>11 5 1 7 9 3 2 7 20 6 5</runs>
            <runs>0 2 9 5 1 7 8 5 1 7 19 8 4</runs>
            <runs>0 3 7 6 1 8 7 13 19 8 4</runs>
            <runs>0 5 3 8 1 10 3 15 15 12 3</runs>
            <runs>0 15 2 28 13 13 4 5 3</runs>
            <runs>0 15 2 20 2 6 12 14 5 1 6</runs>
            <runs>0 14 7 15 2 7 10 5 23</runs>
            <runs>0 13 8 14 3 7 7 7 24</runs>
            <runs>2 10 11 9 6 7 6 6 26</runs>
            <runs>38 7 3 7 28</runs>
            <runs>16 2 19 8 1 8 29</runs>
            <runs>16 1 20 15 31</runs>
            <runs>15 3 19 14 32</runs>
            <runs>15 4 18 12 34</runs>
            <runs>15 4 17 13 31 1 2</runs>
            <runs>14 5 16 14 28</runs>
            <runs>13 6 15 37 5</runs>
            <runs>0 3 8 8 14 38 4</runs>
            <runs>0 4 4 11 12 40 4</runs>
            <runs>0 25 3 43 4</runs>
        </run-table>
    </sample>
    <sample shape="TIME_THREE_FOUR" interline="22" pitch="-0.0" left="202" top="1032" id="647">
        <run-table orientation="VERTICAL" width="31" height="85">
            <runs>0 72 6</runs>
            <runs>0 28 5 37 8</runs>
            <runs>0 3 7 15 9 35 9</runs>
            <runs>11 13 12 31 10</runs>
            <runs>12 12 12 27 14</runs>
            <runs>13 10 14 25 15</runs>
            <runs>12 12 14 21 11 2 5</runs>
            <runs>12 12 14 14 17 3 5</runs>
            <runs>12 5 1 6 15 7 21 5 5</runs>
            <runs>12 4 2 6 15 7 20 7 4</runs>
            <runs>0 3 8 5 2 7 14 7 20 7 4</runs>
            <runs>0 4 7 5 2 8 8 3 2 7 20 7 4</runs>
            <runs>0 6 3 7 2 9 6 5 1 7 15 11 5</runs>
            <runs>0 16 2 11 2 7 1 8 13 13 4</runs>
            <runs>0 16 3 19 1 7 12 15 5 1 6</runs>
            <runs>0 15 4 18 2 7 9 5 25</runs>
            <runs>0 14 8 14 3 7 7 5 27</runs>
            <runs>4 6 12 13 4 7 5 7 27</runs>
            <runs>39 7 2 8 29</runs>
            <runs>39 16 30</runs>
            <runs>16 2 20 15 32</runs>
            <runs>16 2 20 14 33</runs>
            <runs>15 2 20 13 35</runs>
            <runs>14 3 20 13 35</runs>
            <runs>14 3 19 16 3 1 29</runs>
            <runs>0 2 10 6 18 36 5 3 5</runs>
            <runs>0 3 7 8 17 38 4</runs>
            <runs>0 18 16 39 4</runs>
            <runs>0 18 13 42 3</runs>
            <runs>0 18 7 1 1 46 3</runs>
            <runs>0 73 3</runs>
        </run-table>
    </sample>
</samples>
