<?xml version="1.0" encoding="UTF-8"?>
<stick id="1117" interline="21" shape="COMBINING_FLAG_1">
    <is-within-system>true</is-within-system>
    <has-ledger>false</has-ledger>
    <stem-number>1</stem-number>
    <step-line>-3.7176470588235295</step-line>
    <moments>
        <k>0.655328798185941</k>
        <k>1.0476190476190477</k>
        <k>2.380952380952381</k>
        <k>0.1390357910525288</k>
        <k>0.2362930583440279</k>
        <k>0.5222412414439913</k>
        <k>-0.013071455664688194</k>
        <k>-0.007854618191293189</k>
        <k>0.02853717140373284</k>
        <k>0.1720537885043842</k>
        <k>0.6612770324965201</k>
        <k>0.37018405489602024</k>
        <k>0.04800459082702015</k>
        <k>0.0272005558948284</k>
        <k>9.660381092210291E-4</k>
        <k>0.01264030960251171</k>
        <k>-1.8126524746757508E-4</k>
        <k>381.70242214532874</k>
        <k>1549.6678200692043</k>
    </moments><members>
    <section id="704" first-pos="371">
        <run start="1527" length="16" level="25"/>
        <run start="1529" length="14" level="26"/>
        <run start="1531" length="13" level="25"/>
        <run start="1532" length="12" level="25"/>
        <run start="1533" length="14" level="50"/>
        <run start="1534" length="13" level="47"/>
        <run start="1536" length="11" level="51"/>
        <run start="1537" length="10" level="56"/>
        <run start="1538" length="9" level="61"/>
        <run start="1539" length="10" level="94"/>
        <run start="1540" length="10" level="109"/>
        <run start="1541" length="11" level="99"/>
        <run start="1542" length="11" level="101"/>
        <run start="1544" length="10" level="107"/>
        <run start="1546" length="10" level="77"/>
        <run start="1546" length="13" level="61"/>
    </section>
    <section id="725" first-pos="387">
        <run start="1547" length="30" level="61"/>
        <run start="1550" length="27" level="40"/>
    </section>
    <section id="730" first-pos="389">
        <run start="1554" length="22" level="47"/>
    </section>
    <section id="732" first-pos="390">
        <run start="1558" length="17" level="97"/>
    </section>
    <section id="737" first-pos="391">
        <run start="1565" length="4" level="174"/>
        <run start="1567" length="2" level="200"/>
    </section>
</members></stick>
