<?xml version="1.0" encoding="UTF-8"?>
<stick id="858" interline="22" shape="COMBINING_FLAG_1">
    <is-within-system>true</is-within-system>
    <has-ledger>false</has-ledger>
    <stem-number>1</stem-number>
    <step-line>-3.3488372093023258</step-line>
    <moments>
        <k>0.628099173553719</k>
        <k>1.0454545454545454</k>
        <k>2.409090909090909</k>
        <k>0.13682521225533967</k>
        <k>0.22876955403028865</k>
        <k>0.4904366924387667</k>
        <k>-0.014717986563188226</k>
        <k>-0.01345620699227964</k>
        <k>0.010100316863141855</k>
        <k>0.11867944266520507</k>
        <k>0.6272619046941064</k>
        <k>0.3343831143223828</k>
        <k>0.027322991250634667</k>
        <k>0.011093252198938731</k>
        <k>1.7732374640220798E-4</k>
        <k>0.003462997475690473</k>
        <k>-7.65241890212249E-5</k>
        <k>1967.9769736842106</k>
        <k>380.1381578947368</k>
    </moments><members>
    <section id="2746" first-pos="1957">
        <run start="355" length="19" level="59"/>
        <run start="359" length="15" level="58"/>
        <run start="361" length="13" level="66"/>
        <run start="363" length="11" level="67"/>
        <run start="364" length="11" level="85"/>
        <run start="365" length="11" level="103"/>
        <run start="366" length="11" level="117"/>
        <run start="367" length="11" level="117"/>
        <run start="368" length="10" level="111"/>
        <run start="369" length="11" level="134"/>
        <run start="370" length="11" level="117"/>
        <run start="371" length="11" level="109"/>
        <run start="373" length="11" level="91"/>
        <run start="374" length="12" level="68"/>
        <run start="376" length="13" level="55"/>
    </section>
    <section id="2758" first-pos="1972">
        <run start="377" length="18" level="76"/>
        <run start="378" length="17" level="32"/>
    </section>
    <section id="2760" first-pos="1974">
        <run start="380" length="28" level="29"/>
        <run start="383" length="24" level="34"/>
    </section>
    <section id="2759" first-pos="1973">
        <run start="403" length="4" level="2"/>
    </section>
    <section id="2766" first-pos="1976">
        <run start="387" length="19" level="43"/>
    </section>
    <section id="2767" first-pos="1977">
        <run start="391" length="8" level="89"/>
        <run start="393" length="4" level="158"/>
        <run start="394" length="1" level="200"/>
    </section>
</members></stick>
