<?xml version="1.0" encoding="UTF-8"?>
<stick id="848" interline="22" shape="CRESCENDO">
    <is-within-system>true</is-within-system>
    <has-ledger>false</has-ledger>
    <stem-number>0</stem-number>
    <step-line>10.69767441860465</step-line>
    <moments>
        <k>4.609504132231405</k>
        <k>11.590909090909092</k>
        <k>1.2727272727272727</k>
        <k>2.413049859687186</k>
        <k>-0.0025930319897681854</k>
        <k>0.023706101164367624</k>
        <k>-0.11834174473174913</k>
        <k>-0.008421534787321177</k>
        <k>0.02612849217441828</k>
        <k>3.3831536532807893E-4</k>
        <k>2.4367559608515537</k>
        <k>5.708990491651547</k>
        <k>0.039357109081277424</k>
        <k>0.008568622383426169</k>
        <k>1.5596681620645345E-4</k>
        <k>0.02015342126514951</k>
        <k>-2.084872554017492E-5</k>
        <k>1940.715374271627</k>
        <k>530.8937696100403</k>
    </moments><members>
    <section id="2556" first-pos="1811">
        <run start="531" length="2" level="156"/>
        <run start="529" length="5" level="83"/>
        <run start="528" length="7" level="53"/>
        <run start="527" length="8" level="39"/>
        <run start="527" length="8" level="33"/>
        <run start="527" length="8" level="33"/>
        <run start="527" length="8" level="33"/>
        <run start="527" length="8" level="33"/>
        <run start="527" length="8" level="33"/>
        <run start="527" length="8" level="33"/>
        <run start="527" length="8" level="33"/>
        <run start="527" length="8" level="33"/>
        <run start="527" length="8" level="33"/>
        <run start="527" length="8" level="33"/>
        <run start="527" length="8" level="33"/>
        <run start="527" length="8" level="33"/>
        <run start="527" length="9" level="36"/>
        <run start="527" length="8" level="28"/>
        <run start="527" length="9" level="36"/>
        <run start="527" length="9" level="29"/>
        <run start="527" length="9" level="29"/>
        <run start="527" length="9" level="29"/>
        <run start="527" length="9" level="29"/>
        <run start="527" length="9" level="29"/>
        <run start="527" length="9" level="29"/>
        <run start="527" length="9" level="29"/>
        <run start="527" length="9" level="52"/>
        <run start="527" length="9" level="35"/>
        <run start="527" length="9" level="29"/>
        <run start="527" length="9" level="74"/>
        <run start="527" length="9" level="63"/>
        <run start="527" length="10" level="78"/>
    </section>
    <section id="2591" first-pos="1843">
        <run start="527" length="4" level="65"/>
        <run start="527" length="4" level="65"/>
        <run start="527" length="4" level="65"/>
        <run start="527" length="4" level="65"/>
        <run start="527" length="4" level="65"/>
        <run start="527" length="4" level="65"/>
        <run start="527" length="4" level="65"/>
        <run start="527" length="4" level="65"/>
        <run start="527" length="4" level="65"/>
        <run start="527" length="4" level="65"/>
        <run start="526" length="5" level="60"/>
        <run start="526" length="5" level="52"/>
        <run start="526" length="5" level="52"/>
        <run start="526" length="5" level="52"/>
        <run start="526" length="5" level="52"/>
        <run start="526" length="5" level="52"/>
        <run start="526" length="4" level="8"/>
        <run start="526" length="4" level="7"/>
        <run start="526" length="4" level="7"/>
        <run start="526" length="4" level="6"/>
        <run start="526" length="4" level="5"/>
        <run start="526" length="4" level="5"/>
        <run start="526" length="4" level="4"/>
        <run start="526" length="4" level="3"/>
        <run start="526" length="4" level="3"/>
        <run start="526" length="4" level="2"/>
        <run start="526" length="4" level="2"/>
        <run start="526" length="4" level="1"/>
        <run start="526" length="4" level="53"/>
        <run start="526" length="4" level="14"/>
        <run start="526" length="4" level="3"/>
        <run start="526" length="4" level="3"/>
        <run start="526" length="4" level="4"/>
        <run start="526" length="4" level="5"/>
        <run start="526" length="4" level="5"/>
        <run start="526" length="4" level="57"/>
        <run start="526" length="3" level="8"/>
        <run start="526" length="3" level="9"/>
        <run start="526" length="3" level="10"/>
        <run start="525" length="4" level="65"/>
        <run start="525" length="4" level="18"/>
        <run start="524" length="5" level="52"/>
        <run start="525" length="4" level="56"/>
        <run start="525" length="4" level="65"/>
        <run start="524" length="5" level="60"/>
        <run start="524" length="5" level="52"/>
        <run start="524" length="5" level="52"/>
        <run start="524" length="5" level="52"/>
        <run start="524" length="5" level="52"/>
        <run start="524" length="5" level="52"/>
        <run start="524" length="5" level="52"/>
        <run start="524" length="5" level="52"/>
        <run start="524" length="5" level="52"/>
        <run start="524" length="5" level="52"/>
        <run start="524" length="5" level="52"/>
        <run start="524" length="5" level="52"/>
        <run start="524" length="5" level="52"/>
        <run start="524" length="5" level="52"/>
        <run start="524" length="5" level="52"/>
        <run start="524" length="5" level="52"/>
        <run start="524" length="5" level="52"/>
        <run start="524" length="5" level="52"/>
        <run start="524" length="5" level="52"/>
        <run start="524" length="5" level="52"/>
        <run start="524" length="5" level="52"/>
        <run start="524" length="5" level="52"/>
        <run start="524" length="5" level="93"/>
        <run start="524" length="5" level="61"/>
        <run start="524" length="5" level="52"/>
        <run start="524" length="5" level="52"/>
        <run start="524" length="5" level="93"/>
        <run start="524" length="4" level="65"/>
        <run start="524" length="4" level="65"/>
        <run start="524" length="4" level="65"/>
        <run start="524" length="4" level="65"/>
        <run start="524" length="4" level="65"/>
        <run start="524" length="4" level="65"/>
        <run start="523" length="5" level="59"/>
        <run start="523" length="5" level="52"/>
        <run start="524" length="4" level="60"/>
        <run start="524" length="4" level="65"/>
        <run start="523" length="5" level="59"/>
        <run start="523" length="5" level="52"/>
        <run start="523" length="5" level="52"/>
        <run start="523" length="5" level="52"/>
        <run start="523" length="5" level="52"/>
        <run start="523" length="5" level="52"/>
        <run start="523" length="5" level="52"/>
        <run start="523" length="5" level="52"/>
        <run start="523" length="5" level="52"/>
        <run start="523" length="5" level="52"/>
        <run start="523" length="5" level="52"/>
        <run start="523" length="5" level="52"/>
        <run start="523" length="5" level="52"/>
        <run start="523" length="5" level="52"/>
        <run start="523" length="5" level="52"/>
        <run start="523" length="5" level="52"/>
        <run start="523" length="5" level="52"/>
        <run start="523" length="5" level="52"/>
        <run start="523" length="5" level="52"/>
        <run start="523" length="4" level="57"/>
        <run start="523" length="4" level="65"/>
        <run start="523" length="5" level="61"/>
        <run start="523" length="4" level="57"/>
        <run start="523" length="4" level="65"/>
        <run start="523" length="4" level="65"/>
        <run start="523" length="4" level="65"/>
        <run start="523" length="4" level="65"/>
        <run start="523" length="4" level="65"/>
        <run start="523" length="4" level="65"/>
        <run start="523" length="4" level="65"/>
        <run start="523" length="4" level="64"/>
        <run start="523" length="4" level="65"/>
        <run start="523" length="4" level="65"/>
        <run start="522" length="5" level="58"/>
        <run start="522" length="5" level="52"/>
        <run start="522" length="5" level="52"/>
        <run start="522" length="5" level="52"/>
        <run start="522" length="5" level="52"/>
        <run start="522" length="5" level="52"/>
        <run start="522" length="4" level="8"/>
        <run start="522" length="4" level="7"/>
        <run start="522" length="4" level="6"/>
        <run start="522" length="4" level="6"/>
        <run start="522" length="4" level="5"/>
        <run start="522" length="4" level="5"/>
        <run start="522" length="4" level="4"/>
        <run start="522" length="4" level="3"/>
        <run start="522" length="4" level="3"/>
        <run start="522" length="4" level="2"/>
        <run start="522" length="4" level="2"/>
        <run start="522" length="4" level="1"/>
        <run start="522" length="4" level="2"/>
        <run start="522" length="4" level="2"/>
        <run start="522" length="4" level="3"/>
        <run start="522" length="4" level="4"/>
        <run start="522" length="4" level="4"/>
        <run start="522" length="4" level="5"/>
        <run start="522" length="4" level="5"/>
        <run start="522" length="4" level="6"/>
        <run start="522" length="4" level="7"/>
        <run start="522" length="4" level="60"/>
        <run start="522" length="3" level="10"/>
        <run start="521" length="4" level="65"/>
        <run start="521" length="4" level="65"/>
        <run start="521" length="4" level="65"/>
        <run start="521" length="4" level="65"/>
        <run start="520" length="5" level="58"/>
        <run start="521" length="4" level="58"/>
        <run start="521" length="4" level="65"/>
        <run start="520" length="5" level="58"/>
        <run start="520" length="5" level="52"/>
        <run start="520" length="5" level="52"/>
        <run start="520" length="5" level="52"/>
        <run start="520" length="5" level="52"/>
        <run start="520" length="5" level="52"/>
        <run start="520" length="5" level="52"/>
        <run start="520" length="5" level="52"/>
        <run start="520" length="5" level="52"/>
        <run start="520" length="5" level="52"/>
        <run start="520" length="5" level="52"/>
        <run start="520" length="5" level="52"/>
        <run start="520" length="5" level="52"/>
        <run start="520" length="5" level="52"/>
        <run start="520" length="5" level="52"/>
        <run start="520" length="5" level="52"/>
        <run start="520" length="5" level="52"/>
        <run start="520" length="5" level="52"/>
        <run start="520" length="5" level="52"/>
        <run start="520" length="5" level="52"/>
        <run start="520" length="5" level="52"/>
        <run start="520" length="5" level="52"/>
        <run start="520" length="4" level="61"/>
        <run start="520" length="4" level="65"/>
        <run start="520" length="4" level="65"/>
        <run start="520" length="4" level="65"/>
        <run start="520" length="4" level="65"/>
        <run start="520" length="5" level="59"/>
        <run start="520" length="5" level="52"/>
        <run start="520" length="4" level="60"/>
        <run start="520" length="4" level="65"/>
        <run start="520" length="4" level="65"/>
        <run start="519" length="5" level="58"/>
        <run start="519" length="5" level="52"/>
        <run start="519" length="5" level="52"/>
        <run start="519" length="5" level="52"/>
        <run start="519" length="5" level="52"/>
        <run start="519" length="5" level="52"/>
        <run start="519" length="5" level="52"/>
        <run start="519" length="5" level="52"/>
        <run start="519" length="5" level="52"/>
        <run start="519" length="5" level="52"/>
        <run start="519" length="5" level="52"/>
        <run start="519" length="5" level="52"/>
        <run start="519" length="5" level="52"/>
        <run start="519" length="5" level="52"/>
        <run start="519" length="5" level="52"/>
        <run start="519" length="5" level="52"/>
        <run start="519" length="5" level="52"/>
        <run start="519" length="5" level="52"/>
        <run start="519" length="5" level="52"/>
        <run start="519" length="5" level="52"/>
        <run start="519" length="5" level="52"/>
        <run start="519" length="5" level="52"/>
        <run start="519" length="5" level="52"/>
        <run start="519" length="5" level="52"/>
        <run start="519" length="5" level="52"/>
        <run start="519" length="5" level="52"/>
        <run start="519" length="5" level="52"/>
        <run start="519" length="5" level="52"/>
        <run start="519" length="5" level="52"/>
        <run start="518" length="6" level="47"/>
        <run start="518" length="6" level="43"/>
        <run start="518" length="6" level="43"/>
        <run start="518" length="6" level="43"/>
        <run start="518" length="6" level="43"/>
        <run start="518" length="6" level="43"/>
        <run start="518" length="6" level="43"/>
        <run start="518" length="6" level="43"/>
        <run start="518" length="6" level="43"/>
        <run start="518" length="5" level="46"/>
        <run start="519" length="4" level="64"/>
        <run start="520" length="2" level="226"/>
    </section>
    <section id="2592" first-pos="1843">
        <run start="532" length="4" level="53"/>
        <run start="532" length="5" level="65"/>
        <run start="532" length="5" level="52"/>
        <run start="532" length="5" level="52"/>
        <run start="532" length="5" level="52"/>
        <run start="532" length="5" level="52"/>
        <run start="532" length="5" level="52"/>
        <run start="532" length="5" level="52"/>
        <run start="532" length="5" level="52"/>
        <run start="532" length="5" level="52"/>
        <run start="532" length="5" level="52"/>
        <run start="532" length="5" level="52"/>
        <run start="532" length="5" level="52"/>
        <run start="532" length="5" level="91"/>
        <run start="533" length="4" level="65"/>
        <run start="533" length="4" level="65"/>
        <run start="533" length="3" level="10"/>
        <run start="533" length="3" level="9"/>
        <run start="533" length="3" level="8"/>
        <run start="533" length="4" level="21"/>
        <run start="533" length="4" level="5"/>
        <run start="533" length="4" level="5"/>
        <run start="533" length="4" level="4"/>
        <run start="533" length="4" level="4"/>
        <run start="533" length="4" level="3"/>
        <run start="533" length="4" level="2"/>
        <run start="533" length="4" level="50"/>
        <run start="534" length="3" level="1"/>
        <run start="533" length="4" level="16"/>
        <run start="533" length="4" level="2"/>
        <run start="533" length="4" level="50"/>
        <run start="534" length="3" level="4"/>
        <run start="534" length="3" level="5"/>
        <run start="534" length="3" level="6"/>
        <run start="534" length="3" level="7"/>
        <run start="534" length="3" level="7"/>
        <run start="534" length="3" level="8"/>
        <run start="534" length="3" level="9"/>
        <run start="534" length="4" level="25"/>
        <run start="533" length="5" level="52"/>
        <run start="533" length="5" level="52"/>
        <run start="533" length="5" level="52"/>
        <run start="533" length="5" level="52"/>
        <run start="534" length="4" level="52"/>
        <run start="534" length="4" level="65"/>
        <run start="534" length="4" level="65"/>
        <run start="534" length="4" level="65"/>
        <run start="534" length="4" level="65"/>
        <run start="534" length="4" level="65"/>
        <run start="534" length="4" level="65"/>
        <run start="534" length="4" level="65"/>
        <run start="534" length="4" level="65"/>
        <run start="534" length="4" level="65"/>
        <run start="534" length="4" level="65"/>
        <run start="534" length="4" level="65"/>
        <run start="534" length="4" level="65"/>
        <run start="534" length="5" level="66"/>
        <run start="534" length="5" level="52"/>
        <run start="534" length="5" level="52"/>
        <run start="534" length="5" level="52"/>
        <run start="534" length="5" level="52"/>
        <run start="535" length="4" level="54"/>
        <run start="535" length="4" level="65"/>
        <run start="535" length="4" level="65"/>
        <run start="535" length="4" level="64"/>
        <run start="535" length="4" level="65"/>
        <run start="535" length="4" level="65"/>
        <run start="535" length="4" level="65"/>
        <run start="535" length="4" level="65"/>
        <run start="535" length="4" level="65"/>
        <run start="535" length="4" level="65"/>
        <run start="535" length="4" level="65"/>
        <run start="535" length="4" level="65"/>
        <run start="535" length="4" level="65"/>
        <run start="535" length="5" level="67"/>
        <run start="535" length="5" level="52"/>
        <run start="535" length="5" level="52"/>
        <run start="535" length="5" level="52"/>
        <run start="535" length="5" level="52"/>
        <run start="535" length="5" level="52"/>
        <run start="535" length="5" level="90"/>
        <run start="536" length="4" level="65"/>
        <run start="536" length="4" level="65"/>
        <run start="536" length="4" level="65"/>
        <run start="536" length="4" level="65"/>
        <run start="536" length="4" level="65"/>
        <run start="536" length="4" level="65"/>
        <run start="536" length="4" level="65"/>
        <run start="536" length="4" level="65"/>
        <run start="536" length="4" level="65"/>
        <run start="536" length="4" level="65"/>
        <run start="536" length="4" level="65"/>
        <run start="536" length="4" level="64"/>
        <run start="536" length="4" level="65"/>
        <run start="536" length="5" level="67"/>
        <run start="536" length="5" level="52"/>
        <run start="536" length="5" level="52"/>
        <run start="536" length="5" level="52"/>
        <run start="536" length="5" level="52"/>
        <run start="536" length="5" level="52"/>
        <run start="536" length="5" level="89"/>
        <run start="537" length="4" level="65"/>
        <run start="537" length="4" level="65"/>
        <run start="537" length="4" level="65"/>
        <run start="537" length="4" level="65"/>
        <run start="537" length="4" level="65"/>
        <run start="537" length="4" level="65"/>
        <run start="537" length="4" level="65"/>
        <run start="537" length="4" level="65"/>
        <run start="537" length="4" level="65"/>
        <run start="537" length="4" level="65"/>
        <run start="537" length="4" level="65"/>
        <run start="537" length="5" level="68"/>
        <run start="537" length="5" level="52"/>
        <run start="537" length="5" level="52"/>
        <run start="537" length="5" level="52"/>
        <run start="537" length="5" level="52"/>
        <run start="537" length="5" level="52"/>
        <run start="537" length="5" level="52"/>
        <run start="537" length="5" level="52"/>
        <run start="537" length="4" level="8"/>
        <run start="537" length="4" level="7"/>
        <run start="537" length="4" level="7"/>
        <run start="537" length="4" level="52"/>
        <run start="537" length="4" level="23"/>
        <run start="537" length="4" level="50"/>
        <run start="538" length="3" level="5"/>
        <run start="538" length="3" level="4"/>
        <run start="538" length="3" level="3"/>
        <run start="538" length="3" level="2"/>
        <run start="538" length="3" level="2"/>
        <run start="538" length="3" level="1"/>
        <run start="538" length="3" level="2"/>
        <run start="538" length="3" level="3"/>
        <run start="538" length="3" level="3"/>
        <run start="538" length="4" level="23"/>
        <run start="538" length="4" level="4"/>
        <run start="538" length="4" level="5"/>
        <run start="538" length="4" level="5"/>
        <run start="538" length="4" level="48"/>
        <run start="538" length="4" level="23"/>
        <run start="538" length="4" level="48"/>
        <run start="538" length="4" level="24"/>
        <run start="537" length="5" level="52"/>
        <run start="537" length="5" level="52"/>
        <run start="538" length="4" level="49"/>
        <run start="538" length="4" level="65"/>
        <run start="538" length="4" level="65"/>
        <run start="538" length="4" level="65"/>
        <run start="538" length="4" level="65"/>
        <run start="538" length="4" level="65"/>
        <run start="538" length="5" level="68"/>
        <run start="538" length="5" level="52"/>
        <run start="538" length="5" level="52"/>
        <run start="538" length="5" level="52"/>
        <run start="538" length="5" level="52"/>
        <run start="538" length="5" level="52"/>
        <run start="538" length="5" level="52"/>
        <run start="538" length="5" level="52"/>
        <run start="538" length="5" level="52"/>
        <run start="538" length="5" level="52"/>
        <run start="538" length="5" level="52"/>
        <run start="538" length="5" level="52"/>
        <run start="538" length="5" level="52"/>
        <run start="538" length="5" level="52"/>
        <run start="539" length="4" level="52"/>
        <run start="539" length="4" level="65"/>
        <run start="539" length="4" level="65"/>
        <run start="539" length="4" level="65"/>
        <run start="539" length="4" level="65"/>
        <run start="539" length="4" level="65"/>
        <run start="539" length="4" level="65"/>
        <run start="539" length="4" level="65"/>
        <run start="539" length="4" level="65"/>
        <run start="539" length="4" level="65"/>
        <run start="539" length="4" level="65"/>
        <run start="539" length="4" level="65"/>
        <run start="539" length="5" level="69"/>
        <run start="539" length="5" level="52"/>
        <run start="539" length="5" level="52"/>
        <run start="539" length="5" level="52"/>
        <run start="539" length="5" level="52"/>
        <run start="539" length="5" level="52"/>
        <run start="539" length="5" level="52"/>
        <run start="539" length="5" level="52"/>
        <run start="539" length="5" level="87"/>
        <run start="540" length="4" level="65"/>
        <run start="540" length="4" level="65"/>
        <run start="540" length="4" level="65"/>
        <run start="540" length="4" level="65"/>
        <run start="540" length="4" level="65"/>
        <run start="540" length="4" level="64"/>
        <run start="540" length="4" level="65"/>
        <run start="540" length="4" level="65"/>
        <run start="540" length="4" level="65"/>
        <run start="540" length="5" level="69"/>
        <run start="540" length="5" level="52"/>
        <run start="540" length="5" level="52"/>
        <run start="540" length="5" level="52"/>
        <run start="540" length="5" level="52"/>
        <run start="540" length="5" level="52"/>
        <run start="540" length="5" level="52"/>
        <run start="540" length="5" level="52"/>
        <run start="540" length="5" level="87"/>
        <run start="541" length="4" level="64"/>
        <run start="541" length="4" level="65"/>
        <run start="540" length="5" level="67"/>
        <run start="540" length="5" level="87"/>
        <run start="541" length="4" level="65"/>
        <run start="541" length="4" level="65"/>
        <run start="541" length="5" level="69"/>
        <run start="541" length="5" level="52"/>
        <run start="541" length="5" level="52"/>
        <run start="541" length="5" level="52"/>
        <run start="541" length="5" level="52"/>
        <run start="541" length="5" level="52"/>
        <run start="541" length="5" level="52"/>
        <run start="541" length="5" level="52"/>
        <run start="541" length="5" level="87"/>
        <run start="542" length="3" level="174"/>
    </section>
</members></stick>
