<?xml version="1.0" encoding="UTF-8"?>
<stick id="1251" interline="21" shape="DOT">
    <is-within-system>true</is-within-system>
    <has-ledger>false</has-ledger>
    <stem-number>0</stem-number>
    <step-line>-1.302325581395349</step-line>
    <moments>
        <k>0.23582766439909297</k>
        <k>0.5238095238095238</k>
        <k>0.6666666666666666</k>
        <k>0.07302571688666376</k>
        <k>-0.004701012744651796</k>
        <k>0.0976189121529357</k>
        <k>-7.900311838509631E-4</k>
        <k>0.0036381560981685592</k>
        <k>9.471576412119557E-4</k>
        <k>-0.01117083816126172</k>
        <k>0.17064462903959945</k>
        <k>6.932233367064947E-4</k>
        <k>5.009485833278547E-4</k>
        <k>5.676598778724825E-5</k>
        <k>9.524367650022728E-9</k>
        <k>1.4170988401693695E-6</k>
        <k>9.59507316581484E-10</k>
        <k>2109.0384615384614</k>
        <k>1819.9615384615386</k>
    </moments><members>
    <section id="2908" first-pos="2104">
        <run start="1819" length="5" level="170"/>
        <run start="1817" length="8" level="64"/>
        <run start="1816" length="10" level="44"/>
        <run start="1816" length="10" level="26"/>
        <run start="1816" length="10" level="19"/>
        <run start="1812" length="14" level="62"/>
        <run start="1812" length="14" level="69"/>
        <run start="1816" length="10" level="26"/>
        <run start="1816" length="10" level="44"/>
        <run start="1817" length="8" level="65"/>
        <run start="1818" length="5" level="124"/>
    </section>
</members></stick>
