<?xml version="1.0" encoding="UTF-8"?>
<stick id="1169" interline="21" shape="DOT">
    <is-within-system>true</is-within-system>
    <has-ledger>false</has-ledger>
    <stem-number>0</stem-number>
    <step-line>0.7058823529411765</step-line>
    <moments>
        <k>0.2199546485260771</k>
        <k>0.5238095238095238</k>
        <k>0.6190476190476191</k>
        <k>0.07018504984808363</k>
        <k>9.269475485743618E-4</k>
        <k>0.0945859031657558</k>
        <k>0.001558161296969527</k>
        <k>0.003436116224609299</k>
        <k>-0.0019340637817157444</k>
        <k>-0.0065292277685341914</k>
        <k>0.16477095301383943</k>
        <k>5.988385696617848E-4</k>
        <k>3.3767877146870197E-4</k>
        <k>9.708641701199813E-6</k>
        <k>5.55215542695909E-10</k>
        <k>2.3431440871342577E-7</k>
        <k>-2.7393978385654767E-11</k>
        <k>1039.639175257732</k>
        <k>1841.020618556701</k>
    </moments><members>
    <section id="1548" first-pos="1035">
        <run start="1840" length="5" level="207"/>
        <run start="1838" length="8" level="77"/>
        <run start="1837" length="10" level="42"/>
        <run start="1835" length="12" level="33"/>
        <run start="1834" length="13" level="32"/>
        <run start="1835" length="12" level="18"/>
        <run start="1836" length="11" level="7"/>
        <run start="1837" length="10" level="12"/>
        <run start="1838" length="8" level="14"/>
        <run start="1839" length="6" level="35"/>
        <run start="1841" length="2" level="53"/>
    </section>
</members></stick>
