<?xml version="1.0" encoding="UTF-8"?>
<stick id="302" interline="21" shape="FORTE">
    <is-within-system>true</is-within-system>
    <has-ledger>false</has-ledger>
    <stem-number>0</stem-number>
    <step-line>8.744186046511627</step-line>
    <moments>
        <k>1.2630385487528344</k>
        <k>1.9047619047619047</k>
        <k>2.1904761904761907</k>
        <k>0.1554868191729219</k>
        <k>-0.19264277983978478</k>
        <k>0.3217456774584812</k>
        <k>4.870681698631073E-4</k>
        <k>-0.0023914403932859033</k>
        <k>0.0014205346112566432</k>
        <k>2.461242624305741E-4</k>
        <k>0.4772324966314031</k>
        <k>0.17608697045601687</k>
        <k>6.931013004008147E-5</k>
        <k>8.241329671843885E-6</k>
        <k>1.7373542860788328E-10</k>
        <k>3.3136729978151446E-6</k>
        <k>9.280164863159508E-11</k>
        <k>2135.13644524237</k>
        <k>753.0556552962298</k>
    </moments><members>
    <section id="2942" first-pos="2116">
        <run start="767" length="5" level="157"/>
        <run start="766" length="8" level="83"/>
        <run start="765" length="10" level="53"/>
        <run start="765" length="10" level="26"/>
        <run start="765" length="11" level="37"/>
        <run start="765" length="11" level="36"/>
        <run start="766" length="10" level="26"/>
        <run start="766" length="10" level="63"/>
        <run start="767" length="9" level="100"/>
        <run start="770" length="6" level="44"/>
        <run start="768" length="8" level="66"/>
        <run start="766" length="10" level="63"/>
        <run start="762" length="13" level="66"/>
        <run start="759" length="15" level="40"/>
        <run start="755" length="19" level="42"/>
        <run start="752" length="21" level="38"/>
        <run start="750" length="21" level="27"/>
    </section>
    <section id="3024" first-pos="2133">
        <run start="744" length="26" level="33"/>
        <run start="744" length="24" level="17"/>
        <run start="743" length="24" level="26"/>
        <run start="741" length="24" level="23"/>
        <run start="739" length="25" level="33"/>
        <run start="738" length="23" level="27"/>
        <run start="737" length="22" level="43"/>
        <run start="735" length="20" level="43"/>
        <run start="734" length="18" level="46"/>
        <run start="733" length="16" level="42"/>
        <run start="732" length="15" level="71"/>
    </section>
    <section id="3002" first-pos="2127">
        <run start="744" length="3" level="134"/>
        <run start="744" length="3" level="86"/>
        <run start="744" length="3" level="86"/>
        <run start="744" length="3" level="86"/>
        <run start="744" length="3" level="86"/>
        <run start="744" length="3" level="86"/>
    </section>
    <section id="3059" first-pos="2144">
        <run start="731" length="9" level="51"/>
        <run start="731" length="7" level="61"/>
        <run start="730" length="6" level="44"/>
        <run start="730" length="5" level="46"/>
        <run start="730" length="8" level="51"/>
        <run start="730" length="9" level="35"/>
        <run start="731" length="9" level="34"/>
        <run start="731" length="9" level="29"/>
        <run start="732" length="8" level="31"/>
        <run start="732" length="8" level="33"/>
        <run start="732" length="7" level="120"/>
        <run start="734" length="3" level="211"/>
    </section>
    <section id="3060" first-pos="2144">
        <run start="744" length="3" level="86"/>
        <run start="744" length="3" level="86"/>
        <run start="744" length="3" level="86"/>
        <run start="744" length="3" level="86"/>
        <run start="744" length="3" level="86"/>
        <run start="744" length="2" level="195"/>
    </section>
</members></stick>
