<?xml version="1.0" encoding="UTF-8"?>
<stick id="487" interline="21" shape="FORTE">
    <is-within-system>true</is-within-system>
    <has-ledger>false</has-ledger>
    <stem-number>0</stem-number>
    <step-line>8.705882352941176</step-line>
    <moments>
        <k>1.2131519274376417</k>
        <k>1.9047619047619047</k>
        <k>2.1904761904761907</k>
        <k>0.1639326880770715</k>
        <k>-0.20528827151373466</k>
        <k>0.3385394308607944</k>
        <k>-0.0023002016526031247</k>
        <k>0.0024576332725445727</k>
        <k>-0.00645638928253418</k>
        <k>0.01278003153617429</k>
        <k>0.5024721189378659</k>
        <k>0.19906061230992853</k>
        <k>3.2058668038768026E-4</k>
        <k>3.0886431362819807E-4</k>
        <k>9.282853699227884E-8</k>
        <k>1.3671929459549637E-4</k>
        <k>-2.8790252120348237E-8</k>
        <k>1064.773831775701</k>
        <k>1926.3831775700935</k>
    </moments><members>
    <section id="1565" first-pos="1045">
        <run start="1942" length="5" level="202"/>
        <run start="1941" length="7" level="58"/>
        <run start="1940" length="8" level="25"/>
        <run start="1940" length="9" level="25"/>
        <run start="1940" length="9" level="2"/>
        <run start="1940" length="10" level="23"/>
        <run start="1940" length="10" level="8"/>
        <run start="1941" length="9" level="27"/>
    </section>
    <section id="1589" first-pos="1053">
        <run start="1943" length="1" level="70"/>
    </section>
    <section id="1590" first-pos="1053">
        <run start="1946" length="4" level="5"/>
        <run start="1944" length="6" level="69"/>
        <run start="1943" length="7" level="36"/>
        <run start="1940" length="9" level="66"/>
        <run start="1937" length="12" level="52"/>
        <run start="1934" length="14" level="43"/>
        <run start="1930" length="17" level="44"/>
        <run start="1927" length="19" level="30"/>
        <run start="1925" length="20" level="20"/>
    </section>
    <section id="1599" first-pos="1062">
        <run start="1918" length="26" level="38"/>
        <run start="1918" length="24" level="14"/>
        <run start="1918" length="23" level="13"/>
        <run start="1916" length="23" level="20"/>
        <run start="1914" length="23" level="23"/>
        <run start="1913" length="21" level="16"/>
        <run start="1910" length="22" level="36"/>
        <run start="1909" length="20" level="34"/>
        <run start="1908" length="18" level="45"/>
        <run start="1907" length="15" level="33"/>
        <run start="1906" length="15" level="58"/>
    </section>
    <section id="1597" first-pos="1056">
        <run start="1919" length="2" level="148"/>
        <run start="1919" length="2" level="14"/>
        <run start="1918" length="3" level="86"/>
        <run start="1918" length="3" level="86"/>
        <run start="1918" length="3" level="86"/>
        <run start="1918" length="3" level="86"/>
    </section>
    <section id="1608" first-pos="1073">
        <run start="1906" length="9" level="58"/>
        <run start="1905" length="8" level="80"/>
        <run start="1905" length="6" level="66"/>
        <run start="1904" length="6" level="84"/>
        <run start="1904" length="8" level="77"/>
        <run start="1904" length="9" level="43"/>
        <run start="1904" length="10" level="39"/>
        <run start="1904" length="10" level="41"/>
        <run start="1905" length="9" level="29"/>
        <run start="1905" length="9" level="60"/>
        <run start="1906" length="7" level="97"/>
        <run start="1908" length="4" level="168"/>
    </section>
    <section id="1609" first-pos="1073">
        <run start="1918" length="3" level="86"/>
        <run start="1918" length="3" level="86"/>
        <run start="1918" length="3" level="86"/>
        <run start="1918" length="3" level="86"/>
        <run start="1918" length="3" level="86"/>
        <run start="1918" length="3" level="162"/>
    </section>
</members></stick>
