<?xml version="1.0" encoding="UTF-8"?>
<stick id="201" interline="21" shape="FORTE">
    <is-within-system>true</is-within-system>
    <has-ledger>false</has-ledger>
    <stem-number>0</stem-number>
    <step-line>12.0</step-line>
    <moments>
        <k>1.0589569160997732</k>
        <k>1.9047619047619047</k>
        <k>2.1904761904761907</k>
        <k>0.18711707417093507</k>
        <k>-0.23918424047122247</k>
        <k>0.3862173707582974</k>
        <k>0.0010987632919441895</k>
        <k>-0.004275329865349044</k>
        <k>0.00544067634870754</k>
        <k>-0.006853703949371581</k>
        <k>0.5733344449292325</k>
        <k>0.2684773316603579</k>
        <k>2.6741601606782847E-4</k>
        <k>1.666196644629223E-4</k>
        <k>3.3027701741799814E-8</k>
        <k>8.577432947247148E-5</k>
        <k>1.2089702061456631E-8</k>
        <k>414.3233404710921</k>
        <k>788.5460385438972</k>
    </moments><members>
    <section id="751" first-pos="395">
        <run start="804" length="2" level="207"/>
        <run start="802" length="6" level="136"/>
        <run start="801" length="8" level="52"/>
        <run start="801" length="9" level="25"/>
        <run start="801" length="10" level="26"/>
        <run start="801" length="10" level="23"/>
        <run start="801" length="11" level="39"/>
        <run start="802" length="10" level="89"/>
    </section>
    <section id="782" first-pos="403">
        <run start="803" length="2" level="158"/>
    </section>
    <section id="783" first-pos="403">
        <run start="807" length="5" level="52"/>
        <run start="806" length="6" level="84"/>
        <run start="805" length="6" level="77"/>
        <run start="803" length="7" level="67"/>
        <run start="799" length="10" level="84"/>
        <run start="797" length="11" level="36"/>
    </section>
    <section id="795" first-pos="409">
        <run start="792" length="16" level="60"/>
        <run start="790" length="17" level="28"/>
        <run start="787" length="18" level="31"/>
        <run start="784" length="20" level="27"/>
    </section>
    <section id="799" first-pos="413">
        <run start="780" length="23" level="19"/>
        <run start="780" length="21" level="5"/>
        <run start="779" length="21" level="18"/>
        <run start="777" length="20" level="22"/>
        <run start="775" length="20" level="22"/>
        <run start="773" length="20" level="31"/>
        <run start="772" length="17" level="19"/>
        <run start="770" length="17" level="46"/>
        <run start="769" length="13" level="10"/>
        <run start="768" length="14" level="53"/>
    </section>
    <section id="790" first-pos="406">
        <run start="780" length="1" level="155"/>
        <run start="780" length="2" level="128"/>
        <run start="780" length="1" level="27"/>
        <run start="780" length="1" level="24"/>
        <run start="780" length="1" level="22"/>
        <run start="780" length="2" level="76"/>
        <run start="780" length="2" level="9"/>
    </section>
    <section id="804" first-pos="423">
        <run start="768" length="7" level="40"/>
        <run start="767" length="6" level="66"/>
        <run start="766" length="5" level="51"/>
        <run start="766" length="4" level="41"/>
        <run start="766" length="3" level="8"/>
    </section>
    <section id="822" first-pos="428">
        <run start="766" length="8" level="48"/>
        <run start="766" length="8" level="4"/>
        <run start="766" length="9" level="33"/>
        <run start="766" length="9" level="44"/>
        <run start="767" length="7" level="24"/>
        <run start="768" length="6" level="73"/>
        <run start="770" length="3" level="144"/>
    </section>
    <section id="819" first-pos="427">
        <run start="771" length="2" level="125"/>
    </section>
    <section id="805" first-pos="423">
        <run start="780" length="2" level="62"/>
        <run start="780" length="1" level="14"/>
        <run start="780" length="2" level="79"/>
        <run start="780" length="2" level="10"/>
        <run start="780" length="2" level="68"/>
        <run start="780" length="1" level="128"/>
    </section>
</members></stick>
