<?xml version="1.0" encoding="UTF-8"?>
<stick id="361" interline="22" shape="FORTE">
    <is-within-system>true</is-within-system>
    <has-ledger>false</has-ledger>
    <stem-number>0</stem-number>
    <step-line>12.651162790697674</step-line>
    <moments>
        <k>1.0433884297520661</k>
        <k>1.8636363636363635</k>
        <k>2.090909090909091</k>
        <k>0.17268017792858562</k>
        <k>-0.21816669109318532</k>
        <k>0.35446927451298277</k>
        <k>-0.0023638779002376777</k>
        <k>7.23547800879024E-4</k>
        <k>-0.0013897695591177702</k>
        <k>0.0032197242528449604</k>
        <k>0.5271494524415684</k>
        <k>0.22343409604716866</k>
        <k>4.360150921229264E-6</k>
        <k>2.9639263738806184E-5</k>
        <k>1.1010961126463995E-10</k>
        <k>1.3182236515764012E-5</k>
        <k>-3.184400641798971E-10</k>
        <k>529.049504950495</k>
        <k>1381.558415841584</k>
    </moments><members>
    <section id="957" first-pos="509">
        <run start="1398" length="2" level="142"/>
        <run start="1396" length="6" level="91"/>
        <run start="1395" length="8" level="36"/>
        <run start="1395" length="9" level="29"/>
        <run start="1395" length="9" level="18"/>
        <run start="1395" length="9" level="4"/>
        <run start="1395" length="9" level="4"/>
        <run start="1395" length="10" level="54"/>
    </section>
    <section id="981" first-pos="517">
        <run start="1396" length="3" level="133"/>
    </section>
    <section id="982" first-pos="517">
        <run start="1401" length="4" level="6"/>
        <run start="1400" length="5" level="52"/>
        <run start="1398" length="6" level="47"/>
        <run start="1396" length="8" level="47"/>
        <run start="1394" length="9" level="29"/>
        <run start="1390" length="13" level="45"/>
        <run start="1387" length="15" level="30"/>
        <run start="1383" length="18" level="29"/>
        <run start="1381" length="19" level="17"/>
        <run start="1378" length="21" level="19"/>
    </section>
    <section id="991" first-pos="527">
        <run start="1373" length="25" level="18"/>
        <run start="1373" length="23" level="13"/>
        <run start="1372" length="22" level="17"/>
        <run start="1370" length="22" level="20"/>
        <run start="1369" length="21" level="18"/>
        <run start="1367" length="21" level="21"/>
        <run start="1365" length="21" level="37"/>
        <run start="1364" length="18" level="33"/>
        <run start="1363" length="16" level="38"/>
        <run start="1362" length="14" level="46"/>
    </section>
    <section id="985" first-pos="520">
        <run start="1374" length="1" level="79"/>
        <run start="1374" length="1" level="10"/>
        <run start="1374" length="1" level="8"/>
        <run start="1373" length="2" level="37"/>
        <run start="1373" length="2" level="2"/>
        <run start="1373" length="2" level="1"/>
        <run start="1373" length="3" level="26"/>
    </section>
    <section id="1012" first-pos="537">
        <run start="1361" length="10" level="86"/>
        <run start="1361" length="7" level="68"/>
        <run start="1360" length="6" level="78"/>
        <run start="1359" length="6" level="84"/>
        <run start="1359" length="7" level="50"/>
        <run start="1359" length="9" level="40"/>
        <run start="1359" length="9" level="29"/>
        <run start="1359" length="9" level="29"/>
        <run start="1360" length="8" level="29"/>
        <run start="1360" length="8" level="33"/>
        <run start="1361" length="7" level="33"/>
        <run start="1362" length="6" level="176"/>
    </section>
    <section id="1034" first-pos="549">
        <run start="1365" length="1" level="219"/>
    </section>
    <section id="1013" first-pos="537">
        <run start="1373" length="2" level="99"/>
        <run start="1373" length="2" level="46"/>
        <run start="1372" length="3" level="86"/>
        <run start="1373" length="2" level="100"/>
        <run start="1373" length="2" level="128"/>
        <run start="1373" length="2" level="128"/>
        <run start="1374" length="1" level="198"/>
    </section>
</members></stick>
