<?xml version="1.0" encoding="UTF-8"?>
<stick id="340" interline="22" shape="G_CLEF">
    <is-within-system>true</is-within-system>
    <has-ledger>false</has-ledger>
    <stem-number>0</stem-number>
    <step-line>0.41379310344827586</step-line>
    <moments>
        <k>6.613636363636363</k>
        <k>2.8636363636363638</k>
        <k>7.409090909090909</k>
        <k>0.060024375576424614</k>
        <k>0.024618508272203982</k>
        <k>0.5420130577087345</k>
        <k>2.3133499602882848E-4</k>
        <k>0.010153649202577556</k>
        <k>0.017502492429109177</k>
        <k>-0.019147067054885614</k>
        <k>0.6020374332851591</k>
        <k>0.23473737350183524</k>
        <k>0.0051937501716266595</k>
        <k>3.953701998107901E-4</k>
        <k>-4.514415751734684E-7</k>
        <k>-1.2830136306845807E-4</k>
        <k>-3.4233244289781515E-7</k>
        <k>177.74133083411434</k>
        <k>1005.1390190565448</k>
    </moments><members>
    <section id="158" first-pos="148">
        <run start="1006" length="10" level="199"/>
    </section>
    <section id="159" first-pos="149">
        <run start="1003" length="20" level="108"/>
    </section>
    <section id="163" first-pos="150">
        <run start="998" length="27" level="75"/>
        <run start="995" length="31" level="85"/>
        <run start="993" length="34" level="76"/>
        <run start="991" length="38" level="68"/>
        <run start="990" length="41" level="59"/>
        <run start="988" length="44" level="63"/>
    </section>
    <section id="174" first-pos="156">
        <run start="987" length="29" level="57"/>
        <run start="985" length="27" level="62"/>
        <run start="984" length="26" level="62"/>
        <run start="983" length="24" level="68"/>
        <run start="982" length="22" level="62"/>
        <run start="981" length="20" level="41"/>
        <run start="980" length="21" level="48"/>
        <run start="979" length="20" level="43"/>
        <run start="977" length="21" level="64"/>
        <run start="976" length="20" level="71"/>
        <run start="975" length="20" level="74"/>
        <run start="974" length="20" level="74"/>
        <run start="973" length="20" level="74"/>
        <run start="971" length="21" level="75"/>
    </section>
    <section id="212" first-pos="170">
        <run start="929" length="62" level="46"/>
        <run start="928" length="62" level="51"/>
    </section>
    <section id="206" first-pos="169">
        <run start="932" length="35" level="48"/>
    </section>
    <section id="198" first-pos="168">
        <run start="935" length="27" level="52"/>
    </section>
    <section id="193" first-pos="167">
        <run start="939" length="20" level="74"/>
    </section>
    <section id="222" first-pos="172">
        <run start="926" length="25" level="53"/>
    </section>
    <section id="227" first-pos="173">
        <run start="924" length="19" level="13"/>
        <run start="923" length="18" level="14"/>
        <run start="922" length="17" level="15"/>
        <run start="921" length="16" level="16"/>
        <run start="920" length="16" level="17"/>
        <run start="920" length="15" level="18"/>
        <run start="920" length="15" level="20"/>
        <run start="921" length="14" level="21"/>
        <run start="922" length="12" level="24"/>
        <run start="923" length="11" level="26"/>
        <run start="924" length="11" level="28"/>
        <run start="926" length="10" level="29"/>
        <run start="928" length="9" level="31"/>
        <run start="929" length="11" level="28"/>
    </section>
    <section id="280" first-pos="187">
        <run start="932" length="37" level="36"/>
        <run start="934" length="33" level="41"/>
    </section>
    <section id="261" first-pos="180">
        <run start="955" length="25" level="61"/>
        <run start="955" length="25" level="60"/>
        <run start="955" length="24" level="54"/>
        <run start="954" length="23" level="59"/>
        <run start="952" length="22" level="50"/>
        <run start="950" length="23" level="54"/>
        <run start="945" length="26" level="52"/>
    </section>
    <section id="246" first-pos="178">
        <run start="958" length="1" level="200"/>
        <run start="957" length="2" level="200"/>
    </section>
    <section id="256" first-pos="179">
        <run start="960" length="53" level="64"/>
    </section>
    <section id="247" first-pos="178">
        <run start="962" length="36" level="54"/>
    </section>
    <section id="223" first-pos="172">
        <run start="959" length="30" level="67"/>
        <run start="963" length="26" level="67"/>
        <run start="965" length="23" level="55"/>
        <run start="965" length="24" level="59"/>
        <run start="964" length="27" level="60"/>
        <run start="963" length="31" level="58"/>
    </section>
    <section id="229" first-pos="173">
        <run start="1000" length="21" level="35"/>
        <run start="1000" length="19" level="46"/>
        <run start="1000" length="17" level="52"/>
        <run start="1000" length="15" level="52"/>
        <run start="1000" length="15" level="56"/>
        <run start="1000" length="14" level="60"/>
    </section>
    <section id="199" first-pos="168">
        <run start="1010" length="15" level="100"/>
        <run start="1008" length="18" level="79"/>
        <run start="1007" length="21" level="59"/>
        <run start="1005" length="24" level="59"/>
        <run start="1002" length="28" level="57"/>
    </section>
    <section id="194" first-pos="167">
        <run start="1013" length="10" level="196"/>
    </section>
    <section id="230" first-pos="173">
        <run start="1022" length="9" level="87"/>
        <run start="1024" length="8" level="85"/>
        <run start="1028" length="4" level="67"/>
        <run start="1029" length="4" level="67"/>
        <run start="1030" length="4" level="68"/>
        <run start="1031" length="3" level="84"/>
        <run start="1031" length="4" level="67"/>
        <run start="1032" length="3" level="91"/>
    </section>
    <section id="262" first-pos="180">
        <run start="988" length="25" level="77"/>
        <run start="992" length="21" level="85"/>
        <run start="995" length="18" level="87"/>
        <run start="996" length="19" level="100"/>
        <run start="997" length="21" level="85"/>
        <run start="999" length="22" level="64"/>
        <run start="1000" length="24" level="51"/>
        <run start="1000" length="27" level="71"/>
    </section>
    <section id="283" first-pos="188">
        <run start="1000" length="12" level="72"/>
        <run start="1000" length="11" level="73"/>
        <run start="1000" length="11" level="73"/>
        <run start="1000" length="11" level="69"/>
        <run start="1000" length="12" level="68"/>
        <run start="1000" length="12" level="68"/>
        <run start="1000" length="12" level="68"/>
        <run start="1000" length="12" level="64"/>
        <run start="1000" length="13" level="60"/>
        <run start="1000" length="14" level="59"/>
        <run start="1000" length="15" level="66"/>
        <run start="1000" length="16" level="49"/>
        <run start="1000" length="18" level="56"/>
        <run start="1000" length="21" level="59"/>
        <run start="1003" length="20" level="34"/>
    </section>
    <section id="346" first-pos="203">
        <run start="1006" length="29" level="32"/>
        <run start="1007" length="27" level="34"/>
        <run start="1008" length="24" level="38"/>
        <run start="1009" length="22" level="49"/>
    </section>
    <section id="342" first-pos="202">
        <run start="1024" length="2" level="203"/>
    </section>
    <section id="318" first-pos="195">
        <run start="1037" length="6" level="41"/>
        <run start="1037" length="5" level="9"/>
        <run start="1036" length="5" level="50"/>
        <run start="1035" length="6" level="43"/>
        <run start="1034" length="6" level="42"/>
        <run start="1033" length="6" level="42"/>
        <run start="1031" length="7" level="37"/>
        <run start="1027" length="9" level="4"/>
    </section>
    <section id="306" first-pos="191">
        <run start="1029" length="18" level="62"/>
        <run start="1033" length="14" level="77"/>
        <run start="1036" length="14" level="82"/>
        <run start="1037" length="16" level="73"/>
    </section>
    <section id="296" first-pos="190">
        <run start="1022" length="23" level="68"/>
    </section>
    <section id="284" first-pos="188">
        <run start="1017" length="13" level="93"/>
        <run start="1022" length="13" level="64"/>
    </section>
    <section id="175" first-pos="156">
        <run start="1022" length="12" level="62"/>
        <run start="1025" length="10" level="44"/>
        <run start="1028" length="8" level="37"/>
        <run start="1030" length="7" level="41"/>
        <run start="1032" length="6" level="45"/>
        <run start="1033" length="6" level="45"/>
        <run start="1034" length="5" level="53"/>
        <run start="1035" length="5" level="53"/>
        <run start="1035" length="6" level="45"/>
        <run start="1036" length="6" level="23"/>
        <run start="1037" length="5" level="23"/>
        <run start="1038" length="5" level="63"/>
        <run start="1038" length="5" level="62"/>
        <run start="1039" length="5" level="101"/>
        <run start="1039" length="5" level="101"/>
        <run start="1040" length="4" level="125"/>
        <run start="1040" length="5" level="140"/>
        <run start="1040" length="5" level="140"/>
        <run start="1041" length="4" level="173"/>
        <run start="1041" length="4" level="173"/>
        <run start="1041" length="4" level="173"/>
        <run start="1041" length="4" level="172"/>
        <run start="1041" length="4" level="171"/>
        <run start="1042" length="3" level="200"/>
        <run start="1042" length="3" level="200"/>
        <run start="1043" length="2" level="200"/>
        <run start="1043" length="2" level="200"/>
        <run start="1043" length="2" level="200"/>
        <run start="1042" length="3" level="200"/>
        <run start="1041" length="4" level="169"/>
        <run start="1041" length="4" level="166"/>
        <run start="1041" length="4" level="166"/>
        <run start="1040" length="5" level="134"/>
        <run start="1040" length="5" level="132"/>
    </section>
    <section id="319" first-pos="195">
        <run start="1044" length="14" level="61"/>
        <run start="1045" length="18" level="40"/>
    </section>
    <section id="325" first-pos="197">
        <run start="1048" length="28" level="33"/>
        <run start="1050" length="25" level="49"/>
    </section>
    <section id="249" first-pos="178">
        <run start="1078" length="5" level="52"/>
        <run start="1078" length="5" level="52"/>
        <run start="1078" length="5" level="82"/>
        <run start="1079" length="4" level="65"/>
        <run start="1079" length="4" level="64"/>
        <run start="1079" length="4" level="65"/>
        <run start="1079" length="4" level="65"/>
        <run start="1079" length="4" level="65"/>
        <run start="1079" length="4" level="65"/>
        <run start="1078" length="5" level="73"/>
        <run start="1078" length="4" level="44"/>
        <run start="1077" length="5" level="72"/>
        <run start="1077" length="4" level="44"/>
        <run start="1076" length="5" level="71"/>
        <run start="1075" length="5" level="54"/>
        <run start="1074" length="5" level="54"/>
        <run start="1072" length="7" level="63"/>
        <run start="1070" length="8" level="44"/>
        <run start="1066" length="11" level="45"/>
    </section>
    <section id="195" first-pos="167">
        <run start="1063" length="12" level="62"/>
        <run start="1062" length="15" level="35"/>
        <run start="1060" length="18" level="27"/>
        <run start="1059" length="20" level="22"/>
        <run start="1059" length="21" level="18"/>
        <run start="1058" length="22" level="15"/>
        <run start="1058" length="23" level="17"/>
        <run start="1058" length="23" level="12"/>
        <run start="1058" length="24" level="16"/>
        <run start="1058" length="24" level="12"/>
        <run start="1058" length="25" level="28"/>
    </section>
    <section id="188" first-pos="166">
        <run start="1066" length="6" level="110"/>
    </section>
    <section id="248" first-pos="178">
        <run start="1058" length="19" level="23"/>
        <run start="1058" length="18" level="26"/>
        <run start="1059" length="17" level="25"/>
        <run start="1059" length="16" level="29"/>
        <run start="1060" length="14" level="29"/>
        <run start="1061" length="12" level="33"/>
        <run start="1062" length="10" level="75"/>
        <run start="1064" length="6" level="183"/>
    </section>
    <section id="330" first-pos="199">
        <run start="1054" length="19" level="73"/>
    </section>
    <section id="333" first-pos="200">
        <run start="1059" length="12" level="140"/>
    </section>
    <section id="338" first-pos="201">
        <run start="1064" length="3" level="186"/>
    </section>
    <section id="353" first-pos="207">
        <run start="1012" length="16" level="65"/>
    </section>
    <section id="355" first-pos="208">
        <run start="1015" length="11" level="101"/>
    </section>
    <section id="356" first-pos="209">
        <run start="1022" length="2" level="200"/>
        <run start="1022" length="1" level="200"/>
    </section>
    <section id="292" first-pos="189">
        <run start="937" length="27" level="44"/>
    </section>
    <section id="295" first-pos="190">
        <run start="942" length="20" level="62"/>
    </section>
    <section id="304" first-pos="191">
        <run start="944" length="13" level="212"/>
    </section>
    <section id="305" first-pos="191">
        <run start="958" length="1" level="200"/>
    </section>
    <section id="228" first-pos="173">
        <run start="944" length="1" level="227"/>
    </section>
</members></stick>
