<?xml version="1.0" encoding="UTF-8"?>
<stick id="418" interline="22" shape="PIANO">
    <is-within-system>true</is-within-system>
    <has-ledger>false</has-ledger>
    <stem-number>0</stem-number>
    <step-line>9.209302325581396</step-line>
    <moments>
        <k>0.9607438016528925</k>
        <k>1.4545454545454546</k>
        <k>1.6363636363636365</k>
        <k>0.1527127481951427</k>
        <k>-0.08539149656185009</k>
        <k>0.19966413918198042</k>
        <k>0.023916429270429945</k>
        <k>0.010433391888452005</k>
        <k>-0.0318462570312772</k>
        <k>0.020484609007040487</k>
        <k>0.35237688737712314</k>
        <k>0.03137126385588873</k>
        <k>0.014386521376206338</k>
        <k>0.0010188049476903783</k>
        <k>2.400380241804078E-6</k>
        <k>1.256727420853627E-4</k>
        <k>3.0743564257357324E-6</k>
        <k>2143.72688172043</k>
        <k>1100.2301075268817</k>
    </moments><members>
    <section id="3010" first-pos="2129">
        <run start="1118" length="2" level="113"/>
        <run start="1115" length="6" level="113"/>
        <run start="1113" length="8" level="57"/>
        <run start="1110" length="11" level="59"/>
        <run start="1107" length="14" level="48"/>
        <run start="1105" length="16" level="41"/>
        <run start="1103" length="18" level="36"/>
        <run start="1100" length="21" level="45"/>
        <run start="1098" length="19" level="37"/>
        <run start="1096" length="19" level="37"/>
        <run start="1093" length="20" level="46"/>
    </section>
    <section id="3031" first-pos="2140">
        <run start="1085" length="25" level="41"/>
        <run start="1085" length="23" level="20"/>
        <run start="1085" length="20" level="17"/>
        <run start="1085" length="19" level="18"/>
        <run start="1086" length="20" level="40"/>
    </section>
    <section id="3027" first-pos="2134">
        <run start="1090" length="2" level="207"/>
        <run start="1088" length="4" level="141"/>
        <run start="1087" length="5" level="121"/>
        <run start="1087" length="3" level="86"/>
        <run start="1086" length="4" level="127"/>
        <run start="1085" length="5" level="111"/>
    </section>
    <section id="3061" first-pos="2145">
        <run start="1086" length="12" level="53"/>
        <run start="1087" length="8" level="69"/>
        <run start="1088" length="5" level="91"/>
        <run start="1087" length="4" level="127"/>
        <run start="1086" length="4" level="127"/>
        <run start="1086" length="3" level="121"/>
        <run start="1086" length="2" level="128"/>
        <run start="1085" length="3" level="134"/>
        <run start="1085" length="3" level="86"/>
        <run start="1085" length="4" level="130"/>
        <run start="1086" length="4" level="102"/>
        <run start="1086" length="6" level="101"/>
    </section>
    <section id="3087" first-pos="2157">
        <run start="1087" length="18" level="47"/>
        <run start="1088" length="15" level="34"/>
        <run start="1089" length="12" level="58"/>
    </section>
    <section id="3062" first-pos="2145">
        <run start="1102" length="5" level="79"/>
        <run start="1104" length="3" level="73"/>
        <run start="1104" length="4" level="81"/>
        <run start="1105" length="3" level="86"/>
        <run start="1104" length="4" level="103"/>
        <run start="1104" length="5" level="52"/>
        <run start="1103" length="6" level="84"/>
        <run start="1103" length="5" level="52"/>
        <run start="1101" length="7" level="98"/>
        <run start="1100" length="7" level="63"/>
        <run start="1097" length="10" level="85"/>
        <run start="1094" length="12" level="70"/>
    </section>
    <section id="3098" first-pos="2160">
        <run start="1091" length="7" level="114"/>
    </section>
</members></stick>
