<?xml version="1.0" encoding="UTF-8"?>
<stick id="1134" interline="21" shape="PIANISSIMO">
    <is-within-system>true</is-within-system>
    <has-ledger>false</has-ledger>
    <stem-number>0</stem-number>
    <step-line>9.86046511627907</step-line>
    <moments>
        <k>2.006802721088435</k>
        <k>2.7142857142857144</k>
        <k>1.7142857142857142</k>
        <k>0.26719679407519953</k>
        <k>-0.05292588426852394</k>
        <k>0.10473466633412844</k>
        <k>0.00942901932027613</k>
        <k>0.004253427318004071</k>
        <k>-0.013325498752848159</k>
        <k>0.008048713567810159</k>
        <k>0.37193146040932795</k>
        <k>0.037598539852576864</k>
        <k>0.002463103846266944</k>
        <k>1.66525222342879E-4</k>
        <k>7.834894464937795E-8</k>
        <k>-1.1972845256712393E-5</k>
        <k>7.235809132663816E-8</k>
        <k>523.45197740113</k>
        <k>1695.4146892655367</k>
    </moments><members>
    <section id="933" first-pos="496">
        <run start="1712" length="3" level="178"/>
        <run start="1710" length="6" level="111"/>
        <run start="1708" length="8" level="65"/>
        <run start="1705" length="11" level="57"/>
        <run start="1703" length="13" level="38"/>
        <run start="1701" length="15" level="33"/>
        <run start="1699" length="17" level="28"/>
        <run start="1697" length="19" level="25"/>
        <run start="1695" length="21" level="50"/>
        <run start="1692" length="19" level="49"/>
        <run start="1690" length="17" level="28"/>
    </section>
    <section id="947" first-pos="507">
        <run start="1681" length="24" level="46"/>
        <run start="1680" length="22" level="21"/>
        <run start="1680" length="20" level="27"/>
        <run start="1681" length="18" level="8"/>
        <run start="1681" length="19" level="16"/>
    </section>
    <section id="935" first-pos="502">
        <run start="1684" length="4" level="117"/>
        <run start="1683" length="4" level="67"/>
        <run start="1682" length="4" level="113"/>
        <run start="1681" length="4" level="79"/>
        <run start="1681" length="4" level="65"/>
    </section>
    <section id="963" first-pos="512">
        <run start="1681" length="13" level="69"/>
    </section>
    <section id="970" first-pos="513">
        <run start="1682" length="8" level="71"/>
        <run start="1683" length="5" level="75"/>
        <run start="1682" length="4" level="65"/>
        <run start="1682" length="3" level="66"/>
        <run start="1681" length="3" level="86"/>
        <run start="1681" length="2" level="100"/>
        <run start="1681" length="1" level="19"/>
        <run start="1681" length="2" level="37"/>
        <run start="1681" length="2" level="8"/>
        <run start="1681" length="3" level="24"/>
        <run start="1681" length="5" level="68"/>
    </section>
    <section id="989" first-pos="524">
        <run start="1682" length="18" level="31"/>
        <run start="1682" length="17" level="31"/>
        <run start="1683" length="14" level="38"/>
        <run start="1684" length="11" level="110"/>
    </section>
    <section id="964" first-pos="512">
        <run start="1695" length="6" level="101"/>
        <run start="1698" length="4" level="71"/>
        <run start="1699" length="4" level="65"/>
        <run start="1699" length="4" level="70"/>
        <run start="1700" length="3" level="53"/>
        <run start="1699" length="4" level="58"/>
        <run start="1699" length="4" level="39"/>
        <run start="1698" length="4" level="31"/>
        <run start="1697" length="5" level="24"/>
        <run start="1695" length="7" level="50"/>
        <run start="1693" length="8" level="43"/>
        <run start="1691" length="9" level="21"/>
    </section>
    <section id="992" first-pos="528">
        <run start="1683" length="5" level="87"/>
        <run start="1682" length="4" level="64"/>
        <run start="1681" length="4" level="65"/>
        <run start="1681" length="3" level="5"/>
        <run start="1681" length="4" level="21"/>
    </section>
    <section id="1001" first-pos="533">
        <run start="1681" length="21" level="22"/>
        <run start="1681" length="19" level="18"/>
        <run start="1681" length="18" level="8"/>
        <run start="1681" length="19" level="25"/>
    </section>
    <section id="986" first-pos="521">
        <run start="1712" length="3" level="140"/>
        <run start="1710" length="5" level="56"/>
        <run start="1708" length="7" level="38"/>
        <run start="1705" length="10" level="38"/>
        <run start="1703" length="12" level="20"/>
        <run start="1702" length="13" level="9"/>
        <run start="1699" length="16" level="21"/>
        <run start="1697" length="18" level="12"/>
        <run start="1695" length="20" level="41"/>
        <run start="1692" length="18" level="30"/>
        <run start="1690" length="18" level="33"/>
        <run start="1687" length="18" level="38"/>
    </section>
    <section id="1014" first-pos="537">
        <run start="1681" length="13" level="69"/>
    </section>
    <section id="1016" first-pos="538">
        <run start="1682" length="8" level="70"/>
        <run start="1682" length="6" level="73"/>
        <run start="1682" length="5" level="126"/>
        <run start="1682" length="3" level="93"/>
        <run start="1681" length="3" level="149"/>
        <run start="1680" length="3" level="105"/>
        <run start="1680" length="3" level="86"/>
        <run start="1680" length="3" level="86"/>
        <run start="1680" length="4" level="80"/>
        <run start="1680" length="5" level="65"/>
    </section>
    <section id="1033" first-pos="548">
        <run start="1681" length="20" level="50"/>
        <run start="1682" length="18" level="29"/>
        <run start="1683" length="15" level="25"/>
        <run start="1684" length="13" level="54"/>
        <run start="1685" length="9" level="179"/>
    </section>
    <section id="1015" first-pos="537">
        <run start="1696" length="5" level="117"/>
        <run start="1699" length="3" level="91"/>
        <run start="1699" length="3" level="86"/>
        <run start="1699" length="4" level="92"/>
        <run start="1699" length="4" level="65"/>
        <run start="1699" length="4" level="65"/>
        <run start="1699" length="4" level="33"/>
        <run start="1698" length="5" level="55"/>
        <run start="1696" length="6" level="60"/>
        <run start="1695" length="7" level="72"/>
        <run start="1692" length="9" level="59"/>
    </section>
</members></stick>
