<?xml version="1.0" encoding="UTF-8"?>
<stick id="1135" interline="21" shape="PIANISSIMO">
    <is-within-system>true</is-within-system>
    <has-ledger>false</has-ledger>
    <stem-number>0</stem-number>
    <step-line>9.176470588235293</step-line>
    <moments>
        <k>2.036281179138322</k>
        <k>2.761904761904762</k>
        <k>1.7619047619047619</k>
        <k>0.27051302458563037</k>
        <k>-0.04749624302005877</k>
        <k>0.10422764544874016</k>
        <k>0.010747525206481803</k>
        <k>0.0048353712979751886</k>
        <k>-0.012970605375434313</k>
        <k>0.007510796126831919</k>
        <k>0.3747406700343705</k>
        <k>0.036674399718781246</k>
        <k>0.0025149846522686398</k>
        <k>1.573699355189581E-4</k>
        <k>3.80529918147634E-8</k>
        <k>-1.931029996190001E-5</k>
        <k>9.139831793126915E-8</k>
        <k>523.6937639198218</k>
        <k>1930.8285077951002</k>
    </moments><members>
    <section id="934" first-pos="496">
        <run start="1947" length="3" level="212"/>
        <run start="1945" length="6" level="110"/>
        <run start="1943" length="8" level="82"/>
        <run start="1941" length="10" level="65"/>
        <run start="1939" length="12" level="51"/>
        <run start="1936" length="16" level="51"/>
        <run start="1934" length="18" level="37"/>
        <run start="1932" length="19" level="35"/>
        <run start="1929" length="22" level="55"/>
        <run start="1927" length="19" level="40"/>
        <run start="1925" length="18" level="39"/>
        <run start="1921" length="20" level="53"/>
    </section>
    <section id="956" first-pos="508">
        <run start="1915" length="23" level="30"/>
        <run start="1915" length="21" level="27"/>
        <run start="1916" length="19" level="20"/>
        <run start="1916" length="20" level="29"/>
    </section>
    <section id="936" first-pos="502">
        <run start="1919" length="4" level="168"/>
        <run start="1918" length="5" level="125"/>
        <run start="1917" length="4" level="127"/>
        <run start="1916" length="4" level="97"/>
        <run start="1916" length="4" level="65"/>
        <run start="1916" length="4" level="41"/>
    </section>
    <section id="965" first-pos="512">
        <run start="1916" length="12" level="40"/>
        <run start="1917" length="8" level="47"/>
        <run start="1918" length="5" level="51"/>
        <run start="1918" length="3" level="46"/>
        <run start="1917" length="3" level="89"/>
        <run start="1917" length="2" level="70"/>
        <run start="1916" length="2" level="75"/>
        <run start="1916" length="2" level="12"/>
        <run start="1916" length="2" level="10"/>
        <run start="1916" length="3" level="47"/>
        <run start="1916" length="4" level="36"/>
    </section>
    <section id="988" first-pos="523">
        <run start="1916" length="20" level="70"/>
        <run start="1917" length="18" level="18"/>
        <run start="1918" length="15" level="22"/>
        <run start="1919" length="12" level="37"/>
        <run start="1920" length="9" level="74"/>
        <run start="1919" length="5" level="50"/>
        <run start="1918" length="5" level="73"/>
        <run start="1917" length="4" level="64"/>
        <run start="1917" length="3" level="4"/>
        <run start="1916" length="4" level="34"/>
    </section>
    <section id="966" first-pos="512">
        <run start="1932" length="5" level="90"/>
        <run start="1935" length="3" level="64"/>
        <run start="1935" length="4" level="65"/>
        <run start="1935" length="4" level="85"/>
        <run start="1935" length="4" level="108"/>
        <run start="1935" length="3" level="10"/>
        <run start="1934" length="4" level="49"/>
        <run start="1933" length="5" level="39"/>
        <run start="1932" length="6" level="44"/>
        <run start="1930" length="7" level="49"/>
        <run start="1928" length="9" level="46"/>
    </section>
    <section id="1002" first-pos="533">
        <run start="1916" length="24" level="31"/>
        <run start="1916" length="22" level="13"/>
        <run start="1916" length="19" level="2"/>
        <run start="1916" length="20" level="17"/>
        <run start="1917" length="20" level="34"/>
    </section>
    <section id="987" first-pos="521">
        <run start="1949" length="1" level="211"/>
        <run start="1948" length="3" level="139"/>
        <run start="1945" length="6" level="103"/>
        <run start="1943" length="8" level="51"/>
        <run start="1941" length="10" level="39"/>
        <run start="1939" length="12" level="32"/>
        <run start="1937" length="14" level="27"/>
        <run start="1934" length="17" level="31"/>
        <run start="1932" length="19" level="29"/>
        <run start="1929" length="18" level="34"/>
        <run start="1927" length="18" level="29"/>
        <run start="1924" length="18" level="33"/>
    </section>
    <section id="1017" first-pos="538">
        <run start="1917" length="11" level="42"/>
        <run start="1918" length="7" level="52"/>
        <run start="1918" length="5" level="98"/>
        <run start="1918" length="3" level="89"/>
        <run start="1917" length="3" level="90"/>
        <run start="1916" length="3" level="127"/>
        <run start="1916" length="2" level="75"/>
        <run start="1915" length="3" level="86"/>
        <run start="1915" length="4" level="97"/>
        <run start="1916" length="3" level="51"/>
        <run start="1916" length="4" level="98"/>
        <run start="1917" length="7" level="102"/>
    </section>
    <section id="1035" first-pos="550">
        <run start="1918" length="17" level="23"/>
        <run start="1918" length="16" level="35"/>
        <run start="1919" length="13" level="69"/>
    </section>
    <section id="1018" first-pos="538">
        <run start="1933" length="5" level="74"/>
        <run start="1935" length="3" level="34"/>
        <run start="1935" length="4" level="110"/>
        <run start="1935" length="4" level="65"/>
        <run start="1935" length="4" level="65"/>
        <run start="1935" length="4" level="47"/>
        <run start="1934" length="5" level="52"/>
        <run start="1934" length="5" level="53"/>
        <run start="1932" length="6" level="59"/>
        <run start="1930" length="8" level="53"/>
        <run start="1929" length="8" level="33"/>
        <run start="1925" length="11" level="65"/>
    </section>
    <section id="1036" first-pos="553">
        <run start="1922" length="7" level="128"/>
    </section>
</members></stick>
