<?xml version="1.0" encoding="UTF-8"?>
<stick id="535" interline="21" shape="QUARTER_REST">
    <is-within-system>true</is-within-system>
    <has-ledger>false</has-ledger>
    <stem-number>0</stem-number>
    <step-line>-0.46511627906976744</step-line>
    <moments>
        <k>1.0612244897959184</k>
        <k>1.0476190476190477</k>
        <k>2.7142857142857144</k>
        <k>0.05283353406846703</k>
        <k>-0.08495256032512216</k>
        <k>0.4360988734482054</k>
        <k>-7.809417558215158E-4</k>
        <k>0.012538753486214683</k>
        <k>-0.014941951697525057</k>
        <k>-0.03328514436180552</k>
        <k>0.48893240751667244</k>
        <k>0.17576007039304012</k>
        <k>0.006966963596355409</k>
        <k>6.776221129080873E-4</k>
        <k>2.652222816649248E-7</k>
        <k>-4.0628325356627915E-5</k>
        <k>1.4482377040379328E-6</k>
        <k>2039.3760683760684</k>
        <k>1829.2991452991453</k>
    </moments><members>
    <section id="2812" first-pos="2029">
        <run start="1843" length="3" level="224"/>
    </section>
    <section id="2813" first-pos="2030">
        <run start="1841" length="10" level="45"/>
    </section>
    <section id="2814" first-pos="2031">
        <run start="1839" length="15" level="39"/>
    </section>
    <section id="2815" first-pos="2032">
        <run start="1836" length="21" level="54"/>
        <run start="1834" length="23" level="53"/>
        <run start="1834" length="23" level="55"/>
    </section>
    <section id="2824" first-pos="2035">
        <run start="1834" length="14" level="59"/>
        <run start="1834" length="11" level="71"/>
        <run start="1834" length="10" level="78"/>
        <run start="1834" length="9" level="87"/>
        <run start="1834" length="8" level="94"/>
        <run start="1834" length="8" level="99"/>
    </section>
    <section id="2838" first-pos="2041">
        <run start="1812" length="29" level="71"/>
    </section>
    <section id="2828" first-pos="2036">
        <run start="1818" length="10" level="111"/>
        <run start="1817" length="12" level="51"/>
        <run start="1815" length="16" level="60"/>
        <run start="1814" length="17" level="23"/>
        <run start="1812" length="21" level="44"/>
    </section>
    <section id="2823" first-pos="2035">
        <run start="1821" length="5" level="189"/>
    </section>
    <section id="2842" first-pos="2042">
        <run start="1803" length="23" level="83"/>
        <run start="1804" length="21" level="65"/>
        <run start="1805" length="18" level="78"/>
        <run start="1807" length="15" level="85"/>
        <run start="1808" length="13" level="98"/>
        <run start="1809" length="11" level="131"/>
    </section>
    <section id="2833" first-pos="2038">
        <run start="1800" length="3" level="164"/>
        <run start="1800" length="4" level="95"/>
        <run start="1800" length="6" level="108"/>
        <run start="1801" length="6" level="110"/>
    </section>
    <section id="2846" first-pos="2048">
        <run start="1812" length="6" level="168"/>
        <run start="1812" length="2" level="200"/>
    </section>
    <section id="2843" first-pos="2042">
        <run start="1829" length="12" level="116"/>
        <run start="1831" length="10" level="130"/>
        <run start="1832" length="9" level="129"/>
        <run start="1834" length="7" level="109"/>
        <run start="1834" length="7" level="109"/>
        <run start="1835" length="6" level="90"/>
        <run start="1837" length="5" level="48"/>
        <run start="1838" length="4" level="76"/>
        <run start="1839" length="3" level="114"/>
    </section>
    <section id="2825" first-pos="2035">
        <run start="1850" length="7" level="109"/>
        <run start="1853" length="4" level="181"/>
        <run start="1856" length="1" level="200"/>
    </section>
</members></stick>
