<?xml version="1.0" encoding="UTF-8"?>
<stick id="476" interline="21" shape="QUARTER_REST">
    <is-within-system>true</is-within-system>
    <has-ledger>false</has-ledger>
    <stem-number>0</stem-number>
    <step-line>-0.047058823529411764</step-line>
    <moments>
        <k>1.034013605442177</k>
        <k>1.0476190476190477</k>
        <k>2.7142857142857144</k>
        <k>0.05425944150156873</k>
        <k>-0.09344955330385055</k>
        <k>0.4596188060395102</k>
        <k>-0.0012445496384305371</k>
        <k>0.01074868807872421</k>
        <k>-0.009789326778557877</k>
        <k>-0.02407683572725119</k>
        <k>0.5138782475410789</k>
        <k>0.19924749046936055</k>
        <k>0.003963196414472482</k>
        <k>2.993859485263084E-4</k>
        <k>-1.3236366637562154E-8</k>
        <k>-3.2314401298755296E-5</k>
        <k>3.258456260462E-7</k>
        <k>935.2456140350877</k>
        <k>1833.1118421052631</k>
    </moments><members>
    <section id="1355" first-pos="925">
        <run start="1845" length="6" level="221"/>
    </section>
    <section id="1358" first-pos="926">
        <run start="1843" length="14" level="62"/>
        <run start="1842" length="15" level="44"/>
        <run start="1841" length="16" level="41"/>
        <run start="1840" length="19" level="56"/>
        <run start="1839" length="21" level="57"/>
    </section>
    <section id="1393" first-pos="931">
        <run start="1838" length="11" level="27"/>
        <run start="1838" length="9" level="8"/>
        <run start="1837" length="9" level="25"/>
        <run start="1836" length="10" level="24"/>
        <run start="1836" length="9" level="6"/>
    </section>
    <section id="1412" first-pos="936">
        <run start="1817" length="27" level="29"/>
    </section>
    <section id="1392" first-pos="931">
        <run start="1824" length="5" level="169"/>
        <run start="1822" length="9" level="75"/>
        <run start="1821" length="12" level="44"/>
        <run start="1820" length="15" level="39"/>
        <run start="1818" length="17" level="43"/>
    </section>
    <section id="1417" first-pos="937">
        <run start="1811" length="33" level="56"/>
    </section>
    <section id="1409" first-pos="935">
        <run start="1812" length="3" level="176"/>
        <run start="1812" length="3" level="134"/>
    </section>
    <section id="1419" first-pos="938">
        <run start="1807" length="21" level="37"/>
        <run start="1808" length="19" level="39"/>
        <run start="1809" length="16" level="48"/>
        <run start="1811" length="13" level="49"/>
        <run start="1812" length="11" level="46"/>
        <run start="1812" length="10" level="72"/>
        <run start="1812" length="7" level="122"/>
        <run start="1812" length="3" level="174"/>
    </section>
    <section id="1407" first-pos="934">
        <run start="1804" length="1" level="124"/>
        <run start="1804" length="2" level="63"/>
        <run start="1804" length="4" level="98"/>
        <run start="1805" length="5" level="107"/>
    </section>
    <section id="1420" first-pos="938">
        <run start="1834" length="10" level="41"/>
        <run start="1834" length="10" level="45"/>
        <run start="1835" length="9" level="46"/>
        <run start="1836" length="8" level="17"/>
        <run start="1838" length="6" level="11"/>
        <run start="1839" length="5" level="12"/>
        <run start="1840" length="5" level="54"/>
        <run start="1841" length="4" level="38"/>
        <run start="1843" length="1" level="54"/>
    </section>
    <section id="1394" first-pos="931">
        <run start="1854" length="7" level="123"/>
        <run start="1854" length="7" level="124"/>
        <run start="1856" length="5" level="82"/>
        <run start="1856" length="4" level="105"/>
    </section>
</members></stick>
