<?xml version="1.0" encoding="UTF-8"?>
<stick id="347" interline="22" shape="QUARTER_REST">
    <is-within-system>true</is-within-system>
    <has-ledger>false</has-ledger>
    <stem-number>0</stem-number>
    <step-line>-0.37209302325581395</step-line>
    <moments>
        <k>0.9400826446280992</k>
        <k>1.0</k>
        <k>2.6363636363636362</k>
        <k>0.05356496998955626</k>
        <k>-0.09183317298569087</k>
        <k>0.46373105122145075</k>
        <k>-0.0014661646145839</k>
        <k>0.01124027757136201</k>
        <k>-0.009253177376505424</k>
        <k>-0.05046864079457903</k>
        <k>0.517296021211007</k>
        <k>0.20196954083560834</k>
        <k>0.007779208624941519</k>
        <k>0.0016537687738945761</k>
        <k>5.21261356686695E-6</k>
        <k>4.2959595012101556E-4</k>
        <k>2.8308726763764272E-6</k>
        <k>394.5318681318681</k>
        <k>997.156043956044</k>
    </moments><members>
    <section id="720" first-pos="384">
        <run start="1011" length="3" level="206"/>
    </section>
    <section id="723" first-pos="385">
        <run start="1008" length="10" level="143"/>
        <run start="1006" length="14" level="59"/>
        <run start="1005" length="17" level="38"/>
        <run start="1003" length="21" level="41"/>
        <run start="1002" length="22" level="37"/>
        <run start="1001" length="23" level="59"/>
    </section>
    <section id="735" first-pos="391">
        <run start="1001" length="12" level="71"/>
        <run start="1001" length="11" level="83"/>
        <run start="1001" length="9" level="88"/>
        <run start="1001" length="9" level="96"/>
        <run start="1001" length="8" level="100"/>
    </section>
    <section id="754" first-pos="396">
        <run start="980" length="29" level="58"/>
        <run start="980" length="28" level="79"/>
    </section>
    <section id="734" first-pos="391">
        <run start="985" length="9" level="155"/>
        <run start="984" length="10" level="32"/>
        <run start="982" length="13" level="34"/>
        <run start="981" length="15" level="24"/>
        <run start="980" length="19" level="46"/>
    </section>
    <section id="760" first-pos="398">
        <run start="971" length="21" level="84"/>
        <run start="972" length="18" level="74"/>
        <run start="973" length="15" level="74"/>
        <run start="974" length="13" level="96"/>
        <run start="976" length="10" level="122"/>
        <run start="977" length="7" level="174"/>
    </section>
    <section id="749" first-pos="394">
        <run start="966" length="3" level="145"/>
        <run start="966" length="5" level="156"/>
        <run start="968" length="5" level="123"/>
        <run start="969" length="6" level="131"/>
    </section>
    <section id="757" first-pos="397">
        <run start="977" length="2" level="172"/>
    </section>
    <section id="784" first-pos="404">
        <run start="979" length="2" level="200"/>
    </section>
    <section id="761" first-pos="398">
        <run start="997" length="11" level="123"/>
        <run start="998" length="10" level="133"/>
        <run start="1000" length="8" level="126"/>
        <run start="1001" length="7" level="116"/>
        <run start="1002" length="6" level="93"/>
        <run start="1004" length="5" level="61"/>
        <run start="1005" length="4" level="82"/>
        <run start="1006" length="2" level="83"/>
    </section>
    <section id="736" first-pos="391">
        <run start="1019" length="5" level="109"/>
        <run start="1021" length="3" level="156"/>
        <run start="1021" length="3" level="164"/>
        <run start="1022" length="2" level="200"/>
    </section>
</members></stick>
