<?xml version="1.0" encoding="UTF-8"?>
<stick id="1291" interline="21" shape="TIME_THREE_FOUR">
    <is-within-system>true</is-within-system>
    <has-ledger>false</has-ledger>
    <stem-number>0</stem-number>
    <step-line>-0.13793103448275862</step-line>
    <moments>
        <k>2.7188208616780045</k>
        <k>1.5238095238095237</k>
        <k>4.095238095238095</k>
        <k>0.04818269666670973</k>
        <k>0.013190646481286199</k>
        <k>0.4967401839274552</k>
        <k>-0.005943214013292705</k>
        <k>-0.007853515953989948</k>
        <k>4.686175260761525E-4</k>
        <k>0.025710342672019777</k>
        <k>0.5449228805941649</k>
        <k>0.20189979199605093</k>
        <k>0.0024816294337790005</k>
        <k>3.4883746713558776E-4</k>
        <k>1.6415634514876197E-7</k>
        <k>1.2442802592773565E-4</k>
        <k>-2.799925809692482E-7</k>
        <k>355.5829858215179</k>
        <k>657.3277731442869</k>
    </moments><members>
    <section id="628" first-pos="338">
        <run start="690" length="2" level="183"/>
        <run start="689" length="3" level="64"/>
        <run start="688" length="4" level="48"/>
        <run start="687" length="5" level="38"/>
        <run start="685" length="7" level="50"/>
        <run start="684" length="8" level="46"/>
    </section>
    <section id="640" first-pos="344">
        <run start="682" length="6" level="87"/>
        <run start="680" length="6" level="96"/>
        <run start="678" length="7" level="154"/>
        <run start="677" length="6" level="183"/>
        <run start="675" length="8" level="175"/>
        <run start="674" length="7" level="130"/>
        <run start="672" length="7" level="91"/>
        <run start="669" length="9" level="78"/>
        <run start="667" length="10" level="62"/>
        <run start="664" length="12" level="60"/>
        <run start="661" length="14" level="53"/>
    </section>
    <section id="663" first-pos="355">
        <run start="649" length="24" level="66"/>
        <run start="649" length="23" level="65"/>
        <run start="649" length="22" level="75"/>
        <run start="648" length="21" level="75"/>
        <run start="647" length="21" level="84"/>
    </section>
    <section id="635" first-pos="341">
        <run start="646" length="6" level="48"/>
        <run start="647" length="6" level="48"/>
        <run start="648" length="6" level="48"/>
        <run start="648" length="6" level="43"/>
        <run start="649" length="6" level="49"/>
        <run start="649" length="6" level="43"/>
        <run start="649" length="6" level="43"/>
        <run start="650" length="9" level="99"/>
        <run start="650" length="9" level="96"/>
        <run start="650" length="9" level="96"/>
        <run start="650" length="9" level="96"/>
        <run start="650" length="9" level="96"/>
        <run start="650" length="9" level="96"/>
        <run start="650" length="9" level="96"/>
    </section>
    <section id="633" first-pos="340">
        <run start="638" length="13" level="77"/>
    </section>
    <section id="629" first-pos="339">
        <run start="642" length="4" level="108"/>
    </section>
    <section id="634" first-pos="341">
        <run start="636" length="9" level="75"/>
        <run start="636" length="9" level="75"/>
        <run start="636" length="9" level="75"/>
        <run start="636" length="9" level="75"/>
        <run start="636" length="9" level="97"/>
        <run start="636" length="8" level="179"/>
    </section>
    <section id="652" first-pos="347">
        <run start="641" length="1" level="220"/>
    </section>
    <section id="675" first-pos="360">
        <run start="646" length="9" level="37"/>
    </section>
    <section id="679" first-pos="361">
        <run start="616" length="39" level="54"/>
    </section>
    <section id="674" first-pos="360">
        <run start="616" length="25" level="66"/>
    </section>
    <section id="657" first-pos="352">
        <run start="616" length="1" level="200"/>
        <run start="616" length="2" level="200"/>
        <run start="616" length="3" level="200"/>
        <run start="616" length="4" level="175"/>
        <run start="616" length="4" level="176"/>
        <run start="616" length="5" level="141"/>
        <run start="616" length="6" level="119"/>
        <run start="616" length="8" level="91"/>
    </section>
    <section id="656" first-pos="350">
        <run start="635" length="2" level="200"/>
        <run start="632" length="5" level="129"/>
        <run start="631" length="6" level="99"/>
        <run start="631" length="6" level="94"/>
        <run start="631" length="6" level="93"/>
        <run start="630" length="7" level="84"/>
        <run start="630" length="7" level="79"/>
        <run start="629" length="8" level="73"/>
        <run start="628" length="9" level="64"/>
        <run start="627" length="10" level="57"/>
    </section>
    <section id="680" first-pos="362">
        <run start="617" length="16" level="33"/>
        <run start="618" length="14" level="23"/>
        <run start="619" length="12" level="10"/>
        <run start="620" length="10" level="25"/>
        <run start="622" length="6" level="42"/>
    </section>
    <section id="681" first-pos="362">
        <run start="634" length="21" level="58"/>
    </section>
    <section id="685" first-pos="363">
        <run start="634" length="1" level="136"/>
    </section>
    <section id="686" first-pos="363">
        <run start="636" length="18" level="50"/>
        <run start="636" length="17" level="54"/>
        <run start="636" length="16" level="57"/>
        <run start="636" length="15" level="61"/>
        <run start="636" length="14" level="79"/>
        <run start="636" length="12" level="193"/>
    </section>
    <section id="700" first-pos="369">
        <run start="636" length="4" level="184"/>
    </section>
    <section id="676" first-pos="360">
        <run start="658" length="9" level="96"/>
        <run start="658" length="8" level="126"/>
        <run start="658" length="6" level="145"/>
        <run start="658" length="5" level="175"/>
        <run start="658" length="4" level="201"/>
        <run start="658" length="3" level="200"/>
        <run start="658" length="1" level="200"/>
    </section>
    <section id="641" first-pos="344">
        <run start="689" length="3" level="113"/>
        <run start="690" length="2" level="128"/>
        <run start="690" length="2" level="128"/>
        <run start="690" length="2" level="128"/>
        <run start="690" length="2" level="128"/>
        <run start="690" length="2" level="128"/>
        <run start="690" length="2" level="128"/>
        <run start="690" length="2" level="128"/>
        <run start="690" length="2" level="128"/>
        <run start="690" length="2" level="128"/>
        <run start="690" length="2" level="128"/>
        <run start="689" length="4" level="152"/>
    </section>
    <section id="666" first-pos="356">
        <run start="675" length="27" level="136"/>
        <run start="673" length="29" level="63"/>
        <run start="672" length="30" level="57"/>
        <run start="671" length="31" level="55"/>
        <run start="669" length="33" level="55"/>
        <run start="668" length="34" level="50"/>
        <run start="667" length="35" level="48"/>
        <run start="667" length="35" level="66"/>
    </section>
    <section id="664" first-pos="355">
        <run start="679" length="2" level="200"/>
    </section>
    <section id="665" first-pos="355">
        <run start="694" length="2" level="220"/>
    </section>
    <section id="661" first-pos="354">
        <run start="698" length="4" level="198"/>
        <run start="697" length="5" level="144"/>
    </section>
    <section id="687" first-pos="364">
        <run start="667" length="17" level="149"/>
    </section>
    <section id="688" first-pos="364">
        <run start="685" length="2" level="175"/>
    </section>
    <section id="689" first-pos="364">
        <run start="689" length="4" level="85"/>
        <run start="690" length="3" level="112"/>
        <run start="690" length="3" level="145"/>
        <run start="690" length="3" level="139"/>
    </section>
    <section id="690" first-pos="364">
        <run start="696" length="6" level="149"/>
    </section>
    <section id="632" first-pos="340">
        <run start="623" length="3" level="93"/>
        <run start="621" length="7" level="43"/>
        <run start="618" length="11" level="44"/>
        <run start="616" length="13" level="52"/>
        <run start="616" length="13" level="72"/>
    </section>
    <section id="645" first-pos="345">
        <run start="616" length="4" level="169"/>
        <run start="616" length="4" level="170"/>
        <run start="619" length="1" level="83"/>
    </section>
    <section id="646" first-pos="345">
        <run start="621" length="8" level="33"/>
        <run start="622" length="7" level="37"/>
        <run start="624" length="4" level="61"/>
    </section>
</members></stick>
