<?xml version="1.0" encoding="UTF-8"?>
<stick id="1290" interline="22" shape="TIME_THREE_FOUR">
    <is-within-system>true</is-within-system>
    <has-ledger>false</has-ledger>
    <stem-number>0</stem-number>
    <step-line>0.0</step-line>
    <moments>
        <k>2.5702479338842976</k>
        <k>1.3636363636363635</k>
        <k>3.9545454545454546</k>
        <k>0.04759935395775404</k>
        <k>0.010808723717912925</k>
        <k>0.5096855322312834</k>
        <k>-0.005592990627921682</k>
        <k>-0.005843334914805119</k>
        <k>0.003087199156346117</k>
        <k>0.020406637754851225</k>
        <k>0.5572848861890375</k>
        <k>0.21399095018507666</k>
        <k>0.0016598476316475059</k>
        <k>2.1836878050991582E-4</k>
        <k>8.331904304803281E-8</k>
        <k>9.352457169724042E-5</k>
        <k>-1.0169445621506044E-7</k>
        <k>353.53215434083603</k>
        <k>416.5152733118971</k>
    </moments><members>
    <section id="624" first-pos="337">
        <run start="399" length="8" level="85"/>
    </section>
    <section id="627" first-pos="338">
        <run start="396" length="13" level="49"/>
        <run start="395" length="16" level="45"/>
    </section>
    <section id="630" first-pos="340">
        <run start="395" length="9" level="75"/>
        <run start="395" length="9" level="75"/>
        <run start="395" length="9" level="75"/>
        <run start="395" length="9" level="78"/>
        <run start="395" length="8" level="103"/>
    </section>
    <section id="644" first-pos="345">
        <run start="394" length="2" level="200"/>
        <run start="393" length="3" level="200"/>
        <run start="393" length="3" level="200"/>
        <run start="392" length="4" level="201"/>
        <run start="391" length="5" level="147"/>
        <run start="390" length="6" level="128"/>
        <run start="390" length="6" level="127"/>
        <run start="390" length="6" level="121"/>
        <run start="389" length="7" level="109"/>
        <run start="389" length="7" level="103"/>
        <run start="388" length="8" level="95"/>
        <run start="387" length="9" level="101"/>
        <run start="384" length="13" level="102"/>
    </section>
    <section id="669" first-pos="358">
        <run start="374" length="26" level="101"/>
    </section>
    <section id="655" first-pos="349">
        <run start="374" length="1" level="200"/>
        <run start="374" length="2" level="200"/>
        <run start="374" length="3" level="200"/>
        <run start="374" length="4" level="200"/>
        <run start="374" length="5" level="201"/>
        <run start="374" length="5" level="180"/>
        <run start="374" length="6" level="180"/>
        <run start="374" length="7" level="155"/>
        <run start="374" length="9" level="141"/>
    </section>
    <section id="671" first-pos="359">
        <run start="374" length="20" level="53"/>
        <run start="375" length="18" level="51"/>
    </section>
    <section id="677" first-pos="361">
        <run start="376" length="15" level="35"/>
        <run start="377" length="14" level="35"/>
        <run start="378" length="11" level="37"/>
        <run start="379" length="9" level="69"/>
    </section>
    <section id="692" first-pos="365">
        <run start="381" length="4" level="119"/>
    </section>
    <section id="678" first-pos="361">
        <run start="392" length="1" level="160"/>
    </section>
    <section id="672" first-pos="359">
        <run start="395" length="6" level="117"/>
    </section>
    <section id="673" first-pos="360">
        <run start="395" length="19" level="38"/>
        <run start="395" length="18" level="41"/>
        <run start="395" length="17" level="43"/>
        <run start="395" length="16" level="46"/>
        <run start="395" length="16" level="47"/>
        <run start="395" length="14" level="55"/>
        <run start="397" length="10" level="55"/>
    </section>
    <section id="667" first-pos="357">
        <run start="407" length="9" level="51"/>
        <run start="406" length="9" level="28"/>
        <run start="404" length="10" level="25"/>
    </section>
    <section id="659" first-pos="354">
        <run start="408" length="26" level="65"/>
        <run start="408" length="23" level="59"/>
        <run start="407" length="23" level="59"/>
    </section>
    <section id="631" first-pos="340">
        <run start="405" length="7" level="40"/>
        <run start="406" length="6" level="45"/>
        <run start="407" length="6" level="45"/>
        <run start="408" length="6" level="44"/>
        <run start="408" length="6" level="43"/>
        <run start="408" length="7" level="38"/>
        <run start="408" length="8" level="59"/>
        <run start="409" length="7" level="66"/>
        <run start="409" length="8" level="83"/>
        <run start="409" length="8" level="72"/>
        <run start="409" length="9" level="85"/>
        <run start="409" length="9" level="85"/>
        <run start="409" length="9" level="85"/>
        <run start="409" length="9" level="84"/>
    </section>
    <section id="636" first-pos="342">
        <run start="442" length="7" level="83"/>
        <run start="441" length="7" level="72"/>
        <run start="439" length="8" level="88"/>
        <run start="438" length="8" level="129"/>
        <run start="437" length="7" level="152"/>
        <run start="435" length="8" level="198"/>
        <run start="433" length="8" level="160"/>
        <run start="431" length="9" level="119"/>
        <run start="429" length="10" level="86"/>
        <run start="426" length="12" level="63"/>
        <run start="423" length="14" level="54"/>
        <run start="420" length="15" level="26"/>
    </section>
    <section id="625" first-pos="337">
        <run start="449" length="4" level="135"/>
        <run start="448" length="5" level="69"/>
        <run start="447" length="6" level="58"/>
        <run start="445" length="8" level="54"/>
        <run start="444" length="9" level="74"/>
    </section>
    <section id="637" first-pos="342">
        <run start="450" length="3" level="86"/>
        <run start="450" length="3" level="86"/>
        <run start="450" length="3" level="86"/>
        <run start="450" length="3" level="86"/>
        <run start="450" length="3" level="86"/>
        <run start="450" length="3" level="86"/>
        <run start="450" length="3" level="86"/>
        <run start="450" length="3" level="86"/>
        <run start="450" length="3" level="86"/>
        <run start="450" length="3" level="86"/>
        <run start="450" length="3" level="86"/>
        <run start="450" length="3" level="86"/>
    </section>
    <section id="660" first-pos="354">
        <run start="436" length="25" level="117"/>
        <run start="434" length="27" level="68"/>
        <run start="433" length="28" level="65"/>
        <run start="432" length="29" level="63"/>
        <run start="431" length="30" level="60"/>
        <run start="429" length="32" level="58"/>
        <run start="428" length="33" level="55"/>
        <run start="427" length="34" level="53"/>
        <run start="428" length="33" level="152"/>
    </section>
    <section id="658" first-pos="353">
        <run start="457" length="4" level="200"/>
    </section>
    <section id="682" first-pos="363">
        <run start="435" length="1" level="199"/>
    </section>
    <section id="683" first-pos="363">
        <run start="450" length="4" level="65"/>
        <run start="450" length="4" level="65"/>
        <run start="450" length="4" level="104"/>
        <run start="450" length="3" level="192"/>
    </section>
    <section id="684" first-pos="363">
        <run start="457" length="4" level="201"/>
    </section>
    <section id="668" first-pos="357">
        <run start="417" length="12" level="58"/>
        <run start="417" length="11" level="84"/>
        <run start="417" length="9" level="78"/>
        <run start="417" length="8" level="88"/>
        <run start="417" length="7" level="101"/>
        <run start="417" length="6" level="119"/>
        <run start="417" length="2" level="200"/>
    </section>
    <section id="626" first-pos="338">
        <run start="381" length="4" level="186"/>
        <run start="379" length="8" level="94"/>
        <run start="378" length="9" level="22"/>
        <run start="376" length="12" level="56"/>
        <run start="376" length="12" level="54"/>
    </section>
    <section id="638" first-pos="343">
        <run start="378" length="1" level="75"/>
        <run start="378" length="1" level="136"/>
    </section>
    <section id="639" first-pos="343">
        <run start="380" length="8" level="41"/>
        <run start="380" length="7" level="37"/>
        <run start="380" length="7" level="78"/>
        <run start="382" length="3" level="133"/>
    </section>
</members></stick>
