<?xml version="1.0" encoding="UTF-8"?>
<stick id="1268" interline="21" shape="VOID_NOTEHEAD">
    <is-within-system>true</is-within-system>
    <has-ledger>false</has-ledger>
    <stem-number>1</stem-number>
    <step-line>-1.0574712643678161</step-line>
    <moments>
        <k>0.5873015873015873</k>
        <k>1.1428571428571428</k>
        <k>1.0</k>
        <k>0.19055692423710183</k>
        <k>0.04033157862110921</k>
        <k>0.17994196953962005</k>
        <k>-0.020729529691836952</k>
        <k>-0.01971382363099041</k>
        <k>-0.0051639512444183475</k>
        <k>0.0171334090898984</k>
        <k>0.37049889377672185</k>
        <k>0.006619222199512445</k>
        <k>0.005845290565848274</k>
        <k>6.771308942000958E-4</k>
        <k>4.827996447817809E-7</k>
        <k>1.7825518854076338E-5</k>
        <k>1.2576504016546783E-6</k>
        <k>2185.5019305019305</k>
        <k>1577.034749034749</k>
    </moments><members>
    <section id="3125" first-pos="2173">
        <run start="1571" length="9" level="28"/>
        <run start="1568" length="11" level="59"/>
        <run start="1568" length="10" level="57"/>
        <run start="1568" length="9" level="63"/>
        <run start="1568" length="8" level="71"/>
        <run start="1568" length="7" level="58"/>
        <run start="1568" length="7" level="82"/>
        <run start="1568" length="6" level="67"/>
        <run start="1568" length="6" level="97"/>
        <run start="1568" length="5" level="117"/>
        <run start="1568" length="4" level="101"/>
        <run start="1568" length="4" level="101"/>
        <run start="1568" length="4" level="148"/>
        <run start="1568" length="3" level="134"/>
        <run start="1568" length="3" level="134"/>
        <run start="1568" length="3" level="135"/>
        <run start="1568" length="3" level="136"/>
        <run start="1568" length="3" level="137"/>
        <run start="1568" length="4" level="119"/>
        <run start="1568" length="5" level="96"/>
    </section>
    <section id="3148" first-pos="2193">
        <run start="1568" length="19" level="57"/>
        <run start="1568" length="17" level="55"/>
    </section>
    <section id="3137" first-pos="2177">
        <run start="1588" length="1" level="200"/>
        <run start="1587" length="2" level="200"/>
        <run start="1586" length="3" level="170"/>
        <run start="1586" length="3" level="139"/>
        <run start="1586" length="3" level="138"/>
        <run start="1585" length="4" level="128"/>
        <run start="1585" length="4" level="102"/>
        <run start="1584" length="5" level="101"/>
        <run start="1583" length="6" level="83"/>
        <run start="1583" length="6" level="67"/>
        <run start="1582" length="7" level="71"/>
        <run start="1581" length="8" level="62"/>
        <run start="1581" length="8" level="51"/>
        <run start="1580" length="9" level="54"/>
        <run start="1579" length="10" level="49"/>
        <run start="1578" length="10" level="29"/>
    </section>
    <section id="3154" first-pos="2195">
        <run start="1571" length="12" level="61"/>
        <run start="1573" length="8" level="179"/>
    </section>
</members></stick>
