<?xml version="1.0" encoding="UTF-8"?>
<stick id="976" interline="22" shape="VOID_NOTEHEAD">
    <is-within-system>true</is-within-system>
    <has-ledger>false</has-ledger>
    <stem-number>1</stem-number>
    <step-line>0.0</step-line>
    <moments>
        <k>0.6859504132231405</k>
        <k>1.2272727272727273</k>
        <k>1.1818181818181819</k>
        <k>0.15610292818829377</k>
        <k>0.010427724834597482</k>
        <k>0.1773064915344359</k>
        <k>-0.0013512899903499853</k>
        <k>-0.002334923448307963</k>
        <k>-0.004267006187673006</k>
        <k>0.004479909338885828</k>
        <k>0.33340941972272964</k>
        <k>8.845408794781861E-4</k>
        <k>2.6299415182750533E-4</k>
        <k>3.6166216414765874E-5</k>
        <k>-3.3620543653264773E-9</k>
        <k>-1.0744039507488358E-6</k>
        <k>-1.0665792720390173E-9</k>
        <k>805.4096385542168</k>
        <k>1000.6295180722891</k>
    </moments><members>
    <section id="1288" first-pos="793">
        <run start="996" length="7" level="124"/>
        <run start="994" length="9" level="114"/>
        <run start="993" length="10" level="86"/>
        <run start="992" length="11" level="78"/>
        <run start="991" length="10" level="45"/>
        <run start="991" length="10" level="35"/>
        <run start="990" length="10" level="58"/>
        <run start="990" length="8" level="44"/>
        <run start="989" length="8" level="51"/>
        <run start="989" length="8" level="44"/>
        <run start="989" length="7" level="37"/>
        <run start="989" length="7" level="51"/>
        <run start="988" length="7" level="72"/>
        <run start="988" length="6" level="43"/>
        <run start="988" length="6" level="61"/>
        <run start="989" length="5" level="52"/>
        <run start="989" length="5" level="72"/>
        <run start="989" length="4" level="91"/>
        <run start="990" length="3" level="60"/>
        <run start="990" length="4" level="65"/>
        <run start="990" length="4" level="72"/>
        <run start="991" length="4" level="71"/>
    </section>
    <section id="1320" first-pos="815">
        <run start="992" length="17" level="123"/>
        <run start="993" length="14" level="93"/>
        <run start="994" length="11" level="143"/>
    </section>
    <section id="1295" first-pos="794">
        <run start="1006" length="5" level="70"/>
        <run start="1008" length="4" level="79"/>
        <run start="1009" length="3" level="94"/>
        <run start="1010" length="3" level="86"/>
        <run start="1010" length="3" level="86"/>
        <run start="1010" length="3" level="75"/>
        <run start="1010" length="4" level="65"/>
        <run start="1009" length="5" level="91"/>
        <run start="1009" length="5" level="52"/>
        <run start="1008" length="6" level="76"/>
        <run start="1008" length="6" level="43"/>
        <run start="1007" length="7" level="65"/>
        <run start="1007" length="7" level="37"/>
        <run start="1006" length="8" level="63"/>
        <run start="1005" length="8" level="56"/>
        <run start="1004" length="9" level="48"/>
        <run start="1003" length="10" level="40"/>
        <run start="1003" length="10" level="46"/>
        <run start="1002" length="10" level="66"/>
        <run start="1002" length="9" level="74"/>
        <run start="1002" length="8" level="84"/>
    </section>
    <section id="1327" first-pos="818">
        <run start="1002" length="3" level="209"/>
        <run start="1002" length="1" level="200"/>
    </section>
</members></stick>
