<?xml version="1.0" encoding="UTF-8" standalone="yes"?>
<samples id="4">
    <sample shape="ACCENT" interline="15" left="333" top="8" id="10">
        <run-table orientation="VERTICAL" width="28" height="16">
            <runs>0 1 2 11 1</runs>
            <runs>3 10 3</runs>
            <runs>0 1 2 10 3</runs>
            <runs>0 1 3 9 2</runs>
            <runs>0 1 3 8 3</runs>
            <runs>0 1 3 8 3</runs>
            <runs>0 2 2 8 3</runs>
            <runs>0 2 3 7 3</runs>
            <runs>0 2 3 6 3</runs>
            <runs>0 2 3 6 3</runs>
            <runs>0 3 2 6 3</runs>
            <runs>0 3 3 5 3</runs>
            <runs>0 3 3 4 3</runs>
            <runs>0 3 3 4 3</runs>
            <runs>0 4 3 3 3</runs>
            <runs>0 4 3 3 3</runs>
            <runs>0 4 3 2 3</runs>
            <runs>0 4 3 2 3</runs>
            <runs>0 5 2 2 3</runs>
            <runs>0 5 3 1 2</runs>
            <runs>0 5 3 1 2</runs>
            <runs>0 5 3 1 2</runs>
            <runs>0 6 5</runs>
            <runs>0 6 4</runs>
            <runs>0 6 4</runs>
            <runs>0 7 3</runs>
            <runs>0 7 3</runs>
            <runs>0 7 2</runs>
        </run-table>
    </sample>
    <sample shape="TENUTO" interline="15" left="431" top="19" id="14">
        <run-table orientation="VERTICAL" width="19" height="3">
            <runs>2</runs>
            <runs>3</runs>
            <runs>3</runs>
            <runs>3</runs>
            <runs>3</runs>
            <runs>3</runs>
            <runs>3</runs>
            <runs>3</runs>
            <runs>3</runs>
            <runs>3</runs>
            <runs>3</runs>
            <runs>3</runs>
            <runs>3</runs>
            <runs>3</runs>
            <runs>3</runs>
            <runs>3</runs>
            <runs>3</runs>
            <runs>3</runs>
            <runs>2</runs>
        </run-table>
    </sample>
    <sample shape="STACCATISSIMO" interline="15" left="136" top="7" id="8">
        <run-table orientation="VERTICAL" width="6" height="17">
            <runs>0 1 8</runs>
            <runs>0 1 13</runs>
            <runs>17</runs>
            <runs>17</runs>
            <runs>0 1 13</runs>
            <runs>0 1 8</runs>
        </run-table>
    </sample>
    <sample shape="STRONG_ACCENT" interline="15" left="243" top="7" id="9">
        <run-table orientation="VERTICAL" width="16" height="17">
            <runs>0 15 2</runs>
            <runs>0 13 4</runs>
            <runs>0 11 5</runs>
            <runs>0 9 5</runs>
            <runs>0 7 5</runs>
            <runs>0 4 5</runs>
            <runs>0 2 7</runs>
            <runs>11</runs>
            <runs>14</runs>
            <runs>0 1 15</runs>
            <runs>0 4 13</runs>
            <runs>0 6 11</runs>
            <runs>0 8 9</runs>
            <runs>0 10 7</runs>
            <runs>0 12 5</runs>
            <runs>0 15 2</runs>
        </run-table>
    </sample>
</samples>
