<?xml version="1.0" encoding="UTF-8" standalone="yes"?>
<samples sheet-name="IMSLP08541#10">
    <sample shape="G_CLEF" interline="22" pitch="0.4" left="454" top="474" id="289">
        <run-table orientation="VERTICAL" width="59" height="164">
            <runs>0 87 4</runs>
            <runs>0 86 15</runs>
            <runs>0 77 25</runs>
            <runs>0 76 29</runs>
            <runs>0 73 34</runs>
            <runs>0 63 1 6 39</runs>
            <runs>0 63 2 3 43</runs>
            <runs>0 64 2 1 46</runs>
            <runs>0 64 51</runs>
            <runs>0 64 31 3 18</runs>
            <runs>0 63 29 17 8</runs>
            <runs>0 62 27 22 7 28 6</runs>
            <runs>0 56 30 26 7 25 11</runs>
            <runs>0 56 29 28 10 19 15</runs>
            <runs>0 56 27 32 8 18 17</runs>
            <runs>0 56 25 34 9 16 19</runs>
            <runs>0 56 25 35 8 15 20</runs>
            <runs>0 55 26 36 3 19 22</runs>
            <runs>0 54 27 11 11 15 2 18 23</runs>
            <runs>0 53 21 14 16 15 1 18 24</runs>
            <runs>0 51 22 13 21 12 1 18 24</runs>
            <runs>0 50 22 12 25 29 24</runs>
            <runs>0 49 22 6 34 27 19 1 5</runs>
            <runs>0 48 21 8 26 3 7 25 19 2 4</runs>
            <runs>0 32 2 14 20 9 26 5 6 24 19 3 3</runs>
            <runs>0 22 3 2 16 3 22 9 18 16 4 24 18 3 3</runs>
            <runs>0 21 45 11 16 20 2 24 17 5 3</runs>
            <runs>0 18 47 12 15 48 16 5 3</runs>
            <runs>0 15 50 11 15 50 14 6 3</runs>
            <runs>0 14 18 9 24 11 15 50 14 6 3</runs>
            <runs>0 13 14 14 29 5 15 52 12 7 3</runs>
            <runs>0 11 14 16 49 55 7 8 4</runs>
            <runs>0 9 14 17 21 2 27 70 4</runs>
            <runs>0 8 13 18 21 9 20 71 4</runs>
            <runs>0 7 13 15 25 12 17 30 1 40 4</runs>
            <runs>0 6 13 16 24 14 30 16 1 40 4</runs>
            <runs>0 4 14 17 25 13 30 16 1 39 5</runs>
            <runs>0 3 14 18 20 18 15 3 17 11 1 39 4</runs>
            <runs>0 2 14 19 19 19 15 7 17 7 1 38 5</runs>
            <runs>0 2 13 19 18 21 15 11 18 1 2 38 4</runs>
            <runs>0 1 13 19 18 22 15 11 25 33 5</runs>
            <runs>0 1 12 18 19 23 15 19 21 28 6</runs>
            <runs>0 1 12 16 19 25 16 24 20 22 6</runs>
            <runs>13 15 19 26 16 26 23 14 8</runs>
            <runs>0 1 12 14 18 29 16 25 30 2 12</runs>
            <runs>0 2 15 3 23 31 16 25 9 3 30</runs>
            <runs>0 5 36 34 15 24 5 12 25</runs>
            <runs>0 7 32 36 15 24 5 18 17</runs>
            <runs>0 10 28 38 15 22 5 29 4</runs>
            <runs>0 14 24 38 16 20 5</runs>
            <runs>0 19 11 47 16 18 5</runs>
            <runs>0 78 16 14 7</runs>
            <runs>0 78 35</runs>
            <runs>0 79 33</runs>
            <runs>0 78 33</runs>
            <runs>0 84 25</runs>
            <runs>0 86 20</runs>
            <runs>0 88 17</runs>
            <runs>0 91 13</runs>
        </run-table>
    </sample>
    <sample shape="G_CLEF" interline="22" pitch="0.3" left="444" top="1106" id="364">
        <run-table orientation="VERTICAL" width="58" height="164">
            <runs>0 87 2</runs>
            <runs>0 76 25</runs>
            <runs>0 74 29</runs>
            <runs>0 71 34</runs>
            <runs>0 71 36</runs>
            <runs>0 70 39</runs>
            <runs>0 68 42</runs>
            <runs>0 66 46 33 3</runs>
            <runs>0 66 47 33 2</runs>
            <runs>0 64 29 12 10 32 2</runs>
            <runs>0 62 28 19 7 30 4</runs>
            <runs>0 61 25 25 6 27 9</runs>
            <runs>0 60 25 27 6 24 14</runs>
            <runs>0 59 24 30 10 17 17</runs>
            <runs>0 55 26 33 9 16 20</runs>
            <runs>0 55 25 36 3 19 21</runs>
            <runs>0 55 24 38 2 19 22</runs>
            <runs>0 54 25 13 1 2 2 21 1 18 24</runs>
            <runs>0 52 22 14 14 16 1 18 25</runs>
            <runs>0 51 21 15 18 32 25</runs>
            <runs>0 51 20 14 23 29 25</runs>
            <runs>0 49 21 13 26 28 19 2 5</runs>
            <runs>0 49 20 8 33 27 19 2 5</runs>
            <runs>0 48 20 9 25 6 4 25 19 3 4</runs>
            <runs>0 47 20 10 18 14 4 25 17 5 3</runs>
            <runs>0 28 11 7 20 11 17 17 3 24 17 5 4</runs>
            <runs>0 24 41 12 15 20 1 26 16 5 4</runs>
            <runs>0 21 44 11 15 49 14 6 4</runs>
            <runs>0 15 49 12 14 51 12 7 4</runs>
            <runs>0 15 14 11 27 8 14 53 9 9 4</runs>
            <runs>0 13 14 15 29 3 15 57 1 13 4</runs>
            <runs>0 12 13 16 48 71 3</runs>
            <runs>0 10 13 17 20 6 23 71 3</runs>
            <runs>0 8 13 18 20 11 19 70 4</runs>
            <runs>0 7 13 14 25 13 20 67 4</runs>
            <runs>0 6 13 15 25 13 30 57 4</runs>
            <runs>0 5 13 16 25 13 33 54 3</runs>
            <runs>0 5 12 17 20 18 16 6 15 49 4</runs>
            <runs>0 3 13 18 19 19 16 9 15 46 4</runs>
            <runs>0 2 13 17 19 21 14 12 25 34 4</runs>
            <runs>0 2 13 17 18 23 14 19 18 32 5</runs>
            <runs>0 1 12 18 18 24 14 25 20 22 6</runs>
            <runs>12 17 19 26 14 27 22 14 8</runs>
            <runs>12 15 20 27 14 27 43</runs>
            <runs>13 12 20 29 14 27 4 7 30</runs>
            <runs>0 1 13 8 20 33 14 25 4 14 23</runs>
            <runs>0 4 36 35 14 24 5 24 10</runs>
            <runs>0 6 32 38 14 23 4</runs>
            <runs>0 7 31 38 14 22 4</runs>
            <runs>0 12 18 46 15 19 5</runs>
            <runs>0 23 3 51 16 15 5</runs>
            <runs>0 78 19 8 7</runs>
            <runs>0 78 33</runs>
            <runs>0 78 31</runs>
            <runs>0 83 25</runs>
            <runs>0 85 21</runs>
            <runs>0 87 16</runs>
            <runs>0 90 12</runs>
        </run-table>
    </sample>
    <sample shape="G_CLEF" interline="22" pitch="0.4" left="434" top="1683" id="439">
        <run-table orientation="VERTICAL" width="57" height="161">
            <runs>0 80 2 1 15</runs>
            <runs>0 74 25</runs>
            <runs>0 72 31</runs>
            <runs>0 71 34</runs>
            <runs>0 70 37</runs>
            <runs>0 67 41</runs>
            <runs>0 65 45</runs>
            <runs>0 63 49</runs>
            <runs>0 63 29 13 8</runs>
            <runs>0 62 25 21 6 29 7</runs>
            <runs>0 61 23 25 6 26 11</runs>
            <runs>0 59 23 28 6 22 15</runs>
            <runs>0 58 23 31 4 21 17</runs>
            <runs>0 53 26 34 3 20 19</runs>
            <runs>0 54 24 37 2 19 21</runs>
            <runs>0 54 24 38 1 18 23</runs>
            <runs>0 53 24 39 1 18 23</runs>
            <runs>0 52 26 12 9 36 24</runs>
            <runs>0 52 19 15 16 32 25</runs>
            <runs>0 51 19 13 22 29 20 1 5</runs>
            <runs>0 49 20 12 26 27 20 2 4</runs>
            <runs>0 48 20 12 22 1 7 25 18 4 3</runs>
            <runs>0 47 20 12 20 7 5 25 17 4 3</runs>
            <runs>0 46 20 9 18 15 3 25 17 4 4</runs>
            <runs>0 45 20 10 17 45 15 5 4</runs>
            <runs>0 26 38 10 16 47 14 6 4</runs>
            <runs>0 19 44 11 15 49 13 6 4</runs>
            <runs>0 17 45 11 15 51 11 8 3</runs>
            <runs>0 15 12 12 25 8 15 54 8 8 4</runs>
            <runs>0 14 11 15 28 1 1 1 16 70 4</runs>
            <runs>0 12 11 17 46 71 4</runs>
            <runs>0 11 11 18 18 8 20 71 4</runs>
            <runs>0 9 11 19 18 13 16 71 4</runs>
            <runs>0 8 10 19 20 14 18 67 5</runs>
            <runs>0 6 11 19 21 14 29 56 4</runs>
            <runs>0 5 11 16 25 14 14 7 13 50 5</runs>
            <runs>0 4 11 17 21 18 14 9 15 45 6</runs>
            <runs>0 3 12 18 18 20 14 11 25 33 5</runs>
            <runs>0 2 12 18 18 21 14 20 17 31 6</runs>
            <runs>0 1 12 18 18 22 14 27 15 2 1 21 7</runs>
            <runs>0 1 11 18 18 24 13 29 23 13 7</runs>
            <runs>12 17 17 26 14 28 41</runs>
            <runs>12 17 16 27 14 27 9 1 31</runs>
            <runs>12 15 16 30 13 27 4 13 23</runs>
            <runs>0 2 10 12 17 32 13 26 4 24 7</runs>
            <runs>0 3 12 3 1 1 19 34 14 24 4</runs>
            <runs>0 5 33 36 14 23 4</runs>
            <runs>0 9 28 38 15 20 4</runs>
            <runs>0 12 24 40 14 18 4</runs>
            <runs>0 18 6 2 1 2 1 46 16 13 7</runs>
            <runs>0 76 23 5 7</runs>
            <runs>0 76 33</runs>
            <runs>0 80 27</runs>
            <runs>0 82 23</runs>
            <runs>0 83 20</runs>
            <runs>0 86 15</runs>
            <runs>0 91 9</runs>
        </run-table>
    </sample>
    <sample shape="G_CLEF" interline="22" pitch="0.5" left="420" top="2234" id="515">
        <run-table orientation="VERTICAL" width="57" height="162">
            <runs>0 75 25</runs>
            <runs>0 74 27</runs>
            <runs>0 73 30</runs>
            <runs>0 72 33</runs>
            <runs>0 69 38</runs>
            <runs>0 67 41</runs>
            <runs>0 66 44</runs>
            <runs>0 65 19 1 28</runs>
            <runs>0 63 29 13 8</runs>
            <runs>0 62 27 19 7</runs>
            <runs>0 60 27 23 6 26 6</runs>
            <runs>0 59 24 27 6 24 14</runs>
            <runs>0 54 27 30 10 17 17</runs>
            <runs>0 54 26 33 8 16 19</runs>
            <runs>0 54 25 35 4 19 20</runs>
            <runs>0 54 24 37 3 18 22</runs>
            <runs>0 53 25 38 2 18 23</runs>
            <runs>0 52 26 11 11 17 1 18 23</runs>
            <runs>0 51 21 14 17 14 1 17 25</runs>
            <runs>0 51 20 12 23 11 1 17 25</runs>
            <runs>0 50 19 13 25 10 1 17 25</runs>
            <runs>0 48 20 13 28 26 20 1 5</runs>
            <runs>0 47 20 8 25 5 6 25 12 2 5 2 4</runs>
            <runs>0 47 20 8 18 15 4 24 18 4 3</runs>
            <runs>0 46 20 10 16 17 4 23 18 4 3</runs>
            <runs>0 24 40 11 16 19 3 24 17 4 3</runs>
            <runs>0 20 43 12 15 48 15 5 4</runs>
            <runs>0 18 28 1 16 11 15 49 14 6 4</runs>
            <runs>0 15 22 1 25 10 15 52 11 7 4</runs>
            <runs>0 14 12 14 25 7 16 53 8 9 4</runs>
            <runs>0 12 13 15 47 56 2 13 4</runs>
            <runs>0 10 12 18 19 2 26 71 4</runs>
            <runs>0 8 13 18 19 9 20 71 4</runs>
            <runs>0 7 13 18 19 13 18 69 5</runs>
            <runs>0 6 13 14 24 14 29 57 4</runs>
            <runs>0 5 13 15 24 14 30 56 4</runs>
            <runs>0 4 13 16 24 14 15 4 16 50 5</runs>
            <runs>0 3 12 18 19 19 15 8 15 47 5</runs>
            <runs>0 2 12 18 18 21 15 10 26 32 6</runs>
            <runs>0 1 12 18 18 23 14 19 18 30 7</runs>
            <runs>0 1 11 18 18 24 14 24 21 21 7</runs>
            <runs>12 16 19 25 14 28 23 13 8</runs>
            <runs>11 16 18 27 15 27 29 3 11</runs>
            <runs>0 1 11 14 17 29 15 27 9 1 31</runs>
            <runs>0 2 10 10 20 31 14 27 3 11 2 1 23</runs>
            <runs>0 3 37 34 13 25 3 21 13</runs>
            <runs>0 7 32 35 15 22 4</runs>
            <runs>0 9 28 38 15 19 6</runs>
            <runs>0 13 19 44 14 17 7</runs>
            <runs>0 16 7 53 15 16 6</runs>
            <runs>0 76 17 11 8</runs>
            <runs>0 76 19 1 15</runs>
            <runs>0 76 33</runs>
            <runs>0 81 26</runs>
            <runs>0 84 21</runs>
            <runs>0 86 16</runs>
            <runs>0 90 10</runs>
        </run-table>
    </sample>
    <sample shape="F_CLEF" interline="22" pitch="-1.6" left="445" top="779" id="304">
        <run-table orientation="VERTICAL" width="66" height="76">
            <runs>0 72 3</runs>
            <runs>0 71 5</runs>
            <runs>0 71 5</runs>
            <runs>0 71 4</runs>
            <runs>0 70 5</runs>
            <runs>0 70 4</runs>
            <runs>0 70 4</runs>
            <runs>0 69 4</runs>
            <runs>0 69 4</runs>
            <runs>0 15 9 45 3</runs>
            <runs>0 12 13 43 4</runs>
            <runs>0 10 16 42 3</runs>
            <runs>0 9 18 41 3</runs>
            <runs>0 7 21 40 3</runs>
            <runs>0 6 22 40 2</runs>
            <runs>0 5 23 40 2</runs>
            <runs>29 39 1</runs>
            <runs>8 3 18 39 1</runs>
            <runs>0 4 2 5 18</runs>
            <runs>0 4 2 5 18 34 1</runs>
            <runs>0 4 1 6 18 33 2</runs>
            <runs>0 11 18 32 3</runs>
            <runs>0 11 18 31 8</runs>
            <runs>0 12 17 30 9</runs>
            <runs>0 12 16 30 10</runs>
            <runs>0 12 16 29 11</runs>
            <runs>0 13 14 29 7</runs>
            <runs>0 14 12 29 7</runs>
            <runs>0 17 8 28 8</runs>
            <runs>0 52 9</runs>
            <runs>0 52 8</runs>
            <runs>0 50 9</runs>
            <runs>0 43 16</runs>
            <runs>0 43 15</runs>
            <runs>0 43 14</runs>
            <runs>0 5 1 37 12</runs>
            <runs>0 5 2 34 13</runs>
            <runs>8 30 16</runs>
            <runs>9 24 20</runs>
            <runs>11 20 21</runs>
            <runs>51</runs>
            <runs>49</runs>
            <runs>48</runs>
            <runs>47</runs>
            <runs>47</runs>
            <runs>47</runs>
            <runs>0 5 42</runs>
            <runs>0 6 41</runs>
            <runs>0 7 34</runs>
            <runs>0 9 29</runs>
            <runs>0 11 25</runs>
            <runs>0 12 21</runs>
            <runs>0 14 17</runs>
            <runs>0 16 12</runs>
            <runs></runs>
            <runs></runs>
            <runs>0 34 6</runs>
            <runs>0 10 5 18 8</runs>
            <runs>0 9 7 16 10</runs>
            <runs>0 8 8 16 10</runs>
            <runs>0 7 10 15 10</runs>
            <runs>0 6 11 15 10</runs>
            <runs>0 6 11 16 9</runs>
            <runs>0 6 10 17 8</runs>
            <runs>0 7 8 19 6</runs>
            <runs>0 9 6 20 1</runs>
        </run-table>
    </sample>
    <sample shape="F_CLEF" interline="22" pitch="-1.5" left="434" top="1384" id="381">
        <run-table orientation="VERTICAL" width="66" height="76">
            <runs>0 74 2</runs>
            <runs>0 73 3</runs>
            <runs>0 73 3</runs>
            <runs>0 72 4</runs>
            <runs>0 72 3</runs>
            <runs>0 71 4</runs>
            <runs>0 71 3</runs>
            <runs>0 71 3</runs>
            <runs>0 70 3</runs>
            <runs>0 15 11 44 3</runs>
            <runs>0 12 14 43 3</runs>
            <runs>0 10 18 41 3</runs>
            <runs>0 9 20 40 3</runs>
            <runs>0 7 22 40 2</runs>
            <runs>0 6 24 39 1</runs>
            <runs>0 1 29 39 1</runs>
            <runs>9 2 19</runs>
            <runs>0 5 2 4 19</runs>
            <runs>0 5 1 5 20 34 1</runs>
            <runs>0 5 1 6 19 33 2</runs>
            <runs>0 12 18 33 3</runs>
            <runs>0 12 18 32 4</runs>
            <runs>0 12 18 32 4</runs>
            <runs>0 13 17 31 8</runs>
            <runs>0 14 15 31 9</runs>
            <runs>0 15 13 31 5</runs>
            <runs>0 15 12 30 6</runs>
            <runs>0 18 2 36 6</runs>
            <runs>0 55 7</runs>
            <runs>0 54 7</runs>
            <runs>0 52 8</runs>
            <runs>0 50 10</runs>
            <runs>0 45 14</runs>
            <runs>0 45 13</runs>
            <runs>0 44 13</runs>
            <runs>0 43 13</runs>
            <runs>0 41 15</runs>
            <runs>0 1 8 30 16</runs>
            <runs>0 1 11 19 22</runs>
            <runs>0 1 15 7 29</runs>
            <runs>0 1 50</runs>
            <runs>0 1 48</runs>
            <runs>0 2 47</runs>
            <runs>0 2 46</runs>
            <runs>0 6 41</runs>
            <runs>0 6 41</runs>
            <runs>0 7 35</runs>
            <runs>0 8 32</runs>
            <runs>0 10 28</runs>
            <runs>0 11 26</runs>
            <runs>0 13 21</runs>
            <runs>0 15 17</runs>
            <runs>0 19 8</runs>
            <runs></runs>
            <runs></runs>
            <runs>0 35 6</runs>
            <runs>0 10 5 19 8</runs>
            <runs>0 9 7 18 9</runs>
            <runs>0 8 9 17 9</runs>
            <runs>0 8 9 17 9</runs>
            <runs>0 7 11 16 9</runs>
            <runs>0 7 10 17 9</runs>
            <runs>0 8 9 18 8</runs>
            <runs>0 8 9 19 6</runs>
            <runs>0 10 6 21 3</runs>
            <runs>0 13 2</runs>
        </run-table>
    </sample>
    <sample shape="F_CLEF" interline="22" pitch="-1.7" left="434" top="1970" id="467">
        <run-table orientation="VERTICAL" width="57" height="69">
            <runs>0 13 12</runs>
            <runs>0 11 15</runs>
            <runs>0 9 18</runs>
            <runs>0 8 19</runs>
            <runs>0 7 21</runs>
            <runs>0 6 23</runs>
            <runs>0 5 24</runs>
            <runs>0 4 26</runs>
            <runs>8 3 19</runs>
            <runs>0 4 3 5 18 34 1</runs>
            <runs>0 4 2 6 18 33 2</runs>
            <runs>0 4 1 7 18 31 8</runs>
            <runs>0 4 1 7 18 32 7</runs>
            <runs>0 12 18 31 8</runs>
            <runs>0 13 16 32 8</runs>
            <runs>0 13 15 31 10</runs>
            <runs>0 14 13 31 11</runs>
            <runs>0 15 11 32 6</runs>
            <runs>0 17 9 31 7</runs>
            <runs>0 20 2 33 8</runs>
            <runs>0 54 8</runs>
            <runs>0 52 9</runs>
            <runs>0 51 9</runs>
            <runs>0 45 14</runs>
            <runs>0 44 14</runs>
            <runs>0 4 1 39 12</runs>
            <runs>0 4 2 36 14</runs>
            <runs>8 32 15</runs>
            <runs>9 27 18</runs>
            <runs>0 1 10 20 22</runs>
            <runs>0 1 13 8 30</runs>
            <runs>0 1 45 1 4</runs>
            <runs>0 1 49</runs>
            <runs>0 2 47</runs>
            <runs>0 1 47</runs>
            <runs>0 1 47</runs>
            <runs>0 6 42</runs>
            <runs>0 7 35</runs>
            <runs>0 7 34</runs>
            <runs>0 10 29</runs>
            <runs>0 12 24</runs>
            <runs>0 14 20</runs>
            <runs>0 15 16</runs>
            <runs>0 17 9</runs>
            <runs></runs>
            <runs></runs>
            <runs>0 35 6</runs>
            <runs>0 11 4 20 6</runs>
            <runs>0 9 8 17 8</runs>
            <runs>0 8 9 17 9</runs>
            <runs>0 7 10 17 9</runs>
            <runs>0 7 10 17 9</runs>
            <runs>0 7 10 17 9</runs>
            <runs>0 7 9 19 8</runs>
            <runs>0 8 8 19 7</runs>
            <runs>0 10 5 22 4</runs>
            <runs>0 12 2</runs>
        </run-table>
    </sample>
    <sample shape="F_CLEF" interline="22" pitch="-1.5" left="411" top="2539" id="528">
        <run-table orientation="VERTICAL" width="65" height="76">
            <runs>0 73 3</runs>
            <runs>0 72 4</runs>
            <runs>0 72 4</runs>
            <runs>0 72 3</runs>
            <runs>0 72 3</runs>
            <runs>0 72 2</runs>
            <runs>0 71 3</runs>
            <runs>0 17 1 1 3 48 3</runs>
            <runs>0 12 13 45 3</runs>
            <runs>0 10 16 43 3</runs>
            <runs>0 9 17 42 4</runs>
            <runs>0 8 20 40 3</runs>
            <runs>0 7 22 39 3</runs>
            <runs>0 6 24 38 2</runs>
            <runs>0 5 25 38 2</runs>
            <runs>30 38 2</runs>
            <runs>0 4 3 4 19 34 1 3 1</runs>
            <runs>0 4 2 5 19 34 1 3 1</runs>
            <runs>0 4 1 6 19 34 1</runs>
            <runs>0 4 1 6 19 32 3</runs>
            <runs>0 11 18 32 4</runs>
            <runs>0 11 18 32 4</runs>
            <runs>0 12 17 31 8</runs>
            <runs>0 12 16 31 9</runs>
            <runs>0 13 14 31 6</runs>
            <runs>0 15 11 31 6</runs>
            <runs>0 16 9 31 6</runs>
            <runs>0 55 3 1 2</runs>
            <runs>0 54 5</runs>
            <runs>0 52 8</runs>
            <runs>0 50 9</runs>
            <runs>0 49 9</runs>
            <runs>0 4 1 39 14</runs>
            <runs>0 4 1 39 13</runs>
            <runs>0 4 2 37 13</runs>
            <runs>0 4 3 32 16</runs>
            <runs>8 28 18</runs>
            <runs>9 24 19</runs>
            <runs>10 1 3 12 2 3 21</runs>
            <runs>0 1 49</runs>
            <runs>0 1 48</runs>
            <runs>0 1 47</runs>
            <runs>0 1 47</runs>
            <runs>0 1 46</runs>
            <runs>0 1 46</runs>
            <runs>0 5 42</runs>
            <runs>0 6 36</runs>
            <runs>0 8 31</runs>
            <runs>0 10 26</runs>
            <runs>0 11 22</runs>
            <runs>0 14 16</runs>
            <runs>0 16 10</runs>
            <runs></runs>
            <runs></runs>
            <runs>0 34 6</runs>
            <runs>0 11 3 20 6</runs>
            <runs>0 8 7 19 7</runs>
            <runs>0 7 9 17 9</runs>
            <runs>0 7 9 17 9</runs>
            <runs>0 6 10 17 9</runs>
            <runs>0 6 10 17 9</runs>
            <runs>0 6 10 18 8</runs>
            <runs>0 7 9 18 7</runs>
            <runs>0 8 7 21 2</runs>
            <runs>0 11 2</runs>
        </run-table>
    </sample>
    <sample shape="F_CLEF" interline="22" pitch="-1.6" left="402" top="2920" id="604">
        <run-table orientation="VERTICAL" width="66" height="74">
            <runs>0 72 1</runs>
            <runs>0 71 2</runs>
            <runs>0 71 3</runs>
            <runs>0 71 3</runs>
            <runs>0 70 3</runs>
            <runs>0 69 4</runs>
            <runs>0 69 3</runs>
            <runs>0 68 3</runs>
            <runs>0 67 4</runs>
            <runs>0 67 4</runs>
            <runs>0 13 6 48 3</runs>
            <runs>0 12 13 42 3</runs>
            <runs>0 10 16 41 2</runs>
            <runs>0 8 19 40 2</runs>
            <runs>0 7 21 39 2</runs>
            <runs>0 5 23 39 1</runs>
            <runs>0 5 24 38 1</runs>
            <runs>0 4 25</runs>
            <runs>8 2 19</runs>
            <runs>0 4 2 4 19 33 1</runs>
            <runs>0 4 1 5 19 32 2</runs>
            <runs>0 4 1 6 18 32 2</runs>
            <runs>0 11 17 32 3</runs>
            <runs>0 11 17 31 8</runs>
            <runs>0 12 16 30 9</runs>
            <runs>0 12 16 29 10</runs>
            <runs>0 13 14 29 5</runs>
            <runs>0 15 11 29 6</runs>
            <runs>0 16 9 29 6</runs>
            <runs>0 53 7</runs>
            <runs>0 52 7</runs>
            <runs>0 51 7</runs>
            <runs>0 49 8</runs>
            <runs>0 47 10</runs>
            <runs>0 43 13</runs>
            <runs>0 43 12</runs>
            <runs>0 41 13</runs>
            <runs>0 5 2 31 15</runs>
            <runs>9 27 16</runs>
            <runs>0 1 10 21 19</runs>
            <runs>0 1 11 16 1 1 20</runs>
            <runs>49</runs>
            <runs>48</runs>
            <runs>0 1 46</runs>
            <runs>0 1 45</runs>
            <runs>0 1 45</runs>
            <runs>0 5 12 1 28</runs>
            <runs>0 5 22 1 18</runs>
            <runs>0 1 39</runs>
            <runs>0 6 32</runs>
            <runs>0 9 28</runs>
            <runs>0 10 24</runs>
            <runs>0 11 18</runs>
            <runs>0 16 11</runs>
            <runs></runs>
            <runs></runs>
            <runs>0 35 5</runs>
            <runs>0 10 4 19 7</runs>
            <runs>0 9 6 18 9</runs>
            <runs>0 8 8 16 10</runs>
            <runs>0 7 10 15 10</runs>
            <runs>0 7 10 16 9</runs>
            <runs>0 7 10 16 9</runs>
            <runs>0 8 8 18 7</runs>
            <runs>0 9 6 20 5</runs>
            <runs>0 11 4</runs>
        </run-table>
    </sample>
    <sample shape="F_CLEF" interline="22" pitch="-1.7" left="404" top="3157" id="637">
        <run-table orientation="VERTICAL" width="57" height="70">
            <runs>0 16 9</runs>
            <runs>0 14 12</runs>
            <runs>0 11 16</runs>
            <runs>0 10 19</runs>
            <runs>0 9 21</runs>
            <runs>0 8 22</runs>
            <runs>0 6 25</runs>
            <runs>0 5 26</runs>
            <runs>0 1 30 34 1</runs>
            <runs>9 2 20 34 1</runs>
            <runs>8 4 19 33 2</runs>
            <runs>0 12 19 32 3</runs>
            <runs>0 12 19 32 3</runs>
            <runs>0 12 19 31 8</runs>
            <runs>0 13 17 31 9</runs>
            <runs>0 13 17 29 11</runs>
            <runs>0 14 15 30 11</runs>
            <runs>0 15 13 30 7</runs>
            <runs>0 16 12 29 7</runs>
            <runs>0 18 9 29 8</runs>
            <runs>0 55 8</runs>
            <runs>0 53 9</runs>
            <runs>0 51 10</runs>
            <runs>0 45 15</runs>
            <runs>0 45 14</runs>
            <runs>0 45 14</runs>
            <runs>0 6 1 38 13</runs>
            <runs>0 6 1 37 12</runs>
            <runs>0 6 3 30 16</runs>
            <runs>0 1 10 25 19</runs>
            <runs>0 2 11 20 21</runs>
            <runs>0 2 15 4 32</runs>
            <runs>0 2 50</runs>
            <runs>0 2 49</runs>
            <runs>0 2 47</runs>
            <runs>0 2 47</runs>
            <runs>0 6 42</runs>
            <runs>0 6 42</runs>
            <runs>0 8 35</runs>
            <runs>0 9 32</runs>
            <runs>0 10 29</runs>
            <runs>0 12 26</runs>
            <runs>0 14 20</runs>
            <runs>0 16 16</runs>
            <runs>0 19 10</runs>
            <runs></runs>
            <runs>0 39 3</runs>
            <runs>0 37 6</runs>
            <runs>0 11 6 19 8</runs>
            <runs>0 10 8 17 10</runs>
            <runs>0 9 9 17 10</runs>
            <runs>0 9 10 16 10</runs>
            <runs>0 9 10 16 10</runs>
            <runs>0 9 10 17 8</runs>
            <runs>0 9 9 18 7</runs>
            <runs>0 10 7 22 3</runs>
            <runs>0 12 4</runs>
        </run-table>
    </sample>
    <sample shape="F_CLEF" interline="22" pitch="-1.8" left="454" top="779" id="317">
        <run-table orientation="VERTICAL" width="57" height="68">
            <runs>0 15 9</runs>
            <runs>0 12 13</runs>
            <runs>0 10 16</runs>
            <runs>0 9 18</runs>
            <runs>0 7 21</runs>
            <runs>0 6 22</runs>
            <runs>0 5 23</runs>
            <runs>29</runs>
            <runs>8 3 18</runs>
            <runs>0 4 2 5 18</runs>
            <runs>0 4 2 5 18 34 1</runs>
            <runs>0 4 1 6 18 33 2</runs>
            <runs>0 11 18 32 3</runs>
            <runs>0 11 18 31 8</runs>
            <runs>0 12 17 30 9</runs>
            <runs>0 12 16 30 10</runs>
            <runs>0 12 16 29 11</runs>
            <runs>0 13 14 29 7</runs>
            <runs>0 14 12 29 7</runs>
            <runs>0 17 8 28 8</runs>
            <runs>0 52 9</runs>
            <runs>0 52 8</runs>
            <runs>0 50 9</runs>
            <runs>0 43 16</runs>
            <runs>0 43 15</runs>
            <runs>0 43 14</runs>
            <runs>0 5 1 37 12</runs>
            <runs>0 5 2 34 13</runs>
            <runs>8 30 16</runs>
            <runs>9 24 20</runs>
            <runs>11 20 21</runs>
            <runs>51</runs>
            <runs>49</runs>
            <runs>48</runs>
            <runs>47</runs>
            <runs>47</runs>
            <runs>47</runs>
            <runs>0 5 42</runs>
            <runs>0 6 41</runs>
            <runs>0 7 34</runs>
            <runs>0 9 29</runs>
            <runs>0 11 25</runs>
            <runs>0 12 21</runs>
            <runs>0 14 17</runs>
            <runs>0 16 12</runs>
            <runs></runs>
            <runs></runs>
            <runs>0 34 6</runs>
            <runs>0 10 5 18 8</runs>
            <runs>0 9 7 16 10</runs>
            <runs>0 8 8 16 10</runs>
            <runs>0 7 10 15 10</runs>
            <runs>0 6 11 15 10</runs>
            <runs>0 6 11 16 9</runs>
            <runs>0 6 10 17 8</runs>
            <runs>0 7 8 19 6</runs>
            <runs>0 9 6 20 1</runs>
        </run-table>
    </sample>
    <sample shape="F_CLEF" interline="22" pitch="-1.7" left="443" top="1384" id="394">
        <run-table orientation="VERTICAL" width="57" height="69">
            <runs>0 15 11</runs>
            <runs>0 12 14</runs>
            <runs>0 10 18</runs>
            <runs>0 9 20</runs>
            <runs>0 7 22</runs>
            <runs>0 6 24</runs>
            <runs>0 1 29</runs>
            <runs>9 2 19</runs>
            <runs>0 5 2 4 19</runs>
            <runs>0 5 1 5 20 34 1</runs>
            <runs>0 5 1 6 19 33 2</runs>
            <runs>0 12 18 33 3</runs>
            <runs>0 12 18 32 4</runs>
            <runs>0 12 18 32 4</runs>
            <runs>0 13 17 31 8</runs>
            <runs>0 14 15 31 9</runs>
            <runs>0 15 13 31 5</runs>
            <runs>0 15 12 30 6</runs>
            <runs>0 18 2 36 6</runs>
            <runs>0 55 7</runs>
            <runs>0 54 7</runs>
            <runs>0 52 8</runs>
            <runs>0 50 10</runs>
            <runs>0 45 14</runs>
            <runs>0 45 13</runs>
            <runs>0 44 13</runs>
            <runs>0 43 13</runs>
            <runs>0 41 15</runs>
            <runs>0 1 8 30 16</runs>
            <runs>0 1 11 19 22</runs>
            <runs>0 1 15 7 29</runs>
            <runs>0 1 50</runs>
            <runs>0 1 48</runs>
            <runs>0 2 47</runs>
            <runs>0 2 46</runs>
            <runs>0 6 41</runs>
            <runs>0 6 41</runs>
            <runs>0 7 35</runs>
            <runs>0 8 32</runs>
            <runs>0 10 28</runs>
            <runs>0 11 26</runs>
            <runs>0 13 21</runs>
            <runs>0 15 17</runs>
            <runs>0 19 8</runs>
            <runs></runs>
            <runs></runs>
            <runs>0 35 6</runs>
            <runs>0 10 5 19 8</runs>
            <runs>0 9 7 18 9</runs>
            <runs>0 8 9 17 9</runs>
            <runs>0 8 9 17 9</runs>
            <runs>0 7 11 16 9</runs>
            <runs>0 7 10 17 9</runs>
            <runs>0 8 9 18 8</runs>
            <runs>0 8 9 19 6</runs>
            <runs>0 10 6 21 3</runs>
            <runs>0 13 2</runs>
        </run-table>
    </sample>
    <sample shape="F_CLEF" interline="22" pitch="-1.4" left="425" top="1970" id="454">
        <run-table orientation="VERTICAL" width="66" height="77">
            <runs>0 74 3</runs>
            <runs>0 74 3</runs>
            <runs>0 73 4</runs>
            <runs>0 73 3</runs>
            <runs>0 72 3</runs>
            <runs>0 72 3</runs>
            <runs>0 71 4</runs>
            <runs>0 70 5</runs>
            <runs>0 65 9</runs>
            <runs>0 13 12 40 9</runs>
            <runs>0 11 15 43 4</runs>
            <runs>0 9 18 42 3</runs>
            <runs>0 8 19 42 3</runs>
            <runs>0 7 21 41 3</runs>
            <runs>0 6 23 40 2</runs>
            <runs>0 5 24 40 2</runs>
            <runs>0 4 26 39 1</runs>
            <runs>8 3 19</runs>
            <runs>0 4 3 5 18 34 1</runs>
            <runs>0 4 2 6 18 33 2</runs>
            <runs>0 4 1 7 18 31 8</runs>
            <runs>0 4 1 7 18 32 7</runs>
            <runs>0 12 18 31 8</runs>
            <runs>0 13 16 32 8</runs>
            <runs>0 13 15 31 10</runs>
            <runs>0 14 13 31 11</runs>
            <runs>0 15 11 32 6</runs>
            <runs>0 17 9 31 7</runs>
            <runs>0 20 2 33 8</runs>
            <runs>0 54 8</runs>
            <runs>0 52 9</runs>
            <runs>0 51 9</runs>
            <runs>0 45 14</runs>
            <runs>0 44 14</runs>
            <runs>0 4 1 39 12</runs>
            <runs>0 4 2 36 14</runs>
            <runs>8 32 15</runs>
            <runs>9 27 18</runs>
            <runs>0 1 10 20 22</runs>
            <runs>0 1 13 8 30</runs>
            <runs>0 1 45 1 4</runs>
            <runs>0 1 49</runs>
            <runs>0 2 47</runs>
            <runs>0 1 47</runs>
            <runs>0 1 47</runs>
            <runs>0 6 42</runs>
            <runs>0 7 35</runs>
            <runs>0 7 34</runs>
            <runs>0 10 29</runs>
            <runs>0 12 24</runs>
            <runs>0 14 20</runs>
            <runs>0 15 16</runs>
            <runs>0 17 9</runs>
            <runs></runs>
            <runs></runs>
            <runs>0 35 6</runs>
            <runs>0 11 4 20 6</runs>
            <runs>0 9 8 17 8</runs>
            <runs>0 8 9 17 9</runs>
            <runs>0 7 10 17 9</runs>
            <runs>0 7 10 17 9</runs>
            <runs>0 7 10 17 9</runs>
            <runs>0 7 9 19 8</runs>
            <runs>0 8 8 19 7</runs>
            <runs>0 10 5 22 4</runs>
            <runs>0 12 2</runs>
        </run-table>
    </sample>
    <sample shape="F_CLEF" interline="22" pitch="-1.7" left="418" top="2539" id="539">
        <run-table orientation="VERTICAL" width="58" height="68">
            <runs>0 17 1 1 3</runs>
            <runs>0 12 13</runs>
            <runs>0 10 16</runs>
            <runs>0 9 17</runs>
            <runs>0 8 20</runs>
            <runs>0 7 22</runs>
            <runs>0 6 24</runs>
            <runs>0 5 25</runs>
            <runs>30</runs>
            <runs>0 4 3 4 19 34 1</runs>
            <runs>0 4 2 5 19 34 1</runs>
            <runs>0 4 1 6 19 34 1</runs>
            <runs>0 4 1 6 19 32 3</runs>
            <runs>0 11 18 32 4</runs>
            <runs>0 11 18 32 4</runs>
            <runs>0 12 17 31 8</runs>
            <runs>0 12 16 31 9</runs>
            <runs>0 13 14 31 6</runs>
            <runs>0 15 11 31 6</runs>
            <runs>0 16 9 31 6</runs>
            <runs>0 55 3 1 2</runs>
            <runs>0 54 5</runs>
            <runs>0 52 8</runs>
            <runs>0 50 9</runs>
            <runs>0 49 9</runs>
            <runs>0 4 1 39 14</runs>
            <runs>0 4 1 39 13</runs>
            <runs>0 4 2 37 13</runs>
            <runs>0 4 3 32 16</runs>
            <runs>8 28 18</runs>
            <runs>9 24 19</runs>
            <runs>10 1 3 12 2 3 21</runs>
            <runs>0 1 49</runs>
            <runs>0 1 48</runs>
            <runs>0 1 47</runs>
            <runs>0 1 47</runs>
            <runs>0 1 46</runs>
            <runs>0 1 46</runs>
            <runs>0 5 42</runs>
            <runs>0 6 36</runs>
            <runs>0 8 31</runs>
            <runs>0 10 26</runs>
            <runs>0 11 22</runs>
            <runs>0 14 16</runs>
            <runs>0 16 10</runs>
            <runs></runs>
            <runs></runs>
            <runs>0 34 6</runs>
            <runs>0 11 3 20 6</runs>
            <runs>0 8 7 19 7</runs>
            <runs>0 7 9 17 9</runs>
            <runs>0 7 9 17 9</runs>
            <runs>0 6 10 17 9</runs>
            <runs>0 6 10 17 9</runs>
            <runs>0 6 10 18 8</runs>
            <runs>0 7 9 18 7</runs>
            <runs>0 8 7 21 2</runs>
            <runs>0 11 2</runs>
        </run-table>
    </sample>
    <sample shape="F_CLEF" interline="22" pitch="-1.7" left="412" top="2920" id="605">
        <run-table orientation="VERTICAL" width="56" height="67">
            <runs>0 13 6</runs>
            <runs>0 12 13</runs>
            <runs>0 10 16</runs>
            <runs>0 8 19</runs>
            <runs>0 7 21</runs>
            <runs>0 5 23</runs>
            <runs>0 5 24</runs>
            <runs>0 4 25</runs>
            <runs>8 2 19</runs>
            <runs>0 4 2 4 19 33 1</runs>
            <runs>0 4 1 5 19 32 2</runs>
            <runs>0 4 1 6 18 32 2</runs>
            <runs>0 11 17 32 3</runs>
            <runs>0 11 17 31 8</runs>
            <runs>0 12 16 30 9</runs>
            <runs>0 12 16 29 10</runs>
            <runs>0 13 14 29 5</runs>
            <runs>0 15 11 29 6</runs>
            <runs>0 16 9 29 6</runs>
            <runs>0 53 7</runs>
            <runs>0 52 7</runs>
            <runs>0 51 7</runs>
            <runs>0 49 8</runs>
            <runs>0 47 10</runs>
            <runs>0 43 13</runs>
            <runs>0 43 12</runs>
            <runs>0 41 13</runs>
            <runs>0 5 2 31 15</runs>
            <runs>9 27 16</runs>
            <runs>0 1 10 21 19</runs>
            <runs>0 1 11 16 1 1 20</runs>
            <runs>49</runs>
            <runs>48</runs>
            <runs>0 1 46</runs>
            <runs>0 1 45</runs>
            <runs>0 1 45</runs>
            <runs>0 5 12 1 28</runs>
            <runs>0 5 22 1 18</runs>
            <runs>0 1 39</runs>
            <runs>0 6 32</runs>
            <runs>0 9 28</runs>
            <runs>0 10 24</runs>
            <runs>0 11 18</runs>
            <runs>0 16 11</runs>
            <runs></runs>
            <runs></runs>
            <runs>0 35 5</runs>
            <runs>0 10 4 19 7</runs>
            <runs>0 9 6 18 9</runs>
            <runs>0 8 8 16 10</runs>
            <runs>0 7 10 15 10</runs>
            <runs>0 7 10 16 9</runs>
            <runs>0 7 10 16 9</runs>
            <runs>0 8 8 18 7</runs>
            <runs>0 9 6 20 5</runs>
            <runs>0 11 4</runs>
        </run-table>
    </sample>
    <sample shape="F_CLEF" interline="22" pitch="-1.5" left="393" top="3157" id="632">
        <run-table orientation="VERTICAL" width="68" height="77">
            <runs>0 75 2</runs>
            <runs>0 74 3</runs>
            <runs>0 74 3</runs>
            <runs>0 74 3</runs>
            <runs>0 73 4</runs>
            <runs>0 73 3</runs>
            <runs>0 72 4</runs>
            <runs>0 72 3</runs>
            <runs>0 72 3</runs>
            <runs>0 72 2</runs>
            <runs>0 71 3</runs>
            <runs>0 16 9 41 8</runs>
            <runs>0 14 12 44 3</runs>
            <runs>0 11 16 43 3</runs>
            <runs>0 10 19 41 2</runs>
            <runs>0 9 21 40 2</runs>
            <runs>0 8 22 40 1</runs>
            <runs>0 6 25 39 1</runs>
            <runs>0 5 26</runs>
            <runs>0 1 30 34 1</runs>
            <runs>9 2 20 34 1</runs>
            <runs>8 4 19 33 2</runs>
            <runs>0 12 19 32 3</runs>
            <runs>0 12 19 32 3</runs>
            <runs>0 12 19 31 8</runs>
            <runs>0 13 17 31 9</runs>
            <runs>0 13 17 29 11</runs>
            <runs>0 14 15 30 11</runs>
            <runs>0 15 13 30 7</runs>
            <runs>0 16 12 29 7</runs>
            <runs>0 18 9 29 8</runs>
            <runs>0 55 8</runs>
            <runs>0 53 9</runs>
            <runs>0 51 10</runs>
            <runs>0 45 15</runs>
            <runs>0 45 14</runs>
            <runs>0 45 14</runs>
            <runs>0 6 1 38 13</runs>
            <runs>0 6 1 37 12</runs>
            <runs>0 6 3 30 16</runs>
            <runs>0 1 10 25 19</runs>
            <runs>0 2 11 20 21</runs>
            <runs>0 2 15 4 32</runs>
            <runs>0 2 50</runs>
            <runs>0 2 49</runs>
            <runs>0 2 47</runs>
            <runs>0 2 47</runs>
            <runs>0 6 42</runs>
            <runs>0 6 42</runs>
            <runs>0 8 35</runs>
            <runs>0 9 32</runs>
            <runs>0 10 29</runs>
            <runs>0 12 26</runs>
            <runs>0 14 20</runs>
            <runs>0 16 16</runs>
            <runs>0 19 10</runs>
            <runs></runs>
            <runs>0 39 3</runs>
            <runs>0 37 6</runs>
            <runs>0 11 6 19 8</runs>
            <runs>0 10 8 17 10</runs>
            <runs>0 9 9 17 10</runs>
            <runs>0 9 10 16 10</runs>
            <runs>0 9 10 16 10</runs>
            <runs>0 9 10 17 8</runs>
            <runs>0 9 9 18 7</runs>
            <runs>0 10 7 22 3</runs>
            <runs>0 12 4</runs>
        </run-table>
    </sample>
    <sample shape="FLAT" interline="22" pitch="-0.5" left="530" top="518" id="327">
        <run-table orientation="VERTICAL" width="20" height="55">
            <runs>0 1 53</runs>
            <runs>55</runs>
            <runs>54</runs>
            <runs>39 8 7</runs>
            <runs>0 1 17 8 5 16 5</runs>
            <runs>0 26 4 16 5</runs>
            <runs>0 26 3 16 5</runs>
            <runs>0 25 3 16 5</runs>
            <runs>0 24 4 14 6</runs>
            <runs>0 24 4 12 7</runs>
            <runs>0 24 3 8 11</runs>
            <runs>0 25 2 8 10</runs>
            <runs>0 25 3 6 11</runs>
            <runs>0 25 19</runs>
            <runs>0 25 18</runs>
            <runs>0 25 17</runs>
            <runs>0 25 15</runs>
            <runs>0 26 13</runs>
            <runs>0 27 12</runs>
            <runs>0 28 10</runs>
        </run-table>
    </sample>
    <sample shape="FLAT" interline="22" pitch="-3.8" left="554" top="484" id="337">
        <run-table orientation="VERTICAL" width="21" height="54">
            <runs>0 13 2 4 4 15 3 3 9</runs>
            <runs>0 1 53</runs>
            <runs>54</runs>
            <runs>35</runs>
            <runs>22 8 2</runs>
            <runs>0 30 1 15 1</runs>
            <runs>0 25 1 19 2</runs>
            <runs>0 25 1 18 8</runs>
            <runs>0 24 2 16 10</runs>
            <runs>0 24 2 15 10</runs>
            <runs>0 24 2 14 7</runs>
            <runs>0 24 2 12 8</runs>
            <runs>0 24 2 11 7</runs>
            <runs>0 24 19</runs>
            <runs>0 24 18</runs>
            <runs>0 25 16</runs>
            <runs>0 25 16</runs>
            <runs>0 25 15</runs>
            <runs>0 26 13</runs>
            <runs>0 26 11</runs>
            <runs>0 26 9</runs>
        </run-table>
    </sample>
    <sample shape="FLAT" interline="22" pitch="0.3" left="573" top="529" id="336">
        <run-table orientation="VERTICAL" width="22" height="54">
            <runs>0 7 2</runs>
            <runs>0 2 11 3 14</runs>
            <runs>0 1 52</runs>
            <runs>54</runs>
            <runs>54</runs>
            <runs>0 1 11 2 2 1 16 12 8</runs>
            <runs>0 29 2 19 2</runs>
            <runs>0 29 1</runs>
            <runs>0 43 2</runs>
            <runs>0 42 8</runs>
            <runs>0 41 8</runs>
            <runs>0 39 11</runs>
            <runs>0 37 13</runs>
            <runs>0 36 9</runs>
            <runs>0 24 20</runs>
            <runs>0 24 19</runs>
            <runs>0 24 18</runs>
            <runs>0 25 16</runs>
            <runs>0 25 14</runs>
            <runs>0 25 13</runs>
            <runs>0 25 11</runs>
            <runs>0 25 9</runs>
        </run-table>
    </sample>
    <sample shape="FLAT" interline="22" pitch="-2.4" left="599" top="498" id="332">
        <run-table orientation="VERTICAL" width="22" height="59">
            <runs>0 50 4</runs>
            <runs>0 21 1 1 32</runs>
            <runs>0 1 58</runs>
            <runs>40 8 6</runs>
            <runs>39 9 5</runs>
            <runs>0 1 19 6 6 15 5</runs>
            <runs>0 26 5 15 5</runs>
            <runs>0 26 3 16 5</runs>
            <runs>0 25 4 14 6</runs>
            <runs>0 25 3 14 6</runs>
            <runs>0 25 3 12 7</runs>
            <runs>0 25 3 7 11</runs>
            <runs>0 25 4 6 10</runs>
            <runs>0 25 5 5 9</runs>
            <runs>0 25 18</runs>
            <runs>0 25 18</runs>
            <runs>0 25 17</runs>
            <runs>0 26 15</runs>
            <runs>0 26 14</runs>
            <runs>0 27 13</runs>
            <runs>0 28 11</runs>
            <runs>0 31 2</runs>
        </run-table>
    </sample>
    <sample shape="FLAT" interline="22" pitch="1.5" left="621" top="542" id="333">
        <run-table orientation="VERTICAL" width="22" height="59">
            <runs>0 50 3</runs>
            <runs>0 4 14 1 1 2 32</runs>
            <runs>0 1 58</runs>
            <runs>44 4 6</runs>
            <runs>38 10 5</runs>
            <runs>0 1 17 8 6 15 5</runs>
            <runs>0 3 2 21 4 16 5</runs>
            <runs>0 26 3 16 5</runs>
            <runs>0 25 4 15 5</runs>
            <runs>0 25 4 13 6</runs>
            <runs>0 24 5 12 6</runs>
            <runs>0 24 5 10 8</runs>
            <runs>0 25 5 5 10</runs>
            <runs>0 24 6 3 12</runs>
            <runs>0 24 20</runs>
            <runs>0 25 18</runs>
            <runs>0 25 17</runs>
            <runs>0 26 15</runs>
            <runs>0 26 13</runs>
            <runs>0 27 11</runs>
            <runs>0 29 9</runs>
            <runs>0 32 2</runs>
        </run-table>
    </sample>
    <sample shape="FLAT" interline="22" pitch="1.4" left="524" top="809" id="344">
        <run-table orientation="VERTICAL" width="21" height="55">
            <runs>0 24 4 2 11 4 1 1 7</runs>
            <runs>0 1 54</runs>
            <runs>54</runs>
            <runs>40 7 7</runs>
            <runs>20 5 7 15 6</runs>
            <runs>0 1 2 23 4 16 6</runs>
            <runs>0 25 4 16 5</runs>
            <runs>0 25 3 16 5</runs>
            <runs>0 25 3 14 7</runs>
            <runs>0 24 3 13 8</runs>
            <runs>0 24 4 8 10</runs>
            <runs>0 24 4 8 9</runs>
            <runs>0 24 5 6 9</runs>
            <runs>0 24 20</runs>
            <runs>0 24 19</runs>
            <runs>0 25 17</runs>
            <runs>0 25 16</runs>
            <runs>0 26 14</runs>
            <runs>0 27 12</runs>
            <runs>0 28 11</runs>
            <runs>0 31 8</runs>
        </run-table>
    </sample>
    <sample shape="FLAT" interline="22" pitch="-1.7" left="548" top="777" id="355">
        <run-table orientation="VERTICAL" width="20" height="54">
            <runs>0 1 52</runs>
            <runs>54</runs>
            <runs>38 1 15</runs>
            <runs>0 1 31 18 3</runs>
            <runs>0 29 2 19 2</runs>
            <runs>0 45 1 4 1</runs>
            <runs>0 45 1</runs>
            <runs>0 24 1 18 3</runs>
            <runs>0 24 1 17 8</runs>
            <runs>0 24 1 15 10</runs>
            <runs>0 24 1 14 11</runs>
            <runs>0 23 2 11 14</runs>
            <runs>0 23 2 9 10</runs>
            <runs>0 24 19</runs>
            <runs>0 24 18</runs>
            <runs>0 25 16</runs>
            <runs>0 25 14</runs>
            <runs>0 25 13</runs>
            <runs>0 25 11</runs>
            <runs>0 26 9</runs>
        </run-table>
    </sample>
    <sample shape="FLAT" interline="22" pitch="2.3" left="569" top="820" id="354">
        <run-table orientation="VERTICAL" width="21" height="55">
            <runs>0 24 2 14 1</runs>
            <runs>0 1 53</runs>
            <runs>55</runs>
            <runs>42 4 8</runs>
            <runs>11 1 21 13 8</runs>
            <runs>0 51 2</runs>
            <runs>0 45 1</runs>
            <runs>0 44 2</runs>
            <runs>0 43 8</runs>
            <runs>0 42 9</runs>
            <runs>0 41 10</runs>
            <runs>0 39 7</runs>
            <runs>0 37 8</runs>
            <runs>0 34 10</runs>
            <runs>0 24 19</runs>
            <runs>0 24 19</runs>
            <runs>0 24 17</runs>
            <runs>0 25 15</runs>
            <runs>0 25 13</runs>
            <runs>0 26 11</runs>
            <runs>0 26 8</runs>
        </run-table>
    </sample>
    <sample shape="FLAT" interline="22" pitch="-0.6" left="595" top="790" id="349">
        <run-table orientation="VERTICAL" width="22" height="54">
            <runs>0 50 3</runs>
            <runs>0 10 44</runs>
            <runs>0 1 53</runs>
            <runs>38 9 6</runs>
            <runs>22 3 6 15 6</runs>
            <runs>5 21 4 16 5</runs>
            <runs>0 25 4 16 5</runs>
            <runs>0 25 3 16 4</runs>
            <runs>0 24 4 15 4</runs>
            <runs>0 24 3 15 5</runs>
            <runs>0 24 3 8 11</runs>
            <runs>0 24 3 8 10</runs>
            <runs>0 23 5 7 9</runs>
            <runs>0 24 5 3 11</runs>
            <runs>0 24 19</runs>
            <runs>0 25 16</runs>
            <runs>0 25 15</runs>
            <runs>0 25 14</runs>
            <runs>0 26 12</runs>
            <runs>0 27 11</runs>
            <runs>0 28 10</runs>
            <runs>0 30 2</runs>
        </run-table>
    </sample>
    <sample shape="FLAT" interline="22" pitch="3.7" left="616" top="836" id="350">
        <run-table orientation="VERTICAL" width="21" height="52">
            <runs>0 27 1 11 1</runs>
            <runs>0 1 51</runs>
            <runs>52</runs>
            <runs>36 12 4</runs>
            <runs>22 3 11 11 5</runs>
            <runs>0 27 3 16 6</runs>
            <runs>0 26 3 16 6</runs>
            <runs>0 26 2 16 6</runs>
            <runs>0 25 3 15 6</runs>
            <runs>0 25 3 14 6</runs>
            <runs>0 25 3 12 7</runs>
            <runs>0 24 4 10 8</runs>
            <runs>0 24 6 2 13</runs>
            <runs>0 24 20</runs>
            <runs>0 25 18</runs>
            <runs>0 25 17</runs>
            <runs>0 25 16</runs>
            <runs>0 26 14</runs>
            <runs>0 26 12</runs>
            <runs>0 27 10</runs>
            <runs>0 29 3</runs>
        </run-table>
    </sample>
    <sample shape="FLAT" interline="22" pitch="-0.7" left="519" top="1148" id="402">
        <run-table orientation="VERTICAL" width="20" height="55">
            <runs>0 2 3 1 49</runs>
            <runs>0 1 54</runs>
            <runs>40 9 5</runs>
            <runs>0 1 17 1 2 3 8 16 4</runs>
            <runs>0 26 5 16 4</runs>
            <runs>0 26 3 17 4</runs>
            <runs>0 25 3 17 5</runs>
            <runs>0 25 3 15 6</runs>
            <runs>0 25 3 13 7</runs>
            <runs>0 25 2 10 10</runs>
            <runs>0 25 2 10 9</runs>
            <runs>0 24 4 8 9</runs>
            <runs>0 24 5 7 8</runs>
            <runs>0 25 18</runs>
            <runs>0 25 17</runs>
            <runs>0 25 15</runs>
            <runs>0 26 13</runs>
            <runs>0 26 13</runs>
            <runs>0 27 12</runs>
            <runs>0 30 5</runs>
        </run-table>
    </sample>
    <sample shape="FLAT" interline="22" pitch="-3.9" left="542" top="1115" id="409">
        <run-table orientation="VERTICAL" width="22" height="54">
            <runs>0 45 3</runs>
            <runs>0 2 52</runs>
            <runs>0 1 42 2 9</runs>
            <runs>34 17 3</runs>
            <runs>0 1 9 5 5 10 2 19 2</runs>
            <runs>0 51 1</runs>
            <runs>0 26 1 18 1</runs>
            <runs>0 26 1 18 1</runs>
            <runs>0 25 2 17 2</runs>
            <runs>0 25 2 15 9</runs>
            <runs>0 25 2 13 6</runs>
            <runs>0 25 2 11 8</runs>
            <runs>0 25 2 10 8</runs>
            <runs>0 25 18</runs>
            <runs>0 25 17</runs>
            <runs>0 26 15</runs>
            <runs>0 26 14</runs>
            <runs>0 26 13</runs>
            <runs>0 27 11</runs>
            <runs>0 27 9</runs>
            <runs>0 27 8</runs>
            <runs>0 32 1</runs>
        </run-table>
    </sample>
    <sample shape="FLAT" interline="22" pitch="0.2" left="563" top="1158" id="412">
        <run-table orientation="VERTICAL" width="20" height="55">
            <runs>0 16 2 2 2 29 2</runs>
            <runs>0 1 54</runs>
            <runs>55</runs>
            <runs>0 1 34</runs>
            <runs>0 1 8 8 2 11 2</runs>
            <runs>0 47 1</runs>
            <runs>0 45 3</runs>
            <runs>0 44 4</runs>
            <runs>0 43 8</runs>
            <runs>0 42 9</runs>
            <runs>0 40 7</runs>
            <runs>0 39 7</runs>
            <runs>0 37 8</runs>
            <runs>0 33 10</runs>
            <runs>0 25 17</runs>
            <runs>0 25 17</runs>
            <runs>0 26 14</runs>
            <runs>0 26 13</runs>
            <runs>0 27 11</runs>
            <runs>0 27 9</runs>
        </run-table>
    </sample>
    <sample shape="FLAT" interline="22" pitch="-2.6" left="588" top="1129" id="407">
        <run-table orientation="VERTICAL" width="21" height="53">
            <runs>0 25 1 3 11 3 10</runs>
            <runs>0 1 52</runs>
            <runs>41 6 6</runs>
            <runs>33 14 5</runs>
            <runs>9 1 9 7 5 16 4</runs>
            <runs>0 26 3 16 5</runs>
            <runs>0 25 3 16 5</runs>
            <runs>0 25 2 16 5</runs>
            <runs>0 24 3 15 5</runs>
            <runs>0 24 3 14 5</runs>
            <runs>0 24 3 8 10</runs>
            <runs>0 24 3 8 10</runs>
            <runs>0 24 3 8 9</runs>
            <runs>0 24 7 1 11</runs>
            <runs>0 24 18</runs>
            <runs>0 24 17</runs>
            <runs>0 25 15</runs>
            <runs>0 25 14</runs>
            <runs>0 26 12</runs>
            <runs>0 28 10</runs>
            <runs>0 32 3</runs>
        </run-table>
    </sample>
    <sample shape="FLAT" interline="22" pitch="1.6" left="610" top="1173" id="408">
        <run-table orientation="VERTICAL" width="20" height="55">
            <runs>0 2 3 11 2 2 34</runs>
            <runs>55</runs>
            <runs>43 3 8</runs>
            <runs>23 1 13 10 6</runs>
            <runs>0 2 2 22 4 16 6</runs>
            <runs>0 26 3 16 6</runs>
            <runs>0 26 2 16 6</runs>
            <runs>0 25 3 15 6</runs>
            <runs>0 25 2 15 6</runs>
            <runs>0 24 3 14 6</runs>
            <runs>0 24 4 11 7</runs>
            <runs>0 24 5 5 10</runs>
            <runs>0 24 5 4 10</runs>
            <runs>0 24 19</runs>
            <runs>0 25 17</runs>
            <runs>0 25 16</runs>
            <runs>0 26 14</runs>
            <runs>0 26 12</runs>
            <runs>0 27 11</runs>
            <runs>0 29 8</runs>
        </run-table>
    </sample>
    <sample shape="FLAT" interline="22" pitch="1.4" left="512" top="1416" id="419">
        <run-table orientation="VERTICAL" width="20" height="54">
            <runs>0 1 19 2 2 3 1 6 10 2 7</runs>
            <runs>54</runs>
            <runs>41 4 9</runs>
            <runs>23 2 6 17 5</runs>
            <runs>0 26 4 17 5</runs>
            <runs>0 26 3 17 4</runs>
            <runs>0 25 3 17 4</runs>
            <runs>0 25 2 16 5</runs>
            <runs>0 25 2 15 5</runs>
            <runs>0 24 3 13 6</runs>
            <runs>0 24 3 9 9</runs>
            <runs>0 24 3 8 9</runs>
            <runs>0 24 4 6 9</runs>
            <runs>0 24 18</runs>
            <runs>0 24 17</runs>
            <runs>0 24 16</runs>
            <runs>0 25 14</runs>
            <runs>0 26 13</runs>
            <runs>0 27 11</runs>
            <runs>0 29 9</runs>
        </run-table>
    </sample>
    <sample shape="FLAT" interline="22" pitch="-1.7" left="537" top="1384" id="427">
        <run-table orientation="VERTICAL" width="20" height="54">
            <runs>0 20 1 16 3 9 3</runs>
            <runs>54</runs>
            <runs>53</runs>
            <runs>32 18 2</runs>
            <runs>0 1 8 41 1</runs>
            <runs></runs>
            <runs></runs>
            <runs>0 43 2</runs>
            <runs>0 42 3</runs>
            <runs>0 41 8</runs>
            <runs>0 39 6</runs>
            <runs>0 37 7</runs>
            <runs>0 36 7</runs>
            <runs>0 28 2 2 11</runs>
            <runs>0 24 18</runs>
            <runs>0 24 17</runs>
            <runs>0 24 15</runs>
            <runs>0 25 13</runs>
            <runs>0 25 11</runs>
            <runs>0 25 9</runs>
        </run-table>
    </sample>
    <sample shape="FLAT" interline="22" pitch="2.4" left="558" top="1427" id="430">
        <run-table orientation="VERTICAL" width="21" height="55">
            <runs>0 1 2</runs>
            <runs>29 6 16</runs>
            <runs>55</runs>
            <runs>34 4 3 4 9</runs>
            <runs>0 29 2 19 3</runs>
            <runs>0 29 1 20 2</runs>
            <runs>0 50 1</runs>
            <runs>0 44 2</runs>
            <runs>0 43 3</runs>
            <runs>0 42 8</runs>
            <runs>0 40 10</runs>
            <runs>0 39 7</runs>
            <runs>0 37 8</runs>
            <runs>0 35 9</runs>
            <runs>0 24 19</runs>
            <runs>0 24 18</runs>
            <runs>0 25 15</runs>
            <runs>0 25 14</runs>
            <runs>0 26 12</runs>
            <runs>0 26 10</runs>
            <runs>0 26 8</runs>
        </run-table>
    </sample>
    <sample shape="FLAT" interline="22" pitch="-0.4" left="583" top="1398" id="425">
        <run-table orientation="VERTICAL" width="21" height="57">
            <runs>0 31 2 3 2 9 6</runs>
            <runs>0 1 56</runs>
            <runs>41 5 8</runs>
            <runs>36 11 5</runs>
            <runs>0 1 14 11 5 16 4</runs>
            <runs>0 26 3 17 4</runs>
            <runs>0 26 2 17 4</runs>
            <runs>0 25 3 16 4</runs>
            <runs>0 25 2 16 5</runs>
            <runs>0 24 3 14 6</runs>
            <runs>0 24 3 13 6</runs>
            <runs>0 24 3 11 7</runs>
            <runs>0 24 4 5 11</runs>
            <runs>0 24 4 4 11</runs>
            <runs>0 25 17</runs>
            <runs>0 25 16</runs>
            <runs>0 25 15</runs>
            <runs>0 26 13</runs>
            <runs>0 27 10</runs>
            <runs>0 29 4</runs>
            <runs>0 31 2</runs>
        </run-table>
    </sample>
    <sample shape="FLAT" interline="22" pitch="3.6" left="605" top="1442" id="426">
        <run-table orientation="VERTICAL" width="20" height="52">
            <runs>0 1 2 2 1 14 2 4 10 8 8</runs>
            <runs>52</runs>
            <runs>42 5 5</runs>
            <runs>36 11 5</runs>
            <runs>0 1 2 23 3 18 5</runs>
            <runs>0 26 2 18 5</runs>
            <runs>0 26 2 17 5</runs>
            <runs>0 25 2 17 5</runs>
            <runs>0 25 2 16 5</runs>
            <runs>0 24 3 14 6</runs>
            <runs>0 24 3 13 6</runs>
            <runs>0 24 4 5 12</runs>
            <runs>0 24 5 4 11</runs>
            <runs>0 24 19</runs>
            <runs>0 24 18</runs>
            <runs>0 25 16</runs>
            <runs>0 25 15</runs>
            <runs>0 25 14</runs>
            <runs>0 26 12</runs>
            <runs>0 28 9</runs>
        </run-table>
    </sample>
    <sample shape="FLAT" interline="22" pitch="-0.6" left="508" top="1724" id="477">
        <run-table orientation="VERTICAL" width="20" height="53">
            <runs>0 4 2 4 11 1 3 2 1 2 23</runs>
            <runs>0 1 52</runs>
            <runs>39 8 6</runs>
            <runs>20 4 6 16 6</runs>
            <runs>0 25 4 17 4</runs>
            <runs>0 25 3 17 4</runs>
            <runs>0 25 3 16 4</runs>
            <runs>0 25 2 15 5</runs>
            <runs>0 24 3 14 5</runs>
            <runs>0 24 3 9 9</runs>
            <runs>0 24 3 10 7</runs>
            <runs>0 24 3 10 6</runs>
            <runs>0 24 4 9 5</runs>
            <runs>0 24 6 1 11</runs>
            <runs>0 25 16</runs>
            <runs>0 25 15</runs>
            <runs>0 26 13</runs>
            <runs>0 26 13</runs>
            <runs>0 27 12</runs>
            <runs>0 29 4</runs>
        </run-table>
    </sample>
    <sample shape="FLAT" interline="22" pitch="-3.8" left="531" top="1692" id="485">
        <run-table orientation="VERTICAL" width="21" height="54">
            <runs>0 50 2</runs>
            <runs>0 5 2 3 43</runs>
            <runs>0 1 53</runs>
            <runs>34 16 3</runs>
            <runs>30 20 1</runs>
            <runs>0 1 2</runs>
            <runs></runs>
            <runs>0 44 1</runs>
            <runs>0 43 2</runs>
            <runs>0 41 9</runs>
            <runs>0 40 5</runs>
            <runs>0 38 7</runs>
            <runs>0 36 7</runs>
            <runs>0 35 8</runs>
            <runs>0 24 18</runs>
            <runs>0 24 17</runs>
            <runs>0 24 16</runs>
            <runs>0 25 13</runs>
            <runs>0 25 13</runs>
            <runs>0 26 9</runs>
            <runs>0 26 8</runs>
        </run-table>
    </sample>
    <sample shape="FLAT" interline="22" pitch="0.3" left="553" top="1735" id="488">
        <run-table orientation="VERTICAL" width="20" height="54">
            <runs>0 10 44</runs>
            <runs>54</runs>
            <runs>36 15 2</runs>
            <runs>0 1 14 1 1 4 2 6 2 20 2</runs>
            <runs>0 29 1 21 1</runs>
            <runs>0 29 1</runs>
            <runs>0 44 2</runs>
            <runs>0 43 3</runs>
            <runs>0 24 1 17 8</runs>
            <runs>0 24 1 15 10</runs>
            <runs>0 24 1 14 6</runs>
            <runs>0 23 2 12 8</runs>
            <runs>0 24 1 9 10</runs>
            <runs>0 24 19</runs>
            <runs>0 24 18</runs>
            <runs>0 25 16</runs>
            <runs>0 26 13</runs>
            <runs>0 26 12</runs>
            <runs>0 26 11</runs>
            <runs>0 26 9</runs>
        </run-table>
    </sample>
    <sample shape="FLAT" interline="22" pitch="-2.6" left="578" top="1705" id="482">
        <run-table orientation="VERTICAL" width="21" height="54">
            <runs>0 31 1 6 2 10 2</runs>
            <runs>0 1 53</runs>
            <runs>54</runs>
            <runs>38 9 6</runs>
            <runs>9 2 8 7 4 17 5</runs>
            <runs>0 26 4 16 5</runs>
            <runs>0 25 4 16 5</runs>
            <runs>0 25 3 16 4</runs>
            <runs>0 25 3 15 5</runs>
            <runs>0 25 2 15 4</runs>
            <runs>0 24 3 8 10</runs>
            <runs>0 24 3 8 10</runs>
            <runs>0 24 4 7 9</runs>
            <runs>0 24 5 5 9</runs>
            <runs>0 24 18</runs>
            <runs>0 25 16</runs>
            <runs>0 25 15</runs>
            <runs>0 26 13</runs>
            <runs>0 26 5 1 7</runs>
            <runs>0 27 11</runs>
            <runs>0 30 2</runs>
        </run-table>
    </sample>
    <sample shape="FLAT" interline="22" pitch="1.6" left="599" top="1749" id="483">
        <run-table orientation="VERTICAL" width="20" height="58">
            <runs>0 3 2 3 11 4 1 2 1 3 4 4 4 5 7</runs>
            <runs>0 1 57</runs>
            <runs>39 1 2 5 11</runs>
            <runs>21 1 15 10 7</runs>
            <runs>0 2 2 2 2 19 4 16 5</runs>
            <runs>0 26 3 17 5</runs>
            <runs>0 26 2 17 5</runs>
            <runs>0 25 3 16 5</runs>
            <runs>0 25 2 16 5</runs>
            <runs>0 25 2 14 6</runs>
            <runs>0 25 2 13 6</runs>
            <runs>0 24 3 11 7</runs>
            <runs>0 24 4 6 10</runs>
            <runs>0 24 6 2 11</runs>
            <runs>0 25 17</runs>
            <runs>0 25 16</runs>
            <runs>0 25 15</runs>
            <runs>0 26 13</runs>
            <runs>0 27 11</runs>
            <runs>0 28 9</runs>
        </run-table>
    </sample>
    <sample shape="FLAT" interline="22" pitch="1.4" left="502" top="2001" id="495">
        <run-table orientation="VERTICAL" width="21" height="56">
            <runs>0 2 3 3 2 1 4 19 2 12 5</runs>
            <runs>31 1 24</runs>
            <runs>40 1 2 2 10</runs>
            <runs>33 15 6</runs>
            <runs>0 2 1 24 5 15 5</runs>
            <runs>0 27 3 17 4</runs>
            <runs>0 26 3 17 4</runs>
            <runs>0 25 3 16 5</runs>
            <runs>0 25 3 15 5</runs>
            <runs>0 25 2 14 6</runs>
            <runs>0 25 2 10 9</runs>
            <runs>0 25 3 9 8</runs>
            <runs>0 25 4 7 8</runs>
            <runs>0 25 5 4 10</runs>
            <runs>0 25 18</runs>
            <runs>0 25 17</runs>
            <runs>0 26 15</runs>
            <runs>0 27 13</runs>
            <runs>0 28 11</runs>
            <runs>0 29 11</runs>
            <runs>0 32 1</runs>
        </run-table>
    </sample>
    <sample shape="FLAT" interline="22" pitch="-1.7" left="526" top="1968" id="506">
        <run-table orientation="VERTICAL" width="20" height="56">
            <runs>0 13 3 2 2 5 10 3 4 2 11</runs>
            <runs>0 1 55</runs>
            <runs>55</runs>
            <runs>34 18 2</runs>
            <runs>0 52 1</runs>
            <runs></runs>
            <runs></runs>
            <runs>0 25 1 18 8</runs>
            <runs>0 25 1 17 8</runs>
            <runs>0 25 1 15 10</runs>
            <runs>0 24 2 14 7</runs>
            <runs>0 25 1 13 7</runs>
            <runs>0 24 2 10 9</runs>
            <runs>0 24 8 2 10</runs>
            <runs>0 24 19</runs>
            <runs>0 25 17</runs>
            <runs>0 25 15</runs>
            <runs>0 25 14</runs>
            <runs>0 26 12</runs>
            <runs>0 26 9</runs>
        </run-table>
    </sample>
    <sample shape="FLAT" interline="22" pitch="2.3" left="547" top="2012" id="503">
        <run-table orientation="VERTICAL" width="20" height="56">
            <runs>0 1 34 2 2 2 1 4 1</runs>
            <runs>56</runs>
            <runs>0 1 55</runs>
            <runs>0 2 33 17 3</runs>
            <runs>0 30 2 20 2</runs>
            <runs>0 52 1</runs>
            <runs></runs>
            <runs>0 44 8</runs>
            <runs>0 25 1 17 9</runs>
            <runs>0 25 1 16 10</runs>
            <runs>0 24 2 14 12</runs>
            <runs>0 24 2 13 8</runs>
            <runs>0 25 1 11 9</runs>
            <runs>0 25 19</runs>
            <runs>0 25 18</runs>
            <runs>0 25 17</runs>
            <runs>0 26 15</runs>
            <runs>0 26 13</runs>
            <runs>0 27 11</runs>
            <runs>0 27 9</runs>
        </run-table>
    </sample>
    <sample shape="FLAT" interline="22" pitch="-0.5" left="571" top="1983" id="500">
        <run-table orientation="VERTICAL" width="21" height="54">
            <runs>0 18 2 7 4 12 11</runs>
            <runs>54</runs>
            <runs>39 9 6</runs>
            <runs>33 16 4</runs>
            <runs>16 9 6 17 4</runs>
            <runs>0 4 2 20 4 17 5</runs>
            <runs>0 26 3 17 5</runs>
            <runs>0 26 2 16 5</runs>
            <runs>0 25 3 15 6</runs>
            <runs>0 25 2 13 8</runs>
            <runs>0 24 4 11 8</runs>
            <runs>0 25 3 7 11</runs>
            <runs>0 24 5 5 11</runs>
            <runs>0 24 20</runs>
            <runs>0 25 17</runs>
            <runs>0 25 16</runs>
            <runs>0 25 15</runs>
            <runs>0 26 14</runs>
            <runs>0 26 12</runs>
            <runs>0 27 11</runs>
            <runs>0 31 2</runs>
        </run-table>
    </sample>
    <sample shape="FLAT" interline="22" pitch="3.4" left="594" top="2025" id="501">
        <run-table orientation="VERTICAL" width="21" height="55">
            <runs>0 51 3</runs>
            <runs>0 2 53</runs>
            <runs>0 1 54</runs>
            <runs>41 7 7</runs>
            <runs>0 1 11 1 20 16 5</runs>
            <runs>0 27 4 17 4</runs>
            <runs>0 27 3 16 5</runs>
            <runs>0 26 3 16 5</runs>
            <runs>0 26 3 15 6</runs>
            <runs>0 26 2 15 6</runs>
            <runs>0 25 3 13 7</runs>
            <runs>0 26 2 9 10</runs>
            <runs>0 26 3 7 10</runs>
            <runs>0 26 6 2 11</runs>
            <runs>0 26 18</runs>
            <runs>0 26 17</runs>
            <runs>0 26 16</runs>
            <runs>0 26 15</runs>
            <runs>0 27 13</runs>
            <runs>0 28 12</runs>
            <runs>0 31 10</runs>
        </run-table>
    </sample>
    <sample shape="FLAT" interline="22" pitch="-0.7" left="496" top="2276" id="549">
        <run-table orientation="VERTICAL" width="20" height="53">
            <runs>0 1 4 3 10 2 21 1 11</runs>
            <runs>53</runs>
            <runs>34 12 7</runs>
            <runs>19 5 7 15 6</runs>
            <runs>0 25 4 17 4</runs>
            <runs>0 26 2 17 4</runs>
            <runs>0 25 2 17 4</runs>
            <runs>0 25 2 16 4</runs>
            <runs>0 24 2 15 5</runs>
            <runs>0 24 2 13 7</runs>
            <runs>0 24 3 9 9</runs>
            <runs>0 24 4 7 8</runs>
            <runs>0 24 5 4 10</runs>
            <runs>0 24 18</runs>
            <runs>0 24 17</runs>
            <runs>0 24 15</runs>
            <runs>0 25 13</runs>
            <runs>0 26 12</runs>
            <runs>0 27 11</runs>
            <runs>0 29 8</runs>
        </run-table>
    </sample>
    <sample shape="FLAT" interline="22" pitch="-3.7" left="519" top="2243" id="560">
        <run-table orientation="VERTICAL" width="20" height="54">
            <runs>0 12 2 16 15 1 8</runs>
            <runs>0 2 52</runs>
            <runs>40 10 3</runs>
            <runs>33 17 2</runs>
            <runs>0 2 3 3 1 41 1</runs>
            <runs>0 45 1</runs>
            <runs>0 45 1</runs>
            <runs>0 44 2</runs>
            <runs>0 42 8</runs>
            <runs>0 41 4</runs>
            <runs>0 39 7</runs>
            <runs>0 37 8</runs>
            <runs>0 35 9</runs>
            <runs>0 24 18</runs>
            <runs>0 24 17</runs>
            <runs>0 25 15</runs>
            <runs>0 25 14</runs>
            <runs>0 26 12</runs>
            <runs>0 26 11</runs>
            <runs>0 26 9</runs>
        </run-table>
    </sample>
    <sample shape="FLAT" interline="22" pitch="0.4" left="539" top="2287" id="559">
        <run-table orientation="VERTICAL" width="21" height="54">
            <runs>0 2 9 11 3 5 5 14 3</runs>
            <runs>0 1 52</runs>
            <runs>54</runs>
            <runs>34 1 2 9 8</runs>
            <runs>0 8 4 16 3 18 3</runs>
            <runs>0 28 2 19 2</runs>
            <runs>0 28 1 15 2 3 1</runs>
            <runs>0 44 2</runs>
            <runs>0 42 4</runs>
            <runs>0 40 9</runs>
            <runs>0 39 10</runs>
            <runs>0 37 12</runs>
            <runs>0 35 9</runs>
            <runs>0 24 19</runs>
            <runs>0 24 18</runs>
            <runs>0 25 16</runs>
            <runs>0 25 14</runs>
            <runs>0 25 13</runs>
            <runs>0 25 12</runs>
            <runs>0 25 10</runs>
            <runs>0 29 2</runs>
        </run-table>
    </sample>
    <sample shape="FLAT" interline="22" pitch="-2.7" left="566" top="2256" id="554">
        <run-table orientation="VERTICAL" width="21" height="54">
            <runs>0 35 18</runs>
            <runs>0 2 52</runs>
            <runs>41 6 6</runs>
            <runs>32 16 4</runs>
            <runs>21 4 6 16 4</runs>
            <runs>0 3 1 22 4 16 4</runs>
            <runs>0 26 3 16 3</runs>
            <runs>0 25 3 16 4</runs>
            <runs>0 25 3 15 4</runs>
            <runs>0 25 2 14 5</runs>
            <runs>0 24 3 9 10</runs>
            <runs>0 24 3 9 9</runs>
            <runs>0 24 4 7 9</runs>
            <runs>0 24 6 2 11</runs>
            <runs>0 25 17</runs>
            <runs>0 25 16</runs>
            <runs>0 26 14</runs>
            <runs>0 26 13</runs>
            <runs>0 27 11</runs>
            <runs>0 27 11</runs>
            <runs>0 32 1</runs>
        </run-table>
    </sample>
    <sample shape="FLAT" interline="22" pitch="1.6" left="586" top="2301" id="555">
        <run-table orientation="VERTICAL" width="22" height="54">
            <runs>0 37 1</runs>
            <runs>0 9 1 10 3 10 20</runs>
            <runs>0 2 52</runs>
            <runs>45 1 8</runs>
            <runs>37 10 6</runs>
            <runs>19 6 6 16 5</runs>
            <runs>0 26 4 16 5</runs>
            <runs>0 26 3 16 5</runs>
            <runs>0 25 3 15 5</runs>
            <runs>0 25 3 14 5</runs>
            <runs>0 24 3 14 6</runs>
            <runs>0 24 3 13 6</runs>
            <runs>0 24 3 10 8</runs>
            <runs>0 24 4 5 11</runs>
            <runs>0 24 19</runs>
            <runs>0 24 19</runs>
            <runs>0 24 17</runs>
            <runs>0 25 15</runs>
            <runs>0 25 14</runs>
            <runs>0 26 12</runs>
            <runs>0 27 10</runs>
            <runs>0 30 3</runs>
        </run-table>
    </sample>
    <sample shape="FLAT" interline="22" pitch="1.7" left="489" top="2572" id="567">
        <run-table orientation="VERTICAL" width="20" height="59">
            <runs>0 3 56</runs>
            <runs>47 2 10</runs>
            <runs>37 12 9</runs>
            <runs>37 11 5</runs>
            <runs>0 1 2 23 5 16 5</runs>
            <runs>0 26 4 15 6</runs>
            <runs>0 26 3 16 5</runs>
            <runs>0 26 3 14 6</runs>
            <runs>0 26 2 14 6</runs>
            <runs>0 26 2 13 6</runs>
            <runs>0 25 3 11 7</runs>
            <runs>0 25 4 5 11</runs>
            <runs>0 25 6 2 11</runs>
            <runs>0 25 18</runs>
            <runs>0 25 17</runs>
            <runs>0 26 15</runs>
            <runs>0 26 14</runs>
            <runs>0 27 12</runs>
            <runs>0 28 10</runs>
            <runs>0 30 8</runs>
        </run-table>
    </sample>
    <sample shape="FLAT" interline="22" pitch="-1.8" left="512" top="2536" id="581">
        <run-table orientation="VERTICAL" width="21" height="55">
            <runs>0 2 2 11 7 2 2 9 8 2 9</runs>
            <runs>0 1 54</runs>
            <runs>55</runs>
            <runs>33 19 2</runs>
            <runs>20</runs>
            <runs>0 46 2</runs>
            <runs>0 45 3</runs>
            <runs>0 44 4</runs>
            <runs>0 43 8</runs>
            <runs>0 41 10</runs>
            <runs>0 38 9</runs>
            <runs>0 37 8</runs>
            <runs>0 37 8</runs>
            <runs>0 25 19</runs>
            <runs>0 24 19</runs>
            <runs>0 25 17</runs>
            <runs>0 25 16</runs>
            <runs>0 26 14</runs>
            <runs>0 27 12</runs>
            <runs>0 27 10</runs>
            <runs>0 30 2</runs>
        </run-table>
    </sample>
    <sample shape="FLAT" interline="22" pitch="2.3" left="532" top="2581" id="576">
        <run-table orientation="VERTICAL" width="21" height="55">
            <runs>0 2 2 6 2 3 2 22 1 11 2</runs>
            <runs>0 1 54</runs>
            <runs>55</runs>
            <runs>38 8 9</runs>
            <runs>0 1 13 5 3 2 8 19 2</runs>
            <runs>0 29 2 20 1</runs>
            <runs>0 46 1</runs>
            <runs>0 45 2</runs>
            <runs>0 44 3</runs>
            <runs>0 43 8</runs>
            <runs>0 41 10</runs>
            <runs>0 39 12</runs>
            <runs>0 36 10</runs>
            <runs>0 29 3 2 11</runs>
            <runs>0 25 19</runs>
            <runs>0 25 17</runs>
            <runs>0 26 15</runs>
            <runs>0 26 14</runs>
            <runs>0 26 13</runs>
            <runs>0 26 11</runs>
            <runs>0 27 8</runs>
        </run-table>
    </sample>
    <sample shape="FLAT" interline="22" pitch="-0.7" left="557" top="2549" id="573">
        <run-table orientation="VERTICAL" width="21" height="55">
            <runs>0 2 6 4 12 2 29</runs>
            <runs>0 1 54</runs>
            <runs>43 1 11</runs>
            <runs>34 14 5</runs>
            <runs>0 1 11 6 1 7 6 15 5</runs>
            <runs>0 26 4 16 5</runs>
            <runs>0 26 3 16 5</runs>
            <runs>0 26 2 16 5</runs>
            <runs>0 25 3 14 6</runs>
            <runs>0 25 2 10 10</runs>
            <runs>0 25 2 10 9</runs>
            <runs>0 25 3 9 8</runs>
            <runs>0 25 4 6 9</runs>
            <runs>0 25 18</runs>
            <runs>0 25 18</runs>
            <runs>0 25 16</runs>
            <runs>0 26 14</runs>
            <runs>0 26 14</runs>
            <runs>0 27 13</runs>
            <runs>0 28 12</runs>
            <runs>0 30 4</runs>
        </run-table>
    </sample>
    <sample shape="FLAT" interline="22" pitch="3.5" left="579" top="2595" id="574">
        <run-table orientation="VERTICAL" width="21" height="53">
            <runs>0 32 14 2 5</runs>
            <runs>0 2 1 1 2 2 8 1 3 3 30</runs>
            <runs>43 3 7</runs>
            <runs>38 9 6</runs>
            <runs>32 15 5</runs>
            <runs>0 2 3 1 5 15 4 16 5</runs>
            <runs>0 26 3 16 5</runs>
            <runs>0 25 3 16 5</runs>
            <runs>0 25 3 15 5</runs>
            <runs>0 25 3 13 6</runs>
            <runs>0 24 4 12 6</runs>
            <runs>0 24 4 7 10</runs>
            <runs>0 24 5 6 9</runs>
            <runs>0 24 6 4 10</runs>
            <runs>0 25 18</runs>
            <runs>0 26 16</runs>
            <runs>0 26 14</runs>
            <runs>0 26 14</runs>
            <runs>0 26 13</runs>
            <runs>0 27 11</runs>
            <runs>0 29 9</runs>
        </run-table>
    </sample>
    <sample shape="FLAT" interline="22" pitch="1.6" left="481" top="2952" id="651">
        <run-table orientation="VERTICAL" width="20" height="57">
            <runs>0 2 3 1 3 19 10 8 1 1 9</runs>
            <runs>0 1 56</runs>
            <runs>53</runs>
            <runs>22 2 12 5 2 2 7</runs>
            <runs>3 3 9 11 4 15 6</runs>
            <runs>0 25 4 15 5</runs>
            <runs>0 25 3 15 6</runs>
            <runs>0 24 4 14 6</runs>
            <runs>0 24 3 14 6</runs>
            <runs>0 24 2 14 6</runs>
            <runs>0 24 3 12 5</runs>
            <runs>0 24 4 8 8</runs>
            <runs>0 24 4 5 10</runs>
            <runs>0 24 7 1 10</runs>
            <runs>0 24 17</runs>
            <runs>0 24 16</runs>
            <runs>0 25 14</runs>
            <runs>0 26 12</runs>
            <runs>0 26 11</runs>
            <runs>0 27 10</runs>
        </run-table>
    </sample>
    <sample shape="FLAT" interline="22" pitch="-1.8" left="504" top="2917" id="668">
        <run-table orientation="VERTICAL" width="21" height="54">
            <runs>0 40 2</runs>
            <runs>0 2 16 2 34</runs>
            <runs>0 1 53</runs>
            <runs>34 16 3</runs>
            <runs>0 1 20 2 9 18 2</runs>
            <runs>0 3 2 41 1 3 1</runs>
            <runs>0 45 2</runs>
            <runs>0 44 3</runs>
            <runs>0 43 4</runs>
            <runs>0 42 4</runs>
            <runs>0 41 5</runs>
            <runs>0 39 6</runs>
            <runs>0 37 7</runs>
            <runs>0 33 10</runs>
            <runs>0 25 18</runs>
            <runs>0 25 16</runs>
            <runs>0 26 14</runs>
            <runs>0 26 13</runs>
            <runs>0 27 11</runs>
            <runs>0 27 10</runs>
            <runs>0 27 10</runs>
        </run-table>
    </sample>
    <sample shape="FLAT" interline="22" pitch="2.3" left="525" top="2961" id="662">
        <run-table orientation="VERTICAL" width="21" height="54">
            <runs>0 1 8 2 3 1 13 1 5 7 1</runs>
            <runs>53</runs>
            <runs>54</runs>
            <runs>31 19 3</runs>
            <runs>0 19 2 7 2 20 2</runs>
            <runs>0 28 1 21 1</runs>
            <runs>0 44 2</runs>
            <runs>0 44 2</runs>
            <runs>0 42 4</runs>
            <runs>0 41 8</runs>
            <runs>0 39 10</runs>
            <runs>0 37 8</runs>
            <runs>0 36 8</runs>
            <runs>0 24 19</runs>
            <runs>0 24 17</runs>
            <runs>0 24 16</runs>
            <runs>0 25 14</runs>
            <runs>0 25 13</runs>
            <runs>0 26 10</runs>
            <runs>0 26 9</runs>
            <runs>0 29 2</runs>
        </run-table>
    </sample>
    <sample shape="FLAT" interline="22" pitch="-0.5" left="549" top="2932" id="657">
        <run-table orientation="VERTICAL" width="21" height="53">
            <runs>0 47 6</runs>
            <runs>0 2 1 1 49</runs>
            <runs>53</runs>
            <runs>37 10 6</runs>
            <runs>21 3 7 15 6</runs>
            <runs>17 9 4 15 5</runs>
            <runs>0 25 3 17 4</runs>
            <runs>0 25 3 16 4</runs>
            <runs>0 24 3 16 4</runs>
            <runs>0 24 3 14 5</runs>
            <runs>0 24 2 12 8</runs>
            <runs>0 24 3 7 11</runs>
            <runs>0 24 4 6 10</runs>
            <runs>0 24 5 4 10</runs>
            <runs>0 24 18</runs>
            <runs>0 24 17</runs>
            <runs>0 24 16</runs>
            <runs>0 25 14</runs>
            <runs>0 25 13</runs>
            <runs>0 27 10</runs>
            <runs>0 30 3</runs>
        </run-table>
    </sample>
    <sample shape="FLAT" interline="22" pitch="3.6" left="571" top="2976" id="658">
        <run-table orientation="VERTICAL" width="20" height="51">
            <runs>0 18 33</runs>
            <runs>0 1 50</runs>
            <runs>51</runs>
            <runs>37 11 3</runs>
            <runs>0 1 14 1 2 6 11 11 5</runs>
            <runs>0 4 1 21 4 15 5</runs>
            <runs>0 26 3 15 5</runs>
            <runs>0 25 3 15 5</runs>
            <runs>0 24 4 15 3</runs>
            <runs>0 24 4 13 4</runs>
            <runs>0 24 3 12 6</runs>
            <runs>0 24 4 5 12</runs>
            <runs>0 24 5 3 12</runs>
            <runs>0 24 19</runs>
            <runs>0 24 18</runs>
            <runs>0 24 17</runs>
            <runs>0 25 15</runs>
            <runs>0 25 15</runs>
            <runs>0 27 11</runs>
            <runs>0 28 8</runs>
        </run-table>
    </sample>
    <sample shape="FLAT" interline="22" pitch="1.5" left="476" top="3190" id="675">
        <run-table orientation="VERTICAL" width="21" height="55">
            <runs>0 2 9 5 3 3 33</runs>
            <runs>0 1 54</runs>
            <runs>42 3 10</runs>
            <runs>33 14 7</runs>
            <runs>0 2 7 17 5 16 6</runs>
            <runs>0 26 4 16 5</runs>
            <runs>0 26 3 16 5</runs>
            <runs>0 25 3 15 7</runs>
            <runs>0 25 2 15 7</runs>
            <runs>0 25 3 13 6</runs>
            <runs>0 24 4 8 10</runs>
            <runs>0 24 4 7 10</runs>
            <runs>0 25 4 6 9</runs>
            <runs>0 25 18</runs>
            <runs>0 25 17</runs>
            <runs>0 25 17</runs>
            <runs>0 25 16</runs>
            <runs>0 26 14</runs>
            <runs>0 26 13</runs>
            <runs>0 29 9</runs>
            <runs>0 33 2</runs>
        </run-table>
    </sample>
    <sample shape="FLAT" interline="22" pitch="-1.8" left="499" top="3157" id="691">
        <run-table orientation="VERTICAL" width="21" height="54">
            <runs>0 43 10</runs>
            <runs>0 1 10 2 41</runs>
            <runs>45 6 3</runs>
            <runs>35 2 1 1 2 10 2</runs>
            <runs>22 2 8 19 1</runs>
            <runs>0 1 9</runs>
            <runs>0 46 1</runs>
            <runs>0 44 3</runs>
            <runs>0 43 4</runs>
            <runs>0 42 8</runs>
            <runs>0 41 9</runs>
            <runs>0 38 8</runs>
            <runs>0 36 9</runs>
            <runs>0 34 10</runs>
            <runs>0 25 18</runs>
            <runs>0 25 17</runs>
            <runs>0 25 16</runs>
            <runs>0 26 14</runs>
            <runs>0 26 13</runs>
            <runs>0 26 10</runs>
            <runs>0 26 8</runs>
        </run-table>
    </sample>
    <sample shape="FLAT" interline="22" pitch="2.3" left="520" top="3200" id="690">
        <run-table orientation="VERTICAL" width="22" height="55">
            <runs>0 43 3 5 3</runs>
            <runs>0 2 53</runs>
            <runs>55</runs>
            <runs>37 2 5 2 9</runs>
            <runs>0 1 33 18 2</runs>
            <runs>0 10 8 27 1 6 1</runs>
            <runs>0 45 2</runs>
            <runs>0 45 2</runs>
            <runs>0 44 3</runs>
            <runs>0 42 9</runs>
            <runs>0 40 11</runs>
            <runs>0 39 12</runs>
            <runs>0 36 10</runs>
            <runs>0 30 2 3 10</runs>
            <runs>0 25 19</runs>
            <runs>0 26 17</runs>
            <runs>0 26 16</runs>
            <runs>0 27 14</runs>
            <runs>0 27 13</runs>
            <runs>0 27 11</runs>
            <runs>0 26 8</runs>
            <runs>0 30 2</runs>
        </run-table>
    </sample>
    <sample shape="FLAT" interline="22" pitch="-0.4" left="545" top="3171" id="681">
        <run-table orientation="VERTICAL" width="22" height="59">
            <runs>0 49 4</runs>
            <runs>0 2 16 1 40</runs>
            <runs>59</runs>
            <runs>37 11 6</runs>
            <runs>32 15 6</runs>
            <runs>8 8 2 9 4 15 6</runs>
            <runs>0 3 1 22 4 16 5</runs>
            <runs>0 26 3 16 5</runs>
            <runs>0 25 3 15 6</runs>
            <runs>0 25 3 13 7</runs>
            <runs>0 25 3 12 8</runs>
            <runs>0 25 3 6 13</runs>
            <runs>0 25 4 5 12</runs>
            <runs>0 25 4 5 10</runs>
            <runs>0 25 18</runs>
            <runs>0 25 18</runs>
            <runs>0 25 17</runs>
            <runs>0 26 15</runs>
            <runs>0 27 13</runs>
            <runs>0 27 11</runs>
            <runs>0 29 9</runs>
            <runs>0 31 3</runs>
        </run-table>
    </sample>
    <sample shape="FLAT" interline="22" pitch="3.5" left="567" top="3215" id="682">
        <run-table orientation="VERTICAL" width="22" height="53">
            <runs>0 50 1</runs>
            <runs>0 23 21 2 7</runs>
            <runs>0 2 4 3 44</runs>
            <runs>39 1 4 3 6</runs>
            <runs>37 10 6</runs>
            <runs>21 5 6 13 8</runs>
            <runs>0 1 4 2 3 16 5 14 7</runs>
            <runs>0 25 5 14 7</runs>
            <runs>0 25 4 15 6</runs>
            <runs>0 25 4 14 5</runs>
            <runs>0 25 3 13 7</runs>
            <runs>0 25 3 12 6</runs>
            <runs>0 24 4 6 12</runs>
            <runs>0 24 6 4 11</runs>
            <runs>0 25 19</runs>
            <runs>0 25 18</runs>
            <runs>0 25 17</runs>
            <runs>0 25 16</runs>
            <runs>0 26 13</runs>
            <runs>0 26 12</runs>
            <runs>0 28 10</runs>
            <runs>0 30 8</runs>
        </run-table>
    </sample>
</samples>
