<?xml version="1.0" encoding="UTF-8" standalone="yes"?>
<samples sheet-name="IMSLP00002#20">
    <sample shape="G_CLEF" interline="22" pitch="0.6" left="155" top="225" id="194">
        <run-table orientation="VERTICAL" width="55" height="154">
            <runs>0 87 11</runs>
            <runs>0 81 21</runs>
            <runs>0 79 25</runs>
            <runs>0 73 32</runs>
            <runs>0 73 34 1 1</runs>
            <runs>0 73 37</runs>
            <runs>0 72 39</runs>
            <runs>0 70 42 24 10</runs>
            <runs>0 69 21 11 12 22 13</runs>
            <runs>0 67 21 16 10 20 15</runs>
            <runs>0 66 18 22 2 1 5 19 17</runs>
            <runs>0 65 17 27 10 14 18</runs>
            <runs>0 64 17 30 7 14 19</runs>
            <runs>0 63 16 33 6 14 19</runs>
            <runs>0 62 16 35 2 17 20</runs>
            <runs>0 60 16 37 2 17 21</runs>
            <runs>0 59 17 16 7 15 1 17 21</runs>
            <runs>0 58 17 13 15 11 1 16 22</runs>
            <runs>0 57 18 11 19 9 1 16 22</runs>
            <runs>0 57 18 9 23 25 21</runs>
            <runs>0 56 15 12 15 5 6 23 16 1 4</runs>
            <runs>0 55 15 12 10 13 6 22 16 1 4</runs>
            <runs>0 55 15 12 9 16 1 2 2 22 14 2 4</runs>
            <runs>0 52 17 12 10 44 12 4 3</runs>
            <runs>0 29 11 12 16 12 9 47 9 6 3</runs>
            <runs>0 27 23 1 16 12 10 49 1 2 2 8 3</runs>
            <runs>0 22 45 12 9 62 4</runs>
            <runs>0 19 24 2 23 10 10 61 5</runs>
            <runs>0 16 21 12 38 62 5</runs>
            <runs>0 15 18 16 39 61 4</runs>
            <runs>0 13 19 16 16 8 28 48 5</runs>
            <runs>0 13 14 21 15 11 33 1 12 27 5</runs>
            <runs>0 11 14 22 15 12 13 3 34 21 7</runs>
            <runs>0 10 13 23 15 13 12 9 41 3 1 3 8</runs>
            <runs>0 8 13 24 15 14 12 18 4 2 40</runs>
            <runs>0 7 13 24 15 15 12 30 32</runs>
            <runs>0 7 12 24 14 17 12 40 21</runs>
            <runs>0 5 12 24 15 18 12 45 1 3 9</runs>
            <runs>0 4 12 24 15 19 13</runs>
            <runs>0 3 12 24 16 19 13</runs>
            <runs>0 1 13 23 17 23 10</runs>
            <runs>13 22 19 24 9</runs>
            <runs>13 16 20 29 9 26 6</runs>
            <runs>12 17 19 31 9 24 3</runs>
            <runs>0 1 11 1 2 11 20 33 10 22 4</runs>
            <runs>0 3 40 37 9 21 5</runs>
            <runs>0 5 35 41 9 18 6</runs>
            <runs>0 8 30 44 10 16 5</runs>
            <runs>0 10 3 3 16 50 12 12 6</runs>
            <runs>0 83 16 4 8</runs>
            <runs>0 84 26</runs>
            <runs>0 86 22</runs>
            <runs>0 88 20</runs>
            <runs>0 89 16</runs>
            <runs>0 93 8</runs>
        </run-table>
    </sample>
    <sample shape="G_CLEF" interline="22" pitch="1.0" left="157" top="749" id="262">
        <run-table orientation="VERTICAL" width="51" height="154">
            <runs>0 83 1 2 11</runs>
            <runs>0 80 21</runs>
            <runs>0 77 26</runs>
            <runs>0 74 31</runs>
            <runs>0 70 37</runs>
            <runs>0 70 38</runs>
            <runs>0 69 41</runs>
            <runs>0 67 21 9 14</runs>
            <runs>0 66 19 16 15 21 8</runs>
            <runs>0 64 18 22 12 19 12</runs>
            <runs>0 63 17 27 8 19 14</runs>
            <runs>0 62 16 30 8 17 16</runs>
            <runs>0 61 15 34 6 16 18</runs>
            <runs>0 59 16 36 2 18 20</runs>
            <runs>0 59 16 15 10 32 21</runs>
            <runs>0 59 15 13 16 29 21</runs>
            <runs>0 58 15 12 20 26 22</runs>
            <runs>0 57 16 10 24 25 21</runs>
            <runs>0 56 17 9 26 24 22</runs>
            <runs>0 55 18 8 15 8 5 23 22</runs>
            <runs>0 54 15 11 11 4 2 9 4 4 6 13 15 2 4</runs>
            <runs>0 53 14 12 11 5 1 12 3 3 6 14 13 3 4</runs>
            <runs>0 25 21 2 19 11 11 21 1 3 6 14 12 4 4</runs>
            <runs>0 21 45 12 10 26 6 15 10 5 4</runs>
            <runs>0 19 55 3 10 27 6 17 5 8 4</runs>
            <runs>0 17 22 2 1 4 41 27 6 30 4</runs>
            <runs>0 14 19 15 39 27 6 30 3</runs>
            <runs>0 12 17 19 15 5 28 18 6 29 4</runs>
            <runs>0 10 19 18 15 9 32 11 6 29 4</runs>
            <runs>0 9 16 21 15 14 45 28 4</runs>
            <runs>0 8 14 23 16 14 11 5 30 26 4</runs>
            <runs>0 6 15 23 16 15 10 9 3 3 1 1 22 1 1 19 5</runs>
            <runs>0 5 13 25 16 16 10 22 43</runs>
            <runs>0 4 13 24 16 18 11 25 37</runs>
            <runs>0 3 13 24 16 19 11 28 7 1 24</runs>
            <runs>0 1 13 25 15 21 11 46 13</runs>
            <runs>13 24 17 22 10 50 1 1 4</runs>
            <runs>12 23 17 24 10</runs>
            <runs>0 1 10 22 18 25 11</runs>
            <runs>0 2 9 15 25 25 11</runs>
            <runs>0 5 8 13 20 31 11 23 6</runs>
            <runs>0 6 38 34 11 21 7</runs>
            <runs>0 9 32 38 11 19 7</runs>
            <runs>0 13 24 42 16 12 9</runs>
            <runs>0 17 5 2 7 1 1 47 15 10 11</runs>
            <runs>0 81 16 4 15</runs>
            <runs>0 83 28</runs>
            <runs>0 84 25</runs>
            <runs>0 86 21</runs>
            <runs>0 88 17</runs>
            <runs>0 90 12</runs>
        </run-table>
    </sample>
    <sample shape="G_CLEF" interline="22" pitch="0.9" left="146" top="1302" id="355">
        <run-table orientation="VERTICAL" width="55" height="155">
            <runs>0 90 1</runs>
            <runs>0 84 15</runs>
            <runs>0 79 22</runs>
            <runs>0 78 26</runs>
            <runs>0 76 30</runs>
            <runs>0 71 36</runs>
            <runs>0 71 38</runs>
            <runs>0 70 40</runs>
            <runs>0 69 42</runs>
            <runs>0 66 22 12 12 27 4</runs>
            <runs>0 65 19 18 11 22 11</runs>
            <runs>0 64 18 24 11 17 14</runs>
            <runs>0 63 17 28 9 16 16</runs>
            <runs>0 61 18 30 8 15 18</runs>
            <runs>0 60 19 31 7 15 19</runs>
            <runs>0 59 18 34 6 15 19</runs>
            <runs>0 58 17 14 8 14 6 14 21</runs>
            <runs>0 57 17 11 16 11 5 14 21</runs>
            <runs>0 56 17 10 21 8 6 13 22</runs>
            <runs>0 48 25 10 24 9 3 12 23</runs>
            <runs>0 49 25 8 26 8 3 12 23</runs>
            <runs>0 49 25 7 16 3 9 7 4 11 23</runs>
            <runs>0 48 22 10 16 9 5 6 4 12 22</runs>
            <runs>0 28 11 1 4 2 23 10 11 17 4 5 4 12 17 1 5</runs>
            <runs>0 24 44 10 11 19 3 5 4 13 15 2 5</runs>
            <runs>0 21 46 11 10 22 1 5 4 14 14 2 5</runs>
            <runs>0 18 48 11 11 28 4 15 12 3 5</runs>
            <runs>0 14 53 10 10 29 4 16 9 5 5</runs>
            <runs>0 13 21 9 2 2 27 2 11 29 4 20 1 9 4</runs>
            <runs>0 11 20 16 40 29 4 29 5</runs>
            <runs>0 10 20 17 51 18 4 29 5</runs>
            <runs>0 8 18 20 17 6 35 12 4 28 6</runs>
            <runs>0 7 16 22 17 9 49 28 5</runs>
            <runs>0 5 16 23 16 11 15 3 32 26 6</runs>
            <runs>0 4 15 24 16 12 15 7 33 19 7</runs>
            <runs>0 3 15 23 17 17 10 21 32 2 11</runs>
            <runs>0 2 14 24 17 18 10 26 39</runs>
            <runs>0 1 14 23 18 16 13 30 34</runs>
            <runs>14 23 17 17 14 33 2 7 20</runs>
            <runs>12 24 17 22 11 43 16</runs>
            <runs>12 22 18 23 11</runs>
            <runs>0 2 9 16 25 23 11</runs>
            <runs>0 3 9 15 21 28 11</runs>
            <runs>0 5 11 9 21 30 12</runs>
            <runs>0 8 37 31 12 22 7</runs>
            <runs>0 11 31 35 12 20 8</runs>
            <runs>0 13 25 39 13 17 10</runs>
            <runs>0 19 15 44 18 10 11</runs>
            <runs>0 79 18 7 9</runs>
            <runs>0 80 33</runs>
            <runs>0 82 29</runs>
            <runs>0 83 27</runs>
            <runs>0 85 23</runs>
            <runs>0 88 18</runs>
            <runs>0 90 13</runs>
        </run-table>
    </sample>
    <sample shape="G_CLEF" interline="22" pitch="0.9" left="144" top="2361" id="452">
        <run-table orientation="VERTICAL" width="56" height="155">
            <runs>0 87 1 1 8 1 1</runs>
            <runs>0 81 22</runs>
            <runs>0 78 27</runs>
            <runs>0 77 29</runs>
            <runs>0 72 36</runs>
            <runs>0 72 37</runs>
            <runs>0 71 40</runs>
            <runs>0 69 42</runs>
            <runs>0 68 21 12 11</runs>
            <runs>0 67 19 19 8</runs>
            <runs>0 65 19 23 8 24 8</runs>
            <runs>0 66 15 28 10 19 10</runs>
            <runs>0 65 15 30 8 19 13</runs>
            <runs>0 64 14 34 6 18 15</runs>
            <runs>0 62 15 36 6 17 16</runs>
            <runs>0 61 15 38 2 19 18</runs>
            <runs>0 60 15 17 6 16 2 18 19</runs>
            <runs>0 59 16 14 13 13 1 18 20</runs>
            <runs>0 58 17 11 19 10 1 18 20</runs>
            <runs>0 57 18 11 21 27 21</runs>
            <runs>0 56 15 14 14 2 8 24 22</runs>
            <runs>0 55 15 13 14 9 4 24 21</runs>
            <runs>0 30 2 3 3 2 2 12 15 13 11 14 4 23 21</runs>
            <runs>0 26 17 7 18 13 10 17 4 22 16 1 4</runs>
            <runs>0 20 48 11 11 20 3 22 14 2 4</runs>
            <runs>0 18 49 12 10 46 14 2 4</runs>
            <runs>0 15 23 5 24 12 9 48 12 3 4</runs>
            <runs>0 13 20 15 27 3 10 49 10 4 4</runs>
            <runs>0 12 19 17 39 51 7 6 4</runs>
            <runs>0 10 16 22 20 1 19 63 4</runs>
            <runs>0 9 15 23 15 10 25 54 4</runs>
            <runs>0 7 15 24 15 11 29 49 5</runs>
            <runs>0 6 14 26 14 16 31 43 4</runs>
            <runs>0 5 14 26 15 16 11 7 20 35 5</runs>
            <runs>0 3 14 27 15 17 10 14 24 24 5</runs>
            <runs>0 2 13 27 17 17 10 19 23 18 6</runs>
            <runs>0 1 13 26 19 17 10 24 27 4 1 2 7</runs>
            <runs>13 26 20 17 10 29 35</runs>
            <runs>0 1 11 25 21 18 11 29 33</runs>
            <runs>0 1 10 25 21 20 9 38 24</runs>
            <runs>0 3 8 23 23 20 9 45 15</runs>
            <runs>0 5 6 21 23 22 9 52 3</runs>
            <runs>0 7 6 14 20 30 11</runs>
            <runs>0 8 37 32 11 26 1</runs>
            <runs>0 11 32 35 10 25 2</runs>
            <runs>0 15 23 40 11 23 6</runs>
            <runs>0 18 16 45 11 21 7</runs>
            <runs>0 80 11 19 8</runs>
            <runs>0 81 15 12 6</runs>
            <runs>0 82 14 10 7</runs>
            <runs>0 82 15 5 11</runs>
            <runs>0 83 28</runs>
            <runs>0 86 24</runs>
            <runs>0 88 20</runs>
            <runs>0 90 15</runs>
            <runs>0 93 10</runs>
        </run-table>
    </sample>
    <sample shape="G_CLEF" interline="22" pitch="0.7" left="143" top="2875" id="514">
        <run-table orientation="VERTICAL" width="56" height="157">
            <runs>0 89 6</runs>
            <runs>0 84 17</runs>
            <runs>0 79 25</runs>
            <runs>0 74 32</runs>
            <runs>0 74 34</runs>
            <runs>0 74 35</runs>
            <runs>0 71 41</runs>
            <runs>0 71 42</runs>
            <runs>0 70 22 4 18</runs>
            <runs>0 68 20 17 11 25 6</runs>
            <runs>0 67 20 21 8 24 10</runs>
            <runs>0 66 18 26 7 21 13</runs>
            <runs>0 65 17 29 6 20 15</runs>
            <runs>0 64 17 31 10 14 17</runs>
            <runs>0 62 17 34 8 15 18</runs>
            <runs>0 62 16 37 6 14 19</runs>
            <runs>0 61 17 37 6 14 20</runs>
            <runs>0 59 19 13 12 13 2 17 20</runs>
            <runs>0 59 19 12 16 10 2 17 20</runs>
            <runs>0 58 15 14 21 9 1 17 21</runs>
            <runs>0 57 15 13 25 7 1 17 21</runs>
            <runs>0 37 1 15 18 13 16 6 5 24 21</runs>
            <runs>0 30 12 11 17 13 12 13 3 24 16 2 3</runs>
            <runs>0 28 19 6 16 13 10 18 3 23 14 3 3</runs>
            <runs>0 25 43 13 10 20 2 23 14 3 3</runs>
            <runs>0 20 48 12 12 20 2 23 12 5 3</runs>
            <runs>0 18 20 13 17 12 12 46 10 5 4</runs>
            <runs>0 16 18 16 22 7 13 48 6 7 3</runs>
            <runs>0 14 20 16 41 62 3</runs>
            <runs>0 12 21 16 15 6 21 62 3</runs>
            <runs>0 11 15 22 15 8 1 2 18 60 4</runs>
            <runs>0 9 15 24 14 13 25 52 3</runs>
            <runs>0 8 14 24 15 14 31 45 4</runs>
            <runs>0 6 14 25 15 15 14 4 20 36 5</runs>
            <runs>0 6 13 25 15 16 14 8 25 26 6</runs>
            <runs>0 4 13 25 15 18 14 17 29 12 6</runs>
            <runs>0 2 13 25 16 19 14 22 42</runs>
            <runs>0 1 14 25 15 20 15 27 34</runs>
            <runs>14 24 17 20 15 28 7 5 20</runs>
            <runs>13 24 18 20 15 44 12</runs>
            <runs>0 2 10 22 15 26 16</runs>
            <runs>0 4 9 20 16 26 16</runs>
            <runs>0 7 8 15 18 31 13</runs>
            <runs>0 9 12 2 1 1 22 32 13</runs>
            <runs>0 11 29 3 2 34 13 23 6</runs>
            <runs>0 14 23 43 12 22 6</runs>
            <runs>0 18 15 48 11 21 4</runs>
            <runs>0 24 2 55 11 20 4</runs>
            <runs>0 83 10 18 4</runs>
            <runs>0 84 10 14 6</runs>
            <runs>0 85 13 8 7</runs>
            <runs>0 87 25</runs>
            <runs>0 88 23</runs>
            <runs>0 88 21</runs>
            <runs>0 92 15</runs>
            <runs>0 99 2</runs>
        </run-table>
    </sample>
    <sample shape="G_CLEF" interline="22" pitch="0.8" left="141" top="3112" id="518">
        <run-table orientation="VERTICAL" width="56" height="154">
            <runs>0 85 11</runs>
            <runs>0 81 19</runs>
            <runs>0 78 25</runs>
            <runs>0 77 28</runs>
            <runs>0 75 31</runs>
            <runs>0 70 39</runs>
            <runs>0 71 38</runs>
            <runs>0 71 40 30 2</runs>
            <runs>0 69 28 5 10 25 8</runs>
            <runs>0 68 18 17 10 23 12</runs>
            <runs>0 66 18 23 11 16 15</runs>
            <runs>0 65 17 26 10 15 16</runs>
            <runs>0 64 16 29 9 15 17</runs>
            <runs>0 62 17 32 6 15 19</runs>
            <runs>0 61 17 34 5 15 20</runs>
            <runs>0 60 17 35 6 14 20</runs>
            <runs>0 60 16 14 9 1 1 31 21</runs>
            <runs>0 59 15 14 15 29 21</runs>
            <runs>0 58 16 12 19 27 21</runs>
            <runs>0 57 17 9 24 24 23</runs>
            <runs>0 56 17 9 26 24 22</runs>
            <runs>0 55 18 9 14 8 5 23 16 2 4</runs>
            <runs>0 54 19 7 11 16 3 4 6 13 15 2 4</runs>
            <runs>0 53 16 11 9 19 3 4 5 13 14 4 3</runs>
            <runs>0 49 20 9 10 27 5 14 11 6 3</runs>
            <runs>0 27 17 5 18 11 9 28 5 16 9 6 3</runs>
            <runs>0 23 44 11 9 28 5 19 3 8 4</runs>
            <runs>0 21 45 11 10 28 5 30 4</runs>
            <runs>0 18 56 3 9 29 5 30 4</runs>
            <runs>0 15 21 8 1 2 28 1 10 28 6 30 3</runs>
            <runs>0 14 19 15 47 19 6 29 4</runs>
            <runs>0 12 18 17 16 3 36 12 6 28 4</runs>
            <runs>0 10 20 16 16 7 50 29 4</runs>
            <runs>0 8 16 22 15 9 15 6 29 26 5</runs>
            <runs>0 8 15 22 15 10 15 14 1 1 31 8 10</runs>
            <runs>0 7 13 23 16 11 15 24 26 1 13</runs>
            <runs>0 6 13 23 16 13 14 29 34</runs>
            <runs>0 4 14 23 16 18 11 31 2 6 21</runs>
            <runs>0 3 14 23 16 19 11 31 1 10 16</runs>
            <runs>0 2 14 23 16 20 11 31 1</runs>
            <runs>0 1 13 23 17 21 11 31 1</runs>
            <runs>13 23 16 24 10</runs>
            <runs>12 23 17 24 10</runs>
            <runs>11 21 19 26 10</runs>
            <runs>0 1 10 15 25 26 11 23 6</runs>
            <runs>0 3 9 14 20 31 11 23 6</runs>
            <runs>0 5 11 2 26 34 12 19 8</runs>
            <runs>0 7 35 37 16 13 9</runs>
            <runs>0 10 28 42 15 11 11</runs>
            <runs>0 15 20 46 14 4 1 4 8</runs>
            <runs>0 18 11 52 31</runs>
            <runs>0 83 27</runs>
            <runs>0 85 23</runs>
            <runs>0 87 19</runs>
            <runs>0 89 16</runs>
            <runs>0 91 9</runs>
        </run-table>
    </sample>
    <sample shape="F_CLEF" interline="22" pitch="-1.4" left="153" top="472" id="218">
        <run-table orientation="VERTICAL" width="59" height="69">
            <runs>0 63 2</runs>
            <runs>0 63 6</runs>
            <runs>0 14 11 38 5</runs>
            <runs>0 10 15 37 7</runs>
            <runs>0 9 16 37 7</runs>
            <runs>0 7 6 1 1 2 8 37 7</runs>
            <runs>0 5 5 8 8 36 7</runs>
            <runs>0 4 4 10 9 35 3</runs>
            <runs>7 10 11 14 2 17 3</runs>
            <runs>6 11 11 14 2 17 3</runs>
            <runs>0 3 2 11 12 14 2 17 3</runs>
            <runs>0 3 2 11 12 15 1 16 4</runs>
            <runs>0 3 1 11 13 15 1 16 3</runs>
            <runs>0 15 14 14 1 15 4</runs>
            <runs>0 15 13 15 1 14 5</runs>
            <runs>0 15 13 15 1 14 4</runs>
            <runs>0 16 12 15 1 13 5</runs>
            <runs>0 17 10 16 1 12 5</runs>
            <runs>0 18 8 29 6</runs>
            <runs>0 19 6 30 6</runs>
            <runs>0 54 6</runs>
            <runs>0 54 7</runs>
            <runs>0 53 7</runs>
            <runs>0 52 7</runs>
            <runs>0 3 1 48 7</runs>
            <runs>0 3 1 46 8</runs>
            <runs>0 3 1 41 12</runs>
            <runs>0 3 2 40 11</runs>
            <runs>0 3 3 39 10</runs>
            <runs>0 3 3 38 10</runs>
            <runs>7 36 10</runs>
            <runs>8 32 12</runs>
            <runs>10 26 16</runs>
            <runs>11 24 16</runs>
            <runs>13 20 17</runs>
            <runs>0 1 19 2 27</runs>
            <runs>0 1 47</runs>
            <runs>0 5 43</runs>
            <runs>0 6 42</runs>
            <runs>0 7 41</runs>
            <runs>0 8 35</runs>
            <runs>0 9 33</runs>
            <runs>0 10 29</runs>
            <runs>0 12 25</runs>
            <runs>0 13 22</runs>
            <runs>0 17 17</runs>
            <runs>0 20 8</runs>
            <runs></runs>
            <runs></runs>
            <runs></runs>
            <runs>0 10 5 16 4</runs>
            <runs>0 9 7 13 6</runs>
            <runs>0 9 7 13 8</runs>
            <runs>0 8 8 13 8</runs>
            <runs>0 9 7 13 8</runs>
            <runs>0 9 7 13 8</runs>
            <runs>0 9 6 15 6</runs>
            <runs>0 11 3 17 5</runs>
            <runs>0 31 3</runs>
        </run-table>
    </sample>
    <sample shape="F_CLEF" interline="22" pitch="-1.5" left="153" top="1003" id="316">
        <run-table orientation="VERTICAL" width="55" height="70">
            <runs>0 63 7</runs>
            <runs>0 63 7</runs>
            <runs>0 62 4</runs>
            <runs>0 14 6 43 3</runs>
            <runs>0 10 15 38 2</runs>
            <runs>0 9 17 36 3</runs>
            <runs>0 7 19 36 3</runs>
            <runs>0 6 4 8 9 34 4</runs>
            <runs>0 5 4 8 11 32 4</runs>
            <runs>7 9 13 31 4</runs>
            <runs>6 10 13 31 4</runs>
            <runs>0 16 13 30 4</runs>
            <runs>0 15 14 30 4</runs>
            <runs>0 15 14 29 5</runs>
            <runs>0 15 14 29 4</runs>
            <runs>0 15 14 28 5</runs>
            <runs>0 17 12 29 4</runs>
            <runs>0 17 12 28 5</runs>
            <runs>0 19 9 28 5</runs>
            <runs>0 20 7 29 5</runs>
            <runs>0 55 5</runs>
            <runs>0 54 5</runs>
            <runs>0 52 7</runs>
            <runs>0 50 9</runs>
            <runs>0 50 8</runs>
            <runs>0 4 1 41 11</runs>
            <runs>0 4 1 41 11</runs>
            <runs>0 4 2 40 10</runs>
            <runs>0 4 2 38 11</runs>
            <runs>0 1 7 34 12</runs>
            <runs>0 1 9 30 13</runs>
            <runs>0 1 10 27 14</runs>
            <runs>0 1 11 21 19</runs>
            <runs>0 1 14 16 20</runs>
            <runs>0 1 48</runs>
            <runs>0 5 44</runs>
            <runs>0 6 43</runs>
            <runs>0 7 41</runs>
            <runs>0 7 41</runs>
            <runs>0 9 34</runs>
            <runs>0 10 31</runs>
            <runs>0 11 27</runs>
            <runs>0 14 23</runs>
            <runs>0 16 18</runs>
            <runs>0 20 10</runs>
            <runs></runs>
            <runs></runs>
            <runs>0 13 2 18 2</runs>
            <runs>0 11 5 15 5</runs>
            <runs>0 10 7 13 7</runs>
            <runs>0 10 7 13 8</runs>
            <runs>0 10 7 13 8</runs>
            <runs>0 10 7 13 8</runs>
            <runs>0 11 6 13 8</runs>
            <runs>0 11 5 15 6</runs>
        </run-table>
    </sample>
    <sample shape="F_CLEF" interline="22" pitch="-1.5" left="142" top="1547" id="372">
        <run-table orientation="VERTICAL" width="61" height="71">
            <runs>0 65 2</runs>
            <runs>0 65 2</runs>
            <runs>0 64 7</runs>
            <runs>0 64 7</runs>
            <runs>0 16 6 42 7</runs>
            <runs>0 11 15 37 7</runs>
            <runs>0 9 17 37 7</runs>
            <runs>0 8 19 36 7</runs>
            <runs>0 7 5 7 9 34 4</runs>
            <runs>0 5 5 9 10 33 4</runs>
            <runs>0 5 3 10 11 32 5</runs>
            <runs>0 1 6 10 12 32 4</runs>
            <runs>6 11 13 31 4</runs>
            <runs>0 16 14 30 5</runs>
            <runs>0 16 14 30 4</runs>
            <runs>0 16 14 29 5</runs>
            <runs>0 16 14 28 6</runs>
            <runs>0 16 13 29 5</runs>
            <runs>0 16 13 28 6</runs>
            <runs>0 17 11 29 5</runs>
            <runs>0 18 9 28 6</runs>
            <runs>0 19 8 29 6</runs>
            <runs>0 55 6</runs>
            <runs>0 54 7</runs>
            <runs>0 53 7</runs>
            <runs>0 52 8</runs>
            <runs>0 51 8</runs>
            <runs>0 46 12</runs>
            <runs>0 46 12</runs>
            <runs>6 40 12</runs>
            <runs>0 1 5 40 10</runs>
            <runs>0 1 6 37 12</runs>
            <runs>0 1 7 34 13</runs>
            <runs>0 1 9 30 14</runs>
            <runs>0 1 9 26 17</runs>
            <runs>0 1 11 22 19</runs>
            <runs>0 1 14 9 27</runs>
            <runs>0 2 16 1 1 2 28</runs>
            <runs>0 1 48</runs>
            <runs>0 1 47</runs>
            <runs>0 3 2 1 43</runs>
            <runs>0 3 1 3 42</runs>
            <runs>0 3 1 3 37</runs>
            <runs>0 3 1 5 33</runs>
            <runs>0 3 1 5 31</runs>
            <runs>0 3 1 7 27</runs>
            <runs>0 3 1 8 24</runs>
            <runs>0 3 1 10 20</runs>
            <runs>0 3 1 14 14</runs>
            <runs>0 3 1</runs>
            <runs>0 3 1</runs>
            <runs>0 3 1 7 3 18 1</runs>
            <runs>0 3 1 5 6 15 5</runs>
            <runs>0 3 1 4 8 13 7</runs>
            <runs>0 3 1 4 8 13 8</runs>
            <runs>0 3 1 3 9 12 9</runs>
            <runs>0 8 8 12 9</runs>
            <runs>0 8 8 13 8</runs>
            <runs>0 9 7 13 8</runs>
            <runs>0 10 5 15 6</runs>
            <runs>0 11 2 19 2</runs>
        </run-table>
    </sample>
    <sample shape="F_CLEF" interline="22" pitch="-1.5" left="147" top="2079" id="414">
        <run-table orientation="VERTICAL" width="60" height="70">
            <runs>0 64 6</runs>
            <runs>0 64 6</runs>
            <runs>0 13 13 38 6</runs>
            <runs>0 11 15 38 6</runs>
            <runs>0 10 16 38 6</runs>
            <runs>0 8 19 37 6</runs>
            <runs>0 6 5 8 9 36 6</runs>
            <runs>0 5 4 10 9 35 7</runs>
            <runs>8 10 11 34 3</runs>
            <runs>0 1 6 10 12 33 4</runs>
            <runs>6 11 13 32 4</runs>
            <runs>0 4 2 11 14 32 3</runs>
            <runs>0 4 2 11 14 31 3</runs>
            <runs>0 4 1 12 14 31 3</runs>
            <runs>0 4 1 12 14 30 3</runs>
            <runs>0 4 1 12 13 30 4</runs>
            <runs>0 4 1 12 13 30 4</runs>
            <runs>0 17 13 29 5</runs>
            <runs>0 18 11 29 5</runs>
            <runs>0 19 9 30 5</runs>
            <runs>0 21 6 29 7</runs>
            <runs>0 56 6</runs>
            <runs>0 55 7</runs>
            <runs>0 54 7</runs>
            <runs>0 4 1 48 7</runs>
            <runs>0 4 1 47 8</runs>
            <runs>0 4 1 46 8</runs>
            <runs>0 4 2 40 12</runs>
            <runs>0 1 6 39 11</runs>
            <runs>0 1 6 39 11</runs>
            <runs>0 1 7 37 11</runs>
            <runs>0 1 8 34 12</runs>
            <runs>0 1 9 31 14</runs>
            <runs>0 1 10 27 16</runs>
            <runs>0 1 14 20 18</runs>
            <runs>0 1 16 9 2 4 20</runs>
            <runs>0 1 50</runs>
            <runs>50</runs>
            <runs>0 6 43</runs>
            <runs>0 6 43</runs>
            <runs>0 7 42</runs>
            <runs>0 8 41</runs>
            <runs>0 9 34</runs>
            <runs>0 10 31</runs>
            <runs>0 11 28</runs>
            <runs>0 13 24</runs>
            <runs>0 17 18</runs>
            <runs>0 19 12</runs>
            <runs></runs>
            <runs>0 9 6</runs>
            <runs>0 8 8 15 1</runs>
            <runs>0 8 8 13 5</runs>
            <runs>0 7 10 11 7</runs>
            <runs>0 7 10 10 9</runs>
            <runs>0 7 9 11 9</runs>
            <runs>0 7 9 11 9</runs>
            <runs>0 7 9 11 9</runs>
            <runs>0 9 6 12 9</runs>
            <runs>0 10 4 14 8</runs>
            <runs>0 29 6</runs>
        </run-table>
    </sample>
    <sample shape="F_CLEF" interline="22" pitch="-1.6" left="139" top="2594" id="468">
        <run-table orientation="VERTICAL" width="63" height="66">
            <runs>0 62 3</runs>
            <runs>0 62 3</runs>
            <runs>0 62 3</runs>
            <runs>0 62 3</runs>
            <runs>0 61 5</runs>
            <runs>0 61 5</runs>
            <runs>0 61 4</runs>
            <runs>0 16 5 39 5</runs>
            <runs>0 11 14 35 4</runs>
            <runs>0 10 16 34 4</runs>
            <runs>0 8 19 33 4</runs>
            <runs>0 6 9 1 12 32 4</runs>
            <runs>0 5 7 5 11 31 5</runs>
            <runs>0 4 6 6 13 31 4</runs>
            <runs>0 2 8 6 13 30 5</runs>
            <runs>0 2 7 7 13 30 5</runs>
            <runs>0 2 6 8 13 29 5</runs>
            <runs>0 1 6 9 13 29 5</runs>
            <runs>0 1 6 9 13 29 5</runs>
            <runs>0 16 13 28 5</runs>
            <runs>0 16 12 28 6</runs>
            <runs>0 17 10 29 6</runs>
            <runs>0 18 8 29 6</runs>
            <runs>0 18 8 29 5</runs>
            <runs>0 54 6</runs>
            <runs>0 53 6</runs>
            <runs>0 52 7</runs>
            <runs>0 51 7</runs>
            <runs>0 50 7</runs>
            <runs>0 45 12</runs>
            <runs>0 45 11</runs>
            <runs>0 45 11</runs>
            <runs>6 39 11</runs>
            <runs>6 38 11</runs>
            <runs>7 36 11</runs>
            <runs>7 34 12</runs>
            <runs>8 32 12</runs>
            <runs>0 1 8 28 14</runs>
            <runs>0 1 9 25 15</runs>
            <runs>0 1 12 19 17</runs>
            <runs>0 1 14 8 25</runs>
            <runs>0 1 47</runs>
            <runs>0 1 47</runs>
            <runs>0 1 47</runs>
            <runs>0 1 42</runs>
            <runs>0 1 41</runs>
            <runs>0 6 35</runs>
            <runs>0 7 32</runs>
            <runs>0 9 27</runs>
            <runs>0 10 25</runs>
            <runs>0 11 21</runs>
            <runs>0 15 13</runs>
            <runs>0 17 9</runs>
            <runs></runs>
            <runs>0 8 3</runs>
            <runs>0 6 6 17 2</runs>
            <runs>0 6 7 14 5</runs>
            <runs>0 6 7 13 7</runs>
            <runs>0 6 8 9 11</runs>
            <runs>0 6 8 9 11</runs>
            <runs>0 6 8 9 10</runs>
            <runs>0 7 6 10 10</runs>
            <runs>0 7 6 14 5</runs>
        </run-table>
    </sample>
    <sample shape="SHARP" interline="22" pitch="-3.9" left="221" top="225" id="243">
        <run-table orientation="VERTICAL" width="24" height="64">
            <runs>0 44 10</runs>
            <runs>0 23 9 11 11</runs>
            <runs>0 22 10 11 11</runs>
            <runs>0 22 10 10 12</runs>
            <runs>0 21 11 10 12 1 9</runs>
            <runs>0 13 51</runs>
            <runs>0 13 42</runs>
            <runs>0 7 25 9 8</runs>
            <runs>0 7 6 6 8 14 7</runs>
            <runs>0 19 8 13 8</runs>
            <runs>0 18 8 14 8</runs>
            <runs>0 18 8 13 8</runs>
            <runs>0 17 9 13 8</runs>
            <runs>0 17 9 12 8</runs>
            <runs>0 16 9 12 9</runs>
            <runs>0 16 9 11 10</runs>
            <runs>0 15 43</runs>
            <runs>0 13 41</runs>
            <runs>33 2 9</runs>
            <runs>23 12 9</runs>
            <runs>5 4 4 1 8 13 8</runs>
            <runs>0 13 9 13 8</runs>
            <runs>0 13 9 13 1 2 2</runs>
            <runs>0 14 6</runs>
        </run-table>
    </sample>
    <sample shape="SHARP" interline="22" pitch="-1.0" left="247" top="253" id="244">
        <run-table orientation="VERTICAL" width="23" height="70">
            <runs>0 23 8 14 8</runs>
            <runs>0 23 9 13 8</runs>
            <runs>0 23 9 13 7</runs>
            <runs>0 23 8 13 8</runs>
            <runs>0 22 10 9 14 8 7</runs>
            <runs>0 9 61</runs>
            <runs>0 9 60</runs>
            <runs>0 10 6 1 19 2 14 2 1</runs>
            <runs>0 21 9 12 9</runs>
            <runs>0 20 9 13 8</runs>
            <runs>0 20 8 13 9</runs>
            <runs>0 19 9 13 9</runs>
            <runs>0 19 8 13 9</runs>
            <runs>0 18 9 13 8</runs>
            <runs>0 18 9 12 9</runs>
            <runs>0 17 9 13 9</runs>
            <runs>6 3 4 3 44</runs>
            <runs>60</runs>
            <runs>7 3 16 1 21 2 1</runs>
            <runs>0 16 9 12 10</runs>
            <runs>0 15 10 12 10</runs>
            <runs>0 15 10 12 10</runs>
            <runs>0 15 10 12 10</runs>
        </run-table>
    </sample>
    <sample shape="SHARP" interline="22" pitch="-4.9" left="273" top="212" id="245">
        <run-table orientation="VERTICAL" width="24" height="67">
            <runs>0 26 3 13 8</runs>
            <runs>0 24 5 13 8</runs>
            <runs>0 22 7 13 8</runs>
            <runs>0 21 8 12 9</runs>
            <runs>0 21 8 12 26</runs>
            <runs>0 20 47</runs>
            <runs>0 12 55</runs>
            <runs>0 6 24 10 10</runs>
            <runs>0 7 19 14 8</runs>
            <runs>0 18 8 13 8</runs>
            <runs>0 18 8 13 8</runs>
            <runs>0 17 9 12 8</runs>
            <runs>0 17 8 13 8</runs>
            <runs>0 16 8 13 8</runs>
            <runs>0 16 8 13 8</runs>
            <runs>0 16 7 13 9</runs>
            <runs>0 15 8 5 1 1 3 2 23</runs>
            <runs>0 6 2 6 11 1 31</runs>
            <runs>26 8 11</runs>
            <runs>23 11 10</runs>
            <runs>0 13 8 13 10</runs>
            <runs>0 13 8 13 10</runs>
            <runs>0 13 8 15 8</runs>
            <runs>0 12 6</runs>
        </run-table>
    </sample>
    <sample shape="SHARP" interline="22" pitch="-1.8" left="220" top="465" id="249">
        <run-table orientation="VERTICAL" width="23" height="64">
            <runs>0 22 9 12 11</runs>
            <runs>0 22 9 12 11</runs>
            <runs>0 21 10 11 12</runs>
            <runs>0 20 11 11 12</runs>
            <runs>0 7 25 9 14</runs>
            <runs>0 6 52 1 5</runs>
            <runs>0 14 50</runs>
            <runs>0 19 8 13 9 7 3 2 3</runs>
            <runs>0 18 8 14 8</runs>
            <runs>0 18 8 14 8</runs>
            <runs>0 18 7 14 8</runs>
            <runs>0 17 8 14 8</runs>
            <runs>0 17 8 13 8</runs>
            <runs>0 16 8 14 7</runs>
            <runs>0 15 8 14 8</runs>
            <runs>0 15 9 12 9</runs>
            <runs>57</runs>
            <runs>57</runs>
            <runs>0 13 9 12 10 6 7</runs>
            <runs>0 13 8 13 9</runs>
            <runs>0 13 8 13 8</runs>
            <runs>0 12 9 13 8</runs>
            <runs>0 13 2</runs>
        </run-table>
    </sample>
    <sample shape="SHARP" interline="22" pitch="1.1" left="247" top="493" id="250">
        <run-table orientation="VERTICAL" width="24" height="69">
            <runs>0 23 7 19 1</runs>
            <runs>0 23 8 14 8</runs>
            <runs>0 23 8 14 8</runs>
            <runs>0 23 8 13 9</runs>
            <runs>0 11 7 4 10 12 9</runs>
            <runs>0 9 26 8 9 12 2</runs>
            <runs>0 12 57</runs>
            <runs>0 21 10 3 35</runs>
            <runs>0 21 8 9 18 2 11</runs>
            <runs>0 20 8 14 8</runs>
            <runs>0 20 8 14 8</runs>
            <runs>0 19 9 13 9</runs>
            <runs>0 19 9 13 8</runs>
            <runs>0 18 9 14 8</runs>
            <runs>0 17 9 14 8</runs>
            <runs>0 7 1 8 10 14 8</runs>
            <runs>0 1 29 1 3 5 9</runs>
            <runs>48 1 11</runs>
            <runs>0 15 16 2 27</runs>
            <runs>0 15 10 10 24</runs>
            <runs>0 15 10 11 11</runs>
            <runs>0 15 10 11 11</runs>
            <runs>0 16 9 12 11</runs>
            <runs>0 37 11</runs>
        </run-table>
    </sample>
    <sample shape="SHARP" interline="22" pitch="-2.9" left="272" top="452" id="251">
        <run-table orientation="VERTICAL" width="23" height="67">
            <runs>0 27 1 21 2</runs>
            <runs>0 20 9 13 9</runs>
            <runs>0 20 9 13 9</runs>
            <runs>0 20 9 13 8</runs>
            <runs>0 20 9 12 9</runs>
            <runs>0 16 14 2 25 2 1 1 1</runs>
            <runs>0 6 61</runs>
            <runs>0 7 22 3 35</runs>
            <runs>0 18 9 13 9</runs>
            <runs>0 18 8 14 8</runs>
            <runs>0 18 8 13 8</runs>
            <runs>0 17 8 14 8</runs>
            <runs>0 17 8 14 7</runs>
            <runs>0 16 8 14 8</runs>
            <runs>0 16 8 14 8</runs>
            <runs>0 15 9 13 9</runs>
            <runs>0 9 3 3 15 6 18 3 1</runs>
            <runs>58</runs>
            <runs>57</runs>
            <runs>0 13 10 11 11</runs>
            <runs>0 13 10 11 11</runs>
            <runs>0 13 10 11 11</runs>
            <runs>0 13 9 12 11</runs>
        </run-table>
    </sample>
    <sample shape="SHARP" interline="22" pitch="-3.9" left="220" top="744" id="263">
        <run-table orientation="VERTICAL" width="22" height="65">
            <runs>0 24 10 10 8</runs>
            <runs>0 23 11 7 1 2 8</runs>
            <runs>0 22 12 7 11</runs>
            <runs>0 22 11 9 9</runs>
            <runs>0 12 22 1 23</runs>
            <runs>0 8 57</runs>
            <runs>0 13 25 1 25</runs>
            <runs>0 19 10 12 9</runs>
            <runs>0 19 9 12 9</runs>
            <runs>0 18 9 13 9</runs>
            <runs>0 18 9 13 8</runs>
            <runs>0 18 8 14 8</runs>
            <runs>0 17 9 13 9</runs>
            <runs>0 17 9 12 9</runs>
            <runs>0 2 1 13 10 11 10</runs>
            <runs>0 1 25 10 15</runs>
            <runs>58</runs>
            <runs>0 1 25 3 17 2 10</runs>
            <runs>0 14 9 12 10</runs>
            <runs>0 14 9 12 9</runs>
            <runs>0 14 8 13 9</runs>
            <runs>0 14 7 14 8</runs>
        </run-table>
    </sample>
    <sample shape="SHARP" interline="22" pitch="-1.0" left="244" top="774" id="339">
        <run-table orientation="VERTICAL" width="24" height="69">
            <runs>0 49 2</runs>
            <runs>0 23 6 15 8</runs>
            <runs>0 22 9 13 8</runs>
            <runs>0 23 8 12 9</runs>
            <runs>0 23 8 11 11</runs>
            <runs>0 22 9 5 33</runs>
            <runs>0 8 6 1 4 2 12 1 35</runs>
            <runs>0 8 54 1 1</runs>
            <runs>0 21 8 13 8</runs>
            <runs>0 21 7 13 8</runs>
            <runs>0 20 8 13 8</runs>
            <runs>0 20 8 12 8</runs>
            <runs>0 19 8 13 8</runs>
            <runs>0 19 8 13 7</runs>
            <runs>0 18 9 12 8</runs>
            <runs>0 18 8 12 10</runs>
            <runs>0 17 8 11 23</runs>
            <runs>6 1 6 3 12 1 2 1 1 2 24</runs>
            <runs>47 6 5</runs>
            <runs>6 9 12 8 12</runs>
            <runs>0 15 10 11 11</runs>
            <runs>0 15 10 11 11</runs>
            <runs>0 15 10 12 11</runs>
            <runs>0 16 9</runs>
        </run-table>
    </sample>
    <sample shape="SHARP" interline="22" pitch="-5.0" left="269" top="733" id="340">
        <run-table orientation="VERTICAL" width="23" height="67">
            <runs>0 22 7 13 8</runs>
            <runs>0 22 7 13 9</runs>
            <runs>0 21 9 12 8</runs>
            <runs>0 21 8 13 8</runs>
            <runs>0 8 9 4 9 12 8</runs>
            <runs>0 7 28 2 29</runs>
            <runs>0 7 28 5 27</runs>
            <runs>0 18 10 13 8 5 1</runs>
            <runs>0 18 9 13 8</runs>
            <runs>0 18 8 14 7</runs>
            <runs>0 18 7 15 7</runs>
            <runs>0 17 8 14 8</runs>
            <runs>0 16 9 13 8</runs>
            <runs>0 16 8 14 8</runs>
            <runs>0 15 9 13 9</runs>
            <runs>0 12 12 12 9</runs>
            <runs>58</runs>
            <runs>58</runs>
            <runs>0 9 1 2 12 6 1 3 11</runs>
            <runs>0 12 10 13 9</runs>
            <runs>0 12 9 13 10</runs>
            <runs>0 12 9 13 10</runs>
            <runs>0 12 8 15 9</runs>
        </run-table>
    </sample>
    <sample shape="SHARP" interline="22" pitch="-1.9" left="218" top="995" id="279">
        <run-table orientation="VERTICAL" width="22" height="64">
            <runs>0 22 7 15 7</runs>
            <runs>0 21 12 10 8</runs>
            <runs>0 21 8 13 8</runs>
            <runs>0 21 8 13 8</runs>
            <runs>0 6 6 1 1 1 1 4 13 8 9 2 8</runs>
            <runs>0 6 58</runs>
            <runs>0 17 17 6 23</runs>
            <runs>0 18 9 13 9</runs>
            <runs>0 18 8 14 8</runs>
            <runs>0 17 9 13 8</runs>
            <runs>0 17 8 14 8</runs>
            <runs>0 17 8 14 8</runs>
            <runs>0 16 8 14 8</runs>
            <runs>0 16 8 14 8</runs>
            <runs>0 15 9 13 8</runs>
            <runs>0 5 53</runs>
            <runs>58</runs>
            <runs>44 7 6</runs>
            <runs>5 8 9 13 8</runs>
            <runs>0 13 9 13 8</runs>
            <runs>0 13 8 13 8</runs>
            <runs>0 13 8 14 6</runs>
        </run-table>
    </sample>
    <sample shape="SHARP" interline="22" pitch="1.0" left="242" top="1024" id="344">
        <run-table orientation="VERTICAL" width="23" height="70">
            <runs>0 23 9 13 8</runs>
            <runs>0 23 9 13 9</runs>
            <runs>0 23 9 13 8</runs>
            <runs>0 23 9 12 9</runs>
            <runs>0 22 10 11 13 2 11</runs>
            <runs>0 9 61</runs>
            <runs>0 9 61</runs>
            <runs>0 21 9 12 9</runs>
            <runs>0 21 8 13 9</runs>
            <runs>0 20 9 13 8</runs>
            <runs>0 19 9 13 9</runs>
            <runs>0 19 9 13 9</runs>
            <runs>0 19 8 14 8</runs>
            <runs>0 19 8 13 9</runs>
            <runs>0 17 10 13 9</runs>
            <runs>0 16 11 6 2 4 17 2 1</runs>
            <runs>61</runs>
            <runs>60</runs>
            <runs>28 1 1 5 13</runs>
            <runs>0 16 9 12 10</runs>
            <runs>0 15 10 12 10</runs>
            <runs>0 15 10 12 11</runs>
            <runs>0 17 9</runs>
        </run-table>
    </sample>
    <sample shape="SHARP" interline="22" pitch="-2.9" left="264" top="982" id="345">
        <run-table orientation="VERTICAL" width="24" height="68">
            <runs>0 22 4 19 3</runs>
            <runs>0 21 8 14 8</runs>
            <runs>0 20 9 13 9</runs>
            <runs>0 20 9 13 9</runs>
            <runs>0 20 9 13 9</runs>
            <runs>0 18 11 4 23 4 8</runs>
            <runs>0 7 61</runs>
            <runs>0 7 23 2 36</runs>
            <runs>0 16 1 1 9 13 9 9 5</runs>
            <runs>0 18 8 14 8</runs>
            <runs>0 18 8 14 8</runs>
            <runs>0 18 7 14 8</runs>
            <runs>0 17 8 13 9</runs>
            <runs>0 17 8 13 9</runs>
            <runs>0 16 8 14 8</runs>
            <runs>0 16 8 13 9</runs>
            <runs>0 15 11 11 14</runs>
            <runs>0 1 10 1 46</runs>
            <runs>58</runs>
            <runs>3 4 4 1 12 10 12 2 7</runs>
            <runs>0 13 10 12 10</runs>
            <runs>0 13 10 11 11</runs>
            <runs>0 12 11 11 8</runs>
            <runs>0 13 5 21 2</runs>
        </run-table>
    </sample>
    <sample shape="SHARP" interline="22" pitch="-4.0" left="212" top="1298" id="356">
        <run-table orientation="VERTICAL" width="24" height="64">
            <runs>0 22 5 16 7</runs>
            <runs>0 21 13 8 8</runs>
            <runs>0 21 8 13 8</runs>
            <runs>0 21 8 12 9</runs>
            <runs>0 20 9 12 9 2 8 1 3</runs>
            <runs>0 7 7 1 49</runs>
            <runs>0 7 57</runs>
            <runs>0 7 22 1 6 3 10</runs>
            <runs>0 18 9 12 9</runs>
            <runs>0 18 8 13 8</runs>
            <runs>0 18 8 13 8</runs>
            <runs>0 17 8 13 9</runs>
            <runs>0 17 8 13 8</runs>
            <runs>0 17 8 12 9</runs>
            <runs>0 16 8 13 9</runs>
            <runs>0 16 8 12 10 9 2</runs>
            <runs>0 5 6 4 19 1 23</runs>
            <runs>0 1 57</runs>
            <runs>46</runs>
            <runs>0 1 6 7 9 7 13</runs>
            <runs>0 14 8 12 9</runs>
            <runs>0 13 9 12 9</runs>
            <runs>0 13 8 13 8</runs>
            <runs>0 14 1 4 2 16 1</runs>
        </run-table>
    </sample>
    <sample shape="SHARP" interline="22" pitch="-1.1" left="237" top="1328" id="385">
        <run-table orientation="VERTICAL" width="24" height="68">
            <runs>0 25 3</runs>
            <runs>0 22 9 13 8</runs>
            <runs>0 22 9 12 9</runs>
            <runs>0 22 8 13 9</runs>
            <runs>0 13 1 7 9 12 9 2 9</runs>
            <runs>0 8 10 1 15 3 31</runs>
            <runs>0 8 60</runs>
            <runs>0 8 49 5 2</runs>
            <runs>0 18 11 9 13 1 1</runs>
            <runs>0 19 9 12 9</runs>
            <runs>0 19 9 12 9</runs>
            <runs>0 18 9 12 9</runs>
            <runs>0 18 9 12 9</runs>
            <runs>0 17 9 13 9</runs>
            <runs>0 17 8 13 9</runs>
            <runs>0 16 9 12 10</runs>
            <runs>9 2 1 4 10 10 11 1 3 2 5</runs>
            <runs>58</runs>
            <runs>53 2 2</runs>
            <runs>0 5 3 2 1 1 13 2 4 1 1 2 12</runs>
            <runs>0 14 11 10 11</runs>
            <runs>0 14 10 11 11</runs>
            <runs>0 14 10 11 11</runs>
            <runs>0 14 10 11 11</runs>
        </run-table>
    </sample>
    <sample shape="SHARP" interline="22" pitch="-4.9" left="261" top="1286" id="386">
        <run-table orientation="VERTICAL" width="24" height="68">
            <runs>0 23 4</runs>
            <runs>0 22 8 12 9</runs>
            <runs>0 22 8 12 9</runs>
            <runs>0 21 9 12 9</runs>
            <runs>0 21 9 12 9</runs>
            <runs>0 7 23 10 13 1 9</runs>
            <runs>0 7 60</runs>
            <runs>0 7 6 1 54</runs>
            <runs>0 19 9 12 13 3 12</runs>
            <runs>0 19 8 13 9</runs>
            <runs>0 19 8 13 8</runs>
            <runs>0 18 8 14 8</runs>
            <runs>0 18 8 13 8</runs>
            <runs>0 17 8 14 8</runs>
            <runs>0 16 9 13 9</runs>
            <runs>0 16 9 12 9</runs>
            <runs>0 1 1 1 8 4 10 10 13</runs>
            <runs>59</runs>
            <runs>58</runs>
            <runs>0 5 5 3 10 11 23</runs>
            <runs>0 13 10 12 10</runs>
            <runs>0 13 10 12 10</runs>
            <runs>0 13 9 12 11</runs>
            <runs>0 14 7 14 10</runs>
        </run-table>
    </sample>
    <sample shape="SHARP" interline="22" pitch="-2.0" left="212" top="1539" id="390">
        <run-table orientation="VERTICAL" width="24" height="65">
            <runs>0 22 4 1 2 14 9</runs>
            <runs>0 22 11 10 8</runs>
            <runs>0 21 9 13 8</runs>
            <runs>0 21 8 13 9</runs>
            <runs>0 7 7 6 42</runs>
            <runs>0 7 58</runs>
            <runs>0 7 58</runs>
            <runs>0 7 7 1 14 11 9</runs>
            <runs>0 18 9 13 9</runs>
            <runs>0 18 9 13 8</runs>
            <runs>0 18 8 13 8</runs>
            <runs>0 17 9 13 8</runs>
            <runs>0 17 8 14 7</runs>
            <runs>0 16 9 13 8</runs>
            <runs>0 16 8 13 9</runs>
            <runs>0 15 9 7 17</runs>
            <runs>59</runs>
            <runs>58</runs>
            <runs>45</runs>
            <runs>0 2 1 3 16 13 8</runs>
            <runs>0 13 9 12 9</runs>
            <runs>0 13 9 12 8</runs>
            <runs>0 13 8 14 4</runs>
            <runs>0 17 3</runs>
        </run-table>
    </sample>
    <sample shape="SHARP" interline="22" pitch="1.1" left="238" top="1568" id="391">
        <run-table orientation="VERTICAL" width="24" height="70">
            <runs>0 23 10 15 3</runs>
            <runs>0 23 10 12 10</runs>
            <runs>0 23 10 12 9</runs>
            <runs>0 23 9 13 9</runs>
            <runs>0 18 1 3 11 12 9</runs>
            <runs>0 10 46 1 13</runs>
            <runs>0 10 60</runs>
            <runs>0 21 15 1 17 2 14</runs>
            <runs>0 22 8 13 9</runs>
            <runs>0 21 9 13 9</runs>
            <runs>0 21 8 14 8</runs>
            <runs>0 20 9 13 9</runs>
            <runs>0 20 9 13 8</runs>
            <runs>0 20 8 13 9</runs>
            <runs>0 19 9 13 8</runs>
            <runs>0 19 9 12 9</runs>
            <runs>34 3 24</runs>
            <runs>62</runs>
            <runs>0 16 19 1 25</runs>
            <runs>0 17 9 12 10</runs>
            <runs>0 17 10 12 9</runs>
            <runs>0 17 10 12 9</runs>
            <runs>0 17 10 12 9</runs>
            <runs>0 41 8</runs>
        </run-table>
    </sample>
    <sample shape="SHARP" interline="22" pitch="-2.9" left="262" top="1526" id="392">
        <run-table orientation="VERTICAL" width="24" height="69">
            <runs>0 20 10 13 9</runs>
            <runs>0 20 11 12 9</runs>
            <runs>0 20 11 12 9</runs>
            <runs>0 20 11 12 9</runs>
            <runs>0 8 6 2 15 11 10 2 2</runs>
            <runs>0 8 61</runs>
            <runs>0 8 61</runs>
            <runs>0 11 4 3 35 1 15</runs>
            <runs>0 19 9 11 10</runs>
            <runs>0 19 9 12 9</runs>
            <runs>0 18 9 13 9</runs>
            <runs>0 18 9 12 9</runs>
            <runs>0 17 9 13 8</runs>
            <runs>0 17 9 13 8</runs>
            <runs>0 16 9 13 9</runs>
            <runs>0 3 5 2 3 2 10 13 9</runs>
            <runs>0 1 28 1 29</runs>
            <runs>59</runs>
            <runs>0 1 8 1 49</runs>
            <runs>0 14 10 11 11</runs>
            <runs>0 14 9 12 11</runs>
            <runs>0 13 11 11 11</runs>
            <runs>0 13 11 11 11</runs>
            <runs>0 35 1 1 9</runs>
        </run-table>
    </sample>
    <sample shape="SHARP" interline="22" pitch="-3.9" left="209" top="1821" id="400">
        <run-table orientation="VERTICAL" width="24" height="64">
            <runs>0 25 8 11 5</runs>
            <runs>0 22 11 10 8</runs>
            <runs>0 22 11 9 9</runs>
            <runs>0 21 12 9 8</runs>
            <runs>0 21 12 8 9</runs>
            <runs>0 7 7 4 15 3 28</runs>
            <runs>0 6 58</runs>
            <runs>0 7 57</runs>
            <runs>0 17 11 7 1 4 9</runs>
            <runs>0 18 9 12 9</runs>
            <runs>0 17 10 12 9</runs>
            <runs>0 17 9 13 8</runs>
            <runs>0 17 9 12 9</runs>
            <runs>0 16 9 13 8</runs>
            <runs>0 16 9 12 9</runs>
            <runs>0 15 9 12 10</runs>
            <runs>0 4 5 5 10 12 22</runs>
            <runs>58</runs>
            <runs>57</runs>
            <runs>43</runs>
            <runs>0 13 9 12 9</runs>
            <runs>0 13 9 12 9</runs>
            <runs>0 13 8 13 8</runs>
            <runs>0 13 8 13 5</runs>
        </run-table>
    </sample>
    <sample shape="SHARP" interline="22" pitch="-0.9" left="236" top="1849" id="432">
        <run-table orientation="VERTICAL" width="23" height="70">
            <runs>0 24 8 13 8</runs>
            <runs>0 23 9 13 9</runs>
            <runs>0 23 9 13 8</runs>
            <runs>0 23 9 12 9 12 2</runs>
            <runs>0 9 2 5 1 5 11 5 1 2 29</runs>
            <runs>0 9 61</runs>
            <runs>0 9 61</runs>
            <runs>0 9 2 9 10 12 28</runs>
            <runs>0 21 9 12 9</runs>
            <runs>0 20 9 13 9</runs>
            <runs>0 20 9 12 10</runs>
            <runs>0 20 8 13 9</runs>
            <runs>0 20 8 13 9</runs>
            <runs>0 19 9 12 10</runs>
            <runs>0 19 9 11 10</runs>
            <runs>0 18 12 8 12 2 6</runs>
            <runs>0 8 53</runs>
            <runs>61</runs>
            <runs>10 3 2 1 32 5 4</runs>
            <runs>8 9 10 11 11</runs>
            <runs>0 17 10 11 11</runs>
            <runs>0 16 11 11 11</runs>
            <runs>0 16 11 11 11</runs>
        </run-table>
    </sample>
    <sample shape="SHARP" interline="22" pitch="-4.9" left="258" top="1808" id="433">
        <run-table orientation="VERTICAL" width="25" height="68">
            <runs>0 49 2</runs>
            <runs>0 23 7 13 9</runs>
            <runs>0 22 8 13 9</runs>
            <runs>0 22 8 13 8</runs>
            <runs>0 21 9 12 10</runs>
            <runs>0 20 10 12 26</runs>
            <runs>0 7 61</runs>
            <runs>0 7 61</runs>
            <runs>0 8 4 5 16 2 14 10 4</runs>
            <runs>0 18 10 12 9</runs>
            <runs>0 18 9 13 8</runs>
            <runs>0 18 9 13 8</runs>
            <runs>0 18 8 13 9</runs>
            <runs>0 17 9 13 9</runs>
            <runs>0 17 8 13 9</runs>
            <runs>0 16 9 13 9</runs>
            <runs>0 15 10 12 9 3 1 2 5</runs>
            <runs>0 1 58</runs>
            <runs>58</runs>
            <runs>0 1 48</runs>
            <runs>0 13 12 10 11</runs>
            <runs>0 13 9 13 11</runs>
            <runs>0 13 9 13 10</runs>
            <runs>0 13 8 14 10</runs>
            <runs>0 16 2 18 3</runs>
        </run-table>
    </sample>
    <sample shape="SHARP" interline="22" pitch="-1.9" left="211" top="2071" id="437">
        <run-table orientation="VERTICAL" width="24" height="65">
            <runs>0 22 7 14 8</runs>
            <runs>0 22 11 10 8</runs>
            <runs>0 21 13 9 8</runs>
            <runs>0 20 14 8 9</runs>
            <runs>0 20 14 2 1 4 23</runs>
            <runs>0 7 58</runs>
            <runs>0 6 58</runs>
            <runs>0 6 28 2 20</runs>
            <runs>0 18 10 12 9</runs>
            <runs>0 18 9 13 8</runs>
            <runs>0 18 9 12 9</runs>
            <runs>0 17 9 13 9</runs>
            <runs>0 17 8 13 9</runs>
            <runs>0 17 8 12 10</runs>
            <runs>0 16 9 12 10</runs>
            <runs>0 15 9 12 11 1 8</runs>
            <runs>0 1 12 1 45</runs>
            <runs>59</runs>
            <runs>47 3 6</runs>
            <runs>0 13 10 12 9</runs>
            <runs>0 13 9 13 9</runs>
            <runs>0 13 9 13 9</runs>
            <runs>0 13 8 14 8</runs>
            <runs>0 14 4</runs>
        </run-table>
    </sample>
    <sample shape="SHARP" interline="22" pitch="1.0" left="237" top="2101" id="438">
        <run-table orientation="VERTICAL" width="25" height="69">
            <runs>0 51 1</runs>
            <runs>0 22 10 12 9</runs>
            <runs>0 22 10 12 9</runs>
            <runs>0 22 10 12 9</runs>
            <runs>0 22 10 11 9</runs>
            <runs>0 14 1 7 10 10 26</runs>
            <runs>0 9 59</runs>
            <runs>0 9 46 3 11</runs>
            <runs>0 17 2 1 14 2 1 2 12</runs>
            <runs>0 21 9 12 9</runs>
            <runs>0 20 9 13 8</runs>
            <runs>0 20 9 13 7</runs>
            <runs>0 19 9 13 8</runs>
            <runs>0 19 9 13 8</runs>
            <runs>0 18 9 13 8</runs>
            <runs>0 18 9 13 9</runs>
            <runs>0 17 11 12 12 2 7</runs>
            <runs>0 1 61</runs>
            <runs>61</runs>
            <runs>48</runs>
            <runs>0 16 10 12 10</runs>
            <runs>0 16 10 12 10</runs>
            <runs>0 16 9 13 10</runs>
            <runs>0 16 9 13 10</runs>
            <runs>0 19 1 21 1</runs>
        </run-table>
    </sample>
    <sample shape="SHARP" interline="22" pitch="-2.8" left="261" top="2058" id="439">
        <run-table orientation="VERTICAL" width="24" height="69">
            <runs>0 21 9 14 7</runs>
            <runs>0 21 10 12 10</runs>
            <runs>0 21 10 12 9</runs>
            <runs>0 21 10 12 9</runs>
            <runs>0 8 3 9 11 11 10 11 1</runs>
            <runs>0 7 62</runs>
            <runs>0 7 62</runs>
            <runs>0 18 13 4 34</runs>
            <runs>0 19 9 13 9 6 13</runs>
            <runs>0 19 9 13 8</runs>
            <runs>0 18 9 13 9</runs>
            <runs>0 18 9 13 9</runs>
            <runs>0 18 8 14 8</runs>
            <runs>0 17 9 13 8</runs>
            <runs>0 17 8 13 9</runs>
            <runs>0 16 9 12 10</runs>
            <runs>0 1 29 2 21 1 4</runs>
            <runs>60</runs>
            <runs>0 1 1 1 56</runs>
            <runs>0 14 10 11 11 8 4</runs>
            <runs>0 14 10 11 11</runs>
            <runs>0 13 10 12 11</runs>
            <runs>0 14 9 12 11</runs>
            <runs>0 15 1 22 3</runs>
        </run-table>
    </sample>
    <sample shape="SHARP" interline="22" pitch="-3.9" left="209" top="2360" id="453">
        <run-table orientation="VERTICAL" width="23" height="61">
            <runs>0 19 7 14 8</runs>
            <runs>0 18 8 13 9</runs>
            <runs>0 18 8 13 8</runs>
            <runs>0 17 9 13 8</runs>
            <runs>0 9 1 5 11 12 14</runs>
            <runs>0 4 57</runs>
            <runs>0 4 57</runs>
            <runs>0 15 9 13 9</runs>
            <runs>0 15 9 13 8</runs>
            <runs>0 15 8 13 9</runs>
            <runs>0 15 7 14 8</runs>
            <runs>0 15 7 13 9</runs>
            <runs>0 14 7 14 8</runs>
            <runs>0 13 8 13 9</runs>
            <runs>0 13 7 14 8</runs>
            <runs>0 12 8 13 9</runs>
            <runs>0 2 3 3 1 2 43</runs>
            <runs>54</runs>
            <runs>0 10 11 6 14 6 6</runs>
            <runs>0 10 8 13 9</runs>
            <runs>0 10 8 13 8</runs>
            <runs>0 10 8 13 8</runs>
            <runs>0 10 8 13 7</runs>
        </run-table>
    </sample>
    <sample shape="SHARP" interline="22" pitch="-1.0" left="234" top="2387" id="482">
        <run-table orientation="VERTICAL" width="25" height="69">
            <runs>0 44 8</runs>
            <runs>0 25 3 16 9</runs>
            <runs>0 22 9 13 8</runs>
            <runs>0 22 9 13 8</runs>
            <runs>0 22 8 13 9</runs>
            <runs>0 21 9 12 27</runs>
            <runs>0 11 28 1 29</runs>
            <runs>0 8 43 5 4 2 7</runs>
            <runs>0 8 24 2 16</runs>
            <runs>0 12 3 4 10 12 8</runs>
            <runs>0 20 8 13 8</runs>
            <runs>0 20 8 13 8</runs>
            <runs>0 19 9 13 8</runs>
            <runs>0 19 8 14 7</runs>
            <runs>0 18 9 13 8</runs>
            <runs>0 18 8 14 9</runs>
            <runs>0 18 8 14 21</runs>
            <runs>0 18 15 5 23</runs>
            <runs>61</runs>
            <runs>48</runs>
            <runs>14 2 11 1 3 6 11</runs>
            <runs>0 16 10 12 10</runs>
            <runs>0 16 10 11 11</runs>
            <runs>0 16 9 12 5</runs>
            <runs>0 16 9 13 1</runs>
        </run-table>
    </sample>
    <sample shape="SHARP" interline="22" pitch="-4.8" left="259" top="2345" id="483">
        <run-table orientation="VERTICAL" width="24" height="68">
            <runs>0 42 9</runs>
            <runs>0 23 7 12 10</runs>
            <runs>0 22 8 12 10</runs>
            <runs>0 22 8 12 9</runs>
            <runs>0 21 8 13 9 7 1</runs>
            <runs>0 7 6 7 9 9 1 1 28</runs>
            <runs>0 6 62</runs>
            <runs>0 6 62</runs>
            <runs>0 9 1 9 9 13 9 9 1 1 7</runs>
            <runs>0 19 8 14 8</runs>
            <runs>0 19 7 14 9</runs>
            <runs>0 19 7 13 9</runs>
            <runs>0 18 8 13 9</runs>
            <runs>0 18 7 14 8</runs>
            <runs>0 17 8 14 8</runs>
            <runs>0 17 7 14 8</runs>
            <runs>0 8 2 6 9 11 11 1 1 4 2</runs>
            <runs>59</runs>
            <runs>58</runs>
            <runs>0 2 4 1 2 1 14 1 2 3 1 4 11 3 1 2 2</runs>
            <runs>0 14 8 13 10</runs>
            <runs>0 14 8 13 10</runs>
            <runs>0 14 7 14 10</runs>
            <runs>0 14 7 14 10</runs>
        </run-table>
    </sample>
    <sample shape="SHARP" interline="22" pitch="-2.1" left="209" top="2585" id="487">
        <run-table orientation="VERTICAL" width="24" height="64">
            <runs>0 22 6 16 7</runs>
            <runs>0 21 7 16 7</runs>
            <runs>0 21 7 15 7</runs>
            <runs>0 20 8 15 8</runs>
            <runs>0 20 8 4 32</runs>
            <runs>0 7 9 1 47</runs>
            <runs>0 6 58</runs>
            <runs>0 6 29 5 9 4 11</runs>
            <runs>0 6 10 2 8 15 7</runs>
            <runs>0 19 7 14 7</runs>
            <runs>0 18 7 15 7</runs>
            <runs>0 18 7 15 7</runs>
            <runs>0 17 7 15 7</runs>
            <runs>0 17 7 14 8 3 1</runs>
            <runs>0 16 8 13 22</runs>
            <runs>0 2 12 1 10 4 30</runs>
            <runs>0 1 58</runs>
            <runs>59</runs>
            <runs>0 1 33 1 10</runs>
            <runs>0 1 23 4 1 7 8</runs>
            <runs>0 8 14 13 9</runs>
            <runs>0 13 9 13 8</runs>
            <runs>0 13 8 15 6</runs>
            <runs>0 13 8 19 1</runs>
        </run-table>
    </sample>
    <sample shape="SHARP" interline="22" pitch="1.0" left="234" top="2616" id="488">
        <run-table orientation="VERTICAL" width="24" height="68">
            <runs>0 22 8 21 2</runs>
            <runs>0 22 9 13 9</runs>
            <runs>0 22 8 14 9</runs>
            <runs>0 22 8 14 9</runs>
            <runs>0 22 8 14 9</runs>
            <runs>0 8 26 9 10 10 1</runs>
            <runs>0 8 60</runs>
            <runs>0 8 60</runs>
            <runs>0 20 10 11 27</runs>
            <runs>0 21 7 15 9 6 10</runs>
            <runs>0 21 7 15 7</runs>
            <runs>0 20 7 15 8</runs>
            <runs>0 20 7 15 7</runs>
            <runs>0 20 8 15 7</runs>
            <runs>0 19 9 14 7</runs>
            <runs>9 2 3 1 13 14 7</runs>
            <runs>34 1 21 1 6</runs>
            <runs>63</runs>
            <runs>63</runs>
            <runs>0 4 2 7 2 2 9 13 23</runs>
            <runs>0 17 8 14 8 10 4</runs>
            <runs>0 17 8 14 8</runs>
            <runs>0 16 9 14 8</runs>
            <runs>0 17 8 14 8</runs>
        </run-table>
    </sample>
    <sample shape="SHARP" interline="22" pitch="-2.9" left="258" top="2575" id="489">
        <run-table orientation="VERTICAL" width="25" height="67">
            <runs>0 45 2</runs>
            <runs>0 19 8 14 9</runs>
            <runs>0 19 8 14 9</runs>
            <runs>0 19 8 14 9</runs>
            <runs>0 19 8 14 9</runs>
            <runs>0 6 3 9 9 14 9 8 9</runs>
            <runs>0 5 23 3 36</runs>
            <runs>0 5 61</runs>
            <runs>0 5 61</runs>
            <runs>0 17 8 12 11 4 1 6 7</runs>
            <runs>0 17 8 15 7</runs>
            <runs>0 17 7 15 8</runs>
            <runs>0 17 7 15 7</runs>
            <runs>0 17 6 16 7</runs>
            <runs>0 16 7 15 8</runs>
            <runs>0 16 7 15 7 9 3</runs>
            <runs>23 13 22</runs>
            <runs>58</runs>
            <runs>58</runs>
            <runs>23 3 20 4 7</runs>
            <runs>0 2 2 8 10 13 9</runs>
            <runs>0 13 9 13 9</runs>
            <runs>0 12 10 13 9</runs>
            <runs>0 12 9 14 9</runs>
            <runs>0 14 1 1 3 16 9</runs>
        </run-table>
    </sample>
    <sample shape="SHARP" interline="22" pitch="-4.0" left="209" top="2873" id="523">
        <run-table orientation="VERTICAL" width="24" height="65">
            <runs>0 43 8</runs>
            <runs>0 23 7 13 8</runs>
            <runs>0 22 8 13 7</runs>
            <runs>0 22 7 14 7</runs>
            <runs>0 22 7 9 1 3 23</runs>
            <runs>0 21 44</runs>
            <runs>0 7 27 5 1 1 12 6 2 1 1</runs>
            <runs>0 7 1 3 6 1 16 7 7</runs>
            <runs>0 20 7 14 7</runs>
            <runs>0 19 8 13 8</runs>
            <runs>0 19 7 14 7</runs>
            <runs>0 19 7 13 8</runs>
            <runs>0 18 7 14 7</runs>
            <runs>0 17 8 14 7</runs>
            <runs>0 17 7 14 8</runs>
            <runs>0 17 7 13 9</runs>
            <runs>0 16 8 7 28</runs>
            <runs>35 1 9</runs>
            <runs>26 1 7 2 8</runs>
            <runs>0 14 9 13 7</runs>
            <runs>0 14 8 14 7</runs>
            <runs>0 14 8 13 7</runs>
            <runs>0 14 7</runs>
            <runs>0 18 1</runs>
        </run-table>
    </sample>
    <sample shape="SHARP" interline="22" pitch="-0.8" left="232" top="2904" id="524">
        <run-table orientation="VERTICAL" width="23" height="69">
            <runs>0 23 8 18 3</runs>
            <runs>0 23 9 12 9</runs>
            <runs>0 23 9 12 9</runs>
            <runs>0 23 8 13 9</runs>
            <runs>0 21 10 13 9</runs>
            <runs>0 9 60</runs>
            <runs>0 11 1 2 54</runs>
            <runs>0 22 7 9 1 3 9 2 16</runs>
            <runs>0 22 7 13 9</runs>
            <runs>0 21 8 13 9</runs>
            <runs>0 20 8 14 8</runs>
            <runs>0 20 8 14 8</runs>
            <runs>0 21 8 13 8</runs>
            <runs>0 20 8 14 7</runs>
            <runs>0 19 8 14 8</runs>
            <runs>0 19 8 14 8</runs>
            <runs>54 4 3</runs>
            <runs>62</runs>
            <runs>0 17 9 12 11 1 11</runs>
            <runs>0 17 8 13 9</runs>
            <runs>0 17 8 13 9</runs>
            <runs>0 17 8 13 9</runs>
            <runs>0 38 9</runs>
        </run-table>
    </sample>
    <sample shape="SHARP" interline="22" pitch="-5.0" left="256" top="2862" id="525">
        <run-table orientation="VERTICAL" width="24" height="64">
            <runs>0 23 5 14 8</runs>
            <runs>0 21 8 13 8</runs>
            <runs>0 21 8 13 8</runs>
            <runs>0 21 7 14 8</runs>
            <runs>0 20 8 14 8</runs>
            <runs>0 6 31 4 23</runs>
            <runs>0 8 55</runs>
            <runs>0 18 13 3 1 2 11</runs>
            <runs>0 18 7 15 7</runs>
            <runs>0 18 7 14 8</runs>
            <runs>0 17 8 14 7</runs>
            <runs>0 17 7 15 7</runs>
            <runs>0 16 8 14 7</runs>
            <runs>0 16 7 15 7</runs>
            <runs>0 15 8 14 8</runs>
            <runs>0 14 9 13 8</runs>
            <runs>33 2 21</runs>
            <runs>57</runs>
            <runs>0 5 4 1 1 2 31</runs>
            <runs>0 13 8 13 10</runs>
            <runs>0 12 9 13 10</runs>
            <runs>0 11 9 14 10</runs>
            <runs>0 12 8 14 10</runs>
            <runs>0 17 1</runs>
        </run-table>
    </sample>
    <sample shape="SHARP" interline="22" pitch="-3.9" left="208" top="3107" id="529">
        <run-table orientation="VERTICAL" width="23" height="64">
            <runs>0 22 7 14 8</runs>
            <runs>0 22 7 14 8</runs>
            <runs>0 21 8 13 8</runs>
            <runs>0 21 8 13 8</runs>
            <runs>0 7 3 10 9 6 1 5 15 2 5</runs>
            <runs>0 6 58</runs>
            <runs>0 6 58</runs>
            <runs>0 18 10 12 9 13 1</runs>
            <runs>0 18 9 13 8</runs>
            <runs>0 18 8 14 7</runs>
            <runs>0 18 7 14 8</runs>
            <runs>0 17 8 14 8</runs>
            <runs>0 17 8 13 8</runs>
            <runs>0 17 8 12 9</runs>
            <runs>0 16 8 13 8</runs>
            <runs>0 14 10 11 12</runs>
            <runs>58</runs>
            <runs>58</runs>
            <runs>6 1 37 3 10</runs>
            <runs>0 13 9 12 9</runs>
            <runs>0 13 8 13 9</runs>
            <runs>0 13 8 9 13</runs>
            <runs>0 13 8 13 8</runs>
        </run-table>
    </sample>
    <sample shape="SHARP" interline="22" pitch="-1.0" left="232" top="3137" id="534">
        <run-table orientation="VERTICAL" width="24" height="69">
            <runs>0 22 8 19 1</runs>
            <runs>0 22 9 13 8</runs>
            <runs>0 22 9 13 8</runs>
            <runs>0 22 9 12 9</runs>
            <runs>0 8 23 11 10 1 15</runs>
            <runs>0 8 44 1 15</runs>
            <runs>0 8 61</runs>
            <runs>0 15 1 1 39 2 11</runs>
            <runs>0 19 9 10 1 2 12</runs>
            <runs>0 19 9 13 8</runs>
            <runs>0 20 8 14 8</runs>
            <runs>0 19 9 13 8</runs>
            <runs>0 19 9 13 8</runs>
            <runs>0 19 8 13 9</runs>
            <runs>0 18 9 12 9</runs>
            <runs>6 12 9 11 10 7 4</runs>
            <runs>13 4 15 1 15 5 7</runs>
            <runs>13 3 44</runs>
            <runs>7 2 1 1 2 3 43</runs>
            <runs>0 16 10 7 16 3 1</runs>
            <runs>0 15 11 10 11</runs>
            <runs>0 16 10 10 12</runs>
            <runs>0 19 6 11 11</runs>
            <runs>0 37 11</runs>
        </run-table>
    </sample>
    <sample shape="SHARP" interline="22" pitch="-4.9" left="255" top="3096" id="532">
        <run-table orientation="VERTICAL" width="25" height="66">
            <runs>0 22 5</runs>
            <runs>0 21 8 12 9</runs>
            <runs>0 21 8 12 10</runs>
            <runs>0 20 9 12 10</runs>
            <runs>0 11 1 7 10 12 10</runs>
            <runs>0 6 24 3 1 1 17</runs>
            <runs>0 5 61</runs>
            <runs>0 9 57</runs>
            <runs>0 18 9 10 29</runs>
            <runs>0 17 9 13 8 10 2</runs>
            <runs>0 17 8 13 9</runs>
            <runs>0 16 9 13 9</runs>
            <runs>0 16 9 12 9</runs>
            <runs>0 15 9 13 8</runs>
            <runs>0 15 8 14 8</runs>
            <runs>0 15 8 13 8</runs>
            <runs>24 7 13</runs>
            <runs>57</runs>
            <runs>57</runs>
            <runs>0 12 45</runs>
            <runs>0 12 9 12 11 7 4</runs>
            <runs>0 11 10 12 11</runs>
            <runs>0 11 9 13 11</runs>
            <runs>0 12 8 13 11</runs>
            <runs>0 34 10</runs>
        </run-table>
    </sample>
</samples>
