<?xml version="1.0" encoding="UTF-8"?>
<stick id="1963" interline="21" shape="BEAM">
    <is-within-system>true</is-within-system>
    <has-ledger>false</has-ledger>
    <stem-number>2</stem-number>
    <step-line>1.7142857142857142</step-line>
    <moments>
        <k>0.5192743764172335</k>
        <k>1.0952380952380953</k>
        <k>0.8095238095238095</k>
        <k>0.21117281396460608</k>
        <k>0.04417182828629444</k>
        <k>0.0493113949892037</k>
        <k>-0.003770078575463525</k>
        <k>0.005949265227790063</k>
        <k>0.005252870660045212</k>
        <k>0.003677278837203881</k>
        <k>0.26048420895380975</k>
        <k>0.034003720609346276</k>
        <k>5.821733025038309E-4</k>
        <k>9.486902300136826E-5</k>
        <k>-3.754971381725033E-9</k>
        <k>-1.2121810653538096E-5</k>
        <k>-2.1976791529320492E-8</k>
        <k>768.2794759825327</k>
        <k>1270.7903930131004</k>
    </moments><members>
    <section id="2259" first-pos="757">
        <run start="1264" length="11" level="71"/>
        <run start="1264" length="11" level="78"/>
        <run start="1265" length="10" level="77"/>
        <run start="1265" length="10" level="77"/>
        <run start="1265" length="10" level="77"/>
        <run start="1265" length="10" level="85"/>
        <run start="1266" length="9" level="85"/>
        <run start="1266" length="9" level="85"/>
        <run start="1266" length="9" level="84"/>
        <run start="1266" length="9" level="84"/>
        <run start="1266" length="9" level="84"/>
        <run start="1266" length="9" level="84"/>
        <run start="1266" length="9" level="92"/>
        <run start="1266" length="9" level="103"/>
        <run start="1266" length="9" level="92"/>
        <run start="1267" length="8" level="93"/>
        <run start="1267" length="8" level="93"/>
        <run start="1267" length="10" level="114"/>
        <run start="1267" length="11" level="128"/>
        <run start="1268" length="12" level="138"/>
        <run start="1268" length="12" level="138"/>
        <run start="1268" length="12" level="136"/>
        <run start="1268" length="13" level="128"/>
    </section>
</members></stick>
