<?xml version="1.0" encoding="UTF-8"?>
<stick id="398" interline="21" shape="BRACE">
    <is-within-system>false</is-within-system>
    <has-ledger>false</has-ledger>
    <stem-number>0</stem-number>
    <step-line>10.55421686746988</step-line>
    <moments>
        <k>7.235</k>
        <k>1.35</k>
        <k>15.65</k>
        <k>0.010757277865736495</k>
        <k>-0.0676364002277827</k>
        <k>2.4349406155615267</k>
        <k>-1.3725958175077224E-4</k>
        <k>0.0029528898028748024</k>
        <k>-0.03359549693007207</k>
        <k>-0.16235897711365468</k>
        <k>2.4456978934272633</k>
        <k>5.894963585304993</k>
        <k>0.03944575022348324</k>
        <k>0.0265481995336179</k>
        <k>8.553102500815069E-4</k>
        <k>0.05738597240736048</k>
        <k>8.079467292988518E-5</k>
        <k>295.4194885970974</k>
        <k>232.9364201796821</k>
    </moments><members>
    <section id="969" first-pos="282">
        <run start="331" length="7" level="212"/>
    </section>
    <section id="972" first-pos="283">
        <run start="318" length="24" level="134"/>
    </section>
    <section id="978" first-pos="284">
        <run start="313" length="36" level="32"/>
    </section>
    <section id="980" first-pos="285">
        <run start="308" length="46" level="24"/>
    </section>
    <section id="981" first-pos="286">
        <run start="302" length="56" level="22"/>
    </section>
    <section id="982" first-pos="287">
        <run start="298" length="65" level="14"/>
    </section>
    <section id="983" first-pos="288">
        <run start="293" length="73" level="14"/>
    </section>
    <section id="987" first-pos="289">
        <run start="290" length="79" level="10"/>
    </section>
    <section id="989" first-pos="290">
        <run start="287" length="84" level="10"/>
    </section>
    <section id="991" first-pos="291">
        <run start="284" length="60" level="15"/>
        <run start="280" length="57" level="22"/>
        <run start="277" length="54" level="19"/>
        <run start="269" length="58" level="19"/>
    </section>
    <section id="1001" first-pos="295">
        <run start="242" length="83" level="18"/>
    </section>
    <section id="986" first-pos="289">
        <run start="232" length="8" level="35"/>
        <run start="234" length="8" level="35"/>
        <run start="235" length="8" level="34"/>
        <run start="237" length="8" level="37"/>
        <run start="239" length="9" level="36"/>
        <run start="240" length="13" level="32"/>
    </section>
    <section id="977" first-pos="284">
        <run start="228" length="5" level="49"/>
        <run start="227" length="7" level="35"/>
        <run start="226" length="9" level="28"/>
        <run start="225" length="12" level="21"/>
        <run start="224" length="14" level="20"/>
    </section>
    <section id="985" first-pos="289">
        <run start="222" length="8" level="61"/>
        <run start="221" length="8" level="33"/>
        <run start="220" length="8" level="33"/>
        <run start="219" length="8" level="33"/>
        <run start="217" length="9" level="56"/>
        <run start="215" length="9" level="53"/>
        <run start="213" length="10" level="51"/>
        <run start="210" length="11" level="61"/>
    </section>
    <section id="1015" first-pos="297">
        <run start="201" length="19" level="98"/>
    </section>
    <section id="1032" first-pos="298">
        <run start="130" length="88" level="27"/>
        <run start="131" length="85" level="15"/>
    </section>
    <section id="1014" first-pos="297">
        <run start="124" length="66" level="16"/>
    </section>
    <section id="1004" first-pos="296">
        <run start="93" length="92" level="13"/>
    </section>
    <section id="1000" first-pos="295">
        <run start="95" length="85" level="16"/>
    </section>
    <section id="996" first-pos="294">
        <run start="99" length="78" level="16"/>
    </section>
    <section id="994" first-pos="293">
        <run start="102" length="71" level="22"/>
    </section>
    <section id="993" first-pos="292">
        <run start="108" length="58" level="17"/>
    </section>
    <section id="990" first-pos="291">
        <run start="110" length="49" level="15"/>
    </section>
    <section id="988" first-pos="290">
        <run start="113" length="41" level="25"/>
    </section>
    <section id="984" first-pos="289">
        <run start="123" length="21" level="57"/>
    </section>
    <section id="1013" first-pos="297">
        <run start="92" length="22" level="20"/>
    </section>
    <section id="1031" first-pos="298">
        <run start="88" length="16" level="62"/>
        <run start="86" length="14" level="55"/>
        <run start="84" length="13" level="56"/>
        <run start="82" length="13" level="61"/>
        <run start="80" length="12" level="61"/>
        <run start="79" length="11" level="45"/>
        <run start="78" length="11" level="57"/>
        <run start="76" length="10" level="74"/>
        <run start="76" length="8" level="42"/>
        <run start="76" length="7" level="59"/>
        <run start="76" length="5" level="118"/>
    </section>
    <section id="1044" first-pos="300">
        <run start="136" length="79" level="11"/>
    </section>
    <section id="1049" first-pos="301">
        <run start="139" length="73" level="17"/>
    </section>
    <section id="1063" first-pos="302">
        <run start="143" length="67" level="22"/>
    </section>
    <section id="1075" first-pos="303">
        <run start="148" length="59" level="27"/>
    </section>
    <section id="1081" first-pos="304">
        <run start="154" length="50" level="26"/>
    </section>
    <section id="1087" first-pos="305">
        <run start="158" length="42" level="40"/>
    </section>
    <section id="1092" first-pos="306">
        <run start="164" length="31" level="69"/>
    </section>
    <section id="1093" first-pos="307">
        <run start="173" length="16" level="128"/>
    </section>
    <section id="1005" first-pos="296">
        <run start="243" length="78" level="7"/>
    </section>
    <section id="1016" first-pos="297">
        <run start="246" length="72" level="9"/>
    </section>
    <section id="1033" first-pos="298">
        <run start="248" length="66" level="9"/>
        <run start="249" length="62" level="11"/>
    </section>
    <section id="1045" first-pos="300">
        <run start="250" length="57" level="21"/>
    </section>
    <section id="1050" first-pos="301">
        <run start="253" length="50" level="24"/>
    </section>
    <section id="1064" first-pos="302">
        <run start="256" length="43" level="36"/>
    </section>
    <section id="1076" first-pos="303">
        <run start="260" length="34" level="54"/>
    </section>
    <section id="1082" first-pos="304">
        <run start="263" length="24" level="125"/>
    </section>
    <section id="1088" first-pos="305">
        <run start="270" length="8" level="184"/>
    </section>
    <section id="992" first-pos="291">
        <run start="353" length="21" level="18"/>
        <run start="359" length="17" level="21"/>
        <run start="364" length="13" level="23"/>
        <run start="368" length="11" level="31"/>
        <run start="369" length="13" level="82"/>
        <run start="373" length="10" level="51"/>
        <run start="375" length="11" level="77"/>
        <run start="378" length="9" level="56"/>
        <run start="380" length="8" level="63"/>
        <run start="381" length="8" level="91"/>
        <run start="383" length="6" level="107"/>
        <run start="385" length="4" level="112"/>
        <run start="386" length="3" level="209"/>
    </section>
</members></stick>
