<?xml version="1.0" encoding="UTF-8"?>
<stick id="875" interline="21" shape="BRACE">
    <is-within-system>false</is-within-system>
    <has-ledger>false</has-ledger>
    <stem-number>0</stem-number>
    <step-line>10.939759036144578</step-line>
    <moments>
        <k>6.791383219954649</k>
        <k>1.2380952380952381</k>
        <k>15.0</k>
        <k>0.009294406473863632</k>
        <k>-0.04226976324537466</k>
        <k>2.418255807359959</k>
        <k>-3.292964084797186E-5</k>
        <k>0.001767964911180373</k>
        <k>-0.037173343442503635</k>
        <k>-0.13408386676029102</k>
        <k>2.4275502138338227</k>
        <k>5.81024196249838</k>
        <k>0.031858321673779555</k>
        <k>0.018891804638896417</k>
        <k>4.5842357486355575E-4</k>
        <k>0.038007772017211436</k>
        <k>6.820743701016054E-5</k>
        <k>63.567612687813025</k>
        <k>2473.764607679466</k>
    </moments><members>
    <section id="2" first-pos="51">
        <run start="2571" length="8" level="183"/>
    </section>
    <section id="4" first-pos="52">
        <run start="2564" length="21" level="118"/>
    </section>
    <section id="5" first-pos="53">
        <run start="2558" length="38" level="89"/>
    </section>
    <section id="8" first-pos="54">
        <run start="2553" length="46" level="30"/>
    </section>
    <section id="10" first-pos="55">
        <run start="2548" length="53" level="21"/>
    </section>
    <section id="14" first-pos="56">
        <run start="2546" length="58" level="9"/>
    </section>
    <section id="19" first-pos="57">
        <run start="2541" length="66" level="13"/>
    </section>
    <section id="24" first-pos="58">
        <run start="2535" length="75" level="12"/>
    </section>
    <section id="29" first-pos="59">
        <run start="2531" length="81" level="8"/>
    </section>
    <section id="36" first-pos="60">
        <run start="2526" length="89" level="13"/>
    </section>
    <section id="42" first-pos="61">
        <run start="2522" length="62" level="11"/>
        <run start="2519" length="63" level="15"/>
        <run start="2512" length="64" level="15"/>
    </section>
    <section id="75" first-pos="64">
        <run start="2487" length="85" level="11"/>
        <run start="2488" length="81" level="7"/>
        <run start="2489" length="78" level="13"/>
    </section>
    <section id="18" first-pos="57">
        <run start="2475" length="8" level="36"/>
        <run start="2476" length="9" level="36"/>
        <run start="2478" length="9" level="35"/>
        <run start="2480" length="10" level="29"/>
        <run start="2481" length="10" level="31"/>
        <run start="2483" length="12" level="26"/>
        <run start="2485" length="14" level="23"/>
    </section>
    <section id="3" first-pos="52">
        <run start="2472" length="4" level="211"/>
        <run start="2471" length="7" level="62"/>
        <run start="2470" length="9" level="24"/>
        <run start="2469" length="11" level="20"/>
        <run start="2468" length="14" level="38"/>
    </section>
    <section id="17" first-pos="57">
        <run start="2466" length="8" level="64"/>
        <run start="2465" length="7" level="39"/>
        <run start="2464" length="7" level="39"/>
        <run start="2461" length="9" level="77"/>
        <run start="2459" length="10" level="74"/>
        <run start="2456" length="11" level="77"/>
        <run start="2454" length="12" level="61"/>
    </section>
    <section id="74" first-pos="64">
        <run start="2445" length="19" level="97"/>
    </section>
    <section id="81" first-pos="65">
        <run start="2370" length="92" level="20"/>
    </section>
    <section id="71" first-pos="64">
        <run start="2331" length="102" level="26"/>
    </section>
    <section id="63" first-pos="63">
        <run start="2333" length="92" level="15"/>
    </section>
    <section id="53" first-pos="62">
        <run start="2337" length="85" level="14"/>
    </section>
    <section id="41" first-pos="61">
        <run start="2339" length="78" level="19"/>
    </section>
    <section id="35" first-pos="60">
        <run start="2343" length="69" level="16"/>
    </section>
    <section id="28" first-pos="59">
        <run start="2347" length="62" level="18"/>
    </section>
    <section id="23" first-pos="58">
        <run start="2350" length="52" level="19"/>
    </section>
    <section id="16" first-pos="57">
        <run start="2353" length="43" level="39"/>
    </section>
    <section id="13" first-pos="56">
        <run start="2359" length="26" level="66"/>
    </section>
    <section id="80" first-pos="65">
        <run start="2329" length="18" level="47"/>
        <run start="2327" length="16" level="50"/>
        <run start="2325" length="15" level="54"/>
        <run start="2323" length="14" level="59"/>
        <run start="2321" length="13" level="56"/>
        <run start="2320" length="12" level="50"/>
        <run start="2319" length="11" level="55"/>
        <run start="2318" length="10" level="61"/>
        <run start="2317" length="9" level="56"/>
        <run start="2317" length="8" level="61"/>
        <run start="2317" length="6" level="103"/>
        <run start="2318" length="3" level="167"/>
    </section>
    <section id="72" first-pos="64">
        <run start="2434" length="3" level="171"/>
    </section>
    <section id="73" first-pos="64">
        <run start="2439" length="2" level="197"/>
    </section>
    <section id="88" first-pos="66">
        <run start="2374" length="87" level="7"/>
    </section>
    <section id="94" first-pos="67">
        <run start="2378" length="80" level="5"/>
    </section>
    <section id="108" first-pos="68">
        <run start="2383" length="74" level="8"/>
    </section>
    <section id="118" first-pos="69">
        <run start="2389" length="65" level="7"/>
        <run start="2390" length="62" level="24"/>
    </section>
    <section id="135" first-pos="71">
        <run start="2395" length="54" level="24"/>
    </section>
    <section id="145" first-pos="72">
        <run start="2400" length="47" level="39"/>
    </section>
    <section id="152" first-pos="73">
        <run start="2404" length="36" level="50"/>
    </section>
    <section id="159" first-pos="74">
        <run start="2408" length="26" level="93"/>
    </section>
    <section id="167" first-pos="75">
        <run start="2417" length="14" level="166"/>
    </section>
    <section id="95" first-pos="67">
        <run start="2492" length="69" level="15"/>
    </section>
    <section id="109" first-pos="68">
        <run start="2494" length="61" level="14"/>
    </section>
    <section id="119" first-pos="69">
        <run start="2497" length="54" level="13"/>
    </section>
    <section id="127" first-pos="70">
        <run start="2499" length="49" level="24"/>
    </section>
    <section id="136" first-pos="71">
        <run start="2504" length="38" level="20"/>
    </section>
    <section id="146" first-pos="72">
        <run start="2507" length="32" level="56"/>
    </section>
    <section id="153" first-pos="73">
        <run start="2508" length="22" level="205"/>
    </section>
    <section id="43" first-pos="61">
        <run start="2588" length="3" level="120"/>
    </section>
    <section id="44" first-pos="61">
        <run start="2594" length="23" level="26"/>
    </section>
    <section id="54" first-pos="62">
        <run start="2605" length="14" level="24"/>
        <run start="2609" length="11" level="26"/>
        <run start="2612" length="11" level="29"/>
        <run start="2615" length="10" level="30"/>
        <run start="2618" length="8" level="35"/>
        <run start="2620" length="9" level="38"/>
        <run start="2622" length="8" level="36"/>
        <run start="2624" length="7" level="41"/>
        <run start="2626" length="6" level="47"/>
        <run start="2627" length="4" level="56"/>
        <run start="2628" length="2" level="222"/>
    </section>
</members></stick>
