<?xml version="1.0" encoding="UTF-8"?>
<stick id="961" interline="21" shape="EIGHTH_REST">
    <is-within-system>true</is-within-system>
    <has-ledger>false</has-ledger>
    <stem-number>0</stem-number>
    <step-line>-0.3373493975903614</step-line>
    <moments>
        <k>1.1088435374149659</k>
        <k>1.2380952380952381</k>
        <k>2.0476190476190474</k>
        <k>0.07649598111844012</k>
        <k>0.011504242331164335</k>
        <k>0.2976250380686625</k>
        <k>0.0033182639825583677</k>
        <k>-0.01241568341960941</k>
        <k>-0.032883279916549775</k>
        <k>0.10231207614311794</k>
        <k>0.3741210191871026</k>
        <k>0.04942745019415128</k>
        <k>0.029874243940816662</k>
        <k>0.008955451591876442</k>
        <k>1.3894225664689202E-4</k>
        <k>0.0014714337344572295</k>
        <k>-4.638506993120811E-5</k>
        <k>1641.9795501022495</k>
        <k>2585.3905930470346</k>
    </moments><members>
    <section id="4616" first-pos="1630">
        <run start="2576" length="2" level="203"/>
    </section>
    <section id="4617" first-pos="1631">
        <run start="2572" length="9" level="151"/>
        <run start="2569" length="13" level="60"/>
        <run start="2568" length="15" level="50"/>
        <run start="2568" length="16" level="49"/>
        <run start="2568" length="16" level="47"/>
        <run start="2568" length="17" level="46"/>
        <run start="2568" length="17" level="45"/>
        <run start="2568" length="18" level="44"/>
        <run start="2568" length="18" level="44"/>
        <run start="2568" length="18" level="44"/>
        <run start="2568" length="18" level="44"/>
        <run start="2568" length="18" level="48"/>
        <run start="2568" length="18" level="90"/>
    </section>
    <section id="4629" first-pos="1644">
        <run start="2580" length="6" level="51"/>
        <run start="2579" length="6" level="76"/>
        <run start="2579" length="6" level="43"/>
    </section>
    <section id="4636" first-pos="1647">
        <run start="2578" length="21" level="102"/>
        <run start="2578" length="19" level="82"/>
        <run start="2577" length="17" level="88"/>
        <run start="2576" length="17" level="86"/>
        <run start="2575" length="16" level="66"/>
        <run start="2575" length="15" level="52"/>
    </section>
    <section id="4619" first-pos="1632">
        <run start="2610" length="1" level="200"/>
        <run start="2609" length="2" level="200"/>
        <run start="2607" length="4" level="200"/>
        <run start="2606" length="5" level="177"/>
        <run start="2605" length="6" level="147"/>
        <run start="2604" length="7" level="126"/>
        <run start="2603" length="8" level="110"/>
        <run start="2602" length="9" level="97"/>
        <run start="2601" length="10" level="88"/>
        <run start="2600" length="11" level="79"/>
        <run start="2599" length="11" level="61"/>
        <run start="2596" length="13" level="36"/>
        <run start="2591" length="16" level="46"/>
        <run start="2589" length="15" level="55"/>
        <run start="2589" length="13" level="65"/>
    </section>
    <section id="4643" first-pos="1653">
        <run start="2575" length="10" level="42"/>
        <run start="2575" length="7" level="53"/>
        <run start="2575" length="5" level="102"/>
    </section>
</members></stick>
