<?xml version="1.0" encoding="UTF-8"?>
<stick id="1024" interline="21" shape="F_CLEF">
    <is-within-system>true</is-within-system>
    <has-ledger>false</has-ledger>
    <stem-number>0</stem-number>
    <step-line>-1.2380952380952381</step-line>
    <moments>
        <k>2.9909297052154193</k>
        <k>2.2857142857142856</k>
        <k>3.380952380952381</k>
        <k>0.1333552922606327</k>
        <k>-0.019610287733965785</k>
        <k>0.2682812742399639</k>
        <k>-0.008972965862938016</k>
        <k>-0.0016430437286213502</k>
        <k>-0.038069645033019996</k>
        <k>0.0850652060177616</k>
        <k>0.4016365665005966</k>
        <k>0.019743274153122527</k>
        <k>0.019173589949785894</k>
        <k>0.009172264400904162</k>
        <k>9.480548531873446E-5</k>
        <k>9.482265954436305E-4</k>
        <k>-7.6207208785112E-5</k>
        <k>124.43593631539045</k>
        <k>2574.16906747536</k>
    </moments><members>
    <section id="368" first-pos="99">
        <run start="2613" length="3" level="87"/>
        <run start="2612" length="5" level="53"/>
        <run start="2611" length="6" level="66"/>
        <run start="2611" length="6" level="67"/>
        <run start="2610" length="6" level="100"/>
        <run start="2609" length="7" level="115"/>
        <run start="2609" length="7" level="115"/>
        <run start="2609" length="7" level="115"/>
        <run start="2609" length="7" level="116"/>
        <run start="2609" length="6" level="135"/>
        <run start="2609" length="6" level="136"/>
        <run start="2609" length="6" level="136"/>
        <run start="2609" length="5" level="163"/>
        <run start="2609" length="5" level="164"/>
        <run start="2608" length="5" level="204"/>
        <run start="2607" length="6" level="204"/>
        <run start="2606" length="7" level="179"/>
        <run start="2606" length="6" level="171"/>
        <run start="2605" length="6" level="138"/>
        <run start="2604" length="7" level="118"/>
        <run start="2603" length="7" level="89"/>
        <run start="2603" length="7" level="89"/>
        <run start="2602" length="8" level="78"/>
        <run start="2601" length="9" level="69"/>
        <run start="2600" length="9" level="47"/>
        <run start="2598" length="10" level="44"/>
        <run start="2596" length="11" level="45"/>
        <run start="2595" length="10" level="25"/>
        <run start="2593" length="11" level="42"/>
        <run start="2590" length="13" level="49"/>
        <run start="2588" length="15" level="29"/>
        <run start="2586" length="16" level="52"/>
        <run start="2584" length="17" level="72"/>
    </section>
    <section id="502" first-pos="132">
        <run start="2578" length="22" level="89"/>
    </section>
    <section id="509" first-pos="133">
        <run start="2546" length="53" level="65"/>
        <run start="2546" length="52" level="40"/>
        <run start="2546" length="51" level="42"/>
        <run start="2547" length="48" level="39"/>
        <run start="2548" length="46" level="43"/>
        <run start="2550" length="43" level="42"/>
        <run start="2551" length="41" level="45"/>
        <run start="2552" length="38" level="46"/>
        <run start="2553" length="36" level="46"/>
        <run start="2555" length="32" level="41"/>
    </section>
    <section id="501" first-pos="132">
        <run start="2546" length="24" level="82"/>
    </section>
    <section id="494" first-pos="131">
        <run start="2546" length="15" level="74"/>
    </section>
    <section id="450" first-pos="122">
        <run start="2546" length="1" level="200"/>
        <run start="2546" length="2" level="200"/>
        <run start="2546" length="3" level="170"/>
        <run start="2546" length="3" level="134"/>
        <run start="2546" length="4" level="129"/>
        <run start="2546" length="5" level="104"/>
        <run start="2546" length="6" level="88"/>
        <run start="2546" length="7" level="76"/>
        <run start="2546" length="10" level="80"/>
    </section>
    <section id="495" first-pos="131">
        <run start="2566" length="1" level="200"/>
    </section>
    <section id="571" first-pos="143">
        <run start="2556" length="27" level="52"/>
    </section>
    <section id="578" first-pos="144">
        <run start="2559" length="21" level="77"/>
    </section>
    <section id="582" first-pos="145">
        <run start="2564" length="13" level="84"/>
        <run start="2564" length="11" level="143"/>
    </section>
    <section id="374" first-pos="101">
        <run start="2561" length="5" level="163"/>
    </section>
    <section id="376" first-pos="102">
        <run start="2559" length="12" level="120"/>
    </section>
    <section id="381" first-pos="103">
        <run start="2556" length="17" level="92"/>
        <run start="2554" length="20" level="63"/>
        <run start="2553" length="22" level="52"/>
        <run start="2552" length="24" level="47"/>
        <run start="2551" length="26" level="46"/>
        <run start="2549" length="28" level="46"/>
        <run start="2548" length="29" level="53"/>
    </section>
    <section id="405" first-pos="110">
        <run start="2547" length="8" level="80"/>
        <run start="2546" length="7" level="102"/>
        <run start="2546" length="7" level="117"/>
        <run start="2546" length="6" level="120"/>
        <run start="2546" length="5" level="144"/>
        <run start="2546" length="5" level="165"/>
        <run start="2546" length="4" level="181"/>
        <run start="2546" length="3" level="200"/>
        <run start="2546" length="2" level="200"/>
        <run start="2546" length="1" level="200"/>
    </section>
    <section id="406" first-pos="110">
        <run start="2558" length="20" level="54"/>
        <run start="2558" length="20" level="54"/>
        <run start="2558" length="20" level="54"/>
        <run start="2558" length="20" level="53"/>
        <run start="2558" length="20" level="54"/>
        <run start="2558" length="20" level="59"/>
        <run start="2559" length="18" level="51"/>
        <run start="2559" length="17" level="60"/>
        <run start="2560" length="15" level="61"/>
        <run start="2560" length="14" level="73"/>
        <run start="2561" length="12" level="101"/>
        <run start="2563" length="8" level="126"/>
        <run start="2564" length="6" level="167"/>
    </section>
    <section id="459" first-pos="123">
        <run start="2566" length="1" level="200"/>
    </section>
</members></stick>
