<?xml version="1.0" encoding="UTF-8"?>
<stick id="743" interline="21" shape="FLAT">
    <is-within-system>true</is-within-system>
    <has-ledger>false</has-ledger>
    <stem-number>0</stem-number>
    <step-line>-3.8072289156626504</step-line>
    <moments>
        <k>1.0612244897959184</k>
        <k>1.0</k>
        <k>2.7142857142857144</k>
        <k>0.07036190819817253</k>
        <k>0.04647086640155907</k>
        <k>0.4312630844654732</k>
        <k>0.014440239993046507</k>
        <k>0.0033829279077295616</k>
        <k>-0.05433477350070944</k>
        <k>-0.1642359278227037</k>
        <k>0.5016249926636457</k>
        <k>0.13888782472756744</k>
        <k>0.061896599670269836</k>
        <k>0.027465261385440705</k>
        <k>0.0011300503344965837</k>
        <k>0.00995628650882419</k>
        <k>-7.32801232376292E-5</k>
        <k>2029.9893162393162</k>
        <k>1213.0470085470085</k>
    </moments><members>
    <section id="5569" first-pos="2023">
        <run start="1212" length="3" level="158"/>
    </section>
    <section id="5574" first-pos="2024">
        <run start="1181" length="55" level="75"/>
        <run start="1181" length="56" level="35"/>
        <run start="1180" length="57" level="35"/>
        <run start="1181" length="55" level="34"/>
    </section>
    <section id="5570" first-pos="2023">
        <run start="1226" length="2" level="105"/>
    </section>
    <section id="5571" first-pos="2023">
        <run start="1230" length="3" level="171"/>
    </section>
    <section id="5603" first-pos="2028">
        <run start="1182" length="8" level="2"/>
    </section>
    <section id="5604" first-pos="2028">
        <run start="1192" length="44" level="168"/>
    </section>
    <section id="5609" first-pos="2029">
        <run start="1208" length="8" level="172"/>
        <run start="1211" length="4" level="196"/>
        <run start="1211" length="1" level="200"/>
    </section>
    <section id="5610" first-pos="2029">
        <run start="1229" length="4" level="101"/>
        <run start="1228" length="5" level="101"/>
        <run start="1227" length="6" level="84"/>
        <run start="1226" length="7" level="71"/>
        <run start="1224" length="9" level="66"/>
        <run start="1222" length="11" level="54"/>
        <run start="1218" length="15" level="80"/>
    </section>
    <section id="5621" first-pos="2036">
        <run start="1210" length="18" level="64"/>
        <run start="1210" length="17" level="58"/>
        <run start="1210" length="16" level="62"/>
        <run start="1210" length="15" level="67"/>
        <run start="1210" length="14" level="83"/>
        <run start="1210" length="12" level="98"/>
        <run start="1210" length="10" level="135"/>
        <run start="1210" length="7" level="192"/>
    </section>
    <section id="5618" first-pos="2035">
        <run start="1210" length="6" level="162"/>
    </section>
</members></stick>
