<?xml version="1.0" encoding="UTF-8"?>
<stick id="427" interline="21" shape="FORTE">
    <is-within-system>true</is-within-system>
    <has-ledger>false</has-ledger>
    <stem-number>0</stem-number>
    <step-line>10.24390243902439</step-line>
    <moments>
        <k>1.99</k>
        <k>2.7</k>
        <k>3.0</k>
        <k>0.20896801436032983</k>
        <k>-0.2581488174312638</k>
        <k>0.40732251127103447</k>
        <k>-0.01671172527368291</k>
        <k>0.023701615352361382</k>
        <k>-0.03500116258809041</k>
        <k>0.047857967226604355</k>
        <k>0.6162905256313643</k>
        <k>0.3059077542093386</k>
        <k>0.008335852699053469</k>
        <k>0.007794996629880159</k>
        <k>6.27590094632508E-5</k>
        <k>0.0043064575919314</k>
        <k>-3.0813562863390663E-6</k>
        <k>548.0753768844221</k>
        <k>228.07035175879398</k>
    </moments><members>
    <section id="1585" first-pos="521">
        <run start="250" length="7" level="71"/>
        <run start="248" length="10" level="37"/>
        <run start="248" length="11" level="28"/>
        <run start="247" length="13" level="26"/>
        <run start="247" length="13" level="20"/>
        <run start="247" length="13" level="68"/>
    </section>
    <section id="1599" first-pos="527">
        <run start="247" length="9" level="29"/>
        <run start="248" length="8" level="31"/>
        <run start="249" length="6" level="38"/>
        <run start="250" length="4" level="220"/>
    </section>
    <section id="1600" first-pos="527">
        <run start="257" length="3" level="102"/>
        <run start="257" length="3" level="86"/>
        <run start="257" length="3" level="86"/>
        <run start="256" length="4" level="76"/>
        <run start="256" length="4" level="65"/>
        <run start="255" length="5" level="60"/>
        <run start="254" length="6" level="50"/>
        <run start="252" length="7" level="45"/>
        <run start="251" length="7" level="39"/>
        <run start="250" length="7" level="39"/>
        <run start="248" length="9" level="36"/>
        <run start="246" length="10" level="29"/>
        <run start="244" length="11" level="26"/>
        <run start="240" length="14" level="22"/>
        <run start="238" length="15" level="18"/>
        <run start="235" length="17" level="15"/>
        <run start="232" length="19" level="13"/>
        <run start="229" length="21" level="23"/>
        <run start="226" length="22" level="12"/>
    </section>
    <section id="1625" first-pos="546">
        <run start="217" length="30" level="9"/>
        <run start="217" length="28" level="9"/>
        <run start="215" length="28" level="17"/>
        <run start="212" length="29" level="24"/>
        <run start="210" length="28" level="24"/>
        <run start="208" length="28" level="24"/>
        <run start="207" length="27" level="18"/>
        <run start="206" length="25" level="21"/>
        <run start="205" length="23" level="23"/>
        <run start="204" length="21" level="24"/>
        <run start="203" length="20" level="23"/>
        <run start="202" length="21" level="29"/>
    </section>
    <section id="1622" first-pos="539">
        <run start="219" length="1" level="221"/>
        <run start="218" length="3" level="80"/>
        <run start="218" length="4" level="61"/>
        <run start="217" length="5" level="52"/>
        <run start="217" length="5" level="52"/>
        <run start="217" length="5" level="49"/>
        <run start="217" length="6" level="41"/>
    </section>
    <section id="1639" first-pos="558">
        <run start="202" length="13" level="32"/>
        <run start="201" length="11" level="56"/>
        <run start="201" length="8" level="40"/>
        <run start="201" length="7" level="55"/>
        <run start="200" length="6" level="84"/>
        <run start="200" length="5" level="65"/>
        <run start="200" length="4" level="65"/>
        <run start="200" length="4" level="82"/>
        <run start="200" length="3" level="86"/>
        <run start="200" length="3" level="86"/>
    </section>
    <section id="1672" first-pos="568">
        <run start="200" length="12" level="59"/>
        <run start="201" length="11" level="24"/>
        <run start="201" length="11" level="24"/>
        <run start="201" length="11" level="31"/>
        <run start="202" length="10" level="39"/>
        <run start="203" length="8" level="63"/>
        <run start="205" length="4" level="110"/>
    </section>
    <section id="1662" first-pos="565">
        <run start="206" length="4" level="201"/>
        <run start="205" length="6" level="69"/>
        <run start="204" length="8" level="56"/>
    </section>
    <section id="1640" first-pos="558">
        <run start="217" length="5" level="52"/>
        <run start="217" length="5" level="59"/>
        <run start="218" length="4" level="65"/>
        <run start="218" length="4" level="65"/>
        <run start="218" length="4" level="65"/>
        <run start="218" length="4" level="73"/>
        <run start="219" length="3" level="107"/>
    </section>
</members></stick>
