<?xml version="1.0" encoding="UTF-8"?>
<stick id="425" interline="20" shape="MEZZO">
    <is-within-system>true</is-within-system>
    <has-ledger>false</has-ledger>
    <stem-number>0</stem-number>
    <step-line>10.048780487804878</step-line>
    <moments>
        <k>1.29</k>
        <k>1.8</k>
        <k>1.3</k>
        <k>0.19740670254284648</k>
        <k>0.0012617323119464335</k>
        <k>0.09788244681693542</k>
        <k>0.002982195776963943</k>
        <k>0.0055596901223620475</k>
        <k>-0.0015281357640034492</k>
        <k>0.006306912768298685</k>
        <k>0.2952891493597819</k>
        <k>0.009911445351504579</k>
        <k>1.6483513525749558E-4</k>
        <k>1.4293055468592834E-4</k>
        <k>-2.1175935305663753E-8</k>
        <k>-1.3717127178236659E-5</k>
        <k>5.7349734489983186E-9</k>
        <k>517.5910852713179</k>
        <k>226.11821705426357</k>
    </moments><members>
    <section id="1528" first-pos="500">
        <run start="221" length="1" level="227"/>
        <run start="220" length="4" level="58"/>
        <run start="218" length="6" level="80"/>
        <run start="217" length="6" level="48"/>
        <run start="216" length="5" level="58"/>
        <run start="216" length="4" level="57"/>
        <run start="215" length="5" level="46"/>
    </section>
    <section id="1564" first-pos="507">
        <run start="214" length="20" level="25"/>
        <run start="214" length="18" level="16"/>
        <run start="214" length="16" level="21"/>
        <run start="215" length="13" level="26"/>
        <run start="216" length="10" level="32"/>
        <run start="217" length="8" level="40"/>
        <run start="218" length="6" level="48"/>
        <run start="218" length="5" level="52"/>
        <run start="217" length="5" level="53"/>
        <run start="216" length="5" level="58"/>
        <run start="216" length="4" level="67"/>
        <run start="215" length="7" level="131"/>
    </section>
    <section id="1555" first-pos="506">
        <run start="221" length="1" level="227"/>
    </section>
    <section id="1530" first-pos="501">
        <run start="234" length="5" level="55"/>
        <run start="232" length="8" level="33"/>
        <run start="229" length="11" level="23"/>
        <run start="227" length="13" level="20"/>
        <run start="225" length="14" level="18"/>
        <run start="223" length="14" level="18"/>
    </section>
    <section id="1581" first-pos="519">
        <run start="215" length="18" level="16"/>
        <run start="215" length="16" level="22"/>
        <run start="216" length="12" level="27"/>
        <run start="217" length="10" level="34"/>
        <run start="218" length="7" level="46"/>
        <run start="219" length="5" level="59"/>
        <run start="218" length="4" level="72"/>
        <run start="218" length="3" level="79"/>
        <run start="217" length="4" level="67"/>
        <run start="216" length="4" level="65"/>
    </section>
    <section id="1577" first-pos="512">
        <run start="236" length="3" level="89"/>
        <run start="234" length="6" level="45"/>
        <run start="231" length="9" level="29"/>
        <run start="230" length="10" level="26"/>
        <run start="228" length="12" level="21"/>
        <run start="225" length="13" level="19"/>
        <run start="223" length="12" level="21"/>
    </section>
    <section id="1608" first-pos="529">
        <run start="216" length="19" level="50"/>
        <run start="216" length="16" level="17"/>
        <run start="216" length="15" level="21"/>
        <run start="216" length="12" level="25"/>
        <run start="216" length="10" level="35"/>
        <run start="217" length="7" level="64"/>
    </section>
    <section id="1595" first-pos="525">
        <run start="232" length="7" level="38"/>
        <run start="230" length="10" level="27"/>
        <run start="227" length="13" level="20"/>
        <run start="225" length="15" level="17"/>
    </section>
    <section id="1609" first-pos="529">
        <run start="236" length="4" level="64"/>
        <run start="235" length="5" level="52"/>
        <run start="235" length="4" level="64"/>
        <run start="234" length="4" level="64"/>
        <run start="233" length="4" level="64"/>
        <run start="231" length="5" level="52"/>
        <run start="231" length="4" level="68"/>
    </section>
</members></stick>
