<?xml version="1.0" encoding="UTF-8"?>
<stick id="846" interline="21" shape="PIANO">
    <is-within-system>true</is-within-system>
    <has-ledger>false</has-ledger>
    <stem-number>0</stem-number>
    <step-line>11.132530120481928</step-line>
    <moments>
        <k>1.8979591836734695</k>
        <k>2.0</k>
        <k>2.0952380952380953</k>
        <k>0.1288299272242186</k>
        <k>-0.07407440833044777</k>
        <k>0.17662390908589576</k>
        <k>0.01201858388462208</k>
        <k>0.004248128247405075</k>
        <k>-0.02561601678004943</k>
        <k>0.025092924612311593</k>
        <k>0.30545383631011436</k>
        <k>0.024232336580217968</k>
        <k>0.008049765115362487</k>
        <k>0.0010457875642623377</k>
        <k>3.0083552701117084E-6</k>
        <k>1.5052086782541024E-4</k>
        <k>3.9585710310999165E-7</k>
        <k>1959.0669056152926</k>
        <k>1924.5041816009557</k>
    </moments><members>
    <section id="5285" first-pos="1938">
        <run start="1945" length="4" level="153"/>
        <run start="1944" length="5" level="75"/>
        <run start="1944" length="5" level="52"/>
        <run start="1944" length="5" level="80"/>
        <run start="1944" length="5" level="74"/>
        <run start="1943" length="6" level="62"/>
        <run start="1941" length="8" level="60"/>
        <run start="1939" length="10" level="47"/>
        <run start="1936" length="13" level="43"/>
        <run start="1933" length="16" level="34"/>
        <run start="1930" length="19" level="28"/>
        <run start="1927" length="22" level="23"/>
        <run start="1924" length="25" level="20"/>
        <run start="1922" length="27" level="15"/>
        <run start="1919" length="30" level="16"/>
        <run start="1916" length="33" level="31"/>
    </section>
    <section id="5367" first-pos="1954">
        <run start="1913" length="29" level="41"/>
    </section>
    <section id="5374" first-pos="1955">
        <run start="1905" length="32" level="24"/>
        <run start="1905" length="30" level="21"/>
        <run start="1905" length="28" level="16"/>
        <run start="1906" length="26" level="10"/>
        <run start="1907" length="25" level="10"/>
        <run start="1907" length="26" level="50"/>
    </section>
    <section id="5312" first-pos="1944">
        <run start="1916" length="5" level="97"/>
        <run start="1915" length="6" level="52"/>
        <run start="1913" length="8" level="69"/>
        <run start="1911" length="9" level="83"/>
        <run start="1910" length="8" level="88"/>
        <run start="1909" length="7" level="72"/>
        <run start="1908" length="7" level="72"/>
        <run start="1907" length="7" level="102"/>
        <run start="1906" length="5" level="55"/>
        <run start="1906" length="4" level="61"/>
        <run start="1905" length="5" level="58"/>
    </section>
    <section id="5414" first-pos="1961">
        <run start="1908" length="14" level="75"/>
        <run start="1909" length="10" level="87"/>
        <run start="1909" length="6" level="40"/>
        <run start="1909" length="5" level="48"/>
        <run start="1908" length="5" level="97"/>
        <run start="1907" length="5" level="59"/>
        <run start="1906" length="5" level="54"/>
        <run start="1906" length="4" level="60"/>
        <run start="1906" length="4" level="65"/>
        <run start="1905" length="5" level="58"/>
        <run start="1905" length="6" level="50"/>
    </section>
    <section id="5438" first-pos="1972">
        <run start="1905" length="27" level="25"/>
        <run start="1906" length="25" level="17"/>
        <run start="1906" length="24" level="19"/>
        <run start="1907" length="22" level="28"/>
        <run start="1908" length="19" level="23"/>
        <run start="1909" length="17" level="37"/>
        <run start="1910" length="14" level="74"/>
    </section>
    <section id="5415" first-pos="1961">
        <run start="1926" length="7" level="88"/>
        <run start="1928" length="6" level="87"/>
        <run start="1929" length="5" level="52"/>
        <run start="1929" length="5" level="52"/>
        <run start="1929" length="5" level="52"/>
        <run start="1928" length="6" level="57"/>
        <run start="1926" length="8" level="52"/>
        <run start="1923" length="11" level="43"/>
        <run start="1921" length="13" level="43"/>
        <run start="1917" length="16" level="42"/>
        <run start="1915" length="17" level="22"/>
    </section>
    <section id="5455" first-pos="1979">
        <run start="1912" length="8" level="204"/>
    </section>
    <section id="5368" first-pos="1954">
        <run start="1945" length="4" level="65"/>
        <run start="1945" length="4" level="99"/>
        <run start="1946" length="3" level="130"/>
        <run start="1946" length="2" level="197"/>
    </section>
</members></stick>
