<?xml version="1.0" encoding="UTF-8"?>
<stick id="993" interline="21" shape="QUARTER_REST">
    <is-within-system>true</is-within-system>
    <has-ledger>false</has-ledger>
    <stem-number>0</stem-number>
    <step-line>-0.14457831325301204</step-line>
    <moments>
        <k>1.9682539682539681</k>
        <k>1.2380952380952381</k>
        <k>3.5238095238095237</k>
        <k>0.03496343250348666</k>
        <k>-0.026041180917045697</k>
        <k>0.39995955056377724</k>
        <k>8.414989611078128E-4</k>
        <k>0.004792227000137165</k>
        <k>-0.008710526273034886</k>
        <k>-0.06222344907296431</k>
        <k>0.4349229830672639</k>
        <k>0.1359347386132988</k>
        <k>0.006595126852195484</k>
        <k>0.003360266859614242</k>
        <k>1.578008279704217E-5</k>
        <k>0.0011342071387083592</k>
        <k>1.1054031111256357E-6</k>
        <k>2075.7730414746543</k>
        <k>2586.852534562212</k>
    </moments><members>
    <section id="5704" first-pos="2064">
        <run start="2603" length="5" level="92"/>
    </section>
    <section id="5706" first-pos="2065">
        <run start="2599" length="13" level="91"/>
        <run start="2598" length="15" level="84"/>
        <run start="2597" length="17" level="75"/>
        <run start="2597" length="18" level="71"/>
        <run start="2596" length="21" level="63"/>
        <run start="2596" length="23" level="58"/>
        <run start="2596" length="24" level="54"/>
        <run start="2596" length="25" level="53"/>
    </section>
    <section id="5720" first-pos="2073">
        <run start="2597" length="16" level="79"/>
    </section>
    <section id="5723" first-pos="2074">
        <run start="2597" length="14" level="69"/>
    </section>
    <section id="5728" first-pos="2075">
        <run start="2571" length="40" level="49"/>
    </section>
    <section id="5709" first-pos="2066">
        <run start="2583" length="3" level="215"/>
        <run start="2582" length="7" level="118"/>
        <run start="2581" length="9" level="83"/>
        <run start="2580" length="10" level="74"/>
        <run start="2578" length="12" level="78"/>
        <run start="2577" length="13" level="57"/>
        <run start="2576" length="15" level="62"/>
        <run start="2574" length="19" level="74"/>
        <run start="2572" length="23" level="61"/>
    </section>
    <section id="5729" first-pos="2076">
        <run start="2553" length="58" level="57"/>
        <run start="2555" length="56" level="57"/>
        <run start="2556" length="55" level="60"/>
    </section>
    <section id="5727" first-pos="2075">
        <run start="2552" length="14" level="60"/>
    </section>
    <section id="5717" first-pos="2070">
        <run start="2547" length="8" level="169"/>
        <run start="2547" length="9" level="93"/>
        <run start="2547" length="11" level="91"/>
        <run start="2547" length="13" level="87"/>
        <run start="2548" length="15" level="90"/>
    </section>
    <section id="5726" first-pos="2075">
        <run start="2550" length="1" level="170"/>
    </section>
    <section id="5730" first-pos="2079">
        <run start="2558" length="32" level="59"/>
        <run start="2559" length="29" level="57"/>
    </section>
    <section id="5733" first-pos="2081">
        <run start="2561" length="24" level="66"/>
    </section>
    <section id="5734" first-pos="2082">
        <run start="2563" length="19" level="74"/>
        <run start="2564" length="17" level="85"/>
        <run start="2566" length="14" level="84"/>
        <run start="2567" length="12" level="82"/>
        <run start="2568" length="10" level="79"/>
        <run start="2568" length="9" level="95"/>
        <run start="2568" length="7" level="138"/>
    </section>
    <section id="5731" first-pos="2079">
        <run start="2591" length="20" level="73"/>
    </section>
    <section id="5732" first-pos="2080">
        <run start="2596" length="15" level="66"/>
        <run start="2598" length="13" level="75"/>
        <run start="2600" length="11" level="87"/>
        <run start="2601" length="10" level="96"/>
        <run start="2603" length="8" level="118"/>
        <run start="2604" length="7" level="134"/>
        <run start="2605" length="6" level="156"/>
        <run start="2607" length="4" level="200"/>
        <run start="2607" length="4" level="200"/>
        <run start="2608" length="2" level="200"/>
    </section>
    <section id="5724" first-pos="2074">
        <run start="2612" length="1" level="95"/>
    </section>
    <section id="5721" first-pos="2073">
        <run start="2615" length="6" level="41"/>
        <run start="2617" length="4" level="61"/>
        <run start="2618" length="2" level="225"/>
    </section>
</members></stick>
