<?xml version="1.0" encoding="UTF-8"?>
<stick id="998" interline="21" shape="QUARTER_REST">
    <is-within-system>true</is-within-system>
    <has-ledger>false</has-ledger>
    <stem-number>0</stem-number>
    <step-line>-0.24096385542168675</step-line>
    <moments>
        <k>1.8934240362811792</k>
        <k>1.3333333333333333</k>
        <k>3.4761904761904763</k>
        <k>0.0360582231141719</k>
        <k>-0.02700926233874535</k>
        <k>0.4283660525054101</k>
        <k>0.001257231940340929</k>
        <k>0.005937417068797564</k>
        <k>-0.012504393953807705</k>
        <k>-0.05255743795067485</k>
        <k>0.464424275619582</k>
        <k>0.15682343400999754</k>
        <k>0.0064550381384223246</k>
        <k>0.002299925000383844</k>
        <k>8.673286782999827E-6</k>
        <k>7.463772976406223E-4</k>
        <k>1.8179281038404947E-6</k>
        <k>2261.323353293413</k>
        <k>2359.9760479041915</k>
    </moments><members>
    <section id="6145" first-pos="2249">
        <run start="2382" length="3" level="156"/>
    </section>
    <section id="6146" first-pos="2250">
        <run start="2375" length="10" level="62"/>
        <run start="2373" length="12" level="40"/>
        <run start="2372" length="15" level="57"/>
        <run start="2371" length="17" level="63"/>
        <run start="2371" length="18" level="52"/>
        <run start="2371" length="19" level="47"/>
        <run start="2371" length="21" level="45"/>
        <run start="2371" length="23" level="41"/>
        <run start="2371" length="24" level="37"/>
    </section>
    <section id="6159" first-pos="2259">
        <run start="2371" length="14" level="31"/>
        <run start="2371" length="14" level="61"/>
    </section>
    <section id="6165" first-pos="2261">
        <run start="2326" length="55" level="53"/>
        <run start="2329" length="51" level="34"/>
        <run start="2330" length="50" level="35"/>
        <run start="2331" length="49" level="37"/>
    </section>
    <section id="6150" first-pos="2254">
        <run start="2322" length="2" level="200"/>
        <run start="2322" length="5" level="177"/>
        <run start="2322" length="7" level="105"/>
        <run start="2322" length="9" level="83"/>
        <run start="2322" length="11" level="69"/>
        <run start="2322" length="13" level="59"/>
        <run start="2322" length="14" level="48"/>
    </section>
    <section id="6164" first-pos="2261">
        <run start="2322" length="3" level="134"/>
        <run start="2322" length="3" level="162"/>
    </section>
    <section id="6162" first-pos="2260">
        <run start="2340" length="29" level="63"/>
    </section>
    <section id="6151" first-pos="2254">
        <run start="2354" length="9" level="26"/>
        <run start="2354" length="11" level="57"/>
        <run start="2351" length="14" level="61"/>
        <run start="2350" length="15" level="57"/>
        <run start="2348" length="18" level="70"/>
        <run start="2345" length="22" level="66"/>
    </section>
    <section id="6149" first-pos="2253">
        <run start="2356" length="4" level="61"/>
    </section>
    <section id="6168" first-pos="2265">
        <run start="2333" length="29" level="32"/>
        <run start="2334" length="25" level="40"/>
        <run start="2336" length="21" level="46"/>
        <run start="2338" length="18" level="54"/>
        <run start="2340" length="14" level="64"/>
        <run start="2342" length="11" level="61"/>
        <run start="2342" length="9" level="72"/>
        <run start="2342" length="8" level="86"/>
        <run start="2342" length="6" level="116"/>
        <run start="2342" length="4" level="165"/>
        <run start="2342" length="2" level="200"/>
        <run start="2342" length="1" level="200"/>
    </section>
    <section id="6169" first-pos="2265">
        <run start="2368" length="13" level="4"/>
        <run start="2371" length="10" level="1"/>
        <run start="2372" length="13" level="37"/>
        <run start="2374" length="11" level="37"/>
        <run start="2376" length="9" level="45"/>
        <run start="2377" length="8" level="51"/>
        <run start="2378" length="7" level="89"/>
        <run start="2379" length="6" level="104"/>
        <run start="2380" length="5" level="168"/>
        <run start="2382" length="3" level="203"/>
    </section>
    <section id="6160" first-pos="2259">
        <run start="2387" length="8" level="53"/>
        <run start="2389" length="6" level="72"/>
        <run start="2391" length="4" level="199"/>
    </section>
</members></stick>
