<?xml version="1.0" encoding="UTF-8"?>
<stick id="417" interline="21" shape="TIME_FOUR">
    <is-within-system>true</is-within-system>
    <has-ledger>false</has-ledger>
    <stem-number>0</stem-number>
    <step-line>2.4761904761904763</step-line>
    <moments>
        <k>1.4557823129251701</k>
        <k>1.8571428571428572</k>
        <k>1.8095238095238095</k>
        <k>0.09861529879480328</k>
        <k>0.016469270723407214</k>
        <k>0.1523073823470627</k>
        <k>-0.008264380761894953</k>
        <k>0.013433937513720292</k>
        <k>0.006341412471268793</k>
        <k>-0.017794703345636566</k>
        <k>0.250922681141866</k>
        <k>0.003967787348826318</k>
        <k>0.004119873840124124</k>
        <k>2.2714085687562134E-5</k>
        <k>-7.923843850104048E-10</k>
        <k>1.3749004728245279E-6</k>
        <k>6.903071613293374E-9</k>
        <k>468.79750778816197</k>
        <k>370.90031152647975</k>
    </moments><members>
    <section id="1420" first-pos="450">
        <run start="377" length="4" level="104"/>
        <run start="376" length="5" level="62"/>
        <run start="375" length="6" level="51"/>
        <run start="373" length="8" level="44"/>
        <run start="372" length="9" level="34"/>
        <run start="370" length="11" level="27"/>
        <run start="368" length="13" level="48"/>
        <run start="367" length="14" level="88"/>
    </section>
    <section id="1432" first-pos="458">
        <run start="365" length="10" level="126"/>
        <run start="364" length="9" level="116"/>
        <run start="361" length="11" level="99"/>
        <run start="359" length="12" level="88"/>
        <run start="355" length="15" level="58"/>
        <run start="351" length="18" level="36"/>
        <run start="351" length="18" level="36"/>
        <run start="351" length="16" level="15"/>
        <run start="351" length="15" level="3"/>
        <run start="351" length="13" level="19"/>
        <run start="352" length="11" level="23"/>
        <run start="352" length="10" level="25"/>
        <run start="352" length="7" level="3"/>
        <run start="352" length="7" level="3"/>
        <run start="352" length="6" level="3"/>
        <run start="352" length="5" level="3"/>
        <run start="351" length="5" level="2"/>
        <run start="351" length="4" level="2"/>
        <run start="351" length="3" level="4"/>
    </section>
    <section id="1433" first-pos="458">
        <run start="377" length="4" level="65"/>
        <run start="377" length="4" level="65"/>
        <run start="377" length="4" level="65"/>
        <run start="377" length="4" level="65"/>
        <run start="377" length="4" level="65"/>
        <run start="377" length="4" level="65"/>
        <run start="377" length="3" level="10"/>
        <run start="377" length="3" level="9"/>
        <run start="377" length="3" level="9"/>
        <run start="376" length="5" level="25"/>
    </section>
    <section id="1453" first-pos="468">
        <run start="367" length="22" level="71"/>
        <run start="367" length="22" level="46"/>
        <run start="365" length="24" level="52"/>
        <run start="364" length="25" level="50"/>
        <run start="363" length="26" level="48"/>
        <run start="362" length="27" level="46"/>
        <run start="361" length="28" level="44"/>
        <run start="360" length="29" level="43"/>
        <run start="359" length="30" level="41"/>
        <run start="359" length="30" level="41"/>
    </section>
    <section id="1451" first-pos="467">
        <run start="367" length="3" level="144"/>
    </section>
    <section id="1473" first-pos="478">
        <run start="365" length="24" level="128"/>
    </section>
    <section id="1476" first-pos="479">
        <run start="365" length="5" level="210"/>
    </section>
    <section id="1477" first-pos="479">
        <run start="376" length="6" level="68"/>
        <run start="377" length="4" level="3"/>
        <run start="377" length="4" level="52"/>
        <run start="377" length="4" level="18"/>
        <run start="377" length="4" level="4"/>
        <run start="377" length="4" level="5"/>
        <run start="377" length="4" level="5"/>
        <run start="377" length="4" level="55"/>
        <run start="377" length="3" level="70"/>
        <run start="378" length="2" level="204"/>
    </section>
    <section id="1478" first-pos="479">
        <run start="385" length="4" level="196"/>
        <run start="388" length="1" level="200"/>
    </section>
</members></stick>
