<?xml version="1.0" encoding="UTF-8" standalone="yes"?>
<samples sheet-name="IMSLP00119#33">
    <sample shape="G_CLEF" interline="18" pitch="0.1" left="280" top="1063" id="270">
        <run-table orientation="VERTICAL" width="55" height="142">
            <runs>0 67 1</runs>
            <runs>0 66 3 9 17</runs>
            <runs>0 66 3 4 22</runs>
            <runs>0 67 2 2 26</runs>
            <runs>0 67 32</runs>
            <runs>0 67 33 23 10</runs>
            <runs>0 66 35 20 14</runs>
            <runs>0 64 22 4 13 17 17</runs>
            <runs>0 64 21 5 13 17 17</runs>
            <runs>0 63 19 14 8 15 19</runs>
            <runs>0 62 18 18 7 13 21</runs>
            <runs>0 60 18 20 8 12 21</runs>
            <runs>0 59 18 23 7 10 23</runs>
            <runs>0 55 21 25 7 9 23</runs>
            <runs>0 54 21 26 10 5 25</runs>
            <runs>0 54 21 27 9 5 25</runs>
            <runs>0 54 16 15 9 9 8 5 19 1 5</runs>
            <runs>0 54 15 12 13 10 4 8 19 2 4</runs>
            <runs>0 53 15 11 16 10 3 8 18 3 5</runs>
            <runs>0 53 14 11 19 8 3 9 17 4 4</runs>
            <runs>0 52 14 10 23 7 2 9 17 4 4</runs>
            <runs>0 51 15 10 23 7 2 10 15 5 4</runs>
            <runs>0 50 15 7 22 1 6 6 1 11 13 6 4</runs>
            <runs>0 50 14 8 16 8 6 5 1 12 11 7 4</runs>
            <runs>0 49 14 9 14 12 4 19 9 8 4</runs>
            <runs>0 48 14 10 13 13 5 19 7 8 5</runs>
            <runs>0 47 15 10 12 14 5 34 5</runs>
            <runs>0 46 15 11 11 16 5 33 5</runs>
            <runs>0 26 2 18 14 11 12 17 4 32 5</runs>
            <runs>0 19 21 5 15 11 12 17 3 32 6</runs>
            <runs>0 15 45 10 12 19 1 32 6</runs>
            <runs>0 13 70 2 2 46 7</runs>
            <runs>0 11 86 34 8</runs>
            <runs>0 9 106 13 10</runs>
            <runs>0 8 20 8 101</runs>
            <runs>0 7 18 16 24 5 13 7 46</runs>
            <runs>0 6 17 13 21 14 11 16 36</runs>
            <runs>0 4 17 15 21 14 11 18 4 3 24</runs>
            <runs>0 4 16 16 21 14 12</runs>
            <runs>0 3 15 18 17 18 12</runs>
            <runs>0 2 15 19 16 19 12</runs>
            <runs>0 1 15 19 16 21 12</runs>
            <runs>0 1 14 19 16 22 13</runs>
            <runs>14 18 17 23 14 19 1</runs>
            <runs>14 16 18 25 14 17 8</runs>
            <runs>13 15 19 26 14 16 9</runs>
            <runs>15 11 20 27 16 13 10</runs>
            <runs>0 1 43 29 21 6 8</runs>
            <runs>0 4 39 30 34</runs>
            <runs>0 7 34 35 30</runs>
            <runs>0 12 28 38 27</runs>
            <runs>0 19 12 48 24</runs>
            <runs>0 81 21</runs>
            <runs>0 82 19</runs>
            <runs>0 85 10 2 1</runs>
        </run-table>
    </sample>
    <sample shape="TIME_EIGHT" interline="18" pitch="2.0" left="473" top="497" id="257">
        <run-table orientation="VERTICAL" width="31" height="33">
            <runs>0 24 3</runs>
            <runs>0 7 6 9 9</runs>
            <runs>0 4 14 3 12</runs>
            <runs>0 3 15 2 13</runs>
            <runs>0 2 31</runs>
            <runs>0 1 32</runs>
            <runs>23 4 6</runs>
            <runs>22</runs>
            <runs>21</runs>
            <runs>4 5 12</runs>
            <runs>0 2 1 7 11</runs>
            <runs>0 10 11</runs>
            <runs>0 10 11</runs>
            <runs>0 11 10</runs>
            <runs>0 11 10</runs>
            <runs>1 10 11</runs>
            <runs>2 10 10</runs>
            <runs>2 10 10</runs>
            <runs>2 10 11</runs>
            <runs>3 9 11</runs>
            <runs>0 11 13</runs>
            <runs>5 5 15</runs>
            <runs>26</runs>
            <runs>27 2 4</runs>
            <runs>0 1 32</runs>
            <runs>0 1 11 2 19</runs>
            <runs>0 2 9 3 19</runs>
            <runs>0 3 7 5 18</runs>
            <runs>0 15 17</runs>
            <runs>0 15 16</runs>
            <runs>0 26 3</runs>
        </run-table>
    </sample>
    <sample shape="TIME_EIGHT" interline="18" pitch="1.9" left="472" top="710" id="266">
        <run-table orientation="VERTICAL" width="31" height="32">
            <runs>0 24 5</runs>
            <runs>0 22 10</runs>
            <runs>0 5 12 3 12</runs>
            <runs>0 3 15 2 12</runs>
            <runs>0 2 16 1 13</runs>
            <runs>0 1 31</runs>
            <runs>25 3 4</runs>
            <runs>23</runs>
            <runs>22</runs>
            <runs>5 2 14</runs>
            <runs>4 5 12</runs>
            <runs>4 5 12</runs>
            <runs>4 6 11</runs>
            <runs>3 7 11</runs>
            <runs>3 8 10</runs>
            <runs>2 9 11</runs>
            <runs>2 9 11</runs>
            <runs>3 8 11</runs>
            <runs>3 8 12</runs>
            <runs>3 8 12</runs>
            <runs>4 7 13</runs>
            <runs>4 7 14</runs>
            <runs>6 3 17 3 1</runs>
            <runs>32</runs>
            <runs>32</runs>
            <runs>32</runs>
            <runs>32</runs>
            <runs>0 2 10 2 18</runs>
            <runs>0 3 8 3 17</runs>
            <runs>0 5 4 5 16</runs>
            <runs>0 20 8</runs>
        </run-table>
    </sample>
    <sample shape="TIME_NINE" interline="18" pitch="-2.1" left="472" top="460" id="247">
        <run-table orientation="VERTICAL" width="31" height="33">
            <runs>0 23 7</runs>
            <runs>0 4 10 8 10</runs>
            <runs>0 3 16 3 11</runs>
            <runs>0 2 17 2 12</runs>
            <runs>19 2 12</runs>
            <runs>19 2 12</runs>
            <runs>19 3 11</runs>
            <runs>19 3 11</runs>
            <runs>20 2 11</runs>
            <runs>20 3 6 3 1</runs>
            <runs>20 4 4</runs>
            <runs>5 1 2</runs>
            <runs></runs>
            <runs></runs>
            <runs></runs>
            <runs></runs>
            <runs>0 30 3</runs>
            <runs>0 28 5</runs>
            <runs>6 19 8</runs>
            <runs>7 4 22</runs>
            <runs>33</runs>
            <runs>33</runs>
            <runs>32</runs>
            <runs>32</runs>
            <runs>31</runs>
            <runs>0 3 27</runs>
            <runs>0 4 25</runs>
            <runs>0 6 22</runs>
            <runs>0 6 21</runs>
            <runs>0 8 16</runs>
            <runs>0 11 10</runs>
        </run-table>
    </sample>
    <sample shape="TIME_NINE" interline="18" pitch="-2.0" left="472" top="674" id="263">
        <run-table orientation="VERTICAL" width="31" height="32">
            <runs>0 5 13 3 8</runs>
            <runs>0 3 15 3 10</runs>
            <runs>0 2 16 2 12</runs>
            <runs>18 2 12</runs>
            <runs>19 1 12</runs>
            <runs>19 1 12</runs>
            <runs>19 2 11</runs>
            <runs>20 1 11</runs>
            <runs>20 1 11</runs>
            <runs>20 2 7 2 1</runs>
            <runs>11 12 5 3 1</runs>
            <runs>4 27 1</runs>
            <runs>0 30 2</runs>
            <runs>0 30 2</runs>
            <runs>0 30 2</runs>
            <runs>0 30 2</runs>
            <runs>0 29 3</runs>
            <runs>0 28 4</runs>
            <runs>5 4 15 2 6</runs>
            <runs>32</runs>
            <runs>32</runs>
            <runs>32</runs>
            <runs>32</runs>
            <runs>31</runs>
            <runs>30</runs>
            <runs>29</runs>
            <runs>0 2 27</runs>
            <runs>0 4 24</runs>
            <runs>0 5 22</runs>
            <runs>0 7 18</runs>
            <runs>0 11 9</runs>
        </run-table>
    </sample>
</samples>
