<?xml version="1.0" encoding="UTF-8" standalone="yes"?>
<samples sheet-name="IMSLP00034#8">
    <sample shape="G_CLEF" interline="14" pitch="0.7" left="223" top="1396" id="1124">
        <run-table orientation="VERTICAL" width="40" height="95">
            <runs>0 83 5</runs>
            <runs>0 82 9</runs>
            <runs>0 80 12</runs>
            <runs>0 80 12</runs>
            <runs>0 50 8 22 14</runs>
            <runs>0 45 18 16 15</runs>
            <runs>0 45 19 15 15</runs>
            <runs>0 42 23 14 16</runs>
            <runs>0 40 28 10 17</runs>
            <runs>0 39 16 10 4 9 17</runs>
            <runs>0 37 15 14 4 8 13 1 3</runs>
            <runs>0 36 15 16 8 4 12 1 3</runs>
            <runs>0 35 14 19 3 8 11 2 3</runs>
            <runs>0 34 13 21 7 5 9 4 2</runs>
            <runs>0 33 13 7 11 20 2 7 2</runs>
            <runs>0 31 15 4 17 26 2</runs>
            <runs>0 31 13 5 19 24 3</runs>
            <runs>0 30 12 6 13 1 2 1 4 23 3</runs>
            <runs>0 29 13 5 10 8 4 22 4</runs>
            <runs>0 28 14 3 10 36 4</runs>
            <runs>0 28 12 6 9 35 4</runs>
            <runs>0 16 24 5 9 35 4</runs>
            <runs>0 13 26 6 8 36 4</runs>
            <runs>0 11 7 5 19 1 9 34 5</runs>
            <runs>0 6 12 5 30 31 6</runs>
            <runs>0 4 9 9 12 5 2 1 21 1 1 14 9</runs>
            <runs>0 3 9 9 12 10 43</runs>
            <runs>0 2 9 9 13 10 8 4 7 1 21</runs>
            <runs>0 1 9 9 13 11 8</runs>
            <runs>10 5 17 11 9</runs>
            <runs>8 7 14 14 9 16 6</runs>
            <runs>9 5 14 15 10 14 8</runs>
            <runs>9 4 13 18 11 11 9</runs>
            <runs>0 2 7 1 14 21 10 10 5</runs>
            <runs>0 5 3 2 13 22 15 2 7</runs>
            <runs>0 10 10 25 24</runs>
            <runs>0 45 22</runs>
            <runs>0 47 18</runs>
            <runs>0 49 15</runs>
            <runs>0 50 11</runs>
        </run-table>
    </sample>
    <sample shape="C_CLEF" interline="14" pitch="0.1" left="230" top="913" id="991">
        <run-table orientation="VERTICAL" width="38" height="59">
            <runs>14 1 44</runs>
            <runs>59</runs>
            <runs>59</runs>
            <runs>59</runs>
            <runs>0 1 58</runs>
            <runs>59</runs>
            <runs>59</runs>
            <runs>0 1 44 1 13</runs>
            <runs>0 5 9 1 24 1 19</runs>
            <runs>59</runs>
            <runs>59</runs>
            <runs>0 1 17 9 6 9 17</runs>
            <runs>0 25 10</runs>
            <runs>0 22 16 10 8</runs>
            <runs>0 8 1 11 21 7 8</runs>
            <runs>0 5 6 4 28 5 11</runs>
            <runs>12 3 27 4 12</runs>
            <runs>12 3 12 1 12 3 15</runs>
            <runs>12 7 8 4 8 7 12</runs>
            <runs>0 5 8 7 6 7 5 8 12</runs>
            <runs>0 5 7 10 3 8 3 10 8</runs>
            <runs>0 5 7 10 3 7 4 11 7</runs>
            <runs>0 5 7 11 3 6 3 13 5</runs>
            <runs>0 6 5 13 2 6 2</runs>
            <runs>0 7 3 14 2 6 2</runs>
            <runs>0 24 2 6 2</runs>
            <runs>0 23 3 2 7</runs>
            <runs>0 21 5 6 4 15 7</runs>
            <runs>11 1 1 1 12 6 6 10 10</runs>
            <runs>26 6 26</runs>
            <runs>25 7 27</runs>
            <runs>25 8 26</runs>
            <runs>0 4 20 9 26</runs>
            <runs>0 4 19 11 21</runs>
            <runs>0 5 18 12 19</runs>
            <runs>0 7 14 15 17</runs>
            <runs>0 9 4 26 12</runs>
            <runs>0 45 3</runs>
        </run-table>
    </sample>
    <sample shape="C_CLEF" interline="14" pitch="0.0" left="225" top="1863" id="1156">
        <run-table orientation="VERTICAL" width="39" height="61">
            <runs>0 1 8 1 1 11 1 1 4</runs>
            <runs>0 1 27 6 5 14 1</runs>
            <runs>0 1 59</runs>
            <runs>0 1 59</runs>
            <runs>60</runs>
            <runs>60</runs>
            <runs>0 1 58</runs>
            <runs>0 1 59</runs>
            <runs>0 1 59</runs>
            <runs>0 1 10 2 1 5 2 6 33</runs>
            <runs>0 1 32 1 1 6 1 8 1 1 9</runs>
            <runs>0 1 59</runs>
            <runs>0 25 35</runs>
            <runs>0 23 11 17 1 1 3</runs>
            <runs>0 6 4 11 16</runs>
            <runs>0 5 7 8 20 10 5</runs>
            <runs>0 1 12 3 26 7 7</runs>
            <runs>0 1 12 3 27 5 9</runs>
            <runs>0 1 13 5 23 5 14</runs>
            <runs>0 6 8 7 6 3 11 6 14</runs>
            <runs>0 6 8 10 2 7 7 7 14</runs>
            <runs>0 5 7 11 3 8 2 11 13</runs>
            <runs>0 5 7 12 2 8 2 11 7</runs>
            <runs>0 6 6 13 2 6 3 12 6</runs>
            <runs>0 8 2 15 2 6 2 14 4</runs>
            <runs>0 25 2 6 1</runs>
            <runs>0 25 2 6 1</runs>
            <runs>0 24 3 6 1</runs>
            <runs>6 1 2 13 5 6 2</runs>
            <runs>26 7 3 17 7</runs>
            <runs>26 7 27</runs>
            <runs>26 8 26</runs>
            <runs>25 9 26</runs>
            <runs>0 5 19 10 26</runs>
            <runs>0 6 17 12 25</runs>
            <runs>0 7 14 14 21</runs>
            <runs>0 11 3 23 18</runs>
            <runs>0 40 13</runs>
            <runs>0 41 10</runs>
        </run-table>
    </sample>
    <sample shape="C_CLEF" interline="14" pitch="0.1" left="224" top="2801" id="1283">
        <run-table orientation="VERTICAL" width="39" height="59">
            <runs>0 46 3 1 9</runs>
            <runs>0 1 13 5 40</runs>
            <runs>0 1 58</runs>
            <runs>0 1 58</runs>
            <runs>0 1 58</runs>
            <runs>0 1 58</runs>
            <runs>0 1 58</runs>
            <runs>0 1 58</runs>
            <runs>0 1 58</runs>
            <runs>0 1 44 3 2 1 8</runs>
            <runs>0 42 17</runs>
            <runs>0 1 58</runs>
            <runs>0 1 58</runs>
            <runs>0 13 1 10 13 14 1</runs>
            <runs>0 23 15 10 7</runs>
            <runs>0 9 1 12 17 9 8</runs>
            <runs>0 5 7 4 29 2 12</runs>
            <runs>0 1 12 3 29 2 12</runs>
            <runs>14 2 29 1 13</runs>
            <runs>0 1 13 5 10 1 10 6 13</runs>
            <runs>0 1 13 7 5 8 5 8 8</runs>
            <runs>0 5 9 8 4 9 3 9 8</runs>
            <runs>0 5 8 9 3 8 3 11 7</runs>
            <runs>0 5 8 10 2 8 2 13 5</runs>
            <runs>0 5 7 12 2 7 2</runs>
            <runs>0 7 4 13 2 6 3</runs>
            <runs>0 24 2 7 1</runs>
            <runs>0 24 2 6 2</runs>
            <runs>0 24 2 6 3</runs>
            <runs>0 23 3 7 2 16 1</runs>
            <runs>26 7 25</runs>
            <runs>26 7 25</runs>
            <runs>25 9 24</runs>
            <runs>24 10 24</runs>
            <runs>24 11 23</runs>
            <runs>0 4 19 12 23</runs>
            <runs>0 5 16 16 17</runs>
            <runs>0 8 11 20 12</runs>
            <runs>0 10 2 29 8</runs>
        </run-table>
    </sample>
    <sample shape="FLAT" interline="14" pitch="-0.7" left="267" top="1711" id="1222">
        <run-table orientation="VERTICAL" width="14" height="36">
            <runs>14</runs>
            <runs>36</runs>
            <runs>36</runs>
            <runs>36</runs>
            <runs>0 18 9 5 4</runs>
            <runs>0 17 3 8 6</runs>
            <runs>0 17 2 5 8</runs>
            <runs>0 17 2 5 7</runs>
            <runs>0 17 13</runs>
            <runs>0 17 12</runs>
            <runs>0 17 12</runs>
            <runs>0 17 11</runs>
            <runs>0 18 10</runs>
            <runs>0 19 5</runs>
        </run-table>
    </sample>
</samples>
