<?xml version="1.0" encoding="UTF-8" standalone="yes"?>
<samples sheet-name="IMSLP00003#4">
    <sample shape="G_CLEF" interline="22" pitch="0.7" left="162" top="268" id="229">
        <run-table orientation="VERTICAL" width="56" height="154">
            <runs>0 82 16</runs>
            <runs>0 80 21</runs>
            <runs>0 75 27</runs>
            <runs>0 71 34</runs>
            <runs>0 71 35</runs>
            <runs>0 69 38</runs>
            <runs>0 68 22 3 15</runs>
            <runs>0 66 20 15 9</runs>
            <runs>0 65 19 18 9</runs>
            <runs>0 64 17 24 7</runs>
            <runs>0 63 16 28 6</runs>
            <runs>0 61 16 31 9 22 2 1 1</runs>
            <runs>0 60 16 34 7 19 10</runs>
            <runs>0 59 16 36 4 19 13</runs>
            <runs>0 58 16 38 3 18 16</runs>
            <runs>0 58 17 39 1 18 17</runs>
            <runs>0 57 18 13 10 35 18</runs>
            <runs>0 56 19 11 16 31 19</runs>
            <runs>0 55 15 14 19 29 21</runs>
            <runs>0 23 21 11 15 13 21 28 21</runs>
            <runs>0 19 50 13 15 1 7 28 20</runs>
            <runs>0 17 51 12 12 8 6 27 21</runs>
            <runs>0 16 51 12 11 14 3 26 21</runs>
            <runs>0 13 19 16 19 12 10 16 3 25 16 1 4</runs>
            <runs>0 11 20 18 18 11 10 18 3 25 14 3 3</runs>
            <runs>0 10 21 17 22 7 10 19 3 26 13 3 3</runs>
            <runs>0 8 15 24 39 49 13 3 3</runs>
            <runs>0 6 15 25 17 7 16 50 11 4 3</runs>
            <runs>0 5 15 25 17 10 14 52 6 7 3</runs>
            <runs>0 4 14 26 16 12 16 63 3</runs>
            <runs>0 3 15 25 16 13 25 54 3</runs>
            <runs>0 2 13 27 15 15 13 2 13 50 4</runs>
            <runs>0 1 13 26 16 16 12 7 16 43 3</runs>
            <runs>13 26 16 17 12 10 16 39 4</runs>
            <runs>0 1 10 27 16 18 12 16 20 29 3</runs>
            <runs>0 3 8 25 17 19 11 22 16 27 4</runs>
            <runs>0 3 8 24 18 19 11 27 19 18 4</runs>
            <runs>0 5 7 16 25 19 12 31 16 14 5</runs>
            <runs>0 7 8 13 18 26 12 31 34</runs>
            <runs>0 8 12 6 19 27 12 40 24</runs>
            <runs>0 10 32 30 12 48 14</runs>
            <runs>0 13 27 32 13 52 6</runs>
            <runs>0 18 17 37 14 27 1</runs>
            <runs>0 22 1 53 10 26 2</runs>
            <runs>0 77 10 24 3</runs>
            <runs>0 77 11 22 7</runs>
            <runs>0 78 11 20 5</runs>
            <runs>0 78 12 18 5</runs>
            <runs>0 79 13 13 7</runs>
            <runs>0 80 17 5 9</runs>
            <runs>0 82 28</runs>
            <runs>0 83 25</runs>
            <runs>0 85 21</runs>
            <runs>0 86 19</runs>
            <runs>0 88 14</runs>
            <runs>0 91 7</runs>
        </run-table>
    </sample>
    <sample shape="G_CLEF" interline="22" pitch="0.7" left="157" top="825" id="250">
        <run-table orientation="VERTICAL" width="57" height="154">
            <runs>0 88 4</runs>
            <runs>0 82 17</runs>
            <runs>0 77 24</runs>
            <runs>0 71 32</runs>
            <runs>0 71 33</runs>
            <runs>0 70 36</runs>
            <runs>0 68 40</runs>
            <runs>0 66 26 1 17</runs>
            <runs>0 65 21 8 17</runs>
            <runs>0 64 20 18 10</runs>
            <runs>0 63 17 25 7 24 5 1 1</runs>
            <runs>0 62 16 28 7 21 12</runs>
            <runs>0 60 17 31 6 19 14</runs>
            <runs>0 60 15 35 8 14 16</runs>
            <runs>0 58 17 36 7 13 19</runs>
            <runs>0 57 18 36 7 13 20</runs>
            <runs>0 56 19 13 1 2 7 14 7 11 21</runs>
            <runs>0 55 20 11 12 15 2 15 21</runs>
            <runs>0 55 16 14 16 13 1 16 22</runs>
            <runs>0 51 19 13 20 28 22</runs>
            <runs>0 41 2 8 18 12 23 27 22</runs>
            <runs>0 28 10 1 4 8 17 12 13 1 12 25 23</runs>
            <runs>0 23 24 3 17 12 12 12 3 25 23</runs>
            <runs>0 20 46 13 10 15 3 25 16 2 4</runs>
            <runs>0 18 47 13 10 17 3 25 14 3 4</runs>
            <runs>0 15 23 3 25 6 15 19 2 25 14 3 4</runs>
            <runs>0 13 19 11 26 3 14 47 13 4 4</runs>
            <runs>0 11 15 20 40 48 11 5 4</runs>
            <runs>0 10 14 22 17 3 19 51 7 7 4</runs>
            <runs>0 8 14 23 16 8 17 64 4</runs>
            <runs>0 7 14 24 15 12 26 51 5</runs>
            <runs>0 7 12 25 15 13 27 50 4</runs>
            <runs>0 5 12 25 16 14 13 1 18 44 5</runs>
            <runs>0 4 12 25 16 15 12 8 17 38 5</runs>
            <runs>0 3 12 25 16 16 12 10 26 26 6</runs>
            <runs>0 2 12 24 16 18 12 10 29 21 7</runs>
            <runs>13 24 17 18 12 13 2 9 24 10 9</runs>
            <runs>12 23 18 19 12 13 1 15 36</runs>
            <runs>11 23 20 18 12 13 1 16 34</runs>
            <runs>11 17 21 23 12 13 1 27 22</runs>
            <runs>0 1 10 17 20 24 12 13 1 32 14</runs>
            <runs>0 3 11 12 20 26 13 12 1 40 3</runs>
            <runs>0 5 15 3 21 28 13 12 1 14 7</runs>
            <runs>0 7 1 2 32 30 14 11 1 13 8</runs>
            <runs>0 13 27 32 15 24 8</runs>
            <runs>0 16 19 37 16 21 10</runs>
            <runs>0 19 1 2 10 45 12 18 12</runs>
            <runs>0 78 12 15 9</runs>
            <runs>0 78 14 12 9</runs>
            <runs>0 79 18 5 10</runs>
            <runs>0 80 31</runs>
            <runs>0 81 29</runs>
            <runs>0 82 27</runs>
            <runs>0 84 23</runs>
            <runs>0 85 19</runs>
            <runs>0 88 13</runs>
            <runs>0 91 3</runs>
        </run-table>
    </sample>
    <sample shape="G_CLEF" interline="22" pitch="0.7" left="159" top="1024" id="252">
        <run-table orientation="VERTICAL" width="56" height="154">
            <runs>0 89 2</runs>
            <runs>0 80 17</runs>
            <runs>0 77 22</runs>
            <runs>0 76 26</runs>
            <runs>0 71 34</runs>
            <runs>0 71 35</runs>
            <runs>0 69 39</runs>
            <runs>0 67 42</runs>
            <runs>0 66 20 12 12</runs>
            <runs>0 64 19 20 8</runs>
            <runs>0 63 18 24 7 31 1</runs>
            <runs>0 62 16 28 7 23 11</runs>
            <runs>0 61 16 30 6 21 13</runs>
            <runs>0 60 16 32 6 20 15</runs>
            <runs>0 59 16 35 8 13 18</runs>
            <runs>0 58 16 37 3 17 20</runs>
            <runs>0 58 18 37 1 18 20</runs>
            <runs>0 57 19 12 10 15 1 18 20</runs>
            <runs>0 56 15 15 15 31 20</runs>
            <runs>0 55 14 15 18 29 22</runs>
            <runs>0 51 17 14 22 28 21</runs>
            <runs>0 26 13 12 16 15 11 6 7 26 21</runs>
            <runs>0 22 22 6 16 14 10 12 5 25 16 2 3</runs>
            <runs>0 18 30 2 16 13 10 15 3 26 14 3 4</runs>
            <runs>0 16 49 13 10 17 3 25 14 3 4</runs>
            <runs>0 13 20 10 1 2 19 13 9 19 2 26 12 4 4</runs>
            <runs>0 11 20 16 21 9 9 48 10 6 4</runs>
            <runs>0 9 16 22 38 50 8 7 4</runs>
            <runs>0 8 15 23 16 1 22 52 5 8 4</runs>
            <runs>0 7 14 25 15 10 14 65 3</runs>
            <runs>0 5 15 24 16 13 14 3 1 58 4</runs>
            <runs>0 4 14 24 16 15 20 56 3</runs>
            <runs>0 3 13 26 15 16 10 3 13 49 4</runs>
            <runs>0 2 13 25 16 17 10 9 13 1 1 40 5</runs>
            <runs>0 1 13 25 16 18 10 12 19 32 5</runs>
            <runs>13 25 16 19 10 22 15 24 6</runs>
            <runs>12 24 17 20 10 24 19 1 1 15 6</runs>
            <runs>11 23 19 20 10 28 21 10 6</runs>
            <runs>0 1 9 23 20 20 10 32 31</runs>
            <runs>0 2 8 18 20 24 11 31 8 3 19</runs>
            <runs>0 3 8 17 19 25 12 30 3 9 17</runs>
            <runs>0 5 9 13 18 27 12 30 3 10 2</runs>
            <runs>0 7 9 1 1 4 21 29 13 28 4 11 1</runs>
            <runs>0 10 29 34 12 27 5</runs>
            <runs>0 14 23 35 14 25 5</runs>
            <runs>0 20 13 39 14 25 4</runs>
            <runs>0 72 15 22 5</runs>
            <runs>0 77 11 20 5</runs>
            <runs>0 78 12 17 5</runs>
            <runs>0 78 14 12 7</runs>
            <runs>0 80 17 2 11</runs>
            <runs>0 81 28</runs>
            <runs>0 82 26</runs>
            <runs>0 84 22</runs>
            <runs>0 85 19</runs>
            <runs>0 89 12</runs>
        </run-table>
    </sample>
    <sample shape="G_CLEF" interline="22" pitch="0.5" left="157" top="1874" id="280">
        <run-table orientation="VERTICAL" width="57" height="156">
            <runs>0 91 1</runs>
            <runs>0 82 17</runs>
            <runs>0 78 24</runs>
            <runs>0 73 31</runs>
            <runs>0 73 33</runs>
            <runs>0 71 37</runs>
            <runs>0 69 40</runs>
            <runs>0 68 43</runs>
            <runs>0 67 23 5 17</runs>
            <runs>0 66 20 17 10 23 7</runs>
            <runs>0 64 19 22 8 22 11</runs>
            <runs>0 63 18 26 7 20 14</runs>
            <runs>0 62 17 30 6 18 15</runs>
            <runs>0 61 17 32 6 16 17</runs>
            <runs>0 60 17 34 5 16 18</runs>
            <runs>0 60 17 36 8 11 21</runs>
            <runs>0 59 18 37 3 15 22</runs>
            <runs>0 58 15 17 10 15 2 15 22</runs>
            <runs>0 57 16 14 15 13 2 15 22</runs>
            <runs>0 52 20 13 19 12 1 15 23</runs>
            <runs>0 53 18 12 22 27 23</runs>
            <runs>0 53 17 12 12 1 11 27 23</runs>
            <runs>0 28 10 14 17 12 11 11 4 26 21 1 1</runs>
            <runs>0 24 22 6 16 13 10 14 3 26 15 1 6</runs>
            <runs>0 21 46 13 9 17 3 25 14 3 4</runs>
            <runs>0 18 49 12 9 19 2 26 12 4 4</runs>
            <runs>0 16 51 7 13 49 9 6 4</runs>
            <runs>0 14 21 14 21 1 2 1 13 51 6 7 5</runs>
            <runs>0 12 21 15 38 65 4</runs>
            <runs>0 10 17 20 39 65 3</runs>
            <runs>0 10 15 21 20 5 17 2 3 57 4</runs>
            <runs>0 8 15 22 20 10 25 49 5</runs>
            <runs>0 7 15 22 17 13 14 1 15 44 6</runs>
            <runs>0 6 14 22 17 16 10 5 1 1 20 35 6</runs>
            <runs>0 4 14 24 16 17 10 9 27 25 7</runs>
            <runs>0 3 14 24 16 18 10 21 22 16 8</runs>
            <runs>0 2 13 25 16 19 9 29 37</runs>
            <runs>0 1 13 25 17 19 9 32 33</runs>
            <runs>14 22 19 20 10 31 7 3 22</runs>
            <runs>12 23 20 20 10 31 6 11 12</runs>
            <runs>0 1 10 19 21 24 11 29 7</runs>
            <runs>0 2 9 18 20 26 11 28 7</runs>
            <runs>0 4 7 18 19 27 11 28 7</runs>
            <runs>0 6 8 12 20 29 11 26 5</runs>
            <runs>0 8 35 32 12 24 6</runs>
            <runs>0 11 31 33 13 22 6</runs>
            <runs>0 15 23 3 1 33 14 20 6</runs>
            <runs>0 17 17 40 17 16 8</runs>
            <runs>0 26 7 46 13 14 8</runs>
            <runs>0 80 19 3 11</runs>
            <runs>0 81 31</runs>
            <runs>0 82 28</runs>
            <runs>0 83 26</runs>
            <runs>0 86 22</runs>
            <runs>0 87 18</runs>
            <runs>0 89 13</runs>
            <runs>0 94 1</runs>
        </run-table>
    </sample>
    <sample shape="G_CLEF" interline="22" pitch="0.7" left="161" top="2399" id="321">
        <run-table orientation="VERTICAL" width="55" height="154">
            <runs>0 81 15</runs>
            <runs>0 78 21 2 2</runs>
            <runs>0 76 29</runs>
            <runs>0 71 35</runs>
            <runs>0 70 38</runs>
            <runs>0 69 40</runs>
            <runs>0 68 42</runs>
            <runs>0 67 19 17 8 27 3</runs>
            <runs>0 65 18 23 6 24 9</runs>
            <runs>0 64 17 28 6 20 13</runs>
            <runs>0 64 16 30 8 16 15</runs>
            <runs>0 63 15 33 7 15 17</runs>
            <runs>0 61 16 56 18</runs>
            <runs>0 60 16 56 20</runs>
            <runs>0 60 15 57 21</runs>
            <runs>0 59 16 57 21</runs>
            <runs>0 58 16 16 9 33 22</runs>
            <runs>0 57 17 12 14 1 2 29 22</runs>
            <runs>0 56 15 14 20 27 22</runs>
            <runs>0 55 14 14 23 26 16 2 4</runs>
            <runs>0 54 14 14 15 3 1 2 4 26 15 3 3</runs>
            <runs>0 50 18 13 10 14 3 25 15 3 3</runs>
            <runs>0 26 20 4 17 13 10 16 3 25 13 5 2</runs>
            <runs>0 22 44 14 9 18 1 26 12 6 2</runs>
            <runs>0 21 44 14 8 49 8 8 2</runs>
            <runs>0 17 48 13 8 53 3 9 3</runs>
            <runs>0 16 16 15 23 7 8 66 3</runs>
            <runs>0 14 17 16 38 66 2</runs>
            <runs>0 12 19 16 15 4 20 64 3</runs>
            <runs>0 10 15 20 16 11 18 59 4</runs>
            <runs>0 8 15 22 15 12 26 3 5 43 4</runs>
            <runs>0 7 15 22 16 12 12 3 24 37 4</runs>
            <runs>0 5 14 24 16 13 12 6 30 3 1 23 4</runs>
            <runs>0 4 14 24 16 14 12 16 1 3 3 1 19 18 5</runs>
            <runs>0 3 13 24 16 17 11 29 23 2 2 1 9</runs>
            <runs>0 3 12 24 16 17 12 32 32</runs>
            <runs>0 1 13 25 14 19 12 42 2 1 18</runs>
            <runs>0 1 11 25 16 19 12 48 13</runs>
            <runs>12 24 16 20 12 56 1</runs>
            <runs>11 23 18 20 12</runs>
            <runs>0 1 10 17 20 28 9</runs>
            <runs>0 4 7 17 18 26 14 27 1</runs>
            <runs>0 7 6 14 17 32 10 26 2</runs>
            <runs>0 8 8 8 19 33 11 24 7</runs>
            <runs>0 12 28 37 11 21 6</runs>
            <runs>0 13 24 41 11 18 7</runs>
            <runs>0 18 15 45 12 16 7</runs>
            <runs>0 79 13 12 8</runs>
            <runs>0 80 17 4 10</runs>
            <runs>0 81 19 1 9</runs>
            <runs>0 82 26</runs>
            <runs>0 84 23</runs>
            <runs>0 85 19</runs>
            <runs>0 87 14</runs>
            <runs>0 89 12</runs>
        </run-table>
    </sample>
    <sample shape="G_CLEF" interline="22" pitch="0.5" left="157" top="2932" id="362">
        <run-table orientation="VERTICAL" width="56" height="155">
            <runs>0 84 14</runs>
            <runs>0 80 19</runs>
            <runs>0 73 28</runs>
            <runs>0 72 32</runs>
            <runs>0 71 35</runs>
            <runs>0 69 39</runs>
            <runs>0 68 41</runs>
            <runs>0 66 25 1 18</runs>
            <runs>0 64 22 14 12</runs>
            <runs>0 63 20 21 8</runs>
            <runs>0 62 19 24 8</runs>
            <runs>0 61 17 29 7</runs>
            <runs>0 61 17 32 5 23 9</runs>
            <runs>0 60 17 34 4 21 12</runs>
            <runs>0 58 19 35 3 20 14</runs>
            <runs>0 57 20 36 7 14 16</runs>
            <runs>0 56 21 7 1 2 12 14 7 13 18</runs>
            <runs>0 52 20 12 17 13 2 17 19</runs>
            <runs>0 27 13 12 19 11 20 13 1 17 20</runs>
            <runs>0 24 21 7 18 11 22 30 20</runs>
            <runs>0 18 51 11 25 27 22</runs>
            <runs>0 16 52 12 13 8 5 26 22</runs>
            <runs>0 14 53 12 13 11 4 25 22</runs>
            <runs>0 10 23 13 21 12 12 14 3 25 21</runs>
            <runs>0 9 19 20 21 5 17 14 4 24 22</runs>
            <runs>0 8 16 24 23 3 15 17 3 25 15 2 4</runs>
            <runs>0 7 15 25 41 19 1 26 14 3 4</runs>
            <runs>0 6 15 24 18 4 19 49 12 4 4</runs>
            <runs>0 4 15 25 17 9 16 50 10 5 4</runs>
            <runs>0 3 15 25 17 14 14 49 7 7 3</runs>
            <runs>0 2 14 26 18 14 19 48 1 9 3</runs>
            <runs>0 1 13 27 17 16 26 51 3</runs>
            <runs>13 26 18 17 11 4 14 48 3</runs>
            <runs>13 25 18 18 10 11 11 44 4</runs>
            <runs>0 2 9 25 20 19 9 12 17 36 4</runs>
            <runs>0 2 8 24 22 18 10 19 18 27 5</runs>
            <runs>0 4 7 19 21 23 10 21 2 1 15 24 5</runs>
            <runs>0 6 6 18 20 24 10 28 16 18 6</runs>
            <runs>0 8 7 13 19 27 10 31 22 7 8</runs>
            <runs>0 10 35 29 10 31 35</runs>
            <runs>0 12 30 32 11 29 2 8 25</runs>
            <runs>0 15 24 35 11 29 2 14 16</runs>
            <runs>0 21 13 40 11 28 3 21 7</runs>
            <runs>0 74 12 27 3</runs>
            <runs>0 74 13 24 4</runs>
            <runs>0 74 14 22 5</runs>
            <runs>0 78 11 20 5</runs>
            <runs>0 78 12 17 6</runs>
            <runs>0 79 12 14 7</runs>
            <runs>0 80 32</runs>
            <runs>0 81 30</runs>
            <runs>0 82 28</runs>
            <runs>0 84 25</runs>
            <runs>0 85 22</runs>
            <runs>0 87 17</runs>
            <runs>0 91 10</runs>
        </run-table>
    </sample>
    <sample shape="F_CLEF" interline="22" pitch="-1.4" left="157" top="520" id="237">
        <run-table orientation="VERTICAL" width="65" height="65">
            <runs>0 63 2</runs>
            <runs>0 62 3</runs>
            <runs>0 62 3</runs>
            <runs>0 62 3</runs>
            <runs>0 62 3</runs>
            <runs>0 62 3</runs>
            <runs>0 61 4</runs>
            <runs>0 61 4</runs>
            <runs>0 12 13 36 4</runs>
            <runs>0 10 15 36 3</runs>
            <runs>0 8 18 34 4</runs>
            <runs>0 7 6 5 8 34 4</runs>
            <runs>0 6 4 7 10 33 4</runs>
            <runs>0 5 4 8 10 32 4</runs>
            <runs>0 4 3 9 12 31 4</runs>
            <runs>0 4 2 10 12 30 4</runs>
            <runs>0 4 1 10 13 30 4</runs>
            <runs>0 15 13 29 5</runs>
            <runs>0 15 13 28 5</runs>
            <runs>0 16 13 28 5</runs>
            <runs>0 17 11 28 6</runs>
            <runs>0 17 11 28 5</runs>
            <runs>0 18 9 28 6</runs>
            <runs>0 19 8 28 5</runs>
            <runs>0 20 3 31 6</runs>
            <runs>0 53 6</runs>
            <runs>0 52 7</runs>
            <runs>0 51 7</runs>
            <runs>0 51 7</runs>
            <runs>0 50 7</runs>
            <runs>0 45 11</runs>
            <runs>0 4 1 40 11</runs>
            <runs>0 4 1 40 10</runs>
            <runs>0 4 2 39 10</runs>
            <runs>0 4 2 38 10</runs>
            <runs>0 4 3 36 11</runs>
            <runs>0 1 7 33 12</runs>
            <runs>0 1 8 29 14</runs>
            <runs>0 1 10 25 15</runs>
            <runs>14 21 15</runs>
            <runs>0 1 14 16 18</runs>
            <runs>0 5 43</runs>
            <runs>0 6 42</runs>
            <runs>0 6 42</runs>
            <runs>0 7 41</runs>
            <runs>0 8 36</runs>
            <runs>0 9 33</runs>
            <runs>0 10 31</runs>
            <runs>0 12 27</runs>
            <runs>0 13 24</runs>
            <runs>0 14 21</runs>
            <runs>0 18 13</runs>
            <runs>0 28 2</runs>
            <runs></runs>
            <runs>0 12 1</runs>
            <runs>0 11 4</runs>
            <runs>0 10 6 15 4</runs>
            <runs>0 9 7 14 6</runs>
            <runs>0 9 7 13 8</runs>
            <runs>0 9 8 12 8</runs>
            <runs>0 9 8 12 8</runs>
            <runs>0 10 6 13 8</runs>
            <runs>0 10 5 14 7</runs>
            <runs>0 12 1 17 6</runs>
            <runs>0 33 1</runs>
        </run-table>
    </sample>
    <sample shape="F_CLEF" interline="22" pitch="-1.5" left="155" top="2099" id="307">
        <run-table orientation="VERTICAL" width="64" height="65">
            <runs>0 62 3</runs>
            <runs>0 62 3</runs>
            <runs>0 62 3</runs>
            <runs>0 61 4</runs>
            <runs>0 61 4</runs>
            <runs>0 61 4</runs>
            <runs>0 61 3</runs>
            <runs>0 16 1 44 3</runs>
            <runs>0 12 14 34 4</runs>
            <runs>0 9 17 34 4</runs>
            <runs>0 8 18 34 4</runs>
            <runs>0 7 9 2 9 33 3</runs>
            <runs>0 6 6 6 9 32 4</runs>
            <runs>10 7 11 31 3</runs>
            <runs>9 7 12 30 4</runs>
            <runs>7 9 14 28 4</runs>
            <runs>0 5 1 10 14 28 4</runs>
            <runs>0 5 2 9 15 27 4</runs>
            <runs>0 5 1 10 14 28 4</runs>
            <runs>0 16 13 28 5</runs>
            <runs>0 16 14 26 5</runs>
            <runs>0 17 12 27 5</runs>
            <runs>0 18 10 27 5</runs>
            <runs>0 19 9 26 6</runs>
            <runs>0 20 7 27 6</runs>
            <runs>0 53 6</runs>
            <runs>0 52 7</runs>
            <runs>0 52 6</runs>
            <runs>0 51 6</runs>
            <runs>0 50 7</runs>
            <runs>0 46 11</runs>
            <runs>0 46 10</runs>
            <runs>0 5 1 39 10</runs>
            <runs>0 5 2 38 9</runs>
            <runs>0 5 2 37 10</runs>
            <runs>0 1 7 34 11</runs>
            <runs>0 1 8 32 11</runs>
            <runs>0 1 9 28 14</runs>
            <runs>0 1 10 26 14</runs>
            <runs>0 1 14 19 16</runs>
            <runs>0 1 15 2 1 12 18</runs>
            <runs>0 1 48</runs>
            <runs>0 1 47</runs>
            <runs>0 1 47</runs>
            <runs>0 6 42</runs>
            <runs>0 7 36</runs>
            <runs>0 9 33</runs>
            <runs>0 10 30</runs>
            <runs>0 11 28</runs>
            <runs>0 13 24</runs>
            <runs>0 14 21</runs>
            <runs>0 17 15</runs>
            <runs>0 23 8</runs>
            <runs></runs>
            <runs>0 12 3</runs>
            <runs>0 11 4 16 1</runs>
            <runs>0 10 6 15 5</runs>
            <runs>0 10 7 13 7</runs>
            <runs>0 9 8 13 7</runs>
            <runs>0 9 8 12 8</runs>
            <runs>0 9 8 12 8</runs>
            <runs>0 10 6 13 8</runs>
            <runs>0 11 5 13 7</runs>
            <runs>0 31 5</runs>
        </run-table>
    </sample>
    <sample shape="F_CLEF" interline="22" pitch="-1.5" left="154" top="2632" id="330">
        <run-table orientation="VERTICAL" width="64" height="64">
            <runs>0 63 1</runs>
            <runs>0 62 2</runs>
            <runs>0 62 2</runs>
            <runs>0 62 2</runs>
            <runs>0 61 3</runs>
            <runs>0 61 3</runs>
            <runs>0 61 3</runs>
            <runs>0 60 4</runs>
            <runs>0 13 12 35 3</runs>
            <runs>0 11 15 34 3</runs>
            <runs>0 9 17 33 4</runs>
            <runs>0 8 7 3 8 33 4</runs>
            <runs>0 6 6 6 8 33 4</runs>
            <runs>10 7 10 31 5</runs>
            <runs>0 1 7 9 10 31 4</runs>
            <runs>0 1 7 8 11 30 5</runs>
            <runs>0 4 3 10 11 30 5</runs>
            <runs>0 4 3 10 12 28 5</runs>
            <runs>0 4 2 10 13 28 5</runs>
            <runs>0 4 1 11 13 27 5</runs>
            <runs>0 4 1 12 11 28 5</runs>
            <runs>0 17 10 28 5</runs>
            <runs>0 18 9 27 6</runs>
            <runs>0 20 7 27 6</runs>
            <runs>0 53 6</runs>
            <runs>0 52 7</runs>
            <runs>0 52 6</runs>
            <runs>0 51 7</runs>
            <runs>0 51 6</runs>
            <runs>0 50 7</runs>
            <runs>0 4 1 40 11</runs>
            <runs>0 4 1 40 11</runs>
            <runs>0 4 1 40 10</runs>
            <runs>0 4 1 40 9</runs>
            <runs>0 4 2 38 9</runs>
            <runs>0 4 3 36 9</runs>
            <runs>0 1 7 33 11</runs>
            <runs>0 1 8 30 12</runs>
            <runs>0 1 10 26 13</runs>
            <runs>0 1 12 22 14</runs>
            <runs>0 1 14 16 18</runs>
            <runs>0 5 21 1 21</runs>
            <runs>0 6 42</runs>
            <runs>0 6 42</runs>
            <runs>0 7 37</runs>
            <runs>0 8 35</runs>
            <runs>0 9 33</runs>
            <runs>0 10 30</runs>
            <runs>0 11 27</runs>
            <runs>0 13 24</runs>
            <runs>0 15 22</runs>
            <runs>0 17 20</runs>
            <runs>0 32 4</runs>
            <runs></runs>
            <runs></runs>
            <runs>0 11 3</runs>
            <runs>0 10 5 16 4</runs>
            <runs>0 10 6 14 6</runs>
            <runs>0 10 7 12 8</runs>
            <runs>0 10 7 12 8</runs>
            <runs>0 10 7 12 8</runs>
            <runs>0 10 6 13 7</runs>
            <runs>0 11 4 15 6</runs>
            <runs>0 31 4</runs>
        </run-table>
    </sample>
    <sample shape="F_CLEF" interline="22" pitch="-1.6" left="157" top="3172" id="383">
        <run-table orientation="VERTICAL" width="62" height="75">
            <runs>0 62 3</runs>
            <runs>0 62 3</runs>
            <runs>0 62 3</runs>
            <runs>0 61 4</runs>
            <runs>0 61 3</runs>
            <runs>0 11 15 35 3</runs>
            <runs>0 11 15 35 3</runs>
            <runs>0 9 17 34 4</runs>
            <runs>0 8 19 33 4</runs>
            <runs>0 6 9 3 9 33 4</runs>
            <runs>11 7 10 32 3</runs>
            <runs>0 1 10 7 11 31 4</runs>
            <runs>0 1 8 8 12 31 4</runs>
            <runs>0 1 8 8 13 29 4</runs>
            <runs>0 1 7 9 13 29 4</runs>
            <runs>0 5 2 10 13 28 5</runs>
            <runs>0 5 2 10 13 28 4</runs>
            <runs>0 5 1 11 12 28 5</runs>
            <runs>0 5 1 12 10 29 5</runs>
            <runs>0 5 1 12 10 28 5</runs>
            <runs>0 20 7 28 6</runs>
            <runs>0 21 3 31 5</runs>
            <runs>0 54 6</runs>
            <runs>0 53 6</runs>
            <runs>0 52 6</runs>
            <runs>0 51 7</runs>
            <runs>0 50 7</runs>
            <runs>0 5 1 44 7</runs>
            <runs>0 5 2 39 10</runs>
            <runs>0 5 2 39 9</runs>
            <runs>0 5 2 39 9</runs>
            <runs>0 1 7 37 9</runs>
            <runs>0 1 7 35 10</runs>
            <runs>0 1 9 32 10</runs>
            <runs>0 1 10 29 12</runs>
            <runs>0 1 12 25 12</runs>
            <runs>0 2 13 21 13</runs>
            <runs>0 2 17 14 16</runs>
            <runs>0 2 46</runs>
            <runs>0 2 46</runs>
            <runs>0 7 41</runs>
            <runs>0 7 41</runs>
            <runs>0 9 35</runs>
            <runs>0 10 32 30 2</runs>
            <runs>0 11 30 31 3</runs>
            <runs>0 12 27 34 2</runs>
            <runs>0 14 22 38 1</runs>
            <runs>0 16 19</runs>
            <runs>0 18 14</runs>
            <runs>0 23 7</runs>
            <runs></runs>
            <runs>0 12 3</runs>
            <runs>0 10 6 14 4</runs>
            <runs>0 10 7 12 5</runs>
            <runs>0 9 8 13 5</runs>
            <runs>0 9 8 12 7</runs>
            <runs>0 9 8 12 8</runs>
            <runs>0 10 7 11 9</runs>
            <runs>0 11 6 12 8</runs>
            <runs>0 11 6 12 7</runs>
            <runs>0 13 2 15 5</runs>
            <runs>0 32 2</runs>
        </run-table>
    </sample>
    <sample shape="SHARP" interline="22" pitch="1.0" left="260" top="2654" id="337">
        <run-table orientation="VERTICAL" width="24" height="65">
            <runs>0 22 11 11 10</runs>
            <runs>0 22 10 12 10</runs>
            <runs>0 23 9 12 10</runs>
            <runs>0 23 9 12 9</runs>
            <runs>0 9 10 1 12 12 9</runs>
            <runs>0 8 48 1 4 2 1</runs>
            <runs>0 8 57</runs>
            <runs>0 21 9 7 28</runs>
            <runs>0 21 9 12 9</runs>
            <runs>0 21 8 13 9</runs>
            <runs>0 20 9 12 9</runs>
            <runs>0 20 8 13 9</runs>
            <runs>0 19 9 12 9</runs>
            <runs>0 19 8 13 9</runs>
            <runs>0 18 9 12 9</runs>
            <runs>0 17 10 11 10</runs>
            <runs>13 1 19 1 22 2 2</runs>
            <runs>60</runs>
            <runs>0 16 9 10 12 5 2 1 3</runs>
            <runs>0 15 10 12 9</runs>
            <runs>0 15 10 11 10</runs>
            <runs>0 14 11 11 10</runs>
            <runs>0 14 11 10 11</runs>
            <runs>0 15 10 11 3</runs>
        </run-table>
    </sample>
</samples>
