<?xml version="1.0" encoding="UTF-8" standalone="yes"?>
<samples sheet-name="IMSLP00005#12">
    <sample shape="G_CLEF" interline="22" pitch="0.4" left="179" top="934" id="358">
        <run-table orientation="VERTICAL" width="54" height="157">
            <runs>0 89 13</runs>
            <runs>0 85 21</runs>
            <runs>0 76 32</runs>
            <runs>0 76 33</runs>
            <runs>0 76 35</runs>
            <runs>0 75 37</runs>
            <runs>0 73 41</runs>
            <runs>0 72 43</runs>
            <runs>0 70 26 1 19 30 2</runs>
            <runs>0 68 23 14 12 23 10</runs>
            <runs>0 67 20 20 11 21 13</runs>
            <runs>0 66 19 25 8 19 16</runs>
            <runs>0 66 17 28 12 13 18</runs>
            <runs>0 64 18 31 10 13 18</runs>
            <runs>0 63 17 34 9 12 19</runs>
            <runs>0 62 17 13 10 13 8 12 19</runs>
            <runs>0 61 18 12 13 12 7 12 19</runs>
            <runs>0 60 19 9 20 9 3 15 21</runs>
            <runs>0 54 25 8 22 8 3 15 21</runs>
            <runs>0 54 20 11 26 6 3 15 17 1 3</runs>
            <runs>0 30 1 24 18 11 18 3 7 6 2 15 17 1 4</runs>
            <runs>0 28 3 23 18 11 19 6 5 5 2 15 16 2 4</runs>
            <runs>0 26 12 2 1 13 17 10 13 16 4 5 1 15 15 3 4</runs>
            <runs>0 23 25 6 16 6 17 19 2 5 1 16 13 4 4</runs>
            <runs>0 20 50 6 16 21 2 4 1 17 11 5 4</runs>
            <runs>0 18 51 7 15 47 8 7 4</runs>
            <runs>0 17 73 50 5 8 4</runs>
            <runs>0 15 75 63 3</runs>
            <runs>0 14 23 13 41 61 4</runs>
            <runs>0 12 24 13 17 2 33 50 5</runs>
            <runs>0 11 19 18 17 9 34 43 4</runs>
            <runs>0 9 18 21 16 12 39 3 1 30 6</runs>
            <runs>0 8 17 21 17 13 15 2 31 22 8</runs>
            <runs>0 7 16 22 17 14 15 7 32 16 7</runs>
            <runs>0 5 17 22 17 15 12 20 33 3 8</runs>
            <runs>0 4 16 22 18 16 12 25 37</runs>
            <runs>0 2 16 23 18 17 12 29 32</runs>
            <runs>0 1 16 23 18 18 13 28 6 7 16</runs>
            <runs>16 21 21 18 13 28 6 14 9</runs>
            <runs>0 1 14 17 25 19 13 27 7</runs>
            <runs>0 2 12 18 25 19 13 27 7</runs>
            <runs>0 4 10 17 21 24 14 25 8</runs>
            <runs>0 6 13 9 23 25 15 23 9</runs>
            <runs>0 10 37 29 15 22 10</runs>
            <runs>0 11 33 32 16 20 11</runs>
            <runs>0 15 26 40 12 18 7</runs>
            <runs>0 17 21 44 13 13 9</runs>
            <runs>0 26 2 3 2 50 18 6 9</runs>
            <runs>0 84 31</runs>
            <runs>0 86 28</runs>
            <runs>0 86 26</runs>
            <runs>0 87 24</runs>
            <runs>0 91 19</runs>
            <runs>0 94 14</runs>
        </run-table>
    </sample>
    <sample shape="G_CLEF" interline="22" pitch="0.6" left="160" top="2924" id="526">
        <run-table orientation="VERTICAL" width="56" height="156">
            <runs>0 87 15</runs>
            <runs>0 84 20</runs>
            <runs>0 81 24</runs>
            <runs>0 76 31</runs>
            <runs>0 75 35</runs>
            <runs>0 75 36</runs>
            <runs>0 74 39</runs>
            <runs>0 72 42</runs>
            <runs>0 70 45</runs>
            <runs>0 69 24 4 19 24 7</runs>
            <runs>0 68 22 15 12 21 12</runs>
            <runs>0 67 19 22 10 19 14</runs>
            <runs>0 65 20 25 8 18 16</runs>
            <runs>0 64 18 30 11 12 18</runs>
            <runs>0 63 18 31 11 12 19</runs>
            <runs>0 62 17 14 1 19 9 12 20</runs>
            <runs>0 61 18 12 10 14 7 12 21</runs>
            <runs>0 60 19 11 15 11 3 15 21</runs>
            <runs>0 59 20 8 20 9 3 15 21</runs>
            <runs>0 54 25 7 23 7 3 15 22</runs>
            <runs>0 54 25 6 25 7 2 15 22</runs>
            <runs>0 54 20 9 29 5 2 15 22</runs>
            <runs>0 54 19 9 13 12 6 4 2 15 17 1 4</runs>
            <runs>0 38 1 15 18 9 13 15 4 4 2 15 16 2 4</runs>
            <runs>0 27 18 8 18 9 12 17 5 4 1 16 15 3 3</runs>
            <runs>0 23 28 1 19 4 17 19 3 4 1 16 14 4 3</runs>
            <runs>0 20 51 4 16 27 1 18 11 5 3</runs>
            <runs>0 17 54 4 15 48 8 7 3</runs>
            <runs>0 16 74 51 2 9 4</runs>
            <runs>0 14 23 12 40 63 4</runs>
            <runs>0 12 23 14 43 60 4</runs>
            <runs>0 10 19 19 57 46 4</runs>
            <runs>0 10 16 21 18 6 1 1 41 3 1 32 5</runs>
            <runs>0 8 16 23 18 10 13 1 34 26 5</runs>
            <runs>0 7 15 23 17 13 12 9 30 22 6</runs>
            <runs>0 6 14 24 17 14 13 9 39 10 7</runs>
            <runs>0 5 15 24 16 15 13 21 44</runs>
            <runs>0 3 15 24 17 16 13 27 36</runs>
            <runs>0 1 16 24 17 17 13 28 32</runs>
            <runs>16 23 18 18 13 29 6 7 17</runs>
            <runs>15 23 19 19 12 28 7 16 4</runs>
            <runs>13 23 21 18 13 28 7</runs>
            <runs>0 2 11 19 20 23 14 26 8</runs>
            <runs>0 4 9 18 19 25 14 26 8</runs>
            <runs>0 6 11 11 20 27 15 24 9</runs>
            <runs>0 8 38 29 16 22 10</runs>
            <runs>0 11 33 31 18 20 6</runs>
            <runs>0 16 23 42 13 17 7</runs>
            <runs>0 21 15 46 13 15 8</runs>
            <runs>0 83 18 6 9</runs>
            <runs>0 84 18 1 12</runs>
            <runs>0 85 28</runs>
            <runs>0 86 26</runs>
            <runs>0 88 23</runs>
            <runs>0 91 18</runs>
            <runs>0 92 1 1 12</runs>
        </run-table>
    </sample>
    <sample shape="F_CLEF" interline="22" pitch="-1.5" left="161" top="2645" id="487">
        <run-table orientation="VERTICAL" width="58" height="69">
            <runs>0 18 2</runs>
            <runs>0 13 13</runs>
            <runs>0 10 16</runs>
            <runs>0 9 18 35 7</runs>
            <runs>0 8 5 6 9 34 7</runs>
            <runs>0 7 4 8 10 33 7</runs>
            <runs>0 1 9 9 10 32 8</runs>
            <runs>0 1 8 9 12 31 4</runs>
            <runs>0 5 2 11 12 30 5</runs>
            <runs>0 5 2 10 13 30 5</runs>
            <runs>0 5 1 11 13 29 6</runs>
            <runs>0 5 1 11 14 28 5</runs>
            <runs>0 17 13 28 6</runs>
            <runs>0 17 13 27 6</runs>
            <runs>0 17 13 27 6</runs>
            <runs>0 17 13 27 5</runs>
            <runs>0 18 11 27 6</runs>
            <runs>0 19 9 27 6</runs>
            <runs>0 20 2 32 7</runs>
            <runs>0 53 7</runs>
            <runs>0 52 8</runs>
            <runs>0 51 8</runs>
            <runs>0 50 9</runs>
            <runs>0 49 9</runs>
            <runs>0 44 13</runs>
            <runs>0 44 13</runs>
            <runs>0 44 12</runs>
            <runs>0 6 1 36 12</runs>
            <runs>0 1 7 33 13</runs>
            <runs>9 31 13</runs>
            <runs>0 1 9 28 15</runs>
            <runs>0 1 11 23 17</runs>
            <runs>14 20 17</runs>
            <runs>17 2 1 7 23</runs>
            <runs>0 1 48</runs>
            <runs>0 5 43</runs>
            <runs>0 5 42</runs>
            <runs>0 6 41</runs>
            <runs>0 7 40</runs>
            <runs>0 8 39</runs>
            <runs>0 9 32</runs>
            <runs>0 10 29</runs>
            <runs>0 11 26</runs>
            <runs>0 13 22</runs>
            <runs>0 15 20</runs>
            <runs>0 18 15</runs>
            <runs></runs>
            <runs></runs>
            <runs>0 11 6 16 4</runs>
            <runs>0 10 8 13 8</runs>
            <runs>0 10 9 12 8</runs>
            <runs>0 10 9 11 9</runs>
            <runs>0 10 9 11 9</runs>
            <runs>0 10 9 11 9</runs>
            <runs>0 10 9 11 9</runs>
            <runs>0 10 8 12 8</runs>
            <runs>0 11 7 13 6</runs>
            <runs>0 13 2 17 3</runs>
        </run-table>
    </sample>
    <sample shape="FLAT" interline="22" pitch="2.2" left="303" top="487" id="345">
        <run-table orientation="VERTICAL" width="18" height="56">
            <runs>0 1 2 1 10 2 8 9 22</runs>
            <runs>3 1 52</runs>
            <runs>55</runs>
            <runs>34</runs>
            <runs></runs>
            <runs></runs>
            <runs>0 47 1</runs>
            <runs>0 46 7</runs>
            <runs>0 26 1 16 10</runs>
            <runs>0 25 2 15 11</runs>
            <runs>0 25 2 14 6</runs>
            <runs>0 25 2 12 7</runs>
            <runs>0 25 7 1 12</runs>
            <runs>0 25 19</runs>
            <runs>0 24 20</runs>
            <runs>0 26 16</runs>
            <runs>0 26 14</runs>
            <runs>0 27 12</runs>
        </run-table>
    </sample>
</samples>
