<?xml version="1.0" encoding="UTF-8" standalone="yes"?>
<samples sheet-name="IMSLP00001#5">
    <sample shape="G_CLEF" interline="20" pitch="0.2" left="138" top="1253" id="445">
        <run-table orientation="VERTICAL" width="56" height="153">
            <runs>0 85 14</runs>
            <runs>0 81 19</runs>
            <runs>0 78 24</runs>
            <runs>0 74 30</runs>
            <runs>0 74 31 31 6</runs>
            <runs>0 73 34 29 10</runs>
            <runs>0 72 37 25 13</runs>
            <runs>0 70 40 22 16</runs>
            <runs>0 68 23 2 18 21 17</runs>
            <runs>0 67 20 16 9 19 18</runs>
            <runs>0 65 19 22 7 17 20</runs>
            <runs>0 65 17 25 6 17 21</runs>
            <runs>0 64 17 27 10 12 21</runs>
            <runs>0 62 18 30 8 12 22</runs>
            <runs>0 61 17 33 7 12 22</runs>
            <runs>0 60 18 34 3 15 22</runs>
            <runs>0 60 17 13 8 15 2 14 18 1 4</runs>
            <runs>0 59 18 10 16 10 2 15 16 2 4</runs>
            <runs>0 59 18 8 19 9 2 15 16 2 5</runs>
            <runs>0 54 18 11 23 8 1 16 14 4 4</runs>
            <runs>0 54 18 10 16 4 5 7 1 16 13 5 4</runs>
            <runs>0 54 17 10 12 12 4 23 10 7 4</runs>
            <runs>0 54 16 10 11 15 4 24 2 1 1 10 5</runs>
            <runs>0 54 15 10 11 19 1 39 3</runs>
            <runs>0 54 15 9 11 59 4</runs>
            <runs>0 53 15 6 14 60 4</runs>
            <runs>0 52 15 7 13 60 4</runs>
            <runs>0 51 15 8 13 59 5</runs>
            <runs>0 30 36 8 12 59 6</runs>
            <runs>0 25 44 3 14 56 8</runs>
            <runs>0 25 62 2 2 9 1 39 9</runs>
            <runs>0 22 66 1 31 6 1 6 1 2 12</runs>
            <runs>0 20 20 7 17 1 23 1 57</runs>
            <runs>0 17 20 10 16 10 14 4 54</runs>
            <runs>0 16 21 10 15 12 12 22 34</runs>
            <runs>0 15 15 16 15 13 12 33 2 2 13 2 1</runs>
            <runs>0 13 15 18 14 14 12</runs>
            <runs>0 12 14 19 15 14 12</runs>
            <runs>0 10 15 19 15 15 12</runs>
            <runs>0 9 16 18 15 16 12</runs>
            <runs>0 9 14 18 17 16 12</runs>
            <runs>0 7 14 20 16 17 13</runs>
            <runs>0 6 14 20 17 17 13 25 1</runs>
            <runs>0 5 14 20 18 17 14 23 7</runs>
            <runs>0 4 14 16 18 22 15 21 8</runs>
            <runs>0 3 14 17 17 23 16 19 9</runs>
            <runs>0 2 13 18 17 24 17 17 10</runs>
            <runs>0 1 14 17 16 31 14 13 12</runs>
            <runs>0 1 13 15 17 34 18 4 11</runs>
            <runs>13 13 1 1 18 36 31</runs>
            <runs>0 3 12 10 19 38 30</runs>
            <runs>0 5 37 42 27</runs>
            <runs>0 7 33 45 25</runs>
            <runs>0 10 29 48 21</runs>
            <runs>0 14 13 61 17</runs>
            <runs>0 19 6 66 11</runs>
        </run-table>
    </sample>
    <sample shape="F_CLEF" interline="20" pitch="-1.4" left="142" top="478" id="338">
        <run-table orientation="VERTICAL" width="57" height="66">
            <runs>0 18 3</runs>
            <runs>0 13 12</runs>
            <runs>0 11 17</runs>
            <runs>0 9 19</runs>
            <runs>0 9 4 1 15</runs>
            <runs>0 7 4 8 12</runs>
            <runs>0 6 3 10 12 30 1</runs>
            <runs>0 5 3 10 13 30 1</runs>
            <runs>0 1 7 9 14 29 2</runs>
            <runs>0 6 1 10 14 29 2</runs>
            <runs>0 17 14 28 3</runs>
            <runs>0 17 14 27 7</runs>
            <runs>0 17 13 28 7</runs>
            <runs>0 17 13 28 7</runs>
            <runs>0 18 11 28 9</runs>
            <runs>0 19 9 28 10</runs>
            <runs>0 19 8 29 9</runs>
            <runs>0 24 2 29 6</runs>
            <runs>0 54 7</runs>
            <runs>0 53 7</runs>
            <runs>0 52 7</runs>
            <runs>0 51 8</runs>
            <runs>0 50 9</runs>
            <runs>0 49 9</runs>
            <runs>0 48 10</runs>
            <runs>0 47 9</runs>
            <runs>0 41 15</runs>
            <runs>0 6 1 34 14</runs>
            <runs>0 1 7 33 13</runs>
            <runs>9 30 14</runs>
            <runs>10 27 15</runs>
            <runs>12 20 19</runs>
            <runs>15 11 1 2 22</runs>
            <runs>49</runs>
            <runs>48</runs>
            <runs>0 6 41</runs>
            <runs>0 6 40</runs>
            <runs>0 7 38</runs>
            <runs>0 8 36</runs>
            <runs>0 9 35</runs>
            <runs>0 10 34</runs>
            <runs>0 11 28</runs>
            <runs>0 13 23</runs>
            <runs>0 16 17</runs>
            <runs>0 19 10</runs>
            <runs></runs>
            <runs></runs>
            <runs>0 12 4 15 5</runs>
            <runs>0 11 5 14 6</runs>
            <runs>0 10 7 12 8</runs>
            <runs>0 9 8 12 9</runs>
            <runs>0 9 9 11 9</runs>
            <runs>0 9 8 13 9</runs>
            <runs>0 10 8 12 9</runs>
            <runs>0 10 8 12 8</runs>
            <runs>0 11 7 13 6</runs>
            <runs>0 12 5 16 2</runs>
        </run-table>
    </sample>
    <sample shape="F_CLEF" interline="20" pitch="-1.4" left="126" top="3135" id="623">
        <run-table orientation="VERTICAL" width="62" height="69">
            <runs>0 62 7</runs>
            <runs>0 66 2</runs>
            <runs>0 66 2</runs>
            <runs>0 66 2</runs>
            <runs>0 17 7 42 2</runs>
            <runs>0 13 12 41 2</runs>
            <runs>0 10 16 40 1</runs>
            <runs>0 8 19 39 1</runs>
            <runs>0 7 7 5 9 33 1 4 1</runs>
            <runs>0 6 6 7 10 32 1 4 1</runs>
            <runs>0 5 5 8 12 31 1</runs>
            <runs>0 4 5 9 12 31 1</runs>
            <runs>8 9 13 30 2</runs>
            <runs>7 10 13 30 2</runs>
            <runs>7 9 14 29 3</runs>
            <runs>0 4 2 10 14 29 3</runs>
            <runs>0 4 2 10 14 28 7</runs>
            <runs>0 4 1 11 14 27 8</runs>
            <runs>0 4 1 12 13 27 8</runs>
            <runs>0 4 1 12 13 26 9</runs>
            <runs>0 18 11 26 10</runs>
            <runs>0 18 10 27 10</runs>
            <runs>0 19 9 26 11</runs>
            <runs>0 53 8</runs>
            <runs>0 53 7</runs>
            <runs>0 52 7</runs>
            <runs>0 4 1 46 8</runs>
            <runs>0 4 1 45 8</runs>
            <runs>0 4 1 43 9</runs>
            <runs>0 4 2 39 12</runs>
            <runs>0 4 2 35 15</runs>
            <runs>7 34 15</runs>
            <runs>8 33 14</runs>
            <runs>9 31 14</runs>
            <runs>10 27 16</runs>
            <runs>12 24 16</runs>
            <runs>14 18 19</runs>
            <runs>24 6 20</runs>
            <runs>49</runs>
            <runs>0 4 44</runs>
            <runs>0 5 41</runs>
            <runs>0 6 39</runs>
            <runs>0 7 37</runs>
            <runs>0 8 36</runs>
            <runs>0 9 36</runs>
            <runs>0 12 33</runs>
            <runs>0 12 27</runs>
            <runs>0 13 22</runs>
            <runs>0 16 16</runs>
            <runs>0 20 12</runs>
            <runs>0 21 9</runs>
            <runs>0 24 3 5 2</runs>
            <runs>0 11 5 8 3 5 4</runs>
            <runs>0 10 7 7 3 4 6</runs>
            <runs>0 9 9 6 3 3 8</runs>
            <runs>0 8 11 6 2 2 9</runs>
            <runs>0 9 9 11 10</runs>
            <runs>0 9 9 11 10</runs>
            <runs>0 9 9 11 9</runs>
            <runs>0 10 7 12 9</runs>
            <runs>0 10 6 14 7</runs>
            <runs>0 12 3 16 1 1 3</runs>
        </run-table>
    </sample>
    <sample shape="FLAT" interline="20" pitch="-0.7" left="272" top="969" id="432">
        <run-table orientation="VERTICAL" width="19" height="58">
            <runs>0 31 1 15 4 3 4</runs>
            <runs>0 11 47</runs>
            <runs>57</runs>
            <runs>8 5 31 8 5</runs>
            <runs>0 31 4 16 4</runs>
            <runs>0 31 3 16 5</runs>
            <runs>0 30 3 16 5</runs>
            <runs>0 30 3 15 6</runs>
            <runs>0 29 4 14 6</runs>
            <runs>0 29 4 12 6</runs>
            <runs>0 28 5 8 9</runs>
            <runs>0 28 5 8 9</runs>
            <runs>0 28 7 5 9</runs>
            <runs>0 28 19</runs>
            <runs>0 28 19</runs>
            <runs>0 28 17</runs>
            <runs>0 29 15</runs>
            <runs>0 30 14</runs>
            <runs>0 31 13</runs>
        </run-table>
    </sample>
</samples>
