<?xml version="1.0" encoding="UTF-8" standalone="yes"?>
<samples sheet-name="DebuMandSample-250">
    <sample shape="DOT_set" interline="18" left="1384" top="242" id="303">
        <run-table orientation="VERTICAL" width="11" height="11">
            <runs>0 3 5</runs>
            <runs>0 1 9</runs>
            <runs>11</runs>
            <runs>11</runs>
            <runs>11</runs>
            <runs>11</runs>
            <runs>11</runs>
            <runs>11</runs>
            <runs>11</runs>
            <runs>0 1 9</runs>
            <runs>0 3 5</runs>
        </run-table>
    </sample>
    <sample shape="DOT_set" interline="18" left="686" top="561" id="340">
        <run-table orientation="VERTICAL" width="7" height="6">
            <runs>0 2 2</runs>
            <runs>0 1 4</runs>
            <runs>6</runs>
            <runs>6</runs>
            <runs>6</runs>
            <runs>6</runs>
            <runs>0 1 4</runs>
        </run-table>
    </sample>
    <sample shape="DOT_set" interline="18" left="631" top="631" id="380">
        <run-table orientation="VERTICAL" width="12" height="11">
            <runs>0 4 3</runs>
            <runs>0 2 7</runs>
            <runs>0 1 9</runs>
            <runs>11</runs>
            <runs>11</runs>
            <runs>11</runs>
            <runs>11</runs>
            <runs>11</runs>
            <runs>11</runs>
            <runs>0 1 9</runs>
            <runs>0 2 7</runs>
            <runs>0 4 3</runs>
        </run-table>
    </sample>
    <sample shape="DOT_set" interline="18" left="635" top="935" id="430">
        <run-table orientation="VERTICAL" width="8" height="7">
            <runs>0 2 3</runs>
            <runs>0 1 5</runs>
            <runs>7</runs>
            <runs>7</runs>
            <runs>7</runs>
            <runs>7</runs>
            <runs>7</runs>
            <runs>0 1 5</runs>
        </run-table>
    </sample>
    <sample shape="FERMATA" interline="18" left="587" top="838" id="1378">
        <run-table orientation="VERTICAL" width="50" height="30">
            <runs>0 22 6</runs>
            <runs>0 19 9</runs>
            <runs>0 16 9</runs>
            <runs>0 14 9</runs>
            <runs>0 13 8</runs>
            <runs>0 11 8</runs>
            <runs>0 10 8</runs>
            <runs>0 9 8</runs>
            <runs>0 8 8</runs>
            <runs>0 7 8</runs>
            <runs>0 6 8</runs>
            <runs>0 5 8</runs>
            <runs>0 4 9</runs>
            <runs>0 3 9</runs>
            <runs>0 3 9</runs>
            <runs>0 2 9</runs>
            <runs>0 2 9</runs>
            <runs>0 1 10</runs>
            <runs>0 1 9</runs>
            <runs>10 13 3</runs>
            <runs>10 11 7</runs>
            <runs>10 10 9</runs>
            <runs>10 9 11</runs>
            <runs>10 9 11</runs>
            <runs>10 9 11</runs>
            <runs>10 9 11</runs>
            <runs>10 9 11</runs>
            <runs>10 9 11</runs>
            <runs>10 10 9</runs>
            <runs>10 11 7</runs>
            <runs>10 13 3</runs>
            <runs>0 1 9</runs>
            <runs>0 1 10</runs>
            <runs>0 2 9</runs>
            <runs>0 2 9</runs>
            <runs>0 3 9</runs>
            <runs>0 3 9</runs>
            <runs>0 4 9</runs>
            <runs>0 5 8</runs>
            <runs>0 6 8</runs>
            <runs>0 7 8</runs>
            <runs>0 8 8</runs>
            <runs>0 9 8</runs>
            <runs>0 10 8</runs>
            <runs>0 11 8</runs>
            <runs>0 13 8</runs>
            <runs>0 15 8</runs>
            <runs>0 17 9</runs>
            <runs>0 19 9</runs>
            <runs>0 22 6</runs>
        </run-table>
    </sample>
    <sample shape="G_CLEF" interline="18" left="398" top="618" id="377">
        <run-table orientation="VERTICAL" width="52" height="140">
            <runs>0 71 17</runs>
            <runs>0 68 21</runs>
            <runs>0 65 27</runs>
            <runs>0 63 31</runs>
            <runs>0 61 25 1 8</runs>
            <runs>0 60 22 5 9</runs>
            <runs>0 58 20 12 8</runs>
            <runs>0 57 18 18 6</runs>
            <runs>0 56 17 21 6</runs>
            <runs>0 54 18 24 4 25 6</runs>
            <runs>0 53 16 28 4 22 11</runs>
            <runs>0 52 16 30 4 19 14</runs>
            <runs>0 50 17 32 4 17 16</runs>
            <runs>0 50 16 34 3 16 18</runs>
            <runs>0 50 15 35 4 15 19</runs>
            <runs>0 49 15 16 9 12 4 14 19</runs>
            <runs>0 48 15 15 12 12 4 12 21</runs>
            <runs>0 47 15 14 16 10 4 12 21</runs>
            <runs>0 46 15 13 19 10 4 11 17 1 3</runs>
            <runs>0 45 15 13 21 9 4 12 15 2 4</runs>
            <runs>0 44 15 13 14 3 6 9 3 12 15 3 3</runs>
            <runs>0 44 14 13 12 9 4 8 3 12 14 4 3</runs>
            <runs>0 43 14 13 11 13 3 7 3 13 13 4 3</runs>
            <runs>0 17 22 3 15 12 11 15 2 7 1 1 1 14 11 5 3</runs>
            <runs>0 13 43 12 12 16 2 8 1 15 9 7 2</runs>
            <runs>0 11 44 13 11 18 1 26 5 9 2</runs>
            <runs>0 9 20 1 1 9 17 11 11 58 3</runs>
            <runs>0 7 17 15 24 5 10 59 3</runs>
            <runs>0 6 15 17 29 1 10 59 3</runs>
            <runs>0 4 14 19 15 7 19 59 3</runs>
            <runs>0 3 13 20 15 14 17 54 3</runs>
            <runs>0 2 13 20 15 18 18 50 3</runs>
            <runs>0 1 13 20 15 19 26 41 3</runs>
            <runs>13 20 15 20 10 6 16 4 3 27 4</runs>
            <runs>13 19 15 21 10 9 2 1 17 26 4</runs>
            <runs>12 18 16 22 10 18 17 19 4</runs>
            <runs>12 17 16 23 10 24 17 10 6</runs>
            <runs>0 1 11 16 15 25 10 25 4 2 24</runs>
            <runs>0 2 11 13 16 26 11 24 4 9 16</runs>
            <runs>0 4 10 10 16 28 11 23 5 16 5</runs>
            <runs>0 6 11 4 17 30 12 21 6</runs>
            <runs>0 8 28 32 13 19 4</runs>
            <runs>0 11 23 34 14 17 5</runs>
            <runs>0 14 18 36 16 14 5</runs>
            <runs>0 30 1 38 17 8 8</runs>
            <runs>0 71 30</runs>
            <runs>0 72 28</runs>
            <runs>0 74 25</runs>
            <runs>0 75 22</runs>
            <runs>0 77 18</runs>
            <runs>0 80 13</runs>
            <runs>0 87 2</runs>
        </run-table>
    </sample>
    <sample shape="G_CLEF" interline="18" left="398" top="861" id="410">
        <run-table orientation="VERTICAL" width="52" height="140">
            <runs>0 69 17 1 1</runs>
            <runs>0 68 21</runs>
            <runs>0 65 27</runs>
            <runs>0 63 31</runs>
            <runs>0 61 34</runs>
            <runs>0 60 22 4 10</runs>
            <runs>0 58 20 12 8</runs>
            <runs>0 57 18 18 6</runs>
            <runs>0 56 17 21 6</runs>
            <runs>0 54 18 24 4 25 6</runs>
            <runs>0 53 16 28 4 22 11</runs>
            <runs>0 51 17 30 4 19 14</runs>
            <runs>0 51 16 32 4 17 16</runs>
            <runs>0 51 15 34 3 16 18</runs>
            <runs>0 50 15 35 4 15 19</runs>
            <runs>0 49 15 16 9 12 4 14 19</runs>
            <runs>0 48 15 15 12 12 4 12 21</runs>
            <runs>0 47 15 14 16 10 4 12 21</runs>
            <runs>0 46 15 13 19 10 4 11 17 1 3</runs>
            <runs>0 45 15 13 21 9 4 12 15 2 4</runs>
            <runs>0 44 15 13 14 3 6 9 3 12 15 3 3</runs>
            <runs>0 44 14 12 13 9 4 8 3 12 14 4 3</runs>
            <runs>0 43 14 12 12 13 3 7 3 13 13 4 3</runs>
            <runs>0 17 22 3 15 12 11 15 2 7 1 1 1 14 11 5 3</runs>
            <runs>0 13 43 13 11 16 2 8 1 15 9 7 2</runs>
            <runs>0 11 44 14 10 18 1 26 5 9 2</runs>
            <runs>0 9 20 11 17 12 10 58 3</runs>
            <runs>0 7 17 15 24 6 9 59 3</runs>
            <runs>0 6 15 17 29 2 9 59 3</runs>
            <runs>0 4 14 19 15 7 19 59 3</runs>
            <runs>0 3 13 20 15 14 17 54 3</runs>
            <runs>0 2 13 20 15 18 20 48 3</runs>
            <runs>0 1 13 20 15 20 25 41 3</runs>
            <runs>13 20 15 21 9 6 16 4 3 27 4</runs>
            <runs>13 19 15 22 9 9 2 1 17 26 4</runs>
            <runs>12 19 15 23 9 18 17 19 4</runs>
            <runs>12 17 16 24 9 24 17 10 6</runs>
            <runs>0 1 11 16 15 26 9 25 5 1 24</runs>
            <runs>0 2 11 13 16 27 10 24 4 9 16</runs>
            <runs>0 4 10 10 16 29 10 23 5 16 5</runs>
            <runs>0 6 11 4 17 31 11 21 6</runs>
            <runs>0 8 28 33 12 19 4</runs>
            <runs>0 11 23 35 13 17 5</runs>
            <runs>0 14 17 38 15 14 5</runs>
            <runs>0 69 18 7 8</runs>
            <runs>0 71 30</runs>
            <runs>0 72 28</runs>
            <runs>0 74 25</runs>
            <runs>0 75 22</runs>
            <runs>0 77 18</runs>
            <runs>0 80 13</runs>
            <runs>0 87 2</runs>
        </run-table>
    </sample>
    <sample shape="G_CLEF" interline="18" left="173" top="1537" id="469">
        <run-table orientation="VERTICAL" width="52" height="140">
            <runs>0 71 15 1 1</runs>
            <runs>0 68 21</runs>
            <runs>0 65 27</runs>
            <runs>0 63 31</runs>
            <runs>0 61 34</runs>
            <runs>0 60 22 4 10</runs>
            <runs>0 58 20 12 8</runs>
            <runs>0 57 18 18 6</runs>
            <runs>0 56 17 21 6</runs>
            <runs>0 54 18 24 4 25 6</runs>
            <runs>0 53 16 28 4 22 11</runs>
            <runs>0 50 18 30 4 19 14</runs>
            <runs>0 50 17 32 4 17 16</runs>
            <runs>0 50 16 34 3 16 18</runs>
            <runs>0 50 15 35 4 15 19</runs>
            <runs>0 49 15 16 9 12 4 14 19</runs>
            <runs>0 48 15 15 12 12 4 12 21</runs>
            <runs>0 47 15 14 16 10 4 12 21</runs>
            <runs>0 46 15 13 19 10 4 11 17 1 3</runs>
            <runs>0 45 15 13 21 9 4 12 15 2 4</runs>
            <runs>0 44 15 13 14 3 6 9 3 12 15 3 3</runs>
            <runs>0 44 14 13 12 9 4 8 3 12 14 4 3</runs>
            <runs>0 43 14 13 11 13 3 7 3 13 13 4 3</runs>
            <runs>0 17 22 3 15 12 11 15 2 7 1 1 1 14 11 5 3</runs>
            <runs>0 13 43 12 12 16 2 8 1 15 9 7 2</runs>
            <runs>0 11 44 13 11 18 1 26 5 9 2</runs>
            <runs>0 9 20 11 17 11 11 58 3</runs>
            <runs>0 7 17 15 24 5 10 59 3</runs>
            <runs>0 6 15 17 29 1 10 59 3</runs>
            <runs>0 4 14 19 14 8 19 59 3</runs>
            <runs>0 3 13 20 15 14 17 54 3</runs>
            <runs>0 2 13 20 15 18 20 48 3</runs>
            <runs>0 1 13 20 15 19 26 41 3</runs>
            <runs>13 20 15 20 10 6 16 4 3 27 4</runs>
            <runs>13 19 15 21 10 9 2 1 17 26 4</runs>
            <runs>12 19 15 22 10 18 17 19 4</runs>
            <runs>12 17 16 23 10 24 17 10 6</runs>
            <runs>0 1 11 16 15 25 10 25 5 1 24</runs>
            <runs>0 2 11 13 16 26 11 24 4 9 16</runs>
            <runs>0 4 10 10 16 28 11 23 5 16 5</runs>
            <runs>0 6 11 4 17 30 12 21 6</runs>
            <runs>0 8 28 32 13 19 4</runs>
            <runs>0 11 23 34 14 17 5</runs>
            <runs>0 14 17 37 16 14 5</runs>
            <runs>0 69 18 7 8</runs>
            <runs>0 71 30</runs>
            <runs>0 72 28</runs>
            <runs>0 74 25</runs>
            <runs>0 75 22</runs>
            <runs>0 77 18</runs>
            <runs>0 80 13</runs>
            <runs>0 87 2</runs>
        </run-table>
    </sample>
    <sample shape="G_CLEF" interline="18" left="173" top="1781" id="545">
        <run-table orientation="VERTICAL" width="52" height="140">
            <runs>0 71 15 1 1</runs>
            <runs>0 68 21</runs>
            <runs>0 65 27</runs>
            <runs>0 63 31</runs>
            <runs>0 61 34</runs>
            <runs>0 60 22 4 10</runs>
            <runs>0 58 20 12 8</runs>
            <runs>0 57 18 18 6</runs>
            <runs>0 56 17 21 6</runs>
            <runs>0 54 18 24 4 25 6</runs>
            <runs>0 53 16 28 4 22 11</runs>
            <runs>0 52 16 30 4 19 14</runs>
            <runs>0 49 18 32 4 17 16</runs>
            <runs>0 49 17 34 3 16 18</runs>
            <runs>0 49 16 35 4 15 19</runs>
            <runs>0 49 15 16 9 12 4 14 19</runs>
            <runs>0 48 15 15 12 12 4 12 21</runs>
            <runs>0 47 15 14 16 10 4 12 21</runs>
            <runs>0 46 15 13 19 10 4 11 17 1 3</runs>
            <runs>0 45 15 13 21 9 4 12 15 2 4</runs>
            <runs>0 44 15 13 14 3 6 9 3 12 15 3 3</runs>
            <runs>0 44 14 13 12 9 4 8 3 12 14 4 3</runs>
            <runs>0 43 14 13 11 13 3 7 3 13 13 4 3</runs>
            <runs>0 17 22 3 15 12 11 15 2 7 1 1 1 14 11 5 3</runs>
            <runs>0 13 43 12 12 16 2 8 1 15 9 7 2</runs>
            <runs>0 11 44 13 11 18 1 26 5 9 2</runs>
            <runs>0 9 20 1 2 8 17 11 11 58 3</runs>
            <runs>0 7 17 15 24 5 10 59 3</runs>
            <runs>0 6 15 17 29 1 10 59 3</runs>
            <runs>0 4 14 19 15 7 19 59 3</runs>
            <runs>0 3 13 20 14 15 17 54 3</runs>
            <runs>0 2 13 20 15 18 20 48 3</runs>
            <runs>0 1 13 20 15 19 26 41 3</runs>
            <runs>13 20 15 20 10 6 16 4 3 27 4</runs>
            <runs>13 19 15 21 10 9 2 1 17 26 4</runs>
            <runs>12 18 16 22 10 18 17 19 4</runs>
            <runs>12 17 16 23 10 24 17 10 6</runs>
            <runs>0 1 11 16 15 25 10 25 5 1 24</runs>
            <runs>0 2 11 13 16 26 11 24 4 9 16</runs>
            <runs>0 4 10 10 16 28 11 23 5 16 5</runs>
            <runs>0 6 11 4 17 30 12 21 6</runs>
            <runs>0 8 28 32 13 19 4</runs>
            <runs>0 11 23 34 14 17 5</runs>
            <runs>0 14 16 38 16 14 5</runs>
            <runs>0 69 18 7 8</runs>
            <runs>0 71 30</runs>
            <runs>0 72 28</runs>
            <runs>0 74 25</runs>
            <runs>0 75 22</runs>
            <runs>0 77 18</runs>
            <runs>0 80 13</runs>
            <runs>0 87 2</runs>
        </run-table>
    </sample>
    <sample shape="G_CLEF" interline="18" left="173" top="2020" id="584">
        <run-table orientation="VERTICAL" width="52" height="140">
            <runs>0 71 15 1 2</runs>
            <runs>0 68 21</runs>
            <runs>0 65 27</runs>
            <runs>0 63 31</runs>
            <runs>0 61 34</runs>
            <runs>0 60 22 4 1 1 8</runs>
            <runs>0 58 20 12 8</runs>
            <runs>0 57 18 18 6</runs>
            <runs>0 56 17 21 6</runs>
            <runs>0 54 18 24 4 25 6</runs>
            <runs>0 53 16 28 4 22 11</runs>
            <runs>0 50 18 30 4 19 14</runs>
            <runs>0 50 17 32 4 17 16</runs>
            <runs>0 50 16 34 3 16 18</runs>
            <runs>0 50 15 35 4 15 19</runs>
            <runs>0 49 15 16 9 12 4 14 19</runs>
            <runs>0 48 15 15 12 12 4 12 21</runs>
            <runs>0 47 15 14 16 10 4 12 21</runs>
            <runs>0 46 15 13 19 10 4 11 17 1 3</runs>
            <runs>0 45 15 13 21 9 4 12 15 2 4</runs>
            <runs>0 44 15 13 14 3 6 9 3 12 15 3 3</runs>
            <runs>0 44 14 13 12 9 4 8 3 12 14 4 3</runs>
            <runs>0 43 14 13 11 13 3 7 3 13 13 4 3</runs>
            <runs>0 17 22 3 15 12 11 15 2 7 1 1 1 14 11 5 3</runs>
            <runs>0 13 43 12 12 16 2 8 1 15 9 7 2</runs>
            <runs>0 11 44 13 11 18 1 26 5 9 2</runs>
            <runs>0 9 20 11 17 11 11 58 3</runs>
            <runs>0 7 17 15 24 5 10 59 3</runs>
            <runs>0 6 15 17 29 1 10 59 3</runs>
            <runs>0 4 14 19 14 8 19 59 3</runs>
            <runs>0 3 13 20 15 14 17 54 3</runs>
            <runs>0 2 13 20 15 18 21 47 3</runs>
            <runs>0 1 13 20 15 19 26 41 3</runs>
            <runs>13 20 15 20 10 6 16 4 3 27 4</runs>
            <runs>13 19 15 21 10 9 2 1 17 26 4</runs>
            <runs>12 19 15 22 10 18 17 19 4</runs>
            <runs>12 17 16 23 10 24 17 10 6</runs>
            <runs>0 1 11 16 15 25 10 25 5 1 24</runs>
            <runs>0 2 11 13 16 26 11 24 4 9 16</runs>
            <runs>0 4 10 10 16 28 11 23 5 16 5</runs>
            <runs>0 6 11 4 17 30 12 21 6</runs>
            <runs>0 8 28 32 13 19 4</runs>
            <runs>0 11 23 34 14 17 5</runs>
            <runs>0 14 17 37 16 14 5</runs>
            <runs>0 69 18 7 8</runs>
            <runs>0 71 30</runs>
            <runs>0 72 28</runs>
            <runs>0 74 25</runs>
            <runs>0 75 22</runs>
            <runs>0 77 18</runs>
            <runs>0 80 13</runs>
            <runs>0 88 1</runs>
        </run-table>
    </sample>
    <sample shape="G_CLEF" interline="18" left="173" top="2922" id="809">
        <run-table orientation="VERTICAL" width="52" height="140">
            <runs>0 69 17 1 2</runs>
            <runs>0 68 21</runs>
            <runs>0 65 27</runs>
            <runs>0 63 31</runs>
            <runs>0 61 34</runs>
            <runs>0 60 22 4 1 1 8</runs>
            <runs>0 58 20 12 8</runs>
            <runs>0 57 18 18 6</runs>
            <runs>0 56 17 21 6</runs>
            <runs>0 54 18 24 4 25 6</runs>
            <runs>0 53 16 28 4 22 11</runs>
            <runs>0 50 18 30 4 19 14</runs>
            <runs>0 50 17 32 4 17 16</runs>
            <runs>0 50 16 34 3 16 18</runs>
            <runs>0 50 15 35 4 15 19</runs>
            <runs>0 49 15 16 9 12 4 14 19</runs>
            <runs>0 48 15 15 12 12 4 12 21</runs>
            <runs>0 47 15 14 16 10 4 12 21</runs>
            <runs>0 46 15 13 19 10 4 11 17 1 3</runs>
            <runs>0 45 15 13 21 9 4 12 15 2 4</runs>
            <runs>0 44 15 13 14 3 6 9 3 12 15 3 3</runs>
            <runs>0 44 14 12 13 9 4 8 3 12 14 4 3</runs>
            <runs>0 43 14 12 12 13 3 7 3 13 13 4 3</runs>
            <runs>0 17 22 3 15 11 12 15 2 7 1 1 1 14 11 5 3</runs>
            <runs>0 13 43 12 12 16 2 8 1 15 9 7 2</runs>
            <runs>0 11 44 13 11 18 1 26 5 9 2</runs>
            <runs>0 9 20 11 17 11 11 58 3</runs>
            <runs>0 7 17 15 24 5 10 59 3</runs>
            <runs>0 6 15 17 29 1 10 59 3</runs>
            <runs>0 4 14 19 14 8 19 59 3</runs>
            <runs>0 3 13 20 15 14 17 54 3</runs>
            <runs>0 2 13 20 15 18 21 47 3</runs>
            <runs>0 1 13 20 15 19 26 41 3</runs>
            <runs>13 20 15 20 10 6 16 4 3 27 4</runs>
            <runs>13 19 15 21 10 9 2 1 17 26 4</runs>
            <runs>12 19 15 22 10 18 17 19 4</runs>
            <runs>12 17 16 23 10 24 17 10 6</runs>
            <runs>0 1 11 16 15 25 10 25 5 1 24</runs>
            <runs>0 2 11 13 16 26 11 24 4 9 16</runs>
            <runs>0 4 10 10 16 28 11 23 5 16 5</runs>
            <runs>0 6 11 4 17 30 12 21 6</runs>
            <runs>0 8 28 32 13 19 4</runs>
            <runs>0 11 23 34 14 17 5</runs>
            <runs>0 14 17 37 16 14 5</runs>
            <runs>0 69 18 7 8</runs>
            <runs>0 71 30</runs>
            <runs>0 72 28</runs>
            <runs>0 74 25</runs>
            <runs>0 75 22</runs>
            <runs>0 77 18</runs>
            <runs>0 80 13</runs>
            <runs>0 88 1</runs>
        </run-table>
    </sample>
    <sample shape="G_CLEF_SMALL" interline="18" left="718" top="1123" id="446">
        <run-table orientation="VERTICAL" width="40" height="105">
            <runs>0 52 14</runs>
            <runs>0 50 18</runs>
            <runs>0 47 23</runs>
            <runs>0 46 18 2 6</runs>
            <runs>0 44 16 7 6</runs>
            <runs>0 43 14 12 5</runs>
            <runs>0 41 14 16 4</runs>
            <runs>0 40 13 19 4 17 7</runs>
            <runs>0 39 13 21 3 15 10</runs>
            <runs>0 38 12 24 3 13 12</runs>
            <runs>0 37 12 15 2 9 3 11 14</runs>
            <runs>0 36 11 13 6 10 2 11 15</runs>
            <runs>0 36 10 12 10 8 3 10 15</runs>
            <runs>0 35 11 10 13 8 2 10 15</runs>
            <runs>0 34 11 10 9 2 5 6 3 9 12 1 3</runs>
            <runs>0 33 11 10 10 3 5 6 2 9 12 2 2</runs>
            <runs>0 32 11 10 9 7 3 6 2 10 10 3 2</runs>
            <runs>0 13 15 4 11 9 9 10 2 5 3 9 9 4 2</runs>
            <runs>0 10 18 1 13 10 8 12 2 4 3 11 6 5 2</runs>
            <runs>0 7 21 1 12 10 8 19 3 22 2</runs>
            <runs>0 6 13 10 19 3 8 20 2 22 2</runs>
            <runs>0 4 11 13 31 20 2 22 2</runs>
            <runs>0 3 10 14 12 8 13 19 2 21 3</runs>
            <runs>0 1 10 15 12 12 14 14 3 21 2</runs>
            <runs>0 1 9 15 12 13 22 6 3 20 3</runs>
            <runs>10 14 12 14 8 9 14 19 3</runs>
            <runs>10 13 12 15 9 12 13 15 3</runs>
            <runs>10 12 11 17 9 18 14 5 5</runs>
            <runs>0 1 9 10 12 18 9 18 3 3 17</runs>
            <runs>0 2 8 8 12 21 9 16 3 11 7</runs>
            <runs>0 4 25 22 9 16 3</runs>
            <runs>0 7 20 24 10 14 3</runs>
            <runs>0 9 15 28 11 10 4</runs>
            <runs>0 53 11 5 7</runs>
            <runs>0 54 10 2 9</runs>
            <runs>0 55 19</runs>
            <runs>0 56 17</runs>
            <runs>0 58 13</runs>
            <runs>0 62 5</runs>
            <runs>0 65 1</runs>
        </run-table>
    </sample>
    <sample shape="G_CLEF_SMALL" interline="18" left="1917" top="2042" id="587">
        <run-table orientation="VERTICAL" width="40" height="105">
            <runs>0 52 15</runs>
            <runs>0 50 18</runs>
            <runs>0 48 22</runs>
            <runs>0 46 26</runs>
            <runs>0 44 16 7 6</runs>
            <runs>0 43 14 12 5</runs>
            <runs>0 41 14 16 4</runs>
            <runs>0 40 13 19 4 17 7</runs>
            <runs>0 39 13 21 3 15 10</runs>
            <runs>0 38 12 24 3 13 12</runs>
            <runs>0 37 12 26 3 11 14</runs>
            <runs>0 36 11 13 7 9 2 11 15</runs>
            <runs>0 36 10 12 10 8 3 10 15</runs>
            <runs>0 35 11 10 13 8 2 10 15</runs>
            <runs>0 34 11 10 10 1 5 6 3 9 12 1 3</runs>
            <runs>0 33 11 10 10 3 5 6 2 9 12 2 2</runs>
            <runs>0 32 11 10 9 7 3 6 2 10 10 3 2</runs>
            <runs>0 13 16 3 11 9 9 10 2 5 3 9 9 4 2</runs>
            <runs>0 10 19 1 12 10 8 12 2 4 3 11 6 5 2</runs>
            <runs>0 7 22 1 11 10 8 19 3 22 2</runs>
            <runs>0 6 13 10 18 4 8 20 2 22 2</runs>
            <runs>0 4 11 13 31 20 2 22 2</runs>
            <runs>0 3 10 14 12 7 14 19 2 21 3</runs>
            <runs>0 1 10 15 12 12 17 11 3 21 2</runs>
            <runs>0 1 10 14 12 13 22 6 3 20 3</runs>
            <runs>11 13 12 14 8 9 14 19 3</runs>
            <runs>11 12 12 15 9 12 14 14 3</runs>
            <runs>11 11 11 17 9 18 14 5 5</runs>
            <runs>0 1 10 9 12 18 9 18 3 6 14</runs>
            <runs>0 2 9 7 12 21 9 16 3 11 7</runs>
            <runs>0 4 25 22 9 16 3</runs>
            <runs>0 7 20 24 10 14 3</runs>
            <runs>0 10 14 28 11 10 4</runs>
            <runs>0 53 12 4 7</runs>
            <runs>0 54 21</runs>
            <runs>0 55 19</runs>
            <runs>0 56 17</runs>
            <runs>0 58 13</runs>
            <runs>0 62 5</runs>
            <runs>0 65 2</runs>
        </run-table>
    </sample>
    <sample shape="G_CLEF_SMALL" interline="18" left="1763" top="2944" id="814">
        <run-table orientation="VERTICAL" width="40" height="105">
            <runs>0 52 15</runs>
            <runs>0 50 18</runs>
            <runs>0 47 23</runs>
            <runs>0 46 26</runs>
            <runs>0 44 16 7 6</runs>
            <runs>0 43 14 12 5</runs>
            <runs>0 41 14 16 4</runs>
            <runs>0 40 13 19 4 17 7</runs>
            <runs>0 39 13 21 3 15 10</runs>
            <runs>0 38 12 24 3 13 12</runs>
            <runs>0 37 12 26 3 11 14</runs>
            <runs>0 36 11 13 7 9 2 11 15</runs>
            <runs>0 36 10 12 10 8 3 10 15</runs>
            <runs>0 35 11 10 13 8 2 10 15</runs>
            <runs>0 34 11 10 10 1 5 6 3 9 12 1 3</runs>
            <runs>0 33 11 10 10 3 5 6 2 9 12 2 2</runs>
            <runs>0 32 11 10 9 7 3 6 2 10 10 3 2</runs>
            <runs>0 13 16 3 11 9 9 10 2 5 3 9 9 4 2</runs>
            <runs>0 10 19 1 12 10 8 12 2 4 3 11 6 5 2</runs>
            <runs>0 7 22 1 11 10 8 19 3 22 2</runs>
            <runs>0 6 13 10 20 2 8 20 2 22 2</runs>
            <runs>0 4 11 14 30 20 2 22 2</runs>
            <runs>0 3 10 14 12 9 12 19 2 21 3</runs>
            <runs>0 1 10 15 12 12 17 11 3 21 2</runs>
            <runs>0 1 10 14 12 13 22 6 3 20 3</runs>
            <runs>11 13 12 14 8 9 14 19 3</runs>
            <runs>11 12 12 15 9 12 14 14 3</runs>
            <runs>11 11 11 17 9 18 14 5 5</runs>
            <runs>0 1 10 9 12 18 9 18 3 6 14</runs>
            <runs>0 2 9 7 12 21 9 16 3 11 7</runs>
            <runs>0 4 25 22 9 16 3</runs>
            <runs>0 7 20 24 10 14 3</runs>
            <runs>0 10 14 28 11 10 4</runs>
            <runs>0 53 12 4 7</runs>
            <runs>0 54 21</runs>
            <runs>0 55 19</runs>
            <runs>0 56 17</runs>
            <runs>0 58 13</runs>
            <runs>0 62 5</runs>
            <runs>0 65 2</runs>
        </run-table>
    </sample>
    <sample shape="F_CLEF" interline="18" left="398" top="1132" id="870">
        <run-table orientation="VERTICAL" width="54" height="63">
            <runs>0 62 1</runs>
            <runs>0 61 2</runs>
            <runs>0 61 2</runs>
            <runs>0 14 6 40 3</runs>
            <runs>0 10 13 37 3</runs>
            <runs>0 8 16 36 2</runs>
            <runs>0 7 18 34 3</runs>
            <runs>0 6 20 33 3</runs>
            <runs>0 5 4 4 14 31 4</runs>
            <runs>0 4 4 4 15 31 3</runs>
            <runs>0 3 4 5 15 31 3</runs>
            <runs>0 2 4 6 15 30 4</runs>
            <runs>0 1 4 7 15 30 3</runs>
            <runs>5 7 15 30 3</runs>
            <runs>4 8 15 29 4</runs>
            <runs>4 8 15 27 5</runs>
            <runs>2 10 15 27 5</runs>
            <runs>2 11 13 27 5</runs>
            <runs>1 13 11 27 6</runs>
            <runs>0 16 3 1 3 28 7</runs>
            <runs>0 50 7</runs>
            <runs>0 48 9</runs>
            <runs>0 47 10</runs>
            <runs>1 45 10</runs>
            <runs>2 1 1 40 10</runs>
            <runs>4 39 11</runs>
            <runs>5 36 12</runs>
            <runs>6 33 13</runs>
            <runs>8 28 15</runs>
            <runs>10 23 17</runs>
            <runs>13 16 20</runs>
            <runs>0 1 47</runs>
            <runs>0 2 45</runs>
            <runs>0 3 42</runs>
            <runs>0 4 40</runs>
            <runs>0 5 38</runs>
            <runs>0 6 35</runs>
            <runs>0 7 32</runs>
            <runs>0 8 29</runs>
            <runs>0 10 25</runs>
            <runs>0 11 22</runs>
            <runs>0 14 16</runs>
            <runs>0 18 6</runs>
            <runs>0 18 2</runs>
            <runs></runs>
            <runs>0 7 5 15 4</runs>
            <runs>0 6 7 12 7</runs>
            <runs>0 6 8 11 8</runs>
            <runs>0 6 8 10 9</runs>
            <runs>0 5 9 10 9</runs>
            <runs>0 6 8 10 9</runs>
            <runs>0 6 8 11 8</runs>
            <runs>0 7 6 13 6</runs>
            <runs>0 8 3 16 3</runs>
        </run-table>
    </sample>
    <sample shape="F_CLEF_SMALL" interline="18" left="830" top="2057" id="1409">
        <run-table orientation="VERTICAL" width="40" height="47">
            <runs>0 46 1</runs>
            <runs>0 45 2</runs>
            <runs>0 11 4 30 2</runs>
            <runs>0 7 10 28 2</runs>
            <runs>0 5 13 26 3</runs>
            <runs>0 4 15 25 2</runs>
            <runs>0 3 4 2 11 23 3</runs>
            <runs>0 2 3 4 11 23 3</runs>
            <runs>0 2 2 5 11 22 3</runs>
            <runs>0 1 3 5 11 22 3</runs>
            <runs>0 1 2 6 11 21 4</runs>
            <runs>0 1 2 6 11 20 4</runs>
            <runs>2 7 11 20 4</runs>
            <runs>2 8 9 20 4</runs>
            <runs>2 13 3 20 5</runs>
            <runs>2 35 5</runs>
            <runs>2 34 6</runs>
            <runs>2 32 7</runs>
            <runs>3 30 7</runs>
            <runs>3 28 9</runs>
            <runs>4 25 10</runs>
            <runs>0 1 5 20 12</runs>
            <runs>0 1 8 14 14</runs>
            <runs>0 1 11 1 23</runs>
            <runs>0 2 33</runs>
            <runs>0 3 30</runs>
            <runs>0 3 30</runs>
            <runs>0 4 28</runs>
            <runs>0 5 24</runs>
            <runs>0 7 20</runs>
            <runs>0 9 15</runs>
            <runs>0 11 10</runs>
            <runs></runs>
            <runs></runs>
            <runs>0 5 4 10 4</runs>
            <runs>0 4 6 8 6</runs>
            <runs>0 4 6 8 7</runs>
            <runs>0 4 6 8 7</runs>
            <runs>0 4 6 8 6</runs>
            <runs>0 5 4 10 5</runs>
        </run-table>
    </sample>
    <sample shape="F_CLEF_SMALL" interline="18" left="983" top="2959" id="1459">
        <run-table orientation="VERTICAL" width="40" height="47">
            <runs>0 46 1</runs>
            <runs>0 45 2</runs>
            <runs>0 11 4 30 2</runs>
            <runs>0 7 10 28 2</runs>
            <runs>0 5 13 26 3</runs>
            <runs>0 4 15 25 2</runs>
            <runs>0 3 4 2 11 23 3</runs>
            <runs>0 2 3 4 11 23 3</runs>
            <runs>0 2 2 5 11 22 3</runs>
            <runs>0 1 3 5 11 22 3</runs>
            <runs>0 1 2 6 11 21 4</runs>
            <runs>0 1 2 6 11 20 4</runs>
            <runs>2 7 11 20 4</runs>
            <runs>2 8 9 20 4</runs>
            <runs>2 10 2 1 3 20 5</runs>
            <runs>2 35 5</runs>
            <runs>2 34 6</runs>
            <runs>2 32 7</runs>
            <runs>3 31 6</runs>
            <runs>3 29 8</runs>
            <runs>4 25 10</runs>
            <runs>0 1 5 20 12</runs>
            <runs>0 1 8 14 14</runs>
            <runs>0 1 35</runs>
            <runs>0 2 33</runs>
            <runs>0 3 31</runs>
            <runs>0 3 30</runs>
            <runs>0 4 27</runs>
            <runs>0 5 24</runs>
            <runs>0 7 20</runs>
            <runs>0 9 15</runs>
            <runs>0 11 10</runs>
            <runs>0 13 1</runs>
            <runs></runs>
            <runs>0 5 4 10 4</runs>
            <runs>0 4 6 8 6</runs>
            <runs>0 4 6 8 7</runs>
            <runs>0 4 6 8 7</runs>
            <runs>0 4 6 8 6</runs>
            <runs>0 5 4 10 5</runs>
        </run-table>
    </sample>
    <sample shape="FLAT" interline="18" left="1554" top="2482" id="630">
        <run-table orientation="VERTICAL" width="16" height="44">
            <runs>44</runs>
            <runs>43</runs>
            <runs>0 22 7 10 4</runs>
            <runs>0 22 4 12 4</runs>
            <runs>0 21 4 13 3</runs>
            <runs>0 21 3 13 3</runs>
            <runs>0 20 5 11 4</runs>
            <runs>0 20 5 9 5</runs>
            <runs>0 20 6 7 5</runs>
            <runs>0 20 10 2 5</runs>
            <runs>0 20 17</runs>
            <runs>0 20 16</runs>
            <runs>0 21 14</runs>
            <runs>0 22 12</runs>
            <runs>0 23 10</runs>
            <runs>0 24 8</runs>
        </run-table>
    </sample>
    <sample shape="FLAT" interline="18" left="2114" top="2491" id="631">
        <run-table orientation="VERTICAL" width="16" height="44">
            <runs>44</runs>
            <runs>43</runs>
            <runs>0 22 7 11 3</runs>
            <runs>0 22 4 12 1 1 1</runs>
            <runs>0 22 1 1 1 13 3</runs>
            <runs>0 37 3</runs>
            <runs>0 24 1 11 4</runs>
            <runs>0 21 2 1 1 9 5</runs>
            <runs>0 21 5 6 6</runs>
            <runs>0 21 16</runs>
            <runs>0 21 16</runs>
            <runs>0 21 15</runs>
            <runs>0 21 14</runs>
            <runs>0 21 13</runs>
            <runs>0 21 12</runs>
            <runs>0 21 10</runs>
        </run-table>
    </sample>
    <sample shape="FLAT" interline="18" left="759" top="2500" id="634">
        <run-table orientation="VERTICAL" width="16" height="44">
            <runs>44</runs>
            <runs>43</runs>
            <runs>0 22 7 10 4</runs>
            <runs>0 22 4 12 4</runs>
            <runs>0 21 4 13 3</runs>
            <runs>0 21 3 13 3</runs>
            <runs>0 20 5 11 4</runs>
            <runs>0 20 5 9 5</runs>
            <runs>0 20 6 7 5</runs>
            <runs>0 20 17</runs>
            <runs>0 20 17</runs>
            <runs>0 20 16</runs>
            <runs>0 21 14</runs>
            <runs>0 22 12</runs>
            <runs>0 23 10</runs>
            <runs>0 24 9</runs>
        </run-table>
    </sample>
    <sample shape="FLAT" interline="18" left="1139" top="2510" id="637">
        <run-table orientation="VERTICAL" width="16" height="44">
            <runs>44</runs>
            <runs>43</runs>
            <runs>0 22 7 11 3</runs>
            <runs>0 22 4 12 1 1 1</runs>
            <runs>0 22 1 1 1 13 3</runs>
            <runs>0 37 3</runs>
            <runs>0 24 1 11 4</runs>
            <runs>0 22 1 1 1 9 5</runs>
            <runs>0 22 4 6 6</runs>
            <runs>0 22 15</runs>
            <runs>0 22 15</runs>
            <runs>0 22 14</runs>
            <runs>0 22 13</runs>
            <runs>0 22 12</runs>
            <runs>0 22 11</runs>
            <runs>0 22 9</runs>
        </run-table>
    </sample>
    <sample shape="FLAT" interline="18" left="2217" top="2647" id="700">
        <run-table orientation="VERTICAL" width="16" height="44">
            <runs>44</runs>
            <runs>43</runs>
            <runs>0 22 7 10 4</runs>
            <runs>0 22 4 12 4</runs>
            <runs>0 21 4 13 3</runs>
            <runs>0 21 3 13 3</runs>
            <runs>0 20 5 11 4</runs>
            <runs>0 20 5 9 5</runs>
            <runs>0 20 6 8 4</runs>
            <runs>0 20 13 1 3</runs>
            <runs>0 20 17</runs>
            <runs>0 20 16</runs>
            <runs>0 21 14</runs>
            <runs>0 22 12</runs>
            <runs>0 23 11</runs>
            <runs>0 24 9</runs>
        </run-table>
    </sample>
    <sample shape="FLAT" interline="18" left="1657" top="2675" id="744">
        <run-table orientation="VERTICAL" width="16" height="42">
            <runs>42</runs>
            <runs>42</runs>
            <runs>0 22 7 12 1</runs>
            <runs>0 22 4 12 1 1 2</runs>
            <runs>0 21 4 13 3</runs>
            <runs>0 21 3 13 3</runs>
            <runs>0 20 5 11 4</runs>
            <runs>0 20 5 9 5</runs>
            <runs>0 20 6 6 6</runs>
            <runs>0 20 17</runs>
            <runs>0 20 17</runs>
            <runs>0 20 16</runs>
            <runs>0 21 14</runs>
            <runs>0 22 12</runs>
            <runs>0 23 10</runs>
            <runs>0 24 7</runs>
        </run-table>
    </sample>
    <sample shape="FLAT" interline="18" left="1625" top="2703" id="754">
        <run-table orientation="VERTICAL" width="16" height="44">
            <runs>44</runs>
            <runs>43</runs>
            <runs>0 22 7 10 4</runs>
            <runs>0 22 4 12 4</runs>
            <runs>0 21 4 13 3</runs>
            <runs>0 21 3 13 3</runs>
            <runs>0 20 5 11 4</runs>
            <runs>0 20 5 9 5</runs>
            <runs>0 20 6 7 5</runs>
            <runs>0 20 17</runs>
            <runs>0 20 17</runs>
            <runs>0 20 16</runs>
            <runs>0 21 14</runs>
            <runs>0 22 12</runs>
            <runs>0 23 10</runs>
            <runs>0 24 8</runs>
        </run-table>
    </sample>
    <sample shape="FLAT" interline="18" left="1523" top="2894" id="801">
        <run-table orientation="VERTICAL" width="16" height="44">
            <runs>44</runs>
            <runs>43</runs>
            <runs>0 22 7 10 4</runs>
            <runs>0 22 4 12 4</runs>
            <runs>0 21 4 13 3</runs>
            <runs>0 21 3 13 3</runs>
            <runs>0 20 5 11 4</runs>
            <runs>0 20 5 9 5</runs>
            <runs>0 20 6 6 6</runs>
            <runs>0 20 17</runs>
            <runs>0 20 17</runs>
            <runs>0 20 16</runs>
            <runs>0 21 14</runs>
            <runs>0 22 12</runs>
            <runs>0 23 10</runs>
            <runs>0 24 7</runs>
        </run-table>
    </sample>
    <sample shape="FLAT" interline="18" left="1545" top="2913" id="803">
        <run-table orientation="VERTICAL" width="16" height="44">
            <runs>44</runs>
            <runs>43</runs>
            <runs>0 22 7 11 3</runs>
            <runs>0 22 4 12 1 1 1</runs>
            <runs>0 21 4 13 3</runs>
            <runs>0 21 3 13 3</runs>
            <runs>0 20 5 11 4</runs>
            <runs>0 20 5 9 5</runs>
            <runs>0 20 6 6 6</runs>
            <runs>0 20 17</runs>
            <runs>0 20 17</runs>
            <runs>0 20 16</runs>
            <runs>0 21 14</runs>
            <runs>0 22 12</runs>
            <runs>0 23 10</runs>
            <runs>0 24 7</runs>
        </run-table>
    </sample>
    <sample shape="FLAT" interline="18" left="2114" top="2950" id="816">
        <run-table orientation="VERTICAL" width="16" height="42">
            <runs>42</runs>
            <runs>42</runs>
            <runs>0 22 7</runs>
            <runs>0 22 4 12 1 1 1</runs>
            <runs>0 21 2 1 1 13 3</runs>
            <runs>0 21 2 14 3</runs>
            <runs>0 20 3 1 1 11 4</runs>
            <runs>0 20 3 1 1 9 5</runs>
            <runs>0 20 6 6 6</runs>
            <runs>0 20 17</runs>
            <runs>0 20 17</runs>
            <runs>0 20 16</runs>
            <runs>0 21 14</runs>
            <runs>0 22 12</runs>
            <runs>0 22 11</runs>
            <runs>0 22 9</runs>
        </run-table>
    </sample>
    <sample shape="FLAT" interline="18" left="759" top="3025" id="839">
        <run-table orientation="VERTICAL" width="16" height="44">
            <runs>44</runs>
            <runs>43</runs>
            <runs>0 23 6 10 4</runs>
            <runs>0 23 3 12 4</runs>
            <runs>0 21 4 13 3</runs>
            <runs>0 21 3 13 3</runs>
            <runs>0 20 5 11 4</runs>
            <runs>0 20 5 9 5</runs>
            <runs>0 20 6 6 6</runs>
            <runs>0 20 17</runs>
            <runs>0 20 17</runs>
            <runs>0 20 16</runs>
            <runs>0 21 14</runs>
            <runs>0 22 12</runs>
            <runs>0 22 11</runs>
            <runs>0 22 9</runs>
        </run-table>
    </sample>
    <sample shape="NATURAL" interline="18" left="1424" top="2032" id="585">
        <run-table orientation="VERTICAL" width="14" height="57">
            <runs>44</runs>
            <runs>44</runs>
            <runs>0 17 7 14 5</runs>
            <runs>0 16 8 11 1 2 5</runs>
            <runs>0 16 8 11 8</runs>
            <runs>0 16 8 11 8</runs>
            <runs>0 16 7 12 7</runs>
            <runs>0 15 8 11 8</runs>
            <runs>0 15 8 11 8</runs>
            <runs>0 15 8 11 8</runs>
            <runs>0 14 43</runs>
            <runs>0 14 43</runs>
            <runs>0 14 43</runs>
            <runs>0 36 2</runs>
        </run-table>
    </sample>
    <sample shape="NATURAL" interline="18" left="1963" top="2631" id="696">
        <run-table orientation="VERTICAL" width="13" height="57">
            <runs>44</runs>
            <runs>44</runs>
            <runs>0 17 7 12 7</runs>
            <runs>0 16 8 11 8</runs>
            <runs>0 16 8 11 8</runs>
            <runs>0 16 8 11 8</runs>
            <runs>0 16 7 12 7</runs>
            <runs>0 15 8 11 8</runs>
            <runs>0 15 8 11 8</runs>
            <runs>0 15 8 11 8</runs>
            <runs>0 14 43</runs>
            <runs>0 14 43</runs>
            <runs>0 14 43</runs>
        </run-table>
    </sample>
    <sample shape="NATURAL" interline="18" left="1372" top="2916" id="804">
        <run-table orientation="VERTICAL" width="14" height="57">
            <runs>44</runs>
            <runs>44</runs>
            <runs>0 17 7 13 6</runs>
            <runs>0 16 8 11 1 1 6</runs>
            <runs>0 16 8 11 8</runs>
            <runs>0 16 8 11 8</runs>
            <runs>0 16 7 12 7</runs>
            <runs>0 15 8 11 8</runs>
            <runs>0 15 8 11 8</runs>
            <runs>0 15 8 11 8</runs>
            <runs>0 14 43</runs>
            <runs>0 14 43</runs>
            <runs>0 14 43</runs>
            <runs>0 36 2</runs>
        </run-table>
    </sample>
    <sample shape="NATURAL" interline="18" left="254" top="2981" id="829">
        <run-table orientation="VERTICAL" width="13" height="57">
            <runs>28 1 15</runs>
            <runs>28 1 15</runs>
            <runs>0 17 7 12 7</runs>
            <runs>0 16 8 11 8</runs>
            <runs>0 16 8 11 8</runs>
            <runs>0 16 8 11 8</runs>
            <runs>0 16 7 12 7</runs>
            <runs>0 15 8 11 8</runs>
            <runs>0 15 8 11 8</runs>
            <runs>0 15 8 11 8</runs>
            <runs>0 14 43</runs>
            <runs>0 14 43</runs>
            <runs>0 14 43</runs>
        </run-table>
    </sample>
    <sample shape="NATURAL" interline="18" left="1840" top="3000" id="835">
        <run-table orientation="VERTICAL" width="13" height="57">
            <runs>44</runs>
            <runs>44</runs>
            <runs>0 17 7 12 7</runs>
            <runs>0 16 8 11 8</runs>
            <runs>0 16 8 11 8</runs>
            <runs>0 16 8 11 8</runs>
            <runs>0 16 7 12 7</runs>
            <runs>0 15 8 11 8</runs>
            <runs>0 15 8 11 8</runs>
            <runs>0 15 8 11 8</runs>
            <runs>0 14 15 1 27</runs>
            <runs>0 14 15 1 27</runs>
            <runs>0 14 15 1 27</runs>
        </run-table>
    </sample>
    <sample shape="SHARP" interline="18" left="1132" top="2035" id="586">
        <run-table orientation="VERTICAL" width="22" height="51">
            <runs>0 17 1</runs>
            <runs>0 17 3</runs>
            <runs>0 17 3</runs>
            <runs>0 17 3</runs>
            <runs>0 15 8 11 8</runs>
            <runs>0 15 8 11 8</runs>
            <runs>0 14 9 11 8</runs>
            <runs>0 2 49</runs>
            <runs>0 2 49</runs>
            <runs>0 2 49</runs>
            <runs>0 13 5 2 1 13 6</runs>
            <runs>0 13 5 2 1 13 6</runs>
            <runs>0 12 6 2 1 10 9</runs>
            <runs>0 12 6 13 8</runs>
            <runs>0 12 6 13 8</runs>
            <runs>0 11 7 12 9</runs>
            <runs>49</runs>
            <runs>50</runs>
            <runs>50</runs>
            <runs>0 10 8 11 6</runs>
            <runs>0 10 8 11 6</runs>
            <runs>0 9 9 10 7</runs>
        </run-table>
    </sample>
    <sample shape="SHARP" interline="18" left="2173" top="2082" id="599">
        <run-table orientation="VERTICAL" width="18" height="51">
            <runs>0 15 8 11 8</runs>
            <runs>0 15 8 10 9</runs>
            <runs>0 14 9 10 9</runs>
            <runs>0 2 23 1 25</runs>
            <runs>0 2 23 1 25</runs>
            <runs>0 2 23 1 25</runs>
            <runs>0 13 8 11 8</runs>
            <runs>0 13 8 11 8</runs>
            <runs>0 12 9 10 9</runs>
            <runs>0 12 8 11 8</runs>
            <runs>0 12 8 11 8</runs>
            <runs>0 11 9 10 9</runs>
            <runs>49</runs>
            <runs>50</runs>
            <runs>50</runs>
            <runs>0 10 8 11 8</runs>
            <runs>0 10 8 11 8</runs>
            <runs>0 9 9 10 9</runs>
        </run-table>
    </sample>
    <sample shape="SHARP" interline="18" left="477" top="2984" id="831">
        <run-table orientation="VERTICAL" width="18" height="51">
            <runs>0 15 8 11 8</runs>
            <runs>0 15 8 10 9</runs>
            <runs>0 14 9 10 9</runs>
            <runs>0 2 23 1 25</runs>
            <runs>0 2 23 1 25</runs>
            <runs>0 2 23 1 25</runs>
            <runs>0 13 8 11 8</runs>
            <runs>0 13 8 11 8</runs>
            <runs>0 12 9 10 9</runs>
            <runs>0 12 8 11 8</runs>
            <runs>0 12 8 11 8</runs>
            <runs>0 11 9 10 9</runs>
            <runs>49</runs>
            <runs>50</runs>
            <runs>50</runs>
            <runs>0 10 8 11 8</runs>
            <runs>0 10 8 11 8</runs>
            <runs>0 8 10 10 9</runs>
        </run-table>
    </sample>
    <sample shape="OTTAVA_ALTA" interline="18" left="839" top="2640" id="1461">
        <run-table orientation="VERTICAL" width="55" height="34">
            <runs>0 21 7</runs>
            <runs>0 20 10</runs>
            <runs>0 18 13</runs>
            <runs>0 18 14</runs>
            <runs>0 17 9 1 5</runs>
            <runs>0 16 6 8 3</runs>
            <runs>0 5 6 5 4 11 2</runs>
            <runs>0 4 9 2 4 13 2</runs>
            <runs>0 2 17 13 2</runs>
            <runs>0 1 17 15 1</runs>
            <runs>0 1 17 15 1</runs>
            <runs>18 15 1</runs>
            <runs>19 14 1</runs>
            <runs>3 6 11 12 2</runs>
            <runs>3 7 12 10 2</runs>
            <runs>2 10 11 8 3</runs>
            <runs>2 11 12 5 4</runs>
            <runs>2 12 19</runs>
            <runs>2 12 19</runs>
            <runs>2 13 17</runs>
            <runs>3 11 18</runs>
            <runs>3 11 3 1 13</runs>
            <runs>0 1 3 9 4 2 11</runs>
            <runs>0 1 5 4 6 5 7</runs>
            <runs>0 2 13</runs>
            <runs>0 2 12</runs>
            <runs>0 4 9</runs>
            <runs>0 6 5</runs>
            <runs>0 3 2</runs>
            <runs>0 3 2 6 6</runs>
            <runs>0 2 2 4 9</runs>
            <runs>0 2 15</runs>
            <runs>0 2 10 3 2</runs>
            <runs>0 2 7 6 2</runs>
            <runs>0 14 2</runs>
            <runs>0 13 2</runs>
            <runs>0 11 3</runs>
            <runs>0 2 3 5 3</runs>
            <runs>0 2 4 1 5</runs>
            <runs>0 2 8</runs>
            <runs>0 3 5 1 6</runs>
            <runs>0 7 9</runs>
            <runs>0 6 11</runs>
            <runs>0 4 6 4 3</runs>
            <runs>0 3 4 7 3</runs>
            <runs>0 3 3 7 3</runs>
            <runs>0 2 3 7 4</runs>
            <runs>0 2 2 8 3</runs>
            <runs>0 2 2 6 6</runs>
            <runs>0 2 2 5 8</runs>
            <runs>0 2 2 2 11</runs>
            <runs>0 2 14</runs>
            <runs>0 2 8 3 2</runs>
            <runs>0 2 4 6 2</runs>
            <runs>0 13 1</runs>
        </run-table>
    </sample>
    <sample shape="EIGHTH_REST" interline="18" left="936" top="1590" id="485">
        <run-table orientation="VERTICAL" width="20" height="35">
            <runs>0 3 7</runs>
            <runs>0 2 9</runs>
            <runs>0 1 11</runs>
            <runs>13</runs>
            <runs>13</runs>
            <runs>13</runs>
            <runs>13</runs>
            <runs>13</runs>
            <runs>13 21 1</runs>
            <runs>13 18 4</runs>
            <runs>0 1 11 16 7</runs>
            <runs>0 3 9 13 10</runs>
            <runs>0 8 3 11 11 1 1</runs>
            <runs>0 7 4 8 10</runs>
            <runs>0 7 3 5 10</runs>
            <runs>0 6 4 2 9</runs>
            <runs>0 5 13</runs>
            <runs>0 4 10 1 2</runs>
            <runs>0 2 8</runs>
            <runs>0 3 3</runs>
        </run-table>
    </sample>
    <sample shape="EIGHTH_REST" interline="18" left="1235" top="2055" id="590">
        <run-table orientation="VERTICAL" width="20" height="34">
            <runs>0 3 7</runs>
            <runs>0 2 9</runs>
            <runs>0 1 11</runs>
            <runs>13</runs>
            <runs>13</runs>
            <runs>13</runs>
            <runs>13</runs>
            <runs>13</runs>
            <runs>13</runs>
            <runs>13 18 3</runs>
            <runs>0 1 11 16 6</runs>
            <runs>0 3 9 13 9</runs>
            <runs>0 8 3 11 11</runs>
            <runs>0 7 4 8 10</runs>
            <runs>0 7 3 6 9</runs>
            <runs>0 6 4 2 9</runs>
            <runs>0 5 13</runs>
            <runs>0 4 12</runs>
            <runs>0 2 8</runs>
            <runs>0 3 3</runs>
        </run-table>
    </sample>
    <sample shape="EIGHTH_REST" interline="18" left="1010" top="2073" id="594">
        <run-table orientation="VERTICAL" width="20" height="36">
            <runs>0 3 7</runs>
            <runs>0 2 9</runs>
            <runs>0 1 11</runs>
            <runs>13</runs>
            <runs>13</runs>
            <runs>13</runs>
            <runs>13</runs>
            <runs>13</runs>
            <runs>13 21 2</runs>
            <runs>13 18 5</runs>
            <runs>0 1 11 16 8</runs>
            <runs>0 3 9 13 11</runs>
            <runs>0 8 3 11 11 1 2</runs>
            <runs>0 7 4 8 10</runs>
            <runs>0 7 3 5 10</runs>
            <runs>0 6 4 2 9</runs>
            <runs>0 5 13</runs>
            <runs>0 4 10 1 1</runs>
            <runs>0 2 8</runs>
            <runs>0 3 3</runs>
        </run-table>
    </sample>
    <sample shape="EIGHTH_REST" interline="18" left="350" top="2976" id="823">
        <run-table orientation="VERTICAL" width="20" height="35">
            <runs>0 3 7</runs>
            <runs>0 2 9</runs>
            <runs>0 1 11</runs>
            <runs>13</runs>
            <runs>13</runs>
            <runs>13</runs>
            <runs>13</runs>
            <runs>13</runs>
            <runs>13 21 1</runs>
            <runs>13 18 4</runs>
            <runs>0 1 11 16 7</runs>
            <runs>0 3 9 13 10</runs>
            <runs>0 8 3 11 11</runs>
            <runs>0 7 4 8 10</runs>
            <runs>0 7 3 6 9</runs>
            <runs>0 6 4 2 9</runs>
            <runs>0 5 13</runs>
            <runs>0 4 12</runs>
            <runs>0 2 8</runs>
            <runs>0 3 3</runs>
        </run-table>
    </sample>
    <sample shape="FLAG_1" interline="18" left="2091" top="632" id="1099">
        <run-table orientation="VERTICAL" width="18" height="55">
            <runs>15</runs>
            <runs>0 2 14</runs>
            <runs>0 4 13</runs>
            <runs>0 6 11</runs>
            <runs>0 7 10</runs>
            <runs>0 8 9</runs>
            <runs>0 10 7</runs>
            <runs>0 11 8</runs>
            <runs>0 13 7</runs>
            <runs>0 14 7</runs>
            <runs>0 16 6</runs>
            <runs>0 17 7</runs>
            <runs>0 19 7</runs>
            <runs>0 21 7</runs>
            <runs>0 23 8 21 3</runs>
            <runs>0 26 9 12 7</runs>
            <runs>0 29 22</runs>
            <runs>0 36 9</runs>
        </run-table>
    </sample>
    <sample shape="FLAG_1" interline="18" left="787" top="1552" id="1177">
        <run-table orientation="VERTICAL" width="18" height="54">
            <runs>15</runs>
            <runs>0 2 14</runs>
            <runs>0 4 13</runs>
            <runs>0 6 11</runs>
            <runs>0 7 10</runs>
            <runs>0 8 9</runs>
            <runs>0 10 7</runs>
            <runs>0 11 8</runs>
            <runs>0 13 7</runs>
            <runs>0 14 7</runs>
            <runs>0 16 6</runs>
            <runs>0 17 7</runs>
            <runs>0 19 7</runs>
            <runs>0 21 7</runs>
            <runs>0 23 8 21 1</runs>
            <runs>0 26 8 13 7</runs>
            <runs>0 29 22</runs>
            <runs>0 35 10</runs>
        </run-table>
    </sample>
    <sample shape="FLAG_1" interline="18" left="1874" top="1563" id="1181">
        <run-table orientation="VERTICAL" width="17" height="52">
            <runs>14</runs>
            <runs>0 2 12</runs>
            <runs>0 4 10</runs>
            <runs>0 5 10</runs>
            <runs>0 6 9</runs>
            <runs>0 8 8</runs>
            <runs>0 9 8</runs>
            <runs>0 11 7</runs>
            <runs>0 12 7</runs>
            <runs>0 14 6</runs>
            <runs>0 15 7</runs>
            <runs>0 17 6</runs>
            <runs>0 19 7</runs>
            <runs>0 21 8 21 2</runs>
            <runs>0 23 11 9 1 1 7</runs>
            <runs>0 24 2 1 22</runs>
            <runs>0 34 10</runs>
        </run-table>
    </sample>
    <sample shape="ARPEGGIATO" interline="18" left="872" top="863" id="411">
        <run-table orientation="VERTICAL" width="12" height="103">
            <runs>0 15 3 16 3 16 3 16 3 16 3</runs>
            <runs>0 12 8 11 8 11 8 11 8 11 8</runs>
            <runs>2 9 10 8 11 9 10 8 11 7 12</runs>
            <runs>3 7 13 5 14 5 1 1 12 6 13 5 14</runs>
            <runs>0 1 5 1 18 1 18 1 18 1 2 1 15 1 17</runs>
            <runs>0 2 99</runs>
            <runs>0 3 99</runs>
            <runs>0 4 13 6 13 6 13 6 13 6 13 6 4</runs>
            <runs>0 5 11 8 11 8 11 8 11 8 11 8 3</runs>
            <runs>0 7 7 11 8 11 8 11 8 11 8 12 1</runs>
            <runs>0 8 4 15 4 15 4 15 4 15 4</runs>
            <runs>0 29 1 18 2 16 2 17 1</runs>
        </run-table>
    </sample>
    <sample shape="ARPEGGIATO" interline="18" left="1037" top="865" id="415">
        <run-table orientation="VERTICAL" width="13" height="104">
            <runs>0 15 3 16 3 15 4 15 3 16 3</runs>
            <runs>0 12 8 11 8 10 9 10 8 11 8</runs>
            <runs>2 9 10 7 1 1 10 7 12 6 12 7 1 1 10</runs>
            <runs>3 7 13 4 15 5 14 4 14 4 15</runs>
            <runs>0 1 5 1 18 1 20 1 15 1 1 1 16 1 17</runs>
            <runs>0 2 62 1 35</runs>
            <runs>0 3 98</runs>
            <runs>0 4 13 6 13 5 14 5 13 6 13 6 4</runs>
            <runs>0 5 11 8 11 7 12 7 11 8 11 8 4</runs>
            <runs>0 7 7 11 8 11 8 10 8 11 8 12 3</runs>
            <runs>0 8 4 15 4 14 5 14 4 15 4 15 2</runs>
            <runs>0 27 2 18 1 16 2 17 2</runs>
            <runs>0 27 1 37 1 17 1</runs>
        </run-table>
    </sample>
    <sample shape="ARPEGGIATO" interline="18" left="1194" top="866" id="423">
        <run-table orientation="VERTICAL" width="13" height="103">
            <runs>0 15 3 15 4 15 3 16 3 16 3</runs>
            <runs>0 12 8 10 9 10 8 11 8 11 8</runs>
            <runs>2 9 10 6 1 1 11 6 1 1 10 7 1 1 10 9 10</runs>
            <runs>3 7 13 3 16 4 14 4 15 6 13</runs>
            <runs>0 1 5 1 36 1 1 1 16 2 17 2 16</runs>
            <runs>0 2 43 1 54</runs>
            <runs>0 3 99</runs>
            <runs>0 4 13 5 14 5 13 6 13 6 13 6 5</runs>
            <runs>0 5 11 7 12 7 11 8 11 8 11 8 4</runs>
            <runs>0 7 7 11 8 10 8 11 8 11 8 12 2</runs>
            <runs>0 8 4 14 5 14 4 15 4 14 5 15 1</runs>
            <runs>0 26 2 17 2 17 2 16 2</runs>
            <runs>0 46 1 17 1</runs>
        </run-table>
    </sample>
    <sample shape="ARPEGGIATO" interline="18" left="954" top="1167" id="455">
        <run-table orientation="VERTICAL" width="11" height="102">
            <runs>0 15 3 16 3 16 3 15 4 15 3</runs>
            <runs>0 12 9 10 9 10 8 10 9 10 8</runs>
            <runs>4 7 11 8 10 9 10 8 11 8 10</runs>
            <runs>4 6 12 6 12 1 1 5 14 5 14 5 13</runs>
            <runs>0 1 5 1 15 1 2 1 18 1 36 1 17</runs>
            <runs>0 3 17 1 79</runs>
            <runs>0 3 17 1 18 1 61</runs>
            <runs>0 4 13 5 14 6 13 5 14 5 13 6 4</runs>
            <runs>0 5 11 8 11 8 11 7 12 7 11 8 3</runs>
            <runs>0 7 7 11 8 11 8 11 8 11 7 12 1</runs>
            <runs>0 8 4 15 4 15 4 14 5 14 4</runs>
        </run-table>
    </sample>
    <sample shape="ARPEGGIATO" interline="18" left="1112" top="1170" id="460">
        <run-table orientation="VERTICAL" width="12" height="100">
            <runs>0 17 2 17 1</runs>
            <runs>0 13 3 1 2 13 3 1 1 13 4 15 3 16 3</runs>
            <runs>0 10 9 10 8 10 9 10 8 11 8</runs>
            <runs>0 9 10 9 9 9 11 8 10 9 10</runs>
            <runs>0 8 11 1 1 5 14 5 14 4 14 6 13</runs>
            <runs>4 1 18 1 36 1 18 1 17</runs>
            <runs>98</runs>
            <runs>17 2 17 1 62</runs>
            <runs>0 2 13 6 13 5 14 5 13 6 13 6 4</runs>
            <runs>0 3 11 8 11 7 12 7 11 8 11 8 3</runs>
            <runs>0 5 7 11 8 11 8 10 8 11 8 12 1</runs>
            <runs>0 6 4 15 4 14 5 14 4 15 4</runs>
        </run-table>
    </sample>
    <sample shape="ARPEGGIATO" interline="18" left="345" top="1783" id="546">
        <run-table orientation="VERTICAL" width="12" height="102">
            <runs>0 15 3 16 3 15 4 15 3 16 3</runs>
            <runs>0 12 8 11 8 10 9 10 8 11 8</runs>
            <runs>2 9 10 8 11 7 12 8 10 8 11</runs>
            <runs>3 7 13 6 13 5 14 4 14 6 13</runs>
            <runs>0 1 5 1 18 1 2 1 33 1 18 1 17</runs>
            <runs>0 2 98</runs>
            <runs>0 3 98</runs>
            <runs>0 4 13 6 13 5 14 5 13 6 13 6 4</runs>
            <runs>0 5 11 8 11 7 12 7 11 8 11 8 3</runs>
            <runs>0 7 7 11 8 11 8 10 8 11 8 12 1</runs>
            <runs>0 8 4 15 4 14 5 14 4 15 4</runs>
            <runs>0 28 2 17 1 19 1 17 1</runs>
        </run-table>
    </sample>
    <sample shape="ARPEGGIATO" interline="18" left="546" top="1784" id="547">
        <run-table orientation="VERTICAL" width="13" height="104">
            <runs>0 15 3 16 3 16 3 16 3 16 3</runs>
            <runs>0 12 8 11 8 11 8 11 8 11 8</runs>
            <runs>2 9 10 7 12 7 1 1 10 7 1 1 10 7 1 1 10</runs>
            <runs>3 7 13 5 14 4 15 5 14 4 15</runs>
            <runs>0 1 5 1 18 1 1 1 16 1 18 1 1 1 16 1 17</runs>
            <runs>0 2 25 1 37 1 35</runs>
            <runs>0 3 100</runs>
            <runs>0 4 13 6 13 6 13 6 13 6 13 6 5</runs>
            <runs>0 5 11 8 11 8 11 8 11 8 11 8 4</runs>
            <runs>0 7 7 11 8 11 8 11 8 11 8 12 2</runs>
            <runs>0 8 4 15 4 15 4 15 4 15 4 15 1</runs>
            <runs>0 27 2 17 2 17 2 17 2</runs>
            <runs>0 28 1 17 1 19 1 17 1</runs>
        </run-table>
    </sample>
    <sample shape="ARPEGGIATO" interline="18" left="733" top="1785" id="550">
        <run-table orientation="VERTICAL" width="13" height="103">
            <runs>0 15 3 16 3 16 3 15 4 15 3</runs>
            <runs>0 12 8 11 8 11 8 10 9 10 8</runs>
            <runs>2 9 10 7 1 1 10 9 10 6 1 1 11 6 1 1 10</runs>
            <runs>3 7 13 4 15 5 14 4 15 3 15</runs>
            <runs>0 1 5 1 18 2 17 2 18 1 16 1 17</runs>
            <runs>0 2 98</runs>
            <runs>0 3 99</runs>
            <runs>0 4 13 6 13 6 13 5 14 5 13 6 5</runs>
            <runs>0 5 11 8 11 8 11 7 12 7 11 8 4</runs>
            <runs>0 7 7 11 8 11 8 11 8 11 7 12 2</runs>
            <runs>0 8 4 15 4 14 5 14 5 14 4 15 1</runs>
            <runs>0 27 2 16 2 18 1 17 2</runs>
            <runs>0 27 1 55 1</runs>
        </run-table>
    </sample>
    <sample shape="ARPEGGIATO" interline="18" left="907" top="2001" id="579">
        <run-table orientation="VERTICAL" width="13" height="121">
            <runs>0 69 2</runs>
            <runs>0 15 3 16 3 13 6 13 5 13 2 1 3 14 1 1 3</runs>
            <runs>0 12 8 11 8 10 9 11 7 11 8 12 7</runs>
            <runs>2 9 10 9 10 8 11 8 10 9 10 9 1 1 8</runs>
            <runs>3 7 13 5 14 5 14 4 14 5 14 6 13</runs>
            <runs>0 1 5 1 18 1 36 1 18 1 18 1 17</runs>
            <runs>0 2 117</runs>
            <runs>0 3 117</runs>
            <runs>0 4 13 6 13 5 14 5 13 6 13 6 13 6 4</runs>
            <runs>0 5 11 8 11 7 12 7 9 1 1 8 8 1 2 8 11 8 3</runs>
            <runs>0 7 7 11 8 11 8 10 8 11 7 12 8 12 1</runs>
            <runs>0 8 4 15 4 14 5 14 6 13 5 14 6</runs>
            <runs>0 106 2</runs>
        </run-table>
    </sample>
    <sample shape="ARPEGGIATO" interline="18" left="254" top="2088" id="600">
        <run-table orientation="VERTICAL" width="11" height="101">
            <runs>0 14 3 15 4 15 3 16 3 16 3</runs>
            <runs>0 11 9 9 10 9 8 11 8 11 8</runs>
            <runs>0 10 11 7 11 8 10 9 10 9 10</runs>
            <runs>0 9 13 5 12 1 1 4 14 5 14 6 13</runs>
            <runs>5 1 33 1 2 1 18 1 18 1 17</runs>
            <runs>19 1 79</runs>
            <runs>0 1 18 1 80</runs>
            <runs>0 3 13 5 14 4 14 6 13 6 13 6 4</runs>
            <runs>0 4 11 7 12 7 11 8 11 8 11 8 3</runs>
            <runs>0 6 7 11 8 10 8 11 8 11 8 12 1</runs>
            <runs>0 7 4 14 5 14 4 15 4 15 4</runs>
        </run-table>
    </sample>
    <sample shape="ARPEGGIATO" interline="18" left="637" top="2088" id="602">
        <run-table orientation="VERTICAL" width="11" height="102">
            <runs>0 14 3 16 3 16 3 16 3 16 3</runs>
            <runs>0 11 9 10 9 10 8 11 8 11 8</runs>
            <runs>0 10 11 8 10 9 10 9 10 9 10</runs>
            <runs>0 9 13 5 12 1 1 5 14 5 14 6 13</runs>
            <runs>5 1 18 1 18 1 18 1 18 1 17</runs>
            <runs>19 1 80</runs>
            <runs>0 1 18 1 18 1 62</runs>
            <runs>0 3 13 6 13 6 13 6 13 6 13 6 4</runs>
            <runs>0 4 11 8 11 8 11 8 11 8 11 8 3</runs>
            <runs>0 6 7 11 8 11 8 11 8 11 8 12 1</runs>
            <runs>0 7 4 15 4 15 4 15 4 15 4</runs>
        </run-table>
    </sample>
    <sample shape="ARPEGGIATO" interline="18" left="797" top="1166" id="871">
        <run-table orientation="VERTICAL" width="11" height="103">
            <runs>0 15 3 16 3 16 3 16 3 16 3</runs>
            <runs>0 12 8 11 8 11 8 11 8 11 8</runs>
            <runs>2 9 12 7 11 8 10 9 10 9 10</runs>
            <runs>5 5 13 5 13 6 14 5 14 6 13</runs>
            <runs>0 1 5 1 16 1 1 1 15 1 2 1 18 1 18 1 17</runs>
            <runs>0 2 21 1 77</runs>
            <runs>0 4 17 2 79</runs>
            <runs>0 4 13 5 14 5 14 6 13 6 13 6 4</runs>
            <runs>0 5 11 6 13 8 11 8 11 8 11 8 3</runs>
            <runs>0 7 7 11 8 11 8 11 8 11 8 12 1</runs>
            <runs>0 8 4 15 4 15 4 15 4 15 4</runs>
        </run-table>
    </sample>
    <sample shape="ARPEGGIATO" interline="18" left="979" top="1790" id="872">
        <run-table orientation="VERTICAL" width="11" height="103">
            <runs>0 15 3 16 3 16 3 16 3 16 3</runs>
            <runs>0 12 8 11 8 11 8 11 8 11 9</runs>
            <runs>2 9 12 7 11 8 12 7 11 8 11</runs>
            <runs>3 7 13 5 13 6 14 5 13 7 12</runs>
            <runs>0 1 5 1 16 1 1 1 15 1 2 1 18 1 15 1 2 1 17</runs>
            <runs>0 2 21 1 72 1 4</runs>
            <runs>0 3 18 2 36 1 36 1 5</runs>
            <runs>0 4 13 5 14 5 14 5 14 5 14 4 6</runs>
            <runs>0 5 11 6 13 8 11 8 11 8 11 8 3</runs>
            <runs>0 7 7 11 8 11 8 11 8 11 8 12 1</runs>
            <runs>0 8 4 15 4 15 4 15 4 15 4</runs>
        </run-table>
    </sample>
    <sample shape="ARPEGGIATO" interline="18" left="1203" top="1772" id="875">
        <run-table orientation="VERTICAL" width="11" height="102">
            <runs>0 15 3 15 4 15 3 16 3 16 3</runs>
            <runs>0 12 8 10 10 9 8 11 8 11 8</runs>
            <runs>2 9 10 8 12 7 11 8 12 7 11</runs>
            <runs>3 7 13 5 13 5 13 6 14 6 12</runs>
            <runs>0 1 5 1 34 1 1 1 15 1 2 1 18 1 17</runs>
            <runs>0 2 37 3 58</runs>
            <runs>0 3 36 2 36 1 23</runs>
            <runs>0 4 13 5 14 4 14 5 14 5 14 4 6</runs>
            <runs>0 5 11 7 12 5 13 8 11 8 11 8 3</runs>
            <runs>0 7 7 11 8 10 8 11 8 11 8 12 1</runs>
            <runs>0 8 4 14 5 14 4 15 4 15 4</runs>
        </run-table>
    </sample>
    <sample shape="DYNAMICS_P" interline="18" left="614" top="1019" id="434">
        <run-table orientation="VERTICAL" width="35" height="31">
            <runs>0 29 2</runs>
            <runs>0 29 2</runs>
            <runs>0 29 2</runs>
            <runs>0 29 2</runs>
            <runs>0 29 2</runs>
            <runs>0 29 2</runs>
            <runs>0 28 3</runs>
            <runs>0 9 1 16 5</runs>
            <runs>0 7 3 13 8</runs>
            <runs>0 6 3 12 10</runs>
            <runs>0 4 3 11 13</runs>
            <runs>0 3 3 10 15</runs>
            <runs>0 1 3 10 17</runs>
            <runs>0 1 3 7 20</runs>
            <runs>3 6 19 1 2</runs>
            <runs>3 3 19 4 2</runs>
            <runs>22 7 2</runs>
            <runs>20 9 2</runs>
            <runs>19 10 2</runs>
            <runs>20</runs>
            <runs>0 1 12 3 4</runs>
            <runs>0 2 8 8 3</runs>
            <runs>0 2 6 10 3</runs>
            <runs>0 2 4 11 4</runs>
            <runs>0 2 3 11 5</runs>
            <runs>0 1 3 11 6</runs>
            <runs>4 9 7</runs>
            <runs>3 7 10</runs>
            <runs>3 5 11</runs>
            <runs>19</runs>
            <runs>18</runs>
            <runs>17</runs>
            <runs>15</runs>
            <runs>0 1 13</runs>
            <runs>0 3 9</runs>
        </run-table>
    </sample>
    <sample shape="DYNAMICS_P" interline="18" left="1383" top="2439" id="607">
        <run-table orientation="VERTICAL" width="39" height="33">
            <runs>0 31 2</runs>
            <runs>0 31 2</runs>
            <runs>0 31 2</runs>
            <runs>0 31 2</runs>
            <runs>0 31 2</runs>
            <runs>0 31 2</runs>
            <runs>0 31 2</runs>
            <runs>0 29 4</runs>
            <runs>0 9 2 16 6</runs>
            <runs>0 7 4 13 9</runs>
            <runs>0 6 3 13 11</runs>
            <runs>0 4 3 13 13</runs>
            <runs>0 3 3 11 16</runs>
            <runs>0 2 2 11 18</runs>
            <runs>0 1 2 9 21</runs>
            <runs>0 1 2 7 20 1 2</runs>
            <runs>2 6 20 3 2</runs>
            <runs>3 2 20 6 2</runs>
            <runs>23 8 2</runs>
            <runs>20 11 2</runs>
            <runs>20</runs>
            <runs>21</runs>
            <runs>0 1 13 3 4</runs>
            <runs>0 2 8 8 4</runs>
            <runs>0 3 5 11 3</runs>
            <runs>0 3 3 12 4</runs>
            <runs>0 2 3 12 5</runs>
            <runs>0 1 3 12 6</runs>
            <runs>0 1 2 11 8</runs>
            <runs>3 9 9</runs>
            <runs>3 7 11</runs>
            <runs>3 4 13</runs>
            <runs>20</runs>
            <runs>19</runs>
            <runs>17</runs>
            <runs>16</runs>
            <runs>0 1 14</runs>
            <runs>0 2 11</runs>
            <runs>0 5 5</runs>
        </run-table>
    </sample>
    <sample shape="DYNAMICS_F" interline="18" left="595" top="1007" id="432">
        <run-table orientation="VERTICAL" width="37" height="44">
            <runs>0 36 6</runs>
            <runs>0 35 8</runs>
            <runs>0 35 9</runs>
            <runs>0 35 9</runs>
            <runs>0 35 6 1 2</runs>
            <runs>0 35 6 1 2</runs>
            <runs>0 36 3 2 3</runs>
            <runs>0 40 4</runs>
            <runs>0 38 6</runs>
            <runs>0 36 7</runs>
            <runs>0 34 8</runs>
            <runs>0 30 12</runs>
            <runs>0 27 14</runs>
            <runs>0 23 17</runs>
            <runs>0 20 19</runs>
            <runs>0 13 2 1 21</runs>
            <runs>0 13 23</runs>
            <runs>0 11 23</runs>
            <runs>0 9 23</runs>
            <runs>0 8 22</runs>
            <runs>0 6 21</runs>
            <runs>0 5 20</runs>
            <runs>0 4 18</runs>
            <runs>0 3 15</runs>
            <runs>0 2 13</runs>
            <runs>0 1 11</runs>
            <runs>0 1 7</runs>
            <runs>0 1 5</runs>
            <runs>4</runs>
            <runs>3</runs>
            <runs>2 3 4</runs>
            <runs>2 2 5</runs>
            <runs>2 1 6</runs>
            <runs>9</runs>
            <runs>9</runs>
            <runs>0 1 7</runs>
            <runs>0 2 5</runs>
        </run-table>
    </sample>
</samples>
