<?xml version="1.0" encoding="UTF-8" standalone="yes"?>
<samples sheet-name="IMSLP00003#25">
    <sample shape="G_CLEF" interline="22" pitch="0.2" left="136" top="191" id="302">
        <run-table orientation="VERTICAL" width="56" height="156">
            <runs>0 89 12</runs>
            <runs>0 85 17</runs>
            <runs>0 81 25</runs>
            <runs>0 75 32</runs>
            <runs>0 75 35</runs>
            <runs>0 75 36</runs>
            <runs>0 73 39</runs>
            <runs>0 71 42</runs>
            <runs>0 70 44 28 6</runs>
            <runs>0 68 23 13 11 25 11</runs>
            <runs>0 67 21 19 9 22 14</runs>
            <runs>0 66 19 23 8 20 16</runs>
            <runs>0 65 18 27 7 19 17</runs>
            <runs>0 63 18 30 11 13 19</runs>
            <runs>0 63 17 33 9 13 19</runs>
            <runs>0 61 18 35 8 12 21</runs>
            <runs>0 60 19 15 3 18 7 12 21</runs>
            <runs>0 59 20 11 13 13 2 16 21</runs>
            <runs>0 58 21 8 20 9 2 16 22</runs>
            <runs>0 53 21 12 22 9 1 16 22</runs>
            <runs>0 53 20 12 25 7 1 16 22</runs>
            <runs>0 53 19 12 17 5 5 23 17 1 4</runs>
            <runs>0 54 17 12 11 14 3 23 16 2 4</runs>
            <runs>0 28 17 9 16 12 11 16 3 22 15 3 4</runs>
            <runs>0 24 25 4 16 12 10 20 1 23 13 4 4</runs>
            <runs>0 20 49 12 9 45 12 5 4</runs>
            <runs>0 18 51 11 9 48 8 7 4</runs>
            <runs>0 16 54 5 13 52 2 10 4</runs>
            <runs>0 14 28 7 39 63 4</runs>
            <runs>0 13 23 13 39 63 4</runs>
            <runs>0 12 23 13 17 3 24 58 5</runs>
            <runs>0 10 19 18 17 10 28 48 4</runs>
            <runs>0 9 18 19 17 12 35 2 1 35 6</runs>
            <runs>0 9 15 21 17 13 12 8 27 25 6</runs>
            <runs>0 7 16 21 17 14 12 16 22 20 7</runs>
            <runs>0 6 15 21 18 15 11 23 28 5 9</runs>
            <runs>0 5 15 21 18 16 11 28 36</runs>
            <runs>0 4 13 23 18 17 12 30 30</runs>
            <runs>0 2 14 22 19 18 12 42 15</runs>
            <runs>0 1 14 21 21 18 12 47 8</runs>
            <runs>15 17 25 18 13</runs>
            <runs>14 17 26 18 13</runs>
            <runs>16 12 23 24 13 27 7</runs>
            <runs>0 2 17 7 23 26 14 26 3</runs>
            <runs>0 3 44 28 14 24 4</runs>
            <runs>0 5 40 31 14 22 5</runs>
            <runs>0 8 1 1 33 33 16 18 6</runs>
            <runs>0 15 25 41 12 16 6</runs>
            <runs>0 18 19 44 13 13 7</runs>
            <runs>0 82 19 4 8</runs>
            <runs>0 83 30</runs>
            <runs>0 84 28</runs>
            <runs>0 85 25</runs>
            <runs>0 88 21</runs>
            <runs>0 90 16</runs>
            <runs>0 93 8</runs>
        </run-table>
    </sample>
    <sample shape="G_CLEF" interline="22" pitch="0.2" left="130" top="718" id="329">
        <run-table orientation="VERTICAL" width="54" height="155">
            <runs>0 87 14</runs>
            <runs>0 83 20</runs>
            <runs>0 76 30</runs>
            <runs>0 76 32</runs>
            <runs>0 75 35</runs>
            <runs>0 74 37</runs>
            <runs>0 72 41</runs>
            <runs>0 71 42 27 7</runs>
            <runs>0 68 26 3 17 24 12</runs>
            <runs>0 67 22 16 10 21 15</runs>
            <runs>0 66 20 22 8 19 17</runs>
            <runs>0 65 19 25 8 17 19</runs>
            <runs>0 63 20 28 7 16 19</runs>
            <runs>0 63 17 33 5 15 21</runs>
            <runs>0 62 17 34 6 14 21</runs>
            <runs>0 60 19 15 7 13 9 10 22</runs>
            <runs>0 59 20 11 14 11 8 10 22</runs>
            <runs>0 58 21 8 20 8 8 10 22</runs>
            <runs>0 55 24 6 23 8 7 10 22</runs>
            <runs>0 55 18 11 26 6 7 10 17 2 3</runs>
            <runs>0 55 17 11 14 8 6 6 2 14 17 2 3</runs>
            <runs>0 54 17 11 12 14 4 5 2 15 15 3 3</runs>
            <runs>0 54 16 11 11 18 2 6 1 16 14 3 3</runs>
            <runs>0 32 8 5 1 7 17 6 15 27 1 17 11 5 3</runs>
            <runs>0 26 22 4 16 8 14 28 1 19 8 6 3</runs>
            <runs>0 23 45 8 14 28 1 23 1 9 3</runs>
            <runs>0 20 50 5 14 62 4</runs>
            <runs>0 17 71 62 5</runs>
            <runs>0 15 74 61 4</runs>
            <runs>0 15 21 11 47 1 1 53 5</runs>
            <runs>0 13 23 11 17 8 33 44 4</runs>
            <runs>0 12 17 17 17 12 48 25 4</runs>
            <runs>0 11 16 18 17 14 11 5 35 20 4</runs>
            <runs>0 9 15 20 17 15 11 11 40 3 9</runs>
            <runs>0 8 15 20 17 16 11 24 38</runs>
            <runs>0 7 14 21 17 18 10 30 32</runs>
            <runs>0 6 14 21 18 18 10 30 2 7 21</runs>
            <runs>0 4 15 21 18 18 11 30 2 22 2</runs>
            <runs>0 3 14 23 18 18 12 29 2</runs>
            <runs>0 3 14 20 17 23 11 28 3</runs>
            <runs>0 1 14 18 20 24 11 28 3</runs>
            <runs>15 18 18 26 12 26 4</runs>
            <runs>14 16 20 27 12 25 4</runs>
            <runs>13 15 20 29 13 24 3</runs>
            <runs>0 2 12 1 2 4 25 31 14 21 4</runs>
            <runs>0 4 40 33 15 19 5</runs>
            <runs>0 6 35 40 12 16 6</runs>
            <runs>0 9 29 44 13 13 7</runs>
            <runs>0 12 3 2 19 47 18 2 11</runs>
            <runs>0 84 28</runs>
            <runs>0 85 26</runs>
            <runs>0 87 22</runs>
            <runs>0 89 18</runs>
            <runs>0 91 14</runs>
        </run-table>
    </sample>
    <sample shape="G_CLEF" interline="22" pitch="0.5" left="130" top="1252" id="346">
        <run-table orientation="VERTICAL" width="56" height="153">
            <runs>0 88 2</runs>
            <runs>0 79 18</runs>
            <runs>0 72 29</runs>
            <runs>0 72 30</runs>
            <runs>0 71 34</runs>
            <runs>0 70 37</runs>
            <runs>0 69 39</runs>
            <runs>0 67 43 29 1</runs>
            <runs>0 66 45 23 10</runs>
            <runs>0 64 23 6 19 21 13</runs>
            <runs>0 64 20 18 11 19 15 1 1</runs>
            <runs>0 62 20 22 13 14 18</runs>
            <runs>0 61 18 28 10 13 20</runs>
            <runs>0 59 19 30 9 13 20</runs>
            <runs>0 58 19 33 7 12 22</runs>
            <runs>0 57 18 36 2 16 23</runs>
            <runs>0 56 19 36 2 16 23</runs>
            <runs>0 55 20 12 11 14 1 16 23</runs>
            <runs>0 54 20 10 16 29 24</runs>
            <runs>0 50 25 7 20 27 24</runs>
            <runs>0 50 19 12 22 27 16 3 4</runs>
            <runs>0 49 19 12 25 25 16 3 4</runs>
            <runs>0 50 17 12 17 3 6 26 14 4 4</runs>
            <runs>0 49 18 12 11 12 4 26 12 5 4</runs>
            <runs>0 24 20 5 17 12 10 15 4 25 11 6 4</runs>
            <runs>0 21 45 11 10 17 3 27 9 6 3</runs>
            <runs>0 19 45 12 10 62 4</runs>
            <runs>0 17 49 10 9 63 4</runs>
            <runs>0 15 54 1 15 63 3</runs>
            <runs>0 15 21 9 40 62 4</runs>
            <runs>0 14 18 12 52 50 5</runs>
            <runs>0 12 18 13 18 3 2 4 30 1 6 38 4</runs>
            <runs>0 11 15 17 17 11 47 26 4</runs>
            <runs>0 10 13 19 17 12 13 2 40 16 6</runs>
            <runs>0 8 14 19 17 14 11 17 34 1 12</runs>
            <runs>0 6 15 20 16 15 11 28 35</runs>
            <runs>0 5 15 20 16 16 11 37 24</runs>
            <runs>0 4 13 22 16 16 12 46 13</runs>
            <runs>0 4 13 20 17 17 12</runs>
            <runs>0 3 13 20 17 18 13</runs>
            <runs>0 2 13 19 19 18 13 28 1</runs>
            <runs>0 1 13 19 20 18 14 27 1</runs>
            <runs>13 19 20 19 14 26 2</runs>
            <runs>12 15 25 19 15 24 7</runs>
            <runs>11 16 20 29 10 23 8</runs>
            <runs>0 1 10 14 20 31 11 20 10</runs>
            <runs>0 2 10 3 27 35 12 16 8</runs>
            <runs>0 4 36 38 17 7 10</runs>
            <runs>0 7 31 40 18 4 11</runs>
            <runs>0 9 24 45 31</runs>
            <runs>0 12 3 1 15 48 29</runs>
            <runs>0 81 26</runs>
            <runs>0 83 23</runs>
            <runs>0 84 20</runs>
            <runs>0 86 17</runs>
            <runs>0 90 8</runs>
        </run-table>
    </sample>
    <sample shape="G_CLEF" interline="22" pitch="0.3" left="134" top="2407" id="392">
        <run-table orientation="VERTICAL" width="57" height="154">
            <runs>0 93 3</runs>
            <runs>0 86 15</runs>
            <runs>0 83 20</runs>
            <runs>0 76 29</runs>
            <runs>0 75 32</runs>
            <runs>0 75 33</runs>
            <runs>0 73 37</runs>
            <runs>0 72 39</runs>
            <runs>0 70 42 29 3</runs>
            <runs>0 68 45 24 9</runs>
            <runs>0 67 23 6 18 21 12</runs>
            <runs>0 66 21 17 11 20 14</runs>
            <runs>0 64 21 22 8 19 16</runs>
            <runs>0 63 20 26 7 17 18</runs>
            <runs>0 63 18 28 8 16 18</runs>
            <runs>0 61 19 31 11 10 20</runs>
            <runs>0 60 19 33 9 11 20</runs>
            <runs>0 60 19 13 9 12 9 10 21</runs>
            <runs>0 59 20 9 14 11 9 10 21</runs>
            <runs>0 59 20 7 19 9 8 10 21</runs>
            <runs>0 54 19 12 22 8 7 10 21</runs>
            <runs>0 54 19 11 25 23 16 1 5</runs>
            <runs>0 54 17 11 21 1 5 24 15 2 4</runs>
            <runs>0 54 16 11 11 15 4 22 14 3 4</runs>
            <runs>0 53 17 10 11 17 3 23 13 3 4</runs>
            <runs>0 40 1 12 16 6 16 18 2 23 12 4 3</runs>
            <runs>0 29 15 8 16 7 15 45 10 6 3</runs>
            <runs>0 23 45 7 14 48 6 7 4</runs>
            <runs>0 22 47 6 13 62 4</runs>
            <runs>0 18 70 62 4</runs>
            <runs>0 15 28 2 42 62 4</runs>
            <runs>0 13 23 12 42 59 4</runs>
            <runs>0 12 23 12 17 7 31 46 4</runs>
            <runs>0 11 17 19 16 11 36 37 5</runs>
            <runs>0 10 17 19 16 13 15 3 30 23 5</runs>
            <runs>0 8 16 21 15 15 12 9 33 16 5</runs>
            <runs>0 7 15 22 16 16 10 21 29 4 9</runs>
            <runs>0 5 17 21 16 17 10 28 34</runs>
            <runs>0 4 16 22 17 17 10 30 30</runs>
            <runs>0 3 15 22 18 17 11 30 7 8 13</runs>
            <runs>0 2 14 24 17 19 10 29 7</runs>
            <runs>0 1 15 22 19 19 11 28 7</runs>
            <runs>14 22 21 19 11 28 3</runs>
            <runs>13 20 20 23 11 27 3</runs>
            <runs>0 1 11 20 18 26 12 26 3</runs>
            <runs>0 2 10 18 19 27 12 24 4</runs>
            <runs>0 3 12 13 20 28 13 23 3</runs>
            <runs>0 7 39 30 14 20 5</runs>
            <runs>0 10 31 35 15 18 5</runs>
            <runs>0 13 26 41 12 15 7</runs>
            <runs>0 15 13 1 2 50 14 10 7</runs>
            <runs>0 83 28</runs>
            <runs>0 84 26</runs>
            <runs>0 85 24</runs>
            <runs>0 87 19</runs>
            <runs>0 89 16</runs>
            <runs>0 92 10</runs>
        </run-table>
    </sample>
    <sample shape="G_CLEF" interline="22" pitch="0.4" left="136" top="2606" id="394">
        <run-table orientation="VERTICAL" width="56" height="156">
            <runs>0 92 4</runs>
            <runs>0 85 16</runs>
            <runs>0 81 23</runs>
            <runs>0 76 31</runs>
            <runs>0 76 32</runs>
            <runs>0 75 35</runs>
            <runs>0 74 37</runs>
            <runs>0 71 41 29 1 1 2 4 1</runs>
            <runs>0 70 24 1 18 25 13</runs>
            <runs>0 68 21 15 10 22 15</runs>
            <runs>0 67 20 19 9 20 17</runs>
            <runs>0 66 19 24 7 18 18</runs>
            <runs>0 65 18 27 7 17 19</runs>
            <runs>0 64 17 29 8 15 20</runs>
            <runs>0 62 18 31 7 15 21</runs>
            <runs>0 62 17 33 11 10 21</runs>
            <runs>0 60 19 16 3 16 9 9 23</runs>
            <runs>0 59 20 12 12 12 8 9 23</runs>
            <runs>0 59 15 14 18 9 8 9 24</runs>
            <runs>0 55 19 12 22 8 6 11 23</runs>
            <runs>0 55 18 11 25 7 7 10 23</runs>
            <runs>0 55 16 12 18 1 8 23 17 1 5</runs>
            <runs>0 55 15 12 11 14 5 22 16 1 5</runs>
            <runs>0 54 16 11 11 17 3 22 15 2 5</runs>
            <runs>0 26 17 2 2 6 16 11 11 19 2 23 12 4 5</runs>
            <runs>0 21 47 8 14 46 9 1 1 4 5</runs>
            <runs>0 19 49 8 13 49 4 9 5</runs>
            <runs>0 17 51 7 13 63 5</runs>
            <runs>0 15 28 3 42 62 5</runs>
            <runs>0 14 22 13 39 62 5</runs>
            <runs>0 12 23 13 43 59 5</runs>
            <runs>0 10 19 19 16 9 28 47 6</runs>
            <runs>0 9 18 19 17 13 36 35 7</runs>
            <runs>0 8 17 21 16 14 48 3 3 15 8</runs>
            <runs>0 7 16 22 16 15 11 10 55</runs>
            <runs>0 5 17 22 16 16 11 19 45</runs>
            <runs>0 4 16 22 17 16 12 25 38</runs>
            <runs>0 3 16 22 17 18 11 29 31</runs>
            <runs>0 2 16 22 18 18 11 29 7 2 2 6 12</runs>
            <runs>0 1 16 22 19 18 11 29 7 15 2</runs>
            <runs>15 22 20 19 11 29 7</runs>
            <runs>14 19 20 23 12 27 8</runs>
            <runs>0 1 12 19 20 24 12 27 4</runs>
            <runs>0 2 12 15 20 28 11 26 4</runs>
            <runs>0 4 13 9 21 30 12 24 5</runs>
            <runs>0 8 38 30 14 22 5</runs>
            <runs>0 10 33 33 15 20 6</runs>
            <runs>0 13 28 35 16 17 7</runs>
            <runs>0 17 20 44 13 13 8</runs>
            <runs>0 24 5 52 15 9 9</runs>
            <runs>0 83 30</runs>
            <runs>0 84 28</runs>
            <runs>0 86 25</runs>
            <runs>0 88 21</runs>
            <runs>0 89 17</runs>
            <runs>0 91 14</runs>
        </run-table>
    </sample>
    <sample shape="G_CLEF" interline="22" pitch="0.3" left="134" top="2953" id="403">
        <run-table orientation="VERTICAL" width="57" height="155">
            <runs>0 89 5</runs>
            <runs>0 85 16</runs>
            <runs>0 81 23</runs>
            <runs>0 75 30</runs>
            <runs>0 75 32</runs>
            <runs>0 74 35</runs>
            <runs>0 72 38</runs>
            <runs>0 71 40</runs>
            <runs>0 69 43</runs>
            <runs>0 67 24 5 17 26 6</runs>
            <runs>0 66 22 16 10 23 10</runs>
            <runs>0 65 20 21 9 20 14</runs>
            <runs>0 64 18 26 8 18 16</runs>
            <runs>0 63 18 28 7 18 17</runs>
            <runs>0 61 18 31 7 16 19</runs>
            <runs>0 60 18 34 10 11 20</runs>
            <runs>0 59 19 35 9 10 21</runs>
            <runs>0 58 20 13 10 13 8 11 20</runs>
            <runs>0 54 20 14 16 11 7 10 21</runs>
            <runs>0 54 19 13 20 9 7 10 22</runs>
            <runs>0 54 18 12 24 8 2 14 22</runs>
            <runs>0 53 18 13 25 7 2 14 22</runs>
            <runs>0 53 17 12 11 13 4 7 1 15 16 2 3</runs>
            <runs>0 53 16 12 11 15 4 6 1 15 15 3 4</runs>
            <runs>0 31 12 4 1 5 15 12 10 19 3 5 1 16 14 3 4</runs>
            <runs>0 25 42 8 14 22 1 5 1 16 13 4 4</runs>
            <runs>0 22 45 8 14 28 1 17 11 5 4</runs>
            <runs>0 20 47 8 13 48 9 6 4</runs>
            <runs>0 15 73 50 2 2 1 7 5</runs>
            <runs>0 13 27 8 39 63 5</runs>
            <runs>0 12 24 11 17 4 21 61 4</runs>
            <runs>0 11 19 17 16 10 27 50 4</runs>
            <runs>0 10 18 19 15 13 28 1 1 44 5</runs>
            <runs>0 8 17 21 15 14 12 1 22 1 2 3 2 30 5</runs>
            <runs>0 7 16 22 15 15 11 7 30 24 6</runs>
            <runs>0 6 15 23 15 16 11 11 8 1 20 19 7</runs>
            <runs>0 4 16 23 15 17 11 25 29 2 8</runs>
            <runs>0 3 16 22 16 18 11 28 35</runs>
            <runs>0 2 15 23 17 19 10 30 32</runs>
            <runs>0 1 15 23 17 20 10 30 6 4 20</runs>
            <runs>14 23 19 19 11 30 6 14 7</runs>
            <runs>14 18 19 24 11 29 7</runs>
            <runs>13 19 18 25 11 29 3</runs>
            <runs>0 2 11 19 16 28 11 27 4</runs>
            <runs>0 3 11 15 18 29 12 25 4</runs>
            <runs>0 5 17 3 21 30 13 23 4</runs>
            <runs>0 8 36 32 14 21 5</runs>
            <runs>0 11 32 33 14 20 5</runs>
            <runs>0 14 25 41 11 17 7</runs>
            <runs>0 21 9 1 2 48 12 13 8</runs>
            <runs>0 82 18 3 9</runs>
            <runs>0 83 28</runs>
            <runs>0 84 26</runs>
            <runs>0 86 23</runs>
            <runs>0 88 19</runs>
            <runs>0 90 16</runs>
            <runs>0 93 9</runs>
        </run-table>
    </sample>
    <sample shape="G_CLEF" interline="22" pitch="0.4" left="139" top="3133" id="406">
        <run-table orientation="VERTICAL" width="56" height="157">
            <runs>0 86 15</runs>
            <runs>0 81 23</runs>
            <runs>0 75 32</runs>
            <runs>0 75 34</runs>
            <runs>0 74 36</runs>
            <runs>0 72 39</runs>
            <runs>0 71 41</runs>
            <runs>0 70 43 29 5</runs>
            <runs>0 68 24 5 17 24 11</runs>
            <runs>0 67 21 18 9 22 14</runs>
            <runs>0 66 19 23 8 20 16</runs>
            <runs>0 64 19 27 6 19 18</runs>
            <runs>0 64 18 29 6 18 19</runs>
            <runs>0 63 17 32 6 16 20</runs>
            <runs>0 62 16 35 9 12 21</runs>
            <runs>0 61 17 17 2 18 7 12 21</runs>
            <runs>0 60 18 13 10 14 7 12 22</runs>
            <runs>0 59 19 10 18 10 3 15 22</runs>
            <runs>0 58 16 11 1 1 21 8 3 15 22</runs>
            <runs>0 54 19 12 25 7 2 15 22</runs>
            <runs>0 54 18 11 27 7 2 15 17 2 4</runs>
            <runs>0 54 17 11 14 10 5 7 1 16 16 2 4</runs>
            <runs>0 54 16 11 11 16 4 6 1 16 15 3 4</runs>
            <runs>0 28 17 8 16 11 12 19 2 5 1 16 14 4 4</runs>
            <runs>0 23 46 10 12 21 1 5 1 18 11 5 4</runs>
            <runs>0 20 48 7 15 28 1 19 8 6 5</runs>
            <runs>0 18 51 6 14 63 4</runs>
            <runs>0 15 24 6 44 63 4</runs>
            <runs>0 14 21 13 41 62 5</runs>
            <runs>0 13 22 13 44 59 5</runs>
            <runs>0 11 17 20 16 8 29 49 6</runs>
            <runs>0 10 16 21 15 13 32 1 3 39 5</runs>
            <runs>0 9 15 22 16 13 40 1 7 26 5</runs>
            <runs>0 7 15 22 17 14 12 7 31 3 1 5 2 11 6</runs>
            <runs>0 5 15 23 17 15 12 9 56</runs>
            <runs>0 4 15 23 17 16 12 18 46</runs>
            <runs>0 3 15 23 17 17 12 29 33</runs>
            <runs>0 2 15 23 17 18 12 30 30</runs>
            <runs>0 1 14 23 18 20 11 41 6 5 4</runs>
            <runs>14 22 20 20 12</runs>
            <runs>13 19 20 24 12</runs>
            <runs>0 1 12 19 19 25 12 27 7</runs>
            <runs>0 3 11 15 20 27 13 26 4</runs>
            <runs>0 6 10 9 22 29 13 25 4</runs>
            <runs>0 7 38 31 15 21 5</runs>
            <runs>0 11 31 34 15 20 6</runs>
            <runs>0 14 25 41 12 18 6</runs>
            <runs>0 21 15 45 12 16 7</runs>
            <runs>0 29 3 50 13 11 9</runs>
            <runs>0 83 31</runs>
            <runs>0 84 29</runs>
            <runs>0 85 26</runs>
            <runs>0 86 23</runs>
            <runs>0 88 21</runs>
            <runs>0 90 16</runs>
            <runs>0 93 10</runs>
        </run-table>
    </sample>
    <sample shape="F_CLEF" interline="22" pitch="-1.4" left="124" top="443" id="310">
        <run-table orientation="VERTICAL" width="65" height="68">
            <runs>0 63 1</runs>
            <runs>0 63 1</runs>
            <runs>0 62 2</runs>
            <runs>0 62 2</runs>
            <runs>0 62 2</runs>
            <runs>0 62 2</runs>
            <runs>0 62 2</runs>
            <runs>0 61 3</runs>
            <runs>0 13 11 37 3</runs>
            <runs>0 9 16 36 3</runs>
            <runs>0 9 17 35 7</runs>
            <runs>0 7 20 33 8</runs>
            <runs>0 6 6 5 10 33 8</runs>
            <runs>0 5 5 7 11 31 9</runs>
            <runs>0 4 4 8 12 31 4</runs>
            <runs>0 3 4 9 12 30 4</runs>
            <runs>0 3 2 10 14 29 4</runs>
            <runs>0 3 2 10 14 29 4</runs>
            <runs>0 3 1 11 13 29 5</runs>
            <runs>0 3 1 11 13 28 5</runs>
            <runs>0 15 13 28 5</runs>
            <runs>0 15 12 28 5</runs>
            <runs>0 15 12 27 6</runs>
            <runs>0 16 10 27 6</runs>
            <runs>0 17 8 28 6</runs>
            <runs>0 18 3 31 7</runs>
            <runs>0 51 7</runs>
            <runs>0 50 7</runs>
            <runs>0 49 8</runs>
            <runs>0 48 8</runs>
            <runs>0 47 8</runs>
            <runs>0 42 13</runs>
            <runs>0 3 1 38 12</runs>
            <runs>0 3 2 37 11</runs>
            <runs>0 3 2 37 11</runs>
            <runs>0 3 3 33 13</runs>
            <runs>0 3 3 31 14</runs>
            <runs>8 28 14</runs>
            <runs>10 23 16</runs>
            <runs>12 17 19</runs>
            <runs>15 6 26</runs>
            <runs>46</runs>
            <runs>0 3 43</runs>
            <runs>0 4 41</runs>
            <runs>0 5 40</runs>
            <runs>0 5 36</runs>
            <runs>0 6 34</runs>
            <runs>0 7 32</runs>
            <runs>0 9 27</runs>
            <runs>0 10 24</runs>
            <runs>0 12 20</runs>
            <runs>0 15 11</runs>
            <runs>0 17 7</runs>
            <runs></runs>
            <runs>0 31 4</runs>
            <runs>0 13 1 16 7</runs>
            <runs>0 10 6 13 9</runs>
            <runs>0 10 7 12 9</runs>
            <runs>0 9 9 11 9</runs>
            <runs>0 9 9 11 9</runs>
            <runs>0 9 9 11 8</runs>
            <runs>0 9 9 12 7</runs>
            <runs>0 9 8 14 5</runs>
            <runs>0 10 7</runs>
            <runs>0 11 5</runs>
        </run-table>
    </sample>
    <sample shape="F_CLEF" interline="22" pitch="-1.1" left="121" top="967" id="337">
        <run-table orientation="VERTICAL" width="64" height="70">
            <runs>0 64 2</runs>
            <runs>0 64 2</runs>
            <runs>0 63 3</runs>
            <runs>0 63 7</runs>
            <runs>0 63 7</runs>
            <runs>0 63 7</runs>
            <runs>0 62 7</runs>
            <runs>0 62 7</runs>
            <runs>0 62 7</runs>
            <runs>0 16 10 36 7</runs>
            <runs>0 10 16 35 9</runs>
            <runs>0 9 18 34 9</runs>
            <runs>0 8 5 6 9 33 9</runs>
            <runs>0 6 5 8 9 32 10</runs>
            <runs>0 5 4 9 11 31 5</runs>
            <runs>0 4 4 9 13 29 5</runs>
            <runs>0 4 3 10 13 29 5</runs>
            <runs>0 4 2 11 13 28 6</runs>
            <runs>0 4 2 10 14 28 6</runs>
            <runs>0 4 1 11 14 27 6</runs>
            <runs>0 16 14 27 6</runs>
            <runs>0 17 13 26 6</runs>
            <runs>0 17 12 26 7</runs>
            <runs>0 18 10 27 6</runs>
            <runs>0 19 8 27 7</runs>
            <runs>0 20 2 31 7</runs>
            <runs>0 52 8</runs>
            <runs>0 51 9</runs>
            <runs>0 50 9</runs>
            <runs>0 44 15</runs>
            <runs>0 44 14</runs>
            <runs>0 44 13</runs>
            <runs>0 4 1 39 12</runs>
            <runs>0 4 2 38 11</runs>
            <runs>0 4 2 36 13</runs>
            <runs>0 4 3 33 14</runs>
            <runs>0 1 7 30 16</runs>
            <runs>0 1 8 27 17</runs>
            <runs>0 1 10 22 19</runs>
            <runs>0 1 11 20 19</runs>
            <runs>0 1 15 12 22</runs>
            <runs>50</runs>
            <runs>0 5 43</runs>
            <runs>0 5 43</runs>
            <runs>0 6 42</runs>
            <runs>0 7 40</runs>
            <runs>0 9 33</runs>
            <runs>0 9 32</runs>
            <runs>0 11 28</runs>
            <runs>0 13 23</runs>
            <runs>0 15 19</runs>
            <runs>0 18 15</runs>
            <runs></runs>
            <runs></runs>
            <runs>0 33 5</runs>
            <runs>0 15 1 17 6</runs>
            <runs>0 13 6 13 8</runs>
            <runs>0 12 8 12 8</runs>
            <runs>0 12 8 12 9</runs>
            <runs>0 11 9 12 9</runs>
            <runs>0 12 8 12 8</runs>
            <runs>0 12 7 13 7</runs>
            <runs>0 12 7 13 1 1 4</runs>
            <runs>0 13 5</runs>
        </run-table>
    </sample>
    <sample shape="F_CLEF" interline="22" pitch="-1.3" left="127" top="1517" id="354">
        <run-table orientation="VERTICAL" width="56" height="70">
            <runs>0 16 10</runs>
            <runs>0 14 12 37 7</runs>
            <runs>0 12 4 3 8 35 8</runs>
            <runs>0 10 4 1 1 4 8 34 8</runs>
            <runs>0 8 3 8 10 33 8</runs>
            <runs>0 7 3 8 12 32 8</runs>
            <runs>0 6 3 9 12 31 5</runs>
            <runs>0 5 3 9 14 30 4</runs>
            <runs>7 10 14 29 5</runs>
            <runs>0 4 2 11 14 29 5</runs>
            <runs>0 4 1 12 14 28 5</runs>
            <runs>0 4 1 12 13 29 5</runs>
            <runs>0 17 13 28 5</runs>
            <runs>0 18 11 29 5</runs>
            <runs>0 18 11 28 6</runs>
            <runs>0 19 9 28 6</runs>
            <runs>0 55 7</runs>
            <runs>0 54 7</runs>
            <runs>0 54 6</runs>
            <runs>0 52 8</runs>
            <runs>0 51 8</runs>
            <runs>0 50 9</runs>
            <runs>0 49 9</runs>
            <runs>0 4 1 40 12</runs>
            <runs>0 4 1 40 12</runs>
            <runs>0 4 2 39 11</runs>
            <runs>0 4 2 37 13</runs>
            <runs>7 33 14</runs>
            <runs>9 30 15</runs>
            <runs>9 27 17</runs>
            <runs>0 1 9 24 18</runs>
            <runs>0 1 13 14 23</runs>
            <runs>0 5 45</runs>
            <runs>0 5 44</runs>
            <runs>0 6 42</runs>
            <runs>0 6 42</runs>
            <runs>0 7 41</runs>
            <runs>0 8 40</runs>
            <runs>0 9 33</runs>
            <runs>0 10 30</runs>
            <runs>0 12 25</runs>
            <runs>0 13 23</runs>
            <runs>0 15 1 3 15</runs>
            <runs></runs>
            <runs></runs>
            <runs>0 34 1</runs>
            <runs>0 33 4</runs>
            <runs>0 12 3 1 1 14 7</runs>
            <runs>0 11 7 13 8</runs>
            <runs>0 11 8 12 8</runs>
            <runs>0 10 9 12 8</runs>
            <runs>0 10 9 12 8</runs>
            <runs>0 10 9 12 8</runs>
            <runs>0 11 7 14 7</runs>
            <runs>0 11 6 16 5</runs>
            <runs>0 13 3</runs>
        </run-table>
    </sample>
</samples>
