<?xml version="1.0" encoding="UTF-8" standalone="yes"?>
<samples sheet-name="IMSLP00005#1">
    <sample shape="G_CLEF" interline="22" pitch="0.4" left="308" top="625" id="436">
        <run-table orientation="VERTICAL" width="56" height="155">
            <runs>0 86 14</runs>
            <runs>0 81 21</runs>
            <runs>0 75 30</runs>
            <runs>0 75 32</runs>
            <runs>0 74 35</runs>
            <runs>0 72 38</runs>
            <runs>0 70 41</runs>
            <runs>0 70 43</runs>
            <runs>0 68 23 5 18 28 3</runs>
            <runs>0 67 21 16 10 24 10</runs>
            <runs>0 65 20 23 7 22 12</runs>
            <runs>0 64 19 27 6 20 14</runs>
            <runs>0 63 18 30 5 19 16</runs>
            <runs>0 62 17 33 6 16 17</runs>
            <runs>0 61 17 35 5 16 18</runs>
            <runs>0 60 18 36 4 16 19</runs>
            <runs>0 59 19 14 8 15 7 11 20</runs>
            <runs>0 53 21 14 14 13 7 11 21</runs>
            <runs>0 53 20 13 18 2 1 9 2 15 21</runs>
            <runs>0 53 19 13 23 8 2 15 21</runs>
            <runs>0 53 18 13 26 7 1 15 21</runs>
            <runs>0 53 17 12 13 10 5 7 1 15 17 1 3</runs>
            <runs>0 29 14 10 16 12 11 16 4 5 1 16 16 1 4</runs>
            <runs>0 26 21 5 16 11 11 20 3 21 15 2 4</runs>
            <runs>0 21 46 12 10 45 14 3 4</runs>
            <runs>0 18 48 8 15 47 11 4 4</runs>
            <runs>0 16 50 8 14 49 9 5 4</runs>
            <runs>0 14 20 14 25 1 14 63 3</runs>
            <runs>0 12 18 18 39 64 3</runs>
            <runs>0 11 18 18 16 3 21 64 3</runs>
            <runs>0 9 17 20 16 8 20 60 4</runs>
            <runs>0 8 17 20 16 13 27 5 1 43 4</runs>
            <runs>0 7 15 22 16 14 29 1 9 36 5</runs>
            <runs>0 6 15 22 16 15 12 7 29 26 5</runs>
            <runs>0 4 15 24 15 16 12 10 30 1 2 18 5</runs>
            <runs>0 3 15 23 16 18 11 17 3 5 23 10 7</runs>
            <runs>0 2 14 24 16 19 10 31 34</runs>
            <runs>0 1 14 23 18 19 11 30 7 2 24</runs>
            <runs>14 24 18 19 12 29 1 13 17</runs>
            <runs>13 22 17 23 11 30 1 18 8</runs>
            <runs>12 20 17 26 11 29 2</runs>
            <runs>0 2 9 21 15 28 12 27 3</runs>
            <runs>0 3 8 18 17 29 12 27 3</runs>
            <runs>0 5 9 11 19 31 12 26 3</runs>
            <runs>0 8 7 6 20 34 13 25 3</runs>
            <runs>0 11 26 42 9 24 3</runs>
            <runs>0 15 15 49 9 22 4</runs>
            <runs>0 18 11 50 11 18 6</runs>
            <runs>0 80 11 15 7</runs>
            <runs>0 81 12 12 6</runs>
            <runs>0 82 18 3 7</runs>
            <runs>0 83 26</runs>
            <runs>0 85 23</runs>
            <runs>0 87 19</runs>
            <runs>0 89 17</runs>
            <runs>0 92 13</runs>
        </run-table>
    </sample>
    <sample shape="G_CLEF" interline="22" pitch="0.7" left="166" top="1086" id="504">
        <run-table orientation="VERTICAL" width="56" height="156">
            <runs>0 85 16</runs>
            <runs>0 82 21</runs>
            <runs>0 74 31 1 1</runs>
            <runs>0 74 34</runs>
            <runs>0 74 35</runs>
            <runs>0 72 39</runs>
            <runs>0 71 40</runs>
            <runs>0 69 44 26 6</runs>
            <runs>0 68 46 23 11</runs>
            <runs>0 66 25 10 14 20 14</runs>
            <runs>0 65 22 17 2 1 8 19 17</runs>
            <runs>0 64 21 23 13 12 18</runs>
            <runs>0 63 19 27 12 12 19</runs>
            <runs>0 62 19 30 10 12 20</runs>
            <runs>0 61 17 34 9 11 21</runs>
            <runs>0 60 18 35 8 11 22</runs>
            <runs>0 59 18 14 10 12 8 11 22</runs>
            <runs>0 58 19 12 13 12 7 10 23</runs>
            <runs>0 57 20 9 19 1 1 7 7 10 23</runs>
            <runs>0 53 20 11 24 7 2 15 22</runs>
            <runs>0 53 19 11 26 6 2 15 22</runs>
            <runs>0 52 19 11 18 2 8 5 2 15 22</runs>
            <runs>0 52 19 10 12 12 1 1 4 5 1 16 16 1 5</runs>
            <runs>0 29 14 9 18 10 11 18 2 5 1 16 14 4 5</runs>
            <runs>0 29 19 3 18 10 11 20 1 23 12 5 4</runs>
            <runs>0 22 46 10 12 46 9 6 5</runs>
            <runs>0 20 48 6 16 47 4 9 6</runs>
            <runs>0 17 55 1 16 61 5</runs>
            <runs>0 15 19 1 1 12 40 62 5</runs>
            <runs>0 12 22 13 40 62 6</runs>
            <runs>0 11 18 17 18 3 23 4 2 52 6</runs>
            <runs>0 9 20 17 16 11 28 5 3 39 6</runs>
            <runs>0 8 18 19 16 13 47 27 5</runs>
            <runs>0 7 17 20 16 14 12 4 32 1 1 21 7</runs>
            <runs>0 6 16 21 16 15 12 9 41 1 2 2 10</runs>
            <runs>0 4 16 21 17 16 12 18 2 1 43</runs>
            <runs>0 3 16 21 16 18 12 29 33</runs>
            <runs>0 2 15 22 17 18 12 29 8 1 22</runs>
            <runs>0 2 15 21 17 19 12 29 6 11 13</runs>
            <runs>17 20 18 19 12 29 6 17 2 1 1</runs>
            <runs>0 1 13 18 23 20 11 28 7</runs>
            <runs>0 1 12 18 20 24 11 28 7</runs>
            <runs>0 3 8 18 20 26 12 26 8</runs>
            <runs>0 5 8 16 17 29 13 24 9</runs>
            <runs>0 6 9 11 18 31 13 23 10</runs>
            <runs>0 8 33 34 15 20 6</runs>
            <runs>0 12 25 38 15 19 6</runs>
            <runs>0 17 12 50 12 16 8</runs>
            <runs>0 80 12 14 7</runs>
            <runs>0 81 18 5 8</runs>
            <runs>0 82 29</runs>
            <runs>0 84 26</runs>
            <runs>0 85 24</runs>
            <runs>0 87 19</runs>
            <runs>0 90 16</runs>
            <runs>0 93 8</runs>
        </run-table>
    </sample>
    <sample shape="G_CLEF" interline="22" pitch="0.3" left="167" top="1280" id="507">
        <run-table orientation="VERTICAL" width="56" height="155">
            <runs>0 87 15</runs>
            <runs>0 83 19</runs>
            <runs>0 77 27</runs>
            <runs>0 76 30</runs>
            <runs>0 76 32</runs>
            <runs>0 74 36</runs>
            <runs>0 72 40</runs>
            <runs>0 71 42</runs>
            <runs>0 69 44 30 5</runs>
            <runs>0 67 23 8 16 24 11</runs>
            <runs>0 66 21 17 11 21 14</runs>
            <runs>0 66 19 21 9 20 16</runs>
            <runs>0 65 19 25 7 18 18</runs>
            <runs>0 64 18 28 7 16 19</runs>
            <runs>0 63 17 31 8 14 20</runs>
            <runs>0 62 17 33 10 11 20</runs>
            <runs>0 61 18 17 1 16 9 11 21</runs>
            <runs>0 60 19 10 14 11 8 11 21</runs>
            <runs>0 59 16 13 17 9 8 10 22</runs>
            <runs>0 58 15 13 21 8 7 10 23</runs>
            <runs>0 55 17 13 23 8 7 9 23</runs>
            <runs>0 55 17 11 18 2 6 7 7 10 22</runs>
            <runs>0 55 16 11 12 12 4 23 16 2 4</runs>
            <runs>0 55 14 12 11 15 4 22 15 3 4</runs>
            <runs>0 54 14 12 11 18 3 22 13 4 4</runs>
            <runs>0 29 13 11 14 9 14 20 2 23 10 6 4</runs>
            <runs>0 24 26 2 15 9 14 46 7 8 4</runs>
            <runs>0 21 45 10 12 63 3</runs>
            <runs>0 19 52 5 12 62 4</runs>
            <runs>0 16 72 62 4</runs>
            <runs>0 14 24 10 41 60 4</runs>
            <runs>0 12 24 11 17 1 1 5 30 48 4</runs>
            <runs>0 10 19 2 2 14 16 12 30 1 1 10 7 24 5</runs>
            <runs>0 9 18 4 2 13 16 13 48 23 6</runs>
            <runs>0 8 17 7 1 13 16 14 12 7 29 20 7</runs>
            <runs>0 7 17 8 1 12 15 16 11 10 37 9 7</runs>
            <runs>0 5 16 11 1 10 16 17 11 24 38</runs>
            <runs>0 4 16 22 17 17 10 29 32</runs>
            <runs>0 3 15 23 18 17 10 30 7 4 17</runs>
            <runs>0 2 15 23 17 19 10 30 7 11 9</runs>
            <runs>16 23 18 19 11 28 8</runs>
            <runs>15 21 17 23 11 28 4</runs>
            <runs>13 23 16 24 11 27 10</runs>
            <runs>13 19 19 25 11 27 5</runs>
            <runs>0 1 11 20 18 26 12 25 4</runs>
            <runs>0 4 10 14 19 29 13 23 6</runs>
            <runs>0 6 12 4 24 30 14 21 6</runs>
            <runs>0 8 35 33 15 19 6</runs>
            <runs>0 11 30 39 13 16 7</runs>
            <runs>0 15 21 44 14 13 6</runs>
            <runs>0 21 8 53 18 3 10</runs>
            <runs>0 83 29</runs>
            <runs>0 83 28</runs>
            <runs>0 86 24</runs>
            <runs>0 89 19</runs>
            <runs>0 92 12</runs>
        </run-table>
    </sample>
    <sample shape="G_CLEF" interline="22" pitch="0.4" left="162" top="1556" id="545">
        <run-table orientation="VERTICAL" width="57" height="155">
            <runs>0 82 1 6 3 1 2</runs>
            <runs>0 78 25</runs>
            <runs>0 78 27</runs>
            <runs>0 77 29</runs>
            <runs>0 75 33</runs>
            <runs>0 74 36</runs>
            <runs>0 73 38</runs>
            <runs>0 71 41</runs>
            <runs>0 69 43 28 3</runs>
            <runs>0 68 30 1 14 24 10</runs>
            <runs>0 66 21 18 9 21 14</runs>
            <runs>0 65 20 22 8 19 16</runs>
            <runs>0 63 21 25 7 17 18</runs>
            <runs>0 63 19 28 7 16 18</runs>
            <runs>0 61 20 30 6 15 20</runs>
            <runs>0 61 19 33 5 14 20</runs>
            <runs>0 60 20 33 5 14 21</runs>
            <runs>0 56 19 16 12 10 6 13 21</runs>
            <runs>0 56 18 13 18 9 5 13 22</runs>
            <runs>0 56 17 13 21 8 4 12 23</runs>
            <runs>0 56 17 11 26 5 9 8 22</runs>
            <runs>0 55 16 11 16 1 11 5 9 8 22</runs>
            <runs>0 54 16 12 13 11 5 5 8 8 17 1 4</runs>
            <runs>0 53 16 8 17 14 3 5 8 9 15 2 4</runs>
            <runs>0 28 11 14 15 9 14 18 2 5 9 8 16 1 5</runs>
            <runs>0 24 25 3 16 9 12 28 7 11 12 3 5</runs>
            <runs>0 21 46 10 12 28 7 11 10 5 4</runs>
            <runs>0 21 46 10 10 30 7 17 1 8 4</runs>
            <runs>0 11 2 5 49 1 1 8 10 30 7 25 5</runs>
            <runs>0 11 1 4 22 10 27 1 11 30 7 25 5</runs>
            <runs>0 11 1 2 17 17 40 29 7 25 4</runs>
            <runs>0 11 17 19 17 4 25 9 2 13 7 24 5</runs>
            <runs>0 10 16 20 16 11 35 9 8 23 5</runs>
            <runs>0 10 15 20 16 15 48 23 6</runs>
            <runs>0 8 13 23 16 16 11 4 33 22 5</runs>
            <runs>0 7 14 22 16 17 11 19 27 11 6</runs>
            <runs>0 6 14 22 17 17 10 25 39</runs>
            <runs>0 4 15 22 17 18 10 29 34</runs>
            <runs>0 3 15 22 18 18 10 29 4 8 20</runs>
            <runs>0 2 14 22 20 18 10 29 3 15 11</runs>
            <runs>0 1 14 20 19 22 11 27 4</runs>
            <runs>14 21 18 23 10 28 4</runs>
            <runs>13 21 17 25 11 27 3</runs>
            <runs>0 1 10 21 16 28 11 26 3</runs>
            <runs>0 2 9 18 17 31 10 26 3</runs>
            <runs>0 4 8 15 17 33 11 23 4</runs>
            <runs>0 7 10 4 20 36 11 22 5</runs>
            <runs>0 9 30 38 12 20 5</runs>
            <runs>0 12 21 44 13 18 5</runs>
            <runs>0 15 6 56 14 15 6</runs>
            <runs>0 77 16 5 14</runs>
            <runs>0 81 29</runs>
            <runs>0 84 24</runs>
            <runs>0 85 21</runs>
            <runs>0 86 19</runs>
            <runs>0 89 14</runs>
            <runs>0 93 5</runs>
        </run-table>
    </sample>
    <sample shape="G_CLEF" interline="22" pitch="0.4" left="168" top="2086" id="598">
        <run-table orientation="VERTICAL" width="57" height="154">
            <runs>0 92 3</runs>
            <runs>0 84 17</runs>
            <runs>0 81 23</runs>
            <runs>0 75 32</runs>
            <runs>0 75 34</runs>
            <runs>0 74 36</runs>
            <runs>0 72 39</runs>
            <runs>0 70 42</runs>
            <runs>0 69 44</runs>
            <runs>0 67 24 5 19 23 7</runs>
            <runs>0 67 22 15 11 22 11</runs>
            <runs>0 65 21 19 1 2 9 18 14</runs>
            <runs>0 64 20 26 7 17 16</runs>
            <runs>0 63 19 29 10 12 18</runs>
            <runs>0 62 19 31 9 12 18</runs>
            <runs>0 61 18 34 8 12 19</runs>
            <runs>0 60 18 36 7 12 20</runs>
            <runs>0 59 19 12 11 13 7 11 21</runs>
            <runs>0 58 20 11 14 11 7 11 21</runs>
            <runs>0 53 25 8 19 1 1 8 1 16 21</runs>
            <runs>0 53 20 12 24 23 22</runs>
            <runs>0 53 19 12 26 22 22</runs>
            <runs>0 54 17 11 17 6 1 1 3 22 17 1 4</runs>
            <runs>0 29 17 7 17 11 11 16 3 22 16 2 3</runs>
            <runs>0 27 42 11 11 19 2 21 15 3 3</runs>
            <runs>0 24 44 12 10 44 13 4 3</runs>
            <runs>0 21 47 11 10 46 11 5 3</runs>
            <runs>0 17 24 1 28 4 15 47 9 6 3</runs>
            <runs>0 15 20 12 41 54 1 7 4</runs>
            <runs>0 13 17 17 41 62 3</runs>
            <runs>0 12 17 18 41 62 3</runs>
            <runs>0 11 17 19 16 9 20 57 4</runs>
            <runs>0 9 16 21 16 13 26 5 2 41 4</runs>
            <runs>0 7 16 22 16 14 30 1 8 35 3</runs>
            <runs>0 6 15 23 16 14 13 7 27 27 4</runs>
            <runs>0 5 14 24 16 15 12 10 30 3 2 15 5</runs>
            <runs>0 4 14 24 16 17 11 26 24 1 13</runs>
            <runs>0 2 14 24 17 18 11 30 33</runs>
            <runs>0 1 14 24 17 19 11 38 24</runs>
            <runs>0 1 13 24 18 19 11 43 17</runs>
            <runs>13 23 20 19 11 48 10</runs>
            <runs>12 21 17 25 12 28 7</runs>
            <runs>0 3 9 20 18 26 12 27 2</runs>
            <runs>0 6 9 14 19 28 12 26 3</runs>
            <runs>0 7 10 10 18 31 13 24 4</runs>
            <runs>0 11 32 33 13 24 4</runs>
            <runs>0 14 26 36 14 21 6</runs>
            <runs>0 18 18 40 15 19 5</runs>
            <runs>0 25 4 47 16 17 6</runs>
            <runs>0 82 12 12 8</runs>
            <runs>0 82 14 9 8</runs>
            <runs>0 83 28</runs>
            <runs>0 84 26</runs>
            <runs>0 86 23</runs>
            <runs>0 88 20</runs>
            <runs>0 90 16</runs>
            <runs>0 94 10</runs>
        </run-table>
    </sample>
    <sample shape="G_CLEF" interline="22" pitch="0.3" left="170" top="2570" id="649">
        <run-table orientation="VERTICAL" width="57" height="154">
            <runs>0 91 1 1 1</runs>
            <runs>0 84 17</runs>
            <runs>0 84 19</runs>
            <runs>0 76 29</runs>
            <runs>0 75 32</runs>
            <runs>0 75 34</runs>
            <runs>0 73 37</runs>
            <runs>0 71 39</runs>
            <runs>0 70 42</runs>
            <runs>0 69 20 7 17 24 7</runs>
            <runs>0 67 19 17 11 22 11</runs>
            <runs>0 66 18 22 9 20 13</runs>
            <runs>0 65 19 24 8 18 16</runs>
            <runs>0 63 20 26 7 17 18</runs>
            <runs>0 62 19 29 7 16 18</runs>
            <runs>0 61 18 33 5 15 20</runs>
            <runs>0 60 19 16 2 16 4 15 20</runs>
            <runs>0 59 19 11 13 11 8 11 20</runs>
            <runs>0 58 20 9 17 10 8 10 21</runs>
            <runs>0 54 20 11 21 9 7 10 21</runs>
            <runs>0 54 18 12 23 8 7 10 21</runs>
            <runs>0 54 18 12 24 24 17 1 3</runs>
            <runs>0 54 17 11 11 12 5 22 16 2 3</runs>
            <runs>0 54 16 11 10 17 3 21 16 2 4</runs>
            <runs>0 53 16 11 10 19 2 22 14 4 3</runs>
            <runs>0 25 18 9 16 11 10 21 1 23 12 5 3</runs>
            <runs>0 22 45 8 14 47 9 6 3</runs>
            <runs>0 19 47 9 13 48 6 9 3</runs>
            <runs>0 17 51 7 13 62 4</runs>
            <runs>0 16 27 3 26 2 14 62 3</runs>
            <runs>0 14 21 13 41 61 3</runs>
            <runs>0 12 23 12 53 49 3</runs>
            <runs>0 10 17 19 16 10 33 44 3</runs>
            <runs>0 8 17 21 16 13 36 38 4</runs>
            <runs>0 8 17 21 16 14 11 8 28 25 4</runs>
            <runs>0 7 15 23 16 15 11 16 24 19 6</runs>
            <runs>0 7 14 23 16 16 11 22 1 1 28 2 9</runs>
            <runs>0 6 14 22 17 17 11 29 33</runs>
            <runs>0 4 14 23 17 18 11 30 31</runs>
            <runs>0 3 13 24 17 19 11 29 6 9 15</runs>
            <runs>0 2 13 24 18 19 11 29 6 15 1 2 2</runs>
            <runs>0 1 13 23 17 22 11 29 6</runs>
            <runs>13 20 19 24 12 27 7</runs>
            <runs>13 20 18 25 12 27 7</runs>
            <runs>0 1 12 19 18 26 13 25 3</runs>
            <runs>0 3 13 10 22 28 14 24 3</runs>
            <runs>0 6 1 2 36 31 14 22 4</runs>
            <runs>0 11 31 34 15 20 4</runs>
            <runs>0 15 22 39 18 15 6</runs>
            <runs>0 19 17 45 14 12 7</runs>
            <runs>0 81 20 3 9</runs>
            <runs>0 82 31</runs>
            <runs>0 83 28</runs>
            <runs>0 86 24</runs>
            <runs>0 88 20</runs>
            <runs>0 91 15</runs>
            <runs>0 93 9</runs>
        </run-table>
    </sample>
    <sample shape="G_CLEF" interline="22" pitch="0.4" left="170" top="2755" id="653">
        <run-table orientation="VERTICAL" width="57" height="154">
            <runs>0 87 6 7 2</runs>
            <runs>0 83 18</runs>
            <runs>0 79 23</runs>
            <runs>0 74 31</runs>
            <runs>0 74 32</runs>
            <runs>0 72 35</runs>
            <runs>0 70 39</runs>
            <runs>0 68 41</runs>
            <runs>0 67 43</runs>
            <runs>0 66 45 29 2</runs>
            <runs>0 64 23 9 16 23 11</runs>
            <runs>0 63 21 20 8 22 15</runs>
            <runs>0 62 20 23 8 20 17</runs>
            <runs>0 61 19 27 7 18 18</runs>
            <runs>0 60 18 30 6 17 20</runs>
            <runs>0 59 18 33 5 16 20</runs>
            <runs>0 58 19 34 5 14 21</runs>
            <runs>0 57 20 12 10 12 9 10 21</runs>
            <runs>0 53 24 9 16 10 8 10 21</runs>
            <runs>0 53 19 12 21 7 8 10 22</runs>
            <runs>0 53 17 13 23 6 8 10 22</runs>
            <runs>0 53 17 12 25 7 2 14 22</runs>
            <runs>0 53 16 11 28 6 2 14 23</runs>
            <runs>0 27 12 13 16 11 12 14 3 7 1 15 16 2 4</runs>
            <runs>0 21 25 5 15 12 11 17 4 5 1 15 16 2 4</runs>
            <runs>0 19 47 8 14 20 2 5 1 16 15 2 3</runs>
            <runs>0 16 49 9 13 22 1 5 1 17 14 2 4</runs>
            <runs>0 14 53 7 13 28 1 18 12 3 4</runs>
            <runs>0 12 25 1 2 1 45 29 1 19 7 7 4</runs>
            <runs>0 9 25 12 40 29 1 22 1 10 5</runs>
            <runs>0 8 20 18 40 29 1 33 4</runs>
            <runs>0 7 19 19 17 10 18 59 5</runs>
            <runs>0 6 18 22 15 13 26 49 5</runs>
            <runs>0 5 18 22 15 14 32 42 6</runs>
            <runs>0 4 17 22 16 16 11 6 18 37 6</runs>
            <runs>0 3 16 23 16 17 10 11 13 2 10 25 6</runs>
            <runs>0 2 16 23 16 18 10 19 25 4 3 5 11</runs>
            <runs>0 1 15 24 16 19 10 27 37</runs>
            <runs>15 23 18 19 10 30 33</runs>
            <runs>13 24 19 19 10 30 6 1 26</runs>
            <runs>12 24 20 19 11 28 7 6 3 4 11</runs>
            <runs>11 21 20 23 12 27 7</runs>
            <runs>0 2 9 20 19 25 12 27 3</runs>
            <runs>0 4 9 16 20 26 13 25 3</runs>
            <runs>0 5 12 4 2 3 21 28 12 25 4</runs>
            <runs>0 6 38 31 13 23 4</runs>
            <runs>0 12 30 33 13 22 5</runs>
            <runs>0 17 21 37 14 20 5</runs>
            <runs>0 23 12 40 14 19 6</runs>
            <runs>0 79 12 16 6</runs>
            <runs>0 80 14 11 7</runs>
            <runs>0 82 29</runs>
            <runs>0 82 28</runs>
            <runs>0 83 27</runs>
            <runs>0 85 23</runs>
            <runs>0 88 17</runs>
            <runs>0 91 11</runs>
        </run-table>
    </sample>
    <sample shape="G_CLEF" interline="22" pitch="0.7" left="172" top="3022" id="683">
        <run-table orientation="VERTICAL" width="57" height="156">
            <runs>0 93 3</runs>
            <runs>0 85 17</runs>
            <runs>0 79 1 1 25</runs>
            <runs>0 74 33</runs>
            <runs>0 74 34</runs>
            <runs>0 73 38</runs>
            <runs>0 72 39</runs>
            <runs>0 70 42</runs>
            <runs>0 68 45</runs>
            <runs>0 67 26 2 18</runs>
            <runs>0 65 24 15 10 24 10</runs>
            <runs>0 64 22 21 8 21 13</runs>
            <runs>0 63 21 25 6 20 14</runs>
            <runs>0 61 21 28 10 14 16</runs>
            <runs>0 61 20 30 9 13 19</runs>
            <runs>0 59 19 34 8 13 20</runs>
            <runs>0 58 19 16 7 13 7 12 21</runs>
            <runs>0 57 20 12 15 9 7 12 23</runs>
            <runs>0 57 19 11 18 9 3 15 22</runs>
            <runs>0 55 21 9 22 8 2 15 22</runs>
            <runs>0 51 25 7 25 7 2 15 22</runs>
            <runs>0 34 1 16 19 12 27 7 1 15 22</runs>
            <runs>0 27 1 1 8 14 19 11 10 13 6 6 1 15 22</runs>
            <runs>0 23 21 7 18 11 12 14 5 5 1 15 22</runs>
            <runs>0 19 50 10 10 19 4 4 1 16 22</runs>
            <runs>0 17 50 11 11 22 2 21 16 1 5</runs>
            <runs>0 17 50 11 12 45 15 1 5</runs>
            <runs>0 16 22 6 23 7 16 46 13 2 5</runs>
            <runs>0 15 19 14 41 48 10 4 5</runs>
            <runs>0 12 22 13 43 52 2 7 4</runs>
            <runs>0 11 16 19 44 3 2 56 4</runs>
            <runs>0 10 15 21 19 5 33 47 5</runs>
            <runs>0 9 13 23 18 10 34 43 4</runs>
            <runs>0 5 15 24 18 11 48 28 5</runs>
            <runs>0 5 14 24 18 13 13 8 29 24 5</runs>
            <runs>0 4 14 23 18 15 13 11 2 2 26 18 7</runs>
            <runs>0 3 14 17 2 4 18 16 13 22 27 8 9</runs>
            <runs>0 2 14 18 2 2 19 17 13 27 38</runs>
            <runs>0 1 14 19 22 18 13 28 36</runs>
            <runs>14 20 21 19 13 28 35</runs>
            <runs>13 17 25 19 13 43 18</runs>
            <runs>13 17 24 20 13 49 6 1 2</runs>
            <runs>0 3 10 16 19 26 13</runs>
            <runs>0 5 10 1 1 6 1 1 21 27 15 25 7</runs>
            <runs>0 7 37 29 15 23 9</runs>
            <runs>0 8 35 35 12 21 8</runs>
            <runs>0 12 26 40 12 20 8</runs>
            <runs>0 15 1 4 14 45 12 18 7</runs>
            <runs>0 79 13 1 2 12 8</runs>
            <runs>0 80 21 2 12</runs>
            <runs>0 81 32</runs>
            <runs>0 82 30</runs>
            <runs>0 83 28</runs>
            <runs>0 84 26</runs>
            <runs>0 85 24</runs>
            <runs>0 88 16</runs>
            <runs>0 89 4 5 2</runs>
        </run-table>
    </sample>
    <sample shape="F_CLEF" interline="22" pitch="-1.4" left="296" top="844" id="450">
        <run-table orientation="VERTICAL" width="65" height="69">
            <runs>0 64 1</runs>
            <runs>0 63 2</runs>
            <runs>0 63 2</runs>
            <runs>0 63 2</runs>
            <runs>0 63 2</runs>
            <runs>0 62 3</runs>
            <runs>0 62 3</runs>
            <runs>0 15 3 45 2</runs>
            <runs>0 12 13 38 2</runs>
            <runs>0 10 16 36 3</runs>
            <runs>0 8 18 36 7</runs>
            <runs>0 7 4 6 10 34 8</runs>
            <runs>0 5 5 8 9 34 8</runs>
            <runs>0 1 7 9 12 32 4</runs>
            <runs>0 4 3 10 12 31 4</runs>
            <runs>0 4 2 10 13 31 4</runs>
            <runs>0 4 2 10 13 30 5</runs>
            <runs>0 4 1 11 13 30 4</runs>
            <runs>0 15 14 29 5</runs>
            <runs>0 15 14 29 4</runs>
            <runs>0 15 14 28 4</runs>
            <runs>0 16 12 29 4</runs>
            <runs>0 16 12 28 5</runs>
            <runs>0 17 11 27 5</runs>
            <runs>0 18 8 29 5</runs>
            <runs>0 54 5</runs>
            <runs>0 53 5</runs>
            <runs>0 52 6</runs>
            <runs>0 51 7</runs>
            <runs>0 50 7</runs>
            <runs>0 49 7</runs>
            <runs>0 48 8</runs>
            <runs>0 43 12</runs>
            <runs>0 4 1 38 12</runs>
            <runs>0 4 1 38 11</runs>
            <runs>0 4 2 36 11</runs>
            <runs>0 4 3 34 11</runs>
            <runs>0 1 8 31 12</runs>
            <runs>0 1 10 27 13</runs>
            <runs>0 1 11 22 16</runs>
            <runs>15 15 19</runs>
            <runs>0 4 16 1 27</runs>
            <runs>0 4 43</runs>
            <runs>0 5 41</runs>
            <runs>0 5 41</runs>
            <runs>0 6 41</runs>
            <runs>0 7 34</runs>
            <runs>0 9 32</runs>
            <runs>0 10 29</runs>
            <runs>0 11 27</runs>
            <runs>0 12 24</runs>
            <runs>0 14 21</runs>
            <runs>0 18 16</runs>
            <runs>0 19 8</runs>
            <runs></runs>
            <runs>0 11 3</runs>
            <runs>0 9 7</runs>
            <runs>0 9 8</runs>
            <runs>0 8 9</runs>
            <runs>0 8 9</runs>
            <runs>0 8 9</runs>
            <runs>0 8 9</runs>
            <runs>0 9 7</runs>
            <runs>0 9 7</runs>
            <runs>0 11 3</runs>
        </run-table>
    </sample>
    <sample shape="F_CLEF" interline="22" pitch="-1.3" left="160" top="1790" id="555">
        <run-table orientation="VERTICAL" width="63" height="69">
            <runs>0 63 1</runs>
            <runs>0 63 1</runs>
            <runs>0 63 1</runs>
            <runs>0 63 1</runs>
            <runs>0 62 2</runs>
            <runs>0 17 8 37 2</runs>
            <runs>0 12 13 37 2</runs>
            <runs>0 10 15 36 7</runs>
            <runs>0 8 18 35 7</runs>
            <runs>0 7 20 34 7</runs>
            <runs>0 5 6 7 10 32 8</runs>
            <runs>0 4 6 8 11 31 9</runs>
            <runs>0 4 5 8 12 31 9</runs>
            <runs>0 1 7 9 12 30 5</runs>
            <runs>0 5 1 10 13 30 5</runs>
            <runs>0 16 14 28 5</runs>
            <runs>0 15 15 28 10</runs>
            <runs>0 15 15 27 6</runs>
            <runs>0 15 14 28 5</runs>
            <runs>0 15 14 27 6</runs>
            <runs>0 16 12 28 5</runs>
            <runs>0 16 11 28 6</runs>
            <runs>0 17 9 28 6</runs>
            <runs>0 54 6</runs>
            <runs>0 53 7</runs>
            <runs>0 51 8</runs>
            <runs>0 51 7</runs>
            <runs>0 49 8</runs>
            <runs>0 49 8</runs>
            <runs>0 43 14</runs>
            <runs>0 43 14</runs>
            <runs>0 43 12</runs>
            <runs>0 43 12</runs>
            <runs>0 5 1 36 12</runs>
            <runs>7 33 14</runs>
            <runs>8 30 16</runs>
            <runs>9 26 17</runs>
            <runs>12 20 18</runs>
            <runs>14 2 1 1 2 1 7 1 21</runs>
            <runs>49</runs>
            <runs>0 4 44</runs>
            <runs>0 4 43</runs>
            <runs>0 5 42</runs>
            <runs>0 6 40</runs>
            <runs>0 7 39</runs>
            <runs>0 8 33</runs>
            <runs>0 9 30</runs>
            <runs>0 11 26</runs>
            <runs>0 11 24</runs>
            <runs>0 13 20</runs>
            <runs>0 16 2 2 11</runs>
            <runs></runs>
            <runs></runs>
            <runs>0 11 3 17 4</runs>
            <runs>0 10 6 14 9</runs>
            <runs>0 10 8 12 10</runs>
            <runs>0 10 9 11 9</runs>
            <runs>0 10 8 11 10</runs>
            <runs>0 10 8 11 11</runs>
            <runs>0 10 8 12 8</runs>
            <runs>0 10 8 12 8</runs>
            <runs>0 11 6 14 6</runs>
            <runs>0 12 4 17 2</runs>
        </run-table>
    </sample>
    <sample shape="F_CLEF" interline="22" pitch="-1.6" left="164" top="2313" id="610">
        <run-table orientation="VERTICAL" width="57" height="69">
            <runs>0 15 5</runs>
            <runs>0 12 14</runs>
            <runs>0 10 16 36 7</runs>
            <runs>0 8 19 35 6</runs>
            <runs>0 7 7 5 9 34 7</runs>
            <runs>0 5 6 8 10 32 4</runs>
            <runs>0 1 9 8 11 32 3</runs>
            <runs>0 1 7 10 12 30 4</runs>
            <runs>0 1 7 9 13 30 4</runs>
            <runs>0 6 1 10 13 30 4</runs>
            <runs>0 16 14 29 4</runs>
            <runs>0 16 14 28 5</runs>
            <runs>0 16 14 28 4</runs>
            <runs>0 16 14 28 4</runs>
            <runs>0 16 14 27 4</runs>
            <runs>0 17 12 27 5</runs>
            <runs>0 17 12 26 6</runs>
            <runs>0 19 8 28 5</runs>
            <runs>0 54 6</runs>
            <runs>0 53 6</runs>
            <runs>0 52 7</runs>
            <runs>0 50 8</runs>
            <runs>0 49 8</runs>
            <runs>0 48 9</runs>
            <runs>0 44 12</runs>
            <runs>0 44 11</runs>
            <runs>0 43 11</runs>
            <runs>0 6 1 35 11</runs>
            <runs>0 1 7 32 13</runs>
            <runs>0 1 8 28 15</runs>
            <runs>0 1 10 24 17</runs>
            <runs>0 1 11 21 18</runs>
            <runs>0 1 13 16 20</runs>
            <runs>49</runs>
            <runs>0 4 44</runs>
            <runs>0 5 42</runs>
            <runs>0 5 42</runs>
            <runs>0 6 41</runs>
            <runs>0 7 35</runs>
            <runs>0 8 33</runs>
            <runs>0 9 30</runs>
            <runs>0 11 27</runs>
            <runs>0 11 25</runs>
            <runs>0 13 22</runs>
            <runs>0 16 18</runs>
            <runs>0 20 1 1 8 2 1</runs>
            <runs></runs>
            <runs>0 15 2</runs>
            <runs>0 13 5</runs>
            <runs>0 12 7</runs>
            <runs>0 11 8</runs>
            <runs>0 11 8</runs>
            <runs>0 11 9</runs>
            <runs>0 11 8</runs>
            <runs>0 11 8</runs>
            <runs>0 12 6</runs>
            <runs>0 13 4</runs>
        </run-table>
    </sample>
    <sample shape="F_CLEF" interline="22" pitch="-1.3" left="167" top="3243" id="696">
        <run-table orientation="VERTICAL" width="64" height="67">
            <runs>0 63 2</runs>
            <runs>0 63 2</runs>
            <runs>0 62 3</runs>
            <runs>0 62 3</runs>
            <runs>0 62 3</runs>
            <runs>0 62 3</runs>
            <runs>0 62 3</runs>
            <runs>0 11 13 38 3</runs>
            <runs>0 9 15 37 4</runs>
            <runs>0 7 18 36 4</runs>
            <runs>0 5 8 4 11 33 4</runs>
            <runs>0 5 5 7 11 32 7</runs>
            <runs>0 4 5 8 11 32 7</runs>
            <runs>0 3 4 9 12 32 4</runs>
            <runs>0 2 4 9 13 31 4</runs>
            <runs>0 2 3 10 14 30 4</runs>
            <runs>0 2 2 11 14 29 5</runs>
            <runs>0 2 1 12 14 29 5</runs>
            <runs>0 2 1 11 15 28 5</runs>
            <runs>0 14 14 28 5</runs>
            <runs>0 15 13 27 6</runs>
            <runs>0 15 12 28 6</runs>
            <runs>0 16 11 27 6</runs>
            <runs>0 17 9 28 6</runs>
            <runs>0 18 7 28 6</runs>
            <runs>0 52 6</runs>
            <runs>0 52 6</runs>
            <runs>0 51 7</runs>
            <runs>0 51 7</runs>
            <runs>0 2 2 46 8</runs>
            <runs>0 2 2 45 8</runs>
            <runs>0 2 2 40 12</runs>
            <runs>0 2 3 39 12</runs>
            <runs>0 2 4 38 11</runs>
            <runs>0 2 4 36 12</runs>
            <runs>7 34 13</runs>
            <runs>8 31 14</runs>
            <runs>10 24 18</runs>
            <runs>12 18 22</runs>
            <runs>15 11 25</runs>
            <runs>0 3 46</runs>
            <runs>0 4 44</runs>
            <runs>0 5 42</runs>
            <runs>0 6 40</runs>
            <runs>0 7 39</runs>
            <runs>0 8 38</runs>
            <runs>0 9 32</runs>
            <runs>0 10 29</runs>
            <runs>0 11 27</runs>
            <runs>0 12 24</runs>
            <runs>0 14 20</runs>
            <runs>0 18 11 2 1</runs>
            <runs>0 24 2</runs>
            <runs></runs>
            <runs>0 14 1 18 1</runs>
            <runs>0 11 5 15 5</runs>
            <runs>0 10 7 13 7</runs>
            <runs>0 9 8 13 8</runs>
            <runs>0 9 9 11 9</runs>
            <runs>0 9 9 12 8</runs>
            <runs>0 9 8 13 8</runs>
            <runs>0 10 7 13 8</runs>
            <runs>0 10 6 14 7</runs>
            <runs>0 12 3 18 2</runs>
        </run-table>
    </sample>
    <sample shape="FLAT" interline="22" pitch="-0.6" left="384" top="665" id="453">
        <run-table orientation="VERTICAL" width="19" height="54">
            <runs>30 21 2</runs>
            <runs>54</runs>
            <runs>8 1 10 3 17 11 4</runs>
            <runs>0 27 5 18 3</runs>
            <runs>0 27 4 18 3</runs>
            <runs>0 27 2 18 4</runs>
            <runs>0 26 3 16 4</runs>
            <runs>0 25 4 15 5</runs>
            <runs>0 25 4 14 5</runs>
            <runs>0 24 5 13 5</runs>
            <runs>0 24 5 12 5</runs>
            <runs>0 24 6 5 10</runs>
            <runs>0 24 19</runs>
            <runs>0 24 19</runs>
            <runs>0 24 17</runs>
            <runs>0 25 15</runs>
            <runs>0 25 14</runs>
            <runs>0 26 12</runs>
            <runs>0 27 11</runs>
        </run-table>
    </sample>
    <sample shape="FLAT" interline="22" pitch="-3.6" left="407" top="631" id="461">
        <run-table orientation="VERTICAL" width="19" height="55">
            <runs>0 23 17 5 9</runs>
            <runs>55</runs>
            <runs>0 1 39 4 10</runs>
            <runs>0 1 3 2 6 8 3 3 7 19 1</runs>
            <runs>0 8 1 21 1</runs>
            <runs></runs>
            <runs></runs>
            <runs>0 44 1</runs>
            <runs>0 43 7</runs>
            <runs>0 42 8</runs>
            <runs>0 41 5</runs>
            <runs>0 39 7</runs>
            <runs>0 24 7 4 9</runs>
            <runs>0 24 19</runs>
            <runs>0 24 17</runs>
            <runs>0 25 15</runs>
            <runs>0 25 14</runs>
            <runs>0 26 11</runs>
            <runs>0 26 9</runs>
        </run-table>
    </sample>
    <sample shape="FLAT" interline="22" pitch="0.3" left="430" top="674" id="460">
        <run-table orientation="VERTICAL" width="19" height="55">
            <runs>16 2 22 1 2 2 3</runs>
            <runs>55</runs>
            <runs>9 1 1 1 27 7 8</runs>
            <runs>0 25 8 14 7</runs>
            <runs></runs>
            <runs></runs>
            <runs></runs>
            <runs>0 45 1</runs>
            <runs>0 44 7</runs>
            <runs>0 42 9</runs>
            <runs>0 41 10</runs>
            <runs>0 39 6</runs>
            <runs>0 24 9 1 1 2 7</runs>
            <runs>0 24 19</runs>
            <runs>0 25 17</runs>
            <runs>0 25 16</runs>
            <runs>0 26 14</runs>
            <runs>0 26 13</runs>
            <runs>0 26 10</runs>
        </run-table>
    </sample>
    <sample shape="FLAT" interline="22" pitch="1.1" left="385" top="871" id="467">
        <run-table orientation="VERTICAL" width="20" height="55">
            <runs>0 14 8 4 2</runs>
            <runs>52 1 2</runs>
            <runs>14 1 40</runs>
            <runs>3 1 10 14 5 17 4</runs>
            <runs>0 28 4 18 3</runs>
            <runs>0 27 4 17 4</runs>
            <runs>0 26 4 17 4</runs>
            <runs>0 26 3 16 5</runs>
            <runs>0 25 4 15 5</runs>
            <runs>0 25 4 14 5</runs>
            <runs>0 24 5 13 5</runs>
            <runs>0 24 6 8 8</runs>
            <runs>0 24 8 5 8</runs>
            <runs>0 24 19</runs>
            <runs>0 24 18</runs>
            <runs>0 25 16</runs>
            <runs>0 25 16</runs>
            <runs>0 26 15</runs>
            <runs>0 27 8</runs>
            <runs>0 31 1</runs>
        </run-table>
    </sample>
    <sample shape="FLAT" interline="22" pitch="-1.8" left="410" top="840" id="475">
        <run-table orientation="VERTICAL" width="20" height="55">
            <runs>0 1 9 1 3 3 1 27 10</runs>
            <runs>54</runs>
            <runs>44 8 1</runs>
            <runs>0 2 7 11 1 4 8</runs>
            <runs>0 29 3</runs>
            <runs>0 29 2 15 1</runs>
            <runs>0 29 1 15 2</runs>
            <runs>0 45 2</runs>
            <runs>0 44 3</runs>
            <runs>0 43 7</runs>
            <runs>0 41 5</runs>
            <runs>0 40 10</runs>
            <runs>0 24 7 6 7</runs>
            <runs>0 24 19</runs>
            <runs>0 24 19</runs>
            <runs>0 24 17</runs>
            <runs>0 25 14</runs>
            <runs>0 25 13</runs>
            <runs>0 25 11</runs>
            <runs>0 30 4</runs>
        </run-table>
    </sample>
    <sample shape="FLAT" interline="22" pitch="2.2" left="433" top="882" id="474">
        <run-table orientation="VERTICAL" width="19" height="56">
            <runs>0 3 53</runs>
            <runs>55</runs>
            <runs>3 9 24 3 1</runs>
            <runs>2</runs>
            <runs></runs>
            <runs></runs>
            <runs>0 26 1 19 2</runs>
            <runs>0 26 1 17 8</runs>
            <runs>0 25 2 16 9</runs>
            <runs>0 25 2 15 10</runs>
            <runs>0 24 3 14 5</runs>
            <runs>0 24 3 12 7</runs>
            <runs>0 24 20</runs>
            <runs>0 24 19</runs>
            <runs>0 25 17</runs>
            <runs>0 25 15</runs>
            <runs>0 26 13</runs>
            <runs>0 26 11</runs>
            <runs>0 27 7</runs>
        </run-table>
    </sample>
    <sample shape="FLAT" interline="22" pitch="-0.5" left="243" top="1124" id="510">
        <run-table orientation="VERTICAL" width="19" height="56">
            <runs>0 1 10 7 2 2 5 6 1</runs>
            <runs>55</runs>
            <runs>7 1 48</runs>
            <runs>0 26 8 14 6</runs>
            <runs>0 27 5 17 4</runs>
            <runs>0 26 4 17 6</runs>
            <runs>0 26 3 17 5</runs>
            <runs>0 25 4 15 6</runs>
            <runs>0 24 5 14 7</runs>
            <runs>0 24 4 14 7</runs>
            <runs>0 24 5 8 10</runs>
            <runs>0 24 6 6 10</runs>
            <runs>0 24 9 3 9</runs>
            <runs>0 24 19</runs>
            <runs>0 24 18</runs>
            <runs>0 25 16</runs>
            <runs>0 25 15</runs>
            <runs>0 26 13</runs>
            <runs>0 27 12</runs>
        </run-table>
    </sample>
    <sample shape="FLAT" interline="22" pitch="-3.7" left="267" top="1090" id="519">
        <run-table orientation="VERTICAL" width="19" height="55">
            <runs>0 4 2 19 30</runs>
            <runs>0 1 54</runs>
            <runs>35 18 1</runs>
            <runs>0 6 5 1 7 1 4 7 2</runs>
            <runs></runs>
            <runs>0 47 1</runs>
            <runs>0 46 2</runs>
            <runs>0 45 3</runs>
            <runs>0 43 8</runs>
            <runs>0 42 6</runs>
            <runs>0 40 7</runs>
            <runs>0 38 7</runs>
            <runs>0 25 19</runs>
            <runs>0 25 18</runs>
            <runs>0 25 17</runs>
            <runs>0 26 16</runs>
            <runs>0 27 13</runs>
            <runs>0 27 10</runs>
            <runs>0 27 7</runs>
        </run-table>
    </sample>
    <sample shape="FLAT" interline="22" pitch="0.4" left="291" top="1135" id="516">
        <run-table orientation="VERTICAL" width="19" height="55">
            <runs>40 1 1 3 7</runs>
            <runs>55</runs>
            <runs>0 13 22 9 10</runs>
            <runs>0 25 8 19 1</runs>
            <runs>0 30 1</runs>
            <runs></runs>
            <runs></runs>
            <runs>0 44 2</runs>
            <runs>0 43 3</runs>
            <runs>0 43 7</runs>
            <runs>0 41 9</runs>
            <runs>0 25 7 7 11</runs>
            <runs>0 25 20</runs>
            <runs>0 25 18</runs>
            <runs>0 25 17</runs>
            <runs>0 26 14</runs>
            <runs>0 26 12</runs>
            <runs>0 26 11</runs>
            <runs>0 26 10</runs>
        </run-table>
    </sample>
    <sample shape="FLAT" interline="22" pitch="-0.7" left="245" top="1320" id="524">
        <run-table orientation="VERTICAL" width="19" height="54">
            <runs>0 8 1 3 7 7 28</runs>
            <runs>42 1 11</runs>
            <runs>26 1 7 16 3</runs>
            <runs>5 2 4 12 1 4 4 17 3</runs>
            <runs>0 27 3 18 3</runs>
            <runs>0 26 4 16 4</runs>
            <runs>0 26 3 16 4</runs>
            <runs>0 26 3 15 5</runs>
            <runs>0 25 4 14 5</runs>
            <runs>0 25 4 12 6</runs>
            <runs>0 24 5 7 9</runs>
            <runs>0 24 7 5 8</runs>
            <runs>0 24 19</runs>
            <runs>0 24 18</runs>
            <runs>0 24 17</runs>
            <runs>0 25 15</runs>
            <runs>0 25 14</runs>
            <runs>0 27 12</runs>
            <runs>0 29 4</runs>
        </run-table>
    </sample>
    <sample shape="FLAT" interline="22" pitch="-3.7" left="266" top="1288" id="532">
        <run-table orientation="VERTICAL" width="21" height="54">
            <runs>0 11 3</runs>
            <runs>0 1 53</runs>
            <runs>54</runs>
            <runs>35 1 2 9 7</runs>
            <runs>0 25 8 18 2</runs>
            <runs>0 30 1</runs>
            <runs></runs>
            <runs></runs>
            <runs>0 44 2</runs>
            <runs>0 43 7</runs>
            <runs>0 41 9</runs>
            <runs>0 40 10</runs>
            <runs>0 38 12</runs>
            <runs>0 24 20</runs>
            <runs>0 24 19</runs>
            <runs>0 24 18</runs>
            <runs>0 25 16</runs>
            <runs>0 25 14</runs>
            <runs>0 25 13</runs>
            <runs>0 25 11</runs>
            <runs>0 32 1</runs>
        </run-table>
    </sample>
    <sample shape="FLAT" interline="22" pitch="0.3" left="289" top="1331" id="531">
        <run-table orientation="VERTICAL" width="20" height="54">
            <runs>0 24 9 7 1 1 1 2 9</runs>
            <runs>0 15 39</runs>
            <runs>53</runs>
            <runs>34 18 1</runs>
            <runs>15 9 8</runs>
            <runs>0 1 2 27 1</runs>
            <runs></runs>
            <runs>0 44 2</runs>
            <runs>0 44 2</runs>
            <runs>0 43 7</runs>
            <runs>0 42 8</runs>
            <runs>0 30 1 9 10</runs>
            <runs>0 25 7 6 7</runs>
            <runs>0 25 19</runs>
            <runs>0 25 18</runs>
            <runs>0 25 17</runs>
            <runs>0 26 14</runs>
            <runs>0 26 12</runs>
            <runs>0 26 11</runs>
            <runs>0 26 9</runs>
        </run-table>
    </sample>
    <sample shape="FLAT" interline="22" pitch="-0.6" left="243" top="1597" id="565">
        <run-table orientation="VERTICAL" width="19" height="55">
            <runs>0 1 4 2 48</runs>
            <runs>54</runs>
            <runs>35 13 5</runs>
            <runs>0 21 4 3 4 16 4</runs>
            <runs>0 23 3 2 3 16 4</runs>
            <runs>0 26 4 16 5</runs>
            <runs>0 26 3 16 5</runs>
            <runs>0 25 4 15 5</runs>
            <runs>0 25 4 14 5</runs>
            <runs>0 24 5 13 5</runs>
            <runs>0 24 5 7 10</runs>
            <runs>0 24 7 5 9</runs>
            <runs>0 25 18</runs>
            <runs>0 25 18</runs>
            <runs>0 25 16</runs>
            <runs>0 25 15</runs>
            <runs>0 26 13</runs>
            <runs>0 27 12</runs>
            <runs>0 28 6</runs>
        </run-table>
    </sample>
    <sample shape="FLAT" interline="22" pitch="-3.7" left="266" top="1564" id="574">
        <run-table orientation="VERTICAL" width="20" height="55">
            <runs>0 13 1 11 12 1 17</runs>
            <runs>0 7 1 1 45</runs>
            <runs>35 17 1</runs>
            <runs>13 12 7</runs>
            <runs>8</runs>
            <runs></runs>
            <runs></runs>
            <runs>0 45 1</runs>
            <runs>0 43 7</runs>
            <runs>0 42 8</runs>
            <runs>0 41 4</runs>
            <runs>0 40 5</runs>
            <runs>0 25 9 4 5</runs>
            <runs>0 25 17</runs>
            <runs>0 25 16</runs>
            <runs>0 25 15</runs>
            <runs>0 25 14</runs>
            <runs>0 26 11</runs>
            <runs>0 26 10</runs>
            <runs>0 28 4</runs>
        </run-table>
    </sample>
    <sample shape="FLAT" interline="22" pitch="0.3" left="287" top="1608" id="572">
        <run-table orientation="VERTICAL" width="20" height="55">
            <runs>0 8 1 37 9</runs>
            <runs>33 1 20</runs>
            <runs>53</runs>
            <runs>33 18 1</runs>
            <runs>0 24 7</runs>
            <runs></runs>
            <runs></runs>
            <runs></runs>
            <runs></runs>
            <runs>0 44 1</runs>
            <runs>0 43 8</runs>
            <runs>0 41 5</runs>
            <runs>0 30 1 8 6</runs>
            <runs>0 25 19</runs>
            <runs>0 25 18</runs>
            <runs>0 25 17</runs>
            <runs>0 25 15</runs>
            <runs>0 25 14</runs>
            <runs>0 25 12</runs>
            <runs>0 25 10</runs>
        </run-table>
    </sample>
    <sample shape="FLAT" interline="22" pitch="1.2" left="240" top="1816" id="580">
        <run-table orientation="VERTICAL" width="20" height="55">
            <runs>0 3 4 2 1 2 2</runs>
            <runs>0 1 54</runs>
            <runs>55</runs>
            <runs>0 1 11 3 21 13 6</runs>
            <runs>0 28 6 16 5</runs>
            <runs>0 27 4 18 5</runs>
            <runs>0 26 5 16 5</runs>
            <runs>0 26 4 15 7</runs>
            <runs>0 25 5 14 6</runs>
            <runs>0 25 4 14 5</runs>
            <runs>0 24 6 9 9</runs>
            <runs>0 26 5 8 7</runs>
            <runs>0 24 9 2 1 1 8</runs>
            <runs>0 24 20</runs>
            <runs>0 25 18</runs>
            <runs>0 25 17</runs>
            <runs>0 25 17</runs>
            <runs>0 26 16</runs>
            <runs>0 27 10</runs>
            <runs>0 30 5</runs>
        </run-table>
    </sample>
    <sample shape="FLAT" interline="22" pitch="-1.7" left="265" top="1785" id="587">
        <run-table orientation="VERTICAL" width="20" height="56">
            <runs>0 30 2 4 1</runs>
            <runs>0 1 2 1 11 8 33</runs>
            <runs>55</runs>
            <runs>37 10 8</runs>
            <runs>0 1 22 2 9 17 3</runs>
            <runs>0 30 2 19 3</runs>
            <runs>0 51 2</runs>
            <runs></runs>
            <runs>0 44 7</runs>
            <runs>0 43 8</runs>
            <runs>0 42 9</runs>
            <runs>0 41 10</runs>
            <runs>0 39 7</runs>
            <runs>0 25 20</runs>
            <runs>0 25 18</runs>
            <runs>0 25 17</runs>
            <runs>0 25 16</runs>
            <runs>0 26 13</runs>
            <runs>0 26 11</runs>
            <runs>0 26 9</runs>
        </run-table>
    </sample>
    <sample shape="FLAT" interline="22" pitch="2.3" left="289" top="1828" id="589">
        <run-table orientation="VERTICAL" width="22" height="56">
            <runs>22 2 7</runs>
            <runs>54</runs>
            <runs>0 1 55</runs>
            <runs>0 15 2 5 14 12 7</runs>
            <runs>0 32 1 20 1</runs>
            <runs></runs>
            <runs></runs>
            <runs>0 46 1</runs>
            <runs>0 45 7</runs>
            <runs>0 44 8</runs>
            <runs>0 43 9</runs>
            <runs>0 41 6</runs>
            <runs>0 25 8 6 7</runs>
            <runs>0 25 19</runs>
            <runs>0 25 18</runs>
            <runs>0 25 17</runs>
            <runs>0 26 14</runs>
            <runs>0 27 12</runs>
            <runs>0 27 10</runs>
            <runs>0 27 10</runs>
            <runs>0 34 3</runs>
            <runs>0 35 3</runs>
        </run-table>
    </sample>
    <sample shape="FLAT" interline="22" pitch="-0.6" left="241" top="2125" id="615">
        <run-table orientation="VERTICAL" width="19" height="55">
            <runs>0 1 1 2 9 2 30 5 4</runs>
            <runs>55</runs>
            <runs>41 1 13</runs>
            <runs>0 1 1 22 1 3 6 16 3</runs>
            <runs>0 28 4 16 4</runs>
            <runs>0 27 4 16 5</runs>
            <runs>0 26 4 16 5</runs>
            <runs>0 25 4 16 4</runs>
            <runs>0 25 6 13 4</runs>
            <runs>0 25 4 13 5</runs>
            <runs>0 25 5 11 5</runs>
            <runs>0 26 4 6 9</runs>
            <runs>0 27 7 1 10</runs>
            <runs>0 27 16</runs>
            <runs>0 27 15</runs>
            <runs>0 26 15</runs>
            <runs>0 29 11</runs>
            <runs>0 30 10</runs>
            <runs>0 30 9</runs>
        </run-table>
    </sample>
    <sample shape="FLAT" interline="22" pitch="-3.7" left="255" top="2092" id="624">
        <run-table orientation="VERTICAL" width="29" height="59">
            <runs>0 57 2</runs>
            <runs></runs>
            <runs></runs>
            <runs></runs>
            <runs></runs>
            <runs></runs>
            <runs></runs>
            <runs></runs>
            <runs></runs>
            <runs>0 6 1 2 1 8 1 4 16 2 4</runs>
            <runs>55</runs>
            <runs>37 1 5 3 8</runs>
            <runs>13 1 9 2 7 20 1</runs>
            <runs>0 29 2</runs>
            <runs></runs>
            <runs>0 45 2</runs>
            <runs>0 44 7</runs>
            <runs>0 42 9</runs>
            <runs>0 41 10</runs>
            <runs>0 40 6</runs>
            <runs>0 37 8</runs>
            <runs>0 24 20</runs>
            <runs>0 24 19</runs>
            <runs>0 24 17</runs>
            <runs>0 24 16</runs>
            <runs>0 25 13</runs>
            <runs>0 25 12</runs>
            <runs>0 26 9</runs>
            <runs>0 31 1</runs>
        </run-table>
    </sample>
    <sample shape="FLAT" interline="22" pitch="0.7" left="289" top="2139" id="619">
        <run-table orientation="VERTICAL" width="20" height="56">
            <runs>0 6 9</runs>
            <runs>54</runs>
            <runs>56</runs>
            <runs>0 10 2 1 1 7 13 10 9</runs>
            <runs>0 28 4 17 4</runs>
            <runs>0 27 3 14 8</runs>
            <runs>0 26 3 15 7</runs>
            <runs>0 26 3 18 3</runs>
            <runs>0 26 3 18 2</runs>
            <runs>0 26 3 18 1</runs>
            <runs>0 26 3 12 2</runs>
            <runs>0 23 7 9 8</runs>
            <runs>0 23 9 6 9</runs>
            <runs>0 23 24</runs>
            <runs>0 23 20</runs>
            <runs>0 23 17</runs>
            <runs>0 23 16</runs>
            <runs>0 23 15</runs>
            <runs>0 23 14</runs>
            <runs>0 28 6</runs>
        </run-table>
    </sample>
    <sample shape="FLAT" interline="22" pitch="1.3" left="242" top="2341" id="631">
        <run-table orientation="VERTICAL" width="19" height="54">
            <runs>0 5 49</runs>
            <runs>54</runs>
            <runs>41 4 8</runs>
            <runs>5 22 6 15 5</runs>
            <runs>0 27 3 17 5</runs>
            <runs>0 26 4 16 5</runs>
            <runs>0 25 4 15 6</runs>
            <runs>0 25 3 15 5</runs>
            <runs>0 24 4 14 5</runs>
            <runs>0 23 5 10 8</runs>
            <runs>0 23 6 8 8</runs>
            <runs>0 23 6 8 7</runs>
            <runs>0 23 20</runs>
            <runs>0 23 19</runs>
            <runs>0 24 17</runs>
            <runs>0 24 16</runs>
            <runs>0 25 15</runs>
            <runs>0 25 15</runs>
            <runs>0 26 9</runs>
        </run-table>
    </sample>
    <sample shape="FLAT" interline="22" pitch="-1.4" left="268" top="2311" id="636">
        <run-table orientation="VERTICAL" width="21" height="54">
            <runs>0 37 1 1 15</runs>
            <runs>0 35 19</runs>
            <runs>54</runs>
            <runs>35 10 8</runs>
            <runs>33 12 7</runs>
            <runs>0 24 7 19 1</runs>
            <runs>0 29 1</runs>
            <runs>0 44 1</runs>
            <runs>0 43 2</runs>
            <runs>0 42 3</runs>
            <runs>0 40 8</runs>
            <runs>0 38 10</runs>
            <runs>0 35 13</runs>
            <runs>0 24 10 1 8</runs>
            <runs>0 24 18</runs>
            <runs>0 24 17</runs>
            <runs>0 24 17</runs>
            <runs>0 25 14</runs>
            <runs>0 25 12</runs>
            <runs>0 25 10</runs>
            <runs>0 30 4</runs>
        </run-table>
    </sample>
    <sample shape="FLAT" interline="22" pitch="2.7" left="292" top="2355" id="637">
        <run-table orientation="VERTICAL" width="20" height="55">
            <runs>0 44 11</runs>
            <runs>55</runs>
            <runs>54</runs>
            <runs>0 5 2 5 3 4 14 12 8</runs>
            <runs>0 23 8 14 7</runs>
            <runs>0 23 7 15 7</runs>
            <runs></runs>
            <runs></runs>
            <runs>0 42 7</runs>
            <runs>0 42 6</runs>
            <runs>0 40 8</runs>
            <runs>0 39 9</runs>
            <runs>0 23 8 7 10</runs>
            <runs>0 23 20</runs>
            <runs>0 23 19</runs>
            <runs>0 23 17</runs>
            <runs>0 23 16</runs>
            <runs>0 23 15</runs>
            <runs>0 23 13</runs>
            <runs>0 29 4</runs>
        </run-table>
    </sample>
    <sample shape="FLAT" interline="22" pitch="-0.5" left="244" top="2610" id="657">
        <run-table orientation="VERTICAL" width="21" height="55">
            <runs>0 44 11</runs>
            <runs>0 1 53</runs>
            <runs>44 5 5</runs>
            <runs>39 11 3</runs>
            <runs>0 28 4 16 4</runs>
            <runs>0 27 4 15 5</runs>
            <runs>0 27 3 15 5</runs>
            <runs>0 26 3 15 5</runs>
            <runs>0 25 4 15 4</runs>
            <runs>0 25 4 14 4</runs>
            <runs>0 24 5 13 4</runs>
            <runs>0 24 6 6 9</runs>
            <runs>0 24 6 6 8</runs>
            <runs>0 24 20</runs>
            <runs>0 24 18</runs>
            <runs>0 25 16</runs>
            <runs>0 25 15</runs>
            <runs>0 25 14</runs>
            <runs>0 27 11</runs>
            <runs>0 28 10</runs>
            <runs>0 31 1</runs>
        </run-table>
    </sample>
    <sample shape="FLAT" interline="22" pitch="-3.7" left="267" top="2575" id="662">
        <run-table orientation="VERTICAL" width="20" height="56">
            <runs>0 3 3 12 5 11 4 7 2 5 2</runs>
            <runs>0 2 54</runs>
            <runs>55</runs>
            <runs>2 15 18 18 1</runs>
            <runs></runs>
            <runs></runs>
            <runs>0 46 2</runs>
            <runs>0 26 1 18 7</runs>
            <runs>0 25 2 17 7</runs>
            <runs>0 25 2 16 8</runs>
            <runs>0 25 2 15 10</runs>
            <runs>0 25 2 13 7</runs>
            <runs>0 24 8 6 8</runs>
            <runs>0 24 20</runs>
            <runs>0 26 18</runs>
            <runs>0 26 16</runs>
            <runs>0 26 15</runs>
            <runs>0 27 13</runs>
            <runs>0 28 10</runs>
            <runs>0 30 3 1 1</runs>
        </run-table>
    </sample>
    <sample shape="FLAT" interline="22" pitch="0.6" left="288" top="2623" id="660">
        <run-table orientation="VERTICAL" width="21" height="54">
            <runs>0 47 2</runs>
            <runs>0 20 3 8 23</runs>
            <runs>54</runs>
            <runs>33 16 3</runs>
            <runs>0 19 12 18 2</runs>
            <runs>0 27 4 17 3</runs>
            <runs>0 23 7 18 2</runs>
            <runs>0 23 6 19 1</runs>
            <runs>0 23 6</runs>
            <runs>0 23 5</runs>
            <runs>0 23 5 13 7</runs>
            <runs>0 23 5 12 7</runs>
            <runs>0 23 6 9 10</runs>
            <runs>0 23 7 1 12</runs>
            <runs>0 23 19</runs>
            <runs>0 23 17</runs>
            <runs>0 23 16</runs>
            <runs>0 23 15</runs>
            <runs>0 23 13</runs>
            <runs>0 23 9</runs>
            <runs>0 29 2</runs>
        </run-table>
    </sample>
    <sample shape="FLAT" interline="22" pitch="-0.4" left="247" top="2795" id="667">
        <run-table orientation="VERTICAL" width="20" height="54">
            <runs>0 12 29 2 8 2 1</runs>
            <runs>0 1 5 1 47</runs>
            <runs>40 5 8</runs>
            <runs>0 1 1 1 13 12 5 16 3</runs>
            <runs>0 28 3 17 4</runs>
            <runs>0 27 3 16 5</runs>
            <runs>0 26 3 16 5</runs>
            <runs>0 25 4 15 5</runs>
            <runs>0 25 4 14 5</runs>
            <runs>0 24 5 13 5</runs>
            <runs>0 24 5 12 5</runs>
            <runs>0 24 6 9 6</runs>
            <runs>0 24 20</runs>
            <runs>0 24 19</runs>
            <runs>0 24 18</runs>
            <runs>0 25 16</runs>
            <runs>0 25 14</runs>
            <runs>0 26 12</runs>
            <runs>0 28 9</runs>
            <runs>0 29 8</runs>
        </run-table>
    </sample>
    <sample shape="FLAT" interline="22" pitch="-3.8" left="271" top="2758" id="675">
        <run-table orientation="VERTICAL" width="20" height="54">
            <runs>0 1 3</runs>
            <runs>54</runs>
            <runs>53</runs>
            <runs>2 4 1 14 13</runs>
            <runs></runs>
            <runs>0 27 1</runs>
            <runs>0 26 2 18 1</runs>
            <runs>0 25 3 17 8</runs>
            <runs>0 26 2 17 8</runs>
            <runs>0 26 2 16 4</runs>
            <runs>0 25 3 15 4</runs>
            <runs>0 25 3 12 6</runs>
            <runs>0 24 7 7 7</runs>
            <runs>0 25 19</runs>
            <runs>0 25 18</runs>
            <runs>0 25 16</runs>
            <runs>0 26 14</runs>
            <runs>0 26 13</runs>
            <runs>0 27 10</runs>
            <runs>0 29 7</runs>
        </run-table>
    </sample>
    <sample shape="FLAT" interline="22" pitch="0.5" left="295" top="2805" id="673">
        <run-table orientation="VERTICAL" width="21" height="54">
            <runs>0 6 3</runs>
            <runs>0 1 52</runs>
            <runs>54</runs>
            <runs>2 5 46</runs>
            <runs>0 24 10 15 3</runs>
            <runs>0 29 1 19 2</runs>
            <runs>0 49 1</runs>
            <runs></runs>
            <runs></runs>
            <runs></runs>
            <runs>0 41 8</runs>
            <runs>0 40 9</runs>
            <runs>0 23 8 6 12</runs>
            <runs>0 23 21</runs>
            <runs>0 23 19</runs>
            <runs>0 24 17</runs>
            <runs>0 24 16</runs>
            <runs>0 24 14</runs>
            <runs>0 24 12</runs>
            <runs>0 24 11</runs>
            <runs>0 31 1</runs>
        </run-table>
    </sample>
    <sample shape="TIME_THREE" interline="22" pitch="-2.1" left="472" top="660" id="488">
        <run-table orientation="VERTICAL" width="29" height="40">
            <runs>0 5 4 18 6</runs>
            <runs>0 3 7 16 9</runs>
            <runs>0 1 10 14 11</runs>
            <runs>0 1 11 12 12</runs>
            <runs>12 12 13</runs>
            <runs>13 11 13</runs>
            <runs>12 12 14</runs>
            <runs>12 12 14</runs>
            <runs>12 12 14</runs>
            <runs>0 3 8 14 10 2 2</runs>
            <runs>0 4 7 14 9 3 2</runs>
            <runs>0 6 3 17 7 5 1</runs>
            <runs>0 26 6 6 1</runs>
            <runs>0 15 1 22 1</runs>
            <runs>0 14 7 17 1</runs>
            <runs>0 1 2 10 8 16 2</runs>
            <runs>8 3 11 13 5</runs>
            <runs>28 5 7</runs>
            <runs>38</runs>
            <runs>39</runs>
            <runs>17 1 20</runs>
            <runs>16 2 20</runs>
            <runs>15 3 20</runs>
            <runs>0 1 13 4 19</runs>
            <runs>0 2 11 6 17</runs>
            <runs>0 4 8 7 16</runs>
            <runs>0 6 5 8 14</runs>
            <runs>0 22 10</runs>
            <runs>0 24 6</runs>
        </run-table>
    </sample>
    <sample shape="TIME_THREE" interline="22" pitch="-2.1" left="472" top="847" id="498">
        <run-table orientation="VERTICAL" width="30" height="39">
            <runs>0 28 3</runs>
            <runs>0 4 6 16 8</runs>
            <runs>0 2 9 13 11</runs>
            <runs>0 1 11 12 12</runs>
            <runs>13 11 12</runs>
            <runs>13 10 14</runs>
            <runs>12 11 15</runs>
            <runs>13 3 2 5 15</runs>
            <runs>12 4 2 6 14</runs>
            <runs>0 2 9 5 2 6 14</runs>
            <runs>0 4 7 5 2 7 8 3 2</runs>
            <runs>0 5 6 5 2 8 7 4 2</runs>
            <runs>0 16 2 9 5 6 1</runs>
            <runs>0 15 3 20 1</runs>
            <runs>1 14 3 19 2</runs>
            <runs>2 12 7 16 2</runs>
            <runs>4 2 2 3 10 15 3</runs>
            <runs>26 2 1 3 1 1 5</runs>
            <runs>38</runs>
            <runs>38</runs>
            <runs>0 1 15 2 20</runs>
            <runs>16 2 19</runs>
            <runs>15 3 19</runs>
            <runs>15 4 17</runs>
            <runs>0 1 13 5 17</runs>
            <runs>0 2 11 6 16</runs>
            <runs>0 4 7 8 16</runs>
            <runs>0 19 14</runs>
            <runs>0 23 8</runs>
            <runs>0 25 2</runs>
        </run-table>
    </sample>
    <sample shape="TIME_FOUR" interline="22" pitch="2.2" left="471" top="706" id="480">
        <run-table orientation="VERTICAL" width="31" height="38">
            <runs>0 25 7</runs>
            <runs>0 25 6</runs>
            <runs>0 24 7</runs>
            <runs>0 22 9</runs>
            <runs>0 16 15</runs>
            <runs>0 16 9 1 5</runs>
            <runs>0 15 9 3 5</runs>
            <runs>0 8 14 5 4</runs>
            <runs>0 1 19 7 4</runs>
            <runs>0 1 18 8 4</runs>
            <runs>0 1 18 8 4</runs>
            <runs>0 1 18 8 4</runs>
            <runs>0 1 14 12 4</runs>
            <runs>0 1 13 12 5</runs>
            <runs>0 1 11 14 12</runs>
            <runs>0 1 10 14 13</runs>
            <runs>8 6 24</runs>
            <runs>7 5 26</runs>
            <runs>5 6 27</runs>
            <runs>0 9 29</runs>
            <runs>0 8 30</runs>
            <runs>0 6 32</runs>
            <runs>0 5 33</runs>
            <runs>0 4 34</runs>
            <runs>0 4 29 1 4</runs>
            <runs>0 15 8 1 1 1 5</runs>
            <runs>0 26 5</runs>
            <runs>0 26 4</runs>
            <runs>0 26 4</runs>
            <runs>0 26 4</runs>
            <runs>0 26 4</runs>
        </run-table>
    </sample>
    <sample shape="TIME_FOUR" interline="22" pitch="2.3" left="472" top="893" id="493">
        <run-table orientation="VERTICAL" width="34" height="38">
            <runs>0 30 1</runs>
            <runs>0 29 3</runs>
            <runs>0 26 6</runs>
            <runs>0 24 7</runs>
            <runs>0 22 9</runs>
            <runs>0 20 11</runs>
            <runs>0 16 10 1 5</runs>
            <runs>0 15 10 2 4</runs>
            <runs>0 2 1 3 17 4 4</runs>
            <runs>0 1 21 6 3</runs>
            <runs>0 1 19 8 3</runs>
            <runs>0 1 18 8 4</runs>
            <runs>0 1 18 8 4</runs>
            <runs>0 1 18 8 4</runs>
            <runs>0 1 13 13 4</runs>
            <runs>0 1 11 15 4</runs>
            <runs>0 1 11 15 5 3 3</runs>
            <runs>0 1 9 5 7 1 15</runs>
            <runs>7 6 25</runs>
            <runs>4 7 27</runs>
            <runs>2 8 28</runs>
            <runs>0 8 30</runs>
            <runs>0 6 32</runs>
            <runs>0 4 34</runs>
            <runs>0 4 34</runs>
            <runs>0 4 34</runs>
            <runs>0 6 4 12 16</runs>
            <runs>0 26 5</runs>
            <runs>0 26 5</runs>
            <runs>0 26 5</runs>
            <runs>0 26 5</runs>
            <runs>0 26 4</runs>
            <runs>0 26 4</runs>
            <runs>0 26 4</runs>
        </run-table>
    </sample>
    <sample shape="TIME_THREE_FOUR" interline="22" pitch="-0.1" left="471" top="660" id="484">
        <run-table orientation="VERTICAL" width="31" height="84">
            <runs>0 71 7</runs>
            <runs>0 5 4 18 6 38 6</runs>
            <runs>0 3 7 16 9 35 7</runs>
            <runs>0 1 10 14 11 32 9</runs>
            <runs>0 1 11 12 12 26 15</runs>
            <runs>12 12 13 25 9 1 5</runs>
            <runs>13 11 13 24 9 3 5</runs>
            <runs>12 12 14 16 14 5 4</runs>
            <runs>12 12 14 9 19 7 4</runs>
            <runs>12 12 14 9 18 8 4</runs>
            <runs>0 3 8 14 10 2 2 8 18 8 4</runs>
            <runs>0 4 7 14 9 3 2 8 18 8 4</runs>
            <runs>0 6 3 17 7 5 1 8 14 12 4</runs>
            <runs>0 26 6 6 1 8 13 12 5</runs>
            <runs>0 15 1 22 1 8 11 14 12</runs>
            <runs>0 14 7 17 1 8 10 14 13</runs>
            <runs>0 1 2 10 8 16 2 7 8 6 24</runs>
            <runs>8 3 11 13 8 3 7 5 26</runs>
            <runs>28 5 10 3 5 6 27</runs>
            <runs>38 17 29</runs>
            <runs>39 15 30</runs>
            <runs>17 1 20 14 32</runs>
            <runs>16 2 20 13 33</runs>
            <runs>15 3 20 12 34</runs>
            <runs>0 1 13 4 19 13 29 1 4</runs>
            <runs>0 2 11 6 17 25 8 1 1 1 5</runs>
            <runs>0 4 8 7 16 37 5</runs>
            <runs>0 6 5 8 14 39 4</runs>
            <runs>0 22 10 40 4</runs>
            <runs>0 24 6 42 4</runs>
            <runs>0 72 4</runs>
        </run-table>
    </sample>
    <sample shape="TIME_THREE_FOUR" interline="22" pitch="-0.1" left="472" top="847" id="497">
        <run-table orientation="VERTICAL" width="34" height="84">
            <runs>0 28 3 45 1</runs>
            <runs>0 4 6 16 8 41 3</runs>
            <runs>0 2 9 13 11 37 6</runs>
            <runs>0 1 11 12 12 34 7</runs>
            <runs>13 11 12 32 9</runs>
            <runs>13 10 14 29 11</runs>
            <runs>12 11 15 24 10 1 5</runs>
            <runs>13 3 2 5 15 23 10 2 4</runs>
            <runs>12 4 2 6 14 10 1 3 17 4 4</runs>
            <runs>0 2 9 5 2 6 14 9 21 6 3</runs>
            <runs>0 4 7 5 2 7 8 3 2 9 19 8 3</runs>
            <runs>0 5 6 5 2 8 7 4 2 8 18 8 4</runs>
            <runs>0 16 2 9 5 6 1 8 18 8 4</runs>
            <runs>0 15 3 20 1 8 18 8 4</runs>
            <runs>1 14 3 19 2 8 13 13 4</runs>
            <runs>2 12 7 16 2 8 11 15 4</runs>
            <runs>4 2 2 3 10 15 3 8 11 15 5 3 3</runs>
            <runs>26 2 1 3 1 1 5 8 9 5 7 1 15</runs>
            <runs>38 8 7 6 25</runs>
            <runs>38 8 4 7 27</runs>
            <runs>0 1 15 2 20 8 2 8 28</runs>
            <runs>16 2 19 17 30</runs>
            <runs>15 3 19 15 32</runs>
            <runs>15 4 17 14 34</runs>
            <runs>0 1 13 5 17 14 34</runs>
            <runs>0 2 11 6 16 15 34</runs>
            <runs>0 4 7 8 16 17 4 12 16</runs>
            <runs>0 19 14 39 5</runs>
            <runs>0 23 8 41 5</runs>
            <runs>0 25 2 45 5</runs>
            <runs>0 72 5</runs>
            <runs>0 72 4</runs>
            <runs>0 72 4</runs>
            <runs>0 72 4</runs>
        </run-table>
    </sample>
</samples>
