<?xml version="1.0" encoding="UTF-8" standalone="yes"?>
<samples id="41">
    <sample shape="CLUTTER" interline="21" left="269" top="1033" id="418">
        <run-table orientation="VERTICAL" width="21" height="60">
            <runs>0 5 55</runs>
            <runs>0 6 53</runs>
            <runs>0 11 6 2 2 5 13 18 2</runs>
            <runs>0 57 1</runs>
            <runs></runs>
            <runs></runs>
            <runs></runs>
            <runs></runs>
            <runs></runs>
            <runs></runs>
            <runs></runs>
            <runs></runs>
            <runs></runs>
            <runs></runs>
            <runs></runs>
            <runs></runs>
            <runs></runs>
            <runs></runs>
            <runs></runs>
            <runs>0 3 1 2 24</runs>
            <runs>29</runs>
        </run-table>
    </sample>
    <sample shape="CLUTTER" interline="21" left="273" top="253" id="343">
        <run-table orientation="VERTICAL" width="21" height="54">
            <runs>0 19 35</runs>
            <runs>0 1 36 11 6</runs>
            <runs>19 12 2</runs>
            <runs>16 15 1</runs>
            <runs></runs>
            <runs></runs>
            <runs></runs>
            <runs></runs>
            <runs></runs>
            <runs></runs>
            <runs></runs>
            <runs></runs>
            <runs></runs>
            <runs></runs>
            <runs></runs>
            <runs></runs>
            <runs></runs>
            <runs></runs>
            <runs></runs>
            <runs>0 19 5</runs>
            <runs>0 11 14</runs>
        </run-table>
    </sample>
</samples>
