<?xml version="1.0" encoding="UTF-8"?>
<stick id="2308" interline="19" shape="BEAM">
    <is-within-system>true</is-within-system>
    <has-ledger>false</has-ledger>
    <stem-number>2</stem-number>
    <step-line>-5.846153846153846</step-line>
    <moments>
        <k>1.6426592797783934</k>
        <k>2.5789473684210527</k>
        <k>0.7368421052631579</k>
        <k>0.3392602073304765</k>
        <k>-5.355159814451021E-4</k>
        <k>0.020526657980281568</k>
        <k>-2.142583204078374E-4</k>
        <k>0.0011068298086615684</k>
        <k>-5.922898814190521E-5</k>
        <k>4.351662235796985E-6</k>
        <k>0.3597868653107581</k>
        <k>0.10159222259083868</k>
        <k>1.0998107132239981E-5</k>
        <k>1.3095195692034144E-6</k>
        <k>-3.7592261765505995E-12</k>
        <k>-3.6905731184977753E-7</k>
        <k>3.2505032611820398E-12</k>
        <k>1404.9713322091063</k>
        <k>2139.510961214165</k>
    </moments><members>
    <section id="4716" first-pos="1381">
        <run start="2134" length="13" level="29"/>
        <run start="2134" length="13" level="33"/>
        <run start="2134" length="12" level="21"/>
        <run start="2134" length="12" level="22"/>
        <run start="2134" length="12" level="22"/>
        <run start="2134" length="12" level="22"/>
        <run start="2134" length="12" level="22"/>
        <run start="2134" length="12" level="22"/>
        <run start="2134" length="12" level="22"/>
        <run start="2134" length="12" level="22"/>
        <run start="2134" length="12" level="22"/>
        <run start="2134" length="12" level="22"/>
        <run start="2134" length="12" level="22"/>
        <run start="2134" length="12" level="22"/>
        <run start="2134" length="12" level="22"/>
        <run start="2134" length="12" level="22"/>
        <run start="2134" length="12" level="22"/>
        <run start="2134" length="12" level="22"/>
        <run start="2134" length="12" level="22"/>
        <run start="2134" length="12" level="22"/>
        <run start="2134" length="12" level="22"/>
        <run start="2134" length="12" level="22"/>
        <run start="2134" length="12" level="22"/>
        <run start="2134" length="12" level="22"/>
        <run start="2134" length="12" level="22"/>
        <run start="2134" length="12" level="19"/>
        <run start="2133" length="13" level="25"/>
        <run start="2134" length="12" level="8"/>
        <run start="2133" length="13" level="22"/>
        <run start="2134" length="12" level="11"/>
        <run start="2134" length="12" level="19"/>
        <run start="2134" length="12" level="18"/>
        <run start="2134" length="12" level="7"/>
        <run start="2134" length="12" level="3"/>
        <run start="2134" length="12" level="2"/>
        <run start="2134" length="12" level="9"/>
        <run start="2134" length="12" level="6"/>
        <run start="2134" length="12" level="2"/>
        <run start="2134" length="12" level="1"/>
        <run start="2134" length="12" level="1"/>
        <run start="2134" length="12" level="9"/>
        <run start="2134" length="12" level="6"/>
        <run start="2134" length="12" level="14"/>
        <run start="2134" length="12" level="3"/>
        <run start="2134" length="12" level="2"/>
        <run start="2134" length="12" level="14"/>
        <run start="2134" length="12" level="19"/>
        <run start="2134" length="12" level="20"/>
        <run start="2134" length="13" level="20"/>
    </section>
</members></stick>
