<?xml version="1.0" encoding="UTF-8"?>
<stick id="562" interline="19" shape="C_CLEF">
    <is-within-system>true</is-within-system>
    <has-ledger>false</has-ledger>
    <stem-number>0</stem-number>
    <step-line>2.358974358974359</step-line>
    <moments>
        <k>5.213296398891967</k>
        <k>2.3157894736842106</k>
        <k>3.263157894736842</k>
        <k>0.08213122931591628</k>
        <k>-0.002081290746232389</k>
        <k>0.17292427378288075</k>
        <k>0.002857452714111924</k>
        <k>-3.2021627619962666E-4</k>
        <k>3.959645088390837E-4</k>
        <k>-3.6425032391489777E-4</k>
        <k>0.25505550309879704</k>
        <k>0.008260704008261599</k>
        <k>3.143119057271074E-6</k>
        <k>1.1053218153266584E-5</k>
        <k>6.263082261036427E-11</k>
        <k>-8.99944304147319E-7</k>
        <k>1.794115741169734E-11</k>
        <k>628.3437832093517</k>
        <k>449.37832093517534</k>
    </moments><members>
    <section id="2314" first-pos="609">
        <run start="420" length="14" level="110"/>
    </section>
    <section id="2324" first-pos="610">
        <run start="420" length="60" level="48"/>
        <run start="419" length="62" level="43"/>
        <run start="419" length="62" level="40"/>
        <run start="419" length="62" level="40"/>
        <run start="419" length="62" level="40"/>
        <run start="419" length="62" level="39"/>
        <run start="419" length="62" level="41"/>
        <run start="420" length="61" level="92"/>
    </section>
    <section id="2315" first-pos="609">
        <run start="445" length="4" level="206"/>
    </section>
    <section id="2316" first-pos="609">
        <run start="461" length="18" level="198"/>
    </section>
    <section id="2355" first-pos="618">
        <run start="441" length="1" level="227"/>
    </section>
    <section id="2356" first-pos="618">
        <run start="445" length="4" level="206"/>
    </section>
    <section id="2357" first-pos="618">
        <run start="464" length="16" level="119"/>
    </section>
    <section id="2364" first-pos="619">
        <run start="464" length="3" level="134"/>
    </section>
    <section id="2373" first-pos="620">
        <run start="461" length="16" level="190"/>
    </section>
    <section id="2377" first-pos="621">
        <run start="419" length="61" level="42"/>
        <run start="419" length="61" level="39"/>
    </section>
    <section id="2370" first-pos="620">
        <run start="419" length="32" level="80"/>
    </section>
    <section id="2362" first-pos="619">
        <run start="420" length="5" level="129"/>
    </section>
    <section id="2363" first-pos="619">
        <run start="426" length="1" level="126"/>
    </section>
    <section id="2371" first-pos="620">
        <run start="452" length="1" level="226"/>
    </section>
    <section id="2372" first-pos="620">
        <run start="459" length="1" level="225"/>
    </section>
    <section id="2374" first-pos="620">
        <run start="478" length="2" level="185"/>
    </section>
    <section id="2382" first-pos="623">
        <run start="419" length="48" level="72"/>
    </section>
    <section id="2387" first-pos="624">
        <run start="421" length="3" level="202"/>
    </section>
    <section id="2388" first-pos="624">
        <run start="426" length="3" level="188"/>
    </section>
    <section id="2389" first-pos="624">
        <run start="431" length="3" level="204"/>
    </section>
    <section id="2390" first-pos="624">
        <run start="436" length="6" level="220"/>
    </section>
    <section id="2391" first-pos="624">
        <run start="448" length="6" level="92"/>
        <run start="445" length="10" level="97"/>
        <run start="443" length="13" level="67"/>
    </section>
    <section id="2400" first-pos="627">
        <run start="440" length="18" level="65"/>
    </section>
    <section id="2403" first-pos="628">
        <run start="436" length="24" level="53"/>
    </section>
    <section id="2407" first-pos="629">
        <run start="435" length="29" level="42"/>
    </section>
    <section id="2404" first-pos="628">
        <run start="461" length="2" level="226"/>
    </section>
    <section id="2413" first-pos="630">
        <run start="436" length="43" level="46"/>
        <run start="436" length="44" level="42"/>
        <run start="436" length="44" level="59"/>
    </section>
    <section id="2395" first-pos="626">
        <run start="466" length="8" level="198"/>
        <run start="466" length="10" level="97"/>
        <run start="466" length="11" level="71"/>
        <run start="466" length="12" level="65"/>
    </section>
    <section id="2417" first-pos="633">
        <run start="439" length="10" level="108"/>
        <run start="442" length="7" level="90"/>
        <run start="442" length="7" level="91"/>
        <run start="442" length="7" level="101"/>
        <run start="442" length="7" level="111"/>
        <run start="442" length="7" level="99"/>
        <run start="442" length="7" level="111"/>
        <run start="441" length="8" level="110"/>
        <run start="440" length="9" level="102"/>
    </section>
    <section id="2440" first-pos="642">
        <run start="420" length="25" level="57"/>
        <run start="420" length="29" level="58"/>
        <run start="420" length="29" level="68"/>
    </section>
    <section id="2430" first-pos="636">
        <run start="419" length="5" level="52"/>
        <run start="419" length="5" level="51"/>
        <run start="419" length="5" level="21"/>
        <run start="419" length="6" level="40"/>
        <run start="419" length="10" level="65"/>
        <run start="419" length="10" level="59"/>
    </section>
    <section id="2399" first-pos="627">
        <run start="423" length="8" level="127"/>
        <run start="422" length="10" level="81"/>
        <run start="421" length="12" level="74"/>
        <run start="420" length="13" level="59"/>
        <run start="420" length="13" level="49"/>
        <run start="419" length="14" level="52"/>
        <run start="419" length="14" level="55"/>
        <run start="419" length="14" level="75"/>
        <run start="419" length="13" level="96"/>
    </section>
    <section id="2394" first-pos="626">
        <run start="426" length="3" level="157"/>
    </section>
    <section id="2431" first-pos="636">
        <run start="425" length="6" level="164"/>
        <run start="426" length="3" level="184"/>
    </section>
    <section id="2443" first-pos="645">
        <run start="421" length="24" level="48"/>
        <run start="421" length="24" level="60"/>
        <run start="423" length="21" level="58"/>
        <run start="424" length="19" level="64"/>
        <run start="425" length="17" level="73"/>
        <run start="426" length="15" level="98"/>
    </section>
    <section id="2451" first-pos="651">
        <run start="428" length="10" level="204"/>
    </section>
    <section id="2418" first-pos="633">
        <run start="452" length="11" level="19"/>
    </section>
    <section id="2423" first-pos="634">
        <run start="453" length="6" level="9"/>
        <run start="453" length="6" level="46"/>
        <run start="452" length="6" level="73"/>
        <run start="452" length="6" level="45"/>
        <run start="452" length="6" level="43"/>
        <run start="452" length="6" level="48"/>
        <run start="452" length="6" level="55"/>
        <run start="453" length="7" level="62"/>
    </section>
    <section id="2441" first-pos="642">
        <run start="453" length="13" level="62"/>
    </section>
    <section id="2437" first-pos="641">
        <run start="461" length="1" level="227"/>
    </section>
    <section id="2442" first-pos="643">
        <run start="453" length="27" level="49"/>
        <run start="454" length="25" level="48"/>
        <run start="454" length="25" level="54"/>
        <run start="455" length="23" level="59"/>
        <run start="456" length="21" level="64"/>
        <run start="457" length="19" level="73"/>
        <run start="458" length="16" level="89"/>
    </section>
    <section id="2427" first-pos="635">
        <run start="477" length="4" level="64"/>
        <run start="477" length="4" level="63"/>
        <run start="477" length="4" level="62"/>
        <run start="476" length="5" level="78"/>
        <run start="475" length="6" level="74"/>
        <run start="474" length="7" level="64"/>
        <run start="471" length="10" level="87"/>
        <run start="468" length="12" level="67"/>
    </section>
    <section id="2419" first-pos="633">
        <run start="466" length="14" level="46"/>
        <run start="466" length="15" level="69"/>
    </section>
    <section id="2426" first-pos="635">
        <run start="466" length="10" level="79"/>
        <run start="468" length="7" level="99"/>
    </section>
    <section id="2434" first-pos="637">
        <run start="471" length="2" level="200"/>
    </section>
    <section id="2449" first-pos="650">
        <run start="461" length="11" level="130"/>
    </section>
    <section id="2452" first-pos="651">
        <run start="464" length="5" level="202"/>
        <run start="467" length="1" level="200"/>
    </section>
    <section id="2383" first-pos="623">
        <run start="469" length="11" level="34"/>
        <run start="472" length="8" level="89"/>
    </section>
</members></stick>
