<?xml version="1.0" encoding="UTF-8"?>
<stick id="982" interline="19" shape="C_CLEF">
    <is-within-system>true</is-within-system>
    <has-ledger>false</has-ledger>
    <stem-number>0</stem-number>
    <step-line>1.8181818181818181</step-line>
    <moments>
        <k>3.6315789473684212</k>
        <k>1.7894736842105263</k>
        <k>3.263157894736842</k>
        <k>0.06642115504484598</k>
        <k>0.004653672029604278</k>
        <k>0.23633320214775988</k>
        <k>-6.715749977057498E-5</k>
        <k>-2.700086003376895E-4</k>
        <k>0.003020512151037935</k>
        <k>-7.373022784102254E-5</k>
        <k>0.30275435719260585</k>
        <k>0.02895673040413932</k>
        <k>8.387518445650062E-5</k>
        <k>8.840460078160224E-6</k>
        <k>-2.190063177194552E-10</k>
        <k>-1.4808455924546448E-6</k>
        <k>-9.993424466266261E-11</k>
        <k>1071.1311975591152</k>
        <k>2827.2013729977116</k>
    </moments><members>
    <section id="3771" first-pos="1056">
        <run start="2798" length="31" level="180"/>
    </section>
    <section id="3774" first-pos="1057">
        <run start="2798" length="60" level="78"/>
        <run start="2798" length="60" level="44"/>
        <run start="2798" length="60" level="47"/>
        <run start="2799" length="59" level="146"/>
    </section>
    <section id="3772" first-pos="1056">
        <run start="2844" length="3" level="199"/>
    </section>
    <section id="3800" first-pos="1061">
        <run start="2823" length="10" level="149"/>
        <run start="2821" length="13" level="122"/>
        <run start="2819" length="17" level="101"/>
    </section>
    <section id="3812" first-pos="1064">
        <run start="2815" length="23" level="87"/>
    </section>
    <section id="3815" first-pos="1065">
        <run start="2814" length="28" level="58"/>
        <run start="2814" length="29" level="43"/>
        <run start="2814" length="29" level="43"/>
        <run start="2814" length="29" level="54"/>
        <run start="2816" length="26" level="85"/>
    </section>
    <section id="3828" first-pos="1070">
        <run start="2819" length="6" level="44"/>
        <run start="2820" length="5" level="22"/>
        <run start="2820" length="6" level="50"/>
        <run start="2820" length="6" level="66"/>
        <run start="2820" length="6" level="62"/>
        <run start="2820" length="6" level="43"/>
        <run start="2819" length="7" level="58"/>
    </section>
    <section id="3854" first-pos="1077">
        <run start="2817" length="12" level="105"/>
    </section>
    <section id="3855" first-pos="1078">
        <run start="2798" length="27" level="74"/>
        <run start="2798" length="27" level="37"/>
        <run start="2799" length="25" level="33"/>
        <run start="2799" length="25" level="42"/>
        <run start="2800" length="23" level="45"/>
        <run start="2801" length="21" level="48"/>
        <run start="2802" length="19" level="54"/>
        <run start="2803" length="17" level="66"/>
        <run start="2805" length="14" level="95"/>
    </section>
    <section id="3843" first-pos="1072">
        <run start="2797" length="5" level="52"/>
        <run start="2797" length="5" level="52"/>
        <run start="2797" length="5" level="43"/>
        <run start="2797" length="6" level="42"/>
        <run start="2797" length="7" level="56"/>
        <run start="2797" length="10" level="73"/>
    </section>
    <section id="3811" first-pos="1064">
        <run start="2800" length="9" level="114"/>
        <run start="2799" length="10" level="83"/>
        <run start="2798" length="11" level="77"/>
        <run start="2798" length="11" level="62"/>
        <run start="2798" length="11" level="58"/>
        <run start="2797" length="12" level="72"/>
        <run start="2797" length="12" level="75"/>
        <run start="2797" length="12" level="89"/>
    </section>
    <section id="3809" first-pos="1063">
        <run start="2802" length="4" level="173"/>
    </section>
    <section id="3844" first-pos="1072">
        <run start="2803" length="6" level="125"/>
        <run start="2804" length="5" level="182"/>
        <run start="2806" length="3" level="200"/>
    </section>
    <section id="3874" first-pos="1087">
        <run start="2806" length="9" level="139"/>
    </section>
    <section id="3876" first-pos="1088">
        <run start="2807" length="2" level="200"/>
    </section>
    <section id="3856" first-pos="1078">
        <run start="2826" length="3" level="172"/>
        <run start="2826" length="3" level="178"/>
        <run start="2826" length="3" level="199"/>
    </section>
    <section id="3829" first-pos="1070">
        <run start="2828" length="11" level="84"/>
    </section>
    <section id="3834" first-pos="1071">
        <run start="2831" length="6" level="45"/>
        <run start="2831" length="5" level="45"/>
        <run start="2828" length="8" level="106"/>
        <run start="2828" length="8" level="106"/>
        <run start="2831" length="5" level="51"/>
        <run start="2831" length="5" level="30"/>
        <run start="2831" length="7" level="53"/>
    </section>
    <section id="3857" first-pos="1078">
        <run start="2831" length="16" level="88"/>
    </section>
    <section id="3858" first-pos="1079">
        <run start="2831" length="27" level="49"/>
        <run start="2832" length="25" level="39"/>
        <run start="2832" length="25" level="43"/>
        <run start="2832" length="24" level="50"/>
        <run start="2833" length="22" level="54"/>
        <run start="2834" length="20" level="59"/>
        <run start="2835" length="18" level="76"/>
        <run start="2836" length="15" level="89"/>
        <run start="2838" length="12" level="141"/>
    </section>
    <section id="3836" first-pos="1071">
        <run start="2855" length="4" level="85"/>
        <run start="2855" length="4" level="69"/>
        <run start="2855" length="4" level="65"/>
        <run start="2854" length="5" level="78"/>
        <run start="2854" length="5" level="56"/>
        <run start="2853" length="6" level="52"/>
        <run start="2851" length="8" level="63"/>
        <run start="2848" length="10" level="54"/>
    </section>
    <section id="3810" first-pos="1063">
        <run start="2846" length="7" level="139"/>
        <run start="2846" length="8" level="86"/>
        <run start="2846" length="9" level="72"/>
        <run start="2846" length="10" level="65"/>
        <run start="2846" length="11" level="66"/>
        <run start="2846" length="11" level="57"/>
        <run start="2846" length="12" level="65"/>
        <run start="2846" length="13" level="79"/>
    </section>
    <section id="3835" first-pos="1071">
        <run start="2846" length="8" level="97"/>
        <run start="2846" length="7" level="103"/>
        <run start="2846" length="6" level="197"/>
        <run start="2846" length="3" level="200"/>
    </section>
    <section id="3877" first-pos="1088">
        <run start="2842" length="7" level="192"/>
    </section>
    <section id="3879" first-pos="1089">
        <run start="2846" length="1" level="200"/>
    </section>
</members></stick>
