<?xml version="1.0" encoding="UTF-8"?>
<stick id="1003" interline="19" shape="C_CLEF">
    <is-within-system>true</is-within-system>
    <has-ledger>false</has-ledger>
    <stem-number>0</stem-number>
    <step-line>1.8181818181818181</step-line>
    <moments>
        <k>6.274238227146815</k>
        <k>3.473684210526316</k>
        <k>4.2631578947368425</k>
        <k>0.12392238118469356</k>
        <k>0.011609880787343879</k>
        <k>0.22236518536956623</k>
        <k>0.01965411005193019</k>
        <k>0.0014000692147016873</k>
        <k>-0.001669036384536923</k>
        <k>-0.009827571944038096</k>
        <k>0.3462875665542598</k>
        <k>0.01023014302336653</k>
        <k>8.049543328772682E-4</k>
        <k>3.944856770745354E-4</k>
        <k>-5.7358580937932264E-8</k>
        <k>-3.188971267094076E-5</k>
        <k>2.1476893222164422E-7</k>
        <k>63.63046357615894</k>
        <k>3131.723178807947</k>
    </moments><members>
    <section id="1" first-pos="31">
        <run start="3149" length="3" level="180"/>
        <run start="3149" length="3" level="181"/>
        <run start="3149" length="3" level="179"/>
        <run start="3148" length="4" level="170"/>
        <run start="3148" length="4" level="138"/>
        <run start="3148" length="4" level="148"/>
        <run start="3149" length="3" level="181"/>
        <run start="3149" length="3" level="186"/>
        <run start="3149" length="3" level="175"/>
        <run start="3148" length="4" level="148"/>
        <run start="3148" length="4" level="142"/>
        <run start="3146" length="6" level="165"/>
    </section>
    <section id="22" first-pos="43">
        <run start="3142" length="27" level="148"/>
    </section>
    <section id="30" first-pos="44">
        <run start="3100" length="70" level="61"/>
    </section>
    <section id="15" first-pos="39">
        <run start="3112" length="1" level="200"/>
        <run start="3110" length="3" level="195"/>
        <run start="3110" length="3" level="190"/>
        <run start="3110" length="3" level="191"/>
        <run start="3110" length="3" level="191"/>
    </section>
    <section id="21" first-pos="43">
        <run start="3129" length="8" level="205"/>
    </section>
    <section id="42" first-pos="45">
        <run start="3090" length="80" level="51"/>
        <run start="3090" length="80" level="47"/>
        <run start="3090" length="80" level="47"/>
        <run start="3090" length="80" level="48"/>
        <run start="3090" length="80" level="49"/>
        <run start="3090" length="80" level="49"/>
        <run start="3090" length="79" level="48"/>
        <run start="3090" length="79" level="66"/>
    </section>
    <section id="17" first-pos="42">
        <run start="3090" length="4" level="207"/>
        <run start="3090" length="5" level="200"/>
        <run start="3090" length="9" level="182"/>
    </section>
    <section id="76" first-pos="53">
        <run start="3090" length="35" level="118"/>
    </section>
    <section id="89" first-pos="54">
        <run start="3090" length="26" level="183"/>
    </section>
    <section id="98" first-pos="55">
        <run start="3090" length="4" level="202"/>
    </section>
    <section id="113" first-pos="56">
        <run start="3090" length="29" level="141"/>
    </section>
    <section id="99" first-pos="55">
        <run start="3112" length="1" level="200"/>
    </section>
    <section id="129" first-pos="57">
        <run start="3090" length="79" level="57"/>
        <run start="3090" length="77" level="63"/>
    </section>
    <section id="114" first-pos="56">
        <run start="3123" length="4" level="211"/>
    </section>
    <section id="115" first-pos="56">
        <run start="3129" length="8" level="183"/>
    </section>
    <section id="100" first-pos="55">
        <run start="3132" length="2" level="200"/>
    </section>
    <section id="116" first-pos="56">
        <run start="3140" length="28" level="57"/>
    </section>
    <section id="101" first-pos="55">
        <run start="3145" length="1" level="227"/>
    </section>
    <section id="102" first-pos="55">
        <run start="3147" length="21" level="178"/>
    </section>
    <section id="78" first-pos="53">
        <run start="3148" length="6" level="146"/>
        <run start="3148" length="4" level="152"/>
    </section>
    <section id="157" first-pos="59">
        <run start="3090" length="43" level="72"/>
        <run start="3090" length="43" level="177"/>
    </section>
    <section id="182" first-pos="61">
        <run start="3127" length="9" level="139"/>
        <run start="3127" length="10" level="133"/>
        <run start="3125" length="13" level="113"/>
        <run start="3124" length="15" level="82"/>
        <run start="3122" length="18" level="65"/>
        <run start="3120" length="22" level="52"/>
    </section>
    <section id="232" first-pos="67">
        <run start="3117" length="27" level="43"/>
    </section>
    <section id="243" first-pos="68">
        <run start="3112" length="40" level="74"/>
        <run start="3112" length="40" level="51"/>
    </section>
    <section id="231" first-pos="67">
        <run start="3114" length="2" level="206"/>
    </section>
    <section id="233" first-pos="67">
        <run start="3145" length="1" level="227"/>
    </section>
    <section id="260" first-pos="70">
        <run start="3114" length="14" level="16"/>
        <run start="3115" length="12" level="39"/>
        <run start="3117" length="9" level="46"/>
        <run start="3118" length="7" level="55"/>
        <run start="3120" length="5" level="45"/>
        <run start="3121" length="5" level="78"/>
        <run start="3122" length="4" level="58"/>
        <run start="3123" length="3" level="48"/>
        <run start="3124" length="2" level="10"/>
        <run start="3124" length="2" level="11"/>
        <run start="3124" length="3" level="79"/>
        <run start="3124" length="3" level="83"/>
        <run start="3123" length="4" level="72"/>
        <run start="3123" length="4" level="64"/>
        <run start="3121" length="6" level="82"/>
        <run start="3120" length="6" level="42"/>
    </section>
    <section id="395" first-pos="86">
        <run start="3094" length="32" level="79"/>
        <run start="3094" length="31" level="46"/>
        <run start="3094" length="30" level="47"/>
        <run start="3094" length="29" level="48"/>
        <run start="3095" length="27" level="55"/>
        <run start="3098" length="23" level="57"/>
        <run start="3100" length="20" level="69"/>
        <run start="3101" length="17" level="96"/>
        <run start="3103" length="13" level="178"/>
    </section>
    <section id="384" first-pos="84">
        <run start="3094" length="3" level="166"/>
        <run start="3094" length="7" level="127"/>
    </section>
    <section id="386" first-pos="85">
        <run start="3111" length="4" level="201"/>
    </section>
    <section id="450" first-pos="95">
        <run start="3111" length="4" level="202"/>
    </section>
    <section id="261" first-pos="70">
        <run start="3132" length="20" level="56"/>
    </section>
    <section id="271" first-pos="71">
        <run start="3132" length="15" level="62"/>
    </section>
    <section id="285" first-pos="72">
        <run start="3136" length="7" level="49"/>
        <run start="3137" length="4" level="30"/>
        <run start="3138" length="2" level="9"/>
        <run start="3137" length="3" level="117"/>
        <run start="3137" length="2" level="7"/>
        <run start="3137" length="2" level="11"/>
        <run start="3137" length="2" level="61"/>
        <run start="3137" length="2" level="103"/>
        <run start="3136" length="3" level="124"/>
        <run start="3136" length="4" level="64"/>
        <run start="3136" length="4" level="61"/>
        <run start="3136" length="5" level="83"/>
        <run start="3137" length="5" level="48"/>
    </section>
    <section id="387" first-pos="85">
        <run start="3137" length="32" level="118"/>
        <run start="3138" length="31" level="35"/>
        <run start="3138" length="30" level="32"/>
        <run start="3138" length="30" level="46"/>
        <run start="3140" length="27" level="43"/>
        <run start="3140" length="26" level="46"/>
        <run start="3141" length="24" level="51"/>
        <run start="3142" length="21" level="62"/>
        <run start="3144" length="17" level="75"/>
        <run start="3146" length="13" level="98"/>
    </section>
    <section id="274" first-pos="71">
        <run start="3167" length="3" level="40"/>
        <run start="3168" length="2" level="37"/>
        <run start="3168" length="2" level="144"/>
        <run start="3169" length="2" level="170"/>
        <run start="3169" length="2" level="103"/>
        <run start="3169" length="1" level="14"/>
        <run start="3168" length="2" level="114"/>
        <run start="3168" length="3" level="106"/>
        <run start="3168" length="3" level="80"/>
        <run start="3167" length="3" level="63"/>
        <run start="3166" length="4" level="49"/>
        <run start="3165" length="5" level="47"/>
        <run start="3164" length="6" level="57"/>
        <run start="3162" length="8" level="79"/>
    </section>
    <section id="201" first-pos="63">
        <run start="3161" length="3" level="179"/>
        <run start="3159" length="7" level="101"/>
        <run start="3158" length="9" level="47"/>
        <run start="3157" length="11" level="33"/>
        <run start="3157" length="12" level="20"/>
        <run start="3156" length="13" level="25"/>
        <run start="3156" length="14" level="32"/>
        <run start="3157" length="13" level="17"/>
    </section>
    <section id="273" first-pos="71">
        <run start="3157" length="9" level="18"/>
        <run start="3158" length="7" level="34"/>
        <run start="3159" length="4" level="76"/>
    </section>
    <section id="451" first-pos="95">
        <run start="3148" length="8" level="170"/>
        <run start="3150" length="4" level="200"/>
    </section>
    <section id="272" first-pos="71">
        <run start="3149" length="1" level="40"/>
    </section>
    <section id="158" first-pos="59">
        <run start="3149" length="3" level="173"/>
        <run start="3149" length="3" level="208"/>
        <run start="3149" length="3" level="208"/>
    </section>
    <section id="159" first-pos="59">
        <run start="3161" length="2" level="104"/>
    </section>
    <section id="77" first-pos="53">
        <run start="3129" length="7" level="178"/>
    </section>
</members></stick>
