<?xml version="1.0" encoding="UTF-8"?>
<stick id="511" interline="19" shape="C_CLEF">
    <is-within-system>true</is-within-system>
    <has-ledger>false</has-ledger>
    <stem-number>0</stem-number>
    <step-line>3.896103896103896</step-line>
    <moments>
        <k>6.296398891966759</k>
        <k>2.8421052631578947</k>
        <k>4.105263157894737</k>
        <k>0.11892069587398554</k>
        <k>0.007630783259019677</k>
        <k>0.2119156664808476</k>
        <k>0.013116667017433066</k>
        <k>-0.002083954236455249</k>
        <k>-5.43196179608557E-4</k>
        <k>-0.003289124400141877</k>
        <k>0.33083636235483316</k>
        <k>0.008880979970755674</k>
        <k>2.262298712194344E-4</k>
        <k>1.869621429446798E-4</k>
        <k>2.0344076903638996E-8</k>
        <k>-1.4079103591663508E-5</k>
        <k>3.2627952804512056E-8</k>
        <k>69.01847778266608</k>
        <k>173.96040475142982</k>
    </moments><members>
    <section id="43" first-pos="46">
        <run start="189" length="3" level="226"/>
    </section>
    <section id="50" first-pos="47">
        <run start="134" length="77" level="103"/>
        <run start="134" length="78" level="33"/>
        <run start="134" length="78" level="30"/>
        <run start="134" length="78" level="30"/>
        <run start="134" length="78" level="30"/>
        <run start="134" length="78" level="30"/>
        <run start="134" length="78" level="30"/>
        <run start="134" length="78" level="30"/>
        <run start="134" length="78" level="38"/>
    </section>
    <section id="44" first-pos="46">
        <run start="195" length="1" level="227"/>
    </section>
    <section id="103" first-pos="56">
        <run start="134" length="42" level="175"/>
    </section>
    <section id="117" first-pos="57">
        <run start="134" length="3" level="206"/>
    </section>
    <section id="118" first-pos="57">
        <run start="150" length="6" level="194"/>
        <run start="150" length="3" level="190"/>
    </section>
    <section id="145" first-pos="59">
        <run start="134" length="22" level="129"/>
    </section>
    <section id="160" first-pos="60">
        <run start="134" length="77" level="44"/>
        <run start="134" length="77" level="33"/>
    </section>
    <section id="146" first-pos="59">
        <run start="157" length="1" level="205"/>
    </section>
    <section id="147" first-pos="59">
        <run start="169" length="4" level="195"/>
    </section>
    <section id="148" first-pos="59">
        <run start="189" length="21" level="201"/>
    </section>
    <section id="183" first-pos="62">
        <run start="134" length="46" level="67"/>
    </section>
    <section id="193" first-pos="63">
        <run start="134" length="39" level="174"/>
    </section>
    <section id="202" first-pos="64">
        <run start="169" length="8" level="195"/>
        <run start="169" length="9" level="177"/>
        <run start="168" length="11" level="133"/>
        <run start="166" length="14" level="108"/>
        <run start="164" length="17" level="88"/>
        <run start="162" length="21" level="71"/>
    </section>
    <section id="252" first-pos="70">
        <run start="157" length="28" level="64"/>
    </section>
    <section id="262" first-pos="71">
        <run start="152" length="36" level="60"/>
    </section>
    <section id="251" first-pos="70">
        <run start="154" length="2" level="199"/>
    </section>
    <section id="275" first-pos="72">
        <run start="152" length="41" level="49"/>
        <run start="152" length="41" level="46"/>
        <run start="152" length="41" level="49"/>
        <run start="152" length="38" level="82"/>
    </section>
    <section id="263" first-pos="71">
        <run start="189" length="3" level="226"/>
    </section>
    <section id="334" first-pos="76">
        <run start="152" length="4" level="171"/>
    </section>
    <section id="348" first-pos="77">
        <run start="152" length="2" level="200"/>
    </section>
    <section id="349" first-pos="77">
        <run start="155" length="1" level="199"/>
    </section>
    <section id="335" first-pos="76">
        <run start="158" length="10" level="63"/>
        <run start="160" length="7" level="36"/>
        <run start="161" length="6" level="66"/>
        <run start="163" length="5" level="42"/>
        <run start="164" length="4" level="34"/>
        <run start="164" length="5" level="54"/>
        <run start="165" length="4" level="5"/>
        <run start="165" length="4" level="5"/>
        <run start="165" length="4" level="4"/>
        <run start="165" length="4" level="3"/>
        <run start="164" length="5" level="46"/>
        <run start="163" length="5" level="11"/>
        <run start="159" length="9" level="47"/>
        <run start="156" length="12" level="36"/>
    </section>
    <section id="427" first-pos="90">
        <run start="136" length="31" level="33"/>
        <run start="137" length="30" level="35"/>
        <run start="137" length="29" level="40"/>
        <run start="138" length="27" level="43"/>
        <run start="139" length="25" level="47"/>
        <run start="140" length="23" level="57"/>
        <run start="142" length="20" level="88"/>
    </section>
    <section id="414" first-pos="89">
        <run start="135" length="20" level="61"/>
    </section>
    <section id="403" first-pos="88">
        <run start="134" length="15" level="108"/>
    </section>
    <section id="382" first-pos="84">
        <run start="134" length="2" level="200"/>
        <run start="134" length="3" level="176"/>
        <run start="134" length="4" level="132"/>
        <run start="134" length="6" level="122"/>
    </section>
    <section id="404" first-pos="88">
        <run start="151" length="4" level="188"/>
    </section>
    <section id="456" first-pos="97">
        <run start="144" length="15" level="142"/>
    </section>
    <section id="461" first-pos="98">
        <run start="148" length="8" level="188"/>
    </section>
    <section id="336" first-pos="76">
        <run start="177" length="9" level="52"/>
        <run start="178" length="6" level="45"/>
        <run start="178" length="5" level="70"/>
        <run start="179" length="3" level="11"/>
        <run start="178" length="3" level="10"/>
        <run start="178" length="3" level="8"/>
        <run start="177" length="4" level="49"/>
        <run start="177" length="4" level="48"/>
        <run start="177" length="4" level="18"/>
        <run start="177" length="4" level="3"/>
        <run start="177" length="4" level="3"/>
        <run start="177" length="5" level="2"/>
        <run start="177" length="8" level="53"/>
    </section>
    <section id="415" first-pos="89">
        <run start="178" length="33" level="65"/>
        <run start="178" length="32" level="2"/>
        <run start="179" length="31" level="5"/>
        <run start="179" length="30" level="9"/>
        <run start="180" length="28" level="5"/>
        <run start="181" length="26" level="6"/>
        <run start="182" length="24" level="8"/>
        <run start="183" length="21" level="6"/>
        <run start="185" length="18" level="12"/>
        <run start="186" length="15" level="37"/>
    </section>
    <section id="315" first-pos="75">
        <run start="209" length="3" level="34"/>
        <run start="209" length="3" level="78"/>
        <run start="209" length="3" level="86"/>
        <run start="209" length="3" level="86"/>
        <run start="210" length="2" level="14"/>
        <run start="210" length="2" level="12"/>
        <run start="210" length="2" level="10"/>
        <run start="210" length="2" level="10"/>
        <run start="209" length="3" level="58"/>
        <run start="209" length="3" level="5"/>
        <run start="207" length="5" level="77"/>
        <run start="206" length="6" level="72"/>
        <run start="205" length="6" level="61"/>
        <run start="201" length="10" level="91"/>
    </section>
    <section id="226" first-pos="67">
        <run start="202" length="4" level="199"/>
        <run start="200" length="8" level="113"/>
        <run start="199" length="10" level="42"/>
        <run start="198" length="12" level="33"/>
        <run start="197" length="13" level="20"/>
        <run start="197" length="14" level="30"/>
        <run start="197" length="14" level="19"/>
        <run start="197" length="15" level="31"/>
    </section>
    <section id="314" first-pos="75">
        <run start="197" length="11" level="36"/>
        <run start="198" length="9" level="35"/>
        <run start="199" length="8" level="78"/>
    </section>
    <section id="356" first-pos="78">
        <run start="201" length="3" level="140"/>
    </section>
    <section id="465" first-pos="99">
        <run start="189" length="9" level="59"/>
    </section>
    <section id="184" first-pos="62">
        <run start="182" length="29" level="42"/>
    </section>
    <section id="194" first-pos="63">
        <run start="197" length="10" level="129"/>
    </section>
    <section id="195" first-pos="63">
        <run start="208" length="1" level="225"/>
    </section>
    <section id="119" first-pos="57">
        <run start="172" length="1" level="200"/>
    </section>
    <section id="104" first-pos="56">
        <run start="190" length="20" level="136"/>
    </section>
</members></stick>
