<?xml version="1.0" encoding="UTF-8"?>
<stick id="1065" interline="19" shape="C_CLEF">
    <is-within-system>true</is-within-system>
    <has-ledger>false</has-ledger>
    <stem-number>0</stem-number>
    <step-line>2.1298701298701297</step-line>
    <moments>
        <k>6.448753462603878</k>
        <k>3.1052631578947367</k>
        <k>4.421052631578948</k>
        <k>0.12189472677435248</k>
        <k>0.007929335725939072</k>
        <k>0.25223867374550685</k>
        <k>0.010777947998965792</k>
        <k>6.332409571693363E-4</k>
        <k>1.293668006762607E-4</k>
        <k>-0.015422223122368392</k>
        <k>0.3741334005198593</k>
        <k>0.01724104197223772</k>
        <k>4.0799874610234843E-4</k>
        <k>3.3768350962106624E-4</k>
        <k>-9.627709638606937E-8</k>
        <k>7.884825050891157E-6</k>
        <k>-8.025685085087153E-8</k>
        <k>67.96864261168385</k>
        <k>2522.8041237113403</k>
    </moments><members>
    <section id="110" first-pos="56">
        <run start="2499" length="3" level="204"/>
        <run start="2499" length="3" level="154"/>
    </section>
    <section id="140" first-pos="58">
        <run start="2480" length="27" level="84"/>
    </section>
    <section id="155" first-pos="59">
        <run start="2480" length="18" level="61"/>
        <run start="2480" length="15" level="201"/>
    </section>
    <section id="156" first-pos="59">
        <run start="2499" length="64" level="83"/>
    </section>
    <section id="141" first-pos="58">
        <run start="2509" length="2" level="223"/>
    </section>
    <section id="142" first-pos="58">
        <run start="2515" length="22" level="188"/>
    </section>
    <section id="143" first-pos="58">
        <run start="2538" length="2" level="203"/>
    </section>
    <section id="167" first-pos="60">
        <run start="2499" length="3" level="147"/>
        <run start="2499" length="3" level="195"/>
    </section>
    <section id="168" first-pos="60">
        <run start="2512" length="51" level="41"/>
    </section>
    <section id="177" first-pos="61">
        <run start="2516" length="10" level="97"/>
        <run start="2519" length="6" level="162"/>
        <run start="2519" length="6" level="141"/>
        <run start="2519" length="7" level="137"/>
        <run start="2518" length="9" level="109"/>
        <run start="2516" length="12" level="91"/>
        <run start="2515" length="14" level="73"/>
        <run start="2514" length="17" level="60"/>
    </section>
    <section id="250" first-pos="69">
        <run start="2511" length="22" level="58"/>
        <run start="2509" length="26" level="40"/>
    </section>
    <section id="268" first-pos="71">
        <run start="2505" length="36" level="55"/>
    </section>
    <section id="282" first-pos="72">
        <run start="2500" length="41" level="40"/>
    </section>
    <section id="259" first-pos="70">
        <run start="2500" length="1" level="200"/>
        <run start="2500" length="3" level="168"/>
    </section>
    <section id="294" first-pos="73">
        <run start="2501" length="1" level="6"/>
    </section>
    <section id="295" first-pos="73">
        <run start="2503" length="15" level="45"/>
    </section>
    <section id="311" first-pos="74">
        <run start="2507" length="9" level="9"/>
        <run start="2510" length="5" level="4"/>
        <run start="2512" length="3" level="6"/>
        <run start="2513" length="3" level="68"/>
        <run start="2514" length="2" level="13"/>
        <run start="2515" length="1" level="13"/>
        <run start="2515" length="2" level="112"/>
        <run start="2515" length="2" level="9"/>
        <run start="2515" length="3" level="72"/>
        <run start="2515" length="3" level="59"/>
        <run start="2514" length="4" level="58"/>
        <run start="2514" length="4" level="64"/>
        <run start="2512" length="6" level="76"/>
        <run start="2510" length="8" level="53"/>
    </section>
    <section id="412" first-pos="88">
        <run start="2483" length="34" level="42"/>
        <run start="2484" length="32" level="40"/>
        <run start="2485" length="30" level="41"/>
        <run start="2486" length="28" level="39"/>
        <run start="2486" length="27" level="52"/>
        <run start="2488" length="23" level="52"/>
        <run start="2489" length="21" level="70"/>
        <run start="2491" length="17" level="95"/>
    </section>
    <section id="399" first-pos="87">
        <run start="2483" length="13" level="36"/>
    </section>
    <section id="292" first-pos="73">
        <run start="2481" length="4" level="149"/>
        <run start="2481" length="3" level="135"/>
        <run start="2481" length="3" level="158"/>
        <run start="2481" length="3" level="193"/>
        <run start="2481" length="2" level="200"/>
        <run start="2481" length="2" level="200"/>
        <run start="2481" length="3" level="187"/>
        <run start="2481" length="3" level="146"/>
        <run start="2481" length="3" level="134"/>
        <run start="2481" length="4" level="149"/>
        <run start="2481" length="4" level="112"/>
        <run start="2481" length="5" level="92"/>
        <run start="2481" length="7" level="84"/>
        <run start="2482" length="8" level="63"/>
    </section>
    <section id="222" first-pos="66">
        <run start="2487" length="8" level="70"/>
        <run start="2486" length="10" level="17"/>
        <run start="2486" length="11" level="6"/>
        <run start="2484" length="13" level="13"/>
        <run start="2483" length="14" level="14"/>
        <run start="2482" length="15" level="18"/>
        <run start="2481" length="16" level="51"/>
    </section>
    <section id="293" first-pos="73">
        <run start="2487" length="10" level="12"/>
        <run start="2487" length="9" level="28"/>
        <run start="2488" length="8" level="98"/>
        <run start="2490" length="4" level="210"/>
    </section>
    <section id="400" first-pos="87">
        <run start="2498" length="1" level="181"/>
    </section>
    <section id="454" first-pos="96">
        <run start="2494" length="10" level="188"/>
    </section>
    <section id="460" first-pos="97">
        <run start="2500" length="1" level="200"/>
    </section>
    <section id="296" first-pos="73">
        <run start="2524" length="17" level="40"/>
        <run start="2526" length="13" level="18"/>
        <run start="2527" length="10" level="26"/>
        <run start="2528" length="7" level="45"/>
        <run start="2528" length="5" level="104"/>
        <run start="2528" length="3" level="80"/>
        <run start="2528" length="2" level="28"/>
        <run start="2527" length="3" level="120"/>
        <run start="2527" length="2" level="9"/>
        <run start="2526" length="3" level="73"/>
        <run start="2526" length="3" level="55"/>
        <run start="2526" length="3" level="31"/>
        <run start="2526" length="4" level="65"/>
        <run start="2526" length="4" level="55"/>
        <run start="2526" length="6" level="86"/>
        <run start="2527" length="8" level="84"/>
    </section>
    <section id="426" first-pos="89">
        <run start="2527" length="34" level="43"/>
        <run start="2528" length="32" level="25"/>
        <run start="2528" length="32" level="32"/>
        <run start="2529" length="30" level="31"/>
        <run start="2530" length="28" level="35"/>
        <run start="2531" length="26" level="40"/>
        <run start="2531" length="24" level="49"/>
        <run start="2533" length="21" level="58"/>
        <run start="2535" length="17" level="73"/>
        <run start="2537" length="13" level="125"/>
    </section>
    <section id="413" first-pos="88">
        <run start="2536" length="26" level="131"/>
    </section>
    <section id="333" first-pos="75">
        <run start="2560" length="2" level="107"/>
        <run start="2560" length="2" level="140"/>
        <run start="2560" length="2" level="107"/>
        <run start="2560" length="2" level="33"/>
        <run start="2560" length="3" level="68"/>
        <run start="2560" length="3" level="58"/>
        <run start="2560" length="3" level="72"/>
        <run start="2560" length="3" level="59"/>
        <run start="2559" length="4" level="72"/>
        <run start="2558" length="5" level="79"/>
        <run start="2558" length="5" level="58"/>
        <run start="2556" length="7" level="81"/>
        <run start="2555" length="7" level="51"/>
    </section>
    <section id="228" first-pos="67">
        <run start="2549" length="8" level="115"/>
        <run start="2547" length="11" level="44"/>
        <run start="2546" length="13" level="28"/>
        <run start="2546" length="14" level="11"/>
        <run start="2545" length="15" level="12"/>
        <run start="2545" length="16" level="11"/>
        <run start="2545" length="16" level="9"/>
        <run start="2545" length="16" level="41"/>
    </section>
    <section id="223" first-pos="66">
        <run start="2552" length="2" level="195"/>
    </section>
    <section id="332" first-pos="75">
        <run start="2546" length="11" level="4"/>
        <run start="2546" length="11" level="43"/>
        <run start="2547" length="8" level="73"/>
        <run start="2549" length="4" level="125"/>
    </section>
    <section id="470" first-pos="99">
        <run start="2540" length="4" level="173"/>
        <run start="2540" length="3" level="203"/>
        <run start="2540" length="3" level="208"/>
        <run start="2540" length="1" level="200"/>
    </section>
    <section id="178" first-pos="61">
        <run start="2527" length="3" level="211"/>
    </section>
    <section id="179" first-pos="61">
        <run start="2532" length="31" level="93"/>
    </section>
    <section id="191" first-pos="62">
        <run start="2538" length="3" level="206"/>
        <run start="2538" length="3" level="207"/>
        <run start="2540" length="1" level="200"/>
    </section>
    <section id="192" first-pos="62">
        <run start="2551" length="12" level="159"/>
    </section>
    <section id="25" first-pos="44">
        <run start="2480" length="8" level="207"/>
    </section>
    <section id="38" first-pos="45">
        <run start="2480" length="32" level="87"/>
    </section>
    <section id="49" first-pos="46">
        <run start="2480" length="83" level="68"/>
        <run start="2480" length="84" level="41"/>
        <run start="2480" length="84" level="40"/>
        <run start="2480" length="84" level="41"/>
        <run start="2480" length="84" level="42"/>
        <run start="2480" length="84" level="41"/>
        <run start="2480" length="84" level="40"/>
    </section>
    <section id="39" first-pos="45">
        <run start="2518" length="27" level="196"/>
    </section>
    <section id="26" first-pos="44">
        <run start="2540" length="2" level="200"/>
    </section>
    <section id="40" first-pos="45">
        <run start="2549" length="1" level="220"/>
    </section>
    <section id="74" first-pos="53">
        <run start="2480" length="21" level="185"/>
    </section>
    <section id="75" first-pos="53">
        <run start="2509" length="55" level="49"/>
    </section>
    <section id="84" first-pos="54">
        <run start="2521" length="42" level="81"/>
    </section>
    <section id="96" first-pos="55">
        <run start="2546" length="17" level="156"/>
    </section>
</members></stick>
