<?xml version="1.0" encoding="UTF-8"?>
<stick id="636" interline="19" shape="C_CLEF">
    <is-within-system>true</is-within-system>
    <has-ledger>false</has-ledger>
    <stem-number>0</stem-number>
    <step-line>-0.10256410256410256</step-line>
    <moments>
        <k>5.49584487534626</k>
        <k>2.473684210526316</k>
        <k>3.3157894736842106</k>
        <k>0.08044669152042393</k>
        <k>-0.001809718709614477</k>
        <k>0.1618406408395151</k>
        <k>0.003407649162509176</k>
        <k>4.807517279463374E-4</k>
        <k>7.058627457938151E-4</k>
        <k>0.005860397367575212</k>
        <k>0.24228733235993904</k>
        <k>0.006638075312990498</k>
        <k>2.118423754625069E-5</k>
        <k>5.7131152071384286E-5</k>
        <k>-8.460008267760327E-10</k>
        <k>1.7067776321499025E-6</k>
        <k>1.7984988476847572E-9</k>
        <k>1613.0816532258063</k>
        <k>713.6451612903226</k>
    </moments><members>
    <section id="5276" first-pos="1593">
        <run start="714" length="1" level="200"/>
    </section>
    <section id="5281" first-pos="1594">
        <run start="710" length="35" level="108"/>
    </section>
    <section id="5277" first-pos="1593">
        <run start="734" length="9" level="210"/>
    </section>
    <section id="5284" first-pos="1595">
        <run start="684" length="62" level="53"/>
        <run start="684" length="62" level="47"/>
        <run start="684" length="62" level="45"/>
        <run start="684" length="62" level="43"/>
        <run start="684" length="62" level="43"/>
        <run start="684" length="62" level="43"/>
        <run start="684" length="62" level="44"/>
        <run start="684" length="62" level="67"/>
    </section>
    <section id="5280" first-pos="1594">
        <run start="685" length="24" level="102"/>
    </section>
    <section id="5311" first-pos="1603">
        <run start="685" length="1" level="222"/>
    </section>
    <section id="5318" first-pos="1604">
        <run start="685" length="16" level="172"/>
    </section>
    <section id="5312" first-pos="1603">
        <run start="689" length="26" level="196"/>
    </section>
    <section id="5322" first-pos="1605">
        <run start="684" length="61" level="76"/>
        <run start="684" length="62" level="49"/>
        <run start="684" length="62" level="47"/>
        <run start="684" length="61" level="55"/>
    </section>
    <section id="5319" first-pos="1604">
        <run start="738" length="6" level="212"/>
    </section>
    <section id="5334" first-pos="1609">
        <run start="685" length="35" level="159"/>
    </section>
    <section id="5336" first-pos="1610">
        <run start="694" length="4" level="203"/>
        <run start="691" length="5" level="149"/>
        <run start="689" length="7" level="92"/>
        <run start="687" length="11" level="101"/>
        <run start="686" length="12" level="79"/>
        <run start="686" length="12" level="59"/>
        <run start="685" length="14" level="69"/>
        <run start="685" length="14" level="61"/>
        <run start="684" length="15" level="65"/>
        <run start="684" length="15" level="71"/>
        <run start="684" length="14" level="88"/>
    </section>
    <section id="5356" first-pos="1621">
        <run start="684" length="5" level="40"/>
        <run start="684" length="6" level="53"/>
        <run start="684" length="6" level="43"/>
        <run start="684" length="7" level="52"/>
        <run start="684" length="8" level="54"/>
        <run start="684" length="10" level="51"/>
        <run start="685" length="10" level="26"/>
    </section>
    <section id="5369" first-pos="1628">
        <run start="685" length="27" level="33"/>
        <run start="685" length="27" level="38"/>
        <run start="686" length="25" level="39"/>
        <run start="687" length="23" level="36"/>
        <run start="687" length="23" level="45"/>
        <run start="688" length="21" level="53"/>
        <run start="690" length="18" level="63"/>
        <run start="691" length="15" level="81"/>
        <run start="693" length="12" level="156"/>
    </section>
    <section id="5351" first-pos="1619">
        <run start="706" length="10" level="106"/>
        <run start="707" length="9" level="85"/>
        <run start="707" length="9" level="95"/>
        <run start="708" length="8" level="82"/>
        <run start="707" length="9" level="99"/>
        <run start="707" length="9" level="96"/>
        <run start="706" length="10" level="92"/>
        <run start="703" length="13" level="91"/>
        <run start="696" length="16" level="53"/>
    </section>
    <section id="5346" first-pos="1613">
        <run start="701" length="25" level="54"/>
        <run start="701" length="29" level="36"/>
        <run start="701" length="29" level="36"/>
        <run start="701" length="29" level="36"/>
        <run start="701" length="29" level="49"/>
        <run start="702" length="25" level="86"/>
    </section>
    <section id="5341" first-pos="1612">
        <run start="704" length="20" level="81"/>
    </section>
    <section id="5337" first-pos="1610">
        <run start="710" length="11" level="125"/>
        <run start="707" length="15" level="91"/>
    </section>
    <section id="5352" first-pos="1619">
        <run start="718" length="7" level="36"/>
        <run start="718" length="6" level="43"/>
        <run start="718" length="6" level="43"/>
        <run start="718" length="5" level="36"/>
        <run start="718" length="5" level="33"/>
        <run start="718" length="6" level="44"/>
        <run start="718" length="6" level="35"/>
        <run start="718" length="8" level="33"/>
    </section>
    <section id="5366" first-pos="1627">
        <run start="718" length="28" level="44"/>
        <run start="719" length="26" level="41"/>
        <run start="719" length="26" level="43"/>
        <run start="720" length="24" level="46"/>
        <run start="720" length="23" level="47"/>
        <run start="721" length="21" level="50"/>
        <run start="722" length="19" level="59"/>
        <run start="724" length="16" level="74"/>
        <run start="726" length="12" level="99"/>
    </section>
    <section id="5354" first-pos="1620">
        <run start="742" length="4" level="89"/>
        <run start="742" length="4" level="51"/>
        <run start="742" length="4" level="60"/>
        <run start="741" length="5" level="88"/>
        <run start="740" length="7" level="81"/>
        <run start="738" length="9" level="75"/>
        <run start="736" length="10" level="60"/>
    </section>
    <section id="5340" first-pos="1611">
        <run start="734" length="7" level="192"/>
        <run start="734" length="8" level="108"/>
        <run start="734" length="9" level="89"/>
        <run start="734" length="10" level="80"/>
        <run start="734" length="10" level="61"/>
        <run start="734" length="11" level="70"/>
        <run start="734" length="11" level="55"/>
        <run start="734" length="12" level="76"/>
        <run start="734" length="12" level="108"/>
    </section>
    <section id="5353" first-pos="1620">
        <run start="734" length="7" level="117"/>
        <run start="734" length="6" level="148"/>
        <run start="734" length="3" level="200"/>
    </section>
    <section id="5384" first-pos="1636">
        <run start="732" length="5" level="191"/>
    </section>
    <section id="5388" first-pos="1637">
        <run start="695" length="5" level="192"/>
        <run start="695" length="3" level="209"/>
        <run start="695" length="1" level="200"/>
    </section>
    <section id="5357" first-pos="1621">
        <run start="690" length="6" level="99"/>
        <run start="691" length="5" level="176"/>
    </section>
</members></stick>
