<?xml version="1.0" encoding="UTF-8"?>
<stick id="1031" interline="19" shape="F_CLEF">
    <is-within-system>true</is-within-system>
    <has-ledger>false</has-ledger>
    <stem-number>0</stem-number>
    <step-line>0.4675324675324675</step-line>
    <moments>
        <k>2.4930747922437675</k>
        <k>2.526315789473684</k>
        <k>2.8421052631578947</k>
        <k>0.14086529492455357</k>
        <k>-0.035981207133059044</k>
        <k>0.19760106858710552</k>
        <k>-0.0016448092262355276</k>
        <k>0.0054617003912000445</k>
        <k>-0.046991174444952134</k>
        <k>0.06769473264939112</k>
        <k>0.3384663635116591</k>
        <k>0.00839753708009672</k>
        <k>0.02204516885734329</k>
        <k>0.007717322602886531</k>
        <k>8.622140620758378E-5</k>
        <k>6.815255752960006E-4</k>
        <k>-5.194510615403567E-5</k>
        <k>1101.111111111111</k>
        <k>3119.487777777778</k>
    </moments><members>
    <section id="3853" first-pos="1075">
        <run start="3152" length="1" level="200"/>
        <run start="3152" length="1" level="200"/>
        <run start="3151" length="2" level="200"/>
        <run start="3150" length="3" level="200"/>
        <run start="3150" length="3" level="200"/>
        <run start="3150" length="3" level="200"/>
        <run start="3148" length="5" level="168"/>
        <run start="3148" length="5" level="135"/>
        <run start="3147" length="5" level="136"/>
        <run start="3147" length="5" level="96"/>
        <run start="3147" length="4" level="70"/>
        <run start="3146" length="5" level="81"/>
        <run start="3145" length="5" level="85"/>
        <run start="3145" length="4" level="52"/>
        <run start="3144" length="5" level="54"/>
        <run start="3143" length="6" level="71"/>
        <run start="3142" length="6" level="46"/>
        <run start="3142" length="5" level="50"/>
        <run start="3141" length="6" level="67"/>
        <run start="3139" length="7" level="50"/>
        <run start="3138" length="7" level="60"/>
        <run start="3137" length="8" level="76"/>
        <run start="3136" length="8" level="36"/>
        <run start="3135" length="8" level="44"/>
        <run start="3134" length="8" level="68"/>
        <run start="3131" length="10" level="113"/>
        <run start="3128" length="13" level="114"/>
        <run start="3125" length="15" level="101"/>
    </section>
    <section id="3927" first-pos="1103">
        <run start="3101" length="38" level="80"/>
        <run start="3101" length="36" level="62"/>
        <run start="3102" length="35" level="63"/>
        <run start="3102" length="34" level="62"/>
        <run start="3103" length="31" level="55"/>
        <run start="3104" length="29" level="52"/>
        <run start="3105" length="26" level="49"/>
        <run start="3107" length="23" level="62"/>
        <run start="3108" length="20" level="78"/>
        <run start="3109" length="17" level="84"/>
        <run start="3110" length="15" level="155"/>
    </section>
    <section id="3921" first-pos="1102">
        <run start="3101" length="14" level="99"/>
    </section>
    <section id="3880" first-pos="1089">
        <run start="3101" length="6" level="69"/>
        <run start="3100" length="6" level="95"/>
        <run start="3100" length="5" level="60"/>
        <run start="3100" length="5" level="75"/>
        <run start="3100" length="4" level="61"/>
        <run start="3100" length="4" level="60"/>
        <run start="3099" length="5" level="86"/>
        <run start="3099" length="5" level="88"/>
        <run start="3100" length="5" level="68"/>
        <run start="3100" length="5" level="51"/>
        <run start="3100" length="6" level="71"/>
        <run start="3100" length="6" level="46"/>
        <run start="3100" length="8" level="70"/>
    </section>
    <section id="3868" first-pos="1084">
        <run start="3105" length="15" level="93"/>
        <run start="3104" length="16" level="70"/>
        <run start="3103" length="18" level="67"/>
        <run start="3102" length="20" level="64"/>
        <run start="3101" length="21" level="76"/>
    </section>
    <section id="3867" first-pos="1083">
        <run start="3107" length="6" level="104"/>
    </section>
    <section id="3865" first-pos="1082">
        <run start="3111" length="1" level="136"/>
    </section>
    <section id="3866" first-pos="1082">
        <run start="3114" length="3" level="204"/>
        <run start="3114" length="4" level="162"/>
    </section>
    <section id="3881" first-pos="1089">
        <run start="3108" length="14" level="89"/>
        <run start="3108" length="14" level="91"/>
        <run start="3109" length="13" level="81"/>
        <run start="3109" length="13" level="82"/>
        <run start="3109" length="12" level="86"/>
        <run start="3109" length="11" level="108"/>
        <run start="3110" length="9" level="150"/>
        <run start="3111" length="7" level="201"/>
        <run start="3112" length="3" level="200"/>
        <run start="3113" length="2" level="200"/>
        <run start="3114" length="1" level="200"/>
    </section>
    <section id="3966" first-pos="1114">
        <run start="3108" length="7" level="145"/>
        <run start="3106" length="9" level="106"/>
        <run start="3106" length="9" level="83"/>
        <run start="3105" length="10" level="85"/>
        <run start="3105" length="10" level="78"/>
        <run start="3105" length="10" level="78"/>
        <run start="3105" length="10" level="94"/>
        <run start="3106" length="9" level="103"/>
        <run start="3107" length="8" level="186"/>
    </section>
    <section id="3967" first-pos="1114">
        <run start="3117" length="3" level="204"/>
    </section>
    <section id="3972" first-pos="1115">
        <run start="3119" length="7" level="62"/>
        <run start="3119" length="8" level="37"/>
        <run start="3118" length="9" level="44"/>
        <run start="3119" length="8" level="26"/>
        <run start="3119" length="8" level="32"/>
        <run start="3119" length="8" level="52"/>
        <run start="3120" length="6" level="88"/>
        <run start="3122" length="3" level="209"/>
    </section>
    <section id="3968" first-pos="1114">
        <run start="3121" length="4" level="128"/>
    </section>
</members></stick>
