<?xml version="1.0" encoding="UTF-8"?>
<stick id="760" interline="19" shape="F_CLEF">
    <is-within-system>true</is-within-system>
    <has-ledger>false</has-ledger>
    <stem-number>0</stem-number>
    <step-line>0.20512820512820512</step-line>
    <moments>
        <k>2.958448753462604</k>
        <k>2.8947368421052633</k>
        <k>3.6315789473684212</k>
        <k>0.16960022995889043</k>
        <k>0.004778157798427985</k>
        <k>0.3276112756770552</k>
        <k>-0.020416009847550484</k>
        <k>-0.0208267696958878</k>
        <k>-0.057461372499379354</k>
        <k>0.10082821647581781</k>
        <k>0.4972115056359456</k>
        <k>0.025058813736734676</k>
        <k>0.04976398026461877</k>
        <k>0.012465118168091874</k>
        <k>1.3674423866427558E-6</k>
        <k>-6.608930499744569E-5</k>
        <k>-3.104544874149987E-4</k>
        <k>67.29494382022472</k>
        <k>1587.441011235955</k>
    </moments><members>
    <section id="9" first-pos="36">
        <run start="1561" length="4" level="171"/>
        <run start="1561" length="4" level="66"/>
        <run start="1561" length="4" level="65"/>
        <run start="1561" length="4" level="65"/>
        <run start="1561" length="4" level="65"/>
        <run start="1561" length="4" level="65"/>
        <run start="1561" length="4" level="72"/>
        <run start="1561" length="4" level="88"/>
        <run start="1561" length="4" level="104"/>
        <run start="1562" length="3" level="72"/>
        <run start="1562" length="3" level="77"/>
        <run start="1562" length="3" level="81"/>
        <run start="1562" length="4" level="127"/>
        <run start="1563" length="3" level="101"/>
        <run start="1563" length="3" level="86"/>
        <run start="1563" length="3" level="86"/>
        <run start="1563" length="3" level="119"/>
        <run start="1564" length="2" level="120"/>
        <run start="1564" length="2" level="127"/>
    </section>
    <section id="90" first-pos="55">
        <run start="1564" length="7" level="116"/>
        <run start="1564" length="6" level="109"/>
        <run start="1563" length="6" level="114"/>
        <run start="1563" length="5" level="65"/>
        <run start="1563" length="5" level="52"/>
        <run start="1563" length="5" level="77"/>
        <run start="1563" length="4" level="65"/>
        <run start="1563" length="4" level="93"/>
        <run start="1563" length="3" level="50"/>
        <run start="1562" length="4" level="65"/>
        <run start="1562" length="4" level="64"/>
        <run start="1562" length="4" level="64"/>
        <run start="1562" length="5" level="75"/>
        <run start="1562" length="5" level="51"/>
        <run start="1562" length="5" level="51"/>
        <run start="1562" length="6" level="63"/>
        <run start="1563" length="6" level="51"/>
        <run start="1563" length="6" level="50"/>
        <run start="1564" length="7" level="46"/>
        <run start="1564" length="8" level="24"/>
        <run start="1564" length="11" level="39"/>
        <run start="1564" length="14" level="36"/>
    </section>
    <section id="67" first-pos="52">
        <run start="1568" length="8" level="85"/>
        <run start="1568" length="6" level="81"/>
        <run start="1567" length="5" level="87"/>
    </section>
    <section id="61" first-pos="48">
        <run start="1574" length="13" level="129"/>
        <run start="1572" length="17" level="102"/>
        <run start="1570" length="20" level="80"/>
        <run start="1569" length="22" level="86"/>
    </section>
    <section id="55" first-pos="47">
        <run start="1578" length="6" level="158"/>
    </section>
    <section id="68" first-pos="52">
        <run start="1578" length="13" level="97"/>
        <run start="1578" length="13" level="94"/>
        <run start="1577" length="15" level="94"/>
        <run start="1577" length="15" level="85"/>
        <run start="1577" length="15" level="92"/>
        <run start="1577" length="15" level="98"/>
        <run start="1577" length="14" level="90"/>
        <run start="1578" length="13" level="104"/>
        <run start="1578" length="12" level="120"/>
        <run start="1579" length="10" level="153"/>
    </section>
    <section id="186" first-pos="62">
        <run start="1584" length="4" level="192"/>
    </section>
    <section id="354" first-pos="77">
        <run start="1564" length="46" level="45"/>
        <run start="1564" length="45" level="29"/>
        <run start="1564" length="43" level="34"/>
    </section>
    <section id="306" first-pos="74">
        <run start="1584" length="3" level="206"/>
        <run start="1584" length="3" level="197"/>
        <run start="1584" length="3" level="154"/>
    </section>
    <section id="347" first-pos="76">
        <run start="1591" length="20" level="57"/>
    </section>
    <section id="83" first-pos="54">
        <run start="1622" length="5" level="95"/>
        <run start="1621" length="6" level="118"/>
        <run start="1620" length="6" level="141"/>
        <run start="1620" length="6" level="148"/>
        <run start="1620" length="5" level="156"/>
        <run start="1619" length="6" level="145"/>
        <run start="1618" length="6" level="131"/>
        <run start="1617" length="7" level="115"/>
        <run start="1616" length="7" level="101"/>
        <run start="1616" length="7" level="80"/>
        <run start="1615" length="7" level="58"/>
        <run start="1614" length="7" level="54"/>
        <run start="1612" length="8" level="54"/>
        <run start="1611" length="8" level="35"/>
        <run start="1610" length="8" level="34"/>
        <run start="1609" length="9" level="44"/>
        <run start="1608" length="9" level="10"/>
        <run start="1605" length="11" level="8"/>
        <run start="1603" length="12" level="37"/>
        <run start="1601" length="13" level="63"/>
        <run start="1599" length="14" level="77"/>
        <run start="1597" length="15" level="59"/>
    </section>
    <section id="73" first-pos="53">
        <run start="1622" length="1" level="200"/>
    </section>
    <section id="19" first-pos="43">
        <run start="1628" length="2" level="218"/>
        <run start="1627" length="3" level="83"/>
        <run start="1626" length="4" level="101"/>
        <run start="1626" length="4" level="67"/>
        <run start="1626" length="4" level="87"/>
        <run start="1626" length="3" level="66"/>
        <run start="1625" length="4" level="70"/>
        <run start="1625" length="4" level="94"/>
        <run start="1624" length="4" level="57"/>
        <run start="1624" length="4" level="24"/>
        <run start="1624" length="4" level="44"/>
    </section>
    <section id="368" first-pos="80">
        <run start="1564" length="2" level="2"/>
        <run start="1564" length="2" level="2"/>
        <run start="1564" length="2" level="3"/>
        <run start="1564" length="2" level="5"/>
        <run start="1564" length="2" level="6"/>
        <run start="1564" length="2" level="8"/>
        <run start="1564" length="2" level="9"/>
        <run start="1564" length="2" level="10"/>
        <run start="1564" length="2" level="12"/>
        <run start="1564" length="2" level="74"/>
        <run start="1564" length="2" level="175"/>
    </section>
    <section id="369" first-pos="80">
        <run start="1568" length="38" level="36"/>
        <run start="1569" length="37" level="45"/>
        <run start="1571" length="35" level="45"/>
    </section>
    <section id="379" first-pos="83">
        <run start="1572" length="30" level="40"/>
        <run start="1573" length="27" level="47"/>
        <run start="1574" length="24" level="66"/>
    </section>
    <section id="388" first-pos="86">
        <run start="1576" length="19" level="81"/>
    </section>
    <section id="396" first-pos="87">
        <run start="1579" length="14" level="173"/>
    </section>
    <section id="409" first-pos="88">
        <run start="1582" length="3" level="192"/>
    </section>
    <section id="380" first-pos="83">
        <run start="1603" length="2" level="200"/>
    </section>
</members></stick>
