<?xml version="1.0" encoding="UTF-8"?>
<stick id="684" interline="20" shape="F_CLEF">
    <is-within-system>true</is-within-system>
    <has-ledger>false</has-ledger>
    <stem-number>0</stem-number>
    <step-line>-1.7142857142857142</step-line>
    <moments>
        <k>2.2675</k>
        <k>2.3</k>
        <k>2.75</k>
        <k>0.12763498627701417</k>
        <k>-0.022387204587099314</k>
        <k>0.19098814594892405</k>
        <k>0.0037314351481479956</k>
        <k>0.0054755761216216175</k>
        <k>-0.0399479523671584</k>
        <k>0.051551754638216596</k>
        <k>0.3186231322259382</k>
        <k>0.006018370557313071</k>
        <k>0.016504620325283437</k>
        <k>0.004563752573066867</k>
        <k>3.642634165823998E-5</k>
        <k>3.078835384351954E-4</k>
        <k>-1.555432137564315E-5</k>
        <k>1566.4189636163176</k>
        <k>988.3495038588754</k>
    </moments><members>
    <section id="5131" first-pos="1544">
        <run start="1017" length="3" level="192"/>
        <run start="1017" length="4" level="74"/>
        <run start="1016" length="5" level="110"/>
        <run start="1016" length="4" level="65"/>
        <run start="1015" length="5" level="98"/>
        <run start="1015" length="5" level="88"/>
        <run start="1015" length="4" level="64"/>
        <run start="1014" length="5" level="102"/>
        <run start="1013" length="5" level="93"/>
        <run start="1013" length="5" level="69"/>
        <run start="1012" length="5" level="91"/>
        <run start="1012" length="5" level="60"/>
        <run start="1011" length="5" level="54"/>
        <run start="1010" length="6" level="77"/>
        <run start="1009" length="6" level="74"/>
        <run start="1008" length="7" level="69"/>
        <run start="1007" length="8" level="77"/>
        <run start="1006" length="8" level="65"/>
        <run start="1005" length="8" level="73"/>
        <run start="1004" length="8" level="92"/>
        <run start="1002" length="10" level="123"/>
        <run start="1001" length="10" level="109"/>
        <run start="999" length="11" level="107"/>
        <run start="996" length="13" level="90"/>
        <run start="993" length="15" level="85"/>
    </section>
    <section id="5202" first-pos="1569">
        <run start="970" length="37" level="62"/>
        <run start="970" length="36" level="47"/>
        <run start="971" length="34" level="42"/>
        <run start="972" length="33" level="44"/>
        <run start="973" length="31" level="46"/>
        <run start="974" length="28" level="44"/>
        <run start="975" length="25" level="43"/>
        <run start="976" length="23" level="62"/>
        <run start="978" length="19" level="66"/>
        <run start="979" length="16" level="68"/>
        <run start="980" length="13" level="137"/>
    </section>
    <section id="5175" first-pos="1556">
        <run start="970" length="6" level="38"/>
        <run start="969" length="7" level="73"/>
        <run start="969" length="6" level="43"/>
        <run start="966" length="9" level="110"/>
        <run start="966" length="8" level="87"/>
        <run start="966" length="8" level="83"/>
        <run start="966" length="8" level="83"/>
        <run start="966" length="8" level="91"/>
        <run start="966" length="9" level="99"/>
        <run start="969" length="6" level="43"/>
        <run start="969" length="7" level="45"/>
        <run start="969" length="8" level="39"/>
        <run start="969" length="10" level="58"/>
    </section>
    <section id="5156" first-pos="1549">
        <run start="977" length="10" level="92"/>
        <run start="975" length="14" level="88"/>
        <run start="974" length="16" level="74"/>
        <run start="972" length="18" level="73"/>
        <run start="972" length="19" level="59"/>
        <run start="971" length="20" level="56"/>
        <run start="970" length="21" level="63"/>
    </section>
    <section id="5151" first-pos="1548">
        <run start="983" length="2" level="154"/>
    </section>
    <section id="5176" first-pos="1556">
        <run start="977" length="14" level="75"/>
        <run start="977" length="14" level="76"/>
        <run start="977" length="14" level="76"/>
        <run start="977" length="14" level="89"/>
        <run start="978" length="12" level="88"/>
        <run start="979" length="10" level="103"/>
        <run start="980" length="7" level="129"/>
        <run start="982" length="5" level="188"/>
        <run start="983" length="4" level="185"/>
        <run start="983" length="4" level="205"/>
        <run start="985" length="2" level="200"/>
    </section>
    <section id="5239" first-pos="1580">
        <run start="983" length="5" level="195"/>
        <run start="979" length="6" level="126"/>
        <run start="977" length="8" level="90"/>
        <run start="977" length="8" level="73"/>
        <run start="976" length="9" level="71"/>
        <run start="976" length="9" level="67"/>
        <run start="976" length="9" level="85"/>
        <run start="977" length="7" level="68"/>
        <run start="978" length="4" level="75"/>
        <run start="979" length="3" level="224"/>
    </section>
    <section id="5240" first-pos="1580">
        <run start="992" length="4" level="58"/>
        <run start="990" length="7" level="39"/>
        <run start="990" length="8" level="29"/>
        <run start="989" length="9" level="30"/>
        <run start="989" length="9" level="31"/>
        <run start="990" length="8" level="33"/>
        <run start="991" length="6" level="30"/>
        <run start="992" length="3" level="91"/>
    </section>
</members></stick>
