<?xml version="1.0" encoding="UTF-8"?>
<stick id="711" interline="19" shape="F_CLEF">
    <is-within-system>true</is-within-system>
    <has-ledger>false</has-ledger>
    <stem-number>0</stem-number>
    <step-line>-1.6103896103896105</step-line>
    <moments>
        <k>2.4265927977839334</k>
        <k>2.263157894736842</k>
        <k>2.8947368421052633</k>
        <k>0.13397432931380057</k>
        <k>-0.01603866283478588</k>
        <k>0.1903616153378621</k>
        <k>0.0026068204271891713</k>
        <k>-5.013133350132002E-4</k>
        <k>-0.036500452563908</k>
        <k>0.05683578134230397</k>
        <k>0.3243359446516627</k>
        <k>0.004208480847271093</k>
        <k>0.015971766688027658</k>
        <k>0.004322350585083687</k>
        <k>3.0914857105360145E-5</k>
        <k>2.3666822883164113E-4</k>
        <k>-1.8276858467238017E-5</k>
        <k>296.8767123287671</k>
        <k>1297.873287671233</k>
    </moments><members>
    <section id="1267" first-pos="276">
        <run start="1328" length="3" level="116"/>
        <run start="1327" length="4" level="77"/>
        <run start="1327" length="4" level="65"/>
        <run start="1326" length="4" level="62"/>
        <run start="1326" length="4" level="64"/>
        <run start="1326" length="4" level="71"/>
        <run start="1325" length="4" level="69"/>
        <run start="1324" length="5" level="63"/>
        <run start="1324" length="4" level="54"/>
        <run start="1323" length="5" level="70"/>
        <run start="1322" length="5" level="64"/>
        <run start="1321" length="6" level="86"/>
        <run start="1320" length="6" level="72"/>
        <run start="1319" length="6" level="67"/>
        <run start="1318" length="6" level="56"/>
        <run start="1317" length="7" level="48"/>
        <run start="1316" length="7" level="51"/>
        <run start="1315" length="7" level="75"/>
        <run start="1313" length="8" level="115"/>
        <run start="1311" length="10" level="139"/>
        <run start="1309" length="11" level="131"/>
        <run start="1307" length="12" level="108"/>
        <run start="1304" length="15" level="102"/>
    </section>
    <section id="1325" first-pos="299">
        <run start="1280" length="38" level="87"/>
        <run start="1280" length="37" level="44"/>
        <run start="1281" length="36" level="45"/>
        <run start="1281" length="35" level="44"/>
    </section>
    <section id="1297" first-pos="286">
        <run start="1279" length="7" level="76"/>
        <run start="1279" length="6" level="55"/>
        <run start="1279" length="5" level="49"/>
        <run start="1279" length="5" level="51"/>
        <run start="1276" length="8" level="109"/>
        <run start="1276" length="8" level="111"/>
        <run start="1276" length="8" level="111"/>
        <run start="1279" length="5" level="49"/>
        <run start="1279" length="5" level="45"/>
        <run start="1279" length="6" level="59"/>
        <run start="1279" length="7" level="62"/>
        <run start="1279" length="8" level="57"/>
        <run start="1280" length="10" level="62"/>
    </section>
    <section id="1274" first-pos="278">
        <run start="1288" length="8" level="171"/>
        <run start="1286" length="10" level="87"/>
        <run start="1284" length="14" level="80"/>
        <run start="1283" length="16" level="60"/>
        <run start="1282" length="18" level="57"/>
        <run start="1281" length="20" level="58"/>
        <run start="1281" length="20" level="52"/>
        <run start="1280" length="21" level="72"/>
    </section>
    <section id="1298" first-pos="286">
        <run start="1287" length="14" level="68"/>
        <run start="1287" length="14" level="67"/>
        <run start="1287" length="14" level="76"/>
        <run start="1288" length="13" level="76"/>
        <run start="1288" length="12" level="90"/>
        <run start="1289" length="10" level="108"/>
        <run start="1290" length="8" level="160"/>
    </section>
    <section id="1333" first-pos="303">
        <run start="1282" length="31" level="36"/>
        <run start="1283" length="29" level="42"/>
        <run start="1284" length="26" level="51"/>
        <run start="1286" length="22" level="56"/>
        <run start="1287" length="19" level="59"/>
        <run start="1288" length="17" level="91"/>
    </section>
    <section id="1345" first-pos="309">
        <run start="1291" length="12" level="159"/>
    </section>
    <section id="1348" first-pos="310">
        <run start="1288" length="4" level="186"/>
        <run start="1286" length="7" level="104"/>
        <run start="1285" length="8" level="56"/>
        <run start="1285" length="8" level="37"/>
        <run start="1285" length="8" level="32"/>
        <run start="1285" length="8" level="31"/>
        <run start="1285" length="8" level="46"/>
        <run start="1285" length="8" level="95"/>
        <run start="1286" length="5" level="140"/>
    </section>
    <section id="1349" first-pos="310">
        <run start="1301" length="3" level="160"/>
        <run start="1299" length="7" level="101"/>
        <run start="1298" length="9" level="58"/>
        <run start="1298" length="9" level="30"/>
        <run start="1298" length="9" level="29"/>
        <run start="1298" length="9" level="51"/>
        <run start="1299" length="8" level="58"/>
        <run start="1299" length="7" level="141"/>
    </section>
    <section id="1382" first-pos="318">
        <run start="1302" length="1" level="225"/>
    </section>
    <section id="1334" first-pos="303">
        <run start="1314" length="1" level="200"/>
    </section>
</members></stick>
