<?xml version="1.0" encoding="UTF-8"?>
<stick id="867" interline="19" shape="G_CLEF">
    <is-within-system>true</is-within-system>
    <has-ledger>false</has-ledger>
    <stem-number>0</stem-number>
    <step-line>1.0256410256410255</step-line>
    <moments>
        <k>4.811634349030471</k>
        <k>2.3684210526315788</k>
        <k>5.473684210526316</k>
        <k>0.04727814030989589</k>
        <k>-0.031008060921081125</k>
        <k>0.3767564564592492</k>
        <k>-0.001557509697793003</k>
        <k>0.00390725617653814</k>
        <k>0.013567637153093502</k>
        <k>-0.05196435283876502</k>
        <k>0.4240345967691451</k>
        <k>0.11240196018095512</k>
        <k>0.005841865251321182</k>
        <k>0.0024537277010951808</k>
        <k>9.187287060713723E-6</k>
        <k>7.849880036133185E-4</k>
        <k>-1.3775697652079293E-6</k>
        <k>393.54864709268855</k>
        <k>2206.740356937248</k>
    </moments><members>
    <section id="1530" first-pos="370">
        <run start="2218" length="1" level="200"/>
        <run start="2218" length="2" level="200"/>
        <run start="2218" length="3" level="205"/>
        <run start="2218" length="3" level="197"/>
        <run start="2216" length="5" level="199"/>
    </section>
    <section id="1533" first-pos="375">
        <run start="2204" length="17" level="117"/>
        <run start="2201" length="20" level="62"/>
        <run start="2199" length="24" level="57"/>
        <run start="2198" length="27" level="57"/>
        <run start="2196" length="30" level="82"/>
    </section>
    <section id="1537" first-pos="380">
        <run start="2194" length="19" level="96"/>
        <run start="2193" length="17" level="100"/>
        <run start="2192" length="15" level="92"/>
        <run start="2191" length="15" level="101"/>
        <run start="2190" length="14" level="96"/>
        <run start="2189" length="14" level="97"/>
        <run start="2188" length="14" level="91"/>
        <run start="2187" length="14" level="77"/>
        <run start="2186" length="13" level="53"/>
        <run start="2185" length="14" level="49"/>
        <run start="2185" length="14" level="37"/>
        <run start="2184" length="15" level="54"/>
        <run start="2180" length="16" level="65"/>
    </section>
    <section id="1576" first-pos="393">
        <run start="2160" length="36" level="43"/>
    </section>
    <section id="1569" first-pos="392">
        <run start="2160" length="19" level="84"/>
    </section>
    <section id="1565" first-pos="391">
        <run start="2166" length="13" level="202"/>
    </section>
    <section id="1580" first-pos="394">
        <run start="2158" length="53" level="57"/>
        <run start="2156" length="55" level="65"/>
    </section>
    <section id="1562" first-pos="390">
        <run start="2203" length="14" level="40"/>
        <run start="2202" length="13" level="56"/>
        <run start="2202" length="11" level="39"/>
        <run start="2198" length="14" level="86"/>
    </section>
    <section id="1551" first-pos="385">
        <run start="2209" length="11" level="121"/>
        <run start="2207" length="14" level="79"/>
        <run start="2205" length="17" level="67"/>
        <run start="2204" length="19" level="55"/>
        <run start="2203" length="21" level="49"/>
    </section>
    <section id="1545" first-pos="382">
        <run start="2218" length="1" level="200"/>
        <run start="2216" length="3" level="207"/>
        <run start="2216" length="3" level="179"/>
    </section>
    <section id="1563" first-pos="390">
        <run start="2219" length="6" level="64"/>
        <run start="2220" length="5" level="84"/>
        <run start="2221" length="5" level="61"/>
        <run start="2222" length="4" level="58"/>
        <run start="2222" length="4" level="121"/>
        <run start="2223" length="2" level="220"/>
    </section>
    <section id="1588" first-pos="396">
        <run start="2155" length="13" level="110"/>
        <run start="2154" length="12" level="109"/>
        <run start="2153" length="11" level="111"/>
        <run start="2152" length="9" level="84"/>
        <run start="2151" length="10" level="76"/>
        <run start="2151" length="10" level="76"/>
        <run start="2151" length="11" level="88"/>
        <run start="2152" length="13" level="127"/>
    </section>
    <section id="1641" first-pos="404">
        <run start="2154" length="28" level="79"/>
    </section>
    <section id="1601" first-pos="398">
        <run start="2176" length="14" level="89"/>
        <run start="2175" length="14" level="94"/>
        <run start="2174" length="14" level="87"/>
        <run start="2172" length="14" level="93"/>
        <run start="2170" length="15" level="93"/>
        <run start="2167" length="17" level="109"/>
    </section>
    <section id="1589" first-pos="396">
        <run start="2178" length="43" level="62"/>
        <run start="2178" length="47" level="69"/>
    </section>
    <section id="1582" first-pos="395">
        <run start="2216" length="3" level="207"/>
    </section>
    <section id="1602" first-pos="398">
        <run start="2196" length="44" level="73"/>
    </section>
    <section id="1539" first-pos="380">
        <run start="2220" length="7" level="66"/>
        <run start="2221" length="7" level="71"/>
        <run start="2222" length="7" level="72"/>
        <run start="2223" length="7" level="72"/>
        <run start="2225" length="6" level="67"/>
        <run start="2226" length="5" level="52"/>
        <run start="2227" length="5" level="54"/>
        <run start="2227" length="5" level="87"/>
        <run start="2228" length="5" level="56"/>
        <run start="2228" length="5" level="52"/>
        <run start="2228" length="5" level="78"/>
        <run start="2229" length="5" level="55"/>
        <run start="2229" length="5" level="52"/>
        <run start="2229" length="5" level="52"/>
        <run start="2229" length="5" level="52"/>
        <run start="2229" length="5" level="52"/>
        <run start="2229" length="5" level="52"/>
        <run start="2229" length="5" level="52"/>
    </section>
    <section id="1610" first-pos="399">
        <run start="2198" length="53" level="49"/>
    </section>
    <section id="1556" first-pos="388">
        <run start="2251" length="3" level="82"/>
        <run start="2251" length="3" level="80"/>
        <run start="2251" length="4" level="104"/>
        <run start="2251" length="4" level="100"/>
        <run start="2251" length="3" level="74"/>
        <run start="2250" length="4" level="66"/>
        <run start="2250" length="4" level="61"/>
        <run start="2249" length="5" level="56"/>
        <run start="2248" length="5" level="50"/>
        <run start="2247" length="6" level="47"/>
        <run start="2245" length="7" level="56"/>
    </section>
    <section id="1540" first-pos="380">
        <run start="2241" length="7" level="65"/>
        <run start="2240" length="10" level="25"/>
        <run start="2238" length="13" level="26"/>
        <run start="2237" length="15" level="36"/>
        <run start="2236" length="17" level="44"/>
        <run start="2236" length="18" level="52"/>
        <run start="2236" length="18" level="43"/>
        <run start="2236" length="18" level="53"/>
    </section>
    <section id="1555" first-pos="388">
        <run start="2236" length="14" level="53"/>
        <run start="2236" length="14" level="55"/>
        <run start="2237" length="12" level="47"/>
        <run start="2240" length="8" level="51"/>
    </section>
    <section id="1618" first-pos="400">
        <run start="2198" length="13" level="66"/>
        <run start="2198" length="14" level="83"/>
        <run start="2202" length="10" level="30"/>
        <run start="2202" length="11" level="32"/>
        <run start="2202" length="12" level="37"/>
        <run start="2203" length="12" level="27"/>
        <run start="2203" length="14" level="41"/>
        <run start="2204" length="14" level="34"/>
        <run start="2205" length="14" level="39"/>
    </section>
    <section id="1671" first-pos="409">
        <run start="2205" length="22" level="71"/>
        <run start="2207" length="19" level="77"/>
        <run start="2209" length="16" level="112"/>
    </section>
    <section id="1633" first-pos="402">
        <run start="2227" length="5" level="80"/>
        <run start="2227" length="5" level="71"/>
        <run start="2226" length="5" level="59"/>
        <run start="2224" length="6" level="59"/>
        <run start="2223" length="7" level="57"/>
        <run start="2221" length="8" level="36"/>
        <run start="2220" length="8" level="52"/>
    </section>
    <section id="1626" first-pos="401">
        <run start="2216" length="32" level="87"/>
    </section>
    <section id="1619" first-pos="400">
        <run start="2213" length="37" level="58"/>
    </section>
    <section id="1634" first-pos="402">
        <run start="2235" length="9" level="166"/>
    </section>
    <section id="1637" first-pos="403">
        <run start="2237" length="3" level="204"/>
    </section>
    <section id="1678" first-pos="412">
        <run start="2211" length="11" level="167"/>
    </section>
    <section id="1679" first-pos="413">
        <run start="2215" length="4" level="206"/>
        <run start="2217" length="2" level="200"/>
    </section>
    <section id="1652" first-pos="405">
        <run start="2157" length="1" level="121"/>
    </section>
    <section id="1653" first-pos="405">
        <run start="2160" length="20" level="55"/>
        <run start="2161" length="18" level="71"/>
    </section>
    <section id="1663" first-pos="407">
        <run start="2164" length="7" level="71"/>
    </section>
    <section id="1538" first-pos="380">
        <run start="2216" length="3" level="195"/>
    </section>
</members></stick>
