<?xml version="1.0" encoding="UTF-8"?>
<stick id="4592" interline="20" shape="G_CLEF">
    <is-within-system>true</is-within-system>
    <has-ledger>false</has-ledger>
    <stem-number>0</stem-number>
    <step-line>1.4025974025974026</step-line>
    <moments>
        <k>4.6675</k>
        <k>2.1</k>
        <k>5.15</k>
        <k>0.04382255581317381</k>
        <k>-0.02703592471626806</k>
        <k>0.3546725981181365</k>
        <k>-0.0014316687432721564</k>
        <k>0.002352393160794071</k>
        <k>0.014825212686991884</k>
        <k>-0.05788346026695939</k>
        <k>0.3984951539313103</k>
        <k>0.09955151370205197</k>
        <k>0.006324767509073103</k>
        <k>0.003263086433321787</k>
        <k>1.4757625278093016E-5</k>
        <k>9.832383489241025E-4</k>
        <k>-1.4011467421935737E-6</k>
        <k>1780.3519014461704</k>
        <k>1017.5141938939475</k>
    </moments><members>
    <section id="5830" first-pos="1759">
        <run start="1024" length="1" level="200"/>
        <run start="1024" length="3" level="200"/>
    </section>
    <section id="5841" first-pos="1761">
        <run start="1015" length="13" level="191"/>
    </section>
    <section id="5844" first-pos="1762">
        <run start="1012" length="18" level="100"/>
    </section>
    <section id="5848" first-pos="1763">
        <run start="1009" length="23" level="74"/>
        <run start="1007" length="27" level="58"/>
        <run start="1005" length="30" level="47"/>
        <run start="1004" length="33" level="57"/>
    </section>
    <section id="5856" first-pos="1767">
        <run start="1004" length="21" level="66"/>
    </section>
    <section id="5862" first-pos="1768">
        <run start="1002" length="17" level="70"/>
        <run start="1001" length="16" level="72"/>
        <run start="1000" length="16" level="84"/>
        <run start="999" length="15" level="75"/>
        <run start="998" length="15" level="83"/>
        <run start="998" length="13" level="73"/>
        <run start="996" length="15" level="86"/>
        <run start="996" length="14" level="77"/>
        <run start="995" length="14" level="87"/>
        <run start="994" length="14" level="84"/>
        <run start="994" length="13" level="62"/>
    </section>
    <section id="5894" first-pos="1779">
        <run start="971" length="34" level="51"/>
    </section>
    <section id="5888" first-pos="1778">
        <run start="975" length="12" level="94"/>
    </section>
    <section id="5899" first-pos="1780">
        <run start="968" length="41" level="61"/>
    </section>
    <section id="5901" first-pos="1781">
        <run start="967" length="54" level="49"/>
    </section>
    <section id="5883" first-pos="1776">
        <run start="1013" length="12" level="46"/>
        <run start="1012" length="13" level="46"/>
        <run start="1012" length="13" level="36"/>
        <run start="1011" length="14" level="62"/>
        <run start="1011" length="11" level="24"/>
    </section>
    <section id="5875" first-pos="1771">
        <run start="1019" length="9" level="188"/>
        <run start="1017" length="13" level="117"/>
        <run start="1016" length="16" level="82"/>
        <run start="1015" length="18" level="65"/>
        <run start="1014" length="20" level="57"/>
    </section>
    <section id="5863" first-pos="1768">
        <run start="1022" length="3" level="206"/>
        <run start="1024" length="1" level="200"/>
        <run start="1024" length="3" level="200"/>
    </section>
    <section id="5884" first-pos="1776">
        <run start="1026" length="8" level="36"/>
        <run start="1027" length="8" level="47"/>
        <run start="1029" length="7" level="55"/>
        <run start="1030" length="6" level="39"/>
        <run start="1031" length="5" level="24"/>
        <run start="1032" length="4" level="46"/>
        <run start="1032" length="3" level="137"/>
    </section>
    <section id="5914" first-pos="1783">
        <run start="986" length="49" level="67"/>
    </section>
    <section id="5904" first-pos="1782">
        <run start="967" length="61" level="75"/>
    </section>
    <section id="5902" first-pos="1781">
        <run start="1024" length="1" level="200"/>
    </section>
    <section id="5913" first-pos="1783">
        <run start="964" length="16" level="131"/>
        <run start="963" length="13" level="120"/>
        <run start="962" length="12" level="122"/>
        <run start="961" length="11" level="117"/>
        <run start="961" length="10" level="119"/>
        <run start="961" length="9" level="112"/>
        <run start="961" length="7" level="110"/>
    </section>
    <section id="5931" first-pos="1790">
        <run start="962" length="30" level="108"/>
        <run start="964" length="27" level="86"/>
    </section>
    <section id="5918" first-pos="1785">
        <run start="986" length="13" level="32"/>
        <run start="985" length="13" level="48"/>
        <run start="983" length="14" level="72"/>
        <run start="982" length="13" level="65"/>
        <run start="980" length="14" level="74"/>
    </section>
    <section id="5917" first-pos="1784">
        <run start="986" length="59" level="65"/>
    </section>
    <section id="5857" first-pos="1767">
        <run start="1027" length="10" level="50"/>
        <run start="1030" length="8" level="60"/>
        <run start="1032" length="7" level="61"/>
        <run start="1033" length="7" level="65"/>
        <run start="1035" length="6" level="53"/>
        <run start="1035" length="6" level="52"/>
        <run start="1036" length="9" level="104"/>
        <run start="1037" length="8" level="99"/>
        <run start="1037" length="8" level="104"/>
        <run start="1038" length="7" level="101"/>
        <run start="1038" length="7" level="119"/>
        <run start="1039" length="6" level="101"/>
        <run start="1039" length="6" level="101"/>
        <run start="1039" length="6" level="101"/>
        <run start="1039" length="6" level="101"/>
        <run start="1039" length="6" level="101"/>
        <run start="1039" length="6" level="101"/>
    </section>
    <section id="5919" first-pos="1785">
        <run start="1004" length="58" level="64"/>
    </section>
    <section id="5887" first-pos="1777">
        <run start="1061" length="3" level="8"/>
        <run start="1061" length="3" level="7"/>
        <run start="1061" length="3" level="6"/>
        <run start="1060" length="4" level="21"/>
        <run start="1059" length="5" level="27"/>
        <run start="1058" length="6" level="60"/>
        <run start="1057" length="6" level="37"/>
        <run start="1056" length="7" level="46"/>
    </section>
    <section id="5852" first-pos="1766">
        <run start="1052" length="5" level="138"/>
        <run start="1050" length="9" level="67"/>
        <run start="1049" length="12" level="31"/>
        <run start="1048" length="14" level="25"/>
        <run start="1048" length="14" level="10"/>
        <run start="1047" length="16" level="20"/>
        <run start="1047" length="17" level="26"/>
        <run start="1047" length="17" level="16"/>
        <run start="1047" length="17" level="15"/>
        <run start="1047" length="17" level="17"/>
        <run start="1048" length="16" level="23"/>
    </section>
    <section id="5886" first-pos="1777">
        <run start="1049" length="11" level="31"/>
        <run start="1050" length="9" level="43"/>
        <run start="1051" length="7" level="172"/>
    </section>
    <section id="5921" first-pos="1786">
        <run start="1004" length="4" level="159"/>
    </section>
    <section id="5922" first-pos="1786">
        <run start="1011" length="51" level="41"/>
    </section>
    <section id="5923" first-pos="1787">
        <run start="1011" length="10" level="2"/>
        <run start="1011" length="11" level="21"/>
    </section>
    <section id="5928" first-pos="1789">
        <run start="1012" length="14" level="60"/>
        <run start="1012" length="14" level="53"/>
        <run start="1012" length="14" level="53"/>
        <run start="1013" length="13" level="50"/>
    </section>
    <section id="5926" first-pos="1788">
        <run start="1024" length="4" level="206"/>
    </section>
    <section id="5924" first-pos="1787">
        <run start="1024" length="37" level="58"/>
    </section>
    <section id="5927" first-pos="1788">
        <run start="1030" length="29" level="64"/>
    </section>
    <section id="5929" first-pos="1789">
        <run start="1036" length="21" level="121"/>
    </section>
    <section id="5932" first-pos="1790">
        <run start="1036" length="9" level="104"/>
        <run start="1035" length="6" level="30"/>
        <run start="1033" length="8" level="54"/>
    </section>
    <section id="5943" first-pos="1793">
        <run start="1013" length="27" level="77"/>
        <run start="1014" length="25" level="48"/>
        <run start="1015" length="23" level="53"/>
        <run start="1016" length="21" level="65"/>
        <run start="1018" length="18" level="86"/>
        <run start="1019" length="15" level="128"/>
    </section>
    <section id="5969" first-pos="1799">
        <run start="1022" length="9" level="172"/>
    </section>
    <section id="5970" first-pos="1800">
        <run start="1025" length="3" level="200"/>
    </section>
    <section id="5933" first-pos="1790">
        <run start="1050" length="2" level="215"/>
    </section>
    <section id="5939" first-pos="1792">
        <run start="967" length="22" level="74"/>
        <run start="968" length="19" level="72"/>
    </section>
    <section id="5953" first-pos="1794">
        <run start="971" length="12" level="204"/>
    </section>
</members></stick>
