<?xml version="1.0" encoding="UTF-8"?>
<stick id="679" interline="20" shape="G_CLEF">
    <is-within-system>true</is-within-system>
    <has-ledger>false</has-ledger>
    <stem-number>0</stem-number>
    <step-line>0.5714285714285714</step-line>
    <moments>
        <k>4.77</k>
        <k>2.0</k>
        <k>5.25</k>
        <k>0.043606958157189464</k>
        <k>-0.03358795487774026</k>
        <k>0.36162304435047254</k>
        <k>-0.0017302327150347653</k>
        <k>0.0018015256377016066</k>
        <k>0.016532831085699078</k>
        <k>-0.05337416267237209</k>
        <k>0.405230002507662</k>
        <k>0.10564683392917013</k>
        <k>0.006089578337179529</k>
        <k>0.0028788538092330597</k>
        <k>1.1966090187147035E-5</k>
        <k>8.78721804046594E-4</k>
        <k>-1.4512554493782015E-6</k>
        <k>1363.375786163522</k>
        <k>1009.9103773584906</k>
    </moments><members>
    <section id="4595" first-pos="1343">
        <run start="1012" length="3" level="221"/>
    </section>
    <section id="4596" first-pos="1344">
        <run start="1005" length="20" level="169"/>
        <run start="1004" length="21" level="48"/>
        <run start="1004" length="22" level="55"/>
        <run start="1001" length="26" level="69"/>
        <run start="999" length="29" level="62"/>
        <run start="998" length="31" level="75"/>
    </section>
    <section id="4610" first-pos="1350">
        <run start="996" length="18" level="78"/>
        <run start="995" length="17" level="73"/>
        <run start="994" length="16" level="77"/>
        <run start="993" length="15" level="73"/>
        <run start="992" length="15" level="71"/>
        <run start="991" length="14" level="47"/>
        <run start="990" length="15" level="46"/>
        <run start="989" length="16" level="60"/>
    </section>
    <section id="4632" first-pos="1358">
        <run start="988" length="37" level="50"/>
        <run start="988" length="40" level="58"/>
    </section>
    <section id="4621" first-pos="1354">
        <run start="1011" length="14" level="146"/>
        <run start="1009" length="16" level="61"/>
        <run start="1008" length="17" level="51"/>
        <run start="1006" length="19" level="55"/>
    </section>
    <section id="4618" first-pos="1353">
        <run start="1014" length="4" level="206"/>
    </section>
    <section id="4644" first-pos="1360">
        <run start="987" length="14" level="21"/>
        <run start="986" length="14" level="30"/>
    </section>
    <section id="4654" first-pos="1362">
        <run start="966" length="33" level="65"/>
    </section>
    <section id="4648" first-pos="1361">
        <run start="970" length="2" level="215"/>
    </section>
    <section id="4649" first-pos="1361">
        <run start="976" length="1" level="217"/>
    </section>
    <section id="4655" first-pos="1363">
        <run start="962" length="39" level="63"/>
    </section>
    <section id="4656" first-pos="1364">
        <run start="961" length="53" level="55"/>
    </section>
    <section id="4650" first-pos="1361">
        <run start="1004" length="12" level="50"/>
        <run start="1004" length="11" level="59"/>
        <run start="1004" length="10" level="58"/>
    </section>
    <section id="4645" first-pos="1360">
        <run start="1004" length="24" level="83"/>
    </section>
    <section id="4651" first-pos="1361">
        <run start="1024" length="5" level="158"/>
        <run start="1024" length="5" level="150"/>
        <run start="1024" length="5" level="143"/>
        <run start="1024" length="5" level="174"/>
    </section>
    <section id="4657" first-pos="1365">
        <run start="959" length="69" level="80"/>
    </section>
    <section id="4658" first-pos="1366">
        <run start="958" length="79" level="86"/>
    </section>
    <section id="4611" first-pos="1350">
        <run start="1021" length="9" level="115"/>
        <run start="1024" length="7" level="76"/>
        <run start="1025" length="7" level="47"/>
        <run start="1026" length="7" level="33"/>
        <run start="1027" length="7" level="51"/>
        <run start="1028" length="6" level="39"/>
        <run start="1028" length="7" level="65"/>
        <run start="1029" length="7" level="71"/>
        <run start="1030" length="6" level="43"/>
        <run start="1030" length="6" level="56"/>
        <run start="1031" length="6" level="61"/>
        <run start="1031" length="6" level="43"/>
        <run start="1031" length="6" level="54"/>
        <run start="1031" length="6" level="72"/>
        <run start="1031" length="6" level="74"/>
        <run start="1031" length="6" level="58"/>
    </section>
    <section id="4660" first-pos="1367">
        <run start="957" length="13" level="112"/>
        <run start="955" length="13" level="105"/>
        <run start="954" length="12" level="75"/>
        <run start="953" length="12" level="62"/>
        <run start="953" length="12" level="48"/>
        <run start="953" length="12" level="59"/>
        <run start="954" length="11" level="57"/>
        <run start="955" length="10" level="74"/>
    </section>
    <section id="4685" first-pos="1375">
        <run start="957" length="28" level="70"/>
    </section>
    <section id="4663" first-pos="1368">
        <run start="979" length="14" level="93"/>
        <run start="977" length="15" level="103"/>
        <run start="976" length="14" level="94"/>
        <run start="974" length="15" level="91"/>
        <run start="972" length="16" level="95"/>
        <run start="969" length="18" level="81"/>
        <run start="966" length="20" level="61"/>
    </section>
    <section id="4661" first-pos="1367">
        <run start="980" length="63" level="64"/>
    </section>
    <section id="4664" first-pos="1368">
        <run start="1004" length="50" level="47"/>
        <run start="1004" length="50" level="56"/>
    </section>
    <section id="4634" first-pos="1359">
        <run start="1053" length="5" level="72"/>
        <run start="1053" length="5" level="66"/>
        <run start="1053" length="5" level="56"/>
        <run start="1053" length="5" level="75"/>
        <run start="1052" length="5" level="62"/>
        <run start="1050" length="7" level="76"/>
        <run start="1049" length="8" level="72"/>
        <run start="1048" length="8" level="48"/>
        <run start="1045" length="10" level="45"/>
    </section>
    <section id="4608" first-pos="1349">
        <run start="1042" length="10" level="118"/>
        <run start="1042" length="11" level="63"/>
        <run start="1042" length="12" level="57"/>
        <run start="1042" length="14" level="64"/>
        <run start="1042" length="14" level="56"/>
        <run start="1042" length="15" level="59"/>
        <run start="1042" length="15" level="54"/>
        <run start="1042" length="15" level="53"/>
        <run start="1042" length="16" level="56"/>
        <run start="1042" length="16" level="64"/>
    </section>
    <section id="4605" first-pos="1348">
        <run start="1042" length="5" level="199"/>
    </section>
    <section id="4606" first-pos="1348">
        <run start="1048" length="1" level="225"/>
    </section>
    <section id="4633" first-pos="1359">
        <run start="1042" length="10" level="73"/>
        <run start="1042" length="9" level="81"/>
        <run start="1042" length="8" level="159"/>
        <run start="1042" length="4" level="188"/>
        <run start="1042" length="4" level="206"/>
    </section>
    <section id="4668" first-pos="1370">
        <run start="1004" length="11" level="52"/>
        <run start="1004" length="11" level="49"/>
        <run start="1004" length="12" level="50"/>
        <run start="1004" length="12" level="44"/>
        <run start="1005" length="13" level="47"/>
        <run start="1006" length="14" level="46"/>
        <run start="1007" length="16" level="43"/>
    </section>
    <section id="4700" first-pos="1377">
        <run start="1007" length="25" level="57"/>
        <run start="1008" length="23" level="61"/>
        <run start="1009" length="21" level="74"/>
        <run start="1010" length="18" level="89"/>
    </section>
    <section id="4676" first-pos="1372">
        <run start="1029" length="6" level="64"/>
        <run start="1028" length="7" level="78"/>
        <run start="1024" length="10" level="104"/>
        <run start="1024" length="9" level="82"/>
        <run start="1024" length="9" level="96"/>
    </section>
    <section id="4671" first-pos="1371">
        <run start="1021" length="30" level="128"/>
    </section>
    <section id="4669" first-pos="1370">
        <run start="1017" length="36" level="80"/>
    </section>
    <section id="4675" first-pos="1372">
        <run start="1024" length="1" level="200"/>
    </section>
    <section id="4677" first-pos="1372">
        <run start="1040" length="7" level="191"/>
    </section>
    <section id="4681" first-pos="1373">
        <run start="1042" length="2" level="200"/>
    </section>
    <section id="4714" first-pos="1381">
        <run start="1013" length="12" level="79"/>
        <run start="1016" length="9" level="136"/>
    </section>
    <section id="4692" first-pos="1376">
        <run start="959" length="22" level="88"/>
    </section>
    <section id="4699" first-pos="1377">
        <run start="961" length="17" level="138"/>
    </section>
    <section id="4706" first-pos="1378">
        <run start="964" length="9" level="200"/>
    </section>
</members></stick>
