<?xml version="1.0" encoding="UTF-8"?>
<stick id="4506" interline="20" shape="GRACE_NOTE_SLASH">
    <is-within-system>true</is-within-system>
    <has-ledger>true</has-ledger>
    <stem-number>0</stem-number>
    <step-line>4.51948051948052</step-line>
    <moments>
        <k>1.59</k>
        <k>1.85</k>
        <k>2.6</k>
        <k>0.10320062248751706</k>
        <k>-0.0668618221753528</k>
        <k>0.2959445269137161</k>
        <k>0.006948482391069567</k>
        <k>0.016930139810330664</k>
        <k>-0.04137728291983818</k>
        <k>-5.601466927778372E-4</k>
        <k>0.39914514940123313</k>
        <k>0.05503222575188975</k>
        <k>0.019818933855778445</k>
        <k>0.0014533189805184651</k>
        <k>1.0426725004214222E-6</k>
        <k>-2.6083548177246042E-5</k>
        <k>-7.729759411512695E-6</k>
        <k>1612.4654088050315</k>
        <k>1048.0754716981132</k>
    </moments><members>
    <section id="5285" first-pos="1595">
        <run start="1066" length="1" level="200"/>
        <run start="1064" length="5" level="184"/>
        <run start="1063" length="7" level="172"/>
        <run start="1063" length="8" level="126"/>
        <run start="1062" length="10" level="109"/>
        <run start="1061" length="11" level="82"/>
        <run start="1061" length="11" level="74"/>
        <run start="1060" length="12" level="73"/>
        <run start="1060" length="13" level="79"/>
        <run start="1059" length="13" level="79"/>
        <run start="1059" length="13" level="77"/>
        <run start="1059" length="13" level="74"/>
        <run start="1059" length="13" level="96"/>
        <run start="1060" length="11" level="74"/>
    </section>
    <section id="5335" first-pos="1609">
        <run start="1046" length="25" level="66"/>
    </section>
    <section id="5305" first-pos="1601">
        <run start="1050" length="3" level="144"/>
        <run start="1050" length="3" level="85"/>
        <run start="1049" length="3" level="78"/>
        <run start="1049" length="3" level="83"/>
        <run start="1048" length="3" level="55"/>
        <run start="1048" length="3" level="66"/>
        <run start="1047" length="3" level="36"/>
        <run start="1046" length="6" level="51"/>
    </section>
    <section id="5338" first-pos="1610">
        <run start="1021" length="49" level="54"/>
        <run start="1022" length="47" level="107"/>
    </section>
    <section id="5333" first-pos="1608">
        <run start="1021" length="24" level="124"/>
        <run start="1021" length="24" level="51"/>
    </section>
    <section id="5328" first-pos="1607">
        <run start="1022" length="9" level="177"/>
    </section>
    <section id="5323" first-pos="1606">
        <run start="1024" length="3" level="209"/>
    </section>
    <section id="5342" first-pos="1612">
        <run start="1024" length="14" level="33"/>
        <run start="1024" length="14" level="54"/>
    </section>
    <section id="5347" first-pos="1614">
        <run start="1024" length="3" level="201"/>
    </section>
    <section id="5348" first-pos="1614">
        <run start="1029" length="10" level="31"/>
        <run start="1030" length="10" level="53"/>
    </section>
    <section id="5350" first-pos="1616">
        <run start="1032" length="15" level="106"/>
        <run start="1033" length="13" level="80"/>
        <run start="1034" length="12" level="89"/>
        <run start="1036" length="11" level="106"/>
        <run start="1037" length="12" level="114"/>
    </section>
    <section id="5343" first-pos="1612">
        <run start="1041" length="8" level="144"/>
        <run start="1044" length="4" level="121"/>
        <run start="1044" length="4" level="148"/>
        <run start="1044" length="3" level="178"/>
    </section>
    <section id="5358" first-pos="1621">
        <run start="1038" length="27" level="93"/>
        <run start="1039" length="26" level="45"/>
        <run start="1039" length="25" level="53"/>
        <run start="1038" length="24" level="156"/>
    </section>
    <section id="5355" first-pos="1620">
        <run start="1060" length="4" level="137"/>
    </section>
    <section id="5361" first-pos="1625">
        <run start="1037" length="8" level="99"/>
        <run start="1037" length="8" level="85"/>
        <run start="1036" length="9" level="110"/>
        <run start="1035" length="6" level="74"/>
        <run start="1035" length="6" level="92"/>
        <run start="1035" length="5" level="116"/>
        <run start="1036" length="3" level="167"/>
    </section>
    <section id="5344" first-pos="1612">
        <run start="1061" length="3" level="196"/>
    </section>
</members></stick>
