<?xml version="1.0" encoding="UTF-8"?>
<stick id="4601" interline="20" shape="GRACE_NOTE_SLASH">
    <is-within-system>true</is-within-system>
    <has-ledger>true</has-ledger>
    <stem-number>0</stem-number>
    <step-line>3.4871794871794872</step-line>
    <moments>
        <k>1.575</k>
        <k>1.8</k>
        <k>2.6</k>
        <k>0.10565831623654756</k>
        <k>-0.07491109671381754</k>
        <k>0.26543245469851706</k>
        <k>0.009433690308414401</k>
        <k>0.011312214846198843</k>
        <k>-0.030233041001724453</k>
        <k>-0.005336208804387984</k>
        <k>0.3710907709350646</k>
        <k>0.0479744649647323</k>
        <k>0.011568937311793388</k>
        <k>4.6832563747505713E-4</k>
        <k>-3.8165156643815177E-7</k>
        <k>-2.616949808728062E-5</k>
        <k>-1.0211134333555929E-6</k>
        <k>2097.9285714285716</k>
        <k>1039.284126984127</k>
    </moments><members>
    <section id="6802" first-pos="2082">
        <run start="1055" length="5" level="133"/>
        <run start="1054" length="7" level="66"/>
        <run start="1053" length="9" level="47"/>
        <run start="1052" length="10" level="33"/>
        <run start="1051" length="12" level="35"/>
        <run start="1051" length="12" level="23"/>
        <run start="1051" length="12" level="21"/>
        <run start="1050" length="13" level="27"/>
        <run start="1050" length="13" level="29"/>
        <run start="1050" length="12" level="21"/>
        <run start="1050" length="12" level="22"/>
        <run start="1050" length="12" level="37"/>
        <run start="1050" length="11" level="40"/>
    </section>
    <section id="6859" first-pos="2095">
        <run start="1044" length="16" level="72"/>
        <run start="1044" length="15" level="66"/>
        <run start="1044" length="12" level="158"/>
    </section>
    <section id="6857" first-pos="2094">
        <run start="1026" length="21" level="141"/>
    </section>
    <section id="6844" first-pos="2092">
        <run start="1026" length="1" level="200"/>
        <run start="1026" length="1" level="200"/>
    </section>
    <section id="6805" first-pos="2084">
        <run start="1044" length="1" level="200"/>
        <run start="1043" length="2" level="200"/>
        <run start="1042" length="3" level="200"/>
        <run start="1042" length="3" level="200"/>
        <run start="1040" length="5" level="182"/>
        <run start="1040" length="5" level="148"/>
        <run start="1039" length="6" level="157"/>
        <run start="1038" length="7" level="141"/>
        <run start="1038" length="7" level="126"/>
        <run start="1037" length="10" level="147"/>
    </section>
    <section id="6858" first-pos="2095">
        <run start="1011" length="32" level="49"/>
        <run start="1011" length="32" level="67"/>
    </section>
    <section id="6856" first-pos="2094">
        <run start="1011" length="13" level="138"/>
    </section>
    <section id="6855" first-pos="2093">
        <run start="1013" length="3" level="209"/>
    </section>
    <section id="6861" first-pos="2097">
        <run start="1016" length="26" level="103"/>
    </section>
    <section id="6862" first-pos="2098">
        <run start="1017" length="12" level="131"/>
        <run start="1019" length="11" level="147"/>
        <run start="1021" length="9" level="165"/>
        <run start="1022" length="9" level="181"/>
    </section>
    <section id="6867" first-pos="2102">
        <run start="1024" length="13" level="109"/>
        <run start="1026" length="11" level="66"/>
        <run start="1026" length="11" level="66"/>
        <run start="1027" length="11" level="60"/>
        <run start="1027" length="13" level="61"/>
        <run start="1028" length="14" level="51"/>
    </section>
    <section id="6863" first-pos="2098">
        <run start="1035" length="5" level="72"/>
        <run start="1034" length="5" level="83"/>
        <run start="1033" length="6" level="94"/>
        <run start="1032" length="6" level="84"/>
    </section>
    <section id="6877" first-pos="2108">
        <run start="1028" length="27" level="67"/>
        <run start="1029" length="24" level="116"/>
    </section>
    <section id="6875" first-pos="2107">
        <run start="1044" length="11" level="81"/>
    </section>
    <section id="6871" first-pos="2106">
        <run start="1044" length="4" level="202"/>
    </section>
    <section id="6872" first-pos="2106">
        <run start="1050" length="5" level="127"/>
    </section>
    <section id="6881" first-pos="2110">
        <run start="1029" length="4" level="51"/>
        <run start="1028" length="5" level="74"/>
        <run start="1024" length="8" level="123"/>
        <run start="1024" length="8" level="110"/>
        <run start="1024" length="7" level="101"/>
        <run start="1024" length="7" level="115"/>
        <run start="1024" length="6" level="156"/>
    </section>
    <section id="6893" first-pos="2117">
        <run start="1028" length="1" level="214"/>
    </section>
    <section id="6882" first-pos="2110">
        <run start="1040" length="8" level="186"/>
    </section>
    <section id="6883" first-pos="2111">
        <run start="1043" length="2" level="200"/>
    </section>
    <section id="6864" first-pos="2098">
        <run start="1044" length="3" level="178"/>
        <run start="1044" length="3" level="197"/>
    </section>
</members></stick>
