<?xml version="1.0" encoding="UTF-8"?>
<stick id="4814" interline="19" shape="GRACE_NOTE_SLASH">
    <is-within-system>true</is-within-system>
    <has-ledger>false</has-ledger>
    <stem-number>1</stem-number>
    <step-line>-2.5454545454545454</step-line>
    <moments>
        <k>1.6066481994459834</k>
        <k>1.9473684210526316</k>
        <k>2.6842105263157894</k>
        <k>0.10394199741686828</k>
        <k>-0.07490170261183325</k>
        <k>0.2924275851818445</k>
        <k>0.006648446718512811</k>
        <k>0.018086977289198357</k>
        <k>-0.03880307312180174</k>
        <k>0.004209851431838421</k>
        <k>0.39636958259871274</k>
        <k>0.057967877011714575</k>
        <k>0.017648299834807653</k>
        <k>0.0015310685701503365</k>
        <k>4.717066489367355E-6</k>
        <k>1.1362828537162264E-4</k>
        <k>-6.410191747613995E-6</k>
        <k>591.5396551724137</k>
        <k>1289.2362068965517</k>
    </moments><members>
    <section id="2181" first-pos="576">
        <run start="1305" length="5" level="142"/>
        <run start="1304" length="7" level="67"/>
        <run start="1303" length="9" level="48"/>
        <run start="1302" length="11" level="39"/>
        <run start="1301" length="12" level="31"/>
        <run start="1301" length="12" level="22"/>
        <run start="1300" length="13" level="32"/>
        <run start="1300" length="13" level="26"/>
        <run start="1300" length="13" level="35"/>
        <run start="1300" length="12" level="22"/>
        <run start="1300" length="12" level="35"/>
        <run start="1300" length="11" level="39"/>
    </section>
    <section id="2215" first-pos="588">
        <run start="1262" length="48" level="64"/>
        <run start="1262" length="47" level="42"/>
        <run start="1263" length="44" level="85"/>
    </section>
    <section id="2212" first-pos="587">
        <run start="1267" length="8" level="216"/>
    </section>
    <section id="2213" first-pos="587">
        <run start="1276" length="8" level="199"/>
    </section>
    <section id="2194" first-pos="580">
        <run start="1291" length="2" level="205"/>
        <run start="1290" length="3" level="137"/>
        <run start="1290" length="3" level="112"/>
        <run start="1289" length="3" level="135"/>
        <run start="1289" length="3" level="86"/>
        <run start="1288" length="4" level="130"/>
        <run start="1288" length="3" level="83"/>
        <run start="1287" length="6" level="112"/>
    </section>
    <section id="2224" first-pos="591">
        <run start="1266" length="12" level="69"/>
        <run start="1267" length="12" level="96"/>
        <run start="1269" length="10" level="104"/>
        <run start="1271" length="9" level="132"/>
        <run start="1272" length="9" level="158"/>
    </section>
    <section id="2243" first-pos="596">
        <run start="1273" length="14" level="119"/>
        <run start="1274" length="13" level="98"/>
        <run start="1275" length="13" level="91"/>
        <run start="1277" length="12" level="69"/>
    </section>
    <section id="2225" first-pos="591">
        <run start="1285" length="5" level="64"/>
        <run start="1285" length="5" level="84"/>
        <run start="1284" length="5" level="73"/>
        <run start="1283" length="5" level="77"/>
        <run start="1283" length="5" level="58"/>
    </section>
    <section id="2258" first-pos="600">
        <run start="1277" length="28" level="101"/>
        <run start="1277" length="28" level="54"/>
        <run start="1278" length="27" level="88"/>
    </section>
    <section id="2254" first-pos="599">
        <run start="1302" length="3" level="143"/>
    </section>
    <section id="2273" first-pos="603">
        <run start="1278" length="6" level="87"/>
        <run start="1278" length="5" level="89"/>
        <run start="1278" length="5" level="103"/>
        <run start="1278" length="4" level="110"/>
        <run start="1278" length="4" level="127"/>
        <run start="1278" length="3" level="151"/>
        <run start="1278" length="3" level="183"/>
        <run start="1278" length="2" level="200"/>
        <run start="1278" length="1" level="200"/>
        <run start="1278" length="1" level="200"/>
    </section>
    <section id="2274" first-pos="603">
        <run start="1288" length="12" level="147"/>
    </section>
    <section id="2286" first-pos="604">
        <run start="1296" length="1" level="200"/>
    </section>
    <section id="2226" first-pos="591">
        <run start="1296" length="3" level="163"/>
        <run start="1296" length="3" level="185"/>
    </section>
</members></stick>
