<?xml version="1.0" encoding="UTF-8"?>
<stick id="4511" interline="20" shape="GRACE_NOTE_SLASH">
    <is-within-system>true</is-within-system>
    <has-ledger>true</has-ledger>
    <stem-number>0</stem-number>
    <step-line>4.7272727272727275</step-line>
    <moments>
        <k>1.44</k>
        <k>1.45</k>
        <k>2.5</k>
        <k>0.08534782315477871</k>
        <k>-0.06196881517951871</k>
        <k>0.31431782098464023</k>
        <k>0.001509419418819487</k>
        <k>0.025458034398788357</k>
        <k>-0.03645354805741719</k>
        <k>-0.02045733932359719</k>
        <k>0.39966564413941896</k>
        <k>0.06778779612522018</k>
        <k>0.021668499261184897</k>
        <k>0.0012460990775459058</k>
        <k>-2.6784362673188605E-6</k>
        <k>-2.305526743652865E-4</k>
        <k>-5.895106534246063E-6</k>
        <k>1694.9322916666667</k>
        <k>1050.390625</k>
    </moments><members>
    <section id="5558" first-pos="1680">
        <run start="1067" length="4" level="169"/>
        <run start="1064" length="8" level="163"/>
        <run start="1063" length="10" level="135"/>
        <run start="1063" length="11" level="114"/>
        <run start="1062" length="12" level="103"/>
        <run start="1062" length="12" level="90"/>
        <run start="1062" length="12" level="86"/>
        <run start="1061" length="13" level="101"/>
        <run start="1061" length="12" level="101"/>
        <run start="1061" length="12" level="92"/>
        <run start="1061" length="12" level="97"/>
        <run start="1062" length="11" level="113"/>
        <run start="1061" length="11" level="129"/>
    </section>
    <section id="5624" first-pos="1693">
        <run start="1024" length="47" level="66"/>
        <run start="1024" length="44" level="46"/>
        <run start="1024" length="44" level="106"/>
    </section>
    <section id="5622" first-pos="1692">
        <run start="1024" length="32" level="131"/>
    </section>
    <section id="5605" first-pos="1690">
        <run start="1024" length="3" level="203"/>
        <run start="1024" length="3" level="173"/>
    </section>
    <section id="5585" first-pos="1684">
        <run start="1053" length="1" level="105"/>
        <run start="1052" length="3" level="60"/>
        <run start="1051" length="4" level="84"/>
        <run start="1051" length="4" level="80"/>
        <run start="1051" length="3" level="57"/>
        <run start="1050" length="3" level="69"/>
        <run start="1050" length="3" level="75"/>
        <run start="1049" length="4" level="70"/>
    </section>
    <section id="5641" first-pos="1696">
        <run start="1024" length="28" level="93"/>
    </section>
    <section id="5649" first-pos="1697">
        <run start="1024" length="3" level="200"/>
        <run start="1024" length="3" level="204"/>
    </section>
    <section id="5650" first-pos="1697">
        <run start="1030" length="21" level="74"/>
        <run start="1031" length="19" level="74"/>
        <run start="1033" length="16" level="72"/>
        <run start="1034" length="15" level="87"/>
        <run start="1035" length="14" level="109"/>
        <run start="1037" length="11" level="104"/>
        <run start="1038" length="11" level="124"/>
        <run start="1039" length="12" level="137"/>
    </section>
    <section id="5675" first-pos="1705">
        <run start="1042" length="24" level="97"/>
        <run start="1043" length="23" level="50"/>
        <run start="1043" length="21" level="69"/>
    </section>
    <section id="5672" first-pos="1704">
        <run start="1063" length="3" level="63"/>
    </section>
    <section id="5686" first-pos="1708">
        <run start="1048" length="14" level="177"/>
    </section>
</members></stick>
