<?xml version="1.0" encoding="UTF-8"?>
<stick id="3146" interline="19" shape="MORDENT">
    <is-within-system>true</is-within-system>
    <has-ledger>false</has-ledger>
    <stem-number>0</stem-number>
    <step-line>-6.3896103896103895</step-line>
    <moments>
        <k>1.077562326869806</k>
        <k>2.263157894736842</k>
        <k>1.0526315789473684</k>
        <k>0.28538912384437415</k>
        <k>0.018579580625255894</k>
        <k>0.04783980475357507</k>
        <k>0.001668540873699421</k>
        <k>-0.002111517539442226</k>
        <k>-0.0010764255784321331</k>
        <k>7.408363879649734E-4</k>
        <k>0.3332289285979492</k>
        <k>0.05781048226534381</k>
        <k>7.40497469213423E-5</k>
        <k>2.2293673419044743E-6</k>
        <k>-2.334890782164587E-11</k>
        <k>-4.2333170837932964E-7</k>
        <k>1.659245062663524E-11</k>
        <k>564.9177377892031</k>
        <k>653.0462724935733</k>
    </moments><members>
    <section id="2067" first-pos="544">
        <run start="654" length="1" level="191"/>
        <run start="652" length="4" level="146"/>
        <run start="651" length="4" level="73"/>
        <run start="650" length="5" level="104"/>
        <run start="649" length="5" level="96"/>
        <run start="648" length="5" level="95"/>
        <run start="647" length="5" level="70"/>
        <run start="646" length="7" level="71"/>
        <run start="645" length="10" level="58"/>
        <run start="644" length="13" level="43"/>
        <run start="644" length="15" level="33"/>
        <run start="644" length="17" level="25"/>
        <run start="645" length="17" level="18"/>
        <run start="646" length="17" level="22"/>
        <run start="648" length="16" level="22"/>
        <run start="649" length="15" level="42"/>
        <run start="651" length="12" level="43"/>
        <run start="652" length="9" level="58"/>
        <run start="654" length="6" level="57"/>
        <run start="653" length="6" level="94"/>
        <run start="651" length="7" level="124"/>
        <run start="650" length="6" level="89"/>
        <run start="650" length="5" level="67"/>
        <run start="649" length="5" level="72"/>
        <run start="647" length="6" level="101"/>
        <run start="647" length="7" level="53"/>
        <run start="646" length="10" level="43"/>
        <run start="645" length="13" level="46"/>
        <run start="644" length="15" level="30"/>
        <run start="644" length="16" level="30"/>
        <run start="645" length="16" level="27"/>
        <run start="646" length="17" level="37"/>
        <run start="647" length="16" level="28"/>
        <run start="649" length="14" level="37"/>
        <run start="651" length="11" level="47"/>
        <run start="653" length="8" level="67"/>
        <run start="654" length="6" level="57"/>
        <run start="653" length="6" level="97"/>
        <run start="653" length="4" level="72"/>
        <run start="652" length="4" level="90"/>
        <run start="651" length="4" level="112"/>
        <run start="651" length="3" level="122"/>
        <run start="652" length="1" level="221"/>
    </section>
</members></stick>
