<?xml version="1.0" encoding="UTF-8"?>
<stick id="2984" interline="19" shape="MORDENT">
    <is-within-system>true</is-within-system>
    <has-ledger>false</has-ledger>
    <stem-number>0</stem-number>
    <step-line>-8.923076923076923</step-line>
    <moments>
        <k>1.2742382271468145</k>
        <k>2.3157894736842106</k>
        <k>1.1578947368421053</k>
        <k>0.2608054984794934</k>
        <k>0.014207405276567706</k>
        <k>0.04735242870058364</k>
        <k>0.002037453544908316</k>
        <k>-0.0015315314736710512</k>
        <k>-9.921090269928885E-4</k>
        <k>-2.36303351616695E-5</k>
        <k>0.30815792718007706</k>
        <k>0.0463696144568107</k>
        <k>4.603170883866375E-5</k>
        <k>3.5112734127876964E-6</k>
        <k>-2.6188926539168213E-11</k>
        <k>-3.753792416596587E-7</k>
        <k>3.6150822633280903E-11</k>
        <k>681.4652173913043</k>
        <k>339.3304347826087</k>
    </moments><members>
    <section id="2484" first-pos="660">
        <run start="340" length="3" level="137"/>
        <run start="339" length="4" level="83"/>
        <run start="338" length="4" level="71"/>
        <run start="336" length="5" level="72"/>
        <run start="335" length="6" level="75"/>
        <run start="334" length="6" level="60"/>
        <run start="333" length="6" level="50"/>
        <run start="331" length="10" level="76"/>
        <run start="331" length="12" level="48"/>
        <run start="330" length="14" level="30"/>
        <run start="329" length="17" level="27"/>
        <run start="329" length="19" level="27"/>
        <run start="330" length="20" level="31"/>
        <run start="332" length="19" level="31"/>
        <run start="333" length="18" level="26"/>
        <run start="334" length="16" level="36"/>
        <run start="336" length="13" level="39"/>
        <run start="338" length="10" level="41"/>
        <run start="340" length="7" level="29"/>
        <run start="339" length="7" level="72"/>
        <run start="338" length="7" level="75"/>
        <run start="337" length="7" level="76"/>
        <run start="336" length="7" level="84"/>
        <run start="336" length="5" level="44"/>
        <run start="334" length="7" level="81"/>
        <run start="332" length="10" level="67"/>
        <run start="331" length="12" level="37"/>
        <run start="330" length="14" level="29"/>
        <run start="329" length="17" level="27"/>
        <run start="329" length="18" level="17"/>
        <run start="330" length="19" level="15"/>
        <run start="331" length="19" level="20"/>
        <run start="332" length="18" level="25"/>
        <run start="334" length="16" level="26"/>
        <run start="336" length="13" level="29"/>
        <run start="338" length="11" level="68"/>
        <run start="340" length="7" level="53"/>
        <run start="340" length="6" level="73"/>
        <run start="339" length="6" level="83"/>
        <run start="338" length="6" level="71"/>
        <run start="337" length="6" level="76"/>
        <run start="336" length="6" level="95"/>
        <run start="336" length="5" level="138"/>
        <run start="337" length="2" level="196"/>
    </section>
</members></stick>
