<?xml version="1.0" encoding="UTF-8"?>
<stick id="3026" interline="19" shape="MORDENT">
    <is-within-system>true</is-within-system>
    <has-ledger>false</has-ledger>
    <stem-number>0</stem-number>
    <step-line>-8.923076923076923</step-line>
    <moments>
        <k>1.2354570637119113</k>
        <k>2.263157894736842</k>
        <k>1.105263157894737</k>
        <k>0.25792918695563116</k>
        <k>0.018071873320211665</k>
        <k>0.048095802568305895</k>
        <k>-4.0400621929413043E-4</k>
        <k>-0.0017209276894204317</k>
        <k>-0.0010261949995064542</k>
        <k>1.2551171795568646E-4</k>
        <k>0.3060249895239371</k>
        <k>0.04533641962464611</k>
        <k>3.511943339221164E-5</k>
        <k>4.590827648263475E-6</k>
        <k>5.1683013402546654E-11</k>
        <k>6.005233690933257E-8</k>
        <k>-2.6960032810669237E-11</k>
        <k>1712.0627802690583</k>
        <k>339.2219730941704</k>
    </moments><members>
    <section id="5613" first-pos="1691">
        <run start="339" length="3" level="113"/>
        <run start="338" length="4" level="39"/>
        <run start="337" length="5" level="51"/>
        <run start="336" length="5" level="56"/>
        <run start="335" length="5" level="51"/>
        <run start="334" length="5" level="39"/>
        <run start="332" length="7" level="46"/>
        <run start="332" length="9" level="40"/>
        <run start="330" length="12" level="35"/>
        <run start="329" length="16" level="41"/>
        <run start="329" length="17" level="19"/>
        <run start="329" length="19" level="23"/>
        <run start="330" length="20" level="32"/>
        <run start="332" length="18" level="14"/>
        <run start="333" length="17" level="21"/>
        <run start="335" length="15" level="35"/>
        <run start="337" length="12" level="32"/>
        <run start="338" length="10" level="41"/>
        <run start="339" length="8" level="66"/>
        <run start="339" length="6" level="44"/>
        <run start="338" length="6" level="46"/>
        <run start="337" length="6" level="47"/>
        <run start="335" length="7" level="87"/>
        <run start="335" length="6" level="50"/>
        <run start="333" length="8" level="68"/>
        <run start="332" length="10" level="51"/>
        <run start="331" length="12" level="33"/>
        <run start="330" length="15" level="33"/>
        <run start="330" length="16" level="16"/>
        <run start="330" length="18" level="20"/>
        <run start="330" length="19" level="22"/>
        <run start="331" length="19" level="32"/>
        <run start="333" length="17" level="25"/>
        <run start="334" length="16" level="46"/>
        <run start="336" length="13" level="55"/>
        <run start="338" length="10" level="75"/>
        <run start="340" length="7" level="61"/>
        <run start="339" length="6" level="68"/>
        <run start="339" length="5" level="51"/>
        <run start="338" length="5" level="64"/>
        <run start="337" length="5" level="85"/>
        <run start="337" length="4" level="99"/>
        <run start="337" length="3" level="197"/>
    </section>
</members></stick>
