<?xml version="1.0" encoding="UTF-8"?>
<stick id="819" interline="20" shape="NATURAL">
    <is-within-system>true</is-within-system>
    <has-ledger>false</has-ledger>
    <stem-number>0</stem-number>
    <step-line>-5.87012987012987</step-line>
    <moments>
        <k>1.1325</k>
        <k>0.8</k>
        <k>3.05</k>
        <k>0.0519740187995707</k>
        <k>0.054976740076237644</k>
        <k>0.4523373720414286</k>
        <k>2.456078106889256E-4</k>
        <k>7.752634156785338E-5</k>
        <k>0.0017355300668199056</k>
        <k>0.007323696364762853</k>
        <k>0.5043113908409993</k>
        <k>0.17238058241670548</k>
        <k>7.48952914021055E-5</k>
        <k>5.870300483840542E-5</k>
        <k>3.833509546935026E-9</k>
        <k>2.358421493027918E-5</k>
        <k>6.74538854623047E-10</k>
        <k>462.7086092715232</k>
        <k>1832.8918322295806</k>
    </moments><members>
    <section id="1817" first-pos="456">
        <run start="1805" length="21" level="201"/>
    </section>
    <section id="1820" first-pos="457">
        <run start="1804" length="47" level="21"/>
        <run start="1803" length="48" level="41"/>
    </section>
    <section id="1818" first-pos="456">
        <run start="1827" length="24" level="138"/>
    </section>
    <section id="1826" first-pos="459">
        <run start="1804" length="26" level="51"/>
    </section>
    <section id="1828" first-pos="460">
        <run start="1821" length="9" level="40"/>
        <run start="1821" length="8" level="45"/>
        <run start="1820" length="8" level="54"/>
        <run start="1820" length="8" level="44"/>
        <run start="1819" length="8" level="50"/>
        <run start="1818" length="9" level="50"/>
        <run start="1818" length="9" level="28"/>
    </section>
    <section id="1850" first-pos="467">
        <run start="1817" length="47" level="87"/>
        <run start="1817" length="47" level="24"/>
    </section>
    <section id="1827" first-pos="459">
        <run start="1840" length="10" level="52"/>
        <run start="1842" length="8" level="33"/>
        <run start="1842" length="7" level="27"/>
        <run start="1841" length="8" level="47"/>
        <run start="1841" length="8" level="49"/>
        <run start="1840" length="8" level="46"/>
        <run start="1840" length="8" level="31"/>
        <run start="1839" length="9" level="36"/>
    </section>
    <section id="1847" first-pos="466">
        <run start="1851" length="3" level="183"/>
    </section>
    <section id="1858" first-pos="469">
        <run start="1816" length="36" level="91"/>
    </section>
    <section id="1862" first-pos="470">
        <run start="1817" length="10" level="121"/>
    </section>
    <section id="1863" first-pos="470">
        <run start="1848" length="2" level="210"/>
    </section>
    <section id="1859" first-pos="469">
        <run start="1853" length="10" level="126"/>
    </section>
    <section id="1864" first-pos="470">
        <run start="1853" length="4" level="201"/>
        <run start="1853" length="1" level="200"/>
    </section>
    <section id="1865" first-pos="470">
        <run start="1859" length="2" level="222"/>
    </section>
</members></stick>
