<?xml version="1.0" encoding="UTF-8"?>
<stick id="752" interline="19" shape="QUARTER_REST">
    <is-within-system>true</is-within-system>
    <has-ledger>false</has-ledger>
    <stem-number>0</stem-number>
    <step-line>0.15584415584415584</step-line>
    <moments>
        <k>1.6204986149584488</k>
        <k>1.2105263157894737</k>
        <k>3.210526315789474</k>
        <k>0.03617540067419548</k>
        <k>-0.031237878313924758</k>
        <k>0.39132741305171637</k>
        <k>9.152766913557463E-4</k>
        <k>0.007477832142394631</k>
        <k>-0.006964678196422405</k>
        <k>-0.04731978191788915</k>
        <k>0.42750281372591187</k>
        <k>0.130036172062025</k>
        <k>0.0053411658984203435</k>
        <k>0.0016239762204825303</k>
        <k>4.729851553122672E-6</k>
        <k>5.206488557143911E-4</k>
        <k>7.100983650794179E-7</k>
        <k>1812.3145299145299</k>
        <k>1315.480341880342</k>
    </moments><members>
    <section id="5971" first-pos="1802">
        <run start="1332" length="3" level="165"/>
    </section>
    <section id="5972" first-pos="1803">
        <run start="1326" length="9" level="96"/>
        <run start="1325" length="12" level="79"/>
        <run start="1324" length="14" level="82"/>
        <run start="1323" length="16" level="71"/>
        <run start="1323" length="18" level="63"/>
        <run start="1322" length="20" level="65"/>
        <run start="1322" length="21" level="55"/>
    </section>
    <section id="5982" first-pos="1810">
        <run start="1322" length="13" level="37"/>
        <run start="1322" length="13" level="47"/>
    </section>
    <section id="5987" first-pos="1812">
        <run start="1287" length="48" level="63"/>
    </section>
    <section id="5978" first-pos="1807">
        <run start="1284" length="2" level="202"/>
        <run start="1284" length="4" level="105"/>
        <run start="1284" length="6" level="105"/>
        <run start="1285" length="7" level="89"/>
        <run start="1286" length="7" level="68"/>
    </section>
    <section id="5985" first-pos="1811">
        <run start="1294" length="27" level="98"/>
    </section>
    <section id="5981" first-pos="1810">
        <run start="1302" length="18" level="97"/>
    </section>
    <section id="5973" first-pos="1804">
        <run start="1313" length="2" level="200"/>
        <run start="1312" length="3" level="189"/>
        <run start="1311" length="4" level="150"/>
        <run start="1310" length="6" level="131"/>
        <run start="1308" length="10" level="130"/>
        <run start="1305" length="13" level="110"/>
    </section>
    <section id="5991" first-pos="1813">
        <run start="1288" length="43" level="49"/>
        <run start="1290" length="40" level="47"/>
        <run start="1291" length="39" level="50"/>
    </section>
    <section id="6004" first-pos="1816">
        <run start="1292" length="21" level="53"/>
        <run start="1293" length="19" level="68"/>
        <run start="1294" length="15" level="70"/>
        <run start="1294" length="12" level="70"/>
        <run start="1295" length="10" level="91"/>
    </section>
    <section id="6023" first-pos="1821">
        <run start="1298" length="5" level="132"/>
    </section>
    <section id="6005" first-pos="1816">
        <run start="1316" length="14" level="80"/>
    </section>
    <section id="6011" first-pos="1817">
        <run start="1321" length="9" level="70"/>
        <run start="1323" length="7" level="63"/>
        <run start="1324" length="7" level="83"/>
        <run start="1326" length="6" level="67"/>
        <run start="1326" length="6" level="100"/>
        <run start="1328" length="7" level="112"/>
        <run start="1329" length="6" level="146"/>
        <run start="1330" length="2" level="212"/>
    </section>
    <section id="5992" first-pos="1813">
        <run start="1332" length="3" level="199"/>
    </section>
    <section id="5983" first-pos="1810">
        <run start="1336" length="8" level="112"/>
        <run start="1340" length="5" level="86"/>
        <run start="1341" length="4" level="116"/>
        <run start="1343" length="1" level="226"/>
    </section>
</members></stick>
