<?xml version="1.0" encoding="UTF-8"?>
<stick id="866" interline="19" shape="QUARTER_REST">
    <is-within-system>true</is-within-system>
    <has-ledger>false</has-ledger>
    <stem-number>0</stem-number>
    <step-line>0.20512820512820512</step-line>
    <moments>
        <k>1.5872576177285318</k>
        <k>1.1578947368421053</k>
        <k>3.210526315789474</k>
        <k>0.03513218291764003</k>
        <k>-0.03280483936756134</k>
        <k>0.3915872023335544</k>
        <k>7.493168391886454E-4</k>
        <k>0.006074275606358833</k>
        <k>-0.01010461531747604</k>
        <k>-0.041712297761152935</k>
        <k>0.4267193852511944</k>
        <k>0.1313648108105259</k>
        <k>0.004557139241066106</k>
        <k>0.0013575902327234413</k>
        <k>3.233828425191135E-6</k>
        <k>3.7777571611079345E-4</k>
        <k>9.720133319290253E-7</k>
        <k>326.67888307155323</k>
        <k>2198.9685863874347</k>
    </moments><members>
    <section id="1377" first-pos="317">
        <run start="2212" length="7" level="146"/>
        <run start="2209" length="11" level="112"/>
        <run start="2208" length="13" level="92"/>
        <run start="2208" length="14" level="79"/>
        <run start="2207" length="16" level="75"/>
        <run start="2206" length="19" level="66"/>
        <run start="2206" length="20" level="56"/>
    </section>
    <section id="1400" first-pos="324">
        <run start="2206" length="13" level="62"/>
        <run start="2206" length="13" level="61"/>
        <run start="2206" length="13" level="67"/>
    </section>
    <section id="1412" first-pos="327">
        <run start="2172" length="47" level="53"/>
    </section>
    <section id="1408" first-pos="326">
        <run start="2171" length="34" level="66"/>
    </section>
    <section id="1395" first-pos="321">
        <run start="2169" length="2" level="209"/>
        <run start="2168" length="4" level="103"/>
        <run start="2168" length="6" level="107"/>
        <run start="2169" length="7" level="98"/>
        <run start="2170" length="7" level="64"/>
    </section>
    <section id="1405" first-pos="325">
        <run start="2178" length="3" level="197"/>
    </section>
    <section id="1406" first-pos="325">
        <run start="2184" length="20" level="72"/>
    </section>
    <section id="1388" first-pos="319">
        <run start="2198" length="1" level="200"/>
        <run start="2196" length="3" level="200"/>
        <run start="2194" length="7" level="179"/>
        <run start="2192" length="9" level="132"/>
        <run start="2190" length="12" level="97"/>
        <run start="2188" length="15" level="70"/>
    </section>
    <section id="1415" first-pos="328">
        <run start="2173" length="42" level="42"/>
        <run start="2175" length="39" level="37"/>
        <run start="2176" length="38" level="52"/>
    </section>
    <section id="1425" first-pos="331">
        <run start="2178" length="19" level="41"/>
        <run start="2178" length="16" level="43"/>
        <run start="2178" length="14" level="54"/>
        <run start="2178" length="12" level="78"/>
    </section>
    <section id="1429" first-pos="335">
        <run start="2180" length="1" level="213"/>
    </section>
    <section id="1430" first-pos="335">
        <run start="2182" length="6" level="80"/>
        <run start="2184" length="2" level="123"/>
    </section>
    <section id="1426" first-pos="331">
        <run start="2204" length="10" level="40"/>
        <run start="2206" length="8" level="47"/>
        <run start="2208" length="7" level="54"/>
        <run start="2209" length="6" level="39"/>
        <run start="2210" length="5" level="36"/>
        <run start="2211" length="5" level="54"/>
        <run start="2212" length="4" level="53"/>
        <run start="2213" length="3" level="184"/>
    </section>
    <section id="1401" first-pos="324">
        <run start="2220" length="7" level="61"/>
        <run start="2222" length="6" level="80"/>
        <run start="2224" length="5" level="93"/>
        <run start="2226" length="2" level="192"/>
    </section>
</members></stick>
