<?xml version="1.0" encoding="UTF-8"?>
<stick id="666" interline="20" shape="SIXTEENTH_REST">
    <is-within-system>true</is-within-system>
    <has-ledger>false</has-ledger>
    <stem-number>0</stem-number>
    <step-line>0.9230769230769231</step-line>
    <moments>
        <k>1.3975</k>
        <k>1.3</k>
        <k>2.75</k>
        <k>0.06267109913270187</k>
        <k>-0.022142919098067895</k>
        <k>0.38211698298090113</k>
        <k>-0.0012019659952048265</k>
        <k>-0.012654708663598848</k>
        <k>0.0032583136927074353</k>
        <k>0.0826417620001203</k>
        <k>0.444788082113603</k>
        <k>0.10400690817229155</k>
        <k>0.01466627270697404</k>
        <k>0.0049024162005821235</k>
        <k>4.15693877079654E-5</k>
        <k>0.0015506080469068185</k>
        <k>-1.0992960299765279E-7</k>
        <k>553.8336314847943</k>
        <k>1013.4490161001789</k>
    </moments><members>
    <section id="2058" first-pos="541">
        <run start="1015" length="5" level="173"/>
        <run start="1013" length="9" level="76"/>
        <run start="1013" length="10" level="22"/>
        <run start="1013" length="11" level="24"/>
        <run start="1012" length="12" level="38"/>
        <run start="1012" length="12" level="26"/>
        <run start="1012" length="12" level="27"/>
        <run start="1013" length="11" level="24"/>
        <run start="1013" length="11" level="31"/>
        <run start="1014" length="10" level="43"/>
        <run start="1015" length="8" level="41"/>
        <run start="1016" length="7" level="81"/>
        <run start="1018" length="4" level="87"/>
        <run start="1017" length="5" level="105"/>
    </section>
    <section id="2111" first-pos="555">
        <run start="1016" length="30" level="103"/>
    </section>
    <section id="2086" first-pos="549">
        <run start="1045" length="1" level="200"/>
        <run start="1042" length="4" level="185"/>
        <run start="1038" length="8" level="135"/>
        <run start="1034" length="12" level="101"/>
        <run start="1030" length="16" level="84"/>
        <run start="1027" length="19" level="66"/>
    </section>
    <section id="2116" first-pos="556">
        <run start="1014" length="25" level="81"/>
        <run start="1012" length="23" level="85"/>
        <run start="1010" length="21" level="76"/>
        <run start="1009" length="19" level="56"/>
    </section>
    <section id="2129" first-pos="560">
        <run start="996" length="26" level="95"/>
        <run start="995" length="22" level="67"/>
        <run start="994" length="19" level="75"/>
        <run start="994" length="16" level="69"/>
        <run start="992" length="15" level="77"/>
    </section>
    <section id="2076" first-pos="545">
        <run start="995" length="5" level="125"/>
        <run start="993" length="8" level="50"/>
        <run start="992" length="11" level="53"/>
        <run start="992" length="11" level="17"/>
        <run start="991" length="13" level="33"/>
        <run start="991" length="13" level="26"/>
        <run start="991" length="13" level="21"/>
        <run start="992" length="12" level="22"/>
        <run start="992" length="12" level="36"/>
        <run start="993" length="11" level="25"/>
        <run start="994" length="10" level="34"/>
        <run start="996" length="7" level="42"/>
        <run start="997" length="6" level="58"/>
        <run start="997" length="5" level="58"/>
        <run start="997" length="4" level="58"/>
    </section>
    <section id="2150" first-pos="565">
        <run start="992" length="8" level="63"/>
        <run start="992" length="4" level="80"/>
    </section>
    <section id="2130" first-pos="560">
        <run start="1024" length="3" level="192"/>
    </section>
</members></stick>
