<?xml version="1.0" encoding="UTF-8"?>
<stick id="3312" interline="20" shape="SIXTEENTH_REST">
    <is-within-system>true</is-within-system>
    <has-ledger>false</has-ledger>
    <stem-number>0</stem-number>
    <step-line>-0.9230769230769231</step-line>
    <moments>
        <k>1.46</k>
        <k>1.35</k>
        <k>2.7</k>
        <k>0.06031724975226043</k>
        <k>-0.022093080724942635</k>
        <k>0.35371248537178474</k>
        <k>-3.90225246573807E-4</k>
        <k>-0.010508553986027246</k>
        <k>0.005912069647172093</k>
        <k>0.06259694272092142</k>
        <k>0.4140297351240452</k>
        <k>0.0880331811479115</k>
        <k>0.009187632327935067</k>
        <k>0.0027436910065818687</k>
        <k>1.3665183770834838E-5</k>
        <k>7.616761796089938E-4</k>
        <k>1.7391762095550948E-6</k>
        <k>674.7996575342465</k>
        <k>995.111301369863</k>
    </moments><members>
    <section id="2485" first-pos="662">
        <run start="998" length="4" level="202"/>
        <run start="996" length="8" level="52"/>
        <run start="995" length="12" level="65"/>
        <run start="994" length="13" level="51"/>
        <run start="994" length="13" level="50"/>
        <run start="994" length="13" level="48"/>
        <run start="994" length="13" level="49"/>
        <run start="994" length="13" level="51"/>
        <run start="994" length="13" level="52"/>
        <run start="995" length="12" level="60"/>
        <run start="996" length="8" level="32"/>
        <run start="997" length="7" level="39"/>
        <run start="998" length="6" level="55"/>
        <run start="999" length="4" level="60"/>
    </section>
    <section id="2541" first-pos="676">
        <run start="998" length="28" level="71"/>
        <run start="996" length="27" level="60"/>
        <run start="995" length="23" level="60"/>
        <run start="994" length="20" level="67"/>
        <run start="991" length="19" level="61"/>
        <run start="989" length="18" level="57"/>
    </section>
    <section id="2515" first-pos="670">
        <run start="1026" length="1" level="200"/>
        <run start="1023" length="4" level="200"/>
        <run start="1020" length="7" level="167"/>
        <run start="1016" length="11" level="123"/>
        <run start="1012" length="15" level="95"/>
        <run start="1009" length="18" level="69"/>
    </section>
    <section id="2568" first-pos="682">
        <run start="977" length="22" level="57"/>
        <run start="976" length="18" level="62"/>
        <run start="975" length="16" level="77"/>
        <run start="974" length="14" level="59"/>
    </section>
    <section id="2503" first-pos="666">
        <run start="977" length="4" level="83"/>
        <run start="975" length="8" level="46"/>
        <run start="974" length="10" level="32"/>
        <run start="974" length="13" level="51"/>
        <run start="973" length="14" level="49"/>
        <run start="973" length="14" level="44"/>
        <run start="973" length="14" level="40"/>
        <run start="973" length="14" level="48"/>
        <run start="974" length="13" level="43"/>
        <run start="974" length="13" level="54"/>
        <run start="975" length="12" level="63"/>
        <run start="977" length="10" level="77"/>
        <run start="978" length="6" level="70"/>
        <run start="979" length="5" level="83"/>
        <run start="978" length="5" level="56"/>
        <run start="978" length="5" level="94"/>
    </section>
    <section id="2561" first-pos="681">
        <run start="984" length="3" level="207"/>
    </section>
    <section id="2582" first-pos="686">
        <run start="973" length="9" level="51"/>
        <run start="974" length="5" level="140"/>
        <run start="975" length="1" level="219"/>
    </section>
    <section id="2569" first-pos="682">
        <run start="1004" length="3" level="194"/>
        <run start="1004" length="3" level="207"/>
    </section>
</members></stick>
