<?xml version="1.0" encoding="UTF-8"?>
<stick id="618" interline="19" shape="SIXTEENTH_REST">
    <is-within-system>true</is-within-system>
    <has-ledger>false</has-ledger>
    <stem-number>0</stem-number>
    <step-line>0.8831168831168831</step-line>
    <moments>
        <k>1.5872576177285318</k>
        <k>1.368421052631579</k>
        <k>2.8421052631578947</k>
        <k>0.062209596653618145</k>
        <k>-0.02764809126537126</k>
        <k>0.3624624125982425</k>
        <k>7.477843108275947E-4</k>
        <k>-0.011599080792896658</k>
        <k>0.0037149887024404233</k>
        <k>0.06282997932609803</k>
        <k>0.42467200925186066</k>
        <k>0.09320942128514968</k>
        <k>0.009639175807105169</k>
        <k>0.002644521307487128</k>
        <k>1.3192627602610872E-5</k>
        <k>7.567801538909668E-4</k>
        <k>2.055661995747986E-6</k>
        <k>675.4921465968587</k>
        <k>723.0732984293194</k>
    </moments><members>
    <section id="2487" first-pos="663">
        <run start="725" length="5" level="59"/>
        <run start="723" length="9" level="49"/>
        <run start="722" length="11" level="40"/>
        <run start="722" length="11" level="24"/>
        <run start="722" length="15" level="68"/>
        <run start="721" length="16" level="57"/>
        <run start="721" length="16" level="65"/>
        <run start="722" length="15" level="70"/>
        <run start="722" length="11" level="25"/>
        <run start="723" length="10" level="30"/>
        <run start="724" length="8" level="34"/>
        <run start="725" length="7" level="59"/>
        <run start="727" length="5" level="89"/>
        <run start="727" length="4" level="62"/>
        <run start="726" length="5" level="50"/>
    </section>
    <section id="2552" first-pos="678">
        <run start="724" length="22" level="69"/>
        <run start="723" length="20" level="64"/>
        <run start="721" length="18" level="69"/>
        <run start="718" length="19" level="54"/>
    </section>
    <section id="2535" first-pos="675">
        <run start="736" length="19" level="83"/>
        <run start="736" length="19" level="52"/>
        <run start="732" length="20" level="92"/>
    </section>
    <section id="2517" first-pos="671">
        <run start="752" length="3" level="205"/>
        <run start="749" length="6" level="171"/>
        <run start="746" length="9" level="111"/>
        <run start="742" length="13" level="95"/>
    </section>
    <section id="2566" first-pos="682">
        <run start="716" length="15" level="48"/>
    </section>
    <section id="2573" first-pos="683">
        <run start="705" length="22" level="63"/>
        <run start="704" length="19" level="74"/>
        <run start="703" length="16" level="69"/>
        <run start="702" length="13" level="59"/>
        <run start="702" length="9" level="94"/>
        <run start="702" length="6" level="195"/>
    </section>
    <section id="2526" first-pos="674">
        <run start="701" length="16" level="67"/>
        <run start="701" length="13" level="47"/>
        <run start="702" length="11" level="29"/>
        <run start="703" length="10" level="30"/>
        <run start="704" length="9" level="92"/>
        <run start="706" length="6" level="70"/>
        <run start="707" length="5" level="86"/>
        <run start="706" length="5" level="78"/>
        <run start="706" length="4" level="63"/>
    </section>
    <section id="2507" first-pos="667">
        <run start="704" length="5" level="82"/>
        <run start="703" length="8" level="46"/>
        <run start="702" length="10" level="34"/>
        <run start="701" length="12" level="29"/>
        <run start="701" length="12" level="22"/>
        <run start="701" length="12" level="22"/>
        <run start="701" length="12" level="21"/>
    </section>
    <section id="2523" first-pos="673">
        <run start="714" length="3" level="196"/>
    </section>
    <section id="2567" first-pos="682">
        <run start="733" length="4" level="204"/>
    </section>
</members></stick>
