<?xml version="1.0" encoding="UTF-8"?>
<stick id="3305" interline="20" shape="THIRTY_SECOND_REST">
    <is-within-system>true</is-within-system>
    <has-ledger>false</has-ledger>
    <stem-number>0</stem-number>
    <step-line>0.0</step-line>
    <moments>
        <k>1.9175</k>
        <k>1.6</k>
        <k>3.75</k>
        <k>0.06569352760465842</k>
        <k>-0.05767446652459616</k>
        <k>0.509716664172342</k>
        <k>-8.711912563022485E-4</k>
        <k>-0.008657350571204533</k>
        <k>0.01402606320386765</k>
        <k>0.05745129156151227</k>
        <k>0.5754101917770004</k>
        <k>0.2104619221629908</k>
        <k>0.008804103520135869</k>
        <k>0.0025538993333224765</k>
        <k>1.1515856729989632E-5</k>
        <k>8.322335069713248E-4</k>
        <k>3.746986183654784E-6</k>
        <k>476.9830508474576</k>
        <k>1003.5958279009127</k>
    </moments><members>
    <section id="1831" first-pos="461">
        <run start="1016" length="4" level="187"/>
        <run start="1014" length="7" level="96"/>
        <run start="1014" length="9" level="50"/>
        <run start="1013" length="10" level="28"/>
        <run start="1013" length="11" level="19"/>
        <run start="1013" length="12" level="26"/>
        <run start="1013" length="12" level="22"/>
        <run start="1013" length="12" level="26"/>
        <run start="1013" length="12" level="46"/>
        <run start="1014" length="10" level="36"/>
        <run start="1015" length="9" level="50"/>
        <run start="1016" length="7" level="71"/>
        <run start="1019" length="4" level="63"/>
        <run start="1019" length="4" level="86"/>
        <run start="1018" length="4" level="115"/>
        <run start="1017" length="4" level="103"/>
        <run start="1016" length="5" level="106"/>
        <run start="1015" length="5" level="96"/>
    </section>
    <section id="1885" first-pos="479">
        <run start="1014" length="27" level="108"/>
    </section>
    <section id="1882" first-pos="478">
        <run start="1023" length="20" level="78"/>
    </section>
    <section id="1879" first-pos="477">
        <run start="1026" length="1" level="200"/>
    </section>
    <section id="1868" first-pos="472">
        <run start="1046" length="1" level="200"/>
        <run start="1043" length="4" level="188"/>
        <run start="1040" length="7" level="143"/>
        <run start="1036" length="11" level="104"/>
        <run start="1032" length="14" level="73"/>
        <run start="1029" length="16" level="55"/>
    </section>
    <section id="1889" first-pos="480">
        <run start="1012" length="22" level="85"/>
        <run start="1009" length="21" level="83"/>
    </section>
    <section id="1896" first-pos="482">
        <run start="997" length="30" level="96"/>
    </section>
    <section id="1846" first-pos="466">
        <run start="996" length="7" level="103"/>
        <run start="995" length="9" level="37"/>
        <run start="994" length="10" level="23"/>
        <run start="994" length="11" level="24"/>
        <run start="993" length="12" level="27"/>
        <run start="993" length="13" level="38"/>
        <run start="994" length="13" level="38"/>
        <run start="994" length="12" level="27"/>
        <run start="994" length="12" level="46"/>
        <run start="995" length="10" level="39"/>
        <run start="997" length="8" level="44"/>
        <run start="1000" length="5" level="60"/>
        <run start="1000" length="4" level="63"/>
        <run start="999" length="5" level="81"/>
        <run start="999" length="4" level="71"/>
        <run start="998" length="4" level="62"/>
    </section>
    <section id="1842" first-pos="465">
        <run start="998" length="2" level="225"/>
    </section>
    <section id="1899" first-pos="483">
        <run start="996" length="23" level="63"/>
        <run start="994" length="20" level="68"/>
        <run start="992" length="18" level="62"/>
        <run start="988" length="19" level="57"/>
    </section>
    <section id="1911" first-pos="487">
        <run start="976" length="22" level="61"/>
        <run start="975" length="18" level="58"/>
        <run start="974" length="16" level="58"/>
        <run start="973" length="15" level="67"/>
    </section>
    <section id="1860" first-pos="470">
        <run start="976" length="4" level="95"/>
        <run start="974" length="8" level="48"/>
        <run start="973" length="10" level="32"/>
        <run start="972" length="12" level="41"/>
        <run start="972" length="12" level="25"/>
        <run start="972" length="12" level="19"/>
        <run start="972" length="13" level="21"/>
        <run start="972" length="13" level="21"/>
        <run start="973" length="12" level="21"/>
        <run start="973" length="12" level="37"/>
        <run start="975" length="10" level="33"/>
        <run start="976" length="8" level="70"/>
        <run start="978" length="6" level="78"/>
        <run start="979" length="4" level="62"/>
        <run start="978" length="5" level="119"/>
        <run start="978" length="4" level="68"/>
        <run start="977" length="4" level="69"/>
    </section>
    <section id="1919" first-pos="491">
        <run start="972" length="7" level="67"/>
        <run start="973" length="4" level="203"/>
    </section>
</members></stick>
