<?xml version="1.0" encoding="UTF-8"?>
<stick id="3295" interline="20" shape="THIRTY_SECOND_REST">
    <is-within-system>true</is-within-system>
    <has-ledger>false</has-ledger>
    <stem-number>0</stem-number>
    <step-line>-0.41025641025641024</step-line>
    <moments>
        <k>2.15</k>
        <k>1.7</k>
        <k>3.85</k>
        <k>0.06536072924396522</k>
        <k>-0.07264593683575032</k>
        <k>0.4679000654030465</k>
        <k>4.921416005361017E-4</k>
        <k>-0.009848965951354358</k>
        <k>0.008977806245164234</k>
        <k>0.06443049631775417</k>
        <k>0.5332607946470117</k>
        <k>0.18314764571036918</k>
        <k>0.00953089175185269</k>
        <k>0.00306882336933851</k>
        <k>1.6116742042517926E-5</k>
        <k>0.001012924576116585</k>
        <k>3.9629167914107155E-6</k>
        <k>219.59767441860464</k>
        <k>1000.3325581395349</k>
    </moments><members>
    <section id="1015" first-pos="203">
        <run start="1012" length="6" level="186"/>
        <run start="1010" length="9" level="75"/>
        <run start="1010" length="10" level="35"/>
        <run start="1009" length="12" level="51"/>
        <run start="1009" length="12" level="22"/>
        <run start="1009" length="12" level="22"/>
        <run start="1009" length="12" level="22"/>
        <run start="1009" length="12" level="28"/>
        <run start="1010" length="11" level="30"/>
        <run start="1011" length="10" level="35"/>
        <run start="1012" length="9" level="50"/>
        <run start="1013" length="7" level="77"/>
        <run start="1015" length="4" level="79"/>
        <run start="1015" length="4" level="75"/>
        <run start="1014" length="5" level="119"/>
        <run start="1013" length="5" level="114"/>
        <run start="1012" length="5" level="88"/>
    </section>
    <section id="1096" first-pos="220">
        <run start="1011" length="25" level="93"/>
        <run start="1009" length="24" level="87"/>
        <run start="1008" length="20" level="65"/>
        <run start="1007" length="18" level="54"/>
    </section>
    <section id="1094" first-pos="219">
        <run start="1020" length="24" level="111"/>
    </section>
    <section id="1087" first-pos="213">
        <run start="1041" length="3" level="200"/>
        <run start="1039" length="5" level="175"/>
        <run start="1036" length="8" level="130"/>
        <run start="1032" length="12" level="98"/>
        <run start="1028" length="16" level="78"/>
        <run start="1025" length="19" level="63"/>
    </section>
    <section id="1099" first-pos="224">
        <run start="994" length="25" level="93"/>
        <run start="992" length="23" level="65"/>
        <run start="991" length="21" level="66"/>
        <run start="989" length="19" level="66"/>
        <run start="986" length="19" level="43"/>
        <run start="984" length="15" level="53"/>
    </section>
    <section id="1092" first-pos="218">
        <run start="993" length="9" level="32"/>
        <run start="995" length="7" level="46"/>
        <run start="996" length="5" level="50"/>
        <run start="996" length="5" level="59"/>
        <run start="996" length="4" level="62"/>
        <run start="995" length="5" level="65"/>
    </section>
    <section id="1048" first-pos="208">
        <run start="994" length="5" level="201"/>
        <run start="992" length="8" level="32"/>
        <run start="991" length="10" level="24"/>
        <run start="990" length="12" level="27"/>
        <run start="990" length="12" level="22"/>
        <run start="990" length="12" level="20"/>
        <run start="990" length="15" level="49"/>
        <run start="990" length="15" level="49"/>
        <run start="990" length="15" level="50"/>
        <run start="991" length="14" level="59"/>
    </section>
    <section id="1132" first-pos="230">
        <run start="973" length="23" level="54"/>
        <run start="972" length="20" level="57"/>
        <run start="970" length="19" level="69"/>
    </section>
    <section id="1091" first-pos="218">
        <run start="967" length="15" level="35"/>
        <run start="968" length="14" level="21"/>
        <run start="969" length="13" level="19"/>
        <run start="969" length="13" level="20"/>
        <run start="970" length="12" level="20"/>
        <run start="971" length="11" level="22"/>
        <run start="972" length="9" level="65"/>
        <run start="975" length="6" level="40"/>
        <run start="975" length="5" level="76"/>
        <run start="975" length="5" level="83"/>
        <run start="974" length="5" level="75"/>
        <run start="974" length="6" level="75"/>
    </section>
    <section id="1089" first-pos="217">
        <run start="967" length="1" level="170"/>
    </section>
    <section id="1086" first-pos="213">
        <run start="973" length="4" level="117"/>
        <run start="971" length="8" level="51"/>
        <run start="970" length="10" level="33"/>
        <run start="969" length="12" level="28"/>
        <run start="969" length="12" level="21"/>
    </section>
    <section id="1145" first-pos="233">
        <run start="969" length="14" level="25"/>
        <run start="969" length="11" level="25"/>
        <run start="969" length="8" level="68"/>
        <run start="970" length="5" level="213"/>
    </section>
    <section id="1146" first-pos="233">
        <run start="984" length="2" level="200"/>
    </section>
    <section id="1100" first-pos="224">
        <run start="1022" length="3" level="206"/>
    </section>
</members></stick>
