<?xml version="1.0" encoding="UTF-8"?>
<stick id="3302" interline="20" shape="THIRTY_SECOND_REST">
    <is-within-system>true</is-within-system>
    <has-ledger>false</has-ledger>
    <stem-number>0</stem-number>
    <step-line>1.8461538461538463</step-line>
    <moments>
        <k>2.14</k>
        <k>1.65</k>
        <k>3.85</k>
        <k>0.0627505269202791</k>
        <k>-0.05954433844363013</k>
        <k>0.45759829801637564</k>
        <k>-0.0011216315050640063</k>
        <k>-0.008621280932637825</k>
        <k>0.011867885554691211</k>
        <k>0.05248662852680907</k>
        <k>0.5203488249366548</k>
        <k>0.17008687530231373</k>
        <k>0.007487543147912371</k>
        <k>0.002039650695656594</k>
        <k>7.655026241275798E-6</k>
        <k>6.018819425196296E-4</k>
        <k>2.2214074840573366E-6</k>
        <k>313.68224299065423</k>
        <k>1022.3960280373832</k>
    </moments><members>
    <section id="1322" first-pos="297">
        <run start="1034" length="4" level="163"/>
        <run start="1032" length="8" level="95"/>
        <run start="1031" length="10" level="50"/>
        <run start="1030" length="12" level="46"/>
        <run start="1030" length="12" level="26"/>
        <run start="1030" length="12" level="22"/>
        <run start="1030" length="12" level="22"/>
        <run start="1030" length="12" level="22"/>
        <run start="1030" length="12" level="33"/>
        <run start="1031" length="11" level="35"/>
        <run start="1032" length="10" level="52"/>
        <run start="1033" length="8" level="62"/>
        <run start="1035" length="6" level="76"/>
        <run start="1036" length="5" level="92"/>
        <run start="1035" length="5" level="104"/>
        <run start="1035" length="4" level="99"/>
        <run start="1034" length="4" level="91"/>
        <run start="1033" length="5" level="100"/>
    </section>
    <section id="1363" first-pos="315">
        <run start="1031" length="28" level="90"/>
        <run start="1030" length="25" level="81"/>
        <run start="1028" length="22" level="76"/>
    </section>
    <section id="1360" first-pos="314">
        <run start="1040" length="23" level="86"/>
    </section>
    <section id="1358" first-pos="313">
        <run start="1044" length="1" level="200"/>
    </section>
    <section id="1344" first-pos="308">
        <run start="1064" length="2" level="188"/>
        <run start="1060" length="6" level="73"/>
        <run start="1057" length="9" level="44"/>
        <run start="1053" length="13" level="40"/>
        <run start="1049" length="17" level="31"/>
        <run start="1046" length="19" level="39"/>
    </section>
    <section id="1381" first-pos="318">
        <run start="1023" length="23" level="86"/>
    </section>
    <section id="1374" first-pos="317">
        <run start="1026" length="1" level="200"/>
    </section>
    <section id="1387" first-pos="319">
        <run start="1013" length="28" level="95"/>
        <run start="1012" length="24" level="76"/>
        <run start="1011" length="21" level="74"/>
        <run start="1008" length="21" level="76"/>
    </section>
    <section id="1329" first-pos="302">
        <run start="1014" length="6" level="182"/>
        <run start="1012" length="9" level="79"/>
        <run start="1012" length="10" level="42"/>
        <run start="1011" length="12" level="49"/>
        <run start="1011" length="12" level="22"/>
        <run start="1011" length="13" level="33"/>
        <run start="1011" length="14" level="41"/>
        <run start="1011" length="14" level="42"/>
        <run start="1011" length="14" level="56"/>
        <run start="1013" length="11" level="40"/>
        <run start="1014" length="10" level="52"/>
        <run start="1015" length="8" level="58"/>
        <run start="1017" length="6" level="70"/>
        <run start="1017" length="5" level="64"/>
        <run start="1016" length="6" level="102"/>
        <run start="1016" length="5" level="69"/>
        <run start="1015" length="5" level="78"/>
    </section>
    <section id="1398" first-pos="323">
        <run start="1003" length="20" level="77"/>
    </section>
    <section id="1397" first-pos="322">
        <run start="1006" length="1" level="200"/>
    </section>
    <section id="1399" first-pos="324">
        <run start="994" length="25" level="77"/>
        <run start="993" length="21" level="71"/>
        <run start="992" length="18" level="71"/>
        <run start="991" length="16" level="69"/>
    </section>
    <section id="1343" first-pos="307">
        <run start="995" length="3" level="220"/>
        <run start="992" length="7" level="33"/>
        <run start="991" length="10" level="43"/>
        <run start="990" length="12" level="38"/>
        <run start="990" length="12" level="22"/>
        <run start="989" length="13" level="34"/>
        <run start="990" length="13" level="35"/>
        <run start="990" length="13" level="25"/>
        <run start="991" length="12" level="32"/>
        <run start="991" length="11" level="26"/>
        <run start="992" length="10" level="37"/>
        <run start="995" length="7" level="46"/>
        <run start="996" length="5" level="52"/>
        <run start="996" length="5" level="62"/>
        <run start="996" length="4" level="63"/>
        <run start="995" length="5" level="85"/>
        <run start="995" length="5" level="86"/>
    </section>
    <section id="1413" first-pos="328">
        <run start="990" length="9" level="50"/>
    </section>
    <section id="1421" first-pos="329">
        <run start="990" length="4" level="101"/>
    </section>
</members></stick>
