<?xml version="1.0" encoding="UTF-8"?>
<stick id="3131" interline="19" shape="THIRTY_SECOND_REST">
    <is-within-system>true</is-within-system>
    <has-ledger>false</has-ledger>
    <stem-number>0</stem-number>
    <step-line>-0.3076923076923077</step-line>
    <moments>
        <k>2.3157894736842106</k>
        <k>1.736842105263158</k>
        <k>4.0</k>
        <k>0.06529369518833197</k>
        <k>-0.07662597656410455</k>
        <k>0.4963936338448311</k>
        <k>7.901897979079324E-4</k>
        <k>-0.009656325592333351</k>
        <k>0.002870162256174902</k>
        <k>0.09489053624975143</k>
        <k>0.5616873290331631</k>
        <k>0.20933331824724807</k>
        <k>0.015402336011932659</k>
        <k>0.007278268843552948</k>
        <k>7.689488409037407E-5</k>
        <k>0.0030304840442409104</k>
        <k>5.059279050942893E-6</k>
        <k>220.2200956937799</k>
        <k>710.6064593301436</k>
    </moments><members>
    <section id="1020" first-pos="204">
        <run start="722" length="6" level="73"/>
        <run start="721" length="8" level="29"/>
        <run start="720" length="10" level="25"/>
        <run start="719" length="12" level="35"/>
        <run start="719" length="12" level="22"/>
        <run start="719" length="12" level="22"/>
        <run start="719" length="12" level="23"/>
        <run start="720" length="11" level="24"/>
        <run start="720" length="11" level="26"/>
        <run start="721" length="10" level="50"/>
        <run start="723" length="7" level="43"/>
        <run start="726" length="4" level="66"/>
        <run start="726" length="4" level="106"/>
        <run start="725" length="4" level="70"/>
        <run start="724" length="4" level="88"/>
        <run start="723" length="5" level="93"/>
        <run start="722" length="5" level="62"/>
    </section>
    <section id="1097" first-pos="221">
        <run start="721" length="23" level="80"/>
        <run start="720" length="20" level="60"/>
        <run start="718" length="19" level="54"/>
        <run start="717" length="15" level="24"/>
    </section>
    <section id="1085" first-pos="213">
        <run start="752" length="3" level="200"/>
        <run start="750" length="5" level="192"/>
        <run start="746" length="9" level="157"/>
        <run start="743" length="12" level="109"/>
        <run start="739" length="16" level="91"/>
        <run start="736" length="19" level="68"/>
        <run start="734" length="21" level="77"/>
        <run start="729" length="19" level="107"/>
    </section>
    <section id="1105" first-pos="225">
        <run start="704" length="23" level="62"/>
        <run start="702" length="21" level="56"/>
        <run start="701" length="18" level="59"/>
        <run start="698" length="18" level="50"/>
        <run start="693" length="19" level="64"/>
    </section>
    <section id="1060" first-pos="209">
        <run start="703" length="6" level="70"/>
        <run start="702" length="9" level="40"/>
        <run start="701" length="11" level="30"/>
        <run start="700" length="12" level="25"/>
        <run start="700" length="13" level="22"/>
        <run start="700" length="13" level="21"/>
        <run start="700" length="13" level="27"/>
        <run start="700" length="13" level="33"/>
        <run start="701" length="12" level="21"/>
        <run start="702" length="11" level="37"/>
        <run start="704" length="9" level="32"/>
        <run start="705" length="7" level="96"/>
        <run start="707" length="5" level="51"/>
        <run start="706" length="5" level="58"/>
        <run start="706" length="4" level="60"/>
        <run start="704" length="6" level="89"/>
    </section>
    <section id="1131" first-pos="230">
        <run start="684" length="24" level="69"/>
        <run start="683" length="22" level="78"/>
        <run start="682" length="19" level="82"/>
        <run start="681" length="17" level="76"/>
        <run start="680" length="16" level="99"/>
    </section>
    <section id="1088" first-pos="214">
        <run start="682" length="6" level="121"/>
        <run start="680" length="10" level="65"/>
        <run start="680" length="11" level="32"/>
        <run start="679" length="12" level="31"/>
        <run start="679" length="13" level="26"/>
        <run start="679" length="13" level="21"/>
        <run start="679" length="13" level="21"/>
        <run start="679" length="13" level="21"/>
        <run start="679" length="13" level="27"/>
        <run start="680" length="12" level="26"/>
        <run start="681" length="11" level="49"/>
        <run start="683" length="9" level="83"/>
        <run start="685" length="6" level="65"/>
        <run start="686" length="5" level="81"/>
        <run start="685" length="5" level="66"/>
        <run start="684" length="6" level="63"/>
    </section>
    <section id="1148" first-pos="235">
        <run start="680" length="9" level="104"/>
        <run start="680" length="5" level="183"/>
    </section>
</members></stick>
