<?xml version="1.0" encoding="UTF-8"?>
<stick id="2993" interline="19" shape="THIRTY_SECOND_REST">
    <is-within-system>true</is-within-system>
    <has-ledger>false</has-ledger>
    <stem-number>0</stem-number>
    <step-line>-0.3076923076923077</step-line>
    <moments>
        <k>2.3518005540166205</k>
        <k>1.6842105263157894</k>
        <k>3.9473684210526314</k>
        <k>0.06229322659590814</k>
        <k>-0.05565746171773377</k>
        <k>0.4382146750236635</k>
        <k>-6.817402058072309E-4</k>
        <k>-0.007655229130218567</k>
        <k>0.008467070444600386</k>
        <k>0.055337958256536084</k>
        <k>0.5005079016195717</k>
        <k>0.15370794756746553</k>
        <k>0.006811781282658535</k>
        <k>0.002334254023860836</k>
        <k>9.18303112678766E-6</k>
        <k>7.492799865195354E-4</k>
        <k>1.5196269451242538E-6</k>
        <k>875.0482921083628</k>
        <k>423.1696113074205</k>
    </moments><members>
    <section id="3101" first-pos="859">
        <run start="435" length="6" level="72"/>
        <run start="434" length="8" level="41"/>
        <run start="433" length="10" level="35"/>
        <run start="432" length="12" level="29"/>
        <run start="432" length="12" level="22"/>
        <run start="432" length="12" level="22"/>
        <run start="432" length="12" level="22"/>
        <run start="433" length="11" level="19"/>
        <run start="433" length="11" level="24"/>
        <run start="434" length="10" level="29"/>
        <run start="435" length="8" level="40"/>
        <run start="436" length="7" level="94"/>
        <run start="438" length="5" level="83"/>
        <run start="438" length="4" level="64"/>
        <run start="437" length="5" level="91"/>
        <run start="436" length="5" level="60"/>
        <run start="435" length="6" level="93"/>
        <run start="434" length="6" level="77"/>
    </section>
    <section id="3163" first-pos="877">
        <run start="432" length="24" level="62"/>
        <run start="431" length="21" level="62"/>
    </section>
    <section id="3153" first-pos="874">
        <run start="446" length="21" level="66"/>
        <run start="445" length="19" level="47"/>
        <run start="441" length="21" level="76"/>
    </section>
    <section id="3143" first-pos="870">
        <run start="464" length="3" level="200"/>
        <run start="462" length="5" level="182"/>
        <run start="458" length="9" level="95"/>
        <run start="454" length="13" level="60"/>
    </section>
    <section id="3166" first-pos="879">
        <run start="429" length="15" level="12"/>
        <run start="428" length="15" level="30"/>
    </section>
    <section id="3176" first-pos="881">
        <run start="415" length="27" level="87"/>
        <run start="413" length="23" level="79"/>
    </section>
    <section id="3170" first-pos="880">
        <run start="416" length="11" level="94"/>
    </section>
    <section id="3152" first-pos="874">
        <run start="417" length="8" level="60"/>
        <run start="419" length="6" level="85"/>
        <run start="419" length="5" level="62"/>
        <run start="419" length="5" level="85"/>
        <run start="419" length="4" level="55"/>
        <run start="418" length="5" level="72"/>
    </section>
    <section id="3114" first-pos="863">
        <run start="416" length="5" level="140"/>
        <run start="415" length="8" level="70"/>
        <run start="414" length="10" level="43"/>
        <run start="413" length="12" level="37"/>
        <run start="413" length="12" level="22"/>
        <run start="413" length="15" level="59"/>
        <run start="413" length="15" level="51"/>
        <run start="413" length="15" level="45"/>
        <run start="413" length="15" level="54"/>
        <run start="414" length="14" level="52"/>
        <run start="415" length="13" level="72"/>
    </section>
    <section id="3182" first-pos="883">
        <run start="405" length="27" level="107"/>
        <run start="405" length="24" level="93"/>
    </section>
    <section id="3179" first-pos="882">
        <run start="407" length="1" level="200"/>
    </section>
    <section id="3186" first-pos="885">
        <run start="396" length="27" level="90"/>
    </section>
    <section id="3134" first-pos="868">
        <run start="395" length="6" level="169"/>
        <run start="394" length="8" level="57"/>
        <run start="393" length="10" level="34"/>
        <run start="392" length="12" level="34"/>
        <run start="392" length="12" level="22"/>
        <run start="392" length="12" level="21"/>
        <run start="392" length="13" level="28"/>
        <run start="392" length="13" level="20"/>
        <run start="392" length="13" level="31"/>
        <run start="393" length="11" level="17"/>
        <run start="393" length="11" level="40"/>
        <run start="395" length="9" level="60"/>
        <run start="398" length="5" level="25"/>
        <run start="398" length="5" level="73"/>
        <run start="398" length="4" level="59"/>
        <run start="398" length="4" level="58"/>
        <run start="397" length="5" level="60"/>
    </section>
    <section id="3189" first-pos="886">
        <run start="395" length="21" level="65"/>
        <run start="394" length="18" level="65"/>
        <run start="393" length="16" level="75"/>
    </section>
    <section id="3193" first-pos="889">
        <run start="393" length="10" level="70"/>
        <run start="392" length="6" level="127"/>
    </section>
    <section id="3167" first-pos="879">
        <run start="446" length="2" level="200"/>
    </section>
</members></stick>
