<?xml version="1.0" encoding="UTF-8"?>
<stick id="3313" interline="20" shape="THIRTY_SECOND_REST">
    <is-within-system>true</is-within-system>
    <has-ledger>false</has-ledger>
    <stem-number>0</stem-number>
    <step-line>-0.10256410256410256</step-line>
    <moments>
        <k>2.045</k>
        <k>1.65</k>
        <k>3.7</k>
        <k>0.06488298008844996</k>
        <k>-0.06003636122923271</k>
        <k>0.4926690633971108</k>
        <k>-0.001535853029481642</k>
        <k>-0.00970481777140571</k>
        <k>0.016665372182989326</k>
        <k>0.03804198749670592</k>
        <k>0.5575520434855608</k>
        <k>0.1974183917511522</k>
        <k>0.007165531431025268</k>
        <k>0.0010318975378568267</k>
        <k>1.9210094816280778E-6</k>
        <k>1.426319099395238E-4</k>
        <k>2.0452498031627915E-6</k>
        <k>799.380195599022</k>
        <k>1003.0635696821516</k>
    </moments><members>
    <section id="2887" first-pos="783">
        <run start="1014" length="6" level="177"/>
        <run start="1013" length="8" level="47"/>
        <run start="1012" length="10" level="38"/>
        <run start="1011" length="11" level="24"/>
        <run start="1011" length="12" level="32"/>
        <run start="1011" length="12" level="20"/>
        <run start="1011" length="12" level="22"/>
        <run start="1011" length="12" level="22"/>
        <run start="1012" length="11" level="8"/>
        <run start="1013" length="10" level="16"/>
        <run start="1014" length="9" level="33"/>
        <run start="1015" length="7" level="35"/>
        <run start="1018" length="4" level="27"/>
        <run start="1017" length="4" level="62"/>
        <run start="1016" length="5" level="88"/>
        <run start="1016" length="4" level="50"/>
        <run start="1015" length="4" level="67"/>
        <run start="1014" length="4" level="47"/>
    </section>
    <section id="2932" first-pos="801">
        <run start="1012" length="29" level="84"/>
        <run start="1010" length="26" level="79"/>
        <run start="1008" length="22" level="70"/>
    </section>
    <section id="2920" first-pos="798">
        <run start="1025" length="20" level="91"/>
        <run start="1023" length="22" level="65"/>
        <run start="1021" length="23" level="77"/>
    </section>
    <section id="2916" first-pos="797">
        <run start="1026" length="1" level="200"/>
    </section>
    <section id="2911" first-pos="794">
        <run start="1043" length="2" level="200"/>
        <run start="1041" length="4" level="153"/>
        <run start="1037" length="8" level="120"/>
        <run start="1033" length="12" level="91"/>
    </section>
    <section id="2946" first-pos="804">
        <run start="996" length="29" level="77"/>
        <run start="994" length="27" level="56"/>
        <run start="992" length="24" level="70"/>
        <run start="990" length="20" level="62"/>
        <run start="987" length="21" level="58"/>
    </section>
    <section id="2896" first-pos="788">
        <run start="995" length="7" level="83"/>
        <run start="993" length="10" level="47"/>
        <run start="993" length="10" level="11"/>
        <run start="993" length="11" level="11"/>
        <run start="992" length="12" level="21"/>
        <run start="992" length="12" level="19"/>
        <run start="992" length="12" level="21"/>
        <run start="993" length="11" level="2"/>
        <run start="993" length="11" level="3"/>
        <run start="994" length="10" level="7"/>
        <run start="996" length="8" level="14"/>
        <run start="998" length="5" level="41"/>
        <run start="999" length="4" level="10"/>
        <run start="998" length="4" level="48"/>
        <run start="998" length="4" level="41"/>
        <run start="997" length="4" level="21"/>
    </section>
    <section id="2978" first-pos="809">
        <run start="975" length="25" level="50"/>
        <run start="974" length="21" level="47"/>
        <run start="972" length="18" level="58"/>
        <run start="971" length="17" level="48"/>
    </section>
    <section id="2907" first-pos="793">
        <run start="973" length="8" level="58"/>
        <run start="972" length="10" level="34"/>
        <run start="972" length="10" level="6"/>
        <run start="971" length="12" level="12"/>
        <run start="971" length="12" level="2"/>
        <run start="971" length="12" level="3"/>
        <run start="971" length="12" level="1"/>
        <run start="971" length="12" level="15"/>
        <run start="972" length="11" level="1"/>
        <run start="972" length="11" level="24"/>
        <run start="973" length="10" level="83"/>
        <run start="976" length="6" level="41"/>
        <run start="977" length="5" level="91"/>
        <run start="977" length="4" level="14"/>
        <run start="977" length="4" level="58"/>
        <run start="976" length="4" level="16"/>
    </section>
    <section id="2906" first-pos="792">
        <run start="976" length="2" level="139"/>
    </section>
    <section id="2990" first-pos="813">
        <run start="971" length="10" level="51"/>
        <run start="971" length="7" level="124"/>
        <run start="971" length="3" level="210"/>
    </section>
    <section id="2947" first-pos="804">
        <run start="1026" length="2" level="200"/>
    </section>
</members></stick>
