<?xml version="1.0" encoding="UTF-8" standalone="yes"?>
<samples sheet-name="IMSLP00120#15">
    <sample shape="SHARP" interline="19" pitch="-3.8" left="406" top="327" id="247">
        <run-table orientation="VERTICAL" width="22" height="59">
            <runs>0 20 6 13 11</runs>
            <runs>0 19 12 7 12</runs>
            <runs>0 18 13 7 12</runs>
            <runs>0 18 13 7 12</runs>
            <runs>0 5 26 5 23</runs>
            <runs>0 4 55</runs>
            <runs>0 4 55</runs>
            <runs>0 4 27 4 24</runs>
            <runs>0 16 9 12 13</runs>
            <runs>0 17 8 12 8</runs>
            <runs>0 17 8 11 9</runs>
            <runs>0 16 8 12 9</runs>
            <runs>0 16 8 12 8</runs>
            <runs>0 16 8 11 9</runs>
            <runs>0 15 9 11 9</runs>
            <runs>0 1 54</runs>
            <runs>55</runs>
            <runs>55</runs>
            <runs>0 1 43</runs>
            <runs>0 13 10 10 8</runs>
            <runs>0 14 8 11 8</runs>
            <runs>0 14 8 12 6</runs>
        </run-table>
    </sample>
    <sample shape="TIME_TWO" interline="19" pitch="-2.0" left="470" top="357" id="272">
        <run-table orientation="VERTICAL" width="36" height="34">
            <runs>0 31 3</runs>
            <runs>0 29 5</runs>
            <runs>0 27 7</runs>
            <runs>0 5 3 17 7</runs>
            <runs>0 2 9 12 8</runs>
            <runs>12 9 8</runs>
            <runs>12 4 13</runs>
            <runs>13 3 13</runs>
            <runs>14 2 13</runs>
            <runs>14 2 14</runs>
            <runs>14 2 14</runs>
            <runs>14 2 15</runs>
            <runs>13 3 16</runs>
            <runs>12 11 10</runs>
            <runs>11 12 10</runs>
            <runs>0 4 6 13 10</runs>
            <runs>0 24 9</runs>
            <runs>0 24 10</runs>
            <runs>0 24 10</runs>
            <runs>0 24 10</runs>
            <runs>0 25 9</runs>
            <runs>0 13 1 12 8</runs>
            <runs>4 8 8 6 8</runs>
            <runs>5 6 8 8 7</runs>
            <runs>19 9 6</runs>
            <runs>19 10 5</runs>
            <runs>19 10 5</runs>
            <runs>19 10 5</runs>
            <runs>19 10 5</runs>
            <runs>19 10 5</runs>
            <runs>0 1 18 9 5</runs>
            <runs>0 2 18 6 6</runs>
            <runs>0 3 17 1 10</runs>
            <runs>0 4 25</runs>
            <runs>0 6 7 8 6</runs>
            <runs>0 22 2</runs>
        </run-table>
    </sample>
    <sample shape="TIME_TWO" interline="19" pitch="-2.0" left="470" top="570" id="289">
        <run-table orientation="VERTICAL" width="36" height="34">
            <runs>0 31 3</runs>
            <runs>0 29 5</runs>
            <runs>0 27 7</runs>
            <runs>0 5 1 18 9</runs>
            <runs>0 2 8 13 9</runs>
            <runs>11 10 9</runs>
            <runs>12 9 8</runs>
            <runs>12 4 12</runs>
            <runs>13 3 13</runs>
            <runs>13 3 13</runs>
            <runs>13 3 14</runs>
            <runs>13 3 14</runs>
            <runs>13 3 15</runs>
            <runs>12 10 10</runs>
            <runs>11 11 11</runs>
            <runs>10 12 12</runs>
            <runs>0 4 4 14 12</runs>
            <runs>0 23 11</runs>
            <runs>0 23 11</runs>
            <runs>0 24 10</runs>
            <runs>0 24 10</runs>
            <runs>0 25 9</runs>
            <runs>0 13 1 11 9</runs>
            <runs>0 11 8 7 8</runs>
            <runs>7 1 11 8 7</runs>
            <runs>19 8 7</runs>
            <runs>19 9 6</runs>
            <runs>19 9 6</runs>
            <runs>19 10 5</runs>
            <runs>19 9 6</runs>
            <runs>19 9 5</runs>
            <runs>19 7 7</runs>
            <runs>0 1 18 4 9</runs>
            <runs>0 3 16 1 10</runs>
            <runs>0 4 10 6 8</runs>
            <runs>0 6 5 10 4</runs>
        </run-table>
    </sample>
    <sample shape="TIME_FOUR" interline="19" pitch="2.1" left="469" top="395" id="277">
        <run-table orientation="VERTICAL" width="37" height="34">
            <runs>0 26 2</runs>
            <runs>1 24 4</runs>
            <runs>1 23 5</runs>
            <runs>0 23 6</runs>
            <runs>0 21 8</runs>
            <runs>0 20 9</runs>
            <runs>0 16 13</runs>
            <runs>0 16 13</runs>
            <runs>0 16 13</runs>
            <runs>0 15 8 1 5</runs>
            <runs>0 13 9 2 5</runs>
            <runs>0 12 9 4 4</runs>
            <runs>0 9 11 5 4</runs>
            <runs>0 6 14 5 5</runs>
            <runs>0 4 15 6 5</runs>
            <runs>19 6 5</runs>
            <runs>19 6 5</runs>
            <runs>19 5 10</runs>
            <runs>34</runs>
            <runs>15 1 18</runs>
            <runs>14 1 19</runs>
            <runs>1 1 11 1 20</runs>
            <runs>1 1 10 1 21</runs>
            <runs>1 1 9 1 22</runs>
            <runs>1 1 8 1 23</runs>
            <runs>1 1 7 1 24</runs>
            <runs>0 2 6 1 25</runs>
            <runs>0 2 5 2 25</runs>
            <runs>0 2 4 2 26</runs>
            <runs>5 19 7</runs>
            <runs>0 3 1 21 5</runs>
            <runs>0 25 5</runs>
            <runs>0 25 5</runs>
            <runs>0 25 5</runs>
            <runs>0 25 4</runs>
            <runs>0 25 4</runs>
            <runs>0 26 3</runs>
        </run-table>
    </sample>
    <sample shape="TIME_FOUR" interline="19" pitch="2.2" left="471" top="609" id="295">
        <run-table orientation="VERTICAL" width="36" height="34">
            <runs>0 24 4</runs>
            <runs>0 23 6</runs>
            <runs>0 22 7</runs>
            <runs>0 21 7</runs>
            <runs>0 20 8</runs>
            <runs>0 15 13</runs>
            <runs>0 15 13</runs>
            <runs>0 15 8 1 5</runs>
            <runs>0 14 8 2 5</runs>
            <runs>0 13 8 3 5</runs>
            <runs>0 10 10 4 5</runs>
            <runs>0 7 12 5 5</runs>
            <runs>0 5 14 5 5</runs>
            <runs>0 1 17 7 4</runs>
            <runs>18 7 4</runs>
            <runs>18 6 5</runs>
            <runs>19 5 10</runs>
            <runs>34</runs>
            <runs>14 1 19</runs>
            <runs>13 1 20</runs>
            <runs>12 1 21</runs>
            <runs>0 1 10 1 22</runs>
            <runs>0 1 9 1 23</runs>
            <runs>0 1 8 1 24</runs>
            <runs>0 1 7 1 25</runs>
            <runs>0 1 5 2 26</runs>
            <runs>0 1 5 1 27</runs>
            <runs>5 2 27</runs>
            <runs>4 20 6</runs>
            <runs>0 24 5</runs>
            <runs>0 24 5</runs>
            <runs>0 24 5</runs>
            <runs>0 24 5</runs>
            <runs>0 25 3</runs>
            <runs>0 25 3</runs>
            <runs>0 25 3</runs>
        </run-table>
    </sample>
    <sample shape="TIME_TWO_FOUR" interline="19" pitch="0.0" left="469" top="357" id="268">
        <run-table orientation="VERTICAL" width="37" height="72">
            <runs>0 64 2</runs>
            <runs>0 31 8 24 4</runs>
            <runs>0 29 10 23 5</runs>
            <runs>0 27 7 27 6</runs>
            <runs>0 5 3 17 7 27 8</runs>
            <runs>0 2 9 12 8 27 9</runs>
            <runs>12 9 8 25 13</runs>
            <runs>12 4 13 25 13</runs>
            <runs>13 3 13 25 13</runs>
            <runs>14 2 13 24 8 1 5</runs>
            <runs>14 2 14 21 9 2 5</runs>
            <runs>14 2 14 20 9 4 4</runs>
            <runs>14 2 15 16 11 5 4</runs>
            <runs>13 3 16 12 14 5 5</runs>
            <runs>12 11 10 9 15 6 5</runs>
            <runs>11 12 10 2 22 6 5</runs>
            <runs>0 4 6 13 10 2 22 6 5</runs>
            <runs>0 24 9 2 22 5 10</runs>
            <runs>0 24 48</runs>
            <runs>0 24 29 1 18</runs>
            <runs>0 24 28 1 19</runs>
            <runs>0 25 14 1 11 1 20</runs>
            <runs>0 13 1 12 13 1 10 1 21</runs>
            <runs>4 8 8 6 13 1 9 1 22</runs>
            <runs>5 6 8 8 12 1 8 1 23</runs>
            <runs>19 9 11 1 7 1 24</runs>
            <runs>19 10 9 2 6 1 25</runs>
            <runs>19 10 9 2 5 2 25</runs>
            <runs>19 10 9 2 4 2 26</runs>
            <runs>19 10 14 19 7</runs>
            <runs>19 10 5 7 1 21 5</runs>
            <runs>0 1 18 9 5 30 5</runs>
            <runs>0 2 18 6 6 31 5</runs>
            <runs>0 3 17 1 10 32 5</runs>
            <runs>0 4 25 34 4</runs>
            <runs>0 6 7 8 6 36 4</runs>
            <runs>0 22 2 40 3</runs>
        </run-table>
    </sample>
    <sample shape="TIME_TWO_FOUR" interline="19" pitch="-0.0" left="470" top="570" id="283">
        <run-table orientation="VERTICAL" width="37" height="73">
            <runs>0 31 8</runs>
            <runs>0 29 10 24 4</runs>
            <runs>0 27 7 28 6</runs>
            <runs>0 5 1 18 9 28 7</runs>
            <runs>0 2 8 13 9 28 7</runs>
            <runs>11 10 9 29 8</runs>
            <runs>12 9 8 25 13</runs>
            <runs>12 4 12 26 13</runs>
            <runs>13 3 13 25 8 1 5</runs>
            <runs>13 3 13 24 8 2 5</runs>
            <runs>13 3 14 22 8 3 5</runs>
            <runs>13 3 14 19 10 4 5</runs>
            <runs>13 3 15 15 12 5 5</runs>
            <runs>12 10 10 12 14 5 5</runs>
            <runs>11 11 11 7 17 7 4</runs>
            <runs>10 12 12 1 22 7 4</runs>
            <runs>0 4 4 14 12 1 22 6 5</runs>
            <runs>0 23 35 5 10</runs>
            <runs>0 23 50</runs>
            <runs>0 24 29 1 19</runs>
            <runs>0 24 28 1 20</runs>
            <runs>0 25 26 1 21</runs>
            <runs>0 13 1 11 14 1 10 1 22</runs>
            <runs>0 11 8 7 13 1 9 1 23</runs>
            <runs>7 1 11 8 12 1 8 1 24</runs>
            <runs>19 8 12 1 7 1 25</runs>
            <runs>19 9 10 2 5 2 26</runs>
            <runs>19 9 10 2 5 1 27</runs>
            <runs>19 10 15 2 27</runs>
            <runs>19 9 6 1 8 20 6</runs>
            <runs>19 9 5 30 5</runs>
            <runs>19 7 7 30 5</runs>
            <runs>0 1 18 4 9 31 5</runs>
            <runs>0 3 16 1 10 33 5</runs>
            <runs>0 4 10 6 8 36 3</runs>
            <runs>0 6 5 10 4 39 3</runs>
            <runs>0 64 3</runs>
        </run-table>
    </sample>
</samples>
