<?xml version="1.0" encoding="UTF-8" standalone="yes"?>
<samples sheet-name="IMSLP00034#3">
    <sample shape="C_CLEF" interline="14" pitch="-0.0" left="227" top="917" id="690">
        <run-table orientation="VERTICAL" width="39" height="61">
            <runs>0 54 3</runs>
            <runs>0 5 1 2 19 3 29</runs>
            <runs>60</runs>
            <runs>60</runs>
            <runs>60</runs>
            <runs>60</runs>
            <runs>60</runs>
            <runs>59</runs>
            <runs>59</runs>
            <runs>0 1 18 1 18 1 16</runs>
            <runs>0 2 8 1 2 10 1 1 5 1 7 2 8 2 2 1 4</runs>
            <runs>0 2 59</runs>
            <runs>0 2 59</runs>
            <runs>0 2 53</runs>
            <runs>0 23 14 12 7</runs>
            <runs>0 6 6 8 20 9 8</runs>
            <runs>0 6 7 3 26 7 12</runs>
            <runs>0 2 11 3 28 4 12</runs>
            <runs>0 1 13 3 13 1 10 7 12</runs>
            <runs>0 1 13 6 9 2 9 8 12</runs>
            <runs>0 6 8 7 6 7 6 8 8</runs>
            <runs>0 6 8 10 2 8 4 10 8</runs>
            <runs>0 6 8 10 4 6 3 12 6</runs>
            <runs>0 6 7 12 3 3 6 12 6</runs>
            <runs>0 7 6 12 3 5 3 14 3</runs>
            <runs>0 8 4 14 2 5 3</runs>
            <runs>0 26 2 5 3</runs>
            <runs>0 25 3 5 3 19 6</runs>
            <runs>0 23 5 5 3 18 7</runs>
            <runs>0 8 3 9 7 6 4 14 1 2 7</runs>
            <runs>0 2 25 6 6 5 17</runs>
            <runs>0 1 26 4 30</runs>
            <runs>0 1 26 7 26</runs>
            <runs>0 1 25 9 25</runs>
            <runs>0 1 24 11 20</runs>
            <runs>0 6 18 12 19</runs>
            <runs>0 8 14 15 18</runs>
            <runs>0 12 7 21 13</runs>
            <runs>0 43 7</runs>
        </run-table>
    </sample>
    <sample shape="C_CLEF" interline="14" pitch="-0.0" left="225" top="1859" id="771">
        <run-table orientation="VERTICAL" width="39" height="60">
            <runs>0 30 29</runs>
            <runs>0 1 58</runs>
            <runs>0 1 58</runs>
            <runs>59</runs>
            <runs>59</runs>
            <runs>59</runs>
            <runs>59</runs>
            <runs>59</runs>
            <runs>59</runs>
            <runs>0 1 39 9 10</runs>
            <runs>0 1 19 8 5 10 13</runs>
            <runs>0 2 18 1 39</runs>
            <runs>0 2 58</runs>
            <runs>0 2 34 2 4</runs>
            <runs>0 26 11 15 2</runs>
            <runs>0 24 17 9 7</runs>
            <runs>0 2 12 7 26 1 9</runs>
            <runs>0 2 13 2 30 1 12</runs>
            <runs>0 2 13 2 25 6 12</runs>
            <runs>0 2 14 1 13 1 10 7 12</runs>
            <runs>0 2 14 5 8 6 4 9 12</runs>
            <runs>0 7 9 7 4 8 3 10 8</runs>
            <runs>0 7 9 8 3 8 2 11 8</runs>
            <runs>0 7 8 10 2 7 2 13 5</runs>
            <runs>0 8 7 11 2 6 2 16 2</runs>
            <runs>0 9 5 12 2 6 2</runs>
            <runs>0 9 2 15 2 6 2</runs>
            <runs>0 26 2 6 2</runs>
            <runs>0 25 3 6 2</runs>
            <runs>0 5 2 17 4 6 5 13 1 1 6</runs>
            <runs>0 2 26 6 26</runs>
            <runs>0 2 26 6 26</runs>
            <runs>0 2 25 8 25</runs>
            <runs>0 2 25 8 25</runs>
            <runs>0 2 24 9 25</runs>
            <runs>0 6 20 10 20</runs>
            <runs>0 7 18 13 17</runs>
            <runs>0 8 12 1 2 17 14</runs>
            <runs>0 11 9 24 9</runs>
        </run-table>
    </sample>
    <sample shape="C_CLEF" interline="14" pitch="-0.1" left="223" top="2801" id="886">
        <run-table orientation="VERTICAL" width="39" height="59">
            <runs>0 10 48</runs>
            <runs>0 1 57</runs>
            <runs>0 1 57</runs>
            <runs>0 1 57</runs>
            <runs>58</runs>
            <runs>58</runs>
            <runs>58</runs>
            <runs>58</runs>
            <runs>0 1 20 1 16 1 1 1 13</runs>
            <runs>0 1 18 3 9 4 4 3 6</runs>
            <runs>0 7 1 1 49</runs>
            <runs>0 1 57</runs>
            <runs>0 1 9 12 1 2 33</runs>
            <runs>0 2 6 17 9</runs>
            <runs>0 22 16 10 4</runs>
            <runs>0 10 3 2 25 7 8</runs>
            <runs>0 6 7 2 30 2 9</runs>
            <runs>0 2 11 2 30 1 10</runs>
            <runs>0 2 12 6 7 1 17 1 12</runs>
            <runs>0 2 11 8 5 3 10 7 12</runs>
            <runs>0 2 11 9 3 8 4 9 12</runs>
            <runs>0 2 11 10 2 8 3 11 8</runs>
            <runs>0 2 11 10 3 7 3 11 7</runs>
            <runs>0 6 5 13 2 3 6</runs>
            <runs>0 7 4 13 2 3 6</runs>
            <runs>0 9 1 14 2 3 6</runs>
            <runs>0 24 2 3 6</runs>
            <runs>0 23 3 3 6</runs>
            <runs>0 10 1 11 4 3 8 16 3</runs>
            <runs>0 2 24 3 10 4 15</runs>
            <runs>0 2 24 3 30</runs>
            <runs>0 2 23 4 30</runs>
            <runs>0 2 23 8 26</runs>
            <runs>0 2 22 9 26</runs>
            <runs>0 2 22 10 25</runs>
            <runs>0 2 20 13 21</runs>
            <runs>0 6 16 14 19</runs>
            <runs>0 8 2 1 1 1 1 26 12</runs>
            <runs>0 42 8</runs>
        </run-table>
    </sample>
    <sample shape="FLAT" interline="14" pitch="1.3" left="270" top="2026" id="833">
        <run-table orientation="VERTICAL" width="13" height="35">
            <runs>26 1 3</runs>
            <runs>35</runs>
            <runs>35</runs>
            <runs>35</runs>
            <runs>0 17 9 3 5</runs>
            <runs>0 16 3 9 5</runs>
            <runs>0 16 3 4 9</runs>
            <runs>0 15 15</runs>
            <runs>0 15 15</runs>
            <runs>0 15 14</runs>
            <runs>0 16 12</runs>
            <runs>0 17 10</runs>
            <runs>0 18 8</runs>
        </run-table>
    </sample>
    <sample shape="FLAT" interline="14" pitch="-0.7" left="268" top="2658" id="934">
        <run-table orientation="VERTICAL" width="13" height="36">
            <runs>0 1 21 2 6 3 2</runs>
            <runs>30 2 4</runs>
            <runs>13 1 13 5 4</runs>
            <runs>0 8 1 10 4 8 4</runs>
            <runs>0 18 4 7 5</runs>
            <runs>0 17 3 8 5</runs>
            <runs>0 17 4 3 9</runs>
            <runs>0 16 15</runs>
            <runs>0 16 14</runs>
            <runs>0 17 12</runs>
            <runs>0 17 11</runs>
            <runs>0 18 9</runs>
            <runs>0 20 7</runs>
        </run-table>
    </sample>
</samples>
