<?xml version="1.0" encoding="UTF-8"?>
<stick id="838" interline="16" shape="BEAM">
    <is-within-system>true</is-within-system>
    <has-ledger>false</has-ledger>
    <stem-number>2</stem-number>
    <step-line>-6.0606060606060606</step-line>
    <moments>
        <k>1.6484375</k>
        <k>2.8125</k>
        <k>0.75</k>
        <k>0.39896275850865887</k>
        <k>0.022531541907216512</k>
        <k>0.01863618116845869</k>
        <k>-0.0025141053956426</k>
        <k>2.043964585668396E-4</k>
        <k>-3.1009041148737E-7</k>
        <k>-8.883855444020346E-6</k>
        <k>0.41759893967711753</k>
        <k>0.14667898695417791</k>
        <k>6.703024310850466E-6</k>
        <k>6.360510414488472E-6</k>
        <k>4.152907877772415E-11</k>
        <k>2.345689037333649E-6</k>
        <k>-4.089133432128761E-13</k>
        <k>426.9834123222749</k>
        <k>1327.7867298578199</k>
    </moments><members>
    <section id="506" first-pos="405">
        <run start="1322" length="10" level="0"/>
        <run start="1322" length="10" level="0"/>
        <run start="1322" length="10" level="0"/>
        <run start="1323" length="9" level="0"/>
        <run start="1323" length="9" level="0"/>
        <run start="1323" length="9" level="0"/>
        <run start="1323" length="9" level="0"/>
        <run start="1323" length="9" level="0"/>
        <run start="1323" length="9" level="0"/>
        <run start="1323" length="9" level="0"/>
        <run start="1323" length="9" level="0"/>
        <run start="1323" length="9" level="0"/>
        <run start="1323" length="9" level="0"/>
        <run start="1323" length="9" level="0"/>
        <run start="1323" length="10" level="0"/>
        <run start="1323" length="10" level="0"/>
        <run start="1323" length="10" level="0"/>
        <run start="1323" length="10" level="0"/>
        <run start="1323" length="10" level="0"/>
        <run start="1323" length="10" level="0"/>
        <run start="1323" length="10" level="0"/>
        <run start="1324" length="9" level="0"/>
        <run start="1324" length="9" level="0"/>
        <run start="1324" length="9" level="0"/>
        <run start="1324" length="9" level="0"/>
        <run start="1324" length="9" level="0"/>
        <run start="1324" length="9" level="0"/>
        <run start="1324" length="9" level="0"/>
        <run start="1324" length="9" level="0"/>
        <run start="1324" length="9" level="0"/>
        <run start="1324" length="9" level="0"/>
        <run start="1324" length="9" level="0"/>
        <run start="1324" length="10" level="0"/>
        <run start="1324" length="10" level="0"/>
        <run start="1324" length="10" level="0"/>
        <run start="1324" length="10" level="0"/>
        <run start="1324" length="10" level="0"/>
        <run start="1324" length="10" level="0"/>
        <run start="1324" length="10" level="0"/>
        <run start="1325" length="9" level="0"/>
        <run start="1325" length="9" level="0"/>
        <run start="1325" length="9" level="0"/>
        <run start="1325" length="9" level="0"/>
        <run start="1325" length="9" level="0"/>
        <run start="1325" length="9" level="0"/>
    </section>
</members></stick>
