<?xml version="1.0" encoding="UTF-8"?>
<stick id="722" interline="15" shape="BEAM_CHUNK">
    <is-within-system>true</is-within-system>
    <has-ledger>false</has-ledger>
    <stem-number>2</stem-number>
    <step-line>-1.901639344262295</step-line>
    <moments>
        <k>0.19555555555555557</k>
        <k>0.3333333333333333</k>
        <k>0.6</k>
        <k>0.044374530428249445</k>
        <k>-0.004226145755071383</k>
        <k>0.14650638617580772</k>
        <k>2.895979293158116E-4</k>
        <k>-6.950350303596553E-4</k>
        <k>-0.001602441875552979</k>
        <k>0.0010425525455419293</k>
        <k>0.19088091660405715</k>
        <k>0.010502357190212483</k>
        <k>3.576087202736329E-5</k>
        <k>1.844327650530041E-6</k>
        <k>-1.4597609742635674E-11</k>
        <k>-1.5598351533278057E-7</k>
        <k>-3.3552730260090653E-12</k>
        <k>900.9545454545455</k>
        <k>915.9090909090909</k>
    </moments><members>
    <section id="1071" first-pos="899">
        <run start="912" length="9" level="111"/>
        <run start="912" length="9" level="111"/>
        <run start="912" length="9" level="111"/>
        <run start="912" length="9" level="111"/>
        <run start="912" length="8" level="125"/>
    </section>
</members></stick>
