<?xml version="1.0" encoding="UTF-8"?>
<stick id="833" interline="16" shape="BEAM">
    <is-within-system>true</is-within-system>
    <has-ledger>false</has-ledger>
    <stem-number>2</stem-number>
    <step-line>-5.212121212121212</step-line>
    <moments>
        <k>1.640625</k>
        <k>2.8125</k>
        <k>0.75</k>
        <k>0.39898492333441277</k>
        <k>0.022910322859302442</k>
        <k>0.01859162077529439</k>
        <k>-0.002529206105260934</k>
        <k>-8.02015450332464E-5</k>
        <k>-2.7152054434443793E-5</k>
        <k>-9.150421172326162E-6</k>
        <k>0.4175765441097072</k>
        <k>0.14679859620590285</k>
        <k>6.045050831498204E-6</k>
        <k>6.542950814505942E-6</k>
        <k>4.114682660510783E-11</k>
        <k>2.5037530237218415E-6</k>
        <k>-4.3362975951549913E-13</k>
        <k>330.98809523809524</k>
        <k>1334.8761904761905</k>
    </moments><members>
    <section id="386" first-pos="309">
        <run start="1329" length="10" level="0"/>
        <run start="1329" length="10" level="0"/>
        <run start="1330" length="9" level="0"/>
        <run start="1330" length="9" level="0"/>
        <run start="1330" length="9" level="0"/>
        <run start="1330" length="9" level="0"/>
        <run start="1330" length="9" level="0"/>
        <run start="1330" length="9" level="0"/>
        <run start="1330" length="9" level="0"/>
        <run start="1330" length="9" level="0"/>
        <run start="1330" length="9" level="0"/>
        <run start="1330" length="9" level="0"/>
        <run start="1330" length="9" level="0"/>
        <run start="1330" length="10" level="0"/>
        <run start="1330" length="10" level="0"/>
        <run start="1330" length="10" level="0"/>
        <run start="1330" length="10" level="0"/>
        <run start="1330" length="10" level="0"/>
        <run start="1330" length="10" level="0"/>
        <run start="1331" length="9" level="0"/>
        <run start="1331" length="9" level="0"/>
        <run start="1331" length="9" level="0"/>
        <run start="1331" length="9" level="0"/>
        <run start="1331" length="9" level="0"/>
        <run start="1331" length="9" level="0"/>
        <run start="1331" length="9" level="0"/>
        <run start="1331" length="9" level="0"/>
        <run start="1331" length="9" level="0"/>
        <run start="1331" length="9" level="0"/>
        <run start="1331" length="9" level="0"/>
        <run start="1331" length="10" level="0"/>
        <run start="1331" length="10" level="0"/>
        <run start="1331" length="10" level="0"/>
        <run start="1331" length="10" level="0"/>
        <run start="1331" length="10" level="0"/>
        <run start="1331" length="10" level="0"/>
        <run start="1331" length="10" level="0"/>
        <run start="1332" length="9" level="0"/>
        <run start="1332" length="9" level="0"/>
        <run start="1332" length="9" level="0"/>
        <run start="1332" length="9" level="0"/>
        <run start="1332" length="9" level="0"/>
        <run start="1332" length="9" level="0"/>
        <run start="1332" length="9" level="0"/>
        <run start="1332" length="9" level="0"/>
    </section>
</members></stick>
