<?xml version="1.0" encoding="UTF-8"?>
<stick id="448" interline="16" shape="G_CLEF">
    <is-within-system>true</is-within-system>
    <has-ledger>false</has-ledger>
    <stem-number>0</stem-number>
    <step-line>0.7272727272727273</step-line>
    <moments>
        <k>7.9921875</k>
        <k>3.0</k>
        <k>9.0625</k>
        <k>0.061194599733888966</k>
        <k>0.0250994186977543</k>
        <k>0.5567207485273523</k>
        <k>0.0022088922635145817</k>
        <k>0.012833283035712876</k>
        <k>-0.007736530486821869</k>
        <k>-0.23854838641266374</k>
        <k>0.6179153482612413</k>
        <k>0.2480660874139423</k>
        <k>0.07740182411946211</k>
        <k>0.050977862676795375</k>
        <k>0.003201675980844366</k>
        <k>0.02535584588752094</k>
        <k>-5.775714248448181E-5</k>
        <k>141.7047898338221</k>
        <k>1383.7981427174975</k>
    </moments><members>
    <section id="31" first-pos="119">
        <run start="1395" length="10" level="40"/>
    </section>
    <section id="37" first-pos="120">
        <run start="1389" length="21" level="38"/>
    </section>
    <section id="40" first-pos="121">
        <run start="1385" length="26" level="38"/>
    </section>
    <section id="45" first-pos="122">
        <run start="1382" length="32" level="44"/>
        <run start="1380" length="35" level="40"/>
    </section>
    <section id="56" first-pos="124">
        <run start="1375" length="20" level="40"/>
        <run start="1373" length="18" level="33"/>
        <run start="1370" length="18" level="33"/>
        <run start="1367" length="18" level="33"/>
        <run start="1365" length="17" level="35"/>
        <run start="1362" length="17" level="35"/>
        <run start="1361" length="17" level="35"/>
        <run start="1357" length="17" level="35"/>
        <run start="1355" length="17" level="35"/>
        <run start="1352" length="18" level="33"/>
        <run start="1350" length="17" level="35"/>
        <run start="1346" length="19" level="42"/>
        <run start="1345" length="17" level="47"/>
    </section>
    <section id="53" first-pos="123">
        <run start="1377" length="2" level="200"/>
    </section>
    <section id="105" first-pos="137">
        <run start="1307" length="55" level="18"/>
    </section>
    <section id="100" first-pos="136">
        <run start="1307" length="29" level="0"/>
    </section>
    <section id="90" first-pos="135">
        <run start="1306" length="22" level="0"/>
    </section>
    <section id="81" first-pos="134">
        <run start="1307" length="13" level="0"/>
    </section>
    <section id="76" first-pos="133">
        <run start="1308" length="4" level="0"/>
    </section>
    <section id="111" first-pos="138">
        <run start="1308" length="14" level="0"/>
        <run start="1309" length="13" level="0"/>
        <run start="1309" length="14" level="0"/>
        <run start="1310" length="14" level="0"/>
        <run start="1311" length="15" level="0"/>
    </section>
    <section id="152" first-pos="143">
        <run start="1313" length="31" level="0"/>
        <run start="1314" length="29" level="0"/>
        <run start="1316" length="25" level="0"/>
    </section>
    <section id="141" first-pos="142">
        <run start="1331" length="17" level="35"/>
    </section>
    <section id="135" first-pos="141">
        <run start="1334" length="45" level="36"/>
    </section>
    <section id="124" first-pos="140">
        <run start="1337" length="39" level="31"/>
    </section>
    <section id="112" first-pos="138">
        <run start="1331" length="27" level="22"/>
        <run start="1339" length="25" level="48"/>
    </section>
    <section id="142" first-pos="142">
        <run start="1361" length="34" level="41"/>
    </section>
    <section id="91" first-pos="135">
        <run start="1391" length="14" level="57"/>
        <run start="1390" length="13" level="62"/>
        <run start="1388" length="13" level="62"/>
        <run start="1386" length="13" level="62"/>
        <run start="1385" length="13" level="62"/>
        <run start="1383" length="14" level="57"/>
        <run start="1380" length="15" level="27"/>
    </section>
    <section id="62" first-pos="131">
        <run start="1402" length="20" level="40"/>
        <run start="1398" length="24" level="33"/>
        <run start="1395" length="27" level="44"/>
        <run start="1393" length="29" level="55"/>
    </section>
    <section id="57" first-pos="124">
        <run start="1404" length="13" level="62"/>
        <run start="1406" length="12" level="67"/>
        <run start="1407" length="12" level="67"/>
        <run start="1408" length="11" level="73"/>
        <run start="1408" length="12" level="67"/>
        <run start="1410" length="11" level="55"/>
        <run start="1410" length="11" level="55"/>
    </section>
    <section id="92" first-pos="135">
        <run start="1410" length="13" level="46"/>
        <run start="1410" length="13" level="46"/>
        <run start="1410" length="13" level="46"/>
        <run start="1410" length="13" level="46"/>
        <run start="1410" length="13" level="46"/>
        <run start="1410" length="13" level="46"/>
        <run start="1410" length="13" level="46"/>
        <run start="1409" length="14" level="43"/>
        <run start="1409" length="14" level="43"/>
        <run start="1409" length="14" level="43"/>
    </section>
    <section id="165" first-pos="145">
        <run start="1377" length="46" level="43"/>
        <run start="1377" length="45" level="44"/>
    </section>
    <section id="153" first-pos="143">
        <run start="1371" length="23" level="35"/>
        <run start="1377" length="25" level="56"/>
    </section>
    <section id="175" first-pos="147">
        <run start="1377" length="12" level="50"/>
        <run start="1377" length="11" level="55"/>
        <run start="1377" length="11" level="55"/>
        <run start="1377" length="10" level="60"/>
        <run start="1377" length="10" level="60"/>
        <run start="1377" length="9" level="67"/>
        <run start="1377" length="9" level="67"/>
        <run start="1377" length="8" level="75"/>
        <run start="1377" length="8" level="75"/>
        <run start="1377" length="8" level="75"/>
        <run start="1377" length="8" level="75"/>
        <run start="1377" length="8" level="75"/>
        <run start="1377" length="9" level="67"/>
        <run start="1377" length="9" level="67"/>
        <run start="1377" length="10" level="60"/>
    </section>
    <section id="198" first-pos="162">
        <run start="1377" length="32" level="38"/>
        <run start="1377" length="30" level="40"/>
        <run start="1377" length="27" level="44"/>
    </section>
    <section id="187" first-pos="151">
        <run start="1405" length="15" level="40"/>
        <run start="1404" length="15" level="40"/>
        <run start="1403" length="16" level="38"/>
        <run start="1402" length="16" level="38"/>
        <run start="1401" length="16" level="38"/>
        <run start="1399" length="17" level="35"/>
        <run start="1398" length="17" level="35"/>
        <run start="1397" length="17" level="35"/>
        <run start="1395" length="17" level="47"/>
        <run start="1393" length="19" level="53"/>
        <run start="1391" length="21" level="48"/>
    </section>
    <section id="184" first-pos="148">
        <run start="1407" length="42" level="14"/>
        <run start="1406" length="40" level="15"/>
        <run start="1406" length="37" level="16"/>
    </section>
    <section id="176" first-pos="147">
        <run start="1403" length="19" level="32"/>
    </section>
    <section id="163" first-pos="144">
        <run start="1441" length="8" level="0"/>
        <run start="1439" length="12" level="0"/>
        <run start="1436" length="14" level="0"/>
        <run start="1432" length="18" level="0"/>
    </section>
    <section id="188" first-pos="151">
        <run start="1426" length="11" level="0"/>
    </section>
    <section id="200" first-pos="165">
        <run start="1380" length="20" level="30"/>
    </section>
    <section id="202" first-pos="166">
        <run start="1383" length="13" level="31"/>
    </section>
    <section id="170" first-pos="146">
        <run start="1319" length="19" level="0"/>
    </section>
    <section id="174" first-pos="147">
        <run start="1325" length="8" level="0"/>
    </section>
</members></stick>
