<?xml version="1.0" encoding="UTF-8"?>
<stick id="199" interline="15" shape="HALF_REST">
    <is-within-system>true</is-within-system>
    <has-ledger>false</has-ledger>
    <stem-number>0</stem-number>
    <step-line>-0.4745762711864407</step-line>
    <moments>
        <k>0.9066666666666666</k>
        <k>1.6</k>
        <k>0.6</k>
        <k>0.2115630253447015</k>
        <k>-0.007266129731400459</k>
        <k>0.03236724091789723</k>
        <k>1.0682534695826947E-4</k>
        <k>-3.515012228176951E-5</k>
        <k>-2.4113954278727498E-4</k>
        <k>3.1643542984588283E-5</k>
        <k>0.24393026626259873</k>
        <k>0.032322315721431884</k>
        <k>7.080997986677613E-7</k>
        <k>1.805259929955986E-8</k>
        <k>-1.9816130724678217E-15</k>
        <k>3.2168539691272424E-9</k>
        <k>4.890360198343105E-16</k>
        <k>365.6127450980392</k>
        <k>481.9950980392157</k>
    </moments><members>
    <section id="454" first-pos="354">
        <run start="484" length="3" level="133"/>
    </section>
    <section id="456" first-pos="355">
        <run start="479" length="8" level="50"/>
        <run start="478" length="9" level="44"/>
        <run start="478" length="9" level="44"/>
        <run start="478" length="9" level="44"/>
        <run start="478" length="9" level="44"/>
        <run start="478" length="9" level="44"/>
        <run start="478" length="9" level="44"/>
        <run start="478" length="9" level="44"/>
        <run start="478" length="9" level="44"/>
        <run start="478" length="9" level="44"/>
        <run start="478" length="9" level="44"/>
        <run start="478" length="9" level="44"/>
        <run start="478" length="9" level="44"/>
        <run start="478" length="9" level="44"/>
        <run start="478" length="9" level="44"/>
        <run start="478" length="9" level="44"/>
        <run start="478" length="9" level="44"/>
        <run start="478" length="9" level="44"/>
        <run start="478" length="9" level="44"/>
        <run start="478" length="9" level="44"/>
        <run start="478" length="9" level="44"/>
        <run start="478" length="8" level="25"/>
        <run start="478" length="5" level="0"/>
    </section>
</members></stick>
