<?xml version="1.0" encoding="UTF-8"?>
<stick id="423" interline="17" shape="NATURAL">
    <is-within-system>true</is-within-system>
    <has-ledger>false</has-ledger>
    <stem-number>0</stem-number>
    <step-line>-0.05970149253731343</step-line>
    <moments>
        <k>1.4740484429065743</k>
        <k>0.8235294117647058</k>
        <k>4.411764705882353</k>
        <k>0.030873441845722823</k>
        <k>0.043671005734200206</k>
        <k>0.5851581584993665</k>
        <k>-5.4549693285418686E-5</k>
        <k>-9.04928086728379E-4</k>
        <k>0.004634544250635171</k>
        <k>0.06294814788910987</k>
        <k>0.6160316003450893</k>
        <k>0.3148601740831562</k>
        <k>0.004506451515616155</k>
        <k>0.0038703374735919753</k>
        <k>1.6162605569701462E-5</k>
        <k>0.0021716529636013233</k>
        <k>1.8752433846545338E-7</k>
        <k>324.4366197183099</k>
        <k>1155.4718309859154</k>
    </moments><members>
    <section id="408" first-pos="318">
        <run start="1163" length="7" level="0"/>
    </section>
    <section id="411" first-pos="319">
        <run start="1145" length="25" level="24"/>
    </section>
    <section id="413" first-pos="320">
        <run start="1126" length="44" level="27"/>
        <run start="1124" length="46" level="26"/>
    </section>
    <section id="417" first-pos="322">
        <run start="1119" length="38" level="42"/>
    </section>
    <section id="415" first-pos="321">
        <run start="1119" length="4" level="100"/>
    </section>
    <section id="420" first-pos="323">
        <run start="1144" length="10" level="0"/>
        <run start="1143" length="10" level="0"/>
        <run start="1143" length="10" level="0"/>
        <run start="1142" length="10" level="0"/>
        <run start="1142" length="10" level="0"/>
    </section>
    <section id="429" first-pos="328">
        <run start="1142" length="52" level="35"/>
    </section>
    <section id="418" first-pos="322">
        <run start="1160" length="10" level="0"/>
        <run start="1160" length="9" level="0"/>
        <run start="1159" length="10" level="0"/>
        <run start="1159" length="9" level="0"/>
        <run start="1156" length="11" level="36"/>
        <run start="1156" length="10" level="40"/>
    </section>
    <section id="428" first-pos="327">
        <run start="1169" length="25" level="48"/>
    </section>
    <section id="425" first-pos="326">
        <run start="1171" length="2" level="200"/>
    </section>
    <section id="426" first-pos="326">
        <run start="1189" length="5" level="80"/>
    </section>
    <section id="432" first-pos="329">
        <run start="1139" length="42" level="38"/>
    </section>
    <section id="434" first-pos="330">
        <run start="1139" length="23" level="43"/>
    </section>
    <section id="435" first-pos="331">
        <run start="1139" length="4" level="100"/>
    </section>
</members></stick>
