<?xml version="1.0" encoding="UTF-8"?>
<stick id="376" interline="15" shape="NATURAL">
    <is-within-system>true</is-within-system>
    <has-ledger>true</has-ledger>
    <stem-number>0</stem-number>
    <step-line>-5.836065573770492</step-line>
    <moments>
        <k>1.5155555555555555</k>
        <k>0.8</k>
        <k>4.533333333333333</k>
        <k>0.03249807871371147</k>
        <k>0.05246538362008637</k>
        <k>0.6002727087868172</k>
        <k>-3.8521395782723444E-4</k>
        <k>-8.998628130345301E-4</k>
        <k>0.0019195530998704355</k>
        <k>0.06338383518226123</k>
        <k>0.6327707875005286</k>
        <k>0.33337849646826334</k>
        <k>0.004404766056124227</k>
        <k>0.003906600999641092</k>
        <k>1.6202468257120793E-5</k>
        <k>0.0022355153932492005</k>
        <k>-3.0873671361254414E-7</k>
        <k>797.6363636363636</k>
        <k>886.0703812316716</k>
    </moments><members>
    <section id="937" first-pos="792">
        <run start="889" length="10" level="0"/>
    </section>
    <section id="940" first-pos="793">
        <run start="867" length="32" level="0"/>
    </section>
    <section id="942" first-pos="794">
        <run start="853" length="46" level="0"/>
    </section>
    <section id="944" first-pos="795">
        <run start="853" length="32" level="0"/>
    </section>
    <section id="949" first-pos="796">
        <run start="875" length="9" level="0"/>
        <run start="875" length="8" level="0"/>
        <run start="874" length="9" level="0"/>
        <run start="874" length="9" level="22"/>
        <run start="873" length="10" level="20"/>
    </section>
    <section id="953" first-pos="801">
        <run start="873" length="47" level="43"/>
    </section>
    <section id="945" first-pos="795">
        <run start="890" length="8" level="0"/>
        <run start="889" length="9" level="0"/>
        <run start="889" length="8" level="0"/>
        <run start="889" length="8" level="0"/>
        <run start="884" length="12" level="67"/>
        <run start="884" length="11" level="73"/>
    </section>
    <section id="952" first-pos="800">
        <run start="898" length="22" level="36"/>
    </section>
    <section id="951" first-pos="799">
        <run start="917" length="4" level="0"/>
    </section>
    <section id="954" first-pos="802">
        <run start="873" length="34" level="47"/>
    </section>
    <section id="956" first-pos="803">
        <run start="873" length="12" level="50"/>
    </section>
    <section id="955" first-pos="802">
        <run start="916" length="1" level="200"/>
    </section>
</members></stick>
