<?xml version="1.0" encoding="UTF-8"?>
<stick id="429" interline="17" shape="SHARP">
    <is-within-system>true</is-within-system>
    <has-ledger>false</has-ledger>
    <stem-number>0</stem-number>
    <step-line>-1.0149253731343284</step-line>
    <moments>
        <k>1.9031141868512111</k>
        <k>1.1176470588235294</k>
        <k>4.176470588235294</k>
        <k>0.03461532081142034</k>
        <k>-0.048095194590533304</k>
        <k>0.4331669782118717</k>
        <k>-4.630313582907576E-4</k>
        <k>-0.0014133453023582872</k>
        <k>0.009994449963323982</k>
        <k>-0.03000763359071292</k>
        <k>0.46778229902329205</k>
        <k>0.16809601458745183</k>
        <k>0.0015909512215003924</k>
        <k>0.0010781258552231996</k>
        <k>1.4118316119754306E-6</k>
        <k>4.148890983904593E-4</k>
        <k>-2.1365149316360047E-8</k>
        <k>484.7709090909091</k>
        <k>1147.1127272727272</k>
    </moments><members>
    <section id="538" first-pos="476">
        <run start="1145" length="4" level="0"/>
    </section>
    <section id="540" first-pos="477">
        <run start="1139" length="10" level="40"/>
        <run start="1139" length="9" level="44"/>
        <run start="1139" length="9" level="44"/>
        <run start="1137" length="11" level="55"/>
    </section>
    <section id="546" first-pos="481">
        <run start="1137" length="44" level="41"/>
    </section>
    <section id="539" first-pos="476">
        <run start="1157" length="8" level="25"/>
        <run start="1156" length="8" level="50"/>
        <run start="1156" length="8" level="50"/>
        <run start="1154" length="10" level="60"/>
        <run start="1154" length="9" level="67"/>
    </section>
    <section id="544" first-pos="480">
        <run start="1168" length="12" level="50"/>
    </section>
    <section id="542" first-pos="479">
        <run start="1171" length="2" level="200"/>
    </section>
    <section id="551" first-pos="482">
        <run start="1127" length="52" level="35"/>
    </section>
    <section id="553" first-pos="483">
        <run start="1124" length="22" level="27"/>
        <run start="1122" length="23" level="43"/>
    </section>
    <section id="556" first-pos="485">
        <run start="1135" length="10" level="60"/>
        <run start="1134" length="10" level="60"/>
    </section>
    <section id="561" first-pos="487">
        <run start="1130" length="43" level="37"/>
        <run start="1114" length="46" level="39"/>
    </section>
    <section id="557" first-pos="485">
        <run start="1151" length="24" level="50"/>
        <run start="1150" length="27" level="44"/>
    </section>
    <section id="554" first-pos="483">
        <run start="1152" length="10" level="60"/>
        <run start="1152" length="10" level="60"/>
    </section>
    <section id="564" first-pos="489">
        <run start="1111" length="31" level="39"/>
    </section>
    <section id="566" first-pos="490">
        <run start="1110" length="16" level="38"/>
    </section>
    <section id="570" first-pos="491">
        <run start="1122" length="1" level="200"/>
    </section>
    <section id="567" first-pos="490">
        <run start="1132" length="10" level="60"/>
        <run start="1132" length="8" level="50"/>
        <run start="1131" length="9" level="44"/>
        <run start="1131" length="9" level="44"/>
    </section>
    <section id="573" first-pos="494">
        <run start="1132" length="3" level="0"/>
    </section>
    <section id="565" first-pos="489">
        <run start="1148" length="11" level="55"/>
        <run start="1148" length="11" level="55"/>
        <run start="1147" length="10" level="40"/>
        <run start="1147" length="10" level="40"/>
    </section>
</members></stick>
