<?xml version="1.0" encoding="UTF-8"?>
<stick id="373" interline="15" shape="SHARP">
    <is-within-system>true</is-within-system>
    <has-ledger>false</has-ledger>
    <stem-number>0</stem-number>
    <step-line>-5.049180327868853</step-line>
    <moments>
        <k>1.951111111111111</k>
        <k>1.1333333333333333</k>
        <k>4.266666666666667</k>
        <k>0.0348288251600365</k>
        <k>-0.04711345265138859</k>
        <k>0.43295729865209664</k>
        <k>-2.3142229908460347E-4</k>
        <k>-0.0013250183334852156</k>
        <k>0.008803513070699757</k>
        <k>-0.02587775805269751</k>
        <k>0.46778612381213314</k>
        <k>0.1673849910880566</k>
        <k>0.001189522514158088</k>
        <k>8.134717833134703E-4</k>
        <k>7.997647982919216E-7</k>
        <k>3.093012688071874E-4</k>
        <k>-2.6472767497279732E-8</k>
        <k>752.3120728929385</k>
        <k>891.9908883826879</k>
    </moments><members>
    <section id="856" first-pos="744">
        <run start="903" length="1" level="0"/>
    </section>
    <section id="860" first-pos="745">
        <run start="900" length="8" level="50"/>
        <run start="899" length="9" level="44"/>
        <run start="899" length="8" level="50"/>
        <run start="898" length="9" level="44"/>
    </section>
    <section id="869" first-pos="749">
        <run start="883" length="40" level="20"/>
    </section>
    <section id="859" first-pos="745">
        <run start="886" length="8" level="0"/>
        <run start="885" length="9" level="0"/>
        <run start="884" length="9" level="0"/>
        <run start="883" length="10" level="0"/>
    </section>
    <section id="866" first-pos="748">
        <run start="913" length="8" level="50"/>
    </section>
    <section id="863" first-pos="747">
        <run start="916" length="1" level="200"/>
    </section>
    <section id="871" first-pos="750">
        <run start="873" length="47" level="17"/>
    </section>
    <section id="876" first-pos="751">
        <run start="869" length="22" level="0"/>
    </section>
    <section id="878" first-pos="752">
        <run start="873" length="3" level="0"/>
    </section>
    <section id="879" first-pos="752">
        <run start="881" length="9" level="0"/>
        <run start="881" length="9" level="0"/>
    </section>
    <section id="882" first-pos="754">
        <run start="880" length="38" level="21"/>
        <run start="864" length="40" level="10"/>
    </section>
    <section id="881" first-pos="753">
        <run start="895" length="24" level="33"/>
    </section>
    <section id="877" first-pos="751">
        <run start="897" length="9" level="44"/>
        <run start="896" length="9" level="44"/>
    </section>
    <section id="883" first-pos="756">
        <run start="859" length="29" level="0"/>
    </section>
    <section id="887" first-pos="757">
        <run start="860" length="12" level="0"/>
    </section>
    <section id="888" first-pos="757">
        <run start="879" length="8" level="0"/>
        <run start="878" length="9" level="0"/>
        <run start="878" length="8" level="0"/>
        <run start="878" length="7" level="0"/>
    </section>
    <section id="884" first-pos="756">
        <run start="893" length="10" level="40"/>
        <run start="893" length="8" level="25"/>
        <run start="892" length="9" level="22"/>
        <run start="892" length="9" level="22"/>
    </section>
</members></stick>
