<?xml version="1.0" encoding="UTF-8"?>
<stick id="846" interline="15" shape="SHARP">
    <is-within-system>true</is-within-system>
    <has-ledger>false</has-ledger>
    <stem-number>1</stem-number>
    <step-line>-4.0</step-line>
    <moments>
        <k>1.9822222222222223</k>
        <k>1.1333333333333333</k>
        <k>4.266666666666667</k>
        <k>0.03452465727471616</k>
        <k>-0.047067482436419665</k>
        <k>0.4247165827123811</k>
        <k>-2.44461504927337E-4</k>
        <k>-9.068307878389362E-4</k>
        <k>0.008103322097237584</k>
        <k>-0.03394765000741628</k>
        <k>0.45924123998709726</k>
        <k>0.161111130288363</k>
        <k>0.0015780552989373606</k>
        <k>0.0012765965213161817</k>
        <k>1.811929767526836E-6</k>
        <k>5.014900705924808E-4</k>
        <k>1.8809822718509658E-9</k>
        <k>659.322869955157</k>
        <k>900.1838565022422</k>
    </moments><members>
    <section id="727" first-pos="651">
        <run start="911" length="1" level="0"/>
    </section>
    <section id="731" first-pos="652">
        <run start="908" length="9" level="44"/>
        <run start="907" length="10" level="40"/>
        <run start="907" length="10" level="40"/>
        <run start="906" length="11" level="36"/>
    </section>
    <section id="738" first-pos="656">
        <run start="891" length="40" level="25"/>
    </section>
    <section id="730" first-pos="652">
        <run start="894" length="7" level="29"/>
        <run start="893" length="8" level="25"/>
        <run start="892" length="9" level="22"/>
        <run start="891" length="10" level="20"/>
    </section>
    <section id="736" first-pos="655">
        <run start="921" length="8" level="0"/>
    </section>
    <section id="741" first-pos="657">
        <run start="881" length="47" level="17"/>
    </section>
    <section id="744" first-pos="658">
        <run start="877" length="22" level="0"/>
    </section>
    <section id="748" first-pos="659">
        <run start="881" length="3" level="0"/>
    </section>
    <section id="749" first-pos="659">
        <run start="889" length="9" level="0"/>
        <run start="889" length="9" level="0"/>
    </section>
    <section id="756" first-pos="661">
        <run start="888" length="38" level="21"/>
        <run start="872" length="40" level="10"/>
    </section>
    <section id="752" first-pos="660">
        <run start="903" length="24" level="17"/>
    </section>
    <section id="745" first-pos="658">
        <run start="905" length="9" level="0"/>
        <run start="904" length="9" level="0"/>
    </section>
    <section id="757" first-pos="663">
        <run start="867" length="29" level="0"/>
    </section>
    <section id="759" first-pos="664">
        <run start="868" length="12" level="0"/>
    </section>
    <section id="760" first-pos="664">
        <run start="887" length="8" level="0"/>
        <run start="886" length="9" level="0"/>
        <run start="886" length="8" level="0"/>
        <run start="886" length="7" level="0"/>
    </section>
    <section id="758" first-pos="663">
        <run start="900" length="11" level="36"/>
        <run start="900" length="10" level="40"/>
        <run start="900" length="10" level="40"/>
        <run start="900" length="9" level="44"/>
    </section>
</members></stick>
