<?xml version="1.0" encoding="UTF-8"?>
<stick id="438" interline="17" shape="SIXTEENTH_REST">
    <is-within-system>true</is-within-system>
    <has-ledger>false</has-ledger>
    <stem-number>0</stem-number>
    <step-line>-0.05970149253731343</step-line>
    <moments>
        <k>1.4359861591695502</k>
        <k>1.411764705882353</k>
        <k>2.411764705882353</k>
        <k>0.06621170470822164</k>
        <k>-0.040224810987308644</k>
        <k>0.2219127892029743</k>
        <k>0.008491098050239046</k>
        <k>-0.015412057541809394</k>
        <k>0.0038695990208116073</k>
        <k>0.044813827973310974</k>
        <k>0.28812449391119593</k>
        <k>0.030714969388700934</k>
        <k>0.008299822656161047</k>
        <k>0.0010172509365890007</k>
        <k>1.1812054860309987E-6</k>
        <k>5.233389373063471E-5</k>
        <k>2.7095327938621863E-6</k>
        <k>1128.267469879518</k>
        <k>1154.75421686747</k>
    </moments><members>
    <section id="1388" first-pos="1119">
        <run start="1159" length="5" level="0"/>
    </section>
    <section id="1390" first-pos="1120">
        <run start="1156" length="10" level="40"/>
        <run start="1154" length="12" level="50"/>
    </section>
    <section id="1392" first-pos="1122">
        <run start="1143" length="24" level="25"/>
        <run start="1141" length="26" level="23"/>
        <run start="1138" length="29" level="41"/>
    </section>
    <section id="1391" first-pos="1121">
        <run start="1146" length="5" level="0"/>
    </section>
    <section id="1394" first-pos="1125">
        <run start="1138" length="16" level="38"/>
        <run start="1138" length="16" level="38"/>
    </section>
    <section id="1400" first-pos="1127">
        <run start="1145" length="9" level="0"/>
        <run start="1145" length="9" level="0"/>
        <run start="1145" length="8" level="0"/>
        <run start="1145" length="8" level="0"/>
        <run start="1145" length="8" level="0"/>
        <run start="1144" length="9" level="0"/>
    </section>
    <section id="1406" first-pos="1133">
        <run start="1144" length="16" level="38"/>
        <run start="1143" length="15" level="40"/>
        <run start="1143" length="14" level="29"/>
        <run start="1142" length="11" level="0"/>
        <run start="1141" length="10" level="0"/>
        <run start="1141" length="8" level="0"/>
        <run start="1140" length="7" level="29"/>
        <run start="1140" length="5" level="40"/>
        <run start="1139" length="4" level="100"/>
        <run start="1139" length="2" level="200"/>
    </section>
    <section id="1404" first-pos="1129">
        <run start="1156" length="15" level="27"/>
        <run start="1156" length="12" level="33"/>
        <run start="1156" length="9" level="44"/>
        <run start="1154" length="8" level="75"/>
    </section>
    <section id="1403" first-pos="1128">
        <run start="1156" length="22" level="45"/>
    </section>
    <section id="1395" first-pos="1125">
        <run start="1156" length="11" level="36"/>
        <run start="1156" length="11" level="36"/>
        <run start="1156" length="11" level="36"/>
    </section>
    <section id="1396" first-pos="1125">
        <run start="1175" length="4" level="0"/>
        <run start="1171" length="8" level="75"/>
        <run start="1168" length="10" level="60"/>
    </section>
    <section id="1405" first-pos="1129">
        <run start="1172" length="4" level="100"/>
        <run start="1172" length="3" level="133"/>
        <run start="1172" length="1" level="200"/>
    </section>
</members></stick>
