<?xml version="1.0" encoding="UTF-8"?>
<stick id="365" interline="15" shape="SIXTEENTH_REST">
    <is-within-system>true</is-within-system>
    <has-ledger>false</has-ledger>
    <stem-number>0</stem-number>
    <step-line>-0.06557377049180328</step-line>
    <moments>
        <k>1.4933333333333334</k>
        <k>1.4666666666666666</k>
        <k>2.466666666666667</k>
        <k>0.065994129236516</k>
        <k>-0.04017517070072071</k>
        <k>0.22619044982824485</k>
        <k>0.008813950214405666</k>
        <k>-0.015592830878390558</k>
        <k>0.004843525567240073</k>
        <k>0.04495958504329138</k>
        <k>0.29218457906476086</k>
        <k>0.03211903849445615</k>
        <k>0.00844855471453519</k>
        <k>0.0010489328949079598</k>
        <k>1.0032623945226252E-6</k>
        <k>4.382028168080677E-5</k>
        <k>2.9570144168040727E-6</k>
        <k>515.2589285714286</k>
        <k>929.7886904761905</k>
    </moments><members>
    <section id="579" first-pos="507">
        <run start="933" length="5" level="0"/>
        <run start="931" length="9" level="44"/>
        <run start="928" length="13" level="46"/>
    </section>
    <section id="581" first-pos="510">
        <run start="919" length="22" level="27"/>
        <run start="916" length="25" level="32"/>
        <run start="915" length="26" level="38"/>
    </section>
    <section id="580" first-pos="509">
        <run start="921" length="6" level="0"/>
    </section>
    <section id="582" first-pos="513">
        <run start="915" length="14" level="29"/>
    </section>
    <section id="585" first-pos="514">
        <run start="915" length="3" level="133"/>
    </section>
    <section id="586" first-pos="514">
        <run start="920" length="9" level="0"/>
        <run start="921" length="8" level="0"/>
        <run start="921" length="8" level="0"/>
        <run start="921" length="7" level="0"/>
        <run start="921" length="7" level="0"/>
    </section>
    <section id="591" first-pos="519">
        <run start="920" length="16" level="38"/>
        <run start="920" length="13" level="46"/>
        <run start="919" length="13" level="31"/>
        <run start="919" length="9" level="0"/>
        <run start="918" length="8" level="0"/>
        <run start="917" length="8" level="0"/>
        <run start="917" length="6" level="0"/>
        <run start="916" length="5" level="40"/>
        <run start="916" length="3" level="67"/>
        <run start="916" length="1" level="200"/>
    </section>
    <section id="588" first-pos="517">
        <run start="931" length="11" level="36"/>
        <run start="931" length="8" level="50"/>
    </section>
    <section id="587" first-pos="515">
        <run start="932" length="19" level="32"/>
        <run start="931" length="18" level="44"/>
    </section>
    <section id="583" first-pos="513">
        <run start="932" length="9" level="22"/>
        <run start="932" length="9" level="22"/>
    </section>
    <section id="584" first-pos="513">
        <run start="946" length="6" level="33"/>
        <run start="942" length="10" level="40"/>
    </section>
    <section id="589" first-pos="517">
        <run start="946" length="2" level="100"/>
    </section>
</members></stick>
