<?xml version="1.0" encoding="UTF-8"?>
<stick id="454" interline="16" shape="SIXTEENTH_REST">
    <is-within-system>true</is-within-system>
    <has-ledger>false</has-ledger>
    <stem-number>0</stem-number>
    <step-line>-0.12121212121212122</step-line>
    <moments>
        <k>1.61328125</k>
        <k>1.5</k>
        <k>2.5625</k>
        <k>0.06564920430048447</k>
        <k>-0.0394372789880309</k>
        <k>0.2220917122049125</k>
        <k>0.00841137137825832</k>
        <k>-0.015092791174382182</k>
        <k>0.0029484181497569824</k>
        <k>0.04525930825949899</k>
        <k>0.28774091650539696</k>
        <k>0.03069545417534616</k>
        <k>0.008197260077094898</k>
        <k>0.0010390635711674504</k>
        <k>1.440924926206818E-6</k>
        <k>6.811922024813378E-5</k>
        <k>2.6682677832280823E-6</k>
        <k>488.1985472154964</k>
        <k>1376.7046004842614</k>
    </moments><members>
    <section id="543" first-pos="479">
        <run start="1381" length="5" level="0"/>
    </section>
    <section id="545" first-pos="480">
        <run start="1378" length="10" level="40"/>
        <run start="1376" length="12" level="50"/>
    </section>
    <section id="552" first-pos="482">
        <run start="1365" length="24" level="25"/>
        <run start="1362" length="27" level="30"/>
        <run start="1360" length="29" level="41"/>
    </section>
    <section id="547" first-pos="481">
        <run start="1368" length="5" level="0"/>
    </section>
    <section id="558" first-pos="485">
        <run start="1360" length="16" level="38"/>
        <run start="1360" length="16" level="38"/>
    </section>
    <section id="562" first-pos="487">
        <run start="1367" length="9" level="0"/>
        <run start="1367" length="9" level="0"/>
        <run start="1367" length="8" level="0"/>
        <run start="1367" length="8" level="0"/>
        <run start="1367" length="8" level="0"/>
        <run start="1366" length="9" level="0"/>
    </section>
    <section id="572" first-pos="493">
        <run start="1366" length="16" level="38"/>
        <run start="1365" length="14" level="29"/>
        <run start="1365" length="14" level="29"/>
        <run start="1364" length="11" level="0"/>
        <run start="1363" length="10" level="0"/>
        <run start="1363" length="8" level="0"/>
        <run start="1362" length="7" level="29"/>
        <run start="1362" length="5" level="40"/>
        <run start="1361" length="4" level="100"/>
        <run start="1361" length="1" level="200"/>
    </section>
    <section id="568" first-pos="490">
        <run start="1378" length="12" level="33"/>
        <run start="1378" length="9" level="44"/>
        <run start="1376" length="8" level="75"/>
    </section>
    <section id="563" first-pos="488">
        <run start="1378" length="22" level="45"/>
        <run start="1378" length="20" level="50"/>
    </section>
    <section id="559" first-pos="485">
        <run start="1378" length="11" level="36"/>
        <run start="1378" length="11" level="36"/>
        <run start="1378" length="11" level="36"/>
    </section>
    <section id="560" first-pos="485">
        <run start="1397" length="4" level="0"/>
        <run start="1393" length="8" level="75"/>
        <run start="1390" length="10" level="60"/>
    </section>
    <section id="569" first-pos="490">
        <run start="1395" length="2" level="200"/>
    </section>
</members></stick>
