<?xml version="1.0" encoding="UTF-8"?>
<stick id="419" interline="17" shape="SIXTEENTH_REST">
    <is-within-system>true</is-within-system>
    <has-ledger>false</has-ledger>
    <stem-number>0</stem-number>
    <step-line>-0.05970149253731343</step-line>
    <moments>
        <k>1.4359861591695502</k>
        <k>1.411764705882353</k>
        <k>2.411764705882353</k>
        <k>0.06512360721737297</k>
        <k>-0.03837745174339391</k>
        <k>0.22381290935260795</k>
        <k>0.00817185897131742</k>
        <k>-0.015040898199465984</k>
        <k>0.0036694605725858874</k>
        <k>0.04527113995750225</k>
        <k>0.28893651656998093</k>
        <k>0.031073609821434003</k>
        <k>0.008179091187010532</k>
        <k>0.0010540843652901463</k>
        <k>1.435154035984213E-6</k>
        <k>6.781880035596067E-5</k>
        <k>2.742184410150953E-6</k>
        <k>295.2144578313253</k>
        <k>1154.7927710843373</k>
    </moments><members>
    <section id="348" first-pos="286">
        <run start="1159" length="5" level="0"/>
    </section>
    <section id="350" first-pos="287">
        <run start="1156" length="10" level="40"/>
        <run start="1154" length="12" level="50"/>
    </section>
    <section id="358" first-pos="289">
        <run start="1143" length="24" level="25"/>
        <run start="1140" length="27" level="30"/>
        <run start="1138" length="29" level="41"/>
    </section>
    <section id="353" first-pos="288">
        <run start="1146" length="5" level="0"/>
    </section>
    <section id="366" first-pos="292">
        <run start="1138" length="16" level="38"/>
        <run start="1138" length="16" level="38"/>
    </section>
    <section id="369" first-pos="294">
        <run start="1145" length="9" level="0"/>
        <run start="1145" length="9" level="0"/>
        <run start="1145" length="8" level="0"/>
        <run start="1145" length="8" level="0"/>
        <run start="1145" length="8" level="0"/>
        <run start="1144" length="9" level="0"/>
    </section>
    <section id="375" first-pos="300">
        <run start="1144" length="16" level="38"/>
        <run start="1143" length="14" level="29"/>
        <run start="1143" length="14" level="29"/>
        <run start="1142" length="11" level="0"/>
        <run start="1141" length="10" level="0"/>
        <run start="1141" length="8" level="0"/>
        <run start="1140" length="7" level="29"/>
        <run start="1140" length="5" level="40"/>
        <run start="1139" length="4" level="100"/>
        <run start="1139" length="1" level="200"/>
    </section>
    <section id="373" first-pos="296">
        <run start="1156" length="15" level="27"/>
        <run start="1156" length="12" level="33"/>
        <run start="1156" length="9" level="44"/>
        <run start="1154" length="8" level="75"/>
    </section>
    <section id="370" first-pos="295">
        <run start="1156" length="22" level="45"/>
    </section>
    <section id="367" first-pos="292">
        <run start="1156" length="11" level="36"/>
        <run start="1156" length="11" level="36"/>
        <run start="1156" length="11" level="36"/>
    </section>
    <section id="368" first-pos="292">
        <run start="1175" length="4" level="0"/>
        <run start="1171" length="8" level="75"/>
        <run start="1168" length="10" level="60"/>
    </section>
    <section id="374" first-pos="296">
        <run start="1172" length="4" level="100"/>
        <run start="1172" length="3" level="133"/>
        <run start="1172" length="2" level="200"/>
    </section>
</members></stick>
