<?xml version="1.0" encoding="UTF-8"?>
<stick id="336" interline="15" shape="SIXTEENTH_REST">
    <is-within-system>true</is-within-system>
    <has-ledger>false</has-ledger>
    <stem-number>0</stem-number>
    <step-line>0.0</step-line>
    <moments>
        <k>1.5022222222222221</k>
        <k>1.4666666666666666</k>
        <k>2.466666666666667</k>
        <k>0.06655797339401691</k>
        <k>-0.041284055366599424</k>
        <k>0.22779998131270593</k>
        <k>0.00902767363393462</k>
        <k>-0.016340512068722085</k>
        <k>0.006581555753207346</k>
        <k>0.04412130222604326</k>
        <k>0.2943579547067228</k>
        <k>0.032816478027700366</k>
        <k>0.00879044230358171</k>
        <k>0.0010154203438255294</k>
        <k>4.522033165627892E-7</k>
        <k>1.3546685624562775E-5</k>
        <k>2.9998187250897433E-6</k>
        <k>1291.3224852071005</k>
        <k>706.8757396449704</k>
    </moments><members>
    <section id="1477" first-pos="1283">
        <run start="710" length="5" level="0"/>
        <run start="708" length="9" level="44"/>
        <run start="705" length="13" level="46"/>
    </section>
    <section id="1483" first-pos="1286">
        <run start="696" length="22" level="27"/>
        <run start="694" length="24" level="25"/>
        <run start="692" length="26" level="38"/>
    </section>
    <section id="1481" first-pos="1285">
        <run start="698" length="6" level="0"/>
    </section>
    <section id="1488" first-pos="1289">
        <run start="692" length="14" level="29"/>
    </section>
    <section id="1492" first-pos="1290">
        <run start="692" length="3" level="133"/>
    </section>
    <section id="1493" first-pos="1290">
        <run start="697" length="9" level="0"/>
        <run start="698" length="8" level="0"/>
        <run start="698" length="8" level="0"/>
        <run start="698" length="7" level="0"/>
        <run start="698" length="7" level="0"/>
    </section>
    <section id="1501" first-pos="1295">
        <run start="697" length="16" level="38"/>
        <run start="697" length="13" level="46"/>
        <run start="696" length="13" level="31"/>
        <run start="696" length="9" level="0"/>
        <run start="695" length="8" level="0"/>
        <run start="694" length="8" level="0"/>
        <run start="694" length="6" level="0"/>
        <run start="693" length="5" level="40"/>
        <run start="693" length="3" level="67"/>
        <run start="692" length="2" level="200"/>
    </section>
    <section id="1498" first-pos="1293">
        <run start="708" length="11" level="36"/>
        <run start="708" length="8" level="50"/>
    </section>
    <section id="1495" first-pos="1291">
        <run start="709" length="19" level="32"/>
        <run start="708" length="18" level="44"/>
    </section>
    <section id="1489" first-pos="1289">
        <run start="709" length="9" level="22"/>
        <run start="709" length="9" level="22"/>
    </section>
    <section id="1490" first-pos="1289">
        <run start="723" length="6" level="33"/>
        <run start="719" length="10" level="40"/>
    </section>
    <section id="1499" first-pos="1293">
        <run start="722" length="3" level="133"/>
        <run start="722" length="1" level="200"/>
    </section>
</members></stick>
