<?xml version="1.0" encoding="UTF-8" standalone="yes"?>
<samples id="34">
    <sample shape="CLUTTER" interline="20" left="294" top="1946" id="518">
        <run-table orientation="VERTICAL" width="20" height="54">
            <runs>0 7 47</runs>
            <runs>45</runs>
            <runs>19 3 12</runs>
            <runs>5</runs>
            <runs></runs>
            <runs></runs>
            <runs></runs>
            <runs></runs>
            <runs></runs>
            <runs></runs>
            <runs></runs>
            <runs></runs>
            <runs></runs>
            <runs></runs>
            <runs></runs>
            <runs></runs>
            <runs></runs>
            <runs></runs>
            <runs>0 17 6</runs>
            <runs>0 6 18</runs>
        </run-table>
    </sample>
</samples>
