<?xml version="1.0" encoding="UTF-8" standalone="yes"?>
<samples sheet-name="IMSLP00003#23">
    <sample shape="G_CLEF" interline="22" pitch="0.5" left="180" top="208" id="276">
        <run-table orientation="VERTICAL" width="56" height="156">
            <runs>0 87 12</runs>
            <runs>0 83 19</runs>
            <runs>0 80 24</runs>
            <runs>0 74 31</runs>
            <runs>0 74 33</runs>
            <runs>0 73 36</runs>
            <runs>0 71 39</runs>
            <runs>0 69 42</runs>
            <runs>0 68 21 14 9</runs>
            <runs>0 67 20 19 8</runs>
            <runs>0 66 18 24 7 24 7</runs>
            <runs>0 65 17 28 6 22 10</runs>
            <runs>0 63 18 30 5 20 14</runs>
            <runs>0 62 17 33 8 15 17</runs>
            <runs>0 61 17 35 7 15 17</runs>
            <runs>0 60 17 37 1 19 19</runs>
            <runs>0 59 18 14 10 33 19</runs>
            <runs>0 58 19 11 16 30 20</runs>
            <runs>0 57 16 14 20 27 20</runs>
            <runs>0 56 16 13 23 26 21</runs>
            <runs>0 53 18 12 12 10 4 25 21</runs>
            <runs>0 53 17 12 12 13 2 25 16 1 4</runs>
            <runs>0 53 16 12 10 17 1 25 16 2 4</runs>
            <runs>0 28 15 10 15 12 11 43 15 3 4</runs>
            <runs>0 23 27 3 15 11 11 45 14 3 4</runs>
            <runs>0 20 48 11 10 47 11 5 4</runs>
            <runs>0 17 21 1 31 8 10 49 9 6 4</runs>
            <runs>0 14 21 15 38 50 7 7 4</runs>
            <runs>0 12 22 16 38 63 4</runs>
            <runs>0 10 18 20 15 10 18 60 4</runs>
            <runs>0 9 17 22 15 11 25 51 4</runs>
            <runs>0 8 15 24 15 12 30 46 4</runs>
            <runs>0 7 14 24 15 14 12 7 16 40 5</runs>
            <runs>0 6 14 24 15 15 12 10 25 27 5</runs>
            <runs>0 5 14 24 15 16 12 18 20 23 5</runs>
            <runs>0 4 13 25 15 17 12 26 25 1 1 3 9</runs>
            <runs>0 2 14 24 16 18 12 30 35</runs>
            <runs>0 1 14 23 18 18 12 37 26</runs>
            <runs>14 23 18 19 12 42 20</runs>
            <runs>14 22 19 19 13 28 1 16 14</runs>
            <runs>0 1 12 18 21 22 13 28 1 24 1</runs>
            <runs>0 3 10 18 18 25 13 27 2</runs>
            <runs>0 6 10 11 20 31 10 26 2</runs>
            <runs>0 7 38 33 11 24 7</runs>
            <runs>0 9 33 36 11 23 4</runs>
            <runs>0 13 26 41 10 21 5</runs>
            <runs>0 17 19 44 12 17 6</runs>
            <runs>0 81 14 13 6</runs>
            <runs>0 81 17 7 8</runs>
            <runs>0 82 31</runs>
            <runs>0 84 27</runs>
            <runs>0 85 25</runs>
            <runs>0 87 22</runs>
            <runs>0 89 18</runs>
            <runs>0 92 13</runs>
            <runs>0 99 2</runs>
        </run-table>
    </sample>
    <sample shape="F_CLEF" interline="22" pitch="-1.5" left="163" top="3149" id="371">
        <run-table orientation="VERTICAL" width="58" height="65">
            <runs>0 64 1</runs>
            <runs>0 16 6 42 1</runs>
            <runs>0 13 14 37 1</runs>
            <runs>0 10 17 36 2</runs>
            <runs>0 9 3 8 7 35 3</runs>
            <runs>0 8 3 10 7 34 3</runs>
            <runs>0 7 3 9 10 33 3</runs>
            <runs>0 5 3 10 12 32 3</runs>
            <runs>0 5 2 11 12 31 4</runs>
            <runs>0 5 2 10 13 31 3</runs>
            <runs>0 5 1 11 13 30 4</runs>
            <runs>0 16 14 30 3</runs>
            <runs>0 16 14 29 4</runs>
            <runs>0 16 14 29 4</runs>
            <runs>0 16 13 29 4</runs>
            <runs>0 17 10 31 4</runs>
            <runs>0 18 9 29 6</runs>
            <runs>0 19 7 30 5</runs>
            <runs>0 55 6</runs>
            <runs>0 54 6</runs>
            <runs>0 53 7</runs>
            <runs>0 4 1 47 7</runs>
            <runs>0 4 1 46 7</runs>
            <runs>0 4 1 45 8</runs>
            <runs>0 4 2 40 11</runs>
            <runs>0 4 2 40 11</runs>
            <runs>0 4 2 40 10</runs>
            <runs>0 4 3 39 9</runs>
            <runs>9 35 10</runs>
            <runs>0 1 8 33 11</runs>
            <runs>0 1 9 30 13</runs>
            <runs>0 1 11 27 13</runs>
            <runs>0 1 13 21 16</runs>
            <runs>0 1 17 14 18</runs>
            <runs>0 5 44</runs>
            <runs>0 6 43</runs>
            <runs>0 6 43</runs>
            <runs>0 7 42</runs>
            <runs>0 8 36</runs>
            <runs>0 9 34</runs>
            <runs>0 11 30</runs>
            <runs>0 13 26</runs>
            <runs>0 14 23</runs>
            <runs>0 17 17</runs>
            <runs>0 20 9</runs>
            <runs></runs>
            <runs></runs>
            <runs></runs>
            <runs></runs>
            <runs>0 10 4 19 1</runs>
            <runs>0 9 7 15 5</runs>
            <runs>0 8 8 14 7</runs>
            <runs>0 8 8 14 8</runs>
            <runs>0 8 8 14 8</runs>
            <runs>0 9 7 14 8</runs>
            <runs>0 9 6 15 8</runs>
            <runs>0 10 4 16 7</runs>
            <runs>0 32 4</runs>
        </run-table>
    </sample>
</samples>
