<?xml version="1.0" encoding="UTF-8" standalone="yes"?>
<samples sheet-name="IMSLP00008#17">
    <sample shape="G_CLEF" interline="22" pitch="0.5" left="119" top="775" id="378">
        <run-table orientation="VERTICAL" width="55" height="155">
            <runs>0 86 1 1 10</runs>
            <runs>0 83 18</runs>
            <runs>0 79 24</runs>
            <runs>0 74 31</runs>
            <runs>0 74 33</runs>
            <runs>0 73 36</runs>
            <runs>0 71 39 31 2</runs>
            <runs>0 70 29 1 11 26 10</runs>
            <runs>0 68 20 15 9 23 14</runs>
            <runs>0 67 19 20 7 21 16</runs>
            <runs>0 66 17 25 6 19 17</runs>
            <runs>0 65 17 27 6 18 18</runs>
            <runs>0 63 17 30 5 18 19</runs>
            <runs>0 62 16 33 5 16 20</runs>
            <runs>0 62 15 36 7 12 21</runs>
            <runs>0 61 16 36 7 12 21</runs>
            <runs>0 60 16 15 8 15 3 15 21</runs>
            <runs>0 59 17 13 14 12 2 15 17 1 4</runs>
            <runs>0 58 15 14 19 9 2 15 16 3 3</runs>
            <runs>0 57 15 13 22 9 1 16 15 3 3</runs>
            <runs>0 56 15 13 10 11 3 8 1 16 15 3 3</runs>
            <runs>0 52 18 12 10 15 3 6 1 17 13 4 3</runs>
            <runs>0 52 17 12 9 18 3 23 12 5 3</runs>
            <runs>0 52 16 12 10 20 1 25 8 7 4</runs>
            <runs>0 52 15 12 10 62 3</runs>
            <runs>0 52 15 12 9 63 3</runs>
            <runs>0 27 19 5 15 12 10 63 3</runs>
            <runs>0 24 42 12 9 63 4</runs>
            <runs>0 20 49 5 13 63 4</runs>
            <runs>0 18 22 6 41 62 4</runs>
            <runs>0 16 18 14 22 1 20 58 4</runs>
            <runs>0 15 18 14 16 9 32 44 4</runs>
            <runs>0 13 15 19 15 12 47 24 6</runs>
            <runs>0 12 14 20 15 13 12 15 36 1 12</runs>
            <runs>0 11 14 20 15 14 12 26 37</runs>
            <runs>0 9 14 22 14 15 12 30 31</runs>
            <runs>0 8 13 23 14 16 11 47 12</runs>
            <runs>0 6 14 23 14 17 12</runs>
            <runs>0 5 13 24 14 18 12</runs>
            <runs>0 4 13 24 14 19 12 29 1</runs>
            <runs>0 4 12 23 16 20 12 28 1</runs>
            <runs>0 2 13 23 17 20 12 27 2</runs>
            <runs>0 1 13 23 18 19 13 27 2</runs>
            <runs>13 22 15 25 13 25 3</runs>
            <runs>12 19 17 30 11 23 4</runs>
            <runs>0 1 11 19 16 32 10 22 4</runs>
            <runs>0 3 9 17 16 35 11 19 5</runs>
            <runs>0 6 8 13 15 38 12 16 6</runs>
            <runs>0 9 30 42 13 13 6</runs>
            <runs>0 14 21 47 17 4 9</runs>
            <runs>0 21 3 1 4 54 28</runs>
            <runs>0 84 26</runs>
            <runs>0 86 22</runs>
            <runs>0 88 17</runs>
            <runs>0 92 10</runs>
        </run-table>
    </sample>
    <sample shape="G_CLEF" interline="22" pitch="0.2" left="116" top="2603" id="529">
        <run-table orientation="VERTICAL" width="55" height="155">
            <runs>0 86 14</runs>
            <runs>0 82 20</runs>
            <runs>0 80 24</runs>
            <runs>0 75 31</runs>
            <runs>0 75 34</runs>
            <runs>0 73 37</runs>
            <runs>0 72 40 29 4</runs>
            <runs>0 70 43 25 10</runs>
            <runs>0 69 20 13 12 22 13</runs>
            <runs>0 68 19 19 9 20 15</runs>
            <runs>0 67 17 24 8 18 17</runs>
            <runs>0 65 18 27 6 17 19</runs>
            <runs>0 64 17 30 6 16 20</runs>
            <runs>0 63 17 32 9 12 21</runs>
            <runs>0 61 17 35 9 11 21</runs>
            <runs>0 61 17 36 8 11 21</runs>
            <runs>0 60 18 13 10 14 7 10 23</runs>
            <runs>0 59 19 11 16 10 7 10 23</runs>
            <runs>0 58 16 13 19 10 1 15 18 1 4</runs>
            <runs>0 54 19 12 23 25 17 2 3</runs>
            <runs>0 54 18 12 12 9 4 25 15 3 3</runs>
            <runs>0 54 17 12 10 14 3 24 14 4 3</runs>
            <runs>0 54 16 12 10 17 2 24 12 5 3</runs>
            <runs>0 53 17 11 9 47 9 6 3</runs>
            <runs>0 53 16 11 9 49 5 9 3</runs>
            <runs>0 30 15 7 16 8 13 63 3</runs>
            <runs>0 26 24 1 16 9 12 64 3</runs>
            <runs>0 22 45 8 13 63 4</runs>
            <runs>0 19 51 1 17 62 5</runs>
            <runs>0 17 28 1 42 62 4</runs>
            <runs>0 15 23 10 44 57 4</runs>
            <runs>0 14 21 13 16 7 35 42 5</runs>
            <runs>0 13 16 18 16 12 47 25 5</runs>
            <runs>0 11 17 19 15 14 11 10 37 10 7</runs>
            <runs>0 10 16 20 15 15 11 22 40</runs>
            <runs>0 9 15 21 15 16 11 29 32</runs>
            <runs>0 7 15 22 15 17 11 45 13</runs>
            <runs>0 6 14 23 15 18 11</runs>
            <runs>0 5 14 23 16 18 11</runs>
            <runs>0 4 14 23 16 19 11</runs>
            <runs>0 3 14 23 17 19 12 27 7</runs>
            <runs>0 2 14 22 19 19 12 27 7</runs>
            <runs>0 1 14 18 19 24 12 26 4</runs>
            <runs>14 19 18 25 13 25 3</runs>
            <runs>13 19 17 27 14 23 4</runs>
            <runs>0 2 11 17 16 34 10 22 4</runs>
            <runs>0 5 10 11 19 35 12 19 4</runs>
            <runs>0 7 35 39 12 16 6</runs>
            <runs>0 10 30 42 12 13 6</runs>
            <runs>0 13 24 46 17 3 10</runs>
            <runs>0 18 13 53 28</runs>
            <runs>0 85 25</runs>
            <runs>0 88 21</runs>
            <runs>0 90 16</runs>
            <runs>0 93 11</runs>
        </run-table>
    </sample>
    <sample shape="FLAT" interline="22" pitch="-0.7" left="194" top="811" id="399">
        <run-table orientation="VERTICAL" width="18" height="54">
            <runs>0 4 2 1 17 2 28</runs>
            <runs>53</runs>
            <runs>0 16 7 3 1 1 4 17 3</runs>
            <runs>0 28 3 17 4</runs>
            <runs>0 27 2 18 4</runs>
            <runs>0 26 3 17 4</runs>
            <runs>0 26 2 17 4</runs>
            <runs>0 25 3 15 5</runs>
            <runs>0 24 4 15 3</runs>
            <runs>0 24 4 10 7</runs>
            <runs>0 24 4 9 7</runs>
            <runs>0 24 5 8 6</runs>
            <runs>0 24 18</runs>
            <runs>0 24 17</runs>
            <runs>0 24 16</runs>
            <runs>0 25 15</runs>
            <runs>0 26 10</runs>
            <runs>0 27 7</runs>
        </run-table>
    </sample>
</samples>
