<?xml version="1.0" encoding="UTF-8" standalone="yes"?>
<samples sheet-name="IMSLP00693#37">
    <sample shape="C_CLEF" interline="13" pitch="-2.2" left="334" top="1576" id="429">
        <run-table orientation="VERTICAL" width="40" height="58">
            <runs>0 2 2 29 4</runs>
            <runs>0 1 4 7 1 7 2 6 30</runs>
            <runs>58</runs>
            <runs>58</runs>
            <runs>58</runs>
            <runs>58</runs>
            <runs>58</runs>
            <runs>58</runs>
            <runs>0 1 31 5 21</runs>
            <runs>0 1 10 4 10 22 1</runs>
            <runs>0 3 4 5 2 14 30</runs>
            <runs>0 1 22 5 30</runs>
            <runs>0 1 57</runs>
            <runs>0 1 57</runs>
            <runs>0 1 19 2 10 17 1 2 3</runs>
            <runs>0 1 3 1 5 17 6 16 3</runs>
            <runs>0 5 7 13 10 12 11</runs>
            <runs>0 4 8 12 15 7 12</runs>
            <runs>0 3 11 6 24 2 12</runs>
            <runs>0 2 12 1 29 1 13</runs>
            <runs>0 2 12 1 29 1 13</runs>
            <runs>0 1 13 1 29 1 13</runs>
            <runs>0 1 13 5 19 7 13</runs>
            <runs>0 1 13 6 5 3 9 9 8</runs>
            <runs>4 1 8 9 3 3 8 11 6</runs>
            <runs>4 1 8 10 3 2 8 12 5</runs>
            <runs>4 2 6 11 3 2 8 13 3</runs>
            <runs>4 2 5 12 4 1 8</runs>
            <runs>4 19 4 1 8</runs>
            <runs>5 18 4 1 8</runs>
            <runs>0 1 4 17 5 1 9</runs>
            <runs>0 1 26 1 30</runs>
            <runs>0 1 25 2 30</runs>
            <runs>0 2 24 2 30</runs>
            <runs>0 3 22 8 25</runs>
            <runs>0 4 21 8 25</runs>
            <runs>0 4 20 10 19</runs>
            <runs>0 5 18 13 16</runs>
            <runs>0 6 17 13 15</runs>
            <runs>0 6 17 16 10</runs>
        </run-table>
    </sample>
    <sample shape="F_CLEF" interline="13" pitch="-1.2" left="330" top="903" id="414">
        <run-table orientation="VERTICAL" width="42" height="51">
            <runs>0 9 11 28 3</runs>
            <runs>0 7 15 26 3</runs>
            <runs>0 6 17 25 3</runs>
            <runs>0 1 24 22 4</runs>
            <runs>0 1 24 22 4</runs>
            <runs>0 1 24 21 5</runs>
            <runs>0 1 8 1 15 21 5</runs>
            <runs>0 1 7 1 16 17 9</runs>
            <runs>0 9 16 17 8</runs>
            <runs>0 9 15 18 7</runs>
            <runs>0 9 15 18 7</runs>
            <runs>0 9 15 18 7</runs>
            <runs>0 10 14 18 6</runs>
            <runs>0 12 11 18 7</runs>
            <runs>0 12 10 18 7</runs>
            <runs>0 13 7 19 7</runs>
            <runs>7 31 8</runs>
            <runs>0 1 6 29 9</runs>
            <runs>0 1 6 26 11</runs>
            <runs>0 1 8 24 11</runs>
            <runs>0 1 9 18 17</runs>
            <runs>0 1 10 13 21</runs>
            <runs>0 1 17 6 20</runs>
            <runs>41</runs>
            <runs>0 1 39</runs>
            <runs>0 1 38</runs>
            <runs>37</runs>
            <runs>0 6 29</runs>
            <runs>0 6 27</runs>
            <runs>0 7 25</runs>
            <runs>0 8 23</runs>
            <runs>0 10 17</runs>
            <runs>0 14 10</runs>
            <runs>0 15 9</runs>
            <runs>0 6 5 12 1</runs>
            <runs>0 5 8 7 6</runs>
            <runs>0 5 8 6 8</runs>
            <runs>0 5 8 6 8</runs>
            <runs>0 5 8 6 7</runs>
            <runs>0 5 8 6 7</runs>
            <runs>0 6 6 8 5</runs>
            <runs>0 20 4</runs>
        </run-table>
    </sample>
    <sample shape="SHARP" interline="13" pitch="-3.8" left="369" top="341" id="582">
        <run-table orientation="VERTICAL" width="15" height="45">
            <runs>0 14 10 5 9</runs>
            <runs>0 14 10 4 10</runs>
            <runs>0 13 11 4 11</runs>
            <runs>0 13 32</runs>
            <runs>0 3 42</runs>
            <runs>0 3 17 6 12</runs>
            <runs>0 12 8 6 8</runs>
            <runs>0 12 7 7 12</runs>
            <runs>0 12 7 6 13</runs>
            <runs>0 6 36</runs>
            <runs>43</runs>
            <runs>42</runs>
            <runs>32</runs>
            <runs>0 10 7 3 12</runs>
            <runs>0 11 5 10 4</runs>
        </run-table>
    </sample>
</samples>
