<?xml version="1.0" encoding="UTF-8" standalone="yes"?>
<samples sheet-name="IMSLP00001#1">
    <sample shape="G_CLEF" interline="21" pitch="0.3" left="146" top="1474" id="539">
        <run-table orientation="VERTICAL" width="58" height="152">
            <runs>0 83 14</runs>
            <runs>0 80 18</runs>
            <runs>0 73 28 35 2</runs>
            <runs>0 73 30 30 10</runs>
            <runs>0 73 33 26 12</runs>
            <runs>0 71 35 25 15</runs>
            <runs>0 70 38 21 18</runs>
            <runs>0 68 41 20 18</runs>
            <runs>0 66 25 1 18 18 20</runs>
            <runs>0 65 22 14 10 17 21</runs>
            <runs>0 65 19 20 9 15 21</runs>
            <runs>0 63 19 24 7 15 21</runs>
            <runs>0 62 17 28 7 14 22</runs>
            <runs>0 61 17 30 9 11 22</runs>
            <runs>0 60 16 33 8 11 22</runs>
            <runs>0 59 17 15 4 15 7 10 24</runs>
            <runs>0 58 18 12 11 1 1 10 3 14 17 2 4</runs>
            <runs>0 57 19 10 17 8 3 15 16 2 4</runs>
            <runs>0 53 19 11 22 7 2 15 15 3 4</runs>
            <runs>0 53 18 10 25 7 1 16 13 4 5</runs>
            <runs>0 53 17 10 18 1 9 5 1 17 11 6 3</runs>
            <runs>0 53 16 10 13 10 7 4 1 18 8 8 3</runs>
            <runs>0 53 15 11 10 16 4 28 2 9 3</runs>
            <runs>0 52 16 10 10 20 1 39 3</runs>
            <runs>0 52 15 6 14 60 3</runs>
            <runs>0 51 15 7 13 60 4</runs>
            <runs>0 51 15 7 13 60 4</runs>
            <runs>0 51 15 8 12 60 4</runs>
            <runs>0 50 15 8 13 57 7</runs>
            <runs>0 38 9 2 17 7 13 55 8</runs>
            <runs>0 28 71 11 12 3 1 1 5 5 11</runs>
            <runs>0 26 121</runs>
            <runs>0 23 123</runs>
            <runs>0 15 2 4 23 1 99</runs>
            <runs>0 15 2 2 19 8 16 12 12 7 2 15 1 12 1 7 10</runs>
            <runs>0 16 22 7 16 13 11</runs>
            <runs>0 17 15 13 15 14 11</runs>
            <runs>0 14 15 15 16 14 11</runs>
            <runs>0 13 14 16 16 15 12</runs>
            <runs>0 11 15 16 16 17 11</runs>
            <runs>0 10 15 17 15 17 12</runs>
            <runs>0 8 16 17 16 17 12 26 7</runs>
            <runs>0 7 15 18 17 17 13 24 8</runs>
            <runs>0 6 15 18 18 17 13 23 9</runs>
            <runs>0 6 13 15 19 21 14 22 5</runs>
            <runs>0 5 13 16 18 23 14 20 6</runs>
            <runs>0 4 13 17 16 24 16 17 7</runs>
            <runs>0 3 13 17 15 31 13 14 7</runs>
            <runs>0 2 13 17 15 33 18 5 10</runs>
            <runs>0 1 14 16 15 35 31</runs>
            <runs>0 1 13 15 15 37 30</runs>
            <runs>13 13 16 41 26</runs>
            <runs>0 1 12 11 15 45 23</runs>
            <runs>0 3 19 1 15 48 20</runs>
            <runs>0 6 31 52 14</runs>
            <runs>0 7 24 61 7</runs>
            <runs>0 13 13</runs>
            <runs>0 17 4</runs>
        </run-table>
    </sample>
    <sample shape="FLAT" interline="21" pitch="-1.7" left="240" top="1695" id="591">
        <run-table orientation="VERTICAL" width="20" height="55">
            <runs>0 45 9</runs>
            <runs>0 1 54</runs>
            <runs>55</runs>
            <runs>37 6 11</runs>
            <runs>0 32 1</runs>
            <runs></runs>
            <runs></runs>
            <runs>0 26 1 17 8</runs>
            <runs>0 26 1 16 9</runs>
            <runs>0 25 2 15 10</runs>
            <runs>0 25 2 13 12</runs>
            <runs>0 25 7 6 13</runs>
            <runs>0 25 21</runs>
            <runs>0 25 20</runs>
            <runs>0 25 19</runs>
            <runs>0 25 18</runs>
            <runs>0 26 15</runs>
            <runs>0 26 14</runs>
            <runs>0 27 11</runs>
            <runs>0 27 8</runs>
        </run-table>
    </sample>
    <sample shape="FLAT" interline="21" pitch="1.1" left="219" top="2664" id="691">
        <run-table orientation="VERTICAL" width="20" height="58">
            <runs>0 33 1 2 2 1 10 1 7</runs>
            <runs>10 3 45</runs>
            <runs>57</runs>
            <runs>46 1 1 4 4</runs>
            <runs>11 4 2 3 9 1 6 15 4</runs>
            <runs>0 23 3 4 4 16 5</runs>
            <runs>0 29 5 14 6</runs>
            <runs>0 28 5 14 6</runs>
            <runs>0 28 5 13 6</runs>
            <runs>0 28 5 12 6</runs>
            <runs>0 27 6 8 10</runs>
            <runs>0 27 6 8 9</runs>
            <runs>0 27 10 1 11</runs>
            <runs>0 27 20</runs>
            <runs>0 27 20</runs>
            <runs>0 28 17</runs>
            <runs>0 28 17</runs>
            <runs>0 29 15</runs>
            <runs>0 30 14</runs>
            <runs>0 31 7</runs>
        </run-table>
    </sample>
    <sample shape="FLAT" interline="21" pitch="-0.8" left="215" top="2941" id="733">
        <run-table orientation="VERTICAL" width="20" height="59">
            <runs>0 39 3 6 11</runs>
            <runs>0 13 46</runs>
            <runs>46 6 6</runs>
            <runs>39 14 4</runs>
            <runs>0 12 5 14 6 15 5</runs>
            <runs>0 31 4 15 6</runs>
            <runs>0 31 3 15 6</runs>
            <runs>0 30 4 14 6</runs>
            <runs>0 30 4 13 6</runs>
            <runs>0 29 5 12 6</runs>
            <runs>0 29 5 7 11</runs>
            <runs>0 29 6 6 9</runs>
            <runs>0 29 21</runs>
            <runs>0 29 19</runs>
            <runs>0 29 18</runs>
            <runs>0 29 17</runs>
            <runs>0 30 15</runs>
            <runs>0 31 14</runs>
            <runs>0 33 12</runs>
            <runs>0 35 2</runs>
        </run-table>
    </sample>
    <sample shape="CUT_TIME" interline="21" left="453" top="614" id="0">
        <run-table orientation="VERTICAL" width="38" height="58">
            <runs>0 25 9</runs>
            <runs>0 22 15</runs>
            <runs>0 19 21</runs>
            <runs>0 17 25</runs>
            <runs>0 16 28</runs>
            <runs>0 15 30</runs>
            <runs>0 13 33</runs>
            <runs>0 12 35</runs>
            <runs>0 11 40</runs>
            <runs>0 8 43</runs>
            <runs>0 8 15 2 3 10 13</runs>
            <runs>0 8 11 25 7</runs>
            <runs>0 7 10 28 2</runs>
            <runs>0 7 8 31 1</runs>
            <runs></runs>
            <runs></runs>
            <runs></runs>
            <runs>0 16 3 20 1 3 15</runs>
            <runs>24 1 33</runs>
            <runs>58</runs>
            <runs>0 18 2 20 6 8 2</runs>
            <runs></runs>
            <runs></runs>
            <runs></runs>
            <runs>0 19 5</runs>
            <runs>0 17 8</runs>
            <runs>0 17 9</runs>
            <runs>0 16 11 20 1</runs>
            <runs>0 16 11 19 2</runs>
            <runs>0 16 14 15 7</runs>
            <runs>0 7 7 2 14 15 7</runs>
            <runs>0 7 8 1 15 13 8</runs>
            <runs>0 11 16 15 5</runs>
            <runs>0 12 15 13 6</runs>
            <runs>0 13 13 12 7</runs>
            <runs>0 14 11 13 5</runs>
            <runs>0 16 7 15 4</runs>
            <runs>0 38 2</runs>
        </run-table>
    </sample>
    <sample shape="CUT_TIME" interline="21" left="453" top="790" id="0">
        <run-table orientation="VERTICAL" width="39" height="58">
            <runs>0 23 12</runs>
            <runs>0 20 18</runs>
            <runs>0 18 22</runs>
            <runs>0 16 25</runs>
            <runs>0 15 29</runs>
            <runs>0 13 32</runs>
            <runs>0 12 34</runs>
            <runs>0 11 39</runs>
            <runs>0 10 40</runs>
            <runs>0 7 43</runs>
            <runs>0 7 43</runs>
            <runs>0 7 14 17 12</runs>
            <runs>0 7 10 25 1 1 2</runs>
            <runs>0 7 7 31 1</runs>
            <runs></runs>
            <runs></runs>
            <runs></runs>
            <runs>0 1 57</runs>
            <runs>58</runs>
            <runs>0 1 56</runs>
            <runs>0 4 39 7 1</runs>
            <runs></runs>
            <runs></runs>
            <runs></runs>
            <runs>0 17 6</runs>
            <runs>0 16 9 21 1</runs>
            <runs>0 15 12 18 2</runs>
            <runs>0 15 12 18 2</runs>
            <runs>0 15 12 17 3</runs>
            <runs>0 15 12 17 3</runs>
            <runs>0 6 8 1 12 16 7</runs>
            <runs>0 6 21 16 4</runs>
            <runs>0 10 17 15 4</runs>
            <runs>0 11 15 14 5</runs>
            <runs>0 12 13 13 6</runs>
            <runs>0 13 11 12 7</runs>
            <runs>0 15 8 13 6</runs>
            <runs>0 17 5 14 4</runs>
            <runs>0 37 2</runs>
        </run-table>
    </sample>
    <sample shape="CUT_TIME" interline="21" pitch="-0.1" left="453" top="614" id="427">
        <run-table orientation="VERTICAL" width="38" height="58">
            <runs>0 25 9</runs>
            <runs>0 22 15</runs>
            <runs>0 19 21</runs>
            <runs>0 17 25</runs>
            <runs>0 16 28</runs>
            <runs>0 15 30</runs>
            <runs>0 13 33</runs>
            <runs>0 12 35</runs>
            <runs>0 11 40</runs>
            <runs>0 8 43</runs>
            <runs>0 8 15 2 3 10 13</runs>
            <runs>0 8 11 25 7</runs>
            <runs>0 7 10 28 1</runs>
            <runs>0 7 8</runs>
            <runs></runs>
            <runs></runs>
            <runs></runs>
            <runs>0 16 3 20 1 3 15</runs>
            <runs>24 1 33</runs>
            <runs>58</runs>
            <runs>0 18 2 20 6 8 2</runs>
            <runs></runs>
            <runs></runs>
            <runs></runs>
            <runs>0 19 5</runs>
            <runs>0 17 8</runs>
            <runs>0 17 9</runs>
            <runs>0 16 11</runs>
            <runs>0 16 11 19 1</runs>
            <runs>0 16 14 15 7</runs>
            <runs>0 7 7 2 14 15 7</runs>
            <runs>0 7 8 1 15 13 8</runs>
            <runs>0 11 16 15 5</runs>
            <runs>0 12 15 13 6</runs>
            <runs>0 13 13 12 7</runs>
            <runs>0 14 11 13 5</runs>
            <runs>0 16 7 15 4</runs>
            <runs>0 38 2</runs>
        </run-table>
    </sample>
    <sample shape="CUT_TIME" interline="21" pitch="-0.1" left="453" top="790" id="445">
        <run-table orientation="VERTICAL" width="39" height="58">
            <runs>0 23 12</runs>
            <runs>0 20 18</runs>
            <runs>0 18 22</runs>
            <runs>0 16 25</runs>
            <runs>0 15 29</runs>
            <runs>0 13 32</runs>
            <runs>0 12 34</runs>
            <runs>0 11 39</runs>
            <runs>0 10 40</runs>
            <runs>0 7 43</runs>
            <runs>0 7 43</runs>
            <runs>0 7 14 17 12</runs>
            <runs>0 7 10 25 1 1 1</runs>
            <runs>0 7 7</runs>
            <runs></runs>
            <runs></runs>
            <runs>0 5 7 31 14</runs>
            <runs>0 1 57</runs>
            <runs>58</runs>
            <runs>0 1 56</runs>
            <runs>0 4 39</runs>
            <runs></runs>
            <runs></runs>
            <runs></runs>
            <runs>0 17 6</runs>
            <runs>0 16 9 21 1</runs>
            <runs>0 15 15 15 2</runs>
            <runs>0 15 14 16 2</runs>
            <runs>0 15 15 14 3</runs>
            <runs>0 15 15 14 3</runs>
            <runs>0 6 8 1 15 13 7</runs>
            <runs>0 6 24 13 4</runs>
            <runs>0 10 20 12 4</runs>
            <runs>0 11 15 14 5</runs>
            <runs>0 12 13 13 6</runs>
            <runs>0 13 11 12 7</runs>
            <runs>0 15 8 13 6</runs>
            <runs>0 17 5 14 4</runs>
            <runs>0 37 2</runs>
        </run-table>
    </sample>
</samples>
