<?xml version="1.0" encoding="UTF-8" standalone="yes"?>
<samples sheet-name="IMSLP79170#2">
    <sample shape="TIME_THREE" interline="16" left="670" top="400" id="487">
        <run-table orientation="VERTICAL" width="25" height="27">
            <runs>0 3 7 9 7</runs>
            <runs>11 6 10</runs>
            <runs>11 6 10</runs>
            <runs>11 6 10</runs>
            <runs>11 6 10</runs>
            <runs>12 5 10</runs>
            <runs>11 6 10</runs>
            <runs>0 2 8 7 10</runs>
            <runs>0 3 6 10 6</runs>
            <runs></runs>
            <runs></runs>
            <runs></runs>
            <runs>0 10 1</runs>
            <runs>17</runs>
            <runs>22</runs>
            <runs>27</runs>
            <runs>27</runs>
            <runs>27</runs>
            <runs>27</runs>
            <runs>27</runs>
            <runs>11 2 14</runs>
            <runs>9 4 13</runs>
            <runs>0 4 3 6 13</runs>
            <runs>0 13 12</runs>
            <runs>0 19 4</runs>
        </run-table>
    </sample>
    <sample shape="TIME_THREE" interline="16" left="673" top="565" id="496">
        <run-table orientation="VERTICAL" width="26" height="28">
            <runs>0 20 3</runs>
            <runs>0 4 4 10 8</runs>
            <runs>9 8 11</runs>
            <runs>10 7 11</runs>
            <runs>11 6 11</runs>
            <runs>11 1 16</runs>
            <runs>28</runs>
            <runs>28</runs>
            <runs>0 1 14 2 9</runs>
            <runs>0 2 8 7 7</runs>
            <runs>0 3 5</runs>
            <runs></runs>
            <runs>0 27 1</runs>
            <runs>0 10 1 16 1</runs>
            <runs>4 3 12 7 2</runs>
            <runs>28</runs>
            <runs>28</runs>
            <runs>28</runs>
            <runs>28</runs>
            <runs>28</runs>
            <runs>28</runs>
            <runs>27</runs>
            <runs>10 2 14</runs>
            <runs>8 5 12</runs>
            <runs>0 13 11</runs>
            <runs>0 18 3</runs>
        </run-table>
    </sample>
    <sample shape="TIME_THREE" interline="16" left="673" top="917" id="506">
        <run-table orientation="VERTICAL" width="25" height="28">
            <runs>0 19 5</runs>
            <runs>0 2 7 8 9</runs>
            <runs>10 7 11</runs>
            <runs>11 6 11</runs>
            <runs>11 6 11</runs>
            <runs>12 5 11</runs>
            <runs>0 1 10 6 11</runs>
            <runs>0 1 9 8 8</runs>
            <runs>0 2 8 8 7</runs>
            <runs>0 3 4</runs>
            <runs></runs>
            <runs></runs>
            <runs>0 10 1</runs>
            <runs>6 1 11 9 1</runs>
            <runs>23 3 2</runs>
            <runs>28</runs>
            <runs>28</runs>
            <runs>28</runs>
            <runs>28</runs>
            <runs>28</runs>
            <runs>28</runs>
            <runs>10 3 14</runs>
            <runs>0 3 5 5 13</runs>
            <runs>0 13 11</runs>
            <runs>0 19 2</runs>
        </run-table>
    </sample>
    <sample shape="TIME_FOUR" interline="16" left="670" top="431" id="492">
        <run-table orientation="VERTICAL" width="26" height="27">
            <runs>0 18 4</runs>
            <runs>0 18 4</runs>
            <runs>1 12 9</runs>
            <runs>1 12 9</runs>
            <runs>1 18 2</runs>
            <runs>1 9 7 3 2</runs>
            <runs>0 8 9 3 2</runs>
            <runs>0 5 11 4 2</runs>
            <runs>0 2 14 4 2</runs>
            <runs>16 3 3</runs>
            <runs>16 3 4</runs>
            <runs>24</runs>
            <runs>10 2 15</runs>
            <runs>9 3 15</runs>
            <runs>8 2 17</runs>
            <runs>6 4 17</runs>
            <runs>5 4 18</runs>
            <runs>4 3 20</runs>
            <runs>1 5 21</runs>
            <runs>0 5 22</runs>
            <runs>0 5 22</runs>
            <runs>0 5 4 1 17</runs>
            <runs>0 18 7</runs>
            <runs>0 19 3</runs>
            <runs>0 19 3</runs>
            <runs>0 19 2</runs>
        </run-table>
    </sample>
    <sample shape="TIME_FOUR" interline="16" left="673" top="597" id="498">
        <run-table orientation="VERTICAL" width="26" height="28">
            <runs>0 19 3</runs>
            <runs>0 18 5</runs>
            <runs>0 12 11</runs>
            <runs>0 12 11</runs>
            <runs>0 12 11</runs>
            <runs>0 10 8 2 2</runs>
            <runs>0 9 8 3 2</runs>
            <runs>0 6 10 4 3</runs>
            <runs>0 4 12 4 3</runs>
            <runs>16 4 3</runs>
            <runs>16 4 3</runs>
            <runs>16 2 10</runs>
            <runs>28</runs>
            <runs>28</runs>
            <runs>9 2 17</runs>
            <runs>8 2 18</runs>
            <runs>6 3 19</runs>
            <runs>5 3 20</runs>
            <runs>3 4 21</runs>
            <runs>0 5 23</runs>
            <runs>0 4 24</runs>
            <runs>0 5 23</runs>
            <runs>0 19 5 1 3</runs>
            <runs>0 20 3</runs>
            <runs>0 20 3</runs>
            <runs>0 20 3</runs>
        </run-table>
    </sample>
    <sample shape="TIME_FOUR" interline="16" left="672" top="949" id="509">
        <run-table orientation="VERTICAL" width="26" height="28">
            <runs>0 18 4</runs>
            <runs>0 12 10</runs>
            <runs>0 12 10</runs>
            <runs>0 12 7 1 2</runs>
            <runs>0 10 7 3 1</runs>
            <runs>0 8 9 3 1</runs>
            <runs>0 5 11 4 1</runs>
            <runs>1 1 14 4 2</runs>
            <runs>16 4 2</runs>
            <runs>16 3 3</runs>
            <runs>16 3 4</runs>
            <runs>11 1 16</runs>
            <runs>9 2 17</runs>
            <runs>8 3 17</runs>
            <runs>7 3 18</runs>
            <runs>5 4 19</runs>
            <runs>4 3 21</runs>
            <runs>0 6 22</runs>
            <runs>0 5 23</runs>
            <runs>0 4 24</runs>
            <runs>0 4 24</runs>
            <runs>0 18 6</runs>
            <runs>0 19 3</runs>
            <runs>0 19 3</runs>
            <runs>0 19 3</runs>
            <runs>0 19 2</runs>
        </run-table>
    </sample>
</samples>
