<?xml version="1.0" encoding="UTF-8" standalone="yes"?>
<samples sheet-name="allegretto">
    <sample shape="DOT_set" interline="22" left="687" top="616" id="256">
        <run-table orientation="VERTICAL" width="11" height="11">
            <runs>0 3 5</runs>
            <runs>0 2 7</runs>
            <runs>0 1 9</runs>
            <runs>0 1 10</runs>
            <runs>11</runs>
            <runs>11</runs>
            <runs>0 1 10</runs>
            <runs>0 1 10</runs>
            <runs>0 1 9</runs>
            <runs>0 3 6</runs>
            <runs>0 5 2</runs>
        </run-table>
    </sample>
    <sample shape="DOT_set" interline="22" left="743" top="618" id="258">
        <run-table orientation="VERTICAL" width="10" height="10">
            <runs>0 2 5</runs>
            <runs>0 1 7</runs>
            <runs>9</runs>
            <runs>10</runs>
            <runs>10</runs>
            <runs>10</runs>
            <runs>10</runs>
            <runs>9</runs>
            <runs>0 1 8</runs>
            <runs>0 2 6</runs>
        </run-table>
    </sample>
    <sample shape="G_CLEF" interline="22" left="339" top="378" id="224">
        <run-table orientation="VERTICAL" width="62" height="164">
            <runs>0 81 17 3 1</runs>
            <runs>0 80 22 2 1</runs>
            <runs>0 78 29</runs>
            <runs>0 76 32</runs>
            <runs>0 74 36</runs>
            <runs>0 72 39</runs>
            <runs>0 70 43</runs>
            <runs>0 69 29 2 14</runs>
            <runs>0 67 26 13 9</runs>
            <runs>0 66 23 19 9</runs>
            <runs>0 64 24 22 8</runs>
            <runs>0 63 23 26 6</runs>
            <runs>0 61 22 30 6</runs>
            <runs>0 60 22 32 6</runs>
            <runs>0 59 21 35 5</runs>
            <runs>0 19 14 4 1 20 21 37 5</runs>
            <runs>0 14 27 15 21 40 5</runs>
            <runs>0 11 32 12 21 41 5</runs>
            <runs>0 9 37 8 20 27 1 16 5</runs>
            <runs>0 7 42 3 21 21 11 13 5</runs>
            <runs>0 5 67 19 15 13 5 23 5</runs>
            <runs>0 3 25 9 1 4 29 18 18 13 5 19 11</runs>
            <runs>0 2 22 13 1 7 25 14 1 2 22 11 5 17 15</runs>
            <runs>0 2 19 26 22 15 20 1 5 11 4 16 17</runs>
            <runs>0 1 18 28 22 13 20 4 5 10 4 15 19</runs>
            <runs>17 29 23 11 19 2 1 4 6 9 4 15 20</runs>
            <runs>0 1 15 29 25 10 17 4 1 5 5 11 2 14 22</runs>
            <runs>0 2 14 27 29 8 16 5 1 7 4 10 2 14 22</runs>
            <runs>0 3 12 25 1 1 33 5 15 15 3 11 1 14 23</runs>
            <runs>0 3 12 23 39 3 14 16 4 25 23</runs>
            <runs>0 4 11 22 24 7 25 18 4 24 24</runs>
            <runs>0 6 9 21 24 11 22 19 3 24 24</runs>
            <runs>0 7 9 19 24 15 19 19 3 24 18 2 4</runs>
            <runs>0 9 8 15 25 20 16 47 17 2 4</runs>
            <runs>0 10 9 10 27 21 1 2 13 8 1 38 16 3 4</runs>
            <runs>0 12 42 26 15 6 1 39 14 4 4</runs>
            <runs>0 13 39 28 18 3 1 40 12 5 5</runs>
            <runs>0 16 33 31 22 41 10 6 5</runs>
            <runs>0 19 28 33 12 1 12 19 1 20 6 8 4</runs>
            <runs>0 22 19 1 1 37 11 5 11 16 2 34 4</runs>
            <runs>0 26 14 40 11 8 11 11 4 34 4</runs>
            <runs>0 37 1 42 11 10 13 6 5 33 5</runs>
            <runs>0 80 11 13 1 1 11 2 6 33 4</runs>
            <runs>0 80 11 18 16 33 4</runs>
            <runs>0 80 11 20 13 33 4</runs>
            <runs>0 80 11 24 11 30 5</runs>
            <runs>0 80 12 25 6 1 5 27 4</runs>
            <runs>0 80 12 25 5 2 8 22 6</runs>
            <runs>0 80 13 24 5 3 10 18 6</runs>
            <runs>0 80 14 22 5 6 12 12 7</runs>
            <runs>0 80 15 20 5 10 13 5 9</runs>
            <runs>0 80 16 18 5 15 22</runs>
            <runs>0 80 18 15 5 18 18</runs>
            <runs>0 81 19 1 1 8 8 22 12</runs>
            <runs>0 83 19 4 10 29 3</runs>
            <runs>0 84 19 1 11</runs>
            <runs>0 86 28</runs>
            <runs>0 88 24</runs>
            <runs>0 91 19</runs>
            <runs>0 94 13</runs>
            <runs>0 101 1</runs>
            <runs>0 101 1</runs>
        </run-table>
    </sample>
    <sample shape="G_CLEF" interline="22" left="217" top="965" id="346">
        <run-table orientation="VERTICAL" width="61" height="162">
            <runs>0 82 14</runs>
            <runs>0 79 25</runs>
            <runs>0 76 30</runs>
            <runs>0 74 33</runs>
            <runs>0 72 37</runs>
            <runs>0 70 40</runs>
            <runs>0 69 43</runs>
            <runs>0 67 28 8 10</runs>
            <runs>0 66 25 13 11</runs>
            <runs>0 64 24 19 9</runs>
            <runs>0 63 22 24 8</runs>
            <runs>0 62 19 1 1 28 6</runs>
            <runs>0 61 19 32 6</runs>
            <runs>0 60 20 33 6</runs>
            <runs>0 58 20 36 6</runs>
            <runs>0 18 16 23 20 38 5</runs>
            <runs>0 14 23 18 21 27 1 12 5</runs>
            <runs>0 11 33 10 20 29 1 12 6</runs>
            <runs>0 9 38 6 20 23 3 2 1 1 2 12 6</runs>
            <runs>0 7 43 1 21 19 11 1 3 12 5 22 7</runs>
            <runs>0 5 21 13 32 18 17 13 5 19 11</runs>
            <runs>0 4 19 22 25 17 17 1 2 12 5 17 14</runs>
            <runs>0 3 19 24 23 16 19 1 3 11 5 16 16</runs>
            <runs>0 1 18 27 23 15 20 2 3 11 4 16 18</runs>
            <runs>0 1 17 28 23 13 20 4 4 10 4 15 20</runs>
            <runs>16 29 24 13 16 3 1 4 4 10 4 14 21</runs>
            <runs>0 1 15 28 27 11 13 12 4 9 1 1 2 14 22</runs>
            <runs>0 2 13 24 33 10 12 14 4 10 2 13 23</runs>
            <runs>0 3 12 24 23 2 11 4 14 16 3 11 1 13 24</runs>
            <runs>0 4 11 24 22 7 25 16 4 10 1 13 24</runs>
            <runs>0 5 10 24 20 12 21 18 4 23 24</runs>
            <runs>0 6 10 20 22 16 18 18 4 24 18 1 5</runs>
            <runs>0 7 10 17 22 20 16 19 3 24 18 1 5</runs>
            <runs>0 9 9 13 24 21 16 46 17 3 4</runs>
            <runs>0 11 10 6 26 24 17 45 15 4 4</runs>
            <runs>0 12 38 27 19 44 14 4 4</runs>
            <runs>0 14 33 30 23 41 12 5 4</runs>
            <runs>0 17 28 32 26 40 9 6 4</runs>
            <runs>0 20 3 1 16 37 13 5 10 15 1 2 1 34 4</runs>
            <runs>0 77 13 9 9 12 4 34 4</runs>
            <runs>0 77 13 11 10 8 5 33 4</runs>
            <runs>0 77 13 14 10 5 5 33 4</runs>
            <runs>0 78 12 17 17 33 4</runs>
            <runs>0 78 12 19 15 32 4</runs>
            <runs>0 78 12 23 11 31 5</runs>
            <runs>0 78 13 24 11 28 6</runs>
            <runs>0 79 12 25 13 24 6</runs>
            <runs>0 82 10 24 6 1 10 19 6</runs>
            <runs>0 82 10 23 6 4 10 2 1 11 8</runs>
            <runs>0 82 11 22 5 7 29</runs>
            <runs>0 82 13 18 6 11 25</runs>
            <runs>0 82 14 16 6 15 21</runs>
            <runs>0 82 16 12 7 20 15</runs>
            <runs>0 82 20 4 10 24 10</runs>
            <runs>0 84 30</runs>
            <runs>0 86 27</runs>
            <runs>0 87 25</runs>
            <runs>0 89 21</runs>
            <runs>0 91 17</runs>
            <runs>0 94 12</runs>
            <runs>0 103 2</runs>
        </run-table>
    </sample>
    <sample shape="G_CLEF" interline="22" left="220" top="1213" id="347">
        <run-table orientation="VERTICAL" width="64" height="163">
            <runs>0 88 6</runs>
            <runs>0 84 20</runs>
            <runs>0 79 27</runs>
            <runs>0 76 31</runs>
            <runs>0 74 34</runs>
            <runs>0 72 38</runs>
            <runs>0 71 41</runs>
            <runs>0 69 44</runs>
            <runs>0 67 47</runs>
            <runs>0 66 29 8 12</runs>
            <runs>0 65 25 15 11</runs>
            <runs>0 63 24 22 8</runs>
            <runs>0 63 22 25 8</runs>
            <runs>0 62 20 30 7</runs>
            <runs>0 60 20 33 7</runs>
            <runs>0 58 22 34 7</runs>
            <runs>0 16 18 23 21 37 7</runs>
            <runs>0 12 25 1 2 15 22 39 7</runs>
            <runs>0 9 34 11 22 40 8</runs>
            <runs>0 7 41 5 21 20 10 13 7</runs>
            <runs>0 5 68 18 14 13 6 23 2</runs>
            <runs>0 4 68 17 17 13 5 20 10</runs>
            <runs>0 3 22 16 30 16 21 11 5 18 14</runs>
            <runs>0 2 19 24 25 15 24 11 4 17 16</runs>
            <runs>0 1 18 27 23 13 28 10 4 16 19</runs>
            <runs>17 29 23 12 30 9 1 1 2 15 20</runs>
            <runs>16 29 25 11 19 5 7 8 1 1 2 15 21</runs>
            <runs>15 28 29 9 17 8 6 11 1 14 23</runs>
            <runs>0 1 14 27 32 7 15 12 5 25 23</runs>
            <runs>0 1 13 26 21 2 14 4 14 14 4 25 24</runs>
            <runs>0 2 12 24 23 5 13 2 13 16 4 24 24</runs>
            <runs>0 3 11 24 23 8 24 17 4 24 24</runs>
            <runs>0 5 9 21 24 13 20 19 4 23 25</runs>
            <runs>0 6 10 17 24 18 17 19 4 23 18 2 5</runs>
            <runs>0 7 10 13 26 20 1 1 15 19 2 25 17 3 4</runs>
            <runs>0 9 11 6 28 27 13 46 16 3 4</runs>
            <runs>0 10 42 29 16 43 15 4 4</runs>
            <runs>0 12 38 31 20 40 13 5 4</runs>
            <runs>0 15 32 34 23 38 11 6 4</runs>
            <runs>0 17 27 37 25 38 8 7 4</runs>
            <runs>0 21 15 2 3 40 9 6 13 11 1 38 4</runs>
            <runs>0 26 2 1 3 6 1 42 9 8 14 8 1 1 2 34 4</runs>
            <runs>0 81 9 11 15 3 5 34 4</runs>
            <runs>0 81 9 13 21 33 5</runs>
            <runs>0 81 9 17 17 33 5</runs>
            <runs>0 81 10 19 17 29 5</runs>
            <runs>0 81 10 23 15 26 5</runs>
            <runs>0 81 11 24 15 23 6</runs>
            <runs>0 81 11 24 17 20 6</runs>
            <runs>0 81 12 23 6 2 13 14 7</runs>
            <runs>0 81 13 21 6 5 16 5 11</runs>
            <runs>0 81 14 19 6 9 28</runs>
            <runs>0 81 16 15 7 12 24</runs>
            <runs>0 81 18 11 8 17 19</runs>
            <runs>0 81 20 2 14 22 13</runs>
            <runs>0 83 19 1 13 27 6</runs>
            <runs>0 85 30</runs>
            <runs>0 86 27</runs>
            <runs>0 88 24</runs>
            <runs>0 90 20</runs>
            <runs>0 92 15</runs>
            <runs>0 98 6</runs>
            <runs>0 101 3</runs>
            <runs>0 103 1</runs>
        </run-table>
    </sample>
    <sample shape="G_CLEF" interline="22" left="220" top="1553" id="462">
        <run-table orientation="VERTICAL" width="62" height="164">
            <runs>0 83 21</runs>
            <runs>0 81 23</runs>
            <runs>0 78 29</runs>
            <runs>0 76 33</runs>
            <runs>0 74 37</runs>
            <runs>0 72 40</runs>
            <runs>0 70 44</runs>
            <runs>0 69 35 1 10</runs>
            <runs>0 67 30 4 1 4 10</runs>
            <runs>0 66 26 9 1 6 9</runs>
            <runs>0 64 25 21 8</runs>
            <runs>0 63 24 25 7</runs>
            <runs>0 61 22 30 7</runs>
            <runs>0 59 21 34 7</runs>
            <runs>0 59 20 36 7</runs>
            <runs>0 15 23 20 21 37 8</runs>
            <runs>0 12 28 16 21 40 8</runs>
            <runs>0 9 34 12 21 27 1 14 8</runs>
            <runs>0 7 40 6 22 23 1 2 4 14 7</runs>
            <runs>0 5 33 1 12 1 22 20 12 13 7</runs>
            <runs>0 4 21 15 1 1 30 19 15 14 6</runs>
            <runs>0 3 19 23 26 18 19 13 5 19 10</runs>
            <runs>0 1 18 27 24 18 21 12 5 17 14</runs>
            <runs>0 1 17 29 22 17 24 12 4 16 17</runs>
            <runs>17 29 23 15 27 11 4 15 19</runs>
            <runs>16 29 24 14 21 2 6 10 4 15 20</runs>
            <runs>0 1 14 29 27 10 19 7 6 9 4 14 22</runs>
            <runs>0 2 13 27 31 7 17 12 4 11 2 14 22</runs>
            <runs>0 4 10 27 19 2 13 5 16 14 4 11 1 14 22</runs>
            <runs>0 5 9 25 21 6 11 3 15 16 4 25 23</runs>
            <runs>0 6 9 22 23 9 9 2 15 17 3 25 23</runs>
            <runs>0 7 8 20 1 1 21 14 22 18 4 24 24</runs>
            <runs>0 8 9 17 23 18 19 19 3 24 24</runs>
            <runs>0 10 8 13 24 21 1 1 16 20 2 24 18 1 5</runs>
            <runs>0 12 9 5 27 27 15 45 18 2 4</runs>
            <runs>0 14 37 29 18 43 16 3 4</runs>
            <runs>0 16 32 32 22 39 15 4 4</runs>
            <runs>0 20 26 34 24 38 14 4 4</runs>
            <runs>0 24 18 38 25 38 12 5 4</runs>
            <runs>0 37 2 41 12 4 12 14 1 22 8 7 4</runs>
            <runs>0 80 12 8 12 10 1 25 3 9 4</runs>
            <runs>0 80 12 11 13 6 1 36 5</runs>
            <runs>0 80 11 15 20 33 5</runs>
            <runs>0 80 12 17 17 33 4</runs>
            <runs>0 80 12 20 14 32 5</runs>
            <runs>0 80 12 23 13 29 6</runs>
            <runs>0 80 12 25 14 25 6</runs>
            <runs>0 80 13 25 15 22 6</runs>
            <runs>0 80 13 25 6 1 11 18 7</runs>
            <runs>0 80 14 24 5 3 13 13 8</runs>
            <runs>0 80 15 22 5 6 14 8 9</runs>
            <runs>0 80 17 18 6 10 27</runs>
            <runs>0 81 17 16 6 13 24</runs>
            <runs>0 82 20 9 8 17 19</runs>
            <runs>0 85 33 21 15</runs>
            <runs>0 85 31 27 8</runs>
            <runs>0 87 28</runs>
            <runs>0 88 26</runs>
            <runs>0 90 22</runs>
            <runs>0 93 17</runs>
            <runs>0 96 10</runs>
            <runs>0 101 1</runs>
        </run-table>
    </sample>
    <sample shape="G_CLEF" interline="22" left="221" top="1800" id="463">
        <run-table orientation="VERTICAL" width="62" height="163">
            <runs>0 80 18 2 1</runs>
            <runs>0 79 22 1 2</runs>
            <runs>0 77 29</runs>
            <runs>0 75 32</runs>
            <runs>0 73 36</runs>
            <runs>0 71 40</runs>
            <runs>0 69 43</runs>
            <runs>0 68 45</runs>
            <runs>0 66 29 5 1 2 12</runs>
            <runs>0 65 26 14 11</runs>
            <runs>0 64 24 20 9</runs>
            <runs>0 62 24 24 8</runs>
            <runs>0 61 21 29 7</runs>
            <runs>0 60 21 31 7</runs>
            <runs>0 59 21 33 7</runs>
            <runs>0 20 9 28 22 35 7</runs>
            <runs>0 14 25 17 21 38 7</runs>
            <runs>0 11 31 12 22 24 1 1 1 13 7</runs>
            <runs>0 9 36 8 21 26 1 1 2 13 6</runs>
            <runs>0 7 41 4 21 18 14 12 7</runs>
            <runs>0 5 34 1 32 17 17 12 6 20 9</runs>
            <runs>0 4 24 13 30 16 20 12 6 17 14</runs>
            <runs>0 3 21 19 27 15 23 11 6 16 16</runs>
            <runs>0 2 19 24 24 13 27 10 6 15 18</runs>
            <runs>0 1 17 28 23 11 23 1 6 10 5 14 20</runs>
            <runs>17 28 24 11 21 4 6 9 5 13 22</runs>
            <runs>16 28 27 9 17 3 1 4 7 8 5 13 22</runs>
            <runs>0 1 14 28 29 8 15 5 1 6 5 8 5 13 23</runs>
            <runs>0 1 14 26 34 5 14 14 5 8 4 13 23</runs>
            <runs>0 2 13 26 20 2 15 2 13 16 4 9 3 13 24</runs>
            <runs>0 3 12 25 20 7 26 17 4 9 2 13 24</runs>
            <runs>0 5 10 21 23 12 21 18 4 9 2 13 24</runs>
            <runs>0 6 10 18 24 15 19 19 3 10 1 13 19 1 5</runs>
            <runs>0 7 10 15 24 20 16 19 3 10 1 13 18 2 5</runs>
            <runs>0 9 10 9 27 21 1 3 13 46 17 3 4</runs>
            <runs>0 10 43 27 15 44 16 4 4</runs>
            <runs>0 12 38 30 17 43 14 5 4</runs>
            <runs>0 15 33 32 21 1 1 39 11 6 4</runs>
            <runs>0 18 27 35 25 15 1 22 9 6 5</runs>
            <runs>0 22 20 38 28 12 1 25 3 9 4</runs>
            <runs>0 27 9 44 10 6 15 9 1 1 3 33 4</runs>
            <runs>0 80 10 10 1 1 12 5 6 33 4</runs>
            <runs>0 80 10 12 23 32 5</runs>
            <runs>0 80 10 12 23 1 1 30 4</runs>
            <runs>0 80 10 20 15 1 1 29 5</runs>
            <runs>0 80 11 22 14 28 5</runs>
            <runs>0 80 11 24 15 24 6</runs>
            <runs>0 80 12 24 16 21 6</runs>
            <runs>0 80 12 24 6 1 12 17 7</runs>
            <runs>0 80 13 22 6 2 16 10 9</runs>
            <runs>0 80 14 20 6 3 34</runs>
            <runs>0 80 15 17 7 7 1 4 25</runs>
            <runs>0 80 17 14 7 15 22</runs>
            <runs>0 81 20 7 9 20 16</runs>
            <runs>0 82 21 2 11 25 9</runs>
            <runs>0 84 31</runs>
            <runs>0 85 29</runs>
            <runs>0 87 25</runs>
            <runs>0 88 23</runs>
            <runs>0 90 19</runs>
            <runs>0 94 12</runs>
            <runs>0 100 1</runs>
        </run-table>
    </sample>
    <sample shape="G_CLEF" interline="22" left="339" top="624" id="590">
        <run-table orientation="VERTICAL" width="63" height="163">
            <runs>0 87 5 10 1</runs>
            <runs>0 81 1 2 20</runs>
            <runs>0 78 28</runs>
            <runs>0 76 31</runs>
            <runs>0 74 34</runs>
            <runs>0 72 38</runs>
            <runs>0 70 41</runs>
            <runs>0 69 44</runs>
            <runs>0 68 35 1 10</runs>
            <runs>0 67 27 11 10</runs>
            <runs>0 65 24 18 9</runs>
            <runs>0 63 24 22 8</runs>
            <runs>0 60 24 26 8</runs>
            <runs>0 59 23 30 7</runs>
            <runs>0 59 22 32 6</runs>
            <runs>0 59 20 35 6</runs>
            <runs>0 20 11 26 21 37 6</runs>
            <runs>0 15 24 1 1 15 20 39 7</runs>
            <runs>0 11 31 12 21 27 1 13 7</runs>
            <runs>0 9 36 8 21 20 10 13 6</runs>
            <runs>0 7 42 2 22 17 15 13 6 21 7</runs>
            <runs>0 6 66 16 18 12 6 19 11</runs>
            <runs>0 4 23 13 31 15 21 12 6 16 15</runs>
            <runs>0 3 19 18 1 2 27 15 23 11 6 15 18</runs>
            <runs>0 2 18 25 24 14 19 1 6 10 6 14 20</runs>
            <runs>0 1 17 27 23 13 20 3 6 10 5 14 21</runs>
            <runs>17 28 24 11 19 1 1 4 6 9 5 13 22</runs>
            <runs>16 24 1 3 26 10 17 8 7 8 5 13 23</runs>
            <runs>15 25 1 2 29 8 15 12 5 9 4 13 23</runs>
            <runs>0 1 13 26 34 6 14 14 5 9 3 13 24</runs>
            <runs>0 2 12 26 37 3 13 16 4 10 2 13 24</runs>
            <runs>0 3 11 24 23 7 11 1 12 18 4 9 2 13 24</runs>
            <runs>0 4 11 21 23 12 21 19 3 10 1 13 19 1 5</runs>
            <runs>0 5 10 19 24 15 19 19 3 10 1 13 18 2 5</runs>
            <runs>0 7 10 15 24 1 1 17 17 47 17 3 4</runs>
            <runs>0 8 11 9 26 22 17 46 16 4 4</runs>
            <runs>0 10 42 24 1 1 18 44 14 5 4</runs>
            <runs>0 12 38 30 20 1 2 38 13 5 4</runs>
            <runs>0 14 33 33 23 20 2 17 11 6 4</runs>
            <runs>0 17 28 35 26 14 1 1 3 19 7 8 4</runs>
            <runs>0 21 15 4 1 39 10 6 13 11 5 33 5</runs>
            <runs>0 26 5 1 2 46 10 9 13 7 6 33 4</runs>
            <runs>0 80 10 12 13 3 7 33 4</runs>
            <runs>0 80 10 15 20 32 5</runs>
            <runs>0 80 10 18 16 32 5</runs>
            <runs>0 80 10 21 13 31 6</runs>
            <runs>0 80 11 23 9 1 4 27 5</runs>
            <runs>0 80 11 24 7 2 7 23 6</runs>
            <runs>0 80 12 24 6 2 10 18 7</runs>
            <runs>0 80 12 24 5 3 13 13 8</runs>
            <runs>0 80 14 21 5 4 18 4 11</runs>
            <runs>0 80 15 19 5 9 28</runs>
            <runs>0 80 16 17 6 12 24</runs>
            <runs>0 80 18 13 7 17 19</runs>
            <runs>0 82 19 1 15 21 14</runs>
            <runs>0 83 32</runs>
            <runs>0 84 30</runs>
            <runs>0 86 27</runs>
            <runs>0 87 24</runs>
            <runs>0 89 21</runs>
            <runs>0 92 15</runs>
            <runs>0 97 7</runs>
            <runs>0 101 2</runs>
        </run-table>
    </sample>
    <sample shape="NATURAL" interline="22" left="2297" top="696" id="327">
        <run-table orientation="VERTICAL" width="17" height="61">
            <runs>14 8 3 5 4</runs>
            <runs>29 1 18</runs>
            <runs>29 1 18</runs>
            <runs>0 15 12 3 4 2 11</runs>
            <runs>0 16 10 11 10</runs>
            <runs>0 16 10 11 10</runs>
            <runs>0 15 10 11 10</runs>
            <runs>0 15 10 11 10</runs>
            <runs>0 15 10 11 10</runs>
            <runs>0 14 10 11 11</runs>
            <runs>0 14 10 11 10</runs>
            <runs>0 14 10 11 10</runs>
            <runs>0 13 10 11 10</runs>
            <runs>0 13 10 7 14</runs>
            <runs>0 13 48</runs>
            <runs>0 13 48</runs>
            <runs>0 28 1 1 10 1 2 1 16</runs>
        </run-table>
    </sample>
    <sample shape="NATURAL" interline="22" left="1138" top="1038" id="382">
        <run-table orientation="VERTICAL" width="16" height="62">
            <runs>30 2 16</runs>
            <runs>0 1 29 2 17</runs>
            <runs>0 17 10 2 1 7 11</runs>
            <runs>0 17 10 11 10</runs>
            <runs>0 17 9 11 11</runs>
            <runs>0 16 10 11 10</runs>
            <runs>0 16 10 11 10</runs>
            <runs>0 16 9 12 10</runs>
            <runs>0 16 9 11 10</runs>
            <runs>0 15 9 12 10</runs>
            <runs>0 15 9 12 10</runs>
            <runs>0 15 9 11 11</runs>
            <runs>0 14 10 11 10</runs>
            <runs>0 14 10 5 1 2 13</runs>
            <runs>0 14 47</runs>
            <runs>0 19 7 2 2 2 30</runs>
        </run-table>
    </sample>
    <sample shape="NATURAL" interline="22" left="525" top="1550" id="475">
        <run-table orientation="VERTICAL" width="16" height="63">
            <runs>47</runs>
            <runs>0 4 2 3 38</runs>
            <runs>0 17 9 14 7</runs>
            <runs>0 17 9 14 7</runs>
            <runs>0 17 8 15 6</runs>
            <runs>0 16 9 14 7</runs>
            <runs>0 16 9 12 9</runs>
            <runs>0 16 8 13 8</runs>
            <runs>0 15 9 13 8</runs>
            <runs>0 15 8 13 9</runs>
            <runs>0 15 8 13 8</runs>
            <runs>0 15 8 13 8 17 1</runs>
            <runs>0 14 9 12 9 17 1</runs>
            <runs>0 14 9 11 10 17 1</runs>
            <runs>0 14 25 1 23</runs>
            <runs>0 58 1 2 1</runs>
        </run-table>
    </sample>
    <sample shape="NATURAL" interline="22" left="785" top="1928" id="487">
        <run-table orientation="VERTICAL" width="17" height="61">
            <runs>0 2 8 1 3 1 3 13 4</runs>
            <runs>48</runs>
            <runs>48</runs>
            <runs>0 17 11 9 11</runs>
            <runs>0 16 11 11 10</runs>
            <runs>0 16 10 11 10</runs>
            <runs>0 16 10 11 10</runs>
            <runs>0 15 10 12 10</runs>
            <runs>0 15 10 11 10</runs>
            <runs>0 15 9 12 10</runs>
            <runs>0 15 9 12 10</runs>
            <runs>0 14 10 11 10</runs>
            <runs>0 14 10 11 10</runs>
            <runs>0 13 10 12 10</runs>
            <runs>0 13 48</runs>
            <runs>0 13 48</runs>
            <runs>0 16 44</runs>
        </run-table>
    </sample>
    <sample shape="NATURAL" interline="22" left="351" top="1582" id="589">
        <run-table orientation="VERTICAL" width="18" height="62">
            <runs>0 28 1 13 4</runs>
            <runs>29 1 17</runs>
            <runs>29 1 17</runs>
            <runs>0 16 10 2 1 8 10</runs>
            <runs>0 16 10 2 1 8 10</runs>
            <runs>0 16 9 12 9</runs>
            <runs>0 16 9 11 10</runs>
            <runs>0 15 10 11 10</runs>
            <runs>0 15 9 12 10</runs>
            <runs>0 15 9 12 9</runs>
            <runs>0 14 10 11 10</runs>
            <runs>0 14 10 11 10</runs>
            <runs>0 14 9 11 10</runs>
            <runs>0 13 10 11 10</runs>
            <runs>0 13 10 5 1 3 29</runs>
            <runs>0 13 18 1 30</runs>
            <runs>0 28 1 3 2 3 3 8 12</runs>
            <runs>0 51 2</runs>
        </run-table>
    </sample>
    <sample shape="SHARP" interline="22" left="403" top="630" id="228">
        <run-table orientation="VERTICAL" width="22" height="63">
            <runs>0 20 2 3 1 16 3</runs>
            <runs>0 19 8 14 9</runs>
            <runs>0 18 9 13 10</runs>
            <runs>0 17 10 13 9</runs>
            <runs>0 17 9 13 10</runs>
            <runs>0 6 56</runs>
            <runs>0 5 58</runs>
            <runs>0 16 12 1 34</runs>
            <runs>0 16 9 13 10 3 8</runs>
            <runs>0 15 10 13 9 7 2</runs>
            <runs>0 15 9 13 10</runs>
            <runs>0 15 9 13 10</runs>
            <runs>0 14 10 13 9</runs>
            <runs>0 14 9 13 10</runs>
            <runs>0 1 45 5 1</runs>
            <runs>55</runs>
            <runs>0 13 42</runs>
            <runs>0 13 9 10 13 6 1</runs>
            <runs>0 13 9 10 12</runs>
            <runs>0 12 9 11 12</runs>
            <runs>0 12 9 11 12</runs>
            <runs>0 32 11</runs>
        </run-table>
    </sample>
    <sample shape="SHARP" interline="22" left="427" top="418" id="230">
        <run-table orientation="VERTICAL" width="23" height="65">
            <runs>0 18 6</runs>
            <runs>0 17 9 16 7</runs>
            <runs>0 17 10 12 10</runs>
            <runs>0 16 11 12 10</runs>
            <runs>0 16 10 13 10</runs>
            <runs>0 4 32 1 12</runs>
            <runs>0 4 61</runs>
            <runs>0 5 60</runs>
            <runs>0 9 56</runs>
            <runs>0 15 10 12 10</runs>
            <runs>0 15 9 12 10</runs>
            <runs>0 14 10 12 10</runs>
            <runs>0 14 10 12 10</runs>
            <runs>0 13 8 15 7</runs>
            <runs>7 4 18 6 8 2 1</runs>
            <runs>57</runs>
            <runs>57</runs>
            <runs>43 2 11</runs>
            <runs>0 12 9 13 9 5 2</runs>
            <runs>0 11 10 13 9</runs>
            <runs>0 11 10 12 10</runs>
            <runs>0 12 9 13 9</runs>
            <runs>0 13 8 14 8</runs>
        </run-table>
    </sample>
    <sample shape="SHARP" interline="22" left="427" top="662" id="231">
        <run-table orientation="VERTICAL" width="23" height="65">
            <runs>0 41 4</runs>
            <runs>0 19 8 14 8</runs>
            <runs>0 18 9 14 9</runs>
            <runs>0 18 9 13 10</runs>
            <runs>0 17 10 13 10</runs>
            <runs>0 17 10 12 10</runs>
            <runs>0 5 57 1 2</runs>
            <runs>0 4 61</runs>
            <runs>0 16 10 7 32</runs>
            <runs>0 16 9 13 10 12 2 1 2</runs>
            <runs>0 15 10 13 9 16 2</runs>
            <runs>0 15 8 14 10</runs>
            <runs>0 15 8 14 10</runs>
            <runs>0 14 9 14 8</runs>
            <runs>0 14 9 13 9</runs>
            <runs>45 1 2 1 5</runs>
            <runs>0 2 55</runs>
            <runs>0 2 1 3 1 2 48</runs>
            <runs>0 12 11 12 10</runs>
            <runs>0 12 11 12 10</runs>
            <runs>0 12 11 11 11</runs>
            <runs>0 13 10 12 10</runs>
            <runs>0 14 2 20 9</runs>
        </run-table>
    </sample>
    <sample shape="SHARP" interline="22" left="2202" top="696" id="321">
        <run-table orientation="VERTICAL" width="22" height="64">
            <runs>0 19 8 15 8</runs>
            <runs>0 19 9 13 12</runs>
            <runs>0 19 9 13 12</runs>
            <runs>0 18 10 13 12</runs>
            <runs>0 18 10 1 1 10 10</runs>
            <runs>0 6 24 1 31</runs>
            <runs>0 6 24 1 32</runs>
            <runs>0 16 11 2 1 1 7 1 25</runs>
            <runs>0 16 10 13 10</runs>
            <runs>0 16 10 13 10</runs>
            <runs>0 16 10 12 10</runs>
            <runs>0 15 10 13 10</runs>
            <runs>0 15 10 13 10</runs>
            <runs>0 15 10 4 1 7 10</runs>
            <runs>53</runs>
            <runs>59</runs>
            <runs>0 14 10 5 1 1 28</runs>
            <runs>0 14 10 12 10</runs>
            <runs>0 13 10 13 9</runs>
            <runs>0 13 10 12 10</runs>
            <runs>0 13 9 13 10</runs>
            <runs>0 36 2</runs>
        </run-table>
    </sample>
    <sample shape="SHARP" interline="22" left="282" top="973" id="348">
        <run-table orientation="VERTICAL" width="22" height="62">
            <runs>0 19 7</runs>
            <runs>0 18 9 13 9</runs>
            <runs>0 17 10 12 10</runs>
            <runs>0 17 10 6 1 5 10</runs>
            <runs>0 17 10 6 1 5 10</runs>
            <runs>0 5 24 2 18 1 4 1 1</runs>
            <runs>0 5 24 4 29</runs>
            <runs>0 6 9 1 10 7 1 3 25</runs>
            <runs>0 16 9 13 9 8 1</runs>
            <runs>0 15 10 13 9</runs>
            <runs>0 15 9 13 10</runs>
            <runs>0 14 10 13 9</runs>
            <runs>0 14 10 13 9</runs>
            <runs>0 14 10 7 3 2 10</runs>
            <runs>46 4 1 2 3</runs>
            <runs>57</runs>
            <runs>0 1 21 6 1 2 26</runs>
            <runs>0 13 9 13 9</runs>
            <runs>0 12 10 13 9</runs>
            <runs>0 12 9 13 10</runs>
            <runs>0 12 9 10 12</runs>
            <runs>0 13 2</runs>
        </run-table>
    </sample>
    <sample shape="SHARP" interline="22" left="283" top="1220" id="349">
        <run-table orientation="VERTICAL" width="22" height="64">
            <runs>0 24 3 15 8</runs>
            <runs>0 19 9 13 13</runs>
            <runs>0 18 10 13 13</runs>
            <runs>0 18 10 12 14</runs>
            <runs>0 17 10 6 1 6 10</runs>
            <runs>0 5 58</runs>
            <runs>0 5 59</runs>
            <runs>0 11 53</runs>
            <runs>0 16 10 13 10</runs>
            <runs>0 15 10 14 9</runs>
            <runs>0 15 10 13 10</runs>
            <runs>0 15 10 13 10</runs>
            <runs>0 14 10 14 10</runs>
            <runs>0 14 10 13 10</runs>
            <runs>35 1 11 3 7</runs>
            <runs>58</runs>
            <runs>0 5 3 1 49</runs>
            <runs>0 13 10 7 4 2 10 6 5</runs>
            <runs>0 12 10 14 9</runs>
            <runs>0 12 10 13 10</runs>
            <runs>0 12 10 13 9</runs>
            <runs>0 18 2 16 8</runs>
        </run-table>
    </sample>
    <sample shape="SHARP" interline="22" left="300" top="1004" id="350">
        <run-table orientation="VERTICAL" width="29" height="65">
            <runs>0 22 1</runs>
            <runs>0 22 2</runs>
            <runs>0 22 3</runs>
            <runs>0 22 3</runs>
            <runs>0 22 3</runs>
            <runs>0 22 3</runs>
            <runs>0 22 3</runs>
            <runs>0 22 5</runs>
            <runs>0 19 9 16 7</runs>
            <runs>0 19 9 16 6</runs>
            <runs>0 18 10 16 6</runs>
            <runs>0 18 10 12 10</runs>
            <runs>0 6 44 12 1</runs>
            <runs>0 6 17 1 41</runs>
            <runs>0 15 8 2 40</runs>
            <runs>0 17 6 2 1 13 10 1 2 2 11</runs>
            <runs>0 17 6 2 1 13 9</runs>
            <runs>0 16 7 2 1 12 10</runs>
            <runs>0 16 7 2 1 12 10</runs>
            <runs>0 15 8 15 10</runs>
            <runs>0 2 1 12 8 14 8</runs>
            <runs>31 6 8</runs>
            <runs>58</runs>
            <runs>10 1 47</runs>
            <runs>0 14 9 13 22</runs>
            <runs>0 14 9 13 9</runs>
            <runs>0 14 9 12 10</runs>
            <runs>0 13 10 12 10</runs>
            <runs>0 14 9 12 10</runs>
        </run-table>
    </sample>
    <sample shape="SHARP" interline="22" left="305" top="1250" id="351">
        <run-table orientation="VERTICAL" width="26" height="67">
            <runs>0 23 2</runs>
            <runs>0 23 3</runs>
            <runs>0 23 3</runs>
            <runs>0 23 3 18 7</runs>
            <runs>0 20 9 13 10</runs>
            <runs>0 20 9 13 10</runs>
            <runs>0 20 9 13 10</runs>
            <runs>0 19 10 12 11</runs>
            <runs>0 8 59</runs>
            <runs>0 8 59</runs>
            <runs>0 8 16 1 42</runs>
            <runs>0 18 6 2 2 12 10 5 2 2 8</runs>
            <runs>0 18 6 2 1 13 10</runs>
            <runs>0 17 7 2 1 13 10</runs>
            <runs>0 17 7 16 9</runs>
            <runs>0 17 7 15 10</runs>
            <runs>0 17 7 15 9</runs>
            <runs>0 3 1 1 6 1 25 1 12</runs>
            <runs>0 2 58</runs>
            <runs>60</runs>
            <runs>0 15 9 13 22</runs>
            <runs>0 15 9 13 8</runs>
            <runs>0 14 10 13 8</runs>
            <runs>0 14 10 13 8</runs>
            <runs>0 14 10 13 8</runs>
            <runs>0 42 3</runs>
        </run-table>
    </sample>
    <sample shape="SHARP" interline="22" left="889" top="1039" id="378">
        <run-table orientation="VERTICAL" width="21" height="63">
            <runs>0 18 9 15 2 4 4</runs>
            <runs>0 18 9 13 12</runs>
            <runs>0 17 10 13 12</runs>
            <runs>0 17 10 12 13</runs>
            <runs>0 6 3 1 1 5 11 12 14</runs>
            <runs>0 5 22 2 27</runs>
            <runs>0 6 3 1 1 5 10 3 34</runs>
            <runs>0 16 9 13 10 3 2 1 8</runs>
            <runs>0 16 9 13 10</runs>
            <runs>0 15 10 12 10</runs>
            <runs>0 15 9 13 10</runs>
            <runs>0 15 9 13 10</runs>
            <runs>0 14 10 12 10</runs>
            <runs>0 8 3 3 9 13 10</runs>
            <runs>34 1 11</runs>
            <runs>0 8 49</runs>
            <runs>0 13 10 12 10 3 9</runs>
            <runs>0 13 9 13 10</runs>
            <runs>0 12 10 12 10</runs>
            <runs>0 12 9 13 10</runs>
            <runs>0 34 9</runs>
        </run-table>
    </sample>
    <sample shape="SHARP" interline="22" left="1931" top="1284" id="422">
        <run-table orientation="VERTICAL" width="21" height="63">
            <runs>0 18 10 12 10</runs>
            <runs>0 18 10 12 10</runs>
            <runs>0 18 9 13 10</runs>
            <runs>0 17 10 13 9</runs>
            <runs>0 6 30 2 11</runs>
            <runs>0 6 57</runs>
            <runs>0 6 57</runs>
            <runs>0 16 10 3 4 5 11 1 12</runs>
            <runs>0 16 10 12 10</runs>
            <runs>0 15 10 13 9</runs>
            <runs>0 15 10 12 10</runs>
            <runs>0 15 10 12 10</runs>
            <runs>0 14 10 6 2 5 9</runs>
            <runs>0 8 1 1 15 2 5 1 1 2 10</runs>
            <runs>32 1 24</runs>
            <runs>32 1 24</runs>
            <runs>0 8 1 1 13 6 1 3 24</runs>
            <runs>0 10 13 10 1 1 10</runs>
            <runs>0 10 12 13 9</runs>
            <runs>0 10 12 13 9</runs>
            <runs>0 10 11 14 9</runs>
        </run-table>
    </sample>
    <sample shape="SHARP" interline="22" left="2177" top="995" id="436">
        <run-table orientation="VERTICAL" width="21" height="63">
            <runs>0 18 9 13 12</runs>
            <runs>0 7 3 8 9 13 12</runs>
            <runs>0 7 3 7 10 12 10</runs>
            <runs>0 7 3 7 10 12 10</runs>
            <runs>0 5 5 1 2 2 12 1 3 1 1 6 10</runs>
            <runs>0 5 58</runs>
            <runs>0 7 3 6 10 6 1 5 25</runs>
            <runs>0 16 9 13 10</runs>
            <runs>0 15 10 13 9</runs>
            <runs>0 15 10 13 9</runs>
            <runs>0 15 9 13 10</runs>
            <runs>0 14 10 13 9</runs>
            <runs>0 14 10 12 10</runs>
            <runs>0 9 3 1 11 12 10</runs>
            <runs>56</runs>
            <runs>0 9 3 1 10 3 31</runs>
            <runs>0 13 9 7 3 3 10</runs>
            <runs>0 12 10 9 1 3 10</runs>
            <runs>0 12 9 13 10</runs>
            <runs>0 12 9 13 10</runs>
            <runs>0 36 6</runs>
        </run-table>
    </sample>
    <sample shape="SHARP" interline="22" left="2230" top="1285" id="439">
        <run-table orientation="VERTICAL" width="22" height="62">
            <runs>0 20 2</runs>
            <runs>0 18 9 13 12</runs>
            <runs>0 18 9 13 12</runs>
            <runs>0 18 9 13 9</runs>
            <runs>0 17 10 4 2 6 10</runs>
            <runs>0 5 24 2 5 2 11</runs>
            <runs>0 5 24 2 31</runs>
            <runs>0 5 24 2 31</runs>
            <runs>0 16 10 12 10 1 13</runs>
            <runs>0 16 9 13 9</runs>
            <runs>0 15 10 12 10</runs>
            <runs>0 15 9 13 10</runs>
            <runs>0 14 10 13 9</runs>
            <runs>0 14 10 12 10</runs>
            <runs>0 1 9 3 21 1 11</runs>
            <runs>57</runs>
            <runs>57</runs>
            <runs>0 13 10 12 22</runs>
            <runs>0 9 13 13 9</runs>
            <runs>0 9 13 12 10</runs>
            <runs>0 9 13 12 10</runs>
            <runs>0 9 12 13 9</runs>
        </run-table>
    </sample>
    <sample shape="SHARP" interline="22" left="284" top="1806" id="466">
        <run-table orientation="VERTICAL" width="22" height="63">
            <runs>0 19 8 14 9</runs>
            <runs>0 19 9 13 9</runs>
            <runs>0 18 10 12 10</runs>
            <runs>0 18 10 12 10</runs>
            <runs>0 17 10 12 11 4 3</runs>
            <runs>0 6 55</runs>
            <runs>0 6 57</runs>
            <runs>0 7 56</runs>
            <runs>0 16 10 6 4 1 26</runs>
            <runs>0 16 9 13 10</runs>
            <runs>0 16 9 13 10</runs>
            <runs>0 15 10 13 9</runs>
            <runs>0 15 9 13 10</runs>
            <runs>0 14 10 6 1 6 10</runs>
            <runs>50 1 1 2 3</runs>
            <runs>53 1 4</runs>
            <runs>0 1 57</runs>
            <runs>0 13 10 1 34</runs>
            <runs>0 13 10 7 1 1 13 9 3</runs>
            <runs>0 13 9 10 13</runs>
            <runs>0 13 9 10 12</runs>
            <runs>0 14 7 11 12</runs>
        </run-table>
    </sample>
    <sample shape="SHARP" interline="22" left="306" top="1590" id="467">
        <run-table orientation="VERTICAL" width="24" height="64">
            <runs>0 22 2</runs>
            <runs>0 22 2</runs>
            <runs>0 22 3 16 9</runs>
            <runs>0 18 8 14 11</runs>
            <runs>0 17 9 14 11</runs>
            <runs>0 17 9 13 11</runs>
            <runs>0 16 10 13 11</runs>
            <runs>0 6 21 7 29</runs>
            <runs>0 15 8 1 40</runs>
            <runs>0 16 7 1 1 13 11 7 8</runs>
            <runs>0 16 7 15 11</runs>
            <runs>0 15 8 15 10</runs>
            <runs>0 15 8 14 11</runs>
            <runs>0 15 8 14 11</runs>
            <runs>0 14 9 14 8</runs>
            <runs>0 14 10 12 9</runs>
            <runs>0 3 1 7 17 6 23</runs>
            <runs>58</runs>
            <runs>0 13 10 1 1 9 24</runs>
            <runs>0 13 10 12 10</runs>
            <runs>0 12 11 11 11</runs>
            <runs>0 12 11 11 11</runs>
            <runs>0 14 9 11 11</runs>
            <runs>0 41 4</runs>
        </run-table>
    </sample>
    <sample shape="SHARP" interline="22" left="309" top="1838" id="468">
        <run-table orientation="VERTICAL" width="23" height="65">
            <runs>0 22 6</runs>
            <runs>0 19 9 15 8</runs>
            <runs>0 19 9 15 8</runs>
            <runs>0 18 10 15 8</runs>
            <runs>0 18 10 12 11</runs>
            <runs>0 6 46 3 2 5 1</runs>
            <runs>0 6 59</runs>
            <runs>0 7 58</runs>
            <runs>0 17 10 4 34</runs>
            <runs>0 16 10 13 10 13 1</runs>
            <runs>0 16 10 13 10</runs>
            <runs>0 16 10 12 10</runs>
            <runs>0 15 8 15 10</runs>
            <runs>0 15 8 15 10</runs>
            <runs>48</runs>
            <runs>58</runs>
            <runs>58</runs>
            <runs>5 9 44</runs>
            <runs>2 12 9 13 8</runs>
            <runs>0 13 10 12 9</runs>
            <runs>0 13 10 12 9</runs>
            <runs>0 13 10 12 9</runs>
            <runs>0 36 8</runs>
        </run-table>
    </sample>
    <sample shape="SHARP" interline="22" left="403" top="385" id="586">
        <run-table orientation="VERTICAL" width="21" height="63">
            <runs>0 18 10 13 9</runs>
            <runs>0 18 10 13 9</runs>
            <runs>0 17 11 12 10</runs>
            <runs>0 17 10 3 4 6 10 1 1</runs>
            <runs>0 5 47</runs>
            <runs>0 6 46 1 10</runs>
            <runs>0 7 45 1 10</runs>
            <runs>0 16 10 13 13 1 10</runs>
            <runs>0 16 10 12 11</runs>
            <runs>0 15 10 13 10</runs>
            <runs>0 15 10 13 10</runs>
            <runs>0 15 10 12 10</runs>
            <runs>0 14 10 13 10</runs>
            <runs>0 1 2 2 2 1 26 2 11 4 1</runs>
            <runs>58</runs>
            <runs>0 1 57</runs>
            <runs>0 13 10 10 25</runs>
            <runs>0 13 9 11 12</runs>
            <runs>0 12 10 11 12</runs>
            <runs>0 13 9 11 12</runs>
            <runs>0 14 7 12 11</runs>
        </run-table>
    </sample>
    <sample shape="SHARP" interline="22" left="284" top="1559" id="588">
        <run-table orientation="VERTICAL" width="20" height="63">
            <runs>0 18 9 14 9</runs>
            <runs>0 18 9 14 9</runs>
            <runs>0 18 9 13 9</runs>
            <runs>0 17 10 13 9</runs>
            <runs>0 5 7 2 14 1 1 1 5 2 11 6 1</runs>
            <runs>0 5 25 1 32</runs>
            <runs>0 16 10 8 1 4 9 1 14</runs>
            <runs>0 16 9 13 10</runs>
            <runs>0 16 9 13 10</runs>
            <runs>0 15 9 14 9</runs>
            <runs>0 15 9 13 10</runs>
            <runs>0 14 10 13 10</runs>
            <runs>0 14 10 13 9</runs>
            <runs>0 13 13 10 10</runs>
            <runs>30 5 22</runs>
            <runs>0 13 10 6 1 4 23</runs>
            <runs>0 13 9 13 10</runs>
            <runs>0 13 9 13 10</runs>
            <runs>0 12 10 12 10</runs>
            <runs>0 13 8 13 10</runs>
        </run-table>
    </sample>
    <sample shape="SHARP" interline="22" left="1997" top="696" id="1312">
        <run-table orientation="VERTICAL" width="22" height="63">
            <runs>0 20 7 15 8</runs>
            <runs>0 19 9 13 9</runs>
            <runs>0 18 10 13 9</runs>
            <runs>0 18 9 13 10</runs>
            <runs>0 11 1 6 9 13 10</runs>
            <runs>0 6 45 1 10</runs>
            <runs>0 6 45 1 11</runs>
            <runs>0 16 10 4 20 2 11</runs>
            <runs>0 16 10 13 10</runs>
            <runs>0 16 9 13 10</runs>
            <runs>0 15 10 13 10</runs>
            <runs>0 15 10 13 9</runs>
            <runs>0 15 9 13 10</runs>
            <runs>0 14 10 13 9</runs>
            <runs>31 2 14</runs>
            <runs>31 2 18 1 6</runs>
            <runs>0 13 18 2 25</runs>
            <runs>0 13 10 12 11</runs>
            <runs>0 9 3 1 9 13 10</runs>
            <runs>0 9 13 13 9</runs>
            <runs>0 13 9 13 9</runs>
            <runs>0 36 7</runs>
        </run-table>
    </sample>
    <sample shape="TIME_TWO" interline="22" left="454" top="418" id="587">
        <run-table orientation="VERTICAL" width="30" height="43">
            <runs>0 35 4</runs>
            <runs>0 32 11</runs>
            <runs>0 7 4 19 13</runs>
            <runs>0 5 7 16 11</runs>
            <runs>0 3 9 15 12</runs>
            <runs>12 14 12</runs>
            <runs>12 13 13</runs>
            <runs>0 2 2 2 6 11 8 1 6</runs>
            <runs>0 2 1 4 5 11 7 1 7</runs>
            <runs>0 2 1 5 2 12 7 2 7</runs>
            <runs>0 2 1 18 7 3 6</runs>
            <runs>0 21 7 3 7</runs>
            <runs>0 20 7 3 8</runs>
            <runs>0 20 7 4 7</runs>
            <runs>0 19 7 5 7</runs>
            <runs>1 17 8 6 6</runs>
            <runs>3 14 8 7 6</runs>
            <runs>3 14 8 7 6</runs>
            <runs>4 12 8 8 7</runs>
            <runs>5 11 8 8 7</runs>
            <runs>6 8 9 10 6</runs>
            <runs>8 5 10 10 7</runs>
            <runs>22 11 7</runs>
            <runs>21 12 7</runs>
            <runs>21 12 7</runs>
            <runs>0 1 19 13 6</runs>
            <runs>0 2 17 14 6</runs>
            <runs>0 4 14 15 5</runs>
            <runs>0 6 9 18 4</runs>
            <runs>0 10 3 20 2</runs>
        </run-table>
    </sample>
    <sample shape="TIME_TWO" interline="22" left="455" top="662" id="591">
        <run-table orientation="VERTICAL" width="30" height="40">
            <runs>0 34 6</runs>
            <runs>0 32 8</runs>
            <runs>0 6 6 18 10</runs>
            <runs>0 5 7 16 12</runs>
            <runs>0 3 10 14 12</runs>
            <runs>0 2 11 12 14</runs>
            <runs>13 11 15</runs>
            <runs>4 3 6 10 8 1 6</runs>
            <runs>4 4 4 10 9 1 6</runs>
            <runs>3 19 8 2 6</runs>
            <runs>0 2 1 18 8 2 7</runs>
            <runs>0 2 1 18 7 4 6</runs>
            <runs>0 2 1 17 8 4 6</runs>
            <runs>0 20 7 5 6</runs>
            <runs>1 18 8 6 6</runs>
            <runs>3 16 7 7 6</runs>
            <runs>3 15 7 8 6</runs>
            <runs>4 13 8 8 6</runs>
            <runs>5 12 8 8 6</runs>
            <runs>6 9 9 10 6</runs>
            <runs>7 7 9 11 6</runs>
            <runs>9 3 11 11 6</runs>
            <runs>23 11 6</runs>
            <runs>22 12 6</runs>
            <runs>0 1 20 13 6</runs>
            <runs>0 2 19 13 6</runs>
            <runs>0 4 15 15 5</runs>
            <runs>0 6 12 15 5</runs>
            <runs>0 7 9 17 4</runs>
            <runs>0 33 2</runs>
        </run-table>
    </sample>
    <sample shape="TIME_FOUR" interline="22" left="455" top="460" id="234">
        <run-table orientation="VERTICAL" width="28" height="44">
            <runs>0 30 4</runs>
            <runs>0 29 5</runs>
            <runs>0 28 6</runs>
            <runs>0 26 8</runs>
            <runs>0 25 5 2 2</runs>
            <runs>0 23 5 4 2</runs>
            <runs>0 22 5 5 2</runs>
            <runs>0 21 5 6 2</runs>
            <runs>0 20 4 8 2</runs>
            <runs>0 18 6 8 2</runs>
            <runs>0 16 7 9 2</runs>
            <runs>0 14 6 13 1</runs>
            <runs>0 12 8 13 1</runs>
            <runs>0 9 8 16 1</runs>
            <runs>0 6 10 17 1 8 2</runs>
            <runs>0 2 13 18 1 6 4</runs>
            <runs>13 7 3 9 2 5 5</runs>
            <runs>12 5 27</runs>
            <runs>11 5 28</runs>
            <runs>10 5 29</runs>
            <runs>8 5 31</runs>
            <runs>7 5 32</runs>
            <runs>6 5 33</runs>
            <runs>5 4 35</runs>
            <runs>3 6 26 1 8</runs>
            <runs>2 18 1 11 2 5 5</runs>
            <runs>0 33 1 7 1</runs>
            <runs>0 33 1</runs>
        </run-table>
    </sample>
    <sample shape="TIME_FOUR" interline="22" left="455" top="705" id="236">
        <run-table orientation="VERTICAL" width="30" height="44">
            <runs>0 33 2</runs>
            <runs>0 32 3</runs>
            <runs>0 31 5</runs>
            <runs>0 30 6</runs>
            <runs>0 29 7</runs>
            <runs>0 27 9</runs>
            <runs>0 24 1 1 5 2 3</runs>
            <runs>0 24 5 4 3</runs>
            <runs>0 23 5 5 3</runs>
            <runs>0 22 5 6 3</runs>
            <runs>0 19 7 7 3</runs>
            <runs>0 17 7 10 2</runs>
            <runs>0 15 9 10 2</runs>
            <runs>0 13 10 11 2</runs>
            <runs>0 10 10 1 1 12 2</runs>
            <runs>0 2 1 4 12 15 2</runs>
            <runs>17 17 2 5 1</runs>
            <runs>16 4 3 10 5 2 4</runs>
            <runs>15 4 25</runs>
            <runs>14 3 27</runs>
            <runs>12 4 28</runs>
            <runs>11 4 29</runs>
            <runs>10 4 30</runs>
            <runs>8 4 32</runs>
            <runs>7 4 33</runs>
            <runs>6 5 33</runs>
            <runs>4 14 5 1 1 9 2 5 1</runs>
            <runs>3 31 2</runs>
            <runs>2 32 2</runs>
            <runs>0 34 2</runs>
        </run-table>
    </sample>
    <sample shape="QUARTER_REST" interline="22" left="2318" top="1602" id="570">
        <run-table orientation="VERTICAL" width="21" height="58">
            <runs>0 43 12</runs>
            <runs>0 42 13</runs>
            <runs>0 40 15</runs>
            <runs>0 38 17</runs>
            <runs>0 37 20</runs>
            <runs>0 36 21</runs>
            <runs>0 23 3 4 1 5 11 7 4</runs>
            <runs>0 19 9 2 1 4 10 9 4</runs>
            <runs>0 17 12 1 1 4 9 10 4</runs>
            <runs>2 14 15 2 10 11 3</runs>
            <runs>0 1 3 11 17 1 10</runs>
            <runs>0 2 3 9 28</runs>
            <runs>0 4 3 6 14 2 13</runs>
            <runs>0 5 4 3 12 6 1 1 10</runs>
            <runs>0 6 4 1 12 9 9</runs>
            <runs>0 7 15 10 10</runs>
            <runs>0 8 12 12 10</runs>
            <runs>0 9 10 16 7</runs>
            <runs>0 10 5 22 5</runs>
            <runs>0 10 2 27 4</runs>
            <runs>0 40 2</runs>
        </run-table>
    </sample>
    <sample shape="QUARTER_REST" interline="22" left="2318" top="1847" id="571">
        <run-table orientation="VERTICAL" width="22" height="58">
            <runs>0 43 6</runs>
            <runs>0 40 12</runs>
            <runs>0 39 16</runs>
            <runs>0 35 22</runs>
            <runs>0 35 23</runs>
            <runs>0 35 23</runs>
            <runs>0 20 7 8 23</runs>
            <runs>0 17 11 7 13 4 6</runs>
            <runs>2 12 1 1 13 6 11 7 5</runs>
            <runs>3 10 18 4 9 10 4</runs>
            <runs>5 8 19 3 9 10 1 1 2</runs>
            <runs>0 1 5 7 21 1 8 11 1 2 1</runs>
            <runs>0 2 10 1 29 12 1</runs>
            <runs>0 4 38</runs>
            <runs>0 5 21 5 11</runs>
            <runs>0 6 18 8 1 1 8</runs>
            <runs>0 7 15 13 6</runs>
            <runs>0 8 13 14 7</runs>
            <runs>0 10 10 15 7</runs>
            <runs>0 12 6 17 7</runs>
            <runs>0 13 2 23 4</runs>
            <runs>0 39 3</runs>
        </run-table>
    </sample>
    <sample shape="QUARTER_REST" interline="22" left="1434" top="1016" id="592">
        <run-table orientation="VERTICAL" width="21" height="58">
            <runs>0 42 8 1 2</runs>
            <runs>0 40 13</runs>
            <runs>0 38 15</runs>
            <runs>0 37 16</runs>
            <runs>0 36 20</runs>
            <runs>0 36 10 6 4</runs>
            <runs>0 20 7 8 9 8 5</runs>
            <runs>0 18 10 1 1 4 9 9 6</runs>
            <runs>0 17 15 2 9 9 5</runs>
            <runs>3 12 17 2 8</runs>
            <runs>0 2 2 10 18 2 7</runs>
            <runs>0 3 3 7 16 4 8</runs>
            <runs>0 5 3 3 14 8 8</runs>
            <runs>0 6 3 1 14 8 9</runs>
            <runs>0 7 16 9 9</runs>
            <runs>0 9 12 12 8</runs>
            <runs>0 10 10 14 7</runs>
            <runs>0 10 7 19 5</runs>
            <runs>0 37 4</runs>
            <runs>0 38 3</runs>
            <runs>0 39 2</runs>
        </run-table>
    </sample>
    <sample shape="EIGHTH_REST" interline="22" left="992" top="684" id="266">
        <run-table orientation="VERTICAL" width="24" height="45">
            <runs>0 8 4</runs>
            <runs>0 7 7</runs>
            <runs>0 5 10</runs>
            <runs>0 5 10</runs>
            <runs>0 4 12</runs>
            <runs>0 4 12</runs>
            <runs>0 4 13</runs>
            <runs>0 4 13</runs>
            <runs>0 4 13</runs>
            <runs>0 5 12</runs>
            <runs>0 5 12 26 2</runs>
            <runs>0 6 11 23 5</runs>
            <runs>0 8 5 1 3 19 9</runs>
            <runs>0 9 2 3 2 16 13</runs>
            <runs>0 13 3 12 17</runs>
            <runs>0 12 4 6 1 1 21</runs>
            <runs>0 11 4 4 17</runs>
            <runs>0 10 22</runs>
            <runs>0 8 18</runs>
            <runs>0 2 1 1 19</runs>
            <runs>0 1 15</runs>
            <runs>11</runs>
            <runs>6</runs>
            <runs>3</runs>
        </run-table>
    </sample>
    <sample shape="EIGHTH_REST" interline="22" left="2346" top="438" id="330">
        <run-table orientation="VERTICAL" width="23" height="43">
            <runs>0 9 5</runs>
            <runs>0 7 9</runs>
            <runs>0 6 11</runs>
            <runs>0 5 12</runs>
            <runs>0 5 13</runs>
            <runs>0 5 13</runs>
            <runs>0 5 13</runs>
            <runs>0 5 13</runs>
            <runs>0 6 13</runs>
            <runs>0 7 16</runs>
            <runs>0 8 15 18 2</runs>
            <runs>0 9 5 2 2 1 5 14 5</runs>
            <runs>0 15 3 5 1 11 8</runs>
            <runs>0 14 3 6 1 6 11</runs>
            <runs>0 13 4 6 1 1 12</runs>
            <runs>0 12 4 3 12</runs>
            <runs>0 11 19</runs>
            <runs>0 8 17</runs>
            <runs>0 4 18</runs>
            <runs>0 1 13 5 3</runs>
            <runs>9 10 3</runs>
            <runs>4</runs>
            <runs>1</runs>
        </run-table>
    </sample>
    <sample shape="EIGHTH_REST" interline="22" left="1334" top="1026" id="386">
        <run-table orientation="VERTICAL" width="23" height="43">
            <runs>0 8 6</runs>
            <runs>0 7 8</runs>
            <runs>0 6 10</runs>
            <runs>0 5 12</runs>
            <runs>0 5 12</runs>
            <runs>0 5 12</runs>
            <runs>0 5 13</runs>
            <runs>0 5 13</runs>
            <runs>0 5 13</runs>
            <runs>0 6 12</runs>
            <runs>0 7 11</runs>
            <runs>0 8 5 2 3 22 1</runs>
            <runs>0 15 3 17 8</runs>
            <runs>0 14 3 15 10</runs>
            <runs>0 13 3 12 11</runs>
            <runs>0 13 3 3 1 1 13</runs>
            <runs>0 11 4 3 11</runs>
            <runs>0 9 16</runs>
            <runs>0 7 16</runs>
            <runs>0 5 9 5 1</runs>
            <runs>0 2 7</runs>
            <runs>6</runs>
            <runs>2</runs>
        </run-table>
    </sample>
    <sample shape="EIGHTH_REST" interline="22" left="972" top="1613" id="494">
        <run-table orientation="VERTICAL" width="24" height="44">
            <runs>0 12 1</runs>
            <runs>0 10 5</runs>
            <runs>0 7 9</runs>
            <runs>0 6 10</runs>
            <runs>0 6 11</runs>
            <runs>0 5 13</runs>
            <runs>0 5 13</runs>
            <runs>0 5 13</runs>
            <runs>0 5 14</runs>
            <runs>0 6 13</runs>
            <runs>0 7 12</runs>
            <runs>0 8 14 20 2</runs>
            <runs>0 9 6 1 2 21 5</runs>
            <runs>0 15 3 17 9</runs>
            <runs>0 15 3 13 13</runs>
            <runs>0 14 3 6 1 3 15</runs>
            <runs>0 13 3 4 2 1 15</runs>
            <runs>0 12 4 2 14</runs>
            <runs>0 11 17</runs>
            <runs>0 9 13</runs>
            <runs>0 6 10</runs>
            <runs>0 2 10</runs>
            <runs>6</runs>
            <runs>2</runs>
        </run-table>
    </sample>
    <sample shape="FLAG_1" interline="22" left="960" top="659" id="772">
        <run-table orientation="VERTICAL" width="20" height="48">
            <runs>16</runs>
            <runs>0 3 13</runs>
            <runs>0 5 11</runs>
            <runs>0 6 11</runs>
            <runs>0 6 11</runs>
            <runs>0 8 10</runs>
            <runs>0 9 10</runs>
            <runs>0 10 10</runs>
            <runs>0 11 10</runs>
            <runs>0 12 10</runs>
            <runs>0 13 10</runs>
            <runs>0 14 10</runs>
            <runs>0 16 9</runs>
            <runs>0 17 11</runs>
            <runs>0 18 12</runs>
            <runs>0 20 15</runs>
            <runs>0 22 26</runs>
            <runs>0 25 23</runs>
            <runs>0 27 21</runs>
            <runs>0 27 1 3 17</runs>
        </run-table>
    </sample>
    <sample shape="FLAG_1" interline="22" left="1281" top="1004" id="1006">
        <run-table orientation="VERTICAL" width="21" height="45">
            <runs>11</runs>
            <runs>0 1 11</runs>
            <runs>0 2 10</runs>
            <runs>0 2 11</runs>
            <runs>0 3 10</runs>
            <runs>0 4 10</runs>
            <runs>0 5 10</runs>
            <runs>0 5 10</runs>
            <runs>0 6 10</runs>
            <runs>0 7 10</runs>
            <runs>0 8 10 2 1</runs>
            <runs>0 9 10 1 1</runs>
            <runs>0 11 10</runs>
            <runs>0 12 9</runs>
            <runs>0 13 11</runs>
            <runs>0 15 11</runs>
            <runs>0 16 12</runs>
            <runs>0 18 15 1 11</runs>
            <runs>0 20 25</runs>
            <runs>0 24 21</runs>
            <runs>0 32 5</runs>
        </run-table>
    </sample>
    <sample shape="FLAG_1_UP" interline="22" left="2266" top="480" id="879">
        <run-table orientation="VERTICAL" width="20" height="56">
            <runs>0 36 20</runs>
            <runs>0 36 20</runs>
            <runs>0 36 16</runs>
            <runs>0 36 13</runs>
            <runs>0 35 13</runs>
            <runs>0 35 12</runs>
            <runs>0 34 11</runs>
            <runs>0 33 11</runs>
            <runs>0 31 12</runs>
            <runs>0 30 12</runs>
            <runs>0 29 12</runs>
            <runs>0 24 1 3 12</runs>
            <runs>0 24 1 2 12</runs>
            <runs>0 24 1 1 11</runs>
            <runs>0 24 12</runs>
            <runs>0 24 10</runs>
            <runs>0 3 1 16 1 2 9</runs>
            <runs>9 7 14</runs>
            <runs>0 3 24</runs>
            <runs>0 7 18</runs>
        </run-table>
    </sample>
    <sample shape="FLAG_1_UP" interline="22" left="907" top="1623" id="1179">
        <run-table orientation="VERTICAL" width="20" height="53">
            <runs>0 33 20</runs>
            <runs>0 33 16</runs>
            <runs>0 33 14</runs>
            <runs>0 33 13</runs>
            <runs>0 33 11</runs>
            <runs>0 33 11</runs>
            <runs>0 31 12</runs>
            <runs>0 30 12</runs>
            <runs>0 29 12</runs>
            <runs>0 27 13</runs>
            <runs>0 26 13</runs>
            <runs>0 25 12</runs>
            <runs>0 23 11</runs>
            <runs>0 21 13</runs>
            <runs>0 19 15</runs>
            <runs>0 2 3 6 20</runs>
            <runs>28</runs>
            <runs>25</runs>
            <runs>0 3 18</runs>
            <runs>0 9 1 3 1</runs>
        </run-table>
    </sample>
    <sample shape="DYNAMICS_P" interline="22" left="1095" top="793" id="274">
        <run-table orientation="VERTICAL" width="32" height="35">
            <runs>0 31 3</runs>
            <runs>0 30 4</runs>
            <runs>0 27 7</runs>
            <runs>0 24 11</runs>
            <runs>0 22 13</runs>
            <runs>0 4 2 14 15</runs>
            <runs>0 3 4 10 18</runs>
            <runs>0 2 4 9 20</runs>
            <runs>0 1 4 7 19 2 1</runs>
            <runs>0 1 3 6 18</runs>
            <runs>4 3 20</runs>
            <runs>24</runs>
            <runs>22</runs>
            <runs>19</runs>
            <runs>19</runs>
            <runs>20</runs>
            <runs>0 1 11 4 5</runs>
            <runs>0 2 7 9 4</runs>
            <runs>0 2 5 12 3</runs>
            <runs>0 1 4 14 4</runs>
            <runs>0 1 3 15 4</runs>
            <runs>3 16 4</runs>
            <runs>3 15 5</runs>
            <runs>3 14 6</runs>
            <runs>3 13 6</runs>
            <runs>3 10 8</runs>
            <runs>0 1 4 6 10</runs>
            <runs>0 1 19</runs>
            <runs>0 1 18</runs>
            <runs>0 2 15</runs>
            <runs>0 3 13</runs>
            <runs>0 4 8</runs>
        </run-table>
    </sample>
    <sample shape="DYNAMICS_P" interline="22" left="367" top="1150" id="353">
        <run-table orientation="VERTICAL" width="32" height="36">
            <runs>0 34 1</runs>
            <runs>0 32 3</runs>
            <runs>0 30 5</runs>
            <runs>0 28 7</runs>
            <runs>0 25 11</runs>
            <runs>0 23 13</runs>
            <runs>0 5 2 13 16</runs>
            <runs>0 4 3 11 18</runs>
            <runs>0 3 3 10 20</runs>
            <runs>0 2 2 10 17 2 2</runs>
            <runs>0 1 3 7 18</runs>
            <runs>0 1 4 3 18</runs>
            <runs>23</runs>
            <runs>21</runs>
            <runs>19</runs>
            <runs>21</runs>
            <runs>0 1 21</runs>
            <runs>0 1 10 6 5</runs>
            <runs>0 2 7 10 4</runs>
            <runs>0 3 3 13 4</runs>
            <runs>0 2 3 15 3</runs>
            <runs>0 1 2 17 3</runs>
            <runs>0 19 4</runs>
            <runs>0 1 1 17 4</runs>
            <runs>2 16 5</runs>
            <runs>3 13 6</runs>
            <runs>4 10 8</runs>
            <runs>0 1 4 6 10</runs>
            <runs>0 1 19</runs>
            <runs>0 1 18</runs>
            <runs>0 2 15</runs>
            <runs>0 5 9</runs>
        </run-table>
    </sample>
    <sample shape="DYNAMICS_P" interline="22" left="368" top="1400" id="355">
        <run-table orientation="VERTICAL" width="32" height="35">
            <runs>0 32 2</runs>
            <runs>0 31 4</runs>
            <runs>0 28 7</runs>
            <runs>0 26 9</runs>
            <runs>0 24 11</runs>
            <runs>0 22 13</runs>
            <runs>0 4 3 12 16</runs>
            <runs>0 3 4 10 18</runs>
            <runs>0 2 3 10 20</runs>
            <runs>0 1 3 8 18</runs>
            <runs>4 6 18</runs>
            <runs>4 3 18</runs>
            <runs>22</runs>
            <runs>20</runs>
            <runs>18</runs>
            <runs>0 1 19</runs>
            <runs>0 1 11 4 5</runs>
            <runs>0 2 8 9 3</runs>
            <runs>0 3 5 11 3</runs>
            <runs>0 2 4 13 4</runs>
            <runs>0 1 3 15 4</runs>
            <runs>0 1 2 16 4</runs>
            <runs>0 2 1 15 5</runs>
            <runs>2 15 5</runs>
            <runs>3 13 6</runs>
            <runs>3 12 7</runs>
            <runs>0 1 3 9 8</runs>
            <runs>0 1 5 4 10</runs>
            <runs>0 2 17</runs>
            <runs>0 3 15</runs>
            <runs>0 4 12</runs>
            <runs>0 7 6</runs>
        </run-table>
    </sample>
    <sample shape="DYNAMICS_P" interline="22" left="1078" top="1752" id="501">
        <run-table orientation="VERTICAL" width="32" height="34">
            <runs>0 32 1</runs>
            <runs>0 30 3</runs>
            <runs>0 28 6</runs>
            <runs>0 26 8</runs>
            <runs>0 23 11</runs>
            <runs>0 22 12</runs>
            <runs>0 4 1 14 15</runs>
            <runs>0 2 3 11 18</runs>
            <runs>0 1 3 10 20</runs>
            <runs>3 9 17</runs>
            <runs>3 6 17</runs>
            <runs>3 4 17</runs>
            <runs>21</runs>
            <runs>19</runs>
            <runs>17</runs>
            <runs>18</runs>
            <runs>0 1 11 2 6</runs>
            <runs>0 1 8 8 3</runs>
            <runs>0 2 5 11 3</runs>
            <runs>0 2 2 15 2</runs>
            <runs>0 1 2 16 2</runs>
            <runs>0 1 1 17 3</runs>
            <runs>1 17 4</runs>
            <runs>2 15 5</runs>
            <runs>2 14 6</runs>
            <runs>2 13 6</runs>
            <runs>2 11 7</runs>
            <runs>3 8 8</runs>
            <runs>0 1 4 2 11</runs>
            <runs>0 2 15</runs>
            <runs>0 3 12</runs>
            <runs>0 5 8</runs>
        </run-table>
    </sample>
    <sample shape="DYNAMICS_F" interline="22" left="508" top="809" id="242">
        <run-table orientation="VERTICAL" width="39" height="44">
            <runs>0 37 3</runs>
            <runs>0 35 7</runs>
            <runs>0 35 8</runs>
            <runs>0 34 10</runs>
            <runs>0 34 10</runs>
            <runs>0 35 9</runs>
            <runs>0 35 9</runs>
            <runs>0 36 4 1 3</runs>
            <runs>0 40 4</runs>
            <runs>0 40 4</runs>
            <runs>0 37 7</runs>
            <runs>0 14 1 20 9</runs>
            <runs>0 14 1 17 11</runs>
            <runs>0 14 1 13 14</runs>
            <runs>0 14 1 10 16</runs>
            <runs>0 14 1 7 18</runs>
            <runs>0 14 1 4 20</runs>
            <runs>0 14 1 1 21</runs>
            <runs>0 13 22</runs>
            <runs>0 12 22</runs>
            <runs>0 10 22</runs>
            <runs>0 9 21</runs>
            <runs>0 7 21</runs>
            <runs>0 6 19</runs>
            <runs>0 4 18</runs>
            <runs>0 3 14</runs>
            <runs>0 2 13</runs>
            <runs>0 1 10 2 2</runs>
            <runs>0 1 7 5 2</runs>
            <runs>0 1 4 8 2</runs>
            <runs>4 9 2</runs>
            <runs>3 10 2</runs>
            <runs>2 1 4 7 1</runs>
            <runs>8 6 1</runs>
            <runs>8</runs>
            <runs>0 1 7</runs>
            <runs>0 1 7</runs>
            <runs>0 2 5</runs>
            <runs>0 3 3</runs>
        </run-table>
    </sample>
    <sample shape="DYNAMICS_F" interline="22" left="1710" top="568" id="302">
        <run-table orientation="VERTICAL" width="39" height="45">
            <runs>0 38 2</runs>
            <runs>0 36 6</runs>
            <runs>0 36 7</runs>
            <runs>0 35 9</runs>
            <runs>0 35 10</runs>
            <runs>0 35 10</runs>
            <runs>0 36 5 1 3</runs>
            <runs>0 37 3 1 4</runs>
            <runs>0 41 4</runs>
            <runs>0 40 5</runs>
            <runs>0 38 7</runs>
            <runs>0 37 7</runs>
            <runs>0 14 2 18 10</runs>
            <runs>0 14 2 15 12</runs>
            <runs>0 14 2 11 15</runs>
            <runs>0 14 2 7 17</runs>
            <runs>0 14 2 5 18</runs>
            <runs>0 14 2 2 20</runs>
            <runs>0 14 22</runs>
            <runs>0 14 21</runs>
            <runs>0 13 20</runs>
            <runs>0 11 20</runs>
            <runs>0 9 19</runs>
            <runs>0 8 17</runs>
            <runs>0 6 16</runs>
            <runs>0 5 13</runs>
            <runs>0 4 12</runs>
            <runs>0 3 7 4 2</runs>
            <runs>0 2 6 6 2</runs>
            <runs>0 1 5 8 2</runs>
            <runs>0 1 3 10 2</runs>
            <runs>4 9 3</runs>
            <runs>3</runs>
            <runs>8</runs>
            <runs>9</runs>
            <runs>0 1 8</runs>
            <runs>0 1 8</runs>
            <runs>0 2 7</runs>
            <runs>0 4 3</runs>
        </run-table>
    </sample>
    <sample shape="DYNAMICS_F" interline="22" left="728" top="1719" id="482">
        <run-table orientation="VERTICAL" width="39" height="45">
            <runs>0 37 6</runs>
            <runs>0 35 9</runs>
            <runs>0 35 9</runs>
            <runs>0 35 10</runs>
            <runs>0 35 10</runs>
            <runs>0 35 10</runs>
            <runs>0 36 5 1 3</runs>
            <runs>0 37 2 2 4</runs>
            <runs>0 40 5</runs>
            <runs>0 39 6</runs>
            <runs>0 37 8</runs>
            <runs>0 14 2 18 10</runs>
            <runs>0 14 2 15 12</runs>
            <runs>0 14 2 12 14</runs>
            <runs>0 14 2 8 17</runs>
            <runs>0 14 2 5 19</runs>
            <runs>0 14 2 3 20</runs>
            <runs>0 14 23</runs>
            <runs>0 14 22</runs>
            <runs>0 12 22</runs>
            <runs>0 10 22</runs>
            <runs>0 8 22</runs>
            <runs>0 7 20</runs>
            <runs>0 6 17</runs>
            <runs>0 4 18</runs>
            <runs>0 3 15</runs>
            <runs>0 2 14</runs>
            <runs>0 2 8 4 2</runs>
            <runs>0 1 6 7 2</runs>
            <runs>0 1 5 8 2</runs>
            <runs>5 9 2</runs>
            <runs>4 1 2 7 2</runs>
            <runs>9 5 2</runs>
            <runs>9</runs>
            <runs>9</runs>
            <runs>9</runs>
            <runs>0 1 8</runs>
            <runs>0 2 7</runs>
            <runs>0 3 4</runs>
        </run-table>
    </sample>
    <sample shape="PLUCK_P" interline="22" left="668" top="770" id="5165">
        <run-table orientation="VERTICAL" width="19" height="23">
            <runs>0 22 1</runs>
            <runs>2 20 1</runs>
            <runs>15 5 3</runs>
            <runs>23</runs>
            <runs>23</runs>
            <runs>23</runs>
            <runs>0 1 5 6 7 2 2</runs>
            <runs>0 1 2 11 2 6 1</runs>
            <runs>0 1 2 12 2 5 1</runs>
            <runs>2 13 2</runs>
            <runs>2 13 2</runs>
            <runs>2 13 2</runs>
            <runs>3 11 3</runs>
            <runs>4 9 4</runs>
            <runs>16</runs>
            <runs>0 1 15</runs>
            <runs>0 2 13</runs>
            <runs>0 3 11</runs>
            <runs>0 5 7</runs>
        </run-table>
    </sample>
    <sample shape="PLUCK_P" interline="22" left="733" top="770" id="5182">
        <run-table orientation="VERTICAL" width="19" height="24">
            <runs>0 1 1 20 1</runs>
            <runs>3 19 2</runs>
            <runs>23</runs>
            <runs>24</runs>
            <runs>23</runs>
            <runs>24</runs>
            <runs>0 2 2 9 3 6 2</runs>
            <runs>0 1 2 12 1 6 1</runs>
            <runs>0 1 1 13 2 5 1</runs>
            <runs>2 13 2</runs>
            <runs>2 13 2</runs>
            <runs>3 12 2</runs>
            <runs>3 11 3</runs>
            <runs>6 6 5</runs>
            <runs>0 1 15</runs>
            <runs>0 1 14</runs>
            <runs>0 2 13</runs>
            <runs>0 4 9</runs>
            <runs>0 8 1</runs>
        </run-table>
    </sample>
    <sample shape="PLUCK_P" interline="22" left="1166" top="775" id="5272">
        <run-table orientation="VERTICAL" width="19" height="23">
            <runs>1 21 1</runs>
            <runs>2 19 2</runs>
            <runs>23</runs>
            <runs>23</runs>
            <runs>23</runs>
            <runs>23</runs>
            <runs>0 1 3 9 2 6 2</runs>
            <runs>0 1 1 12 2 6 1</runs>
            <runs>2 13 1 6 1</runs>
            <runs>2 13 2</runs>
            <runs>2 13 2</runs>
            <runs>2 12 3</runs>
            <runs>3 10 3</runs>
            <runs>6 4 6</runs>
            <runs>0 1 15</runs>
            <runs>0 1 14</runs>
            <runs>0 2 12</runs>
            <runs>0 3 9</runs>
            <runs>0 6 3</runs>
        </run-table>
    </sample>
</samples>
