<?xml version="1.0" encoding="UTF-8" standalone="yes"?>
<samples sheet-name="IMSLP00693#7">
    <sample shape="C_CLEF" interline="14" pitch="-2.1" left="338" top="1778" id="490">
        <run-table orientation="VERTICAL" width="42" height="58">
            <runs>0 9 11 4 8</runs>
            <runs>0 1 57</runs>
            <runs>58</runs>
            <runs>58</runs>
            <runs>58</runs>
            <runs>58</runs>
            <runs>58</runs>
            <runs>58</runs>
            <runs>58</runs>
            <runs>0 10 3</runs>
            <runs>0 1 5 1 11 23 17</runs>
            <runs>58</runs>
            <runs>58</runs>
            <runs>58</runs>
            <runs>10 16 6 15 11</runs>
            <runs>0 1 2 5 1 17 6 18 1</runs>
            <runs>0 6 3 1 1 15 7 15 4</runs>
            <runs>0 3 10 8 12 1 3 9 12</runs>
            <runs>0 2 11 2 24 6 13</runs>
            <runs>0 1 12 2 28 2 13</runs>
            <runs>0 1 13 1 28 1 14</runs>
            <runs>0 1 13 1 28 1 14</runs>
            <runs>14 6 19 5 14</runs>
            <runs>13 8 4 2 10 7 14</runs>
            <runs>3 2 8 9 2 8 4 9 8</runs>
            <runs>3 2 7 11 2 7 3 11 6</runs>
            <runs>2 4 5 12 2 7 2 13 5</runs>
            <runs>3 4 2 14 3 6 2</runs>
            <runs>3 20 3 1 7</runs>
            <runs>4 18 4 1 8 17 2</runs>
            <runs>4 16 6 1 8 17 2</runs>
            <runs>6 4 15 7 8 5 13</runs>
            <runs>25 7 26</runs>
            <runs>0 1 24 7 26</runs>
            <runs>0 1 24 7 26</runs>
            <runs>0 2 22 9 25</runs>
            <runs>0 3 20 11 24</runs>
            <runs>0 3 19 13 18</runs>
            <runs>0 5 16 16 14</runs>
            <runs>0 5 15 19 10 1 1</runs>
            <runs>0 6 11 29 2</runs>
            <runs>0 9 1</runs>
        </run-table>
    </sample>
    <sample shape="C_CLEF" interline="14" pitch="-0.1" left="338" top="2618" id="535">
        <run-table orientation="VERTICAL" width="41" height="60">
            <runs>0 10 2 2 45</runs>
            <runs>60</runs>
            <runs>32 1 27</runs>
            <runs>60</runs>
            <runs>60</runs>
            <runs>60</runs>
            <runs>60</runs>
            <runs>60</runs>
            <runs>19 35 6</runs>
            <runs>0 49 11</runs>
            <runs>13 6 41</runs>
            <runs>60</runs>
            <runs>59</runs>
            <runs>19 2 14 2 1 2 1 7 11</runs>
            <runs>0 1 12 38 1</runs>
            <runs>0 1 7 19 7 14 6</runs>
            <runs>0 1 6 1 4 13 10 12 13</runs>
            <runs>0 1 12 11 13 10 12</runs>
            <runs>0 1 12 2 44</runs>
            <runs>0 1 12 2 44</runs>
            <runs>0 1 12 2 44</runs>
            <runs>0 1 12 7 19 3 17</runs>
            <runs>0 1 12 8 7 1 10 3 17</runs>
            <runs>13 9 5 7 5 4 12</runs>
            <runs>13 10 4 6 4 10 8</runs>
            <runs>0 5 8 10 4 6 4 11 6</runs>
            <runs>0 5 7 12 3 6 3 13 2</runs>
            <runs>0 23 4 6 4</runs>
            <runs>0 23 4 6 4</runs>
            <runs>0 22 5 6 5 15 1</runs>
            <runs>0 19 9 5 26</runs>
            <runs>0 1 26 6 26</runs>
            <runs>0 1 26 6 26</runs>
            <runs>0 1 26 6 26</runs>
            <runs>0 1 25 8 25</runs>
            <runs>0 1 24 10 24</runs>
            <runs>0 1 23 12 18</runs>
            <runs>0 1 21 16 14</runs>
            <runs>0 6 15 18 12</runs>
            <runs>0 7 13 20 8</runs>
            <runs>0 10 2</runs>
        </run-table>
    </sample>
    <sample shape="F_CLEF" interline="14" pitch="-1.2" left="340" top="2083" id="519">
        <run-table orientation="VERTICAL" width="43" height="51">
            <runs>0 49 1</runs>
            <runs>0 48 3</runs>
            <runs>0 9 10 29 3</runs>
            <runs>0 7 14 26 4</runs>
            <runs>0 6 16 25 3</runs>
            <runs>0 1 22 24 3</runs>
            <runs>0 1 22 20 7</runs>
            <runs>0 1 23 19 7</runs>
            <runs>0 6 1 2 15 23 2</runs>
            <runs>0 9 15 23 2</runs>
            <runs>0 9 15 23 2</runs>
            <runs>0 9 15 23 1</runs>
            <runs>0 9 15 23 1</runs>
            <runs>0 9 14</runs>
            <runs>0 10 13</runs>
            <runs>0 11 11 17 8</runs>
            <runs>0 38 8</runs>
            <runs>0 36 10</runs>
            <runs>0 36 9</runs>
            <runs>0 35 10</runs>
            <runs>8 25 12</runs>
            <runs>9 19 17</runs>
            <runs>10 18 14</runs>
            <runs>12 14 15</runs>
            <runs>41</runs>
            <runs>39</runs>
            <runs>38</runs>
            <runs>36</runs>
            <runs>0 6 30</runs>
            <runs>0 6 29</runs>
            <runs>0 6 28</runs>
            <runs>0 7 25</runs>
            <runs>0 9 23</runs>
            <runs>0 10 22</runs>
            <runs>0 15 11</runs>
            <runs>0 8 4 11 3</runs>
            <runs>0 6 7 7 7</runs>
            <runs>0 6 8 6 12</runs>
            <runs>0 6 8 6 12</runs>
            <runs>0 6 8 1 17</runs>
            <runs>0 6 8 6 12</runs>
            <runs>0 6 8 6 12</runs>
            <runs>0 8 3 10 6</runs>
        </run-table>
    </sample>
    <sample shape="F_CLEF" interline="14" pitch="-1.6" left="337" top="2783" id="554">
        <run-table orientation="VERTICAL" width="43" height="48">
            <runs>0 44 2</runs>
            <runs>0 11 7 26 4</runs>
            <runs>0 7 12 22 7</runs>
            <runs>0 6 14 21 7</runs>
            <runs>21 24 2</runs>
            <runs>22 23 2</runs>
            <runs>0 1 21 23 2</runs>
            <runs>0 1 21 23 2</runs>
            <runs>0 8 14 23 1</runs>
            <runs>0 8 15 22 1</runs>
            <runs>0 8 15</runs>
            <runs>0 8 14</runs>
            <runs>0 8 14</runs>
            <runs>0 9 13</runs>
            <runs>0 10 11</runs>
            <runs>0 10 11 17 1</runs>
            <runs>0 12 7 18 2</runs>
            <runs>0 37 2</runs>
            <runs>0 34 9</runs>
            <runs>0 32 11</runs>
            <runs>7 21 15</runs>
            <runs>0 1 7 20 12</runs>
            <runs>9 19 11</runs>
            <runs>12 11 16</runs>
            <runs>17 2 19</runs>
            <runs>37</runs>
            <runs>0 1 35</runs>
            <runs>35</runs>
            <runs>34</runs>
            <runs>0 1 31</runs>
            <runs>0 6 25</runs>
            <runs>0 7 24</runs>
            <runs>0 7 24</runs>
            <runs>0 11 15</runs>
            <runs>0 14 11</runs>
            <runs>0 8 3 9 2 1 1</runs>
            <runs>0 6 7 7 6</runs>
            <runs>0 5 13 2 6</runs>
            <runs>0 5 13 2 6</runs>
            <runs>0 5 12 3 7</runs>
            <runs>0 5 8 7 7</runs>
            <runs>0 5 8 7 6</runs>
            <runs>0 6 6 9 5</runs>
        </run-table>
    </sample>
    <sample shape="SHARP" interline="14" pitch="-4.2" left="390" top="2308" id="638">
        <run-table orientation="VERTICAL" width="16" height="43">
            <runs>0 13 11 4 6</runs>
            <runs>0 13 12 3 11</runs>
            <runs>0 3 22 2 15</runs>
            <runs>0 2 41</runs>
            <runs>0 2 41</runs>
            <runs>0 3 40</runs>
            <runs>0 7 2 2 13 2 12 4 1</runs>
            <runs>0 11 9 6 7</runs>
            <runs>0 3 1 7 8 6 8</runs>
            <runs>0 1 40</runs>
            <runs>41</runs>
            <runs>41</runs>
            <runs>18 3 17 1 1</runs>
            <runs>0 10 7 4 11</runs>
            <runs>0 10 7 4 11</runs>
            <runs>0 10 7 8 6</runs>
        </run-table>
    </sample>
    <sample shape="SHARP" interline="14" pitch="-2.1" left="390" top="2776" id="652">
        <run-table orientation="VERTICAL" width="16" height="43">
            <runs>0 14 11 4 5</runs>
            <runs>0 13 12 3 9</runs>
            <runs>0 3 40</runs>
            <runs>0 2 41</runs>
            <runs>0 3 40</runs>
            <runs>0 3 40</runs>
            <runs>0 12 8 6 7</runs>
            <runs>0 12 8 6 7</runs>
            <runs>0 1 3 2 13 7 7</runs>
            <runs>19 6 15</runs>
            <runs>40</runs>
            <runs>40</runs>
            <runs>0 7 11 3 12</runs>
            <runs>0 7 11 3 10</runs>
            <runs>0 8 9 4 10</runs>
            <runs>0 12 4 5 7 1 1</runs>
        </run-table>
    </sample>
    <sample shape="SHARP" interline="14" pitch="-2.0" left="390" top="2935" id="656">
        <run-table orientation="VERTICAL" width="16" height="44">
            <runs>0 12 11 4 6</runs>
            <runs>0 12 11 3 11</runs>
            <runs>0 2 8 2 11 3 12 1 4</runs>
            <runs>0 2 41</runs>
            <runs>0 3 41</runs>
            <runs>0 11 12 2 18</runs>
            <runs>0 11 8 6 8</runs>
            <runs>0 11 8 5 9</runs>
            <runs>0 1 1 2 1 1 12 6 8</runs>
            <runs>18 6 16</runs>
            <runs>41</runs>
            <runs>41</runs>
            <runs>0 6 12 1 12</runs>
            <runs>0 6 10 4 11</runs>
            <runs>0 6 10 4 11</runs>
            <runs>0 11 3 10 6</runs>
        </run-table>
    </sample>
</samples>
