<?xml version="1.0" encoding="UTF-8"?>
<stick id="1576" interline="15" shape="DASH">
    <is-within-system>true</is-within-system>
    <has-ledger>false</has-ledger>
    <stem-number>0</stem-number>
    <step-line>-2.8</step-line>
    <moments>
        <k>0.22666666666666666</k>
        <k>1.4</k>
        <k>0.3333333333333333</k>
        <k>0.71461202704842</k>
        <k>0.10118280299432351</k>
        <k>0.02484715531733647</k>
        <k>0.07260512843346022</k>
        <k>0.027652319338615793</k>
        <k>0.005060480496941515</k>
        <k>7.176092848279511E-4</k>
        <k>0.7394591823657565</k>
        <k>0.5167274167613504</k>
        <k>0.010060790301788055</k>
        <k>0.006836799660629389</k>
        <k>5.647501911665485E-5</k>
        <k>0.004497237507923472</k>
        <k>-5.063979374917342E-6</k>
        <k>907.4705882352941</k>
        <k>1635.7843137254902</k>
    </moments><members>
    <section id="1214" first-pos="898">
        <run start="1634" length="2" level="0"/>
        <run start="1634" length="3" level="0"/>
        <run start="1634" length="3" level="0"/>
        <run start="1634" length="3" level="0"/>
        <run start="1634" length="3" level="0"/>
        <run start="1634" length="3" level="0"/>
        <run start="1634" length="3" level="0"/>
        <run start="1635" length="2" level="0"/>
        <run start="1635" length="2" level="0"/>
        <run start="1635" length="2" level="0"/>
        <run start="1635" length="2" level="0"/>
        <run start="1635" length="2" level="0"/>
        <run start="1635" length="3" level="0"/>
        <run start="1635" length="3" level="0"/>
        <run start="1636" length="2" level="0"/>
        <run start="1636" length="2" level="0"/>
        <run start="1636" length="2" level="0"/>
        <run start="1636" length="3" level="0"/>
        <run start="1637" length="2" level="0"/>
        <run start="1637" length="2" level="0"/>
        <run start="1637" length="2" level="0"/>
    </section>
</members></stick>
