<?xml version="1.0" encoding="UTF-8"?>
<stick id="1339" interline="15" shape="EIGHTH_REST">
    <is-within-system>true</is-within-system>
    <has-ledger>false</has-ledger>
    <stem-number>0</stem-number>
    <step-line>-0.5333333333333333</step-line>
    <moments>
        <k>0.4888888888888889</k>
        <k>1.0</k>
        <k>1.8666666666666667</k>
        <k>0.14198046581517645</k>
        <k>0.0853117956423742</k>
        <k>0.47429376408715246</k>
        <k>-2.7021784914433997E-4</k>
        <k>-0.03696232108062467</k>
        <k>0.027239503384985084</k>
        <k>0.39615950541237904</k>
        <k>0.6162742299023289</k>
        <k>0.13954453811130416</k>
        <k>0.2638182728944787</k>
        <k>0.129749959594174</k>
        <k>0.02395570145688024</k>
        <k>0.04593998685111378</k>
        <k>0.0015476125879917077</k>
        <k>805.9818181818182</k>
        <k>612.1363636363636</k>
    </moments><members>
    <section id="1086" first-pos="799">
        <run start="606" length="4" level="0"/>
        <run start="605" length="6" level="0"/>
        <run start="604" length="8" level="0"/>
        <run start="604" length="8" level="0"/>
        <run start="604" length="9" level="0"/>
        <run start="604" length="9" level="0"/>
        <run start="605" length="8" level="0"/>
    </section>
    <section id="1093" first-pos="806">
        <run start="606" length="3" level="0"/>
    </section>
    <section id="1094" first-pos="806">
        <run start="611" length="2" level="0"/>
        <run start="611" length="2" level="0"/>
        <run start="611" length="1" level="0"/>
        <run start="610" length="2" level="0"/>
        <run start="609" length="2" level="0"/>
    </section>
    <section id="1100" first-pos="811">
        <run start="607" length="10" level="20"/>
        <run start="606" length="6" level="0"/>
        <run start="604" length="3" level="0"/>
    </section>
    <section id="1095" first-pos="806">
        <run start="630" length="2" level="100"/>
        <run start="626" length="6" level="33"/>
        <run start="622" length="7" level="0"/>
        <run start="618" length="6" level="0"/>
        <run start="614" length="6" level="33"/>
    </section>
</members></stick>
