<?xml version="1.0" encoding="UTF-8"?>
<stick id="1451" interline="15" shape="EIGHTH_REST">
    <is-within-system>true</is-within-system>
    <has-ledger>false</has-ledger>
    <stem-number>0</stem-number>
    <step-line>-0.5333333333333333</step-line>
    <moments>
        <k>0.48444444444444446</k>
        <k>1.0</k>
        <k>1.8666666666666667</k>
        <k>0.1445095051925477</k>
        <k>0.08525291711614187</k>
        <k>0.45281148144172734</k>
        <k>1.0291813307749264E-4</k>
        <k>-0.0354255886432856</k>
        <k>0.02817944068475954</k>
        <k>0.3737165739859669</k>
        <k>0.597320986634275</k>
        <k>0.12412234806639676</k>
        <k>0.2375229437988839</k>
        <k>0.1152406825844231</k>
        <k>0.019010902005563064</k>
        <k>0.03829839982511196</k>
        <k>0.0014495476179199871</k>
        <k>611.9724770642201</k>
        <k>1027.9633027522937</k>
    </moments><members>
    <section id="873" first-pos="605">
        <run start="1022" length="4" level="0"/>
        <run start="1021" length="6" level="0"/>
        <run start="1020" length="8" level="0"/>
        <run start="1020" length="8" level="0"/>
        <run start="1020" length="9" level="0"/>
        <run start="1020" length="9" level="0"/>
        <run start="1021" length="8" level="0"/>
    </section>
    <section id="888" first-pos="612">
        <run start="1022" length="3" level="0"/>
    </section>
    <section id="889" first-pos="612">
        <run start="1027" length="2" level="0"/>
        <run start="1027" length="2" level="0"/>
        <run start="1027" length="1" level="0"/>
        <run start="1026" length="2" level="0"/>
        <run start="1025" length="2" level="0"/>
    </section>
    <section id="900" first-pos="617">
        <run start="1023" length="10" level="20"/>
        <run start="1022" length="6" level="0"/>
        <run start="1020" length="3" level="0"/>
    </section>
    <section id="890" first-pos="612">
        <run start="1046" length="2" level="100"/>
        <run start="1042" length="5" level="0"/>
        <run start="1038" length="7" level="0"/>
        <run start="1034" length="6" level="0"/>
        <run start="1030" length="6" level="33"/>
    </section>
</members></stick>
