<?xml version="1.0" encoding="UTF-8"?>
<stick id="1125" interline="15" shape="NOTEHEAD_BLACK">
    <is-within-system>true</is-within-system>
    <has-ledger>false</has-ledger>
    <stem-number>1</stem-number>
    <step-line>1.0666666666666667</step-line>
    <moments>
        <k>0.9066666666666666</k>
        <k>1.1333333333333333</k>
        <k>1.0666666666666667</k>
        <k>0.08757048571062423</k>
        <k>-0.02473007176726904</k>
        <k>0.07958324381271141</k>
        <k>-4.359238375148964E-4</k>
        <k>5.867334286631445E-4</k>
        <k>5.761608131317434E-5</k>
        <k>-7.465554218036922E-4</k>
        <k>0.16715372952333563</k>
        <k>0.002510101831592883</k>
        <k>6.654427625711761E-6</k>
        <k>1.6865982789379892E-7</k>
        <k>-1.4646688058939695E-13</k>
        <k>-5.041818972662586E-9</k>
        <k>-1.023403039283065E-13</k>
        <k>1421.1666666666667</k>
        <k>1456.6225490196077</k>
    </moments><members>
    <section id="1663" first-pos="1413">
        <run start="1457" length="4" level="0"/>
        <run start="1455" length="8" level="0"/>
        <run start="1454" length="10" level="0"/>
        <run start="1453" length="12" level="17"/>
        <run start="1452" length="13" level="15"/>
        <run start="1451" length="14" level="14"/>
        <run start="1451" length="14" level="14"/>
        <run start="1449" length="16" level="25"/>
        <run start="1449" length="16" level="25"/>
        <run start="1449" length="16" level="25"/>
        <run start="1449" length="15" level="13"/>
        <run start="1449" length="14" level="14"/>
        <run start="1449" length="14" level="14"/>
        <run start="1449" length="13" level="15"/>
        <run start="1451" length="10" level="0"/>
        <run start="1451" length="9" level="0"/>
        <run start="1452" length="6" level="0"/>
    </section>
</members></stick>
