<?xml version="1.0" encoding="UTF-8"?>
<stick id="1579" interline="15" shape="WHOLE_REST">
    <is-within-system>true</is-within-system>
    <has-ledger>false</has-ledger>
    <stem-number>0</stem-number>
    <step-line>-1.6</step-line>
    <moments>
        <k>0.56</k>
        <k>1.2</k>
        <k>0.4666666666666667</k>
        <k>0.21362433862433863</k>
        <k>0.0</k>
        <k>0.031746031746031744</k>
        <k>0.0</k>
        <k>0.0</k>
        <k>0.0</k>
        <k>0.0</k>
        <k>0.24537037037037038</k>
        <k>0.033079718512919576</k>
        <k>0.0</k>
        <k>0.0</k>
        <k>0.0</k>
        <k>0.0</k>
        <k>0.0</k>
        <k>1428.5</k>
        <k>1645.0</k>
    </moments><members>
    <section id="1667" first-pos="1420">
        <run start="1642" length="7" level="29"/>
        <run start="1642" length="7" level="29"/>
        <run start="1642" length="7" level="29"/>
        <run start="1642" length="7" level="29"/>
        <run start="1642" length="7" level="29"/>
        <run start="1642" length="7" level="29"/>
        <run start="1642" length="7" level="29"/>
        <run start="1642" length="7" level="29"/>
        <run start="1642" length="7" level="29"/>
        <run start="1642" length="7" level="29"/>
        <run start="1642" length="7" level="29"/>
        <run start="1642" length="7" level="29"/>
        <run start="1642" length="7" level="29"/>
        <run start="1642" length="7" level="29"/>
        <run start="1642" length="7" level="29"/>
        <run start="1642" length="7" level="29"/>
        <run start="1642" length="7" level="29"/>
        <run start="1642" length="7" level="29"/>
    </section>
</members></stick>
