<?xml version="1.0" encoding="UTF-8" standalone="yes"?>
<samples sheet-name="IMSLP00562#1">
    <sample shape="G_CLEF" interline="18" pitch="0.0" left="115" top="1017" id="326">
        <run-table orientation="VERTICAL" width="42" height="128">
            <runs>0 74 2</runs>
            <runs>0 74 2</runs>
            <runs>0 64 23</runs>
            <runs>0 64 25</runs>
            <runs>0 64 26</runs>
            <runs>0 61 31</runs>
            <runs>0 58 36</runs>
            <runs>0 58 18 4 14</runs>
            <runs>0 55 20 6 14</runs>
            <runs>0 54 18 18 7</runs>
            <runs>0 53 16 22 6 19 5</runs>
            <runs>0 52 17 23 6 17 7</runs>
            <runs>0 47 22 26 8 9 11</runs>
            <runs>0 26 2 19 22 42 13</runs>
            <runs>0 25 9 12 16 12 13 24 14</runs>
            <runs>0 15 20 11 15 10 16 24 15</runs>
            <runs>0 10 50 11 15 24 16</runs>
            <runs>0 9 18 1 31 11 15 24 17</runs>
            <runs>0 6 20 9 24 6 20 24 19</runs>
            <runs>0 5 16 18 20 6 14 32 17</runs>
            <runs>0 5 13 21 21 4 14 33 12 1 4</runs>
            <runs>0 3 14 22 20 5 13 34 12 1 4</runs>
            <runs>0 1 15 20 17 11 13 35 10 3 3</runs>
            <runs>13 23 15 13 14 47 3</runs>
            <runs>0 1 12 17 21 13 15 46 3</runs>
            <runs>0 2 10 17 22 13 15 45 4</runs>
            <runs>0 5 7 16 16 20 12 48 2</runs>
            <runs>0 5 7 15 16 21 12 46 4</runs>
            <runs>0 8 9 6 19 22 12 13 14 18 4</runs>
            <runs>0 12 6 4 18 24 11 14 14 18 4</runs>
            <runs>0 13 4 4 18 26 11 13 17 12 6</runs>
            <runs>0 21 13 31 11 20 10 12 4</runs>
            <runs>0 65 11 20 2</runs>
            <runs>0 65 11 20 2</runs>
            <runs>0 65 13 18 2</runs>
            <runs>0 65 14 13 3 1 2</runs>
            <runs>0 65 20 7 3</runs>
            <runs>0 65 21 3 6</runs>
            <runs>0 70 24</runs>
            <runs>0 71 22</runs>
            <runs>0 71 21</runs>
            <runs>0 74 16</runs>
        </run-table>
    </sample>
    <sample shape="G_CLEF" interline="18" pitch="0.2" left="109" top="2217" id="590">
        <run-table orientation="VERTICAL" width="44" height="127">
            <runs>0 72 9</runs>
            <runs>0 72 10</runs>
            <runs>0 66 18</runs>
            <runs>0 60 27</runs>
            <runs>0 60 27</runs>
            <runs>0 59 31</runs>
            <runs>0 56 35</runs>
            <runs>0 56 18 10 8</runs>
            <runs>0 53 20 11 9</runs>
            <runs>0 52 16 21 10</runs>
            <runs>0 51 14 26 8</runs>
            <runs>0 48 16 27 8 17 7</runs>
            <runs>0 47 17 48 12</runs>
            <runs>0 47 15 49 13</runs>
            <runs>0 42 20 11 10 27 16</runs>
            <runs>0 42 20 9 13 25 18</runs>
            <runs>0 14 15 13 16 12 14 24 19</runs>
            <runs>0 13 23 6 15 10 15 26 19</runs>
            <runs>0 10 46 10 15 28 18</runs>
            <runs>0 8 22 5 20 11 11 33 14 1 2</runs>
            <runs>0 7 22 7 19 10 11 35 12 2 2</runs>
            <runs>0 4 14 18 19 5 15 37 9 4 2</runs>
            <runs>0 3 14 19 19 5 14 40 6 5 2</runs>
            <runs>0 3 11 21 13 12 14 51 2</runs>
            <runs>0 1 13 20 13 13 15 48 4</runs>
            <runs>13 18 15 14 16 47 4</runs>
            <runs>11 20 15 14 14 49 3</runs>
            <runs>11 14 21 15 13 48 4</runs>
            <runs>0 1 9 15 20 17 11 14 14 18 7</runs>
            <runs>0 4 6 15 14 23 11 13 15 18 5</runs>
            <runs>0 5 9 8 17 23 11 14 22 5 10</runs>
            <runs>0 7 7 4 18 25 13 21 14 5 7</runs>
            <runs>0 17 13 30 14</runs>
            <runs>0 18 12 30 14</runs>
            <runs>0 60 15</runs>
            <runs>0 60 16</runs>
            <runs>0 60 20 12 2</runs>
            <runs>0 66 15 10 8</runs>
            <runs>0 67 15 9 4</runs>
            <runs>0 68 15 3 8</runs>
            <runs>0 69 23</runs>
            <runs>0 70 20</runs>
            <runs>0 71 18</runs>
            <runs>0 76 8</runs>
        </run-table>
    </sample>
    <sample shape="SHARP" interline="18" pitch="-2.0" left="170" top="1317" id="405">
        <run-table orientation="VERTICAL" width="17" height="48">
            <runs>0 12 5 12 12</runs>
            <runs>0 10 14 4 14</runs>
            <runs>0 8 17 3 19</runs>
            <runs>48</runs>
            <runs>48</runs>
            <runs>17 9 15</runs>
            <runs>0 9 7 10 9</runs>
            <runs>0 9 7 10 9</runs>
            <runs>0 8 8 10 9</runs>
            <runs>0 7 9 10 9</runs>
            <runs>0 7 35</runs>
            <runs>42</runs>
            <runs>33</runs>
            <runs>33</runs>
            <runs>15 3 14</runs>
            <runs>0 1 12 6 11</runs>
            <runs>0 1 11 7 10</runs>
        </run-table>
    </sample>
    <sample shape="TIME_THREE" interline="18" pitch="-2.0" left="536" top="458" id="298">
        <run-table orientation="VERTICAL" width="28" height="33">
            <runs>0 23 5</runs>
            <runs>0 22 7</runs>
            <runs>10 11 9</runs>
            <runs>11 9 11</runs>
            <runs>11 4 17</runs>
            <runs>11 4 17</runs>
            <runs>11 4 17</runs>
            <runs>11 10 10</runs>
            <runs>11 10 9</runs>
            <runs>10 12 7</runs>
            <runs></runs>
            <runs></runs>
            <runs></runs>
            <runs></runs>
            <runs></runs>
            <runs>0 12 2 17 2</runs>
            <runs>0 12 2 17 2</runs>
            <runs>0 1 2 8 9 8 5</runs>
            <runs>33</runs>
            <runs>33</runs>
            <runs>33</runs>
            <runs>33</runs>
            <runs>14 2 16</runs>
            <runs>13 3 15</runs>
            <runs>13 3 15</runs>
            <runs>13 3 14</runs>
            <runs>10 6 13</runs>
            <runs>0 3 7 6 13</runs>
        </run-table>
    </sample>
    <sample shape="TIME_THREE" interline="18" pitch="-2.1" left="538" top="715" id="313">
        <run-table orientation="VERTICAL" width="27" height="32">
            <runs>0 5 2 14 8</runs>
            <runs>8 12 10</runs>
            <runs>8 7 15</runs>
            <runs>10 5 15</runs>
            <runs>10 5 16</runs>
            <runs>10 5 17</runs>
            <runs>10 4 18</runs>
            <runs>10 3 16 2 1</runs>
            <runs>10 11 6 4 1</runs>
            <runs>9 12 6 4 1</runs>
            <runs>0 3 5 23 1</runs>
            <runs>0 31 1</runs>
            <runs>0 31 1</runs>
            <runs>0 30 2</runs>
            <runs>0 29 3</runs>
            <runs>0 29 3</runs>
            <runs>0 11 21</runs>
            <runs>0 10 22</runs>
            <runs>32</runs>
            <runs>32</runs>
            <runs>32</runs>
            <runs>13 3 15</runs>
            <runs>13 3 14</runs>
            <runs>13 3 14</runs>
            <runs>12 4 13</runs>
            <runs>11 5 13</runs>
            <runs>0 3 7 6 10</runs>
        </run-table>
    </sample>
    <sample shape="TIME_FOUR" interline="18" pitch="2.2" left="536" top="496" id="305">
        <run-table orientation="VERTICAL" width="29" height="33">
            <runs>0 22 2</runs>
            <runs>0 21 4</runs>
            <runs>0 20 5</runs>
            <runs>0 14 12</runs>
            <runs>0 14 12</runs>
            <runs>0 14 12</runs>
            <runs>0 21 5</runs>
            <runs>0 22 4</runs>
            <runs>0 8 11 4 3</runs>
            <runs>0 2 15 6 3</runs>
            <runs>0 2 15 5 4</runs>
            <runs>17 5 4</runs>
            <runs>16 6 4</runs>
            <runs>12 10 4</runs>
            <runs>11 11 4</runs>
            <runs>10 12 4</runs>
            <runs>7 15 4</runs>
            <runs>6 15 7</runs>
            <runs>6 6 21</runs>
            <runs>4 8 21</runs>
            <runs>3 8 22</runs>
            <runs>3 6 24</runs>
            <runs>3 6 24</runs>
            <runs>2 6 25</runs>
            <runs>1 5 27</runs>
            <runs>0 6 27</runs>
            <runs>0 12 21</runs>
            <runs>0 20 13</runs>
            <runs>0 22 6</runs>
        </run-table>
    </sample>
    <sample shape="TIME_FOUR" interline="18" pitch="2.0" left="537" top="752" id="315">
        <run-table orientation="VERTICAL" width="29" height="32">
            <runs>0 19 5</runs>
            <runs>0 13 11</runs>
            <runs>0 13 11</runs>
            <runs>0 13 11</runs>
            <runs>0 12 12</runs>
            <runs>0 11 9 2 2</runs>
            <runs>0 10 8 4 2</runs>
            <runs>0 6 12 4 2</runs>
            <runs>17 5 2</runs>
            <runs>17 5 2</runs>
            <runs>17 5 2</runs>
            <runs>17 4 3</runs>
            <runs>11 9 4</runs>
            <runs>10 11 3</runs>
            <runs>9 13 3</runs>
            <runs>8 14 4</runs>
            <runs>7 6 14</runs>
            <runs>6 4 22</runs>
            <runs>5 5 22</runs>
            <runs>4 6 22</runs>
            <runs>3 6 23</runs>
            <runs>0 1 1 6 24</runs>
            <runs>0 7 25</runs>
            <runs>0 4 28</runs>
            <runs>0 4 28</runs>
            <runs>0 20 7 2 2</runs>
            <runs>0 21 6 2 2</runs>
            <runs>0 22 4</runs>
            <runs>0 22 4</runs>
        </run-table>
    </sample>
    <sample shape="TIME_THREE_FOUR" interline="18" pitch="0.3" left="536" top="458" id="288">
        <run-table orientation="VERTICAL" width="29" height="71">
            <runs>0 23 5 32 2</runs>
            <runs>0 22 7 30 4</runs>
            <runs>0 21 9 28 5</runs>
            <runs>0 20 11 21 12</runs>
            <runs>0 15 17 20 12</runs>
            <runs>0 15 17 20 12</runs>
            <runs>0 15 17 27 5</runs>
            <runs>0 21 10 29 4</runs>
            <runs>0 21 9 16 11 4 3</runs>
            <runs>0 22 7 11 15 6 3</runs>
            <runs>0 40 15 5 4</runs>
            <runs>0 34 21 5 4</runs>
            <runs>0 34 20 6 4</runs>
            <runs>0 34 16 10 4</runs>
            <runs>0 33 16 11 4</runs>
            <runs>0 12 2 17 17 12 4</runs>
            <runs>0 12 2 17 14 15 4</runs>
            <runs>0 1 2 8 9 8 16 15 7</runs>
            <runs>44 6 21</runs>
            <runs>33 1 8 8 21</runs>
            <runs>33 5 3 8 22</runs>
            <runs>33 5 3 6 24</runs>
            <runs>14 2 16 6 3 6 24</runs>
            <runs>13 3 15 7 2 6 25</runs>
            <runs>13 3 15 7 1 5 27</runs>
            <runs>13 3 14 14 27</runs>
            <runs>10 6 13 21 21</runs>
            <runs>0 3 7 6 13 29 13</runs>
            <runs>0 60 6</runs>
        </run-table>
    </sample>
</samples>
