<?xml version="1.0" encoding="UTF-8" standalone="yes"?>
<samples sheet-name="bed">
    <sample shape="DOT_set" interline="21" left="2334" top="939" id="401">
        <run-table orientation="VERTICAL" width="11" height="10">
            <runs>0 2 5</runs>
            <runs>0 1 8</runs>
            <runs>10</runs>
            <runs>10</runs>
            <runs>10</runs>
            <runs>10</runs>
            <runs>10</runs>
            <runs>10</runs>
            <runs>10</runs>
            <runs>0 1 8</runs>
            <runs>0 2 6</runs>
        </run-table>
    </sample>
    <sample shape="DOT_set" interline="21" left="2334" top="1168" id="402">
        <run-table orientation="VERTICAL" width="12" height="10">
            <runs>0 4 2</runs>
            <runs>0 2 6</runs>
            <runs>0 1 9</runs>
            <runs>10</runs>
            <runs>10</runs>
            <runs>10</runs>
            <runs>10</runs>
            <runs>10</runs>
            <runs>10</runs>
            <runs>0 1 9</runs>
            <runs>0 2 7</runs>
            <runs>0 3 4</runs>
        </run-table>
    </sample>
    <sample shape="DOT_set" interline="21" left="2335" top="1191" id="403">
        <run-table orientation="VERTICAL" width="11" height="11">
            <runs>0 3 7</runs>
            <runs>0 1 10</runs>
            <runs>11</runs>
            <runs>11</runs>
            <runs>11</runs>
            <runs>11</runs>
            <runs>11</runs>
            <runs>0 1 9</runs>
            <runs>0 1 9</runs>
            <runs>0 2 7</runs>
            <runs>0 4 3</runs>
        </run-table>
    </sample>
    <sample shape="BREATH_MARK" interline="21" left="536" top="857" id="302">
        <run-table orientation="VERTICAL" width="14" height="23">
            <runs>0 4 3</runs>
            <runs>0 2 7 10 4</runs>
            <runs>0 1 9 9 4</runs>
            <runs>11 8 4</runs>
            <runs>11 8 4</runs>
            <runs>12 6 5</runs>
            <runs>12 5 4</runs>
            <runs>21</runs>
            <runs>20</runs>
            <runs>19</runs>
            <runs>17</runs>
            <runs>0 1 15</runs>
            <runs>0 2 12</runs>
            <runs>0 3 7</runs>
        </run-table>
    </sample>
    <sample shape="BREATH_MARK" interline="21" left="898" top="855" id="331">
        <run-table orientation="VERTICAL" width="13" height="24">
            <runs>0 3 7 11 3</runs>
            <runs>0 2 9 9 4</runs>
            <runs>0 1 11 8 4</runs>
            <runs>0 1 12 7 4</runs>
            <runs>13 6 4</runs>
            <runs>13 5 5</runs>
            <runs>23</runs>
            <runs>22</runs>
            <runs>21</runs>
            <runs>0 1 19</runs>
            <runs>0 1 18</runs>
            <runs>0 2 15</runs>
            <runs>0 3 12</runs>
        </run-table>
    </sample>
    <sample shape="G_CLEF" interline="21" left="254" top="279" id="135">
        <run-table orientation="VERTICAL" width="62" height="164">
            <runs>0 89 5</runs>
            <runs>0 81 23</runs>
            <runs>0 78 27</runs>
            <runs>0 76 31</runs>
            <runs>0 74 35</runs>
            <runs>0 72 39</runs>
            <runs>0 71 42</runs>
            <runs>0 69 45</runs>
            <runs>0 68 27 8 12</runs>
            <runs>0 67 24 14 11</runs>
            <runs>0 65 24 19 9</runs>
            <runs>0 64 23 23 9</runs>
            <runs>0 63 22 27 7</runs>
            <runs>0 61 21 31 7</runs>
            <runs>0 60 21 33 7</runs>
            <runs>0 59 21 35 7</runs>
            <runs>0 59 20 37 6</runs>
            <runs>0 57 20 40 6</runs>
            <runs>0 22 16 18 20 25 1 16 6 23 6</runs>
            <runs>0 16 24 14 20 21 9 14 7 19 12</runs>
            <runs>0 13 31 9 20 19 13 14 6 17 15</runs>
            <runs>0 11 38 2 21 18 17 13 5 16 17</runs>
            <runs>0 8 63 17 20 12 5 15 20</runs>
            <runs>0 6 32 2 30 16 23 12 4 15 20</runs>
            <runs>0 5 23 16 26 15 15 3 7 11 4 15 21</runs>
            <runs>0 4 19 23 23 14 17 4 7 10 4 14 23</runs>
            <runs>0 3 18 26 22 13 15 7 1 1 6 11 2 14 23</runs>
            <runs>0 2 17 27 25 10 15 12 4 11 2 14 24</runs>
            <runs>0 1 16 28 28 7 15 15 3 11 1 14 24</runs>
            <runs>16 27 34 1 16 16 4 25 24</runs>
            <runs>15 27 51 19 3 24 18 2 5</runs>
            <runs>0 1 13 27 19 8 25 19 4 24 17 3 4</runs>
            <runs>0 2 12 25 21 12 20 21 3 24 16 4 4</runs>
            <runs>0 3 11 25 20 17 16 21 3 25 15 4 4</runs>
            <runs>0 4 10 23 20 20 1 1 14 49 13 5 4</runs>
            <runs>0 5 9 20 22 24 15 47 12 7 3</runs>
            <runs>0 6 10 16 22 26 22 42 9 7 4</runs>
            <runs>0 8 10 10 25 27 22 45 4 9 4</runs>
            <runs>0 10 41 29 13 1 11 55 4</runs>
            <runs>0 11 37 32 11 6 11 52 3</runs>
            <runs>0 13 33 34 11 8 12 48 4</runs>
            <runs>0 16 27 37 11 11 14 4 4 34 5</runs>
            <runs>0 21 19 40 11 13 20 34 4</runs>
            <runs>0 27 2 2 2 47 11 16 18 32 5</runs>
            <runs>0 80 11 20 17 28 5</runs>
            <runs>0 80 11 25 15 24 6</runs>
            <runs>0 80 12 25 17 20 6</runs>
            <runs>0 80 12 25 21 14 7</runs>
            <runs>0 80 13 24 7 2 32</runs>
            <runs>0 80 14 22 8 5 28</runs>
            <runs>0 80 14 21 9 9 23</runs>
            <runs>0 80 16 18 6 17 17</runs>
            <runs>0 81 16 15 7 22 11</runs>
            <runs>0 83 17 4 1 4 9</runs>
            <runs>0 84 16 1 17</runs>
            <runs>0 86 31</runs>
            <runs>0 87 28</runs>
            <runs>0 88 26</runs>
            <runs>0 90 22</runs>
            <runs>0 93 17</runs>
            <runs>0 99 1 1 5</runs>
            <runs>0 101 2</runs>
        </run-table>
    </sample>
    <sample shape="G_CLEF" interline="21" left="254" top="520" id="136">
        <run-table orientation="VERTICAL" width="63" height="163">
            <runs>0 87 10</runs>
            <runs>0 84 17</runs>
            <runs>0 79 26</runs>
            <runs>0 76 30</runs>
            <runs>0 74 34</runs>
            <runs>0 72 38</runs>
            <runs>0 70 41</runs>
            <runs>0 69 44</runs>
            <runs>0 67 47</runs>
            <runs>0 66 28 12 9</runs>
            <runs>0 65 26 15 10</runs>
            <runs>0 61 26 22 8</runs>
            <runs>0 61 23 26 8</runs>
            <runs>0 60 21 31 7</runs>
            <runs>0 59 21 33 7</runs>
            <runs>0 58 22 34 6</runs>
            <runs>0 57 21 37 7</runs>
            <runs>0 56 21 39 7 32 1</runs>
            <runs>0 18 12 25 21 41 7 23 4 2 4</runs>
            <runs>0 14 27 13 20 18 12 13 7 20 14</runs>
            <runs>0 11 30 12 20 17 15 13 7 17 16</runs>
            <runs>0 9 37 6 20 16 18 13 6 15 17</runs>
            <runs>0 8 63 15 22 11 6 15 18</runs>
            <runs>0 6 27 4 1 2 30 14 25 11 5 14 20</runs>
            <runs>0 5 21 14 29 14 27 10 5 14 21</runs>
            <runs>0 3 20 22 23 14 20 3 6 9 5 13 23</runs>
            <runs>0 2 18 26 22 14 17 6 6 11 3 13 23</runs>
            <runs>0 1 17 27 24 13 14 9 1 1 5 11 2 13 24</runs>
            <runs>0 1 16 28 26 11 13 13 5 11 1 13 24</runs>
            <runs>16 27 30 6 15 15 4 11 1 13 24</runs>
            <runs>15 24 54 17 4 24 25</runs>
            <runs>0 1 14 24 53 19 3 25 18 1 5</runs>
            <runs>0 2 13 24 23 6 24 20 2 25 17 3 4</runs>
            <runs>0 3 12 24 21 11 21 20 2 25 16 4 4</runs>
            <runs>0 4 11 21 23 15 19 47 15 4 4</runs>
            <runs>0 5 11 18 23 19 19 26 1 19 13 5 4</runs>
            <runs>0 6 11 14 24 22 21 23 1 20 11 6 4</runs>
            <runs>0 8 13 5 28 23 24 1 1 18 1 22 8 7 4</runs>
            <runs>0 11 41 25 29 15 1 24 4 9 4</runs>
            <runs>0 12 36 29 31 13 1 1 2 34 4</runs>
            <runs>0 14 32 31 14 6 16 7 5 33 5</runs>
            <runs>0 17 26 34 13 10 25 32 5</runs>
            <runs>0 21 19 37 13 14 21 32 5</runs>
            <runs>0 26 5 46 13 17 18 31 5</runs>
            <runs>0 77 14 20 14 30 6</runs>
            <runs>0 77 14 23 14 26 6</runs>
            <runs>0 78 13 25 7 1 7 22 7</runs>
            <runs>0 78 14 24 7 1 10 17 8</runs>
            <runs>0 79 14 23 6 3 14 9 10</runs>
            <runs>0 82 11 23 5 6 30</runs>
            <runs>0 82 13 20 5 10 26</runs>
            <runs>0 82 14 17 7 15 20</runs>
            <runs>0 82 16 13 8 20 14</runs>
            <runs>0 82 19 2 15 26 7</runs>
            <runs>0 82 35</runs>
            <runs>0 82 34</runs>
            <runs>0 82 32</runs>
            <runs>0 85 28</runs>
            <runs>0 87 25</runs>
            <runs>0 89 21</runs>
            <runs>0 92 15</runs>
            <runs>0 97 7</runs>
            <runs>0 101 3</runs>
        </run-table>
    </sample>
    <sample shape="G_CLEF" interline="21" left="139" top="852" id="261">
        <run-table orientation="VERTICAL" width="61" height="162">
            <runs>0 80 23</runs>
            <runs>0 80 24</runs>
            <runs>0 77 29</runs>
            <runs>0 75 33</runs>
            <runs>0 72 37</runs>
            <runs>0 70 41</runs>
            <runs>0 69 43</runs>
            <runs>0 67 46</runs>
            <runs>0 66 25 13 10</runs>
            <runs>0 65 23 16 12</runs>
            <runs>0 62 24 18 1 2 10</runs>
            <runs>0 62 22 20 1 3 9</runs>
            <runs>0 59 22 23 1 5 8</runs>
            <runs>0 58 21 25 1 6 8</runs>
            <runs>0 57 21 21 1 12 8</runs>
            <runs>0 56 22 21 1 13 8</runs>
            <runs>0 55 21 23 1 14 8</runs>
            <runs>0 18 24 12 21 24 1 15 7 22 7</runs>
            <runs>0 14 29 10 21 19 10 13 7 18 12</runs>
            <runs>0 11 36 5 21 17 14 13 6 17 14</runs>
            <runs>0 9 63 15 19 11 6 16 17</runs>
            <runs>0 7 64 15 17 1 3 10 6 15 19</runs>
            <runs>0 6 29 1 34 14 19 1 4 10 5 14 21</runs>
            <runs>0 4 23 11 32 13 20 2 5 8 5 14 22</runs>
            <runs>0 3 19 16 4 3 24 12 22 2 5 9 4 13 24</runs>
            <runs>0 2 18 25 23 12 20 5 6 8 4 13 24</runs>
            <runs>0 1 17 20 4 2 26 10 16 9 7 7 4 13 25</runs>
            <runs>17 21 4 1 29 8 14 13 5 7 4 13 25</runs>
            <runs>16 22 35 7 13 15 5 7 3 13 25</runs>
            <runs>16 22 22 2 13 5 13 16 4 8 2 13 26</runs>
            <runs>0 1 14 23 22 2 1 3 11 3 12 17 5 8 1 14 25</runs>
            <runs>0 2 13 23 22 11 7 2 12 17 5 8 1 14 18 2 5</runs>
            <runs>0 3 12 21 24 13 19 18 3 25 17 2 5</runs>
            <runs>0 3 13 18 24 18 16 46 16 4 4</runs>
            <runs>0 5 11 16 24 20 1 3 14 45 14 5 4</runs>
            <runs>0 6 12 11 26 25 18 42 12 6 4</runs>
            <runs>0 8 13 3 29 27 21 1 1 40 7 7 5</runs>
            <runs>0 9 42 29 25 52 5</runs>
            <runs>0 11 37 32 11 3 14 11 1 37 5</runs>
            <runs>0 14 31 35 11 4 16 8 1 1 2 33 6</runs>
            <runs>0 17 26 37 10 7 18 3 5 33 5</runs>
            <runs>0 20 19 41 11 9 23 32 5</runs>
            <runs>0 80 10 12 1 2 18 31 6</runs>
            <runs>0 80 10 19 16 28 6</runs>
            <runs>0 80 10 22 16 24 6</runs>
            <runs>0 80 11 24 17 19 7</runs>
            <runs>0 80 11 24 21 12 9</runs>
            <runs>0 80 12 23 6 3 32</runs>
            <runs>0 80 12 22 6 6 29</runs>
            <runs>0 80 13 20 6 10 25</runs>
            <runs>0 80 14 18 6 14 20</runs>
            <runs>0 80 16 14 7 19 14</runs>
            <runs>0 80 20 4 1 2 9 26 6</runs>
            <runs>0 82 21 1 11</runs>
            <runs>0 84 30</runs>
            <runs>0 85 28</runs>
            <runs>0 87 25</runs>
            <runs>0 89 21</runs>
            <runs>0 91 18</runs>
            <runs>0 93 13</runs>
            <runs>0 95 8</runs>
        </run-table>
    </sample>
    <sample shape="G_CLEF" interline="21" left="139" top="1103" id="262">
        <run-table orientation="VERTICAL" width="63" height="163">
            <runs>0 100 1</runs>
            <runs>0 81 15 4 1 2 1</runs>
            <runs>0 78 1 2 24</runs>
            <runs>0 78 28</runs>
            <runs>0 75 32</runs>
            <runs>0 73 35</runs>
            <runs>0 72 37</runs>
            <runs>0 70 40</runs>
            <runs>0 68 44</runs>
            <runs>0 67 46</runs>
            <runs>0 66 27 12 10</runs>
            <runs>0 64 26 15 1 1 9</runs>
            <runs>0 63 24 18 1 3 8</runs>
            <runs>0 61 24 25 7</runs>
            <runs>0 59 23 29 7</runs>
            <runs>0 59 23 31 6</runs>
            <runs>0 59 22 33 6</runs>
            <runs>0 58 21 36 5</runs>
            <runs>0 56 22 24 2 11 6 23 8</runs>
            <runs>0 55 21 23 6 11 6 19 13</runs>
            <runs>0 24 3 27 21 16 14 12 5 18 16</runs>
            <runs>0 17 24 12 21 15 17 11 6 16 18</runs>
            <runs>0 14 30 8 21 14 20 11 6 14 20</runs>
            <runs>0 11 38 1 22 14 22 10 6 14 21</runs>
            <runs>0 8 63 13 24 11 5 13 23</runs>
            <runs>0 6 30 2 32 13 19 3 4 10 5 13 24</runs>
            <runs>0 4 22 4 2 8 30 12 19 5 4 9 5 13 24</runs>
            <runs>0 3 20 17 1 2 26 12 18 7 5 8 1 1 3 13 25</runs>
            <runs>0 2 18 25 24 12 16 10 5 9 3 13 25</runs>
            <runs>0 1 18 21 1 3 27 10 14 13 5 9 2 13 25</runs>
            <runs>18 22 1 2 30 8 13 15 4 9 2 13 19 1 5</runs>
            <runs>17 23 1 1 52 16 4 9 1 13 19 1 6</runs>
            <runs>16 24 53 17 4 9 1 13 18 3 5</runs>
            <runs>15 25 20 7 26 18 3 24 16 4 5</runs>
            <runs>15 24 21 10 23 45 15 5 5</runs>
            <runs>0 1 14 23 21 14 20 46 13 6 5</runs>
            <runs>0 2 13 20 23 18 20 45 10 7 5</runs>
            <runs>0 4 12 17 23 21 1 1 25 1 1 37 7 7 5</runs>
            <runs>0 5 11 15 23 23 1 3 23 1 1 51 5</runs>
            <runs>0 7 10 12 23 25 1 3 25 51 5</runs>
            <runs>0 9 11 4 26 31 27 49 5</runs>
            <runs>0 11 37 33 11 7 14 6 5 32 5</runs>
            <runs>0 14 32 35 10 11 22 32 5</runs>
            <runs>0 16 28 37 10 14 1 1 17 31 5</runs>
            <runs>0 20 21 40 11 18 15 29 6</runs>
            <runs>0 30 8 43 10 23 14 25 6</runs>
            <runs>0 81 10 25 15 20 7</runs>
            <runs>0 81 11 24 19 14 8</runs>
            <runs>0 81 12 23 26 1 14</runs>
            <runs>0 81 12 23 40</runs>
            <runs>0 81 13 21 11 1 27</runs>
            <runs>0 81 15 18 5 13 21</runs>
            <runs>0 81 16 16 5 17 16</runs>
            <runs>0 81 20 10 6 23 9</runs>
            <runs>0 82 22 3 9</runs>
            <runs>0 84 31</runs>
            <runs>0 85 29</runs>
            <runs>0 87 26</runs>
            <runs>0 88 23</runs>
            <runs>0 90 19</runs>
            <runs>0 91 16</runs>
            <runs>0 96 9</runs>
            <runs>0 103 1</runs>
        </run-table>
    </sample>
    <sample shape="TIME_FOUR" interline="21" left="325" top="316" id="139">
        <run-table orientation="VERTICAL" width="29" height="41">
            <runs>0 29 3</runs>
            <runs>0 28 5</runs>
            <runs>0 26 7</runs>
            <runs>0 25 8</runs>
            <runs>0 23 10</runs>
            <runs>0 22 7 1 3</runs>
            <runs>0 21 6 3 3</runs>
            <runs>0 19 7 4 3</runs>
            <runs>0 18 6 6 3</runs>
            <runs>0 16 7 7 3</runs>
            <runs>0 14 8 8 3</runs>
            <runs>0 13 8 9 3</runs>
            <runs>0 11 9 10 3</runs>
            <runs>0 8 10 12 3</runs>
            <runs>0 6 11 13 3</runs>
            <runs>0 3 12 15 3</runs>
            <runs>0 1 13 6 3 7 3 4 2</runs>
            <runs>13 3 24</runs>
            <runs>12 2 26</runs>
            <runs>10 3 27</runs>
            <runs>9 2 29</runs>
            <runs>8 2 30</runs>
            <runs>7 2 31</runs>
            <runs>5 2 33</runs>
            <runs>4 3 34</runs>
            <runs>2 5 13 2 18</runs>
            <runs>0 14 2 14 3 4 3</runs>
            <runs>0 30 3</runs>
            <runs>0 30 3</runs>
        </run-table>
    </sample>
    <sample shape="TIME_FOUR" interline="21" left="325" top="360" id="140">
        <run-table orientation="VERTICAL" width="30" height="43">
            <runs>0 33 2</runs>
            <runs>0 32 4</runs>
            <runs>0 31 5</runs>
            <runs>0 29 7</runs>
            <runs>0 28 8</runs>
            <runs>0 27 9</runs>
            <runs>0 25 6 2 3</runs>
            <runs>0 24 5 4 3</runs>
            <runs>0 22 6 5 3</runs>
            <runs>0 20 7 6 3</runs>
            <runs>0 18 7 8 3</runs>
            <runs>0 17 7 9 3</runs>
            <runs>0 15 7 11 3</runs>
            <runs>0 13 7 13 3</runs>
            <runs>0 11 8 14 3</runs>
            <runs>0 8 11 14 3</runs>
            <runs>0 4 13 16 3</runs>
            <runs>0 1 15 3 3 11 4</runs>
            <runs>15 3 25</runs>
            <runs>13 4 26</runs>
            <runs>12 4 27</runs>
            <runs>11 3 29</runs>
            <runs>10 3 30</runs>
            <runs>8 4 31</runs>
            <runs>7 4 32</runs>
            <runs>6 5 8 2 22</runs>
            <runs>2 19 5 1 1 1 1 3 5</runs>
            <runs>0 21 1 12 2</runs>
            <runs>0 34 3</runs>
            <runs>0 34 2</runs>
        </run-table>
    </sample>
    <sample shape="DYNAMICS_P" interline="21" left="1173" top="448" id="184">
        <run-table orientation="VERTICAL" width="32" height="36">
            <runs>0 33 3</runs>
            <runs>0 31 5</runs>
            <runs>0 29 7</runs>
            <runs>0 27 9</runs>
            <runs>0 25 11</runs>
            <runs>0 22 14</runs>
            <runs>0 5 3 12 16</runs>
            <runs>0 3 4 10 19</runs>
            <runs>0 2 4 9 20</runs>
            <runs>0 1 4 8 18</runs>
            <runs>0 1 4 5 18</runs>
            <runs>0 1 4 3 18</runs>
            <runs>0 1 21</runs>
            <runs>19</runs>
            <runs>0 1 19</runs>
            <runs>0 1 20</runs>
            <runs>0 2 10 6 4</runs>
            <runs>0 2 8 9 4</runs>
            <runs>0 3 5 12 3</runs>
            <runs>0 3 3 14 4</runs>
            <runs>0 2 3 15 4</runs>
            <runs>0 1 3 16 4</runs>
            <runs>0 1 3 15 5</runs>
            <runs>0 1 3 14 6</runs>
            <runs>0 1 3 13 6</runs>
            <runs>0 1 3 12 6</runs>
            <runs>0 1 4 8 9</runs>
            <runs>0 1 6 5 9</runs>
            <runs>0 2 18</runs>
            <runs>0 3 16</runs>
            <runs>0 4 12</runs>
            <runs>0 7 6</runs>
        </run-table>
    </sample>
    <sample shape="DYNAMICS_P" interline="21" left="1174" top="671" id="185">
        <run-table orientation="VERTICAL" width="32" height="36">
            <runs>0 33 3</runs>
            <runs>0 31 5</runs>
            <runs>0 29 7</runs>
            <runs>0 27 9</runs>
            <runs>0 24 12</runs>
            <runs>0 22 14</runs>
            <runs>0 4 4 11 17</runs>
            <runs>0 3 5 9 19</runs>
            <runs>0 2 5 8 21</runs>
            <runs>0 1 5 7 18</runs>
            <runs>0 1 4 5 19</runs>
            <runs>0 1 5 1 20</runs>
            <runs>0 1 23</runs>
            <runs>21</runs>
            <runs>21</runs>
            <runs>0 1 21</runs>
            <runs>0 1 22</runs>
            <runs>0 2 10 6 5</runs>
            <runs>0 3 6 10 5</runs>
            <runs>0 3 3 14 4</runs>
            <runs>0 2 3 15 4</runs>
            <runs>0 1 3 16 4</runs>
            <runs>0 1 2 16 5</runs>
            <runs>0 1 3 14 6</runs>
            <runs>0 1 3 13 7</runs>
            <runs>0 1 3 12 7</runs>
            <runs>0 1 4 9 8</runs>
            <runs>0 1 6 4 10</runs>
            <runs>0 1 19</runs>
            <runs>0 2 17</runs>
            <runs>0 3 14</runs>
            <runs>0 5 9</runs>
        </run-table>
    </sample>
    <sample shape="DYNAMICS_P" interline="21" left="1357" top="1037" id="367">
        <run-table orientation="VERTICAL" width="33" height="37">
            <runs>0 33 3</runs>
            <runs>0 32 4</runs>
            <runs>0 29 7</runs>
            <runs>0 27 9</runs>
            <runs>0 25 12</runs>
            <runs>0 23 14</runs>
            <runs>0 5 3 12 17</runs>
            <runs>0 3 5 10 19</runs>
            <runs>0 2 6 8 20</runs>
            <runs>0 1 4 8 20 1 2</runs>
            <runs>0 1 4 6 20</runs>
            <runs>0 1 4 3 20</runs>
            <runs>25</runs>
            <runs>23</runs>
            <runs>21</runs>
            <runs>0 1 20</runs>
            <runs>0 1 22</runs>
            <runs>0 2 11 4 6</runs>
            <runs>0 2 8 9 4</runs>
            <runs>0 3 4 12 5</runs>
            <runs>0 2 4 14 4</runs>
            <runs>0 1 4 15 4</runs>
            <runs>0 1 3 15 5</runs>
            <runs>0 1 3 14 6</runs>
            <runs>4 13 7</runs>
            <runs>4 12 8</runs>
            <runs>0 1 4 9 9</runs>
            <runs>0 1 5 6 9</runs>
            <runs>0 1 19</runs>
            <runs>0 1 18</runs>
            <runs>0 2 16</runs>
            <runs>0 3 13</runs>
            <runs>0 5 8</runs>
        </run-table>
    </sample>
    <sample shape="DYNAMICS_P" interline="21" left="1357" top="1310" id="368">
        <run-table orientation="VERTICAL" width="33" height="36">
            <runs>0 32 3</runs>
            <runs>0 30 5</runs>
            <runs>0 28 8</runs>
            <runs>0 25 11</runs>
            <runs>0 23 13</runs>
            <runs>0 21 15</runs>
            <runs>0 4 4 11 17</runs>
            <runs>0 2 6 9 19</runs>
            <runs>0 1 6 7 22</runs>
            <runs>0 1 4 7 20 1 3</runs>
            <runs>0 1 4 4 21</runs>
            <runs>5 2 21</runs>
            <runs>25</runs>
            <runs>23</runs>
            <runs>20</runs>
            <runs>0 1 20</runs>
            <runs>0 1 21</runs>
            <runs>0 2 11 3 7</runs>
            <runs>0 2 8 9 4</runs>
            <runs>0 2 6 11 4</runs>
            <runs>0 1 5 13 4</runs>
            <runs>0 1 4 14 5</runs>
            <runs>0 1 3 15 5</runs>
            <runs>4 14 5</runs>
            <runs>4 13 6</runs>
            <runs>4 11 7</runs>
            <runs>5 8 9</runs>
            <runs>0 1 6 3 11</runs>
            <runs>0 1 19</runs>
            <runs>0 2 17</runs>
            <runs>0 3 15</runs>
            <runs>0 4 12</runs>
            <runs>0 6 8</runs>
        </run-table>
    </sample>
    <sample shape="DYNAMICS_MF" interline="21" left="375" top="667" id="145">
        <run-table orientation="VERTICAL" width="59" height="47">
            <runs>0 17 2</runs>
            <runs>0 16 3 9 5</runs>
            <runs>0 14 5 7 7</runs>
            <runs>0 13 5 4 11</runs>
            <runs>0 12 4 3 14</runs>
            <runs>0 12 21</runs>
            <runs>0 11 22</runs>
            <runs>0 11 19</runs>
            <runs>0 12 16</runs>
            <runs>0 12 13</runs>
            <runs>0 12 10 8 3</runs>
            <runs>0 13 6 8 6</runs>
            <runs>0 12 4 8 10</runs>
            <runs>0 12 3 7 12</runs>
            <runs>0 11 4 4 15</runs>
            <runs>0 11 23</runs>
            <runs>0 11 22</runs>
            <runs>0 11 20</runs>
            <runs>0 11 16</runs>
            <runs>0 12 13</runs>
            <runs>0 13 9 16 6</runs>
            <runs>0 12 7 9 3 6 8</runs>
            <runs>0 12 5 7 8 4 9</runs>
            <runs>0 11 5 5 12 3 10</runs>
            <runs>0 11 4 3 15 3 10</runs>
            <runs>0 11 23 2 11</runs>
            <runs>0 11 23 2 11</runs>
            <runs>0 11 23 3 10</runs>
            <runs>0 11 23 6 7</runs>
            <runs>0 12 14 1 6 6 8</runs>
            <runs>0 13 10 4 6 4 9</runs>
            <runs>0 14 5 8 5 1 13</runs>
            <runs>0 14 4 12 15</runs>
            <runs>0 14 3 10 17</runs>
            <runs>0 14 4 6 19</runs>
            <runs>0 14 4 2 22</runs>
            <runs>0 14 27</runs>
            <runs>0 14 26</runs>
            <runs>0 14 24</runs>
            <runs>0 12 24</runs>
            <runs>0 10 24</runs>
            <runs>0 9 23</runs>
            <runs>0 7 23</runs>
            <runs>0 6 21</runs>
            <runs>0 5 19</runs>
            <runs>0 3 18</runs>
            <runs>0 3 15</runs>
            <runs>0 2 11 1 3</runs>
            <runs>0 1 9 4 3</runs>
            <runs>0 1 7 6 4</runs>
            <runs>5 9 4</runs>
            <runs>8 6 3</runs>
            <runs>9 5 3</runs>
            <runs>10 5 2</runs>
            <runs>0 1 9</runs>
            <runs>0 1 9</runs>
            <runs>0 2 8</runs>
            <runs>0 3 6</runs>
            <runs>0 4 4</runs>
        </run-table>
    </sample>
    <sample shape="DYNAMICS_MF" interline="21" left="1962" top="682" id="214">
        <run-table orientation="VERTICAL" width="61" height="45">
            <runs>0 28 2</runs>
            <runs>0 13 4 8 6</runs>
            <runs>0 12 7 4 9</runs>
            <runs>0 11 8 1 12</runs>
            <runs>0 10 22</runs>
            <runs>0 10 22</runs>
            <runs>0 9 23</runs>
            <runs>0 9 23</runs>
            <runs>0 10 20</runs>
            <runs>0 10 18</runs>
            <runs>0 11 14 1 4</runs>
            <runs>0 11 11 2 7</runs>
            <runs>0 10 9 3 10</runs>
            <runs>0 10 7 2 13</runs>
            <runs>0 10 5 1 16</runs>
            <runs>0 10 22</runs>
            <runs>0 10 22</runs>
            <runs>0 10 22</runs>
            <runs>0 10 21</runs>
            <runs>0 10 17</runs>
            <runs>0 10 14</runs>
            <runs>0 10 13 2 2 10 5</runs>
            <runs>0 10 9 4 6 7 7</runs>
            <runs>0 9 8 3 10 5 9</runs>
            <runs>0 9 7 1 14 3 10</runs>
            <runs>0 9 23 2 10</runs>
            <runs>0 9 23 2 11</runs>
            <runs>0 9 23 3 10</runs>
            <runs>0 9 23 3 10</runs>
            <runs>0 9 23 4 3 1 5</runs>
            <runs>0 10 22 7 6</runs>
            <runs>0 11 21 6 7</runs>
            <runs>0 11 10 4 6 4 10</runs>
            <runs>0 13 5 7 5 2 12</runs>
            <runs>0 14 3 11 15</runs>
            <runs>0 14 3 8 18</runs>
            <runs>0 14 3 6 18</runs>
            <runs>0 14 3 2 21</runs>
            <runs>0 14 25</runs>
            <runs>0 14 23</runs>
            <runs>0 13 23</runs>
            <runs>0 11 23</runs>
            <runs>0 9 23</runs>
            <runs>0 8 22</runs>
            <runs>0 6 22</runs>
            <runs>0 5 20</runs>
            <runs>0 4 19</runs>
            <runs>0 2 17</runs>
            <runs>0 2 15</runs>
            <runs>0 1 11 2 3</runs>
            <runs>0 1 8 5 3</runs>
            <runs>7 7 3</runs>
            <runs>8 6 3</runs>
            <runs>9 5 3</runs>
            <runs>9 5 3</runs>
            <runs>10 4 2</runs>
            <runs>10</runs>
            <runs>0 1 9</runs>
            <runs>0 1 9</runs>
            <runs>0 2 8</runs>
            <runs>0 3 6</runs>
        </run-table>
    </sample>
    <sample shape="DYNAMICS_MF" interline="21" left="1963" top="445" id="215">
        <run-table orientation="VERTICAL" width="58" height="46">
            <runs>0 15 3 10 4</runs>
            <runs>0 14 4 8 6</runs>
            <runs>0 13 3 7 9</runs>
            <runs>0 11 4 5 12</runs>
            <runs>0 11 4 2 15</runs>
            <runs>0 11 21</runs>
            <runs>0 11 20</runs>
            <runs>0 11 18</runs>
            <runs>0 11 16</runs>
            <runs>0 12 8 3 1</runs>
            <runs>0 12 5 10 5</runs>
            <runs>0 12 3 10 7</runs>
            <runs>0 12 2 8 11</runs>
            <runs>0 11 3 5 14</runs>
            <runs>0 11 3 3 16</runs>
            <runs>0 11 21</runs>
            <runs>0 11 20</runs>
            <runs>0 10 19</runs>
            <runs>0 11 15</runs>
            <runs>0 11 9 18 4</runs>
            <runs>0 12 5 19 8</runs>
            <runs>0 11 5 9 6 4 10</runs>
            <runs>0 11 4 6 11 3 10</runs>
            <runs>0 10 4 4 14 3 11</runs>
            <runs>0 10 4 2 16 3 11</runs>
            <runs>0 10 23 3 10</runs>
            <runs>0 10 23 4 9</runs>
            <runs>0 10 23 5 1 1 6</runs>
            <runs>0 10 22 7 7</runs>
            <runs>0 11 11 4 6 6 8</runs>
            <runs>0 12 7 7 6 3 10</runs>
            <runs>0 14 3 10 4 2 12</runs>
            <runs>0 14 3 12 15</runs>
            <runs>0 14 3 9 17</runs>
            <runs>0 14 3 5 20</runs>
            <runs>0 14 3 3 21</runs>
            <runs>0 14 26</runs>
            <runs>0 14 24</runs>
            <runs>0 14 22</runs>
            <runs>0 12 23</runs>
            <runs>0 10 23</runs>
            <runs>0 8 23</runs>
            <runs>0 7 20</runs>
            <runs>0 5 20</runs>
            <runs>0 5 14</runs>
            <runs>0 4 13</runs>
            <runs>0 2 10 2 3</runs>
            <runs>0 2 7 5 3</runs>
            <runs>0 1 6 7 3</runs>
            <runs>0 1 5 8 3</runs>
            <runs>5 9 3</runs>
            <runs>8 6 3</runs>
            <runs>9 5 2</runs>
            <runs>10</runs>
            <runs>0 1 9</runs>
            <runs>0 1 9</runs>
            <runs>0 2 7</runs>
            <runs>0 3 6</runs>
        </run-table>
    </sample>
</samples>
