<?xml version="1.0" encoding="UTF-8" standalone="yes"?>
<samples sheet-name="IMSLP08541#29">
    <sample shape="G_CLEF" interline="22" pitch="0.5" left="486" top="459" id="217">
        <run-table orientation="VERTICAL" width="58" height="163">
            <runs>0 85 11</runs>
            <runs>0 76 25</runs>
            <runs>0 75 29</runs>
            <runs>0 72 34</runs>
            <runs>0 70 38</runs>
            <runs>0 69 40 35 6</runs>
            <runs>0 67 44 31 11</runs>
            <runs>0 65 47 28 15</runs>
            <runs>0 64 27 14 9 25 17</runs>
            <runs>0 62 27 18 8 23 19</runs>
            <runs>0 61 26 22 7 22 20</runs>
            <runs>0 60 25 25 7 20 22</runs>
            <runs>0 59 24 29 6 19 22</runs>
            <runs>0 58 23 32 9 14 24</runs>
            <runs>0 54 25 35 8 14 24</runs>
            <runs>0 54 25 35 8 14 25</runs>
            <runs>0 54 24 37 7 14 19 1 5</runs>
            <runs>0 54 24 17 3 18 6 14 19 2 4</runs>
            <runs>0 53 25 12 12 14 6 15 18 3 4</runs>
            <runs>0 53 19 15 17 12 6 15 18 3 4</runs>
            <runs>0 52 18 13 24 8 7 16 16 4 4</runs>
            <runs>0 51 18 13 27 7 6 17 15 5 4</runs>
            <runs>0 50 18 12 21 5 4 6 6 18 13 6 4</runs>
            <runs>0 50 17 9 18 14 2 6 6 19 11 7 4</runs>
            <runs>0 49 17 10 16 24 7 20 7 9 4</runs>
            <runs>0 48 18 10 15 26 6 36 4</runs>
            <runs>0 48 17 11 14 27 6 36 4</runs>
            <runs>0 47 17 12 13 28 6 35 5</runs>
            <runs>0 46 17 13 12 29 6 35 5</runs>
            <runs>0 30 8 6 18 13 13 29 6 35 5</runs>
            <runs>0 28 34 12 14 29 6 35 4</runs>
            <runs>0 23 40 11 13 29 7 34 5</runs>
            <runs>0 20 50 3 14 29 7 34 5</runs>
            <runs>0 17 13 11 47 69 4</runs>
            <runs>0 16 10 15 17 12 19 67 5</runs>
            <runs>0 14 10 17 16 15 30 53 5</runs>
            <runs>0 12 11 17 17 15 16 2 16 48 5</runs>
            <runs>0 11 10 18 17 16 15 8 17 40 7</runs>
            <runs>0 9 11 18 18 16 15 11 26 26 8</runs>
            <runs>0 8 11 14 23 16 14 26 44</runs>
            <runs>0 7 11 15 19 21 14 27 40</runs>
            <runs>0 6 10 17 19 21 14 28 8 4 25</runs>
            <runs>0 5 11 17 18 23 13 28 8 14 12</runs>
            <runs>0 4 11 18 17 24 13 28 8</runs>
            <runs>0 3 11 18 17 26 13 27 8</runs>
            <runs>0 2 12 17 17 27 13 26 9</runs>
            <runs>0 1 12 15 1 2 15 30 12 26 4</runs>
            <runs>0 1 11 16 17 31 13 17 2 2 2 1 5</runs>
            <runs>12 16 15 34 13 16 11</runs>
            <runs>11 17 13 36 14 15 11</runs>
            <runs>11 16 13 36 16 14 10</runs>
            <runs>0 1 10 13 15 37 17 12 10</runs>
            <runs>0 3 10 8 15 45 33</runs>
            <runs>0 5 31 46 31</runs>
            <runs>0 9 27 48 27</runs>
            <runs>0 11 19 56 24</runs>
            <runs>0 16 5 6 3 59 17</runs>
            <runs>0 27 3 66 7</runs>
        </run-table>
    </sample>
    <sample shape="G_CLEF" interline="22" pitch="0.4" left="486" top="1021" id="240">
        <run-table orientation="VERTICAL" width="57" height="165">
            <runs>0 81 15</runs>
            <runs>0 76 28</runs>
            <runs>0 75 31</runs>
            <runs>0 73 35</runs>
            <runs>0 71 40</runs>
            <runs>0 69 43</runs>
            <runs>0 68 46 31 7</runs>
            <runs>0 66 29 2 18 28 13</runs>
            <runs>0 64 27 17 8 25 17</runs>
            <runs>0 63 26 21 7 23 19</runs>
            <runs>0 62 24 26 6 22 20</runs>
            <runs>0 60 24 30 5 21 21</runs>
            <runs>0 59 24 32 4 20 23</runs>
            <runs>0 55 26 35 8 15 23</runs>
            <runs>0 55 25 37 7 14 24</runs>
            <runs>0 55 24 38 7 14 25</runs>
            <runs>0 55 24 39 3 17 19 2 4</runs>
            <runs>0 55 20 17 10 17 2 17 19 3 4</runs>
            <runs>0 54 19 15 16 16 1 17 19 4 3</runs>
            <runs>0 53 19 13 21 14 1 18 18 4 3</runs>
            <runs>0 52 18 14 26 10 1 18 18 4 4</runs>
            <runs>0 51 18 13 21 2 6 29 16 6 3</runs>
            <runs>0 51 17 13 20 8 4 28 13 8 3</runs>
            <runs>0 36 1 13 18 9 18 16 3 28 11 9 3</runs>
            <runs>0 36 2 12 17 10 16 51 8 10 3</runs>
            <runs>0 36 3 9 18 11 15 56 1 12 4</runs>
            <runs>0 32 7 8 19 11 14 70 4</runs>
            <runs>0 31 8 7 19 11 14 71 4</runs>
            <runs>0 27 2 1 34 12 14 71 4</runs>
            <runs>0 27 37 11 14 72 4</runs>
            <runs>0 19 49 7 14 71 4</runs>
            <runs>0 18 13 1 7 2 48 71 4</runs>
            <runs>0 16 13 13 47 70 5</runs>
            <runs>0 14 12 15 18 7 24 69 4</runs>
            <runs>0 12 11 18 17 15 29 56 5</runs>
            <runs>0 10 12 18 18 15 33 52 4</runs>
            <runs>0 8 12 18 20 16 14 7 17 45 5</runs>
            <runs>0 7 12 14 25 16 14 8 29 1 2 27 6</runs>
            <runs>0 7 11 15 25 16 14 9 2 7 24 23 6</runs>
            <runs>0 6 11 16 21 20 14 9 2 14 24 1 1 2 3 6 8</runs>
            <runs>0 4 12 17 19 22 14 29 40</runs>
            <runs>0 3 11 19 18 23 14 30 7 2 27</runs>
            <runs>0 3 11 19 17 24 14 30 3 16 14</runs>
            <runs>0 2 11 19 17 26 14 29 3</runs>
            <runs>0 2 10 19 17 27 14 28 3</runs>
            <runs>0 1 11 18 16 30 14 27 3</runs>
            <runs>0 1 10 18 15 33 14 25 3</runs>
            <runs>11 16 15 35 15 23 3</runs>
            <runs>0 1 10 14 16 37 15 20 3</runs>
            <runs>0 1 10 12 17 38 16 18 4</runs>
            <runs>0 4 9 8 17 40 17 15 5</runs>
            <runs>0 6 30 42 19 11 6</runs>
            <runs>0 10 26 46 30</runs>
            <runs>0 13 15 56 27</runs>
            <runs>0 18 2 66 23</runs>
            <runs>0 88 18</runs>
            <runs>0 92 12</runs>
        </run-table>
    </sample>
    <sample shape="G_CLEF" interline="22" pitch="0.4" left="479" top="1657" id="263">
        <run-table orientation="VERTICAL" width="58" height="164">
            <runs>0 90 1</runs>
            <runs>0 84 17</runs>
            <runs>0 76 27</runs>
            <runs>0 75 30</runs>
            <runs>0 72 36</runs>
            <runs>0 71 38</runs>
            <runs>0 69 42 34 7</runs>
            <runs>0 68 44 31 11</runs>
            <runs>0 66 48 27 15</runs>
            <runs>0 64 29 13 10 24 18</runs>
            <runs>0 63 27 19 7 24 18</runs>
            <runs>0 62 25 24 6 22 21</runs>
            <runs>0 61 24 27 6 21 21</runs>
            <runs>0 59 24 31 5 19 23</runs>
            <runs>0 54 28 33 8 15 24</runs>
            <runs>0 55 26 35 7 15 24</runs>
            <runs>0 55 25 37 3 17 25</runs>
            <runs>0 54 25 38 3 17 19 3 4</runs>
            <runs>0 54 25 12 10 17 2 17 19 4 3</runs>
            <runs>0 54 20 14 15 16 1 18 18 4 3</runs>
            <runs>0 53 19 14 20 13 1 18 18 5 3</runs>
            <runs>0 52 19 13 25 10 1 19 17 5 3</runs>
            <runs>0 51 19 13 27 9 1 20 15 6 3</runs>
            <runs>0 51 18 12 20 6 5 29 13 7 3</runs>
            <runs>0 50 18 12 15 14 4 29 11 9 2</runs>
            <runs>0 49 18 10 17 18 1 30 9 10 2</runs>
            <runs>0 48 18 11 15 69 3</runs>
            <runs>0 47 19 11 14 70 3</runs>
            <runs>0 46 19 11 14 71 3</runs>
            <runs>0 46 18 12 14 71 3</runs>
            <runs>0 30 34 11 14 72 3</runs>
            <runs>0 24 41 10 14 72 2</runs>
            <runs>0 21 49 4 15 72 2</runs>
            <runs>0 18 19 4 48 71 3</runs>
            <runs>0 15 14 12 18 4 27 70 3</runs>
            <runs>0 14 12 15 17 13 23 65 3</runs>
            <runs>0 12 12 16 17 16 31 54 4</runs>
            <runs>0 10 12 18 17 16 16 5 18 45 4</runs>
            <runs>0 9 12 18 18 16 15 10 26 32 4</runs>
            <runs>0 8 11 18 20 16 14 20 20 4 2 22 4</runs>
            <runs>0 7 11 15 21 19 14 26 26 2 1 10 5</runs>
            <runs>0 6 11 16 20 20 14 30 39</runs>
            <runs>0 5 11 17 19 22 14 30 2 9 24</runs>
            <runs>0 4 10 19 18 23 14 30 2 20 7</runs>
            <runs>0 3 11 19 16 26 13 29 3</runs>
            <runs>0 3 10 19 16 27 14 27 3</runs>
            <runs>0 2 10 20 15 29 13 26 3</runs>
            <runs>0 1 11 18 16 30 14 24 4</runs>
            <runs>0 1 10 18 15 33 14 21 5</runs>
            <runs>11 17 15 34 15 19 5</runs>
            <runs>11 16 14 36 16 17 5</runs>
            <runs>0 1 10 15 13 38 17 15 5</runs>
            <runs>0 3 10 11 13 40 18 13 5</runs>
            <runs>0 6 10 4 16 45 21 1 8</runs>
            <runs>0 9 21 53 26</runs>
            <runs>0 14 12 59 22</runs>
            <runs>0 87 18</runs>
            <runs>0 90 12</runs>
        </run-table>
    </sample>
    <sample shape="G_CLEF" interline="22" pitch="0.4" left="472" top="2321" id="286">
        <run-table orientation="VERTICAL" width="56" height="164">
            <runs>0 82 18</runs>
            <runs>0 76 26</runs>
            <runs>0 74 32</runs>
            <runs>0 72 36</runs>
            <runs>0 70 39</runs>
            <runs>0 69 42 33 9</runs>
            <runs>0 67 45 30 13</runs>
            <runs>0 65 29 10 9 28 15</runs>
            <runs>0 64 25 18 8 25 18</runs>
            <runs>0 63 24 22 7 23 19</runs>
            <runs>0 61 24 26 6 21 21</runs>
            <runs>0 60 23 29 6 20 22</runs>
            <runs>0 59 23 31 9 15 23</runs>
            <runs>0 58 22 34 8 15 24</runs>
            <runs>0 54 25 36 7 15 24</runs>
            <runs>0 54 24 38 3 18 25</runs>
            <runs>0 54 24 39 2 18 19 1 6</runs>
            <runs>0 54 19 18 10 17 1 18 19 2 5</runs>
            <runs>0 53 19 15 16 15 1 18 20 2 5</runs>
            <runs>0 53 18 13 22 12 1 19 18 4 4</runs>
            <runs>0 52 17 14 25 30 17 5 4</runs>
            <runs>0 51 17 14 18 6 1 32 15 6 4</runs>
            <runs>0 50 17 14 14 45 13 7 4</runs>
            <runs>0 50 17 9 17 48 11 8 4</runs>
            <runs>0 49 17 10 16 52 6 10 3</runs>
            <runs>0 48 17 11 15 69 3</runs>
            <runs>0 47 17 12 14 70 3</runs>
            <runs>0 46 18 12 13 70 4</runs>
            <runs>0 30 33 12 13 71 4</runs>
            <runs>0 25 38 12 13 71 4</runs>
            <runs>0 22 42 1 1 8 14 71 3</runs>
            <runs>0 19 69 70 4</runs>
            <runs>0 17 12 11 48 70 4</runs>
            <runs>0 15 12 14 18 11 19 68 4</runs>
            <runs>0 13 11 16 17 15 29 56 3</runs>
            <runs>0 11 12 16 16 18 15 5 9 54 4</runs>
            <runs>0 10 12 16 18 17 14 8 17 42 5</runs>
            <runs>0 9 11 17 19 17 13 20 18 29 5</runs>
            <runs>0 8 10 19 19 17 13 25 18 23 5</runs>
            <runs>0 7 10 16 19 22 13 30 28 2 9</runs>
            <runs>0 5 11 17 18 23 13 30 37</runs>
            <runs>0 4 11 18 17 24 13 30 2 17 15</runs>
            <runs>0 3 12 18 16 25 13 30 2</runs>
            <runs>0 2 12 18 17 25 13 29 2</runs>
            <runs>0 2 11 18 16 28 13 27 3</runs>
            <runs>0 1 11 18 16 29 14 25 3</runs>
            <runs>12 17 16 31 14 23 3</runs>
            <runs>11 17 16 33 13 23 2</runs>
            <runs>11 16 15 35 14 21 2</runs>
            <runs>11 14 15 37 15 18 3</runs>
            <runs>0 1 11 11 15 39 17 14 3</runs>
            <runs>0 4 11 5 16 44 16 10 4</runs>
            <runs>0 7 29 46 27</runs>
            <runs>0 10 20 53 24</runs>
            <runs>0 12 14 59 19</runs>
            <runs>0 88 14</runs>
        </run-table>
    </sample>
    <sample shape="G_CLEF" interline="22" pitch="0.3" left="462" top="2946" id="309">
        <run-table orientation="VERTICAL" width="58" height="162">
            <runs>0 86 1</runs>
            <runs>0 83 16</runs>
            <runs>0 75 25</runs>
            <runs>0 75 28</runs>
            <runs>0 73 33</runs>
            <runs>0 70 38</runs>
            <runs>0 67 42</runs>
            <runs>0 66 45 30 9</runs>
            <runs>0 64 48 27 13</runs>
            <runs>0 63 31 8 11 25 16</runs>
            <runs>0 62 27 15 10 23 18</runs>
            <runs>0 60 26 22 7 21 20</runs>
            <runs>0 60 25 25 6 20 21</runs>
            <runs>0 59 23 29 6 18 23</runs>
            <runs>0 57 23 32 9 14 23</runs>
            <runs>0 54 25 34 9 13 24</runs>
            <runs>0 54 24 36 8 13 24</runs>
            <runs>0 54 23 38 7 13 19 1 5</runs>
            <runs>0 53 22 13 13 15 2 17 18 3 4</runs>
            <runs>0 52 20 13 19 13 1 17 18 4 4</runs>
            <runs>0 51 20 12 22 12 1 17 18 5 3</runs>
            <runs>0 51 19 12 25 10 1 18 17 5 3</runs>
            <runs>0 50 19 11 29 8 1 18 17 5 3</runs>
            <runs>0 49 19 8 24 4 7 26 15 7 2</runs>
            <runs>0 48 19 9 18 13 5 26 13 8 2</runs>
            <runs>0 47 19 10 16 17 3 28 10 9 3</runs>
            <runs>0 46 18 12 14 52 6 11 2</runs>
            <runs>0 46 17 13 13 69 4</runs>
            <runs>0 45 18 12 14 69 4</runs>
            <runs>0 28 34 12 14 70 4</runs>
            <runs>0 23 40 11 13 71 3</runs>
            <runs>0 20 46 7 14 71 3</runs>
            <runs>0 17 70 70 4</runs>
            <runs>0 15 13 12 47 70 3</runs>
            <runs>0 14 12 14 18 7 1 1 21 69 3</runs>
            <runs>0 12 12 16 17 14 30 55 3</runs>
            <runs>0 10 12 17 17 16 31 52 4</runs>
            <runs>0 9 11 17 19 16 14 5 19 7 1 36 5</runs>
            <runs>0 8 11 17 20 16 14 10 19 1 2 35 5</runs>
            <runs>0 6 12 14 24 16 14 17 22 27 5</runs>
            <runs>0 5 12 15 19 21 14 24 2 2 16 3 3 15 4</runs>
            <runs>0 4 12 16 19 21 14 29 27 3 9</runs>
            <runs>0 3 11 18 18 23 13 29 38</runs>
            <runs>0 3 10 19 17 24 14 28 7 12 16</runs>
            <runs>0 2 11 18 17 25 14 28 3 21 4</runs>
            <runs>0 1 11 18 17 26 14 27 3</runs>
            <runs>12 17 17 28 14 25 3</runs>
            <runs>11 17 16 31 14 23 4</runs>
            <runs>10 16 17 32 14 22 4</runs>
            <runs>10 15 17 34 14 20 4</runs>
            <runs>11 13 15 37 15 18 3</runs>
            <runs>0 3 11 7 17 39 16 14 4</runs>
            <runs>0 4 32 40 19 11 5</runs>
            <runs>0 7 28 41 33</runs>
            <runs>0 9 22 51 25</runs>
            <runs>0 14 9 60 22</runs>
            <runs>0 85 17</runs>
            <runs>0 87 13</runs>
        </run-table>
    </sample>
    <sample shape="F_CLEF" interline="22" pitch="-1.5" left="474" top="733" id="227">
        <run-table orientation="VERTICAL" width="70" height="75">
            <runs>0 73 1</runs>
            <runs>0 73 2</runs>
            <runs>0 72 3</runs>
            <runs>0 72 3</runs>
            <runs>0 72 2</runs>
            <runs>0 72 2</runs>
            <runs>0 71 2</runs>
            <runs>0 71 2</runs>
            <runs>0 70 3</runs>
            <runs>0 70 3</runs>
            <runs>0 69 3</runs>
            <runs>0 68 4</runs>
            <runs>0 14 10 44 3</runs>
            <runs>0 11 13 44 3</runs>
            <runs>0 9 16 43 3</runs>
            <runs>0 8 17 43 2</runs>
            <runs>0 6 20 42 1</runs>
            <runs>0 5 22 41 1</runs>
            <runs>0 4 23</runs>
            <runs>0 3 3 4 18</runs>
            <runs>0 3 2 5 18</runs>
            <runs>0 3 1 6 18</runs>
            <runs>0 3 1 6 18 34 1</runs>
            <runs>0 10 18 33 2</runs>
            <runs>0 11 17 32 7</runs>
            <runs>0 11 17 31 8</runs>
            <runs>0 11 16 32 8</runs>
            <runs>0 12 15 31 5</runs>
            <runs>0 12 14 32 4</runs>
            <runs>0 14 11 32 5</runs>
            <runs>0 15 9 32 5</runs>
            <runs>0 54 7</runs>
            <runs>0 53 7</runs>
            <runs>0 51 8</runs>
            <runs>0 50 8</runs>
            <runs>0 49 9</runs>
            <runs>0 44 13</runs>
            <runs>0 44 12</runs>
            <runs>0 43 12</runs>
            <runs>0 41 13</runs>
            <runs>0 4 2 32 15</runs>
            <runs>7 27 19</runs>
            <runs>8 24 20</runs>
            <runs>10 18 22</runs>
            <runs>49</runs>
            <runs>48</runs>
            <runs>47</runs>
            <runs>47</runs>
            <runs>46</runs>
            <runs>0 4 42</runs>
            <runs>0 5 37</runs>
            <runs>0 6 33</runs>
            <runs>0 8 30</runs>
            <runs>0 10 26</runs>
            <runs>0 12 20</runs>
            <runs>0 14 14</runs>
            <runs>0 17 8</runs>
            <runs></runs>
            <runs></runs>
            <runs>0 36 4</runs>
            <runs>0 11 3 21 7</runs>
            <runs>0 8 7 19 9</runs>
            <runs>0 8 7 19 12</runs>
            <runs>0 7 9 18 12</runs>
            <runs>0 7 10 17 12</runs>
            <runs>0 6 11 17 12</runs>
            <runs>0 7 10 19 6</runs>
            <runs>0 7 9 21 4</runs>
            <runs>0 8 7</runs>
            <runs>0 10 3</runs>
        </run-table>
    </sample>
    <sample shape="F_CLEF" interline="22" pitch="-1.5" left="471" top="1348" id="250">
        <run-table orientation="VERTICAL" width="69" height="75">
            <runs>0 73 2</runs>
            <runs>0 73 2</runs>
            <runs>0 72 3</runs>
            <runs>0 72 3</runs>
            <runs>0 72 2</runs>
            <runs>0 72 2</runs>
            <runs>0 71 3</runs>
            <runs>0 71 2</runs>
            <runs>0 70 3</runs>
            <runs>0 70 3</runs>
            <runs>0 69 3</runs>
            <runs>0 68 4</runs>
            <runs>0 12 12 44 3</runs>
            <runs>0 10 15 43 3</runs>
            <runs>0 9 17 42 2</runs>
            <runs>0 7 20 41 2</runs>
            <runs>0 6 21 41 1</runs>
            <runs>27 41 1</runs>
            <runs>9 1 18</runs>
            <runs>7 4 17</runs>
            <runs>0 4 2 5 18</runs>
            <runs>0 4 1 6 18 34 1</runs>
            <runs>0 4 1 6 18 34 1</runs>
            <runs>0 11 18 33 2</runs>
            <runs>0 11 18 32 7</runs>
            <runs>0 11 17 32 8</runs>
            <runs>0 12 16 31 5</runs>
            <runs>0 13 14 31 5</runs>
            <runs>0 13 13 31 6</runs>
            <runs>0 15 10 31 6</runs>
            <runs>0 55 6</runs>
            <runs>0 54 7</runs>
            <runs>0 53 7</runs>
            <runs>0 52 8</runs>
            <runs>0 50 9</runs>
            <runs>0 44 14</runs>
            <runs>0 44 13</runs>
            <runs>0 4 1 38 13</runs>
            <runs>0 4 1 36 14</runs>
            <runs>0 4 2 34 14</runs>
            <runs>7 31 15</runs>
            <runs>0 1 7 27 18</runs>
            <runs>0 1 9 21 21</runs>
            <runs>0 1 12 8 30</runs>
            <runs>0 1 49</runs>
            <runs>0 1 47</runs>
            <runs>0 1 46</runs>
            <runs>0 1 45</runs>
            <runs>46</runs>
            <runs>0 5 41</runs>
            <runs>0 6 36</runs>
            <runs>0 8 32</runs>
            <runs>0 10 26</runs>
            <runs>0 11 23</runs>
            <runs>0 12 19</runs>
            <runs>0 16 11</runs>
            <runs></runs>
            <runs></runs>
            <runs>0 37 2</runs>
            <runs>0 35 6</runs>
            <runs>0 10 4 21 11</runs>
            <runs>0 8 7 19 12</runs>
            <runs>0 7 9 18 12</runs>
            <runs>0 7 9 18 12</runs>
            <runs>0 6 10 18 9</runs>
            <runs>0 6 10 19 8</runs>
            <runs>0 7 9 19 7</runs>
            <runs>0 8 7 21 5</runs>
            <runs>0 9 5</runs>
        </run-table>
    </sample>
    <sample shape="F_CLEF" interline="22" pitch="-1.6" left="466" top="2006" id="273">
        <run-table orientation="VERTICAL" width="68" height="77">
            <runs>0 74 3</runs>
            <runs>0 74 3</runs>
            <runs>0 74 3</runs>
            <runs>0 74 2</runs>
            <runs>0 74 2</runs>
            <runs>0 73 3</runs>
            <runs>0 72 3</runs>
            <runs>0 72 3</runs>
            <runs>0 72 2</runs>
            <runs>0 71 3</runs>
            <runs>0 15 10 46 2</runs>
            <runs>0 12 14 44 3</runs>
            <runs>0 10 16 44 2</runs>
            <runs>0 8 19 42 3</runs>
            <runs>0 7 21 40 3</runs>
            <runs>0 6 23 39 3</runs>
            <runs>0 5 24 39 2</runs>
            <runs>8 3 18 39 2</runs>
            <runs>7 4 19 38 2</runs>
            <runs>0 4 2 6 18 38 1</runs>
            <runs>0 4 2 6 18</runs>
            <runs>0 4 1 7 18</runs>
            <runs>0 4 1 7 18 33 1</runs>
            <runs>0 4 1 7 17 33 2</runs>
            <runs>0 13 16 32 7</runs>
            <runs>0 13 15 32 8</runs>
            <runs>0 14 13 32 9</runs>
            <runs>0 15 11 32 10</runs>
            <runs>0 17 8 32 6</runs>
            <runs>0 20 2 34 6</runs>
            <runs>0 55 7</runs>
            <runs>0 54 7</runs>
            <runs>0 53 7</runs>
            <runs>0 52 7</runs>
            <runs>0 50 8</runs>
            <runs>0 44 14</runs>
            <runs>0 5 1 37 14</runs>
            <runs>0 5 1 37 13</runs>
            <runs>0 5 2 34 14</runs>
            <runs>9 28 18</runs>
            <runs>10 23 21</runs>
            <runs>0 1 12 10 30</runs>
            <runs>0 1 51</runs>
            <runs>0 1 49</runs>
            <runs>0 1 48</runs>
            <runs>0 1 47</runs>
            <runs>0 1 46</runs>
            <runs>0 5 41</runs>
            <runs>0 6 40</runs>
            <runs>0 7 35</runs>
            <runs>0 8 32</runs>
            <runs>0 10 28</runs>
            <runs>0 11 25</runs>
            <runs>0 14 19</runs>
            <runs>0 17 11</runs>
            <runs></runs>
            <runs></runs>
            <runs>0 35 3</runs>
            <runs>0 9 4 22 6</runs>
            <runs>0 8 7 19 8</runs>
            <runs>0 7 9 17 9</runs>
            <runs>0 7 9 17 10</runs>
            <runs>0 7 9 17 10</runs>
            <runs>0 7 9 17 10</runs>
            <runs>0 7 9 18 9</runs>
            <runs>0 8 7 20 7</runs>
            <runs>0 9 6 21 4</runs>
            <runs>0 11 2</runs>
        </run-table>
    </sample>
    <sample shape="F_CLEF" interline="22" pitch="-1.6" left="461" top="2616" id="296">
        <run-table orientation="VERTICAL" width="67" height="77">
            <runs>0 76 1</runs>
            <runs>0 75 2</runs>
            <runs>0 75 2</runs>
            <runs>0 74 2</runs>
            <runs>0 74 2</runs>
            <runs>0 74 2</runs>
            <runs>0 73 3</runs>
            <runs>0 73 2</runs>
            <runs>0 72 3</runs>
            <runs>0 17 3 52 2</runs>
            <runs>0 13 12 46 2</runs>
            <runs>0 11 14 46 2</runs>
            <runs>0 9 17 44 2</runs>
            <runs>0 8 19 42 3</runs>
            <runs>0 6 22 40 3</runs>
            <runs>0 5 23 40 2</runs>
            <runs>0 5 5 2 17 39 2</runs>
            <runs>0 1 7 4 17 39 2</runs>
            <runs>0 5 2 5 17 39 1</runs>
            <runs>0 5 1 6 17 39 1</runs>
            <runs>0 12 18</runs>
            <runs>0 12 18</runs>
            <runs>0 12 18 33 1</runs>
            <runs>0 13 16 34 1</runs>
            <runs>0 13 16 33 2</runs>
            <runs>0 14 14 33 7</runs>
            <runs>0 15 12 33 8</runs>
            <runs>0 17 9 33 5</runs>
            <runs>0 57 7</runs>
            <runs>0 56 7</runs>
            <runs>0 55 7</runs>
            <runs>0 54 7</runs>
            <runs>0 53 7</runs>
            <runs>0 51 8</runs>
            <runs>0 49 9</runs>
            <runs>0 44 13</runs>
            <runs>0 44 12</runs>
            <runs>7 36 12</runs>
            <runs>0 1 7 32 14</runs>
            <runs>0 1 8 28 17</runs>
            <runs>0 1 10 21 21</runs>
            <runs>0 2 16 5 29</runs>
            <runs>0 2 49</runs>
            <runs>0 2 48</runs>
            <runs>0 1 48</runs>
            <runs>0 1 46</runs>
            <runs>0 1 46</runs>
            <runs>0 6 41</runs>
            <runs>0 8 35</runs>
            <runs>0 9 32</runs>
            <runs>0 11 29</runs>
            <runs>0 12 25</runs>
            <runs>0 14 20</runs>
            <runs>0 16 13 3 1</runs>
            <runs></runs>
            <runs></runs>
            <runs></runs>
            <runs>0 36 4</runs>
            <runs>0 9 4 22 6</runs>
            <runs>0 8 6 20 7</runs>
            <runs>0 7 8 18 9</runs>
            <runs>0 7 8 18 9</runs>
            <runs>0 6 9 18 9</runs>
            <runs>0 6 9 19 8</runs>
            <runs>0 7 8 19 7</runs>
            <runs>0 8 6 21 5</runs>
            <runs>0 11 1</runs>
        </run-table>
    </sample>
    <sample shape="F_CLEF" interline="22" pitch="-1.5" left="450" top="3232" id="319">
        <run-table orientation="VERTICAL" width="69" height="77">
            <runs>0 75 2</runs>
            <runs>0 74 3</runs>
            <runs>0 74 3</runs>
            <runs>0 73 4</runs>
            <runs>0 73 3</runs>
            <runs>0 73 3</runs>
            <runs>0 73 3</runs>
            <runs>0 72 4</runs>
            <runs>0 72 3</runs>
            <runs>0 71 4</runs>
            <runs>0 67 8</runs>
            <runs>0 18 3 46 7</runs>
            <runs>0 12 14 45 2</runs>
            <runs>0 10 16 45 2</runs>
            <runs>0 8 18 45 1</runs>
            <runs>0 7 20 44 1</runs>
            <runs>0 6 22</runs>
            <runs>0 1 28</runs>
            <runs>0 1 28</runs>
            <runs>0 1 8 2 18</runs>
            <runs>0 4 3 4 18 36 1</runs>
            <runs>0 4 2 5 19 35 1</runs>
            <runs>0 4 1 6 19 34 2</runs>
            <runs>0 4 1 6 18 34 7</runs>
            <runs>0 11 18 34 7</runs>
            <runs>0 12 17 32 9</runs>
            <runs>0 12 17 31 10</runs>
            <runs>0 13 15 32 5</runs>
            <runs>0 14 13 32 5</runs>
            <runs>0 16 10 32 5</runs>
            <runs>0 18 8 31 6</runs>
            <runs>0 56 7</runs>
            <runs>0 54 8</runs>
            <runs>0 53 8</runs>
            <runs>0 52 8</runs>
            <runs>0 50 9</runs>
            <runs>0 45 13</runs>
            <runs>0 44 13</runs>
            <runs>0 43 13</runs>
            <runs>0 41 15</runs>
            <runs>8 30 17</runs>
            <runs>0 1 8 28 17</runs>
            <runs>0 1 9 22 21</runs>
            <runs>0 1 15 7 28</runs>
            <runs>0 1 49</runs>
            <runs>0 1 48</runs>
            <runs>0 1 48</runs>
            <runs>0 1 47</runs>
            <runs>0 1 47</runs>
            <runs>0 6 42</runs>
            <runs>0 7 36</runs>
            <runs>0 8 32</runs>
            <runs>0 10 28</runs>
            <runs>0 11 25</runs>
            <runs>0 12 21</runs>
            <runs>0 15 15</runs>
            <runs></runs>
            <runs></runs>
            <runs></runs>
            <runs>0 36 6</runs>
            <runs>0 11 4 21 8</runs>
            <runs>0 9 7 19 9</runs>
            <runs>0 8 9 18 9</runs>
            <runs>0 8 9 18 14</runs>
            <runs>0 7 10 18 13</runs>
            <runs>0 7 10 18 13</runs>
            <runs>0 8 9 19 8</runs>
            <runs>0 8 8 22 4</runs>
            <runs>0 9 6</runs>
        </run-table>
    </sample>
    <sample shape="F_CLEF" interline="22" pitch="-1.7" left="486" top="733" id="228">
        <run-table orientation="VERTICAL" width="58" height="67">
            <runs>0 14 10</runs>
            <runs>0 11 13</runs>
            <runs>0 9 16</runs>
            <runs>0 8 17</runs>
            <runs>0 6 20</runs>
            <runs>0 5 22</runs>
            <runs>0 4 23</runs>
            <runs>0 3 3 4 18</runs>
            <runs>0 3 2 5 18</runs>
            <runs>0 3 1 6 18</runs>
            <runs>0 3 1 6 18 34 1</runs>
            <runs>0 10 18 33 2</runs>
            <runs>0 11 17 32 7</runs>
            <runs>0 11 17 31 8</runs>
            <runs>0 11 16 32 8</runs>
            <runs>0 12 15 31 5</runs>
            <runs>0 12 14 32 4</runs>
            <runs>0 14 11 32 5</runs>
            <runs>0 15 9 32 5</runs>
            <runs>0 54 7</runs>
            <runs>0 53 7</runs>
            <runs>0 51 8</runs>
            <runs>0 50 8</runs>
            <runs>0 49 9</runs>
            <runs>0 44 13</runs>
            <runs>0 44 12</runs>
            <runs>0 43 12</runs>
            <runs>0 41 13</runs>
            <runs>0 4 2 32 15</runs>
            <runs>7 27 19</runs>
            <runs>8 24 20</runs>
            <runs>10 18 22</runs>
            <runs>49</runs>
            <runs>48</runs>
            <runs>47</runs>
            <runs>47</runs>
            <runs>46</runs>
            <runs>0 4 42</runs>
            <runs>0 5 37</runs>
            <runs>0 6 33</runs>
            <runs>0 8 30</runs>
            <runs>0 10 26</runs>
            <runs>0 12 20</runs>
            <runs>0 14 14</runs>
            <runs>0 17 8</runs>
            <runs></runs>
            <runs></runs>
            <runs>0 36 4</runs>
            <runs>0 11 3 21 7</runs>
            <runs>0 8 7 19 9</runs>
            <runs>0 8 7 19 12</runs>
            <runs>0 7 9 18 12</runs>
            <runs>0 7 10 17 12</runs>
            <runs>0 6 11 17 12</runs>
            <runs>0 7 10 19 6</runs>
            <runs>0 7 9 21 4</runs>
            <runs>0 8 7</runs>
            <runs>0 10 3</runs>
        </run-table>
    </sample>
    <sample shape="F_CLEF" interline="22" pitch="-1.7" left="483" top="1348" id="251">
        <run-table orientation="VERTICAL" width="57" height="68">
            <runs>0 12 12</runs>
            <runs>0 10 15</runs>
            <runs>0 9 17</runs>
            <runs>0 7 20</runs>
            <runs>0 6 21</runs>
            <runs>27</runs>
            <runs>9 1 18</runs>
            <runs>7 4 17</runs>
            <runs>0 4 2 5 18</runs>
            <runs>0 4 1 6 18 34 1</runs>
            <runs>0 4 1 6 18 34 1</runs>
            <runs>0 11 18 33 2</runs>
            <runs>0 11 18 32 7</runs>
            <runs>0 11 17 32 8</runs>
            <runs>0 12 16 31 5</runs>
            <runs>0 13 14 31 5</runs>
            <runs>0 13 13 31 6</runs>
            <runs>0 15 10 31 6</runs>
            <runs>0 55 6</runs>
            <runs>0 54 7</runs>
            <runs>0 53 7</runs>
            <runs>0 52 8</runs>
            <runs>0 50 9</runs>
            <runs>0 44 14</runs>
            <runs>0 44 13</runs>
            <runs>0 4 1 38 13</runs>
            <runs>0 4 1 36 14</runs>
            <runs>0 4 2 34 14</runs>
            <runs>7 31 15</runs>
            <runs>0 1 7 27 18</runs>
            <runs>0 1 9 21 21</runs>
            <runs>0 1 12 8 30</runs>
            <runs>0 1 49</runs>
            <runs>0 1 47</runs>
            <runs>0 1 46</runs>
            <runs>0 1 45</runs>
            <runs>46</runs>
            <runs>0 5 41</runs>
            <runs>0 6 36</runs>
            <runs>0 8 32</runs>
            <runs>0 10 26</runs>
            <runs>0 11 23</runs>
            <runs>0 12 19</runs>
            <runs>0 16 11</runs>
            <runs></runs>
            <runs></runs>
            <runs>0 37 2</runs>
            <runs>0 35 6</runs>
            <runs>0 10 4 21 11</runs>
            <runs>0 8 7 19 12</runs>
            <runs>0 7 9 18 12</runs>
            <runs>0 7 9 18 12</runs>
            <runs>0 6 10 18 9</runs>
            <runs>0 6 10 19 8</runs>
            <runs>0 7 9 19 7</runs>
            <runs>0 8 7 21 5</runs>
            <runs>0 9 5</runs>
        </run-table>
    </sample>
    <sample shape="F_CLEF" interline="22" pitch="-1.7" left="476" top="2006" id="274">
        <run-table orientation="VERTICAL" width="58" height="68">
            <runs>0 15 10</runs>
            <runs>0 12 14</runs>
            <runs>0 10 16</runs>
            <runs>0 8 19</runs>
            <runs>0 7 21</runs>
            <runs>0 6 23</runs>
            <runs>0 5 24</runs>
            <runs>8 3 18</runs>
            <runs>7 4 19</runs>
            <runs>0 4 2 6 18</runs>
            <runs>0 4 2 6 18</runs>
            <runs>0 4 1 7 18</runs>
            <runs>0 4 1 7 18 33 1</runs>
            <runs>0 4 1 7 17 33 2</runs>
            <runs>0 13 16 32 7</runs>
            <runs>0 13 15 32 8</runs>
            <runs>0 14 13 32 9</runs>
            <runs>0 15 11 32 10</runs>
            <runs>0 17 8 32 6</runs>
            <runs>0 20 2 34 6</runs>
            <runs>0 55 7</runs>
            <runs>0 54 7</runs>
            <runs>0 53 7</runs>
            <runs>0 52 7</runs>
            <runs>0 50 8</runs>
            <runs>0 44 14</runs>
            <runs>0 5 1 37 14</runs>
            <runs>0 5 1 37 13</runs>
            <runs>0 5 2 34 14</runs>
            <runs>9 28 18</runs>
            <runs>10 23 21</runs>
            <runs>0 1 12 10 30</runs>
            <runs>0 1 51</runs>
            <runs>0 1 49</runs>
            <runs>0 1 48</runs>
            <runs>0 1 47</runs>
            <runs>0 1 46</runs>
            <runs>0 5 41</runs>
            <runs>0 6 40</runs>
            <runs>0 7 35</runs>
            <runs>0 8 32</runs>
            <runs>0 10 28</runs>
            <runs>0 11 25</runs>
            <runs>0 14 19</runs>
            <runs>0 17 11</runs>
            <runs></runs>
            <runs></runs>
            <runs>0 35 3</runs>
            <runs>0 9 4 22 6</runs>
            <runs>0 8 7 19 8</runs>
            <runs>0 7 9 17 9</runs>
            <runs>0 7 9 17 10</runs>
            <runs>0 7 9 17 10</runs>
            <runs>0 7 9 17 10</runs>
            <runs>0 7 9 18 9</runs>
            <runs>0 8 7 20 7</runs>
            <runs>0 9 6 21 4</runs>
            <runs>0 11 2</runs>
        </run-table>
    </sample>
    <sample shape="F_CLEF" interline="22" pitch="-1.7" left="470" top="2616" id="299">
        <run-table orientation="VERTICAL" width="58" height="68">
            <runs>0 17 3</runs>
            <runs>0 13 12</runs>
            <runs>0 11 14</runs>
            <runs>0 9 17</runs>
            <runs>0 8 19</runs>
            <runs>0 6 22</runs>
            <runs>0 5 23</runs>
            <runs>0 5 5 2 17</runs>
            <runs>0 1 7 4 17</runs>
            <runs>0 5 2 5 17</runs>
            <runs>0 5 1 6 17</runs>
            <runs>0 12 18</runs>
            <runs>0 12 18</runs>
            <runs>0 12 18 33 1</runs>
            <runs>0 13 16 34 1</runs>
            <runs>0 13 16 33 2</runs>
            <runs>0 14 14 33 7</runs>
            <runs>0 15 12 33 8</runs>
            <runs>0 17 9 33 5</runs>
            <runs>0 57 7</runs>
            <runs>0 56 7</runs>
            <runs>0 55 7</runs>
            <runs>0 54 7</runs>
            <runs>0 53 7</runs>
            <runs>0 51 8</runs>
            <runs>0 49 9</runs>
            <runs>0 44 13</runs>
            <runs>0 44 12</runs>
            <runs>7 36 12</runs>
            <runs>0 1 7 32 14</runs>
            <runs>0 1 8 28 17</runs>
            <runs>0 1 10 21 21</runs>
            <runs>0 2 16 5 29</runs>
            <runs>0 2 49</runs>
            <runs>0 2 48</runs>
            <runs>0 1 48</runs>
            <runs>0 1 46</runs>
            <runs>0 1 46</runs>
            <runs>0 6 41</runs>
            <runs>0 8 35</runs>
            <runs>0 9 32</runs>
            <runs>0 11 29</runs>
            <runs>0 12 25</runs>
            <runs>0 14 20</runs>
            <runs>0 16 13 3 1</runs>
            <runs></runs>
            <runs></runs>
            <runs></runs>
            <runs>0 36 4</runs>
            <runs>0 9 4 22 6</runs>
            <runs>0 8 6 20 7</runs>
            <runs>0 7 8 18 9</runs>
            <runs>0 7 8 18 9</runs>
            <runs>0 6 9 18 9</runs>
            <runs>0 6 9 19 8</runs>
            <runs>0 7 8 19 7</runs>
            <runs>0 8 6 21 5</runs>
            <runs>0 11 1</runs>
        </run-table>
    </sample>
    <sample shape="F_CLEF" interline="22" pitch="-1.7" left="461" top="3232" id="320">
        <run-table orientation="VERTICAL" width="58" height="70">
            <runs>0 18 3</runs>
            <runs>0 12 14</runs>
            <runs>0 10 16</runs>
            <runs>0 8 18</runs>
            <runs>0 7 20</runs>
            <runs>0 6 22</runs>
            <runs>0 1 28</runs>
            <runs>0 1 28</runs>
            <runs>0 1 8 2 18</runs>
            <runs>0 4 3 4 18 36 1</runs>
            <runs>0 4 2 5 19 35 1</runs>
            <runs>0 4 1 6 19 34 2</runs>
            <runs>0 4 1 6 18 34 7</runs>
            <runs>0 11 18 34 7</runs>
            <runs>0 12 17 32 9</runs>
            <runs>0 12 17 31 10</runs>
            <runs>0 13 15 32 5</runs>
            <runs>0 14 13 32 5</runs>
            <runs>0 16 10 32 5</runs>
            <runs>0 18 8 31 6</runs>
            <runs>0 56 7</runs>
            <runs>0 54 8</runs>
            <runs>0 53 8</runs>
            <runs>0 52 8</runs>
            <runs>0 50 9</runs>
            <runs>0 45 13</runs>
            <runs>0 44 13</runs>
            <runs>0 43 13</runs>
            <runs>0 41 15</runs>
            <runs>8 30 17</runs>
            <runs>0 1 8 28 17</runs>
            <runs>0 1 9 22 21</runs>
            <runs>0 1 15 7 28</runs>
            <runs>0 1 49</runs>
            <runs>0 1 48</runs>
            <runs>0 1 48</runs>
            <runs>0 1 47</runs>
            <runs>0 1 47</runs>
            <runs>0 6 42</runs>
            <runs>0 7 36</runs>
            <runs>0 8 32</runs>
            <runs>0 10 28</runs>
            <runs>0 11 25</runs>
            <runs>0 12 21</runs>
            <runs>0 15 15</runs>
            <runs></runs>
            <runs></runs>
            <runs></runs>
            <runs>0 36 6</runs>
            <runs>0 11 4 21 8</runs>
            <runs>0 9 7 19 9</runs>
            <runs>0 8 9 18 9</runs>
            <runs>0 8 9 18 14</runs>
            <runs>0 7 10 18 13</runs>
            <runs>0 7 10 18 13</runs>
            <runs>0 8 9 19 8</runs>
            <runs>0 8 8 22 4</runs>
            <runs>0 9 6</runs>
        </run-table>
    </sample>
</samples>
