<?xml version="1.0" encoding="UTF-8" standalone="yes"?>
<samples sheet-name="IMSLP00008#6">
    <sample shape="F_CLEF" interline="22" pitch="-1.5" left="194" top="467" id="299">
        <run-table orientation="VERTICAL" width="64" height="65">
            <runs>0 62 3</runs>
            <runs>0 62 3</runs>
            <runs>0 62 3</runs>
            <runs>0 62 3</runs>
            <runs>0 62 3</runs>
            <runs>0 61 4</runs>
            <runs>0 16 8 37 4</runs>
            <runs>0 12 13 36 4</runs>
            <runs>0 10 15 36 3</runs>
            <runs>0 8 18 34 4</runs>
            <runs>0 7 5 6 8 33 5</runs>
            <runs>0 6 3 8 10 32 4</runs>
            <runs>0 5 3 8 11 32 4</runs>
            <runs>0 4 2 10 12 30 5</runs>
            <runs>0 4 2 9 13 30 4</runs>
            <runs>0 4 1 10 13 29 5</runs>
            <runs>0 15 13 29 5</runs>
            <runs>0 15 13 28 6</runs>
            <runs>0 15 12 29 5</runs>
            <runs>0 15 12 28 6</runs>
            <runs>0 16 10 28 6</runs>
            <runs>0 16 10 27 6</runs>
            <runs>0 17 8 27 7</runs>
            <runs>0 19 3 30 7</runs>
            <runs>0 51 7</runs>
            <runs>0 50 8</runs>
            <runs>0 49 8</runs>
            <runs>0 48 8</runs>
            <runs>0 48 8</runs>
            <runs>0 44 11</runs>
            <runs>0 44 10</runs>
            <runs>0 44 10</runs>
            <runs>0 43 10</runs>
            <runs>0 42 10</runs>
            <runs>0 40 12</runs>
            <runs>0 5 1 32 13</runs>
            <runs>8 28 14</runs>
            <runs>9 25 15</runs>
            <runs>12 21 15</runs>
            <runs>14 16 18</runs>
            <runs>0 3 44</runs>
            <runs>0 4 43</runs>
            <runs>0 5 42</runs>
            <runs>0 5 38</runs>
            <runs>0 6 35</runs>
            <runs>0 7 32</runs>
            <runs>0 9 29</runs>
            <runs>0 10 25</runs>
            <runs>0 11 22</runs>
            <runs>0 13 20</runs>
            <runs>0 15 16</runs>
            <runs>0 22 7</runs>
            <runs></runs>
            <runs>0 10 2</runs>
            <runs>0 7 7</runs>
            <runs>0 7 7 14 4</runs>
            <runs>0 6 8 13 7</runs>
            <runs>0 6 8 12 8</runs>
            <runs>0 6 8 12 8</runs>
            <runs>0 6 8 12 8</runs>
            <runs>0 7 6 13 8</runs>
            <runs>0 8 4 14 7</runs>
            <runs>0 10 1 16 6</runs>
            <runs>0 28 5</runs>
        </run-table>
    </sample>
    <sample shape="FLAT" interline="22" pitch="-0.4" left="263" top="3049" id="418">
        <run-table orientation="VERTICAL" width="20" height="55">
            <runs>39 10 4</runs>
            <runs>55</runs>
            <runs>0 8 2 2 19 1 12 2 9</runs>
            <runs>0 19 1 7 6 15 6</runs>
            <runs>0 27 4 16 6</runs>
            <runs>0 26 4 17 6</runs>
            <runs>0 25 4 16 6</runs>
            <runs>0 24 4 16 6</runs>
            <runs>0 24 4 15 6</runs>
            <runs>0 24 4 14 7</runs>
            <runs>0 23 6 11 7</runs>
            <runs>0 23 7 5 11</runs>
            <runs>0 23 9 2 11</runs>
            <runs>0 23 21</runs>
            <runs>0 23 20</runs>
            <runs>0 24 18</runs>
            <runs>0 24 16</runs>
            <runs>0 26 13</runs>
            <runs>0 26 12</runs>
            <runs>0 29 9</runs>
        </run-table>
    </sample>
</samples>
