<?xml version="1.0" encoding="UTF-8" standalone="yes"?>
<samples sheet-name="IMSLP00003#14">
    <sample shape="G_CLEF" interline="22" pitch="0.4" left="153" top="286" id="286">
        <run-table orientation="VERTICAL" width="56" height="155">
            <runs>0 86 16</runs>
            <runs>0 77 25</runs>
            <runs>0 76 28</runs>
            <runs>0 76 31</runs>
            <runs>0 74 34</runs>
            <runs>0 73 36</runs>
            <runs>0 71 40</runs>
            <runs>0 69 43</runs>
            <runs>0 68 27 2 16 29 4</runs>
            <runs>0 66 22 15 10 25 9</runs>
            <runs>0 65 20 21 8 22 12</runs>
            <runs>0 63 20 25 7 19 16</runs>
            <runs>0 62 19 28 7 18 17</runs>
            <runs>0 61 19 30 7 17 18</runs>
            <runs>0 60 20 31 6 16 19</runs>
            <runs>0 59 21 32 6 14 21</runs>
            <runs>0 55 20 15 11 12 6 13 21</runs>
            <runs>0 55 19 14 14 11 11 8 22</runs>
            <runs>0 55 18 13 19 9 10 8 4 3 15</runs>
            <runs>0 55 17 13 21 8 10 8 4 2 16</runs>
            <runs>0 54 17 12 24 8 9 8 8 1 13</runs>
            <runs>0 54 16 11 14 8 5 7 9 9 22</runs>
            <runs>0 25 20 8 16 12 12 10 2 1 4 6 8 9 16 1 5</runs>
            <runs>0 21 28 1 18 9 15 16 2 7 6 10 16 2 4</runs>
            <runs>0 19 48 10 14 26 7 9 15 3 4</runs>
            <runs>0 16 50 11 13 27 7 10 13 4 4</runs>
            <runs>0 14 52 11 13 27 7 12 9 6 4</runs>
            <runs>0 13 19 15 24 5 13 28 7 14 5 8 4</runs>
            <runs>0 10 19 18 42 28 7 26 4</runs>
            <runs>0 9 17 21 41 29 7 26 4</runs>
            <runs>0 8 16 22 16 11 17 27 7 25 5</runs>
            <runs>0 8 13 24 16 13 28 15 7 24 6</runs>
            <runs>0 6 13 25 17 15 30 11 7 23 6</runs>
            <runs>0 5 13 25 16 17 10 6 20 2 10 23 6</runs>
            <runs>0 4 13 25 16 18 10 11 27 5 1 15 7</runs>
            <runs>0 3 13 25 17 18 9 19 30 10 7</runs>
            <runs>0 1 14 25 18 18 9 25 40</runs>
            <runs>13 26 19 18 10 29 34</runs>
            <runs>12 25 21 18 10 29 32</runs>
            <runs>11 23 18 24 10 29 11 8 10</runs>
            <runs>11 22 17 26 10 29 4</runs>
            <runs>0 2 10 19 18 27 10 28 4</runs>
            <runs>0 4 11 12 19 31 10 27 4</runs>
            <runs>0 5 3 1 9 2 24 33 10 26 4</runs>
            <runs>0 10 31 35 12 25 4</runs>
            <runs>0 16 22 38 13 23 4</runs>
            <runs>0 21 11 45 13 20 6</runs>
            <runs>0 77 13 19 6</runs>
            <runs>0 77 15 15 7</runs>
            <runs>0 77 17 12 7</runs>
            <runs>0 83 15 5 10</runs>
            <runs>0 85 27</runs>
            <runs>0 86 25</runs>
            <runs>0 88 21</runs>
            <runs>0 90 17</runs>
            <runs>0 93 11</runs>
        </run-table>
    </sample>
    <sample shape="G_CLEF" interline="22" pitch="0.3" left="157" top="518" id="288">
        <run-table orientation="VERTICAL" width="58" height="157">
            <runs>0 90 1</runs>
            <runs>0 87 16</runs>
            <runs>0 78 26</runs>
            <runs>0 78 29</runs>
            <runs>0 77 31</runs>
            <runs>0 76 33</runs>
            <runs>0 74 37</runs>
            <runs>0 73 39</runs>
            <runs>0 71 42</runs>
            <runs>0 69 46 25 6</runs>
            <runs>0 68 22 10 16 22 11</runs>
            <runs>0 66 20 21 10 20 14</runs>
            <runs>0 66 19 24 8 19 16</runs>
            <runs>0 65 18 27 8 17 18</runs>
            <runs>0 63 18 32 5 17 19</runs>
            <runs>0 62 19 32 6 15 20</runs>
            <runs>0 61 19 34 6 14 21</runs>
            <runs>0 61 16 18 8 11 7 13 21</runs>
            <runs>0 56 20 15 14 10 6 13 22</runs>
            <runs>0 56 19 14 18 9 9 9 22</runs>
            <runs>0 56 18 12 23 7 8 10 22</runs>
            <runs>0 56 17 12 25 7 7 10 22</runs>
            <runs>0 55 17 12 13 8 5 8 7 9 17 1 4</runs>
            <runs>0 54 16 13 11 13 4 7 5 12 16 2 3</runs>
            <runs>0 27 15 12 15 13 11 17 3 5 5 12 15 3 3</runs>
            <runs>0 23 26 3 16 10 13 19 3 6 4 14 12 4 3</runs>
            <runs>0 21 47 10 12 29 4 15 10 5 4</runs>
            <runs>0 18 50 10 12 29 4 16 6 8 3</runs>
            <runs>0 15 24 1 2 1 31 4 11 30 4 30 3</runs>
            <runs>0 14 23 12 40 30 4 29 4</runs>
            <runs>0 12 25 11 42 29 4 29 4</runs>
            <runs>0 11 19 18 17 3 25 26 4 29 3</runs>
            <runs>0 10 17 20 16 10 30 16 4 28 4</runs>
            <runs>0 9 17 20 17 14 32 1 1 8 4 28 3</runs>
            <runs>0 7 16 22 17 16 46 26 4</runs>
            <runs>0 6 15 23 17 16 10 9 29 4 5 14 5</runs>
            <runs>0 5 14 24 17 18 9 19 46</runs>
            <runs>0 4 14 24 17 19 9 27 37</runs>
            <runs>0 3 14 23 18 19 10 30 33</runs>
            <runs>0 1 15 23 19 19 10 30 9 1 2 4 13</runs>
            <runs>14 20 21 23 10 29 8</runs>
            <runs>14 20 19 25 10 29 3</runs>
            <runs>13 20 19 26 10 28 4</runs>
            <runs>15 14 22 27 10 27 4</runs>
            <runs>0 2 17 7 23 30 11 25 5</runs>
            <runs>0 5 43 31 11 25 4</runs>
            <runs>0 7 38 34 12 23 5</runs>
            <runs>0 10 1 1 30 37 13 20 6</runs>
            <runs>0 15 24 40 14 18 7</runs>
            <runs>0 21 3 1 13 41 16 15 7</runs>
            <runs>0 83 16 9 8</runs>
            <runs>0 84 20 1 10</runs>
            <runs>0 85 28</runs>
            <runs>0 86 26</runs>
            <runs>0 88 23</runs>
            <runs>0 90 19</runs>
            <runs>0 93 13</runs>
            <runs>0 96 1 1 1</runs>
        </run-table>
    </sample>
    <sample shape="G_CLEF" interline="22" pitch="0.3" left="159" top="832" id="309">
        <run-table orientation="VERTICAL" width="57" height="155">
            <runs>0 90 4</runs>
            <runs>0 84 18</runs>
            <runs>0 81 22</runs>
            <runs>0 76 30</runs>
            <runs>0 75 32</runs>
            <runs>0 74 35</runs>
            <runs>0 71 39</runs>
            <runs>0 70 42</runs>
            <runs>0 69 43</runs>
            <runs>0 68 21 14 11 25 6 1 1</runs>
            <runs>0 66 20 19 9 23 11</runs>
            <runs>0 66 18 23 8 21 14</runs>
            <runs>0 64 18 27 7 19 16</runs>
            <runs>0 63 18 29 7 17 18</runs>
            <runs>0 61 19 31 6 16 19</runs>
            <runs>0 60 19 34 5 15 20</runs>
            <runs>0 59 20 35 5 14 21</runs>
            <runs>0 58 21 12 10 13 5 14 21</runs>
            <runs>0 54 20 15 15 11 8 10 21</runs>
            <runs>0 54 19 13 20 10 7 9 23</runs>
            <runs>0 54 18 12 24 8 7 10 22</runs>
            <runs>0 54 18 11 13 8 5 7 7 10 22</runs>
            <runs>0 54 16 12 12 13 3 7 4 12 22</runs>
            <runs>0 53 16 12 11 17 2 6 4 13 15 2 4</runs>
            <runs>0 30 7 16 15 12 11 19 2 5 4 14 14 2 4</runs>
            <runs>0 23 22 5 18 9 13 28 3 14 13 3 4</runs>
            <runs>0 22 27 1 17 10 12 29 3 15 10 5 4</runs>
            <runs>0 20 48 9 11 30 3 18 5 7 4</runs>
            <runs>0 18 53 6 11 30 3 30 4</runs>
            <runs>0 15 23 4 1 3 41 31 3 29 5</runs>
            <runs>0 13 23 12 18 2 20 30 3 29 5</runs>
            <runs>0 11 19 17 16 11 21 23 3 28 5</runs>
            <runs>0 10 18 19 16 13 27 15 3 27 6</runs>
            <runs>0 8 17 21 16 14 15 1 22 4 3 27 5</runs>
            <runs>0 7 16 23 14 16 10 12 25 23 7</runs>
            <runs>0 6 15 24 14 17 10 20 23 1 3 11 8</runs>
            <runs>0 5 15 23 15 19 9 29 37</runs>
            <runs>0 4 14 24 15 20 9 31 34</runs>
            <runs>0 2 15 24 16 20 9 31 7 2 23</runs>
            <runs>0 2 14 23 19 20 9 30 7 9 16</runs>
            <runs>0 2 13 24 16 23 9 30 3 19 7</runs>
            <runs>15 22 16 25 10 29 3</runs>
            <runs>14 20 18 26 11 27 3</runs>
            <runs>0 2 12 19 17 28 11 26 4</runs>
            <runs>0 3 11 16 20 28 11 26 3</runs>
            <runs>0 3 12 12 21 30 12 23 5</runs>
            <runs>0 7 38 33 13 22 4</runs>
            <runs>0 10 33 35 15 19 5</runs>
            <runs>0 13 28 37 15 17 6</runs>
            <runs>0 17 21 44 13 12 8</runs>
            <runs>0 20 1 8 2 51 32</runs>
            <runs>0 84 29</runs>
            <runs>0 85 27</runs>
            <runs>0 87 23</runs>
            <runs>0 88 21</runs>
            <runs>0 92 15</runs>
            <runs>0 96 7</runs>
        </run-table>
    </sample>
    <sample shape="G_CLEF" interline="22" pitch="0.5" left="160" top="1361" id="346">
        <run-table orientation="VERTICAL" width="56" height="154">
            <runs>0 88 2 2 4</runs>
            <runs>0 82 19</runs>
            <runs>0 79 25</runs>
            <runs>0 73 32</runs>
            <runs>0 73 34</runs>
            <runs>0 73 35</runs>
            <runs>0 71 40 28 3</runs>
            <runs>0 69 43 24 10</runs>
            <runs>0 68 45 22 13</runs>
            <runs>0 67 22 11 14 20 15</runs>
            <runs>0 65 21 17 12 18 17</runs>
            <runs>0 64 19 23 9 17 19</runs>
            <runs>0 62 19 26 12 13 19</runs>
            <runs>0 62 18 28 2 1 9 11 21</runs>
            <runs>0 61 17 33 8 12 21</runs>
            <runs>0 60 17 35 7 12 22</runs>
            <runs>0 59 17 15 8 14 3 15 22</runs>
            <runs>0 58 17 13 13 13 2 15 22</runs>
            <runs>0 57 18 11 18 10 2 16 22</runs>
            <runs>0 56 19 10 22 7 2 15 23</runs>
            <runs>0 55 16 12 25 7 1 16 16 2 4</runs>
            <runs>0 51 20 11 16 3 8 6 1 16 16 2 4</runs>
            <runs>0 51 18 12 16 8 4 24 14 3 4</runs>
            <runs>0 51 17 12 12 15 4 23 12 4 4</runs>
            <runs>0 51 17 11 11 19 1 25 10 5 4</runs>
            <runs>0 28 14 9 16 11 10 52 3 7 4</runs>
            <runs>0 22 44 11 11 62 4</runs>
            <runs>0 20 46 11 10 62 4</runs>
            <runs>0 18 51 4 14 62 4</runs>
            <runs>0 15 25 1 1 5 40 61 4</runs>
            <runs>0 13 19 15 41 60 4</runs>
            <runs>0 12 20 15 15 4 33 11 1 36 5</runs>
            <runs>0 10 22 14 15 12 51 22 5</runs>
            <runs>0 8 17 20 16 12 13 2 44 11 8</runs>
            <runs>0 8 15 23 15 13 13 8 55</runs>
            <runs>0 7 14 24 15 14 13 21 2 7 32</runs>
            <runs>0 6 14 23 17 14 13 39 21</runs>
            <runs>0 5 14 23 16 16 13 48 4 1 5</runs>
            <runs>0 4 14 23 15 18 13</runs>
            <runs>0 3 13 24 15 19 13</runs>
            <runs>0 2 13 24 16 19 13</runs>
            <runs>0 1 13 23 18 19 14 27 1</runs>
            <runs>14 21 19 20 14 27 1</runs>
            <runs>13 20 17 28 10 26 2</runs>
            <runs>0 1 11 18 18 30 11 24 3</runs>
            <runs>0 3 9 17 17 33 10 23 4</runs>
            <runs>0 5 9 11 18 36 11 20 5</runs>
            <runs>0 7 34 39 12 18 4</runs>
            <runs>0 12 25 44 12 16 4</runs>
            <runs>0 14 20 48 17 8 5</runs>
            <runs>0 21 4 57 18 1 10</runs>
            <runs>0 84 26</runs>
            <runs>0 86 24</runs>
            <runs>0 87 21</runs>
            <runs>0 90 16</runs>
            <runs>0 92 12</runs>
        </run-table>
    </sample>
    <sample shape="G_CLEF" interline="22" pitch="0.4" left="164" top="1955" id="382">
        <run-table orientation="VERTICAL" width="56" height="154">
            <runs>0 86 9</runs>
            <runs>0 81 21</runs>
            <runs>0 76 27 1 1</runs>
            <runs>0 75 32</runs>
            <runs>0 72 36</runs>
            <runs>0 70 39</runs>
            <runs>0 69 41 29 1</runs>
            <runs>0 68 43 24 9</runs>
            <runs>0 67 45 22 12</runs>
            <runs>0 65 22 10 15 21 14</runs>
            <runs>0 63 22 18 1 1 8 19 16</runs>
            <runs>0 62 21 24 8 17 18</runs>
            <runs>0 62 18 28 7 16 19</runs>
            <runs>0 61 18 30 8 14 20</runs>
            <runs>0 60 19 31 7 14 20</runs>
            <runs>0 58 20 33 6 14 21</runs>
            <runs>0 54 21 12 1 1 12 11 5 13 22</runs>
            <runs>0 54 19 12 16 12 5 12 23</runs>
            <runs>0 55 17 12 19 1 1 8 5 13 22</runs>
            <runs>0 55 16 12 24 7 4 13 22</runs>
            <runs>0 54 16 12 26 6 9 8 22</runs>
            <runs>0 53 16 11 29 5 9 8 16 2 4</runs>
            <runs>0 52 16 8 15 11 2 1 5 5 8 8 16 2 4</runs>
            <runs>0 51 17 8 13 19 2 5 8 9 14 3 4</runs>
            <runs>0 26 15 10 16 9 12 29 7 11 11 4 4</runs>
            <runs>0 23 44 10 12 28 7 12 8 6 4</runs>
            <runs>0 21 45 10 12 29 7 14 2 9 5</runs>
            <runs>0 18 49 9 12 29 7 25 5</runs>
            <runs>0 15 58 3 11 29 8 25 5</runs>
            <runs>0 13 26 8 40 29 8 25 4</runs>
            <runs>0 11 20 15 44 26 7 25 5</runs>
            <runs>0 10 19 17 17 5 35 1 6 6 8 24 4</runs>
            <runs>0 9 17 19 17 10 53 21 6</runs>
            <runs>0 8 15 22 15 15 52 15 9</runs>
            <runs>0 7 15 22 16 15 11 9 42 1 12</runs>
            <runs>0 5 15 22 17 16 10 17 2 10 35</runs>
            <runs>0 4 14 23 18 16 10 30 32</runs>
            <runs>0 2 15 22 19 18 9 30 31</runs>
            <runs>0 2 13 24 19 18 10 29 4 14 9</runs>
            <runs>0 1 13 20 20 22 10 28 4</runs>
            <runs>13 21 18 24 10 28 4</runs>
            <runs>12 22 16 26 10 27 4</runs>
            <runs>12 20 17 27 10 27 3</runs>
            <runs>0 2 9 19 18 29 10 25 4</runs>
            <runs>0 4 8 16 19 30 10 24 5</runs>
            <runs>0 6 38 33 11 22 5</runs>
            <runs>0 9 31 37 12 20 5</runs>
            <runs>0 11 27 39 13 17 6</runs>
            <runs>0 16 21 40 14 14 7</runs>
            <runs>0 22 2 53 17 10 8</runs>
            <runs>0 82 15 1 13</runs>
            <runs>0 83 26</runs>
            <runs>0 85 22</runs>
            <runs>0 86 19</runs>
            <runs>0 88 16</runs>
            <runs>0 91 12</runs>
        </run-table>
    </sample>
    <sample shape="G_CLEF" interline="22" pitch="0.2" left="162" top="3008" id="478">
        <run-table orientation="VERTICAL" width="57" height="155">
            <runs>0 90 1</runs>
            <runs>0 86 14</runs>
            <runs>0 80 21</runs>
            <runs>0 75 30</runs>
            <runs>0 75 32</runs>
            <runs>0 73 35</runs>
            <runs>0 71 40</runs>
            <runs>0 70 42</runs>
            <runs>0 69 44 25 8</runs>
            <runs>0 67 46 23 12</runs>
            <runs>0 65 23 15 11 21 14</runs>
            <runs>0 64 21 20 10 19 17</runs>
            <runs>0 63 21 23 9 18 17</runs>
            <runs>0 62 19 27 9 16 20</runs>
            <runs>0 61 19 32 5 15 21</runs>
            <runs>0 60 19 33 6 14 22</runs>
            <runs>0 59 19 16 3 16 9 10 22</runs>
            <runs>0 58 20 13 9 14 9 10 22</runs>
            <runs>0 58 21 10 16 11 7 10 22</runs>
            <runs>0 53 21 13 19 10 7 10 22</runs>
            <runs>0 53 20 12 22 9 7 11 21</runs>
            <runs>0 54 18 12 25 8 2 15 21</runs>
            <runs>0 54 17 12 18 4 4 1 1 6 2 15 16 2 3</runs>
            <runs>0 53 17 11 13 12 5 7 1 15 15 3 3</runs>
            <runs>0 31 9 1 2 10 17 11 11 17 1 8 1 16 13 4 3</runs>
            <runs>0 24 45 11 11 27 1 17 11 6 2</runs>
            <runs>0 20 48 12 10 48 8 7 2</runs>
            <runs>0 18 50 8 13 52 1 11 2</runs>
            <runs>0 16 53 7 13 29 1 33 3</runs>
            <runs>0 14 25 2 33 1 13 30 1 33 3</runs>
            <runs>0 13 22 12 41 30 1 33 3</runs>
            <runs>0 11 19 17 41 30 1 32 3</runs>
            <runs>0 10 18 18 17 11 20 1 2 21 1 31 3</runs>
            <runs>0 9 17 19 17 13 29 6 4 3 2 30 4</runs>
            <runs>0 7 17 20 17 14 13 5 30 24 5</runs>
            <runs>0 5 17 21 17 15 13 9 32 16 7</runs>
            <runs>0 4 17 21 17 17 11 29 35</runs>
            <runs>0 3 16 22 17 18 11 31 31</runs>
            <runs>0 2 16 22 17 19 11 30 2 15 14</runs>
            <runs>0 1 15 22 18 20 11 30 2 19 4</runs>
            <runs>15 22 20 19 11 30 2</runs>
            <runs>14 18 25 19 11 29 2</runs>
            <runs>13 19 20 24 11 29 2</runs>
            <runs>13 18 19 26 12 27 2</runs>
            <runs>0 2 11 16 19 28 12 27 2</runs>
            <runs>0 4 16 3 1 1 22 29 13 24 3</runs>
            <runs>0 7 37 33 13 22 3</runs>
            <runs>0 8 35 34 13 20 4</runs>
            <runs>0 12 27 41 11 19 4</runs>
            <runs>0 16 21 43 13 16 4</runs>
            <runs>0 22 1 58 14 12 5</runs>
            <runs>0 83 18 4 6</runs>
            <runs>0 84 26</runs>
            <runs>0 86 24</runs>
            <runs>0 87 21</runs>
            <runs>0 90 15</runs>
            <runs>0 95 8</runs>
        </run-table>
    </sample>
    <sample shape="G_CLEF" interline="22" pitch="0.5" left="165" top="3195" id="480">
        <run-table orientation="VERTICAL" width="57" height="157">
            <runs>0 87 13</runs>
            <runs>0 82 18</runs>
            <runs>0 74 30</runs>
            <runs>0 74 32</runs>
            <runs>0 73 35</runs>
            <runs>0 72 38</runs>
            <runs>0 71 40</runs>
            <runs>0 70 42</runs>
            <runs>0 68 45</runs>
            <runs>0 67 47</runs>
            <runs>0 66 25 13 11 24 7</runs>
            <runs>0 64 23 20 9 21 10</runs>
            <runs>0 63 22 24 8 19 14</runs>
            <runs>0 63 21 27 11 14 16</runs>
            <runs>0 62 19 31 10 13 18</runs>
            <runs>0 61 19 34 9 12 18</runs>
            <runs>0 60 20 13 8 14 7 12 20</runs>
            <runs>0 59 20 9 17 10 7 12 21</runs>
            <runs>0 58 22 7 19 10 2 16 21</runs>
            <runs>0 54 26 5 23 8 2 16 22</runs>
            <runs>0 54 20 10 26 7 1 16 22</runs>
            <runs>0 54 20 9 28 6 1 16 22</runs>
            <runs>0 40 1 12 20 10 20 4 5 22 22</runs>
            <runs>0 37 10 5 19 11 12 15 4 22 22</runs>
            <runs>0 27 2 1 40 6 17 17 3 22 22</runs>
            <runs>0 24 5 2 38 6 17 44 15 1 5</runs>
            <runs>0 22 7 2 39 5 16 46 13 2 5</runs>
            <runs>0 18 11 1 61 47 11 4 4</runs>
            <runs>0 16 24 6 1 1 43 48 8 6 4</runs>
            <runs>0 14 22 12 42 53 2 7 5</runs>
            <runs>0 13 23 12 43 61 5</runs>
            <runs>0 11 19 17 18 4 33 50 5</runs>
            <runs>0 10 17 20 16 11 29 48 5</runs>
            <runs>0 8 17 20 18 13 31 44 5</runs>
            <runs>0 7 16 21 18 14 15 2 30 27 5</runs>
            <runs>0 5 15 23 18 15 12 9 28 23 7</runs>
            <runs>0 4 15 23 17 17 12 23 22 1 1 11 8</runs>
            <runs>0 2 16 22 19 17 12 28 37</runs>
            <runs>0 1 16 23 18 18 12 29 35</runs>
            <runs>0 1 15 23 19 18 12 39 24</runs>
            <runs>15 23 20 18 12 44 17</runs>
            <runs>15 18 20 23 13 51 3</runs>
            <runs>0 1 13 18 19 25 13</runs>
            <runs>0 3 11 17 18 27 13 27 7</runs>
            <runs>0 6 10 11 20 29 13 27 7</runs>
            <runs>0 8 37 31 14 24 9</runs>
            <runs>0 11 31 34 15 22 5</runs>
            <runs>0 16 24 36 16 20 6</runs>
            <runs>0 19 3 1 13 46 10 18 7</runs>
            <runs>0 83 12 14 7</runs>
            <runs>0 84 18 4 9</runs>
            <runs>0 85 29</runs>
            <runs>0 86 28</runs>
            <runs>0 87 25</runs>
            <runs>0 89 22</runs>
            <runs>0 92 16</runs>
            <runs>0 95 10</runs>
        </run-table>
    </sample>
    <sample shape="FLAT" interline="22" pitch="-3.7" left="245" top="3202" id="484">
        <run-table orientation="VERTICAL" width="20" height="55">
            <runs>10 2 2 3 1</runs>
            <runs>36 1 18</runs>
            <runs>55</runs>
            <runs>0 1 33 9 11</runs>
            <runs>0 22 11</runs>
            <runs>0 25 7 14 1</runs>
            <runs>0 25 7 13 2</runs>
            <runs>0 43 8</runs>
            <runs>0 42 9</runs>
            <runs>0 41 10</runs>
            <runs>0 41 10</runs>
            <runs>0 38 8</runs>
            <runs>0 36 9</runs>
            <runs>0 25 19</runs>
            <runs>0 25 18</runs>
            <runs>0 25 16</runs>
            <runs>0 25 15</runs>
            <runs>0 25 14</runs>
            <runs>0 25 12</runs>
            <runs>0 25 10</runs>
        </run-table>
    </sample>
    <sample shape="SHARP" interline="22" pitch="-3.8" left="234" top="289" id="290">
        <run-table orientation="VERTICAL" width="24" height="66">
            <runs>0 22 11 11 12</runs>
            <runs>0 21 12 9 14</runs>
            <runs>0 21 12 9 14</runs>
            <runs>0 20 13 8 15</runs>
            <runs>0 16 1 2 14 7 25</runs>
            <runs>0 7 59</runs>
            <runs>0 6 60</runs>
            <runs>0 7 6 1 15 1 21 4 3 1 7</runs>
            <runs>0 17 11 10 12</runs>
            <runs>0 16 12 10 11</runs>
            <runs>0 16 11 11 11</runs>
            <runs>0 16 10 12 10</runs>
            <runs>0 15 11 11 11</runs>
            <runs>0 15 10 12 10</runs>
            <runs>0 14 11 11 11</runs>
            <runs>0 13 12 2 1 8 22</runs>
            <runs>0 5 55</runs>
            <runs>0 1 59</runs>
            <runs>25 1 1 1 30</runs>
            <runs>5 7 11 7 14</runs>
            <runs>0 12 10 9 13</runs>
            <runs>0 11 11 9 12</runs>
            <runs>0 12 8 15 7</runs>
            <runs>0 15 1</runs>
        </run-table>
    </sample>
    <sample shape="SHARP" interline="22" pitch="-0.8" left="255" top="323" id="292">
        <run-table orientation="VERTICAL" width="24" height="64">
            <runs>0 18 9 16 7</runs>
            <runs>0 18 10 11 12</runs>
            <runs>0 18 10 11 12</runs>
            <runs>0 18 10 11 11</runs>
            <runs>0 18 10 11 13 2 4</runs>
            <runs>0 18 12 1 2 5 26</runs>
            <runs>0 13 51</runs>
            <runs>0 17 10 10 14 1 1 1 10</runs>
            <runs>0 17 9 13 9</runs>
            <runs>0 17 9 13 9</runs>
            <runs>0 16 9 14 8</runs>
            <runs>0 16 9 13 8</runs>
            <runs>0 15 9 13 9</runs>
            <runs>0 15 9 12 10</runs>
            <runs>0 14 9 13 9</runs>
            <runs>0 14 10 11 11 2 1 3 1</runs>
            <runs>2 1 30 1 24</runs>
            <runs>58</runs>
            <runs>3 1 26 4 23</runs>
            <runs>0 12 9 13 9 11 1</runs>
            <runs>0 12 9 13 8</runs>
            <runs>0 11 9 14 8</runs>
            <runs>0 11 9 14 8</runs>
            <runs>0 36 3</runs>
        </run-table>
    </sample>
    <sample shape="SHARP" interline="22" pitch="-4.9" left="276" top="277" id="293">
        <run-table orientation="VERTICAL" width="25" height="66">
            <runs>0 23 7</runs>
            <runs>0 22 8 12 10</runs>
            <runs>0 22 8 11 11</runs>
            <runs>0 21 9 12 10</runs>
            <runs>0 20 10 12 10</runs>
            <runs>0 17 15 9 13 1 11</runs>
            <runs>0 8 58</runs>
            <runs>0 7 23 7 1 1 13 1 3 1 9</runs>
            <runs>0 8 1 2 2 1 3 1 10 12 10</runs>
            <runs>0 18 9 13 9</runs>
            <runs>0 17 9 14 9</runs>
            <runs>0 17 9 14 8</runs>
            <runs>0 16 9 14 9</runs>
            <runs>0 16 9 14 8</runs>
            <runs>0 16 9 13 8</runs>
            <runs>0 15 10 12 9</runs>
            <runs>0 6 1 7 20 2 23</runs>
            <runs>59</runs>
            <runs>45 1 12</runs>
            <runs>22 13 9</runs>
            <runs>0 13 9 12 10</runs>
            <runs>0 12 9 13 10</runs>
            <runs>0 12 9 13 10</runs>
            <runs>0 12 7 17 8</runs>
            <runs>0 13 4</runs>
        </run-table>
    </sample>
    <sample shape="SHARP" interline="22" pitch="-1.8" left="298" top="310" id="294">
        <run-table orientation="VERTICAL" width="25" height="64">
            <runs>0 23 1 20 11</runs>
            <runs>0 21 7 15 11</runs>
            <runs>0 21 8 13 12</runs>
            <runs>0 20 8 14 12</runs>
            <runs>0 20 12 9 13</runs>
            <runs>0 19 14 2 1 2 26</runs>
            <runs>0 7 9 1 47</runs>
            <runs>0 6 52</runs>
            <runs>0 7 19 13 10</runs>
            <runs>0 17 9 13 9</runs>
            <runs>0 17 8 13 10</runs>
            <runs>0 16 9 13 9</runs>
            <runs>0 16 9 13 9</runs>
            <runs>0 16 8 14 8</runs>
            <runs>0 15 9 13 9</runs>
            <runs>0 15 9 12 10 10 1</runs>
            <runs>0 15 9 1 8 1 24</runs>
            <runs>0 4 54</runs>
            <runs>58</runs>
            <runs>44</runs>
            <runs>0 13 9 12 9</runs>
            <runs>0 12 9 13 9</runs>
            <runs>0 12 9 13 8</runs>
            <runs>0 13 8 14 8</runs>
            <runs>0 13 5 20 1</runs>
        </run-table>
    </sample>
    <sample shape="SHARP" interline="22" pitch="-3.9" left="233" top="523" id="299">
        <run-table orientation="VERTICAL" width="25" height="64">
            <runs>0 22 4 1 2 16 9</runs>
            <runs>0 22 10 11 11</runs>
            <runs>0 21 11 11 11</runs>
            <runs>0 21 11 11 11</runs>
            <runs>0 20 12 10 12</runs>
            <runs>0 17 16 8 14 3 6</runs>
            <runs>0 7 57</runs>
            <runs>0 6 30 2 16 5 1</runs>
            <runs>0 11 3 3 15 8 14</runs>
            <runs>0 17 10 13 9</runs>
            <runs>0 17 9 13 9</runs>
            <runs>0 17 9 13 8</runs>
            <runs>0 16 9 13 9</runs>
            <runs>0 16 9 13 9</runs>
            <runs>0 15 9 13 9</runs>
            <runs>0 14 10 12 10</runs>
            <runs>0 13 11 2 1 9 12</runs>
            <runs>0 3 1 2 52</runs>
            <runs>47 7 3</runs>
            <runs>22 13 10</runs>
            <runs>6 6 10 13 8</runs>
            <runs>0 12 9 13 8</runs>
            <runs>0 11 10 13 8</runs>
            <runs>0 12 8 14 5</runs>
            <runs>0 12 5</runs>
        </run-table>
    </sample>
    <sample shape="SHARP" interline="22" pitch="-0.9" left="254" top="556" id="300">
        <run-table orientation="VERTICAL" width="25" height="65">
            <runs>0 46 5</runs>
            <runs>0 18 11 11 11</runs>
            <runs>0 18 11 11 11</runs>
            <runs>0 18 11 11 11</runs>
            <runs>0 18 11 11 11</runs>
            <runs>0 18 11 10 26</runs>
            <runs>0 8 57</runs>
            <runs>0 7 46 3 2</runs>
            <runs>0 8 3 1 15 12 10</runs>
            <runs>0 18 8 14 9</runs>
            <runs>0 18 8 13 9</runs>
            <runs>0 17 8 14 9</runs>
            <runs>0 16 9 14 8</runs>
            <runs>0 16 9 13 9</runs>
            <runs>0 16 8 14 9</runs>
            <runs>0 15 9 13 9</runs>
            <runs>0 14 10 13 22</runs>
            <runs>0 1 6 3 48</runs>
            <runs>58</runs>
            <runs>44</runs>
            <runs>0 13 9 13 9</runs>
            <runs>0 12 9 13 9</runs>
            <runs>0 12 9 13 9</runs>
            <runs>0 12 9 13 9</runs>
            <runs>0 13 8 15 7</runs>
        </run-table>
    </sample>
    <sample shape="SHARP" interline="22" pitch="-4.9" left="277" top="511" id="301">
        <run-table orientation="VERTICAL" width="25" height="65">
            <runs>0 25 3</runs>
            <runs>0 22 7 11 11</runs>
            <runs>0 21 8 11 12</runs>
            <runs>0 21 8 11 11</runs>
            <runs>0 20 9 11 11</runs>
            <runs>0 20 9 11 11 9 3</runs>
            <runs>0 18 47</runs>
            <runs>0 8 8 1 15 1 32</runs>
            <runs>0 7 21 12 10</runs>
            <runs>0 10 1 7 9 13 9</runs>
            <runs>0 18 8 14 8</runs>
            <runs>0 17 8 14 9</runs>
            <runs>0 17 8 14 8</runs>
            <runs>0 16 9 13 9</runs>
            <runs>0 16 8 14 8</runs>
            <runs>0 15 9 13 9</runs>
            <runs>0 15 9 12 11</runs>
            <runs>0 14 44</runs>
            <runs>58</runs>
            <runs>22 12 10</runs>
            <runs>0 2 9 1 9 14 9</runs>
            <runs>0 12 9 14 8</runs>
            <runs>0 12 8 14 9</runs>
            <runs>0 12 8 15 8</runs>
            <runs>0 12 6</runs>
        </run-table>
    </sample>
    <sample shape="SHARP" interline="22" pitch="-2.0" left="299" top="542" id="302">
        <run-table orientation="VERTICAL" width="25" height="66">
            <runs>0 46 6</runs>
            <runs>0 23 7 14 13</runs>
            <runs>0 23 7 14 12</runs>
            <runs>0 22 8 13 9</runs>
            <runs>0 21 14 8 9</runs>
            <runs>0 20 15 6 24</runs>
            <runs>0 16 50</runs>
            <runs>0 7 52 1 2</runs>
            <runs>0 7 28 6 9</runs>
            <runs>0 18 9 14 8</runs>
            <runs>0 18 9 13 9</runs>
            <runs>0 18 8 14 8</runs>
            <runs>0 17 9 13 9</runs>
            <runs>0 17 8 13 9</runs>
            <runs>0 16 9 13 9</runs>
            <runs>0 15 10 13 9</runs>
            <runs>0 15 10 11 14 6 3</runs>
            <runs>0 2 57</runs>
            <runs>0 1 57</runs>
            <runs>25 2 18</runs>
            <runs>0 8 15 14 8</runs>
            <runs>0 14 9 13 9</runs>
            <runs>0 14 9 13 8</runs>
            <runs>0 14 8 10 11</runs>
            <runs>0 14 8 15 2</runs>
        </run-table>
    </sample>
    <sample shape="SHARP" interline="22" pitch="-3.9" left="237" top="834" id="323">
        <run-table orientation="VERTICAL" width="23" height="65">
            <runs>0 24 4 18 1 1 7</runs>
            <runs>0 23 7 14 11</runs>
            <runs>0 22 8 14 8</runs>
            <runs>0 21 8 14 8</runs>
            <runs>0 20 10 12 16 1 3 1 2</runs>
            <runs>0 7 58</runs>
            <runs>0 7 58</runs>
            <runs>0 13 1 1 15 6 14</runs>
            <runs>0 18 9 13 9</runs>
            <runs>0 17 10 13 8</runs>
            <runs>0 17 9 13 9</runs>
            <runs>0 17 9 13 9</runs>
            <runs>0 16 9 13 9</runs>
            <runs>0 16 9 12 10</runs>
            <runs>0 15 9 13 9</runs>
            <runs>0 5 3 7 9 12 10 2 1 2 2</runs>
            <runs>59</runs>
            <runs>58</runs>
            <runs>0 1 47</runs>
            <runs>0 13 9 9 16</runs>
            <runs>0 13 11 11 10</runs>
            <runs>0 12 12 10 9</runs>
            <runs>0 13 8 13 8</runs>
        </run-table>
    </sample>
    <sample shape="SHARP" interline="22" pitch="-0.8" left="256" top="868" id="324">
        <run-table orientation="VERTICAL" width="25" height="65">
            <runs>0 48 2</runs>
            <runs>0 45 7</runs>
            <runs>0 19 10 15 8</runs>
            <runs>0 19 10 12 10</runs>
            <runs>0 19 10 11 11</runs>
            <runs>0 19 10 11 11</runs>
            <runs>0 14 23 1 27</runs>
            <runs>0 8 57</runs>
            <runs>0 8 6 2 1 1 10 11 11</runs>
            <runs>0 19 8 13 9</runs>
            <runs>0 18 9 13 8</runs>
            <runs>0 17 9 13 9</runs>
            <runs>0 17 8 14 8</runs>
            <runs>0 16 9 13 9</runs>
            <runs>0 16 8 14 8</runs>
            <runs>0 15 9 13 9</runs>
            <runs>0 15 9 12 12</runs>
            <runs>0 14 45</runs>
            <runs>0 1 12 1 45</runs>
            <runs>31 1 19 1 6</runs>
            <runs>0 1 2 2 4 2 11 13 8</runs>
            <runs>0 13 8 14 8</runs>
            <runs>0 13 8 14 8</runs>
            <runs>0 12 9 14 8</runs>
            <runs>0 13 1 2 2 17 8</runs>
        </run-table>
    </sample>
    <sample shape="SHARP" interline="22" pitch="-4.8" left="282" top="824" id="325">
        <run-table orientation="VERTICAL" width="24" height="65">
            <runs>0 22 1 1 5 15 7</runs>
            <runs>0 21 8 14 8</runs>
            <runs>0 21 8 11 11</runs>
            <runs>0 21 8 11 11 7 4</runs>
            <runs>0 21 8 11 11 4 10</runs>
            <runs>0 15 15 5 1 2 27</runs>
            <runs>0 8 50</runs>
            <runs>0 13 14 11 12 5 1</runs>
            <runs>0 18 8 14 9</runs>
            <runs>0 18 8 14 8</runs>
            <runs>0 17 8 14 9</runs>
            <runs>0 17 8 14 8</runs>
            <runs>0 16 9 14 8</runs>
            <runs>0 16 9 13 9</runs>
            <runs>0 16 8 13 9</runs>
            <runs>0 15 9 13 9 7 1</runs>
            <runs>0 1 26 2 2 3 24</runs>
            <runs>58</runs>
            <runs>57</runs>
            <runs>0 2 2 8 11 11 9</runs>
            <runs>0 13 8 14 8</runs>
            <runs>0 13 8 14 8</runs>
            <runs>0 12 9 14 8</runs>
            <runs>0 12 8 16 7</runs>
        </run-table>
    </sample>
    <sample shape="SHARP" interline="22" pitch="-2.0" left="304" top="856" id="326">
        <run-table orientation="VERTICAL" width="26" height="63">
            <runs>0 44 4</runs>
            <runs>0 26 2 14 12</runs>
            <runs>0 20 13 9 8</runs>
            <runs>0 20 9 13 8</runs>
            <runs>0 20 8 13 9</runs>
            <runs>0 19 9 12 15 4 3</runs>
            <runs>0 18 45</runs>
            <runs>0 7 56</runs>
            <runs>0 6 20 8 2 1 18 5 2</runs>
            <runs>0 12 14 12 10</runs>
            <runs>0 16 9 13 9</runs>
            <runs>0 16 9 13 9</runs>
            <runs>0 15 10 13 9</runs>
            <runs>0 16 9 13 9</runs>
            <runs>0 15 10 12 9</runs>
            <runs>0 15 9 13 9</runs>
            <runs>0 14 10 12 10 1 1 1 9</runs>
            <runs>0 12 13 1 32</runs>
            <runs>58</runs>
            <runs>26 2 19 1 9</runs>
            <runs>26 9 9</runs>
            <runs>0 9 13 12 9</runs>
            <runs>0 9 12 13 8</runs>
            <runs>0 9 12 10 11</runs>
            <runs>0 9 11 14 1 1 3</runs>
            <runs>0 9 10</runs>
        </run-table>
    </sample>
    <sample shape="SHARP" interline="22" pitch="-2.0" left="237" top="1066" id="331">
        <run-table orientation="VERTICAL" width="25" height="64">
            <runs>0 22 1 1 3 17 6</runs>
            <runs>0 21 11 11 11</runs>
            <runs>0 20 12 11 11</runs>
            <runs>0 20 12 10 9</runs>
            <runs>0 20 9 13 9 1 12</runs>
            <runs>0 18 14 9 23</runs>
            <runs>0 7 48 4 2</runs>
            <runs>0 7 47</runs>
            <runs>0 7 7 2 11 12 10</runs>
            <runs>0 17 9 13 9</runs>
            <runs>0 17 9 13 9</runs>
            <runs>0 17 8 14 8</runs>
            <runs>0 16 9 13 8</runs>
            <runs>0 15 9 14 8</runs>
            <runs>0 15 9 13 9</runs>
            <runs>0 14 9 13 9 9 3</runs>
            <runs>0 13 11 1 1 9 23</runs>
            <runs>57</runs>
            <runs>54</runs>
            <runs>22 3 2 7 9</runs>
            <runs>0 12 9 13 9</runs>
            <runs>0 12 9 13 8</runs>
            <runs>0 11 9 14 7</runs>
            <runs>0 11 9 14 6</runs>
            <runs>0 13 4</runs>
        </run-table>
    </sample>
    <sample shape="SHARP" interline="22" pitch="1.0" left="258" top="1099" id="332">
        <run-table orientation="VERTICAL" width="25" height="65">
            <runs>0 22 8 14 8</runs>
            <runs>0 22 8 14 8</runs>
            <runs>0 18 11 11 11</runs>
            <runs>0 18 11 11 11</runs>
            <runs>0 18 11 11 12 7 1</runs>
            <runs>0 18 19 2 26</runs>
            <runs>0 7 58</runs>
            <runs>0 7 21 11 11</runs>
            <runs>0 8 3 2 3 1 10 13 9</runs>
            <runs>0 18 8 14 8</runs>
            <runs>0 18 8 13 9</runs>
            <runs>0 17 8 14 8</runs>
            <runs>0 17 8 14 8</runs>
            <runs>0 16 9 13 9</runs>
            <runs>0 16 9 13 8</runs>
            <runs>0 15 10 12 9</runs>
            <runs>0 14 44</runs>
            <runs>0 1 57</runs>
            <runs>26 1 2 3 1 2 10</runs>
            <runs>22 13 9</runs>
            <runs>0 13 8 14 8</runs>
            <runs>0 13 8 14 8</runs>
            <runs>0 12 9 14 8</runs>
            <runs>0 12 9 16 3</runs>
            <runs>0 13 1 1 3</runs>
        </run-table>
    </sample>
    <sample shape="SHARP" interline="22" pitch="-3.0" left="282" top="1055" id="333">
        <run-table orientation="VERTICAL" width="25" height="65">
            <runs>0 23 3</runs>
            <runs>0 18 11 15 8</runs>
            <runs>0 18 10 12 12</runs>
            <runs>0 18 10 12 11</runs>
            <runs>0 18 10 12 11</runs>
            <runs>0 17 11 1 1 10 11</runs>
            <runs>0 7 58</runs>
            <runs>0 7 27 1 30</runs>
            <runs>0 16 11 13 9</runs>
            <runs>0 17 9 14 9</runs>
            <runs>0 17 9 13 9</runs>
            <runs>0 16 9 14 8</runs>
            <runs>0 16 9 14 8</runs>
            <runs>0 16 9 13 9</runs>
            <runs>0 15 9 13 9</runs>
            <runs>0 14 10 13 9</runs>
            <runs>0 14 10 12 10</runs>
            <runs>57</runs>
            <runs>57</runs>
            <runs>0 11 14 10 9</runs>
            <runs>0 12 10 13 8</runs>
            <runs>0 11 10 13 9</runs>
            <runs>0 11 10 13 9</runs>
            <runs>0 11 10 13 9</runs>
            <runs>0 12 9 14 8</runs>
        </run-table>
    </sample>
    <sample shape="SHARP" interline="22" pitch="0.0" left="305" top="1088" id="334">
        <run-table orientation="VERTICAL" width="26" height="63">
            <runs>0 44 9</runs>
            <runs>0 43 10</runs>
            <runs>0 21 7 14 8</runs>
            <runs>0 20 12 10 8</runs>
            <runs>0 20 7 14 8</runs>
            <runs>0 20 7 12 24</runs>
            <runs>0 16 1 2 8 7 1 1 27</runs>
            <runs>0 6 43</runs>
            <runs>0 6 26 6 10</runs>
            <runs>0 12 14 14 8</runs>
            <runs>0 18 8 14 8</runs>
            <runs>0 17 8 14 8</runs>
            <runs>0 18 7 14 8</runs>
            <runs>0 18 6 15 7</runs>
            <runs>0 16 8 14 8</runs>
            <runs>0 16 1 1 6 14 7</runs>
            <runs>0 15 9 13 8 10 3</runs>
            <runs>0 15 8 12 23</runs>
            <runs>0 8 17 1 2 2 16 8 3</runs>
            <runs>3 1 29 3 8</runs>
            <runs>22 14 7</runs>
            <runs>0 13 8 14 8</runs>
            <runs>0 13 7 15 8</runs>
            <runs>0 13 7 15 7</runs>
            <runs>0 13 7</runs>
            <runs>0 13 3</runs>
        </run-table>
    </sample>
    <sample shape="SHARP" interline="22" pitch="-3.8" left="238" top="1362" id="360">
        <run-table orientation="VERTICAL" width="25" height="64">
            <runs>0 44 9</runs>
            <runs>0 21 7 15 10</runs>
            <runs>0 21 7 14 11</runs>
            <runs>0 21 7 14 11</runs>
            <runs>0 20 8 13 12 4 2 2 3</runs>
            <runs>0 20 8 12 24</runs>
            <runs>0 19 45</runs>
            <runs>0 7 42</runs>
            <runs>0 7 20 12 9</runs>
            <runs>0 17 9 13 8</runs>
            <runs>0 17 8 14 8</runs>
            <runs>0 17 7 14 9</runs>
            <runs>0 16 8 14 9</runs>
            <runs>0 16 8 14 8</runs>
            <runs>0 16 7 14 8</runs>
            <runs>0 15 9 13 8</runs>
            <runs>0 15 9 12 22</runs>
            <runs>0 14 13 2 29</runs>
            <runs>0 1 53</runs>
            <runs>25 1 3 6 8</runs>
            <runs>22 13 7</runs>
            <runs>0 12 9 13 8</runs>
            <runs>0 12 8 14 7</runs>
            <runs>0 12 8 14 7</runs>
            <runs>0 12 7</runs>
        </run-table>
    </sample>
    <sample shape="SHARP" interline="22" pitch="-0.8" left="260" top="1395" id="361">
        <run-table orientation="VERTICAL" width="25" height="65">
            <runs>0 44 7</runs>
            <runs>0 22 7 14 8</runs>
            <runs>0 21 8 11 11</runs>
            <runs>0 18 11 11 10</runs>
            <runs>0 18 11 11 10 7 7</runs>
            <runs>0 18 11 4 1 5 26</runs>
            <runs>0 17 47</runs>
            <runs>0 7 42</runs>
            <runs>0 10 17 12 9</runs>
            <runs>0 17 9 13 9</runs>
            <runs>0 17 8 14 9</runs>
            <runs>0 17 8 14 8</runs>
            <runs>0 16 9 13 9</runs>
            <runs>0 15 9 14 8</runs>
            <runs>0 15 9 13 9</runs>
            <runs>0 15 9 13 8 9 1</runs>
            <runs>0 14 9 12 23</runs>
            <runs>0 9 1 3 44</runs>
            <runs>30 1 1 1 11 9 3</runs>
            <runs>11 1 10 1 1 11 8</runs>
            <runs>0 13 8 14 8</runs>
            <runs>0 12 9 14 7</runs>
            <runs>0 12 8 14 8</runs>
            <runs>0 12 8 14 8</runs>
            <runs>0 13 2</runs>
        </run-table>
    </sample>
    <sample shape="SHARP" interline="22" pitch="-5.0" left="284" top="1350" id="362">
        <run-table orientation="VERTICAL" width="25" height="65">
            <runs>0 46 1</runs>
            <runs>0 22 1 20 8</runs>
            <runs>0 21 7 14 9</runs>
            <runs>0 21 7 13 10</runs>
            <runs>0 20 8 12 10</runs>
            <runs>0 20 8 12 11 1 3 3 7</runs>
            <runs>0 19 12 3 2 2 27</runs>
            <runs>0 8 5 1 41 3 7</runs>
            <runs>0 7 21 1 2 7 10</runs>
            <runs>0 18 9 13 8</runs>
            <runs>0 18 8 14 8</runs>
            <runs>0 17 9 13 8</runs>
            <runs>0 17 8 14 8</runs>
            <runs>0 16 9 13 9</runs>
            <runs>0 16 8 14 8</runs>
            <runs>0 15 9 13 9</runs>
            <runs>0 15 9 13 11</runs>
            <runs>0 13 12 7 26</runs>
            <runs>0 3 54</runs>
            <runs>0 1 42</runs>
            <runs>22 13 8</runs>
            <runs>3 10 8 14 7</runs>
            <runs>0 12 9 14 7</runs>
            <runs>0 12 9 13 8</runs>
            <runs>0 12 8 15 1</runs>
        </run-table>
    </sample>
    <sample shape="SHARP" interline="22" pitch="-1.9" left="306" top="1384" id="363">
        <run-table orientation="VERTICAL" width="26" height="63">
            <runs>0 43 2 1 4</runs>
            <runs>0 25 3 14 10</runs>
            <runs>0 21 10 11 10</runs>
            <runs>0 20 11 10 11</runs>
            <runs>0 19 12 10 12</runs>
            <runs>0 19 12 10 22</runs>
            <runs>0 19 44</runs>
            <runs>0 6 48</runs>
            <runs>0 6 21 6 4 1 10</runs>
            <runs>0 16 10 14 8</runs>
            <runs>0 17 9 13 8</runs>
            <runs>0 16 9 14 8</runs>
            <runs>0 16 9 14 8</runs>
            <runs>0 16 8 14 8</runs>
            <runs>0 16 8 14 8</runs>
            <runs>0 15 9 13 8</runs>
            <runs>0 15 9 12 10 5 7</runs>
            <runs>0 11 14 3 30</runs>
            <runs>0 4 1 2 50</runs>
            <runs>44</runs>
            <runs>22 13 8</runs>
            <runs>0 12 9 13 8</runs>
            <runs>0 12 9 13 8</runs>
            <runs>0 12 8 14 7</runs>
            <runs>0 12 8 15 2</runs>
            <runs>0 12 5</runs>
        </run-table>
    </sample>
    <sample shape="SHARP" interline="22" pitch="-1.8" left="240" top="1593" id="368">
        <run-table orientation="VERTICAL" width="24" height="64">
            <runs>0 21 9 13 9</runs>
            <runs>0 21 9 13 9</runs>
            <runs>0 20 10 12 10</runs>
            <runs>0 20 10 12 10</runs>
            <runs>0 19 11 10 24</runs>
            <runs>0 11 53</runs>
            <runs>0 6 46 1 4 1 1</runs>
            <runs>0 6 26 7 13</runs>
            <runs>0 17 9 14 12</runs>
            <runs>0 17 9 13 13</runs>
            <runs>0 16 9 13 9</runs>
            <runs>0 16 9 13 9</runs>
            <runs>0 15 10 12 9</runs>
            <runs>0 15 9 13 9</runs>
            <runs>0 14 10 12 9 8 2</runs>
            <runs>0 10 1 2 11 10 24</runs>
            <runs>0 1 57</runs>
            <runs>57</runs>
            <runs>43</runs>
            <runs>0 4 2 6 9 13 9</runs>
            <runs>0 12 9 13 9</runs>
            <runs>0 12 8 14 8</runs>
            <runs>0 12 8 14 8</runs>
            <runs>0 13 4 20 2</runs>
        </run-table>
    </sample>
    <sample shape="SHARP" interline="22" pitch="1.2" left="263" top="1625" id="369">
        <run-table orientation="VERTICAL" width="25" height="64">
            <runs>0 24 4 15 7</runs>
            <runs>0 21 8 9 13</runs>
            <runs>0 17 12 9 12</runs>
            <runs>0 17 12 9 12</runs>
            <runs>0 17 11 10 13</runs>
            <runs>0 17 15 4 28</runs>
            <runs>0 7 57</runs>
            <runs>0 6 57</runs>
            <runs>0 7 20 2 1 8 11</runs>
            <runs>0 16 11 11 10</runs>
            <runs>0 16 10 12 9</runs>
            <runs>0 16 9 13 9</runs>
            <runs>0 15 10 13 8</runs>
            <runs>0 15 9 13 9</runs>
            <runs>0 15 9 12 10</runs>
            <runs>0 14 10 12 10</runs>
            <runs>0 13 11 7 26</runs>
            <runs>0 2 55</runs>
            <runs>56</runs>
            <runs>32 1 16 2 2</runs>
            <runs>0 12 10 11 10</runs>
            <runs>0 12 9 12 9</runs>
            <runs>0 12 8 13 9</runs>
            <runs>0 12 8 14 7</runs>
            <runs>0 13 7 15 3</runs>
        </run-table>
    </sample>
    <sample shape="SHARP" interline="22" pitch="-2.9" left="286" top="1581" id="370">
        <run-table orientation="VERTICAL" width="26" height="64">
            <runs>0 44 2 1 3</runs>
            <runs>0 22 6 10 12</runs>
            <runs>0 18 10 11 11</runs>
            <runs>0 18 10 11 11</runs>
            <runs>0 18 10 11 11</runs>
            <runs>0 18 10 10 26</runs>
            <runs>0 16 48</runs>
            <runs>0 7 43 2 12</runs>
            <runs>0 7 27 1 13</runs>
            <runs>0 6 4 3 13 13 8</runs>
            <runs>0 6 1 9 9 14 8</runs>
            <runs>0 16 9 13 8</runs>
            <runs>0 16 8 14 8</runs>
            <runs>0 15 9 13 9</runs>
            <runs>0 15 9 13 9</runs>
            <runs>0 14 10 12 10</runs>
            <runs>0 14 9 12 22</runs>
            <runs>0 13 19 1 24</runs>
            <runs>0 7 49</runs>
            <runs>0 1 30 3 9</runs>
            <runs>22 12 8</runs>
            <runs>7 4 10 13 8</runs>
            <runs>0 2 2 8 8 14 8</runs>
            <runs>0 12 8 13 8</runs>
            <runs>0 12 9 14 3</runs>
            <runs>0 13 3</runs>
        </run-table>
    </sample>
    <sample shape="SHARP" interline="22" pitch="-0.1" left="310" top="1612" id="371">
        <run-table orientation="VERTICAL" width="26" height="63">
            <runs>0 20 1 2 1 19 7</runs>
            <runs>0 19 10 13 8</runs>
            <runs>0 19 10 13 8</runs>
            <runs>0 19 10 12 9</runs>
            <runs>0 19 10 12 9</runs>
            <runs>0 18 17 1 1 3 23</runs>
            <runs>0 17 46</runs>
            <runs>0 8 42 1 11</runs>
            <runs>0 6 42</runs>
            <runs>0 13 14 12 9</runs>
            <runs>0 17 9 12 9</runs>
            <runs>0 16 9 13 8</runs>
            <runs>0 16 9 12 9</runs>
            <runs>0 16 9 12 9</runs>
            <runs>0 15 9 13 9</runs>
            <runs>0 15 9 12 10</runs>
            <runs>0 14 9 13 12 1 8</runs>
            <runs>0 14 12 1 1 2 27</runs>
            <runs>0 1 1 4 50</runs>
            <runs>44</runs>
            <runs>24 6 12</runs>
            <runs>0 1 4 3 13 13 8</runs>
            <runs>0 9 12 13 8</runs>
            <runs>0 8 12 10 11</runs>
            <runs>0 8 11 11 9</runs>
            <runs>0 14 1</runs>
        </run-table>
    </sample>
    <sample shape="SHARP" interline="22" pitch="-3.9" left="240" top="1960" id="415">
        <run-table orientation="VERTICAL" width="25" height="64">
            <runs>0 25 1 17 10</runs>
            <runs>0 22 9 11 11</runs>
            <runs>0 21 10 11 11</runs>
            <runs>0 20 11 11 11</runs>
            <runs>0 20 11 10 1 1 10 8 1</runs>
            <runs>0 19 14 4 27</runs>
            <runs>0 8 56</runs>
            <runs>0 7 55</runs>
            <runs>0 7 20 12 10</runs>
            <runs>0 14 12 13 9</runs>
            <runs>0 17 9 13 9</runs>
            <runs>0 17 8 14 8</runs>
            <runs>0 17 8 14 8</runs>
            <runs>0 16 9 13 8</runs>
            <runs>0 16 8 13 8</runs>
            <runs>0 15 9 13 8</runs>
            <runs>0 15 9 5 16 4 9</runs>
            <runs>0 3 5 4 46</runs>
            <runs>0 1 56</runs>
            <runs>24 2 17</runs>
            <runs>0 1 8 3 10 13 8</runs>
            <runs>0 13 8 14 7</runs>
            <runs>0 12 9 14 7</runs>
            <runs>0 12 9 14 6</runs>
            <runs>0 12 8</runs>
        </run-table>
    </sample>
    <sample shape="SHARP" interline="22" pitch="-0.8" left="261" top="1992" id="416">
        <run-table orientation="VERTICAL" width="25" height="64">
            <runs>0 39 11</runs>
            <runs>0 26 2 11 12</runs>
            <runs>0 18 11 10 12</runs>
            <runs>0 18 11 10 12</runs>
            <runs>0 18 10 12 11</runs>
            <runs>0 18 10 12 24</runs>
            <runs>0 17 15 1 31</runs>
            <runs>0 7 57</runs>
            <runs>0 7 45 3 2</runs>
            <runs>0 11 5 1 9 13 10</runs>
            <runs>0 17 9 13 9</runs>
            <runs>0 17 8 14 8</runs>
            <runs>0 16 9 14 8</runs>
            <runs>0 16 9 13 8</runs>
            <runs>0 16 8 14 8</runs>
            <runs>0 15 9 13 9</runs>
            <runs>0 14 10 12 10 1 2 2 7</runs>
            <runs>0 13 15 3 1 2 24</runs>
            <runs>0 1 56</runs>
            <runs>49 1 6</runs>
            <runs>0 1 4 1 16 13 9</runs>
            <runs>0 12 9 14 8</runs>
            <runs>0 12 9 13 9</runs>
            <runs>0 13 8 13 8</runs>
            <runs>0 13 7 15 2</runs>
        </run-table>
    </sample>
    <sample shape="SHARP" interline="22" pitch="-5.0" left="285" top="1948" id="417">
        <run-table orientation="VERTICAL" width="25" height="65">
            <runs>0 47 1</runs>
            <runs>0 22 7 11 11</runs>
            <runs>0 22 7 11 11</runs>
            <runs>0 21 8 11 11</runs>
            <runs>0 20 8 12 11</runs>
            <runs>0 20 8 11 16 2 8</runs>
            <runs>0 9 2 4 1 1 48</runs>
            <runs>0 7 58</runs>
            <runs>0 7 20 5 1 6 10</runs>
            <runs>0 16 11 13 9</runs>
            <runs>0 17 9 14 8</runs>
            <runs>0 17 9 13 9</runs>
            <runs>0 17 9 13 8</runs>
            <runs>0 16 9 14 8</runs>
            <runs>0 16 9 13 8</runs>
            <runs>0 15 9 14 8</runs>
            <runs>0 15 9 12 13 1 1 2 5</runs>
            <runs>0 1 10 1 46</runs>
            <runs>57</runs>
            <runs>29 1 14</runs>
            <runs>9 3 10 13 8</runs>
            <runs>0 13 8 14 8</runs>
            <runs>0 14 8 14 8</runs>
            <runs>0 14 8 14 8</runs>
            <runs>0 13 8</runs>
        </run-table>
    </sample>
    <sample shape="SHARP" interline="22" pitch="-1.8" left="309" top="1981" id="418">
        <run-table orientation="VERTICAL" width="25" height="64">
            <runs>0 23 1 19 11</runs>
            <runs>0 21 11 10 12</runs>
            <runs>0 21 11 10 12</runs>
            <runs>0 20 12 10 12</runs>
            <runs>0 20 12 9 14 2 6</runs>
            <runs>0 19 13 3 29</runs>
            <runs>0 8 55</runs>
            <runs>0 7 28 1 18</runs>
            <runs>0 14 13 12 9</runs>
            <runs>0 17 9 13 8</runs>
            <runs>0 17 8 14 8</runs>
            <runs>0 17 8 14 7</runs>
            <runs>0 16 9 13 8</runs>
            <runs>0 16 8 14 8</runs>
            <runs>0 15 9 13 8</runs>
            <runs>0 15 9 13 9</runs>
            <runs>0 14 13 7 24</runs>
            <runs>0 1 56</runs>
            <runs>55</runs>
            <runs>22 2 2 8 9</runs>
            <runs>5 8 8 13 8</runs>
            <runs>0 12 9 13 8</runs>
            <runs>0 12 9 13 8</runs>
            <runs>0 12 8 14 7</runs>
            <runs>0 12 4</runs>
        </run-table>
    </sample>
    <sample shape="SHARP" interline="22" pitch="-1.8" left="240" top="2176" id="423">
        <run-table orientation="VERTICAL" width="25" height="63">
            <runs>0 25 3 15 9</runs>
            <runs>0 21 9 12 10</runs>
            <runs>0 21 9 12 10</runs>
            <runs>0 20 11 10 11</runs>
            <runs>0 19 12 10 14 2 6</runs>
            <runs>0 18 13 4 28</runs>
            <runs>0 7 49 1 6</runs>
            <runs>0 6 46</runs>
            <runs>0 6 20 12 10</runs>
            <runs>0 13 1 1 11 12 9</runs>
            <runs>0 16 9 13 9</runs>
            <runs>0 16 9 13 8</runs>
            <runs>0 15 10 12 9</runs>
            <runs>0 15 9 13 8</runs>
            <runs>0 15 9 13 8</runs>
            <runs>0 14 10 13 10 1 10</runs>
            <runs>0 14 10 10 24</runs>
            <runs>0 6 51</runs>
            <runs>48</runs>
            <runs>31 3 9</runs>
            <runs>10 2 11 12 7</runs>
            <runs>0 12 9 13 7</runs>
            <runs>0 12 8 14 7</runs>
            <runs>0 12 8 14 6</runs>
            <runs>0 12 7</runs>
        </run-table>
    </sample>
    <sample shape="SHARP" interline="22" pitch="1.2" left="262" top="2209" id="424">
        <run-table orientation="VERTICAL" width="25" height="63">
            <runs>0 25 2 11 12</runs>
            <runs>0 21 7 10 12</runs>
            <runs>0 17 11 10 12</runs>
            <runs>0 17 10 11 12</runs>
            <runs>0 17 10 11 13 3 9</runs>
            <runs>0 16 18 2 27</runs>
            <runs>0 8 2 1 52</runs>
            <runs>0 6 45 3 1</runs>
            <runs>0 12 15 11 10</runs>
            <runs>0 16 9 13 10</runs>
            <runs>0 16 9 13 9</runs>
            <runs>0 16 8 13 9</runs>
            <runs>0 15 9 13 9</runs>
            <runs>0 15 9 13 9</runs>
            <runs>0 15 8 13 9</runs>
            <runs>0 15 8 10 1 1 10</runs>
            <runs>0 13 12 1 1 3 27</runs>
            <runs>7 1 48</runs>
            <runs>46 1 5</runs>
            <runs>23 11 9</runs>
            <runs>0 12 9 13 8</runs>
            <runs>0 12 9 13 8</runs>
            <runs>0 12 8 14 7</runs>
            <runs>0 11 9 16 2</runs>
            <runs>0 14 2</runs>
        </run-table>
    </sample>
    <sample shape="SHARP" interline="22" pitch="-2.9" left="285" top="2164" id="425">
        <run-table orientation="VERTICAL" width="25" height="64">
            <runs>0 45 5</runs>
            <runs>0 22 7 11 11</runs>
            <runs>0 19 10 11 11</runs>
            <runs>0 19 10 11 10</runs>
            <runs>0 19 9 12 10</runs>
            <runs>0 18 10 9 1 1 12 4 9</runs>
            <runs>0 12 52</runs>
            <runs>0 8 1 1 40 2 12</runs>
            <runs>0 7 21 8 2 1 9</runs>
            <runs>0 7 5 5 9 13 9</runs>
            <runs>0 17 9 13 8</runs>
            <runs>0 17 8 14 8</runs>
            <runs>0 16 9 13 8</runs>
            <runs>0 16 8 14 8</runs>
            <runs>0 16 8 13 8</runs>
            <runs>0 15 9 13 8</runs>
            <runs>0 14 10 12 9 2 7</runs>
            <runs>0 12 45</runs>
            <runs>0 3 53</runs>
            <runs>0 1 22 11 9</runs>
            <runs>12 2 8 14 7</runs>
            <runs>0 3 1 9 9 13 8</runs>
            <runs>0 13 9 13 8</runs>
            <runs>0 13 9 13 8</runs>
            <runs>0 13 4</runs>
        </run-table>
    </sample>
    <sample shape="SHARP" interline="22" pitch="0.1" left="309" top="2196" id="426">
        <run-table orientation="VERTICAL" width="26" height="64">
            <runs>0 44 6</runs>
            <runs>0 27 1 14 8</runs>
            <runs>0 21 8 13 8</runs>
            <runs>0 21 8 13 8</runs>
            <runs>0 20 8 13 9 7 6</runs>
            <runs>0 20 8 12 24</runs>
            <runs>0 19 14 1 29</runs>
            <runs>0 15 39</runs>
            <runs>0 7 21 11 9</runs>
            <runs>0 16 10 13 9</runs>
            <runs>0 18 8 13 8</runs>
            <runs>0 17 8 14 8</runs>
            <runs>0 17 8 13 8</runs>
            <runs>0 16 8 14 8</runs>
            <runs>0 16 8 13 9</runs>
            <runs>0 15 9 13 9 8 3</runs>
            <runs>0 15 9 12 22</runs>
            <runs>0 13 11 5 29</runs>
            <runs>0 2 2 3 50</runs>
            <runs>26 1 17</runs>
            <runs>22 13 8</runs>
            <runs>0 13 8 14 7</runs>
            <runs>0 13 8 13 8</runs>
            <runs>0 12 9 13 8</runs>
            <runs>0 12 8</runs>
            <runs>0 13 3 1 1</runs>
        </run-table>
    </sample>
    <sample shape="CLUTTER" interline="22" left="337" top="2530" id="0">
        <run-table orientation="VERTICAL" width="12" height="41">
            <runs>0 8 5 17 5</runs>
            <runs>0 6 8 15 8</runs>
            <runs>0 5 9 14 10</runs>
            <runs>0 4 11 12 12</runs>
            <runs>15 12 13</runs>
            <runs>16 11 14</runs>
            <runs>15 13 13</runs>
            <runs>15 13 13</runs>
            <runs>15 13 13</runs>
            <runs>0 6 9 13 10</runs>
            <runs>0 7 8 14 8</runs>
            <runs>0 7 7 16 4</runs>
        </run-table>
    </sample>
</samples>
