<?xml version="1.0" encoding="UTF-8" standalone="yes"?>
<samples sheet-name="IMSLP00005#9">
    <sample shape="G_CLEF" interline="22" pitch="0.5" left="141" top="255" id="267">
        <run-table orientation="VERTICAL" width="63" height="153">
            <runs>0 94 2</runs>
            <runs>0 94 2</runs>
            <runs>0 94 2</runs>
            <runs>0 94 2</runs>
            <runs>0 94 2</runs>
            <runs>0 94 2</runs>
            <runs>0 94 2</runs>
            <runs>0 86 12</runs>
            <runs>0 82 17</runs>
            <runs>0 79 24</runs>
            <runs>0 72 33</runs>
            <runs>0 72 35</runs>
            <runs>0 72 36</runs>
            <runs>0 71 38</runs>
            <runs>0 69 41</runs>
            <runs>0 68 21 5 2 3 11 29 5</runs>
            <runs>0 67 19 8 2 7 9 23 11</runs>
            <runs>0 65 18 11 2 9 8 21 13</runs>
            <runs>0 64 18 12 2 10 8 19 15</runs>
            <runs>0 63 17 14 2 13 5 18 17</runs>
            <runs>0 62 16 16 2 14 8 14 17</runs>
            <runs>0 60 17 17 2 15 7 13 19</runs>
            <runs>0 59 17 18 2 16 3 16 20</runs>
            <runs>0 59 16 16 5 16 3 16 20</runs>
            <runs>0 58 17 13 9 1 1 14 2 16 21</runs>
            <runs>0 57 18 11 18 10 1 16 21</runs>
            <runs>0 56 15 14 20 9 1 16 17 1 3</runs>
            <runs>0 55 15 13 23 25 16 3 2</runs>
            <runs>0 51 18 13 10 2 2 7 5 23 16 3 3</runs>
            <runs>0 51 17 12 11 3 2 9 4 23 14 4 3</runs>
            <runs>0 51 16 13 9 5 2 10 3 23 14 4 3</runs>
            <runs>0 26 15 10 15 13 9 6 2 12 2 23 12 5 3</runs>
            <runs>0 22 24 4 16 12 9 7 2 39 9 6 3</runs>
            <runs>0 19 46 13 9 6 3 40 6 9 1</runs>
            <runs>0 17 48 12 9 8 2 54 2</runs>
            <runs>0 14 27 3 26 6 10 8 2 23 1 30 2</runs>
            <runs>0 14 20 15 37 9 1 23 1 30 3</runs>
            <runs>0 13 20 15 16 3 20 8 1 23 2 29 3</runs>
            <runs>0 11 17 19 15 11 28 18 2 28 4</runs>
            <runs>0 10 15 22 14 12 30 16 1 29 3</runs>
            <runs>0 9 15 22 15 12 13 7 27 28 4</runs>
            <runs>0 7 15 23 15 13 12 10 28 24 4</runs>
            <runs>0 6 14 24 15 14 12 21 25 9 1 2 7</runs>
            <runs>0 5 14 24 15 15 13 27 35</runs>
            <runs>0 4 14 24 15 17 11 31 31</runs>
            <runs>0 3 14 23 15 19 12 30 1 13 15</runs>
            <runs>0 2 13 24 15 23 9 30 1</runs>
            <runs>14 23 17 23 9 29 2</runs>
            <runs>13 22 19 23 9 29 2</runs>
            <runs>0 1 11 22 15 28 10 27 3</runs>
            <runs>0 2 9 19 18 30 9 27 3</runs>
            <runs>0 4 8 18 16 32 9 26 4</runs>
            <runs>0 6 9 11 19 34 9 24 4</runs>
            <runs>0 8 34 37 10 22 5</runs>
            <runs>0 10 28 42 10 21 4</runs>
            <runs>0 14 22 45 10 18 5</runs>
            <runs>0 24 9 49 11 14 6</runs>
            <runs>0 82 11 12 7</runs>
            <runs>0 84 27</runs>
            <runs>0 85 25</runs>
            <runs>0 87 22</runs>
            <runs>0 89 17</runs>
            <runs>0 92 11</runs>
        </run-table>
    </sample>
    <sample shape="G_CLEF" interline="22" pitch="0.4" left="141" top="838" id="327">
        <run-table orientation="VERTICAL" width="66" height="154">
            <runs>0 95 2</runs>
            <runs>0 95 2</runs>
            <runs>0 95 2</runs>
            <runs>0 95 2</runs>
            <runs>0 95 2</runs>
            <runs>0 95 2</runs>
            <runs>0 95 2</runs>
            <runs>0 95 2</runs>
            <runs>0 95 2</runs>
            <runs>0 94 3</runs>
            <runs>0 84 14</runs>
            <runs>0 80 21</runs>
            <runs>0 73 31</runs>
            <runs>0 73 32</runs>
            <runs>0 73 33</runs>
            <runs>0 71 37</runs>
            <runs>0 69 40</runs>
            <runs>0 67 44</runs>
            <runs>0 66 23 6 16</runs>
            <runs>0 65 21 9 2 6 9 26 3</runs>
            <runs>0 63 20 12 2 8 8 23 6</runs>
            <runs>0 62 19 14 2 10 7 20 9</runs>
            <runs>0 61 18 16 2 12 6 18 11</runs>
            <runs>0 60 18 17 2 13 5 18 12 2 2</runs>
            <runs>0 59 17 19 2 14 8 13 18</runs>
            <runs>0 58 18 19 2 15 7 13 18</runs>
            <runs>0 57 19 13 9 14 7 13 19</runs>
            <runs>0 56 20 11 13 13 4 14 21</runs>
            <runs>0 51 20 14 18 11 3 14 21</runs>
            <runs>0 52 18 13 22 9 3 14 21</runs>
            <runs>0 51 19 12 16 1 8 8 2 14 21</runs>
            <runs>0 51 18 12 12 10 5 7 2 14 21</runs>
            <runs>0 25 13 13 17 12 11 14 4 7 1 14 17 1 3</runs>
            <runs>0 22 24 4 17 12 10 18 3 5 2 15 16 1 4</runs>
            <runs>0 20 47 12 10 20 2 22 15 3 3</runs>
            <runs>0 16 51 11 11 45 14 3 3</runs>
            <runs>0 15 52 11 10 47 11 5 3</runs>
            <runs>0 13 23 11 16 1 8 2 13 50 7 7 3</runs>
            <runs>0 11 23 13 40 64 3</runs>
            <runs>0 10 17 19 42 62 3</runs>
            <runs>0 9 16 21 17 5 26 56 3</runs>
            <runs>0 8 16 21 16 13 29 46 4</runs>
            <runs>0 6 16 22 16 14 33 42 3</runs>
            <runs>0 5 14 25 15 15 12 5 23 1 2 31 4</runs>
            <runs>0 4 14 24 16 16 12 9 27 25 4</runs>
            <runs>0 3 14 24 17 16 11 19 28 14 5</runs>
            <runs>0 2 13 24 17 18 11 26 2 1 24 5 7</runs>
            <runs>14 24 17 19 11 31 33</runs>
            <runs>14 22 19 19 11 31 32</runs>
            <runs>12 23 20 19 11 45 15</runs>
            <runs>0 1 11 19 20 23 12 51 4</runs>
            <runs>0 3 9 18 20 25 11</runs>
            <runs>0 5 8 13 21 27 12 28 7</runs>
            <runs>0 7 12 1 25 29 13 26 8</runs>
            <runs>0 9 35 30 14 24 4</runs>
            <runs>0 13 26 35 15 22 5</runs>
            <runs>0 18 19 37 16 20 5</runs>
            <runs>0 79 11 19 5</runs>
            <runs>0 80 12 16 6</runs>
            <runs>0 81 13 12 7</runs>
            <runs>0 82 17 1 12</runs>
            <runs>0 83 27</runs>
            <runs>0 84 25</runs>
            <runs>0 86 22</runs>
            <runs>0 89 16</runs>
            <runs>0 92 10</runs>
        </run-table>
    </sample>
    <sample shape="G_CLEF" interline="22" pitch="0.6" left="143" top="1417" id="380">
        <run-table orientation="VERTICAL" width="60" height="154">
            <runs>0 73 2 20 2</runs>
            <runs>0 73 2 20 2</runs>
            <runs>0 73 2 20 2</runs>
            <runs>0 73 2 20 2</runs>
            <runs>0 72 3 9 14</runs>
            <runs>0 74 1 8 17</runs>
            <runs>0 74 1 6 23</runs>
            <runs>0 74 1 3 27</runs>
            <runs>0 74 33</runs>
            <runs>0 73 35</runs>
            <runs>0 71 39</runs>
            <runs>0 70 41</runs>
            <runs>0 68 20 14 10 28 3</runs>
            <runs>0 67 18 19 8 23 11</runs>
            <runs>0 66 17 23 7 21 13</runs>
            <runs>0 65 17 25 7 19 15</runs>
            <runs>0 63 18 27 7 17 17</runs>
            <runs>0 62 17 31 5 17 18</runs>
            <runs>0 61 17 32 6 15 19</runs>
            <runs>0 60 16 35 8 12 20</runs>
            <runs>0 59 17 14 8 14 7 12 20</runs>
            <runs>0 58 18 11 15 11 4 14 21</runs>
            <runs>0 57 19 9 20 9 3 14 21</runs>
            <runs>0 56 16 11 24 7 3 14 21</runs>
            <runs>0 55 15 13 15 3 7 7 2 13 23</runs>
            <runs>0 52 18 12 10 12 4 7 2 13 18 1 4</runs>
            <runs>0 52 17 12 9 15 4 6 2 14 16 2 4</runs>
            <runs>0 52 16 12 9 18 3 5 2 15 14 3 4</runs>
            <runs>0 30 8 14 15 12 9 28 1 16 12 5 3</runs>
            <runs>0 25 22 4 15 12 9 29 1 17 10 6 3</runs>
            <runs>0 20 45 13 9 49 8 7 3</runs>
            <runs>0 18 48 9 12 51 3 10 2</runs>
            <runs>0 16 23 2 2 2 25 4 13 52 1 10 3</runs>
            <runs>0 14 20 15 38 63 3</runs>
            <runs>0 12 18 18 44 57 3</runs>
            <runs>0 11 17 19 16 7 29 49 4</runs>
            <runs>0 10 15 21 16 12 12 3 21 1 3 33 5</runs>
            <runs>0 9 14 22 16 13 12 7 28 26 4</runs>
            <runs>0 8 13 24 14 15 12 15 1 2 20 21 5</runs>
            <runs>0 6 14 24 15 15 12 20 31 6 7</runs>
            <runs>0 5 13 25 15 16 12 27 36</runs>
            <runs>0 4 13 24 16 18 11 29 32</runs>
            <runs>0 3 13 24 16 19 11 29 6 8 16</runs>
            <runs>0 2 13 24 17 19 11 29 6 14 6</runs>
            <runs>14 24 18 19 12 27 7</runs>
            <runs>0 1 12 23 16 23 12 27 7</runs>
            <runs>0 1 11 20 18 25 12 26 4</runs>
            <runs>0 2 10 19 17 27 12 26 4</runs>
            <runs>0 3 9 18 17 28 13 25 3</runs>
            <runs>0 6 9 8 1 3 17 31 14 22 4</runs>
            <runs>0 8 34 33 14 21 4</runs>
            <runs>0 13 25 41 11 19 5</runs>
            <runs>0 16 19 45 11 17 5</runs>
            <runs>0 25 1 54 14 12 6</runs>
            <runs>0 81 30</runs>
            <runs>0 82 1 1 26</runs>
            <runs>0 85 24</runs>
            <runs>0 87 20</runs>
            <runs>0 89 16</runs>
            <runs>0 91 9</runs>
        </run-table>
    </sample>
    <sample shape="G_CLEF" interline="22" pitch="0.6" left="155" top="1952" id="434">
        <run-table orientation="VERTICAL" width="56" height="154">
            <runs>0 84 14</runs>
            <runs>0 79 21</runs>
            <runs>0 77 25</runs>
            <runs>0 72 32</runs>
            <runs>0 72 34</runs>
            <runs>0 70 38</runs>
            <runs>0 69 40 29 2</runs>
            <runs>0 68 42 25 10</runs>
            <runs>0 67 20 12 11 23 14</runs>
            <runs>0 66 18 19 8 21 16</runs>
            <runs>0 64 18 23 7 19 18</runs>
            <runs>0 63 17 26 7 18 18</runs>
            <runs>0 62 16 29 11 12 20</runs>
            <runs>0 61 16 32 9 12 20</runs>
            <runs>0 60 16 34 8 12 21</runs>
            <runs>0 59 16 36 7 12 21</runs>
            <runs>0 57 18 11 10 15 8 11 22</runs>
            <runs>0 58 18 11 16 10 7 12 21</runs>
            <runs>0 57 19 10 19 9 1 16 22</runs>
            <runs>0 56 16 12 23 24 18 1 3</runs>
            <runs>0 55 16 12 15 4 6 23 17 2 3</runs>
            <runs>0 52 18 11 11 12 5 23 15 3 4</runs>
            <runs>0 51 18 11 11 15 4 23 13 4 3</runs>
            <runs>0 52 16 11 10 18 3 24 11 5 3</runs>
            <runs>0 52 15 11 10 21 1 25 9 6 3</runs>
            <runs>0 27 17 7 15 12 9 51 3 9 3</runs>
            <runs>0 24 42 11 10 63 3</runs>
            <runs>0 20 46 7 14 62 4</runs>
            <runs>0 18 53 2 13 63 4</runs>
            <runs>0 15 24 9 38 63 4</runs>
            <runs>0 14 19 14 45 56 4</runs>
            <runs>0 12 21 14 15 9 34 42 4</runs>
            <runs>0 11 16 19 15 12 47 25 6</runs>
            <runs>0 10 15 20 16 12 13 3 1 3 31 3 8 5 10</runs>
            <runs>0 8 15 21 15 14 12 18 45</runs>
            <runs>0 7 13 24 14 15 12 27 35</runs>
            <runs>0 6 13 23 15 16 12 31 1 2 2 2 23</runs>
            <runs>0 5 13 23 15 17 12 31 1 12 9 2 2</runs>
            <runs>0 3 14 23 15 18 12 30 2 17 1</runs>
            <runs>0 2 14 23 15 19 13 29 2</runs>
            <runs>0 1 14 23 16 19 13 28 3</runs>
            <runs>14 22 18 19 13 28 3</runs>
            <runs>12 22 16 23 13 27 4</runs>
            <runs>12 17 19 25 14 25 4</runs>
            <runs>0 2 10 17 18 30 11 23 4</runs>
            <runs>0 3 11 14 16 34 10 22 5</runs>
            <runs>0 5 11 8 19 35 11 20 5</runs>
            <runs>0 8 33 38 12 17 5</runs>
            <runs>0 11 27 42 12 14 6</runs>
            <runs>0 18 17 46 17 6 8</runs>
            <runs>0 83 28</runs>
            <runs>0 84 25</runs>
            <runs>0 85 23</runs>
            <runs>0 87 19</runs>
            <runs>0 88 15</runs>
            <runs>0 93 2</runs>
        </run-table>
    </sample>
    <sample shape="G_CLEF" interline="22" pitch="0.7" left="153" top="2491" id="493">
        <run-table orientation="VERTICAL" width="57" height="155">
            <runs>0 89 2 1 2</runs>
            <runs>0 83 17</runs>
            <runs>0 80 22</runs>
            <runs>0 77 28</runs>
            <runs>0 76 30</runs>
            <runs>0 72 35</runs>
            <runs>0 71 38</runs>
            <runs>0 70 40</runs>
            <runs>0 69 42</runs>
            <runs>0 67 23 9 13 26 5</runs>
            <runs>0 65 21 18 9 22 12</runs>
            <runs>0 64 20 22 8 20 14</runs>
            <runs>0 63 19 26 10 15 16</runs>
            <runs>0 62 18 29 9 14 18</runs>
            <runs>0 61 17 32 8 14 19</runs>
            <runs>0 60 17 34 7 13 21</runs>
            <runs>0 59 16 37 6 13 21</runs>
            <runs>0 59 17 16 9 13 5 13 21</runs>
            <runs>0 58 17 14 16 9 6 12 22</runs>
            <runs>0 57 18 12 19 9 5 12 22</runs>
            <runs>0 56 19 11 22 8 4 12 20 1 1</runs>
            <runs>0 56 19 9 17 2 6 7 4 12 22</runs>
            <runs>0 55 15 13 15 7 5 6 4 12 17 2 3</runs>
            <runs>0 52 17 13 10 16 3 5 5 12 16 2 4</runs>
            <runs>0 28 13 11 17 12 9 19 3 4 5 12 15 3 4</runs>
            <runs>0 23 25 1 19 12 10 21 1 4 5 13 13 4 4</runs>
            <runs>0 20 47 12 10 27 5 14 11 5 4</runs>
            <runs>0 18 49 12 9 28 5 15 9 7 3</runs>
            <runs>0 16 28 1 25 8 10 28 5 18 3 10 2</runs>
            <runs>0 14 22 12 28 1 11 28 5 30 3</runs>
            <runs>0 13 20 15 40 28 5 29 4</runs>
            <runs>0 11 22 14 16 7 21 26 4 29 4</runs>
            <runs>0 10 17 19 16 11 30 14 3 29 5</runs>
            <runs>0 9 16 21 16 11 38 6 3 28 5</runs>
            <runs>0 9 14 21 17 12 14 2 2 4 26 26 5</runs>
            <runs>0 8 13 22 17 13 13 12 1 3 24 1 1 3 1 14 5</runs>
            <runs>0 6 14 22 16 15 13 23 27 4 11</runs>
            <runs>0 5 14 22 16 16 13 29 35</runs>
            <runs>0 4 13 23 16 17 13 30 32</runs>
            <runs>0 3 12 24 16 18 14 38 21</runs>
            <runs>0 1 13 24 16 19 14 44 2 3 7</runs>
            <runs>14 23 17 19 14</runs>
            <runs>12 23 19 19 14</runs>
            <runs>0 1 11 18 20 27 11</runs>
            <runs>0 2 12 16 17 31 10 25 2</runs>
            <runs>0 4 14 7 20 33 10 25 2</runs>
            <runs>0 7 34 38 10 23 7</runs>
            <runs>0 14 25 40 12 19 6</runs>
            <runs>0 17 18 46 10 19 5</runs>
            <runs>0 20 4 2 4 51 11 16 6</runs>
            <runs>0 20 2 60 15 9 7</runs>
            <runs>0 83 15 4 10</runs>
            <runs>0 84 27</runs>
            <runs>0 85 24</runs>
            <runs>0 87 20</runs>
            <runs>0 90 16</runs>
            <runs>0 93 8 1 2</runs>
        </run-table>
    </sample>
    <sample shape="G_CLEF" interline="22" pitch="0.5" left="149" top="2997" id="545">
        <run-table orientation="VERTICAL" width="58" height="158">
            <runs>0 89 4</runs>
            <runs>0 84 17</runs>
            <runs>0 81 23</runs>
            <runs>0 75 32</runs>
            <runs>0 75 33</runs>
            <runs>0 74 36</runs>
            <runs>0 73 38</runs>
            <runs>0 71 41</runs>
            <runs>0 69 44</runs>
            <runs>0 67 26 1 20</runs>
            <runs>0 66 24 7 18 26 5</runs>
            <runs>0 65 22 19 10 23 10</runs>
            <runs>0 64 20 24 9 20 13</runs>
            <runs>0 63 19 28 13 13 16</runs>
            <runs>0 61 20 30 11 13 18</runs>
            <runs>0 60 19 33 10 13 18</runs>
            <runs>0 60 18 35 9 12 20</runs>
            <runs>0 58 20 15 8 13 8 12 21</runs>
            <runs>0 58 20 12 13 12 7 12 21</runs>
            <runs>0 53 21 14 18 9 7 12 21</runs>
            <runs>0 54 20 13 21 9 3 15 21</runs>
            <runs>0 55 18 12 25 8 2 15 22</runs>
            <runs>0 54 18 12 17 5 5 7 2 15 22</runs>
            <runs>0 27 19 8 17 12 12 13 4 6 2 15 23</runs>
            <runs>0 23 29 1 17 12 10 18 4 5 1 15 17 1 5</runs>
            <runs>0 19 51 11 11 19 3 5 1 16 16 1 5</runs>
            <runs>0 18 51 11 11 21 2 5 1 16 15 2 5</runs>
            <runs>0 16 54 6 14 29 1 17 13 3 5</runs>
            <runs>0 14 24 11 26 1 14 29 1 18 10 5 4</runs>
            <runs>0 13 23 12 42 50 6 7 4</runs>
            <runs>0 11 20 17 42 63 4</runs>
            <runs>0 9 19 19 18 7 22 58 5</runs>
            <runs>0 8 18 21 16 13 27 49 5</runs>
            <runs>0 7 16 22 18 14 33 41 5</runs>
            <runs>0 6 16 22 18 15 11 4 24 35 5</runs>
            <runs>0 5 15 23 17 17 11 9 30 23 5</runs>
            <runs>0 3 15 24 17 18 11 18 30 13 5</runs>
            <runs>0 1 16 23 18 19 11 21 31 6 8</runs>
            <runs>16 23 18 20 11 28 37</runs>
            <runs>15 18 24 20 11 30 34</runs>
            <runs>0 1 13 19 24 20 11 30 7 2 24</runs>
            <runs>0 3 10 20 19 25 11 29 7 8 17</runs>
            <runs>0 5 10 14 22 26 11 29 7 14 7</runs>
            <runs>0 7 10 6 26 28 12 27 8</runs>
            <runs>0 10 37 30 13 25 9</runs>
            <runs>0 12 33 32 13 25 8</runs>
            <runs>0 15 27 35 14 23 6</runs>
            <runs>0 18 21 42 11 21 6</runs>
            <runs>0 21 4 57 11 19 6</runs>
            <runs>0 82 13 15 7</runs>
            <runs>0 83 18 6 9</runs>
            <runs>0 84 31</runs>
            <runs>0 85 29</runs>
            <runs>0 86 27</runs>
            <runs>0 88 23</runs>
            <runs>0 89 21</runs>
            <runs>0 91 17</runs>
            <runs>0 96 3</runs>
        </run-table>
    </sample>
    <sample shape="G_CLEF" interline="22" pitch="0.2" left="144" top="3177" id="558">
        <run-table orientation="VERTICAL" width="58" height="156">
            <runs>0 93 2 1 1</runs>
            <runs>0 86 16</runs>
            <runs>0 82 22</runs>
            <runs>0 76 31</runs>
            <runs>0 76 32</runs>
            <runs>0 74 36</runs>
            <runs>0 73 38</runs>
            <runs>0 72 41</runs>
            <runs>0 71 43</runs>
            <runs>0 68 23 3 3 1 17 25 7</runs>
            <runs>0 67 21 17 11 22 12</runs>
            <runs>0 64 22 21 10 20 14</runs>
            <runs>0 64 20 25 9 18 15</runs>
            <runs>0 63 19 30 7 16 17</runs>
            <runs>0 62 19 32 10 12 18</runs>
            <runs>0 61 19 35 8 12 18</runs>
            <runs>0 60 20 17 2 16 8 11 19</runs>
            <runs>0 59 20 12 10 14 8 11 19</runs>
            <runs>0 59 20 10 14 13 7 11 19</runs>
            <runs>0 55 19 2 1 10 20 10 3 14 21</runs>
            <runs>0 55 18 13 22 10 2 14 21</runs>
            <runs>0 55 18 12 25 8 2 14 22</runs>
            <runs>0 28 9 18 16 12 14 1 1 5 7 8 1 15 16 1 1 1 1</runs>
            <runs>0 25 18 11 16 12 12 14 4 7 1 15 16 1 1</runs>
            <runs>0 20 51 11 11 17 4 22 15</runs>
            <runs>0 18 52 11 11 20 2 23 13</runs>
            <runs>0 16 53 8 14 22 1 24 11</runs>
            <runs>0 15 25 10 19 8 13 49 8</runs>
            <runs>0 13 24 13 24 3 13 52 3</runs>
            <runs>0 11 21 17 41</runs>
            <runs>0 9 18 21 42</runs>
            <runs>0 8 17 23 17 7 20</runs>
            <runs>0 7 16 23 18 12 26</runs>
            <runs>0 5 17 23 18 14 30 10 10</runs>
            <runs>0 4 16 24 18 15 12 4 39 18 3</runs>
            <runs>0 3 15 25 18 17 11 10 35 1 1 12 3</runs>
            <runs>0 1 16 25 17 19 10 18 32 3 8</runs>
            <runs>16 25 18 19 10 25 37</runs>
            <runs>0 1 14 25 19 19 10 28 34</runs>
            <runs>0 2 12 20 25 18 11 29 8 4 20</runs>
            <runs>0 4 10 19 20 25 10 29 8 11 11</runs>
            <runs>0 6 8 17 21 26 10 29 8</runs>
            <runs>0 8 10 8 24 28 10 28 5</runs>
            <runs>0 10 39 29 11 27 4</runs>
            <runs>0 14 34 30 11 26 5</runs>
            <runs>0 15 27 2 5 29 12 25 4</runs>
            <runs>0 20 18 6 8 26 13 23 5</runs>
            <runs>0 31 3 10 9 25 13 22 5</runs>
            <runs>0 44 6 32 10 20 5</runs>
            <runs>0 43 2 38 11 17 6</runs>
            <runs>0 84 12 12 8</runs>
            <runs>0 84 19 1 11</runs>
            <runs>0 85 29</runs>
            <runs>0 87 25</runs>
            <runs>0 88 23</runs>
            <runs>0 89 20</runs>
            <runs>0 90 16</runs>
            <runs>0 94 10</runs>
        </run-table>
    </sample>
    <sample shape="F_CLEF" interline="22" pitch="-1.4" left="144" top="538" id="279">
        <run-table orientation="VERTICAL" width="65" height="67">
            <runs>0 63 1</runs>
            <runs>0 63 1</runs>
            <runs>0 63 1</runs>
            <runs>0 63 1</runs>
            <runs>0 62 2</runs>
            <runs>0 62 2</runs>
            <runs>0 62 2</runs>
            <runs>0 12 11 38 3</runs>
            <runs>0 8 15 38 3</runs>
            <runs>0 7 17 37 3</runs>
            <runs>0 5 6 5 9 36 3</runs>
            <runs>0 5 3 8 10 34 7</runs>
            <runs>0 3 4 9 10 34 7</runs>
            <runs>0 3 3 10 11 32 4</runs>
            <runs>0 2 3 10 12 32 3</runs>
            <runs>0 2 2 11 12 31 4</runs>
            <runs>0 2 1 12 12 31 4</runs>
            <runs>0 2 1 12 13 29 4</runs>
            <runs>0 2 1 11 14 29 4</runs>
            <runs>0 14 13 29 5</runs>
            <runs>0 14 13 29 4</runs>
            <runs>0 15 12 28 5</runs>
            <runs>0 16 11 27 6</runs>
            <runs>0 17 8 29 5</runs>
            <runs>0 18 2 34 5</runs>
            <runs>0 53 5</runs>
            <runs>0 52 5</runs>
            <runs>0 51 6</runs>
            <runs>0 50 6</runs>
            <runs>0 49 7</runs>
            <runs>0 48 7</runs>
            <runs>0 2 1 43 9</runs>
            <runs>0 2 2 39 12</runs>
            <runs>0 2 3 38 11</runs>
            <runs>0 2 4 37 10</runs>
            <runs>7 35 11</runs>
            <runs>8 32 12</runs>
            <runs>10 28 13</runs>
            <runs>11 24 15</runs>
            <runs>13 19 17</runs>
            <runs>25 4 19</runs>
            <runs>0 4 43</runs>
            <runs>0 4 42</runs>
            <runs>0 5 41</runs>
            <runs>0 6 40</runs>
            <runs>0 6 40</runs>
            <runs>0 7 34</runs>
            <runs>0 9 31</runs>
            <runs>0 11 27</runs>
            <runs>0 12 25</runs>
            <runs>0 14 20</runs>
            <runs>0 17 13</runs>
            <runs>0 19 3</runs>
            <runs></runs>
            <runs></runs>
            <runs>0 11 4 17 1</runs>
            <runs>0 10 6 14 5</runs>
            <runs>0 9 7 13 8</runs>
            <runs>0 9 8 12 8</runs>
            <runs>0 9 8 12 8</runs>
            <runs>0 9 8 12 8</runs>
            <runs>0 9 8 12 8</runs>
            <runs>0 9 7 14 7</runs>
            <runs>0 10 5 15 6</runs>
            <runs>0 32 2</runs>
        </run-table>
    </sample>
    <sample shape="F_CLEF" interline="22" pitch="-1.4" left="145" top="1110" id="337">
        <run-table orientation="VERTICAL" width="66" height="68">
            <runs>0 65 1</runs>
            <runs>0 64 2</runs>
            <runs>0 64 2</runs>
            <runs>0 64 2</runs>
            <runs>0 63 3</runs>
            <runs>0 63 3</runs>
            <runs>0 63 3</runs>
            <runs>0 63 3</runs>
            <runs>0 14 3 1 1 43 4</runs>
            <runs>0 11 13 38 4</runs>
            <runs>0 9 16 36 7</runs>
            <runs>0 8 17 36 7</runs>
            <runs>0 6 6 6 8 35 3</runs>
            <runs>0 5 5 8 9 33 4</runs>
            <runs>0 4 4 9 11 32 3</runs>
            <runs>7 10 11 31 4</runs>
            <runs>0 3 3 10 12 31 4</runs>
            <runs>0 3 2 10 14 30 4</runs>
            <runs>0 3 1 11 14 29 4</runs>
            <runs>0 3 1 11 14 29 3</runs>
            <runs>0 15 14 28 4</runs>
            <runs>0 15 13 29 4</runs>
            <runs>0 16 12 29 3</runs>
            <runs>0 16 11 29 4</runs>
            <runs>0 17 9 29 4</runs>
            <runs>0 18 7 29 5</runs>
            <runs>0 54 4</runs>
            <runs>0 53 5</runs>
            <runs>0 52 5</runs>
            <runs>0 51 7</runs>
            <runs>0 46 2 3 6</runs>
            <runs>0 46 2 2 7</runs>
            <runs>0 4 1 41 2 1 7</runs>
            <runs>0 4 1 39 12</runs>
            <runs>0 4 2 38 11</runs>
            <runs>0 4 3 37 10</runs>
            <runs>0 1 7 34 12</runs>
            <runs>0 1 8 31 13</runs>
            <runs>0 1 9 29 13</runs>
            <runs>12 24 15</runs>
            <runs>15 19 16</runs>
            <runs>0 1 20 1 28</runs>
            <runs>0 5 44</runs>
            <runs>0 5 42</runs>
            <runs>0 6 41</runs>
            <runs>0 7 40</runs>
            <runs>0 8 38</runs>
            <runs>0 9 38</runs>
            <runs>0 10 31</runs>
            <runs>0 12 28</runs>
            <runs>0 13 25</runs>
            <runs>0 15 20</runs>
            <runs>0 19 15</runs>
            <runs>0 25 3</runs>
            <runs></runs>
            <runs>0 13 3</runs>
            <runs>0 11 6 15 4</runs>
            <runs>0 11 7 13 6</runs>
            <runs>0 10 8 13 7</runs>
            <runs>0 10 9 11 9</runs>
            <runs>0 10 9 11 9</runs>
            <runs>0 10 8 12 9</runs>
            <runs>0 10 8 12 8</runs>
            <runs>0 10 8 13 7</runs>
            <runs>0 11 6 15 5</runs>
            <runs>0 13 3</runs>
        </run-table>
    </sample>
    <sample shape="F_CLEF" interline="22" pitch="-1.4" left="145" top="1641" id="391">
        <run-table orientation="VERTICAL" width="66" height="67">
            <runs>0 63 1</runs>
            <runs>0 62 2</runs>
            <runs>0 62 2</runs>
            <runs>0 61 3</runs>
            <runs>0 61 3</runs>
            <runs>0 61 3</runs>
            <runs>0 61 3</runs>
            <runs>0 13 10 38 3</runs>
            <runs>0 10 13 38 3</runs>
            <runs>0 8 16 36 7</runs>
            <runs>0 7 17 36 7</runs>
            <runs>0 6 4 7 9 33 8</runs>
            <runs>0 4 4 9 9 33 8</runs>
            <runs>0 3 4 9 11 32 4</runs>
            <runs>0 3 3 10 11 31 5</runs>
            <runs>0 2 3 11 12 30 4</runs>
            <runs>0 2 2 11 12 30 5</runs>
            <runs>0 2 1 11 14 29 5</runs>
            <runs>0 2 1 11 14 30 3</runs>
            <runs>0 14 14 28 4</runs>
            <runs>0 14 13 29 3</runs>
            <runs>0 15 12 28 5</runs>
            <runs>0 15 12 28 5</runs>
            <runs>0 16 10 28 5</runs>
            <runs>0 17 8 28 6</runs>
            <runs>0 19 1 32 6</runs>
            <runs>0 51 7</runs>
            <runs>0 50 7</runs>
            <runs>0 2 1 48 7</runs>
            <runs>0 2 1 47 7</runs>
            <runs>0 2 2 45 8</runs>
            <runs>0 2 2 44 8</runs>
            <runs>0 2 3 38 12</runs>
            <runs>0 2 3 38 12</runs>
            <runs>0 2 3 38 11</runs>
            <runs>0 2 4 37 11</runs>
            <runs>7 34 12</runs>
            <runs>9 30 14</runs>
            <runs>10 27 14</runs>
            <runs>13 21 16</runs>
            <runs>15 14 20</runs>
            <runs>19 2 27</runs>
            <runs>0 4 43</runs>
            <runs>0 4 42</runs>
            <runs>0 5 41</runs>
            <runs>0 6 40</runs>
            <runs>0 7 39</runs>
            <runs>0 8 33</runs>
            <runs>0 9 30</runs>
            <runs>0 10 28</runs>
            <runs>0 11 25</runs>
            <runs>0 12 22</runs>
            <runs>0 15 18</runs>
            <runs></runs>
            <runs></runs>
            <runs>0 12 3</runs>
            <runs>0 11 5 15 4</runs>
            <runs>0 9 8 13 6</runs>
            <runs>0 9 8 12 8</runs>
            <runs>0 9 8 12 8</runs>
            <runs>0 9 8 12 9</runs>
            <runs>0 9 1 1 6 12 9</runs>
            <runs>0 12 5 12 8</runs>
            <runs>0 12 5 12 8</runs>
            <runs>0 13 2 15 5</runs>
            <runs>0 32 2</runs>
        </run-table>
    </sample>
    <sample shape="F_CLEF" interline="22" pitch="-1.5" left="144" top="2203" id="443">
        <run-table orientation="VERTICAL" width="64" height="68">
            <runs>0 64 1</runs>
            <runs>0 63 2</runs>
            <runs>0 63 2</runs>
            <runs>0 63 2</runs>
            <runs>0 62 3</runs>
            <runs>0 62 3</runs>
            <runs>0 62 3</runs>
            <runs>0 12 12 38 3</runs>
            <runs>0 10 14 37 7</runs>
            <runs>0 7 18 36 7</runs>
            <runs>0 6 20 35 7</runs>
            <runs>0 5 5 7 10 33 4</runs>
            <runs>9 7 12 32 4</runs>
            <runs>8 8 12 31 5</runs>
            <runs>7 9 12 31 4</runs>
            <runs>0 4 1 11 12 30 5</runs>
            <runs>0 15 14 29 4</runs>
            <runs>0 15 14 28 5</runs>
            <runs>0 15 14 28 4</runs>
            <runs>0 15 14 27 5</runs>
            <runs>0 15 14 27 5</runs>
            <runs>0 15 14 26 5</runs>
            <runs>0 16 12 26 6</runs>
            <runs>0 16 11 27 5</runs>
            <runs>0 17 8 28 6</runs>
            <runs>0 52 7</runs>
            <runs>0 51 7</runs>
            <runs>0 3 1 47 8</runs>
            <runs>0 3 1 46 8</runs>
            <runs>0 3 1 45 8</runs>
            <runs>0 3 2 43 9</runs>
            <runs>0 3 2 39 12</runs>
            <runs>0 3 2 39 11</runs>
            <runs>0 3 3 37 12</runs>
            <runs>0 3 4 35 12</runs>
            <runs>0 1 7 33 12</runs>
            <runs>0 1 8 29 15</runs>
            <runs>0 1 9 25 17</runs>
            <runs>0 1 10 22 18</runs>
            <runs>0 1 15 13 21</runs>
            <runs>0 1 48</runs>
            <runs>0 1 47</runs>
            <runs>0 1 46</runs>
            <runs>0 5 42</runs>
            <runs>0 6 41</runs>
            <runs>0 6 41</runs>
            <runs>0 8 35</runs>
            <runs>0 9 32</runs>
            <runs>0 10 29</runs>
            <runs>0 11 26</runs>
            <runs>0 14 22</runs>
            <runs>0 16 20</runs>
            <runs>0 31 4</runs>
            <runs>0 31 3</runs>
            <runs>0 11 4 16 3</runs>
            <runs>0 11 5 14 6</runs>
            <runs>0 10 7 12 8</runs>
            <runs>0 9 9 11 9</runs>
            <runs>0 9 9 11 9</runs>
            <runs>0 9 9 11 9</runs>
            <runs>0 10 8 11 9</runs>
            <runs>0 10 7 13 7</runs>
            <runs>0 10 7 13 7</runs>
            <runs>0 11 4 16 5</runs>
        </run-table>
    </sample>
    <sample shape="F_CLEF" interline="22" pitch="-1.4" left="148" top="2724" id="505">
        <run-table orientation="VERTICAL" width="65" height="68">
            <runs>0 64 1</runs>
            <runs>0 63 2</runs>
            <runs>0 63 2</runs>
            <runs>0 62 3</runs>
            <runs>0 62 3</runs>
            <runs>0 62 3</runs>
            <runs>0 16 4 42 3</runs>
            <runs>0 11 14 37 3</runs>
            <runs>0 9 16 37 3</runs>
            <runs>0 8 18 36 3</runs>
            <runs>0 7 5 7 8 35 3</runs>
            <runs>0 5 5 8 10 33 7</runs>
            <runs>0 4 5 8 11 33 7</runs>
            <runs>8 9 12 31 8</runs>
            <runs>0 4 2 11 12 31 4</runs>
            <runs>0 4 2 10 14 29 5</runs>
            <runs>0 4 1 11 13 30 4</runs>
            <runs>0 4 1 11 13 29 5</runs>
            <runs>0 16 14 28 4</runs>
            <runs>0 16 13 28 5</runs>
            <runs>0 18 11 27 6</runs>
            <runs>0 17 11 28 5</runs>
            <runs>0 18 10 28 6</runs>
            <runs>0 19 9 28 5</runs>
            <runs>0 21 2 32 6</runs>
            <runs>0 54 6</runs>
            <runs>0 53 7</runs>
            <runs>0 52 7</runs>
            <runs>0 51 8</runs>
            <runs>0 50 9</runs>
            <runs>0 49 9</runs>
            <runs>0 45 12</runs>
            <runs>0 45 11</runs>
            <runs>0 6 1 38 11</runs>
            <runs>0 1 7 36 11</runs>
            <runs>0 1 9 32 12</runs>
            <runs>0 1 9 30 13</runs>
            <runs>0 1 11 25 15</runs>
            <runs>0 1 13 20 17</runs>
            <runs>0 1 17 13 20</runs>
            <runs>0 1 48</runs>
            <runs>0 1 47</runs>
            <runs>0 6 42</runs>
            <runs>0 7 41</runs>
            <runs>0 7 41</runs>
            <runs>0 8 40</runs>
            <runs>0 9 34 4 1</runs>
            <runs>0 11 30</runs>
            <runs>0 12 26</runs>
            <runs>0 13 24</runs>
            <runs>0 15 20</runs>
            <runs>0 16 17</runs>
            <runs></runs>
            <runs></runs>
            <runs>0 12 4</runs>
            <runs>0 11 7 13 6</runs>
            <runs>0 10 8 12 8</runs>
            <runs>0 10 3 1 5 11 9</runs>
            <runs>0 10 8 12 9</runs>
            <runs>0 10 8 12 9</runs>
            <runs>0 10 8 12 8</runs>
            <runs>0 11 7 12 8</runs>
            <runs>0 11 6 13 8</runs>
            <runs>0 12 4 16 5</runs>
            <runs>0 33 1</runs>
        </run-table>
    </sample>
    <sample shape="FLAT" interline="22" pitch="-0.6" left="231" top="293" id="288">
        <run-table orientation="VERTICAL" width="19" height="54">
            <runs>21 2 5 2 4</runs>
            <runs>54</runs>
            <runs>0 23 16 9 6</runs>
            <runs>0 28 4 18 3</runs>
            <runs>0 28 2 19 3</runs>
            <runs>0 27 2 19 3</runs>
            <runs>0 26 3 18 3</runs>
            <runs>0 26 3 16 3</runs>
            <runs>0 25 4 15 4</runs>
            <runs>0 24 4 15 4</runs>
            <runs>0 24 4 13 5</runs>
            <runs>0 24 5 11 5</runs>
            <runs>0 24 7 5 7</runs>
            <runs>0 24 18</runs>
            <runs>0 25 16</runs>
            <runs>0 25 14</runs>
            <runs>0 26 13</runs>
            <runs>0 26 12</runs>
            <runs>0 27 7</runs>
        </run-table>
    </sample>
    <sample shape="FLAT" interline="22" pitch="-3.8" left="253" top="259" id="295">
        <run-table orientation="VERTICAL" width="20" height="54">
            <runs>0 25 2 10 2 4 11</runs>
            <runs>0 1 53</runs>
            <runs>35 1 2 14 1</runs>
            <runs>3 2 3 18 7</runs>
            <runs>0 29 2</runs>
            <runs>0 45 2</runs>
            <runs>0 26 1 16 8</runs>
            <runs>0 25 2 16 8</runs>
            <runs>0 25 2 16 8</runs>
            <runs>0 24 3 15 4</runs>
            <runs>0 24 3 13 5</runs>
            <runs>0 23 4 12 5</runs>
            <runs>0 24 8 4 7</runs>
            <runs>0 24 18</runs>
            <runs>0 24 17</runs>
            <runs>0 24 15</runs>
            <runs>0 25 13</runs>
            <runs>0 26 10</runs>
            <runs>0 26 8</runs>
            <runs>0 26 7</runs>
        </run-table>
    </sample>
    <sample shape="FLAT" interline="22" pitch="0.4" left="274" top="303" id="298">
        <run-table orientation="VERTICAL" width="19" height="55">
            <runs>0 35 1 14 3</runs>
            <runs>0 1 54</runs>
            <runs>39 2 2 1 10</runs>
            <runs>0 1 3 21 9 16 3</runs>
            <runs>0 25 7 18 2</runs>
            <runs>0 50 1</runs>
            <runs>0 50 1</runs>
            <runs></runs>
            <runs>0 45 1</runs>
            <runs>0 43 7</runs>
            <runs>0 41 5</runs>
            <runs>0 40 5</runs>
            <runs>0 25 7 6 6</runs>
            <runs>0 25 18</runs>
            <runs>0 25 17</runs>
            <runs>0 25 15</runs>
            <runs>0 25 14</runs>
            <runs>0 26 11</runs>
            <runs>0 26 7 1 2</runs>
        </run-table>
    </sample>
    <sample shape="FLAT" interline="22" pitch="-3.0" left="297" top="267" id="293">
        <run-table orientation="VERTICAL" width="19" height="54">
            <runs>0 2 25 1 6 1 19</runs>
            <runs>45 1 8</runs>
            <runs>0 1 13 3 7 1 2 1 5 17 3</runs>
            <runs>0 28 4 17 3</runs>
            <runs>0 27 3 18 3</runs>
            <runs>0 27 2 18 3</runs>
            <runs>0 26 3 16 4</runs>
            <runs>0 25 4 15 4</runs>
            <runs>0 25 3 15 4</runs>
            <runs>0 24 4 15 3</runs>
            <runs>0 25 3 15 2</runs>
            <runs>0 24 5 9 2 3 1</runs>
            <runs>0 24 19</runs>
            <runs>0 24 19</runs>
            <runs>0 25 18</runs>
            <runs>0 25 17</runs>
            <runs>0 26 12</runs>
            <runs>0 27 10</runs>
            <runs>0 29 6</runs>
        </run-table>
    </sample>
    <sample shape="FLAT" interline="22" pitch="1.3" left="230" top="566" id="304">
        <run-table orientation="VERTICAL" width="19" height="54">
            <runs>54</runs>
            <runs>43 1 10</runs>
            <runs>1 2 3 8 8 2 9 16 4</runs>
            <runs>0 28 3 18 3</runs>
            <runs>0 27 3 18 3</runs>
            <runs>0 26 3 17 4</runs>
            <runs>0 25 3 16 5</runs>
            <runs>0 24 4 15 5</runs>
            <runs>0 24 4 14 5</runs>
            <runs>0 23 5 13 5</runs>
            <runs>0 23 5 8 9</runs>
            <runs>0 23 6 7 8</runs>
            <runs>0 23 20</runs>
            <runs>0 23 18</runs>
            <runs>0 24 17</runs>
            <runs>0 24 15</runs>
            <runs>0 25 14</runs>
            <runs>0 26 13</runs>
            <runs>0 28 6</runs>
        </run-table>
    </sample>
    <sample shape="FLAT" interline="22" pitch="-1.8" left="254" top="532" id="313">
        <run-table orientation="VERTICAL" width="20" height="55">
            <runs>0 3 7 6 2 20 5 1 11</runs>
            <runs>55</runs>
            <runs>20 3 12 18 1</runs>
            <runs>2 2 2 25 1</runs>
            <runs></runs>
            <runs></runs>
            <runs>0 46 2</runs>
            <runs>0 26 1 18 3</runs>
            <runs>0 25 2 17 8</runs>
            <runs>0 25 2 16 4</runs>
            <runs>0 24 3 14 5</runs>
            <runs>0 24 3 13 5</runs>
            <runs>0 24 8 5 7</runs>
            <runs>0 24 19</runs>
            <runs>0 25 16</runs>
            <runs>0 25 15</runs>
            <runs>0 25 14</runs>
            <runs>0 26 11</runs>
            <runs>0 27 8</runs>
            <runs>0 30 2</runs>
        </run-table>
    </sample>
    <sample shape="FLAT" interline="22" pitch="2.4" left="275" top="578" id="314">
        <run-table orientation="VERTICAL" width="20" height="54">
            <runs>8 2 18 2 14 5 2 1 2</runs>
            <runs>54</runs>
            <runs>1 10 7 2 15 1 1 9 7</runs>
            <runs>0 25 7 19 1</runs>
            <runs>0 29 1</runs>
            <runs></runs>
            <runs>0 46 1</runs>
            <runs>0 45 2</runs>
            <runs>0 44 3</runs>
            <runs>0 42 7</runs>
            <runs>0 41 8</runs>
            <runs>0 39 5</runs>
            <runs>0 24 10 1 8</runs>
            <runs>0 24 18</runs>
            <runs>0 24 17</runs>
            <runs>0 25 14</runs>
            <runs>0 25 13</runs>
            <runs>0 24 12</runs>
            <runs>0 24 10</runs>
            <runs>0 29 1</runs>
        </run-table>
    </sample>
    <sample shape="FLAT" interline="22" pitch="-0.8" left="299" top="543" id="309">
        <run-table orientation="VERTICAL" width="19" height="55">
            <runs>55</runs>
            <runs>55</runs>
            <runs>33 15 5</runs>
            <runs>0 28 3 18 3</runs>
            <runs>0 27 3 18 4</runs>
            <runs>0 27 2 18 4</runs>
            <runs>0 26 3 16 4</runs>
            <runs>0 25 4 16 4</runs>
            <runs>0 25 4 14 4</runs>
            <runs>0 24 5 13 5</runs>
            <runs>0 24 5 8 9</runs>
            <runs>0 24 6 7 8</runs>
            <runs>0 24 20</runs>
            <runs>0 24 19</runs>
            <runs>0 25 16</runs>
            <runs>0 25 16</runs>
            <runs>0 26 15</runs>
            <runs>0 26 15</runs>
            <runs>0 29 6</runs>
        </run-table>
    </sample>
    <sample shape="FLAT" interline="22" pitch="-0.6" left="228" top="876" id="343">
        <run-table orientation="VERTICAL" width="20" height="56">
            <runs>0 1 24 4 1 9 1</runs>
            <runs>0 1 55</runs>
            <runs>48 1 6</runs>
            <runs>0 23 16 12 3</runs>
            <runs>0 28 4 18 3</runs>
            <runs>0 28 3 18 3</runs>
            <runs>0 27 3 17 4</runs>
            <runs>0 27 3 16 4</runs>
            <runs>0 26 4 15 5</runs>
            <runs>0 26 4 14 4</runs>
            <runs>0 25 5 13 4</runs>
            <runs>0 25 5 11 5</runs>
            <runs>0 25 7 3 10</runs>
            <runs>0 25 19</runs>
            <runs>0 25 18</runs>
            <runs>0 25 16</runs>
            <runs>0 26 14</runs>
            <runs>0 27 12</runs>
            <runs>0 28 11</runs>
            <runs>0 31 7</runs>
        </run-table>
    </sample>
    <sample shape="FLAT" interline="22" pitch="-3.6" left="251" top="844" id="351">
        <run-table orientation="VERTICAL" width="22" height="54">
            <runs>0 24 1</runs>
            <runs>0 23 2</runs>
            <runs>0 23 2</runs>
            <runs>4 6 44</runs>
            <runs>54</runs>
            <runs>35 11 7</runs>
            <runs>5 17 10 17 3</runs>
            <runs>0 29 1 19 2</runs>
            <runs>0 49 1</runs>
            <runs></runs>
            <runs>0 44 1</runs>
            <runs>0 42 7</runs>
            <runs>0 41 8</runs>
            <runs>0 40 9</runs>
            <runs>0 38 11</runs>
            <runs>0 24 7 1 1 3 8</runs>
            <runs>0 24 18</runs>
            <runs>0 24 17</runs>
            <runs>0 24 15</runs>
            <runs>0 24 14</runs>
            <runs>0 25 11</runs>
            <runs>0 25 10</runs>
        </run-table>
    </sample>
    <sample shape="FLAT" interline="22" pitch="0.4" left="274" top="886" id="350">
        <run-table orientation="VERTICAL" width="20" height="56">
            <runs>0 1 42 2 7 2 2</runs>
            <runs>0 1 55</runs>
            <runs>40 8 7</runs>
            <runs>0 1 1 20 11 18 3</runs>
            <runs>0 29 3 19 2</runs>
            <runs>0 29 2 20 1</runs>
            <runs>0 29 1</runs>
            <runs>0 29 1</runs>
            <runs>0 44 7</runs>
            <runs>0 43 8</runs>
            <runs>0 42 9</runs>
            <runs>0 40 6</runs>
            <runs>0 25 8 3 8</runs>
            <runs>0 24 19</runs>
            <runs>0 25 17</runs>
            <runs>0 25 16</runs>
            <runs>0 26 14</runs>
            <runs>0 26 12</runs>
            <runs>0 26 10</runs>
            <runs>0 26 8</runs>
        </run-table>
    </sample>
    <sample shape="FLAT" interline="22" pitch="-2.7" left="296" top="853" id="348">
        <run-table orientation="VERTICAL" width="20" height="55">
            <runs>0 30 2</runs>
            <runs>55</runs>
            <runs>55</runs>
            <runs>10 5 7 2 10 15 4</runs>
            <runs>0 28 3 18 4</runs>
            <runs>0 27 4 17 4</runs>
            <runs>0 27 3 17 4</runs>
            <runs>0 26 3 16 5</runs>
            <runs>0 25 4 14 6</runs>
            <runs>0 25 4 13 6</runs>
            <runs>0 24 5 12 6</runs>
            <runs>0 24 5 8 9</runs>
            <runs>0 24 7 6 8</runs>
            <runs>0 24 19</runs>
            <runs>0 24 18</runs>
            <runs>0 25 16</runs>
            <runs>0 25 15</runs>
            <runs>0 26 13</runs>
            <runs>0 27 13</runs>
            <runs>0 28 7</runs>
        </run-table>
    </sample>
    <sample shape="FLAT" interline="22" pitch="1.4" left="231" top="1139" id="358">
        <run-table orientation="VERTICAL" width="19" height="55">
            <runs>0 28 12</runs>
            <runs>27 1 27</runs>
            <runs>55</runs>
            <runs>7 7 20 15 5</runs>
            <runs>0 27 5 17 4</runs>
            <runs>0 28 3 16 5</runs>
            <runs>0 27 3 16 5</runs>
            <runs>0 27 2 16 5</runs>
            <runs>0 26 3 14 6</runs>
            <runs>0 25 4 14 5</runs>
            <runs>0 25 4 13 5</runs>
            <runs>0 25 5 10 5</runs>
            <runs>0 24 8 4 8</runs>
            <runs>0 25 18</runs>
            <runs>0 25 17</runs>
            <runs>0 25 15</runs>
            <runs>0 25 14</runs>
            <runs>0 26 13</runs>
            <runs>0 27 9</runs>
        </run-table>
    </sample>
    <sample shape="FLAT" interline="22" pitch="-1.6" left="254" top="1107" id="359">
        <run-table orientation="VERTICAL" width="20" height="56">
            <runs>0 1 15</runs>
            <runs>56</runs>
            <runs>56</runs>
            <runs>0 1 2 5 3 2 3 4 1 1 13 11 9</runs>
            <runs>0 25 7 19 3</runs>
            <runs>0 25 6 19 3</runs>
            <runs>0 25 5 20 2</runs>
            <runs>0 25 5 16 1</runs>
            <runs>0 25 5 15 2</runs>
            <runs>0 25 5 14 3</runs>
            <runs>0 25 5 12 8</runs>
            <runs>0 25 5 11 9</runs>
            <runs>0 25 6 7 12</runs>
            <runs>0 25 20</runs>
            <runs>0 25 18</runs>
            <runs>0 25 17</runs>
            <runs>0 25 15</runs>
            <runs>0 25 14</runs>
            <runs>0 25 12</runs>
            <runs>0 25 9</runs>
        </run-table>
    </sample>
    <sample shape="FLAT" interline="22" pitch="2.4" left="274" top="1150" id="363">
        <run-table orientation="VERTICAL" width="20" height="55">
            <runs>0 20 2 2 2</runs>
            <runs>0 1 12 1 2 1 38</runs>
            <runs>55</runs>
            <runs>17 4 1 1 13 10 8</runs>
            <runs>0 6 2 21 3 20 1</runs>
            <runs>0 29 2</runs>
            <runs>0 29 1 16 1</runs>
            <runs>0 45 2</runs>
            <runs>0 44 3</runs>
            <runs>0 25 1 17 7</runs>
            <runs>0 25 1 15 10</runs>
            <runs>0 24 2 14 10</runs>
            <runs>0 24 2 12 7</runs>
            <runs>0 24 20</runs>
            <runs>0 25 17</runs>
            <runs>0 25 16</runs>
            <runs>0 25 14</runs>
            <runs>0 26 12</runs>
            <runs>0 25 11</runs>
            <runs>0 32 1</runs>
        </run-table>
    </sample>
    <sample shape="FLAT" interline="22" pitch="-0.8" left="296" top="1115" id="362">
        <run-table orientation="VERTICAL" width="20" height="56">
            <runs>0 52 3</runs>
            <runs>23 1 1 1 5 4 1 1 2 13 4</runs>
            <runs>55</runs>
            <runs>13 4 25 4 8</runs>
            <runs>0 28 5 17 3</runs>
            <runs>0 28 3 18 3</runs>
            <runs>0 27 3 18 4</runs>
            <runs>0 27 3 16 5</runs>
            <runs>0 26 3 16 5</runs>
            <runs>0 25 4 15 5</runs>
            <runs>0 25 4 10 9</runs>
            <runs>0 25 4 10 7</runs>
            <runs>0 24 6 8 7</runs>
            <runs>0 24 9 3 9</runs>
            <runs>0 24 19</runs>
            <runs>0 25 17</runs>
            <runs>0 25 17</runs>
            <runs>0 26 16</runs>
            <runs>0 27 10</runs>
            <runs>0 29 6</runs>
        </run-table>
    </sample>
    <sample shape="FLAT" interline="22" pitch="-0.7" left="229" top="1456" id="402">
        <run-table orientation="VERTICAL" width="20" height="54">
            <runs>18 7 2 7 1 9 10</runs>
            <runs>44 3 6</runs>
            <runs>40 1 1 7 4</runs>
            <runs>0 6 1 4 1 4 3 5 9 15 4</runs>
            <runs>0 27 4 15 4</runs>
            <runs>0 26 4 15 4</runs>
            <runs>0 26 3 15 5</runs>
            <runs>0 25 3 16 3</runs>
            <runs>0 24 4 15 3</runs>
            <runs>0 24 4 14 3</runs>
            <runs>0 24 4 13 4</runs>
            <runs>0 24 5 7 8</runs>
            <runs>0 23 7 5 9</runs>
            <runs>0 23 19</runs>
            <runs>0 24 17</runs>
            <runs>0 24 16</runs>
            <runs>0 24 15</runs>
            <runs>0 25 13</runs>
            <runs>0 26 12</runs>
            <runs>0 29 4</runs>
        </run-table>
    </sample>
    <sample shape="FLAT" interline="22" pitch="-3.7" left="253" top="1423" id="411">
        <run-table orientation="VERTICAL" width="19" height="54">
            <runs>1 1 14 2 11 10 2 2 2</runs>
            <runs>54</runs>
            <runs>35 6 13</runs>
            <runs>0 25 8 17 3</runs>
            <runs>0 29 1 20 2</runs>
            <runs>0 50 1</runs>
            <runs></runs>
            <runs>0 44 2</runs>
            <runs>0 43 3</runs>
            <runs>0 42 7</runs>
            <runs>0 41 5</runs>
            <runs>0 29 1 10 5</runs>
            <runs>0 24 9 3 7</runs>
            <runs>0 24 18</runs>
            <runs>0 24 17</runs>
            <runs>0 25 14</runs>
            <runs>0 25 14</runs>
            <runs>0 25 13</runs>
            <runs>0 25 11</runs>
        </run-table>
    </sample>
    <sample shape="FLAT" interline="22" pitch="0.3" left="273" top="1466" id="410">
        <run-table orientation="VERTICAL" width="21" height="54">
            <runs>4 3 4 23 16 1 3</runs>
            <runs>54</runs>
            <runs>34 2 3 7 7</runs>
            <runs>11 5 18 16 3</runs>
            <runs>0 25 7 18 2</runs>
            <runs>0 29 1 16 1</runs>
            <runs>0 45 2</runs>
            <runs>0 44 3</runs>
            <runs>0 43 7</runs>
            <runs>0 42 8</runs>
            <runs>0 41 8</runs>
            <runs>0 39 5</runs>
            <runs>0 29 1 6 7</runs>
            <runs>0 24 18</runs>
            <runs>0 24 17</runs>
            <runs>0 24 15</runs>
            <runs>0 24 14</runs>
            <runs>0 25 12</runs>
            <runs>0 25 10</runs>
            <runs>0 25 9</runs>
            <runs>0 28 3 1 1</runs>
        </run-table>
    </sample>
    <sample shape="FLAT" interline="22" pitch="-2.6" left="297" top="1434" id="407">
        <run-table orientation="VERTICAL" width="19" height="55">
            <runs>26 5 13 2 2 5 1</runs>
            <runs>55</runs>
            <runs>54</runs>
            <runs>0 24 2 2 5 16 4</runs>
            <runs>0 28 3 18 3</runs>
            <runs>0 26 4 17 4</runs>
            <runs>0 26 3 16 4</runs>
            <runs>0 25 3 16 5</runs>
            <runs>0 25 3 15 5</runs>
            <runs>0 24 5 12 6</runs>
            <runs>0 24 4 12 6</runs>
            <runs>0 24 5 7 9</runs>
            <runs>0 24 7 4 9</runs>
            <runs>0 24 19</runs>
            <runs>0 24 17</runs>
            <runs>0 24 16</runs>
            <runs>0 25 14</runs>
            <runs>0 25 13</runs>
            <runs>0 26 12</runs>
        </run-table>
    </sample>
    <sample shape="FLAT" interline="22" pitch="1.6" left="230" top="1672" id="418">
        <run-table orientation="VERTICAL" width="20" height="58">
            <runs>37 1 3 1 3 2 3 2 1</runs>
            <runs>58</runs>
            <runs>4 3 30 10 7</runs>
            <runs>0 28 4 17 4</runs>
            <runs>0 27 3 18 4</runs>
            <runs>0 27 2 18 4</runs>
            <runs>0 26 3 16 5</runs>
            <runs>0 25 3 16 5</runs>
            <runs>0 24 4 15 5</runs>
            <runs>0 24 4 14 5</runs>
            <runs>0 24 5 11 6</runs>
            <runs>0 24 5 9 7</runs>
            <runs>0 24 19</runs>
            <runs>0 24 18</runs>
            <runs>0 24 17</runs>
            <runs>0 24 16</runs>
            <runs>0 25 14</runs>
            <runs>0 26 11</runs>
            <runs>0 27 10</runs>
            <runs>0 29 7</runs>
        </run-table>
    </sample>
    <sample shape="FLAT" interline="22" pitch="-1.6" left="252" top="1637" id="427">
        <run-table orientation="VERTICAL" width="19" height="55">
            <runs>0 7 2 1 1 1 43</runs>
            <runs>54</runs>
            <runs>24 1 9 13 7</runs>
            <runs>0 1 1 27 3 18 3</runs>
            <runs>0 29 2 19 2</runs>
            <runs>0 29 1 20 1</runs>
            <runs>0 45 1</runs>
            <runs>0 44 2</runs>
            <runs>0 43 3</runs>
            <runs>0 42 7</runs>
            <runs>0 41 5</runs>
            <runs>0 29 2 7 7</runs>
            <runs>0 25 19</runs>
            <runs>0 25 17</runs>
            <runs>0 25 16</runs>
            <runs>0 25 15</runs>
            <runs>0 25 13</runs>
            <runs>0 25 12</runs>
            <runs>0 25 9</runs>
        </run-table>
    </sample>
    <sample shape="FLAT" interline="22" pitch="2.4" left="272" top="1680" id="426">
        <run-table orientation="VERTICAL" width="20" height="56">
            <runs>0 1 44 1 10</runs>
            <runs>0 1 55</runs>
            <runs>37 4 4 1 9</runs>
            <runs>0 7 1 16 10 17 3</runs>
            <runs>0 25 7 19 2</runs>
            <runs>0 51 2</runs>
            <runs></runs>
            <runs>0 45 2</runs>
            <runs>0 44 7</runs>
            <runs>0 43 8</runs>
            <runs>0 42 9</runs>
            <runs>0 40 7</runs>
            <runs>0 25 8 3 9</runs>
            <runs>0 25 18</runs>
            <runs>0 25 18</runs>
            <runs>0 25 16</runs>
            <runs>0 26 14</runs>
            <runs>0 26 12</runs>
            <runs>0 26 11</runs>
            <runs>0 26 9</runs>
        </run-table>
    </sample>
    <sample shape="FLAT" interline="22" pitch="-0.7" left="296" top="1647" id="423">
        <run-table orientation="VERTICAL" width="19" height="55">
            <runs>55</runs>
            <runs>54</runs>
            <runs>3 4 1 10 2 4 9 17 3</runs>
            <runs>0 27 4 18 3</runs>
            <runs>0 27 3 18 3</runs>
            <runs>0 26 3 17 4</runs>
            <runs>0 26 3 16 4</runs>
            <runs>0 25 3 16 4</runs>
            <runs>0 25 3 15 4</runs>
            <runs>0 24 4 13 5</runs>
            <runs>0 24 4 9 7</runs>
            <runs>0 24 5 7 7</runs>
            <runs>0 24 18</runs>
            <runs>0 24 17</runs>
            <runs>0 24 16</runs>
            <runs>0 25 15</runs>
            <runs>0 25 14</runs>
            <runs>0 26 13</runs>
            <runs>0 28 6</runs>
        </run-table>
    </sample>
    <sample shape="FLAT" interline="22" pitch="-0.5" left="230" top="1990" id="451">
        <run-table orientation="VERTICAL" width="20" height="55">
            <runs>0 1 5 1 11 7 1 2 2 3 2</runs>
            <runs>55</runs>
            <runs>0 1 53</runs>
            <runs>0 26 12 10 5</runs>
            <runs>0 27 6 15 4</runs>
            <runs>0 27 3 17 4</runs>
            <runs>0 25 4 17 4</runs>
            <runs>0 25 4 15 5</runs>
            <runs>0 24 5 14 5</runs>
            <runs>0 24 4 14 5</runs>
            <runs>0 23 5 12 6</runs>
            <runs>0 23 6 6 10</runs>
            <runs>0 23 7 5 9</runs>
            <runs>0 23 20</runs>
            <runs>0 24 18</runs>
            <runs>0 24 17</runs>
            <runs>0 25 14</runs>
            <runs>0 25 13</runs>
            <runs>0 26 12</runs>
            <runs>0 28 6</runs>
        </run-table>
    </sample>
    <sample shape="FLAT" interline="22" pitch="-3.7" left="253" top="1956" id="458">
        <run-table orientation="VERTICAL" width="19" height="55">
            <runs>55</runs>
            <runs>55</runs>
            <runs>35 12 7</runs>
            <runs>0 26 7 18 2</runs>
            <runs>0 29 2 16 1</runs>
            <runs>0 46 2</runs>
            <runs>0 44 4</runs>
            <runs>0 25 1 17 7</runs>
            <runs>0 24 2 17 7</runs>
            <runs>0 24 2 15 9</runs>
            <runs>0 24 2 14 5</runs>
            <runs>0 24 2 12 7</runs>
            <runs>0 24 8 3 9</runs>
            <runs>0 24 18</runs>
            <runs>0 25 16</runs>
            <runs>0 25 14</runs>
            <runs>0 26 12</runs>
            <runs>0 26 11</runs>
            <runs>0 26 9</runs>
        </run-table>
    </sample>
    <sample shape="FLAT" interline="22" pitch="0.3" left="273" top="1999" id="461">
        <run-table orientation="VERTICAL" width="19" height="54">
            <runs>44 8 1</runs>
            <runs>54</runs>
            <runs>13 1 1 1 22 1 4 1 9</runs>
            <runs>0 30 2</runs>
            <runs></runs>
            <runs></runs>
            <runs>0 25 1 19 2</runs>
            <runs>0 24 2 17 8</runs>
            <runs>0 24 2 16 8</runs>
            <runs>0 24 2 15 9</runs>
            <runs>0 23 3 13 7</runs>
            <runs>0 23 7 8 6</runs>
            <runs>0 23 20</runs>
            <runs>0 23 19</runs>
            <runs>0 24 17</runs>
            <runs>0 24 15</runs>
            <runs>0 25 13</runs>
            <runs>0 26 11</runs>
            <runs>0 26 9</runs>
        </run-table>
    </sample>
    <sample shape="FLAT" interline="22" pitch="-2.7" left="296" top="1965" id="456">
        <run-table orientation="VERTICAL" width="19" height="55">
            <runs>0 1 1 5 1 1 12 1 8 6 19</runs>
            <runs>55</runs>
            <runs>34 11 9</runs>
            <runs>0 28 4 17 4</runs>
            <runs>0 27 4 16 5</runs>
            <runs>0 27 3 16 5</runs>
            <runs>0 27 3 15 5</runs>
            <runs>0 26 3 15 5</runs>
            <runs>0 26 3 14 5</runs>
            <runs>0 25 4 10 8</runs>
            <runs>0 25 4 10 7</runs>
            <runs>0 25 6 7 7</runs>
            <runs>0 25 8 2 9</runs>
            <runs>0 25 18</runs>
            <runs>0 25 17</runs>
            <runs>0 25 16</runs>
            <runs>0 26 15</runs>
            <runs>0 26 11</runs>
            <runs>0 28 7</runs>
        </run-table>
    </sample>
    <sample shape="FLAT" interline="22" pitch="1.2" left="229" top="2232" id="467">
        <run-table orientation="VERTICAL" width="19" height="55">
            <runs>43 1 11</runs>
            <runs>55</runs>
            <runs>34 15 4</runs>
            <runs>2 23 1 1 5 17 4</runs>
            <runs>0 27 4 17 4</runs>
            <runs>0 26 4 17 4</runs>
            <runs>0 26 3 17 4</runs>
            <runs>0 25 4 15 5</runs>
            <runs>0 25 4 14 5</runs>
            <runs>0 24 5 12 7</runs>
            <runs>0 24 5 8 9</runs>
            <runs>0 24 6 7 7</runs>
            <runs>0 24 19</runs>
            <runs>0 24 18</runs>
            <runs>0 24 17</runs>
            <runs>0 24 16</runs>
            <runs>0 25 15</runs>
            <runs>0 26 14</runs>
            <runs>0 28 7</runs>
        </run-table>
    </sample>
    <sample shape="FLAT" interline="22" pitch="-1.6" left="253" top="2201" id="476">
        <run-table orientation="VERTICAL" width="20" height="54">
            <runs>0 39 15</runs>
            <runs>53</runs>
            <runs>36 1 16</runs>
            <runs>17 1 1 1 13 16 3</runs>
            <runs>0 24 7 18 2</runs>
            <runs>0 29 1 19 1</runs>
            <runs>0 45 1</runs>
            <runs>0 43 3</runs>
            <runs>0 43 3</runs>
            <runs>0 42 4</runs>
            <runs>0 40 5</runs>
            <runs>0 39 5</runs>
            <runs>0 24 7 5 8</runs>
            <runs>0 24 18</runs>
            <runs>0 24 17</runs>
            <runs>0 24 17</runs>
            <runs>0 24 15</runs>
            <runs>0 25 12</runs>
            <runs>0 25 10</runs>
            <runs>0 25 8</runs>
        </run-table>
    </sample>
    <sample shape="FLAT" interline="22" pitch="2.4" left="272" top="2243" id="478">
        <run-table orientation="VERTICAL" width="19" height="55">
            <runs>0 21 1 8 3 3 2 7 10</runs>
            <runs>42 1 12</runs>
            <runs>35 11 8</runs>
            <runs>1 24 8 19 1</runs>
            <runs>0 30 1</runs>
            <runs></runs>
            <runs>0 45 2</runs>
            <runs>0 25 1 18 7</runs>
            <runs>0 25 1 17 8</runs>
            <runs>0 24 2 16 9</runs>
            <runs>0 24 2 15 10</runs>
            <runs>0 24 2 13 6</runs>
            <runs>0 24 7 2 1 3 8</runs>
            <runs>0 24 19</runs>
            <runs>0 24 18</runs>
            <runs>0 25 15</runs>
            <runs>0 25 14</runs>
            <runs>0 26 11</runs>
            <runs>0 26 9</runs>
        </run-table>
    </sample>
    <sample shape="FLAT" interline="22" pitch="-0.6" left="295" top="2211" id="473">
        <run-table orientation="VERTICAL" width="20" height="55">
            <runs>0 43 12</runs>
            <runs>54</runs>
            <runs>40 3 10</runs>
            <runs>12 8 14 14 4</runs>
            <runs>0 27 5 15 4</runs>
            <runs>0 26 4 16 5</runs>
            <runs>0 26 3 16 6</runs>
            <runs>0 25 2 17 5</runs>
            <runs>0 25 2 16 5</runs>
            <runs>0 24 3 15 5</runs>
            <runs>0 24 4 12 6</runs>
            <runs>0 24 5 6 10</runs>
            <runs>0 24 6 5 9</runs>
            <runs>0 24 19</runs>
            <runs>0 24 18</runs>
            <runs>0 24 17</runs>
            <runs>0 25 14</runs>
            <runs>0 26 13</runs>
            <runs>0 26 13</runs>
            <runs>0 29 4</runs>
        </run-table>
    </sample>
    <sample shape="FLAT" interline="22" pitch="-0.6" left="232" top="2528" id="513">
        <run-table orientation="VERTICAL" width="19" height="55">
            <runs>0 1 46 1 2 2 2</runs>
            <runs>0 1 54</runs>
            <runs>39 11 4</runs>
            <runs>0 28 5 17 3</runs>
            <runs>0 28 4 16 4</runs>
            <runs>0 27 4 16 4</runs>
            <runs>0 27 3 16 5</runs>
            <runs>0 26 4 14 6</runs>
            <runs>0 26 4 14 5</runs>
            <runs>0 25 4 14 5</runs>
            <runs>0 25 4 12 6</runs>
            <runs>0 25 5 6 10</runs>
            <runs>0 25 20</runs>
            <runs>0 25 18</runs>
            <runs>0 26 16</runs>
            <runs>0 26 15</runs>
            <runs>0 26 14</runs>
            <runs>0 27 12</runs>
            <runs>0 29 9</runs>
        </run-table>
    </sample>
    <sample shape="FLAT" interline="22" pitch="-3.6" left="255" top="2495" id="523">
        <run-table orientation="VERTICAL" width="19" height="54">
            <runs>0 5 2 4 3 9 3 4 4 6 1 2 9</runs>
            <runs>0 3 51</runs>
            <runs>36 5 3 2 8</runs>
            <runs>5 20 8 18 2</runs>
            <runs>1 29 1 20 2</runs>
            <runs>0 51 1</runs>
            <runs></runs>
            <runs>0 45 1</runs>
            <runs>0 43 7</runs>
            <runs>0 42 8</runs>
            <runs>0 41 9</runs>
            <runs>0 24 1 15 5</runs>
            <runs>0 24 10 3 7</runs>
            <runs>0 24 19</runs>
            <runs>0 24 18</runs>
            <runs>0 25 15</runs>
            <runs>0 25 14</runs>
            <runs>0 25 12</runs>
            <runs>0 25 10</runs>
        </run-table>
    </sample>
    <sample shape="FLAT" interline="22" pitch="0.4" left="273" top="2538" id="522">
        <run-table orientation="VERTICAL" width="20" height="55">
            <runs>0 3 1</runs>
            <runs>55</runs>
            <runs>54</runs>
            <runs>0 22 12 18 1</runs>
            <runs>0 29 3</runs>
            <runs>0 29 2</runs>
            <runs></runs>
            <runs>0 25 1 18 7</runs>
            <runs>0 24 2 17 8</runs>
            <runs>0 24 2 16 9</runs>
            <runs>0 24 2 14 10</runs>
            <runs>0 24 2 13 6</runs>
            <runs>0 24 2 10 8</runs>
            <runs>0 24 19</runs>
            <runs>0 24 18</runs>
            <runs>0 24 17</runs>
            <runs>0 25 15</runs>
            <runs>0 25 13</runs>
            <runs>0 26 11</runs>
            <runs>0 26 8</runs>
        </run-table>
    </sample>
    <sample shape="FLAT" interline="22" pitch="-2.7" left="295" top="2505" id="518">
        <run-table orientation="VERTICAL" width="19" height="56">
            <runs>0 1 21 2 17 2 13</runs>
            <runs>55</runs>
            <runs>21 1 19 9 4</runs>
            <runs>0 28 4 17 4</runs>
            <runs>0 28 3 17 4</runs>
            <runs>0 27 3 17 4</runs>
            <runs>0 26 3 16 6</runs>
            <runs>0 26 3 15 5</runs>
            <runs>0 25 4 14 5</runs>
            <runs>0 25 4 13 6</runs>
            <runs>0 25 5 11 5</runs>
            <runs>0 25 5 7 8</runs>
            <runs>0 25 19</runs>
            <runs>0 25 18</runs>
            <runs>0 25 17</runs>
            <runs>0 26 15</runs>
            <runs>0 26 14</runs>
            <runs>0 27 13</runs>
            <runs>0 28 8</runs>
        </run-table>
    </sample>
    <sample shape="FLAT" interline="22" pitch="1.2" left="228" top="2753" id="529">
        <run-table orientation="VERTICAL" width="20" height="54">
            <runs>0 6 2 1 1 15 3</runs>
            <runs>54</runs>
            <runs>41 5 8</runs>
            <runs>4 1 5 1 23 16 3</runs>
            <runs>0 28 4 17 3</runs>
            <runs>0 26 5 16 4</runs>
            <runs>0 26 4 16 5</runs>
            <runs>0 25 4 15 6</runs>
            <runs>0 25 4 15 4</runs>
            <runs>0 25 4 13 5</runs>
            <runs>0 24 5 9 8</runs>
            <runs>0 24 6 8 7</runs>
            <runs>0 24 7 6 7</runs>
            <runs>0 24 19</runs>
            <runs>0 24 18</runs>
            <runs>0 24 17</runs>
            <runs>0 25 15</runs>
            <runs>0 26 14</runs>
            <runs>0 27 10</runs>
            <runs>0 28 7</runs>
        </run-table>
    </sample>
    <sample shape="FLAT" interline="22" pitch="-1.7" left="251" top="2721" id="536">
        <run-table orientation="VERTICAL" width="20" height="56">
            <runs>0 3 2 6 5 7 12 7 14</runs>
            <runs>55</runs>
            <runs>39 2 13</runs>
            <runs>35 16 2</runs>
            <runs>0 31 1 19 2</runs>
            <runs>0 47 1 3 1</runs>
            <runs>0 46 2</runs>
            <runs>0 45 3</runs>
            <runs>0 25 1 18 7</runs>
            <runs>0 25 1 17 8</runs>
            <runs>0 24 2 15 6</runs>
            <runs>0 24 2 13 7</runs>
            <runs>0 24 8 5 8</runs>
            <runs>0 24 20</runs>
            <runs>0 25 18</runs>
            <runs>0 25 17</runs>
            <runs>0 25 15</runs>
            <runs>0 26 13</runs>
            <runs>0 26 11</runs>
            <runs>0 27 7</runs>
        </run-table>
    </sample>
    <sample shape="FLAT" interline="22" pitch="2.4" left="271" top="2765" id="538">
        <run-table orientation="VERTICAL" width="19" height="54">
            <runs>0 1 35 1 5 3 8</runs>
            <runs>54</runs>
            <runs>43 1 10</runs>
            <runs>0 20 14 17 2</runs>
            <runs>0 29 2 20 2</runs>
            <runs>0 29 2 20 1</runs>
            <runs>0 25 1 3 1 15 2</runs>
            <runs>0 25 1 3 1 14 7</runs>
            <runs>0 25 1 18 7</runs>
            <runs>0 25 1 17 8</runs>
            <runs>0 24 2 15 10</runs>
            <runs>0 24 2 14 5</runs>
            <runs>0 24 20</runs>
            <runs>0 24 19</runs>
            <runs>0 24 17</runs>
            <runs>0 25 15</runs>
            <runs>0 26 13</runs>
            <runs>0 26 12</runs>
            <runs>0 27 9</runs>
        </run-table>
    </sample>
    <sample shape="FLAT" interline="22" pitch="-0.5" left="293" top="2732" id="534">
        <run-table orientation="VERTICAL" width="20" height="56">
            <runs>0 24 1 4 3 3 2 7 7 1 4</runs>
            <runs>0 1 55</runs>
            <runs>41 5 9</runs>
            <runs>0 1 3 25 5 16 4</runs>
            <runs>0 29 3 17 4</runs>
            <runs>0 28 3 18 4</runs>
            <runs>0 28 2 17 5</runs>
            <runs>0 27 3 15 5</runs>
            <runs>0 26 4 15 4</runs>
            <runs>0 26 4 14 5</runs>
            <runs>0 26 4 12 5</runs>
            <runs>0 26 5 6 9</runs>
            <runs>0 26 7 3 9</runs>
            <runs>0 26 18</runs>
            <runs>0 26 17</runs>
            <runs>0 26 15</runs>
            <runs>0 27 13</runs>
            <runs>0 27 13</runs>
            <runs>0 29 11</runs>
            <runs>0 31 1</runs>
        </run-table>
    </sample>
    <sample shape="FLAT" interline="22" pitch="-0.6" left="226" top="3038" id="563">
        <run-table orientation="VERTICAL" width="20" height="56">
            <runs>0 1 8 3 2</runs>
            <runs>48 1 7</runs>
            <runs>55</runs>
            <runs>0 3 2 13 21 11 4</runs>
            <runs>0 29 3 19 2</runs>
            <runs>0 28 3 18 4</runs>
            <runs>0 27 3 18 4</runs>
            <runs>0 26 3 18 3</runs>
            <runs>0 26 3 16 4</runs>
            <runs>0 25 4 14 6</runs>
            <runs>0 25 4 13 6</runs>
            <runs>0 25 5 11 6</runs>
            <runs>0 25 6 5 9</runs>
            <runs>0 25 19</runs>
            <runs>0 25 18</runs>
            <runs>0 25 17</runs>
            <runs>0 26 15</runs>
            <runs>0 27 12</runs>
            <runs>0 27 11</runs>
            <runs>0 29 10</runs>
        </run-table>
    </sample>
    <sample shape="FLAT" interline="22" pitch="-3.7" left="248" top="3004" id="573">
        <run-table orientation="VERTICAL" width="20" height="55">
            <runs>0 1 2 1 2 2 1 6 2 8 1 3 2 14 7</runs>
            <runs>55</runs>
            <runs>40 1 13</runs>
            <runs>0 1 2 2 1 7 2 11 7 18 2</runs>
            <runs>0 31 1 19 2</runs>
            <runs>0 47 1</runs>
            <runs>0 46 2</runs>
            <runs>0 45 3</runs>
            <runs>0 44 7</runs>
            <runs>0 43 8</runs>
            <runs>0 41 6</runs>
            <runs>0 39 7</runs>
            <runs>0 37 8</runs>
            <runs>0 25 18</runs>
            <runs>0 25 17</runs>
            <runs>0 25 16</runs>
            <runs>0 25 15</runs>
            <runs>0 26 12</runs>
            <runs>0 26 11</runs>
            <runs>0 27 7</runs>
        </run-table>
    </sample>
    <sample shape="FLAT" interline="22" pitch="0.2" left="270" top="3047" id="571">
        <run-table orientation="VERTICAL" width="20" height="56">
            <runs>0 3 7</runs>
            <runs>0 1 39</runs>
            <runs>56</runs>
            <runs>42 3 10</runs>
            <runs>0 26 8 18 2</runs>
            <runs>0 31 1 20 2</runs>
            <runs>0 48 1 3 1</runs>
            <runs>0 47 2</runs>
            <runs>0 25 1 20 3</runs>
            <runs>0 24 2 19 7</runs>
            <runs>0 24 2 17 9</runs>
            <runs>0 24 2 16 5</runs>
            <runs>0 24 2 14 6</runs>
            <runs>0 25 9 2 9</runs>
            <runs>0 25 19</runs>
            <runs>0 25 18</runs>
            <runs>0 25 17</runs>
            <runs>0 26 14</runs>
            <runs>0 27 11</runs>
            <runs>0 27 9</runs>
        </run-table>
    </sample>
    <sample shape="FLAT" interline="22" pitch="-2.6" left="294" top="3017" id="568">
        <run-table orientation="VERTICAL" width="20" height="55">
            <runs>6 2 1 3 18 22 1</runs>
            <runs>55</runs>
            <runs>40 6 8</runs>
            <runs>3 1 1 19 8 17 4</runs>
            <runs>0 27 4 18 3</runs>
            <runs>0 27 3 18 3</runs>
            <runs>0 26 4 16 4</runs>
            <runs>0 26 3 15 6</runs>
            <runs>0 25 4 14 5</runs>
            <runs>0 25 4 13 5</runs>
            <runs>0 24 5 12 5</runs>
            <runs>0 25 4 6 10</runs>
            <runs>0 25 7 3 9</runs>
            <runs>0 25 18</runs>
            <runs>0 25 17</runs>
            <runs>0 25 16</runs>
            <runs>0 26 14</runs>
            <runs>0 26 13</runs>
            <runs>0 28 10</runs>
            <runs>0 29 4</runs>
        </run-table>
    </sample>
    <sample shape="FLAT" interline="22" pitch="-0.6" left="222" top="3218" id="579">
        <run-table orientation="VERTICAL" width="20" height="55">
            <runs>0 2 3 3 12 6 1 1 4 4 9</runs>
            <runs>0 1 54</runs>
            <runs>8 1 34 2 9</runs>
            <runs>0 28 5 18 3</runs>
            <runs>0 28 4 18 3</runs>
            <runs>0 27 4 18 3</runs>
            <runs>0 27 3 17 4</runs>
            <runs>0 26 4 16 4</runs>
            <runs>0 26 3 15 5</runs>
            <runs>0 25 4 14 5</runs>
            <runs>0 25 5 11 6</runs>
            <runs>0 25 6 6 9</runs>
            <runs>0 25 9 2 9</runs>
            <runs>0 25 19</runs>
            <runs>0 25 19</runs>
            <runs>0 25 17</runs>
            <runs>0 26 14</runs>
            <runs>0 27 13</runs>
            <runs>0 28 11</runs>
            <runs>0 32 2</runs>
        </run-table>
    </sample>
    <sample shape="FLAT" interline="22" pitch="-3.7" left="246" top="3185" id="585">
        <run-table orientation="VERTICAL" width="21" height="55">
            <runs>0 46 1</runs>
            <runs>0 1 3 1 17 3 2 7 5 2 14</runs>
            <runs>54</runs>
            <runs>53</runs>
            <runs>0 31 1 20 1</runs>
            <runs></runs>
            <runs></runs>
            <runs>0 45 1</runs>
            <runs>0 25 7 12 7</runs>
            <runs>0 25 7 11 8</runs>
            <runs>0 24 5 12 10</runs>
            <runs>0 24 5 11 6</runs>
            <runs>0 24 5 10 6</runs>
            <runs>0 24 9 3 8</runs>
            <runs>0 24 18</runs>
            <runs>0 24 17</runs>
            <runs>0 24 16</runs>
            <runs>0 25 13</runs>
            <runs>0 26 11</runs>
            <runs>0 26 9</runs>
            <runs>0 31 1</runs>
        </run-table>
    </sample>
    <sample shape="FLAT" interline="22" pitch="0.1" left="267" top="3227" id="588">
        <run-table orientation="VERTICAL" width="20" height="55">
            <runs>0 4 2 13 1 3 1 1 1 5 2 13 8</runs>
            <runs>0 1 54</runs>
            <runs>55</runs>
            <runs>0 5 2 7 20</runs>
            <runs>0 49 1</runs>
            <runs>0 48 2</runs>
            <runs>0 27 1 19 3</runs>
            <runs>0 26 2 17 7</runs>
            <runs>0 26 2 16 5</runs>
            <runs>0 25 3 16 4</runs>
            <runs>0 25 3 15 4</runs>
            <runs>0 24 7 10 5</runs>
            <runs>0 24 7 8 6</runs>
            <runs>0 24 20</runs>
            <runs>0 24 18</runs>
            <runs>0 25 16</runs>
            <runs>0 26 14</runs>
            <runs>0 26 12</runs>
            <runs>0 27 9</runs>
            <runs>0 31 3</runs>
        </run-table>
    </sample>
    <sample shape="FLAT" interline="22" pitch="-2.6" left="291" top="3198" id="584">
        <run-table orientation="VERTICAL" width="20" height="53">
            <runs>0 1 4 15 3 23 3</runs>
            <runs>53</runs>
            <runs>10 1 41</runs>
            <runs>0 23 9 14 6</runs>
            <runs>0 27 4 18 2</runs>
            <runs>0 26 3 20 1</runs>
            <runs>0 25 3 18 3</runs>
            <runs>0 25 2 17 4</runs>
            <runs>0 24 3 15 5</runs>
            <runs>0 24 3 15 4</runs>
            <runs>0 24 3 14 4</runs>
            <runs>0 23 5 7 9</runs>
            <runs>0 23 7 5 8</runs>
            <runs>0 23 19</runs>
            <runs>0 23 18</runs>
            <runs>0 23 17</runs>
            <runs>0 24 15</runs>
            <runs>0 25 13</runs>
            <runs>0 26 12</runs>
            <runs>0 28 5</runs>
        </run-table>
    </sample>
</samples>
