<?xml version="1.0" encoding="UTF-8" standalone="yes"?>
<samples sheet-name="IMSLP17151#3">
    <sample shape="G_CLEF" interline="21" pitch="-0.0" left="536" top="1069" id="376">
        <run-table orientation="VERTICAL" width="59" height="161">
            <runs>0 88 14</runs>
            <runs>0 83 24</runs>
            <runs>0 82 26</runs>
            <runs>0 80 30</runs>
            <runs>0 78 34</runs>
            <runs>0 76 38</runs>
            <runs>0 74 41</runs>
            <runs>0 73 44</runs>
            <runs>0 71 24 9 14</runs>
            <runs>0 70 21 19 9</runs>
            <runs>0 69 21 22 8 24 6</runs>
            <runs>0 67 22 24 7 20 12</runs>
            <runs>0 67 19 29 5 18 16</runs>
            <runs>0 62 24 31 5 15 18</runs>
            <runs>0 62 24 31 5 14 20</runs>
            <runs>0 62 24 32 5 13 21</runs>
            <runs>0 62 20 11 14 12 9 7 23</runs>
            <runs>0 61 20 10 17 12 8 7 23</runs>
            <runs>0 59 21 9 22 10 2 12 24</runs>
            <runs>0 58 20 10 24 9 2 12 24</runs>
            <runs>0 27 2 3 6 19 20 10 26 8 2 12 25</runs>
            <runs>0 21 25 11 19 7 32 7 1 12 25</runs>
            <runs>0 18 33 5 19 8 33 6 1 12 25</runs>
            <runs>0 15 59 9 33 19 25</runs>
            <runs>0 13 60 10 17 9 8 18 20 1 4</runs>
            <runs>0 11 61 11 14 14 6 19 18 2 4</runs>
            <runs>0 9 29 12 23 10 13 16 6 19 17 2 5</runs>
            <runs>0 8 23 19 26 6 13 19 4 20 15 4 4</runs>
            <runs>0 6 22 21 30 1 15 19 4 21 13 5 3</runs>
            <runs>0 5 22 21 46 21 3 22 11 6 4</runs>
            <runs>0 4 21 21 22 4 22 48 1 6 1 7 4</runs>
            <runs>0 3 19 19 25 10 19 62 4</runs>
            <runs>0 1 20 20 25 14 16 60 4</runs>
            <runs>20 21 25 14 22 53 5</runs>
            <runs>19 21 25 16 27 47 5</runs>
            <runs>17 21 23 20 13 4 14 1 2 39 5</runs>
            <runs>16 20 23 22 12 10 15 35 6</runs>
            <runs>15 20 24 22 12 10 24 25 7</runs>
            <runs>0 1 13 19 24 24 12 15 20 23 7</runs>
            <runs>0 3 14 13 25 26 12 21 20 13 11</runs>
            <runs>0 5 18 2 29 27 13 25 23 1 14</runs>
            <runs>0 6 46 29 14 26 34</runs>
            <runs>0 7 43 32 13 26 33</runs>
            <runs>0 11 38 33 13 25 32</runs>
            <runs>0 14 32 36 14 24 7 4 20</runs>
            <runs>0 17 28 38 14 21 9 8 13</runs>
            <runs>0 22 17 44 15 18 11</runs>
            <runs>0 32 3 47 18 14 9</runs>
            <runs>0 82 20 9 11</runs>
            <runs>0 82 39</runs>
            <runs>0 82 39</runs>
            <runs>0 87 33</runs>
            <runs>0 88 31</runs>
            <runs>0 89 28</runs>
            <runs>0 90 26</runs>
            <runs>0 92 23</runs>
            <runs>0 94 18</runs>
            <runs>0 97 12</runs>
            <runs>0 99 1</runs>
        </run-table>
    </sample>
    <sample shape="G_CLEF" interline="21" pitch="-0.0" left="548" top="1592" id="424">
        <run-table orientation="VERTICAL" width="59" height="161">
            <runs>0 84 14</runs>
            <runs>0 84 24</runs>
            <runs>0 82 26</runs>
            <runs>0 80 30</runs>
            <runs>0 77 35</runs>
            <runs>0 76 38</runs>
            <runs>0 74 42</runs>
            <runs>0 72 45</runs>
            <runs>0 71 28 3 16</runs>
            <runs>0 70 26 9 14</runs>
            <runs>0 69 23 18 10</runs>
            <runs>0 63 28 20 10 20 11</runs>
            <runs>0 63 26 24 8 18 15</runs>
            <runs>0 63 25 26 8 16 17</runs>
            <runs>0 63 25 27 7 15 19</runs>
            <runs>0 63 25 29 6 13 21</runs>
            <runs>0 62 26 8 13 9 6 12 22</runs>
            <runs>0 61 22 10 16 10 10 7 22</runs>
            <runs>0 60 21 10 19 9 10 6 24</runs>
            <runs>0 58 22 10 21 9 9 6 25</runs>
            <runs>0 25 12 21 21 5 29 7 9 5 26</runs>
            <runs>0 22 25 10 20 7 30 7 8 6 25</runs>
            <runs>0 18 33 5 20 8 31 7 2 11 26</runs>
            <runs>0 15 60 9 32 6 2 10 27</runs>
            <runs>0 13 61 10 18 2 13 6 1 11 26</runs>
            <runs>0 11 62 11 16 5 12 6 1 11 20 1 5</runs>
            <runs>0 10 28 3 32 10 15 13 7 5 1 12 18 3 4</runs>
            <runs>0 7 23 20 26 6 14 16 6 5 1 13 16 4 4</runs>
            <runs>0 6 23 21 29 3 14 17 6 4 1 13 15 5 4</runs>
            <runs>0 5 22 15 53 19 5 19 13 6 4</runs>
            <runs>0 4 20 18 53 21 3 21 9 7 5</runs>
            <runs>0 2 19 21 26 5 22 47 3 11 5</runs>
            <runs>0 1 19 22 25 10 18 61 5</runs>
            <runs>0 1 18 23 25 13 21 54 6</runs>
            <runs>18 23 27 12 29 46 5</runs>
            <runs>16 23 28 13 15 1 15 43 6</runs>
            <runs>15 22 24 19 14 6 16 38 5</runs>
            <runs>0 1 14 20 24 21 14 10 15 34 6</runs>
            <runs>0 2 13 18 25 22 14 10 25 23 6</runs>
            <runs>0 4 13 13 26 25 13 16 21 19 8</runs>
            <runs>0 6 14 5 30 26 13 21 20 13 9</runs>
            <runs>0 8 46 27 14 24 21 4 12</runs>
            <runs>0 9 43 29 14 26 34</runs>
            <runs>0 12 37 32 15 25 32</runs>
            <runs>0 15 32 35 14 24 32</runs>
            <runs>0 17 30 35 15 22 9 4 18</runs>
            <runs>0 23 16 44 15 20 6 15 8</runs>
            <runs>0 30 7 47 15 17 8</runs>
            <runs>0 84 17 14 8</runs>
            <runs>0 84 19 10 9</runs>
            <runs>0 84 37</runs>
            <runs>0 84 36</runs>
            <runs>0 84 35</runs>
            <runs>0 89 29</runs>
            <runs>0 90 27</runs>
            <runs>0 91 24</runs>
            <runs>0 93 21</runs>
            <runs>0 96 16</runs>
            <runs>0 100 8</runs>
        </run-table>
    </sample>
    <sample shape="G_CLEF" interline="21" pitch="0.1" left="566" top="2615" id="528">
        <run-table orientation="VERTICAL" width="58" height="163">
            <runs>0 93 17</runs>
            <runs>0 85 25</runs>
            <runs>0 83 28</runs>
            <runs>0 81 32</runs>
            <runs>0 79 36</runs>
            <runs>0 77 39</runs>
            <runs>0 76 41</runs>
            <runs>0 74 45</runs>
            <runs>0 73 23 9 15 24 4</runs>
            <runs>0 71 23 12 14 21 12</runs>
            <runs>0 70 21 15 15 19 15</runs>
            <runs>0 69 20 25 8 17 18</runs>
            <runs>0 69 20 26 8 15 19</runs>
            <runs>0 64 25 27 7 14 21</runs>
            <runs>0 64 25 28 7 12 23</runs>
            <runs>0 64 20 34 6 11 25</runs>
            <runs>0 64 19 12 15 9 6 10 25</runs>
            <runs>0 63 19 11 17 10 10 5 26</runs>
            <runs>0 62 19 10 21 9 9 5 26</runs>
            <runs>0 61 18 11 23 8 9 5 26</runs>
            <runs>0 60 18 7 30 6 9 5 27</runs>
            <runs>0 59 18 8 31 6 8 5 27</runs>
            <runs>0 24 23 11 18 9 32 19 26</runs>
            <runs>0 21 29 1 2 4 19 9 17 3 12 19 20 1 5</runs>
            <runs>0 17 57 11 16 10 7 18 19 2 5</runs>
            <runs>0 14 60 11 14 13 7 18 17 3 5</runs>
            <runs>0 12 61 11 13 16 6 19 15 4 6</runs>
            <runs>0 10 27 5 33 9 12 18 5 20 13 5 6</runs>
            <runs>0 9 25 16 28 4 14 19 4 21 10 7 6</runs>
            <runs>0 7 23 21 44 50 2 9 6</runs>
            <runs>0 6 21 22 46 61 6</runs>
            <runs>0 4 21 23 20 6 21 61 6</runs>
            <runs>0 3 21 19 25 12 18 57 7</runs>
            <runs>0 2 20 21 25 13 29 44 8</runs>
            <runs>0 1 19 24 24 14 28 44 7</runs>
            <runs>18 24 26 14 13 6 12 40 7</runs>
            <runs>18 22 22 20 12 10 26 21 9</runs>
            <runs>17 22 21 22 12 11 27 18 9</runs>
            <runs>16 21 21 24 12 21 22 10 12</runs>
            <runs>0 1 14 20 22 25 12 25 38</runs>
            <runs>0 2 13 17 22 28 13 26 35</runs>
            <runs>0 4 13 11 25 29 13 26 34</runs>
            <runs>0 6 46 31 13 25 33</runs>
            <runs>0 8 42 32 15 23 10 4 18</runs>
            <runs>0 10 38 35 14 22 6 17 5</runs>
            <runs>0 13 35 35 15 20 7</runs>
            <runs>0 15 32 36 17 16 8</runs>
            <runs>0 18 29 37 17 13 9</runs>
            <runs>0 26 12 46 18 9 11</runs>
            <runs>0 84 37</runs>
            <runs>0 84 36</runs>
            <runs>0 84 35</runs>
            <runs>0 84 34</runs>
            <runs>0 90 27</runs>
            <runs>0 91 24</runs>
            <runs>0 93 21</runs>
            <runs>0 96 15</runs>
            <runs>0 99 10</runs>
        </run-table>
    </sample>
    <sample shape="G_CLEF" interline="21" pitch="-0.1" left="572" top="3118" id="577">
        <run-table orientation="VERTICAL" width="60" height="161">
            <runs>0 86 17</runs>
            <runs>0 82 2 1 26</runs>
            <runs>0 81 30</runs>
            <runs>0 79 33</runs>
            <runs>0 77 37</runs>
            <runs>0 75 40</runs>
            <runs>0 74 42</runs>
            <runs>0 72 28 1 16</runs>
            <runs>0 71 24 11 12</runs>
            <runs>0 65 28 14 12 22 10</runs>
            <runs>0 65 26 16 13 19 14</runs>
            <runs>0 66 24 23 8 17 16</runs>
            <runs>0 66 24 24 8 15 18</runs>
            <runs>0 65 21 30 6 14 20</runs>
            <runs>0 64 20 33 6 12 22</runs>
            <runs>0 63 21 13 5 16 6 11 23</runs>
            <runs>0 62 20 9 20 8 5 11 23</runs>
            <runs>0 61 20 5 25 8 6 9 25</runs>
            <runs>0 60 20 6 26 8 6 8 25</runs>
            <runs>0 59 20 7 27 7 6 8 26</runs>
            <runs>0 58 19 9 28 7 5 8 26</runs>
            <runs>0 57 19 9 30 6 5 8 26</runs>
            <runs>0 30 12 14 19 9 32 6 4 8 20 2 4</runs>
            <runs>0 23 26 6 19 10 19 4 10 5 9 3 20 2 5</runs>
            <runs>0 18 56 9 16 8 10 6 9 3 19 2 5</runs>
            <runs>0 16 58 9 15 14 6 5 9 4 17 3 5</runs>
            <runs>0 14 61 7 14 17 5 5 8 6 15 4 5</runs>
            <runs>0 12 27 5 31 7 13 19 4 5 8 7 13 5 5</runs>
            <runs>0 10 23 17 26 5 14 20 3 5 8 9 9 7 5</runs>
            <runs>0 9 21 20 44 29 8 11 5 9 4</runs>
            <runs>0 7 22 15 50 29 8 24 5</runs>
            <runs>0 5 21 18 26 6 20 27 8 24 5</runs>
            <runs>0 4 20 20 25 10 20 24 8 24 5</runs>
            <runs>0 3 19 21 22 15 24 19 8 23 6</runs>
            <runs>0 2 19 21 22 16 32 11 8 22 6</runs>
            <runs>0 1 19 21 22 17 14 5 17 7 8 21 7</runs>
            <runs>19 20 22 19 13 10 18 1 9 21 6</runs>
            <runs>17 20 22 21 13 13 25 19 7</runs>
            <runs>16 20 22 22 13 19 21 16 8</runs>
            <runs>15 19 23 23 14 25 19 6 12</runs>
            <runs>14 18 24 24 14 27 33</runs>
            <runs>0 1 14 15 24 27 13 27 32</runs>
            <runs>0 3 18 5 26 29 14 25 6 1 24</runs>
            <runs>0 5 45 32 14 23 6 2 22</runs>
            <runs>0 8 41 33 14 22 6 14 9</runs>
            <runs>0 9 40 33 15 20 7</runs>
            <runs>0 11 37 35 16 17 7</runs>
            <runs>0 17 25 41 17 14 8</runs>
            <runs>0 22 17 45 19 4 14</runs>
            <runs>0 25 2 58 20 1 14</runs>
            <runs>0 85 35</runs>
            <runs>0 86 33</runs>
            <runs>0 86 31</runs>
            <runs>0 86 30</runs>
            <runs>0 86 28</runs>
            <runs>0 92 20</runs>
            <runs>0 95 15 8 2</runs>
            <runs>0 99 11 7 3</runs>
            <runs>0 117 3</runs>
            <runs>0 118 1</runs>
        </run-table>
    </sample>
    <sample shape="G_CLEF" interline="21" pitch="-0.1" left="578" top="3653" id="633">
        <run-table orientation="VERTICAL" width="58" height="161">
            <runs>0 90 10</runs>
            <runs>0 85 23</runs>
            <runs>0 83 26</runs>
            <runs>0 80 31</runs>
            <runs>0 79 34</runs>
            <runs>0 76 38</runs>
            <runs>0 75 40</runs>
            <runs>0 73 25 6 13</runs>
            <runs>0 72 22 11 13</runs>
            <runs>0 71 21 18 8 25 8</runs>
            <runs>0 69 21 22 7 22 12</runs>
            <runs>0 68 20 25 7 19 15</runs>
            <runs>0 64 24 26 7 17 17</runs>
            <runs>0 64 24 28 6 15 19</runs>
            <runs>0 64 20 33 5 14 21</runs>
            <runs>0 64 19 35 5 13 21</runs>
            <runs>0 63 19 12 15 10 4 13 22</runs>
            <runs>0 62 18 11 18 11 4 11 23</runs>
            <runs>0 61 18 11 21 10 3 11 24</runs>
            <runs>0 60 18 11 23 10 2 11 24</runs>
            <runs>0 59 17 9 29 8 2 11 25</runs>
            <runs>0 57 18 10 30 7 2 11 25</runs>
            <runs>0 25 11 1 2 18 17 11 30 7 2 11 20 1 4</runs>
            <runs>0 21 26 4 2 2 18 12 16 4 11 7 1 11 20 1 5</runs>
            <runs>0 17 55 12 15 13 5 6 1 12 17 4 4</runs>
            <runs>0 14 57 12 14 15 6 18 17 4 4</runs>
            <runs>0 13 59 11 13 17 5 19 15 5 4</runs>
            <runs>0 11 23 17 24 7 13 19 4 20 13 6 4</runs>
            <runs>0 9 23 19 28 2 14 20 3 22 10 7 4</runs>
            <runs>0 8 20 21 45 22 1 25 3 2 1 8 5</runs>
            <runs>0 6 20 22 46 62 4</runs>
            <runs>0 5 21 17 24 9 19 61 4</runs>
            <runs>0 4 20 19 24 13 20 55 5</runs>
            <runs>0 2 20 21 24 14 23 50 6</runs>
            <runs>0 2 19 21 25 14 14 1 9 49 5</runs>
            <runs>0 1 17 23 20 20 13 9 1 2 10 37 6</runs>
            <runs>17 22 21 21 12 12 16 31 7</runs>
            <runs>16 21 21 23 12 18 19 20 8</runs>
            <runs>14 21 22 24 12 22 21 12 9</runs>
            <runs>0 1 13 18 24 25 13 26 36</runs>
            <runs>0 2 12 16 25 27 12 27 34</runs>
            <runs>0 4 13 11 25 29 12 27 33</runs>
            <runs>0 6 44 32 13 26 31</runs>
            <runs>0 8 40 34 14 25 3 9 18</runs>
            <runs>0 11 37 35 13 24 4 14 9</runs>
            <runs>0 13 33 37 14 21 6</runs>
            <runs>0 19 27 38 15 17 7</runs>
            <runs>0 21 19 44 17 13 8</runs>
            <runs>0 85 18 6 13</runs>
            <runs>0 84 37</runs>
            <runs>0 84 36</runs>
            <runs>0 84 35</runs>
            <runs>0 89 29</runs>
            <runs>0 90 26</runs>
            <runs>0 92 22</runs>
            <runs>0 94 19</runs>
            <runs>0 97 12</runs>
            <runs>0 102 4</runs>
        </run-table>
    </sample>
    <sample shape="F_CLEF" interline="21" pitch="-1.5" left="550" top="1874" id="435">
        <run-table orientation="VERTICAL" width="60" height="62">
            <runs>0 58 4</runs>
            <runs>0 58 4</runs>
            <runs>0 58 3</runs>
            <runs>0 58 3</runs>
            <runs>0 13 13 31 4</runs>
            <runs>0 11 16 30 4</runs>
            <runs>0 9 20 28 4</runs>
            <runs>0 8 22 26 4</runs>
            <runs>0 6 24 26 4</runs>
            <runs>11 4 16 24 5</runs>
            <runs>10 4 17 24 5</runs>
            <runs>9 5 17 23 6</runs>
            <runs>8 6 17 23 5</runs>
            <runs>0 5 2 7 17 22 6</runs>
            <runs>0 5 2 7 17 22 6</runs>
            <runs>0 5 1 8 17 22 6</runs>
            <runs>0 5 1 8 16 22 6</runs>
            <runs>0 15 15 21 7</runs>
            <runs>0 15 14 21 8</runs>
            <runs>0 16 12 22 8</runs>
            <runs>0 18 8 23 8</runs>
            <runs>0 49 8</runs>
            <runs>0 48 9</runs>
            <runs>0 42 14</runs>
            <runs>0 5 1 36 13</runs>
            <runs>0 5 1 36 13</runs>
            <runs>0 5 2 35 13</runs>
            <runs>8 34 12</runs>
            <runs>8 34 12</runs>
            <runs>9 31 13</runs>
            <runs>11 28 13</runs>
            <runs>14 23 15</runs>
            <runs>17 18 16</runs>
            <runs>26 7 17</runs>
            <runs>50</runs>
            <runs>48</runs>
            <runs>48</runs>
            <runs>47</runs>
            <runs>0 5 42</runs>
            <runs>0 6 40</runs>
            <runs>0 7 39</runs>
            <runs>0 8 38</runs>
            <runs>0 9 31</runs>
            <runs>0 11 27</runs>
            <runs>0 13 23</runs>
            <runs>0 15 19</runs>
            <runs>0 18 12</runs>
            <runs></runs>
            <runs></runs>
            <runs>0 13 3 13 7</runs>
            <runs>0 11 7 10 9</runs>
            <runs>0 10 9 9 10</runs>
            <runs>0 9 10 9 11</runs>
            <runs>0 9 11 8 11</runs>
            <runs>0 9 11 8 11</runs>
            <runs>0 9 11 8 11</runs>
            <runs>0 9 11 8 10</runs>
            <runs>0 10 9 10 8</runs>
            <runs>0 10 8 13 5</runs>
            <runs>0 11 1</runs>
        </run-table>
    </sample>
    <sample shape="F_CLEF" interline="21" pitch="-1.7" left="555" top="2381" id="482">
        <run-table orientation="VERTICAL" width="61" height="61">
            <runs>0 58 3</runs>
            <runs>0 58 3</runs>
            <runs>0 57 4</runs>
            <runs>0 57 4</runs>
            <runs>0 15 6 36 4</runs>
            <runs>0 10 15 32 3</runs>
            <runs>0 7 19 31 3</runs>
            <runs>0 6 21 29 4</runs>
            <runs>0 6 22 27 5</runs>
            <runs>0 1 12 1 14 27 5</runs>
            <runs>0 1 11 2 15 26 4</runs>
            <runs>0 1 8 5 15 25 5</runs>
            <runs>0 6 2 6 16 24 5</runs>
            <runs>0 14 16 24 4</runs>
            <runs>0 14 16 23 5</runs>
            <runs>0 13 17 23 5</runs>
            <runs>0 13 16 23 6</runs>
            <runs>0 14 15 22 6</runs>
            <runs>0 14 15 22 6</runs>
            <runs>0 15 13 22 7</runs>
            <runs>0 16 11 22 7</runs>
            <runs>0 18 8 23 7</runs>
            <runs>0 48 8</runs>
            <runs>0 47 8</runs>
            <runs>0 47 8</runs>
            <runs>0 43 11</runs>
            <runs>0 42 12</runs>
            <runs>0 43 10</runs>
            <runs>0 5 1 37 10</runs>
            <runs>0 5 2 35 11</runs>
            <runs>8 33 11</runs>
            <runs>9 30 13</runs>
            <runs>10 28 13</runs>
            <runs>12 24 14</runs>
            <runs>0 1 15 2 4 11 17</runs>
            <runs>0 1 49</runs>
            <runs>0 1 48</runs>
            <runs>0 1 47</runs>
            <runs>0 1 46</runs>
            <runs>0 1 46</runs>
            <runs>0 1 45</runs>
            <runs>0 1 45</runs>
            <runs>0 7 39</runs>
            <runs>0 8 32</runs>
            <runs>0 9 29</runs>
            <runs>0 11 25</runs>
            <runs>0 13 20</runs>
            <runs>0 17 15</runs>
            <runs></runs>
            <runs></runs>
            <runs>0 9 5 15 2</runs>
            <runs>0 8 8 11 7</runs>
            <runs>0 8 8 10 9</runs>
            <runs>0 7 10 9 10</runs>
            <runs>0 7 11 8 10</runs>
            <runs>0 7 11 8 10</runs>
            <runs>0 7 11 8 10</runs>
            <runs>0 7 10 9 10</runs>
            <runs>0 8 9 10 9</runs>
            <runs>0 9 6 12 9</runs>
            <runs>0 30 4</runs>
        </run-table>
    </sample>
    <sample shape="F_CLEF" interline="21" pitch="-1.6" left="565" top="2883" id="543">
        <run-table orientation="VERTICAL" width="62" height="63">
            <runs>0 59 4</runs>
            <runs>0 58 5</runs>
            <runs>0 58 5</runs>
            <runs>0 58 5</runs>
            <runs>0 58 4</runs>
            <runs>0 19 8 30 5</runs>
            <runs>0 12 15 30 5</runs>
            <runs>0 10 17 30 5</runs>
            <runs>0 9 19 28 5</runs>
            <runs>0 8 21 27 5</runs>
            <runs>0 7 23 25 6</runs>
            <runs>0 1 30 24 5</runs>
            <runs>0 1 10 3 17 23 6</runs>
            <runs>0 1 8 5 18 22 6</runs>
            <runs>0 14 18 22 6</runs>
            <runs>0 14 18 21 7</runs>
            <runs>0 14 18 21 7</runs>
            <runs>0 14 17 21 7</runs>
            <runs>0 14 17 21 7</runs>
            <runs>0 14 16 21 7</runs>
            <runs>0 15 15 21 7</runs>
            <runs>0 16 12 22 7</runs>
            <runs>0 17 10 23 7</runs>
            <runs>0 20 2 27 8</runs>
            <runs>0 48 8</runs>
            <runs>0 43 13</runs>
            <runs>0 43 13</runs>
            <runs>0 6 1 36 12</runs>
            <runs>0 6 2 35 11</runs>
            <runs>0 1 8 34 11</runs>
            <runs>0 1 8 34 11</runs>
            <runs>0 1 9 32 11</runs>
            <runs>0 1 10 29 12</runs>
            <runs>0 1 11 26 14</runs>
            <runs>15 18 18</runs>
            <runs>17 14 20</runs>
            <runs>0 1 49</runs>
            <runs>0 1 48</runs>
            <runs>0 1 47</runs>
            <runs>0 1 46</runs>
            <runs>0 1 46</runs>
            <runs>0 1 46</runs>
            <runs>0 7 40</runs>
            <runs>0 7 40</runs>
            <runs>0 8 33</runs>
            <runs>0 10 29</runs>
            <runs>0 11 26</runs>
            <runs>0 14 21</runs>
            <runs>0 17 15</runs>
            <runs></runs>
            <runs></runs>
            <runs>0 13 2 15 3</runs>
            <runs>0 10 7 11 8</runs>
            <runs>0 9 9 9 10</runs>
            <runs>0 9 10 8 11</runs>
            <runs>0 8 12 7 11</runs>
            <runs>0 8 12 7 11</runs>
            <runs>0 8 11 8 11</runs>
            <runs>0 9 10 8 11</runs>
            <runs>0 10 8 10 9</runs>
            <runs>0 11 6 13 6</runs>
            <runs>0 13 2</runs>
        </run-table>
    </sample>
    <sample shape="F_CLEF" interline="21" pitch="-1.5" left="569" top="3388" id="591">
        <run-table orientation="VERTICAL" width="63" height="68">
            <runs>0 60 3</runs>
            <runs>0 60 3</runs>
            <runs>0 60 3</runs>
            <runs>0 59 9</runs>
            <runs>0 59 4</runs>
            <runs>0 59 4</runs>
            <runs>0 15 11 32 5</runs>
            <runs>0 13 14 31 4</runs>
            <runs>0 11 17 30 4</runs>
            <runs>0 9 20 28 5</runs>
            <runs>0 8 22 27 5</runs>
            <runs>0 7 7 1 16 25 5</runs>
            <runs>0 6 6 4 15 25 5</runs>
            <runs>10 5 16 25 5</runs>
            <runs>9 6 16 24 6</runs>
            <runs>0 6 2 7 17 23 5</runs>
            <runs>0 6 1 8 17 22 6</runs>
            <runs>0 15 17 21 7</runs>
            <runs>0 15 16 22 7</runs>
            <runs>0 15 16 22 6</runs>
            <runs>0 15 16 21 7</runs>
            <runs>0 16 14 21 8</runs>
            <runs>0 17 11 23 7</runs>
            <runs>0 19 8 23 8</runs>
            <runs>0 50 7</runs>
            <runs>0 49 8</runs>
            <runs>0 49 8</runs>
            <runs>0 48 8</runs>
            <runs>0 43 13</runs>
            <runs>0 43 12</runs>
            <runs>8 35 12</runs>
            <runs>9 34 11</runs>
            <runs>10 32 12</runs>
            <runs>11 30 12</runs>
            <runs>12 27 13</runs>
            <runs>13 23 16</runs>
            <runs>15 19 17</runs>
            <runs>20 11 19</runs>
            <runs>0 1 48</runs>
            <runs>49</runs>
            <runs>48</runs>
            <runs>47</runs>
            <runs>0 6 40</runs>
            <runs>0 7 39</runs>
            <runs>0 8 38</runs>
            <runs>0 10 32</runs>
            <runs>0 11 29</runs>
            <runs>0 14 24</runs>
            <runs>0 15 20</runs>
            <runs>0 19 13</runs>
            <runs>0 25 3</runs>
            <runs></runs>
            <runs></runs>
            <runs>0 11 5 13 8</runs>
            <runs>0 10 8 10 10</runs>
            <runs>0 9 9 9 11</runs>
            <runs>0 9 10 8 12</runs>
            <runs>0 9 11 8 11</runs>
            <runs>0 9 11 8 11</runs>
            <runs>0 9 11 8 11</runs>
            <runs>0 10 9 10 9</runs>
            <runs>0 11 7 12 7</runs>
            <runs>0 12 4 15 4</runs>
        </run-table>
    </sample>
    <sample shape="F_CLEF" interline="21" pitch="-1.6" left="577" top="3924" id="646">
        <run-table orientation="VERTICAL" width="63" height="62">
            <runs>0 58 4</runs>
            <runs>0 58 4</runs>
            <runs>0 57 5</runs>
            <runs>0 57 4</runs>
            <runs>0 57 4</runs>
            <runs>0 57 4</runs>
            <runs>0 13 14 29 5</runs>
            <runs>0 11 16 29 4</runs>
            <runs>0 9 18 29 4</runs>
            <runs>0 8 20 28 4</runs>
            <runs>0 7 22 26 5</runs>
            <runs>0 1 28 26 4</runs>
            <runs>0 1 29 24 5</runs>
            <runs>0 1 8 5 16 24 5</runs>
            <runs>0 6 2 5 17 24 4</runs>
            <runs>0 6 1 7 16 24 4</runs>
            <runs>0 13 17 25 2</runs>
            <runs>0 13 17</runs>
            <runs>0 13 17 22 5</runs>
            <runs>0 13 17 21 6</runs>
            <runs>0 14 15 22 6</runs>
            <runs>0 14 14 22 7</runs>
            <runs>0 15 11 23 8</runs>
            <runs>0 17 9 22 8</runs>
            <runs>0 48 8</runs>
            <runs>0 47 9</runs>
            <runs>0 43 12</runs>
            <runs>0 43 11</runs>
            <runs>0 43 10</runs>
            <runs>0 43 10</runs>
            <runs>0 43 10</runs>
            <runs>0 42 10</runs>
            <runs>8 33 11</runs>
            <runs>9 31 11</runs>
            <runs>10 29 12</runs>
            <runs>0 1 12 23 14</runs>
            <runs>0 1 14 19 15</runs>
            <runs>0 1 18 10 19</runs>
            <runs>0 1 47</runs>
            <runs>47</runs>
            <runs>0 1 45</runs>
            <runs>0 1 45</runs>
            <runs>0 1 46</runs>
            <runs>0 6 41</runs>
            <runs>0 7 35</runs>
            <runs>0 8 32</runs>
            <runs>0 9 29</runs>
            <runs>0 11 24</runs>
            <runs>0 13 20</runs>
            <runs>0 16 15</runs>
            <runs></runs>
            <runs></runs>
            <runs></runs>
            <runs>0 9 7 13 7</runs>
            <runs>0 9 8 11 9</runs>
            <runs>0 8 10 10 9</runs>
            <runs>0 8 11 8 10</runs>
            <runs>0 8 11 8 11</runs>
            <runs>0 8 11 8 11</runs>
            <runs>0 8 11 8 10</runs>
            <runs>0 9 9 10 8</runs>
            <runs>0 9 8 11 7</runs>
            <runs>0 10 5 17 2</runs>
        </run-table>
    </sample>
    <sample shape="SHARP" interline="21" pitch="-4.1" left="602" top="1081" id="405">
        <run-table orientation="VERTICAL" width="22" height="61">
            <runs>0 19 7 14 8</runs>
            <runs>0 18 9 13 8</runs>
            <runs>0 18 9 12 9</runs>
            <runs>0 18 9 12 9</runs>
            <runs>0 3 7 2 1 1 47</runs>
            <runs>0 2 59</runs>
            <runs>0 2 59</runs>
            <runs>0 2 59</runs>
            <runs>0 7 2 6 11 11 22</runs>
            <runs>0 15 10 12 9</runs>
            <runs>0 15 9 12 10</runs>
            <runs>0 15 8 12 10</runs>
            <runs>0 14 9 12 10</runs>
            <runs>0 1 25 3 28</runs>
            <runs>57</runs>
            <runs>57</runs>
            <runs>24 5 15</runs>
            <runs>0 1 22 11 9</runs>
            <runs>0 12 10 12 8</runs>
            <runs>0 12 9 12 9</runs>
            <runs>0 12 8 14 7</runs>
            <runs>0 14 4</runs>
        </run-table>
    </sample>
    <sample shape="SHARP" interline="21" pitch="-0.7" left="626" top="1110" id="406">
        <run-table orientation="VERTICAL" width="23" height="65">
            <runs>0 20 9</runs>
            <runs>0 20 9 13 8</runs>
            <runs>0 21 8 13 9</runs>
            <runs>0 21 8 13 9</runs>
            <runs>0 12 1 5 13 10 11</runs>
            <runs>0 6 59</runs>
            <runs>0 6 59</runs>
            <runs>0 18 47</runs>
            <runs>0 19 10 10 26</runs>
            <runs>0 19 9 12 14 2 4</runs>
            <runs>0 18 9 12 10</runs>
            <runs>0 18 9 12 9</runs>
            <runs>0 17 9 13 9</runs>
            <runs>0 6 4 6 11 9 16</runs>
            <runs>60</runs>
            <runs>60</runs>
            <runs>0 16 44</runs>
            <runs>0 16 10 10 24</runs>
            <runs>0 15 10 12 9 2 3 5 2</runs>
            <runs>0 15 9 12 9</runs>
            <runs>0 16 8 12 9</runs>
            <runs>0 37 8</runs>
            <runs>0 38 1</runs>
        </run-table>
    </sample>
    <sample shape="SHARP" interline="21" pitch="-5.4" left="644" top="1071" id="407">
        <run-table orientation="VERTICAL" width="22" height="56">
            <runs>0 15 7</runs>
            <runs>0 14 8 13 2</runs>
            <runs>0 14 8 13 2</runs>
            <runs>0 13 9 12 8</runs>
            <runs>1 1 2 2 2 1 2 1 11 10 10 7 2</runs>
            <runs>56</runs>
            <runs>56</runs>
            <runs>48 1 7</runs>
            <runs>1 1 5 1 17 3 16 6 4</runs>
            <runs>0 11 11 9 11</runs>
            <runs>0 10 10 12 10</runs>
            <runs>0 10 9 12 11</runs>
            <runs>0 9 9 12 12</runs>
            <runs>7 1 12 1 1 3 1 3 18 2 3</runs>
            <runs>53</runs>
            <runs>53</runs>
            <runs>52</runs>
            <runs>22 7 17 2 3</runs>
            <runs>0 8 9 1 1 10 12</runs>
            <runs>0 7 9 12 13</runs>
            <runs>0 7 9 12 9</runs>
            <runs>0 8 7 13 8</runs>
        </run-table>
    </sample>
    <sample shape="SHARP" interline="21" pitch="-2.1" left="608" top="1333" id="418">
        <run-table orientation="VERTICAL" width="31" height="61">
            <runs>0 19 7 15 1 2 3</runs>
            <runs>0 18 9 13 8</runs>
            <runs>0 18 9 12 9</runs>
            <runs>0 18 8 13 8</runs>
            <runs>0 17 10 11 10 9 3</runs>
            <runs>0 3 58</runs>
            <runs>0 3 58</runs>
            <runs>0 2 58</runs>
            <runs>0 2 11 1 12 9 24</runs>
            <runs>0 15 9 12 11</runs>
            <runs>0 16 8 12 10</runs>
            <runs>0 15 8 13 9</runs>
            <runs>0 15 8 13 8</runs>
            <runs>0 15 9 10 11</runs>
            <runs>0 1 56</runs>
            <runs>57</runs>
            <runs>47</runs>
            <runs>27 1 15</runs>
            <runs>0 1 2 1 2 2 14 12 8</runs>
            <runs>0 12 10 12 8</runs>
            <runs>0 12 9 13 7</runs>
            <runs>0 13 7</runs>
            <runs>0 13 3</runs>
            <runs></runs>
            <runs></runs>
            <runs></runs>
            <runs></runs>
            <runs></runs>
            <runs></runs>
            <runs></runs>
            <runs>0 57 2</runs>
        </run-table>
    </sample>
    <sample shape="SHARP" interline="21" pitch="1.4" left="629" top="1361" id="412">
        <run-table orientation="VERTICAL" width="22" height="66">
            <runs>0 21 9 12 8</runs>
            <runs>0 21 9 12 9</runs>
            <runs>0 21 9 13 8</runs>
            <runs>0 21 9 12 9</runs>
            <runs>0 20 11 10 25</runs>
            <runs>0 6 60</runs>
            <runs>0 6 60</runs>
            <runs>0 14 2 2 13 1 34</runs>
            <runs>0 19 9 11 21</runs>
            <runs>0 19 8 13 9</runs>
            <runs>0 19 8 12 10</runs>
            <runs>0 18 8 13 12</runs>
            <runs>0 18 8 13 12</runs>
            <runs>0 15 12 2 1 8 22</runs>
            <runs>65</runs>
            <runs>65</runs>
            <runs>0 3 3 2 2 2 53</runs>
            <runs>0 15 10 10 12 2 4 2 5</runs>
            <runs>0 16 9 11 10</runs>
            <runs>0 16 8 13 9</runs>
            <runs>0 16 8 13 9</runs>
            <runs>0 37 8</runs>
        </run-table>
    </sample>
    <sample shape="SHARP" interline="21" pitch="-3.0" left="648" top="1323" id="414">
        <run-table orientation="VERTICAL" width="24" height="62">
            <runs>0 24 1</runs>
            <runs>0 17 9 19 1</runs>
            <runs>0 17 10 11 9</runs>
            <runs>0 17 10 11 9</runs>
            <runs>0 17 10 11 9</runs>
            <runs>0 4 1 4 2 2 14 2 1 4 1 2 11</runs>
            <runs>0 2 60</runs>
            <runs>0 2 60</runs>
            <runs>0 2 60</runs>
            <runs>0 2 25 7 15 5 1</runs>
            <runs>0 3 9 2 11 10 11</runs>
            <runs>0 15 9 11 10</runs>
            <runs>0 14 9 12 10</runs>
            <runs>0 14 9 11 10</runs>
            <runs>0 5 2 6 11 1 2 6 18 2 3</runs>
            <runs>57</runs>
            <runs>57</runs>
            <runs>57</runs>
            <runs>23 8 25</runs>
            <runs>0 2 1 2 2 4 11 10 11</runs>
            <runs>0 12 9 12 10</runs>
            <runs>0 12 9 12 9</runs>
            <runs>0 12 9 12 9</runs>
            <runs>0 13 8</runs>
        </run-table>
    </sample>
    <sample shape="SHARP" interline="21" pitch="-4.3" left="615" top="1604" id="451">
        <run-table orientation="VERTICAL" width="21" height="61">
            <runs>0 19 8 13 8</runs>
            <runs>0 18 9 13 8</runs>
            <runs>0 18 9 12 9</runs>
            <runs>0 17 10 12 9</runs>
            <runs>0 3 25 9 12</runs>
            <runs>0 3 58</runs>
            <runs>0 3 57</runs>
            <runs>0 4 25 7 23</runs>
            <runs>0 16 9 12 9</runs>
            <runs>0 16 9 12 9</runs>
            <runs>0 16 8 12 10</runs>
            <runs>0 15 9 12 9</runs>
            <runs>0 14 10 12 9</runs>
            <runs>10 3 12 5 15</runs>
            <runs>58</runs>
            <runs>57</runs>
            <runs>0 1 25 4 14</runs>
            <runs>0 13 9 8 13</runs>
            <runs>0 12 9 9 13</runs>
            <runs>0 12 9 9 12</runs>
            <runs>0 13 7 15 6</runs>
        </run-table>
    </sample>
    <sample shape="SHARP" interline="21" pitch="-0.7" left="625" top="1633" id="455">
        <run-table orientation="VERTICAL" width="35" height="67">
            <runs>0 28 2</runs>
            <runs></runs>
            <runs></runs>
            <runs></runs>
            <runs></runs>
            <runs></runs>
            <runs></runs>
            <runs></runs>
            <runs></runs>
            <runs></runs>
            <runs></runs>
            <runs></runs>
            <runs></runs>
            <runs>0 21 9 12 9</runs>
            <runs>0 21 9 12 9</runs>
            <runs>0 21 9 12 9</runs>
            <runs>0 20 10 11 11</runs>
            <runs>0 6 61</runs>
            <runs>0 6 61</runs>
            <runs>0 18 16 1 32</runs>
            <runs>0 19 10 10 28</runs>
            <runs>0 19 9 11 11 2 2</runs>
            <runs>0 19 8 12 10</runs>
            <runs>0 18 8 13 10</runs>
            <runs>0 17 9 12 10</runs>
            <runs>0 16 11 11 14 1 2 1 4</runs>
            <runs>67</runs>
            <runs>62</runs>
            <runs>0 4 4 7 46</runs>
            <runs>0 16 11 9 24</runs>
            <runs>0 16 10 11 10 3 1 3 4</runs>
            <runs>0 16 9 11 10</runs>
            <runs>0 17 8 12 9</runs>
            <runs>0 38 4</runs>
            <runs>0 40 2</runs>
        </run-table>
    </sample>
    <sample shape="SHARP" interline="21" pitch="-5.2" left="656" top="1595" id="454">
        <run-table orientation="VERTICAL" width="23" height="58">
            <runs>0 17 7</runs>
            <runs>0 16 9 17 3</runs>
            <runs>0 16 9 12 8</runs>
            <runs>0 15 10 12 9</runs>
            <runs>0 1 7 1 16 11 10</runs>
            <runs>29 1 16</runs>
            <runs>58</runs>
            <runs>0 1 57</runs>
            <runs>0 2 1 2 1 5 46</runs>
            <runs>0 13 11 10 12</runs>
            <runs>0 13 9 12 9</runs>
            <runs>0 12 10 12 9</runs>
            <runs>0 12 10 11 10</runs>
            <runs>10 1 12 10 11</runs>
            <runs>55</runs>
            <runs>56</runs>
            <runs>56</runs>
            <runs>0 5 19 5 26</runs>
            <runs>0 10 10 11 13</runs>
            <runs>0 10 9 12 11</runs>
            <runs>0 10 9 12 11</runs>
            <runs>0 11 7 14 9</runs>
            <runs>0 33 9</runs>
        </run-table>
    </sample>
    <sample shape="SHARP" interline="21" pitch="-2.1" left="623" top="1865" id="460">
        <run-table orientation="VERTICAL" width="21" height="62">
            <runs>0 19 9 13 7</runs>
            <runs>0 19 9 12 9</runs>
            <runs>0 18 10 12 8</runs>
            <runs>0 16 12 11 9</runs>
            <runs>0 3 58</runs>
            <runs>0 2 60</runs>
            <runs>0 3 12 1 45</runs>
            <runs>0 5 9 2 10 11 11 1 11</runs>
            <runs>0 16 9 12 10</runs>
            <runs>0 15 9 13 9</runs>
            <runs>0 15 9 13 9</runs>
            <runs>0 14 10 12 9</runs>
            <runs>0 3 22 10 12</runs>
            <runs>59</runs>
            <runs>58</runs>
            <runs>46</runs>
            <runs>0 1 22 11 10</runs>
            <runs>0 13 9 12 9</runs>
            <runs>0 8 13 8 14</runs>
            <runs>0 8 12 14 8</runs>
            <runs>0 14 3</runs>
        </run-table>
    </sample>
    <sample shape="SHARP" interline="21" pitch="1.3" left="642" top="1894" id="461">
        <run-table orientation="VERTICAL" width="22" height="67">
            <runs>0 29 2</runs>
            <runs>0 21 11 10 11</runs>
            <runs>0 21 11 10 11</runs>
            <runs>0 21 11 10 11</runs>
            <runs>0 22 10 9 13 2 2</runs>
            <runs>0 7 59</runs>
            <runs>0 7 59</runs>
            <runs>0 8 58</runs>
            <runs>0 20 11 9 26</runs>
            <runs>0 20 10 11 11 2 1</runs>
            <runs>0 20 9 11 11</runs>
            <runs>0 19 10 11 11</runs>
            <runs>0 19 10 11 11</runs>
            <runs>0 18 11 1 2 7 27</runs>
            <runs>66</runs>
            <runs>66</runs>
            <runs>0 6 2 1 2 5 51</runs>
            <runs>0 16 11 11 23</runs>
            <runs>0 16 10 12 10</runs>
            <runs>0 16 10 11 10</runs>
            <runs>0 17 8 12 10</runs>
            <runs>0 39 3</runs>
        </run-table>
    </sample>
    <sample shape="SHARP" interline="21" pitch="-3.0" left="662" top="1854" id="462">
        <run-table orientation="VERTICAL" width="22" height="65">
            <runs>0 19 9 12 8</runs>
            <runs>0 19 9 12 9</runs>
            <runs>0 19 9 12 8</runs>
            <runs>0 18 9 12 10</runs>
            <runs>0 4 61</runs>
            <runs>0 3 62</runs>
            <runs>0 2 54 1 8</runs>
            <runs>0 3 24 5 2 2 13 9 1</runs>
            <runs>0 6 20 11 11</runs>
            <runs>0 16 9 12 10</runs>
            <runs>0 16 9 12 9</runs>
            <runs>0 15 10 11 10</runs>
            <runs>0 14 11 11 23</runs>
            <runs>0 1 64</runs>
            <runs>59</runs>
            <runs>58</runs>
            <runs>0 1 24 2 2 4 16 2 1 2 3</runs>
            <runs>0 2 4 7 10 11 10</runs>
            <runs>0 13 10 11 10</runs>
            <runs>0 13 10 12 9</runs>
            <runs>0 14 9 13 8</runs>
            <runs>0 17 2</runs>
        </run-table>
    </sample>
    <sample shape="SHARP" interline="21" pitch="-4.2" left="621" top="2126" id="496">
        <run-table orientation="VERTICAL" width="22" height="62">
            <runs>0 19 9 13 7 4 3</runs>
            <runs>0 19 9 12 9 3 3</runs>
            <runs>0 18 10 11 10 3 3</runs>
            <runs>0 17 11 10 11 3 3</runs>
            <runs>0 4 52 1 4</runs>
            <runs>0 3 59</runs>
            <runs>0 3 59</runs>
            <runs>0 3 24 4 30</runs>
            <runs>0 15 11 10 19 4 1</runs>
            <runs>0 15 11 10 11</runs>
            <runs>0 15 10 11 10</runs>
            <runs>0 14 11 11 10</runs>
            <runs>0 13 11 11 11</runs>
            <runs>0 1 24 5 29</runs>
            <runs>59</runs>
            <runs>58</runs>
            <runs>25 5 15</runs>
            <runs>0 11 11 9 13</runs>
            <runs>0 12 10 9 12</runs>
            <runs>0 12 9 10 11</runs>
            <runs>0 12 8 15 5</runs>
            <runs>0 13 1</runs>
        </run-table>
    </sample>
    <sample shape="SHARP" interline="21" pitch="-0.5" left="643" top="2161" id="497">
        <run-table orientation="VERTICAL" width="23" height="62">
            <runs>0 44 2</runs>
            <runs>0 16 10 11 11</runs>
            <runs>0 16 10 11 11</runs>
            <runs>0 16 10 11 11</runs>
            <runs>0 15 12 10 12</runs>
            <runs>0 3 2 5 52</runs>
            <runs>0 2 60</runs>
            <runs>0 3 59</runs>
            <runs>0 11 2 1 17 1 30</runs>
            <runs>0 14 12 8 18 1 3</runs>
            <runs>0 14 11 10 12 1 2</runs>
            <runs>0 14 10 11 11</runs>
            <runs>0 14 10 10 12</runs>
            <runs>0 13 11 10 16 4 2</runs>
            <runs>0 2 26 1 33</runs>
            <runs>61</runs>
            <runs>0 8 53</runs>
            <runs>0 11 11 8 27</runs>
            <runs>0 12 9 12 11 2 5 4 1</runs>
            <runs>0 12 9 12 10</runs>
            <runs>0 13 2 17 10</runs>
            <runs>0 33 9</runs>
            <runs>0 34 3</runs>
        </run-table>
    </sample>
    <sample shape="SHARP" interline="21" pitch="-5.1" left="661" top="2117" id="498">
        <run-table orientation="VERTICAL" width="23" height="64">
            <runs>0 20 7</runs>
            <runs>0 19 9 11 8</runs>
            <runs>0 18 10 11 9</runs>
            <runs>0 18 10 11 9</runs>
            <runs>0 7 2 2 3 2 13 10 9</runs>
            <runs>0 3 46 1 7</runs>
            <runs>0 2 62</runs>
            <runs>0 2 62</runs>
            <runs>0 3 49 3 3</runs>
            <runs>0 16 10 10 12</runs>
            <runs>0 15 10 11 11</runs>
            <runs>0 15 10 11 10</runs>
            <runs>0 14 11 11 10</runs>
            <runs>0 9 16 10 16 2 2</runs>
            <runs>59</runs>
            <runs>58</runs>
            <runs>58</runs>
            <runs>57</runs>
            <runs>0 11 11 12 10</runs>
            <runs>0 12 9 12 10</runs>
            <runs>0 12 9 12 10</runs>
            <runs>0 12 8 14 9</runs>
            <runs>0 15 2 20 2</runs>
        </run-table>
    </sample>
    <sample shape="SHARP" interline="21" pitch="-2.0" left="695" top="2148" id="499">
        <run-table orientation="VERTICAL" width="21" height="61">
            <runs>0 20 6 16 2</runs>
            <runs>0 19 8 13 8</runs>
            <runs>0 18 10 11 9</runs>
            <runs>0 18 10 11 9</runs>
            <runs>0 17 16 5 11</runs>
            <runs>0 4 57</runs>
            <runs>0 3 58</runs>
            <runs>0 3 58</runs>
            <runs>0 5 3 7 11 10 19 3 2</runs>
            <runs>0 16 9 12 10</runs>
            <runs>0 15 9 12 10</runs>
            <runs>0 15 9 12 10</runs>
            <runs>0 15 9 12 9</runs>
            <runs>0 14 10 11 10</runs>
            <runs>0 1 56</runs>
            <runs>58</runs>
            <runs>57</runs>
            <runs>2 4 2 5 10 11 10</runs>
            <runs>0 13 9 11 10</runs>
            <runs>0 12 9 12 9</runs>
            <runs>0 12 8 14 8</runs>
        </run-table>
    </sample>
    <sample shape="SHARP" interline="21" pitch="-2.1" left="625" top="2373" id="504">
        <run-table orientation="VERTICAL" width="22" height="61">
            <runs>0 19 8 17 3</runs>
            <runs>0 19 8 13 8</runs>
            <runs>0 18 9 13 8</runs>
            <runs>0 18 9 12 9</runs>
            <runs>0 4 51 2 3</runs>
            <runs>0 3 58</runs>
            <runs>0 3 58</runs>
            <runs>0 3 24 5 3 1 24</runs>
            <runs>0 15 10 12 11</runs>
            <runs>0 16 9 12 10</runs>
            <runs>0 15 10 12 9</runs>
            <runs>0 15 9 12 10</runs>
            <runs>0 14 10 11 10</runs>
            <runs>0 1 57</runs>
            <runs>58</runs>
            <runs>58</runs>
            <runs>0 1 24 9 10</runs>
            <runs>0 2 1 5 15 12 8</runs>
            <runs>0 13 9 12 8</runs>
            <runs>0 13 9 12 8</runs>
            <runs>0 13 8 14 2</runs>
            <runs>0 14 6</runs>
        </run-table>
    </sample>
    <sample shape="SHARP" interline="21" pitch="1.4" left="646" top="2406" id="505">
        <run-table orientation="VERTICAL" width="23" height="61">
            <runs>0 24 1</runs>
            <runs>0 17 10 11 9</runs>
            <runs>0 17 10 11 10</runs>
            <runs>0 17 10 11 10</runs>
            <runs>0 16 11 10 11</runs>
            <runs>0 3 32 1 12</runs>
            <runs>0 3 58</runs>
            <runs>0 9 2 2 48</runs>
            <runs>0 16 10 5 2 1 27</runs>
            <runs>0 16 9 10 16 1 2 1 2</runs>
            <runs>0 15 9 12 11</runs>
            <runs>0 15 9 12 10</runs>
            <runs>0 14 10 12 10</runs>
            <runs>0 1 1 1 1 9 11 11 10 1 4</runs>
            <runs>56</runs>
            <runs>60</runs>
            <runs>5 6 49</runs>
            <runs>0 13 10 4 1 2 2 1 28</runs>
            <runs>0 13 9 12 10 2 5</runs>
            <runs>0 12 9 13 9</runs>
            <runs>0 13 8 12 9</runs>
            <runs>0 33 9</runs>
            <runs>0 34 1</runs>
        </run-table>
    </sample>
    <sample shape="SHARP" interline="21" pitch="-3.2" left="666" top="2360" id="506">
        <run-table orientation="VERTICAL" width="23" height="61">
            <runs>0 46 1</runs>
            <runs>0 19 8 19 2</runs>
            <runs>0 18 9 13 8</runs>
            <runs>0 5 1 4 2 1 3 2 10 11 9</runs>
            <runs>0 4 25 2 5 1 11</runs>
            <runs>0 3 58</runs>
            <runs>0 3 58</runs>
            <runs>0 4 1 4 3 1 15 4 29</runs>
            <runs>0 16 11 9 24</runs>
            <runs>0 16 10 11 10 4 1</runs>
            <runs>0 16 9 12 10</runs>
            <runs>0 15 10 11 10</runs>
            <runs>0 2 4 2 1 1 15 11 9</runs>
            <runs>57</runs>
            <runs>58</runs>
            <runs>58</runs>
            <runs>0 1 26 2 29</runs>
            <runs>0 4 1 7 14 8 23</runs>
            <runs>0 13 11 10 10</runs>
            <runs>0 13 11 10 10</runs>
            <runs>0 13 11 10 10</runs>
            <runs>0 14 5 16 9</runs>
            <runs>0 39 1</runs>
        </run-table>
    </sample>
    <sample shape="SHARP" interline="21" pitch="-4.3" left="634" top="2627" id="555">
        <run-table orientation="VERTICAL" width="23" height="62">
            <runs>0 21 7 15 2</runs>
            <runs>0 19 9 14 7</runs>
            <runs>0 19 9 13 8</runs>
            <runs>0 18 10 13 8</runs>
            <runs>0 17 12 11 10 8 3</runs>
            <runs>0 3 59</runs>
            <runs>0 3 59</runs>
            <runs>0 3 59</runs>
            <runs>0 4 7 1 15 1 33</runs>
            <runs>0 16 9 12 11</runs>
            <runs>0 16 9 13 9</runs>
            <runs>0 15 10 12 9</runs>
            <runs>0 14 11 12 9</runs>
            <runs>0 11 2 1 11 11 11 3 8</runs>
            <runs>28 1 30</runs>
            <runs>59</runs>
            <runs>28 1 18 1 9</runs>
            <runs>0 1 23 6 15</runs>
            <runs>0 2 5 6 10 8 13</runs>
            <runs>0 12 10 10 11</runs>
            <runs>0 12 10 10 11</runs>
            <runs>0 13 8 17 2</runs>
            <runs>0 14 7</runs>
        </run-table>
    </sample>
    <sample shape="SHARP" interline="21" pitch="-0.8" left="654" top="2657" id="556">
        <run-table orientation="VERTICAL" width="23" height="67">
            <runs>0 27 2 19 3</runs>
            <runs>0 22 8 12 10</runs>
            <runs>0 22 9 11 10</runs>
            <runs>0 22 9 11 10</runs>
            <runs>0 22 9 11 10 4 3</runs>
            <runs>0 12 1 7 13 1 33</runs>
            <runs>0 7 60</runs>
            <runs>0 7 60</runs>
            <runs>0 7 60</runs>
            <runs>0 18 11 10 15 4 1</runs>
            <runs>0 19 10 11 10</runs>
            <runs>0 19 9 12 9</runs>
            <runs>0 19 9 11 10</runs>
            <runs>0 18 10 11 22</runs>
            <runs>0 6 4 2 2 2 15 2 29</runs>
            <runs>67</runs>
            <runs>66</runs>
            <runs>8 3 50</runs>
            <runs>0 16 10 11 11</runs>
            <runs>0 17 8 12 9</runs>
            <runs>0 17 8 11 10</runs>
            <runs>0 17 8 12 9</runs>
            <runs>0 38 8</runs>
        </run-table>
    </sample>
    <sample shape="SHARP" interline="21" pitch="-5.3" left="675" top="2618" id="560">
        <run-table orientation="VERTICAL" width="23" height="59">
            <runs>0 18 2</runs>
            <runs>0 17 8 19 2</runs>
            <runs>0 16 10 13 8</runs>
            <runs>0 16 10 12 9</runs>
            <runs>0 15 11 12 9</runs>
            <runs>0 1 26 1 24 3 4</runs>
            <runs>59</runs>
            <runs>59</runs>
            <runs>0 1 48 4 5</runs>
            <runs>0 2 25 6 13</runs>
            <runs>0 13 11 11 10</runs>
            <runs>0 13 10 12 10</runs>
            <runs>0 12 11 11 10</runs>
            <runs>0 12 11 10 13 4 5</runs>
            <runs>57</runs>
            <runs>57</runs>
            <runs>57</runs>
            <runs>56</runs>
            <runs>26 5 13</runs>
            <runs>0 10 11 11 11</runs>
            <runs>0 10 11 11 11 9 2</runs>
            <runs>0 10 10 12 11 10 1</runs>
            <runs>0 11 8 14 1 1 8</runs>
        </run-table>
    </sample>
    <sample shape="SHARP" interline="21" pitch="-2.4" left="636" top="2874" id="564">
        <run-table orientation="VERTICAL" width="22" height="61">
            <runs>0 19 8 13 8</runs>
            <runs>0 18 9 12 10</runs>
            <runs>0 18 9 12 10</runs>
            <runs>0 17 10 11 11</runs>
            <runs>0 8 53</runs>
            <runs>0 3 58</runs>
            <runs>0 2 58</runs>
            <runs>0 2 33 1 23</runs>
            <runs>0 3 23 10 11</runs>
            <runs>0 15 10 11 11</runs>
            <runs>0 15 10 11 10</runs>
            <runs>0 15 9 11 10</runs>
            <runs>0 9 15 11 11 2 2</runs>
            <runs>0 1 57</runs>
            <runs>58</runs>
            <runs>45</runs>
            <runs>28 3 12</runs>
            <runs>0 1 21 9 12</runs>
            <runs>0 10 12 9 11</runs>
            <runs>0 9 12 10 10</runs>
            <runs>0 9 10</runs>
            <runs>0 9 9</runs>
        </run-table>
    </sample>
    <sample shape="SHARP" interline="21" pitch="1.3" left="656" top="2909" id="565">
        <run-table orientation="VERTICAL" width="22" height="61">
            <runs>0 23 2 16 2 1 2</runs>
            <runs>0 16 11 10 10</runs>
            <runs>0 16 11 10 10</runs>
            <runs>0 16 10 11 10</runs>
            <runs>0 16 11 6 21 1 2</runs>
            <runs>0 6 55</runs>
            <runs>0 2 59</runs>
            <runs>0 2 59</runs>
            <runs>0 3 2 4 2 3 14 6 17</runs>
            <runs>0 15 9 11 10</runs>
            <runs>0 15 9 11 10</runs>
            <runs>0 14 10 11 9</runs>
            <runs>0 14 9 11 10 8 2</runs>
            <runs>0 13 12 7 29</runs>
            <runs>0 4 57</runs>
            <runs>61</runs>
            <runs>2 1 58</runs>
            <runs>0 12 12 8 11 2 3</runs>
            <runs>0 12 9 12 10</runs>
            <runs>0 12 8 12 10</runs>
            <runs>0 12 8 12 10</runs>
            <runs>0 33 8</runs>
        </run-table>
    </sample>
    <sample shape="SHARP" interline="21" pitch="-3.2" left="676" top="2863" id="566">
        <run-table orientation="VERTICAL" width="22" height="65">
            <runs>0 20 8 18 2</runs>
            <runs>0 19 10 11 9</runs>
            <runs>0 18 11 10 10</runs>
            <runs>0 18 10 11 10</runs>
            <runs>0 12 53</runs>
            <runs>0 3 62</runs>
            <runs>0 3 50 1 7</runs>
            <runs>0 4 27 5 16 3 1</runs>
            <runs>0 9 2 4 11 11 11</runs>
            <runs>0 16 10 11 10</runs>
            <runs>0 16 10 10 11</runs>
            <runs>0 15 10 11 10</runs>
            <runs>0 14 11 10 15 1 7</runs>
            <runs>0 2 6 3 48</runs>
            <runs>0 1 58</runs>
            <runs>58</runs>
            <runs>0 1 25 9 15 5 2</runs>
            <runs>0 2 6 1 16 10 10</runs>
            <runs>0 13 11 10 11</runs>
            <runs>0 13 11 10 11</runs>
            <runs>0 13 11 11 10</runs>
            <runs>0 14 10</runs>
        </run-table>
    </sample>
    <sample shape="SHARP" interline="21" pitch="-4.1" left="637" top="3133" id="617">
        <run-table orientation="VERTICAL" width="22" height="61">
            <runs>0 19 8 13 8</runs>
            <runs>0 18 9 12 9</runs>
            <runs>0 17 10 12 9</runs>
            <runs>0 17 11 10 16</runs>
            <runs>0 4 2 4 3 2 46</runs>
            <runs>0 3 57</runs>
            <runs>0 2 57</runs>
            <runs>0 3 31 1 21</runs>
            <runs>0 4 22 10 11</runs>
            <runs>0 15 10 11 11</runs>
            <runs>0 15 10 11 10</runs>
            <runs>0 15 9 11 10</runs>
            <runs>0 14 10 11 23</runs>
            <runs>0 5 2 2 2 2 45</runs>
            <runs>57</runs>
            <runs>46</runs>
            <runs>28 1 15</runs>
            <runs>0 1 22 11 9</runs>
            <runs>0 3 3 4 1 1 10 7 13</runs>
            <runs>0 12 9 8 13</runs>
            <runs>0 12 8 15 5</runs>
            <runs>0 13 6</runs>
        </run-table>
    </sample>
    <sample shape="SHARP" interline="21" pitch="-0.7" left="657" top="3162" id="618">
        <run-table orientation="VERTICAL" width="22" height="66">
            <runs>0 28 2 16 6</runs>
            <runs>0 21 10 11 11</runs>
            <runs>0 21 10 11 11</runs>
            <runs>0 21 10 10 12</runs>
            <runs>0 21 11 7 21</runs>
            <runs>0 20 46</runs>
            <runs>0 7 59</runs>
            <runs>0 7 59</runs>
            <runs>0 7 30 2 18 3 2</runs>
            <runs>0 20 10 10 12</runs>
            <runs>0 20 9 11 10</runs>
            <runs>0 19 10 10 11</runs>
            <runs>0 19 9 11 11</runs>
            <runs>0 18 10 10 28</runs>
            <runs>0 17 15 1 33</runs>
            <runs>0 5 61</runs>
            <runs>66</runs>
            <runs>0 5 52</runs>
            <runs>0 6 1 10 10 11 10</runs>
            <runs>0 17 9 12 9</runs>
            <runs>0 16 10 11 10</runs>
            <runs>0 17 8 13 8</runs>
        </run-table>
    </sample>
    <sample shape="SHARP" interline="21" pitch="-5.3" left="679" top="3123" id="619">
        <run-table orientation="VERTICAL" width="23" height="58">
            <runs>0 16 8</runs>
            <runs>0 15 9 12 9</runs>
            <runs>0 14 10 12 9</runs>
            <runs>0 14 10 11 10</runs>
            <runs>0 13 12 2 2 1 16 6 6</runs>
            <runs>58</runs>
            <runs>57</runs>
            <runs>46 4 3</runs>
            <runs>45</runs>
            <runs>0 12 10 11 10</runs>
            <runs>0 12 10 11 10</runs>
            <runs>0 12 9 11 11</runs>
            <runs>0 11 10 11 11</runs>
            <runs>0 5 2 2 13 9 24</runs>
            <runs>55</runs>
            <runs>54</runs>
            <runs>53</runs>
            <runs>43</runs>
            <runs>0 2 2 2 13 12 12</runs>
            <runs>0 9 10 11 13</runs>
            <runs>0 9 9 12 13</runs>
            <runs>0 9 8 14 12</runs>
            <runs>0 9 4</runs>
        </run-table>
    </sample>
    <sample shape="SHARP" interline="21" pitch="-2.1" left="645" top="3380" id="623">
        <run-table orientation="VERTICAL" width="22" height="62">
            <runs>0 19 7 15 8</runs>
            <runs>0 18 9 13 9</runs>
            <runs>0 18 9 13 9</runs>
            <runs>0 18 10 11 14</runs>
            <runs>0 4 9 1 2 1 11 10 23</runs>
            <runs>0 3 59</runs>
            <runs>0 2 59</runs>
            <runs>0 2 52 2 4</runs>
            <runs>0 3 4 9 10 11 12</runs>
            <runs>0 16 10 11 10</runs>
            <runs>0 15 10 11 10</runs>
            <runs>0 15 10 11 10</runs>
            <runs>0 14 10 11 11 10 1</runs>
            <runs>0 3 21 5 29</runs>
            <runs>59</runs>
            <runs>49 7 2</runs>
            <runs>26 3 15</runs>
            <runs>0 1 1 1 20 11 9</runs>
            <runs>0 13 9 12 9</runs>
            <runs>0 13 9 12 8</runs>
            <runs>0 14 5 19 2</runs>
            <runs>0 15 3</runs>
        </run-table>
    </sample>
    <sample shape="SHARP" interline="21" pitch="1.5" left="664" top="3413" id="625">
        <run-table orientation="VERTICAL" width="21" height="62">
            <runs>0 42 1</runs>
            <runs>0 17 10 11 10</runs>
            <runs>0 17 10 11 11</runs>
            <runs>0 17 10 11 11</runs>
            <runs>0 17 10 10 12</runs>
            <runs>0 5 3 2 3 1 19 1 19 1 8</runs>
            <runs>0 3 59</runs>
            <runs>0 3 7 1 51</runs>
            <runs>0 16 11 2 2 3 28</runs>
            <runs>0 16 10 10 12 2 1</runs>
            <runs>0 16 9 12 10</runs>
            <runs>0 15 9 12 11</runs>
            <runs>0 15 9 12 10</runs>
            <runs>0 14 10 11 16</runs>
            <runs>0 1 61</runs>
            <runs>62</runs>
            <runs>0 1 5 3 53</runs>
            <runs>0 13 11 5 2 1 30</runs>
            <runs>0 13 10 11 10</runs>
            <runs>0 13 9 12 10</runs>
            <runs>0 34 9</runs>
        </run-table>
    </sample>
    <sample shape="SHARP" interline="21" pitch="-3.0" left="683" top="3369" id="626">
        <run-table orientation="VERTICAL" width="22" height="64">
            <runs>0 23 3</runs>
            <runs>0 18 10 16 3</runs>
            <runs>0 18 9 13 8</runs>
            <runs>0 17 10 12 9</runs>
            <runs>0 4 2 10 11 11 10</runs>
            <runs>0 3 61</runs>
            <runs>0 3 61</runs>
            <runs>0 3 57</runs>
            <runs>0 11 1 2 16 5 14</runs>
            <runs>0 16 9 12 10</runs>
            <runs>0 16 9 11 10</runs>
            <runs>0 15 10 11 10</runs>
            <runs>0 15 9 11 11</runs>
            <runs>0 2 3 4 3 1 12 10 12 2 9</runs>
            <runs>59</runs>
            <runs>59</runs>
            <runs>58</runs>
            <runs>7 1 18 4 16 2 3</runs>
            <runs>0 12 11 11 10</runs>
            <runs>0 13 10 11 9</runs>
            <runs>0 13 9 12 9</runs>
            <runs>0 13 9 13 8</runs>
        </run-table>
    </sample>
    <sample shape="SHARP" interline="21" pitch="-4.2" left="647" top="3667" id="676">
        <run-table orientation="VERTICAL" width="22" height="60">
            <runs>0 19 7 14 6</runs>
            <runs>0 18 8 13 8</runs>
            <runs>0 17 9 13 8</runs>
            <runs>0 17 9 12 9</runs>
            <runs>0 3 1 3 4 1 48</runs>
            <runs>0 2 58</runs>
            <runs>0 2 53 1 4</runs>
            <runs>0 2 31 3 12</runs>
            <runs>0 15 10 1 2 9 9</runs>
            <runs>0 15 9 12 9</runs>
            <runs>0 15 8 13 9</runs>
            <runs>0 15 8 12 9</runs>
            <runs>0 14 9 12 10 9 2</runs>
            <runs>0 1 4 1 3 1 1 1 45</runs>
            <runs>57</runs>
            <runs>43 4 9</runs>
            <runs>25 9 8</runs>
            <runs>0 13 8 13 7</runs>
            <runs>0 12 8 13 8</runs>
            <runs>0 12 8 13 6</runs>
            <runs>0 12 7</runs>
            <runs>0 14 1 2 1</runs>
        </run-table>
    </sample>
    <sample shape="SHARP" interline="21" pitch="-0.8" left="668" top="3700" id="677">
        <run-table orientation="VERTICAL" width="22" height="61">
            <runs>0 17 8 12 9</runs>
            <runs>0 17 8 12 9</runs>
            <runs>0 16 9 12 9</runs>
            <runs>0 16 9 12 10 2 2</runs>
            <runs>0 5 5 2 3 1 10 1 2 1 1 1 29</runs>
            <runs>0 1 60</runs>
            <runs>0 1 60</runs>
            <runs>0 13 12 6 26</runs>
            <runs>0 14 10 10 12</runs>
            <runs>0 15 8 12 10</runs>
            <runs>0 14 9 12 9</runs>
            <runs>0 14 8 12 10</runs>
            <runs>0 13 9 12 10 7 1 2 1</runs>
            <runs>0 8 1 2 46</runs>
            <runs>57</runs>
            <runs>57</runs>
            <runs>6 3 46</runs>
            <runs>0 11 10 12 10</runs>
            <runs>0 12 8 13 8</runs>
            <runs>0 12 8 12 9</runs>
            <runs>0 12 8 12 9</runs>
            <runs>0 12 4</runs>
        </run-table>
    </sample>
    <sample shape="SHARP" interline="21" pitch="-5.1" left="687" top="3656" id="678">
        <run-table orientation="VERTICAL" width="22" height="59">
            <runs>0 18 6</runs>
            <runs>0 17 8 18 3</runs>
            <runs>0 17 8 13 8</runs>
            <runs>0 16 9 13 8</runs>
            <runs>0 16 10 7 1 3 9</runs>
            <runs>0 2 57</runs>
            <runs>0 2 57</runs>
            <runs>0 2 57</runs>
            <runs>0 3 5 3 41</runs>
            <runs>0 15 9 11 11</runs>
            <runs>0 14 9 12 9</runs>
            <runs>0 13 10 11 10</runs>
            <runs>0 13 9 12 10</runs>
            <runs>0 13 9 11 22</runs>
            <runs>56</runs>
            <runs>56</runs>
            <runs>56</runs>
            <runs>48 4 3</runs>
            <runs>0 11 10 12 9</runs>
            <runs>0 11 8 13 10</runs>
            <runs>0 11 8 13 10</runs>
            <runs>0 11 8 14 9</runs>
        </run-table>
    </sample>
    <sample shape="SHARP" interline="21" pitch="-2.0" left="652" top="3915" id="682">
        <run-table orientation="VERTICAL" width="22" height="62">
            <runs>0 21 7 13 8</runs>
            <runs>0 18 10 13 8</runs>
            <runs>0 19 9 12 9</runs>
            <runs>0 18 10 12 9</runs>
            <runs>0 4 2 11 45</runs>
            <runs>0 3 59</runs>
            <runs>0 3 59</runs>
            <runs>0 4 23 10 21</runs>
            <runs>0 17 9 11 11</runs>
            <runs>0 16 9 12 10</runs>
            <runs>0 16 9 12 10</runs>
            <runs>0 15 10 12 10</runs>
            <runs>0 15 10 11 23</runs>
            <runs>0 2 4 2 19 2 30</runs>
            <runs>59</runs>
            <runs>58</runs>
            <runs>0 1 23 5 16</runs>
            <runs>0 2 1 1 1 4 14 12 9</runs>
            <runs>0 9 13 13 9</runs>
            <runs>0 9 12 9 13</runs>
            <runs>0 14 6 15 4 1 2</runs>
            <runs>0 17 1</runs>
        </run-table>
    </sample>
    <sample shape="SHARP" interline="21" pitch="1.3" left="672" top="3944" id="683">
        <run-table orientation="VERTICAL" width="23" height="67">
            <runs>0 47 3</runs>
            <runs>0 27 4 12 9</runs>
            <runs>0 22 10 10 11</runs>
            <runs>0 22 10 11 10</runs>
            <runs>0 22 10 11 10 5 2</runs>
            <runs>0 19 48</runs>
            <runs>0 8 59</runs>
            <runs>0 7 60</runs>
            <runs>0 13 2 4 12 6 21</runs>
            <runs>0 21 9 11 10</runs>
            <runs>0 21 8 12 10</runs>
            <runs>0 20 9 12 9</runs>
            <runs>0 19 9 12 10</runs>
            <runs>0 19 9 11 12 3 2 3 3</runs>
            <runs>0 18 12 7 29</runs>
            <runs>66</runs>
            <runs>0 5 61</runs>
            <runs>0 6 6 4 35</runs>
            <runs>0 17 10 12 9</runs>
            <runs>0 17 9 12 10</runs>
            <runs>0 17 9 12 9</runs>
            <runs>0 18 3 18 3</runs>
            <runs>0 19 2 19 2</runs>
        </run-table>
    </sample>
    <sample shape="SHARP" interline="21" pitch="-3.1" left="694" top="3904" id="684">
        <run-table orientation="VERTICAL" width="22" height="65">
            <runs>0 18 9 17 3</runs>
            <runs>0 18 9 12 8</runs>
            <runs>0 17 10 12 9</runs>
            <runs>0 17 10 11 13 4 2</runs>
            <runs>0 4 5 1 55</runs>
            <runs>0 2 63</runs>
            <runs>0 2 63</runs>
            <runs>0 3 26 5 18</runs>
            <runs>0 15 11 10 11</runs>
            <runs>0 15 9 11 11</runs>
            <runs>0 15 9 11 10</runs>
            <runs>0 14 10 11 10</runs>
            <runs>0 14 10 10 24</runs>
            <runs>0 1 58</runs>
            <runs>59</runs>
            <runs>58</runs>
            <runs>0 1 45</runs>
            <runs>0 3 1 1 5 2 11 11 10</runs>
            <runs>0 12 11 10 11</runs>
            <runs>0 12 11 10 11</runs>
            <runs>0 13 10 11 10</runs>
            <runs>0 14 9</runs>
        </run-table>
    </sample>
</samples>
