<?xml version="1.0" encoding="UTF-8" standalone="yes"?>
<samples id="40">
    <sample shape="FLAG_2" interline="19" left="873" top="1069" id="3452">
        <run-table orientation="VERTICAL" width="16" height="63">
            <runs>13 1 15</runs>
            <runs>0 4 12 4 10</runs>
            <runs>0 6 10 6 9</runs>
            <runs>0 7 9 8 8</runs>
            <runs>0 9 8 8 10</runs>
            <runs>0 11 7 9 8</runs>
            <runs>0 12 7 9 7</runs>
            <runs>0 14 7 9 7</runs>
            <runs>0 14 8 9 7</runs>
            <runs>0 17 7 8 8 20 2</runs>
            <runs>0 19 7 7 8 16 6</runs>
            <runs>0 20 9 4 10 12 8</runs>
            <runs>0 22 40</runs>
            <runs>0 24 35</runs>
            <runs>0 28 7 8 13</runs>
            <runs>0 47 2</runs>
        </run-table>
    </sample>
    <sample shape="FLAG_2_UP" interline="19" left="809" top="2298" id="3449">
        <run-table orientation="VERTICAL" width="20" height="52">
            <runs>0 23 12 6 11</runs>
            <runs>0 23 9 8 9</runs>
            <runs>0 22 9 8 9</runs>
            <runs>0 21 8 10 7</runs>
            <runs>0 21 8 9 7</runs>
            <runs>0 20 9 8 7</runs>
            <runs>0 19 7 11 5</runs>
            <runs>0 18 7 11 5</runs>
            <runs>0 18 6 11 5</runs>
            <runs>0 17 6 11 5</runs>
            <runs>0 16 6 11 5</runs>
            <runs>0 16 5 11 6</runs>
            <runs>0 15 5 11 5</runs>
            <runs>0 13 6 8 8</runs>
            <runs>0 12 6 9 7</runs>
            <runs>0 11 12 1 8</runs>
            <runs>0 1 30</runs>
            <runs>13 4 12</runs>
            <runs>10 12 2</runs>
            <runs>0 3 4</runs>
        </run-table>
    </sample>
</samples>
