<?xml version="1.0" encoding="UTF-8" standalone="yes"?>
<samples sheet-name="IMSLP00119#29">
    <sample shape="G_CLEF" interline="19" pitch="0.2" left="239" top="2398" id="349">
        <run-table orientation="VERTICAL" width="55" height="147">
            <runs>0 75 25</runs>
            <runs>0 75 25</runs>
            <runs>0 73 27</runs>
            <runs>0 70 31</runs>
            <runs>0 69 35</runs>
            <runs>0 67 39</runs>
            <runs>0 65 42 20 11</runs>
            <runs>0 64 44 18 14</runs>
            <runs>0 63 23 8 15 16 16</runs>
            <runs>0 62 21 12 15 13 19</runs>
            <runs>0 57 25 20 9 12 20</runs>
            <runs>0 57 23 23 8 11 22</runs>
            <runs>0 57 23 24 8 10 23</runs>
            <runs>0 57 23 26 12 3 24</runs>
            <runs>0 57 23 26 12 3 25</runs>
            <runs>0 56 18 13 12 8 11 3 25</runs>
            <runs>0 55 18 13 13 9 10 3 25</runs>
            <runs>0 54 17 12 17 9 9 3 26</runs>
            <runs>0 53 17 11 20 8 9 4 18 1 6</runs>
            <runs>0 53 16 6 27 8 8 4 18 2 5</runs>
            <runs>0 52 16 7 28 7 8 4 18 2 5</runs>
            <runs>0 51 16 8 29 18 18 2 5</runs>
            <runs>0 50 17 8 17 2 11 18 16 4 4</runs>
            <runs>0 49 17 10 14 11 5 17 15 5 4</runs>
            <runs>0 25 3 20 17 10 14 12 6 17 14 5 4</runs>
            <runs>0 18 25 4 17 11 13 14 5 18 11 7 4</runs>
            <runs>0 14 49 12 13 15 5 20 7 7 5</runs>
            <runs>0 12 51 11 13 16 5 34 5</runs>
            <runs>0 10 54 10 12 18 4 34 4</runs>
            <runs>0 9 60 4 13 18 3 34 5</runs>
            <runs>0 8 20 9 50 53 6</runs>
            <runs>0 7 20 10 55 47 7</runs>
            <runs>0 5 21 12 67 33 7</runs>
            <runs>0 4 19 15 27 7 46 18 8</runs>
            <runs>0 3 18 17 23 12 50 11 10</runs>
            <runs>0 3 17 18 23 12 19 3 47</runs>
            <runs>0 2 17 19 23 12 13 9 46</runs>
            <runs>0 1 16 20 18 18 13 22 32</runs>
            <runs>0 1 15 20 18 19 13 25 26</runs>
            <runs>15 20 18 21 13 24 8</runs>
            <runs>15 18 19 22 13 23 8</runs>
            <runs>0 1 15 14 21 23 13 23 8</runs>
            <runs>0 1 19 7 22 25 14 20 10</runs>
            <runs>0 4 44 27 14 19 10</runs>
            <runs>0 7 39 29 14 18 6</runs>
            <runs>0 9 36 31 15 14 8</runs>
            <runs>0 14 29 33 16 11 9</runs>
            <runs>0 19 24 33 18 8 9</runs>
            <runs>0 76 34</runs>
            <runs>0 76 33</runs>
            <runs>0 76 32</runs>
            <runs>0 76 30</runs>
            <runs>0 83 22</runs>
            <runs>0 84 19</runs>
            <runs>0 89 11</runs>
        </run-table>
    </sample>
</samples>
