<?xml version="1.0" encoding="UTF-8" standalone="yes"?>
<samples sheet-name="IMSLP00693#36">
    <sample shape="G_CLEF" interline="13" pitch="0.5" left="336" top="2476" id="595">
        <run-table orientation="VERTICAL" width="40" height="102">
            <runs>0 59 3</runs>
            <runs>0 49 16</runs>
            <runs>0 48 21</runs>
            <runs>0 48 22</runs>
            <runs>0 47 24 18 5</runs>
            <runs>0 45 28 13 11</runs>
            <runs>0 43 31 11 14</runs>
            <runs>0 41 38 5 16</runs>
            <runs>0 41 16 11 7 9 17</runs>
            <runs>0 40 14 17 4 9 17</runs>
            <runs>0 36 17 19 3 8 18</runs>
            <runs>0 36 16 21 2 8 18</runs>
            <runs>0 36 16 21 2 8 14 1 4</runs>
            <runs>0 36 16 7 7 8 1 8 14 1 4</runs>
            <runs>0 35 12 9 11 17 13 1 4</runs>
            <runs>0 35 12 9 12 16 13 1 4</runs>
            <runs>0 33 14 7 17 14 11 2 4</runs>
            <runs>0 33 12 8 18 17 5 5 4</runs>
            <runs>0 14 13 5 12 5 13 6 4 17 3 6 4</runs>
            <runs>0 12 32 6 11 8 3 26 4</runs>
            <runs>0 10 33 7 9 39 3</runs>
            <runs>0 6 38 6 9 38 4</runs>
            <runs>0 5 42 2 9 38 5</runs>
            <runs>0 3 17 8 30 38 5</runs>
            <runs>0 3 14 10 38 29 7</runs>
            <runs>0 2 14 7 17 2 5 2 32 11 8</runs>
            <runs>0 1 11 11 16 10 11 2 36</runs>
            <runs>0 1 11 11 13 13 9 11 28</runs>
            <runs>11 10 15 13 9 13 1 2 21</runs>
            <runs>10 10 14 16 9 15 20</runs>
            <runs>0 1 8 10 13 18 9 15 18</runs>
            <runs>0 1 9 7 15 18 10 13 7</runs>
            <runs>0 2 28 20 11 12 7</runs>
            <runs>0 5 22 23 15 6 9</runs>
            <runs>0 11 10 29 25</runs>
            <runs>0 54 20</runs>
            <runs>0 55 19</runs>
            <runs>0 56 16</runs>
            <runs>0 58 12</runs>
            <runs>0 60 4</runs>
        </run-table>
    </sample>
    <sample shape="C_CLEF" interline="13" pitch="-2.1" left="331" top="1159" id="500">
        <run-table orientation="VERTICAL" width="40" height="61">
            <runs>0 22 3 2 1 7 3 2 20</runs>
            <runs>0 1 59</runs>
            <runs>0 1 60</runs>
            <runs>0 1 60</runs>
            <runs>61</runs>
            <runs>61</runs>
            <runs>61</runs>
            <runs>61</runs>
            <runs>0 1 60</runs>
            <runs>0 2 2</runs>
            <runs>0 37 1 14 9</runs>
            <runs>0 1 60</runs>
            <runs>0 1 60</runs>
            <runs>0 1 60</runs>
            <runs>0 1 10 4 1 12 6 19 1</runs>
            <runs>0 28 7 16 3</runs>
            <runs>0 7 4 15 9 13 7</runs>
            <runs>0 4 9 13 11 11 8</runs>
            <runs>0 3 11 8 20 1 18</runs>
            <runs>0 3 12 2 44</runs>
            <runs>0 3 12 2 44</runs>
            <runs>0 1 14 2 11 2 11 6 14</runs>
            <runs>0 1 14 6 6 7 5 8 9</runs>
            <runs>0 1 3 2 9 7 4 8 4 9 9</runs>
            <runs>0 1 3 2 8 9 4 7 3 11 7</runs>
            <runs>4 3 6 12 2 7 3 13 4</runs>
            <runs>4 3 6 11 4 1 8 14 1</runs>
            <runs>4 4 1 16 3 1 7</runs>
            <runs>4 21 3 1 7</runs>
            <runs>5 20 3 1 8</runs>
            <runs>0 1 6 16 5 1 11 11 10</runs>
            <runs>0 1 26 7 27</runs>
            <runs>0 2 25 7 27</runs>
            <runs>0 2 25 7 27</runs>
            <runs>0 3 23 8 27</runs>
            <runs>0 3 23 9 26</runs>
            <runs>0 4 22 9 20</runs>
            <runs>0 5 19 13 17</runs>
            <runs>0 6 16 17 13</runs>
            <runs>0 10 9</runs>
        </run-table>
    </sample>
    <sample shape="C_CLEF" interline="13" pitch="-2.1" left="333" top="1781" id="513">
        <run-table orientation="VERTICAL" width="39" height="60">
            <runs>0 1 21 3 1 10 3 3 18</runs>
            <runs>0 1 59</runs>
            <runs>0 1 59</runs>
            <runs>0 1 59</runs>
            <runs>0 1 59</runs>
            <runs>0 1 59</runs>
            <runs>0 1 59</runs>
            <runs>0 1 59</runs>
            <runs>0 1 59</runs>
            <runs>0 2 1 2 2 14 15 2 2 8 3</runs>
            <runs>0 1 59</runs>
            <runs>0 1 59</runs>
            <runs>0 1 59</runs>
            <runs>0 1 59</runs>
            <runs>0 2 5 1 2 11 19 3 13</runs>
            <runs>0 7 4 17 6 17 1</runs>
            <runs>0 6 6 15 8 14 11</runs>
            <runs>0 5 9 12 12 10 12</runs>
            <runs>0 4 11 9 16 8 12</runs>
            <runs>0 3 12 1 29 2 13</runs>
            <runs>0 2 13 1 29 1 14</runs>
            <runs>0 2 13 5 25 2 13</runs>
            <runs>0 2 13 6 7 6 6 7 13</runs>
            <runs>0 1 4 1 13 3 5 7 5 9 8</runs>
            <runs>0 1 4 1 8 10 3 7 4 10 7</runs>
            <runs>0 1 4 2 6 11 4 1 8 12 6</runs>
            <runs>0 1 3 3 5 12 4 1 8</runs>
            <runs>0 1 3 4 2 14 4 1 8</runs>
            <runs>6 18 4 1 8</runs>
            <runs>0 1 5 18 4 1 9 16 2</runs>
            <runs>0 1 7 13 7 1 10 10 11</runs>
            <runs>0 2 26 1 31</runs>
            <runs>0 2 26 1 31</runs>
            <runs>0 2 25 7 26</runs>
            <runs>0 3 24 7 26</runs>
            <runs>0 4 22 9 25</runs>
            <runs>0 4 21 11 20</runs>
            <runs>0 6 19 13 15</runs>
            <runs>0 8 15 17 9</runs>
        </run-table>
    </sample>
    <sample shape="F_CLEF" interline="13" pitch="-1.6" left="334" top="2100" id="575">
        <run-table orientation="VERTICAL" width="42" height="46">
            <runs>0 7 13</runs>
            <runs>0 6 15</runs>
            <runs>0 6 16</runs>
            <runs>0 5 18</runs>
            <runs>23</runs>
            <runs>23</runs>
            <runs>24</runs>
            <runs>7 1 16</runs>
            <runs>0 4 2 2 16</runs>
            <runs>0 4 2 2 16</runs>
            <runs>0 4 1 4 14</runs>
            <runs>0 4 1 4 14</runs>
            <runs>0 10 12</runs>
            <runs>0 12 9</runs>
            <runs>0 13 7 19 7</runs>
            <runs>0 38 7</runs>
            <runs>0 38 7</runs>
            <runs>0 36 8</runs>
            <runs>0 33 11</runs>
            <runs>7 25 12</runs>
            <runs>7 21 16</runs>
            <runs>10 17 14</runs>
            <runs>18 2 20</runs>
            <runs>39</runs>
            <runs>38</runs>
            <runs>37</runs>
            <runs>36</runs>
            <runs>0 6 29</runs>
            <runs>0 7 26</runs>
            <runs>0 8 24</runs>
            <runs>0 9 22</runs>
            <runs>0 10 1 1 14</runs>
            <runs>0 15 10</runs>
            <runs></runs>
            <runs>0 7 5 10 3</runs>
            <runs>0 6 7 8 5</runs>
            <runs>0 5 8 6 8</runs>
            <runs>0 5 8 6 8</runs>
            <runs>0 5 8 6 8</runs>
            <runs>0 6 7 6 8</runs>
            <runs>0 6 7 7 7</runs>
            <runs>0 8 2 11 5</runs>
        </run-table>
    </sample>
    <sample shape="SHARP" interline="13" pitch="-3.3" left="382" top="2650" id="718">
        <run-table orientation="VERTICAL" width="15" height="45">
            <runs>0 15 7 10 3</runs>
            <runs>0 15 7 10 3</runs>
            <runs>0 15 7 1 2 7 3</runs>
            <runs>0 3 42</runs>
            <runs>0 3 42</runs>
            <runs>0 2 43</runs>
            <runs>0 12 8 6 7</runs>
            <runs>0 12 8 6 7</runs>
            <runs>0 11 8 5 17</runs>
            <runs>0 1 40</runs>
            <runs>41</runs>
            <runs>41</runs>
            <runs>32</runs>
            <runs>7 3 8 6 7</runs>
            <runs>0 10 9 5 7</runs>
        </run-table>
    </sample>
</samples>
