<?xml version="1.0" encoding="UTF-8"?>
<stick id="1100" interline="21" shape="BEAM">
    <is-within-system>true</is-within-system>
    <has-ledger>false</has-ledger>
    <stem-number>2</stem-number>
    <step-line>-4.0</step-line>
    <moments>
        <k>1.469387755102041</k>
        <k>2.380952380952381</k>
        <k>0.7142857142857143</k>
        <k>0.32283675422107116</k>
        <k>-0.008969863305616355</k>
        <k>0.021859611415001628</k>
        <k>0.0017100921505367604</k>
        <k>-0.0010730198994334853</k>
        <k>-8.956807770040878E-5</k>
        <k>7.5402463762427104E-6</k>
        <k>0.3446963656360728</k>
        <k>0.09090907428259093</k>
        <k>1.4326582330886448E-5</k>
        <k>3.761345161721099E-6</k>
        <k>2.0681697296260424E-11</k>
        <k>5.10662923600987E-7</k>
        <k>1.8293402482988154E-11</k>
        <k>1951.4074074074074</k>
        <k>1250.641975308642</k>
    </moments><members>
    <section id="3017" first-pos="1927">
        <run start="1245" length="14" level="126"/>
        <run start="1245" length="13" level="128"/>
        <run start="1245" length="13" level="128"/>
        <run start="1245" length="13" level="128"/>
        <run start="1245" length="13" level="128"/>
        <run start="1245" length="13" level="128"/>
        <run start="1245" length="13" level="128"/>
        <run start="1245" length="13" level="128"/>
        <run start="1245" length="13" level="128"/>
        <run start="1245" length="13" level="128"/>
        <run start="1245" length="13" level="128"/>
        <run start="1245" length="13" level="128"/>
        <run start="1245" length="13" level="128"/>
        <run start="1245" length="13" level="128"/>
        <run start="1245" length="13" level="128"/>
        <run start="1245" length="13" level="128"/>
        <run start="1245" length="13" level="128"/>
        <run start="1245" length="13" level="128"/>
        <run start="1245" length="13" level="128"/>
        <run start="1245" length="13" level="128"/>
        <run start="1245" length="13" level="128"/>
        <run start="1245" length="13" level="128"/>
        <run start="1245" length="13" level="128"/>
        <run start="1245" length="13" level="128"/>
        <run start="1245" length="13" level="128"/>
        <run start="1245" length="13" level="128"/>
        <run start="1245" length="13" level="122"/>
        <run start="1244" length="14" level="126"/>
        <run start="1244" length="13" level="128"/>
        <run start="1244" length="13" level="135"/>
        <run start="1245" length="12" level="138"/>
        <run start="1245" length="13" level="139"/>
        <run start="1245" length="13" level="136"/>
        <run start="1245" length="12" level="138"/>
        <run start="1245" length="12" level="132"/>
        <run start="1244" length="13" level="128"/>
        <run start="1244" length="13" level="128"/>
        <run start="1244" length="13" level="128"/>
        <run start="1244" length="13" level="135"/>
        <run start="1245" length="12" level="132"/>
        <run start="1244" length="13" level="128"/>
        <run start="1244" length="13" level="128"/>
        <run start="1244" length="13" level="128"/>
        <run start="1244" length="13" level="128"/>
        <run start="1244" length="13" level="128"/>
        <run start="1244" length="13" level="128"/>
        <run start="1244" length="13" level="128"/>
        <run start="1244" length="13" level="128"/>
        <run start="1244" length="13" level="128"/>
        <run start="1244" length="13" level="128"/>
    </section>
</members></stick>
