<?xml version="1.0" encoding="UTF-8"?>
<stick id="1053" interline="21" shape="COMBINING_FLAG_1">
    <is-within-system>true</is-within-system>
    <has-ledger>false</has-ledger>
    <stem-number>1</stem-number>
    <step-line>-2.3255813953488373</step-line>
    <moments>
        <k>0.6054421768707483</k>
        <k>1.0</k>
        <k>2.2857142857142856</k>
        <k>0.14825563908431336</k>
        <k>0.23130042545080637</k>
        <k>0.48039285993295255</k>
        <k>-0.016573284558689692</k>
        <k>-0.008160600400663399</k>
        <k>0.03714046475754401</k>
        <k>0.19697428926935864</k>
        <k>0.6286484990172659</k>
        <k>0.3243146807279539</k>
        <k>0.06542543781598745</k>
        <k>0.03607361800553659</k>
        <k>0.0017180654796219708</k>
        <k>0.015293293286054822</k>
        <k>-3.4569505250661313E-4</k>
        <k>1292.003745318352</k>
        <k>1021.8239700374531</k>
    </moments><members>
    <section id="2056" first-pos="1281">
        <run start="1001" length="14" level="75"/>
        <run start="1003" length="13" level="74"/>
        <run start="1006" length="10" level="35"/>
        <run start="1007" length="10" level="16"/>
        <run start="1007" length="10" level="15"/>
        <run start="1008" length="10" level="27"/>
        <run start="1009" length="10" level="27"/>
        <run start="1009" length="10" level="27"/>
        <run start="1010" length="10" level="27"/>
        <run start="1011" length="10" level="27"/>
        <run start="1012" length="10" level="27"/>
        <run start="1013" length="10" level="27"/>
    </section>
    <section id="2073" first-pos="1293">
        <run start="1015" length="12" level="66"/>
        <run start="1016" length="11" level="49"/>
        <run start="1017" length="10" level="52"/>
        <run start="1019" length="11" level="79"/>
        <run start="1020" length="12" level="73"/>
        <run start="1022" length="15" level="59"/>
    </section>
    <section id="2069" first-pos="1291">
        <run start="1024" length="1" level="127"/>
        <run start="1024" length="3" level="174"/>
    </section>
    <section id="2079" first-pos="1299">
        <run start="1024" length="25" level="54"/>
        <run start="1025" length="24" level="51"/>
    </section>
    <section id="2077" first-pos="1298">
        <run start="1038" length="11" level="91"/>
    </section>
    <section id="2081" first-pos="1301">
        <run start="1036" length="5" level="51"/>
    </section>
</members></stick>
