<?xml version="1.0" encoding="UTF-8"?>
<stick id="484" interline="22" shape="FORTE">
    <is-within-system>true</is-within-system>
    <has-ledger>false</has-ledger>
    <stem-number>0</stem-number>
    <step-line>9.793103448275861</step-line>
    <moments>
        <k>0.9979338842975206</k>
        <k>1.7727272727272727</k>
        <k>2.0454545454545454</k>
        <k>0.17942756062427248</k>
        <k>-0.2278851349103263</k>
        <k>0.3706321414910889</k>
        <k>-8.896987548284221E-4</k>
        <k>3.069995539183525E-4</k>
        <k>-0.0026555990520391293</k>
        <k>0.006345361592037834</k>
        <k>0.5500597021153614</k>
        <k>0.24428573059684544</k>
        <k>7.950903498095277E-5</k>
        <k>5.682304535560737E-5</k>
        <k>3.2519119879610322E-9</k>
        <k>2.755659387334431E-5</k>
        <k>-2.003216184307511E-9</k>
        <k>746.8095238095239</k>
        <k>1741.1076604554864</k>
    </moments><members>
    <section id="1292" first-pos="728">
        <run start="1756" length="6" level="177"/>
        <run start="1754" length="9" level="83"/>
        <run start="1754" length="9" level="29"/>
        <run start="1754" length="10" level="42"/>
        <run start="1754" length="10" level="36"/>
        <run start="1754" length="10" level="70"/>
    </section>
    <section id="1302" first-pos="734">
        <run start="1755" length="5" level="108"/>
        <run start="1756" length="2" level="175"/>
    </section>
    <section id="1303" first-pos="734">
        <run start="1761" length="3" level="86"/>
        <run start="1760" length="4" level="104"/>
        <run start="1759" length="5" level="84"/>
        <run start="1758" length="6" level="70"/>
        <run start="1756" length="8" level="85"/>
        <run start="1753" length="10" level="85"/>
        <run start="1750" length="12" level="71"/>
        <run start="1747" length="14" level="61"/>
        <run start="1743" length="17" level="61"/>
        <run start="1740" length="19" level="46"/>
        <run start="1738" length="20" level="40"/>
    </section>
    <section id="1344" first-pos="745">
        <run start="1733" length="23" level="46"/>
        <run start="1733" length="22" level="21"/>
        <run start="1731" length="22" level="36"/>
        <run start="1729" length="22" level="37"/>
        <run start="1727" length="22" level="41"/>
        <run start="1726" length="20" level="40"/>
        <run start="1725" length="17" level="31"/>
        <run start="1723" length="18" level="53"/>
        <run start="1722" length="15" level="41"/>
        <run start="1721" length="14" level="60"/>
    </section>
    <section id="1321" first-pos="739">
        <run start="1733" length="2" level="215"/>
        <run start="1733" length="2" level="128"/>
        <run start="1733" length="2" level="128"/>
        <run start="1733" length="2" level="128"/>
        <run start="1733" length="2" level="128"/>
        <run start="1733" length="2" level="128"/>
    </section>
    <section id="1356" first-pos="755">
        <run start="1721" length="8" level="62"/>
        <run start="1720" length="6" level="86"/>
        <run start="1720" length="5" level="67"/>
        <run start="1719" length="5" level="103"/>
        <run start="1719" length="4" level="83"/>
    </section>
    <section id="1362" first-pos="760">
        <run start="1719" length="9" level="128"/>
        <run start="1719" length="9" level="29"/>
        <run start="1719" length="9" level="29"/>
        <run start="1719" length="9" level="37"/>
        <run start="1720" length="8" level="42"/>
        <run start="1721" length="7" level="70"/>
        <run start="1722" length="4" level="122"/>
    </section>
    <section id="1361" first-pos="759">
        <run start="1724" length="2" level="217"/>
    </section>
    <section id="1357" first-pos="755">
        <run start="1733" length="2" level="129"/>
        <run start="1733" length="2" level="129"/>
        <run start="1733" length="2" level="129"/>
        <run start="1733" length="2" level="129"/>
        <run start="1733" length="2" level="129"/>
        <run start="1733" length="2" level="169"/>
    </section>
</members></stick>
