<?xml version="1.0" encoding="UTF-8"?>
<stick id="242" interline="22" shape="FORTE">
    <is-within-system>true</is-within-system>
    <has-ledger>false</has-ledger>
    <stem-number>0</stem-number>
    <step-line>11.540229885057471</step-line>
    <moments>
        <k>0.9297520661157025</k>
        <k>1.7727272727272727</k>
        <k>2.0</k>
        <k>0.17772015363511673</k>
        <k>-0.2298231440329219</k>
        <k>0.38041639506172864</k>
        <k>-0.0027562077532818055</k>
        <k>-9.722659172406514E-4</k>
        <k>0.004134297386478357</k>
        <k>-0.007941134022216535</k>
        <k>0.5581365486968454</k>
        <k>0.252360476421184</k>
        <k>2.5504226512274014E-4</k>
        <k>8.134782951783918E-5</k>
        <k>8.242391042327549E-9</k>
        <k>2.7011103158271492E-5</k>
        <k>8.328056091385799E-9</k>
        <k>526.7755555555556</k>
        <k>831.1466666666666</k>
    </moments><members>
    <section id="989" first-pos="508">
        <run start="846" length="3" level="100"/>
        <run start="844" length="7" level="57"/>
        <run start="844" length="8" level="14"/>
        <run start="843" length="10" level="21"/>
        <run start="843" length="10" level="17"/>
        <run start="844" length="9" level="1"/>
        <run start="844" length="9" level="36"/>
    </section>
    <section id="996" first-pos="515">
        <run start="845" length="4" level="159"/>
    </section>
    <section id="997" first-pos="515">
        <run start="850" length="3" level="2"/>
        <run start="849" length="4" level="25"/>
        <run start="849" length="4" level="1"/>
        <run start="846" length="7" level="42"/>
        <run start="844" length="9" level="40"/>
        <run start="841" length="11" level="42"/>
        <run start="837" length="14" level="41"/>
        <run start="834" length="16" level="30"/>
        <run start="831" length="18" level="27"/>
        <run start="828" length="20" level="33"/>
        <run start="825" length="21" level="31"/>
    </section>
    <section id="1015" first-pos="526">
        <run start="822" length="22" level="18"/>
        <run start="821" length="22" level="20"/>
        <run start="819" length="22" level="25"/>
        <run start="818" length="21" level="21"/>
        <run start="816" length="21" level="33"/>
        <run start="815" length="19" level="31"/>
        <run start="813" length="18" level="55"/>
        <run start="812" length="14" level="30"/>
        <run start="811" length="13" level="32"/>
    </section>
    <section id="1001" first-pos="519">
        <run start="823" length="1" level="108"/>
        <run start="823" length="1" level="1"/>
        <run start="823" length="1" level="1"/>
        <run start="823" length="1" level="1"/>
        <run start="823" length="1" level="2"/>
        <run start="823" length="1" level="2"/>
        <run start="823" length="1" level="3"/>
    </section>
    <section id="1031" first-pos="535">
        <run start="810" length="10" level="56"/>
        <run start="810" length="7" level="63"/>
        <run start="810" length="4" level="38"/>
        <run start="809" length="4" level="66"/>
        <run start="809" length="3" level="49"/>
        <run start="809" length="2" level="6"/>
    </section>
    <section id="1061" first-pos="541">
        <run start="809" length="8" level="30"/>
        <run start="809" length="8" level="20"/>
        <run start="810" length="7" level="3"/>
        <run start="810" length="7" level="42"/>
        <run start="811" length="5" level="59"/>
        <run start="812" length="3" level="145"/>
    </section>
    <section id="1050" first-pos="540">
        <run start="812" length="4" level="114"/>
    </section>
    <section id="1032" first-pos="535">
        <run start="822" length="2" level="5"/>
        <run start="822" length="2" level="5"/>
        <run start="822" length="2" level="5"/>
        <run start="822" length="2" level="5"/>
        <run start="822" length="2" level="79"/>
        <run start="823" length="1" level="10"/>
        <run start="823" length="1" level="152"/>
    </section>
</members></stick>
