<?xml version="1.0" encoding="UTF-8"?>
<stick id="1213" interline="22" shape="NATURAL">
    <is-within-system>true</is-within-system>
    <has-ledger>false</has-ledger>
    <stem-number>0</stem-number>
    <step-line>-5.011494252873563</step-line>
    <moments>
        <k>0.7086776859504132</k>
        <k>0.7272727272727273</k>
        <k>2.8636363636363638</k>
        <k>0.07513281278672329</k>
        <k>0.05876257852241036</k>
        <k>0.5307404118794142</k>
        <k>0.0013653803365707962</k>
        <k>0.002624222966430479</k>
        <k>0.022269723910419606</k>
        <k>0.08966617807111428</k>
        <k>0.6058732246661376</k>
        <k>0.22139044688941598</k>
        <k>0.010973067974752511</k>
        <k>0.009076136276436945</k>
        <k>9.030593954506748E-5</k>
        <k>0.004138848970583833</k>
        <k>6.995719274232063E-6</k>
        <k>531.8075801749271</k>
        <k>1580.3236151603498</k>
    </moments><members>
    <section id="1011" first-pos="525">
        <run start="1550" length="47" level="23"/>
    </section>
    <section id="1016" first-pos="526">
        <run start="1554" length="2" level="3"/>
    </section>
    <section id="1017" first-pos="526">
        <run start="1559" length="38" level="30"/>
    </section>
    <section id="1020" first-pos="527">
        <run start="1567" length="9" level="1"/>
        <run start="1567" length="9" level="2"/>
        <run start="1567" length="8" level="2"/>
        <run start="1566" length="9" level="2"/>
        <run start="1566" length="9" level="2"/>
        <run start="1566" length="8" level="2"/>
        <run start="1565" length="9" level="2"/>
        <run start="1565" length="8" level="2"/>
        <run start="1565" length="8" level="2"/>
        <run start="1565" length="8" level="2"/>
        <run start="1564" length="9" level="2"/>
        <run start="1564" length="9" level="2"/>
    </section>
    <section id="1047" first-pos="539">
        <run start="1564" length="24" level="6"/>
    </section>
    <section id="1041" first-pos="538">
        <run start="1584" length="5" level="43"/>
    </section>
    <section id="1021" first-pos="527">
        <run start="1590" length="7" level="86"/>
        <run start="1590" length="7" level="88"/>
        <run start="1589" length="7" level="115"/>
        <run start="1588" length="8" level="125"/>
        <run start="1587" length="9" level="114"/>
        <run start="1587" length="8" level="126"/>
        <run start="1587" length="8" level="126"/>
        <run start="1586" length="9" level="114"/>
        <run start="1586" length="8" level="126"/>
        <run start="1586" length="8" level="126"/>
        <run start="1585" length="9" level="112"/>
    </section>
    <section id="1042" first-pos="538">
        <run start="1590" length="4" level="150"/>
    </section>
    <section id="1048" first-pos="539">
        <run start="1590" length="23" level="48"/>
    </section>
    <section id="1036" first-pos="536">
        <run start="1611" length="2" level="105"/>
        <run start="1611" length="2" level="105"/>
        <run start="1611" length="2" level="105"/>
    </section>
    <section id="1052" first-pos="540">
        <run start="1608" length="1" level="32"/>
    </section>
    <section id="1053" first-pos="540">
        <run start="1611" length="2" level="116"/>
    </section>
</members></stick>
