<?xml version="1.0" encoding="UTF-8"?>
<stick id="2276" interline="22" shape="NOTEHEAD_BLACK_3">
    <is-within-system>true</is-within-system>
    <has-ledger>false</has-ledger>
    <stem-number>2</stem-number>
    <step-line>2.9885057471264367</step-line>
    <moments>
        <k>2.6508264462809916</k>
        <k>1.2272727272727273</k>
        <k>3.0454545454545454</k>
        <k>0.029382502138076135</k>
        <k>0.0015534262985310307</k>
        <k>0.2781473532227575</k>
        <k>2.7896788702317074E-5</k>
        <k>-7.65067170119399E-4</k>
        <k>0.0013412476287591076</k>
        <k>0.005620714285561725</k>
        <k>0.30752985536083366</k>
        <k>0.06189360366824358</k>
        <k>7.862850892359995E-5</k>
        <k>2.5451865345569165E-5</k>
        <k>1.0667932614833266E-9</k>
        <k>5.4401912098140865E-6</k>
        <k>3.979343466911106E-10</k>
        <k>2183.664068589244</k>
        <k>1914.0233826968044</k>
    </moments><members>
    <section id="3402" first-pos="2171">
        <run start="1891" length="7" level="99"/>
        <run start="1890" length="10" level="32"/>
        <run start="1889" length="13" level="25"/>
    </section>
    <section id="3418" first-pos="2174">
        <run start="1887" length="18" level="47"/>
        <run start="1886" length="19" level="40"/>
        <run start="1886" length="19" level="35"/>
        <run start="1885" length="20" level="38"/>
        <run start="1884" length="21" level="35"/>
        <run start="1884" length="21" level="29"/>
        <run start="1883" length="22" level="37"/>
    </section>
    <section id="3443" first-pos="2181">
        <run start="1882" length="45" level="42"/>
    </section>
    <section id="3415" first-pos="2173">
        <run start="1913" length="13" level="59"/>
        <run start="1912" length="15" level="49"/>
        <run start="1910" length="17" level="49"/>
        <run start="1909" length="18" level="42"/>
        <run start="1908" length="19" level="39"/>
        <run start="1907" length="20" level="38"/>
        <run start="1907" length="20" level="33"/>
        <run start="1906" length="21" level="36"/>
    </section>
    <section id="3411" first-pos="2172">
        <run start="1915" length="8" level="106"/>
    </section>
    <section id="3445" first-pos="2182">
        <run start="1882" length="67" level="34"/>
        <run start="1882" length="66" level="33"/>
        <run start="1882" length="66" level="34"/>
        <run start="1882" length="66" level="34"/>
        <run start="1882" length="65" level="34"/>
    </section>
    <section id="3427" first-pos="2175">
        <run start="1932" length="17" level="24"/>
        <run start="1931" length="18" level="19"/>
        <run start="1931" length="18" level="15"/>
        <run start="1930" length="19" level="18"/>
        <run start="1929" length="20" level="18"/>
        <run start="1929" length="20" level="14"/>
        <run start="1928" length="21" level="17"/>
    </section>
    <section id="3451" first-pos="2187">
        <run start="1882" length="21" level="29"/>
        <run start="1882" length="20" level="21"/>
        <run start="1882" length="20" level="36"/>
        <run start="1882" length="18" level="30"/>
        <run start="1882" length="18" level="34"/>
        <run start="1882" length="17" level="32"/>
        <run start="1882" length="16" level="34"/>
        <run start="1882" length="16" level="38"/>
    </section>
    <section id="3452" first-pos="2187">
        <run start="1904" length="43" level="34"/>
        <run start="1904" length="43" level="33"/>
    </section>
    <section id="3453" first-pos="2189">
        <run start="1904" length="20" level="36"/>
        <run start="1904" length="19" level="33"/>
        <run start="1904" length="18" level="40"/>
        <run start="1904" length="16" level="34"/>
        <run start="1904" length="16" level="38"/>
        <run start="1904" length="15" level="50"/>
    </section>
    <section id="3454" first-pos="2189">
        <run start="1926" length="20" level="28"/>
        <run start="1926" length="19" level="30"/>
        <run start="1927" length="17" level="21"/>
        <run start="1928" length="15" level="13"/>
        <run start="1928" length="14" level="28"/>
        <run start="1929" length="12" level="47"/>
        <run start="1930" length="9" level="43"/>
        <run start="1930" length="7" level="54"/>
        <run start="1931" length="5" level="183"/>
    </section>
</members></stick>
