<?xml version="1.0" encoding="UTF-8"?>
<stick id="471" interline="22" shape="SHARP">
    <is-within-system>true</is-within-system>
    <has-ledger>false</has-ledger>
    <stem-number>0</stem-number>
    <step-line>-1.0823529411764705</step-line>
    <moments>
        <k>1.4194214876033058</k>
        <k>1.0454545454545454</k>
        <k>2.9545454545454546</k>
        <k>0.04650095086334116</k>
        <k>-0.019451876454410145</k>
        <k>0.33680905997135163</k>
        <k>1.543065758919954E-4</k>
        <k>-7.136191670998197E-4</k>
        <k>-9.387917223515344E-4</k>
        <k>0.003119667227022782</k>
        <k>0.3833100108346928</k>
        <k>0.08579230020425906</k>
        <k>3.6498070435166036E-5</k>
        <k>6.404484211674696E-6</k>
        <k>8.89438170723347E-11</k>
        <k>1.6488150068123298E-6</k>
        <k>-4.094963784134807E-11</k>
        <k>320.05385735080057</k>
        <k>1869.7481804949055</k>
    </moments><members>
    <section id="446" first-pos="309">
        <run start="1860" length="6" level="165"/>
        <run start="1857" length="9" level="145"/>
        <run start="1857" length="9" level="140"/>
        <run start="1856" length="10" level="137"/>
        <run start="1856" length="10" level="126"/>
    </section>
    <section id="468" first-pos="314">
        <run start="1844" length="46" level="114"/>
    </section>
    <section id="449" first-pos="310">
        <run start="1881" length="8" level="145"/>
        <run start="1881" length="8" level="89"/>
        <run start="1881" length="8" level="88"/>
        <run start="1878" length="11" level="132"/>
    </section>
    <section id="481" first-pos="315">
        <run start="1844" length="59" level="65"/>
        <run start="1845" length="58" level="83"/>
    </section>
    <section id="469" first-pos="314">
        <run start="1893" length="2" level="176"/>
    </section>
    <section id="470" first-pos="314">
        <run start="1900" length="3" level="197"/>
    </section>
    <section id="489" first-pos="317">
        <run start="1855" length="10" level="140"/>
        <run start="1854" length="10" level="137"/>
        <run start="1854" length="10" level="126"/>
        <run start="1854" length="10" level="135"/>
        <run start="1853" length="8" level="110"/>
        <run start="1853" length="8" level="95"/>
    </section>
    <section id="522" first-pos="323">
        <run start="1838" length="48" level="120"/>
    </section>
    <section id="497" first-pos="318">
        <run start="1877" length="10" level="126"/>
        <run start="1877" length="10" level="141"/>
        <run start="1876" length="10" level="136"/>
        <run start="1876" length="10" level="126"/>
        <run start="1876" length="10" level="141"/>
    </section>
    <section id="490" first-pos="317">
        <run start="1869" length="34" level="147"/>
    </section>
    <section id="498" first-pos="318">
        <run start="1900" length="3" level="207"/>
    </section>
    <section id="527" first-pos="324">
        <run start="1838" length="58" level="64"/>
        <run start="1838" length="58" level="74"/>
    </section>
    <section id="539" first-pos="326">
        <run start="1838" length="5" level="198"/>
        <run start="1838" length="2" level="200"/>
    </section>
    <section id="540" first-pos="326">
        <run start="1852" length="44" level="134"/>
    </section>
    <section id="546" first-pos="327">
        <run start="1852" length="9" level="85"/>
        <run start="1851" length="10" level="88"/>
        <run start="1851" length="10" level="77"/>
        <run start="1851" length="10" level="167"/>
    </section>
    <section id="547" first-pos="327">
        <run start="1874" length="8" level="96"/>
        <run start="1873" length="9" level="97"/>
        <run start="1873" length="9" level="85"/>
        <run start="1873" length="9" level="102"/>
        <run start="1874" length="8" level="178"/>
    </section>
</members></stick>
