<?xml version="1.0" encoding="UTF-8"?>
<stick id="4240" interline="21" shape="TIME_TWO">
    <is-within-system>true</is-within-system>
    <has-ledger>false</has-ledger>
    <stem-number>0</stem-number>
    <step-line>-2.023529411764706</step-line>
    <moments>
        <k>1.2811791383219955</k>
        <k>1.4285714285714286</k>
        <k>2.0476190476190474</k>
        <k>0.11950332698730323</k>
        <k>-0.04351913684760596</k>
        <k>0.2809428198963617</k>
        <k>-0.004531140877744476</k>
        <k>9.802161826408173E-4</k>
        <k>-0.0031996143752588114</k>
        <k>-0.02441848165621485</k>
        <k>0.400446146883665</k>
        <k>0.033638370958576566</k>
        <k>7.742036116016461E-4</k>
        <k>6.091168651915703E-4</k>
        <k>2.99525046709096E-7</k>
        <k>4.749690591348213E-5</k>
        <k>2.9197965221934416E-7</k>
        <k>469.0991150442478</k>
        <k>439.0070796460177</k>
    </moments><members>
    <section id="880" first-pos="454">
        <run start="453" length="4" level="90"/>
    </section>
    <section id="882" first-pos="455">
        <run start="450" length="11" level="91"/>
        <run start="448" length="13" level="74"/>
        <run start="446" length="11" level="10"/>
        <run start="445" length="12" level="25"/>
        <run start="444" length="12" level="6"/>
        <run start="443" length="13" level="39"/>
    </section>
    <section id="895" first-pos="461">
        <run start="441" length="8" level="41"/>
        <run start="440" length="8" level="57"/>
        <run start="440" length="7" level="64"/>
        <run start="439" length="7" level="62"/>
        <run start="438" length="8" level="106"/>
        <run start="438" length="7" level="90"/>
        <run start="438" length="7" level="121"/>
        <run start="437" length="7" level="119"/>
        <run start="436" length="8" level="135"/>
        <run start="435" length="8" level="109"/>
        <run start="435" length="8" level="130"/>
        <run start="434" length="8" level="109"/>
        <run start="434" length="8" level="128"/>
        <run start="432" length="9" level="99"/>
        <run start="431" length="9" level="72"/>
    </section>
    <section id="941" first-pos="476">
        <run start="418" length="22" level="57"/>
        <run start="418" length="21" level="39"/>
        <run start="418" length="21" level="39"/>
        <run start="419" length="19" level="22"/>
        <run start="420" length="17" level="37"/>
        <run start="422" length="14" level="75"/>
    </section>
    <section id="911" first-pos="468">
        <run start="418" length="1" level="200"/>
        <run start="418" length="2" level="200"/>
        <run start="418" length="3" level="158"/>
        <run start="418" length="3" level="142"/>
        <run start="418" length="4" level="119"/>
        <run start="418" length="5" level="95"/>
        <run start="418" length="6" level="80"/>
        <run start="418" length="8" level="66"/>
    </section>
    <section id="954" first-pos="482">
        <run start="424" length="9" level="139"/>
    </section>
    <section id="955" first-pos="483">
        <run start="428" length="3" level="210"/>
    </section>
    <section id="896" first-pos="461">
        <run start="450" length="6" level="11"/>
        <run start="449" length="7" level="37"/>
        <run start="449" length="7" level="69"/>
        <run start="449" length="6" level="43"/>
        <run start="449" length="7" level="14"/>
        <run start="448" length="8" level="33"/>
        <run start="449" length="7" level="5"/>
        <run start="449" length="7" level="33"/>
        <run start="450" length="6" level="5"/>
        <run start="450" length="6" level="5"/>
        <run start="450" length="6" level="5"/>
        <run start="450" length="7" level="9"/>
        <run start="450" length="7" level="33"/>
        <run start="451" length="6" level="5"/>
        <run start="451" length="7" level="9"/>
        <run start="451" length="7" level="33"/>
        <run start="451" length="7" level="9"/>
        <run start="451" length="7" level="64"/>
        <run start="451" length="6" level="10"/>
        <run start="451" length="6" level="41"/>
        <run start="451" length="5" level="49"/>
        <run start="451" length="4" level="116"/>
        <run start="451" length="2" level="221"/>
    </section>
    <section id="886" first-pos="456">
        <run start="425" length="4" level="55"/>
        <run start="423" length="7" level="25"/>
        <run start="421" length="9" level="15"/>
        <run start="420" length="10" level="29"/>
        <run start="418" length="12" level="75"/>
    </section>
    <section id="893" first-pos="461">
        <run start="418" length="4" level="159"/>
        <run start="418" length="3" level="143"/>
        <run start="418" length="3" level="143"/>
        <run start="418" length="3" level="203"/>
        <run start="418" length="2" level="200"/>
    </section>
    <section id="894" first-pos="461">
        <run start="424" length="6" level="36"/>
        <run start="425" length="5" level="126"/>
        <run start="426" length="2" level="211"/>
    </section>
</members></stick>
