<?xml version="1.0" encoding="UTF-8"?>
<stick id="785" interline="22" shape="TIME_FOUR">
    <is-within-system>true</is-within-system>
    <has-ledger>false</has-ledger>
    <stem-number>0</stem-number>
    <step-line>2.0689655172413794</step-line>
    <moments>
        <k>1.1053719008264462</k>
        <k>1.3636363636363635</k>
        <k>2.0</k>
        <k>0.07320552829574137</k>
        <k>-0.018854325929783665</k>
        <k>0.2832222934215374</k>
        <k>-0.018166857453395864</k>
        <k>0.01410992623772048</k>
        <k>0.017498813309827894</k>
        <k>-0.03258532548283016</k>
        <k>0.3564278217172787</k>
        <k>0.04552898405896981</k>
        <k>0.010605574433717551</k>
        <k>3.417866602439549E-4</k>
        <k>4.2227243052133423E-7</k>
        <k>7.066264574099144E-5</k>
        <k>4.951095274431834E-7</k>
        <k>473.0373831775701</k>
        <k>727.5289719626169</k>
    </moments><members>
    <section id="885" first-pos="455">
        <run start="738" length="2" level="158"/>
        <run start="737" length="3" level="55"/>
        <run start="736" length="5" level="64"/>
        <run start="735" length="6" level="28"/>
        <run start="734" length="7" level="25"/>
        <run start="732" length="9" level="71"/>
    </section>
    <section id="898" first-pos="461">
        <run start="731" length="5" level="75"/>
    </section>
    <section id="904" first-pos="462">
        <run start="727" length="7" level="98"/>
        <run start="726" length="7" level="105"/>
        <run start="725" length="7" level="133"/>
        <run start="724" length="7" level="168"/>
        <run start="722" length="7" level="157"/>
        <run start="720" length="8" level="113"/>
        <run start="718" length="9" level="80"/>
        <run start="715" length="10" level="60"/>
        <run start="712" length="12" level="58"/>
    </section>
    <section id="897" first-pos="461">
        <run start="729" length="1" level="167"/>
    </section>
    <section id="931" first-pos="471">
        <run start="705" length="17" level="70"/>
        <run start="705" length="16" level="33"/>
        <run start="705" length="15" level="35"/>
        <run start="705" length="14" level="44"/>
        <run start="705" length="12" level="44"/>
        <run start="705" length="11" level="48"/>
        <run start="705" length="10" level="61"/>
        <run start="705" length="8" level="65"/>
        <run start="705" length="7" level="74"/>
        <run start="705" length="6" level="101"/>
        <run start="705" length="4" level="128"/>
        <run start="705" length="3" level="168"/>
    </section>
    <section id="928" first-pos="470">
        <run start="705" length="3" level="192"/>
    </section>
    <section id="899" first-pos="461">
        <run start="738" length="3" level="86"/>
        <run start="738" length="3" level="86"/>
        <run start="738" length="3" level="121"/>
        <run start="738" length="3" level="135"/>
        <run start="738" length="3" level="86"/>
        <run start="739" length="2" level="15"/>
        <run start="739" length="2" level="15"/>
        <run start="739" length="2" level="14"/>
        <run start="739" length="2" level="14"/>
        <run start="739" length="2" level="14"/>
        <run start="739" length="2" level="14"/>
        <run start="738" length="5" level="92"/>
    </section>
    <section id="937" first-pos="473">
        <run start="724" length="25" level="112"/>
        <run start="722" length="27" level="49"/>
        <run start="721" length="28" level="42"/>
        <run start="720" length="29" level="40"/>
        <run start="719" length="30" level="39"/>
        <run start="717" length="32" level="42"/>
        <run start="716" length="33" level="36"/>
        <run start="716" length="33" level="95"/>
    </section>
    <section id="936" first-pos="472">
        <run start="725" length="3" level="181"/>
    </section>
    <section id="932" first-pos="471">
        <run start="746" length="3" level="178"/>
        <run start="745" length="4" level="134"/>
    </section>
    <section id="951" first-pos="481">
        <run start="723" length="7" level="143"/>
    </section>
    <section id="952" first-pos="481">
        <run start="739" length="2" level="11"/>
        <run start="739" length="2" level="11"/>
        <run start="739" length="2" level="11"/>
        <run start="739" length="2" level="112"/>
    </section>
    <section id="953" first-pos="481">
        <run start="746" length="3" level="167"/>
    </section>
</members></stick>
