<?xml version="1.0" encoding="UTF-8"?>
<stick id="832" interline="21" shape="WHOLE_REST">
    <is-within-system>true</is-within-system>
    <has-ledger>false</has-ledger>
    <stem-number>0</stem-number>
    <step-line>-1.3953488372093024</step-line>
    <moments>
        <k>0.7868480725623582</k>
        <k>1.2857142857142858</k>
        <k>0.6190476190476191</k>
        <k>0.17178184929401222</k>
        <k>-0.0023606859837446846</k>
        <k>0.03969367326630737</k>
        <k>5.842239346163763E-4</k>
        <k>-9.620399810651291E-4</k>
        <k>-4.3850518086812576E-4</k>
        <k>7.913016023978988E-5</k>
        <k>0.2114755225603196</k>
        <k>0.017469577599581333</k>
        <k>1.2401718257233314E-5</k>
        <k>8.007637069037759E-7</k>
        <k>-2.5155801448962796E-12</k>
        <k>-9.894703808901691E-8</k>
        <k>-1.9934518097807487E-13</k>
        <k>1219.8587896253603</k>
        <k>444.9337175792507</k>
    </moments><members>
    <section id="1931" first-pos="1207">
        <run start="439" length="13" level="87"/>
        <run start="439" length="13" level="60"/>
        <run start="439" length="13" level="60"/>
        <run start="439" length="13" level="60"/>
        <run start="439" length="13" level="60"/>
        <run start="439" length="13" level="60"/>
        <run start="439" length="13" level="60"/>
        <run start="439" length="13" level="60"/>
        <run start="439" length="13" level="60"/>
        <run start="439" length="13" level="60"/>
        <run start="439" length="13" level="60"/>
        <run start="439" length="13" level="60"/>
        <run start="439" length="13" level="60"/>
        <run start="439" length="13" level="60"/>
        <run start="439" length="13" level="60"/>
        <run start="439" length="13" level="60"/>
        <run start="439" length="13" level="60"/>
        <run start="439" length="13" level="60"/>
        <run start="439" length="13" level="60"/>
        <run start="439" length="13" level="60"/>
        <run start="439" length="13" level="60"/>
        <run start="439" length="13" level="60"/>
        <run start="439" length="13" level="59"/>
        <run start="439" length="13" level="59"/>
        <run start="439" length="12" level="62"/>
        <run start="439" length="12" level="64"/>
        <run start="439" length="11" level="212"/>
    </section>
</members></stick>
