<?xml version="1.0" encoding="UTF-8"?>
<stick id="817" interline="21" shape="WHOLE_REST">
    <is-within-system>true</is-within-system>
    <has-ledger>false</has-ledger>
    <stem-number>0</stem-number>
    <step-line>-1.5813953488372092</step-line>
    <moments>
        <k>0.7573696145124716</k>
        <k>1.3333333333333333</k>
        <k>0.5714285714285714</k>
        <k>0.19326168023234966</k>
        <k>0.0</k>
        <k>0.0353467112889569</k>
        <k>0.0</k>
        <k>-6.350460081867341E-4</k>
        <k>-1.115254579115688E-19</k>
        <k>2.78862518564016E-5</k>
        <k>0.22860839152130658</k>
        <k>0.024937137416392693</k>
        <k>3.7365828532159344E-6</k>
        <k>3.686429697071087E-7</k>
        <k>-4.326594982244899E-13</k>
        <k>-5.821424311249814E-8</k>
        <k>-3.133043375957253E-28</k>
        <k>938.5</k>
        <k>443.4670658682635</k>
    </moments><members>
    <section id="1548" first-pos="925">
        <run start="438" length="11" level="88"/>
        <run start="438" length="12" level="59"/>
        <run start="438" length="12" level="56"/>
        <run start="438" length="12" level="56"/>
        <run start="438" length="12" level="55"/>
        <run start="438" length="12" level="55"/>
        <run start="438" length="12" level="55"/>
        <run start="438" length="12" level="55"/>
        <run start="438" length="12" level="55"/>
        <run start="438" length="12" level="55"/>
        <run start="438" length="12" level="55"/>
        <run start="438" length="12" level="55"/>
        <run start="438" length="12" level="55"/>
        <run start="438" length="12" level="55"/>
        <run start="438" length="12" level="55"/>
        <run start="438" length="12" level="55"/>
        <run start="438" length="12" level="55"/>
        <run start="438" length="12" level="55"/>
        <run start="438" length="12" level="55"/>
        <run start="438" length="12" level="55"/>
        <run start="438" length="12" level="55"/>
        <run start="438" length="12" level="55"/>
        <run start="438" length="12" level="55"/>
        <run start="438" length="12" level="55"/>
        <run start="438" length="12" level="55"/>
        <run start="438" length="12" level="55"/>
        <run start="438" length="12" level="73"/>
        <run start="438" length="11" level="212"/>
    </section>
</members></stick>
