<?xml version="1.0" encoding="UTF-8" standalone="yes"?>
<samples sheet-name="IMSLP08541#24">
    <sample shape="G_CLEF" interline="22" pitch="0.6" left="469" top="423" id="299">
        <run-table orientation="VERTICAL" width="59" height="165">
            <runs>0 87 4</runs>
            <runs>0 81 19</runs>
            <runs>0 75 28</runs>
            <runs>0 74 31</runs>
            <runs>0 72 36</runs>
            <runs>0 69 40 36 2 2 2</runs>
            <runs>0 68 43 32 11</runs>
            <runs>0 66 47 28 14</runs>
            <runs>0 64 51 24 17</runs>
            <runs>0 63 27 18 8 22 20</runs>
            <runs>0 62 27 20 7 22 21</runs>
            <runs>0 61 25 25 6 20 23</runs>
            <runs>0 60 24 28 10 15 24</runs>
            <runs>0 58 25 30 9 14 25</runs>
            <runs>0 57 23 34 8 14 25</runs>
            <runs>0 53 26 36 7 14 26</runs>
            <runs>0 53 25 38 3 17 19 2 5</runs>
            <runs>0 53 25 14 9 16 2 17 20 2 4</runs>
            <runs>0 53 25 9 18 12 2 17 19 4 3</runs>
            <runs>0 52 26 8 21 11 1 17 19 5 3</runs>
            <runs>0 51 21 12 26 8 1 17 19 5 3</runs>
            <runs>0 51 20 12 29 25 18 5 4</runs>
            <runs>0 50 20 11 20 3 9 25 16 6 4</runs>
            <runs>0 49 20 6 25 8 5 25 15 7 4</runs>
            <runs>0 48 20 7 19 18 1 27 12 8 4</runs>
            <runs>0 48 18 9 18 48 10 9 4</runs>
            <runs>0 47 18 10 17 53 2 13 5</runs>
            <runs>0 46 19 10 15 70 4</runs>
            <runs>0 46 18 10 16 69 5</runs>
            <runs>0 45 18 11 15 70 5</runs>
            <runs>0 29 34 11 15 70 5</runs>
            <runs>0 23 42 8 15 71 4</runs>
            <runs>0 19 69 70 5</runs>
            <runs>0 17 71 70 4</runs>
            <runs>0 16 20 3 49 2 1 3 8 55 5</runs>
            <runs>0 15 13 12 19 7 39 2 2 47 6</runs>
            <runs>0 14 11 14 19 13 52 32 6</runs>
            <runs>0 11 12 15 19 14 55 27 7</runs>
            <runs>0 10 12 16 19 15 16 8 43 8 12</runs>
            <runs>0 8 12 16 21 15 15 17 54</runs>
            <runs>0 7 12 17 21 15 15 22 1 4 42</runs>
            <runs>0 6 12 13 26 15 15 28 40</runs>
            <runs>0 5 12 14 21 20 15 29 7 11 16</runs>
            <runs>0 4 12 16 19 22 14 28 7</runs>
            <runs>0 4 11 17 17 24 15 26 9</runs>
            <runs>0 3 11 18 16 25 15 25 6</runs>
            <runs>0 2 12 17 16 27 15 23 6</runs>
            <runs>0 1 12 17 15 30 15 21 6</runs>
            <runs>0 1 11 16 16 31 17 18 6</runs>
            <runs>0 1 11 15 16 32 18 15 7</runs>
            <runs>11 14 17 33 19 12 8</runs>
            <runs>12 11 17 36 25 2 10</runs>
            <runs>0 1 37 38 35</runs>
            <runs>0 2 35 39 34</runs>
            <runs>0 4 31 46 28</runs>
            <runs>0 6 23 54 23</runs>
            <runs>0 12 15 59 19</runs>
            <runs>0 87 15</runs>
            <runs>0 89 3 1 8</runs>
        </run-table>
    </sample>
    <sample shape="G_CLEF" interline="22" pitch="0.4" left="459" top="1028" id="397">
        <run-table orientation="VERTICAL" width="59" height="162">
            <runs>0 92 1</runs>
            <runs>0 82 18</runs>
            <runs>0 75 25</runs>
            <runs>0 75 27</runs>
            <runs>0 73 32</runs>
            <runs>0 71 37</runs>
            <runs>0 69 40 34 6</runs>
            <runs>0 68 43 29 12</runs>
            <runs>0 66 46 27 16</runs>
            <runs>0 64 27 12 1 2 8 24 18</runs>
            <runs>0 63 25 20 7 22 20</runs>
            <runs>0 62 24 23 6 22 20</runs>
            <runs>0 61 23 27 5 20 22</runs>
            <runs>0 60 23 29 5 19 22</runs>
            <runs>0 58 23 32 8 15 23</runs>
            <runs>0 54 25 36 7 13 24</runs>
            <runs>0 53 25 37 7 13 19 1 4</runs>
            <runs>0 54 23 39 2 17 19 3 3</runs>
            <runs>0 54 23 14 10 16 1 17 19 3 3</runs>
            <runs>0 53 25 11 15 13 1 17 19 4 3</runs>
            <runs>0 53 20 14 20 10 1 18 18 5 2</runs>
            <runs>0 52 20 13 24 27 17 6 2</runs>
            <runs>0 51 20 12 18 3 7 26 15 7 3</runs>
            <runs>0 50 19 12 19 8 5 24 14 8 3</runs>
            <runs>0 49 19 11 15 16 3 25 12 9 3</runs>
            <runs>0 48 19 9 17 46 10 10 3</runs>
            <runs>0 48 18 10 16 50 4 13 3</runs>
            <runs>0 47 18 10 16 68 3</runs>
            <runs>0 46 18 11 14 70 3</runs>
            <runs>0 46 16 13 13 71 3</runs>
            <runs>0 45 18 11 14 71 2</runs>
            <runs>0 28 35 10 15 70 3</runs>
            <runs>0 24 38 10 16 70 3</runs>
            <runs>0 20 68 69 4</runs>
            <runs>0 18 70 68 4</runs>
            <runs>0 16 11 13 19 6 25 1 10 54 5</runs>
            <runs>0 13 12 15 18 12 38 47 4</runs>
            <runs>0 12 12 15 18 15 40 41 6</runs>
            <runs>0 12 10 16 19 15 15 5 30 30 6</runs>
            <runs>0 10 11 17 19 15 14 11 36 2 2 11 9</runs>
            <runs>0 9 11 17 20 15 14 21 49</runs>
            <runs>0 8 10 13 26 15 15 27 40</runs>
            <runs>0 7 10 14 26 15 15 28 7 4 26</runs>
            <runs>0 6 11 15 25 15 15 28 7 17 1 3 1</runs>
            <runs>0 5 9 18 18 23 14 27 8</runs>
            <runs>0 4 10 18 17 24 15 26 7</runs>
            <runs>0 3 11 18 16 26 14 25 4</runs>
            <runs>0 2 11 18 16 27 15 23 4</runs>
            <runs>0 1 12 16 17 29 15 21 5</runs>
            <runs>0 1 11 16 16 31 15 20 5</runs>
            <runs>0 1 10 16 16 33 16 16 6</runs>
            <runs>11 14 16 35 18 12 7</runs>
            <runs>11 12 16 38 24 3 8</runs>
            <runs>0 2 10 9 16 39 34</runs>
            <runs>0 3 33 44 29</runs>
            <runs>0 8 27 47 25</runs>
            <runs>0 13 17 54 20</runs>
            <runs>0 86 16</runs>
            <runs>0 90 10</runs>
        </run-table>
    </sample>
    <sample shape="G_CLEF" interline="22" pitch="0.5" left="447" top="1658" id="510">
        <run-table orientation="VERTICAL" width="58" height="162">
            <runs>0 83 11</runs>
            <runs>0 75 25</runs>
            <runs>0 73 29</runs>
            <runs>0 72 33</runs>
            <runs>0 71 36 39 3</runs>
            <runs>0 68 41 32 11</runs>
            <runs>0 66 44 28 16</runs>
            <runs>0 65 47 26 17</runs>
            <runs>0 64 30 11 8 24 19</runs>
            <runs>0 63 28 17 6 22 20</runs>
            <runs>0 62 26 21 6 20 22</runs>
            <runs>0 60 26 24 6 19 23</runs>
            <runs>0 58 24 30 9 13 25</runs>
            <runs>0 53 27 34 7 13 26</runs>
            <runs>0 53 26 36 6 13 26</runs>
            <runs>0 53 25 37 7 12 20 2 5</runs>
            <runs>0 54 24 38 2 16 20 3 4</runs>
            <runs>0 53 25 11 2 1 8 16 2 16 19 4 4</runs>
            <runs>0 53 21 11 19 13 1 17 18 5 3</runs>
            <runs>0 52 20 12 23 10 1 17 18 4 4</runs>
            <runs>0 52 18 13 26 27 16 6 4</runs>
            <runs>0 51 18 13 18 4 8 25 14 7 4</runs>
            <runs>0 50 18 12 15 12 5 26 13 7 4</runs>
            <runs>0 49 18 13 13 46 11 8 4</runs>
            <runs>0 49 17 10 16 49 8 9 4</runs>
            <runs>0 48 18 10 15 68 3</runs>
            <runs>0 47 18 11 14 68 4</runs>
            <runs>0 46 19 10 14 69 4</runs>
            <runs>0 46 18 10 15 69 4</runs>
            <runs>0 44 19 11 14 69 4</runs>
            <runs>0 27 37 9 14 70 4</runs>
            <runs>0 23 43 6 15 69 4</runs>
            <runs>0 21 49 1 16 69 4</runs>
            <runs>0 18 70 67 5</runs>
            <runs>0 16 20 4 20 4 30 58 8</runs>
            <runs>0 15 12 13 18 13 41 1 1 37 8</runs>
            <runs>0 12 13 14 18 15 50 28 8</runs>
            <runs>0 11 12 16 18 15 14 6 39 1 2 8 2 3 10</runs>
            <runs>0 11 11 16 19 16 13 17 53</runs>
            <runs>0 10 11 16 20 16 13 21 1 5 41</runs>
            <runs>0 8 11 13 25 16 14 28 37</runs>
            <runs>0 7 10 15 20 21 14 28 7 11 1 3 1 3 5</runs>
            <runs>0 6 11 15 19 22 14 28 7</runs>
            <runs>0 5 11 16 18 23 15 26 4</runs>
            <runs>0 4 11 17 17 25 14 25 4</runs>
            <runs>0 4 11 17 16 27 14 23 5</runs>
            <runs>0 3 11 17 16 28 15 21 5</runs>
            <runs>0 2 11 17 16 29 16 18 7</runs>
            <runs>0 1 12 16 16 31 16 16 6</runs>
            <runs>12 16 16 32 16 15 6</runs>
            <runs>11 15 17 33 17 11 8</runs>
            <runs>0 1 10 12 19 34 35</runs>
            <runs>0 2 10 9 16 39 33</runs>
            <runs>0 3 33 45 26</runs>
            <runs>0 7 29 46 23</runs>
            <runs>0 10 14 1 5 54 19</runs>
            <runs>0 28 1 60 13</runs>
            <runs>0 91 2</runs>
        </run-table>
    </sample>
    <sample shape="G_CLEF" interline="22" pitch="0.4" left="425" top="2921" id="638">
        <run-table orientation="VERTICAL" width="57" height="161">
            <runs>0 81 17</runs>
            <runs>0 74 25</runs>
            <runs>0 73 29</runs>
            <runs>0 72 32</runs>
            <runs>0 69 36</runs>
            <runs>0 67 40 33 9</runs>
            <runs>0 66 43 30 12</runs>
            <runs>0 64 46 27 16</runs>
            <runs>0 63 28 13 8 24 19</runs>
            <runs>0 62 26 19 6 22 20</runs>
            <runs>0 61 26 22 5 21 21</runs>
            <runs>0 59 26 25 5 20 22</runs>
            <runs>0 59 23 29 5 18 24</runs>
            <runs>0 57 23 32 8 14 24</runs>
            <runs>0 52 26 35 7 14 18 2 5</runs>
            <runs>0 52 25 38 2 17 18 3 4</runs>
            <runs>0 52 24 39 2 17 19 3 4</runs>
            <runs>0 52 24 15 4 21 1 17 19 3 4</runs>
            <runs>0 52 21 16 12 15 1 17 18 5 3</runs>
            <runs>0 51 20 13 21 30 17 5 3</runs>
            <runs>0 51 19 13 24 28 17 6 3</runs>
            <runs>0 50 20 11 19 2 8 25 16 7 3</runs>
            <runs>0 49 19 11 20 8 4 26 13 8 3</runs>
            <runs>0 48 19 11 15 17 1 27 11 9 3</runs>
            <runs>0 47 19 9 16 48 8 11 3</runs>
            <runs>0 46 19 10 15 53 2 13 3</runs>
            <runs>0 46 18 11 14 69 3</runs>
            <runs>0 45 19 10 14 69 4</runs>
            <runs>0 44 19 11 13 70 4</runs>
            <runs>0 43 20 10 14 70 4</runs>
            <runs>0 30 10 1 22 10 14 69 4</runs>
            <runs>0 26 37 10 13 70 4</runs>
            <runs>0 22 47 2 15 69 5</runs>
            <runs>0 19 1 1 65 69 4</runs>
            <runs>0 16 12 10 19 8 1 2 21 3 1 61 4</runs>
            <runs>0 14 10 15 17 14 40 42 6</runs>
            <runs>0 12 12 14 17 16 16 4 30 30 6</runs>
            <runs>0 11 11 16 17 16 15 9 35 20 6</runs>
            <runs>0 10 10 17 18 16 14 19 51</runs>
            <runs>0 9 10 17 19 16 14 25 42</runs>
            <runs>0 7 11 17 21 15 14 29 9 1 25</runs>
            <runs>0 5 12 14 20 20 14 29 7 13 6</runs>
            <runs>0 5 11 15 19 22 14 27 8</runs>
            <runs>0 4 11 16 18 23 14 27 4</runs>
            <runs>0 4 11 16 17 25 14 26 3</runs>
            <runs>0 3 11 17 16 26 14 24 4</runs>
            <runs>0 2 11 17 16 28 14 23 3</runs>
            <runs>0 1 11 17 15 30 15 20 5</runs>
            <runs>12 16 15 32 15 18 5</runs>
            <runs>11 15 16 33 17 14 6</runs>
            <runs>11 13 16 35 19 10 7</runs>
            <runs>11 12 16 36 34</runs>
            <runs>11 8 16 44 29</runs>
            <runs>0 2 33 45 26</runs>
            <runs>0 5 30 47 23</runs>
            <runs>0 11 14 61 17</runs>
            <runs>0 88 12</runs>
        </run-table>
    </sample>
    <sample shape="G_CLEF" interline="22" pitch="0.5" left="459" top="1028" id="405">
        <run-table orientation="VERTICAL" width="59" height="162">
            <runs>0 92 1</runs>
            <runs>0 82 18</runs>
            <runs>0 75 25</runs>
            <runs>0 75 27</runs>
            <runs>0 73 32</runs>
            <runs>0 71 37</runs>
            <runs>0 69 40 34 6</runs>
            <runs>0 68 43 29 12</runs>
            <runs>0 66 46 27 16</runs>
            <runs>0 64 27 12 1 2 8 24 18</runs>
            <runs>0 63 25 20 7 22 20</runs>
            <runs>0 62 24 23 6 22 20</runs>
            <runs>0 61 23 27 5 20 22</runs>
            <runs>0 60 23 29 5 19 22</runs>
            <runs>0 58 23 32 8 15 23</runs>
            <runs>0 54 25 36 7 13 24</runs>
            <runs>0 53 25 37 7 13 19 1 4</runs>
            <runs>0 54 23 39 2 17 19 3 3</runs>
            <runs>0 54 23 14 10 16 1 17 19 3 3</runs>
            <runs>0 53 25 11 15 13 1 17 19 4 3</runs>
            <runs>0 53 20 14 20 10 1 18 18 5 2</runs>
            <runs>0 52 20 13 24 27 17 6 2</runs>
            <runs>0 51 20 12 18 3 7 26 15 7 3</runs>
            <runs>0 50 19 12 19 8 5 24 14 8 3</runs>
            <runs>0 49 19 11 15 16 3 25 12 9 3</runs>
            <runs>0 48 19 9 17 46 10 10 3</runs>
            <runs>0 48 18 10 16 50 4 13 3</runs>
            <runs>0 47 18 10 16 31 2 35 3</runs>
            <runs>0 46 18 11 14 29 7 34 3</runs>
            <runs>0 46 16 13 13 30 7 34 3</runs>
            <runs>0 45 18 11 14 30 7 34 2</runs>
            <runs>0 28 35 10 15 35 2 33 3</runs>
            <runs>0 24 38 10 16 35 2 33 3</runs>
            <runs>0 20 68 30 7 32 4</runs>
            <runs>0 18 70 35 2 31 4</runs>
            <runs>0 16 11 13 19 6 25 1 10 54 5</runs>
            <runs>0 13 12 15 18 12 38 47 4</runs>
            <runs>0 12 12 15 18 15 40 41 6</runs>
            <runs>0 12 10 16 19 15 15 5 30 30 6</runs>
            <runs>0 10 11 17 19 15 14 11 36 2 2 11 9</runs>
            <runs>0 9 11 17 20 15 14 21 49</runs>
            <runs>0 8 10 13 26 15 15 27 40</runs>
            <runs>0 7 10 14 26 15 15 28 7 4 26</runs>
            <runs>0 6 11 15 25 15 15 28 7 17 1 3 1</runs>
            <runs>0 5 9 18 18 23 14 27 8</runs>
            <runs>0 4 10 18 17 24 15 26 7</runs>
            <runs>0 3 11 18 16 26 14 25 4</runs>
            <runs>0 2 11 18 16 27 15 23 4</runs>
            <runs>0 1 12 16 17 29 15 21 5</runs>
            <runs>0 1 11 16 16 31 15 20 5</runs>
            <runs>0 1 10 16 16 33 16 16 6</runs>
            <runs>11 14 16 35 18 12 7</runs>
            <runs>11 12 16 38 24 3 8</runs>
            <runs>0 2 10 9 16 39 34</runs>
            <runs>0 3 33 44 29</runs>
            <runs>0 8 27 47 25</runs>
            <runs>0 13 17 54 20</runs>
            <runs>0 86 16</runs>
            <runs>0 90 10</runs>
        </run-table>
    </sample>
    <sample shape="F_CLEF" interline="22" pitch="-1.9" left="462" top="701" id="314">
        <run-table orientation="VERTICAL" width="62" height="69">
            <runs>0 26 1</runs>
            <runs>0 26 2</runs>
            <runs>0 26 2</runs>
            <runs>0 12 1 4 1 3 7</runs>
            <runs>0 12 17</runs>
            <runs>0 12 17</runs>
            <runs>0 10 20</runs>
            <runs>0 9 21</runs>
            <runs>0 8 22</runs>
            <runs>0 7 23</runs>
            <runs>0 5 26</runs>
            <runs>0 1 31</runs>
            <runs>9 2 21</runs>
            <runs>8 4 20</runs>
            <runs>7 5 19</runs>
            <runs>0 5 2 5 19</runs>
            <runs>0 5 1 6 19 33 1</runs>
            <runs>0 5 1 6 18 33 2</runs>
            <runs>0 12 18 32 7</runs>
            <runs>0 13 17 31 8</runs>
            <runs>0 14 15 32 8</runs>
            <runs>0 15 13 32 9</runs>
            <runs>0 16 11 31 11</runs>
            <runs>0 18 8 31 7</runs>
            <runs>0 20 2 34 7</runs>
            <runs>0 55 7</runs>
            <runs>0 53 9</runs>
            <runs>0 52 9</runs>
            <runs>0 51 9</runs>
            <runs>7 42 11</runs>
            <runs>7 37 15</runs>
            <runs>8 36 14</runs>
            <runs>0 1 8 33 14</runs>
            <runs>0 1 10 27 17</runs>
            <runs>0 1 14 17 22</runs>
            <runs>0 1 17 5 30</runs>
            <runs>0 1 51</runs>
            <runs>0 1 50</runs>
            <runs>0 1 49</runs>
            <runs>0 1 48</runs>
            <runs>0 1 47</runs>
            <runs>0 1 47</runs>
            <runs>0 1 47</runs>
            <runs>0 7 36</runs>
            <runs>0 9 31</runs>
            <runs>0 11 27</runs>
            <runs>0 12 24</runs>
            <runs>0 13 21</runs>
            <runs>0 16 13</runs>
            <runs>0 20 8</runs>
            <runs></runs>
            <runs>0 10 2 23 3</runs>
            <runs>0 8 7 18 7</runs>
            <runs>0 1 14 17 8</runs>
            <runs>0 1 15 16 9</runs>
            <runs>0 1 15 15 10</runs>
            <runs>0 1 15 15 10</runs>
            <runs>0 1 15 15 10</runs>
            <runs>0 1 15 16 9</runs>
            <runs>0 7 8 17 8</runs>
            <runs>0 8 6 19 7</runs>
            <runs>0 35 3</runs>
        </run-table>
    </sample>
    <sample shape="F_CLEF" interline="22" pitch="-1.6" left="436" top="1932" id="536">
        <run-table orientation="VERTICAL" width="65" height="76">
            <runs>0 74 2</runs>
            <runs>0 73 3</runs>
            <runs>0 72 4</runs>
            <runs>0 72 3</runs>
            <runs>0 72 3</runs>
            <runs>0 71 3</runs>
            <runs>0 71 3</runs>
            <runs>0 15 10 45 4</runs>
            <runs>0 13 12 45 4</runs>
            <runs>0 11 14 44 4</runs>
            <runs>0 9 18 42 3</runs>
            <runs>0 7 21 37 7</runs>
            <runs>0 6 22 41 2</runs>
            <runs>0 5 24 40 2</runs>
            <runs>29 40 1</runs>
            <runs>9 1 20 39 1</runs>
            <runs>7 4 19</runs>
            <runs>0 4 2 5 19</runs>
            <runs>0 4 1 6 19</runs>
            <runs>0 11 19 33 1</runs>
            <runs>0 11 19 32 2</runs>
            <runs>0 12 18 31 7</runs>
            <runs>0 12 18 31 7</runs>
            <runs>0 13 16 30 9</runs>
            <runs>0 12 15 31 10</runs>
            <runs>0 11 15 31 6</runs>
            <runs>0 14 12 30 6</runs>
            <runs>0 55 7</runs>
            <runs>0 54 7</runs>
            <runs>0 53 7</runs>
            <runs>0 51 8</runs>
            <runs>0 49 9</runs>
            <runs>0 4 1 40 13</runs>
            <runs>0 4 1 39 13</runs>
            <runs>0 4 2 38 12</runs>
            <runs>7 34 13</runs>
            <runs>8 30 15</runs>
            <runs>0 1 9 25 17</runs>
            <runs>0 1 12 13 2 2 21</runs>
            <runs>0 1 18 3 28</runs>
            <runs>0 1 48</runs>
            <runs>0 1 47</runs>
            <runs>47</runs>
            <runs>47</runs>
            <runs>47</runs>
            <runs>0 6 37</runs>
            <runs>0 7 34</runs>
            <runs>0 9 31</runs>
            <runs>0 10 28</runs>
            <runs>0 12 21 1 2</runs>
            <runs>0 13 19</runs>
            <runs>0 16 2 2 9</runs>
            <runs></runs>
            <runs></runs>
            <runs></runs>
            <runs>0 8 6 19 6</runs>
            <runs>0 7 8 17 7</runs>
            <runs>0 6 10 16 9</runs>
            <runs>0 1 15 16 9</runs>
            <runs>0 1 15 16 9</runs>
            <runs>0 1 15 16 9</runs>
            <runs>15 17 9</runs>
            <runs>0 7 7 19 8</runs>
            <runs>0 8 5 20 8</runs>
            <runs>0 10 1 23 6</runs>
        </run-table>
    </sample>
    <sample shape="F_CLEF" interline="22" pitch="-1.7" left="429" top="2320" id="581">
        <run-table orientation="VERTICAL" width="63" height="77">
            <runs>0 75 2</runs>
            <runs>0 74 3</runs>
            <runs>0 74 2</runs>
            <runs>0 73 3</runs>
            <runs>0 73 3</runs>
            <runs>0 72 3</runs>
            <runs>0 15 9 48 3</runs>
            <runs>0 12 13 46 4</runs>
            <runs>0 10 16 45 3</runs>
            <runs>0 9 18 43 3</runs>
            <runs>0 8 20 42 3</runs>
            <runs>0 7 23 36 7</runs>
            <runs>0 5 25 35 7</runs>
            <runs>0 5 25 40 2</runs>
            <runs>8 3 19 40 1</runs>
            <runs>0 4 2 6 18</runs>
            <runs>0 4 1 7 19</runs>
            <runs>0 4 1 7 18</runs>
            <runs>0 12 18</runs>
            <runs>0 12 17 34 2</runs>
            <runs>0 13 16 34 2</runs>
            <runs>0 13 16 33 3</runs>
            <runs>0 14 14 33 7</runs>
            <runs>0 15 12 33 8</runs>
            <runs>0 17 9 33 9</runs>
            <runs>0 18 2 38 5</runs>
            <runs>0 57 6</runs>
            <runs>0 56 6</runs>
            <runs>0 55 6</runs>
            <runs>0 53 8</runs>
            <runs>0 4 1 46 8</runs>
            <runs>0 4 1 39 14</runs>
            <runs>0 4 2 38 13</runs>
            <runs>0 4 3 36 13</runs>
            <runs>8 33 14</runs>
            <runs>0 1 9 27 17</runs>
            <runs>0 1 11 22 19</runs>
            <runs>0 1 15 15 21</runs>
            <runs>0 1 50</runs>
            <runs>0 1 49</runs>
            <runs>0 1 48</runs>
            <runs>0 1 44</runs>
            <runs>46</runs>
            <runs>0 6 42</runs>
            <runs>0 7 36</runs>
            <runs>0 8 33</runs>
            <runs>0 9 30</runs>
            <runs>0 11 25</runs>
            <runs>0 13 20</runs>
            <runs>0 14 3 1 13</runs>
            <runs>0 21 2</runs>
            <runs></runs>
            <runs></runs>
            <runs>0 11 2 21 1</runs>
            <runs>0 8 6 19 6</runs>
            <runs>0 6 9 17 8</runs>
            <runs>0 1 14 17 8</runs>
            <runs>0 1 14 17 8</runs>
            <runs>0 1 15 16 10</runs>
            <runs>0 6 9 17 10</runs>
            <runs>0 7 8 17 8</runs>
            <runs>0 8 6 19 7</runs>
            <runs>0 10 3 21 4</runs>
        </run-table>
    </sample>
    <sample shape="F_CLEF" interline="22" pitch="-1.6" left="425" top="2556" id="604">
        <run-table orientation="VERTICAL" width="64" height="75">
            <runs>0 73 2</runs>
            <runs>0 72 3</runs>
            <runs>0 72 3</runs>
            <runs>0 72 2</runs>
            <runs>0 72 2</runs>
            <runs>0 71 2</runs>
            <runs></runs>
            <runs>0 14 10 46 2</runs>
            <runs>0 11 13 46 2</runs>
            <runs>0 10 15 44 3</runs>
            <runs>0 9 18 41 3</runs>
            <runs>0 7 20 41 2</runs>
            <runs>0 6 22 40 2</runs>
            <runs>0 5 24 39 2</runs>
            <runs>0 4 5 2 18 39 1</runs>
            <runs>0 4 2 5 18</runs>
            <runs>0 3 2 6 18</runs>
            <runs>0 11 18</runs>
            <runs>0 11 18 34 1</runs>
            <runs>0 11 17 35 1</runs>
            <runs>0 12 16 33 3</runs>
            <runs>0 12 16 33 3</runs>
            <runs>0 12 16 32 4</runs>
            <runs>0 13 14 32 7</runs>
            <runs>0 14 12 32 5</runs>
            <runs>0 15 10 32 6</runs>
            <runs>0 19 3 34 6</runs>
            <runs>0 55 6</runs>
            <runs>0 54 6</runs>
            <runs>0 52 7</runs>
            <runs>0 51 7</runs>
            <runs>0 50 7</runs>
            <runs>0 48 8</runs>
            <runs>0 4 1 39 12</runs>
            <runs>0 4 2 36 12</runs>
            <runs>7 34 12</runs>
            <runs>9 31 12</runs>
            <runs>0 1 9 24 17</runs>
            <runs>0 1 13 14 21</runs>
            <runs>0 1 15 1 32</runs>
            <runs>0 1 47</runs>
            <runs>0 1 46</runs>
            <runs>0 5 41</runs>
            <runs>0 5 41</runs>
            <runs>0 6 40</runs>
            <runs>0 7 34</runs>
            <runs>0 8 30</runs>
            <runs>0 10 26</runs>
            <runs>0 11 24</runs>
            <runs>0 14 19</runs>
            <runs>0 15 13 3 1</runs>
            <runs>0 19 8</runs>
            <runs></runs>
            <runs></runs>
            <runs></runs>
            <runs>0 8 5 19 6</runs>
            <runs>0 7 7 18 7</runs>
            <runs>0 6 8 17 8</runs>
            <runs>0 5 9 17 9</runs>
            <runs>0 5 9 17 9</runs>
            <runs>0 5 9 17 9</runs>
            <runs>0 6 7 19 7</runs>
            <runs>0 7 6 19 7</runs>
            <runs>0 10 2 21 6</runs>
        </run-table>
    </sample>
    <sample shape="F_CLEF" interline="22" pitch="-1.7" left="417" top="3196" id="657">
        <run-table orientation="VERTICAL" width="63" height="77">
            <runs>0 74 3</runs>
            <runs>0 74 3</runs>
            <runs>0 74 2</runs>
            <runs>0 73 3</runs>
            <runs>0 72 4</runs>
            <runs>0 14 3 1 3 50 4</runs>
            <runs>0 13 12 46 4</runs>
            <runs>0 11 14 45 4</runs>
            <runs>0 10 16 44 4</runs>
            <runs>0 8 19 43 3</runs>
            <runs>0 7 21 37 8</runs>
            <runs>0 5 24 36 7</runs>
            <runs>30 38 3</runs>
            <runs>30 38 3</runs>
            <runs>8 3 19 38 3</runs>
            <runs>0 4 3 4 19 38 2</runs>
            <runs>0 4 2 5 19 38 1</runs>
            <runs>0 4 1 6 19</runs>
            <runs>0 4 1 7 18 33 1</runs>
            <runs>0 4 1 7 17 34 1</runs>
            <runs>0 4 1 7 17 33 2</runs>
            <runs>0 13 15 33 7</runs>
            <runs>0 14 13 33 8</runs>
            <runs>0 15 12 32 9</runs>
            <runs>0 16 9 33 6</runs>
            <runs>0 20 2 35 7</runs>
            <runs>0 55 8</runs>
            <runs>0 54 8</runs>
            <runs>0 4 1 48 8</runs>
            <runs>0 4 1 46 9</runs>
            <runs>0 4 1 39 15</runs>
            <runs>0 4 2 39 13</runs>
            <runs>0 4 2 38 13</runs>
            <runs>7 35 14</runs>
            <runs>0 1 7 31 16</runs>
            <runs>0 1 10 26 17</runs>
            <runs>0 1 13 19 20</runs>
            <runs>0 1 17 3 31</runs>
            <runs>0 1 50</runs>
            <runs>0 1 49</runs>
            <runs>0 2 47</runs>
            <runs>0 2 46</runs>
            <runs>0 2 45</runs>
            <runs>0 2 45</runs>
            <runs>0 2 40</runs>
            <runs>0 7 34</runs>
            <runs>0 9 30</runs>
            <runs>0 11 26</runs>
            <runs>0 13 21</runs>
            <runs>0 15 15</runs>
            <runs>0 19 9</runs>
            <runs></runs>
            <runs>0 10 3</runs>
            <runs>0 8 6 19 4</runs>
            <runs>0 7 7 18 7</runs>
            <runs>0 6 8 17 8</runs>
            <runs>0 2 13 16 8</runs>
            <runs>0 2 13 16 9</runs>
            <runs>0 1 13 17 9</runs>
            <runs>0 1 13 17 9</runs>
            <runs>0 1 12 18 9</runs>
            <runs>0 7 4 21 7</runs>
            <runs>0 33 5</runs>
        </run-table>
    </sample>
    <sample shape="F_CLEF" interline="22" pitch="-1.6" left="459" top="701" id="321">
        <run-table orientation="VERTICAL" width="65" height="78">
            <runs>0 76 1</runs>
            <runs>0 74 4</runs>
            <runs>0 74 3</runs>
            <runs>0 26 1 46 4</runs>
            <runs>0 26 2 45 3</runs>
            <runs>0 26 2 44 4</runs>
            <runs>0 12 1 4 1 3 7 44 4</runs>
            <runs>0 12 17 42 4</runs>
            <runs>0 12 17 42 3</runs>
            <runs>0 10 20 40 4</runs>
            <runs>0 9 21 35 8</runs>
            <runs>0 8 22 35 8</runs>
            <runs>0 7 23 35 8</runs>
            <runs>0 5 26 34 7</runs>
            <runs>0 1 31 38 2</runs>
            <runs>9 2 21 38 1</runs>
            <runs>8 4 20 38 1</runs>
            <runs>7 5 19</runs>
            <runs>0 5 2 5 19</runs>
            <runs>0 5 1 6 19 33 1</runs>
            <runs>0 5 1 6 18 33 2</runs>
            <runs>0 12 18 32 7</runs>
            <runs>0 13 17 31 8</runs>
            <runs>0 14 15 32 8</runs>
            <runs>0 15 13 32 9</runs>
            <runs>0 16 11 31 11</runs>
            <runs>0 18 8 31 7</runs>
            <runs>0 20 2 34 7</runs>
            <runs>0 55 7</runs>
            <runs>0 53 9</runs>
            <runs>0 52 9</runs>
            <runs>0 51 9</runs>
            <runs>7 42 11</runs>
            <runs>7 37 15</runs>
            <runs>8 36 14</runs>
            <runs>0 1 8 33 14</runs>
            <runs>0 1 10 27 17</runs>
            <runs>0 1 14 17 22</runs>
            <runs>0 1 17 5 30</runs>
            <runs>0 1 51</runs>
            <runs>0 1 50</runs>
            <runs>0 1 49</runs>
            <runs>0 1 48</runs>
            <runs>0 1 47</runs>
            <runs>0 1 47</runs>
            <runs>0 1 47</runs>
            <runs>0 7 36</runs>
            <runs>0 9 31</runs>
            <runs>0 11 27</runs>
            <runs>0 12 24</runs>
            <runs>0 13 21</runs>
            <runs>0 16 13</runs>
            <runs>0 20 8</runs>
            <runs></runs>
            <runs>0 10 2 23 3</runs>
            <runs>0 8 7 18 7</runs>
            <runs>0 1 14 17 8</runs>
            <runs>0 1 15 16 9</runs>
            <runs>0 1 15 15 10</runs>
            <runs>0 1 15 15 10</runs>
            <runs>0 1 15 15 10</runs>
            <runs>0 1 15 16 9</runs>
            <runs>0 7 8 17 8</runs>
            <runs>0 8 6 19 7</runs>
            <runs>0 35 3</runs>
        </run-table>
    </sample>
    <sample shape="F_CLEF" interline="22" pitch="-1.8" left="422" top="3196" id="660">
        <run-table orientation="VERTICAL" width="58" height="68">
            <runs>0 14 3 1 3</runs>
            <runs>0 13 12</runs>
            <runs>0 11 14</runs>
            <runs>0 10 16</runs>
            <runs>0 8 19</runs>
            <runs>0 7 21</runs>
            <runs>0 5 24</runs>
            <runs>30</runs>
            <runs>30</runs>
            <runs>8 3 19</runs>
            <runs>0 4 3 4 19</runs>
            <runs>0 4 2 5 19</runs>
            <runs>0 4 1 6 19</runs>
            <runs>0 4 1 7 18 33 1</runs>
            <runs>0 4 1 7 17 34 1</runs>
            <runs>0 4 1 7 17 33 2</runs>
            <runs>0 13 15 33 7</runs>
            <runs>0 14 13 33 8</runs>
            <runs>0 15 12 32 9</runs>
            <runs>0 16 9 33 6</runs>
            <runs>0 20 2 35 7</runs>
            <runs>0 55 8</runs>
            <runs>0 54 8</runs>
            <runs>0 4 1 48 8</runs>
            <runs>0 4 1 46 9</runs>
            <runs>0 4 1 39 15</runs>
            <runs>0 4 2 39 13</runs>
            <runs>0 4 2 38 13</runs>
            <runs>7 35 14</runs>
            <runs>0 1 7 31 16</runs>
            <runs>0 1 10 26 17</runs>
            <runs>0 1 13 19 20</runs>
            <runs>0 1 17 3 31</runs>
            <runs>0 1 50</runs>
            <runs>0 1 49</runs>
            <runs>0 2 47</runs>
            <runs>0 2 46</runs>
            <runs>0 2 45</runs>
            <runs>0 2 45</runs>
            <runs>0 2 40</runs>
            <runs>0 7 34</runs>
            <runs>0 9 30</runs>
            <runs>0 11 26</runs>
            <runs>0 13 21</runs>
            <runs>0 15 15</runs>
            <runs>0 19 9</runs>
            <runs></runs>
            <runs>0 10 3</runs>
            <runs>0 8 6 19 4</runs>
            <runs>0 7 7 18 7</runs>
            <runs>0 6 8 17 8</runs>
            <runs>0 2 13 16 8</runs>
            <runs>0 2 13 16 9</runs>
            <runs>0 1 13 17 9</runs>
            <runs>0 1 13 17 9</runs>
            <runs>0 1 12 18 9</runs>
            <runs>0 7 4 21 7</runs>
            <runs>0 33 5</runs>
        </run-table>
    </sample>
    <sample shape="F_CLEF" interline="22" pitch="-1.6" left="448" top="1303" id="466">
        <run-table orientation="VERTICAL" width="64" height="77">
            <runs>0 75 2</runs>
            <runs>0 74 3</runs>
            <runs>0 74 3</runs>
            <runs>0 73 4</runs>
            <runs>0 73 3</runs>
            <runs>0 72 4</runs>
            <runs>0 18 7 47 3</runs>
            <runs>0 14 11 46 4</runs>
            <runs>0 11 15 45 3</runs>
            <runs>0 10 16 44 4</runs>
            <runs>0 8 20 42 3</runs>
            <runs>0 7 22 39 4</runs>
            <runs>0 5 25 38 4</runs>
            <runs>0 4 26 38 3</runs>
            <runs>10 1 19 38 2</runs>
            <runs>7 4 19 38 2</runs>
            <runs>0 4 2 5 20 37 2</runs>
            <runs>0 4 1 7 19 37 1</runs>
            <runs>0 12 18</runs>
            <runs>0 12 18 33 1</runs>
            <runs>0 13 16 33 2</runs>
            <runs>0 13 16 33 2</runs>
            <runs>0 14 14 33 7</runs>
            <runs>0 14 13 33 5</runs>
            <runs>0 15 11 33 5</runs>
            <runs>0 16 9 32 7</runs>
            <runs>0 56 7</runs>
            <runs>0 55 7</runs>
            <runs>0 53 8</runs>
            <runs>0 52 9</runs>
            <runs>0 50 10</runs>
            <runs>0 44 15</runs>
            <runs>0 4 1 39 14</runs>
            <runs>0 4 2 38 13</runs>
            <runs>7 35 14</runs>
            <runs>9 31 15</runs>
            <runs>10 26 18</runs>
            <runs>13 18 21</runs>
            <runs>0 1 16 2 7 1 24</runs>
            <runs>0 1 49</runs>
            <runs>0 1 48</runs>
            <runs>0 1 47</runs>
            <runs>0 1 46</runs>
            <runs>0 1 46</runs>
            <runs>0 1 46</runs>
            <runs>0 9 32</runs>
            <runs>0 9 31</runs>
            <runs>0 9 29</runs>
            <runs>0 11 25</runs>
            <runs>0 13 19</runs>
            <runs>0 14 15</runs>
            <runs></runs>
            <runs></runs>
            <runs></runs>
            <runs>0 8 4 22 3</runs>
            <runs>0 6 8 19 6</runs>
            <runs>0 6 9 17 7</runs>
            <runs>0 1 14 17 8</runs>
            <runs>0 1 14 16 9</runs>
            <runs>0 1 14 16 10</runs>
            <runs>0 1 14 17 9</runs>
            <runs>0 6 8 18 8</runs>
            <runs>0 7 6 20 6</runs>
            <runs>0 9 3 22 4</runs>
        </run-table>
    </sample>
    <sample shape="F_CLEF" interline="22" pitch="-1.8" left="454" top="1303" id="487">
        <run-table orientation="VERTICAL" width="58" height="68">
            <runs>0 18 7</runs>
            <runs>0 14 11</runs>
            <runs>0 11 15</runs>
            <runs>0 10 16</runs>
            <runs>0 8 20</runs>
            <runs>0 7 22</runs>
            <runs>0 5 25</runs>
            <runs>0 4 26</runs>
            <runs>10 1 19</runs>
            <runs>7 4 19</runs>
            <runs>0 4 2 5 20</runs>
            <runs>0 4 1 7 19</runs>
            <runs>0 12 18</runs>
            <runs>0 12 18 33 1</runs>
            <runs>0 13 16 33 2</runs>
            <runs>0 13 16 33 2</runs>
            <runs>0 14 14 33 7</runs>
            <runs>0 14 13 33 5</runs>
            <runs>0 15 11 33 5</runs>
            <runs>0 16 9 32 7</runs>
            <runs>0 56 7</runs>
            <runs>0 55 7</runs>
            <runs>0 53 8</runs>
            <runs>0 52 9</runs>
            <runs>0 50 10</runs>
            <runs>0 44 15</runs>
            <runs>0 4 1 39 14</runs>
            <runs>0 4 2 38 13</runs>
            <runs>7 35 14</runs>
            <runs>9 31 15</runs>
            <runs>10 26 18</runs>
            <runs>13 18 21</runs>
            <runs>0 1 16 2 7 1 24</runs>
            <runs>0 1 49</runs>
            <runs>0 1 48</runs>
            <runs>0 1 47</runs>
            <runs>0 1 46</runs>
            <runs>0 1 46</runs>
            <runs>0 1 46</runs>
            <runs>0 9 32</runs>
            <runs>0 9 31</runs>
            <runs>0 9 29</runs>
            <runs>0 11 25</runs>
            <runs>0 13 19</runs>
            <runs>0 14 15</runs>
            <runs></runs>
            <runs></runs>
            <runs></runs>
            <runs>0 8 4 22 3</runs>
            <runs>0 6 8 19 6</runs>
            <runs>0 6 9 17 7</runs>
            <runs>0 1 14 17 8</runs>
            <runs>0 1 14 16 9</runs>
            <runs>0 1 14 16 10</runs>
            <runs>0 1 14 17 9</runs>
            <runs>0 6 8 18 8</runs>
            <runs>0 7 6 20 6</runs>
            <runs>0 9 3 22 4</runs>
        </run-table>
    </sample>
    <sample shape="F_CLEF" interline="22" pitch="-1.8" left="443" top="1932" id="557">
        <run-table orientation="VERTICAL" width="58" height="68">
            <runs>0 15 10</runs>
            <runs>0 13 12</runs>
            <runs>0 11 14</runs>
            <runs>0 9 18</runs>
            <runs>0 7 21</runs>
            <runs>0 6 22</runs>
            <runs>0 5 24</runs>
            <runs>29</runs>
            <runs>9 1 20</runs>
            <runs>7 4 19</runs>
            <runs>0 4 2 5 19</runs>
            <runs>0 4 1 6 19</runs>
            <runs>0 11 19 33 1</runs>
            <runs>0 11 19 32 2</runs>
            <runs>0 12 18 31 7</runs>
            <runs>0 12 18 31 7</runs>
            <runs>0 13 16 30 9</runs>
            <runs>0 12 15 31 10</runs>
            <runs>0 11 15 31 6</runs>
            <runs>0 14 12 30 6</runs>
            <runs>0 55 7</runs>
            <runs>0 54 7</runs>
            <runs>0 53 7</runs>
            <runs>0 51 8</runs>
            <runs>0 49 9</runs>
            <runs>0 4 1 40 13</runs>
            <runs>0 4 1 39 13</runs>
            <runs>0 4 2 38 12</runs>
            <runs>7 34 13</runs>
            <runs>8 30 15</runs>
            <runs>0 1 9 25 17</runs>
            <runs>0 1 12 13 2 2 21</runs>
            <runs>0 1 18 3 28</runs>
            <runs>0 1 48</runs>
            <runs>0 1 47</runs>
            <runs>47</runs>
            <runs>47</runs>
            <runs>47</runs>
            <runs>0 6 37</runs>
            <runs>0 7 34</runs>
            <runs>0 9 31</runs>
            <runs>0 10 28</runs>
            <runs>0 12 21 1 2</runs>
            <runs>0 13 19</runs>
            <runs>0 16 2 2 9</runs>
            <runs></runs>
            <runs></runs>
            <runs></runs>
            <runs>0 8 6 19 6</runs>
            <runs>0 7 8 17 7</runs>
            <runs>0 6 10 16 9</runs>
            <runs>0 1 15 16 9</runs>
            <runs>0 1 15 16 9</runs>
            <runs>0 1 15 16 9</runs>
            <runs>15 17 9</runs>
            <runs>0 7 7 19 8</runs>
            <runs>0 8 5 20 8</runs>
            <runs>0 10 1 23 6</runs>
        </run-table>
    </sample>
    <sample shape="F_CLEF" interline="22" pitch="-1.8" left="435" top="2320" id="584">
        <run-table orientation="VERTICAL" width="57" height="68">
            <runs>0 15 9</runs>
            <runs>0 12 13</runs>
            <runs>0 10 16</runs>
            <runs>0 9 18</runs>
            <runs>0 8 20</runs>
            <runs>0 7 23</runs>
            <runs>0 5 25</runs>
            <runs>0 5 25</runs>
            <runs>8 3 19</runs>
            <runs>0 4 2 6 18</runs>
            <runs>0 4 1 7 19</runs>
            <runs>0 4 1 7 18</runs>
            <runs>0 12 18</runs>
            <runs>0 12 17 34 2</runs>
            <runs>0 13 16 34 2</runs>
            <runs>0 13 16 33 3</runs>
            <runs>0 14 14 33 7</runs>
            <runs>0 15 12 33 8</runs>
            <runs>0 17 9 33 9</runs>
            <runs>0 18 2 38 5</runs>
            <runs>0 57 6</runs>
            <runs>0 56 6</runs>
            <runs>0 55 6</runs>
            <runs>0 53 8</runs>
            <runs>0 4 1 46 8</runs>
            <runs>0 4 1 39 14</runs>
            <runs>0 4 2 38 13</runs>
            <runs>0 4 3 36 13</runs>
            <runs>8 33 14</runs>
            <runs>0 1 9 27 17</runs>
            <runs>0 1 11 22 19</runs>
            <runs>0 1 15 15 21</runs>
            <runs>0 1 50</runs>
            <runs>0 1 49</runs>
            <runs>0 1 48</runs>
            <runs>0 1 44</runs>
            <runs>46</runs>
            <runs>0 6 42</runs>
            <runs>0 7 36</runs>
            <runs>0 8 33</runs>
            <runs>0 9 30</runs>
            <runs>0 11 25</runs>
            <runs>0 13 20</runs>
            <runs>0 14 3 1 13</runs>
            <runs>0 21 2</runs>
            <runs></runs>
            <runs></runs>
            <runs>0 11 2 21 1</runs>
            <runs>0 8 6 19 6</runs>
            <runs>0 6 9 17 8</runs>
            <runs>0 1 14 17 8</runs>
            <runs>0 1 14 17 8</runs>
            <runs>0 1 15 16 10</runs>
            <runs>0 6 9 17 10</runs>
            <runs>0 7 8 17 8</runs>
            <runs>0 8 6 19 7</runs>
            <runs>0 10 3 21 4</runs>
        </run-table>
    </sample>
    <sample shape="F_CLEF" interline="22" pitch="-1.7" left="425" top="2556" id="603">
        <run-table orientation="VERTICAL" width="64" height="75">
            <runs>0 73 2</runs>
            <runs>0 72 3</runs>
            <runs>0 72 3</runs>
            <runs>0 72 2</runs>
            <runs>0 72 2</runs>
            <runs>0 71 2</runs>
            <runs></runs>
            <runs>0 14 10</runs>
            <runs>0 11 13</runs>
            <runs>0 10 15</runs>
            <runs>0 9 18</runs>
            <runs>0 7 20</runs>
            <runs>0 6 22</runs>
            <runs>0 5 24</runs>
            <runs>0 4 5 2 18</runs>
            <runs>0 4 2 5 18</runs>
            <runs>0 3 2 6 18</runs>
            <runs>0 11 18</runs>
            <runs>0 11 18 34 1</runs>
            <runs>0 11 17 35 1</runs>
            <runs>0 12 16 33 3</runs>
            <runs>0 12 16 33 3</runs>
            <runs>0 12 16 32 4</runs>
            <runs>0 13 14 32 7</runs>
            <runs>0 14 12 32 5</runs>
            <runs>0 15 10 32 6</runs>
            <runs>0 19 3 34 6</runs>
            <runs>0 55 6</runs>
            <runs>0 54 6</runs>
            <runs>0 52 7</runs>
            <runs>0 51 7</runs>
            <runs>0 50 7</runs>
            <runs>0 48 8</runs>
            <runs>0 4 1 39 12</runs>
            <runs>0 4 2 36 12</runs>
            <runs>7 34 12</runs>
            <runs>9 31 12</runs>
            <runs>0 1 9 24 17</runs>
            <runs>0 1 13 14 21</runs>
            <runs>0 1 15 1 32</runs>
            <runs>0 1 47</runs>
            <runs>0 1 46</runs>
            <runs>0 5 41</runs>
            <runs>0 5 41</runs>
            <runs>0 6 40</runs>
            <runs>0 7 34</runs>
            <runs>0 8 30</runs>
            <runs>0 10 26</runs>
            <runs>0 11 24</runs>
            <runs>0 14 19</runs>
            <runs>0 15 13 3 1</runs>
            <runs>0 19 8</runs>
            <runs></runs>
            <runs></runs>
            <runs></runs>
            <runs>0 8 5 19 6</runs>
            <runs>0 7 7 18 7</runs>
            <runs>0 6 8 17 8</runs>
            <runs>0 5 9 17 9</runs>
            <runs>0 5 9 17 9</runs>
            <runs>0 5 9 17 9</runs>
            <runs>0 6 7 19 7</runs>
            <runs>0 7 6 19 7</runs>
            <runs>0 10 2 21 6</runs>
        </run-table>
    </sample>
    <sample shape="F_CLEF" interline="22" pitch="-1.7" left="432" top="2556" id="605">
        <run-table orientation="VERTICAL" width="57" height="72">
            <runs>0 14 10 46 2</runs>
            <runs>0 11 13 46 2</runs>
            <runs>0 10 15 44 3</runs>
            <runs>0 9 18 41 3</runs>
            <runs>0 7 20 41 2</runs>
            <runs>0 6 22 40 2</runs>
            <runs>0 5 24 39 2</runs>
            <runs>0 4 5 2 18 39 1</runs>
            <runs>0 4 2 5 18</runs>
            <runs>0 3 2 6 18</runs>
            <runs>0 11 18</runs>
            <runs>0 11 18 34 1</runs>
            <runs>0 11 17 35 1</runs>
            <runs>0 12 16 33 3</runs>
            <runs>0 12 16 33 3</runs>
            <runs>0 12 16 32 4</runs>
            <runs>0 13 14 32 7</runs>
            <runs>0 14 12 32 5</runs>
            <runs>0 15 10 32 6</runs>
            <runs>0 19 3 34 6</runs>
            <runs>0 55 6</runs>
            <runs>0 54 6</runs>
            <runs>0 52 7</runs>
            <runs>0 51 7</runs>
            <runs>0 50 7</runs>
            <runs>0 48 8</runs>
            <runs>0 4 1 39 12</runs>
            <runs>0 4 2 36 12</runs>
            <runs>7 34 12</runs>
            <runs>9 31 12</runs>
            <runs>0 1 9 24 17</runs>
            <runs>0 1 13 14 21</runs>
            <runs>0 1 15 1 32</runs>
            <runs>0 1 47</runs>
            <runs>0 1 46</runs>
            <runs>0 5 41</runs>
            <runs>0 5 41</runs>
            <runs>0 6 40</runs>
            <runs>0 7 34</runs>
            <runs>0 8 30</runs>
            <runs>0 10 26</runs>
            <runs>0 11 24</runs>
            <runs>0 14 19</runs>
            <runs>0 15 13 3 1</runs>
            <runs>0 19 8</runs>
            <runs></runs>
            <runs></runs>
            <runs></runs>
            <runs>0 8 5 19 6</runs>
            <runs>0 7 7 18 7</runs>
            <runs>0 6 8 17 8</runs>
            <runs>0 5 9 17 9</runs>
            <runs>0 5 9 17 9</runs>
            <runs>0 5 9 17 9</runs>
            <runs>0 6 7 19 7</runs>
            <runs>0 7 6 19 7</runs>
            <runs>0 10 2 21 6</runs>
        </run-table>
    </sample>
    <sample shape="F_CLEF" interline="22" pitch="-1.8" left="432" top="2556" id="602">
        <run-table orientation="VERTICAL" width="57" height="66">
            <runs>0 14 10</runs>
            <runs>0 11 13</runs>
            <runs>0 10 15</runs>
            <runs>0 9 18</runs>
            <runs>0 7 20</runs>
            <runs>0 6 22</runs>
            <runs>0 5 24</runs>
            <runs>0 4 5 2 18</runs>
            <runs>0 4 2 5 18</runs>
            <runs>0 3 2 6 18</runs>
            <runs>0 11 18</runs>
            <runs>0 11 18 34 1</runs>
            <runs>0 11 17 35 1</runs>
            <runs>0 12 16 33 3</runs>
            <runs>0 12 16 33 3</runs>
            <runs>0 12 16 32 4</runs>
            <runs>0 13 14 32 7</runs>
            <runs>0 14 12 32 5</runs>
            <runs>0 15 10 32 6</runs>
            <runs>0 19 3 34 6</runs>
            <runs>0 55 6</runs>
            <runs>0 54 6</runs>
            <runs>0 52 7</runs>
            <runs>0 51 7</runs>
            <runs>0 50 7</runs>
            <runs>0 48 8</runs>
            <runs>0 4 1 39 12</runs>
            <runs>0 4 2 36 12</runs>
            <runs>7 34 12</runs>
            <runs>9 31 12</runs>
            <runs>0 1 9 24 17</runs>
            <runs>0 1 13 14 21</runs>
            <runs>0 1 15 1 32</runs>
            <runs>0 1 47</runs>
            <runs>0 1 46</runs>
            <runs>0 5 41</runs>
            <runs>0 5 41</runs>
            <runs>0 6 40</runs>
            <runs>0 7 34</runs>
            <runs>0 8 30</runs>
            <runs>0 10 26</runs>
            <runs>0 11 24</runs>
            <runs>0 14 19</runs>
            <runs>0 15 13 3 1</runs>
            <runs>0 19 8</runs>
            <runs></runs>
            <runs></runs>
            <runs></runs>
            <runs>0 8 5 19 6</runs>
            <runs>0 7 7 18 7</runs>
            <runs>0 6 8 17 8</runs>
            <runs>0 5 9 17 9</runs>
            <runs>0 5 9 17 9</runs>
            <runs>0 5 9 17 9</runs>
            <runs>0 6 7 19 7</runs>
            <runs>0 7 6 19 7</runs>
            <runs>0 10 2 21 6</runs>
        </run-table>
    </sample>
    <sample shape="SHARP" interline="22" pitch="-4.0" left="545" top="426" id="360">
        <run-table orientation="VERTICAL" width="23" height="62">
            <runs>0 41 8</runs>
            <runs>0 18 10 12 10</runs>
            <runs>0 17 11 12 10</runs>
            <runs>0 17 11 12 10</runs>
            <runs>0 15 19 5 18</runs>
            <runs>0 5 56</runs>
            <runs>0 4 58</runs>
            <runs>0 4 22 1 7 2 25</runs>
            <runs>0 14 11 12 12</runs>
            <runs>0 15 10 12 11</runs>
            <runs>0 15 10 12 10</runs>
            <runs>0 14 10 13 10</runs>
            <runs>0 14 10 13 10</runs>
            <runs>0 13 11 11 12</runs>
            <runs>0 1 6 3 14 5 29</runs>
            <runs>59</runs>
            <runs>59</runs>
            <runs>0 1 21 4 32</runs>
            <runs>0 10 12 7 16</runs>
            <runs>0 11 10 9 14</runs>
            <runs>0 12 9 9 14</runs>
            <runs>0 11 10 8 14</runs>
            <runs>0 13 2 3 1 20 2</runs>
        </run-table>
    </sample>
    <sample shape="SHARP" interline="22" pitch="-1.8" left="542" top="698" id="362">
        <run-table orientation="VERTICAL" width="22" height="60">
            <runs>0 18 12 9 12</runs>
            <runs>0 17 13 9 12</runs>
            <runs>0 16 14 8 13</runs>
            <runs>0 16 14 8 13 5 4</runs>
            <runs>0 3 57</runs>
            <runs>0 3 57</runs>
            <runs>0 3 56</runs>
            <runs>0 4 7 2 17 5 16</runs>
            <runs>0 14 10 12 16</runs>
            <runs>0 14 10 12 11</runs>
            <runs>0 14 10 11 11</runs>
            <runs>0 13 10 12 10</runs>
            <runs>0 13 10 11 11</runs>
            <runs>0 11 12 10 23</runs>
            <runs>57</runs>
            <runs>57</runs>
            <runs>56</runs>
            <runs>0 4 17 6 17 2 2</runs>
            <runs>0 10 11 11 11</runs>
            <runs>0 10 11 11 11</runs>
            <runs>0 11 9 12 10</runs>
            <runs>0 16 3 14 2</runs>
        </run-table>
    </sample>
    <sample shape="SHARP" interline="22" pitch="-4.0" left="536" top="1031" id="503">
        <run-table orientation="VERTICAL" width="22" height="62">
            <runs>0 19 8 15 9</runs>
            <runs>0 18 10 13 14</runs>
            <runs>0 18 10 13 10</runs>
            <runs>0 18 10 12 11</runs>
            <runs>0 5 7 1 1 1 21 3 23</runs>
            <runs>0 4 58</runs>
            <runs>0 5 31 1 20 3 1</runs>
            <runs>0 15 12 11 11</runs>
            <runs>0 15 11 13 9</runs>
            <runs>0 15 11 13 9</runs>
            <runs>0 15 10 13 10</runs>
            <runs>0 15 10 12 10</runs>
            <runs>0 15 9 13 10</runs>
            <runs>0 14 10 12 11</runs>
            <runs>0 1 5 2 2 3 12 3 31</runs>
            <runs>59</runs>
            <runs>0 1 58</runs>
            <runs>0 11 12 6 16</runs>
            <runs>0 12 10 12 11</runs>
            <runs>0 12 10 12 10</runs>
            <runs>0 12 9 14 9</runs>
            <runs>0 13 6 17 3</runs>
        </run-table>
    </sample>
    <sample shape="SHARP" interline="22" pitch="-2.2" left="530" top="1296" id="505">
        <run-table orientation="VERTICAL" width="22" height="62">
            <runs>0 19 4 18 2 3 2</runs>
            <runs>0 18 9 13 10</runs>
            <runs>0 17 10 13 10</runs>
            <runs>0 17 10 13 10</runs>
            <runs>0 14 12 11 13 9 2</runs>
            <runs>0 4 58</runs>
            <runs>0 4 23 1 33</runs>
            <runs>0 14 12 11 11 10 2</runs>
            <runs>0 15 10 13 10</runs>
            <runs>0 14 10 13 10</runs>
            <runs>0 14 10 13 10</runs>
            <runs>0 13 11 12 10</runs>
            <runs>0 13 10 13 10</runs>
            <runs>0 8 15 12 11</runs>
            <runs>24 6 17</runs>
            <runs>58</runs>
            <runs>0 1 25 1 32</runs>
            <runs>0 8 14 8 15 11 2</runs>
            <runs>0 9 12 10 13</runs>
            <runs>0 9 12 10 12</runs>
            <runs>0 8 13 10 12</runs>
            <runs>0 8 7 3 2 11 11</runs>
        </run-table>
    </sample>
    <sample shape="SHARP" interline="22" pitch="-3.9" left="524" top="1662" id="567">
        <run-table orientation="VERTICAL" width="22" height="62">
            <runs>0 18 8 16 7</runs>
            <runs>0 17 10 14 13</runs>
            <runs>0 17 10 13 14</runs>
            <runs>0 17 10 12 15</runs>
            <runs>0 4 29 5 16</runs>
            <runs>0 4 58</runs>
            <runs>0 5 2 3 2 1 49</runs>
            <runs>0 14 12 11 24</runs>
            <runs>0 14 11 12 11</runs>
            <runs>0 14 11 12 10</runs>
            <runs>0 14 10 13 10</runs>
            <runs>0 14 10 12 11</runs>
            <runs>0 13 10 13 11</runs>
            <runs>0 13 10 13 11</runs>
            <runs>25 3 20 1 8</runs>
            <runs>58</runs>
            <runs>0 1 3 1 53</runs>
            <runs>0 11 11 7 17 1 8</runs>
            <runs>0 11 10 8 15</runs>
            <runs>0 11 9 9 15</runs>
            <runs>0 11 9 14 9</runs>
            <runs>0 16 3 16 8</runs>
        </run-table>
    </sample>
    <sample shape="SHARP" interline="22" pitch="-1.9" left="520" top="1928" id="569">
        <run-table orientation="VERTICAL" width="23" height="60">
            <runs>0 39 13</runs>
            <runs>0 17 10 12 13</runs>
            <runs>0 17 9 12 14</runs>
            <runs>0 16 10 12 14</runs>
            <runs>0 15 11 11 16 1 6</runs>
            <runs>0 3 57</runs>
            <runs>0 3 57</runs>
            <runs>0 11 14 11 12</runs>
            <runs>0 14 10 12 11</runs>
            <runs>0 14 10 12 10</runs>
            <runs>0 14 10 12 10</runs>
            <runs>0 13 10 13 10</runs>
            <runs>0 13 10 13 10</runs>
            <runs>0 13 10 12 11</runs>
            <runs>0 1 8 3 11 11 13 1 9</runs>
            <runs>57</runs>
            <runs>47 9 1</runs>
            <runs>22 10 12</runs>
            <runs>0 6 15 12 11</runs>
            <runs>0 6 14 13 11</runs>
            <runs>0 10 10 13 11</runs>
            <runs>0 6 13 15 10</runs>
            <runs>0 39 4</runs>
        </run-table>
    </sample>
    <sample shape="SHARP" interline="22" pitch="-2.0" left="513" top="2315" id="632">
        <run-table orientation="VERTICAL" width="22" height="62">
            <runs>0 18 2 1 1 19 9</runs>
            <runs>0 17 10 14 9</runs>
            <runs>0 17 10 13 10</runs>
            <runs>0 17 10 13 13</runs>
            <runs>0 15 17 1 4 2 22</runs>
            <runs>0 4 58</runs>
            <runs>0 4 58</runs>
            <runs>0 14 12 12 10</runs>
            <runs>0 14 11 13 8</runs>
            <runs>0 14 10 14 9</runs>
            <runs>0 14 10 13 9</runs>
            <runs>0 14 10 13 9</runs>
            <runs>0 13 11 13 9</runs>
            <runs>0 13 11 12 10</runs>
            <runs>26 3 30</runs>
            <runs>59</runs>
            <runs>0 1 57</runs>
            <runs>0 6 16 7 17</runs>
            <runs>0 7 14 12 11</runs>
            <runs>0 7 14 12 11</runs>
            <runs>0 7 13 14 10</runs>
            <runs>0 35 1</runs>
        </run-table>
    </sample>
    <sample shape="SHARP" interline="22" pitch="-2.1" left="508" top="2550" id="634">
        <run-table orientation="VERTICAL" width="24" height="60">
            <runs>0 40 9</runs>
            <runs>0 18 8 13 9</runs>
            <runs>0 17 9 13 9</runs>
            <runs>0 17 9 13 9</runs>
            <runs>0 16 10 12 11 1 10</runs>
            <runs>0 7 53</runs>
            <runs>0 3 57</runs>
            <runs>0 4 21 10 12</runs>
            <runs>0 13 11 12 10</runs>
            <runs>0 13 10 13 9</runs>
            <runs>0 14 9 13 9</runs>
            <runs>0 13 10 13 9</runs>
            <runs>0 13 10 12 9</runs>
            <runs>0 13 10 12 10</runs>
            <runs>0 12 11 11 13 3 7</runs>
            <runs>0 1 2 3 51</runs>
            <runs>56</runs>
            <runs>27 2 16</runs>
            <runs>0 7 14 9 13</runs>
            <runs>0 7 13 10 13</runs>
            <runs>0 8 11 11 12</runs>
            <runs>0 8 12 16 3</runs>
            <runs>0 15 2</runs>
            <runs>0 16 1</runs>
        </run-table>
    </sample>
    <sample shape="SHARP" interline="22" pitch="-4.2" left="502" top="2923" id="670">
        <run-table orientation="VERTICAL" width="22" height="61">
            <runs>0 17 8 15 9</runs>
            <runs>0 16 10 14 9</runs>
            <runs>0 16 10 13 10</runs>
            <runs>0 16 11 12 10</runs>
            <runs>0 16 18 1 25</runs>
            <runs>0 4 57</runs>
            <runs>0 4 23 9 11</runs>
            <runs>0 5 6 3 11 12 10</runs>
            <runs>0 14 10 13 10</runs>
            <runs>0 14 10 13 9</runs>
            <runs>0 13 11 13 9</runs>
            <runs>0 13 10 14 9</runs>
            <runs>0 13 10 13 10</runs>
            <runs>0 13 11 12 12</runs>
            <runs>0 1 24 3 30</runs>
            <runs>58</runs>
            <runs>46 2 8</runs>
            <runs>0 2 20 7 15</runs>
            <runs>0 11 10 9 14</runs>
            <runs>0 11 10 9 13</runs>
            <runs>0 11 10 9 13</runs>
            <runs>0 12 7</runs>
        </run-table>
    </sample>
    <sample shape="SHARP" interline="22" pitch="-2.0" left="498" top="3190" id="672">
        <run-table orientation="VERTICAL" width="23" height="60">
            <runs>0 41 7</runs>
            <runs>0 18 8 14 9</runs>
            <runs>0 17 10 12 10</runs>
            <runs>0 17 9 13 10</runs>
            <runs>0 16 10 11 23</runs>
            <runs>0 5 8 2 45</runs>
            <runs>0 4 56</runs>
            <runs>0 4 23 9 20</runs>
            <runs>0 7 18 12 10</runs>
            <runs>0 14 10 13 9</runs>
            <runs>0 14 10 13 9</runs>
            <runs>0 14 9 14 9</runs>
            <runs>0 14 9 13 9</runs>
            <runs>0 14 9 12 10 8 3</runs>
            <runs>0 13 10 12 22</runs>
            <runs>0 6 52</runs>
            <runs>57</runs>
            <runs>26 3 15</runs>
            <runs>0 5 17 8 14</runs>
            <runs>0 8 13 9 13</runs>
            <runs>0 8 13 9 13</runs>
            <runs>0 8 12 10 13</runs>
            <runs>0 13 5</runs>
        </run-table>
    </sample>
    <sample shape="TIME_TWO" interline="22" pitch="-2.0" left="588" top="459" id="372">
        <run-table orientation="VERTICAL" width="32" height="40">
            <runs>0 7 7 21 5</runs>
            <runs>0 6 9 17 8</runs>
            <runs>0 3 13 14 9</runs>
            <runs>0 2 15 12 9</runs>
            <runs>17 10 10</runs>
            <runs>18 7 12</runs>
            <runs>18 6 13</runs>
            <runs>18 2 18</runs>
            <runs>4 3 10 6 3 1 11</runs>
            <runs>3 5 9 6 3 2 10</runs>
            <runs>3 5 8 7 3 2 11</runs>
            <runs>3 7 5 8 2 3 12</runs>
            <runs>3 20 2 3 12</runs>
            <runs>3 20 1 4 12</runs>
            <runs>3 20 1 4 12</runs>
            <runs>4 14 1 10 11</runs>
            <runs>4 13 2 11 10</runs>
            <runs>6 9 8 7 10</runs>
            <runs>9 2 12 8 9</runs>
            <runs>23 8 9</runs>
            <runs>23 8 9</runs>
            <runs>23 8 9</runs>
            <runs>23 8 9</runs>
            <runs>23 8 9</runs>
            <runs>23 8 9</runs>
            <runs>0 3 20 7 10</runs>
            <runs>0 4 19 6 10</runs>
            <runs>0 5 18 4 11</runs>
            <runs>0 6 12 7 11</runs>
            <runs>0 8 9 7 11</runs>
            <runs>0 25 7</runs>
            <runs>0 27 1</runs>
        </run-table>
    </sample>
    <sample shape="TIME_TWO" interline="22" pitch="-2.0" left="585" top="706" id="387">
        <run-table orientation="VERTICAL" width="33" height="40">
            <runs>0 10 1</runs>
            <runs>0 6 9 20 4</runs>
            <runs>0 5 11 16 7</runs>
            <runs>0 4 12 14 8</runs>
            <runs>0 3 14 11 9</runs>
            <runs>0 2 15 10 9</runs>
            <runs>18 7 11</runs>
            <runs>18 6 12</runs>
            <runs>17 2 18</runs>
            <runs>5 2 10 2 19</runs>
            <runs>4 4 9 6 2 2 11</runs>
            <runs>0 8 9 6 2 2 12</runs>
            <runs>0 9 7 7 1 3 12</runs>
            <runs>0 12 2 9 1 4 12</runs>
            <runs>0 23 1 4 12</runs>
            <runs>0 18 1 9 12</runs>
            <runs>0 18 1 10 11</runs>
            <runs>0 17 2 10 11</runs>
            <runs>6 9 8 7 10</runs>
            <runs>7 4 1 1 10 7 10</runs>
            <runs>23 7 10</runs>
            <runs>23 7 10</runs>
            <runs>23 7 10</runs>
            <runs>23 7 10</runs>
            <runs>23 7 10</runs>
            <runs>23 7 10</runs>
            <runs>0 3 20 7 10</runs>
            <runs>0 4 19 6 10</runs>
            <runs>0 5 18 5 10</runs>
            <runs>0 6 12 7 12</runs>
            <runs>0 8 9 3 15</runs>
            <runs>0 10 4 10 8</runs>
            <runs>0 26 3</runs>
        </run-table>
    </sample>
    <sample shape="TIME_FOUR" interline="22" pitch="2.2" left="587" top="504" id="375">
        <run-table orientation="VERTICAL" width="33" height="40">
            <runs>0 30 3</runs>
            <runs>0 29 4</runs>
            <runs>0 27 6</runs>
            <runs>0 26 7</runs>
            <runs>0 24 9</runs>
            <runs>0 18 10 2 3</runs>
            <runs>0 18 9 4 2</runs>
            <runs>0 18 8 5 2</runs>
            <runs>0 17 7 7 2</runs>
            <runs>0 15 8 8 2</runs>
            <runs>0 11 11 9 3</runs>
            <runs>0 4 18 9 3</runs>
            <runs>0 1 21 8 4</runs>
            <runs>21 9 4</runs>
            <runs>21 9 5</runs>
            <runs>16 14 5</runs>
            <runs>15 12 13</runs>
            <runs>14 5 21</runs>
            <runs>13 6 21</runs>
            <runs>11 8 21</runs>
            <runs>10 9 21</runs>
            <runs>9 9 22</runs>
            <runs>8 9 23</runs>
            <runs>6 10 24</runs>
            <runs>5 9 26</runs>
            <runs>3 10 27</runs>
            <runs>3 9 28</runs>
            <runs>0 11 29</runs>
            <runs>0 11 2 3 7 4 13</runs>
            <runs>0 29 3 5 3</runs>
            <runs>0 29 3 6 2</runs>
            <runs>0 29 3 6 2</runs>
            <runs>0 29 3 6 2</runs>
        </run-table>
    </sample>
    <sample shape="TIME_FOUR" interline="22" pitch="2.2" left="585" top="751" id="393">
        <run-table orientation="VERTICAL" width="33" height="40">
            <runs>0 28 5</runs>
            <runs>0 27 6</runs>
            <runs>0 25 8</runs>
            <runs>0 24 9</runs>
            <runs>0 22 6 1 4</runs>
            <runs>0 17 10 3 3</runs>
            <runs>0 17 9 4 3</runs>
            <runs>0 14 10 6 3</runs>
            <runs>0 12 11 7 3</runs>
            <runs>0 10 12 7 4</runs>
            <runs>0 4 17 8 4</runs>
            <runs>20 9 4</runs>
            <runs>20 9 4</runs>
            <runs>21 8 4</runs>
            <runs>21 8 4 3 2</runs>
            <runs>0 1 14 9 16</runs>
            <runs>0 1 13 4 22</runs>
            <runs>12 6 22</runs>
            <runs>11 7 22</runs>
            <runs>10 8 22</runs>
            <runs>9 8 23</runs>
            <runs>8 8 24</runs>
            <runs>6 9 25</runs>
            <runs>5 9 26</runs>
            <runs>4 9 27</runs>
            <runs>3 8 29</runs>
            <runs>0 11 29</runs>
            <runs>0 11 10 2 1 3 13</runs>
            <runs>0 28 5</runs>
            <runs>0 28 5</runs>
            <runs>0 28 4</runs>
            <runs>0 29 3</runs>
            <runs>0 29 3</runs>
        </run-table>
    </sample>
    <sample shape="TIME_TWO_FOUR" interline="22" pitch="-0.1" left="587" top="459" id="368">
        <run-table orientation="VERTICAL" width="33" height="85">
            <runs>0 75 3</runs>
            <runs>0 7 7 21 5 34 4</runs>
            <runs>0 6 9 17 8 32 6</runs>
            <runs>0 3 13 14 9 32 7</runs>
            <runs>0 2 15 12 9 31 9</runs>
            <runs>17 10 10 26 10 2 3</runs>
            <runs>18 7 12 26 9 4 2</runs>
            <runs>18 6 13 26 8 5 2</runs>
            <runs>18 2 18 24 7 7 2</runs>
            <runs>4 3 10 6 3 1 11 22 8 8 2</runs>
            <runs>3 5 9 6 3 2 10 18 11 9 3</runs>
            <runs>3 5 8 7 3 2 11 10 18 9 3</runs>
            <runs>3 7 5 8 2 3 12 6 21 8 4</runs>
            <runs>3 20 2 3 12 2 24 9 4</runs>
            <runs>3 20 1 4 12 2 24 9 5</runs>
            <runs>3 20 1 4 33 14 5</runs>
            <runs>4 14 1 10 31 12 13</runs>
            <runs>4 13 2 11 11 4 14 5 21</runs>
            <runs>6 9 8 7 11 1 16 6 21</runs>
            <runs>9 2 12 8 25 8 21</runs>
            <runs>23 8 24 9 21</runs>
            <runs>23 8 10 1 12 9 22</runs>
            <runs>23 8 10 1 11 9 23</runs>
            <runs>23 8 10 1 9 10 24</runs>
            <runs>23 8 10 1 8 9 26</runs>
            <runs>23 8 9 2 6 10 27</runs>
            <runs>0 3 20 7 10 1 7 9 28</runs>
            <runs>0 4 19 6 10 17 29</runs>
            <runs>0 5 18 4 11 18 2 3 7 4 13</runs>
            <runs>0 6 12 7 11 38 3 5 3</runs>
            <runs>0 8 9 7 11 39 3 6 2</runs>
            <runs>0 25 7 42 3 6 2</runs>
            <runs>0 27 1 46 3 6 2</runs>
        </run-table>
    </sample>
    <sample shape="TIME_TWO_FOUR" interline="22" pitch="-0.1" left="585" top="706" id="381">
        <run-table orientation="VERTICAL" width="33" height="85">
            <runs>0 10 1 62 5</runs>
            <runs>0 6 9 20 4 33 6</runs>
            <runs>0 5 11 16 7 31 8</runs>
            <runs>0 4 12 14 8 31 9</runs>
            <runs>0 3 14 11 9 30 6 1 4</runs>
            <runs>0 2 15 10 9 26 10 3 3</runs>
            <runs>18 7 11 26 9 4 3</runs>
            <runs>18 6 12 23 10 6 3</runs>
            <runs>17 2 18 20 11 7 3</runs>
            <runs>5 2 10 2 19 17 12 7 4</runs>
            <runs>4 4 9 6 2 2 11 11 17 8 4</runs>
            <runs>0 8 9 6 2 2 12 6 20 9 4</runs>
            <runs>0 9 7 7 1 3 12 6 20 9 4</runs>
            <runs>0 12 2 9 1 4 12 5 21 8 4</runs>
            <runs>0 23 1 4 12 5 21 8 4 3 2</runs>
            <runs>0 18 1 9 12 6 14 9 16</runs>
            <runs>0 18 1 10 11 6 13 4 22</runs>
            <runs>0 17 2 10 11 2 15 6 22</runs>
            <runs>6 9 8 7 10 2 14 7 22</runs>
            <runs>7 4 1 1 10 7 10 5 10 8 22</runs>
            <runs>23 7 10 5 9 8 23</runs>
            <runs>23 7 10 1 12 8 24</runs>
            <runs>23 7 10 1 10 9 25</runs>
            <runs>23 7 10 1 9 9 26</runs>
            <runs>23 7 19 9 27</runs>
            <runs>23 7 14 1 3 8 29</runs>
            <runs>0 3 20 7 10 16 29</runs>
            <runs>0 4 19 6 10 17 10 2 1 3 13</runs>
            <runs>0 5 18 5 10 35 5</runs>
            <runs>0 6 12 7 12 36 5</runs>
            <runs>0 8 9 3 15 38 4</runs>
            <runs>0 10 4 10 8 42 3</runs>
            <runs>0 26 3 45 3</runs>
        </run-table>
    </sample>
</samples>
