<?xml version="1.0" encoding="UTF-8" standalone="yes"?>
<samples sheet-name="IMSLP00693#13">
    <sample shape="C_CLEF" interline="13" pitch="-2.1" left="330" top="1072" id="942">
        <run-table orientation="VERTICAL" width="41" height="59">
            <runs>0 38 1 10 2 1 2</runs>
            <runs>0 7 52</runs>
            <runs>0 1 58</runs>
            <runs>59</runs>
            <runs>59</runs>
            <runs>59</runs>
            <runs>59</runs>
            <runs>59</runs>
            <runs>32 1 3 3 7 3 10</runs>
            <runs>0 1 11</runs>
            <runs>0 2 5</runs>
            <runs>0 8 6 12 2 8 2 7 14</runs>
            <runs>0 4 2 1 52</runs>
            <runs>0 1 58</runs>
            <runs>0 1 46 1 11</runs>
            <runs>0 1 9 15 8</runs>
            <runs>0 1 6 20 7 17 1</runs>
            <runs>0 7 5 13 12 11 10</runs>
            <runs>0 4 10 9 15 9 11</runs>
            <runs>0 4 10 7 19 6 12</runs>
            <runs>0 3 11 2 28 2 12</runs>
            <runs>0 3 12 1 28 2 12</runs>
            <runs>0 2 39 5 12</runs>
            <runs>0 2 12 5 20 7 13</runs>
            <runs>0 1 13 8 4 8 4 8 8</runs>
            <runs>0 1 3 2 8 9 3 7 4 10 6</runs>
            <runs>0 1 3 3 4 13 3 6 3</runs>
            <runs>0 1 3 20 3 6 3</runs>
            <runs>0 1 3 20 12</runs>
            <runs>0 1 4 19 12</runs>
            <runs>0 1 4 18 13 15 7</runs>
            <runs>0 1 9 3 1 8 16 4 16</runs>
            <runs>0 1 26 1 30</runs>
            <runs>0 2 25 6 25</runs>
            <runs>0 2 24 7 25</runs>
            <runs>0 3 23 7 25</runs>
            <runs>0 4 21 9 24</runs>
            <runs>0 4 21 10 18</runs>
            <runs>0 5 18 14 15</runs>
            <runs>0 7 15 15 15</runs>
            <runs>0 9 10 26 2</runs>
        </run-table>
    </sample>
    <sample shape="C_CLEF" interline="13" pitch="0.0" left="331" top="1704" id="1016">
        <run-table orientation="VERTICAL" width="41" height="61">
            <runs>0 52 7</runs>
            <runs>0 1 59</runs>
            <runs>61</runs>
            <runs>60</runs>
            <runs>60</runs>
            <runs>60</runs>
            <runs>60</runs>
            <runs>59</runs>
            <runs>0 1 35 4 13</runs>
            <runs></runs>
            <runs>0 51 9</runs>
            <runs>0 46 14</runs>
            <runs>0 1 59</runs>
            <runs>0 1 59</runs>
            <runs>0 1 35 1 4 1 10</runs>
            <runs>0 1 16 3 2 5 6</runs>
            <runs>0 27 8 14 10</runs>
            <runs>0 6 7 13 11 11 11</runs>
            <runs>0 2 12 11 14 8 12</runs>
            <runs>0 1 13 8 18 7 12</runs>
            <runs>0 1 43 2 13</runs>
            <runs>0 1 43 2 14</runs>
            <runs>0 1 16 1 26 2 14</runs>
            <runs>0 1 17 2 12 1 8 5 14</runs>
            <runs>0 6 11 6 3 9 3 8 14</runs>
            <runs>0 7 7 10 2 9 1 12 4 3 5</runs>
            <runs>0 8 3 14 1 8 2 18 6</runs>
            <runs>0 25 2 7 1 19 6</runs>
            <runs>0 25 2 7 2 18 6</runs>
            <runs>0 25 2 6 3 18 6</runs>
            <runs>0 25 2 6 4 15 8</runs>
            <runs>0 1 7 14 5 7 10 2 13</runs>
            <runs>0 1 26 7 25</runs>
            <runs>0 1 25 8 25</runs>
            <runs>0 1 25 9 23</runs>
            <runs>0 1 25 9 24</runs>
            <runs>0 1 25 9 24</runs>
            <runs>0 1 24 12 21</runs>
            <runs>0 6 18 13 16</runs>
            <runs>0 8 14 17 13</runs>
            <runs>0 10 1 1 7 22 8</runs>
        </run-table>
    </sample>
    <sample shape="C_CLEF" interline="13" pitch="-0.0" left="335" top="2764" id="1176">
        <run-table orientation="VERTICAL" width="41" height="58">
            <runs>0 47 2 1 2</runs>
            <runs>0 6 34 1 17</runs>
            <runs>0 1 57</runs>
            <runs>58</runs>
            <runs>58</runs>
            <runs>58</runs>
            <runs>58</runs>
            <runs>58</runs>
            <runs>58</runs>
            <runs>19 3 2 1 33</runs>
            <runs></runs>
            <runs></runs>
            <runs>0 1 57</runs>
            <runs>58</runs>
            <runs>58</runs>
            <runs>8 40 10</runs>
            <runs></runs>
            <runs>0 2 10 14 7 16 3</runs>
            <runs>0 2 11 10 13 11 11</runs>
            <runs>0 2 12 8 15 9 12</runs>
            <runs>0 1 13 6 19 7 12</runs>
            <runs>0 2 12 1 29 1 13</runs>
            <runs>0 2 12 5 21 5 13</runs>
            <runs>0 1 13 6 7 1 12 5 13</runs>
            <runs>0 1 13 8 2 10 3 9 12</runs>
            <runs>0 1 13 8 3 8 3 10 12</runs>
            <runs>0 1 12 10 3 7 3 11 6</runs>
            <runs>0 7 3 13 3 6 3 13 4</runs>
            <runs>0 23 3 6 3</runs>
            <runs>0 23 3 2 7</runs>
            <runs>0 22 4 2 8 16 2</runs>
            <runs>0 6 4 10 6 2 12 6 2 1 9</runs>
            <runs>0 1 25 6 26</runs>
            <runs>0 2 24 6 26</runs>
            <runs>0 2 23 7 26</runs>
            <runs>0 2 23 8 25</runs>
            <runs>0 2 23 8 25</runs>
            <runs>0 2 22 10 24</runs>
            <runs>0 2 21 12 18</runs>
            <runs>0 8 13 16 14</runs>
            <runs>0 12 3 23 11</runs>
        </run-table>
    </sample>
    <sample shape="SHARP" interline="13" pitch="-4.2" left="377" top="1442" id="1103">
        <run-table orientation="VERTICAL" width="16" height="44">
            <runs>0 28 10</runs>
            <runs>0 14 7 7 10</runs>
            <runs>0 14 7 7 10</runs>
            <runs>0 14 11 2 11 4 2</runs>
            <runs>0 5 1 2 3 1 32</runs>
            <runs>0 3 41</runs>
            <runs>0 3 35 1 4</runs>
            <runs>0 3 8 1 8 6 12</runs>
            <runs>0 11 8 2 17</runs>
            <runs>0 11 8 2 17</runs>
            <runs>0 3 17 1 22</runs>
            <runs>43</runs>
            <runs>42</runs>
            <runs>40</runs>
            <runs>0 1 16 4 11</runs>
            <runs>0 10 7 4 11</runs>
        </run-table>
    </sample>
    <sample shape="SHARP" interline="13" pitch="-2.1" left="382" top="2998" id="1307">
        <run-table orientation="VERTICAL" width="13" height="44">
            <runs>0 14 7 7 9</runs>
            <runs>0 14 11 3 9</runs>
            <runs>0 14 7 7 9</runs>
            <runs>0 3 23 1 17</runs>
            <runs>0 2 42</runs>
            <runs>0 2 42</runs>
            <runs>0 3 41</runs>
            <runs>0 4 16 6 15 1 2</runs>
            <runs>0 12 8 6 8</runs>
            <runs>0 1 18 7 11 1 4</runs>
            <runs>42</runs>
            <runs>42</runs>
            <runs>0 1 17 3 12 6 1</runs>
        </run-table>
    </sample>
</samples>
