<?xml version="1.0" encoding="UTF-8" standalone="yes"?>
<samples sheet-name="IMSLP00004#11">
    <sample shape="G_CLEF" interline="22" pitch="0.4" left="134" top="650" id="372">
        <run-table orientation="VERTICAL" width="55" height="155">
            <runs>0 90 9</runs>
            <runs>0 84 17</runs>
            <runs>0 81 23</runs>
            <runs>0 75 31</runs>
            <runs>0 75 32</runs>
            <runs>0 74 35</runs>
            <runs>0 72 38</runs>
            <runs>0 70 42</runs>
            <runs>0 69 24 2 18 26 7</runs>
            <runs>0 68 20 15 10 23 12</runs>
            <runs>0 66 19 22 7 21 15</runs>
            <runs>0 65 17 26 8 18 17</runs>
            <runs>0 63 18 29 7 17 18</runs>
            <runs>0 62 18 31 6 17 19</runs>
            <runs>0 61 17 35 8 12 20</runs>
            <runs>0 60 17 37 7 12 20</runs>
            <runs>0 59 18 15 9 13 7 12 21</runs>
            <runs>0 58 16 15 14 12 6 12 21</runs>
            <runs>0 57 16 14 19 10 2 14 23</runs>
            <runs>0 53 19 13 22 9 2 15 22</runs>
            <runs>0 53 18 13 16 4 5 8 1 15 16 2 4</runs>
            <runs>0 53 17 12 11 13 3 8 1 16 15 2 4</runs>
            <runs>0 53 16 12 10 16 3 7 1 16 14 3 4</runs>
            <runs>0 28 14 11 15 12 10 19 2 6 1 17 12 4 4</runs>
            <runs>0 23 26 2 17 11 10 21 1 25 9 6 4</runs>
            <runs>0 20 47 12 10 48 7 7 4</runs>
            <runs>0 17 49 9 13 63 3</runs>
            <runs>0 15 24 8 23 4 13 64 3</runs>
            <runs>0 13 21 14 39 63 4</runs>
            <runs>0 12 18 17 40 62 5</runs>
            <runs>0 11 17 19 16 9 21 56 5</runs>
            <runs>0 9 17 20 15 13 29 45 5</runs>
            <runs>0 8 17 20 15 14 12 2 23 4 7 24 7</runs>
            <runs>0 6 16 22 16 14 12 10 28 1 6 13 8</runs>
            <runs>0 5 15 23 16 16 10 20 46</runs>
            <runs>0 4 14 24 16 17 10 26 38</runs>
            <runs>0 3 14 24 15 19 10 31 6 2 24</runs>
            <runs>0 2 13 24 17 19 10 31 6 8 1 2 13</runs>
            <runs>0 1 13 24 18 19 11 29 7 13 8</runs>
            <runs>13 23 20 19 11 29 7</runs>
            <runs>12 20 19 24 11 29 3</runs>
            <runs>0 2 10 20 17 26 12 27 3</runs>
            <runs>0 3 10 16 18 28 13 25 4</runs>
            <runs>0 7 8 10 20 30 13 25 3</runs>
            <runs>0 9 34 32 14 22 4</runs>
            <runs>0 11 29 35 15 20 5</runs>
            <runs>0 15 21 43 12 18 6</runs>
            <runs>0 18 3 1 5 53 13 14 7</runs>
            <runs>0 81 18 4 10</runs>
            <runs>0 82 30</runs>
            <runs>0 83 28</runs>
            <runs>0 84 25</runs>
            <runs>0 85 23</runs>
            <runs>0 88 18</runs>
            <runs>0 91 12</runs>
        </run-table>
    </sample>
    <sample shape="FLAT" interline="22" pitch="0.1" left="264" top="223" id="353">
        <run-table orientation="VERTICAL" width="17" height="54">
            <runs>0 35 1 5 13</runs>
            <runs>0 1 37 3 1 4 7</runs>
            <runs>35 17 1</runs>
            <runs>3 1 7 18 3</runs>
            <runs>0 29 2</runs>
            <runs>0 29 1</runs>
            <runs>0 29 1 16 1</runs>
            <runs>0 44 7</runs>
            <runs>0 43 4</runs>
            <runs>0 42 4</runs>
            <runs>0 41 4</runs>
            <runs>0 24 1 14 5</runs>
            <runs>0 24 8 4 7</runs>
            <runs>0 24 17</runs>
            <runs>0 25 16</runs>
            <runs>0 25 14</runs>
            <runs>0 26 12</runs>
        </run-table>
    </sample>
    <sample shape="FLAT" interline="22" pitch="0.2" left="256" top="698" id="404">
        <run-table orientation="VERTICAL" width="18" height="55">
            <runs>43 1 8</runs>
            <runs>55</runs>
            <runs>14 2 3 1 15 12 7</runs>
            <runs>0 31 1</runs>
            <runs></runs>
            <runs>0 47 1</runs>
            <runs>0 26 1 19 6</runs>
            <runs>0 26 1 18 6</runs>
            <runs>0 25 2 17 7</runs>
            <runs>0 25 2 15 5</runs>
            <runs>0 24 6 11 5</runs>
            <runs>0 24 7 8 5</runs>
            <runs>0 24 9 1 9</runs>
            <runs>0 25 17</runs>
            <runs>0 25 16</runs>
            <runs>0 25 14</runs>
            <runs>0 26 12</runs>
            <runs>0 26 10</runs>
        </run-table>
    </sample>
    <sample shape="TIME_THREE" interline="22" pitch="-2.1" left="291" top="1246" id="498">
        <run-table orientation="VERTICAL" width="29" height="39">
            <runs>0 29 3</runs>
            <runs>0 4 5 17 7</runs>
            <runs>0 2 8 15 10</runs>
            <runs>0 1 10 13 12</runs>
            <runs>12 12 13</runs>
            <runs>12 12 13</runs>
            <runs>12 12 13</runs>
            <runs>12 12 14</runs>
            <runs>12 5 1 7 13</runs>
            <runs>0 3 8 5 1 8 8 4 1</runs>
            <runs>0 4 7 5 1 8 8</runs>
            <runs>0 5 5 6 1 9 6</runs>
            <runs>0 16 1</runs>
            <runs>0 16 1</runs>
            <runs>0 15 7 15 2</runs>
            <runs>0 15 6 16 2</runs>
            <runs>2 12 8 13 4</runs>
            <runs>24 7 8</runs>
            <runs>16 2 20</runs>
            <runs>16 2 20</runs>
            <runs>16 2 19</runs>
            <runs>15 4 18</runs>
            <runs>15 5 17</runs>
            <runs>15 5 16</runs>
            <runs>0 2 12 7 15</runs>
            <runs>0 4 8 9 14</runs>
            <runs>0 21 13</runs>
            <runs>0 24 8</runs>
            <runs>0 27 3</runs>
        </run-table>
    </sample>
    <sample shape="TIME_THREE" interline="22" pitch="-2.0" left="290" top="1459" id="512">
        <run-table orientation="VERTICAL" width="28" height="39">
            <runs>0 26 8</runs>
            <runs>0 25 10</runs>
            <runs>0 3 6 15 12</runs>
            <runs>0 2 9 13 12</runs>
            <runs>0 1 10 13 13</runs>
            <runs>12 12 14</runs>
            <runs>12 12 14</runs>
            <runs>12 12 14</runs>
            <runs>12 13 13</runs>
            <runs>11 14 8 4 2</runs>
            <runs>0 4 7 15 6 6 1</runs>
            <runs>0 4 6 7 1 10 3 7 1</runs>
            <runs>0 6 2 9 1 20 1</runs>
            <runs>0 16 2 19 2</runs>
            <runs>0 15 6 16 2</runs>
            <runs>0 14 7 15 3</runs>
            <runs>0 12 9 13 4</runs>
            <runs>4 8 5 1 6 1 13</runs>
            <runs>16 2 20</runs>
            <runs>16 3 19</runs>
            <runs>15 4 18</runs>
            <runs>16 4 18</runs>
            <runs>15 5 17</runs>
            <runs>14 6 16</runs>
            <runs>0 3 11 6 16</runs>
            <runs>0 3 9 8 15</runs>
            <runs>0 6 6 8 14</runs>
            <runs>0 25 6</runs>
        </run-table>
    </sample>
    <sample shape="TIME_FOUR" interline="22" pitch="2.2" left="291" top="1293" id="481">
        <run-table orientation="VERTICAL" width="29" height="38">
            <runs>0 24 6</runs>
            <runs>0 23 7</runs>
            <runs>0 20 10</runs>
            <runs>0 16 14</runs>
            <runs>0 15 9 2 4</runs>
            <runs>0 12 10 4 4</runs>
            <runs>0 2 2 1 2 1 13 5 4</runs>
            <runs>19 7 4</runs>
            <runs>18 8 4</runs>
            <runs>18 8 4</runs>
            <runs>18 8 4</runs>
            <runs>14 12 4</runs>
            <runs>12 14 4</runs>
            <runs>10 16 5 3 1</runs>
            <runs>9 9 2 5 13</runs>
            <runs>7 6 25</runs>
            <runs>4 8 26</runs>
            <runs>2 8 28</runs>
            <runs>0 8 30</runs>
            <runs>0 7 31</runs>
            <runs>0 6 32</runs>
            <runs>0 4 34</runs>
            <runs>0 4 34</runs>
            <runs>0 9 1 13 9 3 3</runs>
            <runs>0 26 5</runs>
            <runs>0 27 4</runs>
            <runs>0 27 4</runs>
            <runs>0 26 5</runs>
            <runs>0 26 4</runs>
        </run-table>
    </sample>
    <sample shape="TIME_FOUR" interline="22" pitch="2.2" left="289" top="1505" id="507">
        <run-table orientation="VERTICAL" width="30" height="39">
            <runs>0 28 3</runs>
            <runs>0 26 5</runs>
            <runs>0 25 6</runs>
            <runs>0 23 8</runs>
            <runs>0 21 10</runs>
            <runs>0 17 8 1 5</runs>
            <runs>0 15 9 2 5</runs>
            <runs>0 12 10 4 5</runs>
            <runs>0 1 2 2 16 6 4</runs>
            <runs>0 1 19 7 4</runs>
            <runs>0 1 18 8 4</runs>
            <runs>0 1 18 8 4</runs>
            <runs>0 1 18 8 4</runs>
            <runs>0 1 13 13 4</runs>
            <runs>0 1 12 14 4</runs>
            <runs>0 1 10 15 13</runs>
            <runs>0 1 8 7 23</runs>
            <runs>0 1 6 7 25</runs>
            <runs>6 6 27</runs>
            <runs>2 8 29</runs>
            <runs>0 9 30</runs>
            <runs>0 7 32</runs>
            <runs>0 6 33</runs>
            <runs>0 5 34</runs>
            <runs>0 5 34</runs>
            <runs>0 9 1 1 21 4 3</runs>
            <runs>0 27 4</runs>
            <runs>0 27 5</runs>
            <runs>0 27 5</runs>
            <runs>0 27 5</runs>
        </run-table>
    </sample>
    <sample shape="TIME_THREE_FOUR" interline="22" pitch="0.0" left="291" top="1246" id="487">
        <run-table orientation="VERTICAL" width="29" height="85">
            <runs>0 29 3 39 6</runs>
            <runs>0 4 5 17 7 37 7</runs>
            <runs>0 2 8 15 10 32 10</runs>
            <runs>0 1 10 13 12 27 14</runs>
            <runs>12 12 13 25 9 2 4</runs>
            <runs>12 12 13 22 10 4 4</runs>
            <runs>12 12 13 12 2 1 2 1 13 5 4</runs>
            <runs>12 12 14 9 19 7 4</runs>
            <runs>12 13 13 9 18 8 4</runs>
            <runs>0 3 8 5 1 8 8 4 1 9 18 8 4</runs>
            <runs>0 4 7 5 1 8 8 14 18 8 4</runs>
            <runs>0 5 5 6 1 9 6 15 14 12 4</runs>
            <runs>0 16 1 30 12 14 4</runs>
            <runs>0 16 1 30 10 16 5 3 1</runs>
            <runs>0 15 7 15 2 8 9 9 2 5 13</runs>
            <runs>0 15 6 16 2 8 7 6 25</runs>
            <runs>2 12 8 13 4 8 4 8 26</runs>
            <runs>24 7 8 8 2 8 28</runs>
            <runs>16 2 20 17 30</runs>
            <runs>16 2 20 16 31</runs>
            <runs>16 2 19 16 32</runs>
            <runs>15 4 18 14 34</runs>
            <runs>15 5 17 14 34</runs>
            <runs>15 5 16 20 1 13 9 3 3</runs>
            <runs>0 2 12 7 15 37 5</runs>
            <runs>0 4 8 9 14 39 4</runs>
            <runs>0 21 13 40 4</runs>
            <runs>0 24 8 41 5</runs>
            <runs>0 27 3 43 4</runs>
        </run-table>
    </sample>
    <sample shape="TIME_THREE_FOUR" interline="22" pitch="0.1" left="289" top="1459" id="511">
        <run-table orientation="VERTICAL" width="30" height="85">
            <runs>0 74 3</runs>
            <runs>0 26 8 38 5</runs>
            <runs>0 25 10 36 6</runs>
            <runs>0 3 6 15 12 33 8</runs>
            <runs>0 2 9 13 12 31 10</runs>
            <runs>0 1 10 13 13 26 8 1 5</runs>
            <runs>12 12 14 23 9 2 5</runs>
            <runs>12 12 14 20 10 4 5</runs>
            <runs>12 12 14 9 2 2 16 6 4</runs>
            <runs>12 13 13 9 19 7 4</runs>
            <runs>11 14 8 4 2 8 18 8 4</runs>
            <runs>0 4 7 15 6 6 1 8 18 8 4</runs>
            <runs>0 4 6 7 1 10 3 7 1 8 18 8 4</runs>
            <runs>0 6 2 9 1 20 1 8 13 13 4</runs>
            <runs>0 16 2 19 2 8 12 14 4</runs>
            <runs>0 15 6 16 2 8 10 15 13</runs>
            <runs>0 14 7 15 3 8 8 7 23</runs>
            <runs>0 12 9 13 4 9 6 7 25</runs>
            <runs>4 8 5 1 6 1 13 8 6 6 27</runs>
            <runs>16 2 20 8 2 8 29</runs>
            <runs>16 3 19 17 30</runs>
            <runs>15 4 18 16 32</runs>
            <runs>16 4 18 14 33</runs>
            <runs>15 5 17 14 34</runs>
            <runs>14 6 16 15 34</runs>
            <runs>0 3 11 6 16 19 1 1 21 4 3</runs>
            <runs>0 3 9 8 15 38 4</runs>
            <runs>0 6 6 8 14 39 5</runs>
            <runs>0 25 6 42 5</runs>
            <runs>0 73 5</runs>
        </run-table>
    </sample>
</samples>
