<?xml version="1.0" encoding="UTF-8" standalone="yes"?>
<samples sheet-name="IMSLP00003#11">
    <sample shape="G_CLEF" interline="22" pitch="0.5" left="125" top="197" id="218">
        <run-table orientation="VERTICAL" width="54" height="155">
            <runs>0 87 11</runs>
            <runs>0 82 18</runs>
            <runs>0 77 25</runs>
            <runs>0 73 31</runs>
            <runs>0 73 33</runs>
            <runs>0 72 35</runs>
            <runs>0 70 38</runs>
            <runs>0 68 41</runs>
            <runs>0 67 24 10 9</runs>
            <runs>0 66 21 17 7</runs>
            <runs>0 65 19 22 5</runs>
            <runs>0 65 17 25 5</runs>
            <runs>0 63 17 29 4</runs>
            <runs>0 61 18 31 3</runs>
            <runs>0 61 16 16 2 16 3</runs>
            <runs>0 60 16 14 11 11 3</runs>
            <runs>0 59 17 11 16 9 3</runs>
            <runs>0 58 19 8 20 7 3 24 5</runs>
            <runs>0 57 20 6 23 7 3 20 10</runs>
            <runs>0 56 16 10 18 2 6 6 2 19 13</runs>
            <runs>0 52 18 11 12 12 4 5 2 17 17</runs>
            <runs>0 51 18 11 11 16 2 5 2 17 18</runs>
            <runs>0 28 12 11 17 11 11 18 2 5 1 16 20</runs>
            <runs>0 26 23 1 17 12 10 20 2 4 1 16 20</runs>
            <runs>0 22 45 11 10 22 2 20 21</runs>
            <runs>0 19 22 3 23 11 9 24 1 20 21</runs>
            <runs>0 18 16 15 37 45 23</runs>
            <runs>0 16 17 16 37 45 23</runs>
            <runs>0 13 20 15 15 6 18 45 22</runs>
            <runs>0 11 16 20 15 11 21 38 17 2 3</runs>
            <runs>0 9 15 22 15 12 27 33 16 3 2</runs>
            <runs>0 8 14 23 15 14 30 29 15 4 2</runs>
            <runs>0 7 13 23 16 15 34 26 13 4 4</runs>
            <runs>0 5 14 23 16 15 13 13 2 3 6 25 10 6 3</runs>
            <runs>0 4 13 24 16 16 13 21 5 26 4 9 3</runs>
            <runs>0 3 13 24 15 18 13 24 3 38 3</runs>
            <runs>0 2 12 24 17 19 11 27 3 35 3</runs>
            <runs>0 1 12 24 17 19 13 27 3 34 3</runs>
            <runs>13 22 19 20 12 28 2 32 4</runs>
            <runs>12 22 15 25 12 29 7 26 4</runs>
            <runs>11 17 20 26 12 30 8 22 5</runs>
            <runs>11 17 19 27 13 29 16 2 4 5 7</runs>
            <runs>0 2 8 16 18 34 10 27 34</runs>
            <runs>0 4 8 10 19 38 10 38 20</runs>
            <runs>0 7 31 41 10 43 14</runs>
            <runs>0 9 27 43 12 20 9</runs>
            <runs>0 12 21 48 12 16 11</runs>
            <runs>0 18 6 58 16 8 9</runs>
            <runs>0 83 31</runs>
            <runs>0 84 28</runs>
            <runs>0 85 26</runs>
            <runs>0 86 23</runs>
            <runs>0 89 16</runs>
            <runs>0 92 10</runs>
        </run-table>
    </sample>
    <sample shape="G_CLEF" interline="22" pitch="0.6" left="140" top="721" id="253">
        <run-table orientation="VERTICAL" width="49" height="153">
            <runs>0 88 9</runs>
            <runs>0 83 17</runs>
            <runs>0 79 24</runs>
            <runs>0 72 33</runs>
            <runs>0 72 35</runs>
            <runs>0 71 37</runs>
            <runs>0 69 41</runs>
            <runs>0 68 44 26 5</runs>
            <runs>0 66 21 15 10 24 10</runs>
            <runs>0 65 18 23 7 21 13</runs>
            <runs>0 63 18 27 7 18 15</runs>
            <runs>0 62 17 31 5 17 18</runs>
            <runs>0 61 16 34 8 13 19</runs>
            <runs>0 60 16 14 10 12 7 12 21</runs>
            <runs>0 59 17 9 18 10 3 15 21</runs>
            <runs>0 58 18 8 21 9 2 15 21</runs>
            <runs>0 57 14 12 24 7 2 15 18 1 3</runs>
            <runs>0 55 15 11 17 6 4 6 2 15 18 2 2</runs>
            <runs>0 51 18 11 13 13 4 5 1 16 16 3 2</runs>
            <runs>0 35 1 15 17 11 11 17 4 21 15 4 2</runs>
            <runs>0 25 21 5 16 11 11 20 2 22 13 5 2</runs>
            <runs>0 21 46 10 11 46 11 6 2</runs>
            <runs>0 17 22 3 24 7 14 48 9 7 2</runs>
            <runs>0 14 20 15 19 5 13 54 1 9 3</runs>
            <runs>0 13 19 16 38 64 3</runs>
            <runs>0 11 16 19 16 10 15 62 3</runs>
            <runs>0 9 16 21 15 12 25 51 3</runs>
            <runs>0 7 16 21 16 13 13 2 17 42 5</runs>
            <runs>0 6 15 22 16 14 12 7 20 34 5</runs>
            <runs>0 4 14 24 16 15 12 17 19 24 5</runs>
            <runs>0 4 13 23 17 16 12 23 20 1 1 12 7</runs>
            <runs>0 2 13 23 17 18 12 30 33</runs>
            <runs>0 1 12 24 17 19 12 30 7 2 23</runs>
            <runs>0 1 11 23 19 19 12 30 2 9 1 3 14</runs>
            <runs>12 21 21 19 12 29 3</runs>
            <runs>11 17 21 24 12 29 3</runs>
            <runs>0 1 9 18 19 26 13 26 5</runs>
            <runs>0 3 6 17 19 28 14 25 3</runs>
            <runs>0 5 9 8 20 35 11 23 4</runs>
            <runs>0 7 32 38 12 20 5</runs>
            <runs>0 11 23 44 12 17 6</runs>
            <runs>0 15 17 47 14 12 7</runs>
            <runs>0 80 18 4 9</runs>
            <runs>0 81 29</runs>
            <runs>0 82 27</runs>
            <runs>0 83 25</runs>
            <runs>0 84 22</runs>
            <runs>0 87 16</runs>
            <runs>0 89 11</runs>
        </run-table>
    </sample>
    <sample shape="G_CLEF" interline="22" pitch="0.4" left="129" top="1237" id="290">
        <run-table orientation="VERTICAL" width="53" height="153">
            <runs>0 92 1</runs>
            <runs>0 83 17</runs>
            <runs>0 76 25</runs>
            <runs>0 76 29</runs>
            <runs>0 75 32</runs>
            <runs>0 73 35</runs>
            <runs>0 71 38</runs>
            <runs>0 69 42</runs>
            <runs>0 68 23 4 1 1 15</runs>
            <runs>0 66 22 16 8</runs>
            <runs>0 65 19 22 7 24 7</runs>
            <runs>0 64 18 26 6 21 11</runs>
            <runs>0 62 18 29 5 20 14</runs>
            <runs>0 61 18 32 4 18 17</runs>
            <runs>0 59 20 12 3 18 4 17 18</runs>
            <runs>0 59 20 9 14 11 3 16 19</runs>
            <runs>0 58 16 13 17 10 3 15 20</runs>
            <runs>0 54 19 11 22 8 4 14 20</runs>
            <runs>0 54 17 12 24 8 3 13 22</runs>
            <runs>0 54 16 12 12 9 6 6 3 13 22</runs>
            <runs>0 28 16 1 2 7 15 12 12 13 3 6 3 13 18 2 2</runs>
            <runs>0 24 26 3 15 12 11 17 2 6 2 14 17 2 2</runs>
            <runs>0 21 46 9 13 20 2 5 2 14 16 4 1</runs>
            <runs>0 19 18 1 3 2 1 2 20 10 12 22 2 5 1 15 15 4 1</runs>
            <runs>0 16 19 15 18 8 11 30 1 16 13 5 1</runs>
            <runs>0 15 14 20 23 4 10 31 1 17 11 6 1</runs>
            <runs>0 14 13 21 15 6 5 1 10 32 1 18 8 8 1</runs>
            <runs>0 13 11 23 15 13 11 31 1 21 4 8 2</runs>
            <runs>0 12 11 22 16 15 13 28 1 21 2 10 2</runs>
            <runs>0 10 11 23 16 16 25 37 2 11 2</runs>
            <runs>0 9 10 24 16 17 9 5 13 47 2</runs>
            <runs>0 8 10 23 17 18 8 11 14 40 3</runs>
            <runs>0 7 9 24 17 19 8 14 16 1 7 26 3</runs>
            <runs>0 6 9 23 19 19 8 24 14 25 4</runs>
            <runs>0 5 9 23 20 19 8 29 12 1 2 17 5</runs>
            <runs>0 4 10 18 20 24 9 30 20 8 6</runs>
            <runs>0 3 10 19 18 26 9 31 2 2 28</runs>
            <runs>0 2 10 19 16 29 9 30 2 12 18</runs>
            <runs>0 1 10 18 16 31 9 30 1 17 2 2 7</runs>
            <runs>11 16 16 33 10 28 2</runs>
            <runs>10 13 18 35 10 27 2</runs>
            <runs>10 5 23 38 11 25 2</runs>
            <runs>0 1 34 41 12 23 3</runs>
            <runs>0 5 24 47 13 20 4</runs>
            <runs>0 10 4 62 14 18 4</runs>
            <runs>0 80 13 14 4</runs>
            <runs>0 80 20 2 8</runs>
            <runs>0 82 28</runs>
            <runs>0 83 25</runs>
            <runs>0 84 22</runs>
            <runs>0 85 20</runs>
            <runs>0 88 15</runs>
            <runs>0 93 7</runs>
        </run-table>
    </sample>
    <sample shape="G_CLEF" interline="22" pitch="0.5" left="127" top="1762" id="330">
        <run-table orientation="VERTICAL" width="53" height="154">
            <runs>0 88 3 1 2</runs>
            <runs>0 83 16</runs>
            <runs>0 81 21</runs>
            <runs>0 73 33</runs>
            <runs>0 73 35</runs>
            <runs>0 73 36</runs>
            <runs>0 71 39</runs>
            <runs>0 69 42</runs>
            <runs>0 67 23 10 12 26 8</runs>
            <runs>0 66 20 17 11 22 12</runs>
            <runs>0 64 20 23 7 21 14</runs>
            <runs>0 63 19 25 8 19 16</runs>
            <runs>0 62 18 29 7 17 18</runs>
            <runs>0 61 17 14 3 17 7 13 20</runs>
            <runs>0 60 17 14 9 13 3 15 22</runs>
            <runs>0 59 17 12 14 12 2 15 22</runs>
            <runs>0 58 18 10 15 13 2 15 23</runs>
            <runs>0 57 19 8 17 14 1 15 23</runs>
            <runs>0 56 20 6 18 6 3 6 1 15 23</runs>
            <runs>0 51 20 11 16 8 4 21 18 2 3</runs>
            <runs>0 51 19 11 11 15 4 21 17 3 2</runs>
            <runs>0 28 18 5 18 11 11 17 4 21 15 4 2</runs>
            <runs>0 24 44 11 11 20 2 21 14 4 3</runs>
            <runs>0 21 46 12 10 45 13 4 3</runs>
            <runs>0 19 49 5 15 48 9 6 3</runs>
            <runs>0 16 19 13 23 1 15 51 6 7 3</runs>
            <runs>0 13 19 16 39 64 3</runs>
            <runs>0 12 20 15 17 6 17 63 4</runs>
            <runs>0 11 14 21 17 10 26 51 3</runs>
            <runs>0 8 16 21 16 12 31 45 4</runs>
            <runs>0 6 15 23 16 14 12 4 19 38 5</runs>
            <runs>0 5 14 24 16 14 12 9 27 26 4</runs>
            <runs>0 4 14 23 17 15 12 18 27 14 7</runs>
            <runs>0 3 13 24 16 17 12 28 23 5 9</runs>
            <runs>0 2 13 23 18 18 12 30 32</runs>
            <runs>0 1 13 22 19 18 13 30 1 9 20</runs>
            <runs>0 1 12 22 19 19 13 30 1 22 2</runs>
            <runs>12 22 20 19 14 28 2</runs>
            <runs>11 18 20 24 14 27 3</runs>
            <runs>10 19 18 26 14 27 3</runs>
            <runs>0 3 7 17 19 27 15 24 4</runs>
            <runs>0 5 7 10 21 30 16 23 3</runs>
            <runs>0 7 34 37 11 22 4</runs>
            <runs>0 9 29 41 12 18 5</runs>
            <runs>0 13 21 46 12 16 6</runs>
            <runs>0 19 2 2 9 48 18 5 9</runs>
            <runs>0 82 29</runs>
            <runs>0 82 28</runs>
            <runs>0 83 25</runs>
            <runs>0 84 23</runs>
            <runs>0 86 20</runs>
            <runs>0 90 13 1 2</runs>
            <runs>0 105 1</runs>
        </run-table>
    </sample>
    <sample shape="G_CLEF" interline="22" pitch="0.6" left="127" top="2330" id="364">
        <run-table orientation="VERTICAL" width="54" height="154">
            <runs>0 90 7</runs>
            <runs>0 81 17</runs>
            <runs>0 77 23</runs>
            <runs>0 71 32</runs>
            <runs>0 71 35</runs>
            <runs>0 71 37</runs>
            <runs>0 69 39</runs>
            <runs>0 67 43</runs>
            <runs>0 65 46</runs>
            <runs>0 64 23 16 9 26 3</runs>
            <runs>0 63 19 23 8 23 8</runs>
            <runs>0 62 19 26 11 16 13</runs>
            <runs>0 60 19 30 9 15 15</runs>
            <runs>0 59 18 32 9 14 17</runs>
            <runs>0 58 18 13 8 13 8 13 19</runs>
            <runs>0 57 18 11 14 11 7 13 20</runs>
            <runs>0 55 19 9 20 9 2 17 20</runs>
            <runs>0 54 20 8 23 8 1 17 21</runs>
            <runs>0 53 21 7 26 6 1 17 22</runs>
            <runs>0 30 2 2 3 1 1 9 26 5 18 3 8 23 22</runs>
            <runs>0 23 21 4 20 11 18 7 5 22 17 2 3</runs>
            <runs>0 18 49 11 12 16 4 21 17 2 3</runs>
            <runs>0 16 50 11 12 18 4 20 16 3 4</runs>
            <runs>0 13 53 10 12 21 3 20 15 3 3</runs>
            <runs>0 11 21 14 20 10 11 23 1 21 14 4 3</runs>
            <runs>0 9 22 15 40 47 12 5 3</runs>
            <runs>0 7 24 14 40 50 9 6 3</runs>
            <runs>0 6 16 22 17 8 16 50 6 9 3</runs>
            <runs>0 5 15 22 18 11 18 61 3</runs>
            <runs>0 4 14 23 19 11 26 53 2</runs>
            <runs>0 3 14 23 18 13 13 2 15 48 3</runs>
            <runs>0 3 12 24 18 14 13 8 15 41 3</runs>
            <runs>0 2 12 24 18 16 12 9 19 35 4</runs>
            <runs>0 1 12 23 19 16 13 18 20 24 4</runs>
            <runs>0 1 10 24 18 18 13 27 17 16 5</runs>
            <runs>10 22 20 19 13 30 21 1 1 5 7</runs>
            <runs>10 21 21 19 13 36 27</runs>
            <runs>8 18 26 19 13 39 23</runs>
            <runs>0 1 7 18 20 25 13 29 1 16 14</runs>
            <runs>0 3 5 14 22 27 14 28 1 23 1</runs>
            <runs>0 5 9 5 23 33 10 28 1</runs>
            <runs>0 6 33 36 11 26 2</runs>
            <runs>0 8 27 41 11 23 4</runs>
            <runs>0 12 20 44 12 21 4</runs>
            <runs>0 19 11 47 12 18 6</runs>
            <runs>0 78 12 17 5</runs>
            <runs>0 78 17 9 7</runs>
            <runs>0 79 17 3 1 2 8</runs>
            <runs>0 80 29</runs>
            <runs>0 81 26</runs>
            <runs>0 82 24</runs>
            <runs>0 85 19</runs>
            <runs>0 87 14</runs>
            <runs>0 91 7</runs>
        </run-table>
    </sample>
    <sample shape="G_CLEF" interline="22" pitch="0.7" left="129" top="2851" id="401">
        <run-table orientation="VERTICAL" width="55" height="155">
            <runs>0 87 5</runs>
            <runs>0 82 18</runs>
            <runs>0 79 24</runs>
            <runs>0 73 33</runs>
            <runs>0 73 33</runs>
            <runs>0 72 37</runs>
            <runs>0 71 39</runs>
            <runs>0 69 42</runs>
            <runs>0 67 25 10 10</runs>
            <runs>0 66 22 18 7 28 4</runs>
            <runs>0 64 20 24 6 24 10</runs>
            <runs>0 63 20 26 5 21 14</runs>
            <runs>0 62 18 30 8 17 15</runs>
            <runs>0 61 17 34 2 20 17</runs>
            <runs>0 60 17 57 18</runs>
            <runs>0 59 17 13 13 31 20</runs>
            <runs>0 58 17 11 18 29 20</runs>
            <runs>0 57 18 10 21 27 20</runs>
            <runs>0 56 19 8 25 10 1 13 22</runs>
            <runs>0 55 16 10 17 5 6 9 1 13 22</runs>
            <runs>0 27 7 2 1 17 16 10 17 10 3 8 2 13 22</runs>
            <runs>0 27 18 4 20 10 13 16 3 7 2 12 18 2 3</runs>
            <runs>0 21 47 10 12 20 2 6 2 13 17 2 3</runs>
            <runs>0 18 49 11 11 22 1 6 2 13 16 3 3</runs>
            <runs>0 15 19 14 20 9 11 30 2 14 14 4 3</runs>
            <runs>0 13 19 16 27 2 10 31 2 15 12 5 3</runs>
            <runs>0 12 19 17 39 31 2 18 8 6 3</runs>
            <runs>0 9 22 16 17 3 1 1 17 32 2 20 4 8 3</runs>
            <runs>0 8 16 22 17 9 15 31 2 32 3</runs>
            <runs>0 7 14 23 18 10 20 26 2 31 3</runs>
            <runs>0 5 15 23 17 13 13 2 13 17 2 30 4</runs>
            <runs>0 4 15 23 17 13 13 8 16 9 2 30 3</runs>
            <runs>0 3 14 24 17 14 13 9 19 1 7 9 3 16 4</runs>
            <runs>0 3 13 24 17 15 13 19 18 9 2 15 4</runs>
            <runs>0 2 12 25 17 16 13 21 1 2 18 4 1 14 6</runs>
            <runs>0 1 12 24 17 18 13 30 21 8 7</runs>
            <runs>12 23 18 19 13 31 34</runs>
            <runs>0 1 10 22 20 23 10 37 1 5 19</runs>
            <runs>0 1 9 17 25 24 10 49 1 1 10</runs>
            <runs>0 3 7 17 21 28 10</runs>
            <runs>0 5 5 15 21 31 10</runs>
            <runs>0 7 7 5 24 34 10</runs>
            <runs>0 9 31 37 11 25 1</runs>
            <runs>0 12 25 40 12 23 2</runs>
            <runs>0 14 1 2 17 44 12 21 3</runs>
            <runs>0 78 13 18 5</runs>
            <runs>0 79 17 11 6</runs>
            <runs>0 80 18 7 7</runs>
            <runs>0 81 30</runs>
            <runs>0 82 28</runs>
            <runs>0 83 26</runs>
            <runs>0 85 22</runs>
            <runs>0 87 18</runs>
            <runs>0 90 13</runs>
            <runs>0 91 8</runs>
        </run-table>
    </sample>
    <sample shape="F_CLEF" interline="22" pitch="-1.4" left="133" top="973" id="268">
        <run-table orientation="VERTICAL" width="54" height="66">
            <runs>0 63 3</runs>
            <runs>0 63 3</runs>
            <runs>0 62 3</runs>
            <runs>0 62 3</runs>
            <runs>0 62 3</runs>
            <runs>0 61 4</runs>
            <runs>0 13 7 41 3</runs>
            <runs>0 10 16 34 4</runs>
            <runs>0 9 17 34 4</runs>
            <runs>0 7 3 7 9 33 4</runs>
            <runs>0 6 3 8 10 32 4</runs>
            <runs>0 5 2 9 12 30 4</runs>
            <runs>0 4 2 9 13 29 5</runs>
            <runs>0 4 2 9 13 29 5</runs>
            <runs>0 4 1 10 13 28 5</runs>
            <runs>0 15 13 27 6</runs>
            <runs>0 15 13 27 5</runs>
            <runs>0 15 12 27 6</runs>
            <runs>0 16 10 27 6</runs>
            <runs>0 16 10 26 7</runs>
            <runs>0 18 8 25 8</runs>
            <runs>0 49 9</runs>
            <runs>0 45 12</runs>
            <runs>0 45 11</runs>
            <runs>0 45 11</runs>
            <runs>0 45 10</runs>
            <runs>0 44 11</runs>
            <runs>0 43 11</runs>
            <runs>0 4 1 35 13</runs>
            <runs>0 4 2 33 14</runs>
            <runs>7 29 15</runs>
            <runs>8 25 18</runs>
            <runs>10 21 18</runs>
            <runs>13 10 25</runs>
            <runs>48</runs>
            <runs>0 5 43</runs>
            <runs>0 6 42</runs>
            <runs>0 7 36</runs>
            <runs>0 8 34</runs>
            <runs>0 9 31</runs>
            <runs>0 11 27</runs>
            <runs>0 12 24</runs>
            <runs>0 15 19</runs>
            <runs>0 17 14</runs>
            <runs></runs>
            <runs></runs>
            <runs>0 12 3 18 1</runs>
            <runs>0 11 6 14 5</runs>
            <runs>0 10 7 13 7</runs>
            <runs>0 9 9 12 8</runs>
            <runs>0 9 9 12 8</runs>
            <runs>0 9 8 13 7</runs>
            <runs>0 10 7 14 6</runs>
            <runs>0 10 7 14 5</runs>
        </run-table>
    </sample>
    <sample shape="F_CLEF" interline="22" pitch="-1.5" left="123" top="1496" id="303">
        <run-table orientation="VERTICAL" width="58" height="71">
            <runs>0 64 7</runs>
            <runs>0 63 3</runs>
            <runs>0 63 3</runs>
            <runs>0 63 3</runs>
            <runs>0 62 3</runs>
            <runs>0 62 3</runs>
            <runs>0 62 3</runs>
            <runs>0 12 9 40 3</runs>
            <runs>0 10 16 35 3</runs>
            <runs>0 7 19 35 3</runs>
            <runs>0 6 5 6 9 34 3</runs>
            <runs>0 5 4 7 10 34 3</runs>
            <runs>0 1 7 7 12 33 2</runs>
            <runs>0 4 3 8 13 31 3</runs>
            <runs>0 4 2 8 14 30 4</runs>
            <runs>0 4 2 8 14 29 4</runs>
            <runs>0 4 1 9 14 27 6</runs>
            <runs>0 14 14 28 5</runs>
            <runs>0 15 12 28 5</runs>
            <runs>0 15 11 28 6</runs>
            <runs>0 16 10 27 6</runs>
            <runs>0 17 9 25 7</runs>
            <runs>0 50 8</runs>
            <runs>0 50 8</runs>
            <runs>0 45 12</runs>
            <runs>0 45 12</runs>
            <runs>0 45 11</runs>
            <runs>0 45 10</runs>
            <runs>0 44 10</runs>
            <runs>0 4 1 38 11</runs>
            <runs>0 4 1 36 12</runs>
            <runs>0 4 2 34 12</runs>
            <runs>0 4 2 32 13</runs>
            <runs>7 28 15</runs>
            <runs>0 1 7 24 18</runs>
            <runs>0 1 10 17 22</runs>
            <runs>0 1 13 2 2 3 27 1 2</runs>
            <runs>0 1 47</runs>
            <runs>0 1 47</runs>
            <runs>0 6 38</runs>
            <runs>0 7 36</runs>
            <runs>0 8 33</runs>
            <runs>0 9 31</runs>
            <runs>0 10 28</runs>
            <runs>0 12 24</runs>
            <runs>0 14 20</runs>
            <runs>0 15 16</runs>
            <runs></runs>
            <runs></runs>
            <runs></runs>
            <runs>0 10 6 15 5</runs>
            <runs>0 9 7 13 7</runs>
            <runs>0 8 9 12 8</runs>
            <runs>0 8 9 12 8</runs>
            <runs>0 8 9 12 8</runs>
            <runs>0 9 8 12 8</runs>
            <runs>0 10 6 14 7</runs>
            <runs>0 11 4 16 5</runs>
        </run-table>
    </sample>
    <sample shape="F_CLEF" interline="22" pitch="-1.5" left="126" top="2072" id="342">
        <run-table orientation="VERTICAL" width="53" height="70">
            <runs>0 14 7 42 7</runs>
            <runs>0 12 14 37 3</runs>
            <runs>0 10 16 36 4</runs>
            <runs>0 8 4 7 7 36 3</runs>
            <runs>0 7 3 8 10 33 4</runs>
            <runs>0 5 4 8 11 33 4</runs>
            <runs>0 1 7 8 12 32 4</runs>
            <runs>7 9 13 31 4</runs>
            <runs>0 4 2 9 14 30 5</runs>
            <runs>0 4 1 10 14 29 5</runs>
            <runs>0 16 13 29 5</runs>
            <runs>0 16 13 28 6</runs>
            <runs>0 16 13 27 5</runs>
            <runs>0 16 12 27 6</runs>
            <runs>0 17 10 27 6</runs>
            <runs>0 19 7 27 7</runs>
            <runs>0 52 8</runs>
            <runs>0 51 8</runs>
            <runs>0 50 9</runs>
            <runs>0 45 12</runs>
            <runs>0 45 12</runs>
            <runs>0 45 11</runs>
            <runs>0 45 10</runs>
            <runs>0 44 11</runs>
            <runs>0 4 1 37 12</runs>
            <runs>0 4 2 34 13</runs>
            <runs>7 32 13</runs>
            <runs>9 28 15</runs>
            <runs>10 22 19</runs>
            <runs>12 11 27</runs>
            <runs>49</runs>
            <runs>0 5 43</runs>
            <runs>0 6 42</runs>
            <runs>0 6 42</runs>
            <runs>0 7 41</runs>
            <runs>0 8 35</runs>
            <runs>0 9 32</runs>
            <runs>0 10 29</runs>
            <runs>0 12 25</runs>
            <runs>0 14 20</runs>
            <runs>0 15 17</runs>
            <runs>0 18 1</runs>
            <runs></runs>
            <runs>0 11 2</runs>
            <runs>0 9 6</runs>
            <runs>0 8 8 13 6</runs>
            <runs>0 8 8 13 6</runs>
            <runs>0 7 9 13 7</runs>
            <runs>0 7 9 12 8</runs>
            <runs>0 8 8 12 8</runs>
            <runs>0 8 7 13 8</runs>
            <runs>0 9 5 15 7</runs>
            <runs>0 30 4</runs>
        </run-table>
    </sample>
    <sample shape="F_CLEF" interline="22" pitch="-1.4" left="123" top="2584" id="377">
        <run-table orientation="VERTICAL" width="60" height="71">
            <runs>0 65 3</runs>
            <runs>0 65 3</runs>
            <runs>0 64 7</runs>
            <runs>0 64 7</runs>
            <runs>0 64 7</runs>
            <runs>0 64 7</runs>
            <runs>0 13 14 36 4</runs>
            <runs>0 11 16 36 3</runs>
            <runs>0 10 17 35 4</runs>
            <runs>0 8 8 2 10 34 3</runs>
            <runs>0 7 4 7 10 33 4</runs>
            <runs>0 6 3 9 11 31 5</runs>
            <runs>0 1 7 8 13 31 5</runs>
            <runs>0 1 7 7 14 30 5</runs>
            <runs>0 4 3 8 14 29 6</runs>
            <runs>0 4 2 9 14 29 5</runs>
            <runs>0 4 1 10 14 28 6</runs>
            <runs>0 4 1 10 14 27 6</runs>
            <runs>0 4 1 11 12 28 6</runs>
            <runs>0 4 1 11 12 27 6</runs>
            <runs>0 17 10 27 7</runs>
            <runs>0 19 8 27 6</runs>
            <runs>0 19 1 33 7</runs>
            <runs>0 51 8</runs>
            <runs>0 51 8</runs>
            <runs>0 50 8</runs>
            <runs>0 46 11</runs>
            <runs>0 45 11</runs>
            <runs>0 4 1 40 10</runs>
            <runs>0 4 1 39 11</runs>
            <runs>0 4 2 37 11</runs>
            <runs>0 4 2 36 12</runs>
            <runs>0 4 3 32 14</runs>
            <runs>9 28 15</runs>
            <runs>10 25 16</runs>
            <runs>12 20 18</runs>
            <runs>0 1 14 14 20</runs>
            <runs>48</runs>
            <runs>0 5 43</runs>
            <runs>0 6 42</runs>
            <runs>0 7 2 1 38</runs>
            <runs>0 8 35</runs>
            <runs>0 9 33</runs>
            <runs>0 10 30</runs>
            <runs>0 11 27</runs>
            <runs>0 12 24</runs>
            <runs>0 14 19</runs>
            <runs>0 18 14</runs>
            <runs></runs>
            <runs></runs>
            <runs>0 11 3</runs>
            <runs>0 10 6 16 3</runs>
            <runs>0 9 8 13 6</runs>
            <runs>0 9 8 13 7</runs>
            <runs>0 9 8 12 8</runs>
            <runs>0 8 9 12 8</runs>
            <runs>0 8 9 12 8</runs>
            <runs>0 9 7 13 8</runs>
            <runs>0 10 5 15 6</runs>
            <runs>0 31 4</runs>
        </run-table>
    </sample>
    <sample shape="SHARP" interline="22" pitch="-4.1" left="193" top="194" id="244">
        <run-table orientation="VERTICAL" width="24" height="62">
            <runs>0 23 11 9 9</runs>
            <runs>0 22 8 13 9</runs>
            <runs>0 22 7 13 9</runs>
            <runs>0 21 7 14 9</runs>
            <runs>0 19 15 7 9 10 1</runs>
            <runs>0 6 29 1 26</runs>
            <runs>0 8 4 2 1 3 11 10 11 2 10</runs>
            <runs>0 18 9 13 8</runs>
            <runs>0 18 8 13 9</runs>
            <runs>0 18 8 13 8</runs>
            <runs>0 17 8 14 8</runs>
            <runs>0 17 8 13 8</runs>
            <runs>0 16 9 12 9</runs>
            <runs>0 16 8 13 8</runs>
            <runs>0 15 8 13 9</runs>
            <runs>0 15 10 5 15 1 1</runs>
            <runs>57</runs>
            <runs>0 1 2 4 2 2 12 1 1 6 12</runs>
            <runs>0 13 8 10 11</runs>
            <runs>0 13 8 10 11</runs>
            <runs>0 12 8 11 11</runs>
            <runs>0 12 8 11 10</runs>
            <runs>0 13 3 18 2</runs>
            <runs>0 34 1</runs>
        </run-table>
    </sample>
    <sample shape="SHARP" interline="22" pitch="-2.0" left="201" top="440" id="226">
        <run-table orientation="VERTICAL" width="22" height="64">
            <runs>0 25 9 11 11</runs>
            <runs>0 23 11 10 12</runs>
            <runs>0 23 11 10 12</runs>
            <runs>0 22 12 9 9 8 1 1 1</runs>
            <runs>0 14 1 5 14 8 15 3 4</runs>
            <runs>0 6 56</runs>
            <runs>0 6 28 6 20</runs>
            <runs>0 20 9 12 9</runs>
            <runs>0 20 8 12 10</runs>
            <runs>0 19 9 12 9</runs>
            <runs>0 18 9 12 9</runs>
            <runs>0 18 9 12 9</runs>
            <runs>0 18 8 12 9</runs>
            <runs>0 17 9 12 9</runs>
            <runs>0 16 10 11 21</runs>
            <runs>58</runs>
            <runs>58</runs>
            <runs>24 8 13</runs>
            <runs>0 14 9 12 9</runs>
            <runs>0 13 10 9 12</runs>
            <runs>0 13 9 10 12</runs>
            <runs>0 13 9 9 12</runs>
        </run-table>
    </sample>
    <sample shape="SHARP" interline="22" pitch="-4.1" left="201" top="717" id="254">
        <run-table orientation="VERTICAL" width="23" height="63">
            <runs>0 29 2 14 8</runs>
            <runs>0 23 12 9 9</runs>
            <runs>0 23 12 9 9</runs>
            <runs>0 22 13 8 9</runs>
            <runs>0 22 13 7 17 1 1</runs>
            <runs>0 7 56</runs>
            <runs>0 7 56</runs>
            <runs>0 20 9 11 10</runs>
            <runs>0 20 8 12 10</runs>
            <runs>0 19 8 13 9</runs>
            <runs>0 19 8 13 9</runs>
            <runs>0 18 9 13 8</runs>
            <runs>0 18 8 12 10</runs>
            <runs>0 17 9 12 10</runs>
            <runs>0 16 10 11 11</runs>
            <runs>0 4 7 1 46</runs>
            <runs>58</runs>
            <runs>23 5 1 3 13</runs>
            <runs>0 14 9 9 12</runs>
            <runs>0 14 8 10 12</runs>
            <runs>0 13 9 10 11</runs>
            <runs>0 12 10 10 11</runs>
            <runs>0 14 4 1 2</runs>
        </run-table>
    </sample>
    <sample shape="SHARP" interline="22" pitch="-2.0" left="201" top="963" id="261">
        <run-table orientation="VERTICAL" width="22" height="64">
            <runs>0 24 6 19 8</runs>
            <runs>0 23 8 13 13</runs>
            <runs>0 22 9 13 9</runs>
            <runs>0 22 8 13 9</runs>
            <runs>0 7 7 6 16 6 15 4 1</runs>
            <runs>0 6 58</runs>
            <runs>0 7 8 4 44</runs>
            <runs>0 19 9 12 11 9 2</runs>
            <runs>0 19 9 11 11</runs>
            <runs>0 18 9 12 10</runs>
            <runs>0 18 9 12 10</runs>
            <runs>0 17 9 12 10</runs>
            <runs>0 17 9 12 9</runs>
            <runs>0 16 10 11 10</runs>
            <runs>0 2 1 6 16 7 15</runs>
            <runs>59</runs>
            <runs>58</runs>
            <runs>0 9 14 9 13</runs>
            <runs>0 9 13 10 12</runs>
            <runs>0 9 13 10 12</runs>
            <runs>0 9 13 10 11</runs>
            <runs>0 9 8 15 11</runs>
        </run-table>
    </sample>
    <sample shape="SHARP" interline="22" pitch="-4.1" left="195" top="1236" id="316">
        <run-table orientation="VERTICAL" width="24" height="62">
            <runs>0 23 7 14 8</runs>
            <runs>0 22 8 13 9</runs>
            <runs>0 22 8 13 8</runs>
            <runs>0 22 7 13 9</runs>
            <runs>0 21 14 2 25</runs>
            <runs>0 15 20 1 25</runs>
            <runs>0 10 7 2 9 13 8</runs>
            <runs>0 7 7 5 8 13 8</runs>
            <runs>0 6 5 8 7 14 8</runs>
            <runs>0 19 7 14 7</runs>
            <runs>0 18 7 14 8</runs>
            <runs>0 18 7 14 7</runs>
            <runs>0 17 8 13 8</runs>
            <runs>0 16 8 13 8</runs>
            <runs>0 16 8 13 11</runs>
            <runs>0 15 14 2 26</runs>
            <runs>0 14 14 3 13</runs>
            <runs>0 11 12 9 11</runs>
            <runs>0 5 17 10 11</runs>
            <runs>9 5 7 11 10</runs>
            <runs>3 10 8 11 10</runs>
            <runs>0 13 7</runs>
            <runs>0 12 4</runs>
            <runs>0 12 2</runs>
        </run-table>
    </sample>
    <sample shape="SHARP" interline="22" pitch="-2.0" left="193" top="1487" id="318">
        <run-table orientation="VERTICAL" width="23" height="63">
            <runs>0 23 11 10 12</runs>
            <runs>0 22 8 14 8</runs>
            <runs>0 21 9 13 8</runs>
            <runs>0 20 10 13 8</runs>
            <runs>0 13 50</runs>
            <runs>0 6 57</runs>
            <runs>0 6 7 6 9 12 22</runs>
            <runs>0 19 8 13 9</runs>
            <runs>0 18 9 13 8</runs>
            <runs>0 18 8 14 8</runs>
            <runs>0 18 8 13 8</runs>
            <runs>0 17 8 14 8</runs>
            <runs>0 17 8 13 9</runs>
            <runs>0 16 9 12 9</runs>
            <runs>0 15 10 11 10</runs>
            <runs>0 13 45</runs>
            <runs>57</runs>
            <runs>23 12 9</runs>
            <runs>0 13 9 13 8</runs>
            <runs>0 13 8 11 11</runs>
            <runs>0 13 8 11 10</runs>
            <runs>0 13 7 11 11</runs>
            <runs>0 38 1</runs>
        </run-table>
    </sample>
    <sample shape="SHARP" interline="22" pitch="-4.1" left="192" top="1757" id="355">
        <run-table orientation="VERTICAL" width="25" height="65">
            <runs>0 46 7</runs>
            <runs>0 24 8 13 9</runs>
            <runs>0 23 9 12 10</runs>
            <runs>0 22 10 12 9</runs>
            <runs>0 22 10 12 9</runs>
            <runs>0 16 16 1 31</runs>
            <runs>0 8 57</runs>
            <runs>0 7 57</runs>
            <runs>0 18 12 7 1 1 12</runs>
            <runs>0 20 9 12 10</runs>
            <runs>0 20 9 11 10</runs>
            <runs>0 19 10 11 10</runs>
            <runs>0 19 9 12 9</runs>
            <runs>0 18 9 12 10</runs>
            <runs>0 18 8 13 9</runs>
            <runs>0 17 9 12 10</runs>
            <runs>0 16 10 2 32</runs>
            <runs>0 1 58</runs>
            <runs>46</runs>
            <runs>0 1 12 1 11 8 12</runs>
            <runs>0 15 9 9 12</runs>
            <runs>0 14 9 10 11</runs>
            <runs>0 14 9 10 11</runs>
            <runs>0 14 8 11 10</runs>
            <runs>0 16 3</runs>
        </run-table>
    </sample>
    <sample shape="SHARP" interline="22" pitch="-2.1" left="193" top="2062" id="337">
        <run-table orientation="VERTICAL" width="24" height="64">
            <runs>0 25 1 20 6</runs>
            <runs>0 23 8 13 9</runs>
            <runs>0 22 9 13 9</runs>
            <runs>0 22 9 12 9</runs>
            <runs>0 21 10 12 9</runs>
            <runs>0 19 44</runs>
            <runs>0 6 58</runs>
            <runs>0 6 30 1 26</runs>
            <runs>0 17 11 12 9</runs>
            <runs>0 18 10 12 9</runs>
            <runs>0 18 9 13 9</runs>
            <runs>0 18 9 12 10</runs>
            <runs>0 17 9 13 9</runs>
            <runs>0 16 10 12 10</runs>
            <runs>0 16 10 11 10</runs>
            <runs>0 16 9 12 10</runs>
            <runs>0 2 10 3 10 11 22</runs>
            <runs>58</runs>
            <runs>45 4 8</runs>
            <runs>0 5 18 8 13</runs>
            <runs>0 9 13 10 12</runs>
            <runs>0 9 13 10 11</runs>
            <runs>0 9 13 10 11</runs>
            <runs>0 9 12 11 10</runs>
        </run-table>
    </sample>
    <sample shape="SHARP" interline="22" pitch="-4.0" left="193" top="2324" id="391">
        <run-table orientation="VERTICAL" width="24" height="63">
            <runs>0 23 7 14 9</runs>
            <runs>0 22 9 13 9</runs>
            <runs>0 22 9 12 9</runs>
            <runs>0 22 8 13 9</runs>
            <runs>0 21 9 12 10</runs>
            <runs>0 6 57</runs>
            <runs>0 6 57</runs>
            <runs>0 20 8 12 19 2 1</runs>
            <runs>0 19 8 13 9</runs>
            <runs>0 19 8 13 9</runs>
            <runs>0 18 8 14 8</runs>
            <runs>0 18 8 13 9</runs>
            <runs>0 17 8 14 8</runs>
            <runs>0 17 8 13 8</runs>
            <runs>0 16 9 12 9</runs>
            <runs>0 15 10 11 11</runs>
            <runs>58</runs>
            <runs>58</runs>
            <runs>0 13 10 8 14</runs>
            <runs>0 13 9 9 13</runs>
            <runs>0 13 9 9 12</runs>
            <runs>0 12 9 10 12</runs>
            <runs>0 12 8 11 11</runs>
            <runs>0 36 1</runs>
        </run-table>
    </sample>
    <sample shape="SHARP" interline="22" pitch="-2.0" left="197" top="2573" id="393">
        <run-table orientation="VERTICAL" width="24" height="65">
            <runs>0 24 8 13 13</runs>
            <runs>0 23 13 9 13</runs>
            <runs>0 22 10 12 14</runs>
            <runs>0 22 9 13 14</runs>
            <runs>0 7 10 1 18 7 17</runs>
            <runs>0 7 58</runs>
            <runs>0 7 58</runs>
            <runs>0 17 13 8 26</runs>
            <runs>0 19 10 12 10</runs>
            <runs>0 19 10 11 10</runs>
            <runs>0 18 10 12 10</runs>
            <runs>0 18 9 12 10</runs>
            <runs>0 17 10 12 10</runs>
            <runs>0 17 10 11 10</runs>
            <runs>0 17 9 12 10</runs>
            <runs>0 15 13 9 11</runs>
            <runs>0 1 58</runs>
            <runs>59</runs>
            <runs>0 1 2 7 14 8 14 3 1</runs>
            <runs>0 10 14 8 13</runs>
            <runs>0 10 13 9 13</runs>
            <runs>0 10 12 10 12</runs>
            <runs>0 10 12 10 12</runs>
            <runs>0 16 4 18 5</runs>
        </run-table>
    </sample>
    <sample shape="SHARP" interline="22" pitch="-4.3" left="196" top="2844" id="425">
        <run-table orientation="VERTICAL" width="23" height="63">
            <runs>0 24 6 16 7</runs>
            <runs>0 23 8 14 7</runs>
            <runs>0 22 9 13 8</runs>
            <runs>0 22 9 13 7</runs>
            <runs>0 7 6 6 12 12 8</runs>
            <runs>0 6 57</runs>
            <runs>0 7 2 3 1 2 1 2 10 13 10 9 3</runs>
            <runs>0 19 9 13 9</runs>
            <runs>0 19 8 14 8</runs>
            <runs>0 19 8 14 7</runs>
            <runs>0 18 8 14 8</runs>
            <runs>0 18 8 14 8</runs>
            <runs>0 17 9 13 8</runs>
            <runs>0 17 9 12 9</runs>
            <runs>0 17 8 13 9</runs>
            <runs>0 2 1 12 12 6 19</runs>
            <runs>58</runs>
            <runs>26 1 2 3 14 4 1</runs>
            <runs>0 14 9 10 11</runs>
            <runs>0 13 9 11 11</runs>
            <runs>0 13 8 12 11</runs>
            <runs>0 13 8 12 10</runs>
            <runs>0 13 7 13 9</runs>
        </run-table>
    </sample>
    <sample shape="SHARP" interline="22" pitch="-2.0" left="199" top="3098" id="427">
        <run-table orientation="VERTICAL" width="24" height="63">
            <runs>0 24 2 19 7</runs>
            <runs>0 23 8 12 9</runs>
            <runs>0 22 8 13 10</runs>
            <runs>0 21 9 13 9</runs>
            <runs>0 20 10 12 10</runs>
            <runs>0 7 29 4 23</runs>
            <runs>0 7 56</runs>
            <runs>0 15 1 1 13 9 24</runs>
            <runs>0 18 10 11 11</runs>
            <runs>0 19 8 12 10</runs>
            <runs>0 18 8 13 9</runs>
            <runs>0 18 10 10 9</runs>
            <runs>0 18 8 12 9</runs>
            <runs>0 17 8 12 10</runs>
            <runs>0 16 9 12 10</runs>
            <runs>0 16 9 11 11</runs>
            <runs>0 15 12 3 28</runs>
            <runs>57</runs>
            <runs>23 2 20</runs>
            <runs>0 13 10 8 13</runs>
            <runs>0 13 9 10 11</runs>
            <runs>0 13 9 10 11</runs>
            <runs>0 9 12 11 11</runs>
            <runs>0 9 12 11 8</runs>
        </run-table>
    </sample>
</samples>
