<?xml version="1.0" encoding="UTF-8" standalone="yes"?>
<samples sheet-name="IMSLP00120#9">
    <sample shape="SHARP" interline="19" pitch="-5.0" left="336" top="342" id="283">
        <run-table orientation="VERTICAL" width="22" height="59">
            <runs>0 18 8</runs>
            <runs>0 17 9 11 9</runs>
            <runs>0 16 10 10 10</runs>
            <runs>0 5 22 9 10</runs>
            <runs>0 2 45</runs>
            <runs>0 2 57</runs>
            <runs>0 3 56</runs>
            <runs>0 15 12 2 30</runs>
            <runs>0 15 10 9 12 3 10</runs>
            <runs>0 15 9 10 10</runs>
            <runs>0 15 9 10 10</runs>
            <runs>0 14 10 10 9</runs>
            <runs>0 14 9 11 9</runs>
            <runs>0 13 10 11 9</runs>
            <runs>10 2 11 10 10</runs>
            <runs>25 7 13</runs>
            <runs>59</runs>
            <runs>0 11 48</runs>
            <runs>0 12 9 9 29</runs>
            <runs>0 12 8 10 11</runs>
            <runs>0 12 8 11 10</runs>
            <runs>0 32 9</runs>
        </run-table>
    </sample>
</samples>
