<?xml version="1.0" encoding="UTF-8" standalone="yes"?>
<samples sheet-name="IMSLP17151#7">
    <sample shape="G_CLEF" interline="21" pitch="0.1" left="553" top="1040" id="417">
        <run-table orientation="VERTICAL" width="57" height="161">
            <runs>0 90 3 1 5 2 2</runs>
            <runs>0 82 25</runs>
            <runs>0 82 28</runs>
            <runs>0 81 31</runs>
            <runs>0 80 33</runs>
            <runs>0 77 38</runs>
            <runs>0 75 42</runs>
            <runs>0 74 43</runs>
            <runs>0 72 28 1 18 26 2</runs>
            <runs>0 72 23 7 17 23 10</runs>
            <runs>0 70 23 17 11 19 13</runs>
            <runs>0 69 22 21 9 18 15</runs>
            <runs>0 67 21 26 8 16 18</runs>
            <runs>0 62 25 29 7 14 20</runs>
            <runs>0 62 25 30 11 8 22</runs>
            <runs>0 62 25 31 10 8 22</runs>
            <runs>0 62 25 8 13 11 9 8 22</runs>
            <runs>0 62 25 5 18 10 8 7 24</runs>
            <runs>0 61 20 9 21 10 7 8 24</runs>
            <runs>0 60 20 9 23 9 8 6 25</runs>
            <runs>0 59 20 9 26 21 26</runs>
            <runs>0 59 18 6 32 20 26</runs>
            <runs>0 30 1 2 13 12 19 6 33 20 25</runs>
            <runs>0 22 28 7 18 8 34 19 25</runs>
            <runs>0 19 55 9 17 11 6 19 25</runs>
            <runs>0 16 57 10 16 13 6 19 19 1 4</runs>
            <runs>0 14 59 10 14 16 6 18 18 2 4</runs>
            <runs>0 12 27 2 34 8 13 18 5 19 16 3 4</runs>
            <runs>0 10 25 15 26 7 12 20 4 21 11 5 5</runs>
            <runs>0 8 24 18 45 22 2 23 6 8 5</runs>
            <runs>0 7 23 19 46 61 5</runs>
            <runs>0 6 21 21 20 2 1 2 22 61 4</runs>
            <runs>0 5 20 22 20 9 23 56 5</runs>
            <runs>0 4 19 19 25 14 20 54 5</runs>
            <runs>0 3 19 20 24 15 26 47 6</runs>
            <runs>0 2 18 21 25 15 14 3 1 1 14 39 6</runs>
            <runs>0 1 18 22 25 15 13 8 19 32 6</runs>
            <runs>19 20 27 16 12 9 26 21 8</runs>
            <runs>16 22 22 22 12 18 21 15 10</runs>
            <runs>15 20 24 23 12 23 22 6 12</runs>
            <runs>0 1 14 19 23 25 12 28 34</runs>
            <runs>0 2 16 14 24 26 13 27 33</runs>
            <runs>0 4 17 2 4 2 25 28 13 27 32</runs>
            <runs>0 5 47 30 15 24 8 3 19</runs>
            <runs>0 8 41 34 16 21 9 9 10</runs>
            <runs>0 11 36 36 17 19 9</runs>
            <runs>0 15 31 37 18 17 10</runs>
            <runs>0 19 27 37 25 8 12</runs>
            <runs>0 24 11 4 3 41 25 4 11</runs>
            <runs>0 83 39</runs>
            <runs>0 83 39</runs>
            <runs>0 89 31</runs>
            <runs>0 90 29</runs>
            <runs>0 91 27</runs>
            <runs>0 93 24</runs>
            <runs>0 94 19</runs>
            <runs>0 101 8</runs>
        </run-table>
    </sample>
    <sample shape="G_CLEF" interline="21" pitch="0.2" left="555" top="1559" id="466">
        <run-table orientation="VERTICAL" width="57" height="161">
            <runs>0 89 7 3 2</runs>
            <runs>0 82 26</runs>
            <runs>0 81 28</runs>
            <runs>0 80 30</runs>
            <runs>0 78 33</runs>
            <runs>0 77 36</runs>
            <runs>0 76 39</runs>
            <runs>0 73 46</runs>
            <runs>0 72 23 8 16 25 5</runs>
            <runs>0 71 22 16 10 20 13</runs>
            <runs>0 69 20 22 9 19 14</runs>
            <runs>0 68 20 24 8 17 17</runs>
            <runs>0 67 20 27 7 15 20</runs>
            <runs>0 62 24 30 6 13 22</runs>
            <runs>0 62 25 29 7 11 23</runs>
            <runs>0 62 25 30 6 11 24</runs>
            <runs>0 62 25 8 12 11 10 6 25</runs>
            <runs>0 62 18 11 18 10 9 6 25</runs>
            <runs>0 60 19 10 23 8 8 6 26</runs>
            <runs>0 59 19 10 25 7 8 6 26</runs>
            <runs>0 58 19 5 32 6 8 6 27</runs>
            <runs>0 57 19 6 33 6 2 11 27</runs>
            <runs>0 57 18 7 34 6 1 11 20 1 6</runs>
            <runs>0 30 16 10 18 8 19 7 9 5 1 12 19 2 5</runs>
            <runs>0 21 31 3 18 9 17 11 7 4 2 12 18 3 5</runs>
            <runs>0 17 55 10 16 14 5 5 1 14 15 4 5</runs>
            <runs>0 13 2 1 56 10 14 17 5 4 1 15 13 5 5</runs>
            <runs>0 12 23 13 24 10 13 19 4 21 10 6 5</runs>
            <runs>0 10 22 18 27 4 13 21 3 23 6 8 5</runs>
            <runs>0 9 21 20 44 61 5</runs>
            <runs>0 7 20 21 46 60 6</runs>
            <runs>0 6 20 21 20 8 19 60 6</runs>
            <runs>0 4 21 21 20 12 19 56 6</runs>
            <runs>0 3 20 18 25 14 27 46 6</runs>
            <runs>0 2 19 20 25 14 32 40 7</runs>
            <runs>0 2 17 22 25 14 13 7 17 35 6</runs>
            <runs>0 1 17 23 20 19 13 10 25 23 6</runs>
            <runs>16 22 22 20 13 18 20 18 7</runs>
            <runs>15 21 22 22 13 22 22 8 10</runs>
            <runs>14 21 21 24 13 27 34</runs>
            <runs>0 1 12 20 23 25 13 27 32</runs>
            <runs>0 2 12 18 22 27 14 26 30</runs>
            <runs>0 4 12 12 24 30 13 26 7 2 20</runs>
            <runs>0 7 44 31 14 24 8 8 11</runs>
            <runs>0 9 40 33 14 23 9</runs>
            <runs>0 13 34 36 14 21 10</runs>
            <runs>0 14 33 36 15 19 11</runs>
            <runs>0 17 29 37 17 14 8</runs>
            <runs>0 21 14 2 1 45 19 8 11</runs>
            <runs>0 83 37</runs>
            <runs>0 82 37</runs>
            <runs>0 88 30</runs>
            <runs>0 21 2 66 28</runs>
            <runs>0 21 2 67 26</runs>
            <runs>0 22 1 68 23</runs>
            <runs>0 94 16</runs>
            <runs>0 96 12</runs>
        </run-table>
    </sample>
    <sample shape="G_CLEF" interline="21" pitch="0.1" left="558" top="2121" id="527">
        <run-table orientation="VERTICAL" width="58" height="161">
            <runs>0 96 10</runs>
            <runs>0 86 20</runs>
            <runs>0 81 26</runs>
            <runs>0 80 29</runs>
            <runs>0 78 33</runs>
            <runs>0 77 37</runs>
            <runs>0 75 39</runs>
            <runs>0 73 42</runs>
            <runs>0 72 25 4 15</runs>
            <runs>0 70 24 14 9 28 3</runs>
            <runs>0 68 25 17 8 23 11</runs>
            <runs>0 68 22 22 7 20 14</runs>
            <runs>0 67 20 27 6 17 18</runs>
            <runs>0 66 20 29 12 9 20</runs>
            <runs>0 61 25 29 7 14 21</runs>
            <runs>0 61 24 32 10 8 23</runs>
            <runs>0 61 24 12 3 18 10 7 24</runs>
            <runs>0 61 19 12 16 11 8 7 25</runs>
            <runs>0 60 19 12 19 9 8 7 26</runs>
            <runs>0 59 19 10 23 9 2 12 26</runs>
            <runs>0 58 19 10 25 9 1 12 26</runs>
            <runs>0 31 3 23 19 10 27 8 1 12 26</runs>
            <runs>0 25 20 11 18 7 33 7 1 12 27</runs>
            <runs>0 21 28 6 18 9 33 19 27</runs>
            <runs>0 17 56 9 17 10 6 19 20 2 5</runs>
            <runs>0 15 57 9 17 12 6 19 18 3 5</runs>
            <runs>0 13 59 9 16 15 5 19 16 3 6</runs>
            <runs>0 10 23 5 8 1 26 8 15 17 5 19 15 4 5</runs>
            <runs>0 8 23 19 26 5 14 19 4 21 10 7 5</runs>
            <runs>0 7 21 21 45 21 4 21 8 8 5</runs>
            <runs>0 5 21 22 46 51 1 10 5</runs>
            <runs>0 4 20 23 21 3 22 62 6</runs>
            <runs>0 3 19 24 21 10 17 61 6</runs>
            <runs>0 2 19 19 26 14 17 57 6</runs>
            <runs>0 1 19 21 24 15 26 47 7</runs>
            <runs>19 22 24 15 16 3 13 40 7</runs>
            <runs>18 22 26 14 13 9 12 38 7</runs>
            <runs>17 20 23 20 13 15 11 32 7</runs>
            <runs>16 19 23 22 13 21 14 22 7</runs>
            <runs>15 18 24 24 12 22 18 14 9</runs>
            <runs>0 1 14 17 24 25 12 27 21 2 12</runs>
            <runs>0 2 17 8 26 28 12 28 32</runs>
            <runs>0 4 47 30 13 27 31</runs>
            <runs>0 6 43 33 12 27 7 1 22</runs>
            <runs>0 10 37 35 13 25 8 9 10</runs>
            <runs>0 13 33 36 14 23 9 13 4</runs>
            <runs>0 16 29 37 14 21 11</runs>
            <runs>0 20 16 45 16 18 7</runs>
            <runs>0 81 18 13 9</runs>
            <runs>0 81 25 3 12</runs>
            <runs>0 81 39</runs>
            <runs>0 87 32</runs>
            <runs>0 88 30</runs>
            <runs>0 89 28</runs>
            <runs>0 91 24</runs>
            <runs>0 93 20</runs>
            <runs>0 96 13</runs>
            <runs>0 97 10</runs>
        </run-table>
    </sample>
    <sample shape="G_CLEF" interline="21" pitch="0.4" left="558" top="2658" id="588">
        <run-table orientation="VERTICAL" width="65" height="162">
            <runs>0 93 13</runs>
            <runs>0 88 20</runs>
            <runs>0 82 28</runs>
            <runs>0 82 30</runs>
            <runs>0 81 33</runs>
            <runs>0 78 37</runs>
            <runs>0 76 41</runs>
            <runs>0 75 26 1 16</runs>
            <runs>0 73 24 11 11 27 3</runs>
            <runs>0 72 21 18 9 22 12</runs>
            <runs>0 71 21 21 8 20 14</runs>
            <runs>0 70 20 24 8 18 16 2 3</runs>
            <runs>0 69 19 28 6 16 20 1 2</runs>
            <runs>0 68 19 30 11 9 22</runs>
            <runs>0 67 19 32 10 8 24</runs>
            <runs>0 61 25 33 9 8 24</runs>
            <runs>0 61 25 11 12 10 9 7 26</runs>
            <runs>0 61 20 12 18 9 8 7 26</runs>
            <runs>0 61 19 11 21 23 27</runs>
            <runs>0 61 18 11 23 22 27</runs>
            <runs>0 60 18 11 26 20 27</runs>
            <runs>0 59 17 11 28 20 27</runs>
            <runs>0 58 18 6 34 19 27</runs>
            <runs>0 23 22 12 18 7 25 1 9 19 19 2 5</runs>
            <runs>0 19 55 9 17 11 7 18 19 2 5</runs>
            <runs>0 17 56 10 16 14 6 17 18 3 5</runs>
            <runs>0 14 58 11 15 15 6 19 14 5 5</runs>
            <runs>0 12 24 14 24 9 14 17 5 20 12 6 5</runs>
            <runs>0 10 21 20 29 3 13 19 4 24 6 7 6</runs>
            <runs>0 8 21 21 45 62 5</runs>
            <runs>0 7 20 22 46 62 5</runs>
            <runs>0 5 20 23 20 7 20 61 6</runs>
            <runs>0 4 20 23 20 14 21 53 7</runs>
            <runs>0 4 18 24 20 16 27 45 7</runs>
            <runs>0 2 19 19 26 16 30 42 7</runs>
            <runs>0 1 19 20 26 16 13 6 15 37 7</runs>
            <runs>19 21 26 16 12 8 19 31 8</runs>
            <runs>18 22 20 22 12 16 23 17 10</runs>
            <runs>17 21 20 24 12 20 22 12 11</runs>
            <runs>0 1 15 21 20 25 13 26 37</runs>
            <runs>0 3 11 19 23 26 13 27 35</runs>
            <runs>0 5 11 14 25 27 13 27 33</runs>
            <runs>0 7 17 1 28 29 14 36 22</runs>
            <runs>0 8 43 31 15 23 8 9 15</runs>
            <runs>0 9 40 33 15 23 8 12 8</runs>
            <runs>0 13 33 36 17 20 9</runs>
            <runs>0 16 29 37 18 17 11</runs>
            <runs>0 22 23 37 19 15 12</runs>
            <runs>0 26 1 4 1 50 25 6 9</runs>
            <runs>0 82 39</runs>
            <runs>0 87 33</runs>
            <runs>0 88 31</runs>
            <runs>0 89 30</runs>
            <runs>0 91 27</runs>
            <runs>0 93 22</runs>
            <runs>0 94 20</runs>
            <runs>0 96 15</runs>
            <runs></runs>
            <runs></runs>
            <runs></runs>
            <runs></runs>
            <runs></runs>
            <runs>0 20 2</runs>
            <runs>0 20 2</runs>
            <runs>0 21 1</runs>
        </run-table>
    </sample>
    <sample shape="G_CLEF" interline="21" pitch="-0.1" left="562" top="3157" id="637">
        <run-table orientation="VERTICAL" width="58" height="161">
            <runs>0 85 16</runs>
            <runs>0 85 24</runs>
            <runs>0 83 27</runs>
            <runs>0 81 32</runs>
            <runs>0 79 35</runs>
            <runs>0 77 39</runs>
            <runs>0 76 41</runs>
            <runs>0 74 44</runs>
            <runs>0 72 23 10 14 26 3</runs>
            <runs>0 71 22 18 9 20 13</runs>
            <runs>0 69 23 21 8 18 16</runs>
            <runs>0 63 27 24 8 16 18</runs>
            <runs>0 64 25 27 6 15 20</runs>
            <runs>0 63 26 28 5 14 22</runs>
            <runs>0 64 25 29 5 13 22</runs>
            <runs>0 64 25 30 5 12 24</runs>
            <runs>0 63 20 10 17 10 10 5 25</runs>
            <runs>0 62 20 8 21 10 9 5 24</runs>
            <runs>0 61 20 8 23 9 9 5 24</runs>
            <runs>0 60 19 5 29 8 9 5 25</runs>
            <runs>0 59 19 6 31 7 8 5 25</runs>
            <runs>0 58 19 7 32 19 20 1 5</runs>
            <runs>0 57 19 8 33 19 19 2 4</runs>
            <runs>0 24 24 8 19 9 33 19 18 3 4</runs>
            <runs>0 21 31 3 19 10 17 9 8 18 18 3 4</runs>
            <runs>0 17 27 1 29 10 15 14 5 19 16 4 4</runs>
            <runs>0 15 58 10 15 15 6 19 13 6 4</runs>
            <runs>0 13 25 1 2 2 30 9 15 18 4 22 9 7 4</runs>
            <runs>0 11 24 16 25 5 15 20 3 27 2 9 4</runs>
            <runs>0 10 21 19 45 62 4</runs>
            <runs>0 8 20 21 46 61 4</runs>
            <runs>0 7 20 21 20 2 26 60 4</runs>
            <runs>0 6 19 18 25 10 18 59 5</runs>
            <runs>0 5 19 18 26 13 28 45 5</runs>
            <runs>0 3 19 20 26 13 30 42 6</runs>
            <runs>0 2 19 21 21 18 13 5 19 35 6</runs>
            <runs>0 1 19 21 21 19 13 11 17 30 6</runs>
            <runs>0 1 17 21 22 20 13 11 25 21 6</runs>
            <runs>17 20 22 23 14 20 20 11 9</runs>
            <runs>15 21 22 24 14 25 34</runs>
            <runs>15 19 23 25 14 26 32</runs>
            <runs>0 1 15 16 23 27 14 26 31</runs>
            <runs>0 4 15 10 24 29 14 25 9 1 20</runs>
            <runs>0 6 16 2 27 31 14 24 10 9 9</runs>
            <runs>0 8 41 34 14 22 11</runs>
            <runs>0 10 38 35 15 20 12</runs>
            <runs>0 13 34 37 15 16 9</runs>
            <runs>0 18 29 37 17 13 9</runs>
            <runs>0 23 16 45 19 8 11</runs>
            <runs>0 84 37</runs>
            <runs>0 84 36</runs>
            <runs>0 84 35</runs>
            <runs>0 90 28</runs>
            <runs>0 92 25</runs>
            <runs>0 93 22</runs>
            <runs>0 95 16</runs>
            <runs>0 96 14</runs>
            <runs>0 99 2</runs>
        </run-table>
    </sample>
    <sample shape="G_CLEF" interline="21" pitch="0.1" left="564" top="3656" id="706">
        <run-table orientation="VERTICAL" width="57" height="160">
            <runs>0 91 1 1 4</runs>
            <runs>0 87 19</runs>
            <runs>0 82 26</runs>
            <runs>0 82 27</runs>
            <runs>0 78 33</runs>
            <runs>0 77 37</runs>
            <runs>0 75 40</runs>
            <runs>0 73 28 2 13</runs>
            <runs>0 72 23 8 15 25 6</runs>
            <runs>0 71 21 18 9 21 13</runs>
            <runs>0 69 22 19 9 19 16</runs>
            <runs>0 68 21 23 8 18 16</runs>
            <runs>0 67 21 26 7 16 18</runs>
            <runs>0 66 20 29 6 15 20</runs>
            <runs>0 61 24 31 5 14 22</runs>
            <runs>0 60 25 33 9 8 22</runs>
            <runs>0 61 24 9 12 12 8 8 24</runs>
            <runs>0 61 24 5 18 11 2 13 24</runs>
            <runs>0 60 19 10 21 9 2 13 25</runs>
            <runs>0 60 18 10 24 8 1 13 25</runs>
            <runs>0 58 19 10 26 21 25</runs>
            <runs>0 58 18 10 28 20 19 2 4</runs>
            <runs>0 57 18 7 33 19 19 2 5</runs>
            <runs>0 56 18 8 19 6 9 19 18 3 4</runs>
            <runs>0 23 27 1 1 3 18 9 17 10 7 19 17 4 4</runs>
            <runs>0 21 51 10 15 14 6 19 15 5 4</runs>
            <runs>0 17 54 11 14 16 5 20 13 6 4</runs>
            <runs>0 15 57 10 14 17 5 20 11 7 4</runs>
            <runs>0 13 23 2 1 11 26 6 12 20 4 23 6 9 4</runs>
            <runs>0 12 22 16 43 51 1 10 5</runs>
            <runs>0 10 20 18 45 62 5</runs>
            <runs>0 8 19 20 20 5 23 59 6</runs>
            <runs>0 7 17 22 20 11 21 55 6</runs>
            <runs>0 6 17 22 20 15 26 47 6</runs>
            <runs>0 5 18 18 24 15 28 44 7</runs>
            <runs>0 3 18 20 24 15 13 5 16 37 7</runs>
            <runs>0 2 18 21 24 15 13 10 17 30 8</runs>
            <runs>0 1 17 22 20 20 13 16 21 18 9</runs>
            <runs>17 21 21 22 12 22 20 11 10</runs>
            <runs>16 21 21 23 12 26 36</runs>
            <runs>15 20 21 25 12 27 34</runs>
            <runs>13 19 22 27 13 27 31</runs>
            <runs>0 1 12 17 21 30 13 36 19</runs>
            <runs>0 3 13 9 25 31 14 39 12</runs>
            <runs>0 4 44 34 13 23 8</runs>
            <runs>0 7 39 36 14 21 9</runs>
            <runs>0 9 36 37 16 18 10</runs>
            <runs>0 12 32 38 18 14 8</runs>
            <runs>0 15 29 38 23 7 9</runs>
            <runs>0 23 1 2 11 45 23 2 13</runs>
            <runs>0 86 34</runs>
            <runs>0 87 32</runs>
            <runs>0 88 30</runs>
            <runs>0 89 27</runs>
            <runs>0 91 24</runs>
            <runs>0 93 21</runs>
            <runs>0 95 16</runs>
        </run-table>
    </sample>
    <sample shape="F_CLEF" interline="21" pitch="-1.6" left="550" top="1317" id="436">
        <run-table orientation="VERTICAL" width="63" height="68">
            <runs>0 60 8</runs>
            <runs>0 60 3</runs>
            <runs>0 60 3</runs>
            <runs>0 60 3</runs>
            <runs>0 60 2</runs>
            <runs>0 59 3</runs>
            <runs>0 15 11 33 3</runs>
            <runs>0 13 14 32 3</runs>
            <runs>0 11 17 31 3</runs>
            <runs>0 10 19 29 3</runs>
            <runs>0 9 21 28 3</runs>
            <runs>0 7 7 2 15 26 4</runs>
            <runs>0 7 4 6 14 26 4</runs>
            <runs>0 1 9 6 16 25 4</runs>
            <runs>0 6 3 7 16 24 5</runs>
            <runs>0 6 2 8 16 23 5</runs>
            <runs>0 6 2 8 16 22 6</runs>
            <runs>0 6 2 8 16 23 5</runs>
            <runs>0 6 1 9 16 22 6</runs>
            <runs>0 6 1 9 15 23 5</runs>
            <runs>0 16 14 23 6</runs>
            <runs>0 16 14 22 7</runs>
            <runs>0 18 11 22 7</runs>
            <runs>0 20 2 29 7</runs>
            <runs>0 50 8</runs>
            <runs>0 49 9</runs>
            <runs>0 49 7</runs>
            <runs>0 44 12</runs>
            <runs>0 44 12</runs>
            <runs>8 36 11</runs>
            <runs>8 36 10</runs>
            <runs>9 35 10</runs>
            <runs>0 1 9 33 10</runs>
            <runs>0 1 10 30 11</runs>
            <runs>0 1 12 27 12</runs>
            <runs>0 1 14 22 14</runs>
            <runs>0 1 17 16 16</runs>
            <runs>0 1 19 1 29</runs>
            <runs>0 1 48</runs>
            <runs>0 2 46</runs>
            <runs>0 2 45</runs>
            <runs>0 3 44</runs>
            <runs>0 1 46</runs>
            <runs>0 8 39</runs>
            <runs>0 9 32</runs>
            <runs>0 10 30</runs>
            <runs>0 11 27</runs>
            <runs>0 14 22</runs>
            <runs>0 17 18</runs>
            <runs>0 23 11</runs>
            <runs>0 28 1</runs>
            <runs></runs>
            <runs>0 12 6 13 5</runs>
            <runs>0 11 8 10 8</runs>
            <runs>0 10 9 9 10</runs>
            <runs>0 10 10 8 11</runs>
            <runs>0 10 10 8 11</runs>
            <runs>0 9 11 8 11</runs>
            <runs>0 9 11 8 11</runs>
            <runs>0 9 11 9 9</runs>
            <runs>0 10 9 10 8</runs>
            <runs>0 11 7 12 6</runs>
            <runs>0 15 1</runs>
        </run-table>
    </sample>
    <sample shape="F_CLEF" interline="21" pitch="-1.6" left="552" top="1836" id="488">
        <run-table orientation="VERTICAL" width="60" height="68">
            <runs>0 60 8</runs>
            <runs>0 59 9</runs>
            <runs>0 59 9</runs>
            <runs>0 16 2 41 4</runs>
            <runs>0 14 12 33 4</runs>
            <runs>0 12 15 31 5</runs>
            <runs>0 10 19 29 5</runs>
            <runs>0 8 22 27 5</runs>
            <runs>0 7 23 27 5</runs>
            <runs>0 1 12 2 16 26 5</runs>
            <runs>0 1 10 4 16 25 5</runs>
            <runs>10 5 17 24 5</runs>
            <runs>0 1 8 6 17 23 6</runs>
            <runs>0 15 17 23 5</runs>
            <runs>0 15 17 22 6</runs>
            <runs>0 15 17 22 6</runs>
            <runs>0 15 17 21 7</runs>
            <runs>0 15 17 21 6</runs>
            <runs>0 16 16 20 7</runs>
            <runs>0 17 12 23 7</runs>
            <runs>0 18 11 22 8</runs>
            <runs>0 20 8 22 9</runs>
            <runs>0 49 9</runs>
            <runs>0 44 14</runs>
            <runs>0 44 13</runs>
            <runs>0 43 14</runs>
            <runs>0 43 13</runs>
            <runs>8 35 12</runs>
            <runs>8 35 12</runs>
            <runs>9 34 11</runs>
            <runs>11 30 13</runs>
            <runs>12 27 14</runs>
            <runs>14 24 14</runs>
            <runs>16 18 18</runs>
            <runs>18 13 20</runs>
            <runs>50</runs>
            <runs>50</runs>
            <runs>49</runs>
            <runs>48</runs>
            <runs>48</runs>
            <runs>0 7 40</runs>
            <runs>0 8 39</runs>
            <runs>0 9 38</runs>
            <runs>0 10 30</runs>
            <runs>0 12 25</runs>
            <runs>0 14 22</runs>
            <runs>0 17 17</runs>
            <runs>0 19 12</runs>
            <runs></runs>
            <runs></runs>
            <runs>0 10 7 12 8</runs>
            <runs>0 9 9 10 10</runs>
            <runs>0 9 10 8 12</runs>
            <runs>0 8 11 8 12</runs>
            <runs>0 8 12 7 12</runs>
            <runs>0 8 12 7 12</runs>
            <runs>0 9 11 7 12</runs>
            <runs>0 9 10 9 10</runs>
            <runs>0 10 9 9 9</runs>
            <runs>0 12 5 12 6</runs>
        </run-table>
    </sample>
    <sample shape="F_CLEF" interline="21" pitch="-1.4" left="554" top="2410" id="548">
        <run-table orientation="VERTICAL" width="61" height="62">
            <runs>0 60 2</runs>
            <runs>0 59 3</runs>
            <runs>0 59 3</runs>
            <runs>0 59 3</runs>
            <runs>0 59 3</runs>
            <runs>0 11 3 3 8 33 4</runs>
            <runs>0 9 16 33 4</runs>
            <runs>0 8 20 29 5</runs>
            <runs>0 8 21 28 5</runs>
            <runs>0 7 22 28 5</runs>
            <runs>0 6 24 26 6</runs>
            <runs>0 6 6 4 14 26 5</runs>
            <runs>0 5 6 5 15 25 5</runs>
            <runs>0 5 6 4 16 25 5</runs>
            <runs>9 6 16 24 5</runs>
            <runs>8 7 16 23 6</runs>
            <runs>0 6 2 7 16 22 7</runs>
            <runs>0 6 1 7 17 22 7</runs>
            <runs>0 14 17 22 7</runs>
            <runs>0 15 16 21 7</runs>
            <runs>0 16 14 22 6</runs>
            <runs>0 17 10 24 7</runs>
            <runs>0 50 8</runs>
            <runs>0 49 9</runs>
            <runs>0 48 10</runs>
            <runs>0 47 10</runs>
            <runs>0 47 9</runs>
            <runs>0 42 14</runs>
            <runs>0 42 14</runs>
            <runs>0 42 13</runs>
            <runs>0 42 12</runs>
            <runs>10 32 11</runs>
            <runs>11 30 12</runs>
            <runs>12 27 13</runs>
            <runs>13 25 14</runs>
            <runs>16 19 16</runs>
            <runs>19 7 1 3 2 1 17</runs>
            <runs>50</runs>
            <runs>49</runs>
            <runs>47</runs>
            <runs>0 5 42</runs>
            <runs>0 5 41</runs>
            <runs>0 7 38</runs>
            <runs>0 9 36</runs>
            <runs>0 10 30</runs>
            <runs>0 12 27</runs>
            <runs>0 13 24</runs>
            <runs>0 16 18</runs>
            <runs>0 20 12</runs>
            <runs></runs>
            <runs></runs>
            <runs>0 30 4</runs>
            <runs>0 11 6 11 8</runs>
            <runs>0 10 7 11 9</runs>
            <runs>0 9 9 9 10</runs>
            <runs>0 9 10 8 11</runs>
            <runs>0 9 10 9 10</runs>
            <runs>0 9 10 9 10</runs>
            <runs>0 9 9 10 10</runs>
            <runs>0 10 7 11 10</runs>
            <runs>0 10 6 13 8</runs>
        </run-table>
    </sample>
    <sample shape="F_CLEF" interline="21" pitch="-1.5" left="555" top="2930" id="603">
        <run-table orientation="VERTICAL" width="62" height="62">
            <runs>0 58 4</runs>
            <runs>0 58 4</runs>
            <runs>0 58 4</runs>
            <runs>0 58 4</runs>
            <runs>0 57 5</runs>
            <runs>0 57 5</runs>
            <runs>0 13 13 31 5</runs>
            <runs>0 10 16 30 5</runs>
            <runs>0 9 18 29 5</runs>
            <runs>0 8 21 27 5</runs>
            <runs>0 7 23 26 5</runs>
            <runs>0 6 6 3 15 25 6</runs>
            <runs>11 4 16 23 6</runs>
            <runs>0 1 8 6 16 22 7</runs>
            <runs>0 6 2 7 17 21 7</runs>
            <runs>0 6 2 6 18 21 6</runs>
            <runs>0 6 1 7 18 21 7</runs>
            <runs>0 14 18 21 6</runs>
            <runs>0 14 18 20 7</runs>
            <runs>0 15 16 21 7</runs>
            <runs>0 16 14 21 8</runs>
            <runs>0 17 12 21 8</runs>
            <runs>0 17 11 21 8</runs>
            <runs>0 49 8</runs>
            <runs>0 48 9</runs>
            <runs>0 47 9</runs>
            <runs>0 47 8</runs>
            <runs>0 42 13</runs>
            <runs>0 42 13</runs>
            <runs>8 34 12</runs>
            <runs>8 34 12</runs>
            <runs>9 32 12</runs>
            <runs>11 29 13</runs>
            <runs>12 26 14</runs>
            <runs>14 23 15</runs>
            <runs>17 18 16</runs>
            <runs>19 1 30</runs>
            <runs>50</runs>
            <runs>49</runs>
            <runs>47</runs>
            <runs>47</runs>
            <runs>0 6 40</runs>
            <runs>0 7 39</runs>
            <runs>0 8 39</runs>
            <runs>0 9 32</runs>
            <runs>0 10 30</runs>
            <runs>0 13 24</runs>
            <runs>0 14 21</runs>
            <runs>0 16 17</runs>
            <runs>0 21 8</runs>
            <runs></runs>
            <runs>0 13 4 13 4</runs>
            <runs>0 11 6 12 8</runs>
            <runs>0 10 8 10 10</runs>
            <runs>0 9 11 8 11</runs>
            <runs>0 9 11 8 11</runs>
            <runs>0 9 17 2 12</runs>
            <runs>0 9 17 2 11</runs>
            <runs>0 9 17 3 10</runs>
            <runs>0 10 10 9 9</runs>
            <runs>0 11 9 9 8</runs>
            <runs>0 15 4 12 5</runs>
        </run-table>
    </sample>
    <sample shape="F_CLEF" interline="21" pitch="-1.5" left="558" top="3417" id="655">
        <run-table orientation="VERTICAL" width="63" height="72">
            <runs>0 64 8</runs>
            <runs>0 64 8</runs>
            <runs>0 64 8</runs>
            <runs>0 63 4</runs>
            <runs>0 63 4</runs>
            <runs>0 63 4</runs>
            <runs>0 62 5</runs>
            <runs>0 19 12 31 5</runs>
            <runs>0 15 16 31 5</runs>
            <runs>0 14 18 30 5</runs>
            <runs>0 12 21 28 5</runs>
            <runs>0 11 23 27 5</runs>
            <runs>0 6 29 25 6</runs>
            <runs>0 6 10 4 16 24 5</runs>
            <runs>0 5 11 4 17 23 5</runs>
            <runs>0 5 10 5 17 22 6</runs>
            <runs>0 5 8 7 17 22 6</runs>
            <runs>0 5 8 7 17 21 7</runs>
            <runs>0 19 18 21 6</runs>
            <runs>0 20 17 21 6</runs>
            <runs>0 20 17 20 7</runs>
            <runs>0 20 15 21 7</runs>
            <runs>0 20 14 21 7</runs>
            <runs>0 22 10 22 8</runs>
            <runs>0 54 8</runs>
            <runs>0 54 8</runs>
            <runs>0 53 9</runs>
            <runs>0 52 9</runs>
            <runs>0 47 13</runs>
            <runs>0 47 13</runs>
            <runs>0 47 12</runs>
            <runs>0 5 8 34 12</runs>
            <runs>0 5 8 34 12</runs>
            <runs>0 6 8 32 12</runs>
            <runs>0 1 4 1 9 30 12</runs>
            <runs>0 1 4 1 11 26 13</runs>
            <runs>5 1 13 22 15</runs>
            <runs>5 1 16 15 18</runs>
            <runs>0 1 3 2 49</runs>
            <runs>0 6 48</runs>
            <runs>0 6 47</runs>
            <runs>0 6 47</runs>
            <runs>0 11 41</runs>
            <runs>0 12 40</runs>
            <runs>0 13 39</runs>
            <runs>0 15 37</runs>
            <runs>0 16 29</runs>
            <runs>0 17 26</runs>
            <runs>0 19 22</runs>
            <runs>0 21 16</runs>
            <runs>0 23 13</runs>
            <runs>0 23 8</runs>
            <runs>0 23 3</runs>
            <runs>0 16 5 12 7</runs>
            <runs>0 15 7 10 9</runs>
            <runs>0 14 10 8 10</runs>
            <runs>0 14 10 8 11</runs>
            <runs>0 14 11 7 11</runs>
            <runs>0 14 11 8 10</runs>
            <runs>0 14 10 9 10</runs>
            <runs>0 14 10 9 10</runs>
            <runs>0 15 8 11 9</runs>
            <runs>0 17 5 13 6</runs>
        </run-table>
    </sample>
    <sample shape="F_CLEF" interline="21" pitch="-1.5" left="562" top="3919" id="753">
        <run-table orientation="VERTICAL" width="63" height="67">
            <runs>0 58 4</runs>
            <runs>0 58 4</runs>
            <runs>0 57 10</runs>
            <runs>0 57 10</runs>
            <runs>0 57 10</runs>
            <runs>0 57 4</runs>
            <runs>0 19 2 35 5</runs>
            <runs>0 14 11 31 5</runs>
            <runs>0 10 17 29 5</runs>
            <runs>0 9 19 27 6</runs>
            <runs>0 7 22 26 6</runs>
            <runs>30 24 7</runs>
            <runs>12 2 17 23 6</runs>
            <runs>10 4 17 23 6</runs>
            <runs>0 1 8 5 17 23 6</runs>
            <runs>0 1 7 6 17 22 6</runs>
            <runs>8 6 18 20 7</runs>
            <runs>0 5 2 6 18 20 7</runs>
            <runs>0 5 1 7 18 20 7</runs>
            <runs>0 13 17 20 8</runs>
            <runs>0 13 17 20 7</runs>
            <runs>0 14 16 19 8</runs>
            <runs>0 14 14 20 9</runs>
            <runs>0 15 12 21 9</runs>
            <runs>0 47 9</runs>
            <runs>0 47 9</runs>
            <runs>0 42 14</runs>
            <runs>0 42 13</runs>
            <runs>0 42 12</runs>
            <runs>0 5 1 36 12</runs>
            <runs>0 5 2 35 12</runs>
            <runs>0 5 2 34 12</runs>
            <runs>8 32 13</runs>
            <runs>9 30 13</runs>
            <runs>11 27 14</runs>
            <runs>13 22 16</runs>
            <runs>16 17 17</runs>
            <runs>20 9 20</runs>
            <runs>49</runs>
            <runs>48</runs>
            <runs>47</runs>
            <runs>47</runs>
            <runs>47</runs>
            <runs>0 6 40</runs>
            <runs>0 7 39</runs>
            <runs>0 8 31</runs>
            <runs>0 9 29</runs>
            <runs>0 11 24</runs>
            <runs>0 13 20 21 3</runs>
            <runs>0 16 15 23 4</runs>
            <runs>0 18 8 28 4</runs>
            <runs>0 55 3</runs>
            <runs>0 30 5</runs>
            <runs>0 11 6 11 9</runs>
            <runs>0 10 8 9 10</runs>
            <runs>0 9 10 8 11</runs>
            <runs>0 8 12 7 11</runs>
            <runs>0 8 12 7 11</runs>
            <runs>0 8 11 9 10</runs>
            <runs>0 8 11 9 10</runs>
            <runs>0 9 9 10 10</runs>
            <runs>0 10 7 11 8</runs>
            <runs>0 13 2 16 3</runs>
        </run-table>
    </sample>
    <sample shape="SHARP" interline="21" pitch="-4.2" left="618" top="1051" id="446">
        <run-table orientation="VERTICAL" width="22" height="62">
            <runs>0 20 8 14 7</runs>
            <runs>0 20 8 13 8</runs>
            <runs>0 19 9 12 9</runs>
            <runs>0 5 8 5 11 11 9</runs>
            <runs>0 4 58</runs>
            <runs>0 4 58</runs>
            <runs>0 4 58</runs>
            <runs>0 13 1 2 11 11 11</runs>
            <runs>0 17 9 12 10</runs>
            <runs>0 17 9 12 9</runs>
            <runs>0 16 9 13 9</runs>
            <runs>0 16 8 13 9</runs>
            <runs>0 1 6 3 3 2 10 5 16 4 9</runs>
            <runs>0 1 58</runs>
            <runs>59</runs>
            <runs>58</runs>
            <runs>0 1 5 6 12 6 13</runs>
            <runs>0 13 9 8 13</runs>
            <runs>0 13 9 8 13</runs>
            <runs>0 13 8 16 6</runs>
            <runs>0 13 8 18 1</runs>
            <runs>0 19 1</runs>
        </run-table>
    </sample>
    <sample shape="SHARP" interline="21" pitch="-0.6" left="635" top="1087" id="448">
        <run-table orientation="VERTICAL" width="23" height="61">
            <runs>0 24 2</runs>
            <runs>0 22 4 15 5</runs>
            <runs>0 15 12 10 10</runs>
            <runs>0 15 12 10 10</runs>
            <runs>0 16 10 11 10</runs>
            <runs>0 16 11 10 11</runs>
            <runs>0 15 17 5 24</runs>
            <runs>0 2 59</runs>
            <runs>0 2 59</runs>
            <runs>0 2 8 1 2 1 47</runs>
            <runs>0 15 11 10 11</runs>
            <runs>0 15 10 11 10</runs>
            <runs>0 15 9 11 10</runs>
            <runs>0 15 8 12 10</runs>
            <runs>0 14 9 12 10 4 2</runs>
            <runs>0 7 1 3 1 1 15 5 28</runs>
            <runs>61</runs>
            <runs>61</runs>
            <runs>0 1 6 1 37 1 3 2 10</runs>
            <runs>0 13 10 11 9</runs>
            <runs>0 12 10 11 10</runs>
            <runs>0 12 9 12 9</runs>
            <runs>0 12 8</runs>
        </run-table>
    </sample>
    <sample shape="SHARP" interline="21" pitch="-5.2" left="656" top="1042" id="449">
        <run-table orientation="VERTICAL" width="23" height="65">
            <runs>0 18 3 2 2</runs>
            <runs>0 18 7 13 9</runs>
            <runs>0 17 8 13 9</runs>
            <runs>0 16 9 13 9</runs>
            <runs>0 10 2 1 12 5 5 1 11 1 1 1 9</runs>
            <runs>0 2 63</runs>
            <runs>0 1 64</runs>
            <runs>0 1 53 1 2 1 2</runs>
            <runs>0 1 26 2 2 4 12</runs>
            <runs>0 2 4 8 11 10 11</runs>
            <runs>0 14 10 11 10</runs>
            <runs>0 14 9 12 10</runs>
            <runs>0 14 9 12 11 3 8</runs>
            <runs>0 13 11 3 2 1 2 1 24</runs>
            <runs>57</runs>
            <runs>57</runs>
            <runs>56</runs>
            <runs>28 3 13 4 1 5 1</runs>
            <runs>6 5 12 10 11</runs>
            <runs>0 11 10 11 12</runs>
            <runs>0 11 10 12 11</runs>
            <runs>0 11 9 14 10</runs>
            <runs>0 13 3 2 1</runs>
        </run-table>
    </sample>
    <sample shape="SHARP" interline="21" pitch="-2.1" left="620" top="1309" id="453">
        <run-table orientation="VERTICAL" width="22" height="62">
            <runs>0 20 8 13 7</runs>
            <runs>0 19 9 12 9</runs>
            <runs>0 19 8 13 9</runs>
            <runs>0 18 10 12 9</runs>
            <runs>0 3 33 3 22</runs>
            <runs>0 3 59</runs>
            <runs>0 3 59</runs>
            <runs>0 3 12 1 10 4 32</runs>
            <runs>0 17 8 11 12</runs>
            <runs>0 16 9 12 10</runs>
            <runs>0 15 9 12 10</runs>
            <runs>0 15 9 12 9</runs>
            <runs>0 15 9 12 9 10 3</runs>
            <runs>0 1 57</runs>
            <runs>58</runs>
            <runs>27 1 29</runs>
            <runs>22 7 15</runs>
            <runs>0 9 13 8 13</runs>
            <runs>0 10 11 10 11</runs>
            <runs>0 10 11 10 11</runs>
            <runs>0 10 9 12 9</runs>
            <runs>0 10 8</runs>
        </run-table>
    </sample>
    <sample shape="SHARP" interline="21" pitch="1.5" left="640" top="1344" id="454">
        <run-table orientation="VERTICAL" width="22" height="61">
            <runs>0 17 8 12 11</runs>
            <runs>0 17 10 10 11</runs>
            <runs>0 17 10 11 10</runs>
            <runs>0 17 10 10 11</runs>
            <runs>0 16 12 2 1 4 16 3 1</runs>
            <runs>0 4 1 1 2 3 2 1 47</runs>
            <runs>0 3 58</runs>
            <runs>0 3 8 1 49</runs>
            <runs>0 16 11 5 29</runs>
            <runs>0 17 8 11 11</runs>
            <runs>0 16 9 11 10</runs>
            <runs>0 16 8 12 9</runs>
            <runs>0 15 9 12 10 3 1 2 2</runs>
            <runs>0 14 10 8 2 2 25</runs>
            <runs>0 1 2 1 57</runs>
            <runs>61</runs>
            <runs>61</runs>
            <runs>0 11 11 3 2 6 10 2 1 2 13</runs>
            <runs>0 12 9 13 9</runs>
            <runs>0 13 8 12 9</runs>
            <runs>0 13 8 12 9</runs>
            <runs>0 34 2</runs>
        </run-table>
    </sample>
    <sample shape="SHARP" interline="21" pitch="-3.1" left="659" top="1300" id="455">
        <run-table orientation="VERTICAL" width="23" height="60">
            <runs>0 23 3 13 8</runs>
            <runs>0 18 9 12 9</runs>
            <runs>0 18 9 12 9</runs>
            <runs>0 18 8 12 10</runs>
            <runs>0 9 6 1 10 4 5 1 12 1 4 4 2</runs>
            <runs>0 3 57</runs>
            <runs>0 3 57</runs>
            <runs>0 3 45 1 2 3 6</runs>
            <runs>0 3 6 1 1 1 14 10 10</runs>
            <runs>0 4 1 10 10 12 9</runs>
            <runs>0 15 9 12 9</runs>
            <runs>0 15 9 12 9</runs>
            <runs>0 14 10 11 10</runs>
            <runs>0 2 9 1 12 1 2 2 3 2 12 1 3 1 7</runs>
            <runs>0 1 57</runs>
            <runs>58</runs>
            <runs>26 3 28</runs>
            <runs>24 9 11 5 1</runs>
            <runs>0 13 10 11 10</runs>
            <runs>0 12 11 11 10</runs>
            <runs>0 12 11 11 10</runs>
            <runs>0 13 10 12 8</runs>
            <runs>0 14 1</runs>
        </run-table>
    </sample>
    <sample shape="SHARP" interline="21" pitch="-4.0" left="623" top="1572" id="506">
        <run-table orientation="VERTICAL" width="22" height="62">
            <runs>0 19 14 8 12</runs>
            <runs>0 19 14 7 13</runs>
            <runs>0 19 14 7 13</runs>
            <runs>0 19 9 12 13</runs>
            <runs>0 11 22 2 27</runs>
            <runs>0 4 58</runs>
            <runs>0 3 58</runs>
            <runs>0 4 29 1 13 6 2</runs>
            <runs>0 5 2 2 16 12 10</runs>
            <runs>0 16 9 12 9</runs>
            <runs>0 16 8 12 10</runs>
            <runs>0 16 8 12 10</runs>
            <runs>0 15 9 11 18</runs>
            <runs>0 3 3 2 3 3 13 7 24</runs>
            <runs>59</runs>
            <runs>44</runs>
            <runs>0 1 22 11 10</runs>
            <runs>0 3 9 1 10 12 8</runs>
            <runs>0 13 9 12 8</runs>
            <runs>0 13 9 12 7</runs>
            <runs>0 14 7</runs>
            <runs>0 15 3</runs>
        </run-table>
    </sample>
    <sample shape="SHARP" interline="21" pitch="-0.5" left="642" top="1605" id="507">
        <run-table orientation="VERTICAL" width="22" height="62">
            <runs>0 24 2 14 4 1 2</runs>
            <runs>0 16 11 10 11</runs>
            <runs>0 16 11 10 11</runs>
            <runs>0 16 10 11 11</runs>
            <runs>0 15 12 1 2 6 13 4 2</runs>
            <runs>0 3 59</runs>
            <runs>0 3 59</runs>
            <runs>0 15 10 6 31</runs>
            <runs>0 16 9 11 12 2 6</runs>
            <runs>0 16 9 11 11</runs>
            <runs>0 15 9 12 10</runs>
            <runs>0 15 9 12 10</runs>
            <runs>0 14 9 12 11</runs>
            <runs>0 13 10 3 2 6 28</runs>
            <runs>62</runs>
            <runs>62</runs>
            <runs>0 12 18 2 29</runs>
            <runs>0 13 9 11 17</runs>
            <runs>0 13 8 12 10</runs>
            <runs>0 13 8 11 10</runs>
            <runs>0 33 8</runs>
            <runs>0 34 3</runs>
        </run-table>
    </sample>
    <sample shape="SHARP" interline="21" pitch="-4.9" left="660" top="1562" id="509">
        <run-table orientation="VERTICAL" width="22" height="63">
            <runs>0 19 6</runs>
            <runs>0 18 9 11 10</runs>
            <runs>0 18 9 11 10</runs>
            <runs>0 18 9 12 8</runs>
            <runs>0 17 10 12 8</runs>
            <runs>0 3 60</runs>
            <runs>0 2 61</runs>
            <runs>0 2 50 1 10</runs>
            <runs>0 3 25 3 19</runs>
            <runs>0 16 9 11 11</runs>
            <runs>0 15 9 12 10</runs>
            <runs>0 15 9 12 9</runs>
            <runs>0 14 10 12 9</runs>
            <runs>0 14 10 11 20 1 2</runs>
            <runs>58</runs>
            <runs>58</runs>
            <runs>57</runs>
            <runs>0 1 27 2 2 2 19</runs>
            <runs>0 13 9 12 9</runs>
            <runs>0 12 10 12 9</runs>
            <runs>0 12 10 12 9</runs>
            <runs>0 13 8 14 8</runs>
        </run-table>
    </sample>
    <sample shape="SHARP" interline="21" pitch="-2.1" left="623" top="1828" id="515">
        <run-table orientation="VERTICAL" width="22" height="63">
            <runs>0 19 9 12 9</runs>
            <runs>0 19 9 12 9</runs>
            <runs>0 18 10 11 10</runs>
            <runs>0 18 10 6 3 1 25</runs>
            <runs>0 8 55</runs>
            <runs>0 4 58</runs>
            <runs>0 3 46 1 11</runs>
            <runs>0 3 25 1 19</runs>
            <runs>0 4 11 1 11 10 10</runs>
            <runs>0 16 10 11 10</runs>
            <runs>0 15 11 10 10</runs>
            <runs>0 15 10 11 10 2 2 6 3</runs>
            <runs>0 15 10 5 29</runs>
            <runs>0 9 50</runs>
            <runs>0 1 57</runs>
            <runs>45</runs>
            <runs>24 11 10</runs>
            <runs>0 1 22 12 9</runs>
            <runs>0 4 1 4 14 12 9</runs>
            <runs>0 9 13 13 8</runs>
            <runs>0 14 7</runs>
            <runs>0 15 1</runs>
        </run-table>
    </sample>
    <sample shape="SHARP" interline="21" pitch="1.4" left="642" top="1863" id="516">
        <run-table orientation="VERTICAL" width="21" height="62">
            <runs>0 44 3</runs>
            <runs>0 21 7 9 12</runs>
            <runs>0 16 12 9 12</runs>
            <runs>0 16 12 9 12</runs>
            <runs>0 16 16 1 2 1 14 3 9</runs>
            <runs>0 4 2 2 2 2 3 1 46</runs>
            <runs>0 3 59</runs>
            <runs>0 2 60</runs>
            <runs>0 3 4 8 13 1 2 5 20</runs>
            <runs>0 16 10 11 10</runs>
            <runs>0 16 10 10 11</runs>
            <runs>0 16 9 11 11</runs>
            <runs>0 15 10 10 12</runs>
            <runs>0 15 10 9 28</runs>
            <runs>0 4 3 2 2 3 12 2 33</runs>
            <runs>61</runs>
            <runs>61</runs>
            <runs>0 1 4 8 11 9 17</runs>
            <runs>0 13 10 11 9</runs>
            <runs>0 12 10 11 10</runs>
            <runs>0 12 10 11 10</runs>
        </run-table>
    </sample>
    <sample shape="SHARP" interline="21" pitch="-3.2" left="660" top="1817" id="517">
        <run-table orientation="VERTICAL" width="23" height="61">
            <runs>0 24 3</runs>
            <runs>0 19 9 13 8</runs>
            <runs>0 19 9 12 9</runs>
            <runs>0 18 10 12 9</runs>
            <runs>0 18 10 4 3 4 10</runs>
            <runs>0 3 4 6 16 1 8 1 22</runs>
            <runs>0 3 58</runs>
            <runs>0 3 51 5 1</runs>
            <runs>0 4 23 9 12</runs>
            <runs>0 10 1 5 10 11 10</runs>
            <runs>0 16 10 11 10</runs>
            <runs>0 15 11 10 11</runs>
            <runs>0 15 10 11 11</runs>
            <runs>0 14 12 7 15 1 10</runs>
            <runs>0 1 8 1 49</runs>
            <runs>59</runs>
            <runs>58</runs>
            <runs>0 1 24 9 18</runs>
            <runs>0 12 13 10 10</runs>
            <runs>0 13 12 9 11</runs>
            <runs>0 13 12 9 11</runs>
            <runs>0 13 11 12 9</runs>
            <runs>0 14 4</runs>
        </run-table>
    </sample>
    <sample shape="SHARP" interline="21" pitch="-4.2" left="622" top="2132" id="567">
        <run-table orientation="VERTICAL" width="28" height="61">
            <runs>0 19 8 13 8</runs>
            <runs>0 18 10 11 9</runs>
            <runs>0 18 10 11 9</runs>
            <runs>0 18 9 12 9</runs>
            <runs>0 11 3 1 13 10 23</runs>
            <runs>0 3 58</runs>
            <runs>0 3 58</runs>
            <runs>0 3 25 2 30</runs>
            <runs>0 16 9 11 11</runs>
            <runs>0 15 10 11 10</runs>
            <runs>0 15 9 12 10</runs>
            <runs>0 14 10 11 10</runs>
            <runs>0 14 10 11 11</runs>
            <runs>0 1 2 8 16 2 28</runs>
            <runs>58</runs>
            <runs>44</runs>
            <runs>24 2 17</runs>
            <runs>2 1 7 3 9 12 8</runs>
            <runs>0 12 10 12 8</runs>
            <runs>0 12 9 8 13</runs>
            <runs>0 12 8 14 2</runs>
            <runs>0 13 6</runs>
            <runs></runs>
            <runs></runs>
            <runs></runs>
            <runs></runs>
            <runs>0 24 2</runs>
            <runs>0 23 3</runs>
        </run-table>
    </sample>
    <sample shape="SHARP" interline="21" pitch="-0.6" left="642" top="2161" id="561">
        <run-table orientation="VERTICAL" width="22" height="67">
            <runs>0 26 4 21 2</runs>
            <runs>0 21 11 10 11</runs>
            <runs>0 21 11 10 12</runs>
            <runs>0 21 11 10 12</runs>
            <runs>0 21 11 3 2 5 12</runs>
            <runs>0 10 2 1 5 1 48</runs>
            <runs>0 8 59</runs>
            <runs>0 9 8 1 49</runs>
            <runs>0 21 46</runs>
            <runs>0 21 10 10 14</runs>
            <runs>0 21 9 11 12</runs>
            <runs>0 20 10 11 11</runs>
            <runs>0 20 10 11 10</runs>
            <runs>0 13 1 5 10 2 1 5 1 2 12 1 9</runs>
            <runs>0 7 59</runs>
            <runs>67</runs>
            <runs>10 1 3 2 51</runs>
            <runs>0 18 12 1 2 4 29</runs>
            <runs>0 18 9 11 11 7 1 1 1</runs>
            <runs>0 17 10 11 10</runs>
            <runs>0 18 8 12 10</runs>
            <runs>0 39 8</runs>
        </run-table>
    </sample>
    <sample shape="SHARP" interline="21" pitch="-5.2" left="661" top="2121" id="563">
        <run-table orientation="VERTICAL" width="22" height="66">
            <runs>0 19 8</runs>
            <runs>0 18 9 12 8</runs>
            <runs>0 18 9 11 10</runs>
            <runs>0 17 10 11 10</runs>
            <runs>0 5 4 8 31 5 3 1 3</runs>
            <runs>0 2 64</runs>
            <runs>0 2 64</runs>
            <runs>0 2 48 6 4</runs>
            <runs>0 3 1 3 1 2 37</runs>
            <runs>0 15 10 11 10</runs>
            <runs>0 15 10 11 10</runs>
            <runs>0 14 10 11 11</runs>
            <runs>0 14 10 10 12</runs>
            <runs>0 1 10 2 15 1 30</runs>
            <runs>59</runs>
            <runs>58</runs>
            <runs>57</runs>
            <runs>5 4 19 2 15</runs>
            <runs>0 13 9 11 12</runs>
            <runs>0 12 9 12 12</runs>
            <runs>0 12 8 13 12</runs>
            <runs>0 12 7 15 11</runs>
        </run-table>
    </sample>
    <sample shape="SHARP" interline="21" pitch="-2.3" left="625" top="2400" id="571">
        <run-table orientation="VERTICAL" width="21" height="61">
            <runs>0 19 8 13 8</runs>
            <runs>0 18 9 13 8</runs>
            <runs>0 18 8 13 9</runs>
            <runs>0 17 10 12 9 4 9</runs>
            <runs>0 3 58</runs>
            <runs>0 2 59</runs>
            <runs>0 2 23 11 23</runs>
            <runs>0 8 2 5 10 12 10 1 1</runs>
            <runs>0 16 8 13 9</runs>
            <runs>0 15 9 12 9</runs>
            <runs>0 15 8 13 9</runs>
            <runs>0 15 8 12 9</runs>
            <runs>0 10 14 6 15 1 4 5 3</runs>
            <runs>58</runs>
            <runs>47 3 8</runs>
            <runs>23 1 1 6 12</runs>
            <runs>0 1 3 4 14 9 11</runs>
            <runs>0 10 11 10 11</runs>
            <runs>0 11 10 14 7</runs>
            <runs>0 11 9 17 4</runs>
            <runs>0 15 4</runs>
        </run-table>
    </sample>
    <sample shape="SHARP" interline="21" pitch="1.5" left="644" top="2437" id="572">
        <run-table orientation="VERTICAL" width="21" height="60">
            <runs>0 20 1 2 2 16 1 2 2</runs>
            <runs>0 15 11 10 11</runs>
            <runs>0 15 11 10 11</runs>
            <runs>0 15 10 11 11</runs>
            <runs>0 15 10 10 12 3 1</runs>
            <runs>0 3 1 11 11 4 30</runs>
            <runs>0 2 58</runs>
            <runs>0 3 3 1 4 1 48</runs>
            <runs>0 14 10 7 17 1 1 1 2</runs>
            <runs>0 14 9 12 11</runs>
            <runs>0 15 8 13 9</runs>
            <runs>0 15 8 12 10</runs>
            <runs>0 14 9 12 9</runs>
            <runs>0 14 9 11 17</runs>
            <runs>0 1 2 1 6 1 15 1 2 2 28</runs>
            <runs>59</runs>
            <runs>4 1 1 5 48</runs>
            <runs>0 12 11 2 1 5 12 1 2 2 1 2 1</runs>
            <runs>0 12 8 13 9</runs>
            <runs>0 12 8 13 8</runs>
            <runs>0 12 8 13 8</runs>
        </run-table>
    </sample>
    <sample shape="SHARP" interline="21" pitch="-2.9" left="663" top="2394" id="573">
        <run-table orientation="VERTICAL" width="22" height="62">
            <runs>0 21 2 1 2</runs>
            <runs>0 16 10 11 9</runs>
            <runs>0 16 10 11 10</runs>
            <runs>0 16 10 11 10</runs>
            <runs>0 10 5 1 10 2 1 2 2 4 10</runs>
            <runs>0 2 46 1 13</runs>
            <runs>0 2 60</runs>
            <runs>0 2 59</runs>
            <runs>0 3 1 4 1 3 16 3 1 3 15</runs>
            <runs>0 15 9 12 10</runs>
            <runs>0 14 10 12 9</runs>
            <runs>0 14 9 12 9</runs>
            <runs>0 14 9 11 10</runs>
            <runs>0 1 22 6 1 4 13 2 6</runs>
            <runs>57</runs>
            <runs>57</runs>
            <runs>57</runs>
            <runs>2 1 4 4 10 2 2 8 11 10 2</runs>
            <runs>0 12 8 13 9</runs>
            <runs>0 11 9 12 9</runs>
            <runs>0 11 9 12 8</runs>
            <runs>0 33 2</runs>
        </run-table>
    </sample>
    <sample shape="SHARP" interline="21" pitch="-4.1" left="627" top="2669" id="615">
        <run-table orientation="VERTICAL" width="22" height="63">
            <runs>0 20 9 13 7</runs>
            <runs>0 19 10 12 14</runs>
            <runs>0 19 10 11 10</runs>
            <runs>0 18 10 12 9</runs>
            <runs>0 17 18 5 15 2 5</runs>
            <runs>0 4 59</runs>
            <runs>0 3 59</runs>
            <runs>0 3 32 1 21 3 1</runs>
            <runs>0 4 23 10 11</runs>
            <runs>0 16 11 11 10</runs>
            <runs>0 16 10 12 9</runs>
            <runs>0 15 11 12 9</runs>
            <runs>0 15 10 12 10</runs>
            <runs>0 14 11 4 31</runs>
            <runs>0 1 59</runs>
            <runs>58</runs>
            <runs>45</runs>
            <runs>0 1 23 11 10</runs>
            <runs>0 14 9 13 8</runs>
            <runs>0 13 9 14 8</runs>
            <runs>0 14 7 15 7</runs>
            <runs>0 15 5</runs>
        </run-table>
    </sample>
    <sample shape="SHARP" interline="21" pitch="-0.7" left="646" top="2698" id="616">
        <run-table orientation="VERTICAL" width="22" height="68">
            <runs>0 28 1 1 1 18 3</runs>
            <runs>0 22 10 10 11</runs>
            <runs>0 22 10 11 10</runs>
            <runs>0 23 9 11 10</runs>
            <runs>0 22 10 5 1 4 14 4 8</runs>
            <runs>0 11 1 10 46</runs>
            <runs>0 8 59</runs>
            <runs>0 8 29 1 29</runs>
            <runs>0 19 12 10 16 4 1</runs>
            <runs>0 20 10 11 11</runs>
            <runs>0 21 8 11 11</runs>
            <runs>0 20 9 11 11</runs>
            <runs>0 20 9 11 10</runs>
            <runs>0 20 10 6 1 2 28</runs>
            <runs>0 7 9 1 50</runs>
            <runs>67</runs>
            <runs>0 1 66</runs>
            <runs>0 17 11 1 2 7 14 6 1</runs>
            <runs>0 17 10 11 10</runs>
            <runs>0 17 10 11 10</runs>
            <runs>0 17 9 12 10</runs>
            <runs>0 18 8 13 8</runs>
        </run-table>
    </sample>
    <sample shape="SHARP" interline="21" pitch="-5.2" left="664" top="2658" id="618">
        <run-table orientation="VERTICAL" width="23" height="66">
            <runs>0 21 2 1 2</runs>
            <runs>0 18 9 12 8</runs>
            <runs>0 17 10 12 9</runs>
            <runs>0 17 10 11 10</runs>
            <runs>0 17 10 11 10</runs>
            <runs>0 2 26 1 2 1 2 1 16 1 6</runs>
            <runs>0 1 65</runs>
            <runs>0 2 53 1 4</runs>
            <runs>0 3 46 9 2</runs>
            <runs>0 9 1 3 1 1 10 11 11</runs>
            <runs>0 14 11 10 11</runs>
            <runs>0 14 11 10 11</runs>
            <runs>0 14 10 11 11</runs>
            <runs>0 14 10 11 13 3 1 1 6</runs>
            <runs>59</runs>
            <runs>58</runs>
            <runs>58</runs>
            <runs>54 2 1</runs>
            <runs>0 12 10 11 12</runs>
            <runs>0 11 10 12 12</runs>
            <runs>0 11 10 11 13</runs>
            <runs>0 12 8 13 12</runs>
            <runs>0 34 5</runs>
        </run-table>
    </sample>
    <sample shape="SHARP" interline="21" pitch="-2.2" left="627" top="2922" id="623">
        <run-table orientation="VERTICAL" width="21" height="62">
            <runs>0 19 8 13 9</runs>
            <runs>0 18 10 12 9</runs>
            <runs>0 17 11 11 10</runs>
            <runs>0 16 12 11 10</runs>
            <runs>0 6 55</runs>
            <runs>0 2 60</runs>
            <runs>0 2 60</runs>
            <runs>0 3 11 1 33 9 4</runs>
            <runs>0 16 10 11 10</runs>
            <runs>0 15 11 11 10</runs>
            <runs>0 15 11 10 10</runs>
            <runs>0 14 11 11 10</runs>
            <runs>0 14 11 4 18</runs>
            <runs>0 1 58</runs>
            <runs>59</runs>
            <runs>46</runs>
            <runs>0 1 22 1 2 3 15</runs>
            <runs>0 2 5 2 14 6 15</runs>
            <runs>0 9 13 12 9</runs>
            <runs>0 9 12 13 8</runs>
            <runs>0 14 3 1 2 15 3</runs>
        </run-table>
    </sample>
    <sample shape="SHARP" interline="21" pitch="1.3" left="646" top="2951" id="624">
        <run-table orientation="VERTICAL" width="21" height="66">
            <runs>0 21 11</runs>
            <runs>0 22 10 10 11</runs>
            <runs>0 22 10 10 11</runs>
            <runs>0 21 11 10 11</runs>
            <runs>0 16 2 3 16 1 15 1 2 3 3</runs>
            <runs>0 7 59</runs>
            <runs>0 7 59</runs>
            <runs>0 8 4 1 5 2 46</runs>
            <runs>0 21 10 9 16 2 2</runs>
            <runs>0 20 10 10 13</runs>
            <runs>0 20 9 11 11</runs>
            <runs>0 19 10 10 12</runs>
            <runs>0 19 10 10 11</runs>
            <runs>0 12 2 1 2 1 12 4 16 1 15</runs>
            <runs>0 5 61</runs>
            <runs>66</runs>
            <runs>0 5 2 8 16 1 34</runs>
            <runs>0 18 9 11 10 1 4 6 1</runs>
            <runs>0 17 10 11 10</runs>
            <runs>0 17 9 11 11</runs>
            <runs>0 37 10</runs>
        </run-table>
    </sample>
    <sample shape="SHARP" interline="21" pitch="-3.1" left="664" top="2911" id="627">
        <run-table orientation="VERTICAL" width="23" height="65">
            <runs>0 19 9</runs>
            <runs>0 18 10 12 8</runs>
            <runs>0 18 10 11 10</runs>
            <runs>0 18 10 11 9</runs>
            <runs>0 17 11 10 10</runs>
            <runs>0 2 10 1 43 1 3</runs>
            <runs>0 2 63</runs>
            <runs>0 3 62</runs>
            <runs>0 4 24 6 16 6 4</runs>
            <runs>0 13 1 2 9 1 2 8 11</runs>
            <runs>0 15 10 11 10</runs>
            <runs>0 15 10 11 10</runs>
            <runs>0 15 10 11 10</runs>
            <runs>0 14 11 10 19 1 3</runs>
            <runs>0 1 58</runs>
            <runs>59</runs>
            <runs>58</runs>
            <runs>0 1 24 7 24</runs>
            <runs>0 12 11 10 11</runs>
            <runs>0 12 11 10 11</runs>
            <runs>0 12 11 5 2 3 11</runs>
            <runs>0 12 12 10 10</runs>
            <runs>0 13 4 18 9</runs>
        </run-table>
    </sample>
    <sample shape="SHARP" interline="21" pitch="-4.0" left="628" top="3171" id="690">
        <run-table orientation="VERTICAL" width="22" height="62">
            <runs>0 19 9 13 8</runs>
            <runs>0 19 15 6 14</runs>
            <runs>0 18 10 11 10</runs>
            <runs>0 18 15 6 15 5 2</runs>
            <runs>0 11 5 1 45</runs>
            <runs>0 3 59</runs>
            <runs>0 3 58</runs>
            <runs>0 4 23 8 13</runs>
            <runs>0 5 3 5 13 11 10</runs>
            <runs>0 16 10 11 10</runs>
            <runs>0 16 9 12 10</runs>
            <runs>0 15 10 11 10</runs>
            <runs>0 13 12 10 23</runs>
            <runs>0 1 5 4 49</runs>
            <runs>59</runs>
            <runs>45</runs>
            <runs>0 1 22 6 16</runs>
            <runs>0 2 1 10 10 11 10</runs>
            <runs>0 13 10 11 9</runs>
            <runs>0 13 9 12 9</runs>
            <runs>0 14 7</runs>
            <runs>0 15 2</runs>
        </run-table>
    </sample>
    <sample shape="SHARP" interline="21" pitch="-0.6" left="647" top="3200" id="691">
        <run-table orientation="VERTICAL" width="22" height="67">
            <runs>0 27 4 11 10</runs>
            <runs>0 20 12 9 12</runs>
            <runs>0 21 11 9 12</runs>
            <runs>0 21 10 11 10</runs>
            <runs>0 16 4 1 11 9 11 4 2</runs>
            <runs>0 7 59</runs>
            <runs>0 6 60</runs>
            <runs>0 7 24 1 35</runs>
            <runs>0 19 11 9 21</runs>
            <runs>0 19 10 11 11 1 2</runs>
            <runs>0 19 10 11 10</runs>
            <runs>0 19 10 10 11</runs>
            <runs>0 18 10 10 12</runs>
            <runs>0 13 2 2 11 3 3 3 29</runs>
            <runs>66</runs>
            <runs>66</runs>
            <runs>0 7 4 5 13 2 30</runs>
            <runs>0 17 9 11 18</runs>
            <runs>0 16 10 11 10</runs>
            <runs>0 16 10 11 10</runs>
            <runs>0 17 8 12 9</runs>
            <runs>0 38 8</runs>
        </run-table>
    </sample>
    <sample shape="SHARP" interline="21" pitch="-5.0" left="665" top="3160" id="692">
        <run-table orientation="VERTICAL" width="22" height="65">
            <runs>0 20 8 11 9</runs>
            <runs>0 19 9 11 10</runs>
            <runs>0 19 9 11 10</runs>
            <runs>0 19 9 11 10</runs>
            <runs>0 5 2 4 4 2 15 2 16 1 14</runs>
            <runs>0 3 62</runs>
            <runs>0 3 62</runs>
            <runs>0 3 47 1 2</runs>
            <runs>0 15 14 8 11</runs>
            <runs>0 16 10 11 11</runs>
            <runs>0 16 9 12 10</runs>
            <runs>0 16 9 12 10</runs>
            <runs>0 15 10 11 11</runs>
            <runs>0 2 4 4 15 1 4 4 26</runs>
            <runs>0 1 59</runs>
            <runs>59</runs>
            <runs>57</runs>
            <runs>0 1 2 4 3 1 15 5 1 3 10</runs>
            <runs>0 13 9 12 10</runs>
            <runs>0 13 9 11 11</runs>
            <runs>0 13 8 13 10</runs>
            <runs>0 13 7 15 1</runs>
        </run-table>
    </sample>
    <sample shape="SHARP" interline="21" pitch="-2.1" left="628" top="3415" id="696">
        <run-table orientation="VERTICAL" width="22" height="61">
            <runs>0 19 8 14 7</runs>
            <runs>0 19 8 13 9</runs>
            <runs>0 18 9 12 9</runs>
            <runs>0 17 10 11 10 9 4</runs>
            <runs>0 5 56</runs>
            <runs>0 3 58</runs>
            <runs>0 2 58</runs>
            <runs>0 2 11 2 18 4 16 2 1</runs>
            <runs>0 3 9 4 10 11 10</runs>
            <runs>0 16 9 12 9</runs>
            <runs>0 15 9 13 9</runs>
            <runs>0 15 9 12 9</runs>
            <runs>0 14 10 11 11 1 11</runs>
            <runs>0 6 20 2 30</runs>
            <runs>0 1 57</runs>
            <runs>45</runs>
            <runs>25 9 10</runs>
            <runs>0 1 4 8 10 12 8</runs>
            <runs>0 13 9 12 9</runs>
            <runs>0 13 9 12 9</runs>
            <runs>0 14 7 18 4</runs>
            <runs>0 15 3</runs>
        </run-table>
    </sample>
    <sample shape="SHARP" interline="21" pitch="1.3" left="648" top="3443" id="698">
        <run-table orientation="VERTICAL" width="23" height="67">
            <runs>0 28 2</runs>
            <runs>0 22 9 11 9</runs>
            <runs>0 22 9 11 10</runs>
            <runs>0 22 9 11 11</runs>
            <runs>0 22 9 11 11 1 1 5 2</runs>
            <runs>0 8 1 1 2 6 1 2 17 4 25</runs>
            <runs>0 7 60</runs>
            <runs>0 7 60</runs>
            <runs>0 19 11 7 19 2 2</runs>
            <runs>0 20 9 11 10 3 2</runs>
            <runs>0 20 8 12 10</runs>
            <runs>0 19 9 12 9</runs>
            <runs>0 19 8 12 10</runs>
            <runs>0 18 9 12 10 1 3 1 2 1 10</runs>
            <runs>0 6 3 1 2 1 3 1 12 1 3 1 2 2 29</runs>
            <runs>67</runs>
            <runs>67</runs>
            <runs>0 13 2 1 12 9 18 4 1</runs>
            <runs>0 17 9 12 10</runs>
            <runs>0 17 8 13 9</runs>
            <runs>0 17 8 12 10</runs>
            <runs>0 18 3 17 9</runs>
            <runs>0 39 3</runs>
        </run-table>
    </sample>
    <sample shape="SHARP" interline="21" pitch="-4.2" left="628" top="3667" id="783">
        <run-table orientation="VERTICAL" width="22" height="61">
            <runs>0 20 8 13 7</runs>
            <runs>0 19 9 12 8</runs>
            <runs>0 19 8 13 8</runs>
            <runs>0 18 10 6 3 2 9 10 2</runs>
            <runs>0 3 58</runs>
            <runs>0 2 59</runs>
            <runs>0 2 31 3 19 1 5</runs>
            <runs>0 3 11 2 11 10 10</runs>
            <runs>0 16 9 12 9</runs>
            <runs>0 16 8 13 9</runs>
            <runs>0 16 8 12 9</runs>
            <runs>0 15 9 12 9</runs>
            <runs>0 14 10 11 13 2 8</runs>
            <runs>0 1 57</runs>
            <runs>57</runs>
            <runs>27 1 16</runs>
            <runs>25 10 8</runs>
            <runs>0 13 10 12 8</runs>
            <runs>0 13 9 12 9</runs>
            <runs>0 13 9 13 3 2 1</runs>
            <runs>0 13 8</runs>
            <runs>0 16 2</runs>
        </run-table>
    </sample>
    <sample shape="SHARP" interline="21" pitch="-0.7" left="647" top="3696" id="784">
        <run-table orientation="VERTICAL" width="23" height="66">
            <runs>0 27 1 2 1 19 2</runs>
            <runs>0 21 10 11 10</runs>
            <runs>0 21 10 11 10</runs>
            <runs>0 21 10 11 10</runs>
            <runs>0 21 10 11 11 3 2</runs>
            <runs>0 21 45</runs>
            <runs>0 8 58</runs>
            <runs>0 8 58</runs>
            <runs>0 14 1 3 1 1 10 9 17</runs>
            <runs>0 20 9 11 11 1 1</runs>
            <runs>0 21 8 12 9</runs>
            <runs>0 20 8 13 9</runs>
            <runs>0 20 8 12 9</runs>
            <runs>0 19 8 13 9 2 15</runs>
            <runs>0 6 3 1 2 6 10 1 4 1 31</runs>
            <runs>0 5 60</runs>
            <runs>61</runs>
            <runs>0 4 2 5 3 1 13 9 13 3 1</runs>
            <runs>0 17 9 12 10</runs>
            <runs>0 18 8 12 9</runs>
            <runs>0 17 9 12 9</runs>
            <runs>0 17 8 13 8</runs>
            <runs>0 38 8</runs>
        </run-table>
    </sample>
    <sample shape="SHARP" interline="21" pitch="-5.0" left="666" top="3657" id="785">
        <run-table orientation="VERTICAL" width="23" height="64">
            <runs>0 22 1</runs>
            <runs>0 19 7 19 2</runs>
            <runs>0 18 9 12 8</runs>
            <runs>0 18 9 12 8</runs>
            <runs>0 18 9 11 9</runs>
            <runs>0 17 10 1 1 3 2 4 10 1 4 1 2 1 3</runs>
            <runs>0 4 2 1 57</runs>
            <runs>0 3 60</runs>
            <runs>0 3 55</runs>
            <runs>0 3 28 5 11</runs>
            <runs>0 3 1 12 9 12 9</runs>
            <runs>0 15 10 11 10</runs>
            <runs>0 15 9 12 9</runs>
            <runs>0 15 9 12 9 5 1</runs>
            <runs>0 14 12 9 23</runs>
            <runs>0 3 55</runs>
            <runs>58</runs>
            <runs>48 3 6</runs>
            <runs>21 4 19</runs>
            <runs>0 1 1 11 8 13 9</runs>
            <runs>0 12 9 13 9</runs>
            <runs>0 12 8 14 9</runs>
            <runs>0 12 8 14 9</runs>
        </run-table>
    </sample>
    <sample shape="SHARP" interline="21" pitch="-2.0" left="629" top="3910" id="789">
        <run-table orientation="VERTICAL" width="21" height="63">
            <runs>0 21 3 1 3 14 8</runs>
            <runs>0 20 8 13 8</runs>
            <runs>0 20 8 12 9</runs>
            <runs>0 20 8 12 15 4 3</runs>
            <runs>0 13 3 2 16 1 28</runs>
            <runs>0 3 60</runs>
            <runs>0 3 59</runs>
            <runs>0 4 11 1 11 1 21 10 1</runs>
            <runs>0 5 8 4 9 12 10</runs>
            <runs>0 16 10 12 9</runs>
            <runs>0 16 10 12 9</runs>
            <runs>0 16 9 12 10 10 2</runs>
            <runs>0 15 10 12 23</runs>
            <runs>3 6 51</runs>
            <runs>59</runs>
            <runs>0 1 46 9 2</runs>
            <runs>0 2 21 6 16</runs>
            <runs>0 3 4 2 14 12 9</runs>
            <runs>0 9 14 12 9</runs>
            <runs>0 9 13 13 9</runs>
            <runs>0 14 7 16 2 1 2</runs>
        </run-table>
    </sample>
    <sample shape="SHARP" interline="21" pitch="1.3" left="649" top="3939" id="790">
        <run-table orientation="VERTICAL" width="22" height="67">
            <runs>0 30 1 11 9</runs>
            <runs>0 22 10 10 11</runs>
            <runs>0 22 10 10 11</runs>
            <runs>0 22 9 11 10</runs>
            <runs>0 22 9 11 10</runs>
            <runs>0 8 8 1 41 1 8</runs>
            <runs>0 7 60</runs>
            <runs>0 6 8 1 52</runs>
            <runs>0 19 10 11 26</runs>
            <runs>0 19 10 11 10 2 2</runs>
            <runs>0 19 10 11 10</runs>
            <runs>0 19 9 12 10</runs>
            <runs>0 19 9 11 10</runs>
            <runs>0 17 11 11 11 2 3 1 5</runs>
            <runs>35 1 30</runs>
            <runs>67</runs>
            <runs>0 14 53</runs>
            <runs>0 16 11 11 18 2 3</runs>
            <runs>0 16 10 12 9</runs>
            <runs>0 16 10 11 10</runs>
            <runs>0 16 10 11 10</runs>
            <runs>0 19 2 17 8</runs>
        </run-table>
    </sample>
    <sample shape="SHARP" interline="21" pitch="-3.3" left="669" top="3897" id="792">
        <run-table orientation="VERTICAL" width="22" height="62">
            <runs>0 20 8 12 9</runs>
            <runs>0 19 9 12 9</runs>
            <runs>0 19 9 12 9</runs>
            <runs>0 18 10 12 9</runs>
            <runs>0 4 11 2 45</runs>
            <runs>0 3 59</runs>
            <runs>0 4 57</runs>
            <runs>0 5 4 2 3 1 12 10 12 5 2</runs>
            <runs>0 16 10 11 11</runs>
            <runs>0 16 10 11 10</runs>
            <runs>0 16 10 11 10</runs>
            <runs>0 15 11 10 10</runs>
            <runs>0 14 12 10 12 1 5 1 4</runs>
            <runs>0 1 58</runs>
            <runs>59</runs>
            <runs>30 2 27</runs>
            <runs>0 1 26 7 13 3 1</runs>
            <runs>0 13 12 9 12</runs>
            <runs>0 12 13 9 12</runs>
            <runs>0 12 13 9 12</runs>
            <runs>0 13 12 10 11</runs>
            <runs>0 16 3</runs>
        </run-table>
    </sample>
</samples>
