<?xml version="1.0" encoding="UTF-8" standalone="yes"?>
<samples sheet-name="IMSLP00004#3">
    <sample shape="FLAT" interline="22" pitch="-1.6" left="281" top="561" id="356">
        <run-table orientation="VERTICAL" width="20" height="55">
            <runs>0 1 9 9 2 18 15</runs>
            <runs>55</runs>
            <runs>55</runs>
            <runs>54</runs>
            <runs>0 25 14</runs>
            <runs>0 26 11</runs>
            <runs>0 31 1</runs>
            <runs>0 45 1</runs>
            <runs>0 44 7</runs>
            <runs>0 43 8</runs>
            <runs>0 41 10</runs>
            <runs>0 24 7 8 12</runs>
            <runs>0 24 7 7 7</runs>
            <runs>0 24 21</runs>
            <runs>0 25 19</runs>
            <runs>0 25 17</runs>
            <runs>0 25 16</runs>
            <runs>0 25 14</runs>
            <runs>0 26 13</runs>
            <runs>0 26 11</runs>
        </run-table>
    </sample>
</samples>
