<?xml version="1.0" encoding="UTF-8" standalone="yes"?>
<samples sheet-name="IMSLP00443#4">
    <sample shape="F_CLEF" interline="18" pitch="-1.4" left="64" top="1118" id="566">
        <run-table orientation="VERTICAL" width="58" height="66">
            <runs>0 63 2</runs>
            <runs>0 62 4</runs>
            <runs>0 62 3</runs>
            <runs>0 62 3</runs>
            <runs>0 61 4</runs>
            <runs>0 61 4</runs>
            <runs>0 16 8 37 3</runs>
            <runs>0 12 14 29 9</runs>
            <runs>0 10 18 27 9</runs>
            <runs>0 9 20 32 2</runs>
            <runs>0 8 21 32 2</runs>
            <runs>0 6 6 3 15 31 2</runs>
            <runs>0 6 5 4 16 30 1</runs>
            <runs>9 6 16 30 1</runs>
            <runs>8 7 17 29 1</runs>
            <runs>0 15 17</runs>
            <runs>0 15 17</runs>
            <runs>0 15 16</runs>
            <runs>0 15 16</runs>
            <runs>0 16 14</runs>
            <runs>0 17 12 24 1</runs>
            <runs>0 18 11 23 8</runs>
            <runs>0 19 8 25 8</runs>
            <runs>0 24 2 25 9</runs>
            <runs>0 49 11</runs>
            <runs>0 48 7</runs>
            <runs>0 46 9</runs>
            <runs>0 42 2 1 9</runs>
            <runs>0 37 16</runs>
            <runs>0 37 16</runs>
            <runs>0 37 15</runs>
            <runs>9 27 15</runs>
            <runs>11 23 16</runs>
            <runs>13 16 20</runs>
            <runs>17 2 29</runs>
            <runs>47</runs>
            <runs>0 1 45</runs>
            <runs>0 1 44</runs>
            <runs>0 1 43</runs>
            <runs>43</runs>
            <runs>42</runs>
            <runs>0 6 36</runs>
            <runs>0 7 34</runs>
            <runs>0 8 33</runs>
            <runs>0 10 25</runs>
            <runs>0 11 23</runs>
            <runs>0 13 19</runs>
            <runs></runs>
            <runs></runs>
            <runs></runs>
            <runs>0 11 6 13 3</runs>
            <runs>0 10 8 10 6</runs>
            <runs>0 9 9 10 7</runs>
            <runs>0 9 9 10 7</runs>
            <runs>0 9 9 9 8</runs>
            <runs>0 10 8 9 8</runs>
            <runs>0 10 7 11 7</runs>
            <runs>0 13 3 14 4</runs>
        </run-table>
    </sample>
    <sample shape="FLAT" interline="18" pitch="2.2" left="160" top="1152" id="630">
        <run-table orientation="VERTICAL" width="18" height="45">
            <runs>0 1 16</runs>
            <runs>44</runs>
            <runs>0 1 44</runs>
            <runs>0 2 43</runs>
            <runs>0 27 1</runs>
            <runs></runs>
            <runs></runs>
            <runs>0 36 8</runs>
            <runs>0 35 9</runs>
            <runs>0 30 9</runs>
            <runs>0 20 18</runs>
            <runs>0 20 18</runs>
            <runs>0 21 16</runs>
            <runs>0 21 15</runs>
            <runs>0 21 14</runs>
            <runs>0 22 12</runs>
            <runs>0 22 10</runs>
            <runs>0 22 8</runs>
        </run-table>
    </sample>
    <sample shape="FLAT" interline="18" pitch="0.1" left="207" top="1591" id="728">
        <run-table orientation="VERTICAL" width="18" height="45">
            <runs>0 1 18</runs>
            <runs>44</runs>
            <runs>45</runs>
            <runs>44</runs>
            <runs>0 2 9 4 3 2 8</runs>
            <runs></runs>
            <runs></runs>
            <runs>0 35 8</runs>
            <runs>0 33 10</runs>
            <runs>0 32 7</runs>
            <runs>0 20 18</runs>
            <runs>0 20 17</runs>
            <runs>0 20 18</runs>
            <runs>0 20 17</runs>
            <runs>0 20 15</runs>
            <runs>0 21 13</runs>
            <runs>0 21 13</runs>
            <runs>0 21 11</runs>
        </run-table>
    </sample>
    <sample shape="FLAT" interline="18" pitch="-0.7" left="187" top="3091" id="1008">
        <run-table orientation="VERTICAL" width="19" height="44">
            <runs>0 3 2</runs>
            <runs>43</runs>
            <runs>44</runs>
            <runs>44</runs>
            <runs>0 1 5 1 11 3 11 5 6</runs>
            <runs>0 21 5 11 5</runs>
            <runs>0 20 5 12 4</runs>
            <runs>0 20 5 10 4</runs>
            <runs>0 20 4 10 4</runs>
            <runs>0 20 5 5 8</runs>
            <runs>0 20 17</runs>
            <runs>0 19 18</runs>
            <runs>0 19 17</runs>
            <runs>0 20 15</runs>
            <runs>0 20 14</runs>
            <runs>0 20 13</runs>
            <runs>0 20 12</runs>
            <runs>0 21 12</runs>
            <runs>0 23 9</runs>
        </run-table>
    </sample>
</samples>
