<?xml version="1.0" encoding="UTF-8" standalone="yes"?>
<samples sheet-name="IMSLP08541#21">
    <sample shape="G_CLEF" interline="22" pitch="0.5" left="663" top="771" id="238">
        <run-table orientation="VERTICAL" width="57" height="164">
            <runs>0 76 25</runs>
            <runs>0 75 27</runs>
            <runs>0 74 30</runs>
            <runs>0 72 35</runs>
            <runs>0 70 39</runs>
            <runs>0 68 42</runs>
            <runs>0 66 46</runs>
            <runs>0 65 48 32 7</runs>
            <runs>0 63 29 6 17 27 12</runs>
            <runs>0 62 27 18 9 25 15</runs>
            <runs>0 61 26 23 7 23 17</runs>
            <runs>0 59 26 27 6 22 18</runs>
            <runs>0 58 25 30 11 15 20</runs>
            <runs>0 54 27 33 10 15 21</runs>
            <runs>0 54 26 35 9 14 23</runs>
            <runs>0 54 25 37 8 14 23</runs>
            <runs>0 54 25 37 8 13 24</runs>
            <runs>0 53 25 15 9 15 7 13 19 1 5</runs>
            <runs>0 52 22 15 14 34 19 3 4</runs>
            <runs>0 52 20 14 18 33 19 3 4</runs>
            <runs>0 51 20 13 23 31 18 4 3</runs>
            <runs>0 50 20 12 27 29 17 5 3</runs>
            <runs>0 49 20 7 26 2 6 29 16 5 4</runs>
            <runs>0 48 20 8 19 13 4 28 14 6 4</runs>
            <runs>0 48 19 9 17 17 3 28 12 7 4</runs>
            <runs>0 47 19 10 16 50 10 8 3</runs>
            <runs>0 46 19 11 15 53 5 11 3</runs>
            <runs>0 31 10 4 19 12 14 34 2 34 4</runs>
            <runs>0 24 40 11 14 35 2 34 3</runs>
            <runs>0 21 45 9 14 35 2 34 3</runs>
            <runs>0 17 11 13 30 2 15 36 2 34 3</runs>
            <runs>0 14 12 15 47 36 1 34 4</runs>
            <runs>0 13 11 17 17 7 23 71 3</runs>
            <runs>0 11 12 17 17 14 20 67 4</runs>
            <runs>0 9 12 18 18 15 30 56 3</runs>
            <runs>0 8 11 19 19 15 32 53 4</runs>
            <runs>0 7 11 19 19 16 17 5 1 1 16 44 4</runs>
            <runs>0 6 10 16 24 16 15 11 26 31 5</runs>
            <runs>0 5 10 17 20 20 15 20 20 27 5</runs>
            <runs>0 4 10 18 19 21 15 26 21 18 7</runs>
            <runs>0 3 10 19 17 24 14 28 28 4 11</runs>
            <runs>0 2 10 20 17 24 14 29 8 3 29</runs>
            <runs>0 1 11 19 17 25 15 28 7 9 21</runs>
            <runs>0 1 10 19 17 26 15 27 8 17 11</runs>
            <runs>10 19 18 27 14 27 3</runs>
            <runs>10 18 16 31 14 25 3</runs>
            <runs>9 18 16 32 15 23 3</runs>
            <runs>0 1 9 14 16 35 16 21 3</runs>
            <runs>0 3 8 11 16 38 16 19 4</runs>
            <runs>0 5 32 39 17 15 6</runs>
            <runs>0 9 27 40 19 11 7</runs>
            <runs>0 12 17 47 35</runs>
            <runs>0 16 2 1 1 61 29</runs>
            <runs>0 82 25</runs>
            <runs>0 84 21</runs>
            <runs>0 87 16</runs>
            <runs>0 91 11</runs>
        </run-table>
    </sample>
    <sample shape="G_CLEF" interline="22" pitch="0.3" left="433" top="1461" id="353">
        <run-table orientation="VERTICAL" width="57" height="163">
            <runs>0 86 9</runs>
            <runs>0 76 25</runs>
            <runs>0 75 28</runs>
            <runs>0 74 32</runs>
            <runs>0 73 35</runs>
            <runs>0 71 39</runs>
            <runs>0 69 43</runs>
            <runs>0 67 47 31 8</runs>
            <runs>0 66 24 16 8 29 12</runs>
            <runs>0 64 23 21 8 25 15</runs>
            <runs>0 62 24 25 6 24 17</runs>
            <runs>0 61 23 29 5 22 19</runs>
            <runs>0 60 23 31 5 20 20</runs>
            <runs>0 55 27 33 8 16 21</runs>
            <runs>0 55 25 37 3 18 23</runs>
            <runs>0 55 24 38 3 18 23</runs>
            <runs>0 54 25 39 2 18 24</runs>
            <runs>0 54 25 13 10 16 2 18 18 2 4</runs>
            <runs>0 54 20 15 14 16 1 18 18 3 4</runs>
            <runs>0 53 19 13 22 12 1 18 18 4 3</runs>
            <runs>0 52 19 13 18 3 5 9 1 18 17 5 3</runs>
            <runs>0 51 19 12 18 6 5 28 16 5 3</runs>
            <runs>0 50 19 12 19 6 6 28 14 7 2</runs>
            <runs>0 50 18 8 18 10 3 2 4 28 12 8 2</runs>
            <runs>0 49 18 9 17 10 3 5 1 30 11 8 2</runs>
            <runs>0 48 18 10 16 10 2 40 7 10 2</runs>
            <runs>0 47 18 11 14 12 1 57 3</runs>
            <runs>0 32 13 1 18 12 14 12 1 57 3</runs>
            <runs>0 27 37 11 14 13 1 58 2</runs>
            <runs>0 23 42 10 14 72 2</runs>
            <runs>0 19 50 5 14 72 3</runs>
            <runs>0 18 11 13 46 72 3</runs>
            <runs>0 16 10 16 46 71 3</runs>
            <runs>0 14 11 16 17 13 20 68 3</runs>
            <runs>0 11 12 17 18 15 30 55 4</runs>
            <runs>0 10 11 18 18 16 19 1 14 51 3</runs>
            <runs>0 9 11 19 18 16 15 9 16 44 3</runs>
            <runs>0 7 11 20 19 16 15 10 26 31 5</runs>
            <runs>0 6 11 16 24 16 14 20 22 25 5</runs>
            <runs>0 5 11 17 24 16 15 23 24 17 6</runs>
            <runs>0 4 11 18 19 21 15 28 40</runs>
            <runs>0 3 11 19 18 23 14 29 7 1 30</runs>
            <runs>0 2 12 19 17 24 14 29 6 9 19</runs>
            <runs>0 2 11 19 17 26 14 27 7 19 2 2 1</runs>
            <runs>0 1 11 19 16 28 14 27 7</runs>
            <runs>12 17 17 29 15 24 5</runs>
            <runs>11 17 17 31 14 23 5</runs>
            <runs>11 15 17 33 15 21 5</runs>
            <runs>0 2 10 13 17 34 16 19 5</runs>
            <runs>0 3 11 9 18 35 18 15 6</runs>
            <runs>0 5 33 38 20 12 6</runs>
            <runs>0 8 29 39 26 4 6</runs>
            <runs>0 12 25 44 29</runs>
            <runs>0 17 9 1 2 54 25</runs>
            <runs>0 86 20</runs>
            <runs>0 88 16</runs>
            <runs>0 92 10</runs>
        </run-table>
    </sample>
    <sample shape="G_CLEF" interline="22" pitch="0.4" left="437" top="2177" id="397">
        <run-table orientation="VERTICAL" width="57" height="165">
            <runs>0 83 19</runs>
            <runs>0 76 27</runs>
            <runs>0 75 31</runs>
            <runs>0 73 35</runs>
            <runs>0 70 41</runs>
            <runs>0 69 43</runs>
            <runs>0 67 46 36 1</runs>
            <runs>0 65 27 6 17 29 10</runs>
            <runs>0 64 26 18 8 27 13</runs>
            <runs>0 63 24 23 7 25 15</runs>
            <runs>0 61 24 27 6 22 19</runs>
            <runs>0 60 23 31 5 21 20</runs>
            <runs>0 54 27 34 9 15 21</runs>
            <runs>0 55 25 36 8 14 23</runs>
            <runs>0 55 24 38 7 14 23</runs>
            <runs>0 55 24 39 3 17 24</runs>
            <runs>0 54 25 18 2 19 3 17 24</runs>
            <runs>0 54 20 15 14 16 2 17 18 3 4</runs>
            <runs>0 53 19 15 19 14 1 17 18 4 3</runs>
            <runs>0 52 19 13 24 12 1 18 17 4 4</runs>
            <runs>0 51 19 13 27 10 1 18 17 5 3</runs>
            <runs>0 50 19 12 31 8 1 19 16 5 3</runs>
            <runs>0 49 19 9 19 14 4 26 15 7 2</runs>
            <runs>0 48 19 10 17 18 3 27 12 8 2</runs>
            <runs>0 47 19 11 16 50 9 9 4</runs>
            <runs>0 47 18 12 15 53 6 10 4</runs>
            <runs>0 30 13 3 19 11 15 70 4</runs>
            <runs>0 24 40 12 14 71 3</runs>
            <runs>0 19 46 10 15 71 3</runs>
            <runs>0 18 11 2 7 2 31 4 15 71 3</runs>
            <runs>0 16 11 14 48 72 3</runs>
            <runs>0 13 12 16 19 3 27 70 4</runs>
            <runs>0 12 11 18 18 12 21 67 5</runs>
            <runs>0 10 12 18 17 16 30 56 4</runs>
            <runs>0 8 12 19 18 16 32 54 4</runs>
            <runs>0 7 12 19 19 16 15 8 18 44 4</runs>
            <runs>0 7 10 16 24 16 15 10 27 32 5</runs>
            <runs>0 5 11 17 24 16 15 11 27 30 5</runs>
            <runs>0 4 11 18 20 20 15 22 24 20 6</runs>
            <runs>0 3 11 19 19 22 14 27 25 12 7</runs>
            <runs>0 3 10 20 18 23 14 29 41</runs>
            <runs>0 2 11 19 18 24 15 28 39</runs>
            <runs>0 1 11 19 18 26 14 28 8 9 20</runs>
            <runs>0 1 10 19 18 27 15 26 9 14 3 2 1</runs>
            <runs>11 17 18 30 15 24 5</runs>
            <runs>11 16 18 31 15 23 5</runs>
            <runs>0 1 10 15 17 33 16 21 6</runs>
            <runs>0 1 11 12 17 36 16 19 6</runs>
            <runs>0 3 13 5 18 38 17 17 6</runs>
            <runs>0 6 31 40 18 14 6</runs>
            <runs>0 9 27 41 26 3 8</runs>
            <runs>0 14 13 49 36</runs>
            <runs>0 17 7 58 28</runs>
            <runs>0 84 25</runs>
            <runs>0 86 22</runs>
            <runs>0 90 15</runs>
            <runs>0 94 9</runs>
        </run-table>
    </sample>
    <sample shape="G_CLEF" interline="22" pitch="0.5" left="663" top="771" id="243">
        <run-table orientation="VERTICAL" width="57" height="164">
            <runs>0 76 25</runs>
            <runs>0 75 27</runs>
            <runs>0 74 30</runs>
            <runs>0 72 35</runs>
            <runs>0 70 39</runs>
            <runs>0 68 42</runs>
            <runs>0 66 46</runs>
            <runs>0 65 48 32 7</runs>
            <runs>0 63 29 6 17 27 12</runs>
            <runs>0 62 27 18 9 25 15</runs>
            <runs>0 61 26 23 7 23 17</runs>
            <runs>0 59 26 27 6 22 18</runs>
            <runs>0 58 25 30 11 15 20</runs>
            <runs>0 54 27 33 10 15 21</runs>
            <runs>0 54 26 35 9 14 23</runs>
            <runs>0 54 25 37 8 14 23</runs>
            <runs>0 54 25 37 8 13 24</runs>
            <runs>0 53 25 15 9 15 7 13 19 1 5</runs>
            <runs>0 52 22 15 14 34 19 3 4</runs>
            <runs>0 52 20 14 18 33 19 3 4</runs>
            <runs>0 51 20 13 23 31 18 4 3</runs>
            <runs>0 50 20 12 27 29 17 5 3</runs>
            <runs>0 49 20 7 26 2 6 9 7 13 16 5 4</runs>
            <runs>0 48 20 8 19 13 4 7 7 14 14 6 4</runs>
            <runs>0 48 19 9 17 17 3 28 12 7 4</runs>
            <runs>0 47 19 10 16 50 10 8 3</runs>
            <runs>0 46 19 11 15 53 5 11 3</runs>
            <runs>0 31 10 4 19 12 14 34 2 34 4</runs>
            <runs>0 24 40 11 14 35 2 34 3</runs>
            <runs>0 21 45 9 14 35 2 34 3</runs>
            <runs>0 17 11 13 30 2 15 36 2 34 3</runs>
            <runs>0 14 12 15 47 36 1 34 4</runs>
            <runs>0 13 11 17 17 7 23 71 3</runs>
            <runs>0 11 12 17 17 14 20 67 4</runs>
            <runs>0 9 12 18 18 15 30 56 3</runs>
            <runs>0 8 11 19 19 15 32 53 4</runs>
            <runs>0 7 11 19 19 16 17 5 1 1 16 44 4</runs>
            <runs>0 6 10 16 24 16 15 11 26 31 5</runs>
            <runs>0 5 10 17 20 20 15 20 20 27 5</runs>
            <runs>0 4 10 18 19 21 15 26 21 18 7</runs>
            <runs>0 3 10 19 17 24 14 28 28 4 11</runs>
            <runs>0 2 10 20 17 24 14 29 8 3 29</runs>
            <runs>0 1 11 19 17 25 15 28 7 9 21</runs>
            <runs>0 1 10 19 17 26 15 27 8 17 11</runs>
            <runs>10 19 18 27 14 27 3</runs>
            <runs>10 18 16 31 14 25 3</runs>
            <runs>9 18 16 32 15 23 3</runs>
            <runs>0 1 9 14 16 35 16 21 3</runs>
            <runs>0 3 8 11 16 38 16 19 4</runs>
            <runs>0 5 32 39 17 15 6</runs>
            <runs>0 9 27 40 19 11 7</runs>
            <runs>0 12 17 47 35</runs>
            <runs>0 16 2 1 1 61 29</runs>
            <runs>0 82 25</runs>
            <runs>0 84 21</runs>
            <runs>0 87 16</runs>
            <runs>0 91 11</runs>
        </run-table>
    </sample>
    <sample shape="G_CLEF" interline="22" pitch="0.5" left="663" top="771" id="233">
        <run-table orientation="VERTICAL" width="57" height="164">
            <runs>0 76 25</runs>
            <runs>0 75 27</runs>
            <runs>0 74 30</runs>
            <runs>0 72 35</runs>
            <runs>0 70 39</runs>
            <runs>0 68 42</runs>
            <runs>0 66 46</runs>
            <runs>0 65 48 32 7</runs>
            <runs>0 63 29 6 17 27 12</runs>
            <runs>0 62 27 18 9 25 15</runs>
            <runs>0 61 26 23 7 23 17</runs>
            <runs>0 59 26 27 6 22 18</runs>
            <runs>0 58 25 30 11 15 20</runs>
            <runs>0 54 27 33 10 15 21</runs>
            <runs>0 54 26 35 9 14 23</runs>
            <runs>0 54 25 37 8 14 23</runs>
            <runs>0 54 25 37 8 13 24</runs>
            <runs>0 53 25 15 9 15 7 13 19 1 5</runs>
            <runs>0 52 22 15 14 34 19 3 4</runs>
            <runs>0 52 20 14 18 33 19 3 4</runs>
            <runs>0 51 20 13 23 31 18 4 3</runs>
            <runs>0 50 20 12 27 29 17 5 3</runs>
            <runs>0 49 20 7 26 2 6 29 16 5 4</runs>
            <runs>0 48 20 8 19 13 4 28 14 6 4</runs>
            <runs>0 48 19 9 17 17 3 28 12 7 4</runs>
            <runs>0 47 19 10 16 50 10 8 3</runs>
            <runs>0 46 19 11 15 53 5 11 3</runs>
            <runs>0 31 10 4 19 12 14 70 4</runs>
            <runs>0 24 40 11 14 71 3</runs>
            <runs>0 21 45 9 14 71 3</runs>
            <runs>0 17 11 13 30 2 15 72 3</runs>
            <runs>0 14 12 15 47 71 4</runs>
            <runs>0 13 11 17 17 7 23 71 3</runs>
            <runs>0 11 12 17 17 14 20 67 4</runs>
            <runs>0 9 12 18 18 15 30 56 3</runs>
            <runs>0 8 11 19 19 15 32 53 4</runs>
            <runs>0 7 11 19 19 16 17 5 1 1 16 44 4</runs>
            <runs>0 6 10 16 24 16 15 11 26 31 5</runs>
            <runs>0 5 10 17 20 20 15 20 20 27 5</runs>
            <runs>0 4 10 18 19 21 15 26 21 18 7</runs>
            <runs>0 3 10 19 17 24 14 28 28 4 11</runs>
            <runs>0 2 10 20 17 24 14 29 8 3 29</runs>
            <runs>0 1 11 19 17 25 15 28 7 9 21</runs>
            <runs>0 1 10 19 17 26 15 27 8 17 11</runs>
            <runs>10 19 18 27 14 27 3</runs>
            <runs>10 18 16 31 14 25 3</runs>
            <runs>9 18 16 32 15 23 3</runs>
            <runs>0 1 9 14 16 35 16 21 3</runs>
            <runs>0 3 8 11 16 38 16 19 4</runs>
            <runs>0 5 32 39 17 15 6</runs>
            <runs>0 9 27 40 19 11 7</runs>
            <runs>0 12 17 47 35</runs>
            <runs>0 16 2 1 1 61 29</runs>
            <runs>0 82 25</runs>
            <runs>0 84 21</runs>
            <runs>0 87 16</runs>
            <runs>0 91 11</runs>
        </run-table>
    </sample>
    <sample shape="G_CLEF" interline="22" pitch="0.5" left="663" top="771" id="248">
        <run-table orientation="VERTICAL" width="57" height="164">
            <runs>0 76 25</runs>
            <runs>0 75 27</runs>
            <runs>0 74 30</runs>
            <runs>0 72 35</runs>
            <runs>0 70 39</runs>
            <runs>0 68 42</runs>
            <runs>0 66 46</runs>
            <runs>0 65 48 32 7</runs>
            <runs>0 63 29 6 17 27 12</runs>
            <runs>0 62 27 18 9 25 15</runs>
            <runs>0 61 26 23 7 23 17</runs>
            <runs>0 59 26 27 6 22 18</runs>
            <runs>0 58 25 30 11 15 20</runs>
            <runs>0 54 27 33 10 15 21</runs>
            <runs>0 54 26 35 9 14 23</runs>
            <runs>0 54 25 37 8 14 23</runs>
            <runs>0 54 25 37 8 13 24</runs>
            <runs>0 53 25 15 9 15 7 13 19 1 5</runs>
            <runs>0 52 22 15 14 34 19 3 4</runs>
            <runs>0 52 20 14 18 33 19 3 4</runs>
            <runs>0 51 20 13 23 31 18 4 3</runs>
            <runs>0 50 20 12 27 29 17 5 3</runs>
            <runs>0 49 20 7 26 2 6 9 7 13 16 5 4</runs>
            <runs>0 48 20 8 19 13 4 7 7 14 14 6 4</runs>
            <runs>0 48 19 9 17 17 3 28 12 7 4</runs>
            <runs>0 47 19 10 16 50 10 8 3</runs>
            <runs>0 46 19 11 15 53 5 11 3</runs>
            <runs>0 31 10 4 19 12 14 70 4</runs>
            <runs>0 24 40 11 14 71 3</runs>
            <runs>0 21 45 9 14 71 3</runs>
            <runs>0 17 11 13 30 2 15 72 3</runs>
            <runs>0 14 12 15 47 71 4</runs>
            <runs>0 13 11 17 17 7 23 71 3</runs>
            <runs>0 11 12 17 17 14 20 67 4</runs>
            <runs>0 9 12 18 18 15 30 56 3</runs>
            <runs>0 8 11 19 19 15 32 53 4</runs>
            <runs>0 7 11 19 19 16 17 5 1 1 16 44 4</runs>
            <runs>0 6 10 16 24 16 15 11 26 31 5</runs>
            <runs>0 5 10 17 20 20 15 20 20 27 5</runs>
            <runs>0 4 10 18 19 21 15 26 21 18 7</runs>
            <runs>0 3 10 19 17 24 14 28 28 4 11</runs>
            <runs>0 2 10 20 17 24 14 29 8 3 29</runs>
            <runs>0 1 11 19 17 25 15 28 7 9 21</runs>
            <runs>0 1 10 19 17 26 15 27 8 17 11</runs>
            <runs>10 19 18 27 14 27 3</runs>
            <runs>10 18 16 31 14 25 3</runs>
            <runs>9 18 16 32 15 23 3</runs>
            <runs>0 1 9 14 16 35 16 21 3</runs>
            <runs>0 3 8 11 16 38 16 19 4</runs>
            <runs>0 5 32 39 17 15 6</runs>
            <runs>0 9 27 40 19 11 7</runs>
            <runs>0 12 17 47 35</runs>
            <runs>0 16 2 1 1 61 29</runs>
            <runs>0 82 25</runs>
            <runs>0 84 21</runs>
            <runs>0 87 16</runs>
            <runs>0 91 11</runs>
        </run-table>
    </sample>
    <sample shape="F_CLEF" interline="22" pitch="-1.7" left="664" top="1094" id="275">
        <run-table orientation="VERTICAL" width="58" height="70">
            <runs>0 18 8</runs>
            <runs>0 15 12</runs>
            <runs>0 13 15</runs>
            <runs>0 11 18</runs>
            <runs>0 10 20</runs>
            <runs>0 9 21</runs>
            <runs>0 8 23</runs>
            <runs>0 7 4 2 19</runs>
            <runs>0 6 3 5 18</runs>
            <runs>0 1 7 6 18</runs>
            <runs>0 1 7 6 18</runs>
            <runs>0 5 2 7 18</runs>
            <runs>0 5 1 8 18</runs>
            <runs>0 5 1 8 17</runs>
            <runs>0 14 17</runs>
            <runs>0 15 16</runs>
            <runs>0 16 14</runs>
            <runs>0 17 12 34 7</runs>
            <runs>0 19 8 35 8</runs>
            <runs>0 61 9</runs>
            <runs>0 60 10</runs>
            <runs>0 59 11</runs>
            <runs>0 57 8</runs>
            <runs>0 5 1 50 8</runs>
            <runs>0 5 1 49 8</runs>
            <runs>0 5 1 48 8</runs>
            <runs>0 5 2 45 9</runs>
            <runs>0 5 2 43 10</runs>
            <runs>0 1 7 36 15</runs>
            <runs>0 1 10 31 16</runs>
            <runs>0 1 13 25 17</runs>
            <runs>0 1 16 16 22</runs>
            <runs>0 1 53</runs>
            <runs>0 1 52</runs>
            <runs>0 1 50</runs>
            <runs>0 1 49</runs>
            <runs>0 7 41</runs>
            <runs>0 7 41</runs>
            <runs>0 8 39</runs>
            <runs>0 9 38</runs>
            <runs>0 11 36</runs>
            <runs>0 12 28</runs>
            <runs>0 13 24</runs>
            <runs>0 16 17</runs>
            <runs>0 21 7</runs>
            <runs></runs>
            <runs></runs>
            <runs>0 10 1</runs>
            <runs>0 7 7 23 2</runs>
            <runs>0 1 14 19 7</runs>
            <runs>0 2 13 18 9</runs>
            <runs>0 1 14 17 10</runs>
            <runs>15 17 10</runs>
            <runs>15 17 10</runs>
            <runs>14 18 10</runs>
            <runs>13 20 8</runs>
            <runs>0 10 1 23 6</runs>
            <runs>0 37 1</runs>
        </run-table>
    </sample>
    <sample shape="F_CLEF" interline="22" pitch="-1.6" left="432" top="1786" id="370">
        <run-table orientation="VERTICAL" width="62" height="78">
            <runs>0 76 1</runs>
            <runs>0 75 3</runs>
            <runs>0 74 4</runs>
            <runs>0 74 4</runs>
            <runs>0 18 3 52 4</runs>
            <runs>0 14 11 48 4</runs>
            <runs>0 12 14 47 3</runs>
            <runs>0 10 17 46 2</runs>
            <runs>0 8 20 44 3</runs>
            <runs>0 7 21 43 3</runs>
            <runs>0 6 23 42 3</runs>
            <runs>0 5 4 3 17 41 3</runs>
            <runs>0 4 3 5 18 39 4</runs>
            <runs>0 3 3 6 18 39 3</runs>
            <runs>0 3 3 6 18 38 3</runs>
            <runs>0 3 2 7 18 38 2</runs>
            <runs>0 3 1 8 18 38 2</runs>
            <runs>0 3 1 9 16 39 1</runs>
            <runs>0 13 16 39 1</runs>
            <runs>0 13 15</runs>
            <runs>0 14 14 34 2</runs>
            <runs>0 16 11 34 3</runs>
            <runs>0 18 7 36 3</runs>
            <runs>0 60 7</runs>
            <runs>0 59 8</runs>
            <runs>0 57 10</runs>
            <runs>0 56 7</runs>
            <runs>0 54 7</runs>
            <runs>0 53 7</runs>
            <runs>0 51 8</runs>
            <runs>0 4 1 45 8</runs>
            <runs>0 4 2 41 10</runs>
            <runs>7 35 14</runs>
            <runs>9 32 14</runs>
            <runs>12 25 17</runs>
            <runs>19 13 21</runs>
            <runs>52</runs>
            <runs>51</runs>
            <runs>49</runs>
            <runs>48</runs>
            <runs>0 5 42</runs>
            <runs>0 6 40</runs>
            <runs>0 7 38</runs>
            <runs>0 8 37</runs>
            <runs>0 9 30</runs>
            <runs>0 11 26</runs>
            <runs>0 13 21</runs>
            <runs>0 18 13</runs>
            <runs></runs>
            <runs></runs>
            <runs></runs>
            <runs>0 6 4</runs>
            <runs>0 5 7</runs>
            <runs>13 19 6</runs>
            <runs>13 18 8</runs>
            <runs>14 16 9</runs>
            <runs>14 16 10</runs>
            <runs>13 17 10</runs>
            <runs>0 5 8 17 9</runs>
            <runs>0 6 6 19 8</runs>
            <runs>0 8 2 22 6</runs>
            <runs>0 34 1</runs>
        </run-table>
    </sample>
    <sample shape="F_CLEF" interline="22" pitch="-1.5" left="432" top="2503" id="410">
        <run-table orientation="VERTICAL" width="62" height="78">
            <runs>0 74 4</runs>
            <runs>0 74 4</runs>
            <runs>0 74 4</runs>
            <runs>0 73 4</runs>
            <runs>0 73 4</runs>
            <runs>0 16 8 48 4</runs>
            <runs>0 12 13 47 4</runs>
            <runs>0 11 15 45 4</runs>
            <runs>0 9 18 44 4</runs>
            <runs>0 7 21 43 3</runs>
            <runs>0 6 22 42 3</runs>
            <runs>29 40 3</runs>
            <runs>9 3 17 36 7</runs>
            <runs>8 4 17 40 2</runs>
            <runs>7 5 18 39 2</runs>
            <runs>0 4 2 6 18 39 1</runs>
            <runs>0 4 1 7 18</runs>
            <runs>0 4 1 7 17</runs>
            <runs>0 12 17 34 2</runs>
            <runs>0 13 15 34 3</runs>
            <runs>0 14 14 34 3</runs>
            <runs>0 15 12 34 7</runs>
            <runs>0 16 9 35 8</runs>
            <runs>0 18 7 34 9</runs>
            <runs>0 58 10</runs>
            <runs>0 57 11</runs>
            <runs>0 56 7</runs>
            <runs>0 54 7</runs>
            <runs>0 52 8</runs>
            <runs>0 50 9</runs>
            <runs>0 47 12</runs>
            <runs>0 5 1 37 15</runs>
            <runs>0 5 2 35 15</runs>
            <runs>0 1 7 31 17</runs>
            <runs>0 1 10 25 18</runs>
            <runs>0 1 14 17 21</runs>
            <runs>0 1 51</runs>
            <runs>0 1 50</runs>
            <runs>0 1 49</runs>
            <runs>0 1 48</runs>
            <runs>0 1 45</runs>
            <runs>0 1 45</runs>
            <runs>0 7 39</runs>
            <runs>0 8 38</runs>
            <runs>0 9 31</runs>
            <runs>0 10 28</runs>
            <runs>0 11 25</runs>
            <runs>0 13 21</runs>
            <runs>0 17 12</runs>
            <runs></runs>
            <runs></runs>
            <runs>0 10 2</runs>
            <runs>0 7 6 23 2</runs>
            <runs>0 6 8 19 6</runs>
            <runs>0 1 13 17 9</runs>
            <runs>0 1 13 17 9</runs>
            <runs>0 1 13 16 11</runs>
            <runs>14 16 11</runs>
            <runs>0 1 13 17 9</runs>
            <runs>0 6 7 18 9</runs>
            <runs>0 7 5 20 7</runs>
            <runs>0 33 5</runs>
        </run-table>
    </sample>
    <sample shape="F_CLEF" interline="22" pitch="-1.5" left="433" top="2909" id="458">
        <run-table orientation="VERTICAL" width="62" height="79">
            <runs>0 76 2</runs>
            <runs>0 75 4</runs>
            <runs>0 75 4</runs>
            <runs>0 75 3</runs>
            <runs>0 74 4</runs>
            <runs>0 74 3</runs>
            <runs>0 18 7 49 3</runs>
            <runs>0 15 11 47 3</runs>
            <runs>0 12 16 45 3</runs>
            <runs>0 10 18 44 3</runs>
            <runs>0 9 20 43 3</runs>
            <runs>0 7 23 41 3</runs>
            <runs>0 7 23 41 3</runs>
            <runs>0 6 4 2 19 35 7</runs>
            <runs>8 4 19</runs>
            <runs>7 5 19</runs>
            <runs>0 12 19</runs>
            <runs>0 13 18</runs>
            <runs>0 13 18</runs>
            <runs>0 13 17 35 1</runs>
            <runs>0 13 17 34 2</runs>
            <runs>0 14 15 35 2</runs>
            <runs>0 15 13 34 7</runs>
            <runs>0 16 11 35 7</runs>
            <runs>0 17 9 35 8</runs>
            <runs>0 20 2 38 9</runs>
            <runs>0 58 6</runs>
            <runs>0 56 7</runs>
            <runs>0 55 8</runs>
            <runs>0 53 9</runs>
            <runs>0 51 11</runs>
            <runs>0 49 12</runs>
            <runs>0 5 1 38 15</runs>
            <runs>0 5 2 37 14</runs>
            <runs>0 1 8 33 15</runs>
            <runs>0 1 10 27 17</runs>
            <runs>0 1 13 19 21</runs>
            <runs>0 1 52</runs>
            <runs>0 1 51</runs>
            <runs>0 1 50</runs>
            <runs>0 1 49</runs>
            <runs>0 1 48</runs>
            <runs>0 6 42</runs>
            <runs>0 7 40</runs>
            <runs>0 8 39</runs>
            <runs>0 9 38</runs>
            <runs>0 11 30</runs>
            <runs>0 11 27</runs>
            <runs>0 14 22</runs>
            <runs>0 18 14</runs>
            <runs></runs>
            <runs></runs>
            <runs></runs>
            <runs>0 8 6 22 4</runs>
            <runs>0 7 8 19 8</runs>
            <runs>0 6 9 18 9</runs>
            <runs>0 5 11 17 9</runs>
            <runs>0 5 10 18 9</runs>
            <runs>0 6 9 18 9</runs>
            <runs>0 6 9 18 9</runs>
            <runs>0 7 7 19 8</runs>
            <runs>0 8 5 22 6</runs>
        </run-table>
    </sample>
    <sample shape="F_CLEF" interline="22" pitch="-1.7" left="436" top="3187" id="486">
        <run-table orientation="VERTICAL" width="61" height="79">
            <runs>0 76 2</runs>
            <runs>0 75 4</runs>
            <runs>0 75 4</runs>
            <runs>0 75 4</runs>
            <runs>0 16 9 49 4</runs>
            <runs>0 13 13 48 3</runs>
            <runs>0 11 16 47 3</runs>
            <runs>0 10 18 45 3</runs>
            <runs>0 8 21 44 3</runs>
            <runs>0 7 22 43 3</runs>
            <runs>0 5 25 42 2</runs>
            <runs>9 3 18 41 3</runs>
            <runs>7 5 18 36 7</runs>
            <runs>0 4 2 6 18 40 2</runs>
            <runs>0 4 1 8 17 40 2</runs>
            <runs>0 4 1 8 17 40 1</runs>
            <runs>0 13 17 40 1</runs>
            <runs>0 13 17</runs>
            <runs>0 13 16</runs>
            <runs>0 14 14 36 1</runs>
            <runs>0 14 13 36 2</runs>
            <runs>0 16 10 36 7</runs>
            <runs>0 18 7 36 8</runs>
            <runs>0 20 2 37 10</runs>
            <runs>0 58 6</runs>
            <runs>0 57 6</runs>
            <runs>0 56 6</runs>
            <runs>0 54 7</runs>
            <runs>0 52 8</runs>
            <runs>0 4 1 45 9</runs>
            <runs>0 4 2 42 10</runs>
            <runs>0 4 3 36 14</runs>
            <runs>0 1 8 34 13</runs>
            <runs>0 1 10 28 16</runs>
            <runs>0 1 13 20 20</runs>
            <runs>0 1 52</runs>
            <runs>0 1 51</runs>
            <runs>0 1 50</runs>
            <runs>0 1 48</runs>
            <runs>0 1 47</runs>
            <runs>0 1 46</runs>
            <runs>0 6 41</runs>
            <runs>0 7 39</runs>
            <runs>0 8 33</runs>
            <runs>0 11 28</runs>
            <runs>0 12 25</runs>
            <runs>0 13 19</runs>
            <runs>0 15 2 2 9</runs>
            <runs></runs>
            <runs></runs>
            <runs>0 9 1</runs>
            <runs>0 5 7 22 2</runs>
            <runs>0 1 12 20 6</runs>
            <runs>0 1 13 18 8</runs>
            <runs>0 1 13 18 8</runs>
            <runs>0 1 13 17 9</runs>
            <runs>0 1 13 17 10</runs>
            <runs>0 5 8 18 10</runs>
            <runs>0 6 6 19 9</runs>
            <runs>0 10 1 21 7</runs>
            <runs>0 33 5</runs>
        </run-table>
    </sample>
    <sample shape="F_CLEF" interline="22" pitch="-1.5" left="660" top="1094" id="264">
        <run-table orientation="VERTICAL" width="62" height="80">
            <runs>0 77 3</runs>
            <runs>0 77 3</runs>
            <runs>0 76 4</runs>
            <runs>0 76 4</runs>
            <runs>0 18 8 50 3</runs>
            <runs>0 15 12 48 4</runs>
            <runs>0 13 15 47 3</runs>
            <runs>0 11 18 45 3</runs>
            <runs>0 10 20 44 3</runs>
            <runs>0 9 21 43 3</runs>
            <runs>0 8 23 42 3</runs>
            <runs>0 7 4 2 19 40 3</runs>
            <runs>0 6 3 5 18 39 3</runs>
            <runs>0 1 7 6 18 34 8</runs>
            <runs>0 1 7 6 18 34 7</runs>
            <runs>0 5 2 7 18 34 7</runs>
            <runs>0 5 1 8 18 38 2</runs>
            <runs>0 5 1 8 17 39 2</runs>
            <runs>0 14 17 39 1</runs>
            <runs>0 15 16</runs>
            <runs>0 16 14</runs>
            <runs>0 17 12 34 7</runs>
            <runs>0 19 8 35 8</runs>
            <runs>0 61 9</runs>
            <runs>0 60 10</runs>
            <runs>0 59 11</runs>
            <runs>0 57 8</runs>
            <runs>0 5 1 50 8</runs>
            <runs>0 5 1 49 8</runs>
            <runs>0 5 1 48 8</runs>
            <runs>0 5 2 45 9</runs>
            <runs>0 5 2 43 10</runs>
            <runs>0 1 7 36 15</runs>
            <runs>0 1 10 31 16</runs>
            <runs>0 1 13 25 17</runs>
            <runs>0 1 16 16 22</runs>
            <runs>0 1 53</runs>
            <runs>0 1 52</runs>
            <runs>0 1 50</runs>
            <runs>0 1 49</runs>
            <runs>0 7 41</runs>
            <runs>0 7 41</runs>
            <runs>0 8 39</runs>
            <runs>0 9 38</runs>
            <runs>0 11 36</runs>
            <runs>0 12 28</runs>
            <runs>0 13 24</runs>
            <runs>0 16 17</runs>
            <runs>0 21 7</runs>
            <runs></runs>
            <runs></runs>
            <runs>0 10 1</runs>
            <runs>0 7 7 23 2</runs>
            <runs>0 1 14 19 7</runs>
            <runs>0 2 13 18 9</runs>
            <runs>0 1 14 17 10</runs>
            <runs>15 17 10</runs>
            <runs>15 17 10</runs>
            <runs>14 18 10</runs>
            <runs>13 20 8</runs>
            <runs>0 10 1 23 6</runs>
            <runs>0 37 1</runs>
        </run-table>
    </sample>
    <sample shape="F_CLEF" interline="22" pitch="-1.8" left="436" top="1786" id="383">
        <run-table orientation="VERTICAL" width="58" height="67">
            <runs>0 18 3</runs>
            <runs>0 14 11</runs>
            <runs>0 12 14</runs>
            <runs>0 10 17</runs>
            <runs>0 8 20</runs>
            <runs>0 7 21</runs>
            <runs>0 6 23</runs>
            <runs>0 5 4 3 17</runs>
            <runs>0 4 3 5 18</runs>
            <runs>0 3 3 6 18</runs>
            <runs>0 3 3 6 18</runs>
            <runs>0 3 2 7 18</runs>
            <runs>0 3 1 8 18</runs>
            <runs>0 3 1 9 16</runs>
            <runs>0 13 16</runs>
            <runs>0 13 15</runs>
            <runs>0 14 14 34 2</runs>
            <runs>0 16 11 34 3</runs>
            <runs>0 18 7 36 3</runs>
            <runs>0 60 7</runs>
            <runs>0 59 8</runs>
            <runs>0 57 10</runs>
            <runs>0 56 7</runs>
            <runs>0 54 7</runs>
            <runs>0 53 7</runs>
            <runs>0 51 8</runs>
            <runs>0 4 1 45 8</runs>
            <runs>0 4 2 41 10</runs>
            <runs>7 35 14</runs>
            <runs>9 32 14</runs>
            <runs>12 25 17</runs>
            <runs>19 13 21</runs>
            <runs>52</runs>
            <runs>51</runs>
            <runs>49</runs>
            <runs>48</runs>
            <runs>0 5 42</runs>
            <runs>0 6 40</runs>
            <runs>0 7 38</runs>
            <runs>0 8 37</runs>
            <runs>0 9 30</runs>
            <runs>0 11 26</runs>
            <runs>0 13 21</runs>
            <runs>0 18 13</runs>
            <runs></runs>
            <runs></runs>
            <runs></runs>
            <runs>0 6 4</runs>
            <runs>0 5 7</runs>
            <runs>13 19 6</runs>
            <runs>13 18 8</runs>
            <runs>14 16 9</runs>
            <runs>14 16 10</runs>
            <runs>13 17 10</runs>
            <runs>0 5 8 17 9</runs>
            <runs>0 6 6 19 8</runs>
            <runs>0 8 2 22 6</runs>
            <runs>0 34 1</runs>
        </run-table>
    </sample>
    <sample shape="F_CLEF" interline="22" pitch="-1.7" left="437" top="2503" id="413">
        <run-table orientation="VERTICAL" width="57" height="68">
            <runs>0 16 8</runs>
            <runs>0 12 13</runs>
            <runs>0 11 15</runs>
            <runs>0 9 18</runs>
            <runs>0 7 21</runs>
            <runs>0 6 22</runs>
            <runs>29</runs>
            <runs>9 3 17</runs>
            <runs>8 4 17</runs>
            <runs>7 5 18</runs>
            <runs>0 4 2 6 18</runs>
            <runs>0 4 1 7 18</runs>
            <runs>0 4 1 7 17</runs>
            <runs>0 12 17 34 2</runs>
            <runs>0 13 15 34 3</runs>
            <runs>0 14 14 34 3</runs>
            <runs>0 15 12 34 7</runs>
            <runs>0 16 9 35 8</runs>
            <runs>0 18 7 34 9</runs>
            <runs>0 58 10</runs>
            <runs>0 57 11</runs>
            <runs>0 56 7</runs>
            <runs>0 54 7</runs>
            <runs>0 52 8</runs>
            <runs>0 50 9</runs>
            <runs>0 47 12</runs>
            <runs>0 5 1 37 15</runs>
            <runs>0 5 2 35 15</runs>
            <runs>0 1 7 31 17</runs>
            <runs>0 1 10 25 18</runs>
            <runs>0 1 14 17 21</runs>
            <runs>0 1 51</runs>
            <runs>0 1 50</runs>
            <runs>0 1 49</runs>
            <runs>0 1 48</runs>
            <runs>0 1 45</runs>
            <runs>0 1 45</runs>
            <runs>0 7 39</runs>
            <runs>0 8 38</runs>
            <runs>0 9 31</runs>
            <runs>0 10 28</runs>
            <runs>0 11 25</runs>
            <runs>0 13 21</runs>
            <runs>0 17 12</runs>
            <runs></runs>
            <runs></runs>
            <runs>0 10 2</runs>
            <runs>0 7 6 23 2</runs>
            <runs>0 6 8 19 6</runs>
            <runs>0 1 13 17 9</runs>
            <runs>0 1 13 17 9</runs>
            <runs>0 1 13 16 11</runs>
            <runs>14 16 11</runs>
            <runs>0 1 13 17 9</runs>
            <runs>0 6 7 18 9</runs>
            <runs>0 7 5 20 7</runs>
            <runs>0 33 5</runs>
        </run-table>
    </sample>
    <sample shape="F_CLEF" interline="22" pitch="-1.7" left="439" top="2909" id="457">
        <run-table orientation="VERTICAL" width="56" height="69">
            <runs>0 18 7</runs>
            <runs>0 15 11</runs>
            <runs>0 12 16</runs>
            <runs>0 10 18</runs>
            <runs>0 9 20</runs>
            <runs>0 7 23</runs>
            <runs>0 7 23</runs>
            <runs>0 6 4 2 19</runs>
            <runs>8 4 19</runs>
            <runs>7 5 19</runs>
            <runs>0 12 19</runs>
            <runs>0 13 18</runs>
            <runs>0 13 18</runs>
            <runs>0 13 17 35 1</runs>
            <runs>0 13 17 34 2</runs>
            <runs>0 14 15 35 2</runs>
            <runs>0 15 13 34 7</runs>
            <runs>0 16 11 35 7</runs>
            <runs>0 17 9 35 8</runs>
            <runs>0 20 2 38 9</runs>
            <runs>0 58 6</runs>
            <runs>0 56 7</runs>
            <runs>0 55 8</runs>
            <runs>0 53 9</runs>
            <runs>0 51 11</runs>
            <runs>0 49 12</runs>
            <runs>0 5 1 38 15</runs>
            <runs>0 5 2 37 14</runs>
            <runs>0 1 8 33 15</runs>
            <runs>0 1 10 27 17</runs>
            <runs>0 1 13 19 21</runs>
            <runs>0 1 52</runs>
            <runs>0 1 51</runs>
            <runs>0 1 50</runs>
            <runs>0 1 49</runs>
            <runs>0 1 48</runs>
            <runs>0 6 42</runs>
            <runs>0 7 40</runs>
            <runs>0 8 39</runs>
            <runs>0 9 38</runs>
            <runs>0 11 30</runs>
            <runs>0 11 27</runs>
            <runs>0 14 22</runs>
            <runs>0 18 14</runs>
            <runs></runs>
            <runs></runs>
            <runs></runs>
            <runs>0 8 6 22 4</runs>
            <runs>0 7 8 19 8</runs>
            <runs>0 6 9 18 9</runs>
            <runs>0 5 11 17 9</runs>
            <runs>0 5 10 18 9</runs>
            <runs>0 6 9 18 9</runs>
            <runs>0 6 9 18 9</runs>
            <runs>0 7 7 19 8</runs>
            <runs>0 8 5 22 6</runs>
        </run-table>
    </sample>
    <sample shape="F_CLEF" interline="22" pitch="-1.9" left="440" top="3187" id="499">
        <run-table orientation="VERTICAL" width="57" height="69">
            <runs>0 16 9</runs>
            <runs>0 13 13</runs>
            <runs>0 11 16</runs>
            <runs>0 10 18</runs>
            <runs>0 8 21</runs>
            <runs>0 7 22</runs>
            <runs>0 5 25</runs>
            <runs>9 3 18</runs>
            <runs>7 5 18</runs>
            <runs>0 4 2 6 18</runs>
            <runs>0 4 1 8 17</runs>
            <runs>0 4 1 8 17</runs>
            <runs>0 13 17</runs>
            <runs>0 13 17</runs>
            <runs>0 13 16</runs>
            <runs>0 14 14 36 1</runs>
            <runs>0 14 13 36 2</runs>
            <runs>0 16 10 36 7</runs>
            <runs>0 18 7 36 8</runs>
            <runs>0 20 2 37 10</runs>
            <runs>0 58 6</runs>
            <runs>0 57 6</runs>
            <runs>0 56 6</runs>
            <runs>0 54 7</runs>
            <runs>0 52 8</runs>
            <runs>0 4 1 45 9</runs>
            <runs>0 4 2 42 10</runs>
            <runs>0 4 3 36 14</runs>
            <runs>0 1 8 34 13</runs>
            <runs>0 1 10 28 16</runs>
            <runs>0 1 13 20 20</runs>
            <runs>0 1 52</runs>
            <runs>0 1 51</runs>
            <runs>0 1 50</runs>
            <runs>0 1 48</runs>
            <runs>0 1 47</runs>
            <runs>0 1 46</runs>
            <runs>0 6 41</runs>
            <runs>0 7 39</runs>
            <runs>0 8 33</runs>
            <runs>0 11 28</runs>
            <runs>0 12 25</runs>
            <runs>0 13 19</runs>
            <runs>0 15 2 2 9</runs>
            <runs></runs>
            <runs></runs>
            <runs>0 9 1</runs>
            <runs>0 5 7 22 2</runs>
            <runs>0 1 12 20 6</runs>
            <runs>0 1 13 18 8</runs>
            <runs>0 1 13 18 8</runs>
            <runs>0 1 13 17 9</runs>
            <runs>0 1 13 17 10</runs>
            <runs>0 5 8 18 10</runs>
            <runs>0 6 6 19 9</runs>
            <runs>0 10 1 21 7</runs>
            <runs>0 33 5</runs>
        </run-table>
    </sample>
    <sample shape="SHARP" interline="22" pitch="-4.1" left="736" top="773" id="305">
        <run-table orientation="VERTICAL" width="22" height="63">
            <runs>0 19 9</runs>
            <runs>0 18 11 13 13</runs>
            <runs>0 18 10 13 14</runs>
            <runs>0 5 4 7 12 13 14</runs>
            <runs>0 4 30 7 14</runs>
            <runs>0 4 51</runs>
            <runs>0 8 2 3 45 2 1</runs>
            <runs>0 16 11 10 26</runs>
            <runs>0 16 10 12 25</runs>
            <runs>0 16 10 12 11 6 2</runs>
            <runs>0 16 9 13 11</runs>
            <runs>0 15 10 13 10</runs>
            <runs>0 14 11 12 11</runs>
            <runs>10 2 13 12 10</runs>
            <runs>27 9 11</runs>
            <runs>47 3 2</runs>
            <runs>0 10 49</runs>
            <runs>0 11 12 7 29</runs>
            <runs>0 11 11 9 15 5 7</runs>
            <runs>0 11 10 10 14</runs>
            <runs>0 11 10 10 13</runs>
            <runs>0 18 1 12 12</runs>
        </run-table>
    </sample>
    <sample shape="SHARP" interline="22" pitch="-2.0" left="734" top="1087" id="307">
        <run-table orientation="VERTICAL" width="22" height="62">
            <runs>0 19 2 1 5</runs>
            <runs>0 18 10 14 6</runs>
            <runs>0 18 10 13 13</runs>
            <runs>0 17 10 13 14</runs>
            <runs>0 4 2 11 11 12 14</runs>
            <runs>0 3 32 2 18</runs>
            <runs>0 7 54</runs>
            <runs>0 15 11 1 8 1 26</runs>
            <runs>0 15 10 12 20 2 3</runs>
            <runs>0 15 10 13 10</runs>
            <runs>0 15 10 12 11</runs>
            <runs>0 14 10 13 10</runs>
            <runs>0 14 10 13 10</runs>
            <runs>0 13 11 13 10</runs>
            <runs>3 2 19 12 11</runs>
            <runs>48 8 1</runs>
            <runs>58</runs>
            <runs>0 8 15 6 30</runs>
            <runs>0 9 13 8 15 6 7</runs>
            <runs>0 8 13 9 14</runs>
            <runs>0 8 12 10 13</runs>
            <runs>0 14 5 15 9</runs>
        </run-table>
    </sample>
    <sample shape="SHARP" interline="22" pitch="-3.9" left="504" top="1464" id="391">
        <run-table orientation="VERTICAL" width="22" height="64">
            <runs>0 19 7</runs>
            <runs>0 18 10 14 5 3 2</runs>
            <runs>0 17 11 13 14</runs>
            <runs>0 17 11 13 14</runs>
            <runs>0 4 30 6 15</runs>
            <runs>0 3 52</runs>
            <runs>0 4 2 2 55</runs>
            <runs>0 15 12 2 35</runs>
            <runs>0 15 11 12 25</runs>
            <runs>0 15 11 12 11</runs>
            <runs>0 15 10 13 10</runs>
            <runs>0 15 10 13 10</runs>
            <runs>0 14 11 13 10</runs>
            <runs>0 13 11 13 10</runs>
            <runs>25 11 11</runs>
            <runs>57</runs>
            <runs>0 1 2 2 54</runs>
            <runs>0 10 14 4 31</runs>
            <runs>0 11 12 7 17 1 10</runs>
            <runs>0 11 11 9 14</runs>
            <runs>0 11 11 9 14</runs>
            <runs>0 13 7 15 9</runs>
        </run-table>
    </sample>
    <sample shape="SHARP" interline="22" pitch="-2.1" left="505" top="1778" id="393">
        <run-table orientation="VERTICAL" width="22" height="61">
            <runs>0 17 9 19 1</runs>
            <runs>0 17 10 13 13</runs>
            <runs>0 16 10 14 13</runs>
            <runs>0 6 2 7 11 13 14</runs>
            <runs>0 2 31 6 14</runs>
            <runs>0 2 55</runs>
            <runs>0 7 54</runs>
            <runs>0 14 11 12 24</runs>
            <runs>0 14 10 13 11</runs>
            <runs>0 14 9 14 10</runs>
            <runs>0 13 10 14 9</runs>
            <runs>0 13 10 13 10</runs>
            <runs>0 13 10 13 10</runs>
            <runs>0 1 1 3 18 13 9</runs>
            <runs>25 2 18</runs>
            <runs>57</runs>
            <runs>0 8 15 3 32</runs>
            <runs>0 8 13 8 15 5 8</runs>
            <runs>0 9 12 9 13 11 2</runs>
            <runs>0 9 11 10 13</runs>
            <runs>0 8 11 14 9</runs>
            <runs>0 39 2</runs>
        </run-table>
    </sample>
    <sample shape="SHARP" interline="22" pitch="-4.0" left="506" top="2179" id="435">
        <run-table orientation="VERTICAL" width="23" height="65">
            <runs>0 19 9</runs>
            <runs>0 19 10 14 8</runs>
            <runs>0 18 11 13 10</runs>
            <runs>0 17 12 13 14</runs>
            <runs>0 4 25 12 15</runs>
            <runs>0 4 53</runs>
            <runs>0 5 58</runs>
            <runs>0 15 12 3 35</runs>
            <runs>0 16 10 12 27</runs>
            <runs>0 16 10 12 12</runs>
            <runs>0 16 10 13 10</runs>
            <runs>0 15 10 13 11</runs>
            <runs>0 15 10 13 10</runs>
            <runs>0 1 3 10 11 13 10</runs>
            <runs>27 10 10</runs>
            <runs>48</runs>
            <runs>0 1 3 1 55</runs>
            <runs>0 11 13 3 34</runs>
            <runs>0 12 11 8 15 5 9</runs>
            <runs>0 11 12 8 15 11 2</runs>
            <runs>0 12 10 9 14</runs>
            <runs>0 12 9 11 13</runs>
            <runs>0 16 2 23 2</runs>
        </run-table>
    </sample>
    <sample shape="SHARP" interline="22" pitch="-2.1" left="507" top="2497" id="437">
        <run-table orientation="VERTICAL" width="22" height="61">
            <runs>0 18 8 16 4</runs>
            <runs>0 17 14 9 12</runs>
            <runs>0 16 11 12 13</runs>
            <runs>0 5 2 8 16 8 13</runs>
            <runs>0 3 29 5 15</runs>
            <runs>0 2 57</runs>
            <runs>0 3 58</runs>
            <runs>0 13 12 10 26</runs>
            <runs>0 14 11 10 18</runs>
            <runs>0 14 10 12 10</runs>
            <runs>0 13 11 12 10</runs>
            <runs>0 13 10 13 10</runs>
            <runs>0 12 11 12 10</runs>
            <runs>0 3 20 12 10</runs>
            <runs>26 7 12</runs>
            <runs>57</runs>
            <runs>57</runs>
            <runs>0 6 17 3 31</runs>
            <runs>0 7 14 6 17</runs>
            <runs>0 7 14 11 11</runs>
            <runs>0 7 13 12 11</runs>
            <runs>0 10 2 3 4 14 9</runs>
        </run-table>
    </sample>
    <sample shape="SHARP" interline="22" pitch="-2.1" left="506" top="2902" id="509">
        <run-table orientation="VERTICAL" width="22" height="63">
            <runs>0 18 9 15 4</runs>
            <runs>0 18 10 13 13</runs>
            <runs>0 17 10 14 13</runs>
            <runs>0 8 20 12 14</runs>
            <runs>0 2 31 6 16</runs>
            <runs>0 2 56 1 3</runs>
            <runs>0 4 1 2 56</runs>
            <runs>0 14 12 11 26</runs>
            <runs>0 14 11 12 11 10 4</runs>
            <runs>0 14 11 12 11</runs>
            <runs>0 14 11 12 10</runs>
            <runs>0 13 11 13 10</runs>
            <runs>0 8 16 12 11</runs>
            <runs>6 1 17 11 11</runs>
            <runs>25 9 13</runs>
            <runs>59</runs>
            <runs>0 6 53</runs>
            <runs>0 8 14 7 17 2 11</runs>
            <runs>0 8 14 8 15</runs>
            <runs>0 8 13 9 14</runs>
            <runs>0 8 13 8 15</runs>
            <runs>0 35 1</runs>
        </run-table>
    </sample>
    <sample shape="SHARP" interline="22" pitch="-2.0" left="508" top="3180" id="511">
        <run-table orientation="VERTICAL" width="21" height="62">
            <runs>0 18 9 13 13</runs>
            <runs>0 17 10 13 13</runs>
            <runs>0 16 11 13 13</runs>
            <runs>0 3 1 1 23 11 14</runs>
            <runs>0 2 35 1 16</runs>
            <runs>0 3 59</runs>
            <runs>0 14 12 10 26</runs>
            <runs>0 14 11 12 25</runs>
            <runs>0 14 11 12 10</runs>
            <runs>0 14 10 13 10</runs>
            <runs>0 14 10 13 9</runs>
            <runs>0 13 11 12 10</runs>
            <runs>0 12 11 13 10</runs>
            <runs>23 12 11</runs>
            <runs>47</runs>
            <runs>59</runs>
            <runs>0 7 16 6 30</runs>
            <runs>0 7 14 9 28</runs>
            <runs>0 8 13 12 11</runs>
            <runs>0 8 12 10 13</runs>
            <runs>0 8 11 11 12</runs>
        </run-table>
    </sample>
    <sample shape="TIME_TWO" interline="22" pitch="-2.1" left="769" top="806" id="326">
        <run-table orientation="VERTICAL" width="33" height="41">
            <runs>0 4 8</runs>
            <runs>0 3 11</runs>
            <runs>15</runs>
            <runs>16 19 6</runs>
            <runs>16 15 10</runs>
            <runs>16 12 11</runs>
            <runs>16 10 11</runs>
            <runs>0 4 12 8 12</runs>
            <runs>0 5 11 4 16</runs>
            <runs>0 6 9 5 17</runs>
            <runs>0 6 9 11 11</runs>
            <runs>0 8 5 13 11</runs>
            <runs>0 26 11</runs>
            <runs>0 26 12</runs>
            <runs>0 26 12</runs>
            <runs>0 17 1 8 12</runs>
            <runs>0 1 1 14 2 8 13</runs>
            <runs>0 1 2 11 8 5 12</runs>
            <runs>6 7 9 5 12</runs>
            <runs>22 5 12</runs>
            <runs>22 6 11</runs>
            <runs>22 6 11</runs>
            <runs>22 6 11</runs>
            <runs>18 10 11</runs>
            <runs>17 11 10</runs>
            <runs>16 12 10</runs>
            <runs>16 12 10</runs>
            <runs>0 2 13 12 10</runs>
            <runs>0 4 10 13 9</runs>
            <runs>0 6 7 13 9</runs>
            <runs>0 19 15</runs>
            <runs>0 20 12</runs>
            <runs>0 19 7</runs>
        </run-table>
    </sample>
    <sample shape="TIME_TWO" interline="22" pitch="-2.0" left="768" top="1098" id="346">
        <run-table orientation="VERTICAL" width="33" height="40">
            <runs>0 5 7</runs>
            <runs>0 3 11</runs>
            <runs>15</runs>
            <runs>16 16 8</runs>
            <runs>16 13 11</runs>
            <runs>16 11 13</runs>
            <runs>0 1 2 1 12 9 12</runs>
            <runs>0 1 1 3 11 3 17</runs>
            <runs>0 6 10 3 16</runs>
            <runs>0 6 9 4 16</runs>
            <runs>0 6 9 7 2 1 11</runs>
            <runs>0 8 6 8 1 3 10</runs>
            <runs>0 26 11</runs>
            <runs>0 26 11</runs>
            <runs>0 17 1 8 12</runs>
            <runs>0 16 2 8 12</runs>
            <runs>0 1 2 12 3 8 12</runs>
            <runs>4 10 7 5 12</runs>
            <runs>6 5 10 5 12</runs>
            <runs>21 6 13</runs>
            <runs>21 6 13</runs>
            <runs>21 6 12</runs>
            <runs>21 6 11</runs>
            <runs>21 7 10</runs>
            <runs>17 11 10</runs>
            <runs>17 10 11</runs>
            <runs>16 11 10</runs>
            <runs>15 11 10</runs>
            <runs>0 3 10 13 9</runs>
            <runs>0 6 4 14 10</runs>
            <runs>0 19 14</runs>
            <runs>0 19 13</runs>
            <runs>0 19 10</runs>
        </run-table>
    </sample>
    <sample shape="TIME_TWO" interline="22" pitch="-2.1" left="769" top="806" id="320">
        <run-table orientation="VERTICAL" width="33" height="44">
            <runs>0 4 8</runs>
            <runs>0 3 11</runs>
            <runs>15</runs>
            <runs>16 19 9</runs>
            <runs>16 15 13</runs>
            <runs>16 12 11</runs>
            <runs>16 10 11</runs>
            <runs>0 4 12 8 12</runs>
            <runs>0 5 11 4 16</runs>
            <runs>0 6 9 5 17</runs>
            <runs>0 6 9 11 11</runs>
            <runs>0 8 5 13 11</runs>
            <runs>0 26 11</runs>
            <runs>0 26 12</runs>
            <runs>0 26 12</runs>
            <runs>0 17 1 8 12</runs>
            <runs>0 1 1 14 2 8 13</runs>
            <runs>0 1 2 11 8 5 12</runs>
            <runs>6 7 9 5 12</runs>
            <runs>22 5 12</runs>
            <runs>22 6 11</runs>
            <runs>22 6 11</runs>
            <runs>22 6 11</runs>
            <runs>18 10 11</runs>
            <runs>17 11 10</runs>
            <runs>16 12 10</runs>
            <runs>16 12 10</runs>
            <runs>0 2 13 12 10</runs>
            <runs>0 4 10 13 9</runs>
            <runs>0 6 7 13 9</runs>
            <runs>0 19 15</runs>
            <runs>0 20 12</runs>
            <runs>0 19 7</runs>
        </run-table>
    </sample>
    <sample shape="TIME_TWO" interline="22" pitch="-2.0" left="768" top="1098" id="340">
        <run-table orientation="VERTICAL" width="33" height="43">
            <runs>0 5 7</runs>
            <runs>0 3 11</runs>
            <runs>15</runs>
            <runs>16 16 11</runs>
            <runs>16 13 14</runs>
            <runs>16 11 16</runs>
            <runs>0 1 2 1 12 9 12</runs>
            <runs>0 1 1 3 11 3 17</runs>
            <runs>0 6 10 3 16</runs>
            <runs>0 6 9 4 16</runs>
            <runs>0 6 9 7 2 1 11</runs>
            <runs>0 8 6 8 1 3 10</runs>
            <runs>0 26 11</runs>
            <runs>0 26 11</runs>
            <runs>0 17 1 8 12</runs>
            <runs>0 16 2 8 12</runs>
            <runs>0 1 2 12 3 8 12</runs>
            <runs>4 10 7 5 12</runs>
            <runs>6 5 10 5 12</runs>
            <runs>21 6 16</runs>
            <runs>21 6 16</runs>
            <runs>21 6 12</runs>
            <runs>21 6 11</runs>
            <runs>21 7 10</runs>
            <runs>17 11 10</runs>
            <runs>17 10 11</runs>
            <runs>16 11 10</runs>
            <runs>15 11 10</runs>
            <runs>0 3 10 13 9</runs>
            <runs>0 6 4 14 10</runs>
            <runs>0 19 14</runs>
            <runs>0 19 13</runs>
            <runs>0 19 10</runs>
        </run-table>
    </sample>
    <sample shape="TIME_FOUR" interline="22" pitch="2.3" left="768" top="853" id="311">
        <run-table orientation="VERTICAL" width="33" height="39">
            <runs>0 31 2</runs>
            <runs>0 29 4</runs>
            <runs>0 27 6</runs>
            <runs>0 26 7</runs>
            <runs>0 25 8</runs>
            <runs>0 23 5 2 3</runs>
            <runs>0 16 11 3 3</runs>
            <runs>0 16 10 5 3</runs>
            <runs>0 15 9 7 3</runs>
            <runs>0 12 11 8 3</runs>
            <runs>0 9 13 8 4</runs>
            <runs>0 1 20 9 4</runs>
            <runs>20 10 4</runs>
            <runs>0 1 19 10 4</runs>
            <runs>0 1 18 11 4</runs>
            <runs>0 1 19 10 4</runs>
            <runs>0 1 13 15 10</runs>
            <runs>0 1 12 8 18</runs>
            <runs>0 1 11 5 22</runs>
            <runs>0 1 9 7 22</runs>
            <runs>0 1 8 8 22</runs>
            <runs>0 1 7 9 22</runs>
            <runs>0 1 6 10 22</runs>
            <runs>0 1 5 10 23</runs>
            <runs>0 1 3 11 24</runs>
            <runs>0 1 2 11 25</runs>
            <runs>0 13 26</runs>
            <runs>0 12 27</runs>
            <runs>0 29 5</runs>
            <runs>0 30 3</runs>
            <runs>0 30 2</runs>
            <runs>0 30 2</runs>
            <runs>0 30 2</runs>
        </run-table>
    </sample>
    <sample shape="TIME_FOUR" interline="22" pitch="2.3" left="767" top="1144" id="331">
        <run-table orientation="VERTICAL" width="34" height="38">
            <runs>0 30 3</runs>
            <runs>0 28 5</runs>
            <runs>0 27 6</runs>
            <runs>0 25 8</runs>
            <runs>0 24 9</runs>
            <runs>0 22 11</runs>
            <runs>0 17 10 3 3</runs>
            <runs>0 16 10 4 3</runs>
            <runs>0 15 9 6 4</runs>
            <runs>0 13 10 7 4</runs>
            <runs>0 9 13 8 4</runs>
            <runs>0 1 20 9 4</runs>
            <runs>0 1 19 10 4</runs>
            <runs>0 1 18 11 3</runs>
            <runs>0 1 18 11 3</runs>
            <runs>0 1 19 10 4</runs>
            <runs>0 1 19 3 1 1 2 1 10</runs>
            <runs>0 1 12 3 22</runs>
            <runs>0 1 11 4 22</runs>
            <runs>0 1 10 5 22</runs>
            <runs>0 1 8 7 22</runs>
            <runs>0 1 7 8 22</runs>
            <runs>0 1 6 9 22</runs>
            <runs>0 1 5 10 22</runs>
            <runs>4 11 23</runs>
            <runs>3 11 24</runs>
            <runs>0 1 1 10 26</runs>
            <runs>0 11 11 2 14</runs>
            <runs>0 28 6</runs>
            <runs>0 29 4</runs>
            <runs>0 29 3</runs>
            <runs>0 29 3</runs>
            <runs>0 29 3</runs>
            <runs>0 30 1</runs>
        </run-table>
    </sample>
    <sample shape="TIME_TWO_FOUR" interline="22" pitch="-0.1" left="768" top="806" id="317">
        <run-table orientation="VERTICAL" width="34" height="86">
            <runs>0 78 2</runs>
            <runs>0 4 8 64 4</runs>
            <runs>0 3 11 60 6</runs>
            <runs>15 58 7</runs>
            <runs>16 19 9 28 8</runs>
            <runs>16 15 13 26 5 2 3</runs>
            <runs>16 12 11 24 11 3 3</runs>
            <runs>16 10 11 26 10 5 3</runs>
            <runs>0 4 12 8 12 26 9 7 3</runs>
            <runs>0 5 11 4 16 23 11 8 3</runs>
            <runs>0 6 9 5 17 19 13 8 4</runs>
            <runs>0 6 9 11 11 11 20 9 4</runs>
            <runs>0 8 5 13 11 10 20 10 4</runs>
            <runs>0 26 11 11 19 10 4</runs>
            <runs>0 26 12 10 18 11 4</runs>
            <runs>0 26 12 10 19 10 4</runs>
            <runs>0 17 1 8 12 10 13 15 10</runs>
            <runs>0 1 1 14 2 8 13 9 12 8 18</runs>
            <runs>0 1 2 11 8 5 12 9 11 5 22</runs>
            <runs>6 7 9 5 12 9 9 7 22</runs>
            <runs>22 5 12 9 8 8 22</runs>
            <runs>22 6 11 9 7 9 22</runs>
            <runs>22 6 11 9 6 10 22</runs>
            <runs>22 6 11 9 5 10 23</runs>
            <runs>18 10 11 9 3 11 24</runs>
            <runs>17 11 10 10 2 11 25</runs>
            <runs>16 12 10 22 26</runs>
            <runs>16 12 10 21 27</runs>
            <runs>0 2 13 12 10 39 5</runs>
            <runs>0 4 10 13 9 41 3</runs>
            <runs>0 6 7 13 9 42 2</runs>
            <runs>0 19 15 43 2</runs>
            <runs>0 20 12 45 2</runs>
            <runs>0 19 7</runs>
        </run-table>
    </sample>
    <sample shape="TIME_TWO_FOUR" interline="22" pitch="-0.1" left="767" top="1098" id="337">
        <run-table orientation="VERTICAL" width="34" height="84">
            <runs>0 76 3</runs>
            <runs>0 5 7 62 5</runs>
            <runs>0 3 11 59 6</runs>
            <runs>15 56 8</runs>
            <runs>16 16 11 27 9</runs>
            <runs>16 13 14 25 11</runs>
            <runs>16 11 16 20 10 3 3</runs>
            <runs>0 1 2 1 12 9 12 25 10 4 3</runs>
            <runs>0 1 1 3 11 3 17 25 9 6 4</runs>
            <runs>0 6 10 3 16 24 10 7 4</runs>
            <runs>0 6 9 4 16 20 13 8 4</runs>
            <runs>0 6 9 7 2 1 11 11 20 9 4</runs>
            <runs>0 8 6 8 1 3 10 11 19 10 4</runs>
            <runs>0 26 11 10 18 11 3</runs>
            <runs>0 26 11 10 18 11 3</runs>
            <runs>0 17 1 8 12 9 19 10 4</runs>
            <runs>0 16 2 8 12 9 19 3 1 1 2 1 10</runs>
            <runs>0 1 2 12 3 8 12 9 12 3 22</runs>
            <runs>4 10 7 5 12 9 11 4 22</runs>
            <runs>6 5 10 5 12 9 10 5 22</runs>
            <runs>21 6 16 4 8 7 22</runs>
            <runs>21 6 16 4 7 8 22</runs>
            <runs>21 6 12 8 6 9 22</runs>
            <runs>21 6 11 9 5 10 22</runs>
            <runs>21 7 10 8 4 11 23</runs>
            <runs>17 11 10 8 3 11 24</runs>
            <runs>17 10 11 9 1 10 26</runs>
            <runs>16 11 10 20 11 2 14</runs>
            <runs>15 11 10 38 6</runs>
            <runs>0 3 10 13 9 40 4</runs>
            <runs>0 6 4 14 10 41 3</runs>
            <runs>0 19 14 42 3</runs>
            <runs>0 19 13 43 3</runs>
            <runs>0 19 10 47 1</runs>
        </run-table>
    </sample>
</samples>
