<?xml version="1.0" encoding="UTF-8" standalone="yes"?>
<samples sheet-name="IMSLP00450#8">
    <sample shape="F_CLEF" interline="19" pitch="-1.5" left="82" top="2575" id="485">
        <run-table orientation="VERTICAL" width="53" height="61">
            <runs>0 13 9 33 1</runs>
            <runs>0 11 13 31 1</runs>
            <runs>0 8 18 29 1</runs>
            <runs>0 7 20 28 1</runs>
            <runs>0 6 6 1 14 27 2</runs>
            <runs>0 5 5 3 15 26 2</runs>
            <runs>0 1 8 4 15 25 3</runs>
            <runs>0 4 3 5 17 24 8</runs>
            <runs>0 4 2 6 17 23 9</runs>
            <runs>0 4 2 6 17 23 9</runs>
            <runs>0 4 2 6 17 23 9</runs>
            <runs>0 4 1 7 17 22 10</runs>
            <runs>0 12 17 22 4</runs>
            <runs>0 12 17 21 4</runs>
            <runs>0 12 16 21 5</runs>
            <runs>0 13 15 20 6</runs>
            <runs>0 14 13 21 6</runs>
            <runs>0 15 12 20 6</runs>
            <runs>0 16 10 21 5</runs>
            <runs>0 46 6</runs>
            <runs>0 46 5</runs>
            <runs>0 44 7</runs>
            <runs>0 43 7</runs>
            <runs>0 42 8</runs>
            <runs>0 38 11</runs>
            <runs>0 38 10</runs>
            <runs>0 35 13</runs>
            <runs>0 6 1 27 13</runs>
            <runs>9 20 17</runs>
            <runs>12 7 26</runs>
            <runs>45</runs>
            <runs>44</runs>
            <runs>0 1 42</runs>
            <runs>42</runs>
            <runs>0 4 37</runs>
            <runs>0 5 36</runs>
            <runs>0 6 35</runs>
            <runs>0 6 30</runs>
            <runs>0 7 28</runs>
            <runs>0 9 24</runs>
            <runs>0 11 20</runs>
            <runs>0 12 16</runs>
            <runs></runs>
            <runs></runs>
            <runs></runs>
            <runs>0 12 2 15 4</runs>
            <runs>0 11 5 12 6</runs>
            <runs>0 10 7 10 8</runs>
            <runs>0 10 7 10 8</runs>
            <runs>0 10 7 10 8</runs>
            <runs>0 10 7 11 6</runs>
            <runs>0 10 7 12 4</runs>
            <runs>0 11 4</runs>
        </run-table>
    </sample>
</samples>
