<?xml version="1.0" encoding="UTF-8" standalone="yes"?>
<samples sheet-name="IMSLP00080#2">
    <sample shape="G_CLEF" interline="14" pitch="0.6" left="291" top="255" id="617">
        <run-table orientation="VERTICAL" width="41" height="102">
            <runs>0 48 18</runs>
            <runs>0 48 18</runs>
            <runs>0 47 20</runs>
            <runs>0 46 23</runs>
            <runs>0 44 26</runs>
            <runs>0 42 30</runs>
            <runs>0 40 33</runs>
            <runs>0 39 35 15 6</runs>
            <runs>0 33 25 9 13 8 9</runs>
            <runs>0 33 22 14 11 7 12</runs>
            <runs>0 33 20 18 9 6 14</runs>
            <runs>0 33 19 20 8 5 15</runs>
            <runs>0 32 19 22 7 5 16</runs>
            <runs>0 31 20 8 7 19 17</runs>
            <runs>0 14 2 14 21 5 13 16 17</runs>
            <runs>0 11 41 1 18 14 17</runs>
            <runs>0 9 36 2 26 12 17</runs>
            <runs>0 7 37 4 18 2 5 12 17</runs>
            <runs>0 6 38 4 18 3 4 13 12 1 3</runs>
            <runs>0 4 19 1 23 1 12 11 1 15 10 2 3</runs>
            <runs>0 4 10 6 39 28 9 3 3</runs>
            <runs>0 2 11 7 39 30 5 5 3</runs>
            <runs>0 1 11 8 17 7 15 40 3</runs>
            <runs>11 9 17 10 19 33 3</runs>
            <runs>10 9 18 10 20 31 3</runs>
            <runs>9 9 19 10 25 26 3</runs>
            <runs>0 1 9 3 24 10 10 4 19 17 4</runs>
            <runs>0 3 26 18 10 5 19 14 5</runs>
            <runs>0 5 23 19 10 12 14 10 6</runs>
            <runs>0 8 18 21 10 15 26</runs>
            <runs>0 13 10 25 10 16 22</runs>
            <runs>0 15 7 26 11 28 6</runs>
            <runs>0 48 12</runs>
            <runs>0 48 17 7 7</runs>
            <runs>0 48 18 4 9</runs>
            <runs>0 48 18 3 5</runs>
            <runs>0 48 25</runs>
            <runs>0 48 25</runs>
            <runs>0 53 19</runs>
            <runs>0 55 15</runs>
            <runs>0 57 10</runs>
        </run-table>
    </sample>
    <sample shape="G_CLEF" interline="14" pitch="0.6" left="294" top="393" id="632">
        <run-table orientation="VERTICAL" width="40" height="100">
            <runs>0 50 13</runs>
            <runs>0 44 21</runs>
            <runs>0 44 23</runs>
            <runs>0 43 26</runs>
            <runs>0 41 29</runs>
            <runs>0 40 36</runs>
            <runs>0 39 24 2 11 10 9</runs>
            <runs>0 36 21 11 8 9 11</runs>
            <runs>0 30 24 15 7 8 13</runs>
            <runs>0 30 23 30 15</runs>
            <runs>0 30 21 32 16</runs>
            <runs>0 30 19 34 16</runs>
            <runs>0 30 18 8 10 17 17</runs>
            <runs>0 29 19 5 15 15 17</runs>
            <runs>0 29 19 3 19 13 17</runs>
            <runs>0 24 2 1 21 2 21 12 13 1 3</runs>
            <runs>0 13 49 4 5 12 13 1 3</runs>
            <runs>0 10 52 22 12 2 2</runs>
            <runs>0 8 34 2 18 23 9</runs>
            <runs>0 6 14 4 38 24 7 5 2</runs>
            <runs>0 5 15 3 39 36 2</runs>
            <runs>0 4 16 2 17 1 22 36 2</runs>
            <runs>0 3 10 4 20 7 19 35 2</runs>
            <runs>0 2 10 5 19 9 21</runs>
            <runs>0 1 10 5 19 10 11 2 20 18 2</runs>
            <runs>10 6 18 11 11 9 13 17 3</runs>
            <runs>9 7 18 11 11 14 9 16 3</runs>
            <runs>8 7 20 10 11 16 10</runs>
            <runs>8 6 15 16 12 16 14</runs>
            <runs>0 1 8 3 15 18 12 21 10</runs>
            <runs>0 4 5 1 15 20 17</runs>
            <runs>0 10 11 24 17</runs>
            <runs>0 45 17 7 7</runs>
            <runs>0 45 18 5 8</runs>
            <runs>0 49 15 2 10</runs>
            <runs>0 50 26</runs>
            <runs>0 51 20</runs>
            <runs>0 53 16</runs>
            <runs>0 55 12</runs>
            <runs>0 57 7</runs>
        </run-table>
    </sample>
    <sample shape="G_CLEF" interline="14" pitch="0.6" left="293" top="519" id="665">
        <run-table orientation="VERTICAL" width="40" height="102">
            <runs>0 46 19</runs>
            <runs>0 46 21</runs>
            <runs>0 46 22</runs>
            <runs>0 44 26</runs>
            <runs>0 42 29</runs>
            <runs>0 40 32 16 7</runs>
            <runs>0 39 39 8 11</runs>
            <runs>0 38 19 10 11 7 13</runs>
            <runs>0 32 23 14 9 7 14</runs>
            <runs>0 32 21 17 8 6 16</runs>
            <runs>0 32 19 32 17</runs>
            <runs>0 31 19 33 18</runs>
            <runs>0 31 19 6 10 17 18</runs>
            <runs>0 30 20 3 15 15 18</runs>
            <runs>0 29 21 2 18 13 18</runs>
            <runs>0 14 58 12 18</runs>
            <runs>0 11 34 2 25 12 18</runs>
            <runs>0 8 36 3 18 4 3 13 11 1 5</runs>
            <runs>0 7 52 28 8 2 4</runs>
            <runs>0 6 16 1 35 30 5 4 4</runs>
            <runs>0 5 11 3 40 39 3</runs>
            <runs>0 3 11 5 21 1 18 38 4</runs>
            <runs>0 2 11 6 19 8 19 32 4</runs>
            <runs>0 1 11 7 18 9 22 29 3</runs>
            <runs>0 1 10 7 19 9 33 17 4</runs>
            <runs>10 7 19 11 11 2 20 13 6</runs>
            <runs>10 6 20 11 11 8 18 8 6</runs>
            <runs>0 1 8 6 15 17 11 15 24</runs>
            <runs>0 2 27 18 11 16 21</runs>
            <runs>0 3 24 20 11 25 1 3 5</runs>
            <runs>0 6 18 23 11</runs>
            <runs>0 12 10 25 12</runs>
            <runs>0 47 17 7 7</runs>
            <runs>0 47 18 5 8</runs>
            <runs>0 47 19 1 6</runs>
            <runs>0 47 25</runs>
            <runs>0 51 20</runs>
            <runs>0 53 17</runs>
            <runs>0 55 13</runs>
            <runs>0 58 8</runs>
        </run-table>
    </sample>
    <sample shape="G_CLEF" interline="14" pitch="0.5" left="297" top="809" id="712">
        <run-table orientation="VERTICAL" width="41" height="100">
            <runs>0 54 10</runs>
            <runs>0 46 19</runs>
            <runs>0 45 21</runs>
            <runs>0 42 26</runs>
            <runs>0 41 28</runs>
            <runs>0 39 32 17 6</runs>
            <runs>0 37 35 14 10</runs>
            <runs>0 32 25 9 7 12 12</runs>
            <runs>0 32 22 13 11 6 14</runs>
            <runs>0 32 19 18 9 5 15</runs>
            <runs>0 31 19 21 7 5 16</runs>
            <runs>0 31 19 33 17</runs>
            <runs>0 30 19 33 18</runs>
            <runs>0 29 20 7 10 16 18</runs>
            <runs>0 27 22 4 15 14 18</runs>
            <runs>0 13 31 2 24 13 17</runs>
            <runs>0 10 33 3 25 12 17</runs>
            <runs>0 7 35 4 18 4 3 13 11 2 3</runs>
            <runs>0 6 52 27 9 3 3</runs>
            <runs>0 5 53 28 7 4 3</runs>
            <runs>0 4 11 3 40 39 3</runs>
            <runs>0 3 11 4 19 8 13 39 3</runs>
            <runs>0 2 10 6 18 10 12 38 4</runs>
            <runs>0 1 10 7 18 10 12 38 3</runs>
            <runs>9 9 18 10 11 9 6 23 4</runs>
            <runs>9 8 14 15 11 8 13 15 5</runs>
            <runs>8 7 15 16 10 10 16 9 7</runs>
            <runs>7 6 16 17 10 13 27</runs>
            <runs>8 4 15 19 10 18 21</runs>
            <runs>0 3 5 4 14 21 10 26 6</runs>
            <runs>0 6 2 4 12 23 10</runs>
            <runs>0 13 9 25 11</runs>
            <runs>0 47 17 7 7</runs>
            <runs>0 47 17 6 8</runs>
            <runs>0 47 17 3 11</runs>
            <runs>0 47 25</runs>
            <runs>0 47 24</runs>
            <runs>0 53 17</runs>
            <runs>0 55 13</runs>
            <runs>0 56 11</runs>
            <runs>0 59 7</runs>
        </run-table>
    </sample>
    <sample shape="G_CLEF" interline="14" pitch="0.4" left="293" top="930" id="714">
        <run-table orientation="VERTICAL" width="41" height="101">
            <runs>0 54 3</runs>
            <runs>0 47 19</runs>
            <runs>0 46 20</runs>
            <runs>0 44 24</runs>
            <runs>0 43 27</runs>
            <runs>0 40 31 16 8</runs>
            <runs>0 39 33 14 10</runs>
            <runs>0 33 40 12 13</runs>
            <runs>0 33 22 12 7 10 14</runs>
            <runs>0 33 20 16 10 4 16</runs>
            <runs>0 33 19 19 8 4 17</runs>
            <runs>0 33 18 20 8 4 17</runs>
            <runs>0 31 20 21 7 3 19</runs>
            <runs>0 31 20 4 11 16 19</runs>
            <runs>0 30 21 2 15 15 18</runs>
            <runs>0 29 17 1 23 13 18</runs>
            <runs>0 18 7 2 18 3 23 13 12 1 4</runs>
            <runs>0 11 33 4 13 1 9 13 11 2 4</runs>
            <runs>0 10 33 4 13 25 8 5 3</runs>
            <runs>0 8 36 3 11 29 5 6 3</runs>
            <runs>0 6 16 1 35 39 4</runs>
            <runs>0 5 11 3 38 40 4</runs>
            <runs>0 4 11 4 18 3 18 39 4</runs>
            <runs>0 3 10 6 18 7 16 36 4</runs>
            <runs>0 2 10 7 18 9 14 1 9 25 5</runs>
            <runs>0 1 10 7 19 9 14 1 18 15 5</runs>
            <runs>10 8 14 14 10 5 21 2 1 7 6</runs>
            <runs>9 8 14 15 10 12 29</runs>
            <runs>9 7 15 15 10 17 22</runs>
            <runs>8 7 12 19 11 16 20</runs>
            <runs>0 1 8 4 13 20 11 16 6</runs>
            <runs>0 2 7 3 12 23 11 14 7</runs>
            <runs>0 6 3 2 12 24 12 12 9</runs>
            <runs>0 48 18 4 4</runs>
            <runs>0 48 18 2 6</runs>
            <runs>0 48 25</runs>
            <runs>0 48 24</runs>
            <runs>0 48 23</runs>
            <runs>0 48 21</runs>
            <runs>0 54 14</runs>
            <runs>0 57 9</runs>
        </run-table>
    </sample>
    <sample shape="G_CLEF" interline="14" pitch="0.6" left="300" top="1325" id="736">
        <run-table orientation="VERTICAL" width="40" height="102">
            <runs>0 51 14</runs>
            <runs>0 46 19</runs>
            <runs>0 46 22</runs>
            <runs>0 44 26</runs>
            <runs>0 43 29 15 8</runs>
            <runs>0 41 31 14 11</runs>
            <runs>0 40 24 2 12 7 13</runs>
            <runs>0 39 20 8 11 7 14</runs>
            <runs>0 37 18 14 9 6 16</runs>
            <runs>0 32 21 18 7 6 16</runs>
            <runs>0 32 20 20 2 9 18</runs>
            <runs>0 32 18 33 18</runs>
            <runs>0 32 18 33 18</runs>
            <runs>0 32 18 5 12 17 17</runs>
            <runs>0 30 20 3 17 14 13 1 3</runs>
            <runs>0 29 21 1 21 12 12 2 3</runs>
            <runs>0 17 10 1 17 2 18 4 3 13 10 3 4</runs>
            <runs>0 14 30 3 17 22 8 4 4</runs>
            <runs>0 12 31 4 12 29 5 5 4</runs>
            <runs>0 10 49 39 3</runs>
            <runs>0 8 15 1 34 39 4</runs>
            <runs>0 7 15 1 35 39 4</runs>
            <runs>0 6 10 2 20 7 14 37 4</runs>
            <runs>0 4 10 5 18 10 18 1 2 27 5</runs>
            <runs>0 3 10 6 17 11 11 2 19 16 4</runs>
            <runs>0 3 9 6 18 11 10 4 22 10 5</runs>
            <runs>0 2 9 7 18 11 10 13 27</runs>
            <runs>0 1 9 8 18 11 10 18 20</runs>
            <runs>9 9 12 17 11 27 2</runs>
            <runs>9 7 13 18 11</runs>
            <runs>0 1 8 6 12 20 12</runs>
            <runs>0 4 6 2 12 23 17</runs>
            <runs>0 8 15 24 18 7 1</runs>
            <runs>0 14 3 30 17 5 9</runs>
            <runs>0 47 27</runs>
            <runs>0 47 26</runs>
            <runs>0 52 20</runs>
            <runs>0 54 18</runs>
            <runs>0 55 16</runs>
            <runs>0 57 12</runs>
        </run-table>
    </sample>
    <sample shape="G_CLEF" interline="14" pitch="0.7" left="308" top="1960" id="890">
        <run-table orientation="VERTICAL" width="41" height="102">
            <runs>0 54 12</runs>
            <runs>0 47 19</runs>
            <runs>0 47 21</runs>
            <runs>0 45 25</runs>
            <runs>0 44 27</runs>
            <runs>0 42 30</runs>
            <runs>0 41 33 14 8</runs>
            <runs>0 39 27 1 12 8 10</runs>
            <runs>0 33 23 13 10 7 13</runs>
            <runs>0 33 22 15 9 6 15</runs>
            <runs>0 33 20 19 7 6 16</runs>
            <runs>0 33 18 22 2 9 17</runs>
            <runs>0 33 17 34 18</runs>
            <runs>0 32 18 6 12 16 18</runs>
            <runs>0 31 19 4 15 15 18</runs>
            <runs>0 30 20 3 18 13 18</runs>
            <runs>0 16 30 6 20 13 13 1 3</runs>
            <runs>0 11 33 4 18 4 2 13 12 2 3</runs>
            <runs>0 9 34 5 12 26 10 3 3</runs>
            <runs>0 7 15 3 19 4 11 28 8 4 3</runs>
            <runs>0 6 11 7 34 31 3 7 3</runs>
            <runs>0 5 10 5 38 41 3</runs>
            <runs>0 4 10 6 18 7 14 39 4</runs>
            <runs>0 3 10 6 18 10 19 32 4</runs>
            <runs>0 2 9 8 18 10 19 32 3</runs>
            <runs>0 2 8 9 18 10 11 3 18 18 4</runs>
            <runs>0 1 8 9 19 10 10 11 12 16 4</runs>
            <runs>9 8 14 16 10 16 7 15 4</runs>
            <runs>0 1 8 7 13 18 10 17 14 3 7</runs>
            <runs>0 2 7 6 12 20 10 17 23</runs>
            <runs>0 2 24 22 9 16 6 1 15</runs>
            <runs>0 4 20 24 11 14 6</runs>
            <runs>0 8 14 26 17 7 7</runs>
            <runs>0 13 2 33 18 4 9</runs>
            <runs>0 48 19 1 11</runs>
            <runs>0 48 31</runs>
            <runs>0 48 25</runs>
            <runs>0 52 20</runs>
            <runs>0 53 18</runs>
            <runs>0 55 14</runs>
            <runs>0 57 9</runs>
        </run-table>
    </sample>
    <sample shape="G_CLEF" interline="14" pitch="0.4" left="311" top="2100" id="897">
        <run-table orientation="VERTICAL" width="41" height="103">
            <runs>0 49 18</runs>
            <runs>0 48 19</runs>
            <runs>0 47 22</runs>
            <runs>0 45 26</runs>
            <runs>0 43 29 18 3</runs>
            <runs>0 41 32 15 8</runs>
            <runs>0 40 34 12 12</runs>
            <runs>0 36 23 4 12 11 13</runs>
            <runs>0 36 21 14 5 9 15</runs>
            <runs>0 36 18 18 5 8 15</runs>
            <runs>0 35 19 19 9 2 17</runs>
            <runs>0 34 19 21 8 2 18</runs>
            <runs>0 33 20 6 8 8 7 2 18</runs>
            <runs>0 32 21 4 10 8 7 2 18</runs>
            <runs>0 31 16 7 16 15 18</runs>
            <runs>0 18 1 11 16 3 21 15 13 1 4</runs>
            <runs>0 14 12 2 17 4 19 17 12 2 4</runs>
            <runs>0 13 31 5 13 24 11 2 3</runs>
            <runs>0 11 32 6 12 26 8 4 3</runs>
            <runs>0 10 10 1 23 5 11 29 5 5 3</runs>
            <runs>0 8 10 3 38 40 3</runs>
            <runs>0 6 9 6 18 5 15 40 3</runs>
            <runs>0 5 9 7 17 9 13 38 4</runs>
            <runs>0 4 9 8 17 9 20 31 3</runs>
            <runs>0 2 10 9 17 9 11 1 12 26 4</runs>
            <runs>0 1 10 9 14 13 11 5 12 21 4</runs>
            <runs>10 8 14 15 11 12 12 12 6</runs>
            <runs>0 1 9 7 14 16 11 13 17 4 7</runs>
            <runs>0 1 8 7 15 17 10 18 22</runs>
            <runs>0 2 8 4 15 19 10 18 6 1 12</runs>
            <runs>0 5 22 21 11 16 7</runs>
            <runs>0 7 18 24 11 14 8</runs>
            <runs>0 12 7 30 12 12 4</runs>
            <runs>0 49 19 2 6</runs>
            <runs>0 49 26</runs>
            <runs>0 49 25</runs>
            <runs>0 49 24</runs>
            <runs>0 49 23</runs>
            <runs>0 50 21</runs>
            <runs>0 56 12</runs>
            <runs>0 61 2</runs>
        </run-table>
    </sample>
    <sample shape="G_CLEF" interline="14" pitch="0.3" left="312" top="2235" id="904">
        <run-table orientation="VERTICAL" width="40" height="101">
            <runs>0 47 17</runs>
            <runs>0 46 19</runs>
            <runs>0 45 22</runs>
            <runs>0 43 26</runs>
            <runs>0 42 28 16 8</runs>
            <runs>0 40 31 13 11</runs>
            <runs>0 39 33 12 13</runs>
            <runs>0 37 21 8 7 10 15</runs>
            <runs>0 33 21 15 5 9 15</runs>
            <runs>0 33 19 18 9 3 17</runs>
            <runs>0 33 18 20 8 3 17</runs>
            <runs>0 32 19 21 1 9 18</runs>
            <runs>0 32 19 31 19</runs>
            <runs>0 31 20 7 2 22 19</runs>
            <runs>0 30 21 3 12 17 13 1 4</runs>
            <runs>0 29 22 1 18 13 12 3 3</runs>
            <runs>0 28 17 2 17 4 2 14 10 4 3</runs>
            <runs>0 27 16 4 17 21 8 5 3</runs>
            <runs>0 14 29 4 11 30 3 7 3</runs>
            <runs>0 11 31 5 11 40 3</runs>
            <runs>0 9 13 1 35 40 3</runs>
            <runs>0 7 10 6 34 41 2</runs>
            <runs>0 6 10 2 19 6 14 40 2</runs>
            <runs>0 5 9 5 17 9 19 32 3</runs>
            <runs>0 4 9 6 17 9 19 31 4</runs>
            <runs>0 3 9 6 18 9 11 38 4</runs>
            <runs>0 1 10 7 18 10 10 36 5</runs>
            <runs>10 8 18 10 10 32 3 2 1</runs>
            <runs>9 8 14 15 11 32 2</runs>
            <runs>9 7 12 18 11</runs>
            <runs>0 1 8 6 12 20 10</runs>
            <runs>0 2 8 2 14 21 11 14 7</runs>
            <runs>0 3 7 1 12 24 12 13 7</runs>
            <runs>0 5 5 1 11 25 17 6 4</runs>
            <runs>0 13 9 25 26</runs>
            <runs>0 47 25</runs>
            <runs>0 47 24</runs>
            <runs>0 47 23</runs>
            <runs>0 52 17</runs>
            <runs>0 54 13</runs>
        </run-table>
    </sample>
    <sample shape="G_CLEF" interline="14" pitch="0.6" left="313" top="2529" id="936">
        <run-table orientation="VERTICAL" width="41" height="102">
            <runs>0 52 1 3 8</runs>
            <runs>0 46 19</runs>
            <runs>0 46 21</runs>
            <runs>0 46 23</runs>
            <runs>0 43 27</runs>
            <runs>0 40 32</runs>
            <runs>0 39 34 15 7</runs>
            <runs>0 38 41 8 9</runs>
            <runs>0 33 23 13 10 7 12</runs>
            <runs>0 33 21 16 9 6 14</runs>
            <runs>0 33 19 19 8 5 16</runs>
            <runs>0 33 18 33 16</runs>
            <runs>0 32 18 33 18</runs>
            <runs>0 32 18 8 7 18 18</runs>
            <runs>0 30 20 3 14 16 18</runs>
            <runs>0 15 11 2 22 1 19 13 18</runs>
            <runs>0 12 32 2 19 2 5 12 17</runs>
            <runs>0 9 34 3 18 5 3 12 13 2 3</runs>
            <runs>0 8 15 1 19 3 14 25 12 2 3</runs>
            <runs>0 6 11 7 35 27 10 3 3</runs>
            <runs>0 5 10 9 34 32 2 7 3</runs>
            <runs>0 4 9 5 20 4 16 40 4</runs>
            <runs>0 3 9 6 19 8 13 40 3</runs>
            <runs>0 2 9 7 18 10 19 33 3</runs>
            <runs>0 1 9 8 19 8 12 2 8 31 2</runs>
            <runs>9 8 20 9 10 5 10 26 3</runs>
            <runs>9 7 20 10 10 5 18 17 3</runs>
            <runs>10 4 16 16 10 12 13 13 4</runs>
            <runs>0 1 27 18 11 16 12 5 7</runs>
            <runs>0 3 23 20 11 17 21</runs>
            <runs>0 5 19 22 12 28 7</runs>
            <runs>0 8 14 24 12</runs>
            <runs>0 46 14 12 7</runs>
            <runs>0 46 18 6 9</runs>
            <runs>0 46 18 4 10</runs>
            <runs>0 46 32</runs>
            <runs>0 46 27</runs>
            <runs>0 52 20</runs>
            <runs>0 53 18</runs>
            <runs>0 54 15</runs>
            <runs>0 57 8</runs>
        </run-table>
    </sample>
    <sample shape="G_CLEF" interline="14" pitch="0.4" left="315" top="2680" id="943">
        <run-table orientation="VERTICAL" width="41" height="101">
            <runs>0 47 18</runs>
            <runs>0 47 20</runs>
            <runs>0 46 22</runs>
            <runs>0 44 25 23 1</runs>
            <runs>0 42 28 16 10</runs>
            <runs>0 40 32 13 12</runs>
            <runs>0 39 34 11 14</runs>
            <runs>0 38 22 2 12 10 15</runs>
            <runs>0 38 18 13 6 9 15</runs>
            <runs>0 34 20 17 9 4 16</runs>
            <runs>0 34 18 20 8 3 17</runs>
            <runs>0 33 19 21 7 3 17</runs>
            <runs>0 32 19 8 2 22 18</runs>
            <runs>0 31 20 6 9 17 18</runs>
            <runs>0 30 21 2 16 14 18</runs>
            <runs>0 29 16 2 23 14 12 1 4</runs>
            <runs>0 28 17 2 18 4 2 14 11 3 2</runs>
            <runs>0 16 27 4 18 21 8 5 2</runs>
            <runs>0 12 30 5 13 27 4 8 2</runs>
            <runs>0 10 33 4 12 40 1</runs>
            <runs>0 8 15 1 34 39 4</runs>
            <runs>0 6 12 5 35 39 4</runs>
            <runs>0 5 12 2 19 6 16 36 4</runs>
            <runs>0 4 10 5 18 9 19 31 4</runs>
            <runs>0 3 10 6 18 9 24 25 4</runs>
            <runs>0 3 9 7 18 9 11 3 21 12 6</runs>
            <runs>0 2 9 8 18 9 11 4 25 5 7</runs>
            <runs>0 1 9 7 20 9 11 14 25</runs>
            <runs>10 6 15 15 12 16 20</runs>
            <runs>10 5 14 17 12 16 6 5 3</runs>
            <runs>0 1 10 2 15 19 12 14 7</runs>
            <runs>0 3 23 21 12 14 7</runs>
            <runs>0 5 19 23 18 6 9</runs>
            <runs>0 7 16 24 18 5 10</runs>
            <runs>0 47 27</runs>
            <runs>0 47 26</runs>
            <runs>0 47 25</runs>
            <runs>0 48 24</runs>
            <runs>0 52 18</runs>
            <runs>0 54 14</runs>
            <runs>0 57 8</runs>
        </run-table>
    </sample>
    <sample shape="C_CLEF" interline="14" left="306" top="1480" id="0">
        <run-table orientation="VERTICAL" width="38" height="63">
            <runs>0 7 13 1 2 3 8</runs>
            <runs>62</runs>
            <runs>63</runs>
            <runs>63</runs>
            <runs>63</runs>
            <runs>63</runs>
            <runs>0 1 61</runs>
            <runs>0 1 61</runs>
            <runs>0 1 62</runs>
            <runs>0 1 62</runs>
            <runs>0 1 23 2 15 11 10</runs>
            <runs>0 28 9</runs>
            <runs>0 28 9</runs>
            <runs>0 28 9</runs>
            <runs>0 27 11</runs>
            <runs>0 1 10 15 12 14 10</runs>
            <runs>0 1 10 15 13 12 11</runs>
            <runs>0 1 11 13 14 11 12</runs>
            <runs>0 1 11 12 16 10 12</runs>
            <runs>0 1 11 11 10 1 7 9 12</runs>
            <runs>12 10 11 2 6 10 11</runs>
            <runs>11 10 12 2 7 9 12</runs>
            <runs>0 21 12 2 12 6 3</runs>
            <runs>0 23 6 1 17</runs>
            <runs>0 24 5 1 11</runs>
            <runs>0 25 12</runs>
            <runs>0 25 11</runs>
            <runs>0 25 11</runs>
            <runs>0 24 12</runs>
            <runs>0 23 14</runs>
            <runs>0 1 8 13 6 1 8</runs>
            <runs>0 1 27 1 9 15 9</runs>
            <runs>0 1 26 7 8 1 18</runs>
            <runs>0 5 21 9 26</runs>
            <runs>0 7 17 12 25</runs>
            <runs>0 9 14 14 24</runs>
            <runs>0 13 7 19 17</runs>
            <runs>0 40 13</runs>
        </run-table>
    </sample>
    <sample shape="C_CLEF" interline="14" left="318" top="2851" id="0">
        <run-table orientation="VERTICAL" width="38" height="63">
            <runs>0 1 27 1 33</runs>
            <runs>62</runs>
            <runs>62</runs>
            <runs>62</runs>
            <runs>62</runs>
            <runs>0 1 61</runs>
            <runs>0 1 49 1 11</runs>
            <runs>0 1 61</runs>
            <runs>0 1 61</runs>
            <runs>0 1 61</runs>
            <runs>0 1 7 3 9 8 10</runs>
            <runs>0 29 8</runs>
            <runs>0 28 10</runs>
            <runs>0 28 10</runs>
            <runs>0 27 11</runs>
            <runs>0 2 8 16 13 13 10</runs>
            <runs>0 2 9 14 14 12 11</runs>
            <runs>0 2 10 12 15 11 12</runs>
            <runs>0 1 11 11 17 10 12</runs>
            <runs>12 10 20 8 12</runs>
            <runs>11 10 21 8 12</runs>
            <runs>10 11 8 1 13 8 11</runs>
            <runs>9 12 8 1 13 9 4</runs>
            <runs>0 22 7 1 12</runs>
            <runs>0 24 5 1 11</runs>
            <runs>0 25 4 1 8</runs>
            <runs>0 25 4 1 7</runs>
            <runs>0 24 5 1 7</runs>
            <runs>0 24 5 2 6</runs>
            <runs>0 6 2 15 6 2 6 19 7</runs>
            <runs>0 2 26 3 7 16 9</runs>
            <runs>0 2 25 4 11 2 19</runs>
            <runs>0 2 24 4 33</runs>
            <runs>0 2 23 5 33</runs>
            <runs>0 7 17 11 28</runs>
            <runs>0 9 14 13 20</runs>
            <runs>0 38 16</runs>
            <runs>0 42 9</runs>
        </run-table>
    </sample>
    <sample shape="F_CLEF" interline="14" pitch="-1.7" left="288" top="674" id="694">
        <run-table orientation="VERTICAL" width="47" height="52">
            <runs>0 50 1</runs>
            <runs>0 49 3</runs>
            <runs>0 49 3</runs>
            <runs>0 49 3</runs>
            <runs>0 48 3</runs>
            <runs>0 11 8 24 8</runs>
            <runs>0 8 12 23 7</runs>
            <runs>0 6 15 22 7</runs>
            <runs>0 1 21 21 7</runs>
            <runs>0 1 21</runs>
            <runs>0 1 22</runs>
            <runs>0 1 22</runs>
            <runs>0 1 22</runs>
            <runs>0 1 23</runs>
            <runs>0 1 23</runs>
            <runs>0 7 16</runs>
            <runs>0 7 16 17 7</runs>
            <runs>0 8 14 17 8</runs>
            <runs>0 9 13 16 9</runs>
            <runs>0 10 11 15 11</runs>
            <runs>0 11 9 9 18</runs>
            <runs>0 13 2 14 18</runs>
            <runs>0 29 18</runs>
            <runs>0 28 13</runs>
            <runs>0 27 13</runs>
            <runs>9 13 18</runs>
            <runs>0 1 38</runs>
            <runs>0 1 37</runs>
            <runs>0 1 36</runs>
            <runs>0 1 35</runs>
            <runs>0 1 34</runs>
            <runs>0 1 33</runs>
            <runs>0 1 33</runs>
            <runs>0 1 32</runs>
            <runs>0 1 33</runs>
            <runs>0 6 21</runs>
            <runs>0 8 17</runs>
            <runs>0 10 12</runs>
            <runs></runs>
            <runs>0 7 3</runs>
            <runs>0 1 10 10 6</runs>
            <runs>0 1 11 8 7</runs>
            <runs>0 1 11 8 8</runs>
            <runs>0 1 11 8 8</runs>
            <runs>0 1 11 8 8</runs>
            <runs>0 1 11 9 6</runs>
            <runs>0 1 10 11 4</runs>
        </run-table>
    </sample>
    <sample shape="F_CLEF" interline="14" pitch="-1.8" left="317" top="3010" id="1001">
        <run-table orientation="VERTICAL" width="44" height="50">
            <runs>0 11 7</runs>
            <runs>0 7 11 30 2</runs>
            <runs>0 6 13 29 2</runs>
            <runs>0 5 15 28 2</runs>
            <runs>0 1 21 25 3</runs>
            <runs>0 1 21 20 7</runs>
            <runs>23 19 7</runs>
            <runs>23</runs>
            <runs>0 1 22</runs>
            <runs>23</runs>
            <runs>0 7 16</runs>
            <runs>0 7 16</runs>
            <runs>0 8 15</runs>
            <runs>0 8 15</runs>
            <runs>0 10 12 17 7</runs>
            <runs>0 11 10 18 7</runs>
            <runs>0 13 7 16 10</runs>
            <runs>0 35 11</runs>
            <runs>0 33 13</runs>
            <runs>0 28 13</runs>
            <runs>7 21 12</runs>
            <runs>13 14 12</runs>
            <runs>19 3 16</runs>
            <runs>37</runs>
            <runs>37</runs>
            <runs>36</runs>
            <runs>35</runs>
            <runs>33</runs>
            <runs>32</runs>
            <runs>32</runs>
            <runs>0 1 31</runs>
            <runs>0 5 27</runs>
            <runs>0 8 18</runs>
            <runs>0 10 14</runs>
            <runs>0 1 7 5 9</runs>
            <runs>0 1 8</runs>
            <runs>0 1 9 10 4</runs>
            <runs>0 1 10 8 6</runs>
            <runs>0 1 10 3 11</runs>
            <runs>11 3 11</runs>
            <runs>10 4 11</runs>
            <runs>9 5 11</runs>
            <runs>0 14 11</runs>
            <runs>0 14 10</runs>
        </run-table>
    </sample>
    <sample shape="FLAT" interline="14" pitch="-1.0" left="335" top="275" id="794">
        <run-table orientation="VERTICAL" width="14" height="39">
            <runs>25</runs>
            <runs>34 2 2</runs>
            <runs>33 3 3</runs>
            <runs>0 23 10 3 3</runs>
            <runs>0 21 10 4 3</runs>
            <runs>0 20 5 8 4</runs>
            <runs>0 20 5 3 7</runs>
            <runs>0 20 6 2 7</runs>
            <runs>0 20 14</runs>
            <runs>0 20 13</runs>
            <runs>0 20 13</runs>
            <runs>0 21 11</runs>
            <runs>0 21 10</runs>
            <runs>0 22 9</runs>
        </run-table>
    </sample>
    <sample shape="FLAT" interline="14" pitch="-4.0" left="348" top="256" id="801">
        <run-table orientation="VERTICAL" width="15" height="36">
            <runs>0 7 2</runs>
            <runs>15</runs>
            <runs>27</runs>
            <runs>0 14 13</runs>
            <runs>0 19 7</runs>
            <runs></runs>
            <runs></runs>
            <runs>0 30 1</runs>
            <runs>0 27 9</runs>
            <runs>0 19 13</runs>
            <runs>0 18 13</runs>
            <runs>0 18 12</runs>
            <runs>0 19 10</runs>
            <runs>0 19 10</runs>
            <runs>0 19 8</runs>
        </run-table>
    </sample>
    <sample shape="FLAT" interline="14" pitch="0.4" left="365" top="283" id="797">
        <run-table orientation="VERTICAL" width="15" height="39">
            <runs>0 1 12</runs>
            <runs>28 1 9</runs>
            <runs>39</runs>
            <runs>0 1 3 8 4 3 19</runs>
            <runs>0 19 10 1 8</runs>
            <runs>0 19 7 6 6</runs>
            <runs>0 31 7</runs>
            <runs>0 29 9</runs>
            <runs>0 18 20</runs>
            <runs>0 18 20</runs>
            <runs>0 19 19</runs>
            <runs>0 19 19</runs>
            <runs>0 19 19</runs>
            <runs>0 19 18</runs>
            <runs>0 20 9</runs>
        </run-table>
    </sample>
    <sample shape="FLAT" interline="14" pitch="-2.6" left="382" top="263" id="798">
        <run-table orientation="VERTICAL" width="15" height="38">
            <runs>0 1 2</runs>
            <runs>8</runs>
            <runs>30</runs>
            <runs>0 7 25 2 4</runs>
            <runs>0 19 13 1 5</runs>
            <runs>0 20 10 4 3</runs>
            <runs>0 20 10 3 3</runs>
            <runs>0 19 5 8 3</runs>
            <runs>0 19 5 2 8</runs>
            <runs>0 19 15</runs>
            <runs>0 19 14</runs>
            <runs>0 19 13</runs>
            <runs>0 19 12</runs>
            <runs>0 20 10</runs>
            <runs>0 21 9</runs>
        </run-table>
    </sample>
    <sample shape="FLAT" interline="14" pitch="-0.8" left="337" top="410" id="811">
        <run-table orientation="VERTICAL" width="14" height="40">
            <runs>21 2 8</runs>
            <runs>31 5 4</runs>
            <runs>31 5 4</runs>
            <runs>0 22 9 5 3</runs>
            <runs>0 22 9 5 2</runs>
            <runs>0 22 4 7 3</runs>
            <runs>0 21 5 2 8</runs>
            <runs>0 21 14</runs>
            <runs>0 20 15</runs>
            <runs>0 20 14</runs>
            <runs>0 21 12</runs>
            <runs>0 21 12</runs>
            <runs>0 22 10</runs>
            <runs>0 23 8</runs>
        </run-table>
    </sample>
    <sample shape="FLAT" interline="14" pitch="-3.6" left="351" top="393" id="808">
        <run-table orientation="VERTICAL" width="15" height="37">
            <runs>26</runs>
            <runs>37</runs>
            <runs>0 3 34</runs>
            <runs>0 16 10</runs>
            <runs>0 17 7</runs>
            <runs>0 17 6</runs>
            <runs>0 17 6 5 2</runs>
            <runs>0 17 7 3 7</runs>
            <runs>0 17 17</runs>
            <runs>0 17 18</runs>
            <runs>0 17 18</runs>
            <runs>0 17 12</runs>
            <runs>0 17 11</runs>
            <runs>0 17 10</runs>
            <runs>0 22 3</runs>
        </run-table>
    </sample>
    <sample shape="FLAT" interline="14" pitch="0.2" left="367" top="420" id="809">
        <run-table orientation="VERTICAL" width="16" height="36">
            <runs>0 2 11</runs>
            <runs>27</runs>
            <runs>29</runs>
            <runs>0 1 27</runs>
            <runs>0 2 25</runs>
            <runs>0 18 8</runs>
            <runs>0 18 6</runs>
            <runs>0 18 6 6 1</runs>
            <runs>0 18 17</runs>
            <runs>0 18 17</runs>
            <runs>0 18 17</runs>
            <runs>0 18 17</runs>
            <runs>0 18 17</runs>
            <runs>0 18 18</runs>
            <runs>0 18 12</runs>
            <runs>0 18 10</runs>
        </run-table>
    </sample>
    <sample shape="FLAT" interline="14" pitch="-2.7" left="382" top="397" id="810">
        <run-table orientation="VERTICAL" width="14" height="38">
            <runs>0 3 2</runs>
            <runs>0 1 37</runs>
            <runs>38</runs>
            <runs>0 1 37</runs>
            <runs>0 21 10 2 5</runs>
            <runs>0 20 16</runs>
            <runs>0 20 5 1 9</runs>
            <runs>0 19 5 2 9</runs>
            <runs>0 19 16</runs>
            <runs>0 19 15</runs>
            <runs>0 19 14</runs>
            <runs>0 19 13</runs>
            <runs>0 20 11</runs>
            <runs>0 20 11</runs>
        </run-table>
    </sample>
    <sample shape="FLAT" interline="14" pitch="-1.1" left="337" top="537" id="817">
        <run-table orientation="VERTICAL" width="15" height="40">
            <runs>20</runs>
            <runs>39</runs>
            <runs>0 1 39</runs>
            <runs>0 1 38</runs>
            <runs>0 21 11 2 4</runs>
            <runs>0 20 6 7 4</runs>
            <runs>0 20 5 4 7</runs>
            <runs>0 20 5 3 7</runs>
            <runs>0 20 14</runs>
            <runs>0 20 13</runs>
            <runs>0 20 13</runs>
            <runs>0 20 12</runs>
            <runs>0 21 11</runs>
            <runs>0 22 10</runs>
            <runs>0 24 8</runs>
        </run-table>
    </sample>
    <sample shape="FLAT" interline="14" pitch="-3.8" left="353" top="517" id="818">
        <run-table orientation="VERTICAL" width="13" height="38">
            <runs>0 1 27 3 7</runs>
            <runs>38</runs>
            <runs>38</runs>
            <runs>0 19 9 3 7</runs>
            <runs>0 31 7</runs>
            <runs>0 31 7</runs>
            <runs>0 29 9</runs>
            <runs>0 28 10</runs>
            <runs>0 18 14</runs>
            <runs>0 18 14</runs>
            <runs>0 19 12</runs>
            <runs>0 19 11</runs>
            <runs>0 19 9</runs>
        </run-table>
    </sample>
    <sample shape="FLAT" interline="14" pitch="1.1" left="339" top="690" id="822">
        <run-table orientation="VERTICAL" width="15" height="40">
            <runs>21</runs>
            <runs>39</runs>
            <runs>40</runs>
            <runs>0 8 32</runs>
            <runs>0 22 9 4 4</runs>
            <runs>0 22 9 3 4</runs>
            <runs>0 21 5 1 10</runs>
            <runs>0 21 5 1 9</runs>
            <runs>0 20 15</runs>
            <runs>0 20 14</runs>
            <runs>0 20 13</runs>
            <runs>0 21 11</runs>
            <runs>0 21 11</runs>
            <runs>0 22 9</runs>
            <runs>0 23 8</runs>
        </run-table>
    </sample>
    <sample shape="FLAT" interline="14" pitch="-1.5" left="354" top="674" id="823">
        <run-table orientation="VERTICAL" width="15" height="38">
            <runs>24</runs>
            <runs>36</runs>
            <runs>37</runs>
            <runs>0 1 8 1 28</runs>
            <runs>0 20 5 5 7</runs>
            <runs>0 20 4 11 1</runs>
            <runs>0 15 8</runs>
            <runs>0 15 9</runs>
            <runs>0 15 10 2 7</runs>
            <runs>0 15 18</runs>
            <runs>0 15 18</runs>
            <runs>0 15 18</runs>
            <runs>0 20 14</runs>
            <runs>0 21 7</runs>
            <runs>0 23 2</runs>
        </run-table>
    </sample>
    <sample shape="FLAT" interline="14" pitch="2.4" left="372" top="700" id="827">
        <run-table orientation="VERTICAL" width="15" height="37">
            <runs>22</runs>
            <runs>37</runs>
            <runs>37</runs>
            <runs>0 15 22</runs>
            <runs>0 17 8</runs>
            <runs></runs>
            <runs>0 29 7</runs>
            <runs>0 27 9</runs>
            <runs>0 17 19</runs>
            <runs>0 17 19</runs>
            <runs>0 17 19</runs>
            <runs>0 17 13</runs>
            <runs>0 17 12</runs>
            <runs>0 17 11</runs>
            <runs>0 17 8</runs>
        </run-table>
    </sample>
    <sample shape="FLAT" interline="14" pitch="-1.0" left="385" top="675" id="826">
        <run-table orientation="VERTICAL" width="15" height="41">
            <runs>20</runs>
            <runs>33</runs>
            <runs>40</runs>
            <runs>41</runs>
            <runs>0 12 2 6 1 3 17</runs>
            <runs>0 23 10 3 4</runs>
            <runs>0 23 10 2 4</runs>
            <runs>0 23 4 7 4</runs>
            <runs>0 22 5 1 9</runs>
            <runs>0 22 14</runs>
            <runs>0 22 14</runs>
            <runs>0 22 13</runs>
            <runs>0 22 12</runs>
            <runs>0 23 10</runs>
            <runs>0 24 9</runs>
        </run-table>
    </sample>
    <sample shape="FLAT" interline="14" pitch="-1.2" left="344" top="1206" id="833">
        <run-table orientation="VERTICAL" width="15" height="38">
            <runs>0 1 21 1 2</runs>
            <runs>32 5 1</runs>
            <runs>32 4 2</runs>
            <runs>0 6 12 4 10 4 2</runs>
            <runs>0 22 9 4 2</runs>
            <runs>0 21 4 8 3</runs>
            <runs>0 21 4 8 2</runs>
            <runs>0 20 6 2 7</runs>
            <runs>0 20 14</runs>
            <runs>0 20 13</runs>
            <runs>0 21 12</runs>
            <runs>0 21 11</runs>
            <runs>0 21 11</runs>
            <runs>0 22 9</runs>
            <runs>0 25 3</runs>
        </run-table>
    </sample>
    <sample shape="FLAT" interline="14" pitch="-4.0" left="358" top="1186" id="841">
        <run-table orientation="VERTICAL" width="16" height="38">
            <runs>0 5 4</runs>
            <runs>0 2 25</runs>
            <runs>30 1 7</runs>
            <runs>38</runs>
            <runs>0 24 2</runs>
            <runs></runs>
            <runs></runs>
            <runs>0 30 8</runs>
            <runs>0 29 9</runs>
            <runs>0 18 15</runs>
            <runs>0 18 14</runs>
            <runs>0 18 13</runs>
            <runs>0 19 12</runs>
            <runs>0 20 10</runs>
            <runs>0 20 9</runs>
            <runs>0 20 7</runs>
        </run-table>
    </sample>
    <sample shape="FLAT" interline="14" pitch="0.4" left="375" top="1217" id="839">
        <run-table orientation="VERTICAL" width="15" height="38">
            <runs>21</runs>
            <runs>37</runs>
            <runs>38</runs>
            <runs>0 1 12 1 15 1 8</runs>
            <runs>0 17 8 6 7</runs>
            <runs></runs>
            <runs></runs>
            <runs>0 16 8 2 9</runs>
            <runs>0 16 19</runs>
            <runs>0 17 18</runs>
            <runs>0 17 18</runs>
            <runs>0 16 19</runs>
            <runs>0 17 13</runs>
            <runs>0 18 10</runs>
            <runs>0 23 3</runs>
        </run-table>
    </sample>
    <sample shape="FLAT" interline="14" pitch="-2.9" left="389" top="1193" id="838">
        <run-table orientation="VERTICAL" width="15" height="39">
            <runs>0 2 15</runs>
            <runs>0 1 35</runs>
            <runs>37</runs>
            <runs>0 1 38</runs>
            <runs>0 1 3 18 17</runs>
            <runs>0 22 8 3 4</runs>
            <runs>0 21 4 8 3</runs>
            <runs>0 20 4 3 8</runs>
            <runs>0 20 5 1 9</runs>
            <runs>0 20 14</runs>
            <runs>0 20 13</runs>
            <runs>0 20 12</runs>
            <runs>0 20 12</runs>
            <runs>0 20 11</runs>
            <runs>0 21 10</runs>
        </run-table>
    </sample>
    <sample shape="FLAT" interline="14" pitch="-1.1" left="346" top="1343" id="847">
        <run-table orientation="VERTICAL" width="14" height="40">
            <runs>0 1 17</runs>
            <runs>33 3 4</runs>
            <runs>33 3 4</runs>
            <runs>18 5 10 3 4</runs>
            <runs>0 23 3 9 4</runs>
            <runs>0 22 3 4 8</runs>
            <runs>0 22 3 4 8</runs>
            <runs>0 22 4 3 7</runs>
            <runs>0 21 14</runs>
            <runs>0 21 14</runs>
            <runs>0 22 12</runs>
            <runs>0 22 11</runs>
            <runs>0 23 9</runs>
            <runs>0 24 8</runs>
        </run-table>
    </sample>
    <sample shape="FLAT" interline="14" pitch="-4.0" left="362" top="1323" id="855">
        <run-table orientation="VERTICAL" width="15" height="38">
            <runs>0 1 6 3 5</runs>
            <runs>38</runs>
            <runs>38</runs>
            <runs>0 20 7</runs>
            <runs></runs>
            <runs></runs>
            <runs>0 30 8</runs>
            <runs>0 28 5</runs>
            <runs>0 19 14</runs>
            <runs>0 19 13</runs>
            <runs>0 19 13</runs>
            <runs>0 19 12</runs>
            <runs>0 19 11</runs>
            <runs>0 20 9</runs>
            <runs>0 20 8</runs>
        </run-table>
    </sample>
    <sample shape="FLAT" interline="14" pitch="0.5" left="378" top="1355" id="850">
        <run-table orientation="VERTICAL" width="14" height="38">
            <runs>38</runs>
            <runs>38</runs>
            <runs>15 2 11 2 7</runs>
            <runs>0 17 8 9 2</runs>
            <runs>0 17 7</runs>
            <runs>0 17 6</runs>
            <runs>0 17 6 5 2</runs>
            <runs>0 17 17</runs>
            <runs>0 17 17</runs>
            <runs>0 17 17</runs>
            <runs>0 17 17</runs>
            <runs>0 17 17</runs>
            <runs>0 17 12</runs>
            <runs>0 22 6</runs>
        </run-table>
    </sample>
    <sample shape="FLAT" interline="14" pitch="-2.9" left="392" top="1330" id="854">
        <run-table orientation="VERTICAL" width="15" height="37">
            <runs>0 1 11</runs>
            <runs>32</runs>
            <runs>0 1 33 1 2</runs>
            <runs>0 21 10 4 2</runs>
            <runs>0 21 10 4 1</runs>
            <runs>0 20 4 9 2</runs>
            <runs>0 20 4 3 8</runs>
            <runs>0 19 5 3 7</runs>
            <runs>0 19 14</runs>
            <runs>0 19 14</runs>
            <runs>0 19 14</runs>
            <runs>0 19 13</runs>
            <runs>0 20 11</runs>
            <runs>0 20 11</runs>
            <runs>0 22 9</runs>
        </run-table>
    </sample>
    <sample shape="FLAT" interline="14" pitch="-0.2" left="349" top="1489" id="865">
        <run-table orientation="VERTICAL" width="14" height="37">
            <runs>0 1 16</runs>
            <runs>29</runs>
            <runs>0 2 27</runs>
            <runs>0 20 8</runs>
            <runs></runs>
            <runs></runs>
            <runs>0 31 2</runs>
            <runs>0 29 8</runs>
            <runs>0 19 18</runs>
            <runs>0 19 13</runs>
            <runs>0 19 13</runs>
            <runs>0 19 12</runs>
            <runs>0 20 10</runs>
            <runs>0 20 9</runs>
        </run-table>
    </sample>
    <sample shape="FLAT" interline="14" pitch="-2.7" left="365" top="1469" id="868">
        <run-table orientation="VERTICAL" width="13" height="38">
            <runs>30</runs>
            <runs>38</runs>
            <runs>0 6 9 5 10 1 7</runs>
            <runs>0 20 9 4 4</runs>
            <runs>0 19 10 4 3</runs>
            <runs>0 18 6 7 4</runs>
            <runs>0 18 5 4 7</runs>
            <runs>0 18 7 1 7</runs>
            <runs>0 18 14</runs>
            <runs>0 18 13</runs>
            <runs>0 18 12</runs>
            <runs>0 19 10</runs>
            <runs>0 20 12</runs>
        </run-table>
    </sample>
    <sample shape="FLAT" interline="14" pitch="0.9" left="378" top="1490" id="870">
        <run-table orientation="VERTICAL" width="14" height="42">
            <runs>39</runs>
            <runs>0 2 40</runs>
            <runs>0 12 30</runs>
            <runs>0 25 7 6 4</runs>
            <runs>0 24 6 3 8</runs>
            <runs>0 24 5 4 6</runs>
            <runs>0 24 5 4 6</runs>
            <runs>0 24 14</runs>
            <runs>0 19 18</runs>
            <runs>0 24 13</runs>
            <runs>0 24 12</runs>
            <runs>0 24 12</runs>
            <runs>0 25 11</runs>
            <runs>0 26 10</runs>
        </run-table>
    </sample>
    <sample shape="FLAT" interline="14" pitch="-2.0" left="394" top="1474" id="864">
        <run-table orientation="VERTICAL" width="13" height="39">
            <runs>0 1 11</runs>
            <runs>31</runs>
            <runs>15 1 23</runs>
            <runs>0 25 2 6 6</runs>
            <runs>0 33 6</runs>
            <runs>0 32 7</runs>
            <runs>0 18 2 10 4</runs>
            <runs>0 18 2 9 4</runs>
            <runs>0 18 15</runs>
            <runs>0 18 14</runs>
            <runs>0 18 13</runs>
            <runs>0 19 11</runs>
            <runs>0 20 9</runs>
        </run-table>
    </sample>
    <sample shape="FLAT" interline="14" pitch="1.1" left="349" top="1628" id="880">
        <run-table orientation="VERTICAL" width="15" height="41">
            <runs>0 6 13</runs>
            <runs>20</runs>
            <runs>33</runs>
            <runs>8 3 22 4 4</runs>
            <runs>0 24 8 5 4</runs>
            <runs>0 24 8 6 2</runs>
            <runs>0 23 8 5 1</runs>
            <runs>0 23 4 7 4</runs>
            <runs>0 22 16</runs>
            <runs>0 22 15</runs>
            <runs>0 22 14</runs>
            <runs>0 22 14</runs>
            <runs>0 22 13</runs>
            <runs>0 23 10</runs>
            <runs>0 24 8</runs>
        </run-table>
    </sample>
    <sample shape="FLAT" interline="14" pitch="-2.2" left="365" top="1607" id="883">
        <run-table orientation="VERTICAL" width="15" height="39">
            <runs>0 4 7</runs>
            <runs>29</runs>
            <runs>0 1 38</runs>
            <runs>0 2 17 1 9</runs>
            <runs>0 20 8</runs>
            <runs></runs>
            <runs>0 31 8</runs>
            <runs>0 29 5</runs>
            <runs>0 19 15</runs>
            <runs>0 19 15</runs>
            <runs>0 19 14</runs>
            <runs>0 20 12</runs>
            <runs>0 20 11</runs>
            <runs>0 20 10</runs>
            <runs>0 21 8</runs>
        </run-table>
    </sample>
    <sample shape="FLAT" interline="14" pitch="2.1" left="381" top="1637" id="882">
        <run-table orientation="VERTICAL" width="16" height="38">
            <runs>10</runs>
            <runs>16</runs>
            <runs>38</runs>
            <runs>0 4 34</runs>
            <runs>0 19 10</runs>
            <runs></runs>
            <runs>0 31 2</runs>
            <runs>0 29 8</runs>
            <runs>0 26 11</runs>
            <runs>0 18 19</runs>
            <runs>0 19 13</runs>
            <runs>0 19 13</runs>
            <runs>0 19 12</runs>
            <runs>0 20 10</runs>
            <runs>0 20 9</runs>
            <runs>0 20 7</runs>
        </run-table>
    </sample>
    <sample shape="FLAT" interline="14" pitch="-0.7" left="396" top="1614" id="879">
        <run-table orientation="VERTICAL" width="14" height="40">
            <runs>24 2 7</runs>
            <runs>33</runs>
            <runs>9 14 17</runs>
            <runs>0 23 9 3 5</runs>
            <runs>0 23 4 8 4</runs>
            <runs>0 22 4 8 4</runs>
            <runs>0 22 4 2 10</runs>
            <runs>0 22 16</runs>
            <runs>0 21 16</runs>
            <runs>0 21 15</runs>
            <runs>0 22 14</runs>
            <runs>0 22 13</runs>
            <runs>0 23 11</runs>
            <runs>0 23 9</runs>
        </run-table>
    </sample>
    <sample shape="FLAT" interline="14" pitch="-1.1" left="352" top="1979" id="1038">
        <run-table orientation="VERTICAL" width="15" height="39">
            <runs>20</runs>
            <runs>32 4 1</runs>
            <runs>32 3 3</runs>
            <runs>0 22 10 3 4</runs>
            <runs>0 22 5 7 5</runs>
            <runs>0 21 3 5 8</runs>
            <runs>0 21 3 5 7</runs>
            <runs>0 20 4 4 7</runs>
            <runs>0 20 5 2 7</runs>
            <runs>0 20 13</runs>
            <runs>0 20 13</runs>
            <runs>0 20 12</runs>
            <runs>0 20 11</runs>
            <runs>0 22 9</runs>
            <runs>0 24 7</runs>
        </run-table>
    </sample>
    <sample shape="FLAT" interline="14" pitch="-4.2" left="367" top="1959" id="1050">
        <run-table orientation="VERTICAL" width="12" height="39">
            <runs>27</runs>
            <runs>30 2 7</runs>
            <runs>0 1 28</runs>
            <runs>0 2 7 1 5 3 10</runs>
            <runs>0 23 3</runs>
            <runs>0 31 7</runs>
            <runs>0 30 8</runs>
            <runs>0 19 19</runs>
            <runs>0 19 13</runs>
            <runs>0 19 13</runs>
            <runs>0 19 13</runs>
            <runs>0 20 11</runs>
        </run-table>
    </sample>
    <sample shape="FLAT" interline="14" pitch="-0.2" left="379" top="1979" id="1055">
        <run-table orientation="VERTICAL" width="14" height="46">
            <runs>39</runs>
            <runs>9 1 30</runs>
            <runs>8 2 30</runs>
            <runs>0 28 7</runs>
            <runs></runs>
            <runs>0 40 2</runs>
            <runs>0 39 7</runs>
            <runs>0 29 17</runs>
            <runs>0 29 17</runs>
            <runs>0 29 17</runs>
            <runs>0 29 12</runs>
            <runs>0 29 12</runs>
            <runs>0 29 11</runs>
            <runs>0 29 9</runs>
        </run-table>
    </sample>
    <sample shape="FLAT" interline="14" pitch="-1.2" left="355" top="2547" id="1058">
        <run-table orientation="VERTICAL" width="16" height="38">
            <runs>10</runs>
            <runs>24 2 2</runs>
            <runs>32 5 1</runs>
            <runs>33 3 2</runs>
            <runs>0 4 2 16 10 3 3</runs>
            <runs>0 22 4 8 3</runs>
            <runs>0 21 4 8 3</runs>
            <runs>0 21 3 4 7</runs>
            <runs>0 20 5 3 7</runs>
            <runs>0 20 6 1 7</runs>
            <runs>0 20 13</runs>
            <runs>0 20 13</runs>
            <runs>0 21 11</runs>
            <runs>0 22 10</runs>
            <runs>0 23 9</runs>
            <runs>0 24 8</runs>
        </run-table>
    </sample>
    <sample shape="FLAT" interline="14" pitch="-3.9" left="372" top="2528" id="1059">
        <run-table orientation="VERTICAL" width="15" height="37">
            <runs>14</runs>
            <runs>37</runs>
            <runs>37</runs>
            <runs>0 1 4 5 4 3 20</runs>
            <runs>0 18 7 6 6</runs>
            <runs>0 30 7</runs>
            <runs>0 29 8</runs>
            <runs>0 26 11</runs>
            <runs>0 17 15</runs>
            <runs>0 17 14</runs>
            <runs>0 17 13</runs>
            <runs>0 18 11</runs>
            <runs>0 18 10</runs>
            <runs>0 19 8</runs>
            <runs>0 22 3</runs>
        </run-table>
    </sample>
    <sample shape="FLAT" interline="14" pitch="-0.1" left="385" top="2556" id="1063">
        <run-table orientation="VERTICAL" width="15" height="37">
            <runs>0 1 13</runs>
            <runs>37</runs>
            <runs>36</runs>
            <runs>11 1 16</runs>
            <runs>0 23 2</runs>
            <runs></runs>
            <runs>0 29 7</runs>
            <runs>0 28 8</runs>
            <runs>0 26 6</runs>
            <runs>0 18 14</runs>
            <runs>0 18 13</runs>
            <runs>0 18 12</runs>
            <runs>0 19 10</runs>
            <runs>0 19 9</runs>
            <runs>0 23 2</runs>
        </run-table>
    </sample>
    <sample shape="FLAT" interline="14" pitch="-3.0" left="402" top="2534" id="1062">
        <run-table orientation="VERTICAL" width="14" height="37">
            <runs>19</runs>
            <runs>37</runs>
            <runs>37</runs>
            <runs>10 2 20 1 3</runs>
            <runs>0 20 5 2 8</runs>
            <runs>0 20 4 4 7</runs>
            <runs>0 19 4 4 7</runs>
            <runs>0 18 6 3 7</runs>
            <runs>0 18 14</runs>
            <runs>0 18 14</runs>
            <runs>0 18 13</runs>
            <runs>0 19 12</runs>
            <runs>0 20 11</runs>
            <runs>0 21 10</runs>
        </run-table>
    </sample>
    <sample shape="FLAT" interline="14" pitch="-1.2" left="358" top="2699" id="1084">
        <run-table orientation="VERTICAL" width="16" height="37">
            <runs>17</runs>
            <runs>18</runs>
            <runs>23 2 8</runs>
            <runs>19 6 8</runs>
            <runs>0 25 7</runs>
            <runs>0 24 3</runs>
            <runs>0 23 3</runs>
            <runs>0 22 4 3 8</runs>
            <runs>0 22 5 1 8</runs>
            <runs>0 22 14</runs>
            <runs>0 22 13</runs>
            <runs>0 22 12</runs>
            <runs>0 22 11</runs>
            <runs>0 23 10</runs>
            <runs>0 24 8</runs>
            <runs>0 25 7</runs>
        </run-table>
    </sample>
    <sample shape="FLAT" interline="14" pitch="-3.8" left="374" top="2684" id="1076">
        <run-table orientation="VERTICAL" width="15" height="35">
            <runs>11</runs>
            <runs>25</runs>
            <runs>26 8 1</runs>
            <runs>0 2 3 1 1 5 14 8 1</runs>
            <runs>0 15 8 11 1</runs>
            <runs>0 15 7</runs>
            <runs>0 15 7</runs>
            <runs>0 15 7</runs>
            <runs>0 15 17</runs>
            <runs>0 15 17</runs>
            <runs>0 15 17</runs>
            <runs>0 15 17</runs>
            <runs>0 15 17</runs>
            <runs>0 15 13</runs>
            <runs>0 21 4</runs>
        </run-table>
    </sample>
    <sample shape="FLAT" interline="14" pitch="0.4" left="389" top="2712" id="1069">
        <run-table orientation="VERTICAL" width="16" height="36">
            <runs>0 1 10</runs>
            <runs>25 2 2</runs>
            <runs>33 1 2</runs>
            <runs>0 9 2 4 10 1 10</runs>
            <runs>0 20 4</runs>
            <runs>0 15 8</runs>
            <runs>0 15 7</runs>
            <runs>0 15 7</runs>
            <runs>0 15 8</runs>
            <runs>0 15 18</runs>
            <runs>0 15 18</runs>
            <runs>0 15 18</runs>
            <runs>0 15 18</runs>
            <runs>0 15 18</runs>
            <runs>0 15 18</runs>
            <runs>0 23 4</runs>
        </run-table>
    </sample>
    <sample shape="FLAT" interline="14" pitch="-2.5" left="404" top="2690" id="1077">
        <run-table orientation="VERTICAL" width="14" height="41">
            <runs>15</runs>
            <runs>28</runs>
            <runs>29 5 7</runs>
            <runs>0 6 8 5 10 5 7</runs>
            <runs>0 21 7 6 7</runs>
            <runs>0 19 7 8 1</runs>
            <runs>0 19 7 5 2</runs>
            <runs>0 18 16</runs>
            <runs>0 18 15</runs>
            <runs>0 18 14</runs>
            <runs>0 18 14</runs>
            <runs>0 18 13</runs>
            <runs>0 19 11</runs>
            <runs>0 19 10</runs>
        </run-table>
    </sample>
    <sample shape="FLAT" interline="14" pitch="-0.2" left="361" top="2860" id="1094">
        <run-table orientation="VERTICAL" width="13" height="38">
            <runs>28</runs>
            <runs>0 1 11 6 10</runs>
            <runs></runs>
            <runs></runs>
            <runs>0 32 1</runs>
            <runs>0 30 8</runs>
            <runs>0 19 7 3 4</runs>
            <runs>0 19 14</runs>
            <runs>0 19 13</runs>
            <runs>0 19 12</runs>
            <runs>0 19 11</runs>
            <runs>0 20 9</runs>
            <runs>0 21 7</runs>
        </run-table>
    </sample>
    <sample shape="FLAT" interline="14" pitch="-3.0" left="376" top="2838" id="1096">
        <run-table orientation="VERTICAL" width="14" height="37">
            <runs>36</runs>
            <runs>37</runs>
            <runs>0 1 2 1 4 13 16</runs>
            <runs>0 20 6 2 9</runs>
            <runs>0 20 5 3 8</runs>
            <runs>0 20 4 4 7</runs>
            <runs>0 20 4 3 7</runs>
            <runs>0 19 15</runs>
            <runs>0 19 14</runs>
            <runs>0 19 13</runs>
            <runs>0 19 13</runs>
            <runs>0 20 12</runs>
            <runs>0 20 12</runs>
            <runs>0 23 9</runs>
        </run-table>
    </sample>
    <sample shape="FLAT" interline="14" pitch="1.1" left="390" top="2866" id="1098">
        <run-table orientation="VERTICAL" width="15" height="42">
            <runs>22</runs>
            <runs>35 4 3</runs>
            <runs>36 2 4</runs>
            <runs>0 25 8 4 5</runs>
            <runs>0 25 7 5 4</runs>
            <runs>0 24 3 10 2</runs>
            <runs>0 23 3 9 3</runs>
            <runs>0 23 4 1 9</runs>
            <runs>0 22 15</runs>
            <runs>0 23 13</runs>
            <runs>0 23 12</runs>
            <runs>0 23 11</runs>
            <runs>0 24 10</runs>
            <runs>0 24 9</runs>
            <runs>0 25 8</runs>
        </run-table>
    </sample>
    <sample shape="FLAT" interline="14" pitch="1.1" left="367" top="3024" id="1101">
        <run-table orientation="VERTICAL" width="15" height="40">
            <runs>18</runs>
            <runs>34 2 4</runs>
            <runs>33 3 4</runs>
            <runs>33 4 3</runs>
            <runs>0 24 9 3 4</runs>
            <runs>0 23 4 8 4</runs>
            <runs>0 23 4 6 5</runs>
            <runs>0 22 15</runs>
            <runs>0 22 15</runs>
            <runs>0 22 14</runs>
            <runs>0 22 13</runs>
            <runs>0 23 11</runs>
            <runs>0 23 11</runs>
            <runs>0 24 9</runs>
            <runs>0 26 2</runs>
        </run-table>
    </sample>
    <sample shape="FLAT" interline="14" pitch="-2.2" left="379" top="3005" id="1108">
        <run-table orientation="VERTICAL" width="16" height="37">
            <runs>15 2 2</runs>
            <runs>23</runs>
            <runs>28</runs>
            <runs>28</runs>
            <runs>0 18 10</runs>
            <runs>0 19 7</runs>
            <runs></runs>
            <runs>0 30 7</runs>
            <runs>0 28 9</runs>
            <runs>0 17 15</runs>
            <runs>0 17 14</runs>
            <runs>0 18 12</runs>
            <runs>0 18 11</runs>
            <runs>0 18 11</runs>
            <runs>0 19 9</runs>
            <runs>0 19 7</runs>
        </run-table>
    </sample>
    <sample shape="FLAT" interline="14" pitch="2.0" left="395" top="3032" id="1109">
        <run-table orientation="VERTICAL" width="14" height="37">
            <runs>25</runs>
            <runs>28</runs>
            <runs>0 24 2</runs>
            <runs></runs>
            <runs>0 31 1</runs>
            <runs>0 29 8</runs>
            <runs>0 27 10</runs>
            <runs>0 18 15</runs>
            <runs>0 18 14</runs>
            <runs>0 18 13</runs>
            <runs>0 19 12</runs>
            <runs>0 19 11</runs>
            <runs>0 19 10</runs>
            <runs>0 20 8</runs>
        </run-table>
    </sample>
    <sample shape="FLAT" interline="14" pitch="-1.1" left="409" top="3010" id="1106">
        <run-table orientation="VERTICAL" width="15" height="40">
            <runs>0 1 8 1 8</runs>
            <runs>0 1 17</runs>
            <runs>22 1 16</runs>
            <runs>40</runs>
            <runs>0 13 8 2 17</runs>
            <runs>0 23 9 3 4</runs>
            <runs>0 22 3 9 4</runs>
            <runs>0 21 3 5 8</runs>
            <runs>0 21 4 4 7</runs>
            <runs>0 20 15</runs>
            <runs>0 20 15</runs>
            <runs>0 20 13</runs>
            <runs>0 20 12</runs>
            <runs>0 21 11</runs>
            <runs>0 22 9</runs>
        </run-table>
    </sample>
</samples>
