<?xml version="1.0" encoding="UTF-8" standalone="yes"?>
<samples sheet-name="IMSLP00004#9">
    <sample shape="FLAT" interline="22" pitch="1.7" left="233" top="1071" id="360">
        <run-table orientation="VERTICAL" width="18" height="55">
            <runs>44 3 1 1 6</runs>
            <runs>45 1 9</runs>
            <runs>0 5 2 22 5 14 6</runs>
            <runs>0 28 3 18 4</runs>
            <runs>0 27 2 19 4</runs>
            <runs>0 26 3 18 4</runs>
            <runs>0 26 3 16 5</runs>
            <runs>0 25 3 16 5</runs>
            <runs>0 24 4 15 5</runs>
            <runs>0 24 5 12 6</runs>
            <runs>0 24 5 11 6</runs>
            <runs>0 24 7 7 6</runs>
            <runs>0 25 19</runs>
            <runs>0 25 17</runs>
            <runs>0 25 16</runs>
            <runs>0 27 13</runs>
            <runs>0 28 10</runs>
            <runs>0 30 8</runs>
        </run-table>
    </sample>
    <sample shape="FLAT" interline="22" pitch="1.6" left="233" top="1600" id="435">
        <run-table orientation="VERTICAL" width="18" height="54">
            <runs>8 1 45</runs>
            <runs>39 2 13</runs>
            <runs>6 1 2 18 6 16 4</runs>
            <runs>0 27 4 18 3</runs>
            <runs>0 26 4 17 4</runs>
            <runs>0 26 3 17 4</runs>
            <runs>0 26 3 17 4</runs>
            <runs>0 25 4 15 5</runs>
            <runs>0 25 4 15 4</runs>
            <runs>0 25 4 14 4</runs>
            <runs>0 25 5 11 5</runs>
            <runs>0 25 6 5 8</runs>
            <runs>0 25 18</runs>
            <runs>0 25 17</runs>
            <runs>0 26 15</runs>
            <runs>0 26 13</runs>
            <runs>0 27 11</runs>
            <runs>0 29 9</runs>
        </run-table>
    </sample>
    <sample shape="FLAT" interline="22" pitch="-0.5" left="231" top="1867" id="472">
        <run-table orientation="VERTICAL" width="19" height="55">
            <runs>0 3 14 1 24 1 12</runs>
            <runs>41 4 9</runs>
            <runs>8 12 1 4 8 16 4</runs>
            <runs>3 25 3 18 3</runs>
            <runs>0 27 3 18 4</runs>
            <runs>0 27 3 17 4</runs>
            <runs>0 27 3 16 4</runs>
            <runs>0 26 3 16 4</runs>
            <runs>0 26 3 15 4</runs>
            <runs>0 26 4 14 2</runs>
            <runs>0 25 5 12 3</runs>
            <runs>0 26 5 9 4</runs>
            <runs>0 26 7 2 8</runs>
            <runs>0 25 17</runs>
            <runs>0 26 3 1 11</runs>
            <runs>0 26 13</runs>
            <runs>0 27 11</runs>
            <runs>0 29 9</runs>
            <runs>0 32 1</runs>
        </run-table>
    </sample>
    <sample shape="FLAT" interline="22" pitch="-1.8" left="249" top="2587" id="550">
        <run-table orientation="VERTICAL" width="20" height="54">
            <runs>8 4 2 2 1</runs>
            <runs>54</runs>
            <runs>54</runs>
            <runs>0 1 3 4 1 13 12 17 2</runs>
            <runs>0 29 3 19 2</runs>
            <runs>0 29 2</runs>
            <runs>0 29 1</runs>
            <runs></runs>
            <runs>0 44 2</runs>
            <runs>0 43 7</runs>
            <runs>0 43 7</runs>
            <runs>0 41 4</runs>
            <runs>0 24 7 7 6</runs>
            <runs>0 24 9 2 8</runs>
            <runs>0 24 18</runs>
            <runs>0 25 16</runs>
            <runs>0 25 14</runs>
            <runs>0 25 12</runs>
            <runs>0 25 11</runs>
            <runs>0 31 1</runs>
        </run-table>
    </sample>
</samples>
