<?xml version="1.0" encoding="UTF-8" standalone="yes"?>
<samples sheet-name="IMSLP00004#4">
    <sample shape="G_CLEF" interline="22" pitch="0.5" left="170" top="279" id="279">
        <run-table orientation="VERTICAL" width="57" height="155">
            <runs>0 90 4</runs>
            <runs>0 85 16</runs>
            <runs>0 81 22</runs>
            <runs>0 76 30</runs>
            <runs>0 76 31</runs>
            <runs>0 74 34</runs>
            <runs>0 73 37</runs>
            <runs>0 72 39</runs>
            <runs>0 70 42 27 8</runs>
            <runs>0 69 20 13 11 25 11</runs>
            <runs>0 67 20 18 9 23 13</runs>
            <runs>0 66 18 24 7 21 15</runs>
            <runs>0 66 17 27 6 19 17</runs>
            <runs>0 64 17 30 6 17 19</runs>
            <runs>0 63 16 33 5 16 20</runs>
            <runs>0 62 16 35 9 11 20</runs>
            <runs>0 62 16 36 8 11 21</runs>
            <runs>0 61 17 13 10 13 8 11 21</runs>
            <runs>0 59 15 14 16 12 6 10 23</runs>
            <runs>0 59 14 14 19 10 6 10 23</runs>
            <runs>0 58 15 13 22 8 6 11 17 1 4</runs>
            <runs>0 55 16 13 16 4 5 24 16 2 4</runs>
            <runs>0 55 15 13 11 12 5 22 16 3 3</runs>
            <runs>0 55 15 12 10 16 4 22 13 4 4</runs>
            <runs>0 54 15 12 9 20 2 22 12 5 4</runs>
            <runs>0 31 10 13 14 12 9 22 1 24 9 6 4</runs>
            <runs>0 25 24 3 16 7 14 48 1 13 4</runs>
            <runs>0 24 43 8 13 63 4</runs>
            <runs>0 21 46 8 13 62 5</runs>
            <runs>0 19 55 1 13 62 5</runs>
            <runs>0 16 21 12 38 62 5</runs>
            <runs>0 15 20 14 40 59 5</runs>
            <runs>0 12 19 17 16 10 26 47 6</runs>
            <runs>0 11 17 19 16 12 36 34 8</runs>
            <runs>0 9 17 20 16 13 12 7 29 20 9</runs>
            <runs>0 9 15 22 15 15 10 11 36 5 13</runs>
            <runs>0 7 15 23 15 16 10 23 41</runs>
            <runs>0 6 15 23 15 17 10 30 32</runs>
            <runs>0 5 14 24 15 18 10 31 5 1 24</runs>
            <runs>0 3 15 23 16 19 10 30 6 7 1 5 3 2 3</runs>
            <runs>0 2 15 23 16 20 11 29 6</runs>
            <runs>0 2 14 23 17 20 11 28 7</runs>
            <runs>0 1 14 23 19 19 11 28 7</runs>
            <runs>14 22 16 24 12 26 8</runs>
            <runs>0 1 12 20 17 29 9 26 8</runs>
            <runs>0 2 12 19 15 31 9 25 4</runs>
            <runs>0 6 11 11 19 33 9 23 5</runs>
            <runs>0 8 12 3 19 2 1 35 11 20 5</runs>
            <runs>0 11 30 39 12 17 6</runs>
            <runs>0 13 23 45 12 15 7</runs>
            <runs>0 19 10 1 3 49 12 12 8</runs>
            <runs>0 83 17 1 12</runs>
            <runs>0 84 28</runs>
            <runs>0 85 25</runs>
            <runs>0 87 22</runs>
            <runs>0 90 16</runs>
            <runs>0 92 12</runs>
        </run-table>
    </sample>
    <sample shape="FLAT" interline="22" pitch="-0.6" left="241" top="2922" id="535">
        <run-table orientation="VERTICAL" width="19" height="54">
            <runs>5 2 2 2 11 3 7 3 6 9 1</runs>
            <runs>42 4 8</runs>
            <runs>3 10 2 6 1 4 14 11 3</runs>
            <runs>0 28 4 19 2</runs>
            <runs>0 28 3 19 2</runs>
            <runs>0 27 3 18 3</runs>
            <runs>0 26 4 17 3</runs>
            <runs>0 26 3 16 4</runs>
            <runs>0 26 3 15 4</runs>
            <runs>0 25 4 14 4</runs>
            <runs>0 25 4 13 4</runs>
            <runs>0 25 5 6 9</runs>
            <runs>0 26 7 4 8</runs>
            <runs>0 26 18</runs>
            <runs>0 26 16</runs>
            <runs>0 27 14</runs>
            <runs>0 27 13</runs>
            <runs>0 29 11</runs>
            <runs>0 31 4</runs>
        </run-table>
    </sample>
</samples>
