<?xml version="1.0" encoding="UTF-8" standalone="yes"?>
<samples sheet-name="IMSLP00001#14">
    <sample shape="FLAT" interline="22" pitch="-3.9" left="226" top="291" id="370">
        <run-table orientation="VERTICAL" width="18" height="56">
            <runs>0 1 55</runs>
            <runs>55</runs>
            <runs>0 1 4 3 1 3 1 2 2 7 1 1 11</runs>
            <runs></runs>
            <runs></runs>
            <runs>0 48 1</runs>
            <runs>0 27 1 18 8</runs>
            <runs>0 26 2 17 5</runs>
            <runs>0 26 2 16 5</runs>
            <runs>0 25 7 10 6</runs>
            <runs>0 25 6 9 7</runs>
            <runs>0 25 7 7 7</runs>
            <runs>0 25 19</runs>
            <runs>0 25 18</runs>
            <runs>0 25 17</runs>
            <runs>0 26 15</runs>
            <runs>0 27 12</runs>
            <runs>0 28 9</runs>
        </run-table>
    </sample>
</samples>
