<?xml version="1.0" encoding="UTF-8" standalone="yes"?>
<samples sheet-name="IMSLP00121#12">
    <sample shape="FLAT" interline="19" pitch="-0.8" left="317" top="2460" id="314">
        <run-table orientation="VERTICAL" width="19" height="49">
            <runs>0 2 47</runs>
            <runs>49</runs>
            <runs>49</runs>
            <runs>38 6 5</runs>
            <runs>19 7 11 7 3</runs>
            <runs>0 1 17 8 6 11 3</runs>
            <runs>0 25 5 12 4</runs>
            <runs>0 25 5 11 4</runs>
            <runs>0 25 5 11 4</runs>
            <runs>0 24 6 10 4</runs>
            <runs>0 24 6 3 10</runs>
            <runs>0 24 19</runs>
            <runs>0 24 18</runs>
            <runs>0 24 18</runs>
            <runs>0 24 17</runs>
            <runs>0 25 15</runs>
            <runs>0 26 14</runs>
            <runs>0 26 13</runs>
            <runs>0 27 11</runs>
        </run-table>
    </sample>
</samples>
