<?xml version="1.0" encoding="UTF-8" standalone="yes"?>
<samples sheet-name="IMSLP00003#23">
    <sample shape="G_CLEF" interline="22" pitch="0.5" left="180" top="208" id="276">
        <run-table orientation="VERTICAL" width="56" height="156">
            <runs>0 87 12</runs>
            <runs>0 83 19</runs>
            <runs>0 80 24</runs>
            <runs>0 74 31</runs>
            <runs>0 74 33</runs>
            <runs>0 73 36</runs>
            <runs>0 71 39</runs>
            <runs>0 69 42</runs>
            <runs>0 68 21 14 9</runs>
            <runs>0 67 20 19 8</runs>
            <runs>0 66 18 24 7 24 7</runs>
            <runs>0 65 17 28 6 22 10</runs>
            <runs>0 63 18 30 5 20 14</runs>
            <runs>0 62 17 33 8 15 17</runs>
            <runs>0 61 17 35 7 15 17</runs>
            <runs>0 60 17 37 2 18 19</runs>
            <runs>0 59 18 14 10 14 1 18 19</runs>
            <runs>0 58 19 11 16 11 1 18 20</runs>
            <runs>0 57 16 14 20 27 20</runs>
            <runs>0 56 16 13 23 26 21</runs>
            <runs>0 53 18 12 12 10 4 25 21</runs>
            <runs>0 53 17 12 12 13 2 25 16 1 4</runs>
            <runs>0 53 16 12 10 17 1 25 16 2 4</runs>
            <runs>0 28 15 10 15 12 11 43 15 3 4</runs>
            <runs>0 23 27 3 15 11 11 45 14 3 4</runs>
            <runs>0 20 48 11 10 47 11 5 4</runs>
            <runs>0 17 21 1 31 8 10 49 9 6 4</runs>
            <runs>0 14 21 15 38 50 7 7 4</runs>
            <runs>0 12 22 16 38 63 4</runs>
            <runs>0 10 18 20 15 10 18 60 4</runs>
            <runs>0 9 17 22 15 11 25 51 4</runs>
            <runs>0 8 15 24 15 12 30 46 4</runs>
            <runs>0 7 14 24 15 14 12 7 16 40 5</runs>
            <runs>0 6 14 24 15 15 12 10 25 27 5</runs>
            <runs>0 5 14 24 15 16 12 18 20 23 5</runs>
            <runs>0 4 13 25 15 17 12 26 25 1 1 3 9</runs>
            <runs>0 2 14 24 16 18 12 30 35</runs>
            <runs>0 1 14 23 18 18 12 37 26</runs>
            <runs>14 23 18 19 12 42 20</runs>
            <runs>14 22 19 19 13 28 1 16 14</runs>
            <runs>0 1 12 18 21 22 13 28 1 24 1</runs>
            <runs>0 3 10 18 18 25 13 27 2</runs>
            <runs>0 6 10 11 20 31 10 26 2</runs>
            <runs>0 7 38 33 11 24 7</runs>
            <runs>0 9 33 36 11 23 4</runs>
            <runs>0 13 26 41 10 21 5</runs>
            <runs>0 17 19 44 12 17 6</runs>
            <runs>0 81 14 13 6</runs>
            <runs>0 81 17 7 8</runs>
            <runs>0 82 31</runs>
            <runs>0 84 27</runs>
            <runs>0 85 25</runs>
            <runs>0 87 22</runs>
            <runs>0 89 18</runs>
            <runs>0 92 13</runs>
            <runs>0 99 2</runs>
        </run-table>
    </sample>
    <sample shape="G_CLEF" interline="22" pitch="0.6" left="169" top="739" id="292">
        <run-table orientation="VERTICAL" width="56" height="155">
            <runs>0 88 2 2 3</runs>
            <runs>0 82 19</runs>
            <runs>0 79 24</runs>
            <runs>0 73 32</runs>
            <runs>0 73 34</runs>
            <runs>0 72 36</runs>
            <runs>0 71 38</runs>
            <runs>0 70 41</runs>
            <runs>0 68 24 2 17 28 3</runs>
            <runs>0 67 20 16 9 24 10</runs>
            <runs>0 65 20 21 7 22 13</runs>
            <runs>0 64 18 25 7 20 15</runs>
            <runs>0 63 18 28 6 18 17</runs>
            <runs>0 62 17 31 6 16 19</runs>
            <runs>0 61 17 33 8 13 19</runs>
            <runs>0 61 16 36 7 12 21</runs>
            <runs>0 60 17 14 8 15 2 16 21</runs>
            <runs>0 59 18 13 12 12 2 16 22</runs>
            <runs>0 58 19 10 19 9 1 16 22</runs>
            <runs>0 57 16 12 22 25 22</runs>
            <runs>0 56 16 12 15 3 6 24 22</runs>
            <runs>0 53 18 11 16 8 3 23 17 1 5</runs>
            <runs>0 52 18 11 11 15 3 23 16 2 4</runs>
            <runs>0 52 18 10 11 18 2 23 14 3 4</runs>
            <runs>0 33 2 1 3 13 16 12 10 20 1 23 14 3 4</runs>
            <runs>0 25 22 3 17 12 10 46 11 5 4</runs>
            <runs>0 22 45 11 10 48 9 6 4</runs>
            <runs>0 19 49 10 10 52 1 10 4</runs>
            <runs>0 16 21 7 43 63 5</runs>
            <runs>0 15 19 14 39 63 4</runs>
            <runs>0 12 21 15 16 6 20 59 5</runs>
            <runs>0 10 18 20 15 11 26 49 5</runs>
            <runs>0 9 16 22 15 12 35 39 5</runs>
            <runs>0 8 15 23 15 13 12 8 27 25 6</runs>
            <runs>0 7 14 24 15 14 12 16 29 13 7</runs>
            <runs>0 6 14 24 15 15 12 23 42</runs>
            <runs>0 5 14 23 16 16 12 28 36</runs>
            <runs>0 3 14 24 16 17 12 30 33</runs>
            <runs>0 2 14 23 17 18 12 41 20</runs>
            <runs>0 1 14 24 16 19 13 47 11</runs>
            <runs>14 23 18 19 13</runs>
            <runs>13 21 17 26 10</runs>
            <runs>0 3 10 18 19 28 9</runs>
            <runs>0 5 8 18 18 29 10 25 7</runs>
            <runs>0 6 12 8 20 32 11 23 7</runs>
            <runs>0 8 37 34 11 21 5</runs>
            <runs>0 12 30 37 11 20 6</runs>
            <runs>0 15 24 41 11 17 7</runs>
            <runs>0 19 16 45 13 12 9</runs>
            <runs>0 81 17 4 12</runs>
            <runs>0 82 30</runs>
            <runs>0 84 27</runs>
            <runs>0 85 25</runs>
            <runs>0 87 22</runs>
            <runs>0 89 17</runs>
            <runs>0 91 13</runs>
        </run-table>
    </sample>
    <sample shape="G_CLEF" interline="22" pitch="0.7" left="172" top="1259" id="311">
        <run-table orientation="VERTICAL" width="55" height="153">
            <runs>0 86 11</runs>
            <runs>0 79 22</runs>
            <runs>0 77 26</runs>
            <runs>0 75 30</runs>
            <runs>0 71 35</runs>
            <runs>0 71 36</runs>
            <runs>0 69 40</runs>
            <runs>0 69 19 4 19</runs>
            <runs>0 68 19 15 10 24 9</runs>
            <runs>0 66 19 19 9 21 13</runs>
            <runs>0 65 17 24 8 19 15</runs>
            <runs>0 63 18 27 10 15 16</runs>
            <runs>0 62 17 30 8 15 18</runs>
            <runs>0 60 17 33 7 14 20</runs>
            <runs>0 60 16 35 7 13 20</runs>
            <runs>0 59 16 56 21</runs>
            <runs>0 59 15 14 12 31 21</runs>
            <runs>0 57 17 12 17 28 22</runs>
            <runs>0 57 17 10 21 26 22</runs>
            <runs>0 57 13 13 24 24 22</runs>
            <runs>0 56 14 12 14 7 5 10 1 13 16 1 4</runs>
            <runs>0 55 14 12 10 14 4 9 1 13 15 2 4</runs>
            <runs>0 54 14 11 11 17 3 8 1 13 15 3 3</runs>
            <runs>0 51 16 11 11 19 2 8 1 14 13 4 3</runs>
            <runs>0 51 16 10 11 30 1 15 11 5 3</runs>
            <runs>0 29 16 6 15 11 10 31 2 15 7 8 3</runs>
            <runs>0 23 43 10 11 31 2 30 3</runs>
            <runs>0 20 49 7 10 32 2 29 4</runs>
            <runs>0 17 69 32 1 30 3</runs>
            <runs>0 16 21 10 41 30 1 29 4</runs>
            <runs>0 14 17 16 16 8 30 17 1 28 5</runs>
            <runs>0 12 19 16 14 11 35 11 1 28 5</runs>
            <runs>0 11 15 20 15 11 14 5 29 26 5</runs>
            <runs>0 10 13 22 14 13 13 13 33 13 6</runs>
            <runs>0 9 13 22 15 16 10 20 29 1 1 1 12</runs>
            <runs>0 6 15 22 14 18 10 28 34</runs>
            <runs>0 5 14 23 15 19 8 31 31</runs>
            <runs>0 4 14 23 15 20 8 44 17</runs>
            <runs>0 3 14 23 15 21 9 52 2</runs>
            <runs>0 2 14 23 15 22 9</runs>
            <runs>0 1 14 23 15 23 10 27 1</runs>
            <runs>14 22 17 24 9 27 1</runs>
            <runs>14 20 19 24 10 25 2</runs>
            <runs>0 1 12 19 17 28 10 24 3</runs>
            <runs>0 2 11 16 18 31 10 22 7</runs>
            <runs>0 5 9 13 18 33 11 20 8</runs>
            <runs>0 7 13 1 22 36 11 18 10</runs>
            <runs>0 10 30 39 12 14 8</runs>
            <runs>0 12 25 43 16 7 9</runs>
            <runs>0 16 3 2 11 49 19 1 10</runs>
            <runs>0 82 27</runs>
            <runs>0 83 25</runs>
            <runs>0 86 20</runs>
            <runs>0 87 17</runs>
            <runs>0 90 9</runs>
        </run-table>
    </sample>
    <sample shape="G_CLEF" interline="22" pitch="0.5" left="173" top="1481" id="313">
        <run-table orientation="VERTICAL" width="55" height="154">
            <runs>0 90 7</runs>
            <runs>0 81 18</runs>
            <runs>0 78 23</runs>
            <runs>0 77 27</runs>
            <runs>0 73 34</runs>
            <runs>0 73 35</runs>
            <runs>0 71 38</runs>
            <runs>0 70 40</runs>
            <runs>0 68 24 9 10 28 4</runs>
            <runs>0 67 21 15 9 24 10</runs>
            <runs>0 66 19 21 7 22 12</runs>
            <runs>0 64 19 24 7 20 15</runs>
            <runs>0 63 18 28 6 19 16</runs>
            <runs>0 62 17 31 5 18 19</runs>
            <runs>0 61 17 33 5 17 19</runs>
            <runs>0 60 17 35 7 13 20</runs>
            <runs>0 59 17 37 3 16 21</runs>
            <runs>0 58 17 13 15 11 2 16 21</runs>
            <runs>0 57 19 10 19 9 2 16 22</runs>
            <runs>0 56 20 8 22 9 1 16 17 1 4</runs>
            <runs>0 55 17 11 15 4 6 24 16 2 4</runs>
            <runs>0 52 19 11 16 7 4 23 16 2 4</runs>
            <runs>0 52 18 11 10 16 3 23 15 3 3</runs>
            <runs>0 52 17 11 10 18 3 22 13 5 3</runs>
            <runs>0 51 17 12 9 45 12 4 4</runs>
            <runs>0 45 1 3 18 12 10 47 9 5 4</runs>
            <runs>0 27 39 12 10 49 5 8 4</runs>
            <runs>0 24 44 10 9 63 4</runs>
            <runs>0 20 51 1 15 63 4</runs>
            <runs>0 18 27 2 40 63 3</runs>
            <runs>0 16 20 1 1 9 16 3 25 58 4</runs>
            <runs>0 14 19 14 15 10 30 46 4</runs>
            <runs>0 13 19 14 15 12 39 35 4</runs>
            <runs>0 11 16 19 15 12 14 5 29 25 5</runs>
            <runs>0 10 15 20 15 13 13 14 1 1 23 2 4 13 6</runs>
            <runs>0 9 15 21 14 17 10 24 31 1 7</runs>
            <runs>0 7 14 23 14 19 9 29 34</runs>
            <runs>0 6 14 22 15 19 10 41 20</runs>
            <runs>0 5 14 22 15 17 13 47 12</runs>
            <runs>0 4 14 22 15 22 9</runs>
            <runs>0 3 14 23 14 23 9</runs>
            <runs>0 1 14 23 16 23 10 27 1</runs>
            <runs>0 1 13 23 17 23 11 25 2</runs>
            <runs>13 21 15 29 10 25 2</runs>
            <runs>12 18 17 31 11 23 7</runs>
            <runs>12 18 15 34 11 20 9</runs>
            <runs>0 4 11 11 19 35 10 20 5</runs>
            <runs>0 7 35 39 10 17 6</runs>
            <runs>0 9 31 41 12 13 8</runs>
            <runs>0 11 26 45 15 6 10</runs>
            <runs>0 15 17 51 29</runs>
            <runs>0 84 26</runs>
            <runs>0 86 23</runs>
            <runs>0 88 19</runs>
            <runs>0 91 12</runs>
        </run-table>
    </sample>
    <sample shape="G_CLEF" interline="22" pitch="0.6" left="172" top="1812" id="318">
        <run-table orientation="VERTICAL" width="55" height="153">
            <runs>0 83 4 1 8</runs>
            <runs>0 80 20</runs>
            <runs>0 79 24</runs>
            <runs>0 72 33</runs>
            <runs>0 72 36</runs>
            <runs>0 72 36 28 6</runs>
            <runs>0 70 39 26 11</runs>
            <runs>0 69 41 24 13</runs>
            <runs>0 68 23 10 11 20 16</runs>
            <runs>0 67 19 17 9 19 18</runs>
            <runs>0 65 19 23 6 18 18</runs>
            <runs>0 64 18 26 6 16 20</runs>
            <runs>0 63 18 28 9 12 21</runs>
            <runs>0 62 17 31 8 11 22</runs>
            <runs>0 61 17 33 7 11 23</runs>
            <runs>0 60 16 36 2 16 22</runs>
            <runs>0 59 16 15 8 15 1 16 23</runs>
            <runs>0 58 17 13 16 27 17 1 4</runs>
            <runs>0 57 18 11 19 26 16 3 3</runs>
            <runs>0 56 19 9 23 25 15 3 3</runs>
            <runs>0 56 19 8 14 3 8 24 14 4 3</runs>
            <runs>0 55 15 12 14 9 4 24 12 5 3</runs>
            <runs>0 51 18 12 10 16 3 23 10 7 3</runs>
            <runs>0 51 17 12 10 19 1 24 1 2 2 11 3</runs>
            <runs>0 51 16 12 9 62 3</runs>
            <runs>0 51 16 11 10 62 3</runs>
            <runs>0 29 18 4 15 12 9 62 4</runs>
            <runs>0 29 37 11 10 62 3</runs>
            <runs>0 24 45 8 10 61 4</runs>
            <runs>0 21 65 61 5</runs>
            <runs>0 19 15 14 41 1 7 49 5</runs>
            <runs>0 16 17 14 15 5 1 3 36 2 1 35 5</runs>
            <runs>0 15 17 14 16 10 48 21 8</runs>
            <runs>0 14 18 14 15 11 14 4 40 2 16</runs>
            <runs>0 12 14 19 15 12 14 18 43</runs>
            <runs>0 10 14 20 15 13 13 29 30</runs>
            <runs>0 9 14 21 14 14 13 39 1 2 9 2 2</runs>
            <runs>0 8 13 21 15 15 13</runs>
            <runs>0 7 13 21 15 20 9</runs>
            <runs>0 5 13 22 15 21 10</runs>
            <runs>0 4 13 22 15 22 10</runs>
            <runs>0 3 13 22 15 24 9</runs>
            <runs>0 2 12 22 17 24 10 26 1</runs>
            <runs>0 1 13 21 14 28 10 26 1</runs>
            <runs>13 20 15 30 10 24 2</runs>
            <runs>13 16 18 32 10 22 3</runs>
            <runs>0 2 10 17 15 35 11 19 5</runs>
            <runs>0 3 9 16 13 39 11 17 5</runs>
            <runs>0 6 9 10 14 42 11 13 7</runs>
            <runs>0 8 28 46 15 6 8</runs>
            <runs>0 11 21 51 27</runs>
            <runs>0 18 13 53 25</runs>
            <runs>0 85 22</runs>
            <runs>0 87 18</runs>
            <runs>0 90 9 2 2</runs>
        </run-table>
    </sample>
    <sample shape="G_CLEF" interline="22" pitch="0.4" left="166" top="2410" id="342">
        <run-table orientation="VERTICAL" width="55" height="154">
            <runs>0 87 11</runs>
            <runs>0 81 18</runs>
            <runs>0 75 29</runs>
            <runs>0 75 30</runs>
            <runs>0 74 33</runs>
            <runs>0 72 37</runs>
            <runs>0 70 40</runs>
            <runs>0 67 25 3 17 26 6</runs>
            <runs>0 66 22 15 10 21 12</runs>
            <runs>0 66 20 20 8 19 15</runs>
            <runs>0 64 19 25 7 17 17</runs>
            <runs>0 64 17 28 7 16 18</runs>
            <runs>0 63 16 31 6 16 18</runs>
            <runs>0 62 16 33 9 11 20</runs>
            <runs>0 61 17 34 8 11 21</runs>
            <runs>0 60 18 35 7 11 21</runs>
            <runs>0 59 19 14 7 15 2 15 22</runs>
            <runs>0 58 15 15 13 13 2 15 17 1 4</runs>
            <runs>0 57 15 14 16 13 1 15 16 3 3</runs>
            <runs>0 53 18 13 20 28 15 3 4</runs>
            <runs>0 53 17 13 23 26 15 3 4</runs>
            <runs>0 53 16 13 11 3 11 26 13 4 4</runs>
            <runs>0 53 15 13 10 12 5 26 11 6 3</runs>
            <runs>0 52 16 12 9 16 3 27 9 7 3</runs>
            <runs>0 52 16 12 8 18 3 29 4 8 3</runs>
            <runs>0 26 16 9 16 12 9 62 3</runs>
            <runs>0 22 45 8 12 63 3</runs>
            <runs>0 20 49 5 12 64 2</runs>
            <runs>0 18 68 63 3</runs>
            <runs>0 16 20 10 41 61 4</runs>
            <runs>0 15 18 14 17 1 39 43 3</runs>
            <runs>0 13 19 14 16 12 39 33 4</runs>
            <runs>0 12 15 19 15 14 11 2 35 4 1 16 5</runs>
            <runs>0 10 14 22 14 15 10 11 37 3 2 2 8</runs>
            <runs>0 9 13 23 14 16 10 24 1 1 1 2 33</runs>
            <runs>0 7 14 22 15 17 10 35 2 1 23</runs>
            <runs>0 6 13 23 15 18 10 41 1 2 14</runs>
            <runs>0 5 13 23 16 18 10</runs>
            <runs>0 4 13 23 16 19 10</runs>
            <runs>0 3 12 24 17 19 10</runs>
            <runs>0 2 13 22 18 20 11 28 1</runs>
            <runs>0 1 13 22 16 24 11 26 2</runs>
            <runs>13 22 16 24 12 26 2</runs>
            <runs>12 19 19 25 13 24 3</runs>
            <runs>11 19 18 27 13 22 5</runs>
            <runs>0 2 9 19 17 32 10 20 5</runs>
            <runs>0 4 9 13 19 35 12 16 5</runs>
            <runs>0 6 11 7 18 38 15 11 7</runs>
            <runs>0 9 31 41 19 4 7</runs>
            <runs>0 13 23 46 28</runs>
            <runs>0 16 17 50 25</runs>
            <runs>0 86 21</runs>
            <runs>0 86 19</runs>
            <runs>0 88 16</runs>
            <runs>0 93 7</runs>
        </run-table>
    </sample>
    <sample shape="F_CLEF" interline="22" pitch="-1.2" left="169" top="451" id="286">
        <run-table orientation="VERTICAL" width="65" height="67">
            <runs>0 61 3</runs>
            <runs>0 61 3</runs>
            <runs>0 60 7</runs>
            <runs>0 60 6</runs>
            <runs>0 60 6</runs>
            <runs>0 60 6</runs>
            <runs>0 60 6</runs>
            <runs>0 59 8</runs>
            <runs>0 59 4</runs>
            <runs>0 11 12 36 4</runs>
            <runs>0 8 15 36 3</runs>
            <runs>0 6 18 34 4</runs>
            <runs>0 4 5 7 10 32 4</runs>
            <runs>0 3 4 9 10 31 5</runs>
            <runs>0 3 3 9 12 30 4</runs>
            <runs>0 3 2 10 12 30 4</runs>
            <runs>0 3 1 10 13 29 5</runs>
            <runs>0 14 13 29 5</runs>
            <runs>0 13 15 28 5</runs>
            <runs>0 14 14 28 5</runs>
            <runs>0 14 13 28 6</runs>
            <runs>0 15 12 27 6</runs>
            <runs>0 15 11 28 6</runs>
            <runs>0 16 9 28 6</runs>
            <runs>0 17 7 28 7</runs>
            <runs>0 52 6</runs>
            <runs>0 51 7</runs>
            <runs>0 50 7</runs>
            <runs>0 48 8</runs>
            <runs>0 47 9</runs>
            <runs>0 46 9</runs>
            <runs>0 43 11</runs>
            <runs>0 43 11</runs>
            <runs>0 42 11</runs>
            <runs>0 3 1 38 11</runs>
            <runs>0 3 1 37 11</runs>
            <runs>0 3 2 34 12</runs>
            <runs>0 3 3 30 14</runs>
            <runs>8 25 16</runs>
            <runs>9 22 18</runs>
            <runs>12 9 27</runs>
            <runs>15 6 26</runs>
            <runs>0 3 43</runs>
            <runs>0 4 41</runs>
            <runs>0 5 40</runs>
            <runs>0 5 40</runs>
            <runs>0 6 34</runs>
            <runs>0 6 32</runs>
            <runs>0 8 28</runs>
            <runs>0 10 24</runs>
            <runs>0 12 21</runs>
            <runs>0 14 16</runs>
            <runs></runs>
            <runs></runs>
            <runs></runs>
            <runs>0 13 1 16 5</runs>
            <runs>0 10 6 13 8</runs>
            <runs>0 9 7 13 8</runs>
            <runs>0 9 8 12 8</runs>
            <runs>0 9 8 12 8</runs>
            <runs>0 9 8 12 8</runs>
            <runs>0 9 8 12 8</runs>
            <runs>0 9 7 14 6</runs>
            <runs>0 9 7 16 2</runs>
            <runs>0 10 4</runs>
        </run-table>
    </sample>
    <sample shape="F_CLEF" interline="22" pitch="-1.4" left="167" top="978" id="302">
        <run-table orientation="VERTICAL" width="65" height="68">
            <runs>0 62 3</runs>
            <runs>0 62 3</runs>
            <runs>0 62 3</runs>
            <runs>0 62 3</runs>
            <runs>0 62 3</runs>
            <runs>0 61 4</runs>
            <runs>0 61 4</runs>
            <runs>0 61 4</runs>
            <runs>0 60 8</runs>
            <runs>0 10 14 36 4</runs>
            <runs>0 7 17 36 4</runs>
            <runs>0 6 19 34 4</runs>
            <runs>0 5 7 5 8 34 4</runs>
            <runs>0 4 6 7 9 33 4</runs>
            <runs>0 3 4 9 11 31 5</runs>
            <runs>0 3 3 9 13 31 5</runs>
            <runs>0 3 3 10 12 30 5</runs>
            <runs>0 3 2 11 13 29 5</runs>
            <runs>0 3 2 10 13 29 5</runs>
            <runs>0 3 1 11 13 29 5</runs>
            <runs>0 3 1 11 13 28 5</runs>
            <runs>0 15 12 29 5</runs>
            <runs>0 15 12 28 5</runs>
            <runs>0 16 11 27 6</runs>
            <runs>0 16 9 28 7</runs>
            <runs>0 17 8 28 7</runs>
            <runs>0 52 7</runs>
            <runs>0 51 7</runs>
            <runs>0 50 8</runs>
            <runs>0 49 8</runs>
            <runs>0 48 9</runs>
            <runs>0 44 12</runs>
            <runs>0 3 1 40 11</runs>
            <runs>0 3 1 40 11</runs>
            <runs>0 3 1 38 12</runs>
            <runs>0 3 2 35 13</runs>
            <runs>0 3 3 33 13</runs>
            <runs>7 30 14</runs>
            <runs>9 25 17</runs>
            <runs>11 21 18</runs>
            <runs>13 15 20</runs>
            <runs>16 4 27</runs>
            <runs>47</runs>
            <runs>46</runs>
            <runs>0 4 42</runs>
            <runs>0 5 41</runs>
            <runs>0 6 35</runs>
            <runs>0 7 33</runs>
            <runs>0 8 31</runs>
            <runs>0 11 25</runs>
            <runs>0 12 23</runs>
            <runs>0 13 18</runs>
            <runs>0 17 7 2 2</runs>
            <runs></runs>
            <runs>0 31 2</runs>
            <runs>0 13 1 16 5</runs>
            <runs>0 10 6 13 8</runs>
            <runs>0 9 8 12 8</runs>
            <runs>0 9 8 12 9</runs>
            <runs>0 9 9 11 9</runs>
            <runs>0 9 8 12 9</runs>
            <runs>0 9 8 12 9</runs>
            <runs>0 9 8 13 7</runs>
            <runs>0 9 7 15 4</runs>
            <runs>0 11 4</runs>
        </run-table>
    </sample>
    <sample shape="F_CLEF" interline="22" pitch="-1.4" left="165" top="2041" id="326">
        <run-table orientation="VERTICAL" width="65" height="68">
            <runs>0 62 2</runs>
            <runs>0 62 2</runs>
            <runs>0 62 2</runs>
            <runs>0 62 2</runs>
            <runs>0 62 2</runs>
            <runs>0 61 3</runs>
            <runs>0 61 3</runs>
            <runs>0 62 2</runs>
            <runs>0 13 7 42 2</runs>
            <runs>0 12 12 37 3</runs>
            <runs>0 10 3 3 8 37 7</runs>
            <runs>0 8 4 7 6 35 4</runs>
            <runs>0 7 3 8 8 34 4</runs>
            <runs>0 5 3 9 10 33 3</runs>
            <runs>0 4 3 9 12 31 4</runs>
            <runs>0 3 3 10 12 31 4</runs>
            <runs>0 3 2 10 13 30 5</runs>
            <runs>0 3 1 11 13 30 4</runs>
            <runs>0 3 1 11 13 29 5</runs>
            <runs>0 15 13 29 4</runs>
            <runs>0 15 12 29 5</runs>
            <runs>0 15 12 29 5</runs>
            <runs>0 16 10 29 5</runs>
            <runs>0 16 9 29 5</runs>
            <runs>0 18 7 29 5</runs>
            <runs>0 53 6</runs>
            <runs>0 52 6</runs>
            <runs>0 51 7</runs>
            <runs>0 50 7</runs>
            <runs>0 49 8</runs>
            <runs>0 48 8</runs>
            <runs>0 48 7</runs>
            <runs>0 44 11</runs>
            <runs>0 3 2 38 11</runs>
            <runs>0 3 3 37 10</runs>
            <runs>7 34 11</runs>
            <runs>8 31 13</runs>
            <runs>10 27 14</runs>
            <runs>9 1 1 1 1 22 15</runs>
            <runs>19 12 18</runs>
            <runs>24 3 21</runs>
            <runs>47</runs>
            <runs>0 3 43</runs>
            <runs>0 4 42</runs>
            <runs>0 5 41</runs>
            <runs>0 6 40</runs>
            <runs>0 7 34</runs>
            <runs>0 7 32</runs>
            <runs>0 8 29</runs>
            <runs>0 10 25</runs>
            <runs>0 13 21</runs>
            <runs>0 14 2 1 12 2 2</runs>
            <runs></runs>
            <runs></runs>
            <runs></runs>
            <runs>0 12 3 15 5</runs>
            <runs>0 10 6 14 6</runs>
            <runs>0 9 8 13 7</runs>
            <runs>0 9 8 12 8</runs>
            <runs>0 9 8 12 8</runs>
            <runs>0 8 9 12 8</runs>
            <runs>0 8 8 13 8</runs>
            <runs>0 9 7 14 6</runs>
            <runs>0 9 6 15 6</runs>
            <runs>0 11 1</runs>
        </run-table>
    </sample>
</samples>
