<?xml version="1.0" encoding="UTF-8" standalone="yes"?>
<samples sheet-name="IMSLP00003#10">
    <sample shape="G_CLEF" interline="22" pitch="0.6" left="139" top="277" id="315">
        <run-table orientation="VERTICAL" width="55" height="153">
            <runs>0 89 1 1 1</runs>
            <runs>0 83 14</runs>
            <runs>0 79 21</runs>
            <runs>0 77 26</runs>
            <runs>0 75 30</runs>
            <runs>0 72 34</runs>
            <runs>0 71 36</runs>
            <runs>0 69 39</runs>
            <runs>0 68 28 4 9</runs>
            <runs>0 66 26 11 8 26 7</runs>
            <runs>0 65 24 16 6 23 12</runs>
            <runs>0 63 24 20 5 21 14</runs>
            <runs>0 62 21 26 4 20 15</runs>
            <runs>0 61 20 29 3 19 17</runs>
            <runs>0 60 19 32 6 15 18</runs>
            <runs>0 59 19 11 10 13 2 17 20</runs>
            <runs>0 58 19 9 15 12 2 16 21</runs>
            <runs>0 57 19 8 19 10 2 15 22</runs>
            <runs>0 56 18 8 23 9 1 16 21</runs>
            <runs>0 55 19 7 16 4 5 8 1 16 17 2 2</runs>
            <runs>0 54 20 6 15 9 3 24 17 3 2</runs>
            <runs>0 53 21 5 11 16 2 23 16 4 2</runs>
            <runs>0 26 13 2 5 7 17 8 10 19 2 22 15 5 2</runs>
            <runs>0 23 45 10 9 21 2 23 12 6 2</runs>
            <runs>0 18 23 2 22 12 10 47 11 6 2</runs>
            <runs>0 16 21 12 17 10 11 48 8 8 2</runs>
            <runs>0 13 18 17 22 6 11 50 6 8 1</runs>
            <runs>0 11 19 17 15 5 20 63 2</runs>
            <runs>0 9 16 21 15 10 16 63 2</runs>
            <runs>0 8 14 23 15 15 12 63 2</runs>
            <runs>0 5 16 23 15 16 7 4 10 53 2</runs>
            <runs>0 5 14 24 15 17 7 6 12 49 3</runs>
            <runs>0 4 13 12 1 12 16 14 12 10 15 39 3</runs>
            <runs>0 4 13 12 2 10 16 16 11 12 3 1 13 33 4</runs>
            <runs>0 3 13 13 2 10 14 21 8 12 1 8 17 22 5</runs>
            <runs>0 2 12 15 2 8 15 22 9 11 1 17 12 2 3 1 16</runs>
            <runs>0 1 12 16 2 7 15 23 9 11 1 19 31</runs>
            <runs>12 17 2 6 16 20 13 10 1 28 20</runs>
            <runs>11 18 2 4 18 20 13 10 1 33 2 5 5</runs>
            <runs>10 19 3 2 14 28 10 10 1</runs>
            <runs>0 2 8 19 17 30 11 9 1 17 1</runs>
            <runs>0 4 6 18 16 33 10 26 2</runs>
            <runs>0 6 5 13 1 2 14 36 10 26 2</runs>
            <runs>0 8 6 5 22 36 11 24 2</runs>
            <runs>0 10 29 38 12 21 4</runs>
            <runs>0 13 24 41 11 19 5</runs>
            <runs>0 17 15 47 11 17 5</runs>
            <runs>0 80 12 13 7</runs>
            <runs>0 81 16 5 9</runs>
            <runs>0 82 28</runs>
            <runs>0 83 25</runs>
            <runs>0 84 23</runs>
            <runs>0 86 20</runs>
            <runs>0 88 16</runs>
            <runs>0 91 10</runs>
        </run-table>
    </sample>
    <sample shape="G_CLEF" interline="22" pitch="0.6" left="141" top="1347" id="380">
        <run-table orientation="VERTICAL" width="55" height="154">
            <runs>0 85 4 2 3</runs>
            <runs>0 82 16</runs>
            <runs>0 78 23</runs>
            <runs>0 72 31</runs>
            <runs>0 72 33</runs>
            <runs>0 71 36</runs>
            <runs>0 70 38</runs>
            <runs>0 68 41</runs>
            <runs>0 67 21 13 9</runs>
            <runs>0 65 18 22 6</runs>
            <runs>0 64 17 25 6 24 9</runs>
            <runs>0 62 18 28 4 22 13</runs>
            <runs>0 62 16 31 4 20 15</runs>
            <runs>0 61 16 34 3 19 16</runs>
            <runs>0 60 15 36 4 17 18</runs>
            <runs>0 59 16 15 9 13 6 14 18</runs>
            <runs>0 59 15 12 15 12 2 16 20</runs>
            <runs>0 57 18 9 19 10 2 16 20</runs>
            <runs>0 56 16 11 23 26 21</runs>
            <runs>0 56 15 11 8 2 6 4 6 24 22</runs>
            <runs>0 55 15 11 10 15 3 23 22</runs>
            <runs>0 55 14 11 4 1 6 16 3 22 18 2 2</runs>
            <runs>0 51 17 5 17 18 3 21 17 3 2</runs>
            <runs>0 26 19 6 16 6 16 20 3 21 15 4 2</runs>
            <runs>0 22 28 1 15 7 15 23 1 22 13 5 2</runs>
            <runs>0 19 47 7 11 1 2 48 11 6 2</runs>
            <runs>0 17 19 8 25 4 11 52 9 6 3</runs>
            <runs>0 14 18 17 36 54 4 8 3</runs>
            <runs>0 12 20 16 15 7 16 65 3</runs>
            <runs>0 11 15 21 15 11 14 64 2</runs>
            <runs>0 9 15 22 15 12 20 57 3</runs>
            <runs>0 7 15 23 15 13 12 5 11 48 4</runs>
            <runs>0 6 14 24 15 14 12 9 15 40 4</runs>
            <runs>0 5 13 25 15 15 11 16 12 36 4</runs>
            <runs>0 4 13 25 15 16 12 22 14 25 6</runs>
            <runs>0 3 12 25 15 18 12 29 14 17 5</runs>
            <runs>0 2 12 25 15 19 12 31 33</runs>
            <runs>0 1 12 24 17 19 12 31 1 7 24</runs>
            <runs>12 24 17 20 12 31 1 13 17</runs>
            <runs>11 24 18 20 12 30 2 17 9</runs>
            <runs>10 23 16 24 13 28 3</runs>
            <runs>10 19 19 25 13 28 3</runs>
            <runs>0 2 7 19 18 31 9 27 3</runs>
            <runs>0 3 6 17 18 33 10 25 3</runs>
            <runs>0 5 8 8 20 36 11 23 3</runs>
            <runs>0 9 29 40 11 20 5</runs>
            <runs>0 12 23 44 11 18 5</runs>
            <runs>0 16 11 53 17 10 5</runs>
            <runs>0 81 17 6 8</runs>
            <runs>0 82 28</runs>
            <runs>0 83 27</runs>
            <runs>0 84 24</runs>
            <runs>0 86 21</runs>
            <runs>0 88 16</runs>
            <runs>0 92 9</runs>
        </run-table>
    </sample>
    <sample shape="G_CLEF" interline="22" pitch="0.6" left="137" top="1886" id="407">
        <run-table orientation="VERTICAL" width="55" height="155">
            <runs>0 85 10</runs>
            <runs>0 81 19</runs>
            <runs>0 78 25</runs>
            <runs>0 75 31</runs>
            <runs>0 71 35</runs>
            <runs>0 71 37</runs>
            <runs>0 69 40</runs>
            <runs>0 69 41</runs>
            <runs>0 68 19 15 9</runs>
            <runs>0 66 19 19 8 27 1</runs>
            <runs>0 65 18 23 7 23 10</runs>
            <runs>0 64 17 27 6 21 12</runs>
            <runs>0 62 18 29 8 17 14</runs>
            <runs>0 61 17 1 1 30 7 16 16</runs>
            <runs>0 60 16 36 2 18 18</runs>
            <runs>0 59 16 13 12 13 1 18 19</runs>
            <runs>0 58 17 13 15 14 1 14 21</runs>
            <runs>0 58 17 10 20 12 1 14 21</runs>
            <runs>0 57 17 10 23 10 1 14 21</runs>
            <runs>0 57 17 9 15 5 5 9 1 14 22</runs>
            <runs>0 56 14 11 16 9 3 8 2 13 22</runs>
            <runs>0 27 11 17 15 11 10 16 3 7 2 13 18 1 3</runs>
            <runs>0 24 21 9 15 11 11 18 2 6 2 13 18 2 2</runs>
            <runs>0 20 48 11 10 21 2 5 3 13 16 3 2</runs>
            <runs>0 17 50 12 10 22 2 4 3 13 15 4 3</runs>
            <runs>0 14 25 7 21 2 1 8 10 29 3 15 13 4 3</runs>
            <runs>0 12 22 15 18 2 6 2 10 30 3 15 12 5 2</runs>
            <runs>0 11 20 18 37 31 3 18 7 7 2</runs>
            <runs>0 9 22 17 21 2 15 31 3 32 2</runs>
            <runs>0 8 16 22 19 11 11 30 3 31 2</runs>
            <runs>0 6 17 22 19 13 19 21 2 32 2</runs>
            <runs>0 5 16 23 19 14 9 2 12 1 1 15 2 31 3</runs>
            <runs>0 4 14 25 16 17 9 9 14 9 2 30 3</runs>
            <runs>0 3 14 24 17 18 9 17 10 5 2 29 4</runs>
            <runs>0 2 13 25 17 19 9 22 12 28 4</runs>
            <runs>0 1 13 25 17 20 9 28 14 18 5</runs>
            <runs>0 1 12 24 18 22 8 31 18 10 5</runs>
            <runs>12 23 19 23 8 32 2 3 27</runs>
            <runs>0 1 10 23 18 25 8 32 1 10 19</runs>
            <runs>0 2 8 22 20 25 9 31 1 17 9</runs>
            <runs>0 3 7 17 25 25 9</runs>
            <runs>0 4 5 18 20 31 8</runs>
            <runs>0 6 7 2 1 2 1 1 24 34 9</runs>
            <runs>0 9 33 36 11 24 1</runs>
            <runs>0 11 28 40 10 23 2</runs>
            <runs>0 14 22 43 11 20 4</runs>
            <runs>0 22 9 48 12 18 4</runs>
            <runs>0 80 15 12 5</runs>
            <runs>0 81 15 9 6</runs>
            <runs>0 82 29</runs>
            <runs>0 83 27</runs>
            <runs>0 83 25</runs>
            <runs>0 84 23</runs>
            <runs>0 85 19</runs>
            <runs>0 92 9</runs>
        </run-table>
    </sample>
    <sample shape="G_CLEF" interline="22" pitch="0.5" left="226" top="2439" id="432">
        <run-table orientation="VERTICAL" width="55" height="155">
            <runs>0 89 8</runs>
            <runs>0 81 17</runs>
            <runs>0 79 22</runs>
            <runs>0 77 27</runs>
            <runs>0 73 32</runs>
            <runs>0 73 34</runs>
            <runs>0 72 37</runs>
            <runs>0 70 39 28 7</runs>
            <runs>0 68 19 15 9 23 12</runs>
            <runs>0 66 19 20 6 22 15</runs>
            <runs>0 65 18 24 6 20 16</runs>
            <runs>0 64 17 27 5 19 17</runs>
            <runs>0 64 16 31 4 18 20</runs>
            <runs>0 63 15 34 4 16 21</runs>
            <runs>0 62 14 37 3 16 21</runs>
            <runs>0 61 15 15 9 14 3 15 22</runs>
            <runs>0 61 15 12 16 10 3 15 22</runs>
            <runs>0 60 16 10 21 8 2 15 18 1 3</runs>
            <runs>0 59 17 8 23 8 2 15 17 3 2</runs>
            <runs>0 58 14 11 15 6 4 8 1 15 17 3 2</runs>
            <runs>0 57 14 10 12 14 2 7 1 15 17 3 2</runs>
            <runs>0 56 14 11 10 17 2 23 15 4 2</runs>
            <runs>0 55 14 11 10 44 13 5 2</runs>
            <runs>0 52 16 11 10 45 12 6 3</runs>
            <runs>0 52 15 12 9 48 9 7 2</runs>
            <runs>0 33 9 2 1 6 15 12 10 51 2 11 2</runs>
            <runs>0 26 19 2 19 12 10 63 3</runs>
            <runs>0 23 22 2 20 10 10 64 2</runs>
            <runs>0 19 18 11 18 2 19 63 3</runs>
            <runs>0 16 15 18 14 11 13 63 2</runs>
            <runs>0 14 17 17 14 12 17 1 2 55 3</runs>
            <runs>0 12 20 15 14 13 12 1 20 41 4</runs>
            <runs>0 11 15 21 14 13 11 10 19 33 5</runs>
            <runs>0 10 14 22 14 17 8 19 19 22 6</runs>
            <runs>0 8 14 23 14 18 8 29 35</runs>
            <runs>0 7 13 24 14 19 8 32 31</runs>
            <runs>0 6 13 23 15 20 8 41 20</runs>
            <runs>0 5 12 24 15 21 8 31 1 18 7</runs>
            <runs>0 4 12 24 15 22 8 31 1</runs>
            <runs>0 3 12 23 16 23 8 30 2</runs>
            <runs>0 2 12 23 17 23 9 29 2</runs>
            <runs>0 1 12 23 18 23 9 29 2</runs>
            <runs>12 22 16 28 9 27 3</runs>
            <runs>12 21 16 29 10 25 3</runs>
            <runs>11 18 18 31 11 23 3</runs>
            <runs>0 2 8 19 16 33 12 20 4</runs>
            <runs>0 4 6 17 16 36 12 18 4</runs>
            <runs>0 5 7 10 19 40 12 14 5</runs>
            <runs>0 8 30 44 16 6 7</runs>
            <runs>0 11 24 47 29</runs>
            <runs>0 15 17 51 27</runs>
            <runs>0 86 23</runs>
            <runs>0 87 20</runs>
            <runs>0 90 14</runs>
            <runs>0 92 11</runs>
        </run-table>
    </sample>
    <sample shape="F_CLEF" interline="22" pitch="-1.4" left="133" top="1065" id="354">
        <run-table orientation="VERTICAL" width="60" height="67">
            <runs>0 65 2</runs>
            <runs>0 64 3</runs>
            <runs>0 64 3</runs>
            <runs>0 64 2</runs>
            <runs>0 15 2 46 3</runs>
            <runs>0 13 12 38 3</runs>
            <runs>0 10 15 38 2</runs>
            <runs>0 8 4 6 7 37 3</runs>
            <runs>0 7 3 8 7 37 2</runs>
            <runs>0 5 3 9 9 36 2</runs>
            <runs>0 5 2 10 10 34 3</runs>
            <runs>0 4 3 9 12 33 2</runs>
            <runs>6 10 12 32 3</runs>
            <runs>0 3 2 10 13 31 3</runs>
            <runs>0 3 1 11 13 30 4</runs>
            <runs>0 3 1 11 13 30 4</runs>
            <runs>0 15 12 30 4</runs>
            <runs>0 15 12 29 5</runs>
            <runs>0 16 10 29 5</runs>
            <runs>0 17 9 28 6</runs>
            <runs>0 19 6 28 6</runs>
            <runs>0 53 6</runs>
            <runs>0 52 6</runs>
            <runs>0 51 7</runs>
            <runs>0 50 7</runs>
            <runs>0 49 8</runs>
            <runs>0 45 11</runs>
            <runs>0 45 11</runs>
            <runs>0 45 10</runs>
            <runs>0 3 1 40 10</runs>
            <runs>0 3 2 39 10</runs>
            <runs>0 3 3 36 11</runs>
            <runs>0 1 6 33 12</runs>
            <runs>0 1 7 30 14</runs>
            <runs>0 1 9 25 16</runs>
            <runs>0 1 11 19 19</runs>
            <runs>0 4 13 4 28</runs>
            <runs>0 5 43</runs>
            <runs>0 6 42</runs>
            <runs>0 6 42</runs>
            <runs>0 7 37</runs>
            <runs>0 8 34</runs>
            <runs>0 9 31</runs>
            <runs>0 11 28</runs>
            <runs>0 11 26</runs>
            <runs>0 12 23</runs>
            <runs>0 15 17</runs>
            <runs>0 19 9</runs>
            <runs></runs>
            <runs></runs>
            <runs>0 10 4</runs>
            <runs>0 8 8</runs>
            <runs>0 8 8 13 6</runs>
            <runs>0 7 9 13 7</runs>
            <runs>0 7 9 12 8</runs>
            <runs>0 7 9 12 8</runs>
            <runs>0 8 8 13 7</runs>
            <runs>0 9 6 14 7</runs>
            <runs>0 10 4 15 6</runs>
            <runs>0 30 4</runs>
        </run-table>
    </sample>
    <sample shape="F_CLEF" interline="22" pitch="-1.6" left="134" top="3208" id="546">
        <run-table orientation="VERTICAL" width="63" height="66">
            <runs>0 64 1</runs>
            <runs>0 64 2</runs>
            <runs>0 63 2</runs>
            <runs>0 63 2</runs>
            <runs>0 63 2</runs>
            <runs>0 63 3</runs>
            <runs>0 63 3</runs>
            <runs>0 16 2 1 7 36 3</runs>
            <runs>0 11 15 36 3</runs>
            <runs>0 9 17 36 2</runs>
            <runs>0 8 18 35 3</runs>
            <runs>0 6 6 5 10 34 3</runs>
            <runs>0 5 5 7 11 33 3</runs>
            <runs>0 1 8 7 12 32 3</runs>
            <runs>0 1 7 8 12 31 4</runs>
            <runs>0 1 6 8 13 31 3</runs>
            <runs>0 4 2 9 13 30 4</runs>
            <runs>0 4 2 8 14 29 5</runs>
            <runs>0 4 1 9 14 29 4</runs>
            <runs>0 4 1 10 13 28 5</runs>
            <runs>0 15 13 28 4</runs>
            <runs>0 15 12 28 5</runs>
            <runs>0 16 10 28 5</runs>
            <runs>0 16 10 27 6</runs>
            <runs>0 18 1 33 7</runs>
            <runs>0 51 7</runs>
            <runs>0 50 8</runs>
            <runs>0 49 8</runs>
            <runs>0 45 11</runs>
            <runs>0 45 10</runs>
            <runs>0 46 9</runs>
            <runs>0 44 10</runs>
            <runs>0 42 11</runs>
            <runs>6 35 11</runs>
            <runs>6 33 13</runs>
            <runs>7 30 14</runs>
            <runs>8 26 16</runs>
            <runs>10 22 17</runs>
            <runs>12 15 21</runs>
            <runs>14 5 29</runs>
            <runs>47</runs>
            <runs>47</runs>
            <runs>0 5 42</runs>
            <runs>0 6 37</runs>
            <runs>0 7 34</runs>
            <runs>0 8 31</runs>
            <runs>0 9 28</runs>
            <runs>0 10 10 1 15</runs>
            <runs>0 12 22</runs>
            <runs>0 13 18</runs>
            <runs>0 15 4</runs>
            <runs></runs>
            <runs></runs>
            <runs></runs>
            <runs>0 10 5 15 4</runs>
            <runs>0 9 7 13 7</runs>
            <runs>0 8 8 13 7</runs>
            <runs>0 8 9 11 8</runs>
            <runs>0 8 8 12 8</runs>
            <runs>0 8 8 13 7</runs>
            <runs>0 9 7 13 7</runs>
            <runs>0 10 5 15 5</runs>
            <runs>0 11 3</runs>
        </run-table>
    </sample>
    <sample shape="SHARP" interline="22" pitch="-4.0" left="297" top="2435" id="474">
        <run-table orientation="VERTICAL" width="23" height="64">
            <runs>0 45 8</runs>
            <runs>0 24 7 13 10</runs>
            <runs>0 23 8 13 9</runs>
            <runs>0 22 8 14 9</runs>
            <runs>0 22 8 13 9</runs>
            <runs>0 7 27 9 10</runs>
            <runs>0 7 27 2 28</runs>
            <runs>0 20 8 13 9 3 10</runs>
            <runs>0 20 7 14 8</runs>
            <runs>0 20 4 17 8</runs>
            <runs>0 19 5 1 1 15 7</runs>
            <runs>0 19 7 14 8</runs>
            <runs>0 18 8 14 7</runs>
            <runs>0 18 7 14 8</runs>
            <runs>0 17 8 14 7</runs>
            <runs>0 17 7 14 8</runs>
            <runs>0 3 1 12 8 13 10</runs>
            <runs>26 5 27</runs>
            <runs>0 14 9 13 8</runs>
            <runs>0 14 8 14 7</runs>
            <runs>0 14 8 14 7</runs>
            <runs>0 14 7 15 7</runs>
            <runs>0 13 8 11 10</runs>
        </run-table>
    </sample>
    <sample shape="SHARP" interline="22" pitch="-0.9" left="320" top="2467" id="477">
        <run-table orientation="VERTICAL" width="23" height="68">
            <runs>0 33 1 10 12</runs>
            <runs>0 26 8 10 12</runs>
            <runs>0 26 7 11 11</runs>
            <runs>0 22 11 11 11</runs>
            <runs>0 13 2 7 13 9 10</runs>
            <runs>0 10 58</runs>
            <runs>0 13 2 3 2 1 12 9 26</runs>
            <runs>0 22 9 13 8 11 2</runs>
            <runs>0 22 8 13 9</runs>
            <runs>0 22 8 14 8</runs>
            <runs>0 23 7 14 8</runs>
            <runs>0 22 8 13 8</runs>
            <runs>0 22 7 14 8</runs>
            <runs>0 21 8 13 8</runs>
            <runs>0 21 8 13 8</runs>
            <runs>0 20 8 12 11</runs>
            <runs>31 2 28</runs>
            <runs>0 1 2 1 29 6 10 5 7</runs>
            <runs>0 1 2 15 9 12 9</runs>
            <runs>0 1 2 15 8 13 8</runs>
            <runs>0 1 2 15 8 13 8</runs>
            <runs>0 1 2 14 8 13 9</runs>
            <runs>0 1 2 14 8 14 8</runs>
        </run-table>
    </sample>
    <sample shape="SHARP" interline="22" pitch="-4.9" left="343" top="2425" id="479">
        <run-table orientation="VERTICAL" width="23" height="64">
            <runs>0 24 7 12 2 3 1</runs>
            <runs>0 23 8 12 10</runs>
            <runs>0 23 8 12 10</runs>
            <runs>0 22 8 13 10</runs>
            <runs>0 7 2 1 5 4 11 13 9</runs>
            <runs>0 6 47 1 1</runs>
            <runs>0 17 47</runs>
            <runs>0 20 8 13 10 1 12</runs>
            <runs>0 19 9 13 9</runs>
            <runs>0 19 8 14 8</runs>
            <runs>0 18 9 13 8</runs>
            <runs>0 18 8 14 8</runs>
            <runs>0 17 9 13 8</runs>
            <runs>0 17 8 14 8</runs>
            <runs>0 16 9 13 9</runs>
            <runs>0 15 10 12 10</runs>
            <runs>28 6 13 7 1</runs>
            <runs>0 6 2 4 46</runs>
            <runs>0 14 9 12 10</runs>
            <runs>0 14 8 13 9</runs>
            <runs>0 13 9 13 9</runs>
            <runs>0 12 9 13 10</runs>
            <runs>0 12 9 13 10</runs>
        </run-table>
    </sample>
    <sample shape="SHARP" interline="22" pitch="-2.1" left="368" top="2456" id="473">
        <run-table orientation="VERTICAL" width="24" height="64">
            <runs>0 27 3 1 1 14 8</runs>
            <runs>0 24 8 13 9</runs>
            <runs>0 23 9 13 8</runs>
            <runs>0 23 8 13 8</runs>
            <runs>0 8 8 6 9 13 14</runs>
            <runs>0 7 29 2 2 3 21</runs>
            <runs>0 16 1 4 11 1 18 3 10</runs>
            <runs>0 21 8 13 8</runs>
            <runs>0 20 8 14 7</runs>
            <runs>0 20 8 13 8</runs>
            <runs>0 19 8 14 7</runs>
            <runs>0 19 7 15 7</runs>
            <runs>0 18 8 14 7</runs>
            <runs>0 18 8 14 7</runs>
            <runs>0 17 8 14 7</runs>
            <runs>0 16 9 14 2 1 5</runs>
            <runs>25 7 15 2 9</runs>
            <runs>0 1 23 6 15</runs>
            <runs>0 14 9 13 8</runs>
            <runs>0 14 9 13 8</runs>
            <runs>0 14 8 11 11</runs>
            <runs>0 10 12 11 11</runs>
            <runs>0 10 11 12 10</runs>
            <runs>0 41 2</runs>
        </run-table>
    </sample>
    <sample shape="SHARP" interline="22" pitch="-2.1" left="301" top="2657" id="481">
        <run-table orientation="VERTICAL" width="23" height="63">
            <runs>0 25 6 14 8</runs>
            <runs>0 24 7 13 9</runs>
            <runs>0 23 7 14 8</runs>
            <runs>0 22 8 13 9</runs>
            <runs>0 8 3 11 9 11 10</runs>
            <runs>0 7 56</runs>
            <runs>0 17 11 11 24</runs>
            <runs>0 20 7 14 9 12 1</runs>
            <runs>0 20 7 14 8</runs>
            <runs>0 20 6 14 9</runs>
            <runs>0 19 7 14 8</runs>
            <runs>0 18 7 15 8</runs>
            <runs>0 18 7 14 8</runs>
            <runs>0 17 8 13 9</runs>
            <runs>0 16 8 14 8</runs>
            <runs>0 16 8 1 1 11 9</runs>
            <runs>13 1 13 3 27</runs>
            <runs>0 2 21 1 1 8 12 4 8</runs>
            <runs>0 14 8 14 7</runs>
            <runs>0 14 8 11 10</runs>
            <runs>0 14 7 12 10</runs>
            <runs>0 11 10 12 9</runs>
            <runs>0 11 9 20 1</runs>
        </run-table>
    </sample>
    <sample shape="SHARP" interline="22" pitch="1.3" left="323" top="2692" id="488">
        <run-table orientation="VERTICAL" width="23" height="67">
            <runs>0 24 3 1 3 11 11</runs>
            <runs>0 20 11 11 11</runs>
            <runs>0 20 10 12 10</runs>
            <runs>0 20 10 12 10</runs>
            <runs>0 20 12 10 12</runs>
            <runs>0 7 60</runs>
            <runs>0 8 59</runs>
            <runs>0 20 10 10 27</runs>
            <runs>0 20 9 12 9</runs>
            <runs>0 20 8 13 8</runs>
            <runs>0 20 7 14 8</runs>
            <runs>0 19 8 13 9</runs>
            <runs>0 19 7 14 8</runs>
            <runs>0 18 8 13 9</runs>
            <runs>0 18 7 14 8</runs>
            <runs>0 17 8 13 8</runs>
            <runs>3 3 53</runs>
            <runs>3 4 18 1 33</runs>
            <runs>0 15 8 14 8 11 2</runs>
            <runs>0 15 8 14 7</runs>
            <runs>0 15 8 13 8</runs>
            <runs>0 14 8 14 9</runs>
            <runs>0 17 3 15 10</runs>
        </run-table>
    </sample>
    <sample shape="SHARP" interline="22" pitch="-3.1" left="339" top="2648" id="494">
        <run-table orientation="VERTICAL" width="30" height="58">
            <runs>0 44 3</runs>
            <runs>0 44 3</runs>
            <runs></runs>
            <runs></runs>
            <runs></runs>
            <runs></runs>
            <runs>0 25 1 3 1 13 9</runs>
            <runs>0 23 8 12 9</runs>
            <runs>0 20 11 12 9</runs>
            <runs>0 20 10 13 8</runs>
            <runs>0 20 10 13 8</runs>
            <runs>0 7 10 2 11 4 24</runs>
            <runs>0 6 28 7 9 6 1</runs>
            <runs>0 19 9 13 8</runs>
            <runs>0 20 8 12 9</runs>
            <runs>0 20 8 12 8</runs>
            <runs>0 19 8 13 7</runs>
            <runs>0 18 8 13 8</runs>
            <runs>0 18 8 13 8</runs>
            <runs>0 18 7 13 8</runs>
            <runs>0 17 8 13 8</runs>
            <runs>0 16 9 13 8</runs>
            <runs>0 3 7 1 2 3 9 9 24</runs>
            <runs>10 1 23 1 10</runs>
            <runs>0 4 5 4 10 13 8</runs>
            <runs>0 14 9 13 8</runs>
            <runs>0 14 9 12 9</runs>
            <runs>0 13 10 11 10</runs>
            <runs>0 13 9</runs>
            <runs>0 13 9</runs>
        </run-table>
    </sample>
    <sample shape="SHARP" interline="22" pitch="0.0" left="368" top="2680" id="487">
        <run-table orientation="VERTICAL" width="23" height="63">
            <runs>0 25 1 1 1 1 1 15 8</runs>
            <runs>0 23 8 13 8</runs>
            <runs>0 23 7 14 8</runs>
            <runs>0 22 8 13 8</runs>
            <runs>0 21 9 13 8</runs>
            <runs>0 6 25 4 28</runs>
            <runs>0 8 1 4 4 3 8 10 12 1 12</runs>
            <runs>0 20 8 13 8</runs>
            <runs>0 19 8 14 7</runs>
            <runs>0 19 7 14 8</runs>
            <runs>0 19 7 14 7</runs>
            <runs>0 18 8 14 7</runs>
            <runs>0 18 7 14 8</runs>
            <runs>0 17 8 13 8</runs>
            <runs>0 17 7 14 8</runs>
            <runs>0 16 8 13 9</runs>
            <runs>0 2 32 1 23</runs>
            <runs>24 2 19 3 10</runs>
            <runs>2 12 8 14 8</runs>
            <runs>0 14 8 13 8</runs>
            <runs>0 13 9 13 8</runs>
            <runs>0 10 11 11 11</runs>
            <runs>0 10 11 11 10</runs>
        </run-table>
    </sample>
    <sample shape="SHARP" interline="22" pitch="-4.0" left="204" top="2939" id="567">
        <run-table orientation="VERTICAL" width="25" height="64">
            <runs>0 26 1 1 2 20 3</runs>
            <runs>0 23 11 11 8</runs>
            <runs>0 23 11 11 7</runs>
            <runs>0 22 9 13 8</runs>
            <runs>0 21 9 14 8</runs>
            <runs>0 16 41 3 3</runs>
            <runs>0 7 57</runs>
            <runs>0 6 10 1 12 8 26</runs>
            <runs>0 11 4 4 9 13 8</runs>
            <runs>0 19 9 13 8</runs>
            <runs>0 19 8 13 8</runs>
            <runs>0 18 9 13 8</runs>
            <runs>0 18 9 13 8</runs>
            <runs>0 17 9 13 8</runs>
            <runs>0 17 8 14 8</runs>
            <runs>0 16 9 13 8</runs>
            <runs>0 16 10 11 10 2 2 1 2</runs>
            <runs>0 2 2 11 43</runs>
            <runs>24 1 2 9 9</runs>
            <runs>23 13 8</runs>
            <runs>0 14 8 13 8</runs>
            <runs>0 14 8 13 8</runs>
            <runs>0 14 7 10 11</runs>
            <runs>0 13 8 12 3 1 3</runs>
            <runs>0 13 3</runs>
        </run-table>
    </sample>
    <sample shape="SHARP" interline="22" pitch="-0.9" left="229" top="2971" id="568">
        <run-table orientation="VERTICAL" width="24" height="69">
            <runs>0 21 11 11 12</runs>
            <runs>0 22 10 11 11</runs>
            <runs>0 21 11 11 11</runs>
            <runs>0 1 1 19 10 12 10</runs>
            <runs>0 1 2 6 5 3 2 2 12 10 11</runs>
            <runs>0 1 2 5 61</runs>
            <runs>0 1 2 5 3 3 2 3 50</runs>
            <runs>0 1 1 20 8 12 10 2 15</runs>
            <runs>0 1 1 20 8 12 9</runs>
            <runs>0 1 1 19 8 13 9</runs>
            <runs>0 1 1 19 7 14 8</runs>
            <runs>0 1 1 18 8 13 9</runs>
            <runs>0 1 1 18 8 13 8</runs>
            <runs>0 1 1 17 8 13 9</runs>
            <runs>0 1 2 15 9 13 8</runs>
            <runs>0 1 2 15 10 11 9</runs>
            <runs>60</runs>
            <runs>60</runs>
            <runs>0 16 9 12 10</runs>
            <runs>0 16 9 12 9</runs>
            <runs>0 16 9 12 9</runs>
            <runs>0 15 9 13 9</runs>
            <runs>0 15 9 12 10</runs>
            <runs>0 41 3</runs>
        </run-table>
    </sample>
    <sample shape="SHARP" interline="22" pitch="-4.8" left="252" top="2928" id="569">
        <run-table orientation="VERTICAL" width="25" height="67">
            <runs>0 28 1 16 2</runs>
            <runs>0 26 5 12 11</runs>
            <runs>0 24 7 12 10</runs>
            <runs>0 23 8 12 10</runs>
            <runs>0 23 8 11 11</runs>
            <runs>0 8 7 5 1 1 13 3 15 1 1</runs>
            <runs>0 7 51 4 3</runs>
            <runs>0 8 21 4 34</runs>
            <runs>0 19 9 13 10 4 1 2 2</runs>
            <runs>0 19 8 14 8</runs>
            <runs>0 19 8 13 9</runs>
            <runs>0 19 8 13 8</runs>
            <runs>0 18 8 14 8</runs>
            <runs>0 18 8 13 9</runs>
            <runs>0 17 8 14 8</runs>
            <runs>0 16 9 13 9</runs>
            <runs>0 16 9 2 4 6 10</runs>
            <runs>25 2 31</runs>
            <runs>27 4 15 2 10</runs>
            <runs>0 13 10 13 8</runs>
            <runs>0 13 9 13 9</runs>
            <runs>0 13 8 14 9</runs>
            <runs>0 13 8 14 9</runs>
            <runs>0 12 9 14 9</runs>
            <runs>0 16 1</runs>
        </run-table>
    </sample>
    <sample shape="SHARP" interline="22" pitch="-1.9" left="277" top="2961" id="570">
        <run-table orientation="VERTICAL" width="25" height="63">
            <runs>0 47 9</runs>
            <runs>0 23 10 12 11</runs>
            <runs>0 23 10 11 11</runs>
            <runs>0 22 11 11 8</runs>
            <runs>0 21 12 10 9</runs>
            <runs>0 8 8 1 16 6 17</runs>
            <runs>0 6 57</runs>
            <runs>0 6 10 1 46</runs>
            <runs>0 19 10 11 10</runs>
            <runs>0 19 9 12 9</runs>
            <runs>0 19 8 13 9</runs>
            <runs>0 18 9 13 9</runs>
            <runs>0 18 9 12 9</runs>
            <runs>0 17 9 13 9</runs>
            <runs>0 17 9 12 9</runs>
            <runs>0 17 9 11 10</runs>
            <runs>0 14 13 9 14 5 2</runs>
            <runs>58</runs>
            <runs>57</runs>
            <runs>0 8 16 12 10</runs>
            <runs>0 14 9 12 9</runs>
            <runs>0 14 8 12 10</runs>
            <runs>0 14 7 10 12</runs>
            <runs>0 14 7 10 11</runs>
            <runs>0 16 1</runs>
        </run-table>
    </sample>
    <sample shape="SHARP" interline="22" pitch="-2.1" left="206" top="3198" id="575">
        <run-table orientation="VERTICAL" width="25" height="64">
            <runs>0 29 3 16 2</runs>
            <runs>0 24 10 11 11</runs>
            <runs>0 23 11 11 11</runs>
            <runs>0 23 8 13 8</runs>
            <runs>0 8 1 13 12 10 8</runs>
            <runs>0 7 2 4 39</runs>
            <runs>0 7 57</runs>
            <runs>0 8 21 9 3 1 22</runs>
            <runs>0 20 9 13 8</runs>
            <runs>0 20 8 13 9</runs>
            <runs>0 19 9 13 8</runs>
            <runs>0 18 9 14 8</runs>
            <runs>0 18 8 14 8</runs>
            <runs>0 17 9 14 8</runs>
            <runs>0 17 9 13 8</runs>
            <runs>0 16 10 12 9</runs>
            <runs>26 3 19 1 7</runs>
            <runs>59</runs>
            <runs>29 2 14 6 1 4 2</runs>
            <runs>0 14 10 12 8</runs>
            <runs>0 14 9 12 9</runs>
            <runs>0 13 9 13 8</runs>
            <runs>0 9 13 9 12</runs>
            <runs>0 9 12 14 2 2 2</runs>
            <runs>0 13 3</runs>
        </run-table>
    </sample>
    <sample shape="SHARP" interline="22" pitch="1.3" left="229" top="3230" id="576">
        <run-table orientation="VERTICAL" width="24" height="69">
            <runs>0 31 1</runs>
            <runs>0 23 2 1 8 10 12</runs>
            <runs>0 22 12 10 13</runs>
            <runs>0 22 12 10 12</runs>
            <runs>0 10 2 1 5 4 11 11 11</runs>
            <runs>0 9 25 2 1 7 11</runs>
            <runs>0 11 2 1 5 1 41 2 6</runs>
            <runs>0 22 10 3 34</runs>
            <runs>0 22 9 12 26</runs>
            <runs>0 21 9 13 10 5 10</runs>
            <runs>0 21 9 13 9 10 6</runs>
            <runs>0 21 8 13 10</runs>
            <runs>0 20 9 13 10</runs>
            <runs>0 19 9 13 10</runs>
            <runs>0 19 9 13 9</runs>
            <runs>6 2 1 9 9 13 10</runs>
            <runs>29 10 12</runs>
            <runs>0 3 51 2 3</runs>
            <runs>0 16 10 6 29</runs>
            <runs>0 16 9 13 23</runs>
            <runs>0 15 10 12 10</runs>
            <runs>0 15 9 13 10</runs>
            <runs>0 15 9 13 9</runs>
            <runs>0 14 10 13 9</runs>
        </run-table>
    </sample>
    <sample shape="SHARP" interline="22" pitch="-3.0" left="253" top="3187" id="581">
        <run-table orientation="VERTICAL" width="24" height="67">
            <runs>0 47 3 2 1 2 2</runs>
            <runs>0 20 11 12 10</runs>
            <runs>0 20 11 12 10</runs>
            <runs>0 20 11 11 10</runs>
            <runs>0 20 10 12 10</runs>
            <runs>0 6 24 1 1 8 12 6 1</runs>
            <runs>0 6 61</runs>
            <runs>0 12 38 4 13</runs>
            <runs>0 19 9 10 1 2 8 13 1</runs>
            <runs>0 19 9 12 9</runs>
            <runs>0 18 9 13 9</runs>
            <runs>0 18 8 13 9</runs>
            <runs>0 17 9 13 8</runs>
            <runs>0 17 9 13 8</runs>
            <runs>0 16 9 13 9</runs>
            <runs>0 16 9 13 8</runs>
            <runs>23 14 19</runs>
            <runs>58</runs>
            <runs>0 1 4 3 37</runs>
            <runs>0 14 9 12 9</runs>
            <runs>0 13 9 13 9</runs>
            <runs>0 13 9 13 9</runs>
            <runs>0 13 9 12 10</runs>
            <runs>0 12 10 12 6</runs>
        </run-table>
    </sample>
    <sample shape="SHARP" interline="22" pitch="-0.2" left="276" top="3218" id="579">
        <run-table orientation="VERTICAL" width="23" height="63">
            <runs>0 25 1 2 3 15 2 1 3</runs>
            <runs>0 23 8 14 8</runs>
            <runs>0 23 7 14 9</runs>
            <runs>0 18 1 3 8 14 8</runs>
            <runs>0 9 2 6 13 13 9</runs>
            <runs>0 6 29 5 1 1 10</runs>
            <runs>0 6 3 1 53</runs>
            <runs>0 19 9 13 22</runs>
            <runs>0 19 8 14 9</runs>
            <runs>0 19 8 13 9</runs>
            <runs>0 19 7 14 8</runs>
            <runs>0 18 8 14 8</runs>
            <runs>0 18 7 14 8</runs>
            <runs>0 17 8 14 8</runs>
            <runs>0 16 8 14 9</runs>
            <runs>0 15 9 14 8</runs>
            <runs>1 8 20 8 10</runs>
            <runs>24 4 29</runs>
            <runs>9 5 8 11 12 8 2</runs>
            <runs>0 14 8 11 11</runs>
            <runs>0 11 11 11 10</runs>
            <runs>0 11 10 12 10</runs>
            <runs>0 11 9 13 9</runs>
        </run-table>
    </sample>
    <sample shape="TIME_TWO" interline="22" pitch="-2.1" left="413" top="2469" id="517">
        <run-table orientation="VERTICAL" width="28" height="40">
            <runs>0 8 1</runs>
            <runs>0 5 8 19 5</runs>
            <runs>0 3 12 16 5</runs>
            <runs>0 2 13 15 4</runs>
            <runs>0 1 15 11 7</runs>
            <runs>16 10 8</runs>
            <runs>2 1 13 8 4 2 4</runs>
            <runs>1 5 10 7 3 4 7</runs>
            <runs>1 7 8 6 4 4 7</runs>
            <runs>1 8 7 6 3 4 9</runs>
            <runs>0 10 5 7 3 4 10</runs>
            <runs>0 19 6 4 10</runs>
            <runs>1 18 5 5 10</runs>
            <runs>1 16 7 5 11</runs>
            <runs>2 14 7 6 11</runs>
            <runs>3 12 8 6 11</runs>
            <runs>5 4 14 7 10</runs>
            <runs>22 8 10</runs>
            <runs>22 8 10</runs>
            <runs>22 9 9</runs>
            <runs>0 1 21 9 8</runs>
            <runs>0 2 20 9 8</runs>
            <runs>0 3 19 9 8</runs>
            <runs>0 4 18 9 7</runs>
            <runs>0 5 14 12 6</runs>
            <runs>0 5 13 12 5</runs>
            <runs>0 7 10 8 6</runs>
            <runs>0 9 5 11 6</runs>
        </run-table>
    </sample>
    <sample shape="TIME_TWO" interline="22" pitch="-2.1" left="413" top="2669" id="527">
        <run-table orientation="VERTICAL" width="29" height="40">
            <runs>0 34 4</runs>
            <runs>0 6 5 21 6</runs>
            <runs>0 4 8 1 1 16 6</runs>
            <runs>0 2 12 15 5</runs>
            <runs>0 1 14 11 7</runs>
            <runs>16 6 1 3 8</runs>
            <runs>16 6 1 2 3 2 4</runs>
            <runs>16 6 1 1 3 3 4</runs>
            <runs>15 7 3 4 7</runs>
            <runs>0 7 8 7 2 5 8</runs>
            <runs>0 8 6 8 2 5 9</runs>
            <runs>0 8 5 9 2 5 9</runs>
            <runs>0 10 3 9 1 6 10</runs>
            <runs>0 22 1 6 10</runs>
            <runs>0 17 6 6 10</runs>
            <runs>0 15 8 7 10</runs>
            <runs>0 1 1 11 10 7 4 2 4</runs>
            <runs>0 1 2 10 10 7 3 2 5</runs>
            <runs>23 8 9</runs>
            <runs>23 8 9</runs>
            <runs>23 9 7</runs>
            <runs>23 9 7</runs>
            <runs>20 12 7</runs>
            <runs>19 13 6</runs>
            <runs>0 2 16 13 6</runs>
            <runs>0 4 13 13 6</runs>
            <runs>0 5 11 10 8</runs>
            <runs>0 7 7 12 1</runs>
            <runs>0 10 3</runs>
        </run-table>
    </sample>
    <sample shape="TIME_FOUR" interline="22" pitch="2.0" left="413" top="2513" id="520">
        <run-table orientation="VERTICAL" width="29" height="40">
            <runs>0 26 6</runs>
            <runs>0 24 8</runs>
            <runs>0 19 13</runs>
            <runs>0 18 14</runs>
            <runs>0 16 16</runs>
            <runs>0 11 13 4 4</runs>
            <runs>0 2 20 6 4</runs>
            <runs>0 2 21 6 4</runs>
            <runs>0 2 21 6 4</runs>
            <runs>0 2 17 10 4</runs>
            <runs>0 2 15 12 4</runs>
            <runs>0 2 14 13 3</runs>
            <runs>0 3 12 14 3</runs>
            <runs>0 2 12 15 4</runs>
            <runs>0 2 9 14 12 1 2</runs>
            <runs>0 2 8 5 25</runs>
            <runs>0 2 7 4 27</runs>
            <runs>0 2 6 4 28</runs>
            <runs>5 5 27 2 1</runs>
            <runs>0 9 28 2 1</runs>
            <runs>0 7 33</runs>
            <runs>0 6 34</runs>
            <runs>0 6 34</runs>
            <runs>0 13 4 1 22</runs>
            <runs>0 28 4</runs>
            <runs>0 28 4</runs>
            <runs>0 28 4</runs>
            <runs>0 28 4</runs>
            <runs>0 28 4</runs>
        </run-table>
    </sample>
    <sample shape="TIME_FOUR" interline="22" pitch="2.2" left="412" top="2714" id="531">
        <run-table orientation="VERTICAL" width="30" height="40">
            <runs>0 24 7</runs>
            <runs>0 23 8</runs>
            <runs>0 22 9</runs>
            <runs>0 18 13</runs>
            <runs>0 16 8 2 5</runs>
            <runs>0 13 9 4 5</runs>
            <runs>22 5 5</runs>
            <runs>22 5 5</runs>
            <runs>0 1 18 8 5</runs>
            <runs>0 1 16 10 5</runs>
            <runs>16 11 5</runs>
            <runs>14 13 4 8 1</runs>
            <runs>12 16 3 8 1</runs>
            <runs>0 1 9 18 4 6 2</runs>
            <runs>0 1 7 8 6 4 14</runs>
            <runs>0 2 3 9 26</runs>
            <runs>0 2 1 9 28</runs>
            <runs>0 11 29</runs>
            <runs>0 10 30</runs>
            <runs>0 8 32</runs>
            <runs>0 6 34</runs>
            <runs>0 5 35</runs>
            <runs>0 5 35</runs>
            <runs>0 25 5 3 7</runs>
            <runs>0 27 3</runs>
            <runs>0 27 3</runs>
            <runs>0 27 3</runs>
            <runs>0 27 3</runs>
            <runs>0 27 3</runs>
            <runs>0 27 4</runs>
        </run-table>
    </sample>
    <sample shape="TIME_TWO_FOUR" interline="22" pitch="0.0" left="413" top="2469" id="512">
        <run-table orientation="VERTICAL" width="29" height="84">
            <runs>0 8 1 61 6</runs>
            <runs>0 5 8 19 5 31 8</runs>
            <runs>0 3 12 16 5 27 13</runs>
            <runs>0 2 13 15 4 28 14</runs>
            <runs>0 1 15 11 7 26 16</runs>
            <runs>16 10 8 21 13 4 4</runs>
            <runs>2 1 13 8 4 2 4 12 20 6 4</runs>
            <runs>1 5 10 7 3 4 7 9 21 6 4</runs>
            <runs>1 7 8 6 4 4 7 9 21 6 4</runs>
            <runs>1 8 7 6 3 4 9 8 17 10 4</runs>
            <runs>0 10 5 7 3 4 10 7 15 12 4</runs>
            <runs>0 19 6 4 10 7 14 13 3</runs>
            <runs>1 18 5 5 10 8 12 14 3</runs>
            <runs>1 16 7 5 11 6 12 15 4</runs>
            <runs>2 14 7 6 11 6 9 14 12 1 2</runs>
            <runs>3 12 8 6 11 6 8 5 25</runs>
            <runs>5 4 14 7 10 6 7 4 27</runs>
            <runs>22 8 11 5 6 4 28</runs>
            <runs>22 8 10 2 7 5 27 2 1</runs>
            <runs>22 9 9 13 28 2 1</runs>
            <runs>0 1 21 9 8 12 33</runs>
            <runs>0 2 20 9 8 11 34</runs>
            <runs>0 3 19 9 8 11 34</runs>
            <runs>0 4 18 9 7 19 4 1 22</runs>
            <runs>0 5 14 12 6 35 4</runs>
            <runs>0 5 13 12 5 37 4</runs>
            <runs>0 7 10 8 6 41 4</runs>
            <runs>0 9 5 11 6 41 4</runs>
            <runs>0 72 4</runs>
        </run-table>
    </sample>
    <sample shape="TIME_TWO_FOUR" interline="22" pitch="-0.0" left="412" top="2669" id="526">
        <run-table orientation="VERTICAL" width="30" height="85">
            <runs>0 69 7</runs>
            <runs>0 34 4 30 8</runs>
            <runs>0 6 5 21 6 29 9</runs>
            <runs>0 4 8 1 1 16 6 27 13</runs>
            <runs>0 2 12 15 5 27 8 2 5</runs>
            <runs>0 1 14 11 7 25 9 4 5</runs>
            <runs>16 6 1 3 8 9 24 5 5</runs>
            <runs>16 6 1 2 3 2 4 9 24 5 5</runs>
            <runs>16 6 1 1 3 3 4 12 18 8 5</runs>
            <runs>15 7 3 4 7 10 16 10 5</runs>
            <runs>0 7 8 7 2 5 8 6 18 11 5</runs>
            <runs>0 8 6 8 2 5 9 5 16 13 4 8 1</runs>
            <runs>0 8 5 9 2 5 9 5 14 16 3 8 1</runs>
            <runs>0 10 3 9 1 6 10 7 9 18 4 6 2</runs>
            <runs>0 22 1 6 10 7 7 8 6 4 14</runs>
            <runs>0 17 6 6 10 8 3 9 26</runs>
            <runs>0 15 8 7 10 7 1 9 28</runs>
            <runs>0 1 1 11 10 7 4 2 4 16 29</runs>
            <runs>0 1 2 10 10 7 3 2 5 15 30</runs>
            <runs>23 8 9 13 32</runs>
            <runs>23 8 9 11 34</runs>
            <runs>23 9 7 11 35</runs>
            <runs>23 9 7 11 35</runs>
            <runs>20 12 7 31 5 3 7</runs>
            <runs>19 13 6 34 3</runs>
            <runs>0 2 16 13 6 35 3</runs>
            <runs>0 4 13 13 6 36 3</runs>
            <runs>0 5 11 10 8 38 3</runs>
            <runs>0 7 7 12 1 45 3</runs>
            <runs>0 10 3 59 4</runs>
        </run-table>
    </sample>
</samples>
