<?xml version="1.0" encoding="UTF-8"?>
<stick id="1353" interline="21" shape="BEAM_CHUNK">
    <is-within-system>true</is-within-system>
    <has-ledger>false</has-ledger>
    <stem-number>1</stem-number>
    <step-line>-2.1176470588235294</step-line>
    <moments>
        <k>0.3900226757369615</k>
        <k>0.5714285714285714</k>
        <k>0.8571428571428571</k>
        <k>0.056692335266077094</k>
        <k>-0.01811790156841536</k>
        <k>0.12253244997295835</k>
        <k>-0.0019740979987862665</k>
        <k>0.0011910504307324282</k>
        <k>0.004030606724098974</k>
        <k>-0.005064556697937536</k>
        <k>0.17922478523903546</k>
        <k>0.005647954133586432</k>
        <k>2.724600533184472E-4</k>
        <k>1.923327893936455E-5</k>
        <k>1.2572162275243821E-9</k>
        <k>1.286717087741852E-6</k>
        <k>-5.982424819431818E-10</k>
        <k>2009.1279069767443</k>
        <k>1498.5</k>
    </moments>
    <section id="3347" first-pos="2003">
        <run start="1498" length="6" level="123"/>
        <run start="1498" length="8" level="89"/>
        <run start="1494" length="12" level="93"/>
        <run start="1492" length="15" level="77"/>
        <run start="1492" length="15" level="71"/>
        <run start="1491" length="17" level="67"/>
        <run start="1490" length="18" level="72"/>
        <run start="1490" length="17" level="63"/>
        <run start="1490" length="17" level="75"/>
        <run start="1490" length="16" level="67"/>
        <run start="1490" length="16" level="80"/>
        <run start="1490" length="15" level="100"/>
    </section>
</stick>
