<?xml version="1.0" encoding="UTF-8"?>
<stick id="1254" interline="21" shape="BEAM">
    <is-within-system>true</is-within-system>
    <has-ledger>false</has-ledger>
    <stem-number>2</stem-number>
    <step-line>0.46511627906976744</step-line>
    <moments>
        <k>1.2811791383219955</k>
        <k>2.238095238095238</k>
        <k>0.7142857142857143</k>
        <k>0.3316868993420872</k>
        <k>1.2075706027525127E-5</k>
        <k>0.02133793888267852</k>
        <k>4.224657029729382E-4</k>
        <k>-2.2625619323611E-4</k>
        <k>-2.3260086847301653E-4</k>
        <k>-1.2179671171005934E-5</k>
        <k>0.35302483822476577</k>
        <k>0.09631647784152632</k>
        <k>1.699341855772427E-6</k>
        <k>9.290031681525123E-8</k>
        <k>-2.04567863312979E-14</k>
        <k>-6.458378001024743E-9</k>
        <k>3.072469375814012E-14</k>
        <k>1142.9132743362832</k>
        <k>1777.4460176991151</k>
    </moments>
    <section id="2138" first-pos="1120">
        <run start="1770" length="15" level="77"/>
        <run start="1772" length="12" level="67"/>
        <run start="1772" length="12" level="67"/>
        <run start="1772" length="12" level="67"/>
        <run start="1772" length="12" level="67"/>
        <run start="1772" length="12" level="67"/>
        <run start="1772" length="12" level="68"/>
        <run start="1772" length="12" level="68"/>
        <run start="1772" length="12" level="68"/>
        <run start="1772" length="12" level="68"/>
        <run start="1772" length="12" level="68"/>
        <run start="1772" length="12" level="68"/>
        <run start="1772" length="12" level="68"/>
        <run start="1772" length="12" level="68"/>
        <run start="1772" length="12" level="69"/>
        <run start="1772" length="12" level="69"/>
        <run start="1772" length="12" level="69"/>
        <run start="1772" length="12" level="69"/>
        <run start="1772" length="12" level="69"/>
        <run start="1772" length="12" level="69"/>
        <run start="1772" length="12" level="69"/>
        <run start="1772" length="12" level="70"/>
        <run start="1772" length="12" level="70"/>
        <run start="1772" length="11" level="55"/>
        <run start="1772" length="11" level="55"/>
        <run start="1772" length="11" level="55"/>
        <run start="1772" length="12" level="67"/>
        <run start="1772" length="12" level="51"/>
        <run start="1772" length="12" level="51"/>
        <run start="1772" length="12" level="51"/>
        <run start="1772" length="12" level="51"/>
        <run start="1772" length="12" level="51"/>
        <run start="1772" length="12" level="51"/>
        <run start="1772" length="12" level="51"/>
        <run start="1772" length="12" level="51"/>
        <run start="1772" length="12" level="51"/>
        <run start="1772" length="12" level="51"/>
        <run start="1772" length="12" level="51"/>
        <run start="1772" length="12" level="51"/>
        <run start="1772" length="12" level="51"/>
        <run start="1772" length="12" level="51"/>
        <run start="1772" length="12" level="51"/>
        <run start="1772" length="12" level="51"/>
        <run start="1772" length="12" level="55"/>
        <run start="1772" length="12" level="69"/>
        <run start="1772" length="12" level="51"/>
        <run start="1771" length="13" level="62"/>
    </section>
</stick>
