<?xml version="1.0" encoding="UTF-8"?>
<stick id="1132" interline="22" shape="BEAM_CHUNK">
    <is-within-system>true</is-within-system>
    <has-ledger>false</has-ledger>
    <stem-number>1</stem-number>
    <step-line>5.129411764705883</step-line>
    <moments>
        <k>0.6177685950413223</k>
        <k>1.0454545454545454</k>
        <k>0.6363636363636364</k>
        <k>0.15226506224126582</k>
        <k>7.173346470689321E-4</k>
        <k>0.047657282308388046</k>
        <k>-0.0010673389782670443</k>
        <k>1.505917029882626E-4</k>
        <k>7.226990972978358E-4</k>
        <k>-2.098377595481796E-6</k>
        <k>0.19992234454965385</k>
        <k>0.010944845898468928</k>
        <k>1.06740490000728E-5</k>
        <k>1.4082691524067647E-7</k>
        <k>8.121050222630681E-14</k>
        <k>9.971488515741406E-9</k>
        <k>1.5236967054235559E-13</k>
        <k>2060.133779264214</k>
        <k>997.5217391304348</k>
    </moments>
    <section id="3404" first-pos="2049">
        <run start="992" length="12" level="42"/>
        <run start="992" length="13" level="23"/>
        <run start="991" length="14" level="20"/>
        <run start="991" length="14" level="19"/>
        <run start="991" length="14" level="19"/>
        <run start="991" length="13" level="20"/>
        <run start="991" length="13" level="21"/>
        <run start="992" length="12" level="22"/>
        <run start="992" length="12" level="22"/>
        <run start="992" length="12" level="22"/>
        <run start="992" length="12" level="22"/>
        <run start="992" length="12" level="22"/>
        <run start="992" length="12" level="22"/>
        <run start="992" length="12" level="22"/>
        <run start="992" length="13" level="23"/>
        <run start="992" length="12" level="21"/>
        <run start="991" length="14" level="22"/>
        <run start="992" length="13" level="20"/>
        <run start="991" length="14" level="20"/>
        <run start="991" length="14" level="19"/>
        <run start="991" length="14" level="19"/>
        <run start="991" length="14" level="19"/>
        <run start="991" length="14" level="19"/>
    </section>
</stick>
