<?xml version="1.0" encoding="UTF-8"?>
<stick id="1003" interline="22" shape="BEAM_CHUNK">
    <is-within-system>true</is-within-system>
    <has-ledger>false</has-ledger>
    <stem-number>1</stem-number>
    <step-line>3.9069767441860463</step-line>
    <moments>
        <k>0.5764462809917356</k>
        <k>1.0</k>
        <k>0.6363636363636364</k>
        <k>0.13652183830848263</k>
        <k>0.004363365649461262</k>
        <k>0.051098740521472105</k>
        <k>-0.0020483515357270048</k>
        <k>8.712374836374318E-4</k>
        <k>0.001452862849910268</k>
        <k>-9.807444997168106E-5</k>
        <k>0.18762057882995475</k>
        <k>0.007373261474692757</k>
        <k>4.8402669454452026E-5</k>
        <k>9.523878515629712E-7</k>
        <k>-4.512031356031312E-12</k>
        <k>-2.8808448054548068E-8</k>
        <k>4.631903223287285E-12</k>
        <k>712.0035842293906</k>
        <k>986.3512544802867</k>
    </moments>
    <section id="1496" first-pos="701">
        <run start="986" length="4" level="166"/>
    </section>
    <section id="1500" first-pos="702">
        <run start="981" length="12" level="89"/>
        <run start="980" length="13" level="82"/>
        <run start="980" length="13" level="82"/>
        <run start="980" length="13" level="82"/>
        <run start="980" length="13" level="82"/>
        <run start="980" length="13" level="82"/>
        <run start="980" length="13" level="82"/>
        <run start="980" length="13" level="82"/>
        <run start="980" length="13" level="83"/>
        <run start="981" length="12" level="89"/>
        <run start="981" length="12" level="89"/>
        <run start="981" length="12" level="88"/>
        <run start="980" length="13" level="82"/>
        <run start="980" length="14" level="77"/>
        <run start="980" length="14" level="76"/>
        <run start="980" length="14" level="76"/>
        <run start="980" length="14" level="76"/>
        <run start="980" length="14" level="77"/>
        <run start="981" length="13" level="82"/>
        <run start="981" length="13" level="81"/>
        <run start="980" length="14" level="76"/>
    </section>
</stick>
