<?xml version="1.0" encoding="UTF-8"?>
<stick id="507" interline="21" shape="BEAM">
    <is-within-system>true</is-within-system>
    <has-ledger>false</has-ledger>
    <stem-number>0</stem-number>
    <step-line>-5.129411764705883</step-line>
    <moments>
        <k>8.471655328798185</k>
        <k>9.238095238095237</k>
        <k>4.619047619047619</k>
        <k>1.1285494399659455</k>
        <k>-0.062746889556006</k>
        <k>0.3020101136457431</k>
        <k>-0.2810191162319402</k>
        <k>0.29159391853752087</k>
        <k>-0.05509574968781101</k>
        <k>0.14073290958826634</k>
        <k>1.4305595536116886</k>
        <k>0.6989159465496684</k>
        <k>0.5522215734279099</k>
        <k>0.2998796894095563</k>
        <k>0.030824242359585637</k>
        <k>-0.024637394101157915</k>
        <k>0.11807589707673762</k>
        <k>306.26632762312636</k>
        <k>1466.0452355460386</k>
    </moments>
    <section id="474" first-pos="196">
        <run start="1521" length="4" level="104"/>
        <run start="1520" length="8" level="80"/>
        <run start="1518" length="11" level="83"/>
        <run start="1517" length="13" level="88"/>
        <run start="1516" length="15" level="79"/>
        <run start="1515" length="16" level="70"/>
        <run start="1514" length="18" level="66"/>
        <run start="1513" length="19" level="59"/>
        <run start="1513" length="19" level="56"/>
        <run start="1512" length="20" level="56"/>
        <run start="1512" length="20" level="54"/>
        <run start="1511" length="21" level="53"/>
        <run start="1511" length="21" level="51"/>
        <run start="1511" length="21" level="60"/>
        <run start="1510" length="21" level="53"/>
        <run start="1510" length="21" level="51"/>
        <run start="1510" length="21" level="51"/>
        <run start="1510" length="21" level="60"/>
        <run start="1510" length="20" level="54"/>
        <run start="1510" length="20" level="63"/>
        <run start="1511" length="18" level="68"/>
        <run start="1511" length="17" level="63"/>
        <run start="1511" length="17" level="85"/>
        <run start="1512" length="14" level="88"/>
        <run start="1512" length="13" level="97"/>
    </section>
    <section id="529" first-pos="221">
        <run start="1437" length="87" level="44"/>
        <run start="1436" length="87" level="43"/>
    </section>
    <section id="524" first-pos="220">
        <run start="1440" length="26" level="207"/>
    </section>
    <section id="525" first-pos="220">
        <run start="1470" length="17" level="76"/>
    </section>
    <section id="522" first-pos="219">
        <run start="1478" length="3" level="159"/>
    </section>
    <section id="526" first-pos="220">
        <run start="1489" length="11" level="80"/>
    </section>
    <section id="538" first-pos="223">
        <run start="1435" length="15" level="25"/>
        <run start="1435" length="13" level="21"/>
        <run start="1435" length="13" level="21"/>
        <run start="1435" length="13" level="21"/>
        <run start="1435" length="13" level="21"/>
        <run start="1435" length="13" level="21"/>
        <run start="1435" length="13" level="21"/>
        <run start="1435" length="13" level="21"/>
        <run start="1435" length="13" level="21"/>
        <run start="1435" length="13" level="21"/>
        <run start="1435" length="13" level="21"/>
        <run start="1435" length="13" level="21"/>
        <run start="1435" length="13" level="21"/>
        <run start="1435" length="13" level="20"/>
        <run start="1435" length="13" level="21"/>
        <run start="1435" length="13" level="21"/>
        <run start="1435" length="13" level="26"/>
        <run start="1436" length="12" level="22"/>
        <run start="1435" length="13" level="34"/>
        <run start="1435" length="13" level="21"/>
        <run start="1435" length="13" level="21"/>
        <run start="1435" length="13" level="21"/>
        <run start="1435" length="13" level="21"/>
        <run start="1435" length="13" level="26"/>
        <run start="1436" length="12" level="22"/>
        <run start="1436" length="12" level="22"/>
        <run start="1436" length="12" level="22"/>
        <run start="1435" length="13" level="34"/>
        <run start="1435" length="13" level="26"/>
        <run start="1435" length="13" level="34"/>
        <run start="1435" length="13" level="21"/>
        <run start="1435" length="13" level="21"/>
        <run start="1435" length="13" level="26"/>
        <run start="1436" length="12" level="22"/>
        <run start="1436" length="12" level="22"/>
        <run start="1436" length="12" level="22"/>
        <run start="1436" length="12" level="22"/>
        <run start="1436" length="12" level="22"/>
        <run start="1436" length="12" level="22"/>
        <run start="1436" length="12" level="22"/>
        <run start="1435" length="13" level="34"/>
        <run start="1435" length="13" level="21"/>
        <run start="1435" length="13" level="21"/>
        <run start="1435" length="13" level="21"/>
        <run start="1435" length="13" level="26"/>
        <run start="1436" length="12" level="22"/>
        <run start="1435" length="13" level="34"/>
        <run start="1435" length="13" level="26"/>
        <run start="1436" length="12" level="22"/>
        <run start="1436" length="12" level="22"/>
        <run start="1436" length="12" level="22"/>
        <run start="1436" length="12" level="22"/>
        <run start="1436" length="12" level="22"/>
        <run start="1436" length="12" level="22"/>
        <run start="1436" length="12" level="22"/>
        <run start="1436" length="12" level="22"/>
        <run start="1436" length="12" level="22"/>
        <run start="1436" length="12" level="22"/>
        <run start="1436" length="12" level="22"/>
        <run start="1436" length="12" level="22"/>
        <run start="1436" length="12" level="22"/>
        <run start="1436" length="12" level="22"/>
        <run start="1436" length="12" level="22"/>
        <run start="1436" length="12" level="22"/>
        <run start="1436" length="12" level="22"/>
        <run start="1436" length="12" level="22"/>
        <run start="1436" length="12" level="22"/>
        <run start="1436" length="12" level="22"/>
        <run start="1436" length="12" level="22"/>
        <run start="1436" length="12" level="19"/>
        <run start="1436" length="13" level="21"/>
        <run start="1436" length="13" level="21"/>
        <run start="1436" length="13" level="25"/>
        <run start="1436" length="12" level="22"/>
        <run start="1436" length="12" level="22"/>
        <run start="1436" length="12" level="22"/>
        <run start="1436" length="12" level="22"/>
        <run start="1436" length="12" level="22"/>
        <run start="1436" length="12" level="22"/>
        <run start="1436" length="12" level="22"/>
        <run start="1436" length="12" level="18"/>
        <run start="1436" length="13" level="25"/>
        <run start="1436" length="12" level="22"/>
        <run start="1436" length="12" level="18"/>
        <run start="1436" length="13" level="21"/>
        <run start="1436" length="13" level="25"/>
        <run start="1436" length="12" level="18"/>
        <run start="1436" length="13" level="25"/>
        <run start="1436" length="12" level="22"/>
        <run start="1436" length="12" level="22"/>
        <run start="1436" length="12" level="18"/>
        <run start="1436" length="13" level="21"/>
        <run start="1436" length="13" level="21"/>
        <run start="1436" length="12" level="3"/>
        <run start="1436" length="12" level="3"/>
        <run start="1436" length="12" level="3"/>
        <run start="1436" length="12" level="3"/>
        <run start="1436" length="12" level="3"/>
        <run start="1436" length="12" level="3"/>
        <run start="1436" length="12" level="3"/>
        <run start="1436" length="12" level="2"/>
        <run start="1436" length="12" level="2"/>
        <run start="1436" length="12" level="2"/>
        <run start="1436" length="12" level="2"/>
        <run start="1436" length="12" level="2"/>
        <run start="1436" length="12" level="2"/>
        <run start="1436" length="12" level="2"/>
        <run start="1436" length="12" level="2"/>
        <run start="1436" length="12" level="1"/>
        <run start="1436" length="12" level="1"/>
        <run start="1436" length="12" level="1"/>
        <run start="1436" length="12" level="1"/>
        <run start="1436" length="12" level="1"/>
        <run start="1436" length="12" level="1"/>
        <run start="1436" length="12" level="1"/>
        <run start="1436" length="12" level="2"/>
        <run start="1436" length="12" level="2"/>
        <run start="1436" length="12" level="2"/>
        <run start="1436" length="12" level="2"/>
        <run start="1436" length="12" level="2"/>
        <run start="1436" length="12" level="2"/>
        <run start="1436" length="12" level="2"/>
        <run start="1436" length="12" level="2"/>
        <run start="1436" length="12" level="3"/>
        <run start="1436" length="12" level="3"/>
        <run start="1436" length="12" level="3"/>
        <run start="1436" length="12" level="3"/>
        <run start="1436" length="12" level="3"/>
        <run start="1436" length="12" level="3"/>
        <run start="1436" length="12" level="3"/>
        <run start="1435" length="13" level="21"/>
        <run start="1435" length="13" level="20"/>
        <run start="1435" length="13" level="21"/>
        <run start="1435" length="13" level="21"/>
        <run start="1435" length="13" level="21"/>
        <run start="1435" length="13" level="21"/>
        <run start="1435" length="13" level="21"/>
        <run start="1435" length="13" level="21"/>
        <run start="1435" length="13" level="21"/>
        <run start="1435" length="13" level="21"/>
        <run start="1435" length="13" level="21"/>
        <run start="1435" length="13" level="21"/>
        <run start="1435" length="13" level="21"/>
        <run start="1435" length="13" level="21"/>
        <run start="1435" length="13" level="21"/>
        <run start="1435" length="13" level="21"/>
        <run start="1435" length="14" level="33"/>
        <run start="1435" length="14" level="23"/>
        <run start="1435" length="13" level="21"/>
        <run start="1435" length="13" level="21"/>
        <run start="1435" length="13" level="21"/>
        <run start="1435" length="13" level="20"/>
        <run start="1435" length="14" level="33"/>
        <run start="1435" length="14" level="19"/>
        <run start="1435" length="14" level="19"/>
        <run start="1435" length="14" level="19"/>
        <run start="1435" length="14" level="19"/>
        <run start="1435" length="14" level="19"/>
        <run start="1435" length="14" level="19"/>
        <run start="1435" length="14" level="19"/>
        <run start="1435" length="14" level="19"/>
        <run start="1435" length="14" level="19"/>
    </section>
    <section id="902" first-pos="385">
        <run start="1435" length="31" level="35"/>
    </section>
    <section id="844" first-pos="361">
        <run start="1454" length="10" level="217"/>
        <run start="1453" length="12" level="22"/>
        <run start="1453" length="13" level="21"/>
        <run start="1453" length="13" level="21"/>
        <run start="1453" length="13" level="21"/>
        <run start="1453" length="13" level="21"/>
        <run start="1453" length="13" level="21"/>
        <run start="1453" length="13" level="21"/>
        <run start="1453" length="13" level="21"/>
        <run start="1453" length="13" level="21"/>
        <run start="1453" length="13" level="21"/>
        <run start="1453" length="13" level="21"/>
        <run start="1453" length="13" level="21"/>
        <run start="1453" length="13" level="21"/>
        <run start="1453" length="13" level="21"/>
        <run start="1453" length="13" level="20"/>
        <run start="1453" length="13" level="21"/>
        <run start="1453" length="13" level="21"/>
        <run start="1453" length="13" level="21"/>
        <run start="1453" length="13" level="21"/>
        <run start="1453" length="13" level="21"/>
        <run start="1453" length="13" level="18"/>
        <run start="1452" length="14" level="19"/>
        <run start="1452" length="14" level="19"/>
    </section>
    <section id="907" first-pos="386">
        <run start="1435" length="86" level="39"/>
        <run start="1436" length="85" level="46"/>
    </section>
    <section id="903" first-pos="385">
        <run start="1469" length="13" level="96"/>
    </section>
    <section id="899" first-pos="384">
        <run start="1478" length="1" level="200"/>
    </section>
    <section id="904" first-pos="385">
        <run start="1503" length="2" level="144"/>
    </section>
    <section id="845" first-pos="362">
        <run start="1521" length="5" level="124"/>
        <run start="1519" length="9" level="109"/>
        <run start="1516" length="13" level="107"/>
        <run start="1515" length="15" level="92"/>
        <run start="1514" length="16" level="82"/>
        <run start="1513" length="18" level="77"/>
        <run start="1513" length="18" level="70"/>
        <run start="1512" length="19" level="69"/>
        <run start="1512" length="19" level="67"/>
        <run start="1511" length="20" level="66"/>
        <run start="1511" length="20" level="63"/>
        <run start="1511" length="20" level="63"/>
        <run start="1510" length="21" level="62"/>
        <run start="1510" length="21" level="60"/>
        <run start="1510" length="21" level="69"/>
        <run start="1510" length="20" level="63"/>
        <run start="1509" length="21" level="62"/>
        <run start="1510" length="20" level="71"/>
        <run start="1510" length="19" level="76"/>
        <run start="1510" length="18" level="70"/>
        <run start="1510" length="18" level="81"/>
        <run start="1511" length="16" level="89"/>
        <run start="1511" length="15" level="97"/>
        <run start="1511" length="14" level="113"/>
    </section>
    <section id="911" first-pos="388">
        <run start="1437" length="9" level="87"/>
    </section>
    <section id="912" first-pos="388">
        <run start="1473" length="15" level="103"/>
    </section>
    <section id="915" first-pos="389">
        <run start="1477" length="2" level="200"/>
    </section>
    <section id="913" first-pos="388">
        <run start="1499" length="22" level="188"/>
    </section>
    <section id="916" first-pos="389">
        <run start="1517" length="2" level="202"/>
    </section>
    <section id="539" first-pos="223">
        <run start="1461" length="7" level="95"/>
    </section>
    <section id="540" first-pos="223">
        <run start="1475" length="14" level="77"/>
    </section>
    <section id="545" first-pos="224">
        <run start="1478" length="3" level="163"/>
    </section>
    <section id="541" first-pos="223">
        <run start="1493" length="2" level="121"/>
    </section>
    <section id="542" first-pos="223">
        <run start="1496" length="1" level="160"/>
    </section>
    <section id="543" first-pos="223">
        <run start="1499" length="19" level="213"/>
    </section>
    <section id="544" first-pos="223">
        <run start="1520" length="1" level="200"/>
    </section>
</stick>
