<?xml version="1.0" encoding="UTF-8"?>
<stick id="960" interline="21" shape="BEAM_CHUNK">
    <is-within-system>true</is-within-system>
    <has-ledger>false</has-ledger>
    <stem-number>1</stem-number>
    <step-line>1.8352941176470587</step-line>
    <moments>
        <k>0.5691609977324263</k>
        <k>1.1428571428571428</k>
        <k>0.6666666666666666</k>
        <k>0.1701294692659969</k>
        <k>-0.03348274178408982</k>
        <k>0.04940261809541899</k>
        <k>0.014809356731855895</k>
        <k>-0.004000843621249543</k>
        <k>-0.0027437851139001206</k>
        <k>0.0024590479815977035</k>
        <k>0.21953208736141588</k>
        <k>0.019059348583083006</k>
        <k>7.400116755566896E-4</k>
        <k>1.4795515226246933E-4</k>
        <k>4.8172840237412455E-8</k>
        <k>1.9779662222779686E-5</k>
        <k>-8.727039246525338E-9</k>
        <k>318.0517928286853</k>
        <k>1205.8804780876494</k>
    </moments>
    <section id="737" first-pos="307">
        <run start="1206" length="3" level="170"/>
    </section>
    <section id="739" first-pos="308">
        <run start="1205" length="8" level="152"/>
    </section>
    <section id="741" first-pos="309">
        <run start="1201" length="13" level="120"/>
        <run start="1201" length="13" level="97"/>
        <run start="1201" length="13" level="97"/>
        <run start="1201" length="13" level="97"/>
        <run start="1201" length="13" level="97"/>
        <run start="1201" length="13" level="97"/>
        <run start="1201" length="13" level="97"/>
        <run start="1201" length="12" level="86"/>
        <run start="1201" length="12" level="86"/>
        <run start="1201" length="12" level="86"/>
        <run start="1201" length="12" level="86"/>
        <run start="1201" length="12" level="98"/>
        <run start="1201" length="8" level="53"/>
        <run start="1200" length="9" level="55"/>
        <run start="1200" length="9" level="47"/>
        <run start="1200" length="9" level="47"/>
        <run start="1200" length="9" level="47"/>
        <run start="1200" length="9" level="46"/>
        <run start="1200" length="9" level="46"/>
        <run start="1200" length="9" level="46"/>
        <run start="1200" length="9" level="46"/>
        <run start="1200" length="9" level="46"/>
    </section>
</stick>
