<?xml version="1.0" encoding="UTF-8"?>
<stick id="495" interline="21" shape="BRACE">
    <is-within-system>false</is-within-system>
    <has-ledger>false</has-ledger>
    <stem-number>0</stem-number>
    <step-line>12.0</step-line>
    <moments>
        <k>5.272108843537415</k>
        <k>1.0952380952380953</k>
        <k>14.571428571428571</k>
        <k>0.008714606076655002</k>
        <k>0.02367324996239233</k>
        <k>3.181205739521135</k>
        <k>-5.7260623146526313E-5</k>
        <k>1.8787161043615268E-4</k>
        <k>-0.046042782634748564</k>
        <k>0.16349652896170594</k>
        <k>3.18992034559779</k>
        <k>10.066941682838968</k>
        <k>0.04561075965000838</k>
        <k>0.02891779697904127</k>
        <k>0.0010425950558540444</k>
        <k>0.07754246951969994</k>
        <k>-1.2634700177954804E-4</k>
        <k>71.23010752688172</k>
        <k>1645.912688172043</k>
    </moments>
    <section id="4" first-pos="59">
        <run start="1643" length="7" level="36"/>
        <run start="1641" length="10" level="26"/>
        <run start="1640" length="12" level="21"/>
        <run start="1639" length="13" level="20"/>
        <run start="1638" length="15" level="19"/>
    </section>
    <section id="21" first-pos="64">
        <run start="1637" length="7" level="37"/>
        <run start="1636" length="7" level="37"/>
        <run start="1635" length="7" level="37"/>
        <run start="1633" length="8" level="33"/>
        <run start="1632" length="8" level="35"/>
        <run start="1630" length="8" level="61"/>
        <run start="1627" length="10" level="73"/>
        <run start="1624" length="11" level="64"/>
        <run start="1621" length="13" level="55"/>
        <run start="1618" length="14" level="53"/>
        <run start="1616" length="13" level="42"/>
    </section>
    <section id="69" first-pos="75">
        <run start="1563" length="63" level="26"/>
    </section>
    <section id="53" first-pos="71">
        <run start="1539" length="57" level="40"/>
        <run start="1546" length="55" level="38"/>
        <run start="1552" length="55" level="39"/>
        <run start="1557" length="57" level="44"/>
    </section>
    <section id="48" first-pos="70">
        <run start="1503" length="88" level="57"/>
    </section>
    <section id="43" first-pos="69">
        <run start="1506" length="81" level="14"/>
    </section>
    <section id="39" first-pos="68">
        <run start="1508" length="74" level="16"/>
    </section>
    <section id="35" first-pos="67">
        <run start="1511" length="66" level="17"/>
    </section>
    <section id="30" first-pos="66">
        <run start="1514" length="58" level="20"/>
    </section>
    <section id="26" first-pos="65">
        <run start="1518" length="49" level="28"/>
    </section>
    <section id="20" first-pos="64">
        <run start="1522" length="38" level="36"/>
    </section>
    <section id="17" first-pos="63">
        <run start="1527" length="26" level="86"/>
    </section>
    <section id="14" first-pos="62">
        <run start="1538" length="3" level="142"/>
    </section>
    <section id="52" first-pos="71">
        <run start="1500" length="19" level="84"/>
    </section>
    <section id="57" first-pos="72">
        <run start="1498" length="14" level="52"/>
        <run start="1496" length="13" level="39"/>
        <run start="1495" length="12" level="41"/>
        <run start="1495" length="10" level="48"/>
    </section>
    <section id="72" first-pos="76">
        <run start="1495" length="5" level="50"/>
    </section>
    <section id="73" first-pos="76">
        <run start="1569" length="54" level="21"/>
    </section>
    <section id="77" first-pos="77">
        <run start="1575" length="45" level="28"/>
    </section>
    <section id="81" first-pos="78">
        <run start="1583" length="35" level="27"/>
    </section>
    <section id="91" first-pos="79">
        <run start="1588" length="27" level="42"/>
    </section>
    <section id="99" first-pos="80">
        <run start="1595" length="16" level="85"/>
    </section>
    <section id="22" first-pos="64">
        <run start="1647" length="7" level="38"/>
        <run start="1648" length="7" level="38"/>
        <run start="1649" length="7" level="38"/>
        <run start="1650" length="7" level="39"/>
        <run start="1651" length="8" level="35"/>
        <run start="1652" length="8" level="34"/>
        <run start="1654" length="7" level="39"/>
        <run start="1655" length="8" level="36"/>
        <run start="1656" length="11" level="32"/>
    </section>
    <section id="62" first-pos="73">
        <run start="1658" length="16" level="30"/>
    </section>
    <section id="66" first-pos="74">
        <run start="1659" length="74" level="22"/>
    </section>
    <section id="58" first-pos="72">
        <run start="1691" length="57" level="29"/>
        <run start="1685" length="55" level="28"/>
    </section>
    <section id="54" first-pos="71">
        <run start="1698" length="88" level="31"/>
    </section>
    <section id="49" first-pos="70">
        <run start="1702" length="82" level="14"/>
    </section>
    <section id="44" first-pos="69">
        <run start="1707" length="75" level="19"/>
    </section>
    <section id="40" first-pos="68">
        <run start="1712" length="67" level="21"/>
    </section>
    <section id="36" first-pos="67">
        <run start="1717" length="59" level="31"/>
    </section>
    <section id="31" first-pos="66">
        <run start="1724" length="48" level="47"/>
    </section>
    <section id="27" first-pos="65">
        <run start="1731" length="35" level="68"/>
    </section>
    <section id="23" first-pos="64">
        <run start="1739" length="21" level="159"/>
    </section>
    <section id="59" first-pos="72">
        <run start="1766" length="22" level="46"/>
    </section>
    <section id="63" first-pos="73">
        <run start="1774" length="16" level="48"/>
        <run start="1779" length="13" level="48"/>
        <run start="1782" length="13" level="65"/>
        <run start="1785" length="12" level="97"/>
        <run start="1787" length="11" level="88"/>
        <run start="1790" length="9" level="100"/>
        <run start="1792" length="8" level="89"/>
        <run start="1792" length="9" level="82"/>
        <run start="1792" length="9" level="101"/>
    </section>
    <section id="70" first-pos="75">
        <run start="1661" length="66" level="18"/>
    </section>
    <section id="74" first-pos="76">
        <run start="1663" length="58" level="18"/>
    </section>
    <section id="78" first-pos="77">
        <run start="1666" length="50" level="25"/>
    </section>
    <section id="82" first-pos="78">
        <run start="1668" length="42" level="37"/>
    </section>
    <section id="92" first-pos="79">
        <run start="1671" length="34" level="63"/>
    </section>
    <section id="100" first-pos="80">
        <run start="1675" length="23" level="201"/>
    </section>
</stick>
