<?xml version="1.0" encoding="UTF-8"?>
<stick id="209" interline="21" shape="BRACE">
    <is-within-system>false</is-within-system>
    <has-ledger>false</has-ledger>
    <stem-number>0</stem-number>
    <step-line>11.238095238095237</step-line>
    <moments>
        <k>5.603174603174603</k>
        <k>1.1428571428571428</k>
        <k>14.571428571428571</k>
        <k>0.008448641475196719</k>
        <k>0.027143128103654372</k>
        <k>3.04984008077846</k>
        <k>-2.4815971599194043E-5</k>
        <k>4.4736093620748916E-5</k>
        <k>-0.04921745394039986</k>
        <k>0.22808540214585596</k>
        <k>3.0582887222536566</k>
        <k>9.253008884680183</k>
        <k>0.07375563907805181</k>
        <k>0.05446816111924892</k>
        <k>0.0034454622353446212</k>
        <k>0.149689794894567</k>
        <k>-2.1757426167776615E-4</k>
        <k>186.4063132335087</k>
        <k>484.20356131121</k>
    </moments>
    <section id="376" first-pos="175">
        <run start="483" length="6" level="41"/>
        <run start="481" length="10" level="25"/>
        <run start="480" length="11" level="22"/>
        <run start="479" length="13" level="23"/>
    </section>
    <section id="381" first-pos="179">
        <run start="478" length="6" level="42"/>
        <run start="477" length="6" level="43"/>
        <run start="476" length="6" level="43"/>
        <run start="475" length="6" level="43"/>
        <run start="473" length="7" level="68"/>
        <run start="472" length="7" level="36"/>
        <run start="470" length="8" level="63"/>
        <run start="467" length="9" level="76"/>
        <run start="464" length="11" level="64"/>
        <run start="458" length="15" level="90"/>
    </section>
    <section id="442" first-pos="189">
        <run start="396" length="74" level="35"/>
    </section>
    <section id="420" first-pos="187">
        <run start="383" length="61" level="37"/>
        <run start="390" length="60" level="35"/>
    </section>
    <section id="412" first-pos="186">
        <run start="372" length="66" level="41"/>
    </section>
    <section id="406" first-pos="185">
        <run start="344" length="90" level="19"/>
    </section>
    <section id="404" first-pos="184">
        <run start="346" length="83" level="11"/>
    </section>
    <section id="401" first-pos="183">
        <run start="348" length="76" level="11"/>
    </section>
    <section id="395" first-pos="182">
        <run start="349" length="70" level="14"/>
    </section>
    <section id="386" first-pos="181">
        <run start="352" length="61" level="15"/>
    </section>
    <section id="384" first-pos="180">
        <run start="355" length="52" level="14"/>
    </section>
    <section id="380" first-pos="179">
        <run start="359" length="44" level="23"/>
    </section>
    <section id="378" first-pos="178">
        <run start="363" length="33" level="34"/>
    </section>
    <section id="377" first-pos="177">
        <run start="370" length="19" level="79"/>
    </section>
    <section id="411" first-pos="186">
        <run start="341" length="27" level="103"/>
    </section>
    <section id="419" first-pos="187">
        <run start="339" length="17" level="56"/>
        <run start="338" length="15" level="78"/>
    </section>
    <section id="440" first-pos="189">
        <run start="337" length="9" level="30"/>
        <run start="335" length="9" level="31"/>
        <run start="335" length="7" level="37"/>
        <run start="335" length="5" level="51"/>
    </section>
    <section id="441" first-pos="189">
        <run start="347" length="1" level="227"/>
    </section>
    <section id="444" first-pos="190">
        <run start="402" length="65" level="14"/>
    </section>
    <section id="450" first-pos="191">
        <run start="407" length="57" level="17"/>
    </section>
    <section id="458" first-pos="192">
        <run start="413" length="49" level="17"/>
    </section>
    <section id="463" first-pos="193">
        <run start="419" length="42" level="24"/>
    </section>
    <section id="468" first-pos="194">
        <run start="426" length="32" level="34"/>
    </section>
    <section id="471" first-pos="195">
        <run start="431" length="20" level="91"/>
    </section>
    <section id="382" first-pos="179">
        <run start="488" length="4" level="8"/>
        <run start="489" length="4" level="6"/>
        <run start="489" length="5" level="7"/>
        <run start="490" length="6" level="7"/>
        <run start="492" length="5" level="7"/>
        <run start="493" length="5" level="8"/>
        <run start="493" length="6" level="44"/>
        <run start="494" length="10" level="32"/>
        <run start="495" length="11" level="27"/>
    </section>
    <section id="436" first-pos="188">
        <run start="497" length="16" level="25"/>
    </section>
    <section id="421" first-pos="187">
        <run start="507" length="2" level="139"/>
    </section>
    <section id="443" first-pos="189">
        <run start="498" length="77" level="17"/>
    </section>
    <section id="437" first-pos="188">
        <run start="522" length="59" level="21"/>
    </section>
    <section id="422" first-pos="187">
        <run start="530" length="97" level="40"/>
    </section>
    <section id="413" first-pos="186">
        <run start="536" length="89" level="11"/>
    </section>
    <section id="407" first-pos="185">
        <run start="540" length="82" level="11"/>
    </section>
    <section id="405" first-pos="184">
        <run start="546" length="74" level="15"/>
    </section>
    <section id="402" first-pos="183">
        <run start="551" length="66" level="17"/>
    </section>
    <section id="396" first-pos="182">
        <run start="556" length="58" level="24"/>
    </section>
    <section id="387" first-pos="181">
        <run start="562" length="48" level="27"/>
    </section>
    <section id="385" first-pos="180">
        <run start="567" length="39" level="47"/>
    </section>
    <section id="383" first-pos="179">
        <run start="575" length="26" level="118"/>
    </section>
    <section id="379" first-pos="178">
        <run start="584" length="5" level="145"/>
    </section>
    <section id="438" first-pos="188">
        <run start="612" length="17" level="43"/>
        <run start="616" length="15" level="52"/>
        <run start="621" length="12" level="53"/>
        <run start="623" length="11" level="53"/>
        <run start="625" length="12" level="89"/>
        <run start="628" length="9" level="34"/>
        <run start="629" length="9" level="38"/>
        <run start="631" length="8" level="42"/>
        <run start="633" length="7" level="47"/>
        <run start="635" length="6" level="54"/>
        <run start="636" length="4" level="89"/>
    </section>
    <section id="445" first-pos="190">
        <run start="499" length="71" level="21"/>
    </section>
    <section id="451" first-pos="191">
        <run start="501" length="61" level="12"/>
    </section>
    <section id="459" first-pos="192">
        <run start="504" length="55" level="26"/>
    </section>
    <section id="464" first-pos="193">
        <run start="507" length="45" level="25"/>
    </section>
    <section id="469" first-pos="194">
        <run start="511" length="36" level="37"/>
    </section>
    <section id="472" first-pos="195">
        <run start="512" length="29" level="170"/>
    </section>
    <section id="473" first-pos="196">
        <run start="522" length="5" level="210"/>
    </section>
</stick>
