<?xml version="1.0" encoding="UTF-8"?>
<stick id="304" interline="21" shape="DOT">
    <is-within-system>true</is-within-system>
    <has-ledger>false</has-ledger>
    <stem-number>0</stem-number>
    <step-line>-1.2705882352941176</step-line>
    <moments>
        <k>0.2471655328798186</k>
        <k>0.5714285714285714</k>
        <k>0.7142857142857143</k>
        <k>0.06971118021295276</k>
        <k>-0.015713161635762588</k>
        <k>0.1128453494091635</k>
        <k>-0.002710180218510274</k>
        <k>0.002752675662159348</k>
        <k>0.005239157509377065</k>
        <k>-0.016484623616241156</k>
        <k>0.18255652962211627</k>
        <k>0.002848170346613741</k>
        <k>9.517771445990437E-4</k>
        <k>1.9496212075133148E-4</k>
        <k>8.36143774156925E-8</k>
        <k>1.004051360324242E-5</k>
        <k>7.86336712820775E-9</k>
        <k>1281.4036697247707</k>
        <k>352.2201834862385</k>
    </moments>
    <section id="2325" first-pos="1276">
        <run start="352" length="4" level="97"/>
        <run start="350" length="7" level="55"/>
        <run start="349" length="9" level="39"/>
        <run start="349" length="10" level="31"/>
        <run start="348" length="11" level="27"/>
        <run start="348" length="11" level="24"/>
        <run start="344" length="15" level="71"/>
    </section>
    <section id="2331" first-pos="1283">
        <run start="344" length="4" level="199"/>
        <run start="344" length="4" level="200"/>
    </section>
    <section id="2332" first-pos="1283">
        <run start="349" length="10" level="26"/>
        <run start="349" length="9" level="25"/>
        <run start="349" length="8" level="55"/>
        <run start="350" length="6" level="179"/>
    </section>
    <section id="2336" first-pos="1287">
        <run start="353" length="1" level="221"/>
    </section>
</stick>
