<?xml version="1.0" encoding="UTF-8"?>
<stick id="379" interline="21" shape="DOT">
    <is-within-system>true</is-within-system>
    <has-ledger>false</has-ledger>
    <stem-number>0</stem-number>
    <step-line>1.0232558139534884</step-line>
    <moments>
        <k>0.20861678004535147</k>
        <k>0.5238095238095238</k>
        <k>0.5238095238095238</k>
        <k>0.08284062422947328</k>
        <k>-0.004610318895372733</k>
        <k>0.07701672556916232</k>
        <k>1.910265772171631E-4</k>
        <k>6.03644100424434E-4</k>
        <k>-3.115056665269303E-4</k>
        <k>-1.9810810366347763E-4</k>
        <k>0.15985734979863558</k>
        <k>1.1893795687369514E-4</k>
        <k>5.303091691939673E-6</k>
        <k>1.7897465562981327E-7</k>
        <k>-3.357712408852484E-14</k>
        <k>2.775502495148315E-11</k>
        <k>1.710984742742691E-13</k>
        <k>2294.141304347826</k>
        <k>375.8478260869565</k>
    </moments>
    <section id="3624" first-pos="2289">
        <run start="375" length="3" level="92"/>
        <run start="373" length="7" level="51"/>
        <run start="372" length="9" level="22"/>
        <run start="372" length="10" level="26"/>
        <run start="371" length="11" level="31"/>
        <run start="371" length="10" level="4"/>
        <run start="371" length="10" level="4"/>
        <run start="371" length="10" level="21"/>
        <run start="372" length="9" level="20"/>
        <run start="372" length="8" level="67"/>
        <run start="374" length="5" level="173"/>
    </section>
</stick>
