<?xml version="1.0" encoding="UTF-8"?>
<stick id="292" interline="22" shape="DOT">
    <is-within-system>true</is-within-system>
    <has-ledger>false</has-ledger>
    <stem-number>0</stem-number>
    <step-line>-1.0232558139534884</step-line>
    <moments>
        <k>0.20041322314049587</k>
        <k>0.5</k>
        <k>0.5</k>
        <k>0.08183653948347328</k>
        <k>0.0</k>
        <k>0.07701772705010436</k>
        <k>0.0</k>
        <k>2.710043200871854E-4</k>
        <k>4.600575036141363E-19</k>
        <k>-2.809892692615003E-4</k>
        <k>0.15885426653357765</k>
        <k>2.322095326799085E-5</k>
        <k>1.1968408782014185E-6</k>
        <k>9.969921001365131E-11</k>
        <k>1.0890699693793358E-18</k>
        <k>-4.804317928108417E-13</k>
        <k>-1.4916306398311495E-31</k>
        <k>902.0</k>
        <k>599.1855670103092</k>
    </moments>
    <section id="1753" first-pos="897">
        <run start="597" length="5" level="185"/>
        <run start="596" length="8" level="96"/>
        <run start="595" length="9" level="47"/>
        <run start="595" length="10" level="44"/>
        <run start="594" length="11" level="39"/>
        <run start="594" length="11" level="24"/>
        <run start="594" length="11" level="33"/>
        <run start="595" length="10" level="34"/>
        <run start="595" length="9" level="40"/>
        <run start="596" length="8" level="65"/>
        <run start="597" length="5" level="122"/>
    </section>
</stick>
