<?xml version="1.0" encoding="UTF-8"?>
<stick id="381" interline="22" shape="DOT">
    <is-within-system>true</is-within-system>
    <has-ledger>false</has-ledger>
    <stem-number>0</stem-number>
    <step-line>-1.0232558139534884</step-line>
    <moments>
        <k>0.18801652892561985</k>
        <k>0.5</k>
        <k>0.5</k>
        <k>0.08380630358652337</k>
        <k>-0.003985025963047941</k>
        <k>0.07568497195353853</k>
        <k>4.5572097720068903E-4</k>
        <k>-1.2102480163765538E-5</k>
        <k>-4.077283834478686E-4</k>
        <k>2.6762119455702544E-4</k>
        <k>0.1594912755400619</k>
        <k>1.294777551975849E-4</k>
        <k>2.911098400308117E-6</k>
        <k>6.759310246030759E-8</k>
        <k>-1.1062849436068841E-14</k>
        <k>-7.070080395424883E-10</k>
        <k>2.7867944621702983E-14</k>
        <k>2295.0</k>
        <k>598.6483516483516</k>
    </moments>
    <section id="3626" first-pos="2290">
        <run start="597" length="4" level="175"/>
        <run start="596" length="7" level="77"/>
        <run start="595" length="9" level="48"/>
        <run start="594" length="10" level="36"/>
        <run start="594" length="11" level="24"/>
        <run start="594" length="10" level="4"/>
        <run start="594" length="10" level="3"/>
        <run start="594" length="10" level="19"/>
        <run start="595" length="8" level="4"/>
        <run start="595" length="8" level="44"/>
        <run start="597" length="4" level="87"/>
    </section>
</stick>
