<?xml version="1.0" encoding="UTF-8"?>
<stick id="305" interline="21" shape="DOT">
    <is-within-system>true</is-within-system>
    <has-ledger>false</has-ledger>
    <stem-number>0</stem-number>
    <step-line>0.8</step-line>
    <moments>
        <k>0.2222222222222222</k>
        <k>0.5238095238095238</k>
        <k>0.6666666666666666</k>
        <k>0.07123307465426817</k>
        <k>-0.004050183171977664</k>
        <k>0.10000191246844412</k>
        <k>-6.308195466860112E-7</k>
        <k>0.0020745333163094035</k>
        <k>3.8628935925079974E-5</k>
        <k>-0.009864282974950636</k>
        <k>0.1712349871227123</k>
        <k>8.932619640846437E-4</k>
        <k>2.5883355332990927E-4</k>
        <k>6.06816436011495E-5</k>
        <k>7.604740992083732E-9</k>
        <k>1.7504526359528793E-6</k>
        <k>-5.6210183134929735E-11</k>
        <k>1281.2448979591836</k>
        <k>373.7040816326531</k>
    </moments>
    <section id="2326" first-pos="1276">
        <run start="374" length="2" level="166"/>
    </section>
    <section id="2328" first-pos="1277">
        <run start="371" length="7" level="91"/>
        <run start="370" length="9" level="46"/>
        <run start="370" length="10" level="35"/>
        <run start="370" length="10" level="26"/>
        <run start="366" length="14" level="67"/>
        <run start="366" length="14" level="75"/>
        <run start="370" length="10" level="26"/>
        <run start="370" length="9" level="43"/>
        <run start="371" length="7" level="28"/>
        <run start="371" length="6" level="183"/>
    </section>
</stick>
