<?xml version="1.0" encoding="UTF-8"?>
<stick id="563" interline="21" shape="FERMATA_BEND">
    <is-within-system>true</is-within-system>
    <has-ledger>false</has-ledger>
    <stem-number>0</stem-number>
    <step-line>-8.894117647058824</step-line>
    <moments>
        <k>1.0430839002267573</k>
        <k>2.4761904761904763</k>
        <k>1.380952380952381</k>
        <k>0.5212928412920186</k>
        <k>-0.03762451713651682</k>
        <k>0.10220402523218497</k>
        <k>0.05974713799951117</k>
        <k>0.12104920121691773</k>
        <k>-0.014617891296286992</k>
        <k>0.02501056331215855</k>
        <k>0.6234968665242036</k>
        <k>0.18129785290545725</k>
        <k>0.12506978627287424</k>
        <k>0.023370103722289672</k>
        <k>-0.0010415687170519205</k>
        <k>-0.009079093665295213</k>
        <k>-7.151974811940001E-4</k>
        <k>2087.391304347826</k>
        <k>1425.8630434782608</k>
    </moments>
    <section id="3419" first-pos="2064">
        <run start="1435" length="9" level="198"/>
        <run start="1432" length="13" level="63"/>
        <run start="1430" length="15" level="46"/>
        <run start="1428" length="16" level="57"/>
        <run start="1427" length="12" level="48"/>
        <run start="1425" length="12" level="62"/>
        <run start="1424" length="11" level="52"/>
        <run start="1423" length="10" level="51"/>
        <run start="1422" length="10" level="51"/>
        <run start="1421" length="10" level="51"/>
        <run start="1421" length="9" level="38"/>
        <run start="1420" length="9" level="56"/>
        <run start="1419" length="9" level="47"/>
        <run start="1419" length="9" level="38"/>
        <run start="1418" length="9" level="47"/>
        <run start="1418" length="9" level="38"/>
        <run start="1418" length="8" level="33"/>
        <run start="1417" length="9" level="47"/>
        <run start="1417" length="9" level="38"/>
        <run start="1417" length="8" level="33"/>
        <run start="1416" length="9" level="47"/>
        <run start="1416" length="9" level="39"/>
        <run start="1416" length="8" level="33"/>
        <run start="1416" length="8" level="33"/>
        <run start="1416" length="8" level="33"/>
        <run start="1416" length="8" level="33"/>
        <run start="1416" length="8" level="33"/>
        <run start="1416" length="8" level="33"/>
        <run start="1416" length="8" level="33"/>
        <run start="1416" length="8" level="33"/>
        <run start="1416" length="8" level="45"/>
        <run start="1417" length="7" level="37"/>
        <run start="1417" length="7" level="29"/>
        <run start="1417" length="8" level="33"/>
        <run start="1417" length="8" level="37"/>
        <run start="1418" length="8" level="33"/>
        <run start="1418" length="8" level="33"/>
        <run start="1418" length="8" level="37"/>
        <run start="1419" length="8" level="44"/>
        <run start="1420" length="7" level="29"/>
        <run start="1420" length="8" level="44"/>
        <run start="1421" length="7" level="42"/>
        <run start="1422" length="7" level="41"/>
        <run start="1423" length="7" level="41"/>
        <run start="1424" length="8" level="59"/>
        <run start="1425" length="8" level="36"/>
        <run start="1426" length="8" level="36"/>
        <run start="1427" length="9" level="62"/>
        <run start="1429" length="10" level="75"/>
        <run start="1431" length="11" level="68"/>
        <run start="1433" length="10" level="78"/>
    </section>
    <section id="3486" first-pos="2115">
        <run start="1441" length="2" level="157"/>
    </section>
</stick>
