<?xml version="1.0" encoding="UTF-8"?>
<stick id="2135" interline="21" shape="FERMATA_BEND">
    <is-within-system>true</is-within-system>
    <has-ledger>false</has-ledger>
    <stem-number>0</stem-number>
    <step-line>10.68235294117647</step-line>
    <moments>
        <k>0.9183673469387755</k>
        <k>2.380952380952381</k>
        <k>1.380952380952381</k>
        <k>0.5303490848466711</k>
        <k>-0.04343225306289844</k>
        <k>0.09809871650851172</k>
        <k>0.029711035613526955</k>
        <k>0.12517452076319</k>
        <k>-0.024106105925434402</k>
        <k>0.025131559850917567</k>
        <k>0.6284478013551829</k>
        <k>0.19438582335295307</k>
        <k>0.1331845443261154</k>
        <k>0.02262333310638306</k>
        <k>-0.0012236042699240977</k>
        <k>-0.009898144450274989</k>
        <k>2.1197139306164116E-4</k>
        <k>2089.6469135802467</k>
        <k>1634.4197530864199</k>
    </moments>
    <section id="3422" first-pos="2066">
        <run start="1648" length="3" level="91"/>
    </section>
    <section id="3423" first-pos="2067">
        <run start="1643" length="11" level="28"/>
        <run start="1641" length="13" level="20"/>
        <run start="1638" length="11" level="23"/>
        <run start="1637" length="10" level="26"/>
        <run start="1636" length="9" level="29"/>
        <run start="1634" length="9" level="29"/>
        <run start="1633" length="9" level="29"/>
        <run start="1632" length="9" level="29"/>
        <run start="1631" length="9" level="29"/>
        <run start="1630" length="9" level="29"/>
        <run start="1629" length="9" level="30"/>
        <run start="1629" length="8" level="33"/>
        <run start="1628" length="8" level="33"/>
        <run start="1628" length="8" level="33"/>
        <run start="1627" length="8" level="33"/>
        <run start="1627" length="8" level="35"/>
        <run start="1627" length="7" level="37"/>
        <run start="1627" length="7" level="36"/>
        <run start="1626" length="8" level="33"/>
        <run start="1626" length="8" level="35"/>
        <run start="1626" length="7" level="36"/>
        <run start="1625" length="8" level="33"/>
        <run start="1625" length="8" level="33"/>
        <run start="1625" length="8" level="33"/>
        <run start="1625" length="8" level="33"/>
        <run start="1625" length="8" level="33"/>
        <run start="1625" length="8" level="33"/>
        <run start="1625" length="8" level="36"/>
        <run start="1626" length="7" level="37"/>
        <run start="1626" length="7" level="36"/>
        <run start="1626" length="8" level="33"/>
        <run start="1626" length="8" level="36"/>
        <run start="1627" length="7" level="37"/>
        <run start="1627" length="7" level="36"/>
        <run start="1627" length="8" level="36"/>
        <run start="1628" length="7" level="36"/>
        <run start="1628" length="8" level="35"/>
        <run start="1629" length="8" level="33"/>
        <run start="1629" length="8" level="34"/>
        <run start="1630" length="8" level="34"/>
        <run start="1631" length="8" level="35"/>
        <run start="1632" length="7" level="39"/>
        <run start="1633" length="8" level="34"/>
        <run start="1634" length="8" level="34"/>
        <run start="1635" length="8" level="35"/>
        <run start="1637" length="8" level="34"/>
        <run start="1638" length="8" level="35"/>
        <run start="1640" length="8" level="35"/>
        <run start="1643" length="7" level="39"/>
    </section>
</stick>
