<?xml version="1.0" encoding="UTF-8"?>
<stick id="510" interline="21" shape="FERMATA_BEND">
    <is-within-system>true</is-within-system>
    <has-ledger>true</has-ledger>
    <stem-number>0</stem-number>
    <step-line>-8.329411764705883</step-line>
    <moments>
        <k>0.7755102040816326</k>
        <k>2.5238095238095237</k>
        <k>0.8571428571428571</k>
        <k>0.5617753180815764</k>
        <k>-0.10982976518390927</k>
        <k>0.04911412738382392</k>
        <k>-0.00418172948309886</k>
        <k>-0.04567871541298711</k>
        <k>0.026161801388318553</k>
        <k>-0.01089330588333576</k>
        <k>0.6108894454654004</k>
        <k>0.31107180572904797</k>
        <k>0.022745871158570144</k>
        <k>0.0036835171545102365</k>
        <k>4.072207643048149E-6</k>
        <k>-8.467644869132076E-4</k>
        <k>3.346990291899947E-5</k>
        <k>285.50584795321635</k>
        <k>1683.06432748538</k>
    </moments>
    <section id="634" first-pos="259">
        <run start="1685" length="3" level="124"/>
        <run start="1684" length="5" level="75"/>
        <run start="1684" length="5" level="52"/>
        <run start="1684" length="5" level="52"/>
        <run start="1684" length="5" level="52"/>
        <run start="1684" length="5" level="52"/>
        <run start="1684" length="5" level="52"/>
        <run start="1684" length="5" level="52"/>
        <run start="1684" length="5" level="52"/>
        <run start="1684" length="5" level="52"/>
        <run start="1684" length="5" level="52"/>
        <run start="1684" length="5" level="52"/>
        <run start="1684" length="5" level="52"/>
        <run start="1684" length="5" level="52"/>
        <run start="1684" length="5" level="52"/>
        <run start="1684" length="5" level="52"/>
        <run start="1684" length="5" level="52"/>
        <run start="1684" length="5" level="52"/>
        <run start="1684" length="5" level="52"/>
        <run start="1684" length="5" level="52"/>
    </section>
    <section id="678" first-pos="279">
        <run start="1678" length="11" level="52"/>
        <run start="1678" length="11" level="29"/>
        <run start="1678" length="11" level="24"/>
        <run start="1678" length="11" level="43"/>
        <run start="1679" length="10" level="47"/>
        <run start="1680" length="9" level="52"/>
        <run start="1681" length="8" level="33"/>
        <run start="1681" length="8" level="33"/>
        <run start="1681" length="8" level="58"/>
        <run start="1682" length="7" level="37"/>
        <run start="1682" length="7" level="37"/>
        <run start="1682" length="7" level="37"/>
        <run start="1682" length="7" level="37"/>
        <run start="1682" length="7" level="37"/>
        <run start="1682" length="7" level="37"/>
        <run start="1682" length="7" level="37"/>
        <run start="1682" length="7" level="37"/>
        <run start="1681" length="7" level="38"/>
        <run start="1681" length="6" level="69"/>
        <run start="1680" length="6" level="51"/>
        <run start="1680" length="5" level="43"/>
        <run start="1679" length="6" level="51"/>
        <run start="1679" length="5" level="43"/>
        <run start="1678" length="5" level="53"/>
        <run start="1677" length="6" level="51"/>
        <run start="1676" length="6" level="44"/>
        <run start="1675" length="6" level="44"/>
        <run start="1673" length="7" level="43"/>
        <run start="1672" length="7" level="37"/>
        <run start="1671" length="7" level="37"/>
        <run start="1671" length="6" level="37"/>
        <run start="1671" length="5" level="132"/>
        <run start="1672" length="2" level="221"/>
    </section>
    <section id="677" first-pos="277">
        <run start="1679" length="4" level="101"/>
        <run start="1678" length="5" level="61"/>
    </section>
</stick>
