<?xml version="1.0" encoding="UTF-8"?>
<stick id="396" interline="21" shape="G_CLEF_OTTAVA_BASSA">
    <is-within-system>true</is-within-system>
    <has-ledger>false</has-ledger>
    <stem-number>0</stem-number>
    <step-line>1.0823529411764705</step-line>
    <moments>
        <k>8.122448979591837</k>
        <k>2.9047619047619047</k>
        <k>9.0</k>
        <k>0.053194147079930254</k>
        <k>0.04544863983796612</k>
        <k>0.6261485397763402</k>
        <k>-0.0010157256739410155</k>
        <k>0.0061178200715951495</k>
        <k>0.02628426737727562</k>
        <k>0.016467475287227404</k>
        <k>0.6793426868562704</k>
        <k>0.33653905156259667</k>
        <k>0.0063825386730076905</k>
        <k>0.0011485947662584117</k>
        <k>1.8596347927744324E-6</k>
        <k>3.0180270697468197E-5</k>
        <k>2.492641382645481E-6</k>
        <k>121.09966499162479</k>
        <k>1197.7116136236739</k>
    </moments>
    <section id="148" first-pos="91">
        <run start="1186" length="16" level="104"/>
    </section>
    <section id="150" first-pos="92">
        <run start="1184" length="25" level="86"/>
        <run start="1182" length="28" level="79"/>
        <run start="1180" length="32" level="81"/>
        <run start="1178" length="36" level="76"/>
        <run start="1176" length="40" level="68"/>
        <run start="1174" length="43" level="61"/>
        <run start="1173" length="46" level="71"/>
    </section>
    <section id="157" first-pos="99">
        <run start="1171" length="30" level="76"/>
        <run start="1170" length="26" level="79"/>
        <run start="1169" length="23" level="72"/>
        <run start="1168" length="22" level="57"/>
        <run start="1167" length="20" level="41"/>
        <run start="1165" length="21" level="48"/>
        <run start="1163" length="21" level="55"/>
        <run start="1162" length="21" level="70"/>
        <run start="1161" length="20" level="63"/>
        <run start="1160" length="20" level="63"/>
        <run start="1159" length="20" level="74"/>
        <run start="1158" length="19" level="66"/>
        <run start="1156" length="20" level="63"/>
    </section>
    <section id="182" first-pos="112">
        <run start="1112" length="63" level="47"/>
    </section>
    <section id="179" first-pos="111">
        <run start="1114" length="36" level="46"/>
    </section>
    <section id="176" first-pos="110">
        <run start="1116" length="27" level="34"/>
    </section>
    <section id="171" first-pos="109">
        <run start="1119" length="21" level="51"/>
    </section>
    <section id="166" first-pos="108">
        <run start="1123" length="14" level="218"/>
    </section>
    <section id="185" first-pos="113">
        <run start="1110" length="29" level="31"/>
    </section>
    <section id="194" first-pos="114">
        <run start="1109" length="22" level="28"/>
        <run start="1108" length="19" level="29"/>
        <run start="1107" length="18" level="31"/>
        <run start="1106" length="17" level="29"/>
        <run start="1105" length="17" level="30"/>
        <run start="1104" length="17" level="30"/>
        <run start="1104" length="16" level="20"/>
        <run start="1104" length="15" level="23"/>
        <run start="1105" length="14" level="25"/>
        <run start="1106" length="13" level="32"/>
        <run start="1108" length="11" level="30"/>
        <run start="1109" length="10" level="29"/>
        <run start="1110" length="11" level="51"/>
        <run start="1112" length="11" level="51"/>
    </section>
    <section id="250" first-pos="128">
        <run start="1114" length="41" level="71"/>
        <run start="1116" length="37" level="33"/>
        <run start="1118" length="33" level="40"/>
    </section>
    <section id="224" first-pos="121">
        <run start="1144" length="22" level="55"/>
        <run start="1142" length="24" level="62"/>
        <run start="1142" length="23" level="56"/>
        <run start="1141" length="22" level="48"/>
        <run start="1139" length="22" level="48"/>
        <run start="1136" length="23" level="56"/>
        <run start="1132" length="25" level="69"/>
    </section>
    <section id="220" first-pos="119">
        <run start="1144" length="33" level="64"/>
        <run start="1144" length="36" level="53"/>
    </section>
    <section id="199" first-pos="115">
        <run start="1149" length="24" level="53"/>
        <run start="1150" length="23" level="55"/>
        <run start="1150" length="24" level="54"/>
        <run start="1149" length="26" level="50"/>
    </section>
    <section id="186" first-pos="113">
        <run start="1140" length="34" level="67"/>
        <run start="1144" length="30" level="60"/>
    </section>
    <section id="198" first-pos="115">
        <run start="1144" length="4" level="194"/>
    </section>
    <section id="225" first-pos="121">
        <run start="1172" length="26" level="55"/>
        <run start="1173" length="24" level="69"/>
        <run start="1176" length="21" level="91"/>
        <run start="1179" length="18" level="82"/>
        <run start="1180" length="18" level="86"/>
        <run start="1181" length="21" level="84"/>
        <run start="1182" length="23" level="65"/>
    </section>
    <section id="211" first-pos="117">
        <run start="1187" length="15" level="61"/>
        <run start="1187" length="13" level="57"/>
        <run start="1184" length="15" level="83"/>
        <run start="1183" length="15" level="84"/>
    </section>
    <section id="206" first-pos="116">
        <run start="1187" length="22" level="85"/>
    </section>
    <section id="183" first-pos="112">
        <run start="1191" length="22" level="71"/>
        <run start="1188" length="26" level="67"/>
        <run start="1187" length="28" level="67"/>
        <run start="1187" length="29" level="65"/>
    </section>
    <section id="177" first-pos="110">
        <run start="1196" length="14" level="92"/>
        <run start="1194" length="17" level="72"/>
    </section>
    <section id="172" first-pos="109">
        <run start="1200" length="5" level="110"/>
    </section>
    <section id="207" first-pos="116">
        <run start="1210" length="6" level="63"/>
        <run start="1211" length="6" level="82"/>
        <run start="1212" length="6" level="87"/>
        <run start="1213" length="5" level="84"/>
        <run start="1214" length="5" level="103"/>
        <run start="1215" length="4" level="105"/>
        <run start="1216" length="3" level="86"/>
        <run start="1216" length="2" level="173"/>
    </section>
    <section id="251" first-pos="128">
        <run start="1182" length="29" level="76"/>
        <run start="1182" length="31" level="95"/>
    </section>
    <section id="261" first-pos="130">
        <run start="1182" length="14" level="87"/>
        <run start="1182" length="14" level="90"/>
        <run start="1182" length="14" level="90"/>
        <run start="1182" length="14" level="105"/>
        <run start="1183" length="13" level="97"/>
        <run start="1183" length="13" level="97"/>
        <run start="1183" length="13" level="113"/>
        <run start="1184" length="13" level="102"/>
        <run start="1184" length="14" level="95"/>
        <run start="1184" length="14" level="102"/>
        <run start="1187" length="12" level="74"/>
        <run start="1187" length="14" level="69"/>
        <run start="1187" length="15" level="60"/>
        <run start="1187" length="17" level="48"/>
        <run start="1187" length="19" level="40"/>
    </section>
    <section id="326" first-pos="145">
        <run start="1188" length="32" level="49"/>
        <run start="1189" length="30" level="53"/>
        <run start="1191" length="27" level="65"/>
        <run start="1193" length="23" level="67"/>
        <run start="1194" length="20" level="96"/>
    </section>
    <section id="293" first-pos="137">
        <run start="1222" length="6" level="75"/>
        <run start="1221" length="6" level="59"/>
        <run start="1221" length="5" level="34"/>
        <run start="1220" length="5" level="54"/>
        <run start="1219" length="5" level="54"/>
        <run start="1217" length="6" level="61"/>
        <run start="1215" length="7" level="52"/>
        <run start="1210" length="11" level="65"/>
    </section>
    <section id="271" first-pos="132">
        <run start="1208" length="21" level="78"/>
        <run start="1211" length="18" level="54"/>
        <run start="1213" length="18" level="86"/>
        <run start="1216" length="18" level="127"/>
        <run start="1221" length="16" level="110"/>
    </section>
    <section id="262" first-pos="130">
        <run start="1199" length="18" level="121"/>
        <run start="1202" length="19" level="123"/>
    </section>
    <section id="159" first-pos="99">
        <run start="1210" length="10" level="46"/>
        <run start="1211" length="10" level="66"/>
        <run start="1213" length="9" level="59"/>
        <run start="1214" length="9" level="76"/>
        <run start="1216" length="8" level="85"/>
        <run start="1218" length="6" level="69"/>
        <run start="1219" length="6" level="61"/>
        <run start="1219" length="7" level="75"/>
        <run start="1220" length="7" level="75"/>
        <run start="1221" length="6" level="53"/>
        <run start="1222" length="6" level="74"/>
        <run start="1223" length="5" level="59"/>
        <run start="1223" length="6" level="107"/>
        <run start="1224" length="5" level="98"/>
        <run start="1224" length="5" level="127"/>
        <run start="1225" length="5" level="137"/>
        <run start="1225" length="5" level="137"/>
        <run start="1225" length="5" level="165"/>
        <run start="1226" length="4" level="170"/>
        <run start="1226" length="4" level="170"/>
        <run start="1226" length="4" level="169"/>
        <run start="1226" length="4" level="169"/>
        <run start="1226" length="4" level="194"/>
        <run start="1227" length="3" level="200"/>
        <run start="1227" length="3" level="200"/>
        <run start="1228" length="2" level="200"/>
        <run start="1228" length="2" level="200"/>
        <run start="1229" length="1" level="200"/>
        <run start="1229" length="1" level="200"/>
        <run start="1228" length="2" level="200"/>
        <run start="1227" length="2" level="200"/>
        <run start="1225" length="4" level="186"/>
        <run start="1224" length="5" level="153"/>
    </section>
    <section id="294" first-pos="137">
        <run start="1229" length="12" level="92"/>
        <run start="1229" length="16" level="71"/>
    </section>
    <section id="301" first-pos="139">
        <run start="1232" length="31" level="70"/>
    </section>
    <section id="279" first-pos="133">
        <run start="1262" length="8" level="43"/>
        <run start="1261" length="8" level="53"/>
        <run start="1260" length="9" level="47"/>
        <run start="1258" length="11" level="61"/>
        <run start="1257" length="11" level="40"/>
        <run start="1254" length="15" level="77"/>
    </section>
    <section id="252" first-pos="128">
        <run start="1264" length="17" level="51"/>
        <run start="1264" length="17" level="26"/>
        <run start="1264" length="17" level="16"/>
        <run start="1263" length="18" level="22"/>
        <run start="1262" length="21" level="46"/>
    </section>
    <section id="227" first-pos="121">
        <run start="1264" length="5" level="52"/>
        <run start="1264" length="5" level="52"/>
        <run start="1264" length="5" level="69"/>
        <run start="1265" length="4" level="65"/>
        <run start="1265" length="4" level="65"/>
        <run start="1265" length="4" level="65"/>
        <run start="1265" length="4" level="65"/>
    </section>
    <section id="173" first-pos="109">
        <run start="1249" length="11" level="122"/>
        <run start="1247" length="15" level="59"/>
        <run start="1246" length="17" level="34"/>
        <run start="1245" length="19" level="31"/>
        <run start="1244" length="22" level="34"/>
        <run start="1244" length="22" level="13"/>
        <run start="1243" length="23" level="16"/>
        <run start="1243" length="24" level="12"/>
        <run start="1243" length="24" level="9"/>
        <run start="1243" length="25" level="11"/>
        <run start="1243" length="25" level="15"/>
        <run start="1243" length="25" level="26"/>
    </section>
    <section id="167" first-pos="108">
        <run start="1252" length="4" level="179"/>
    </section>
    <section id="226" first-pos="121">
        <run start="1243" length="19" level="21"/>
        <run start="1244" length="18" level="20"/>
        <run start="1244" length="17" level="23"/>
        <run start="1245" length="16" level="30"/>
        <run start="1246" length="14" level="34"/>
        <run start="1247" length="12" level="57"/>
        <run start="1249" length="8" level="123"/>
    </section>
    <section id="249" first-pos="127">
        <run start="1270" length="11" level="158"/>
    </section>
    <section id="239" first-pos="124">
        <run start="1279" length="5" level="113"/>
        <run start="1278" length="4" level="127"/>
        <run start="1278" length="3" level="86"/>
    </section>
    <section id="228" first-pos="121">
        <run start="1282" length="5" level="204"/>
        <run start="1281" length="8" level="79"/>
        <run start="1280" length="10" level="64"/>
    </section>
    <section id="240" first-pos="124">
        <run start="1287" length="4" level="77"/>
        <run start="1288" length="3" level="90"/>
        <run start="1289" length="3" level="101"/>
        <run start="1290" length="2" level="128"/>
        <run start="1290" length="2" level="112"/>
        <run start="1290" length="3" level="86"/>
        <run start="1290" length="3" level="86"/>
        <run start="1289" length="4" level="117"/>
        <run start="1288" length="5" level="102"/>
    </section>
    <section id="280" first-pos="133">
        <run start="1274" length="18" level="75"/>
        <run start="1275" length="17" level="20"/>
        <run start="1276" length="16" level="24"/>
        <run start="1277" length="14" level="22"/>
        <run start="1277" length="13" level="24"/>
        <run start="1276" length="13" level="78"/>
    </section>
    <section id="303" first-pos="139">
        <run start="1275" length="4" level="111"/>
    </section>
    <section id="308" first-pos="140">
        <run start="1265" length="14" level="107"/>
        <run start="1266" length="12" level="35"/>
        <run start="1267" length="10" level="49"/>
        <run start="1269" length="7" level="100"/>
    </section>
    <section id="302" first-pos="139">
        <run start="1265" length="4" level="48"/>
    </section>
    <section id="307" first-pos="140">
        <run start="1235" length="26" level="34"/>
    </section>
    <section id="312" first-pos="141">
        <run start="1239" length="20" level="36"/>
    </section>
    <section id="315" first-pos="142">
        <run start="1243" length="14" level="72"/>
    </section>
    <section id="320" first-pos="143">
        <run start="1248" length="5" level="112"/>
    </section>
    <section id="338" first-pos="150">
        <run start="1197" length="15" level="142"/>
    </section>
    <section id="344" first-pos="151">
        <run start="1202" length="8" level="191"/>
    </section>
    <section id="264" first-pos="131">
        <run start="1122" length="26" level="47"/>
    </section>
    <section id="270" first-pos="132">
        <run start="1125" length="20" level="51"/>
    </section>
    <section id="278" first-pos="133">
        <run start="1142" length="3" level="152"/>
        <run start="1142" length="3" level="156"/>
    </section>
    <section id="158" first-pos="99">
        <run start="1203" length="6" level="195"/>
        <run start="1206" length="3" level="200"/>
    </section>
</stick>
