<?xml version="1.0" encoding="UTF-8"?>
<stick id="506" interline="21" shape="G_CLEF_OTTAVA_BASSA">
    <is-within-system>true</is-within-system>
    <has-ledger>false</has-ledger>
    <stem-number>0</stem-number>
    <step-line>0.8941176470588236</step-line>
    <moments>
        <k>8.104308390022675</k>
        <k>2.9523809523809526</k>
        <k>8.80952380952381</k>
        <k>0.05396275302117886</k>
        <k>0.04776459165360322</k>
        <k>0.6069733501002829</k>
        <k>-6.318621685657158E-4</k>
        <k>0.007605453430679165</k>
        <k>0.030660826861566737</k>
        <k>0.031048566507996974</k>
        <k>0.6609361031214617</k>
        <k>0.314946545345129</k>
        <k>0.008645185702801502</k>
        <k>0.0023958719779530744</k>
        <k>9.572846282722467E-6</k>
        <k>5.493695832218344E-4</k>
        <k>5.220731844640961E-6</k>
        <k>127.02406267487409</k>
        <k>1781.2806379406827</k>
    </moments>
    <section id="154" first-pos="97">
        <run start="1773" length="21" level="200"/>
        <run start="1770" length="24" level="59"/>
        <run start="1768" length="27" level="75"/>
    </section>
    <section id="160" first-pos="100">
        <run start="1765" length="32" level="81"/>
        <run start="1763" length="36" level="67"/>
        <run start="1761" length="39" level="62"/>
        <run start="1759" length="43" level="56"/>
        <run start="1758" length="45" level="56"/>
    </section>
    <section id="163" first-pos="105">
        <run start="1757" length="28" level="52"/>
        <run start="1755" length="26" level="60"/>
        <run start="1752" length="26" level="68"/>
        <run start="1750" length="26" level="69"/>
        <run start="1750" length="25" level="64"/>
        <run start="1750" length="23" level="53"/>
        <run start="1750" length="23" level="53"/>
        <run start="1748" length="24" level="65"/>
    </section>
    <section id="190" first-pos="113">
        <run start="1747" length="21" level="69"/>
        <run start="1746" length="21" level="71"/>
        <run start="1744" length="22" level="75"/>
        <run start="1743" length="22" level="72"/>
        <run start="1742" length="21" level="71"/>
    </section>
    <section id="218" first-pos="118">
        <run start="1698" length="64" level="51"/>
        <run start="1696" length="65" level="55"/>
    </section>
    <section id="214" first-pos="117">
        <run start="1700" length="38" level="52"/>
    </section>
    <section id="209" first-pos="116">
        <run start="1702" length="32" level="53"/>
    </section>
    <section id="201" first-pos="115">
        <run start="1705" length="25" level="81"/>
    </section>
    <section id="197" first-pos="114">
        <run start="1710" length="10" level="117"/>
    </section>
    <section id="222" first-pos="120">
        <run start="1695" length="25" level="50"/>
        <run start="1693" length="21" level="42"/>
        <run start="1692" length="18" level="24"/>
        <run start="1691" length="17" level="16"/>
        <run start="1690" length="17" level="16"/>
        <run start="1690" length="16" level="13"/>
        <run start="1690" length="15" level="14"/>
        <run start="1690" length="15" level="31"/>
        <run start="1691" length="14" level="33"/>
        <run start="1692" length="12" level="33"/>
        <run start="1693" length="12" level="45"/>
        <run start="1694" length="12" level="60"/>
        <run start="1696" length="11" level="65"/>
        <run start="1698" length="11" level="56"/>
    </section>
    <section id="285" first-pos="134">
        <run start="1699" length="43" level="66"/>
        <run start="1701" length="39" level="51"/>
    </section>
    <section id="253" first-pos="128">
        <run start="1729" length="25" level="72"/>
        <run start="1728" length="26" level="78"/>
        <run start="1726" length="26" level="79"/>
        <run start="1724" length="24" level="72"/>
        <run start="1721" length="25" level="73"/>
        <run start="1718" length="26" level="70"/>
    </section>
    <section id="247" first-pos="126">
        <run start="1729" length="38" level="65"/>
        <run start="1729" length="40" level="61"/>
    </section>
    <section id="231" first-pos="121">
        <run start="1734" length="26" level="57"/>
        <run start="1735" length="24" level="58"/>
        <run start="1735" length="24" level="56"/>
        <run start="1734" length="27" level="56"/>
        <run start="1733" length="30" level="51"/>
    </section>
    <section id="223" first-pos="120">
        <run start="1729" length="32" level="68"/>
    </section>
    <section id="254" first-pos="128">
        <run start="1758" length="25" level="72"/>
        <run start="1762" length="21" level="81"/>
        <run start="1765" length="18" level="88"/>
        <run start="1767" length="19" level="97"/>
        <run start="1767" length="23" level="93"/>
        <run start="1769" length="24" level="66"/>
        <run start="1770" length="25" level="65"/>
        <run start="1770" length="27" level="85"/>
    </section>
    <section id="232" first-pos="121">
        <run start="1770" length="24" level="59"/>
        <run start="1770" length="22" level="53"/>
        <run start="1770" length="18" level="60"/>
        <run start="1770" length="16" level="65"/>
        <run start="1770" length="15" level="70"/>
        <run start="1770" length="14" level="71"/>
        <run start="1770" length="14" level="75"/>
    </section>
    <section id="221" first-pos="119">
        <run start="1770" length="29" level="90"/>
        <run start="1770" length="30" level="72"/>
    </section>
    <section id="219" first-pos="118">
        <run start="1770" length="5" level="195"/>
    </section>
    <section id="215" first-pos="117">
        <run start="1770" length="3" level="200"/>
    </section>
    <section id="216" first-pos="117">
        <run start="1774" length="1" level="173"/>
    </section>
    <section id="202" first-pos="115">
        <run start="1784" length="10" level="211"/>
        <run start="1781" length="13" level="101"/>
        <run start="1779" length="16" level="81"/>
        <run start="1777" length="20" level="82"/>
    </section>
    <section id="233" first-pos="121">
        <run start="1795" length="6" level="61"/>
        <run start="1796" length="6" level="37"/>
        <run start="1797" length="5" level="54"/>
        <run start="1798" length="5" level="57"/>
        <run start="1799" length="4" level="67"/>
        <run start="1800" length="4" level="70"/>
        <run start="1801" length="3" level="81"/>
        <run start="1801" length="4" level="70"/>
        <run start="1802" length="3" level="97"/>
    </section>
    <section id="291" first-pos="136">
        <run start="1770" length="12" level="84"/>
        <run start="1770" length="12" level="89"/>
        <run start="1770" length="11" level="92"/>
        <run start="1770" length="11" level="92"/>
        <run start="1770" length="11" level="88"/>
        <run start="1770" length="12" level="85"/>
        <run start="1770" length="12" level="85"/>
        <run start="1770" length="12" level="82"/>
        <run start="1770" length="13" level="79"/>
        <run start="1770" length="13" level="76"/>
        <run start="1770" length="14" level="70"/>
        <run start="1770" length="15" level="66"/>
        <run start="1770" length="17" level="71"/>
        <run start="1770" length="20" level="72"/>
    </section>
    <section id="340" first-pos="150">
        <run start="1772" length="25" level="73"/>
    </section>
    <section id="345" first-pos="151">
        <run start="1774" length="31" level="36"/>
        <run start="1775" length="29" level="41"/>
        <run start="1777" length="26" level="43"/>
        <run start="1778" length="24" level="50"/>
        <run start="1780" length="20" level="63"/>
    </section>
    <section id="322" first-pos="143">
        <run start="1807" length="6" level="41"/>
        <run start="1807" length="6" level="41"/>
        <run start="1807" length="5" level="10"/>
        <run start="1806" length="5" level="53"/>
        <run start="1805" length="5" level="53"/>
        <run start="1804" length="5" level="51"/>
        <run start="1802" length="7" level="39"/>
        <run start="1800" length="8" level="36"/>
    </section>
    <section id="309" first-pos="140">
        <run start="1800" length="15" level="48"/>
        <run start="1803" length="13" level="69"/>
        <run start="1806" length="13" level="98"/>
    </section>
    <section id="305" first-pos="139">
        <run start="1795" length="20" level="46"/>
    </section>
    <section id="292" first-pos="136">
        <run start="1786" length="12" level="117"/>
        <run start="1790" length="12" level="106"/>
        <run start="1793" length="12" level="67"/>
    </section>
    <section id="164" first-pos="105">
        <run start="1793" length="12" level="64"/>
        <run start="1795" length="11" level="49"/>
        <run start="1799" length="8" level="35"/>
        <run start="1800" length="8" level="38"/>
        <run start="1802" length="6" level="45"/>
        <run start="1803" length="6" level="45"/>
        <run start="1804" length="6" level="45"/>
        <run start="1805" length="6" level="46"/>
        <run start="1806" length="5" level="51"/>
        <run start="1806" length="6" level="45"/>
        <run start="1807" length="5" level="20"/>
        <run start="1808" length="5" level="59"/>
        <run start="1809" length="4" level="71"/>
        <run start="1809" length="5" level="98"/>
        <run start="1810" length="4" level="120"/>
        <run start="1810" length="5" level="136"/>
        <run start="1810" length="5" level="137"/>
        <run start="1811" length="4" level="169"/>
        <run start="1811" length="4" level="168"/>
        <run start="1811" length="4" level="169"/>
        <run start="1812" length="3" level="200"/>
        <run start="1812" length="3" level="200"/>
        <run start="1813" length="2" level="200"/>
        <run start="1813" length="2" level="200"/>
        <run start="1814" length="1" level="200"/>
        <run start="1814" length="1" level="200"/>
        <run start="1813" length="2" level="200"/>
        <run start="1813" length="2" level="200"/>
        <run start="1812" length="3" level="200"/>
        <run start="1811" length="4" level="164"/>
        <run start="1811" length="4" level="164"/>
        <run start="1811" length="4" level="163"/>
        <run start="1810" length="5" level="130"/>
        <run start="1809" length="6" level="108"/>
    </section>
    <section id="323" first-pos="143">
        <run start="1814" length="8" level="105"/>
        <run start="1814" length="12" level="73"/>
        <run start="1816" length="14" level="36"/>
    </section>
    <section id="329" first-pos="146">
        <run start="1819" length="34" level="31"/>
    </section>
    <section id="328" first-pos="145">
        <run start="1839" length="13" level="37"/>
    </section>
    <section id="310" first-pos="140">
        <run start="1847" length="5" level="43"/>
        <run start="1847" length="4" level="53"/>
        <run start="1846" length="5" level="62"/>
        <run start="1845" length="6" level="51"/>
        <run start="1843" length="8" level="44"/>
    </section>
    <section id="286" first-pos="134">
        <run start="1849" length="14" level="52"/>
        <run start="1849" length="14" level="19"/>
        <run start="1848" length="15" level="21"/>
        <run start="1848" length="16" level="21"/>
        <run start="1848" length="17" level="20"/>
        <run start="1847" length="19" level="72"/>
    </section>
    <section id="256" first-pos="128">
        <run start="1848" length="5" level="52"/>
        <run start="1848" length="6" level="87"/>
        <run start="1849" length="5" level="52"/>
        <run start="1849" length="5" level="52"/>
        <run start="1849" length="5" level="52"/>
        <run start="1849" length="5" level="52"/>
    </section>
    <section id="210" first-pos="116">
        <run start="1834" length="10" level="48"/>
        <run start="1832" length="14" level="30"/>
        <run start="1831" length="17" level="23"/>
        <run start="1830" length="19" level="18"/>
        <run start="1829" length="21" level="17"/>
        <run start="1828" length="22" level="14"/>
        <run start="1828" length="23" level="14"/>
        <run start="1828" length="24" level="14"/>
        <run start="1828" length="24" level="12"/>
        <run start="1828" length="24" level="12"/>
        <run start="1828" length="25" level="13"/>
        <run start="1828" length="25" level="28"/>
    </section>
    <section id="203" first-pos="115">
        <run start="1837" length="4" level="92"/>
    </section>
    <section id="255" first-pos="128">
        <run start="1828" length="19" level="14"/>
        <run start="1829" length="17" level="14"/>
        <run start="1830" length="16" level="17"/>
        <run start="1830" length="15" level="16"/>
        <run start="1831" length="13" level="17"/>
        <run start="1833" length="10" level="44"/>
        <run start="1834" length="7" level="189"/>
    </section>
    <section id="274" first-pos="132">
        <run start="1861" length="3" level="91"/>
        <run start="1861" length="3" level="86"/>
    </section>
    <section id="257" first-pos="128">
        <run start="1865" length="5" level="151"/>
        <run start="1864" length="8" level="74"/>
        <run start="1863" length="10" level="43"/>
        <run start="1862" length="12" level="122"/>
    </section>
    <section id="275" first-pos="132">
        <run start="1870" length="4" level="107"/>
        <run start="1871" length="3" level="141"/>
        <run start="1872" length="3" level="116"/>
        <run start="1872" length="3" level="86"/>
        <run start="1872" length="3" level="86"/>
        <run start="1872" length="3" level="86"/>
        <run start="1872" length="3" level="86"/>
        <run start="1871" length="4" level="86"/>
    </section>
    <section id="311" first-pos="140">
        <run start="1857" length="17" level="52"/>
        <run start="1858" length="16" level="29"/>
        <run start="1859" length="14" level="14"/>
        <run start="1859" length="14" level="19"/>
        <run start="1859" length="13" level="15"/>
        <run start="1859" length="12" level="61"/>
    </section>
    <section id="330" first-pos="146">
        <run start="1858" length="3" level="88"/>
    </section>
    <section id="334" first-pos="147">
        <run start="1847" length="13" level="60"/>
        <run start="1848" length="12" level="22"/>
        <run start="1848" length="11" level="91"/>
    </section>
    <section id="341" first-pos="150">
        <run start="1850" length="1" level="207"/>
    </section>
    <section id="342" first-pos="150">
        <run start="1853" length="5" level="194"/>
    </section>
    <section id="331" first-pos="146">
        <run start="1864" length="6" level="177"/>
    </section>
    <section id="333" first-pos="147">
        <run start="1823" length="22" level="11"/>
        <run start="1826" length="18" level="25"/>
    </section>
    <section id="336" first-pos="149">
        <run start="1831" length="11" level="40"/>
        <run start="1833" length="7" level="222"/>
    </section>
    <section id="348" first-pos="156">
        <run start="1783" length="14" level="92"/>
    </section>
    <section id="349" first-pos="157">
        <run start="1788" length="6" level="123"/>
        <run start="1792" length="2" level="200"/>
    </section>
    <section id="290" first-pos="136">
        <run start="1703" length="33" level="55"/>
    </section>
    <section id="295" first-pos="137">
        <run start="1706" length="28" level="71"/>
    </section>
    <section id="299" first-pos="138">
        <run start="1710" length="18" level="80"/>
    </section>
    <section id="304" first-pos="139">
        <run start="1715" length="9" level="150"/>
    </section>
    <section id="191" first-pos="113">
        <run start="1769" length="1" level="135"/>
    </section>
</stick>
