<?xml version="1.0" encoding="UTF-8"?>
<stick id="215" interline="22" shape="G_CLEF_OTTAVA_BASSA">
    <is-within-system>true</is-within-system>
    <has-ledger>false</has-ledger>
    <stem-number>0</stem-number>
    <step-line>0.7441860465116279</step-line>
    <moments>
        <k>7.481404958677686</k>
        <k>2.772727272727273</k>
        <k>8.590909090909092</k>
        <k>0.053101442913352406</k>
        <k>0.04990283498202308</k>
        <k>0.6176181428176442</k>
        <k>-8.964004187497026E-4</k>
        <k>0.006434822096337783</k>
        <k>0.02634169736430592</k>
        <k>0.03182423545068347</k>
        <k>0.6707195857309965</k>
        <k>0.3286402762278043</k>
        <k>0.006544189585154026</k>
        <k>0.002111218621033816</k>
        <k>7.3842331217091535E-6</k>
        <k>6.551349126670917E-4</k>
        <k>2.6561895887680734E-6</k>
        <k>244.50731842032587</k>
        <k>618.2808616404308</k>
    </moments>
    <section id="517" first-pos="214">
        <run start="611" length="14" level="194"/>
    </section>
    <section id="518" first-pos="215">
        <run start="609" length="23" level="91"/>
        <run start="606" length="26" level="69"/>
        <run start="603" length="30" level="76"/>
    </section>
    <section id="521" first-pos="218">
        <run start="600" length="35" level="74"/>
        <run start="598" length="39" level="72"/>
        <run start="596" length="42" level="62"/>
        <run start="594" length="46" level="65"/>
    </section>
    <section id="530" first-pos="222">
        <run start="593" length="30" level="56"/>
        <run start="592" length="27" level="63"/>
        <run start="591" length="24" level="62"/>
        <run start="590" length="23" level="59"/>
    </section>
    <section id="553" first-pos="226">
        <run start="587" length="24" level="67"/>
        <run start="586" length="23" level="62"/>
        <run start="585" length="23" level="67"/>
        <run start="584" length="22" level="72"/>
        <run start="583" length="21" level="71"/>
        <run start="582" length="21" level="71"/>
        <run start="580" length="22" level="78"/>
        <run start="579" length="21" level="71"/>
        <run start="578" length="21" level="67"/>
    </section>
    <section id="546" first-pos="225">
        <run start="588" length="1" level="200"/>
    </section>
    <section id="579" first-pos="235">
        <run start="533" length="66" level="50"/>
        <run start="531" length="67" level="68"/>
    </section>
    <section id="575" first-pos="234">
        <run start="534" length="40" level="53"/>
    </section>
    <section id="571" first-pos="232">
        <run start="540" length="27" level="63"/>
        <run start="537" length="30" level="33"/>
    </section>
    <section id="568" first-pos="231">
        <run start="545" length="14" level="102"/>
    </section>
    <section id="580" first-pos="237">
        <run start="529" length="24" level="44"/>
        <run start="528" length="21" level="40"/>
        <run start="527" length="19" level="36"/>
        <run start="526" length="18" level="28"/>
        <run start="525" length="18" level="28"/>
        <run start="525" length="17" level="27"/>
        <run start="526" length="15" level="16"/>
        <run start="527" length="14" level="30"/>
        <run start="528" length="12" level="20"/>
        <run start="529" length="11" level="22"/>
        <run start="530" length="11" level="28"/>
        <run start="531" length="10" level="43"/>
        <run start="532" length="11" level="73"/>
        <run start="534" length="11" level="55"/>
    </section>
    <section id="616" first-pos="251">
        <run start="535" length="43" level="67"/>
    </section>
    <section id="601" first-pos="246">
        <run start="563" length="24" level="68"/>
        <run start="561" length="24" level="72"/>
        <run start="559" length="24" level="67"/>
        <run start="557" length="25" level="69"/>
        <run start="553" length="27" level="71"/>
    </section>
    <section id="597" first-pos="245">
        <run start="564" length="28" level="83"/>
    </section>
    <section id="595" first-pos="244">
        <run start="566" length="54" level="71"/>
    </section>
    <section id="592" first-pos="241">
        <run start="567" length="30" level="77"/>
        <run start="567" length="32" level="66"/>
        <run start="567" length="36" level="67"/>
    </section>
    <section id="584" first-pos="239">
        <run start="571" length="24" level="59"/>
        <run start="571" length="24" level="58"/>
    </section>
    <section id="581" first-pos="237">
        <run start="566" length="30" level="64"/>
        <run start="566" length="30" level="75"/>
    </section>
    <section id="594" first-pos="243">
        <run start="606" length="15" level="100"/>
    </section>
    <section id="593" first-pos="241">
        <run start="607" length="1" level="220"/>
        <run start="607" length="2" level="170"/>
    </section>
    <section id="585" first-pos="239">
        <run start="610" length="19" level="41"/>
        <run start="610" length="16" level="56"/>
        <run start="610" length="13" level="60"/>
        <run start="610" length="12" level="65"/>
    </section>
    <section id="574" first-pos="233">
        <run start="620" length="12" level="201"/>
        <run start="617" length="15" level="74"/>
        <run start="614" length="19" level="70"/>
        <run start="611" length="23" level="76"/>
        <run start="610" length="25" level="73"/>
        <run start="610" length="26" level="66"/>
    </section>
    <section id="586" first-pos="239">
        <run start="632" length="5" level="100"/>
        <run start="633" length="5" level="60"/>
        <run start="634" length="5" level="35"/>
        <run start="635" length="4" level="70"/>
        <run start="636" length="4" level="73"/>
        <run start="637" length="3" level="91"/>
        <run start="638" length="3" level="86"/>
        <run start="638" length="3" level="96"/>
        <run start="639" length="2" level="143"/>
    </section>
    <section id="598" first-pos="245">
        <run start="593" length="27" level="67"/>
    </section>
    <section id="603" first-pos="246">
        <run start="598" length="21" level="69"/>
        <run start="600" length="19" level="81"/>
        <run start="603" length="17" level="91"/>
        <run start="604" length="19" level="98"/>
        <run start="604" length="21" level="78"/>
    </section>
    <section id="617" first-pos="251">
        <run start="604" length="28" level="88"/>
        <run start="604" length="28" level="62"/>
        <run start="604" length="31" level="86"/>
    </section>
    <section id="624" first-pos="254">
        <run start="604" length="14" level="90"/>
        <run start="604" length="14" level="90"/>
        <run start="604" length="14" level="101"/>
        <run start="605" length="13" level="112"/>
        <run start="605" length="13" level="97"/>
        <run start="605" length="13" level="97"/>
        <run start="605" length="13" level="103"/>
        <run start="606" length="12" level="102"/>
        <run start="606" length="13" level="100"/>
        <run start="607" length="13" level="94"/>
        <run start="607" length="14" level="91"/>
        <run start="608" length="14" level="80"/>
        <run start="609" length="15" level="75"/>
        <run start="610" length="17" level="67"/>
        <run start="610" length="20" level="58"/>
    </section>
    <section id="653" first-pos="269">
        <run start="610" length="33" level="55"/>
        <run start="610" length="32" level="58"/>
    </section>
    <section id="640" first-pos="263">
        <run start="644" length="5" level="53"/>
        <run start="643" length="5" level="54"/>
        <run start="642" length="5" level="54"/>
        <run start="640" length="6" level="83"/>
        <run start="637" length="8" level="90"/>
        <run start="633" length="11" level="83"/>
    </section>
    <section id="630" first-pos="257">
        <run start="634" length="19" level="37"/>
        <run start="636" length="17" level="48"/>
        <run start="639" length="14" level="58"/>
        <run start="642" length="14" level="93"/>
        <run start="644" length="15" level="84"/>
        <run start="644" length="18" level="72"/>
    </section>
    <section id="625" first-pos="254">
        <run start="622" length="16" level="119"/>
        <run start="626" length="15" level="121"/>
        <run start="629" length="14" level="81"/>
    </section>
    <section id="535" first-pos="223">
        <run start="631" length="11" level="62"/>
        <run start="633" length="10" level="39"/>
        <run start="636" length="8" level="40"/>
        <run start="638" length="7" level="42"/>
        <run start="639" length="6" level="47"/>
        <run start="640" length="6" level="47"/>
        <run start="641" length="6" level="46"/>
        <run start="642" length="6" level="48"/>
        <run start="643" length="5" level="55"/>
        <run start="644" length="5" level="52"/>
        <run start="644" length="5" level="55"/>
        <run start="645" length="8" level="110"/>
        <run start="646" length="7" level="122"/>
        <run start="646" length="7" level="110"/>
        <run start="647" length="6" level="125"/>
        <run start="647" length="6" level="125"/>
        <run start="647" length="6" level="127"/>
        <run start="648" length="5" level="149"/>
        <run start="648" length="5" level="148"/>
        <run start="648" length="5" level="148"/>
        <run start="648" length="5" level="148"/>
        <run start="648" length="5" level="147"/>
        <run start="648" length="5" level="150"/>
        <run start="649" length="4" level="181"/>
        <run start="648" length="5" level="150"/>
        <run start="649" length="4" level="183"/>
        <run start="649" length="4" level="180"/>
        <run start="648" length="5" level="146"/>
        <run start="648" length="5" level="145"/>
        <run start="648" length="5" level="145"/>
        <run start="648" length="5" level="145"/>
        <run start="648" length="5" level="143"/>
        <run start="647" length="6" level="120"/>
        <run start="647" length="6" level="119"/>
    </section>
    <section id="531" first-pos="222">
        <run start="625" length="16" level="89"/>
    </section>
    <section id="641" first-pos="263">
        <run start="653" length="13" level="46"/>
    </section>
    <section id="645" first-pos="264">
        <run start="656" length="28" level="26"/>
    </section>
    <section id="642" first-pos="263">
        <run start="677" length="8" level="37"/>
    </section>
    <section id="628" first-pos="256">
        <run start="685" length="7" level="39"/>
        <run start="684" length="7" level="39"/>
        <run start="684" length="7" level="37"/>
        <run start="683" length="8" level="38"/>
        <run start="682" length="9" level="33"/>
        <run start="681" length="10" level="30"/>
        <run start="679" length="12" level="63"/>
    </section>
    <section id="621" first-pos="252">
        <run start="686" length="16" level="26"/>
        <run start="686" length="16" level="17"/>
        <run start="686" length="17" level="20"/>
        <run start="686" length="19" level="43"/>
    </section>
    <section id="605" first-pos="246">
        <run start="686" length="4" level="59"/>
        <run start="686" length="4" level="65"/>
        <run start="686" length="5" level="61"/>
        <run start="686" length="5" level="52"/>
        <run start="686" length="5" level="52"/>
        <run start="687" length="4" level="59"/>
    </section>
    <section id="576" first-pos="234">
        <run start="671" length="10" level="50"/>
        <run start="669" length="14" level="27"/>
        <run start="668" length="16" level="20"/>
        <run start="667" length="19" level="19"/>
        <run start="666" length="21" level="16"/>
        <run start="666" length="21" level="13"/>
        <run start="665" length="23" level="14"/>
        <run start="665" length="24" level="13"/>
        <run start="665" length="24" level="12"/>
        <run start="665" length="24" level="12"/>
        <run start="665" length="25" level="13"/>
        <run start="665" length="25" level="28"/>
    </section>
    <section id="604" first-pos="246">
        <run start="666" length="18" level="15"/>
        <run start="666" length="17" level="15"/>
        <run start="667" length="16" level="17"/>
        <run start="667" length="15" level="17"/>
        <run start="668" length="13" level="19"/>
        <run start="670" length="10" level="24"/>
    </section>
    <section id="620" first-pos="252">
        <run start="674" length="5" level="137"/>
    </section>
    <section id="618" first-pos="251">
        <run start="692" length="10" level="60"/>
    </section>
    <section id="607" first-pos="247">
        <run start="701" length="5" level="125"/>
        <run start="700" length="4" level="127"/>
        <run start="700" length="3" level="86"/>
        <run start="698" length="5" level="114"/>
    </section>
    <section id="596" first-pos="244">
        <run start="704" length="5" level="110"/>
        <run start="702" length="9" level="62"/>
        <run start="701" length="11" level="70"/>
    </section>
    <section id="608" first-pos="247">
        <run start="707" length="5" level="123"/>
        <run start="709" length="4" level="129"/>
        <run start="710" length="3" level="144"/>
        <run start="711" length="3" level="114"/>
        <run start="711" length="3" level="143"/>
        <run start="711" length="3" level="113"/>
        <run start="711" length="3" level="86"/>
        <run start="711" length="3" level="86"/>
        <run start="710" length="4" level="85"/>
    </section>
    <section id="629" first-pos="256">
        <run start="694" length="20" level="66"/>
        <run start="697" length="17" level="37"/>
        <run start="698" length="15" level="31"/>
        <run start="699" length="14" level="32"/>
        <run start="699" length="13" level="34"/>
        <run start="699" length="12" level="98"/>
    </section>
    <section id="637" first-pos="262">
        <run start="698" length="4" level="127"/>
        <run start="697" length="3" level="93"/>
    </section>
    <section id="646" first-pos="264">
        <run start="688" length="12" level="49"/>
        <run start="689" length="10" level="42"/>
        <run start="690" length="8" level="129"/>
    </section>
    <section id="643" first-pos="263">
        <run start="688" length="4" level="72"/>
    </section>
    <section id="651" first-pos="267">
        <run start="693" length="3" level="207"/>
    </section>
    <section id="638" first-pos="262">
        <run start="704" length="5" level="197"/>
    </section>
    <section id="648" first-pos="265">
        <run start="660" length="23" level="21"/>
    </section>
    <section id="649" first-pos="266">
        <run start="663" length="18" level="14"/>
    </section>
    <section id="650" first-pos="267">
        <run start="667" length="13" level="53"/>
    </section>
    <section id="661" first-pos="271">
        <run start="613" length="27" level="53"/>
        <run start="615" length="24" level="63"/>
    </section>
    <section id="663" first-pos="273">
        <run start="617" length="19" level="79"/>
    </section>
    <section id="670" first-pos="274">
        <run start="620" length="14" level="111"/>
    </section>
    <section id="602" first-pos="246">
        <run start="588" length="4" level="194"/>
    </section>
    <section id="619" first-pos="252">
        <run start="538" length="38" level="54"/>
    </section>
    <section id="622" first-pos="253">
        <run start="540" length="33" level="63"/>
    </section>
    <section id="623" first-pos="254">
        <run start="543" length="28" level="67"/>
    </section>
    <section id="626" first-pos="255">
        <run start="546" length="20" level="116"/>
    </section>
    <section id="627" first-pos="256">
        <run start="552" length="7" level="174"/>
    </section>
</stick>
