<?xml version="1.0" encoding="UTF-8"?>
<stick id="515" interline="21" shape="GRACE_NOTE_SLASH">
    <is-within-system>true</is-within-system>
    <has-ledger>true</has-ledger>
    <stem-number>0</stem-number>
    <step-line>11.905882352941177</step-line>
    <moments>
        <k>1.0816326530612246</k>
        <k>1.6666666666666667</k>
        <k>2.5238095238095237</k>
        <k>0.11983086948724798</k>
        <k>-0.16004185629969184</k>
        <k>0.5189986563603717</k>
        <k>0.029291696515930048</k>
        <k>-0.014318880545066245</k>
        <k>-0.021446735735183645</k>
        <k>-0.005285311842012002</k>
        <k>0.6388295258476197</k>
        <k>0.26178850514859237</k>
        <k>0.01018606248289572</k>
        <k>4.458677688010259E-4</k>
        <k>-9.491745434535678E-7</k>
        <k>2.2729774333264782E-4</k>
        <k>-4.400379889417397E-8</k>
        <k>504.22431865828094</k>
        <k>1647.4968553459119</k>
    </moments>
    <section id="1083" first-pos="491">
        <run start="1666" length="3" level="143"/>
    </section>
    <section id="1087" first-pos="492">
        <run start="1662" length="9" level="103"/>
        <run start="1661" length="11" level="79"/>
        <run start="1659" length="13" level="66"/>
        <run start="1658" length="15" level="58"/>
        <run start="1657" length="16" level="52"/>
        <run start="1656" length="17" level="49"/>
        <run start="1656" length="17" level="48"/>
        <run start="1656" length="17" level="48"/>
        <run start="1656" length="17" level="61"/>
        <run start="1656" length="16" level="64"/>
    </section>
    <section id="1112" first-pos="502">
        <run start="1646" length="25" level="44"/>
    </section>
    <section id="1115" first-pos="503">
        <run start="1620" length="50" level="26"/>
        <run start="1620" length="47" level="20"/>
    </section>
    <section id="1110" first-pos="502">
        <run start="1620" length="10" level="111"/>
    </section>
    <section id="1107" first-pos="501">
        <run start="1622" length="4" level="219"/>
    </section>
    <section id="1108" first-pos="501">
        <run start="1628" length="1" level="225"/>
    </section>
    <section id="1111" first-pos="502">
        <run start="1633" length="2" level="3"/>
    </section>
    <section id="1095" first-pos="496">
        <run start="1644" length="2" level="4"/>
        <run start="1643" length="3" level="2"/>
        <run start="1643" length="3" level="3"/>
        <run start="1642" length="3" level="3"/>
        <run start="1642" length="2" level="1"/>
        <run start="1641" length="3" level="1"/>
        <run start="1638" length="7" level="1"/>
    </section>
    <section id="1118" first-pos="505">
        <run start="1622" length="8" level="7"/>
        <run start="1623" length="7" level="12"/>
        <run start="1625" length="6" level="8"/>
        <run start="1626" length="6" level="8"/>
        <run start="1627" length="5" level="9"/>
        <run start="1628" length="5" level="10"/>
    </section>
    <section id="1134" first-pos="511">
        <run start="1629" length="9" level="33"/>
        <run start="1630" length="7" level="7"/>
        <run start="1631" length="6" level="8"/>
        <run start="1632" length="6" level="8"/>
        <run start="1632" length="9" level="27"/>
    </section>
    <section id="1119" first-pos="505">
        <run start="1638" length="4" level="6"/>
        <run start="1638" length="3" level="8"/>
        <run start="1637" length="3" level="5"/>
        <run start="1637" length="3" level="9"/>
        <run start="1636" length="3" level="85"/>
        <run start="1635" length="3" level="80"/>
    </section>
    <section id="1163" first-pos="516">
        <run start="1632" length="19" level="6"/>
    </section>
    <section id="1156" first-pos="515">
        <run start="1647" length="4" level="7"/>
    </section>
    <section id="1169" first-pos="517">
        <run start="1631" length="4" level="64"/>
        <run start="1630" length="4" level="70"/>
        <run start="1630" length="3" level="77"/>
        <run start="1629" length="4" level="71"/>
        <run start="1629" length="3" level="77"/>
        <run start="1628" length="4" level="64"/>
        <run start="1627" length="4" level="72"/>
        <run start="1627" length="3" level="86"/>
        <run start="1627" length="3" level="106"/>
    </section>
    <section id="1170" first-pos="517">
        <run start="1639" length="7" level="14"/>
    </section>
    <section id="1120" first-pos="505">
        <run start="1662" length="5" level="165"/>
        <run start="1663" length="4" level="206"/>
    </section>
</stick>
