<?xml version="1.0" encoding="UTF-8"?>
<stick id="511" interline="21" shape="GRACE_NOTE_SLASH">
    <is-within-system>true</is-within-system>
    <has-ledger>true</has-ledger>
    <stem-number>0</stem-number>
    <step-line>11.905882352941177</step-line>
    <moments>
        <k>1.1383219954648527</k>
        <k>1.4761904761904763</k>
        <k>2.5714285714285716</k>
        <k>0.1040614292405777</k>
        <k>-0.1352010570122488</k>
        <k>0.44910829057225543</k>
        <k>0.013682398448920758</k>
        <k>0.003993012161966921</k>
        <k>-0.033810791123898155</k>
        <k>0.025264215791713927</k>
        <k>0.5531697198128331</k>
        <k>0.19217463978375943</k>
        <k>0.013427906680499917</k>
        <k>0.0012611375792117275</k>
        <k>4.871657760276472E-6</k>
        <k>4.7403871522435075E-4</k>
        <k>-1.7890309833929612E-6</k>
        <k>285.7808764940239</k>
        <k>1647.0617529880478</k>
    </moments>
    <section id="669" first-pos="273">
        <run start="1667" length="4" level="109"/>
    </section>
    <section id="675" first-pos="274">
        <run start="1661" length="11" level="121"/>
        <run start="1659" length="14" level="95"/>
        <run start="1658" length="15" level="85"/>
        <run start="1658" length="16" level="81"/>
        <run start="1657" length="17" level="75"/>
        <run start="1656" length="17" level="74"/>
        <run start="1656" length="17" level="74"/>
        <run start="1656" length="16" level="78"/>
        <run start="1656" length="15" level="83"/>
        <run start="1657" length="13" level="95"/>
        <run start="1657" length="12" level="103"/>
    </section>
    <section id="683" first-pos="285">
        <run start="1620" length="47" level="21"/>
        <run start="1620" length="46" level="17"/>
    </section>
    <section id="681" first-pos="284">
        <run start="1620" length="11" level="220"/>
    </section>
    <section id="676" first-pos="275">
        <run start="1645" length="2" level="126"/>
        <run start="1644" length="4" level="65"/>
        <run start="1644" length="4" level="65"/>
        <run start="1643" length="4" level="66"/>
        <run start="1643" length="3" level="85"/>
        <run start="1642" length="4" level="65"/>
        <run start="1641" length="4" level="65"/>
        <run start="1641" length="4" level="66"/>
        <run start="1640" length="4" level="64"/>
        <run start="1639" length="5" level="50"/>
    </section>
    <section id="691" first-pos="287">
        <run start="1621" length="31" level="18"/>
    </section>
    <section id="693" first-pos="288">
        <run start="1623" length="9" level="36"/>
        <run start="1625" length="8" level="35"/>
        <run start="1626" length="8" level="37"/>
        <run start="1627" length="7" level="39"/>
    </section>
    <section id="707" first-pos="292">
        <run start="1628" length="11" level="31"/>
        <run start="1630" length="8" level="33"/>
        <run start="1630" length="8" level="36"/>
        <run start="1631" length="7" level="39"/>
        <run start="1632" length="8" level="31"/>
        <run start="1632" length="11" level="23"/>
    </section>
    <section id="694" first-pos="288">
        <run start="1637" length="4" level="63"/>
        <run start="1636" length="5" level="55"/>
        <run start="1636" length="4" level="67"/>
        <run start="1635" length="4" level="63"/>
    </section>
    <section id="722" first-pos="298">
        <run start="1631" length="22" level="16"/>
    </section>
    <section id="721" first-pos="297">
        <run start="1650" length="3" level="88"/>
    </section>
    <section id="723" first-pos="299">
        <run start="1631" length="4" level="69"/>
        <run start="1630" length="4" level="71"/>
        <run start="1630" length="3" level="92"/>
        <run start="1629" length="3" level="86"/>
        <run start="1629" length="3" level="105"/>
    </section>
    <section id="724" first-pos="299">
        <run start="1638" length="14" level="25"/>
    </section>
    <section id="692" first-pos="287">
        <run start="1662" length="4" level="167"/>
    </section>
</stick>
