<?xml version="1.0" encoding="UTF-8"?>
<stick id="489" interline="21" shape="GRACE_NOTE_SLASH">
    <is-within-system>true</is-within-system>
    <has-ledger>true</has-ledger>
    <stem-number>0</stem-number>
    <step-line>12.094117647058823</step-line>
    <moments>
        <k>1.256198347107438</k>
        <k>1.5</k>
        <k>2.5454545454545454</k>
        <k>0.09445754152846625</k>
        <k>-0.12723905321703247</k>
        <k>0.39658900415398535</k>
        <k>0.012674452444960654</k>
        <k>-0.0022888887014898872</k>
        <k>-0.02115853228238484</k>
        <k>0.03394070855701051</k>
        <k>0.4910465456824516</k>
        <k>0.15604252736250274</k>
        <k>0.007464071833953983</k>
        <k>0.0010738173108541167</k>
        <k>2.910336459071515E-6</k>
        <k>4.1761273858915504E-4</k>
        <k>8.786148275691736E-7</k>
        <k>2213.6644736842104</k>
        <k>1071.7269736842106</k>
    </moments>
    <section id="3534" first-pos="2200">
        <run start="1092" length="3" level="179"/>
    </section>
    <section id="3535" first-pos="2201">
        <run start="1087" length="10" level="126"/>
        <run start="1085" length="14" level="67"/>
        <run start="1084" length="16" level="46"/>
        <run start="1083" length="18" level="52"/>
        <run start="1082" length="19" level="49"/>
        <run start="1081" length="20" level="47"/>
        <run start="1081" length="19" level="31"/>
        <run start="1081" length="18" level="21"/>
        <run start="1081" length="17" level="17"/>
        <run start="1081" length="16" level="22"/>
    </section>
    <section id="3547" first-pos="2211">
        <run start="1047" length="49" level="90"/>
        <run start="1045" length="50" level="15"/>
        <run start="1045" length="48" level="13"/>
        <run start="1046" length="45" level="79"/>
    </section>
    <section id="3538" first-pos="2203">
        <run start="1070" length="3" level="177"/>
        <run start="1069" length="4" level="98"/>
        <run start="1069" length="4" level="65"/>
        <run start="1068" length="5" level="102"/>
        <run start="1067" length="5" level="102"/>
        <run start="1066" length="5" level="102"/>
        <run start="1065" length="5" level="77"/>
        <run start="1065" length="5" level="76"/>
    </section>
    <section id="3548" first-pos="2215">
        <run start="1047" length="11" level="52"/>
        <run start="1049" length="9" level="63"/>
    </section>
    <section id="3550" first-pos="2217">
        <run start="1051" length="13" level="60"/>
        <run start="1052" length="11" level="49"/>
        <run start="1053" length="9" level="44"/>
        <run start="1053" length="8" level="51"/>
        <run start="1054" length="8" level="66"/>
        <run start="1054" length="10" level="62"/>
        <run start="1053" length="13" level="48"/>
        <run start="1052" length="17" level="70"/>
    </section>
    <section id="3549" first-pos="2215">
        <run start="1060" length="6" level="65"/>
        <run start="1059" length="6" level="85"/>
    </section>
    <section id="3561" first-pos="2225">
        <run start="1052" length="5" level="80"/>
        <run start="1051" length="5" level="102"/>
        <run start="1050" length="5" level="102"/>
        <run start="1049" length="5" level="72"/>
        <run start="1048" length="6" level="85"/>
        <run start="1048" length="5" level="82"/>
        <run start="1048" length="4" level="140"/>
        <run start="1049" length="2" level="204"/>
    </section>
    <section id="3562" first-pos="2225">
        <run start="1059" length="19" level="43"/>
        <run start="1061" length="17" level="79"/>
    </section>
    <section id="3559" first-pos="2224">
        <run start="1070" length="8" level="156"/>
    </section>
    <section id="3563" first-pos="2227">
        <run start="1064" length="8" level="141"/>
    </section>
</stick>
