<?xml version="1.0" encoding="UTF-8"?>
<stick id="793" interline="21" shape="NOTEHEAD_BLACK">
    <is-within-system>true</is-within-system>
    <has-ledger>false</has-ledger>
    <stem-number>1</stem-number>
    <step-line>-2.023529411764706</step-line>
    <moments>
        <k>0.9024943310657596</k>
        <k>1.0952380952380953</k>
        <k>1.0476190476190477</k>
        <k>0.08947633612622642</k>
        <k>-0.024740203758622865</k>
        <k>0.07843453587728542</k>
        <k>-2.2945062253231766E-5</k>
        <k>5.020095905573519E-4</k>
        <k>-5.498483971089067E-4</k>
        <k>4.301518962082361E-5</k>
        <k>0.16791087200351185</k>
        <k>0.002570232080810221</k>
        <k>4.786236721168266E-6</k>
        <k>6.251443580963143E-7</k>
        <k>1.0725883376342434E-12</k>
        <k>3.1236984466710745E-8</k>
        <k>-1.374007113071997E-13</k>
        <k>1010.5150753768844</k>
        <k>343.74120603015075</k>
    </moments>
    <section id="1936" first-pos="1000">
        <run start="340" length="15" level="85"/>
        <run start="340" length="14" level="73"/>
        <run start="339" length="15" level="70"/>
        <run start="338" length="17" level="64"/>
        <run start="337" length="18" level="58"/>
        <run start="337" length="18" level="57"/>
        <run start="336" length="19" level="55"/>
        <run start="335" length="20" level="53"/>
        <run start="335" length="20" level="52"/>
        <run start="334" length="21" level="60"/>
        <run start="334" length="21" level="70"/>
        <run start="333" length="21" level="61"/>
        <run start="333" length="21" level="60"/>
        <run start="333" length="21" level="71"/>
        <run start="333" length="20" level="63"/>
        <run start="333" length="20" level="74"/>
        <run start="333" length="19" level="67"/>
        <run start="334" length="18" level="82"/>
        <run start="334" length="17" level="87"/>
        <run start="335" length="15" level="98"/>
        <run start="335" length="14" level="106"/>
        <run start="336" length="10" level="100"/>
    </section>
    <section id="1976" first-pos="1022">
        <run start="338" length="4" level="49"/>
    </section>
</stick>
