<?xml version="1.0" encoding="UTF-8"?>
<stick id="1357" interline="21" shape="SHARP">
    <is-within-system>true</is-within-system>
    <has-ledger>false</has-ledger>
    <stem-number>1</stem-number>
    <step-line>-2.1176470588235294</step-line>
    <moments>
        <k>1.163265306122449</k>
        <k>1.0952380952380953</k>
        <k>2.0476190476190474</k>
        <k>0.07106581583738683</k>
        <k>-0.0052637778685739175</k>
        <k>0.16293792401960605</k>
        <k>0.007348146415640003</k>
        <k>-2.739631458095896E-4</k>
        <k>-0.016885346678475303</k>
        <k>9.239436279113059E-4</k>
        <k>0.23400373985699288</k>
        <k>0.008551313691644146</k>
        <k>0.003367533578942053</k>
        <k>9.138066348053888E-5</k>
        <k>-4.992587777880292E-8</k>
        <k>-8.187186421534908E-6</k>
        <k>-8.778493325387127E-9</k>
        <k>2034.2007797270956</k>
        <k>1498.157894736842</k>
    </moments>
    <section id="3364" first-pos="2024">
        <run start="1490" length="5" level="69"/>
        <run start="1489" length="7" level="44"/>
        <run start="1488" length="8" level="35"/>
    </section>
    <section id="3368" first-pos="2027">
        <run start="1486" length="13" level="68"/>
    </section>
    <section id="3372" first-pos="2028">
        <run start="1478" length="21" level="43"/>
    </section>
    <section id="3378" first-pos="2029">
        <run start="1478" length="43" level="47"/>
    </section>
    <section id="3373" first-pos="2028">
        <run start="1500" length="21" level="62"/>
    </section>
    <section id="3369" first-pos="2027">
        <run start="1501" length="1" level="92"/>
    </section>
    <section id="3365" first-pos="2024">
        <run start="1505" length="3" level="115"/>
        <run start="1504" length="7" level="64"/>
        <run start="1503" length="8" level="38"/>
        <run start="1503" length="8" level="33"/>
    </section>
    <section id="3380" first-pos="2030">
        <run start="1487" length="8" level="31"/>
        <run start="1487" length="7" level="36"/>
    </section>
    <section id="3386" first-pos="2032">
        <run start="1478" length="16" level="34"/>
    </section>
    <section id="3395" first-pos="2033">
        <run start="1478" length="38" level="46"/>
        <run start="1478" length="38" level="34"/>
    </section>
    <section id="3382" first-pos="2031">
        <run start="1498" length="11" level="79"/>
        <run start="1496" length="13" level="84"/>
    </section>
    <section id="3381" first-pos="2030">
        <run start="1496" length="25" level="149"/>
    </section>
    <section id="3397" first-pos="2035">
        <run start="1485" length="8" level="31"/>
        <run start="1485" length="7" level="36"/>
        <run start="1485" length="7" level="37"/>
    </section>
    <section id="3398" first-pos="2035">
        <run start="1496" length="20" level="137"/>
    </section>
    <section id="3399" first-pos="2036">
        <run start="1498" length="10" level="90"/>
        <run start="1496" length="11" level="97"/>
        <run start="1494" length="13" level="86"/>
        <run start="1493" length="14" level="78"/>
        <run start="1492" length="16" level="71"/>
        <run start="1490" length="18" level="62"/>
        <run start="1490" length="18" level="59"/>
        <run start="1490" length="18" level="71"/>
        <run start="1490" length="17" level="63"/>
        <run start="1490" length="16" level="66"/>
        <run start="1486" length="19" level="84"/>
    </section>
</stick>
