<?xml version="1.0" encoding="UTF-8"?>
<stick id="1510" interline="21" shape="TIME_TWO_FOUR">
    <is-within-system>true</is-within-system>
    <has-ledger>false</has-ledger>
    <stem-number>0</stem-number>
    <step-line>0.0</step-line>
    <moments>
        <k>2.578231292517007</k>
        <k>1.4761904761904763</k>
        <k>4.0476190476190474</k>
        <k>0.04964388777552116</k>
        <k>0.004649272496633606</k>
        <k>0.5311162018317039</k>
        <k>-0.005163748042464408</k>
        <k>-0.0021154007375572353</k>
        <k>0.0038212170649945163</k>
        <k>-0.004239494545856757</k>
        <k>0.5807600896072251</k>
        <k>0.23190205214160733</k>
        <k>2.8090862259490186E-4</k>
        <k>4.2187083488623676E-5</k>
        <k>-3.1325396431656802E-9</k>
        <k>1.873497524257551E-5</k>
        <k>3.358348772465461E-9</k>
        <k>300.6517150395778</k>
        <k>366.4177660510114</k>
    </moments>
    <section id="679" first-pos="284">
        <run start="400" length="3" level="160"/>
        <run start="399" length="5" level="97"/>
        <run start="398" length="6" level="85"/>
        <run start="396" length="8" level="74"/>
        <run start="395" length="9" level="41"/>
        <run start="394" length="10" level="66"/>
    </section>
    <section id="697" first-pos="290">
        <run start="392" length="6" level="88"/>
        <run start="391" length="5" level="56"/>
        <run start="389" length="6" level="73"/>
        <run start="387" length="7" level="125"/>
        <run start="385" length="7" level="161"/>
        <run start="384" length="7" level="178"/>
        <run start="382" length="8" level="153"/>
        <run start="380" length="8" level="103"/>
        <run start="378" length="10" level="81"/>
        <run start="375" length="12" level="57"/>
        <run start="371" length="15" level="45"/>
        <run start="370" length="14" level="31"/>
        <run start="369" length="13" level="20"/>
    </section>
    <section id="730" first-pos="303">
        <run start="356" length="25" level="58"/>
        <run start="356" length="24" level="76"/>
        <run start="357" length="21" level="69"/>
        <run start="357" length="20" level="65"/>
        <run start="357" length="19" level="75"/>
        <run start="357" length="17" level="73"/>
        <run start="357" length="16" level="100"/>
    </section>
    <section id="702" first-pos="292">
        <run start="356" length="7" level="37"/>
        <run start="356" length="7" level="37"/>
        <run start="355" length="8" level="38"/>
        <run start="355" length="8" level="33"/>
        <run start="355" length="8" level="33"/>
        <run start="355" length="8" level="33"/>
        <run start="355" length="8" level="33"/>
        <run start="355" length="8" level="59"/>
        <run start="356" length="7" level="37"/>
        <run start="356" length="7" level="37"/>
        <run start="356" length="11" level="83"/>
    </section>
    <section id="682" first-pos="285">
        <run start="358" length="9" level="123"/>
        <run start="355" length="12" level="83"/>
        <run start="353" length="14" level="67"/>
        <run start="352" length="15" level="60"/>
        <run start="350" length="13" level="23"/>
        <run start="349" length="14" level="21"/>
        <run start="348" length="15" level="34"/>
    </section>
    <section id="701" first-pos="292">
        <run start="347" length="8" level="26"/>
        <run start="347" length="7" level="25"/>
        <run start="346" length="7" level="54"/>
        <run start="345" length="7" level="82"/>
        <run start="345" length="7" level="87"/>
        <run start="344" length="7" level="111"/>
        <run start="344" length="7" level="115"/>
        <run start="343" length="7" level="140"/>
        <run start="342" length="8" level="134"/>
        <run start="341" length="8" level="132"/>
        <run start="341" length="8" level="132"/>
        <run start="340" length="8" level="132"/>
        <run start="339" length="9" level="120"/>
        <run start="338" length="10" level="108"/>
        <run start="335" length="12" level="74"/>
    </section>
    <section id="735" first-pos="307">
        <run start="324" length="23" level="62"/>
        <run start="325" length="21" level="48"/>
        <run start="326" length="19" level="32"/>
        <run start="327" length="18" level="25"/>
        <run start="329" length="14" level="18"/>
        <run start="330" length="11" level="23"/>
    </section>
    <section id="699" first-pos="291">
        <run start="325" length="4" level="149"/>
        <run start="324" length="4" level="199"/>
        <run start="324" length="4" level="199"/>
        <run start="324" length="4" level="200"/>
        <run start="324" length="3" level="200"/>
        <run start="324" length="2" level="200"/>
        <run start="324" length="1" level="200"/>
        <run start="324" length="1" level="200"/>
        <run start="324" length="2" level="200"/>
        <run start="324" length="3" level="200"/>
        <run start="324" length="4" level="203"/>
        <run start="324" length="4" level="203"/>
        <run start="324" length="5" level="163"/>
        <run start="324" length="6" level="136"/>
        <run start="324" length="8" level="103"/>
        <run start="324" length="10" level="83"/>
    </section>
    <section id="689" first-pos="287">
        <run start="330" length="7" level="43"/>
        <run start="329" length="8" level="33"/>
        <run start="327" length="10" level="26"/>
        <run start="326" length="11" level="36"/>
    </section>
    <section id="700" first-pos="291">
        <run start="331" length="6" level="43"/>
        <run start="331" length="6" level="43"/>
    </section>
    <section id="744" first-pos="310">
        <run start="357" length="6" level="36"/>
        <run start="357" length="6" level="43"/>
        <run start="356" length="6" level="77"/>
        <run start="356" length="4" level="54"/>
        <run start="356" length="3" level="212"/>
    </section>
    <section id="745" first-pos="310">
        <run start="366" length="3" level="200"/>
    </section>
    <section id="746" first-pos="310">
        <run start="370" length="2" level="194"/>
    </section>
    <section id="698" first-pos="290">
        <run start="400" length="4" level="100"/>
        <run start="400" length="3" level="86"/>
        <run start="400" length="4" level="129"/>
        <run start="401" length="3" level="86"/>
        <run start="401" length="3" level="86"/>
        <run start="401" length="3" level="86"/>
        <run start="401" length="3" level="86"/>
        <run start="401" length="3" level="86"/>
        <run start="401" length="3" level="86"/>
        <run start="401" length="3" level="86"/>
        <run start="401" length="3" level="86"/>
        <run start="400" length="4" level="92"/>
    </section>
    <section id="725" first-pos="302">
        <run start="385" length="24" level="125"/>
        <run start="384" length="25" level="69"/>
        <run start="383" length="26" level="67"/>
        <run start="382" length="27" level="65"/>
        <run start="380" length="29" level="63"/>
        <run start="379" length="30" level="58"/>
        <run start="378" length="31" level="56"/>
        <run start="378" length="31" level="96"/>
    </section>
    <section id="747" first-pos="310">
        <run start="379" length="6" level="174"/>
    </section>
    <section id="748" first-pos="310">
        <run start="387" length="7" level="175"/>
    </section>
    <section id="749" first-pos="310">
        <run start="398" length="1" level="161"/>
    </section>
    <section id="750" first-pos="310">
        <run start="400" length="4" level="101"/>
        <run start="401" length="3" level="86"/>
        <run start="401" length="3" level="86"/>
        <run start="401" length="2" level="149"/>
    </section>
</stick>
