<?xml version="1.0" encoding="UTF-8" standalone="yes"?>
<samples sheet-name="IMSLP00121#9">
    <sample shape="FLAT" interline="18" pitch="-4.0" left="392" top="363" id="182">
        <run-table orientation="VERTICAL" width="22" height="47">
            <runs>47</runs>
            <runs>47</runs>
            <runs>36 4 7</runs>
            <runs>0 1 31</runs>
            <runs>0 2 5</runs>
            <runs></runs>
            <runs>0 23 1 15 7</runs>
            <runs>0 23 1 14 8</runs>
            <runs>0 22 2 13 5</runs>
            <runs>0 22 2 10 7</runs>
            <runs>0 22 18</runs>
            <runs>0 22 18</runs>
            <runs>0 22 17</runs>
            <runs>0 22 16</runs>
            <runs>0 23 15</runs>
            <runs>0 23 14</runs>
            <runs>0 24 11</runs>
            <runs>0 24 10</runs>
            <runs>0 24 3</runs>
            <runs>0 24 3</runs>
            <runs>0 24 3</runs>
            <runs>0 24 3</runs>
        </run-table>
    </sample>
</samples>
