<?xml version="1.0" encoding="UTF-8" standalone="yes"?>
<samples sheet-name="IMSLP00668#20">
    <sample shape="G_CLEF" interline="16" pitch="0.1" left="263" top="946" id="579">
        <run-table orientation="VERTICAL" width="42" height="126">
            <runs>0 61 11 1 2</runs>
            <runs>0 60 20</runs>
            <runs>0 57 24 30 6</runs>
            <runs>0 53 30 26 10</runs>
            <runs>0 51 33 24 13</runs>
            <runs>0 50 21 1 1 3 8 1 2 20 15</runs>
            <runs>0 45 23 14 2 1 3 18 17</runs>
            <runs>0 45 21 20 3 17 18</runs>
            <runs>0 45 19 23 3 15 19</runs>
            <runs>0 44 20 24 3 14 20</runs>
            <runs>0 44 20 25 2 14 20</runs>
            <runs>0 43 16 12 4 15 2 13 21</runs>
            <runs>0 42 16 10 13 24 21</runs>
            <runs>0 41 16 9 17 22 21</runs>
            <runs>0 40 16 6 23 20 16 1 4</runs>
            <runs>0 39 16 6 13 1 12 19 14 2 4</runs>
            <runs>0 35 20 6 11 12 4 18 13 4 3</runs>
            <runs>0 22 32 5 12 14 2 20 10 6 2</runs>
            <runs>0 18 36 5 12 38 5 9 2</runs>
            <runs>0 15 55 52 4</runs>
            <runs>0 13 13 2 41 53 3</runs>
            <runs>0 10 12 7 40 52 4</runs>
            <runs>0 9 12 8 19 6 16 51 4</runs>
            <runs>0 7 13 9 19 7 20 45 4</runs>
            <runs>0 5 13 10 20 8 25 38 4</runs>
            <runs>0 3 14 10 21 8 11 5 1 1 14 30 5</runs>
            <runs>0 2 14 10 18 12 11 8 22 20 4</runs>
            <runs>0 1 14 10 17 15 10 17 14 18 4</runs>
            <runs>0 1 13 11 16 16 10 22 14 2 2 4 8</runs>
            <runs>14 10 15 18 10 23 28</runs>
            <runs>13 10 15 19 11 22 26</runs>
            <runs>12 9 15 22 10 21 8 3 13</runs>
            <runs>11 10 14 23 11 20 8</runs>
            <runs>12 3 4 1 13 25 12 18 4</runs>
            <runs>0 1 18 1 12 27 13 15 4</runs>
            <runs>0 3 17 1 5 34 14 11 5</runs>
            <runs>0 7 12 3 2 37 14 7 7</runs>
            <runs>0 61 27</runs>
            <runs>0 61 25</runs>
            <runs>0 62 22</runs>
            <runs>0 67 15</runs>
            <runs>0 68 13</runs>
        </run-table>
    </sample>
    <sample shape="SHARP" interline="16" pitch="-0.8" left="336" top="356" id="488">
        <run-table orientation="VERTICAL" width="18" height="48">
            <runs>0 33 8</runs>
            <runs>0 19 3 11 8</runs>
            <runs>0 16 7 10 9 2 1</runs>
            <runs>0 16 8 4 2 2 16</runs>
            <runs>0 15 32</runs>
            <runs>0 14 10 6 15</runs>
            <runs>0 14 9 8 10</runs>
            <runs>0 14 9 9 8</runs>
            <runs>0 14 8 10 8</runs>
            <runs>0 13 9 10 7</runs>
            <runs>0 13 9 9 8</runs>
            <runs>0 13 9 9 16</runs>
            <runs>0 8 1 2 11 4 22</runs>
            <runs>10 1 10 6 20</runs>
            <runs>0 4 5 3 9 9 8</runs>
            <runs>0 12 9 9 8</runs>
            <runs>0 13 7 10 7</runs>
            <runs>0 13 7</runs>
        </run-table>
    </sample>
    <sample shape="COMMON_TIME" interline="16" pitch="-0.3" left="429" top="1303" id="664">
        <run-table orientation="VERTICAL" width="31" height="37">
            <runs>0 13 1 1 10</runs>
            <runs>0 12 17</runs>
            <runs>0 9 22</runs>
            <runs>0 7 25</runs>
            <runs>0 6 31</runs>
            <runs>0 6 30</runs>
            <runs>0 6 30</runs>
            <runs>0 2 35</runs>
            <runs>0 2 35</runs>
            <runs>0 2 35</runs>
            <runs>0 1 36</runs>
            <runs>0 1 36</runs>
            <runs>11 12 1 3 10</runs>
            <runs></runs>
            <runs></runs>
            <runs></runs>
            <runs></runs>
            <runs>0 11 1</runs>
            <runs>0 9 4</runs>
            <runs>0 6 9</runs>
            <runs>0 6 10</runs>
            <runs>0 6 10</runs>
            <runs>0 6 11</runs>
            <runs>0 6 11</runs>
            <runs>0 1 16</runs>
            <runs>0 1 16</runs>
            <runs>0 2 14 15 1</runs>
            <runs>0 2 14 13 8</runs>
            <runs>0 2 14 10 6</runs>
            <runs>0 7 8 9 7</runs>
            <runs>0 8 6 10 4</runs>
        </run-table>
    </sample>
    <sample shape="COMMON_TIME" interline="16" pitch="-0.4" left="428" top="1473" id="676">
        <run-table orientation="VERTICAL" width="31" height="37">
            <runs>0 14 4 3 4</runs>
            <runs>0 11 18</runs>
            <runs>0 9 22</runs>
            <runs>0 7 25</runs>
            <runs>0 7 26</runs>
            <runs>0 6 31</runs>
            <runs>0 3 34</runs>
            <runs>0 3 34</runs>
            <runs>0 3 34</runs>
            <runs>0 2 35</runs>
            <runs>0 1 36</runs>
            <runs>0 1 36</runs>
            <runs>0 1 9 2 3 8 1 2 11</runs>
            <runs></runs>
            <runs></runs>
            <runs></runs>
            <runs></runs>
            <runs>0 11 1</runs>
            <runs>0 8 7</runs>
            <runs>0 7 9</runs>
            <runs>0 3 13</runs>
            <runs>0 3 13</runs>
            <runs>0 1 1 1 13</runs>
            <runs>17</runs>
            <runs>0 1 16</runs>
            <runs>0 1 16</runs>
            <runs>0 2 15 15 2</runs>
            <runs>0 2 15 12 8</runs>
            <runs>0 3 13 12 3</runs>
            <runs>0 2 13 12 2</runs>
            <runs>0 9 4</runs>
        </run-table>
    </sample>
</samples>
