<?xml version="1.0" encoding="UTF-8" standalone="yes"?>
<samples sheet-name="IMSLP00449#10">
    <sample shape="SHARP" interline="19" pitch="-3.7" left="134" top="352" id="410">
        <run-table orientation="VERTICAL" width="23" height="62">
            <runs>0 18 13 12 8</runs>
            <runs>0 18 13 10 10</runs>
            <runs>0 17 14 9 12</runs>
            <runs>0 17 14 9 12</runs>
            <runs>0 6 54</runs>
            <runs>0 6 55</runs>
            <runs>0 5 57</runs>
            <runs>0 5 56</runs>
            <runs>0 6 54</runs>
            <runs>0 15 16 6 14</runs>
            <runs>0 14 17 6 14</runs>
            <runs>0 14 18 5 14</runs>
            <runs>0 14 17 6 14</runs>
            <runs>0 14 17 5 15</runs>
            <runs>0 5 2 6 18 5 15</runs>
            <runs>0 1 50 2 2</runs>
            <runs>58</runs>
            <runs>0 1 57</runs>
            <runs>0 2 56</runs>
            <runs>0 12 13 1 25</runs>
            <runs>0 12 12 10 17</runs>
            <runs>0 12 11 11 17</runs>
            <runs>0 13 9 16 2 2 2</runs>
        </run-table>
    </sample>
    <sample shape="SHARP" interline="19" pitch="-0.8" left="156" top="378" id="411">
        <run-table orientation="VERTICAL" width="24" height="63">
            <runs>0 40 11</runs>
            <runs>0 18 11 11 12</runs>
            <runs>0 18 12 10 12</runs>
            <runs>0 18 12 10 12 1 2</runs>
            <runs>0 17 46</runs>
            <runs>0 1 62</runs>
            <runs>0 6 57</runs>
            <runs>63</runs>
            <runs>63</runs>
            <runs>0 15 13 10 14</runs>
            <runs>0 15 13 10 13</runs>
            <runs>0 15 13 9 14</runs>
            <runs>0 15 13 9 14</runs>
            <runs>0 14 14 9 13</runs>
            <runs>0 14 14 9 13</runs>
            <runs>0 1 62</runs>
            <runs>0 1 62</runs>
            <runs>63</runs>
            <runs>63</runs>
            <runs>0 13 45</runs>
            <runs>0 13 13 9 13</runs>
            <runs>0 13 12 10 13</runs>
            <runs>0 14 11 11 11</runs>
            <runs>0 37 8</runs>
        </run-table>
    </sample>
    <sample shape="SHARP" interline="19" pitch="-1.8" left="132" top="1100" id="467">
        <run-table orientation="VERTICAL" width="24" height="61">
            <runs>0 40 10</runs>
            <runs>0 20 11 8 11</runs>
            <runs>0 16 15 7 12</runs>
            <runs>0 15 16 7 12 3 7</runs>
            <runs>0 15 16 6 24</runs>
            <runs>0 15 46</runs>
            <runs>0 5 56</runs>
            <runs>0 4 56</runs>
            <runs>0 3 48</runs>
            <runs>0 3 23 10 15</runs>
            <runs>0 7 18 11 15</runs>
            <runs>0 13 13 10 15</runs>
            <runs>0 13 12 10 16</runs>
            <runs>0 13 12 10 16</runs>
            <runs>0 7 18 10 21</runs>
            <runs>0 8 49</runs>
            <runs>0 8 49</runs>
            <runs>0 1 55</runs>
            <runs>56</runs>
            <runs>46</runs>
            <runs>0 1 22 10 12</runs>
            <runs>0 8 15 11 11</runs>
            <runs>0 8 15 11 10</runs>
            <runs>0 8 14</runs>
        </run-table>
    </sample>
    <sample shape="SHARP" interline="19" pitch="-3.3" left="179" top="1087" id="469">
        <run-table orientation="VERTICAL" width="24" height="64">
            <runs>0 39 10</runs>
            <runs>0 17 10 12 10</runs>
            <runs>0 16 12 10 12 7 2</runs>
            <runs>0 16 11 10 27</runs>
            <runs>0 15 49</runs>
            <runs>0 13 51</runs>
            <runs>0 3 48</runs>
            <runs>0 3 46</runs>
            <runs>0 2 24 10 12</runs>
            <runs>0 3 5 5 13 10 12</runs>
            <runs>0 12 14 10 12</runs>
            <runs>0 12 13 10 12</runs>
            <runs>0 13 12 10 12</runs>
            <runs>0 13 12 10 12</runs>
            <runs>0 12 14 3 2 2 24</runs>
            <runs>0 5 2 1 48</runs>
            <runs>54</runs>
            <runs>45</runs>
            <runs>45</runs>
            <runs>8 1 16 9 11</runs>
            <runs>0 11 14 9 11</runs>
            <runs>0 11 14 9 11</runs>
            <runs>0 11 14</runs>
            <runs>0 12 7</runs>
        </run-table>
    </sample>
    <sample shape="SHARP" interline="19" pitch="-5.3" left="179" top="1370" id="502">
        <run-table orientation="VERTICAL" width="22" height="48">
            <runs>0 6 12 11 11</runs>
            <runs>0 5 13 11 11</runs>
            <runs>0 5 13 11 11 4 4</runs>
            <runs>0 5 43</runs>
            <runs>48</runs>
            <runs>48</runs>
            <runs>39 1 3</runs>
            <runs>20 4 14</runs>
            <runs>0 4 12 10 11</runs>
            <runs>0 4 12 10 11</runs>
            <runs>0 3 13 10 11</runs>
            <runs>0 4 12 9 12</runs>
            <runs>0 3 12 10 12</runs>
            <runs>0 3 12 3 23 3 1</runs>
            <runs>46</runs>
            <runs>46</runs>
            <runs>37 1 2 1 1</runs>
            <runs>36</runs>
            <runs>0 2 11 10 13</runs>
            <runs>0 1 12 10 13</runs>
            <runs>0 1 12 10 13</runs>
            <runs>0 2 10 12 4</runs>
        </run-table>
    </sample>
    <sample shape="SHARP" interline="19" pitch="-4.0" left="134" top="1839" id="548">
        <run-table orientation="VERTICAL" width="24" height="61">
            <runs>0 40 14</runs>
            <runs>0 17 11 11 15</runs>
            <runs>0 16 12 11 15</runs>
            <runs>0 16 12 10 22</runs>
            <runs>0 15 46</runs>
            <runs>0 5 56</runs>
            <runs>0 4 57</runs>
            <runs>0 3 57</runs>
            <runs>0 3 51</runs>
            <runs>0 4 22 9 19</runs>
            <runs>0 13 13 10 18</runs>
            <runs>0 13 12 10 13</runs>
            <runs>0 13 12 10 12</runs>
            <runs>0 13 12 10 12</runs>
            <runs>0 13 12 10 13</runs>
            <runs>0 13 12 4 27</runs>
            <runs>0 1 55</runs>
            <runs>56</runs>
            <runs>55</runs>
            <runs>45</runs>
            <runs>0 11 12 11 11</runs>
            <runs>0 11 12 11 10</runs>
            <runs>0 11 12 11 9</runs>
            <runs>0 12 7</runs>
        </run-table>
    </sample>
    <sample shape="SHARP" interline="19" pitch="-0.7" left="157" top="1868" id="549">
        <run-table orientation="VERTICAL" width="24" height="64">
            <runs>0 44 8</runs>
            <runs>0 19 10 10 14</runs>
            <runs>0 19 11 9 14</runs>
            <runs>0 18 12 9 14 1 9</runs>
            <runs>0 18 12 2 31</runs>
            <runs>0 11 3 2 48</runs>
            <runs>0 7 57</runs>
            <runs>0 6 58</runs>
            <runs>0 6 46 1 10</runs>
            <runs>0 6 23 9 14</runs>
            <runs>0 17 11 10 14</runs>
            <runs>0 16 12 10 13</runs>
            <runs>0 16 12 10 13</runs>
            <runs>0 16 11 11 13</runs>
            <runs>0 16 11 10 16</runs>
            <runs>0 15 48</runs>
            <runs>0 9 54</runs>
            <runs>0 1 62</runs>
            <runs>0 1 62</runs>
            <runs>63</runs>
            <runs>0 14 11 11 13</runs>
            <runs>0 14 11 11 12</runs>
            <runs>0 15 9 13 11</runs>
            <runs>0 38 9</runs>
        </run-table>
    </sample>
    <sample shape="SHARP" interline="19" pitch="-5.4" left="182" top="2336" id="610">
        <run-table orientation="VERTICAL" width="23" height="54">
            <runs>0 12 9 13 10</runs>
            <runs>0 11 11 12 10</runs>
            <runs>0 11 10 12 11 2 1</runs>
            <runs>0 7 14 1 3 1 28</runs>
            <runs>54</runs>
            <runs>54</runs>
            <runs>54</runs>
            <runs>42</runs>
            <runs>2 5 13 11 11</runs>
            <runs>0 8 12 10 12</runs>
            <runs>0 8 12 10 12</runs>
            <runs>0 8 12 10 11</runs>
            <runs>0 7 13 10 11</runs>
            <runs>0 7 12 11 11</runs>
            <runs>50</runs>
            <runs>50</runs>
            <runs>50</runs>
            <runs>49</runs>
            <runs>40</runs>
            <runs>0 6 11 11 12</runs>
            <runs>0 6 11 11 12</runs>
            <runs>0 6 11 11 6</runs>
            <runs>0 7 9</runs>
        </run-table>
    </sample>
</samples>
