<?xml version="1.0" encoding="UTF-8" standalone="yes"?>
<samples sheet-name="IMSLP00002#7">
    <sample shape="F_CLEF" interline="22" pitch="-1.4" left="224" top="2716" id="474">
        <run-table orientation="VERTICAL" width="63" height="68">
            <runs>0 64 2</runs>
            <runs>0 63 3</runs>
            <runs>0 63 3</runs>
            <runs>0 63 3</runs>
            <runs>0 62 6</runs>
            <runs>0 62 6</runs>
            <runs>0 14 6 1 1 40 6</runs>
            <runs>0 10 15 37 6</runs>
            <runs>0 8 17 36 4</runs>
            <runs>0 7 20 34 4</runs>
            <runs>0 6 4 9 9 32 4</runs>
            <runs>0 5 4 9 10 32 4</runs>
            <runs>0 4 4 9 12 31 4</runs>
            <runs>7 9 13 31 4</runs>
            <runs>6 10 14 30 4</runs>
            <runs>0 3 3 11 13 30 4</runs>
            <runs>0 3 2 11 14 29 4</runs>
            <runs>0 3 2 11 14 29 4</runs>
            <runs>0 3 2 11 13 29 4</runs>
            <runs>0 3 1 12 13 29 4</runs>
            <runs>0 3 1 13 12 28 4</runs>
            <runs>0 3 1 13 11 28 5</runs>
            <runs>0 18 9 28 5</runs>
            <runs>0 20 6 29 5</runs>
            <runs>0 54 6</runs>
            <runs>0 53 6</runs>
            <runs>0 52 7</runs>
            <runs>0 3 1 47 7</runs>
            <runs>0 3 1 46 8</runs>
            <runs>0 3 1 45 8</runs>
            <runs>0 3 2 40 11</runs>
            <runs>0 3 2 40 10</runs>
            <runs>0 3 3 39 10</runs>
            <runs>0 3 3 38 10</runs>
            <runs>0 1 6 35 11</runs>
            <runs>0 1 7 32 12</runs>
            <runs>0 1 9 27 15</runs>
            <runs>11 24 15</runs>
            <runs>14 16 20</runs>
            <runs>20 6 23</runs>
            <runs>0 4 44</runs>
            <runs>0 5 43</runs>
            <runs>0 5 42</runs>
            <runs>0 6 41</runs>
            <runs>0 7 36</runs>
            <runs>0 8 33</runs>
            <runs>0 10 29</runs>
            <runs>0 11 27</runs>
            <runs>0 13 22</runs>
            <runs>0 15 18</runs>
            <runs>0 18 9</runs>
            <runs></runs>
            <runs></runs>
            <runs></runs>
            <runs>0 11 4 15 5</runs>
            <runs>0 10 6 13 8</runs>
            <runs>0 9 8 12 8</runs>
            <runs>0 9 8 12 9</runs>
            <runs>0 9 8 12 8</runs>
            <runs>0 9 8 12 8</runs>
            <runs>0 10 6 13 8</runs>
            <runs>0 11 4 15 6</runs>
            <runs>0 13 1 18 2</runs>
        </run-table>
    </sample>
</samples>
