<?xml version="1.0" encoding="UTF-8" standalone="yes"?>
<samples sheet-name="IMSLP00443#2">
    <sample shape="F_CLEF" interline="18" pitch="-1.5" left="76" top="578" id="426">
        <run-table orientation="VERTICAL" width="59" height="66">
            <runs>0 62 3</runs>
            <runs>0 62 4</runs>
            <runs>0 56 9</runs>
            <runs>0 56 9</runs>
            <runs>0 56 9</runs>
            <runs>0 56 9</runs>
            <runs>0 12 12 38 2</runs>
            <runs>0 12 15 35 2</runs>
            <runs>0 9 19 34 2</runs>
            <runs>0 8 21 33 1</runs>
            <runs>0 7 23 32 1</runs>
            <runs>11 2 17 32 1</runs>
            <runs>9 5 16</runs>
            <runs>0 7 1 6 17</runs>
            <runs>0 14 17</runs>
            <runs>0 14 17</runs>
            <runs>0 14 17</runs>
            <runs>0 14 17 24 1</runs>
            <runs>0 15 15 24 2</runs>
            <runs>0 15 15 23 3</runs>
            <runs>0 16 14 23 3</runs>
            <runs>0 17 12 23 9</runs>
            <runs>0 18 10 24 9</runs>
            <runs>0 24 3 24 11</runs>
            <runs>0 49 12</runs>
            <runs>0 48 8</runs>
            <runs>0 46 9</runs>
            <runs>0 45 9</runs>
            <runs>0 39 15</runs>
            <runs>0 38 15</runs>
            <runs>0 38 14</runs>
            <runs>0 37 14</runs>
            <runs>0 7 1 27 16</runs>
            <runs>11 22 17</runs>
            <runs>14 13 22</runs>
            <runs>48</runs>
            <runs>47</runs>
            <runs>46</runs>
            <runs>0 1 44</runs>
            <runs>0 1 42</runs>
            <runs>0 1 42</runs>
            <runs>0 1 42</runs>
            <runs>0 1 42</runs>
            <runs>0 1 42</runs>
            <runs>0 8 28</runs>
            <runs>0 9 25</runs>
            <runs>0 11 21</runs>
            <runs>0 12 18</runs>
            <runs>0 14 11</runs>
            <runs></runs>
            <runs>0 10 5</runs>
            <runs>0 9 8 10 6</runs>
            <runs>0 8 9 10 8</runs>
            <runs>0 7 11 8 10</runs>
            <runs>0 8 10 8 10</runs>
            <runs>0 8 10 8 10</runs>
            <runs>0 9 8 9 10</runs>
            <runs>0 10 7 10 8</runs>
            <runs>0 11 5 12 6</runs>
        </run-table>
    </sample>
</samples>
