<?xml version="1.0" encoding="UTF-8" standalone="yes"?>
<samples sheet-name="IMSLP00003#22">
    <sample shape="G_CLEF" interline="22" pitch="0.5" left="210" top="255" id="323">
        <run-table orientation="VERTICAL" width="56" height="154">
            <runs>0 85 12</runs>
            <runs>0 80 19</runs>
            <runs>0 77 26</runs>
            <runs>0 72 32</runs>
            <runs>0 72 34</runs>
            <runs>0 72 36</runs>
            <runs>0 71 38</runs>
            <runs>0 69 23 8 10 29 3</runs>
            <runs>0 68 18 17 8 25 9</runs>
            <runs>0 67 16 22 7 23 12</runs>
            <runs>0 65 17 25 6 20 15</runs>
            <runs>0 64 17 29 4 19 17</runs>
            <runs>0 64 16 31 4 18 18</runs>
            <runs>0 63 15 34 7 13 19</runs>
            <runs>0 62 15 36 6 13 20</runs>
            <runs>0 61 15 37 6 13 20</runs>
            <runs>0 60 15 15 9 15 2 16 21</runs>
            <runs>0 59 16 13 15 11 2 16 21</runs>
            <runs>0 57 18 11 19 10 1 16 21</runs>
            <runs>0 56 19 9 23 8 1 16 17 1 4</runs>
            <runs>0 56 15 12 14 7 4 24 16 2 4</runs>
            <runs>0 56 15 11 10 14 4 23 15 2 4</runs>
            <runs>0 55 15 11 9 17 3 23 14 4 3</runs>
            <runs>0 52 17 11 9 45 12 4 4</runs>
            <runs>0 52 16 11 9 47 9 6 4</runs>
            <runs>0 30 9 1 2 10 15 11 10 50 5 7 3</runs>
            <runs>0 26 23 2 15 12 9 63 3</runs>
            <runs>0 21 45 11 10 63 3</runs>
            <runs>0 19 48 10 9 64 3</runs>
            <runs>0 17 19 13 38 62 4</runs>
            <runs>0 15 18 16 48 51 5</runs>
            <runs>0 13 16 19 15 6 34 45 4</runs>
            <runs>0 12 15 20 15 10 14 1 33 26 5</runs>
            <runs>0 10 16 20 15 12 12 9 31 18 7</runs>
            <runs>0 9 14 22 15 13 12 20 45</runs>
            <runs>0 7 14 23 15 14 13 22 1 3 37</runs>
            <runs>0 7 13 23 16 14 12 38 25</runs>
            <runs>0 5 14 23 16 15 12 43 18</runs>
            <runs>0 4 14 23 16 16 13 29 1 21 4</runs>
            <runs>0 3 13 24 15 18 13 29 1</runs>
            <runs>0 1 14 24 15 19 13 28 2</runs>
            <runs>15 22 17 19 14 26 6</runs>
            <runs>14 21 19 23 10 26 6</runs>
            <runs>13 20 17 27 11 24 7</runs>
            <runs>0 1 12 17 18 30 10 23 5</runs>
            <runs>0 1 15 12 19 31 11 22 4</runs>
            <runs>0 2 16 5 21 35 12 18 6</runs>
            <runs>0 5 37 37 13 15 7</runs>
            <runs>0 8 32 40 17 8 8</runs>
            <runs>0 11 26 44 31</runs>
            <runs>0 16 16 50 29</runs>
            <runs>0 83 27</runs>
            <runs>0 85 23</runs>
            <runs>0 87 20</runs>
            <runs>0 89 15</runs>
            <runs>0 93 7</runs>
        </run-table>
    </sample>
    <sample shape="G_CLEF" interline="22" pitch="0.6" left="206" top="780" id="343">
        <run-table orientation="VERTICAL" width="56" height="155">
            <runs>0 85 12</runs>
            <runs>0 72 1 7 20</runs>
            <runs>0 70 3 4 26</runs>
            <runs>0 69 36</runs>
            <runs>0 68 39</runs>
            <runs>0 67 41</runs>
            <runs>0 66 43</runs>
            <runs>0 64 46</runs>
            <runs>0 63 24 16 8 29 3</runs>
            <runs>0 63 22 20 7 26 8</runs>
            <runs>0 62 21 23 7 23 12</runs>
            <runs>0 61 20 28 6 20 15</runs>
            <runs>0 61 19 30 6 18 17</runs>
            <runs>0 60 18 33 5 17 19</runs>
            <runs>0 60 17 35 7 14 19</runs>
            <runs>0 59 17 37 7 13 20</runs>
            <runs>0 58 18 14 8 16 6 13 20</runs>
            <runs>0 57 19 12 14 12 6 12 22</runs>
            <runs>0 56 20 10 19 27 22</runs>
            <runs>0 57 19 8 23 25 22</runs>
            <runs>0 56 15 12 15 6 4 25 16 1 4</runs>
            <runs>0 52 19 10 12 12 4 24 16 2 3</runs>
            <runs>0 52 17 11 11 17 3 22 15 3 4</runs>
            <runs>0 52 17 10 11 19 2 23 14 3 4</runs>
            <runs>0 25 19 6 18 10 11 21 1 23 13 4 4</runs>
            <runs>0 22 45 11 10 47 11 5 3</runs>
            <runs>0 19 47 11 10 50 7 7 4</runs>
            <runs>0 17 49 7 14 52 2 10 4</runs>
            <runs>0 15 19 11 26 1 15 64 3</runs>
            <runs>0 12 21 12 42 63 4</runs>
            <runs>0 12 16 17 19 1 27 58 3</runs>
            <runs>0 10 15 21 16 9 31 47 4</runs>
            <runs>0 9 15 21 16 12 37 38 5</runs>
            <runs>0 7 15 23 16 12 13 7 27 27 5</runs>
            <runs>0 6 14 24 15 14 12 18 21 2 2 18 6</runs>
            <runs>0 5 13 25 16 14 12 22 30 5 9</runs>
            <runs>0 4 13 25 15 16 12 30 35</runs>
            <runs>0 2 14 24 16 17 12 30 33</runs>
            <runs>0 2 13 24 16 18 12 30 5 7 20</runs>
            <runs>14 22 18 20 11 30 5 15 9</runs>
            <runs>13 22 19 20 12 29 5</runs>
            <runs>0 1 11 19 19 24 12 28 6</runs>
            <runs>0 3 9 19 18 25 13 26 7</runs>
            <runs>0 4 10 14 19 30 10 25 8</runs>
            <runs>0 6 12 3 24 32 11 23 5</runs>
            <runs>0 8 34 36 11 21 6</runs>
            <runs>0 11 28 39 11 20 6</runs>
            <runs>0 14 23 42 12 17 6</runs>
            <runs>0 18 15 47 12 14 8</runs>
            <runs>0 80 19 5 9</runs>
            <runs>0 81 30</runs>
            <runs>0 83 27</runs>
            <runs>0 84 25</runs>
            <runs>0 86 21</runs>
            <runs>0 88 16</runs>
            <runs>0 91 9</runs>
        </run-table>
    </sample>
    <sample shape="G_CLEF" interline="22" pitch="0.8" left="194" top="2924" id="456">
        <run-table orientation="VERTICAL" width="58" height="154">
            <runs>0 90 1</runs>
            <runs>0 89 8</runs>
            <runs>0 83 15</runs>
            <runs>0 80 21</runs>
            <runs>0 76 26</runs>
            <runs>0 73 32</runs>
            <runs>0 72 35</runs>
            <runs>0 72 37</runs>
            <runs>0 70 40</runs>
            <runs>0 69 42 30 1 1 1</runs>
            <runs>0 67 20 17 8 24 10</runs>
            <runs>0 66 18 21 8 22 13</runs>
            <runs>0 64 18 25 7 20 15</runs>
            <runs>0 63 18 27 7 18 17</runs>
            <runs>0 62 17 31 9 14 18</runs>
            <runs>0 61 17 33 8 13 20</runs>
            <runs>0 60 16 36 7 13 20</runs>
            <runs>0 59 16 37 7 12 22</runs>
            <runs>0 58 17 14 11 13 6 13 21</runs>
            <runs>0 57 18 12 17 10 2 16 21</runs>
            <runs>0 57 15 13 20 9 2 16 21</runs>
            <runs>0 55 16 12 24 8 1 15 23</runs>
            <runs>0 55 15 12 16 5 5 7 1 16 16 2 4</runs>
            <runs>0 51 18 12 12 12 4 23 16 2 4</runs>
            <runs>0 52 17 11 10 17 3 23 14 3 4</runs>
            <runs>0 51 17 11 10 19 2 24 12 4 4</runs>
            <runs>0 37 4 10 17 10 10 46 11 5 4</runs>
            <runs>0 29 37 1 1 10 10 48 7 7 4</runs>
            <runs>0 24 41 12 10 63 4</runs>
            <runs>0 22 20 2 26 2 14 64 4</runs>
            <runs>0 20 17 11 38 63 4</runs>
            <runs>0 17 15 15 41 60 5</runs>
            <runs>0 14 18 14 16 10 28 48 5</runs>
            <runs>0 12 16 18 15 12 35 39 5</runs>
            <runs>0 11 14 20 15 13 13 2 31 27 6</runs>
            <runs>0 9 14 21 15 14 12 9 32 3 1 13 8</runs>
            <runs>0 8 13 22 15 15 12 21 44</runs>
            <runs>0 7 12 23 15 16 12 25 40</runs>
            <runs>0 5 13 23 15 17 12 30 33</runs>
            <runs>0 4 13 23 16 17 12 40 21</runs>
            <runs>0 3 12 24 15 19 12 48 3 1 7</runs>
            <runs>0 2 12 23 16 20 12</runs>
            <runs>0 1 12 24 16 20 13</runs>
            <runs>12 24 14 23 13 27 6</runs>
            <runs>11 24 13 29 10 26 6</runs>
            <runs>0 1 9 23 13 31 10 25 7</runs>
            <runs>0 2 8 20 14 33 11 23 4</runs>
            <runs>0 5 6 17 13 37 11 21 5</runs>
            <runs>0 7 6 10 16 39 12 19 5</runs>
            <runs>0 9 28 42 12 16 7</runs>
            <runs>0 12 23 45 13 12 8</runs>
            <runs>0 20 8 53 16 2 13</runs>
            <runs>0 82 29</runs>
            <runs>0 83 27</runs>
            <runs>0 85 23</runs>
            <runs>0 86 21</runs>
            <runs>0 88 16</runs>
            <runs>0 93 2</runs>
        </run-table>
    </sample>
    <sample shape="F_CLEF" interline="22" pitch="-1.4" left="205" top="1033" id="354">
        <run-table orientation="VERTICAL" width="63" height="66">
            <runs>0 62 2</runs>
            <runs>0 62 2</runs>
            <runs>0 62 2</runs>
            <runs>0 61 3</runs>
            <runs>0 61 3</runs>
            <runs>0 61 3</runs>
            <runs>0 61 3</runs>
            <runs>0 9 13 38 6</runs>
            <runs>0 7 15 38 6</runs>
            <runs>0 6 5 6 6 37 3</runs>
            <runs>0 5 4 8 7 36 3</runs>
            <runs>0 5 3 9 9 34 4</runs>
            <runs>0 4 2 10 11 33 3</runs>
            <runs>0 3 2 11 11 32 4</runs>
            <runs>0 1 4 10 13 31 4</runs>
            <runs>0 1 3 11 13 30 4</runs>
            <runs>0 1 2 12 13 30 4</runs>
            <runs>0 1 2 11 14 30 4</runs>
            <runs>0 1 2 11 14 29 4</runs>
            <runs>0 1 1 12 13 30 3</runs>
            <runs>0 1 1 13 12 29 4</runs>
            <runs>0 1 1 14 11 28 5</runs>
            <runs>0 1 1 15 9 28 5</runs>
            <runs>0 1 1 16 6 30 5</runs>
            <runs>0 1 1 52 5</runs>
            <runs>0 1 1 50 6</runs>
            <runs>0 1 1 50 6</runs>
            <runs>0 1 1 49 6</runs>
            <runs>0 1 1 49 6</runs>
            <runs>0 1 1 46 8</runs>
            <runs>0 1 2 44 8</runs>
            <runs>0 1 2 40 12</runs>
            <runs>0 1 3 40 11</runs>
            <runs>0 1 3 39 11</runs>
            <runs>6 36 11</runs>
            <runs>7 33 12</runs>
            <runs>8 30 13</runs>
            <runs>10 25 15</runs>
            <runs>12 20 17</runs>
            <runs>0 3 11 15 19</runs>
            <runs>0 3 45</runs>
            <runs>0 4 43</runs>
            <runs>0 4 42</runs>
            <runs>0 5 40</runs>
            <runs>0 6 40</runs>
            <runs>0 8 33</runs>
            <runs>0 9 31</runs>
            <runs>0 10 27</runs>
            <runs>0 12 24</runs>
            <runs>0 13 21</runs>
            <runs>0 18 14</runs>
            <runs></runs>
            <runs></runs>
            <runs></runs>
            <runs>0 10 4 17 4</runs>
            <runs>0 9 7 13 7</runs>
            <runs>0 8 8 13 7</runs>
            <runs>0 8 9 11 9</runs>
            <runs>0 8 9 10 10</runs>
            <runs>0 8 8 12 9</runs>
            <runs>0 8 8 12 9</runs>
            <runs>0 9 6 14 7</runs>
            <runs>0 10 4 16 5</runs>
        </run-table>
    </sample>
    <sample shape="F_CLEF" interline="22" pitch="-1.3" left="194" top="3158" id="465">
        <run-table orientation="VERTICAL" width="65" height="67">
            <runs>0 62 1</runs>
            <runs>0 61 2</runs>
            <runs>0 61 2</runs>
            <runs>0 61 2</runs>
            <runs>0 61 2</runs>
            <runs>0 60 7</runs>
            <runs>0 61 6</runs>
            <runs>0 61 6</runs>
            <runs>0 13 7 40 7</runs>
            <runs>0 10 14 36 7</runs>
            <runs>0 8 16 36 7</runs>
            <runs>0 7 7 3 8 35 7</runs>
            <runs>0 6 3 9 8 34 7</runs>
            <runs>0 5 3 10 9 32 4</runs>
            <runs>0 4 3 10 11 31 4</runs>
            <runs>0 3 3 10 12 31 4</runs>
            <runs>0 2 3 11 12 30 4</runs>
            <runs>0 2 2 11 13 30 4</runs>
            <runs>0 2 2 11 13 29 5</runs>
            <runs>0 2 1 12 13 29 5</runs>
            <runs>0 2 1 12 13 28 5</runs>
            <runs>0 2 1 12 13 28 5</runs>
            <runs>0 2 1 12 12 28 6</runs>
            <runs>0 16 11 28 5</runs>
            <runs>0 17 9 28 5</runs>
            <runs>0 19 6 28 6</runs>
            <runs>0 52 7</runs>
            <runs>0 52 6</runs>
            <runs>0 51 7</runs>
            <runs>0 50 7</runs>
            <runs>0 49 8</runs>
            <runs>0 2 1 45 8</runs>
            <runs>0 2 1 44 8</runs>
            <runs>0 2 2 39 12</runs>
            <runs>0 2 2 39 11</runs>
            <runs>0 2 3 37 11</runs>
            <runs>6 35 12</runs>
            <runs>7 33 12</runs>
            <runs>8 29 14</runs>
            <runs>10 24 16</runs>
            <runs>0 3 10 19 17</runs>
            <runs>0 3 12 13 20</runs>
            <runs>0 3 44</runs>
            <runs>0 4 42</runs>
            <runs>0 5 40</runs>
            <runs>0 6 39</runs>
            <runs>0 6 39</runs>
            <runs>0 7 38</runs>
            <runs>0 8 31</runs>
            <runs>0 10 28</runs>
            <runs>0 12 24</runs>
            <runs>0 13 20</runs>
            <runs>0 14 3 2 14</runs>
            <runs></runs>
            <runs></runs>
            <runs></runs>
            <runs>0 11 5 15 4</runs>
            <runs>0 10 6 14 6</runs>
            <runs>0 9 8 12 8</runs>
            <runs>0 9 8 12 8</runs>
            <runs>0 9 8 12 9</runs>
            <runs>0 9 8 12 8</runs>
            <runs>0 9 7 13 8</runs>
            <runs>0 9 7 14 7</runs>
            <runs>0 10 5 16 5</runs>
        </run-table>
    </sample>
    <sample shape="FLAT" interline="22" pitch="-0.7" left="297" top="816" id="357">
        <run-table orientation="VERTICAL" width="19" height="56">
            <runs>0 37 19</runs>
            <runs>55</runs>
            <runs>40 10 4</runs>
            <runs>0 1 24 5 3 17 3</runs>
            <runs>0 29 3 16 4</runs>
            <runs>0 28 3 16 4</runs>
            <runs>0 27 3 16 5</runs>
            <runs>0 27 2 16 4</runs>
            <runs>0 26 3 14 5</runs>
            <runs>0 26 3 13 5</runs>
            <runs>0 25 4 8 9</runs>
            <runs>0 25 4 8 8</runs>
            <runs>0 25 6 6 7</runs>
            <runs>0 25 18</runs>
            <runs>0 25 16</runs>
            <runs>0 25 15</runs>
            <runs>0 26 14</runs>
            <runs>0 27 13</runs>
            <runs>0 27 9</runs>
        </run-table>
    </sample>
    <sample shape="FLAT" interline="22" pitch="-5.5" left="295" top="988" id="362">
        <run-table orientation="VERTICAL" width="19" height="51">
            <runs>6 3 17 2 3 2 7</runs>
            <runs>51</runs>
            <runs>0 2 1 1 1 5 3 3 1 4 11 2 5 4 7</runs>
            <runs>0 25 4 18 2</runs>
            <runs>0 25 2 20 1</runs>
            <runs>0 23 3</runs>
            <runs>0 22 3 17 2</runs>
            <runs>0 22 3 16 3</runs>
            <runs>0 21 4 15 6</runs>
            <runs>0 21 4 13 8</runs>
            <runs>0 21 4 12 6</runs>
            <runs>0 21 6 9 6</runs>
            <runs>0 21 10 2 8</runs>
            <runs>0 21 19</runs>
            <runs>0 21 17</runs>
            <runs>0 22 15</runs>
            <runs>0 22 12</runs>
            <runs>0 23 9</runs>
            <runs>0 26 4</runs>
        </run-table>
    </sample>
    <sample shape="FLAT" interline="22" pitch="0.4" left="290" top="1360" id="401">
        <run-table orientation="VERTICAL" width="19" height="56">
            <runs>0 1 3 18 8 14 1</runs>
            <runs>0 1 55</runs>
            <runs>23 1 32</runs>
            <runs>0 1 1 16 4 4 7 15 7</runs>
            <runs>0 26 6 16 6</runs>
            <runs>0 51 2</runs>
            <runs>0 47 1</runs>
            <runs>0 46 2</runs>
            <runs>0 44 7</runs>
            <runs>0 43 8</runs>
            <runs>0 42 9</runs>
            <runs>0 24 6 10 6</runs>
            <runs>0 24 7 7 7</runs>
            <runs>0 24 20</runs>
            <runs>0 24 17</runs>
            <runs>0 25 15</runs>
            <runs>0 25 14</runs>
            <runs>0 26 11</runs>
            <runs>0 26 9</runs>
        </run-table>
    </sample>
</samples>
