<?xml version="1.0" encoding="UTF-8" standalone="yes"?>
<samples sheet-name="IMSLP00606#12">
    <sample shape="G_CLEF" interline="14" pitch="0.3" left="292" top="2585" id="1099">
        <run-table orientation="VERTICAL" width="42" height="102">
            <runs>0 47 18</runs>
            <runs>0 46 20</runs>
            <runs>0 44 24</runs>
            <runs>0 43 27</runs>
            <runs>0 41 30</runs>
            <runs>0 39 33</runs>
            <runs>0 38 35</runs>
            <runs>0 32 24 11 7 13 10</runs>
            <runs>0 32 22 16 9 7 13</runs>
            <runs>0 32 20 20 3 10 15</runs>
            <runs>0 32 18 23 2 10 16</runs>
            <runs>0 32 18 24 1 9 17</runs>
            <runs>0 32 18 34 18</runs>
            <runs>0 31 19 34 18</runs>
            <runs>0 30 16 11 10 17 18</runs>
            <runs>0 29 16 9 15 16 13 1 3</runs>
            <runs>0 28 16 9 16 16 12 3 2</runs>
            <runs>0 14 29 4 18 21 11 3 2</runs>
            <runs>0 11 31 5 12 28 9 5 1</runs>
            <runs>0 9 32 6 11 31 4 8 1</runs>
            <runs>0 8 8 8 17 6 10 43 2</runs>
            <runs>0 7 8 9 33 43 1</runs>
            <runs>0 6 8 5 20 2 16 43 1</runs>
            <runs>0 5 8 6 17 9 12 42 2</runs>
            <runs>0 4 7 8 16 11 19 34 1</runs>
            <runs>0 3 7 9 16 11 19</runs>
            <runs>0 3 7 8 17 12 8 5 11</runs>
            <runs>0 2 7 9 13 16 8 6 18 17 1</runs>
            <runs>0 1 7 9 13 17 8 15 10 13 4</runs>
            <runs>8 7 14 18 9 17 13 4 5</runs>
            <runs>7 5 16 19 9 18 20</runs>
            <runs>0 1 25 21 9 25 10</runs>
            <runs>0 1 23 23 10</runs>
            <runs>0 2 20 25 11</runs>
            <runs>0 6 2 39 12</runs>
            <runs>0 47 13</runs>
            <runs>0 47 17</runs>
            <runs>0 47 18 4 4</runs>
            <runs>0 51 22</runs>
            <runs>0 53 18</runs>
            <runs>0 55 14</runs>
            <runs>0 57 10</runs>
        </run-table>
    </sample>
    <sample shape="G_CLEF" interline="14" pitch="0.0" left="291" top="2727" id="1101">
        <run-table orientation="VERTICAL" width="43" height="101">
            <runs>0 56 2</runs>
            <runs>0 48 19</runs>
            <runs>0 45 23</runs>
            <runs>0 43 26</runs>
            <runs>0 41 29</runs>
            <runs>0 36 36 16 5</runs>
            <runs>0 36 37 14 8</runs>
            <runs>0 36 21 6 10 13 10</runs>
            <runs>0 35 19 10 10 10 14</runs>
            <runs>0 35 17 17 6 8 15</runs>
            <runs>0 34 18 19 4 3 21</runs>
            <runs>0 33 19 20 4 2 22</runs>
            <runs>0 32 20 21 3 2 22</runs>
            <runs>0 31 16 27 2 7 18</runs>
            <runs>0 30 16 13 8 8 1 7 18</runs>
            <runs>0 29 16 8 15 7 1 7 18</runs>
            <runs>0 29 15 5 20 15 13 1 3</runs>
            <runs>0 27 16 6 12 24 11 2 3</runs>
            <runs>0 16 9 1 16 7 11 26 10 3 2</runs>
            <runs>0 13 28 7 11 30 4 6 2</runs>
            <runs>0 10 30 8 10 41 2</runs>
            <runs>0 9 8 4 20 6 10 42 2</runs>
            <runs>0 8 8 5 35 42 2</runs>
            <runs>0 6 8 7 35 42 2</runs>
            <runs>0 5 8 8 18 5 13 40 2</runs>
            <runs>0 4 7 10 18 6 22 29 3</runs>
            <runs>0 4 6 10 14 12 23 26 3</runs>
            <runs>0 3 7 8 14 14 10 5 13 1 1 18 3</runs>
            <runs>0 2 7 9 13 15 9 8 19 8 6</runs>
            <runs>0 2 6 8 14 16 9 17 22</runs>
            <runs>0 1 7 8 13 17 9 20 16</runs>
            <runs>7 7 14 19 9 19 15</runs>
            <runs>8 4 14 21 9 19 1</runs>
            <runs>0 1 24 22 10 18 1</runs>
            <runs>0 2 22 24 9 17 2</runs>
            <runs>0 6 18 24 10 15 2</runs>
            <runs>0 16 8 24 12 12 3</runs>
            <runs>0 49 13 7 5</runs>
            <runs>0 49 24</runs>
            <runs>0 49 22</runs>
            <runs>0 49 21</runs>
            <runs>0 53 15</runs>
            <runs>0 58 9</runs>
        </run-table>
    </sample>
    <sample shape="SHARP" interline="14" pitch="-3.6" left="345" top="2584" id="1195">
        <run-table orientation="VERTICAL" width="16" height="50">
            <runs>0 15 8 6 3</runs>
            <runs>0 14 8 6 8</runs>
            <runs>0 13 10 5 9</runs>
            <runs>0 10 40</runs>
            <runs>0 5 45</runs>
            <runs>0 4 41</runs>
            <runs>0 5 4 2 12 3 11</runs>
            <runs>0 11 12 3 10</runs>
            <runs>0 11 12 3 10</runs>
            <runs>0 10 13 2 11</runs>
            <runs>0 9 28</runs>
            <runs>0 9 29</runs>
            <runs>36</runs>
            <runs>0 3 14 7 7</runs>
            <runs>0 9 7 8 7</runs>
            <runs>0 9 7 9 5</runs>
        </run-table>
    </sample>
    <sample shape="SHARP" interline="14" pitch="-1.7" left="347" top="3033" id="1233">
        <run-table orientation="VERTICAL" width="17" height="46">
            <runs>0 14 8 7 8</runs>
            <runs>0 14 8 7 8</runs>
            <runs>0 13 10 5 13</runs>
            <runs>0 5 41</runs>
            <runs>0 4 42</runs>
            <runs>0 4 42</runs>
            <runs>0 10 14 1 12</runs>
            <runs>0 11 12 2 11</runs>
            <runs>0 11 11 3 11</runs>
            <runs>0 10 13 2 11</runs>
            <runs>0 4 33 1 2</runs>
            <runs>42</runs>
            <runs>41</runs>
            <runs>0 4 13 1 14</runs>
            <runs>0 10 6 7 8</runs>
            <runs>0 10 6 8 7</runs>
            <runs>0 11 4 13 1</runs>
        </run-table>
    </sample>
</samples>
