<?xml version="1.0" encoding="UTF-8" standalone="yes"?>
<samples sheet-name="IMSLP00121#46">
    <sample shape="F_CLEF" interline="18" pitch="-1.6" left="281" top="1939" id="367">
        <run-table orientation="VERTICAL" width="52" height="59">
            <runs>0 12 11</runs>
            <runs>0 10 14</runs>
            <runs>0 8 17</runs>
            <runs>0 6 20</runs>
            <runs>0 5 22</runs>
            <runs>27</runs>
            <runs>10 3 15</runs>
            <runs>9 3 16</runs>
            <runs>8 4 16 25 1</runs>
            <runs>0 6 1 5 16 25 1</runs>
            <runs>0 12 16 24 2</runs>
            <runs>0 12 16 24 2</runs>
            <runs>0 12 16 23 8</runs>
            <runs>0 12 16 22 9</runs>
            <runs>0 12 15 23 9</runs>
            <runs>0 13 14 22 10</runs>
            <runs>0 14 12 22 11</runs>
            <runs>0 15 9 24 7</runs>
            <runs>0 47 8</runs>
            <runs>0 46 8</runs>
            <runs>0 46 8</runs>
            <runs>0 45 8</runs>
            <runs>0 44 8</runs>
            <runs>0 42 10</runs>
            <runs>0 6 1 31 13</runs>
            <runs>8 30 12</runs>
            <runs>9 28 12</runs>
            <runs>10 26 13</runs>
            <runs>12 21 15</runs>
            <runs>16 13 18</runs>
            <runs>46</runs>
            <runs>44</runs>
            <runs>43</runs>
            <runs>42</runs>
            <runs>0 7 35</runs>
            <runs>0 8 34</runs>
            <runs>0 9 33</runs>
            <runs>0 10 32</runs>
            <runs>0 12 22</runs>
            <runs>0 14 17</runs>
            <runs>0 17 11</runs>
            <runs></runs>
            <runs>0 8 4</runs>
            <runs>0 7 7</runs>
            <runs>0 6 8 12 5</runs>
            <runs>0 6 9 10 7</runs>
            <runs>0 6 9 9 8</runs>
            <runs>0 6 9 8 9</runs>
            <runs>0 6 8 10 8</runs>
            <runs>0 6 8 10 8</runs>
            <runs>0 7 6 12 7</runs>
            <runs>0 26 5</runs>
        </run-table>
    </sample>
</samples>
