<?xml version="1.0" encoding="UTF-8" standalone="yes"?>
<samples sheet-name="IMSLP00003#1">
    <sample shape="COMMON_TIME" interline="22" pitch="-0.1" left="340" top="572" id="299">
        <run-table orientation="VERTICAL" width="37" height="47">
            <runs>0 16 15</runs>
            <runs>0 14 19</runs>
            <runs>0 12 24</runs>
            <runs>0 10 27</runs>
            <runs>0 9 29</runs>
            <runs>0 8 31</runs>
            <runs>0 7 33</runs>
            <runs>0 5 36</runs>
            <runs>0 4 38</runs>
            <runs>0 4 38</runs>
            <runs>28 1 17</runs>
            <runs>14 22 10</runs>
            <runs>10 29 8</runs>
            <runs>8 32 7</runs>
            <runs>7</runs>
            <runs>0 4 1</runs>
            <runs></runs>
            <runs></runs>
            <runs></runs>
            <runs></runs>
            <runs></runs>
            <runs></runs>
            <runs></runs>
            <runs>0 12 5</runs>
            <runs>0 11 7</runs>
            <runs>0 3 1 6 9 22 1</runs>
            <runs>0 3 1 5 11 21 1</runs>
            <runs>0 3 1 5 11 20 2</runs>
            <runs>0 3 2 4 11 20 2</runs>
            <runs>0 3 3 3 11 19 7</runs>
            <runs>0 3 4 2 11 18 8</runs>
            <runs>0 4 16 17 4</runs>
            <runs>0 5 15 16 3</runs>
            <runs>0 6 13 16 4</runs>
            <runs>0 7 11 14 6</runs>
            <runs>0 8 9 14 6</runs>
            <runs>0 10 6 15 3</runs>
        </run-table>
    </sample>
    <sample shape="COMMON_TIME" interline="22" pitch="-0.1" left="337" top="774" id="306">
        <run-table orientation="VERTICAL" width="38" height="47">
            <runs>0 19 7</runs>
            <runs>0 15 15</runs>
            <runs>0 14 19</runs>
            <runs>0 11 25</runs>
            <runs>0 10 27</runs>
            <runs>0 8 30</runs>
            <runs>0 7 32</runs>
            <runs>0 6 34</runs>
            <runs>0 5 36</runs>
            <runs>0 5 37</runs>
            <runs>0 3 39</runs>
            <runs>19 11 16</runs>
            <runs>13 22 11</runs>
            <runs>10 28 8</runs>
            <runs>7 32 7</runs>
            <runs>0 5 1 34 1</runs>
            <runs></runs>
            <runs></runs>
            <runs></runs>
            <runs></runs>
            <runs></runs>
            <runs></runs>
            <runs></runs>
            <runs></runs>
            <runs>0 11 6</runs>
            <runs>0 10 8</runs>
            <runs>0 10 9</runs>
            <runs>0 9 11</runs>
            <runs>0 9 11 20 7</runs>
            <runs>0 9 11 20 2</runs>
            <runs>0 5 1 3 11 19 3</runs>
            <runs>7 2 11 18 3</runs>
            <runs>0 5 15 16 4</runs>
            <runs>0 5 15 16 4</runs>
            <runs>0 6 13 15 5</runs>
            <runs>0 8 11 13 6</runs>
            <runs>0 9 9 12 6</runs>
            <runs>0 12 4 14 4</runs>
        </run-table>
    </sample>
</samples>
