<?xml version="1.0" encoding="UTF-8"?>
<stick id="935" interline="22" shape="BREATH_MARK">
    <is-within-system>true</is-within-system>
    <has-ledger>false</has-ledger>
    <stem-number>0</stem-number>
    <step-line>-6.511627906976744</step-line>
    <moments>
        <k>0.3305785123966942</k>
        <k>0.5454545454545454</k>
        <k>1.0</k>
        <k>0.05801171875</k>
        <k>0.009340820312499961</k>
        <k>0.183851318359375</k>
        <k>-0.003385289262931769</k>
        <k>-0.003766186996771278</k>
        <k>-0.006371693214719414</k>
        <k>0.054030822258543554</k>
        <k>0.24186303710937498</k>
        <k>0.01618460852628946</k>
        <k>0.0045153546211134125</k>
        <k>0.0026217322650681925</k>
        <k>8.507366141795E-6</k>
        <k>2.8763408658718506E-4</k>
        <k>-2.998887834459083E-6</k>
        <k>1491.075</k>
        <k>927.40625</k>
    </moments>
    <section id="2032" first-pos="1485">
        <run start="922" length="6" level="0"/>
        <run start="921" length="8" level="0"/>
        <run start="921" length="9" level="0"/>
        <run start="920" length="10" level="0"/>
        <run start="920" length="11" level="0"/>
        <run start="919" length="12" level="0"/>
        <run start="919" length="13" level="0"/>
    </section>
    <section id="2036" first-pos="1492">
        <run start="919" length="20" level="0"/>
        <run start="920" length="18" level="0"/>
        <run start="920" length="16" level="0"/>
        <run start="921" length="14" level="0"/>
        <run start="922" length="10" level="0"/>
    </section>
    <section id="2034" first-pos="1486">
        <run start="940" length="1" level="0"/>
        <run start="940" length="1" level="0"/>
        <run start="939" length="2" level="0"/>
        <run start="939" length="2" level="0"/>
        <run start="938" length="3" level="0"/>
        <run start="936" length="4" level="0"/>
    </section>
</stick>
