<?xml version="1.0" encoding="UTF-8"?>
<stick id="907" interline="22" shape="BREATH_MARK">
    <is-within-system>true</is-within-system>
    <has-ledger>false</has-ledger>
    <stem-number>0</stem-number>
    <step-line>-8.744186046511627</step-line>
    <moments>
        <k>0.33264462809917356</k>
        <k>0.5909090909090909</k>
        <k>1.0</k>
        <k>0.06202697589738148</k>
        <k>0.004235276752272396</k>
        <k>0.17626802508625722</k>
        <k>-0.00274364694338012</k>
        <k>-0.0017758069442237719</k>
        <k>-0.00867937119506267</k>
        <k>0.05045101070179887</k>
        <k>0.2382950009836387</k>
        <k>0.013122767596448481</k>
        <k>0.003653865600571878</k>
        <k>0.0024997608042326455</k>
        <k>7.226454617810219E-6</k>
        <k>2.463421759765837E-4</k>
        <k>-2.203092811545552E-6</k>
        <k>1132.8385093167701</k>
        <k>903.2608695652174</k>
    </moments>
    <section id="1606" first-pos="1126">
        <run start="901" length="1" level="0"/>
    </section>
    <section id="1607" first-pos="1127">
        <run start="898" length="6" level="0"/>
        <run start="897" length="9" level="0"/>
        <run start="896" length="10" level="0"/>
        <run start="896" length="11" level="0"/>
        <run start="896" length="11" level="0"/>
        <run start="895" length="12" level="0"/>
        <run start="895" length="14" level="0"/>
    </section>
    <section id="1610" first-pos="1134">
        <run start="895" length="19" level="0"/>
    </section>
    <section id="1608" first-pos="1127">
        <run start="916" length="1" level="0"/>
        <run start="916" length="1" level="0"/>
        <run start="915" length="2" level="0"/>
        <run start="915" length="2" level="0"/>
        <run start="914" length="2" level="0"/>
        <run start="913" length="3" level="0"/>
        <run start="912" length="2" level="0"/>
    </section>
    <section id="1611" first-pos="1135">
        <run start="896" length="8" level="0"/>
    </section>
    <section id="1613" first-pos="1136">
        <run start="896" length="16" level="0"/>
        <run start="897" length="13" level="0"/>
        <run start="898" length="10" level="0"/>
    </section>
    <section id="1612" first-pos="1135">
        <run start="906" length="8" level="0"/>
    </section>
</stick>
