<?xml version="1.0" encoding="UTF-8"?>
<stick id="199" interline="22" shape="FORTE">
    <is-within-system>true</is-within-system>
    <has-ledger>false</has-ledger>
    <stem-number>0</stem-number>
    <step-line>9.270588235294118</step-line>
    <moments>
        <k>0.8243801652892562</k>
        <k>1.7272727272727273</k>
        <k>2.0</k>
        <k>0.19824358164272032</k>
        <k>-0.2594265734813978</k>
        <k>0.4267769882618238</k>
        <k>5.87207642950388E-4</k>
        <k>-0.006201254623586978</k>
        <k>0.011383329887310651</k>
        <k>-0.017692710294915575</k>
        <k>0.6250205699045441</k>
        <k>0.32143610605412887</k>
        <k>0.001127290355471733</k>
        <k>7.142153282900188E-4</k>
        <k>6.274875004693165E-7</k>
        <k>3.945357296664787E-4</k>
        <k>1.3022327744594166E-7</k>
        <k>452.31829573934834</k>
        <k>508.3383458646617</k>
    </moments>
    <section id="752" first-pos="434">
        <run start="523" length="3" level="0"/>
        <run start="521" length="7" level="0"/>
        <run start="521" length="8" level="0"/>
        <run start="521" length="8" level="0"/>
        <run start="520" length="10" level="0"/>
        <run start="521" length="9" level="0"/>
        <run start="521" length="9" level="0"/>
    </section>
    <section id="763" first-pos="441">
        <run start="527" length="3" level="0"/>
        <run start="526" length="4" level="0"/>
        <run start="525" length="5" level="0"/>
        <run start="523" length="7" level="0"/>
        <run start="521" length="8" level="0"/>
        <run start="518" length="10" level="0"/>
        <run start="514" length="13" level="0"/>
        <run start="511" length="15" level="0"/>
        <run start="508" length="17" level="0"/>
        <run start="505" length="19" level="0"/>
        <run start="503" length="19" level="0"/>
    </section>
    <section id="791" first-pos="452">
        <run start="500" length="20" level="0"/>
        <run start="498" length="21" level="0"/>
        <run start="497" length="19" level="0"/>
        <run start="495" length="19" level="0"/>
        <run start="493" length="19" level="0"/>
        <run start="492" length="16" level="0"/>
        <run start="491" length="13" level="0"/>
        <run start="489" length="12" level="0"/>
    </section>
    <section id="765" first-pos="445">
        <run start="500" length="1" level="0"/>
        <run start="500" length="1" level="0"/>
        <run start="500" length="1" level="0"/>
        <run start="500" length="1" level="0"/>
        <run start="500" length="1" level="0"/>
        <run start="500" length="1" level="0"/>
        <run start="500" length="2" level="0"/>
    </section>
    <section id="809" first-pos="460">
        <run start="489" length="8" level="0"/>
        <run start="488" length="6" level="0"/>
        <run start="487" length="5" level="0"/>
        <run start="486" length="4" level="0"/>
        <run start="486" length="3" level="0"/>
        <run start="486" length="2" level="0"/>
        <run start="486" length="2" level="0"/>
    </section>
    <section id="817" first-pos="467">
        <run start="486" length="8" level="0"/>
        <run start="486" length="8" level="0"/>
        <run start="487" length="7" level="0"/>
        <run start="487" length="7" level="0"/>
        <run start="489" length="4" level="0"/>
    </section>
    <section id="816" first-pos="466">
        <run start="489" length="4" level="0"/>
    </section>
    <section id="810" first-pos="460">
        <run start="499" length="2" level="0"/>
        <run start="499" length="2" level="0"/>
        <run start="499" length="2" level="0"/>
        <run start="500" length="1" level="0"/>
        <run start="500" length="1" level="0"/>
        <run start="500" length="1" level="0"/>
        <run start="500" length="1" level="0"/>
    </section>
</stick>
