<?xml version="1.0" encoding="UTF-8"?>
<stick id="638" interline="22" shape="MEZZO">
    <is-within-system>true</is-within-system>
    <has-ledger>false</has-ledger>
    <stem-number>0</stem-number>
    <step-line>9.08235294117647</step-line>
    <moments>
        <k>0.8099173553719008</k>
        <k>1.3636363636363635</k>
        <k>1.0</k>
        <k>0.19679218945231133</k>
        <k>-0.008465478483667528</k>
        <k>0.09791757088351798</k>
        <k>-0.0030065027392661625</k>
        <k>0.004922692297828958</k>
        <k>-2.7291197743731017E-5</k>
        <k>0.001310031150893032</k>
        <k>0.2947097603358293</k>
        <k>0.010062847500954129</k>
        <k>1.8967245085158544E-4</k>
        <k>4.805074724048693E-5</k>
        <k>-1.8947733694851334E-9</k>
        <k>-2.290645872799468E-6</k>
        <k>4.177641723406719E-9</k>
        <k>425.94642857142856</k>
        <k>506.4362244897959</k>
    </moments>
    <section id="730" first-pos="411">
        <run start="500" length="3" level="0"/>
        <run start="499" length="2" level="0"/>
        <run start="498" length="2" level="0"/>
        <run start="497" length="3" level="0"/>
    </section>
    <section id="732" first-pos="415">
        <run start="497" length="20" level="0"/>
        <run start="497" length="18" level="0"/>
        <run start="497" length="15" level="0"/>
        <run start="497" length="12" level="0"/>
        <run start="498" length="8" level="0"/>
        <run start="498" length="5" level="0"/>
        <run start="498" length="2" level="0"/>
        <run start="497" length="2" level="0"/>
        <run start="497" length="2" level="0"/>
        <run start="497" length="2" level="0"/>
    </section>
    <section id="731" first-pos="411">
        <run start="514" length="4" level="0"/>
        <run start="511" length="7" level="0"/>
        <run start="507" length="11" level="0"/>
        <run start="504" length="14" level="0"/>
    </section>
    <section id="739" first-pos="425">
        <run start="497" length="20" level="0"/>
        <run start="497" length="19" level="0"/>
        <run start="497" length="15" level="0"/>
        <run start="497" length="12" level="0"/>
        <run start="498" length="8" level="0"/>
    </section>
    <section id="734" first-pos="420">
        <run start="515" length="2" level="0"/>
        <run start="512" length="5" level="0"/>
        <run start="509" length="9" level="0"/>
        <run start="507" length="11" level="0"/>
        <run start="504" length="14" level="0"/>
    </section>
    <section id="748" first-pos="430">
        <run start="499" length="3" level="0"/>
        <run start="498" length="3" level="0"/>
        <run start="497" length="3" level="0"/>
        <run start="497" length="2" level="0"/>
        <run start="496" length="3" level="0"/>
    </section>
    <section id="754" first-pos="435">
        <run start="496" length="22" level="0"/>
        <run start="496" length="22" level="0"/>
        <run start="496" length="22" level="0"/>
    </section>
    <section id="750" first-pos="432">
        <run start="510" length="6" level="0"/>
        <run start="508" length="9" level="0"/>
        <run start="504" length="13" level="0"/>
    </section>
    <section id="758" first-pos="438">
        <run start="497" length="13" level="0"/>
        <run start="498" length="9" level="0"/>
    </section>
    <section id="760" first-pos="440">
        <run start="499" length="4" level="0"/>
    </section>
    <section id="759" first-pos="438">
        <run start="514" length="3" level="0"/>
        <run start="513" length="4" level="0"/>
        <run start="512" length="4" level="0"/>
    </section>
</stick>
