<?xml version="1.0" encoding="UTF-8"?>
<stick id="987" interline="21" shape="NOTEHEAD_BLACK_2">
    <is-within-system>true</is-within-system>
    <has-ledger>false</has-ledger>
    <stem-number>1</stem-number>
    <step-line>-1.9534883720930232</step-line>
    <moments>
        <k>1.8616780045351473</k>
        <k>1.1428571428571428</k>
        <k>2.0476190476190474</k>
        <k>0.044220671555596426</k>
        <k>-0.011262430370669199</k>
        <k>0.1746124765871891</k>
        <k>-2.0095234724366905E-4</k>
        <k>-5.215779048003949E-4</k>
        <k>7.527363292064449E-4</k>
        <k>0.0019359283536310808</k>
        <k>0.2188331481427855</k>
        <k>0.017509392170813563</k>
        <k>1.8302109385445128E-5</k>
        <k>2.304852754858259E-6</k>
        <k>1.311186111551441E-11</k>
        <k>1.8597676249258919E-7</k>
        <k>7.223111749444046E-12</k>
        <k>2173.21071863581</k>
        <k>1223.1522533495736</k>
    </moments>
    <section id="2766" first-pos="2162">
        <run start="1211" length="15" level="40"/>
        <run start="1210" length="14" level="29"/>
        <run start="1209" length="15" level="27"/>
        <run start="1208" length="16" level="25"/>
        <run start="1207" length="17" level="24"/>
        <run start="1206" length="18" level="22"/>
        <run start="1205" length="19" level="21"/>
        <run start="1205" length="19" level="21"/>
        <run start="1204" length="20" level="20"/>
    </section>
    <section id="2789" first-pos="2171">
        <run start="1203" length="42" level="29"/>
        <run start="1202" length="43" level="33"/>
        <run start="1202" length="43" level="33"/>
        <run start="1202" length="43" level="33"/>
        <run start="1202" length="43" level="33"/>
        <run start="1202" length="43" level="33"/>
        <run start="1202" length="43" level="33"/>
        <run start="1202" length="42" level="29"/>
    </section>
    <section id="2772" first-pos="2163">
        <run start="1231" length="14" level="29"/>
        <run start="1230" length="15" level="27"/>
        <run start="1229" length="16" level="25"/>
        <run start="1228" length="17" level="24"/>
        <run start="1227" length="18" level="22"/>
        <run start="1226" length="19" level="21"/>
        <run start="1226" length="19" level="21"/>
        <run start="1225" length="20" level="20"/>
    </section>
    <section id="2791" first-pos="2179">
        <run start="1202" length="20" level="20"/>
        <run start="1202" length="18" level="22"/>
        <run start="1202" length="17" level="24"/>
        <run start="1203" length="15" level="13"/>
        <run start="1205" length="12" level="0"/>
        <run start="1206" length="9" level="0"/>
        <run start="1208" length="5" level="0"/>
    </section>
    <section id="2792" first-pos="2179">
        <run start="1223" length="20" level="20"/>
        <run start="1223" length="18" level="22"/>
        <run start="1223" length="17" level="24"/>
        <run start="1224" length="15" level="13"/>
        <run start="1226" length="11" level="0"/>
        <run start="1228" length="8" level="0"/>
    </section>
    <section id="2798" first-pos="2185">
        <run start="1230" length="3" level="0"/>
    </section>
</stick>
