<?xml version="1.0" encoding="UTF-8"?>
<stick id="1029" interline="21" shape="NOTEHEAD_BLACK_2">
    <is-within-system>true</is-within-system>
    <has-ledger>false</has-ledger>
    <stem-number>1</stem-number>
    <step-line>0.9882352941176471</step-line>
    <moments>
        <k>1.7619047619047619</k>
        <k>1.0952380952380953</k>
        <k>2.0476190476190474</k>
        <k>0.0453159205413941</k>
        <k>-0.012636379103784087</k>
        <k>0.18162556434198182</k>
        <k>5.444769340018478E-4</k>
        <k>-3.071947134665655E-4</k>
        <k>-5.417840214261614E-4</k>
        <k>8.620423386414071E-4</k>
        <k>0.22694148488337593</k>
        <k>0.019219031300461306</k>
        <k>7.889481298514795E-6</k>
        <k>3.078631389403018E-7</k>
        <k>2.992487411715894E-13</k>
        <k>4.1887214939616585E-8</k>
        <k>3.7504504234661435E-13</k>
        <k>395.3577863577864</k>
        <k>1840.6113256113256</k>
    </moments>
    <section id="696" first-pos="385">
        <run start="1826" length="14" level="57"/>
        <run start="1826" length="14" level="57"/>
        <run start="1825" length="16" level="50"/>
        <run start="1824" length="17" level="47"/>
        <run start="1823" length="18" level="44"/>
        <run start="1823" length="18" level="44"/>
        <run start="1822" length="19" level="42"/>
    </section>
    <section id="707" first-pos="392">
        <run start="1822" length="41" level="49"/>
        <run start="1821" length="41" level="49"/>
        <run start="1821" length="41" level="49"/>
        <run start="1820" length="42" level="48"/>
        <run start="1820" length="42" level="48"/>
    </section>
    <section id="697" first-pos="385">
        <run start="1849" length="12" level="83"/>
        <run start="1847" length="15" level="80"/>
        <run start="1846" length="16" level="75"/>
        <run start="1845" length="17" level="71"/>
        <run start="1844" length="18" level="67"/>
        <run start="1844" length="19" level="63"/>
        <run start="1843" length="20" level="60"/>
    </section>
    <section id="710" first-pos="397">
        <run start="1820" length="20" level="40"/>
        <run start="1820" length="20" level="40"/>
        <run start="1820" length="19" level="42"/>
        <run start="1820" length="19" level="42"/>
        <run start="1820" length="18" level="44"/>
        <run start="1820" length="17" level="47"/>
        <run start="1821" length="15" level="53"/>
        <run start="1821" length="14" level="57"/>
        <run start="1822" length="12" level="67"/>
        <run start="1823" length="9" level="67"/>
        <run start="1825" length="6" level="67"/>
    </section>
    <section id="711" first-pos="397">
        <run start="1841" length="20" level="60"/>
        <run start="1841" length="20" level="60"/>
        <run start="1841" length="20" level="60"/>
        <run start="1841" length="19" level="63"/>
        <run start="1841" length="18" level="67"/>
        <run start="1842" length="16" level="75"/>
        <run start="1842" length="15" level="80"/>
        <run start="1842" length="14" level="86"/>
        <run start="1843" length="12" level="100"/>
        <run start="1844" length="10" level="120"/>
    </section>
    <section id="722" first-pos="407">
        <run start="1846" length="3" level="67"/>
    </section>
    <section id="723" first-pos="407">
        <run start="1850" length="1" level="200"/>
    </section>
</stick>
