<?xml version="1.0" encoding="UTF-8"?>
<stick id="188" interline="21" shape="TIME_FOUR">
    <is-within-system>true</is-within-system>
    <has-ledger>false</has-ledger>
    <stem-number>0</stem-number>
    <step-line>2.1176470588235294</step-line>
    <moments>
        <k>1.1133786848072562</k>
        <k>1.4285714285714286</k>
        <k>2.0476190476190474</k>
        <k>0.07780535618881786</k>
        <k>-0.007375562333711585</k>
        <k>0.2856497572361001</k>
        <k>-0.021935628010694635</k>
        <k>0.014069968634076913</k>
        <k>0.019787223230361643</k>
        <k>-0.035565018280998846</k>
        <k>0.36345511342491793</k>
        <k>0.04341689072565736</k>
        <k>0.012658189445318886</k>
        <k>4.666528024237965E-4</k>
        <k>5.079822297887508E-7</k>
        <k>9.37100852024335E-5</k>
        <k>1.0140446268330385E-6</k>
        <k>377.20977596741346</k>
        <k>676.5641547861508</k>
    </moments>
    <section id="598" first-pos="359">
        <run start="686" length="2" level="0"/>
        <run start="685" length="3" level="0"/>
        <run start="684" length="4" level="0"/>
        <run start="682" length="6" level="0"/>
        <run start="681" length="7" level="0"/>
    </section>
    <section id="621" first-pos="364">
        <run start="679" length="5" level="0"/>
        <run start="677" length="6" level="0"/>
        <run start="675" length="6" level="67"/>
        <run start="674" length="5" level="120"/>
        <run start="673" length="5" level="160"/>
        <run start="671" length="7" level="114"/>
        <run start="670" length="7" level="114"/>
        <run start="668" length="7" level="57"/>
        <run start="666" length="7" level="0"/>
        <run start="663" length="9" level="0"/>
        <run start="660" length="10" level="0"/>
        <run start="656" length="13" level="0"/>
        <run start="654" length="14" level="29"/>
        <run start="654" length="12" level="33"/>
        <run start="654" length="11" level="36"/>
        <run start="654" length="10" level="40"/>
        <run start="654" length="9" level="44"/>
        <run start="654" length="7" level="57"/>
        <run start="654" length="6" level="67"/>
        <run start="654" length="5" level="80"/>
        <run start="654" length="4" level="100"/>
        <run start="654" length="2" level="200"/>
    </section>
    <section id="622" first-pos="364">
        <run start="685" length="3" level="0"/>
        <run start="686" length="2" level="0"/>
        <run start="686" length="2" level="0"/>
        <run start="686" length="2" level="0"/>
        <run start="686" length="2" level="0"/>
        <run start="686" length="2" level="0"/>
        <run start="686" length="2" level="0"/>
        <run start="686" length="2" level="0"/>
        <run start="686" length="2" level="0"/>
        <run start="686" length="2" level="0"/>
        <run start="686" length="2" level="0"/>
        <run start="686" length="2" level="0"/>
        <run start="686" length="3" level="0"/>
    </section>
    <section id="653" first-pos="377">
        <run start="671" length="26" level="46"/>
        <run start="670" length="27" level="44"/>
        <run start="668" length="29" level="41"/>
        <run start="667" length="30" level="40"/>
        <run start="666" length="31" level="39"/>
        <run start="665" length="32" level="38"/>
        <run start="663" length="34" level="35"/>
    </section>
    <section id="652" first-pos="376">
        <run start="673" length="5" level="160"/>
    </section>
    <section id="651" first-pos="375">
        <run start="694" length="3" level="133"/>
        <run start="691" length="6" level="67"/>
    </section>
    <section id="680" first-pos="384">
        <run start="664" length="9" level="0"/>
    </section>
    <section id="681" first-pos="384">
        <run start="674" length="23" level="43"/>
    </section>
    <section id="693" first-pos="385">
        <run start="674" length="4" level="150"/>
    </section>
    <section id="694" first-pos="385">
        <run start="686" length="3" level="0"/>
        <run start="686" length="2" level="0"/>
        <run start="686" length="2" level="0"/>
        <run start="687" length="1" level="0"/>
    </section>
    <section id="695" first-pos="385">
        <run start="693" length="4" level="100"/>
        <run start="694" length="3" level="133"/>
    </section>
</stick>
