<?xml version="1.0" encoding="UTF-8"?>
<stick id="187" interline="21" shape="TIME_THREE">
    <is-within-system>true</is-within-system>
    <has-ledger>false</has-ledger>
    <stem-number>0</stem-number>
    <step-line>-2.023529411764706</step-line>
    <moments>
        <k>1.3786848072562359</k>
        <k>1.4285714285714286</k>
        <k>2.0476190476190474</k>
        <k>0.11645837058859759</k>
        <k>-0.010897191347021171</k>
        <k>0.25116470899747306</k>
        <k>-0.011561673056165052</k>
        <k>6.475309958313843E-4</k>
        <k>-0.006131170483880512</k>
        <k>-0.01856776034691799</k>
        <k>0.36762307958607066</k>
        <k>0.01862079272454085</k>
        <k>4.6734860976433806E-4</k>
        <k>6.34171332528078E-4</k>
        <k>-1.4852414732485383E-7</k>
        <k>-1.2729406388136146E-5</k>
        <k>3.1166701519245405E-7</k>
        <k>374.7796052631579</k>
        <k>632.6694078947369</k>
    </moments>
    <section id="597" first-pos="359">
        <run start="637" length="6" level="0"/>
    </section>
    <section id="602" first-pos="360">
        <run start="634" length="11" level="18"/>
        <run start="632" length="15" level="40"/>
    </section>
    <section id="608" first-pos="362">
        <run start="632" length="9" level="67"/>
        <run start="632" length="9" level="67"/>
        <run start="632" length="9" level="67"/>
        <run start="632" length="8" level="75"/>
        <run start="632" length="7" level="86"/>
    </section>
    <section id="609" first-pos="362">
        <run start="642" length="6" level="0"/>
        <run start="643" length="6" level="0"/>
        <run start="644" length="6" level="0"/>
        <run start="644" length="6" level="0"/>
        <run start="645" length="6" level="0"/>
        <run start="645" length="6" level="0"/>
        <run start="646" length="6" level="0"/>
        <run start="646" length="7" level="29"/>
        <run start="646" length="7" level="29"/>
        <run start="646" length="8" level="50"/>
        <run start="646" length="8" level="50"/>
        <run start="646" length="9" level="67"/>
        <run start="646" length="8" level="50"/>
        <run start="646" length="8" level="50"/>
        <run start="645" length="8" level="25"/>
        <run start="645" length="8" level="25"/>
        <run start="644" length="8" level="0"/>
        <run start="644" length="7" level="0"/>
        <run start="643" length="8" level="0"/>
        <run start="641" length="9" level="0"/>
    </section>
    <section id="672" first-pos="382">
        <run start="612" length="38" level="32"/>
    </section>
    <section id="658" first-pos="380">
        <run start="612" length="24" level="50"/>
        <run start="612" length="26" level="46"/>
    </section>
    <section id="625" first-pos="365">
        <run start="612" length="4" level="100"/>
        <run start="612" length="4" level="100"/>
        <run start="612" length="3" level="133"/>
        <run start="612" length="3" level="133"/>
        <run start="612" length="3" level="133"/>
        <run start="612" length="3" level="133"/>
        <run start="612" length="2" level="200"/>
        <run start="612" length="3" level="133"/>
        <run start="612" length="3" level="133"/>
        <run start="612" length="3" level="133"/>
        <run start="612" length="3" level="133"/>
        <run start="612" length="4" level="100"/>
        <run start="612" length="4" level="100"/>
        <run start="612" length="5" level="80"/>
        <run start="612" length="6" level="67"/>
    </section>
    <section id="603" first-pos="361">
        <run start="618" length="4" level="0"/>
        <run start="616" length="7" level="0"/>
        <run start="614" length="10" level="0"/>
        <run start="613" length="12" level="17"/>
    </section>
    <section id="626" first-pos="365">
        <run start="617" length="7" level="0"/>
        <run start="618" length="6" level="0"/>
        <run start="618" length="5" level="0"/>
    </section>
    <section id="641" first-pos="371">
        <run start="628" length="5" level="80"/>
        <run start="627" length="6" level="67"/>
        <run start="627" length="6" level="67"/>
        <run start="627" length="6" level="67"/>
        <run start="627" length="6" level="67"/>
        <run start="626" length="7" level="57"/>
        <run start="626" length="7" level="57"/>
        <run start="625" length="8" level="50"/>
        <run start="624" length="10" level="60"/>
    </section>
    <section id="676" first-pos="383">
        <run start="612" length="15" level="27"/>
        <run start="613" length="13" level="15"/>
        <run start="614" length="11" level="0"/>
        <run start="616" length="8" level="0"/>
    </section>
    <section id="677" first-pos="383">
        <run start="630" length="19" level="42"/>
        <run start="630" length="18" level="44"/>
        <run start="632" length="16" level="38"/>
        <run start="632" length="15" level="40"/>
        <run start="632" length="13" level="46"/>
    </section>
    <section id="701" first-pos="388">
        <run start="634" length="8" level="25"/>
    </section>
</stick>
