<?xml version="1.0" encoding="UTF-8"?>
<glyph id="1170" interline="22" shape="TIME_THREE_FOUR">
    <is-within-system>true</is-within-system>
    <has-ledger>false</has-ledger>
    <stem-number>0</stem-number>
    <step-line>0.047058823529411764</step-line>
    <moments>
        <k>2.3595041322314048</k>
        <k>1.3636363636363635</k>
        <k>3.909090909090909</k>
        <k>0.047657676829627044</k>
        <k>0.007549147668517954</k>
        <k>0.5355310418047132</k>
        <k>-0.006067132668266749</k>
        <k>-0.007052084811946859</k>
        <k>0.0050616162058272265</k>
        <k>0.0037802217546693746</k>
        <k>0.5831887186343403</k>
        <k>0.23824837877419797</k>
        <k>0.0010734745533696713</k>
        <k>1.1716151221814057E-5</k>
        <k>-1.2906128438981757E-9</k>
        <k>4.828800488581542E-6</k>
        <k>-2.4645341640231477E-10</k>
        <k>374.0814360770578</k>
        <k>409.7276707530648</k>
    </moments>
    <section id="593" first-pos="357">
        <run start="441" length="3" level="0"/>
        <run start="440" length="4" level="0"/>
        <run start="439" length="5" level="0"/>
        <run start="437" length="7" level="0"/>
        <run start="436" length="8" level="0"/>
    </section>
    <section id="606" first-pos="362">
        <run start="435" length="5" level="0"/>
        <run start="433" length="6" level="0"/>
        <run start="432" length="5" level="40"/>
        <run start="430" length="6" level="100"/>
        <run start="428" length="7" level="114"/>
        <run start="426" length="7" level="114"/>
        <run start="425" length="7" level="86"/>
        <run start="423" length="8" level="50"/>
        <run start="420" length="10" level="20"/>
        <run start="418" length="11" level="0"/>
        <run start="414" length="13" level="0"/>
    </section>
    <section id="648" first-pos="373">
        <run start="402" length="24" level="25"/>
        <run start="402" length="22" level="27"/>
        <run start="402" length="21" level="29"/>
        <run start="401" length="21" level="29"/>
        <run start="401" length="19" level="32"/>
    </section>
    <section id="601" first-pos="360">
        <run start="398" length="6" level="0"/>
        <run start="399" length="6" level="0"/>
        <run start="400" length="5" level="0"/>
        <run start="400" length="6" level="0"/>
        <run start="401" length="7" level="0"/>
        <run start="402" length="6" level="0"/>
        <run start="402" length="8" level="50"/>
        <run start="402" length="8" level="50"/>
        <run start="402" length="8" level="50"/>
        <run start="402" length="8" level="50"/>
        <run start="402" length="8" level="50"/>
        <run start="402" length="8" level="50"/>
        <run start="402" length="10" level="60"/>
    </section>
    <section id="596" first-pos="359">
        <run start="390" length="13" level="0"/>
    </section>
    <section id="594" first-pos="358">
        <run start="392" length="8" level="0"/>
    </section>
    <section id="600" first-pos="360">
        <run start="388" length="9" level="44"/>
        <run start="388" length="9" level="44"/>
        <run start="388" length="9" level="44"/>
        <run start="388" length="9" level="44"/>
        <run start="388" length="8" level="50"/>
    </section>
    <section id="654" first-pos="378">
        <run start="400" length="8" level="0"/>
        <run start="399" length="9" level="0"/>
    </section>
    <section id="657" first-pos="380">
        <run start="367" length="39" level="36"/>
    </section>
    <section id="656" first-pos="379">
        <run start="367" length="25" level="56"/>
    </section>
    <section id="646" first-pos="372">
        <run start="367" length="1" level="200"/>
        <run start="367" length="2" level="200"/>
        <run start="367" length="4" level="150"/>
        <run start="367" length="4" level="150"/>
        <run start="367" length="5" level="120"/>
        <run start="367" length="6" level="100"/>
        <run start="367" length="7" level="86"/>
    </section>
    <section id="636" first-pos="367">
        <run start="388" length="1" level="200"/>
        <run start="386" length="3" level="200"/>
        <run start="384" length="5" level="120"/>
        <run start="383" length="6" level="100"/>
        <run start="383" length="6" level="100"/>
        <run start="382" length="7" level="86"/>
        <run start="382" length="7" level="86"/>
        <run start="382" length="7" level="86"/>
        <run start="382" length="7" level="86"/>
        <run start="381" length="8" level="75"/>
        <run start="380" length="9" level="67"/>
        <run start="379" length="12" level="67"/>
    </section>
    <section id="661" first-pos="381">
        <run start="367" length="16" level="38"/>
        <run start="368" length="14" level="29"/>
        <run start="369" length="12" level="17"/>
        <run start="371" length="9" level="0"/>
    </section>
    <section id="692" first-pos="385">
        <run start="374" length="4" level="0"/>
    </section>
    <section id="662" first-pos="381">
        <run start="385" length="1" level="0"/>
    </section>
    <section id="663" first-pos="381">
        <run start="388" length="18" level="22"/>
        <run start="388" length="17" level="24"/>
        <run start="388" length="16" level="25"/>
        <run start="388" length="15" level="27"/>
        <run start="388" length="14" level="29"/>
        <run start="389" length="11" level="18"/>
    </section>
    <section id="655" first-pos="378">
        <run start="409" length="10" level="40"/>
        <run start="409" length="9" level="44"/>
        <run start="409" length="7" level="57"/>
        <run start="409" length="6" level="67"/>
        <run start="409" length="5" level="80"/>
        <run start="409" length="3" level="133"/>
        <run start="409" length="1" level="200"/>
    </section>
    <section id="607" first-pos="362">
        <run start="442" length="2" level="0"/>
        <run start="442" length="2" level="0"/>
        <run start="442" length="2" level="0"/>
        <run start="442" length="2" level="0"/>
        <run start="442" length="2" level="0"/>
        <run start="442" length="2" level="0"/>
        <run start="442" length="2" level="0"/>
        <run start="442" length="2" level="0"/>
        <run start="442" length="2" level="0"/>
        <run start="442" length="3" level="0"/>
        <run start="442" length="3" level="0"/>
        <run start="442" length="3" level="0"/>
    </section>
    <section id="650" first-pos="374">
        <run start="427" length="26" level="46"/>
        <run start="426" length="27" level="44"/>
        <run start="425" length="28" level="43"/>
        <run start="424" length="29" level="41"/>
        <run start="422" length="31" level="39"/>
        <run start="421" length="32" level="38"/>
        <run start="420" length="33" level="36"/>
        <run start="419" length="34" level="35"/>
        <run start="420" length="33" level="36"/>
    </section>
    <section id="649" first-pos="373">
        <run start="430" length="1" level="200"/>
    </section>
    <section id="640" first-pos="371">
        <run start="450" length="3" level="133"/>
        <run start="450" length="3" level="133"/>
        <run start="449" length="4" level="100"/>
    </section>
    <section id="674" first-pos="383">
        <run start="442" length="3" level="0"/>
        <run start="442" length="3" level="0"/>
        <run start="442" length="2" level="0"/>
    </section>
    <section id="675" first-pos="383">
        <run start="450" length="3" level="133"/>
        <run start="450" length="3" level="133"/>
    </section>
    <section id="599" first-pos="360">
        <run start="373" length="6" level="0"/>
        <run start="371" length="9" level="0"/>
        <run start="369" length="11" level="18"/>
    </section>
    <section id="615" first-pos="363">
        <run start="368" length="4" level="100"/>
        <run start="367" length="4" level="150"/>
        <run start="367" length="4" level="150"/>
    </section>
    <section id="632" first-pos="366">
        <run start="367" length="2" level="200"/>
        <run start="367" length="1" level="200"/>
    </section>
    <section id="633" first-pos="366">
        <run start="370" length="1" level="0"/>
    </section>
    <section id="616" first-pos="363">
        <run start="373" length="7" level="0"/>
        <run start="373" length="7" level="0"/>
        <run start="374" length="5" level="0"/>
        <run start="375" length="2" level="0"/>
    </section>
</glyph>
