<?xml version="1.0" encoding="UTF-8"?>
<stick id="704" interline="22" shape="VOID_NOTEHEAD">
    <is-within-system>true</is-within-system>
    <has-ledger>false</has-ledger>
    <stem-number>1</stem-number>
    <step-line>-3.0697674418604652</step-line>
    <moments>
        <k>0.5165289256198347</k>
        <k>1.0909090909090908</k>
        <k>1.0454545454545454</k>
        <k>0.18155033600000042</k>
        <k>0.04358950399999999</k>
        <k>0.21504025600000012</k>
        <k>-0.016889707003008323</k>
        <k>-0.007212906254533421</k>
        <k>0.012176711619797779</k>
        <k>0.03385068630839416</k>
        <k>0.3965905920000006</k>
        <k>0.00872175417747044</k>
        <k>0.005932753579847882</k>
        <k>7.317836516800251E-4</k>
        <k>4.1998204070779785E-7</k>
        <k>1.1300414917975984E-6</k>
        <k>-1.4657816490301858E-6</k>
        <k>982.696</k>
        <k>375.544</k>
    </moments>
    <section id="1425" first-pos="970">
        <run start="374" length="7" level="0"/>
        <run start="372" length="7" level="0"/>
        <run start="371" length="7" level="0"/>
        <run start="370" length="7" level="0"/>
        <run start="366" length="11" level="55"/>
        <run start="366" length="10" level="60"/>
        <run start="366" length="9" level="67"/>
        <run start="366" length="8" level="75"/>
        <run start="366" length="7" level="86"/>
        <run start="366" length="7" level="86"/>
        <run start="366" length="7" level="86"/>
        <run start="366" length="6" level="100"/>
        <run start="366" length="6" level="100"/>
        <run start="366" length="5" level="120"/>
        <run start="366" length="5" level="120"/>
        <run start="366" length="4" level="150"/>
        <run start="366" length="4" level="150"/>
        <run start="366" length="4" level="150"/>
        <run start="366" length="4" level="150"/>
        <run start="366" length="5" level="120"/>
        <run start="366" length="6" level="100"/>
        <run start="366" length="7" level="86"/>
    </section>
    <section id="1460" first-pos="992">
        <run start="370" length="13" level="0"/>
        <run start="372" length="9" level="0"/>
    </section>
    <section id="1452" first-pos="977">
        <run start="388" length="1" level="200"/>
        <run start="387" length="2" level="200"/>
        <run start="386" length="3" level="200"/>
        <run start="385" length="4" level="150"/>
        <run start="385" length="4" level="150"/>
        <run start="385" length="4" level="150"/>
        <run start="384" length="5" level="120"/>
        <run start="383" length="6" level="100"/>
        <run start="382" length="7" level="86"/>
        <run start="382" length="7" level="86"/>
        <run start="381" length="8" level="75"/>
        <run start="380" length="9" level="67"/>
        <run start="380" length="8" level="50"/>
        <run start="379" length="8" level="25"/>
        <run start="377" length="9" level="0"/>
    </section>
</stick>
