<?xml version="1.0" encoding="UTF-8" standalone="yes"?>
<samples sheet-name="IMSLP00449#9">
    <sample shape="G_CLEF" interline="20" pitch="0.1" left="70" top="1295" id="424">
        <run-table orientation="VERTICAL" width="58" height="158">
            <runs>0 89 16</runs>
            <runs>0 80 25</runs>
            <runs>0 80 27</runs>
            <runs>0 80 29</runs>
            <runs>0 78 33</runs>
            <runs>0 75 37</runs>
            <runs>0 74 40</runs>
            <runs>0 72 43</runs>
            <runs>0 71 45 24 6</runs>
            <runs>0 69 26 11 11 20 12</runs>
            <runs>0 68 23 18 9 17 15</runs>
            <runs>0 67 21 23 8 14 18</runs>
            <runs>0 61 26 26 6 14 13 1 6</runs>
            <runs>0 61 24 30 10 7 15 2 5</runs>
            <runs>0 61 24 30 10 6 17 2 5</runs>
            <runs>0 61 23 32 8 6 19 2 5</runs>
            <runs>0 61 18 38 8 5 19 3 4</runs>
            <runs>0 60 18 14 15 23 19 3 5</runs>
            <runs>0 59 18 13 21 18 21 3 4</runs>
            <runs>0 58 17 12 27 16 20 3 4</runs>
            <runs>0 56 19 10 20 1 8 16 20 3 5</runs>
            <runs>0 29 2 24 18 7 19 11 5 15 20 3 5</runs>
            <runs>0 30 2 22 18 8 17 33 20 4 4</runs>
            <runs>0 23 14 16 18 10 14 35 20 4 4</runs>
            <runs>0 19 27 6 18 11 13 36 19 5 4</runs>
            <runs>0 16 34 1 18 11 13 38 18 5 4</runs>
            <runs>0 15 53 12 12 40 17 5 4</runs>
            <runs>0 12 57 10 13 40 16 6 4</runs>
            <runs>0 10 21 17 23 8 12 42 15 5 5</runs>
            <runs>0 9 19 20 28 2 12 45 12 6 4</runs>
            <runs>0 7 18 22 43 45 10 8 4</runs>
            <runs>0 5 18 18 24 3 23 48 3 10 5</runs>
            <runs>0 4 17 20 24 9 19 59 4</runs>
            <runs>0 3 17 21 24 12 28 46 5</runs>
            <runs>0 2 15 24 20 16 30 43 5</runs>
            <runs>0 2 14 25 19 17 12 5 19 36 6</runs>
            <runs>0 1 15 24 19 18 12 11 18 30 5</runs>
            <runs>14 25 19 19 12 11 25 21 6</runs>
            <runs>13 25 18 21 12 21 22 10 9</runs>
            <runs>12 6 2 17 18 22 12 27 34</runs>
            <runs>0 2 10 5 3 14 20 23 13 29 29</runs>
            <runs>0 3 9 21 20 25 12 41 14</runs>
            <runs>0 5 9 17 20 27 12</runs>
            <runs>0 7 10 12 20 29 12</runs>
            <runs>0 9 38 32 12</runs>
            <runs>0 12 34 33 12 26 8</runs>
            <runs>0 15 31 33 13 24 9</runs>
            <runs>0 18 22 40 13 22 5</runs>
            <runs>0 23 9 48 15 19 6</runs>
            <runs>0 81 16 15 7</runs>
            <runs>0 81 18 10 9</runs>
            <runs>0 81 36</runs>
            <runs>0 81 35</runs>
            <runs>0 81 33</runs>
            <runs>0 87 26</runs>
            <runs>0 88 23</runs>
            <runs>0 90 19</runs>
            <runs>0 95 11</runs>
        </run-table>
    </sample>
    <sample shape="F_CLEF" interline="20" pitch="-1.3" left="262" top="742" id="349">
        <run-table orientation="VERTICAL" width="54" height="65">
            <runs>0 16 9 32 8</runs>
            <runs>0 12 14 31 8</runs>
            <runs>0 10 18 29 8</runs>
            <runs>0 8 21 27 8</runs>
            <runs>0 7 23 26 8</runs>
            <runs>0 6 6 2 17 25 8</runs>
            <runs>11 3 17 24 9</runs>
            <runs>0 1 9 3 18 24 9</runs>
            <runs>8 5 19 22 10</runs>
            <runs>0 6 1 6 19 22 5</runs>
            <runs>0 13 19 21 12</runs>
            <runs>0 13 19 21 12</runs>
            <runs>0 13 19 20 7</runs>
            <runs>0 13 18 21 6</runs>
            <runs>0 14 17 20 7</runs>
            <runs>0 14 16 20 7</runs>
            <runs>0 14 16 20 7</runs>
            <runs>0 15 14 20 7</runs>
            <runs>0 16 12 21 7</runs>
            <runs>0 18 8 22 7</runs>
            <runs>0 46 9</runs>
            <runs>0 40 14</runs>
            <runs>0 40 14</runs>
            <runs>0 40 13</runs>
            <runs>0 40 13</runs>
            <runs>0 39 13</runs>
            <runs>0 37 15</runs>
            <runs>0 33 18</runs>
            <runs>0 1 8 21 20</runs>
            <runs>0 1 13 7 28</runs>
            <runs>0 1 47</runs>
            <runs>0 1 46</runs>
            <runs>0 1 45</runs>
            <runs>0 1 44</runs>
            <runs>0 1 44</runs>
            <runs>0 1 44</runs>
            <runs>0 1 44</runs>
            <runs>0 7 38</runs>
            <runs>0 8 31</runs>
            <runs>0 9 29</runs>
            <runs>0 10 25</runs>
            <runs>0 13 19</runs>
            <runs>0 16 13</runs>
            <runs></runs>
            <runs></runs>
            <runs></runs>
            <runs>0 14 3 15 5</runs>
            <runs>0 13 5 13 7</runs>
            <runs>0 12 7 11 9</runs>
            <runs>0 12 8 10 9</runs>
            <runs>0 12 7 12 7</runs>
            <runs>0 12 7 12 7</runs>
            <runs>0 13 6 14 2</runs>
            <runs>0 14 3</runs>
        </run-table>
    </sample>
    <sample shape="SHARP" interline="20" pitch="-1.6" left="332" top="737" id="371">
        <run-table orientation="VERTICAL" width="23" height="63">
            <runs>0 18 12 11 10</runs>
            <runs>0 17 13 10 12</runs>
            <runs>0 17 13 10 12</runs>
            <runs>0 16 14 8 23</runs>
            <runs>0 12 50</runs>
            <runs>0 5 58</runs>
            <runs>0 4 58</runs>
            <runs>0 4 50</runs>
            <runs>0 3 30 4 13</runs>
            <runs>0 14 16 7 13</runs>
            <runs>0 14 16 7 13</runs>
            <runs>0 14 16 7 13</runs>
            <runs>0 13 17 7 13</runs>
            <runs>0 13 17 6 14</runs>
            <runs>0 13 17 1 26</runs>
            <runs>0 2 57</runs>
            <runs>0 1 58</runs>
            <runs>58</runs>
            <runs>50</runs>
            <runs>30 5 15</runs>
            <runs>0 11 13 11 15</runs>
            <runs>0 11 13 11 15</runs>
            <runs>0 11 12</runs>
        </run-table>
    </sample>
    <sample shape="SHARP" interline="20" pitch="-0.8" left="171" top="1101" id="427">
        <run-table orientation="VERTICAL" width="22" height="63">
            <runs>0 39 13</runs>
            <runs>0 18 11 10 14</runs>
            <runs>0 18 12 9 14</runs>
            <runs>0 17 12 10 24</runs>
            <runs>0 16 47</runs>
            <runs>0 5 58</runs>
            <runs>0 5 58</runs>
            <runs>0 5 47 2 2</runs>
            <runs>0 14 14 10 13</runs>
            <runs>0 15 12 11 13</runs>
            <runs>0 15 12 11 13</runs>
            <runs>0 15 12 11 12</runs>
            <runs>0 15 12 11 12</runs>
            <runs>0 15 12 11 12</runs>
            <runs>0 14 12 6 31</runs>
            <runs>0 6 57</runs>
            <runs>63</runs>
            <runs>63</runs>
            <runs>0 13 35</runs>
            <runs>0 13 12 11 12</runs>
            <runs>0 13 11 12 12</runs>
            <runs>0 14 10 12 11</runs>
        </run-table>
    </sample>
    <sample shape="SHARP" interline="20" pitch="-5.5" left="190" top="1635" id="471">
        <run-table orientation="VERTICAL" width="24" height="57">
            <runs>0 35 10</runs>
            <runs>0 11 13 10 11</runs>
            <runs>0 11 13 10 11</runs>
            <runs>0 10 13 11 11 3 8</runs>
            <runs>0 10 47</runs>
            <runs>57</runs>
            <runs>57</runs>
            <runs>56</runs>
            <runs>44</runs>
            <runs>25 7 12</runs>
            <runs>0 5 2 2 13 10 12</runs>
            <runs>0 9 13 10 11</runs>
            <runs>0 8 13 11 11</runs>
            <runs>0 8 13 10 12</runs>
            <runs>0 8 13 10 12</runs>
            <runs>0 8 13 7 24</runs>
            <runs>52</runs>
            <runs>52</runs>
            <runs>43 1 1 4 2</runs>
            <runs>43</runs>
            <runs>21 8 14</runs>
            <runs>0 6 13 10 14</runs>
            <runs>0 6 12 11 10</runs>
            <runs>0 6 12 13 2</runs>
        </run-table>
    </sample>
    <sample shape="TIME_THREE" interline="20" pitch="-2.0" left="455" top="558" id="391">
        <run-table orientation="VERTICAL" width="29" height="36">
            <runs>0 25 7</runs>
            <runs>0 4 6 14 10</runs>
            <runs>0 2 8 13 12</runs>
            <runs>11 12 13</runs>
            <runs>11 12 9 1 1</runs>
            <runs>12 3 1 7 9</runs>
            <runs>11 4 1 7 8</runs>
            <runs>0 5 6 4 1 8 6</runs>
            <runs>0 6 4 5 1 11 2</runs>
            <runs>0 15 1</runs>
            <runs>0 15 1</runs>
            <runs>0 15 1</runs>
            <runs>0 15 1</runs>
            <runs>0 15 1</runs>
            <runs>0 15 1</runs>
            <runs>0 15 1</runs>
            <runs>0 15 1</runs>
            <runs>0 14 2 19 1</runs>
            <runs>0 14 2 18 2</runs>
            <runs>0 13 8 12 3</runs>
            <runs>0 9 13 10 4</runs>
            <runs>36</runs>
            <runs>36</runs>
            <runs>36</runs>
            <runs>15 1 20</runs>
            <runs>15 1 19</runs>
            <runs>0 1 12 3 18</runs>
            <runs>0 3 8 11 11</runs>
            <runs>0 7 2 15 7</runs>
        </run-table>
    </sample>
    <sample shape="TIME_THREE" interline="20" pitch="-2.1" left="453" top="747" id="409">
        <run-table orientation="VERTICAL" width="29" height="36">
            <runs>0 3 5 16 9</runs>
            <runs>0 2 9 13 11</runs>
            <runs>11 12 13</runs>
            <runs>12 11 13</runs>
            <runs>12 11 13</runs>
            <runs>12 11 9</runs>
            <runs>12 3 1 7 9</runs>
            <runs>0 6 5 4 1 9 6</runs>
            <runs>0 7 3 5 1 10 3</runs>
            <runs>0 15 1</runs>
            <runs>0 15 1</runs>
            <runs>0 15 1</runs>
            <runs>0 15 1</runs>
            <runs>0 15 1</runs>
            <runs>0 15 1</runs>
            <runs>0 15 1</runs>
            <runs>0 15 1</runs>
            <runs>0 14 2</runs>
            <runs>0 13 3 18 2</runs>
            <runs>0 12 8 13 3</runs>
            <runs>22 10 4</runs>
            <runs>36</runs>
            <runs>36</runs>
            <runs>36</runs>
            <runs>15 1 20</runs>
            <runs>13 3 19</runs>
            <runs>12 4 18</runs>
            <runs>0 3 7 12 11</runs>
            <runs>0 25 5</runs>
        </run-table>
    </sample>
    <sample shape="TIME_FOUR" interline="20" pitch="2.2" left="454" top="599" id="396">
        <run-table orientation="VERTICAL" width="31" height="36">
            <runs>0 25 4</runs>
            <runs>0 23 6</runs>
            <runs>0 22 8</runs>
            <runs>0 20 10</runs>
            <runs>0 15 9 1 5</runs>
            <runs>0 15 8 2 5</runs>
            <runs>0 19 2 4 5</runs>
            <runs>0 25 5</runs>
            <runs>0 25 5</runs>
            <runs>0 11 8 6 4</runs>
            <runs>0 10 9 6 4</runs>
            <runs>0 9 10 6 4</runs>
            <runs>0 7 5 13 4</runs>
            <runs>0 6 5 14 5</runs>
            <runs>0 4 6 15 4</runs>
            <runs>0 3 5 17 5</runs>
            <runs>0 2 5 18 5</runs>
            <runs>0 1 35</runs>
            <runs>36</runs>
            <runs>36</runs>
            <runs>36</runs>
            <runs>36</runs>
            <runs>36</runs>
            <runs>36</runs>
            <runs>36</runs>
            <runs>0 25 5</runs>
            <runs>0 25 5</runs>
            <runs>0 25 5</runs>
            <runs>0 25 5</runs>
            <runs>0 25 5</runs>
            <runs>0 25 5</runs>
        </run-table>
    </sample>
    <sample shape="TIME_FOUR" interline="20" pitch="2.2" left="453" top="788" id="413">
        <run-table orientation="VERTICAL" width="30" height="36">
            <runs>0 24 5</runs>
            <runs>0 23 7</runs>
            <runs>0 21 9</runs>
            <runs>0 20 10</runs>
            <runs>0 15 15</runs>
            <runs>0 14 9 2 5</runs>
            <runs>0 25 5</runs>
            <runs>0 25 5</runs>
            <runs>0 25 5</runs>
            <runs>0 11 8 6 5</runs>
            <runs>0 10 9 6 5</runs>
            <runs>0 9 10 6 5</runs>
            <runs>0 7 6 12 5</runs>
            <runs>0 6 5 14 5</runs>
            <runs>0 4 6 15 5</runs>
            <runs>0 3 5 17 5</runs>
            <runs>0 1 6 17 7</runs>
            <runs>36</runs>
            <runs>36</runs>
            <runs>36</runs>
            <runs>36</runs>
            <runs>36</runs>
            <runs>36</runs>
            <runs>36</runs>
            <runs>36</runs>
            <runs>0 25 6</runs>
            <runs>0 25 6</runs>
            <runs>0 25 6</runs>
            <runs>0 25 5</runs>
            <runs>0 25 5</runs>
        </run-table>
    </sample>
</samples>
