<?xml version="1.0" encoding="UTF-8" standalone="yes"?>
<samples id="30">
    <sample shape="FLAT" interline="14" left="267" top="2838" id="721">
        <run-table orientation="VERTICAL" width="12" height="30">
            <runs>0 8 1 4 1 1 8</runs>
            <runs>23</runs>
            <runs>15</runs>
            <runs></runs>
            <runs>0 27 2</runs>
            <runs>0 26 4</runs>
            <runs>0 22 7</runs>
            <runs>0 15 13</runs>
            <runs>0 15 12</runs>
            <runs>0 16 11</runs>
            <runs>0 17 7</runs>
            <runs>0 19 3</runs>
        </run-table>
    </sample>
    <sample shape="FLAT" interline="14" left="282" top="2819" id="715">
        <run-table orientation="VERTICAL" width="13" height="31">
            <runs>0 1 10 3 3</runs>
            <runs>28</runs>
            <runs>27</runs>
            <runs>11 1 9</runs>
            <runs>0 17 2</runs>
            <runs>0 16 3 8 4</runs>
            <runs>0 16 2 8 4</runs>
            <runs>0 16 2 4 7</runs>
            <runs>0 16 12</runs>
            <runs>0 16 11</runs>
            <runs>0 16 10</runs>
            <runs>0 17 8</runs>
            <runs>0 18 6</runs>
        </run-table>
    </sample>
    <sample shape="FLAT" interline="14" left="281" top="2554" id="710">
        <run-table orientation="VERTICAL" width="13" height="34">
            <runs>28</runs>
            <runs>31</runs>
            <runs>27</runs>
            <runs>13</runs>
            <runs></runs>
            <runs>0 28 6</runs>
            <runs>0 26 4</runs>
            <runs>0 16 14</runs>
            <runs>0 16 12</runs>
            <runs>0 16 12</runs>
            <runs>0 16 11</runs>
            <runs>0 16 9</runs>
            <runs>0 17 8</runs>
        </run-table>
    </sample>
    <sample shape="FLAT" interline="14" left="647" top="1012" id="419">
        <run-table orientation="VERTICAL" width="14" height="30">
            <runs>24 2 1</runs>
            <runs>28</runs>
            <runs>15 5 2</runs>
            <runs>4 16 2</runs>
            <runs>0 20 2</runs>
            <runs>0 20 1 5 4</runs>
            <runs>0 20 1 1 8</runs>
            <runs>0 16 13</runs>
            <runs>0 16 13</runs>
            <runs>0 17 11</runs>
            <runs>0 18 9</runs>
            <runs>0 20 4</runs>
            <runs>0 20 1</runs>
            <runs>0 20 1</runs>
        </run-table>
    </sample>
    <sample shape="FLAT" interline="14" left="282" top="1458" id="608">
        <run-table orientation="VERTICAL" width="13" height="33">
            <runs>0 1 32</runs>
            <runs>0 1 28</runs>
            <runs>23</runs>
            <runs>0 1 8 2 1 1 2 15 1</runs>
            <runs>0 29 2</runs>
            <runs>0 26 7</runs>
            <runs>0 16 14</runs>
            <runs>0 17 13</runs>
            <runs>0 17 11</runs>
            <runs>0 17 10</runs>
            <runs>0 17 10</runs>
            <runs>0 17 8</runs>
            <runs>0 23 1</runs>
        </run-table>
    </sample>
    <sample shape="FLAT" interline="14" left="267" top="1745" id="609">
        <run-table orientation="VERTICAL" width="13" height="36">
            <runs>12 7 3</runs>
            <runs>33 1 2</runs>
            <runs>36</runs>
            <runs>21 11 3</runs>
            <runs>0 18 2 9 4</runs>
            <runs>0 17 2 9 4</runs>
            <runs>0 16 4 3 8</runs>
            <runs>0 16 14</runs>
            <runs>0 16 13</runs>
            <runs>0 17 11</runs>
            <runs>0 17 9</runs>
            <runs>0 18 7</runs>
            <runs>0 18 1 2 2</runs>
        </run-table>
    </sample>
</samples>
