<?xml version="1.0" encoding="UTF-8" standalone="yes"?>
<samples sheet-name="IMSLP00002#15">
    <sample shape="G_CLEF" interline="22" pitch="0.1" left="192" top="243" id="246">
        <run-table orientation="VERTICAL" width="56" height="153">
            <runs>0 90 9</runs>
            <runs>0 84 17</runs>
            <runs>0 80 23</runs>
            <runs>0 75 29 38 1</runs>
            <runs>0 75 31 29 10</runs>
            <runs>0 73 35 26 13</runs>
            <runs>0 72 37 25 14</runs>
            <runs>0 71 39 23 16</runs>
            <runs>0 69 20 2 1 5 14 21 17</runs>
            <runs>0 68 19 18 7 20 18</runs>
            <runs>0 67 18 22 7 17 20</runs>
            <runs>0 66 8 1 7 26 6 17 20</runs>
            <runs>0 64 16 29 6 16 20</runs>
            <runs>0 63 16 31 6 15 21</runs>
            <runs>0 62 16 34 4 15 17 1 3</runs>
            <runs>0 61 17 35 4 14 16 2 3</runs>
            <runs>0 60 18 17 1 17 4 14 16 3 3</runs>
            <runs>0 60 18 12 12 12 3 14 15 4 3</runs>
            <runs>0 59 15 14 16 11 3 14 14 4 3</runs>
            <runs>0 58 15 13 20 9 3 14 13 5 3</runs>
            <runs>0 57 15 12 11 9 4 8 2 15 11 7 2</runs>
            <runs>0 53 18 12 9 14 3 7 2 16 8 9 2</runs>
            <runs>0 53 17 12 8 18 2 7 1 18 5 9 3</runs>
            <runs>0 53 16 12 9 27 1 32 2</runs>
            <runs>0 53 15 12 9 28 1 32 2</runs>
            <runs>0 53 15 12 8 29 1 31 3</runs>
            <runs>0 53 14 12 8 30 1 31 3</runs>
            <runs>0 53 13 13 8 30 1 30 3</runs>
            <runs>0 52 14 10 11 30 1 29 3</runs>
            <runs>0 31 15 5 14 11 10 31 1 28 4</runs>
            <runs>0 27 39 9 11 31 1 24 7</runs>
            <runs>0 24 62 31 1 24 6</runs>
            <runs>0 21 22 5 73 7 1 10 7</runs>
            <runs>0 19 18 11 15 12 69</runs>
            <runs>0 17 18 13 14 14 11 28 27</runs>
            <runs>0 16 19 12 15 14 11 30 2 14 6</runs>
            <runs>0 14 15 18 14 15 12 29 2</runs>
            <runs>0 13 14 19 14 16 12 28 3</runs>
            <runs>0 12 13 20 14 17 12 28 3</runs>
            <runs>0 11 12 21 14 18 13 27 3</runs>
            <runs>0 9 12 22 14 19 13 26 3</runs>
            <runs>0 8 13 21 15 19 13 26 3</runs>
            <runs>0 7 12 22 15 20 13 25 3</runs>
            <runs>0 6 12 22 16 20 14 23 4</runs>
            <runs>0 5 12 22 17 20 14 22 4</runs>
            <runs>0 4 12 22 14 24 14 22 4</runs>
            <runs>0 3 12 21 15 25 14 21 4</runs>
            <runs>0 2 12 18 17 31 11 18 5</runs>
            <runs>0 1 12 19 15 34 12 14 7</runs>
            <runs>13 18 15 35 13 11 8</runs>
            <runs>0 1 11 17 15 38 19 1 10</runs>
            <runs>0 3 11 12 16 42 26</runs>
            <runs>0 5 34 46 24</runs>
            <runs>0 8 28 50 21</runs>
            <runs>0 13 21 55 16</runs>
            <runs>0 17 1 2 4 68 11</runs>
        </run-table>
    </sample>
    <sample shape="G_CLEF" interline="22" pitch="0.3" left="186" top="774" id="286">
        <run-table orientation="VERTICAL" width="57" height="152">
            <runs>0 86 11</runs>
            <runs>0 82 16</runs>
            <runs>0 79 22</runs>
            <runs>0 76 27</runs>
            <runs>0 72 33</runs>
            <runs>0 72 34 30 6</runs>
            <runs>0 72 36 27 9</runs>
            <runs>0 71 38 24 13</runs>
            <runs>0 69 22 9 10 22 15</runs>
            <runs>0 68 18 17 8 20 17</runs>
            <runs>0 67 17 21 7 19 18</runs>
            <runs>0 66 15 26 5 18 19</runs>
            <runs>0 64 16 28 5 17 20</runs>
            <runs>0 63 15 31 5 16 20</runs>
            <runs>0 62 15 33 5 15 20</runs>
            <runs>0 62 14 35 4 15 21</runs>
            <runs>0 61 14 37 3 15 17 1 3</runs>
            <runs>0 60 15 14 10 14 2 15 16 2 4</runs>
            <runs>0 59 15 12 16 12 1 15 16 3 3</runs>
            <runs>0 58 16 11 18 11 1 16 15 3 3</runs>
            <runs>0 57 17 9 13 4 5 26 14 4 3</runs>
            <runs>0 56 15 11 11 39 12 5 3</runs>
            <runs>0 56 14 11 9 44 9 6 3</runs>
            <runs>0 55 14 11 9 46 6 8 3</runs>
            <runs>0 54 14 12 8 61 3</runs>
            <runs>0 51 16 12 8 62 3</runs>
            <runs>0 51 16 11 7 64 3</runs>
            <runs>0 51 15 12 7 63 3</runs>
            <runs>0 51 14 12 9 62 3</runs>
            <runs>0 25 2 10 2 12 14 12 9 61 3</runs>
            <runs>0 24 24 1 15 12 9 61 3</runs>
            <runs>0 23 42 7 13 59 5</runs>
            <runs>0 20 80 3 1 1 2 2 2 31 6</runs>
            <runs>0 19 21 2 3 2 100</runs>
            <runs>0 17 19 11 15 11 11 17 1 2 42</runs>
            <runs>0 15 18 14 14 12 11 31 28</runs>
            <runs>0 13 19 14 14 13 11 43 13</runs>
            <runs>0 12 20 14 14 13 11</runs>
            <runs>0 10 15 20 14 14 11</runs>
            <runs>0 9 16 19 14 15 12</runs>
            <runs>0 8 16 19 14 16 12</runs>
            <runs>0 7 15 20 14 17 12</runs>
            <runs>0 6 15 21 13 21 10 27 6</runs>
            <runs>0 5 13 23 13 22 10 27 6</runs>
            <runs>0 4 13 23 13 24 9 26 3</runs>
            <runs>0 3 13 22 15 24 10 24 4</runs>
            <runs>0 2 13 22 16 25 10 22 4</runs>
            <runs>0 2 12 21 14 29 11 20 5</runs>
            <runs>14 20 13 32 11 17 6</runs>
            <runs>13 16 17 34 11 14 7</runs>
            <runs>12 17 15 37 16 7 8</runs>
            <runs>0 2 10 15 16 39 29</runs>
            <runs>0 4 9 11 16 43 27</runs>
            <runs>0 7 31 47 23</runs>
            <runs>0 11 23 53 19</runs>
            <runs>0 15 17 57 14</runs>
            <runs>0 92 8</runs>
        </run-table>
    </sample>
    <sample shape="G_CLEF" interline="22" pitch="0.1" left="190" top="1324" id="328">
        <run-table orientation="VERTICAL" width="56" height="154">
            <runs>0 86 14</runs>
            <runs>0 82 18</runs>
            <runs>0 79 25</runs>
            <runs>0 75 31</runs>
            <runs>0 74 33 33 2</runs>
            <runs>0 73 36 29 9</runs>
            <runs>0 72 38 27 11</runs>
            <runs>0 70 42 23 14</runs>
            <runs>0 68 26 7 11 22 16</runs>
            <runs>0 68 21 14 10 21 17</runs>
            <runs>0 67 19 21 7 19 18</runs>
            <runs>0 66 17 25 7 17 20</runs>
            <runs>0 64 18 28 6 16 21</runs>
            <runs>0 63 18 30 6 15 21</runs>
            <runs>0 62 17 33 5 15 21</runs>
            <runs>0 61 17 35 5 14 22</runs>
            <runs>0 60 18 16 3 17 6 12 17 1 4</runs>
            <runs>0 60 18 11 12 13 6 12 17 1 4</runs>
            <runs>0 59 19 9 18 10 3 14 16 3 3</runs>
            <runs>0 58 15 13 21 9 2 15 15 3 3</runs>
            <runs>0 57 15 12 16 2 6 8 2 15 14 4 3</runs>
            <runs>0 53 19 11 11 12 3 7 2 16 12 5 3</runs>
            <runs>0 53 18 11 10 16 1 8 1 17 9 7 3</runs>
            <runs>0 53 17 11 10 26 1 18 2 2 1 10 3</runs>
            <runs>0 53 15 12 10 61 3</runs>
            <runs>0 53 15 12 9 62 3</runs>
            <runs>0 52 15 12 9 62 3</runs>
            <runs>0 35 1 16 15 8 12 63 3</runs>
            <runs>0 28 38 9 12 62 3</runs>
            <runs>0 24 44 7 12 61 3</runs>
            <runs>0 22 65 60 4</runs>
            <runs>0 19 24 1 2 1 43 56 4</runs>
            <runs>0 17 20 11 16 2 3 1 52 21 6</runs>
            <runs>0 15 19 14 15 12 58 2 1 2 9</runs>
            <runs>0 14 20 13 15 13 11 22 37</runs>
            <runs>0 12 16 19 14 14 11 30 25</runs>
            <runs>0 11 15 20 14 15 11 31 1 11 9</runs>
            <runs>0 10 15 20 15 15 11 31 1</runs>
            <runs>0 9 14 21 14 17 11 31 1</runs>
            <runs>0 8 13 22 15 17 11 30 2</runs>
            <runs>0 6 14 22 14 19 12 29 2</runs>
            <runs>0 5 14 22 15 20 11 29 2</runs>
            <runs>0 4 14 22 16 20 11 28 3</runs>
            <runs>0 4 12 23 17 20 12 26 4</runs>
            <runs>0 2 14 22 14 24 12 26 3</runs>
            <runs>0 1 14 20 15 26 13 23 4</runs>
            <runs>14 17 18 27 14 22 4</runs>
            <runs>0 1 12 18 16 33 11 19 5</runs>
            <runs>0 1 12 16 16 36 12 16 5</runs>
            <runs>0 3 13 9 18 39 12 12 8</runs>
            <runs>0 5 36 41 18 4 9</runs>
            <runs>0 8 30 46 28</runs>
            <runs>0 11 24 50 25</runs>
            <runs>0 18 4 1 11 53 22</runs>
            <runs>0 88 19</runs>
            <runs>0 92 12</runs>
        </run-table>
    </sample>
    <sample shape="G_CLEF" interline="22" pitch="0.3" left="188" top="2081" id="372">
        <run-table orientation="VERTICAL" width="56" height="153">
            <runs>0 87 11</runs>
            <runs>0 82 21</runs>
            <runs>0 79 24</runs>
            <runs>0 77 28</runs>
            <runs>0 72 35</runs>
            <runs>0 72 36 27 9</runs>
            <runs>0 72 37 25 13</runs>
            <runs>0 69 41 23 15</runs>
            <runs>0 68 23 9 11 21 17</runs>
            <runs>0 67 19 18 8 19 18</runs>
            <runs>0 66 18 22 7 18 19</runs>
            <runs>0 64 18 26 6 17 20</runs>
            <runs>0 63 18 28 6 15 21</runs>
            <runs>0 62 17 31 8 12 22</runs>
            <runs>0 62 16 33 7 12 22</runs>
            <runs>0 60 16 36 6 12 17 1 4</runs>
            <runs>0 59 17 13 11 13 2 16 16 2 3</runs>
            <runs>0 59 16 13 15 11 1 16 16 2 3</runs>
            <runs>0 58 17 11 19 9 1 16 15 3 4</runs>
            <runs>0 57 18 9 23 25 14 3 4</runs>
            <runs>0 56 19 8 14 7 4 25 12 4 4</runs>
            <runs>0 56 15 11 11 13 2 26 9 6 4</runs>
            <runs>0 55 15 11 10 44 7 8 3</runs>
            <runs>0 54 15 11 10 59 4</runs>
            <runs>0 51 17 11 10 60 3</runs>
            <runs>0 51 17 11 9 61 3</runs>
            <runs>0 51 16 11 10 60 4</runs>
            <runs>0 51 15 11 11 60 3</runs>
            <runs>0 33 1 1 10 6 15 11 11 59 3</runs>
            <runs>0 26 40 7 15 58 4</runs>
            <runs>0 22 66 57 5</runs>
            <runs>0 21 78 6 1 2 1 3 1 30 6</runs>
            <runs>0 18 24 5 86 3 12</runs>
            <runs>0 16 21 11 14 11 14 1 12 2 44</runs>
            <runs>0 15 18 14 14 12 12 31 28</runs>
            <runs>0 13 19 14 15 12 12 49 7</runs>
            <runs>0 12 20 14 14 13 12</runs>
            <runs>0 11 15 19 14 14 13</runs>
            <runs>0 10 14 20 15 14 13</runs>
            <runs>0 9 14 20 14 16 13 29 1</runs>
            <runs>0 8 13 21 14 17 13 29 1</runs>
            <runs>0 7 13 21 15 21 10 27 2</runs>
            <runs>0 6 13 22 14 22 10 26 3</runs>
            <runs>0 5 13 22 14 23 10 25 6</runs>
            <runs>0 4 13 21 15 25 10 24 6</runs>
            <runs>0 3 13 21 16 25 11 22 4</runs>
            <runs>0 2 12 21 15 29 10 21 4</runs>
            <runs>0 1 12 21 14 32 11 17 6</runs>
            <runs>13 16 17 34 12 15 6</runs>
            <runs>12 17 16 36 16 7 8</runs>
            <runs>0 2 10 14 17 39 29</runs>
            <runs>0 4 13 1 22 43 26</runs>
            <runs>0 8 31 47 23</runs>
            <runs>0 12 23 52 20</runs>
            <runs>0 17 16 57 14</runs>
            <runs>0 22 1 69 9</runs>
        </run-table>
    </sample>
    <sample shape="G_CLEF" interline="22" pitch="0.4" left="186" top="2386" id="399">
        <run-table orientation="VERTICAL" width="57" height="156">
            <runs>0 88 12</runs>
            <runs>0 84 17</runs>
            <runs>0 81 23</runs>
            <runs>0 75 31</runs>
            <runs>0 75 32</runs>
            <runs>0 74 35 28 10</runs>
            <runs>0 72 38 25 13</runs>
            <runs>0 71 41 22 16</runs>
            <runs>0 70 20 13 10 20 18</runs>
            <runs>0 68 20 18 8 19 19</runs>
            <runs>0 67 19 22 7 18 19</runs>
            <runs>0 66 18 25 6 17 21</runs>
            <runs>0 65 18 28 5 16 22</runs>
            <runs>0 64 16 32 5 15 22</runs>
            <runs>0 63 16 34 8 11 22</runs>
            <runs>0 62 16 36 7 11 17 1 5</runs>
            <runs>0 61 16 17 6 14 7 11 17 2 4</runs>
            <runs>0 61 16 12 14 12 6 12 15 3 4</runs>
            <runs>0 60 17 11 19 9 2 15 15 3 5</runs>
            <runs>0 59 18 9 22 8 2 16 13 4 4</runs>
            <runs>0 58 15 12 14 6 5 7 1 16 12 5 4</runs>
            <runs>0 58 14 12 10 14 3 6 1 17 10 6 4</runs>
            <runs>0 57 14 12 9 17 3 5 1 19 6 8 4</runs>
            <runs>0 56 15 11 9 20 1 39 4</runs>
            <runs>0 53 17 11 9 61 3</runs>
            <runs>0 53 16 11 9 62 3</runs>
            <runs>0 53 15 12 9 61 4</runs>
            <runs>0 53 15 11 9 61 4</runs>
            <runs>0 52 16 11 9 61 3</runs>
            <runs>0 34 9 4 2 2 16 8 13 59 5</runs>
            <runs>0 30 57 58 6</runs>
            <runs>0 25 65 5 2 11 1 7 2 23 9</runs>
            <runs>0 23 126</runs>
            <runs>0 21 20 8 16 6 21 3 53</runs>
            <runs>0 18 19 12 15 11 12 27 31</runs>
            <runs>0 17 17 14 15 12 12 46 7</runs>
            <runs>0 15 18 14 15 13 12</runs>
            <runs>0 13 20 14 14 14 12 30 1</runs>
            <runs>0 12 15 19 15 14 12 30 1</runs>
            <runs>0 11 15 19 15 15 12 29 2</runs>
            <runs>0 10 14 21 14 16 13 28 2</runs>
            <runs>0 9 13 22 14 17 13 28 2</runs>
            <runs>0 8 13 22 14 18 14 26 6</runs>
            <runs>0 7 13 21 15 19 14 25 4</runs>
            <runs>0 6 13 22 15 19 14 24 4</runs>
            <runs>0 5 13 21 16 24 11 22 5</runs>
            <runs>0 4 12 22 17 25 11 20 5</runs>
            <runs>0 3 12 22 14 30 12 17 6</runs>
            <runs>0 2 13 20 15 31 13 14 7</runs>
            <runs>0 1 13 17 17 34 17 7 8</runs>
            <runs>14 16 16 37 30</runs>
            <runs>0 1 13 14 16 40 28</runs>
            <runs>0 4 14 6 18 45 24</runs>
            <runs>0 8 32 48 22</runs>
            <runs>0 11 25 55 17</runs>
            <runs>0 17 18 58 12</runs>
            <runs>0 27 1</runs>
        </run-table>
    </sample>
    <sample shape="G_CLEF" interline="22" pitch="0.3" left="184" top="2930" id="442">
        <run-table orientation="VERTICAL" width="56" height="154">
            <runs>0 86 1 3 9</runs>
            <runs>0 84 16</runs>
            <runs>0 79 24</runs>
            <runs>0 74 31</runs>
            <runs>0 74 33</runs>
            <runs>0 73 36 27 8</runs>
            <runs>0 72 37 25 12</runs>
            <runs>0 70 41 22 15</runs>
            <runs>0 70 42 20 17</runs>
            <runs>0 69 17 10 6 1 9 20 18</runs>
            <runs>0 68 15 24 6 18 20</runs>
            <runs>0 66 16 26 6 17 20</runs>
            <runs>0 65 15 29 6 16 21</runs>
            <runs>0 64 15 31 5 16 21</runs>
            <runs>0 63 15 34 4 15 21</runs>
            <runs>0 62 15 35 8 11 22</runs>
            <runs>0 61 16 13 10 13 7 11 17 1 4</runs>
            <runs>0 60 17 11 15 11 2 15 16 3 3</runs>
            <runs>0 59 18 9 19 9 2 15 16 3 3</runs>
            <runs>0 58 14 12 23 8 1 16 14 4 3</runs>
            <runs>0 57 14 12 16 5 4 7 1 16 13 5 4</runs>
            <runs>0 56 14 12 11 13 3 6 1 18 11 5 4</runs>
            <runs>0 56 14 11 11 16 2 25 8 7 3</runs>
            <runs>0 52 18 10 10 19 1 28 2 10 3</runs>
            <runs>0 52 17 10 10 61 3</runs>
            <runs>0 52 16 11 10 60 4</runs>
            <runs>0 52 16 10 10 61 4</runs>
            <runs>0 52 15 7 13 61 4</runs>
            <runs>0 52 15 7 13 60 5</runs>
            <runs>0 29 20 2 15 8 13 59 5</runs>
            <runs>0 27 38 5 17 58 6</runs>
            <runs>0 24 88 31 7</runs>
            <runs>0 21 128</runs>
            <runs>0 18 20 10 16 5 1 4 14 4 55</runs>
            <runs>0 17 18 12 15 12 12 24 35</runs>
            <runs>0 15 18 14 15 12 12 38 19</runs>
            <runs>0 13 20 14 14 13 12</runs>
            <runs>0 11 16 21 12 14 12</runs>
            <runs>0 10 16 22 11 15 12</runs>
            <runs>0 9 15 22 12 16 12</runs>
            <runs>0 8 15 20 14 17 13</runs>
            <runs>0 7 14 21 15 17 13 27 6</runs>
            <runs>0 6 14 21 15 19 12 27 3</runs>
            <runs>0 5 14 21 15 20 13 25 4</runs>
            <runs>0 4 14 21 16 23 10 24 4</runs>
            <runs>0 3 13 22 17 24 10 22 5</runs>
            <runs>0 2 13 22 14 28 11 20 5</runs>
            <runs>0 1 13 21 15 30 11 18 5</runs>
            <runs>14 16 18 33 12 14 7</runs>
            <runs>13 17 16 36 17 6 8</runs>
            <runs>0 1 11 17 15 40 29</runs>
            <runs>0 4 12 10 16 43 26</runs>
            <runs>0 6 34 47 23</runs>
            <runs>0 10 28 51 19</runs>
            <runs>0 13 22 57 14</runs>
            <runs>0 20 4 2 1 68 6</runs>
        </run-table>
    </sample>
    <sample shape="F_CLEF" interline="22" pitch="-1.6" left="179" top="494" id="261">
        <run-table orientation="VERTICAL" width="67" height="66">
            <runs>0 64 1</runs>
            <runs>0 63 3</runs>
            <runs>0 63 3</runs>
            <runs>0 63 3</runs>
            <runs>0 63 3</runs>
            <runs>0 62 4</runs>
            <runs>0 63 3</runs>
            <runs>0 62 3</runs>
            <runs>0 62 3</runs>
            <runs>0 15 6 41 3</runs>
            <runs>0 12 14 36 3</runs>
            <runs>0 9 17 35 3</runs>
            <runs>0 8 18 35 3</runs>
            <runs>0 7 4 8 8 34 3</runs>
            <runs>0 6 4 8 10 32 3</runs>
            <runs>0 5 3 10 10 32 3</runs>
            <runs>0 1 6 10 12 31 3</runs>
            <runs>0 1 6 10 12 30 4</runs>
            <runs>0 4 2 10 13 29 4</runs>
            <runs>0 4 1 11 13 29 4</runs>
            <runs>0 4 1 11 13 28 5</runs>
            <runs>0 16 13 28 5</runs>
            <runs>0 16 13 27 5</runs>
            <runs>0 16 12 27 6</runs>
            <runs>0 17 11 27 5</runs>
            <runs>0 18 9 27 6</runs>
            <runs>0 19 7 28 5</runs>
            <runs>0 53 6</runs>
            <runs>0 52 6</runs>
            <runs>0 51 7</runs>
            <runs>0 50 8</runs>
            <runs>0 45 12</runs>
            <runs>0 45 11</runs>
            <runs>0 4 1 40 11</runs>
            <runs>0 4 1 40 10</runs>
            <runs>0 4 2 38 10</runs>
            <runs>0 4 2 38 9</runs>
            <runs>7 35 11</runs>
            <runs>8 33 11</runs>
            <runs>9 30 12</runs>
            <runs>10 26 14</runs>
            <runs>13 21 15</runs>
            <runs>0 1 15 14 18</runs>
            <runs>0 1 47</runs>
            <runs>0 5 43</runs>
            <runs>0 6 42</runs>
            <runs>0 6 38</runs>
            <runs>0 7 37</runs>
            <runs>0 8 34</runs>
            <runs>0 9 32</runs>
            <runs>0 11 28</runs>
            <runs>0 12 26</runs>
            <runs>0 13 22</runs>
            <runs>0 16 17</runs>
            <runs>0 21 6</runs>
            <runs></runs>
            <runs></runs>
            <runs></runs>
            <runs>0 12 5 15 5</runs>
            <runs>0 11 7 13 6</runs>
            <runs>0 11 8 12 8</runs>
            <runs>0 10 9 11 9</runs>
            <runs>0 10 8 12 9</runs>
            <runs>0 11 7 12 9</runs>
            <runs>0 11 7 13 8</runs>
            <runs>0 11 7 14 6</runs>
            <runs>0 14 3 17 2</runs>
        </run-table>
    </sample>
    <sample shape="F_CLEF" interline="22" pitch="-1.6" left="182" top="1022" id="300">
        <run-table orientation="VERTICAL" width="63" height="70">
            <runs>0 66 1</runs>
            <runs>0 65 2</runs>
            <runs>0 65 2</runs>
            <runs>0 65 2</runs>
            <runs>0 65 2</runs>
            <runs>0 65 2</runs>
            <runs>0 12 13 39 3</runs>
            <runs>0 10 16 38 3</runs>
            <runs>0 8 6 2 10 37 6</runs>
            <runs>0 7 4 9 7 36 7</runs>
            <runs>0 6 4 10 8 35 6</runs>
            <runs>0 5 4 9 11 33 4</runs>
            <runs>0 4 3 10 13 32 4</runs>
            <runs>6 11 13 32 3</runs>
            <runs>6 10 14 31 4</runs>
            <runs>0 16 14 31 3</runs>
            <runs>0 16 14 30 4</runs>
            <runs>0 16 14 30 4</runs>
            <runs>0 16 14 29 5</runs>
            <runs>0 16 13 29 5</runs>
            <runs>0 16 13 29 4</runs>
            <runs>0 18 10 29 5</runs>
            <runs>0 18 9 29 6</runs>
            <runs>0 20 6 30 5</runs>
            <runs>0 54 7</runs>
            <runs>0 54 6</runs>
            <runs>0 53 7</runs>
            <runs>0 52 7</runs>
            <runs>0 51 8</runs>
            <runs>0 50 8</runs>
            <runs>0 45 12</runs>
            <runs>6 39 11</runs>
            <runs>6 39 11</runs>
            <runs>8 36 11</runs>
            <runs>9 34 11</runs>
            <runs>10 30 13</runs>
            <runs>12 26 15</runs>
            <runs>13 23 16</runs>
            <runs>16 14 21</runs>
            <runs>50</runs>
            <runs>49</runs>
            <runs>0 5 43</runs>
            <runs>0 5 43</runs>
            <runs>0 6 42</runs>
            <runs>0 7 41</runs>
            <runs>0 9 33</runs>
            <runs>0 10 30</runs>
            <runs>0 11 27</runs>
            <runs>0 13 24</runs>
            <runs>0 16 18</runs>
            <runs>0 20 12</runs>
            <runs></runs>
            <runs></runs>
            <runs>0 11 4</runs>
            <runs>0 9 7 15 3</runs>
            <runs>0 9 8 13 6</runs>
            <runs>0 9 8 12 8</runs>
            <runs>0 8 9 12 8</runs>
            <runs>0 9 8 12 8</runs>
            <runs>0 9 8 12 8</runs>
            <runs>0 10 6 13 8</runs>
            <runs>0 11 5 14 6</runs>
            <runs>0 12 1 18 5</runs>
        </run-table>
    </sample>
    <sample shape="F_CLEF" interline="22" pitch="-1.5" left="182" top="1565" id="341">
        <run-table orientation="VERTICAL" width="65" height="70">
            <runs>0 64 2</runs>
            <runs>0 64 6</runs>
            <runs>0 64 6</runs>
            <runs>0 63 3</runs>
            <runs>0 63 3</runs>
            <runs>0 63 3</runs>
            <runs>0 63 3</runs>
            <runs>0 16 5 42 3</runs>
            <runs>0 12 14 36 3</runs>
            <runs>0 10 16 36 3</runs>
            <runs>0 8 6 3 9 36 3</runs>
            <runs>0 7 4 8 8 34 4</runs>
            <runs>0 6 4 8 10 33 4</runs>
            <runs>0 5 3 9 12 32 3</runs>
            <runs>7 10 12 31 4</runs>
            <runs>6 11 13 30 3</runs>
            <runs>6 10 14 29 4</runs>
            <runs>0 16 13 30 4</runs>
            <runs>0 16 13 29 5</runs>
            <runs>0 16 13 29 4</runs>
            <runs>0 16 13 28 5</runs>
            <runs>0 16 13 27 5</runs>
            <runs>0 16 12 27 6</runs>
            <runs>0 17 10 28 6</runs>
            <runs>0 19 7 28 6</runs>
            <runs>0 53 6</runs>
            <runs>0 53 6</runs>
            <runs>0 52 6</runs>
            <runs>0 51 7</runs>
            <runs>0 50 7</runs>
            <runs>0 50 7</runs>
            <runs>0 49 7</runs>
            <runs>0 45 10</runs>
            <runs>6 39 9</runs>
            <runs>7 38 9</runs>
            <runs>7 37 9</runs>
            <runs>8 33 11</runs>
            <runs>9 30 12</runs>
            <runs>0 1 10 26 13</runs>
            <runs>0 1 12 21 16</runs>
            <runs>17 13 19</runs>
            <runs>48</runs>
            <runs>0 5 43</runs>
            <runs>0 5 43</runs>
            <runs>0 6 42</runs>
            <runs>0 7 40</runs>
            <runs>0 8 35</runs>
            <runs>0 9 32</runs>
            <runs>0 11 29</runs>
            <runs>0 12 26</runs>
            <runs>0 14 22</runs>
            <runs>0 17 16</runs>
            <runs></runs>
            <runs></runs>
            <runs></runs>
            <runs>0 13 3</runs>
            <runs>0 12 5 15 4</runs>
            <runs>0 11 7 13 7</runs>
            <runs>0 10 8 12 8</runs>
            <runs>0 10 8 12 8</runs>
            <runs>0 10 8 12 9</runs>
            <runs>0 10 8 13 7</runs>
            <runs>0 12 7 13 7</runs>
            <runs>0 14 4 14 6</runs>
            <runs>0 34 1</runs>
        </run-table>
    </sample>
    <sample shape="F_CLEF" interline="22" pitch="-1.4" left="178" top="2630" id="410">
        <run-table orientation="VERTICAL" width="65" height="69">
            <runs>0 63 6</runs>
            <runs>0 63 6</runs>
            <runs>0 63 6</runs>
            <runs>0 63 6</runs>
            <runs>0 63 6</runs>
            <runs>0 62 7</runs>
            <runs>0 62 3</runs>
            <runs>0 15 5 42 7</runs>
            <runs>0 11 14 37 3</runs>
            <runs>0 9 16 36 3</runs>
            <runs>0 7 6 4 9 35 3</runs>
            <runs>0 6 4 9 8 34 3</runs>
            <runs>0 5 4 9 9 33 4</runs>
            <runs>0 4 4 9 11 32 4</runs>
            <runs>7 9 13 30 4</runs>
            <runs>6 10 13 30 4</runs>
            <runs>0 16 13 29 4</runs>
            <runs>0 15 14 28 5</runs>
            <runs>0 15 14 28 5</runs>
            <runs>0 16 13 28 5</runs>
            <runs>0 16 12 29 4</runs>
            <runs>0 16 12 28 5</runs>
            <runs>0 16 12 28 5</runs>
            <runs>0 17 10 28 5</runs>
            <runs>0 19 6 30 5</runs>
            <runs>0 54 5</runs>
            <runs>0 53 6</runs>
            <runs>0 52 6</runs>
            <runs>0 52 6</runs>
            <runs>0 51 6</runs>
            <runs>0 49 8</runs>
            <runs>0 44 12</runs>
            <runs>0 44 11</runs>
            <runs>0 44 11</runs>
            <runs>0 44 10</runs>
            <runs>6 36 11</runs>
            <runs>7 34 11</runs>
            <runs>9 29 13</runs>
            <runs>10 26 15</runs>
            <runs>12 21 17</runs>
            <runs>16 15 18</runs>
            <runs>0 4 44</runs>
            <runs>0 5 42</runs>
            <runs>0 5 42</runs>
            <runs>0 6 41</runs>
            <runs>0 7 40</runs>
            <runs>0 8 34</runs>
            <runs>0 9 31</runs>
            <runs>0 11 27</runs>
            <runs>0 12 25</runs>
            <runs>0 14 21</runs>
            <runs>0 17 14</runs>
            <runs>0 21 6</runs>
            <runs></runs>
            <runs></runs>
            <runs>0 11 4 17 1</runs>
            <runs>0 9 7 14 5</runs>
            <runs>0 9 8 12 7</runs>
            <runs>0 9 8 12 8</runs>
            <runs>0 10 8 12 8</runs>
            <runs>0 10 8 12 8</runs>
            <runs>0 10 7 13 8</runs>
            <runs>0 11 6 13 7</runs>
            <runs>0 12 4 15 6</runs>
            <runs>0 33 2</runs>
        </run-table>
    </sample>
    <sample shape="F_CLEF" interline="22" pitch="-1.5" left="176" top="3169" id="459">
        <run-table orientation="VERTICAL" width="63" height="69">
            <runs>0 64 2</runs>
            <runs>0 64 2</runs>
            <runs>0 63 6</runs>
            <runs>0 63 6</runs>
            <runs>0 63 6</runs>
            <runs>0 16 2 44 4</runs>
            <runs>0 13 13 36 3</runs>
            <runs>0 10 16 36 3</runs>
            <runs>0 8 6 6 6 36 3</runs>
            <runs>0 7 4 9 7 34 4</runs>
            <runs>0 6 3 10 9 33 4</runs>
            <runs>0 5 4 9 11 32 3</runs>
            <runs>0 1 7 9 12 31 4</runs>
            <runs>0 1 6 10 12 31 4</runs>
            <runs>0 4 2 10 13 30 4</runs>
            <runs>0 4 2 10 13 30 4</runs>
            <runs>0 4 1 11 14 28 5</runs>
            <runs>0 16 13 29 4</runs>
            <runs>0 17 12 28 5</runs>
            <runs>0 17 12 28 5</runs>
            <runs>0 17 11 28 5</runs>
            <runs>0 18 9 28 6</runs>
            <runs>0 19 7 29 5</runs>
            <runs>0 54 6</runs>
            <runs>0 53 6</runs>
            <runs>0 52 7</runs>
            <runs>0 52 6</runs>
            <runs>0 51 7</runs>
            <runs>0 49 8</runs>
            <runs>0 44 12</runs>
            <runs>0 44 12</runs>
            <runs>6 38 11</runs>
            <runs>6 38 10</runs>
            <runs>7 36 11</runs>
            <runs>8 32 13</runs>
            <runs>0 1 8 30 13</runs>
            <runs>0 1 10 26 14</runs>
            <runs>0 1 11 22 16</runs>
            <runs>0 1 15 14 19</runs>
            <runs>0 4 44</runs>
            <runs>0 5 43</runs>
            <runs>0 5 42</runs>
            <runs>0 6 41</runs>
            <runs>0 7 40</runs>
            <runs>0 8 34</runs>
            <runs>0 10 31</runs>
            <runs>0 11 28</runs>
            <runs>0 12 25</runs>
            <runs>0 14 21</runs>
            <runs>0 17 16</runs>
            <runs>0 20 8</runs>
            <runs></runs>
            <runs></runs>
            <runs>0 11 6</runs>
            <runs>0 10 8 13 5</runs>
            <runs>0 10 8 12 7</runs>
            <runs>0 9 9 11 9</runs>
            <runs>0 10 9 11 9</runs>
            <runs>0 10 9 11 9</runs>
            <runs>0 11 8 11 9</runs>
            <runs>0 11 7 13 7</runs>
            <runs>0 13 5 13 7</runs>
            <runs>0 33 2</runs>
        </run-table>
    </sample>
    <sample shape="SHARP" interline="22" pitch="-4.1" left="259" top="245" id="269">
        <run-table orientation="VERTICAL" width="24" height="64">
            <runs>0 23 10 10 7</runs>
            <runs>0 22 11 9 8</runs>
            <runs>0 21 8 13 8</runs>
            <runs>0 21 8 13 8</runs>
            <runs>0 20 8 13 9 12 2</runs>
            <runs>0 7 7 2 2 1 45</runs>
            <runs>0 6 44 7 3</runs>
            <runs>0 6 21 13 8</runs>
            <runs>0 19 8 13 8</runs>
            <runs>0 18 8 14 7</runs>
            <runs>0 18 8 13 8</runs>
            <runs>0 17 8 14 7</runs>
            <runs>0 17 8 13 8</runs>
            <runs>0 17 7 14 7</runs>
            <runs>0 16 8 14 7</runs>
            <runs>0 16 7 14 8</runs>
            <runs>0 15 8 3 7 3 22</runs>
            <runs>57</runs>
            <runs>33 2 8</runs>
            <runs>0 4 3 7 8 13 8</runs>
            <runs>0 14 7 14 7</runs>
            <runs>0 13 8 13 8</runs>
            <runs>0 13 8 13 6</runs>
            <runs>0 13 2</runs>
        </run-table>
    </sample>
    <sample shape="SHARP" interline="22" pitch="-1.0" left="281" top="274" id="270">
        <run-table orientation="VERTICAL" width="23" height="69">
            <runs>0 23 9 13 9</runs>
            <runs>0 23 9 13 8</runs>
            <runs>0 23 9 13 8</runs>
            <runs>0 23 9 13 8</runs>
            <runs>0 22 10 12 11 7 1 1 3</runs>
            <runs>0 9 60</runs>
            <runs>0 10 5 2 17 7 16 1 11</runs>
            <runs>0 22 8 14 7</runs>
            <runs>0 21 8 15 7</runs>
            <runs>0 21 8 14 7</runs>
            <runs>0 21 7 15 7</runs>
            <runs>0 20 8 14 7</runs>
            <runs>0 20 7 15 7</runs>
            <runs>0 19 8 14 7</runs>
            <runs>0 19 8 13 8</runs>
            <runs>0 18 9 13 8</runs>
            <runs>61</runs>
            <runs>61</runs>
            <runs>0 6 2 8 10 12 9</runs>
            <runs>0 16 9 13 9</runs>
            <runs>0 16 9 13 9</runs>
            <runs>0 16 9 12 10</runs>
            <runs>0 17 8 13 9</runs>
        </run-table>
    </sample>
    <sample shape="SHARP" interline="22" pitch="-4.9" left="304" top="233" id="271">
        <run-table orientation="VERTICAL" width="23" height="66">
            <runs>0 22 7 12 9</runs>
            <runs>0 22 7 12 9</runs>
            <runs>0 21 8 12 9</runs>
            <runs>0 21 8 12 9</runs>
            <runs>0 20 9 12 9 11 2</runs>
            <runs>0 7 59</runs>
            <runs>0 7 59</runs>
            <runs>0 19 8 13 9</runs>
            <runs>0 19 7 14 8</runs>
            <runs>0 19 7 14 8</runs>
            <runs>0 18 8 13 8</runs>
            <runs>0 18 7 14 8</runs>
            <runs>0 17 8 13 8</runs>
            <runs>0 17 7 14 8</runs>
            <runs>0 16 8 13 9</runs>
            <runs>0 16 7 14 9</runs>
            <runs>0 4 1 2 1 7 8 1 34</runs>
            <runs>58</runs>
            <runs>24 2 24 2 4</runs>
            <runs>0 14 8 13 9</runs>
            <runs>0 13 9 12 10</runs>
            <runs>0 13 8 13 10</runs>
            <runs>0 13 8 13 10</runs>
        </run-table>
    </sample>
    <sample shape="SHARP" interline="22" pitch="-1.9" left="258" top="487" id="275">
        <run-table orientation="VERTICAL" width="23" height="65">
            <runs>0 23 10 11 8</runs>
            <runs>0 22 11 10 8</runs>
            <runs>0 22 11 10 8</runs>
            <runs>0 21 12 9 15 1 7</runs>
            <runs>0 20 13 8 24</runs>
            <runs>0 7 58</runs>
            <runs>0 7 44</runs>
            <runs>0 19 9 13 9</runs>
            <runs>0 19 8 14 8</runs>
            <runs>0 19 8 13 8</runs>
            <runs>0 18 8 14 8</runs>
            <runs>0 18 8 14 7</runs>
            <runs>0 17 9 13 8</runs>
            <runs>0 17 8 13 8</runs>
            <runs>0 16 8 14 8</runs>
            <runs>0 16 8 13 9 5 8</runs>
            <runs>28 2 29</runs>
            <runs>51 4 3</runs>
            <runs>46 9 1</runs>
            <runs>0 14 8 14 8</runs>
            <runs>0 14 8 13 9</runs>
            <runs>0 13 9 13 8</runs>
            <runs>0 13 8 14 7</runs>
        </run-table>
    </sample>
    <sample shape="SHARP" interline="22" pitch="1.1" left="279" top="517" id="276">
        <run-table orientation="VERTICAL" width="25" height="69">
            <runs>0 29 1</runs>
            <runs>0 23 9 13 9</runs>
            <runs>0 22 10 13 9</runs>
            <runs>0 23 9 13 8</runs>
            <runs>0 22 10 12 9</runs>
            <runs>0 21 11 5 2 5 15 1 9</runs>
            <runs>0 12 3 3 51</runs>
            <runs>0 9 22 6 3 2 27</runs>
            <runs>0 18 12 13 9</runs>
            <runs>0 21 8 14 8</runs>
            <runs>0 21 8 13 8</runs>
            <runs>0 20 8 14 8</runs>
            <runs>0 20 8 13 9</runs>
            <runs>0 20 7 14 8</runs>
            <runs>0 19 8 14 8</runs>
            <runs>0 19 8 13 8</runs>
            <runs>0 18 9 12 11</runs>
            <runs>0 18 43</runs>
            <runs>60</runs>
            <runs>25 13 10</runs>
            <runs>0 16 9 12 10</runs>
            <runs>0 16 9 12 10</runs>
            <runs>0 16 9 12 10</runs>
            <runs>0 15 10 13 3 1 2</runs>
            <runs>0 16 5</runs>
        </run-table>
    </sample>
    <sample shape="SHARP" interline="22" pitch="-3.1" left="304" top="474" id="277">
        <run-table orientation="VERTICAL" width="24" height="64">
            <runs>0 23 3 1 2 14 8</runs>
            <runs>0 21 9 13 8</runs>
            <runs>0 21 8 14 7</runs>
            <runs>0 20 9 13 8</runs>
            <runs>0 20 9 13 8</runs>
            <runs>0 8 21 2 33</runs>
            <runs>0 7 57</runs>
            <runs>0 11 1 3 13 12 10</runs>
            <runs>0 19 8 13 9</runs>
            <runs>0 18 9 13 8</runs>
            <runs>0 18 8 14 8</runs>
            <runs>0 17 9 13 8</runs>
            <runs>0 17 8 13 9</runs>
            <runs>0 16 9 13 8</runs>
            <runs>0 16 8 13 9</runs>
            <runs>0 15 9 13 9</runs>
            <runs>0 15 9 11 23</runs>
            <runs>59</runs>
            <runs>53 3 2</runs>
            <runs>0 6 1 7 10 11 11</runs>
            <runs>0 13 11 11 11</runs>
            <runs>0 13 11 11 10</runs>
            <runs>0 13 10 12 7</runs>
            <runs>0 14 9</runs>
        </run-table>
    </sample>
    <sample shape="SHARP" interline="22" pitch="-4.0" left="258" top="773" id="311">
        <run-table orientation="VERTICAL" width="23" height="64">
            <runs>0 22 8 13 8</runs>
            <runs>0 22 7 14 8</runs>
            <runs>0 21 8 14 7</runs>
            <runs>0 21 8 13 8</runs>
            <runs>0 20 15 5 17 3 4</runs>
            <runs>0 7 57</runs>
            <runs>0 19 10 10 11 12 1</runs>
            <runs>0 19 8 13 8</runs>
            <runs>0 19 8 13 8</runs>
            <runs>0 19 8 13 7</runs>
            <runs>0 18 8 13 8</runs>
            <runs>0 18 7 14 8</runs>
            <runs>0 17 8 13 8</runs>
            <runs>0 17 8 13 8</runs>
            <runs>0 16 8 13 8</runs>
            <runs>0 16 8 13 9</runs>
            <runs>8 2 48</runs>
            <runs>58</runs>
            <runs>5 9 9 12 9</runs>
            <runs>0 14 8 13 8</runs>
            <runs>0 14 8 13 8</runs>
            <runs>0 13 9 13 7</runs>
            <runs>0 14 7 15 1</runs>
        </run-table>
    </sample>
    <sample shape="SHARP" interline="22" pitch="-0.8" left="279" top="803" id="312">
        <run-table orientation="VERTICAL" width="24" height="69">
            <runs>0 45 9</runs>
            <runs>0 27 6 12 9</runs>
            <runs>0 24 9 12 9</runs>
            <runs>0 24 9 12 8</runs>
            <runs>0 23 10 11 25</runs>
            <runs>0 23 10 9 27</runs>
            <runs>0 11 42 3 6</runs>
            <runs>0 11 22 1 6 2 1 1 8</runs>
            <runs>0 22 9 13 8</runs>
            <runs>0 22 9 13 7</runs>
            <runs>0 22 8 13 8</runs>
            <runs>0 22 8 13 7</runs>
            <runs>0 21 8 14 7</runs>
            <runs>0 21 8 13 8</runs>
            <runs>0 20 8 14 8</runs>
            <runs>0 20 8 13 9</runs>
            <runs>0 19 9 13 21</runs>
            <runs>0 16 14 3 29</runs>
            <runs>48</runs>
            <runs>0 5 6 2 16 2 5 3 9</runs>
            <runs>0 17 9 13 9</runs>
            <runs>0 17 9 13 9</runs>
            <runs>0 17 9 12 9</runs>
            <runs>0 17 9 13 4</runs>
        </run-table>
    </sample>
    <sample shape="SHARP" interline="22" pitch="-5.0" left="302" top="761" id="313">
        <run-table orientation="VERTICAL" width="24" height="63">
            <runs>0 22 7 13 8</runs>
            <runs>0 21 8 13 8</runs>
            <runs>0 21 8 12 9</runs>
            <runs>0 20 9 12 8</runs>
            <runs>0 19 10 11 9</runs>
            <runs>0 13 50</runs>
            <runs>0 13 2 2 17 1 28</runs>
            <runs>0 18 9 13 8</runs>
            <runs>0 18 8 13 9</runs>
            <runs>0 18 8 13 8</runs>
            <runs>0 17 8 13 9</runs>
            <runs>0 17 8 13 8</runs>
            <runs>0 16 8 14 8</runs>
            <runs>0 16 8 13 8</runs>
            <runs>0 15 9 13 8</runs>
            <runs>0 15 8 13 9</runs>
            <runs>0 14 10 9 24</runs>
            <runs>57</runs>
            <runs>11 1 15 5 14 1 1 3 1</runs>
            <runs>0 12 10 12 11</runs>
            <runs>0 12 9 13 11</runs>
            <runs>0 12 9 13 11</runs>
            <runs>0 12 8 14 11</runs>
            <runs>0 13 5</runs>
        </run-table>
    </sample>
    <sample shape="SHARP" interline="22" pitch="-2.2" left="257" top="1014" id="317">
        <run-table orientation="VERTICAL" width="24" height="65">
            <runs>0 22 8 13 8</runs>
            <runs>0 22 8 13 8</runs>
            <runs>0 21 8 13 9</runs>
            <runs>0 21 8 13 8</runs>
            <runs>0 7 28 4 12</runs>
            <runs>0 7 58</runs>
            <runs>0 8 8 2 17 3 27</runs>
            <runs>0 19 8 14 8</runs>
            <runs>0 19 8 13 8</runs>
            <runs>0 18 8 14 8</runs>
            <runs>0 18 8 13 8</runs>
            <runs>0 17 9 13 8</runs>
            <runs>0 17 8 14 7</runs>
            <runs>0 17 8 13 8</runs>
            <runs>0 16 9 12 8</runs>
            <runs>0 1 6 8 10 10 10</runs>
            <runs>59</runs>
            <runs>59</runs>
            <runs>0 6 1 2 15 7 13</runs>
            <runs>0 14 9 9 11</runs>
            <runs>0 9 13 10 11</runs>
            <runs>0 9 13 10 10</runs>
            <runs>0 9 7 1 5 12 2 1 3</runs>
            <runs>0 20 1</runs>
        </run-table>
    </sample>
    <sample shape="SHARP" interline="22" pitch="1.1" left="279" top="1045" id="318">
        <run-table orientation="VERTICAL" width="23" height="69">
            <runs>0 23 10 12 10</runs>
            <runs>0 23 10 12 10</runs>
            <runs>0 22 11 12 9</runs>
            <runs>0 22 10 13 9</runs>
            <runs>0 21 11 13 9</runs>
            <runs>0 10 59</runs>
            <runs>0 17 1 2 48</runs>
            <runs>0 22 8 14 8 12 2</runs>
            <runs>0 22 8 14 8</runs>
            <runs>0 22 8 14 7</runs>
            <runs>0 21 8 14 8</runs>
            <runs>0 20 8 15 7</runs>
            <runs>0 20 8 14 8</runs>
            <runs>0 19 9 14 7</runs>
            <runs>0 19 8 14 8</runs>
            <runs>0 18 9 14 8</runs>
            <runs>32 2 4 2 11 1 3 3 1</runs>
            <runs>62</runs>
            <runs>0 17 10 1 1 9 9 4 10</runs>
            <runs>0 17 9 13 8</runs>
            <runs>0 17 8 13 9</runs>
            <runs>0 16 9 13 9</runs>
            <runs>0 18 7 13 9</runs>
        </run-table>
    </sample>
    <sample shape="SHARP" interline="22" pitch="-3.0" left="300" top="1004" id="319">
        <run-table orientation="VERTICAL" width="24" height="66">
            <runs>0 19 10 16 2</runs>
            <runs>0 19 10 12 9</runs>
            <runs>0 19 10 12 9</runs>
            <runs>0 19 10 12 8</runs>
            <runs>0 18 11 12 8</runs>
            <runs>0 7 47 1 11</runs>
            <runs>0 6 60</runs>
            <runs>0 13 15 4 1 2 13 1 1 9 7</runs>
            <runs>0 18 9 13 8</runs>
            <runs>0 18 8 14 7</runs>
            <runs>0 17 9 13 8</runs>
            <runs>0 17 8 14 7</runs>
            <runs>0 16 9 13 8</runs>
            <runs>0 16 8 14 7</runs>
            <runs>0 15 9 14 7</runs>
            <runs>0 15 9 13 8</runs>
            <runs>0 3 2 2 2 2 2 1 11 4 1 6 9</runs>
            <runs>58</runs>
            <runs>57</runs>
            <runs>0 12 11 11 10</runs>
            <runs>0 13 9 12 10</runs>
            <runs>0 13 9 12 10</runs>
            <runs>0 12 10 12 10</runs>
            <runs>0 12 10 13 1</runs>
        </run-table>
    </sample>
    <sample shape="SHARP" interline="22" pitch="-3.9" left="257" top="1326" id="351">
        <run-table orientation="VERTICAL" width="23" height="64">
            <runs>0 22 11 10 12</runs>
            <runs>0 21 12 10 8</runs>
            <runs>0 21 12 10 8</runs>
            <runs>0 21 12 9 8</runs>
            <runs>0 21 12 2 2 3 11 1 9 2 1</runs>
            <runs>0 9 55</runs>
            <runs>0 9 51</runs>
            <runs>0 19 8 10 1 2 9</runs>
            <runs>0 19 8 13 8</runs>
            <runs>0 19 7 14 8</runs>
            <runs>0 19 7 13 9</runs>
            <runs>0 18 8 13 8</runs>
            <runs>0 18 7 14 8</runs>
            <runs>0 17 8 13 8</runs>
            <runs>0 17 7 14 8</runs>
            <runs>0 16 8 13 9</runs>
            <runs>0 1 11 3 11 3 29</runs>
            <runs>58</runs>
            <runs>0 1 11 2 9 7 15</runs>
            <runs>0 14 8 13 8</runs>
            <runs>0 14 8 13 8</runs>
            <runs>0 14 8 13 8</runs>
            <runs>0 14 7 14 7</runs>
        </run-table>
    </sample>
    <sample shape="SHARP" interline="22" pitch="-0.8" left="278" top="1355" id="352">
        <run-table orientation="VERTICAL" width="24" height="70">
            <runs>0 50 5</runs>
            <runs>0 23 10 12 10</runs>
            <runs>0 23 10 12 10</runs>
            <runs>0 23 10 12 10</runs>
            <runs>0 23 10 12 10</runs>
            <runs>0 23 10 2 2 1 32</runs>
            <runs>0 11 59</runs>
            <runs>0 10 60</runs>
            <runs>0 23 8 13 9</runs>
            <runs>0 23 8 13 8</runs>
            <runs>0 22 8 14 8</runs>
            <runs>0 22 8 13 8</runs>
            <runs>0 22 7 14 8</runs>
            <runs>0 21 8 13 8</runs>
            <runs>0 21 7 14 8</runs>
            <runs>0 20 8 13 9</runs>
            <runs>0 20 8 13 9 1 2 7 2</runs>
            <runs>0 17 45</runs>
            <runs>0 5 57</runs>
            <runs>27 3 1 2 1 2 1 1 11 3 1</runs>
            <runs>0 18 8 13 9</runs>
            <runs>0 18 8 13 9</runs>
            <runs>0 18 8 12 10</runs>
            <runs>0 18 8 13 9</runs>
        </run-table>
    </sample>
    <sample shape="SHARP" interline="22" pitch="-4.9" left="300" top="1314" id="353">
        <run-table orientation="VERTICAL" width="24" height="67">
            <runs>0 47 1</runs>
            <runs>0 22 7 12 9</runs>
            <runs>0 22 7 12 9</runs>
            <runs>0 22 7 12 9</runs>
            <runs>0 21 8 13 8</runs>
            <runs>0 21 8 10 12 2 14</runs>
            <runs>0 7 60</runs>
            <runs>0 7 1 2 21 1 3 5 10 10 7</runs>
            <runs>0 19 8 14 8</runs>
            <runs>0 19 8 13 8</runs>
            <runs>0 18 8 14 8</runs>
            <runs>0 18 7 15 7</runs>
            <runs>0 18 7 14 8</runs>
            <runs>0 17 7 15 7</runs>
            <runs>0 17 7 14 8</runs>
            <runs>0 16 8 14 8</runs>
            <runs>0 16 8 13 9</runs>
            <runs>0 3 1 4 1 1 15 4 2 3 24</runs>
            <runs>58</runs>
            <runs>4 8 12 11 10</runs>
            <runs>0 14 8 13 10</runs>
            <runs>0 13 9 13 10</runs>
            <runs>0 13 8 14 10</runs>
            <runs>0 14 7 16 8</runs>
        </run-table>
    </sample>
    <sample shape="SHARP" interline="22" pitch="-2.0" left="257" top="1558" id="357">
        <run-table orientation="VERTICAL" width="23" height="64">
            <runs>0 22 11 10 8</runs>
            <runs>0 22 8 13 8</runs>
            <runs>0 21 8 13 9</runs>
            <runs>0 20 9 13 9 6 7</runs>
            <runs>0 8 27 6 23</runs>
            <runs>0 7 57</runs>
            <runs>0 7 50</runs>
            <runs>0 18 9 14 8</runs>
            <runs>0 19 8 14 7</runs>
            <runs>0 19 7 14 8</runs>
            <runs>0 18 8 14 7</runs>
            <runs>0 17 8 14 8</runs>
            <runs>0 17 8 14 8</runs>
            <runs>0 16 8 15 7</runs>
            <runs>0 15 9 14 8</runs>
            <runs>0 15 9 13 9 6 7</runs>
            <runs>0 1 57</runs>
            <runs>57</runs>
            <runs>0 1 2 1 19 3 2 7 9</runs>
            <runs>0 13 9 13 8</runs>
            <runs>0 13 9 13 8</runs>
            <runs>0 13 9 13 7</runs>
            <runs>0 13 8 14 5</runs>
        </run-table>
    </sample>
    <sample shape="SHARP" interline="22" pitch="1.3" left="279" top="1592" id="358">
        <run-table orientation="VERTICAL" width="24" height="65">
            <runs>0 23 6 11 11</runs>
            <runs>0 23 6 11 11</runs>
            <runs>0 22 7 11 11</runs>
            <runs>0 18 11 11 10</runs>
            <runs>0 18 11 11 10</runs>
            <runs>0 18 47</runs>
            <runs>0 7 57</runs>
            <runs>0 7 21 10 26</runs>
            <runs>0 18 9 13 9</runs>
            <runs>0 18 8 14 8</runs>
            <runs>0 18 8 13 8</runs>
            <runs>0 18 7 14 8</runs>
            <runs>0 18 7 14 7</runs>
            <runs>0 17 7 14 8</runs>
            <runs>0 17 7 6 2 6 8</runs>
            <runs>0 16 8 7 1 5 8</runs>
            <runs>0 16 9 3 27 2 1</runs>
            <runs>0 1 1 4 2 5 45</runs>
            <runs>58</runs>
            <runs>3 3 4 1 12 12 9</runs>
            <runs>0 14 9 12 8</runs>
            <runs>0 14 8 13 8</runs>
            <runs>0 13 9 13 8</runs>
            <runs>0 13 8</runs>
        </run-table>
    </sample>
    <sample shape="SHARP" interline="22" pitch="-3.1" left="302" top="1546" id="359">
        <run-table orientation="VERTICAL" width="24" height="67">
            <runs>0 19 10 13 9</runs>
            <runs>0 19 10 13 9</runs>
            <runs>0 19 10 13 8</runs>
            <runs>0 19 10 13 8</runs>
            <runs>0 19 10 12 14 2 10</runs>
            <runs>0 7 60</runs>
            <runs>0 6 61</runs>
            <runs>0 11 5 2 10 12 8</runs>
            <runs>0 18 9 13 8</runs>
            <runs>0 18 8 14 7</runs>
            <runs>0 17 9 13 8</runs>
            <runs>0 17 9 13 8</runs>
            <runs>0 17 8 14 8</runs>
            <runs>0 16 9 13 8</runs>
            <runs>0 16 9 12 9</runs>
            <runs>0 15 9 12 10</runs>
            <runs>0 2 2 3 5 2 44</runs>
            <runs>58</runs>
            <runs>46</runs>
            <runs>12 1 12 10 10</runs>
            <runs>0 14 9 12 10</runs>
            <runs>0 13 10 11 11</runs>
            <runs>0 13 10 11 11</runs>
            <runs>0 15 8</runs>
        </run-table>
    </sample>
    <sample shape="SHARP" interline="22" pitch="-3.8" left="257" top="1874" id="381">
        <run-table orientation="VERTICAL" width="23" height="58">
            <runs>0 20 3 15 7</runs>
            <runs>0 16 7 14 8</runs>
            <runs>0 15 8 13 9</runs>
            <runs>0 15 8 13 8 8 2</runs>
            <runs>0 14 9 13 10 1 11</runs>
            <runs>0 11 16 5 18</runs>
            <runs>0 4 23 3 19</runs>
            <runs>0 13 8 14 8</runs>
            <runs>0 13 7 14 8</runs>
            <runs>0 13 7 14 8</runs>
            <runs>0 12 7 15 8</runs>
            <runs>0 12 7 14 8</runs>
            <runs>0 11 7 15 7</runs>
            <runs>0 11 7 14 8</runs>
            <runs>0 11 7 14 8</runs>
            <runs>0 10 7 14 9 9 3</runs>
            <runs>0 9 8 12 22</runs>
            <runs>18 2 29</runs>
            <runs>0 2 1 5 9 12 9</runs>
            <runs>0 8 8 13 8</runs>
            <runs>0 8 7 14 8</runs>
            <runs>0 7 8 14 7</runs>
            <runs>0 8 7 15 1</runs>
        </run-table>
    </sample>
    <sample shape="SHARP" interline="22" pitch="-0.8" left="279" top="1906" id="379">
        <run-table orientation="VERTICAL" width="24" height="61">
            <runs>0 19 1 2 1 18 4</runs>
            <runs>0 15 9 13 9</runs>
            <runs>0 15 9 13 8</runs>
            <runs>0 15 9 13 8</runs>
            <runs>0 15 9 13 8</runs>
            <runs>0 15 19 1 26</runs>
            <runs>0 10 51</runs>
            <runs>0 3 20 1 2 2 4 3 9 10 1 1 2</runs>
            <runs>0 12 9 14 8</runs>
            <runs>0 13 8 14 7</runs>
            <runs>0 12 8 15 7</runs>
            <runs>0 12 8 14 7</runs>
            <runs>0 12 8 14 7</runs>
            <runs>0 12 7 14 8</runs>
            <runs>0 11 8 14 7</runs>
            <runs>0 11 7 14 8</runs>
            <runs>0 11 7 1 3 8 22</runs>
            <runs>0 10 43</runs>
            <runs>46 1 5</runs>
            <runs>4 2 11 13 9</runs>
            <runs>0 8 9 13 9</runs>
            <runs>0 8 9 12 10</runs>
            <runs>0 8 9 12 10</runs>
            <runs>0 8 9</runs>
        </run-table>
    </sample>
    <sample shape="SHARP" interline="22" pitch="-4.8" left="303" top="1864" id="380">
        <run-table orientation="VERTICAL" width="22" height="59">
            <runs>0 16 4 14 8</runs>
            <runs>0 14 6 14 8</runs>
            <runs>0 12 8 14 8</runs>
            <runs>0 11 9 14 7</runs>
            <runs>0 11 13 7 11 1 16</runs>
            <runs>0 10 49</runs>
            <runs>0 10 30</runs>
            <runs>0 10 9 13 7</runs>
            <runs>0 9 9 14 7</runs>
            <runs>0 9 8 15 7</runs>
            <runs>0 9 7 16 6</runs>
            <runs>0 9 6 16 7</runs>
            <runs>0 10 5 16 6</runs>
            <runs>0 8 7 15 7</runs>
            <runs>0 7 8 14 8</runs>
            <runs>0 2 1 1 11 14 10 4 7</runs>
            <runs>16 7 27</runs>
            <runs>15 12 12</runs>
            <runs>0 5 9 13 10</runs>
            <runs>0 5 8 14 9</runs>
            <runs>0 5 8 14 9</runs>
            <runs>0 5 7 15 9</runs>
        </run-table>
    </sample>
    <sample shape="SHARP" interline="22" pitch="-3.9" left="256" top="2081" id="385">
        <run-table orientation="VERTICAL" width="23" height="64">
            <runs>0 22 11 10 8</runs>
            <runs>0 21 12 9 9</runs>
            <runs>0 21 12 9 8</runs>
            <runs>0 20 9 12 9</runs>
            <runs>0 18 15 2 3 3 23</runs>
            <runs>0 6 58</runs>
            <runs>0 6 49 2 6</runs>
            <runs>0 18 10 12 9</runs>
            <runs>0 18 9 13 8</runs>
            <runs>0 18 8 13 9</runs>
            <runs>0 18 8 13 9</runs>
            <runs>0 17 9 13 8</runs>
            <runs>0 17 8 13 9</runs>
            <runs>0 16 8 14 8</runs>
            <runs>0 16 8 13 9</runs>
            <runs>0 16 8 11 11</runs>
            <runs>0 8 2 3 45</runs>
            <runs>0 1 56</runs>
            <runs>23 2 1 1 17</runs>
            <runs>0 13 9 12 9</runs>
            <runs>0 13 9 12 9</runs>
            <runs>0 13 9 12 8</runs>
            <runs>0 13 8 14 7</runs>
        </run-table>
    </sample>
    <sample shape="SHARP" interline="22" pitch="-0.9" left="277" top="2110" id="386">
        <run-table orientation="VERTICAL" width="24" height="69">
            <runs>0 49 5</runs>
            <runs>0 23 10 12 10</runs>
            <runs>0 23 10 12 9</runs>
            <runs>0 23 10 12 9</runs>
            <runs>0 23 10 12 9</runs>
            <runs>0 22 12 5 21 1 8</runs>
            <runs>0 11 58</runs>
            <runs>0 11 42 1 3 7 2</runs>
            <runs>0 23 9 12 8</runs>
            <runs>0 22 9 13 8</runs>
            <runs>0 22 8 13 8</runs>
            <runs>0 21 9 13 8</runs>
            <runs>0 21 8 14 7</runs>
            <runs>0 21 8 13 8</runs>
            <runs>0 20 9 13 8</runs>
            <runs>0 20 9 12 8</runs>
            <runs>0 19 10 11 16</runs>
            <runs>61</runs>
            <runs>61</runs>
            <runs>0 6 9 2 11 11 9</runs>
            <runs>0 18 9 12 9</runs>
            <runs>0 17 9 13 9</runs>
            <runs>0 17 9 12 10</runs>
            <runs>0 17 9 12 10</runs>
        </run-table>
    </sample>
    <sample shape="SHARP" interline="22" pitch="-4.9" left="300" top="2069" id="387">
        <run-table orientation="VERTICAL" width="24" height="67">
            <runs>0 23 5 13 9</runs>
            <runs>0 22 8 11 10</runs>
            <runs>0 21 8 12 10</runs>
            <runs>0 21 8 12 9</runs>
            <runs>0 20 9 12 9</runs>
            <runs>0 11 4 2 13 5 17 1 14</runs>
            <runs>0 8 25 2 32</runs>
            <runs>0 11 1 3 15 10 10 7 2</runs>
            <runs>0 19 8 13 9</runs>
            <runs>0 19 8 13 8</runs>
            <runs>0 18 8 14 8</runs>
            <runs>0 18 8 13 8</runs>
            <runs>0 17 8 14 8</runs>
            <runs>0 17 8 14 7</runs>
            <runs>0 16 8 14 8</runs>
            <runs>0 15 9 14 8</runs>
            <runs>0 9 1 1 1 2 13 9 13 1 8</runs>
            <runs>0 8 50</runs>
            <runs>58</runs>
            <runs>8 5 10 12 10</runs>
            <runs>0 13 9 13 10</runs>
            <runs>0 13 9 13 9</runs>
            <runs>0 13 8 14 9</runs>
            <runs>0 13 2 3 2</runs>
        </run-table>
    </sample>
    <sample shape="SHARP" interline="22" pitch="-4.0" left="255" top="2388" id="425">
        <run-table orientation="VERTICAL" width="23" height="64">
            <runs>0 22 10 11 11</runs>
            <runs>0 21 12 10 8</runs>
            <runs>0 21 12 10 7</runs>
            <runs>0 21 11 10 8</runs>
            <runs>0 8 5 1 3 2 19 1 16 1 8</runs>
            <runs>0 6 58</runs>
            <runs>0 6 50 1 2</runs>
            <runs>0 18 9 13 9</runs>
            <runs>0 18 9 13 8</runs>
            <runs>0 18 8 14 8</runs>
            <runs>0 18 7 15 7</runs>
            <runs>0 17 8 14 8</runs>
            <runs>0 17 7 15 7</runs>
            <runs>0 16 8 14 8</runs>
            <runs>0 16 7 15 8</runs>
            <runs>0 9 1 5 8 14 9</runs>
            <runs>58</runs>
            <runs>45 1 3 3 6</runs>
            <runs>6 6 10 14 7</runs>
            <runs>0 13 9 13 8</runs>
            <runs>0 13 9 13 8</runs>
            <runs>0 12 9 14 7</runs>
            <runs>0 13 8</runs>
        </run-table>
    </sample>
    <sample shape="SHARP" interline="22" pitch="-0.8" left="275" top="2418" id="426">
        <run-table orientation="VERTICAL" width="24" height="68">
            <runs>0 50 2</runs>
            <runs>0 22 10 12 9</runs>
            <runs>0 22 10 12 9</runs>
            <runs>0 22 10 12 9</runs>
            <runs>0 22 10 12 9</runs>
            <runs>0 21 10 11 26</runs>
            <runs>0 16 52</runs>
            <runs>0 15 53</runs>
            <runs>0 21 9 12 10</runs>
            <runs>0 21 8 13 9</runs>
            <runs>0 21 8 12 10</runs>
            <runs>0 21 8 12 10</runs>
            <runs>0 20 8 13 10</runs>
            <runs>0 20 7 13 10</runs>
            <runs>0 19 8 13 9</runs>
            <runs>0 19 8 12 9</runs>
            <runs>0 15 1 2 8 13 9</runs>
            <runs>0 4 56</runs>
            <runs>60</runs>
            <runs>0 7 1 7 11 2 6 1 12 10 1</runs>
            <runs>0 17 8 12 9</runs>
            <runs>0 16 9 12 9</runs>
            <runs>0 16 8 13 9</runs>
            <runs>0 16 1 1 6 13 9</runs>
        </run-table>
    </sample>
    <sample shape="SHARP" interline="22" pitch="-5.1" left="297" top="2375" id="427">
        <run-table orientation="VERTICAL" width="23" height="61">
            <runs>0 49 2</runs>
            <runs>0 23 7 12 10</runs>
            <runs>0 23 7 12 10</runs>
            <runs>0 23 6 13 10</runs>
            <runs>0 22 7 13 9</runs>
            <runs>0 13 18 4 1 4 14 2 5</runs>
            <runs>0 8 1 1 22 1 28</runs>
            <runs>0 6 45</runs>
            <runs>0 6 43</runs>
            <runs>0 5 5 9 8 13 9</runs>
            <runs>0 19 7 15 7</runs>
            <runs>0 19 7 15 7</runs>
            <runs>0 18 8 14 7</runs>
            <runs>0 18 7 15 7</runs>
            <runs>0 17 8 15 6</runs>
            <runs>0 17 7 15 7</runs>
            <runs>0 10 1 2 2 1 9 13 10 1 6 1 3</runs>
            <runs>0 6 23 2 28</runs>
            <runs>24 11 12 5 3 2 1</runs>
            <runs>10 4 9 13 10</runs>
            <runs>0 14 9 13 10</runs>
            <runs>0 14 8 14 9</runs>
            <runs>0 14 3 2 1 16 10</runs>
        </run-table>
    </sample>
    <sample shape="SHARP" interline="22" pitch="-1.8" left="252" top="2623" id="434">
        <run-table orientation="VERTICAL" width="24" height="65">
            <runs>0 24 2 19 2 2 6</runs>
            <runs>0 23 9 11 11</runs>
            <runs>0 22 11 10 11</runs>
            <runs>0 22 11 10 11</runs>
            <runs>0 21 12 9 12</runs>
            <runs>0 8 57</runs>
            <runs>0 7 58</runs>
            <runs>0 19 14 6 11 6 2 3 3</runs>
            <runs>0 19 9 13 8</runs>
            <runs>0 19 9 13 8</runs>
            <runs>0 19 8 13 8</runs>
            <runs>0 18 8 14 8</runs>
            <runs>0 18 8 13 8</runs>
            <runs>0 17 8 14 8</runs>
            <runs>0 17 8 13 9</runs>
            <runs>0 16 9 13 8</runs>
            <runs>0 1 3 1 6 5 11 9 22</runs>
            <runs>59</runs>
            <runs>58</runs>
            <runs>0 14 9 13 8</runs>
            <runs>0 14 8 13 9</runs>
            <runs>0 14 8 13 8</runs>
            <runs>0 14 8 13 8</runs>
            <runs>0 20 1 16 2</runs>
        </run-table>
    </sample>
    <sample shape="SHARP" interline="22" pitch="1.1" left="275" top="2652" id="435">
        <run-table orientation="VERTICAL" width="24" height="68">
            <runs>0 44 10</runs>
            <runs>0 23 10 11 10</runs>
            <runs>0 23 10 11 10</runs>
            <runs>0 23 10 11 10</runs>
            <runs>0 22 11 11 10 7 1</runs>
            <runs>0 10 23 7 28</runs>
            <runs>0 10 58</runs>
            <runs>0 13 27 4 11 2 11</runs>
            <runs>0 22 9 12 9</runs>
            <runs>0 22 8 13 9</runs>
            <runs>0 21 9 13 8</runs>
            <runs>0 21 9 12 9</runs>
            <runs>0 20 9 13 8</runs>
            <runs>0 20 8 13 9</runs>
            <runs>0 19 9 12 10</runs>
            <runs>0 19 9 12 9</runs>
            <runs>6 5 5 2 10 12 21</runs>
            <runs>62</runs>
            <runs>0 3 2 3 53</runs>
            <runs>0 17 9 6 3 1 11</runs>
            <runs>0 17 9 12 9</runs>
            <runs>0 16 9 13 9</runs>
            <runs>0 16 9 12 10</runs>
            <runs>0 37 3</runs>
        </run-table>
    </sample>
    <sample shape="SHARP" interline="22" pitch="-2.8" left="299" top="2611" id="436">
        <run-table orientation="VERTICAL" width="23" height="66">
            <runs>0 19 11 12 9</runs>
            <runs>0 19 11 12 9</runs>
            <runs>0 19 10 13 9</runs>
            <runs>0 19 10 12 9</runs>
            <runs>0 7 6 4 12 12 16 3 6</runs>
            <runs>0 7 59</runs>
            <runs>0 17 13 4 32</runs>
            <runs>0 19 9 13 8</runs>
            <runs>0 19 8 13 8</runs>
            <runs>0 19 7 14 8</runs>
            <runs>0 18 8 13 9</runs>
            <runs>0 18 7 14 8</runs>
            <runs>0 17 7 15 8</runs>
            <runs>0 17 7 14 8</runs>
            <runs>0 16 8 14 8</runs>
            <runs>0 1 2 6 4 3 8 1 1 11 9</runs>
            <runs>58</runs>
            <runs>0 1 57</runs>
            <runs>0 14 9 12 11</runs>
            <runs>0 13 9 13 9</runs>
            <runs>0 13 9 13 9</runs>
            <runs>0 13 9 13 9</runs>
            <runs>0 15 1 21 7</runs>
        </run-table>
    </sample>
    <sample shape="SHARP" interline="22" pitch="-3.9" left="252" top="2930" id="479">
        <run-table orientation="VERTICAL" width="24" height="65">
            <runs>0 24 2 1 7 11 6</runs>
            <runs>0 22 12 9 9</runs>
            <runs>0 22 12 9 8</runs>
            <runs>0 22 8 12 9</runs>
            <runs>0 21 8 7 1 5 9 12 1</runs>
            <runs>0 9 5 1 3 1 21 1 24</runs>
            <runs>0 7 57</runs>
            <runs>0 7 6 1 24 2 17 1 4</runs>
            <runs>0 19 9 13 8</runs>
            <runs>0 19 8 14 7</runs>
            <runs>0 19 8 13 8</runs>
            <runs>0 18 8 14 8</runs>
            <runs>0 18 8 13 8</runs>
            <runs>0 17 8 14 8</runs>
            <runs>0 17 8 13 8</runs>
            <runs>0 17 7 14 8</runs>
            <runs>0 16 8 2 2 9 19 1 1</runs>
            <runs>59</runs>
            <runs>49 1 8</runs>
            <runs>0 8 1 5 9 13 8</runs>
            <runs>0 14 8 13 9</runs>
            <runs>0 14 8 13 8</runs>
            <runs>0 14 8 13 8</runs>
            <runs>0 14 7</runs>
        </run-table>
    </sample>
    <sample shape="SHARP" interline="22" pitch="-0.9" left="274" top="2960" id="480">
        <run-table orientation="VERTICAL" width="24" height="69">
            <runs>0 52 2</runs>
            <runs>0 27 6 12 10</runs>
            <runs>0 23 11 11 9</runs>
            <runs>0 23 11 11 9</runs>
            <runs>0 23 10 12 9</runs>
            <runs>0 23 10 7 17 3 9</runs>
            <runs>0 11 58</runs>
            <runs>0 11 45 6 7</runs>
            <runs>0 14 26 4 8</runs>
            <runs>0 22 10 12 8</runs>
            <runs>0 22 9 12 9</runs>
            <runs>0 22 8 13 8</runs>
            <runs>0 21 9 12 9</runs>
            <runs>0 21 8 13 8</runs>
            <runs>0 21 8 12 9</runs>
            <runs>0 20 9 12 8</runs>
            <runs>0 20 8 12 13 2 3</runs>
            <runs>0 19 10 4 1 6 22</runs>
            <runs>61</runs>
            <runs>48</runs>
            <runs>0 18 9 12 8</runs>
            <runs>0 18 9 12 8</runs>
            <runs>0 18 8 13 8</runs>
            <runs>0 17 8 14 1 3 2</runs>
        </run-table>
    </sample>
    <sample shape="SHARP" interline="22" pitch="-4.9" left="297" top="2919" id="481">
        <run-table orientation="VERTICAL" width="24" height="66">
            <runs>0 25 4 17 3 1 1</runs>
            <runs>0 22 8 11 10</runs>
            <runs>0 21 8 12 10</runs>
            <runs>0 21 8 12 10</runs>
            <runs>0 21 8 12 10</runs>
            <runs>0 16 1 1 11 6 1 2 13 1 2 2 10</runs>
            <runs>0 6 60</runs>
            <runs>0 6 23 6 1 2 13 3 12</runs>
            <runs>0 18 9 13 9</runs>
            <runs>0 18 9 13 8</runs>
            <runs>0 18 8 13 9</runs>
            <runs>0 17 9 13 8</runs>
            <runs>0 17 8 14 8</runs>
            <runs>0 17 8 13 8</runs>
            <runs>0 16 9 13 8</runs>
            <runs>0 16 8 14 8</runs>
            <runs>0 15 9 13 10 1 1 6 3</runs>
            <runs>58</runs>
            <runs>58</runs>
            <runs>0 1 3 1 2 6 10 12 10</runs>
            <runs>0 14 8 13 9</runs>
            <runs>0 13 9 13 9</runs>
            <runs>0 13 8 14 9</runs>
            <runs>0 13 8 16 7</runs>
        </run-table>
    </sample>
    <sample shape="SHARP" interline="22" pitch="-1.8" left="252" top="3164" id="485">
        <run-table orientation="VERTICAL" width="23" height="63">
            <runs>0 21 10 11 12</runs>
            <runs>0 21 10 10 9</runs>
            <runs>0 20 11 10 9</runs>
            <runs>0 20 11 10 13</runs>
            <runs>0 18 14 5 1 2 23</runs>
            <runs>0 6 57</runs>
            <runs>0 6 50 3 2</runs>
            <runs>0 18 9 12 9</runs>
            <runs>0 18 9 12 8</runs>
            <runs>0 18 8 13 8</runs>
            <runs>0 17 9 12 8</runs>
            <runs>0 17 8 13 8</runs>
            <runs>0 16 9 12 9</runs>
            <runs>0 16 8 13 8</runs>
            <runs>0 15 9 12 9</runs>
            <runs>0 15 9 12 20</runs>
            <runs>0 3 7 3 44</runs>
            <runs>56</runs>
            <runs>33 1 9</runs>
            <runs>0 13 9 12 8</runs>
            <runs>0 13 9 12 8</runs>
            <runs>0 13 8 13 8</runs>
            <runs>0 13 8</runs>
        </run-table>
    </sample>
    <sample shape="SHARP" interline="22" pitch="1.0" left="274" top="3193" id="486">
        <run-table orientation="VERTICAL" width="24" height="67">
            <runs>0 30 1 17 3</runs>
            <runs>0 22 10 12 9</runs>
            <runs>0 22 10 12 9</runs>
            <runs>0 22 9 13 8</runs>
            <runs>0 22 9 13 8</runs>
            <runs>0 9 4 2 52</runs>
            <runs>0 9 58</runs>
            <runs>0 10 4 3 14 6 1 4 10 6 3 2 2</runs>
            <runs>0 21 8 13 8</runs>
            <runs>0 20 9 13 8</runs>
            <runs>0 20 8 14 8</runs>
            <runs>0 20 8 14 7</runs>
            <runs>0 19 8 14 8</runs>
            <runs>0 19 8 14 7</runs>
            <runs>0 19 8 13 8</runs>
            <runs>0 18 8 14 8</runs>
            <runs>0 17 12 7 24</runs>
            <runs>61</runs>
            <runs>48 2 10</runs>
            <runs>11 5 10 5 1 6 8</runs>
            <runs>0 16 9 12 9</runs>
            <runs>0 16 9 12 9</runs>
            <runs>0 16 9 12 9</runs>
            <runs>0 19 2</runs>
        </run-table>
    </sample>
    <sample shape="SHARP" interline="22" pitch="-2.8" left="297" top="3151" id="487">
        <run-table orientation="VERTICAL" width="24" height="67">
            <runs>0 47 3</runs>
            <runs>0 20 9 13 9</runs>
            <runs>0 20 9 13 9</runs>
            <runs>0 20 9 13 9</runs>
            <runs>0 20 9 13 9</runs>
            <runs>0 11 21 1 34</runs>
            <runs>0 7 60</runs>
            <runs>0 7 26 1 33</runs>
            <runs>0 14 1 4 8 13 9 10 1</runs>
            <runs>0 19 8 13 9</runs>
            <runs>0 18 8 14 8</runs>
            <runs>0 18 8 13 9</runs>
            <runs>0 17 8 14 8</runs>
            <runs>0 17 8 14 8</runs>
            <runs>0 17 7 14 9</runs>
            <runs>0 16 8 14 8</runs>
            <runs>0 16 8 13 17 1 3</runs>
            <runs>0 3 55</runs>
            <runs>58</runs>
            <runs>3 5 1 4 10 12 10</runs>
            <runs>0 14 9 12 10</runs>
            <runs>0 13 9 13 10</runs>
            <runs>0 13 9 13 10</runs>
            <runs>0 14 3</runs>
        </run-table>
    </sample>
    <sample shape="SHARP" interline="22" pitch="-5.0" left="300" top="2069" id="388">
        <run-table orientation="VERTICAL" width="24" height="67">
            <runs>0 23 5 13 9</runs>
            <runs>0 22 8 11 10</runs>
            <runs>0 21 8 12 10</runs>
            <runs>0 21 8 12 9</runs>
            <runs>0 20 9 12 9</runs>
            <runs>0 11 4 2 13 5 17 1 14</runs>
            <runs>0 8 25 2 32</runs>
            <runs>0 6 2 3 1 3 15 10 10 7 2</runs>
            <runs>0 7 1 11 8 13 9</runs>
            <runs>0 19 8 13 8</runs>
            <runs>0 18 8 14 8</runs>
            <runs>0 18 8 13 8</runs>
            <runs>0 17 8 14 8</runs>
            <runs>0 17 8 14 7</runs>
            <runs>0 16 8 14 8</runs>
            <runs>0 15 9 14 8</runs>
            <runs>0 9 1 1 1 2 13 9 13 1 8</runs>
            <runs>0 8 50</runs>
            <runs>58</runs>
            <runs>8 5 10 12 10</runs>
            <runs>0 13 9 13 10</runs>
            <runs>0 13 9 13 9</runs>
            <runs>0 13 8 14 9</runs>
            <runs>0 13 2 3 2</runs>
        </run-table>
    </sample>
    <sample shape="SHARP" interline="22" pitch="-0.9" left="275" top="2418" id="429">
        <run-table orientation="VERTICAL" width="29" height="68">
            <runs>0 50 2</runs>
            <runs>0 22 10 12 9</runs>
            <runs>0 22 10 12 9</runs>
            <runs>0 22 10 12 9</runs>
            <runs>0 22 10 12 9</runs>
            <runs>0 21 10 11 26</runs>
            <runs>0 16 52</runs>
            <runs>0 15 53</runs>
            <runs>0 21 9 12 10</runs>
            <runs>0 21 8 13 9</runs>
            <runs>0 21 8 12 10</runs>
            <runs>0 21 8 12 10</runs>
            <runs>0 20 8 13 10</runs>
            <runs>0 20 7 13 10</runs>
            <runs>0 19 8 13 9</runs>
            <runs>0 19 8 12 9</runs>
            <runs>0 15 1 2 8 13 9</runs>
            <runs>0 4 56</runs>
            <runs>60</runs>
            <runs>0 7 1 7 11 2 6 1 12 10 1</runs>
            <runs>0 17 8 12 9</runs>
            <runs>0 16 9 12 9</runs>
            <runs>0 16 8 13 9</runs>
            <runs>0 16 1 1 6 13 9</runs>
            <runs></runs>
            <runs></runs>
            <runs></runs>
            <runs>0 19 2</runs>
            <runs>0 19 2</runs>
        </run-table>
    </sample>
    <sample shape="SHARP" interline="22" pitch="-5.0" left="297" top="2375" id="430">
        <run-table orientation="VERTICAL" width="23" height="64">
            <runs>0 49 2</runs>
            <runs>0 23 7 12 10</runs>
            <runs>0 23 7 12 10</runs>
            <runs>0 23 6 13 10</runs>
            <runs>0 22 7 13 9</runs>
            <runs>0 13 18 4 1 4 14 2 5 1 2</runs>
            <runs>0 8 1 1 22 1 28 1 2</runs>
            <runs>0 6 45</runs>
            <runs>0 6 43</runs>
            <runs>0 5 5 9 8 13 9</runs>
            <runs>0 19 7 15 7</runs>
            <runs>0 19 7 15 7</runs>
            <runs>0 18 8 14 7</runs>
            <runs>0 18 7 15 7</runs>
            <runs>0 17 8 15 6</runs>
            <runs>0 17 7 15 7</runs>
            <runs>0 10 1 2 2 1 9 13 10 1 6 1 3</runs>
            <runs>0 6 23 2 28</runs>
            <runs>24 11 12 5 3 2 1</runs>
            <runs>10 4 9 13 10</runs>
            <runs>0 14 9 13 10</runs>
            <runs>0 14 8 14 9</runs>
            <runs>0 14 3 2 1 16 10</runs>
        </run-table>
    </sample>
</samples>
