<?xml version="1.0" encoding="UTF-8" standalone="yes"?>
<samples sheet-name="IMSLP08541#15">
    <sample shape="G_CLEF" interline="21" pitch="0.3" left="483" top="483" id="208">
        <run-table orientation="VERTICAL" width="59" height="163">
            <runs>0 86 10</runs>
            <runs>0 76 26</runs>
            <runs>0 75 29</runs>
            <runs>0 73 32</runs>
            <runs>0 70 38</runs>
            <runs>0 69 41</runs>
            <runs>0 67 44</runs>
            <runs>0 64 48</runs>
            <runs>0 63 50</runs>
            <runs>0 62 52</runs>
            <runs>0 60 31 16 7 33 2</runs>
            <runs>0 54 32 23 7 27 9</runs>
            <runs>0 54 30 27 7 24 12</runs>
            <runs>0 54 29 29 10 19 15</runs>
            <runs>0 54 27 32 9 18 17</runs>
            <runs>0 54 26 35 7 17 19</runs>
            <runs>0 54 25 37 3 19 21</runs>
            <runs>0 53 26 38 2 19 22</runs>
            <runs>0 53 27 13 9 16 1 18 24</runs>
            <runs>0 52 21 13 17 34 24</runs>
            <runs>0 51 20 14 20 32 24</runs>
            <runs>0 50 19 13 25 30 24</runs>
            <runs>0 49 19 8 33 28 19 1 5</runs>
            <runs>0 48 19 8 35 27 18 3 4</runs>
            <runs>0 29 10 1 2 5 20 8 27 5 4 26 18 4 4</runs>
            <runs>0 26 18 2 20 9 19 15 3 26 17 4 4</runs>
            <runs>0 22 43 10 19 17 2 26 16 5 3</runs>
            <runs>0 19 46 10 16 48 15 6 3</runs>
            <runs>0 16 51 8 15 50 13 7 3</runs>
            <runs>0 14 14 12 28 6 15 53 9 9 3</runs>
            <runs>0 11 15 15 29 3 15 56 5 11 3</runs>
            <runs>0 10 14 16 48 72 3</runs>
            <runs>0 9 12 19 20 4 24 71 4</runs>
            <runs>0 7 13 14 25 9 21 70 4</runs>
            <runs>0 6 13 15 25 12 20 68 3</runs>
            <runs>0 5 13 16 24 14 23 64 3</runs>
            <runs>0 4 12 18 24 14 31 55 4</runs>
            <runs>0 3 13 18 24 14 15 5 13 53 4</runs>
            <runs>0 2 13 18 20 20 14 10 14 47 3</runs>
            <runs>0 2 12 18 21 20 14 11 15 4 2 38 4</runs>
            <runs>0 1 12 17 19 24 14 19 17 33 4</runs>
            <runs>13 16 19 25 13 21 19 28 5</runs>
            <runs>13 15 19 26 14 26 17 23 6</runs>
            <runs>0 1 12 14 19 28 14 26 21 17 6</runs>
            <runs>0 2 12 11 19 31 13 27 28 7 7</runs>
            <runs>0 3 12 8 20 33 12 26 9 5 27</runs>
            <runs>0 5 35 36 12 26 9 8 22</runs>
            <runs>0 9 30 37 13 24 4 20 13</runs>
            <runs>0 11 27 38 14 22 5 23 2</runs>
            <runs>0 14 18 44 15 20 5</runs>
            <runs>0 20 3 54 14 18 6</runs>
            <runs>0 77 17 13 6</runs>
            <runs>0 77 18 10 7</runs>
            <runs>0 77 33</runs>
            <runs>0 77 32</runs>
            <runs>0 82 25</runs>
            <runs>0 84 22</runs>
            <runs>0 86 18</runs>
            <runs>0 87 3 1 11</runs>
        </run-table>
    </sample>
    <sample shape="G_CLEF" interline="21" pitch="0.4" left="475" top="1258" id="287">
        <run-table orientation="VERTICAL" width="59" height="164">
            <runs>0 88 2</runs>
            <runs>0 83 19</runs>
            <runs>0 76 27</runs>
            <runs>0 74 30</runs>
            <runs>0 72 35</runs>
            <runs>0 71 37</runs>
            <runs>0 68 42</runs>
            <runs>0 65 46</runs>
            <runs>0 64 49</runs>
            <runs>0 63 30 11 10</runs>
            <runs>0 61 28 19 7</runs>
            <runs>0 60 26 25 6</runs>
            <runs>0 55 29 28 6 27 8</runs>
            <runs>0 55 27 32 4 25 12</runs>
            <runs>0 55 26 34 8 19 15</runs>
            <runs>0 55 25 36 7 17 18</runs>
            <runs>0 54 25 37 7 16 20</runs>
            <runs>0 53 26 38 2 20 20</runs>
            <runs>0 52 21 21 1 1 2 20 1 19 22</runs>
            <runs>0 51 21 17 13 16 1 19 23</runs>
            <runs>0 51 19 15 19 34 23</runs>
            <runs>0 50 19 14 23 32 24</runs>
            <runs>0 49 19 14 26 30 24</runs>
            <runs>0 48 19 14 21 3 5 28 18 3 4</runs>
            <runs>0 26 12 9 19 10 19 14 3 26 18 4 3</runs>
            <runs>0 22 43 11 17 17 2 26 18 4 4</runs>
            <runs>0 19 45 12 16 47 17 5 3</runs>
            <runs>0 16 14 2 32 12 15 49 16 5 3</runs>
            <runs>0 13 14 13 26 9 16 50 14 6 3</runs>
            <runs>0 12 11 18 27 7 15 52 12 7 3</runs>
            <runs>0 10 12 19 31 2 15 55 8 9 3</runs>
            <runs>0 8 12 20 19 5 25 58 2 11 4</runs>
            <runs>0 7 12 14 26 11 18 72 4</runs>
            <runs>0 6 11 17 25 13 16 72 4</runs>
            <runs>0 5 11 18 24 14 18 70 4</runs>
            <runs>0 4 11 19 24 14 21 66 4</runs>
            <runs>0 3 11 20 24 15 29 57 4</runs>
            <runs>0 2 11 20 20 20 15 7 10 54 3</runs>
            <runs>0 1 11 21 19 21 14 10 12 50 3</runs>
            <runs>11 21 19 22 14 11 14 46 4</runs>
            <runs>11 20 18 24 14 20 16 35 3</runs>
            <runs>11 18 18 26 14 25 12 33 4</runs>
            <runs>0 1 10 17 17 29 13 27 13 29 4</runs>
            <runs>0 2 9 15 17 31 13 28 17 23 4</runs>
            <runs>0 5 7 12 17 33 13 29 22 15 5</runs>
            <runs>0 7 8 7 17 36 13 27 9 2 15 1 1 7 6</runs>
            <runs>0 9 29 37 13 27 4 11 25</runs>
            <runs>0 11 26 39 13 25 4 18 17</runs>
            <runs>0 16 15 45 13 24 4 26 1</runs>
            <runs>0 19 2 2 2 52 13 23 3</runs>
            <runs>0 77 15 19 4</runs>
            <runs>0 77 16 16 5</runs>
            <runs>0 77 17 13 6</runs>
            <runs>0 76 35</runs>
            <runs>0 77 32</runs>
            <runs>0 84 23</runs>
            <runs>0 87 18</runs>
            <runs>0 88 14</runs>
            <runs>0 90 1 2 9</runs>
        </run-table>
    </sample>
    <sample shape="G_CLEF" interline="21" pitch="0.4" left="474" top="1600" id="289">
        <run-table orientation="VERTICAL" width="58" height="163">
            <runs>0 83 10</runs>
            <runs>0 76 25</runs>
            <runs>0 75 27</runs>
            <runs>0 74 31</runs>
            <runs>0 72 35</runs>
            <runs>0 68 41</runs>
            <runs>0 67 43</runs>
            <runs>0 65 47</runs>
            <runs>0 63 51</runs>
            <runs>0 62 30 14 8</runs>
            <runs>0 60 29 20 6 29 7</runs>
            <runs>0 59 27 24 6 26 13</runs>
            <runs>0 55 29 28 11 18 15</runs>
            <runs>0 55 27 32 9 17 17</runs>
            <runs>0 55 25 34 9 16 19</runs>
            <runs>0 55 24 36 8 15 21</runs>
            <runs>0 54 25 37 7 15 22</runs>
            <runs>0 53 26 38 2 19 22</runs>
            <runs>0 52 21 18 11 16 1 18 24</runs>
            <runs>0 51 20 15 17 15 1 18 24</runs>
            <runs>0 50 20 14 23 11 1 18 24</runs>
            <runs>0 50 19 13 26 29 18 3 4</runs>
            <runs>0 49 19 13 29 28 17 4 3</runs>
            <runs>0 48 19 9 26 5 4 27 17 4 3</runs>
            <runs>0 47 20 9 19 13 5 25 16 5 4</runs>
            <runs>0 46 19 11 17 17 4 25 15 6 3</runs>
            <runs>0 23 2 2 37 12 15 21 2 25 14 7 3</runs>
            <runs>0 19 45 11 15 50 13 7 3</runs>
            <runs>0 17 47 11 14 53 10 8 3</runs>
            <runs>0 16 13 12 25 8 16 53 7 10 3</runs>
            <runs>0 14 12 16 28 3 17 69 4</runs>
            <runs>0 12 12 18 48 69 4</runs>
            <runs>0 10 12 19 17 7 24 70 4</runs>
            <runs>0 8 12 19 19 12 19 70 4</runs>
            <runs>0 7 11 16 24 13 19 68 4</runs>
            <runs>0 6 11 17 24 14 30 56 4</runs>
            <runs>0 5 11 18 24 14 31 54 5</runs>
            <runs>0 4 11 19 19 19 16 8 12 49 5</runs>
            <runs>0 3 11 19 19 20 15 10 18 41 5</runs>
            <runs>0 2 11 19 18 22 15 10 27 31 5</runs>
            <runs>0 1 11 19 18 24 14 22 19 27 4</runs>
            <runs>12 19 17 25 14 26 17 24 5</runs>
            <runs>11 18 18 26 15 27 22 15 6</runs>
            <runs>11 17 18 27 15 28 40</runs>
            <runs>11 15 19 29 14 27 8 3 29</runs>
            <runs>0 1 10 14 18 31 15 26 8 11 19</runs>
            <runs>0 4 8 11 18 34 14 25 4 21 3 1 8</runs>
            <runs>0 6 33 36 15 23 4</runs>
            <runs>0 8 30 38 14 22 4</runs>
            <runs>0 10 27 39 15 19 5</runs>
            <runs>0 13 5 1 9 49 15 17 5</runs>
            <runs>0 76 18 14 5</runs>
            <runs>0 76 20 8 7</runs>
            <runs>0 76 34</runs>
            <runs>0 82 27</runs>
            <runs>0 84 22</runs>
            <runs>0 86 18</runs>
            <runs>0 88 13</runs>
        </run-table>
    </sample>
    <sample shape="G_CLEF" interline="21" pitch="0.3" left="596" top="2099" id="481">
        <run-table orientation="VERTICAL" width="58" height="162">
            <runs>0 87 3</runs>
            <runs>0 75 24</runs>
            <runs>0 74 26</runs>
            <runs>0 72 30</runs>
            <runs>0 70 34</runs>
            <runs>0 69 37</runs>
            <runs>0 66 42</runs>
            <runs>0 65 45</runs>
            <runs>0 63 48</runs>
            <runs>0 61 27 17 7</runs>
            <runs>0 60 27 20 6 31 5</runs>
            <runs>0 59 25 24 6 26 12</runs>
            <runs>0 54 28 28 5 23 15</runs>
            <runs>0 54 26 31 5 21 18</runs>
            <runs>0 54 25 33 9 15 20</runs>
            <runs>0 54 24 35 8 15 21</runs>
            <runs>0 53 25 36 7 15 22</runs>
            <runs>0 53 25 36 7 15 22</runs>
            <runs>0 52 19 21 8 15 2 18 24</runs>
            <runs>0 51 19 15 16 15 1 18 24</runs>
            <runs>0 50 19 14 21 31 19 1 5</runs>
            <runs>0 49 19 14 24 29 18 3 4</runs>
            <runs>0 48 20 7 32 28 18 4 3</runs>
            <runs>0 47 21 7 24 5 5 27 17 4 4</runs>
            <runs>0 46 21 8 18 13 4 26 17 5 3</runs>
            <runs>0 28 11 6 20 10 16 17 4 25 16 5 3</runs>
            <runs>0 23 41 11 15 21 1 26 14 6 3</runs>
            <runs>0 20 43 11 15 50 12 7 3</runs>
            <runs>0 17 47 10 14 52 11 8 2</runs>
            <runs>0 15 13 12 27 6 15 53 6 11 4</runs>
            <runs>0 13 11 17 28 3 15 71 4</runs>
            <runs>0 11 11 18 19 1 27 71 4</runs>
            <runs>0 9 11 19 19 6 23 71 3</runs>
            <runs>0 7 12 14 24 12 19 70 3</runs>
            <runs>0 6 12 16 23 13 20 67 4</runs>
            <runs>0 6 10 18 23 14 22 64 3</runs>
            <runs>0 4 11 18 24 14 31 55 3</runs>
            <runs>0 3 11 19 19 19 15 8 14 48 3</runs>
            <runs>0 2 12 19 18 20 15 10 16 43 4</runs>
            <runs>0 2 11 19 18 21 15 16 20 32 5</runs>
            <runs>0 1 11 19 18 22 15 20 18 30 4</runs>
            <runs>12 18 18 24 14 24 18 25 4</runs>
            <runs>11 18 18 25 14 27 22 16 5</runs>
            <runs>11 17 17 27 15 26 26 9 7</runs>
            <runs>11 15 17 30 14 26 9 3 28</runs>
            <runs>0 1 11 12 17 32 14 26 8 12 17</runs>
            <runs>0 1 2 1 13 3 19 34 15 24 9 20 4</runs>
            <runs>2 4 31 37 14 23 4</runs>
            <runs>0 8 29 37 15 21 4</runs>
            <runs>0 8 2 2 18 45 16 17 6</runs>
            <runs>0 8 2 9 7 49 17 15 6</runs>
            <runs>0 74 20 11 6</runs>
            <runs>0 74 35</runs>
            <runs>0 74 34</runs>
            <runs>0 81 25</runs>
            <runs>0 84 21</runs>
            <runs>0 86 16</runs>
            <runs>0 87 5 2 2</runs>
        </run-table>
    </sample>
    <sample shape="G_CLEF" interline="21" pitch="0.3" left="471" top="2794" id="593">
        <run-table orientation="VERTICAL" width="58" height="160">
            <runs>0 82 10 1 2</runs>
            <runs>0 73 26</runs>
            <runs>0 71 29</runs>
            <runs>0 69 34</runs>
            <runs>0 68 37</runs>
            <runs>0 65 42</runs>
            <runs>0 64 44</runs>
            <runs>0 62 48</runs>
            <runs>0 61 30 1 19</runs>
            <runs>0 60 26 19 7 30 6</runs>
            <runs>0 59 24 24 6 26 12</runs>
            <runs>0 57 25 27 5 23 15</runs>
            <runs>0 53 28 29 5 21 17</runs>
            <runs>0 53 25 33 9 16 18</runs>
            <runs>0 53 25 33 9 15 20</runs>
            <runs>0 52 25 36 7 15 21</runs>
            <runs>0 52 25 37 2 18 22</runs>
            <runs>0 51 21 19 7 17 1 18 23</runs>
            <runs>0 50 21 15 13 16 1 18 23</runs>
            <runs>0 49 21 12 19 14 1 18 24</runs>
            <runs>0 49 19 13 24 10 1 18 18 2 4</runs>
            <runs>0 48 19 7 32 28 18 3 3</runs>
            <runs>0 47 19 8 33 27 18 4 3</runs>
            <runs>0 46 19 9 18 13 4 26 17 4 3</runs>
            <runs>0 44 20 10 17 15 4 25 17 4 3</runs>
            <runs>0 26 37 11 16 18 2 26 15 5 3</runs>
            <runs>0 21 41 11 15 49 13 6 3</runs>
            <runs>0 19 43 11 14 51 11 7 3</runs>
            <runs>0 16 14 1 33 9 13 55 6 9 4</runs>
            <runs>0 14 11 14 28 5 14 70 3</runs>
            <runs>0 11 12 16 46 71 3</runs>
            <runs>0 9 12 18 46 71 3</runs>
            <runs>0 8 12 18 18 8 22 70 3</runs>
            <runs>0 7 11 14 24 12 19 69 3</runs>
            <runs>0 6 11 15 24 13 22 64 3</runs>
            <runs>0 5 11 17 23 14 30 55 3</runs>
            <runs>0 4 11 18 23 14 16 3 15 50 4</runs>
            <runs>0 3 11 18 19 19 15 9 15 45 3</runs>
            <runs>0 1 12 19 18 20 14 11 25 33 4</runs>
            <runs>0 1 11 19 18 21 14 18 19 31 4</runs>
            <runs>11 18 19 22 14 23 19 25 5</runs>
            <runs>11 17 19 24 14 27 19 18 6</runs>
            <runs>10 17 19 25 14 27 26 8 8</runs>
            <runs>10 16 18 28 13 27 9 1 30</runs>
            <runs>10 14 18 30 13 27 8 7 23</runs>
            <runs>0 1 9 12 19 31 14 25 4 18 14</runs>
            <runs>0 3 9 9 19 33 13 24 4</runs>
            <runs>0 6 31 36 14 22 4</runs>
            <runs>0 9 27 38 15 19 5</runs>
            <runs>0 12 18 44 16 17 5</runs>
            <runs>0 19 1 2 1 51 17 14 5</runs>
            <runs>0 74 24 5 6</runs>
            <runs>0 74 34</runs>
            <runs>0 74 33</runs>
            <runs>0 81 24</runs>
            <runs>0 83 20</runs>
            <runs>0 86 13</runs>
            <runs>0 89 2</runs>
        </run-table>
    </sample>
    <sample shape="F_CLEF" interline="21" pitch="-1.6" left="482" top="868" id="218">
        <run-table orientation="VERTICAL" width="62" height="79">
            <runs>0 77 2</runs>
            <runs>0 76 3</runs>
            <runs>0 75 4</runs>
            <runs>0 75 3</runs>
            <runs>0 75 3</runs>
            <runs>0 14 12 48 4</runs>
            <runs>0 12 15 47 3</runs>
            <runs>0 10 18 45 3</runs>
            <runs>0 9 19 45 2</runs>
            <runs>0 8 21 43 3</runs>
            <runs>0 6 24 41 4</runs>
            <runs>30 40 4</runs>
            <runs>8 4 18 35 8</runs>
            <runs>7 5 19 34 8</runs>
            <runs>0 12 19 35 6</runs>
            <runs>0 12 19 35 6</runs>
            <runs>0 12 18 36 5</runs>
            <runs>0 12 18 36 5</runs>
            <runs>0 13 17 36 4</runs>
            <runs>0 13 17 36 3</runs>
            <runs>0 14 15 33 7</runs>
            <runs>0 15 13 34 6</runs>
            <runs>0 16 11 34 7</runs>
            <runs>0 18 8 34 8</runs>
            <runs>0 59 9</runs>
            <runs>0 59 5</runs>
            <runs>0 58 5</runs>
            <runs>0 56 6</runs>
            <runs>0 54 7</runs>
            <runs>0 53 7</runs>
            <runs>0 51 8</runs>
            <runs>0 49 9</runs>
            <runs>7 37 13</runs>
            <runs>0 1 7 35 13</runs>
            <runs>0 1 8 30 1 1 14</runs>
            <runs>0 1 12 21 1 1 18</runs>
            <runs>0 1 19 2 31</runs>
            <runs>52</runs>
            <runs>50</runs>
            <runs>49</runs>
            <runs>0 1 47</runs>
            <runs>0 1 46</runs>
            <runs>0 1 46</runs>
            <runs>0 7 40</runs>
            <runs>0 9 32</runs>
            <runs>0 10 29</runs>
            <runs>0 12 24</runs>
            <runs>0 14 20</runs>
            <runs>0 17 14</runs>
            <runs>0 21 2</runs>
            <runs></runs>
            <runs></runs>
            <runs>0 6 6</runs>
            <runs>0 1 12 21 5</runs>
            <runs>0 1 12 19 8</runs>
            <runs>13 19 9</runs>
            <runs>14 18 9</runs>
            <runs>13 18 10</runs>
            <runs>13 18 10</runs>
            <runs>12 17 12</runs>
            <runs>0 8 2 18 12</runs>
            <runs>0 28 3 1 5</runs>
        </run-table>
    </sample>
    <sample shape="F_CLEF" interline="21" pitch="-1.7" left="478" top="3179" id="611">
        <run-table orientation="VERTICAL" width="58" height="68">
            <runs>0 15 10</runs>
            <runs>0 13 13</runs>
            <runs>0 11 16</runs>
            <runs>0 10 18</runs>
            <runs>0 8 21</runs>
            <runs>0 7 22</runs>
            <runs>0 6 24</runs>
            <runs>0 5 5 1 19</runs>
            <runs>8 4 19</runs>
            <runs>7 5 19</runs>
            <runs>0 4 2 6 19</runs>
            <runs>0 4 1 7 21</runs>
            <runs>0 4 1 7 21</runs>
            <runs>0 12 21</runs>
            <runs>0 12 21</runs>
            <runs>0 13 19</runs>
            <runs>0 14 17 32 1</runs>
            <runs>0 15 14 33 2</runs>
            <runs>0 17 11 33 7</runs>
            <runs>0 60 8</runs>
            <runs>0 58 10</runs>
            <runs>0 57 11</runs>
            <runs>0 55 8</runs>
            <runs>0 55 7</runs>
            <runs>0 53 8</runs>
            <runs>0 4 1 46 10</runs>
            <runs>0 4 1 44 11</runs>
            <runs>0 4 2 38 15</runs>
            <runs>0 4 3 36 15</runs>
            <runs>0 1 8 32 15</runs>
            <runs>0 1 13 20 1 2 18</runs>
            <runs>18 10 26</runs>
            <runs>53</runs>
            <runs>51</runs>
            <runs>50</runs>
            <runs>0 1 49</runs>
            <runs>0 1 47</runs>
            <runs>0 1 46</runs>
            <runs>0 7 40</runs>
            <runs>0 8 39</runs>
            <runs>0 9 33</runs>
            <runs>0 10 29</runs>
            <runs>0 12 24</runs>
            <runs>0 15 18</runs>
            <runs>0 21 9</runs>
            <runs></runs>
            <runs></runs>
            <runs>0 8 2</runs>
            <runs>0 6 7 22 5</runs>
            <runs>0 5 9 19 8</runs>
            <runs>0 5 10 17 10</runs>
            <runs>0 1 14 17 10</runs>
            <runs>0 1 14 17 10</runs>
            <runs>15 17 10</runs>
            <runs>0 5 9 18 10</runs>
            <runs>0 6 8 19 8</runs>
            <runs>0 8 4 23 5</runs>
            <runs>0 36 3</runs>
        </run-table>
    </sample>
    <sample shape="F_CLEF" interline="21" pitch="-1.7" left="605" top="2409" id="514">
        <run-table orientation="VERTICAL" width="55" height="69">
            <runs>0 13 13</runs>
            <runs>0 11 16</runs>
            <runs>0 8 19</runs>
            <runs>0 6 22</runs>
            <runs>29</runs>
            <runs>29</runs>
            <runs>30</runs>
            <runs>30</runs>
            <runs>0 4 2 2 22</runs>
            <runs>0 4 1 3 22</runs>
            <runs>0 11 19</runs>
            <runs>0 12 17</runs>
            <runs>0 12 17</runs>
            <runs>0 13 16 35 1</runs>
            <runs>0 13 15 35 2</runs>
            <runs>0 14 13 34 8</runs>
            <runs>0 15 11 33 10</runs>
            <runs>0 18 7 32 12</runs>
            <runs>0 56 13</runs>
            <runs>0 55 14</runs>
            <runs>0 54 15</runs>
            <runs>0 54 9</runs>
            <runs>0 53 8</runs>
            <runs>0 52 8</runs>
            <runs>0 50 9</runs>
            <runs>0 4 1 39 14</runs>
            <runs>0 4 1 39 13</runs>
            <runs>0 4 2 37 13</runs>
            <runs>8 33 14</runs>
            <runs>10 26 18</runs>
            <runs>17 14 22</runs>
            <runs>52</runs>
            <runs>50</runs>
            <runs>49</runs>
            <runs>48</runs>
            <runs>47</runs>
            <runs>47</runs>
            <runs>0 7 40</runs>
            <runs>0 8 34</runs>
            <runs>0 10 30</runs>
            <runs>0 11 26</runs>
            <runs>0 12 21</runs>
            <runs>0 18 2 1 9</runs>
            <runs></runs>
            <runs></runs>
            <runs></runs>
            <runs></runs>
            <runs>0 7 5 25 3</runs>
            <runs>13 20 8</runs>
            <runs>14 18 9</runs>
            <runs>14 18 9</runs>
            <runs>14 18 9</runs>
            <runs>14 18 9</runs>
            <runs>13 19 9</runs>
            <runs>0 8 4 21 7</runs>
        </run-table>
    </sample>
    <sample shape="F_CLEF" interline="21" pitch="-1.6" left="598" top="2409" id="511">
        <run-table orientation="VERTICAL" width="62" height="79">
            <runs>0 75 4</runs>
            <runs>0 75 4</runs>
            <runs>0 75 4</runs>
            <runs>0 75 3</runs>
            <runs>0 74 4</runs>
            <runs>0 74 3</runs>
            <runs>0 73 4</runs>
            <runs>0 13 13 47 3</runs>
            <runs>0 11 16 46 3</runs>
            <runs>0 8 19 45 3</runs>
            <runs>0 6 22 44 2</runs>
            <runs>29 43 2</runs>
            <runs>29 37 7</runs>
            <runs>30 36 7</runs>
            <runs>30 39 3</runs>
            <runs>0 4 2 2 22 39 3</runs>
            <runs>0 4 1 3 22 39 2</runs>
            <runs>0 11 19 39 2</runs>
            <runs>0 12 17 40 1</runs>
            <runs>0 12 17</runs>
            <runs>0 13 16 35 1</runs>
            <runs>0 13 15 35 2</runs>
            <runs>0 14 13 34 8</runs>
            <runs>0 15 11 33 10</runs>
            <runs>0 18 7 32 12</runs>
            <runs>0 56 13</runs>
            <runs>0 55 14</runs>
            <runs>0 54 15</runs>
            <runs>0 54 9</runs>
            <runs>0 53 8</runs>
            <runs>0 52 8</runs>
            <runs>0 50 9</runs>
            <runs>0 4 1 39 14</runs>
            <runs>0 4 1 39 13</runs>
            <runs>0 4 2 37 13</runs>
            <runs>8 33 14</runs>
            <runs>10 26 18</runs>
            <runs>17 14 22</runs>
            <runs>52</runs>
            <runs>50</runs>
            <runs>49</runs>
            <runs>48</runs>
            <runs>47</runs>
            <runs>47</runs>
            <runs>0 7 40</runs>
            <runs>0 8 34</runs>
            <runs>0 10 30</runs>
            <runs>0 11 26</runs>
            <runs>0 12 21</runs>
            <runs>0 18 2 1 9</runs>
            <runs></runs>
            <runs></runs>
            <runs></runs>
            <runs></runs>
            <runs>0 7 5 25 3</runs>
            <runs>13 20 8</runs>
            <runs>14 18 9</runs>
            <runs>14 18 9</runs>
            <runs>14 18 9</runs>
            <runs>14 18 9</runs>
            <runs>13 19 9</runs>
            <runs>0 8 4 21 7</runs>
        </run-table>
    </sample>
    <sample shape="F_CLEF" interline="21" pitch="-1.5" left="473" top="3179" id="604">
        <run-table orientation="VERTICAL" width="63" height="79">
            <runs>0 76 3</runs>
            <runs>0 76 3</runs>
            <runs>0 75 4</runs>
            <runs>0 75 3</runs>
            <runs>0 74 3</runs>
            <runs>0 15 10 49 3</runs>
            <runs>0 13 13 48 2</runs>
            <runs>0 11 16 46 3</runs>
            <runs>0 10 18 45 3</runs>
            <runs>0 8 21 43 3</runs>
            <runs>0 7 22 42 3</runs>
            <runs>0 6 24 41 3</runs>
            <runs>0 5 5 1 19 41 2</runs>
            <runs>8 4 19 39 2</runs>
            <runs>7 5 19 34 7</runs>
            <runs>0 4 2 6 19 38 2</runs>
            <runs>0 4 1 7 21</runs>
            <runs>0 4 1 7 21</runs>
            <runs>0 12 21</runs>
            <runs>0 12 21</runs>
            <runs>0 13 19</runs>
            <runs>0 14 17 32 1</runs>
            <runs>0 15 14 33 2</runs>
            <runs>0 17 11 33 7</runs>
            <runs>0 60 8</runs>
            <runs>0 58 10</runs>
            <runs>0 57 11</runs>
            <runs>0 55 8</runs>
            <runs>0 55 7</runs>
            <runs>0 53 8</runs>
            <runs>0 4 1 46 10</runs>
            <runs>0 4 1 44 11</runs>
            <runs>0 4 2 38 15</runs>
            <runs>0 4 3 36 15</runs>
            <runs>0 1 8 32 15</runs>
            <runs>0 1 13 20 1 2 18</runs>
            <runs>18 10 26</runs>
            <runs>53</runs>
            <runs>51</runs>
            <runs>50</runs>
            <runs>0 1 49</runs>
            <runs>0 1 47</runs>
            <runs>0 1 46</runs>
            <runs>0 7 40</runs>
            <runs>0 8 39</runs>
            <runs>0 9 33</runs>
            <runs>0 10 29</runs>
            <runs>0 12 24</runs>
            <runs>0 15 18</runs>
            <runs>0 21 9</runs>
            <runs></runs>
            <runs></runs>
            <runs>0 8 2</runs>
            <runs>0 6 7 22 5</runs>
            <runs>0 5 9 19 8</runs>
            <runs>0 5 10 17 10</runs>
            <runs>0 1 14 17 10</runs>
            <runs>0 1 14 17 10</runs>
            <runs>15 17 10</runs>
            <runs>0 5 9 18 10</runs>
            <runs>0 6 8 19 8</runs>
            <runs>0 8 4 23 5</runs>
            <runs>0 36 3</runs>
        </run-table>
    </sample>
    <sample shape="SHARP" interline="21" pitch="-4.4" left="555" top="486" id="224">
        <run-table orientation="VERTICAL" width="23" height="60">
            <runs>0 18 3 1 4 15 2</runs>
            <runs>0 17 9 14 6 1 1</runs>
            <runs>0 17 9 13 10</runs>
            <runs>0 16 11 12 10</runs>
            <runs>0 3 2 8 14 11 12 6 2</runs>
            <runs>0 2 58</runs>
            <runs>0 3 4 2 19 2 30</runs>
            <runs>0 14 11 6 19</runs>
            <runs>0 14 11 7 15</runs>
            <runs>0 14 10 8 15</runs>
            <runs>0 13 11 8 14</runs>
            <runs>0 13 11 8 13</runs>
            <runs>0 13 10 9 13</runs>
            <runs>0 13 10 9 13</runs>
            <runs>25 2 19 2 9</runs>
            <runs>58</runs>
            <runs>47 1 9</runs>
            <runs>0 9 14 1 21</runs>
            <runs>0 10 11 3 5 1 14</runs>
            <runs>0 10 11 3 4 3 13</runs>
            <runs>0 10 11 4 2 5 11</runs>
            <runs>0 9 11 16 2</runs>
            <runs>0 10 4</runs>
        </run-table>
    </sample>
    <sample shape="SHARP" interline="21" pitch="-1.3" left="580" top="518" id="236">
        <run-table orientation="VERTICAL" width="23" height="62">
            <runs>0 41 8</runs>
            <runs>0 18 9 13 10</runs>
            <runs>0 18 9 13 10</runs>
            <runs>0 17 10 11 12</runs>
            <runs>0 17 10 10 13 8 4</runs>
            <runs>62</runs>
            <runs>62</runs>
            <runs>27 8 14</runs>
            <runs>0 15 11 12 11</runs>
            <runs>0 15 11 11 11</runs>
            <runs>0 15 10 12 10</runs>
            <runs>0 15 10 12 10</runs>
            <runs>0 15 9 12 11</runs>
            <runs>0 15 9 11 12</runs>
            <runs>0 13 12 8 15 3 2 2 4</runs>
            <runs>59</runs>
            <runs>59</runs>
            <runs>28 2 16 3 2</runs>
            <runs>0 12 12 11 10 4 3</runs>
            <runs>0 12 12 6 2 3 10</runs>
            <runs>0 11 13 6 2 3 10</runs>
            <runs>0 10 14 6 2 3 1</runs>
            <runs>0 11 2 3 2 13 3</runs>
        </run-table>
    </sample>
    <sample shape="SHARP" interline="21" pitch="-5.0" left="605" top="478" id="228">
        <run-table orientation="VERTICAL" width="23" height="65">
            <runs>0 18 2</runs>
            <runs>0 17 10 13 10</runs>
            <runs>0 17 10 13 10</runs>
            <runs>0 17 10 13 9</runs>
            <runs>0 5 2 9 12 11 10</runs>
            <runs>0 3 61</runs>
            <runs>0 2 63</runs>
            <runs>0 13 14 7 31</runs>
            <runs>0 15 10 11 12</runs>
            <runs>0 15 9 13 10</runs>
            <runs>0 15 9 13 10</runs>
            <runs>0 14 10 12 10</runs>
            <runs>0 13 10 13 10</runs>
            <runs>0 13 10 12 11</runs>
            <runs>2 10 12 9 13 10 3</runs>
            <runs>59</runs>
            <runs>59</runs>
            <runs>0 4 20 1 21 3 9</runs>
            <runs>0 10 12 9 14</runs>
            <runs>0 10 12 11 11</runs>
            <runs>0 10 11 12 11</runs>
            <runs>0 10 10 13 11</runs>
            <runs>0 12 1 20 2 1 2</runs>
        </run-table>
    </sample>
    <sample shape="SHARP" interline="21" pitch="-2.0" left="558" top="862" id="249">
        <run-table orientation="VERTICAL" width="22" height="62">
            <runs>0 18 7 16 12</runs>
            <runs>0 17 10 14 12</runs>
            <runs>0 17 15 8 13</runs>
            <runs>0 16 17 6 14</runs>
            <runs>0 2 60</runs>
            <runs>0 2 60</runs>
            <runs>0 2 52</runs>
            <runs>0 2 2 10 12 9 14</runs>
            <runs>0 14 12 10 12</runs>
            <runs>0 14 12 10 11</runs>
            <runs>0 13 12 11 11</runs>
            <runs>0 13 11 11 11</runs>
            <runs>0 13 11 10 12</runs>
            <runs>0 12 12 5 17</runs>
            <runs>25 2 31</runs>
            <runs>58</runs>
            <runs>0 1 23 3 17</runs>
            <runs>0 7 15 6 16</runs>
            <runs>0 7 15 11 10</runs>
            <runs>0 7 14 13 9</runs>
            <runs>0 7 13</runs>
            <runs>0 7 7</runs>
        </run-table>
    </sample>
    <sample shape="SHARP" interline="21" pitch="1.1" left="580" top="898" id="281">
        <run-table orientation="VERTICAL" width="23" height="56">
            <runs>0 14 9 13 10</runs>
            <runs>0 14 9 13 10</runs>
            <runs>0 14 9 13 10</runs>
            <runs>0 13 11 10 12 6 2</runs>
            <runs>0 8 47</runs>
            <runs>3 4 48</runs>
            <runs>0 9 14 9 13</runs>
            <runs>0 11 11 12 10</runs>
            <runs>0 11 10 13 10</runs>
            <runs>0 11 10 13 9</runs>
            <runs>0 11 10 12 10</runs>
            <runs>0 10 10 13 9</runs>
            <runs>0 9 11 12 10</runs>
            <runs>0 8 13 10 12 9 4</runs>
            <runs>0 6 16 1 4 1 28</runs>
            <runs>55</runs>
            <runs>0 6 14 8 15</runs>
            <runs>0 8 11 11 12</runs>
            <runs>0 8 10 12 11</runs>
            <runs>0 8 10 13 9</runs>
            <runs>0 8 10 12 10</runs>
            <runs>0 8 2 20 1</runs>
            <runs>0 8 2</runs>
        </run-table>
    </sample>
    <sample shape="SHARP" interline="21" pitch="-3.3" left="600" top="850" id="253">
        <run-table orientation="VERTICAL" width="22" height="59">
            <runs>0 17 10</runs>
            <runs>0 17 10 13 9</runs>
            <runs>0 16 11 13 9</runs>
            <runs>0 16 11 12 11</runs>
            <runs>0 3 26 5 16</runs>
            <runs>0 3 56</runs>
            <runs>0 6 1 5 14 5 1 2 16</runs>
            <runs>0 14 11 12 11</runs>
            <runs>0 14 11 12 10</runs>
            <runs>0 14 10 13 10</runs>
            <runs>0 13 11 13 9</runs>
            <runs>0 13 11 13 9</runs>
            <runs>0 13 11 13 9</runs>
            <runs>0 11 13 12 9</runs>
            <runs>27 3 16</runs>
            <runs>58</runs>
            <runs>0 8 38 2 5 1 2</runs>
            <runs>0 10 13 9 12</runs>
            <runs>0 10 12 11 11</runs>
            <runs>0 10 12 11 11</runs>
            <runs>0 10 12 11 10</runs>
            <runs>0 11 11 13 2</runs>
        </run-table>
    </sample>
    <sample shape="SHARP" interline="21" pitch="-4.0" left="554" top="1264" id="298">
        <run-table orientation="VERTICAL" width="22" height="61">
            <runs>0 18 7 15 13</runs>
            <runs>0 17 9 13 14</runs>
            <runs>0 16 10 13 14</runs>
            <runs>0 14 12 12 15</runs>
            <runs>0 4 2 1 2 1 51</runs>
            <runs>0 2 53 4 1</runs>
            <runs>0 11 15 10 12</runs>
            <runs>0 12 13 12 10</runs>
            <runs>0 13 12 12 10</runs>
            <runs>0 14 11 12 9</runs>
            <runs>0 14 11 11 10</runs>
            <runs>0 13 12 11 10</runs>
            <runs>0 12 12 12 10</runs>
            <runs>0 12 12 5 17</runs>
            <runs>27 1 18 1 11</runs>
            <runs>27 1 17</runs>
            <runs>0 8 15 1 1 3 16</runs>
            <runs>0 11 11 11 11</runs>
            <runs>0 11 10 12 11</runs>
            <runs>0 11 9 9 13</runs>
            <runs>0 11 8 9 9</runs>
            <runs>0 12 3</runs>
        </run-table>
    </sample>
    <sample shape="SHARP" interline="21" pitch="-1.0" left="576" top="1292" id="293">
        <run-table orientation="VERTICAL" width="21" height="64">
            <runs>0 22 8 14 9</runs>
            <runs>0 21 9 13 10</runs>
            <runs>0 21 9 13 10</runs>
            <runs>0 20 11 7 16 2 1 3 3</runs>
            <runs>0 18 15 2 29</runs>
            <runs>0 7 47</runs>
            <runs>0 8 3 4 16 9 13</runs>
            <runs>0 19 11 11 11</runs>
            <runs>0 19 10 12 10</runs>
            <runs>0 19 10 12 10</runs>
            <runs>0 18 10 13 9</runs>
            <runs>0 18 10 12 10</runs>
            <runs>0 17 11 12 11</runs>
            <runs>0 17 11 11 14 3 7</runs>
            <runs>0 12 1 2 15 3 30</runs>
            <runs>0 1 56 1 4</runs>
            <runs>30 5 14 11 2</runs>
            <runs>0 15 11 10 12 12 2</runs>
            <runs>0 15 11 11 11</runs>
            <runs>0 15 10 13 9</runs>
            <runs>0 16 9</runs>
        </run-table>
    </sample>
    <sample shape="SHARP" interline="21" pitch="-5.5" left="599" top="1250" id="305">
        <run-table orientation="VERTICAL" width="21" height="57">
            <runs>0 17 9 12 10</runs>
            <runs>0 17 9 12 10</runs>
            <runs>0 16 10 12 10</runs>
            <runs>0 15 11 11 12</runs>
            <runs>0 3 46</runs>
            <runs>0 3 23 9 14</runs>
            <runs>0 13 12 11 11</runs>
            <runs>0 14 10 13 9</runs>
            <runs>0 10 2 1 11 13 9</runs>
            <runs>0 13 10 13 10</runs>
            <runs>0 12 11 13 10</runs>
            <runs>0 11 12 12 11</runs>
            <runs>0 10 13 9 14</runs>
            <runs>0 9 14 8 15</runs>
            <runs>4 1 52</runs>
            <runs>4 1 42</runs>
            <runs>0 8 13 8 17</runs>
            <runs>0 9 12 12 13</runs>
            <runs>0 9 11 13 13</runs>
            <runs>0 10 9 15 12</runs>
            <runs>0 11 7</runs>
        </run-table>
    </sample>
    <sample shape="SHARP" interline="21" pitch="-4.1" left="550" top="1606" id="312">
        <run-table orientation="VERTICAL" width="22" height="61">
            <runs>0 17 9 14 12</runs>
            <runs>0 17 9 14 12</runs>
            <runs>0 16 11 12 14</runs>
            <runs>0 16 16 7 14</runs>
            <runs>0 10 51</runs>
            <runs>0 2 51</runs>
            <runs>0 2 32 1 13</runs>
            <runs>0 3 2 6 14 12 10</runs>
            <runs>0 14 11 12 10</runs>
            <runs>0 14 10 13 9</runs>
            <runs>0 14 9 14 9</runs>
            <runs>0 14 10 13 9</runs>
            <runs>0 14 9 13 9</runs>
            <runs>0 13 10 11 12 10 1</runs>
            <runs>0 9 16 2 31</runs>
            <runs>44</runs>
            <runs>24 4 16</runs>
            <runs>0 1 1 1 1 5 13 11 10</runs>
            <runs>0 11 11 12 9</runs>
            <runs>0 11 10 13 8</runs>
            <runs>0 11 10 11 3</runs>
            <runs>0 11 9</runs>
        </run-table>
    </sample>
    <sample shape="SHARP" interline="21" pitch="-0.9" left="572" top="1640" id="313">
        <run-table orientation="VERTICAL" width="23" height="62">
            <runs>0 40 3</runs>
            <runs>0 16 10 11 11</runs>
            <runs>0 16 10 11 11</runs>
            <runs>0 16 10 11 11</runs>
            <runs>0 15 11 10 13</runs>
            <runs>0 13 41</runs>
            <runs>0 2 52</runs>
            <runs>0 2 27 1 1 4 12</runs>
            <runs>0 4 1 9 11 11 10</runs>
            <runs>0 14 10 12 10</runs>
            <runs>0 14 10 12 10</runs>
            <runs>0 14 9 13 9</runs>
            <runs>0 13 10 13 9</runs>
            <runs>0 13 10 12 10</runs>
            <runs>0 12 11 11 11 7 5</runs>
            <runs>0 6 1 4 17 3 31</runs>
            <runs>51 1 1 2 2</runs>
            <runs>28 2 14</runs>
            <runs>0 5 2 3 12 11 11</runs>
            <runs>0 11 10 12 10</runs>
            <runs>0 11 10 12 10</runs>
            <runs>0 11 9 14 9</runs>
            <runs>0 12 8</runs>
        </run-table>
    </sample>
    <sample shape="SHARP" interline="21" pitch="-5.4" left="596" top="1593" id="314">
        <run-table orientation="VERTICAL" width="24" height="60">
            <runs>0 18 8 14 9</runs>
            <runs>0 17 10 13 9</runs>
            <runs>0 17 10 12 10</runs>
            <runs>0 16 11 11 12</runs>
            <runs>0 9 44 2 5</runs>
            <runs>0 2 58</runs>
            <runs>0 2 29 4 14</runs>
            <runs>0 12 13 11 12</runs>
            <runs>0 14 11 12 10</runs>
            <runs>0 15 10 11 10</runs>
            <runs>0 14 10 12 10</runs>
            <runs>0 14 10 12 10</runs>
            <runs>0 14 9 13 10</runs>
            <runs>0 13 10 11 12</runs>
            <runs>2 3 3 3 13 8 16</runs>
            <runs>52</runs>
            <runs>47</runs>
            <runs>0 10 13 8 14</runs>
            <runs>0 10 12 11 12</runs>
            <runs>0 10 12 11 12</runs>
            <runs>0 10 11 13 5</runs>
            <runs>0 11 10 14 1</runs>
            <runs>0 11 3 5 2</runs>
            <runs>0 13 1</runs>
        </run-table>
    </sample>
    <sample shape="SHARP" interline="21" pitch="-4.4" left="673" top="2099" id="547">
        <run-table orientation="VERTICAL" width="23" height="64">
            <runs>0 22 8 20 3</runs>
            <runs>0 21 9 14 1 4 4</runs>
            <runs>0 20 10 13 10</runs>
            <runs>0 16 15 11 16</runs>
            <runs>0 8 56</runs>
            <runs>0 7 57</runs>
            <runs>0 7 24 1 28</runs>
            <runs>0 8 8 1 13 4 17</runs>
            <runs>0 14 2 1 13 10 11</runs>
            <runs>0 16 13 11 11</runs>
            <runs>0 18 10 12 10</runs>
            <runs>0 18 10 6 15</runs>
            <runs>0 18 10 6 15</runs>
            <runs>0 16 12 6 16</runs>
            <runs>0 5 25 3 28</runs>
            <runs>0 5 55</runs>
            <runs>0 5 22 6 19</runs>
            <runs>3 1 22 8 14 2 2</runs>
            <runs>0 6 20 8 13</runs>
            <runs>0 9 16 13 7</runs>
            <runs>0 10 10 2 1</runs>
            <runs>0 12 6</runs>
            <runs>0 14 3</runs>
        </run-table>
    </sample>
    <sample shape="SHARP" interline="21" pitch="-1.1" left="697" top="2133" id="542">
        <run-table orientation="VERTICAL" width="22" height="66">
            <runs>0 24 2 15 8</runs>
            <runs>0 19 8 14 10</runs>
            <runs>0 18 9 14 10</runs>
            <runs>0 17 10 13 10</runs>
            <runs>0 11 18 1 22 5 9</runs>
            <runs>0 8 58</runs>
            <runs>0 9 1 2 16 3 31</runs>
            <runs>0 16 10 12 11</runs>
            <runs>0 16 10 12 10</runs>
            <runs>0 16 10 12 10</runs>
            <runs>0 16 9 13 9</runs>
            <runs>0 16 9 13 9</runs>
            <runs>0 15 10 12 10</runs>
            <runs>0 14 11 12 10</runs>
            <runs>11 1 13 9 14 4 5</runs>
            <runs>26 1 32</runs>
            <runs>26 3 19 2 8</runs>
            <runs>0 12 11 11 12</runs>
            <runs>0 12 11 12 10</runs>
            <runs>0 12 11 12 10</runs>
            <runs>0 13 11 11 10</runs>
            <runs>0 17 4</runs>
        </run-table>
    </sample>
    <sample shape="SHARP" interline="21" pitch="-2.1" left="670" top="2402" id="553">
        <run-table orientation="VERTICAL" width="22" height="62">
            <runs>0 41 13</runs>
            <runs>0 19 8 13 14</runs>
            <runs>0 18 9 13 10</runs>
            <runs>0 17 10 13 14</runs>
            <runs>0 16 11 12 23</runs>
            <runs>0 4 58</runs>
            <runs>0 3 51</runs>
            <runs>0 3 30 4 11</runs>
            <runs>0 14 12 11 11</runs>
            <runs>0 15 10 12 10</runs>
            <runs>0 15 9 13 10</runs>
            <runs>0 15 9 13 10</runs>
            <runs>0 14 10 13 10</runs>
            <runs>0 13 11 12 11</runs>
            <runs>0 8 16 12 24</runs>
            <runs>0 7 18 1 33</runs>
            <runs>46</runs>
            <runs>24 4 17</runs>
            <runs>0 3 1 3 15 12 10</runs>
            <runs>0 7 15 12 9</runs>
            <runs>0 7 14 14 5</runs>
            <runs>0 7 14</runs>
        </run-table>
    </sample>
    <sample shape="SHARP" interline="21" pitch="0.8" left="693" top="2431" id="554">
        <run-table orientation="VERTICAL" width="21" height="64">
            <runs>0 20 9 14 9</runs>
            <runs>0 20 9 13 11</runs>
            <runs>0 19 10 13 11</runs>
            <runs>0 19 10 12 13</runs>
            <runs>0 12 20 1 31</runs>
            <runs>0 5 59</runs>
            <runs>0 8 1 5 7 1 7 7 16 2 1</runs>
            <runs>0 17 3 20 10</runs>
            <runs>0 17 10 13 9</runs>
            <runs>0 17 10 13 9</runs>
            <runs>0 16 11 13 9</runs>
            <runs>0 16 10 13 10</runs>
            <runs>0 16 10 13 10</runs>
            <runs>0 15 11 12 12</runs>
            <runs>8 5 15 4 29</runs>
            <runs>61</runs>
            <runs>0 4 2 2 18 2 1 3 16</runs>
            <runs>0 13 12 11 11</runs>
            <runs>0 13 12 12 10</runs>
            <runs>0 13 11 12 11</runs>
            <runs>0 13 12 12 10</runs>
        </run-table>
    </sample>
    <sample shape="SHARP" interline="21" pitch="-4.2" left="551" top="2797" id="617">
        <run-table orientation="VERTICAL" width="23" height="60">
            <runs>0 40 8</runs>
            <runs>0 17 9 13 10</runs>
            <runs>0 16 10 13 10</runs>
            <runs>0 16 10 12 10</runs>
            <runs>0 15 11 11 18 2 2</runs>
            <runs>0 3 57</runs>
            <runs>0 2 58</runs>
            <runs>0 2 25 9 11</runs>
            <runs>0 14 10 12 10</runs>
            <runs>0 14 10 12 10</runs>
            <runs>0 14 10 12 9</runs>
            <runs>0 14 10 12 9</runs>
            <runs>0 13 10 13 9</runs>
            <runs>0 13 10 12 10</runs>
            <runs>0 13 10 7 15 4 7</runs>
            <runs>57</runs>
            <runs>56</runs>
            <runs>43</runs>
            <runs>0 1 2 7 11 9 13</runs>
            <runs>0 11 10 9 12</runs>
            <runs>0 11 10 9 11</runs>
            <runs>0 10 11 10 7</runs>
            <runs>0 11 3 1 4</runs>
        </run-table>
    </sample>
    <sample shape="SHARP" interline="21" pitch="-1.0" left="576" top="2827" id="618">
        <run-table orientation="VERTICAL" width="22" height="66">
            <runs>0 42 10</runs>
            <runs>0 20 10 12 10</runs>
            <runs>0 20 9 13 10</runs>
            <runs>0 20 9 12 11</runs>
            <runs>0 18 11 8 1 2 21</runs>
            <runs>0 7 59</runs>
            <runs>0 7 46 2 3</runs>
            <runs>0 17 11 11 11</runs>
            <runs>0 18 10 12 10</runs>
            <runs>0 18 9 13 9</runs>
            <runs>0 17 10 12 10</runs>
            <runs>0 17 10 12 9</runs>
            <runs>0 17 10 11 10</runs>
            <runs>0 17 10 11 10</runs>
            <runs>0 16 11 11 22</runs>
            <runs>61</runs>
            <runs>53 2 4</runs>
            <runs>0 14 12 11 11</runs>
            <runs>0 14 11 12 10</runs>
            <runs>0 14 10 13 9</runs>
            <runs>0 14 10 13 9</runs>
            <runs>0 14 10 13 2</runs>
        </run-table>
    </sample>
    <sample shape="SHARP" interline="21" pitch="-2.1" left="551" top="3170" id="621">
        <run-table orientation="VERTICAL" width="22" height="62">
            <runs>0 19 9 13 10</runs>
            <runs>0 18 10 12 16</runs>
            <runs>0 17 11 12 16</runs>
            <runs>0 17 12 10 19</runs>
            <runs>0 4 57</runs>
            <runs>0 4 58</runs>
            <runs>0 4 54</runs>
            <runs>0 8 18 11 12</runs>
            <runs>0 15 10 13 11</runs>
            <runs>0 15 10 13 10</runs>
            <runs>0 15 10 13 10</runs>
            <runs>0 14 11 13 10</runs>
            <runs>0 14 10 13 10</runs>
            <runs>0 10 14 7 17 8 2</runs>
            <runs>0 1 25 4 29</runs>
            <runs>60</runs>
            <runs>0 1 46 4 8</runs>
            <runs>0 9 15 7 15</runs>
            <runs>0 10 13 9 14</runs>
            <runs>0 10 12 10 13</runs>
            <runs>0 10 12 10 11</runs>
            <runs>0 10 10 12 8</runs>
        </run-table>
    </sample>
    <sample shape="SHARP" interline="21" pitch="1.2" left="575" top="3206" id="622">
        <run-table orientation="VERTICAL" width="22" height="64">
            <runs>0 42 2 2 4</runs>
            <runs>0 16 11 11 13</runs>
            <runs>0 17 11 11 12</runs>
            <runs>0 17 11 11 12</runs>
            <runs>0 16 12 10 14</runs>
            <runs>0 4 59</runs>
            <runs>0 3 61</runs>
            <runs>0 3 24 10 14</runs>
            <runs>0 15 11 12 11</runs>
            <runs>0 15 10 13 10</runs>
            <runs>0 15 10 13 10</runs>
            <runs>0 15 10 13 9</runs>
            <runs>0 15 10 12 10</runs>
            <runs>0 15 10 12 10</runs>
            <runs>0 14 11 12 10</runs>
            <runs>4 7 18 2 32</runs>
            <runs>63</runs>
            <runs>0 1 23 7 2 2 11</runs>
            <runs>0 12 11 12 10</runs>
            <runs>0 12 10 13 9</runs>
            <runs>0 12 10 13 9</runs>
            <runs>0 12 10 13 8</runs>
        </run-table>
    </sample>
    <sample shape="SHARP" interline="21" pitch="-1.3" left="580" top="518" id="225">
        <run-table orientation="VERTICAL" width="23" height="62">
            <runs>0 41 8</runs>
            <runs>0 18 9 13 10</runs>
            <runs>0 18 9 13 10</runs>
            <runs>0 17 10 11 12</runs>
            <runs>0 17 10 10 13 8 4</runs>
            <runs>62</runs>
            <runs>62</runs>
            <runs>27 8 14</runs>
            <runs>0 15 11 12 11</runs>
            <runs>0 15 11 11 11</runs>
            <runs>0 15 10 12 10</runs>
            <runs>0 15 10 12 10</runs>
            <runs>0 15 9 12 11</runs>
            <runs>0 15 9 11 12</runs>
            <runs>0 13 12 8 15 3 2 2 4</runs>
            <runs>59</runs>
            <runs>59</runs>
            <runs>28 2 16 3 2</runs>
            <runs>0 12 12 11 10 4 3</runs>
            <runs>0 12 12 11 10</runs>
            <runs>0 11 13 11 10</runs>
            <runs>0 10 14 11 1</runs>
            <runs>0 11 2 3 2</runs>
        </run-table>
    </sample>
    <sample shape="SHARP" interline="21" pitch="-5.5" left="599" top="1250" id="307">
        <run-table orientation="VERTICAL" width="21" height="61">
            <runs>0 17 9 12 10</runs>
            <runs>0 17 9 12 10</runs>
            <runs>0 16 10 12 10</runs>
            <runs>0 15 11 11 12 10 2</runs>
            <runs>0 3 46 3 9</runs>
            <runs>0 3 23 9 14 9 3</runs>
            <runs>0 13 12 11 11</runs>
            <runs>0 14 10 13 9</runs>
            <runs>0 13 11 13 9</runs>
            <runs>0 13 10 13 10</runs>
            <runs>0 12 11 13 10</runs>
            <runs>0 11 12 12 11</runs>
            <runs>0 10 13 9 14</runs>
            <runs>0 9 14 8 15</runs>
            <runs>4 1 52</runs>
            <runs>4 1 42</runs>
            <runs>0 8 13 8 17</runs>
            <runs>0 9 12 12 13</runs>
            <runs>0 9 11 13 13</runs>
            <runs>0 10 9 15 12</runs>
            <runs>0 11 7</runs>
        </run-table>
    </sample>
    <sample shape="SHARP" interline="21" pitch="-5.4" left="599" top="1253" id="306">
        <run-table orientation="VERTICAL" width="21" height="58">
            <runs>0 14 9 12 10</runs>
            <runs>0 14 9 12 10</runs>
            <runs>0 13 10 12 10</runs>
            <runs>0 12 11 11 12 10 2</runs>
            <runs>46 3 9</runs>
            <runs>23 9 14 9 3</runs>
            <runs>0 10 12 11 11</runs>
            <runs>0 11 10 13 9</runs>
            <runs>0 10 11 13 9</runs>
            <runs>0 10 10 13 10</runs>
            <runs>0 9 11 13 10</runs>
            <runs>0 8 12 12 11</runs>
            <runs>0 7 13 9 14</runs>
            <runs>0 6 14 8 15</runs>
            <runs>0 2 52</runs>
            <runs>0 2 42</runs>
            <runs>0 5 13 8 17</runs>
            <runs>0 6 12 12 13</runs>
            <runs>0 6 11 13 13</runs>
            <runs>0 7 9 15 12</runs>
            <runs>0 8 7</runs>
        </run-table>
    </sample>
    <sample shape="SHARP" interline="21" pitch="-1.2" left="697" top="2133" id="548">
        <run-table orientation="VERTICAL" width="22" height="66">
            <runs>0 24 2 15 8</runs>
            <runs>0 19 8 14 10</runs>
            <runs>0 18 9 14 10</runs>
            <runs>0 17 10 13 10</runs>
            <runs>0 11 18 1 22 5 9</runs>
            <runs>7 1 58</runs>
            <runs>0 9 1 2 16 3 31</runs>
            <runs>0 16 10 12 11</runs>
            <runs>0 16 10 12 10</runs>
            <runs>0 16 10 12 10</runs>
            <runs>0 16 9 13 9</runs>
            <runs>0 16 9 13 9</runs>
            <runs>0 15 10 12 10</runs>
            <runs>0 14 11 12 10</runs>
            <runs>11 1 13 9 14 4 5</runs>
            <runs>26 1 32</runs>
            <runs>26 3 19 2 8</runs>
            <runs>0 12 11 11 12</runs>
            <runs>0 12 11 12 10</runs>
            <runs>0 12 11 12 10</runs>
            <runs>0 13 11 11 10</runs>
            <runs>0 17 4</runs>
        </run-table>
    </sample>
    <sample shape="TIME_THREE" interline="21" pitch="-2.0" left="738" top="2137" id="576">
        <run-table orientation="VERTICAL" width="31" height="39">
            <runs>0 6 3 18 3</runs>
            <runs>0 4 7 15 6</runs>
            <runs>0 3 9 12 10</runs>
            <runs>0 2 11 10 12</runs>
            <runs>0 1 13 9 16</runs>
            <runs>14 8 17</runs>
            <runs>14 8 17</runs>
            <runs>14 9 16</runs>
            <runs>14 10 8 3 3</runs>
            <runs>13 12 6</runs>
            <runs>0 6 5 15 4</runs>
            <runs></runs>
            <runs></runs>
            <runs></runs>
            <runs></runs>
            <runs></runs>
            <runs>3</runs>
            <runs>4 10 7 14 1</runs>
            <runs>5 7 11 11 5</runs>
            <runs>39</runs>
            <runs>39</runs>
            <runs>39</runs>
            <runs>39</runs>
            <runs>0 1 38</runs>
            <runs>0 2 37</runs>
            <runs>0 2 13 2 19</runs>
            <runs>0 3 11 3 18</runs>
            <runs>0 4 9 4 17</runs>
            <runs>0 8 2 12 11</runs>
            <runs>0 24 7</runs>
            <runs>0 26 2</runs>
        </run-table>
    </sample>
    <sample shape="TIME_THREE" interline="21" pitch="-2.1" left="738" top="2413" id="586">
        <run-table orientation="VERTICAL" width="30" height="40">
            <runs>0 6 3 18 6</runs>
            <runs>0 3 7 14 10</runs>
            <runs>0 2 10 12 11</runs>
            <runs>13 10 13</runs>
            <runs>13 6 18</runs>
            <runs>13 6 19</runs>
            <runs>13 6 19</runs>
            <runs>13 5 4 1 10 2 4</runs>
            <runs>12 4 6 1 9 4 3</runs>
            <runs>0 4 8 4 6 2 7 6 2</runs>
            <runs>0 6 5 5 6 4 4 7 2</runs>
            <runs>0 16 6 15 3</runs>
            <runs>0 16 6 15 3</runs>
            <runs>0 16 6 15 3</runs>
            <runs>0 15 7 15 3</runs>
            <runs>0 1 1 13 7 15 3</runs>
            <runs>0 1 1 13 7 14 4</runs>
            <runs>0 1 2 11 8 13 5</runs>
            <runs>24 9 6</runs>
            <runs>39</runs>
            <runs>39</runs>
            <runs>38</runs>
            <runs>38</runs>
            <runs>16 2 19</runs>
            <runs>15 4 18</runs>
            <runs>14 5 17</runs>
            <runs>0 2 10 7 16</runs>
            <runs>0 4 7 8 15</runs>
            <runs>0 18 14</runs>
            <runs>0 25 5</runs>
        </run-table>
    </sample>
    <sample shape="TIME_THREE" interline="21" pitch="-2.0" left="738" top="2137" id="570">
        <run-table orientation="VERTICAL" width="31" height="41">
            <runs>0 6 3 18 3</runs>
            <runs>0 4 7 15 6</runs>
            <runs>0 3 9 12 10</runs>
            <runs>0 2 11 10 12</runs>
            <runs>0 1 13 9 18</runs>
            <runs>14 8 19</runs>
            <runs>14 8 19</runs>
            <runs>14 9 18</runs>
            <runs>14 10 8 3 3</runs>
            <runs>13 12 6</runs>
            <runs>0 6 5 15 4</runs>
            <runs></runs>
            <runs></runs>
            <runs></runs>
            <runs></runs>
            <runs></runs>
            <runs>3</runs>
            <runs>4 10 7 14 1</runs>
            <runs>5 7 11 11 7</runs>
            <runs>41</runs>
            <runs>41</runs>
            <runs>41</runs>
            <runs>40</runs>
            <runs>0 1 39</runs>
            <runs>0 2 39</runs>
            <runs>0 2 13 2 19</runs>
            <runs>0 3 11 3 18</runs>
            <runs>0 4 9 4 17</runs>
            <runs>0 8 2 12 11</runs>
            <runs>0 24 7</runs>
            <runs>0 26 2</runs>
        </run-table>
    </sample>
    <sample shape="TIME_FOUR" interline="21" pitch="2.3" left="737" top="2180" id="559">
        <run-table orientation="VERTICAL" width="32" height="39">
            <runs>0 30 2</runs>
            <runs>0 29 3</runs>
            <runs>0 27 5</runs>
            <runs>0 25 7</runs>
            <runs>0 23 9</runs>
            <runs>0 22 5 2 3</runs>
            <runs>0 16 10 4 1</runs>
            <runs>0 16 9 5 2</runs>
            <runs>0 14 10 6 2</runs>
            <runs>0 12 10 8 2</runs>
            <runs>0 8 13 9 2</runs>
            <runs>0 1 19 9 3</runs>
            <runs>0 1 18 10 3</runs>
            <runs>0 1 18 10 3</runs>
            <runs>0 1 18 10 3</runs>
            <runs>0 1 14 14 3</runs>
            <runs>0 1 12 16 10</runs>
            <runs>0 1 11 9 18</runs>
            <runs>0 1 10 5 23</runs>
            <runs>0 1 9 6 23</runs>
            <runs>0 1 7 8 23</runs>
            <runs>0 1 6 9 23</runs>
            <runs>0 1 6 9 23</runs>
            <runs>0 1 3 11 24</runs>
            <runs>3 11 25</runs>
            <runs>0 1 1 11 26</runs>
            <runs>0 12 27</runs>
            <runs>0 12 27</runs>
            <runs>0 27 12</runs>
            <runs>0 28 4 4 2</runs>
            <runs>0 29 2 6 1</runs>
            <runs>0 29 2 6 1</runs>
        </run-table>
    </sample>
    <sample shape="TIME_FOUR" interline="21" pitch="2.2" left="738" top="2458" id="589">
        <run-table orientation="VERTICAL" width="31" height="40">
            <runs>0 31 2</runs>
            <runs>0 29 4</runs>
            <runs>0 27 6</runs>
            <runs>0 25 8</runs>
            <runs>0 23 10</runs>
            <runs>0 18 9 3 3</runs>
            <runs>0 18 8 4 3</runs>
            <runs>0 17 7 6 3</runs>
            <runs>0 14 9 7 3</runs>
            <runs>0 9 13 8 3</runs>
            <runs>0 5 16 9 3</runs>
            <runs>21 9 3</runs>
            <runs>20 10 3</runs>
            <runs>21 9 3 5 1</runs>
            <runs>16 14 3 5 1</runs>
            <runs>15 14 4 5 1</runs>
            <runs>13 15 6 3 2</runs>
            <runs>12 6 22</runs>
            <runs>10 8 22</runs>
            <runs>9 9 22</runs>
            <runs>8 9 23</runs>
            <runs>7 9 24</runs>
            <runs>6 9 25</runs>
            <runs>4 10 26</runs>
            <runs>3 10 27</runs>
            <runs>1 10 29</runs>
            <runs>0 10 30</runs>
            <runs>0 11 10 3 16</runs>
            <runs>0 27 6 3 3</runs>
            <runs>0 28 4 5 2</runs>
            <runs>0 28 3 7 1</runs>
        </run-table>
    </sample>
    <sample shape="TIME_EIGHT" interline="21" pitch="2.0" left="643" top="1340" id="333">
        <run-table orientation="VERTICAL" width="31" height="40">
            <runs>0 9 2 17 5</runs>
            <runs>0 7 13 6 10</runs>
            <runs>0 5 15 5 12</runs>
            <runs>0 4 17 3 4 5 5</runs>
            <runs>0 3 18 2 3 9 5</runs>
            <runs>0 2 23 11 3</runs>
            <runs>0 2 22 13 2</runs>
            <runs>0 1 3 5 15 14 1</runs>
            <runs>0 1 2 8 13 14 1</runs>
            <runs>2 10 12 14 1</runs>
            <runs>2 10 12</runs>
            <runs>1 15 9</runs>
            <runs>1 12 12</runs>
            <runs>1 12 12</runs>
            <runs>1 13 12</runs>
            <runs>1 13 12</runs>
            <runs>1 13 12</runs>
            <runs>1 14 11</runs>
            <runs>1 14 12</runs>
            <runs>1 14 13</runs>
            <runs>0 1 1 13 13</runs>
            <runs>0 1 2 12 14</runs>
            <runs>0 1 3 10 16</runs>
            <runs>0 2 3 8 18 5 1</runs>
            <runs>0 3 5 1 29</runs>
            <runs>0 4 34</runs>
            <runs>0 5 32</runs>
            <runs>0 8 4 5 19</runs>
            <runs>0 17 18</runs>
            <runs>0 17 16</runs>
            <runs>0 26 4</runs>
        </run-table>
    </sample>
    <sample shape="TIME_EIGHT" interline="21" pitch="2.1" left="640" top="1677" id="336">
        <run-table orientation="VERTICAL" width="35" height="44">
            <runs>0 39 1</runs>
            <runs>0 39 1</runs>
            <runs>0 38 3</runs>
            <runs>0 34 7</runs>
            <runs>0 12 13 7 10</runs>
            <runs>0 11 15 5 13</runs>
            <runs>0 9 18 3 14</runs>
            <runs>0 8 26 7 2</runs>
            <runs>0 7 24</runs>
            <runs>0 6 24</runs>
            <runs>12 3 15</runs>
            <runs>0 6 5 6 13</runs>
            <runs>0 6 2 10 12</runs>
            <runs>0 6 2 10 12</runs>
            <runs>0 6 2 11 11</runs>
            <runs>0 5 3 11 11</runs>
            <runs>0 5 3 12 10</runs>
            <runs>0 5 3 12 10</runs>
            <runs>0 6 1 13 11</runs>
            <runs>0 6 1 13 10</runs>
            <runs>0 21 9</runs>
            <runs>0 6 2 13 9</runs>
            <runs>0 6 2 13 9</runs>
            <runs>0 7 2 12 9</runs>
            <runs>0 7 3 11 10</runs>
            <runs>0 7 4 9 11</runs>
            <runs>0 8 4 7 13 10 2</runs>
            <runs>0 9 4 2 21 1 1 2 4</runs>
            <runs>0 10 34</runs>
            <runs>0 11 33</runs>
            <runs>0 10 7 3 24</runs>
            <runs>0 8 5 9 20</runs>
            <runs>0 22 19</runs>
            <runs>0 26 2 1 11</runs>
            <runs>0 26 2 3 2</runs>
        </run-table>
    </sample>
    <sample shape="TIME_EIGHT" interline="21" pitch="2.1" left="640" top="1682" id="471">
        <run-table orientation="VERTICAL" width="35" height="39">
            <runs>0 34 1</runs>
            <runs>0 34 1</runs>
            <runs>0 33 3</runs>
            <runs>0 29 7</runs>
            <runs>0 7 13 7 10</runs>
            <runs>0 6 15 5 13</runs>
            <runs>0 4 18 3 14</runs>
            <runs>0 3 26 7 2</runs>
            <runs>0 2 24</runs>
            <runs>0 1 24</runs>
            <runs>7 3 15</runs>
            <runs>0 1 5 6 13</runs>
            <runs>0 1 2 10 12</runs>
            <runs>0 1 2 10 12</runs>
            <runs>0 1 2 11 11</runs>
            <runs>3 11 11</runs>
            <runs>3 12 10</runs>
            <runs>3 12 10</runs>
            <runs>0 1 1 13 11</runs>
            <runs>0 1 1 13 10</runs>
            <runs>0 16 9</runs>
            <runs>0 1 2 13 9</runs>
            <runs>0 1 2 13 9</runs>
            <runs>0 2 2 12 9</runs>
            <runs>0 2 3 11 10</runs>
            <runs>0 2 4 9 11</runs>
            <runs>0 3 4 7 13 10 2</runs>
            <runs>0 4 4 2 21 1 1 2 4</runs>
            <runs>0 5 34</runs>
            <runs>0 6 33</runs>
            <runs>0 5 7 3 24</runs>
            <runs>0 3 5 9 20</runs>
            <runs>0 17 19</runs>
            <runs>0 21 2 1 11</runs>
            <runs>0 21 2 3 2</runs>
        </run-table>
    </sample>
    <sample shape="TIME_NINE" interline="21" pitch="-2.1" left="640" top="1638" id="464">
        <run-table orientation="VERTICAL" width="34" height="39">
            <runs>0 7 2 1 5</runs>
            <runs>0 4 13</runs>
            <runs>0 3 18</runs>
            <runs>0 2 19</runs>
            <runs>21 7 6</runs>
            <runs>21 6 8</runs>
            <runs>21 5 10</runs>
            <runs>21 4 11</runs>
            <runs>21 4 12</runs>
            <runs>8 1 12 3 13</runs>
            <runs>3 8 1 13 12</runs>
            <runs>0 11 2 13 12</runs>
            <runs>0 12 2 12 8 2 2</runs>
            <runs>0 13 1 13 6 3 3</runs>
            <runs>0 36 3</runs>
            <runs>0 36 3</runs>
            <runs>0 36 3</runs>
            <runs>0 36 3</runs>
            <runs>0 35 3</runs>
            <runs>0 1 1 32 4</runs>
            <runs>0 1 2 29 5</runs>
            <runs>7 8 9 5 8</runs>
            <runs>36</runs>
            <runs>36</runs>
            <runs>36</runs>
            <runs>35</runs>
            <runs>33</runs>
            <runs>0 2 30</runs>
            <runs>0 3 28</runs>
            <runs>0 4 25</runs>
            <runs>0 7 21</runs>
            <runs>0 9 17</runs>
            <runs>0 12 11 12 1</runs>
            <runs>0 35 1</runs>
        </run-table>
    </sample>
    <sample shape="TIME_NINE" interline="21" pitch="-2.1" left="640" top="1296" id="330">
        <run-table orientation="VERTICAL" width="33" height="40">
            <runs>0 13 2</runs>
            <runs>0 8 13</runs>
            <runs>0 6 15</runs>
            <runs>0 5 16</runs>
            <runs>0 4 18</runs>
            <runs>0 3 19 10 4</runs>
            <runs>0 2 20 7 8</runs>
            <runs>23 5 10</runs>
            <runs>23 4 11</runs>
            <runs>23 4 12</runs>
            <runs>6 21 13</runs>
            <runs>4 23 13</runs>
            <runs>0 28 12</runs>
            <runs>0 29 7</runs>
            <runs>0 30 5 3 2</runs>
            <runs>0 38 2</runs>
            <runs>0 1 1 37 1</runs>
            <runs>0 1 1 37 1</runs>
            <runs>0 1 2 35 2</runs>
            <runs>4 34 2</runs>
            <runs>5 31 4</runs>
            <runs>9 26 4</runs>
            <runs>24 5 1 3 6</runs>
            <runs>39</runs>
            <runs>0 1 37</runs>
            <runs>0 2 36</runs>
            <runs>0 3 34</runs>
            <runs>0 4 32</runs>
            <runs>0 5 30</runs>
            <runs>0 7 26</runs>
            <runs>0 8 23</runs>
            <runs>0 10 19</runs>
            <runs>0 12 13 1 1</runs>
        </run-table>
    </sample>
    <sample shape="TIME_NINE" interline="21" pitch="-2.1" left="640" top="1638" id="454">
        <run-table orientation="VERTICAL" width="33" height="43">
            <runs>0 7 2 1 5</runs>
            <runs>0 4 13</runs>
            <runs>0 3 18</runs>
            <runs>0 2 19</runs>
            <runs>21 7 6</runs>
            <runs>21 6 8</runs>
            <runs>21 5 10</runs>
            <runs>21 4 11</runs>
            <runs>21 4 12</runs>
            <runs>8 1 12 3 13</runs>
            <runs>3 8 1 13 12</runs>
            <runs>0 11 2 13 12</runs>
            <runs>0 12 2 12 8 2 2</runs>
            <runs>0 13 1 13 6 3 7</runs>
            <runs>0 36 7</runs>
            <runs>0 36 7</runs>
            <runs>0 36 7</runs>
            <runs>0 36 7</runs>
            <runs>0 35 3</runs>
            <runs>0 1 1 32 4</runs>
            <runs>0 1 2 29 5</runs>
            <runs>7 8 9 5 8</runs>
            <runs>36</runs>
            <runs>36</runs>
            <runs>36</runs>
            <runs>35</runs>
            <runs>33</runs>
            <runs>0 2 30</runs>
            <runs>0 3 28</runs>
            <runs>0 4 25</runs>
            <runs>0 7 21</runs>
            <runs>0 9 17</runs>
            <runs>0 12 11</runs>
        </run-table>
    </sample>
    <sample shape="TIME_NINE" interline="21" pitch="-2.1" left="640" top="1638" id="463">
        <run-table orientation="VERTICAL" width="33" height="39">
            <runs>0 7 2 1 5</runs>
            <runs>0 4 13</runs>
            <runs>0 3 18</runs>
            <runs>0 2 19</runs>
            <runs>21 7 6</runs>
            <runs>21 6 8</runs>
            <runs>21 5 10</runs>
            <runs>21 4 11</runs>
            <runs>21 4 12</runs>
            <runs>8 1 12 3 13</runs>
            <runs>3 8 1 13 12</runs>
            <runs>0 11 2 13 12</runs>
            <runs>0 12 2 12 8 2 2</runs>
            <runs>0 13 1 13 6 3 3</runs>
            <runs>0 36 3</runs>
            <runs>0 36 3</runs>
            <runs>0 36 3</runs>
            <runs>0 36 3</runs>
            <runs>0 35 3</runs>
            <runs>0 1 1 32 4</runs>
            <runs>0 1 2 29 5</runs>
            <runs>7 8 9 5 8</runs>
            <runs>36</runs>
            <runs>36</runs>
            <runs>36</runs>
            <runs>35</runs>
            <runs>33</runs>
            <runs>0 2 30</runs>
            <runs>0 3 28</runs>
            <runs>0 4 25</runs>
            <runs>0 7 21</runs>
            <runs>0 9 17</runs>
            <runs>0 12 11</runs>
        </run-table>
    </sample>
    <sample shape="TIME_THREE_FOUR" interline="21" pitch="-0.0" left="737" top="2137" id="565">
        <run-table orientation="VERTICAL" width="32" height="82">
            <runs>0 73 2</runs>
            <runs>0 6 3 18 3 42 3</runs>
            <runs>0 4 7 15 6 38 5</runs>
            <runs>0 3 9 12 10 34 7</runs>
            <runs>0 2 11 10 12 31 9</runs>
            <runs>0 1 13 9 18 24 5 2 3</runs>
            <runs>14 8 19 18 10 4 1</runs>
            <runs>14 8 19 18 9 5 2</runs>
            <runs>14 9 18 16 10 6 2</runs>
            <runs>14 10 8 3 3 17 10 8 2</runs>
            <runs>13 12 6 20 13 9 2</runs>
            <runs>0 6 5 15 4 14 19 9 3</runs>
            <runs>0 44 18 10 3</runs>
            <runs>0 44 18 10 3</runs>
            <runs>0 44 18 10 3</runs>
            <runs>0 44 14 14 3</runs>
            <runs>0 44 12 16 10</runs>
            <runs>3 41 11 9 18</runs>
            <runs>4 10 7 14 1 8 10 5 23</runs>
            <runs>5 7 11 11 7 3 9 6 23</runs>
            <runs>41 3 7 8 23</runs>
            <runs>41 3 6 9 23</runs>
            <runs>41 3 6 9 23</runs>
            <runs>40 4 3 11 24</runs>
            <runs>0 1 39 3 3 11 25</runs>
            <runs>0 2 39 3 1 11 26</runs>
            <runs>0 2 13 2 19 19 27</runs>
            <runs>0 3 11 3 18 20 27</runs>
            <runs>0 4 9 4 17 36 12</runs>
            <runs>0 8 2 12 11 38 4 4 2</runs>
            <runs>0 24 7 41 2 6 1</runs>
            <runs>0 26 2 44 2 6 1</runs>
        </run-table>
    </sample>
    <sample shape="TIME_THREE_FOUR" interline="21" pitch="-0.1" left="738" top="2413" id="582">
        <run-table orientation="VERTICAL" width="31" height="85">
            <runs>0 6 3 18 6 43 2</runs>
            <runs>0 3 7 14 10 40 4</runs>
            <runs>0 2 10 12 11 37 6</runs>
            <runs>13 10 13 34 8</runs>
            <runs>13 6 18 31 10</runs>
            <runs>13 6 19 25 9 3 3</runs>
            <runs>13 6 19 25 8 4 3</runs>
            <runs>13 5 4 1 10 2 4 23 7 6 3</runs>
            <runs>12 4 6 1 9 4 3 20 9 7 3</runs>
            <runs>0 4 8 4 6 2 7 6 2 15 13 8 3</runs>
            <runs>0 6 5 5 6 4 4 7 2 11 16 9 3</runs>
            <runs>0 16 6 15 29 9 3</runs>
            <runs>0 16 6 15 7 1 20 10 3</runs>
            <runs>0 16 6 15 7 1 21 9 3 5 1</runs>
            <runs>0 15 7 15 7 1 16 14 3 5 1</runs>
            <runs>0 1 1 13 7 15 23 14 4 5 1</runs>
            <runs>0 1 1 13 7 14 7 1 14 15 6 3 2</runs>
            <runs>0 1 2 11 8 13 8 1 13 6 22</runs>
            <runs>24 9 6 1 15 8 22</runs>
            <runs>39 1 14 9 22</runs>
            <runs>39 1 13 9 23</runs>
            <runs>38 2 12 9 24</runs>
            <runs>38 2 11 9 25</runs>
            <runs>16 2 19 3 9 10 26</runs>
            <runs>15 4 18 3 8 10 27</runs>
            <runs>14 5 17 7 3 10 29</runs>
            <runs>0 2 10 7 16 20 30</runs>
            <runs>0 4 7 8 15 22 10 3 16</runs>
            <runs>0 18 14 40 6 3 3</runs>
            <runs>0 25 5 43 4 5 2</runs>
            <runs>0 73 3 7 1</runs>
        </run-table>
    </sample>
</samples>
