<?xml version="1.0" encoding="UTF-8" standalone="yes"?>
<samples sheet-name="IMSLP00120#35">
    <sample shape="G_CLEF" interline="18" pitch="0.1" left="333" top="433" id="228">
        <run-table orientation="VERTICAL" width="53" height="141">
            <runs>0 72 15</runs>
            <runs>0 72 22</runs>
            <runs>0 70 24</runs>
            <runs>0 67 29</runs>
            <runs>0 66 32</runs>
            <runs>0 64 35</runs>
            <runs>0 63 38 23 4</runs>
            <runs>0 61 41 18 12</runs>
            <runs>0 60 21 9 13 16 15</runs>
            <runs>0 59 20 17 8 14 17</runs>
            <runs>0 54 23 21 7 12 19</runs>
            <runs>0 54 22 24 6 10 21</runs>
            <runs>0 54 21 26 5 10 21</runs>
            <runs>0 54 21 27 8 6 22</runs>
            <runs>0 54 21 28 7 6 23</runs>
            <runs>0 53 17 34 7 5 23</runs>
            <runs>0 52 17 14 10 11 7 5 24</runs>
            <runs>0 51 17 13 13 22 18 1 5</runs>
            <runs>0 51 16 12 17 20 18 2 4</runs>
            <runs>0 50 16 12 19 19 17 3 4</runs>
            <runs>0 49 16 12 21 19 16 4 3</runs>
            <runs>0 48 16 8 27 18 16 4 4</runs>
            <runs>0 47 16 10 13 8 6 18 14 5 4</runs>
            <runs>0 46 17 10 12 11 5 18 12 7 3</runs>
            <runs>0 19 21 5 17 11 11 13 4 19 10 7 4</runs>
            <runs>0 15 28 1 17 12 10 15 4 19 8 8 4</runs>
            <runs>0 12 49 11 11 16 3 22 3 10 3</runs>
            <runs>0 11 50 11 10 17 3 34 4</runs>
            <runs>0 10 22 1 30 8 11 18 2 34 4</runs>
            <runs>0 9 17 10 29 5 12 53 4</runs>
            <runs>0 7 17 13 45 53 4</runs>
            <runs>0 5 16 16 48 49 4</runs>
            <runs>0 5 15 17 21 9 29 37 4</runs>
            <runs>0 4 14 19 21 12 42 19 6</runs>
            <runs>0 3 14 20 21 12 15 5 27 11 8</runs>
            <runs>0 2 14 20 17 18 11 19 33</runs>
            <runs>0 2 13 21 16 19 11 24 26</runs>
            <runs>0 1 13 21 16 20 11 32 15</runs>
            <runs>0 1 13 20 16 21 11</runs>
            <runs>13 19 17 22 12</runs>
            <runs>0 1 13 16 17 25 11</runs>
            <runs>0 4 11 13 18 26 11</runs>
            <runs>0 6 13 4 21 29 11 20 7</runs>
            <runs>0 10 32 31 12 18 8</runs>
            <runs>0 14 27 32 12 17 9</runs>
            <runs>0 19 22 32 13 15 5</runs>
            <runs>0 27 2 44 15 11 7</runs>
            <runs>0 73 20 4 8</runs>
            <runs>0 73 30</runs>
            <runs>0 78 24</runs>
            <runs>0 79 22</runs>
            <runs>0 81 18</runs>
            <runs>0 83 13</runs>
        </run-table>
    </sample>
    <sample shape="F_CLEF" interline="18" pitch="-1.7" left="350" top="2742" id="340">
        <run-table orientation="VERTICAL" width="51" height="57">
            <runs>0 13 9</runs>
            <runs>0 10 13</runs>
            <runs>0 8 16</runs>
            <runs>0 8 17</runs>
            <runs>0 7 18</runs>
            <runs>0 6 20</runs>
            <runs>9 3 14</runs>
            <runs>9 3 15</runs>
            <runs>8 4 15</runs>
            <runs>7 5 15 23 7</runs>
            <runs>0 12 15 23 7</runs>
            <runs>0 12 15 23 7</runs>
            <runs>0 12 15 22 8</runs>
            <runs>0 12 15 21 9</runs>
            <runs>0 13 13 22 4</runs>
            <runs>0 13 12 22 5</runs>
            <runs>0 14 10 23 5</runs>
            <runs>0 15 8 23 6</runs>
            <runs>0 45 6</runs>
            <runs>0 44 7</runs>
            <runs>0 43 7</runs>
            <runs>0 41 9</runs>
            <runs>0 37 12</runs>
            <runs>0 37 12</runs>
            <runs>7 30 11</runs>
            <runs>8 28 11</runs>
            <runs>10 24 12</runs>
            <runs>11 21 14</runs>
            <runs>15 13 17</runs>
            <runs>44</runs>
            <runs>43</runs>
            <runs>41</runs>
            <runs>41</runs>
            <runs>0 6 34</runs>
            <runs>0 6 34</runs>
            <runs>0 9 27</runs>
            <runs>0 11 23</runs>
            <runs>0 11 23</runs>
            <runs>0 13 18</runs>
            <runs>0 15 14</runs>
            <runs></runs>
            <runs></runs>
            <runs>0 10 3 15 2</runs>
            <runs>0 9 5 13 4</runs>
            <runs>0 8 7 11 6</runs>
            <runs>0 8 8 9 8</runs>
            <runs>0 7 9 9 8</runs>
            <runs>0 7 9 9 8</runs>
            <runs>0 7 8 10 8</runs>
            <runs>0 7 8 11 7</runs>
            <runs>0 9 4 14 5</runs>
        </run-table>
    </sample>
</samples>
