<?xml version="1.0" encoding="UTF-8" standalone="yes"?>
<samples sheet-name="IMSLP00121#31">
    <sample shape="FLAT" interline="18" pitch="-2.0" left="404" top="2626" id="466">
        <run-table orientation="VERTICAL" width="21" height="49">
            <runs>0 1 13</runs>
            <runs>0 1 29</runs>
            <runs>48</runs>
            <runs>0 1 48</runs>
            <runs>0 1 47</runs>
            <runs>0 2 33 1 2 2 8</runs>
            <runs></runs>
            <runs></runs>
            <runs>0 41 1</runs>
            <runs>0 40 2</runs>
            <runs>0 39 3</runs>
            <runs>0 37 10</runs>
            <runs>0 34 8</runs>
            <runs>0 24 17</runs>
            <runs>0 24 17</runs>
            <runs>0 24 16</runs>
            <runs>0 25 14</runs>
            <runs>0 25 13</runs>
            <runs>0 25 12</runs>
            <runs>0 25 11</runs>
            <runs>0 30 3</runs>
        </run-table>
    </sample>
</samples>
