<?xml version="1.0" encoding="UTF-8" standalone="yes"?>
<samples sheet-name="IMSLP08541#33">
    <sample shape="G_CLEF" interline="21" pitch="0.6" left="462" top="507" id="203">
        <run-table orientation="VERTICAL" width="59" height="165">
            <runs>0 92 4</runs>
            <runs>0 78 24</runs>
            <runs>0 78 25</runs>
            <runs>0 74 33</runs>
            <runs>0 73 37</runs>
            <runs>0 72 40</runs>
            <runs>0 70 43</runs>
            <runs>0 68 46</runs>
            <runs>0 66 49</runs>
            <runs>0 65 32 2 18 34 2</runs>
            <runs>0 64 29 15 10 29 8</runs>
            <runs>0 63 25 24 7 26 11</runs>
            <runs>0 57 29 27 10 19 15</runs>
            <runs>0 57 27 30 9 17 18</runs>
            <runs>0 57 26 32 9 16 20</runs>
            <runs>0 57 24 35 8 15 22</runs>
            <runs>0 56 24 37 7 14 23</runs>
            <runs>0 55 26 37 2 18 24</runs>
            <runs>0 54 22 19 2 1 7 14 1 18 25</runs>
            <runs>0 53 22 15 16 13 1 17 27</runs>
            <runs>0 52 22 14 20 29 27</runs>
            <runs>0 51 21 14 24 27 21 1 5</runs>
            <runs>0 51 20 7 34 25 21 2 4</runs>
            <runs>0 50 20 8 26 4 6 23 20 4 3</runs>
            <runs>0 49 20 9 19 14 4 23 14 1 4 4 4</runs>
            <runs>0 48 20 10 18 16 3 24 18 4 4</runs>
            <runs>0 48 19 11 16 19 2 24 17 5 4</runs>
            <runs>0 29 12 6 19 11 16 47 16 6 3</runs>
            <runs>0 22 43 11 16 49 14 7 3</runs>
            <runs>0 20 45 11 15 51 11 9 3</runs>
            <runs>0 18 49 8 15 54 7 10 4</runs>
            <runs>0 15 12 13 30 3 17 71 4</runs>
            <runs>0 13 13 14 50 71 4</runs>
            <runs>0 12 12 16 21 4 25 70 5</runs>
            <runs>0 11 11 18 12 1 7 11 19 70 4</runs>
            <runs>0 10 11 14 25 12 20 67 5</runs>
            <runs>0 8 12 14 26 13 31 55 5</runs>
            <runs>0 7 11 16 26 13 35 51 5</runs>
            <runs>0 6 11 17 26 13 15 7 16 47 5</runs>
            <runs>0 5 11 18 20 19 15 10 26 34 5</runs>
            <runs>0 5 10 19 18 21 15 11 26 32 5</runs>
            <runs>0 4 11 19 17 22 15 22 19 27 5</runs>
            <runs>0 3 11 19 17 23 16 24 20 2 3 16 6</runs>
            <runs>0 2 11 17 19 25 15 27 25 2 2 6 8</runs>
            <runs>0 1 12 16 18 27 15 27 41</runs>
            <runs>12 16 17 29 15 27 8 7 25</runs>
            <runs>0 1 11 16 16 31 15 25 4 15 22</runs>
            <runs>0 3 10 12 17 33 16 23 4 29 3</runs>
            <runs>0 5 35 36 15 22 4</runs>
            <runs>0 7 31 38 16 20 4</runs>
            <runs>0 11 27 39 16 17 6</runs>
            <runs>0 15 15 48 17 13 7</runs>
            <runs>0 78 18 10 7</runs>
            <runs>0 78 34</runs>
            <runs>0 78 32</runs>
            <runs>0 78 31</runs>
            <runs>0 84 23</runs>
            <runs>0 88 16</runs>
            <runs>0 92 11</runs>
        </run-table>
    </sample>
    <sample shape="G_CLEF" interline="21" pitch="0.3" left="468" top="1137" id="254">
        <run-table orientation="VERTICAL" width="59" height="163">
            <runs>0 86 1 3 1</runs>
            <runs>0 78 23</runs>
            <runs>0 76 26</runs>
            <runs>0 74 31</runs>
            <runs>0 72 34</runs>
            <runs>0 70 38</runs>
            <runs>0 69 41</runs>
            <runs>0 67 44</runs>
            <runs>0 65 31 1 7 2 7</runs>
            <runs>0 64 29 14 7 32 4</runs>
            <runs>0 63 28 18 6 29 8</runs>
            <runs>0 61 24 26 5 24 15</runs>
            <runs>0 56 28 28 5 22 17</runs>
            <runs>0 56 26 31 5 20 19</runs>
            <runs>0 56 25 33 5 18 21</runs>
            <runs>0 56 24 35 7 15 21</runs>
            <runs>0 56 24 36 7 13 23</runs>
            <runs>0 55 25 37 2 17 24</runs>
            <runs>0 54 21 20 7 15 2 17 25</runs>
            <runs>0 53 21 14 15 15 1 17 18 3 4</runs>
            <runs>0 52 21 12 20 13 1 17 18 4 3</runs>
            <runs>0 51 20 12 25 10 1 17 18 4 4</runs>
            <runs>0 50 20 8 25 2 5 26 19 4 3</runs>
            <runs>0 49 21 8 19 10 5 25 17 5 3</runs>
            <runs>0 48 21 9 17 13 5 25 16 6 2</runs>
            <runs>0 47 21 10 15 18 2 25 15 7 2</runs>
            <runs>0 47 19 12 14 47 13 8 2</runs>
            <runs>0 24 16 2 24 10 15 49 12 8 3</runs>
            <runs>0 22 43 11 14 51 9 10 3</runs>
            <runs>0 20 45 10 15 53 6 11 3</runs>
            <runs>0 17 49 8 15 71 3</runs>
            <runs>0 14 13 15 47 71 2</runs>
            <runs>0 13 11 18 47 70 3</runs>
            <runs>0 11 11 18 20 5 24 70 3</runs>
            <runs>0 10 11 18 20 11 19 70 3</runs>
            <runs>0 9 11 14 25 12 24 63 4</runs>
            <runs>0 7 11 16 25 13 31 55 4</runs>
            <runs>0 6 11 17 25 13 35 50 4</runs>
            <runs>0 5 12 17 25 13 15 7 19 44 4</runs>
            <runs>0 4 11 19 19 19 15 11 25 33 4</runs>
            <runs>0 3 12 18 19 20 15 18 21 29 4</runs>
            <runs>0 2 12 19 18 21 15 24 22 20 6</runs>
            <runs>0 1 12 19 18 23 15 26 25 12 6</runs>
            <runs>0 1 12 18 17 25 15 27 41</runs>
            <runs>0 1 11 17 18 27 14 26 9 5 26</runs>
            <runs>11 17 17 29 15 25 9 11 18</runs>
            <runs>0 1 10 16 16 32 14 24 5</runs>
            <runs>0 2 9 12 18 34 15 22 5</runs>
            <runs>0 3 11 6 20 36 14 21 5</runs>
            <runs>0 6 32 39 14 19 5</runs>
            <runs>0 10 28 39 15 17 6</runs>
            <runs>0 15 15 48 16 13 6</runs>
            <runs>0 78 17 10 7</runs>
            <runs>0 78 32</runs>
            <runs>0 78 30</runs>
            <runs>0 83 23</runs>
            <runs>0 85 19</runs>
            <runs>0 88 14</runs>
            <runs>0 91 1</runs>
        </run-table>
    </sample>
    <sample shape="G_CLEF" interline="21" pitch="0.3" left="473" top="1716" id="314">
        <run-table orientation="VERTICAL" width="58" height="164">
            <runs>0 77 24</runs>
            <runs>0 75 27</runs>
            <runs>0 74 31</runs>
            <runs>0 71 36</runs>
            <runs>0 69 39</runs>
            <runs>0 68 42</runs>
            <runs>0 67 45</runs>
            <runs>0 65 32 1 15 34 5</runs>
            <runs>0 64 29 13 8 29 11</runs>
            <runs>0 63 26 20 6 26 15</runs>
            <runs>0 61 26 24 6 22 18</runs>
            <runs>0 60 25 27 5 21 21</runs>
            <runs>0 55 28 30 5 20 21</runs>
            <runs>0 55 26 33 9 14 23</runs>
            <runs>0 56 24 36 7 14 24</runs>
            <runs>0 55 25 37 2 18 24</runs>
            <runs>0 55 25 37 2 18 25</runs>
            <runs>0 53 22 16 11 16 1 18 19 2 4</runs>
            <runs>0 52 22 15 16 13 1 18 19 3 3</runs>
            <runs>0 51 22 12 22 30 19 4 3</runs>
            <runs>0 50 21 13 24 29 19 4 3</runs>
            <runs>0 49 20 13 29 26 19 5 2</runs>
            <runs>0 48 20 10 18 12 5 25 17 6 2</runs>
            <runs>0 48 19 10 18 14 5 25 15 7 2</runs>
            <runs>0 47 19 11 17 17 3 25 15 7 3</runs>
            <runs>0 46 19 12 15 48 13 8 3</runs>
            <runs>0 45 19 13 14 50 11 9 3</runs>
            <runs>0 26 16 1 21 12 14 57 2 12 3</runs>
            <runs>0 24 39 12 14 72 3</runs>
            <runs>0 20 44 10 15 72 2</runs>
            <runs>0 17 51 5 15 73 2</runs>
            <runs>0 16 55 1 16 72 3</runs>
            <runs>0 14 12 13 49 72 3</runs>
            <runs>0 12 11 16 20 5 24 72 3</runs>
            <runs>0 10 12 16 20 13 20 68 4</runs>
            <runs>0 9 12 17 20 13 35 53 3</runs>
            <runs>0 7 13 12 26 14 35 51 4</runs>
            <runs>0 6 12 15 25 14 15 8 28 34 4</runs>
            <runs>0 4 13 16 25 14 14 11 26 33 5</runs>
            <runs>0 3 13 17 19 20 14 12 34 23 5</runs>
            <runs>0 3 11 19 18 21 14 23 29 13 8</runs>
            <runs>0 2 12 18 18 22 14 29 42</runs>
            <runs>0 2 11 19 16 25 14 28 8 3 29</runs>
            <runs>0 1 12 18 16 26 14 28 8 7 24</runs>
            <runs>12 17 16 28 15 27 4 17 1 12 1</runs>
            <runs>11 17 16 30 14 26 4</runs>
            <runs>10 16 17 32 14 24 5</runs>
            <runs>11 14 16 34 15 22 5</runs>
            <runs>12 9 17 38 15 19 6</runs>
            <runs>0 2 12 5 18 39 17 16 6</runs>
            <runs>0 5 31 41 17 14 5</runs>
            <runs>0 8 28 41 19 9 7</runs>
            <runs>0 13 16 48 34</runs>
            <runs>0 22 2 53 32</runs>
            <runs>0 82 25</runs>
            <runs>0 84 21</runs>
            <runs>0 87 17</runs>
            <runs>0 91 11</runs>
        </run-table>
    </sample>
    <sample shape="G_CLEF" interline="21" pitch="0.4" left="476" top="2329" id="362">
        <run-table orientation="VERTICAL" width="59" height="164">
            <runs>0 88 3 2 1</runs>
            <runs>0 77 23</runs>
            <runs>0 76 25</runs>
            <runs>0 72 33</runs>
            <runs>0 70 37</runs>
            <runs>0 69 40</runs>
            <runs>0 68 43</runs>
            <runs>0 66 46</runs>
            <runs>0 64 49</runs>
            <runs>0 63 32 11 8 30 9</runs>
            <runs>0 62 28 19 6 27 13</runs>
            <runs>0 60 27 23 6 25 15</runs>
            <runs>0 55 30 26 6 22 18</runs>
            <runs>0 55 27 30 6 21 20</runs>
            <runs>0 55 25 33 9 16 22</runs>
            <runs>0 54 26 35 7 15 23</runs>
            <runs>0 54 25 37 3 18 24</runs>
            <runs>0 54 25 38 2 18 24</runs>
            <runs>0 53 22 17 9 16 2 18 24</runs>
            <runs>0 51 22 15 17 13 1 17 26</runs>
            <runs>0 51 21 14 21 11 1 18 19 2 4</runs>
            <runs>0 50 21 12 25 29 19 3 3</runs>
            <runs>0 49 21 12 28 27 19 3 4</runs>
            <runs>0 48 21 12 20 5 7 24 19 4 4</runs>
            <runs>0 47 21 9 17 15 5 24 17 5 4</runs>
            <runs>0 47 19 10 17 18 3 25 16 5 4</runs>
            <runs>0 46 19 11 16 48 14 6 4</runs>
            <runs>0 29 1 15 20 11 15 50 12 8 3</runs>
            <runs>0 26 15 1 22 11 15 52 10 9 3</runs>
            <runs>0 21 43 11 14 57 5 9 4</runs>
            <runs>0 17 47 10 15 71 4</runs>
            <runs>0 15 54 5 15 71 4</runs>
            <runs>0 14 11 15 49 71 4</runs>
            <runs>0 11 12 17 49 71 3</runs>
            <runs>0 10 12 17 19 9 1 2 19 70 4</runs>
            <runs>0 8 12 18 20 13 22 66 4</runs>
            <runs>0 8 11 14 25 13 33 54 5</runs>
            <runs>0 6 12 15 25 13 17 2 18 50 4</runs>
            <runs>0 5 12 16 20 19 15 8 19 43 5</runs>
            <runs>0 4 12 17 19 20 15 10 27 32 5</runs>
            <runs>0 4 11 18 17 22 15 11 28 28 6</runs>
            <runs>0 3 11 18 18 22 15 21 25 20 6</runs>
            <runs>0 2 11 18 18 23 15 27 30 5 9</runs>
            <runs>0 1 11 19 16 26 14 28 42</runs>
            <runs>11 19 16 27 15 27 8 9 22</runs>
            <runs>11 17 17 28 15 27 4 18 14</runs>
            <runs>11 15 18 30 14 26 4</runs>
            <runs>11 14 17 32 15 24 4</runs>
            <runs>11 12 18 34 15 22 4</runs>
            <runs>0 2 12 4 20 37 16 19 6</runs>
            <runs>0 4 32 40 16 17 6</runs>
            <runs>0 6 30 41 17 13 6</runs>
            <runs>0 12 15 49 26 2 8</runs>
            <runs>0 76 35</runs>
            <runs>0 76 33</runs>
            <runs>0 82 25</runs>
            <runs>0 85 20</runs>
            <runs>0 88 15</runs>
            <runs>0 93 8</runs>
        </run-table>
    </sample>
    <sample shape="G_CLEF" interline="21" pitch="0.4" left="476" top="2924" id="411">
        <run-table orientation="VERTICAL" width="58" height="164">
            <runs>0 77 24</runs>
            <runs>0 77 25</runs>
            <runs>0 74 29</runs>
            <runs>0 72 35</runs>
            <runs>0 68 40</runs>
            <runs>0 67 43</runs>
            <runs>0 66 45</runs>
            <runs>0 65 47 32 6</runs>
            <runs>0 64 29 13 7 30 11</runs>
            <runs>0 62 27 19 7 27 14</runs>
            <runs>0 60 26 24 6 24 17</runs>
            <runs>0 56 28 28 5 21 20</runs>
            <runs>0 56 26 31 5 20 21</runs>
            <runs>0 56 25 33 9 14 23</runs>
            <runs>0 55 25 35 8 14 23</runs>
            <runs>0 55 25 36 7 14 24</runs>
            <runs>0 54 22 41 2 18 24</runs>
            <runs>0 53 21 21 4 18 2 17 20 1 5</runs>
            <runs>0 52 21 15 15 15 1 17 19 3 4</runs>
            <runs>0 51 21 14 20 12 1 17 19 4 4</runs>
            <runs>0 50 20 15 24 9 1 18 18 4 4</runs>
            <runs>0 49 20 8 34 26 19 4 3</runs>
            <runs>0 48 21 8 20 9 6 25 18 5 3</runs>
            <runs>0 48 20 9 18 14 4 25 17 5 3</runs>
            <runs>0 47 20 10 16 19 1 25 16 7 2</runs>
            <runs>0 46 19 12 15 47 14 8 3</runs>
            <runs>0 32 7 6 19 12 15 49 12 9 3</runs>
            <runs>0 25 39 11 15 52 9 10 3</runs>
            <runs>0 21 43 11 15 56 1 14 3</runs>
            <runs>0 19 45 10 15 72 3</runs>
            <runs>0 17 52 4 15 73 3</runs>
            <runs>0 14 13 12 49 72 3</runs>
            <runs>0 12 13 15 48 72 3</runs>
            <runs>0 11 12 16 20 9 21 70 4</runs>
            <runs>0 9 12 13 25 12 24 64 3</runs>
            <runs>0 8 12 13 26 13 32 54 4</runs>
            <runs>0 7 12 14 26 13 16 4 16 1 2 7 1 38 4</runs>
            <runs>0 6 11 16 26 13 15 7 22 1 2 37 5</runs>
            <runs>0 5 11 17 20 19 15 11 26 31 5</runs>
            <runs>0 4 11 18 19 21 14 19 26 21 7</runs>
            <runs>0 3 11 18 19 21 15 26 28 9 9</runs>
            <runs>0 2 11 19 18 22 15 28 42</runs>
            <runs>0 2 11 18 18 24 14 28 10 1 30</runs>
            <runs>0 1 11 18 18 25 15 27 4 13 21</runs>
            <runs>12 16 18 27 15 27 3 22 2</runs>
            <runs>11 16 17 30 14 26 3</runs>
            <runs>11 15 17 32 14 24 4</runs>
            <runs>0 1 11 11 18 34 15 22 4</runs>
            <runs>0 2 11 7 20 36 15 20 4</runs>
            <runs>0 4 34 39 15 17 5</runs>
            <runs>0 5 32 40 18 12 6</runs>
            <runs>0 7 1 6 17 47 34</runs>
            <runs>0 78 32</runs>
            <runs>0 78 30</runs>
            <runs>0 83 24</runs>
            <runs>0 85 19</runs>
            <runs>0 89 13</runs>
            <runs>0 94 2</runs>
        </run-table>
    </sample>
    <sample shape="G_CLEF" interline="21" pitch="0.6" left="462" top="507" id="205">
        <run-table orientation="VERTICAL" width="59" height="165">
            <runs>0 92 4</runs>
            <runs>0 78 24</runs>
            <runs>0 78 25</runs>
            <runs>0 74 33</runs>
            <runs>0 73 37</runs>
            <runs>0 72 40</runs>
            <runs>0 70 43</runs>
            <runs>0 68 46</runs>
            <runs>0 66 49</runs>
            <runs>0 65 32 2 18 34 2</runs>
            <runs>0 64 29 15 10 29 8</runs>
            <runs>0 63 25 24 7 26 11</runs>
            <runs>0 57 29 27 10 19 15</runs>
            <runs>0 57 27 30 9 17 18</runs>
            <runs>0 57 26 32 9 16 20</runs>
            <runs>0 57 24 35 8 15 22</runs>
            <runs>0 56 24 37 7 14 23</runs>
            <runs>0 55 26 37 2 18 24</runs>
            <runs>0 54 22 19 2 1 7 14 1 18 25</runs>
            <runs>0 53 22 15 16 13 1 17 27</runs>
            <runs>0 52 22 14 20 16 1 12 27</runs>
            <runs>0 51 21 14 24 14 2 11 21 1 5</runs>
            <runs>0 51 20 7 34 12 2 11 21 2 4</runs>
            <runs>0 50 20 8 26 4 6 10 2 11 20 4 3</runs>
            <runs>0 49 20 9 19 14 4 9 2 12 14 1 4 4 4</runs>
            <runs>0 48 20 10 18 16 3 9 2 13 18 4 4</runs>
            <runs>0 48 19 11 16 19 2 9 2 13 17 5 4</runs>
            <runs>0 29 12 6 19 11 16 31 2 14 16 6 3</runs>
            <runs>0 22 43 11 16 32 2 15 14 7 3</runs>
            <runs>0 20 45 11 15 33 2 16 11 9 3</runs>
            <runs>0 18 49 8 15 34 2 18 7 10 4</runs>
            <runs>0 15 12 13 30 3 17 34 2 35 4</runs>
            <runs>0 13 13 14 50 34 2 35 4</runs>
            <runs>0 12 12 16 21 4 25 34 2 34 5</runs>
            <runs>0 11 11 18 12 1 7 11 19 34 1 35 4</runs>
            <runs>0 10 11 14 25 12 20 67 5</runs>
            <runs>0 8 12 14 26 13 31 55 5</runs>
            <runs>0 7 11 16 26 13 35 51 5</runs>
            <runs>0 6 11 17 26 13 15 7 16 47 5</runs>
            <runs>0 5 11 18 20 19 15 10 26 34 5</runs>
            <runs>0 5 10 19 18 21 15 11 26 32 5</runs>
            <runs>0 4 11 19 17 22 15 22 19 27 5</runs>
            <runs>0 3 11 19 17 23 16 24 20 2 3 16 6</runs>
            <runs>0 2 11 17 19 25 15 27 25 2 2 6 8</runs>
            <runs>0 1 12 16 18 27 15 27 41</runs>
            <runs>12 16 17 29 15 27 8 7 25</runs>
            <runs>0 1 11 16 16 31 15 25 4 15 22</runs>
            <runs>0 3 10 12 17 33 16 23 4 29 3</runs>
            <runs>0 5 35 36 15 22 4</runs>
            <runs>0 7 31 38 16 20 4</runs>
            <runs>0 11 27 39 16 17 6</runs>
            <runs>0 15 15 48 17 13 7</runs>
            <runs>0 78 18 10 7</runs>
            <runs>0 78 34</runs>
            <runs>0 78 32</runs>
            <runs>0 78 31</runs>
            <runs>0 84 23</runs>
            <runs>0 88 16</runs>
            <runs>0 92 11</runs>
        </run-table>
    </sample>
    <sample shape="F_CLEF" interline="21" pitch="-1.4" left="462" top="798" id="215">
        <run-table orientation="VERTICAL" width="65" height="80">
            <runs>0 78 2</runs>
            <runs>0 77 3</runs>
            <runs>0 77 3</runs>
            <runs>0 77 2</runs>
            <runs>0 76 3</runs>
            <runs>0 76 2</runs>
            <runs>0 75 3</runs>
            <runs>0 15 11 49 2</runs>
            <runs>0 14 12 48 3</runs>
            <runs>0 12 16 46 2</runs>
            <runs>0 10 19 44 2</runs>
            <runs>0 9 21 42 3</runs>
            <runs>0 8 23 40 3</runs>
            <runs>0 7 25 39 3</runs>
            <runs>0 6 4 4 19 37 3</runs>
            <runs>0 1 8 5 19 36 4</runs>
            <runs>0 1 7 6 19 32 8</runs>
            <runs>0 5 2 7 20 31 7</runs>
            <runs>0 5 1 8 20 35 2</runs>
            <runs>0 5 1 8 19 36 2</runs>
            <runs>0 14 19 36 1</runs>
            <runs>0 15 17</runs>
            <runs>0 15 16</runs>
            <runs>0 16 14 33 1</runs>
            <runs>0 17 12 33 2</runs>
            <runs>0 18 9 35 2</runs>
            <runs>0 61 7</runs>
            <runs>0 59 9</runs>
            <runs>0 58 10</runs>
            <runs>0 4 1 52 11</runs>
            <runs>0 4 1 50 8</runs>
            <runs>0 4 2 48 8</runs>
            <runs>0 4 2 46 9</runs>
            <runs>7 42 11</runs>
            <runs>8 36 15</runs>
            <runs>9 34 15</runs>
            <runs>10 31 16</runs>
            <runs>12 26 18</runs>
            <runs>0 1 14 2 1 14 23</runs>
            <runs>54</runs>
            <runs>53</runs>
            <runs>52</runs>
            <runs>50</runs>
            <runs>0 5 44</runs>
            <runs>0 7 40</runs>
            <runs>0 8 39</runs>
            <runs>0 8 39</runs>
            <runs>0 10 37</runs>
            <runs>0 11 36</runs>
            <runs>0 12 26</runs>
            <runs>0 15 22</runs>
            <runs>0 19 10</runs>
            <runs></runs>
            <runs></runs>
            <runs>0 36 2</runs>
            <runs>0 9 5 21 6</runs>
            <runs>0 8 7 19 8</runs>
            <runs>0 7 9 18 13</runs>
            <runs>0 7 9 18 12</runs>
            <runs>0 6 10 17 13</runs>
            <runs>0 7 9 17 13</runs>
            <runs>0 7 9 17 13</runs>
            <runs>0 8 7 19 12</runs>
            <runs>0 9 5 21 7</runs>
            <runs>0 37 4</runs>
        </run-table>
    </sample>
    <sample shape="F_CLEF" interline="21" pitch="-1.4" left="466" top="1424" id="264">
        <run-table orientation="VERTICAL" width="65" height="78">
            <runs>0 76 2</runs>
            <runs>0 75 3</runs>
            <runs>0 75 3</runs>
            <runs>0 75 2</runs>
            <runs>0 74 3</runs>
            <runs>0 74 3</runs>
            <runs>0 73 4</runs>
            <runs>0 16 10 47 3</runs>
            <runs>0 12 14 46 3</runs>
            <runs>0 11 16 45 3</runs>
            <runs>0 9 18 45 3</runs>
            <runs>0 8 20 43 3</runs>
            <runs>0 7 22 41 3</runs>
            <runs>0 6 24 40 3</runs>
            <runs>9 3 18 35 7</runs>
            <runs>8 5 17 35 7</runs>
            <runs>7 6 18 37 3</runs>
            <runs>0 12 19 37 2</runs>
            <runs>0 12 19 37 2</runs>
            <runs>0 12 19 37 1</runs>
            <runs>0 13 18 37 1</runs>
            <runs>0 13 18</runs>
            <runs>0 14 16 33 1</runs>
            <runs>0 14 15 33 2</runs>
            <runs>0 15 13 33 7</runs>
            <runs>0 16 11 33 8</runs>
            <runs>0 19 7 33 8</runs>
            <runs>0 58 9</runs>
            <runs>0 56 11</runs>
            <runs>0 55 7</runs>
            <runs>0 53 9</runs>
            <runs>0 52 9</runs>
            <runs>0 5 1 44 10</runs>
            <runs>0 5 1 38 15</runs>
            <runs>0 5 2 37 14</runs>
            <runs>0 1 7 35 14</runs>
            <runs>0 1 9 29 17</runs>
            <runs>0 1 11 24 19</runs>
            <runs>0 1 15 16 22</runs>
            <runs>0 1 52</runs>
            <runs>0 1 51</runs>
            <runs>0 1 49</runs>
            <runs>0 1 48</runs>
            <runs>48</runs>
            <runs>47</runs>
            <runs>0 6 41</runs>
            <runs>0 7 40</runs>
            <runs>0 9 38</runs>
            <runs>0 11 29</runs>
            <runs>0 12 25</runs>
            <runs>0 14 21</runs>
            <runs>0 16 13</runs>
            <runs></runs>
            <runs></runs>
            <runs></runs>
            <runs>0 9 5 22 3</runs>
            <runs>0 7 7 21 5</runs>
            <runs>0 7 8 19 7</runs>
            <runs>0 6 10 17 9</runs>
            <runs>0 6 11 16 9</runs>
            <runs>0 6 11 16 9</runs>
            <runs>0 6 11 16 9</runs>
            <runs>0 7 10 17 7</runs>
            <runs>0 8 8 18 7</runs>
            <runs>0 10 5 20 4</runs>
        </run-table>
    </sample>
    <sample shape="F_CLEF" interline="21" pitch="-1.5" left="469" top="2006" id="324">
        <run-table orientation="VERTICAL" width="65" height="78">
            <runs>0 76 2</runs>
            <runs>0 75 3</runs>
            <runs>0 75 3</runs>
            <runs>0 75 2</runs>
            <runs>0 75 2</runs>
            <runs>0 74 3</runs>
            <runs>0 73 3</runs>
            <runs>0 17 8 48 3</runs>
            <runs>0 14 12 47 2</runs>
            <runs>0 12 14 46 3</runs>
            <runs>0 10 17 45 2</runs>
            <runs>0 8 20 43 3</runs>
            <runs>0 7 22 42 2</runs>
            <runs>0 6 24 40 3</runs>
            <runs>0 6 3 3 18 39 3</runs>
            <runs>0 1 7 5 17 35 7</runs>
            <runs>0 4 3 6 18 37 3</runs>
            <runs>0 4 2 7 18 37 3</runs>
            <runs>0 4 2 7 18 37 2</runs>
            <runs>0 4 1 8 18 37 1</runs>
            <runs>0 4 1 8 18</runs>
            <runs>0 14 17</runs>
            <runs>0 14 16 33 1</runs>
            <runs>0 15 14 34 1</runs>
            <runs>0 15 13 34 2</runs>
            <runs>0 17 10 34 7</runs>
            <runs>0 19 7 34 8</runs>
            <runs>0 59 8</runs>
            <runs>0 58 5</runs>
            <runs>0 56 6</runs>
            <runs>0 55 7</runs>
            <runs>0 4 1 48 8</runs>
            <runs>0 4 1 47 8</runs>
            <runs>0 4 1 45 9</runs>
            <runs>0 4 2 43 10</runs>
            <runs>0 1 7 37 13</runs>
            <runs>0 1 8 34 14</runs>
            <runs>0 1 9 30 15</runs>
            <runs>0 1 12 20 21</runs>
            <runs>0 1 16 14 23</runs>
            <runs>0 1 51</runs>
            <runs>51</runs>
            <runs>51</runs>
            <runs>0 1 48</runs>
            <runs>0 1 47</runs>
            <runs>0 6 41</runs>
            <runs>0 8 39</runs>
            <runs>0 9 38</runs>
            <runs>0 10 30</runs>
            <runs>0 12 26</runs>
            <runs>0 14 22</runs>
            <runs>0 17 14</runs>
            <runs>0 21 9</runs>
            <runs>0 28 1</runs>
            <runs></runs>
            <runs></runs>
            <runs>0 8 6 21 4</runs>
            <runs>0 7 8 19 7</runs>
            <runs>0 6 9 18 9</runs>
            <runs>0 6 9 18 9</runs>
            <runs>0 6 9 18 9</runs>
            <runs>0 6 9 18 9</runs>
            <runs>0 7 8 19 8</runs>
            <runs>0 8 6 20 7</runs>
            <runs>0 36 4</runs>
        </run-table>
    </sample>
    <sample shape="F_CLEF" interline="21" pitch="-1.4" left="469" top="2632" id="372">
        <run-table orientation="VERTICAL" width="66" height="76">
            <runs>0 73 3</runs>
            <runs>0 73 3</runs>
            <runs>0 73 3</runs>
            <runs>0 73 2</runs>
            <runs>0 72 3</runs>
            <runs>0 72 3</runs>
            <runs>0 72 2</runs>
            <runs>0 71 3</runs>
            <runs>0 70 4</runs>
            <runs>0 13 11 46 3</runs>
            <runs>0 11 14 44 3</runs>
            <runs>0 9 17 43 3</runs>
            <runs>0 8 19 41 4</runs>
            <runs>0 7 21 39 4</runs>
            <runs>0 6 23 37 4</runs>
            <runs>0 6 2 4 17 37 4</runs>
            <runs>0 4 3 5 17 37 3</runs>
            <runs>0 3 3 6 18 36 3</runs>
            <runs>0 3 2 7 18 36 2</runs>
            <runs>0 3 1 8 18 36 1</runs>
            <runs>0 3 1 8 18 36 1</runs>
            <runs>0 3 1 8 18 31 1</runs>
            <runs>0 3 1 8 17 32 1</runs>
            <runs>0 3 1 8 17 31 2</runs>
            <runs>0 13 15 31 7</runs>
            <runs>0 14 13 31 8</runs>
            <runs>0 15 11 31 9</runs>
            <runs>0 17 8 31 10</runs>
            <runs>0 55 6</runs>
            <runs>0 54 6</runs>
            <runs>0 53 6</runs>
            <runs>0 50 9</runs>
            <runs>0 49 9</runs>
            <runs>0 47 10</runs>
            <runs>0 43 13</runs>
            <runs>0 42 13</runs>
            <runs>0 41 13</runs>
            <runs>7 32 15</runs>
            <runs>8 27 18</runs>
            <runs>9 24 19</runs>
            <runs>0 1 11 5 2 2 30</runs>
            <runs>0 1 49</runs>
            <runs>49</runs>
            <runs>47</runs>
            <runs>46</runs>
            <runs>46</runs>
            <runs>0 5 40</runs>
            <runs>0 6 39</runs>
            <runs>0 7 33</runs>
            <runs>0 9 30</runs>
            <runs>0 9 28</runs>
            <runs>0 12 22</runs>
            <runs>0 15 14</runs>
            <runs></runs>
            <runs></runs>
            <runs></runs>
            <runs>0 35 3</runs>
            <runs>0 9 5 20 5</runs>
            <runs>0 7 7 19 7</runs>
            <runs>0 6 9 17 9</runs>
            <runs>0 6 10 16 13</runs>
            <runs>0 6 10 16 13</runs>
            <runs>0 6 10 16 13</runs>
            <runs>0 6 9 18 8</runs>
            <runs>0 7 7 20 6</runs>
            <runs>0 9 5 22 2</runs>
        </run-table>
    </sample>
    <sample shape="F_CLEF" interline="21" pitch="-1.6" left="477" top="3227" id="424">
        <run-table orientation="VERTICAL" width="58" height="68">
            <runs>0 14 12</runs>
            <runs>0 12 14</runs>
            <runs>0 11 15</runs>
            <runs>0 9 18</runs>
            <runs>0 8 19</runs>
            <runs>0 6 22</runs>
            <runs>10 1 18</runs>
            <runs>8 4 18</runs>
            <runs>7 5 18</runs>
            <runs>7 5 18</runs>
            <runs>0 4 2 6 18</runs>
            <runs>0 4 1 7 18</runs>
            <runs>0 4 1 7 18</runs>
            <runs>0 4 1 7 19 32 1</runs>
            <runs>0 13 17 32 2</runs>
            <runs>0 13 17 32 2</runs>
            <runs>0 14 14 33 3</runs>
            <runs>0 15 12 33 7</runs>
            <runs>0 16 10 33 9</runs>
            <runs>0 19 7 32 10</runs>
            <runs>0 20 2 35 6</runs>
            <runs>0 55 7</runs>
            <runs>0 54 8</runs>
            <runs>0 53 8</runs>
            <runs>0 4 1 46 9</runs>
            <runs>0 4 1 39 16</runs>
            <runs>0 4 1 39 15</runs>
            <runs>0 4 2 38 14</runs>
            <runs>7 36 14</runs>
            <runs>9 30 17</runs>
            <runs>11 23 21</runs>
            <runs>15 16 22</runs>
            <runs>52</runs>
            <runs>52</runs>
            <runs>51</runs>
            <runs>50</runs>
            <runs>49</runs>
            <runs>48</runs>
            <runs>0 6 41</runs>
            <runs>0 7 40</runs>
            <runs>0 8 34</runs>
            <runs>0 10 30</runs>
            <runs>0 11 26</runs>
            <runs>0 14 21</runs>
            <runs>0 16 16</runs>
            <runs></runs>
            <runs></runs>
            <runs>0 36 3</runs>
            <runs>0 9 5 21 6</runs>
            <runs>0 8 7 19 13</runs>
            <runs>0 7 9 18 13</runs>
            <runs>0 6 10 17 14</runs>
            <runs>0 6 10 17 14</runs>
            <runs>0 6 10 17 14</runs>
            <runs>0 6 10 17 14</runs>
            <runs>0 7 9 18 8</runs>
            <runs>0 8 7 20 6</runs>
            <runs>0 11 2</runs>
        </run-table>
    </sample>
    <sample shape="F_CLEF" interline="21" pitch="-1.6" left="469" top="798" id="216">
        <run-table orientation="VERTICAL" width="58" height="68">
            <runs>0 15 11</runs>
            <runs>0 14 12</runs>
            <runs>0 12 16</runs>
            <runs>0 10 19</runs>
            <runs>0 9 21</runs>
            <runs>0 8 23</runs>
            <runs>0 7 25</runs>
            <runs>0 6 4 4 19</runs>
            <runs>0 1 8 5 19</runs>
            <runs>0 1 7 6 19</runs>
            <runs>0 5 2 7 20</runs>
            <runs>0 5 1 8 20</runs>
            <runs>0 5 1 8 19</runs>
            <runs>0 14 19</runs>
            <runs>0 15 17</runs>
            <runs>0 15 16</runs>
            <runs>0 16 14 33 1</runs>
            <runs>0 17 12 33 2</runs>
            <runs>0 18 9 35 2</runs>
            <runs>0 61 7</runs>
            <runs>0 59 9</runs>
            <runs>0 58 10</runs>
            <runs>0 4 1 52 11</runs>
            <runs>0 4 1 50 8</runs>
            <runs>0 4 2 48 8</runs>
            <runs>0 4 2 46 9</runs>
            <runs>7 42 11</runs>
            <runs>8 36 15</runs>
            <runs>9 34 15</runs>
            <runs>10 31 16</runs>
            <runs>12 26 18</runs>
            <runs>0 1 14 2 1 14 23</runs>
            <runs>54</runs>
            <runs>53</runs>
            <runs>52</runs>
            <runs>50</runs>
            <runs>0 5 44</runs>
            <runs>0 7 40</runs>
            <runs>0 8 39</runs>
            <runs>0 8 39</runs>
            <runs>0 10 37</runs>
            <runs>0 11 36</runs>
            <runs>0 12 26</runs>
            <runs>0 15 22</runs>
            <runs>0 19 10</runs>
            <runs></runs>
            <runs></runs>
            <runs>0 36 2</runs>
            <runs>0 9 5 21 6</runs>
            <runs>0 8 7 19 8</runs>
            <runs>0 7 9 18 13</runs>
            <runs>0 7 9 18 12</runs>
            <runs>0 6 10 17 13</runs>
            <runs>0 7 9 17 13</runs>
            <runs>0 7 9 17 13</runs>
            <runs>0 8 7 19 12</runs>
            <runs>0 9 5 21 7</runs>
            <runs>0 37 4</runs>
        </run-table>
    </sample>
    <sample shape="F_CLEF" interline="21" pitch="-1.7" left="473" top="1424" id="263">
        <run-table orientation="VERTICAL" width="58" height="68">
            <runs>0 16 10</runs>
            <runs>0 12 14</runs>
            <runs>0 11 16</runs>
            <runs>0 9 18</runs>
            <runs>0 8 20</runs>
            <runs>0 7 22</runs>
            <runs>0 6 24</runs>
            <runs>9 3 18</runs>
            <runs>8 5 17</runs>
            <runs>7 6 18</runs>
            <runs>0 12 19</runs>
            <runs>0 12 19</runs>
            <runs>0 12 19</runs>
            <runs>0 13 18</runs>
            <runs>0 13 18</runs>
            <runs>0 14 16 33 1</runs>
            <runs>0 14 15 33 2</runs>
            <runs>0 15 13 33 7</runs>
            <runs>0 16 11 33 8</runs>
            <runs>0 19 7 33 8</runs>
            <runs>0 58 9</runs>
            <runs>0 56 11</runs>
            <runs>0 55 7</runs>
            <runs>0 53 9</runs>
            <runs>0 52 9</runs>
            <runs>0 5 1 44 10</runs>
            <runs>0 5 1 38 15</runs>
            <runs>0 5 2 37 14</runs>
            <runs>0 1 7 35 14</runs>
            <runs>0 1 9 29 17</runs>
            <runs>0 1 11 24 19</runs>
            <runs>0 1 15 16 22</runs>
            <runs>0 1 52</runs>
            <runs>0 1 51</runs>
            <runs>0 1 49</runs>
            <runs>0 1 48</runs>
            <runs>48</runs>
            <runs>47</runs>
            <runs>0 6 41</runs>
            <runs>0 7 40</runs>
            <runs>0 9 38</runs>
            <runs>0 11 29</runs>
            <runs>0 12 25</runs>
            <runs>0 14 21</runs>
            <runs>0 16 13</runs>
            <runs></runs>
            <runs></runs>
            <runs></runs>
            <runs>0 9 5 22 3</runs>
            <runs>0 7 7 21 5</runs>
            <runs>0 7 8 19 7</runs>
            <runs>0 6 10 17 9</runs>
            <runs>0 6 11 16 9</runs>
            <runs>0 6 11 16 9</runs>
            <runs>0 6 11 16 9</runs>
            <runs>0 7 10 17 7</runs>
            <runs>0 8 8 18 7</runs>
            <runs>0 10 5 20 4</runs>
        </run-table>
    </sample>
    <sample shape="F_CLEF" interline="21" pitch="-1.7" left="476" top="2006" id="327">
        <run-table orientation="VERTICAL" width="58" height="68">
            <runs>0 17 8</runs>
            <runs>0 14 12</runs>
            <runs>0 12 14</runs>
            <runs>0 10 17</runs>
            <runs>0 8 20</runs>
            <runs>0 7 22</runs>
            <runs>0 6 24</runs>
            <runs>0 6 3 3 18</runs>
            <runs>0 1 7 5 17</runs>
            <runs>0 4 3 6 18</runs>
            <runs>0 4 2 7 18</runs>
            <runs>0 4 2 7 18</runs>
            <runs>0 4 1 8 18</runs>
            <runs>0 4 1 8 18</runs>
            <runs>0 14 17</runs>
            <runs>0 14 16 33 1</runs>
            <runs>0 15 14 34 1</runs>
            <runs>0 15 13 34 2</runs>
            <runs>0 17 10 34 7</runs>
            <runs>0 19 7 34 8</runs>
            <runs>0 59 8</runs>
            <runs>0 58 5</runs>
            <runs>0 56 6</runs>
            <runs>0 55 7</runs>
            <runs>0 4 1 48 8</runs>
            <runs>0 4 1 47 8</runs>
            <runs>0 4 1 45 9</runs>
            <runs>0 4 2 43 10</runs>
            <runs>0 1 7 37 13</runs>
            <runs>0 1 8 34 14</runs>
            <runs>0 1 9 30 15</runs>
            <runs>0 1 12 20 21</runs>
            <runs>0 1 16 14 23</runs>
            <runs>0 1 51</runs>
            <runs>51</runs>
            <runs>51</runs>
            <runs>0 1 48</runs>
            <runs>0 1 47</runs>
            <runs>0 6 41</runs>
            <runs>0 8 39</runs>
            <runs>0 9 38</runs>
            <runs>0 10 30</runs>
            <runs>0 12 26</runs>
            <runs>0 14 22</runs>
            <runs>0 17 14</runs>
            <runs>0 21 9</runs>
            <runs>0 28 1</runs>
            <runs></runs>
            <runs></runs>
            <runs>0 8 6 21 4</runs>
            <runs>0 7 8 19 7</runs>
            <runs>0 6 9 18 9</runs>
            <runs>0 6 9 18 9</runs>
            <runs>0 6 9 18 9</runs>
            <runs>0 6 9 18 9</runs>
            <runs>0 7 8 19 8</runs>
            <runs>0 8 6 20 7</runs>
            <runs>0 36 4</runs>
        </run-table>
    </sample>
    <sample shape="F_CLEF" interline="21" pitch="-1.6" left="478" top="2632" id="371">
        <run-table orientation="VERTICAL" width="57" height="66">
            <runs>0 13 11</runs>
            <runs>0 11 14</runs>
            <runs>0 9 17</runs>
            <runs>0 8 19</runs>
            <runs>0 7 21</runs>
            <runs>0 6 23</runs>
            <runs>0 6 2 4 17</runs>
            <runs>0 4 3 5 17</runs>
            <runs>0 3 3 6 18</runs>
            <runs>0 3 2 7 18</runs>
            <runs>0 3 1 8 18</runs>
            <runs>0 3 1 8 18</runs>
            <runs>0 3 1 8 18 31 1</runs>
            <runs>0 3 1 8 17 32 1</runs>
            <runs>0 3 1 8 17 31 2</runs>
            <runs>0 13 15 31 7</runs>
            <runs>0 14 13 31 8</runs>
            <runs>0 15 11 31 9</runs>
            <runs>0 17 8 31 10</runs>
            <runs>0 55 6</runs>
            <runs>0 54 6</runs>
            <runs>0 53 6</runs>
            <runs>0 50 9</runs>
            <runs>0 49 9</runs>
            <runs>0 47 10</runs>
            <runs>0 43 13</runs>
            <runs>0 42 13</runs>
            <runs>0 41 13</runs>
            <runs>7 32 15</runs>
            <runs>8 27 18</runs>
            <runs>9 24 19</runs>
            <runs>0 1 11 5 2 2 30</runs>
            <runs>0 1 49</runs>
            <runs>49</runs>
            <runs>47</runs>
            <runs>46</runs>
            <runs>46</runs>
            <runs>0 5 40</runs>
            <runs>0 6 39</runs>
            <runs>0 7 33</runs>
            <runs>0 9 30</runs>
            <runs>0 9 28</runs>
            <runs>0 12 22</runs>
            <runs>0 15 14</runs>
            <runs></runs>
            <runs></runs>
            <runs></runs>
            <runs>0 35 3</runs>
            <runs>0 9 5 20 5</runs>
            <runs>0 7 7 19 7</runs>
            <runs>0 6 9 17 9</runs>
            <runs>0 6 10 16 13</runs>
            <runs>0 6 10 16 13</runs>
            <runs>0 6 10 16 13</runs>
            <runs>0 6 9 18 8</runs>
            <runs>0 7 7 20 6</runs>
            <runs>0 9 5 22 2</runs>
        </run-table>
    </sample>
    <sample shape="F_CLEF" interline="21" pitch="-1.4" left="469" top="3227" id="421">
        <run-table orientation="VERTICAL" width="66" height="78">
            <runs>0 75 3</runs>
            <runs>0 75 3</runs>
            <runs>0 75 3</runs>
            <runs>0 75 2</runs>
            <runs>0 74 3</runs>
            <runs>0 74 2</runs>
            <runs>0 73 3</runs>
            <runs>0 73 3</runs>
            <runs>0 14 12 46 4</runs>
            <runs>0 12 14 45 4</runs>
            <runs>0 11 15 45 3</runs>
            <runs>0 9 18 43 4</runs>
            <runs>0 8 19 42 4</runs>
            <runs>0 6 22 37 8</runs>
            <runs>10 1 18 36 7</runs>
            <runs>8 4 18 38 3</runs>
            <runs>7 5 18 38 3</runs>
            <runs>7 5 18 38 2</runs>
            <runs>0 4 2 6 18 38 1</runs>
            <runs>0 4 1 7 18 38 1</runs>
            <runs>0 4 1 7 18 38 1</runs>
            <runs>0 4 1 7 19 32 1</runs>
            <runs>0 13 17 32 2</runs>
            <runs>0 13 17 32 2</runs>
            <runs>0 14 14 33 3</runs>
            <runs>0 15 12 33 7</runs>
            <runs>0 16 10 33 9</runs>
            <runs>0 19 7 32 10</runs>
            <runs>0 20 2 35 6</runs>
            <runs>0 55 7</runs>
            <runs>0 54 8</runs>
            <runs>0 53 8</runs>
            <runs>0 4 1 46 9</runs>
            <runs>0 4 1 39 16</runs>
            <runs>0 4 1 39 15</runs>
            <runs>0 4 2 38 14</runs>
            <runs>7 36 14</runs>
            <runs>9 30 17</runs>
            <runs>11 23 21</runs>
            <runs>15 16 22</runs>
            <runs>52</runs>
            <runs>52</runs>
            <runs>51</runs>
            <runs>50</runs>
            <runs>49</runs>
            <runs>48</runs>
            <runs>0 6 41</runs>
            <runs>0 7 40</runs>
            <runs>0 8 34</runs>
            <runs>0 10 30</runs>
            <runs>0 11 26</runs>
            <runs>0 14 21</runs>
            <runs>0 16 16</runs>
            <runs></runs>
            <runs></runs>
            <runs>0 36 3</runs>
            <runs>0 9 5 21 6</runs>
            <runs>0 8 7 19 13</runs>
            <runs>0 7 9 18 13</runs>
            <runs>0 6 10 17 14</runs>
            <runs>0 6 10 17 14</runs>
            <runs>0 6 10 17 14</runs>
            <runs>0 6 10 17 14</runs>
            <runs>0 7 9 18 8</runs>
            <runs>0 8 7 20 6</runs>
            <runs>0 11 2</runs>
        </run-table>
    </sample>
    <sample shape="FLAT" interline="21" pitch="-0.2" left="541" top="551" id="228">
        <run-table orientation="VERTICAL" width="20" height="58">
            <runs>0 1 36 3 5 6 7</runs>
            <runs>0 1 57</runs>
            <runs>58</runs>
            <runs>0 2 17 8 10 10 11</runs>
            <runs>0 27 5 16 10</runs>
            <runs>0 27 3 17 5</runs>
            <runs>0 26 3 18 4</runs>
            <runs>0 26 3 16 4</runs>
            <runs>0 25 4 15 5</runs>
            <runs>0 25 4 14 5</runs>
            <runs>0 25 4 12 6</runs>
            <runs>0 25 5 4 12</runs>
            <runs>0 25 20</runs>
            <runs>0 25 19</runs>
            <runs>0 25 18</runs>
            <runs>0 25 16</runs>
            <runs>0 26 14</runs>
            <runs>0 27 12</runs>
            <runs>0 28 9</runs>
            <runs>0 29 8</runs>
        </run-table>
    </sample>
    <sample shape="FLAT" interline="21" pitch="-3.6" left="564" top="516" id="233">
        <run-table orientation="VERTICAL" width="20" height="54">
            <runs>19 2 9 1 1</runs>
            <runs>41 2 8</runs>
            <runs>0 1 34 1 18</runs>
            <runs>0 24 8 14 8</runs>
            <runs>0 28 2 21 2</runs>
            <runs>0 51 1</runs>
            <runs></runs>
            <runs></runs>
            <runs>0 44 7</runs>
            <runs>0 43 7</runs>
            <runs>0 41 9</runs>
            <runs>0 40 5</runs>
            <runs>0 28 2 6 8</runs>
            <runs>0 24 18</runs>
            <runs>0 24 17</runs>
            <runs>0 25 15</runs>
            <runs>0 25 14</runs>
            <runs>0 25 12</runs>
            <runs>0 25 10</runs>
            <runs>0 25 7</runs>
        </run-table>
    </sample>
    <sample shape="FLAT" interline="21" pitch="0.3" left="586" top="558" id="236">
        <run-table orientation="VERTICAL" width="20" height="54">
            <runs>0 1 9</runs>
            <runs>30 2 12 2 8</runs>
            <runs>38 1 15</runs>
            <runs>12 3 4 6 8 13 8</runs>
            <runs>0 29 2 20 2</runs>
            <runs>0 51 1</runs>
            <runs></runs>
            <runs>0 45 1</runs>
            <runs>0 44 2</runs>
            <runs>0 43 7</runs>
            <runs>0 41 9</runs>
            <runs>0 39 6</runs>
            <runs>0 37 7</runs>
            <runs>0 24 19</runs>
            <runs>0 24 18</runs>
            <runs>0 24 17</runs>
            <runs>0 25 14</runs>
            <runs>0 25 12</runs>
            <runs>0 26 10</runs>
            <runs>0 26 7</runs>
        </run-table>
    </sample>
    <sample shape="FLAT" interline="21" pitch="1.7" left="543" top="829" id="241">
        <run-table orientation="VERTICAL" width="20" height="58">
            <runs>36 11 1 4 2</runs>
            <runs>57</runs>
            <runs>58</runs>
            <runs>19 3 17 7 12</runs>
            <runs>0 1 1 25 9 11 10</runs>
            <runs>0 27 3 17 5</runs>
            <runs>0 26 4 16 5</runs>
            <runs>0 26 3 16 5</runs>
            <runs>0 26 2 16 5</runs>
            <runs>0 25 4 14 5</runs>
            <runs>0 25 4 12 6</runs>
            <runs>0 25 12 1 8</runs>
            <runs>0 24 21</runs>
            <runs>0 24 20</runs>
            <runs>0 25 18</runs>
            <runs>0 25 17</runs>
            <runs>0 25 15</runs>
            <runs>0 26 13</runs>
            <runs>0 26 12</runs>
            <runs>0 28 8</runs>
        </run-table>
    </sample>
    <sample shape="FLAT" interline="21" pitch="-1.7" left="565" top="792" id="246">
        <run-table orientation="VERTICAL" width="21" height="58">
            <runs>0 1 8 3 2</runs>
            <runs>34</runs>
            <runs>58</runs>
            <runs>0 1 57</runs>
            <runs>0 2 13 6 18 2 3 3 11</runs>
            <runs>0 27 7 15 8</runs>
            <runs>0 31 2 16 7</runs>
            <runs>0 31 1 16 7</runs>
            <runs></runs>
            <runs></runs>
            <runs>0 45 7</runs>
            <runs>0 43 9</runs>
            <runs>0 41 11</runs>
            <runs>0 25 8 4 10</runs>
            <runs>0 25 20</runs>
            <runs>0 25 19</runs>
            <runs>0 25 19</runs>
            <runs>0 25 17</runs>
            <runs>0 26 14</runs>
            <runs>0 27 12</runs>
            <runs>0 27 10</runs>
        </run-table>
    </sample>
    <sample shape="FLAT" interline="21" pitch="2.4" left="589" top="836" id="247">
        <run-table orientation="VERTICAL" width="20" height="55">
            <runs>0 19 11 4 1 4 1 6 9</runs>
            <runs>0 1 54</runs>
            <runs>0 1 54</runs>
            <runs>32 14 9</runs>
            <runs>0 29 2</runs>
            <runs></runs>
            <runs></runs>
            <runs></runs>
            <runs></runs>
            <runs>0 43 7</runs>
            <runs>0 43 7</runs>
            <runs>0 38 12</runs>
            <runs>0 25 19</runs>
            <runs>0 24 20</runs>
            <runs>0 24 19</runs>
            <runs>0 25 16</runs>
            <runs>0 25 14</runs>
            <runs>0 25 12</runs>
            <runs>0 25 11</runs>
            <runs>0 25 7</runs>
        </run-table>
    </sample>
    <sample shape="FLAT" interline="21" pitch="-0.3" left="548" top="1180" id="277">
        <run-table orientation="VERTICAL" width="20" height="58">
            <runs>20 1 9 2 13 4 1 2 3</runs>
            <runs>58</runs>
            <runs>42 1 15</runs>
            <runs>0 1 19 6 12 9 11</runs>
            <runs>0 27 5 15 5</runs>
            <runs>0 27 3 16 5</runs>
            <runs>0 26 3 16 5</runs>
            <runs>0 25 3 16 5</runs>
            <runs>0 25 3 15 5</runs>
            <runs>0 25 3 14 5</runs>
            <runs>0 25 4 11 6</runs>
            <runs>0 25 5 4 11</runs>
            <runs>0 24 20</runs>
            <runs>0 24 19</runs>
            <runs>0 24 18</runs>
            <runs>0 25 16</runs>
            <runs>0 25 15</runs>
            <runs>0 26 12</runs>
            <runs>0 27 11</runs>
            <runs>0 29 9</runs>
        </run-table>
    </sample>
    <sample shape="FLAT" interline="21" pitch="-3.6" left="570" top="1145" id="281">
        <run-table orientation="VERTICAL" width="21" height="55">
            <runs>11 4 2</runs>
            <runs>35 3 3 6 7</runs>
            <runs>55</runs>
            <runs>0 1 1 4 2 1 6 1 20 1 2 1 15</runs>
            <runs>0 25 7 15 7</runs>
            <runs>0 29 2 20 2</runs>
            <runs>0 29 1 16 1 4 1</runs>
            <runs>0 29 1 15 2</runs>
            <runs>0 45 2</runs>
            <runs>0 44 7</runs>
            <runs>0 42 9</runs>
            <runs>0 40 10</runs>
            <runs>0 37 8</runs>
            <runs>0 24 8 3 9</runs>
            <runs>0 24 19</runs>
            <runs>0 24 18</runs>
            <runs>0 25 16</runs>
            <runs>0 25 14</runs>
            <runs>0 25 12</runs>
            <runs>0 25 11</runs>
            <runs>0 29 2</runs>
        </run-table>
    </sample>
    <sample shape="FLAT" interline="21" pitch="0.8" left="591" top="1190" id="280">
        <run-table orientation="VERTICAL" width="20" height="56">
            <runs>0 1 13 2 12 8 2 5 2 9 1</runs>
            <runs>56</runs>
            <runs>56</runs>
            <runs>0 1 8 9 4 1 12 6 15</runs>
            <runs>0 28 3 11 13</runs>
            <runs>0 27 3 12 11</runs>
            <runs>0 27 2 13 10</runs>
            <runs>0 27 1 14 9</runs>
            <runs>0 42 8</runs>
            <runs>0 41 9</runs>
            <runs>0 40 10</runs>
            <runs>0 39 10</runs>
            <runs>0 24 7 3 15</runs>
            <runs>0 23 25</runs>
            <runs>0 24 25</runs>
            <runs>0 24 19</runs>
            <runs>0 24 17</runs>
            <runs>0 24 15</runs>
            <runs>0 24 13</runs>
            <runs>0 31 3</runs>
        </run-table>
    </sample>
    <sample shape="FLAT" interline="21" pitch="1.7" left="548" top="1455" id="285">
        <run-table orientation="VERTICAL" width="20" height="57">
            <runs>0 1 22 2 32</runs>
            <runs>57</runs>
            <runs>57</runs>
            <runs>0 1 8 1 2 14 10 11 10</runs>
            <runs>0 27 4 16 5</runs>
            <runs>0 26 3 16 6</runs>
            <runs>0 26 2 16 5</runs>
            <runs>0 25 3 15 6</runs>
            <runs>0 25 3 14 5</runs>
            <runs>0 24 4 13 6</runs>
            <runs>0 24 4 11 7</runs>
            <runs>0 24 5 4 12</runs>
            <runs>0 24 20</runs>
            <runs>0 24 19</runs>
            <runs>0 24 18</runs>
            <runs>0 25 16</runs>
            <runs>0 25 14</runs>
            <runs>0 26 12</runs>
            <runs>0 27 10</runs>
            <runs>0 31 2</runs>
        </run-table>
    </sample>
    <sample shape="FLAT" interline="21" pitch="-1.7" left="569" top="1420" id="302">
        <run-table orientation="VERTICAL" width="22" height="54">
            <runs>0 2 2</runs>
            <runs>8</runs>
            <runs>37 1 5 8 2</runs>
            <runs>44 2 8</runs>
            <runs>0 1 12 1 4 1 16 7 2 2 8</runs>
            <runs>0 29 2 20 2</runs>
            <runs>0 29 1</runs>
            <runs></runs>
            <runs></runs>
            <runs>0 43 7</runs>
            <runs>0 42 8</runs>
            <runs>0 41 5</runs>
            <runs>0 39 6</runs>
            <runs>0 37 7</runs>
            <runs>0 24 19</runs>
            <runs>0 24 18</runs>
            <runs>0 24 17</runs>
            <runs>0 25 15</runs>
            <runs>0 25 13</runs>
            <runs>0 25 12</runs>
            <runs>0 25 11</runs>
            <runs>0 25 7</runs>
        </run-table>
    </sample>
    <sample shape="FLAT" interline="21" pitch="2.5" left="594" top="1463" id="295">
        <run-table orientation="VERTICAL" width="20" height="55">
            <runs>8 3 1 6 2 3 2 6 1</runs>
            <runs>42 2 10</runs>
            <runs>55</runs>
            <runs>0 16 4 4 9 12 10</runs>
            <runs>0 27 4 15 7</runs>
            <runs>0 50 2</runs>
            <runs>0 50 1</runs>
            <runs></runs>
            <runs></runs>
            <runs>0 43 2</runs>
            <runs>0 41 8</runs>
            <runs>0 40 9</runs>
            <runs>0 37 12</runs>
            <runs>0 24 20</runs>
            <runs>0 24 19</runs>
            <runs>0 25 15</runs>
            <runs>0 25 14</runs>
            <runs>0 25 14</runs>
            <runs>0 25 13</runs>
            <runs>0 25 10</runs>
        </run-table>
    </sample>
    <sample shape="FLAT" interline="21" pitch="-0.4" left="550" top="1758" id="337">
        <run-table orientation="VERTICAL" width="20" height="55">
            <runs>0 41 1 2 8</runs>
            <runs>27 2 26</runs>
            <runs>55</runs>
            <runs>18 1 19 10 6</runs>
            <runs>0 1 5 4 1 17 4 16 5</runs>
            <runs>0 27 3 17 5</runs>
            <runs>0 27 2 16 6</runs>
            <runs>0 26 2 16 6</runs>
            <runs>0 25 3 15 6</runs>
            <runs>0 25 3 14 5</runs>
            <runs>0 25 4 12 5</runs>
            <runs>0 25 4 6 10</runs>
            <runs>0 25 5 5 10</runs>
            <runs>0 25 19</runs>
            <runs>0 25 18</runs>
            <runs>0 25 16</runs>
            <runs>0 25 15</runs>
            <runs>0 26 13</runs>
            <runs>0 27 11</runs>
            <runs>0 28 10</runs>
        </run-table>
    </sample>
    <sample shape="FLAT" interline="21" pitch="-3.7" left="574" top="1723" id="342">
        <run-table orientation="VERTICAL" width="20" height="56">
            <runs>0 3 4 2 7 3 11</runs>
            <runs>55</runs>
            <runs>56</runs>
            <runs>0 1 14 7 12 12 10</runs>
            <runs>0 25 7 15 8</runs>
            <runs></runs>
            <runs></runs>
            <runs>0 46 1</runs>
            <runs>0 45 2</runs>
            <runs>0 44 3</runs>
            <runs>0 42 9</runs>
            <runs>0 40 7</runs>
            <runs>0 29 2 6 8</runs>
            <runs>0 25 19</runs>
            <runs>0 25 18</runs>
            <runs>0 25 18</runs>
            <runs>0 25 17</runs>
            <runs>0 25 14</runs>
            <runs>0 25 13</runs>
            <runs>0 25 9</runs>
        </run-table>
    </sample>
    <sample shape="FLAT" interline="21" pitch="0.4" left="595" top="1768" id="343">
        <run-table orientation="VERTICAL" width="21" height="55">
            <runs>3</runs>
            <runs>10 9 4</runs>
            <runs>55</runs>
            <runs>37 1 17</runs>
            <runs>0 25 7 14 8</runs>
            <runs>0 29 2 15 7</runs>
            <runs></runs>
            <runs></runs>
            <runs></runs>
            <runs>0 44 1</runs>
            <runs>0 43 2</runs>
            <runs>0 41 8</runs>
            <runs>0 38 7</runs>
            <runs>0 24 8 1 11</runs>
            <runs>0 24 19</runs>
            <runs>0 24 18</runs>
            <runs>0 25 16</runs>
            <runs>0 25 15</runs>
            <runs>0 25 13</runs>
            <runs>0 25 11</runs>
            <runs>0 25 7</runs>
        </run-table>
    </sample>
    <sample shape="FLAT" interline="21" pitch="-0.4" left="553" top="2016" id="348">
        <run-table orientation="VERTICAL" width="20" height="57">
            <runs>31 21 1</runs>
            <runs>57</runs>
            <runs>0 7 10 4 4 1 13 8 6</runs>
            <runs>0 27 5 15 5</runs>
            <runs>0 26 4 17 4</runs>
            <runs>0 26 3 17 3</runs>
            <runs>0 25 3 18 2</runs>
            <runs>0 25 2 17 4</runs>
            <runs>0 24 3 15 5</runs>
            <runs>0 24 3 13 6</runs>
            <runs>0 24 4 6 11</runs>
            <runs>0 24 4 6 10</runs>
            <runs>0 23 7 3 10</runs>
            <runs>0 24 18</runs>
            <runs>0 24 17</runs>
            <runs>0 24 17</runs>
            <runs>0 25 16</runs>
            <runs>0 26 11</runs>
            <runs>0 27 10</runs>
            <runs>0 32 2</runs>
        </run-table>
    </sample>
    <sample shape="FLAT" interline="21" pitch="-3.6" left="574" top="1982" id="355">
        <run-table orientation="VERTICAL" width="20" height="54">
            <runs>0 3 1</runs>
            <runs>16 1 13</runs>
            <runs>54</runs>
            <runs>0 2 52</runs>
            <runs>0 23 8 14 9</runs>
            <runs>0 28 2 20 2</runs>
            <runs>0 28 1 21 1</runs>
            <runs></runs>
            <runs>0 44 1</runs>
            <runs>0 43 2</runs>
            <runs>0 42 7</runs>
            <runs>0 40 9</runs>
            <runs>0 38 6</runs>
            <runs>0 32 11</runs>
            <runs>0 23 19</runs>
            <runs>0 23 19</runs>
            <runs>0 24 16</runs>
            <runs>0 24 15</runs>
            <runs>0 24 13</runs>
            <runs>0 24 10</runs>
        </run-table>
    </sample>
    <sample shape="FLAT" interline="21" pitch="0.5" left="596" top="2026" id="354">
        <run-table orientation="VERTICAL" width="20" height="53">
            <runs>0 1 7 4 4</runs>
            <runs>47 2 2</runs>
            <runs>53</runs>
            <runs>34 9 10</runs>
            <runs>0 27 3 14 8</runs>
            <runs>0 27 2 18 3</runs>
            <runs>0 27 1 19 2</runs>
            <runs>0 47 1</runs>
            <runs></runs>
            <runs>0 41 2</runs>
            <runs>0 40 7</runs>
            <runs>0 39 8</runs>
            <runs>0 27 1 9 10</runs>
            <runs>0 27 2 2 1 2 8</runs>
            <runs>0 24 17</runs>
            <runs>0 24 16</runs>
            <runs>0 24 15</runs>
            <runs>0 24 14</runs>
            <runs>0 24 12</runs>
            <runs>0 29 3</runs>
        </run-table>
    </sample>
    <sample shape="FLAT" interline="21" pitch="-0.4" left="553" top="2371" id="385">
        <run-table orientation="VERTICAL" width="20" height="59">
            <runs>0 6 14 1 18 5 4 3 3</runs>
            <runs>59</runs>
            <runs>39 6 14</runs>
            <runs>0 1 2 4 10 7 1 1 12 10 5</runs>
            <runs>0 27 4 17 4</runs>
            <runs>0 27 3 17 4</runs>
            <runs>0 26 3 17 4</runs>
            <runs>0 26 2 17 4</runs>
            <runs>0 25 3 16 4</runs>
            <runs>0 25 3 14 5</runs>
            <runs>0 25 4 12 5</runs>
            <runs>0 25 5 5 10</runs>
            <runs>0 24 20</runs>
            <runs>0 24 19</runs>
            <runs>0 25 17</runs>
            <runs>0 25 16</runs>
            <runs>0 26 13</runs>
            <runs>0 27 11</runs>
            <runs>0 28 10</runs>
            <runs>0 30 8</runs>
        </run-table>
    </sample>
    <sample shape="FLAT" interline="21" pitch="-3.7" left="577" top="2335" id="391">
        <run-table orientation="VERTICAL" width="20" height="55">
            <runs>0 13 2</runs>
            <runs>55</runs>
            <runs>41 1 13</runs>
            <runs>0 1 19 1 12</runs>
            <runs>0 30 2</runs>
            <runs>0 30 1 16 1</runs>
            <runs>0 46 2</runs>
            <runs>0 45 7</runs>
            <runs>0 44 8</runs>
            <runs>0 43 9</runs>
            <runs>0 41 11</runs>
            <runs>0 39 7</runs>
            <runs>0 37 8</runs>
            <runs>0 25 19</runs>
            <runs>0 25 18</runs>
            <runs>0 25 17</runs>
            <runs>0 26 14</runs>
            <runs>0 26 13</runs>
            <runs>0 26 12</runs>
            <runs>0 26 9</runs>
        </run-table>
    </sample>
    <sample shape="FLAT" interline="21" pitch="0.3" left="600" top="2379" id="390">
        <run-table orientation="VERTICAL" width="19" height="55">
            <runs>0 1 53</runs>
            <runs>55</runs>
            <runs>35 12 7</runs>
            <runs>0 1 7 22 2 15 7</runs>
            <runs>0 30 1 20 2</runs>
            <runs></runs>
            <runs>0 46 1</runs>
            <runs>0 45 2</runs>
            <runs>0 25 1 17 8</runs>
            <runs>0 25 1 16 9</runs>
            <runs>0 24 2 14 6</runs>
            <runs>0 24 2 12 7</runs>
            <runs>0 25 19</runs>
            <runs>0 25 18</runs>
            <runs>0 25 16</runs>
            <runs>0 26 15</runs>
            <runs>0 26 13</runs>
            <runs>0 26 12</runs>
            <runs>0 27 9</runs>
        </run-table>
    </sample>
    <sample shape="FLAT" interline="21" pitch="1.7" left="553" top="2663" id="396">
        <run-table orientation="VERTICAL" width="20" height="56">
            <runs>0 24 32</runs>
            <runs>56</runs>
            <runs>36 10 10</runs>
            <runs>20 1 14 11 4</runs>
            <runs>0 1 2 4 2 17 4 15 4</runs>
            <runs>0 25 4 15 5</runs>
            <runs>0 25 3 15 5</runs>
            <runs>0 25 2 15 5</runs>
            <runs>0 24 3 14 5</runs>
            <runs>0 24 3 12 6</runs>
            <runs>0 24 3 10 7</runs>
            <runs>0 23 5 4 11</runs>
            <runs>0 23 19</runs>
            <runs>0 23 18</runs>
            <runs>0 24 16</runs>
            <runs>0 24 15</runs>
            <runs>0 25 13</runs>
            <runs>0 26 11</runs>
            <runs>0 27 9</runs>
            <runs>0 29 3</runs>
        </run-table>
    </sample>
    <sample shape="FLAT" interline="21" pitch="-1.6" left="577" top="2628" id="404">
        <run-table orientation="VERTICAL" width="20" height="53">
            <runs>0 7 2 14 7 7 16</runs>
            <runs>0 1 52</runs>
            <runs>35 10 7</runs>
            <runs>0 1 9 14 7</runs>
            <runs>0 45 1</runs>
            <runs>0 45 1</runs>
            <runs>0 44 2</runs>
            <runs>0 43 7</runs>
            <runs>0 42 7</runs>
            <runs>0 41 8</runs>
            <runs>0 39 5</runs>
            <runs>0 37 6</runs>
            <runs>0 24 19</runs>
            <runs>0 24 18</runs>
            <runs>0 25 16</runs>
            <runs>0 25 14</runs>
            <runs>0 25 14</runs>
            <runs>0 26 11</runs>
            <runs>0 26 9</runs>
            <runs>0 31 3</runs>
        </run-table>
    </sample>
    <sample shape="FLAT" interline="21" pitch="2.2" left="599" top="2669" id="403">
        <run-table orientation="VERTICAL" width="19" height="53">
            <runs>11 3 21 2 16</runs>
            <runs>53</runs>
            <runs>35 10 7</runs>
            <runs>0 1 8 20 2</runs>
            <runs>0 29 1 15 1</runs>
            <runs>0 44 2</runs>
            <runs>0 43 7</runs>
            <runs>0 42 8</runs>
            <runs>0 40 10</runs>
            <runs>0 39 6</runs>
            <runs>0 38 7</runs>
            <runs>0 35 8</runs>
            <runs>0 24 18</runs>
            <runs>0 24 16</runs>
            <runs>0 24 15</runs>
            <runs>0 24 14</runs>
            <runs>0 25 12</runs>
            <runs>0 26 9</runs>
            <runs>0 26 8</runs>
        </run-table>
    </sample>
    <sample shape="FLAT" interline="21" pitch="-0.3" left="552" top="2967" id="434">
        <run-table orientation="VERTICAL" width="20" height="58">
            <runs>0 9 8</runs>
            <runs>0 1 57</runs>
            <runs>58</runs>
            <runs>0 1 39 5 10</runs>
            <runs>0 26 7 15 6</runs>
            <runs>0 26 5 17 5</runs>
            <runs>0 26 4 17 4</runs>
            <runs>0 26 4 16 4</runs>
            <runs>0 26 4 15 4</runs>
            <runs>0 26 2 14 6</runs>
            <runs>0 25 4 12 6</runs>
            <runs>0 25 4 6 11</runs>
            <runs>0 25 5 5 10</runs>
            <runs>0 25 8 1 10</runs>
            <runs>0 25 18</runs>
            <runs>0 25 17</runs>
            <runs>0 25 16</runs>
            <runs>0 26 13</runs>
            <runs>0 27 11</runs>
            <runs>0 28 10</runs>
        </run-table>
    </sample>
    <sample shape="FLAT" interline="21" pitch="-3.7" left="576" top="2932" id="440">
        <run-table orientation="VERTICAL" width="20" height="54">
            <runs>11 6 2 4 7</runs>
            <runs>54</runs>
            <runs>54</runs>
            <runs>8 3 6 1 17 11 7</runs>
            <runs>0 29 2</runs>
            <runs>0 29 1</runs>
            <runs></runs>
            <runs>0 44 7</runs>
            <runs>0 24 1 18 8</runs>
            <runs>0 24 1 17 9</runs>
            <runs>0 23 2 15 6</runs>
            <runs>0 23 2 12 7</runs>
            <runs>0 24 10 1 9</runs>
            <runs>0 24 19</runs>
            <runs>0 24 18</runs>
            <runs>0 24 16</runs>
            <runs>0 24 15</runs>
            <runs>0 25 13</runs>
            <runs>0 25 11</runs>
            <runs>0 26 9</runs>
        </run-table>
    </sample>
    <sample shape="FLAT" interline="21" pitch="0.6" left="598" top="2977" id="439">
        <run-table orientation="VERTICAL" width="20" height="55">
            <runs>0 8 8</runs>
            <runs>49</runs>
            <runs>0 1 54</runs>
            <runs>0 2 10 4 1 2 2 2 18 3 11</runs>
            <runs>0 24 8 13 9</runs>
            <runs>0 28 3 14 7</runs>
            <runs>0 28 1 20 2</runs>
            <runs>0 28 1 20 1</runs>
            <runs></runs>
            <runs>0 43 2</runs>
            <runs>0 42 3</runs>
            <runs>0 39 9</runs>
            <runs>0 24 7 5 12</runs>
            <runs>0 24 20</runs>
            <runs>0 24 19</runs>
            <runs>0 24 18</runs>
            <runs>0 24 17</runs>
            <runs>0 24 15</runs>
            <runs>0 24 14</runs>
            <runs>0 24 12</runs>
        </run-table>
    </sample>
    <sample shape="FLAT" interline="21" pitch="1.7" left="553" top="3259" id="445">
        <run-table orientation="VERTICAL" width="20" height="56">
            <runs>0 3 4 34 5 2 8</runs>
            <runs>56</runs>
            <runs>56</runs>
            <runs>36 11 9</runs>
            <runs>0 1 16 10 8 12 9</runs>
            <runs>0 27 3 16 5</runs>
            <runs>0 26 3 16 5</runs>
            <runs>0 25 3 16 5</runs>
            <runs>0 25 3 15 5</runs>
            <runs>0 24 4 14 5</runs>
            <runs>0 24 4 12 6</runs>
            <runs>0 24 6 8 7</runs>
            <runs>0 24 20</runs>
            <runs>0 24 19</runs>
            <runs>0 24 18</runs>
            <runs>0 25 15</runs>
            <runs>0 25 14</runs>
            <runs>0 26 12</runs>
            <runs>0 27 10</runs>
            <runs>0 28 8</runs>
        </run-table>
    </sample>
    <sample shape="FLAT" interline="21" pitch="-1.5" left="576" top="3224" id="453">
        <run-table orientation="VERTICAL" width="20" height="55">
            <runs>0 1 7 37 9</runs>
            <runs>55</runs>
            <runs>55</runs>
            <runs>35 11 8</runs>
            <runs>0 1 7 16 8 14 7</runs>
            <runs></runs>
            <runs>0 45 1</runs>
            <runs>0 44 2</runs>
            <runs>0 43 7</runs>
            <runs>0 42 8</runs>
            <runs>0 40 10</runs>
            <runs>0 39 11</runs>
            <runs>0 29 2 5 9</runs>
            <runs>0 25 19</runs>
            <runs>0 25 18</runs>
            <runs>0 25 17</runs>
            <runs>0 26 14</runs>
            <runs>0 26 13</runs>
            <runs>0 26 12</runs>
            <runs>0 26 10</runs>
        </run-table>
    </sample>
    <sample shape="FLAT" interline="21" pitch="2.5" left="599" top="3267" id="450">
        <run-table orientation="VERTICAL" width="20" height="55">
            <runs>0 1 53</runs>
            <runs>55</runs>
            <runs>38 6 10</runs>
            <runs>0 1 15 8 9 12 8</runs>
            <runs>0 24 7 14 7</runs>
            <runs>0 49 2</runs>
            <runs>0 49 1</runs>
            <runs>0 49 1</runs>
            <runs></runs>
            <runs>0 42 2</runs>
            <runs>0 40 8</runs>
            <runs>0 38 10</runs>
            <runs>0 24 25</runs>
            <runs>0 24 19</runs>
            <runs>0 24 18</runs>
            <runs>0 24 16</runs>
            <runs>0 24 15</runs>
            <runs>0 24 14</runs>
            <runs>0 24 13</runs>
            <runs>0 33 2</runs>
        </run-table>
    </sample>
</samples>
