<?xml version="1.0" encoding="UTF-8" standalone="yes"?>
<samples sheet-name="IMSLP00001#8">
    <sample shape="G_CLEF" interline="22" pitch="0.6" left="199" top="2905" id="312">
        <run-table orientation="VERTICAL" width="55" height="153">
            <runs>0 86 13</runs>
            <runs>0 82 19</runs>
            <runs>0 78 26</runs>
            <runs>0 76 30</runs>
            <runs>0 72 36 29 8</runs>
            <runs>0 73 36 25 12</runs>
            <runs>0 72 39 22 14</runs>
            <runs>0 70 42 20 16</runs>
            <runs>0 69 23 6 15 19 17</runs>
            <runs>0 68 21 16 9 17 19</runs>
            <runs>0 67 21 19 8 16 20</runs>
            <runs>0 65 19 1 1 22 11 12 20</runs>
            <runs>0 64 17 1 1 27 9 12 20</runs>
            <runs>0 63 17 31 8 11 22</runs>
            <runs>0 61 17 33 8 11 22</runs>
            <runs>0 61 16 35 7 11 22</runs>
            <runs>0 60 16 16 10 11 1 17 16 2 3</runs>
            <runs>0 59 16 13 17 26 16 2 4</runs>
            <runs>0 59 16 11 20 25 15 3 4</runs>
            <runs>0 58 17 10 23 24 14 3 4</runs>
            <runs>0 57 19 8 13 4 4 1 3 24 12 4 4</runs>
            <runs>0 56 20 7 14 11 2 24 10 5 4</runs>
            <runs>0 55 16 10 16 12 1 25 7 7 4</runs>
            <runs>0 55 15 10 12 57 3</runs>
            <runs>0 51 18 10 13 57 3</runs>
            <runs>0 51 18 10 12 57 4</runs>
            <runs>0 51 17 10 12 57 5</runs>
            <runs>0 37 2 11 17 11 11 58 4</runs>
            <runs>0 34 13 1 19 11 10 58 5</runs>
            <runs>0 23 64 58 5</runs>
            <runs>0 21 69 4 11 39 6</runs>
            <runs>0 19 22 8 86 7 6</runs>
            <runs>0 17 19 12 16 7 76</runs>
            <runs>0 16 18 14 15 9 25 6 1 1 40</runs>
            <runs>0 14 17 16 15 10 14 6 1 21 28</runs>
            <runs>0 12 19 16 14 12 13 42 3</runs>
            <runs>0 11 20 15 15 11 14</runs>
            <runs>0 10 15 20 15 13 13 28 1</runs>
            <runs>0 8 15 21 16 13 13 28 1</runs>
            <runs>0 7 14 21 17 14 13 27 2</runs>
            <runs>0 7 13 21 18 14 14 26 2</runs>
            <runs>0 6 13 21 19 14 14 26 2</runs>
            <runs>0 4 13 22 17 17 14 25 3</runs>
            <runs>0 3 13 22 16 19 15 23 7</runs>
            <runs>0 2 13 22 16 19 17 21 8</runs>
            <runs>0 1 13 22 17 19 17 19 10</runs>
            <runs>14 19 17 28 12 16 8</runs>
            <runs>13 15 19 32 12 14 8</runs>
            <runs>0 1 12 15 18 34 17 5 10</runs>
            <runs>0 3 14 5 1 3 17 37 30</runs>
            <runs>0 6 34 42 28</runs>
            <runs>0 9 30 44 25</runs>
            <runs>0 14 22 49 22</runs>
            <runs>0 20 13 54 17</runs>
            <runs>0 90 11</runs>
        </run-table>
    </sample>
    <sample shape="FLAT" interline="22" pitch="1.2" left="264" top="536" id="227">
        <run-table orientation="VERTICAL" width="19" height="54">
            <runs>0 3 31</runs>
            <runs>54</runs>
            <runs>43 1 9</runs>
            <runs>0 1 11 12 1 1 8 14 5</runs>
            <runs>0 26 7 15 4</runs>
            <runs>0 26 5 16 4</runs>
            <runs>0 25 5 15 5</runs>
            <runs>0 24 5 15 5</runs>
            <runs>0 24 4 15 5</runs>
            <runs>0 24 4 13 6</runs>
            <runs>0 24 4 9 9</runs>
            <runs>0 24 5 8 8</runs>
            <runs>0 23 7 6 8</runs>
            <runs>0 23 9 1 10</runs>
            <runs>0 23 19</runs>
            <runs>0 24 17</runs>
            <runs>0 25 15</runs>
            <runs>0 25 14</runs>
            <runs>0 26 13</runs>
        </run-table>
    </sample>
    <sample shape="FLAT" interline="22" pitch="-0.5" left="276" top="2942" id="330">
        <run-table orientation="VERTICAL" width="19" height="53">
            <runs>0 4 21 4 17 1 6</runs>
            <runs>26 3 24</runs>
            <runs>25 4 1 8 3 6 5</runs>
            <runs>0 4 3 11 1 9 3 16 4</runs>
            <runs>0 27 3 16 4</runs>
            <runs>0 26 4 15 4</runs>
            <runs>0 25 4 15 5</runs>
            <runs>0 23 5 14 6</runs>
            <runs>0 23 5 13 6</runs>
            <runs>0 23 5 12 5</runs>
            <runs>0 23 5 7 9</runs>
            <runs>0 23 6 5 10</runs>
            <runs>0 23 7 4 10</runs>
            <runs>0 23 19</runs>
            <runs>0 23 18</runs>
            <runs>0 24 15</runs>
            <runs>0 25 13</runs>
            <runs>0 26 12</runs>
            <runs>0 28 10</runs>
        </run-table>
    </sample>
</samples>
