<?xml version="1.0" encoding="UTF-8" standalone="yes"?>
<samples sheet-name="IMSLP00120#20">
    <sample shape="SHARP" interline="18" pitch="0.1" left="424" top="1364" id="336">
        <run-table orientation="VERTICAL" width="21" height="58">
            <runs>0 20 5 12 11</runs>
            <runs>0 19 11 6 12</runs>
            <runs>0 18 12 6 12</runs>
            <runs>0 17 13 5 14</runs>
            <runs>0 4 53</runs>
            <runs>0 4 54</runs>
            <runs>0 5 20 1 31</runs>
            <runs>0 16 9 10 13</runs>
            <runs>0 16 8 11 8</runs>
            <runs>0 15 9 11 8</runs>
            <runs>0 15 9 10 9</runs>
            <runs>0 15 8 11 9</runs>
            <runs>0 14 9 10 10</runs>
            <runs>0 1 24 1 17</runs>
            <runs>52</runs>
            <runs>0 1 51</runs>
            <runs>0 2 21 9 9</runs>
            <runs>0 8 14 10 8</runs>
            <runs>0 12 8 11 7</runs>
            <runs>0 13 6 13 5</runs>
            <runs>0 13 4</runs>
        </run-table>
    </sample>
</samples>
