<?xml version="1.0" encoding="UTF-8"?>
<stick id="1153" interline="22" shape="DASH">
    <is-within-system>true</is-within-system>
    <has-ledger>false</has-ledger>
    <stem-number>0</stem-number>
    <step-line>-5.674418604651163</step-line>
    <moments>
        <k>0.25826446280991733</k>
        <k>1.2272727272727273</k>
        <k>0.22727272727272727</k>
        <k>0.4330055680000001</k>
        <k>-0.006796288000000014</k>
        <k>0.015351808000000031</k>
        <k>-0.004829755983775656</k>
        <k>-0.004062459290599415</k>
        <k>1.8732145794058075E-4</k>
        <k>7.459842190747034E-5</k>
        <k>0.44835737600000014</k>
        <k>0.17461942136445346</k>
        <k>1.7942671104193123E-4</k>
        <k>3.745523263471001E-5</k>
        <k>1.729277205361747E-9</k>
        <k>1.8561054628599536E-6</k>
        <k>-2.5372641377674145E-9</k>
        <k>2150.952</k>
        <k>1522.968</k>
    </moments><members>
    <section id="2712" first-pos="2138">
        <run start="1522" length="2" level="0"/>
        <run start="1521" length="5" level="0"/>
        <run start="1521" length="5" level="0"/>
        <run start="1521" length="5" level="0"/>
        <run start="1522" length="4" level="0"/>
        <run start="1522" length="4" level="0"/>
        <run start="1521" length="5" level="0"/>
        <run start="1521" length="5" level="0"/>
        <run start="1521" length="5" level="0"/>
        <run start="1521" length="5" level="0"/>
        <run start="1521" length="5" level="0"/>
        <run start="1521" length="5" level="0"/>
        <run start="1521" length="5" level="0"/>
        <run start="1521" length="5" level="0"/>
        <run start="1521" length="5" level="0"/>
        <run start="1521" length="5" level="0"/>
        <run start="1521" length="5" level="0"/>
        <run start="1521" length="5" level="0"/>
        <run start="1521" length="5" level="0"/>
        <run start="1521" length="5" level="0"/>
        <run start="1521" length="5" level="0"/>
        <run start="1521" length="5" level="0"/>
        <run start="1521" length="5" level="0"/>
        <run start="1521" length="5" level="0"/>
        <run start="1521" length="4" level="0"/>
        <run start="1521" length="4" level="0"/>
        <run start="1521" length="2" level="0"/>
    </section>
</members></stick>
