<?xml version="1.0" encoding="UTF-8"?>
<stick id="707" interline="21" shape="NOTEHEAD_BLACK_2">
    <is-within-system>true</is-within-system>
    <has-ledger>false</has-ledger>
    <stem-number>1</stem-number>
    <step-line>-2.023529411764706</step-line>
    <moments>
        <k>1.8911564625850341</k>
        <k>1.1428571428571428</k>
        <k>2.0476190476190474</k>
        <k>0.044375508340286904</k>
        <k>-0.009353828463547655</k>
        <k>0.17410199818338323</k>
        <k>-1.6496545257532345E-4</k>
        <k>-1.903441730275345E-4</k>
        <k>0.0012174063204619028</k>
        <k>8.428218338840533E-4</k>
        <k>0.21847750652367015</k>
        <k>0.017178938594712867</k>
        <k>1.656988098158979E-5</k>
        <k>1.5333588783146508E-6</k>
        <k>-1.9915204038910675E-12</k>
        <k>-1.1415397822201245E-7</k>
        <k>7.468056419473593E-12</k>
        <k>982.2841726618705</k>
        <k>633.1354916067146</k>
    </moments><members>
    <section id="1429" first-pos="971">
        <run start="621" length="16" level="38"/>
        <run start="620" length="15" level="40"/>
        <run start="619" length="16" level="38"/>
        <run start="618" length="17" level="35"/>
        <run start="617" length="18" level="33"/>
        <run start="616" length="19" level="32"/>
        <run start="615" length="20" level="30"/>
        <run start="614" length="22" level="27"/>
        <run start="613" length="23" level="35"/>
    </section>
    <section id="1456" first-pos="980">
        <run start="612" length="43" level="33"/>
        <run start="612" length="43" level="33"/>
        <run start="612" length="43" level="33"/>
        <run start="612" length="43" level="33"/>
        <run start="612" length="43" level="33"/>
        <run start="612" length="43" level="33"/>
        <run start="612" length="43" level="33"/>
    </section>
    <section id="1436" first-pos="972">
        <run start="642" length="13" level="31"/>
        <run start="641" length="14" level="29"/>
        <run start="640" length="15" level="27"/>
        <run start="639" length="16" level="25"/>
        <run start="638" length="17" level="24"/>
        <run start="637" length="18" level="22"/>
        <run start="637" length="18" level="22"/>
        <run start="637" length="18" level="22"/>
    </section>
    <section id="1458" first-pos="987">
        <run start="612" length="20" level="20"/>
        <run start="612" length="18" level="22"/>
        <run start="612" length="18" level="22"/>
        <run start="612" length="17" level="24"/>
        <run start="612" length="16" level="25"/>
        <run start="613" length="13" level="15"/>
    </section>
    <section id="1463" first-pos="993">
        <run start="616" length="8" level="0"/>
        <run start="618" length="4" level="0"/>
    </section>
    <section id="1459" first-pos="987">
        <run start="633" length="21" level="29"/>
        <run start="633" length="20" level="20"/>
        <run start="633" length="19" level="21"/>
        <run start="633" length="18" level="22"/>
        <run start="633" length="17" level="24"/>
    </section>
    <section id="1461" first-pos="992">
        <run start="633" length="3" level="133"/>
        <run start="635" length="1" level="0"/>
    </section>
    <section id="1462" first-pos="992">
        <run start="637" length="11" level="0"/>
        <run start="638" length="9" level="0"/>
        <run start="640" length="5" level="0"/>
    </section>
</members></stick>
