<?xml version="1.0" encoding="UTF-8"?>
<stick id="713" interline="21" shape="NOTEHEAD_BLACK_2">
    <is-within-system>true</is-within-system>
    <has-ledger>false</has-ledger>
    <stem-number>1</stem-number>
    <step-line>-2.023529411764706</step-line>
    <moments>
        <k>1.9229024943310657</k>
        <k>1.1428571428571428</k>
        <k>2.142857142857143</k>
        <k>0.04485240306385475</k>
        <k>-0.013094951600146447</k>
        <k>0.17474132904175924</k>
        <k>-1.4885062068731694E-5</k>
        <k>6.214121058165404E-4</k>
        <k>6.949924218322244E-4</k>
        <k>-8.974518390703112E-4</k>
        <k>0.21959373210561398</k>
        <k>0.017557044121334263</k>
        <k>1.2036343268590864E-5</k>
        <k>5.387439551392818E-7</k>
        <k>-1.3338721856963996E-12</k>
        <k>-4.034872840528458E-8</k>
        <k>-3.2075083338503464E-13</k>
        <k>1080.9127358490566</k>
        <k>633.4103773584906</k>
    </moments><members>
    <section id="1512" first-pos="1070">
        <run start="622" length="15" level="53"/>
        <run start="620" length="15" level="40"/>
        <run start="619" length="16" level="38"/>
        <run start="618" length="17" level="35"/>
        <run start="617" length="18" level="33"/>
        <run start="616" length="19" level="32"/>
        <run start="614" length="21" level="29"/>
        <run start="613" length="22" level="36"/>
    </section>
    <section id="1530" first-pos="1078">
        <run start="612" length="43" level="37"/>
        <run start="612" length="43" level="37"/>
        <run start="612" length="43" level="37"/>
        <run start="612" length="43" level="37"/>
        <run start="612" length="43" level="37"/>
        <run start="612" length="43" level="37"/>
        <run start="612" length="43" level="37"/>
    </section>
    <section id="1513" first-pos="1070">
        <run start="641" length="16" level="38"/>
        <run start="641" length="14" level="29"/>
        <run start="640" length="15" level="27"/>
        <run start="639" length="16" level="25"/>
        <run start="638" length="17" level="24"/>
        <run start="637" length="18" level="22"/>
        <run start="637" length="18" level="22"/>
        <run start="636" length="19" level="21"/>
    </section>
    <section id="1540" first-pos="1085">
        <run start="612" length="21" level="29"/>
        <run start="612" length="20" level="20"/>
        <run start="612" length="19" level="21"/>
        <run start="612" length="18" level="22"/>
        <run start="612" length="17" level="24"/>
        <run start="612" length="16" level="25"/>
        <run start="614" length="13" level="0"/>
    </section>
    <section id="1544" first-pos="1092">
        <run start="617" length="8" level="0"/>
        <run start="619" length="4" level="0"/>
    </section>
    <section id="1541" first-pos="1085">
        <run start="634" length="21" level="38"/>
        <run start="634" length="21" level="38"/>
        <run start="634" length="19" level="21"/>
        <run start="634" length="18" level="22"/>
        <run start="634" length="17" level="24"/>
        <run start="634" length="15" level="27"/>
        <run start="636" length="12" level="0"/>
        <run start="638" length="8" level="0"/>
        <run start="640" length="4" level="0"/>
    </section>
</members></stick>
