<?xml version="1.0" encoding="UTF-8"?>
<stick id="664" interline="21" shape="NOTEHEAD_BLACK_2">
    <is-within-system>true</is-within-system>
    <has-ledger>false</has-ledger>
    <stem-number>1</stem-number>
    <step-line>-2.023529411764706</step-line>
    <moments>
        <k>1.943310657596372</k>
        <k>1.1428571428571428</k>
        <k>2.0476190476190474</k>
        <k>0.04391836505990657</k>
        <k>-0.011100699049518015</k>
        <k>0.1731151830086342</k>
        <k>-8.729303054406827E-5</k>
        <k>1.9662304479640125E-4</k>
        <k>4.6189353613177727E-4</k>
        <k>-6.928512100857907E-4</k>
        <k>0.21703354806854078</k>
        <k>0.017184719845628554</k>
        <k>3.815022823140427E-6</k>
        <k>3.8656793081304094E-7</k>
        <k>2.1896189117013382E-13</k>
        <k>2.193803726273803E-8</k>
        <k>-4.1525525060854257E-13</k>
        <k>575.9299883313886</k>
        <k>633.2683780630105</k>
    </moments><members>
    <section id="930" first-pos="565">
        <run start="620" length="14" level="29"/>
        <run start="619" length="15" level="27"/>
        <run start="618" length="16" level="25"/>
        <run start="617" length="17" level="24"/>
        <run start="616" length="18" level="22"/>
        <run start="615" length="19" level="21"/>
        <run start="614" length="20" level="20"/>
    </section>
    <section id="936" first-pos="572">
        <run start="613" length="42" level="29"/>
        <run start="612" length="43" level="33"/>
        <run start="612" length="43" level="33"/>
        <run start="612" length="43" level="33"/>
        <run start="612" length="43" level="33"/>
        <run start="612" length="43" level="33"/>
        <run start="612" length="43" level="33"/>
        <run start="612" length="43" level="33"/>
        <run start="612" length="43" level="33"/>
        <run start="612" length="43" level="33"/>
    </section>
    <section id="931" first-pos="565">
        <run start="641" length="14" level="29"/>
        <run start="640" length="15" level="27"/>
        <run start="639" length="16" level="25"/>
        <run start="638" length="17" level="24"/>
        <run start="637" length="18" level="22"/>
        <run start="637" length="18" level="22"/>
        <run start="635" length="20" level="20"/>
    </section>
    <section id="941" first-pos="582">
        <run start="612" length="18" level="22"/>
        <run start="612" length="17" level="24"/>
        <run start="612" length="16" level="25"/>
        <run start="612" length="15" level="27"/>
        <run start="613" length="12" level="17"/>
        <run start="616" length="8" level="0"/>
    </section>
    <section id="949" first-pos="588">
        <run start="618" length="3" level="0"/>
    </section>
    <section id="942" first-pos="582">
        <run start="631" length="24" level="42"/>
    </section>
    <section id="943" first-pos="583">
        <run start="631" length="1" level="0"/>
    </section>
    <section id="944" first-pos="583">
        <run start="633" length="18" level="22"/>
        <run start="633" length="17" level="24"/>
        <run start="633" length="16" level="25"/>
        <run start="634" length="13" level="15"/>
        <run start="637" length="9" level="0"/>
    </section>
    <section id="950" first-pos="588">
        <run start="640" length="3" level="0"/>
    </section>
    <section id="945" first-pos="583">
        <run start="652" length="1" level="0"/>
    </section>
</members></stick>
