<?xml version="1.0" encoding="UTF-8"?>
<stick id="1156" interline="21" shape="NOTEHEAD_BLACK_2">
    <is-within-system>true</is-within-system>
    <has-ledger>false</has-ledger>
    <stem-number>1</stem-number>
    <step-line>-1.9294117647058824</step-line>
    <moments>
        <k>1.9591836734693877</k>
        <k>1.1904761904761905</k>
        <k>2.0476190476190474</k>
        <k>0.04799136224936736</k>
        <k>-0.015934865903376998</k>
        <k>0.16555878539846827</k>
        <k>-0.0014297325826972034</k>
        <k>0.0018976769863198392</k>
        <k>6.78634703869368E-4</k>
        <k>-0.004243555859219442</k>
        <k>0.21355014764783564</k>
        <k>0.014837778791354174</k>
        <k>1.1074639529212327E-4</k>
        <k>6.067295709896383E-6</k>
        <k>4.732149299096483E-11</k>
        <k>4.6835750708784113E-7</k>
        <k>1.4998618908935335E-10</k>
        <k>2153.7002314814813</k>
        <k>1810.068287037037</k>
    </moments><members>
    <section id="2726" first-pos="2141">
        <run start="1803" length="7" level="57"/>
        <run start="1801" length="9" level="44"/>
        <run start="1799" length="11" level="36"/>
        <run start="1798" length="12" level="33"/>
        <run start="1796" length="14" level="29"/>
        <run start="1795" length="15" level="27"/>
        <run start="1794" length="16" level="25"/>
    </section>
    <section id="2739" first-pos="2148">
        <run start="1793" length="19" level="32"/>
        <run start="1793" length="19" level="32"/>
        <run start="1792" length="20" level="30"/>
    </section>
    <section id="2738" first-pos="2147">
        <run start="1811" length="1" level="0"/>
    </section>
    <section id="2742" first-pos="2151">
        <run start="1792" length="39" level="26"/>
        <run start="1788" length="43" level="37"/>
        <run start="1788" length="43" level="37"/>
        <run start="1788" length="43" level="37"/>
        <run start="1788" length="43" level="37"/>
        <run start="1788" length="43" level="37"/>
        <run start="1788" length="43" level="37"/>
        <run start="1788" length="43" level="37"/>
        <run start="1788" length="42" level="33"/>
    </section>
    <section id="2727" first-pos="2141">
        <run start="1822" length="9" level="44"/>
        <run start="1820" length="11" level="36"/>
        <run start="1818" length="13" level="31"/>
        <run start="1818" length="13" level="31"/>
        <run start="1817" length="14" level="29"/>
        <run start="1816" length="15" level="27"/>
        <run start="1815" length="16" level="25"/>
        <run start="1814" length="17" level="24"/>
        <run start="1813" length="18" level="22"/>
        <run start="1813" length="18" level="22"/>
    </section>
    <section id="2759" first-pos="2160">
        <run start="1788" length="20" level="30"/>
        <run start="1788" length="19" level="32"/>
        <run start="1788" length="18" level="33"/>
        <run start="1788" length="17" level="35"/>
        <run start="1788" length="16" level="38"/>
    </section>
    <section id="2760" first-pos="2160">
        <run start="1809" length="20" level="20"/>
        <run start="1809" length="19" level="21"/>
        <run start="1809" length="18" level="22"/>
        <run start="1809" length="17" level="24"/>
        <run start="1809" length="16" level="25"/>
        <run start="1809" length="15" level="27"/>
    </section>
</members></stick>
