<?xml version="1.0" encoding="UTF-8"?>
<stick id="195" interline="21" shape="PIANO">
    <is-within-system>true</is-within-system>
    <has-ledger>false</has-ledger>
    <stem-number>0</stem-number>
    <step-line>11.152941176470588</step-line>
    <moments>
        <k>0.8458049886621315</k>
        <k>1.4761904761904763</k>
        <k>1.6666666666666667</k>
        <k>0.18648193817541686</k>
        <k>-0.11786818016038003</k>
        <k>0.25120706443344243</k>
        <k>0.03829634336550565</k>
        <k>0.010827406606659087</k>
        <k>-0.04110383750826848</k>
        <k>0.026882028534152256</k>
        <k>0.4376890026088593</k>
        <k>0.05976097354639657</k>
        <k>0.02614846122790138</k>
        <k>0.0014298835220007049</k>
        <k>1.6366612154135115E-6</k>
        <k>1.4144341566360824E-4</k>
        <k>8.588723442308544E-6</k>
        <k>438.92761394101876</k>
        <k>772.9302949061662</k>
    </moments><members>
    <section id="740" first-pos="425">
        <run start="789" length="3" level="0"/>
        <run start="787" length="6" level="0"/>
        <run start="785" length="8" level="0"/>
        <run start="783" length="10" level="0"/>
        <run start="780" length="13" level="0"/>
        <run start="778" length="15" level="0"/>
        <run start="776" length="17" level="0"/>
        <run start="773" length="19" level="0"/>
        <run start="771" length="16" level="0"/>
        <run start="768" length="17" level="0"/>
        <run start="766" length="16" level="0"/>
        <run start="763" length="16" level="0"/>
    </section>
    <section id="755" first-pos="437">
        <run start="758" length="19" level="0"/>
        <run start="758" length="18" level="0"/>
        <run start="758" length="19" level="0"/>
    </section>
    <section id="749" first-pos="430">
        <run start="762" length="2" level="0"/>
        <run start="761" length="3" level="0"/>
        <run start="760" length="2" level="0"/>
        <run start="759" length="2" level="0"/>
        <run start="758" length="3" level="0"/>
        <run start="758" length="3" level="0"/>
        <run start="758" length="4" level="0"/>
    </section>
    <section id="761" first-pos="440">
        <run start="759" length="11" level="0"/>
        <run start="759" length="8" level="0"/>
        <run start="761" length="4" level="0"/>
        <run start="760" length="3" level="0"/>
        <run start="759" length="2" level="0"/>
        <run start="759" length="1" level="0"/>
        <run start="758" length="2" level="0"/>
        <run start="758" length="2" level="0"/>
        <run start="758" length="2" level="0"/>
        <run start="758" length="2" level="0"/>
        <run start="758" length="3" level="0"/>
        <run start="758" length="3" level="0"/>
    </section>
    <section id="792" first-pos="452">
        <run start="759" length="17" level="0"/>
        <run start="760" length="15" level="0"/>
        <run start="761" length="12" level="0"/>
    </section>
    <section id="762" first-pos="440">
        <run start="774" length="4" level="0"/>
        <run start="776" length="3" level="0"/>
        <run start="777" length="2" level="0"/>
        <run start="777" length="3" level="0"/>
        <run start="777" length="3" level="0"/>
        <run start="777" length="3" level="0"/>
        <run start="777" length="3" level="0"/>
        <run start="776" length="4" level="0"/>
        <run start="775" length="4" level="0"/>
        <run start="774" length="5" level="0"/>
        <run start="772" length="6" level="0"/>
        <run start="770" length="8" level="0"/>
    </section>
    <section id="799" first-pos="455">
        <run start="763" length="7" level="0"/>
    </section>
</members></stick>
