<?xml version="1.0" encoding="UTF-8"?>
<stick id="482" interline="21" shape="QUARTER_REST">
    <is-within-system>true</is-within-system>
    <has-ledger>false</has-ledger>
    <stem-number>0</stem-number>
    <step-line>-0.4235294117647059</step-line>
    <moments>
        <k>1.034013605442177</k>
        <k>1.0476190476190477</k>
        <k>2.6666666666666665</k>
        <k>0.05400640100800246</k>
        <k>-0.09013771064173592</k>
        <k>0.4369243231216896</k>
        <k>6.551503016563682E-5</k>
        <k>0.009443113853063541</k>
        <k>-0.012616196959113517</k>
        <k>-0.018518597283053176</k>
        <k>0.4909307241296921</k>
        <k>0.17912536259479703</k>
        <k>0.0036322088005322113</k>
        <k>2.3988401636963535E-4</k>
        <k>-1.2327467525329807E-7</k>
        <k>-6.984628469716948E-5</k>
        <k>1.8692845543019954E-7</k>
        <k>2041.125</k>
        <k>1826.1381578947369</k>
    </moments><members>
    <section id="2573" first-pos="2031">
        <run start="1840" length="3" level="0"/>
    </section>
    <section id="2574" first-pos="2032">
        <run start="1837" length="10" level="0"/>
        <run start="1835" length="14" level="0"/>
    </section>
    <section id="2584" first-pos="2034">
        <run start="1830" length="23" level="43"/>
        <run start="1830" length="23" level="43"/>
        <run start="1830" length="23" level="43"/>
        <run start="1830" length="23" level="43"/>
    </section>
    <section id="2581" first-pos="2033">
        <run start="1850" length="1" level="0"/>
    </section>
    <section id="2615" first-pos="2038">
        <run start="1830" length="12" level="50"/>
        <run start="1830" length="10" level="60"/>
        <run start="1830" length="9" level="67"/>
        <run start="1830" length="8" level="75"/>
        <run start="1830" length="8" level="75"/>
        <run start="1830" length="7" level="86"/>
    </section>
    <section id="2626" first-pos="2044">
        <run start="1825" length="12" level="67"/>
        <run start="1827" length="9" level="89"/>
        <run start="1829" length="7" level="114"/>
        <run start="1830" length="6" level="100"/>
        <run start="1830" length="6" level="100"/>
        <run start="1830" length="6" level="100"/>
        <run start="1830" length="7" level="86"/>
        <run start="1834" length="3" level="0"/>
        <run start="1836" length="1" level="0"/>
    </section>
    <section id="2622" first-pos="2040">
        <run start="1809" length="16" level="25"/>
        <run start="1809" length="17" level="24"/>
        <run start="1809" length="19" level="21"/>
        <run start="1809" length="20" level="20"/>
    </section>
    <section id="2614" first-pos="2038">
        <run start="1810" length="2" level="100"/>
        <run start="1809" length="3" level="133"/>
    </section>
    <section id="2612" first-pos="2037">
        <run start="1817" length="4" level="0"/>
        <run start="1815" length="8" level="0"/>
        <run start="1813" length="11" level="0"/>
    </section>
    <section id="2625" first-pos="2044">
        <run start="1800" length="24" level="25"/>
    </section>
    <section id="2621" first-pos="2040">
        <run start="1797" length="1" level="0"/>
        <run start="1797" length="2" level="0"/>
        <run start="1797" length="4" level="0"/>
        <run start="1798" length="5" level="0"/>
    </section>
    <section id="2627" first-pos="2045">
        <run start="1801" length="19" level="32"/>
        <run start="1802" length="17" level="35"/>
        <run start="1804" length="14" level="43"/>
        <run start="1805" length="12" level="50"/>
        <run start="1806" length="9" level="67"/>
    </section>
    <section id="2632" first-pos="2050">
        <run start="1809" length="4" level="100"/>
        <run start="1809" length="3" level="133"/>
        <run start="1809" length="1" level="200"/>
    </section>
    <section id="2616" first-pos="2038">
        <run start="1848" length="5" level="80"/>
        <run start="1850" length="3" level="133"/>
        <run start="1851" length="2" level="200"/>
    </section>
</members></stick>
