<?xml version="1.0" encoding="UTF-8" standalone="yes"?>
<samples sheet-name="IMSLP00005#8">
    <sample shape="G_CLEF" interline="22" pitch="0.4" left="126" top="229" id="272">
        <run-table orientation="VERTICAL" width="55" height="155">
            <runs>0 85 17</runs>
            <runs>0 76 27 1 1</runs>
            <runs>0 76 31</runs>
            <runs>0 76 33</runs>
            <runs>0 75 36</runs>
            <runs>0 73 39</runs>
            <runs>0 72 40 26 9</runs>
            <runs>0 70 43 23 13</runs>
            <runs>0 69 22 6 7 1 9 21 15</runs>
            <runs>0 67 21 19 8 19 17</runs>
            <runs>0 66 21 22 7 17 19</runs>
            <runs>0 65 18 27 7 15 21</runs>
            <runs>0 63 18 30 7 14 21</runs>
            <runs>0 62 18 32 6 14 22</runs>
            <runs>0 62 17 34 5 14 22</runs>
            <runs>0 61 18 17 2 16 9 9 23</runs>
            <runs>0 60 19 11 13 1 1 10 8 9 23</runs>
            <runs>0 59 20 9 19 8 8 9 23</runs>
            <runs>0 54 25 6 24 7 7 9 23</runs>
            <runs>0 54 20 10 26 6 7 10 22</runs>
            <runs>0 54 19 10 21 2 4 7 6 10 16 2 4</runs>
            <runs>0 54 18 11 11 14 3 6 6 10 15 3 4</runs>
            <runs>0 54 17 11 10 18 2 5 6 11 13 4 4</runs>
            <runs>0 54 16 11 10 26 6 13 10 5 4</runs>
            <runs>0 30 15 8 16 7 14 27 6 14 6 8 4</runs>
            <runs>0 25 44 7 13 28 7 27 4</runs>
            <runs>0 23 46 7 13 29 6 26 4</runs>
            <runs>0 20 53 3 12 29 7 26 4</runs>
            <runs>0 18 70 29 7 25 5</runs>
            <runs>0 17 21 10 41 27 8 25 4</runs>
            <runs>0 14 22 12 54 2 20 23 6</runs>
            <runs>0 12 24 11 17 12 50 2 1 17 6</runs>
            <runs>0 11 17 17 18 13 75</runs>
            <runs>0 9 17 17 19 14 11 9 55</runs>
            <runs>0 8 4 1 12 17 20 14 11 10 7 4 3 1 37</runs>
            <runs>0 7 16 19 18 16 11 29 32</runs>
            <runs>0 6 14 22 17 17 11 29 8 4 17</runs>
            <runs>0 5 15 21 17 18 11 29 7 13 2</runs>
            <runs>0 4 14 22 18 18 11 29 3</runs>
            <runs>0 2 15 22 19 18 11 28 4</runs>
            <runs>0 1 15 21 21 18 11 27 4</runs>
            <runs>15 18 25 18 12 25 5</runs>
            <runs>14 19 18 25 12 25 4</runs>
            <runs>0 1 13 18 18 26 13 22 6</runs>
            <runs>0 3 13 13 19 28 15 19 6</runs>
            <runs>0 5 19 1 21 30 15 18 7</runs>
            <runs>0 6 37 33 16 15 8</runs>
            <runs>0 10 32 34 17 12 9</runs>
            <runs>0 12 26 44 14 8 9</runs>
            <runs>0 20 3 3 10 47 29</runs>
            <runs>0 84 26</runs>
            <runs>0 86 22</runs>
            <runs>0 87 19</runs>
            <runs>0 90 14</runs>
            <runs>0 93 10</runs>
        </run-table>
    </sample>
    <sample shape="G_CLEF" interline="22" pitch="0.4" left="123" top="742" id="315">
        <run-table orientation="VERTICAL" width="57" height="157">
            <runs>0 87 16</runs>
            <runs>0 81 2 1 19</runs>
            <runs>0 77 27</runs>
            <runs>0 76 31</runs>
            <runs>0 76 32</runs>
            <runs>0 74 36</runs>
            <runs>0 73 38</runs>
            <runs>0 72 40</runs>
            <runs>0 70 44</runs>
            <runs>0 69 46</runs>
            <runs>0 68 23 14 10 25 8</runs>
            <runs>0 66 22 19 10 20 13</runs>
            <runs>0 65 21 23 8 19 15</runs>
            <runs>0 64 19 28 7 18 16</runs>
            <runs>0 63 19 30 7 16 18</runs>
            <runs>0 62 19 32 7 14 20</runs>
            <runs>0 61 20 16 2 14 7 14 20</runs>
            <runs>0 55 25 11 12 12 5 14 21</runs>
            <runs>0 54 26 9 16 11 9 9 21</runs>
            <runs>0 54 22 11 21 8 9 9 22</runs>
            <runs>0 54 21 11 24 6 9 8 23</runs>
            <runs>0 55 18 11 27 6 8 8 23</runs>
            <runs>0 54 18 10 15 10 4 7 7 9 22</runs>
            <runs>0 31 2 5 4 12 17 6 17 14 5 5 7 9 22</runs>
            <runs>0 26 25 3 16 7 15 18 3 5 7 9 16 1 6</runs>
            <runs>0 22 47 8 15 19 2 5 7 10 15 1 6</runs>
            <runs>0 20 48 9 13 28 7 11 13 3 4</runs>
            <runs>0 16 55 5 14 47 11 4 4</runs>
            <runs>0 15 27 2 45 51 6 6 4</runs>
            <runs>0 14 23 12 40 63 4</runs>
            <runs>0 13 24 12 41 61 5</runs>
            <runs>0 10 19 19 16 5 34 47 5</runs>
            <runs>0 9 18 20 17 11 30 45 5</runs>
            <runs>0 7 18 21 17 14 37 35 6</runs>
            <runs>0 6 17 22 17 15 49 22 7</runs>
            <runs>0 5 16 22 18 16 11 9 38 12 7</runs>
            <runs>0 3 17 22 18 17 11 20 32 1 12</runs>
            <runs>0 2 17 22 18 18 11 23 3 1 37</runs>
            <runs>0 1 17 21 19 19 11 29 34</runs>
            <runs>16 22 20 19 11 29 32</runs>
            <runs>15 18 25 19 11 28 5 10 17</runs>
            <runs>15 18 25 19 11 28 4 19 6</runs>
            <runs>0 2 13 18 20 24 11 28 4</runs>
            <runs>0 4 12 14 21 26 12 26 4</runs>
            <runs>0 6 41 30 13 24 5</runs>
            <runs>0 8 37 32 13 22 6</runs>
            <runs>0 11 31 35 14 20 6</runs>
            <runs>0 13 26 38 15 18 7</runs>
            <runs>0 17 21 39 16 16 8</runs>
            <runs>0 77 20 9 10</runs>
            <runs>0 82 32</runs>
            <runs>0 83 30</runs>
            <runs>0 84 28</runs>
            <runs>0 86 25</runs>
            <runs>0 87 23</runs>
            <runs>0 90 18</runs>
            <runs>0 92 13</runs>
        </run-table>
    </sample>
    <sample shape="G_CLEF" interline="22" pitch="0.4" left="122" top="1227" id="361">
        <run-table orientation="VERTICAL" width="57" height="155">
            <runs>0 89 12</runs>
            <runs>0 83 19</runs>
            <runs>0 81 23</runs>
            <runs>0 76 30</runs>
            <runs>0 75 33</runs>
            <runs>0 74 36</runs>
            <runs>0 71 40</runs>
            <runs>0 70 42</runs>
            <runs>0 69 44 28 3</runs>
            <runs>0 67 23 8 16 23 11</runs>
            <runs>0 66 21 16 12 21 14</runs>
            <runs>0 65 20 23 8 19 16</runs>
            <runs>0 63 20 27 7 17 18</runs>
            <runs>0 62 19 30 6 17 19</runs>
            <runs>0 61 20 31 6 15 20</runs>
            <runs>0 61 19 32 6 15 21</runs>
            <runs>0 59 20 12 11 12 5 14 21</runs>
            <runs>0 59 20 9 15 11 9 9 22</runs>
            <runs>0 53 26 7 20 9 9 8 23</runs>
            <runs>0 54 26 5 23 8 8 8 23</runs>
            <runs>0 54 19 11 25 7 8 9 22</runs>
            <runs>0 54 18 11 27 23 22</runs>
            <runs>0 53 18 10 13 12 5 22 22</runs>
            <runs>0 30 12 11 17 5 17 16 4 21 17 1 4</runs>
            <runs>0 24 24 4 17 7 15 18 3 22 15 2 4</runs>
            <runs>0 21 48 7 14 21 1 22 15 2 4</runs>
            <runs>0 19 49 8 13 46 11 5 4</runs>
            <runs>0 16 54 6 13 48 7 7 4</runs>
            <runs>0 15 26 3 45 62 4</runs>
            <runs>0 13 24 10 42 62 4</runs>
            <runs>0 11 25 11 44 59 5</runs>
            <runs>0 9 20 18 17 8 30 15 7 26 4</runs>
            <runs>0 9 17 20 17 12 35 7 7 25 5</runs>
            <runs>0 8 16 21 17 14 48 24 6</runs>
            <runs>0 6 17 21 17 15 11 9 30 21 6</runs>
            <runs>0 5 16 22 17 16 11 11 39 5 10</runs>
            <runs>0 4 16 22 17 17 11 22 42</runs>
            <runs>0 2 16 23 17 18 10 29 35</runs>
            <runs>17 22 18 20 10 29 33</runs>
            <runs>15 24 18 20 10 28 10 1 1 3 17</runs>
            <runs>14 19 24 20 10 28 9 12 9</runs>
            <runs>14 19 20 24 10 28 9</runs>
            <runs>0 1 13 16 22 25 11 27 4</runs>
            <runs>0 2 14 12 22 26 12 26 5</runs>
            <runs>0 4 16 1 26 30 12 24 5</runs>
            <runs>0 7 39 30 14 22 5</runs>
            <runs>0 10 32 34 15 20 6</runs>
            <runs>0 14 25 37 16 18 6</runs>
            <runs>0 18 18 40 17 15 7</runs>
            <runs>0 82 14 10 9</runs>
            <runs>0 82 32</runs>
            <runs>0 84 28</runs>
            <runs>0 84 28</runs>
            <runs>0 86 25</runs>
            <runs>0 89 20</runs>
            <runs>0 90 16</runs>
            <runs>0 94 9</runs>
        </run-table>
    </sample>
    <sample shape="G_CLEF" interline="22" pitch="0.3" left="120" top="1753" id="407">
        <run-table orientation="VERTICAL" width="57" height="155">
            <runs>0 90 12</runs>
            <runs>0 84 18</runs>
            <runs>0 81 23</runs>
            <runs>0 76 31</runs>
            <runs>0 75 33</runs>
            <runs>0 74 35</runs>
            <runs>0 73 37</runs>
            <runs>0 71 40</runs>
            <runs>0 69 26 2 15</runs>
            <runs>0 68 21 9 16 26 6</runs>
            <runs>0 66 20 19 10 22 11</runs>
            <runs>0 65 19 24 8 20 14</runs>
            <runs>0 64 18 28 7 18 16</runs>
            <runs>0 63 18 30 6 18 17</runs>
            <runs>0 62 18 32 6 16 19</runs>
            <runs>0 61 18 34 5 16 19</runs>
            <runs>0 60 19 13 3 19 5 15 20</runs>
            <runs>0 59 20 10 14 12 8 10 21</runs>
            <runs>0 58 21 9 17 10 8 10 21</runs>
            <runs>0 53 20 13 21 9 7 10 22</runs>
            <runs>0 54 19 11 25 7 7 10 22</runs>
            <runs>0 54 17 12 27 6 7 11 21</runs>
            <runs>0 28 1 25 16 12 12 12 5 23 16 2 3</runs>
            <runs>0 27 3 1 8 1 3 10 16 12 12 14 4 23 15 3 3</runs>
            <runs>0 24 26 2 16 8 16 17 3 23 13 4 3</runs>
            <runs>0 22 45 9 14 45 12 5 3</runs>
            <runs>0 19 48 9 13 47 10 6 3</runs>
            <runs>0 17 52 7 13 49 7 7 3</runs>
            <runs>0 12 61 3 12 64 3</runs>
            <runs>0 12 23 12 41 64 3</runs>
            <runs>0 10 25 12 19 1 22 62 3</runs>
            <runs>0 10 18 18 17 9 30 49 3</runs>
            <runs>0 8 17 21 16 14 28 2 2 42 4</runs>
            <runs>0 7 17 21 16 15 47 26 4</runs>
            <runs>0 6 15 23 16 16 11 5 2 2 27 25 5</runs>
            <runs>0 5 15 23 16 17 11 11 28 2 3 16 5</runs>
            <runs>0 3 15 24 16 18 11 23 30 1 10</runs>
            <runs>0 2 15 24 16 19 10 30 34</runs>
            <runs>0 1 14 24 18 19 10 30 33</runs>
            <runs>14 24 19 19 11 29 7 7 17</runs>
            <runs>13 24 20 19 11 29 7 14 5</runs>
            <runs>12 20 20 24 11 28 4</runs>
            <runs>0 1 11 19 19 26 11 28 4</runs>
            <runs>0 1 14 15 18 28 12 26 4</runs>
            <runs>0 5 12 7 22 30 12 25 5</runs>
            <runs>0 7 36 33 13 23 5</runs>
            <runs>0 10 31 35 14 21 6</runs>
            <runs>0 14 25 37 15 19 7</runs>
            <runs>0 21 14 46 12 16 6</runs>
            <runs>0 82 12 12 8</runs>
            <runs>0 82 19 1 12</runs>
            <runs>0 83 30</runs>
            <runs>0 85 27</runs>
            <runs>0 86 23</runs>
            <runs>0 89 19</runs>
            <runs>0 91 14</runs>
            <runs>0 95 7</runs>
        </run-table>
    </sample>
    <sample shape="G_CLEF" interline="22" pitch="0.5" left="122" top="2240" id="453">
        <run-table orientation="VERTICAL" width="57" height="158">
            <runs>0 93 9</runs>
            <runs>0 92 10</runs>
            <runs>0 87 18</runs>
            <runs>0 82 25</runs>
            <runs>0 76 34</runs>
            <runs>0 76 35</runs>
            <runs>0 75 38</runs>
            <runs>0 73 41</runs>
            <runs>0 72 43</runs>
            <runs>0 71 24 2 19 26 8</runs>
            <runs>0 70 23 11 13 22 12</runs>
            <runs>0 68 22 17 10 21 13</runs>
            <runs>0 67 21 22 8 19 16</runs>
            <runs>0 65 21 25 8 17 18</runs>
            <runs>0 64 21 28 11 12 18</runs>
            <runs>0 63 20 30 11 11 20</runs>
            <runs>0 63 18 34 9 11 21</runs>
            <runs>0 61 19 13 11 12 8 11 21</runs>
            <runs>0 60 19 13 14 10 8 11 22</runs>
            <runs>0 59 20 10 20 8 7 11 22</runs>
            <runs>0 59 20 9 22 7 7 11 22</runs>
            <runs>0 54 25 8 24 24 23</runs>
            <runs>0 54 20 11 17 3 7 23 23</runs>
            <runs>0 54 19 11 12 12 5 22 17 2 4</runs>
            <runs>0 54 18 11 11 16 5 21 15 3 4</runs>
            <runs>0 30 15 9 17 11 11 19 3 21 15 3 4</runs>
            <runs>0 24 46 5 17 21 1 23 13 4 4</runs>
            <runs>0 21 49 6 16 47 9 6 4</runs>
            <runs>0 19 51 6 15 49 7 6 5</runs>
            <runs>0 17 73 63 5</runs>
            <runs>0 15 25 7 43 63 4</runs>
            <runs>0 14 21 14 42 2 10 50 4</runs>
            <runs>0 12 23 14 55 48 4</runs>
            <runs>0 11 18 19 17 10 49 27 5</runs>
            <runs>0 9 18 20 17 12 49 25 5</runs>
            <runs>0 8 17 21 17 13 14 2 1 2 34 19 6</runs>
            <runs>0 6 17 22 17 14 13 18 34 4 9</runs>
            <runs>0 5 17 22 16 16 12 24 41</runs>
            <runs>0 4 16 23 17 17 12 29 33</runs>
            <runs>0 3 16 23 17 18 12 29 7 3 21</runs>
            <runs>0 1 16 23 18 19 12 28 7 10 14</runs>
            <runs>0 1 15 22 19 20 12 28 7</runs>
            <runs>15 21 21 19 13 27 8</runs>
            <runs>0 1 13 18 25 19 13 27 8</runs>
            <runs>0 2 12 17 20 25 14 25 9</runs>
            <runs>0 5 10 15 20 26 14 24 10</runs>
            <runs>0 6 42 28 15 22 6</runs>
            <runs>0 9 36 31 16 20 6</runs>
            <runs>0 12 30 39 13 17 7</runs>
            <runs>0 16 23 43 14 13 8</runs>
            <runs>0 18 18 46 20 2 12</runs>
            <runs>0 83 32</runs>
            <runs>0 84 30</runs>
            <runs>0 85 27</runs>
            <runs>0 86 25</runs>
            <runs>0 88 22</runs>
            <runs>0 91 16</runs>
        </run-table>
    </sample>
    <sample shape="G_CLEF" interline="22" pitch="0.5" left="122" top="2747" id="504">
        <run-table orientation="VERTICAL" width="57" height="156">
            <runs>0 89 13</runs>
            <runs>0 83 19</runs>
            <runs>0 76 30</runs>
            <runs>0 76 31</runs>
            <runs>0 75 34</runs>
            <runs>0 74 36</runs>
            <runs>0 72 39</runs>
            <runs>0 70 42</runs>
            <runs>0 69 44 29 3</runs>
            <runs>0 67 22 9 16 25 9</runs>
            <runs>0 66 21 18 10 22 13</runs>
            <runs>0 65 20 23 8 19 16</runs>
            <runs>0 64 18 28 7 18 17</runs>
            <runs>0 62 19 30 7 16 19</runs>
            <runs>0 61 19 32 6 16 20</runs>
            <runs>0 60 20 33 6 15 21</runs>
            <runs>0 59 21 14 8 12 5 14 22</runs>
            <runs>0 59 21 11 11 12 6 13 22</runs>
            <runs>0 54 25 9 18 9 9 9 22</runs>
            <runs>0 54 26 7 22 7 8 9 23</runs>
            <runs>0 54 19 12 25 6 8 9 23</runs>
            <runs>0 54 18 11 14 1 12 7 7 9 23</runs>
            <runs>0 54 17 11 12 13 4 7 6 10 22</runs>
            <runs>0 31 10 13 16 11 12 15 4 5 7 10 16 2 4</runs>
            <runs>0 28 19 6 16 7 15 19 3 4 7 11 15 1 5</runs>
            <runs>0 22 46 8 14 22 1 5 6 12 12 3 5</runs>
            <runs>0 19 49 8 13 29 6 13 9 5 5</runs>
            <runs>0 17 51 8 13 29 7 13 7 6 5</runs>
            <runs>0 15 74 29 6 16 2 9 5</runs>
            <runs>0 13 24 11 40 30 6 27 5</runs>
            <runs>0 12 24 12 42 28 6 26 5</runs>
            <runs>0 10 18 19 17 8 31 14 7 26 5</runs>
            <runs>0 8 19 19 17 11 35 7 8 24 6</runs>
            <runs>0 7 18 20 17 14 48 24 6</runs>
            <runs>0 6 16 22 17 16 10 9 36 13 8</runs>
            <runs>0 5 16 22 17 17 10 11 55</runs>
            <runs>0 5 14 23 16 18 11 23 42</runs>
            <runs>0 3 15 23 17 19 10 26 38</runs>
            <runs>0 2 14 24 18 19 10 29 33</runs>
            <runs>0 1 14 23 20 19 10 29 9 3 20</runs>
            <runs>14 18 26 18 12 28 4 17 8</runs>
            <runs>13 19 21 23 12 28 4</runs>
            <runs>12 19 20 25 12 27 5</runs>
            <runs>0 2 10 17 20 28 11 27 4</runs>
            <runs>0 4 9 13 22 29 12 25 4</runs>
            <runs>0 7 13 3 23 31 13 23 5</runs>
            <runs>0 9 34 34 14 21 5</runs>
            <runs>0 10 29 38 15 19 6</runs>
            <runs>0 15 22 39 17 15 8</runs>
            <runs>0 19 3 2 5 52 16 6 12</runs>
            <runs>0 82 32</runs>
            <runs>0 83 30</runs>
            <runs>0 84 28</runs>
            <runs>0 87 24</runs>
            <runs>0 87 22</runs>
            <runs>0 87 2 1 18</runs>
            <runs>0 87 1 5 10 1 1</runs>
        </run-table>
    </sample>
    <sample shape="F_CLEF" interline="22" pitch="-1.4" left="115" top="469" id="282">
        <run-table orientation="VERTICAL" width="66" height="66">
            <runs>0 64 1</runs>
            <runs>0 63 3</runs>
            <runs>0 63 3</runs>
            <runs>0 63 3</runs>
            <runs>0 62 3</runs>
            <runs>0 62 4</runs>
            <runs>0 62 3</runs>
            <runs>0 62 3</runs>
            <runs>0 61 4</runs>
            <runs>0 15 11 35 4</runs>
            <runs>0 11 15 35 4</runs>
            <runs>0 9 17 34 5</runs>
            <runs>0 7 20 33 4</runs>
            <runs>0 6 7 4 10 33 4</runs>
            <runs>0 5 5 7 11 32 4</runs>
            <runs>0 1 7 9 11 31 4</runs>
            <runs>0 4 3 10 12 30 4</runs>
            <runs>0 4 3 9 13 29 5</runs>
            <runs>0 4 2 9 14 29 5</runs>
            <runs>0 4 1 10 14 28 6</runs>
            <runs>0 4 1 10 14 28 5</runs>
            <runs>0 15 14 27 6</runs>
            <runs>0 15 14 26 6</runs>
            <runs>0 16 13 26 6</runs>
            <runs>0 16 12 26 7</runs>
            <runs>0 16 11 26 7</runs>
            <runs>0 18 8 26 7</runs>
            <runs>0 52 7</runs>
            <runs>0 51 8</runs>
            <runs>0 50 8</runs>
            <runs>0 44 13</runs>
            <runs>0 44 12</runs>
            <runs>0 44 12</runs>
            <runs>0 44 11</runs>
            <runs>0 4 1 39 11</runs>
            <runs>0 4 2 38 10</runs>
            <runs>0 4 2 35 12</runs>
            <runs>0 4 3 33 12</runs>
            <runs>0 1 8 29 13</runs>
            <runs>0 1 10 25 15</runs>
            <runs>12 21 17</runs>
            <runs>0 1 14 7 27</runs>
            <runs>49</runs>
            <runs>0 5 43</runs>
            <runs>0 5 43</runs>
            <runs>0 6 42</runs>
            <runs>0 7 41</runs>
            <runs>0 7 35</runs>
            <runs>0 9 31</runs>
            <runs>0 10 29</runs>
            <runs>0 11 26</runs>
            <runs>0 13 22</runs>
            <runs>0 15 17</runs>
            <runs>0 21 8</runs>
            <runs></runs>
            <runs>0 34 2</runs>
            <runs>0 14 1 17 5</runs>
            <runs>0 12 5 14 7</runs>
            <runs>0 11 7 13 8</runs>
            <runs>0 11 8 12 8</runs>
            <runs>0 11 8 12 8</runs>
            <runs>0 10 9 12 8</runs>
            <runs>0 10 9 12 7</runs>
            <runs>0 11 7 14 6</runs>
            <runs>0 12 5 16 2</runs>
            <runs>0 14 1</runs>
        </run-table>
    </sample>
    <sample shape="F_CLEF" interline="22" pitch="-1.5" left="115" top="968" id="323">
        <run-table orientation="VERTICAL" width="66" height="71">
            <runs>0 63 3</runs>
            <runs>0 63 8</runs>
            <runs>0 62 9</runs>
            <runs>0 63 8</runs>
            <runs>0 63 3</runs>
            <runs>0 62 3</runs>
            <runs>0 62 3</runs>
            <runs>0 62 3</runs>
            <runs>0 62 4</runs>
            <runs>0 16 10 35 4</runs>
            <runs>0 12 14 35 4</runs>
            <runs>0 9 17 35 3</runs>
            <runs>0 8 19 33 4</runs>
            <runs>0 7 7 3 10 33 4</runs>
            <runs>0 6 5 7 10 32 4</runs>
            <runs>0 1 8 8 12 30 5</runs>
            <runs>0 1 7 8 13 30 4</runs>
            <runs>0 6 1 9 13 29 5</runs>
            <runs>0 16 13 28 6</runs>
            <runs>0 15 14 28 5</runs>
            <runs>0 15 15 27 4</runs>
            <runs>0 15 14 27 5</runs>
            <runs>0 15 14 27 5</runs>
            <runs>0 16 13 26 6</runs>
            <runs>0 16 13 25 6</runs>
            <runs>0 17 11 26 6</runs>
            <runs>0 17 9 27 6</runs>
            <runs>0 20 2 30 7</runs>
            <runs>0 51 7</runs>
            <runs>0 51 7</runs>
            <runs>0 45 12</runs>
            <runs>0 45 11</runs>
            <runs>0 45 11</runs>
            <runs>0 44 11</runs>
            <runs>0 44 10</runs>
            <runs>0 42 11</runs>
            <runs>7 34 11</runs>
            <runs>8 31 13</runs>
            <runs>9 28 14</runs>
            <runs>10 24 16</runs>
            <runs>13 19 17</runs>
            <runs>15 13 21</runs>
            <runs>49</runs>
            <runs>48</runs>
            <runs>0 1 47</runs>
            <runs>48</runs>
            <runs>0 6 42</runs>
            <runs>0 7 34</runs>
            <runs>0 8 32</runs>
            <runs>0 9 29</runs>
            <runs>0 11 25</runs>
            <runs>0 12 22</runs>
            <runs>0 14 18</runs>
            <runs>0 17 14</runs>
            <runs></runs>
            <runs>0 34 1</runs>
            <runs>0 33 5</runs>
            <runs>0 12 5 15 7</runs>
            <runs>0 11 8 13 7</runs>
            <runs>0 11 8 12 9</runs>
            <runs>0 10 9 12 8</runs>
            <runs>0 10 9 12 8</runs>
            <runs>0 10 9 12 8</runs>
            <runs>0 10 9 13 6</runs>
            <runs>0 11 8</runs>
            <runs>0 12 6</runs>
        </run-table>
    </sample>
    <sample shape="F_CLEF" interline="22" pitch="-1.4" left="119" top="1460" id="372">
        <run-table orientation="VERTICAL" width="66" height="70">
            <runs>0 62 3</runs>
            <runs>0 62 7</runs>
            <runs>0 62 7</runs>
            <runs>0 61 8</runs>
            <runs>0 62 7</runs>
            <runs>0 61 8</runs>
            <runs>0 61 9</runs>
            <runs>0 61 3</runs>
            <runs>0 18 7 35 4</runs>
            <runs>0 11 14 35 4</runs>
            <runs>0 8 17 35 4</runs>
            <runs>0 7 18 35 4</runs>
            <runs>0 6 6 5 10 32 4</runs>
            <runs>0 5 5 7 11 31 4</runs>
            <runs>0 1 8 8 11 31 3</runs>
            <runs>0 3 4 9 12 30 4</runs>
            <runs>0 3 3 10 13 28 5</runs>
            <runs>0 3 3 9 14 28 5</runs>
            <runs>0 3 2 10 14 27 6</runs>
            <runs>0 3 1 11 14 27 5</runs>
            <runs>0 15 14 27 5</runs>
            <runs>0 15 13 28 5</runs>
            <runs>0 15 13 27 5</runs>
            <runs>0 16 11 27 6</runs>
            <runs>0 17 10 26 7</runs>
            <runs>0 18 8 27 6</runs>
            <runs>0 20 2 31 5</runs>
            <runs>0 52 5</runs>
            <runs>0 50 7</runs>
            <runs>0 49 8</runs>
            <runs>0 44 12</runs>
            <runs>0 43 12</runs>
            <runs>0 44 11</runs>
            <runs>0 43 11</runs>
            <runs>0 4 1 38 11</runs>
            <runs>0 4 2 36 11</runs>
            <runs>0 4 2 34 13</runs>
            <runs>8 31 13</runs>
            <runs>9 27 15</runs>
            <runs>12 22 16</runs>
            <runs>14 16 19</runs>
            <runs>17 2 29</runs>
            <runs>47</runs>
            <runs>0 4 43</runs>
            <runs>0 5 42</runs>
            <runs>0 6 41</runs>
            <runs>0 7 40</runs>
            <runs>0 8 33</runs>
            <runs>0 9 31</runs>
            <runs>0 10 29</runs>
            <runs>0 11 25</runs>
            <runs>0 14 20</runs>
            <runs>0 17 15</runs>
            <runs>0 21 7</runs>
            <runs></runs>
            <runs></runs>
            <runs>0 13 3</runs>
            <runs>0 12 5</runs>
            <runs>0 10 9</runs>
            <runs>0 10 9</runs>
            <runs>0 10 9</runs>
            <runs>0 10 9</runs>
            <runs>0 11 8</runs>
            <runs>0 11 8</runs>
            <runs>0 12 6</runs>
            <runs>0 13 4</runs>
        </run-table>
    </sample>
    <sample shape="F_CLEF" interline="22" pitch="-1.5" left="120" top="1979" id="414">
        <run-table orientation="VERTICAL" width="66" height="70">
            <runs>0 63 2</runs>
            <runs>0 62 8</runs>
            <runs>0 62 8</runs>
            <runs>0 62 7</runs>
            <runs>0 62 7</runs>
            <runs>0 62 8</runs>
            <runs>0 62 3</runs>
            <runs>0 61 4</runs>
            <runs>0 15 5 41 4</runs>
            <runs>0 10 15 36 4</runs>
            <runs>0 8 17 36 3</runs>
            <runs>0 7 19 35 3</runs>
            <runs>0 6 7 1 13 33 4</runs>
            <runs>0 5 6 6 10 33 4</runs>
            <runs>0 4 6 7 11 32 4</runs>
            <runs>0 1 7 9 11 31 4</runs>
            <runs>0 4 3 9 12 31 4</runs>
            <runs>0 4 2 9 13 30 4</runs>
            <runs>0 4 1 10 14 28 5</runs>
            <runs>0 4 1 10 14 28 5</runs>
            <runs>0 15 14 28 4</runs>
            <runs>0 15 14 27 5</runs>
            <runs>0 16 12 28 5</runs>
            <runs>0 16 12 27 5</runs>
            <runs>0 17 10 27 5</runs>
            <runs>0 18 8 28 5</runs>
            <runs>0 19 7 27 6</runs>
            <runs>0 52 6</runs>
            <runs>0 51 7</runs>
            <runs>0 50 7</runs>
            <runs>0 44 13</runs>
            <runs>0 44 13</runs>
            <runs>0 44 12</runs>
            <runs>0 4 1 39 11</runs>
            <runs>0 4 2 38 11</runs>
            <runs>0 4 2 37 11</runs>
            <runs>7 34 12</runs>
            <runs>8 32 12</runs>
            <runs>0 1 9 27 15</runs>
            <runs>11 23 17</runs>
            <runs>14 16 20</runs>
            <runs>0 1 15 6 28</runs>
            <runs>0 1 48</runs>
            <runs>48</runs>
            <runs>0 5 43</runs>
            <runs>0 6 42</runs>
            <runs>0 6 42</runs>
            <runs>0 7 41</runs>
            <runs>0 9 33</runs>
            <runs>0 10 30</runs>
            <runs>0 11 27</runs>
            <runs>0 13 23</runs>
            <runs>0 14 20</runs>
            <runs>0 19 11</runs>
            <runs></runs>
            <runs></runs>
            <runs></runs>
            <runs>0 12 5</runs>
            <runs>0 11 7</runs>
            <runs>0 10 8</runs>
            <runs>0 10 9</runs>
            <runs>0 10 9</runs>
            <runs>0 10 9</runs>
            <runs>0 10 8</runs>
            <runs>0 11 6</runs>
            <runs>0 13 3</runs>
        </run-table>
    </sample>
    <sample shape="F_CLEF" interline="22" pitch="-1.4" left="114" top="2494" id="462">
        <run-table orientation="VERTICAL" width="67" height="70">
            <runs>0 62 8</runs>
            <runs>0 62 7</runs>
            <runs>0 61 9</runs>
            <runs>0 61 8</runs>
            <runs>0 61 8</runs>
            <runs>0 61 8</runs>
            <runs>0 61 8</runs>
            <runs>0 61 8</runs>
            <runs>0 61 4</runs>
            <runs>0 14 11 35 5</runs>
            <runs>0 11 14 35 4</runs>
            <runs>0 8 16 36 4</runs>
            <runs>0 7 20 33 4</runs>
            <runs>0 6 7 3 12 31 5</runs>
            <runs>0 5 5 6 12 31 4</runs>
            <runs>0 4 4 8 12 30 5</runs>
            <runs>0 4 3 9 13 29 5</runs>
            <runs>7 9 13 28 6</runs>
            <runs>0 5 1 9 14 28 6</runs>
            <runs>0 15 14 28 5</runs>
            <runs>0 15 14 28 5</runs>
            <runs>0 15 14 27 5</runs>
            <runs>0 15 13 27 6</runs>
            <runs>0 15 13 27 5</runs>
            <runs>0 16 12 26 6</runs>
            <runs>0 16 11 26 7</runs>
            <runs>0 18 8 27 6</runs>
            <runs>0 20 2 30 7</runs>
            <runs>0 51 7</runs>
            <runs>0 50 7</runs>
            <runs>0 49 8</runs>
            <runs>0 44 12</runs>
            <runs>0 44 12</runs>
            <runs>0 44 11</runs>
            <runs>0 44 11</runs>
            <runs>0 43 11</runs>
            <runs>0 5 1 36 11</runs>
            <runs>7 34 11</runs>
            <runs>8 30 14</runs>
            <runs>0 1 8 27 15</runs>
            <runs>0 1 10 23 16</runs>
            <runs>15 15 19</runs>
            <runs>19 1 29</runs>
            <runs>48</runs>
            <runs>0 5 42</runs>
            <runs>0 5 42</runs>
            <runs>0 6 41</runs>
            <runs>0 6 41</runs>
            <runs>0 7 35</runs>
            <runs>0 7 33</runs>
            <runs>0 10 28</runs>
            <runs>0 12 24</runs>
            <runs>0 13 21</runs>
            <runs>0 16 16</runs>
            <runs>0 21 7</runs>
            <runs></runs>
            <runs>0 34 2</runs>
            <runs>0 13 3 16 5</runs>
            <runs>0 11 7 13 7</runs>
            <runs>0 10 9 11 8</runs>
            <runs>0 10 9 11 9</runs>
            <runs>0 10 9 11 9</runs>
            <runs>0 10 9 11 8</runs>
            <runs>0 10 9 12 7</runs>
            <runs>0 11 8 12 7</runs>
            <runs>0 11 7 16 2</runs>
            <runs>0 14 2</runs>
        </run-table>
    </sample>
    <sample shape="F_CLEF" interline="22" pitch="-1.4" left="119" top="2994" id="516">
        <run-table orientation="VERTICAL" width="65" height="70">
            <runs>0 64 3</runs>
            <runs>0 63 7</runs>
            <runs>0 63 3</runs>
            <runs>0 63 3</runs>
            <runs>0 63 3</runs>
            <runs>0 63 3</runs>
            <runs>0 62 4</runs>
            <runs>0 62 4</runs>
            <runs>0 15 11 36 4</runs>
            <runs>0 13 13 35 5</runs>
            <runs>0 11 15 35 4</runs>
            <runs>0 8 19 34 4</runs>
            <runs>0 8 4 6 10 32 5</runs>
            <runs>0 6 4 8 11 31 4</runs>
            <runs>0 6 3 9 11 31 4</runs>
            <runs>0 1 7 9 13 30 4</runs>
            <runs>0 4 3 10 13 29 4</runs>
            <runs>0 4 2 10 14 29 4</runs>
            <runs>0 4 2 10 14 28 5</runs>
            <runs>0 4 2 10 14 28 5</runs>
            <runs>0 4 1 11 14 27 5</runs>
            <runs>0 4 1 11 13 28 4</runs>
            <runs>0 17 12 27 5</runs>
            <runs>0 17 11 28 5</runs>
            <runs>0 18 9 28 6</runs>
            <runs>0 19 7 28 6</runs>
            <runs>0 53 6</runs>
            <runs>0 53 6</runs>
            <runs>0 52 6</runs>
            <runs>0 51 7</runs>
            <runs>0 45 12</runs>
            <runs>0 45 12</runs>
            <runs>0 4 1 40 12</runs>
            <runs>0 4 1 40 11</runs>
            <runs>0 4 2 38 11</runs>
            <runs>0 4 2 37 12</runs>
            <runs>8 33 13</runs>
            <runs>0 1 8 31 13</runs>
            <runs>0 1 9 28 15</runs>
            <runs>0 1 10 23 17</runs>
            <runs>0 1 13 17 19</runs>
            <runs>0 1 16 5 28</runs>
            <runs>0 1 47</runs>
            <runs>0 1 47</runs>
            <runs>0 5 43</runs>
            <runs>0 5 1 1 41</runs>
            <runs>0 7 41</runs>
            <runs>0 8 35</runs>
            <runs>0 10 31</runs>
            <runs>0 11 28</runs>
            <runs>0 12 24</runs>
            <runs>0 14 21</runs>
            <runs>0 18 2 1 12</runs>
            <runs></runs>
            <runs></runs>
            <runs></runs>
            <runs>0 13 4 16 5</runs>
            <runs>0 12 6 14 7</runs>
            <runs>0 11 8 12 8</runs>
            <runs>0 10 9 12 9</runs>
            <runs>0 10 9 12 9</runs>
            <runs>0 11 8 12 9</runs>
            <runs>0 11 8 12 8</runs>
            <runs>0 12 7 12 8</runs>
            <runs>0 13 5 15 5</runs>
        </run-table>
    </sample>
    <sample shape="FLAT" interline="22" pitch="-0.4" left="201" top="270" id="288">
        <run-table orientation="VERTICAL" width="21" height="54">
            <runs>0 30 11 3 8</runs>
            <runs>54</runs>
            <runs>54</runs>
            <runs>54</runs>
            <runs>0 28 12 8 5</runs>
            <runs>0 27 5 15 5</runs>
            <runs>0 26 5 15 5</runs>
            <runs>0 26 4 14 6</runs>
            <runs>0 25 4 14 6</runs>
            <runs>0 24 5 13 6</runs>
            <runs>0 25 4 11 7</runs>
            <runs>0 24 5 6 11</runs>
            <runs>0 24 5 6 10</runs>
            <runs>0 24 20</runs>
            <runs>0 25 19</runs>
            <runs>0 25 17</runs>
            <runs>0 25 16</runs>
            <runs>0 26 14</runs>
            <runs>0 26 13</runs>
            <runs>0 27 11</runs>
            <runs>0 30 8</runs>
        </run-table>
    </sample>
    <sample shape="FLAT" interline="22" pitch="-3.5" left="224" top="236" id="295">
        <run-table orientation="VERTICAL" width="21" height="56">
            <runs>0 2 3 27 2</runs>
            <runs>55</runs>
            <runs>56</runs>
            <runs>55</runs>
            <runs>16 5 1 1 19 5 7</runs>
            <runs>0 25 9 18 1</runs>
            <runs>0 25 7</runs>
            <runs></runs>
            <runs></runs>
            <runs>0 44 7</runs>
            <runs>0 42 9</runs>
            <runs>0 41 10</runs>
            <runs>0 39 11</runs>
            <runs>0 38 12</runs>
            <runs>0 25 20</runs>
            <runs>0 25 19</runs>
            <runs>0 25 18</runs>
            <runs>0 25 17</runs>
            <runs>0 25 15</runs>
            <runs>0 25 13</runs>
            <runs>0 30 7</runs>
        </run-table>
    </sample>
    <sample shape="FLAT" interline="22" pitch="0.5" left="246" top="281" id="296">
        <run-table orientation="VERTICAL" width="21" height="54">
            <runs>0 1 10 1 1 1 2 15 1 20 2</runs>
            <runs>54</runs>
            <runs>54</runs>
            <runs>53</runs>
            <runs>0 23 13 2 3 1 1 2 7</runs>
            <runs>0 23 10 12 7</runs>
            <runs>0 23 8</runs>
            <runs></runs>
            <runs></runs>
            <runs>0 43 1</runs>
            <runs>0 41 8</runs>
            <runs>0 39 10</runs>
            <runs>0 38 11</runs>
            <runs>0 35 14</runs>
            <runs>0 24 20</runs>
            <runs>0 24 19</runs>
            <runs>0 24 17</runs>
            <runs>0 24 16</runs>
            <runs>0 24 15</runs>
            <runs>0 24 13</runs>
            <runs>0 24 10</runs>
        </run-table>
    </sample>
    <sample shape="FLAT" interline="22" pitch="-2.4" left="270" top="247" id="293">
        <run-table orientation="VERTICAL" width="21" height="55">
            <runs>0 2 4 2 3 11 1 4 3 2 1 2 9</runs>
            <runs>55</runs>
            <runs>55</runs>
            <runs>55</runs>
            <runs>0 28 17 3 6</runs>
            <runs>0 28 11 9 5</runs>
            <runs>0 27 5 15 5</runs>
            <runs>0 27 3 16 5</runs>
            <runs>0 26 3 15 6</runs>
            <runs>0 26 3 14 7</runs>
            <runs>0 26 3 13 7</runs>
            <runs>0 26 3 7 12</runs>
            <runs>0 25 5 6 11</runs>
            <runs>0 25 7 3 11</runs>
            <runs>0 26 19</runs>
            <runs>0 26 18</runs>
            <runs>0 26 16</runs>
            <runs>0 26 15</runs>
            <runs>0 27 13</runs>
            <runs>0 28 11</runs>
            <runs>0 29 10</runs>
        </run-table>
    </sample>
    <sample shape="FLAT" interline="22" pitch="1.6" left="201" top="500" id="304">
        <run-table orientation="VERTICAL" width="21" height="55">
            <runs>0 1 54</runs>
            <runs>55</runs>
            <runs>55</runs>
            <runs>0 3 8 18 19 2 4</runs>
            <runs>0 28 6 15 4</runs>
            <runs>0 28 4 15 5</runs>
            <runs>0 27 3 16 6</runs>
            <runs>0 27 3 15 6</runs>
            <runs>0 26 3 15 6</runs>
            <runs>0 25 4 13 7</runs>
            <runs>0 25 4 12 7</runs>
            <runs>0 25 4 6 12</runs>
            <runs>0 25 6 4 10</runs>
            <runs>0 25 20</runs>
            <runs>0 25 19</runs>
            <runs>0 25 18</runs>
            <runs>0 26 16</runs>
            <runs>0 27 13</runs>
            <runs>0 28 11</runs>
            <runs>0 29 10</runs>
            <runs>0 33 2</runs>
        </run-table>
    </sample>
    <sample shape="FLAT" interline="22" pitch="-1.4" left="221" top="466" id="305">
        <run-table orientation="VERTICAL" width="21" height="56">
            <runs>0 22 3 9 3 1 5 1 11</runs>
            <runs>0 1 55</runs>
            <runs>56</runs>
            <runs>0 1 54</runs>
            <runs>0 1 8 6 2 7 12 10 9</runs>
            <runs>0 25 9 12 8</runs>
            <runs>0 25 7 14 7</runs>
            <runs>0 46 6</runs>
            <runs>0 45 7</runs>
            <runs>0 44 7</runs>
            <runs>0 43 8</runs>
            <runs>0 41 10</runs>
            <runs>0 25 7 8 11</runs>
            <runs>0 25 26</runs>
            <runs>0 25 19</runs>
            <runs>0 25 19</runs>
            <runs>0 25 17</runs>
            <runs>0 25 16</runs>
            <runs>0 26 14</runs>
            <runs>0 25 14</runs>
            <runs>0 30 6</runs>
        </run-table>
    </sample>
    <sample shape="FLAT" interline="22" pitch="2.5" left="244" top="511" id="309">
        <run-table orientation="VERTICAL" width="21" height="56">
            <runs>0 1 55</runs>
            <runs>56</runs>
            <runs>56</runs>
            <runs>0 1 54</runs>
            <runs>0 24 13 10 8</runs>
            <runs>0 24 9</runs>
            <runs>0 24 7</runs>
            <runs></runs>
            <runs>0 44 7</runs>
            <runs>0 43 7</runs>
            <runs>0 42 8</runs>
            <runs>0 41 9</runs>
            <runs>0 39 11</runs>
            <runs>0 24 26</runs>
            <runs>0 24 21</runs>
            <runs>0 24 20</runs>
            <runs>0 24 18</runs>
            <runs>0 24 17</runs>
            <runs>0 24 16</runs>
            <runs>0 24 13</runs>
            <runs>0 24 11</runs>
        </run-table>
    </sample>
    <sample shape="FLAT" interline="22" pitch="-0.5" left="268" top="478" id="308">
        <run-table orientation="VERTICAL" width="21" height="54">
            <runs>19 1 6 2 25</runs>
            <runs>54</runs>
            <runs>23 1 30</runs>
            <runs>17 11 26</runs>
            <runs>0 28 11 8 6</runs>
            <runs>0 27 5 15 5</runs>
            <runs>0 26 4 16 5</runs>
            <runs>0 26 3 15 6</runs>
            <runs>0 25 4 13 8</runs>
            <runs>0 25 4 12 7</runs>
            <runs>0 24 5 6 13</runs>
            <runs>0 24 5 6 12</runs>
            <runs>0 24 8 2 12</runs>
            <runs>0 24 21</runs>
            <runs>0 24 20</runs>
            <runs>0 24 18</runs>
            <runs>0 25 16</runs>
            <runs>0 26 14</runs>
            <runs>0 26 13</runs>
            <runs>0 27 12</runs>
            <runs>0 29 10</runs>
        </run-table>
    </sample>
    <sample shape="FLAT" interline="22" pitch="-0.4" left="200" top="784" id="329">
        <run-table orientation="VERTICAL" width="20" height="55">
            <runs>55</runs>
            <runs>55</runs>
            <runs>54</runs>
            <runs>0 4 2 1 1 1 10 1 1 2 17 6 1 1 5</runs>
            <runs>0 28 10 10 5</runs>
            <runs>0 28 3 16 6</runs>
            <runs>0 27 2 16 6</runs>
            <runs>0 27 2 14 7</runs>
            <runs>0 26 2 13 8</runs>
            <runs>0 26 2 12 8</runs>
            <runs>0 25 3 12 8</runs>
            <runs>0 25 4 5 13</runs>
            <runs>0 25 5 3 12</runs>
            <runs>0 25 19</runs>
            <runs>0 25 18</runs>
            <runs>0 25 17</runs>
            <runs>0 26 15</runs>
            <runs>0 26 14</runs>
            <runs>0 27 12</runs>
            <runs>0 29 9</runs>
        </run-table>
    </sample>
    <sample shape="FLAT" interline="22" pitch="-3.5" left="221" top="750" id="338">
        <run-table orientation="VERTICAL" width="22" height="55">
            <runs>0 11 2</runs>
            <runs>55</runs>
            <runs>55</runs>
            <runs>55</runs>
            <runs>20 1 21 4 8</runs>
            <runs>0 25 10 17 1</runs>
            <runs>0 30 1</runs>
            <runs></runs>
            <runs></runs>
            <runs>0 44 1</runs>
            <runs>0 42 8</runs>
            <runs>0 41 9</runs>
            <runs>0 40 10</runs>
            <runs>0 38 12</runs>
            <runs>0 25 25</runs>
            <runs>0 25 19</runs>
            <runs>0 25 18</runs>
            <runs>0 25 17</runs>
            <runs>0 25 15</runs>
            <runs>0 25 14</runs>
            <runs>0 25 12</runs>
            <runs>0 31 3</runs>
        </run-table>
    </sample>
    <sample shape="FLAT" interline="22" pitch="0.6" left="244" top="795" id="337">
        <run-table orientation="VERTICAL" width="22" height="55">
            <runs>0 49 2</runs>
            <runs>0 9 5 3 37</runs>
            <runs>55</runs>
            <runs>54</runs>
            <runs>7 2 7 2 36</runs>
            <runs>0 24 10 12 7</runs>
            <runs>0 24 8 19 1</runs>
            <runs>0 24 7</runs>
            <runs>0 23 7</runs>
            <runs></runs>
            <runs>0 42 7</runs>
            <runs>0 40 10</runs>
            <runs>0 39 11</runs>
            <runs>0 29 1 8 12</runs>
            <runs>0 24 8 1 16</runs>
            <runs>0 23 21</runs>
            <runs>0 24 19</runs>
            <runs>0 24 18</runs>
            <runs>0 24 16</runs>
            <runs>0 24 15</runs>
            <runs>0 24 14</runs>
            <runs>0 28 7</runs>
        </run-table>
    </sample>
    <sample shape="FLAT" interline="22" pitch="-2.5" left="269" top="761" id="334">
        <run-table orientation="VERTICAL" width="22" height="55">
            <runs>0 48 5</runs>
            <runs>0 1 54</runs>
            <runs>55</runs>
            <runs>55</runs>
            <runs>0 9 11 7 16 1 1 3 6</runs>
            <runs>0 28 6 14 5</runs>
            <runs>0 28 4 15 5</runs>
            <runs>0 27 3 16 5</runs>
            <runs>0 27 2 16 5</runs>
            <runs>0 26 3 14 7</runs>
            <runs>0 25 4 12 7</runs>
            <runs>0 25 4 11 7</runs>
            <runs>0 25 5 6 11</runs>
            <runs>0 25 6 5 10</runs>
            <runs>0 25 19</runs>
            <runs>0 25 18</runs>
            <runs>0 26 16</runs>
            <runs>0 26 15</runs>
            <runs>0 26 14</runs>
            <runs>0 27 12</runs>
            <runs>0 28 11</runs>
            <runs>0 31 2</runs>
        </run-table>
    </sample>
    <sample shape="FLAT" interline="22" pitch="1.5" left="201" top="999" id="345">
        <run-table orientation="VERTICAL" width="21" height="55">
            <runs>0 1 3 5 11 2 33</runs>
            <runs>0 1 54</runs>
            <runs>55</runs>
            <runs>55</runs>
            <runs>1 28 12 8 5</runs>
            <runs>0 28 6 14 5</runs>
            <runs>0 28 4 15 5</runs>
            <runs>0 27 3 15 6</runs>
            <runs>0 26 3 15 6</runs>
            <runs>0 26 3 14 6</runs>
            <runs>0 26 3 12 7</runs>
            <runs>0 25 4 7 11</runs>
            <runs>0 25 6 5 10</runs>
            <runs>0 25 20</runs>
            <runs>0 25 19</runs>
            <runs>0 25 18</runs>
            <runs>0 26 17</runs>
            <runs>0 26 16</runs>
            <runs>0 27 13</runs>
            <runs>0 28 11</runs>
            <runs>0 30 9</runs>
        </run-table>
    </sample>
    <sample shape="FLAT" interline="22" pitch="-1.5" left="221" top="966" id="352">
        <run-table orientation="VERTICAL" width="22" height="55">
            <runs>0 43 8</runs>
            <runs>0 2 8 1 2 11 7 3 21</runs>
            <runs>55</runs>
            <runs>54</runs>
            <runs>41 5 8</runs>
            <runs>0 15 1 5 1 1 11 18 1</runs>
            <runs>0 24 9</runs>
            <runs>0 24 7</runs>
            <runs></runs>
            <runs>0 43 7</runs>
            <runs>0 43 7</runs>
            <runs>0 41 9</runs>
            <runs>0 39 11</runs>
            <runs>0 37 13</runs>
            <runs>0 24 7 3 16</runs>
            <runs>0 25 20</runs>
            <runs>0 25 19</runs>
            <runs>0 25 18</runs>
            <runs>0 25 15</runs>
            <runs>0 24 15</runs>
            <runs>0 24 14</runs>
            <runs>0 24 10</runs>
        </run-table>
    </sample>
    <sample shape="FLAT" interline="22" pitch="2.6" left="244" top="1011" id="354">
        <run-table orientation="VERTICAL" width="22" height="55">
            <runs>9 18 2</runs>
            <runs>55</runs>
            <runs>54</runs>
            <runs>54</runs>
            <runs>0 22 19 4 8</runs>
            <runs>0 23 10 13 7</runs>
            <runs>0 23 7 21 1</runs>
            <runs></runs>
            <runs></runs>
            <runs>0 43 7</runs>
            <runs>0 42 7</runs>
            <runs>0 41 8</runs>
            <runs>0 39 10</runs>
            <runs>0 23 7 7 12</runs>
            <runs>0 23 21</runs>
            <runs>0 23 20</runs>
            <runs>0 23 20</runs>
            <runs>0 24 17</runs>
            <runs>0 23 17</runs>
            <runs>0 23 15</runs>
            <runs>0 28 9</runs>
            <runs>0 31 3</runs>
        </run-table>
    </sample>
    <sample shape="FLAT" interline="22" pitch="-0.5" left="267" top="976" id="350">
        <run-table orientation="VERTICAL" width="22" height="55">
            <runs>0 8 2 14 5 1 17 1 7</runs>
            <runs>0 1 20 2 32</runs>
            <runs>55</runs>
            <runs>46 1 8</runs>
            <runs>24 5 10 10 5</runs>
            <runs>0 28 4 16 5</runs>
            <runs>0 27 4 16 5</runs>
            <runs>0 27 3 15 5</runs>
            <runs>0 26 3 15 6</runs>
            <runs>0 26 3 13 7</runs>
            <runs>0 25 4 12 7</runs>
            <runs>0 25 5 6 11</runs>
            <runs>0 25 6 5 10</runs>
            <runs>0 25 20</runs>
            <runs>0 25 20</runs>
            <runs>0 26 18</runs>
            <runs>0 26 17</runs>
            <runs>0 27 14</runs>
            <runs>0 27 13</runs>
            <runs>0 29 11</runs>
            <runs>0 31 9</runs>
            <runs>0 32 8</runs>
        </run-table>
    </sample>
    <sample shape="FLAT" interline="22" pitch="-0.4" left="202" top="1268" id="375">
        <run-table orientation="VERTICAL" width="21" height="54">
            <runs>0 9 11 2 5 1 3 1 22</runs>
            <runs>54</runs>
            <runs>54</runs>
            <runs>0 5 13 8 15 7 5</runs>
            <runs>0 28 11 9 4</runs>
            <runs>0 27 5 15 4</runs>
            <runs>0 27 3 16 5</runs>
            <runs>0 26 3 16 5</runs>
            <runs>0 26 2 16 5</runs>
            <runs>0 25 3 14 6</runs>
            <runs>0 24 4 13 6</runs>
            <runs>0 24 4 7 12</runs>
            <runs>0 24 5 6 11</runs>
            <runs>0 25 6 1 13</runs>
            <runs>0 25 19</runs>
            <runs>0 25 18</runs>
            <runs>0 25 17</runs>
            <runs>0 26 14</runs>
            <runs>0 26 13</runs>
            <runs>0 28 10</runs>
            <runs>0 31 1</runs>
        </run-table>
    </sample>
    <sample shape="FLAT" interline="22" pitch="-3.5" left="223" top="1235" id="382">
        <run-table orientation="VERTICAL" width="21" height="54">
            <runs>0 1 2 2 38 1 10</runs>
            <runs>54</runs>
            <runs>54</runs>
            <runs>0 1 3 1 10 4 24 2 8</runs>
            <runs>0 24 11 3 2 6 7</runs>
            <runs>0 24 8 19 1</runs>
            <runs>0 24 7</runs>
            <runs></runs>
            <runs>0 44 2</runs>
            <runs>0 43 3</runs>
            <runs>0 42 8</runs>
            <runs>0 40 9</runs>
            <runs>0 38 11</runs>
            <runs>0 24 7 4 14</runs>
            <runs>0 24 19</runs>
            <runs>0 24 18</runs>
            <runs>0 24 18</runs>
            <runs>0 24 16</runs>
            <runs>0 24 15</runs>
            <runs>0 24 13</runs>
            <runs>0 30 4</runs>
        </run-table>
    </sample>
    <sample shape="FLAT" interline="22" pitch="0.3" left="246" top="1277" id="384">
        <run-table orientation="VERTICAL" width="21" height="54">
            <runs>0 1 17 1 11 16 2</runs>
            <runs>54</runs>
            <runs>54</runs>
            <runs>0 2 2 17 3 1 29</runs>
            <runs>0 26 9</runs>
            <runs>0 29 3</runs>
            <runs>0 29 2</runs>
            <runs></runs>
            <runs>0 45 1</runs>
            <runs>0 44 7</runs>
            <runs>0 42 9</runs>
            <runs>0 40 11</runs>
            <runs>0 38 8</runs>
            <runs>0 25 7 1 1 1 10</runs>
            <runs>0 25 19</runs>
            <runs>0 25 18</runs>
            <runs>0 25 17</runs>
            <runs>0 25 16</runs>
            <runs>0 25 15</runs>
            <runs>0 26 11</runs>
            <runs>0 26 9</runs>
        </run-table>
    </sample>
    <sample shape="FLAT" interline="22" pitch="-2.5" left="269" top="1245" id="380">
        <run-table orientation="VERTICAL" width="21" height="55">
            <runs>54</runs>
            <runs>55</runs>
            <runs>55</runs>
            <runs>0 2 1 26 11 9 5</runs>
            <runs>0 29 4 16 4</runs>
            <runs>0 28 3 16 5</runs>
            <runs>0 27 3 16 5</runs>
            <runs>0 27 3 15 5</runs>
            <runs>0 27 2 15 5</runs>
            <runs>0 26 3 14 5</runs>
            <runs>0 26 3 12 7</runs>
            <runs>0 25 4 6 12</runs>
            <runs>0 25 5 5 11</runs>
            <runs>0 26 19</runs>
            <runs>0 26 17</runs>
            <runs>0 26 16</runs>
            <runs>0 26 15</runs>
            <runs>0 27 13</runs>
            <runs>0 27 13</runs>
            <runs>0 29 10</runs>
            <runs>0 30 9</runs>
        </run-table>
    </sample>
    <sample shape="FLAT" interline="22" pitch="1.5" left="201" top="1490" id="391">
        <run-table orientation="VERTICAL" width="21" height="55">
            <runs>0 17 2 2 2 12 7 3 9</runs>
            <runs>0 1 54</runs>
            <runs>54</runs>
            <runs>0 1 53</runs>
            <runs>0 29 11 9 4</runs>
            <runs>0 29 5 14 4</runs>
            <runs>0 27 4 16 4</runs>
            <runs>0 27 3 16 5</runs>
            <runs>0 26 4 14 6</runs>
            <runs>0 26 3 14 6</runs>
            <runs>0 26 3 13 6</runs>
            <runs>0 25 4 12 7</runs>
            <runs>0 25 5 5 12</runs>
            <runs>0 25 6 4 11</runs>
            <runs>0 25 19</runs>
            <runs>0 25 19</runs>
            <runs>0 26 17</runs>
            <runs>0 26 16</runs>
            <runs>0 27 13</runs>
            <runs>0 28 11</runs>
            <runs>0 30 9</runs>
        </run-table>
    </sample>
    <sample shape="FLAT" interline="22" pitch="-1.5" left="222" top="1457" id="398">
        <run-table orientation="VERTICAL" width="22" height="55">
            <runs>0 1 8 2 5 2 2 2 7 21 2</runs>
            <runs>55</runs>
            <runs>55</runs>
            <runs>54</runs>
            <runs>0 24 12 5 2 3 8</runs>
            <runs>0 24 10 12 7</runs>
            <runs>0 24 7</runs>
            <runs>0 29 2</runs>
            <runs>0 44 7</runs>
            <runs>0 43 7</runs>
            <runs>0 42 8</runs>
            <runs>0 41 9</runs>
            <runs>0 38 12</runs>
            <runs>0 24 7 6 13</runs>
            <runs>0 25 20</runs>
            <runs>0 25 19</runs>
            <runs>0 25 17</runs>
            <runs>0 25 16</runs>
            <runs>0 25 14</runs>
            <runs>0 25 13</runs>
            <runs>0 25 12</runs>
            <runs>0 32 1</runs>
        </run-table>
    </sample>
    <sample shape="FLAT" interline="22" pitch="2.5" left="245" top="1501" id="400">
        <run-table orientation="VERTICAL" width="22" height="55">
            <runs>0 7 1</runs>
            <runs>55</runs>
            <runs>55</runs>
            <runs>0 1 53</runs>
            <runs>0 14 1 10 29</runs>
            <runs>0 25 9 18 1</runs>
            <runs>0 25 7</runs>
            <runs></runs>
            <runs></runs>
            <runs>0 44 1</runs>
            <runs>0 43 7</runs>
            <runs>0 42 8</runs>
            <runs>0 40 10</runs>
            <runs>0 38 8</runs>
            <runs>0 25 19</runs>
            <runs>0 25 18</runs>
            <runs>0 25 18</runs>
            <runs>0 25 17</runs>
            <runs>0 25 15</runs>
            <runs>0 25 14</runs>
            <runs>0 25 12</runs>
            <runs>0 31 3</runs>
        </run-table>
    </sample>
    <sample shape="FLAT" interline="22" pitch="-0.5" left="268" top="1468" id="396">
        <run-table orientation="VERTICAL" width="22" height="55">
            <runs>0 24 2</runs>
            <runs>55</runs>
            <runs>55</runs>
            <runs>0 1 9 3 41</runs>
            <runs>0 29 11 9 4</runs>
            <runs>0 28 5 16 3</runs>
            <runs>0 27 4 17 3</runs>
            <runs>0 26 4 17 3</runs>
            <runs>0 26 3 16 5</runs>
            <runs>0 25 4 15 5</runs>
            <runs>0 25 4 13 6</runs>
            <runs>0 25 5 11 6</runs>
            <runs>0 25 5 6 10</runs>
            <runs>0 25 20</runs>
            <runs>0 25 19</runs>
            <runs>0 25 18</runs>
            <runs>0 25 17</runs>
            <runs>0 26 16</runs>
            <runs>0 27 13</runs>
            <runs>0 27 13</runs>
            <runs>0 29 10</runs>
            <runs>0 31 8</runs>
        </run-table>
    </sample>
    <sample shape="FLAT" interline="22" pitch="-0.4" left="202" top="1793" id="421">
        <run-table orientation="VERTICAL" width="20" height="55">
            <runs>27 1 27</runs>
            <runs>55</runs>
            <runs>55</runs>
            <runs>0 30 5 4 2 9 4</runs>
            <runs>0 29 4 16 4</runs>
            <runs>0 28 3 17 4</runs>
            <runs>0 27 3 17 4</runs>
            <runs>0 27 2 16 5</runs>
            <runs>0 26 3 15 5</runs>
            <runs>0 26 3 14 5</runs>
            <runs>0 25 4 7 12</runs>
            <runs>0 25 5 6 11</runs>
            <runs>0 25 6 5 10</runs>
            <runs>0 25 20</runs>
            <runs>0 26 18</runs>
            <runs>0 26 17</runs>
            <runs>0 27 14</runs>
            <runs>0 27 13</runs>
            <runs>0 28 11</runs>
            <runs>0 29 10</runs>
        </run-table>
    </sample>
    <sample shape="FLAT" interline="22" pitch="-3.7" left="222" top="1758" id="428">
        <run-table orientation="VERTICAL" width="21" height="55">
            <runs>21 2 11</runs>
            <runs>55</runs>
            <runs>55</runs>
            <runs>0 1 20 3 31</runs>
            <runs>0 26 9</runs>
            <runs>0 26 7</runs>
            <runs>0 31 1</runs>
            <runs>0 46 2</runs>
            <runs>0 45 7</runs>
            <runs>0 43 9</runs>
            <runs>0 42 10</runs>
            <runs>0 40 12</runs>
            <runs>0 39 8</runs>
            <runs>0 26 7 2 11</runs>
            <runs>0 26 19</runs>
            <runs>0 26 18</runs>
            <runs>0 26 17</runs>
            <runs>0 26 16</runs>
            <runs>0 27 14</runs>
            <runs>0 27 12</runs>
            <runs>0 27 11</runs>
        </run-table>
    </sample>
    <sample shape="FLAT" interline="22" pitch="0.5" left="244" top="1804" id="429">
        <run-table orientation="VERTICAL" width="21" height="54">
            <runs>42 3 2</runs>
            <runs>54</runs>
            <runs>54</runs>
            <runs>0 13 1 11 20 1 7</runs>
            <runs>0 25 9</runs>
            <runs>0 25 7</runs>
            <runs></runs>
            <runs>0 45 2</runs>
            <runs>0 45 2</runs>
            <runs>0 43 7</runs>
            <runs>0 42 8</runs>
            <runs>0 40 10</runs>
            <runs>0 38 7</runs>
            <runs>0 25 8 2 9</runs>
            <runs>0 25 18</runs>
            <runs>0 25 18</runs>
            <runs>0 25 17</runs>
            <runs>0 25 15</runs>
            <runs>0 25 14</runs>
            <runs>0 25 13</runs>
            <runs>0 31 3</runs>
        </run-table>
    </sample>
    <sample shape="FLAT" interline="22" pitch="-2.4" left="267" top="1771" id="426">
        <run-table orientation="VERTICAL" width="21" height="55">
            <runs>0 1 54</runs>
            <runs>55</runs>
            <runs>55</runs>
            <runs>0 26 15 9 4</runs>
            <runs>0 28 5 17 3</runs>
            <runs>0 27 4 17 4</runs>
            <runs>0 27 3 17 4</runs>
            <runs>0 27 3 16 4</runs>
            <runs>0 26 3 16 5</runs>
            <runs>0 26 3 14 6</runs>
            <runs>0 25 4 12 6</runs>
            <runs>0 25 4 7 10</runs>
            <runs>0 25 6 5 9</runs>
            <runs>0 25 19</runs>
            <runs>0 25 18</runs>
            <runs>0 25 17</runs>
            <runs>0 26 15</runs>
            <runs>0 27 13</runs>
            <runs>0 27 12</runs>
            <runs>0 29 10</runs>
            <runs>0 34 1</runs>
        </run-table>
    </sample>
    <sample shape="FLAT" interline="22" pitch="1.6" left="204" top="2010" id="437">
        <run-table orientation="VERTICAL" width="21" height="55">
            <runs>0 1 3 3 15 3 15 3 11</runs>
            <runs>55</runs>
            <runs>55</runs>
            <runs>0 10 7 8 1 2 13 9 4</runs>
            <runs>0 29 10 11 3</runs>
            <runs>0 28 3 18 3</runs>
            <runs>0 27 4 16 4</runs>
            <runs>0 27 3 15 5</runs>
            <runs>0 26 4 14 5</runs>
            <runs>0 26 3 14 6</runs>
            <runs>0 26 3 13 5</runs>
            <runs>0 25 4 11 6</runs>
            <runs>0 25 5 5 10</runs>
            <runs>0 25 20</runs>
            <runs>0 25 19</runs>
            <runs>0 25 18</runs>
            <runs>0 26 16</runs>
            <runs>0 26 14</runs>
            <runs>0 27 13</runs>
            <runs>0 29 10</runs>
            <runs>0 32 4</runs>
        </run-table>
    </sample>
    <sample shape="FLAT" interline="22" pitch="-1.5" left="223" top="1978" id="444">
        <run-table orientation="VERTICAL" width="21" height="53">
            <runs>34</runs>
            <runs>53</runs>
            <runs>53</runs>
            <runs>0 17 2 2 32</runs>
            <runs>0 23 11 11 7</runs>
            <runs>0 23 8 19 1</runs>
            <runs>0 23 8</runs>
            <runs></runs>
            <runs></runs>
            <runs>0 43 1</runs>
            <runs>0 41 8</runs>
            <runs>0 40 8</runs>
            <runs>0 28 1 9 11</runs>
            <runs>0 24 7 4 9</runs>
            <runs>0 24 19</runs>
            <runs>0 24 18</runs>
            <runs>0 24 17</runs>
            <runs>0 24 15</runs>
            <runs>0 24 14</runs>
            <runs>0 23 14</runs>
            <runs>0 29 6</runs>
        </run-table>
    </sample>
    <sample shape="FLAT" interline="22" pitch="2.5" left="246" top="2020" id="445">
        <run-table orientation="VERTICAL" width="21" height="55">
            <runs>0 1 9 1 1</runs>
            <runs>55</runs>
            <runs>55</runs>
            <runs>0 1 54</runs>
            <runs>0 25 13 2 1 6 7</runs>
            <runs>0 25 9 18 1</runs>
            <runs></runs>
            <runs></runs>
            <runs></runs>
            <runs>0 44 7</runs>
            <runs>0 43 8</runs>
            <runs>0 41 10</runs>
            <runs>0 39 12</runs>
            <runs>0 29 2 6 14</runs>
            <runs>0 25 21</runs>
            <runs>0 25 20</runs>
            <runs>0 26 18</runs>
            <runs>0 25 17</runs>
            <runs>0 25 16</runs>
            <runs>0 25 15</runs>
            <runs>0 25 14</runs>
        </run-table>
    </sample>
    <sample shape="FLAT" interline="22" pitch="-0.4" left="271" top="1988" id="442">
        <run-table orientation="VERTICAL" width="21" height="55">
            <runs>0 1 31 1 12 1 8</runs>
            <runs>55</runs>
            <runs>54</runs>
            <runs>0 29 13 9 2</runs>
            <runs>0 29 4 17 3</runs>
            <runs>0 28 3 17 4</runs>
            <runs>0 27 3 17 4</runs>
            <runs>0 27 2 17 4</runs>
            <runs>0 26 3 16 4</runs>
            <runs>0 26 2 15 5</runs>
            <runs>0 25 3 13 6</runs>
            <runs>0 25 4 6 11</runs>
            <runs>0 25 5 5 10</runs>
            <runs>0 25 20</runs>
            <runs>0 25 19</runs>
            <runs>0 26 17</runs>
            <runs>0 26 16</runs>
            <runs>0 27 14</runs>
            <runs>0 27 13</runs>
            <runs>0 29 10</runs>
            <runs>0 32 7</runs>
        </run-table>
    </sample>
    <sample shape="FLAT" interline="22" pitch="-0.4" left="202" top="2280" id="468">
        <run-table orientation="VERTICAL" width="21" height="55">
            <runs>0 17 2 4 1 11 7 1 12</runs>
            <runs>55</runs>
            <runs>54</runs>
            <runs>3 6 10 1 4 1 3 1 25</runs>
            <runs>0 29 11 9 4</runs>
            <runs>0 29 3 16 5</runs>
            <runs>0 28 3 16 5</runs>
            <runs>0 28 2 16 4</runs>
            <runs>0 27 2 16 4</runs>
            <runs>0 27 2 15 5</runs>
            <runs>0 26 3 13 6</runs>
            <runs>0 26 3 7 11</runs>
            <runs>0 26 4 6 10</runs>
            <runs>0 26 20</runs>
            <runs>0 26 19</runs>
            <runs>0 26 18</runs>
            <runs>0 27 16</runs>
            <runs>0 27 14</runs>
            <runs>0 28 12</runs>
            <runs>0 29 11</runs>
            <runs>0 30 9</runs>
        </run-table>
    </sample>
    <sample shape="FLAT" interline="22" pitch="-3.4" left="224" top="2247" id="475">
        <run-table orientation="VERTICAL" width="21" height="55">
            <runs>0 2 2 1 50</runs>
            <runs>55</runs>
            <runs>55</runs>
            <runs>0 7 1 7 1 7 18 5 9</runs>
            <runs>0 24 10 13 6</runs>
            <runs>0 25 7 14 7</runs>
            <runs>0 30 1</runs>
            <runs></runs>
            <runs>0 44 1</runs>
            <runs>0 43 7</runs>
            <runs>0 42 8</runs>
            <runs>0 41 9</runs>
            <runs>0 39 11</runs>
            <runs>0 25 25</runs>
            <runs>0 25 19</runs>
            <runs>0 25 18</runs>
            <runs>0 25 17</runs>
            <runs>0 25 16</runs>
            <runs>0 25 14</runs>
            <runs>0 25 13</runs>
            <runs>0 31 4</runs>
        </run-table>
    </sample>
    <sample shape="FLAT" interline="22" pitch="0.6" left="246" top="2292" id="476">
        <run-table orientation="VERTICAL" width="23" height="54">
            <runs>0 52 1</runs>
            <runs>0 41 12</runs>
            <runs>54</runs>
            <runs>54</runs>
            <runs>53</runs>
            <runs>0 21 1 1 18 4 8</runs>
            <runs>0 24 11</runs>
            <runs>0 24 8</runs>
            <runs>0 29 1</runs>
            <runs>0 43 8</runs>
            <runs>0 42 8</runs>
            <runs>0 41 9</runs>
            <runs>0 40 10</runs>
            <runs>0 39 11</runs>
            <runs>0 29 1 6 14</runs>
            <runs>0 24 20</runs>
            <runs>0 24 19</runs>
            <runs>0 24 18</runs>
            <runs>0 24 17</runs>
            <runs>0 24 17</runs>
            <runs>0 24 15</runs>
            <runs>0 24 13</runs>
            <runs>0 30 4</runs>
        </run-table>
    </sample>
    <sample shape="FLAT" interline="22" pitch="-2.5" left="268" top="2258" id="473">
        <run-table orientation="VERTICAL" width="21" height="55">
            <runs>0 28 1 12 2</runs>
            <runs>55</runs>
            <runs>55</runs>
            <runs>55</runs>
            <runs>0 25 16 7 6</runs>
            <runs>0 28 12 8 5</runs>
            <runs>0 28 3 16 5</runs>
            <runs>0 27 3 16 6</runs>
            <runs>0 26 4 14 6</runs>
            <runs>0 26 3 13 7</runs>
            <runs>0 25 4 12 8</runs>
            <runs>0 25 4 7 12</runs>
            <runs>0 24 6 6 11</runs>
            <runs>0 24 7 4 11</runs>
            <runs>0 25 20</runs>
            <runs>0 25 19</runs>
            <runs>0 26 17</runs>
            <runs>0 26 16</runs>
            <runs>0 27 13</runs>
            <runs>0 28 11</runs>
            <runs>0 30 9</runs>
        </run-table>
    </sample>
    <sample shape="FLAT" interline="22" pitch="1.6" left="201" top="2525" id="484">
        <run-table orientation="VERTICAL" width="21" height="54">
            <runs>0 26 28</runs>
            <runs>0 7 47</runs>
            <runs>53</runs>
            <runs>40 7 5</runs>
            <runs>0 28 11 8 4</runs>
            <runs>0 27 5 14 5</runs>
            <runs>0 26 4 15 5</runs>
            <runs>0 26 3 15 5</runs>
            <runs>0 25 4 13 6</runs>
            <runs>0 25 3 13 7</runs>
            <runs>0 25 3 12 7</runs>
            <runs>0 24 5 6 11</runs>
            <runs>0 24 6 4 11</runs>
            <runs>0 24 8 1 11</runs>
            <runs>0 24 20</runs>
            <runs>0 24 19</runs>
            <runs>0 25 17</runs>
            <runs>0 26 15</runs>
            <runs>0 26 14</runs>
            <runs>0 28 10</runs>
            <runs>0 30 8</runs>
        </run-table>
    </sample>
    <sample shape="FLAT" interline="22" pitch="-1.5" left="224" top="2492" id="493">
        <run-table orientation="VERTICAL" width="21" height="54">
            <runs>0 31 2 17 1 1 2</runs>
            <runs>13 1 40</runs>
            <runs>54</runs>
            <runs>43 2 8</runs>
            <runs>11 1 4 7 12 16 1</runs>
            <runs>0 24 8</runs>
            <runs>0 29 1</runs>
            <runs></runs>
            <runs></runs>
            <runs>0 43 1</runs>
            <runs>0 41 8</runs>
            <runs>0 40 9</runs>
            <runs>0 39 10</runs>
            <runs>0 29 1 6 13</runs>
            <runs>0 24 20</runs>
            <runs>0 23 20</runs>
            <runs>0 23 18</runs>
            <runs>0 24 17</runs>
            <runs>0 24 15</runs>
            <runs>0 24 14</runs>
            <runs>0 24 11</runs>
        </run-table>
    </sample>
    <sample shape="FLAT" interline="22" pitch="2.4" left="246" top="2534" id="492">
        <run-table orientation="VERTICAL" width="21" height="54">
            <runs>0 2 2 12 1 6 31</runs>
            <runs>54</runs>
            <runs>54</runs>
            <runs>44 2 8</runs>
            <runs>0 25 10</runs>
            <runs>0 30 2</runs>
            <runs></runs>
            <runs>0 45 1</runs>
            <runs>0 44 7</runs>
            <runs>0 42 9</runs>
            <runs>0 41 10</runs>
            <runs>0 40 11</runs>
            <runs>0 25 7 6 7</runs>
            <runs>0 25 8 3 9</runs>
            <runs>0 25 18</runs>
            <runs>0 25 18</runs>
            <runs>0 25 17</runs>
            <runs>0 25 16</runs>
            <runs>0 25 14</runs>
            <runs>0 25 13</runs>
            <runs>0 26 9</runs>
        </run-table>
    </sample>
    <sample shape="FLAT" interline="22" pitch="-0.5" left="269" top="2503" id="489">
        <run-table orientation="VERTICAL" width="21" height="54">
            <runs>54</runs>
            <runs>54</runs>
            <runs>53</runs>
            <runs>0 8 11 7 15 7 4</runs>
            <runs>0 27 5 16 4</runs>
            <runs>0 26 5 15 5</runs>
            <runs>0 26 3 16 5</runs>
            <runs>0 25 3 16 5</runs>
            <runs>0 25 3 15 5</runs>
            <runs>0 25 2 14 7</runs>
            <runs>0 24 3 12 8</runs>
            <runs>0 24 4 6 13</runs>
            <runs>0 24 5 5 10</runs>
            <runs>0 24 19</runs>
            <runs>0 24 18</runs>
            <runs>0 25 17</runs>
            <runs>0 25 16</runs>
            <runs>0 26 14</runs>
            <runs>0 26 12</runs>
            <runs>0 27 11</runs>
            <runs>0 30 8</runs>
        </run-table>
    </sample>
    <sample shape="FLAT" interline="22" pitch="-0.5" left="202" top="2787" id="554">
        <run-table orientation="VERTICAL" width="21" height="56">
            <runs>48 2 5</runs>
            <runs>56</runs>
            <runs>56</runs>
            <runs>0 4 1 1 1 1 13 2 25 1 6</runs>
            <runs>0 29 11 9 5</runs>
            <runs>0 29 5 15 5</runs>
            <runs>0 28 3 17 5</runs>
            <runs>0 27 3 16 6</runs>
            <runs>0 27 3 15 7</runs>
            <runs>0 27 3 13 7</runs>
            <runs>0 26 4 12 7</runs>
            <runs>0 26 4 6 12</runs>
            <runs>0 26 4 6 11</runs>
            <runs>0 26 6 2 12</runs>
            <runs>0 26 19</runs>
            <runs>0 26 18</runs>
            <runs>0 26 17</runs>
            <runs>0 27 15</runs>
            <runs>0 28 12</runs>
            <runs>0 29 11</runs>
            <runs>0 33 7</runs>
        </run-table>
    </sample>
    <sample shape="FLAT" interline="22" pitch="-3.3" left="225" top="2755" id="555">
        <run-table orientation="VERTICAL" width="21" height="56">
            <runs>0 8 2 3 7 1 7 4 8 2 14</runs>
            <runs>56</runs>
            <runs>55</runs>
            <runs>0 8 3 5 5 2 16 5 10</runs>
            <runs>0 29 5 11 8</runs>
            <runs>0 29 2 20 1</runs>
            <runs>0 27 3</runs>
            <runs>0 27 3</runs>
            <runs>0 27 2</runs>
            <runs>0 27 2 14 2</runs>
            <runs>0 27 2 13 7</runs>
            <runs>0 27 2 11 10</runs>
            <runs>0 27 3 7 13</runs>
            <runs>0 24 26</runs>
            <runs>0 24 26</runs>
            <runs>0 24 19</runs>
            <runs>0 24 18</runs>
            <runs>0 24 17</runs>
            <runs>0 24 15</runs>
            <runs>0 28 9</runs>
            <runs>0 34 1</runs>
        </run-table>
    </sample>
    <sample shape="FLAT" interline="22" pitch="0.5" left="247" top="2796" id="559">
        <run-table orientation="VERTICAL" width="21" height="56">
            <runs>0 13 4 4 1 20 13</runs>
            <runs>56</runs>
            <runs>55</runs>
            <runs>0 23 1 2 29</runs>
            <runs>0 27 8</runs>
            <runs></runs>
            <runs>0 47 1</runs>
            <runs>0 46 7</runs>
            <runs>0 45 8</runs>
            <runs>0 43 10</runs>
            <runs>0 42 10</runs>
            <runs>0 41 11</runs>
            <runs>0 39 9</runs>
            <runs>0 25 7 4 10</runs>
            <runs>0 25 19</runs>
            <runs>0 25 19</runs>
            <runs>0 26 16</runs>
            <runs>0 26 15</runs>
            <runs>0 26 14</runs>
            <runs>0 27 11</runs>
            <runs>0 27 9</runs>
        </run-table>
    </sample>
    <sample shape="FLAT" interline="22" pitch="-2.4" left="268" top="2765" id="558">
        <run-table orientation="VERTICAL" width="21" height="56">
            <runs>0 11 7 12 1 1 8 1 1 8 5</runs>
            <runs>56</runs>
            <runs>56</runs>
            <runs>0 2 3 1 12 1 36</runs>
            <runs>0 28 12 9 5</runs>
            <runs>0 28 4 16 5</runs>
            <runs>0 27 4 16 5</runs>
            <runs>0 27 3 16 5</runs>
            <runs>0 26 3 16 5</runs>
            <runs>0 26 3 14 6</runs>
            <runs>0 25 4 13 6</runs>
            <runs>0 25 4 7 11</runs>
            <runs>0 25 4 7 10</runs>
            <runs>0 25 5 6 10</runs>
            <runs>0 25 20</runs>
            <runs>0 25 19</runs>
            <runs>0 26 17</runs>
            <runs>0 26 16</runs>
            <runs>0 27 14</runs>
            <runs>0 28 11</runs>
            <runs>0 30 9</runs>
        </run-table>
    </sample>
    <sample shape="FLAT" interline="22" pitch="1.5" left="201" top="3025" id="565">
        <run-table orientation="VERTICAL" width="21" height="55">
            <runs>0 10 1 2 9 1 10 1 21</runs>
            <runs>0 1 54</runs>
            <runs>55</runs>
            <runs>0 1 18 8 4 1 8 10 4</runs>
            <runs>0 28 11 11 3</runs>
            <runs>0 27 5 17 3</runs>
            <runs>0 27 4 16 4</runs>
            <runs>0 27 3 16 4</runs>
            <runs>0 26 3 16 3</runs>
            <runs>0 26 3 13 6</runs>
            <runs>0 26 4 11 6</runs>
            <runs>0 25 5 6 10</runs>
            <runs>0 25 6 5 10</runs>
            <runs>0 25 20</runs>
            <runs>0 25 20</runs>
            <runs>0 26 18</runs>
            <runs>0 26 16</runs>
            <runs>0 27 14</runs>
            <runs>0 28 11</runs>
            <runs>0 29 10</runs>
            <runs>0 34 2</runs>
        </run-table>
    </sample>
    <sample shape="FLAT" interline="22" pitch="-1.4" left="223" top="2992" id="574">
        <run-table orientation="VERTICAL" width="22" height="55">
            <runs>0 46 8</runs>
            <runs>0 8 1 3 9 1 32</runs>
            <runs>0 1 54</runs>
            <runs>42 2 10</runs>
            <runs>8 4 2 10 13 9 7</runs>
            <runs>0 25 9 16 3</runs>
            <runs>0 30 1 19 2</runs>
            <runs>0 50 1</runs>
            <runs></runs>
            <runs>0 43 7</runs>
            <runs>0 43 6</runs>
            <runs>0 41 9</runs>
            <runs>0 39 11</runs>
            <runs>0 24 7 6 8</runs>
            <runs>0 24 20</runs>
            <runs>0 25 18</runs>
            <runs>0 24 18</runs>
            <runs>0 25 16</runs>
            <runs>0 25 15</runs>
            <runs>0 25 14</runs>
            <runs>0 25 12</runs>
            <runs>0 32 2</runs>
        </run-table>
    </sample>
    <sample shape="FLAT" interline="22" pitch="2.4" left="246" top="3035" id="572">
        <run-table orientation="VERTICAL" width="22" height="54">
            <runs>0 9 1 31 3 7 2</runs>
            <runs>54</runs>
            <runs>54</runs>
            <runs>54</runs>
            <runs>0 3 9 2 3 8 20</runs>
            <runs>0 29 3</runs>
            <runs>0 29 2</runs>
            <runs>0 45 2</runs>
            <runs>0 44 7</runs>
            <runs>0 42 9</runs>
            <runs>0 41 10</runs>
            <runs>0 40 11</runs>
            <runs>0 38 13</runs>
            <runs>0 36 10</runs>
            <runs>0 25 20</runs>
            <runs>0 25 19</runs>
            <runs>0 25 18</runs>
            <runs>0 25 16</runs>
            <runs>0 25 15</runs>
            <runs>0 25 14</runs>
            <runs>0 26 11</runs>
            <runs>0 26 8</runs>
        </run-table>
    </sample>
    <sample shape="FLAT" interline="22" pitch="-0.3" left="269" top="3003" id="570">
        <run-table orientation="VERTICAL" width="21" height="55">
            <runs>0 4 2 4 17 1 17 1 8</runs>
            <runs>55</runs>
            <runs>55</runs>
            <runs>0 7 2 2 8 5 30</runs>
            <runs>0 28 12 8 5</runs>
            <runs>0 28 5 15 5</runs>
            <runs>0 27 3 16 6</runs>
            <runs>0 26 3 16 6</runs>
            <runs>0 26 3 14 7</runs>
            <runs>0 26 3 13 7</runs>
            <runs>0 25 4 12 7</runs>
            <runs>0 25 4 11 7</runs>
            <runs>0 25 5 5 11</runs>
            <runs>0 25 8 2 10</runs>
            <runs>0 25 19</runs>
            <runs>0 25 19</runs>
            <runs>0 25 18</runs>
            <runs>0 26 15</runs>
            <runs>0 27 12</runs>
            <runs>0 28 10</runs>
            <runs>0 29 10</runs>
        </run-table>
    </sample>
</samples>
