<?xml version="1.0" encoding="UTF-8" standalone="yes"?>
<samples sheet-name="IMSLP00004#21">
    <sample shape="G_CLEF" interline="22" pitch="0.5" left="162" top="193" id="274">
        <run-table orientation="VERTICAL" width="55" height="153">
            <runs>0 87 11</runs>
            <runs>0 82 18</runs>
            <runs>0 79 23</runs>
            <runs>0 74 31</runs>
            <runs>0 74 33</runs>
            <runs>0 73 36</runs>
            <runs>0 72 37</runs>
            <runs>0 70 40</runs>
            <runs>0 69 42 27 3</runs>
            <runs>0 68 19 13 12 23 9</runs>
            <runs>0 66 20 16 11 21 12</runs>
            <runs>0 65 17 24 7 20 14</runs>
            <runs>0 64 17 27 6 18 16</runs>
            <runs>0 64 15 30 6 16 18</runs>
            <runs>0 62 16 32 10 11 19</runs>
            <runs>0 61 16 34 9 10 20</runs>
            <runs>0 60 17 14 7 14 8 10 21</runs>
            <runs>0 59 18 10 15 10 8 10 21</runs>
            <runs>0 58 19 9 17 10 7 10 22</runs>
            <runs>0 57 15 12 21 9 6 10 22</runs>
            <runs>0 53 18 11 24 8 6 10 22</runs>
            <runs>0 53 17 11 11 12 3 7 6 11 16 1 4</runs>
            <runs>0 53 16 11 10 15 4 5 6 11 16 1 4</runs>
            <runs>0 53 15 11 10 18 2 22 15 3 4</runs>
            <runs>0 53 14 11 10 20 2 22 13 4 4</runs>
            <runs>0 53 14 6 15 45 10 6 4</runs>
            <runs>0 41 3 8 14 7 14 48 7 7 3</runs>
            <runs>0 29 17 2 18 8 12 62 4</runs>
            <runs>0 24 44 5 13 62 4</runs>
            <runs>0 22 64 62 4</runs>
            <runs>0 19 70 59 4</runs>
            <runs>0 17 20 10 16 1 2 3 33 45 4</runs>
            <runs>0 15 20 12 15 12 35 37 5</runs>
            <runs>0 13 22 11 15 13 10 4 33 24 6</runs>
            <runs>0 12 17 17 14 14 10 11 34 3 1 9 7</runs>
            <runs>0 10 17 18 14 15 10 21 44</runs>
            <runs>0 9 16 19 14 16 10 29 35</runs>
            <runs>0 8 15 20 14 17 10 30 33</runs>
            <runs>0 7 14 21 14 18 11 29 6 5 20</runs>
            <runs>0 6 13 22 15 18 10 29 7 12 11</runs>
            <runs>0 5 13 21 17 18 11 27 8</runs>
            <runs>0 4 13 21 18 18 11 27 8</runs>
            <runs>0 2 14 21 14 23 11 26 5</runs>
            <runs>0 1 14 17 18 25 11 25 4</runs>
            <runs>14 18 16 27 11 24 5</runs>
            <runs>13 18 15 29 12 22 5</runs>
            <runs>12 17 16 30 13 20 6</runs>
            <runs>0 2 11 13 17 36 10 17 7</runs>
            <runs>0 4 12 6 18 39 12 14 7</runs>
            <runs>0 6 32 41 15 8 9</runs>
            <runs>0 9 26 46 29</runs>
            <runs>0 12 1 4 14 51 26</runs>
            <runs>0 84 23</runs>
            <runs>0 86 19</runs>
            <runs>0 88 14</runs>
        </run-table>
    </sample>
    <sample shape="G_CLEF" interline="22" pitch="0.4" left="165" top="2920" id="506">
        <run-table orientation="VERTICAL" width="56" height="156">
            <runs>0 91 1</runs>
            <runs>0 84 17</runs>
            <runs>0 81 23</runs>
            <runs>0 77 30</runs>
            <runs>0 74 34</runs>
            <runs>0 73 38</runs>
            <runs>0 71 40</runs>
            <runs>0 69 44</runs>
            <runs>0 68 25 1 20 27 3</runs>
            <runs>0 67 23 15 9 24 1 1 8</runs>
            <runs>0 66 21 21 7 22 13</runs>
            <runs>0 65 20 26 5 20 15</runs>
            <runs>0 64 19 29 5 18 17</runs>
            <runs>0 63 18 32 5 17 18</runs>
            <runs>0 61 19 34 5 15 19</runs>
            <runs>0 61 19 35 3 16 20</runs>
            <runs>0 59 20 18 2 16 8 11 21</runs>
            <runs>0 55 20 16 12 12 8 11 21</runs>
            <runs>0 55 20 14 16 11 7 11 21</runs>
            <runs>0 55 19 12 22 9 6 11 16 2 3</runs>
            <runs>0 55 18 12 16 4 5 24 16 2 3</runs>
            <runs>0 55 16 13 13 10 4 23 16 3 3</runs>
            <runs>0 55 15 13 11 15 3 23 15 3 3</runs>
            <runs>0 32 7 15 16 12 10 18 3 22 14 4 3</runs>
            <runs>0 26 25 2 16 12 10 45 13 4 3</runs>
            <runs>0 23 45 9 13 47 10 6 3</runs>
            <runs>0 21 47 9 13 50 5 8 3</runs>
            <runs>0 18 28 2 25 3 13 63 4</runs>
            <runs>0 16 21 12 40 63 3</runs>
            <runs>0 13 19 17 40 63 3</runs>
            <runs>0 12 15 21 17 11 8 1 6 60 4</runs>
            <runs>0 11 16 20 17 13 25 48 4</runs>
            <runs>0 10 14 23 16 14 34 38 5</runs>
            <runs>0 9 14 23 16 15 11 4 1 1 6 1 24 5 1 17 5</runs>
            <runs>0 8 13 24 16 16 11 18 29 12 5</runs>
            <runs>0 6 14 23 17 17 11 24 39</runs>
            <runs>0 5 13 24 17 19 10 29 33</runs>
            <runs>0 3 14 24 18 19 10 30 29</runs>
            <runs>0 2 14 24 19 19 10 30 6 2 2 6 12</runs>
            <runs>0 1 14 24 16 23 10 29 7</runs>
            <runs>14 20 19 25 10 29 3</runs>
            <runs>0 1 13 20 18 26 11 27 3</runs>
            <runs>0 6 7 21 16 28 11 27 3</runs>
            <runs>0 7 7 16 17 31 11 26 4</runs>
            <runs>0 8 9 9 19 33 11 25 4</runs>
            <runs>0 10 32 35 13 23 4</runs>
            <runs>0 13 26 38 14 21 4</runs>
            <runs>0 17 19 46 11 17 6</runs>
            <runs>0 24 2 57 12 13 7</runs>
            <runs>0 84 13 9 8</runs>
            <runs>0 85 28</runs>
            <runs>0 86 26</runs>
            <runs>0 87 24</runs>
            <runs>0 90 19</runs>
            <runs>0 92 14</runs>
            <runs>0 97 6</runs>
        </run-table>
    </sample>
    <sample shape="FLAT" interline="22" pitch="0.5" left="291" top="1342" id="379">
        <run-table orientation="VERTICAL" width="18" height="54">
            <runs>32 18 3</runs>
            <runs>54</runs>
            <runs>35 8 11</runs>
            <runs>0 21 11 16 5</runs>
            <runs>0 27 4 17 4</runs>
            <runs>0 22 8 14 7</runs>
            <runs>0 22 7 15 6</runs>
            <runs>0 22 7 19 1</runs>
            <runs>0 22 7</runs>
            <runs>0 23 6</runs>
            <runs>0 23 6 11 7</runs>
            <runs>0 22 8 9 8</runs>
            <runs>0 22 12 1 12</runs>
            <runs>0 22 20</runs>
            <runs>0 23 18</runs>
            <runs>0 23 16</runs>
            <runs>0 23 15</runs>
            <runs>0 22 15</runs>
        </run-table>
    </sample>
    <sample shape="FLAT" interline="22" pitch="-1.6" left="271" top="1538" id="396">
        <run-table orientation="VERTICAL" width="19" height="55">
            <runs>55</runs>
            <runs>54</runs>
            <runs>0 24 10 13 6</runs>
            <runs>0 26 6</runs>
            <runs></runs>
            <runs></runs>
            <runs>0 45 1</runs>
            <runs>0 44 6</runs>
            <runs>0 43 7</runs>
            <runs>0 42 8</runs>
            <runs>0 40 5</runs>
            <runs>0 24 7 7 6</runs>
            <runs>0 24 19</runs>
            <runs>0 24 17</runs>
            <runs>0 24 17</runs>
            <runs>0 25 14</runs>
            <runs>0 26 12</runs>
            <runs>0 26 10</runs>
            <runs>0 31 2</runs>
        </run-table>
    </sample>
    <sample shape="FLAT" interline="22" pitch="1.6" left="247" top="2110" id="448">
        <run-table orientation="VERTICAL" width="19" height="54">
            <runs>0 3 3 2 2 1 12 1 15 1 14</runs>
            <runs>7 1 46</runs>
            <runs>6 4 1 1 26 10 5</runs>
            <runs>0 27 5 17 4</runs>
            <runs>0 27 4 16 5</runs>
            <runs>0 26 3 17 4</runs>
            <runs>0 25 3 18 3</runs>
            <runs>0 25 3 16 4</runs>
            <runs>0 24 4 15 4</runs>
            <runs>0 24 4 14 4</runs>
            <runs>0 24 5 11 5</runs>
            <runs>0 24 5 5 9</runs>
            <runs>0 24 19</runs>
            <runs>0 24 18</runs>
            <runs>0 24 16</runs>
            <runs>0 25 14</runs>
            <runs>0 25 13</runs>
            <runs>0 26 11</runs>
            <runs>0 29 8</runs>
        </run-table>
    </sample>
</samples>
