<?xml version="1.0" encoding="UTF-8" standalone="yes"?>
<samples id="14">
    <sample shape="G_CLEF" interline="21" left="213" top="328" id="227">
        <run-table orientation="VERTICAL" width="60" height="162">
            <runs>0 101 2</runs>
            <runs>0 82 22</runs>
            <runs>0 80 25</runs>
            <runs>0 78 28</runs>
            <runs>0 76 32</runs>
            <runs>0 74 36</runs>
            <runs>0 72 40</runs>
            <runs>0 70 26 4 1 1 11</runs>
            <runs>0 69 23 12 10</runs>
            <runs>0 67 22 16 1 2 8</runs>
            <runs>0 66 20 24 6</runs>
            <runs>0 64 21 26 6</runs>
            <runs>0 60 22 31 5</runs>
            <runs>0 60 20 34 5</runs>
            <runs>0 60 19 36 4</runs>
            <runs>0 59 19 38 4</runs>
            <runs>0 58 19 40 3</runs>
            <runs>0 57 18 27 1 14 4 23 9</runs>
            <runs>0 56 17 29 2 14 4 20 13</runs>
            <runs>0 24 6 7 3 15 17 21 12 13 5 18 15</runs>
            <runs>0 17 23 14 17 19 15 14 4 17 17</runs>
            <runs>0 13 32 8 17 18 18 14 4 15 19</runs>
            <runs>0 11 58 18 16 1 4 12 4 15 20</runs>
            <runs>0 9 28 2 29 17 18 2 4 11 5 13 22</runs>
            <runs>0 7 22 10 29 14 18 5 5 11 4 13 22</runs>
            <runs>0 5 19 20 23 15 15 10 3 11 4 13 23</runs>
            <runs>0 4 17 25 22 14 13 13 3 10 4 13 23</runs>
            <runs>0 3 16 26 24 13 11 16 3 10 3 13 18 1 4</runs>
            <runs>0 1 16 28 25 12 11 17 2 11 2 13 18 2 4</runs>
            <runs>16 27 30 9 10 19 2 10 2 13 17 4 3</runs>
            <runs>15 23 53 20 2 11 1 14 16 4 3</runs>
            <runs>14 24 23 9 21 33 1 14 15 5 3</runs>
            <runs>14 24 21 14 18 49 13 6 3</runs>
            <runs>13 24 21 18 15 50 12 6 3</runs>
            <runs>0 1 12 23 20 21 15 50 9 8 3</runs>
            <runs>0 2 11 22 20 23 17 50 4 10 3</runs>
            <runs>0 4 10 19 20 25 20 61 3</runs>
            <runs>0 6 9 15 22 26 27 54 3</runs>
            <runs>0 8 10 8 24 28 12 7 9 15 4 33 3</runs>
            <runs>0 10 38 30 12 10 12 9 4 33 3</runs>
            <runs>0 12 33 33 12 12 15 2 6 32 3</runs>
            <runs>0 15 28 35 12 12 3 5 15 32 3</runs>
            <runs>0 19 19 40 12 24 11 31 4</runs>
            <runs>0 25 6 48 11 26 11 28 4</runs>
            <runs>0 79 11 27 14 22 5</runs>
            <runs>0 82 9 27 17 16 7</runs>
            <runs>0 82 9 27 22 9 8</runs>
            <runs>0 82 10 25 4 3 32</runs>
            <runs>0 82 11 23 4 11 23</runs>
            <runs>0 82 12 21 4 17 17</runs>
            <runs>0 82 13 19 5 22 9</runs>
            <runs>0 82 15 15 5</runs>
            <runs>0 82 18 1 1 8 6</runs>
            <runs>0 85 18 2 10</runs>
            <runs>0 86 28</runs>
            <runs>0 88 24</runs>
            <runs>0 89 21</runs>
            <runs>0 92 16</runs>
            <runs>0 95 6 1 3</runs>
            <runs>0 102 1</runs>
        </run-table>
    </sample>
    <sample shape="G_CLEF" interline="21" left="214" top="570" id="228">
        <run-table orientation="VERTICAL" width="61" height="162">
            <runs>0 102 1</runs>
            <runs>0 80 4 1 13 2 1 1 3</runs>
            <runs>0 79 26</runs>
            <runs>0 77 29</runs>
            <runs>0 75 33</runs>
            <runs>0 73 37</runs>
            <runs>0 71 40</runs>
            <runs>0 70 42</runs>
            <runs>0 68 25 8 13</runs>
            <runs>0 67 23 15 1 1 8</runs>
            <runs>0 66 21 18 1 4 6</runs>
            <runs>0 60 22 2 1 26 6</runs>
            <runs>0 60 22 30 6</runs>
            <runs>0 60 20 33 6</runs>
            <runs>0 59 20 35 5</runs>
            <runs>0 58 20 37 5</runs>
            <runs>0 57 20 39 5</runs>
            <runs>0 56 19 27 1 14 6</runs>
            <runs>0 37 2 16 19 27 3 14 6 21 7</runs>
            <runs>0 18 21 15 19 22 10 13 6 19 11</runs>
            <runs>0 14 28 11 18 20 15 13 6 16 15</runs>
            <runs>0 11 36 4 19 19 17 13 6 15 17</runs>
            <runs>0 9 28 1 32 17 21 12 5 14 19</runs>
            <runs>0 7 25 6 31 17 23 11 5 14 20</runs>
            <runs>0 5 21 17 25 12 21 3 6 11 4 13 22</runs>
            <runs>0 4 18 23 22 13 17 8 6 10 4 13 22</runs>
            <runs>0 3 17 26 21 13 15 12 4 10 4 13 23</runs>
            <runs>0 1 17 27 24 11 14 15 2 10 4 13 23</runs>
            <runs>0 1 15 28 27 9 13 17 2 9 4 13 23</runs>
            <runs>15 27 33 3 14 19 1 11 2 13 18 2 4</runs>
            <runs>14 25 22 4 27 19 2 11 1 14 16 4 3</runs>
            <runs>0 1 13 24 22 9 22 21 1 11 1 14 16 4 3</runs>
            <runs>0 2 11 25 21 13 19 49 15 4 3</runs>
            <runs>0 3 10 25 20 17 17 49 13 5 3</runs>
            <runs>0 5 8 22 21 21 16 49 11 7 2</runs>
            <runs>0 6 8 19 21 23 1 2 16 48 8 7 3</runs>
            <runs>0 8 7 16 21 28 19 3 1 44 3 9 3</runs>
            <runs>0 9 9 9 24 29 24 17 4 34 3</runs>
            <runs>0 12 36 32 10 4 11 16 4 34 3</runs>
            <runs>0 14 32 34 10 9 9 13 4 34 2</runs>
            <runs>0 15 29 36 10 12 11 7 5 33 3</runs>
            <runs>0 18 23 39 10 13 2 2 18 32 4</runs>
            <runs>0 23 16 41 10 14 1 6 14 32 3</runs>
            <runs>0 80 10 25 11 30 4</runs>
            <runs>0 80 10 26 12 26 5</runs>
            <runs>0 80 10 27 14 22 5</runs>
            <runs>0 80 11 26 18 17 6</runs>
            <runs>0 80 11 26 4 5 13 10 8</runs>
            <runs>0 80 12 25 3 11 25</runs>
            <runs>0 80 13 23 3 16 19</runs>
            <runs>0 80 14 20 4 21 14</runs>
            <runs>0 80 16 17 4 30 4</runs>
            <runs>0 80 18 6 1 6 5</runs>
            <runs>0 80 21 1 3 2 8</runs>
            <runs>0 85 29</runs>
            <runs>0 86 27</runs>
            <runs>0 88 23</runs>
            <runs>0 90 19</runs>
            <runs>0 92 14</runs>
            <runs>0 99 6</runs>
            <runs>0 101 3</runs>
        </run-table>
    </sample>
    <sample shape="G_CLEF" interline="21" left="102" top="912" id="399">
        <run-table orientation="VERTICAL" width="58" height="161">
            <runs>0 82 15</runs>
            <runs>0 81 23</runs>
            <runs>0 78 28</runs>
            <runs>0 75 31</runs>
            <runs>0 73 36</runs>
            <runs>0 71 39</runs>
            <runs>0 69 42</runs>
            <runs>0 67 31 1 5 2 7</runs>
            <runs>0 66 25 15 8</runs>
            <runs>0 64 24 20 7</runs>
            <runs>0 60 23 27 6</runs>
            <runs>0 60 23 28 6</runs>
            <runs>0 60 21 32 5</runs>
            <runs>0 58 21 35 4</runs>
            <runs>0 22 2 14 2 17 20 38 4</runs>
            <runs>0 15 25 16 20 39 5</runs>
            <runs>0 12 30 13 19 42 4</runs>
            <runs>0 9 36 8 20 22 1 5 3 13 4</runs>
            <runs>0 6 24 7 1 1 9 3 21 19 14 13 5</runs>
            <runs>0 5 18 16 3 1 28 18 16 13 5 24 2</runs>
            <runs>0 2 18 19 3 3 24 18 19 13 5 19 11</runs>
            <runs>0 1 17 28 22 14 25 12 6 16 14</runs>
            <runs>0 1 15 30 22 14 27 11 5 15 16</runs>
            <runs>15 31 21 15 22 1 4 11 5 14 18</runs>
            <runs>14 31 23 14 14 9 5 10 5 14 19</runs>
            <runs>0 1 13 25 3 1 27 12 13 12 4 10 4 13 21</runs>
            <runs>0 2 11 26 33 10 11 15 3 10 4 13 21</runs>
            <runs>0 4 9 26 21 8 8 2 14 17 3 9 4 13 22</runs>
            <runs>0 5 8 25 20 13 21 18 2 9 4 13 22</runs>
            <runs>0 6 8 22 13 2 5 17 18 20 2 8 4 13 18 1 4</runs>
            <runs>0 8 6 20 14 3 3 20 17 20 2 10 2 13 17 3 3</runs>
            <runs>0 10 6 16 16 3 1 24 15 32 2 14 16 3 3</runs>
            <runs>0 11 8 9 20 29 15 32 1 14 15 4 3</runs>
            <runs>0 14 33 30 18 45 13 5 3</runs>
            <runs>0 17 28 32 21 43 11 7 2</runs>
            <runs>0 20 22 35 26 40 8 8 2</runs>
            <runs>0 25 13 39 13 5 9 42 2 10 3</runs>
            <runs>0 77 12 9 9 13 4 34 3</runs>
            <runs>0 78 11 11 11 9 4 34 3</runs>
            <runs>0 78 11 14 12 3 6 34 3</runs>
            <runs>0 78 11 18 17 33 3</runs>
            <runs>0 78 11 22 13 33 3</runs>
            <runs>0 78 11 25 12 30 3</runs>
            <runs>0 79 11 25 13 27 3</runs>
            <runs>0 79 11 26 15 23 4</runs>
            <runs>0 79 12 25 18 19 4</runs>
            <runs>0 82 10 23 4 5 14 13 5</runs>
            <runs>0 82 11 21 4 8 1 2 12 7 7</runs>
            <runs>0 82 12 19 4 15 22</runs>
            <runs>0 82 14 6 2 7 5 20 16</runs>
            <runs>0 82 22 1 1 1 8 25 10</runs>
            <runs>0 82 32</runs>
            <runs>0 82 30</runs>
            <runs>0 86 26</runs>
            <runs>0 87 23</runs>
            <runs>0 90 18</runs>
            <runs>0 93 13</runs>
            <runs>0 101 1 1 2</runs>
        </run-table>
    </sample>
    <sample shape="G_CLEF" interline="21" left="103" top="1160" id="416">
        <run-table orientation="VERTICAL" width="58" height="162">
            <runs>0 86 9</runs>
            <runs>0 79 3 1 20</runs>
            <runs>0 78 27</runs>
            <runs>0 75 32</runs>
            <runs>0 73 36</runs>
            <runs>0 71 39</runs>
            <runs>0 69 43</runs>
            <runs>0 68 23 1 2 11 8</runs>
            <runs>0 66 22 18 8</runs>
            <runs>0 59 3 3 21 22 7</runs>
            <runs>0 59 3 1 20 27 6</runs>
            <runs>0 59 23 29 6</runs>
            <runs>0 59 23 31 5</runs>
            <runs>0 59 20 35 4</runs>
            <runs>0 58 19 38 4</runs>
            <runs>0 23 1 2 1 30 19 40 4</runs>
            <runs>0 16 14 8 1 16 18 29 1 13 5</runs>
            <runs>0 11 30 13 18 28 3 14 5 23 6</runs>
            <runs>0 9 33 11 18 21 12 14 5 19 12</runs>
            <runs>0 7 39 5 19 19 16 13 5 18 14</runs>
            <runs>0 5 21 13 30 18 19 13 4 17 17</runs>
            <runs>0 3 19 22 24 18 22 11 4 16 19</runs>
            <runs>0 2 17 27 21 16 19 1 6 11 3 16 20</runs>
            <runs>0 1 16 29 21 13 20 4 6 10 3 15 21</runs>
            <runs>16 30 21 13 17 9 4 10 3 15 22</runs>
            <runs>15 30 24 11 15 13 3 10 2 15 22</runs>
            <runs>14 30 27 9 14 15 2 11 1 15 22</runs>
            <runs>13 29 20 3 8 5 15 17 2 26 23</runs>
            <runs>0 1 12 25 24 7 23 18 3 25 17 2 4</runs>
            <runs>0 2 11 25 20 15 18 20 2 25 17 3 3</runs>
            <runs>0 3 10 25 18 19 16 21 1 26 15 4 4</runs>
            <runs>0 5 9 21 20 22 14 48 15 5 3</runs>
            <runs>0 7 8 18 20 24 15 48 13 6 3</runs>
            <runs>0 8 9 14 20 26 1 2 15 46 11 7 3</runs>
            <runs>0 11 15 1 22 31 18 45 8 8 2</runs>
            <runs>0 13 33 34 10 2 9 1 2 55 2</runs>
            <runs>0 16 27 37 10 4 12 52 3</runs>
            <runs>0 19 22 39 9 9 11 11 3 35 3</runs>
            <runs>0 28 3 49 9 12 12 6 4 34 4</runs>
            <runs>0 80 9 15 19 34 3</runs>
            <runs>0 80 9 20 16 31 4</runs>
            <runs>0 80 9 23 14 29 4</runs>
            <runs>0 80 10 25 12 27 4</runs>
            <runs>0 80 10 26 14 23 5</runs>
            <runs>0 80 11 26 17 17 6</runs>
            <runs>0 80 12 24 22 11 7</runs>
            <runs>0 80 13 22 4 6 1 2 27</runs>
            <runs>0 80 14 20 4 14 22</runs>
            <runs>0 80 15 18 5 17 17</runs>
            <runs>0 80 17 14 6 23 10</runs>
            <runs>0 80 22 6 8</runs>
            <runs>0 80 3 1 30</runs>
            <runs>0 86 27</runs>
            <runs>0 87 25</runs>
            <runs>0 90 20</runs>
            <runs>0 92 16</runs>
            <runs>0 94 11</runs>
            <runs>0 102 1</runs>
        </run-table>
    </sample>
    <sample shape="G_CLEF" interline="21" left="104" top="1744" id="479">
        <run-table orientation="VERTICAL" width="60" height="162">
            <runs>0 79 25</runs>
            <runs>0 79 26</runs>
            <runs>0 76 30</runs>
            <runs>0 74 34</runs>
            <runs>0 72 38</runs>
            <runs>0 70 41</runs>
            <runs>0 69 34 1 8</runs>
            <runs>0 67 25 13 9</runs>
            <runs>0 66 23 18 8</runs>
            <runs>0 64 22 23 7</runs>
            <runs>0 60 23 28 6</runs>
            <runs>0 60 23 30 4</runs>
            <runs>0 60 23 31 4</runs>
            <runs>0 59 20 36 4</runs>
            <runs>0 58 19 38 5</runs>
            <runs>0 57 19 26 1 13 5</runs>
            <runs>0 18 16 2 4 15 19 27 3 13 5</runs>
            <runs>0 14 27 13 19 21 10 14 5</runs>
            <runs>0 11 34 8 19 18 15 13 6 20 9</runs>
            <runs>0 9 40 2 20 17 18 13 5 18 14</runs>
            <runs>0 7 19 12 32 16 21 12 6 16 16</runs>
            <runs>0 5 17 18 1 2 26 14 1 1 23 12 5 15 18</runs>
            <runs>0 4 15 27 22 12 21 2 6 11 5 14 20</runs>
            <runs>0 3 15 28 21 13 19 5 6 11 4 14 21</runs>
            <runs>0 1 15 30 22 12 16 8 1 2 4 10 4 13 22</runs>
            <runs>0 1 14 30 25 10 14 14 3 10 4 13 23</runs>
            <runs>14 29 30 7 13 16 3 10 3 13 23</runs>
            <runs>0 1 13 28 35 1 14 18 3 10 2 13 18 2 4</runs>
            <runs>0 2 11 25 23 6 25 19 2 11 1 13 18 2 4</runs>
            <runs>0 3 10 25 21 11 21 20 2 11 1 14 16 4 3</runs>
            <runs>0 5 9 24 20 16 17 21 1 26 16 4 3</runs>
            <runs>0 6 8 21 22 19 16 48 14 6 2</runs>
            <runs>0 8 7 19 21 22 18 46 12 7 2</runs>
            <runs>0 10 6 14 23 24 20 45 10 8 2</runs>
            <runs>0 11 9 6 25 26 1 2 23 41 6 9 3</runs>
            <runs>0 14 34 32 25 16 4 34 3</runs>
            <runs>0 17 29 34 10 6 11 14 4 34 3</runs>
            <runs>0 21 20 1 2 36 10 10 10 11 4 34 3</runs>
            <runs>0 28 1 51 9 16 5 10 5 33 3</runs>
            <runs>0 80 9 18 8 5 5 33 3</runs>
            <runs>0 80 10 20 15 32 3</runs>
            <runs>0 80 10 24 11 31 4</runs>
            <runs>0 80 10 26 10 30 3</runs>
            <runs>0 80 11 26 12 25 4</runs>
            <runs>0 80 11 26 16 20 5</runs>
            <runs>0 80 12 24 5 5 11 14 6</runs>
            <runs>0 80 13 22 5 9 15 3 9</runs>
            <runs>0 80 14 20 5 14 21</runs>
            <runs>0 80 15 18 5 18 16</runs>
            <runs>0 80 18 6 1 7 5 25 8</runs>
            <runs>0 80 25 2 9</runs>
            <runs>0 80 35</runs>
            <runs>0 80 3 2 29</runs>
            <runs>0 87 25</runs>
            <runs>0 89 22</runs>
            <runs>0 91 17</runs>
            <runs>0 93 13</runs>
            <runs>0 102 3</runs>
            <runs>0 102 2</runs>
            <runs>0 102 1</runs>
        </run-table>
    </sample>
    <sample shape="G_CLEF" interline="21" left="104" top="1499" id="483">
        <run-table orientation="VERTICAL" width="60" height="162">
            <runs>0 84 1</runs>
            <runs>0 82 14</runs>
            <runs>0 80 24</runs>
            <runs>0 76 30</runs>
            <runs>0 74 34</runs>
            <runs>0 72 38</runs>
            <runs>0 71 41</runs>
            <runs>0 69 44</runs>
            <runs>0 67 26 13 8</runs>
            <runs>0 66 23 19 7</runs>
            <runs>0 64 20 1 1 25 5</runs>
            <runs>0 61 22 29 5</runs>
            <runs>0 60 22 31 5</runs>
            <runs>0 60 20 34 5</runs>
            <runs>0 59 20 37 4</runs>
            <runs>0 58 19 40 3</runs>
            <runs>0 19 13 25 19 41 4</runs>
            <runs>0 13 27 15 20 43 4</runs>
            <runs>0 11 33 10 19 29 2 15 5</runs>
            <runs>0 9 39 5 19 22 11 15 5 22 5</runs>
            <runs>0 7 64 20 14 15 5 19 11</runs>
            <runs>0 5 22 12 31 19 18 14 5 16 14</runs>
            <runs>0 4 18 23 24 18 21 13 5 15 17</runs>
            <runs>0 3 15 28 22 13 23 1 4 12 5 15 18</runs>
            <runs>0 1 16 29 22 13 21 3 5 12 4 14 19</runs>
            <runs>0 1 15 30 23 12 16 10 4 11 4 13 21</runs>
            <runs>15 29 27 10 14 14 3 10 4 13 22</runs>
            <runs>0 1 13 29 30 8 13 17 1 10 4 13 22</runs>
            <runs>0 2 11 26 54 18 2 11 2 13 22</runs>
            <runs>0 3 10 26 22 7 25 19 2 11 1 13 23</runs>
            <runs>0 5 8 25 21 13 20 20 2 11 1 13 18 1 4</runs>
            <runs>0 6 8 22 22 17 17 21 1 26 16 3 3</runs>
            <runs>0 8 7 19 22 21 17 46 16 3 3</runs>
            <runs>0 10 6 16 22 24 17 46 14 5 2</runs>
            <runs>0 12 5 11 24 26 16 48 12 6 2</runs>
            <runs>0 14 36 28 19 46 9 1 1 6 2</runs>
            <runs>0 17 30 31 21 23 4 19 5 10 2</runs>
            <runs>0 20 24 34 13 3 8 1 2 17 4 34 2</runs>
            <runs>0 21 21 36 12 8 8 16 4 34 2</runs>
            <runs>0 27 6 4 1 43 9 11 9 12 4 33 3</runs>
            <runs>0 81 9 12 12 7 5 33 3</runs>
            <runs>0 81 9 15 1 3 17 32 3</runs>
            <runs>0 81 9 21 15 32 3</runs>
            <runs>0 81 9 25 12 30 3</runs>
            <runs>0 81 10 26 11 28 4</runs>
            <runs>0 81 10 27 13 24 4</runs>
            <runs>0 81 11 26 16 19 6</runs>
            <runs>0 81 11 25 4 6 10 15 6</runs>
            <runs>0 81 12 24 3 11 10 7 8</runs>
            <runs>0 81 13 21 4 16 20</runs>
            <runs>0 81 14 19 4 20 15</runs>
            <runs>0 81 16 16 4 24 9</runs>
            <runs>0 81 18 2 1 8 6</runs>
            <runs>0 85 30</runs>
            <runs>0 87 26</runs>
            <runs>0 88 24</runs>
            <runs>0 90 20</runs>
            <runs>0 93 14</runs>
            <runs>0 101 5</runs>
            <runs>0 102 2</runs>
        </run-table>
    </sample>
    <sample shape="FLAT" interline="21" left="301" top="345" id="240">
        <run-table orientation="VERTICAL" width="23" height="49">
            <runs>0 41 1</runs>
            <runs>0 41 3</runs>
            <runs>40 1 3</runs>
            <runs>49</runs>
            <runs>0 23 7 11 8</runs>
            <runs>0 23 6 13 6</runs>
            <runs>0 23 5 14 6</runs>
            <runs>0 23 4 14 6</runs>
            <runs>0 23 4 14 3</runs>
            <runs>0 23 1 17 3</runs>
            <runs>0 40 4</runs>
            <runs>0 38 6</runs>
            <runs>0 37 7</runs>
            <runs>0 35 9</runs>
            <runs>0 25 2 3 14</runs>
            <runs>0 23 20</runs>
            <runs>0 23 17 1 1</runs>
            <runs>0 23 15</runs>
            <runs>0 23 14</runs>
            <runs>0 23 13</runs>
            <runs>0 23 11</runs>
            <runs>0 23 9</runs>
            <runs>0 23 2</runs>
        </run-table>
    </sample>
    <sample shape="FLAT" interline="21" left="277" top="376" id="269">
        <run-table orientation="VERTICAL" width="22" height="49">
            <runs>0 32 2</runs>
            <runs>0 10 1 21 2</runs>
            <runs>32 1 15</runs>
            <runs>32 1 16</runs>
            <runs>0 11 2 12 4 16 3</runs>
            <runs>0 24 4 16 3</runs>
            <runs>0 23 4 17 3</runs>
            <runs>0 21 6 16 3</runs>
            <runs>0 21 5 16 3</runs>
            <runs>0 20 6 15 4</runs>
            <runs>0 20 6 14 4</runs>
            <runs>0 20 5 14 4</runs>
            <runs>0 20 5 10 1 1 5</runs>
            <runs>0 20 6 9 7</runs>
            <runs>0 20 7 6 8</runs>
            <runs>0 20 20</runs>
            <runs>0 20 19</runs>
            <runs>0 20 18</runs>
            <runs>0 21 15</runs>
            <runs>0 22 13</runs>
            <runs>0 23 12</runs>
            <runs>0 25 5</runs>
        </run-table>
    </sample>
    <sample shape="FLAT" interline="21" left="277" top="616" id="271">
        <run-table orientation="VERTICAL" width="23" height="49">
            <runs>0 34 2</runs>
            <runs>0 34 2</runs>
            <runs>0 13 4 11 8</runs>
            <runs>38 3 7</runs>
            <runs>34 1 14</runs>
            <runs>0 12 1 12 5 3 1 1 3 6 5</runs>
            <runs>0 24 5 6 1 8 4</runs>
            <runs>0 23 5 15 4</runs>
            <runs>0 22 5 16 4</runs>
            <runs>0 21 6 15 4</runs>
            <runs>0 21 5 15 4</runs>
            <runs>0 21 5 13 6</runs>
            <runs>0 20 6 12 6</runs>
            <runs>0 20 6 10 7</runs>
            <runs>0 20 6 9 7</runs>
            <runs>0 20 21</runs>
            <runs>0 20 20</runs>
            <runs>0 20 19</runs>
            <runs>0 20 18</runs>
            <runs>0 21 15</runs>
            <runs>0 22 14</runs>
            <runs>0 22 14</runs>
            <runs>0 24 8</runs>
        </run-table>
    </sample>
    <sample shape="FLAT" interline="21" left="304" top="586" id="326">
        <run-table orientation="VERTICAL" width="21" height="49">
            <runs>0 24 1 6 17</runs>
            <runs>49</runs>
            <runs>49</runs>
            <runs>0 22 7 15 4</runs>
            <runs>0 22 6 16 4</runs>
            <runs>0 22 5 16 4</runs>
            <runs>0 22 5 15 3</runs>
            <runs>0 22 4 15 4</runs>
            <runs>0 20 4 1 1 14 5</runs>
            <runs>0 20 3 16 6</runs>
            <runs>0 19 4 15 6</runs>
            <runs>0 19 4 13 7</runs>
            <runs>0 19 7 8 8</runs>
            <runs>0 19 22</runs>
            <runs>0 19 21</runs>
            <runs>0 19 20</runs>
            <runs>0 20 18</runs>
            <runs>0 22 15</runs>
            <runs>0 22 13</runs>
            <runs>0 22 11</runs>
            <runs>0 22 9</runs>
        </run-table>
    </sample>
    <sample shape="FLAT" interline="21" left="167" top="959" id="407">
        <run-table orientation="VERTICAL" width="20" height="48">
            <runs>0 11 37</runs>
            <runs>48</runs>
            <runs>0 11 3 10 24</runs>
            <runs>0 24 4 15 5</runs>
            <runs>0 23 4 16 4</runs>
            <runs>0 22 4 16 4</runs>
            <runs>0 21 5 15 4</runs>
            <runs>0 20 6 14 5</runs>
            <runs>0 20 5 14 5</runs>
            <runs>0 19 6 12 6</runs>
            <runs>0 19 6 10 8</runs>
            <runs>0 19 6 10 7</runs>
            <runs>0 19 7 5 9</runs>
            <runs>0 19 20</runs>
            <runs>0 19 19</runs>
            <runs>0 19 18</runs>
            <runs>0 20 16</runs>
            <runs>0 21 15</runs>
            <runs>0 23 13</runs>
            <runs>0 26 5</runs>
        </run-table>
    </sample>
    <sample shape="FLAT" interline="21" left="191" top="1174" id="415">
        <run-table orientation="VERTICAL" width="21" height="47">
            <runs>0 24 3</runs>
            <runs>0 1 11 10 1 1 4 6 2 6 5</runs>
            <runs>47</runs>
            <runs>0 3 44</runs>
            <runs>0 23 6 16 2</runs>
            <runs>0 22 6 15 4</runs>
            <runs>0 22 3 2 1 15 4</runs>
            <runs>0 21 4 17 5</runs>
            <runs>0 21 4 16 6</runs>
            <runs>0 20 5 15 7</runs>
            <runs>0 20 5 14 7</runs>
            <runs>0 19 6 12 8</runs>
            <runs>0 19 6 10 8</runs>
            <runs>0 19 6 8 9</runs>
            <runs>0 19 22</runs>
            <runs>0 20 20</runs>
            <runs>0 20 19</runs>
            <runs>0 20 18</runs>
            <runs>0 21 16</runs>
            <runs>0 22 13</runs>
            <runs>0 24 9</runs>
        </run-table>
    </sample>
    <sample shape="FLAT" interline="21" left="167" top="1205" id="433">
        <run-table orientation="VERTICAL" width="21" height="49">
            <runs>0 34 3</runs>
            <runs>0 34 5 6 3</runs>
            <runs>34 1 14</runs>
            <runs>0 1 1 23 6 2 1 3 2 3 7</runs>
            <runs>0 25 4 15 4</runs>
            <runs>0 24 4 16 4</runs>
            <runs>0 22 6 16 3</runs>
            <runs>0 22 6 15 4</runs>
            <runs>0 21 6 15 4</runs>
            <runs>0 20 7 14 4</runs>
            <runs>0 20 6 13 5</runs>
            <runs>0 20 6 12 5</runs>
            <runs>0 20 6 11 6</runs>
            <runs>0 20 7 6 9</runs>
            <runs>0 20 21</runs>
            <runs>0 20 20</runs>
            <runs>0 20 19</runs>
            <runs>0 21 17</runs>
            <runs>0 22 15</runs>
            <runs>0 23 13</runs>
            <runs>0 25 6</runs>
        </run-table>
    </sample>
    <sample shape="FLAT" interline="21" left="190" top="927" id="434">
        <run-table orientation="VERTICAL" width="20" height="50">
            <runs>0 26 1</runs>
            <runs>0 1 49</runs>
            <runs>8 1 41</runs>
            <runs>0 25 5 15 4</runs>
            <runs>0 25 4 15 5</runs>
            <runs>0 25 4 15 2</runs>
            <runs>0 25 3 15 3</runs>
            <runs>0 22 4 1 1 14 4</runs>
            <runs>0 21 5 15 5</runs>
            <runs>0 21 5 14 5</runs>
            <runs>0 21 5 13 5</runs>
            <runs>0 20 6 11 7</runs>
            <runs>0 20 6 9 8</runs>
            <runs>0 20 9 2 11</runs>
            <runs>0 20 21</runs>
            <runs>0 21 19</runs>
            <runs>0 21 18</runs>
            <runs>0 22 15</runs>
            <runs>0 22 14</runs>
            <runs>0 25 9</runs>
        </run-table>
    </sample>
    <sample shape="FLAT" interline="21" left="164" top="1546" id="487">
        <run-table orientation="VERTICAL" width="22" height="49">
            <runs>0 12 3</runs>
            <runs>0 12 3 20 1</runs>
            <runs>41</runs>
            <runs>49</runs>
            <runs>2 4 17 1 25</runs>
            <runs>0 12 3 9 5 16 3</runs>
            <runs>0 12 3 8 5 16 3</runs>
            <runs>0 22 5 16 4</runs>
            <runs>0 21 6 15 4</runs>
            <runs>0 20 6 15 5</runs>
            <runs>0 20 6 14 5</runs>
            <runs>0 19 7 11 7</runs>
            <runs>0 19 6 11 7</runs>
            <runs>0 19 7 9 7</runs>
            <runs>0 20 7 3 11</runs>
            <runs>0 20 20</runs>
            <runs>0 19 20</runs>
            <runs>0 20 18</runs>
            <runs>0 20 17</runs>
            <runs>0 21 15</runs>
            <runs>0 23 12</runs>
            <runs>0 24 8</runs>
        </run-table>
    </sample>
    <sample shape="FLAT" interline="21" left="191" top="1759" id="496">
        <run-table orientation="VERTICAL" width="21" height="49">
            <runs>0 22 2 1 1 19 3</runs>
            <runs>49</runs>
            <runs>0 21 1 1 26</runs>
            <runs>0 23 7 10 8</runs>
            <runs>0 23 5 16 4</runs>
            <runs>0 23 5 15 3</runs>
            <runs>0 23 4 15 4</runs>
            <runs>0 23 2 1 1 14 5</runs>
            <runs>0 40 6</runs>
            <runs>0 39 6</runs>
            <runs>0 37 7</runs>
            <runs>0 36 7</runs>
            <runs>0 26 1 7 8</runs>
            <runs>0 23 18</runs>
            <runs>0 23 17</runs>
            <runs>0 23 16</runs>
            <runs>0 23 15</runs>
            <runs>0 23 14</runs>
            <runs>0 23 12</runs>
            <runs>0 23 11</runs>
            <runs>0 23 3 1 5</runs>
        </run-table>
    </sample>
    <sample shape="FLAT" interline="21" left="189" top="1514" id="498">
        <run-table orientation="VERTICAL" width="22" height="47">
            <runs>0 24 2</runs>
            <runs>0 24 7 2 14</runs>
            <runs>47</runs>
            <runs>0 5 42</runs>
            <runs>0 24 6 16 1</runs>
            <runs>0 24 5 16 2</runs>
            <runs>0 24 4 16 3</runs>
            <runs>0 21 6 16 4</runs>
            <runs>0 21 6 15 5</runs>
            <runs>0 20 5 1 1 14 6</runs>
            <runs>0 20 5 14 7</runs>
            <runs>0 20 5 13 7</runs>
            <runs>0 20 7 9 8</runs>
            <runs>0 20 8 4 11</runs>
            <runs>0 20 22</runs>
            <runs>0 20 21</runs>
            <runs>0 20 20</runs>
            <runs>0 21 18</runs>
            <runs>0 21 15</runs>
            <runs>0 24 11</runs>
            <runs>0 24 9</runs>
            <runs>0 24 7</runs>
        </run-table>
    </sample>
    <sample shape="FLAT" interline="21" left="165" top="1791" id="508">
        <run-table orientation="VERTICAL" width="23" height="48">
            <runs>0 34 2</runs>
            <runs>0 12 2 19 3</runs>
            <runs>0 11 5 17 5</runs>
            <runs>48</runs>
            <runs>48</runs>
            <runs>0 11 1 12 5 4 4 7 4</runs>
            <runs>0 23 5 5 1 10 4</runs>
            <runs>0 22 5 16 4</runs>
            <runs>0 21 6 15 4</runs>
            <runs>0 21 6 14 4</runs>
            <runs>0 20 6 14 5</runs>
            <runs>0 20 6 13 5</runs>
            <runs>0 19 7 11 6</runs>
            <runs>0 19 7 11 6</runs>
            <runs>0 19 7 7 9</runs>
            <runs>0 19 22</runs>
            <runs>0 19 21</runs>
            <runs>0 19 20</runs>
            <runs>0 20 18</runs>
            <runs>0 21 16</runs>
            <runs>0 22 15</runs>
            <runs>0 23 13</runs>
            <runs>0 25 6 1 1</runs>
        </run-table>
    </sample>
    <sample shape="FLAT" interline="21" left="748" top="1731" id="1205">
        <run-table orientation="VERTICAL" width="23" height="49">
            <runs>0 2 2 9 36</runs>
            <runs>49</runs>
            <runs>0 25 4 15 5</runs>
            <runs>0 24 5 15 4</runs>
            <runs>0 23 5 16 3</runs>
            <runs>0 22 5 16 4</runs>
            <runs>0 21 6 15 4</runs>
            <runs>0 21 6 14 5</runs>
            <runs>0 20 6 14 5</runs>
            <runs>0 20 6 12 6</runs>
            <runs>0 20 6 11 6</runs>
            <runs>0 19 7 9 7</runs>
            <runs>0 19 8 6 8</runs>
            <runs>0 20 12 1 8</runs>
            <runs>0 20 20</runs>
            <runs>0 20 19</runs>
            <runs>0 20 17</runs>
            <runs>0 21 15</runs>
            <runs>0 22 13</runs>
            <runs>0 24 10</runs>
            <runs>0 32 2</runs>
            <runs>0 33 1</runs>
            <runs>0 31 3</runs>
        </run-table>
    </sample>
    <sample shape="SHARP" interline="21" left="438" top="1172" id="412">
        <run-table orientation="VERTICAL" width="21" height="60">
            <runs>0 16 8 14 11</runs>
            <runs>0 15 9 14 11</runs>
            <runs>0 15 9 13 12</runs>
            <runs>0 14 10 13 12</runs>
            <runs>0 3 10 1 10 13 12</runs>
            <runs>0 3 57</runs>
            <runs>0 13 47</runs>
            <runs>0 13 9 14 9 1 3</runs>
            <runs>0 13 9 13 10 1 3</runs>
            <runs>0 13 9 13 10 1 3</runs>
            <runs>0 12 9 14 9 2 3</runs>
            <runs>0 12 9 13 10</runs>
            <runs>0 11 10 13 9</runs>
            <runs>21 13 9</runs>
            <runs>54</runs>
            <runs>0 4 2 3 46</runs>
            <runs>0 10 10 12 10</runs>
            <runs>0 10 9 13 10</runs>
            <runs>0 10 9 13 9</runs>
            <runs>0 10 8 14 9</runs>
            <runs>0 32 8</runs>
        </run-table>
    </sample>
    <sample shape="SHARP" interline="21" left="903" top="998" id="422">
        <run-table orientation="VERTICAL" width="25" height="62">
            <runs>0 18 3</runs>
            <runs>0 18 3</runs>
            <runs>0 18 9 13 9</runs>
            <runs>0 18 9 13 10</runs>
            <runs>0 18 9 13 10</runs>
            <runs>0 18 9 13 9</runs>
            <runs>0 18 8 12 11</runs>
            <runs>0 6 46</runs>
            <runs>0 6 56</runs>
            <runs>0 14 48</runs>
            <runs>0 18 7 12 1 2 8 4 10</runs>
            <runs>0 18 7 15 7</runs>
            <runs>0 18 6 16 7</runs>
            <runs>0 18 6 16 7</runs>
            <runs>0 15 9 16 6</runs>
            <runs>0 15 8 14 9</runs>
            <runs>0 1 51</runs>
            <runs>53</runs>
            <runs>8 1 48</runs>
            <runs>0 13 9 9 25</runs>
            <runs>0 13 9 14 9</runs>
            <runs>0 13 9 13 9</runs>
            <runs>0 13 8 14 9</runs>
            <runs>0 13 8 14 8</runs>
            <runs>0 37 4</runs>
        </run-table>
    </sample>
    <sample shape="SHARP" interline="21" left="1160" top="1754" id="506">
        <run-table orientation="VERTICAL" width="22" height="62">
            <runs>0 18 8 14 8</runs>
            <runs>0 18 9 13 9</runs>
            <runs>0 17 9 14 9</runs>
            <runs>0 17 9 13 10</runs>
            <runs>0 17 9 13 14</runs>
            <runs>0 5 56</runs>
            <runs>0 16 9 5 32</runs>
            <runs>0 16 9 13 23</runs>
            <runs>0 15 10 13 9</runs>
            <runs>0 15 9 14 9</runs>
            <runs>0 15 9 13 10</runs>
            <runs>0 14 10 4 1 8 9</runs>
            <runs>0 14 9 5 3 5 10</runs>
            <runs>0 14 9 5 5 3 10</runs>
            <runs>56</runs>
            <runs>0 12 11 1 33</runs>
            <runs>0 13 9 6 28</runs>
            <runs>0 12 9 8 2 4 9</runs>
            <runs>0 12 9 13 9</runs>
            <runs>0 12 8 14 9</runs>
            <runs>0 35 8</runs>
            <runs>0 39 2</runs>
        </run-table>
    </sample>
    <sample shape="SHARP" interline="21" left="1961" top="1582" id="1194">
        <run-table orientation="VERTICAL" width="22" height="65">
            <runs>0 42 4</runs>
            <runs>0 21 9 12 10</runs>
            <runs>0 21 9 12 10</runs>
            <runs>0 21 8 13 10</runs>
            <runs>0 21 8 13 9</runs>
            <runs>0 10 26 1 15</runs>
            <runs>0 8 56</runs>
            <runs>0 8 57</runs>
            <runs>0 21 7 14 8</runs>
            <runs>0 18 10 14 8</runs>
            <runs>0 18 9 15 7</runs>
            <runs>0 18 9 15 7</runs>
            <runs>0 17 9 16 7</runs>
            <runs>3 14 9 13 1 2 6</runs>
            <runs>3 13 11 1 6 5 1 2 6</runs>
            <runs>41 1 17</runs>
            <runs>59</runs>
            <runs>0 15 7 12 25</runs>
            <runs>0 15 7</runs>
            <runs>0 15 7</runs>
            <runs>0 15 7</runs>
            <runs>0 15 7</runs>
        </run-table>
    </sample>
    <sample shape="SHARP" interline="21" left="1828" top="1752" id="1195">
        <run-table orientation="VERTICAL" width="23" height="64">
            <runs>0 20 8 14 8</runs>
            <runs>0 19 9 13 10</runs>
            <runs>0 18 10 13 9</runs>
            <runs>0 18 9 13 10</runs>
            <runs>0 17 11 2 3 7 10 4 2</runs>
            <runs>0 6 57</runs>
            <runs>0 6 58</runs>
            <runs>0 17 9 2 35</runs>
            <runs>0 17 9 13 9 3 4 1 6</runs>
            <runs>0 16 10 13 9</runs>
            <runs>0 16 9 13 10</runs>
            <runs>0 16 9 13 10</runs>
            <runs>0 15 10 12 10</runs>
            <runs>0 15 10 12 10</runs>
            <runs>0 1 56</runs>
            <runs>58</runs>
            <runs>0 14 10 4 30</runs>
            <runs>0 14 9 9 14 1 10</runs>
            <runs>0 14 8 14 8</runs>
            <runs>0 13 8 14 9</runs>
            <runs>0 14 7 14 9</runs>
            <runs>0 36 7</runs>
            <runs>0 39 3</runs>
        </run-table>
    </sample>
    <sample shape="EIGHTH_REST" interline="21" left="1862" top="630" id="246">
        <run-table orientation="VERTICAL" width="24" height="43">
            <runs>0 8 2</runs>
            <runs>0 6 7</runs>
            <runs>0 5 9</runs>
            <runs>0 4 11</runs>
            <runs>0 4 12</runs>
            <runs>0 4 12</runs>
            <runs>0 4 12</runs>
            <runs>0 4 13</runs>
            <runs>0 4 13</runs>
            <runs>0 4 13</runs>
            <runs>0 5 12 25 1</runs>
            <runs>0 6 11 24 2</runs>
            <runs>0 7 10 22 4</runs>
            <runs>0 8 9 19 7</runs>
            <runs>0 13 3 16 11</runs>
            <runs>0 12 4 12 15</runs>
            <runs>0 11 4 4 20 2 1</runs>
            <runs>0 10 6 2 17</runs>
            <runs>0 8 21</runs>
            <runs>0 5 20</runs>
            <runs>22</runs>
            <runs>15</runs>
            <runs>9</runs>
            <runs>5</runs>
        </run-table>
    </sample>
    <sample shape="EIGHTH_REST" interline="21" left="396" top="630" id="282">
        <run-table orientation="VERTICAL" width="25" height="44">
            <runs>0 8 4</runs>
            <runs>0 6 8</runs>
            <runs>0 5 10</runs>
            <runs>0 4 11</runs>
            <runs>0 4 12</runs>
            <runs>0 4 12</runs>
            <runs>0 4 13</runs>
            <runs>0 4 13</runs>
            <runs>0 4 13</runs>
            <runs>0 5 12</runs>
            <runs>0 6 11 25 2</runs>
            <runs>0 6 11 24 3</runs>
            <runs>0 8 5 1 3 21 6</runs>
            <runs>0 14 3 17 10</runs>
            <runs>0 13 3 15 11</runs>
            <runs>0 12 4 6 1 3 13</runs>
            <runs>0 11 4 3 17</runs>
            <runs>0 9 21</runs>
            <runs>0 7 18</runs>
            <runs>0 2 1 1 18 1 1</runs>
            <runs>15</runs>
            <runs>10</runs>
            <runs>5</runs>
            <runs>3</runs>
            <runs>2</runs>
        </run-table>
    </sample>
    <sample shape="EIGHTH_REST" interline="21" left="1348" top="1221" id="452">
        <run-table orientation="VERTICAL" width="22" height="43">
            <runs>0 9 3</runs>
            <runs>0 6 8</runs>
            <runs>0 5 10</runs>
            <runs>0 5 10</runs>
            <runs>0 5 11</runs>
            <runs>0 4 12</runs>
            <runs>0 4 12</runs>
            <runs>0 5 12</runs>
            <runs>0 5 12</runs>
            <runs>0 6 11</runs>
            <runs>0 7 9 25 2</runs>
            <runs>0 8 4 3 1 22 5</runs>
            <runs>0 14 2 19 8</runs>
            <runs>0 14 2 16 11</runs>
            <runs>0 13 2 12 14</runs>
            <runs>0 12 2 6 16</runs>
            <runs>0 11 3 5 11</runs>
            <runs>0 10 3 2 9</runs>
            <runs>0 8 9 2 1</runs>
            <runs>0 5 7</runs>
            <runs>7</runs>
            <runs>3</runs>
        </run-table>
    </sample>
    <sample shape="EIGHTH_REST" interline="21" left="2280" top="1806" id="490">
        <run-table orientation="VERTICAL" width="25" height="43">
            <runs>0 8 1</runs>
            <runs>0 6 6</runs>
            <runs>0 5 8</runs>
            <runs>0 4 10</runs>
            <runs>0 3 12</runs>
            <runs>0 3 12</runs>
            <runs>0 3 12</runs>
            <runs>0 3 13</runs>
            <runs>0 3 13</runs>
            <runs>0 4 12</runs>
            <runs>0 4 12</runs>
            <runs>0 4 12 25 2</runs>
            <runs>0 5 11 19 8</runs>
            <runs>0 7 9 16 11</runs>
            <runs>0 12 4 12 15</runs>
            <runs>0 11 4 6 20</runs>
            <runs>0 11 4 4 19</runs>
            <runs>0 9 24</runs>
            <runs>0 7 22</runs>
            <runs>0 5 19</runs>
            <runs>0 1 21</runs>
            <runs>13</runs>
            <runs>8</runs>
            <runs>5</runs>
            <runs>1</runs>
        </run-table>
    </sample>
    <sample shape="ONE_16TH_REST" interline="21" left="1084" top="366" id="284">
        <run-table orientation="VERTICAL" width="27" height="65">
            <runs>0 32 5</runs>
            <runs>0 30 8</runs>
            <runs>0 29 11</runs>
            <runs>0 29 11</runs>
            <runs>0 9 6 13 12</runs>
            <runs>0 8 8 12 13</runs>
            <runs>0 7 10 11 13</runs>
            <runs>0 7 11 11 12</runs>
            <runs>0 6 12 11 12</runs>
            <runs>0 6 13 11 11</runs>
            <runs>0 6 13 11 11 22 2</runs>
            <runs>0 6 13 13 5 1 2 23 2</runs>
            <runs>0 7 12 19 2 21 4</runs>
            <runs>0 7 12 18 2 19 7</runs>
            <runs>0 8 11 17 3 15 9</runs>
            <runs>0 9 9 17 3 7 1 3 9 4 1</runs>
            <runs>0 11 7 16 3 7 8</runs>
            <runs>0 15 3 14 4 2 10</runs>
            <runs>0 14 3 13 15</runs>
            <runs>0 13 4 11 9 5 2</runs>
            <runs>0 12 4 7 1 1 8</runs>
            <runs>0 10 5 4 9</runs>
            <runs>0 9 14 1 1</runs>
            <runs>0 6 12</runs>
            <runs>13</runs>
            <runs>9</runs>
            <runs>4</runs>
        </run-table>
    </sample>
    <sample shape="ONE_16TH_REST" interline="21" left="461" top="952" id="411">
        <run-table orientation="VERTICAL" width="28" height="65">
            <runs>0 32 6</runs>
            <runs>0 30 13</runs>
            <runs>0 30 13</runs>
            <runs>0 29 14</runs>
            <runs>0 11 4 14 14</runs>
            <runs>0 9 8 12 14</runs>
            <runs>0 8 10 11 14</runs>
            <runs>0 7 12 10 14</runs>
            <runs>0 7 15 7 14</runs>
            <runs>0 7 15 8 13</runs>
            <runs>0 7 15 9 12</runs>
            <runs>0 7 15 10 11 19 3</runs>
            <runs>0 7 15 11 10 18 4</runs>
            <runs>0 8 14 15 6 14 8</runs>
            <runs>0 8 14 15 6 9 13</runs>
            <runs>0 9 13 14 7 5 17</runs>
            <runs>0 11 11 13 8 2 14 2 1</runs>
            <runs>0 16 3 14 21</runs>
            <runs>0 15 3 13 18</runs>
            <runs>0 15 3 11 16</runs>
            <runs>0 14 3 6 1 1 18</runs>
            <runs>0 13 3 3 11 2 2</runs>
            <runs>0 11 15</runs>
            <runs>0 9 14</runs>
            <runs>0 6 10</runs>
            <runs>0 1 10</runs>
            <runs>6</runs>
            <runs>1</runs>
        </run-table>
    </sample>
    <sample shape="ONE_16TH_REST" interline="21" left="2126" top="954" id="421">
        <run-table orientation="VERTICAL" width="26" height="63">
            <runs>0 28 7</runs>
            <runs>0 27 9</runs>
            <runs>0 26 11</runs>
            <runs>0 26 11</runs>
            <runs>0 8 3 15 11</runs>
            <runs>0 6 7 12 13</runs>
            <runs>0 5 9 11 13</runs>
            <runs>0 4 11 11 12</runs>
            <runs>0 4 11 11 12</runs>
            <runs>0 4 11 11 12</runs>
            <runs>0 4 11 12 11 22 3</runs>
            <runs>0 4 11 13 9 23 3</runs>
            <runs>0 4 11 14 4 2 2 21 5</runs>
            <runs>0 4 11 19 3 16 10</runs>
            <runs>0 5 10 18 3 13 14</runs>
            <runs>0 6 6 2 1 18 2 6 2 2 18</runs>
            <runs>0 9 1 3 2 16 4 5 14</runs>
            <runs>0 13 1 16 4 1 14</runs>
            <runs>0 12 2 14 16</runs>
            <runs>0 11 2 12 16</runs>
            <runs>0 11 1 6 15</runs>
            <runs>0 9 3 4 12</runs>
            <runs>0 7 13</runs>
            <runs>0 5 10 2 1</runs>
            <runs>0 2 8</runs>
            <runs>5</runs>
        </run-table>
    </sample>
    <sample shape="FLAG_1" interline="21" left="1147" top="334" id="607">
        <run-table orientation="VERTICAL" width="16" height="33">
            <runs>13</runs>
            <runs>0 2 12</runs>
            <runs>0 2 12</runs>
            <runs>0 3 11</runs>
            <runs>0 4 11</runs>
            <runs>0 6 10</runs>
            <runs>0 6 10</runs>
            <runs>0 7 10</runs>
            <runs>0 8 10</runs>
            <runs>0 9 10</runs>
            <runs>0 11 9</runs>
            <runs>0 12 10</runs>
            <runs>0 13 10</runs>
            <runs>0 14 11</runs>
            <runs>0 16 12 2 3</runs>
            <runs>0 18 15</runs>
        </run-table>
    </sample>
    <sample shape="FLAG_1" interline="21" left="1147" top="354" id="685">
        <run-table orientation="VERTICAL" width="16" height="33">
            <runs>16</runs>
            <runs>0 3 13</runs>
            <runs>0 4 12</runs>
            <runs>0 6 11</runs>
            <runs>0 7 11</runs>
            <runs>0 7 11</runs>
            <runs>0 8 11</runs>
            <runs>0 9 10</runs>
            <runs>0 10 10</runs>
            <runs>0 10 11</runs>
            <runs>0 12 10</runs>
            <runs>0 12 12</runs>
            <runs>0 12 13</runs>
            <runs>0 16 11</runs>
            <runs>0 18 10</runs>
            <runs>0 19 14</runs>
        </run-table>
    </sample>
    <sample shape="FLAG_1" interline="21" left="1228" top="932" id="786">
        <run-table orientation="VERTICAL" width="22" height="52">
            <runs>21</runs>
            <runs>0 3 18</runs>
            <runs>0 6 15</runs>
            <runs>0 7 14</runs>
            <runs>0 9 12</runs>
            <runs>0 10 11</runs>
            <runs>0 11 10</runs>
            <runs>0 12 9</runs>
            <runs>0 13 8</runs>
            <runs>0 14 9</runs>
            <runs>0 14 9</runs>
            <runs>0 15 10</runs>
            <runs>0 16 10</runs>
            <runs>0 17 10</runs>
            <runs>0 18 11</runs>
            <runs>0 19 12</runs>
            <runs>0 21 13 8 2</runs>
            <runs>0 23 28</runs>
            <runs>0 25 27</runs>
            <runs>0 28 23</runs>
            <runs>0 32 11 1 6</runs>
            <runs>0 38 5</runs>
        </run-table>
    </sample>
    <sample shape="FLAG_1_UP" interline="21" left="1733" top="412" id="586">
        <run-table orientation="VERTICAL" width="21" height="53">
            <runs>0 33 20</runs>
            <runs>0 34 19</runs>
            <runs>0 34 18</runs>
            <runs>0 33 15</runs>
            <runs>0 31 15</runs>
            <runs>0 31 13</runs>
            <runs>0 31 12</runs>
            <runs>0 29 13</runs>
            <runs>0 28 12</runs>
            <runs>0 27 13</runs>
            <runs>0 27 13</runs>
            <runs>0 26 14</runs>
            <runs>0 25 15</runs>
            <runs>0 23 13</runs>
            <runs>0 22 12</runs>
            <runs>0 19 13</runs>
            <runs>0 16 14</runs>
            <runs>6 6 15</runs>
            <runs>25</runs>
            <runs>0 3 18</runs>
            <runs>0 9 7 1 2</runs>
        </run-table>
    </sample>
    <sample shape="FLAG_1_UP" interline="21" left="1026" top="434" id="590">
        <run-table orientation="VERTICAL" width="20" height="52">
            <runs>0 34 18</runs>
            <runs>0 33 16</runs>
            <runs>0 32 14</runs>
            <runs>0 32 13</runs>
            <runs>0 31 12</runs>
            <runs>0 30 12</runs>
            <runs>0 30 11</runs>
            <runs>0 29 11</runs>
            <runs>0 28 11</runs>
            <runs>0 26 12</runs>
            <runs>0 25 12</runs>
            <runs>0 24 12</runs>
            <runs>0 23 11</runs>
            <runs>0 21 12</runs>
            <runs>0 20 11</runs>
            <runs>0 15 15</runs>
            <runs>28</runs>
            <runs>0 2 24</runs>
            <runs>0 6 17</runs>
            <runs>0 13 7</runs>
        </run-table>
    </sample>
    <sample shape="FLAG_1_UP" interline="21" left="1736" top="609" id="592">
        <run-table orientation="VERTICAL" width="20" height="50">
            <runs>0 33 17</runs>
            <runs>0 33 14</runs>
            <runs>0 32 13</runs>
            <runs>0 32 11 1 1</runs>
            <runs>0 31 12</runs>
            <runs>0 29 14</runs>
            <runs>0 28 15</runs>
            <runs>0 28 14</runs>
            <runs>0 27 12</runs>
            <runs>0 26 12</runs>
            <runs>0 25 12</runs>
            <runs>0 23 12</runs>
            <runs>0 22 12</runs>
            <runs>0 19 13</runs>
            <runs>1 16 14</runs>
            <runs>6 7 16</runs>
            <runs>26</runs>
            <runs>0 1 23</runs>
            <runs>0 4 19</runs>
            <runs>0 21 1</runs>
        </run-table>
    </sample>
    <sample shape="FLAG_1_UP" interline="21" left="400" top="441" id="629">
        <run-table orientation="VERTICAL" width="20" height="53">
            <runs>0 33 20</runs>
            <runs>0 32 18</runs>
            <runs>0 31 15</runs>
            <runs>0 31 14</runs>
            <runs>0 30 13</runs>
            <runs>0 29 13</runs>
            <runs>0 29 13</runs>
            <runs>0 28 12</runs>
            <runs>0 27 12</runs>
            <runs>0 26 12</runs>
            <runs>0 25 12</runs>
            <runs>0 24 12</runs>
            <runs>0 22 13</runs>
            <runs>0 21 12</runs>
            <runs>0 19 13</runs>
            <runs>0 1 2 7 3 2 15</runs>
            <runs>28</runs>
            <runs>0 1 25</runs>
            <runs>0 5 18</runs>
            <runs>0 9 1 1 1 1 6</runs>
        </run-table>
    </sample>
    <sample shape="FLAG_1_UP" interline="21" left="1206" top="1273" id="787">
        <run-table orientation="VERTICAL" width="22" height="53">
            <runs>0 34 19</runs>
            <runs>0 33 19</runs>
            <runs>0 33 16</runs>
            <runs>0 32 14</runs>
            <runs>0 31 14</runs>
            <runs>0 31 13</runs>
            <runs>0 30 13</runs>
            <runs>0 29 13</runs>
            <runs>0 28 13</runs>
            <runs>0 27 13</runs>
            <runs>0 26 12</runs>
            <runs>0 25 12</runs>
            <runs>0 23 13</runs>
            <runs>0 22 13</runs>
            <runs>0 20 14</runs>
            <runs>0 17 15</runs>
            <runs>5 9 16</runs>
            <runs>28</runs>
            <runs>26</runs>
            <runs>0 2 21</runs>
            <runs>0 6 12</runs>
            <runs>0 11 3</runs>
        </run-table>
    </sample>
    <sample shape="FLAG_1_UP" interline="21" left="2243" top="1861" id="977">
        <run-table orientation="VERTICAL" width="21" height="55">
            <runs>0 35 20</runs>
            <runs>0 35 19</runs>
            <runs>0 34 15</runs>
            <runs>0 33 15</runs>
            <runs>0 33 14</runs>
            <runs>0 32 13</runs>
            <runs>0 30 14</runs>
            <runs>0 30 13</runs>
            <runs>0 29 13</runs>
            <runs>0 28 13</runs>
            <runs>0 27 13</runs>
            <runs>0 26 13</runs>
            <runs>0 25 12</runs>
            <runs>0 23 13</runs>
            <runs>0 22 13</runs>
            <runs>0 19 13</runs>
            <runs>4 3 1 7 15</runs>
            <runs>28</runs>
            <runs>0 2 23</runs>
            <runs>0 4 17</runs>
            <runs>0 8 2</runs>
        </run-table>
    </sample>
    <sample shape="TUPLET_THREE" interline="21" left="682" top="865" id="432">
        <run-table orientation="VERTICAL" width="23" height="32">
            <runs>0 22 4</runs>
            <runs>0 21 7</runs>
            <runs>0 21 8</runs>
            <runs>0 22 8</runs>
            <runs>0 22 4 1 3</runs>
            <runs>0 23 1 4 3</runs>
            <runs>0 28 3</runs>
            <runs>0 4 2 23 2</runs>
            <runs>0 3 4 22 3</runs>
            <runs>0 1 6 22 3</runs>
            <runs>0 1 6 6 1 15 3</runs>
            <runs>3 1 3 6 1 14 4</runs>
            <runs>2 11 1 14 4</runs>
            <runs>2 11 2 12 4</runs>
            <runs>2 10 4 10 5</runs>
            <runs>2 10 5 7 7</runs>
            <runs>3 8 20</runs>
            <runs>4 5 21</runs>
            <runs>13 2 14</runs>
            <runs>12 4 12</runs>
            <runs>0 1 11 6 8</runs>
            <runs>0 2 8 10 4</runs>
            <runs>0 4 5</runs>
        </run-table>
    </sample>
    <sample shape="TUPLET_THREE" interline="21" left="1570" top="1443" id="501">
        <run-table orientation="VERTICAL" width="22" height="32">
            <runs>0 23 5</runs>
            <runs>0 22 7</runs>
            <runs>0 22 8</runs>
            <runs>0 23 4 1 3</runs>
            <runs>0 23 3 2 3</runs>
            <runs>0 28 3</runs>
            <runs>0 29 2</runs>
            <runs>0 4 4 21 3</runs>
            <runs>0 3 5 21 3</runs>
            <runs>0 2 6 21 3</runs>
            <runs>0 1 7 6 1 14 3</runs>
            <runs>0 1 2 3 1 7 2 12 4</runs>
            <runs>3 11 2 12 3</runs>
            <runs>3 10 4 11 3</runs>
            <runs>3 10 5 9 4</runs>
            <runs>4 8 7 5 6</runs>
            <runs>5 6 3 2 14</runs>
            <runs>0 1 5 4 4 2 13</runs>
            <runs>0 1 12 4 11</runs>
            <runs>0 2 10 6 10</runs>
            <runs>0 3 8 10 5</runs>
            <runs>0 5 4</runs>
        </run-table>
    </sample>
    <sample shape="TUPLET_THREE" interline="21" left="860" top="1679" id="502">
        <run-table orientation="VERTICAL" width="23" height="34">
            <runs>0 25 2</runs>
            <runs>0 24 5</runs>
            <runs>0 23 7</runs>
            <runs>0 23 8</runs>
            <runs>0 23 9</runs>
            <runs>0 24 4 1 4</runs>
            <runs>0 29 4</runs>
            <runs>0 30 4</runs>
            <runs>0 5 4 21 4</runs>
            <runs>0 4 6 20 4</runs>
            <runs>0 3 7 20 4</runs>
            <runs>0 1 9 5 2 13 4</runs>
            <runs>0 1 4 1 3 5 3 13 4</runs>
            <runs>0 1 3 10 3 12 5</runs>
            <runs>4 10 3 11 6</runs>
            <runs>4 9 5 8 8</runs>
            <runs>4 9 20</runs>
            <runs>5 7 21</runs>
            <runs>0 1 31</runs>
            <runs>0 1 14 2 14</runs>
            <runs>0 2 12 4 12</runs>
            <runs>0 3 10 6 9</runs>
            <runs>0 4 7</runs>
        </run-table>
    </sample>
    <sample shape="TUPLET_THREE" interline="21" left="1229" top="1677" id="516">
        <run-table orientation="VERTICAL" width="23" height="34">
            <runs>0 24 4</runs>
            <runs>0 23 6</runs>
            <runs>0 23 8</runs>
            <runs>0 23 8</runs>
            <runs>0 24 8</runs>
            <runs>0 24 3 2 3</runs>
            <runs>0 30 3</runs>
            <runs>0 5 3 22 3</runs>
            <runs>0 4 5 21 3</runs>
            <runs>0 3 6 6 1 14 3</runs>
            <runs>0 2 7 6 1 14 4</runs>
            <runs>0 1 8 6 1 14 4</runs>
            <runs>4 10 2 13 5</runs>
            <runs>4 9 4 11 5</runs>
            <runs>4 9 5 9 6</runs>
            <runs>4 9 6 6 8</runs>
            <runs>5 7 21</runs>
            <runs>6 4 22</runs>
            <runs>0 1 14 2 14</runs>
            <runs>0 2 12 4 12</runs>
            <runs>0 3 10 6 10</runs>
            <runs>0 4 8 10 4</runs>
            <runs>0 5 5</runs>
        </run-table>
    </sample>
    <sample shape="TUPLET_THREE" interline="21" left="1548" top="1922" id="519">
        <run-table orientation="VERTICAL" width="23" height="34">
            <runs>0 23 4</runs>
            <runs>0 22 7</runs>
            <runs>0 22 8</runs>
            <runs>0 22 9</runs>
            <runs>0 22 10</runs>
            <runs>0 24 2 2 4</runs>
            <runs>0 29 4</runs>
            <runs>0 3 5 21 4</runs>
            <runs>0 2 7 20 5</runs>
            <runs>0 1 8 5 1 14 5</runs>
            <runs>0 1 8 4 3 13 5</runs>
            <runs>8 5 3 13 5</runs>
            <runs>4 9 3 12 6</runs>
            <runs>4 9 4 10 6</runs>
            <runs>4 8 5 9 7</runs>
            <runs>4 7 8 4 10</runs>
            <runs>4 6 22</runs>
            <runs>5 3 24</runs>
            <runs>0 1 13 2 15</runs>
            <runs>0 2 12 3 12</runs>
            <runs>0 3 10 6 9</runs>
            <runs>0 4 8 8 6</runs>
            <runs>0 5 5</runs>
        </run-table>
    </sample>
</samples>
