<?xml version="1.0" encoding="UTF-8" standalone="yes"?>
<samples sheet-name="IMSLP00121#25">
    <sample shape="FLAT" interline="19" pitch="3.4" left="402" top="618" id="252">
        <run-table orientation="VERTICAL" width="21" height="50">
            <runs>22</runs>
            <runs>22 14 2 3 8</runs>
            <runs>50</runs>
            <runs>50</runs>
            <runs>42 1 6</runs>
            <runs>0 21 15 8 5</runs>
            <runs>0 25 11 7 5</runs>
            <runs>0 26 4 12 5</runs>
            <runs>0 25 5 11 5</runs>
            <runs>0 24 5 12 4</runs>
            <runs>0 24 4 12 5</runs>
            <runs>0 23 5 12 4</runs>
            <runs>0 23 5 4 11</runs>
            <runs>0 23 6 3 11</runs>
            <runs>0 23 19</runs>
            <runs>0 23 19</runs>
            <runs>0 23 18</runs>
            <runs>0 24 16</runs>
            <runs>0 25 14</runs>
            <runs>0 25 13</runs>
            <runs>0 26 10</runs>
        </run-table>
    </sample>
    <sample shape="FLAT" interline="19" pitch="-1.0" left="316" top="2533" id="388">
        <run-table orientation="VERTICAL" width="22" height="53">
            <runs>14</runs>
            <runs>33</runs>
            <runs>48 1 2</runs>
            <runs>53</runs>
            <runs>53</runs>
            <runs>53</runs>
            <runs>0 30 11 7 5</runs>
            <runs>0 31 6 12 4</runs>
            <runs>0 30 5 13 4</runs>
            <runs>0 30 4 13 4</runs>
            <runs>0 30 4 12 4</runs>
            <runs>0 30 4 11 4</runs>
            <runs>0 30 4 9 6</runs>
            <runs>0 29 7 2 10</runs>
            <runs>0 29 19</runs>
            <runs>0 29 18</runs>
            <runs>0 30 16</runs>
            <runs>0 30 16</runs>
            <runs>0 31 14</runs>
            <runs>0 32 13</runs>
            <runs>0 32 11</runs>
            <runs>0 34 8</runs>
        </run-table>
    </sample>
</samples>
