<?xml version="1.0" encoding="UTF-8" standalone="yes"?>
<samples sheet-name="IMSLP00005#14">
    <sample shape="G_CLEF" interline="22" pitch="0.5" left="136" top="2928" id="598">
        <run-table orientation="VERTICAL" width="56" height="156">
            <runs>0 89 1</runs>
            <runs>0 85 17</runs>
            <runs>0 81 1 1 21</runs>
            <runs>0 76 29</runs>
            <runs>0 76 31</runs>
            <runs>0 74 34</runs>
            <runs>0 72 38</runs>
            <runs>0 72 39</runs>
            <runs>0 70 42</runs>
            <runs>0 69 27 1 17</runs>
            <runs>0 67 21 15 12</runs>
            <runs>0 66 19 22 8 23 10</runs>
            <runs>0 65 18 26 7 20 14</runs>
            <runs>0 64 17 29 6 19 16</runs>
            <runs>0 62 18 31 6 17 18</runs>
            <runs>0 61 18 33 10 12 19</runs>
            <runs>0 60 18 35 9 11 20</runs>
            <runs>0 58 20 13 10 13 8 11 20</runs>
            <runs>0 58 16 14 15 12 7 11 21</runs>
            <runs>0 54 19 13 20 9 7 11 20</runs>
            <runs>0 54 18 13 23 8 3 14 21</runs>
            <runs>0 54 18 11 26 7 3 14 22</runs>
            <runs>0 54 17 11 12 12 4 7 2 14 22</runs>
            <runs>0 31 10 13 16 11 11 15 4 6 2 14 17 1 4</runs>
            <runs>0 24 22 7 16 11 10 19 3 5 2 14 17 1 4</runs>
            <runs>0 20 49 10 11 21 1 6 1 15 16 1 5</runs>
            <runs>0 18 50 7 14 29 1 15 15 2 4</runs>
            <runs>0 15 53 8 13 47 12 4 4</runs>
            <runs>0 14 23 12 40 49 9 5 4</runs>
            <runs>0 12 24 13 40 53 3 7 4</runs>
            <runs>0 10 19 20 41 62 4</runs>
            <runs>0 9 18 21 16 7 1 4 18 58 3</runs>
            <runs>0 8 16 23 16 13 25 50 4</runs>
            <runs>0 6 16 24 16 14 34 40 5</runs>
            <runs>0 5 16 23 17 15 12 9 26 27 4</runs>
            <runs>0 4 15 24 17 16 11 11 25 25 6</runs>
            <runs>0 3 14 25 17 18 10 21 22 17 6</runs>
            <runs>0 1 15 25 17 19 10 26 24 9 6</runs>
            <runs>15 24 19 19 10 30 34</runs>
            <runs>15 23 19 20 10 31 33</runs>
            <runs>0 1 13 19 21 23 10 30 7 7 19</runs>
            <runs>0 2 12 18 20 25 11 28 8 12 10</runs>
            <runs>0 4 12 13 21 27 12 27 8</runs>
            <runs>0 6 13 1 1 2 26 28 12 26 2</runs>
            <runs>0 8 38 31 12 26 2</runs>
            <runs>0 11 32 33 13 25 3</runs>
            <runs>0 13 28 35 15 21 5</runs>
            <runs>0 19 19 43 11 19 5</runs>
            <runs>0 81 11 17 6</runs>
            <runs>0 82 13 12 8</runs>
            <runs>0 82 19 4 9</runs>
            <runs>0 84 29</runs>
            <runs>0 85 27</runs>
            <runs>0 86 24</runs>
            <runs>0 88 16 1 4</runs>
            <runs>0 91 13</runs>
        </run-table>
    </sample>
    <sample shape="F_CLEF" interline="22" pitch="-1.5" left="137" top="1515" id="421">
        <run-table orientation="VERTICAL" width="58" height="69">
            <runs>0 63 1</runs>
            <runs>0 63 1</runs>
            <runs>0 19 2 42 1</runs>
            <runs>0 12 13 37 2</runs>
            <runs>0 11 14 37 2</runs>
            <runs>0 9 3 7 7 36 7</runs>
            <runs>0 6 5 7 9 34 8</runs>
            <runs>0 6 3 9 10 33 3</runs>
            <runs>0 5 3 9 11 33 3</runs>
            <runs>0 4 3 10 11 32 4</runs>
            <runs>7 9 13 30 4</runs>
            <runs>0 5 1 10 13 30 4</runs>
            <runs>0 16 13 30 4</runs>
            <runs>0 16 13 29 4</runs>
            <runs>0 16 13 28 5</runs>
            <runs>0 16 12 29 4</runs>
            <runs>0 16 12 28 5</runs>
            <runs>0 17 11 28 5</runs>
            <runs>0 18 9 28 5</runs>
            <runs>0 19 3 32 6</runs>
            <runs>0 53 6</runs>
            <runs>0 52 6</runs>
            <runs>0 52 6</runs>
            <runs>0 51 6</runs>
            <runs>0 49 7</runs>
            <runs>0 48 8</runs>
            <runs>0 3 1 44 7</runs>
            <runs>0 3 1 40 11</runs>
            <runs>0 3 1 39 11</runs>
            <runs>0 3 2 38 11</runs>
            <runs>0 3 3 34 13</runs>
            <runs>0 3 3 33 13</runs>
            <runs>7 30 14</runs>
            <runs>8 26 16</runs>
            <runs>0 3 7 1 4 12 22</runs>
            <runs>0 4 45</runs>
            <runs>0 4 43</runs>
            <runs>0 5 42</runs>
            <runs>0 6 41</runs>
            <runs>0 6 40</runs>
            <runs>0 7 40</runs>
            <runs>0 8 34</runs>
            <runs>0 10 30</runs>
            <runs>0 13 25</runs>
            <runs>0 14 21</runs>
            <runs>0 17 16</runs>
            <runs>0 20 8 3 1</runs>
            <runs>0 32 1</runs>
            <runs>0 32 1</runs>
            <runs>0 14 1 17 3</runs>
            <runs>0 11 5 15 6</runs>
            <runs>0 11 6 14 7</runs>
            <runs>0 11 7 12 8</runs>
            <runs>0 10 8 12 8</runs>
            <runs>0 10 8 12 9</runs>
            <runs>0 10 8 13 7</runs>
            <runs>0 11 6 14 7</runs>
            <runs>0 13 4 15 4</runs>
        </run-table>
    </sample>
    <sample shape="FLAT" interline="22" pitch="1.4" left="225" top="476" id="331">
        <run-table orientation="VERTICAL" width="19" height="53">
            <runs>0 1 4 5 1 8 1 6 1 3 1</runs>
            <runs>53</runs>
            <runs>38 7 8</runs>
            <runs>0 28 6 16 2</runs>
            <runs>0 28 4 17 3</runs>
            <runs>0 27 3 17 3</runs>
            <runs>0 26 3 17 3</runs>
            <runs>0 26 2 17 4</runs>
            <runs>0 25 3 15 4</runs>
            <runs>0 24 3 15 4</runs>
            <runs>0 24 4 13 4</runs>
            <runs>0 24 4 7 9</runs>
            <runs>0 24 5 6 8</runs>
            <runs>0 24 18</runs>
            <runs>0 24 17</runs>
            <runs>0 24 16</runs>
            <runs>0 26 12</runs>
            <runs>0 27 11</runs>
            <runs>0 29 9</runs>
        </run-table>
    </sample>
    <sample shape="FLAT" interline="22" pitch="-0.7" left="222" top="783" id="366">
        <run-table orientation="VERTICAL" width="19" height="53">
            <runs>0 6 14 7 7 1 11 4 3</runs>
            <runs>3 2 48</runs>
            <runs>27 2 10 11 3</runs>
            <runs>6 23 3 17 3</runs>
            <runs>0 1 3 24 2 18 3</runs>
            <runs>0 27 2 18 3</runs>
            <runs>0 26 3 17 3</runs>
            <runs>0 25 3 16 4</runs>
            <runs>0 24 4 15 4</runs>
            <runs>0 24 4 14 4</runs>
            <runs>0 24 4 13 4</runs>
            <runs>0 24 5 6 9</runs>
            <runs>0 24 7 4 8</runs>
            <runs>0 24 18</runs>
            <runs>0 24 17</runs>
            <runs>0 25 15</runs>
            <runs>0 26 13</runs>
            <runs>0 27 11</runs>
            <runs>0 29 4</runs>
        </run-table>
    </sample>
    <sample shape="FLAT" interline="22" pitch="2.1" left="266" top="1553" id="441">
        <run-table orientation="VERTICAL" width="19" height="54">
            <runs>23 2 2</runs>
            <runs>54</runs>
            <runs>0 1 53</runs>
            <runs>0 2 1 1 50</runs>
            <runs>0 26 12 1 1 2 1 2 7</runs>
            <runs>0 32 1</runs>
            <runs></runs>
            <runs>0 46 1</runs>
            <runs>0 25 1 19 7</runs>
            <runs>0 25 1 17 8</runs>
            <runs>0 25 1 16 9</runs>
            <runs>0 24 2 15 7</runs>
            <runs>0 24 2 14 7</runs>
            <runs>0 24 8 2 10</runs>
            <runs>0 24 19</runs>
            <runs>0 25 17</runs>
            <runs>0 26 16</runs>
            <runs>0 27 13</runs>
            <runs>0 28 10</runs>
        </run-table>
    </sample>
</samples>
