<?xml version="1.0" encoding="UTF-8" standalone="yes"?>
<samples sheet-name="IMSLP00004#1">
    <sample shape="FLAT" interline="22" left="390" top="533" id="374">
        <run-table orientation="VERTICAL" width="18" height="29">
            <runs>0 2 27</runs>
            <runs>0 2 9 1 2 12 3</runs>
            <runs>0 5 3 18 2</runs>
            <runs>0 4 3 18 2</runs>
            <runs>0 3 3 18 2</runs>
            <runs>0 2 3 18 3</runs>
            <runs>0 2 2 17 4</runs>
            <runs>0 1 3 16 4</runs>
            <runs>0 1 3 15 4</runs>
            <runs>4 14 3</runs>
            <runs>5 11 4</runs>
            <runs>6 10 3</runs>
            <runs>18</runs>
            <runs>17</runs>
            <runs>0 1 15</runs>
            <runs>0 2 14</runs>
            <runs>0 3 12</runs>
            <runs>0 4 6</runs>
        </run-table>
    </sample>
</samples>
