<?xml version="1.0" encoding="UTF-8" standalone="yes"?>
<samples sheet-name="IMSLP00001#4">
    <sample shape="G_CLEF" interline="20" pitch="0.1" left="195" top="1884" id="450">
        <run-table orientation="VERTICAL" width="56" height="153">
            <runs>0 85 14</runs>
            <runs>0 80 19</runs>
            <runs>0 75 27</runs>
            <runs>0 75 29 33 2</runs>
            <runs>0 74 32 29 7</runs>
            <runs>0 73 34 26 10</runs>
            <runs>0 71 37 24 13</runs>
            <runs>0 70 39 21 17</runs>
            <runs>0 68 23 4 16 19 18</runs>
            <runs>0 66 19 11 15 19 19</runs>
            <runs>0 65 20 19 8 17 20</runs>
            <runs>0 64 18 23 8 16 20</runs>
            <runs>0 63 18 25 8 15 21</runs>
            <runs>0 62 17 29 7 14 21</runs>
            <runs>0 61 18 29 7 14 22</runs>
            <runs>0 60 18 13 8 10 10 10 22</runs>
            <runs>0 54 24 8 14 10 9 10 22</runs>
            <runs>0 54 25 7 18 8 8 10 16 2 4</runs>
            <runs>0 55 20 9 22 7 7 10 16 3 4</runs>
            <runs>0 55 19 9 24 6 7 11 14 4 4</runs>
            <runs>0 55 18 9 18 1 7 6 2 16 12 5 4</runs>
            <runs>0 55 17 9 13 9 6 5 2 17 11 5 4</runs>
            <runs>0 55 16 5 15 16 3 4 2 18 9 6 4</runs>
            <runs>0 54 16 6 14 18 2 5 1 20 2 11 4</runs>
            <runs>0 54 15 7 13 26 1 32 5</runs>
            <runs>0 53 16 7 12 27 1 32 4</runs>
            <runs>0 52 16 8 12 27 1 31 5</runs>
            <runs>0 51 16 9 12 27 1 31 4</runs>
            <runs>0 33 11 7 16 9 11 28 1 30 4</runs>
            <runs>0 28 39 9 11 59 4</runs>
            <runs>0 26 46 2 15 2 16 37 5</runs>
            <runs>0 21 101 12 2 5 7</runs>
            <runs>0 19 128</runs>
            <runs>0 17 129</runs>
            <runs>0 14 26 6 17 7 1 3 13 9 48</runs>
            <runs>0 13 20 13 16 13 11 28 11 1 14</runs>
            <runs>0 12 20 14 15 14 11 49 1</runs>
            <runs>0 11 18 16 15 15 11</runs>
            <runs>0 10 17 17 16 15 11</runs>
            <runs>0 8 17 18 16 16 11</runs>
            <runs>0 7 17 18 17 17 10 27 7</runs>
            <runs>0 7 15 19 18 17 11 26 7</runs>
            <runs>0 6 14 21 17 18 12 24 8</runs>
            <runs>0 5 14 16 24 17 12 23 9</runs>
            <runs>0 3 15 18 18 22 13 21 6</runs>
            <runs>0 2 15 18 17 24 15 18 6</runs>
            <runs>0 1 15 19 16 25 16 15 7</runs>
            <runs>0 1 14 18 16 27 17 13 8</runs>
            <runs>14 17 17 28 24 1 12</runs>
            <runs>14 16 17 34 32</runs>
            <runs>14 12 19 37 30</runs>
            <runs>0 1 17 2 24 39 27</runs>
            <runs>0 5 36 43 25</runs>
            <runs>0 7 32 46 22</runs>
            <runs>0 9 30 48 18</runs>
            <runs>0 14 18 58 13</runs>
        </run-table>
    </sample>
    <sample shape="F_CLEF" interline="20" pitch="-1.5" left="196" top="556" id="289">
        <run-table orientation="VERTICAL" width="58" height="65">
            <runs>0 14 10</runs>
            <runs>0 10 15</runs>
            <runs>0 9 17</runs>
            <runs>0 8 19 34 1</runs>
            <runs>0 7 8 4 9 33 1</runs>
            <runs>0 6 5 7 11 32 1</runs>
            <runs>0 5 4 8 12 32 1</runs>
            <runs>8 8 13 32 1</runs>
            <runs>0 4 3 9 13 31 2</runs>
            <runs>0 4 2 10 13 31 2</runs>
            <runs>0 4 1 11 14 30 2</runs>
            <runs>0 4 1 10 14 30 3</runs>
            <runs>0 4 1 10 14 29 7</runs>
            <runs>0 15 14 28 8</runs>
            <runs>0 16 13 28 4</runs>
            <runs>0 16 12 28 5</runs>
            <runs>0 17 10 28 6</runs>
            <runs>0 18 7 30 5</runs>
            <runs>0 54 6</runs>
            <runs>0 53 6</runs>
            <runs>0 52 6</runs>
            <runs>0 51 7</runs>
            <runs>0 50 7</runs>
            <runs>0 49 8</runs>
            <runs>0 48 8</runs>
            <runs>0 47 9</runs>
            <runs>0 46 9</runs>
            <runs>0 41 13</runs>
            <runs>7 34 12</runs>
            <runs>8 33 11</runs>
            <runs>9 29 13</runs>
            <runs>11 25 15</runs>
            <runs>12 21 17</runs>
            <runs>0 1 15 4 29</runs>
            <runs>49</runs>
            <runs>0 1 47</runs>
            <runs>0 5 42</runs>
            <runs>0 6 40</runs>
            <runs>0 7 39</runs>
            <runs>0 8 37</runs>
            <runs>0 10 35</runs>
            <runs>0 11 28</runs>
            <runs>0 12 25</runs>
            <runs>0 14 21</runs>
            <runs>0 16 14</runs>
            <runs></runs>
            <runs></runs>
            <runs>0 33 1</runs>
            <runs>0 12 4 15 6</runs>
            <runs>0 11 6 14 7</runs>
            <runs>0 10 8 12 9</runs>
            <runs>0 10 9 11 9</runs>
            <runs>0 10 9 10 10</runs>
            <runs>0 10 9 10 10</runs>
            <runs>0 10 9 11 8</runs>
            <runs>0 10 8 12 8</runs>
            <runs>0 11 7 13 7</runs>
            <runs>0 12 5 15 5</runs>
        </run-table>
    </sample>
    <sample shape="F_CLEF" interline="20" pitch="-1.4" left="196" top="1091" id="340">
        <run-table orientation="VERTICAL" width="57" height="65">
            <runs>0 15 10</runs>
            <runs>0 12 14</runs>
            <runs>0 9 18</runs>
            <runs>0 8 19</runs>
            <runs>0 7 5 7 10</runs>
            <runs>0 6 5 7 11</runs>
            <runs>0 5 4 9 12</runs>
            <runs>0 4 3 10 13 30 1</runs>
            <runs>0 4 2 10 14 30 1</runs>
            <runs>0 4 2 10 14 29 2</runs>
            <runs>0 4 1 11 14 29 2</runs>
            <runs>0 4 1 11 14 28 7</runs>
            <runs>0 4 1 10 15 28 7</runs>
            <runs>0 16 13 28 8</runs>
            <runs>0 16 13 27 9</runs>
            <runs>0 17 11 28 9</runs>
            <runs>0 17 10 28 6</runs>
            <runs>0 18 7 29 6</runs>
            <runs>0 54 6</runs>
            <runs>0 53 6</runs>
            <runs>0 52 7</runs>
            <runs>0 50 8</runs>
            <runs>0 50 8</runs>
            <runs>0 49 8</runs>
            <runs>0 47 9</runs>
            <runs>0 46 10</runs>
            <runs>0 5 1 39 10</runs>
            <runs>7 35 14</runs>
            <runs>0 1 7 33 14</runs>
            <runs>0 1 8 31 14</runs>
            <runs>0 1 9 27 16</runs>
            <runs>0 1 11 23 17</runs>
            <runs>0 1 13 18 19</runs>
            <runs>0 1 49</runs>
            <runs>0 1 48</runs>
            <runs>0 5 43</runs>
            <runs>0 6 41</runs>
            <runs>0 7 39</runs>
            <runs>0 8 38</runs>
            <runs>0 9 36</runs>
            <runs>0 9 36</runs>
            <runs>0 11 28</runs>
            <runs>0 13 24</runs>
            <runs>0 15 18</runs>
            <runs>0 17 13</runs>
            <runs></runs>
            <runs></runs>
            <runs>0 33 1</runs>
            <runs>0 11 5 15 5</runs>
            <runs>0 11 6 13 8</runs>
            <runs>0 10 8 12 8</runs>
            <runs>0 10 8 12 8</runs>
            <runs>0 10 8 12 8</runs>
            <runs>0 10 8 12 8</runs>
            <runs>0 10 8 13 7</runs>
            <runs>0 11 6 14 6</runs>
            <runs>0 12 3 17 2</runs>
        </run-table>
    </sample>
    <sample shape="FLAT" interline="20" pitch="-1.9" left="287" top="2143" id="490">
        <run-table orientation="VERTICAL" width="21" height="55">
            <runs>0 23 1 7 2 5 1 9 7</runs>
            <runs>0 1 54</runs>
            <runs>54</runs>
            <runs>54</runs>
            <runs>39</runs>
            <runs>0 1 14 2 2 1 1 5 7</runs>
            <runs></runs>
            <runs>0 45 7</runs>
            <runs>0 44 8</runs>
            <runs>0 43 9</runs>
            <runs>0 25 7 10 9</runs>
            <runs>0 25 7 8 8</runs>
            <runs>0 25 7 6 9</runs>
            <runs>0 25 21</runs>
            <runs>0 25 20</runs>
            <runs>0 25 18</runs>
            <runs>0 26 16</runs>
            <runs>0 26 16</runs>
            <runs>0 27 12</runs>
            <runs>0 28 9</runs>
            <runs>0 32 2</runs>
        </run-table>
    </sample>
    <sample shape="FLAT" interline="20" pitch="2.3" left="304" top="2185" id="492">
        <run-table orientation="VERTICAL" width="21" height="55">
            <runs>0 45 1</runs>
            <runs>0 25 1 1 28</runs>
            <runs>0 6 8 3 38</runs>
            <runs>0 1 53</runs>
            <runs>54</runs>
            <runs>18 3 1 1 13</runs>
            <runs>9</runs>
            <runs></runs>
            <runs>0 44 7</runs>
            <runs>0 43 8</runs>
            <runs>0 42 9</runs>
            <runs>0 40 11</runs>
            <runs>0 24 1 14 12</runs>
            <runs>0 24 7 5 10</runs>
            <runs>0 24 20</runs>
            <runs>0 24 19</runs>
            <runs>0 24 18</runs>
            <runs>0 25 16</runs>
            <runs>0 26 14</runs>
            <runs>0 27 12</runs>
            <runs>0 27 10</runs>
        </run-table>
    </sample>
</samples>
