<?xml version="1.0" encoding="UTF-8" standalone="yes"?>
<samples sheet-name="IMSLP00003#13">
    <sample shape="G_CLEF" interline="22" pitch="0.6" left="136" top="212" id="233">
        <run-table orientation="VERTICAL" width="54" height="153">
            <runs>0 87 4</runs>
            <runs>0 80 17</runs>
            <runs>0 77 22</runs>
            <runs>0 72 30</runs>
            <runs>0 71 34</runs>
            <runs>0 69 38</runs>
            <runs>0 68 40</runs>
            <runs>0 66 43</runs>
            <runs>0 65 22 7 16</runs>
            <runs>0 63 20 18 11 25 1</runs>
            <runs>0 62 19 23 9 22 9</runs>
            <runs>0 61 19 26 7 21 13</runs>
            <runs>0 60 17 30 11 14 16</runs>
            <runs>0 58 19 32 9 14 16</runs>
            <runs>0 58 19 33 8 13 19</runs>
            <runs>0 57 18 14 2 20 7 12 21</runs>
            <runs>0 56 19 12 12 13 3 15 21</runs>
            <runs>0 55 16 14 16 11 3 15 21</runs>
            <runs>0 54 16 13 20 10 2 15 22</runs>
            <runs>0 50 19 12 23 10 1 15 22</runs>
            <runs>0 50 18 12 11 2 12 25 22</runs>
            <runs>0 23 20 8 16 12 11 12 4 24 22</runs>
            <runs>0 22 23 6 16 10 11 16 3 23 22</runs>
            <runs>0 21 27 2 16 11 10 18 2 24 14 2 6</runs>
            <runs>0 20 45 12 9 46 13 3 4</runs>
            <runs>0 18 22 6 23 3 13 47 2 2 8 5 4</runs>
            <runs>0 15 17 16 37 48 1 3 4 8 4</runs>
            <runs>0 14 18 15 37 65 4</runs>
            <runs>0 11 15 20 15 5 2 1 20 60 3</runs>
            <runs>0 10 14 21 15 12 26 50 4</runs>
            <runs>0 8 14 22 15 13 33 42 5</runs>
            <runs>0 6 14 23 16 13 11 4 32 28 4</runs>
            <runs>0 6 12 24 18 12 11 8 30 24 5</runs>
            <runs>0 5 12 23 17 15 11 21 1 1 23 14 7</runs>
            <runs>0 4 12 24 15 18 10 29 37</runs>
            <runs>0 2 13 23 17 17 11 31 34</runs>
            <runs>0 1 13 23 17 18 11 38 25</runs>
            <runs>12 23 19 19 10 43 2 1 15</runs>
            <runs>12 21 21 18 12 28 7 19 3</runs>
            <runs>11 17 20 24 13 27 7</runs>
            <runs>0 1 10 17 19 26 12 26 8</runs>
            <runs>0 3 10 12 20 27 14 24 9</runs>
            <runs>0 4 13 5 20 30 15 22 5</runs>
            <runs>0 7 34 31 16 20 6</runs>
            <runs>0 11 27 39 12 17 7</runs>
            <runs>0 13 22 43 14 11 9</runs>
            <runs>0 19 1 2 10 47 19 2 11</runs>
            <runs>0 80 30</runs>
            <runs>0 81 28</runs>
            <runs>0 81 26</runs>
            <runs>0 83 23</runs>
            <runs>0 85 19</runs>
            <runs>0 88 12</runs>
            <runs>0 90 7</runs>
        </run-table>
    </sample>
    <sample shape="G_CLEF" interline="22" pitch="0.4" left="137" top="734" id="336">
        <run-table orientation="VERTICAL" width="51" height="154">
            <runs>0 88 1</runs>
            <runs>0 80 18</runs>
            <runs>0 78 22</runs>
            <runs>0 74 29</runs>
            <runs>0 74 31</runs>
            <runs>0 72 35</runs>
            <runs>0 70 38</runs>
            <runs>0 68 21 6 15</runs>
            <runs>0 66 18 21 7</runs>
            <runs>0 64 18 24 7</runs>
            <runs>0 63 18 27 5 24 7</runs>
            <runs>0 63 15 31 5 20 12</runs>
            <runs>0 61 16 33 5 19 13</runs>
            <runs>0 60 17 35 7 13 16</runs>
            <runs>0 59 18 35 7 12 19</runs>
            <runs>0 58 19 11 2 1 7 15 2 16 20</runs>
            <runs>0 56 16 14 13 15 1 16 20</runs>
            <runs>0 56 15 13 17 30 21</runs>
            <runs>0 32 3 17 18 13 20 28 21</runs>
            <runs>0 26 17 9 17 13 10 8 5 27 21</runs>
            <runs>0 22 27 3 16 13 9 13 2 27 21</runs>
            <runs>0 19 48 13 9 16 1 26 15 2 4</runs>
            <runs>0 16 50 7 15 17 3 25 14 3 3</runs>
            <runs>0 14 20 14 19 6 14 19 1 26 13 4 3</runs>
            <runs>0 12 21 15 38 49 11 4 3</runs>
            <runs>0 10 16 21 39 50 8 6 4</runs>
            <runs>0 8 16 22 17 6 16 54 1 10 3</runs>
            <runs>0 7 16 22 16 12 17 60 3</runs>
            <runs>0 6 15 23 16 14 19 56 4</runs>
            <runs>0 5 14 24 16 15 10 4 12 48 5</runs>
            <runs>0 3 14 25 16 16 10 10 15 38 5</runs>
            <runs>0 1 15 24 16 18 10 11 25 27 5</runs>
            <runs>0 1 14 24 16 19 10 20 19 22 6</runs>
            <runs>14 23 18 19 10 25 22 10 9</runs>
            <runs>0 1 12 17 25 19 10 30 35</runs>
            <runs>0 1 11 18 25 19 10 30 34</runs>
            <runs>0 4 9 17 20 24 10 43 18</runs>
            <runs>0 7 10 10 21 25 12 48 10</runs>
            <runs>0 8 38 27 12</runs>
            <runs>0 10 33 30 13 26 7</runs>
            <runs>0 12 30 32 12 24 9</runs>
            <runs>0 17 19 37 14 22 6</runs>
            <runs>0 78 10 20 6</runs>
            <runs>0 79 11 16 7</runs>
            <runs>0 79 13 12 8</runs>
            <runs>0 80 19 1 12</runs>
            <runs>0 81 29</runs>
            <runs>0 82 27</runs>
            <runs>0 83 25</runs>
            <runs>0 85 20</runs>
            <runs>0 87 15</runs>
        </run-table>
    </sample>
    <sample shape="G_CLEF" interline="22" pitch="0.5" left="139" top="1270" id="396">
        <run-table orientation="VERTICAL" width="50" height="153">
            <runs>0 85 4</runs>
            <runs>0 78 20</runs>
            <runs>0 73 29</runs>
            <runs>0 72 31</runs>
            <runs>0 71 34</runs>
            <runs>0 68 39</runs>
            <runs>0 66 42</runs>
            <runs>0 65 19 17 9</runs>
            <runs>0 64 18 21 8</runs>
            <runs>0 63 17 26 6 26 2</runs>
            <runs>0 62 15 30 6 21 11</runs>
            <runs>0 61 15 33 5 18 14</runs>
            <runs>0 59 16 35 4 17 17</runs>
            <runs>0 57 18 36 3 17 18</runs>
            <runs>0 56 16 40 2 17 18</runs>
            <runs>0 55 16 16 10 16 1 17 19</runs>
            <runs>0 54 16 14 16 31 20</runs>
            <runs>0 51 17 14 19 30 20</runs>
            <runs>0 26 16 9 16 13 12 1 10 27 22</runs>
            <runs>0 21 27 3 15 13 11 11 3 27 21</runs>
            <runs>0 18 48 13 9 43 21</runs>
            <runs>0 16 49 12 10 45 15 2 3</runs>
            <runs>0 13 19 14 19 12 10 45 14 3 3</runs>
            <runs>0 11 21 15 21 4 12 49 11 5 4</runs>
            <runs>0 9 15 23 37 50 9 6 3</runs>
            <runs>0 8 14 23 16 4 2 1 16 51 6 8 3</runs>
            <runs>0 5 15 24 16 13 12 64 3</runs>
            <runs>0 4 14 25 15 15 18 57 4</runs>
            <runs>0 3 13 25 16 16 10 4 11 50 3</runs>
            <runs>0 2 13 25 16 17 9 8 15 42 4</runs>
            <runs>13 25 17 18 9 12 19 34 3</runs>
            <runs>12 25 17 19 9 22 15 15 1 10 5</runs>
            <runs>11 24 19 19 9 27 20 5 1 7 7</runs>
            <runs>10 23 21 19 9 30 36</runs>
            <runs>0 2 8 19 20 24 9 39 26</runs>
            <runs>0 3 8 17 20 25 9 45 18</runs>
            <runs>0 6 7 13 19 28 10 47 1 2 11</runs>
            <runs>0 8 34 31 10 28 7</runs>
            <runs>0 11 29 33 11 27 7</runs>
            <runs>0 15 23 35 11 26 4</runs>
            <runs>0 21 12 40 12 24 4</runs>
            <runs>0 77 9 21 5</runs>
            <runs>0 77 11 18 5</runs>
            <runs>0 78 11 15 7</runs>
            <runs>0 79 18 4 9</runs>
            <runs>0 80 29</runs>
            <runs>0 81 27</runs>
            <runs>0 83 23</runs>
            <runs>0 85 19</runs>
            <runs>0 87 14</runs>
        </run-table>
    </sample>
    <sample shape="G_CLEF" interline="22" pitch="0.4" left="134" top="1777" id="488">
        <run-table orientation="VERTICAL" width="52" height="154">
            <runs>0 85 1</runs>
            <runs>0 83 11 1 2</runs>
            <runs>0 76 25</runs>
            <runs>0 76 28</runs>
            <runs>0 73 33</runs>
            <runs>0 71 36</runs>
            <runs>0 66 1 2 40</runs>
            <runs>0 66 45</runs>
            <runs>0 66 23 8 14</runs>
            <runs>0 65 20 19 9</runs>
            <runs>0 62 21 24 7</runs>
            <runs>0 61 19 28 7 22 8</runs>
            <runs>0 61 19 29 7 19 12</runs>
            <runs>0 59 22 30 5 18 15</runs>
            <runs>0 58 23 31 5 16 17</runs>
            <runs>0 54 20 14 12 13 4 15 19</runs>
            <runs>0 54 19 13 14 14 8 10 19</runs>
            <runs>0 54 18 11 19 13 7 9 21</runs>
            <runs>0 27 14 13 16 12 23 10 7 9 21</runs>
            <runs>0 21 25 7 16 7 18 1 10 26 22</runs>
            <runs>0 17 52 7 16 5 10 25 21</runs>
            <runs>0 16 52 8 15 12 4 25 21</runs>
            <runs>0 13 26 7 22 8 13 15 5 23 15 3 3</runs>
            <runs>0 11 19 18 23 4 12 19 3 24 14 3 4</runs>
            <runs>0 10 16 21 40 46 13 4 3</runs>
            <runs>0 7 17 22 41 48 10 5 4</runs>
            <runs>0 6 15 23 18 5 20 50 6 7 3</runs>
            <runs>0 5 14 24 17 14 16 60 3</runs>
            <runs>0 4 13 25 17 16 26 48 4</runs>
            <runs>0 2 14 25 18 16 26 48 4</runs>
            <runs>0 1 14 24 19 16 10 7 19 38 4</runs>
            <runs>13 24 20 17 10 12 26 26 4</runs>
            <runs>13 19 25 17 10 19 19 24 6</runs>
            <runs>0 1 11 20 25 17 10 24 21 14 7</runs>
            <runs>0 2 10 20 19 23 10 29 23 4 9</runs>
            <runs>0 4 10 16 20 25 9 30 34</runs>
            <runs>0 7 10 1 2 5 22 28 10 29 8 4 21</runs>
            <runs>0 9 35 31 10 29 4 13 14</runs>
            <runs>0 12 29 34 10 28 4</runs>
            <runs>0 14 24 38 10 26 4</runs>
            <runs>0 21 15 40 11 23 6</runs>
            <runs>0 76 12 22 5</runs>
            <runs>0 76 14 18 7</runs>
            <runs>0 76 15 15 8</runs>
            <runs>0 76 18 10 9</runs>
            <runs>0 80 31</runs>
            <runs>0 81 29</runs>
            <runs>0 83 25</runs>
            <runs>0 84 23</runs>
            <runs>0 87 18</runs>
            <runs>0 89 14</runs>
            <runs>0 92 1</runs>
        </run-table>
    </sample>
    <sample shape="G_CLEF" interline="22" pitch="0.5" left="132" top="2338" id="553">
        <run-table orientation="VERTICAL" width="51" height="154">
            <runs>0 82 2 1 14</runs>
            <runs>0 80 22</runs>
            <runs>0 74 31</runs>
            <runs>0 74 33</runs>
            <runs>0 72 37</runs>
            <runs>0 71 39</runs>
            <runs>0 69 19 7 16</runs>
            <runs>0 67 17 19 10</runs>
            <runs>0 65 17 24 7 24 9</runs>
            <runs>0 64 16 29 6 20 13</runs>
            <runs>0 63 15 33 5 18 15</runs>
            <runs>0 62 15 34 10 12 17</runs>
            <runs>0 60 17 35 8 12 19</runs>
            <runs>0 58 19 36 7 12 20</runs>
            <runs>0 58 15 18 8 15 3 15 20</runs>
            <runs>0 57 15 14 16 13 2 15 21</runs>
            <runs>0 56 15 13 19 12 2 15 21</runs>
            <runs>0 52 18 13 22 11 1 15 22</runs>
            <runs>0 52 16 14 10 9 5 10 1 15 17 1 3</runs>
            <runs>0 28 15 9 15 14 10 13 3 26 15 2 4</runs>
            <runs>0 23 26 2 16 13 10 15 3 25 15 3 3</runs>
            <runs>0 20 46 13 9 18 3 25 13 4 3</runs>
            <runs>0 17 49 12 9 48 10 6 3</runs>
            <runs>0 14 21 13 22 4 12 52 5 8 3</runs>
            <runs>0 13 20 15 38 64 4</runs>
            <runs>0 11 15 21 16 2 21 64 3</runs>
            <runs>0 9 15 22 16 10 18 60 3</runs>
            <runs>0 8 14 23 15 14 26 49 4</runs>
            <runs>0 6 14 23 16 15 11 1 20 42 4</runs>
            <runs>0 5 13 24 16 16 10 9 20 34 4</runs>
            <runs>0 4 13 25 15 17 10 17 23 22 5</runs>
            <runs>0 2 13 25 15 19 10 22 2 2 26 6 8</runs>
            <runs>0 1 13 24 17 19 10 31 34</runs>
            <runs>12 25 18 19 10 32 31</runs>
            <runs>11 24 20 19 10 31 6 5 20</runs>
            <runs>0 1 10 18 26 19 10 31 6 19 3</runs>
            <runs>0 3 8 18 20 25 11 29 7</runs>
            <runs>0 4 9 15 18 28 12 28 7</runs>
            <runs>0 7 10 7 20 30 12 26 8</runs>
            <runs>0 11 31 32 13 25 5</runs>
            <runs>0 12 27 39 11 21 6</runs>
            <runs>0 16 18 44 11 20 7</runs>
            <runs>0 79 13 15 8</runs>
            <runs>0 80 19 6 9</runs>
            <runs>0 81 32</runs>
            <runs>0 82 29</runs>
            <runs>0 83 27</runs>
            <runs>0 84 23</runs>
            <runs>0 86 19</runs>
            <runs>0 88 15</runs>
            <runs>0 91 9</runs>
        </run-table>
    </sample>
    <sample shape="G_CLEF" interline="22" pitch="0.5" left="130" top="2870" id="614">
        <run-table orientation="VERTICAL" width="52" height="155">
            <runs>0 84 16</runs>
            <runs>0 80 20</runs>
            <runs>0 74 31</runs>
            <runs>0 74 32 2 1</runs>
            <runs>0 72 38</runs>
            <runs>0 70 40</runs>
            <runs>0 68 43</runs>
            <runs>0 66 22 14 10</runs>
            <runs>0 65 20 21 7</runs>
            <runs>0 64 19 25 6</runs>
            <runs>0 62 19 28 6 22 9</runs>
            <runs>0 61 17 33 6 19 11</runs>
            <runs>0 60 18 35 4 17 15</runs>
            <runs>0 59 18 36 4 16 17</runs>
            <runs>0 57 20 37 7 12 19</runs>
            <runs>0 57 15 16 12 15 2 15 21</runs>
            <runs>0 53 18 14 17 13 2 15 21</runs>
            <runs>0 53 17 14 20 12 1 14 23</runs>
            <runs>0 52 17 13 24 10 1 15 22</runs>
            <runs>0 27 13 2 3 7 16 13 11 4 11 9 1 15 22</runs>
            <runs>0 23 26 3 16 12 10 14 4 25 16 1 4</runs>
            <runs>0 19 48 12 11 15 4 24 16 2 3</runs>
            <runs>0 16 23 3 24 8 14 19 2 25 14 3 4</runs>
            <runs>0 14 20 14 20 6 13 47 13 4 4</runs>
            <runs>0 12 16 20 39 48 12 4 4</runs>
            <runs>0 9 16 21 41 50 8 6 3</runs>
            <runs>0 8 16 21 17 10 17 50 4 8 4</runs>
            <runs>0 7 14 23 17 13 17 3 2 55 3</runs>
            <runs>0 6 14 24 16 14 26 50 4</runs>
            <runs>0 5 13 26 14 16 10 7 13 2 3 40 5</runs>
            <runs>0 3 13 25 16 17 10 10 20 35 5</runs>
            <runs>0 1 14 24 17 18 10 18 21 25 6</runs>
            <runs>0 1 13 24 18 19 9 23 22 18 6</runs>
            <runs>13 22 21 19 9 30 16 14 8</runs>
            <runs>11 23 21 20 9 32 34</runs>
            <runs>0 1 10 20 19 25 10 38 26</runs>
            <runs>0 2 10 18 18 27 10 45 18</runs>
            <runs>0 5 10 13 18 28 12 47 12</runs>
            <runs>0 7 11 4 22 30 14 26 7</runs>
            <runs>0 10 32 32 14 24 5</runs>
            <runs>0 13 25 37 14 22 5</runs>
            <runs>0 18 15 42 14 21 5</runs>
            <runs>0 26 2 47 16 18 6</runs>
            <runs>0 79 13 15 7</runs>
            <runs>0 80 13 11 9</runs>
            <runs>0 81 31</runs>
            <runs>0 82 29</runs>
            <runs>0 83 26</runs>
            <runs>0 85 23</runs>
            <runs>0 87 19</runs>
            <runs>0 89 15</runs>
            <runs>0 93 1 5 2</runs>
        </run-table>
    </sample>
    <sample shape="F_CLEF" interline="22" pitch="-1.6" left="140" top="464" id="294">
        <run-table orientation="VERTICAL" width="53" height="70">
            <runs>0 13 13 36 8</runs>
            <runs>0 10 16 36 3</runs>
            <runs>0 8 9 2 8 35 3</runs>
            <runs>0 7 6 7 7 34 4</runs>
            <runs>0 6 5 8 9 33 4</runs>
            <runs>0 5 4 9 10 32 4</runs>
            <runs>8 9 12 31 4</runs>
            <runs>7 10 12 30 4</runs>
            <runs>7 10 12 29 5</runs>
            <runs>0 16 13 29 5</runs>
            <runs>0 17 12 28 6</runs>
            <runs>0 17 11 28 6</runs>
            <runs>0 17 10 29 6</runs>
            <runs>0 19 8 28 6</runs>
            <runs>0 20 2 32 7</runs>
            <runs>0 53 7</runs>
            <runs>0 53 7</runs>
            <runs>0 52 7</runs>
            <runs>0 51 7</runs>
            <runs>0 50 8</runs>
            <runs>0 45 12</runs>
            <runs>0 4 1 40 11</runs>
            <runs>0 4 1 40 11</runs>
            <runs>0 4 2 39 10</runs>
            <runs>7 37 10</runs>
            <runs>8 34 12</runs>
            <runs>9 31 13</runs>
            <runs>10 29 13</runs>
            <runs>12 24 15</runs>
            <runs>18 15 17</runs>
            <runs>49</runs>
            <runs>48</runs>
            <runs>0 5 43</runs>
            <runs>0 6 42</runs>
            <runs>0 8 40</runs>
            <runs>0 9 33</runs>
            <runs>0 9 31</runs>
            <runs>0 11 27</runs>
            <runs>0 12 25</runs>
            <runs>0 16 18</runs>
            <runs>0 19 13</runs>
            <runs></runs>
            <runs>0 9 3</runs>
            <runs>0 8 6</runs>
            <runs>0 8 6 15 4</runs>
            <runs>0 7 8 13 6</runs>
            <runs>0 7 8 12 8</runs>
            <runs>0 7 8 11 9</runs>
            <runs>0 8 7 8 12</runs>
            <runs>0 9 5 13 8</runs>
            <runs>0 9 3 15 8</runs>
            <runs>0 28 6</runs>
            <runs>0 29 4</runs>
        </run-table>
    </sample>
    <sample shape="F_CLEF" interline="22" pitch="-1.5" left="135" top="1518" id="465">
        <run-table orientation="VERTICAL" width="54" height="65">
            <runs>0 61 4</runs>
            <runs>0 61 4</runs>
            <runs>0 61 4</runs>
            <runs>0 15 6 40 3</runs>
            <runs>0 12 13 36 3</runs>
            <runs>0 9 16 35 4</runs>
            <runs>0 8 7 1 10 34 4</runs>
            <runs>0 7 5 6 9 32 4</runs>
            <runs>0 6 4 8 9 32 4</runs>
            <runs>0 5 3 9 11 30 4</runs>
            <runs>0 4 3 9 12 30 4</runs>
            <runs>0 4 2 10 12 29 5</runs>
            <runs>0 4 1 11 12 29 4</runs>
            <runs>0 4 1 11 12 28 5</runs>
            <runs>0 16 11 28 5</runs>
            <runs>0 17 10 28 5</runs>
            <runs>0 17 9 28 5</runs>
            <runs>0 19 7 27 6</runs>
            <runs>0 52 6</runs>
            <runs>0 51 7</runs>
            <runs>0 50 8</runs>
            <runs>0 50 7</runs>
            <runs>0 44 12</runs>
            <runs>0 45 10</runs>
            <runs>0 45 9</runs>
            <runs>0 4 1 39 10</runs>
            <runs>0 4 2 37 10</runs>
            <runs>0 4 3 35 11</runs>
            <runs>8 33 11</runs>
            <runs>9 29 13</runs>
            <runs>10 26 14</runs>
            <runs>15 18 16</runs>
            <runs>18 10 20</runs>
            <runs>0 5 43</runs>
            <runs>0 6 41</runs>
            <runs>0 7 40</runs>
            <runs>0 8 35</runs>
            <runs>0 9 33</runs>
            <runs>0 10 29</runs>
            <runs>0 11 26</runs>
            <runs>0 13 22</runs>
            <runs>0 15 18</runs>
            <runs>0 18 12</runs>
            <runs></runs>
            <runs></runs>
            <runs>0 11 3</runs>
            <runs>0 10 6 14 5</runs>
            <runs>0 9 7 13 7</runs>
            <runs>0 9 8 11 9</runs>
            <runs>0 9 8 11 9</runs>
            <runs>0 9 7 13 8</runs>
            <runs>0 10 6 14 7</runs>
            <runs>0 11 4 15 6</runs>
            <runs>0 32 1</runs>
        </run-table>
    </sample>
    <sample shape="F_CLEF" interline="22" pitch="-1.5" left="131" top="2076" id="527">
        <run-table orientation="VERTICAL" width="53" height="65">
            <runs>0 62 3</runs>
            <runs>0 61 4</runs>
            <runs>0 13 13 35 4</runs>
            <runs>0 11 15 34 5</runs>
            <runs>0 9 17 34 4</runs>
            <runs>0 7 9 1 10 33 4</runs>
            <runs>0 6 6 6 10 31 5</runs>
            <runs>0 6 4 7 11 31 4</runs>
            <runs>8 8 12 30 6</runs>
            <runs>7 9 13 29 5</runs>
            <runs>0 4 2 10 13 29 5</runs>
            <runs>0 4 1 11 13 28 5</runs>
            <runs>0 4 1 10 13 28 5</runs>
            <runs>0 15 13 28 5</runs>
            <runs>0 16 12 27 5</runs>
            <runs>0 17 10 28 5</runs>
            <runs>0 18 8 27 6</runs>
            <runs>0 52 7</runs>
            <runs>0 52 6</runs>
            <runs>0 51 7</runs>
            <runs>0 3 1 46 7</runs>
            <runs>0 3 1 45 7</runs>
            <runs>0 3 1 40 12</runs>
            <runs>0 3 2 39 11</runs>
            <runs>0 3 2 39 10</runs>
            <runs>0 3 3 37 10</runs>
            <runs>7 35 10</runs>
            <runs>8 32 12</runs>
            <runs>9 29 13</runs>
            <runs>12 23 15</runs>
            <runs>14 18 17</runs>
            <runs>48</runs>
            <runs>0 4 43</runs>
            <runs>0 5 42</runs>
            <runs>0 6 41</runs>
            <runs>0 7 41</runs>
            <runs>0 8 34</runs>
            <runs>0 9 30</runs>
            <runs>0 10 28</runs>
            <runs>0 13 23</runs>
            <runs>0 14 19</runs>
            <runs>0 17 14</runs>
            <runs></runs>
            <runs></runs>
            <runs>0 10 5</runs>
            <runs>0 9 7 14 5</runs>
            <runs>0 8 8 12 8</runs>
            <runs>0 8 8 12 8</runs>
            <runs>0 8 9 11 8</runs>
            <runs>0 9 7 11 9</runs>
            <runs>0 9 7 12 8</runs>
            <runs>0 10 4 15 7</runs>
            <runs>0 31 4</runs>
        </run-table>
    </sample>
    <sample shape="F_CLEF" interline="22" pitch="-1.4" left="128" top="2598" id="588">
        <run-table orientation="VERTICAL" width="52" height="63">
            <runs>0 59 4</runs>
            <runs>0 18 1 40 4</runs>
            <runs>0 12 13 34 3</runs>
            <runs>0 8 17 33 4</runs>
            <runs>0 7 7 1 11 32 4</runs>
            <runs>0 5 5 7 9 31 5</runs>
            <runs>0 4 3 9 10 31 4</runs>
            <runs>0 4 3 8 12 29 5</runs>
            <runs>0 3 3 9 12 29 5</runs>
            <runs>0 3 2 10 12 28 6</runs>
            <runs>0 3 1 10 13 28 5</runs>
            <runs>0 14 13 28 5</runs>
            <runs>0 14 12 28 5</runs>
            <runs>0 15 11 28 4</runs>
            <runs>0 16 9 28 5</runs>
            <runs>0 18 7 27 5</runs>
            <runs>0 51 6</runs>
            <runs>0 51 5</runs>
            <runs>0 50 6</runs>
            <runs>0 49 6</runs>
            <runs>0 48 7</runs>
            <runs>0 44 10</runs>
            <runs>0 44 9</runs>
            <runs>0 44 9</runs>
            <runs>0 3 1 39 9</runs>
            <runs>0 3 2 36 10</runs>
            <runs>0 3 2 35 10</runs>
            <runs>0 3 3 31 13</runs>
            <runs>8 28 13</runs>
            <runs>10 23 15</runs>
            <runs>13 16 18</runs>
            <runs>0 3 44</runs>
            <runs>0 4 42</runs>
            <runs>0 5 41</runs>
            <runs>0 6 40</runs>
            <runs>0 6 35</runs>
            <runs>0 7 32</runs>
            <runs>0 9 29</runs>
            <runs>0 11 24</runs>
            <runs>0 13 21</runs>
            <runs>0 16 13</runs>
            <runs></runs>
            <runs></runs>
            <runs></runs>
            <runs>0 10 3</runs>
            <runs>0 8 6 15 6</runs>
            <runs>0 8 7 13 7</runs>
            <runs>0 8 7 13 8</runs>
            <runs>0 8 7 13 8</runs>
            <runs>0 8 7 13 8</runs>
            <runs>0 9 6 14 6</runs>
            <runs>0 11 2 17 4</runs>
        </run-table>
    </sample>
    <sample shape="F_CLEF" interline="22" pitch="-1.5" left="125" top="3130" id="646">
        <run-table orientation="VERTICAL" width="56" height="64">
            <runs>0 62 2</runs>
            <runs>0 62 2</runs>
            <runs>0 61 3</runs>
            <runs>0 61 3</runs>
            <runs>0 13 11 36 3</runs>
            <runs>0 10 15 35 3</runs>
            <runs>0 9 16 35 3</runs>
            <runs>0 7 6 5 8 33 4</runs>
            <runs>0 6 4 7 10 32 3</runs>
            <runs>0 4 4 8 12 30 4</runs>
            <runs>0 4 3 8 13 29 5</runs>
            <runs>0 4 2 9 13 29 4</runs>
            <runs>0 4 2 9 13 29 4</runs>
            <runs>0 4 1 10 13 28 4</runs>
            <runs>0 15 12 29 4</runs>
            <runs>0 15 12 28 5</runs>
            <runs>0 16 10 28 5</runs>
            <runs>0 17 9 28 5</runs>
            <runs>0 19 2 32 5</runs>
            <runs>0 52 6</runs>
            <runs>0 51 6</runs>
            <runs>0 50 7</runs>
            <runs>0 49 8</runs>
            <runs>0 48 8</runs>
            <runs>0 44 11</runs>
            <runs>0 44 10</runs>
            <runs>0 44 9</runs>
            <runs>0 4 1 38 10</runs>
            <runs>0 4 2 34 12</runs>
            <runs>7 32 12</runs>
            <runs>8 30 12</runs>
            <runs>10 26 13</runs>
            <runs>11 23 14</runs>
            <runs>16 2 2 10 17</runs>
            <runs>0 4 43</runs>
            <runs>0 4 43</runs>
            <runs>0 5 42</runs>
            <runs>0 6 37</runs>
            <runs>0 7 34</runs>
            <runs>0 8 32</runs>
            <runs>0 9 29</runs>
            <runs>0 10 26</runs>
            <runs>0 10 25</runs>
            <runs>0 12 1 3 14</runs>
            <runs></runs>
            <runs></runs>
            <runs></runs>
            <runs>0 10 4</runs>
            <runs>0 8 7 14 5</runs>
            <runs>0 8 8 12 7</runs>
            <runs>0 8 8 12 7</runs>
            <runs>0 8 8 12 7</runs>
            <runs>0 9 7 11 8</runs>
            <runs>0 9 6 13 7</runs>
            <runs>0 11 2 16 6</runs>
            <runs>0 30 3</runs>
        </run-table>
    </sample>
    <sample shape="SHARP" interline="22" pitch="-3.9" left="202" top="209" id="234">
        <run-table orientation="VERTICAL" width="25" height="64">
            <runs>0 46 10</runs>
            <runs>0 24 10 10 12</runs>
            <runs>0 23 11 10 12</runs>
            <runs>0 22 12 9 13</runs>
            <runs>0 22 13 7 14</runs>
            <runs>0 8 2 5 49</runs>
            <runs>0 7 57</runs>
            <runs>0 7 56</runs>
            <runs>0 12 1 6 10 1 7 2 12</runs>
            <runs>0 19 9 12 10</runs>
            <runs>0 19 8 12 11</runs>
            <runs>0 18 9 12 10</runs>
            <runs>0 18 9 11 11</runs>
            <runs>0 17 10 11 10</runs>
            <runs>0 17 9 11 10</runs>
            <runs>0 16 10 11 11 1 7</runs>
            <runs>0 14 44</runs>
            <runs>58</runs>
            <runs>46 5 2</runs>
            <runs>0 1 7 5 10 12 10</runs>
            <runs>0 13 10 12 9</runs>
            <runs>0 13 9 9 13</runs>
            <runs>0 13 9 9 12</runs>
            <runs>0 13 8 10 11</runs>
            <runs>0 16 1</runs>
        </run-table>
    </sample>
    <sample shape="SHARP" interline="22" pitch="-1.0" left="224" top="239" id="301">
        <run-table orientation="VERTICAL" width="24" height="70">
            <runs>0 45 9</runs>
            <runs>0 23 10 11 10</runs>
            <runs>0 23 10 11 10</runs>
            <runs>0 23 10 11 10</runs>
            <runs>0 23 10 11 10 10 1</runs>
            <runs>0 16 5 1 15 4 29</runs>
            <runs>0 9 61</runs>
            <runs>0 8 29 4 12 3 1</runs>
            <runs>0 22 9 11 9</runs>
            <runs>0 22 9 11 9</runs>
            <runs>0 21 9 12 9</runs>
            <runs>0 21 8 12 9</runs>
            <runs>0 21 8 12 9</runs>
            <runs>0 20 9 11 9</runs>
            <runs>0 19 10 11 9</runs>
            <runs>0 19 10 10 11 1 9</runs>
            <runs>0 15 45</runs>
            <runs>59</runs>
            <runs>30 2 3 1 12</runs>
            <runs>0 4 2 8 12 12 10</runs>
            <runs>0 16 10 11 11</runs>
            <runs>0 16 9 12 11</runs>
            <runs>0 15 10 12 11</runs>
            <runs>0 16 10</runs>
        </run-table>
    </sample>
    <sample shape="SHARP" interline="22" pitch="-5.0" left="249" top="198" id="302">
        <run-table orientation="VERTICAL" width="24" height="67">
            <runs>0 23 2 16 11</runs>
            <runs>0 22 8 11 11</runs>
            <runs>0 22 8 11 11</runs>
            <runs>0 21 9 11 10</runs>
            <runs>0 20 10 10 27</runs>
            <runs>0 6 61</runs>
            <runs>0 5 62</runs>
            <runs>0 5 24 7 1 2 10</runs>
            <runs>0 18 10 12 8</runs>
            <runs>0 18 9 12 9</runs>
            <runs>0 18 8 13 8</runs>
            <runs>0 17 9 12 9</runs>
            <runs>0 17 9 12 9</runs>
            <runs>0 16 9 12 9</runs>
            <runs>0 16 9 12 9</runs>
            <runs>0 16 9 11 21</runs>
            <runs>0 1 1 7 2 1 45</runs>
            <runs>45 3 6</runs>
            <runs>24 3 1 7 9</runs>
            <runs>0 9 2 1 10 12 10</runs>
            <runs>0 13 9 12 11</runs>
            <runs>0 12 9 12 11</runs>
            <runs>0 12 9 12 11</runs>
            <runs>0 12 8</runs>
        </run-table>
    </sample>
    <sample shape="SHARP" interline="22" pitch="-2.1" left="270" top="229" id="303">
        <run-table orientation="VERTICAL" width="25" height="64">
            <runs>0 45 8</runs>
            <runs>0 24 7 14 8</runs>
            <runs>0 23 9 12 9</runs>
            <runs>0 23 8 13 8</runs>
            <runs>0 23 8 12 9 9 2</runs>
            <runs>0 21 14 4 1 1 23</runs>
            <runs>0 7 57</runs>
            <runs>0 6 57</runs>
            <runs>0 6 11 2 10 11 10</runs>
            <runs>0 20 8 12 10</runs>
            <runs>0 19 9 12 9</runs>
            <runs>0 19 8 13 9</runs>
            <runs>0 18 9 12 9</runs>
            <runs>0 18 8 13 9</runs>
            <runs>0 17 9 13 9</runs>
            <runs>0 17 9 12 10 2 2</runs>
            <runs>0 16 12 5 25</runs>
            <runs>0 3 1 3 51</runs>
            <runs>46 2 3</runs>
            <runs>16 1 7 8 13</runs>
            <runs>0 9 15 12 8</runs>
            <runs>0 10 13 10 11</runs>
            <runs>0 10 12 11 10</runs>
            <runs>0 10 12 16 4</runs>
            <runs>0 10 11</runs>
        </run-table>
    </sample>
    <sample shape="SHARP" interline="22" pitch="-2.0" left="203" top="456" id="250">
        <run-table orientation="VERTICAL" width="24" height="63">
            <runs>0 24 9 11 11</runs>
            <runs>0 23 10 11 11</runs>
            <runs>0 22 11 10 12</runs>
            <runs>0 22 11 10 12</runs>
            <runs>0 7 26 9 13</runs>
            <runs>0 6 57</runs>
            <runs>0 6 57</runs>
            <runs>0 6 2 5 21 4 24</runs>
            <runs>0 18 10 11 11</runs>
            <runs>0 18 10 11 10</runs>
            <runs>0 18 9 12 9</runs>
            <runs>0 18 9 12 9</runs>
            <runs>0 17 9 12 10</runs>
            <runs>0 17 9 11 10</runs>
            <runs>0 16 10 11 10</runs>
            <runs>27 1 1 6 21</runs>
            <runs>58</runs>
            <runs>46 1 10</runs>
            <runs>4 2 2 5 11 11 9</runs>
            <runs>0 13 10 12 9</runs>
            <runs>0 12 10 12 9</runs>
            <runs>0 12 9 9 13</runs>
            <runs>0 12 9 9 12</runs>
            <runs>0 13 2</runs>
        </run-table>
    </sample>
    <sample shape="SHARP" interline="22" pitch="1.0" left="227" top="486" id="311">
        <run-table orientation="VERTICAL" width="24" height="68">
            <runs>0 30 1 18 5</runs>
            <runs>0 22 11 16 6</runs>
            <runs>0 22 7 1 3 11 11</runs>
            <runs>0 22 11 11 11</runs>
            <runs>0 22 11 10 12</runs>
            <runs>0 9 24 3 1 3 20 3 2</runs>
            <runs>0 8 60</runs>
            <runs>0 9 59</runs>
            <runs>0 13 1 7 10 10 13 9 3</runs>
            <runs>0 21 9 11 11</runs>
            <runs>0 20 10 11 11</runs>
            <runs>0 20 10 11 10</runs>
            <runs>0 19 10 11 10</runs>
            <runs>0 19 9 12 10</runs>
            <runs>0 19 9 11 10</runs>
            <runs>0 18 10 11 10 5 1</runs>
            <runs>33 2 25</runs>
            <runs>60</runs>
            <runs>47 1 12</runs>
            <runs>0 16 10 11 10</runs>
            <runs>0 15 10 12 9</runs>
            <runs>0 15 10 11 10</runs>
            <runs>0 15 10 11 10</runs>
            <runs>0 16 9 11 10</runs>
        </run-table>
    </sample>
    <sample shape="SHARP" interline="22" pitch="-3.1" left="250" top="443" id="312">
        <run-table orientation="VERTICAL" width="24" height="68">
            <runs>0 24 3 18 4 1 2</runs>
            <runs>0 21 11 11 10</runs>
            <runs>0 20 12 11 10</runs>
            <runs>0 21 10 12 10</runs>
            <runs>0 7 4 9 12 11 10</runs>
            <runs>0 6 62</runs>
            <runs>0 6 62</runs>
            <runs>0 6 28 4 30</runs>
            <runs>0 19 10 11 11 6 2</runs>
            <runs>0 19 9 12 9</runs>
            <runs>0 18 10 12 9</runs>
            <runs>0 18 9 12 9</runs>
            <runs>0 17 10 12 9</runs>
            <runs>0 17 9 13 8</runs>
            <runs>0 17 9 12 9</runs>
            <runs>0 16 10 11 11</runs>
            <runs>59</runs>
            <runs>58</runs>
            <runs>25 2 4 2 13 4 2</runs>
            <runs>0 13 10 12 10</runs>
            <runs>0 13 10 12 10</runs>
            <runs>0 13 10 11 11</runs>
            <runs>0 13 10 11 11</runs>
            <runs>0 13 10</runs>
        </run-table>
    </sample>
    <sample shape="SHARP" interline="22" pitch="0.2" left="272" top="476" id="313">
        <run-table orientation="VERTICAL" width="23" height="64">
            <runs>0 24 10 11 11</runs>
            <runs>0 23 11 10 12</runs>
            <runs>0 23 11 10 12</runs>
            <runs>0 22 8 13 13</runs>
            <runs>0 22 8 12 15 4 2</runs>
            <runs>0 7 28 1 28</runs>
            <runs>0 6 58</runs>
            <runs>0 19 10 11 23</runs>
            <runs>0 19 9 12 9</runs>
            <runs>0 19 8 13 9</runs>
            <runs>0 19 8 12 9</runs>
            <runs>0 18 8 13 9</runs>
            <runs>0 18 8 12 9</runs>
            <runs>0 17 8 13 9</runs>
            <runs>0 16 9 12 10</runs>
            <runs>0 15 10 11 15 5 2</runs>
            <runs>0 1 57</runs>
            <runs>58</runs>
            <runs>0 14 9 13 9</runs>
            <runs>0 14 8 14 8</runs>
            <runs>0 14 8 13 9</runs>
            <runs>0 13 9 9 12</runs>
            <runs>0 13 8 10 12</runs>
        </run-table>
    </sample>
    <sample shape="SHARP" interline="22" pitch="-4.2" left="200" top="731" id="377">
        <run-table orientation="VERTICAL" width="25" height="64">
            <runs>0 23 12 9 9</runs>
            <runs>0 22 13 8 10</runs>
            <runs>0 22 13 8 9</runs>
            <runs>0 21 15 7 9</runs>
            <runs>0 7 29 5 16 3 3</runs>
            <runs>0 6 58</runs>
            <runs>0 7 56</runs>
            <runs>0 18 11 11 10</runs>
            <runs>0 19 9 12 9</runs>
            <runs>0 18 10 12 9</runs>
            <runs>0 18 10 11 9</runs>
            <runs>0 18 9 12 9</runs>
            <runs>0 17 10 11 10</runs>
            <runs>0 16 10 12 9</runs>
            <runs>0 2 4 9 11 11 10</runs>
            <runs>29 3 26</runs>
            <runs>47 1 10</runs>
            <runs>26 6 13</runs>
            <runs>0 13 10 9 12</runs>
            <runs>0 13 10 9 12</runs>
            <runs>0 13 10 9 11</runs>
            <runs>0 13 9 10 11</runs>
            <runs>0 13 8 17 1</runs>
            <runs>0 16 2</runs>
            <runs>0 16 1</runs>
        </run-table>
    </sample>
    <sample shape="SHARP" interline="22" pitch="-0.8" left="224" top="763" id="378">
        <run-table orientation="VERTICAL" width="23" height="68">
            <runs>0 28 1 15 11</runs>
            <runs>0 22 11 11 11</runs>
            <runs>0 22 11 11 10</runs>
            <runs>0 22 11 11 10</runs>
            <runs>0 22 11 11 12 3 1</runs>
            <runs>0 10 58</runs>
            <runs>0 9 58</runs>
            <runs>0 22 10 10 14 3 8</runs>
            <runs>0 21 10 11 9</runs>
            <runs>0 21 9 12 9</runs>
            <runs>0 21 8 13 8</runs>
            <runs>0 20 9 12 9</runs>
            <runs>0 19 9 13 8</runs>
            <runs>0 19 9 12 9</runs>
            <runs>0 18 10 12 9</runs>
            <runs>0 17 12 9 14 4 4</runs>
            <runs>60</runs>
            <runs>29 3 17 1 9</runs>
            <runs>0 16 10 12 9</runs>
            <runs>0 16 9 12 10</runs>
            <runs>0 15 10 12 10</runs>
            <runs>0 15 10 11 11</runs>
            <runs>0 15 9 13 10</runs>
        </run-table>
    </sample>
    <sample shape="SHARP" interline="22" pitch="-4.8" left="248" top="723" id="379">
        <run-table orientation="VERTICAL" width="24" height="64">
            <runs>0 44 7</runs>
            <runs>0 23 7 10 13</runs>
            <runs>0 22 9 9 13</runs>
            <runs>0 22 9 9 12</runs>
            <runs>0 21 9 10 12</runs>
            <runs>0 9 22 9 18 2 2</runs>
            <runs>0 6 58</runs>
            <runs>0 7 57</runs>
            <runs>0 19 10 11 10 4 1</runs>
            <runs>0 19 9 12 9</runs>
            <runs>0 18 10 11 10</runs>
            <runs>0 18 9 11 10</runs>
            <runs>0 18 9 11 10</runs>
            <runs>0 17 9 12 10</runs>
            <runs>0 16 10 11 10</runs>
            <runs>0 16 9 12 9</runs>
            <runs>0 1 4 1 21 5 2 2 21</runs>
            <runs>58</runs>
            <runs>45 4 2 1 4</runs>
            <runs>0 14 9 12 9</runs>
            <runs>0 14 9 11 10</runs>
            <runs>0 13 9 12 9</runs>
            <runs>0 13 8 13 9</runs>
            <runs>0 13 8 13 9</runs>
        </run-table>
    </sample>
    <sample shape="SHARP" interline="22" pitch="-1.9" left="270" top="754" id="382">
        <run-table orientation="VERTICAL" width="25" height="63">
            <runs>0 46 1 1 1</runs>
            <runs>0 27 2 15 11</runs>
            <runs>0 23 10 10 12</runs>
            <runs>0 22 11 10 12</runs>
            <runs>0 22 11 10 13</runs>
            <runs>0 21 12 9 14</runs>
            <runs>0 7 11 1 14 5 25</runs>
            <runs>0 6 28 3 26</runs>
            <runs>0 7 2 7 1 2 10 11 10</runs>
            <runs>0 19 9 12 9</runs>
            <runs>0 19 8 13 8</runs>
            <runs>0 18 8 14 8</runs>
            <runs>0 18 8 13 9</runs>
            <runs>0 17 9 13 8</runs>
            <runs>0 17 8 13 9</runs>
            <runs>0 17 8 13 8</runs>
            <runs>0 16 9 12 9</runs>
            <runs>0 3 25 1 28</runs>
            <runs>27 2 17</runs>
            <runs>0 1 22 12 9</runs>
            <runs>0 14 8 13 9</runs>
            <runs>0 14 8 13 8</runs>
            <runs>0 13 9 9 11</runs>
            <runs>0 13 8 14 7</runs>
            <runs>0 13 1 1 3</runs>
        </run-table>
    </sample>
    <sample shape="SHARP" interline="22" pitch="-2.0" left="198" top="960" id="344">
        <run-table orientation="VERTICAL" width="23" height="63">
            <runs>0 23 10 13 9</runs>
            <runs>0 22 11 11 11</runs>
            <runs>0 21 12 10 12</runs>
            <runs>0 20 13 9 13</runs>
            <runs>0 19 15 7 14</runs>
            <runs>0 6 54 1 2</runs>
            <runs>0 5 58</runs>
            <runs>0 6 2 10 10 11 23</runs>
            <runs>0 19 8 12 10</runs>
            <runs>0 18 9 11 11</runs>
            <runs>0 17 10 11 10</runs>
            <runs>0 17 9 12 10</runs>
            <runs>0 16 10 11 10</runs>
            <runs>0 16 9 12 10</runs>
            <runs>0 15 10 11 10</runs>
            <runs>0 2 44</runs>
            <runs>58</runs>
            <runs>25 5 16 2 9</runs>
            <runs>0 5 7 1 10 7 14</runs>
            <runs>0 13 9 12 10</runs>
            <runs>0 12 10 8 13</runs>
            <runs>0 12 9 9 13</runs>
            <runs>0 12 9 12 2 5 2</runs>
        </run-table>
    </sample>
    <sample shape="SHARP" interline="22" pitch="1.0" left="223" top="990" id="387">
        <run-table orientation="VERTICAL" width="24" height="68">
            <runs>0 49 2 2 1</runs>
            <runs>0 22 10 12 11</runs>
            <runs>0 22 11 11 11</runs>
            <runs>0 21 12 11 10</runs>
            <runs>0 8 2 11 12 11 10</runs>
            <runs>0 8 2 2 1 6 14 10 12 6 7</runs>
            <runs>0 8 60</runs>
            <runs>0 8 60</runs>
            <runs>0 10 2 5 13 12 9</runs>
            <runs>0 20 10 12 9</runs>
            <runs>0 20 10 11 10</runs>
            <runs>0 20 9 12 9</runs>
            <runs>0 19 10 12 9</runs>
            <runs>0 19 9 12 10</runs>
            <runs>0 18 10 12 9</runs>
            <runs>0 17 10 12 10</runs>
            <runs>10 7 12 5 26</runs>
            <runs>60</runs>
            <runs>0 10 18 2 2 3 12</runs>
            <runs>0 13 12 12 10</runs>
            <runs>0 13 12 11 11</runs>
            <runs>0 14 11 11 11</runs>
            <runs>0 14 11 11 10</runs>
            <runs>0 14 11 13 1 1 2</runs>
        </run-table>
    </sample>
    <sample shape="SHARP" interline="22" pitch="-3.0" left="243" top="948" id="388">
        <run-table orientation="VERTICAL" width="25" height="67">
            <runs>0 25 2</runs>
            <runs>0 20 9 19 1</runs>
            <runs>0 20 11 11 10</runs>
            <runs>0 19 11 12 10</runs>
            <runs>0 19 11 12 10</runs>
            <runs>0 19 11 12 10</runs>
            <runs>0 7 30 4 11</runs>
            <runs>0 6 49 5 2</runs>
            <runs>0 6 2 1 29 1 28</runs>
            <runs>0 19 10 10 10 3 3 4 3</runs>
            <runs>0 19 9 11 10</runs>
            <runs>0 18 9 12 9</runs>
            <runs>0 16 10 13 9</runs>
            <runs>0 16 10 12 9</runs>
            <runs>0 16 9 13 9</runs>
            <runs>0 16 9 12 9</runs>
            <runs>0 15 10 11 10</runs>
            <runs>0 2 24 3 1 3 19 2 1</runs>
            <runs>26 3 28</runs>
            <runs>0 5 7 1 10 8 2 1 11 7 5</runs>
            <runs>0 13 10 12 9</runs>
            <runs>0 12 11 10 11</runs>
            <runs>0 12 11 9 12</runs>
            <runs>0 12 10 11 11</runs>
            <runs>0 12 10 13 1</runs>
        </run-table>
    </sample>
    <sample shape="SHARP" interline="22" pitch="-0.0" left="268" top="981" id="389">
        <run-table orientation="VERTICAL" width="23" height="62">
            <runs>0 25 1 1 2 15 12</runs>
            <runs>0 22 11 10 13</runs>
            <runs>0 22 12 9 12</runs>
            <runs>0 21 8 13 9</runs>
            <runs>0 6 9 2 2 1 9 12 10</runs>
            <runs>0 5 32 2 23</runs>
            <runs>0 19 43</runs>
            <runs>0 18 9 12 10 3 7</runs>
            <runs>0 18 9 12 9</runs>
            <runs>0 17 9 13 9</runs>
            <runs>0 17 9 13 8</runs>
            <runs>0 16 9 13 9</runs>
            <runs>0 16 9 12 10</runs>
            <runs>0 15 10 12 9</runs>
            <runs>0 15 9 12 10</runs>
            <runs>24 12 9 5 3</runs>
            <runs>57</runs>
            <runs>0 8 19 1 16 1 1 3 7</runs>
            <runs>0 12 10 13 8</runs>
            <runs>0 9 12 13 9</runs>
            <runs>0 9 12 10 12</runs>
            <runs>0 9 12 10 11</runs>
            <runs>0 19 1 10 11</runs>
        </run-table>
    </sample>
    <sample shape="SHARP" interline="22" pitch="-4.1" left="199" top="1266" id="397">
        <run-table orientation="VERTICAL" width="22" height="64">
            <runs>0 23 12 10 8</runs>
            <runs>0 23 12 9 9</runs>
            <runs>0 22 9 12 9</runs>
            <runs>0 22 9 12 9</runs>
            <runs>0 7 6 1 1 6 10 12 20</runs>
            <runs>0 7 57</runs>
            <runs>0 7 9 2 12 10 12 1 10</runs>
            <runs>0 19 10 12 9</runs>
            <runs>0 19 9 13 8</runs>
            <runs>0 19 9 12 9</runs>
            <runs>0 19 8 13 8</runs>
            <runs>0 18 8 14 8</runs>
            <runs>0 18 8 13 8</runs>
            <runs>0 17 9 12 9</runs>
            <runs>0 17 9 11 10</runs>
            <runs>0 1 57</runs>
            <runs>46 2 9</runs>
            <runs>0 1 12 1 10 8 12</runs>
            <runs>0 14 9 9 12</runs>
            <runs>0 14 9 10 10</runs>
            <runs>0 14 8 10 11</runs>
            <runs>0 13 8 11 9</runs>
        </run-table>
    </sample>
    <sample shape="SHARP" interline="22" pitch="-0.8" left="222" top="1298" id="471">
        <run-table orientation="VERTICAL" width="22" height="68">
            <runs>0 29 3 16 7</runs>
            <runs>0 26 8 10 11</runs>
            <runs>0 26 8 10 11</runs>
            <runs>0 22 12 10 11</runs>
            <runs>0 22 12 10 14 4 3</runs>
            <runs>0 10 58</runs>
            <runs>0 10 58</runs>
            <runs>0 23 9 11 10 7 8</runs>
            <runs>0 23 8 12 9</runs>
            <runs>0 22 8 13 9</runs>
            <runs>0 22 8 13 8</runs>
            <runs>0 21 8 13 9</runs>
            <runs>0 21 8 13 8</runs>
            <runs>0 20 9 12 9</runs>
            <runs>0 19 10 12 9</runs>
            <runs>0 18 12 8 17 2 4</runs>
            <runs>0 4 57</runs>
            <runs>15 1 11 2 21 2 1 3 5</runs>
            <runs>0 17 9 13 9</runs>
            <runs>0 17 9 12 9</runs>
            <runs>0 17 8 13 9</runs>
            <runs>0 16 9 12 10</runs>
        </run-table>
    </sample>
    <sample shape="SHARP" interline="22" pitch="-4.9" left="245" top="1258" id="472">
        <run-table orientation="VERTICAL" width="24" height="64">
            <runs>0 44 8</runs>
            <runs>0 23 8 9 12</runs>
            <runs>0 22 8 10 12</runs>
            <runs>0 22 8 11 10</runs>
            <runs>0 22 8 10 12</runs>
            <runs>0 8 1 3 19 2 31</runs>
            <runs>0 7 57</runs>
            <runs>0 6 4 3 15 12 9</runs>
            <runs>0 19 8 13 8</runs>
            <runs>0 19 8 13 8</runs>
            <runs>0 18 9 12 9</runs>
            <runs>0 18 8 12 9</runs>
            <runs>0 17 9 12 8</runs>
            <runs>0 17 8 13 8</runs>
            <runs>0 16 9 12 9</runs>
            <runs>0 16 9 11 10 10 1</runs>
            <runs>28 2 1 1 25</runs>
            <runs>28 2 14 9 3</runs>
            <runs>23 11 9</runs>
            <runs>0 14 8 12 9</runs>
            <runs>0 13 9 12 9</runs>
            <runs>0 13 9 12 8</runs>
            <runs>0 13 8 13 8</runs>
            <runs>0 13 7</runs>
        </run-table>
    </sample>
    <sample shape="SHARP" interline="22" pitch="-1.9" left="265" top="1288" id="473">
        <run-table orientation="VERTICAL" width="24" height="63">
            <runs>0 45 2 1 4</runs>
            <runs>0 26 5 12 13</runs>
            <runs>0 22 9 12 9</runs>
            <runs>0 22 9 12 9</runs>
            <runs>0 21 9 12 9</runs>
            <runs>0 20 14 1 27</runs>
            <runs>0 7 56</runs>
            <runs>0 6 56</runs>
            <runs>0 19 9 12 9</runs>
            <runs>0 19 9 12 9</runs>
            <runs>0 19 8 12 9</runs>
            <runs>0 18 9 12 9</runs>
            <runs>0 18 8 13 9</runs>
            <runs>0 17 9 12 9</runs>
            <runs>0 17 9 11 9</runs>
            <runs>0 16 10 11 9</runs>
            <runs>0 15 12 8 23</runs>
            <runs>0 1 57</runs>
            <runs>28 3 13 5 8</runs>
            <runs>0 14 9 9 12</runs>
            <runs>0 14 8 10 11</runs>
            <runs>0 14 8 10 11</runs>
            <runs>0 13 8 11 10</runs>
            <runs>0 13 7 12 8</runs>
        </run-table>
    </sample>
    <sample shape="SHARP" interline="22" pitch="-2.3" left="196" top="1508" id="413">
        <run-table orientation="VERTICAL" width="22" height="63">
            <runs>0 22 8 14 7</runs>
            <runs>0 22 9 12 9</runs>
            <runs>0 22 8 13 8</runs>
            <runs>0 17 1 3 9 12 9</runs>
            <runs>0 7 44</runs>
            <runs>0 6 57</runs>
            <runs>0 7 55</runs>
            <runs>0 18 10 12 9</runs>
            <runs>0 18 9 13 9</runs>
            <runs>0 18 9 12 9</runs>
            <runs>0 18 8 12 10</runs>
            <runs>0 17 9 12 9</runs>
            <runs>0 16 10 11 10</runs>
            <runs>0 16 9 12 9</runs>
            <runs>0 6 8 1 10 8 16</runs>
            <runs>57</runs>
            <runs>57</runs>
            <runs>0 1 2 1 19 9 12</runs>
            <runs>0 10 12 10 12</runs>
            <runs>0 10 12 11 10</runs>
            <runs>0 10 11 12 9</runs>
            <runs>0 10 10 13 9</runs>
        </run-table>
    </sample>
    <sample shape="SHARP" interline="22" pitch="0.9" left="218" top="1540" id="478">
        <run-table orientation="VERTICAL" width="25" height="64">
            <runs>0 50 1</runs>
            <runs>0 45 8</runs>
            <runs>0 28 3 14 9</runs>
            <runs>0 22 10 13 8</runs>
            <runs>0 22 9 13 9</runs>
            <runs>0 22 9 12 10</runs>
            <runs>0 8 7 6 10 11 22</runs>
            <runs>0 6 58</runs>
            <runs>0 6 58</runs>
            <runs>0 9 1 3 3 3 11 11 10</runs>
            <runs>0 19 10 12 9</runs>
            <runs>0 19 9 13 8</runs>
            <runs>0 19 9 12 9</runs>
            <runs>0 18 9 13 8</runs>
            <runs>0 17 10 12 9</runs>
            <runs>0 17 9 13 9</runs>
            <runs>0 5 1 11 9 12 9 3 1 5 1 1 1</runs>
            <runs>7 9 12 6 26</runs>
            <runs>59</runs>
            <runs>29 3 1 2 12 3 1 3 2</runs>
            <runs>0 14 11 11 11</runs>
            <runs>0 14 11 11 11</runs>
            <runs>0 14 11 11 11</runs>
            <runs>0 14 11 10 12</runs>
            <runs>0 14 11</runs>
        </run-table>
    </sample>
    <sample shape="SHARP" interline="22" pitch="-3.1" left="244" top="1498" id="479">
        <run-table orientation="VERTICAL" width="23" height="67">
            <runs>0 20 8 14 11</runs>
            <runs>0 20 11 11 11</runs>
            <runs>0 20 10 12 10</runs>
            <runs>0 20 10 12 10</runs>
            <runs>0 7 12 1 11 11 10</runs>
            <runs>0 7 60</runs>
            <runs>0 7 1 1 9 1 48</runs>
            <runs>0 19 9 11 12 4 1 2 3</runs>
            <runs>0 19 8 13 9</runs>
            <runs>0 19 8 13 9</runs>
            <runs>0 18 8 13 9</runs>
            <runs>0 18 8 13 8</runs>
            <runs>0 17 8 13 9</runs>
            <runs>0 17 8 13 9</runs>
            <runs>0 16 8 13 9</runs>
            <runs>0 1 29 6 11</runs>
            <runs>58</runs>
            <runs>45 6 3 1 1</runs>
            <runs>0 13 10 12 10</runs>
            <runs>0 13 10 12 10</runs>
            <runs>0 13 10 11 10</runs>
            <runs>0 13 10 11 10</runs>
            <runs>0 13 10 13 2</runs>
        </run-table>
    </sample>
    <sample shape="SHARP" interline="22" pitch="-0.1" left="264" top="1530" id="480">
        <run-table orientation="VERTICAL" width="24" height="63">
            <runs>0 44 9</runs>
            <runs>0 23 8 12 10</runs>
            <runs>0 22 8 13 9</runs>
            <runs>0 22 8 13 9</runs>
            <runs>0 21 9 11 20</runs>
            <runs>0 7 56</runs>
            <runs>0 6 57</runs>
            <runs>0 16 2 1 11 10 10</runs>
            <runs>0 19 8 13 9</runs>
            <runs>0 19 8 13 8</runs>
            <runs>0 18 8 13 9</runs>
            <runs>0 18 8 13 9</runs>
            <runs>0 17 9 12 9</runs>
            <runs>0 17 9 12 9</runs>
            <runs>0 16 9 12 9</runs>
            <runs>0 16 9 7 19 1 2</runs>
            <runs>0 2 2 4 50</runs>
            <runs>46 2 1</runs>
            <runs>0 1 1 1 1 5 14 8 13</runs>
            <runs>0 10 13 9 12</runs>
            <runs>0 10 12 10 11</runs>
            <runs>0 10 12 10 11</runs>
            <runs>0 10 11 11 10</runs>
            <runs>0 10 8 18 2</runs>
        </run-table>
    </sample>
    <sample shape="SHARP" interline="22" pitch="-4.1" left="195" top="1777" id="489">
        <run-table orientation="VERTICAL" width="23" height="63">
            <runs>0 23 8 12 9</runs>
            <runs>0 22 8 13 9</runs>
            <runs>0 21 9 12 10</runs>
            <runs>0 21 9 12 10</runs>
            <runs>0 8 2 5 3 2 15 2 3 1 21</runs>
            <runs>0 6 57</runs>
            <runs>0 6 56</runs>
            <runs>0 18 10 11 10</runs>
            <runs>0 18 9 12 10</runs>
            <runs>0 18 9 12 9</runs>
            <runs>0 17 9 12 9</runs>
            <runs>0 17 9 12 9</runs>
            <runs>0 16 10 11 10</runs>
            <runs>0 16 9 11 11</runs>
            <runs>0 3 1 11 10 4 1 2 20</runs>
            <runs>6 2 49</runs>
            <runs>57</runs>
            <runs>23 4 17</runs>
            <runs>0 12 10 9 12</runs>
            <runs>0 12 10 9 12</runs>
            <runs>0 12 9 11 10</runs>
            <runs>0 11 10 11 10</runs>
            <runs>0 12 6</runs>
        </run-table>
    </sample>
    <sample shape="SHARP" interline="22" pitch="-0.8" left="217" top="1808" id="533">
        <run-table orientation="VERTICAL" width="25" height="69">
            <runs>0 32 1</runs>
            <runs>0 32 1</runs>
            <runs>0 27 7 10 11</runs>
            <runs>0 22 12 10 12</runs>
            <runs>0 23 11 10 11</runs>
            <runs>0 22 12 10 11</runs>
            <runs>0 22 14 4 1 2 13</runs>
            <runs>0 10 59</runs>
            <runs>0 10 59</runs>
            <runs>0 19 2 1 10 3 3 5 14 2 10</runs>
            <runs>0 22 9 12 10</runs>
            <runs>0 21 10 12 9</runs>
            <runs>0 21 10 11 10</runs>
            <runs>0 20 10 12 9</runs>
            <runs>0 20 10 12 8</runs>
            <runs>0 20 9 12 9</runs>
            <runs>0 19 10 12 9</runs>
            <runs>0 17 21 2 21</runs>
            <runs>62</runs>
            <runs>60</runs>
            <runs>0 16 11 11 10 8 1</runs>
            <runs>0 16 10 12 9</runs>
            <runs>0 16 10 12 9</runs>
            <runs>0 16 9 12 11</runs>
            <runs>0 16 9 12 10</runs>
        </run-table>
    </sample>
    <sample shape="SHARP" interline="22" pitch="-4.9" left="244" top="1766" id="534">
        <run-table orientation="VERTICAL" width="24" height="67">
            <runs>0 46 2</runs>
            <runs>0 23 8 11 12</runs>
            <runs>0 23 9 10 11</runs>
            <runs>0 22 9 11 11</runs>
            <runs>0 22 9 11 10</runs>
            <runs>0 11 20 10 15</runs>
            <runs>0 7 60</runs>
            <runs>0 8 1 3 2 1 52</runs>
            <runs>0 20 9 12 10 2 1</runs>
            <runs>0 19 9 13 9</runs>
            <runs>0 18 10 12 9</runs>
            <runs>0 18 10 12 9</runs>
            <runs>0 18 9 12 9</runs>
            <runs>0 17 10 11 10</runs>
            <runs>0 17 9 12 9</runs>
            <runs>0 16 10 12 9</runs>
            <runs>0 4 7 2 19 5 21</runs>
            <runs>58</runs>
            <runs>0 1 1 3 7 1 14 1 17 6 2</runs>
            <runs>0 14 9 12 10</runs>
            <runs>0 13 10 11 11</runs>
            <runs>0 13 9 12 10</runs>
            <runs>0 13 9 11 12</runs>
            <runs>0 13 8 13 5</runs>
        </run-table>
    </sample>
    <sample shape="SHARP" interline="22" pitch="-2.0" left="265" top="1799" id="535">
        <run-table orientation="VERTICAL" width="24" height="63">
            <runs>0 48 3</runs>
            <runs>0 24 10 10 12</runs>
            <runs>0 22 12 10 12</runs>
            <runs>0 22 12 9 13</runs>
            <runs>0 22 8 12 14</runs>
            <runs>0 8 22 7 19 4 2</runs>
            <runs>0 6 56</runs>
            <runs>0 6 57</runs>
            <runs>0 18 10 11 11</runs>
            <runs>0 18 10 12 9</runs>
            <runs>0 18 9 13 8</runs>
            <runs>0 18 9 12 9</runs>
            <runs>0 18 8 13 8</runs>
            <runs>0 17 9 12 9</runs>
            <runs>0 16 9 12 10</runs>
            <runs>0 15 10 12 9</runs>
            <runs>0 14 11 6 26</runs>
            <runs>57</runs>
            <runs>48 2 7</runs>
            <runs>0 8 15 8 13</runs>
            <runs>0 13 9 9 13</runs>
            <runs>0 13 9 9 12</runs>
            <runs>0 9 12 10 11</runs>
            <runs>0 9 12 10 11</runs>
        </run-table>
    </sample>
    <sample shape="SHARP" interline="22" pitch="-1.9" left="191" top="2068" id="500">
        <run-table orientation="VERTICAL" width="24" height="63">
            <runs>0 46 9</runs>
            <runs>0 23 10 11 11</runs>
            <runs>0 22 11 10 12</runs>
            <runs>0 22 10 11 12</runs>
            <runs>0 21 12 9 13</runs>
            <runs>0 7 9 1 46</runs>
            <runs>0 6 57</runs>
            <runs>0 6 55</runs>
            <runs>0 19 9 12 9</runs>
            <runs>0 18 10 11 9</runs>
            <runs>0 18 9 12 9</runs>
            <runs>0 17 9 13 9</runs>
            <runs>0 16 10 12 9</runs>
            <runs>0 16 9 13 8</runs>
            <runs>0 16 9 12 9</runs>
            <runs>0 15 11 10 12 1 9</runs>
            <runs>0 2 56</runs>
            <runs>46 4 8</runs>
            <runs>24 10 11</runs>
            <runs>0 13 10 11 10</runs>
            <runs>0 13 9 12 9</runs>
            <runs>0 12 10 8 13</runs>
            <runs>0 12 9 9 11</runs>
            <runs>0 13 7 16 1</runs>
        </run-table>
    </sample>
    <sample shape="SHARP" interline="22" pitch="1.0" left="216" top="2098" id="540">
        <run-table orientation="VERTICAL" width="24" height="69">
            <runs>0 27 6 10 11</runs>
            <runs>0 22 11 10 12</runs>
            <runs>0 21 12 11 10</runs>
            <runs>0 21 11 11 11</runs>
            <runs>0 9 9 3 11 9 14 1 1 3 1</runs>
            <runs>0 8 27 1 32</runs>
            <runs>0 8 61</runs>
            <runs>0 21 10 9 13 5 11</runs>
            <runs>0 21 9 12 10</runs>
            <runs>0 20 10 11 10</runs>
            <runs>0 20 9 12 10</runs>
            <runs>0 19 10 12 9</runs>
            <runs>0 19 9 13 9</runs>
            <runs>0 18 10 12 9</runs>
            <runs>0 18 9 12 10</runs>
            <runs>8 1 21 8 12 1 8</runs>
            <runs>33 4 23</runs>
            <runs>33 2 25</runs>
            <runs>0 14 12 11 10</runs>
            <runs>0 15 10 12 10</runs>
            <runs>0 15 10 11 11</runs>
            <runs>0 14 11 11 11</runs>
            <runs>0 14 11 11 11</runs>
            <runs>0 18 1</runs>
        </run-table>
    </sample>
    <sample shape="SHARP" interline="22" pitch="-2.8" left="239" top="2059" id="541">
        <run-table orientation="VERTICAL" width="24" height="64">
            <runs>0 23 1 15 10</runs>
            <runs>0 21 8 10 12</runs>
            <runs>0 17 12 10 11</runs>
            <runs>0 17 12 10 11</runs>
            <runs>0 16 12 10 12</runs>
            <runs>0 5 24 6 16 6 7</runs>
            <runs>0 5 59</runs>
            <runs>0 5 24 4 20 1 10</runs>
            <runs>0 17 9 11 11</runs>
            <runs>0 17 9 11 10</runs>
            <runs>0 16 9 12 9</runs>
            <runs>0 15 10 12 9</runs>
            <runs>0 15 9 12 10</runs>
            <runs>0 14 10 11 10</runs>
            <runs>0 14 10 11 10</runs>
            <runs>0 14 9 11 11</runs>
            <runs>0 3 2 4 17 4 26</runs>
            <runs>56</runs>
            <runs>0 9 17 3 14 8 3</runs>
            <runs>0 11 10 11 10</runs>
            <runs>0 11 10 11 10</runs>
            <runs>0 10 10 11 11</runs>
            <runs>0 10 10 11 11</runs>
            <runs>0 10 9 13 4</runs>
        </run-table>
    </sample>
    <sample shape="SHARP" interline="22" pitch="0.2" left="259" top="2089" id="542">
        <run-table orientation="VERTICAL" width="26" height="64">
            <runs>0 49 2</runs>
            <runs>0 44 12</runs>
            <runs>0 23 11 9 13</runs>
            <runs>0 22 12 8 14</runs>
            <runs>0 22 12 8 14</runs>
            <runs>0 21 13 8 14 5 2</runs>
            <runs>0 18 46</runs>
            <runs>0 6 57</runs>
            <runs>0 6 57</runs>
            <runs>0 18 10 8 1 2 17 2 4</runs>
            <runs>0 19 8 12 10</runs>
            <runs>0 18 9 12 10</runs>
            <runs>0 18 9 11 10</runs>
            <runs>0 17 9 12 10</runs>
            <runs>0 16 10 11 10</runs>
            <runs>0 16 9 12 10</runs>
            <runs>0 16 9 11 22</runs>
            <runs>0 14 11 5 28</runs>
            <runs>0 1 57</runs>
            <runs>57</runs>
            <runs>0 4 19 8 13</runs>
            <runs>0 13 9 9 13</runs>
            <runs>0 13 9 9 12</runs>
            <runs>0 12 9 10 12</runs>
            <runs>0 9 11 11 12</runs>
            <runs>0 12 2 23 3</runs>
        </run-table>
    </sample>
    <sample shape="SHARP" interline="22" pitch="-4.1" left="191" top="2335" id="554">
        <run-table orientation="VERTICAL" width="23" height="63">
            <runs>0 45 8</runs>
            <runs>0 22 9 13 9</runs>
            <runs>0 22 9 13 8</runs>
            <runs>0 22 8 13 9</runs>
            <runs>0 21 9 12 10</runs>
            <runs>0 6 57</runs>
            <runs>0 6 57</runs>
            <runs>0 6 3 5 15 11 18</runs>
            <runs>0 19 9 12 9</runs>
            <runs>0 19 8 13 9</runs>
            <runs>0 19 7 14 8</runs>
            <runs>0 18 8 13 9</runs>
            <runs>0 18 8 13 8</runs>
            <runs>0 17 8 13 9</runs>
            <runs>0 16 9 12 10</runs>
            <runs>0 15 11 6 26</runs>
            <runs>0 1 57</runs>
            <runs>29 1 17 2 9</runs>
            <runs>6 1 4 2 11 8 12</runs>
            <runs>0 14 9 9 12</runs>
            <runs>0 13 9 10 11</runs>
            <runs>0 13 9 10 11</runs>
            <runs>0 13 8 11 8</runs>
        </run-table>
    </sample>
    <sample shape="SHARP" interline="22" pitch="-0.8" left="215" top="2367" id="594">
        <run-table orientation="VERTICAL" width="24" height="69">
            <runs>0 27 1 21 8</runs>
            <runs>0 27 8 10 12</runs>
            <runs>0 26 9 10 12</runs>
            <runs>0 26 8 10 12</runs>
            <runs>0 18 1 3 13 9 12</runs>
            <runs>0 11 58</runs>
            <runs>0 10 59</runs>
            <runs>0 10 7 1 15 11 10 2 13</runs>
            <runs>0 22 10 13 8</runs>
            <runs>0 22 9 13 9</runs>
            <runs>0 22 9 13 9</runs>
            <runs>0 22 9 12 9</runs>
            <runs>0 21 9 13 8</runs>
            <runs>0 21 9 13 8</runs>
            <runs>0 21 9 12 9</runs>
            <runs>0 20 10 8 24</runs>
            <runs>63</runs>
            <runs>55 1 7</runs>
            <runs>0 4 23 9 2 1 9</runs>
            <runs>0 17 10 12 9</runs>
            <runs>0 17 9 13 9</runs>
            <runs>0 17 9 13 8</runs>
            <runs>0 16 10 13 8</runs>
            <runs>0 18 3</runs>
        </run-table>
    </sample>
    <sample shape="SHARP" interline="22" pitch="-4.8" left="237" top="2326" id="595">
        <run-table orientation="VERTICAL" width="26" height="66">
            <runs>0 44 3</runs>
            <runs>0 41 12</runs>
            <runs>0 24 7 10 12</runs>
            <runs>0 23 8 10 12</runs>
            <runs>0 22 9 10 11</runs>
            <runs>0 22 9 10 11</runs>
            <runs>0 10 5 2 1 1 18 4 25</runs>
            <runs>0 7 59</runs>
            <runs>0 8 31 1 22</runs>
            <runs>0 9 1 9 10 12 9</runs>
            <runs>0 19 9 12 9</runs>
            <runs>0 19 8 13 9</runs>
            <runs>0 18 9 12 9</runs>
            <runs>0 18 9 12 9</runs>
            <runs>0 17 9 12 9</runs>
            <runs>0 16 10 12 9</runs>
            <runs>0 16 10 10 14</runs>
            <runs>7 5 1 1 12 4 29</runs>
            <runs>58</runs>
            <runs>3 4 38 8 1</runs>
            <runs>0 9 15 12 9</runs>
            <runs>0 13 10 12 9</runs>
            <runs>0 13 9 13 9</runs>
            <runs>0 13 9 12 10</runs>
            <runs>0 13 8 14 5</runs>
            <runs>0 13 3 2 1</runs>
        </run-table>
    </sample>
    <sample shape="SHARP" interline="22" pitch="-2.2" left="260" top="2358" id="596">
        <run-table orientation="VERTICAL" width="24" height="62">
            <runs>0 24 6 14 8</runs>
            <runs>0 22 12 9 9</runs>
            <runs>0 22 8 13 9</runs>
            <runs>0 21 9 12 9</runs>
            <runs>0 18 12 1 7 3 19</runs>
            <runs>0 6 56</runs>
            <runs>0 5 57</runs>
            <runs>0 5 23 3 19</runs>
            <runs>0 18 9 12 10</runs>
            <runs>0 18 9 11 10</runs>
            <runs>0 18 8 12 10</runs>
            <runs>0 17 9 12 9</runs>
            <runs>0 17 8 13 9</runs>
            <runs>0 16 9 13 8</runs>
            <runs>0 16 9 12 9</runs>
            <runs>0 15 10 11 10 1 2</runs>
            <runs>0 1 57</runs>
            <runs>45 2 1 2 8</runs>
            <runs>12 2 9 3 1 4 13</runs>
            <runs>0 14 8 9 13</runs>
            <runs>0 9 13 9 12</runs>
            <runs>0 9 12 10 12</runs>
            <runs>0 9 11 11 11</runs>
            <runs>0 9 11</runs>
        </run-table>
    </sample>
    <sample shape="SHARP" interline="22" pitch="-2.0" left="191" top="2587" id="565">
        <run-table orientation="VERTICAL" width="25" height="64">
            <runs>0 46 7</runs>
            <runs>0 23 11 10 13</runs>
            <runs>0 23 12 9 9</runs>
            <runs>0 22 9 12 10</runs>
            <runs>0 21 14 7 10</runs>
            <runs>0 7 57</runs>
            <runs>0 7 57</runs>
            <runs>0 13 2 4 45</runs>
            <runs>0 19 10 11 10</runs>
            <runs>0 19 9 12 10</runs>
            <runs>0 19 8 13 9</runs>
            <runs>0 18 9 12 9</runs>
            <runs>0 18 8 13 9</runs>
            <runs>0 17 9 13 9</runs>
            <runs>0 16 10 12 9</runs>
            <runs>0 1 3 1 1 2 18 11 10</runs>
            <runs>59</runs>
            <runs>47 1 10</runs>
            <runs>2 7 14 8 14</runs>
            <runs>2 12 9 9 12</runs>
            <runs>0 10 13 9 12</runs>
            <runs>0 10 12 10 11</runs>
            <runs>0 10 12 10 11</runs>
            <runs>0 9 12 14 2</runs>
            <runs>0 14 4</runs>
        </run-table>
    </sample>
    <sample shape="SHARP" interline="22" pitch="1.0" left="214" top="2619" id="601">
        <run-table orientation="VERTICAL" width="24" height="69">
            <runs>0 28 3 13 10</runs>
            <runs>0 22 10 11 11</runs>
            <runs>0 22 10 11 11</runs>
            <runs>0 22 10 11 10</runs>
            <runs>0 21 11 11 10 8 3</runs>
            <runs>0 8 61</runs>
            <runs>0 7 62</runs>
            <runs>0 7 1 1 26 3 30</runs>
            <runs>0 19 11 10 13</runs>
            <runs>0 19 10 11 10</runs>
            <runs>0 19 9 12 9</runs>
            <runs>0 19 9 11 10</runs>
            <runs>0 18 9 12 10</runs>
            <runs>0 17 10 11 10</runs>
            <runs>0 17 10 11 10</runs>
            <runs>0 16 11 10 11</runs>
            <runs>11 2 18 3 25</runs>
            <runs>59</runs>
            <runs>27 1 3 4 12 5 5</runs>
            <runs>0 14 11 10 11</runs>
            <runs>0 14 11 10 11</runs>
            <runs>0 14 11 10 11</runs>
            <runs>0 13 12 10 11</runs>
            <runs>0 14 11 11 2 1 3</runs>
        </run-table>
    </sample>
    <sample shape="SHARP" interline="22" pitch="-2.8" left="238" top="2576" id="602">
        <run-table orientation="VERTICAL" width="24" height="68">
            <runs>0 24 7 11 12</runs>
            <runs>0 21 11 10 12</runs>
            <runs>0 21 10 11 11</runs>
            <runs>0 20 11 11 11</runs>
            <runs>0 9 2 9 11 11 12 7 1</runs>
            <runs>0 7 61</runs>
            <runs>0 6 62</runs>
            <runs>0 20 9 10 16 4 9</runs>
            <runs>0 20 9 11 11</runs>
            <runs>0 20 8 12 10</runs>
            <runs>0 19 9 12 9</runs>
            <runs>0 18 9 13 9</runs>
            <runs>0 17 10 12 9</runs>
            <runs>0 17 10 12 9</runs>
            <runs>0 17 9 12 10</runs>
            <runs>0 16 13 8 13 3 6</runs>
            <runs>0 1 58</runs>
            <runs>48 1 10</runs>
            <runs>0 5 3 2 2 2 12 9 11</runs>
            <runs>0 14 10 11 11</runs>
            <runs>0 14 9 12 11</runs>
            <runs>0 14 9 12 10</runs>
            <runs>0 13 10 12 10</runs>
            <runs>0 18 2</runs>
        </run-table>
    </sample>
    <sample shape="SHARP" interline="22" pitch="-0.0" left="259" top="2609" id="603">
        <run-table orientation="VERTICAL" width="24" height="64">
            <runs>0 27 7 11 11</runs>
            <runs>0 23 11 10 12</runs>
            <runs>0 22 13 8 13</runs>
            <runs>0 21 14 8 14</runs>
            <runs>0 7 8 6 14 7 15</runs>
            <runs>0 6 58</runs>
            <runs>0 6 58</runs>
            <runs>0 7 7 5 18 1 25</runs>
            <runs>0 19 9 12 10</runs>
            <runs>0 19 9 12 10</runs>
            <runs>0 18 9 12 10</runs>
            <runs>0 18 9 12 10</runs>
            <runs>0 17 9 12 10</runs>
            <runs>0 17 9 12 10</runs>
            <runs>0 16 10 12 9</runs>
            <runs>0 15 10 12 10</runs>
            <runs>58</runs>
            <runs>58</runs>
            <runs>46</runs>
            <runs>0 9 15 7 14</runs>
            <runs>0 10 13 8 13</runs>
            <runs>0 9 13 9 13</runs>
            <runs>0 9 13 9 13</runs>
            <runs>0 9 12 10 12</runs>
        </run-table>
    </sample>
    <sample shape="SHARP" interline="22" pitch="-4.0" left="188" top="2869" id="615">
        <run-table orientation="VERTICAL" width="23" height="63">
            <runs>0 44 8</runs>
            <runs>0 23 11 9 9</runs>
            <runs>0 22 12 9 9</runs>
            <runs>0 22 12 9 8</runs>
            <runs>0 21 8 13 9 8 1</runs>
            <runs>0 17 19 1 2 2 22</runs>
            <runs>0 6 57</runs>
            <runs>0 6 23 11 16 3 2</runs>
            <runs>0 19 9 12 9</runs>
            <runs>0 19 8 13 9</runs>
            <runs>0 18 9 12 9</runs>
            <runs>0 18 8 13 8</runs>
            <runs>0 17 9 13 8</runs>
            <runs>0 17 9 12 8</runs>
            <runs>0 16 10 12 8</runs>
            <runs>0 15 11 11 9 10 2</runs>
            <runs>0 7 1 5 45</runs>
            <runs>45</runs>
            <runs>11 1 11 12 9</runs>
            <runs>0 13 10 12 8</runs>
            <runs>0 13 9 9 12</runs>
            <runs>0 13 8 10 11</runs>
            <runs>0 12 9 10 10</runs>
        </run-table>
    </sample>
    <sample shape="SHARP" interline="22" pitch="-1.1" left="211" top="2899" id="659">
        <run-table orientation="VERTICAL" width="24" height="65">
            <runs>0 45 9</runs>
            <runs>0 29 3 13 9</runs>
            <runs>0 23 9 13 9</runs>
            <runs>0 23 9 12 10</runs>
            <runs>0 23 9 12 10</runs>
            <runs>0 8 6 1 1 3 15 4 20 3 4</runs>
            <runs>0 7 58</runs>
            <runs>0 8 5 4 48</runs>
            <runs>0 20 9 12 12 2 8</runs>
            <runs>0 20 9 12 10</runs>
            <runs>0 19 9 12 10</runs>
            <runs>0 19 9 12 10</runs>
            <runs>0 19 8 13 9</runs>
            <runs>0 18 9 12 10</runs>
            <runs>0 18 9 11 10</runs>
            <runs>0 17 10 11 11 2 2</runs>
            <runs>0 1 27 8 24</runs>
            <runs>59</runs>
            <runs>9 1 17 9 23</runs>
            <runs>0 15 11 10 12</runs>
            <runs>0 14 12 10 12</runs>
            <runs>0 14 11 11 12</runs>
            <runs>0 14 12 10 8</runs>
            <runs>0 15 7 14 5</runs>
        </run-table>
    </sample>
    <sample shape="SHARP" interline="22" pitch="-4.9" left="235" top="2858" id="660">
        <run-table orientation="VERTICAL" width="24" height="67">
            <runs>0 42 11</runs>
            <runs>0 24 7 11 11</runs>
            <runs>0 23 8 11 11</runs>
            <runs>0 23 8 10 11</runs>
            <runs>0 22 9 10 11</runs>
            <runs>0 7 60</runs>
            <runs>0 7 60</runs>
            <runs>0 8 10 1 15 1 21 1 10</runs>
            <runs>0 20 9 12 9</runs>
            <runs>0 19 9 13 8</runs>
            <runs>0 19 8 13 9</runs>
            <runs>0 19 8 13 8</runs>
            <runs>0 18 9 12 9</runs>
            <runs>0 18 8 12 10</runs>
            <runs>0 17 9 12 10</runs>
            <runs>0 16 10 12 9 4 1</runs>
            <runs>0 1 58</runs>
            <runs>58</runs>
            <runs>0 1 28 2 2 3 9</runs>
            <runs>0 14 10 12 9</runs>
            <runs>0 14 9 12 9</runs>
            <runs>0 14 8 13 10</runs>
            <runs>0 13 9 12 11</runs>
            <runs>0 14 7 15 1</runs>
        </run-table>
    </sample>
    <sample shape="SHARP" interline="22" pitch="-2.1" left="256" top="2889" id="661">
        <run-table orientation="VERTICAL" width="25" height="64">
            <runs>0 45 7</runs>
            <runs>0 24 6 14 9</runs>
            <runs>0 23 8 13 9</runs>
            <runs>0 22 9 12 10</runs>
            <runs>0 22 8 13 10</runs>
            <runs>0 20 10 12 22</runs>
            <runs>0 7 57</runs>
            <runs>0 6 58</runs>
            <runs>0 6 12 1 10 12 9</runs>
            <runs>0 19 9 12 9</runs>
            <runs>0 18 10 12 9</runs>
            <runs>0 18 9 13 9</runs>
            <runs>0 18 9 12 9</runs>
            <runs>0 17 9 13 8</runs>
            <runs>0 17 9 12 9</runs>
            <runs>0 17 8 12 10</runs>
            <runs>0 16 11 6 26</runs>
            <runs>5 1 53</runs>
            <runs>58</runs>
            <runs>24 8 13</runs>
            <runs>0 11 12 10 11</runs>
            <runs>0 11 12 10 10</runs>
            <runs>0 11 11 11 10</runs>
            <runs>0 11 11 11 9</runs>
            <runs>0 11 10</runs>
        </run-table>
    </sample>
    <sample shape="SHARP" interline="22" pitch="-2.1" left="187" top="3120" id="626">
        <run-table orientation="VERTICAL" width="25" height="63">
            <runs>0 49 1</runs>
            <runs>0 43 9</runs>
            <runs>0 22 9 12 9</runs>
            <runs>0 22 8 12 9</runs>
            <runs>0 21 9 11 10</runs>
            <runs>0 20 10 10 23</runs>
            <runs>0 7 56</runs>
            <runs>0 6 56</runs>
            <runs>0 6 8 5 9 11 10</runs>
            <runs>0 19 9 11 9</runs>
            <runs>0 18 9 12 9</runs>
            <runs>0 18 9 12 9</runs>
            <runs>0 18 9 12 8</runs>
            <runs>0 17 9 12 9</runs>
            <runs>0 17 9 11 9</runs>
            <runs>0 16 9 12 9</runs>
            <runs>0 16 9 11 22</runs>
            <runs>0 1 1 2 53</runs>
            <runs>44</runs>
            <runs>23 9 12</runs>
            <runs>0 13 10 9 11</runs>
            <runs>0 13 9 10 11</runs>
            <runs>0 10 12 10 10</runs>
            <runs>0 10 11 13 3</runs>
            <runs>0 14 4</runs>
        </run-table>
    </sample>
    <sample shape="SHARP" interline="22" pitch="1.0" left="211" top="3151" id="666">
        <run-table orientation="VERTICAL" width="24" height="70">
            <runs>0 44 11</runs>
            <runs>0 23 11 10 11</runs>
            <runs>0 23 11 10 11</runs>
            <runs>0 23 10 11 10</runs>
            <runs>0 14 1 7 11 10 13 4 9</runs>
            <runs>0 10 6 2 17 4 1 2 27</runs>
            <runs>0 8 61</runs>
            <runs>0 8 24 5 1 2 30</runs>
            <runs>0 19 12 11 10</runs>
            <runs>0 21 9 12 9</runs>
            <runs>0 21 9 11 10</runs>
            <runs>0 20 9 12 9</runs>
            <runs>0 20 9 11 10</runs>
            <runs>0 20 9 11 10</runs>
            <runs>0 19 9 12 9</runs>
            <runs>0 19 9 11 11 1 10</runs>
            <runs>14 1 46</runs>
            <runs>0 1 59</runs>
            <runs>31 2 2 2 11 6 1</runs>
            <runs>7 1 2 1 2 3 10 11 10</runs>
            <runs>0 16 10 11 10</runs>
            <runs>0 16 9 12 10</runs>
            <runs>0 15 10 12 10</runs>
            <runs>0 15 10 13 4</runs>
        </run-table>
    </sample>
    <sample shape="SHARP" interline="22" pitch="-3.1" left="234" top="3109" id="667">
        <run-table orientation="VERTICAL" width="25" height="62">
            <runs>0 47 5</runs>
            <runs>0 25 1 3 1 12 11</runs>
            <runs>0 21 9 12 10</runs>
            <runs>0 21 9 12 10</runs>
            <runs>0 20 10 11 11</runs>
            <runs>0 20 10 11 14 1 6</runs>
            <runs>0 6 56</runs>
            <runs>0 6 56</runs>
            <runs>0 6 27 7 10</runs>
            <runs>0 13 1 5 9 12 9</runs>
            <runs>0 18 9 13 8</runs>
            <runs>0 18 9 13 8</runs>
            <runs>0 18 9 12 9</runs>
            <runs>0 17 10 11 9</runs>
            <runs>0 17 9 12 9</runs>
            <runs>0 17 8 12 10</runs>
            <runs>0 16 10 7 1 3 14 1 6</runs>
            <runs>0 1 9 1 24 1 22</runs>
            <runs>50 1 5</runs>
            <runs>27 1 2 4 12</runs>
            <runs>2 1 7 3 10 11 11</runs>
            <runs>0 13 10 11 11</runs>
            <runs>0 13 10 11 11</runs>
            <runs>0 12 11 11 11</runs>
            <runs>0 12 11 11 5</runs>
        </run-table>
    </sample>
    <sample shape="SHARP" interline="22" pitch="0.0" left="257" top="3142" id="668">
        <run-table orientation="VERTICAL" width="25" height="63">
            <runs>0 24 10 10 11</runs>
            <runs>0 23 11 9 12</runs>
            <runs>0 22 12 9 13</runs>
            <runs>0 21 13 8 14</runs>
            <runs>0 20 14 7 15</runs>
            <runs>0 7 56</runs>
            <runs>0 6 57</runs>
            <runs>0 6 32 1 17 2 5</runs>
            <runs>0 19 9 11 11</runs>
            <runs>0 19 9 11 10</runs>
            <runs>0 18 10 11 10</runs>
            <runs>0 18 9 12 9</runs>
            <runs>0 17 10 12 9</runs>
            <runs>0 17 9 12 9</runs>
            <runs>0 16 10 12 9</runs>
            <runs>0 15 10 12 10</runs>
            <runs>0 1 4 2 27 1 23</runs>
            <runs>58</runs>
            <runs>24 2 20</runs>
            <runs>0 2 2 9 11 11 9</runs>
            <runs>0 13 10 8 13</runs>
            <runs>0 13 9 9 13</runs>
            <runs>0 13 9 9 12</runs>
            <runs>0 13 8 10 11</runs>
            <runs>0 16 4</runs>
        </run-table>
    </sample>
</samples>
