<?xml version="1.0" encoding="UTF-8"?>
<stick id="884" interline="22" shape="SHARP">
    <is-within-system>true</is-within-system>
    <has-ledger>false</has-ledger>
    <stem-number>0</stem-number>
    <step-line>-1.0232558139534884</step-line>
    <moments>
        <k>1.0516528925619835</k>
        <k>1.0</k>
        <k>3.0</k>
        <k>0.06043157122945107</k>
        <k>-0.028799384288863472</k>
        <k>0.4690621707774419</k>
        <k>4.182415679931998E-4</k>
        <k>-0.003481291761411845</k>
        <k>-0.004204289834727171</k>
        <k>0.021978401104897967</k>
        <k>0.5294937420068929</k>
        <k>0.17029658502862094</k>
        <k>0.0012210138620287181</k>
        <k>3.564772155429209E-4</k>
        <k>2.2933324073079713E-7</k>
        <k>1.4202013713782985E-4</k>
        <k>-5.213278189229313E-8</k>
        <k>391.0510805500982</k>
        <k>340.860510805501</k>
    </moments>
    <section id="499" first-pos="380">
        <run start="328" length="4" level="200"/>
        <run start="328" length="5" level="160"/>
        <run start="328" length="7" level="114"/>
        <run start="328" length="7" level="114"/>
        <run start="328" length="7" level="114"/>
        <run start="328" length="7" level="114"/>
    </section>
    <section id="504" first-pos="386">
        <run start="314" length="30" level="47"/>
    </section>
    <section id="506" first-pos="387">
        <run start="314" length="60" level="50"/>
    </section>
    <section id="505" first-pos="386">
        <run start="345" length="15" level="80"/>
    </section>
    <section id="500" first-pos="381">
        <run start="350" length="4" level="150"/>
        <run start="350" length="8" level="75"/>
        <run start="350" length="8" level="75"/>
        <run start="350" length="8" level="75"/>
        <run start="350" length="8" level="75"/>
    </section>
    <section id="503" first-pos="385">
        <run start="371" length="3" level="133"/>
        <run start="369" length="5" level="80"/>
    </section>
    <section id="511" first-pos="388">
        <run start="328" length="6" level="133"/>
        <run start="324" length="9" level="156"/>
        <run start="324" length="9" level="156"/>
    </section>
    <section id="521" first-pos="391">
        <run start="324" length="5" level="160"/>
        <run start="324" length="5" level="160"/>
        <run start="323" length="6" level="133"/>
        <run start="323" length="6" level="133"/>
    </section>
    <section id="524" first-pos="395">
        <run start="318" length="24" level="58"/>
    </section>
    <section id="525" first-pos="396">
        <run start="308" length="58" level="55"/>
    </section>
    <section id="523" first-pos="395">
        <run start="308" length="8" level="75"/>
    </section>
    <section id="514" first-pos="389">
        <run start="349" length="7" level="114"/>
        <run start="350" length="6" level="100"/>
        <run start="350" length="6" level="100"/>
        <run start="346" length="9" level="133"/>
        <run start="346" length="9" level="133"/>
        <run start="345" length="10" level="120"/>
        <run start="345" length="10" level="120"/>
    </section>
    <section id="512" first-pos="388">
        <run start="346" length="28" level="57"/>
    </section>
    <section id="515" first-pos="389">
        <run start="371" length="3" level="133"/>
        <run start="371" length="3" level="133"/>
    </section>
    <section id="529" first-pos="397">
        <run start="322" length="7" level="114"/>
        <run start="322" length="7" level="114"/>
        <run start="321" length="8" level="100"/>
        <run start="321" length="8" level="100"/>
        <run start="321" length="8" level="100"/>
    </section>
    <section id="530" first-pos="397">
        <run start="339" length="27" level="44"/>
    </section>
    <section id="536" first-pos="398">
        <run start="344" length="7" level="114"/>
        <run start="344" length="7" level="114"/>
        <run start="343" length="8" level="100"/>
        <run start="343" length="8" level="100"/>
    </section>
    <section id="522" first-pos="391">
        <run start="332" length="1" level="0"/>
    </section>
</stick>
