<?xml version="1.0" encoding="UTF-8"?>
<stick id="141" interline="22" shape="TIME_THREE_FOUR">
    <is-within-system>true</is-within-system>
    <has-ledger>false</has-ledger>
    <stem-number>0</stem-number>
    <step-line>-0.18604651162790697</step-line>
    <moments>
        <k>2.28099173553719</k>
        <k>1.4090909090909092</k>
        <k>3.8636363636363638</k>
        <k>0.05216207971922957</k>
        <k>0.009137407812647439</k>
        <k>0.5489856965486474</k>
        <k>-0.006726878976724554</k>
        <k>-0.0078029553128603915</k>
        <k>-0.0010985987829695387</k>
        <k>0.03271987150592953</k>
        <k>0.601147776267877</k>
        <k>0.24716767512560264</k>
        <k>0.0031622074951137185</k>
        <k>6.82090814739898E-4</k>
        <k>5.629969318122301E-7</k>
        <k>2.709030601014828E-4</k>
        <k>-8.285731763977584E-7</k>
        <k>434.28713768115944</k>
        <k>600.2971014492754</k>
    </moments>
    <section id="552" first-pos="417">
        <run start="636" length="2" level="0"/>
        <run start="635" length="3" level="0"/>
        <run start="634" length="4" level="0"/>
        <run start="632" length="6" level="0"/>
        <run start="631" length="7" level="0"/>
    </section>
    <section id="566" first-pos="422">
        <run start="630" length="5" level="0"/>
        <run start="628" length="5" level="0"/>
        <run start="625" length="7" level="29"/>
        <run start="624" length="6" level="67"/>
        <run start="623" length="6" level="100"/>
        <run start="621" length="6" level="100"/>
        <run start="620" length="7" level="86"/>
        <run start="618" length="7" level="57"/>
        <run start="616" length="9" level="44"/>
        <run start="613" length="12" level="33"/>
        <run start="610" length="14" level="14"/>
        <run start="608" length="12" level="0"/>
    </section>
    <section id="589" first-pos="434">
        <run start="594" length="25" level="32"/>
    </section>
    <section id="564" first-pos="421">
        <run start="592" length="5" level="0"/>
        <run start="592" length="6" level="0"/>
        <run start="593" length="6" level="0"/>
        <run start="593" length="6" level="0"/>
        <run start="594" length="5" level="0"/>
        <run start="595" length="5" level="0"/>
        <run start="595" length="5" level="0"/>
        <run start="595" length="5" level="0"/>
        <run start="595" length="5" level="0"/>
        <run start="595" length="8" level="75"/>
        <run start="595" length="8" level="75"/>
        <run start="595" length="8" level="75"/>
        <run start="595" length="10" level="80"/>
    </section>
    <section id="556" first-pos="419">
        <run start="582" length="13" level="15"/>
        <run start="580" length="16" level="38"/>
    </section>
    <section id="554" first-pos="418">
        <run start="585" length="8" level="0"/>
    </section>
    <section id="563" first-pos="421">
        <run start="580" length="10" level="60"/>
        <run start="580" length="9" level="67"/>
        <run start="580" length="9" level="67"/>
        <run start="580" length="8" level="75"/>
        <run start="580" length="7" level="86"/>
    </section>
    <section id="592" first-pos="435">
        <run start="594" length="6" level="0"/>
        <run start="594" length="6" level="0"/>
        <run start="593" length="7" level="0"/>
        <run start="592" length="8" level="0"/>
        <run start="591" length="8" level="0"/>
    </section>
    <section id="600" first-pos="440">
        <run start="560" length="39" level="31"/>
    </section>
    <section id="598" first-pos="439">
        <run start="560" length="24" level="50"/>
    </section>
    <section id="572" first-pos="424">
        <run start="560" length="4" level="100"/>
        <run start="560" length="4" level="100"/>
        <run start="560" length="3" level="133"/>
        <run start="560" length="3" level="133"/>
        <run start="560" length="3" level="133"/>
        <run start="560" length="2" level="200"/>
        <run start="560" length="1" level="200"/>
        <run start="560" length="2" level="200"/>
        <run start="560" length="3" level="133"/>
        <run start="560" length="3" level="133"/>
        <run start="560" length="3" level="133"/>
        <run start="560" length="4" level="100"/>
        <run start="560" length="4" level="100"/>
        <run start="560" length="5" level="80"/>
        <run start="560" length="7" level="57"/>
    </section>
    <section id="559" first-pos="420">
        <run start="565" length="6" level="0"/>
        <run start="563" length="9" level="0"/>
        <run start="562" length="11" level="0"/>
        <run start="561" length="12" level="17"/>
    </section>
    <section id="573" first-pos="424">
        <run start="566" length="7" level="0"/>
        <run start="566" length="6" level="0"/>
        <run start="567" length="4" level="0"/>
    </section>
    <section id="577" first-pos="427">
        <run start="580" length="1" level="200"/>
        <run start="579" length="2" level="200"/>
        <run start="577" length="4" level="100"/>
        <run start="576" length="5" level="80"/>
        <run start="576" length="5" level="80"/>
        <run start="576" length="5" level="80"/>
        <run start="575" length="6" level="67"/>
        <run start="575" length="6" level="67"/>
        <run start="574" length="7" level="57"/>
        <run start="574" length="7" level="57"/>
        <run start="573" length="8" level="50"/>
        <run start="571" length="10" level="40"/>
    </section>
    <section id="603" first-pos="441">
        <run start="560" length="17" level="24"/>
        <run start="561" length="15" level="13"/>
        <run start="562" length="13" level="0"/>
        <run start="563" length="10" level="0"/>
        <run start="565" length="7" level="0"/>
    </section>
    <section id="604" first-pos="441">
        <run start="578" length="1" level="0"/>
    </section>
    <section id="605" first-pos="441">
        <run start="580" length="19" level="32"/>
        <run start="580" length="18" level="33"/>
        <run start="580" length="17" level="35"/>
        <run start="580" length="16" level="38"/>
        <run start="580" length="15" level="40"/>
        <run start="580" length="13" level="46"/>
    </section>
    <section id="613" first-pos="447">
        <run start="583" length="1" level="0"/>
    </section>
    <section id="614" first-pos="447">
        <run start="585" length="5" level="0"/>
    </section>
    <section id="593" first-pos="435">
        <run start="602" length="15" level="27"/>
        <run start="602" length="14" level="29"/>
        <run start="602" length="13" level="31"/>
        <run start="602" length="12" level="33"/>
        <run start="602" length="10" level="40"/>
        <run start="602" length="9" level="44"/>
        <run start="602" length="8" level="50"/>
        <run start="602" length="7" level="57"/>
        <run start="602" length="4" level="100"/>
    </section>
    <section id="567" first-pos="422">
        <run start="636" length="2" level="0"/>
        <run start="636" length="2" level="0"/>
        <run start="636" length="2" level="0"/>
        <run start="636" length="2" level="0"/>
        <run start="636" length="2" level="0"/>
        <run start="636" length="2" level="0"/>
        <run start="636" length="2" level="0"/>
        <run start="637" length="1" level="0"/>
        <run start="637" length="1" level="0"/>
        <run start="637" length="1" level="0"/>
        <run start="637" length="1" level="0"/>
        <run start="636" length="2" level="0"/>
        <run start="636" length="2" level="0"/>
    </section>
    <section id="594" first-pos="435">
        <run start="621" length="24" level="42"/>
        <run start="619" length="26" level="38"/>
        <run start="618" length="27" level="37"/>
        <run start="617" length="28" level="36"/>
        <run start="616" length="29" level="34"/>
        <run start="614" length="31" level="32"/>
        <run start="613" length="32" level="31"/>
        <run start="613" length="32" level="31"/>
    </section>
    <section id="590" first-pos="434">
        <run start="622" length="3" level="133"/>
    </section>
    <section id="591" first-pos="434">
        <run start="642" length="3" level="133"/>
    </section>
    <section id="610" first-pos="443">
        <run start="620" length="7" level="86"/>
    </section>
    <section id="611" first-pos="443">
        <run start="636" length="2" level="0"/>
        <run start="636" length="2" level="0"/>
        <run start="637" length="1" level="0"/>
        <run start="637" length="1" level="0"/>
    </section>
</stick>
