<?xml version="1.0" encoding="UTF-8"?>
<glyph id="770" interline="22" shape="TIME_THREE_FOUR">
    <is-within-system>true</is-within-system>
    <has-ledger>false</has-ledger>
    <stem-number>0</stem-number>
    <step-line>-0.18604651162790697</step-line>
    <moments>
        <k>2.1487603305785123</k>
        <k>1.3636363636363635</k>
        <k>3.9545454545454546</k>
        <k>0.05364167668269222</k>
        <k>0.008960960613905328</k>
        <k>0.6252157451923095</k>
        <k>-0.008564302225018493</k>
        <k>-0.006319207329814913</k>
        <k>-0.005008103201447156</k>
        <k>0.023585926746056956</k>
        <k>0.6788574218750018</k>
        <k>0.32701811105313244</k>
        <k>0.001851685234350915</k>
        <k>4.8234978845958416E-4</k>
        <k>-1.246763323898949E-7</k>
        <k>5.671905926702408E-5</k>
        <k>-4.38474162188368E-7</k>
        <k>433.6125</k>
        <k>349.725</k>
    </moments>
    <section id="550" first-pos="416">
        <run start="386" length="1" level="0"/>
        <run start="385" length="2" level="0"/>
        <run start="383" length="4" level="0"/>
        <run start="382" length="5" level="0"/>
        <run start="381" length="6" level="0"/>
    </section>
    <section id="561" first-pos="421">
        <run start="379" length="5" level="0"/>
        <run start="378" length="4" level="0"/>
        <run start="375" length="6" level="0"/>
    </section>
    <section id="571" first-pos="424">
        <run start="371" length="8" level="75"/>
        <run start="371" length="7" level="86"/>
        <run start="371" length="5" level="120"/>
        <run start="370" length="4" level="100"/>
        <run start="368" length="6" level="67"/>
        <run start="365" length="9" level="44"/>
        <run start="363" length="10" level="20"/>
    </section>
    <section id="565" first-pos="422">
        <run start="373" length="1" level="200"/>
        <run start="372" length="2" level="200"/>
    </section>
    <section id="580" first-pos="431">
        <run start="359" length="11" level="0"/>
        <run start="356" length="13" level="0"/>
        <run start="353" length="14" level="0"/>
    </section>
    <section id="587" first-pos="434">
        <run start="346" length="20" level="70"/>
        <run start="345" length="20" level="70"/>
        <run start="345" length="18" level="78"/>
        <run start="344" length="18" level="78"/>
        <run start="343" length="18" level="78"/>
        <run start="341" length="18" level="78"/>
    </section>
    <section id="582" first-pos="432">
        <run start="349" length="1" level="200"/>
        <run start="348" length="2" level="200"/>
    </section>
    <section id="599" first-pos="440">
        <run start="330" length="28" level="64"/>
        <run start="330" length="27" level="67"/>
        <run start="330" length="24" level="75"/>
    </section>
    <section id="597" first-pos="439">
        <run start="330" length="9" level="44"/>
    </section>
    <section id="595" first-pos="438">
        <run start="308" length="27" level="52"/>
    </section>
    <section id="568" first-pos="423">
        <run start="313" length="3" level="0"/>
        <run start="312" length="3" level="0"/>
        <run start="312" length="3" level="0"/>
        <run start="308" length="6" level="100"/>
        <run start="308" length="6" level="100"/>
        <run start="308" length="6" level="100"/>
        <run start="308" length="6" level="100"/>
        <run start="308" length="6" level="100"/>
        <run start="308" length="6" level="100"/>
        <run start="308" length="6" level="100"/>
        <run start="308" length="7" level="86"/>
        <run start="308" length="7" level="86"/>
        <run start="308" length="8" level="75"/>
        <run start="308" length="9" level="67"/>
        <run start="308" length="10" level="60"/>
    </section>
    <section id="555" first-pos="419">
        <run start="317" length="6" level="0"/>
        <run start="315" length="9" level="0"/>
        <run start="314" length="10" level="0"/>
        <run start="314" length="10" level="0"/>
    </section>
    <section id="569" first-pos="423">
        <run start="317" length="7" level="0"/>
        <run start="318" length="6" level="0"/>
        <run start="319" length="3" level="0"/>
    </section>
    <section id="576" first-pos="426">
        <run start="330" length="1" level="200"/>
        <run start="329" length="2" level="200"/>
        <run start="328" length="3" level="200"/>
        <run start="328" length="3" level="200"/>
        <run start="327" length="4" level="150"/>
        <run start="327" length="4" level="150"/>
        <run start="327" length="4" level="150"/>
        <run start="326" length="5" level="120"/>
        <run start="326" length="5" level="120"/>
        <run start="325" length="7" level="114"/>
        <run start="325" length="8" level="100"/>
        <run start="323" length="11" level="73"/>
    </section>
    <section id="596" first-pos="439">
        <run start="312" length="17" level="12"/>
        <run start="312" length="16" level="0"/>
        <run start="313" length="15" level="0"/>
        <run start="314" length="12" level="0"/>
        <run start="315" length="10" level="0"/>
        <run start="317" length="6" level="0"/>
    </section>
    <section id="608" first-pos="443">
        <run start="330" length="18" level="44"/>
        <run start="332" length="14" level="0"/>
        <run start="334" length="11" level="0"/>
    </section>
    <section id="609" first-pos="443">
        <run start="349" length="2" level="200"/>
    </section>
    <section id="581" first-pos="431">
        <run start="371" length="1" level="0"/>
    </section>
    <section id="562" first-pos="421">
        <run start="385" length="2" level="0"/>
        <run start="386" length="2" level="0"/>
        <run start="386" length="1" level="0"/>
        <run start="386" length="2" level="0"/>
        <run start="386" length="2" level="0"/>
        <run start="386" length="2" level="0"/>
        <run start="386" length="2" level="0"/>
        <run start="386" length="2" level="0"/>
        <run start="386" length="2" level="0"/>
        <run start="386" length="2" level="0"/>
        <run start="386" length="2" level="0"/>
        <run start="386" length="2" level="0"/>
        <run start="386" length="2" level="0"/>
    </section>
    <section id="588" first-pos="434">
        <run start="370" length="25" level="40"/>
        <run start="369" length="26" level="38"/>
        <run start="368" length="27" level="37"/>
        <run start="367" length="28" level="36"/>
        <run start="365" length="30" level="33"/>
        <run start="364" length="31" level="32"/>
        <run start="363" length="32" level="31"/>
    </section>
    <section id="583" first-pos="432">
        <run start="373" length="1" level="200"/>
        <run start="371" length="3" level="133"/>
    </section>
    <section id="584" first-pos="433">
        <run start="392" length="3" level="133"/>
    </section>
    <section id="601" first-pos="441">
        <run start="362" length="27" level="22"/>
    </section>
    <section id="606" first-pos="442">
        <run start="370" length="3" level="67"/>
    </section>
    <section id="607" first-pos="442">
        <run start="386" length="2" level="0"/>
        <run start="386" length="2" level="0"/>
        <run start="386" length="1" level="0"/>
    </section>
    <section id="602" first-pos="441">
        <run start="390" length="5" level="80"/>
    </section>
    <section id="551" first-pos="417">
        <run start="336" length="9" level="0"/>
        <run start="335" length="12" level="17"/>
        <run start="334" length="14" level="29"/>
    </section>
    <section id="557" first-pos="420">
        <run start="333" length="8" level="0"/>
        <run start="333" length="8" level="0"/>
        <run start="334" length="7" level="0"/>
        <run start="335" length="5" level="0"/>
        <run start="336" length="3" level="0"/>
    </section>
    <section id="558" first-pos="420">
        <run start="343" length="6" level="100"/>
        <run start="344" length="6" level="133"/>
        <run start="345" length="5" level="160"/>
        <run start="345" length="5" level="160"/>
        <run start="347" length="3" level="200"/>
        <run start="348" length="2" level="200"/>
        <run start="349" length="1" level="200"/>
    </section>
</glyph>
