<?xml version="1.0" encoding="UTF-8"?>
<stick id="481" interline="21" shape="STRUCTURE">
    <is-within-system>true</is-within-system>
    <has-ledger>true</has-ledger>
    <stem-number>0</stem-number>
    <step-line>-0.7441860465116279</step-line>
    <moments>
        <k>6.687074829931973</k>
        <k>6.380952380952381</k>
        <k>8.047619047619047</k>
        <k>0.6807626082014455</k>
        <k>-0.41081170531841393</k>
        <k>1.0418583165989321</k>
        <k>-0.005686877480969669</k>
        <k>-0.2366417249755613</k>
        <k>0.5124750221374877</k>
        <k>-0.7298411710606701</k>
        <k>1.7226209248003777</k>
        <k>0.8054551395295761</k>
        <k>2.3815911182885787</k>
        <k>1.190923411894977</k>
        <k>1.9937561618397757</k>
        <k>1.0494195619689246</k>
        <k>0.21827996506920852</k>
        <k>1985.0203458799592</k>
        <k>1178.1247880637504</k>
    </moments>
    <section id="3253" first-pos="1922">
        <run start="1205" length="4" level="188"/>
        <run start="1205" length="4" level="174"/>
    </section>
    <section id="3261" first-pos="1924">
        <run start="1172" length="64" level="113"/>
    </section>
    <section id="3263" first-pos="1925">
        <run start="1155" length="82" level="58"/>
        <run start="1153" length="85" level="55"/>
        <run start="1151" length="87" level="147"/>
    </section>
    <section id="3260" first-pos="1924">
        <run start="1160" length="11" level="127"/>
    </section>
    <section id="3258" first-pos="1923">
        <run start="1163" length="2" level="200"/>
    </section>
    <section id="3269" first-pos="1928">
        <run start="1150" length="15" level="47"/>
        <run start="1149" length="16" level="44"/>
        <run start="1148" length="17" level="41"/>
        <run start="1147" length="18" level="39"/>
        <run start="1146" length="19" level="32"/>
        <run start="1145" length="20" level="41"/>
        <run start="1144" length="21" level="48"/>
        <run start="1144" length="21" level="48"/>
        <run start="1144" length="21" level="48"/>
        <run start="1144" length="21" level="48"/>
        <run start="1144" length="21" level="48"/>
        <run start="1144" length="21" level="48"/>
        <run start="1144" length="21" level="48"/>
        <run start="1144" length="21" level="48"/>
        <run start="1144" length="20" level="41"/>
        <run start="1144" length="19" level="32"/>
        <run start="1144" length="18" level="33"/>
        <run start="1144" length="17" level="35"/>
        <run start="1144" length="16" level="37"/>
        <run start="1144" length="15" level="40"/>
        <run start="1145" length="12" level="34"/>
        <run start="1147" length="9" level="28"/>
        <run start="1149" length="5" level="51"/>
    </section>
    <section id="3270" first-pos="1928">
        <run start="1196" length="2" level="193"/>
    </section>
    <section id="3271" first-pos="1928">
        <run start="1205" length="4" level="199"/>
    </section>
    <section id="3272" first-pos="1928">
        <run start="1224" length="14" level="127"/>
        <run start="1224" length="13" level="128"/>
        <run start="1224" length="13" level="128"/>
        <run start="1224" length="13" level="128"/>
        <run start="1224" length="13" level="128"/>
        <run start="1224" length="13" level="128"/>
        <run start="1224" length="13" level="128"/>
        <run start="1224" length="13" level="128"/>
        <run start="1224" length="13" level="128"/>
        <run start="1224" length="13" level="128"/>
        <run start="1223" length="14" level="127"/>
        <run start="1223" length="14" level="119"/>
        <run start="1223" length="14" level="129"/>
        <run start="1223" length="14" level="127"/>
        <run start="1223" length="14" level="119"/>
        <run start="1223" length="14" level="119"/>
        <run start="1223" length="14" level="119"/>
        <run start="1223" length="14" level="119"/>
        <run start="1223" length="14" level="119"/>
        <run start="1223" length="14" level="119"/>
        <run start="1223" length="14" level="119"/>
        <run start="1223" length="14" level="127"/>
        <run start="1223" length="13" level="128"/>
        <run start="1223" length="13" level="128"/>
        <run start="1223" length="13" level="128"/>
        <run start="1223" length="13" level="120"/>
        <run start="1223" length="14" level="119"/>
        <run start="1223" length="13" level="119"/>
        <run start="1223" length="13" level="128"/>
        <run start="1223" length="13" level="128"/>
        <run start="1223" length="13" level="128"/>
        <run start="1223" length="13" level="128"/>
        <run start="1223" length="13" level="128"/>
        <run start="1223" length="13" level="128"/>
        <run start="1223" length="13" level="128"/>
        <run start="1222" length="14" level="127"/>
        <run start="1222" length="14" level="119"/>
        <run start="1222" length="14" level="119"/>
        <run start="1222" length="13" level="121"/>
        <run start="1223" length="12" level="119"/>
        <run start="1222" length="13" level="119"/>
        <run start="1222" length="13" level="110"/>
        <run start="1222" length="13" level="110"/>
        <run start="1222" length="13" level="110"/>
        <run start="1222" length="13" level="110"/>
        <run start="1222" length="13" level="109"/>
        <run start="1222" length="13" level="109"/>
        <run start="1222" length="13" level="109"/>
        <run start="1222" length="13" level="118"/>
        <run start="1222" length="9" level="91"/>
        <run start="1222" length="9" level="90"/>
        <run start="1222" length="9" level="90"/>
        <run start="1222" length="9" level="90"/>
        <run start="1222" length="9" level="90"/>
        <run start="1222" length="9" level="90"/>
        <run start="1222" length="9" level="90"/>
        <run start="1222" length="9" level="89"/>
        <run start="1222" length="9" level="89"/>
        <run start="1222" length="9" level="89"/>
        <run start="1221" length="10" level="92"/>
        <run start="1221" length="10" level="81"/>
        <run start="1221" length="10" level="81"/>
        <run start="1221" length="10" level="81"/>
        <run start="1221" length="10" level="81"/>
        <run start="1221" length="10" level="81"/>
        <run start="1221" length="10" level="81"/>
        <run start="1221" length="10" level="81"/>
        <run start="1221" length="10" level="81"/>
        <run start="1221" length="10" level="81"/>
        <run start="1221" length="10" level="81"/>
        <run start="1221" length="10" level="81"/>
        <run start="1221" length="10" level="81"/>
        <run start="1221" length="10" level="81"/>
        <run start="1221" length="10" level="81"/>
        <run start="1220" length="11" level="94"/>
        <run start="1220" length="11" level="94"/>
        <run start="1220" length="11" level="94"/>
        <run start="1220" length="11" level="94"/>
        <run start="1220" length="11" level="93"/>
        <run start="1220" length="11" level="93"/>
        <run start="1220" length="11" level="93"/>
        <run start="1220" length="11" level="93"/>
        <run start="1220" length="11" level="93"/>
        <run start="1220" length="11" level="93"/>
        <run start="1220" length="11" level="82"/>
        <run start="1219" length="12" level="85"/>
        <run start="1219" length="12" level="85"/>
        <run start="1219" length="12" level="85"/>
        <run start="1219" length="12" level="84"/>
        <run start="1219" length="12" level="84"/>
        <run start="1219" length="12" level="84"/>
        <run start="1219" length="12" level="84"/>
        <run start="1219" length="12" level="84"/>
        <run start="1219" length="12" level="84"/>
        <run start="1219" length="12" level="84"/>
        <run start="1219" length="12" level="84"/>
        <run start="1219" length="12" level="83"/>
        <run start="1219" length="12" level="83"/>
        <run start="1219" length="12" level="83"/>
        <run start="1219" length="12" level="83"/>
        <run start="1219" length="12" level="83"/>
        <run start="1218" length="13" level="85"/>
    </section>
    <section id="3379" first-pos="2030">
        <run start="1079" length="152" level="62"/>
        <run start="1078" length="153" level="45"/>
    </section>
    <section id="3374" first-pos="2029">
        <run start="1082" length="48" level="183"/>
    </section>
    <section id="3366" first-pos="2027">
        <run start="1100" length="1" level="200"/>
        <run start="1100" length="4" level="201"/>
    </section>
    <section id="3370" first-pos="2028">
        <run start="1120" length="4" level="207"/>
    </section>
    <section id="3367" first-pos="2027">
        <run start="1142" length="1" level="200"/>
        <run start="1142" length="4" level="167"/>
        <run start="1142" length="4" level="168"/>
    </section>
    <section id="3375" first-pos="2029">
        <run start="1161" length="6" level="180"/>
    </section>
    <section id="3371" first-pos="2028">
        <run start="1164" length="1" level="200"/>
    </section>
    <section id="3376" first-pos="2029">
        <run start="1186" length="3" level="172"/>
    </section>
    <section id="3377" first-pos="2029">
        <run start="1195" length="5" level="113"/>
    </section>
    <section id="3383" first-pos="2032">
        <run start="1077" length="79" level="76"/>
    </section>
    <section id="3387" first-pos="2033">
        <run start="1075" length="15" level="100"/>
        <run start="1074" length="16" level="100"/>
        <run start="1073" length="18" level="98"/>
        <run start="1072" length="19" level="85"/>
        <run start="1071" length="20" level="80"/>
        <run start="1071" length="20" level="73"/>
        <run start="1070" length="21" level="76"/>
        <run start="1070" length="21" level="70"/>
        <run start="1069" length="22" level="77"/>
        <run start="1069" length="21" level="70"/>
        <run start="1069" length="21" level="70"/>
        <run start="1069" length="21" level="70"/>
        <run start="1069" length="21" level="74"/>
        <run start="1069" length="20" level="73"/>
        <run start="1069" length="20" level="78"/>
        <run start="1069" length="19" level="77"/>
        <run start="1069" length="19" level="82"/>
        <run start="1069" length="18" level="94"/>
        <run start="1070" length="16" level="98"/>
        <run start="1070" length="15" level="112"/>
        <run start="1071" length="13" level="134"/>
        <run start="1072" length="10" level="147"/>
    </section>
    <section id="3412" first-pos="2055">
        <run start="1073" length="4" level="157"/>
    </section>
    <section id="3413" first-pos="2055">
        <run start="1078" length="1" level="200"/>
    </section>
    <section id="3388" first-pos="2033">
        <run start="1120" length="4" level="176"/>
    </section>
    <section id="3384" first-pos="2032">
        <run start="1157" length="51" level="132"/>
    </section>
    <section id="3389" first-pos="2033">
        <run start="1164" length="9" level="200"/>
    </section>
    <section id="3396" first-pos="2034">
        <run start="1164" length="3" level="159"/>
    </section>
    <section id="3390" first-pos="2033">
        <run start="1175" length="2" level="219"/>
    </section>
    <section id="3391" first-pos="2033">
        <run start="1186" length="3" level="159"/>
        <run start="1186" length="3" level="204"/>
    </section>
    <section id="3392" first-pos="2033">
        <run start="1192" length="1" level="208"/>
    </section>
    <section id="3385" first-pos="2032">
        <run start="1209" length="22" level="150"/>
    </section>
    <section id="3393" first-pos="2033">
        <run start="1212" length="2" level="206"/>
    </section>
    <section id="3394" first-pos="2033">
        <run start="1226" length="5" level="204"/>
    </section>
</stick>
