<?xml version="1.0" encoding="UTF-8"?>
<stick id="485" interline="21" shape="STRUCTURE">
    <is-within-system>true</is-within-system>
    <has-ledger>true</has-ledger>
    <stem-number>0</stem-number>
    <step-line>-6.976744186046512</step-line>
    <moments>
        <k>0.37188208616780044</k>
        <k>1.4285714285714286</k>
        <k>0.5714285714285714</k>
        <k>0.4615519943123297</k>
        <k>-0.017489226795896713</k>
        <k>0.04608265260225483</k>
        <k>-0.021525967709433214</k>
        <k>-0.06396288756930701</k>
        <k>0.007625534553183467</k>
        <k>-0.0032891803012691906</k>
        <k>0.5076346469145845</k>
        <k>0.17383826611667622</k>
        <k>0.03754135310823467</k>
        <k>0.0047160626747999555</k>
        <k>-5.826949833546287E-5</k>
        <k>-0.001864221802434787</k>
        <k>-2.3289911336158814E-5</k>
        <k>2010.0243902439024</k>
        <k>1110.5975609756097</k>
    </moments>
    <section id="3340" first-pos="1995">
        <run start="1107" length="3" level="195"/>
        <run start="1106" length="5" level="79"/>
        <run start="1106" length="5" level="5"/>
        <run start="1106" length="6" level="38"/>
        <run start="1106" length="7" level="41"/>
        <run start="1107" length="7" level="50"/>
        <run start="1109" length="5" level="17"/>
        <run start="1109" length="5" level="52"/>
        <run start="1110" length="5" level="58"/>
        <run start="1110" length="5" level="52"/>
        <run start="1111" length="5" level="58"/>
        <run start="1111" length="5" level="52"/>
        <run start="1111" length="5" level="52"/>
        <run start="1111" length="5" level="52"/>
        <run start="1111" length="5" level="52"/>
        <run start="1111" length="5" level="52"/>
        <run start="1111" length="5" level="52"/>
        <run start="1111" length="5" level="52"/>
        <run start="1111" length="5" level="52"/>
        <run start="1111" length="5" level="43"/>
        <run start="1110" length="6" level="52"/>
        <run start="1110" length="5" level="43"/>
        <run start="1109" length="6" level="44"/>
        <run start="1108" length="6" level="43"/>
        <run start="1107" length="7" level="65"/>
        <run start="1106" length="7" level="38"/>
        <run start="1105" length="7" level="38"/>
        <run start="1104" length="7" level="46"/>
        <run start="1104" length="6" level="64"/>
        <run start="1105" length="4" level="112"/>
    </section>
</stick>
