<?xml version="1.0" encoding="UTF-8"?>
<stick id="272" interline="22" shape="STRUCTURE">
    <is-within-system>true</is-within-system>
    <has-ledger>false</has-ledger>
    <stem-number>0</stem-number>
    <step-line>0.37209302325581395</step-line>
    <moments>
        <k>5.830578512396694</k>
        <k>6.636363636363637</k>
        <k>4.954545454545454</k>
        <k>0.8579957694299911</k>
        <k>0.020016684039821018</k>
        <k>0.5056270745798973</k>
        <k>0.1866397717302487</k>
        <k>-0.22858628055698565</k>
        <k>-0.09612343270067204</k>
        <k>-0.1467159172659575</k>
        <k>1.3636228440098885</k>
        <k>0.12576636767015864</k>
        <k>0.5162018407931471</k>
        <k>0.14904494732204882</k>
        <k>-0.04133829417895811</k>
        <k>-0.04946465937343758</k>
        <k>-5.104695243910752E-4</k>
        <k>630.4893692416725</k>
        <k>614.318214032601</k>
    </moments>
    <section id="1272" first-pos="568">
        <run start="588" length="1" level="200"/>
        <run start="588" length="4" level="200"/>
    </section>
    <section id="1278" first-pos="570">
        <run start="559" length="81" level="168"/>
    </section>
    <section id="1275" first-pos="569">
        <run start="595" length="2" level="208"/>
    </section>
    <section id="1276" first-pos="569">
        <run start="601" length="2" level="212"/>
    </section>
    <section id="1282" first-pos="571">
        <run start="556" length="97" level="47"/>
        <run start="555" length="100" level="56"/>
    </section>
    <section id="1305" first-pos="573">
        <run start="553" length="19" level="88"/>
        <run start="552" length="16" level="52"/>
        <run start="551" length="17" level="49"/>
        <run start="550" length="18" level="46"/>
        <run start="549" length="19" level="44"/>
        <run start="549" length="19" level="39"/>
        <run start="548" length="20" level="41"/>
        <run start="548" length="20" level="37"/>
        <run start="547" length="21" level="39"/>
        <run start="547" length="21" level="35"/>
        <run start="547" length="21" level="35"/>
        <run start="546" length="22" level="37"/>
        <run start="546" length="22" level="34"/>
        <run start="546" length="22" level="33"/>
        <run start="546" length="22" level="33"/>
        <run start="546" length="22" level="33"/>
        <run start="546" length="22" level="37"/>
        <run start="546" length="21" level="40"/>
        <run start="547" length="18" level="23"/>
        <run start="547" length="17" level="33"/>
        <run start="547" length="15" level="39"/>
        <run start="548" length="13" level="45"/>
        <run start="549" length="11" level="67"/>
        <run start="550" length="8" level="173"/>
    </section>
    <section id="1306" first-pos="573">
        <run start="573" length="3" level="172"/>
    </section>
    <section id="1307" first-pos="573">
        <run start="579" length="76" level="97"/>
    </section>
    <section id="1309" first-pos="574">
        <run start="641" length="14" level="68"/>
        <run start="641" length="14" level="67"/>
        <run start="641" length="14" level="67"/>
        <run start="641" length="14" level="67"/>
        <run start="641" length="14" level="67"/>
        <run start="641" length="14" level="67"/>
        <run start="641" length="14" level="67"/>
        <run start="641" length="14" level="67"/>
        <run start="641" length="14" level="67"/>
        <run start="641" length="14" level="68"/>
        <run start="642" length="13" level="71"/>
        <run start="642" length="13" level="71"/>
        <run start="642" length="13" level="70"/>
        <run start="641" length="14" level="68"/>
        <run start="642" length="13" level="71"/>
        <run start="642" length="13" level="71"/>
        <run start="642" length="13" level="71"/>
        <run start="642" length="13" level="71"/>
        <run start="642" length="13" level="71"/>
        <run start="642" length="13" level="70"/>
        <run start="642" length="13" level="70"/>
        <run start="642" length="13" level="70"/>
        <run start="642" length="13" level="70"/>
        <run start="642" length="13" level="70"/>
        <run start="642" length="13" level="70"/>
        <run start="642" length="13" level="71"/>
        <run start="643" length="12" level="75"/>
        <run start="643" length="12" level="75"/>
        <run start="643" length="12" level="75"/>
        <run start="643" length="12" level="75"/>
        <run start="643" length="12" level="75"/>
        <run start="643" length="12" level="75"/>
        <run start="643" length="12" level="75"/>
        <run start="643" length="12" level="74"/>
        <run start="643" length="12" level="74"/>
        <run start="643" length="12" level="74"/>
        <run start="643" length="12" level="74"/>
        <run start="643" length="12" level="74"/>
        <run start="643" length="12" level="74"/>
        <run start="643" length="12" level="74"/>
        <run start="643" length="12" level="73"/>
        <run start="643" length="12" level="73"/>
        <run start="643" length="12" level="73"/>
        <run start="643" length="12" level="73"/>
        <run start="643" length="12" level="73"/>
        <run start="643" length="12" level="75"/>
        <run start="644" length="11" level="79"/>
        <run start="644" length="11" level="79"/>
        <run start="644" length="11" level="79"/>
        <run start="644" length="11" level="79"/>
        <run start="644" length="11" level="79"/>
        <run start="644" length="11" level="78"/>
        <run start="644" length="11" level="78"/>
        <run start="644" length="11" level="78"/>
        <run start="644" length="11" level="78"/>
        <run start="644" length="11" level="78"/>
        <run start="644" length="11" level="78"/>
        <run start="644" length="11" level="78"/>
        <run start="644" length="11" level="78"/>
        <run start="644" length="11" level="77"/>
        <run start="644" length="11" level="77"/>
        <run start="644" length="11" level="77"/>
        <run start="644" length="11" level="77"/>
        <run start="644" length="11" level="79"/>
        <run start="645" length="10" level="84"/>
        <run start="645" length="10" level="84"/>
        <run start="644" length="11" level="76"/>
        <run start="644" length="11" level="78"/>
        <run start="645" length="10" level="84"/>
        <run start="645" length="10" level="83"/>
        <run start="645" length="10" level="83"/>
        <run start="645" length="10" level="83"/>
        <run start="645" length="10" level="83"/>
        <run start="645" length="10" level="83"/>
        <run start="645" length="10" level="83"/>
        <run start="645" length="10" level="83"/>
        <run start="645" length="10" level="82"/>
        <run start="645" length="10" level="82"/>
        <run start="645" length="10" level="82"/>
        <run start="645" length="10" level="82"/>
        <run start="645" length="10" level="82"/>
        <run start="645" length="10" level="82"/>
        <run start="645" length="10" level="81"/>
        <run start="645" length="10" level="81"/>
        <run start="645" length="10" level="81"/>
        <run start="645" length="10" level="81"/>
        <run start="645" length="10" level="81"/>
        <run start="645" length="10" level="81"/>
        <run start="645" length="10" level="81"/>
        <run start="645" length="10" level="81"/>
        <run start="645" length="10" level="81"/>
        <run start="645" length="10" level="81"/>
        <run start="645" length="10" level="81"/>
        <run start="645" length="10" level="82"/>
        <run start="646" length="9" level="89"/>
        <run start="646" length="9" level="89"/>
        <run start="646" length="9" level="89"/>
        <run start="646" length="9" level="89"/>
        <run start="646" length="9" level="89"/>
        <run start="646" length="9" level="89"/>
        <run start="646" length="9" level="89"/>
        <run start="646" length="9" level="89"/>
        <run start="646" length="9" level="89"/>
        <run start="646" length="9" level="89"/>
        <run start="646" length="9" level="89"/>
        <run start="646" length="9" level="89"/>
        <run start="645" length="10" level="103"/>
        <run start="645" length="10" level="103"/>
        <run start="645" length="10" level="103"/>
        <run start="645" length="10" level="103"/>
        <run start="645" length="10" level="103"/>
        <run start="645" length="10" level="102"/>
        <run start="645" length="10" level="101"/>
    </section>
    <section id="1487" first-pos="687">
        <run start="582" length="73" level="46"/>
        <run start="578" length="77" level="49"/>
        <run start="577" length="78" level="79"/>
    </section>
    <section id="1486" first-pos="686">
        <run start="583" length="57" level="184"/>
    </section>
    <section id="1477" first-pos="684">
        <run start="630" length="4" level="206"/>
        <run start="630" length="4" level="159"/>
    </section>
    <section id="1492" first-pos="690">
        <run start="576" length="16" level="65"/>
        <run start="575" length="14" level="37"/>
        <run start="574" length="15" level="34"/>
        <run start="573" length="16" level="32"/>
        <run start="572" length="17" level="30"/>
        <run start="571" length="18" level="34"/>
        <run start="570" length="19" level="39"/>
        <run start="569" length="20" level="36"/>
        <run start="568" length="21" level="39"/>
        <run start="567" length="22" level="46"/>
        <run start="567" length="22" level="46"/>
        <run start="567" length="22" level="46"/>
        <run start="567" length="22" level="46"/>
        <run start="567" length="22" level="46"/>
        <run start="567" length="22" level="46"/>
        <run start="567" length="22" level="46"/>
        <run start="567" length="21" level="39"/>
        <run start="567" length="20" level="38"/>
        <run start="567" length="19" level="42"/>
        <run start="567" length="18" level="45"/>
        <run start="567" length="17" level="60"/>
    </section>
    <section id="1507" first-pos="711">
        <run start="570" length="12" level="54"/>
        <run start="572" length="9" level="85"/>
        <run start="574" length="5" level="152"/>
    </section>
    <section id="1493" first-pos="690">
        <run start="610" length="3" level="168"/>
    </section>
    <section id="1494" first-pos="690">
        <run start="630" length="4" level="169"/>
    </section>
    <section id="1495" first-pos="690">
        <run start="650" length="5" level="202"/>
        <run start="650" length="5" level="202"/>
        <run start="653" length="2" level="200"/>
    </section>
</stick>
