<?xml version="1.0" encoding="UTF-8"?>
<stick id="487" interline="21" shape="STRUCTURE">
    <is-within-system>true</is-within-system>
    <has-ledger>true</has-ledger>
    <stem-number>0</stem-number>
    <step-line>-0.6511627906976745</step-line>
    <moments>
        <k>7.090702947845805</k>
        <k>6.904761904761905</k>
        <k>8.095238095238095</k>
        <k>0.7531979793023079</k>
        <k>-0.38574226632414527</k>
        <k>0.972498949151362</k>
        <k>-0.06464602376749372</k>
        <k>-0.24031939332048158</k>
        <k>0.5138640338114591</k>
        <k>-0.7380560878254555</k>
        <k>1.72569692845367</k>
        <k>0.6432812994922871</k>
        <k>2.5802932533053475</k>
        <k>1.159015402655404</k>
        <k>1.9323250713709117</k>
        <k>0.8438056262358059</k>
        <k>0.532392944317513</k>
        <k>2194.025263831148</k>
        <k>1179.4131755676367</k>
    </moments>
    <section id="3487" first-pos="2124">
        <run start="1164" length="1" level="200"/>
        <run start="1164" length="4" level="206"/>
    </section>
    <section id="3495" first-pos="2126">
        <run start="1156" length="80" level="74"/>
        <run start="1154" length="83" level="51"/>
        <run start="1152" length="86" level="145"/>
    </section>
    <section id="3491" first-pos="2125">
        <run start="1171" length="32" level="78"/>
    </section>
    <section id="3488" first-pos="2124">
        <run start="1186" length="3" level="209"/>
    </section>
    <section id="3492" first-pos="2125">
        <run start="1205" length="1" level="112"/>
    </section>
    <section id="3489" first-pos="2124">
        <run start="1208" length="2" level="200"/>
        <run start="1208" length="5" level="139"/>
    </section>
    <section id="3493" first-pos="2125">
        <run start="1222" length="2" level="126"/>
    </section>
    <section id="3494" first-pos="2125">
        <run start="1226" length="5" level="188"/>
    </section>
    <section id="3496" first-pos="2129">
        <run start="1151" length="14" level="46"/>
        <run start="1149" length="16" level="40"/>
        <run start="1148" length="17" level="38"/>
        <run start="1148" length="17" level="38"/>
        <run start="1147" length="18" level="36"/>
        <run start="1146" length="19" level="34"/>
        <run start="1145" length="20" level="31"/>
        <run start="1144" length="21" level="39"/>
        <run start="1144" length="21" level="39"/>
        <run start="1143" length="22" level="46"/>
        <run start="1143" length="22" level="46"/>
        <run start="1143" length="22" level="46"/>
        <run start="1143" length="22" level="46"/>
        <run start="1143" length="22" level="46"/>
        <run start="1143" length="21" level="39"/>
        <run start="1143" length="20" level="31"/>
        <run start="1143" length="19" level="22"/>
        <run start="1143" length="18" level="23"/>
        <run start="1143" length="17" level="24"/>
        <run start="1143" length="16" level="26"/>
        <run start="1145" length="13" level="2"/>
        <run start="1147" length="10" level="1"/>
        <run start="1149" length="6" level="2"/>
    </section>
    <section id="3497" first-pos="2129">
        <run start="1172" length="2" level="221"/>
    </section>
    <section id="3498" first-pos="2129">
        <run start="1186" length="3" level="208"/>
    </section>
    <section id="3499" first-pos="2129">
        <run start="1205" length="4" level="195"/>
        <run start="1208" length="1" level="200"/>
    </section>
    <section id="3500" first-pos="2129">
        <run start="1223" length="15" level="120"/>
        <run start="1224" length="14" level="119"/>
        <run start="1224" length="13" level="110"/>
        <run start="1224" length="13" level="118"/>
        <run start="1224" length="12" level="119"/>
        <run start="1224" length="12" level="119"/>
        <run start="1224" length="12" level="119"/>
        <run start="1224" length="12" level="119"/>
        <run start="1224" length="12" level="119"/>
        <run start="1224" length="12" level="118"/>
        <run start="1223" length="13" level="118"/>
        <run start="1223" length="13" level="109"/>
        <run start="1223" length="13" level="109"/>
        <run start="1223" length="13" level="109"/>
        <run start="1223" length="13" level="109"/>
        <run start="1223" length="13" level="109"/>
        <run start="1223" length="13" level="109"/>
        <run start="1223" length="13" level="108"/>
        <run start="1223" length="13" level="117"/>
        <run start="1223" length="13" level="118"/>
        <run start="1223" length="13" level="117"/>
        <run start="1223" length="12" level="117"/>
        <run start="1223" length="12" level="117"/>
        <run start="1223" length="12" level="117"/>
        <run start="1223" length="12" level="118"/>
        <run start="1223" length="12" level="118"/>
        <run start="1223" length="12" level="118"/>
        <run start="1223" length="12" level="118"/>
        <run start="1222" length="13" level="117"/>
        <run start="1222" length="13" level="109"/>
        <run start="1222" length="13" level="109"/>
        <run start="1222" length="13" level="109"/>
        <run start="1222" length="13" level="120"/>
        <run start="1223" length="12" level="119"/>
        <run start="1222" length="13" level="118"/>
        <run start="1222" length="13" level="110"/>
        <run start="1222" length="13" level="110"/>
        <run start="1222" length="13" level="119"/>
        <run start="1221" length="10" level="103"/>
        <run start="1221" length="10" level="103"/>
        <run start="1221" length="10" level="103"/>
        <run start="1221" length="10" level="103"/>
        <run start="1221" length="10" level="103"/>
        <run start="1221" length="10" level="103"/>
        <run start="1221" length="10" level="102"/>
        <run start="1221" length="10" level="102"/>
        <run start="1221" length="10" level="102"/>
        <run start="1221" length="10" level="102"/>
        <run start="1221" length="10" level="102"/>
        <run start="1221" length="10" level="102"/>
        <run start="1221" length="10" level="101"/>
        <run start="1221" length="10" level="101"/>
        <run start="1221" length="10" level="90"/>
        <run start="1220" length="11" level="92"/>
        <run start="1220" length="11" level="92"/>
        <run start="1220" length="11" level="92"/>
        <run start="1220" length="11" level="91"/>
        <run start="1220" length="11" level="91"/>
        <run start="1220" length="11" level="91"/>
        <run start="1220" length="11" level="91"/>
        <run start="1220" length="11" level="91"/>
        <run start="1220" length="11" level="91"/>
        <run start="1220" length="11" level="91"/>
        <run start="1220" length="11" level="90"/>
        <run start="1220" length="11" level="90"/>
        <run start="1219" length="12" level="92"/>
        <run start="1219" length="12" level="83"/>
        <run start="1219" length="12" level="82"/>
        <run start="1219" length="12" level="82"/>
        <run start="1219" length="12" level="82"/>
        <run start="1219" length="12" level="82"/>
        <run start="1219" length="12" level="82"/>
        <run start="1219" length="12" level="82"/>
        <run start="1219" length="12" level="82"/>
        <run start="1219" length="12" level="82"/>
        <run start="1219" length="12" level="81"/>
        <run start="1219" length="12" level="81"/>
        <run start="1219" length="12" level="81"/>
        <run start="1219" length="12" level="81"/>
        <run start="1219" length="12" level="81"/>
        <run start="1219" length="12" level="81"/>
        <run start="1218" length="13" level="83"/>
        <run start="1218" length="13" level="74"/>
        <run start="1218" length="13" level="74"/>
        <run start="1218" length="13" level="74"/>
        <run start="1218" length="13" level="74"/>
        <run start="1218" length="13" level="74"/>
        <run start="1218" length="13" level="74"/>
        <run start="1218" length="13" level="74"/>
        <run start="1218" length="13" level="74"/>
        <run start="1218" length="13" level="73"/>
        <run start="1218" length="13" level="73"/>
        <run start="1218" length="13" level="73"/>
        <run start="1218" length="13" level="73"/>
        <run start="1218" length="13" level="73"/>
        <run start="1218" length="13" level="73"/>
        <run start="1218" length="13" level="73"/>
        <run start="1218" length="13" level="73"/>
        <run start="1218" length="13" level="73"/>
        <run start="1217" length="14" level="75"/>
        <run start="1217" length="14" level="67"/>
        <run start="1217" length="14" level="67"/>
        <run start="1217" length="14" level="67"/>
        <run start="1217" length="14" level="67"/>
        <run start="1217" length="14" level="67"/>
        <run start="1217" length="14" level="67"/>
        <run start="1217" length="14" level="67"/>
        <run start="1217" length="14" level="66"/>
        <run start="1217" length="14" level="66"/>
        <run start="1217" length="14" level="66"/>
        <run start="1217" length="14" level="66"/>
        <run start="1216" length="15" level="69"/>
        <run start="1216" length="15" level="62"/>
    </section>
    <section id="3584" first-pos="2242">
        <run start="1077" length="154" level="70"/>
        <run start="1076" length="155" level="48"/>
        <run start="1075" length="156" level="71"/>
    </section>
    <section id="3581" first-pos="2241">
        <run start="1081" length="9" level="186"/>
    </section>
    <section id="3582" first-pos="2241">
        <run start="1091" length="39" level="194"/>
    </section>
    <section id="3580" first-pos="2240">
        <run start="1118" length="3" level="172"/>
    </section>
    <section id="3585" first-pos="2245">
        <run start="1074" length="15" level="80"/>
        <run start="1073" length="16" level="75"/>
        <run start="1072" length="18" level="76"/>
        <run start="1071" length="19" level="63"/>
        <run start="1071" length="19" level="56"/>
        <run start="1070" length="20" level="60"/>
        <run start="1070" length="20" level="54"/>
        <run start="1069" length="21" level="57"/>
        <run start="1069" length="21" level="51"/>
        <run start="1069" length="21" level="55"/>
        <run start="1068" length="21" level="57"/>
        <run start="1068" length="21" level="51"/>
        <run start="1068" length="21" level="51"/>
        <run start="1068" length="21" level="55"/>
        <run start="1068" length="20" level="54"/>
        <run start="1068" length="20" level="58"/>
        <run start="1068" length="19" level="61"/>
        <run start="1068" length="18" level="72"/>
        <run start="1069" length="16" level="73"/>
        <run start="1069" length="15" level="86"/>
        <run start="1070" length="13" level="90"/>
        <run start="1070" length="12" level="111"/>
        <run start="1072" length="9" level="110"/>
    </section>
    <section id="3608" first-pos="2268">
        <run start="1073" length="4" level="123"/>
    </section>
    <section id="3586" first-pos="2245">
        <run start="1097" length="7" level="190"/>
    </section>
    <section id="3592" first-pos="2246">
        <run start="1100" length="1" level="200"/>
    </section>
    <section id="3587" first-pos="2245">
        <run start="1118" length="6" level="183"/>
    </section>
    <section id="3593" first-pos="2246">
        <run start="1120" length="1" level="200"/>
    </section>
    <section id="3588" first-pos="2245">
        <run start="1164" length="44" level="196"/>
    </section>
    <section id="3594" first-pos="2246">
        <run start="1186" length="3" level="183"/>
    </section>
    <section id="3589" first-pos="2245">
        <run start="1210" length="1" level="216"/>
    </section>
    <section id="3590" first-pos="2245">
        <run start="1212" length="7" level="166"/>
    </section>
    <section id="3591" first-pos="2245">
        <run start="1226" length="5" level="197"/>
    </section>
</stick>
