<?xml version="1.0" encoding="UTF-8"?>
<stick id="291" interline="22" shape="STRUCTURE">
    <is-within-system>true</is-within-system>
    <has-ledger>true</has-ledger>
    <stem-number>0</stem-number>
    <step-line>3.255813953488372</step-line>
    <moments>
        <k>7.667355371900826</k>
        <k>7.863636363636363</k>
        <k>7.2272727272727275</k>
        <k>0.8583720089937135</k>
        <k>-0.284745750406196</k>
        <k>0.6190787925526223</k>
        <k>-0.11812641218948078</k>
        <k>-0.25238233710788055</k>
        <k>0.3312662545800467</k>
        <k>-0.48318431383427085</k>
        <k>1.4774508015463357</k>
        <k>0.38158181293227356</k>
        <k>1.3114331564817707</k>
        <k>0.5864868903925282</k>
        <k>0.2923499855924005</k>
        <k>0.059967288507511624</k>
        <k>0.4231897920726554</k>
        <k>938.7774184855834</k>
        <k>644.7722985718135</k>
    </moments>
    <section id="1682" first-pos="853">
        <run start="632" length="1" level="200"/>
    </section>
    <section id="1685" first-pos="854">
        <run start="629" length="6" level="207"/>
    </section>
    <section id="1689" first-pos="855">
        <run start="614" length="25" level="197"/>
    </section>
    <section id="1696" first-pos="856">
        <run start="608" length="87" level="42"/>
        <run start="608" length="87" level="32"/>
    </section>
    <section id="1688" first-pos="855">
        <run start="610" length="1" level="200"/>
    </section>
    <section id="1690" first-pos="855">
        <run start="650" length="8" level="131"/>
    </section>
    <section id="1686" first-pos="854">
        <run start="652" length="3" level="200"/>
    </section>
    <section id="1691" first-pos="855">
        <run start="668" length="9" level="51"/>
    </section>
    <section id="1692" first-pos="855">
        <run start="688" length="2" level="153"/>
    </section>
    <section id="1693" first-pos="855">
        <run start="691" length="2" level="156"/>
    </section>
    <section id="1706" first-pos="858">
        <run start="608" length="51" level="78"/>
    </section>
    <section id="1708" first-pos="859">
        <run start="606" length="14" level="84"/>
        <run start="605" length="16" level="75"/>
        <run start="604" length="17" level="63"/>
        <run start="604" length="17" level="59"/>
        <run start="603" length="18" level="56"/>
        <run start="602" length="19" level="56"/>
        <run start="602" length="20" level="60"/>
        <run start="601" length="21" level="51"/>
        <run start="601" length="21" level="51"/>
        <run start="600" length="21" level="51"/>
        <run start="600" length="21" level="51"/>
        <run start="600" length="21" level="54"/>
        <run start="600" length="20" level="54"/>
        <run start="600" length="20" level="54"/>
        <run start="600" length="20" level="56"/>
        <run start="600" length="19" level="59"/>
        <run start="600" length="18" level="59"/>
        <run start="600" length="18" level="63"/>
        <run start="600" length="17" level="71"/>
        <run start="601" length="15" level="75"/>
        <run start="601" length="14" level="90"/>
        <run start="602" length="11" level="104"/>
        <run start="604" length="8" level="135"/>
    </section>
    <section id="1746" first-pos="882">
        <run start="608" length="2" level="198"/>
    </section>
    <section id="1707" first-pos="858">
        <run start="675" length="20" level="79"/>
    </section>
    <section id="1709" first-pos="859">
        <run start="681" length="14" level="33"/>
        <run start="681" length="13" level="21"/>
        <run start="681" length="13" level="21"/>
        <run start="681" length="13" level="21"/>
        <run start="681" length="13" level="20"/>
        <run start="681" length="13" level="21"/>
        <run start="681" length="13" level="21"/>
        <run start="681" length="13" level="21"/>
        <run start="681" length="13" level="21"/>
        <run start="681" length="13" level="21"/>
        <run start="680" length="14" level="22"/>
        <run start="680" length="14" level="19"/>
        <run start="680" length="14" level="33"/>
        <run start="680" length="13" level="21"/>
        <run start="680" length="13" level="21"/>
        <run start="680" length="13" level="21"/>
        <run start="680" length="13" level="21"/>
        <run start="680" length="13" level="21"/>
        <run start="680" length="13" level="21"/>
        <run start="680" length="13" level="21"/>
        <run start="680" length="13" level="21"/>
        <run start="679" length="14" level="22"/>
        <run start="679" length="14" level="19"/>
        <run start="679" length="14" level="33"/>
        <run start="679" length="13" level="21"/>
        <run start="679" length="13" level="21"/>
        <run start="679" length="13" level="21"/>
        <run start="679" length="13" level="21"/>
        <run start="679" length="13" level="21"/>
        <run start="679" length="13" level="21"/>
        <run start="679" length="13" level="21"/>
        <run start="679" length="13" level="21"/>
        <run start="678" length="14" level="22"/>
        <run start="679" length="13" level="34"/>
        <run start="678" length="13" level="23"/>
        <run start="678" length="13" level="21"/>
        <run start="678" length="13" level="21"/>
        <run start="678" length="13" level="21"/>
        <run start="678" length="13" level="21"/>
        <run start="678" length="13" level="21"/>
        <run start="678" length="13" level="21"/>
        <run start="678" length="13" level="21"/>
        <run start="678" length="13" level="21"/>
        <run start="678" length="13" level="21"/>
        <run start="678" length="13" level="21"/>
        <run start="678" length="12" level="20"/>
        <run start="677" length="13" level="23"/>
        <run start="677" length="13" level="21"/>
        <run start="677" length="13" level="21"/>
        <run start="677" length="13" level="21"/>
        <run start="677" length="13" level="21"/>
        <run start="677" length="13" level="21"/>
        <run start="677" length="13" level="21"/>
        <run start="677" length="13" level="21"/>
        <run start="677" length="13" level="21"/>
        <run start="677" length="13" level="21"/>
        <run start="676" length="14" level="21"/>
        <run start="676" length="13" level="19"/>
        <run start="676" length="13" level="21"/>
        <run start="676" length="13" level="21"/>
        <run start="676" length="13" level="21"/>
        <run start="676" length="13" level="21"/>
        <run start="676" length="13" level="20"/>
        <run start="676" length="13" level="21"/>
        <run start="676" length="13" level="21"/>
        <run start="676" length="13" level="21"/>
        <run start="676" length="13" level="21"/>
        <run start="676" length="12" level="20"/>
        <run start="676" length="13" level="24"/>
        <run start="675" length="13" level="21"/>
        <run start="675" length="13" level="21"/>
        <run start="675" length="13" level="21"/>
        <run start="675" length="13" level="21"/>
        <run start="675" length="13" level="21"/>
        <run start="675" length="13" level="21"/>
        <run start="675" length="13" level="21"/>
        <run start="675" length="13" level="21"/>
        <run start="675" length="13" level="21"/>
        <run start="675" length="13" level="21"/>
        <run start="674" length="14" level="21"/>
        <run start="674" length="13" level="18"/>
        <run start="674" length="13" level="21"/>
        <run start="674" length="13" level="20"/>
        <run start="674" length="13" level="21"/>
        <run start="674" length="13" level="21"/>
        <run start="674" length="13" level="21"/>
        <run start="674" length="13" level="21"/>
        <run start="674" length="13" level="21"/>
        <run start="674" length="13" level="21"/>
        <run start="674" length="13" level="21"/>
        <run start="673" length="14" level="21"/>
        <run start="673" length="14" level="19"/>
        <run start="673" length="13" level="18"/>
        <run start="673" length="13" level="21"/>
        <run start="673" length="13" level="21"/>
        <run start="673" length="13" level="21"/>
        <run start="673" length="13" level="21"/>
        <run start="673" length="13" level="21"/>
        <run start="673" length="13" level="21"/>
        <run start="673" length="13" level="21"/>
        <run start="673" length="13" level="21"/>
        <run start="673" length="13" level="21"/>
        <run start="673" length="13" level="20"/>
        <run start="673" length="13" level="21"/>
        <run start="672" length="14" level="21"/>
        <run start="672" length="14" level="19"/>
        <run start="672" length="13" level="18"/>
        <run start="672" length="13" level="21"/>
        <run start="672" length="13" level="21"/>
        <run start="672" length="13" level="21"/>
        <run start="672" length="13" level="21"/>
        <run start="672" length="13" level="20"/>
        <run start="672" length="13" level="21"/>
        <run start="671" length="14" level="21"/>
        <run start="672" length="13" level="20"/>
        <run start="672" length="12" level="3"/>
        <run start="671" length="13" level="5"/>
        <run start="671" length="13" level="18"/>
        <run start="671" length="12" level="3"/>
        <run start="671" length="12" level="3"/>
        <run start="671" length="12" level="3"/>
        <run start="671" length="12" level="3"/>
        <run start="671" length="12" level="2"/>
        <run start="671" length="12" level="2"/>
        <run start="670" length="13" level="4"/>
        <run start="670" length="13" level="2"/>
        <run start="670" length="13" level="2"/>
        <run start="670" length="13" level="2"/>
        <run start="670" length="13" level="2"/>
        <run start="670" length="13" level="18"/>
        <run start="670" length="12" level="1"/>
        <run start="670" length="12" level="1"/>
        <run start="670" length="12" level="1"/>
        <run start="670" length="12" level="1"/>
        <run start="669" length="13" level="3"/>
        <run start="669" length="13" level="1"/>
        <run start="669" length="13" level="1"/>
        <run start="669" length="13" level="1"/>
        <run start="669" length="13" level="2"/>
        <run start="669" length="13" level="2"/>
    </section>
    <section id="1927" first-pos="999">
        <run start="546" length="136" level="35"/>
    </section>
    <section id="1918" first-pos="998">
        <run start="548" length="90" level="146"/>
    </section>
    <section id="1912" first-pos="997">
        <run start="565" length="5" level="168"/>
    </section>
    <section id="1913" first-pos="997">
        <run start="583" length="2" level="146"/>
    </section>
    <section id="1914" first-pos="997">
        <run start="586" length="6" level="175"/>
    </section>
    <section id="1915" first-pos="997">
        <run start="620" length="1" level="202"/>
    </section>
    <section id="1916" first-pos="997">
        <run start="625" length="1" level="210"/>
    </section>
    <section id="1917" first-pos="997">
        <run start="630" length="3" level="203"/>
    </section>
    <section id="1834" first-pos="974">
        <run start="652" length="12" level="71"/>
        <run start="652" length="12" level="67"/>
        <run start="652" length="12" level="67"/>
        <run start="652" length="12" level="67"/>
        <run start="652" length="12" level="67"/>
        <run start="652" length="12" level="67"/>
        <run start="652" length="12" level="67"/>
        <run start="652" length="12" level="67"/>
        <run start="652" length="12" level="67"/>
        <run start="652" length="12" level="67"/>
        <run start="652" length="12" level="67"/>
        <run start="652" length="11" level="73"/>
        <run start="652" length="11" level="73"/>
        <run start="652" length="11" level="73"/>
        <run start="652" length="11" level="73"/>
        <run start="652" length="11" level="73"/>
        <run start="652" length="11" level="73"/>
        <run start="652" length="11" level="73"/>
        <run start="652" length="11" level="73"/>
        <run start="652" length="11" level="73"/>
        <run start="652" length="11" level="74"/>
        <run start="652" length="11" level="74"/>
        <run start="652" length="11" level="74"/>
        <run start="652" length="11" level="74"/>
        <run start="649" length="14" level="87"/>
    </section>
    <section id="1830" first-pos="972">
        <run start="652" length="2" level="200"/>
        <run start="652" length="5" level="205"/>
    </section>
    <section id="1941" first-pos="1000">
        <run start="546" length="63" level="48"/>
    </section>
    <section id="1945" first-pos="1001">
        <run start="545" length="12" level="81"/>
        <run start="542" length="15" level="85"/>
        <run start="542" length="15" level="68"/>
        <run start="541" length="16" level="69"/>
        <run start="540" length="17" level="65"/>
        <run start="539" length="19" level="63"/>
        <run start="539" length="19" level="55"/>
        <run start="538" length="20" level="55"/>
        <run start="538" length="20" level="52"/>
        <run start="537" length="21" level="68"/>
        <run start="537" length="20" level="55"/>
        <run start="536" length="21" level="60"/>
        <run start="536" length="21" level="60"/>
        <run start="536" length="21" level="68"/>
        <run start="536" length="20" level="63"/>
        <run start="536" length="20" level="71"/>
        <run start="536" length="19" level="67"/>
        <run start="536" length="19" level="75"/>
        <run start="536" length="18" level="79"/>
        <run start="537" length="16" level="85"/>
        <run start="537" length="15" level="106"/>
        <run start="538" length="12" level="111"/>
        <run start="539" length="9" level="125"/>
        <run start="541" length="6" level="154"/>
        <run start="543" length="2" level="188"/>
    </section>
    <section id="1946" first-pos="1001">
        <run start="558" length="3" level="152"/>
    </section>
    <section id="1947" first-pos="1001">
        <run start="562" length="24" level="130"/>
    </section>
    <section id="1960" first-pos="1002">
        <run start="567" length="3" level="139"/>
        <run start="567" length="3" level="181"/>
    </section>
    <section id="1948" first-pos="1001">
        <run start="587" length="1" level="101"/>
    </section>
    <section id="1949" first-pos="1001">
        <run start="589" length="8" level="124"/>
    </section>
    <section id="1950" first-pos="1001">
        <run start="603" length="1" level="92"/>
    </section>
    <section id="1951" first-pos="1001">
        <run start="605" length="2" level="84"/>
    </section>
    <section id="1942" first-pos="1000">
        <run start="610" length="71" level="47"/>
    </section>
    <section id="1952" first-pos="1001">
        <run start="613" length="1" level="77"/>
    </section>
    <section id="1953" first-pos="1001">
        <run start="615" length="2" level="69"/>
    </section>
    <section id="1954" first-pos="1001">
        <run start="630" length="7" level="107"/>
    </section>
    <section id="1961" first-pos="1002">
        <run start="632" length="2" level="200"/>
    </section>
    <section id="1955" first-pos="1001">
        <run start="638" length="1" level="41"/>
    </section>
    <section id="1956" first-pos="1001">
        <run start="641" length="2" level="29"/>
    </section>
    <section id="1957" first-pos="1001">
        <run start="649" length="13" level="95"/>
    </section>
    <section id="1958" first-pos="1001">
        <run start="669" length="12" level="21"/>
    </section>
    <section id="1962" first-pos="1002">
        <run start="674" length="7" level="223"/>
    </section>
</stick>
