<?xml version="1.0" encoding="UTF-8"?>
<stick id="512" interline="21" shape="STRUCTURE">
    <is-within-system>true</is-within-system>
    <has-ledger>true</has-ledger>
    <stem-number>0</stem-number>
    <step-line>21.88235294117647</step-line>
    <moments>
        <k>7.195011337868481</k>
        <k>6.904761904761905</k>
        <k>7.857142857142857</k>
        <k>0.7537827563754841</k>
        <k>-0.4007725028342336</k>
        <k>0.9100642186550104</k>
        <k>-0.007401277690401657</k>
        <k>-0.2535163044140746</k>
        <k>0.49243459928443334</k>
        <k>-0.6697664556467184</k>
        <k>1.6638469750304945</k>
        <k>0.6668982915642901</k>
        <k>2.2125906159523083</k>
        <k>1.0877083780820151</k>
        <k>1.6599198797526313</k>
        <k>0.814356363004267</k>
        <k>0.3033157967836965</k>
        <k>484.75354554049795</k>
        <k>1752.5203277655216</k>
    </moments>
    <section id="955" first-pos="416">
        <run start="1770" length="3" level="200"/>
    </section>
    <section id="957" first-pos="417">
        <run start="1767" length="10" level="199"/>
    </section>
    <section id="961" first-pos="418">
        <run start="1731" length="76" level="109"/>
        <run start="1728" length="80" level="47"/>
        <run start="1726" length="82" level="59"/>
    </section>
    <section id="956" first-pos="417">
        <run start="1764" length="2" level="218"/>
    </section>
    <section id="958" first-pos="417">
        <run start="1781" length="13" level="210"/>
    </section>
    <section id="968" first-pos="421">
        <run start="1725" length="52" level="111"/>
    </section>
    <section id="970" first-pos="422">
        <run start="1723" length="16" level="94"/>
        <run start="1722" length="17" level="81"/>
        <run start="1722" length="18" level="78"/>
        <run start="1721" length="19" level="73"/>
        <run start="1720" length="20" level="69"/>
        <run start="1720" length="20" level="64"/>
        <run start="1719" length="21" level="66"/>
        <run start="1719" length="21" level="60"/>
        <run start="1719" length="21" level="60"/>
        <run start="1718" length="22" level="63"/>
        <run start="1718" length="22" level="63"/>
        <run start="1718" length="21" level="60"/>
        <run start="1718" length="21" level="60"/>
        <run start="1718" length="21" level="66"/>
        <run start="1718" length="20" level="69"/>
        <run start="1718" length="19" level="67"/>
        <run start="1718" length="19" level="73"/>
        <run start="1718" length="18" level="85"/>
        <run start="1719" length="16" level="87"/>
        <run start="1719" length="15" level="102"/>
        <run start="1720" length="13" level="111"/>
        <run start="1721" length="10" level="118"/>
    </section>
    <section id="1001" first-pos="444">
        <run start="1723" length="5" level="158"/>
    </section>
    <section id="1002" first-pos="444">
        <run start="1729" length="1" level="200"/>
    </section>
    <section id="969" first-pos="421">
        <run start="1793" length="15" level="50"/>
        <run start="1793" length="15" level="50"/>
        <run start="1793" length="15" level="50"/>
        <run start="1793" length="15" level="50"/>
        <run start="1793" length="15" level="50"/>
        <run start="1793" length="15" level="50"/>
        <run start="1793" length="15" level="50"/>
        <run start="1793" length="15" level="50"/>
        <run start="1793" length="15" level="50"/>
        <run start="1793" length="15" level="51"/>
        <run start="1793" length="15" level="51"/>
        <run start="1793" length="15" level="51"/>
        <run start="1793" length="15" level="51"/>
        <run start="1793" length="15" level="52"/>
        <run start="1793" length="14" level="55"/>
        <run start="1793" length="14" level="55"/>
        <run start="1793" length="14" level="55"/>
        <run start="1793" length="14" level="55"/>
        <run start="1793" length="14" level="55"/>
        <run start="1793" length="14" level="55"/>
        <run start="1793" length="14" level="55"/>
        <run start="1793" length="14" level="55"/>
        <run start="1793" length="14" level="56"/>
        <run start="1793" length="14" level="56"/>
        <run start="1793" length="14" level="56"/>
        <run start="1793" length="14" level="56"/>
        <run start="1793" length="14" level="56"/>
        <run start="1793" length="14" level="56"/>
        <run start="1793" length="14" level="56"/>
        <run start="1793" length="14" level="56"/>
        <run start="1793" length="14" level="56"/>
        <run start="1793" length="14" level="57"/>
        <run start="1793" length="13" level="60"/>
        <run start="1793" length="14" level="58"/>
        <run start="1793" length="13" level="61"/>
        <run start="1793" length="13" level="61"/>
        <run start="1793" length="13" level="61"/>
        <run start="1793" length="13" level="61"/>
        <run start="1793" length="13" level="62"/>
        <run start="1793" length="13" level="62"/>
        <run start="1793" length="13" level="62"/>
        <run start="1793" length="13" level="62"/>
        <run start="1793" length="13" level="62"/>
        <run start="1793" length="13" level="62"/>
        <run start="1793" length="13" level="62"/>
        <run start="1793" length="13" level="62"/>
        <run start="1793" length="13" level="63"/>
        <run start="1793" length="13" level="63"/>
        <run start="1793" length="13" level="63"/>
        <run start="1793" length="13" level="63"/>
        <run start="1793" length="13" level="63"/>
        <run start="1793" length="13" level="63"/>
        <run start="1793" length="13" level="64"/>
        <run start="1793" length="12" level="69"/>
        <run start="1793" length="12" level="69"/>
        <run start="1793" length="12" level="69"/>
        <run start="1793" length="12" level="69"/>
        <run start="1793" length="12" level="69"/>
        <run start="1793" length="12" level="69"/>
        <run start="1793" length="12" level="69"/>
        <run start="1793" length="12" level="70"/>
        <run start="1793" length="12" level="70"/>
        <run start="1793" length="11" level="55"/>
        <run start="1793" length="11" level="55"/>
        <run start="1793" length="11" level="55"/>
        <run start="1793" length="11" level="55"/>
        <run start="1793" length="11" level="55"/>
        <run start="1793" length="11" level="55"/>
        <run start="1793" length="11" level="55"/>
        <run start="1793" length="11" level="56"/>
        <run start="1793" length="10" level="61"/>
        <run start="1793" length="10" level="61"/>
        <run start="1793" length="10" level="61"/>
        <run start="1793" length="10" level="61"/>
        <run start="1793" length="10" level="61"/>
        <run start="1793" length="10" level="61"/>
        <run start="1793" length="10" level="61"/>
        <run start="1793" length="10" level="61"/>
        <run start="1793" length="10" level="61"/>
        <run start="1793" length="10" level="61"/>
        <run start="1793" length="10" level="61"/>
        <run start="1793" length="10" level="61"/>
        <run start="1793" length="10" level="61"/>
        <run start="1793" length="10" level="61"/>
        <run start="1793" length="10" level="61"/>
        <run start="1793" length="10" level="62"/>
        <run start="1793" length="10" level="62"/>
        <run start="1793" length="10" level="62"/>
        <run start="1793" length="10" level="62"/>
        <run start="1793" length="10" level="62"/>
        <run start="1793" length="10" level="62"/>
        <run start="1793" length="10" level="64"/>
        <run start="1793" length="9" level="69"/>
        <run start="1793" length="9" level="70"/>
        <run start="1793" length="9" level="70"/>
        <run start="1793" length="9" level="70"/>
        <run start="1793" length="9" level="70"/>
        <run start="1793" length="9" level="70"/>
        <run start="1789" length="13" level="112"/>
        <run start="1789" length="13" level="112"/>
        <run start="1789" length="13" level="112"/>
        <run start="1789" length="13" level="112"/>
        <run start="1789" length="13" level="112"/>
        <run start="1789" length="13" level="112"/>
        <run start="1789" length="13" level="112"/>
        <run start="1789" length="13" level="112"/>
        <run start="1789" length="13" level="112"/>
        <run start="1789" length="13" level="112"/>
        <run start="1789" length="13" level="112"/>
        <run start="1789" length="13" level="112"/>
        <run start="1789" length="13" level="114"/>
        <run start="1789" length="12" level="119"/>
        <run start="1788" length="13" level="112"/>
    </section>
    <section id="1197" first-pos="534">
        <run start="1707" length="95" level="154"/>
    </section>
    <section id="1194" first-pos="533">
        <run start="1772" length="3" level="202"/>
    </section>
    <section id="1199" first-pos="535">
        <run start="1653" length="148" level="58"/>
        <run start="1651" length="150" level="44"/>
    </section>
    <section id="1192" first-pos="533">
        <run start="1666" length="1" level="200"/>
        <run start="1663" length="4" level="202"/>
    </section>
    <section id="1193" first-pos="533">
        <run start="1686" length="3" level="167"/>
        <run start="1683" length="6" level="178"/>
    </section>
    <section id="1195" first-pos="534">
        <run start="1701" length="2" level="170"/>
    </section>
    <section id="1196" first-pos="534">
        <run start="1704" length="2" level="210"/>
    </section>
    <section id="1201" first-pos="537">
        <run start="1650" length="34" level="67"/>
    </section>
    <section id="1204" first-pos="538">
        <run start="1649" length="25" level="94"/>
    </section>
    <section id="1215" first-pos="539">
        <run start="1647" length="20" level="41"/>
        <run start="1647" length="20" level="40"/>
        <run start="1646" length="21" level="38"/>
        <run start="1645" length="22" level="37"/>
        <run start="1645" length="22" level="36"/>
        <run start="1644" length="23" level="35"/>
        <run start="1644" length="23" level="35"/>
        <run start="1643" length="24" level="34"/>
        <run start="1643" length="24" level="33"/>
        <run start="1643" length="24" level="33"/>
        <run start="1643" length="24" level="33"/>
        <run start="1643" length="24" level="33"/>
        <run start="1643" length="23" level="26"/>
        <run start="1643" length="22" level="28"/>
    </section>
    <section id="1235" first-pos="553">
        <run start="1643" length="19" level="14"/>
        <run start="1643" length="19" level="14"/>
        <run start="1643" length="18" level="15"/>
        <run start="1644" length="16" level="17"/>
        <run start="1645" length="13" level="20"/>
        <run start="1646" length="11" level="24"/>
        <run start="1647" length="9" level="29"/>
    </section>
    <section id="1248" first-pos="560">
        <run start="1649" length="4" level="64"/>
    </section>
    <section id="1236" first-pos="553">
        <run start="1663" length="1" level="173"/>
    </section>
    <section id="1205" first-pos="538">
        <run start="1675" length="2" level="219"/>
    </section>
    <section id="1206" first-pos="538">
        <run start="1680" length="2" level="212"/>
    </section>
    <section id="1202" first-pos="537">
        <run start="1686" length="113" level="118"/>
    </section>
    <section id="1207" first-pos="538">
        <run start="1686" length="8" level="195"/>
    </section>
    <section id="1208" first-pos="538">
        <run start="1699" length="1" level="195"/>
    </section>
    <section id="1209" first-pos="538">
        <run start="1702" length="2" level="182"/>
    </section>
    <section id="1210" first-pos="538">
        <run start="1705" length="3" level="200"/>
    </section>
    <section id="1211" first-pos="538">
        <run start="1772" length="3" level="153"/>
        <run start="1772" length="3" level="169"/>
    </section>
    <section id="1212" first-pos="538">
        <run start="1793" length="3" level="200"/>
    </section>
</stick>
