<?xml version="1.0" encoding="UTF-8" standalone="yes"?>
<samples sheet-name="IMSLP00606#11">
    <sample shape="G_CLEF" interline="14" pitch="0.4" left="281" top="2381" id="1147">
        <run-table orientation="VERTICAL" width="41" height="101">
            <runs>0 46 18</runs>
            <runs>0 46 19</runs>
            <runs>0 45 22</runs>
            <runs>0 42 27</runs>
            <runs>0 41 29</runs>
            <runs>0 40 31</runs>
            <runs>0 39 19 2 13 14 7</runs>
            <runs>0 37 17 13 7 11 12</runs>
            <runs>0 32 20 18 9 5 14</runs>
            <runs>0 33 18 20 8 4 16</runs>
            <runs>0 33 17 22 7 4 17</runs>
            <runs>0 33 17 33 17</runs>
            <runs>0 32 18 33 18</runs>
            <runs>0 31 19 33 18</runs>
            <runs>0 30 14 12 10 17 18</runs>
            <runs>0 29 14 10 14 17 17</runs>
            <runs>0 28 14 10 13 19 13 2 2</runs>
            <runs>0 27 14 4 14 27 10 3 2</runs>
            <runs>0 12 28 6 12 29 7 5 2</runs>
            <runs>0 11 28 7 11 42 2</runs>
            <runs>0 9 6 8 16 7 10 43 2</runs>
            <runs>0 7 6 10 19 4 10 43 2</runs>
            <runs>0 6 6 6 19 5 14 42 2</runs>
            <runs>0 5 6 7 18 8 12 41 3</runs>
            <runs>0 4 6 8 18 9 14 38 2</runs>
            <runs>0 3 6 9 18 10 19 31 2</runs>
            <runs>0 3 5 10 18 10 24 25 2</runs>
            <runs>0 2 6 10 12 16 9 5 19 15 2</runs>
            <runs>0 1 7 10 11 17 9 6 22 9 3</runs>
            <runs>7 10 11 18 9 17 12 7 2</runs>
            <runs>7 9 10 20 9 20 16</runs>
            <runs>7 7 9 23 9 27 2</runs>
            <runs>0 1 6 5 10 24 10</runs>
            <runs>0 6 15 25 10</runs>
            <runs>0 13 2 31 11</runs>
            <runs>0 46 12 14 7</runs>
            <runs>0 46 14 10 4</runs>
            <runs>0 46 18 2 7</runs>
            <runs>0 51 19</runs>
            <runs>0 52 17</runs>
            <runs>0 54 13</runs>
        </run-table>
    </sample>
    <sample shape="C_CLEF" interline="14" pitch="0.3" left="284" top="2918" id="1191">
        <run-table orientation="VERTICAL" width="37" height="64">
            <runs>62</runs>
            <runs>63</runs>
            <runs>63</runs>
            <runs>63</runs>
            <runs>62</runs>
            <runs>23 3 6 9 6 8 7</runs>
            <runs>22 1 9 8 8 4 3 1 7</runs>
            <runs>63</runs>
            <runs>63</runs>
            <runs>0 6 1 4 10 6 11</runs>
            <runs>0 27 10</runs>
            <runs>0 28 9</runs>
            <runs>0 28 10</runs>
            <runs>0 28 10</runs>
            <runs>0 27 12</runs>
            <runs>0 5 11 10 13 14 7</runs>
            <runs>0 4 13 9 14 13 8</runs>
            <runs>17 8 8 2 10 7 10</runs>
            <runs>16 8 8 4 10 6 10</runs>
            <runs>16 7 8 5 10 7 10</runs>
            <runs>16 7 8 6 8 9 10</runs>
            <runs>0 5 1 17 8 5 9 17 2</runs>
            <runs>0 24 1 10 10 17 2</runs>
            <runs>0 35 10 17 2</runs>
            <runs>0 35 4 22 3</runs>
            <runs>0 34 4 23 3</runs>
            <runs>0 34 3 24 2</runs>
            <runs>0 34 3 24 2</runs>
            <runs>0 4 2 27 5 23 2</runs>
            <runs>0 4 4 16 1 9 5 22 1</runs>
            <runs>0 4 26 4 6</runs>
            <runs>0 5 25 5 11 8 7</runs>
            <runs>0 7 23 6 24</runs>
            <runs>0 8 18 11 23</runs>
            <runs>0 11 13 15 20</runs>
            <runs>0 13 9 18 19</runs>
            <runs>0 42 11</runs>
        </run-table>
    </sample>
    <sample shape="F_CLEF" interline="14" pitch="-1.8" left="286" top="671" id="894">
        <run-table orientation="VERTICAL" width="39" height="48">
            <runs>0 8 11</runs>
            <runs>0 1 18</runs>
            <runs>0 1 18</runs>
            <runs>0 1 18</runs>
            <runs>0 1 18</runs>
            <runs>0 1 18</runs>
            <runs>0 1 19</runs>
            <runs>20</runs>
            <runs>20 21 7</runs>
            <runs>0 6 13 22 7</runs>
            <runs>0 6 13 21 8</runs>
            <runs>0 7 12 20 9</runs>
            <runs>0 8 10 19 11</runs>
            <runs>0 10 7 19 12</runs>
            <runs>0 34 8</runs>
            <runs>0 29 12</runs>
            <runs>0 29 11</runs>
            <runs>7 21 12</runs>
            <runs>11 13 15</runs>
            <runs>0 1 37</runs>
            <runs>0 1 37</runs>
            <runs>0 1 36</runs>
            <runs>0 1 34</runs>
            <runs>0 1 33</runs>
            <runs>0 1 32</runs>
            <runs>0 1 32</runs>
            <runs>0 6 26</runs>
            <runs>0 7 25</runs>
            <runs>0 9 17</runs>
            <runs>0 11 13</runs>
            <runs>0 14 7</runs>
            <runs></runs>
            <runs>0 20 2</runs>
            <runs>7 7 10</runs>
            <runs>7 8 10</runs>
            <runs>8 7 10</runs>
            <runs>8 7 10</runs>
            <runs>0 5 2 8 10</runs>
            <runs>0 14 11</runs>
        </run-table>
    </sample>
    <sample shape="SHARP" interline="14" pitch="-4.1" left="330" top="363" id="1011">
        <run-table orientation="VERTICAL" width="16" height="46">
            <runs>0 15 5 9 6</runs>
            <runs>0 14 6 8 12</runs>
            <runs>0 13 7 8 12</runs>
            <runs>0 6 35</runs>
            <runs>0 5 37</runs>
            <runs>0 5 41</runs>
            <runs>0 10 11 1 20 2 1</runs>
            <runs>0 10 9 4 12</runs>
            <runs>0 10 9 4 11</runs>
            <runs>0 10 9 4 10</runs>
            <runs>0 9 10 3 12</runs>
            <runs>3 2 37</runs>
            <runs>0 6 36</runs>
            <runs>0 8 9 5 19</runs>
            <runs>0 9 7 7 7</runs>
            <runs>0 9 7 11 2</runs>
        </run-table>
    </sample>
    <sample shape="SHARP" interline="14" pitch="1.4" left="351" top="2133" id="1254">
        <run-table orientation="VERTICAL" width="15" height="47">
            <runs>0 29 7</runs>
            <runs>0 18 3 8 8</runs>
            <runs>0 18 3 7 9</runs>
            <runs>0 14 8 6 19</runs>
            <runs>0 6 41</runs>
            <runs>0 6 41</runs>
            <runs>0 12 11 4 12</runs>
            <runs>0 13 7 7 9</runs>
            <runs>0 12 8 7 9</runs>
            <runs>0 12 8 7 9</runs>
            <runs>0 11 9 6 10</runs>
            <runs>0 10 10 4 22</runs>
            <runs>47</runs>
            <runs>0 10 9 6 9</runs>
            <runs>0 11 7 8 7</runs>
        </run-table>
    </sample>
</samples>
