<?xml version="1.0" encoding="UTF-8"?>
<stick id="1569" interline="15" shape="BEAM">
    <is-within-system>true</is-within-system>
    <has-ledger>false</has-ledger>
    <stem-number>1</stem-number>
    <step-line>4.533333333333333</step-line>
    <moments>
        <k>1.6844444444444444</k>
        <k>2.8666666666666667</k>
        <k>1.5333333333333334</k>
        <k>0.4060079126833726</k>
        <k>0.13777272968656287</k>
        <k>0.0638355968767706</k>
        <k>-0.006298520046538871</k>
        <k>-0.001861280456742223</k>
        <k>-1.4841562839664293E-4</k>
        <k>2.477602181336942E-4</k>
        <k>0.4698435095601432</k>
        <k>0.19300719388559986</k>
        <k>6.826838378673494E-5</k>
        <k>4.416642715715555E-5</k>
        <k>2.4224306544315594E-9</k>
        <k>1.9063464975039385E-5</k>
        <k>1.1594167266268561E-10</k>
        <k>423.22163588390504</k>
        <k>1899.6569920844327</k>
    </moments>
    <section id="695" first-pos="402">
        <run start="1889" length="8" level="25"/>
        <run start="1889" length="9" level="22"/>
        <run start="1889" length="9" level="22"/>
        <run start="1890" length="8" level="25"/>
        <run start="1890" length="9" level="22"/>
        <run start="1890" length="9" level="22"/>
        <run start="1891" length="8" level="25"/>
        <run start="1891" length="9" level="22"/>
        <run start="1891" length="9" level="22"/>
        <run start="1892" length="8" level="25"/>
        <run start="1892" length="9" level="22"/>
        <run start="1892" length="9" level="22"/>
        <run start="1893" length="8" level="25"/>
        <run start="1893" length="9" level="22"/>
        <run start="1893" length="9" level="22"/>
        <run start="1894" length="8" level="25"/>
        <run start="1894" length="9" level="22"/>
        <run start="1894" length="9" level="22"/>
        <run start="1895" length="8" level="25"/>
        <run start="1895" length="9" level="22"/>
        <run start="1895" length="9" level="22"/>
        <run start="1896" length="8" level="25"/>
        <run start="1896" length="9" level="22"/>
        <run start="1896" length="9" level="22"/>
        <run start="1897" length="9" level="0"/>
        <run start="1897" length="9" level="0"/>
        <run start="1897" length="9" level="0"/>
        <run start="1898" length="9" level="0"/>
        <run start="1898" length="9" level="0"/>
        <run start="1898" length="9" level="0"/>
        <run start="1899" length="9" level="0"/>
        <run start="1899" length="9" level="0"/>
        <run start="1899" length="9" level="0"/>
        <run start="1900" length="9" level="0"/>
        <run start="1900" length="9" level="0"/>
        <run start="1900" length="9" level="0"/>
        <run start="1901" length="9" level="0"/>
        <run start="1901" length="9" level="0"/>
        <run start="1901" length="9" level="0"/>
        <run start="1902" length="9" level="0"/>
        <run start="1902" length="9" level="0"/>
        <run start="1902" length="9" level="0"/>
        <run start="1903" length="9" level="0"/>
    </section>
</stick>
