<?xml version="1.0" encoding="UTF-8"?>
<stick id="1896" interline="15" shape="CLUTTER">
    <is-within-system>true</is-within-system>
    <has-ledger>false</has-ledger>
    <stem-number>1</stem-number>
    <step-line>15.466666666666667</step-line>
    <moments>
        <k>0.35555555555555557</k>
        <k>0.6</k>
        <k>1.7333333333333334</k>
        <k>0.07711718750000011</k>
        <k>0.0</k>
        <k>1.088125</k>
        <k>-0.024787468628625745</k>
        <k>9.930136612989092E-18</k>
        <k>-0.12590460255809888</k>
        <k>0.0</k>
        <k>1.1652421875</k>
        <k>1.022136796936035</k>
        <k>0.12455700079217984</k>
        <k>0.02270810031854488</k>
        <k>-0.00120768946373148</k>
        <k>-0.02295806682908261</k>
        <k>-3.406896028120382E-19</k>
        <k>204.925</k>
        <k>1147.5</k>
    </moments>
    <section id="401" first-pos="199">
        <run start="1135" length="2" level="0"/>
        <run start="1135" length="2" level="0"/>
        <run start="1135" length="2" level="0"/>
        <run start="1135" length="2" level="0"/>
        <run start="1135" length="2" level="0"/>
        <run start="1135" length="2" level="0"/>
        <run start="1135" length="2" level="0"/>
    </section>
    <section id="410" first-pos="206">
        <run start="1135" length="26" level="0"/>
        <run start="1135" length="26" level="0"/>
    </section>
    <section id="402" first-pos="199">
        <run start="1159" length="2" level="0"/>
        <run start="1159" length="2" level="0"/>
        <run start="1159" length="2" level="0"/>
        <run start="1159" length="2" level="0"/>
        <run start="1159" length="2" level="0"/>
        <run start="1159" length="2" level="0"/>
        <run start="1159" length="2" level="0"/>
    </section>
</stick>
