<?xml version="1.0" encoding="UTF-8"?>
<stick id="1000" interline="15" shape="COMBINING_FLAG_1_UP">
    <is-within-system>true</is-within-system>
    <has-ledger>false</has-ledger>
    <stem-number>1</stem-number>
    <step-line>3.466666666666667</step-line>
    <moments>
        <k>0.5155555555555555</k>
        <k>1.1333333333333333</k>
        <k>2.2</k>
        <k>0.2208808274221984</k>
        <k>-0.3026697486571816</k>
        <k>0.49853161261224377</k>
        <k>-0.006956427307478947</k>
        <k>-0.015935985240784295</k>
        <k>0.07111740143812832</k>
        <k>-0.20506613457583664</k>
        <k>0.7194124400344422</k>
        <k>0.4435258655254547</k>
        <k>0.07326602798341242</k>
        <k>0.052958567564833935</k>
        <k>0.0032812433844221674</k>
        <k>0.029585095040863076</k>
        <k>3.3986376130134654E-4</k>
        <k>913.7758620689655</k>
        <k>1057.7413793103449</k>
    </moments>
    <section id="1235" first-pos="906">
        <run start="1062" length="10" level="20"/>
        <run start="1062" length="8" level="25"/>
        <run start="1062" length="7" level="29"/>
        <run start="1061" length="7" level="29"/>
        <run start="1061" length="6" level="33"/>
        <run start="1060" length="6" level="33"/>
        <run start="1059" length="6" level="33"/>
        <run start="1058" length="6" level="33"/>
        <run start="1057" length="6" level="33"/>
        <run start="1056" length="6" level="0"/>
        <run start="1055" length="5" level="0"/>
        <run start="1054" length="5" level="0"/>
        <run start="1052" length="6" level="0"/>
        <run start="1047" length="9" level="22"/>
    </section>
    <section id="1255" first-pos="920">
        <run start="1039" length="15" level="13"/>
    </section>
    <section id="1261" first-pos="921">
        <run start="1043" length="7" level="29"/>
    </section>
    <section id="1265" first-pos="922">
        <run start="1047" length="1" level="200"/>
    </section>
</stick>
