<?xml version="1.0" encoding="UTF-8"?>
<stick id="530" interline="15" shape="EIGHTH_REST">
    <is-within-system>true</is-within-system>
    <has-ledger>false</has-ledger>
    <stem-number>0</stem-number>
    <step-line>-0.5333333333333333</step-line>
    <moments>
        <k>0.48444444444444446</k>
        <k>1.0</k>
        <k>1.8666666666666667</k>
        <k>0.1445095051925477</k>
        <k>0.08525291711614187</k>
        <k>0.45281148144172734</k>
        <k>1.0291813307749264E-4</k>
        <k>-0.0354255886432856</k>
        <k>0.02817944068475954</k>
        <k>0.3737165739859669</k>
        <k>0.597320986634275</k>
        <k>0.12412234806639676</k>
        <k>0.2375229437988839</k>
        <k>0.1152406825844231</k>
        <k>0.019010902005563064</k>
        <k>0.03829839982511196</k>
        <k>0.0014495476179199871</k>
        <k>1311.9724770642201</k>
        <k>1444.9633027522937</k>
    </moments>
    <section id="1610" first-pos="1305">
        <run start="1439" length="4" level="0"/>
        <run start="1438" length="6" level="0"/>
        <run start="1437" length="8" level="0"/>
        <run start="1437" length="8" level="0"/>
        <run start="1437" length="9" level="0"/>
        <run start="1437" length="9" level="0"/>
        <run start="1438" length="8" level="0"/>
    </section>
    <section id="1612" first-pos="1312">
        <run start="1439" length="3" level="0"/>
    </section>
    <section id="1613" first-pos="1312">
        <run start="1444" length="2" level="0"/>
        <run start="1444" length="2" level="0"/>
        <run start="1444" length="1" level="0"/>
        <run start="1443" length="2" level="0"/>
        <run start="1442" length="2" level="0"/>
    </section>
    <section id="1615" first-pos="1317">
        <run start="1440" length="10" level="20"/>
        <run start="1439" length="6" level="0"/>
        <run start="1437" length="3" level="0"/>
    </section>
    <section id="1614" first-pos="1312">
        <run start="1463" length="2" level="100"/>
        <run start="1459" length="5" level="0"/>
        <run start="1455" length="7" level="0"/>
        <run start="1451" length="6" level="0"/>
        <run start="1447" length="6" level="33"/>
    </section>
</stick>
