<?xml version="1.0" encoding="UTF-8"?>
<stick id="502" interline="15" shape="FLAT">
    <is-within-system>true</is-within-system>
    <has-ledger>false</has-ledger>
    <stem-number>0</stem-number>
    <step-line>-0.8</step-line>
    <moments>
        <k>0.6622222222222223</k>
        <k>0.8666666666666667</k>
        <k>2.8</k>
        <k>0.11656951180323558</k>
        <k>0.0960610335890911</k>
        <k>0.7367374769078971</k>
        <k>0.026695474589626116</k>
        <k>0.009484317403123606</k>
        <k>-0.13697393635588317</k>
        <k>-0.42661866427583495</k>
        <k>0.8533069887111328</k>
        <k>0.4215191936388747</k>
        <k>0.39859906308603066</k>
        <k>0.1861624024704553</k>
        <k>0.05070915678715682</k>
        <k>0.11804340154895271</k>
        <k>4.8313162992706313E-4</k>
        <k>179.7986577181208</k>
        <k>1443.255033557047</k>
    </moments>
    <section id="369" first-pos="176">
        <run start="1419" length="42" level="14"/>
        <run start="1419" length="41" level="15"/>
    </section>
    <section id="380" first-pos="178">
        <run start="1444" length="1" level="0"/>
        <run start="1443" length="2" level="0"/>
        <run start="1443" length="1" level="0"/>
        <run start="1443" length="1" level="0"/>
        <run start="1442" length="2" level="0"/>
        <run start="1442" length="2" level="0"/>
        <run start="1442" length="3" level="0"/>
    </section>
    <section id="393" first-pos="185">
        <run start="1442" length="11" level="18"/>
        <run start="1442" length="10" level="20"/>
        <run start="1443" length="8" level="25"/>
        <run start="1445" length="5" level="40"/>
    </section>
    <section id="381" first-pos="178">
        <run start="1457" length="2" level="0"/>
        <run start="1456" length="2" level="0"/>
        <run start="1455" length="2" level="0"/>
        <run start="1454" length="3" level="0"/>
        <run start="1453" length="3" level="0"/>
        <run start="1451" length="4" level="0"/>
        <run start="1450" length="4" level="0"/>
    </section>
</stick>
