<?xml version="1.0" encoding="UTF-8"?>
<stick id="396" interline="15" shape="HALF_REST">
    <is-within-system>true</is-within-system>
    <has-ledger>false</has-ledger>
    <stem-number>0</stem-number>
    <step-line>-0.5333333333333333</step-line>
    <moments>
        <k>0.64</k>
        <k>1.2</k>
        <k>0.5333333333333333</k>
        <k>0.1869212962962963</k>
        <k>0.0</k>
        <k>0.036458333333333336</k>
        <k>0.0</k>
        <k>0.0</k>
        <k>0.0</k>
        <k>0.0</k>
        <k>0.22337962962962965</k>
        <k>0.022639103223593963</k>
        <k>0.0</k>
        <k>0.0</k>
        <k>0.0</k>
        <k>0.0</k>
        <k>0.0</k>
        <k>1282.5</k>
        <k>820.5</k>
    </moments>
    <section id="1603" first-pos="1274">
        <run start="817" length="8" level="25"/>
        <run start="817" length="8" level="25"/>
        <run start="817" length="8" level="25"/>
        <run start="817" length="8" level="25"/>
        <run start="817" length="8" level="25"/>
        <run start="817" length="8" level="25"/>
        <run start="817" length="8" level="25"/>
        <run start="817" length="8" level="25"/>
        <run start="817" length="8" level="25"/>
        <run start="817" length="8" level="25"/>
        <run start="817" length="8" level="25"/>
        <run start="817" length="8" level="25"/>
        <run start="817" length="8" level="25"/>
        <run start="817" length="8" level="25"/>
        <run start="817" length="8" level="25"/>
        <run start="817" length="8" level="25"/>
        <run start="817" length="8" level="25"/>
        <run start="817" length="8" level="25"/>
    </section>
</stick>
