<?xml version="1.0" encoding="UTF-8"?>
<stick id="950" interline="15" shape="NOTEHEAD_BLACK">
    <is-within-system>true</is-within-system>
    <has-ledger>false</has-ledger>
    <stem-number>1</stem-number>
    <step-line>1.0666666666666667</step-line>
    <moments>
        <k>0.9066666666666666</k>
        <k>1.1333333333333333</k>
        <k>1.0666666666666667</k>
        <k>0.08757048571062427</k>
        <k>-0.02473007176726898</k>
        <k>0.07958324381271166</k>
        <k>-4.3592383751279155E-4</k>
        <k>5.867334286620565E-4</k>
        <k>5.761608131421346E-5</k>
        <k>-7.465554218055962E-4</k>
        <k>0.16715372952333593</k>
        <k>0.0025101018315928677</k>
        <k>6.654427625706175E-6</k>
        <k>1.6865982789237643E-7</k>
        <k>-1.464668805904059E-13</k>
        <k>-5.041818972751495E-9</k>
        <k>-1.0234030392278499E-13</k>
        <k>937.1666666666666</k>
        <k>831.6225490196078</k>
    </moments>
    <section id="1279" first-pos="929">
        <run start="832" length="4" level="0"/>
        <run start="830" length="8" level="0"/>
        <run start="829" length="10" level="0"/>
        <run start="828" length="12" level="17"/>
        <run start="827" length="13" level="15"/>
        <run start="826" length="14" level="14"/>
        <run start="826" length="14" level="14"/>
        <run start="824" length="16" level="25"/>
        <run start="824" length="16" level="25"/>
        <run start="824" length="16" level="25"/>
        <run start="824" length="15" level="13"/>
        <run start="824" length="14" level="14"/>
        <run start="824" length="14" level="14"/>
        <run start="824" length="13" level="15"/>
        <run start="826" length="10" level="0"/>
        <run start="826" length="9" level="0"/>
        <run start="827" length="6" level="0"/>
    </section>
</stick>
