<?xml version="1.0" encoding="UTF-8"?>
<glyph id="1797" interline="15" shape="WHOLE_NOTE">
    <is-within-system>true</is-within-system>
    <has-ledger>false</has-ledger>
    <stem-number>0</stem-number>
    <step-line>-2.1333333333333333</step-line>
    <moments>
        <k>0.8088888888888889</k>
        <k>1.7333333333333334</k>
        <k>1.0666666666666667</k>
        <k>0.3147938283187648</k>
        <k>-0.0029237457386231515</k>
        <k>0.08982647288709324</k>
        <k>0.004206166106628914</k>
        <k>2.4308235308789458E-4</k>
        <k>8.683804188112927E-4</k>
        <k>4.703476852420281E-4</k>
        <k>0.404620301205858</k>
        <k>0.05064450416649652</k>
        <k>2.6303094568108422E-6</k>
        <k>2.6260004858448702E-5</k>
        <k>2.1098303364530403E-10</k>
        <k>5.636295245325518E-6</k>
        <k>-5.5833053474883434E-11</k>
        <k>609.5384615384615</k>
        <k>1641.478021978022</k>
    </moments>
    <section id="862" first-pos="597">
        <run start="1642" length="1" level="200"/>
        <run start="1640" length="4" level="50"/>
        <run start="1638" length="8" level="25"/>
        <run start="1637" length="10" level="20"/>
        <run start="1636" length="11" level="18"/>
        <run start="1636" length="12" level="17"/>
        <run start="1636" length="12" level="17"/>
        <run start="1635" length="14" level="14"/>
    </section>
    <section id="875" first-pos="605">
        <run start="1635" length="3" level="0"/>
        <run start="1635" length="1" level="0"/>
        <run start="1635" length="1" level="0"/>
    </section>
    <section id="876" first-pos="605">
        <run start="1644" length="5" level="0"/>
        <run start="1646" length="3" level="0"/>
        <run start="1647" length="2" level="0"/>
        <run start="1648" length="1" level="0"/>
        <run start="1648" length="2" level="0"/>
        <run start="1649" length="1" level="0"/>
        <run start="1649" length="1" level="0"/>
    </section>
    <section id="881" first-pos="608">
        <run start="1634" length="1" level="0"/>
        <run start="1634" length="1" level="0"/>
        <run start="1634" length="2" level="0"/>
        <run start="1635" length="1" level="0"/>
        <run start="1635" length="2" level="0"/>
        <run start="1635" length="3" level="0"/>
        <run start="1635" length="4" level="0"/>
        <run start="1635" length="6" level="0"/>
    </section>
    <section id="899" first-pos="616">
        <run start="1636" length="13" level="15"/>
        <run start="1636" length="12" level="17"/>
        <run start="1636" length="12" level="17"/>
        <run start="1637" length="10" level="20"/>
        <run start="1638" length="8" level="25"/>
        <run start="1639" length="6" level="33"/>
    </section>
    <section id="891" first-pos="612">
        <run start="1648" length="1" level="0"/>
        <run start="1648" length="1" level="0"/>
        <run start="1647" length="2" level="0"/>
        <run start="1645" length="4" level="0"/>
    </section>
    <section id="904" first-pos="622">
        <run start="1642" length="1" level="200"/>
    </section>
</glyph>
