<?xml version="1.0" encoding="UTF-8" standalone="yes"?>
<samples sheet-name="IMSLP00080#14">
    <sample shape="G_CLEF" interline="14" pitch="0.5" left="284" top="2196" id="968">
        <run-table orientation="VERTICAL" width="40" height="103">
            <runs>0 49 20</runs>
            <runs>0 48 21 18 9</runs>
            <runs>0 46 24 16 12</runs>
            <runs>0 44 27 14 14</runs>
            <runs>0 43 29 12 16</runs>
            <runs>0 35 38 5 23</runs>
            <runs>0 35 25 1 13 5 22</runs>
            <runs>0 35 21 14 5 3 24</runs>
            <runs>0 36 18 18 4 2 24</runs>
            <runs>0 36 18 19 29</runs>
            <runs>0 35 19 20 29</runs>
            <runs>0 35 19 21 8 1 19</runs>
            <runs>0 34 20 5 11 5 8 1 19</runs>
            <runs>0 33 15 7 16 5 7 2 12 1 5</runs>
            <runs>0 32 15 3 22 14 10 2 5</runs>
            <runs>0 11 2 18 15 4 22 15 7 5 3</runs>
            <runs>0 30 15 5 11 38 3</runs>
            <runs>0 30 14 6 10 38 4</runs>
            <runs>0 18 8 2 15 6 10 39 4</runs>
            <runs>0 16 28 4 11 38 5</runs>
            <runs>0 12 47 38 5</runs>
            <runs>0 11 49 36 5</runs>
            <runs>0 9 31 4 27 24 5</runs>
            <runs>0 7 11 3 19 6 38 6 10</runs>
            <runs>0 6 10 5 19 7 13 4 35</runs>
            <runs>0 5 10 6 19 7 11 6 34</runs>
            <runs>0 4 10 6 20 6 12 17 21</runs>
            <runs>0 3 10 6 15 13 11 18 8</runs>
            <runs>0 2 10 7 14 14 11 18 7</runs>
            <runs>0 2 9 7 13 16 12 17 7</runs>
            <runs>0 1 10 6 12 19 12 14 9</runs>
            <runs>10 5 13 21 13 11 4</runs>
            <runs>0 1 9 4 13 22 27</runs>
            <runs>0 2 23 25 26</runs>
            <runs>0 5 20 25 25</runs>
            <runs>0 9 11 30 24</runs>
            <runs>0 51 22</runs>
            <runs>0 50 22</runs>
            <runs>0 56 14</runs>
            <runs>0 60 9</runs>
        </run-table>
    </sample>
    <sample shape="G_CLEF" interline="14" pitch="0.4" left="284" top="2697" id="1018">
        <run-table orientation="VERTICAL" width="41" height="101">
            <runs>0 49 18</runs>
            <runs>0 48 20 19 6</runs>
            <runs>0 46 22 17 9</runs>
            <runs>0 44 25 15 12</runs>
            <runs>0 43 28 7 19</runs>
            <runs>0 42 31 5 21</runs>
            <runs>0 41 33 4 22</runs>
            <runs>0 35 24 3 12 4 22</runs>
            <runs>0 35 21 7 12 3 22</runs>
            <runs>0 35 20 16 4 2 24</runs>
            <runs>0 35 19 17 30</runs>
            <runs>0 35 18 19 29</runs>
            <runs>0 34 19 5 3 11 29</runs>
            <runs>0 33 21 1 14 4 28</runs>
            <runs>0 32 39 3 21 2 4</runs>
            <runs>0 31 17 2 22 3 7 2 10 3 4</runs>
            <runs>0 30 17 3 18 1 3 3 7 4 6 5 4</runs>
            <runs>0 29 16 3 13 14 7 15 4</runs>
            <runs>0 27 18 2 13 16 6 15 4</runs>
            <runs>0 19 25 3 12 17 6 14 5</runs>
            <runs>0 15 44 17 6 14 4</runs>
            <runs>0 12 47 17 6 13 5</runs>
            <runs>0 10 58 7 7 11 7</runs>
            <runs>0 9 73 9 8</runs>
            <runs>0 7 34 4 53</runs>
            <runs>0 6 11 2 21 5 13 4 35</runs>
            <runs>0 4 10 6 19 7 12 5 33</runs>
            <runs>0 3 11 6 19 7 12 15 20</runs>
            <runs>0 2 11 6 20 7 12 16 10</runs>
            <runs>0 2 10 7 14 13 12 15 9</runs>
            <runs>0 1 10 7 14 14 14 13 9</runs>
            <runs>10 6 15 15 15 11 10</runs>
            <runs>10 5 13 18 23 1 6</runs>
            <runs>27 20 29</runs>
            <runs>26 23 26</runs>
            <runs>0 2 23 24 25</runs>
            <runs>0 3 22 24 25</runs>
            <runs>0 9 7 33 23</runs>
            <runs>0 49 21</runs>
            <runs>0 55 14</runs>
            <runs>0 57 11</runs>
        </run-table>
    </sample>
    <sample shape="C_CLEF" interline="14" pitch="-2.0" left="290" top="615" id="765">
        <run-table orientation="VERTICAL" width="37" height="63">
            <runs>0 5 57</runs>
            <runs>62</runs>
            <runs>62</runs>
            <runs>62</runs>
            <runs>62</runs>
            <runs>63</runs>
            <runs>63</runs>
            <runs>0 1 62</runs>
            <runs>63</runs>
            <runs>0 1 39 11 11</runs>
            <runs>0 28 9</runs>
            <runs>0 28 8</runs>
            <runs>0 28 9</runs>
            <runs>0 27 10</runs>
            <runs>0 26 11 16 3</runs>
            <runs>0 5 4 16 13 14 10</runs>
            <runs>0 3 7 14 15 11 12</runs>
            <runs>0 1 10 13 15 11 12</runs>
            <runs>11 12 17 10 12</runs>
            <runs>11 10 20 9 12</runs>
            <runs>11 10 21 8 13</runs>
            <runs>11 10 12 2 8 8 6</runs>
            <runs>4 1 5 11 12 1 9</runs>
            <runs>3 19 21</runs>
            <runs>3 20 16</runs>
            <runs>3 21 13</runs>
            <runs>2 22 13</runs>
            <runs>0 24 13</runs>
            <runs>0 2 3 18 14</runs>
            <runs>0 2 6 13 16 19 2</runs>
            <runs>0 2 26 1 10 13 10</runs>
            <runs>0 3 25 1 11 3 19</runs>
            <runs>0 4 22 3 33</runs>
            <runs>0 6 19 9 28</runs>
            <runs>0 7 17 11 27</runs>
            <runs>0 10 11 17 17</runs>
            <runs>0 41 13</runs>
        </run-table>
    </sample>
    <sample shape="C_CLEF" interline="14" left="287" top="1412" id="0">
        <run-table orientation="VERTICAL" width="40" height="65">
            <runs>0 3 20</runs>
            <runs>0 3 24 2 11 4 7</runs>
            <runs>0 2 63</runs>
            <runs>0 2 63</runs>
            <runs>0 2 63</runs>
            <runs>0 2 63</runs>
            <runs>0 2 62</runs>
            <runs>0 2 62</runs>
            <runs>0 2 62</runs>
            <runs>0 3 61</runs>
            <runs>0 3 62</runs>
            <runs>0 29 36</runs>
            <runs>0 30 9 18 8</runs>
            <runs>0 30 9</runs>
            <runs>0 29 10</runs>
            <runs>0 9 2 18 10</runs>
            <runs>0 4 8 16 11</runs>
            <runs>0 3 10 14 13</runs>
            <runs>0 2 11 13 14 13 12</runs>
            <runs>0 2 12 10 17 11 13</runs>
            <runs>0 2 12 10 18 9 13</runs>
            <runs>0 1 12 4 13 1 12 8 13</runs>
            <runs>12 5 13 1 12 8 13</runs>
            <runs>0 8 2 7 12 2 13 8 12</runs>
            <runs>0 24 5 2 13 8 5</runs>
            <runs>0 25 4 3 11</runs>
            <runs>0 25 4 3 8</runs>
            <runs>0 26 4</runs>
            <runs>0 25 5</runs>
            <runs>0 24 6</runs>
            <runs>0 3 9 5 12</runs>
            <runs>0 3 25</runs>
            <runs>0 3 24 30 7</runs>
            <runs>0 3 23 6 11 9 12</runs>
            <runs>0 3 22 7 33</runs>
            <runs>0 10 13 8 34</runs>
            <runs>0 15 7 10 27</runs>
            <runs>0 38 19</runs>
            <runs>0 40 15</runs>
            <runs>0 44 7</runs>
        </run-table>
    </sample>
    <sample shape="C_CLEF" interline="14" left="284" top="2861" id="0">
        <run-table orientation="VERTICAL" width="38" height="63">
            <runs>7 2 10 2 41</runs>
            <runs>19 2 42</runs>
            <runs>63</runs>
            <runs>63</runs>
            <runs>63</runs>
            <runs>63</runs>
            <runs>63</runs>
            <runs>0 1 62</runs>
            <runs>63</runs>
            <runs>63</runs>
            <runs>10 4 25</runs>
            <runs>0 28 9</runs>
            <runs>0 28 9</runs>
            <runs>0 28 9</runs>
            <runs>0 27 11</runs>
            <runs>0 26 12 15 9</runs>
            <runs>0 1 9 16 13 12 11</runs>
            <runs>0 1 11 12 16 11 11</runs>
            <runs>0 1 11 12 17 10 11</runs>
            <runs>12 11 18 10 12</runs>
            <runs>12 10 20 9 12</runs>
            <runs>12 9 13 1 12 9 7</runs>
            <runs>11 10 13 1 12</runs>
            <runs>0 8 1 14 24</runs>
            <runs>0 24 17</runs>
            <runs>0 25 12</runs>
            <runs>0 25 12</runs>
            <runs>0 25 12</runs>
            <runs>0 24 13</runs>
            <runs>8 15 14</runs>
            <runs>12 2 25 16 7</runs>
            <runs>0 1 40 9 12</runs>
            <runs>0 1 26 1 34</runs>
            <runs>0 1 25 3 33</runs>
            <runs>0 1 23 12 26</runs>
            <runs>0 8 15 14 19</runs>
            <runs>0 11 9 19 15</runs>
            <runs>0 43 7</runs>
        </run-table>
    </sample>
    <sample shape="FLAT" interline="14" pitch="-0.8" left="337" top="1276" id="915">
        <run-table orientation="VERTICAL" width="16" height="41">
            <runs>9 2 1</runs>
            <runs>23</runs>
            <runs>41</runs>
            <runs>41</runs>
            <runs>0 24 17</runs>
            <runs>0 23 9 4 4</runs>
            <runs>0 22 5 8 4</runs>
            <runs>0 22 4 2 10</runs>
            <runs>0 22 15</runs>
            <runs>0 22 14</runs>
            <runs>0 21 14</runs>
            <runs>0 22 13</runs>
            <runs>0 22 12</runs>
            <runs>0 23 10</runs>
            <runs>0 24 9</runs>
            <runs>0 25 8</runs>
        </run-table>
    </sample>
    <sample shape="FLAT" interline="14" pitch="0.2" left="371" top="1285" id="920">
        <run-table orientation="VERTICAL" width="16" height="39">
            <runs>0 1 23</runs>
            <runs>27</runs>
            <runs>0 1 37</runs>
            <runs>0 4 7 1 27</runs>
            <runs>0 18 21</runs>
            <runs>0 19 7</runs>
            <runs></runs>
            <runs>0 31 7</runs>
            <runs>0 29 9</runs>
            <runs>0 19 19</runs>
            <runs>0 18 20</runs>
            <runs>0 18 20</runs>
            <runs>0 19 13</runs>
            <runs>0 19 12</runs>
            <runs>0 19 10</runs>
            <runs>0 19 9</runs>
        </run-table>
    </sample>
    <sample shape="FLAT" interline="14" pitch="-0.9" left="383" top="3005" id="1150">
        <run-table orientation="VERTICAL" width="15" height="41">
            <runs>21</runs>
            <runs>33</runs>
            <runs>41</runs>
            <runs>0 4 2 1 6 1 27</runs>
            <runs>0 23 18</runs>
            <runs>0 22 11 2 5</runs>
            <runs>0 22 5 1 6 1 4</runs>
            <runs>0 21 6 2 9</runs>
            <runs>0 21 16</runs>
            <runs>0 21 15</runs>
            <runs>0 21 14</runs>
            <runs>0 21 13</runs>
            <runs>0 22 11</runs>
            <runs>0 22 11</runs>
            <runs>0 23 10</runs>
        </run-table>
    </sample>
</samples>
