<?xml version="1.0" encoding="UTF-8" standalone="yes"?>
<samples id="33">
    <sample shape="CUT_TIME" interline="21" left="453" top="614" id="0">
        <run-table orientation="VERTICAL" width="38" height="58">
            <runs>0 25 9</runs>
            <runs>0 22 15</runs>
            <runs>0 19 21</runs>
            <runs>0 17 25</runs>
            <runs>0 16 28</runs>
            <runs>0 15 30</runs>
            <runs>0 13 33</runs>
            <runs>0 12 35</runs>
            <runs>0 11 40</runs>
            <runs>0 8 43</runs>
            <runs>0 8 15 2 3 10 13</runs>
            <runs>0 8 11 25 7</runs>
            <runs>0 7 10 28 2</runs>
            <runs>0 7 8 31 1</runs>
            <runs></runs>
            <runs></runs>
            <runs></runs>
            <runs>0 16 3 20 1 3 15</runs>
            <runs>24 1 33</runs>
            <runs>58</runs>
            <runs>0 18 2 20 6 8 2</runs>
            <runs></runs>
            <runs></runs>
            <runs></runs>
            <runs>0 19 5</runs>
            <runs>0 17 8</runs>
            <runs>0 17 9</runs>
            <runs>0 16 11 20 1</runs>
            <runs>0 16 11 19 2</runs>
            <runs>0 16 14 15 7</runs>
            <runs>0 7 7 2 14 15 7</runs>
            <runs>0 7 8 1 15 13 8</runs>
            <runs>0 11 16 15 5</runs>
            <runs>0 12 15 13 6</runs>
            <runs>0 13 13 12 7</runs>
            <runs>0 14 11 13 5</runs>
            <runs>0 16 7 15 4</runs>
            <runs>0 38 2</runs>
        </run-table>
    </sample>
    <sample shape="CUT_TIME" interline="21" left="453" top="790" id="0">
        <run-table orientation="VERTICAL" width="39" height="58">
            <runs>0 23 12</runs>
            <runs>0 20 18</runs>
            <runs>0 18 22</runs>
            <runs>0 16 25</runs>
            <runs>0 15 29</runs>
            <runs>0 13 32</runs>
            <runs>0 12 34</runs>
            <runs>0 11 39</runs>
            <runs>0 10 40</runs>
            <runs>0 7 43</runs>
            <runs>0 7 43</runs>
            <runs>0 7 14 17 12</runs>
            <runs>0 7 10 25 1 1 2</runs>
            <runs>0 7 7 31 1</runs>
            <runs></runs>
            <runs></runs>
            <runs></runs>
            <runs>0 1 57</runs>
            <runs>58</runs>
            <runs>0 1 56</runs>
            <runs>0 4 39 7 1</runs>
            <runs></runs>
            <runs></runs>
            <runs></runs>
            <runs>0 17 6</runs>
            <runs>0 16 9 21 1</runs>
            <runs>0 15 12 18 2</runs>
            <runs>0 15 12 18 2</runs>
            <runs>0 15 12 17 3</runs>
            <runs>0 15 12 17 3</runs>
            <runs>0 6 8 1 12 16 7</runs>
            <runs>0 6 21 16 4</runs>
            <runs>0 10 17 15 4</runs>
            <runs>0 11 15 14 5</runs>
            <runs>0 12 13 13 6</runs>
            <runs>0 13 11 12 7</runs>
            <runs>0 15 8 13 6</runs>
            <runs>0 17 5 14 4</runs>
            <runs>0 37 2</runs>
        </run-table>
    </sample>
    <sample shape="CLUTTER" interline="21" left="251" top="3147" id="734">
        <run-table orientation="VERTICAL" width="22" height="68">
            <runs>8 12 48</runs>
            <runs>0 14 1 2 50</runs>
            <runs>0 14 34 1 1 4 1 10 2</runs>
            <runs>0 13 12 40 1</runs>
            <runs>0 65 1</runs>
            <runs></runs>
            <runs></runs>
            <runs></runs>
            <runs></runs>
            <runs></runs>
            <runs></runs>
            <runs></runs>
            <runs></runs>
            <runs></runs>
            <runs></runs>
            <runs></runs>
            <runs></runs>
            <runs></runs>
            <runs></runs>
            <runs></runs>
            <runs>0 20 9 1 7</runs>
            <runs>37</runs>
        </run-table>
    </sample>
</samples>
