<?xml version="1.0" encoding="UTF-8" standalone="yes"?>
<samples sheet-name="IMSLP79170#1">
    <sample shape="HW_REST_set" interline="16" left="434" top="1687" id="9579">
        <run-table orientation="VERTICAL" width="21" height="12">
            <runs>0 1 7</runs>
            <runs>0 1 10</runs>
            <runs>12</runs>
            <runs>12</runs>
            <runs>12</runs>
            <runs>12</runs>
            <runs>12</runs>
            <runs>0 1 10</runs>
            <runs>11</runs>
            <runs>12</runs>
            <runs>12</runs>
            <runs>12</runs>
            <runs>12</runs>
            <runs>12</runs>
            <runs>11</runs>
            <runs>12</runs>
            <runs>12</runs>
            <runs>12</runs>
            <runs>12</runs>
            <runs>11</runs>
            <runs>11</runs>
        </run-table>
    </sample>
    <sample shape="HW_REST_set" interline="16" left="433" top="1814" id="9576">
        <run-table orientation="VERTICAL" width="21" height="12">
            <runs>10</runs>
            <runs>11</runs>
            <runs>12</runs>
            <runs>12</runs>
            <runs>12</runs>
            <runs>12</runs>
            <runs>11</runs>
            <runs>11</runs>
            <runs>11</runs>
            <runs>11</runs>
            <runs>11</runs>
            <runs>11</runs>
            <runs>11</runs>
            <runs>11</runs>
            <runs>11</runs>
            <runs>11</runs>
            <runs>11</runs>
            <runs>11</runs>
            <runs>11</runs>
            <runs>11</runs>
            <runs>10</runs>
        </run-table>
    </sample>
    <sample shape="HW_REST_set" interline="16" left="433" top="3016" id="9577">
        <run-table orientation="VERTICAL" width="21" height="13">
            <runs>0 1 11</runs>
            <runs>0 1 12</runs>
            <runs>13</runs>
            <runs>0 1 12</runs>
            <runs>0 1 11</runs>
            <runs>0 1 11</runs>
            <runs>0 1 11</runs>
            <runs>0 1 11</runs>
            <runs>0 1 11</runs>
            <runs>0 1 11</runs>
            <runs>0 1 12</runs>
            <runs>0 1 12</runs>
            <runs>0 1 12</runs>
            <runs>0 1 12</runs>
            <runs>0 1 12</runs>
            <runs>0 1 12</runs>
            <runs>0 1 12</runs>
            <runs>0 1 12</runs>
            <runs>0 1 12</runs>
            <runs>0 1 12</runs>
            <runs>0 1 11</runs>
        </run-table>
    </sample>
    <sample shape="HW_REST_set" interline="16" left="864" top="3012" id="9878">
        <run-table orientation="VERTICAL" width="21" height="11">
            <runs>0 6 3</runs>
            <runs>10</runs>
            <runs>11</runs>
            <runs>11</runs>
            <runs>11</runs>
            <runs>11</runs>
            <runs>11</runs>
            <runs>11</runs>
            <runs>10</runs>
            <runs>10</runs>
            <runs>11</runs>
            <runs>11</runs>
            <runs>11</runs>
            <runs>11</runs>
            <runs>10</runs>
            <runs>10</runs>
            <runs>11</runs>
            <runs>11</runs>
            <runs>11</runs>
            <runs>11</runs>
            <runs>10</runs>
        </run-table>
    </sample>
    <sample shape="F_CLEF" interline="16" left="219" top="2970" id="1126">
        <run-table orientation="VERTICAL" width="46" height="52">
            <runs>0 10 11</runs>
            <runs>0 8 16</runs>
            <runs>0 7 18</runs>
            <runs>0 6 20</runs>
            <runs>0 1 25</runs>
            <runs>0 1 25</runs>
            <runs>0 1 25 25 1</runs>
            <runs>0 7 19 25 1</runs>
            <runs>0 9 17 25 1</runs>
            <runs>0 8 18 25 1</runs>
            <runs>0 8 18</runs>
            <runs>0 8 18</runs>
            <runs>0 8 18 19 1</runs>
            <runs>0 9 17 18 7</runs>
            <runs>0 10 15 18 8</runs>
            <runs>0 11 13 18 9</runs>
            <runs>0 12 10 19 9</runs>
            <runs>0 13 7 19 11</runs>
            <runs>0 38 12</runs>
            <runs>0 37 8</runs>
            <runs>0 32 13</runs>
            <runs>0 32 11</runs>
            <runs>0 4 2 25 12</runs>
            <runs>0 1 8 18 15</runs>
            <runs>41</runs>
            <runs>40</runs>
            <runs>39</runs>
            <runs>38</runs>
            <runs>37</runs>
            <runs>36</runs>
            <runs>35</runs>
            <runs>0 5 29</runs>
            <runs>0 6 28</runs>
            <runs>0 8 20</runs>
            <runs>0 10 17</runs>
            <runs>0 13 9</runs>
            <runs></runs>
            <runs></runs>
            <runs></runs>
            <runs>0 6 5 10 6</runs>
            <runs>0 5 7 8 7</runs>
            <runs>0 4 8 8 8</runs>
            <runs>0 4 8 8 8</runs>
            <runs>0 4 8 8 7</runs>
            <runs>0 5 6 9 7</runs>
            <runs>0 7 1</runs>
        </run-table>
    </sample>
    <sample shape="F_CLEF" interline="16" left="214" top="3490" id="1200">
        <run-table orientation="VERTICAL" width="49" height="54">
            <runs>0 53 1</runs>
            <runs>0 52 2</runs>
            <runs>0 52 2</runs>
            <runs>0 13 1 4 1 33 2</runs>
            <runs>0 8 12 32 1</runs>
            <runs>0 6 15 29 1</runs>
            <runs>0 5 17 28 2</runs>
            <runs>0 4 19 27 2</runs>
            <runs>23 27 2</runs>
            <runs>24 26 1</runs>
            <runs>25 25 1</runs>
            <runs>0 7 18</runs>
            <runs>0 7 18</runs>
            <runs>0 7 17</runs>
            <runs>0 7 17 20 1</runs>
            <runs>0 7 17 19 7</runs>
            <runs>0 7 17 18 8</runs>
            <runs>0 8 16 17 8</runs>
            <runs>0 9 14 18 9</runs>
            <runs>0 10 12 17 10</runs>
            <runs>0 11 9 18 11</runs>
            <runs>0 37 8</runs>
            <runs>0 35 9</runs>
            <runs>0 31 12</runs>
            <runs>0 30 13</runs>
            <runs>0 3 2 24 13</runs>
            <runs>0 3 3 20 15</runs>
            <runs>10 8 1 2 19</runs>
            <runs>39</runs>
            <runs>39</runs>
            <runs>38</runs>
            <runs>0 1 36</runs>
            <runs>0 1 34</runs>
            <runs>0 1 34</runs>
            <runs>0 3 31</runs>
            <runs>0 5 29</runs>
            <runs>0 6 23</runs>
            <runs>0 8 20</runs>
            <runs>0 10 15</runs>
            <runs></runs>
            <runs></runs>
            <runs></runs>
            <runs>0 7 4 11 4</runs>
            <runs>0 5 7 8 7</runs>
            <runs>0 5 7 8 8</runs>
            <runs>0 4 8 8 8</runs>
            <runs>0 4 8 8 8</runs>
            <runs>0 5 7 9 7</runs>
            <runs>0 6 5 10 5</runs>
        </run-table>
    </sample>
    <sample shape="TIME_FOUR" interline="16" left="1571" top="1829" id="10570">
        <run-table orientation="VERTICAL" width="27" height="31">
            <runs>0 19 2</runs>
            <runs>0 17 5</runs>
            <runs>0 16 6</runs>
            <runs>0 12 10</runs>
            <runs>0 12 10</runs>
            <runs>0 11 6 2 3</runs>
            <runs>0 8 8 3 3</runs>
            <runs>0 6 9 4 3</runs>
            <runs>0 2 13 4 3</runs>
            <runs>15 4 3</runs>
            <runs>14 5 3</runs>
            <runs>15 3 6 2 1</runs>
            <runs>9 3 19</runs>
            <runs>0 1 7 4 19</runs>
            <runs>0 1 6 4 20</runs>
            <runs>0 1 5 5 20</runs>
            <runs>0 1 4 5 21</runs>
            <runs>0 8 23</runs>
            <runs>0 7 24</runs>
            <runs>0 6 25</runs>
            <runs>0 6 25</runs>
            <runs>0 19 12</runs>
            <runs>0 20 2</runs>
            <runs>0 20 2</runs>
            <runs>0 20 1</runs>
            <runs>0 20 1</runs>
            <runs>0 20 1</runs>
        </run-table>
    </sample>
    <sample shape="TIME_THREE_FOUR" interline="16" left="1571" top="1670" id="12401">
        <run-table orientation="VERTICAL" width="26" height="65">
            <runs>0 52 1</runs>
            <runs>0 51 4</runs>
            <runs>0 20 6 24 5</runs>
            <runs>0 4 7 8 9 18 9</runs>
            <runs>0 4 8 7 14 12 10</runs>
            <runs>0 3 9 7 14 12 10</runs>
            <runs>0 4 8 7 14 9 8 2 2</runs>
            <runs>0 4 9 6 10 12 9 2 2</runs>
            <runs>0 4 9 6 9 8 13 3 2</runs>
            <runs>0 4 8 8 7 8 14 3 3</runs>
            <runs>0 4 8 9 5 4 19 3 4</runs>
            <runs>0 6 4 20 19 3 4</runs>
            <runs>0 30 15 1 18</runs>
            <runs>0 34 9 2 19</runs>
            <runs>0 13 1 20 8 3 20</runs>
            <runs>0 3 2 6 8 12 10 3 21</runs>
            <runs>23 2 3 1 1 1 8 4 22</runs>
            <runs>38 4 23</runs>
            <runs>34 2 1 4 24</runs>
            <runs>34 5 26</runs>
            <runs>34 5 26</runs>
            <runs>14 1 19 5 25</runs>
            <runs>14 2 13 23 4</runs>
            <runs>12 3 13 25 2</runs>
            <runs>11 4 13</runs>
            <runs>0 15 11</runs>
        </run-table>
    </sample>
    <sample shape="TIME_THREE_FOUR" interline="16" left="1571" top="1793" id="12425">
        <run-table orientation="VERTICAL" width="27" height="67">
            <runs>0 55 2</runs>
            <runs>0 53 5</runs>
            <runs>0 7 3 11 7 24 6</runs>
            <runs>0 5 7 8 9 19 10</runs>
            <runs>0 4 8 8 10 18 10</runs>
            <runs>0 4 9 7 11 16 6 2 3</runs>
            <runs>0 4 9 7 11 13 8 3 3</runs>
            <runs>0 4 9 7 10 12 9 4 3</runs>
            <runs>0 4 9 7 9 9 13 4 3</runs>
            <runs>0 5 8 8 6 9 15 4 3</runs>
            <runs>0 6 6 11 2 11 14 5 3</runs>
            <runs>0 36 15 3 6 2 1</runs>
            <runs>0 36 9 3 19</runs>
            <runs>0 14 1 22 7 4 19</runs>
            <runs>0 13 2 22 6 4 20</runs>
            <runs>21 16 5 5 20</runs>
            <runs>35 2 4 5 21</runs>
            <runs>35 9 23</runs>
            <runs>35 8 24</runs>
            <runs>35 7 25</runs>
            <runs>0 1 34 7 25</runs>
            <runs>14 2 15 24 12</runs>
            <runs>14 2 14 26 2</runs>
            <runs>0 5 8 3 13 27 2</runs>
            <runs>0 16 12 28 1</runs>
            <runs>0 20 6 30 1</runs>
            <runs>0 56 1</runs>
        </run-table>
    </sample>
    <sample shape="TIME_THREE_FOUR" interline="16" left="1572" top="2074" id="12383">
        <run-table orientation="VERTICAL" width="25" height="66">
            <runs>0 52 4</runs>
            <runs>0 21 7 19 9</runs>
            <runs>0 6 5 9 9 18 9</runs>
            <runs>0 4 8 8 9 18 9</runs>
            <runs>0 1 12 7 10 17 9</runs>
            <runs>0 1 12 3 15 23 2</runs>
            <runs>0 1 12 7 10 14 2 8 2</runs>
            <runs>0 4 9 7 9 12 9 4 2</runs>
            <runs>0 4 8 8 8 10 12 4 2</runs>
            <runs>0 5 6 11 3 11 14 4 2</runs>
            <runs>0 32 18 4 2 5 1</runs>
            <runs>0 32 14 7 4 4 1</runs>
            <runs>0 36 8 3 19</runs>
            <runs>0 13 2 21 7 3 20</runs>
            <runs>0 4 2 5 9 16 7 2 21</runs>
            <runs>35 1 5 4 21</runs>
            <runs>40 4 22</runs>
            <runs>36 6 24</runs>
            <runs>35 6 25</runs>
            <runs>0 1 34 5 26</runs>
            <runs>0 1 13 2 14 9 27</runs>
            <runs>0 1 13 2 14 10 4 2 20</runs>
            <runs>0 1 11 4 13 25 2</runs>
            <runs>0 6 4 6 12</runs>
            <runs>0 16 11</runs>
        </run-table>
    </sample>
    <sample shape="TIME_THREE_FOUR" interline="16" left="1570" top="2347" id="12345">
        <run-table orientation="VERTICAL" width="25" height="66">
            <runs>0 52 4</runs>
            <runs>0 21 6 20 9</runs>
            <runs>0 5 6 9 8 19 9</runs>
            <runs>0 1 11 7 10 24 3</runs>
            <runs>12 7 11 24 2</runs>
            <runs>0 1 11 7 10 16 1 8 2</runs>
            <runs>0 4 8 7 10 12 9 4 2 6 1</runs>
            <runs>0 4 8 7 9 10 11 12 2</runs>
            <runs>0 4 8 8 7 8 14 12 2</runs>
            <runs>0 5 6 11 3 9 15 5 2 4 3</runs>
            <runs>0 32 13 8 4 3 3</runs>
            <runs>0 31 13 3 19</runs>
            <runs>0 31 12 3 20</runs>
            <runs>0 12 2 17 11 4 20</runs>
            <runs>0 11 9 11 10 4 20</runs>
            <runs>34 1 4 5 21</runs>
            <runs>34 9 23</runs>
            <runs>34 7 25</runs>
            <runs>34 6 25</runs>
            <runs>30 10 25</runs>
            <runs>13 3 14 11 4 9 4</runs>
            <runs>0 1 12 3 13</runs>
            <runs>0 1 10 5 12</runs>
            <runs>0 16 11</runs>
            <runs>0 21 4</runs>
        </run-table>
    </sample>
    <sample shape="QUARTER_REST" interline="16" left="2121" top="1084" id="11027">
        <run-table orientation="VERTICAL" width="18" height="42">
            <runs>0 28 1 1 2</runs>
            <runs>0 27 8</runs>
            <runs>0 26 14</runs>
            <runs>0 11 5 10 14</runs>
            <runs>0 10 7 9 14</runs>
            <runs>0 10 8 7 16</runs>
            <runs>0 10 14 2 16</runs>
            <runs>0 9 15 2 9</runs>
            <runs>0 6 18 2 8</runs>
            <runs>24 3 6</runs>
            <runs>24 3 5</runs>
            <runs>0 2 30</runs>
            <runs>0 3 15 3 11</runs>
            <runs>0 5 12 9 6</runs>
            <runs>0 6 10 12 5</runs>
            <runs>0 6 9 14 4</runs>
            <runs>0 6 8 17 3</runs>
            <runs>0 33 1</runs>
        </run-table>
    </sample>
    <sample shape="QUARTER_REST" interline="16" left="2122" top="1245" id="12019">
        <run-table orientation="VERTICAL" width="17" height="44">
            <runs>0 31 3</runs>
            <runs>0 30 7</runs>
            <runs>0 14 3 12 9</runs>
            <runs>0 13 5 10 11</runs>
            <runs>0 12 8 8 15</runs>
            <runs>0 12 9 7 15</runs>
            <runs>0 12 10 6 16</runs>
            <runs>0 8 19 1 10</runs>
            <runs>4 3 20 2 7</runs>
            <runs>0 1 26 2 6</runs>
            <runs>0 3 24 2 5</runs>
            <runs>0 4 16 8 6</runs>
            <runs>0 6 13 5 10</runs>
            <runs>0 7 12 10 5</runs>
            <runs>0 8 10 12 5</runs>
            <runs>0 8 9 15 4</runs>
            <runs>0 11 1 22 3</runs>
        </run-table>
    </sample>
    <sample shape="QUARTER_REST" interline="16" left="2169" top="719" id="11072">
        <run-table orientation="VERTICAL" width="19" height="42">
            <runs>0 29 2</runs>
            <runs>0 27 7</runs>
            <runs>0 26 10</runs>
            <runs>0 11 4 7 18</runs>
            <runs>0 10 7 5 19</runs>
            <runs>0 10 8 5 18</runs>
            <runs>0 6 13 4 18</runs>
            <runs>0 6 15 1 20</runs>
            <runs>0 6 28</runs>
            <runs>33</runs>
            <runs>33</runs>
            <runs>0 2 17 8 5</runs>
            <runs>0 3 15 4 10</runs>
            <runs>0 5 11 6 10</runs>
            <runs>0 6 9 12 5</runs>
            <runs>0 6 8 14 5</runs>
            <runs>0 6 7 17 4</runs>
            <runs>0 32 3</runs>
            <runs>0 33 1</runs>
        </run-table>
    </sample>
    <sample shape="QUARTER_REST" interline="16" left="1915" top="965" id="10854">
        <run-table orientation="VERTICAL" width="17" height="45">
            <runs>0 31 5</runs>
            <runs>0 30 13</runs>
            <runs>0 13 6 10 14</runs>
            <runs>0 13 7 9 14</runs>
            <runs>0 13 8 7 15</runs>
            <runs>0 12 10 6 16</runs>
            <runs>3 5 19 1 17</runs>
            <runs>4 3 20 2 16</runs>
            <runs>0 2 25 2 8</runs>
            <runs>0 3 24 2 7</runs>
            <runs>0 5 30</runs>
            <runs>0 6 15 3 11</runs>
            <runs>0 7 13 4 11</runs>
            <runs>0 8 10 12 5</runs>
            <runs>0 8 10 13 5</runs>
            <runs>0 8 9 16 3</runs>
            <runs>0 34 3</runs>
        </run-table>
    </sample>
    <sample shape="QUARTER_REST" interline="16" left="1077" top="2976" id="10172">
        <run-table orientation="VERTICAL" width="17" height="44">
            <runs>0 30 6</runs>
            <runs>0 30 8</runs>
            <runs>0 14 4 10 14</runs>
            <runs>0 13 7 8 14</runs>
            <runs>0 8 12 4 19</runs>
            <runs>0 9 12 3 19</runs>
            <runs>0 9 13 2 20</runs>
            <runs>2 7 18 1 8</runs>
            <runs>5 2 28</runs>
            <runs>0 1 33</runs>
            <runs>0 3 31</runs>
            <runs>0 5 16 3 10</runs>
            <runs>0 7 12 5 10</runs>
            <runs>0 8 10 6 10</runs>
            <runs>0 9 9 12 5</runs>
            <runs>0 9 8 15 3</runs>
            <runs>0 9 7 18 1</runs>
        </run-table>
    </sample>
    <sample shape="SMALL_FLAG" interline="16" left="2254" top="2203" id="11251">
        <run-table orientation="VERTICAL" width="14" height="28">
            <runs>0 4 4</runs>
            <runs>14</runs>
            <runs>14</runs>
            <runs>0 4 10</runs>
            <runs>0 7 8</runs>
            <runs>0 8 7</runs>
            <runs>0 10 6</runs>
            <runs>0 11 5</runs>
            <runs>0 12 5</runs>
            <runs>0 13 5</runs>
            <runs>0 14 5</runs>
            <runs>0 15 6</runs>
            <runs>0 16 12</runs>
            <runs>0 19 9</runs>
        </run-table>
    </sample>
    <sample shape="DYNAMICS_P" interline="16" left="1659" top="2451" id="10646">
        <run-table orientation="VERTICAL" width="28" height="29">
            <runs>0 26 2</runs>
            <runs>0 26 2</runs>
            <runs>0 21 8</runs>
            <runs>0 19 10</runs>
            <runs>0 16 13</runs>
            <runs>0 14 15</runs>
            <runs>0 12 17</runs>
            <runs>0 10 19</runs>
            <runs>0 7 21</runs>
            <runs>2 3 16</runs>
            <runs>18</runs>
            <runs>17</runs>
            <runs>17</runs>
            <runs>0 1 10 5 2</runs>
            <runs>0 2 7 7 2</runs>
            <runs>0 4 3 9 3</runs>
            <runs>0 15 4</runs>
            <runs>0 14 5</runs>
            <runs>0 12 6</runs>
            <runs>0 10 8</runs>
            <runs>0 8 9</runs>
            <runs>0 6 11</runs>
            <runs>0 1 2 1 12</runs>
            <runs>0 1 14</runs>
            <runs>0 1 13</runs>
            <runs>0 1 11</runs>
            <runs>0 2 9</runs>
            <runs>0 4 4</runs>
        </run-table>
    </sample>
    <sample shape="DYNAMICS_P" interline="16" left="1615" top="2306" id="12473">
        <run-table orientation="VERTICAL" width="28" height="29">
            <runs>0 26 2</runs>
            <runs>0 25 4</runs>
            <runs>0 22 7</runs>
            <runs>0 6 3 11 9</runs>
            <runs>0 5 3 10 11</runs>
            <runs>0 4 3 9 13</runs>
            <runs>0 14 15</runs>
            <runs>0 11 17</runs>
            <runs>0 9 15 2 2</runs>
            <runs>0 1 1 5 15</runs>
            <runs>20</runs>
            <runs>18</runs>
            <runs>18</runs>
            <runs>0 1 17</runs>
            <runs>0 2 9 5 3</runs>
            <runs>0 3 5 8 3</runs>
            <runs>0 4 3 9 3</runs>
            <runs>0 3 2 9 5</runs>
            <runs>0 13 6</runs>
            <runs>0 11 7</runs>
            <runs>0 9 9</runs>
            <runs>0 8 9</runs>
            <runs>3 1 12</runs>
            <runs>16</runs>
            <runs>15</runs>
            <runs>13</runs>
            <runs>0 1 11</runs>
            <runs>0 3 6</runs>
        </run-table>
    </sample>
    <sample shape="DYNAMICS_F" interline="16" left="1060" top="2869" id="12748">
        <run-table orientation="VERTICAL" width="41" height="42">
            <runs>0 36 3</runs>
            <runs>0 33 7</runs>
            <runs>0 32 10</runs>
            <runs>0 32 10</runs>
            <runs>0 31 11</runs>
            <runs>0 32 9</runs>
            <runs>0 32 5</runs>
            <runs>0 33 2 4 2</runs>
            <runs>0 37 4</runs>
            <runs>0 36 5</runs>
            <runs>0 35 6</runs>
            <runs>0 32 8</runs>
            <runs>0 31 8</runs>
            <runs>0 29 10</runs>
            <runs>0 26 12</runs>
            <runs>0 25 12</runs>
            <runs>0 24 12</runs>
            <runs>0 14 2 6 12</runs>
            <runs>0 14 2 4 13</runs>
            <runs>0 14 17</runs>
            <runs>0 14 16</runs>
            <runs>0 14 13</runs>
            <runs>0 13 13</runs>
            <runs>0 11 14</runs>
            <runs>0 10 13</runs>
            <runs>0 9 12</runs>
            <runs>0 8 11</runs>
            <runs>0 7 11</runs>
            <runs>0 6 11</runs>
            <runs>0 5 12</runs>
            <runs>0 5 12</runs>
            <runs>0 5 6 4 2</runs>
            <runs>0 4 6</runs>
            <runs>0 4 3</runs>
            <runs></runs>
            <runs>0 4 2 3 2</runs>
            <runs>0 4 2 2 4</runs>
            <runs>13</runs>
            <runs>0 4 9</runs>
            <runs>0 5 7</runs>
            <runs>0 6 6</runs>
        </run-table>
    </sample>
    <sample shape="DYNAMICS_F" interline="16" left="1153" top="3016" id="12751">
        <run-table orientation="VERTICAL" width="42" height="39">
            <runs>0 33 1</runs>
            <runs>0 30 8</runs>
            <runs>0 29 9</runs>
            <runs>0 29 10</runs>
            <runs>0 29 10</runs>
            <runs>0 30 5</runs>
            <runs>0 31 3</runs>
            <runs>0 36 2</runs>
            <runs>0 34 4</runs>
            <runs>0 34 4</runs>
            <runs>0 32 6</runs>
            <runs>0 30 7</runs>
            <runs>0 28 8</runs>
            <runs>0 26 10</runs>
            <runs>0 25 10</runs>
            <runs>0 23 10</runs>
            <runs>0 16 16</runs>
            <runs>0 11 2 3 14</runs>
            <runs>0 11 2 3 13</runs>
            <runs>0 11 17</runs>
            <runs>0 11 15</runs>
            <runs>0 11 14</runs>
            <runs>0 10 13</runs>
            <runs>0 8 14</runs>
            <runs>0 7 14</runs>
            <runs>0 6 13</runs>
            <runs>0 5 14</runs>
            <runs>0 1 14</runs>
            <runs>0 1 13</runs>
            <runs>0 1 13</runs>
            <runs>0 1 9 1 3</runs>
            <runs>8</runs>
            <runs>0 4 2</runs>
            <runs>0 4 1</runs>
            <runs></runs>
            <runs></runs>
            <runs>0 6 4</runs>
            <runs>0 1 10</runs>
            <runs>0 1 10</runs>
            <runs>0 1 9</runs>
            <runs>0 1 8</runs>
            <runs>0 4 1</runs>
        </run-table>
    </sample>
    <sample shape="DYNAMICS_F" interline="16" left="1061" top="2711" id="0">
        <run-table orientation="VERTICAL" width="41" height="38">
            <runs>0 33 2</runs>
            <runs>0 30 7</runs>
            <runs>0 29 9</runs>
            <runs>0 28 10</runs>
            <runs>0 28 10</runs>
            <runs>0 28 8</runs>
            <runs>0 30 4</runs>
            <runs>0 36 2</runs>
            <runs>0 35 3</runs>
            <runs>0 33 5</runs>
            <runs>0 31 7</runs>
            <runs>0 29 8</runs>
            <runs>0 27 10</runs>
            <runs>0 25 10</runs>
            <runs>0 24 11</runs>
            <runs>0 22 11</runs>
            <runs>0 17 15</runs>
            <runs>0 11 2 4 14</runs>
            <runs>0 11 2 3 13</runs>
            <runs>0 11 17</runs>
            <runs>0 10 16</runs>
            <runs>0 9 15</runs>
            <runs>0 8 15</runs>
            <runs>0 7 14</runs>
            <runs>0 2 19</runs>
            <runs>0 2 19</runs>
            <runs>0 2 13</runs>
            <runs>0 1 13</runs>
            <runs>0 1 12</runs>
            <runs>0 1 12</runs>
            <runs>0 1 7</runs>
            <runs>0 5 1</runs>
            <runs></runs>
            <runs></runs>
            <runs></runs>
            <runs>0 1 8</runs>
            <runs>0 1 8</runs>
            <runs>9</runs>
            <runs>9</runs>
            <runs>0 1 7</runs>
            <runs>0 5 1</runs>
        </run-table>
    </sample>
</samples>
