<?xml version="1.0" encoding="UTF-8" standalone="yes"?>
<samples sheet-name="IMSLP00118#5">
    <sample shape="G_CLEF" interline="18" pitch="0.0" left="164" top="2913" id="699">
        <run-table orientation="VERTICAL" width="54" height="150">
            <runs>0 75 18</runs>
            <runs>0 75 23 30 8</runs>
            <runs>0 73 27 27 11</runs>
            <runs>0 71 30 25 13</runs>
            <runs>0 70 32 23 16</runs>
            <runs>0 68 35 21 18</runs>
            <runs>0 66 38 18 21</runs>
            <runs>0 65 40 16 23</runs>
            <runs>0 63 44 14 24</runs>
            <runs>0 62 46 12 26</runs>
            <runs>0 57 30 7 15 11 27</runs>
            <runs>0 57 25 19 9 10 27</runs>
            <runs>0 57 23 23 8 9 28</runs>
            <runs>0 57 23 25 12 3 21 1 6</runs>
            <runs>0 56 24 27 10 3 21 1 6</runs>
            <runs>0 56 19 33 9 3 21 2 6</runs>
            <runs>0 54 21 33 9 3 20 3 6</runs>
            <runs>0 53 20 36 8 4 19 3 6</runs>
            <runs>0 52 20 18 13 7 2 9 18 4 7</runs>
            <runs>0 51 20 13 22 4 2 10 17 4 7</runs>
            <runs>0 51 19 12 25 3 2 11 15 5 6</runs>
            <runs>0 50 19 7 30 5 1 12 13 6 6</runs>
            <runs>0 49 20 7 22 13 1 14 9 8 6</runs>
            <runs>0 48 20 8 15 40 2 10 6</runs>
            <runs>0 47 20 9 14 52 7</runs>
            <runs>0 29 4 13 20 10 13 53 7</runs>
            <runs>0 24 14 7 20 11 12 54 6</runs>
            <runs>0 19 46 10 13 54 6</runs>
            <runs>0 18 47 10 12 54 6</runs>
            <runs>0 16 53 5 13 53 6</runs>
            <runs>0 15 72 49 10</runs>
            <runs>0 12 78 1 2 19 8 13 12</runs>
            <runs>0 11 19 9 67 3 35</runs>
            <runs>0 9 18 12 23 6 75</runs>
            <runs>0 8 17 14 23 11 14 15 41</runs>
            <runs>0 6 17 16 23 11 13 23 30</runs>
            <runs>0 5 17 15 25 11 13 42 9</runs>
            <runs>0 5 16 15 20 17 14</runs>
            <runs>0 4 16 15 20 18 14</runs>
            <runs>0 3 15 17 18 21 13 23 8</runs>
            <runs>0 2 15 17 18 22 14 22 7</runs>
            <runs>0 1 16 16 18 23 14 21 9</runs>
            <runs>15 17 18 24 15 19 10</runs>
            <runs>14 16 19 25 16 16 12</runs>
            <runs>13 16 18 28 17 13 13</runs>
            <runs>13 15 18 29 24 4 9</runs>
            <runs>0 2 12 12 18 32 35</runs>
            <runs>0 4 40 32 34</runs>
            <runs>0 5 39 33 32</runs>
            <runs>0 8 30 39 31</runs>
            <runs>0 11 25 41 29</runs>
            <runs>0 14 20 48 23</runs>
            <runs>0 19 8 57 19</runs>
            <runs>0 86 14</runs>
        </run-table>
    </sample>
    <sample shape="F_CLEF" interline="18" pitch="-1.6" left="160" top="2490" id="619">
        <run-table orientation="VERTICAL" width="56" height="59">
            <runs>0 12 12</runs>
            <runs>0 11 14</runs>
            <runs>0 9 18</runs>
            <runs>0 7 20</runs>
            <runs>0 7 21</runs>
            <runs>0 6 4 4 15</runs>
            <runs>8 5 17</runs>
            <runs>0 5 2 6 17</runs>
            <runs>0 5 2 6 18</runs>
            <runs>0 13 18</runs>
            <runs>0 13 17</runs>
            <runs>0 13 17</runs>
            <runs>0 14 16</runs>
            <runs>0 14 16 24 1</runs>
            <runs>0 14 15 24 2</runs>
            <runs>0 15 13 24 3</runs>
            <runs>0 16 11 24 8</runs>
            <runs>0 17 9 24 9</runs>
            <runs>0 49 10</runs>
            <runs>0 48 11</runs>
            <runs>0 46 13</runs>
            <runs>0 45 14</runs>
            <runs>0 5 1 37 11</runs>
            <runs>0 5 2 31 15</runs>
            <runs>0 5 2 30 15</runs>
            <runs>8 29 14</runs>
            <runs>9 25 17</runs>
            <runs>10 21 19</runs>
            <runs>14 12 24</runs>
            <runs>49</runs>
            <runs>49</runs>
            <runs>47</runs>
            <runs>0 1 46</runs>
            <runs>0 1 44</runs>
            <runs>0 1 43</runs>
            <runs>0 1 42</runs>
            <runs>0 1 41</runs>
            <runs>0 5 37</runs>
            <runs>0 6 36</runs>
            <runs>0 7 30</runs>
            <runs>0 9 25</runs>
            <runs>0 10 22</runs>
            <runs>0 12 18</runs>
            <runs>0 25 2</runs>
            <runs></runs>
            <runs>0 8 3</runs>
            <runs>0 7 6 16 2</runs>
            <runs>0 6 8 13 6</runs>
            <runs>0 5 10 11 8</runs>
            <runs>0 1 14 11 8</runs>
            <runs>0 1 14 11 9</runs>
            <runs>0 5 10 10 10</runs>
            <runs>0 5 10 11 9</runs>
            <runs>0 6 8 12 9</runs>
            <runs>0 7 5 14 8</runs>
            <runs>0 28 5</runs>
        </run-table>
    </sample>
    <sample shape="FLAT" interline="18" pitch="-2.7" left="277" top="1272" id="502">
        <run-table orientation="VERTICAL" width="20" height="44">
            <runs>0 4 2 3 1</runs>
            <runs>0 2 20</runs>
            <runs>0 1 37 2 3</runs>
            <runs>44</runs>
            <runs>44</runs>
            <runs>0 1 43</runs>
            <runs>0 20 13 4 6</runs>
            <runs>0 21 6 9 6</runs>
            <runs>0 21 5 9 6</runs>
            <runs>0 20 6 3 10</runs>
            <runs>0 20 6 3 9</runs>
            <runs>0 20 18</runs>
            <runs>0 20 17</runs>
            <runs>0 20 17</runs>
            <runs>0 20 16</runs>
            <runs>0 20 15</runs>
            <runs>0 21 13</runs>
            <runs>0 21 12</runs>
            <runs>0 22 11</runs>
            <runs>0 23 10</runs>
        </run-table>
    </sample>
    <sample shape="FLAT" interline="18" pitch="-3.9" left="240" top="1754" id="578">
        <run-table orientation="VERTICAL" width="20" height="45">
            <runs>0 2 12 2 1 2 3</runs>
            <runs>0 1 35</runs>
            <runs>38</runs>
            <runs>44</runs>
            <runs>45</runs>
            <runs>0 1 43</runs>
            <runs></runs>
            <runs></runs>
            <runs>0 36 8</runs>
            <runs>0 34 10</runs>
            <runs>0 20 19</runs>
            <runs>0 20 18</runs>
            <runs>0 20 17</runs>
            <runs>0 20 17</runs>
            <runs>0 20 15</runs>
            <runs>0 20 15</runs>
            <runs>0 20 14</runs>
            <runs>0 22 11</runs>
            <runs>0 22 10</runs>
            <runs>0 26 3</runs>
        </run-table>
    </sample>
    <sample shape="FLAT" interline="18" pitch="2.4" left="257" top="2026" id="586">
        <run-table orientation="VERTICAL" width="20" height="44">
            <runs>0 9 2</runs>
            <runs>0 1 26</runs>
            <runs>0 1 42</runs>
            <runs>44</runs>
            <runs>44</runs>
            <runs>0 1 8 1 4 4 12 1 12</runs>
            <runs>0 18 9</runs>
            <runs>0 18 8</runs>
            <runs>0 18 7</runs>
            <runs>0 18 7 7 10</runs>
            <runs>0 18 7 5 12</runs>
            <runs>0 18 24</runs>
            <runs>0 18 24</runs>
            <runs>0 18 24</runs>
            <runs>0 19 17</runs>
            <runs>0 19 16</runs>
            <runs>0 19 15</runs>
            <runs>0 19 13</runs>
            <runs>0 19 12</runs>
            <runs>0 19 11</runs>
        </run-table>
    </sample>
</samples>
