<?xml version="1.0" encoding="UTF-8" standalone="yes"?>
<samples sheet-name="IMSLP00693#27">
    <sample shape="G_CLEF" interline="14" pitch="0.5" left="328" top="475" id="445">
        <run-table orientation="VERTICAL" width="39" height="101">
            <runs>0 53 8</runs>
            <runs>0 49 18</runs>
            <runs>0 48 19</runs>
            <runs>0 44 25</runs>
            <runs>0 42 29 20 2</runs>
            <runs>0 41 32 14 7</runs>
            <runs>0 41 20 2 10 13 9</runs>
            <runs>0 40 18 5 11 11 13</runs>
            <runs>0 39 13 16 7 9 15</runs>
            <runs>0 35 17 18 5 9 15</runs>
            <runs>0 35 17 18 9 5 16</runs>
            <runs>0 35 17 19 8 5 16</runs>
            <runs>0 34 14 9 10 6 1 10 17</runs>
            <runs>0 33 14 9 11 17 12 1 4</runs>
            <runs>0 32 14 8 13 17 11 2 4</runs>
            <runs>0 31 14 8 15 16 11 2 4</runs>
            <runs>0 14 11 6 13 5 20 15 11 2 4</runs>
            <runs>0 11 32 6 12 6 2 18 7 3 4</runs>
            <runs>0 7 35 7 10 8 3 16 7 3 5</runs>
            <runs>0 6 36 7 10 9 2 26 5</runs>
            <runs>0 5 15 1 22 6 10 37 5</runs>
            <runs>0 3 11 12 32 38 4</runs>
            <runs>0 3 9 14 13 1 18 37 4</runs>
            <runs>0 1 10 11 17 6 22 27 5</runs>
            <runs>0 1 9 12 16 10 19 27 4</runs>
            <runs>10 13 16 9 24 21 4</runs>
            <runs>9 13 12 14 10 4 17 12 6</runs>
            <runs>9 11 12 16 10 11 12 2 1 5 7</runs>
            <runs>9 9 13 17 10 15 13 1 8</runs>
            <runs>0 2 9 3 16 19 9 16 20</runs>
            <runs>0 6 18 25 10 14 6 7 3</runs>
            <runs>0 8 16 25 11 12 7</runs>
            <runs>0 49 12 10 4</runs>
            <runs>0 49 13 7 5</runs>
            <runs>0 49 25</runs>
            <runs>0 53 20</runs>
            <runs>0 54 18</runs>
            <runs>0 55 16</runs>
            <runs>0 58 10</runs>
        </run-table>
    </sample>
    <sample shape="C_CLEF" interline="14" pitch="-2.2" left="331" top="1641" id="496">
        <run-table orientation="VERTICAL" width="42" height="60">
            <runs>0 2 26 4 3 1 1 16 7</runs>
            <runs>0 1 59</runs>
            <runs>0 1 59</runs>
            <runs>0 1 59</runs>
            <runs>0 1 59</runs>
            <runs>60</runs>
            <runs>0 1 59</runs>
            <runs>0 1 59</runs>
            <runs>0 1 23 3 33</runs>
            <runs>0 2 12 36 10</runs>
            <runs>0 9 2 2 3</runs>
            <runs>0 2 58</runs>
            <runs>0 1 59</runs>
            <runs>0 1 59</runs>
            <runs>0 2 12 14 10 2 1 12 7</runs>
            <runs></runs>
            <runs>0 9 3</runs>
            <runs>0 6 7 14 9 14 6</runs>
            <runs>0 3 12 8 17 8 12</runs>
            <runs>0 3 43 1 13</runs>
            <runs>0 2 44 1 13</runs>
            <runs>0 2 44 1 13</runs>
            <runs>0 1 18 2 20 6 13</runs>
            <runs>0 1 4 1 9 9 4 8 2 10 7</runs>
            <runs>0 1 4 2 8 9 4 7 3 10 7</runs>
            <runs>0 1 4 2 7 11 3 7 2 11 6</runs>
            <runs>0 1 5 3 4 13 2 7 1 15 2</runs>
            <runs>0 1 4 20 3 6 2</runs>
            <runs>0 1 4 20 3 6 2</runs>
            <runs>0 1 5 19 4 5 3</runs>
            <runs>0 1 7 16 4 6 5 15 2</runs>
            <runs>0 2 8 12 6 6 6 12 8</runs>
            <runs>0 2 11 2 13 6 26</runs>
            <runs>0 3 25 6 26</runs>
            <runs>0 3 25 7 25</runs>
            <runs>0 3 24 8 25</runs>
            <runs>0 5 21 10 19</runs>
            <runs>0 5 20 11 18</runs>
            <runs>0 7 17 14 15</runs>
            <runs>0 9 13 19 9</runs>
            <runs>0 11 8</runs>
            <runs>0 14 2</runs>
        </run-table>
    </sample>
    <sample shape="C_CLEF" interline="14" pitch="0.3" left="338" top="2619" id="576">
        <run-table orientation="VERTICAL" width="39" height="61">
            <runs>0 1 9 1 49</runs>
            <runs>0 1 59</runs>
            <runs>61</runs>
            <runs>61</runs>
            <runs>61</runs>
            <runs>0 1 60</runs>
            <runs>0 1 60</runs>
            <runs>0 1 60</runs>
            <runs></runs>
            <runs></runs>
            <runs>0 1 60</runs>
            <runs>0 1 60</runs>
            <runs>0 1 60</runs>
            <runs>0 28 6 17 10</runs>
            <runs>0 27 7</runs>
            <runs>0 7 6 13 9 14 12</runs>
            <runs>0 6 7 12 11 13 11</runs>
            <runs>0 1 12 11 15 9 13</runs>
            <runs>0 1 13 6 26 1 14</runs>
            <runs>0 1 45 1 14</runs>
            <runs>0 1 17 1 42</runs>
            <runs>0 6 9 7 6 6 6 2 19</runs>
            <runs>0 6 8 9 4 7 5 3 19</runs>
            <runs>0 7 7 10 3 2 9 9 14</runs>
            <runs>0 7 5 13 2 2 8 12 5</runs>
            <runs>0 25 2 2 8 14 2</runs>
            <runs>0 25 3 5 4</runs>
            <runs>0 25 3 5 3</runs>
            <runs>0 5 2 17 4 1 8 17 7</runs>
            <runs>0 1 8 13 6 5 7 13 7</runs>
            <runs>0 1 17 2 12 1 13 3 11</runs>
            <runs>0 1 26 1 33</runs>
            <runs>0 1 26 1 33</runs>
            <runs>0 1 25 2 33</runs>
            <runs>0 1 25 8 27</runs>
            <runs>0 6 19 9 27</runs>
            <runs>0 7 18 10 26</runs>
            <runs>0 7 17 13 18</runs>
            <runs>0 41 11</runs>
        </run-table>
    </sample>
</samples>
