<?xml version="1.0" encoding="UTF-8" standalone="yes"?>
<samples sheet-name="IMSLP00121#50">
    <sample shape="G_CLEF" interline="18" pitch="0.1" left="275" top="1068" id="254">
        <run-table orientation="VERTICAL" width="56" height="145">
            <runs>0 74 16</runs>
            <runs>0 73 22</runs>
            <runs>0 73 23</runs>
            <runs>0 70 28</runs>
            <runs>0 68 32</runs>
            <runs>0 66 35</runs>
            <runs>0 65 38</runs>
            <runs>0 64 40 22 9</runs>
            <runs>0 62 21 9 13 19 13</runs>
            <runs>0 61 19 18 8 16 16</runs>
            <runs>0 60 19 21 7 14 18</runs>
            <runs>0 56 21 24 7 12 20</runs>
            <runs>0 56 21 26 6 10 22</runs>
            <runs>0 56 21 27 5 10 23</runs>
            <runs>0 56 17 32 8 6 23</runs>
            <runs>0 55 17 34 3 10 24</runs>
            <runs>0 55 15 36 3 10 24</runs>
            <runs>0 54 15 16 10 12 2 10 24</runs>
            <runs>0 53 15 15 13 12 1 10 19 1 5</runs>
            <runs>0 52 16 14 17 21 18 1 6</runs>
            <runs>0 52 16 12 21 19 18 3 4</runs>
            <runs>0 51 16 12 23 19 17 3 4</runs>
            <runs>0 51 15 9 28 18 16 4 4</runs>
            <runs>0 50 16 9 15 7 7 18 15 5 3</runs>
            <runs>0 49 16 10 14 11 5 18 13 6 3</runs>
            <runs>0 48 16 11 12 13 5 19 11 7 3</runs>
            <runs>0 20 16 6 2 3 16 12 11 15 5 19 9 7 4</runs>
            <runs>0 17 46 12 11 16 4 21 5 9 4</runs>
            <runs>0 14 49 11 11 17 4 34 5</runs>
            <runs>0 12 51 11 11 18 3 34 5</runs>
            <runs>0 11 55 7 11 20 2 33 5</runs>
            <runs>0 9 76 54 5</runs>
            <runs>0 8 22 7 51 50 5</runs>
            <runs>0 7 19 11 66 33 7</runs>
            <runs>0 6 18 14 22 12 44 18 8</runs>
            <runs>0 5 17 16 22 12 14 3 35 6 11</runs>
            <runs>0 4 15 19 17 18 11 15 40</runs>
            <runs>0 3 15 20 16 19 11 23 31</runs>
            <runs>0 2 15 21 15 20 12 25 26</runs>
            <runs>0 1 15 21 15 21 12</runs>
            <runs>15 21 16 21 12</runs>
            <runs>14 21 15 24 11 24 1</runs>
            <runs>14 20 15 25 12 23 1</runs>
            <runs>0 1 14 17 16 26 12 22 2</runs>
            <runs>0 2 14 14 16 29 12 21 2</runs>
            <runs>0 5 14 8 17 31 12 20 8</runs>
            <runs>0 9 33 33 13 18 9</runs>
            <runs>0 14 28 33 14 15 6</runs>
            <runs>0 17 25 33 16 11 7</runs>
            <runs>0 23 13 39 21 4 8</runs>
            <runs>0 79 28</runs>
            <runs>0 80 26</runs>
            <runs>0 81 24</runs>
            <runs>0 83 20</runs>
            <runs>0 85 16</runs>
            <runs>0 89 10</runs>
        </run-table>
    </sample>
</samples>
