<?xml version="1.0" encoding="UTF-8" standalone="yes"?>
<samples sheet-name="IMSLP00005#4">
    <sample shape="G_CLEF" interline="22" pitch="0.6" left="132" top="1266" id="478">
        <run-table orientation="VERTICAL" width="57" height="155">
            <runs>0 86 13</runs>
            <runs>0 84 17</runs>
            <runs>0 80 24</runs>
            <runs>0 74 32</runs>
            <runs>0 73 36</runs>
            <runs>0 73 37</runs>
            <runs>0 71 40</runs>
            <runs>0 70 42</runs>
            <runs>0 68 45 24 9</runs>
            <runs>0 67 24 1 21 23 12</runs>
            <runs>0 65 23 16 10 21 15</runs>
            <runs>0 65 20 21 9 20 16</runs>
            <runs>0 64 20 24 8 17 19</runs>
            <runs>0 64 18 27 11 13 19</runs>
            <runs>0 63 17 29 11 12 21</runs>
            <runs>0 62 16 33 9 12 21</runs>
            <runs>0 61 16 14 8 14 7 12 22</runs>
            <runs>0 59 17 13 12 2 1 10 3 15 22</runs>
            <runs>0 59 18 10 19 8 3 15 22</runs>
            <runs>0 58 19 8 23 6 3 15 22</runs>
            <runs>0 57 15 11 26 6 2 15 23</runs>
            <runs>0 52 20 10 28 6 1 15 17 2 4</runs>
            <runs>0 52 19 10 18 6 6 5 1 16 16 2 4</runs>
            <runs>0 52 18 10 13 13 6 4 1 16 15 3 4</runs>
            <runs>0 52 18 9 13 16 4 4 1 17 13 4 4</runs>
            <runs>0 52 17 9 12 20 2 4 1 18 11 5 4</runs>
            <runs>0 30 15 6 17 5 16 47 8 7 4</runs>
            <runs>0 25 42 6 16 62 4</runs>
            <runs>0 21 50 2 15 63 4</runs>
            <runs>0 19 69 62 4</runs>
            <runs>0 17 21 2 51 58 5</runs>
            <runs>0 15 21 11 18 2 34 4 1 43 4</runs>
            <runs>0 13 20 14 17 8 40 3 1 32 5</runs>
            <runs>0 12 21 14 17 9 48 26 5</runs>
            <runs>0 10 16 20 16 11 14 3 2 1 37 4 1 8 9</runs>
            <runs>0 8 17 20 16 12 14 16 48</runs>
            <runs>0 7 16 21 16 13 13 22 41</runs>
            <runs>0 6 14 24 16 13 14 28 33</runs>
            <runs>0 4 15 23 17 14 14 28 7 6 2 1 15</runs>
            <runs>0 3 15 23 17 15 14 28 6 12 8 2 1</runs>
            <runs>0 2 15 23 17 17 13 27 7</runs>
            <runs>0 1 14 24 17 18 13 27 6</runs>
            <runs>14 24 17 16 16 27 6</runs>
            <runs>13 23 19 16 17 25 7</runs>
            <runs>12 19 19 21 18 23 8</runs>
            <runs>0 1 11 19 17 30 11 22 9</runs>
            <runs>0 3 10 17 16 32 12 20 6</runs>
            <runs>0 5 9 10 20 35 12 18 6</runs>
            <runs>0 7 35 39 12 16 6</runs>
            <runs>0 12 26 44 17 8 7</runs>
            <runs>0 16 2 1 17 47 17 2 11</runs>
            <runs>0 24 6 54 28</runs>
            <runs>0 86 25</runs>
            <runs>0 87 22</runs>
            <runs>0 88 20</runs>
            <runs>0 90 15</runs>
            <runs>0 94 7</runs>
        </run-table>
    </sample>
    <sample shape="F_CLEF" interline="22" pitch="-1.5" left="123" top="949" id="440">
        <run-table orientation="VERTICAL" width="65" height="70">
            <runs>0 65 2</runs>
            <runs>0 65 2</runs>
            <runs>0 65 2</runs>
            <runs>0 64 3</runs>
            <runs>0 64 3</runs>
            <runs>0 64 3</runs>
            <runs>0 64 3</runs>
            <runs>0 63 7</runs>
            <runs>0 13 13 37 7</runs>
            <runs>0 10 16 37 7</runs>
            <runs>0 8 19 35 8</runs>
            <runs>0 7 7 3 11 34 4</runs>
            <runs>0 5 5 8 10 34 3</runs>
            <runs>0 5 4 9 11 33 3</runs>
            <runs>0 1 7 9 12 32 4</runs>
            <runs>0 4 3 9 14 31 3</runs>
            <runs>0 4 2 10 14 30 4</runs>
            <runs>0 4 1 11 14 30 4</runs>
            <runs>0 4 1 10 15 29 4</runs>
            <runs>0 15 15 29 4</runs>
            <runs>0 16 14 28 4</runs>
            <runs>0 16 13 29 4</runs>
            <runs>0 16 13 28 5</runs>
            <runs>0 17 12 27 6</runs>
            <runs>0 18 9 28 6</runs>
            <runs>0 20 2 33 6</runs>
            <runs>0 53 7</runs>
            <runs>0 53 7</runs>
            <runs>0 52 7</runs>
            <runs>0 50 9</runs>
            <runs>0 50 8</runs>
            <runs>0 44 14</runs>
            <runs>0 44 13</runs>
            <runs>0 44 12</runs>
            <runs>0 6 1 37 11</runs>
            <runs>0 1 7 35 12</runs>
            <runs>0 1 8 31 14</runs>
            <runs>0 1 9 28 15</runs>
            <runs>0 1 11 25 15</runs>
            <runs>0 1 14 18 18</runs>
            <runs>0 1 18 3 28</runs>
            <runs>0 1 48</runs>
            <runs>48</runs>
            <runs>48</runs>
            <runs>0 5 42</runs>
            <runs>0 6 41</runs>
            <runs>0 7 40</runs>
            <runs>0 8 34</runs>
            <runs>0 10 30</runs>
            <runs>0 11 27</runs>
            <runs>0 12 24</runs>
            <runs>0 13 22</runs>
            <runs>0 16 4 1 12</runs>
            <runs></runs>
            <runs>0 13 2 18 3</runs>
            <runs>0 11 6 14 6</runs>
            <runs>0 9 9 12 8</runs>
            <runs>0 9 9 12 8</runs>
            <runs>0 9 9 12 9</runs>
            <runs>0 9 9 11 10</runs>
            <runs>0 9 9 11 10</runs>
            <runs>0 10 8 12 10</runs>
            <runs>0 11 7 13 8</runs>
            <runs>0 12 6 13 8</runs>
            <runs>0 13 3 17 5</runs>
        </run-table>
    </sample>
    <sample shape="FLAT" interline="22" pitch="0.3" left="264" top="238" id="400">
        <run-table orientation="VERTICAL" width="19" height="56">
            <runs>0 36 3 7 2</runs>
            <runs>56</runs>
            <runs>55</runs>
            <runs>35 12 7</runs>
            <runs>0 24 8</runs>
            <runs></runs>
            <runs>0 46 2</runs>
            <runs>0 45 3</runs>
            <runs>0 44 7</runs>
            <runs>0 43 9</runs>
            <runs>0 41 10</runs>
            <runs>0 24 7 8 8</runs>
            <runs>0 24 9 2 11</runs>
            <runs>0 24 20</runs>
            <runs>0 24 18</runs>
            <runs>0 24 17</runs>
            <runs>0 25 14</runs>
            <runs>0 25 13</runs>
            <runs>0 26 10</runs>
        </run-table>
    </sample>
    <sample shape="FLAT" interline="22" pitch="0.2" left="258" top="773" id="454">
        <run-table orientation="VERTICAL" width="20" height="56">
            <runs>0 25 7 8 1</runs>
            <runs>56</runs>
            <runs>55</runs>
            <runs>35 12 8</runs>
            <runs>0 22 1 1 1</runs>
            <runs></runs>
            <runs></runs>
            <runs>0 25 1 19 7</runs>
            <runs>0 25 1 18 8</runs>
            <runs>0 25 1 16 10</runs>
            <runs>0 24 2 15 6</runs>
            <runs>0 24 2 13 6</runs>
            <runs>0 24 7 7 7</runs>
            <runs>0 24 20</runs>
            <runs>0 24 19</runs>
            <runs>0 24 17</runs>
            <runs>0 24 16</runs>
            <runs>0 26 12</runs>
            <runs>0 26 11</runs>
            <runs>0 27 8</runs>
        </run-table>
    </sample>
    <sample shape="FLAT" interline="22" pitch="-1.8" left="235" top="1490" id="515">
        <run-table orientation="VERTICAL" width="20" height="54">
            <runs>0 53 1</runs>
            <runs>32 2 20</runs>
            <runs>54</runs>
            <runs>36 2 15</runs>
            <runs>0 25 7</runs>
            <runs></runs>
            <runs></runs>
            <runs>0 45 2</runs>
            <runs>0 43 8</runs>
            <runs>0 42 9</runs>
            <runs>0 41 6</runs>
            <runs>0 23 1 16 6</runs>
            <runs>0 23 7 8 7</runs>
            <runs>0 23 10 1 10</runs>
            <runs>0 23 19</runs>
            <runs>0 24 17</runs>
            <runs>0 24 16</runs>
            <runs>0 25 14</runs>
            <runs>0 25 12</runs>
            <runs>0 26 9</runs>
        </run-table>
    </sample>
</samples>
