<?xml version="1.0" encoding="UTF-8" standalone="yes"?>
<samples sheet-name="IMSLP00121#45">
    <sample shape="F_CLEF" interline="19" pitch="-1.6" left="239" top="599" id="262">
        <run-table orientation="VERTICAL" width="52" height="60">
            <runs>0 12 11</runs>
            <runs>0 9 15</runs>
            <runs>0 8 17</runs>
            <runs>0 6 20</runs>
            <runs>0 5 22</runs>
            <runs>0 1 10 1 15 27 1</runs>
            <runs>0 1 8 4 15 26 1</runs>
            <runs>0 4 3 5 16 26 1</runs>
            <runs>0 4 3 5 16 25 2</runs>
            <runs>0 4 2 6 16 25 2</runs>
            <runs>0 4 2 6 16 24 8</runs>
            <runs>0 4 1 7 16 24 8</runs>
            <runs>0 12 16 23 9</runs>
            <runs>0 12 15 23 10</runs>
            <runs>0 13 14 23 5</runs>
            <runs>0 13 13 23 6</runs>
            <runs>0 14 11 24 6</runs>
            <runs>0 15 9 24 7</runs>
            <runs>0 47 7</runs>
            <runs>0 46 8</runs>
            <runs>0 45 8</runs>
            <runs>0 43 10</runs>
            <runs>0 39 13</runs>
            <runs>0 5 1 33 12</runs>
            <runs>0 5 2 32 11</runs>
            <runs>0 5 3 30 12</runs>
            <runs>9 29 11</runs>
            <runs>10 26 12</runs>
            <runs>12 22 13</runs>
            <runs>16 15 15</runs>
            <runs>45</runs>
            <runs>44</runs>
            <runs>43</runs>
            <runs>0 6 36</runs>
            <runs>0 7 35</runs>
            <runs>0 8 34</runs>
            <runs>0 8 34</runs>
            <runs>0 9 27</runs>
            <runs>0 11 24</runs>
            <runs>0 15 16</runs>
            <runs>0 19 9</runs>
            <runs></runs>
            <runs>0 8 5</runs>
            <runs>0 7 7 13 3</runs>
            <runs>0 6 9 11 5</runs>
            <runs>0 6 9 10 7</runs>
            <runs>0 6 9 10 7</runs>
            <runs>0 6 9 9 8</runs>
            <runs>0 6 9 9 8</runs>
            <runs>0 7 7 10 8</runs>
            <runs>0 8 4 13 7</runs>
            <runs>0 26 5</runs>
        </run-table>
    </sample>
    <sample shape="F_CLEF" interline="19" pitch="-1.6" left="239" top="1298" id="325">
        <run-table orientation="VERTICAL" width="52" height="61">
            <runs>0 11 12</runs>
            <runs>0 9 15</runs>
            <runs>0 8 17</runs>
            <runs>0 6 21</runs>
            <runs>0 5 23</runs>
            <runs>11 2 15</runs>
            <runs>9 3 16 27 1</runs>
            <runs>8 4 17 26 1</runs>
            <runs>0 6 1 5 17 26 1</runs>
            <runs>0 12 17 25 2</runs>
            <runs>0 11 18 25 2</runs>
            <runs>0 12 16 25 8</runs>
            <runs>0 12 16 24 9</runs>
            <runs>0 13 15 24 8</runs>
            <runs>0 13 14 24 9</runs>
            <runs>0 14 12 24 6</runs>
            <runs>0 15 10 25 5</runs>
            <runs>0 49 6</runs>
            <runs>0 48 6</runs>
            <runs>0 47 7</runs>
            <runs>0 46 7</runs>
            <runs>0 45 7</runs>
            <runs>0 43 9</runs>
            <runs>0 38 13</runs>
            <runs>0 6 1 31 13</runs>
            <runs>8 30 12</runs>
            <runs>9 27 13</runs>
            <runs>11 24 13</runs>
            <runs>13 19 15</runs>
            <runs>23 5 18</runs>
            <runs>45</runs>
            <runs>44</runs>
            <runs>43</runs>
            <runs>0 5 37</runs>
            <runs>0 6 36</runs>
            <runs>0 8 33</runs>
            <runs>0 9 32</runs>
            <runs>0 11 24</runs>
            <runs>0 13 20</runs>
            <runs>0 15 14</runs>
            <runs>0 22 4</runs>
            <runs></runs>
            <runs>0 6 6</runs>
            <runs>0 6 7 13 4</runs>
            <runs>0 5 8 12 6</runs>
            <runs>0 5 9 10 8</runs>
            <runs>0 5 9 10 8</runs>
            <runs>0 5 9 10 8</runs>
            <runs>0 5 8 11 8</runs>
            <runs>0 6 6 12 8</runs>
            <runs>0 7 4 14 7</runs>
            <runs>0 26 5</runs>
        </run-table>
    </sample>
    <sample shape="F_CLEF" interline="19" pitch="-1.5" left="240" top="2002" id="385">
        <run-table orientation="VERTICAL" width="53" height="61">
            <runs>0 14 10</runs>
            <runs>0 11 13</runs>
            <runs>0 9 16</runs>
            <runs>0 8 18</runs>
            <runs>0 7 20</runs>
            <runs>28</runs>
            <runs>11 2 15 27 1</runs>
            <runs>9 4 16 26 1</runs>
            <runs>8 5 16 25 2</runs>
            <runs>0 5 2 5 17 25 2</runs>
            <runs>0 5 2 5 17 24 8</runs>
            <runs>0 5 1 6 17 24 8</runs>
            <runs>0 5 1 6 17 23 9</runs>
            <runs>0 5 1 6 16 24 9</runs>
            <runs>0 5 1 7 15 23 10</runs>
            <runs>0 5 1 7 15 22 11</runs>
            <runs>0 14 13 22 12</runs>
            <runs>0 15 11 23 7</runs>
            <runs>0 16 9 23 8</runs>
            <runs>0 47 8</runs>
            <runs>0 46 9</runs>
            <runs>0 5 1 40 8</runs>
            <runs>0 5 2 38 8</runs>
            <runs>0 5 2 32 14</runs>
            <runs>8 31 13</runs>
            <runs>9 30 12</runs>
            <runs>10 28 13</runs>
            <runs>11 25 14</runs>
            <runs>13 22 14</runs>
            <runs>15 17 16</runs>
            <runs>47</runs>
            <runs>0 1 45</runs>
            <runs>44</runs>
            <runs>43</runs>
            <runs>43</runs>
            <runs>0 8 35</runs>
            <runs>0 8 34</runs>
            <runs>0 10 32</runs>
            <runs>0 11 24</runs>
            <runs>0 14 19</runs>
            <runs>0 17 13</runs>
            <runs></runs>
            <runs></runs>
            <runs>0 8 6</runs>
            <runs>0 7 8 12 3</runs>
            <runs>0 6 10 9 7</runs>
            <runs>0 6 10 8 8</runs>
            <runs>0 6 10 8 9</runs>
            <runs>0 6 9 9 9</runs>
            <runs>0 7 8 9 9</runs>
            <runs>0 7 7 10 8</runs>
            <runs>0 9 3 14 6</runs>
            <runs>0 27 3</runs>
        </run-table>
    </sample>
    <sample shape="FLAT" interline="19" pitch="1.2" left="305" top="622" id="291">
        <run-table orientation="VERTICAL" width="20" height="49">
            <runs>19</runs>
            <runs>39</runs>
            <runs>49</runs>
            <runs>0 1 48</runs>
            <runs>0 2 47</runs>
            <runs>0 26 11 6 5</runs>
            <runs>0 25 6 13 3</runs>
            <runs>0 25 5 13 3</runs>
            <runs>0 24 5 13 3</runs>
            <runs>0 24 5 12 3</runs>
            <runs>0 24 5 11 4</runs>
            <runs>0 24 5 4 10</runs>
            <runs>0 24 7 1 10</runs>
            <runs>0 24 18</runs>
            <runs>0 24 17</runs>
            <runs>0 25 15</runs>
            <runs>0 25 14</runs>
            <runs>0 26 13</runs>
            <runs>0 27 11</runs>
            <runs>0 29 8</runs>
        </run-table>
    </sample>
    <sample shape="FLAT" interline="19" pitch="1.3" left="380" top="1106" id="337">
        <run-table orientation="VERTICAL" width="19" height="47">
            <runs>27 1 9</runs>
            <runs>47</runs>
            <runs>47</runs>
            <runs>47</runs>
            <runs>47</runs>
            <runs>0 25 11 6 5</runs>
            <runs>0 25 5 12 4</runs>
            <runs>0 24 5 13 4</runs>
            <runs>0 24 5 12 3</runs>
            <runs>0 24 4 12 3</runs>
            <runs>0 23 5 10 5</runs>
            <runs>0 23 5 4 10</runs>
            <runs>0 23 5 4 10</runs>
            <runs>0 23 18</runs>
            <runs>0 24 16</runs>
            <runs>0 24 16</runs>
            <runs>0 24 15</runs>
            <runs>0 25 13</runs>
            <runs>0 26 11</runs>
        </run-table>
    </sample>
</samples>
