<?xml version="1.0" encoding="UTF-8" standalone="yes"?>
<samples sheet-name="IMSLP00668#37">
    <sample shape="F_CLEF" interline="15" pitch="-1.6" left="333" top="1564" id="790">
        <run-table orientation="VERTICAL" width="46" height="55">
            <runs>0 51 4</runs>
            <runs>0 51 3</runs>
            <runs>0 9 2 39 4</runs>
            <runs>0 8 11 31 3</runs>
            <runs>0 7 13 30 3</runs>
            <runs>0 5 16 29 3</runs>
            <runs>0 1 20 29 2</runs>
            <runs>0 1 21 28 2</runs>
            <runs>0 1 21 23 7</runs>
            <runs>0 6 17</runs>
            <runs>0 7 16</runs>
            <runs>0 7 16</runs>
            <runs>0 7 15</runs>
            <runs>0 7 15 21 1</runs>
            <runs>0 8 14 20 7</runs>
            <runs>0 8 13 20 8</runs>
            <runs>0 9 11 20 9</runs>
            <runs>0 11 9 18 11</runs>
            <runs>0 37 8</runs>
            <runs>0 36 9</runs>
            <runs>0 31 13</runs>
            <runs>0 31 11</runs>
            <runs>0 29 12</runs>
            <runs>0 26 15</runs>
            <runs>9 12 19</runs>
            <runs>0 1 38</runs>
            <runs>0 1 37</runs>
            <runs>0 1 36</runs>
            <runs>0 1 35</runs>
            <runs>0 1 34</runs>
            <runs>0 1 34</runs>
            <runs>35</runs>
            <runs>0 6 22</runs>
            <runs>0 8 19</runs>
            <runs>0 9 15</runs>
            <runs>0 11 9</runs>
            <runs>0 24 5</runs>
            <runs>0 9 1 14 6</runs>
            <runs>0 6 6 11 7</runs>
            <runs>0 5 8 10 12</runs>
            <runs>0 5 8 10 11</runs>
            <runs>0 5 8 10 11</runs>
            <runs>13 10 11</runs>
            <runs>0 5 8 11 6</runs>
            <runs>0 5 8 13 1</runs>
            <runs>0 7 5</runs>
        </run-table>
    </sample>
    <sample shape="SHARP" interline="15" pitch="-5.3" left="535" top="538" id="558">
        <run-table orientation="VERTICAL" width="17" height="47">
            <runs>0 11 7</runs>
            <runs>0 10 9 8 7</runs>
            <runs>0 9 10 2 1 5 15</runs>
            <runs>0 2 45</runs>
            <runs>0 1 36 2 8</runs>
            <runs>0 2 17 6 9</runs>
            <runs>0 8 10 7 9</runs>
            <runs>0 8 9 8 8</runs>
            <runs>0 8 9 8 8</runs>
            <runs>0 7 10 7 16</runs>
            <runs>41</runs>
            <runs>20 1 12 5 1</runs>
            <runs>16 7 8</runs>
            <runs>1 6 8 8 9</runs>
            <runs>0 7 8 8 8</runs>
            <runs>0 7 7 10 1</runs>
            <runs>0 8 4</runs>
        </run-table>
    </sample>
    <sample shape="SHARP" interline="15" pitch="-1.9" left="444" top="1383" id="817">
        <run-table orientation="VERTICAL" width="16" height="47">
            <runs>0 32 2 1 2</runs>
            <runs>0 15 6 10 10</runs>
            <runs>0 14 7 9 11 2 3</runs>
            <runs>0 13 34</runs>
            <runs>0 12 30 1 1</runs>
            <runs>0 12 9 7 13</runs>
            <runs>0 12 9 8 9</runs>
            <runs>0 11 9 9 8</runs>
            <runs>0 11 9 9 8</runs>
            <runs>0 11 9 8 9</runs>
            <runs>0 2 2 3 37</runs>
            <runs>0 1 42</runs>
            <runs>19 8 8</runs>
            <runs>0 7 11 9 8</runs>
            <runs>0 7 11 10 6</runs>
            <runs>0 7 10 13 2</runs>
        </run-table>
    </sample>
    <sample shape="SHARP" interline="15" pitch="-2.0" left="390" top="1558" id="841">
        <run-table orientation="VERTICAL" width="16" height="45">
            <runs>0 14 6 11 5</runs>
            <runs>0 14 6 10 10</runs>
            <runs>0 13 7 9 16</runs>
            <runs>0 12 9 5 19</runs>
            <runs>0 4 37 1 3</runs>
            <runs>0 5 15 8 12</runs>
            <runs>0 11 8 9 8</runs>
            <runs>0 11 8 9 8</runs>
            <runs>0 11 8 9 7</runs>
            <runs>0 11 8 9 8 4 2</runs>
            <runs>0 4 16 1 21</runs>
            <runs>20 1 21</runs>
            <runs>0 1 18 7 9</runs>
            <runs>0 6 12 8 8</runs>
            <runs>0 7 10 9 7</runs>
            <runs>0 6 10 11 5</runs>
        </run-table>
    </sample>
    <sample shape="SHARP" interline="15" pitch="-0.9" left="407" top="1977" id="941">
        <run-table orientation="VERTICAL" width="15" height="47">
            <runs>0 33 4</runs>
            <runs>0 19 2 12 4</runs>
            <runs>0 15 8 8 8 3 2</runs>
            <runs>0 7 4 4 11 2 19</runs>
            <runs>0 6 20 2 19</runs>
            <runs>0 7 17 5 9</runs>
            <runs>0 13 9 8 7</runs>
            <runs>0 13 9 8 7</runs>
            <runs>0 13 9 7 8</runs>
            <runs>0 13 8 8 8</runs>
            <runs>0 6 1 5 9 7 19</runs>
            <runs>47</runs>
            <runs>21 4 2 1 8</runs>
            <runs>0 12 8 8 7</runs>
            <runs>0 12 8 8 1</runs>
        </run-table>
    </sample>
    <sample shape="SHARP" interline="15" pitch="-1.8" left="439" top="2382" id="984">
        <run-table orientation="VERTICAL" width="16" height="45">
            <runs>0 30 9</runs>
            <runs>0 13 6 10 10</runs>
            <runs>0 12 11 6 10</runs>
            <runs>0 12 12 4 17</runs>
            <runs>0 3 42</runs>
            <runs>0 3 38 1 2</runs>
            <runs>0 10 14 3 12</runs>
            <runs>0 10 13 4 12</runs>
            <runs>0 10 9 8 12</runs>
            <runs>0 10 9 8 8</runs>
            <runs>0 6 13 8 16</runs>
            <runs>43</runs>
            <runs>42</runs>
            <runs>18 7 9</runs>
            <runs>0 5 12 8 9</runs>
            <runs>0 5 12 8 8</runs>
        </run-table>
    </sample>
    <sample shape="SHARP" interline="15" pitch="-5.0" left="422" top="2770" id="1034">
        <run-table orientation="VERTICAL" width="17" height="47">
            <runs>0 15 4</runs>
            <runs>0 13 7 9 7</runs>
            <runs>0 12 8 9 8</runs>
            <runs>0 5 2 3 37</runs>
            <runs>0 4 43</runs>
            <runs>0 4 18 3 15</runs>
            <runs>0 9 11 7 9</runs>
            <runs>0 10 10 7 9</runs>
            <runs>0 10 9 8 9</runs>
            <runs>0 10 9 8 9</runs>
            <runs>0 7 13 4 18</runs>
            <runs>43</runs>
            <runs>34 1 1</runs>
            <runs>0 2 1 5 10 8 8</runs>
            <runs>0 9 8 9 7</runs>
            <runs>0 9 7 10 3</runs>
            <runs>0 10 5</runs>
        </run-table>
    </sample>
    <sample shape="TIME_FOUR" interline="15" pitch="2.1" left="588" top="600" id="603">
        <run-table orientation="VERTICAL" width="27" height="27">
            <runs>0 21 1</runs>
            <runs>0 20 3</runs>
            <runs>0 19 4</runs>
            <runs>0 18 5</runs>
            <runs>0 16 4 1 2</runs>
            <runs>0 12 7 2 2</runs>
            <runs>0 17 1 3 2</runs>
            <runs>0 21 2</runs>
            <runs>0 21 1</runs>
            <runs>0 9 7 5 1</runs>
            <runs>0 6 9 6 1</runs>
            <runs>0 3 12 6 2</runs>
            <runs>15 6 2</runs>
            <runs>27</runs>
            <runs>11 1 15</runs>
            <runs>10 2 15</runs>
            <runs>9 2 16</runs>
            <runs>7 2 18</runs>
            <runs>0 1 5 3 18</runs>
            <runs>0 1 3 3 20</runs>
            <runs>0 1 2 2 22</runs>
            <runs>0 4 23</runs>
            <runs>0 4 12 3 8</runs>
            <runs>0 21 2</runs>
            <runs>0 21 2</runs>
            <runs>0 21 2</runs>
            <runs>0 21 2</runs>
        </run-table>
    </sample>
    <sample shape="TIME_FOUR" interline="15" pitch="-1.8" left="585" top="743" id="647">
        <run-table orientation="VERTICAL" width="27" height="27">
            <runs>0 25 2</runs>
            <runs>0 22 5</runs>
            <runs>0 20 5</runs>
            <runs>0 20 5</runs>
            <runs>0 22 3</runs>
            <runs>0 16 2 4 3</runs>
            <runs>0 16 2 3 4</runs>
            <runs>0 16 1 3 5</runs>
            <runs>0 19 6</runs>
            <runs>0 19 6</runs>
            <runs>0 19 7</runs>
            <runs>0 18 8</runs>
            <runs>0 10 7 1 9</runs>
            <runs>0 9 7 2 9</runs>
            <runs>0 6 10 2 9</runs>
            <runs>16 3 8</runs>
            <runs>16 4 7</runs>
            <runs>16 4 7</runs>
            <runs>16 4 7</runs>
            <runs>16 5 6</runs>
            <runs>16 5 6</runs>
            <runs>15 6 6</runs>
            <runs>16 5 6</runs>
            <runs>0 3 12 6 5</runs>
            <runs>0 19 6</runs>
            <runs>0 18 4</runs>
            <runs>0 19 2</runs>
        </run-table>
    </sample>
    <sample shape="TIME_FOUR" interline="15" pitch="2.2" left="585" top="774" id="656">
        <run-table orientation="VERTICAL" width="27" height="27">
            <runs>0 19 3</runs>
            <runs>0 18 4</runs>
            <runs>0 17 5</runs>
            <runs>0 18 3</runs>
            <runs>0 16 2</runs>
            <runs>0 15 2</runs>
            <runs>0 15 1 4 2</runs>
            <runs>0 20 2</runs>
            <runs>0 20 2</runs>
            <runs>0 9 2 9 2</runs>
            <runs>0 7 8 4 3</runs>
            <runs>0 4 11 4 3</runs>
            <runs>0 2 13 4 4</runs>
            <runs>15 2 8</runs>
            <runs>27</runs>
            <runs>27</runs>
            <runs>8 1 18</runs>
            <runs>8 1 18</runs>
            <runs>27</runs>
            <runs>4 2 21</runs>
            <runs>2 3 22</runs>
            <runs>0 3 24</runs>
            <runs>0 3 24</runs>
            <runs>0 5 1 13 8</runs>
            <runs>0 20 3</runs>
            <runs>0 20 3</runs>
            <runs>0 20 2</runs>
        </run-table>
    </sample>
</samples>
