<?xml version="1.0" encoding="UTF-8" standalone="yes"?>
<samples sheet-name="IMSLP00002#18">
    <sample shape="G_CLEF" interline="22" pitch="0.7" left="180" top="222" id="233">
        <run-table orientation="VERTICAL" width="55" height="153">
            <runs>0 85 12 2 1</runs>
            <runs>0 82 21</runs>
            <runs>0 77 28</runs>
            <runs>0 72 34</runs>
            <runs>0 71 37</runs>
            <runs>0 71 38</runs>
            <runs>0 70 41</runs>
            <runs>0 69 30 1 12 30 1</runs>
            <runs>0 67 23 13 10 23 9</runs>
            <runs>0 66 20 19 13 16 13</runs>
            <runs>0 65 18 24 11 15 15</runs>
            <runs>0 64 17 27 10 14 17</runs>
            <runs>0 63 16 30 9 14 18</runs>
            <runs>0 61 17 32 8 13 19</runs>
            <runs>0 60 16 35 7 13 20</runs>
            <runs>0 59 16 37 2 17 20</runs>
            <runs>0 58 17 14 14 10 1 16 22</runs>
            <runs>0 57 18 13 16 9 1 16 22</runs>
            <runs>0 56 19 10 21 24 22</runs>
            <runs>0 56 19 8 24 24 21</runs>
            <runs>0 55 15 12 15 7 4 23 16 2 4</runs>
            <runs>0 50 19 11 17 9 3 9 1 12 15 3 4</runs>
            <runs>0 50 18 11 11 18 2 8 1 13 14 3 4</runs>
            <runs>0 27 12 11 17 11 11 29 1 14 12 4 4</runs>
            <runs>0 27 21 1 17 12 10 30 1 15 10 5 4</runs>
            <runs>0 23 43 11 10 31 1 17 4 9 4</runs>
            <runs>0 20 45 12 9 32 2 29 4</runs>
            <runs>0 17 53 6 10 32 1 29 4</runs>
            <runs>0 16 17 14 39 32 1 29 4</runs>
            <runs>0 13 18 16 41 30 1 28 4</runs>
            <runs>0 12 19 15 16 7 27 3 8 11 1 27 4</runs>
            <runs>0 10 21 14 16 10 48 26 5</runs>
            <runs>0 9 16 19 16 12 14 1 36 19 8</runs>
            <runs>0 8 14 21 16 12 13 7 8 2 30 9 9</runs>
            <runs>0 6 14 22 15 14 13 27 36</runs>
            <runs>0 5 13 23 15 15 13 30 32</runs>
            <runs>0 4 13 23 15 16 13 37 2 1 21</runs>
            <runs>0 3 12 24 14 18 13 47 11</runs>
            <runs>0 2 12 23 16 18 13</runs>
            <runs>13 23 16 19 14 27 1</runs>
            <runs>12 23 17 19 14 27 1</runs>
            <runs>11 22 19 19 14 26 2</runs>
            <runs>11 16 19 30 11 23 7</runs>
            <runs>0 2 8 17 18 31 11 23 7</runs>
            <runs>0 3 9 15 15 34 12 21 9</runs>
            <runs>0 6 12 3 19 38 11 19 6</runs>
            <runs>0 10 28 41 11 15 8</runs>
            <runs>0 11 21 48 11 12 9</runs>
            <runs>0 16 15 50 15 3 12</runs>
            <runs>0 82 28</runs>
            <runs>0 83 26</runs>
            <runs>0 85 22</runs>
            <runs>0 86 18</runs>
            <runs>0 88 13</runs>
            <runs>0 91 8</runs>
        </run-table>
    </sample>
    <sample shape="G_CLEF" interline="22" pitch="0.7" left="165" top="1277" id="360">
        <run-table orientation="VERTICAL" width="55" height="154">
            <runs>0 87 12</runs>
            <runs>0 81 21</runs>
            <runs>0 77 27</runs>
            <runs>0 72 34</runs>
            <runs>0 72 35</runs>
            <runs>0 71 40</runs>
            <runs>0 70 42</runs>
            <runs>0 67 45 25 9</runs>
            <runs>0 67 23 10 12 24 11</runs>
            <runs>0 66 20 17 10 21 14</runs>
            <runs>0 64 20 22 13 14 17</runs>
            <runs>0 63 18 26 11 14 19</runs>
            <runs>0 62 17 30 9 14 19</runs>
            <runs>0 61 17 32 8 13 21</runs>
            <runs>0 60 17 34 7 13 21</runs>
            <runs>0 59 17 36 7 12 21</runs>
            <runs>0 58 17 12 14 12 2 16 22</runs>
            <runs>0 57 18 11 18 10 1 16 23</runs>
            <runs>0 56 20 8 22 8 1 16 22</runs>
            <runs>0 55 20 7 25 25 21</runs>
            <runs>0 50 20 11 17 4 7 23 16 1 5</runs>
            <runs>0 50 19 11 18 7 5 22 16 2 4</runs>
            <runs>0 50 18 11 11 16 4 23 14 3 4</runs>
            <runs>0 34 1 9 2 4 18 10 11 19 3 22 12 5 4</runs>
            <runs>0 27 40 11 10 47 9 6 4</runs>
            <runs>0 23 44 10 11 50 2 10 4</runs>
            <runs>0 19 68 63 3</runs>
            <runs>0 17 27 1 41 63 4</runs>
            <runs>0 14 23 4 1 1 1 4 39 62 4</runs>
            <runs>0 12 22 13 18 1 32 35 2 12 5</runs>
            <runs>0 11 20 15 16 8 33 29 3 11 6</runs>
            <runs>0 10 21 14 17 10 37 1 2 1 7 12 2 11 6</runs>
            <runs>0 9 16 19 17 11 57 1 3 10 8</runs>
            <runs>0 7 16 21 15 12 14 8 57</runs>
            <runs>0 6 14 23 15 13 14 19 45</runs>
            <runs>0 4 15 23 15 15 13 26 36</runs>
            <runs>0 3 15 23 15 16 13 40 21</runs>
            <runs>0 1 16 23 15 17 13 47 11</runs>
            <runs>15 24 15 18 14</runs>
            <runs>14 23 16 18 15 27 1</runs>
            <runs>13 23 17 18 15 27 1</runs>
            <runs>12 21 16 22 16 25 2</runs>
            <runs>0 1 11 16 19 30 10 25 2</runs>
            <runs>0 3 10 14 18 32 10 24 7</runs>
            <runs>0 5 11 4 2 3 19 33 12 20 10</runs>
            <runs>0 8 34 37 11 19 10</runs>
            <runs>0 12 28 39 13 16 10</runs>
            <runs>0 15 23 42 12 15 7</runs>
            <runs>0 21 13 47 17 6 9</runs>
            <runs>0 82 30</runs>
            <runs>0 84 27</runs>
            <runs>0 85 25</runs>
            <runs>0 87 21</runs>
            <runs>0 89 17</runs>
            <runs>0 91 10</runs>
        </run-table>
    </sample>
    <sample shape="G_CLEF" interline="22" pitch="0.6" left="159" top="1809" id="392">
        <run-table orientation="VERTICAL" width="56" height="154">
            <runs>0 84 15</runs>
            <runs>0 83 18</runs>
            <runs>0 81 23</runs>
            <runs>0 79 27</runs>
            <runs>0 73 35</runs>
            <runs>0 73 36</runs>
            <runs>0 72 38</runs>
            <runs>0 70 42 28 1</runs>
            <runs>0 69 22 3 18 24 10</runs>
            <runs>0 67 19 16 11 22 13</runs>
            <runs>0 66 19 19 10 20 15</runs>
            <runs>0 65 19 23 8 18 17</runs>
            <runs>0 64 18 27 10 14 18</runs>
            <runs>0 63 17 31 8 13 19</runs>
            <runs>0 62 17 32 8 13 20</runs>
            <runs>0 61 17 11 2 1 7 13 7 12 21</runs>
            <runs>0 60 17 11 13 12 3 15 22</runs>
            <runs>0 58 18 9 19 9 3 15 22</runs>
            <runs>0 57 19 8 22 8 2 15 22</runs>
            <runs>0 56 20 8 23 7 2 15 22</runs>
            <runs>0 56 15 12 16 4 5 7 1 16 16 1 5</runs>
            <runs>0 51 19 12 10 13 4 6 1 16 16 2 4</runs>
            <runs>0 51 18 12 10 16 4 22 14 3 4</runs>
            <runs>0 51 18 10 11 19 2 23 12 4 4</runs>
            <runs>0 28 12 11 16 11 11 45 11 5 4</runs>
            <runs>0 25 24 1 17 11 10 48 7 6 4</runs>
            <runs>0 21 46 10 11 61 4</runs>
            <runs>0 19 48 5 16 61 4</runs>
            <runs>0 16 72 61 4</runs>
            <runs>0 14 23 10 42 60 4</runs>
            <runs>0 12 21 14 54 47 4</runs>
            <runs>0 12 21 13 19 1 43 38 5</runs>
            <runs>0 10 23 12 17 9 43 1 7 24 5</runs>
            <runs>0 9 15 20 16 12 15 6 32 2 2 15 6</runs>
            <runs>0 8 15 21 16 12 15 13 36 4 10</runs>
            <runs>0 7 13 23 16 13 14 27 35</runs>
            <runs>0 5 13 24 16 14 14 29 32</runs>
            <runs>0 4 13 24 16 15 14 29 11 1 19</runs>
            <runs>0 3 12 24 17 16 14 50 7</runs>
            <runs>0 2 13 22 17 18 14 28 1</runs>
            <runs>0 1 12 23 18 18 15 26 2</runs>
            <runs>12 23 19 18 15 26 2</runs>
            <runs>12 17 25 18 16 24 7</runs>
            <runs>12 17 20 23 17 24 7</runs>
            <runs>13 16 19 30 11 22 9</runs>
            <runs>0 3 21 2 20 32 12 21 9</runs>
            <runs>0 6 37 36 13 17 11</runs>
            <runs>0 8 32 39 19 9 8</runs>
            <runs>0 10 2 2 24 42 18 7 9</runs>
            <runs>0 16 17 48 32</runs>
            <runs>0 82 30</runs>
            <runs>0 82 29</runs>
            <runs>0 85 24</runs>
            <runs>0 87 20</runs>
            <runs>0 89 17</runs>
            <runs>0 93 8</runs>
        </run-table>
    </sample>
    <sample shape="G_CLEF" interline="22" pitch="0.5" left="160" top="2339" id="418">
        <run-table orientation="VERTICAL" width="57" height="155">
            <runs>0 91 2</runs>
            <runs>0 88 13</runs>
            <runs>0 83 19</runs>
            <runs>0 80 25</runs>
            <runs>0 75 32</runs>
            <runs>0 74 35</runs>
            <runs>0 73 38</runs>
            <runs>0 72 39</runs>
            <runs>0 70 43</runs>
            <runs>0 69 26 1 18 27 4</runs>
            <runs>0 67 22 11 2 2 10 24 10</runs>
            <runs>0 66 21 19 9 21 13</runs>
            <runs>0 65 18 25 8 19 16</runs>
            <runs>0 64 18 27 8 17 17</runs>
            <runs>0 62 19 29 7 17 18</runs>
            <runs>0 62 18 32 10 12 19</runs>
            <runs>0 60 19 34 9 12 20</runs>
            <runs>0 59 18 36 9 11 21</runs>
            <runs>0 58 20 11 15 10 8 11 21</runs>
            <runs>0 57 21 9 19 8 8 11 21</runs>
            <runs>0 52 21 12 23 8 2 15 22</runs>
            <runs>0 52 20 12 25 7 2 15 22</runs>
            <runs>0 52 19 11 19 1 8 6 2 15 17 1 4</runs>
            <runs>0 52 18 11 12 13 5 6 1 16 15 2 4</runs>
            <runs>0 39 1 2 1 9 16 12 11 17 4 5 1 17 14 2 4</runs>
            <runs>0 26 20 2 1 3 16 11 12 19 2 5 1 17 13 4 3</runs>
            <runs>0 21 46 7 16 27 1 18 11 5 3</runs>
            <runs>0 19 48 7 15 48 8 7 3</runs>
            <runs>0 17 72 62 4</runs>
            <runs>0 14 31 2 41 63 4</runs>
            <runs>0 12 22 14 40 63 3</runs>
            <runs>0 11 22 14 17 1 37 48 4</runs>
            <runs>0 9 18 19 17 8 34 44 5</runs>
            <runs>0 8 17 20 17 11 39 36 5</runs>
            <runs>0 7 16 21 16 13 14 1 34 3 8 15 5</runs>
            <runs>0 5 16 22 17 14 14 4 3 1 41 1 1 3 1 1 8</runs>
            <runs>0 5 15 24 15 16 13 9 55</runs>
            <runs>0 4 15 23 16 17 13 22 41</runs>
            <runs>0 2 16 23 16 18 13 29 33</runs>
            <runs>0 1 15 24 16 19 12 30 8 9 13</runs>
            <runs>15 23 18 19 13</runs>
            <runs>14 21 21 19 13</runs>
            <runs>14 16 26 19 13</runs>
            <runs>0 2 12 16 26 19 14 26 7</runs>
            <runs>0 4 12 13 21 25 14 26 7</runs>
            <runs>0 6 12 4 27 26 15 24 7</runs>
            <runs>0 9 37 33 12 22 8</runs>
            <runs>0 11 32 37 11 20 6</runs>
            <runs>0 13 26 42 12 16 7</runs>
            <runs>0 19 17 45 18 8 9</runs>
            <runs>0 82 18 4 11</runs>
            <runs>0 83 32</runs>
            <runs>0 84 29</runs>
            <runs>0 86 26</runs>
            <runs>0 87 23</runs>
            <runs>0 89 19</runs>
            <runs>0 93 13</runs>
        </run-table>
    </sample>
    <sample shape="F_CLEF" interline="22" pitch="-1.5" left="180" top="462" id="241">
        <run-table orientation="VERTICAL" width="58" height="70">
            <runs>0 19 2 44 1</runs>
            <runs>0 13 13 39 1</runs>
            <runs>0 10 17 38 1</runs>
            <runs>0 9 18 38 1</runs>
            <runs>0 7 8 3 10 36 2</runs>
            <runs>0 6 7 6 10 35 2</runs>
            <runs>0 5 6 8 11 33 7</runs>
            <runs>0 1 9 9 12 32 7</runs>
            <runs>0 1 7 11 12 31 8</runs>
            <runs>0 5 2 12 12 31 8</runs>
            <runs>0 5 2 11 13 30 9</runs>
            <runs>0 5 1 11 14 30 4</runs>
            <runs>0 5 1 11 14 30 4</runs>
            <runs>0 17 14 29 4</runs>
            <runs>0 17 13 29 5</runs>
            <runs>0 18 12 29 5</runs>
            <runs>0 18 11 29 5</runs>
            <runs>0 19 9 29 6</runs>
            <runs>0 56 6</runs>
            <runs>0 56 6</runs>
            <runs>0 54 7</runs>
            <runs>0 54 7</runs>
            <runs>0 54 6</runs>
            <runs>0 52 7</runs>
            <runs>0 50 9</runs>
            <runs>0 50 8</runs>
            <runs>7 38 12</runs>
            <runs>7 38 12</runs>
            <runs>8 37 11</runs>
            <runs>9 35 11</runs>
            <runs>10 31 13</runs>
            <runs>11 28 14</runs>
            <runs>13 23 17</runs>
            <runs>16 17 19</runs>
            <runs>51</runs>
            <runs>50</runs>
            <runs>0 5 44</runs>
            <runs>0 6 42</runs>
            <runs>0 7 41</runs>
            <runs>0 9 39</runs>
            <runs>0 10 32</runs>
            <runs>0 11 29</runs>
            <runs>0 13 26</runs>
            <runs>0 14 23</runs>
            <runs>0 17 17</runs>
            <runs>0 21 10</runs>
            <runs></runs>
            <runs>0 13 1</runs>
            <runs>0 10 6</runs>
            <runs>0 9 8 13 5</runs>
            <runs>0 9 8 12 7</runs>
            <runs>0 9 8 11 8</runs>
            <runs>0 8 9 11 9</runs>
            <runs>0 9 8 11 9</runs>
            <runs>0 9 8 11 9</runs>
            <runs>0 10 6 13 8</runs>
            <runs>0 11 2 16 7</runs>
            <runs>0 30 5</runs>
        </run-table>
    </sample>
    <sample shape="F_CLEF" interline="22" pitch="-1.6" left="158" top="2049" id="404">
        <run-table orientation="VERTICAL" width="63" height="72">
            <runs>0 67 1</runs>
            <runs>0 66 2</runs>
            <runs>0 66 2</runs>
            <runs>0 66 2</runs>
            <runs>0 65 3</runs>
            <runs>0 14 13 38 3</runs>
            <runs>0 11 16 38 3</runs>
            <runs>0 9 19 36 7</runs>
            <runs>0 8 20 36 7</runs>
            <runs>0 7 11 1 11 33 8</runs>
            <runs>0 1 11 7 11 33 9</runs>
            <runs>0 1 9 9 12 32 9</runs>
            <runs>0 1 8 9 13 32 9</runs>
            <runs>0 1 8 9 13 31 5</runs>
            <runs>0 1 7 9 14 30 5</runs>
            <runs>0 5 2 10 14 30 5</runs>
            <runs>0 5 1 11 14 29 6</runs>
            <runs>0 5 1 11 14 29 5</runs>
            <runs>0 17 14 28 5</runs>
            <runs>0 17 13 29 5</runs>
            <runs>0 18 12 28 5</runs>
            <runs>0 19 10 29 5</runs>
            <runs>0 20 8 29 5</runs>
            <runs>0 56 6</runs>
            <runs>0 55 6</runs>
            <runs>0 55 5</runs>
            <runs>0 54 6</runs>
            <runs>0 52 7</runs>
            <runs>0 52 7</runs>
            <runs>0 51 7</runs>
            <runs>7 44 7</runs>
            <runs>7</runs>
            <runs>0 1 7 41 2 1 3</runs>
            <runs>0 1 8 35 11</runs>
            <runs>10 32 13</runs>
            <runs>12 28 14</runs>
            <runs>0 1 12 24 16</runs>
            <runs>0 1 17 17 17</runs>
            <runs>51</runs>
            <runs>50</runs>
            <runs>50</runs>
            <runs>0 6 43</runs>
            <runs>0 8 42</runs>
            <runs>0 8 41</runs>
            <runs>0 9 40</runs>
            <runs>0 11 38</runs>
            <runs>0 12 30</runs>
            <runs>0 14 26</runs>
            <runs>0 16 21</runs>
            <runs>0 20 14</runs>
            <runs>0 27 2</runs>
            <runs></runs>
            <runs>0 12 3</runs>
            <runs>0 10 6</runs>
            <runs>0 10 7 14 5</runs>
            <runs>0 10 8 12 7</runs>
            <runs>0 9 9 11 9</runs>
            <runs>0 9 9 11 9</runs>
            <runs>0 10 7 12 9</runs>
            <runs>0 10 7 12 9</runs>
            <runs>0 12 5 12 9</runs>
            <runs>0 30 7</runs>
            <runs>0 32 4</runs>
        </run-table>
    </sample>
    <sample shape="F_CLEF" interline="22" pitch="-1.4" left="157" top="2596" id="426">
        <run-table orientation="VERTICAL" width="65" height="71">
            <runs>0 67 1</runs>
            <runs>0 65 3</runs>
            <runs>0 65 3</runs>
            <runs>0 65 3</runs>
            <runs>0 65 3</runs>
            <runs>0 64 7</runs>
            <runs>0 64 7</runs>
            <runs>0 13 14 37 7</runs>
            <runs>0 11 16 36 8</runs>
            <runs>0 11 16 36 8</runs>
            <runs>0 9 19 35 8</runs>
            <runs>0 8 8 2 11 34 8</runs>
            <runs>0 7 5 7 10 33 4</runs>
            <runs>0 6 5 7 12 32 4</runs>
            <runs>0 2 9 7 13 30 5</runs>
            <runs>0 2 7 9 13 30 5</runs>
            <runs>0 5 2 10 14 30 4</runs>
            <runs>0 5 1 11 14 29 4</runs>
            <runs>0 5 1 11 14 28 5</runs>
            <runs>0 5 1 11 13 29 5</runs>
            <runs>0 17 13 28 5</runs>
            <runs>0 17 13 28 5</runs>
            <runs>0 18 12 27 6</runs>
            <runs>0 18 11 28 5</runs>
            <runs>0 19 9 28 5</runs>
            <runs>0 55 6</runs>
            <runs>0 54 7</runs>
            <runs>0 53 7</runs>
            <runs>0 53 7</runs>
            <runs>0 52 7</runs>
            <runs>0 50 8</runs>
            <runs>0 45 13</runs>
            <runs>0 5 1 39 12</runs>
            <runs>0 5 2 38 11</runs>
            <runs>7 37 12</runs>
            <runs>8 36 12</runs>
            <runs>0 1 8 33 13</runs>
            <runs>0 2 10 28 14</runs>
            <runs>0 2 11 26 14</runs>
            <runs>0 1 14 17 21</runs>
            <runs>0 1 19 10 22</runs>
            <runs>0 1 50</runs>
            <runs>0 2 48</runs>
            <runs>0 2 47</runs>
            <runs>0 7 42</runs>
            <runs>0 7 42</runs>
            <runs>0 8 36</runs>
            <runs>0 10 33</runs>
            <runs>0 12 29</runs>
            <runs>0 14 25</runs>
            <runs>0 16 21</runs>
            <runs>0 19 16</runs>
            <runs></runs>
            <runs></runs>
            <runs></runs>
            <runs>0 11 6 16 4</runs>
            <runs>0 11 7 14 6</runs>
            <runs>0 11 7 13 7</runs>
            <runs>0 10 8 12 9</runs>
            <runs>0 10 8 12 9</runs>
            <runs>0 10 8 12 9</runs>
            <runs>0 10 8 13 7</runs>
            <runs>0 11 6 14 7</runs>
            <runs>0 12 3 17 5</runs>
            <runs>0 36 1</runs>
        </run-table>
    </sample>
    <sample shape="SHARP" interline="22" pitch="-3.1" left="244" top="1508" id="380">
        <run-table orientation="VERTICAL" width="24" height="69">
            <runs>0 28 2 13 8</runs>
            <runs>0 21 9 12 9</runs>
            <runs>0 21 9 12 9</runs>
            <runs>0 21 9 12 9</runs>
            <runs>0 20 13 8 10 2 2</runs>
            <runs>0 7 11 1 45</runs>
            <runs>0 7 62</runs>
            <runs>0 9 1 1 18 7 28</runs>
            <runs>0 18 10 11 10</runs>
            <runs>0 18 9 12 9</runs>
            <runs>0 17 9 13 9</runs>
            <runs>0 17 9 12 9</runs>
            <runs>0 17 8 12 10</runs>
            <runs>0 16 9 12 9</runs>
            <runs>0 16 9 12 9</runs>
            <runs>0 5 1 9 10 11 10</runs>
            <runs>57</runs>
            <runs>58</runs>
            <runs>28 4 25</runs>
            <runs>0 11 16 7 12</runs>
            <runs>0 12 12 10 12</runs>
            <runs>0 12 12 10 12</runs>
            <runs>0 12 12 10 12</runs>
            <runs>0 12 12</runs>
        </run-table>
    </sample>
</samples>
