<?xml version="1.0" encoding="UTF-8"?>
<stick id="2525" interline="19" shape="BEAM_CHUNK">
    <is-within-system>true</is-within-system>
    <has-ledger>false</has-ledger>
    <stem-number>1</stem-number>
    <step-line>3.688311688311688</step-line>
    <moments>
        <k>0.5955678670360111</k>
        <k>1.105263157894737</k>
        <k>0.7368421052631579</k>
        <k>0.1617109436904933</k>
        <k>0.0337950620700063</k>
        <k>0.05296600299344691</k>
        <k>-0.012605189345907918</k>
        <k>-0.0012082403837403801</k>
        <k>0.004031560538352353</k>
        <k>0.0030437690032688236</k>
        <k>0.21467694668394022</k>
        <k>0.016393887008466446</k>
        <k>6.545523864288506E-4</k>
        <k>7.687627624285464E-5</k>
        <k>1.0767992622510061E-8</k>
        <k>5.4997961024073135E-6</k>
        <k>1.3469853602739183E-8</k>
        <k>1500.9348837209302</k>
        <k>1741.8697674418604</k>
    </moments>
    <section id="5214" first-pos="1490">
        <run start="1739" length="6" level="171"/>
        <run start="1737" length="8" level="91"/>
        <run start="1736" length="9" level="75"/>
        <run start="1736" length="9" level="61"/>
        <run start="1736" length="9" level="52"/>
        <run start="1736" length="9" level="52"/>
        <run start="1736" length="9" level="55"/>
        <run start="1736" length="9" level="66"/>
        <run start="1737" length="8" level="58"/>
        <run start="1737" length="8" level="59"/>
        <run start="1737" length="12" level="108"/>
        <run start="1737" length="12" level="105"/>
        <run start="1737" length="12" level="105"/>
        <run start="1737" length="12" level="105"/>
        <run start="1737" length="12" level="109"/>
        <run start="1737" length="12" level="120"/>
        <run start="1738" length="11" level="115"/>
        <run start="1738" length="12" level="118"/>
        <run start="1738" length="12" level="107"/>
        <run start="1738" length="12" level="105"/>
        <run start="1738" length="12" level="105"/>
    </section>
</stick>
