<?xml version="1.0" encoding="UTF-8"?>
<stick id="2628" interline="19" shape="BEAM">
    <is-within-system>true</is-within-system>
    <has-ledger>false</has-ledger>
    <stem-number>2</stem-number>
    <step-line>-4.0</step-line>
    <moments>
        <k>1.8642659279778393</k>
        <k>2.8947368421052633</k>
        <k>0.8421052631578947</k>
        <k>0.3720246218950048</k>
        <k>0.02278911575895966</k>
        <k>0.019956898210271492</k>
        <k>-0.002980999007520724</k>
        <k>9.974146036432357E-4</k>
        <k>2.2657953653242081E-4</k>
        <k>2.2523699829346574E-5</k>
        <k>0.39198152010527626</k>
        <k>0.1260290572488508</k>
        <k>2.2220237439656614E-5</k>
        <k>8.627100765050013E-6</k>
        <k>1.1082065539803142E-10</k>
        <k>2.0487405208903087E-6</k>
        <k>4.456604174015188E-11</k>
        <k>1095.0579494799406</k>
        <k>1898.7473997028233</k>
    </moments>
    <section id="3895" first-pos="1068">
        <run start="1891" length="13" level="116"/>
        <run start="1892" length="12" level="121"/>
        <run start="1892" length="12" level="122"/>
        <run start="1892" length="12" level="122"/>
        <run start="1892" length="12" level="122"/>
        <run start="1892" length="12" level="122"/>
        <run start="1892" length="12" level="122"/>
        <run start="1892" length="12" level="122"/>
        <run start="1892" length="12" level="122"/>
        <run start="1892" length="12" level="122"/>
        <run start="1892" length="12" level="122"/>
        <run start="1892" length="12" level="122"/>
        <run start="1892" length="12" level="122"/>
        <run start="1892" length="12" level="129"/>
        <run start="1892" length="13" level="137"/>
        <run start="1892" length="13" level="128"/>
        <run start="1893" length="12" level="122"/>
        <run start="1893" length="12" level="122"/>
        <run start="1893" length="12" level="122"/>
        <run start="1893" length="12" level="122"/>
        <run start="1893" length="12" level="122"/>
        <run start="1893" length="12" level="122"/>
        <run start="1893" length="12" level="122"/>
        <run start="1893" length="12" level="122"/>
        <run start="1893" length="12" level="122"/>
        <run start="1893" length="12" level="122"/>
        <run start="1893" length="12" level="122"/>
        <run start="1893" length="12" level="121"/>
        <run start="1893" length="12" level="119"/>
        <run start="1893" length="12" level="118"/>
        <run start="1893" length="13" level="123"/>
        <run start="1893" length="13" level="132"/>
        <run start="1893" length="13" level="128"/>
        <run start="1893" length="13" level="118"/>
        <run start="1893" length="13" level="113"/>
        <run start="1893" length="13" level="118"/>
        <run start="1893" length="13" level="126"/>
        <run start="1893" length="13" level="128"/>
        <run start="1894" length="12" level="121"/>
        <run start="1894" length="12" level="122"/>
        <run start="1894" length="12" level="122"/>
        <run start="1894" length="12" level="122"/>
        <run start="1894" length="12" level="122"/>
        <run start="1894" length="12" level="121"/>
        <run start="1894" length="12" level="120"/>
        <run start="1894" length="12" level="122"/>
        <run start="1894" length="13" level="136"/>
        <run start="1894" length="13" level="137"/>
        <run start="1895" length="12" level="120"/>
        <run start="1895" length="12" level="121"/>
        <run start="1895" length="12" level="121"/>
        <run start="1895" length="12" level="121"/>
        <run start="1895" length="12" level="122"/>
        <run start="1895" length="12" level="122"/>
        <run start="1895" length="12" level="121"/>
    </section>
</stick>
