<?xml version="1.0" encoding="UTF-8"?>
<stick id="2203" interline="19" shape="BEAM_CHUNK">
    <is-within-system>true</is-within-system>
    <has-ledger>false</has-ledger>
    <stem-number>1</stem-number>
    <step-line>-1.1948051948051948</step-line>
    <moments>
        <k>0.667590027700831</k>
        <k>1.0526315789473684</k>
        <k>0.6842105263157895</k>
        <k>0.1367132080030456</k>
        <k>-0.002456292082005101</k>
        <k>0.05066025619822251</k>
        <k>-0.0023152870018065</k>
        <k>-0.0011943202054202624</k>
        <k>0.0018899600265541567</k>
        <k>-1.232919888054579E-4</k>
        <k>0.1873734642012681</k>
        <k>0.0074292439974916885</k>
        <k>7.573220033077431E-5</k>
        <k>1.9170049302496248E-6</k>
        <k>-2.251468550360754E-11</k>
        <k>-1.3933563404036368E-7</k>
        <k>5.158332701282683E-12</k>
        <k>1556.8008298755187</k>
        <k>955.3195020746888</k>
    </moments>
    <section id="5478" first-pos="1547">
        <run start="951" length="10" level="122"/>
        <run start="950" length="11" level="37"/>
        <run start="950" length="11" level="23"/>
        <run start="950" length="12" level="38"/>
        <run start="950" length="12" level="38"/>
        <run start="950" length="12" level="32"/>
        <run start="950" length="12" level="24"/>
        <run start="950" length="12" level="22"/>
        <run start="950" length="12" level="22"/>
        <run start="950" length="12" level="22"/>
        <run start="950" length="12" level="22"/>
        <run start="950" length="12" level="22"/>
        <run start="950" length="12" level="22"/>
        <run start="950" length="12" level="22"/>
        <run start="950" length="12" level="22"/>
        <run start="949" length="13" level="36"/>
        <run start="949" length="13" level="36"/>
        <run start="949" length="13" level="36"/>
        <run start="949" length="13" level="36"/>
        <run start="949" length="13" level="35"/>
    </section>
</stick>
