<?xml version="1.0" encoding="UTF-8"?>
<stick id="3037" interline="19" shape="BEAM_CHUNK">
    <is-within-system>true</is-within-system>
    <has-ledger>false</has-ledger>
    <stem-number>1</stem-number>
    <step-line>4.207792207792208</step-line>
    <moments>
        <k>0.7008310249307479</k>
        <k>1.2105263157894737</k>
        <k>1.0</k>
        <k>0.1380500037142754</k>
        <k>0.04651198691982378</k>
        <k>0.06592205382185323</k>
        <k>7.089460163684648E-5</k>
        <k>0.0044742571313581</k>
        <k>0.003177364171942608</k>
        <k>8.234387945925502E-4</k>
        <k>0.20397205753612863</k>
        <k>0.013855900864603195</k>
        <k>2.482574479238553E-4</k>
        <k>3.861676718397002E-5</k>
        <k>2.50279424866595E-9</k>
        <k>1.9382889760807997E-6</k>
        <k>-2.8341719792795415E-9</k>
        <k>1987.1185770750988</k>
        <k>2687.9604743083005</k>
    </moments>
    <section id="7147" first-pos="1975">
        <run start="2686" length="1" level="200"/>
        <run start="2686" length="3" level="171"/>
        <run start="2686" length="4" level="129"/>
        <run start="2686" length="5" level="103"/>
    </section>
    <section id="7154" first-pos="1979">
        <run start="2680" length="12" level="105"/>
        <run start="2680" length="12" level="89"/>
        <run start="2680" length="12" level="89"/>
        <run start="2680" length="13" level="97"/>
        <run start="2680" length="13" level="82"/>
        <run start="2680" length="14" level="92"/>
        <run start="2681" length="13" level="81"/>
        <run start="2681" length="13" level="82"/>
        <run start="2682" length="12" level="88"/>
        <run start="2682" length="13" level="89"/>
        <run start="2682" length="13" level="92"/>
        <run start="2683" length="12" level="87"/>
        <run start="2683" length="13" level="82"/>
        <run start="2684" length="12" level="75"/>
        <run start="2685" length="11" level="62"/>
        <run start="2686" length="11" level="45"/>
        <run start="2686" length="11" level="45"/>
        <run start="2686" length="12" level="41"/>
        <run start="2686" length="13" level="38"/>
    </section>
    <section id="7151" first-pos="1977">
        <run start="2683" length="1" level="225"/>
        <run start="2681" length="4" level="97"/>
    </section>
</stick>
