<?xml version="1.0" encoding="UTF-8"?>
<stick id="2829" interline="19" shape="BEAM">
    <is-within-system>true</is-within-system>
    <has-ledger>false</has-ledger>
    <stem-number>2</stem-number>
    <step-line>4.311688311688312</step-line>
    <moments>
        <k>3.412742382271468</k>
        <k>4.842105263157895</k>
        <k>2.9473684210526314</k>
        <k>0.5630381160279995</k>
        <k>0.2639240890633181</k>
        <k>0.13598409224730187</k>
        <k>-4.369635449751103E-4</k>
        <k>-0.0011911030087163974</k>
        <k>-8.363312269438561E-4</k>
        <k>-4.370233729877822E-4</k>
        <k>0.6990222082753014</k>
        <k>0.46099883837889366</k>
        <k>1.4129596582123427E-5</k>
        <k>4.272075090997316E-6</k>
        <k>2.8003786922370465E-11</k>
        <k>1.748889155832162E-6</k>
        <k>-1.7816983784304907E-11</k>
        <k>251.84334415584416</k>
        <k>2455.758116883117</k>
    </moments>
    <section id="1052" first-pos="206">
        <run start="2428" length="14" level="72"/>
        <run start="2429" length="13" level="63"/>
        <run start="2429" length="13" level="72"/>
        <run start="2430" length="13" level="74"/>
        <run start="2430" length="13" level="79"/>
        <run start="2431" length="12" level="75"/>
        <run start="2431" length="13" level="91"/>
        <run start="2432" length="12" level="69"/>
        <run start="2433" length="12" level="66"/>
        <run start="2434" length="11" level="40"/>
        <run start="2434" length="11" level="37"/>
        <run start="2434" length="12" level="38"/>
        <run start="2434" length="12" level="34"/>
        <run start="2434" length="13" level="35"/>
        <run start="2434" length="13" level="32"/>
        <run start="2434" length="14" level="32"/>
        <run start="2435" length="13" level="17"/>
        <run start="2436" length="13" level="8"/>
        <run start="2436" length="13" level="19"/>
        <run start="2437" length="13" level="16"/>
        <run start="2437" length="13" level="21"/>
        <run start="2438" length="13" level="24"/>
        <run start="2438" length="14" level="34"/>
        <run start="2439" length="13" level="13"/>
        <run start="2440" length="14" level="32"/>
        <run start="2440" length="14" level="32"/>
        <run start="2440" length="14" level="40"/>
        <run start="2441" length="14" level="46"/>
        <run start="2441" length="14" level="47"/>
        <run start="2441" length="15" level="70"/>
        <run start="2442" length="14" level="61"/>
        <run start="2442" length="15" level="84"/>
        <run start="2443" length="14" level="76"/>
        <run start="2443" length="14" level="83"/>
        <run start="2444" length="14" level="78"/>
        <run start="2444" length="14" level="90"/>
        <run start="2445" length="14" level="78"/>
        <run start="2445" length="14" level="89"/>
        <run start="2446" length="14" level="78"/>
        <run start="2446" length="14" level="91"/>
        <run start="2447" length="14" level="90"/>
        <run start="2448" length="13" level="82"/>
        <run start="2448" length="13" level="80"/>
        <run start="2448" length="14" level="79"/>
        <run start="2448" length="14" level="91"/>
        <run start="2449" length="14" level="79"/>
        <run start="2449" length="14" level="91"/>
        <run start="2450" length="13" level="80"/>
        <run start="2450" length="14" level="93"/>
        <run start="2451" length="13" level="79"/>
        <run start="2451" length="14" level="89"/>
        <run start="2452" length="13" level="75"/>
        <run start="2452" length="14" level="73"/>
        <run start="2453" length="13" level="56"/>
        <run start="2453" length="14" level="58"/>
        <run start="2454" length="14" level="48"/>
        <run start="2454" length="14" level="43"/>
        <run start="2455" length="13" level="30"/>
        <run start="2455" length="14" level="33"/>
        <run start="2456" length="13" level="20"/>
        <run start="2456" length="14" level="26"/>
        <run start="2457" length="13" level="20"/>
        <run start="2457" length="14" level="29"/>
        <run start="2458" length="13" level="20"/>
        <run start="2458" length="14" level="20"/>
        <run start="2459" length="13" level="17"/>
        <run start="2459" length="14" level="20"/>
        <run start="2460" length="13" level="20"/>
        <run start="2460" length="13" level="19"/>
        <run start="2461" length="13" level="21"/>
        <run start="2461" length="13" level="21"/>
        <run start="2462" length="13" level="21"/>
        <run start="2463" length="12" level="21"/>
        <run start="2463" length="13" level="26"/>
        <run start="2463" length="13" level="21"/>
        <run start="2463" length="14" level="39"/>
        <run start="2464" length="13" level="21"/>
        <run start="2464" length="13" level="27"/>
        <run start="2465" length="13" level="21"/>
        <run start="2465" length="13" level="20"/>
        <run start="2465" length="14" level="29"/>
        <run start="2466" length="13" level="17"/>
        <run start="2466" length="14" level="28"/>
        <run start="2467" length="13" level="20"/>
        <run start="2467" length="14" level="21"/>
        <run start="2468" length="13" level="20"/>
        <run start="2469" length="13" level="34"/>
        <run start="2469" length="13" level="21"/>
        <run start="2469" length="14" level="20"/>
        <run start="2469" length="14" level="32"/>
        <run start="2470" length="14" level="32"/>
        <run start="2469" length="15" level="40"/>
    </section>
</stick>
