<?xml version="1.0" encoding="UTF-8"?>
<glyph id="1358" interline="19" shape="C_CLEF">
    <is-within-system>true</is-within-system>
    <has-ledger>false</has-ledger>
    <stem-number>0</stem-number>
    <step-line>1.7435897435897436</step-line>
    <moments>
        <k>6.542936288088643</k>
        <k>2.8421052631578947</k>
        <k>4.315789473684211</k>
        <k>0.10770614237253673</k>
        <k>0.0040318488223738</k>
        <k>0.2257715493380831</k>
        <k>0.010012390864044686</k>
        <k>8.641605356171354E-4</k>
        <k>0.002284120430603703</k>
        <k>-3.5154741812990414E-4</k>
        <k>0.3334776917106198</k>
        <k>0.014004463541645995</k>
        <k>1.8653093797323125E-5</k>
        <k>1.5146696222763538E-4</k>
        <k>6.52893252636561E-9</k>
        <k>-1.7719303256533072E-5</k>
        <k>4.710879154931048E-9</k>
        <k>66.31922099915326</k>
        <k>3166.1858594411515</k>
    </moments>
    <section id="18" first-pos="43">
        <run start="3184" length="3" level="194"/>
    </section>
    <section id="32" first-pos="44">
        <run start="3148" length="57" level="174"/>
    </section>
    <section id="44" first-pos="45">
        <run start="3128" length="78" level="77"/>
        <run start="3128" length="78" level="42"/>
        <run start="3128" length="78" level="42"/>
        <run start="3125" length="81" level="48"/>
        <run start="3125" length="81" level="47"/>
        <run start="3125" length="81" level="47"/>
        <run start="3128" length="78" level="42"/>
        <run start="3128" length="78" level="92"/>
    </section>
    <section id="30" first-pos="44">
        <run start="3128" length="3" level="191"/>
    </section>
    <section id="31" first-pos="44">
        <run start="3143" length="1" level="223"/>
    </section>
    <section id="79" first-pos="53">
        <run start="3128" length="24" level="94"/>
    </section>
    <section id="95" first-pos="54">
        <run start="3128" length="3" level="196"/>
    </section>
    <section id="96" first-pos="54">
        <run start="3148" length="1" level="200"/>
    </section>
    <section id="80" first-pos="53">
        <run start="3154" length="5" level="211"/>
    </section>
    <section id="81" first-pos="53">
        <run start="3164" length="4" level="193"/>
        <run start="3167" length="1" level="200"/>
    </section>
    <section id="82" first-pos="53">
        <run start="3184" length="3" level="197"/>
    </section>
    <section id="110" first-pos="55">
        <run start="3184" length="5" level="202"/>
    </section>
    <section id="122" first-pos="56">
        <run start="3161" length="45" level="164"/>
    </section>
    <section id="111" first-pos="55">
        <run start="3202" length="1" level="226"/>
    </section>
    <section id="133" first-pos="57">
        <run start="3126" length="80" level="72"/>
        <run start="3125" length="81" level="71"/>
    </section>
    <section id="118" first-pos="56">
        <run start="3128" length="8" level="214"/>
    </section>
    <section id="119" first-pos="56">
        <run start="3139" length="2" level="225"/>
    </section>
    <section id="120" first-pos="56">
        <run start="3144" length="7" level="207"/>
    </section>
    <section id="121" first-pos="56">
        <run start="3156" length="1" level="225"/>
    </section>
    <section id="155" first-pos="59">
        <run start="3126" length="54" level="88"/>
    </section>
    <section id="166" first-pos="60">
        <run start="3126" length="23" level="102"/>
    </section>
    <section id="178" first-pos="61">
        <run start="3145" length="4" level="206"/>
    </section>
    <section id="167" first-pos="60">
        <run start="3163" length="5" level="137"/>
        <run start="3163" length="5" level="137"/>
        <run start="3161" length="8" level="157"/>
        <run start="3160" length="12" level="138"/>
        <run start="3158" length="16" level="113"/>
    </section>
    <section id="215" first-pos="65">
        <run start="3156" length="21" level="94"/>
        <run start="3154" length="25" level="76"/>
    </section>
    <section id="236" first-pos="67">
        <run start="3152" length="35" level="79"/>
    </section>
    <section id="226" first-pos="66">
        <run start="3184" length="3" level="209"/>
    </section>
    <section id="243" first-pos="68">
        <run start="3145" length="42" level="65"/>
        <run start="3144" length="43" level="59"/>
        <run start="3144" length="43" level="65"/>
    </section>
    <section id="261" first-pos="71">
        <run start="3145" length="19" level="74"/>
    </section>
    <section id="272" first-pos="72">
        <run start="3149" length="13" level="54"/>
    </section>
    <section id="292" first-pos="73">
        <run start="3152" length="8" level="57"/>
        <run start="3154" length="6" level="112"/>
        <run start="3156" length="4" level="97"/>
        <run start="3157" length="4" level="101"/>
        <run start="3158" length="4" level="114"/>
        <run start="3158" length="4" level="107"/>
        <run start="3159" length="3" level="84"/>
        <run start="3159" length="3" level="80"/>
        <run start="3159" length="3" level="82"/>
        <run start="3159" length="3" level="81"/>
        <run start="3158" length="4" level="90"/>
        <run start="3156" length="6" level="113"/>
        <run start="3153" length="8" level="104"/>
    </section>
    <section id="372" first-pos="86">
        <run start="3128" length="33" level="119"/>
        <run start="3128" length="33" level="49"/>
        <run start="3129" length="31" level="45"/>
        <run start="3130" length="30" level="49"/>
        <run start="3131" length="27" level="40"/>
        <run start="3132" length="26" level="44"/>
        <run start="3133" length="24" level="51"/>
        <run start="3134" length="21" level="63"/>
    </section>
    <section id="335" first-pos="81">
        <run start="3128" length="1" level="200"/>
        <run start="3128" length="3" level="200"/>
        <run start="3128" length="4" level="188"/>
        <run start="3128" length="5" level="148"/>
        <run start="3128" length="8" level="139"/>
    </section>
    <section id="361" first-pos="85">
        <run start="3150" length="1" level="227"/>
    </section>
    <section id="407" first-pos="94">
        <run start="3138" length="15" level="84"/>
        <run start="3140" length="11" level="128"/>
    </section>
    <section id="419" first-pos="96">
        <run start="3148" length="2" level="200"/>
    </section>
    <section id="262" first-pos="71">
        <run start="3167" length="18" level="71"/>
    </section>
    <section id="273" first-pos="72">
        <run start="3169" length="13" level="80"/>
    </section>
    <section id="293" first-pos="73">
        <run start="3172" length="7" level="64"/>
        <run start="3174" length="4" level="77"/>
        <run start="3174" length="3" level="93"/>
        <run start="3173" length="4" level="153"/>
        <run start="3172" length="4" level="140"/>
        <run start="3172" length="3" level="84"/>
        <run start="3171" length="4" level="102"/>
        <run start="3171" length="4" level="65"/>
        <run start="3171" length="4" level="65"/>
        <run start="3171" length="4" level="63"/>
        <run start="3171" length="5" level="90"/>
        <run start="3171" length="7" level="110"/>
    </section>
    <section id="362" first-pos="85">
        <run start="3172" length="33" level="106"/>
        <run start="3172" length="33" level="40"/>
        <run start="3173" length="31" level="38"/>
        <run start="3173" length="30" level="40"/>
        <run start="3174" length="29" level="47"/>
        <run start="3175" length="27" level="52"/>
        <run start="3176" length="24" level="51"/>
        <run start="3177" length="22" level="57"/>
        <run start="3178" length="20" level="78"/>
        <run start="3180" length="16" level="123"/>
    </section>
    <section id="295" first-pos="73">
        <run start="3203" length="4" level="72"/>
        <run start="3203" length="4" level="103"/>
        <run start="3204" length="3" level="86"/>
        <run start="3204" length="3" level="86"/>
        <run start="3204" length="3" level="86"/>
        <run start="3204" length="3" level="85"/>
        <run start="3203" length="4" level="101"/>
        <run start="3203" length="4" level="96"/>
        <run start="3202" length="4" level="96"/>
        <run start="3201" length="5" level="79"/>
        <run start="3199" length="7" level="78"/>
        <run start="3197" length="9" level="73"/>
    </section>
    <section id="194" first-pos="63">
        <run start="3195" length="5" level="158"/>
        <run start="3194" length="8" level="75"/>
        <run start="3193" length="10" level="49"/>
        <run start="3192" length="12" level="42"/>
        <run start="3191" length="14" level="43"/>
        <run start="3191" length="14" level="24"/>
        <run start="3191" length="15" level="26"/>
        <run start="3191" length="15" level="25"/>
        <run start="3192" length="14" level="29"/>
        <run start="3193" length="14" level="50"/>
    </section>
    <section id="294" first-pos="73">
        <run start="3193" length="9" level="76"/>
        <run start="3195" length="5" level="134"/>
    </section>
    <section id="413" first-pos="95">
        <run start="3183" length="9" level="171"/>
    </section>
    <section id="420" first-pos="96">
        <run start="3185" length="4" level="200"/>
    </section>
    <section id="156" first-pos="59">
        <run start="3184" length="8" level="165"/>
    </section>
    <section id="202" first-pos="64">
        <run start="3132" length="5" level="159"/>
    </section>
    <section id="214" first-pos="65">
        <run start="3129" length="10" level="72"/>
        <run start="3128" length="12" level="58"/>
        <run start="3128" length="12" level="47"/>
        <run start="3128" length="13" level="54"/>
        <run start="3128" length="13" level="44"/>
        <run start="3128" length="13" level="45"/>
        <run start="3128" length="13" level="55"/>
        <run start="3128" length="12" level="45"/>
        <run start="3128" length="12" level="51"/>
        <run start="3129" length="10" level="57"/>
    </section>
    <section id="307" first-pos="75">
        <run start="3132" length="5" level="74"/>
    </section>
</glyph>
