<?xml version="1.0" encoding="UTF-8"?>
<glyph id="1355" interline="19" shape="C_CLEF">
    <is-within-system>true</is-within-system>
    <has-ledger>false</has-ledger>
    <stem-number>0</stem-number>
    <step-line>0.05194805194805195</step-line>
    <moments>
        <k>4.811634349030471</k>
        <k>2.3157894736842106</k>
        <k>3.263157894736842</k>
        <k>0.0925274571111778</k>
        <k>0.001582066157774034</k>
        <k>0.18339909437494767</k>
        <k>0.00535835761740649</k>
        <k>5.566769485162906E-4</k>
        <k>0.002258372972496618</k>
        <k>-5.998043584876141E-4</k>
        <k>0.27592655148612544</k>
        <k>0.008267666192308464</k>
        <k>7.159364434897262E-6</k>
        <k>5.801644485265657E-5</k>
        <k>-6.43017671913035E-10</k>
        <k>-5.273790065091738E-6</k>
        <k>9.922674552114787E-10</k>
        <k>664.6298215313759</k>
        <k>1706.5837651122624</k>
    </moments>
    <section id="2486" first-pos="646">
        <run start="1680" length="37" level="205"/>
    </section>
    <section id="2492" first-pos="647">
        <run start="1676" length="61" level="60"/>
        <run start="1676" length="62" level="44"/>
        <run start="1676" length="62" level="44"/>
        <run start="1676" length="62" level="44"/>
        <run start="1676" length="62" level="44"/>
        <run start="1676" length="62" level="44"/>
        <run start="1676" length="62" level="52"/>
    </section>
    <section id="2487" first-pos="646">
        <run start="1718" length="18" level="188"/>
    </section>
    <section id="2519" first-pos="654">
        <run start="1676" length="5" level="75"/>
    </section>
    <section id="2520" first-pos="654">
        <run start="1683" length="9" level="177"/>
    </section>
    <section id="2526" first-pos="655">
        <run start="1686" length="3" level="200"/>
    </section>
    <section id="2521" first-pos="654">
        <run start="1694" length="2" level="220"/>
    </section>
    <section id="2522" first-pos="654">
        <run start="1697" length="41" level="116"/>
    </section>
    <section id="2537" first-pos="657">
        <run start="1677" length="60" level="188"/>
        <run start="1676" length="62" level="50"/>
        <run start="1676" length="62" level="58"/>
        <run start="1676" length="61" level="115"/>
    </section>
    <section id="2557" first-pos="661">
        <run start="1686" length="4" level="202"/>
        <run start="1686" length="1" level="200"/>
    </section>
    <section id="2572" first-pos="663">
        <run start="1683" length="6" level="209"/>
        <run start="1681" length="8" level="123"/>
        <run start="1680" length="9" level="74"/>
        <run start="1679" length="10" level="66"/>
        <run start="1678" length="11" level="60"/>
        <run start="1677" length="12" level="56"/>
        <run start="1677" length="12" level="59"/>
        <run start="1677" length="12" level="84"/>
    </section>
    <section id="2595" first-pos="671">
        <run start="1676" length="4" level="66"/>
        <run start="1676" length="4" level="65"/>
        <run start="1676" length="4" level="65"/>
        <run start="1676" length="4" level="65"/>
        <run start="1676" length="4" level="60"/>
        <run start="1676" length="5" level="55"/>
        <run start="1676" length="5" level="60"/>
        <run start="1677" length="7" level="84"/>
        <run start="1677" length="9" level="28"/>
    </section>
    <section id="2626" first-pos="680">
        <run start="1678" length="25" level="43"/>
        <run start="1678" length="25" level="46"/>
        <run start="1679" length="23" level="49"/>
        <run start="1679" length="22" level="56"/>
        <run start="1680" length="20" level="59"/>
        <run start="1681" length="18" level="73"/>
        <run start="1683" length="15" level="84"/>
        <run start="1685" length="11" level="134"/>
    </section>
    <section id="2619" first-pos="679">
        <run start="1688" length="15" level="118"/>
    </section>
    <section id="2593" first-pos="670">
        <run start="1698" length="6" level="76"/>
        <run start="1699" length="5" level="91"/>
        <run start="1700" length="4" level="64"/>
        <run start="1700" length="4" level="65"/>
        <run start="1700" length="4" level="65"/>
        <run start="1700" length="4" level="65"/>
        <run start="1699" length="5" level="92"/>
        <run start="1698" length="6" level="77"/>
        <run start="1696" length="8" level="89"/>
    </section>
    <section id="2583" first-pos="665">
        <run start="1694" length="24" level="112"/>
        <run start="1693" length="28" level="74"/>
        <run start="1693" length="29" level="51"/>
        <run start="1693" length="29" level="59"/>
        <run start="1696" length="25" level="81"/>
    </section>
    <section id="2558" first-pos="661">
        <run start="1703" length="8" level="205"/>
        <run start="1702" length="10" level="180"/>
        <run start="1700" length="13" level="136"/>
        <run start="1698" length="17" level="119"/>
    </section>
    <section id="2594" first-pos="670">
        <run start="1706" length="11" level="108"/>
    </section>
    <section id="2597" first-pos="671">
        <run start="1710" length="6" level="102"/>
        <run start="1710" length="5" level="91"/>
        <run start="1710" length="4" level="57"/>
        <run start="1710" length="4" level="65"/>
        <run start="1710" length="4" level="65"/>
        <run start="1710" length="4" level="54"/>
        <run start="1710" length="5" level="56"/>
        <run start="1710" length="5" level="52"/>
    </section>
    <section id="2620" first-pos="679">
        <run start="1710" length="27" level="113"/>
        <run start="1711" length="26" level="45"/>
        <run start="1711" length="25" level="46"/>
        <run start="1712" length="24" level="50"/>
        <run start="1712" length="23" level="56"/>
        <run start="1713" length="21" level="59"/>
        <run start="1714" length="19" level="71"/>
        <run start="1715" length="16" level="96"/>
        <run start="1717" length="12" level="140"/>
    </section>
    <section id="2599" first-pos="672">
        <run start="1734" length="4" level="65"/>
        <run start="1734" length="4" level="65"/>
        <run start="1734" length="4" level="65"/>
        <run start="1733" length="5" level="86"/>
        <run start="1733" length="5" level="54"/>
        <run start="1732" length="6" level="64"/>
        <run start="1729" length="9" level="90"/>
    </section>
    <section id="2573" first-pos="663">
        <run start="1725" length="6" level="191"/>
        <run start="1725" length="7" level="105"/>
        <run start="1725" length="8" level="77"/>
        <run start="1725" length="9" level="59"/>
        <run start="1725" length="10" level="53"/>
        <run start="1725" length="11" level="48"/>
        <run start="1725" length="12" level="50"/>
        <run start="1725" length="12" level="48"/>
        <run start="1725" length="13" level="66"/>
    </section>
    <section id="2598" first-pos="672">
        <run start="1725" length="8" level="94"/>
        <run start="1725" length="6" level="148"/>
    </section>
    <section id="2650" first-pos="688">
        <run start="1723" length="5" level="194"/>
        <run start="1726" length="1" level="200"/>
    </section>
    <section id="2649" first-pos="688">
        <run start="1687" length="2" level="200"/>
        <run start="1688" length="1" level="200"/>
    </section>
    <section id="2596" first-pos="671">
        <run start="1681" length="8" level="89"/>
        <run start="1682" length="7" level="100"/>
        <run start="1683" length="6" level="127"/>
    </section>
</glyph>
