<?xml version="1.0" encoding="UTF-8"?>
<glyph id="3253" interline="19" shape="C_CLEF">
    <is-within-system>true</is-within-system>
    <has-ledger>false</has-ledger>
    <stem-number>0</stem-number>
    <step-line>1.894736842105263</step-line>
    <moments>
        <k>6.085872576177286</k>
        <k>2.736842105263158</k>
        <k>4.105263157894737</k>
        <k>0.11615360166234062</k>
        <k>-0.001979811423578803</k>
        <k>0.23431903577896437</k>
        <k>0.013642904843680703</k>
        <k>-1.834575895880267E-4</k>
        <k>0.0026192156416746633</k>
        <k>0.0038652686997231534</k>
        <k>0.35047263744130497</k>
        <k>0.01397874843306188</k>
        <k>5.296709876360428E-5</k>
        <k>2.7801229573092906E-4</k>
        <k>8.376358476596766E-9</k>
        <k>-3.0121962812598727E-5</k>
        <k>-3.268001220824057E-8</k>
        <k>188.4997724169322</k>
        <k>181.65680473372782</k>
    </moments>
    <section id="886" first-pos="167">
        <run start="144" length="6" level="192"/>
    </section>
    <section id="889" first-pos="168">
        <run start="144" length="78" level="49"/>
        <run start="144" length="78" level="40"/>
        <run start="144" length="78" level="40"/>
        <run start="144" length="78" level="40"/>
        <run start="144" length="78" level="40"/>
        <run start="144" length="78" level="40"/>
        <run start="144" length="78" level="40"/>
    </section>
    <section id="887" first-pos="167">
        <run start="151" length="71" level="97"/>
    </section>
    <section id="900" first-pos="175">
        <run start="144" length="45" level="139"/>
    </section>
    <section id="903" first-pos="176">
        <run start="144" length="11" level="204"/>
    </section>
    <section id="904" first-pos="176">
        <run start="157" length="6" level="206"/>
    </section>
    <section id="905" first-pos="176">
        <run start="182" length="4" level="159"/>
        <run start="182" length="1" level="200"/>
    </section>
    <section id="901" first-pos="175">
        <run start="191" length="31" level="64"/>
    </section>
    <section id="906" first-pos="176">
        <run start="202" length="4" level="177"/>
        <run start="202" length="1" level="200"/>
        <run start="199" length="4" level="205"/>
    </section>
    <section id="911" first-pos="179">
        <run start="172" length="49" level="103"/>
    </section>
    <section id="912" first-pos="180">
        <run start="144" length="78" level="46"/>
        <run start="144" length="78" level="51"/>
    </section>
    <section id="910" first-pos="179">
        <run start="144" length="24" level="112"/>
    </section>
    <section id="909" first-pos="178">
        <run start="162" length="3" level="200"/>
    </section>
    <section id="918" first-pos="182">
        <run start="144" length="12" level="159"/>
    </section>
    <section id="922" first-pos="183">
        <run start="148" length="1" level="212"/>
    </section>
    <section id="919" first-pos="182">
        <run start="159" length="30" level="160"/>
    </section>
    <section id="923" first-pos="183">
        <run start="162" length="1" level="200"/>
    </section>
    <section id="924" first-pos="183">
        <run start="176" length="10" level="210"/>
        <run start="179" length="6" level="172"/>
        <run start="178" length="8" level="136"/>
        <run start="176" length="11" level="116"/>
    </section>
    <section id="939" first-pos="187">
        <run start="174" length="16" level="81"/>
        <run start="172" length="20" level="66"/>
    </section>
    <section id="946" first-pos="189">
        <run start="169" length="26" level="55"/>
    </section>
    <section id="951" first-pos="190">
        <run start="162" length="36" level="64"/>
        <run start="162" length="38" level="46"/>
        <run start="162" length="41" level="55"/>
        <run start="162" length="40" level="51"/>
    </section>
    <section id="959" first-pos="194">
        <run start="164" length="19" level="82"/>
    </section>
    <section id="961" first-pos="195">
        <run start="168" length="11" level="78"/>
        <run start="170" length="7" level="81"/>
        <run start="172" length="4" level="47"/>
        <run start="172" length="4" level="104"/>
        <run start="174" length="3" level="67"/>
        <run start="174" length="3" level="80"/>
        <run start="175" length="2" level="4"/>
        <run start="175" length="2" level="4"/>
        <run start="175" length="3" level="57"/>
        <run start="175" length="3" level="60"/>
        <run start="174" length="4" level="102"/>
        <run start="174" length="3" level="10"/>
        <run start="173" length="4" level="49"/>
        <run start="172" length="5" level="48"/>
    </section>
    <section id="1065" first-pos="209">
        <run start="144" length="32" level="56"/>
        <run start="144" length="32" level="39"/>
        <run start="145" length="30" level="28"/>
        <run start="146" length="29" level="39"/>
        <run start="148" length="26" level="36"/>
        <run start="149" length="24" level="45"/>
        <run start="150" length="22" level="64"/>
        <run start="152" length="18" level="76"/>
        <run start="155" length="14" level="114"/>
    </section>
    <section id="1026" first-pos="204">
        <run start="144" length="2" level="200"/>
        <run start="144" length="3" level="159"/>
        <run start="144" length="4" level="119"/>
        <run start="144" length="6" level="111"/>
        <run start="144" length="10" level="92"/>
    </section>
    <section id="1060" first-pos="208">
        <run start="157" length="9" level="188"/>
    </section>
    <section id="1076" first-pos="218">
        <run start="157" length="9" level="195"/>
    </section>
    <section id="960" first-pos="194">
        <run start="184" length="15" level="29"/>
    </section>
    <section id="962" first-pos="195">
        <run start="188" length="8" level="30"/>
        <run start="189" length="6" level="74"/>
        <run start="190" length="4" level="59"/>
        <run start="190" length="3" level="46"/>
        <run start="190" length="1" level="9"/>
        <run start="189" length="2" level="96"/>
        <run start="188" length="2" level="30"/>
        <run start="188" length="2" level="5"/>
        <run start="187" length="3" level="69"/>
        <run start="187" length="3" level="61"/>
        <run start="187" length="4" level="83"/>
        <run start="188" length="3" level="5"/>
        <run start="188" length="4" level="6"/>
    </section>
    <section id="1061" first-pos="208">
        <run start="188" length="9" level="50"/>
    </section>
    <section id="1066" first-pos="209">
        <run start="188" length="31" level="28"/>
        <run start="189" length="30" level="23"/>
        <run start="190" length="28" level="23"/>
        <run start="190" length="27" level="29"/>
        <run start="191" length="25" level="26"/>
        <run start="192" length="23" level="28"/>
        <run start="193" length="21" level="50"/>
    </section>
    <section id="1062" first-pos="208">
        <run start="200" length="5" level="166"/>
    </section>
    <section id="967" first-pos="196">
        <run start="219" length="3" level="77"/>
        <run start="220" length="2" level="9"/>
        <run start="220" length="2" level="49"/>
        <run start="220" length="2" level="79"/>
        <run start="220" length="2" level="12"/>
        <run start="220" length="2" level="4"/>
        <run start="220" length="2" level="11"/>
        <run start="219" length="2" level="95"/>
        <run start="218" length="3" level="64"/>
        <run start="218" length="3" level="1"/>
        <run start="216" length="5" level="33"/>
        <run start="213" length="7" level="26"/>
        <run start="210" length="10" level="18"/>
    </section>
    <section id="940" first-pos="187">
        <run start="211" length="6" level="19"/>
        <run start="210" length="8" level="4"/>
        <run start="209" length="10" level="3"/>
        <run start="208" length="12" level="15"/>
        <run start="208" length="12" level="2"/>
        <run start="208" length="13" level="2"/>
        <run start="208" length="13" level="2"/>
        <run start="208" length="14" level="9"/>
        <run start="209" length="13" level="4"/>
    </section>
    <section id="937" first-pos="186">
        <run start="213" length="1" level="217"/>
    </section>
    <section id="966" first-pos="196">
        <run start="210" length="8" level="6"/>
        <run start="211" length="5" level="47"/>
    </section>
    <section id="1074" first-pos="216">
        <run start="196" length="16" level="46"/>
    </section>
    <section id="1075" first-pos="217">
        <run start="198" length="11" level="62"/>
    </section>
    <section id="1077" first-pos="218">
        <run start="202" length="4" level="101"/>
    </section>
    <section id="920" first-pos="182">
        <run start="191" length="17" level="95"/>
    </section>
    <section id="907" first-pos="176">
        <run start="212" length="2" level="225"/>
    </section>
    <section id="936" first-pos="186">
        <run start="150" length="3" level="148"/>
        <run start="147" length="7" level="72"/>
        <run start="144" length="11" level="56"/>
        <run start="144" length="12" level="41"/>
        <run start="144" length="12" level="36"/>
        <run start="144" length="12" level="36"/>
        <run start="144" length="12" level="36"/>
        <run start="144" length="12" level="36"/>
        <run start="144" length="12" level="48"/>
        <run start="144" length="11" level="38"/>
        <run start="145" length="10" level="63"/>
        <run start="148" length="7" level="131"/>
    </section>
    <section id="978" first-pos="198">
        <run start="150" length="2" level="187"/>
    </section>
</glyph>
