<?xml version="1.0" encoding="UTF-8"?>
<stick id="1174" interline="19" shape="C_CLEF">
    <is-within-system>true</is-within-system>
    <has-ledger>false</has-ledger>
    <stem-number>0</stem-number>
    <step-line>-0.05194805194805195</step-line>
    <moments>
        <k>4.698060941828255</k>
        <k>2.3157894736842106</k>
        <k>3.263157894736842</k>
        <k>0.09417735617078943</k>
        <k>0.0014420875256137922</k>
        <k>0.18899224534845696</k>
        <k>0.004869081522604317</k>
        <k>2.831810889415082E-5</k>
        <k>0.0012827331236228774</k>
        <k>-0.0014351961955326711</k>
        <k>0.2831696015192464</k>
        <k>0.0089981816754995</k>
        <k>3.353057977923395E-6</k>
        <k>3.9824129392199094E-5</k>
        <k>-3.819505829096053E-11</k>
        <k>-3.450509289648327E-6</k>
        <k>4.586051617839285E-10</k>
        <k>2170.107900943396</k>
        <k>2414.3549528301887</k>
    </moments>
    <section id="7764" first-pos="2150">
        <run start="2396" length="2" level="200"/>
    </section>
    <section id="7780" first-pos="2151">
        <run start="2386" length="14" level="167"/>
    </section>
    <section id="7788" first-pos="2152">
        <run start="2385" length="60" level="100"/>
        <run start="2384" length="62" level="47"/>
        <run start="2384" length="62" level="46"/>
        <run start="2384" length="61" level="44"/>
        <run start="2384" length="61" level="44"/>
        <run start="2384" length="61" level="44"/>
        <run start="2384" length="61" level="51"/>
    </section>
    <section id="7765" first-pos="2150">
        <run start="2434" length="1" level="200"/>
        <run start="2431" length="4" level="191"/>
    </section>
    <section id="7829" first-pos="2159">
        <run start="2386" length="11" level="156"/>
    </section>
    <section id="7837" first-pos="2160">
        <run start="2396" length="1" level="200"/>
        <run start="2393" length="4" level="205"/>
    </section>
    <section id="7848" first-pos="2162">
        <run start="2385" length="21" level="138"/>
    </section>
    <section id="7854" first-pos="2163">
        <run start="2384" length="61" level="68"/>
        <run start="2384" length="61" level="46"/>
        <run start="2385" length="60" level="148"/>
    </section>
    <section id="7849" first-pos="2162">
        <run start="2412" length="33" level="158"/>
    </section>
    <section id="7875" first-pos="2166">
        <run start="2411" length="7" level="162"/>
        <run start="2410" length="9" level="146"/>
        <run start="2409" length="12" level="115"/>
        <run start="2406" length="16" level="95"/>
        <run start="2404" length="20" level="74"/>
    </section>
    <section id="7896" first-pos="2171">
        <run start="2402" length="25" level="59"/>
        <run start="2401" length="28" level="48"/>
        <run start="2401" length="28" level="56"/>
        <run start="2404" length="25" level="81"/>
    </section>
    <section id="7920" first-pos="2175">
        <run start="2405" length="7" level="88"/>
        <run start="2406" length="5" level="85"/>
        <run start="2407" length="4" level="84"/>
        <run start="2408" length="4" level="77"/>
        <run start="2408" length="4" level="65"/>
        <run start="2408" length="4" level="60"/>
        <run start="2407" length="5" level="68"/>
        <run start="2406" length="6" level="84"/>
        <run start="2405" length="6" level="60"/>
        <run start="2401" length="10" level="86"/>
    </section>
    <section id="7965" first-pos="2185">
        <run start="2385" length="25" level="64"/>
        <run start="2386" length="24" level="45"/>
        <run start="2386" length="24" level="57"/>
        <run start="2387" length="22" level="60"/>
        <run start="2388" length="20" level="65"/>
        <run start="2389" length="18" level="74"/>
        <run start="2390" length="16" level="103"/>
        <run start="2392" length="12" level="167"/>
    </section>
    <section id="7918" first-pos="2175">
        <run start="2384" length="4" level="65"/>
        <run start="2384" length="4" level="65"/>
        <run start="2384" length="4" level="64"/>
        <run start="2384" length="4" level="64"/>
        <run start="2384" length="4" level="65"/>
        <run start="2384" length="4" level="62"/>
        <run start="2384" length="5" level="71"/>
        <run start="2384" length="6" level="72"/>
        <run start="2384" length="8" level="84"/>
        <run start="2385" length="10" level="63"/>
    </section>
    <section id="7887" first-pos="2169">
        <run start="2389" length="8" level="156"/>
        <run start="2387" length="10" level="95"/>
        <run start="2386" length="11" level="79"/>
        <run start="2385" length="12" level="72"/>
        <run start="2385" length="12" level="62"/>
        <run start="2384" length="13" level="84"/>
    </section>
    <section id="7919" first-pos="2175">
        <run start="2389" length="8" level="90"/>
        <run start="2389" length="8" level="106"/>
        <run start="2390" length="7" level="119"/>
        <run start="2391" length="6" level="174"/>
        <run start="2395" length="2" level="200"/>
    </section>
    <section id="7960" first-pos="2184">
        <run start="2396" length="3" level="205"/>
    </section>
    <section id="7988" first-pos="2193">
        <run start="2395" length="2" level="200"/>
    </section>
    <section id="7921" first-pos="2175">
        <run start="2414" length="12" level="111"/>
    </section>
    <section id="7922" first-pos="2176">
        <run start="2418" length="6" level="88"/>
        <run start="2418" length="5" level="114"/>
        <run start="2418" length="4" level="97"/>
        <run start="2418" length="4" level="99"/>
        <run start="2414" length="8" level="135"/>
        <run start="2414" length="8" level="131"/>
        <run start="2418" length="4" level="63"/>
        <run start="2418" length="5" level="68"/>
    </section>
    <section id="7961" first-pos="2184">
        <run start="2418" length="10" level="85"/>
    </section>
    <section id="7966" first-pos="2185">
        <run start="2418" length="26" level="51"/>
        <run start="2419" length="25" level="41"/>
        <run start="2419" length="24" level="42"/>
        <run start="2420" length="23" level="46"/>
        <run start="2420" length="22" level="56"/>
        <run start="2421" length="20" level="66"/>
        <run start="2422" length="17" level="83"/>
        <run start="2424" length="13" level="103"/>
    </section>
    <section id="7956" first-pos="2181">
        <run start="2434" length="1" level="200"/>
        <run start="2432" length="3" level="205"/>
        <run start="2432" length="3" level="195"/>
        <run start="2430" length="5" level="148"/>
    </section>
    <section id="7926" first-pos="2177">
        <run start="2442" length="3" level="81"/>
        <run start="2442" length="4" level="102"/>
        <run start="2442" length="3" level="81"/>
        <run start="2441" length="4" level="79"/>
        <run start="2440" length="5" level="64"/>
        <run start="2439" length="6" level="54"/>
        <run start="2438" length="7" level="46"/>
        <run start="2436" length="9" level="77"/>
    </section>
    <section id="7888" first-pos="2169">
        <run start="2434" length="6" level="119"/>
        <run start="2434" length="7" level="84"/>
        <run start="2434" length="9" level="87"/>
        <run start="2434" length="9" level="62"/>
        <run start="2434" length="10" level="58"/>
        <run start="2434" length="11" level="53"/>
        <run start="2434" length="11" level="48"/>
        <run start="2434" length="11" level="81"/>
    </section>
    <section id="7882" first-pos="2168">
        <run start="2434" length="2" level="200"/>
    </section>
    <section id="7883" first-pos="2168">
        <run start="2437" length="2" level="202"/>
    </section>
    <section id="7925" first-pos="2177">
        <run start="2434" length="7" level="115"/>
        <run start="2434" length="5" level="189"/>
        <run start="2434" length="1" level="200"/>
    </section>
    <section id="7989" first-pos="2193">
        <run start="2427" length="8" level="184"/>
    </section>
    <section id="7876" first-pos="2166">
        <run start="2440" length="4" level="203"/>
    </section>
    <section id="7830" first-pos="2159">
        <run start="2399" length="46" level="130"/>
    </section>
    <section id="7838" first-pos="2160">
        <run start="2428" length="16" level="197"/>
    </section>
</stick>
