<?xml version="1.0" encoding="UTF-8"?>
<glyph id="1357" interline="19" shape="C_CLEF">
    <is-within-system>true</is-within-system>
    <has-ledger>false</has-ledger>
    <stem-number>0</stem-number>
    <step-line>-2.1298701298701297</step-line>
    <moments>
        <k>6.296398891966759</k>
        <k>2.8947368421052633</k>
        <k>4.157894736842105</k>
        <k>0.1134152430196277</k>
        <k>-0.0022058892121054195</k>
        <k>0.2270906674747606</k>
        <k>0.009028342206159048</k>
        <k>3.1022427370001226E-4</k>
        <k>0.0031612061515829916</k>
        <k>0.006861346363565499</k>
        <k>0.3405059104943883</k>
        <k>0.012941565913918956</k>
        <k>3.538016512982995E-5</k>
        <k>2.000165145710205E-4</k>
        <k>-1.6739794187972245E-8</k>
        <k>-1.1815323485131581E-5</k>
        <k>1.7002152695061334E-9</k>
        <k>67.14958205015398</k>
        <k>2851.799384073911</k>
    </moments>
    <section id="16" first-pos="43">
        <run start="2852" length="1" level="200"/>
        <run start="2852" length="4" level="201"/>
    </section>
    <section id="43" first-pos="45">
        <run start="2814" length="78" level="89"/>
        <run start="2814" length="78" level="44"/>
        <run start="2814" length="78" level="43"/>
        <run start="2814" length="78" level="43"/>
        <run start="2814" length="78" level="43"/>
        <run start="2814" length="78" level="43"/>
        <run start="2814" length="78" level="43"/>
        <run start="2814" length="78" level="47"/>
    </section>
    <section id="26" first-pos="44">
        <run start="2861" length="2" level="220"/>
    </section>
    <section id="27" first-pos="44">
        <run start="2869" length="6" level="197"/>
    </section>
    <section id="17" first-pos="43">
        <run start="2872" length="1" level="200"/>
    </section>
    <section id="28" first-pos="44">
        <run start="2876" length="2" level="218"/>
    </section>
    <section id="29" first-pos="44">
        <run start="2880" length="4" level="186"/>
    </section>
    <section id="77" first-pos="53">
        <run start="2814" length="50" level="179"/>
    </section>
    <section id="94" first-pos="54">
        <run start="2831" length="4" level="198"/>
        <run start="2834" length="1" level="200"/>
    </section>
    <section id="78" first-pos="53">
        <run start="2866" length="7" level="211"/>
    </section>
    <section id="109" first-pos="55">
        <run start="2890" length="2" level="200"/>
        <run start="2886" length="6" level="191"/>
    </section>
    <section id="132" first-pos="57">
        <run start="2814" length="78" level="90"/>
        <run start="2814" length="78" level="45"/>
    </section>
    <section id="117" first-pos="56">
        <run start="2869" length="4" level="204"/>
    </section>
    <section id="154" first-pos="59">
        <run start="2814" length="62" level="95"/>
    </section>
    <section id="163" first-pos="60">
        <run start="2814" length="28" level="175"/>
    </section>
    <section id="164" first-pos="60">
        <run start="2844" length="14" level="202"/>
    </section>
    <section id="177" first-pos="61">
        <run start="2853" length="4" level="197"/>
        <run start="2850" length="8" level="181"/>
        <run start="2849" length="10" level="136"/>
        <run start="2847" length="14" level="107"/>
    </section>
    <section id="213" first-pos="65">
        <run start="2845" length="19" level="84"/>
        <run start="2843" length="23" level="66"/>
    </section>
    <section id="235" first-pos="67">
        <run start="2840" length="33" level="76"/>
    </section>
    <section id="242" first-pos="68">
        <run start="2834" length="39" level="67"/>
        <run start="2834" length="39" level="54"/>
        <run start="2834" length="39" level="54"/>
        <run start="2834" length="39" level="65"/>
    </section>
    <section id="270" first-pos="72">
        <run start="2835" length="19" level="90"/>
    </section>
    <section id="290" first-pos="73">
        <run start="2839" length="10" level="63"/>
        <run start="2841" length="7" level="93"/>
        <run start="2843" length="5" level="130"/>
        <run start="2845" length="4" level="106"/>
        <run start="2846" length="3" level="70"/>
        <run start="2846" length="4" level="108"/>
        <run start="2847" length="3" level="83"/>
        <run start="2847" length="3" level="86"/>
        <run start="2847" length="3" level="85"/>
        <run start="2846" length="4" level="80"/>
        <run start="2846" length="4" level="65"/>
        <run start="2845" length="5" level="63"/>
        <run start="2843" length="7" level="55"/>
    </section>
    <section id="371" first-pos="86">
        <run start="2816" length="34" level="78"/>
        <run start="2816" length="33" level="39"/>
        <run start="2817" length="31" level="37"/>
        <run start="2818" length="30" level="42"/>
        <run start="2818" length="29" level="48"/>
        <run start="2819" length="27" level="45"/>
        <run start="2820" length="26" level="55"/>
        <run start="2821" length="24" level="72"/>
        <run start="2823" length="20" level="83"/>
        <run start="2825" length="16" level="97"/>
        <run start="2826" length="13" level="187"/>
    </section>
    <section id="305" first-pos="75">
        <run start="2814" length="3" level="80"/>
        <run start="2814" length="3" level="86"/>
        <run start="2814" length="3" level="86"/>
        <run start="2814" length="3" level="86"/>
        <run start="2814" length="3" level="78"/>
        <run start="2814" length="4" level="83"/>
        <run start="2814" length="4" level="60"/>
        <run start="2814" length="5" level="94"/>
        <run start="2815" length="5" level="70"/>
        <run start="2815" length="6" level="57"/>
        <run start="2815" length="8" level="74"/>
    </section>
    <section id="200" first-pos="64">
        <run start="2821" length="4" level="123"/>
        <run start="2819" length="8" level="74"/>
        <run start="2817" length="11" level="58"/>
        <run start="2817" length="12" level="37"/>
        <run start="2816" length="13" level="29"/>
        <run start="2816" length="13" level="20"/>
        <run start="2815" length="14" level="26"/>
        <run start="2815" length="14" level="19"/>
        <run start="2814" length="15" level="31"/>
        <run start="2814" length="14" level="29"/>
        <run start="2814" length="14" level="75"/>
    </section>
    <section id="306" first-pos="75">
        <run start="2820" length="7" level="173"/>
    </section>
    <section id="423" first-pos="97">
        <run start="2834" length="1" level="200"/>
    </section>
    <section id="271" first-pos="72">
        <run start="2857" length="14" level="73"/>
    </section>
    <section id="291" first-pos="73">
        <run start="2859" length="9" level="79"/>
        <run start="2861" length="5" level="87"/>
        <run start="2862" length="3" level="77"/>
        <run start="2861" length="3" level="114"/>
        <run start="2861" length="3" level="133"/>
        <run start="2860" length="3" level="106"/>
        <run start="2860" length="3" level="87"/>
        <run start="2859" length="4" level="115"/>
        <run start="2859" length="4" level="80"/>
        <run start="2859" length="4" level="79"/>
        <run start="2859" length="5" level="101"/>
        <run start="2859" length="6" level="89"/>
        <run start="2860" length="7" level="45"/>
        <run start="2860" length="11" level="40"/>
    </section>
    <section id="382" first-pos="87">
        <run start="2860" length="32" level="51"/>
        <run start="2861" length="30" level="47"/>
        <run start="2862" length="28" level="44"/>
        <run start="2862" length="27" level="54"/>
        <run start="2864" length="24" level="52"/>
        <run start="2865" length="22" level="66"/>
        <run start="2866" length="19" level="83"/>
    </section>
    <section id="360" first-pos="85">
        <run start="2872" length="21" level="108"/>
        <run start="2872" length="21" level="62"/>
    </section>
    <section id="340" first-pos="82">
        <run start="2890" length="3" level="200"/>
        <run start="2888" length="5" level="180"/>
        <run start="2886" length="7" level="109"/>
    </section>
    <section id="406" first-pos="94">
        <run start="2868" length="14" level="113"/>
    </section>
    <section id="412" first-pos="95">
        <run start="2871" length="6" level="183"/>
        <run start="2872" length="2" level="200"/>
    </section>
    <section id="165" first-pos="60">
        <run start="2869" length="4" level="206"/>
    </section>
    <section id="201" first-pos="64">
        <run start="2884" length="9" level="146"/>
        <run start="2882" length="11" level="69"/>
        <run start="2881" length="12" level="60"/>
        <run start="2880" length="13" level="56"/>
        <run start="2879" length="14" level="58"/>
        <run start="2879" length="14" level="55"/>
        <run start="2879" length="14" level="51"/>
        <run start="2880" length="13" level="54"/>
        <run start="2880" length="13" level="76"/>
        <run start="2881" length="9" level="37"/>
        <run start="2882" length="6" level="85"/>
    </section>
</glyph>
