<?xml version="1.0" encoding="UTF-8"?>
<glyph id="1354" interline="19" shape="C_CLEF">
    <is-within-system>true</is-within-system>
    <has-ledger>false</has-ledger>
    <stem-number>0</stem-number>
    <step-line>-1.8181818181818181</step-line>
    <moments>
        <k>6.177285318559557</k>
        <k>2.789473684210526</k>
        <k>4.2631578947368425</k>
        <k>0.1147177469598228</k>
        <k>-0.0012245366297890677</k>
        <k>0.23364107011572255</k>
        <k>0.008783536948612777</k>
        <k>-0.00108698171030389</k>
        <k>0.0034137870425324933</k>
        <k>-0.007233631948605627</k>
        <k>0.34835881707554534</k>
        <k>0.014148754750273343</k>
        <k>1.790749188831177E-5</k>
        <k>2.1800732420579956E-4</k>
        <k>-1.1417088193619374E-8</k>
        <k>-8.962301895315507E-6</k>
        <k>-7.429304663897755E-9</k>
        <k>67.70269058295965</k>
        <k>1688.5663677130044</k>
    </moments>
    <section id="34" first-pos="45">
        <run start="1651" length="2" level="171"/>
    </section>
    <section id="45" first-pos="46">
        <run start="1649" length="76" level="72"/>
        <run start="1649" length="79" level="45"/>
        <run start="1649" length="80" level="46"/>
        <run start="1649" length="80" level="44"/>
        <run start="1649" length="80" level="44"/>
        <run start="1649" length="80" level="44"/>
        <run start="1649" length="80" level="47"/>
    </section>
    <section id="35" first-pos="45">
        <run start="1655" length="6" level="167"/>
    </section>
    <section id="36" first-pos="45">
        <run start="1662" length="7" level="189"/>
    </section>
    <section id="37" first-pos="45">
        <run start="1679" length="28" level="208"/>
    </section>
    <section id="71" first-pos="53">
        <run start="1655" length="9" level="145"/>
    </section>
    <section id="72" first-pos="53">
        <run start="1665" length="1" level="223"/>
    </section>
    <section id="73" first-pos="53">
        <run start="1668" length="39" level="85"/>
    </section>
    <section id="86" first-pos="54">
        <run start="1686" length="4" level="199"/>
        <run start="1686" length="1" level="200"/>
    </section>
    <section id="87" first-pos="54">
        <run start="1703" length="4" level="203"/>
        <run start="1706" length="1" level="200"/>
    </section>
    <section id="74" first-pos="53">
        <run start="1708" length="21" level="68"/>
        <run start="1711" length="17" level="137"/>
    </section>
    <section id="127" first-pos="57">
        <run start="1650" length="19" level="131"/>
    </section>
    <section id="137" first-pos="58">
        <run start="1649" length="76" level="55"/>
    </section>
    <section id="128" first-pos="57">
        <run start="1679" length="39" level="207"/>
    </section>
    <section id="151" first-pos="59">
        <run start="1649" length="20" level="37"/>
    </section>
    <section id="152" first-pos="59">
        <run start="1670" length="55" level="40"/>
        <run start="1673" length="52" level="97"/>
    </section>
    <section id="172" first-pos="61">
        <run start="1686" length="5" level="176"/>
        <run start="1686" length="5" level="149"/>
        <run start="1686" length="7" level="138"/>
        <run start="1683" length="11" level="117"/>
    </section>
    <section id="207" first-pos="65">
        <run start="1681" length="16" level="98"/>
        <run start="1679" length="20" level="73"/>
    </section>
    <section id="231" first-pos="67">
        <run start="1677" length="25" level="57"/>
    </section>
    <section id="238" first-pos="68">
        <run start="1674" length="31" level="48"/>
    </section>
    <section id="249" first-pos="69">
        <run start="1668" length="41" level="54"/>
        <run start="1668" length="42" level="52"/>
        <run start="1668" length="42" level="58"/>
    </section>
    <section id="266" first-pos="72">
        <run start="1669" length="18" level="56"/>
    </section>
    <section id="283" first-pos="73">
        <run start="1673" length="11" level="43"/>
        <run start="1675" length="7" level="62"/>
        <run start="1677" length="5" level="109"/>
        <run start="1679" length="4" level="114"/>
        <run start="1680" length="3" level="79"/>
        <run start="1680" length="4" level="108"/>
        <run start="1681" length="3" level="86"/>
        <run start="1681" length="3" level="86"/>
        <run start="1681" length="3" level="85"/>
        <run start="1681" length="3" level="81"/>
        <run start="1680" length="4" level="63"/>
        <run start="1679" length="5" level="73"/>
        <run start="1678" length="6" level="52"/>
        <run start="1676" length="7" level="49"/>
    </section>
    <section id="376" first-pos="87">
        <run start="1650" length="33" level="35"/>
        <run start="1651" length="31" level="29"/>
        <run start="1652" length="29" level="29"/>
        <run start="1653" length="28" level="32"/>
        <run start="1654" length="26" level="35"/>
        <run start="1655" length="24" level="37"/>
        <run start="1656" length="22" level="42"/>
        <run start="1657" length="19" level="54"/>
    </section>
    <section id="281" first-pos="73">
        <run start="1648" length="4" level="108"/>
        <run start="1648" length="3" level="85"/>
        <run start="1648" length="3" level="85"/>
        <run start="1648" length="3" level="86"/>
        <run start="1648" length="3" level="86"/>
        <run start="1648" length="3" level="86"/>
        <run start="1648" length="3" level="86"/>
        <run start="1648" length="3" level="100"/>
        <run start="1648" length="4" level="74"/>
        <run start="1648" length="4" level="100"/>
        <run start="1649" length="4" level="60"/>
        <run start="1649" length="6" level="71"/>
        <run start="1650" length="6" level="43"/>
        <run start="1650" length="9" level="50"/>
    </section>
    <section id="206" first-pos="65">
        <run start="1654" length="7" level="37"/>
        <run start="1652" length="10" level="40"/>
        <run start="1651" length="11" level="25"/>
        <run start="1651" length="12" level="33"/>
        <run start="1650" length="13" level="21"/>
        <run start="1649" length="14" level="29"/>
        <run start="1649" length="14" level="19"/>
        <run start="1649" length="14" level="20"/>
    </section>
    <section id="282" first-pos="73">
        <run start="1653" length="9" level="28"/>
        <run start="1654" length="7" level="35"/>
        <run start="1655" length="5" level="111"/>
    </section>
    <section id="357" first-pos="85">
        <run start="1667" length="3" level="204"/>
        <run start="1667" length="3" level="178"/>
    </section>
    <section id="408" first-pos="95">
        <run start="1661" length="12" level="90"/>
        <run start="1663" length="8" level="119"/>
    </section>
    <section id="421" first-pos="97">
        <run start="1667" length="3" level="199"/>
    </section>
    <section id="267" first-pos="72">
        <run start="1690" length="15" level="37"/>
        <run start="1692" length="12" level="30"/>
        <run start="1694" length="8" level="57"/>
        <run start="1695" length="6" level="88"/>
        <run start="1695" length="5" level="116"/>
        <run start="1695" length="4" level="89"/>
        <run start="1694" length="4" level="117"/>
        <run start="1694" length="3" level="84"/>
        <run start="1693" length="4" level="108"/>
        <run start="1693" length="4" level="82"/>
        <run start="1693" length="4" level="84"/>
        <run start="1693" length="4" level="65"/>
        <run start="1693" length="4" level="59"/>
        <run start="1693" length="7" level="102"/>
    </section>
    <section id="368" first-pos="86">
        <run start="1694" length="31" level="138"/>
        <run start="1694" length="31" level="45"/>
        <run start="1695" length="30" level="45"/>
        <run start="1695" length="30" level="46"/>
        <run start="1695" length="29" level="45"/>
        <run start="1696" length="27" level="41"/>
        <run start="1697" length="25" level="48"/>
        <run start="1698" length="23" level="53"/>
        <run start="1699" length="21" level="71"/>
    </section>
    <section id="346" first-pos="83">
        <run start="1724" length="1" level="200"/>
        <run start="1722" length="3" level="203"/>
        <run start="1720" length="5" level="170"/>
    </section>
    <section id="409" first-pos="95">
        <run start="1701" length="16" level="94"/>
    </section>
    <section id="414" first-pos="96">
        <run start="1704" length="10" level="130"/>
    </section>
    <section id="268" first-pos="72">
        <run start="1706" length="3" level="204"/>
    </section>
    <section id="198" first-pos="64">
        <run start="1723" length="3" level="192"/>
        <run start="1723" length="3" level="162"/>
    </section>
    <section id="219" first-pos="66">
        <run start="1716" length="10" level="113"/>
        <run start="1715" length="11" level="62"/>
        <run start="1715" length="11" level="44"/>
        <run start="1714" length="12" level="51"/>
        <run start="1714" length="12" level="41"/>
        <run start="1714" length="12" level="41"/>
        <run start="1714" length="12" level="42"/>
        <run start="1714" length="12" level="46"/>
        <run start="1714" length="12" level="60"/>
        <run start="1715" length="14" level="103"/>
    </section>
    <section id="208" first-pos="65">
        <run start="1718" length="4" level="193"/>
    </section>
    <section id="310" first-pos="76">
        <run start="1717" length="5" level="113"/>
    </section>
    <section id="311" first-pos="76">
        <run start="1723" length="6" level="185"/>
        <run start="1725" length="4" level="189"/>
        <run start="1725" length="4" level="188"/>
        <run start="1725" length="4" level="188"/>
        <run start="1725" length="4" level="190"/>
        <run start="1725" length="4" level="199"/>
    </section>
</glyph>
