<?xml version="1.0" encoding="UTF-8"?>
<glyph id="1352" interline="19" shape="F_CLEF">
    <is-within-system>true</is-within-system>
    <has-ledger>false</has-ledger>
    <stem-number>0</stem-number>
    <step-line>-1.1578947368421053</step-line>
    <moments>
        <k>2.5678670360110805</k>
        <k>2.3684210526315788</k>
        <k>3.4210526315789473</k>
        <k>0.16258346714894947</k>
        <k>-0.030747589778921138</k>
        <k>0.33053461798684997</k>
        <k>-0.017137089329091408</k>
        <k>-0.004543737469094159</k>
        <k>-0.056238439069824085</k>
        <k>0.08642928782994758</k>
        <k>0.49311808513579947</k>
        <k>0.03198924617662647</k>
        <k>0.032988062875081374</k>
        <k>0.012089211525719915</k>
        <k>8.644730446923763E-5</k>
        <k>9.608844121948078E-4</k>
        <k>-2.254130665961524E-4</k>
        <k>64.42610571736785</k>
        <k>1454.9956850053939</k>
    </moments>
    <section id="4" first-pos="39">
        <run start="1490" length="3" level="188"/>
        <run start="1490" length="3" level="77"/>
        <run start="1489" length="4" level="105"/>
        <run start="1489" length="4" level="78"/>
        <run start="1489" length="3" level="85"/>
        <run start="1488" length="4" level="116"/>
        <run start="1488" length="4" level="68"/>
        <run start="1487" length="5" level="113"/>
        <run start="1487" length="4" level="65"/>
        <run start="1486" length="5" level="99"/>
        <run start="1486" length="4" level="98"/>
        <run start="1486" length="4" level="103"/>
        <run start="1485" length="5" level="146"/>
        <run start="1485" length="4" level="151"/>
        <run start="1484" length="5" level="181"/>
        <run start="1483" length="5" level="197"/>
        <run start="1482" length="6" level="204"/>
        <run start="1481" length="6" level="157"/>
        <run start="1480" length="7" level="145"/>
        <run start="1479" length="8" level="133"/>
        <run start="1478" length="8" level="110"/>
        <run start="1477" length="9" level="110"/>
        <run start="1476" length="9" level="72"/>
        <run start="1475" length="10" level="65"/>
        <run start="1474" length="9" level="32"/>
        <run start="1472" length="10" level="49"/>
        <run start="1471" length="11" level="32"/>
        <run start="1470" length="11" level="27"/>
        <run start="1468" length="12" level="22"/>
        <run start="1467" length="12" level="34"/>
        <run start="1466" length="12" level="49"/>
        <run start="1463" length="14" level="75"/>
        <run start="1459" length="17" level="76"/>
        <run start="1456" length="20" level="70"/>
    </section>
    <section id="280" first-pos="73">
        <run start="1430" length="44" level="43"/>
        <run start="1430" length="43" level="45"/>
        <run start="1431" length="40" level="48"/>
        <run start="1432" length="38" level="50"/>
        <run start="1432" length="37" level="55"/>
        <run start="1433" length="35" level="53"/>
        <run start="1435" length="32" level="48"/>
        <run start="1436" length="29" level="41"/>
    </section>
    <section id="190" first-pos="63">
        <run start="1428" length="1" level="200"/>
        <run start="1428" length="2" level="200"/>
        <run start="1428" length="3" level="193"/>
        <run start="1428" length="3" level="190"/>
        <run start="1428" length="4" level="148"/>
        <run start="1428" length="5" level="144"/>
        <run start="1428" length="6" level="110"/>
        <run start="1428" length="7" level="85"/>
        <run start="1428" length="9" level="63"/>
        <run start="1429" length="12" level="42"/>
    </section>
    <section id="332" first-pos="81">
        <run start="1438" length="23" level="50"/>
    </section>
    <section id="337" first-pos="82">
        <run start="1441" length="18" level="61"/>
    </section>
    <section id="344" first-pos="83">
        <run start="1444" length="9" level="144"/>
    </section>
    <section id="345" first-pos="83">
        <run start="1454" length="1" level="222"/>
    </section>
    <section id="15" first-pos="43">
        <run start="1444" length="3" level="154"/>
    </section>
    <section id="23" first-pos="44">
        <run start="1438" length="12" level="107"/>
        <run start="1437" length="15" level="72"/>
        <run start="1434" length="19" level="68"/>
        <run start="1433" length="21" level="68"/>
    </section>
    <section id="55" first-pos="48">
        <run start="1432" length="7" level="60"/>
        <run start="1431" length="5" level="53"/>
        <run start="1430" length="5" level="60"/>
        <run start="1429" length="5" level="77"/>
        <run start="1429" length="4" level="94"/>
        <run start="1428" length="4" level="143"/>
        <run start="1428" length="4" level="154"/>
        <run start="1428" length="3" level="190"/>
        <run start="1428" length="3" level="194"/>
        <run start="1428" length="3" level="208"/>
        <run start="1428" length="2" level="200"/>
        <run start="1428" length="1" level="200"/>
        <run start="1428" length="1" level="200"/>
    </section>
    <section id="56" first-pos="48">
        <run start="1442" length="12" level="88"/>
        <run start="1441" length="14" level="88"/>
        <run start="1441" length="14" level="76"/>
        <run start="1440" length="15" level="71"/>
        <run start="1440" length="15" level="67"/>
        <run start="1440" length="15" level="70"/>
        <run start="1440" length="15" level="71"/>
        <run start="1440" length="14" level="84"/>
        <run start="1441" length="13" level="82"/>
        <run start="1442" length="11" level="96"/>
        <run start="1442" length="10" level="125"/>
    </section>
    <section id="150" first-pos="59">
        <run start="1446" length="4" level="183"/>
    </section>
</glyph>
