<?xml version="1.0" encoding="UTF-8"?>
<stick id="1299" interline="19" shape="F_CLEF">
    <is-within-system>true</is-within-system>
    <has-ledger>false</has-ledger>
    <stem-number>0</stem-number>
    <step-line>-1.9487179487179487</step-line>
    <moments>
        <k>1.742382271468144</k>
        <k>1.7894736842105263</k>
        <k>2.736842105263158</k>
        <k>0.11820532054100891</k>
        <k>0.009162350691220353</k>
        <k>0.2553936772400128</k>
        <k>-0.008631739111253147</k>
        <k>-0.0038172212906082614</k>
        <k>-0.02632619095110327</k>
        <k>0.06802818083387902</k>
        <k>0.3735989977810217</k>
        <k>0.019156439894528744</k>
        <k>0.011265722731975354</k>
        <k>0.005345104199712156</k>
        <k>2.974434511790254E-5</k>
        <k>3.157158495682038E-4</k>
        <k>-2.8907898817570322E-5</k>
        <k>416.9856915739269</k>
        <k>3130.1112877583464</k>
    </moments>
    <section id="1628" first-pos="400">
        <run start="3128" length="3" level="206"/>
    </section>
    <section id="1629" first-pos="401">
        <run start="3122" length="9" level="125"/>
        <run start="3120" length="11" level="37"/>
        <run start="3118" length="13" level="32"/>
        <run start="3116" length="16" level="45"/>
        <run start="3115" length="17" level="26"/>
    </section>
    <section id="1632" first-pos="406">
        <run start="3114" length="6" level="21"/>
        <run start="3114" length="4" level="4"/>
        <run start="3113" length="4" level="4"/>
        <run start="3110" length="6" level="100"/>
        <run start="3110" length="6" level="92"/>
        <run start="3110" length="6" level="103"/>
        <run start="3110" length="5" level="81"/>
        <run start="3110" length="5" level="81"/>
        <run start="3110" length="5" level="81"/>
        <run start="3110" length="5" level="81"/>
        <run start="3110" length="6" level="92"/>
        <run start="3110" length="6" level="67"/>
        <run start="3110" length="7" level="88"/>
        <run start="3110" length="8" level="93"/>
        <run start="3110" length="10" level="86"/>
        <run start="3113" length="9" level="37"/>
    </section>
    <section id="1710" first-pos="422">
        <run start="3114" length="16" level="52"/>
    </section>
    <section id="1714" first-pos="423">
        <run start="3114" length="35" level="25"/>
        <run start="3115" length="34" level="29"/>
    </section>
    <section id="1674" first-pos="413">
        <run start="3148" length="8" level="104"/>
        <run start="3148" length="7" level="61"/>
        <run start="3148" length="7" level="77"/>
        <run start="3148" length="6" level="84"/>
        <run start="3146" length="7" level="112"/>
        <run start="3144" length="8" level="111"/>
        <run start="3142" length="9" level="98"/>
        <run start="3139" length="12" level="103"/>
        <run start="3134" length="16" level="91"/>
        <run start="3131" length="18" level="35"/>
    </section>
    <section id="1672" first-pos="412">
        <run start="3150" length="1" level="220"/>
    </section>
    <section id="1630" first-pos="401">
        <run start="3160" length="2" level="208"/>
        <run start="3160" length="2" level="94"/>
        <run start="3159" length="2" level="108"/>
        <run start="3159" length="2" level="71"/>
        <run start="3158" length="2" level="97"/>
        <run start="3158" length="2" level="30"/>
        <run start="3157" length="2" level="87"/>
        <run start="3156" length="3" level="82"/>
        <run start="3155" length="4" level="101"/>
        <run start="3154" length="4" level="64"/>
        <run start="3154" length="4" level="60"/>
        <run start="3152" length="5" level="80"/>
    </section>
    <section id="1721" first-pos="425">
        <run start="3116" length="29" level="25"/>
        <run start="3117" length="27" level="33"/>
        <run start="3118" length="24" level="33"/>
        <run start="3119" length="21" level="45"/>
        <run start="3121" length="17" level="49"/>
        <run start="3122" length="15" level="78"/>
    </section>
    <section id="1736" first-pos="431">
        <run start="3126" length="8" level="112"/>
        <run start="3128" length="4" level="203"/>
        <run start="3130" length="1" level="200"/>
    </section>
    <section id="1722" first-pos="425">
        <run start="3147" length="2" level="156"/>
        <run start="3147" length="1" level="167"/>
    </section>
    <section id="1633" first-pos="406">
        <run start="3121" length="12" level="48"/>
        <run start="3121" length="12" level="34"/>
        <run start="3121" length="12" level="34"/>
        <run start="3121" length="12" level="36"/>
        <run start="3121" length="12" level="49"/>
        <run start="3121" length="11" level="48"/>
        <run start="3122" length="10" level="61"/>
        <run start="3123" length="8" level="75"/>
        <run start="3125" length="6" level="149"/>
    </section>
</stick>
