<?xml version="1.0" encoding="UTF-8"?>
<stick id="1333" interline="19" shape="F_CLEF">
    <is-within-system>true</is-within-system>
    <has-ledger>false</has-ledger>
    <stem-number>0</stem-number>
    <step-line>0.3076923076923077</step-line>
    <moments>
        <k>1.7202216066481995</k>
        <k>1.7894736842105263</k>
        <k>2.5789473684210527</k>
        <k>0.11709275755415476</k>
        <k>-0.020347338887571613</k>
        <k>0.27477827335771343</k>
        <k>-0.0078471691173658</k>
        <k>0.0029420185384231873</k>
        <k>-0.0402227293218979</k>
        <k>0.06379096042076089</k>
        <k>0.3918710309118682</k>
        <k>0.026520778693457085</k>
        <k>0.015749723054251485</k>
        <k>0.0067640056167280315</k>
        <k>5.083046318484743E-5</k>
        <k>5.989377408410239E-4</k>
        <k>-4.785661792656854E-5</k>
        <k>1713.9806763285023</k>
        <k>3152.352657004831</k>
    </moments>
    <section id="6127" first-pos="1696">
        <run start="3177" length="2" level="193"/>
        <run start="3177" length="3" level="99"/>
        <run start="3176" length="4" level="80"/>
        <run start="3176" length="5" level="75"/>
        <run start="3176" length="4" level="59"/>
        <run start="3175" length="5" level="83"/>
        <run start="3175" length="5" level="71"/>
        <run start="3175" length="4" level="63"/>
        <run start="3174" length="5" level="89"/>
        <run start="3173" length="5" level="85"/>
        <run start="3173" length="5" level="66"/>
        <run start="3172" length="6" level="88"/>
        <run start="3172" length="5" level="61"/>
        <run start="3171" length="5" level="64"/>
        <run start="3170" length="6" level="86"/>
        <run start="3169" length="6" level="63"/>
        <run start="3168" length="7" level="74"/>
        <run start="3167" length="7" level="94"/>
        <run start="3165" length="8" level="127"/>
        <run start="3163" length="10" level="137"/>
        <run start="3162" length="10" level="112"/>
        <run start="3160" length="11" level="112"/>
        <run start="3158" length="12" level="100"/>
        <run start="3155" length="14" level="88"/>
    </section>
    <section id="6220" first-pos="1720">
        <run start="3134" length="35" level="96"/>
        <run start="3134" length="35" level="47"/>
        <run start="3135" length="34" level="48"/>
        <run start="3136" length="31" level="53"/>
    </section>
    <section id="6160" first-pos="1704">
        <run start="3135" length="4" level="71"/>
        <run start="3134" length="4" level="73"/>
        <run start="3133" length="4" level="115"/>
        <run start="3133" length="4" level="87"/>
        <run start="3133" length="3" level="82"/>
        <run start="3132" length="4" level="67"/>
        <run start="3132" length="4" level="88"/>
        <run start="3132" length="4" level="99"/>
        <run start="3132" length="4" level="91"/>
        <run start="3132" length="4" level="72"/>
        <run start="3132" length="4" level="65"/>
        <run start="3132" length="4" level="59"/>
        <run start="3132" length="5" level="56"/>
        <run start="3133" length="5" level="54"/>
        <run start="3133" length="6" level="52"/>
        <run start="3133" length="8" level="78"/>
    </section>
    <section id="6139" first-pos="1699">
        <run start="3140" length="7" level="208"/>
        <run start="3139" length="10" level="63"/>
        <run start="3138" length="13" level="65"/>
        <run start="3137" length="15" level="65"/>
        <run start="3136" length="16" level="81"/>
    </section>
    <section id="6161" first-pos="1704">
        <run start="3142" length="11" level="78"/>
        <run start="3141" length="12" level="88"/>
        <run start="3141" length="13" level="91"/>
        <run start="3142" length="12" level="78"/>
        <run start="3142" length="11" level="76"/>
        <run start="3142" length="11" level="82"/>
        <run start="3143" length="10" level="94"/>
        <run start="3143" length="9" level="119"/>
        <run start="3144" length="8" level="136"/>
        <run start="3145" length="4" level="170"/>
        <run start="3146" length="3" level="184"/>
        <run start="3146" length="3" level="208"/>
        <run start="3147" length="2" level="200"/>
    </section>
    <section id="6236" first-pos="1724">
        <run start="3137" length="26" level="47"/>
        <run start="3138" length="24" level="59"/>
    </section>
    <section id="6251" first-pos="1726">
        <run start="3140" length="19" level="64"/>
        <run start="3142" length="16" level="104"/>
    </section>
    <section id="6265" first-pos="1728">
        <run start="3148" length="5" level="141"/>
        <run start="3148" length="1" level="200"/>
    </section>
</stick>
