<?xml version="1.0" encoding="UTF-8"?>
<stick id="1039" interline="19" shape="F_CLEF">
    <is-within-system>true</is-within-system>
    <has-ledger>false</has-ledger>
    <stem-number>0</stem-number>
    <step-line>0.7368421052631579</step-line>
    <moments>
        <k>2.6897506925207755</k>
        <k>2.473684210526316</k>
        <k>3.473684210526316</k>
        <k>0.15709304664362875</k>
        <k>-0.03028620870294253</k>
        <k>0.324385130061109</k>
        <k>-0.01503281286002254</k>
        <k>-0.001263885099974698</k>
        <k>-0.05675564011854142</k>
        <k>0.07970873584166759</k>
        <k>0.4814781767047377</k>
        <k>0.03165565892455393</k>
        <k>0.031069943450754835</k>
        <k>0.011307176588941965</k>
        <k>8.733219922780574E-5</k>
        <k>8.49513395483626E-4</k>
        <k>-1.9310433690006594E-4</k>
        <k>68.27085478887744</k>
        <k>1943.8063851699278</k>
    </moments>
    <section id="10" first-pos="42">
        <run start="1979" length="3" level="186"/>
        <run start="1978" length="4" level="109"/>
        <run start="1978" length="4" level="65"/>
        <run start="1978" length="4" level="65"/>
        <run start="1978" length="4" level="74"/>
        <run start="1978" length="3" level="62"/>
        <run start="1977" length="4" level="85"/>
        <run start="1977" length="4" level="73"/>
        <run start="1976" length="4" level="87"/>
        <run start="1976" length="4" level="97"/>
        <run start="1975" length="5" level="125"/>
        <run start="1975" length="4" level="131"/>
        <run start="1974" length="5" level="160"/>
        <run start="1974" length="5" level="188"/>
        <run start="1973" length="5" level="196"/>
        <run start="1972" length="6" level="194"/>
        <run start="1971" length="6" level="167"/>
        <run start="1970" length="7" level="144"/>
        <run start="1970" length="6" level="114"/>
        <run start="1969" length="7" level="115"/>
        <run start="1968" length="7" level="88"/>
        <run start="1967" length="8" level="77"/>
        <run start="1966" length="9" level="76"/>
        <run start="1965" length="9" level="63"/>
        <run start="1964" length="9" level="54"/>
        <run start="1963" length="9" level="39"/>
        <run start="1961" length="11" level="57"/>
        <run start="1960" length="11" level="48"/>
        <run start="1958" length="12" level="56"/>
        <run start="1957" length="12" level="38"/>
        <run start="1954" length="14" level="59"/>
        <run start="1952" length="15" level="79"/>
        <run start="1951" length="15" level="73"/>
        <run start="1948" length="17" level="78"/>
        <run start="1945" length="19" level="72"/>
    </section>
    <section id="314" first-pos="77">
        <run start="1936" length="27" level="89"/>
    </section>
    <section id="320" first-pos="78">
        <run start="1919" length="43" level="43"/>
        <run start="1920" length="41" level="48"/>
        <run start="1921" length="38" level="47"/>
        <run start="1921" length="37" level="49"/>
        <run start="1922" length="35" level="46"/>
        <run start="1923" length="33" level="48"/>
        <run start="1925" length="31" level="61"/>
    </section>
    <section id="75" first-pos="53">
        <run start="1920" length="7" level="83"/>
        <run start="1919" length="6" level="88"/>
        <run start="1918" length="6" level="94"/>
        <run start="1917" length="6" level="123"/>
        <run start="1917" length="5" level="130"/>
        <run start="1916" length="5" level="170"/>
        <run start="1916" length="4" level="194"/>
        <run start="1916" length="4" level="194"/>
        <run start="1916" length="4" level="197"/>
        <run start="1916" length="3" level="200"/>
        <run start="1916" length="2" level="200"/>
        <run start="1916" length="1" level="200"/>
        <run start="1916" length="1" level="200"/>
        <run start="1916" length="1" level="200"/>
        <run start="1916" length="1" level="200"/>
        <run start="1916" length="2" level="200"/>
        <run start="1916" length="3" level="200"/>
        <run start="1916" length="4" level="191"/>
        <run start="1916" length="4" level="181"/>
        <run start="1916" length="5" level="157"/>
        <run start="1916" length="6" level="157"/>
        <run start="1916" length="7" level="125"/>
        <run start="1917" length="9" level="103"/>
        <run start="1918" length="13" level="94"/>
        <run start="1919" length="16" level="53"/>
    </section>
    <section id="65" first-pos="49">
        <run start="1925" length="15" level="116"/>
        <run start="1924" length="17" level="88"/>
        <run start="1922" length="20" level="81"/>
        <run start="1921" length="22" level="93"/>
    </section>
    <section id="49" first-pos="47">
        <run start="1931" length="6" level="190"/>
        <run start="1928" length="9" level="131"/>
    </section>
    <section id="76" first-pos="53">
        <run start="1930" length="14" level="111"/>
        <run start="1930" length="14" level="91"/>
        <run start="1930" length="14" level="88"/>
        <run start="1929" length="16" level="95"/>
        <run start="1929" length="16" level="88"/>
        <run start="1929" length="15" level="90"/>
        <run start="1930" length="14" level="93"/>
        <run start="1930" length="13" level="93"/>
        <run start="1930" length="13" level="116"/>
        <run start="1932" length="10" level="151"/>
    </section>
    <section id="191" first-pos="63">
        <run start="1936" length="5" level="192"/>
    </section>
    <section id="358" first-pos="85">
        <run start="1926" length="25" level="74"/>
    </section>
    <section id="369" first-pos="86">
        <run start="1929" length="17" level="108"/>
    </section>
    <section id="377" first-pos="87">
        <run start="1933" length="11" level="170"/>
    </section>
    <section id="384" first-pos="88">
        <run start="1936" length="3" level="197"/>
    </section>
    <section id="359" first-pos="85">
        <run start="1953" length="1" level="206"/>
    </section>
</stick>
