<?xml version="1.0" encoding="UTF-8"?>
<stick id="1277" interline="19" shape="FERMATA_BEND">
    <is-within-system>true</is-within-system>
    <has-ledger>false</has-ledger>
    <stem-number>0</stem-number>
    <step-line>-6.9743589743589745</step-line>
    <moments>
        <k>1.4265927977839334</k>
        <k>2.6842105263157894</k>
        <k>1.631578947368421</k>
        <k>0.4660541489319842</k>
        <k>-0.011309086350021537</k>
        <k>0.11875402364909132</k>
        <k>0.018951395195007607</k>
        <k>0.11789673482426341</k>
        <k>-0.006075586670184758</k>
        <k>0.02655194784212275</k>
        <k>0.5848081725810755</k>
        <k>0.12112895875780207</k>
        <k>0.1084016541758413</k>
        <k>0.021031208369222232</k>
        <k>-9.923718840251516E-4</k>
        <k>-0.007273120783505066</k>
        <k>-1.5358443376319034E-4</k>
        <k>2091.33786407767</k>
        <k>2806.4796116504854</k>
    </moments>
    <section id="7404" first-pos="2067">
        <run start="2819" length="6" level="127"/>
    </section>
    <section id="7410" first-pos="2068">
        <run start="2814" length="12" level="60"/>
        <run start="2811" length="15" level="24"/>
        <run start="2809" length="17" level="31"/>
        <run start="2807" length="17" level="58"/>
        <run start="2806" length="14" level="58"/>
        <run start="2804" length="12" level="44"/>
        <run start="2803" length="11" level="34"/>
        <run start="2802" length="11" level="45"/>
        <run start="2801" length="10" level="28"/>
        <run start="2800" length="10" level="28"/>
        <run start="2799" length="10" level="28"/>
        <run start="2799" length="9" level="17"/>
        <run start="2798" length="9" level="28"/>
        <run start="2797" length="10" level="39"/>
        <run start="2797" length="9" level="18"/>
        <run start="2796" length="9" level="28"/>
        <run start="2796" length="9" level="28"/>
        <run start="2796" length="9" level="29"/>
        <run start="2796" length="9" level="29"/>
        <run start="2796" length="8" level="10"/>
        <run start="2795" length="9" level="40"/>
        <run start="2795" length="9" level="36"/>
        <run start="2795" length="9" level="29"/>
        <run start="2795" length="9" level="29"/>
        <run start="2795" length="9" level="29"/>
        <run start="2795" length="9" level="29"/>
        <run start="2795" length="9" level="29"/>
        <run start="2795" length="9" level="29"/>
        <run start="2795" length="9" level="43"/>
        <run start="2796" length="8" level="29"/>
        <run start="2796" length="9" level="39"/>
        <run start="2796" length="9" level="30"/>
        <run start="2796" length="9" level="38"/>
        <run start="2797" length="9" level="37"/>
        <run start="2797" length="9" level="32"/>
        <run start="2798" length="9" level="31"/>
        <run start="2798" length="9" level="40"/>
        <run start="2799" length="9" level="53"/>
        <run start="2800" length="9" level="56"/>
        <run start="2801" length="9" level="55"/>
        <run start="2802" length="9" level="48"/>
        <run start="2802" length="10" level="63"/>
        <run start="2803" length="10" level="63"/>
        <run start="2805" length="10" level="54"/>
        <run start="2806" length="11" level="59"/>
        <run start="2807" length="14" level="76"/>
        <run start="2809" length="15" level="68"/>
        <run start="2812" length="13" level="43"/>
        <run start="2814" length="11" level="79"/>
        <run start="2818" length="7" level="175"/>
    </section>
</stick>
