<?xml version="1.0" encoding="UTF-8"?>
<stick id="848" interline="19" shape="FERMATA_BEND">
    <is-within-system>true</is-within-system>
    <has-ledger>false</has-ledger>
    <stem-number>0</stem-number>
    <step-line>-10.421052631578947</step-line>
    <moments>
        <k>1.2465373961218837</k>
        <k>2.6315789473684212</k>
        <k>1.6842105263157894</k>
        <k>0.517758024691357</k>
        <k>-0.020615637860082324</k>
        <k>0.13196268861454044</k>
        <k>0.03526819712073578</k>
        <k>0.14239778049509066</k>
        <k>-0.010214921681368743</k>
        <k>0.03606970867462137</k>
        <k>0.6497207133058974</k>
        <k>0.1505380594361361</k>
        <k>0.15732221472434452</k>
        <k>0.032478311300782076</k>
        <k>-0.002248578921791892</k>
        <k>-0.012414385482948875</k>
        <k>-5.776370502023738E-4</k>
        <k>2081.266666666667</k>
        <k>867.2888888888889</k>
    </moments>
    <section id="7365" first-pos="2058">
        <run start="878" length="10" level="182"/>
        <run start="874" length="14" level="55"/>
        <run start="871" length="17" level="53"/>
        <run start="869" length="14" level="43"/>
        <run start="868" length="12" level="32"/>
        <run start="866" length="11" level="47"/>
        <run start="865" length="10" level="32"/>
        <run start="864" length="9" level="30"/>
        <run start="863" length="9" level="30"/>
        <run start="862" length="9" level="30"/>
        <run start="861" length="9" level="30"/>
        <run start="860" length="9" level="30"/>
        <run start="860" length="8" level="1"/>
        <run start="859" length="9" level="28"/>
        <run start="859" length="8" level="5"/>
        <run start="858" length="9" level="43"/>
        <run start="858" length="8" level="2"/>
        <run start="858" length="8" level="7"/>
        <run start="857" length="8" level="27"/>
        <run start="857" length="8" level="2"/>
        <run start="857" length="8" level="3"/>
        <run start="857" length="8" level="7"/>
        <run start="857" length="8" level="14"/>
        <run start="856" length="8" level="21"/>
        <run start="856" length="8" level="30"/>
        <run start="856" length="8" level="25"/>
        <run start="856" length="8" level="27"/>
        <run start="857" length="8" level="32"/>
        <run start="857" length="8" level="29"/>
        <run start="857" length="8" level="26"/>
        <run start="857" length="8" level="11"/>
        <run start="857" length="8" level="15"/>
        <run start="858" length="8" level="30"/>
        <run start="858" length="8" level="17"/>
        <run start="858" length="9" level="51"/>
        <run start="859" length="8" level="29"/>
        <run start="860" length="8" level="32"/>
        <run start="860" length="8" level="29"/>
        <run start="861" length="8" level="32"/>
        <run start="862" length="8" level="36"/>
        <run start="863" length="7" level="29"/>
        <run start="864" length="7" level="37"/>
        <run start="865" length="8" level="55"/>
        <run start="866" length="8" level="43"/>
        <run start="867" length="9" level="60"/>
        <run start="869" length="9" level="67"/>
        <run start="871" length="11" level="79"/>
        <run start="873" length="12" level="68"/>
        <run start="875" length="11" level="55"/>
        <run start="878" length="8" level="104"/>
    </section>
</stick>
