<?xml version="1.0" encoding="UTF-8"?>
<stick id="1087" interline="19" shape="FERMATA_BEND">
    <is-within-system>true</is-within-system>
    <has-ledger>false</has-ledger>
    <stem-number>0</stem-number>
    <step-line>-7.012987012987013</step-line>
    <moments>
        <k>1.3601108033240996</k>
        <k>2.5789473684210527</k>
        <k>1.6842105263157894</k>
        <k>0.45370193626600586</k>
        <k>0.007910086181663714</k>
        <k>0.1135270294049195</k>
        <k>-0.002769585997666888</k>
        <k>0.11514129327942217</k>
        <k>4.3845183897055353E-4</k>
        <k>0.031076778588746936</k>
        <k>0.5672289656709254</k>
        <k>0.11596924511155417</k>
        <k>0.09883078681115325</k>
        <k>0.021385158727310904</k>
        <k>-9.825425314573405E-4</k>
        <k>-0.007281781966747524</k>
        <k>3.4236052422339685E-5</k>
        <k>2008.1283095723015</k>
        <k>1869.5560081466394</k>
    </moments>
    <section id="7165" first-pos="1984">
        <run start="1879" length="12" level="49"/>
        <run start="1876" length="15" level="46"/>
        <run start="1873" length="13" level="33"/>
        <run start="1871" length="11" level="27"/>
        <run start="1869" length="11" level="34"/>
        <run start="1868" length="10" level="27"/>
        <run start="1867" length="10" level="26"/>
        <run start="1866" length="9" level="26"/>
        <run start="1864" length="10" level="44"/>
        <run start="1864" length="9" level="25"/>
        <run start="1863" length="9" level="29"/>
        <run start="1862" length="10" level="27"/>
        <run start="1861" length="10" level="43"/>
        <run start="1861" length="9" level="30"/>
        <run start="1861" length="9" level="29"/>
        <run start="1860" length="10" level="57"/>
        <run start="1860" length="9" level="30"/>
        <run start="1860" length="9" level="25"/>
        <run start="1859" length="10" level="40"/>
        <run start="1859" length="9" level="29"/>
        <run start="1859" length="9" level="29"/>
        <run start="1859" length="9" level="29"/>
        <run start="1859" length="9" level="29"/>
        <run start="1859" length="9" level="29"/>
        <run start="1859" length="9" level="29"/>
        <run start="1859" length="9" level="29"/>
        <run start="1859" length="9" level="29"/>
        <run start="1859" length="9" level="29"/>
        <run start="1859" length="9" level="29"/>
        <run start="1859" length="9" level="29"/>
        <run start="1859" length="10" level="43"/>
        <run start="1860" length="9" level="29"/>
        <run start="1860" length="9" level="29"/>
        <run start="1860" length="9" level="41"/>
        <run start="1861" length="9" level="29"/>
        <run start="1862" length="8" level="29"/>
        <run start="1862" length="9" level="29"/>
        <run start="1863" length="9" level="29"/>
        <run start="1864" length="9" level="44"/>
        <run start="1864" length="10" level="50"/>
        <run start="1865" length="10" level="32"/>
        <run start="1867" length="10" level="26"/>
        <run start="1868" length="10" level="45"/>
        <run start="1869" length="10" level="30"/>
        <run start="1870" length="12" level="36"/>
        <run start="1870" length="15" level="32"/>
    </section>
    <section id="7305" first-pos="2030">
        <run start="1870" length="3" level="88"/>
    </section>
    <section id="7306" first-pos="2030">
        <run start="1875" length="13" level="22"/>
        <run start="1877" length="13" level="24"/>
        <run start="1880" length="10" level="44"/>
    </section>
</stick>
