<?xml version="1.0" encoding="UTF-8"?>
<stick id="1101" interline="19" shape="QUARTER_REST">
    <is-within-system>true</is-within-system>
    <has-ledger>false</has-ledger>
    <stem-number>0</stem-number>
    <step-line>-0.15584415584415584</step-line>
    <moments>
        <k>1.5429362880886426</k>
        <k>1.105263157894737</k>
        <k>3.1578947368421053</k>
        <k>0.035302865232595744</k>
        <k>-0.020570643399287793</k>
        <k>0.40208103419889923</k>
        <k>0.001562309855769507</k>
        <k>0.0029488425418697202</k>
        <k>-0.014107368109162037</k>
        <k>-0.03093140661896955</k>
        <k>0.43738389943149497</k>
        <k>0.1362188307097169</k>
        <k>0.0035081258609735554</k>
        <k>9.404023789100099E-4</k>
        <k>1.5526447705098356E-6</k>
        <k>2.0058836338145513E-4</k>
        <k>7.119205622846721E-7</k>
        <k>260.60861759425495</k>
        <k>2174.5044883303412</k>
    </moments>
    <section id="1190" first-pos="252">
        <run start="2186" length="10" level="145"/>
        <run start="2185" length="11" level="63"/>
        <run start="2184" length="13" level="61"/>
        <run start="2184" length="14" level="59"/>
        <run start="2183" length="17" level="66"/>
        <run start="2183" length="18" level="54"/>
        <run start="2183" length="19" level="51"/>
        <run start="2183" length="20" level="67"/>
    </section>
    <section id="1235" first-pos="260">
        <run start="2182" length="14" level="70"/>
    </section>
    <section id="1243" first-pos="261">
        <run start="2182" length="10" level="48"/>
    </section>
    <section id="1255" first-pos="262">
        <run start="2151" length="40" level="51"/>
        <run start="2152" length="39" level="50"/>
    </section>
    <section id="1222" first-pos="259">
        <run start="2148" length="31" level="91"/>
        <run start="2149" length="31" level="58"/>
        <run start="2150" length="31" level="58"/>
    </section>
    <section id="1195" first-pos="253">
        <run start="2144" length="3" level="191"/>
        <run start="2144" length="4" level="99"/>
        <run start="2144" length="4" level="69"/>
        <run start="2145" length="4" level="70"/>
        <run start="2146" length="5" level="112"/>
        <run start="2148" length="4" level="61"/>
    </section>
    <section id="1202" first-pos="256">
        <run start="2155" length="2" level="206"/>
        <run start="2155" length="3" level="173"/>
        <run start="2155" length="3" level="157"/>
    </section>
    <section id="1196" first-pos="253">
        <run start="2174" length="3" level="200"/>
        <run start="2172" length="5" level="178"/>
        <run start="2170" length="7" level="133"/>
        <run start="2168" length="9" level="104"/>
        <run start="2166" length="12" level="95"/>
        <run start="2163" length="16" level="93"/>
    </section>
    <section id="1264" first-pos="264">
        <run start="2153" length="21" level="55"/>
        <run start="2154" length="18" level="81"/>
    </section>
    <section id="1268" first-pos="266">
        <run start="2155" length="13" level="78"/>
        <run start="2156" length="11" level="103"/>
        <run start="2156" length="8" level="113"/>
        <run start="2156" length="7" level="161"/>
        <run start="2156" length="4" level="201"/>
        <run start="2156" length="1" level="200"/>
    </section>
    <section id="1265" first-pos="264">
        <run start="2178" length="12" level="35"/>
        <run start="2179" length="11" level="65"/>
        <run start="2181" length="9" level="70"/>
        <run start="2183" length="7" level="65"/>
        <run start="2184" length="6" level="95"/>
        <run start="2186" length="5" level="93"/>
        <run start="2187" length="4" level="90"/>
        <run start="2188" length="4" level="119"/>
        <run start="2189" length="3" level="178"/>
    </section>
    <section id="1244" first-pos="261">
        <run start="2193" length="1" level="101"/>
        <run start="2193" length="1" level="199"/>
    </section>
    <section id="1236" first-pos="260">
        <run start="2199" length="5" level="132"/>
        <run start="2201" length="3" level="138"/>
        <run start="2202" length="1" level="190"/>
    </section>
</stick>
