<?xml version="1.0" encoding="UTF-8"?>
<stick id="1298" interline="19" shape="QUARTER_REST">
    <is-within-system>true</is-within-system>
    <has-ledger>false</has-ledger>
    <stem-number>0</stem-number>
    <step-line>0.10256410256410256</step-line>
    <moments>
        <k>1.518005540166205</k>
        <k>1.1578947368421053</k>
        <k>3.210526315789474</k>
        <k>0.036186366428491074</k>
        <k>-0.0011727471393465142</k>
        <k>0.3987288197594807</k>
        <k>0.0027103636152746497</k>
        <k>0.006095858187341695</k>
        <k>-0.01057290196326102</k>
        <k>-0.04922872507450994</k>
        <k>0.43491518618797176</k>
        <k>0.1314425318106642</k>
        <k>0.005743811543594474</k>
        <k>0.0019222637151797314</k>
        <k>6.371977195476788E-6</k>
        <k>6.504869372700465E-4</k>
        <k>4.4263602407474603E-7</k>
        <k>363.48722627737226</k>
        <k>3150.045620437956</k>
    </moments>
    <section id="1490" first-pos="355">
        <run start="3118" length="3" level="99"/>
        <run start="3119" length="3" level="82"/>
        <run start="3120" length="3" level="74"/>
        <run start="3121" length="3" level="77"/>
        <run start="3122" length="3" level="54"/>
        <run start="3122" length="6" level="101"/>
    </section>
    <section id="1505" first-pos="361">
        <run start="3123" length="30" level="98"/>
        <run start="3124" length="30" level="56"/>
        <run start="3125" length="30" level="57"/>
    </section>
    <section id="1491" first-pos="355">
        <run start="3148" length="1" level="200"/>
        <run start="3146" length="3" level="198"/>
        <run start="3145" length="5" level="192"/>
        <run start="3143" length="8" level="145"/>
        <run start="3141" length="11" level="110"/>
        <run start="3137" length="15" level="98"/>
    </section>
    <section id="1523" first-pos="364">
        <run start="3126" length="41" level="64"/>
        <run start="3127" length="40" level="52"/>
    </section>
    <section id="1519" first-pos="363">
        <run start="3157" length="13" level="106"/>
    </section>
    <section id="1500" first-pos="356">
        <run start="3159" length="11" level="139"/>
        <run start="3159" length="13" level="118"/>
        <run start="3158" length="15" level="100"/>
        <run start="3158" length="16" level="85"/>
        <run start="3157" length="18" level="80"/>
        <run start="3157" length="19" level="75"/>
        <run start="3157" length="20" level="88"/>
    </section>
    <section id="1492" first-pos="355">
        <run start="3161" length="6" level="179"/>
    </section>
    <section id="1520" first-pos="363">
        <run start="3173" length="5" level="111"/>
        <run start="3175" length="3" level="85"/>
        <run start="3176" length="3" level="164"/>
        <run start="3177" length="1" level="221"/>
    </section>
    <section id="1537" first-pos="366">
        <run start="3127" length="22" level="61"/>
    </section>
    <section id="1540" first-pos="367">
        <run start="3128" length="17" level="53"/>
        <run start="3129" length="13" level="44"/>
        <run start="3129" length="11" level="65"/>
        <run start="3129" length="9" level="97"/>
    </section>
    <section id="1555" first-pos="371">
        <run start="3132" length="4" level="131"/>
    </section>
    <section id="1541" first-pos="367">
        <run start="3146" length="3" level="202"/>
        <run start="3146" length="2" level="207"/>
    </section>
    <section id="1538" first-pos="366">
        <run start="3150" length="17" level="47"/>
        <run start="3152" length="14" level="63"/>
        <run start="3155" length="11" level="69"/>
        <run start="3157" length="8" level="58"/>
        <run start="3158" length="7" level="75"/>
        <run start="3159" length="5" level="64"/>
        <run start="3160" length="5" level="79"/>
        <run start="3161" length="7" level="121"/>
        <run start="3162" length="6" level="117"/>
        <run start="3163" length="5" level="122"/>
        <run start="3164" length="4" level="200"/>
    </section>
</stick>
