<?xml version="1.0" encoding="UTF-8"?>
<stick id="1317" interline="19" shape="QUARTER_REST">
    <is-within-system>true</is-within-system>
    <has-ledger>false</has-ledger>
    <stem-number>0</stem-number>
    <step-line>0.3076923076923077</step-line>
    <moments>
        <k>1.5041551246537397</k>
        <k>1.1578947368421053</k>
        <k>3.210526315789474</k>
        <k>0.03538876693302836</k>
        <k>-0.011407993105338604</k>
        <k>0.4211200980128999</k>
        <k>7.761184051088689E-4</k>
        <k>0.003433623288824336</k>
        <k>-0.01498213478355803</k>
        <k>-0.040582615891984156</k>
        <k>0.45650886494592824</k>
        <k>0.14930922900341528</k>
        <k>0.004679678210084203</k>
        <k>0.001581858552774389</k>
        <k>4.022315723738253E-6</k>
        <k>4.3040104943770064E-4</k>
        <k>1.5311108953325082E-6</k>
        <k>1049.0552486187846</k>
        <k>3152.1878453038676</k>
    </moments>
    <section id="3797" first-pos="1040">
        <run start="3149" length="1" level="200"/>
        <run start="3148" length="3" level="200"/>
        <run start="3147" length="5" level="200"/>
        <run start="3147" length="6" level="161"/>
        <run start="3146" length="7" level="132"/>
        <run start="3145" length="9" level="113"/>
        <run start="3142" length="13" level="110"/>
        <run start="3139" length="17" level="82"/>
    </section>
    <section id="3815" first-pos="1048">
        <run start="3127" length="30" level="87"/>
        <run start="3128" length="30" level="48"/>
        <run start="3128" length="31" level="48"/>
    </section>
    <section id="3813" first-pos="1045">
        <run start="3124" length="6" level="65"/>
        <run start="3125" length="6" level="75"/>
        <run start="3126" length="7" level="125"/>
    </section>
    <section id="3801" first-pos="1041">
        <run start="3122" length="2" level="164"/>
        <run start="3121" length="4" level="107"/>
        <run start="3121" length="5" level="57"/>
        <run start="3122" length="5" level="54"/>
    </section>
    <section id="3809" first-pos="1044">
        <run start="3128" length="1" level="167"/>
    </section>
    <section id="3824" first-pos="1051">
        <run start="3128" length="41" level="55"/>
    </section>
    <section id="3816" first-pos="1049">
        <run start="3161" length="8" level="54"/>
        <run start="3160" length="9" level="72"/>
    </section>
    <section id="3798" first-pos="1040">
        <run start="3165" length="5" level="182"/>
        <run start="3163" length="9" level="149"/>
        <run start="3162" length="11" level="99"/>
        <run start="3162" length="13" level="74"/>
        <run start="3162" length="14" level="57"/>
        <run start="3161" length="16" level="60"/>
        <run start="3161" length="18" level="55"/>
        <run start="3161" length="19" level="56"/>
        <run start="3161" length="20" level="92"/>
    </section>
    <section id="3817" first-pos="1049">
        <run start="3170" length="1" level="185"/>
    </section>
    <section id="3818" first-pos="1049">
        <run start="3177" length="4" level="102"/>
        <run start="3178" length="4" level="132"/>
        <run start="3180" length="1" level="106"/>
    </section>
    <section id="3830" first-pos="1052">
        <run start="3129" length="21" level="48"/>
        <run start="3130" length="19" level="34"/>
        <run start="3132" length="16" level="22"/>
        <run start="3133" length="12" level="40"/>
        <run start="3134" length="9" level="60"/>
        <run start="3135" length="5" level="63"/>
        <run start="3136" length="2" level="152"/>
    </section>
    <section id="3831" first-pos="1052">
        <run start="3151" length="18" level="38"/>
        <run start="3155" length="14" level="59"/>
        <run start="3158" length="11" level="68"/>
        <run start="3160" length="9" level="75"/>
        <run start="3162" length="7" level="72"/>
        <run start="3163" length="6" level="85"/>
        <run start="3164" length="5" level="102"/>
        <run start="3165" length="4" level="126"/>
        <run start="3166" length="3" level="163"/>
        <run start="3168" length="1" level="200"/>
    </section>
</stick>
