<?xml version="1.0" encoding="UTF-8"?>
<stick id="1220" interline="19" shape="SIXTEENTH_REST">
    <is-within-system>true</is-within-system>
    <has-ledger>false</has-ledger>
    <stem-number>0</stem-number>
    <step-line>0.6153846153846154</step-line>
    <moments>
        <k>1.5096952908587258</k>
        <k>1.3157894736842106</k>
        <k>3.1052631578947367</k>
        <k>0.0705108287150326</k>
        <k>-0.003578187052181837</k>
        <k>0.4204127258926256</k>
        <k>-0.005623983931491027</k>
        <k>-0.01166802506376094</k>
        <k>0.01777785096218759</k>
        <k>0.10997058185288465</k>
        <k>0.49092355460765824</k>
        <k>0.12248255133880048</k>
        <k>0.02449364233272614</k>
        <k>0.009811109155078745</k>
        <k>1.520685985473057E-4</k>
        <k>0.003312452906208001</k>
        <k>-2.617052757672809E-6</k>
        <k>1900.737614678899</k>
        <k>2653.176146788991</k>
    </moments>
    <section id="6807" first-pos="1887">
        <run start="2658" length="2" level="163"/>
    </section>
    <section id="6810" first-pos="1888">
        <run start="2655" length="7" level="88"/>
        <run start="2654" length="9" level="45"/>
        <run start="2654" length="10" level="31"/>
        <run start="2654" length="10" level="14"/>
        <run start="2653" length="12" level="27"/>
        <run start="2653" length="13" level="36"/>
        <run start="2653" length="12" level="25"/>
        <run start="2653" length="12" level="40"/>
        <run start="2654" length="10" level="39"/>
        <run start="2655" length="9" level="43"/>
        <run start="2656" length="7" level="82"/>
        <run start="2659" length="4" level="60"/>
        <run start="2659" length="4" level="66"/>
        <run start="2658" length="4" level="68"/>
        <run start="2657" length="4" level="68"/>
        <run start="2655" length="5" level="69"/>
    </section>
    <section id="6885" first-pos="1904">
        <run start="2653" length="34" level="45"/>
    </section>
    <section id="6876" first-pos="1903">
        <run start="2664" length="3" level="196"/>
    </section>
    <section id="6866" first-pos="1902">
        <run start="2671" length="16" level="51"/>
        <run start="2668" length="19" level="28"/>
    </section>
    <section id="6850" first-pos="1897">
        <run start="2686" length="1" level="200"/>
        <run start="2684" length="3" level="195"/>
        <run start="2684" length="3" level="153"/>
        <run start="2683" length="4" level="164"/>
        <run start="2679" length="8" level="82"/>
    </section>
    <section id="6891" first-pos="1905">
        <run start="2645" length="35" level="64"/>
    </section>
    <section id="6884" first-pos="1904">
        <run start="2647" length="1" level="200"/>
    </section>
    <section id="6897" first-pos="1906">
        <run start="2644" length="29" level="85"/>
    </section>
    <section id="6907" first-pos="1907">
        <run start="2634" length="33" level="64"/>
        <run start="2631" length="30" level="85"/>
    </section>
    <section id="6828" first-pos="1891">
        <run start="2634" length="7" level="95"/>
        <run start="2633" length="9" level="45"/>
        <run start="2632" length="11" level="37"/>
        <run start="2632" length="11" level="24"/>
        <run start="2632" length="12" level="28"/>
        <run start="2632" length="12" level="22"/>
        <run start="2632" length="12" level="22"/>
        <run start="2632" length="12" level="35"/>
        <run start="2633" length="11" level="31"/>
        <run start="2633" length="11" level="67"/>
        <run start="2635" length="8" level="98"/>
        <run start="2638" length="4" level="52"/>
        <run start="2638" length="3" level="61"/>
        <run start="2637" length="3" level="91"/>
        <run start="2636" length="4" level="88"/>
        <run start="2635" length="7" level="93"/>
    </section>
    <section id="6823" first-pos="1890">
        <run start="2636" length="2" level="221"/>
    </section>
    <section id="6909" first-pos="1909">
        <run start="2628" length="25" level="84"/>
    </section>
    <section id="6910" first-pos="1910">
        <run start="2628" length="19" level="127"/>
    </section>
    <section id="6914" first-pos="1911">
        <run start="2631" length="7" level="187"/>
    </section>
    <section id="6892" first-pos="1905">
        <run start="2684" length="2" level="211"/>
    </section>
</stick>
