<?xml version="1.0" encoding="UTF-8"?>
<stick id="1225" interline="19" shape="SIXTEENTH_REST">
    <is-within-system>true</is-within-system>
    <has-ledger>false</has-ledger>
    <stem-number>0</stem-number>
    <step-line>0.6753246753246753</step-line>
    <moments>
        <k>1.3379501385041552</k>
        <k>1.263157894736842</k>
        <k>2.8947368421052633</k>
        <k>0.07941421913641931</k>
        <k>0.010384519642583287</k>
        <k>0.42112633166051366</k>
        <k>-0.0068689210881844485</k>
        <k>-0.009518502765817954</k>
        <k>0.02145522736134834</k>
        <k>0.09100029770159312</k>
        <k>0.5005405507969329</k>
        <k>0.1171985208385081</k>
        <k>0.019367959437186767</k>
        <k>0.006852043236650258</k>
        <k>7.89340572206373E-5</k>
        <k>0.002245389376748144</k>
        <k>-4.684930958699315E-7</k>
        <k>2057.927536231884</k>
        <k>2653.616977225673</k>
    </moments>
    <section id="7332" first-pos="2045">
        <run start="2657" length="5" level="79"/>
        <run start="2656" length="7" level="22"/>
        <run start="2655" length="9" level="18"/>
        <run start="2655" length="10" level="6"/>
        <run start="2655" length="11" level="19"/>
        <run start="2655" length="12" level="34"/>
        <run start="2655" length="11" level="19"/>
        <run start="2655" length="11" level="21"/>
        <run start="2655" length="10" level="37"/>
        <run start="2656" length="8" level="27"/>
        <run start="2657" length="7" level="31"/>
        <run start="2658" length="6" level="136"/>
        <run start="2661" length="2" level="5"/>
        <run start="2659" length="4" level="121"/>
        <run start="2658" length="4" level="96"/>
        <run start="2657" length="4" level="59"/>
        <run start="2655" length="6" level="35"/>
    </section>
    <section id="7370" first-pos="2062">
        <run start="2652" length="35" level="51"/>
    </section>
    <section id="7367" first-pos="2060">
        <run start="2665" length="2" level="200"/>
        <run start="2663" length="4" level="162"/>
    </section>
    <section id="7368" first-pos="2060">
        <run start="2670" length="17" level="50"/>
        <run start="2668" length="19" level="27"/>
    </section>
    <section id="7366" first-pos="2059">
        <run start="2678" length="9" level="87"/>
    </section>
    <section id="7372" first-pos="2063">
        <run start="2649" length="26" level="37"/>
    </section>
    <section id="7373" first-pos="2064">
        <run start="2635" length="39" level="82"/>
    </section>
    <section id="7336" first-pos="2048">
        <run start="2635" length="6" level="73"/>
        <run start="2634" length="9" level="38"/>
        <run start="2633" length="10" level="28"/>
        <run start="2633" length="11" level="18"/>
        <run start="2633" length="11" level="14"/>
        <run start="2633" length="12" level="29"/>
        <run start="2633" length="12" level="29"/>
        <run start="2633" length="12" level="38"/>
        <run start="2634" length="10" level="19"/>
        <run start="2635" length="9" level="21"/>
        <run start="2636" length="8" level="100"/>
        <run start="2639" length="4" level="49"/>
        <run start="2639" length="4" level="93"/>
        <run start="2638" length="3" level="78"/>
        <run start="2637" length="3" level="64"/>
        <run start="2636" length="4" level="32"/>
    </section>
    <section id="7371" first-pos="2063">
        <run start="2645" length="3" level="190"/>
    </section>
    <section id="7379" first-pos="2065">
        <run start="2633" length="30" level="92"/>
    </section>
    <section id="7392" first-pos="2066">
        <run start="2632" length="22" level="80"/>
    </section>
    <section id="7403" first-pos="2067">
        <run start="2632" length="16" level="131"/>
    </section>
    <section id="7409" first-pos="2068">
        <run start="2632" length="5" level="181"/>
    </section>
    <section id="7380" first-pos="2065">
        <run start="2664" length="1" level="226"/>
    </section>
</stick>
