<?xml version="1.0" encoding="UTF-8"?>
<stick id="820" interline="19" shape="SIXTEENTH_REST">
    <is-within-system>true</is-within-system>
    <has-ledger>false</has-ledger>
    <stem-number>0</stem-number>
    <step-line>-5.454545454545454</step-line>
    <moments>
        <k>1.4542936288088644</k>
        <k>1.3157894736842106</k>
        <k>3.1052631578947367</k>
        <k>0.06906105172227622</k>
        <k>-0.005016719576719623</k>
        <k>0.46432111262282655</k>
        <k>-0.005228574876070672</k>
        <k>-0.013621549487151363</k>
        <k>0.019095259182839646</k>
        <k>0.12611413283088194</k>
        <k>0.5333821643451028</k>
        <k>0.15633118564435253</k>
        <k>0.031789957660939575</k>
        <k>0.012846866241009764</k>
        <k>2.5960932198847587E-4</k>
        <k>0.004894545717407485</k>
        <k>2.5222083199233103E-6</k>
        <k>883.3904761904762</k>
        <k>913.6133333333333</k>
    </moments>
    <section id="3262" first-pos="870">
        <run start="915" length="5" level="169"/>
        <run start="914" length="7" level="65"/>
        <run start="913" length="9" level="36"/>
        <run start="913" length="10" level="26"/>
        <run start="912" length="11" level="27"/>
        <run start="912" length="12" level="24"/>
        <run start="912" length="12" level="31"/>
        <run start="913" length="11" level="24"/>
        <run start="913" length="11" level="40"/>
        <run start="913" length="10" level="46"/>
        <run start="914" length="9" level="47"/>
        <run start="915" length="8" level="105"/>
    </section>
    <section id="3291" first-pos="882">
        <run start="919" length="3" level="70"/>
        <run start="918" length="4" level="112"/>
        <run start="917" length="4" level="97"/>
        <run start="916" length="4" level="76"/>
        <run start="914" length="6" level="84"/>
    </section>
    <section id="3308" first-pos="887">
        <run start="911" length="32" level="89"/>
        <run start="908" length="28" level="74"/>
        <run start="905" length="24" level="66"/>
    </section>
    <section id="3306" first-pos="886">
        <run start="922" length="25" level="91"/>
    </section>
    <section id="3301" first-pos="885">
        <run start="926" length="3" level="190"/>
    </section>
    <section id="3295" first-pos="884">
        <run start="933" length="16" level="88"/>
        <run start="931" length="18" level="58"/>
    </section>
    <section id="3293" first-pos="883">
        <run start="938" length="11" level="127"/>
    </section>
    <section id="3288" first-pos="881">
        <run start="947" length="2" level="200"/>
        <run start="943" length="6" level="189"/>
    </section>
    <section id="3322" first-pos="890">
        <run start="893" length="30" level="73"/>
    </section>
    <section id="3276" first-pos="874">
        <run start="894" length="5" level="177"/>
        <run start="893" length="7" level="52"/>
        <run start="892" length="9" level="37"/>
        <run start="891" length="11" level="38"/>
        <run start="891" length="12" level="30"/>
        <run start="891" length="12" level="22"/>
        <run start="891" length="12" level="25"/>
        <run start="891" length="12" level="36"/>
        <run start="892" length="11" level="35"/>
        <run start="893" length="9" level="40"/>
        <run start="894" length="8" level="91"/>
        <run start="898" length="4" level="65"/>
        <run start="897" length="5" level="103"/>
        <run start="897" length="4" level="85"/>
        <run start="896" length="4" level="115"/>
        <run start="894" length="6" level="116"/>
    </section>
    <section id="3329" first-pos="891">
        <run start="892" length="24" level="54"/>
    </section>
    <section id="3334" first-pos="892">
        <run start="890" length="19" level="69"/>
    </section>
    <section id="3339" first-pos="893">
        <run start="890" length="13" level="66"/>
    </section>
    <section id="3345" first-pos="894">
        <run start="890" length="7" level="117"/>
    </section>
</stick>
