<?xml version="1.0" encoding="UTF-8"?>
<stick id="1106" interline="19" shape="THIRTY_SECOND_REST">
    <is-within-system>true</is-within-system>
    <has-ledger>false</has-ledger>
    <stem-number>0</stem-number>
    <step-line>-0.36363636363636365</step-line>
    <moments>
        <k>2.5734072022160666</k>
        <k>1.4736842105263157</k>
        <k>3.9473684210526314</k>
        <k>0.05354095680761155</k>
        <k>-0.01229354350199203</k>
        <k>0.41690360005186095</k>
        <k>-0.0015105626281001546</k>
        <k>-0.006411035532645471</k>
        <k>0.015894831545907567</k>
        <k>0.04700656424852342</k>
        <k>0.4704445568594725</k>
        <k>0.13263693535278911</k>
        <k>0.006807847653234931</k>
        <k>0.0018549041440214715</k>
        <k>6.114504763826911E-6</k>
        <k>4.949235643941485E-4</k>
        <k>2.461966083929677E-6</k>
        <k>380.3853606027987</k>
        <k>2173.4241119483318</k>
    </moments>
    <section id="1535" first-pos="366">
        <run start="2185" length="6" level="145"/>
        <run start="2184" length="8" level="65"/>
        <run start="2184" length="11" level="59"/>
        <run start="2183" length="12" level="49"/>
        <run start="2182" length="13" level="52"/>
        <run start="2182" length="13" level="47"/>
        <run start="2182" length="13" level="46"/>
        <run start="2182" length="13" level="46"/>
        <run start="2182" length="13" level="48"/>
        <run start="2183" length="12" level="43"/>
        <run start="2183" length="12" level="63"/>
        <run start="2185" length="10" level="69"/>
        <run start="2187" length="8" level="93"/>
        <run start="2188" length="7" level="113"/>
        <run start="2188" length="4" level="54"/>
        <run start="2187" length="5" level="91"/>
        <run start="2186" length="5" level="66"/>
    </section>
    <section id="1587" first-pos="383">
        <run start="2184" length="11" level="105"/>
    </section>
    <section id="1588" first-pos="384">
        <run start="2181" length="35" level="49"/>
        <run start="2177" length="39" level="72"/>
    </section>
    <section id="1586" first-pos="382">
        <run start="2199" length="17" level="67"/>
        <run start="2197" length="19" level="33"/>
    </section>
    <section id="1584" first-pos="381">
        <run start="2205" length="11" level="118"/>
    </section>
    <section id="1580" first-pos="378">
        <run start="2213" length="3" level="209"/>
        <run start="2213" length="3" level="207"/>
        <run start="2213" length="3" level="157"/>
    </section>
    <section id="1593" first-pos="386">
        <run start="2163" length="44" level="78"/>
        <run start="2157" length="44" level="81"/>
    </section>
    <section id="1552" first-pos="370">
        <run start="2163" length="14" level="70"/>
        <run start="2162" length="15" level="63"/>
        <run start="2162" length="15" level="57"/>
        <run start="2162" length="15" level="56"/>
        <run start="2162" length="15" level="56"/>
        <run start="2162" length="15" level="57"/>
        <run start="2162" length="15" level="59"/>
        <run start="2163" length="14" level="55"/>
        <run start="2164" length="13" level="57"/>
        <run start="2165" length="12" level="99"/>
        <run start="2169" length="8" level="121"/>
        <run start="2169" length="4" level="38"/>
        <run start="2168" length="5" level="72"/>
        <run start="2167" length="5" level="85"/>
        <run start="2166" length="6" level="85"/>
        <run start="2164" length="7" level="68"/>
    </section>
    <section id="1539" first-pos="367">
        <run start="2166" length="4" level="143"/>
        <run start="2165" length="7" level="65"/>
        <run start="2164" length="9" level="37"/>
    </section>
    <section id="1598" first-pos="388">
        <run start="2155" length="36" level="73"/>
    </section>
    <section id="1600" first-pos="389">
        <run start="2144" length="41" level="83"/>
    </section>
    <section id="1551" first-pos="370">
        <run start="2146" length="3" level="215"/>
        <run start="2144" length="7" level="142"/>
        <run start="2143" length="9" level="54"/>
        <run start="2142" length="11" level="40"/>
        <run start="2142" length="11" level="17"/>
        <run start="2141" length="13" level="35"/>
        <run start="2141" length="13" level="25"/>
        <run start="2141" length="13" level="21"/>
        <run start="2141" length="13" level="23"/>
        <run start="2142" length="12" level="15"/>
        <run start="2143" length="11" level="11"/>
        <run start="2144" length="10" level="19"/>
        <run start="2145" length="9" level="67"/>
        <run start="2148" length="5" level="53"/>
        <run start="2148" length="5" level="70"/>
        <run start="2148" length="4" level="62"/>
        <run start="2147" length="4" level="63"/>
        <run start="2146" length="5" level="82"/>
        <run start="2145" length="5" level="38"/>
    </section>
    <section id="1602" first-pos="390">
        <run start="2143" length="34" level="65"/>
    </section>
    <section id="1610" first-pos="391">
        <run start="2141" length="26" level="66"/>
    </section>
    <section id="1612" first-pos="392">
        <run start="2141" length="21" level="84"/>
    </section>
    <section id="1617" first-pos="393">
        <run start="2141" length="10" level="98"/>
    </section>
    <section id="1618" first-pos="393">
        <run start="2157" length="2" level="200"/>
    </section>
    <section id="1594" first-pos="386">
        <run start="2208" length="1" level="198"/>
    </section>
    <section id="1595" first-pos="386">
        <run start="2213" length="3" level="209"/>
    </section>
</stick>
