<?xml version="1.0" encoding="UTF-8"?>
<stick id="1096" interline="19" shape="TIME_FOUR">
    <is-within-system>true</is-within-system>
    <has-ledger>false</has-ledger>
    <stem-number>0</stem-number>
    <step-line>-2.0259740259740258</step-line>
    <moments>
        <k>1.7202216066481995</k>
        <k>1.736842105263158</k>
        <k>1.894736842105263</k>
        <k>0.08281735633903581</k>
        <k>0.02382306279273768</k>
        <k>0.1680745512101167</k>
        <k>-0.0012333379314309549</k>
        <k>0.011286474450969265</k>
        <k>0.007445241321408337</k>
        <k>-0.026224881881926232</k>
        <k>0.25089190754915247</k>
        <k>0.00953894256059235</k>
        <k>0.004165624414193965</k>
        <k>2.617437602996828E-4</k>
        <k>1.8875826781127515E-7</k>
        <k>6.893038824583327E-6</k>
        <k>-1.9765713193214992E-7</k>
        <k>172.64734299516908</k>
        <k>2156.818035426731</k>
    </moments>
    <section id="854" first-pos="157">
        <run start="2161" length="4" level="175"/>
    </section>
    <section id="856" first-pos="158">
        <run start="2156" length="9" level="126"/>
        <run start="2156" length="9" level="85"/>
        <run start="2155" length="10" level="86"/>
        <run start="2154" length="11" level="93"/>
        <run start="2152" length="13" level="93"/>
        <run start="2150" length="15" level="85"/>
        <run start="2147" length="18" level="88"/>
    </section>
    <section id="875" first-pos="165">
        <run start="2144" length="13" level="73"/>
    </section>
    <section id="881" first-pos="166">
        <run start="2138" length="18" level="67"/>
        <run start="2137" length="18" level="30"/>
        <run start="2137" length="17" level="33"/>
        <run start="2137" length="16" level="35"/>
        <run start="2137" length="15" level="41"/>
        <run start="2137" length="14" level="53"/>
        <run start="2137" length="12" level="45"/>
        <run start="2137" length="11" level="52"/>
        <run start="2137" length="10" level="68"/>
        <run start="2137" length="8" level="66"/>
        <run start="2137" length="7" level="72"/>
        <run start="2137" length="7" level="102"/>
        <run start="2137" length="6" level="120"/>
        <run start="2137" length="4" level="128"/>
        <run start="2137" length="3" level="165"/>
        <run start="2137" length="1" level="200"/>
    </section>
    <section id="876" first-pos="165">
        <run start="2160" length="5" level="50"/>
        <run start="2161" length="5" level="69"/>
        <run start="2161" length="5" level="82"/>
        <run start="2161" length="5" level="91"/>
        <run start="2161" length="4" level="51"/>
        <run start="2161" length="4" level="28"/>
    </section>
    <section id="893" first-pos="171">
        <run start="2155" length="18" level="112"/>
        <run start="2154" length="19" level="67"/>
        <run start="2153" length="20" level="57"/>
        <run start="2153" length="20" level="57"/>
        <run start="2152" length="21" level="57"/>
        <run start="2151" length="22" level="54"/>
        <run start="2151" length="22" level="43"/>
        <run start="2150" length="23" level="43"/>
        <run start="2149" length="24" level="41"/>
        <run start="2148" length="25" level="40"/>
    </section>
    <section id="877" first-pos="165">
        <run start="2170" length="3" level="139"/>
        <run start="2169" length="4" level="59"/>
        <run start="2169" length="4" level="56"/>
        <run start="2169" length="4" level="62"/>
        <run start="2169" length="4" level="64"/>
        <run start="2169" length="4" level="66"/>
    </section>
    <section id="915" first-pos="181">
        <run start="2148" length="7" level="98"/>
    </section>
    <section id="916" first-pos="181">
        <run start="2156" length="17" level="50"/>
    </section>
    <section id="921" first-pos="182">
        <run start="2161" length="12" level="11"/>
        <run start="2162" length="11" level="10"/>
        <run start="2162" length="11" level="41"/>
    </section>
    <section id="933" first-pos="185">
        <run start="2162" length="5" level="69"/>
        <run start="2163" length="3" level="7"/>
        <run start="2163" length="3" level="7"/>
        <run start="2163" length="3" level="53"/>
        <run start="2163" length="3" level="175"/>
    </section>
    <section id="934" first-pos="185">
        <run start="2169" length="4" level="34"/>
        <run start="2170" length="3" level="7"/>
        <run start="2170" length="3" level="41"/>
        <run start="2171" length="2" level="130"/>
    </section>
</stick>
