<?xml version="1.0" encoding="UTF-8"?>
<stick id="1294" interline="19" shape="TIME_EIGHT">
    <is-within-system>true</is-within-system>
    <has-ledger>false</has-ledger>
    <stem-number>0</stem-number>
    <step-line>2.1538461538461537</step-line>
    <moments>
        <k>1.626038781163435</k>
        <k>1.631578947368421</k>
        <k>1.8421052631578947</k>
        <k>0.13333072747232735</k>
        <k>0.015572920040745326</k>
        <k>0.13376556940356235</k>
        <k>-0.004997526337271298</k>
        <k>0.008490898053436124</k>
        <k>0.0024175061934859506</k>
        <k>0.0013209534709888312</k>
        <k>0.2670962968758897</k>
        <k>9.702524418869498E-4</k>
        <k>7.333701788105148E-4</k>
        <k>1.0292893427969847E-4</k>
        <k>-2.6999547919273887E-8</k>
        <k>-1.5379310790850873E-6</k>
        <k>8.410719868142044E-9</k>
        <k>179.8671209540034</k>
        <k>3170.2044293015333</k>
    </moments>
    <section id="870" first-pos="164">
        <run start="3166" length="1" level="200"/>
        <run start="3166" length="2" level="200"/>
    </section>
    <section id="884" first-pos="166">
        <run start="3161" length="8" level="191"/>
        <run start="3159" length="11" level="120"/>
        <run start="3158" length="13" level="93"/>
        <run start="3157" length="14" level="72"/>
    </section>
    <section id="891" first-pos="170">
        <run start="3156" length="23" level="79"/>
        <run start="3156" length="19" level="52"/>
        <run start="3155" length="19" level="57"/>
        <run start="3155" length="19" level="74"/>
    </section>
    <section id="885" first-pos="166">
        <run start="3176" length="10" level="84"/>
        <run start="3175" length="12" level="47"/>
        <run start="3174" length="13" level="43"/>
        <run start="3173" length="14" level="69"/>
    </section>
    <section id="878" first-pos="165">
        <run start="3178" length="5" level="166"/>
    </section>
    <section id="892" first-pos="170">
        <run start="3182" length="5" level="153"/>
        <run start="3184" length="3" level="205"/>
        <run start="3185" length="2" level="200"/>
    </section>
    <section id="898" first-pos="174">
        <run start="3154" length="4" level="77"/>
        <run start="3154" length="4" level="118"/>
        <run start="3154" length="3" level="84"/>
        <run start="3154" length="3" level="66"/>
        <run start="3154" length="3" level="41"/>
        <run start="3154" length="3" level="75"/>
        <run start="3154" length="2" level="11"/>
        <run start="3154" length="3" level="74"/>
        <run start="3154" length="3" level="43"/>
        <run start="3154" length="3" level="20"/>
        <run start="3154" length="3" level="38"/>
        <run start="3154" length="4" level="96"/>
        <run start="3155" length="4" level="52"/>
        <run start="3155" length="5" level="53"/>
    </section>
    <section id="945" first-pos="188">
        <run start="3156" length="33" level="73"/>
    </section>
    <section id="944" first-pos="187">
        <run start="3166" length="23" level="79"/>
    </section>
    <section id="899" first-pos="174">
        <run start="3162" length="12" level="89"/>
        <run start="3163" length="11" level="99"/>
        <run start="3164" length="11" level="99"/>
        <run start="3166" length="10" level="84"/>
        <run start="3166" length="10" level="71"/>
        <run start="3166" length="10" level="63"/>
        <run start="3166" length="11" level="71"/>
        <run start="3166" length="11" level="57"/>
        <run start="3166" length="12" level="62"/>
        <run start="3166" length="13" level="65"/>
        <run start="3166" length="13" level="56"/>
        <run start="3166" length="14" level="57"/>
        <run start="3166" length="15" level="53"/>
    </section>
    <section id="935" first-pos="185">
        <run start="3188" length="1" level="200"/>
        <run start="3185" length="4" level="187"/>
    </section>
    <section id="949" first-pos="189">
        <run start="3156" length="12" level="55"/>
        <run start="3157" length="11" level="43"/>
        <run start="3158" length="10" level="47"/>
        <run start="3159" length="9" level="57"/>
        <run start="3160" length="8" level="119"/>
    </section>
    <section id="950" first-pos="189">
        <run start="3169" length="20" level="41"/>
        <run start="3171" length="18" level="47"/>
        <run start="3172" length="15" level="28"/>
        <run start="3173" length="13" level="33"/>
        <run start="3174" length="10" level="43"/>
        <run start="3176" length="7" level="96"/>
    </section>
</stick>
