<?xml version="1.0" encoding="UTF-8"?>
<stick id="631" interline="19" shape="TIME_TWO">
    <is-within-system>true</is-within-system>
    <has-ledger>false</has-ledger>
    <stem-number>0</stem-number>
    <step-line>2.3157894736842106</step-line>
    <moments>
        <k>1.5734072022160666</k>
        <k>1.7894736842105263</k>
        <k>1.9473684210526316</k>
        <k>0.12127302924993943</k>
        <k>-0.005716865104034284</k>
        <k>0.19631205016749978</k>
        <k>-0.004842392713333454</k>
        <k>0.0038227870875270605</k>
        <k>-0.011868656720156693</k>
        <k>0.006964456229949095</k>
        <k>0.3175850794174392</k>
        <k>0.0057615848467369585</k>
        <k>9.666828578889419E-4</k>
        <k>3.9562379155898525E-4</k>
        <k>7.095107125839712E-8</k>
        <k>-8.10121870911939E-6</k>
        <k>-2.3414779181472115E-7</k>
        <k>286.8151408450704</k>
        <k>186.34859154929578</k>
    </moments>
    <section id="1273" first-pos="270">
        <run start="202" length="3" level="196"/>
        <run start="202" length="3" level="192"/>
        <run start="202" length="3" level="192"/>
        <run start="202" length="4" level="152"/>
        <run start="198" length="8" level="134"/>
        <run start="196" length="9" level="114"/>
        <run start="195" length="8" level="104"/>
        <run start="193" length="6" level="79"/>
        <run start="193" length="6" level="54"/>
        <run start="192" length="6" level="36"/>
        <run start="191" length="8" level="62"/>
    </section>
    <section id="1300" first-pos="281">
        <run start="190" length="4" level="110"/>
        <run start="189" length="4" level="102"/>
        <run start="189" length="4" level="68"/>
        <run start="188" length="4" level="59"/>
        <run start="188" length="4" level="61"/>
        <run start="187" length="4" level="67"/>
        <run start="186" length="5" level="57"/>
        <run start="185" length="6" level="75"/>
        <run start="185" length="5" level="33"/>
        <run start="184" length="6" level="69"/>
    </section>
    <section id="1321" first-pos="291">
        <run start="170" length="19" level="63"/>
        <run start="170" length="19" level="62"/>
        <run start="171" length="17" level="61"/>
        <run start="171" length="17" level="73"/>
        <run start="172" length="15" level="70"/>
        <run start="173" length="14" level="75"/>
        <run start="174" length="12" level="86"/>
        <run start="175" length="11" level="98"/>
        <run start="176" length="9" level="125"/>
        <run start="178" length="7" level="209"/>
    </section>
    <section id="1294" first-pos="280">
        <run start="170" length="4" level="63"/>
        <run start="170" length="3" level="77"/>
        <run start="169" length="4" level="117"/>
        <run start="169" length="4" level="74"/>
        <run start="169" length="4" level="65"/>
        <run start="169" length="4" level="65"/>
        <run start="169" length="4" level="60"/>
        <run start="169" length="5" level="59"/>
        <run start="169" length="5" level="45"/>
        <run start="169" length="6" level="67"/>
        <run start="170" length="7" level="44"/>
    </section>
    <section id="1276" first-pos="271">
        <run start="180" length="3" level="206"/>
        <run start="180" length="3" level="179"/>
        <run start="176" length="7" level="92"/>
        <run start="174" length="9" level="63"/>
        <run start="173" length="10" level="53"/>
        <run start="172" length="11" level="49"/>
        <run start="171" length="12" level="52"/>
        <run start="171" length="12" level="47"/>
        <run start="170" length="13" level="70"/>
    </section>
    <section id="1295" first-pos="280">
        <run start="175" length="8" level="85"/>
        <run start="176" length="7" level="88"/>
        <run start="177" length="6" level="135"/>
        <run start="179" length="4" level="212"/>
    </section>
    <section id="1319" first-pos="290">
        <run start="180" length="3" level="179"/>
    </section>
    <section id="1357" first-pos="301">
        <run start="182" length="2" level="200"/>
        <run start="182" length="1" level="200"/>
        <run start="182" length="1" level="200"/>
    </section>
    <section id="1301" first-pos="281">
        <run start="195" length="8" level="108"/>
        <run start="195" length="8" level="88"/>
        <run start="195" length="8" level="87"/>
        <run start="195" length="8" level="88"/>
        <run start="195" length="8" level="88"/>
        <run start="195" length="8" level="88"/>
        <run start="195" length="8" level="114"/>
        <run start="196" length="7" level="100"/>
        <run start="196" length="7" level="101"/>
        <run start="197" length="6" level="117"/>
        <run start="197" length="6" level="116"/>
        <run start="197" length="6" level="118"/>
        <run start="197" length="6" level="118"/>
        <run start="197" length="6" level="119"/>
        <run start="196" length="7" level="126"/>
        <run start="196" length="7" level="101"/>
        <run start="194" length="9" level="103"/>
        <run start="192" length="11" level="68"/>
        <run start="188" length="11" level="31"/>
        <run start="188" length="9" level="28"/>
    </section>
    <section id="1358" first-pos="301">
        <run start="189" length="2" level="216"/>
    </section>
</stick>
