<?xml version="1.0" encoding="UTF-8"?>
<stick id="1295" interline="19" shape="TIME_TWO">
    <is-within-system>true</is-within-system>
    <has-ledger>false</has-ledger>
    <stem-number>0</stem-number>
    <step-line>-1.7435897435897436</step-line>
    <moments>
        <k>1.4847645429362881</k>
        <k>1.5789473684210527</k>
        <k>1.7894736842105263</k>
        <k>0.12061425337391922</k>
        <k>0.009341982412231524</k>
        <k>0.19948072044059603</k>
        <k>-0.0038950701608739657</k>
        <k>0.0014697261664297241</k>
        <k>-0.004700554871312984</k>
        <k>0.002984540806952731</k>
        <k>0.32009497381451524</k>
        <k>0.006569010169140991</k>
        <k>1.0620416288376263E-4</k>
        <k>9.372526396412461E-5</k>
        <k>2.0532550152133938E-11</k>
        <k>-5.692994788875687E-6</k>
        <k>-9.350928396082043E-9</k>
        <k>194.4962686567164</k>
        <k>3132.207089552239</k>
    </moments>
    <section id="913" first-pos="180">
        <run start="3127" length="3" level="207"/>
    </section>
    <section id="917" first-pos="181">
        <run start="3121" length="9" level="73"/>
        <run start="3119" length="11" level="57"/>
        <run start="3118" length="12" level="53"/>
        <run start="3117" length="13" level="49"/>
        <run start="3117" length="13" level="32"/>
        <run start="3116" length="14" level="56"/>
    </section>
    <section id="942" first-pos="187">
        <run start="3116" length="4" level="50"/>
        <run start="3116" length="3" level="9"/>
        <run start="3116" length="3" level="65"/>
        <run start="3115" length="3" level="67"/>
        <run start="3115" length="4" level="87"/>
        <run start="3115" length="3" level="54"/>
        <run start="3115" length="4" level="91"/>
        <run start="3115" length="4" level="56"/>
        <run start="3115" length="4" level="56"/>
        <run start="3115" length="5" level="47"/>
        <run start="3116" length="5" level="1"/>
        <run start="3116" length="8" level="19"/>
    </section>
    <section id="988" first-pos="199">
        <run start="3116" length="19" level="48"/>
        <run start="3117" length="17" level="37"/>
        <run start="3117" length="17" level="45"/>
        <run start="3118" length="16" level="52"/>
        <run start="3118" length="15" level="46"/>
        <run start="3119" length="13" level="51"/>
        <run start="3120" length="11" level="58"/>
        <run start="3121" length="9" level="75"/>
    </section>
    <section id="947" first-pos="189">
        <run start="3136" length="3" level="38"/>
        <run start="3135" length="4" level="108"/>
        <run start="3135" length="3" level="17"/>
        <run start="3134" length="3" level="64"/>
        <run start="3133" length="4" level="62"/>
        <run start="3132" length="5" level="87"/>
        <run start="3131" length="5" level="46"/>
        <run start="3130" length="6" level="45"/>
        <run start="3130" length="5" level="41"/>
        <run start="3127" length="8" level="93"/>
    </section>
    <section id="914" first-pos="180">
        <run start="3146" length="3" level="207"/>
        <run start="3144" length="5" level="194"/>
        <run start="3142" length="7" level="125"/>
        <run start="3141" length="8" level="75"/>
        <run start="3140" length="9" level="78"/>
        <run start="3139" length="6" level="35"/>
        <run start="3138" length="6" level="30"/>
        <run start="3137" length="7" level="55"/>
        <run start="3136" length="8" level="55"/>
    </section>
    <section id="948" first-pos="189">
        <run start="3141" length="4" level="48"/>
        <run start="3141" length="8" level="96"/>
        <run start="3141" length="8" level="51"/>
        <run start="3141" length="8" level="51"/>
        <run start="3141" length="8" level="52"/>
        <run start="3141" length="8" level="63"/>
        <run start="3142" length="7" level="58"/>
        <run start="3142" length="7" level="58"/>
        <run start="3142" length="7" level="65"/>
        <run start="3142" length="7" level="87"/>
        <run start="3143" length="6" level="67"/>
        <run start="3143" length="6" level="67"/>
        <run start="3143" length="6" level="68"/>
        <run start="3142" length="7" level="85"/>
        <run start="3142" length="7" level="58"/>
        <run start="3141" length="8" level="78"/>
        <run start="3140" length="9" level="70"/>
    </section>
    <section id="1054" first-pos="206">
        <run start="3135" length="14" level="113"/>
        <run start="3134" length="11" level="32"/>
        <run start="3134" length="8" level="60"/>
    </section>
    <section id="1069" first-pos="209">
        <run start="3135" length="1" level="226"/>
    </section>
    <section id="1058" first-pos="207">
        <run start="3124" length="3" level="166"/>
    </section>
    <section id="1059" first-pos="207">
        <run start="3129" length="1" level="200"/>
    </section>
    <section id="943" first-pos="187">
        <run start="3122" length="8" level="51"/>
        <run start="3122" length="8" level="53"/>
        <run start="3122" length="8" level="77"/>
        <run start="3124" length="6" level="84"/>
    </section>
</stick>
