<?xml version="1.0" encoding="UTF-8"?>
<stick id="632" interline="19" shape="TIME_TWO">
    <is-within-system>true</is-within-system>
    <has-ledger>false</has-ledger>
    <stem-number>0</stem-number>
    <step-line>-1.7894736842105263</step-line>
    <moments>
        <k>1.7894736842105263</k>
        <k>1.631578947368421</k>
        <k>1.894736842105263</k>
        <k>0.10399441312516171</k>
        <k>0.003833283177440546</k>
        <k>0.17615284563446587</k>
        <k>-0.0037436733669110656</k>
        <k>0.0011066113822204785</k>
        <k>-0.006101349395728414</k>
        <k>1.5381582917582386E-4</k>
        <k>0.2801472587596276</k>
        <k>0.005265615621873598</k>
        <k>2.220281868935287E-4</k>
        <k>9.851314995211775E-5</k>
        <k>-1.205665471289168E-8</k>
        <k>-7.0695494740632525E-6</k>
        <k>-8.179737676641912E-9</k>
        <k>286.3034055727554</k>
        <k>147.27708978328172</k>
    </moments>
    <section id="1275" first-pos="271">
        <run start="161" length="4" level="180"/>
        <run start="160" length="5" level="148"/>
        <run start="158" length="7" level="114"/>
        <run start="156" length="9" level="89"/>
        <run start="155" length="10" level="80"/>
        <run start="154" length="11" level="116"/>
        <run start="152" length="7" level="64"/>
        <run start="152" length="7" level="41"/>
        <run start="151" length="9" level="52"/>
        <run start="150" length="10" level="85"/>
    </section>
    <section id="1298" first-pos="281">
        <run start="150" length="4" level="91"/>
        <run start="149" length="4" level="75"/>
        <run start="148" length="5" level="89"/>
        <run start="148" length="4" level="65"/>
        <run start="147" length="5" level="66"/>
        <run start="146" length="5" level="69"/>
        <run start="146" length="5" level="72"/>
        <run start="143" length="8" level="123"/>
        <run start="140" length="10" level="130"/>
    </section>
    <section id="1318" first-pos="290">
        <run start="130" length="20" level="67"/>
        <run start="130" length="20" level="71"/>
        <run start="131" length="18" level="59"/>
        <run start="131" length="18" level="76"/>
        <run start="132" length="16" level="68"/>
        <run start="132" length="15" level="72"/>
        <run start="133" length="14" level="77"/>
        <run start="134" length="12" level="74"/>
        <run start="135" length="11" level="117"/>
        <run start="138" length="7" level="191"/>
    </section>
    <section id="1290" first-pos="279">
        <run start="130" length="4" level="73"/>
        <run start="130" length="3" level="69"/>
        <run start="129" length="4" level="91"/>
        <run start="129" length="4" level="67"/>
        <run start="129" length="4" level="65"/>
        <run start="129" length="4" level="65"/>
        <run start="129" length="4" level="61"/>
        <run start="129" length="5" level="88"/>
        <run start="129" length="6" level="91"/>
        <run start="130" length="6" level="57"/>
        <run start="130" length="8" level="52"/>
    </section>
    <section id="1278" first-pos="272">
        <run start="135" length="10" level="131"/>
        <run start="134" length="11" level="60"/>
        <run start="133" length="12" level="48"/>
        <run start="132" length="13" level="44"/>
        <run start="131" length="14" level="42"/>
        <run start="131" length="14" level="46"/>
        <run start="130" length="15" level="76"/>
    </section>
    <section id="1291" first-pos="279">
        <run start="136" length="9" level="55"/>
        <run start="136" length="9" level="74"/>
        <run start="137" length="8" level="140"/>
    </section>
    <section id="1303" first-pos="282">
        <run start="139" length="3" level="205"/>
    </section>
    <section id="1355" first-pos="300">
        <run start="144" length="1" level="200"/>
    </section>
    <section id="1299" first-pos="281">
        <run start="155" length="6" level="53"/>
        <run start="155" length="10" level="79"/>
        <run start="155" length="10" level="70"/>
        <run start="155" length="10" level="75"/>
        <run start="155" length="10" level="91"/>
        <run start="156" length="9" level="78"/>
        <run start="156" length="9" level="78"/>
        <run start="156" length="9" level="78"/>
        <run start="156" length="9" level="91"/>
        <run start="157" length="8" level="86"/>
        <run start="157" length="8" level="88"/>
        <run start="157" length="8" level="89"/>
        <run start="157" length="8" level="88"/>
        <run start="156" length="9" level="85"/>
        <run start="155" length="10" level="90"/>
        <run start="153" length="12" level="85"/>
        <run start="150" length="15" level="78"/>
        <run start="148" length="13" level="54"/>
        <run start="148" length="11" level="65"/>
        <run start="148" length="8" level="143"/>
    </section>
    <section id="1356" first-pos="301">
        <run start="149" length="3" level="210"/>
    </section>
</stick>
