<?xml version="1.0" encoding="UTF-8"?>
<stick id="1097" interline="19" shape="TIME_FOUR">
    <is-within-system>true</is-within-system>
    <has-ledger>false</has-ledger>
    <stem-number>0</stem-number>
    <step-line>2.2337662337662336</step-line>
    <moments>
        <k>1.518005540166205</k>
        <k>1.6842105263157894</k>
        <k>1.8421052631578947</k>
        <k>0.08353294452375852</k>
        <k>0.016804479976105964</k>
        <k>0.1540170923634375</k>
        <k>-0.002711541143946305</k>
        <k>0.01115692655555378</k>
        <k>0.007669406663363042</k>
        <k>-0.015622482090768554</k>
        <k>0.237550036887196</k>
        <k>0.006097577285755108</k>
        <k>0.003071654462775367</k>
        <k>4.4521616746708706E-5</k>
        <k>-7.3004948181521085E-9</k>
        <k>-1.8151726392105205E-6</k>
        <k>-1.4757204167358182E-8</k>
        <k>173.6021897810219</k>
        <k>2198.456204379562</k>
    </moments>
    <section id="857" first-pos="159">
        <run start="2204" length="4" level="129"/>
        <run start="2203" length="6" level="71"/>
        <run start="2201" length="8" level="56"/>
        <run start="2199" length="10" level="40"/>
        <run start="2197" length="12" level="24"/>
    </section>
    <section id="869" first-pos="164">
        <run start="2193" length="16" level="53"/>
        <run start="2191" length="18" level="94"/>
    </section>
    <section id="860" first-pos="160">
        <run start="2195" length="1" level="200"/>
        <run start="2195" length="1" level="200"/>
        <run start="2193" length="3" level="205"/>
        <run start="2193" length="3" level="203"/>
    </section>
    <section id="882" first-pos="166">
        <run start="2189" length="13" level="97"/>
        <run start="2187" length="14" level="91"/>
        <run start="2182" length="17" level="76"/>
        <run start="2181" length="18" level="58"/>
        <run start="2180" length="18" level="58"/>
        <run start="2180" length="17" level="51"/>
        <run start="2181" length="15" level="35"/>
        <run start="2181" length="13" level="28"/>
        <run start="2181" length="12" level="38"/>
        <run start="2181" length="11" level="52"/>
        <run start="2181" length="9" level="45"/>
        <run start="2181" length="8" level="51"/>
        <run start="2181" length="7" level="58"/>
        <run start="2182" length="5" level="35"/>
        <run start="2182" length="4" level="67"/>
        <run start="2182" length="3" level="139"/>
        <run start="2182" length="1" level="177"/>
    </section>
    <section id="883" first-pos="166">
        <run start="2205" length="4" level="64"/>
        <run start="2205" length="4" level="65"/>
        <run start="2205" length="4" level="65"/>
        <run start="2205" length="4" level="64"/>
        <run start="2205" length="4" level="59"/>
        <run start="2205" length="4" level="29"/>
        <run start="2204" length="5" level="52"/>
    </section>
    <section id="896" first-pos="173">
        <run start="2198" length="17" level="87"/>
        <run start="2195" length="20" level="48"/>
        <run start="2194" length="21" level="48"/>
        <run start="2194" length="21" level="48"/>
        <run start="2194" length="21" level="48"/>
        <run start="2194" length="21" level="48"/>
        <run start="2194" length="21" level="48"/>
        <run start="2193" length="22" level="50"/>
        <run start="2192" length="23" level="48"/>
        <run start="2192" length="23" level="96"/>
    </section>
    <section id="926" first-pos="183">
        <run start="2192" length="8" level="174"/>
    </section>
    <section id="929" first-pos="184">
        <run start="2194" length="3" level="200"/>
    </section>
    <section id="927" first-pos="183">
        <run start="2206" length="4" level="30"/>
        <run start="2206" length="4" level="49"/>
        <run start="2206" length="4" level="60"/>
        <run start="2207" length="3" level="43"/>
        <run start="2207" length="3" level="28"/>
        <run start="2207" length="3" level="8"/>
        <run start="2207" length="3" level="28"/>
        <run start="2207" length="3" level="182"/>
    </section>
    <section id="928" first-pos="183">
        <run start="2211" length="4" level="195"/>
    </section>
</stick>
