<?xml version="1.0" encoding="UTF-8"?>
<stick id="1091" interline="19" shape="TIME_FOUR">
    <is-within-system>true</is-within-system>
    <has-ledger>false</has-ledger>
    <stem-number>0</stem-number>
    <step-line>-1.922077922077922</step-line>
    <moments>
        <k>1.6537396121883656</k>
        <k>1.736842105263158</k>
        <k>1.894736842105263</k>
        <k>0.08608331347326212</k>
        <k>0.023893760886469398</k>
        <k>0.16217265078829968</k>
        <k>-0.0017555750660197547</k>
        <k>0.010903855148168119</k>
        <k>0.008248651444014184</k>
        <k>-0.0248417915956418</k>
        <k>0.2482559642615618</k>
        <k>0.008073234490240666</k>
        <k>0.004014719967026902</k>
        <k>2.3642611326428456E-4</k>
        <k>1.4740729712080485E-7</k>
        <k>2.924097491991601E-6</k>
        <k>-1.769970448268489E-7</k>
        <k>2181.710217755444</k>
        <k>1919.4505862646565</k>
    </moments>
    <section id="7872" first-pos="2166">
        <run start="1919" length="3" level="209"/>
    </section>
    <section id="7877" first-pos="2167">
        <run start="1919" length="8" level="123"/>
        <run start="1919" length="8" level="67"/>
        <run start="1919" length="8" level="67"/>
        <run start="1916" length="11" level="105"/>
        <run start="1914" length="13" level="99"/>
        <run start="1912" length="15" level="98"/>
    </section>
    <section id="7873" first-pos="2166">
        <run start="1923" length="3" level="201"/>
    </section>
    <section id="7906" first-pos="2173">
        <run start="1910" length="12" level="108"/>
        <run start="1907" length="12" level="61"/>
        <run start="1904" length="14" level="44"/>
        <run start="1901" length="16" level="34"/>
        <run start="1900" length="16" level="38"/>
        <run start="1900" length="15" level="46"/>
        <run start="1900" length="14" level="52"/>
        <run start="1900" length="12" level="47"/>
        <run start="1900" length="11" level="52"/>
        <run start="1900" length="10" level="60"/>
        <run start="1900" length="9" level="76"/>
        <run start="1900" length="8" level="70"/>
        <run start="1900" length="7" level="80"/>
        <run start="1900" length="6" level="92"/>
        <run start="1900" length="5" level="110"/>
        <run start="1900" length="4" level="143"/>
        <run start="1900" length="2" level="200"/>
        <run start="1900" length="1" level="200"/>
    </section>
    <section id="7907" first-pos="2173">
        <run start="1923" length="4" level="65"/>
        <run start="1923" length="4" level="65"/>
        <run start="1923" length="4" level="63"/>
        <run start="1923" length="5" level="90"/>
        <run start="1923" length="5" level="77"/>
        <run start="1923" length="5" level="52"/>
    </section>
    <section id="7938" first-pos="2179">
        <run start="1923" length="12" level="86"/>
    </section>
    <section id="7912" first-pos="2174">
        <run start="1931" length="3" level="202"/>
        <run start="1931" length="3" level="83"/>
        <run start="1931" length="4" level="99"/>
        <run start="1931" length="4" level="65"/>
        <run start="1931" length="4" level="65"/>
    </section>
    <section id="7944" first-pos="2180">
        <run start="1917" length="18" level="82"/>
        <run start="1916" length="19" level="55"/>
        <run start="1916" length="19" level="44"/>
        <run start="1915" length="20" level="44"/>
        <run start="1915" length="20" level="42"/>
        <run start="1914" length="21" level="41"/>
        <run start="1913" length="22" level="44"/>
        <run start="1912" length="23" level="45"/>
        <run start="1912" length="23" level="37"/>
        <run start="1911" length="24" level="35"/>
    </section>
    <section id="7934" first-pos="2178">
        <run start="1919" length="1" level="200"/>
        <run start="1918" length="2" level="200"/>
    </section>
    <section id="7980" first-pos="2190">
        <run start="1910" length="8" level="72"/>
    </section>
    <section id="7981" first-pos="2190">
        <run start="1919" length="17" level="68"/>
    </section>
    <section id="7984" first-pos="2191">
        <run start="1919" length="3" level="208"/>
    </section>
    <section id="7985" first-pos="2191">
        <run start="1923" length="6" level="67"/>
        <run start="1924" length="4" level="65"/>
        <run start="1924" length="4" level="65"/>
        <run start="1924" length="4" level="65"/>
        <run start="1924" length="4" level="65"/>
        <run start="1924" length="4" level="65"/>
        <run start="1924" length="4" level="112"/>
        <run start="1926" length="1" level="218"/>
    </section>
    <section id="7986" first-pos="2191">
        <run start="1932" length="4" level="92"/>
        <run start="1932" length="4" level="89"/>
        <run start="1932" length="4" level="65"/>
        <run start="1932" length="4" level="65"/>
        <run start="1932" length="4" level="76"/>
        <run start="1932" length="4" level="129"/>
        <run start="1933" length="2" level="168"/>
    </section>
</stick>
