<?xml version="1.0" encoding="UTF-8"?>
<stick id="1285" interline="19" shape="TIME_ONE">
    <is-within-system>true</is-within-system>
    <has-ledger>false</has-ledger>
    <stem-number>0</stem-number>
    <step-line>-1.8461538461538463</step-line>
    <moments>
        <k>1.2742382271468145</k>
        <k>1.1578947368421053</k>
        <k>1.894736842105263</k>
        <k>0.04286943165940633</k>
        <k>0.009983356620366557</k>
        <k>0.21824443165940696</k>
        <k>-0.005151141558440098</k>
        <k>-0.0027951594702850108</k>
        <k>0.00620186483152147</k>
        <k>0.019424966436987892</k>
        <k>0.2611138633188133</k>
        <k>0.031155060262637892</k>
        <k>0.0013378033505270373</k>
        <k>2.776544991463945E-4</k>
        <k>1.4704993979005288E-7</k>
        <k>4.90041927319746E-5</k>
        <k>-8.37372335736875E-8</k>
        <k>2165.563043478261</k>
        <k>2856.086956521739</k>
    </moments>
    <section id="7789" first-pos="2152">
        <run start="2856" length="1" level="200"/>
        <run start="2855" length="2" level="200"/>
        <run start="2853" length="4" level="182"/>
        <run start="2851" length="6" level="138"/>
        <run start="2849" length="8" level="109"/>
        <run start="2848" length="7" level="64"/>
        <run start="2846" length="8" level="95"/>
        <run start="2844" length="8" level="77"/>
        <run start="2843" length="8" level="67"/>
        <run start="2841" length="9" level="47"/>
    </section>
    <section id="7852" first-pos="2162">
        <run start="2840" length="35" level="72"/>
        <run start="2840" length="35" level="44"/>
        <run start="2840" length="35" level="44"/>
        <run start="2840" length="35" level="44"/>
        <run start="2840" length="35" level="44"/>
        <run start="2839" length="36" level="46"/>
        <run start="2839" length="36" level="47"/>
        <run start="2839" length="36" level="47"/>
        <run start="2839" length="36" level="48"/>
        <run start="2840" length="35" level="65"/>
    </section>
    <section id="7840" first-pos="2160">
        <run start="2856" length="1" level="200"/>
        <run start="2853" length="4" level="187"/>
    </section>
    <section id="7841" first-pos="2160">
        <run start="2872" length="3" level="200"/>
        <run start="2870" length="5" level="196"/>
    </section>
    <section id="7904" first-pos="2172">
        <run start="2840" length="20" level="192"/>
    </section>
    <section id="7911" first-pos="2173">
        <run start="2856" length="1" level="200"/>
    </section>
    <section id="7905" first-pos="2172">
        <run start="2864" length="11" level="210"/>
    </section>
</stick>
