<?xml version="1.0" encoding="UTF-8"?>
<stick id="1287" interline="19" shape="TIME_TWO">
    <is-within-system>true</is-within-system>
    <has-ledger>false</has-ledger>
    <stem-number>0</stem-number>
    <step-line>-1.641025641025641</step-line>
    <moments>
        <k>1.7728531855955678</k>
        <k>1.5789473684210527</k>
        <k>1.8421052631578947</k>
        <k>0.1053965911865237</k>
        <k>0.011183486938476499</k>
        <k>0.16302354431152377</k>
        <k>-0.0022375528994629844</k>
        <k>9.932876444557503E-4</k>
        <k>-0.0034314736383571783</k>
        <k>9.123066334079281E-4</k>
        <k>0.26842013549804744</k>
        <k>0.003821147246883254</k>
        <k>6.918791127443756E-5</k>
        <k>3.5769151438336056E-5</k>
        <k>-6.047557187382152E-10</k>
        <k>-2.126001685231043E-6</k>
        <k>-1.6734993879054158E-9</k>
        <k>2192.365625</k>
        <k>2857.834375</k>
    </moments>
    <section id="7935" first-pos="2178">
        <run start="2846" length="11" level="138"/>
        <run start="2845" length="12" level="76"/>
        <run start="2844" length="13" level="63"/>
        <run start="2843" length="14" level="58"/>
        <run start="2842" length="15" level="55"/>
        <run start="2842" length="15" level="66"/>
    </section>
    <section id="7962" first-pos="2184">
        <run start="2841" length="5" level="87"/>
        <run start="2841" length="4" level="62"/>
        <run start="2841" length="4" level="89"/>
        <run start="2841" length="3" level="74"/>
        <run start="2840" length="4" level="97"/>
        <run start="2840" length="4" level="72"/>
        <run start="2840" length="4" level="64"/>
        <run start="2840" length="5" level="92"/>
        <run start="2841" length="4" level="54"/>
        <run start="2841" length="5" level="62"/>
        <run start="2841" length="6" level="55"/>
        <run start="2841" length="9" level="63"/>
    </section>
    <section id="7990" first-pos="2196">
        <run start="2841" length="20" level="68"/>
        <run start="2841" length="20" level="67"/>
        <run start="2842" length="18" level="59"/>
        <run start="2842" length="18" level="65"/>
        <run start="2843" length="17" level="73"/>
        <run start="2844" length="15" level="76"/>
        <run start="2844" length="14" level="81"/>
        <run start="2845" length="13" level="89"/>
        <run start="2847" length="10" level="106"/>
    </section>
    <section id="7970" first-pos="2187">
        <run start="2861" length="4" level="101"/>
        <run start="2860" length="4" level="74"/>
        <run start="2859" length="5" level="63"/>
        <run start="2858" length="6" level="105"/>
        <run start="2858" length="5" level="33"/>
        <run start="2857" length="6" level="84"/>
        <run start="2857" length="5" level="60"/>
        <run start="2856" length="6" level="83"/>
        <run start="2853" length="9" level="143"/>
    </section>
    <section id="7936" first-pos="2178">
        <run start="2871" length="4" level="203"/>
        <run start="2869" length="6" level="140"/>
        <run start="2867" length="8" level="104"/>
        <run start="2866" length="9" level="88"/>
        <run start="2865" length="10" level="110"/>
        <run start="2864" length="6" level="44"/>
        <run start="2863" length="7" level="43"/>
        <run start="2862" length="8" level="37"/>
        <run start="2861" length="10" level="79"/>
    </section>
    <section id="7971" first-pos="2187">
        <run start="2866" length="6" level="50"/>
        <run start="2866" length="9" level="68"/>
        <run start="2866" length="9" level="62"/>
        <run start="2866" length="9" level="63"/>
        <run start="2866" length="9" level="63"/>
        <run start="2866" length="9" level="76"/>
        <run start="2867" length="8" level="69"/>
        <run start="2867" length="8" level="71"/>
        <run start="2867" length="8" level="71"/>
        <run start="2867" length="8" level="88"/>
        <run start="2868" length="7" level="80"/>
        <run start="2868" length="7" level="81"/>
        <run start="2867" length="8" level="93"/>
        <run start="2867" length="8" level="75"/>
        <run start="2867" length="8" level="72"/>
        <run start="2866" length="9" level="69"/>
        <run start="2863" length="12" level="61"/>
        <run start="2859" length="16" level="69"/>
        <run start="2859" length="12" level="40"/>
        <run start="2859" length="11" level="96"/>
    </section>
    <section id="8057" first-pos="2207">
        <run start="2860" length="6" level="207"/>
    </section>
    <section id="8035" first-pos="2205">
        <run start="2848" length="5" level="199"/>
    </section>
    <section id="8036" first-pos="2205">
        <run start="2856" length="1" level="200"/>
    </section>
    <section id="7963" first-pos="2184">
        <run start="2847" length="10" level="73"/>
        <run start="2847" length="10" level="76"/>
        <run start="2847" length="10" level="92"/>
        <run start="2848" length="9" level="110"/>
        <run start="2849" length="8" level="202"/>
    </section>
</stick>
