<?xml version="1.0" encoding="UTF-8"?>
<glyph id="3254" interline="19" shape="WHOLE_NOTE">
    <is-within-system>true</is-within-system>
    <has-ledger>false</has-ledger>
    <stem-number>0</stem-number>
    <step-line>-0.987012987012987</step-line>
    <moments>
        <k>1.3767313019390581</k>
        <k>2.0526315789473686</k>
        <k>1.0526315789473684</k>
        <k>0.27453157829772495</k>
        <k>1.2090729951899722E-4</k>
        <k>0.06165965995439051</k>
        <k>-0.0019658923757222765</k>
        <k>2.886174277566797E-5</k>
        <k>5.320737523168983E-4</k>
        <k>-4.318178887224709E-4</k>
        <k>0.33619123825211544</k>
        <k>0.04531451209347155</k>
        <k>1.2957395323841245E-5</k>
        <k>2.2182095003803952E-6</k>
        <k>6.7576586074849894E-12</k>
        <k>4.033443530600641E-7</k>
        <k>-9.785642092068344E-12</k>
        <k>1347.317907444668</k>
        <k>694.6780684104627</k>
    </moments>
    <section id="4701" first-pos="1328">
        <run start="692" length="4" level="185"/>
        <run start="690" length="8" level="103"/>
        <run start="689" length="11" level="64"/>
        <run start="688" length="13" level="39"/>
        <run start="686" length="16" level="49"/>
        <run start="685" length="18" level="54"/>
        <run start="685" length="19" level="52"/>
        <run start="685" length="20" level="51"/>
        <run start="685" length="20" level="51"/>
        <run start="685" length="20" level="51"/>
        <run start="685" length="20" level="51"/>
        <run start="688" length="17" level="43"/>
        <run start="691" length="14" level="61"/>
        <run start="694" length="11" level="59"/>
        <run start="695" length="10" level="87"/>
        <run start="697" length="8" level="107"/>
        <run start="699" length="6" level="130"/>
        <run start="701" length="4" level="157"/>
        <run start="702" length="3" level="177"/>
        <run start="702" length="3" level="191"/>
        <run start="703" length="2" level="200"/>
    </section>
    <section id="4771" first-pos="1346">
        <run start="685" length="1" level="200"/>
        <run start="685" length="2" level="200"/>
        <run start="685" length="3" level="200"/>
        <run start="685" length="4" level="203"/>
        <run start="685" length="5" level="179"/>
        <run start="685" length="6" level="147"/>
        <run start="685" length="8" level="125"/>
        <run start="685" length="10" level="101"/>
        <run start="685" length="12" level="80"/>
    </section>
    <section id="4790" first-pos="1355">
        <run start="685" length="20" level="108"/>
        <run start="685" length="20" level="70"/>
        <run start="685" length="20" level="61"/>
        <run start="685" length="20" level="62"/>
        <run start="685" length="20" level="65"/>
        <run start="686" length="19" level="58"/>
        <run start="687" length="18" level="53"/>
        <run start="688" length="17" level="53"/>
        <run start="689" length="15" level="47"/>
        <run start="690" length="13" level="48"/>
        <run start="691" length="10" level="51"/>
        <run start="692" length="7" level="109"/>
    </section>
</glyph>
