<?xml version="1.0" encoding="UTF-8" standalone="yes"?>
<samples sheet-name="IMSLP17151#11">
    <sample shape="G_CLEF" interline="21" pitch="-0.1" left="704" top="1545" id="264">
        <run-table orientation="VERTICAL" width="58" height="162">
            <runs>0 87 8 1 4</runs>
            <runs>0 85 20</runs>
            <runs>0 84 27</runs>
            <runs>0 80 31</runs>
            <runs>0 78 34</runs>
            <runs>0 77 37</runs>
            <runs>0 75 41</runs>
            <runs>0 73 28 1 16</runs>
            <runs>0 71 25 11 12</runs>
            <runs>0 70 22 15 13</runs>
            <runs>0 65 26 21 8 24 6</runs>
            <runs>0 65 25 24 7 21 10</runs>
            <runs>0 65 25 25 7 18 14</runs>
            <runs>0 65 21 30 7 16 16</runs>
            <runs>0 64 21 32 7 14 19</runs>
            <runs>0 63 20 35 6 13 21</runs>
            <runs>0 62 20 14 15 8 6 11 23</runs>
            <runs>0 61 20 10 20 9 5 11 23</runs>
            <runs>0 60 20 7 24 10 5 10 24</runs>
            <runs>0 28 9 21 20 9 25 9 10 4 25</runs>
            <runs>0 23 26 8 20 10 27 8 9 4 26</runs>
            <runs>0 19 33 4 20 10 29 7 10 3 26</runs>
            <runs>0 15 60 11 30 6 10 3 26</runs>
            <runs>0 12 62 11 19 1 12 6 9 3 26</runs>
            <runs>0 10 63 11 17 6 11 5 9 4 19 1 6</runs>
            <runs>0 9 29 13 22 11 15 8 11 6 8 4 19 2 5</runs>
            <runs>0 7 24 20 24 8 15 15 6 5 8 4 19 2 5</runs>
            <runs>0 6 23 16 51 18 6 4 8 5 17 3 5</runs>
            <runs>0 5 22 18 50 20 4 5 8 6 15 4 5</runs>
            <runs>0 3 22 20 50 21 3 5 7 8 13 5 5</runs>
            <runs>0 2 20 22 25 5 21 29 8 9 9 7 5</runs>
            <runs>0 1 20 23 25 9 18 28 8 24 6</runs>
            <runs>19 24 26 12 19 24 8 23 7</runs>
            <runs>18 23 23 17 25 18 7 25 6</runs>
            <runs>0 1 16 22 24 18 29 14 7 24 6</runs>
            <runs>0 1 15 21 25 19 13 4 18 8 7 23 7</runs>
            <runs>0 2 13 19 25 22 13 7 17 5 8 22 7</runs>
            <runs>0 3 13 17 25 23 13 12 26 20 7</runs>
            <runs>0 4 16 9 27 22 16 13 25 19 8</runs>
            <runs>0 1 21 2 29 28 14 21 18 16 8</runs>
            <runs>0 1 4 5 42 29 14 25 24 1 12</runs>
            <runs>0 2 2 7 39 31 14 26 36</runs>
            <runs>0 14 35 32 15 25 35</runs>
            <runs>0 15 33 34 14 23 7 1 27</runs>
            <runs>0 20 23 39 15 21 6 3 25</runs>
            <runs>0 23 12 2 1 44 15 20 7 12 15</runs>
            <runs>0 83 15 19 6 22 1</runs>
            <runs>0 84 16 14 8</runs>
            <runs>0 85 18 10 9</runs>
            <runs>0 86 35</runs>
            <runs>0 86 34</runs>
            <runs>0 86 33</runs>
            <runs>0 85 33</runs>
            <runs>0 86 30</runs>
            <runs>0 92 23</runs>
            <runs>0 93 20</runs>
            <runs>0 94 17</runs>
            <runs>0 98 13</runs>
        </run-table>
    </sample>
    <sample shape="G_CLEF" interline="21" pitch="-0.2" left="563" top="2042" id="354">
        <run-table orientation="VERTICAL" width="57" height="161">
            <runs>0 88 12</runs>
            <runs>0 85 27</runs>
            <runs>0 83 29</runs>
            <runs>0 81 31</runs>
            <runs>0 79 34</runs>
            <runs>0 77 37</runs>
            <runs>0 74 42</runs>
            <runs>0 73 44</runs>
            <runs>0 72 24 9 13</runs>
            <runs>0 67 26 15 11 27 3</runs>
            <runs>0 67 25 16 11 23 9</runs>
            <runs>0 67 24 17 12 20 13</runs>
            <runs>0 66 25 23 7 17 17</runs>
            <runs>0 66 20 29 7 15 18</runs>
            <runs>0 64 21 31 7 13 20</runs>
            <runs>0 63 21 33 6 12 22</runs>
            <runs>0 63 20 11 13 11 6 11 23</runs>
            <runs>0 61 21 11 19 7 6 10 24</runs>
            <runs>0 60 20 8 24 7 7 9 24</runs>
            <runs>0 60 19 9 25 7 6 8 26</runs>
            <runs>0 59 19 10 25 8 5 8 26</runs>
            <runs>0 26 11 20 20 9 28 7 5 8 26</runs>
            <runs>0 22 29 6 19 10 29 7 4 9 25</runs>
            <runs>0 18 57 10 18 3 10 6 4 9 26</runs>
            <runs>0 16 58 11 15 8 9 6 4 8 26</runs>
            <runs>0 14 59 10 15 11 9 5 4 8 19 2 5</runs>
            <runs>0 12 24 9 27 10 14 12 10 5 4 8 19 1 6</runs>
            <runs>0 10 21 15 28 8 14 17 5 5 4 10 15 4 5</runs>
            <runs>0 8 21 17 31 5 13 19 4 5 4 11 14 4 5</runs>
            <runs>0 7 20 19 48 21 4 4 4 13 12 4 5</runs>
            <runs>0 5 20 21 48 29 4 14 6 2 2 5 5</runs>
            <runs>0 4 19 23 25 5 18 29 4 29 5</runs>
            <runs>0 3 18 24 20 14 19 25 4 29 5</runs>
            <runs>0 2 18 23 21 17 20 22 4 28 5</runs>
            <runs>0 1 18 23 21 18 26 16 4 27 6</runs>
            <runs>0 1 17 22 22 19 13 3 15 11 5 25 7</runs>
            <runs>16 23 21 21 12 8 14 8 10 19 7</runs>
            <runs>15 23 21 22 12 13 12 5 5 24 6</runs>
            <runs>0 1 14 20 22 24 12 15 20 22 8</runs>
            <runs>0 2 14 15 24 26 13 20 19 15 9</runs>
            <runs>0 3 16 11 24 27 13 25 20 5 13</runs>
            <runs>0 5 18 3 26 29 13 27 35</runs>
            <runs>0 8 43 31 12 27 33</runs>
            <runs>0 10 40 32 13 26 5 2 25</runs>
            <runs>0 13 37 32 14 24 5 3 23</runs>
            <runs>0 16 29 37 15 22 6 10 14</runs>
            <runs>0 21 22 40 15 20 6</runs>
            <runs>0 84 15 17 7</runs>
            <runs>0 85 16 13 9</runs>
            <runs>0 86 17 4 15</runs>
            <runs>0 87 34</runs>
            <runs>0 87 33</runs>
            <runs>0 88 31</runs>
            <runs>0 88 29</runs>
            <runs>0 88 28</runs>
            <runs>0 94 21</runs>
            <runs>0 97 16</runs>
        </run-table>
    </sample>
    <sample shape="G_CLEF" interline="21" pitch="0.0" left="565" top="2581" id="429">
        <run-table orientation="VERTICAL" width="58" height="162">
            <runs>0 86 16</runs>
            <runs>0 86 24</runs>
            <runs>0 84 26</runs>
            <runs>0 82 32</runs>
            <runs>0 80 35</runs>
            <runs>0 78 38</runs>
            <runs>0 77 41</runs>
            <runs>0 75 44</runs>
            <runs>0 74 23 9 14 22 10</runs>
            <runs>0 73 22 12 14 19 14</runs>
            <runs>0 72 20 21 9 17 16</runs>
            <runs>0 71 19 24 8 16 19</runs>
            <runs>0 70 20 26 7 14 20</runs>
            <runs>0 66 23 28 7 13 21</runs>
            <runs>0 65 24 29 7 11 23</runs>
            <runs>0 65 19 18 8 9 6 11 24</runs>
            <runs>0 65 18 13 15 9 11 4 25</runs>
            <runs>0 64 18 12 18 8 11 4 26</runs>
            <runs>0 63 18 10 22 8 10 4 26</runs>
            <runs>0 62 17 7 29 7 9 4 26</runs>
            <runs>0 61 17 8 30 7 8 4 26</runs>
            <runs>0 60 17 9 31 18 27</runs>
            <runs>0 59 18 9 32 18 20 1 5</runs>
            <runs>0 31 2 3 4 18 17 11 32 19 18 2 5</runs>
            <runs>0 24 27 6 17 11 15 11 8 18 17 3 5</runs>
            <runs>0 19 54 11 15 13 7 18 16 4 5</runs>
            <runs>0 16 56 11 15 15 7 18 13 5 5</runs>
            <runs>0 14 59 10 13 18 6 20 10 6 5</runs>
            <runs>0 13 25 12 28 5 13 19 5 23 4 9 5</runs>
            <runs>0 12 20 19 44 61 5</runs>
            <runs>0 8 23 19 45 60 6</runs>
            <runs>0 7 21 21 20 3 23 60 6</runs>
            <runs>0 6 21 17 24 10 18 1 2 56 6</runs>
            <runs>0 4 21 19 24 13 29 44 6</runs>
            <runs>0 4 19 21 24 14 32 39 7</runs>
            <runs>0 3 18 23 24 15 12 5 19 33 7</runs>
            <runs>0 2 19 22 19 20 13 10 18 28 7</runs>
            <runs>0 1 19 21 20 21 13 11 26 17 9</runs>
            <runs>19 20 21 22 13 20 22 9 11</runs>
            <runs>16 22 20 24 13 26 35</runs>
            <runs>15 22 20 25 14 26 33</runs>
            <runs>0 1 14 20 20 28 13 26 31</runs>
            <runs>0 3 13 16 21 30 13 25 5 1 25</runs>
            <runs>0 5 13 9 25 31 13 24 5 9 15</runs>
            <runs>0 8 41 34 14 23 5</runs>
            <runs>0 9 39 35 15 20 6</runs>
            <runs>0 12 36 36 15 17 7</runs>
            <runs>0 14 34 37 16 14 8</runs>
            <runs>0 18 23 45 17 9 10</runs>
            <runs>0 24 11 51 19 1 15</runs>
            <runs>0 86 34</runs>
            <runs>0 86 33</runs>
            <runs>0 85 33</runs>
            <runs>0 91 26</runs>
            <runs>0 92 23</runs>
            <runs>0 93 20</runs>
            <runs>0 96 15</runs>
            <runs>0 97 13</runs>
        </run-table>
    </sample>
    <sample shape="G_CLEF" interline="21" pitch="0.1" left="566" top="3158" id="546">
        <run-table orientation="VERTICAL" width="80" height="162">
            <runs>0 90 11</runs>
            <runs>0 84 24</runs>
            <runs>0 84 25</runs>
            <runs>0 81 29</runs>
            <runs>0 79 33</runs>
            <runs>0 78 36</runs>
            <runs>0 75 41</runs>
            <runs>0 74 43</runs>
            <runs>0 73 25 6 14</runs>
            <runs>0 71 24 9 16 23 6</runs>
            <runs>0 70 23 16 11 21 10</runs>
            <runs>0 68 24 19 10 18 14</runs>
            <runs>0 63 26 24 9 16 17</runs>
            <runs>0 63 26 26 8 15 18</runs>
            <runs>0 63 25 28 8 13 20</runs>
            <runs>0 63 25 10 3 17 6 12 22</runs>
            <runs>0 62 25 7 15 10 11 5 24</runs>
            <runs>0 62 21 9 18 9 11 5 24</runs>
            <runs>0 61 21 8 21 9 10 5 25</runs>
            <runs>0 60 20 9 23 9 9 5 25</runs>
            <runs>0 59 20 5 30 7 9 5 26</runs>
            <runs>0 58 20 6 31 6 8 6 27</runs>
            <runs>0 27 3 1 7 19 20 7 32 6 2 11 27</runs>
            <runs>0 20 29 7 20 7 34 5 2 10 27</runs>
            <runs>0 16 59 8 19 2 13 6 1 11 26</runs>
            <runs>0 15 59 9 17 9 9 5 1 11 20 1 5</runs>
            <runs>0 13 61 9 15 13 8 4 1 12 19 1 6</runs>
            <runs>0 11 26 11 26 8 15 16 6 4 1 13 17 2 5</runs>
            <runs>0 9 24 17 28 3 15 18 5 19 16 2 5</runs>
            <runs>0 8 22 19 46 20 4 21 11 5 5</runs>
            <runs>0 6 21 21 47 61 5</runs>
            <runs>0 5 20 22 21 1 26 61 5</runs>
            <runs>0 3 20 19 25 10 20 58 6</runs>
            <runs>0 2 20 20 25 12 29 47 5</runs>
            <runs>0 2 18 22 25 13 29 46 5</runs>
            <runs>0 1 18 22 26 13 16 1 17 40 6</runs>
            <runs>18 22 22 18 14 8 18 32 7</runs>
            <runs>17 21 22 20 14 10 25 23 7</runs>
            <runs>16 20 22 23 13 10 27 20 7</runs>
            <runs>15 20 22 24 14 20 21 13 8</runs>
            <runs>0 2 13 17 24 25 14 25 36</runs>
            <runs>0 4 14 12 24 27 14 26 34</runs>
            <runs>0 5 47 30 15 24 33</runs>
            <runs>0 7 44 31 16 23 32</runs>
            <runs>0 9 40 33 15 22 10 2 21</runs>
            <runs>0 12 36 35 17 18 11 10 4</runs>
            <runs>0 16 31 36 18 15 8</runs>
            <runs>0 20 27 37 19 12 9</runs>
            <runs>0 26 13 45 20 8 11</runs>
            <runs>0 84 38</runs>
            <runs>0 84 37</runs>
            <runs>0 84 36</runs>
            <runs>0 84 35</runs>
            <runs>0 89 28</runs>
            <runs>0 91 24</runs>
            <runs>0 93 20</runs>
            <runs>0 95 16</runs>
            <runs>0 101 9</runs>
            <runs></runs>
            <runs></runs>
            <runs></runs>
            <runs></runs>
            <runs></runs>
            <runs></runs>
            <runs></runs>
            <runs></runs>
            <runs></runs>
            <runs></runs>
            <runs></runs>
            <runs></runs>
            <runs></runs>
            <runs></runs>
            <runs></runs>
            <runs></runs>
            <runs></runs>
            <runs></runs>
            <runs>0 110 3</runs>
            <runs>0 110 3</runs>
            <runs>0 110 3</runs>
            <runs>0 111 1</runs>
        </run-table>
    </sample>
    <sample shape="G_CLEF" interline="21" pitch="-0.1" left="565" top="3662" id="612">
        <run-table orientation="VERTICAL" width="58" height="160">
            <runs>0 94 2</runs>
            <runs>0 84 24</runs>
            <runs>0 83 25</runs>
            <runs>0 80 30</runs>
            <runs>0 79 34</runs>
            <runs>0 77 37</runs>
            <runs>0 75 40</runs>
            <runs>0 73 43</runs>
            <runs>0 72 26 5 14</runs>
            <runs>0 71 22 11 14 25 7</runs>
            <runs>0 69 22 20 9 20 12</runs>
            <runs>0 68 22 23 7 20 13</runs>
            <runs>0 63 25 26 6 18 16</runs>
            <runs>0 63 25 27 6 16 19</runs>
            <runs>0 63 24 30 5 14 21</runs>
            <runs>0 63 24 31 5 12 22</runs>
            <runs>0 63 20 13 7 16 4 12 23</runs>
            <runs>0 62 20 10 16 11 5 11 23</runs>
            <runs>0 60 20 10 20 10 4 11 24</runs>
            <runs>0 59 20 10 23 9 8 6 24</runs>
            <runs>0 59 18 7 29 8 8 6 25</runs>
            <runs>0 58 18 8 30 7 8 6 25</runs>
            <runs>0 25 16 16 18 9 31 7 2 11 25</runs>
            <runs>0 21 26 3 3 2 19 10 32 7 1 11 25</runs>
            <runs>0 18 55 10 16 10 7 7 1 11 18 3 4</runs>
            <runs>0 15 57 11 14 14 6 6 1 11 18 3 4</runs>
            <runs>0 14 58 10 14 16 5 6 1 12 17 3 4</runs>
            <runs>0 11 26 5 34 6 13 18 5 5 1 12 16 4 4</runs>
            <runs>0 9 22 19 28 3 14 19 4 20 12 6 4</runs>
            <runs>0 8 21 19 45 22 2 24 7 7 5</runs>
            <runs>0 6 21 20 46 62 5</runs>
            <runs>0 4 21 17 25 6 21 61 5</runs>
            <runs>0 3 20 19 24 13 19 57 5</runs>
            <runs>0 2 20 20 24 14 23 51 6</runs>
            <runs>0 1 20 21 24 14 28 15 1 29 6</runs>
            <runs>20 19 27 14 33 10 1 28 7</runs>
            <runs>18 20 22 20 13 9 17 4 1 28 7</runs>
            <runs>17 19 23 21 12 12 17 1 2 27 7</runs>
            <runs>16 19 23 22 12 18 20 20 7</runs>
            <runs>15 18 23 25 12 25 17 12 10</runs>
            <runs>14 17 24 26 12 26 37</runs>
            <runs>0 2 15 9 27 28 13 26 34</runs>
            <runs>0 4 47 30 13 27 32</runs>
            <runs>0 6 44 31 14 25 31</runs>
            <runs>0 8 40 34 14 24 9 4 17</runs>
            <runs>0 12 35 35 15 21 6 12 6</runs>
            <runs>0 15 31 37 15 19 6</runs>
            <runs>0 19 27 37 16 17 7</runs>
            <runs>0 27 3 2 3 49 17 12 9</runs>
            <runs>0 84 24 3 11</runs>
            <runs>0 84 37</runs>
            <runs>0 84 34</runs>
            <runs>0 84 33</runs>
            <runs>0 89 28</runs>
            <runs>0 90 24</runs>
            <runs>0 92 22</runs>
            <runs>0 94 16</runs>
            <runs>0 97 12</runs>
        </run-table>
    </sample>
    <sample shape="G_CLEF" interline="21" pitch="0.2" left="565" top="3865" id="617">
        <run-table orientation="VERTICAL" width="57" height="163">
            <runs>0 92 10</runs>
            <runs>0 84 25</runs>
            <runs>0 84 26</runs>
            <runs>0 83 30</runs>
            <runs>0 80 34</runs>
            <runs>0 78 38</runs>
            <runs>0 77 40</runs>
            <runs>0 75 43</runs>
            <runs>0 73 27 3 16 26 7</runs>
            <runs>0 72 25 13 11 22 11</runs>
            <runs>0 71 23 18 9 19 15</runs>
            <runs>0 70 22 22 8 17 17</runs>
            <runs>0 69 5 1 15 24 9 15 19</runs>
            <runs>0 62 27 27 7 14 21</runs>
            <runs>0 62 26 29 7 12 23</runs>
            <runs>0 63 25 30 11 7 24</runs>
            <runs>0 63 25 7 14 11 9 6 25</runs>
            <runs>0 63 20 9 20 9 8 6 26</runs>
            <runs>0 62 20 9 22 8 8 7 25</runs>
            <runs>0 62 20 8 25 6 9 5 27</runs>
            <runs>0 61 19 9 26 7 2 11 27</runs>
            <runs>0 60 19 6 31 7 1 12 26</runs>
            <runs>0 33 3 23 19 7 32 6 1 12 27</runs>
            <runs>0 28 11 11 1 6 20 7 33 19 27</runs>
            <runs>0 21 33 2 20 7 35 18 19 2 5</runs>
            <runs>0 18 57 9 16 12 7 18 17 3 6</runs>
            <runs>0 15 59 10 14 15 6 19 15 4 5</runs>
            <runs>0 13 63 7 14 17 6 19 13 5 5</runs>
            <runs>0 10 24 13 32 4 14 18 5 21 8 8 5</runs>
            <runs>0 9 23 18 46 20 3 38 5</runs>
            <runs>0 6 24 20 46 60 6</runs>
            <runs>0 4 23 21 48 60 6</runs>
            <runs>0 4 20 23 21 9 22 56 7</runs>
            <runs>0 4 19 19 25 14 23 51 6</runs>
            <runs>0 3 19 20 25 14 32 41 7</runs>
            <runs>0 2 19 21 25 15 14 1 18 38 7</runs>
            <runs>0 1 18 22 26 15 13 7 18 31 9</runs>
            <runs>0 1 17 22 21 21 13 15 20 20 10</runs>
            <runs>18 20 22 22 13 19 21 13 10</runs>
            <runs>17 20 21 24 13 24 38</runs>
            <runs>0 1 15 18 23 25 13 27 35</runs>
            <runs>0 3 13 16 23 28 13 26 34</runs>
            <runs>0 4 17 6 27 28 14 26 31</runs>
            <runs>0 7 45 31 14 24 8 4 19</runs>
            <runs>0 9 41 33 14 24 8 10 7</runs>
            <runs>0 11 37 35 15 22 9</runs>
            <runs>0 12 34 37 16 19 11</runs>
            <runs>0 18 28 38 16 16 8</runs>
            <runs>0 23 17 44 19 12 8</runs>
            <runs>0 37 1 45 25 1 13</runs>
            <runs>0 83 39</runs>
            <runs>0 88 33</runs>
            <runs>0 89 30</runs>
            <runs>0 90 28</runs>
            <runs>0 92 24</runs>
            <runs>0 93 22</runs>
            <runs>0 96 16</runs>
        </run-table>
    </sample>
    <sample shape="F_CLEF" interline="21" pitch="-1.4" left="699" top="1825" id="277">
        <run-table orientation="VERTICAL" width="67" height="67">
            <runs>0 60 3</runs>
            <runs>0 60 3</runs>
            <runs>0 60 3</runs>
            <runs>0 60 3</runs>
            <runs>0 59 8</runs>
            <runs>0 59 8</runs>
            <runs>0 59 8</runs>
            <runs>0 58 9</runs>
            <runs>0 57 5</runs>
            <runs>0 57 5</runs>
            <runs>0 57 5</runs>
            <runs>0 13 12 32 5</runs>
            <runs>0 10 17 29 6</runs>
            <runs>0 8 20 28 6</runs>
            <runs>0 7 22 26 6</runs>
            <runs>0 6 24 25 6</runs>
            <runs>0 5 5 5 16 24 6</runs>
            <runs>9 6 16 23 6</runs>
            <runs>8 7 16 23 6</runs>
            <runs>0 14 17 22 6</runs>
            <runs>0 14 17 22 6</runs>
            <runs>0 14 17 21 7</runs>
            <runs>0 14 17 20 8</runs>
            <runs>0 14 16 21 8</runs>
            <runs>0 15 15 21 7</runs>
            <runs>0 16 13 21 8</runs>
            <runs>0 17 11 21 9</runs>
            <runs>0 18 9 21 9</runs>
            <runs>0 48 9</runs>
            <runs>0 48 9</runs>
            <runs>0 47 9</runs>
            <runs>0 5 1 36 13</runs>
            <runs>0 5 1 36 13</runs>
            <runs>0 5 1 36 13</runs>
            <runs>0 5 2 35 13</runs>
            <runs>8 34 12</runs>
            <runs>9 32 12</runs>
            <runs>11 28 13</runs>
            <runs>12 25 15</runs>
            <runs>14 21 16</runs>
            <runs>16 17 17</runs>
            <runs>50</runs>
            <runs>49</runs>
            <runs>48</runs>
            <runs>47</runs>
            <runs>0 6 40</runs>
            <runs>0 7 40</runs>
            <runs>0 8 39</runs>
            <runs>0 8 38</runs>
            <runs>0 9 31</runs>
            <runs>0 11 26</runs>
            <runs>0 13 22</runs>
            <runs>0 14 19</runs>
            <runs></runs>
            <runs></runs>
            <runs></runs>
            <runs>0 10 6 13 7</runs>
            <runs>0 9 9 10 9</runs>
            <runs>0 9 9 10 10</runs>
            <runs>0 9 10 9 10</runs>
            <runs>0 9 10 8 12</runs>
            <runs>0 9 11 8 11</runs>
            <runs>0 9 10 9 11</runs>
            <runs>0 9 10 9 10</runs>
            <runs>0 10 8 11 8</runs>
            <runs>0 11 7 12 6</runs>
            <runs>0 13 4 15 1</runs>
        </run-table>
    </sample>
    <sample shape="F_CLEF" interline="21" pitch="-1.5" left="557" top="2346" id="369">
        <run-table orientation="VERTICAL" width="66" height="62">
            <runs>0 59 3</runs>
            <runs>0 59 3</runs>
            <runs>0 59 3</runs>
            <runs>0 59 3</runs>
            <runs>0 59 2</runs>
            <runs>0 59 2</runs>
            <runs>0 58 3</runs>
            <runs>0 58 3</runs>
            <runs>0 19 2 37 3</runs>
            <runs>0 13 12 33 3</runs>
            <runs>0 12 14 31 4</runs>
            <runs>0 10 18 29 4</runs>
            <runs>0 8 21 27 4</runs>
            <runs>0 7 23 26 4</runs>
            <runs>0 6 24 26 4</runs>
            <runs>0 1 10 5 15 24 5</runs>
            <runs>0 1 9 6 15 24 4</runs>
            <runs>0 1 8 7 15 23 5</runs>
            <runs>0 6 2 7 16 23 5</runs>
            <runs>0 15 16 22 6</runs>
            <runs>0 15 16 22 5</runs>
            <runs>0 15 16 21 6</runs>
            <runs>0 16 15 20 7</runs>
            <runs>0 16 13 22 7</runs>
            <runs>0 18 10 22 8</runs>
            <runs>0 19 8 23 7</runs>
            <runs>0 49 8</runs>
            <runs>0 48 8</runs>
            <runs>0 47 9</runs>
            <runs>0 44 12</runs>
            <runs>0 44 11</runs>
            <runs>0 43 12</runs>
            <runs>0 43 11</runs>
            <runs>8 34 11</runs>
            <runs>9 32 12</runs>
            <runs>10 30 12</runs>
            <runs>12 26 14</runs>
            <runs>0 1 12 20 18</runs>
            <runs>0 1 14 13 23</runs>
            <runs>0 1 49</runs>
            <runs>0 1 48</runs>
            <runs>0 1 48</runs>
            <runs>0 1 46</runs>
            <runs>0 6 40</runs>
            <runs>0 7 39</runs>
            <runs>0 8 38</runs>
            <runs>0 9 33</runs>
            <runs>0 10 30</runs>
            <runs>0 12 26</runs>
            <runs>0 14 21</runs>
            <runs>0 16 17</runs>
            <runs>0 20 11</runs>
            <runs></runs>
            <runs></runs>
            <runs>0 31 6</runs>
            <runs>0 13 5 12 8</runs>
            <runs>0 12 7 10 9</runs>
            <runs>0 11 9 9 10</runs>
            <runs>0 11 10 8 10</runs>
            <runs>0 11 10 8 10</runs>
            <runs>0 11 10 9 9</runs>
            <runs>0 11 10 9 9</runs>
            <runs>0 11 10 9 9</runs>
            <runs>0 12 8 12 6</runs>
            <runs>0 13 6 14 3</runs>
            <runs>0 14 4</runs>
        </run-table>
    </sample>
    <sample shape="F_CLEF" interline="21" pitch="-1.5" left="559" top="2883" id="470">
        <run-table orientation="VERTICAL" width="64" height="62">
            <runs>0 58 4</runs>
            <runs>0 58 4</runs>
            <runs>0 58 3</runs>
            <runs>0 58 3</runs>
            <runs>0 58 3</runs>
            <runs>0 57 4</runs>
            <runs>0 57 4</runs>
            <runs>0 14 12 31 4</runs>
            <runs>0 11 15 31 4</runs>
            <runs>0 10 17 29 5</runs>
            <runs>0 8 20 28 4</runs>
            <runs>0 7 22 27 4</runs>
            <runs>0 6 23 26 5</runs>
            <runs>0 6 5 4 15 25 5</runs>
            <runs>0 1 9 5 16 23 6</runs>
            <runs>0 6 2 7 16 23 5</runs>
            <runs>0 6 1 7 17 23 5</runs>
            <runs>0 14 17 22 6</runs>
            <runs>0 14 17 22 6</runs>
            <runs>0 14 17 21 6</runs>
            <runs>0 15 16 21 6</runs>
            <runs>0 15 15 21 6</runs>
            <runs>0 16 13 21 7</runs>
            <runs>0 17 11 21 8</runs>
            <runs>0 19 3 27 8</runs>
            <runs>0 48 8</runs>
            <runs>0 48 8</runs>
            <runs>0 43 12</runs>
            <runs>0 43 12</runs>
            <runs>0 43 12</runs>
            <runs>0 42 12</runs>
            <runs>8 34 11</runs>
            <runs>8 32 13</runs>
            <runs>10 30 13</runs>
            <runs>0 1 10 28 13</runs>
            <runs>0 1 12 24 14</runs>
            <runs>0 1 13 21 15</runs>
            <runs>0 1 18 7 2 4 18</runs>
            <runs>0 1 48</runs>
            <runs>0 1 47</runs>
            <runs>0 1 46</runs>
            <runs>0 1 46</runs>
            <runs>47</runs>
            <runs>0 6 40</runs>
            <runs>0 7 39</runs>
            <runs>0 9 32</runs>
            <runs>0 10 30</runs>
            <runs>0 11 27</runs>
            <runs>0 13 23</runs>
            <runs>0 15 18</runs>
            <runs>0 20 11</runs>
            <runs></runs>
            <runs></runs>
            <runs>0 11 7 12 6</runs>
            <runs>0 10 9 10 9</runs>
            <runs>0 10 10 8 11</runs>
            <runs>0 10 11 7 11</runs>
            <runs>0 10 11 7 12</runs>
            <runs>0 10 11 7 12</runs>
            <runs>0 10 11 8 11</runs>
            <runs>0 10 10 9 10</runs>
            <runs>0 10 9 10 9</runs>
            <runs>0 11 7 13 6</runs>
            <runs>0 13 3 19 1</runs>
        </run-table>
    </sample>
    <sample shape="F_CLEF" interline="21" pitch="-1.5" left="560" top="3405" id="559">
        <run-table orientation="VERTICAL" width="66" height="62">
            <runs>0 58 4</runs>
            <runs>0 58 4</runs>
            <runs>0 57 4</runs>
            <runs>0 57 4</runs>
            <runs>0 57 4</runs>
            <runs>0 57 4</runs>
            <runs>0 57 4</runs>
            <runs>0 56 5</runs>
            <runs>0 14 6 36 5</runs>
            <runs>0 12 14 30 5</runs>
            <runs>0 10 17 28 6</runs>
            <runs>0 8 20 27 5</runs>
            <runs>0 7 22 26 5</runs>
            <runs>0 6 24 25 5</runs>
            <runs>12 3 15 24 6</runs>
            <runs>0 1 9 4 17 23 5</runs>
            <runs>0 1 8 5 17 22 6</runs>
            <runs>0 6 2 6 17 21 7</runs>
            <runs>0 6 1 7 17 21 7</runs>
            <runs>0 6 1 7 17 21 6</runs>
            <runs>0 14 17 20 7</runs>
            <runs>0 14 17 20 7</runs>
            <runs>0 14 16 20 7</runs>
            <runs>0 15 14 21 7</runs>
            <runs>0 16 12 21 8</runs>
            <runs>0 18 9 21 9</runs>
            <runs>0 48 8</runs>
            <runs>0 42 14</runs>
            <runs>0 43 12</runs>
            <runs>0 42 12</runs>
            <runs>0 42 12</runs>
            <runs>0 42 11</runs>
            <runs>0 42 11</runs>
            <runs>0 41 12</runs>
            <runs>8 32 12</runs>
            <runs>9 30 12</runs>
            <runs>11 27 13</runs>
            <runs>13 21 17</runs>
            <runs>15 18 17</runs>
            <runs>0 1 19 7 1 1 20</runs>
            <runs>0 1 47</runs>
            <runs>48</runs>
            <runs>47</runs>
            <runs>46</runs>
            <runs>0 6 40</runs>
            <runs>0 7 39</runs>
            <runs>0 8 38</runs>
            <runs>0 9 31</runs>
            <runs>0 10 29</runs>
            <runs>0 12 25</runs>
            <runs>0 14 20</runs>
            <runs>0 17 16</runs>
            <runs>0 28 4</runs>
            <runs></runs>
            <runs>0 12 3 15 5</runs>
            <runs>0 11 6 11 8</runs>
            <runs>0 10 8 10 9</runs>
            <runs>0 10 9 9 11</runs>
            <runs>0 9 11 7 13</runs>
            <runs>0 9 11 8 12</runs>
            <runs>0 9 12 7 12</runs>
            <runs>0 9 11 9 10</runs>
            <runs>0 10 10 9 9</runs>
            <runs>0 11 8 11 7</runs>
            <runs>0 12 6 14 4</runs>
            <runs>0 14 3</runs>
        </run-table>
    </sample>
    <sample shape="FLAT" interline="21" pitch="-0.5" left="777" top="1597" id="289">
        <run-table orientation="VERTICAL" width="21" height="59">
            <runs>0 34 8 8 4</runs>
            <runs>59</runs>
            <runs>59</runs>
            <runs>59</runs>
            <runs>54</runs>
            <runs>0 1 38 8 6</runs>
            <runs>0 3 5 18 5 15 7</runs>
            <runs>0 26 5 14 7</runs>
            <runs>0 25 5 13 7</runs>
            <runs>0 24 6 12 7</runs>
            <runs>0 24 7 3 14</runs>
            <runs>0 24 8 2 13</runs>
            <runs>0 24 22</runs>
            <runs>0 23 23</runs>
            <runs>0 23 22</runs>
            <runs>0 24 20</runs>
            <runs>0 25 18</runs>
            <runs>0 26 16</runs>
            <runs>0 26 14</runs>
            <runs>0 27 12</runs>
            <runs>0 29 9</runs>
        </run-table>
    </sample>
    <sample shape="FLAT" interline="21" pitch="-3.9" left="794" top="1561" id="297">
        <run-table orientation="VERTICAL" width="21" height="56">
            <runs>0 34 3 7 4</runs>
            <runs>0 1 55</runs>
            <runs>55</runs>
            <runs>55</runs>
            <runs>0 1 35 4 1 2 11</runs>
            <runs>0 2 17 1 3</runs>
            <runs>0 6 1 20 1 17 8</runs>
            <runs>0 26 2 16 9</runs>
            <runs>0 26 2 15 10</runs>
            <runs>0 25 8 8 12</runs>
            <runs>0 25 8 6 9</runs>
            <runs>0 25 22</runs>
            <runs>0 25 22</runs>
            <runs>0 25 21</runs>
            <runs>0 26 19</runs>
            <runs>0 26 19</runs>
            <runs>0 26 18</runs>
            <runs>0 27 16</runs>
            <runs>0 28 14</runs>
            <runs>0 29 10</runs>
            <runs>0 29 9</runs>
        </run-table>
    </sample>
    <sample shape="FLAT" interline="21" pitch="0.3" left="814" top="1605" id="296">
        <run-table orientation="VERTICAL" width="21" height="55">
            <runs>0 35 20</runs>
            <runs>0 1 54</runs>
            <runs>55</runs>
            <runs>55</runs>
            <runs>0 1 38</runs>
            <runs>0 2 19 2 1 8 2</runs>
            <runs>0 45 1</runs>
            <runs>0 44 2</runs>
            <runs>0 43 8</runs>
            <runs>0 41 10</runs>
            <runs>0 38 13</runs>
            <runs>0 25 9 2 15</runs>
            <runs>0 25 26</runs>
            <runs>0 25 21</runs>
            <runs>0 25 20</runs>
            <runs>0 26 17</runs>
            <runs>0 26 16</runs>
            <runs>0 26 16</runs>
            <runs>0 26 15</runs>
            <runs>0 27 13</runs>
            <runs>0 32 6</runs>
        </run-table>
    </sample>
    <sample shape="FLAT" interline="21" pitch="-3.1" left="833" top="1571" id="294">
        <run-table orientation="VERTICAL" width="21" height="54">
            <runs>0 11 2 1 3 1 10 1 7 12 6</runs>
            <runs>54</runs>
            <runs>54</runs>
            <runs>54</runs>
            <runs>36 11 7</runs>
            <runs>0 1 23 3 6 13 7</runs>
            <runs>0 26 6 13 6</runs>
            <runs>0 25 6 14 5</runs>
            <runs>0 25 5 10 10</runs>
            <runs>0 25 5 10 9</runs>
            <runs>0 24 7 7 10</runs>
            <runs>0 24 8 3 12</runs>
            <runs>0 24 23</runs>
            <runs>0 24 22</runs>
            <runs>0 25 20</runs>
            <runs>0 25 19</runs>
            <runs>0 25 18</runs>
            <runs>0 26 17</runs>
            <runs>0 27 16</runs>
            <runs>0 28 15</runs>
            <runs>0 30 8</runs>
        </run-table>
    </sample>
    <sample shape="FLAT" interline="21" pitch="1.4" left="779" top="1852" id="303">
        <run-table orientation="VERTICAL" width="21" height="56">
            <runs>0 15 10 20 11</runs>
            <runs>0 1 55</runs>
            <runs>55</runs>
            <runs>55</runs>
            <runs>0 1 40 7 6</runs>
            <runs>0 2 17 1 1 4 3 1 5 13 6</runs>
            <runs>0 3 1 24 4 14 6</runs>
            <runs>0 27 5 13 6</runs>
            <runs>0 26 5 12 7</runs>
            <runs>0 25 6 10 8</runs>
            <runs>0 25 7 4 12</runs>
            <runs>0 25 9 1 12</runs>
            <runs>0 25 22</runs>
            <runs>0 25 21</runs>
            <runs>0 25 20</runs>
            <runs>0 26 18</runs>
            <runs>0 26 17</runs>
            <runs>0 27 15</runs>
            <runs>0 28 13</runs>
            <runs>0 29 11</runs>
            <runs>0 31 9</runs>
        </run-table>
    </sample>
    <sample shape="FLAT" interline="21" pitch="-1.9" left="795" top="1818" id="311">
        <run-table orientation="VERTICAL" width="24" height="56">
            <runs>0 19 7</runs>
            <runs>0 18 8</runs>
            <runs>0 17 5 2 1</runs>
            <runs>0 4 15 6 31</runs>
            <runs>0 1 55</runs>
            <runs>55</runs>
            <runs>0 1 54</runs>
            <runs>0 1 36</runs>
            <runs>0 2 15 2 16 11 2</runs>
            <runs>0 45 8</runs>
            <runs>0 44 9</runs>
            <runs>0 42 12</runs>
            <runs>0 41 13</runs>
            <runs>0 39 14</runs>
            <runs>0 26 22</runs>
            <runs>0 26 21</runs>
            <runs>0 26 20</runs>
            <runs>0 26 19</runs>
            <runs>0 26 18</runs>
            <runs>0 27 16</runs>
            <runs>0 28 13</runs>
            <runs>0 28 12</runs>
            <runs>0 28 11</runs>
            <runs>0 28 9</runs>
        </run-table>
    </sample>
    <sample shape="FLAT" interline="21" pitch="2.2" left="815" top="1861" id="314">
        <run-table orientation="VERTICAL" width="21" height="56">
            <runs>0 14 2 23 16</runs>
            <runs>0 2 54</runs>
            <runs>56</runs>
            <runs>55</runs>
            <runs>0 1 42</runs>
            <runs>0 2 32</runs>
            <runs>0 46 1</runs>
            <runs>0 45 2</runs>
            <runs>0 43 8</runs>
            <runs>0 41 10</runs>
            <runs>0 39 13</runs>
            <runs>0 25 8 2 16</runs>
            <runs>0 25 26</runs>
            <runs>0 25 21</runs>
            <runs>0 25 20</runs>
            <runs>0 25 19</runs>
            <runs>0 26 17</runs>
            <runs>0 27 15</runs>
            <runs>0 27 14</runs>
            <runs>0 27 13</runs>
            <runs>0 27 11</runs>
        </run-table>
    </sample>
    <sample shape="FLAT" interline="21" pitch="-0.7" left="834" top="1831" id="308">
        <run-table orientation="VERTICAL" width="21" height="55">
            <runs>0 27 19 1 8</runs>
            <runs>6 1 48</runs>
            <runs>54</runs>
            <runs>53</runs>
            <runs>34 13 5</runs>
            <runs>0 1 22 4 6 13 5</runs>
            <runs>0 27 4 14 5</runs>
            <runs>0 26 4 13 6</runs>
            <runs>0 25 5 11 8</runs>
            <runs>0 25 5 6 12</runs>
            <runs>0 24 7 4 12</runs>
            <runs>0 24 23</runs>
            <runs>0 24 22</runs>
            <runs>0 24 21</runs>
            <runs>0 25 18</runs>
            <runs>0 25 18</runs>
            <runs>0 26 16</runs>
            <runs>0 27 14</runs>
            <runs>0 28 12</runs>
            <runs>0 29 11</runs>
            <runs>0 31 9</runs>
        </run-table>
    </sample>
    <sample shape="FLAT" interline="21" pitch="-0.7" left="632" top="2094" id="381">
        <run-table orientation="VERTICAL" width="20" height="54">
            <runs>0 2 24 22 6</runs>
            <runs>54</runs>
            <runs>54</runs>
            <runs>39 2 12</runs>
            <runs>0 1 33 13 5</runs>
            <runs>0 27 5 14 5</runs>
            <runs>0 27 4 14 6</runs>
            <runs>0 26 4 13 7</runs>
            <runs>0 25 5 10 8</runs>
            <runs>0 24 6 6 11</runs>
            <runs>0 24 7 5 11</runs>
            <runs>0 24 8 3 11</runs>
            <runs>0 24 22</runs>
            <runs>0 24 21</runs>
            <runs>0 25 19</runs>
            <runs>0 25 18</runs>
            <runs>0 26 16</runs>
            <runs>0 27 13</runs>
            <runs>0 28 11</runs>
            <runs>0 30 9</runs>
        </run-table>
    </sample>
    <sample shape="FLAT" interline="21" pitch="-3.9" left="647" top="2062" id="394">
        <run-table orientation="VERTICAL" width="21" height="55">
            <runs>0 10 3 19 2 1 2 2 2 1 3 6 3</runs>
            <runs>0 1 54</runs>
            <runs>54</runs>
            <runs>39 3 2 1 8</runs>
            <runs>0 1 34</runs>
            <runs>0 2 11 1 2 1 7 2 8</runs>
            <runs>0 45 1</runs>
            <runs>0 44 2</runs>
            <runs>0 42 9</runs>
            <runs>0 41 10</runs>
            <runs>0 39 12</runs>
            <runs>0 36 10</runs>
            <runs>0 25 20</runs>
            <runs>0 24 20</runs>
            <runs>0 24 20</runs>
            <runs>0 25 18</runs>
            <runs>0 26 16</runs>
            <runs>0 26 15</runs>
            <runs>0 27 12</runs>
            <runs>0 27 9</runs>
            <runs>0 30 3</runs>
        </run-table>
    </sample>
    <sample shape="FLAT" interline="21" pitch="0.3" left="666" top="2103" id="397">
        <run-table orientation="VERTICAL" width="20" height="55">
            <runs>0 2 53</runs>
            <runs>0 1 54</runs>
            <runs>54</runs>
            <runs>0 1 43</runs>
            <runs>0 2 1 10 9 2 10</runs>
            <runs>0 45 1</runs>
            <runs>0 44 2</runs>
            <runs>0 42 9</runs>
            <runs>0 41 10</runs>
            <runs>0 39 12</runs>
            <runs>0 25 26</runs>
            <runs>0 25 21</runs>
            <runs>0 25 20</runs>
            <runs>0 25 19</runs>
            <runs>0 25 19</runs>
            <runs>0 26 17</runs>
            <runs>0 26 16</runs>
            <runs>0 27 14</runs>
            <runs>0 27 12</runs>
            <runs>0 27 11</runs>
        </run-table>
    </sample>
    <sample shape="FLAT" interline="21" pitch="-2.9" left="681" top="2071" id="387">
        <run-table orientation="VERTICAL" width="21" height="54">
            <runs>8 19 9</runs>
            <runs>54</runs>
            <runs>54</runs>
            <runs>42 3 8</runs>
            <runs>0 1 33 14 4</runs>
            <runs>0 1 2 2 8 14 5 15 4</runs>
            <runs>0 26 5 14 5</runs>
            <runs>0 26 4 13 7</runs>
            <runs>0 25 5 9 10</runs>
            <runs>0 25 5 8 10</runs>
            <runs>0 25 6 7 9</runs>
            <runs>0 25 8 2 11</runs>
            <runs>0 25 21</runs>
            <runs>0 25 20</runs>
            <runs>0 25 19</runs>
            <runs>0 25 18</runs>
            <runs>0 26 16</runs>
            <runs>0 27 15</runs>
            <runs>0 28 14</runs>
            <runs>0 29 8</runs>
            <runs>0 31 4</runs>
        </run-table>
    </sample>
    <sample shape="FLAT" interline="21" pitch="1.3" left="632" top="2373" id="404">
        <run-table orientation="VERTICAL" width="21" height="54">
            <runs>0 11 8 11 1 13 1</runs>
            <runs>0 1 53</runs>
            <runs>54</runs>
            <runs>54</runs>
            <runs>46 2 6</runs>
            <runs>6 1 12 2 13 13 6</runs>
            <runs>0 27 5 14 6</runs>
            <runs>0 26 5 13 6</runs>
            <runs>0 25 5 12 7</runs>
            <runs>0 25 5 6 13</runs>
            <runs>0 25 6 5 12</runs>
            <runs>0 25 7 3 12</runs>
            <runs>0 25 22</runs>
            <runs>0 25 21</runs>
            <runs>0 25 20</runs>
            <runs>0 25 19</runs>
            <runs>0 26 17</runs>
            <runs>0 26 16</runs>
            <runs>0 27 14</runs>
            <runs>0 28 12</runs>
            <runs>0 30 9</runs>
        </run-table>
    </sample>
    <sample shape="FLAT" interline="21" pitch="-2.0" left="650" top="2341" id="415">
        <run-table orientation="VERTICAL" width="20" height="54">
            <runs>0 34 1 4 1 2 1</runs>
            <runs>0 1 1 2 50</runs>
            <runs>46 6 2</runs>
            <runs>41 11 1</runs>
            <runs>36 1 2</runs>
            <runs>33</runs>
            <runs>0 1 14 1 2 27 1</runs>
            <runs>0 44 2</runs>
            <runs>0 42 9</runs>
            <runs>0 40 11</runs>
            <runs>0 37 10</runs>
            <runs>0 25 8 2 11</runs>
            <runs>0 25 20</runs>
            <runs>0 25 20</runs>
            <runs>0 25 19</runs>
            <runs>0 25 18</runs>
            <runs>0 25 16</runs>
            <runs>0 26 15</runs>
            <runs>0 26 14</runs>
            <runs>0 26 12</runs>
        </run-table>
    </sample>
    <sample shape="FLAT" interline="21" pitch="2.4" left="666" top="2384" id="412">
        <run-table orientation="VERTICAL" width="22" height="53">
            <runs>0 39 5</runs>
            <runs>0 1 2 8 2 2 5 1 1 9 22</runs>
            <runs>53</runs>
            <runs>53</runs>
            <runs>37 2 3 3 8</runs>
            <runs>33 17 2</runs>
            <runs>0 9 7 4 1 29 1</runs>
            <runs></runs>
            <runs></runs>
            <runs>0 40 9</runs>
            <runs>0 38 11</runs>
            <runs>0 29 2 4 14</runs>
            <runs>0 24 24</runs>
            <runs>0 24 24</runs>
            <runs>0 24 20</runs>
            <runs>0 24 19</runs>
            <runs>0 25 17</runs>
            <runs>0 25 16</runs>
            <runs>0 25 15</runs>
            <runs>0 25 14</runs>
            <runs>0 25 12</runs>
            <runs>0 30 4</runs>
        </run-table>
    </sample>
    <sample shape="FLAT" interline="21" pitch="-1.0" left="684" top="2347" id="409">
        <run-table orientation="VERTICAL" width="21" height="58">
            <runs>0 26 25 2 4</runs>
            <runs>0 4 54</runs>
            <runs>58</runs>
            <runs>57</runs>
            <runs>39 12 5</runs>
            <runs>29 1 5 15 5</runs>
            <runs>0 6 6 18 4 14 6</runs>
            <runs>0 29 5 13 6</runs>
            <runs>0 29 4 14 5</runs>
            <runs>0 29 4 9 9</runs>
            <runs>0 29 5 6 11</runs>
            <runs>0 28 22</runs>
            <runs>0 28 22</runs>
            <runs>0 28 21</runs>
            <runs>0 28 20</runs>
            <runs>0 29 18</runs>
            <runs>0 29 16</runs>
            <runs>0 30 15</runs>
            <runs>0 30 15</runs>
            <runs>0 32 13</runs>
            <runs>0 34 5</runs>
        </run-table>
    </sample>
    <sample shape="FLAT" interline="21" pitch="-0.8" left="637" top="2625" id="503">
        <run-table orientation="VERTICAL" width="19" height="59">
            <runs>0 18 12 2 27</runs>
            <runs>0 5 2 2 50</runs>
            <runs>58</runs>
            <runs>45 7 6</runs>
            <runs>0 5 26 2 5 13 6</runs>
            <runs>0 6 20 7 3 14 6</runs>
            <runs>0 7 6 19 3 13 8</runs>
            <runs>0 31 4 12 8</runs>
            <runs>0 30 5 7 12</runs>
            <runs>0 30 5 6 12</runs>
            <runs>0 29 7 4 12</runs>
            <runs>0 29 22</runs>
            <runs>0 29 22</runs>
            <runs>0 30 20</runs>
            <runs>0 30 19</runs>
            <runs>0 30 17</runs>
            <runs>0 31 15</runs>
            <runs>0 32 13</runs>
            <runs>0 33 12</runs>
        </run-table>
    </sample>
    <sample shape="FLAT" interline="21" pitch="-3.8" left="654" top="2600" id="511">
        <run-table orientation="VERTICAL" width="21" height="54">
            <runs>0 29 2 4 1 14 3</runs>
            <runs>0 1 1 2 50</runs>
            <runs>53</runs>
            <runs>41 9 2</runs>
            <runs>37 13 1</runs>
            <runs>23 7 2</runs>
            <runs>0 1 12 4 1</runs>
            <runs>0 3 2</runs>
            <runs>0 42 8</runs>
            <runs>0 41 9</runs>
            <runs>0 39 11</runs>
            <runs>0 36 9</runs>
            <runs>0 24 21</runs>
            <runs>0 24 20</runs>
            <runs>0 24 19</runs>
            <runs>0 24 18</runs>
            <runs>0 24 16</runs>
            <runs>0 24 15</runs>
            <runs>0 24 14</runs>
            <runs>0 24 13</runs>
            <runs>0 24 12</runs>
        </run-table>
    </sample>
    <sample shape="FLAT" interline="21" pitch="0.3" left="669" top="2641" id="514">
        <run-table orientation="VERTICAL" width="22" height="54">
            <runs>0 50 3</runs>
            <runs>0 34 2 2 16</runs>
            <runs>0 13 41</runs>
            <runs>0 2 51</runs>
            <runs>41 1 3</runs>
            <runs>35</runs>
            <runs>18 2 2 8 2 12 1</runs>
            <runs>9 21 1 12 2</runs>
            <runs>0 42 8</runs>
            <runs>0 41 9</runs>
            <runs>0 39 10</runs>
            <runs>0 37 13</runs>
            <runs>0 23 9 2 16</runs>
            <runs>0 23 22</runs>
            <runs>0 23 22</runs>
            <runs>0 24 20</runs>
            <runs>0 24 19</runs>
            <runs>0 25 17</runs>
            <runs>0 25 16</runs>
            <runs>0 26 14</runs>
            <runs>0 26 13</runs>
            <runs>0 26 10</runs>
        </run-table>
    </sample>
    <sample shape="FLAT" interline="21" pitch="-2.8" left="689" top="2608" id="508">
        <run-table orientation="VERTICAL" width="21" height="55">
            <runs>0 46 9</runs>
            <runs>0 8 7 1 39</runs>
            <runs>0 1 54</runs>
            <runs>0 1 43 2 8</runs>
            <runs>37 11 5</runs>
            <runs>0 1 34 12 5</runs>
            <runs>0 2 5 1 4 16 5 13 5</runs>
            <runs>0 27 5 13 5</runs>
            <runs>0 27 4 7 12</runs>
            <runs>0 26 4 8 11</runs>
            <runs>0 25 6 7 10</runs>
            <runs>0 25 7 5 10</runs>
            <runs>0 25 21</runs>
            <runs>0 25 21</runs>
            <runs>0 25 20</runs>
            <runs>0 25 19</runs>
            <runs>0 26 18</runs>
            <runs>0 27 16</runs>
            <runs>0 27 15</runs>
            <runs>0 28 13</runs>
            <runs>0 29 12</runs>
        </run-table>
    </sample>
    <sample shape="FLAT" interline="21" pitch="1.3" left="637" top="2909" id="520">
        <run-table orientation="VERTICAL" width="19" height="55">
            <runs>0 1 54</runs>
            <runs>55</runs>
            <runs>54</runs>
            <runs>0 1 34 2 10 1 5</runs>
            <runs>0 2 18 2 1 5 5 14 5</runs>
            <runs>0 27 5 14 5</runs>
            <runs>0 26 5 14 5</runs>
            <runs>0 26 5 12 7</runs>
            <runs>0 25 6 10 8</runs>
            <runs>0 25 7 5 11</runs>
            <runs>0 25 9 2 12</runs>
            <runs>0 25 22</runs>
            <runs>0 25 21</runs>
            <runs>0 25 20</runs>
            <runs>0 26 18</runs>
            <runs>0 27 16</runs>
            <runs>0 27 15</runs>
            <runs>0 29 12</runs>
            <runs>0 31 10</runs>
        </run-table>
    </sample>
    <sample shape="FLAT" interline="21" pitch="-2.0" left="653" top="2878" id="533">
        <run-table orientation="VERTICAL" width="22" height="54">
            <runs>0 12 2 1 7 1 2 7 3 4 2 2 2</runs>
            <runs>54</runs>
            <runs>53</runs>
            <runs>38</runs>
            <runs>33</runs>
            <runs>0 1 15 2 2</runs>
            <runs>0 2 1 1 1</runs>
            <runs>0 43 8</runs>
            <runs>0 42 9</runs>
            <runs>0 39 12</runs>
            <runs>0 37 10</runs>
            <runs>0 24 22</runs>
            <runs>0 24 21</runs>
            <runs>0 24 20</runs>
            <runs>0 24 20</runs>
            <runs>0 24 19</runs>
            <runs>0 25 16</runs>
            <runs>0 26 14</runs>
            <runs>0 26 12</runs>
            <runs>0 26 10</runs>
            <runs>0 26 9</runs>
            <runs>0 32 1</runs>
        </run-table>
    </sample>
    <sample shape="FLAT" interline="21" pitch="2.3" left="671" top="2920" id="532">
        <run-table orientation="VERTICAL" width="21" height="54">
            <runs>0 16 6 8 3 9 2 1 8</runs>
            <runs>0 1 53</runs>
            <runs>54</runs>
            <runs>53</runs>
            <runs>0 1 36</runs>
            <runs>0 3 10 3 1 14 2</runs>
            <runs></runs>
            <runs>0 43 2</runs>
            <runs>0 42 8</runs>
            <runs>0 40 10</runs>
            <runs>0 38 11</runs>
            <runs>0 25 24</runs>
            <runs>0 25 25</runs>
            <runs>0 25 20</runs>
            <runs>0 25 19</runs>
            <runs>0 26 18</runs>
            <runs>0 26 17</runs>
            <runs>0 26 15</runs>
            <runs>0 26 14</runs>
            <runs>0 26 13</runs>
            <runs>0 31 5</runs>
        </run-table>
    </sample>
    <sample shape="FLAT" interline="21" pitch="-1.0" left="689" top="2884" id="525">
        <run-table orientation="VERTICAL" width="21" height="57">
            <runs>0 5 23 1 2 1 25</runs>
            <runs>57</runs>
            <runs>57</runs>
            <runs>56</runs>
            <runs>36 14 5</runs>
            <runs>0 30 5 14 5</runs>
            <runs>0 29 5 13 6</runs>
            <runs>0 29 4 13 6</runs>
            <runs>0 28 5 9 9</runs>
            <runs>0 28 6 7 10</runs>
            <runs>0 28 7 5 10</runs>
            <runs>0 28 21</runs>
            <runs>0 27 22</runs>
            <runs>0 27 21</runs>
            <runs>0 28 19</runs>
            <runs>0 28 18</runs>
            <runs>0 29 16</runs>
            <runs>0 30 15</runs>
            <runs>0 31 14</runs>
            <runs>0 32 8</runs>
            <runs>0 33 5</runs>
        </run-table>
    </sample>
    <sample shape="FLAT" interline="21" pitch="-0.7" left="637" top="3205" id="571">
        <run-table orientation="VERTICAL" width="20" height="56">
            <runs>0 1 2 2 17 3 31</runs>
            <runs>56</runs>
            <runs>55</runs>
            <runs>0 1 41 3 9</runs>
            <runs>0 2 21 4 7 13 5</runs>
            <runs>0 3 11 13 6 13 6</runs>
            <runs>0 26 6 13 6</runs>
            <runs>0 26 5 12 7</runs>
            <runs>0 25 6 6 12</runs>
            <runs>0 25 7 5 11</runs>
            <runs>0 25 8 2 13</runs>
            <runs>0 25 22</runs>
            <runs>0 25 21</runs>
            <runs>0 25 20</runs>
            <runs>0 25 20</runs>
            <runs>0 26 18</runs>
            <runs>0 26 17</runs>
            <runs>0 27 15</runs>
            <runs>0 28 13</runs>
            <runs>0 31 10</runs>
        </run-table>
    </sample>
    <sample shape="FLAT" interline="21" pitch="-3.9" left="655" top="3174" id="587">
        <run-table orientation="VERTICAL" width="21" height="55">
            <runs>0 10 6 4 2 12 21</runs>
            <runs>0 3 52</runs>
            <runs>0 1 45 6 2</runs>
            <runs>37 15 1</runs>
            <runs>34</runs>
            <runs>0 1 24 6 2</runs>
            <runs>0 2 5 6 6 25 2</runs>
            <runs>0 43 9</runs>
            <runs>0 42 10</runs>
            <runs>0 39 12</runs>
            <runs>0 37 14</runs>
            <runs>0 25 21</runs>
            <runs>0 25 20</runs>
            <runs>0 25 19</runs>
            <runs>0 25 19</runs>
            <runs>0 25 18</runs>
            <runs>0 25 17</runs>
            <runs>0 26 15</runs>
            <runs>0 26 13</runs>
            <runs>0 26 12</runs>
            <runs>0 31 2</runs>
        </run-table>
    </sample>
    <sample shape="FLAT" interline="21" pitch="0.4" left="671" top="3217" id="586">
        <run-table orientation="VERTICAL" width="22" height="54">
            <runs>0 42 12</runs>
            <runs>0 24 30</runs>
            <runs>0 1 53</runs>
            <runs>53</runs>
            <runs>37 13 2</runs>
            <runs>35 15 1</runs>
            <runs>0 1 22 2 8 17 1</runs>
            <runs>0 3 9 31 2</runs>
            <runs>0 42 8</runs>
            <runs>0 40 9</runs>
            <runs>0 38 11</runs>
            <runs>0 36 13</runs>
            <runs>0 25 24</runs>
            <runs>0 25 24</runs>
            <runs>0 25 19</runs>
            <runs>0 25 19</runs>
            <runs>0 25 18</runs>
            <runs>0 25 17</runs>
            <runs>0 25 16</runs>
            <runs>0 25 15</runs>
            <runs>0 25 14</runs>
            <runs>0 25 11</runs>
        </run-table>
    </sample>
    <sample shape="FLAT" interline="21" pitch="-2.9" left="690" top="3183" id="576">
        <run-table orientation="VERTICAL" width="22" height="55">
            <runs>0 36 2 11 2 1 2</runs>
            <runs>0 7 2 7 39</runs>
            <runs>0 1 54</runs>
            <runs>54</runs>
            <runs>35 1 8 4 5</runs>
            <runs>0 1 33 13 5</runs>
            <runs>0 2 22 3 6 13 6</runs>
            <runs>0 2 4 20 5 14 6</runs>
            <runs>0 26 5 13 6</runs>
            <runs>0 25 6 8 10</runs>
            <runs>0 25 6 7 11</runs>
            <runs>0 25 8 4 11</runs>
            <runs>0 25 22</runs>
            <runs>0 25 21</runs>
            <runs>0 25 21</runs>
            <runs>0 25 20</runs>
            <runs>0 26 18</runs>
            <runs>0 26 17</runs>
            <runs>0 27 15</runs>
            <runs>0 28 14</runs>
            <runs>0 29 13</runs>
            <runs>0 31 6</runs>
        </run-table>
    </sample>
    <sample shape="FLAT" interline="21" pitch="1.3" left="639" top="3432" id="593">
        <run-table orientation="VERTICAL" width="21" height="55">
            <runs>0 12 2 1 17 10 3 2 8</runs>
            <runs>55</runs>
            <runs>55</runs>
            <runs>54</runs>
            <runs>41 7 5</runs>
            <runs>19 2 5 2 12 7 5</runs>
            <runs>0 2 3 21 6 13 6</runs>
            <runs>0 25 6 13 6</runs>
            <runs>0 25 6 11 7</runs>
            <runs>0 25 6 5 13</runs>
            <runs>0 25 6 5 12</runs>
            <runs>0 25 22</runs>
            <runs>0 25 22</runs>
            <runs>0 25 21</runs>
            <runs>0 25 20</runs>
            <runs>0 26 18</runs>
            <runs>0 26 17</runs>
            <runs>0 27 15</runs>
            <runs>0 28 13</runs>
            <runs>0 31 9</runs>
            <runs>0 34 3</runs>
        </run-table>
    </sample>
    <sample shape="FLAT" interline="21" pitch="-1.9" left="656" top="3400" id="604">
        <run-table orientation="VERTICAL" width="20" height="55">
            <runs>0 2 2 17 4 14 2 2 2 6 3</runs>
            <runs>0 1 54</runs>
            <runs>55</runs>
            <runs>37 2 3 1 2 7 2</runs>
            <runs>35 17 1</runs>
            <runs>0 1 20 3 10</runs>
            <runs>0 1 9 35 2</runs>
            <runs>0 44 8</runs>
            <runs>0 43 9</runs>
            <runs>0 41 10</runs>
            <runs>0 38 13</runs>
            <runs>0 26 9 1 11</runs>
            <runs>0 25 21</runs>
            <runs>0 25 21</runs>
            <runs>0 25 20</runs>
            <runs>0 25 18</runs>
            <runs>0 26 16</runs>
            <runs>0 26 15</runs>
            <runs>0 26 13</runs>
            <runs>0 26 12</runs>
        </run-table>
    </sample>
    <sample shape="FLAT" interline="21" pitch="2.2" left="673" top="3441" id="601">
        <run-table orientation="VERTICAL" width="21" height="54">
            <runs>0 14 3 2 3 14 3 1 14</runs>
            <runs>0 2 3 1 48</runs>
            <runs>0 1 53</runs>
            <runs>53</runs>
            <runs>0 1 37</runs>
            <runs>0 4 13 2 16</runs>
            <runs></runs>
            <runs>0 43 8</runs>
            <runs>0 41 10</runs>
            <runs>0 39 12</runs>
            <runs>0 37 14</runs>
            <runs>0 24 28</runs>
            <runs>0 24 22</runs>
            <runs>0 25 20</runs>
            <runs>0 25 19</runs>
            <runs>0 25 19</runs>
            <runs>0 25 18</runs>
            <runs>0 26 16</runs>
            <runs>0 27 13</runs>
            <runs>0 27 12</runs>
            <runs>0 28 9</runs>
        </run-table>
    </sample>
    <sample shape="FLAT" interline="21" pitch="-0.8" left="690" top="3411" id="598">
        <run-table orientation="VERTICAL" width="21" height="54">
            <runs>0 7 3 2 2 1 11 2 2 3 20</runs>
            <runs>0 1 53</runs>
            <runs>44 4 6</runs>
            <runs>42 6 6</runs>
            <runs>40 7 5</runs>
            <runs>11 2 3 11 5 14 5</runs>
            <runs>0 26 5 13 6</runs>
            <runs>0 26 5 12 6</runs>
            <runs>0 25 6 11 6</runs>
            <runs>0 25 6 6 11</runs>
            <runs>0 25 6 6 10</runs>
            <runs>0 25 21</runs>
            <runs>0 25 21</runs>
            <runs>0 25 20</runs>
            <runs>0 25 19</runs>
            <runs>0 25 18</runs>
            <runs>0 26 16</runs>
            <runs>0 26 15</runs>
            <runs>0 28 12</runs>
            <runs>0 29 11</runs>
            <runs>0 33 3</runs>
        </run-table>
    </sample>
    <sample shape="FLAT" interline="21" pitch="-0.7" left="638" top="3710" id="621">
        <run-table orientation="VERTICAL" width="21" height="54">
            <runs>0 13 10 1 30</runs>
            <runs>54</runs>
            <runs>54</runs>
            <runs>40 7 6</runs>
            <runs>26 1 7 12 6</runs>
            <runs>14 13 5 13 6</runs>
            <runs>0 26 4 14 6</runs>
            <runs>0 26 4 13 6</runs>
            <runs>0 25 4 12 7</runs>
            <runs>0 25 5 6 12</runs>
            <runs>0 25 6 5 11</runs>
            <runs>0 25 22</runs>
            <runs>0 25 21</runs>
            <runs>0 25 20</runs>
            <runs>0 25 19</runs>
            <runs>0 25 18</runs>
            <runs>0 26 16</runs>
            <runs>0 27 14</runs>
            <runs>0 29 11</runs>
            <runs>0 31 9</runs>
            <runs>0 32 2</runs>
        </run-table>
    </sample>
    <sample shape="FLAT" interline="21" pitch="-3.9" left="657" top="3679" id="643">
        <run-table orientation="VERTICAL" width="20" height="54">
            <runs>0 17 1 3 2 11 1 5 13</runs>
            <runs>0 2 1 2 49</runs>
            <runs>0 1 43 1 8</runs>
            <runs>42</runs>
            <runs>35 1 1</runs>
            <runs>20 3 2 5 2</runs>
            <runs>0 1 9 3 1 16 1 13 1</runs>
            <runs>0 43 2</runs>
            <runs>0 41 9</runs>
            <runs>0 40 10</runs>
            <runs>0 30 1 8 11</runs>
            <runs>0 30 2 2 12</runs>
            <runs>0 24 21</runs>
            <runs>0 24 20</runs>
            <runs>0 24 20</runs>
            <runs>0 25 17</runs>
            <runs>0 25 15</runs>
            <runs>0 26 13</runs>
            <runs>0 26 12</runs>
            <runs>0 26 11</runs>
        </run-table>
    </sample>
    <sample shape="FLAT" interline="21" pitch="0.3" left="673" top="3721" id="637">
        <run-table orientation="VERTICAL" width="22" height="54">
            <runs>0 41 3 1 9</runs>
            <runs>0 10 2 4 38</runs>
            <runs>0 1 2 1 50</runs>
            <runs>53</runs>
            <runs>38</runs>
            <runs>34</runs>
            <runs>0 1 12 5 2</runs>
            <runs></runs>
            <runs>0 42 8</runs>
            <runs>0 22 1 17 9</runs>
            <runs>0 22 1 15 11</runs>
            <runs>0 35 14</runs>
            <runs>0 23 26</runs>
            <runs>0 23 26</runs>
            <runs>0 24 20</runs>
            <runs>0 25 19</runs>
            <runs>0 25 18</runs>
            <runs>0 26 16</runs>
            <runs>0 26 15</runs>
            <runs>0 26 14</runs>
            <runs>0 26 12</runs>
            <runs>0 30 6</runs>
        </run-table>
    </sample>
    <sample shape="FLAT" interline="21" pitch="-2.8" left="682" top="3689" id="629">
        <run-table orientation="VERTICAL" width="28" height="55">
            <runs>0 54 1</runs>
            <runs>0 54 1</runs>
            <runs></runs>
            <runs></runs>
            <runs></runs>
            <runs></runs>
            <runs>0 42 1 1 7</runs>
            <runs>0 16 37</runs>
            <runs>53</runs>
            <runs>41 5 6</runs>
            <runs>34 13 5</runs>
            <runs>32 1 2 11 5</runs>
            <runs>22 4 5 14 5</runs>
            <runs>0 26 5 12 6</runs>
            <runs>0 25 5 13 5</runs>
            <runs>0 25 4 12 7</runs>
            <runs>0 24 5 8 10</runs>
            <runs>0 24 6 6 10</runs>
            <runs>0 24 22</runs>
            <runs>0 24 21</runs>
            <runs>0 24 20</runs>
            <runs>0 24 20</runs>
            <runs>0 24 19</runs>
            <runs>0 25 16</runs>
            <runs>0 26 15</runs>
            <runs>0 26 14</runs>
            <runs>0 27 13</runs>
            <runs>0 30 2</runs>
        </run-table>
    </sample>
    <sample shape="FLAT" interline="21" pitch="-0.7" left="639" top="3912" id="652">
        <run-table orientation="VERTICAL" width="20" height="55">
            <runs>0 8 21 2 24</runs>
            <runs>55</runs>
            <runs>55</runs>
            <runs>46 2 6</runs>
            <runs>26 2 6 13 6</runs>
            <runs>0 1 13 8 3 3 4 14 6</runs>
            <runs>0 2 2 12 8 2 5 14 5</runs>
            <runs>0 21 2 3 4 12 7</runs>
            <runs>0 25 5 11 8</runs>
            <runs>0 25 6 5 12</runs>
            <runs>0 25 7 4 12</runs>
            <runs>0 25 23</runs>
            <runs>0 25 22</runs>
            <runs>0 25 21</runs>
            <runs>0 25 20</runs>
            <runs>0 25 19</runs>
            <runs>0 26 16</runs>
            <runs>0 27 15</runs>
            <runs>0 28 13</runs>
            <runs>0 31 4</runs>
        </run-table>
    </sample>
    <sample shape="FLAT" interline="21" pitch="-3.7" left="657" top="3882" id="666">
        <run-table orientation="VERTICAL" width="20" height="55">
            <runs>0 5 2 9 2 2 35</runs>
            <runs>0 2 52</runs>
            <runs>0 1 41 3 8</runs>
            <runs>35 15 3</runs>
            <runs>0 1 33 16 2</runs>
            <runs>0 2 14 1 3</runs>
            <runs>0 6 2</runs>
            <runs></runs>
            <runs>0 41 9</runs>
            <runs>0 39 11</runs>
            <runs>0 36 14</runs>
            <runs>0 24 25</runs>
            <runs>0 24 25</runs>
            <runs>0 24 20</runs>
            <runs>0 24 19</runs>
            <runs>0 24 19</runs>
            <runs>0 25 17</runs>
            <runs>0 25 16</runs>
            <runs>0 24 15</runs>
            <runs>0 32 3</runs>
        </run-table>
    </sample>
    <sample shape="FLAT" interline="21" pitch="0.6" left="673" top="3925" id="663">
        <run-table orientation="VERTICAL" width="22" height="54">
            <runs>0 51 2</runs>
            <runs>0 35 19</runs>
            <runs>0 2 52</runs>
            <runs>0 1 53</runs>
            <runs>40 3 11</runs>
            <runs>36 9 8</runs>
            <runs>0 2 19 9 2 17 3</runs>
            <runs>0 30 1 18 2</runs>
            <runs>0 49 1</runs>
            <runs></runs>
            <runs>0 40 9</runs>
            <runs>0 38 11</runs>
            <runs>0 24 25</runs>
            <runs>0 24 24</runs>
            <runs>0 24 24</runs>
            <runs>0 24 24</runs>
            <runs>0 24 24</runs>
            <runs>0 24 18</runs>
            <runs>0 24 17</runs>
            <runs>0 24 16</runs>
            <runs>0 24 16</runs>
            <runs>0 30 8</runs>
        </run-table>
    </sample>
    <sample shape="FLAT" interline="21" pitch="-2.7" left="689" top="3892" id="658">
        <run-table orientation="VERTICAL" width="21" height="54">
            <runs>0 21 6 4 1 11 4 2 5</runs>
            <runs>54</runs>
            <runs>42 6 6</runs>
            <runs>40 8 5</runs>
            <runs>32 15 5</runs>
            <runs>0 1 22 5 3 14 6</runs>
            <runs>0 26 5 13 6</runs>
            <runs>0 26 5 12 6</runs>
            <runs>0 25 5 11 8</runs>
            <runs>0 25 5 6 13</runs>
            <runs>0 25 6 5 12</runs>
            <runs>0 25 22</runs>
            <runs>0 25 20</runs>
            <runs>0 25 20</runs>
            <runs>0 25 19</runs>
            <runs>0 26 17</runs>
            <runs>0 26 16</runs>
            <runs>0 27 14</runs>
            <runs>0 28 12</runs>
            <runs>0 29 10</runs>
            <runs>0 31 3</runs>
        </run-table>
    </sample>
    <sample shape="TIME_SIX" interline="21" pitch="-2.1" left="875" top="1593" id="328">
        <run-table orientation="VERTICAL" width="36" height="38">
            <runs>0 14 12</runs>
            <runs>0 11 19</runs>
            <runs>0 8 24</runs>
            <runs>0 5 29</runs>
            <runs>0 4 31</runs>
            <runs>0 2 34</runs>
            <runs>0 1 36</runs>
            <runs>38</runs>
            <runs>38</runs>
            <runs>38</runs>
            <runs>38</runs>
            <runs>38</runs>
            <runs>24</runs>
            <runs>10 2 2</runs>
            <runs>6</runs>
            <runs></runs>
            <runs></runs>
            <runs>0 15 1</runs>
            <runs>0 14 2</runs>
            <runs>0 14 2</runs>
            <runs>0 1 7 6 8</runs>
            <runs>10 3 9 12 4</runs>
            <runs>10 3 9 4 2 1 9</runs>
            <runs>11 2 25</runs>
            <runs>12 1 25</runs>
            <runs>12 1 25</runs>
            <runs>12 1 25</runs>
            <runs>13 1 24</runs>
            <runs>12 3 23</runs>
            <runs>12 3 23</runs>
            <runs>11 5 22</runs>
            <runs>0 2 9 5 21</runs>
            <runs>0 4 5 8 19</runs>
            <runs>0 5 1 11 17</runs>
            <runs>0 17 14</runs>
            <runs>0 25 1</runs>
        </run-table>
    </sample>
    <sample shape="TIME_SIX" interline="21" pitch="-2.1" left="875" top="1829" id="344">
        <run-table orientation="VERTICAL" width="35" height="38">
            <runs>0 15 11</runs>
            <runs>0 11 19</runs>
            <runs>0 9 23</runs>
            <runs>0 5 29</runs>
            <runs>0 4 31</runs>
            <runs>0 2 34</runs>
            <runs>0 1 36</runs>
            <runs>38</runs>
            <runs>38</runs>
            <runs>38</runs>
            <runs>38</runs>
            <runs>29 4 5</runs>
            <runs>24</runs>
            <runs>7</runs>
            <runs>0 1 2</runs>
            <runs></runs>
            <runs></runs>
            <runs>0 14 8</runs>
            <runs>0 14 8</runs>
            <runs>0 5 2 6 9</runs>
            <runs>8 5 9 14 2</runs>
            <runs>9 4 9 12 4</runs>
            <runs>10 3 10 9 6</runs>
            <runs>11 2 25</runs>
            <runs>11 2 25</runs>
            <runs>12 2 24</runs>
            <runs>12 2 24</runs>
            <runs>12 2 24</runs>
            <runs>12 3 23</runs>
            <runs>12 4 22</runs>
            <runs>0 1 10 6 21</runs>
            <runs>0 3 6 8 19</runs>
            <runs>0 17 18</runs>
            <runs>0 17 17</runs>
            <runs>0 17 12</runs>
        </run-table>
    </sample>
    <sample shape="TIME_EIGHT" interline="21" pitch="2.1" left="876" top="1635" id="336">
        <run-table orientation="VERTICAL" width="33" height="38">
            <runs>0 28 3</runs>
            <runs>0 6 4 16 10</runs>
            <runs>0 3 12 9 14</runs>
            <runs>0 1 15 7 15</runs>
            <runs>20 2 16</runs>
            <runs>20 1 6 8 2</runs>
            <runs>26</runs>
            <runs>25</runs>
            <runs>24</runs>
            <runs>1 6 17</runs>
            <runs>0 8 16</runs>
            <runs>0 8 16</runs>
            <runs>0 9 16</runs>
            <runs>0 10 15</runs>
            <runs>0 11 14</runs>
            <runs>0 11 15</runs>
            <runs>0 12 14</runs>
            <runs>0 12 15</runs>
            <runs>0 13 14</runs>
            <runs>0 13 15</runs>
            <runs>0 13 16</runs>
            <runs>0 13 17</runs>
            <runs>1 12 18</runs>
            <runs>0 12 20</runs>
            <runs>0 12 26</runs>
            <runs>4 6 28</runs>
            <runs>0 1 14 2 21</runs>
            <runs>0 2 12 3 21</runs>
            <runs>0 3 10 4 21</runs>
            <runs>0 4 7 6 21</runs>
            <runs>0 23 15</runs>
            <runs>0 25 9</runs>
            <runs>0 27 1</runs>
        </run-table>
    </sample>
    <sample shape="TIME_EIGHT" interline="21" pitch="2.0" left="877" top="1871" id="350">
        <run-table orientation="VERTICAL" width="33" height="38">
            <runs>0 28 7</runs>
            <runs>0 3 10 13 11</runs>
            <runs>0 2 14 8 14</runs>
            <runs>21 2 15</runs>
            <runs>21 1 9 2 5</runs>
            <runs>27 8 2</runs>
            <runs>26</runs>
            <runs>26</runs>
            <runs>5 1 20</runs>
            <runs>1 6 18</runs>
            <runs>0 8 17</runs>
            <runs>0 9 16</runs>
            <runs>0 10 16</runs>
            <runs>0 11 15</runs>
            <runs>0 11 15</runs>
            <runs>0 11 16</runs>
            <runs>0 12 16</runs>
            <runs>0 13 15</runs>
            <runs>0 13 16</runs>
            <runs>0 13 16</runs>
            <runs>1 13 16</runs>
            <runs>1 12 18</runs>
            <runs>1 12 19</runs>
            <runs>2 10 21</runs>
            <runs>4 6 28</runs>
            <runs>0 1 4 3 30</runs>
            <runs>0 1 14 2 21</runs>
            <runs>0 2 12 3 21</runs>
            <runs>0 4 8 5 21</runs>
            <runs>0 5 5 11 17</runs>
            <runs>0 22 14</runs>
            <runs>0 24 10</runs>
            <runs>0 28 2 2 1</runs>
        </run-table>
    </sample>
</samples>
