<?xml version="1.0" encoding="UTF-8" standalone="yes"?>
<samples sheet-name="IMSLP00693#34">
    <sample shape="G_CLEF" interline="13" pitch="0.1" left="331" top="1589" id="507">
        <run-table orientation="VERTICAL" width="40" height="103">
            <runs>0 57 1 1 3</runs>
            <runs>0 54 10</runs>
            <runs>0 50 18</runs>
            <runs>0 49 22</runs>
            <runs>0 47 25</runs>
            <runs>0 45 29 15 7</runs>
            <runs>0 44 30 13 11</runs>
            <runs>0 43 16 9 7 11 14</runs>
            <runs>0 38 16 18 5 8 16</runs>
            <runs>0 38 15 20 4 8 16</runs>
            <runs>0 38 15 21 3 8 17</runs>
            <runs>0 38 15 22 2 8 18</runs>
            <runs>0 37 13 26 1 8 18</runs>
            <runs>0 37 12 10 8 18 12 2 4</runs>
            <runs>0 34 1 1 12 10 10 17 12 2 4</runs>
            <runs>0 33 14 9 13 16 11 2 4</runs>
            <runs>0 12 33 9 17 14 10 3 4</runs>
            <runs>0 9 35 9 8 7 3 15 8 4 4</runs>
            <runs>0 8 35 7 9 10 2 27 4</runs>
            <runs>0 6 36 8 9 11 1 27 4</runs>
            <runs>0 5 17 1 24 3 9 38 5</runs>
            <runs>0 5 11 1 2 9 31 38 5</runs>
            <runs>0 4 11 12 32 38 4</runs>
            <runs>0 3 12 12 40 29 4</runs>
            <runs>0 2 10 11 17 6 23 26 5</runs>
            <runs>0 1 11 10 18 10 20 1 9 12 7</runs>
            <runs>10 11 14 15 9 4 7 1 27</runs>
            <runs>10 8 16 16 9 13 25</runs>
            <runs>11 5 17 17 9 17 20</runs>
            <runs>32 18 9 23 13</runs>
            <runs>0 1 30 19 9 28 3</runs>
            <runs>0 5 23 22 11 13 1</runs>
            <runs>0 9 18 23 16 5 8</runs>
            <runs>0 14 7 29 16 5 5</runs>
            <runs>0 50 26</runs>
            <runs>0 54 20</runs>
            <runs>0 55 19</runs>
            <runs>0 57 15</runs>
            <runs>0 59 10</runs>
            <runs>0 60 7</runs>
        </run-table>
    </sample>
    <sample shape="C_CLEF" interline="13" pitch="-2.1" left="331" top="1759" id="514">
        <run-table orientation="VERTICAL" width="41" height="61">
            <runs>0 3 11 1 45</runs>
            <runs>0 2 58</runs>
            <runs>0 2 58</runs>
            <runs>0 2 58</runs>
            <runs>0 2 58</runs>
            <runs>0 2 59</runs>
            <runs>0 2 59</runs>
            <runs>0 2 59</runs>
            <runs>0 3 3 2 1 5 2</runs>
            <runs></runs>
            <runs>0 2 3 46 10</runs>
            <runs>0 1 60</runs>
            <runs>0 1 60</runs>
            <runs>0 2 53</runs>
            <runs>0 3 5 1 3 2 7 2 1</runs>
            <runs></runs>
            <runs>0 5 6 17 7 15 10</runs>
            <runs>0 4 10 9 16 9 12</runs>
            <runs>0 4 10 7 21 6 12</runs>
            <runs>0 3 11 2 44</runs>
            <runs>0 2 13 1 44</runs>
            <runs>0 2 13 1 25 6 13</runs>
            <runs>0 1 14 6 8 1 10 7 9</runs>
            <runs>0 1 13 9 4 7 5 4 13</runs>
            <runs>0 1 13 9 4 7 4 10 8</runs>
            <runs>5 1 8 9 5 5 5 11 6</runs>
            <runs>5 6 1 12 4 5 4</runs>
            <runs>0 1 4 19 4 5 4</runs>
            <runs>0 1 4 18 5 5 4</runs>
            <runs>0 1 5 17 5 5 6 13 8</runs>
            <runs>0 1 9 11 7 5 27</runs>
            <runs>0 1 18 1 8 5 27</runs>
            <runs>0 2 26 5 27</runs>
            <runs>0 3 25 1 31</runs>
            <runs>0 4 23 7 26</runs>
            <runs>0 4 22 9 21</runs>
            <runs>0 5 20 11 18</runs>
            <runs>0 6 19 13 15</runs>
            <runs>0 7 16 17 10</runs>
            <runs>0 11 9 28 1</runs>
            <runs>0 12 2</runs>
        </run-table>
    </sample>
    <sample shape="F_CLEF" interline="13" pitch="-1.3" left="329" top="1119" id="476">
        <run-table orientation="VERTICAL" width="41" height="50">
            <runs>0 9 9 30 2</runs>
            <runs>0 5 17 25 3</runs>
            <runs>0 5 17 24 4</runs>
            <runs>0 1 22 22 5</runs>
            <runs>0 1 7 1 14 22 5</runs>
            <runs>0 4 3 2 14 22 5</runs>
            <runs>0 4 2 3 14 18 8</runs>
            <runs>0 4 1 4 14 18 8</runs>
            <runs>0 4 1 3 15 18 8</runs>
            <runs>0 4 1 4 14 18 7</runs>
            <runs>0 4 1 4 14 18 6</runs>
            <runs>0 4 1 5 13 17 7</runs>
            <runs>0 4 1 6 11</runs>
            <runs>0 4 1 7 8</runs>
            <runs></runs>
            <runs>0 38 1</runs>
            <runs>0 36 8</runs>
            <runs>0 33 10</runs>
            <runs>0 32 11</runs>
            <runs>7 21 16</runs>
            <runs>9 18 17</runs>
            <runs>17 5 22</runs>
            <runs>39</runs>
            <runs>37</runs>
            <runs>37</runs>
            <runs>36</runs>
            <runs>35</runs>
            <runs>33</runs>
            <runs>0 7 24</runs>
            <runs>0 7 24</runs>
            <runs>0 9 22</runs>
            <runs>0 13 11</runs>
            <runs>0 9 1</runs>
            <runs>0 6 5 11 2</runs>
            <runs>0 5 6 10 4</runs>
            <runs>0 5 7 8 5</runs>
            <runs>12 7 7</runs>
            <runs>12 7 7</runs>
            <runs>12 7 7</runs>
            <runs>0 5 6 8 7</runs>
            <runs>0 8 1 11 5</runs>
        </run-table>
    </sample>
</samples>
