<?xml version="1.0" encoding="UTF-8" standalone="yes"?>
<samples sheet-name="IMSLP00007#4">
    <sample shape="G_CLEF" interline="22" pitch="0.5" left="170" top="1779" id="448">
        <run-table orientation="VERTICAL" width="55" height="154">
            <runs>0 87 13</runs>
            <runs>0 81 20</runs>
            <runs>0 75 28</runs>
            <runs>0 75 31</runs>
            <runs>0 74 33</runs>
            <runs>0 73 36</runs>
            <runs>0 71 39 30 4</runs>
            <runs>0 70 41 25 10</runs>
            <runs>0 69 22 5 16 22 14</runs>
            <runs>0 67 21 15 10 20 16</runs>
            <runs>0 66 19 20 9 19 17</runs>
            <runs>0 65 18 24 8 18 17</runs>
            <runs>0 63 18 28 6 17 19</runs>
            <runs>0 62 18 31 5 16 20</runs>
            <runs>0 61 18 33 5 14 22</runs>
            <runs>0 59 19 34 9 10 22</runs>
            <runs>0 59 19 11 11 13 8 10 23</runs>
            <runs>0 58 20 9 16 11 7 10 22</runs>
            <runs>0 57 21 7 20 9 7 10 22</runs>
            <runs>0 54 18 11 24 8 2 14 17 1 5</runs>
            <runs>0 54 17 11 26 7 2 15 16 2 4</runs>
            <runs>0 54 17 10 13 11 4 7 1 15 15 3 4</runs>
            <runs>0 54 16 10 12 15 3 6 1 17 12 4 4</runs>
            <runs>0 53 16 6 15 19 2 5 1 18 10 5 4</runs>
            <runs>0 30 7 15 16 7 14 27 1 19 8 6 4</runs>
            <runs>0 26 22 3 16 8 13 28 1 22 4 7 4</runs>
            <runs>0 22 44 9 13 62 3</runs>
            <runs>0 19 49 6 13 62 4</runs>
            <runs>0 16 70 63 3</runs>
            <runs>0 15 23 10 39 61 4</runs>
            <runs>0 13 22 12 43 1 1 55 4</runs>
            <runs>0 12 16 19 16 7 3 1 31 41 5</runs>
            <runs>0 10 16 20 16 12 47 23 6</runs>
            <runs>0 9 15 21 16 14 10 9 28 11 3 4 9</runs>
            <runs>0 7 15 22 16 15 11 17 45</runs>
            <runs>0 6 14 23 16 16 11 23 1 2 35</runs>
            <runs>0 5 14 23 16 17 11 29 30</runs>
            <runs>0 4 14 23 16 18 10 30 6 8 4</runs>
            <runs>0 4 13 23 17 18 11 29 6</runs>
            <runs>0 2 14 23 17 19 11 29 6</runs>
            <runs>0 1 13 23 19 18 12 28 7</runs>
            <runs>13 18 21 23 11 28 7</runs>
            <runs>12 19 19 25 12 26 4</runs>
            <runs>0 1 11 19 17 27 13 24 4</runs>
            <runs>0 3 9 17 18 28 14 22 4</runs>
            <runs>0 5 10 8 21 31 14 21 5</runs>
            <runs>0 7 34 34 16 18 5</runs>
            <runs>0 10 29 41 12 16 6</runs>
            <runs>0 15 20 46 13 12 7</runs>
            <runs>0 82 13 1 16</runs>
            <runs>0 83 27</runs>
            <runs>0 84 25</runs>
            <runs>0 86 21</runs>
            <runs>0 88 18</runs>
            <runs>0 93 9</runs>
        </run-table>
    </sample>
    <sample shape="SHARP" interline="22" pitch="-1.0" left="268" top="1811" id="463">
        <run-table orientation="VERTICAL" width="24" height="68">
            <runs>0 22 10 14 2 1 5</runs>
            <runs>0 22 11 10 12</runs>
            <runs>0 21 11 11 11</runs>
            <runs>0 21 11 10 12</runs>
            <runs>0 21 11 10 12</runs>
            <runs>0 10 29 1 16 2 10</runs>
            <runs>0 8 60</runs>
            <runs>0 7 25 2 33</runs>
            <runs>0 7 1 11 11 9 12</runs>
            <runs>0 18 11 10 12</runs>
            <runs>0 18 11 10 11</runs>
            <runs>0 18 10 11 11</runs>
            <runs>0 17 11 10 12</runs>
            <runs>0 17 10 11 11</runs>
            <runs>0 18 9 11 10</runs>
            <runs>0 17 10 12 9</runs>
            <runs>51 4 5</runs>
            <runs>60</runs>
            <runs>10 2 47</runs>
            <runs>0 16 8 12 10</runs>
            <runs>0 14 10 12 10</runs>
            <runs>0 14 10 12 10</runs>
            <runs>0 15 9 12 10</runs>
            <runs>0 15 9 12 10</runs>
        </run-table>
    </sample>
</samples>
