<?xml version="1.0" encoding="UTF-8" standalone="yes"?>
<samples sheet-name="IMSLP00002#16">
    <sample shape="G_CLEF" interline="22" pitch="0.6" left="155" top="197" id="232">
        <run-table orientation="VERTICAL" width="56" height="152">
            <runs>0 83 3 1 10</runs>
            <runs>0 81 20</runs>
            <runs>0 80 23</runs>
            <runs>0 77 28</runs>
            <runs>0 75 31 29 8</runs>
            <runs>0 70 37 26 12</runs>
            <runs>0 70 38 24 15</runs>
            <runs>0 69 40 22 17</runs>
            <runs>0 68 21 11 11 20 17</runs>
            <runs>0 67 18 18 9 18 19</runs>
            <runs>0 66 17 23 6 18 19</runs>
            <runs>0 65 16 27 8 14 20</runs>
            <runs>0 64 17 28 4 16 21</runs>
            <runs>0 63 16 31 3 16 22</runs>
            <runs>0 62 17 9 1 22 2 16 22</runs>
            <runs>0 61 17 10 1 23 1 16 22</runs>
            <runs>0 59 18 11 11 13 1 17 16 2 4</runs>
            <runs>0 58 17 11 17 27 16 2 4</runs>
            <runs>0 58 15 12 20 25 15 4 3</runs>
            <runs>0 57 16 10 23 25 13 5 3</runs>
            <runs>0 56 17 8 14 9 4 24 11 6 3</runs>
            <runs>0 55 18 8 14 11 3 8 1 16 7 8 3</runs>
            <runs>0 55 18 7 9 28 1 30 4</runs>
            <runs>0 54 19 6 9 29 1 30 4</runs>
            <runs>0 53 15 10 10 29 1 30 3</runs>
            <runs>0 52 15 11 9 30 1 29 4</runs>
            <runs>0 48 19 10 10 30 1 28 5</runs>
            <runs>0 48 18 11 9 31 1 27 5</runs>
            <runs>0 48 18 10 10 31 1 26 5</runs>
            <runs>0 30 1 1 10 1 2 2 18 11 9 32 1 25 6</runs>
            <runs>0 24 41 2 1 7 27 5 1 9 2 20 9</runs>
            <runs>0 22 124</runs>
            <runs>0 20 126</runs>
            <runs>0 17 23 6 17 4 1 2 15 10 3 6 4 4 30</runs>
            <runs>0 16 18 12 15 14 10 45 8</runs>
            <runs>0 14 18 13 16 14 10</runs>
            <runs>0 13 17 15 15 15 10</runs>
            <runs>0 11 18 16 14 16 10</runs>
            <runs>0 10 19 15 15 16 10</runs>
            <runs>0 9 14 19 16 17 11</runs>
            <runs>0 7 14 20 16 18 11</runs>
            <runs>0 6 14 20 16 19 12</runs>
            <runs>0 6 13 22 15 21 11</runs>
            <runs>0 5 14 21 14 23 11 24 1</runs>
            <runs>0 4 14 20 15 24 12 22 2</runs>
            <runs>0 4 12 21 15 26 12 20 7</runs>
            <runs>0 3 12 21 16 26 13 17 5</runs>
            <runs>0 1 13 20 18 27 16 11 7</runs>
            <runs>14 19 15 32 17 7 8</runs>
            <runs>13 14 19 36 29</runs>
            <runs>12 15 17 39 27</runs>
            <runs>0 2 11 11 18 42 24</runs>
            <runs>0 4 35 47 21</runs>
            <runs>0 6 29 53 16</runs>
            <runs>0 10 22 59 10</runs>
            <runs>0 16 5 1 8</runs>
        </run-table>
    </sample>
    <sample shape="G_CLEF" interline="22" pitch="0.3" left="150" top="737" id="283">
        <run-table orientation="VERTICAL" width="55" height="152">
            <runs>0 84 15</runs>
            <runs>0 81 20</runs>
            <runs>0 78 26</runs>
            <runs>0 72 33</runs>
            <runs>0 72 35 30 3</runs>
            <runs>0 72 36 26 10</runs>
            <runs>0 70 39 24 13</runs>
            <runs>0 69 28 3 10 22 15</runs>
            <runs>0 67 24 12 8 20 17</runs>
            <runs>0 66 19 20 8 18 18</runs>
            <runs>0 65 18 24 7 16 19</runs>
            <runs>0 64 18 26 10 12 20</runs>
            <runs>0 62 18 30 7 13 20</runs>
            <runs>0 62 17 31 7 13 21</runs>
            <runs>0 60 17 34 3 16 21</runs>
            <runs>0 60 16 36 2 16 17 1 3</runs>
            <runs>0 59 16 14 13 11 1 16 16 2 3</runs>
            <runs>0 57 18 11 18 9 1 17 15 3 3</runs>
            <runs>0 57 18 10 21 7 1 17 14 4 3</runs>
            <runs>0 56 19 8 13 7 5 24 12 5 3</runs>
            <runs>0 55 15 11 12 13 3 24 10 6 3</runs>
            <runs>0 50 20 10 11 16 2 25 8 7 3</runs>
            <runs>0 50 19 10 10 60 3</runs>
            <runs>0 50 18 10 10 61 3</runs>
            <runs>0 50 17 10 10 61 4</runs>
            <runs>0 50 16 11 10 61 3</runs>
            <runs>0 50 16 10 10 61 4</runs>
            <runs>0 27 19 2 17 7 14 60 4</runs>
            <runs>0 24 41 7 14 59 5</runs>
            <runs>0 21 64 9 7 43 5</runs>
            <runs>0 18 103 19 8</runs>
            <runs>0 16 25 6 100</runs>
            <runs>0 14 20 12 16 10 25 2 1 4 42</runs>
            <runs>0 12 20 14 15 11 13 29 29</runs>
            <runs>0 11 21 13 16 11 13 43 1 4 7</runs>
            <runs>0 9 22 13 16 12 13</runs>
            <runs>0 8 17 18 16 13 13 29 1</runs>
            <runs>0 7 17 19 15 14 13 29 1</runs>
            <runs>0 6 16 20 15 15 13 28 2</runs>
            <runs>0 5 14 22 15 16 13 28 2</runs>
            <runs>0 4 14 22 15 17 14 26 3</runs>
            <runs>0 3 14 22 15 22 10 26 3</runs>
            <runs>0 3 13 22 16 24 10 23 7</runs>
            <runs>0 2 13 22 17 25 9 22 8</runs>
            <runs>0 1 13 22 18 25 10 20 6</runs>
            <runs>13 21 16 29 11 17 7</runs>
            <runs>0 1 12 16 19 31 12 15 7</runs>
            <runs>0 1 12 16 17 34 12 10 10</runs>
            <runs>0 2 13 8 21 37 30</runs>
            <runs>0 5 37 40 28</runs>
            <runs>0 7 32 44 26</runs>
            <runs>0 10 26 49 21</runs>
            <runs>0 13 20 53 18</runs>
            <runs>0 89 12</runs>
            <runs>0 92 3</runs>
        </run-table>
    </sample>
    <sample shape="G_CLEF" interline="22" pitch="0.7" left="150" top="1257" id="328">
        <run-table orientation="VERTICAL" width="55" height="151">
            <runs>0 84 12</runs>
            <runs>0 79 19</runs>
            <runs>0 77 24</runs>
            <runs>0 71 32</runs>
            <runs>0 71 34 31 4</runs>
            <runs>0 70 36 27 11</runs>
            <runs>0 68 39 25 13</runs>
            <runs>0 67 42 22 15</runs>
            <runs>0 66 21 12 11 20 17</runs>
            <runs>0 65 19 17 10 18 19</runs>
            <runs>0 63 18 23 8 17 20</runs>
            <runs>0 62 17 27 6 17 20</runs>
            <runs>0 61 16 30 10 12 20</runs>
            <runs>0 60 16 33 8 11 22</runs>
            <runs>0 60 15 34 8 11 22</runs>
            <runs>0 59 15 36 3 15 17 2 3</runs>
            <runs>0 57 16 14 12 12 2 15 17 2 4</runs>
            <runs>0 56 17 12 17 10 1 15 17 3 3</runs>
            <runs>0 55 18 10 21 25 15 4 3</runs>
            <runs>0 55 14 12 24 25 13 5 3</runs>
            <runs>0 54 15 11 11 11 5 23 12 6 3</runs>
            <runs>0 53 15 11 10 15 4 25 7 8 3</runs>
            <runs>0 49 18 11 10 18 2 40 2</runs>
            <runs>0 49 17 11 9 62 2</runs>
            <runs>0 49 16 11 10 61 3</runs>
            <runs>0 49 16 10 11 61 3</runs>
            <runs>0 49 15 11 10 62 2</runs>
            <runs>0 27 37 7 14 61 3</runs>
            <runs>0 23 41 1 1 4 14 61 4</runs>
            <runs>0 22 63 58 5</runs>
            <runs>0 21 14 9 54 3 1 39 6</runs>
            <runs>0 18 14 14 14 9 50 13 13</runs>
            <runs>0 16 13 16 15 11 73</runs>
            <runs>0 15 14 15 15 12 12 17 42</runs>
            <runs>0 13 10 21 14 13 12 31 23</runs>
            <runs>0 11 11 21 15 13 12</runs>
            <runs>0 9 12 21 14 15 12</runs>
            <runs>0 8 11 24 14 15 13</runs>
            <runs>0 8 11 23 14 16 13</runs>
            <runs>0 7 11 23 14 17 13 28 1</runs>
            <runs>0 5 12 22 14 19 13 27 2</runs>
            <runs>0 4 11 23 14 24 10 26 2</runs>
            <runs>0 3 11 23 15 24 11 24 3</runs>
            <runs>0 2 11 22 17 25 10 23 7</runs>
            <runs>0 1 11 22 15 28 11 21 5</runs>
            <runs>12 20 15 31 11 19 5</runs>
            <runs>11 17 17 34 11 16 7</runs>
            <runs>0 1 9 17 16 37 12 12 8</runs>
            <runs>0 4 6 12 18 40 16 6 9</runs>
            <runs>0 5 5 11 16 45 28</runs>
            <runs>0 14 20 49 26</runs>
            <runs>0 14 17 53 23</runs>
            <runs>0 20 1 64 20</runs>
            <runs>0 89 13</runs>
            <runs>0 96 2</runs>
        </run-table>
    </sample>
    <sample shape="G_CLEF" interline="22" pitch="0.4" left="148" top="1792" id="374">
        <run-table orientation="VERTICAL" width="55" height="151">
            <runs>0 85 12</runs>
            <runs>0 80 21</runs>
            <runs>0 78 26</runs>
            <runs>0 71 34</runs>
            <runs>0 71 35 32 2 1 1</runs>
            <runs>0 70 37 27 9</runs>
            <runs>0 69 39 24 13</runs>
            <runs>0 67 42 22 16</runs>
            <runs>0 65 25 3 17 20 17</runs>
            <runs>0 64 21 15 11 19 18</runs>
            <runs>0 63 20 22 7 17 20</runs>
            <runs>0 62 19 26 6 16 20</runs>
            <runs>0 61 18 29 6 15 21</runs>
            <runs>0 60 17 32 5 15 21</runs>
            <runs>0 59 17 34 7 12 21</runs>
            <runs>0 58 17 35 7 12 22</runs>
            <runs>0 58 17 13 10 13 3 15 17 1 4</runs>
            <runs>0 57 17 12 16 10 2 16 15 3 3</runs>
            <runs>0 56 18 9 21 8 2 16 15 3 3</runs>
            <runs>0 55 19 8 23 8 1 16 14 4 3</runs>
            <runs>0 54 16 11 15 5 5 7 1 17 12 5 3</runs>
            <runs>0 53 16 11 11 14 3 24 10 6 3</runs>
            <runs>0 50 18 11 10 18 2 25 7 7 3</runs>
            <runs>0 50 17 10 10 61 3</runs>
            <runs>0 49 17 11 10 61 3</runs>
            <runs>0 49 17 11 9 61 4</runs>
            <runs>0 49 16 11 9 62 4</runs>
            <runs>0 49 15 7 14 62 3</runs>
            <runs>0 35 1 3 1 1 23 7 14 60 5</runs>
            <runs>0 26 42 1 15 60 5</runs>
            <runs>0 24 65 2 2 50 5</runs>
            <runs>0 20 100 21 6</runs>
            <runs>0 18 23 4 16 6 80</runs>
            <runs>0 16 19 9 17 10 13 8 53</runs>
            <runs>0 14 17 15 15 11 13 23 1 2 1 2 29</runs>
            <runs>0 14 18 13 15 13 12 42 7 2 3</runs>
            <runs>0 12 19 14 14 13 13</runs>
            <runs>0 11 14 19 14 14 13</runs>
            <runs>0 9 14 20 14 15 13 29 1</runs>
            <runs>0 8 14 20 14 16 14 28 1</runs>
            <runs>0 7 13 21 14 17 14 28 1</runs>
            <runs>0 5 14 22 13 18 14 27 2</runs>
            <runs>0 4 14 22 13 20 13 27 2</runs>
            <runs>0 3 13 23 14 24 10 25 3</runs>
            <runs>0 2 13 22 16 24 11 23 4</runs>
            <runs>0 1 13 22 13 29 11 20 5</runs>
            <runs>14 20 13 31 12 19 5</runs>
            <runs>12 16 18 33 12 15 7</runs>
            <runs>11 17 16 36 13 11 8</runs>
            <runs>11 17 13 40 30</runs>
            <runs>0 1 11 14 15 41 28</runs>
            <runs>0 3 35 45 25</runs>
            <runs>0 6 30 49 23</runs>
            <runs>0 10 24 52 19</runs>
            <runs>0 16 4 3 1 66 13</runs>
        </run-table>
    </sample>
    <sample shape="G_CLEF" interline="22" pitch="0.5" left="150" top="2352" id="419">
        <run-table orientation="VERTICAL" width="55" height="153">
            <runs>0 83 15</runs>
            <runs>0 81 19</runs>
            <runs>0 78 25</runs>
            <runs>0 72 33</runs>
            <runs>0 72 34</runs>
            <runs>0 71 37 29 7</runs>
            <runs>0 70 40 24 12</runs>
            <runs>0 68 42 23 14</runs>
            <runs>0 67 24 9 11 21 17</runs>
            <runs>0 66 18 20 8 19 19</runs>
            <runs>0 65 18 23 7 18 19</runs>
            <runs>0 63 18 26 7 16 21</runs>
            <runs>0 62 17 30 10 11 21</runs>
            <runs>0 61 16 33 8 12 22</runs>
            <runs>0 60 16 34 8 12 22</runs>
            <runs>0 59 17 35 7 12 23</runs>
            <runs>0 58 17 15 9 14 2 15 23</runs>
            <runs>0 57 18 11 17 10 2 15 23</runs>
            <runs>0 57 18 10 19 10 1 16 16 2 4</runs>
            <runs>0 55 19 9 23 8 1 16 15 3 4</runs>
            <runs>0 54 21 7 15 6 5 6 1 16 15 3 4</runs>
            <runs>0 53 21 7 10 14 3 24 13 4 4</runs>
            <runs>0 50 20 10 9 18 2 24 11 5 4</runs>
            <runs>0 50 17 11 10 20 2 25 7 7 3</runs>
            <runs>0 50 16 11 10 51 1 10 3</runs>
            <runs>0 50 16 11 9 62 4</runs>
            <runs>0 50 15 11 10 63 4</runs>
            <runs>0 32 3 2 12 1 16 11 9 62 4</runs>
            <runs>0 27 40 6 13 62 4</runs>
            <runs>0 23 63 61 4</runs>
            <runs>0 20 24 2 42 58 4</runs>
            <runs>0 17 20 10 16 2 55 22 7</runs>
            <runs>0 15 21 10 16 10 52 1 3 2 3 2 13</runs>
            <runs>0 14 18 14 15 11 14 8 54</runs>
            <runs>0 12 19 14 15 13 12 21 3 1 37</runs>
            <runs>0 11 20 13 15 14 12 38 23</runs>
            <runs>0 10 15 19 14 15 13 53 2</runs>
            <runs>0 8 15 20 15 15 13</runs>
            <runs>0 7 16 19 15 16 13</runs>
            <runs>0 6 16 18 16 17 13</runs>
            <runs>0 4 15 20 16 18 14 27 1</runs>
            <runs>0 4 14 20 16 19 14 27 1</runs>
            <runs>0 3 13 21 16 24 10 26 2</runs>
            <runs>0 2 13 22 16 25 10 24 7</runs>
            <runs>0 1 13 22 17 25 10 23 8</runs>
            <runs>13 21 14 30 11 21 5</runs>
            <runs>12 16 18 33 11 19 6</runs>
            <runs>12 16 17 35 11 16 7</runs>
            <runs>0 1 11 15 18 36 16 8 8</runs>
            <runs>0 2 12 9 16 42 17 4 10</runs>
            <runs>0 4 33 46 28</runs>
            <runs>0 7 30 47 26</runs>
            <runs>0 10 24 51 24</runs>
            <runs>0 18 6 64 18</runs>
            <runs>0 90 14</runs>
        </run-table>
    </sample>
    <sample shape="G_CLEF" interline="22" pitch="0.4" left="147" top="2882" id="462">
        <run-table orientation="VERTICAL" width="56" height="154">
            <runs>0 90 7</runs>
            <runs>0 83 17</runs>
            <runs>0 80 22</runs>
            <runs>0 77 27</runs>
            <runs>0 72 34</runs>
            <runs>0 72 36</runs>
            <runs>0 71 39 26 8</runs>
            <runs>0 69 41 24 12</runs>
            <runs>0 68 43 23 14</runs>
            <runs>0 67 22 10 13 21 16</runs>
            <runs>0 66 20 18 8 20 18</runs>
            <runs>0 64 20 22 8 17 19</runs>
            <runs>0 63 19 25 7 17 20</runs>
            <runs>0 63 17 29 10 12 20</runs>
            <runs>0 62 17 31 9 12 21</runs>
            <runs>0 61 17 33 8 12 21</runs>
            <runs>0 60 16 36 3 16 22</runs>
            <runs>0 59 16 15 9 14 2 16 17 1 4</runs>
            <runs>0 58 17 12 17 10 1 16 16 2 4</runs>
            <runs>0 57 18 11 20 25 16 3 3</runs>
            <runs>0 57 18 9 23 25 15 3 3</runs>
            <runs>0 56 15 11 16 5 5 24 14 4 3</runs>
            <runs>0 55 15 11 11 13 4 25 11 5 3</runs>
            <runs>0 54 15 11 11 17 2 25 9 6 3</runs>
            <runs>0 50 18 12 9 48 5 8 3</runs>
            <runs>0 50 18 12 9 62 3</runs>
            <runs>0 51 16 12 9 63 3</runs>
            <runs>0 51 15 12 10 62 4</runs>
            <runs>0 20 2 14 5 10 15 12 9 63 3</runs>
            <runs>0 19 4 4 39 1 1 9 10 62 4</runs>
            <runs>0 18 5 2 62 61 4</runs>
            <runs>0 17 74 7 3 46 5</runs>
            <runs>0 16 47 3 45 34 6</runs>
            <runs>0 15 23 10 15 10 61 8 8</runs>
            <runs>0 14 19 14 15 11 13 8 54</runs>
            <runs>0 13 19 15 15 11 13 24 1 4 32</runs>
            <runs>0 12 20 14 15 12 13 40 19</runs>
            <runs>0 11 15 19 15 13 13</runs>
            <runs>0 9 15 21 14 15 12</runs>
            <runs>0 8 14 22 14 16 12</runs>
            <runs>0 7 14 22 14 16 14</runs>
            <runs>0 6 14 21 15 17 14 28 1</runs>
            <runs>0 5 13 22 15 22 10 27 2</runs>
            <runs>0 4 14 22 14 23 11 26 2</runs>
            <runs>0 3 13 22 16 23 11 25 3</runs>
            <runs>0 1 14 22 17 24 11 23 7</runs>
            <runs>0 1 13 21 14 30 11 21 5</runs>
            <runs>13 20 15 31 12 19 6</runs>
            <runs>13 16 18 33 13 16 6</runs>
            <runs>0 1 12 15 17 36 17 8 8</runs>
            <runs>0 3 10 12 17 40 17 3 10</runs>
            <runs>0 6 14 2 18 43 29</runs>
            <runs>0 9 28 47 27</runs>
            <runs>0 11 23 52 22</runs>
            <runs>0 17 15 57 17</runs>
            <runs>0 90 14</runs>
        </run-table>
    </sample>
    <sample shape="F_CLEF" interline="22" pitch="-1.5" left="145" top="446" id="248">
        <run-table orientation="VERTICAL" width="64" height="70">
            <runs>0 65 3</runs>
            <runs>0 65 3</runs>
            <runs>0 65 3</runs>
            <runs>0 64 4</runs>
            <runs>0 64 4</runs>
            <runs>0 64 4</runs>
            <runs>0 64 4</runs>
            <runs>0 64 4</runs>
            <runs>0 15 7 41 7</runs>
            <runs>0 11 15 37 3</runs>
            <runs>0 10 17 36 3</runs>
            <runs>0 8 7 3 9 35 3</runs>
            <runs>0 6 6 7 9 34 3</runs>
            <runs>0 6 5 7 11 32 4</runs>
            <runs>0 1 8 9 12 31 4</runs>
            <runs>0 1 7 9 13 30 5</runs>
            <runs>0 5 2 10 13 30 4</runs>
            <runs>0 5 1 10 14 30 4</runs>
            <runs>0 5 1 10 14 29 4</runs>
            <runs>0 16 14 29 4</runs>
            <runs>0 17 13 28 4</runs>
            <runs>0 17 13 27 5</runs>
            <runs>0 17 12 28 5</runs>
            <runs>0 18 10 28 5</runs>
            <runs>0 19 8 28 5</runs>
            <runs>0 21 2 31 6</runs>
            <runs>0 54 5</runs>
            <runs>0 53 6</runs>
            <runs>0 53 6</runs>
            <runs>0 52 6</runs>
            <runs>0 50 8</runs>
            <runs>0 45 12</runs>
            <runs>0 45 11</runs>
            <runs>0 5 1 39 10</runs>
            <runs>0 5 2 38 10</runs>
            <runs>0 1 7 35 11</runs>
            <runs>0 1 8 32 13</runs>
            <runs>10 29 14</runs>
            <runs>0 1 10 26 15</runs>
            <runs>14 19 19</runs>
            <runs>20 10 20</runs>
            <runs>49</runs>
            <runs>0 5 43</runs>
            <runs>0 6 42</runs>
            <runs>0 6 42</runs>
            <runs>0 7 41</runs>
            <runs>0 8 35</runs>
            <runs>0 9 33</runs>
            <runs>0 11 30</runs>
            <runs>0 12 26</runs>
            <runs>0 15 22</runs>
            <runs>0 18 16</runs>
            <runs></runs>
            <runs></runs>
            <runs></runs>
            <runs>0 13 4 17 3</runs>
            <runs>0 12 6 14 7</runs>
            <runs>0 11 8 13 8</runs>
            <runs>0 11 8 12 9</runs>
            <runs>0 11 9 11 9</runs>
            <runs>0 11 8 12 8</runs>
            <runs>0 11 8 12 8</runs>
            <runs>0 12 6 14 7</runs>
            <runs>0 13 5 15 5</runs>
        </run-table>
    </sample>
    <sample shape="F_CLEF" interline="22" pitch="-1.4" left="140" top="2051" id="389">
        <run-table orientation="VERTICAL" width="63" height="70">
            <runs>0 65 1</runs>
            <runs>0 65 1</runs>
            <runs>0 64 2</runs>
            <runs>0 64 2</runs>
            <runs>0 64 2</runs>
            <runs>0 64 2</runs>
            <runs>0 17 1 45 7</runs>
            <runs>0 12 14 37 7</runs>
            <runs>0 10 17 36 3</runs>
            <runs>0 8 7 4 8 35 4</runs>
            <runs>0 7 5 7 9 34 4</runs>
            <runs>0 5 5 9 10 32 4</runs>
            <runs>0 5 3 9 12 32 4</runs>
            <runs>8 9 12 31 5</runs>
            <runs>7 9 14 30 4</runs>
            <runs>0 4 2 10 14 29 5</runs>
            <runs>0 4 1 11 14 29 5</runs>
            <runs>0 4 1 11 14 28 5</runs>
            <runs>0 16 13 29 5</runs>
            <runs>0 16 13 29 5</runs>
            <runs>0 17 11 29 5</runs>
            <runs>0 17 11 28 6</runs>
            <runs>0 18 9 29 5</runs>
            <runs>0 20 3 32 6</runs>
            <runs>0 54 7</runs>
            <runs>0 54 6</runs>
            <runs>0 53 6</runs>
            <runs>0 52 7</runs>
            <runs>0 50 8</runs>
            <runs>0 49 9</runs>
            <runs>0 45 12</runs>
            <runs>0 44 12</runs>
            <runs>0 4 2 38 11</runs>
            <runs>7 36 12</runs>
            <runs>7 35 12</runs>
            <runs>8 32 13</runs>
            <runs>10 28 14</runs>
            <runs>11 24 16</runs>
            <runs>13 19 19</runs>
            <runs>17 11 22</runs>
            <runs>50</runs>
            <runs>0 6 43</runs>
            <runs>0 7 42</runs>
            <runs>0 8 41</runs>
            <runs>0 8 41</runs>
            <runs>0 9 35</runs>
            <runs>0 11 31</runs>
            <runs>0 12 28</runs>
            <runs>0 14 24</runs>
            <runs>0 16 19</runs>
            <runs>0 19 13</runs>
            <runs></runs>
            <runs></runs>
            <runs></runs>
            <runs>0 13 4 16 4</runs>
            <runs>0 11 7 14 6</runs>
            <runs>0 11 7 13 8</runs>
            <runs>0 11 8 12 8</runs>
            <runs>0 11 8 12 8</runs>
            <runs>0 11 7 13 8</runs>
            <runs>0 11 7 13 8</runs>
            <runs>0 12 6 14 6</runs>
            <runs>0 14 2 17 4</runs>
        </run-table>
    </sample>
    <sample shape="F_CLEF" interline="22" pitch="-1.4" left="141" top="2612" id="434">
        <run-table orientation="VERTICAL" width="63" height="70">
            <runs>0 64 3</runs>
            <runs>0 64 3</runs>
            <runs>0 63 4</runs>
            <runs>0 63 4</runs>
            <runs>0 63 4</runs>
            <runs>0 63 4</runs>
            <runs>0 14 7 41 8</runs>
            <runs>0 11 15 36 8</runs>
            <runs>0 9 17 36 8</runs>
            <runs>0 7 20 35 4</runs>
            <runs>0 6 5 8 8 35 3</runs>
            <runs>0 5 5 8 10 33 4</runs>
            <runs>8 10 11 32 4</runs>
            <runs>8 9 12 32 4</runs>
            <runs>7 9 13 31 5</runs>
            <runs>0 4 2 10 14 30 4</runs>
            <runs>0 4 1 11 14 29 5</runs>
            <runs>0 4 1 11 14 28 5</runs>
            <runs>0 16 14 28 5</runs>
            <runs>0 16 13 29 4</runs>
            <runs>0 16 13 28 5</runs>
            <runs>0 17 11 28 6</runs>
            <runs>0 18 9 28 6</runs>
            <runs>0 19 7 29 6</runs>
            <runs>0 55 5</runs>
            <runs>0 54 5</runs>
            <runs>0 53 6</runs>
            <runs>0 52 6</runs>
            <runs>0 51 7</runs>
            <runs>0 49 8</runs>
            <runs>0 45 12</runs>
            <runs>0 45 11</runs>
            <runs>0 45 10</runs>
            <runs>0 44 10</runs>
            <runs>0 1 7 36 11</runs>
            <runs>0 1 8 33 12</runs>
            <runs>0 1 9 30 13</runs>
            <runs>0 1 11 26 14</runs>
            <runs>0 1 12 18 20</runs>
            <runs>0 2 14 14 20</runs>
            <runs>0 2 48</runs>
            <runs>0 5 44</runs>
            <runs>0 6 43</runs>
            <runs>0 7 42</runs>
            <runs>0 8 41</runs>
            <runs>0 10 33</runs>
            <runs>0 11 30</runs>
            <runs>0 12 27</runs>
            <runs>0 13 25</runs>
            <runs>0 15 21</runs>
            <runs>0 19 14</runs>
            <runs></runs>
            <runs></runs>
            <runs></runs>
            <runs>0 12 3 18 1</runs>
            <runs>0 11 6 14 5</runs>
            <runs>0 10 8 12 7</runs>
            <runs>0 10 8 12 8</runs>
            <runs>0 10 8 12 8</runs>
            <runs>0 10 8 12 8</runs>
            <runs>0 10 7 13 8</runs>
            <runs>0 11 6 13 8</runs>
            <runs>0 13 2 16 5</runs>
        </run-table>
    </sample>
    <sample shape="SHARP" interline="22" pitch="-3.9" left="220" top="192" id="262">
        <run-table orientation="VERTICAL" width="24" height="65">
            <runs>0 24 3 18 6</runs>
            <runs>0 23 11 10 8</runs>
            <runs>0 22 13 8 9</runs>
            <runs>0 22 8 12 10</runs>
            <runs>0 22 8 12 10 6 1</runs>
            <runs>0 8 3 9 45</runs>
            <runs>0 7 58</runs>
            <runs>0 7 7 1 1 1 47</runs>
            <runs>0 20 8 13 9</runs>
            <runs>0 20 8 13 8</runs>
            <runs>0 19 8 13 9</runs>
            <runs>0 19 8 13 8</runs>
            <runs>0 18 8 13 9</runs>
            <runs>0 18 7 13 9</runs>
            <runs>0 17 8 13 9</runs>
            <runs>0 17 8 13 9</runs>
            <runs>0 16 13 1 29</runs>
            <runs>0 1 58</runs>
            <runs>47 4 7</runs>
            <runs>0 1 2 11 9 8 14</runs>
            <runs>0 14 9 12 9</runs>
            <runs>0 14 8 9 12</runs>
            <runs>0 14 8 9 12</runs>
            <runs>0 16 1</runs>
        </run-table>
    </sample>
    <sample shape="SHARP" interline="22" pitch="-0.9" left="245" top="223" id="263">
        <run-table orientation="VERTICAL" width="23" height="69">
            <runs>0 22 10 13 9</runs>
            <runs>0 22 11 12 9</runs>
            <runs>0 22 10 13 9</runs>
            <runs>0 23 9 12 10 5 10</runs>
            <runs>0 15 1 4 12 8 29</runs>
            <runs>0 10 59</runs>
            <runs>0 10 45</runs>
            <runs>0 14 1 2 2 2 9 14 8</runs>
            <runs>0 21 9 13 8</runs>
            <runs>0 21 9 13 8</runs>
            <runs>0 20 9 13 9</runs>
            <runs>0 20 8 14 8</runs>
            <runs>0 19 9 13 8</runs>
            <runs>0 19 8 14 8</runs>
            <runs>0 18 9 13 9</runs>
            <runs>0 17 10 11 11 6 6</runs>
            <runs>60</runs>
            <runs>55</runs>
            <runs>0 13 13 11 10</runs>
            <runs>0 16 9 13 9</runs>
            <runs>0 16 9 13 9</runs>
            <runs>0 16 9 12 10</runs>
            <runs>0 17 8 16 4</runs>
        </run-table>
    </sample>
    <sample shape="SHARP" interline="22" pitch="-4.9" left="267" top="181" id="264">
        <run-table orientation="VERTICAL" width="23" height="67">
            <runs>0 23 7 12 9</runs>
            <runs>0 22 8 12 9</runs>
            <runs>0 22 8 12 9</runs>
            <runs>0 22 7 13 9</runs>
            <runs>0 21 8 10 12</runs>
            <runs>0 7 60</runs>
            <runs>0 8 21 1 37</runs>
            <runs>0 19 8 13 10 6 11</runs>
            <runs>0 19 8 13 9</runs>
            <runs>0 19 7 14 9</runs>
            <runs>0 18 9 13 8</runs>
            <runs>0 18 7 14 8</runs>
            <runs>0 17 8 14 8</runs>
            <runs>0 17 7 14 9</runs>
            <runs>0 16 8 14 8</runs>
            <runs>0 15 9 13 9</runs>
            <runs>58</runs>
            <runs>58</runs>
            <runs>0 13 10 5 2 5 12 6 5</runs>
            <runs>0 14 8 13 9</runs>
            <runs>0 14 8 13 9</runs>
            <runs>0 14 7 14 9</runs>
            <runs>0 14 6 15 10</runs>
        </run-table>
    </sample>
    <sample shape="SHARP" interline="22" pitch="-1.8" left="218" top="439" id="268">
        <run-table orientation="VERTICAL" width="23" height="65">
            <runs>0 23 11 9 13</runs>
            <runs>0 22 12 9 13</runs>
            <runs>0 22 12 8 15</runs>
            <runs>0 21 13 8 15 4 3</runs>
            <runs>0 20 14 7 24</runs>
            <runs>0 8 57</runs>
            <runs>0 7 54</runs>
            <runs>0 15 14 12 10</runs>
            <runs>0 19 9 13 8</runs>
            <runs>0 18 10 12 9</runs>
            <runs>0 18 9 13 8</runs>
            <runs>0 17 9 13 9</runs>
            <runs>0 17 9 13 8</runs>
            <runs>0 17 9 12 9</runs>
            <runs>0 16 9 12 10</runs>
            <runs>0 15 11 10 23</runs>
            <runs>0 1 58</runs>
            <runs>59</runs>
            <runs>28 2 14</runs>
            <runs>0 13 11 11 9</runs>
            <runs>0 13 9 13 9</runs>
            <runs>0 13 9 13 8</runs>
            <runs>0 13 9 14 7</runs>
        </run-table>
    </sample>
    <sample shape="SHARP" interline="22" pitch="1.1" left="239" top="469" id="269">
        <run-table orientation="VERTICAL" width="24" height="69">
            <runs>0 31 2 12 9</runs>
            <runs>0 23 10 11 10</runs>
            <runs>0 23 10 11 10</runs>
            <runs>0 23 9 13 9</runs>
            <runs>0 23 10 7 14 4 11</runs>
            <runs>0 21 48</runs>
            <runs>0 10 59</runs>
            <runs>0 10 22 10 10 12 2</runs>
            <runs>0 18 13 12 8</runs>
            <runs>0 21 9 13 8</runs>
            <runs>0 21 9 13 7</runs>
            <runs>0 21 8 13 8</runs>
            <runs>0 20 9 12 9</runs>
            <runs>0 20 8 13 8</runs>
            <runs>0 19 9 12 9</runs>
            <runs>0 19 8 12 13</runs>
            <runs>0 18 9 4 30</runs>
            <runs>14 1 46</runs>
            <runs>31 6 16</runs>
            <runs>13 3 15 6 10</runs>
            <runs>0 16 10 11 10</runs>
            <runs>0 16 10 11 10</runs>
            <runs>0 16 10 12 9</runs>
            <runs>0 16 10</runs>
        </run-table>
    </sample>
    <sample shape="SHARP" interline="22" pitch="-3.0" left="262" top="426" id="270">
        <run-table orientation="VERTICAL" width="23" height="69">
            <runs>0 21 10 12 9</runs>
            <runs>0 21 10 12 9</runs>
            <runs>0 21 9 13 9</runs>
            <runs>0 21 9 12 10</runs>
            <runs>0 15 1 4 10 9 29</runs>
            <runs>0 8 61</runs>
            <runs>0 8 61</runs>
            <runs>0 19 10 12 9 7 2</runs>
            <runs>0 19 9 13 8</runs>
            <runs>0 19 8 14 8</runs>
            <runs>0 19 8 13 8</runs>
            <runs>0 18 9 13 8</runs>
            <runs>0 18 8 13 9</runs>
            <runs>0 17 9 13 8</runs>
            <runs>0 17 8 13 9</runs>
            <runs>0 16 9 11 11</runs>
            <runs>0 1 58</runs>
            <runs>59</runs>
            <runs>0 1 23 3 1 1 3 2 13 4 1</runs>
            <runs>0 14 10 11 11</runs>
            <runs>0 14 10 11 11</runs>
            <runs>0 13 11 11 11</runs>
            <runs>0 13 11 11 11</runs>
        </run-table>
    </sample>
    <sample shape="SHARP" interline="22" pitch="-3.9" left="215" top="736" id="311">
        <run-table orientation="VERTICAL" width="24" height="64">
            <runs>0 23 10 15 2</runs>
            <runs>0 22 11 10 12</runs>
            <runs>0 21 12 10 12</runs>
            <runs>0 21 12 10 12</runs>
            <runs>0 20 13 9 9</runs>
            <runs>0 7 27 1 2 4 14</runs>
            <runs>0 7 57</runs>
            <runs>0 7 5 4 48</runs>
            <runs>0 18 10 12 9 12 3</runs>
            <runs>0 18 10 12 8</runs>
            <runs>0 18 9 13 8</runs>
            <runs>0 17 9 13 9</runs>
            <runs>0 17 9 13 8</runs>
            <runs>0 16 9 13 9</runs>
            <runs>0 16 9 12 10</runs>
            <runs>0 15 9 13 9</runs>
            <runs>2 3 1 3 2 3 19 3 10</runs>
            <runs>58</runs>
            <runs>2 1 55</runs>
            <runs>0 13 10 4 17 7 7</runs>
            <runs>0 13 9 13 8</runs>
            <runs>0 12 10 12 9</runs>
            <runs>0 12 9 13 8</runs>
            <runs>0 13 8 13 6</runs>
        </run-table>
    </sample>
    <sample shape="SHARP" interline="22" pitch="-1.0" left="237" top="764" id="312">
        <run-table orientation="VERTICAL" width="24" height="70">
            <runs>0 27 2</runs>
            <runs>0 24 9 13 8</runs>
            <runs>0 24 10 12 8</runs>
            <runs>0 24 9 12 9</runs>
            <runs>0 24 9 12 9</runs>
            <runs>0 11 4 1 5 2 17 2 13 1 1 3 1 2 1</runs>
            <runs>0 10 60</runs>
            <runs>0 11 59</runs>
            <runs>0 22 9 11 10 9 9</runs>
            <runs>0 22 9 12 9</runs>
            <runs>0 22 8 13 9</runs>
            <runs>0 21 9 12 9</runs>
            <runs>0 20 9 13 9</runs>
            <runs>0 20 9 13 8</runs>
            <runs>0 19 9 13 9</runs>
            <runs>0 19 9 12 9</runs>
            <runs>0 1 8 9 11 2 1 6 11 3 1</runs>
            <runs>61</runs>
            <runs>61</runs>
            <runs>0 17 10 9 1 1 12 6 4</runs>
            <runs>0 17 9 12 10</runs>
            <runs>0 16 10 12 10</runs>
            <runs>0 16 10 12 10</runs>
            <runs>0 21 3 14 10</runs>
        </run-table>
    </sample>
    <sample shape="SHARP" interline="22" pitch="-5.1" left="258" top="723" id="313">
        <run-table orientation="VERTICAL" width="24" height="68">
            <runs>0 25 1</runs>
            <runs>0 23 8 11 9</runs>
            <runs>0 22 8 12 10</runs>
            <runs>0 22 8 12 9</runs>
            <runs>0 21 9 12 10</runs>
            <runs>0 8 26 7 11</runs>
            <runs>0 7 53</runs>
            <runs>0 9 59</runs>
            <runs>0 19 9 9 30</runs>
            <runs>0 19 8 13 10</runs>
            <runs>0 19 8 13 9</runs>
            <runs>0 18 8 14 9</runs>
            <runs>0 18 8 13 9</runs>
            <runs>0 17 8 14 9</runs>
            <runs>0 17 8 13 9</runs>
            <runs>0 16 9 13 9</runs>
            <runs>10 5 10 12 9</runs>
            <runs>54</runs>
            <runs>58</runs>
            <runs>0 1 2 11 9 5 1 5 24</runs>
            <runs>0 14 8 13 10</runs>
            <runs>0 13 9 13 10</runs>
            <runs>0 13 9 13 10</runs>
            <runs>0 13 8 14 10</runs>
        </run-table>
    </sample>
    <sample shape="SHARP" interline="22" pitch="-1.9" left="215" top="981" id="317">
        <run-table orientation="VERTICAL" width="23" height="65">
            <runs>0 23 5 16 1 2 4</runs>
            <runs>0 22 11 10 8</runs>
            <runs>0 22 11 10 8</runs>
            <runs>0 21 12 3 1 5 9</runs>
            <runs>0 17 12 7 2 3 10</runs>
            <runs>0 7 57</runs>
            <runs>0 7 58</runs>
            <runs>0 18 11 7 1 2 10 1 1 1 12</runs>
            <runs>0 18 9 13 9</runs>
            <runs>0 18 9 13 8</runs>
            <runs>0 18 8 13 9</runs>
            <runs>0 17 9 13 8</runs>
            <runs>0 17 8 14 8</runs>
            <runs>0 16 8 14 8</runs>
            <runs>0 15 9 14 8</runs>
            <runs>0 15 9 13 9</runs>
            <runs>58</runs>
            <runs>58</runs>
            <runs>44 4 10</runs>
            <runs>0 13 9 12 9</runs>
            <runs>0 13 8 13 9</runs>
            <runs>0 13 8 13 9</runs>
            <runs>0 13 8 14 7</runs>
        </run-table>
    </sample>
    <sample shape="SHARP" interline="22" pitch="1.1" left="236" top="1011" id="318">
        <run-table orientation="VERTICAL" width="25" height="69">
            <runs>0 44 8</runs>
            <runs>0 22 8 14 10</runs>
            <runs>0 22 10 12 10</runs>
            <runs>0 22 10 12 9</runs>
            <runs>0 22 10 12 9</runs>
            <runs>0 22 10 12 25</runs>
            <runs>0 10 7 2 13 1 1 2 33</runs>
            <runs>0 9 60</runs>
            <runs>0 13 3 4 32 8 9</runs>
            <runs>0 20 11 11 9</runs>
            <runs>0 20 9 13 9</runs>
            <runs>0 20 9 13 8</runs>
            <runs>0 19 9 13 9</runs>
            <runs>0 19 9 13 8</runs>
            <runs>0 18 9 13 9</runs>
            <runs>0 18 9 13 9</runs>
            <runs>0 18 8 13 12</runs>
            <runs>0 7 5 4 12 4 2 1 26</runs>
            <runs>60</runs>
            <runs>0 3 2 3 39 6 2 1 2</runs>
            <runs>0 15 10 7 1 2 12</runs>
            <runs>0 15 10 11 11</runs>
            <runs>0 15 10 11 11</runs>
            <runs>0 15 10 11 11</runs>
            <runs>0 18 7 12 10</runs>
        </run-table>
    </sample>
    <sample shape="SHARP" interline="22" pitch="-3.1" left="260" top="968" id="320">
        <run-table orientation="VERTICAL" width="23" height="68">
            <runs>0 20 9 13 8</runs>
            <runs>0 20 9 13 9</runs>
            <runs>0 20 9 13 9</runs>
            <runs>0 19 10 13 8</runs>
            <runs>0 14 16 10 11 8 9</runs>
            <runs>0 6 62</runs>
            <runs>0 6 62</runs>
            <runs>0 17 10 13 12 3 13</runs>
            <runs>0 18 9 13 8</runs>
            <runs>0 18 8 14 8</runs>
            <runs>0 17 9 13 8</runs>
            <runs>0 17 9 13 8</runs>
            <runs>0 17 8 13 8</runs>
            <runs>0 16 9 13 8</runs>
            <runs>0 15 9 13 9</runs>
            <runs>0 15 10 11 11</runs>
            <runs>58</runs>
            <runs>57</runs>
            <runs>8 1 18 2 20</runs>
            <runs>0 12 12 10 12</runs>
            <runs>0 13 10 11 11</runs>
            <runs>0 13 10 11 11</runs>
            <runs>0 13 10 11 11</runs>
        </run-table>
    </sample>
    <sample shape="SHARP" interline="22" pitch="-3.8" left="215" top="1261" id="355">
        <run-table orientation="VERTICAL" width="23" height="56">
            <runs>0 17 9 10 8</runs>
            <runs>0 15 11 10 8</runs>
            <runs>0 15 11 10 7</runs>
            <runs>0 15 7 13 8</runs>
            <runs>0 14 13 4 18</runs>
            <runs>0 2 54</runs>
            <runs>0 2 19 2 33</runs>
            <runs>0 12 8 14 8</runs>
            <runs>0 12 8 14 7</runs>
            <runs>0 12 7 14 8</runs>
            <runs>0 11 8 14 7</runs>
            <runs>0 11 7 14 8</runs>
            <runs>0 10 8 14 7</runs>
            <runs>0 10 7 14 8</runs>
            <runs>0 9 8 13 9</runs>
            <runs>0 9 11 8 11</runs>
            <runs>0 1 2 4 44</runs>
            <runs>51</runs>
            <runs>0 1 2 3 11 11 8</runs>
            <runs>0 7 8 13 8</runs>
            <runs>0 7 8 12 9</runs>
            <runs>0 7 7 14 7</runs>
            <runs>0 7 7 16 2</runs>
        </run-table>
    </sample>
    <sample shape="SHARP" interline="22" pitch="-1.0" left="236" top="1283" id="356">
        <run-table orientation="VERTICAL" width="24" height="70">
            <runs>0 23 7</runs>
            <runs>0 23 10 12 9</runs>
            <runs>0 23 10 12 9</runs>
            <runs>0 23 10 12 9</runs>
            <runs>0 23 10 12 9</runs>
            <runs>0 17 1 1 18 5 14 1 1 1 11</runs>
            <runs>0 12 58</runs>
            <runs>0 14 5 1 14 7 21 2 2</runs>
            <runs>0 21 10 13 8</runs>
            <runs>0 22 8 14 7</runs>
            <runs>0 22 8 13 8</runs>
            <runs>0 21 8 13 8</runs>
            <runs>0 20 9 13 8</runs>
            <runs>0 20 8 14 8</runs>
            <runs>0 20 8 13 9</runs>
            <runs>0 19 9 12 9</runs>
            <runs>0 4 2 7 2 3 10 11 11 3 1</runs>
            <runs>62</runs>
            <runs>61</runs>
            <runs>0 16 11 11 11</runs>
            <runs>0 17 9 12 10</runs>
            <runs>0 17 9 12 10</runs>
            <runs>0 17 9 12 10</runs>
            <runs>0 18 8 14 1 1 2</runs>
        </run-table>
    </sample>
    <sample shape="SHARP" interline="22" pitch="-5.1" left="258" top="1241" id="357">
        <run-table orientation="VERTICAL" width="24" height="68">
            <runs>0 43 8</runs>
            <runs>0 23 7 13 8</runs>
            <runs>0 22 8 12 9</runs>
            <runs>0 21 9 12 9</runs>
            <runs>0 20 9 8 2 1 11 5 2</runs>
            <runs>0 10 4 1 15 5 33</runs>
            <runs>0 9 59</runs>
            <runs>0 16 14 1 6 4 8</runs>
            <runs>0 19 9 13 7</runs>
            <runs>0 19 8 13 8</runs>
            <runs>0 19 7 14 7</runs>
            <runs>0 18 8 13 8</runs>
            <runs>0 18 7 14 7</runs>
            <runs>0 17 8 13 8</runs>
            <runs>0 16 8 14 8</runs>
            <runs>0 16 8 13 11</runs>
            <runs>0 1 8 6 12 1 2 1 1 1 25</runs>
            <runs>58</runs>
            <runs>46</runs>
            <runs>0 1 1 11 9 13 10</runs>
            <runs>0 13 9 13 10</runs>
            <runs>0 13 8 14 10</runs>
            <runs>0 13 9 13 4 1 2</runs>
            <runs>0 14 4 17 2</runs>
        </run-table>
    </sample>
    <sample shape="SHARP" interline="22" pitch="-2.0" left="215" top="1484" id="362">
        <run-table orientation="VERTICAL" width="23" height="64">
            <runs>0 21 8 14 7</runs>
            <runs>0 21 8 13 8</runs>
            <runs>0 20 9 13 9</runs>
            <runs>0 20 9 12 9</runs>
            <runs>0 16 18 5 11 2 11</runs>
            <runs>0 13 51</runs>
            <runs>0 7 27 4 12 1 12</runs>
            <runs>0 7 9 2 9 12 9</runs>
            <runs>0 18 9 12 8</runs>
            <runs>0 17 8 14 8</runs>
            <runs>0 17 8 14 8</runs>
            <runs>0 17 8 13 8</runs>
            <runs>0 17 7 14 8</runs>
            <runs>0 16 8 13 8</runs>
            <runs>0 16 8 12 9</runs>
            <runs>0 16 11 1 19</runs>
            <runs>0 6 2 6 43</runs>
            <runs>49 1 7</runs>
            <runs>22 12 9</runs>
            <runs>0 13 9 12 9</runs>
            <runs>0 13 8 13 8</runs>
            <runs>0 13 7 10 11</runs>
            <runs>0 13 5 17 3</runs>
        </run-table>
    </sample>
    <sample shape="SHARP" interline="22" pitch="1.0" left="237" top="1513" id="363">
        <run-table orientation="VERTICAL" width="24" height="69">
            <runs>0 27 3</runs>
            <runs>0 23 10 12 9</runs>
            <runs>0 23 10 12 9</runs>
            <runs>0 23 10 12 9</runs>
            <runs>0 23 9 13 9</runs>
            <runs>0 10 25 8 14 5 1 1 2</runs>
            <runs>0 9 60</runs>
            <runs>0 12 4 2 16 7 28</runs>
            <runs>0 21 9 13 9</runs>
            <runs>0 21 9 13 8</runs>
            <runs>0 21 8 14 8</runs>
            <runs>0 21 7 14 8</runs>
            <runs>0 20 8 14 8</runs>
            <runs>0 20 8 13 9</runs>
            <runs>0 19 9 13 8</runs>
            <runs>0 19 9 12 9</runs>
            <runs>0 5 2 4 3 4 11 2 1 8 9 9 1</runs>
            <runs>61</runs>
            <runs>0 6 1 1 53</runs>
            <runs>0 16 10 12 10</runs>
            <runs>0 16 9 13 9</runs>
            <runs>0 16 10 12 9</runs>
            <runs>0 16 10 12 9</runs>
            <runs>0 38 1</runs>
        </run-table>
    </sample>
    <sample shape="SHARP" interline="22" pitch="-3.1" left="259" top="1471" id="364">
        <run-table orientation="VERTICAL" width="24" height="67">
            <runs>0 20 8 1 1 12 9</runs>
            <runs>0 20 10 13 9</runs>
            <runs>0 20 10 12 9</runs>
            <runs>0 20 10 12 9</runs>
            <runs>0 20 10 11 12</runs>
            <runs>0 20 47</runs>
            <runs>0 8 59</runs>
            <runs>0 9 6 1 13 12 10</runs>
            <runs>0 19 10 12 9</runs>
            <runs>0 19 9 12 9</runs>
            <runs>0 19 8 13 8</runs>
            <runs>0 18 9 13 8</runs>
            <runs>0 18 9 12 8</runs>
            <runs>0 17 9 12 9</runs>
            <runs>0 16 9 12 9</runs>
            <runs>0 16 9 12 9</runs>
            <runs>0 5 3 7 13 1 30</runs>
            <runs>58</runs>
            <runs>29 5 12 7 3</runs>
            <runs>0 1 2 1 4 4 15 8 10</runs>
            <runs>0 14 10 11 10</runs>
            <runs>0 13 10 12 10</runs>
            <runs>0 13 10 12 10</runs>
            <runs>0 13 10</runs>
        </run-table>
    </sample>
    <sample shape="SHARP" interline="22" pitch="-3.9" left="214" top="1789" id="400">
        <run-table orientation="VERTICAL" width="24" height="65">
            <runs>0 23 2 2 7 10 8</runs>
            <runs>0 22 12 10 8</runs>
            <runs>0 22 12 9 8</runs>
            <runs>0 21 13 9 9</runs>
            <runs>0 21 13 8 23</runs>
            <runs>0 7 58</runs>
            <runs>0 7 58</runs>
            <runs>0 9 1 6 34 10 4</runs>
            <runs>0 19 9 12 9</runs>
            <runs>0 19 8 13 9</runs>
            <runs>0 18 8 14 8</runs>
            <runs>0 18 8 14 8</runs>
            <runs>0 18 8 13 8</runs>
            <runs>0 17 8 14 8</runs>
            <runs>0 17 8 13 8</runs>
            <runs>0 16 9 13 10 2 9</runs>
            <runs>0 1 10 4 12 10 22</runs>
            <runs>59</runs>
            <runs>48 8 2</runs>
            <runs>0 13 10 12 9</runs>
            <runs>0 13 10 12 9</runs>
            <runs>0 13 9 13 9</runs>
            <runs>0 13 8 14 8</runs>
            <runs>0 17 1 19 6</runs>
        </run-table>
    </sample>
    <sample shape="SHARP" interline="22" pitch="-1.0" left="235" top="1819" id="401">
        <run-table orientation="VERTICAL" width="24" height="70">
            <runs>0 27 4</runs>
            <runs>0 23 9 13 8</runs>
            <runs>0 23 9 12 9</runs>
            <runs>0 23 9 12 9</runs>
            <runs>0 22 10 11 10</runs>
            <runs>0 21 14 1 34</runs>
            <runs>0 10 1 2 56</runs>
            <runs>0 9 61</runs>
            <runs>0 9 5 6 10 11 11 8 5</runs>
            <runs>0 20 9 12 10</runs>
            <runs>0 20 9 12 9</runs>
            <runs>0 19 9 13 9</runs>
            <runs>0 19 9 13 9</runs>
            <runs>0 19 9 12 9</runs>
            <runs>0 18 9 13 9</runs>
            <runs>0 18 9 12 9</runs>
            <runs>0 17 10 10 12 2 5 2 1</runs>
            <runs>0 14 46</runs>
            <runs>60</runs>
            <runs>34 2 19 1 3</runs>
            <runs>12 1 1 1 11 11 11</runs>
            <runs>0 15 11 10 12</runs>
            <runs>0 15 11 10 11</runs>
            <runs>0 16 10 10 11</runs>
        </run-table>
    </sample>
    <sample shape="SHARP" interline="22" pitch="-5.0" left="258" top="1777" id="402">
        <run-table orientation="VERTICAL" width="25" height="68">
            <runs>0 25 1</runs>
            <runs>0 23 6</runs>
            <runs>0 22 9 11 10</runs>
            <runs>0 22 8 12 10</runs>
            <runs>0 21 9 12 10</runs>
            <runs>0 20 10 12 9 5 12</runs>
            <runs>0 8 27 1 32</runs>
            <runs>0 7 61</runs>
            <runs>0 16 13 9 18</runs>
            <runs>0 19 9 13 9</runs>
            <runs>0 19 9 13 8</runs>
            <runs>0 18 9 13 9</runs>
            <runs>0 18 9 13 8</runs>
            <runs>0 17 9 13 9</runs>
            <runs>0 17 9 13 8</runs>
            <runs>0 17 8 13 9</runs>
            <runs>0 16 9 13 9 11 1</runs>
            <runs>0 1 48 3 7</runs>
            <runs>59</runs>
            <runs>56</runs>
            <runs>0 5 2 1 2 3 11 11 11</runs>
            <runs>0 13 10 12 10</runs>
            <runs>0 13 10 12 10</runs>
            <runs>0 14 9 12 10</runs>
            <runs>0 15 7 16 7</runs>
        </run-table>
    </sample>
    <sample shape="SHARP" interline="22" pitch="-1.9" left="216" top="2043" id="406">
        <run-table orientation="VERTICAL" width="23" height="65">
            <runs>0 22 12 9 8</runs>
            <runs>0 22 12 8 9</runs>
            <runs>0 21 13 8 9</runs>
            <runs>0 21 8 12 10</runs>
            <runs>0 20 14 3 2 2 16 1 5</runs>
            <runs>0 13 52</runs>
            <runs>0 7 58</runs>
            <runs>0 15 1 2 10 11 23</runs>
            <runs>0 18 10 11 10</runs>
            <runs>0 18 9 12 9</runs>
            <runs>0 18 8 13 9</runs>
            <runs>0 18 8 12 10</runs>
            <runs>0 17 8 13 9</runs>
            <runs>0 17 7 14 9</runs>
            <runs>0 16 8 13 9</runs>
            <runs>0 16 8 13 9</runs>
            <runs>0 13 45</runs>
            <runs>5 1 52</runs>
            <runs>26 2 30</runs>
            <runs>12 2 9 12 9</runs>
            <runs>0 13 9 13 8</runs>
            <runs>0 13 9 13 7</runs>
            <runs>0 13 8 13 8</runs>
        </run-table>
    </sample>
    <sample shape="SHARP" interline="22" pitch="1.1" left="237" top="2077" id="407">
        <run-table orientation="VERTICAL" width="24" height="65">
            <runs>0 19 11 17 4</runs>
            <runs>0 19 12 10 11</runs>
            <runs>0 18 12 11 11</runs>
            <runs>0 10 1 7 12 11 11</runs>
            <runs>0 10 1 7 12 11 10</runs>
            <runs>0 7 24 2 20 7 2</runs>
            <runs>0 7 58</runs>
            <runs>0 7 58</runs>
            <runs>0 18 11 9 12 3 1 2 9</runs>
            <runs>0 18 10 12 9</runs>
            <runs>0 17 10 12 10</runs>
            <runs>0 17 10 12 9</runs>
            <runs>0 17 9 13 9</runs>
            <runs>0 16 10 12 9</runs>
            <runs>0 16 10 12 9</runs>
            <runs>0 16 9 12 10</runs>
            <runs>0 1 9 1 15 2 5 2 12</runs>
            <runs>59</runs>
            <runs>59</runs>
            <runs>0 2 3 7 34 8 3</runs>
            <runs>0 13 9 13 10</runs>
            <runs>0 13 9 13 9</runs>
            <runs>0 13 9 13 9</runs>
            <runs>0 15 7 13 9</runs>
        </run-table>
    </sample>
    <sample shape="SHARP" interline="22" pitch="-3.0" left="259" top="2031" id="408">
        <run-table orientation="VERTICAL" width="25" height="68">
            <runs>0 25 4 16 3</runs>
            <runs>0 20 9 13 9</runs>
            <runs>0 20 9 13 8</runs>
            <runs>0 20 9 12 9</runs>
            <runs>0 20 9 12 9</runs>
            <runs>0 20 48</runs>
            <runs>0 7 8 3 50</runs>
            <runs>0 7 24 5 32</runs>
            <runs>0 11 3 4 9 12 10 11 1</runs>
            <runs>0 18 8 13 9</runs>
            <runs>0 18 8 13 8</runs>
            <runs>0 18 7 14 8</runs>
            <runs>0 17 8 13 8</runs>
            <runs>0 17 8 13 8</runs>
            <runs>0 16 8 13 9</runs>
            <runs>0 16 8 13 8</runs>
            <runs>0 16 8 1 3 8 10</runs>
            <runs>8 1 4 2 43</runs>
            <runs>57</runs>
            <runs>25 9 11</runs>
            <runs>0 13 10 11 11</runs>
            <runs>0 13 10 11 11</runs>
            <runs>0 13 10 11 11</runs>
            <runs>0 12 10 13 2</runs>
            <runs>0 13 3</runs>
        </run-table>
    </sample>
    <sample shape="SHARP" interline="22" pitch="-3.8" left="214" top="2350" id="445">
        <run-table orientation="VERTICAL" width="25" height="65">
            <runs>0 45 10</runs>
            <runs>0 23 9 11 12</runs>
            <runs>0 22 10 11 12</runs>
            <runs>0 22 10 10 13</runs>
            <runs>0 21 11 10 9</runs>
            <runs>0 21 12 7 25</runs>
            <runs>0 7 58</runs>
            <runs>0 6 59</runs>
            <runs>0 7 32 1 9</runs>
            <runs>0 18 15 7 9</runs>
            <runs>0 18 10 12 8</runs>
            <runs>0 18 9 13 8</runs>
            <runs>0 18 8 13 8</runs>
            <runs>0 17 9 13 8</runs>
            <runs>0 16 9 14 7</runs>
            <runs>0 16 9 13 8</runs>
            <runs>0 16 9 12 9 3 7</runs>
            <runs>0 1 6 3 3 1 11 10 23</runs>
            <runs>58</runs>
            <runs>45 10 3</runs>
            <runs>0 12 11 11 10</runs>
            <runs>0 14 9 12 8</runs>
            <runs>0 13 9 13 8</runs>
            <runs>0 13 9 12 5 1 2</runs>
            <runs>0 13 5 20 1</runs>
        </run-table>
    </sample>
    <sample shape="SHARP" interline="22" pitch="-1.0" left="238" top="2379" id="446">
        <run-table orientation="VERTICAL" width="24" height="70">
            <runs>0 23 7</runs>
            <runs>0 23 9 13 8</runs>
            <runs>0 23 9 13 8</runs>
            <runs>0 23 9 12 9</runs>
            <runs>0 22 10 12 9</runs>
            <runs>0 10 3 1 2 1 19 1 5 2 9 6 1 1 9</runs>
            <runs>0 9 61</runs>
            <runs>0 8 2 7 53</runs>
            <runs>0 20 10 12 9</runs>
            <runs>0 20 9 13 9</runs>
            <runs>0 20 9 13 8</runs>
            <runs>0 19 9 13 9</runs>
            <runs>0 19 9 13 8</runs>
            <runs>0 18 9 13 9</runs>
            <runs>0 18 9 13 9</runs>
            <runs>0 17 9 13 10</runs>
            <runs>0 10 4 1 13 2 2 3 1 1 12</runs>
            <runs>61</runs>
            <runs>60</runs>
            <runs>10 5 11 5 2 4 10</runs>
            <runs>0 15 11 11 10</runs>
            <runs>0 15 11 11 10</runs>
            <runs>0 15 11 11 10</runs>
            <runs>0 20 2 21 2</runs>
        </run-table>
    </sample>
    <sample shape="SHARP" interline="22" pitch="-4.9" left="260" top="2337" id="447">
        <run-table orientation="VERTICAL" width="24" height="67">
            <runs>0 23 1</runs>
            <runs>0 22 8 12 10</runs>
            <runs>0 21 9 12 10</runs>
            <runs>0 21 8 13 9</runs>
            <runs>0 20 9 13 9 1 3</runs>
            <runs>0 7 7 4 13 7 1 1 27</runs>
            <runs>0 6 61</runs>
            <runs>0 7 2 2 56</runs>
            <runs>0 18 10 11 12</runs>
            <runs>0 18 9 12 9</runs>
            <runs>0 18 8 13 9</runs>
            <runs>0 18 8 13 8</runs>
            <runs>0 17 8 14 8</runs>
            <runs>0 17 8 13 9</runs>
            <runs>0 16 8 13 10</runs>
            <runs>0 15 9 13 9</runs>
            <runs>0 1 3 3 1 1 2 1 13 3 1 7 10 6 7</runs>
            <runs>59</runs>
            <runs>58</runs>
            <runs>0 1 3 8 11 4 3 2 15 4 1</runs>
            <runs>0 13 9 12 11</runs>
            <runs>0 13 9 12 11</runs>
            <runs>0 13 8 13 11</runs>
            <runs>0 13 8 13 11</runs>
        </run-table>
    </sample>
    <sample shape="SHARP" interline="22" pitch="-1.8" left="217" top="2605" id="451">
        <run-table orientation="VERTICAL" width="24" height="64">
            <runs>0 24 4 16 6</runs>
            <runs>0 22 10 11 12</runs>
            <runs>0 21 11 10 13</runs>
            <runs>0 21 11 10 9</runs>
            <runs>0 20 12 9 14</runs>
            <runs>0 13 20 1 30</runs>
            <runs>0 7 57</runs>
            <runs>0 14 1 2 11 9 27</runs>
            <runs>0 18 9 13 9</runs>
            <runs>0 18 9 13 8</runs>
            <runs>0 18 8 13 9</runs>
            <runs>0 18 8 13 8</runs>
            <runs>0 17 8 14 8</runs>
            <runs>0 16 9 13 8</runs>
            <runs>0 16 8 14 8</runs>
            <runs>0 15 9 13 9</runs>
            <runs>0 14 10 12 10</runs>
            <runs>0 1 3 2 52</runs>
            <runs>11 1 45</runs>
            <runs>6 7 9 12 10</runs>
            <runs>0 13 8 14 8</runs>
            <runs>0 13 8 14 8</runs>
            <runs>0 13 8 13 8</runs>
            <runs>0 38 1</runs>
        </run-table>
    </sample>
    <sample shape="SHARP" interline="22" pitch="1.2" left="238" top="2634" id="452">
        <run-table orientation="VERTICAL" width="23" height="69">
            <runs>0 23 11 15 5</runs>
            <runs>0 23 11 11 10</runs>
            <runs>0 23 10 12 10</runs>
            <runs>0 23 10 12 10</runs>
            <runs>0 22 11 11 13</runs>
            <runs>0 11 58</runs>
            <runs>0 11 58</runs>
            <runs>0 17 16 1 35</runs>
            <runs>0 22 10 11 10 8 3</runs>
            <runs>0 22 9 12 9</runs>
            <runs>0 21 10 12 9</runs>
            <runs>0 21 9 12 9</runs>
            <runs>0 20 10 12 9</runs>
            <runs>0 20 9 12 9</runs>
            <runs>0 20 9 12 9</runs>
            <runs>0 19 10 11 9</runs>
            <runs>58</runs>
            <runs>62</runs>
            <runs>0 13 48</runs>
            <runs>0 17 11 2 1 3 14</runs>
            <runs>0 17 9 12 10</runs>
            <runs>0 17 9 12 9</runs>
            <runs>0 17 9 12 10</runs>
        </run-table>
    </sample>
    <sample shape="SHARP" interline="22" pitch="-2.8" left="260" top="2594" id="453">
        <run-table orientation="VERTICAL" width="24" height="66">
            <runs>0 22 6 12 10</runs>
            <runs>0 18 10 12 10</runs>
            <runs>0 18 10 12 10</runs>
            <runs>0 18 10 12 10</runs>
            <runs>0 17 11 12 14</runs>
            <runs>0 10 19 5 32</runs>
            <runs>0 5 61</runs>
            <runs>0 6 20 13 27</runs>
            <runs>0 17 9 13 9</runs>
            <runs>0 17 8 14 9</runs>
            <runs>0 17 8 14 8</runs>
            <runs>0 17 7 14 9</runs>
            <runs>0 16 8 14 8</runs>
            <runs>0 16 7 14 8</runs>
            <runs>0 15 8 13 9</runs>
            <runs>0 15 8 13 9</runs>
            <runs>0 3 1 3 4 3 8 8 1 3 16</runs>
            <runs>57</runs>
            <runs>21 8 27</runs>
            <runs>0 6 15 13 9</runs>
            <runs>0 12 9 13 9</runs>
            <runs>0 12 9 12 10</runs>
            <runs>0 12 8 13 10</runs>
            <runs>0 13 2 1 1</runs>
        </run-table>
    </sample>
    <sample shape="SHARP" interline="22" pitch="-4.0" left="215" top="2880" id="488">
        <run-table orientation="VERTICAL" width="24" height="64">
            <runs>0 24 9</runs>
            <runs>0 22 11 10 8</runs>
            <runs>0 21 12 9 8</runs>
            <runs>0 21 8 13 8</runs>
            <runs>0 20 13 9 8</runs>
            <runs>0 8 2 8 16 7 10 9 4</runs>
            <runs>0 6 58</runs>
            <runs>0 7 57</runs>
            <runs>0 18 9 13 8</runs>
            <runs>0 18 9 13 8</runs>
            <runs>0 17 8 14 8</runs>
            <runs>0 17 8 14 8</runs>
            <runs>0 17 8 14 7</runs>
            <runs>0 16 8 14 8</runs>
            <runs>0 16 8 14 8</runs>
            <runs>0 15 8 14 8</runs>
            <runs>0 14 10 12 9 10 4</runs>
            <runs>59</runs>
            <runs>58</runs>
            <runs>0 12 10 8 14</runs>
            <runs>0 13 8 13 9</runs>
            <runs>0 12 9 13 8</runs>
            <runs>0 12 9 9 12</runs>
            <runs>0 13 7 14 7</runs>
        </run-table>
    </sample>
    <sample shape="SHARP" interline="22" pitch="-0.9" left="236" top="2910" id="489">
        <run-table orientation="VERTICAL" width="24" height="70">
            <runs>0 45 8</runs>
            <runs>0 22 9 14 9</runs>
            <runs>0 22 10 13 9</runs>
            <runs>0 22 10 13 9</runs>
            <runs>0 22 10 12 11</runs>
            <runs>0 22 10 2 36</runs>
            <runs>0 9 61</runs>
            <runs>0 9 25 2 2 3 28</runs>
            <runs>0 12 2 4 13 12 9</runs>
            <runs>0 21 9 13 8</runs>
            <runs>0 21 9 12 9</runs>
            <runs>0 20 9 13 8</runs>
            <runs>0 20 8 13 9</runs>
            <runs>0 18 10 13 9</runs>
            <runs>0 18 10 12 9</runs>
            <runs>0 18 9 13 9</runs>
            <runs>0 18 9 11 22</runs>
            <runs>28 2 3 1 27</runs>
            <runs>61</runs>
            <runs>29 1 4 3 10</runs>
            <runs>0 16 9 12 11</runs>
            <runs>0 16 9 12 11</runs>
            <runs>0 16 9 12 11</runs>
            <runs>0 16 9</runs>
        </run-table>
    </sample>
    <sample shape="SHARP" interline="22" pitch="-4.9" left="259" top="2869" id="490">
        <run-table orientation="VERTICAL" width="23" height="66">
            <runs>0 23 7 11 10</runs>
            <runs>0 22 8 11 10</runs>
            <runs>0 21 9 11 10</runs>
            <runs>0 21 9 11 10</runs>
            <runs>0 8 2 4 3 4 9 10 11 3 4 1 1</runs>
            <runs>0 7 59</runs>
            <runs>0 7 42 1 16</runs>
            <runs>0 18 10 12 9 4 7</runs>
            <runs>0 18 9 13 9</runs>
            <runs>0 18 8 14 9</runs>
            <runs>0 18 8 14 8</runs>
            <runs>0 17 9 13 8</runs>
            <runs>0 17 8 14 8</runs>
            <runs>0 16 9 13 8</runs>
            <runs>0 16 8 13 9</runs>
            <runs>0 4 2 9 10 5 2 5 9 10 1</runs>
            <runs>59</runs>
            <runs>59</runs>
            <runs>11 1 38 5 2</runs>
            <runs>0 13 9 13 9</runs>
            <runs>0 13 9 12 10</runs>
            <runs>0 13 9 12 10</runs>
            <runs>0 14 7 13 10</runs>
        </run-table>
    </sample>
    <sample shape="SHARP" interline="22" pitch="-1.8" left="215" top="3136" id="494">
        <run-table orientation="VERTICAL" width="25" height="65">
            <runs>0 43 12</runs>
            <runs>0 22 10 11 12</runs>
            <runs>0 21 11 10 12</runs>
            <runs>0 21 11 10 12</runs>
            <runs>0 20 16 1 18 7 2</runs>
            <runs>0 10 3 3 49</runs>
            <runs>0 7 57</runs>
            <runs>0 7 25 6 11 10 1</runs>
            <runs>0 17 11 12 9</runs>
            <runs>0 18 9 12 9</runs>
            <runs>0 18 9 12 9</runs>
            <runs>0 17 10 11 9</runs>
            <runs>0 17 9 12 9</runs>
            <runs>0 17 8 13 9</runs>
            <runs>0 16 9 12 10</runs>
            <runs>0 16 8 12 11</runs>
            <runs>0 5 2 8 10 5 28</runs>
            <runs>58</runs>
            <runs>44 1 13</runs>
            <runs>3 2 27 3 8</runs>
            <runs>0 13 10 11 9</runs>
            <runs>0 13 9 12 9</runs>
            <runs>0 13 9 12 8</runs>
            <runs>0 13 8</runs>
            <runs>0 15 1</runs>
        </run-table>
    </sample>
    <sample shape="SHARP" interline="22" pitch="0.9" left="237" top="3164" id="495">
        <run-table orientation="VERTICAL" width="24" height="70">
            <runs>0 51 2</runs>
            <runs>0 23 9 13 9</runs>
            <runs>0 23 9 13 9</runs>
            <runs>0 23 9 13 9</runs>
            <runs>0 23 9 12 10</runs>
            <runs>0 9 25 2 3 2 29</runs>
            <runs>0 9 61</runs>
            <runs>0 19 19 1 31</runs>
            <runs>0 20 10 12 9</runs>
            <runs>0 20 10 12 9</runs>
            <runs>0 20 9 13 8</runs>
            <runs>0 20 8 14 8</runs>
            <runs>0 19 9 13 9</runs>
            <runs>0 19 8 14 8</runs>
            <runs>0 18 9 13 9</runs>
            <runs>0 18 9 13 9</runs>
            <runs>15 1 13 7 13 7 2</runs>
            <runs>0 1 60</runs>
            <runs>0 1 60</runs>
            <runs>0 15 12 9 12 10 2</runs>
            <runs>0 15 11 11 11</runs>
            <runs>0 15 11 11 11</runs>
            <runs>0 15 11 11 11</runs>
            <runs>0 16 10 15 7</runs>
        </run-table>
    </sample>
    <sample shape="SHARP" interline="22" pitch="-3.0" left="260" top="3124" id="496">
        <run-table orientation="VERTICAL" width="24" height="66">
            <runs>0 41 10</runs>
            <runs>0 18 12 11 10</runs>
            <runs>0 19 11 11 10</runs>
            <runs>0 19 10 12 10</runs>
            <runs>0 19 10 12 10 9 1</runs>
            <runs>0 7 1 1 5 2 13 9 28</runs>
            <runs>0 6 60</runs>
            <runs>0 6 44 4 1 2 4</runs>
            <runs>0 17 11 11 9</runs>
            <runs>0 18 9 13 8</runs>
            <runs>0 18 8 14 7</runs>
            <runs>0 17 9 13 8</runs>
            <runs>0 17 8 14 7</runs>
            <runs>0 16 9 13 8</runs>
            <runs>0 16 9 13 8</runs>
            <runs>0 16 9 12 9</runs>
            <runs>0 4 3 7 12 10 22</runs>
            <runs>28 1 29</runs>
            <runs>46 4 8</runs>
            <runs>10 1 18 1 14</runs>
            <runs>0 13 10 12 9</runs>
            <runs>0 13 9 13 10</runs>
            <runs>0 14 9 12 10</runs>
            <runs>0 13 10 12 10</runs>
        </run-table>
    </sample>
</samples>
