<?xml version="1.0" encoding="UTF-8"?>
<stick id="1601" interline="20" shape="COMMON_TIME">
    <is-within-system>true</is-within-system>
    <has-ledger>false</has-ledger>
    <stem-number>0</stem-number>
    <step-line>-0.04938271604938271</step-line>
    <moments>
        <k>2.19</k>
        <k>2.1</k>
        <k>2.05</k>
        <k>0.1579816646592329</k>
        <k>-0.015151957916911016</k>
        <k>0.15646618622255748</k>
        <k>0.0179717593176137</k>
        <k>0.002757920646359239</k>
        <k>0.010883949149869789</k>
        <k>0.01267072220252846</k>
        <k>0.3144478508817904</k>
        <k>9.206239897553978E-4</k>
        <k>2.3483824712152492E-4</k>
        <k>0.001070694931318932</k>
        <k>-2.0351730561936338E-7</k>
        <k>-2.6081757598326544E-5</k>
        <k>4.96818429674612E-7</k>
        <k>182.39497716894977</k>
        <k>1551.3070776255709</k>
    </moments><members>
    <section id="288" first-pos="163">
        <run start="1552" length="1" level="200"/>
        <run start="1552" length="4" level="184"/>
    </section>
    <section id="295" first-pos="165">
        <run start="1547" length="14" level="78"/>
    </section>
    <section id="300" first-pos="166">
        <run start="1543" length="20" level="54"/>
        <run start="1542" length="23" level="47"/>
        <run start="1540" length="27" level="41"/>
        <run start="1539" length="29" level="37"/>
        <run start="1537" length="32" level="34"/>
        <run start="1536" length="34" level="32"/>
        <run start="1534" length="37" level="34"/>
        <run start="1533" length="39" level="42"/>
        <run start="1533" length="39" level="42"/>
        <run start="1533" length="40" level="46"/>
        <run start="1533" length="40" level="46"/>
        <run start="1533" length="40" level="46"/>
    </section>
    <section id="340" first-pos="178">
        <run start="1533" length="12" level="64"/>
        <run start="1533" length="9" level="88"/>
        <run start="1533" length="5" level="152"/>
        <run start="1533" length="4" level="188"/>
        <run start="1533" length="3" level="200"/>
        <run start="1533" length="1" level="200"/>
    </section>
    <section id="341" first-pos="178">
        <run start="1550" length="23" level="58"/>
    </section>
    <section id="344" first-pos="179">
        <run start="1564" length="9" level="57"/>
        <run start="1566" length="7" level="73"/>
        <run start="1568" length="5" level="101"/>
        <run start="1568" length="5" level="102"/>
        <run start="1569" length="4" level="126"/>
        <run start="1570" length="3" level="167"/>
        <run start="1570" length="3" level="169"/>
        <run start="1571" length="2" level="200"/>
        <run start="1572" length="1" level="200"/>
        <run start="1572" length="1" level="200"/>
        <run start="1571" length="2" level="200"/>
        <run start="1570" length="3" level="170"/>
        <run start="1570" length="3" level="167"/>
        <run start="1570" length="3" level="167"/>
        <run start="1569" length="4" level="129"/>
        <run start="1569" length="4" level="125"/>
        <run start="1568" length="5" level="102"/>
        <run start="1567" length="6" level="85"/>
        <run start="1566" length="7" level="73"/>
        <run start="1565" length="7" level="44"/>
        <run start="1563" length="8" level="34"/>
        <run start="1560" length="10" level="28"/>
    </section>
    <section id="420" first-pos="201">
        <run start="1552" length="17" level="47"/>
        <run start="1552" length="15" level="51"/>
        <run start="1552" length="13" level="59"/>
        <run start="1552" length="9" level="85"/>
    </section>
    <section id="361" first-pos="185">
        <run start="1542" length="2" level="125"/>
    </section>
    <section id="367" first-pos="186">
        <run start="1539" length="7" level="36"/>
        <run start="1538" length="10" level="26"/>
        <run start="1537" length="12" level="22"/>
        <run start="1536" length="14" level="19"/>
        <run start="1535" length="15" level="11"/>
        <run start="1534" length="17" level="22"/>
        <run start="1533" length="19" level="41"/>
        <run start="1532" length="21" level="56"/>
        <run start="1532" length="21" level="56"/>
        <run start="1532" length="20" level="49"/>
        <run start="1532" length="19" level="41"/>
        <run start="1532" length="18" level="43"/>
        <run start="1532" length="17" level="46"/>
        <run start="1532" length="16" level="66"/>
    </section>
    <section id="413" first-pos="200">
        <run start="1532" length="4" level="192"/>
    </section>
    <section id="414" first-pos="200">
        <run start="1538" length="9" level="34"/>
    </section>
    <section id="419" first-pos="201">
        <run start="1540" length="3" level="91"/>
    </section>
</members></stick>
