<?xml version="1.0" encoding="UTF-8"?>
<stick id="1602" interline="20" shape="COMMON_TIME">
    <is-within-system>true</is-within-system>
    <has-ledger>false</has-ledger>
    <stem-number>0</stem-number>
    <step-line>0.14814814814814814</step-line>
    <moments>
        <k>2.385</k>
        <k>2.05</k>
        <k>2.05</k>
        <k>0.14217943863271265</k>
        <k>-0.006505872364066483</k>
        <k>0.1543071725194774</k>
        <k>0.0154830868942834</k>
        <k>2.1146712845997352E-4</k>
        <k>0.010049220115876101</k>
        <k>0.011512362145213397</k>
        <k>0.29648661115219005</k>
        <k>3.1638743009827796E-4</k>
        <k>3.3337974486102504E-4</k>
        <k>7.893468740992807E-4</k>
        <k>-3.215775928942211E-7</k>
        <k>-1.4028896973193175E-5</k>
        <k>2.460685516133401E-7</k>
        <k>250.0482180293501</k>
        <k>217.08909853249475</k>
    </moments><members>
    <section id="492" first-pos="232">
        <run start="212" length="13" level="185"/>
    </section>
    <section id="494" first-pos="233">
        <run start="208" length="18" level="95"/>
    </section>
    <section id="495" first-pos="234">
        <run start="206" length="23" level="76"/>
        <run start="205" length="25" level="48"/>
        <run start="203" length="28" level="49"/>
        <run start="202" length="31" level="45"/>
        <run start="200" length="34" level="41"/>
        <run start="199" length="36" level="39"/>
    </section>
    <section id="496" first-pos="240">
        <run start="198" length="41" level="53"/>
        <run start="198" length="41" level="50"/>
        <run start="198" length="41" level="50"/>
        <run start="198" length="41" level="50"/>
        <run start="198" length="41" level="50"/>
        <run start="198" length="41" level="61"/>
    </section>
    <section id="497" first-pos="246">
        <run start="198" length="11" level="104"/>
        <run start="198" length="7" level="140"/>
        <run start="198" length="5" level="182"/>
        <run start="198" length="2" level="200"/>
    </section>
    <section id="498" first-pos="246">
        <run start="210" length="2" level="169"/>
    </section>
    <section id="499" first-pos="246">
        <run start="215" length="24" level="79"/>
    </section>
    <section id="502" first-pos="247">
        <run start="218" length="1" level="200"/>
    </section>
    <section id="503" first-pos="247">
        <run start="225" length="14" level="71"/>
    </section>
    <section id="505" first-pos="248">
        <run start="230" length="9" level="87"/>
        <run start="232" length="7" level="102"/>
        <run start="233" length="6" level="119"/>
        <run start="234" length="5" level="130"/>
        <run start="234" length="5" level="142"/>
        <run start="235" length="4" level="162"/>
        <run start="235" length="4" level="162"/>
        <run start="235" length="4" level="162"/>
        <run start="235" length="4" level="161"/>
        <run start="235" length="4" level="161"/>
        <run start="235" length="4" level="161"/>
        <run start="235" length="4" level="161"/>
        <run start="234" length="5" level="167"/>
        <run start="234" length="5" level="128"/>
        <run start="233" length="6" level="139"/>
        <run start="232" length="7" level="119"/>
        <run start="231" length="8" level="104"/>
        <run start="230" length="9" level="98"/>
        <run start="228" length="11" level="113"/>
        <run start="226" length="9" level="52"/>
        <run start="223" length="11" level="59"/>
    </section>
    <section id="521" first-pos="269">
        <run start="217" length="16" level="69"/>
        <run start="217" length="14" level="52"/>
        <run start="217" length="12" level="67"/>
        <run start="217" length="9" level="114"/>
    </section>
    <section id="518" first-pos="268">
        <run start="217" length="4" level="196"/>
    </section>
    <section id="506" first-pos="252">
        <run start="205" length="3" level="177"/>
        <run start="203" length="7" level="100"/>
        <run start="202" length="10" level="54"/>
        <run start="201" length="12" level="29"/>
        <run start="199" length="15" level="42"/>
        <run start="198" length="16" level="47"/>
        <run start="198" length="17" level="49"/>
        <run start="198" length="18" level="52"/>
        <run start="198" length="19" level="43"/>
        <run start="198" length="19" level="43"/>
        <run start="198" length="18" level="38"/>
        <run start="198" length="17" level="40"/>
        <run start="198" length="17" level="49"/>
        <run start="198" length="16" level="42"/>
        <run start="198" length="15" level="45"/>
        <run start="198" length="14" level="49"/>
        <run start="200" length="11" level="67"/>
    </section>
    <section id="520" first-pos="269">
        <run start="204" length="4" level="91"/>
    </section>
</members></stick>
