<?xml version="1.0" encoding="UTF-8"?>
<stick id="1841" interline="20" shape="DOT">
    <is-within-system>true</is-within-system>
    <has-ledger>false</has-ledger>
    <stem-number>0</stem-number>
    <step-line>1.3</step-line>
    <moments>
        <k>0.325</k>
        <k>0.6</k>
        <k>0.7</k>
        <k>0.06708420573509347</k>
        <k>-6.645425580336869E-4</k>
        <k>0.09590578060992246</k>
        <k>-1.5958212072991914E-4</k>
        <k>-0.0024971694437741377</k>
        <k>1.8396691929656894E-4</k>
        <k>0.004006319716776925</k>
        <k>0.16298998634501594</k>
        <k>8.324496455111255E-4</k>
        <k>1.327062577102287E-4</k>
        <k>2.2781291649055224E-6</k>
        <k>3.96072440061651E-11</k>
        <k>6.552717309376727E-8</k>
        <k>-5.280466713544164E-13</k>
        <k>2274.646153846154</k>
        <k>231.03846153846155</k>
    </moments><members>
    <section id="2968" first-pos="2269">
        <run start="229" length="4" level="198"/>
        <run start="227" length="8" level="100"/>
        <run start="226" length="10" level="42"/>
        <run start="225" length="13" level="50"/>
        <run start="225" length="14" level="56"/>
        <run start="225" length="14" level="56"/>
        <run start="225" length="14" level="56"/>
        <run start="225" length="14" level="56"/>
        <run start="225" length="13" level="51"/>
        <run start="226" length="11" level="47"/>
        <run start="226" length="9" level="50"/>
        <run start="228" length="6" level="95"/>
    </section>
</members></stick>
