<?xml version="1.0" encoding="UTF-8"?>
<stick id="1074" interline="20" shape="DOT">
    <is-within-system>true</is-within-system>
    <has-ledger>false</has-ledger>
    <stem-number>0</stem-number>
    <step-line>-1.1358024691358024</step-line>
    <moments>
        <k>0.335</k>
        <k>0.6</k>
        <k>0.75</k>
        <k>0.06732751369018157</k>
        <k>0.01144672050750926</k>
        <k>0.11236920764854698</k>
        <k>0.002943395028794392</k>
        <k>0.003071044315439706</k>
        <k>-0.0055742671359490775</k>
        <k>-0.012677504898704567</k>
        <k>0.17969672133872855</k>
        <k>0.002552863836147183</k>
        <k>8.659593075465588E-4</k>
        <k>9.920557298202599E-5</k>
        <k>2.9005986678639453E-8</k>
        <k>5.002064738697873E-6</k>
        <k>2.0340407693269004E-9</k>
        <k>1644.0223880597016</k>
        <k>491.82089552238807</k>
    </moments><members>
    <section id="2250" first-pos="1639">
        <run start="490" length="7" level="168"/>
        <run start="489" length="9" level="63"/>
        <run start="488" length="11" level="52"/>
        <run start="488" length="11" level="24"/>
        <run start="488" length="11" level="24"/>
    </section>
    <section id="2274" first-pos="1644">
        <run start="484" length="15" level="59"/>
        <run start="484" length="15" level="62"/>
        <run start="488" length="11" level="24"/>
        <run start="488" length="11" level="43"/>
        <run start="489" length="9" level="40"/>
        <run start="489" length="8" level="84"/>
        <run start="492" length="4" level="141"/>
    </section>
    <section id="2258" first-pos="1640">
        <run start="484" length="3" level="193"/>
        <run start="484" length="3" level="158"/>
        <run start="484" length="3" level="158"/>
        <run start="484" length="3" level="158"/>
    </section>
</members></stick>
