<?xml version="1.0" encoding="UTF-8"?>
<stick id="2597" interline="20" shape="DOT">
    <is-within-system>true</is-within-system>
    <has-ledger>false</has-ledger>
    <stem-number>0</stem-number>
    <step-line>-1.3333333333333333</step-line>
    <moments>
        <k>0.29</k>
        <k>0.6</k>
        <k>0.7</k>
        <k>0.0727498821189879</k>
        <k>0.009688025339292337</k>
        <k>0.09158073311738921</k>
        <k>0.0014090191551369452</k>
        <k>0.002360437346875937</k>
        <k>-0.0013217331671827235</k>
        <k>-0.0047223228110497015</k>
        <k>0.1643306152363771</k>
        <k>7.300322892230729E-4</k>
        <k>1.682080218815984E-4</k>
        <k>5.586121789568462E-6</k>
        <k>1.4703798925396935E-10</k>
        <k>9.691537437851279E-8</k>
        <k>-8.775403517453787E-11</k>
        <k>894.4741379310345</k>
        <k>751.1206896551724</k>
    </moments><members>
    <section id="1158" first-pos="889">
        <run start="750" length="4" level="116"/>
        <run start="748" length="7" level="50"/>
        <run start="747" length="9" level="27"/>
        <run start="745" length="12" level="45"/>
        <run start="744" length="14" level="62"/>
        <run start="744" length="14" level="62"/>
        <run start="745" length="13" level="51"/>
        <run start="746" length="12" level="39"/>
        <run start="747" length="10" level="31"/>
        <run start="748" length="9" level="46"/>
        <run start="749" length="7" level="44"/>
        <run start="750" length="5" level="148"/>
    </section>
</members></stick>
