<?xml version="1.0" encoding="UTF-8"?>
<stick id="1598" interline="20" shape="G_CLEF">
    <is-within-system>true</is-within-system>
    <has-ledger>true</has-ledger>
    <stem-number>0</stem-number>
    <step-line>-0.04938271604938271</step-line>
    <moments>
        <k>10.585</k>
        <k>3.35</k>
        <k>7.85</k>
        <k>0.0546030805195671</k>
        <k>-0.03297584240715076</k>
        <k>0.3923642297245578</k>
        <k>-0.0018632346980050388</k>
        <k>0.004653081792737835</k>
        <k>0.01815289197782139</k>
        <k>-0.04072781208538169</k>
        <k>0.4469673102441249</k>
        <k>0.11843221864212099</k>
        <k>0.006162831871205768</k>
        <k>0.00156673909998087</k>
        <k>4.335395725128023E-6</k>
        <k>4.274441295626097E-4</k>
        <k>-2.214846626261286E-6</k>
        <k>117.62139820500708</k>
        <k>504.9832309872461</k>
    </moments><members>
    <section id="1" first-pos="84">
        <run start="508" length="3" level="197"/>
    </section>
    <section id="3" first-pos="85">
        <run start="507" length="22" level="166"/>
        <run start="505" length="24" level="67"/>
        <run start="503" length="28" level="81"/>
        <run start="502" length="32" level="74"/>
    </section>
    <section id="2" first-pos="84">
        <run start="517" length="1" level="193"/>
    </section>
    <section id="16" first-pos="89">
        <run start="498" length="37" level="68"/>
        <run start="497" length="39" level="57"/>
        <run start="495" length="43" level="60"/>
        <run start="494" length="45" level="50"/>
        <run start="493" length="47" level="47"/>
    </section>
    <section id="31" first-pos="94">
        <run start="488" length="53" level="64"/>
    </section>
    <section id="32" first-pos="95">
        <run start="488" length="31" level="59"/>
        <run start="488" length="27" level="62"/>
        <run start="488" length="25" level="67"/>
        <run start="486" length="25" level="76"/>
        <run start="485" length="26" level="84"/>
    </section>
    <section id="47" first-pos="100">
        <run start="485" length="22" level="63"/>
        <run start="484" length="22" level="66"/>
        <run start="482" length="23" level="72"/>
        <run start="482" length="22" level="62"/>
        <run start="481" length="22" level="69"/>
        <run start="481" length="21" level="65"/>
        <run start="480" length="21" level="72"/>
        <run start="479" length="21" level="72"/>
        <run start="478" length="21" level="72"/>
        <run start="477" length="21" level="72"/>
        <run start="476" length="21" level="67"/>
        <run start="475" length="22" level="69"/>
        <run start="474" length="22" level="69"/>
        <run start="473" length="22" level="64"/>
    </section>
    <section id="103" first-pos="114">
        <run start="437" length="58" level="48"/>
        <run start="434" length="60" level="44"/>
        <run start="433" length="61" level="41"/>
        <run start="431" length="62" level="40"/>
    </section>
    <section id="93" first-pos="113">
        <run start="438" length="30" level="37"/>
    </section>
    <section id="85" first-pos="112">
        <run start="441" length="25" level="40"/>
    </section>
    <section id="80" first-pos="111">
        <run start="444" length="19" level="89"/>
    </section>
    <section id="77" first-pos="110">
        <run start="449" length="7" level="138"/>
    </section>
    <section id="94" first-pos="113">
        <run start="470" length="2" level="156"/>
    </section>
    <section id="131" first-pos="118">
        <run start="430" length="67" level="63"/>
    </section>
    <section id="134" first-pos="119">
        <run start="429" length="27" level="29"/>
        <run start="428" length="25" level="21"/>
        <run start="427" length="25" level="26"/>
        <run start="427" length="23" level="18"/>
        <run start="426" length="23" level="29"/>
        <run start="425" length="22" level="23"/>
        <run start="424" length="22" level="30"/>
        <run start="424" length="20" level="21"/>
        <run start="423" length="20" level="18"/>
        <run start="422" length="21" level="24"/>
        <run start="422" length="20" level="21"/>
        <run start="422" length="19" level="14"/>
        <run start="422" length="19" level="31"/>
        <run start="423" length="17" level="25"/>
        <run start="424" length="16" level="37"/>
        <run start="426" length="17" level="53"/>
    </section>
    <section id="214" first-pos="135">
        <run start="428" length="48" level="59"/>
        <run start="431" length="44" level="37"/>
        <run start="433" length="40" level="42"/>
        <run start="436" length="36" level="42"/>
        <run start="438" length="33" level="46"/>
        <run start="441" length="30" level="58"/>
    </section>
    <section id="153" first-pos="124">
        <run start="466" length="22" level="55"/>
        <run start="465" length="22" level="58"/>
        <run start="464" length="22" level="60"/>
        <run start="463" length="22" level="60"/>
        <run start="462" length="22" level="60"/>
        <run start="461" length="22" level="60"/>
        <run start="460" length="22" level="60"/>
        <run start="458" length="23" level="62"/>
        <run start="456" length="24" level="60"/>
        <run start="454" length="25" level="62"/>
        <run start="452" length="25" level="57"/>
    </section>
    <section id="150" first-pos="123">
        <run start="467" length="56" level="77"/>
    </section>
    <section id="137" first-pos="120">
        <run start="467" length="49" level="65"/>
        <run start="467" length="49" level="56"/>
        <run start="467" length="51" level="60"/>
    </section>
    <section id="135" first-pos="119">
        <run start="467" length="35" level="71"/>
    </section>
    <section id="86" first-pos="112">
        <run start="508" length="14" level="42"/>
        <run start="508" length="13" level="45"/>
        <run start="508" length="12" level="56"/>
        <run start="508" length="10" level="50"/>
        <run start="508" length="10" level="59"/>
        <run start="508" length="9" level="65"/>
        <run start="504" length="12" level="110"/>
        <run start="504" length="12" level="105"/>
    </section>
    <section id="73" first-pos="108">
        <run start="508" length="29" level="63"/>
        <run start="508" length="30" level="50"/>
        <run start="508" length="31" level="48"/>
        <run start="508" length="31" level="56"/>
    </section>
    <section id="69" first-pos="107">
        <run start="510" length="1" level="196"/>
    </section>
    <section id="63" first-pos="104">
        <run start="517" length="15" level="125"/>
        <run start="515" length="18" level="88"/>
        <run start="513" length="22" level="81"/>
        <run start="512" length="24" level="59"/>
    </section>
    <section id="60" first-pos="103">
        <run start="521" length="9" level="186"/>
    </section>
    <section id="87" first-pos="112">
        <run start="528" length="12" level="91"/>
    </section>
    <section id="95" first-pos="113">
        <run start="530" length="1" level="140"/>
    </section>
    <section id="96" first-pos="113">
        <run start="533" length="8" level="65"/>
        <run start="534" length="7" level="47"/>
        <run start="535" length="6" level="55"/>
        <run start="536" length="5" level="52"/>
        <run start="536" length="6" level="86"/>
        <run start="537" length="5" level="52"/>
        <run start="537" length="5" level="65"/>
        <run start="538" length="4" level="81"/>
        <run start="538" length="3" level="130"/>
    </section>
    <section id="154" first-pos="124">
        <run start="497" length="30" level="79"/>
    </section>
    <section id="161" first-pos="125">
        <run start="501" length="33" level="89"/>
    </section>
    <section id="155" first-pos="124">
        <run start="528" length="3" level="200"/>
    </section>
    <section id="164" first-pos="126">
        <run start="503" length="38" level="94"/>
    </section>
    <section id="171" first-pos="127">
        <run start="503" length="49" level="89"/>
    </section>
    <section id="36" first-pos="96">
        <run start="530" length="13" level="31"/>
        <run start="531" length="12" level="34"/>
        <run start="533" length="11" level="48"/>
        <run start="534" length="11" level="54"/>
        <run start="536" length="9" level="37"/>
        <run start="537" length="9" level="58"/>
        <run start="538" length="8" level="41"/>
        <run start="539" length="7" level="47"/>
        <run start="540" length="9" level="85"/>
        <run start="540" length="9" level="64"/>
        <run start="540" length="9" level="71"/>
        <run start="541" length="8" level="72"/>
        <run start="541" length="8" level="80"/>
        <run start="542" length="7" level="81"/>
        <run start="542" length="7" level="81"/>
        <run start="542" length="7" level="90"/>
        <run start="543" length="6" level="94"/>
        <run start="543" length="6" level="94"/>
        <run start="543" length="6" level="105"/>
        <run start="544" length="5" level="113"/>
        <run start="544" length="5" level="112"/>
        <run start="544" length="5" level="112"/>
        <run start="544" length="5" level="112"/>
        <run start="544" length="5" level="112"/>
        <run start="544" length="5" level="112"/>
        <run start="544" length="5" level="112"/>
        <run start="544" length="5" level="111"/>
        <run start="544" length="5" level="111"/>
        <run start="544" length="5" level="111"/>
        <run start="544" length="5" level="104"/>
        <run start="543" length="6" level="86"/>
    </section>
    <section id="33" first-pos="95">
        <run start="524" length="18" level="76"/>
    </section>
    <section id="35" first-pos="96">
        <run start="526" length="3" level="200"/>
    </section>
    <section id="175" first-pos="128">
        <run start="504" length="12" level="105"/>
        <run start="504" length="12" level="105"/>
        <run start="504" length="13" level="110"/>
        <run start="504" length="13" level="100"/>
        <run start="508" length="10" level="69"/>
        <run start="508" length="10" level="52"/>
        <run start="508" length="11" level="63"/>
        <run start="508" length="11" level="47"/>
        <run start="508" length="12" level="58"/>
        <run start="508" length="13" level="53"/>
        <run start="508" length="16" level="65"/>
        <run start="508" length="18" level="47"/>
    </section>
    <section id="231" first-pos="140">
        <run start="508" length="36" level="49"/>
        <run start="509" length="34" level="34"/>
        <run start="510" length="33" level="35"/>
        <run start="511" length="31" level="42"/>
        <run start="512" length="28" level="44"/>
        <run start="513" length="26" level="51"/>
        <run start="515" length="23" level="60"/>
        <run start="517" length="19" level="68"/>
        <run start="518" length="16" level="106"/>
    </section>
    <section id="227" first-pos="139">
        <run start="530" length="1" level="215"/>
    </section>
    <section id="210" first-pos="134">
        <run start="540" length="9" level="82"/>
        <run start="540" length="9" level="64"/>
        <run start="539" length="10" level="91"/>
        <run start="537" length="9" level="78"/>
        <run start="535" length="10" level="64"/>
        <run start="532" length="13" level="68"/>
    </section>
    <section id="199" first-pos="132">
        <run start="541" length="29" level="42"/>
        <run start="541" length="26" level="70"/>
    </section>
    <section id="195" first-pos="131">
        <run start="539" length="34" level="39"/>
    </section>
    <section id="186" first-pos="130">
        <run start="532" length="42" level="38"/>
    </section>
    <section id="178" first-pos="129">
        <run start="527" length="48" level="69"/>
    </section>
    <section id="176" first-pos="128">
        <run start="523" length="34" level="96"/>
    </section>
    <section id="104" first-pos="114">
        <run start="578" length="1" level="200"/>
        <run start="577" length="2" level="200"/>
        <run start="577" length="2" level="200"/>
        <run start="576" length="3" level="200"/>
        <run start="575" length="4" level="190"/>
        <run start="575" length="4" level="190"/>
        <run start="575" length="4" level="189"/>
        <run start="575" length="4" level="184"/>
        <run start="574" length="5" level="147"/>
        <run start="573" length="6" level="126"/>
        <run start="573" length="6" level="122"/>
        <run start="572" length="6" level="89"/>
        <run start="570" length="7" level="78"/>
        <run start="568" length="9" level="62"/>
        <run start="564" length="12" level="75"/>
    </section>
    <section id="211" first-pos="134">
        <run start="558" length="2" level="154"/>
    </section>
    <section id="256" first-pos="149">
        <run start="524" length="8" level="161"/>
        <run start="526" length="4" level="200"/>
    </section>
    <section id="232" first-pos="141">
        <run start="445" length="25" level="147"/>
    </section>
    <section id="239" first-pos="142">
        <run start="465" length="4" level="185"/>
        <run start="465" length="1" level="197"/>
    </section>
    <section id="48" first-pos="100">
        <run start="508" length="1" level="200"/>
    </section>
    <section id="39" first-pos="97">
        <run start="564" length="6" level="214"/>
        <run start="561" length="10" level="84"/>
        <run start="560" length="14" level="47"/>
        <run start="559" length="16" level="14"/>
        <run start="558" length="18" level="13"/>
        <run start="557" length="21" level="26"/>
        <run start="556" length="23" level="33"/>
        <run start="555" length="24" level="33"/>
        <run start="555" length="24" level="31"/>
        <run start="554" length="25" level="32"/>
        <run start="554" length="25" level="32"/>
        <run start="554" length="25" level="32"/>
        <run start="554" length="25" level="31"/>
        <run start="554" length="24" level="24"/>
        <run start="554" length="23" level="20"/>
    </section>
    <section id="88" first-pos="112">
        <run start="554" length="20" level="14"/>
        <run start="554" length="20" level="18"/>
        <run start="555" length="18" level="18"/>
        <run start="556" length="17" level="21"/>
        <run start="557" length="15" level="24"/>
        <run start="558" length="13" level="35"/>
        <run start="560" length="9" level="49"/>
        <run start="562" length="5" level="88"/>
    </section>
    <section id="89" first-pos="112">
        <run start="575" length="1" level="164"/>
        <run start="575" length="1" level="177"/>
    </section>
</members></stick>
