<?xml version="1.0" encoding="UTF-8"?>
<stick id="2152" interline="20" shape="SHARP">
    <is-within-system>true</is-within-system>
    <has-ledger>false</has-ledger>
    <stem-number>1</stem-number>
    <step-line>-3.802469135802469</step-line>
    <moments>
        <k>2.6225</k>
        <k>1.5</k>
        <k>3.3</k>
        <k>0.041879678789320286</k>
        <k>-0.01166719231061766</k>
        <k>0.23098559506059818</k>
        <k>4.864864726939502E-4</k>
        <k>5.592116608502429E-4</k>
        <k>-0.002348981670719696</k>
        <k>-0.006444761208986779</k>
        <k>0.2728652738499185</k>
        <k>0.03630554107445131</k>
        <k>1.2272590982927804E-4</k>
        <k>3.8108581846239146E-5</k>
        <k>2.567868866067589E-9</k>
        <k>5.38300958594949E-6</k>
        <k>4.451495369028944E-10</k>
        <k>167.21067683508102</k>
        <k>726.0705433746425</k>
    </moments><members>
    <section id="268" first-pos="155">
        <run start="715" length="12" level="129"/>
        <run start="714" length="13" level="78"/>
        <run start="714" length="13" level="72"/>
        <run start="714" length="13" level="72"/>
        <run start="713" length="14" level="72"/>
    </section>
    <section id="278" first-pos="160">
        <run start="696" length="62" level="81"/>
        <run start="696" length="63" level="40"/>
        <run start="696" length="63" level="37"/>
        <run start="696" length="63" level="42"/>
        <run start="697" length="61" level="110"/>
    </section>
    <section id="269" first-pos="155">
        <run start="736" length="11" level="125"/>
        <run start="735" length="12" level="53"/>
        <run start="735" length="12" level="45"/>
        <run start="734" length="13" level="48"/>
        <run start="734" length="16" level="70"/>
    </section>
    <section id="291" first-pos="165">
        <run start="711" length="16" level="64"/>
        <run start="711" length="16" level="67"/>
        <run start="711" length="16" level="67"/>
        <run start="710" length="17" level="77"/>
        <run start="710" length="17" level="62"/>
    </section>
    <section id="312" first-pos="170">
        <run start="693" length="57" level="64"/>
    </section>
    <section id="310" first-pos="169">
        <run start="728" length="1" level="179"/>
    </section>
    <section id="297" first-pos="166">
        <run start="732" length="12" level="35"/>
        <run start="731" length="12" level="30"/>
        <run start="731" length="12" level="22"/>
        <run start="730" length="13" level="27"/>
    </section>
    <section id="292" first-pos="165">
        <run start="732" length="18" level="79"/>
    </section>
    <section id="311" first-pos="169">
        <run start="746" length="4" level="197"/>
    </section>
    <section id="314" first-pos="171">
        <run start="693" length="63" level="44"/>
        <run start="693" length="63" level="33"/>
        <run start="693" length="63" level="37"/>
        <run start="694" length="62" level="110"/>
    </section>
    <section id="327" first-pos="175">
        <run start="707" length="13" level="48"/>
        <run start="708" length="11" level="24"/>
        <run start="708" length="11" level="40"/>
        <run start="708" length="10" level="26"/>
        <run start="708" length="10" level="187"/>
    </section>
    <section id="328" first-pos="175">
        <run start="722" length="1" level="208"/>
    </section>
    <section id="329" first-pos="175">
        <run start="725" length="15" level="61"/>
        <run start="725" length="15" level="78"/>
        <run start="725" length="14" level="72"/>
        <run start="725" length="14" level="72"/>
        <run start="725" length="13" level="170"/>
    </section>
    <section id="347" first-pos="180">
        <run start="725" length="4" level="205"/>
        <run start="725" length="4" level="197"/>
        <run start="725" length="4" level="205"/>
        <run start="725" length="2" level="200"/>
        <run start="725" length="1" level="200"/>
    </section>
    <section id="330" first-pos="175">
        <run start="746" length="4" level="202"/>
    </section>
</members></stick>
