<?xml version="1.0" encoding="UTF-8"?>
<stick id="2056" interline="20" shape="SHARP">
    <is-within-system>true</is-within-system>
    <has-ledger>false</has-ledger>
    <stem-number>0</stem-number>
    <step-line>-0.6419753086419753</step-line>
    <moments>
        <k>2.18</k>
        <k>1.45</k>
        <k>3.1</k>
        <k>0.04920335640167146</k>
        <k>-5.632384728450175E-4</k>
        <k>0.28592245659894494</k>
        <k>2.561800846495453E-4</k>
        <k>0.002445264164800112</k>
        <k>-0.0036352901819430455</k>
        <k>-0.024470022125396788</k>
        <k>0.3351258130006164</k>
        <k>0.056037201348515975</k>
        <k>0.0011362012179062702</k>
        <k>4.965083482724976E-4</k>
        <k>3.7027561120064905E-7</k>
        <k>1.1195943574900259E-4</k>
        <k>4.434455584119601E-8</k>
        <k>191.02522935779817</k>
        <k>499.01261467889907</k>
    </moments><members>
    <section id="339" first-pos="178">
        <run start="510" length="1" level="217"/>
    </section>
    <section id="343" first-pos="179">
        <run start="508" length="10" level="172"/>
        <run start="507" length="11" level="69"/>
        <run start="506" length="12" level="80"/>
        <run start="506" length="12" level="80"/>
        <run start="506" length="12" level="80"/>
    </section>
    <section id="356" first-pos="184">
        <run start="506" length="23" level="126"/>
        <run start="506" length="23" level="62"/>
    </section>
    <section id="363" first-pos="186">
        <run start="467" length="62" level="56"/>
        <run start="467" length="62" level="93"/>
    </section>
    <section id="360" first-pos="185">
        <run start="467" length="37" level="82"/>
    </section>
    <section id="354" first-pos="184">
        <run start="467" length="12" level="154"/>
    </section>
    <section id="353" first-pos="183">
        <run start="467" length="4" level="201"/>
    </section>
    <section id="355" first-pos="184">
        <run start="484" length="17" level="124"/>
    </section>
    <section id="342" first-pos="179">
        <run start="488" length="9" level="174"/>
        <run start="488" length="9" level="84"/>
        <run start="488" length="9" level="84"/>
        <run start="488" length="9" level="84"/>
        <run start="488" length="9" level="84"/>
    </section>
    <section id="369" first-pos="188">
        <run start="467" length="4" level="201"/>
    </section>
    <section id="370" first-pos="188">
        <run start="483" length="13" level="114"/>
        <run start="484" length="11" level="124"/>
        <run start="484" length="10" level="126"/>
        <run start="484" length="10" level="136"/>
        <run start="483" length="10" level="140"/>
        <run start="483" length="11" level="128"/>
    </section>
    <section id="388" first-pos="194">
        <run start="467" length="29" level="135"/>
    </section>
    <section id="392" first-pos="195">
        <run start="467" length="59" level="92"/>
        <run start="467" length="62" level="69"/>
    </section>
    <section id="374" first-pos="189">
        <run start="506" length="10" level="105"/>
        <run start="506" length="9" level="107"/>
        <run start="506" length="9" level="107"/>
        <run start="506" length="9" level="116"/>
        <run start="503" length="11" level="142"/>
        <run start="502" length="15" level="142"/>
    </section>
    <section id="371" first-pos="188">
        <run start="503" length="26" level="109"/>
    </section>
    <section id="389" first-pos="194">
        <run start="521" length="2" level="215"/>
    </section>
    <section id="396" first-pos="197">
        <run start="467" length="4" level="202"/>
        <run start="467" length="1" level="200"/>
    </section>
    <section id="397" first-pos="197">
        <run start="477" length="52" level="63"/>
        <run start="480" length="49" level="95"/>
    </section>
    <section id="402" first-pos="199">
        <run start="481" length="11" level="118"/>
        <run start="481" length="8" level="87"/>
        <run start="481" length="8" level="87"/>
        <run start="481" length="8" level="152"/>
    </section>
    <section id="403" first-pos="199">
        <run start="501" length="12" level="129"/>
        <run start="501" length="11" level="133"/>
        <run start="501" length="11" level="141"/>
        <run start="500" length="11" level="147"/>
        <run start="500" length="11" level="153"/>
        <run start="502" length="8" level="181"/>
    </section>
    <section id="437" first-pos="205">
        <run start="506" length="2" level="200"/>
        <run start="506" length="1" level="200"/>
    </section>
    <section id="404" first-pos="199">
        <run start="515" length="3" level="143"/>
    </section>
    <section id="405" first-pos="199">
        <run start="521" length="8" level="133"/>
    </section>
</members></stick>
