<?xml version="1.0" encoding="UTF-8"?>
<stick id="1184" interline="20" shape="VOID_NOTEHEAD_2">
    <is-within-system>true</is-within-system>
    <has-ledger>false</has-ledger>
    <stem-number>1</stem-number>
    <step-line>-3.111111111111111</step-line>
    <moments>
        <k>2.0875</k>
        <k>1.35</k>
        <k>2.3</k>
        <k>0.061079632409317984</k>
        <k>-0.016666263156572624</k>
        <k>0.20191353790679642</k>
        <k>-1.4163313133228788E-4</k>
        <k>-5.8740803146583E-4</k>
        <k>-0.0036557985933737425</k>
        <k>0.003979094803624857</k>
        <k>0.2629931703161144</k>
        <k>0.020945246248089206</k>
        <k>1.5015987961670225E-4</k>
        <k>2.5924026864242335E-5</k>
        <k>2.0749285033024075E-10</k>
        <k>4.478205527393794E-7</k>
        <k>-1.6040849845497576E-9</k>
        <k>1379.4754491017964</k>
        <k>732.6275449101796</k>
    </moments><members>
    <section id="1809" first-pos="1367">
        <run start="736" length="13" level="101"/>
        <run start="735" length="13" level="96"/>
        <run start="735" length="10" level="56"/>
    </section>
    <section id="1824" first-pos="1370">
        <run start="730" length="15" level="50"/>
        <run start="729" length="15" level="30"/>
        <run start="729" length="15" level="24"/>
        <run start="728" length="15" level="17"/>
        <run start="728" length="15" level="25"/>
        <run start="727" length="15" level="24"/>
        <run start="727" length="15" level="28"/>
        <run start="726" length="15" level="24"/>
        <run start="726" length="15" level="22"/>
        <run start="725" length="15" level="22"/>
        <run start="725" length="15" level="32"/>
        <run start="724" length="15" level="45"/>
        <run start="724" length="14" level="38"/>
        <run start="723" length="15" level="48"/>
        <run start="721" length="17" level="65"/>
        <run start="720" length="18" level="82"/>
    </section>
    <section id="1818" first-pos="1368">
        <run start="729" length="5" level="52"/>
        <run start="729" length="5" level="84"/>
    </section>
    <section id="1846" first-pos="1386">
        <run start="711" length="21" level="83"/>
        <run start="712" length="20" level="66"/>
        <run start="712" length="19" level="74"/>
        <run start="713" length="17" level="72"/>
        <run start="713" length="16" level="98"/>
        <run start="714" length="13" level="102"/>
        <run start="715" length="11" level="132"/>
    </section>
    <section id="1816" first-pos="1368">
        <run start="715" length="9" level="84"/>
        <run start="714" length="10" level="84"/>
        <run start="713" length="11" level="76"/>
        <run start="713" length="11" level="69"/>
        <run start="713" length="11" level="69"/>
        <run start="712" length="11" level="58"/>
        <run start="712" length="11" level="50"/>
        <run start="711" length="11" level="46"/>
        <run start="711" length="10" level="26"/>
        <run start="711" length="10" level="44"/>
        <run start="711" length="9" level="29"/>
        <run start="711" length="9" level="48"/>
        <run start="711" length="8" level="54"/>
        <run start="711" length="7" level="37"/>
        <run start="711" length="7" level="62"/>
        <run start="711" length="6" level="44"/>
        <run start="711" length="6" level="44"/>
        <run start="711" length="6" level="44"/>
    </section>
    <section id="1887" first-pos="1393">
        <run start="716" length="4" level="193"/>
    </section>
    <section id="1888" first-pos="1393">
        <run start="721" length="2" level="207"/>
    </section>
    <section id="1847" first-pos="1386">
        <run start="733" length="5" level="52"/>
    </section>
    <section id="1863" first-pos="1387">
        <run start="733" length="19" level="88"/>
        <run start="734" length="17" level="71"/>
        <run start="734" length="16" level="95"/>
        <run start="735" length="13" level="124"/>
    </section>
    <section id="1810" first-pos="1367">
        <run start="750" length="6" level="91"/>
        <run start="751" length="5" level="74"/>
        <run start="751" length="5" level="52"/>
        <run start="750" length="6" level="62"/>
        <run start="750" length="6" level="43"/>
        <run start="750" length="7" level="53"/>
        <run start="749" length="8" level="46"/>
        <run start="748" length="9" level="41"/>
        <run start="748" length="9" level="29"/>
        <run start="747" length="10" level="51"/>
        <run start="747" length="9" level="29"/>
        <run start="746" length="10" level="38"/>
        <run start="746" length="10" level="32"/>
        <run start="745" length="11" level="60"/>
        <run start="745" length="10" level="52"/>
        <run start="744" length="11" level="79"/>
        <run start="744" length="10" level="72"/>
        <run start="742" length="12" level="104"/>
        <run start="741" length="12" level="109"/>
        <run start="740" length="12" level="97"/>
    </section>
    <section id="1883" first-pos="1391">
        <run start="738" length="8" level="169"/>
    </section>
    <section id="1886" first-pos="1392">
        <run start="742" length="3" level="202"/>
    </section>
</members></stick>
