<?xml version="1.0" encoding="UTF-8"?>
<stick id="1850" interline="20" shape="VOID_NOTEHEAD_2">
    <is-within-system>true</is-within-system>
    <has-ledger>true</has-ledger>
    <stem-number>1</stem-number>
    <step-line>5.9753086419753085</step-line>
    <moments>
        <k>2.0525</k>
        <k>1.6</k>
        <k>2.1</k>
        <k>0.08214884285249717</k>
        <k>0.008109458009762172</k>
        <k>0.1682319223232555</k>
        <k>0.0014234355941949595</k>
        <k>-8.270902324243066E-4</k>
        <k>-0.0032034474138564234</k>
        <k>-1.7648811678512913E-4</k>
        <k>0.2503807651757527</k>
        <k>0.007673349808017279</k>
        <k>1.2705627607232194E-4</k>
        <k>4.175611581136453E-6</k>
        <k>1.6770677832292386E-11</k>
        <k>-1.28102661512128E-7</k>
        <k>9.470510452643858E-11</k>
        <k>823.9805115712546</k>
        <k>276.50669914738125</k>
    </moments><members>
    <section id="1088" first-pos="809">
        <run start="266" length="10" level="214"/>
        <run start="264" length="12" level="93"/>
        <run start="262" length="14" level="79"/>
        <run start="260" length="16" level="69"/>
        <run start="259" length="17" level="54"/>
        <run start="258" length="15" level="50"/>
        <run start="257" length="12" level="50"/>
        <run start="256" length="12" level="67"/>
        <run start="256" length="11" level="73"/>
        <run start="256" length="10" level="77"/>
        <run start="256" length="10" level="81"/>
        <run start="256" length="9" level="89"/>
        <run start="256" length="8" level="101"/>
        <run start="256" length="7" level="110"/>
        <run start="256" length="7" level="115"/>
        <run start="256" length="6" level="128"/>
        <run start="256" length="6" level="135"/>
        <run start="256" length="5" level="162"/>
        <run start="256" length="4" level="192"/>
        <run start="256" length="4" level="196"/>
        <run start="256" length="3" level="200"/>
        <run start="256" length="2" level="200"/>
        <run start="256" length="1" level="200"/>
    </section>
    <section id="1089" first-pos="811">
        <run start="286" length="5" level="49"/>
    </section>
    <section id="1090" first-pos="812">
        <run start="284" length="10" level="25"/>
        <run start="282" length="13" level="19"/>
        <run start="280" length="16" level="16"/>
        <run start="279" length="18" level="17"/>
    </section>
    <section id="1092" first-pos="816">
        <run start="278" length="12" level="32"/>
        <run start="277" length="12" level="49"/>
    </section>
    <section id="1095" first-pos="818">
        <run start="272" length="16" level="99"/>
        <run start="271" length="16" level="105"/>
        <run start="271" length="15" level="110"/>
        <run start="270" length="16" level="105"/>
        <run start="270" length="15" level="111"/>
        <run start="269" length="15" level="111"/>
        <run start="269" length="15" level="111"/>
        <run start="268" length="15" level="112"/>
        <run start="267" length="15" level="111"/>
        <run start="266" length="15" level="111"/>
        <run start="266" length="15" level="112"/>
        <run start="265" length="15" level="111"/>
        <run start="264" length="15" level="99"/>
        <run start="264" length="14" level="91"/>
        <run start="263" length="14" level="77"/>
        <run start="262" length="14" level="63"/>
        <run start="258" length="18" level="84"/>
        <run start="256" length="20" level="72"/>
        <run start="256" length="20" level="82"/>
    </section>
    <section id="1091" first-pos="815">
        <run start="275" length="1" level="200"/>
        <run start="274" length="2" level="200"/>
        <run start="273" length="3" level="200"/>
    </section>
    <section id="1093" first-pos="816">
        <run start="292" length="6" level="45"/>
        <run start="293" length="5" level="52"/>
        <run start="293" length="5" level="51"/>
        <run start="292" length="6" level="43"/>
        <run start="292" length="6" level="43"/>
        <run start="292" length="6" level="43"/>
        <run start="291" length="7" level="37"/>
        <run start="291" length="7" level="37"/>
        <run start="290" length="8" level="33"/>
        <run start="290" length="8" level="32"/>
        <run start="289" length="9" level="29"/>
        <run start="288" length="10" level="27"/>
        <run start="287" length="10" level="26"/>
        <run start="287" length="10" level="26"/>
        <run start="286" length="11" level="24"/>
        <run start="285" length="11" level="24"/>
        <run start="284" length="12" level="23"/>
        <run start="283" length="12" level="23"/>
        <run start="282" length="12" level="23"/>
        <run start="281" length="12" level="23"/>
        <run start="279" length="13" level="16"/>
        <run start="278" length="13" level="32"/>
        <run start="276" length="13" level="62"/>
        <run start="275" length="13" level="85"/>
    </section>
    <section id="1109" first-pos="840">
        <run start="278" length="2" level="194"/>
    </section>
    <section id="1110" first-pos="840">
        <run start="281" length="3" level="100"/>
    </section>
</members></stick>
