<?xml version="1.0" encoding="UTF-8"?>
<stick id="1149" interline="20" shape="VOID_NOTEHEAD_2">
    <is-within-system>true</is-within-system>
    <has-ledger>false</has-ledger>
    <stem-number>1</stem-number>
    <step-line>-2.123456790123457</step-line>
    <moments>
        <k>1.9025</k>
        <k>1.3</k>
        <k>2.15</k>
        <k>0.0626734502280417</k>
        <k>-0.012992446178134527</k>
        <k>0.20969994625572186</k>
        <k>-5.603561930125198E-4</k>
        <k>-0.0018389843279508868</k>
        <k>-0.0030066806012338416</k>
        <k>0.004252713044224747</k>
        <k>0.2723733964837636</k>
        <k>0.022292005164944336</k>
        <k>1.6701265493186841E-4</k>
        <k>1.8549837807272415E-5</k>
        <k>-6.19269808309627E-10</k>
        <k>-5.666870155320829E-7</k>
        <k>-8.261571573903905E-10</k>
        <k>675.2417871222076</k>
        <k>742.5282522996058</k>
    </moments><members>
    <section id="931" first-pos="663">
        <run start="759" length="6" level="137"/>
        <run start="759" length="6" level="137"/>
        <run start="759" length="6" level="137"/>
        <run start="759" length="6" level="137"/>
        <run start="759" length="6" level="137"/>
        <run start="759" length="6" level="117"/>
        <run start="758" length="7" level="117"/>
        <run start="758" length="7" level="100"/>
        <run start="757" length="8" level="88"/>
        <run start="756" length="9" level="78"/>
        <run start="755" length="10" level="82"/>
        <run start="755" length="10" level="70"/>
        <run start="754" length="11" level="74"/>
        <run start="754" length="11" level="64"/>
        <run start="753" length="12" level="58"/>
        <run start="752" length="13" level="54"/>
        <run start="751" length="14" level="58"/>
        <run start="751" length="14" level="50"/>
        <run start="748" length="17" level="79"/>
    </section>
    <section id="949" first-pos="682">
        <run start="728" length="32" level="49"/>
    </section>
    <section id="933" first-pos="664">
        <run start="739" length="17" level="83"/>
        <run start="739" length="16" level="88"/>
        <run start="739" length="15" level="94"/>
        <run start="739" length="14" level="90"/>
        <run start="739" length="14" level="91"/>
        <run start="738" length="14" level="90"/>
        <run start="738" length="14" level="91"/>
        <run start="737" length="14" level="101"/>
        <run start="737" length="13" level="98"/>
        <run start="736" length="13" level="87"/>
        <run start="735" length="14" level="101"/>
        <run start="735" length="13" level="96"/>
        <run start="734" length="13" level="83"/>
        <run start="733" length="12" level="68"/>
        <run start="732" length="13" level="70"/>
        <run start="731" length="14" level="65"/>
        <run start="730" length="17" level="73"/>
        <run start="729" length="18" level="64"/>
    </section>
    <section id="950" first-pos="683">
        <run start="722" length="19" level="63"/>
        <run start="722" length="18" level="65"/>
        <run start="722" length="16" level="64"/>
        <run start="722" length="15" level="89"/>
        <run start="722" length="12" level="178"/>
    </section>
    <section id="932" first-pos="664">
        <run start="725" length="12" level="34"/>
        <run start="725" length="11" level="37"/>
        <run start="724" length="11" level="55"/>
        <run start="723" length="11" level="73"/>
        <run start="722" length="11" level="77"/>
        <run start="722" length="11" level="91"/>
        <run start="722" length="10" level="101"/>
        <run start="722" length="9" level="112"/>
        <run start="722" length="8" level="106"/>
        <run start="722" length="8" level="126"/>
        <run start="722" length="7" level="145"/>
        <run start="722" length="6" level="141"/>
        <run start="722" length="6" level="169"/>
        <run start="722" length="5" level="169"/>
        <run start="722" length="5" level="169"/>
        <run start="722" length="5" level="170"/>
        <run start="722" length="5" level="197"/>
        <run start="722" length="4" level="200"/>
        <run start="722" length="3" level="200"/>
    </section>
    <section id="948" first-pos="682">
        <run start="726" length="1" level="121"/>
    </section>
    <section id="951" first-pos="683">
        <run start="744" length="16" level="47"/>
        <run start="744" length="14" level="43"/>
        <run start="744" length="13" level="58"/>
        <run start="744" length="11" level="108"/>
    </section>
    <section id="959" first-pos="687">
        <run start="744" length="6" level="150"/>
        <run start="744" length="3" level="191"/>
    </section>
</members></stick>
