<?xml version="1.0" encoding="UTF-8"?>
<stick id="1854" interline="20" shape="VOID_NOTEHEAD_2">
    <is-within-system>true</is-within-system>
    <has-ledger>false</has-ledger>
    <stem-number>1</stem-number>
    <step-line>-2.123456790123457</step-line>
    <moments>
        <k>1.9775</k>
        <k>1.4</k>
        <k>2.15</k>
        <k>0.06309046977205027</k>
        <k>-0.014509306209890495</k>
        <k>0.2030023818032703</k>
        <k>6.24539144965635E-4</k>
        <k>-0.004225126677773601</k>
        <k>-0.003466016483993089</k>
        <k>0.0031557483337712427</k>
        <k>0.2660928515753206</k>
        <k>0.02041742299500132</k>
        <k>3.721220847528463E-4</k>
        <k>9.217563510827766E-6</k>
        <k>2.45275502422455E-10</k>
        <k>-1.146001535807679E-6</k>
        <k>4.809050455950665E-10</k>
        <k>791.1795195954488</k>
        <k>742.6915297092288</k>
    </moments><members>
    <section id="1052" first-pos="779">
        <run start="757" length="8" level="109"/>
        <run start="758" length="7" level="104"/>
        <run start="758" length="7" level="104"/>
        <run start="757" length="8" level="105"/>
        <run start="757" length="8" level="91"/>
        <run start="756" length="9" level="93"/>
        <run start="756" length="9" level="81"/>
        <run start="755" length="10" level="84"/>
        <run start="755" length="10" level="73"/>
        <run start="754" length="11" level="76"/>
        <run start="754" length="11" level="66"/>
        <run start="753" length="12" level="70"/>
        <run start="752" length="13" level="64"/>
        <run start="752" length="13" level="56"/>
        <run start="751" length="14" level="60"/>
        <run start="750" length="15" level="65"/>
        <run start="750" length="15" level="65"/>
        <run start="748" length="17" level="78"/>
    </section>
    <section id="1068" first-pos="797">
        <run start="746" length="14" level="40"/>
    </section>
    <section id="1073" first-pos="798">
        <run start="727" length="32" level="51"/>
    </section>
    <section id="1057" first-pos="780">
        <run start="738" length="17" level="71"/>
        <run start="738" length="16" level="76"/>
        <run start="738" length="15" level="81"/>
        <run start="738" length="14" level="87"/>
        <run start="737" length="14" level="94"/>
        <run start="736" length="14" level="83"/>
        <run start="736" length="14" level="87"/>
        <run start="736" length="13" level="93"/>
        <run start="735" length="13" level="89"/>
        <run start="734" length="14" level="94"/>
        <run start="733" length="14" level="83"/>
        <run start="733" length="14" level="81"/>
        <run start="732" length="14" level="73"/>
        <run start="731" length="14" level="58"/>
        <run start="731" length="14" level="52"/>
        <run start="730" length="15" level="54"/>
        <run start="729" length="16" level="51"/>
        <run start="728" length="17" level="48"/>
    </section>
    <section id="1076" first-pos="799">
        <run start="725" length="14" level="38"/>
        <run start="724" length="14" level="37"/>
        <run start="722" length="15" level="61"/>
        <run start="722" length="14" level="77"/>
        <run start="722" length="12" level="90"/>
        <run start="722" length="10" level="174"/>
    </section>
    <section id="1087" first-pos="805">
        <run start="722" length="4" level="205"/>
        <run start="722" length="1" level="200"/>
    </section>
    <section id="1077" first-pos="799">
        <run start="740" length="18" level="76"/>
        <run start="741" length="16" level="81"/>
        <run start="744" length="12" level="82"/>
        <run start="744" length="9" level="127"/>
        <run start="744" length="5" level="170"/>
        <run start="744" length="3" level="204"/>
        <run start="744" length="1" level="200"/>
    </section>
    <section id="1069" first-pos="797">
        <run start="761" length="4" level="178"/>
        <run start="761" length="4" level="178"/>
        <run start="761" length="1" level="189"/>
    </section>
    <section id="1056" first-pos="780">
        <run start="723" length="13" level="54"/>
        <run start="722" length="13" level="69"/>
        <run start="722" length="12" level="75"/>
        <run start="722" length="11" level="82"/>
        <run start="722" length="10" level="90"/>
        <run start="722" length="9" level="82"/>
        <run start="722" length="9" level="100"/>
        <run start="722" length="8" level="113"/>
        <run start="722" length="7" level="106"/>
        <run start="722" length="7" level="129"/>
        <run start="722" length="6" level="151"/>
        <run start="722" length="5" level="148"/>
        <run start="722" length="5" level="182"/>
        <run start="722" length="4" level="186"/>
        <run start="722" length="4" level="204"/>
        <run start="722" length="3" level="200"/>
        <run start="722" length="2" level="200"/>
        <run start="722" length="1" level="200"/>
    </section>
</members></stick>
