<?xml version="1.0" encoding="UTF-8"?>
<stick id="1851" interline="20" shape="VOID_NOTEHEAD_2">
    <is-within-system>true</is-within-system>
    <has-ledger>true</has-ledger>
    <stem-number>1</stem-number>
    <step-line>6.0</step-line>
    <moments>
        <k>1.82</k>
        <k>1.25</k>
        <k>2.2</k>
        <k>0.06303196453535895</k>
        <k>-0.0025928576653692485</k>
        <k>0.22283014598159948</k>
        <k>-2.7775456140836333E-4</k>
        <k>0.001714223782972558</k>
        <k>0.0020086075109008684</k>
        <k>-0.006428465517937141</k>
        <k>0.2858621105169584</k>
        <k>0.025562350437017066</k>
        <k>1.7362629257288714E-4</k>
        <k>2.521992706844878E-5</k>
        <k>1.416785910102887E-9</k>
        <k>3.1572624400024453E-6</k>
        <k>-8.819621884348277E-10</k>
        <k>699.2596153846154</k>
        <k>275.9532967032967</k>
    </moments><members>
    <section id="956" first-pos="687">
        <run start="265" length="8" level="213"/>
        <run start="263" length="9" level="88"/>
        <run start="261" length="10" level="59"/>
        <run start="259" length="12" level="49"/>
        <run start="258" length="12" level="18"/>
        <run start="257" length="12" level="25"/>
        <run start="257" length="11" level="28"/>
        <run start="256" length="11" level="43"/>
        <run start="255" length="12" level="59"/>
        <run start="254" length="12" level="75"/>
        <run start="254" length="11" level="82"/>
        <run start="254" length="10" level="87"/>
        <run start="254" length="10" level="91"/>
        <run start="254" length="9" level="97"/>
        <run start="254" length="9" level="101"/>
        <run start="254" length="8" level="114"/>
        <run start="254" length="7" level="124"/>
        <run start="254" length="7" level="130"/>
        <run start="254" length="6" level="145"/>
        <run start="254" length="6" level="152"/>
        <run start="254" length="5" level="174"/>
        <run start="254" length="5" level="180"/>
        <run start="254" length="4" level="200"/>
        <run start="254" length="5" level="205"/>
    </section>
    <section id="957" first-pos="687">
        <run start="285" length="6" level="40"/>
    </section>
    <section id="960" first-pos="688">
        <run start="283" length="11" level="22"/>
        <run start="281" length="14" level="18"/>
        <run start="280" length="16" level="18"/>
    </section>
    <section id="966" first-pos="691">
        <run start="279" length="11" level="22"/>
    </section>
    <section id="969" first-pos="692">
        <run start="273" length="17" level="66"/>
        <run start="273" length="16" level="55"/>
        <run start="273" length="15" level="59"/>
        <run start="273" length="14" level="63"/>
        <run start="273" length="13" level="68"/>
        <run start="273" length="12" level="74"/>
        <run start="271" length="13" level="98"/>
        <run start="270" length="14" level="107"/>
        <run start="269" length="14" level="119"/>
        <run start="269" length="14" level="118"/>
        <run start="268" length="14" level="119"/>
        <run start="267" length="14" level="119"/>
        <run start="267" length="14" level="119"/>
        <run start="266" length="14" level="119"/>
        <run start="266" length="14" level="119"/>
        <run start="265" length="14" level="117"/>
        <run start="264" length="15" level="109"/>
        <run start="263" length="16" level="102"/>
        <run start="262" length="17" level="96"/>
    </section>
    <section id="965" first-pos="691">
        <run start="273" length="5" level="172"/>
    </section>
    <section id="967" first-pos="691">
        <run start="292" length="5" level="54"/>
        <run start="293" length="4" level="64"/>
        <run start="293" length="5" level="52"/>
        <run start="293" length="5" level="50"/>
        <run start="292" length="6" level="43"/>
        <run start="292" length="6" level="42"/>
        <run start="291" length="7" level="36"/>
        <run start="290" length="8" level="33"/>
        <run start="290" length="8" level="33"/>
        <run start="290" length="8" level="31"/>
        <run start="289" length="9" level="29"/>
        <run start="289" length="9" level="28"/>
        <run start="288" length="10" level="25"/>
        <run start="287" length="11" level="24"/>
        <run start="286" length="11" level="25"/>
        <run start="286" length="10" level="25"/>
        <run start="285" length="11" level="23"/>
        <run start="284" length="12" level="22"/>
        <run start="283" length="12" level="23"/>
        <run start="283" length="11" level="24"/>
        <run start="281" length="12" level="22"/>
    </section>
</members></stick>
