<?xml version="1.0" encoding="UTF-8" standalone="yes"?>
<samples sheet-name="IMSLP00009#13">
    <sample shape="SHARP" interline="22" pitch="-2.1" left="305" top="1948" id="573">
        <run-table orientation="VERTICAL" width="23" height="65">
            <runs>0 23 8 13 4 1 7</runs>
            <runs>0 22 8 14 8</runs>
            <runs>0 22 8 13 9</runs>
            <runs>0 21 9 13 8</runs>
            <runs>0 19 17 6 9 11 1</runs>
            <runs>0 8 57</runs>
            <runs>0 7 58</runs>
            <runs>0 7 1 10 10 12 10</runs>
            <runs>0 19 8 13 9</runs>
            <runs>0 18 9 13 9</runs>
            <runs>0 18 8 14 8</runs>
            <runs>0 18 8 14 8</runs>
            <runs>0 17 9 13 8</runs>
            <runs>0 17 9 13 8</runs>
            <runs>0 16 9 13 9</runs>
            <runs>0 16 9 12 10</runs>
            <runs>0 9 16 4 2 5 11</runs>
            <runs>5 1 53</runs>
            <runs>0 1 48 2 8</runs>
            <runs>0 1 8 6 9 13 9</runs>
            <runs>0 15 8 14 8</runs>
            <runs>0 10 13 10 11</runs>
            <runs>0 10 12 10 12</runs>
        </run-table>
    </sample>
</samples>
