<?xml version="1.0" encoding="UTF-8" standalone="yes"?>
<samples sheet-name="IMSLP296867#4">
    <sample shape="FERMATA" interline="20" left="2964" top="1201" id="5844">
        <run-table orientation="VERTICAL" width="55" height="35">
            <runs>0 27 6</runs>
            <runs>0 23 11</runs>
            <runs>0 20 14</runs>
            <runs>0 18 15</runs>
            <runs>0 15 12</runs>
            <runs>0 14 10</runs>
            <runs>0 12 10</runs>
            <runs>0 11 9</runs>
            <runs>0 10 9</runs>
            <runs>0 9 9</runs>
            <runs>0 8 9</runs>
            <runs>0 7 9</runs>
            <runs>0 6 9</runs>
            <runs>0 6 8</runs>
            <runs>0 5 9</runs>
            <runs>0 4 9</runs>
            <runs>0 4 9</runs>
            <runs>0 3 9</runs>
            <runs>0 2 10</runs>
            <runs>0 2 9</runs>
            <runs>0 1 10</runs>
            <runs>0 1 10 14 5</runs>
            <runs>0 1 10 13 7</runs>
            <runs>0 1 10 12 9</runs>
            <runs>11 12 9</runs>
            <runs>10 12 11</runs>
            <runs>10 12 11</runs>
            <runs>10 12 10</runs>
            <runs>10 12 10</runs>
            <runs>10 13 9</runs>
            <runs>10 13 8</runs>
            <runs>11 15 3</runs>
            <runs>0 1 10</runs>
            <runs>0 1 10</runs>
            <runs>0 1 11</runs>
            <runs>0 1 11</runs>
            <runs>0 2 10</runs>
            <runs>0 2 11</runs>
            <runs>0 2 11</runs>
            <runs>0 3 11</runs>
            <runs>0 4 10</runs>
            <runs>0 4 11</runs>
            <runs>0 5 11</runs>
            <runs>0 6 10</runs>
            <runs>0 7 10</runs>
            <runs>0 7 11</runs>
            <runs>0 9 11</runs>
            <runs>0 10 11</runs>
            <runs>0 11 11</runs>
            <runs>0 13 12</runs>
            <runs>0 15 17</runs>
            <runs>0 17 18</runs>
            <runs>0 20 15</runs>
            <runs>0 24 11</runs>
            <runs>0 27 8</runs>
        </run-table>
    </sample>
</samples>
