<?xml version="1.0" encoding="UTF-8"?>
<stick id="654" interline="22" shape="G_CLEF">
    <is-within-system>true</is-within-system>
    <has-ledger>false</has-ledger>
    <stem-number>0</stem-number>
    <step-line>0.37209302325581395</step-line>
    <moments>
        <k>6.4958677685950414</k>
        <k>2.8636363636363638</k>
        <k>7.454545454545454</k>
        <k>0.06292775683222895</k>
        <k>0.01692089250977583</k>
        <k>0.5459658201430364</k>
        <k>1.2837404175791223E-4</k>
        <k>0.010457522517336908</k>
        <k>0.016702197596866763</k>
        <k>-0.031173841022566467</k>
        <k>0.6088935769752654</k>
        <k>0.23447103702036518</k>
        <k>0.006409875574885083</k>
        <k>7.124339940929938E-4</k>
        <k>2.996850410738686E-7</k>
        <k>4.687508764610328E-5</k>
        <k>-1.492658410057594E-6</k>
        <k>152.6851145038168</k>
        <k>2330.249045801527</k>
    </moments>
    <section id="246" first-pos="122">
        <run start="2327" length="2" level="175"/>
        <run start="2326" length="3" level="141"/>
    </section>
    <section id="252" first-pos="124">
        <run start="2326" length="20" level="73"/>
    </section>
    <section id="248" first-pos="123">
        <run start="2331" length="11" level="161"/>
    </section>
    <section id="256" first-pos="125">
        <run start="2324" length="27" level="75"/>
        <run start="2322" length="30" level="76"/>
        <run start="2320" length="34" level="73"/>
        <run start="2318" length="38" level="66"/>
        <run start="2317" length="40" level="54"/>
        <run start="2315" length="44" level="68"/>
    </section>
    <section id="249" first-pos="123">
        <run start="2347" length="1" level="200"/>
        <run start="2347" length="3" level="200"/>
    </section>
    <section id="269" first-pos="131">
        <run start="2314" length="25" level="49"/>
        <run start="2312" length="24" level="56"/>
        <run start="2310" length="23" level="60"/>
        <run start="2306" length="25" level="72"/>
        <run start="2304" length="25" level="66"/>
        <run start="2304" length="23" level="53"/>
        <run start="2304" length="22" level="46"/>
        <run start="2304" length="21" level="46"/>
        <run start="2304" length="19" level="42"/>
        <run start="2302" length="20" level="67"/>
        <run start="2301" length="19" level="75"/>
        <run start="2299" length="20" level="78"/>
        <run start="2298" length="20" level="74"/>
        <run start="2297" length="20" level="74"/>
        <run start="2296" length="20" level="74"/>
    </section>
    <section id="357" first-pos="146">
        <run start="2253" length="62" level="44"/>
    </section>
    <section id="355" first-pos="145">
        <run start="2256" length="37" level="42"/>
    </section>
    <section id="348" first-pos="144">
        <run start="2258" length="29" level="54"/>
    </section>
    <section id="339" first-pos="143">
        <run start="2264" length="20" level="45"/>
    </section>
    <section id="365" first-pos="147">
        <run start="2252" length="23" level="11"/>
        <run start="2250" length="20" level="23"/>
        <run start="2249" length="18" level="15"/>
        <run start="2248" length="17" level="16"/>
        <run start="2247" length="16" level="16"/>
        <run start="2246" length="16" level="16"/>
        <run start="2245" length="16" level="16"/>
        <run start="2244" length="16" level="19"/>
        <run start="2244" length="15" level="22"/>
        <run start="2245" length="14" level="24"/>
        <run start="2246" length="13" level="25"/>
        <run start="2247" length="12" level="27"/>
        <run start="2248" length="11" level="32"/>
        <run start="2250" length="10" level="35"/>
        <run start="2252" length="9" level="38"/>
        <run start="2254" length="9" level="37"/>
    </section>
    <section id="455" first-pos="163">
        <run start="2256" length="38" level="41"/>
    </section>
    <section id="404" first-pos="155">
        <run start="2285" length="20" level="36"/>
        <run start="2284" length="21" level="39"/>
        <run start="2282" length="22" level="46"/>
        <run start="2282" length="21" level="51"/>
        <run start="2280" length="21" level="69"/>
        <run start="2278" length="21" level="62"/>
        <run start="2275" length="23" level="65"/>
        <run start="2272" length="24" level="62"/>
    </section>
    <section id="400" first-pos="154">
        <run start="2287" length="51" level="70"/>
    </section>
    <section id="396" first-pos="153">
        <run start="2288" length="36" level="61"/>
    </section>
    <section id="384" first-pos="149">
        <run start="2290" length="23" level="54"/>
        <run start="2290" length="24" level="57"/>
        <run start="2290" length="26" level="57"/>
        <run start="2289" length="29" level="53"/>
    </section>
    <section id="366" first-pos="147">
        <run start="2282" length="33" level="56"/>
        <run start="2282" length="32" level="89"/>
    </section>
    <section id="367" first-pos="147">
        <run start="2328" length="20" level="43"/>
        <run start="2326" length="20" level="44"/>
        <run start="2326" length="16" level="36"/>
        <run start="2326" length="15" level="39"/>
        <run start="2326" length="14" level="42"/>
        <run start="2326" length="13" level="46"/>
        <run start="2326" length="12" level="42"/>
    </section>
    <section id="340" first-pos="143">
        <run start="2335" length="17" level="109"/>
        <run start="2332" length="21" level="85"/>
        <run start="2331" length="23" level="71"/>
        <run start="2329" length="26" level="68"/>
    </section>
    <section id="325" first-pos="141">
        <run start="2341" length="8" level="189"/>
        <run start="2338" length="12" level="122"/>
    </section>
    <section id="368" first-pos="147">
        <run start="2349" length="7" level="70"/>
        <run start="2350" length="7" level="64"/>
        <run start="2352" length="5" level="62"/>
        <run start="2353" length="4" level="73"/>
        <run start="2354" length="4" level="77"/>
        <run start="2355" length="3" level="96"/>
        <run start="2356" length="3" level="86"/>
        <run start="2356" length="3" level="100"/>
        <run start="2357" length="2" level="149"/>
    </section>
    <section id="405" first-pos="155">
        <run start="2313" length="24" level="77"/>
        <run start="2317" length="21" level="88"/>
        <run start="2320" length="20" level="93"/>
        <run start="2322" length="21" level="88"/>
        <run start="2324" length="21" level="60"/>
    </section>
    <section id="436" first-pos="160">
        <run start="2326" length="25" level="66"/>
        <run start="2326" length="28" level="95"/>
    </section>
    <section id="428" first-pos="159">
        <run start="2347" length="1" level="200"/>
    </section>
    <section id="448" first-pos="162">
        <run start="2326" length="11" level="56"/>
        <run start="2326" length="10" level="53"/>
        <run start="2326" length="10" level="53"/>
        <run start="2326" length="10" level="53"/>
        <run start="2326" length="10" level="54"/>
        <run start="2326" length="10" level="54"/>
        <run start="2326" length="11" level="64"/>
        <run start="2326" length="11" level="49"/>
        <run start="2326" length="12" level="59"/>
        <run start="2326" length="13" level="55"/>
        <run start="2326" length="14" level="52"/>
        <run start="2326" length="15" level="48"/>
        <run start="2326" length="17" level="53"/>
    </section>
    <section id="519" first-pos="175">
        <run start="2326" length="23" level="72"/>
    </section>
    <section id="509" first-pos="173">
        <run start="2345" length="1" level="215"/>
        <run start="2345" length="4" level="187"/>
    </section>
    <section id="521" first-pos="176">
        <run start="2326" length="37" level="68"/>
        <run start="2326" length="36" level="50"/>
    </section>
    <section id="498" first-pos="171">
        <run start="2362" length="5" level="53"/>
        <run start="2361" length="5" level="53"/>
        <run start="2360" length="5" level="54"/>
        <run start="2358" length="6" level="77"/>
        <run start="2356" length="8" level="61"/>
    </section>
    <section id="493" first-pos="170">
        <run start="2363" length="24" level="50"/>
    </section>
    <section id="464" first-pos="165">
        <run start="2354" length="15" level="45"/>
        <run start="2357" length="15" level="81"/>
        <run start="2361" length="14" level="78"/>
        <run start="2362" length="16" level="69"/>
        <run start="2363" length="19" level="59"/>
    </section>
    <section id="459" first-pos="164">
        <run start="2347" length="22" level="57"/>
    </section>
    <section id="449" first-pos="162">
        <run start="2342" length="15" level="137"/>
        <run start="2346" length="17" level="118"/>
    </section>
    <section id="420" first-pos="158">
        <run start="2368" length="1" level="200"/>
        <run start="2368" length="1" level="200"/>
        <run start="2366" length="3" level="181"/>
        <run start="2366" length="3" level="180"/>
        <run start="2366" length="3" level="176"/>
        <run start="2365" length="4" level="131"/>
    </section>
    <section id="499" first-pos="171">
        <run start="2368" length="4" level="186"/>
    </section>
    <section id="500" first-pos="171">
        <run start="2376" length="25" level="26"/>
    </section>
    <section id="393" first-pos="152">
        <run start="2403" length="4" level="53"/>
        <run start="2403" length="5" level="68"/>
        <run start="2403" length="5" level="52"/>
        <run start="2404" length="4" level="53"/>
        <run start="2404" length="4" level="65"/>
        <run start="2404" length="4" level="65"/>
        <run start="2404" length="4" level="108"/>
        <run start="2404" length="3" level="86"/>
        <run start="2403" length="4" level="83"/>
        <run start="2403" length="4" level="65"/>
        <run start="2402" length="5" level="66"/>
        <run start="2402" length="5" level="87"/>
        <run start="2401" length="5" level="65"/>
        <run start="2401" length="5" level="88"/>
        <run start="2400" length="5" level="65"/>
        <run start="2399" length="6" level="84"/>
        <run start="2397" length="7" level="81"/>
        <run start="2395" length="8" level="70"/>
        <run start="2391" length="11" level="58"/>
    </section>
    <section id="326" first-pos="141">
        <run start="2387" length="13" level="42"/>
        <run start="2386" length="15" level="24"/>
        <run start="2385" length="18" level="24"/>
        <run start="2384" length="20" level="18"/>
        <run start="2384" length="21" level="17"/>
        <run start="2383" length="22" level="14"/>
        <run start="2383" length="23" level="15"/>
        <run start="2383" length="23" level="12"/>
        <run start="2383" length="23" level="12"/>
        <run start="2383" length="24" level="15"/>
        <run start="2383" length="24" level="27"/>
    </section>
    <section id="314" first-pos="140">
        <run start="2390" length="7" level="78"/>
    </section>
    <section id="392" first-pos="152">
        <run start="2383" length="18" level="15"/>
        <run start="2384" length="17" level="15"/>
        <run start="2384" length="17" level="27"/>
        <run start="2385" length="15" level="30"/>
        <run start="2386" length="13" level="34"/>
        <run start="2387" length="11" level="40"/>
        <run start="2388" length="9" level="120"/>
    </section>
    <section id="429" first-pos="159">
        <run start="2391" length="4" level="215"/>
    </section>
    <section id="506" first-pos="172">
        <run start="2379" length="20" level="12"/>
    </section>
    <section id="510" first-pos="173">
        <run start="2383" length="15" level="28"/>
    </section>
    <section id="517" first-pos="174">
        <run start="2386" length="10" level="151"/>
    </section>
    <section id="520" first-pos="175">
        <run start="2391" length="2" level="212"/>
    </section>
    <section id="527" first-pos="178">
        <run start="2326" length="3" level="186"/>
        <run start="2328" length="1" level="203"/>
    </section>
    <section id="528" first-pos="178">
        <run start="2330" length="30" level="41"/>
        <run start="2331" length="28" level="45"/>
        <run start="2332" length="25" level="55"/>
        <run start="2334" length="21" level="69"/>
    </section>
    <section id="540" first-pos="182">
        <run start="2337" length="16" level="105"/>
    </section>
    <section id="542" first-pos="183">
        <run start="2343" length="8" level="159"/>
    </section>
    <section id="547" first-pos="184">
        <run start="2346" length="3" level="200"/>
    </section>
    <section id="458" first-pos="164">
        <run start="2258" length="33" level="42"/>
    </section>
    <section id="463" first-pos="165">
        <run start="2262" length="27" level="57"/>
    </section>
    <section id="471" first-pos="166">
        <run start="2266" length="20" level="54"/>
    </section>
    <section id="478" first-pos="167">
        <run start="2282" length="1" level="200"/>
    </section>
    <section id="270" first-pos="131">
        <run start="2350" length="10" level="37"/>
        <run start="2351" length="10" level="58"/>
        <run start="2353" length="9" level="39"/>
        <run start="2355" length="8" level="38"/>
        <run start="2356" length="7" level="48"/>
        <run start="2358" length="6" level="49"/>
        <run start="2359" length="6" level="49"/>
        <run start="2360" length="5" level="57"/>
        <run start="2361" length="5" level="57"/>
        <run start="2362" length="5" level="45"/>
        <run start="2363" length="4" level="48"/>
        <run start="2363" length="5" level="83"/>
        <run start="2364" length="4" level="97"/>
        <run start="2364" length="5" level="122"/>
        <run start="2365" length="4" level="145"/>
        <run start="2365" length="4" level="150"/>
        <run start="2366" length="3" level="192"/>
        <run start="2366" length="3" level="191"/>
        <run start="2366" length="3" level="190"/>
        <run start="2366" length="3" level="189"/>
        <run start="2366" length="3" level="191"/>
        <run start="2367" length="2" level="200"/>
        <run start="2367" length="2" level="200"/>
        <run start="2368" length="1" level="200"/>
        <run start="2368" length="1" level="200"/>
    </section>
</stick>
