<?xml version="1.0" encoding="UTF-8"?>
<stick id="5799" interline="21" shape="GRACE_NOTE_SLASH">
    <is-within-system>true</is-within-system>
    <has-ledger>false</has-ledger>
    <stem-number>0</stem-number>
    <step-line>-2.6823529411764704</step-line>
    <moments>
        <k>1.2857142857142858</k>
        <k>1.5714285714285714</k>
        <k>2.7142857142857144</k>
        <k>0.09489124137940577</k>
        <k>-0.13648996128645507</k>
        <k>0.46243671621833815</k>
        <k>0.01671134126065252</k>
        <k>-0.012527966438354559</k>
        <k>-0.011949348757195588</k>
        <k>0.04333686131688469</k>
        <k>0.5573279575977439</k>
        <k>0.2096077142024883</k>
        <k>0.009310658719017192</k>
        <k>9.718645762393001E-4</k>
        <k>1.4897636423552335E-6</k>
        <k>2.6043637240839103E-4</k>
        <k>2.515410238089405E-6</k>
        <k>1268.9700176366844</k>
        <k>878.1164021164021</k>
    </moments>
    <section id="2851" first-pos="1256">
        <run start="879" length="2" level="155"/>
        <run start="878" length="3" level="54"/>
        <run start="877" length="4" level="67"/>
        <run start="876" length="4" level="65"/>
        <run start="876" length="4" level="67"/>
        <run start="875" length="4" level="68"/>
        <run start="874" length="4" level="68"/>
        <run start="873" length="4" level="40"/>
        <run start="872" length="5" level="55"/>
        <run start="871" length="5" level="55"/>
        <run start="869" length="6" level="64"/>
    </section>
    <section id="2877" first-pos="1267">
        <run start="867" length="35" level="75"/>
        <run start="866" length="35" level="33"/>
    </section>
    <section id="2871" first-pos="1265">
        <run start="886" length="18" level="29"/>
        <run start="886" length="17" level="31"/>
    </section>
    <section id="2867" first-pos="1260">
        <run start="891" length="17" level="60"/>
        <run start="890" length="18" level="45"/>
        <run start="888" length="20" level="49"/>
        <run start="887" length="21" level="42"/>
        <run start="886" length="22" level="51"/>
    </section>
    <section id="2859" first-pos="1257">
        <run start="896" length="6" level="197"/>
        <run start="894" length="10" level="80"/>
        <run start="892" length="12" level="32"/>
    </section>
    <section id="2864" first-pos="1258">
        <run start="905" length="1" level="219"/>
        <run start="905" length="3" level="206"/>
    </section>
    <section id="2872" first-pos="1265">
        <run start="905" length="1" level="211"/>
    </section>
    <section id="2879" first-pos="1269">
        <run start="852" length="48" level="85"/>
    </section>
    <section id="2876" first-pos="1267">
        <run start="851" length="14" level="116"/>
        <run start="851" length="14" level="43"/>
    </section>
    <section id="2870" first-pos="1264">
        <run start="862" length="3" level="208"/>
        <run start="862" length="3" level="201"/>
        <run start="862" length="3" level="200"/>
    </section>
    <section id="2880" first-pos="1270">
        <run start="854" length="17" level="82"/>
        <run start="855" length="15" level="93"/>
        <run start="857" length="12" level="83"/>
        <run start="858" length="11" level="111"/>
        <run start="858" length="9" level="109"/>
        <run start="858" length="8" level="117"/>
        <run start="859" length="6" level="122"/>
        <run start="860" length="6" level="129"/>
        <run start="859" length="10" level="136"/>
        <run start="858" length="14" level="110"/>
    </section>
    <section id="2884" first-pos="1280">
        <run start="858" length="24" level="105"/>
    </section>
    <section id="2883" first-pos="1279">
        <run start="879" length="3" level="186"/>
    </section>
    <section id="2886" first-pos="1281">
        <run start="857" length="4" level="88"/>
        <run start="856" length="5" level="101"/>
        <run start="855" length="5" level="101"/>
        <run start="854" length="5" level="101"/>
        <run start="853" length="5" level="101"/>
        <run start="853" length="4" level="106"/>
        <run start="853" length="3" level="141"/>
        <run start="853" length="2" level="214"/>
    </section>
    <section id="2887" first-pos="1281">
        <run start="867" length="15" level="59"/>
    </section>
    <section id="2889" first-pos="1282">
        <run start="869" length="9" level="138"/>
    </section>
    <section id="2881" first-pos="1270">
        <run start="886" length="3" level="176"/>
    </section>
    <section id="2882" first-pos="1270">
        <run start="891" length="6" level="102"/>
    </section>
</stick>
