<?xml version="1.0" encoding="UTF-8"?>
<stick id="352" interline="22" shape="MEZZO">
    <is-within-system>true</is-within-system>
    <has-ledger>false</has-ledger>
    <stem-number>0</stem-number>
    <step-line>8.505747126436782</step-line>
    <moments>
        <k>0.8553719008264463</k>
        <k>1.4090909090909092</k>
        <k>1.0454545454545454</k>
        <k>0.18456622700342046</k>
        <k>-0.002135574841345472</k>
        <k>0.09861465264551636</k>
        <k>-2.6879358516965614E-4</k>
        <k>0.00586028687719657</k>
        <k>-5.771042355126719E-4</k>
        <k>8.100247781393864E-4</k>
        <k>0.2831808796489368</k>
        <k>0.007405915854214268</k>
        <k>2.833998974037429E-4</k>
        <k>4.520860070234582E-5</k>
        <k>-4.572907832138973E-9</k>
        <k>-3.7145472011786246E-6</k>
        <k>2.296548563717759E-9</k>
        <k>385.0144927536232</k>
        <k>416.83816425120773</k>
    </moments>
    <section id="1138" first-pos="370">
        <run start="411" length="3" level="88"/>
        <run start="409" length="4" level="64"/>
        <run start="408" length="3" level="86"/>
        <run start="407" length="3" level="86"/>
        <run start="407" length="3" level="85"/>
    </section>
    <section id="1153" first-pos="375">
        <run start="407" length="20" level="24"/>
        <run start="407" length="18" level="51"/>
    </section>
    <section id="1139" first-pos="370">
        <run start="424" length="4" level="92"/>
        <run start="421" length="7" level="50"/>
        <run start="419" length="9" level="34"/>
        <run start="417" length="11" level="27"/>
        <run start="413" length="15" level="21"/>
    </section>
    <section id="1161" first-pos="377">
        <run start="407" length="13" level="19"/>
        <run start="407" length="10" level="26"/>
        <run start="407" length="8" level="33"/>
        <run start="408" length="4" level="64"/>
        <run start="407" length="3" level="86"/>
        <run start="407" length="3" level="86"/>
        <run start="407" length="3" level="86"/>
        <run start="407" length="3" level="85"/>
    </section>
    <section id="1171" first-pos="385">
        <run start="407" length="20" level="23"/>
        <run start="407" length="18" level="51"/>
    </section>
    <section id="1169" first-pos="380">
        <run start="422" length="6" level="72"/>
        <run start="420" length="9" level="40"/>
        <run start="417" length="12" level="27"/>
        <run start="416" length="13" level="22"/>
        <run start="412" length="16" level="17"/>
    </section>
    <section id="1172" first-pos="387">
        <run start="407" length="12" level="21"/>
        <run start="407" length="9" level="29"/>
        <run start="408" length="7" level="36"/>
        <run start="408" length="4" level="64"/>
        <run start="408" length="2" level="128"/>
        <run start="407" length="3" level="86"/>
        <run start="407" length="3" level="85"/>
        <run start="406" length="4" level="66"/>
    </section>
    <section id="1181" first-pos="395">
        <run start="407" length="22" level="15"/>
        <run start="407" length="22" level="33"/>
    </section>
    <section id="1176" first-pos="391">
        <run start="421" length="5" level="76"/>
        <run start="418" length="9" level="40"/>
        <run start="416" length="12" level="28"/>
        <run start="413" length="15" level="20"/>
    </section>
    <section id="1185" first-pos="397">
        <run start="408" length="13" level="19"/>
        <run start="408" length="10" level="25"/>
        <run start="409" length="6" level="42"/>
    </section>
    <section id="1186" first-pos="397">
        <run start="422" length="1" level="226"/>
    </section>
    <section id="1187" first-pos="397">
        <run start="425" length="3" level="74"/>
        <run start="423" length="5" level="65"/>
        <run start="423" length="4" level="56"/>
        <run start="424" length="2" level="220"/>
    </section>
</stick>
