<?xml version="1.0" encoding="UTF-8"?>
<stick id="676" interline="22" shape="MEZZO">
    <is-within-system>true</is-within-system>
    <has-ledger>false</has-ledger>
    <stem-number>0</stem-number>
    <step-line>15.402298850574713</step-line>
    <moments>
        <k>0.8760330578512396</k>
        <k>1.4090909090909092</k>
        <k>1.0</k>
        <k>0.18649896390980458</k>
        <k>-0.00636473397502635</k>
        <k>0.08479292836956046</k>
        <k>-0.004455433030245766</k>
        <k>0.0036686061753930825</k>
        <k>0.001381544621857681</k>
        <k>1.2643246935690162E-4</k>
        <k>0.271291892279365</k>
        <k>0.01050615701960482</k>
        <k>1.92322191585939E-4</k>
        <k>2.385110826236843E-5</k>
        <k>-3.167012135812982E-10</k>
        <k>-2.0681187139703562E-7</k>
        <k>1.5840413687375253E-9</k>
        <k>635.7169811320755</k>
        <k>2493.573113207547</k>
    </moments>
    <section id="1715" first-pos="620">
        <run start="2488" length="2" level="46"/>
        <run start="2487" length="3" level="85"/>
        <run start="2486" length="3" level="160"/>
        <run start="2485" length="2" level="128"/>
        <run start="2484" length="2" level="21"/>
    </section>
    <section id="1733" first-pos="625">
        <run start="2484" length="20" level="26"/>
        <run start="2484" length="18" level="33"/>
        <run start="2484" length="15" level="28"/>
        <run start="2484" length="13" level="48"/>
        <run start="2485" length="9" level="72"/>
        <run start="2486" length="5" level="133"/>
        <run start="2485" length="3" level="84"/>
        <run start="2485" length="1" level="2"/>
        <run start="2484" length="2" level="14"/>
        <run start="2484" length="2" level="4"/>
    </section>
    <section id="1716" first-pos="620">
        <run start="2501" length="3" level="74"/>
        <run start="2498" length="6" level="35"/>
        <run start="2495" length="9" level="21"/>
        <run start="2492" length="12" level="14"/>
        <run start="2490" length="14" level="8"/>
    </section>
    <section id="1758" first-pos="635">
        <run start="2484" length="20" level="26"/>
        <run start="2484" length="18" level="34"/>
        <run start="2484" length="15" level="42"/>
        <run start="2484" length="12" level="55"/>
        <run start="2485" length="9" level="97"/>
        <run start="2486" length="5" level="93"/>
        <run start="2485" length="4" level="68"/>
        <run start="2485" length="1" level="24"/>
        <run start="2484" length="2" level="25"/>
        <run start="2483" length="4" level="71"/>
    </section>
    <section id="1745" first-pos="630">
        <run start="2500" length="4" level="67"/>
        <run start="2498" length="6" level="20"/>
        <run start="2495" length="10" level="24"/>
        <run start="2493" length="12" level="9"/>
        <run start="2490" length="15" level="21"/>
    </section>
    <section id="1772" first-pos="645">
        <run start="2483" length="22" level="20"/>
        <run start="2483" length="22" level="21"/>
        <run start="2483" length="22" level="68"/>
    </section>
    <section id="1770" first-pos="641">
        <run start="2498" length="5" level="66"/>
        <run start="2496" length="8" level="25"/>
        <run start="2493" length="11" level="16"/>
        <run start="2490" length="14" level="11"/>
    </section>
    <section id="1777" first-pos="648">
        <run start="2484" length="13" level="66"/>
        <run start="2485" length="9" level="74"/>
        <run start="2487" length="5" level="222"/>
    </section>
    <section id="1778" first-pos="648">
        <run start="2500" length="4" level="80"/>
        <run start="2499" length="5" level="101"/>
        <run start="2500" length="3" level="195"/>
    </section>
</stick>
