<?xml version="1.0" encoding="UTF-8"?>
<stick id="598" interline="22" shape="MEZZO">
    <is-within-system>true</is-within-system>
    <has-ledger>false</has-ledger>
    <stem-number>0</stem-number>
    <step-line>14.666666666666666</step-line>
    <moments>
        <k>0.9772727272727273</k>
        <k>1.4545454545454546</k>
        <k>1.0</k>
        <k>0.17319819412675297</k>
        <k>-0.006635235997960679</k>
        <k>0.08174203355375138</k>
        <k>-0.004056248533345204</k>
        <k>0.004092136157814932</k>
        <k>5.444405304692204E-4</k>
        <k>8.004023980010602E-4</k>
        <k>0.25494022768050434</k>
        <k>0.008540334733749183</k>
        <k>1.6406992364810188E-4</k>
        <k>3.626972896920984E-5</k>
        <k>-4.550520538826271E-10</k>
        <k>-6.052525437054409E-7</k>
        <k>2.760638969580666E-9</k>
        <k>750.0570824524312</k>
        <k>1901.6849894291754</k>
    </moments>
    <section id="1931" first-pos="734">
        <run start="1897" length="2" level="108"/>
        <run start="1895" length="4" level="89"/>
        <run start="1894" length="4" level="103"/>
        <run start="1893" length="3" level="86"/>
        <run start="1892" length="3" level="35"/>
    </section>
    <section id="1933" first-pos="739">
        <run start="1892" length="21" level="27"/>
        <run start="1892" length="19" level="15"/>
        <run start="1892" length="17" level="24"/>
        <run start="1892" length="14" level="42"/>
        <run start="1893" length="10" level="46"/>
        <run start="1893" length="7" level="88"/>
        <run start="1893" length="4" level="107"/>
        <run start="1892" length="3" level="86"/>
        <run start="1892" length="3" level="138"/>
        <run start="1892" length="2" level="128"/>
    </section>
    <section id="1932" first-pos="734">
        <run start="1910" length="3" level="141"/>
        <run start="1907" length="6" level="67"/>
        <run start="1904" length="9" level="43"/>
        <run start="1901" length="12" level="31"/>
        <run start="1898" length="15" level="23"/>
    </section>
    <section id="1935" first-pos="749">
        <run start="1892" length="21" level="43"/>
        <run start="1892" length="19" level="27"/>
        <run start="1892" length="17" level="46"/>
        <run start="1892" length="13" level="41"/>
        <run start="1893" length="10" level="61"/>
        <run start="1893" length="7" level="100"/>
        <run start="1892" length="5" level="101"/>
        <run start="1892" length="4" level="103"/>
        <run start="1892" length="3" level="138"/>
        <run start="1891" length="4" level="112"/>
    </section>
    <section id="1934" first-pos="744">
        <run start="1909" length="4" level="142"/>
        <run start="1906" length="7" level="59"/>
        <run start="1904" length="9" level="30"/>
        <run start="1901" length="12" level="32"/>
        <run start="1898" length="15" level="24"/>
    </section>
    <section id="1976" first-pos="759">
        <run start="1891" length="22" level="31"/>
        <run start="1891" length="22" level="13"/>
        <run start="1891" length="22" level="29"/>
    </section>
    <section id="1945" first-pos="755">
        <run start="1906" length="5" level="158"/>
        <run start="1904" length="8" level="81"/>
        <run start="1901" length="12" level="64"/>
        <run start="1898" length="15" level="40"/>
    </section>
    <section id="1991" first-pos="762">
        <run start="1892" length="15" level="49"/>
    </section>
    <section id="1993" first-pos="763">
        <run start="1893" length="10" level="48"/>
        <run start="1893" length="8" level="107"/>
        <run start="1894" length="4" level="179"/>
    </section>
    <section id="1992" first-pos="762">
        <run start="1908" length="5" level="79"/>
        <run start="1907" length="6" level="84"/>
        <run start="1907" length="5" level="99"/>
        <run start="1908" length="3" level="166"/>
    </section>
</stick>
