<?xml version="1.0" encoding="UTF-8"?>
<stick id="664" interline="21" shape="MEZZO">
    <is-within-system>true</is-within-system>
    <has-ledger>false</has-ledger>
    <stem-number>0</stem-number>
    <step-line>8.51764705882353</step-line>
    <moments>
        <k>1.1405895691609977</k>
        <k>1.5238095238095237</k>
        <k>1.0952380952380953</k>
        <k>0.15917349202493825</k>
        <k>-1.5677704736252778E-4</k>
        <k>0.08343924021530565</k>
        <k>-6.927443479892484E-4</k>
        <k>0.0033604764789919852</k>
        <k>1.0598717528502677E-4</k>
        <k>0.0011443747199608916</k>
        <k>0.24261273224024388</k>
        <k>0.005735775213335157</k>
        <k>8.089247337834463E-5</k>
        <k>2.063796830442702E-5</k>
        <k>-8.113437300051994E-10</k>
        <k>-1.5091953031031706E-6</k>
        <k>2.2975150780299088E-10</k>
        <k>500.58250497017895</k>
        <k>2164.4015904572566</k>
    </moments>
    <section id="1327" first-pos="485">
        <run start="2159" length="2" level="121"/>
        <run start="2157" length="5" level="53"/>
        <run start="2155" length="6" level="47"/>
        <run start="2154" length="5" level="56"/>
        <run start="2154" length="4" level="61"/>
    </section>
    <section id="1329" first-pos="490">
        <run start="2154" length="22" level="13"/>
        <run start="2154" length="20" level="13"/>
        <run start="2154" length="18" level="16"/>
    </section>
    <section id="1328" first-pos="485">
        <run start="2172" length="3" level="98"/>
        <run start="2169" length="7" level="46"/>
        <run start="2166" length="10" level="28"/>
        <run start="2163" length="13" level="20"/>
        <run start="2160" length="16" level="17"/>
    </section>
    <section id="1331" first-pos="493">
        <run start="2155" length="13" level="20"/>
        <run start="2155" length="11" level="26"/>
        <run start="2155" length="7" level="41"/>
        <run start="2155" length="5" level="55"/>
        <run start="2155" length="4" level="68"/>
        <run start="2154" length="4" level="65"/>
        <run start="2154" length="4" level="61"/>
    </section>
    <section id="1351" first-pos="500">
        <run start="2154" length="22" level="12"/>
        <run start="2154" length="21" level="12"/>
        <run start="2154" length="17" level="17"/>
        <run start="2155" length="14" level="19"/>
        <run start="2155" length="10" level="31"/>
        <run start="2156" length="6" level="47"/>
        <run start="2155" length="5" level="54"/>
        <run start="2154" length="5" level="56"/>
        <run start="2154" length="4" level="65"/>
        <run start="2154" length="4" level="60"/>
    </section>
    <section id="1335" first-pos="495">
        <run start="2171" length="5" level="67"/>
        <run start="2168" length="8" level="36"/>
        <run start="2166" length="11" level="27"/>
        <run start="2163" length="14" level="19"/>
        <run start="2160" length="17" level="16"/>
    </section>
    <section id="1357" first-pos="510">
        <run start="2154" length="23" level="13"/>
        <run start="2154" length="23" level="12"/>
        <run start="2154" length="22" level="13"/>
        <run start="2155" length="21" level="13"/>
    </section>
    <section id="1356" first-pos="506">
        <run start="2169" length="5" level="62"/>
        <run start="2166" length="9" level="33"/>
        <run start="2164" length="12" level="24"/>
        <run start="2161" length="15" level="18"/>
    </section>
    <section id="1362" first-pos="514">
        <run start="2155" length="11" level="28"/>
    </section>
    <section id="1364" first-pos="515">
        <run start="2156" length="6" level="20"/>
    </section>
    <section id="1367" first-pos="516">
        <run start="2158" length="1" level="43"/>
    </section>
    <section id="1363" first-pos="514">
        <run start="2170" length="6" level="43"/>
        <run start="2170" length="5" level="48"/>
        <run start="2171" length="2" level="121"/>
    </section>
</stick>
