<?xml version="1.0" encoding="UTF-8"?>
<stick id="6612" interline="22" shape="NOTEHEAD_BLACK">
    <is-within-system>true</is-within-system>
    <has-ledger>false</has-ledger>
    <stem-number>2</stem-number>
    <step-line>2.9885057471264367</step-line>
    <moments>
        <k>0.7665289256198347</k>
        <k>0.8181818181818182</k>
        <k>1.0454545454545454</k>
        <k>0.06588000492158894</k>
        <k>-0.019216559912461222</k>
        <k>0.10467913021356257</k>
        <k>-8.404080886852521E-4</k>
        <k>6.893110492358563E-4</k>
        <k>0.001208796304228932</k>
        <k>-0.0015420621674142644</k>
        <k>0.1705591351351515</k>
        <k>0.0029824768228991143</k>
        <k>3.298434162666791E-5</k>
        <k>8.628943469059821E-7</k>
        <k>4.3517326153304606E-12</k>
        <k>4.709572350043619E-8</k>
        <k>-1.501615803969088E-12</k>
        <k>1339.700808625337</k>
        <k>1775.288409703504</k>
    </moments>
    <section id="2991" first-pos="1331">
        <run start="1771" length="16" level="45"/>
        <run start="1770" length="17" level="42"/>
        <run start="1769" length="18" level="39"/>
        <run start="1768" length="19" level="37"/>
        <run start="1767" length="20" level="35"/>
        <run start="1766" length="21" level="39"/>
        <run start="1765" length="22" level="46"/>
        <run start="1764" length="23" level="53"/>
        <run start="1764" length="23" level="53"/>
        <run start="1764" length="23" level="53"/>
        <run start="1764" length="23" level="53"/>
        <run start="1764" length="23" level="53"/>
        <run start="1764" length="23" level="53"/>
        <run start="1764" length="22" level="46"/>
        <run start="1764" length="21" level="39"/>
        <run start="1764" length="20" level="39"/>
        <run start="1764" length="19" level="41"/>
        <run start="1764" length="18" level="44"/>
    </section>
</stick>
