<?xml version="1.0" encoding="UTF-8"?>
<stick id="7187" interline="21" shape="PIANO">
    <is-within-system>true</is-within-system>
    <has-ledger>false</has-ledger>
    <stem-number>0</stem-number>
    <step-line>8.894117647058824</step-line>
    <moments>
        <k>0.7959183673469388</k>
        <k>1.4761904761904763</k>
        <k>1.6666666666666667</k>
        <k>0.2050375095236746</k>
        <k>-0.13311631137785138</k>
        <k>0.2749629881227825</k>
        <k>0.04365806493597737</k>
        <k>0.010627994821581294</k>
        <k>-0.04417166203772748</k>
        <k>0.026056357012584856</k>
        <k>0.48000049764645714</k>
        <k>0.07576938197669464</k>
        <k>0.031070905157691026</k>
        <k>0.0013460054514758154</k>
        <k>7.774503852960059E-8</k>
        <k>1.0411535055634509E-4</k>
        <k>8.704219971840576E-6</k>
        <k>529.2678062678062</k>
        <k>2168.4900284900286</k>
    </moments>
    <section id="1365" first-pos="515">
        <run start="2185" length="3" level="58"/>
        <run start="2184" length="4" level="18"/>
        <run start="2181" length="7" level="21"/>
        <run start="2179" length="9" level="11"/>
        <run start="2176" length="12" level="9"/>
        <run start="2175" length="13" level="4"/>
        <run start="2172" length="16" level="5"/>
        <run start="2170" length="18" level="37"/>
    </section>
    <section id="1372" first-pos="523">
        <run start="2168" length="16" level="29"/>
        <run start="2166" length="16" level="42"/>
        <run start="2163" length="16" level="29"/>
        <run start="2160" length="14" level="1"/>
    </section>
    <section id="1389" first-pos="527">
        <run start="2153" length="19" level="3"/>
        <run start="2154" length="16" level="1"/>
        <run start="2154" length="18" level="3"/>
    </section>
    <section id="1371" first-pos="521">
        <run start="2157" length="2" level="16"/>
        <run start="2156" length="2" level="16"/>
        <run start="2154" length="3" level="79"/>
        <run start="2154" length="3" level="3"/>
        <run start="2154" length="3" level="2"/>
        <run start="2153" length="4" level="57"/>
    </section>
    <section id="1393" first-pos="530">
        <run start="2154" length="11" level="5"/>
        <run start="2155" length="8" level="10"/>
        <run start="2156" length="4" level="14"/>
        <run start="2156" length="3" level="92"/>
        <run start="2155" length="2" level="129"/>
        <run start="2155" length="1" level="46"/>
    </section>
    <section id="1394" first-pos="530">
        <run start="2170" length="3" level="9"/>
        <run start="2172" length="2" level="15"/>
        <run start="2173" length="2" level="17"/>
        <run start="2173" length="2" level="9"/>
        <run start="2173" length="2" level="10"/>
        <run start="2173" length="2" level="12"/>
        <run start="2173" length="3" level="16"/>
        <run start="2172" length="3" level="13"/>
        <run start="2171" length="4" level="11"/>
        <run start="2169" length="5" level="53"/>
        <run start="2167" length="7" level="39"/>
        <run start="2166" length="7" level="37"/>
        <run start="2162" length="10" level="25"/>
    </section>
    <section id="1434" first-pos="543">
        <run start="2154" length="17" level="17"/>
        <run start="2155" length="14" level="22"/>
    </section>
    <section id="1416" first-pos="537">
        <run start="2154" length="1" level="27"/>
        <run start="2153" length="2" level="128"/>
        <run start="2153" length="2" level="126"/>
        <run start="2153" length="3" level="86"/>
        <run start="2153" length="3" level="94"/>
        <run start="2154" length="4" level="64"/>
    </section>
    <section id="1447" first-pos="545">
        <run start="2157" length="9" level="39"/>
    </section>
    <section id="1373" first-pos="523">
        <run start="2186" length="1" level="208"/>
    </section>
</stick>
