<?xml version="1.0" encoding="UTF-8"?>
<stick id="382" interline="21" shape="PIANO">
    <is-within-system>true</is-within-system>
    <has-ledger>false</has-ledger>
    <stem-number>0</stem-number>
    <step-line>15.348837209302326</step-line>
    <moments>
        <k>0.8140589569160998</k>
        <k>1.4761904761904763</k>
        <k>1.6666666666666667</k>
        <k>0.18977732022407823</k>
        <k>-0.12241360868425653</k>
        <k>0.2644109585316539</k>
        <k>0.048138563748971575</k>
        <k>0.008590721633304257</k>
        <k>-0.04086935167526313</k>
        <k>0.019675931764188612</k>
        <k>0.45418827875573214</k>
        <k>0.06551054633143517</k>
        <k>0.029191571881458656</k>
        <k>8.518451384665437E-4</k>
        <k>-3.0199353170751587E-6</k>
        <k>-4.49235771332501E-5</k>
        <k>2.9873508876816813E-6</k>
        <k>613.4456824512534</k>
        <k>730.5236768802229</k>
    </moments>
    <section id="1630" first-pos="600">
        <run start="746" length="4" level="116"/>
        <run start="744" length="6" level="64"/>
        <run start="742" length="8" level="47"/>
        <run start="740" length="10" level="37"/>
        <run start="737" length="13" level="31"/>
        <run start="735" length="15" level="23"/>
        <run start="733" length="17" level="20"/>
        <run start="730" length="19" level="36"/>
    </section>
    <section id="1639" first-pos="608">
        <run start="728" length="17" level="27"/>
        <run start="726" length="17" level="39"/>
        <run start="723" length="17" level="28"/>
        <run start="721" length="17" level="40"/>
    </section>
    <section id="1666" first-pos="612">
        <run start="715" length="20" level="34"/>
        <run start="715" length="17" level="14"/>
        <run start="715" length="18" level="5"/>
    </section>
    <section id="1636" first-pos="606">
        <run start="718" length="3" level="85"/>
        <run start="717" length="3" level="88"/>
        <run start="716" length="2" level="128"/>
        <run start="715" length="3" level="86"/>
        <run start="715" length="3" level="84"/>
        <run start="715" length="4" level="64"/>
    </section>
    <section id="1688" first-pos="615">
        <run start="715" length="12" level="22"/>
    </section>
    <section id="1694" first-pos="616">
        <run start="716" length="7" level="5"/>
        <run start="718" length="3" level="6"/>
        <run start="717" length="2" level="8"/>
        <run start="716" length="2" level="8"/>
        <run start="716" length="1" level="15"/>
    </section>
    <section id="1689" first-pos="615">
        <run start="731" length="3" level="92"/>
        <run start="732" length="3" level="92"/>
        <run start="733" length="3" level="91"/>
        <run start="734" length="2" level="7"/>
        <run start="734" length="2" level="6"/>
        <run start="734" length="2" level="5"/>
        <run start="734" length="2" level="3"/>
        <run start="733" length="3" level="13"/>
        <run start="732" length="4" level="9"/>
        <run start="731" length="5" level="51"/>
        <run start="729" length="6" level="10"/>
        <run start="727" length="8" level="34"/>
        <run start="724" length="10" level="28"/>
    </section>
    <section id="1738" first-pos="628">
        <run start="717" length="16" level="31"/>
    </section>
    <section id="1720" first-pos="621">
        <run start="715" length="1" level="5"/>
        <run start="715" length="1" level="2"/>
        <run start="715" length="1" level="1"/>
        <run start="715" length="1" level="4"/>
        <run start="715" length="2" level="9"/>
        <run start="716" length="2" level="5"/>
        <run start="716" length="4" level="6"/>
    </section>
    <section id="1741" first-pos="629">
        <run start="718" length="11" level="3"/>
    </section>
    <section id="1744" first-pos="630">
        <run start="720" length="6" level="4"/>
    </section>
    <section id="1640" first-pos="608">
        <run start="747" length="1" level="197"/>
    </section>
</stick>
