<?xml version="1.0" encoding="UTF-8"?>
<stick id="4892" interline="21" shape="SHARP">
    <is-within-system>true</is-within-system>
    <has-ledger>false</has-ledger>
    <stem-number>1</stem-number>
    <step-line>5.116279069767442</step-line>
    <moments>
        <k>1.3197278911564625</k>
        <k>1.0476190476190477</k>
        <k>3.1904761904761907</k>
        <k>0.05202492609113058</k>
        <k>-0.025337560558280372</k>
        <k>0.4124675338061722</k>
        <k>-9.887586721845792E-4</k>
        <k>0.0015759656235361083</k>
        <k>0.006876246939890626</k>
        <k>-0.04939609235535372</k>
        <k>0.46449245989730276</k>
        <k>0.13248684135659747</k>
        <k>0.0033967224940124694</k>
        <k>0.0023214270387494737</k>
        <k>6.518215322723617E-6</k>
        <k>8.402877099326606E-4</k>
        <k>8.143207138478563E-8</k>
        <k>1462.9604810996564</k>
        <k>621.2852233676975</k>
    </moments>
    <section id="3214" first-pos="1452">
        <run start="633" length="2" level="58"/>
    </section>
    <section id="3217" first-pos="1453">
        <run start="632" length="8" level="47"/>
        <run start="631" length="9" level="28"/>
        <run start="631" length="8" level="3"/>
        <run start="630" length="9" level="8"/>
        <run start="629" length="13" level="22"/>
    </section>
    <section id="3227" first-pos="1458">
        <run start="596" length="57" level="34"/>
    </section>
    <section id="3222" first-pos="1457">
        <run start="596" length="5" level="222"/>
    </section>
    <section id="3223" first-pos="1457">
        <run start="606" length="14" level="78"/>
    </section>
    <section id="3216" first-pos="1453">
        <run start="608" length="9" level="72"/>
        <run start="608" length="9" level="69"/>
        <run start="608" length="9" level="69"/>
        <run start="608" length="9" level="69"/>
    </section>
    <section id="3224" first-pos="1457">
        <run start="622" length="6" level="36"/>
    </section>
    <section id="3225" first-pos="1457">
        <run start="646" length="2" level="93"/>
    </section>
    <section id="3226" first-pos="1457">
        <run start="651" length="1" level="110"/>
    </section>
    <section id="3228" first-pos="1459">
        <run start="608" length="7" level="90"/>
        <run start="607" length="8" level="104"/>
        <run start="606" length="9" level="116"/>
        <run start="605" length="10" level="106"/>
        <run start="605" length="9" level="116"/>
        <run start="604" length="10" level="106"/>
        <run start="604" length="10" level="106"/>
        <run start="604" length="10" level="105"/>
    </section>
    <section id="3235" first-pos="1467">
        <run start="586" length="61" level="43"/>
    </section>
    <section id="3234" first-pos="1466">
        <run start="586" length="15" level="211"/>
    </section>
    <section id="3230" first-pos="1460">
        <run start="629" length="10" level="23"/>
        <run start="628" length="10" level="46"/>
        <run start="628" length="9" level="29"/>
        <run start="627" length="10" level="30"/>
        <run start="627" length="10" level="46"/>
        <run start="627" length="9" level="29"/>
        <run start="626" length="10" level="30"/>
    </section>
    <section id="3229" first-pos="1459">
        <run start="623" length="30" level="63"/>
    </section>
    <section id="3231" first-pos="1460">
        <run start="641" length="11" level="171"/>
    </section>
    <section id="3236" first-pos="1468">
        <run start="586" length="28" level="78"/>
    </section>
    <section id="3238" first-pos="1469">
        <run start="603" length="9" level="118"/>
        <run start="603" length="9" level="118"/>
        <run start="603" length="9" level="116"/>
        <run start="602" length="6" level="79"/>
    </section>
    <section id="3245" first-pos="1473">
        <run start="606" length="1" level="198"/>
    </section>
    <section id="3237" first-pos="1468">
        <run start="617" length="30" level="9"/>
    </section>
    <section id="3239" first-pos="1469">
        <run start="623" length="24" level="121"/>
    </section>
    <section id="3240" first-pos="1470">
        <run start="625" length="10" level="46"/>
        <run start="625" length="9" level="29"/>
        <run start="624" length="10" level="30"/>
        <run start="625" length="9" level="213"/>
    </section>
</stick>
