<?xml version="1.0" encoding="UTF-8"?>
<glyph id="2055" interline="22" shape="VOID_NOTEHEAD">
    <is-within-system>true</is-within-system>
    <has-ledger>true</has-ledger>
    <stem-number>2</stem-number>
    <step-line>6.114942528735632</step-line>
    <moments>
        <k>0.45454545454545453</k>
        <k>0.9090909090909091</k>
        <k>1.1363636363636365</k>
        <k>0.14627160030052527</k>
        <k>0.03519534184823438</k>
        <k>0.2850567242674681</k>
        <k>-0.005639579851507816</k>
        <k>-0.005243100047134033</k>
        <k>0.013719251142943322</k>
        <k>0.015826263629175913</k>
        <k>0.43132832456799336</k>
        <k>0.024216158985775997</k>
        <k>0.0031857440070300253</k>
        <k>1.7728443958190461E-4</k>
        <k>7.436555217590739E-8</k>
        <k>1.8522356249625282E-5</k>
        <k>1.1054755023175131E-7</k>
        <k>1879.9545454545455</k>
        <k>1218.8454545454545</k>
    </moments>
    <section id="4069" first-pos="1870">
        <run start="1213" length="8" level="76"/>
        <run start="1212" length="9" level="67"/>
        <run start="1211" length="10" level="60"/>
        <run start="1210" length="11" level="57"/>
    </section>
    <section id="4077" first-pos="1874">
        <run start="1210" length="7" level="9"/>
        <run start="1210" length="6" level="11"/>
        <run start="1209" length="6" level="36"/>
        <run start="1208" length="7" level="43"/>
        <run start="1208" length="6" level="43"/>
        <run start="1208" length="6" level="50"/>
        <run start="1208" length="5" level="43"/>
        <run start="1207" length="6" level="43"/>
        <run start="1207" length="6" level="59"/>
        <run start="1208" length="4" level="65"/>
        <run start="1208" length="4" level="65"/>
        <run start="1208" length="4" level="65"/>
        <run start="1208" length="4" level="65"/>
        <run start="1208" length="4" level="77"/>
        <run start="1209" length="3" level="102"/>
        <run start="1210" length="4" level="171"/>
    </section>
    <section id="4078" first-pos="1874">
        <run start="1218" length="1" level="26"/>
    </section>
    <section id="4073" first-pos="1872">
        <run start="1229" length="1" level="18"/>
        <run start="1229" length="2" level="12"/>
        <run start="1229" length="2" level="12"/>
        <run start="1229" length="2" level="14"/>
        <run start="1229" length="3" level="11"/>
        <run start="1228" length="4" level="64"/>
        <run start="1227" length="5" level="52"/>
        <run start="1227" length="5" level="51"/>
        <run start="1226" length="6" level="42"/>
        <run start="1225" length="7" level="37"/>
        <run start="1225" length="7" level="36"/>
        <run start="1224" length="7" level="36"/>
        <run start="1223" length="8" level="33"/>
        <run start="1223" length="8" level="31"/>
        <run start="1222" length="8" level="31"/>
        <run start="1221" length="8" level="33"/>
        <run start="1221" length="8" level="34"/>
        <run start="1220" length="8" level="59"/>
    </section>
</glyph>
