<?xml version="1.0" encoding="UTF-8" standalone="yes"?>
<samples sheet-name="IMSLP00668#15">
    <sample shape="SHARP" interline="16" pitch="-4.3" left="283" top="1344" id="775">
        <run-table orientation="VERTICAL" width="18" height="49">
            <runs>0 15 6 11 7</runs>
            <runs>0 14 8 9 8</runs>
            <runs>0 14 8 9 18</runs>
            <runs>0 13 10 7 19</runs>
            <runs>0 5 23 1 20</runs>
            <runs>0 4 24 1 16</runs>
            <runs>0 5 17 7 10</runs>
            <runs>0 12 9 8 9</runs>
            <runs>0 12 9 8 9</runs>
            <runs>0 11 10 8 9</runs>
            <runs>0 11 10 8 9</runs>
            <runs>0 11 10 4 21</runs>
            <runs>46</runs>
            <runs>37</runs>
            <runs>20 5 12</runs>
            <runs>0 10 9 6 11</runs>
            <runs>0 11 8 10 6</runs>
            <runs>0 13 3</runs>
        </run-table>
    </sample>
    <sample shape="TIME_SIX" interline="16" pitch="-2.1" left="480" top="529" id="634">
        <run-table orientation="VERTICAL" width="27" height="29">
            <runs>0 10 10</runs>
            <runs>0 8 14</runs>
            <runs>0 5 18</runs>
            <runs>0 5 20</runs>
            <runs>0 3 23</runs>
            <runs>0 2 25</runs>
            <runs>29</runs>
            <runs>29</runs>
            <runs>29</runs>
            <runs>29</runs>
            <runs>10 16 3</runs>
            <runs></runs>
            <runs>0 11 1</runs>
            <runs>0 11 1</runs>
            <runs>0 11 1</runs>
            <runs>0 10 2</runs>
            <runs>7 3 2</runs>
            <runs>8 2 2</runs>
            <runs>9 1 7 8 4</runs>
            <runs>9 1 19</runs>
            <runs>9 1 19</runs>
            <runs>9 2 18</runs>
            <runs>9 3 17</runs>
            <runs>8 4 16</runs>
            <runs>7 6 14</runs>
            <runs>0 13 13</runs>
            <runs>0 14 9</runs>
        </run-table>
    </sample>
    <sample shape="TIME_SIX" interline="16" pitch="-2.1" left="480" top="713" id="653">
        <run-table orientation="VERTICAL" width="27" height="28">
            <runs>0 9 12</runs>
            <runs>0 7 16</runs>
            <runs>0 5 20</runs>
            <runs>0 3 23</runs>
            <runs>0 2 26</runs>
            <runs>28</runs>
            <runs>28</runs>
            <runs>28</runs>
            <runs>28</runs>
            <runs>23 1 4</runs>
            <runs>8</runs>
            <runs></runs>
            <runs></runs>
            <runs></runs>
            <runs></runs>
            <runs>0 3 1</runs>
            <runs>0 2 6</runs>
            <runs>9</runs>
            <runs>10 13 5</runs>
            <runs>10 1 17</runs>
            <runs>10 2 16</runs>
            <runs>10 2 16</runs>
            <runs>10 3 15</runs>
            <runs>9 4 15</runs>
            <runs>0 3 4 7 14</runs>
            <runs>0 14 12</runs>
            <runs>0 14 9</runs>
        </run-table>
    </sample>
    <sample shape="TIME_EIGHT" interline="16" pitch="1.9" left="480" top="562" id="639">
        <run-table orientation="VERTICAL" width="25" height="29">
            <runs>0 20 5</runs>
            <runs>0 4 6 8 9</runs>
            <runs>0 2 9 6 11</runs>
            <runs>0 1 11 5 12</runs>
            <runs>20</runs>
            <runs>18</runs>
            <runs>18</runs>
            <runs>17</runs>
            <runs>17</runs>
            <runs>17</runs>
            <runs>1 4 12</runs>
            <runs>0 7 11</runs>
            <runs>0 7 11</runs>
            <runs>0 7 11</runs>
            <runs>0 8 11</runs>
            <runs>0 8 12</runs>
            <runs>0 9 11</runs>
            <runs>0 9 13</runs>
            <runs>0 8 16</runs>
            <runs>0 7 22</runs>
            <runs>0 1 3 3 3 1 18</runs>
            <runs>0 1 8 3 17</runs>
            <runs>0 2 4 6 15</runs>
            <runs>0 4 2 7 13</runs>
            <runs>0 18 6</runs>
        </run-table>
    </sample>
    <sample shape="TIME_EIGHT" interline="16" pitch="2.0" left="480" top="746" id="659">
        <run-table orientation="VERTICAL" width="25" height="28">
            <runs>0 4 4 10 6</runs>
            <runs>0 2 7 7 10</runs>
            <runs>0 1 9 6 11</runs>
            <runs>20 3 5</runs>
            <runs>18</runs>
            <runs>17</runs>
            <runs>16</runs>
            <runs>16</runs>
            <runs>0 1 15</runs>
            <runs>0 4 12</runs>
            <runs>0 5 11</runs>
            <runs>0 6 11</runs>
            <runs>0 6 11</runs>
            <runs>0 7 10</runs>
            <runs>0 7 11</runs>
            <runs>0 8 11</runs>
            <runs>0 8 11</runs>
            <runs>0 8 13</runs>
            <runs>0 7 21</runs>
            <runs>0 6 22</runs>
            <runs>0 3 5 2 18</runs>
            <runs>0 1 6 4 17</runs>
            <runs>0 2 4 6 14</runs>
            <runs>0 3 1 8 12</runs>
            <runs>0 16 6</runs>
        </run-table>
    </sample>
    <sample shape="TIME_SIX_EIGHT" interline="16" pitch="-0.2" left="480" top="529" id="628">
        <run-table orientation="VERTICAL" width="27" height="62">
            <runs>0 10 10 33 5</runs>
            <runs>0 8 14 15 6 8 9</runs>
            <runs>0 5 18 12 9 6 11</runs>
            <runs>0 5 20 9 11 5 12</runs>
            <runs>0 3 23 5 22</runs>
            <runs>0 2 25 4 20</runs>
            <runs>29 1 21</runs>
            <runs>29 1 20</runs>
            <runs>50</runs>
            <runs>50</runs>
            <runs>10 16 8 4 12</runs>
            <runs>0 40 11</runs>
            <runs>0 11 1 28 11</runs>
            <runs>0 11 1 28 11</runs>
            <runs>0 11 1 29 11</runs>
            <runs>0 10 2 29 12</runs>
            <runs>7 3 2 30 11</runs>
            <runs>8 2 2 30 13</runs>
            <runs>9 1 7 8 8 8 16</runs>
            <runs>9 1 24 6 22</runs>
            <runs>9 1 23 1 3 3 3 1 18</runs>
            <runs>9 2 22 1 8 3 17</runs>
            <runs>9 3 17 6 4 6 15</runs>
            <runs>8 4 16 9 2 7 13</runs>
            <runs>7 6 14 24 6</runs>
            <runs>0 13 13</runs>
            <runs>0 14 9</runs>
        </run-table>
    </sample>
    <sample shape="TIME_SIX_EIGHT" interline="16" pitch="-0.3" left="480" top="713" id="647">
        <run-table orientation="VERTICAL" width="27" height="61">
            <runs>0 9 12 16 4 10 6</runs>
            <runs>0 7 16 12 7 7 10</runs>
            <runs>0 5 20 9 9 6 11</runs>
            <runs>0 3 23 7 20 3 5</runs>
            <runs>0 2 26 1 22</runs>
            <runs>50</runs>
            <runs>49</runs>
            <runs>49</runs>
            <runs>33 1 15</runs>
            <runs>23 1 8 5 12</runs>
            <runs>8 30 11</runs>
            <runs>0 39 11</runs>
            <runs>0 39 11</runs>
            <runs>0 40 10</runs>
            <runs>0 40 11</runs>
            <runs>0 3 1 37 11</runs>
            <runs>0 2 6 33 11</runs>
            <runs>9 32 13</runs>
            <runs>10 13 9 8 21</runs>
            <runs>10 1 21 7 22</runs>
            <runs>10 2 20 4 5 2 18</runs>
            <runs>10 2 20 2 6 4 17</runs>
            <runs>10 3 19 3 4 6 14</runs>
            <runs>9 4 15 8 1 8 12</runs>
            <runs>0 3 4 7 14 21 6</runs>
            <runs>0 14 12</runs>
            <runs>0 14 9</runs>
        </run-table>
    </sample>
</samples>
