<?xml version="1.0" encoding="UTF-8" standalone="yes"?>
<samples sheet-name="IMSLP00121#19">
    <sample shape="F_CLEF" interline="18" pitch="-1.5" left="289" top="1350" id="294">
        <run-table orientation="VERTICAL" width="50" height="58">
            <runs>0 14 8</runs>
            <runs>0 10 13</runs>
            <runs>0 9 16</runs>
            <runs>0 7 19</runs>
            <runs>0 6 21 25 1</runs>
            <runs>0 5 6 1 15 25 1</runs>
            <runs>9 3 16 24 1</runs>
            <runs>0 5 2 5 16 23 2</runs>
            <runs>0 5 2 5 16 23 2</runs>
            <runs>0 5 1 6 16 22 8</runs>
            <runs>0 5 1 5 17 22 8</runs>
            <runs>0 11 17 21 9</runs>
            <runs>0 11 17 21 9</runs>
            <runs>0 12 15 22 9</runs>
            <runs>0 12 14 22 5</runs>
            <runs>0 13 13 22 5</runs>
            <runs>0 14 10 23 6</runs>
            <runs>0 16 2 28 7</runs>
            <runs>0 45 7</runs>
            <runs>0 44 8</runs>
            <runs>0 43 8</runs>
            <runs>0 42 9</runs>
            <runs>0 37 13</runs>
            <runs>0 37 12</runs>
            <runs>0 6 1 29 13</runs>
            <runs>8 28 12</runs>
            <runs>9 25 13</runs>
            <runs>11 21 14</runs>
            <runs>14 15 16</runs>
            <runs>44</runs>
            <runs>43</runs>
            <runs>42</runs>
            <runs>0 6 35</runs>
            <runs>0 7 33</runs>
            <runs>0 8 32</runs>
            <runs>0 10 30</runs>
            <runs>0 11 23</runs>
            <runs>0 13 19</runs>
            <runs>0 16 13</runs>
            <runs></runs>
            <runs></runs>
            <runs>0 29 1</runs>
            <runs>0 10 5 13 4</runs>
            <runs>0 9 7 11 6</runs>
            <runs>0 8 9 9 9</runs>
            <runs>0 8 9 9 9</runs>
            <runs>0 8 9 9 9</runs>
            <runs>0 8 9 9 8</runs>
            <runs>0 9 7 11 7</runs>
            <runs>0 10 6 12 5</runs>
        </run-table>
    </sample>
    <sample shape="FLAT" interline="18" pitch="0.1" left="393" top="442" id="227">
        <run-table orientation="VERTICAL" width="20" height="47">
            <runs>0 1 27</runs>
            <runs>47</runs>
            <runs>47</runs>
            <runs>47</runs>
            <runs>0 1 46</runs>
            <runs>0 29 2</runs>
            <runs></runs>
            <runs></runs>
            <runs></runs>
            <runs>0 38 1</runs>
            <runs>0 37 8</runs>
            <runs>0 33 12</runs>
            <runs>0 23 18</runs>
            <runs>0 24 16</runs>
            <runs>0 24 16</runs>
            <runs>0 24 15</runs>
            <runs>0 24 14</runs>
            <runs>0 24 13</runs>
            <runs>0 24 11</runs>
            <runs>0 30 4</runs>
        </run-table>
    </sample>
    <sample shape="FLAT" interline="18" pitch="1.1" left="429" top="1159" id="321">
        <run-table orientation="VERTICAL" width="18" height="51">
            <runs>51</runs>
            <runs>51</runs>
            <runs>0 1 50</runs>
            <runs>41 4 6</runs>
            <runs>0 29 11 6 4</runs>
            <runs>0 29 5 11 4</runs>
            <runs>0 28 5 11 4</runs>
            <runs>0 28 4 11 5</runs>
            <runs>0 27 5 10 5</runs>
            <runs>0 27 5 4 11</runs>
            <runs>0 27 6 3 10</runs>
            <runs>0 27 18</runs>
            <runs>0 28 17</runs>
            <runs>0 28 16</runs>
            <runs>0 29 14</runs>
            <runs>0 30 12</runs>
            <runs>0 31 10</runs>
            <runs>0 32 9</runs>
        </run-table>
    </sample>
    <sample shape="FLAT" interline="18" pitch="-2.2" left="369" top="1344" id="330">
        <run-table orientation="VERTICAL" width="21" height="47">
            <runs>0 3 8</runs>
            <runs>0 1 28</runs>
            <runs>47</runs>
            <runs>47</runs>
            <runs>47</runs>
            <runs>0 1 46</runs>
            <runs>0 30 1</runs>
            <runs></runs>
            <runs></runs>
            <runs>0 40 1</runs>
            <runs>0 38 8</runs>
            <runs>0 37 5</runs>
            <runs>0 34 8</runs>
            <runs>0 22 19</runs>
            <runs>0 23 17</runs>
            <runs>0 23 16</runs>
            <runs>0 23 16</runs>
            <runs>0 24 14</runs>
            <runs>0 24 13</runs>
            <runs>0 25 10</runs>
            <runs>0 25 9</runs>
        </run-table>
    </sample>
    <sample shape="FLAT" interline="18" pitch="-0.7" left="410" top="1351" id="336">
        <run-table orientation="VERTICAL" width="18" height="58">
            <runs>46</runs>
            <runs>51</runs>
            <runs>51</runs>
            <runs>51</runs>
            <runs>0 5 3 2 1 17 12 4 6</runs>
            <runs>0 28 7 10 5</runs>
            <runs>0 28 6 10 5</runs>
            <runs>0 27 5 11 5</runs>
            <runs>0 27 5 10 5</runs>
            <runs>0 27 5 9 5</runs>
            <runs>0 26 6 4 10</runs>
            <runs>0 27 18</runs>
            <runs>0 27 17</runs>
            <runs>0 27 16</runs>
            <runs>0 28 14</runs>
            <runs>0 28 14</runs>
            <runs>0 29 12</runs>
            <runs>0 30 28</runs>
        </run-table>
    </sample>
    <sample shape="FLAT" interline="18" pitch="0.1" left="386" top="2485" id="449">
        <run-table orientation="VERTICAL" width="21" height="48">
            <runs>29</runs>
            <runs>46</runs>
            <runs>47</runs>
            <runs>48</runs>
            <runs>48</runs>
            <runs>0 1 35 1 10</runs>
            <runs>0 23 8</runs>
            <runs>0 29 1</runs>
            <runs>0 39 2</runs>
            <runs>0 38 8</runs>
            <runs>0 37 9</runs>
            <runs>0 35 11</runs>
            <runs>0 23 23</runs>
            <runs>0 23 18</runs>
            <runs>0 23 18</runs>
            <runs>0 23 17</runs>
            <runs>0 24 15</runs>
            <runs>0 24 14</runs>
            <runs>0 24 13</runs>
            <runs>0 24 12</runs>
            <runs>0 30 4</runs>
        </run-table>
    </sample>
    <sample shape="TIME_THREE" interline="18" pitch="-2.0" left="469" top="433" id="259">
        <run-table orientation="VERTICAL" width="29" height="33">
            <runs>0 22 6</runs>
            <runs>0 2 6 12 10</runs>
            <runs>9 10 12</runs>
            <runs>9 10 13</runs>
            <runs>10 9 13</runs>
            <runs>11 2 20</runs>
            <runs>11 1 21</runs>
            <runs>10 9 14</runs>
            <runs>10 9 10 2 2</runs>
            <runs>0 2 8 10 8 3 2</runs>
            <runs>0 3 7 11 6</runs>
            <runs>0 4 6</runs>
            <runs></runs>
            <runs></runs>
            <runs></runs>
            <runs></runs>
            <runs>0 10 8 11 4</runs>
            <runs>4 3 11 9 6</runs>
            <runs>21 1 11</runs>
            <runs>33</runs>
            <runs>33</runs>
            <runs>33</runs>
            <runs>13 1 18</runs>
            <runs>12 3 17</runs>
            <runs>12 3 16</runs>
            <runs>12 3 16</runs>
            <runs>11 4 15</runs>
            <runs>10 6 13</runs>
            <runs>0 16 11</runs>
        </run-table>
    </sample>
    <sample shape="TIME_THREE" interline="18" pitch="-2.1" left="468" top="662" id="273">
        <run-table orientation="VERTICAL" width="30" height="33">
            <runs>0 22 6</runs>
            <runs>0 3 3 15 8</runs>
            <runs>9 11 10</runs>
            <runs>10 9 12</runs>
            <runs>10 9 13</runs>
            <runs>11 4 17</runs>
            <runs>11 2 20</runs>
            <runs>11 1 21</runs>
            <runs>10 2 17 1 3</runs>
            <runs>10 9 9</runs>
            <runs>10 10 7</runs>
            <runs>0 3 6</runs>
            <runs>0 6 2</runs>
            <runs></runs>
            <runs></runs>
            <runs></runs>
            <runs>0 10 8 11 4</runs>
            <runs>4 4 10 10 5</runs>
            <runs>19 7 7</runs>
            <runs>33</runs>
            <runs>33</runs>
            <runs>33</runs>
            <runs>32</runs>
            <runs>13 2 16</runs>
            <runs>12 3 16</runs>
            <runs>11 4 15</runs>
            <runs>10 6 13</runs>
            <runs>9 7 12</runs>
            <runs>7 9 11</runs>
            <runs>0 23 1</runs>
        </run-table>
    </sample>
    <sample shape="TIME_EIGHT" interline="18" pitch="2.0" left="469" top="470" id="265">
        <run-table orientation="VERTICAL" width="30" height="33">
            <runs>0 22 6</runs>
            <runs>0 5 5 9 11</runs>
            <runs>0 4 9 5 13</runs>
            <runs>0 2 15 1 15</runs>
            <runs>0 1 32</runs>
            <runs>22 2 9</runs>
            <runs>20 7 6</runs>
            <runs>19 9 5</runs>
            <runs>19 10 1</runs>
            <runs>2 5 11</runs>
            <runs>0 8 10</runs>
            <runs>0 9 9</runs>
            <runs>0 9 10</runs>
            <runs>0 9 10</runs>
            <runs>0 9 10</runs>
            <runs>0 9 10</runs>
            <runs>0 10 10</runs>
            <runs>0 10 10</runs>
            <runs>0 10 10</runs>
            <runs>0 10 11</runs>
            <runs>1 9 12</runs>
            <runs>2 7 14 6 1</runs>
            <runs>3 5 25</runs>
            <runs>33</runs>
            <runs>33</runs>
            <runs>11 2 18</runs>
            <runs>0 1 9 4 16</runs>
            <runs>0 2 6 7 14</runs>
            <runs>0 15 12</runs>
            <runs>0 22 2</runs>
        </run-table>
    </sample>
    <sample shape="TIME_EIGHT" interline="18" pitch="2.0" left="467" top="699" id="279">
        <run-table orientation="VERTICAL" width="30" height="33">
            <runs>0 23 5</runs>
            <runs>0 6 3 11 10</runs>
            <runs>0 3 9 7 12</runs>
            <runs>0 1 32</runs>
            <runs>33</runs>
            <runs>23 3 7</runs>
            <runs>21 7 5</runs>
            <runs>20 9 1</runs>
            <runs>19</runs>
            <runs>2 4 13</runs>
            <runs>0 7 11</runs>
            <runs>0 8 11</runs>
            <runs>0 8 11</runs>
            <runs>0 8 11</runs>
            <runs>0 9 10</runs>
            <runs>0 9 10</runs>
            <runs>0 9 11</runs>
            <runs>0 9 11</runs>
            <runs>0 10 10</runs>
            <runs>0 9 12</runs>
            <runs>0 9 13 7 1</runs>
            <runs>1 7 15 5 5</runs>
            <runs>2 5 18 1 7</runs>
            <runs>33</runs>
            <runs>33</runs>
            <runs>10 2 19</runs>
            <runs>9 3 18</runs>
            <runs>0 1 7 5 16</runs>
            <runs>0 4 1 9 14</runs>
            <runs>0 14 12</runs>
        </run-table>
    </sample>
</samples>
