<?xml version="1.0" encoding="UTF-8" standalone="yes"?>
<samples sheet-name="IMSLP00606#15">
    <sample shape="G_CLEF" interline="14" pitch="0.3" left="285" top="335" id="901">
        <run-table orientation="VERTICAL" width="43" height="101">
            <runs>0 49 17</runs>
            <runs>0 48 18</runs>
            <runs>0 45 22</runs>
            <runs>0 43 25</runs>
            <runs>0 42 27</runs>
            <runs>0 41 29</runs>
            <runs>0 35 37</runs>
            <runs>0 35 38</runs>
            <runs>0 35 19 5 15</runs>
            <runs>0 34 18 17 5 14 8</runs>
            <runs>0 34 18 18 5 11 12</runs>
            <runs>0 32 20 20 4 9 14</runs>
            <runs>0 31 16 26 9 2 16</runs>
            <runs>0 31 15 28 8 2 16</runs>
            <runs>0 30 16 11 10 7 8 1 18</runs>
            <runs>0 28 17 4 19 7 7 1 18</runs>
            <runs>0 14 11 2 17 5 20 15 17</runs>
            <runs>0 12 31 6 21 14 17</runs>
            <runs>0 10 8 2 22 7 10 9 2 15 12 1 3</runs>
            <runs>0 8 8 5 20 7 10 10 2 15 12 1 3</runs>
            <runs>0 7 8 6 24 2 10 29 10 3 2</runs>
            <runs>0 6 7 8 36 31 6 5 2</runs>
            <runs>0 5 7 9 36 42 2</runs>
            <runs>0 3 8 10 18 4 15 40 2</runs>
            <runs>0 2 9 9 19 6 15 38 2</runs>
            <runs>0 2 8 9 15 12 21 31 2</runs>
            <runs>8 9 13 15 22 29 2</runs>
            <runs>7 9 13 16 10 6 7 28 1</runs>
            <runs>7 7 13 18 10 7 19 14 2</runs>
            <runs>25 20 10 13 13 12 4</runs>
            <runs>0 2 22 21 10 14 13 8 6</runs>
            <runs>0 5 18 23 9 17 22</runs>
            <runs>0 9 3 34 10 17 20</runs>
            <runs>0 46 11 17 7</runs>
            <runs>0 46 11 16 8</runs>
            <runs>0 47 11 14 3</runs>
            <runs>0 47 19 4 4</runs>
            <runs>0 48 25</runs>
            <runs>0 48 24</runs>
            <runs>0 48 23</runs>
            <runs>0 48 21</runs>
            <runs>0 55 11</runs>
            <runs>0 57 3</runs>
        </run-table>
    </sample>
    <sample shape="C_CLEF" interline="14" pitch="-0.1" left="313" top="2897" id="1105">
        <run-table orientation="VERTICAL" width="37" height="61">
            <runs>0 13 7 19 12 4 2</runs>
            <runs>0 1 60</runs>
            <runs>60</runs>
            <runs>60</runs>
            <runs>60</runs>
            <runs>39 1 20</runs>
            <runs>8 1 30 1 20</runs>
            <runs>60</runs>
            <runs>60</runs>
            <runs>52 2 2</runs>
            <runs>8 3 10 6 8</runs>
            <runs>0 27 8</runs>
            <runs>0 27 8</runs>
            <runs>0 26 10</runs>
            <runs>0 25 11</runs>
            <runs>0 25 12 17 2</runs>
            <runs>9 15 13 14 9</runs>
            <runs>10 13 15 12 10</runs>
            <runs>11 11 17 11 10</runs>
            <runs>11 11 9 2 6 11 10</runs>
            <runs>11 10 10 3 6 10 5</runs>
            <runs>11 9 11 3 7 12 1</runs>
            <runs>0 6 2 12 11 2 8</runs>
            <runs>0 22 9 1 8</runs>
            <runs>0 23 15</runs>
            <runs>0 23 13</runs>
            <runs>0 23 13</runs>
            <runs>0 23 13</runs>
            <runs>0 23 13</runs>
            <runs>0 4 2 16 14</runs>
            <runs>9 11 17 17 2</runs>
            <runs>27 1 10 13 9</runs>
            <runs>26 7 27</runs>
            <runs>0 6 19 9 26</runs>
            <runs>0 8 15 13 18</runs>
            <runs>0 11 8 19 14</runs>
            <runs>0 41 7 2 1</runs>
        </run-table>
    </sample>
    <sample shape="F_CLEF" interline="14" pitch="-1.6" left="294" top="997" id="927">
        <run-table orientation="VERTICAL" width="43" height="51">
            <runs>0 44 7</runs>
            <runs>0 44 7</runs>
            <runs>0 11 9</runs>
            <runs>0 8 12</runs>
            <runs>0 6 14</runs>
            <runs>0 2 18</runs>
            <runs>0 2 19</runs>
            <runs>0 2 20</runs>
            <runs>0 2 20</runs>
            <runs>0 2 20</runs>
            <runs>0 2 20</runs>
            <runs>0 2 20</runs>
            <runs>0 2 20</runs>
            <runs>0 7 14 20 7</runs>
            <runs>0 8 13 18 9</runs>
            <runs>0 8 12 19 9</runs>
            <runs>0 10 10 17 11</runs>
            <runs>0 11 9 15 13</runs>
            <runs>0 29 18</runs>
            <runs>0 28 19</runs>
            <runs>10 17 14</runs>
            <runs>0 1 39</runs>
            <runs>0 1 38</runs>
            <runs>0 1 37</runs>
            <runs>0 1 37</runs>
            <runs>0 1 35</runs>
            <runs>0 1 34</runs>
            <runs>0 1 33</runs>
            <runs>0 1 32</runs>
            <runs>0 7 26</runs>
            <runs>0 8 24</runs>
            <runs>0 10 22</runs>
            <runs>0 11 15</runs>
            <runs>0 14 10</runs>
            <runs></runs>
            <runs>0 1 7 12 4</runs>
            <runs>0 1 8 6 11</runs>
            <runs>0 1 8 6 12</runs>
            <runs>0 1 8 6 12</runs>
            <runs>0 1 8 6 12</runs>
            <runs>0 1 8 6 12</runs>
            <runs>0 1 7 7 11</runs>
            <runs>0 5 2 13 5</runs>
        </run-table>
    </sample>
    <sample shape="F_CLEF" interline="14" pitch="-1.8" left="307" top="2105" id="1052">
        <run-table orientation="VERTICAL" width="43" height="50">
            <runs>0 43 7</runs>
            <runs>0 43 7</runs>
            <runs></runs>
            <runs>0 8 10</runs>
            <runs>0 6 12</runs>
            <runs>0 1 18</runs>
            <runs>0 1 19</runs>
            <runs>19</runs>
            <runs>19</runs>
            <runs>20</runs>
            <runs>20 21 1</runs>
            <runs>20 21 1</runs>
            <runs>20 20 2</runs>
            <runs>20 20 2</runs>
            <runs>0 5 14 20 3</runs>
            <runs>0 6 12 19 8</runs>
            <runs>0 6 12 17 11</runs>
            <runs>0 7 11 16 12</runs>
            <runs>0 9 9 10 13</runs>
            <runs>0 28 12</runs>
            <runs>0 28 12</runs>
            <runs>8 16 15</runs>
            <runs>18 2 18</runs>
            <runs>37</runs>
            <runs>36</runs>
            <runs>35</runs>
            <runs>34</runs>
            <runs>33</runs>
            <runs>32</runs>
            <runs>0 5 27</runs>
            <runs>0 7 24</runs>
            <runs>0 8 23</runs>
            <runs>0 10 15</runs>
            <runs>0 13 10</runs>
            <runs></runs>
            <runs>0 22 1</runs>
            <runs>7 13 5</runs>
            <runs>8 11 7</runs>
            <runs>9 5 13</runs>
            <runs>9 5 13</runs>
            <runs>9 10 8</runs>
            <runs>9 11 6</runs>
            <runs>8 13 3</runs>
        </run-table>
    </sample>
    <sample shape="FLAT" interline="14" pitch="-0.6" left="367" top="1980" id="1144">
        <run-table orientation="VERTICAL" width="12" height="41">
            <runs>0 4 2 1 3 12 15</runs>
            <runs>41</runs>
            <runs>0 5 14 5 8 5 3</runs>
            <runs>0 25 6 6 2</runs>
            <runs>0 24 7 5 3</runs>
            <runs>0 24 3 7 3</runs>
            <runs>0 24 7 1 4</runs>
            <runs>0 24 12</runs>
            <runs>0 23 12</runs>
            <runs>0 23 11</runs>
            <runs>0 24 10</runs>
            <runs>0 25 8</runs>
        </run-table>
    </sample>
    <sample shape="SHARP" interline="14" pitch="-0.9" left="359" top="356" id="996">
        <run-table orientation="VERTICAL" width="17" height="45">
            <runs>0 28 7</runs>
            <runs>0 13 8 6 9</runs>
            <runs>0 13 9 4 10</runs>
            <runs>0 13 9 1 22</runs>
            <runs>0 13 32</runs>
            <runs>0 6 32</runs>
            <runs>0 6 28</runs>
            <runs>0 12 9 4 9</runs>
            <runs>0 12 8 5 8</runs>
            <runs>0 11 9 5 9</runs>
            <runs>0 11 34</runs>
            <runs>0 7 38</runs>
            <runs>33</runs>
            <runs>19 4 9</runs>
            <runs>0 9 8 7 7</runs>
            <runs>0 10 7 7 7</runs>
            <runs>0 10 8 6 7</runs>
        </run-table>
    </sample>
</samples>
