<?xml version="1.0" encoding="UTF-8" standalone="yes"?>
<samples sheet-name="IMSLP00002#11">
    <sample shape="SHARP" interline="22" pitch="-1.0" left="289" top="2446" id="550">
        <run-table orientation="VERTICAL" width="24" height="69">
            <runs>0 44 10</runs>
            <runs>0 22 10 13 9</runs>
            <runs>0 22 10 13 9</runs>
            <runs>0 23 9 13 8</runs>
            <runs>0 22 9 8 15 5 1 1 8</runs>
            <runs>0 9 1 3 55</runs>
            <runs>0 9 26 5 13 1 1 1 12</runs>
            <runs>0 20 14 8 9</runs>
            <runs>0 21 8 13 8</runs>
            <runs>0 20 9 13 8</runs>
            <runs>0 20 8 13 8</runs>
            <runs>0 20 8 13 8</runs>
            <runs>0 19 8 14 8</runs>
            <runs>0 19 8 13 8</runs>
            <runs>0 18 8 14 8</runs>
            <runs>0 17 9 13 8</runs>
            <runs>0 17 8 10 1 1 13 3 1 1 6</runs>
            <runs>61</runs>
            <runs>0 2 3 1 29 2 11 1 1 6 1</runs>
            <runs>0 16 9 12 9</runs>
            <runs>0 15 9 13 9</runs>
            <runs>0 15 9 12 10</runs>
            <runs>0 14 10 12 10</runs>
            <runs>0 14 10</runs>
        </run-table>
    </sample>
</samples>
