<?xml version="1.0" encoding="UTF-8" standalone="yes"?>
<samples id="6">
    <sample shape="DOT_set" interline="18" left="1837" top="617" id="456">
        <run-table orientation="VERTICAL" width="7" height="8">
            <runs>0 2 5</runs>
            <runs>0 1 6</runs>
            <runs>8</runs>
            <runs>8</runs>
            <runs>8</runs>
            <runs>0 1 7</runs>
            <runs>0 2 5</runs>
        </run-table>
    </sample>
    <sample shape="DOT_set" interline="18" left="1580" top="1031" id="704">
        <run-table orientation="VERTICAL" width="8" height="8">
            <runs>0 2 4</runs>
            <runs>0 1 6</runs>
            <runs>0 1 7</runs>
            <runs>8</runs>
            <runs>8</runs>
            <runs>0 1 7</runs>
            <runs>0 1 6</runs>
            <runs>0 2 4</runs>
        </run-table>
    </sample>
    <sample shape="DOT_set" interline="18" left="1971" top="1049" id="713">
        <run-table orientation="VERTICAL" width="8" height="8">
            <runs>0 3 2</runs>
            <runs>0 2 5</runs>
            <runs>0 1 7</runs>
            <runs>8</runs>
            <runs>8</runs>
            <runs>8</runs>
            <runs>0 1 6</runs>
            <runs>0 2 5</runs>
        </run-table>
    </sample>
    <sample shape="DOT_set" interline="18" left="1877" top="1715" id="1010">
        <run-table orientation="VERTICAL" width="8" height="8">
            <runs>0 3 3</runs>
            <runs>0 1 6</runs>
            <runs>0 1 7</runs>
            <runs>8</runs>
            <runs>8</runs>
            <runs>8</runs>
            <runs>0 1 6</runs>
            <runs>0 2 4</runs>
        </run-table>
    </sample>
    <sample shape="DOT_set" interline="18" left="1129" top="2417" id="1293">
        <run-table orientation="VERTICAL" width="8" height="8">
            <runs>0 3 2</runs>
            <runs>0 1 6</runs>
            <runs>0 1 7</runs>
            <runs>8</runs>
            <runs>8</runs>
            <runs>8</runs>
            <runs>0 1 6</runs>
            <runs>0 2 4</runs>
        </run-table>
    </sample>
    <sample shape="G_CLEF" interline="18" left="382" top="527" id="424">
        <run-table orientation="VERTICAL" width="49" height="135">
            <runs>0 67 19</runs>
            <runs>0 65 22</runs>
            <runs>0 63 26</runs>
            <runs>0 61 30</runs>
            <runs>0 59 33</runs>
            <runs>0 58 19 9 7</runs>
            <runs>0 56 18 14 7</runs>
            <runs>0 55 17 18 6</runs>
            <runs>0 53 17 22 4</runs>
            <runs>0 52 17 24 4 22 9</runs>
            <runs>0 51 15 28 4 19 12</runs>
            <runs>0 49 17 29 4 17 15</runs>
            <runs>0 49 15 32 4 15 16</runs>
            <runs>0 49 14 34 3 15 17</runs>
            <runs>0 47 15 18 2 2 2 11 5 13 18</runs>
            <runs>0 47 14 15 10 12 5 11 19</runs>
            <runs>0 46 14 14 14 11 4 11 20</runs>
            <runs>0 45 14 13 18 9 4 11 16 1 3</runs>
            <runs>0 44 14 13 20 8 4 11 16 1 3</runs>
            <runs>0 43 14 13 14 2 6 8 3 12 14 3 3</runs>
            <runs>0 43 13 13 11 9 4 7 3 12 14 3 3</runs>
            <runs>0 24 8 10 14 12 11 11 3 7 3 13 12 4 3</runs>
            <runs>0 16 23 2 14 12 11 14 2 8 1 14 10 5 3</runs>
            <runs>0 13 41 12 11 16 2 23 8 6 3</runs>
            <runs>0 11 19 1 22 13 10 17 1 27 2 9 3</runs>
            <runs>0 9 17 13 17 10 10 56 3</runs>
            <runs>0 8 14 16 25 3 10 56 3</runs>
            <runs>0 6 13 18 14 3 22 56 2</runs>
            <runs>0 4 13 19 14 10 16 56 2</runs>
            <runs>0 3 12 20 14 17 15 50 3</runs>
            <runs>0 2 12 20 14 18 18 2 1 43 3</runs>
            <runs>0 1 12 20 15 18 9 3 16 36 3</runs>
            <runs>0 1 12 19 14 20 9 10 14 3 1 26 3</runs>
            <runs>12 18 15 21 9 16 15 22 3</runs>
            <runs>0 1 11 17 15 22 10 21 15 14 4</runs>
            <runs>0 1 11 16 14 24 10 24 29</runs>
            <runs>0 2 11 13 15 25 10 23 4 7 17</runs>
            <runs>0 4 9 11 16 26 10 23 4 14 7</runs>
            <runs>0 6 10 6 16 28 11 21 5</runs>
            <runs>0 8 28 30 12 19 6</runs>
            <runs>0 11 22 33 13 17 4</runs>
            <runs>0 14 16 36 15 13 5</runs>
            <runs>0 67 17 7 7</runs>
            <runs>0 69 28</runs>
            <runs>0 70 26</runs>
            <runs>0 71 24</runs>
            <runs>0 73 20</runs>
            <runs>0 75 16</runs>
            <runs>0 78 10</runs>
        </run-table>
    </sample>
    <sample shape="F_CLEF" interline="18" left="382" top="738" id="516">
        <run-table orientation="VERTICAL" width="51" height="60">
            <runs>0 59 1</runs>
            <runs>0 58 2</runs>
            <runs>0 58 2</runs>
            <runs>0 12 5 1 2 38 2</runs>
            <runs>0 9 13 35 3</runs>
            <runs>0 7 16 34 3</runs>
            <runs>0 6 18 32 3</runs>
            <runs>0 5 5 2 13 31 3</runs>
            <runs>0 4 4 4 13 30 4</runs>
            <runs>0 3 4 4 15 29 4</runs>
            <runs>0 3 3 5 15 29 3</runs>
            <runs>0 1 4 6 15 28 4</runs>
            <runs>4 7 15 28 3</runs>
            <runs>4 7 15 27 4</runs>
            <runs>3 8 15 26 5</runs>
            <runs>3 9 13 26 5</runs>
            <runs>1 1 1 10 12 26 5</runs>
            <runs>1 1 1 11 10 26 5</runs>
            <runs>0 15 7 27 6</runs>
            <runs>0 17 2 29 7</runs>
            <runs>0 2 1 43 9</runs>
            <runs>1 1 1 42 9</runs>
            <runs>3 41 9</runs>
            <runs>3 39 10</runs>
            <runs>4 36 11</runs>
            <runs>5 34 11</runs>
            <runs>6 31 12</runs>
            <runs>8 26 14</runs>
            <runs>0 1 9 21 16</runs>
            <runs>0 1 14 10 21</runs>
            <runs>0 2 43</runs>
            <runs>0 3 41</runs>
            <runs>0 4 39</runs>
            <runs>0 4 37</runs>
            <runs>0 5 35</runs>
            <runs>0 6 32</runs>
            <runs>0 7 30</runs>
            <runs>0 9 26</runs>
            <runs>0 11 21</runs>
            <runs>0 13 16</runs>
            <runs>0 16 7</runs>
            <runs>0 18 1</runs>
            <runs></runs>
            <runs>0 7 4 14 4</runs>
            <runs>0 6 6 12 7</runs>
            <runs>0 5 8 11 7</runs>
            <runs>0 5 8 10 8</runs>
            <runs>0 5 8 10 8</runs>
            <runs>0 5 8 10 8</runs>
            <runs>0 6 7 11 7</runs>
            <runs>0 7 5 13 5</runs>
        </run-table>
    </sample>
    <sample shape="FLAT" interline="18" left="470" top="535" id="427">
        <run-table orientation="VERTICAL" width="16" height="42">
            <runs>42</runs>
            <runs>42</runs>
            <runs>0 23 6 10 2</runs>
            <runs>0 23 3 12 3</runs>
            <runs>0 37 3</runs>
            <runs>0 36 4</runs>
            <runs>0 35 4</runs>
            <runs>0 34 4</runs>
            <runs>0 25 2 5 5</runs>
            <runs>0 23 14</runs>
            <runs>0 23 13</runs>
            <runs>0 23 12</runs>
            <runs>0 23 11</runs>
            <runs>0 23 10</runs>
            <runs>0 23 9</runs>
            <runs>0 23 2 1 2</runs>
        </run-table>
    </sample>
    <sample shape="FLAT" interline="18" left="452" top="563" id="438">
        <run-table orientation="VERTICAL" width="16" height="42">
            <runs>42</runs>
            <runs>42</runs>
            <runs>0 22 6 10 3</runs>
            <runs>0 21 4 12 3</runs>
            <runs>0 21 3 12 3</runs>
            <runs>0 20 4 11 4</runs>
            <runs>0 20 4 10 4</runs>
            <runs>0 20 5 8 4</runs>
            <runs>0 20 6 6 5</runs>
            <runs>0 20 10 1 5</runs>
            <runs>0 20 15</runs>
            <runs>0 20 14</runs>
            <runs>0 21 12</runs>
            <runs>0 22 11</runs>
            <runs>0 23 9</runs>
            <runs>0 26 1</runs>
        </run-table>
    </sample>
    <sample shape="FLAT" interline="18" left="1175" top="2389" id="1288">
        <run-table orientation="VERTICAL" width="16" height="42">
            <runs>0 1 41</runs>
            <runs>42</runs>
            <runs>0 3 4 14 1 1 7 9 2</runs>
            <runs>0 25 1 12 3</runs>
            <runs>0 37 4</runs>
            <runs>0 36 5</runs>
            <runs>0 35 5</runs>
            <runs>0 34 4</runs>
            <runs>0 25 2 5 6</runs>
            <runs>0 23 14</runs>
            <runs>0 23 13</runs>
            <runs>0 23 12</runs>
            <runs>0 23 11</runs>
            <runs>0 23 10</runs>
            <runs>0 23 9</runs>
            <runs>0 23 2 1 3</runs>
        </run-table>
    </sample>
    <sample shape="NATURAL" interline="18" left="1075" top="513" id="423">
        <run-table orientation="VERTICAL" width="10" height="42">
            <runs>32</runs>
            <runs>32</runs>
            <runs>0 12 6 8 5</runs>
            <runs>0 12 5 8 6</runs>
            <runs>0 12 5 8 6</runs>
            <runs>0 11 6 8 6</runs>
            <runs>0 11 6 8 5</runs>
            <runs>0 11 6 7 6</runs>
            <runs>0 10 32</runs>
            <runs>0 11 30</runs>
        </run-table>
    </sample>
    <sample shape="NATURAL" interline="18" left="667" top="2394" id="1289">
        <run-table orientation="VERTICAL" width="13" height="55">
            <runs>41</runs>
            <runs>41</runs>
            <runs>0 1 1 13 8 10 8</runs>
            <runs>0 15 7 11 8</runs>
            <runs>0 15 7 11 7</runs>
            <runs>0 14 8 11 7</runs>
            <runs>0 14 8 10 8</runs>
            <runs>0 14 7 11 8</runs>
            <runs>0 14 7 11 7</runs>
            <runs>0 13 8 10 8</runs>
            <runs>0 13 42</runs>
            <runs>0 13 42</runs>
            <runs>0 13 42</runs>
        </run-table>
    </sample>
    <sample shape="NATURAL" interline="18" left="1762" top="2394" id="1290">
        <run-table orientation="VERTICAL" width="13" height="55">
            <runs>41</runs>
            <runs>41</runs>
            <runs>41</runs>
            <runs>0 15 7 11 8</runs>
            <runs>0 15 7 11 7</runs>
            <runs>0 14 8 11 7</runs>
            <runs>0 14 8 10 8</runs>
            <runs>0 14 7 11 8</runs>
            <runs>0 14 7 11 7</runs>
            <runs>0 13 8 10 8</runs>
            <runs>0 13 42</runs>
            <runs>0 13 42</runs>
            <runs>0 13 42</runs>
        </run-table>
    </sample>
    <sample shape="NATURAL" interline="18" left="2067" top="2808" id="1425">
        <run-table orientation="VERTICAL" width="12" height="54">
            <runs>41</runs>
            <runs>41</runs>
            <runs>0 15 8 10 8</runs>
            <runs>0 15 7 11 7</runs>
            <runs>0 15 7 11 7</runs>
            <runs>0 14 8 10 8</runs>
            <runs>0 14 7 11 8</runs>
            <runs>0 14 7 11 7</runs>
            <runs>0 13 8 11 7</runs>
            <runs>0 13 8 10 8</runs>
            <runs>0 13 41</runs>
            <runs>0 13 41</runs>
        </run-table>
    </sample>
    <sample shape="NATURAL" interline="18" left="2067" top="2870" id="1427">
        <run-table orientation="VERTICAL" width="12" height="55">
            <runs>42</runs>
            <runs>42</runs>
            <runs>0 16 8 10 8</runs>
            <runs>0 16 7 11 8</runs>
            <runs>0 16 7 11 7</runs>
            <runs>0 15 8 11 7</runs>
            <runs>0 15 8 10 8</runs>
            <runs>0 15 7 11 8</runs>
            <runs>0 15 7 11 7</runs>
            <runs>0 14 8 10 8</runs>
            <runs>0 14 41</runs>
            <runs>0 14 41</runs>
        </run-table>
    </sample>
    <sample shape="SHARP" interline="18" left="1441" top="512" id="422">
        <run-table orientation="VERTICAL" width="14" height="37">
            <runs>0 11 6 8 5</runs>
            <runs>0 11 6 7 6</runs>
            <runs>0 2 35</runs>
            <runs>0 1 36</runs>
            <runs>0 2 35</runs>
            <runs>0 9 6 8 6</runs>
            <runs>0 9 6 8 6</runs>
            <runs>0 9 6 7 6</runs>
            <runs>0 8 6 8 6</runs>
            <runs>36</runs>
            <runs>36</runs>
            <runs>0 7 7 7 6</runs>
            <runs>0 7 6 8 6</runs>
            <runs>0 7 5 9 5</runs>
        </run-table>
    </sample>
    <sample shape="CUT_TIME" interline="18" left="532" top="567" id="517">
        <run-table orientation="VERTICAL" width="32" height="57">
            <runs>0 27 1</runs>
            <runs>0 24 6</runs>
            <runs>0 20 14</runs>
            <runs>0 18 18</runs>
            <runs>0 16 22</runs>
            <runs>0 15 24</runs>
            <runs>0 14 26</runs>
            <runs>0 13 28</runs>
            <runs>0 12 30</runs>
            <runs>0 9 34</runs>
            <runs>0 9 35</runs>
            <runs>0 9 10 17 8</runs>
            <runs>0 9 7 22 6</runs>
            <runs>0 9 5 26 4</runs>
            <runs>0 9 4 28 3</runs>
            <runs>0 9 3 31 1</runs>
            <runs>57</runs>
            <runs>57</runs>
            <runs></runs>
            <runs>0 19 2</runs>
            <runs>0 17 6</runs>
            <runs>0 11 1 4 8</runs>
            <runs>0 11 1 3 10 18 1</runs>
            <runs>0 11 1 3 10 1 1 14 3</runs>
            <runs>0 11 2 2 13 12 4</runs>
            <runs>0 11 17 12 4</runs>
            <runs>0 11 17 10 5</runs>
            <runs>0 12 13 1 1 10 4</runs>
            <runs>0 13 12 7 8</runs>
            <runs>0 14 10 8 6</runs>
            <runs>0 15 8 9 3</runs>
            <runs>0 19 1</runs>
        </run-table>
    </sample>
    <sample shape="QUARTER_REST" interline="18" left="904" top="1016" id="695">
        <run-table orientation="VERTICAL" width="19" height="54">
            <runs>0 27 2</runs>
            <runs>0 27 2 11 7</runs>
            <runs>0 24 2 1 2 9 9</runs>
            <runs>0 23 6 8 11</runs>
            <runs>3 19 7 8 12</runs>
            <runs>0 1 3 16 10 7 13</runs>
            <runs>0 2 4 12 13 5 15</runs>
            <runs>0 3 5 8 16 4 16</runs>
            <runs>0 5 28 3 11 2 4</runs>
            <runs>0 6 28 2 8 7 3</runs>
            <runs>0 7 28 2 6 9 2</runs>
            <runs>0 8 35</runs>
            <runs>0 10 16 6 10</runs>
            <runs>0 10 14 10 8</runs>
            <runs>0 12 10 14 7</runs>
            <runs>0 13 7 18 5</runs>
            <runs>0 15 4 20 4</runs>
            <runs>0 16 1 23 3</runs>
            <runs>0 41 3</runs>
        </run-table>
    </sample>
    <sample shape="QUARTER_REST" interline="18" left="1821" top="1016" id="696">
        <run-table orientation="VERTICAL" width="19" height="54">
            <runs>0 42 1</runs>
            <runs>0 27 2 10 8</runs>
            <runs>0 24 5 9 10</runs>
            <runs>2 20 7 8 12</runs>
            <runs>3 18 9 7 13</runs>
            <runs>0 1 4 14 12 5 15</runs>
            <runs>0 3 4 10 15 4 16</runs>
            <runs>0 4 5 6 18 3 16</runs>
            <runs>0 5 5 1 23 2 8 6 3</runs>
            <runs>0 6 29 1 7 8 3</runs>
            <runs>0 8 28 1 6 9 2</runs>
            <runs>0 9 18 2 14</runs>
            <runs>0 11 14 8 9</runs>
            <runs>0 11 12 12 7</runs>
            <runs>0 13 8 16 6</runs>
            <runs>0 14 6 18 5</runs>
            <runs>0 15 3 21 4</runs>
            <runs>0 40 3</runs>
            <runs>0 42 2</runs>
        </run-table>
    </sample>
    <sample shape="QUARTER_REST" interline="18" left="2210" top="1016" id="698">
        <run-table orientation="VERTICAL" width="19" height="54">
            <runs>0 42 1</runs>
            <runs>0 27 2 10 8</runs>
            <runs>0 24 5 9 10</runs>
            <runs>2 20 7 8 12</runs>
            <runs>3 18 9 7 13</runs>
            <runs>0 1 4 14 12 5 15</runs>
            <runs>0 3 4 10 15 4 16</runs>
            <runs>0 4 5 6 18 3 16</runs>
            <runs>0 5 5 1 23 2 11 3 3</runs>
            <runs>0 6 29 1 7 8 3</runs>
            <runs>0 8 28 1 6 9 2</runs>
            <runs>0 9 18 2 14</runs>
            <runs>0 11 14 8 9</runs>
            <runs>0 11 12 12 7</runs>
            <runs>0 13 8 16 6</runs>
            <runs>0 14 6 18 5</runs>
            <runs>0 15 3 21 4</runs>
            <runs>0 40 3</runs>
            <runs>0 42 2</runs>
        </run-table>
    </sample>
    <sample shape="QUARTER_REST" interline="18" left="550" top="1430" id="815">
        <run-table orientation="VERTICAL" width="19" height="54">
            <runs>0 41 6</runs>
            <runs>0 27 2 10 8</runs>
            <runs>0 23 6 9 10</runs>
            <runs>2 20 7 8 12</runs>
            <runs>4 16 10 7 13</runs>
            <runs>0 2 4 13 12 5 15</runs>
            <runs>0 3 5 9 15 4 16</runs>
            <runs>0 4 7 3 19 3 11 2 4</runs>
            <runs>0 5 29 2 8 6 3</runs>
            <runs>0 7 28 1 7 9 2</runs>
            <runs>0 8 28 1 6 10 1</runs>
            <runs>0 10 17 5 11</runs>
            <runs>0 10 14 10 8</runs>
            <runs>0 12 10 14 6</runs>
            <runs>0 13 8 16 6</runs>
            <runs>0 14 5 19 5</runs>
            <runs>0 16 2 22 3</runs>
            <runs>0 41 3</runs>
            <runs>0 42 2</runs>
        </run-table>
    </sample>
    <sample shape="QUARTER_REST" interline="18" left="1639" top="1430" id="817">
        <run-table orientation="VERTICAL" width="19" height="54">
            <runs>0 27 2</runs>
            <runs>0 27 2 11 7</runs>
            <runs>0 24 5 9 9</runs>
            <runs>0 23 6 8 12</runs>
            <runs>3 18 8 8 13</runs>
            <runs>0 1 3 16 10 7 13</runs>
            <runs>0 2 4 12 13 5 15</runs>
            <runs>0 3 6 7 17 3 16</runs>
            <runs>0 5 29 2 11 2 4</runs>
            <runs>0 6 29 1 8 7 3</runs>
            <runs>0 7 29 1 6 9 2</runs>
            <runs>0 8 35</runs>
            <runs>0 9 17 7 9</runs>
            <runs>0 10 13 12 7</runs>
            <runs>0 12 10 14 7</runs>
            <runs>0 14 6 18 5</runs>
            <runs>0 15 4 20 4</runs>
            <runs>0 16 1 23 3</runs>
            <runs>0 41 3</runs>
        </run-table>
    </sample>
    <sample shape="QUARTER_REST" interline="18" left="1085" top="1700" id="1007">
        <run-table orientation="VERTICAL" width="19" height="54">
            <runs>0 46 1</runs>
            <runs>0 27 2 10 8</runs>
            <runs>0 24 5 9 10</runs>
            <runs>0 1 1 20 7 8 12</runs>
            <runs>3 18 8 8 13</runs>
            <runs>0 1 4 15 10 6 15</runs>
            <runs>0 2 5 11 14 4 15</runs>
            <runs>0 4 5 6 18 3 16</runs>
            <runs>0 5 5 1 23 2 11 3 3</runs>
            <runs>0 6 29 1 7 8 3</runs>
            <runs>0 7 29 1 6 9 2</runs>
            <runs>0 8 19 2 14</runs>
            <runs>0 9 16 8 9</runs>
            <runs>0 10 13 12 7</runs>
            <runs>0 12 9 15 7</runs>
            <runs>0 14 6 18 5</runs>
            <runs>0 15 3 21 4</runs>
            <runs>0 16 1 23 3</runs>
            <runs>0 41 3</runs>
        </run-table>
    </sample>
    <sample shape="QUARTER_REST" interline="18" left="1098" top="2780" id="1416">
        <run-table orientation="VERTICAL" width="19" height="54">
            <runs>0 41 6</runs>
            <runs>0 27 2 10 8</runs>
            <runs>0 24 5 9 10</runs>
            <runs>2 20 7 8 12</runs>
            <runs>3 18 9 7 13</runs>
            <runs>0 1 4 14 12 5 15</runs>
            <runs>0 3 4 10 15 4 16</runs>
            <runs>0 4 5 5 19 3 11 1 5</runs>
            <runs>0 5 5 1 23 2 8 6 3</runs>
            <runs>0 7 28 1 7 8 3</runs>
            <runs>0 8 19 2 7 1 6 10 1</runs>
            <runs>0 10 17 4 12</runs>
            <runs>0 11 13 10 8</runs>
            <runs>0 11 12 13 6</runs>
            <runs>0 13 8 16 6</runs>
            <runs>0 14 5 19 5</runs>
            <runs>0 15 3 21 4</runs>
            <runs>0 41 2</runs>
            <runs>0 42 2</runs>
        </run-table>
    </sample>
    <sample shape="EIGHTH_REST" interline="18" left="602" top="1244" id="776">
        <run-table orientation="VERTICAL" width="19" height="35">
            <runs>0 4 6</runs>
            <runs>0 3 8</runs>
            <runs>0 2 10</runs>
            <runs>0 1 12</runs>
            <runs>0 1 12</runs>
            <runs>14</runs>
            <runs>14</runs>
            <runs>13</runs>
            <runs>0 1 12 19 3</runs>
            <runs>0 1 12 17 5</runs>
            <runs>0 2 10 15 8</runs>
            <runs>0 5 7 12 9</runs>
            <runs>0 8 3 10 9</runs>
            <runs>0 8 3 6 9</runs>
            <runs>0 7 3 4 1 1 6</runs>
            <runs>0 6 3 1 9</runs>
            <runs>0 5 10</runs>
            <runs>0 4 7</runs>
            <runs>0 3 4</runs>
        </run-table>
    </sample>
    <sample shape="EIGHTH_REST" interline="18" left="708" top="1244" id="777">
        <run-table orientation="VERTICAL" width="19" height="35">
            <runs>0 4 6</runs>
            <runs>0 2 10</runs>
            <runs>0 2 10</runs>
            <runs>0 1 12</runs>
            <runs>0 1 12</runs>
            <runs>14</runs>
            <runs>14</runs>
            <runs>13</runs>
            <runs>0 1 12 19 3</runs>
            <runs>0 1 12 16 6</runs>
            <runs>0 3 9 14 9</runs>
            <runs>0 6 6 11 10</runs>
            <runs>0 8 3 9 10</runs>
            <runs>0 7 4 6 9</runs>
            <runs>0 7 3 4 1 1 6</runs>
            <runs>0 6 12</runs>
            <runs>0 5 10</runs>
            <runs>0 3 8</runs>
            <runs>0 3 4</runs>
        </run-table>
    </sample>
    <sample shape="EIGHTH_REST" interline="18" left="1163" top="2612" id="1379">
        <run-table orientation="VERTICAL" width="19" height="35">
            <runs>0 4 5</runs>
            <runs>0 3 8</runs>
            <runs>0 2 10</runs>
            <runs>0 1 12</runs>
            <runs>0 1 12</runs>
            <runs>14</runs>
            <runs>14</runs>
            <runs>13</runs>
            <runs>0 1 12 20 2</runs>
            <runs>0 1 12 17 5</runs>
            <runs>0 2 10 15 8</runs>
            <runs>0 4 8 12 10</runs>
            <runs>0 8 3 10 10</runs>
            <runs>0 8 3 7 9</runs>
            <runs>0 7 3 5 8</runs>
            <runs>0 6 3 2 8</runs>
            <runs>0 5 10</runs>
            <runs>0 4 7</runs>
            <runs>0 3 5</runs>
        </run-table>
    </sample>
    <sample shape="FLAG_1" interline="18" left="573" top="1216" id="906">
        <run-table orientation="VERTICAL" width="18" height="53">
            <runs>16</runs>
            <runs>0 3 13</runs>
            <runs>0 5 11</runs>
            <runs>0 6 10</runs>
            <runs>0 8 9</runs>
            <runs>0 9 8</runs>
            <runs>0 10 8</runs>
            <runs>0 12 7</runs>
            <runs>0 13 7</runs>
            <runs>0 15 6</runs>
            <runs>0 16 6</runs>
            <runs>0 18 6</runs>
            <runs>0 19 6</runs>
            <runs>0 21 7</runs>
            <runs>0 24 7 19 3</runs>
            <runs>0 27 10 5 1 1 8</runs>
            <runs>0 30 19</runs>
            <runs>0 44 1</runs>
        </run-table>
    </sample>
    <sample shape="FLAG_1" interline="18" left="673" top="1413" id="971">
        <run-table orientation="VERTICAL" width="18" height="54">
            <runs>17</runs>
            <runs>0 3 14</runs>
            <runs>0 5 12</runs>
            <runs>0 7 10</runs>
            <runs>0 9 9</runs>
            <runs>0 9 9</runs>
            <runs>0 11 8</runs>
            <runs>0 12 7</runs>
            <runs>0 14 6</runs>
            <runs>0 15 6</runs>
            <runs>0 17 6</runs>
            <runs>0 18 6</runs>
            <runs>0 20 6</runs>
            <runs>0 22 6</runs>
            <runs>0 24 7 21 2</runs>
            <runs>0 26 9 13 5</runs>
            <runs>0 27 1 2 21</runs>
            <runs>0 36 10</runs>
        </run-table>
    </sample>
    <sample shape="FLAG_1" interline="18" left="1121" top="2602" id="1547">
        <run-table orientation="VERTICAL" width="18" height="53">
            <runs>15</runs>
            <runs>0 2 14</runs>
            <runs>0 4 12</runs>
            <runs>0 6 10</runs>
            <runs>0 8 9</runs>
            <runs>0 8 9</runs>
            <runs>0 10 8</runs>
            <runs>0 11 7</runs>
            <runs>0 13 6</runs>
            <runs>0 15 6</runs>
            <runs>0 16 6</runs>
            <runs>0 18 5</runs>
            <runs>0 19 6</runs>
            <runs>0 21 4 1 2</runs>
            <runs>0 23 7 21 2</runs>
            <runs>0 25 10 9 8</runs>
            <runs>0 26 1 3 19</runs>
            <runs>0 37 8</runs>
        </run-table>
    </sample>
    <sample shape="FLAG_1" interline="18" left="1259" top="2611" id="1557">
        <run-table orientation="VERTICAL" width="18" height="52">
            <runs>18</runs>
            <runs>0 3 15</runs>
            <runs>0 5 13</runs>
            <runs>0 6 12</runs>
            <runs>0 8 10</runs>
            <runs>0 9 9</runs>
            <runs>0 10 8</runs>
            <runs>0 12 7</runs>
            <runs>0 13 7</runs>
            <runs>0 15 6</runs>
            <runs>0 17 5</runs>
            <runs>0 17 7</runs>
            <runs>0 19 6</runs>
            <runs>0 21 7</runs>
            <runs>0 24 7 20 1</runs>
            <runs>0 26 8 2 1 8 7</runs>
            <runs>0 30 19</runs>
            <runs>0 34 2</runs>
        </run-table>
    </sample>
    <sample shape="FLAG_1" interline="18" left="673" top="1225" id="1639">
        <run-table orientation="VERTICAL" width="18" height="53">
            <runs>19</runs>
            <runs>0 2 16</runs>
            <runs>0 4 14</runs>
            <runs>0 6 12</runs>
            <runs>0 7 11</runs>
            <runs>0 9 9</runs>
            <runs>0 10 8</runs>
            <runs>0 11 8</runs>
            <runs>0 13 6</runs>
            <runs>0 14 6</runs>
            <runs>0 17 5</runs>
            <runs>0 17 6</runs>
            <runs>0 19 6</runs>
            <runs>0 21 6</runs>
            <runs>0 23 7 21 1</runs>
            <runs>0 26 8 13 6</runs>
            <runs>0 29 21</runs>
            <runs>0 35 9</runs>
        </run-table>
    </sample>
    <sample shape="FLAG_1_UP" interline="18" left="1687" top="1026" id="891">
        <run-table orientation="VERTICAL" width="19" height="53">
            <runs>0 36 17</runs>
            <runs>0 36 14</runs>
            <runs>0 36 13</runs>
            <runs>0 36 11</runs>
            <runs>0 36 9</runs>
            <runs>0 36 8</runs>
            <runs>0 35 8</runs>
            <runs>0 34 7</runs>
            <runs>0 33 7</runs>
            <runs>0 32 6</runs>
            <runs>0 31 5</runs>
            <runs>0 30 5</runs>
            <runs>0 28 5</runs>
            <runs>0 27 5</runs>
            <runs>0 25 5</runs>
            <runs>2 20 6</runs>
            <runs>5 14 7</runs>
            <runs>0 3 20</runs>
            <runs>0 6 14</runs>
        </run-table>
    </sample>
    <sample shape="FLAG_1_UP" interline="18" left="2018" top="1710" id="1192">
        <run-table orientation="VERTICAL" width="19" height="52">
            <runs>0 36 16</runs>
            <runs>0 36 14</runs>
            <runs>0 36 12</runs>
            <runs>0 36 11</runs>
            <runs>0 36 9</runs>
            <runs>0 36 8</runs>
            <runs>0 35 7</runs>
            <runs>0 34 7</runs>
            <runs>0 33 6</runs>
            <runs>0 32 6</runs>
            <runs>0 31 6</runs>
            <runs>0 30 5</runs>
            <runs>0 28 5</runs>
            <runs>0 26 5</runs>
            <runs>0 24 5</runs>
            <runs>3 18 7</runs>
            <runs>7 9 1 1 7</runs>
            <runs>0 3 19</runs>
            <runs>0 8 11</runs>
        </run-table>
    </sample>
    <sample shape="DYNAMICS_P" interline="18" left="558" top="647" id="458">
        <run-table orientation="VERTICAL" width="37" height="33">
            <runs>0 31 2</runs>
            <runs>0 31 2</runs>
            <runs>0 31 2</runs>
            <runs>0 31 2</runs>
            <runs>0 31 2</runs>
            <runs>0 30 3</runs>
            <runs>0 29 4</runs>
            <runs>0 10 1 16 6</runs>
            <runs>0 9 2 14 8</runs>
            <runs>0 7 3 12 11</runs>
            <runs>0 5 3 12 13</runs>
            <runs>0 4 2 12 15</runs>
            <runs>0 3 2 10 18</runs>
            <runs>0 2 2 9 20</runs>
            <runs>0 1 3 7 22</runs>
            <runs>0 1 3 4 19 4 2</runs>
            <runs>0 1 3 2 19 6 2</runs>
            <runs>22 9 2</runs>
            <runs>20 11 2</runs>
            <runs>0 1 19</runs>
            <runs>0 1 20</runs>
            <runs>0 2 11 5 4</runs>
            <runs>0 3 7 9 3</runs>
            <runs>0 4 4 11 3</runs>
            <runs>0 3 4 11 4</runs>
            <runs>0 2 4 11 5</runs>
            <runs>0 2 3 11 6</runs>
            <runs>0 1 3 9 9</runs>
            <runs>0 1 3 7 10</runs>
            <runs>0 1 3 5 12</runs>
            <runs>0 1 19</runs>
            <runs>0 1 18</runs>
            <runs>0 1 17</runs>
            <runs>0 1 16</runs>
            <runs>0 2 13</runs>
            <runs>0 3 10</runs>
            <runs>0 6 4</runs>
        </run-table>
    </sample>
    <sample shape="DYNAMICS_P" interline="18" left="676" top="836" id="514">
        <run-table orientation="VERTICAL" width="37" height="32">
            <runs>0 30 2</runs>
            <runs>0 30 2</runs>
            <runs>0 30 2</runs>
            <runs>0 30 2</runs>
            <runs>0 30 2</runs>
            <runs>0 30 2</runs>
            <runs>0 30 2</runs>
            <runs>0 27 5</runs>
            <runs>0 8 3 14 7</runs>
            <runs>0 7 3 13 9</runs>
            <runs>0 5 3 12 12</runs>
            <runs>0 4 2 12 14</runs>
            <runs>0 3 2 11 16</runs>
            <runs>0 2 2 9 19</runs>
            <runs>0 1 2 8 21</runs>
            <runs>3 5 20 2 2</runs>
            <runs>3 3 19 5 2</runs>
            <runs>23 7 2</runs>
            <runs>20 10 2</runs>
            <runs>19</runs>
            <runs>0 1 19</runs>
            <runs>0 1 12 4 4</runs>
            <runs>0 2 8 8 4</runs>
            <runs>0 4 4 11 3</runs>
            <runs>0 3 3 12 4</runs>
            <runs>0 2 3 12 5</runs>
            <runs>0 1 3 12 6</runs>
            <runs>0 1 3 10 7</runs>
            <runs>3 8 10</runs>
            <runs>3 6 11</runs>
            <runs>4 2 14</runs>
            <runs>19</runs>
            <runs>18</runs>
            <runs>17</runs>
            <runs>0 1 14</runs>
            <runs>0 2 11</runs>
            <runs>0 4 6</runs>
        </run-table>
    </sample>
    <sample shape="DYNAMICS_P" interline="18" left="632" top="1357" id="799">
        <run-table orientation="VERTICAL" width="37" height="32">
            <runs>0 30 2</runs>
            <runs>0 30 2</runs>
            <runs>0 30 2</runs>
            <runs>0 30 2</runs>
            <runs>0 30 2</runs>
            <runs>0 30 2</runs>
            <runs>0 29 3</runs>
            <runs>0 27 5</runs>
            <runs>0 8 3 14 7</runs>
            <runs>0 6 4 12 10</runs>
            <runs>0 5 3 12 12</runs>
            <runs>0 4 2 11 15</runs>
            <runs>0 3 2 10 17</runs>
            <runs>0 2 2 9 19</runs>
            <runs>0 1 2 7 22</runs>
            <runs>3 5 19 3 2</runs>
            <runs>3 2 20 5 2</runs>
            <runs>22 8 2</runs>
            <runs>20 10 2</runs>
            <runs>20</runs>
            <runs>0 1 20</runs>
            <runs>0 1 11 6 3</runs>
            <runs>0 3 7 9 3</runs>
            <runs>0 4 4 11 3</runs>
            <runs>0 3 3 12 4</runs>
            <runs>0 2 3 12 5</runs>
            <runs>0 1 3 11 7</runs>
            <runs>0 1 3 9 8</runs>
            <runs>3 8 10</runs>
            <runs>3 6 11</runs>
            <runs>20</runs>
            <runs>19</runs>
            <runs>18</runs>
            <runs>16</runs>
            <runs>0 1 14</runs>
            <runs>0 2 11</runs>
            <runs>0 5 5</runs>
        </run-table>
    </sample>
    <sample shape="DYNAMICS_F" interline="18" left="1794" top="667" id="682">
        <run-table orientation="VERTICAL" width="39" height="47">
            <runs>0 40 3</runs>
            <runs>0 38 7</runs>
            <runs>0 37 9</runs>
            <runs>0 37 10</runs>
            <runs>0 37 10</runs>
            <runs>0 37 10</runs>
            <runs>0 37 6 1 3</runs>
            <runs>0 39 2 2 4</runs>
            <runs>0 42 5</runs>
            <runs>0 41 5</runs>
            <runs>0 38 8</runs>
            <runs>0 14 2 20 9</runs>
            <runs>0 14 2 17 11</runs>
            <runs>0 14 2 13 14</runs>
            <runs>0 14 2 10 16</runs>
            <runs>0 14 2 6 19</runs>
            <runs>0 14 2 3 21</runs>
            <runs>0 14 25</runs>
            <runs>0 13 24</runs>
            <runs>0 11 24</runs>
            <runs>0 9 24</runs>
            <runs>0 8 22</runs>
            <runs>0 6 22</runs>
            <runs>0 5 20</runs>
            <runs>0 4 18</runs>
            <runs>0 3 16</runs>
            <runs>0 3 13</runs>
            <runs>0 2 10</runs>
            <runs>0 1 7</runs>
            <runs>0 1 5</runs>
            <runs>0 1 3</runs>
            <runs>4</runs>
            <runs>3 3 3</runs>
            <runs>3 2 5</runs>
            <runs>2 2 6</runs>
            <runs>10</runs>
            <runs>0 1 9</runs>
            <runs>0 1 8</runs>
            <runs>0 2 6</runs>
        </run-table>
    </sample>
    <sample shape="TURN" interline="18" left="1058" top="491" id="410">
        <run-table orientation="VERTICAL" width="34" height="16">
            <runs>0 5 7</runs>
            <runs>0 3 10</runs>
            <runs>0 2 4 5 3</runs>
            <runs>0 1 4 6 4</runs>
            <runs>0 1 4 7 4</runs>
            <runs>5 6 5</runs>
            <runs>5 6 5</runs>
            <runs>5 6 5</runs>
            <runs>5 7 4</runs>
            <runs>5 8 2</runs>
            <runs>6</runs>
            <runs>7</runs>
            <runs>0 1 6</runs>
            <runs>0 2 6</runs>
            <runs>0 2 7</runs>
            <runs>0 3 7</runs>
            <runs>0 4 7</runs>
            <runs>0 5 7</runs>
            <runs>0 6 7</runs>
            <runs>0 7 7</runs>
            <runs>0 8 6</runs>
            <runs>0 9 6</runs>
            <runs>0 9 6</runs>
            <runs>0 10 6</runs>
            <runs>0 1 2 8 5</runs>
            <runs>4 7 5</runs>
            <runs>5 6 5</runs>
            <runs>5 6 5</runs>
            <runs>5 6 5</runs>
            <runs>4 7 4</runs>
            <runs>0 1 3 7 4</runs>
            <runs>0 2 3 5 4</runs>
            <runs>0 3 10</runs>
            <runs>0 4 7</runs>
        </run-table>
    </sample>
    <sample shape="TURN" interline="18" left="1431" top="491" id="411">
        <run-table orientation="VERTICAL" width="35" height="16">
            <runs>0 7 3</runs>
            <runs>0 4 8</runs>
            <runs>0 3 4 3 4</runs>
            <runs>0 2 4 5 4</runs>
            <runs>0 1 4 7 3</runs>
            <runs>5 6 5</runs>
            <runs>5 6 5</runs>
            <runs>5 6 5</runs>
            <runs>5 6 5</runs>
            <runs>5 7 4</runs>
            <runs>6</runs>
            <runs>6</runs>
            <runs>0 1 6</runs>
            <runs>0 1 7</runs>
            <runs>0 2 7</runs>
            <runs>0 2 8</runs>
            <runs>0 3 7</runs>
            <runs>0 4 7</runs>
            <runs>0 5 7</runs>
            <runs>0 6 7</runs>
            <runs>0 7 7</runs>
            <runs>0 8 7</runs>
            <runs>0 9 6</runs>
            <runs>0 10 6</runs>
            <runs>0 10 6</runs>
            <runs>0 1 3 7 5</runs>
            <runs>5 6 5</runs>
            <runs>5 6 5</runs>
            <runs>5 6 5</runs>
            <runs>5 6 5</runs>
            <runs>4 7 4</runs>
            <runs>0 1 4 6 4</runs>
            <runs>0 2 3 5 4</runs>
            <runs>0 3 10</runs>
            <runs>0 5 6</runs>
        </run-table>
    </sample>
    <sample shape="TURN" interline="18" left="1869" top="534" id="426">
        <run-table orientation="VERTICAL" width="34" height="17">
            <runs>0 5 7</runs>
            <runs>0 4 10</runs>
            <runs>0 2 4 5 4</runs>
            <runs>0 2 4 6 4</runs>
            <runs>0 1 4 7 4</runs>
            <runs>0 1 4 7 5</runs>
            <runs>5 6 6</runs>
            <runs>5 7 5</runs>
            <runs>5 7 4</runs>
            <runs>6 7 2</runs>
            <runs>0 1 5</runs>
            <runs>0 1 6</runs>
            <runs>0 1 7</runs>
            <runs>0 2 7</runs>
            <runs>0 3 7</runs>
            <runs>0 3 8</runs>
            <runs>0 4 7</runs>
            <runs>0 5 7</runs>
            <runs>0 6 7</runs>
            <runs>0 7 7</runs>
            <runs>0 8 7</runs>
            <runs>0 9 6</runs>
            <runs>0 10 6</runs>
            <runs>0 10 6</runs>
            <runs>0 2 2 7 5</runs>
            <runs>0 1 4 6 6</runs>
            <runs>5 7 5</runs>
            <runs>5 7 5</runs>
            <runs>5 7 4</runs>
            <runs>0 1 4 7 4</runs>
            <runs>0 1 4 6 4</runs>
            <runs>0 2 4 5 3</runs>
            <runs>0 3 10</runs>
            <runs>0 5 7</runs>
        </run-table>
    </sample>
    <sample shape="TUPLET_THREE" interline="18" left="490" top="1173" id="754">
        <run-table orientation="VERTICAL" width="14" height="21">
            <runs>0 18 2</runs>
            <runs>0 17 4</runs>
            <runs>0 17 4</runs>
            <runs>0 18 3</runs>
            <runs>0 8 2 8 3</runs>
            <runs>0 8 2 9 2</runs>
            <runs>0 1 1 6 3 8 2</runs>
            <runs>2 6 4 6 2</runs>
            <runs>2 5 13</runs>
            <runs>3 3 13</runs>
            <runs>8 1 9</runs>
            <runs>8 2 7</runs>
            <runs>0 1 6 5 2</runs>
            <runs>0 2 4</runs>
        </run-table>
    </sample>
    <sample shape="TUPLET_THREE" interline="18" left="355" top="1305" id="780">
        <run-table orientation="VERTICAL" width="15" height="22">
            <runs>0 19 1</runs>
            <runs>0 18 3</runs>
            <runs>0 18 3</runs>
            <runs>0 18 4</runs>
            <runs>0 9 2 8 3</runs>
            <runs>0 3 2 4 2 8 3</runs>
            <runs>0 2 2 5 2 9 1</runs>
            <runs>0 1 2 6 3 7 2</runs>
            <runs>0 1 2 5 5 5 3</runs>
            <runs>0 1 2 4 13</runs>
            <runs>4 2 13</runs>
            <runs>0 1 8 1 8</runs>
            <runs>0 1 7 3 6</runs>
            <runs>0 2 5</runs>
            <runs>0 3 3</runs>
        </run-table>
    </sample>
</samples>
