<?xml version="1.0" encoding="UTF-8"?>
<stick id="1052" interline="22" shape="BREATH_MARK">
    <is-within-system>true</is-within-system>
    <has-ledger>false</has-ledger>
    <stem-number>0</stem-number>
    <step-line>-8.093023255813954</step-line>
    <moments>
        <k>0.371900826446281</k>
        <k>0.5909090909090909</k>
        <k>1.0454545454545454</k>
        <k>0.05452863511659797</k>
        <k>-0.0029627914951990434</k>
        <k>0.20815003429355414</k>
        <k>-0.002521002912833986</k>
        <k>-0.0018713199680445594</k>
        <k>-0.013604475490333875</k>
        <k>0.05602454756145713</k>
        <k>0.2626786694101521</k>
        <k>0.023634646818861803</k>
        <k>0.005265615304543806</k>
        <k>0.003192603112514974</k>
        <k>1.2456692201483799E-5</k>
        <k>4.2090848016183125E-4</k>
        <k>-4.022529929542574E-6</k>
        <k>689.7388888888889</k>
        <k>1704.1277777777777</k>
    </moments><members>
    <section id="928" first-pos="683">
        <run start="1699" length="2" level="225"/>
        <run start="1698" length="6" level="38"/>
        <run start="1697" length="8" level="29"/>
        <run start="1696" length="10" level="26"/>
        <run start="1696" length="11" level="22"/>
        <run start="1695" length="12" level="22"/>
        <run start="1695" length="13" level="20"/>
        <run start="1695" length="14" level="19"/>
    </section>
    <section id="933" first-pos="691">
        <run start="1695" length="21" level="13"/>
        <run start="1695" length="20" level="16"/>
        <run start="1696" length="17" level="19"/>
        <run start="1697" length="14" level="25"/>
    </section>
    <section id="930" first-pos="684">
        <run start="1716" length="2" level="133"/>
        <run start="1715" length="3" level="88"/>
        <run start="1715" length="3" level="86"/>
        <run start="1715" length="3" level="86"/>
        <run start="1714" length="4" level="66"/>
        <run start="1713" length="4" level="65"/>
        <run start="1712" length="4" level="64"/>
    </section>
    <section id="938" first-pos="695">
        <run start="1698" length="9" level="51"/>
    </section>
</members></stick>
