<?xml version="1.0" encoding="UTF-8"?>
<stick id="741" interline="22" shape="BREATH_MARK">
    <is-within-system>true</is-within-system>
    <has-ledger>false</has-ledger>
    <stem-number>0</stem-number>
    <step-line>-6.046511627906977</step-line>
    <moments>
        <k>0.4049586776859504</k>
        <k>0.5909090909090909</k>
        <k>1.0454545454545454</k>
        <k>0.05435766559851767</k>
        <k>-0.003312820338464612</k>
        <k>0.18276225786024605</k>
        <k>-0.0017063205155371892</k>
        <k>-0.0022613270512598215</k>
        <k>-0.010372195476851104</k>
        <k>0.043466888361891935</k>
        <k>0.23711992345876373</k>
        <k>0.016531638428280496</k>
        <k>0.0033901136282729924</k>
        <k>0.0018437888315026418</k>
        <k>4.367064771176245E-6</k>
        <k>2.058801099624219E-4</k>
        <k>-1.475872702480736E-6</k>
        <k>674.265306122449</k>
        <k>699.0051020408164</k>
    </moments><members>
    <section id="909" first-pos="668">
        <run start="694" length="6" level="139"/>
        <run start="692" length="9" level="47"/>
        <run start="691" length="11" level="37"/>
        <run start="690" length="12" level="32"/>
        <run start="690" length="12" level="22"/>
        <run start="690" length="12" level="22"/>
    </section>
    <section id="922" first-pos="674">
        <run start="690" length="22" level="65"/>
        <run start="690" length="21" level="17"/>
        <run start="690" length="20" level="18"/>
        <run start="690" length="19" level="31"/>
        <run start="691" length="16" level="37"/>
        <run start="692" length="13" level="63"/>
    </section>
    <section id="910" first-pos="668">
        <run start="712" length="1" level="188"/>
        <run start="711" length="2" level="94"/>
        <run start="710" length="3" level="86"/>
        <run start="710" length="3" level="86"/>
        <run start="710" length="3" level="91"/>
        <run start="709" length="3" level="63"/>
    </section>
    <section id="927" first-pos="680">
        <run start="693" length="8" level="138"/>
    </section>
</members></stick>
