<?xml version="1.0" encoding="UTF-8"?>
<stick id="652" interline="21" shape="COMBINING_FLAG_1_UP">
    <is-within-system>true</is-within-system>
    <has-ledger>false</has-ledger>
    <stem-number>1</stem-number>
    <step-line>5.882352941176471</step-line>
    <moments>
        <k>0.6780045351473923</k>
        <k>0.9523809523809523</k>
        <k>2.4761904761904763</k>
        <k>0.12108085104058862</k>
        <k>-0.20195830301105822</k>
        <k>0.4490335323177873</k>
        <k>-0.00562166619515419</k>
        <k>-0.0027496767043768294</k>
        <k>0.03765126858282071</k>
        <k>-0.16185483778396031</k>
        <k>0.5701143833583759</k>
        <k>0.2707015857773295</k>
        <k>0.037654886696859305</k>
        <k>0.02812054161905321</k>
        <k>9.120638892851617E-4</k>
        <k>0.012808388824663366</k>
        <k>7.390022563101079E-5</k>
        <k>720.8060200668897</k>
        <k>483.3745819397993</k>
    </moments><members>
    <section id="959" first-pos="711">
        <run start="489" length="19" level="32"/>
        <run start="488" length="15" level="33"/>
        <run start="487" length="15" level="33"/>
        <run start="487" length="14" level="25"/>
        <run start="487" length="13" level="27"/>
        <run start="485" length="14" level="46"/>
        <run start="484" length="14" level="35"/>
        <run start="483" length="14" level="42"/>
        <run start="483" length="12" level="30"/>
        <run start="482" length="12" level="41"/>
        <run start="481" length="12" level="41"/>
        <run start="480" length="12" level="41"/>
        <run start="478" length="13" level="56"/>
        <run start="477" length="12" level="51"/>
        <run start="474" length="13" level="57"/>
        <run start="471" length="15" level="56"/>
    </section>
    <section id="987" first-pos="727">
        <run start="464" length="20" level="76"/>
    </section>
    <section id="988" first-pos="728">
        <run start="456" length="25" level="80"/>
    </section>
    <section id="986" first-pos="726">
        <run start="457" length="2" level="167"/>
        <run start="456" length="6" level="75"/>
    </section>
    <section id="989" first-pos="729">
        <run start="459" length="18" level="120"/>
    </section>
    <section id="990" first-pos="730">
        <run start="462" length="9" level="174"/>
    </section>
</members></stick>
