<?xml version="1.0" encoding="UTF-8"?>
<stick id="641" interline="21" shape="DOT">
    <is-within-system>true</is-within-system>
    <has-ledger>false</has-ledger>
    <stem-number>0</stem-number>
    <step-line>-13.882352941176471</step-line>
    <moments>
        <k>0.09750566893424037</k>
        <k>0.42857142857142855</k>
        <k>0.42857142857142855</k>
        <k>0.11458110606613257</k>
        <k>0.08396744940697053</k>
        <k>0.12044222521287419</k>
        <k>-0.0010435095679346541</k>
        <k>0.006641099363606783</k>
        <k>0.01061111041623699</k>
        <k>0.008005771147883915</k>
        <k>0.23502333127900676</k>
        <k>0.02823648295730092</k>
        <k>0.0012229141105186713</k>
        <k>3.0606980177281135E-4</k>
        <k>1.8413809587118353E-7</k>
        <k>4.778812181108755E-5</k>
        <k>-3.401226657469428E-8</k>
        <k>502.16279069767444</k>
        <k>272.5348837209302</k>
    </moments><members>
    <section id="684" first-pos="498">
        <run start="270" length="2" level="198"/>
        <run start="269" length="4" level="134"/>
        <run start="269" length="5" level="81"/>
        <run start="269" length="6" level="68"/>
        <run start="269" length="7" level="75"/>
        <run start="270" length="6" level="81"/>
        <run start="272" length="5" level="104"/>
        <run start="273" length="5" level="125"/>
        <run start="275" length="3" level="154"/>
    </section>
</members></stick>
