<?xml version="1.0" encoding="UTF-8"?>
<stick id="460" interline="22" shape="G_CLEF">
    <is-within-system>true</is-within-system>
    <has-ledger>false</has-ledger>
    <stem-number>0</stem-number>
    <step-line>0.37209302325581395</step-line>
    <moments>
        <k>6.909090909090909</k>
        <k>2.8181818181818183</k>
        <k>7.454545454545454</k>
        <k>0.059258929909742686</k>
        <k>0.029105961852325415</k>
        <k>0.5337234468340547</k>
        <k>4.133447637132328E-4</k>
        <k>0.010475903356951444</k>
        <k>0.017437750576357332</k>
        <k>-0.02130116295376893</k>
        <k>0.5929823767437974</k>
        <k>0.22850520588161685</k>
        <k>0.0054739343934597385</k>
        <k>4.358478501787782E-4</k>
        <k>-4.4831114805425855E-7</k>
        <k>-1.1809097252605493E-4</k>
        <k>-5.022271930205839E-7</k>
        <k>134.5894138755981</k>
        <k>1795.1199162679425</k>
    </moments><members>
    <section id="10" first-pos="105">
        <run start="1792" length="21" level="204"/>
    </section>
    <section id="12" first-pos="106">
        <run start="1789" length="26" level="62"/>
        <run start="1787" length="29" level="75"/>
        <run start="1785" length="32" level="69"/>
        <run start="1783" length="35" level="56"/>
        <run start="1782" length="38" level="47"/>
        <run start="1780" length="41" level="48"/>
        <run start="1779" length="44" level="44"/>
    </section>
    <section id="20" first-pos="113">
        <run start="1777" length="29" level="45"/>
        <run start="1776" length="26" level="46"/>
        <run start="1774" length="24" level="51"/>
        <run start="1771" length="25" level="57"/>
        <run start="1769" length="25" level="60"/>
        <run start="1769" length="23" level="53"/>
        <run start="1769" length="22" level="46"/>
        <run start="1769" length="21" level="43"/>
        <run start="1768" length="20" level="50"/>
        <run start="1766" length="20" level="62"/>
        <run start="1765" length="20" level="62"/>
        <run start="1763" length="21" level="64"/>
        <run start="1762" length="21" level="59"/>
    </section>
    <section id="70" first-pos="126">
        <run start="1719" length="63" level="45"/>
        <run start="1716" length="65" level="37"/>
    </section>
    <section id="67" first-pos="125">
        <run start="1721" length="35" level="42"/>
    </section>
    <section id="61" first-pos="124">
        <run start="1724" length="28" level="43"/>
    </section>
    <section id="54" first-pos="123">
        <run start="1728" length="21" level="73"/>
    </section>
    <section id="77" first-pos="128">
        <run start="1714" length="35" level="75"/>
    </section>
    <section id="81" first-pos="129">
        <run start="1713" length="24" level="46"/>
        <run start="1712" length="21" level="44"/>
        <run start="1711" length="19" level="37"/>
        <run start="1710" length="17" level="15"/>
        <run start="1709" length="17" level="16"/>
        <run start="1709" length="16" level="17"/>
        <run start="1709" length="15" level="19"/>
        <run start="1710" length="14" level="20"/>
        <run start="1711" length="13" level="21"/>
        <run start="1712" length="12" level="23"/>
        <run start="1714" length="10" level="27"/>
        <run start="1715" length="10" level="28"/>
        <run start="1717" length="10" level="31"/>
        <run start="1719" length="11" level="32"/>
    </section>
    <section id="130" first-pos="143">
        <run start="1720" length="40" level="46"/>
        <run start="1722" length="36" level="44"/>
    </section>
    <section id="100" first-pos="136">
        <run start="1748" length="25" level="71"/>
        <run start="1747" length="23" level="62"/>
        <run start="1745" length="24" level="68"/>
        <run start="1744" length="23" level="63"/>
        <run start="1742" length="24" level="70"/>
        <run start="1739" length="25" level="70"/>
        <run start="1735" length="27" level="66"/>
    </section>
    <section id="93" first-pos="134">
        <run start="1750" length="36" level="64"/>
        <run start="1748" length="40" level="61"/>
    </section>
    <section id="78" first-pos="128">
        <run start="1750" length="30" level="56"/>
        <run start="1753" length="26" level="56"/>
        <run start="1755" length="23" level="52"/>
        <run start="1755" length="24" level="59"/>
        <run start="1755" length="25" level="52"/>
        <run start="1754" length="28" level="52"/>
    </section>
    <section id="101" first-pos="136">
        <run start="1776" length="13" level="63"/>
    </section>
    <section id="105" first-pos="137">
        <run start="1779" length="23" level="85"/>
        <run start="1782" length="21" level="102"/>
        <run start="1785" length="19" level="103"/>
        <run start="1786" length="21" level="110"/>
        <run start="1786" length="24" level="97"/>
        <run start="1786" length="28" level="87"/>
        <run start="1788" length="28" level="87"/>
    </section>
    <section id="84" first-pos="130">
        <run start="1790" length="21" level="52"/>
        <run start="1790" length="18" level="52"/>
        <run start="1790" length="16" level="56"/>
        <run start="1790" length="15" level="60"/>
        <run start="1790" length="14" level="64"/>
        <run start="1790" length="13" level="66"/>
        <run start="1790" length="13" level="70"/>
    </section>
    <section id="55" first-pos="123">
        <run start="1805" length="8" level="212"/>
        <run start="1802" length="11" level="111"/>
        <run start="1800" length="15" level="93"/>
        <run start="1798" length="18" level="78"/>
        <run start="1796" length="22" level="64"/>
        <run start="1793" length="26" level="62"/>
        <run start="1791" length="29" level="57"/>
    </section>
    <section id="85" first-pos="130">
        <run start="1814" length="7" level="34"/>
        <run start="1815" length="6" level="14"/>
        <run start="1817" length="5" level="54"/>
        <run start="1818" length="5" level="54"/>
        <run start="1819" length="4" level="65"/>
        <run start="1819" length="5" level="53"/>
        <run start="1820" length="5" level="53"/>
        <run start="1821" length="4" level="65"/>
        <run start="1822" length="2" level="128"/>
    </section>
    <section id="133" first-pos="144">
        <run start="1789" length="12" level="90"/>
        <run start="1790" length="11" level="80"/>
        <run start="1790" length="11" level="80"/>
        <run start="1790" length="11" level="80"/>
        <run start="1790" length="11" level="80"/>
        <run start="1790" length="11" level="81"/>
        <run start="1790" length="11" level="81"/>
        <run start="1790" length="12" level="91"/>
        <run start="1790" length="12" level="75"/>
        <run start="1790" length="13" level="85"/>
        <run start="1790" length="14" level="79"/>
        <run start="1790" length="14" level="63"/>
        <run start="1790" length="16" level="69"/>
        <run start="1790" length="18" level="62"/>
        <run start="1791" length="20" level="56"/>
    </section>
    <section id="176" first-pos="159">
        <run start="1792" length="34" level="46"/>
        <run start="1793" length="32" level="48"/>
        <run start="1795" length="29" level="46"/>
        <run start="1796" length="27" level="52"/>
        <run start="1798" length="23" level="61"/>
        <run start="1800" length="19" level="79"/>
    </section>
    <section id="156" first-pos="152">
        <run start="1826" length="7" level="82"/>
        <run start="1826" length="6" level="62"/>
        <run start="1826" length="5" level="50"/>
        <run start="1825" length="5" level="52"/>
        <run start="1823" length="6" level="44"/>
        <run start="1822" length="6" level="43"/>
        <run start="1819" length="8" level="32"/>
    </section>
    <section id="147" first-pos="148">
        <run start="1819" length="15" level="53"/>
        <run start="1822" length="15" level="86"/>
        <run start="1825" length="15" level="91"/>
        <run start="1826" length="17" level="82"/>
    </section>
    <section id="144" first-pos="147">
        <run start="1814" length="20" level="46"/>
    </section>
    <section id="134" first-pos="144">
        <run start="1803" length="15" level="95"/>
        <run start="1807" length="14" level="95"/>
        <run start="1810" length="16" level="68"/>
    </section>
    <section id="125" first-pos="142">
        <run start="1832" length="2" level="200"/>
        <run start="1832" length="2" level="200"/>
        <run start="1830" length="4" level="198"/>
        <run start="1830" length="4" level="196"/>
        <run start="1829" length="5" level="160"/>
    </section>
    <section id="157" first-pos="152">
        <run start="1834" length="12" level="54"/>
    </section>
    <section id="160" first-pos="153">
        <run start="1834" length="18" level="49"/>
    </section>
    <section id="164" first-pos="154">
        <run start="1835" length="33" level="51"/>
    </section>
    <section id="103" first-pos="136">
        <run start="1868" length="5" level="34"/>
        <run start="1868" length="5" level="52"/>
        <run start="1868" length="5" level="52"/>
        <run start="1869" length="4" level="43"/>
        <run start="1869" length="4" level="65"/>
        <run start="1868" length="5" level="74"/>
        <run start="1868" length="5" level="52"/>
        <run start="1868" length="5" level="52"/>
        <run start="1868" length="5" level="52"/>
        <run start="1868" length="5" level="79"/>
        <run start="1867" length="5" level="73"/>
        <run start="1867" length="5" level="52"/>
        <run start="1866" length="6" level="84"/>
        <run start="1865" length="6" level="61"/>
        <run start="1864" length="7" level="72"/>
        <run start="1863" length="7" level="72"/>
        <run start="1861" length="8" level="57"/>
        <run start="1859" length="10" level="59"/>
    </section>
    <section id="62" first-pos="124">
        <run start="1854" length="11" level="42"/>
        <run start="1852" length="15" level="25"/>
        <run start="1851" length="17" level="12"/>
        <run start="1850" length="19" level="11"/>
        <run start="1849" length="21" level="10"/>
        <run start="1848" length="22" level="13"/>
        <run start="1848" length="23" level="10"/>
        <run start="1847" length="24" level="12"/>
        <run start="1847" length="25" level="16"/>
        <run start="1847" length="25" level="11"/>
        <run start="1847" length="25" level="11"/>
        <run start="1847" length="26" level="21"/>
    </section>
    <section id="56" first-pos="123">
        <run start="1856" length="6" level="89"/>
    </section>
    <section id="102" first-pos="136">
        <run start="1848" length="19" level="20"/>
        <run start="1848" length="18" level="15"/>
        <run start="1849" length="17" level="22"/>
        <run start="1850" length="15" level="14"/>
        <run start="1851" length="14" level="27"/>
        <run start="1852" length="12" level="44"/>
        <run start="1853" length="9" level="80"/>
        <run start="1855" length="5" level="177"/>
    </section>
    <section id="167" first-pos="155">
        <run start="1839" length="28" level="43"/>
    </section>
    <section id="171" first-pos="156">
        <run start="1843" length="22" level="37"/>
        <run start="1846" length="18" level="74"/>
    </section>
    <section id="174" first-pos="158">
        <run start="1851" length="11" level="178"/>
    </section>
    <section id="187" first-pos="165">
        <run start="1804" length="12" level="123"/>
    </section>
    <section id="189" first-pos="166">
        <run start="1812" length="1" level="200"/>
    </section>
    <section id="137" first-pos="145">
        <run start="1725" length="31" level="51"/>
        <run start="1727" length="27" level="88"/>
    </section>
    <section id="142" first-pos="147">
        <run start="1731" length="16" level="163"/>
    </section>
    <section id="146" first-pos="148">
        <run start="1737" length="3" level="207"/>
    </section>
    <section id="143" first-pos="147">
        <run start="1748" length="2" level="200"/>
    </section>
    <section id="21" first-pos="113">
        <run start="1810" length="14" level="60"/>
        <run start="1815" length="11" level="6"/>
        <run start="1818" length="8" level="3"/>
        <run start="1820" length="7" level="3"/>
        <run start="1821" length="7" level="3"/>
        <run start="1823" length="6" level="4"/>
        <run start="1824" length="6" level="5"/>
        <run start="1825" length="6" level="6"/>
        <run start="1826" length="5" level="1"/>
        <run start="1826" length="6" level="34"/>
        <run start="1827" length="6" level="67"/>
        <run start="1827" length="6" level="105"/>
        <run start="1828" length="6" level="137"/>
        <run start="1829" length="5" level="120"/>
        <run start="1829" length="5" level="163"/>
        <run start="1829" length="5" level="165"/>
        <run start="1830" length="4" level="202"/>
        <run start="1830" length="4" level="205"/>
        <run start="1830" length="4" level="205"/>
        <run start="1830" length="4" level="204"/>
        <run start="1831" length="3" level="200"/>
        <run start="1831" length="3" level="200"/>
        <run start="1832" length="2" level="200"/>
        <run start="1833" length="1" level="200"/>
        <run start="1833" length="1" level="200"/>
    </section>
</members></stick>
