<?xml version="1.0" encoding="UTF-8"?>
<stick id="932" interline="22" shape="NOTEHEAD_BLACK">
    <is-within-system>true</is-within-system>
    <has-ledger>false</has-ledger>
    <stem-number>1</stem-number>
    <step-line>-6.325581395348837</step-line>
    <moments>
        <k>0.9504132231404959</k>
        <k>1.3636363636363635</k>
        <k>1.0454545454545454</k>
        <k>0.1096299313717448</k>
        <k>-0.010003832086792163</k>
        <k>0.06540366359825753</k>
        <k>0.008971516657217063</k>
        <k>0.004076880322704248</k>
        <k>-0.0031621473209647137</k>
        <k>-7.764123889132904E-4</k>
        <k>0.17503359497000232</k>
        <k>0.002356269386855129</k>
        <k>5.098796734542597E-4</k>
        <k>4.464186066697141E-5</k>
        <k>3.9934886663575305E-9</k>
        <k>2.4358219018843854E-7</k>
        <k>-5.423494775192558E-9</k>
        <k>2115.9152173913044</k>
        <k>1038.158695652174</k>
    </moments><members>
    <section id="2686" first-pos="2104">
        <run start="1034" length="13" level="33"/>
        <run start="1033" length="15" level="29"/>
        <run start="1032" length="17" level="27"/>
        <run start="1031" length="18" level="25"/>
        <run start="1030" length="19" level="23"/>
        <run start="1030" length="20" level="14"/>
        <run start="1029" length="21" level="21"/>
        <run start="1029" length="21" level="15"/>
        <run start="1028" length="21" level="20"/>
        <run start="1028" length="22" level="14"/>
        <run start="1028" length="21" level="13"/>
        <run start="1028" length="21" level="13"/>
        <run start="1028" length="21" level="13"/>
        <run start="1027" length="22" level="22"/>
        <run start="1027" length="21" level="17"/>
        <run start="1028" length="20" level="16"/>
        <run start="1028" length="19" level="16"/>
        <run start="1028" length="18" level="17"/>
        <run start="1028" length="17" level="23"/>
        <run start="1029" length="15" level="18"/>
        <run start="1029" length="15" level="23"/>
        <run start="1030" length="14" level="25"/>
        <run start="1031" length="13" level="32"/>
        <run start="1033" length="11" level="63"/>
    </section>
    <section id="2710" first-pos="2128">
        <run start="1039" length="4" level="55"/>
        <run start="1039" length="5" level="52"/>
        <run start="1039" length="5" level="52"/>
        <run start="1039" length="5" level="61"/>
        <run start="1039" length="4" level="91"/>
        <run start="1040" length="2" level="154"/>
    </section>
</members></stick>
