<?xml version="1.0" encoding="UTF-8"?>
<stick id="454" interline="22" shape="SHARP">
    <is-within-system>true</is-within-system>
    <has-ledger>false</has-ledger>
    <stem-number>0</stem-number>
    <step-line>-0.9302325581395349</step-line>
    <moments>
        <k>1.5743801652892562</k>
        <k>1.0909090909090908</k>
        <k>3.0</k>
        <k>0.04526810949218227</k>
        <k>-0.020845638658323125</k>
        <k>0.3264342984649805</k>
        <k>-2.3112189762350597E-4</k>
        <k>-2.7590827543331277E-4</k>
        <k>7.658452316356307E-4</k>
        <k>-0.0021032513393248594</k>
        <k>0.3717024079571628</k>
        <k>0.08079258842578078</k>
        <k>8.021077105691144E-6</k>
        <k>5.946329516433298E-6</k>
        <k>3.714861593112996E-11</k>
        <k>1.6171982817090383E-6</k>
        <k>1.750583238857124E-11</k>
        <k>2042.9580052493438</k>
        <k>1438.253280839895</k>
    </moments><members>
    <section id="2548" first-pos="2031">
        <run start="1428" length="4" level="183"/>
        <run start="1428" length="6" level="139"/>
        <run start="1425" length="10" level="135"/>
        <run start="1425" length="9" level="114"/>
        <run start="1425" length="9" level="114"/>
        <run start="1424" length="10" level="112"/>
    </section>
    <section id="2555" first-pos="2037">
        <run start="1413" length="58" level="115"/>
        <run start="1413" length="58" level="42"/>
        <run start="1413" length="58" level="42"/>
        <run start="1413" length="58" level="119"/>
    </section>
    <section id="2553" first-pos="2036">
        <run start="1417" length="2" level="87"/>
    </section>
    <section id="2551" first-pos="2032">
        <run start="1448" length="9" level="174"/>
        <run start="1448" length="10" level="83"/>
        <run start="1448" length="9" level="67"/>
        <run start="1448" length="9" level="67"/>
        <run start="1445" length="12" level="97"/>
    </section>
    <section id="2554" first-pos="2036">
        <run start="1468" length="3" level="201"/>
    </section>
    <section id="2556" first-pos="2041">
        <run start="1423" length="9" level="113"/>
        <run start="1423" length="9" level="112"/>
        <run start="1422" length="10" level="124"/>
        <run start="1422" length="7" level="87"/>
        <run start="1421" length="8" level="87"/>
    </section>
    <section id="2562" first-pos="2046">
        <run start="1405" length="60" level="117"/>
        <run start="1405" length="60" level="41"/>
        <run start="1405" length="60" level="41"/>
        <run start="1405" length="60" level="112"/>
    </section>
    <section id="2557" first-pos="2041">
        <run start="1448" length="7" level="86"/>
        <run start="1445" length="10" level="115"/>
        <run start="1445" length="10" level="110"/>
        <run start="1445" length="9" level="112"/>
        <run start="1444" length="10" level="115"/>
    </section>
    <section id="2566" first-pos="2050">
        <run start="1420" length="9" level="67"/>
        <run start="1420" length="9" level="67"/>
        <run start="1420" length="9" level="67"/>
        <run start="1420" length="9" level="67"/>
        <run start="1420" length="9" level="175"/>
    </section>
    <section id="2567" first-pos="2050">
        <run start="1439" length="15" level="113"/>
    </section>
    <section id="2569" first-pos="2051">
        <run start="1443" length="9" level="113"/>
        <run start="1442" length="10" level="115"/>
        <run start="1442" length="10" level="122"/>
        <run start="1443" length="6" level="157"/>
    </section>
    <section id="2568" first-pos="2050">
        <run start="1463" length="1" level="79"/>
    </section>
    <section id="2558" first-pos="2041">
        <run start="1468" length="3" level="155"/>
    </section>
</members></stick>
