<?xml version="1.0" encoding="UTF-8"?>
<stick id="2548" interline="21" shape="TIME_TWO_FOUR">
    <is-within-system>true</is-within-system>
    <has-ledger>false</has-ledger>
    <stem-number>0</stem-number>
    <step-line>0.047058823529411764</step-line>
    <moments>
        <k>2.4716553287981857</k>
        <k>1.4761904761904763</k>
        <k>4.142857142857143</k>
        <k>0.05050980016663729</k>
        <k>0.030044480857185397</k>
        <k>0.5824574553928917</k>
        <k>-0.00715527223949831</k>
        <k>-0.006251183483981212</k>
        <k>0.012499786381519024</k>
        <k>-0.004463890968546207</k>
        <k>0.632967255559529</k>
        <k>0.28657899122062114</k>
        <k>0.0021982304721973136</k>
        <k>1.4337665193746518E-4</k>
        <k>7.09268841572599E-8</k>
        <k>3.899773437149824E-5</k>
        <k>3.8057657314371046E-8</k>
        <k>333.2862385321101</k>
        <k>421.0165137614679</k>
    </moments><members>
    <section id="416" first-pos="316">
        <run start="412" length="6" level="150"/>
        <run start="410" length="8" level="57"/>
        <run start="408" length="10" level="47"/>
        <run start="406" length="11" level="39"/>
        <run start="405" length="12" level="19"/>
        <run start="404" length="13" level="20"/>
    </section>
    <section id="432" first-pos="322">
        <run start="403" length="7" level="36"/>
        <run start="402" length="7" level="35"/>
        <run start="402" length="6" level="1"/>
        <run start="401" length="7" level="37"/>
        <run start="400" length="7" level="66"/>
        <run start="400" length="6" level="69"/>
        <run start="400" length="6" level="78"/>
        <run start="399" length="6" level="103"/>
        <run start="398" length="7" level="125"/>
        <run start="397" length="7" level="142"/>
        <run start="396" length="8" level="124"/>
        <run start="395" length="9" level="116"/>
        <run start="395" length="8" level="104"/>
        <run start="394" length="9" level="116"/>
        <run start="392" length="10" level="113"/>
    </section>
    <section id="443" first-pos="337">
        <run start="378" length="24" level="93"/>
        <run start="379" length="22" level="46"/>
        <run start="380" length="21" level="39"/>
        <run start="381" length="20" level="35"/>
        <run start="382" length="19" level="37"/>
        <run start="383" length="16" level="28"/>
    </section>
    <section id="435" first-pos="330">
        <run start="378" length="1" level="200"/>
        <run start="378" length="2" level="200"/>
        <run start="378" length="4" level="189"/>
        <run start="378" length="4" level="156"/>
        <run start="378" length="6" level="154"/>
        <run start="378" length="7" level="112"/>
        <run start="378" length="9" level="105"/>
    </section>
    <section id="464" first-pos="343">
        <run start="384" length="12" level="40"/>
        <run start="385" length="8" level="112"/>
    </section>
    <section id="465" first-pos="343">
        <run start="397" length="1" level="222"/>
    </section>
    <section id="433" first-pos="322">
        <run start="411" length="6" level="2"/>
        <run start="411" length="6" level="6"/>
        <run start="411" length="5" level="1"/>
        <run start="411" length="5" level="2"/>
        <run start="410" length="6" level="37"/>
        <run start="410" length="6" level="9"/>
        <run start="411" length="5" level="3"/>
        <run start="411" length="6" level="3"/>
        <run start="411" length="6" level="3"/>
        <run start="411" length="6" level="4"/>
        <run start="411" length="6" level="10"/>
        <run start="412" length="5" level="5"/>
        <run start="412" length="6" level="5"/>
        <run start="412" length="6" level="5"/>
        <run start="412" length="6" level="11"/>
    </section>
    <section id="444" first-pos="337">
        <run start="412" length="19" level="58"/>
        <run start="412" length="18" level="61"/>
        <run start="412" length="17" level="66"/>
    </section>
    <section id="439" first-pos="333">
        <run start="420" length="16" level="40"/>
        <run start="420" length="15" level="42"/>
        <run start="420" length="13" level="49"/>
        <run start="420" length="12" level="53"/>
    </section>
    <section id="437" first-pos="332">
        <run start="422" length="2" level="110"/>
    </section>
    <section id="428" first-pos="321">
        <run start="447" length="5" level="60"/>
        <run start="446" length="5" level="50"/>
        <run start="444" length="6" level="82"/>
        <run start="443" length="5" level="82"/>
        <run start="442" length="5" level="123"/>
        <run start="440" length="6" level="142"/>
        <run start="438" length="7" level="125"/>
        <run start="436" length="8" level="81"/>
        <run start="434" length="9" level="49"/>
        <run start="431" length="11" level="42"/>
        <run start="429" length="9" level="4"/>
        <run start="426" length="11" level="3"/>
    </section>
    <section id="419" first-pos="317">
        <run start="453" length="2" level="70"/>
        <run start="451" length="4" level="34"/>
        <run start="450" length="5" level="14"/>
        <run start="449" length="6" level="76"/>
    </section>
    <section id="429" first-pos="321">
        <run start="454" length="1" level="7"/>
        <run start="454" length="1" level="5"/>
        <run start="454" length="1" level="3"/>
        <run start="454" length="1" level="1"/>
        <run start="454" length="1" level="3"/>
        <run start="454" length="1" level="5"/>
        <run start="454" length="1" level="8"/>
        <run start="454" length="1" level="10"/>
        <run start="454" length="1" level="13"/>
        <run start="454" length="1" level="15"/>
        <run start="454" length="1" level="17"/>
        <run start="454" length="1" level="20"/>
        <run start="453" length="3" level="49"/>
    </section>
    <section id="440" first-pos="334">
        <run start="439" length="26" level="76"/>
        <run start="438" length="27" level="46"/>
        <run start="437" length="28" level="44"/>
        <run start="435" length="30" level="49"/>
        <run start="433" length="32" level="46"/>
        <run start="432" length="33" level="44"/>
        <run start="431" length="34" level="43"/>
        <run start="430" length="35" level="41"/>
    </section>
    <section id="438" first-pos="332">
        <run start="442" length="3" level="152"/>
        <run start="442" length="3" level="141"/>
    </section>
    <section id="436" first-pos="331">
        <run start="464" length="1" level="200"/>
        <run start="461" length="4" level="169"/>
        <run start="460" length="5" level="135"/>
    </section>
    <section id="462" first-pos="342">
        <run start="439" length="26" level="167"/>
    </section>
    <section id="466" first-pos="343">
        <run start="440" length="5" level="206"/>
        <run start="440" length="3" level="203"/>
        <run start="440" length="3" level="202"/>
        <run start="440" length="3" level="201"/>
    </section>
    <section id="467" first-pos="343">
        <run start="453" length="3" level="86"/>
        <run start="453" length="3" level="86"/>
        <run start="454" length="2" level="197"/>
    </section>
    <section id="468" first-pos="343">
        <run start="461" length="3" level="191"/>
    </section>
    <section id="454" first-pos="340">
        <run start="412" length="6" level="43"/>
        <run start="412" length="6" level="43"/>
        <run start="411" length="6" level="48"/>
        <run start="411" length="5" level="57"/>
        <run start="411" length="4" level="80"/>
        <run start="411" length="2" level="146"/>
    </section>
    <section id="455" first-pos="340">
        <run start="420" length="7" level="92"/>
        <run start="420" length="6" level="109"/>
        <run start="420" length="4" level="163"/>
        <run start="420" length="2" level="200"/>
    </section>
    <section id="418" first-pos="317">
        <run start="388" length="1" level="168"/>
    </section>
    <section id="420" first-pos="318">
        <run start="385" length="6" level="135"/>
        <run start="383" length="8" level="40"/>
        <run start="382" length="9" level="18"/>
        <run start="381" length="10" level="47"/>
    </section>
    <section id="430" first-pos="322">
        <run start="379" length="4" level="127"/>
        <run start="379" length="3" level="134"/>
        <run start="378" length="4" level="150"/>
        <run start="378" length="4" level="178"/>
        <run start="378" length="3" level="200"/>
        <run start="378" length="1" level="200"/>
        <run start="378" length="1" level="200"/>
    </section>
    <section id="431" first-pos="322">
        <run start="386" length="5" level="2"/>
        <run start="386" length="5" level="38"/>
        <run start="387" length="3" level="94"/>
    </section>
</members></stick>
