<?xml version="1.0" encoding="UTF-8" standalone="yes"?>
<samples sheet-name="IMSLP00080#4">
    <sample shape="G_CLEF" interline="15" pitch="-1.0" left="285" top="275" id="520">
        <run-table orientation="VERTICAL" width="41" height="82">
            <runs>0 54 13</runs>
            <runs>0 49 18</runs>
            <runs>0 48 21</runs>
            <runs>0 46 25</runs>
            <runs>0 44 28</runs>
            <runs>0 43 31</runs>
            <runs>0 42 32</runs>
            <runs>0 40 21 2 12</runs>
            <runs>0 34 22 7 13</runs>
            <runs>0 34 20 18 10</runs>
            <runs>0 34 19 20 9</runs>
            <runs>0 34 19 21 8</runs>
            <runs>0 34 18 23 7</runs>
            <runs>0 34 18 7 9 7 7</runs>
            <runs>0 33 19 4 14</runs>
            <runs>0 32 21 1 17</runs>
            <runs>0 31 15 2 25</runs>
            <runs>0 30 15 4 17 1 6</runs>
            <runs>0 29 15 5 17</runs>
            <runs>0 14 29 6 11</runs>
            <runs>0 11 32 5 12</runs>
            <runs>0 9 50</runs>
            <runs>0 7 11 2 39</runs>
            <runs>0 5 9 6 19 1 2 3 16</runs>
            <runs>0 4 9 7 18 8 16</runs>
            <runs>0 3 9 8 18 9 14</runs>
            <runs>0 2 9 9 18 10 10</runs>
            <runs>0 1 9 10 18 10 10</runs>
            <runs>0 1 9 9 13 16 10</runs>
            <runs>9 10 12 17 11</runs>
            <runs>8 9 13 17 12</runs>
            <runs>9 7 12 19 12</runs>
            <runs>0 1 9 5 9 32 4 14 7</runs>
            <runs>0 4 20 34 3 12 8</runs>
            <runs>0 5 18 36 8 5 4</runs>
            <runs>0 8 15 37 8 2 5</runs>
            <runs>0 61 14</runs>
            <runs>0 63 11</runs>
            <runs>0 63 9</runs>
            <runs>0 63 7</runs>
            <runs>0 67 2</runs>
        </run-table>
    </sample>
    <sample shape="G_CLEF" interline="15" pitch="0.7" left="286" top="467" id="524">
        <run-table orientation="VERTICAL" width="41" height="103">
            <runs>0 53 11</runs>
            <runs>0 46 20</runs>
            <runs>0 46 21 20 8</runs>
            <runs>0 45 24 17 11</runs>
            <runs>0 42 28 15 13</runs>
            <runs>0 42 30 12 15</runs>
            <runs>0 41 32 11 16</runs>
            <runs>0 40 17 10 7 10 16</runs>
            <runs>0 39 15 15 10 4 18</runs>
            <runs>0 37 16 17 9 4 19</runs>
            <runs>0 32 19 21 7 4 19</runs>
            <runs>0 32 19 32 20</runs>
            <runs>0 32 19 32 20</runs>
            <runs>0 32 19 6 10 17 19</runs>
            <runs>0 31 20 4 15 14 13 1 5</runs>
            <runs>0 30 21 2 18 13 12 2 5</runs>
            <runs>0 29 42 14 10 4 4</runs>
            <runs>0 28 17 1 19 22 7 5 4</runs>
            <runs>0 27 17 2 14 38 5</runs>
            <runs>0 17 26 3 13 39 4</runs>
            <runs>0 12 33 1 12 40 4</runs>
            <runs>0 10 48 39 4</runs>
            <runs>0 6 60 30 4</runs>
            <runs>0 5 17 1 45 26 6</runs>
            <runs>0 4 12 2 20 7 36 11 7</runs>
            <runs>0 3 11 4 19 9 52</runs>
            <runs>0 2 11 5 18 10 11 12 28</runs>
            <runs>0 2 10 6 18 10 11 17 21</runs>
            <runs>0 1 9 8 18 10 11</runs>
            <runs>0 1 9 8 13 15 11</runs>
            <runs>9 9 12 17 11</runs>
            <runs>8 9 11 19 11</runs>
            <runs>9 5 12 21 13 12 7</runs>
            <runs>9 3 13 22 18 6 8</runs>
            <runs>0 3 7 1 13 23 18 4 10</runs>
            <runs>0 6 16 25 32</runs>
            <runs>0 8 13 26 27</runs>
            <runs>0 11 2 34 26</runs>
            <runs>0 52 20</runs>
            <runs>0 54 16</runs>
            <runs>0 56 12</runs>
        </run-table>
    </sample>
    <sample shape="G_CLEF" interline="15" pitch="0.4" left="289" top="621" id="527">
        <run-table orientation="VERTICAL" width="43" height="103">
            <runs>0 53 2</runs>
            <runs>0 49 18</runs>
            <runs>0 49 19</runs>
            <runs>0 47 22 20 8</runs>
            <runs>0 45 25 19 8</runs>
            <runs>0 44 28 16 10</runs>
            <runs>0 42 31 14 12</runs>
            <runs>0 41 34 11 14</runs>
            <runs>0 34 26 3 13 10 15</runs>
            <runs>0 34 21 16 11 3 16</runs>
            <runs>0 34 20 18 10 3 17</runs>
            <runs>0 34 20 20 8 3 18</runs>
            <runs>0 34 20 20 8 3 18</runs>
            <runs>0 34 20 21 7 3 18</runs>
            <runs>0 33 23 1 12 16 18</runs>
            <runs>0 31 39 15 13 2 3</runs>
            <runs>0 30 17 2 24 13 11 3 3</runs>
            <runs>0 29 17 3 23 15 9 4 3</runs>
            <runs>0 28 17 4 18 23 4 6 3</runs>
            <runs>0 16 28 5 13 38 3</runs>
            <runs>0 13 48 38 4</runs>
            <runs>0 10 51 38 4</runs>
            <runs>0 9 51 39 4</runs>
            <runs>0 7 53 38 4</runs>
            <runs>0 6 11 3 19 7 16 35 4</runs>
            <runs>0 5 10 5 19 8 23 25 5</runs>
            <runs>0 5 9 6 18 9 14 2 20 11 5</runs>
            <runs>0 4 9 7 19 9 11 5 8 1 25</runs>
            <runs>0 4 8 7 20 9 11 17 18</runs>
            <runs>0 3 8 8 14 15 11 17 6</runs>
            <runs>10 8 13 18 10 17 6</runs>
            <runs>10 6 14 19 11 16 6</runs>
            <runs>10 5 14 20 12 14 7</runs>
            <runs>0 1 9 4 13 22 13 12 7</runs>
            <runs>0 2 24 23 18 5 9</runs>
            <runs>0 5 19 25 19 2 12</runs>
            <runs>0 8 15 26 27</runs>
            <runs>0 49 26</runs>
            <runs>0 49 26</runs>
            <runs>0 55 18</runs>
            <runs>0 55 17</runs>
            <runs>0 57 13</runs>
            <runs>0 61 3</runs>
        </run-table>
    </sample>
    <sample shape="G_CLEF" interline="15" pitch="0.5" left="292" top="1072" id="537">
        <run-table orientation="VERTICAL" width="41" height="104">
            <runs>0 57 8</runs>
            <runs>0 52 14 28 2</runs>
            <runs>0 47 21 19 10</runs>
            <runs>0 47 23 16 12</runs>
            <runs>0 44 27 14 15</runs>
            <runs>0 43 29 12 17</runs>
            <runs>0 40 33 11 18</runs>
            <runs>0 40 34 9 19</runs>
            <runs>0 38 21 10 11 3 20</runs>
            <runs>0 37 18 15 10 3 20</runs>
            <runs>0 33 21 19 7 3 21</runs>
            <runs>0 33 19 32 20</runs>
            <runs>0 33 18 33 20</runs>
            <runs>0 33 17 7 12 16 13 1 4</runs>
            <runs>0 32 19 4 16 15 11 3 3</runs>
            <runs>0 31 20 2 19 15 9 4 3</runs>
            <runs>0 31 41 16 6 6 3</runs>
            <runs>0 30 16 1 18 5 2 28 3</runs>
            <runs>0 29 16 2 18 34 4</runs>
            <runs>0 28 17 3 17 34 3</runs>
            <runs>0 18 26 4 11 39 4</runs>
            <runs>0 14 29 5 11 38 4</runs>
            <runs>0 14 45 37 4</runs>
            <runs>0 12 54 29 5</runs>
            <runs>0 10 13 1 50 20 4</runs>
            <runs>0 8 30 9 48</runs>
            <runs>0 6 11 1 20 10 11 16 17</runs>
            <runs>0 5 11 3 19 10 11 18 14</runs>
            <runs>0 4 11 4 19 10 11</runs>
            <runs>0 3 10 6 18 11 11</runs>
            <runs>0 2 10 7 18 11 12</runs>
            <runs>0 1 10 8 19 10 12</runs>
            <runs>0 1 9 8 13 17 18</runs>
            <runs>10 7 13 18 18 6 8</runs>
            <runs>10 6 12 20 19 2 11</runs>
            <runs>0 1 9 5 12 21 27</runs>
            <runs>0 2 23 23 26</runs>
            <runs>0 5 18 29 21</runs>
            <runs>0 5 17 31 19</runs>
            <runs>0 55 15</runs>
            <runs>0 57 11</runs>
        </run-table>
    </sample>
    <sample shape="G_CLEF" interline="15" pitch="0.8" left="295" top="1226" id="540">
        <run-table orientation="VERTICAL" width="42" height="102">
            <runs>0 50 2</runs>
            <runs>0 45 20</runs>
            <runs>0 45 22 20 8</runs>
            <runs>0 44 25 16 11</runs>
            <runs>0 43 28 13 13</runs>
            <runs>0 41 31 12 15</runs>
            <runs>0 39 38 6 17</runs>
            <runs>0 38 39 6 18</runs>
            <runs>0 37 20 12 8 6 19</runs>
            <runs>0 36 18 16 7 6 19</runs>
            <runs>0 31 22 30 19</runs>
            <runs>0 31 20 32 19</runs>
            <runs>0 31 19 33 14 1 4</runs>
            <runs>0 30 19 7 10 17 13 2 4</runs>
            <runs>0 30 19 5 17 13 11 3 4</runs>
            <runs>0 30 19 4 19 13 9 5 3</runs>
            <runs>0 30 35 3 4 15 6 6 3</runs>
            <runs>0 29 35 35 3</runs>
            <runs>0 28 16 1 19 34 4</runs>
            <runs>0 27 17 1 14 39 4</runs>
            <runs>0 16 28 1 14 39 3</runs>
            <runs>0 13 45 39 4</runs>
            <runs>0 10 48 39 4</runs>
            <runs>0 9 13 1 15 6 21 15 1 14 5</runs>
            <runs>0 7 14 2 14 9 35 11 7</runs>
            <runs>0 6 30 10 39 1 11</runs>
            <runs>0 5 10 3 18 10 12 9 29</runs>
            <runs>0 4 10 4 18 10 11 16 20</runs>
            <runs>0 3 10 4 18 11 12</runs>
            <runs>0 3 9 5 18 11 12</runs>
            <runs>0 2 9 6 18 11 12</runs>
            <runs>0 1 9 7 13 16 13</runs>
            <runs>10 6 13 17 18</runs>
            <runs>9 6 12 19 18 8 7</runs>
            <runs>11 2 12 21 20 4 9</runs>
            <runs>0 1 23 21 34</runs>
            <runs>0 4 17 30 28</runs>
            <runs>0 9 12 31 21</runs>
            <runs>0 53 19</runs>
            <runs>0 54 17</runs>
            <runs>0 57 12</runs>
            <runs>0 59 7</runs>
        </run-table>
    </sample>
    <sample shape="G_CLEF" interline="15" pitch="0.4" left="296" top="1819" id="649">
        <run-table orientation="VERTICAL" width="41" height="101">
            <runs>0 52 11</runs>
            <runs>0 45 19</runs>
            <runs>0 45 20</runs>
            <runs>0 44 24 19 8</runs>
            <runs>0 41 29 15 12</runs>
            <runs>0 40 17 2 12 13 14</runs>
            <runs>0 39 17 3 13 12 15</runs>
            <runs>0 38 15 15 10 6 16</runs>
            <runs>0 37 14 19 8 5 17</runs>
            <runs>0 31 19 33 17</runs>
            <runs>0 30 19 34 18</runs>
            <runs>0 30 19 34 18</runs>
            <runs>0 30 19 34 18</runs>
            <runs>0 30 19 8 2 24 14 1 3</runs>
            <runs>0 30 19 5 9 20 13 3 2</runs>
            <runs>0 30 19 3 11 21 11 4 2</runs>
            <runs>0 29 21 1 12 22 9 5 2</runs>
            <runs>0 28 15 2 18 24 5 7 2</runs>
            <runs>0 27 15 4 13 40 2</runs>
            <runs>0 16 26 4 12 40 3</runs>
            <runs>0 11 31 4 11 40 4</runs>
            <runs>0 10 11 2 35 39 4</runs>
            <runs>0 8 13 2 35 38 5</runs>
            <runs>0 6 15 1 15 8 19 32 4</runs>
            <runs>0 5 32 9 11 37 5</runs>
            <runs>0 4 11 3 18 10 10 12 12 12 6</runs>
            <runs>0 3 10 5 18 10 10 13 28</runs>
            <runs>0 2 10 6 18 10 11 12 2 1 24</runs>
            <runs>0 1 10 7 18 10 11 17 18</runs>
            <runs>10 7 19 10 11</runs>
            <runs>10 6 20 10 12</runs>
            <runs>9 7 13 17 19</runs>
            <runs>9 4 15 18 18</runs>
            <runs>24 22 17 8 7</runs>
            <runs>0 1 22 23 18 5 9</runs>
            <runs>0 4 17 25 32</runs>
            <runs>0 7 14 25 32</runs>
            <runs>0 51 22</runs>
            <runs>0 53 19</runs>
            <runs>0 55 16</runs>
            <runs>0 59 8</runs>
        </run-table>
    </sample>
    <sample shape="G_CLEF" interline="15" pitch="0.7" left="297" top="2000" id="654">
        <run-table orientation="VERTICAL" width="39" height="102">
            <runs>0 52 12</runs>
            <runs>0 45 23 20 7</runs>
            <runs>0 45 25 16 10</runs>
            <runs>0 44 27 14 12</runs>
            <runs>0 43 29 11 15</runs>
            <runs>0 41 32 9 17</runs>
            <runs>0 39 34 8 19</runs>
            <runs>0 38 18 10 7 8 19</runs>
            <runs>0 37 17 14 4 9 20</runs>
            <runs>0 36 16 18 3 8 21</runs>
            <runs>0 31 20 20 7 3 21</runs>
            <runs>0 31 19 31 21</runs>
            <runs>0 31 19 7 9 15 21</runs>
            <runs>0 31 18 5 13 15 14 1 2</runs>
            <runs>0 31 19 3 15 14 12 3 2</runs>
            <runs>0 31 19 2 17 14 9 6 1</runs>
            <runs>0 30 33 21 7 7 1</runs>
            <runs>0 30 14 2 17 35 1 1 1</runs>
            <runs>0 28 15 3 13 39 4</runs>
            <runs>0 27 15 4 12 40 4</runs>
            <runs>0 23 20 2 13 39 4</runs>
            <runs>0 14 44 37 5</runs>
            <runs>0 11 11 2 41 29 5</runs>
            <runs>0 9 12 3 14 7 20 28 6</runs>
            <runs>0 8 12 3 14 9 12 13 12 6 9</runs>
            <runs>0 7 13 2 14 10 12 14 25</runs>
            <runs>0 6 10 6 14 10 11 16 22</runs>
            <runs>0 5 9 3 19 10 12 22 9</runs>
            <runs>0 3 10 4 19 10 12</runs>
            <runs>0 2 10 5 18 11 13</runs>
            <runs>0 2 9 6 18 11 19</runs>
            <runs>0 1 10 6 13 17 18 7 2</runs>
            <runs>0 1 9 7 12 17 19 5 8</runs>
            <runs>9 7 11 19 32</runs>
            <runs>10 5 11 20 32</runs>
            <runs>0 1 10 2 12 26 27</runs>
            <runs>0 2 9 1 9 31 21</runs>
            <runs>0 5 15 34 18</runs>
            <runs>0 57 12</runs>
        </run-table>
    </sample>
    <sample shape="G_CLEF" interline="15" pitch="0.4" left="298" top="2134" id="656">
        <run-table orientation="VERTICAL" width="40" height="101">
            <runs>0 50 17 22 4</runs>
            <runs>0 47 21 18 10</runs>
            <runs>0 45 24 15 14</runs>
            <runs>0 43 29 11 16</runs>
            <runs>0 42 31 6 21</runs>
            <runs>0 41 22 1 10 5 21</runs>
            <runs>0 40 19 5 10 5 22</runs>
            <runs>0 35 20 9 10 6 21</runs>
            <runs>0 35 19 16 4 6 21</runs>
            <runs>0 35 19 18 3 5 21</runs>
            <runs>0 35 19 18 3 4 22</runs>
            <runs>0 35 19 7 7 5 2 3 22</runs>
            <runs>0 35 14 7 14 9 21</runs>
            <runs>0 34 14 7 16 3 2 7 13 1 3</runs>
            <runs>0 34 13 3 22 2 2 9 10 2 3</runs>
            <runs>0 33 14 3 18 6 3 11 5 4 3</runs>
            <runs>0 31 14 5 12 12 3 20 3</runs>
            <runs>0 31 13 6 10 15 2 20 3</runs>
            <runs>0 29 15 6 10 15 3 19 3</runs>
            <runs>0 21 23 5 10 16 3 18 4</runs>
            <runs>0 16 43 16 7 14 3</runs>
            <runs>0 13 46 16 7 13 4</runs>
            <runs>0 12 29 1 26 7 7 12 4</runs>
            <runs>0 10 30 7 36 8 7</runs>
            <runs>0 9 10 3 18 8 49</runs>
            <runs>0 7 10 5 18 8 11 5 31</runs>
            <runs>0 6 10 6 18 8 10 17 12</runs>
            <runs>0 5 9 8 18 9 9 17 2</runs>
            <runs>0 4 9 8 14 14 10 15 2</runs>
            <runs>0 3 9 8 14 15 11 13 3</runs>
            <runs>0 2 10 7 14 17 11 11 4</runs>
            <runs>0 1 10 7 13 19 12 9 5</runs>
            <runs>0 1 10 6 12 21 18 1 7</runs>
            <runs>10 6 11 23 26</runs>
            <runs>26 25 24</runs>
            <runs>0 3 22 26 23</runs>
            <runs>0 7 18 26 22</runs>
            <runs>0 51 21</runs>
            <runs>0 57 13</runs>
            <runs>0 59 10</runs>
        </run-table>
    </sample>
    <sample shape="G_CLEF" interline="15" pitch="0.3" left="299" top="2546" id="688">
        <run-table orientation="VERTICAL" width="40" height="101">
            <runs>0 46 18 24 4</runs>
            <runs>0 21 2 23 20 20 9</runs>
            <runs>0 21 2 22 23 17 11</runs>
            <runs>0 21 2 20 26 14 15</runs>
            <runs>0 21 2 18 30 11 16</runs>
            <runs>0 40 31 11 17</runs>
            <runs>0 39 18 10 5 10 18</runs>
            <runs>0 38 16 15 5 8 18</runs>
            <runs>0 32 20 19 7 4 18</runs>
            <runs>0 32 19 31 19</runs>
            <runs>0 32 18 32 14 1 4</runs>
            <runs>0 31 19 8 2 22 13 2 4</runs>
            <runs>0 31 19 6 12 15 12 3 3</runs>
            <runs>0 31 19 5 15 14 10 4 3</runs>
            <runs>0 31 19 3 17 15 6 7 3</runs>
            <runs>0 30 34 34 3</runs>
            <runs>0 29 16 1 18 34 3</runs>
            <runs>0 29 15 2 13 38 3</runs>
            <runs>0 28 15 3 13 38 3</runs>
            <runs>0 27 15 4 12 38 4</runs>
            <runs>0 15 42 38 4</runs>
            <runs>0 12 46 36 4</runs>
            <runs>0 10 55 3 3 21 5</runs>
            <runs>0 9 29 5 22 2 29</runs>
            <runs>0 7 30 7 21 2 28</runs>
            <runs>0 5 11 1 20 9 11 14 20</runs>
            <runs>0 3 10 5 19 9 11 18 9</runs>
            <runs>0 2 10 6 19 9 11</runs>
            <runs>0 2 9 7 19 9 12</runs>
            <runs>0 1 9 7 20 10 11</runs>
            <runs>10 7 13 17 17 8 7</runs>
            <runs>9 7 12 19 17 7 8</runs>
            <runs>9 6 12 20 18 2 11</runs>
            <runs>9 4 13 20 19 1 8</runs>
            <runs>24 21 29</runs>
            <runs>23 24 25</runs>
            <runs>0 3 18 26 24</runs>
            <runs>0 9 7 37 16</runs>
            <runs>0 55 12</runs>
            <runs>0 57 8</runs>
        </run-table>
    </sample>
    <sample shape="G_CLEF" interline="15" pitch="0.4" left="300" top="2716" id="693">
        <run-table orientation="VERTICAL" width="41" height="103">
            <runs>0 54 10 26 4</runs>
            <runs>0 47 18 21 10</runs>
            <runs>0 47 22 16 13</runs>
            <runs>0 46 25 14 13</runs>
            <runs>0 44 28 12 16</runs>
            <runs>0 42 31 11 17</runs>
            <runs>0 41 33 9 19</runs>
            <runs>0 40 24 5 10 4 19</runs>
            <runs>0 39 17 15 8 4 20</runs>
            <runs>0 38 17 18 1 9 20</runs>
            <runs>0 32 21 30 14 2 4</runs>
            <runs>0 32 20 32 13 2 4</runs>
            <runs>0 32 19 34 11 3 4</runs>
            <runs>0 32 19 7 11 17 9 5 3</runs>
            <runs>0 32 19 3 18 15 6 6 4</runs>
            <runs>0 32 19 3 14 1 3 27 4</runs>
            <runs>0 31 34 34 4</runs>
            <runs>0 30 36 33 4</runs>
            <runs>0 29 17 1 19 33 3</runs>
            <runs>0 29 16 2 13 38 4</runs>
            <runs>0 28 17 2 12 38 4</runs>
            <runs>0 18 41 38 4</runs>
            <runs>0 14 52 27 7</runs>
            <runs>0 12 54 1 6 1 7 11 7</runs>
            <runs>0 11 86</runs>
            <runs>0 9 30 8 20 1 27</runs>
            <runs>0 8 10 1 19 10 11 17 12</runs>
            <runs>0 7 9 4 17 11 11</runs>
            <runs>0 6 9 5 17 11 11</runs>
            <runs>0 5 9 6 17 11 11</runs>
            <runs>0 4 9 7 17 11 12</runs>
            <runs>0 3 9 7 18 11 18</runs>
            <runs>0 2 10 7 13 16 18 7 7</runs>
            <runs>0 2 9 8 11 18 18 5 9</runs>
            <runs>0 2 9 8 10 19 32</runs>
            <runs>0 1 10 5 11 21 32</runs>
            <runs>11 4 11 22 26</runs>
            <runs>0 1 12 1 10 29 20</runs>
            <runs>0 1 22 31 17</runs>
            <runs>0 1 22 34 12</runs>
            <runs>0 5 2 6 10 35 2 1 7</runs>
        </run-table>
    </sample>
    <sample shape="C_CLEF" interline="15" left="291" top="844" id="0">
        <run-table orientation="VERTICAL" width="39" height="65">
            <runs>0 2 2 2 14 5 2 25 12</runs>
            <runs>0 1 63</runs>
            <runs>65</runs>
            <runs>65</runs>
            <runs>65</runs>
            <runs>65</runs>
            <runs>0 1 64</runs>
            <runs>0 1 64</runs>
            <runs>0 1 64</runs>
            <runs>0 1 51 3 3</runs>
            <runs>0 1 21 5 13</runs>
            <runs>0 1 14 13 11</runs>
            <runs>0 28 10</runs>
            <runs>0 28 10</runs>
            <runs>0 27 11</runs>
            <runs>0 6 4 16 13 16 10</runs>
            <runs>0 4 8 13 14 14 12</runs>
            <runs>0 3 9 13 15 12 13</runs>
            <runs>0 2 11 12 16 11 13</runs>
            <runs>0 1 12 11 18 10 13</runs>
            <runs>13 10 20 9 13</runs>
            <runs>13 5 26 8 6</runs>
            <runs>13 5 26</runs>
            <runs>6 16 9 1 12</runs>
            <runs>0 1 4 20 6 1 11</runs>
            <runs>0 1 4 20 6 1 8</runs>
            <runs>0 1 4 21 5 1 6</runs>
            <runs>0 1 3 21 6 1 6</runs>
            <runs>0 1 2 22 6 1 6</runs>
            <runs>0 4 2 19 6 1 6</runs>
            <runs>0 3 5 15 7 2 7 19 7</runs>
            <runs>0 3 26 3 8 15 10</runs>
            <runs>0 4 24 4 11 3 19</runs>
            <runs>0 4 23 4 34</runs>
            <runs>0 5 21 5 34</runs>
            <runs>0 7 18 6 28</runs>
            <runs>0 10 13 15 20</runs>
            <runs>0 14 7 19 16</runs>
            <runs>0 42 12</runs>
        </run-table>
    </sample>
    <sample shape="C_CLEF" interline="15" left="295" top="1409" id="0">
        <run-table orientation="VERTICAL" width="39" height="65">
            <runs>0 52 2 3 2</runs>
            <runs>0 8 2 2 3 1 7 7 33</runs>
            <runs>0 1 63</runs>
            <runs>0 1 63</runs>
            <runs>64</runs>
            <runs>0 1 63</runs>
            <runs>0 1 63</runs>
            <runs>0 1 63</runs>
            <runs>0 1 63</runs>
            <runs>0 1 63</runs>
            <runs>0 1 40</runs>
            <runs>0 29 9</runs>
            <runs>0 29 8</runs>
            <runs>0 29 8</runs>
            <runs>0 28 10</runs>
            <runs>0 27 12 14 10</runs>
            <runs>0 2 9 15 13 13 11</runs>
            <runs>0 2 9 14 15 12 11</runs>
            <runs>0 2 10 13 15 11 12</runs>
            <runs>0 2 10 12 17 11 11</runs>
            <runs>0 1 11 11 19 10 12</runs>
            <runs>0 1 11 10 12 1 8 10 5</runs>
            <runs>0 1 10 10 9 5 9</runs>
            <runs>0 23 7 1 13</runs>
            <runs>0 24 5 2 9</runs>
            <runs>0 25 5 1 8</runs>
            <runs>0 25 5 1 7</runs>
            <runs>0 25 5 1 7</runs>
            <runs>0 25 13</runs>
            <runs>0 24 14 20 7</runs>
            <runs>0 16 22 18 9</runs>
            <runs>0 1 10 5 14 1 8 15 11</runs>
            <runs>0 1 28 2 34</runs>
            <runs>0 2 26 3 33</runs>
            <runs>0 2 25 4 33</runs>
            <runs>0 2 24 11 27</runs>
            <runs>0 10 14 15 18</runs>
            <runs>0 14 7 19 14</runs>
            <runs>0 44 7</runs>
        </run-table>
    </sample>
    <sample shape="C_CLEF" interline="15" left="300" top="2901" id="0">
        <run-table orientation="VERTICAL" width="37" height="64">
            <runs>0 10 10 4 2 3 34</runs>
            <runs>64</runs>
            <runs>64</runs>
            <runs>63</runs>
            <runs>63</runs>
            <runs>63</runs>
            <runs>64</runs>
            <runs>64</runs>
            <runs>64</runs>
            <runs>40</runs>
            <runs>0 30 7</runs>
            <runs>0 29 8</runs>
            <runs>0 29 8</runs>
            <runs>0 28 10</runs>
            <runs>0 27 12</runs>
            <runs>0 26 13 14 10</runs>
            <runs>0 4 7 14 15 12 11</runs>
            <runs>0 1 10 14 15 12 11</runs>
            <runs>0 1 11 12 17 11 11</runs>
            <runs>0 1 11 11 11 1 7 10 12</runs>
            <runs>11 11 8 6 7 10 11</runs>
            <runs>11 11 7 7 8 9 3</runs>
            <runs>10 13 6 6 8</runs>
            <runs>0 24 5 5 8</runs>
            <runs>0 25 4 2 9</runs>
            <runs>0 25 4 2 7</runs>
            <runs>0 25 4 2 7</runs>
            <runs>0 25 4 2 7</runs>
            <runs>0 24 5 2 7</runs>
            <runs>0 1 7 15 7 1 7</runs>
            <runs>0 1 10 5 13 2 8 16 8</runs>
            <runs>0 1 27 3 11 8 13</runs>
            <runs>0 1 26 8 28</runs>
            <runs>0 1 25 10 27</runs>
            <runs>0 7 18 13 20</runs>
            <runs>0 12 11 16 18</runs>
            <runs>0 41 12</runs>
        </run-table>
    </sample>
    <sample shape="F_CLEF" interline="15" pitch="-1.8" left="297" top="1577" id="558">
        <run-table orientation="VERTICAL" width="45" height="48">
            <runs>0 12 7</runs>
            <runs>0 9 11</runs>
            <runs>0 7 14</runs>
            <runs>0 6 16</runs>
            <runs>0 5 18</runs>
            <runs>23</runs>
            <runs>24</runs>
            <runs>24</runs>
            <runs>24</runs>
            <runs>24</runs>
            <runs>0 4 2 2 16</runs>
            <runs>0 8 16</runs>
            <runs>0 8 16</runs>
            <runs>0 9 14</runs>
            <runs>0 10 13 18 1</runs>
            <runs>0 12 10 18 8</runs>
            <runs>0 13 8 17 10</runs>
            <runs>0 37 11</runs>
            <runs>0 35 7</runs>
            <runs>0 30 11</runs>
            <runs>0 29 11</runs>
            <runs>9 19 11</runs>
            <runs>13 10 16</runs>
            <runs>39</runs>
            <runs>38</runs>
            <runs>37</runs>
            <runs>36</runs>
            <runs>34</runs>
            <runs>33</runs>
            <runs>33</runs>
            <runs>0 5 28</runs>
            <runs>0 6 22</runs>
            <runs>0 8 17</runs>
            <runs>0 10 13</runs>
            <runs>8</runs>
            <runs>9</runs>
            <runs>10</runs>
            <runs>10 9 5</runs>
            <runs>10 5 10</runs>
            <runs>10 5 10</runs>
            <runs>10 5 10</runs>
            <runs>9 5 11</runs>
            <runs>8 6 11</runs>
            <runs>0 19 5</runs>
            <runs>0 21 2</runs>
        </run-table>
    </sample>
    <sample shape="F_CLEF" interline="15" pitch="-1.8" left="299" top="2341" id="667">
        <run-table orientation="VERTICAL" width="44" height="51">
            <runs>0 13 2 34 2</runs>
            <runs>0 9 10 29 3</runs>
            <runs>0 7 13 28 2</runs>
            <runs>0 5 16 27 2</runs>
            <runs>0 1 22 25 2</runs>
            <runs>0 1 22</runs>
            <runs>0 1 22</runs>
            <runs>0 1 22</runs>
            <runs>0 1 23</runs>
            <runs>0 1 23</runs>
            <runs>0 7 17</runs>
            <runs>0 7 17 17 7</runs>
            <runs>0 8 15 17 8</runs>
            <runs>0 9 14 16 9</runs>
            <runs>0 10 11 17 10</runs>
            <runs>0 12 8 18 10</runs>
            <runs>0 36 7</runs>
            <runs>0 35 7</runs>
            <runs>0 29 12</runs>
            <runs>0 29 11</runs>
            <runs>0 28 11</runs>
            <runs>9 16 14</runs>
            <runs>38</runs>
            <runs>37</runs>
            <runs>0 1 35</runs>
            <runs>0 1 34</runs>
            <runs>0 1 33</runs>
            <runs>0 1 33</runs>
            <runs>0 1 33</runs>
            <runs>0 1 33</runs>
            <runs>0 1 33</runs>
            <runs>0 6 21</runs>
            <runs>0 8 18</runs>
            <runs>0 12 10</runs>
            <runs></runs>
            <runs></runs>
            <runs>0 1 9</runs>
            <runs>0 1 10 5 11</runs>
            <runs>0 1 10 5 11</runs>
            <runs>0 1 10 5 11</runs>
            <runs>0 1 10 5 11</runs>
            <runs>0 1 9 6 11</runs>
            <runs>0 1 9 6 10</runs>
            <runs>0 1 8 12 4</runs>
        </run-table>
    </sample>
    <sample shape="FLAT" interline="15" pitch="-1.0" left="340" top="295" id="564">
        <run-table orientation="VERTICAL" width="15" height="41">
            <runs>0 3 3 1 12</runs>
            <runs>33</runs>
            <runs>41</runs>
            <runs>41</runs>
            <runs>0 23 9 3 6</runs>
            <runs>0 22 10 3 4</runs>
            <runs>0 21 5 8 4</runs>
            <runs>0 21 5 2 9</runs>
            <runs>0 21 15</runs>
            <runs>0 21 14</runs>
            <runs>0 21 13</runs>
            <runs>0 21 12</runs>
            <runs>0 22 11</runs>
            <runs>0 23 9</runs>
            <runs>0 24 8</runs>
        </run-table>
    </sample>
    <sample shape="FLAT" interline="15" pitch="-3.8" left="351" top="275" id="565">
        <run-table orientation="VERTICAL" width="16" height="39">
            <runs>0 1 8</runs>
            <runs>26</runs>
            <runs>31</runs>
            <runs>0 18 21</runs>
            <runs>0 20 19</runs>
            <runs>0 24 2 4 9</runs>
            <runs>0 30 7</runs>
            <runs>0 28 9</runs>
            <runs>0 26 6</runs>
            <runs>0 17 15</runs>
            <runs>0 17 14</runs>
            <runs>0 17 13</runs>
            <runs>0 17 12</runs>
            <runs>0 18 10</runs>
            <runs>0 18 9</runs>
            <runs>0 19 7</runs>
        </run-table>
    </sample>
    <sample shape="FLAT" interline="15" pitch="0.5" left="365" top="308" id="569">
        <run-table orientation="VERTICAL" width="14" height="34">
            <runs>13</runs>
            <runs>34</runs>
            <runs>34</runs>
            <runs>0 15 19</runs>
            <runs>0 16 18</runs>
            <runs>0 20 2 5 6</runs>
            <runs>0 26 7</runs>
            <runs>0 24 9</runs>
            <runs>0 14 19</runs>
            <runs>0 14 19</runs>
            <runs>0 14 14</runs>
            <runs>0 16 12</runs>
            <runs>0 16 11</runs>
            <runs>0 16 9</runs>
        </run-table>
    </sample>
    <sample shape="FLAT" interline="15" pitch="-2.0" left="379" top="286" id="571">
        <run-table orientation="VERTICAL" width="13" height="46">
            <runs>29 9 8</runs>
            <runs>44</runs>
            <runs>0 17 23</runs>
            <runs>0 20 20</runs>
            <runs>0 19 8 3 6</runs>
            <runs>0 19 8 2 6</runs>
            <runs>0 18 16</runs>
            <runs>0 17 16</runs>
            <runs>0 17 16</runs>
            <runs>0 17 15</runs>
            <runs>0 18 13</runs>
            <runs>0 19 11</runs>
            <runs>0 20 9</runs>
        </run-table>
    </sample>
    <sample shape="FLAT" interline="15" pitch="-0.8" left="341" top="485" id="574">
        <run-table orientation="VERTICAL" width="15" height="41">
            <runs>19</runs>
            <runs>37</runs>
            <runs>41</runs>
            <runs>0 11 8 2 20</runs>
            <runs>0 23 18</runs>
            <runs>0 22 11 1 6</runs>
            <runs>0 22 6 1 10</runs>
            <runs>0 21 16</runs>
            <runs>0 21 15</runs>
            <runs>0 21 15</runs>
            <runs>0 21 14</runs>
            <runs>0 22 12</runs>
            <runs>0 22 11</runs>
            <runs>0 23 10</runs>
            <runs>0 25 8</runs>
        </run-table>
    </sample>
    <sample shape="FLAT" interline="15" pitch="-3.3" left="356" top="468" id="579">
        <run-table orientation="VERTICAL" width="10" height="36">
            <runs>27</runs>
            <runs>0 7 29</runs>
            <runs>0 15 21</runs>
            <runs>0 16 19</runs>
            <runs>0 17 18</runs>
            <runs>0 28 6</runs>
            <runs>0 27 8</runs>
            <runs>0 17 7 1 10</runs>
            <runs>0 17 17</runs>
            <runs>0 17 17</runs>
        </run-table>
    </sample>
    <sample shape="FLAT" interline="15" pitch="-0.1" left="366" top="485" id="581">
        <run-table orientation="VERTICAL" width="14" height="49">
            <runs>33</runs>
            <runs>46</runs>
            <runs>49</runs>
            <runs>9 15 25</runs>
            <runs>0 28 20</runs>
            <runs>0 28 19</runs>
            <runs>0 28 8 4 6</runs>
            <runs>0 28 7 1 10</runs>
            <runs>0 28 18</runs>
            <runs>0 28 18</runs>
            <runs>0 28 18</runs>
            <runs>0 28 13</runs>
            <runs>0 28 12</runs>
            <runs>0 28 12</runs>
        </run-table>
    </sample>
    <sample shape="FLAT" interline="15" pitch="-2.8" left="378" top="472" id="576">
        <run-table orientation="VERTICAL" width="16" height="39">
            <runs>4</runs>
            <runs>16</runs>
            <runs>33 2 2</runs>
            <runs>0 1 37</runs>
            <runs>0 3 36</runs>
            <runs>0 20 18</runs>
            <runs>0 20 10 3 3</runs>
            <runs>0 19 6 1 9</runs>
            <runs>0 19 6 1 8</runs>
            <runs>0 19 14</runs>
            <runs>0 19 14</runs>
            <runs>0 19 13</runs>
            <runs>0 19 12</runs>
            <runs>0 20 11</runs>
            <runs>0 20 10</runs>
            <runs>0 21 9</runs>
        </run-table>
    </sample>
    <sample shape="FLAT" interline="15" pitch="-0.1" left="342" top="646" id="584">
        <run-table orientation="VERTICAL" width="14" height="43">
            <runs>18</runs>
            <runs>31</runs>
            <runs>0 1 42</runs>
            <runs>0 20 23</runs>
            <runs>0 21 22</runs>
            <runs>0 20 8 3 12</runs>
            <runs>0 20 8 4 5</runs>
            <runs>0 19 17</runs>
            <runs>0 19 16</runs>
            <runs>0 19 15</runs>
            <runs>0 19 14</runs>
            <runs>0 20 13</runs>
            <runs>0 20 12</runs>
            <runs>0 21 9</runs>
        </run-table>
    </sample>
    <sample shape="FLAT" interline="15" pitch="-3.7" left="356" top="619" id="585">
        <run-table orientation="VERTICAL" width="15" height="40">
            <runs>0 2 4</runs>
            <runs>26 9 2</runs>
            <runs>40</runs>
            <runs>0 4 36</runs>
            <runs>0 20 20</runs>
            <runs>0 21 19</runs>
            <runs>0 21 8 3 8</runs>
            <runs>0 20 7 3 10</runs>
            <runs>0 20 20</runs>
            <runs>0 20 20</runs>
            <runs>0 20 20</runs>
            <runs>0 20 14</runs>
            <runs>0 20 13</runs>
            <runs>0 20 12</runs>
            <runs>0 21 10</runs>
        </run-table>
    </sample>
    <sample shape="FLAT" interline="15" pitch="-1.6" left="345" top="855" id="589">
        <run-table orientation="VERTICAL" width="15" height="39">
            <runs>25</runs>
            <runs>39</runs>
            <runs>39</runs>
            <runs>0 19 20</runs>
            <runs>0 20 19</runs>
            <runs>0 20 7 5 7</runs>
            <runs>0 19 7 4 9</runs>
            <runs>0 19 6 4 10</runs>
            <runs>0 19 6 1 13</runs>
            <runs>0 19 20</runs>
            <runs>0 19 15</runs>
            <runs>0 19 14</runs>
            <runs>0 19 11</runs>
            <runs>0 19 10</runs>
            <runs>0 19 8</runs>
        </run-table>
    </sample>
    <sample shape="FLAT" interline="15" pitch="-4.5" left="358" top="834" id="594">
        <run-table orientation="VERTICAL" width="15" height="45">
            <runs>30</runs>
            <runs>36</runs>
            <runs>0 1 38</runs>
            <runs>0 11 28</runs>
            <runs>0 20 10 1 7</runs>
            <runs>0 20 10 3 4</runs>
            <runs>0 19 6 6 4</runs>
            <runs>0 19 6 1 9</runs>
            <runs>0 19 15</runs>
            <runs>0 19 14</runs>
            <runs>0 19 13</runs>
            <runs>0 19 12</runs>
            <runs>0 19 11</runs>
            <runs>0 20 10 1 2 4 7</runs>
            <runs>0 23 22</runs>
        </run-table>
    </sample>
    <sample shape="FLAT" interline="15" pitch="-0.2" left="373" top="859" id="596">
        <run-table orientation="VERTICAL" width="12" height="49">
            <runs>21 15 13</runs>
            <runs>0 11 38</runs>
            <runs>0 15 34</runs>
            <runs>0 25 24</runs>
            <runs>0 26 17</runs>
            <runs>0 25 9 2 5</runs>
            <runs>0 25 9 1 5</runs>
            <runs>0 24 16</runs>
            <runs>0 24 15</runs>
            <runs>0 24 14</runs>
            <runs>0 24 14</runs>
            <runs>0 24 13</runs>
        </run-table>
    </sample>
    <sample shape="FLAT" interline="15" pitch="-3.9" left="384" top="836" id="591">
        <run-table orientation="VERTICAL" width="16" height="44">
            <runs>0 1 16</runs>
            <runs>43</runs>
            <runs>43</runs>
            <runs>0 1 43</runs>
            <runs>0 20 24</runs>
            <runs>0 23 21</runs>
            <runs>0 24 9 2 9</runs>
            <runs>0 22 11 1 9</runs>
            <runs>0 21 22</runs>
            <runs>0 20 23</runs>
            <runs>0 20 23</runs>
            <runs>0 20 17</runs>
            <runs>0 21 15</runs>
            <runs>0 22 13</runs>
            <runs>0 23 11</runs>
            <runs>0 24 9</runs>
        </run-table>
    </sample>
    <sample shape="FLAT" interline="15" pitch="-0.9" left="346" top="1091" id="599">
        <run-table orientation="VERTICAL" width="16" height="40">
            <runs>20</runs>
            <runs>39</runs>
            <runs>40</runs>
            <runs>40</runs>
            <runs>0 21 18</runs>
            <runs>0 21 5 2 10</runs>
            <runs>0 20 5 3 9</runs>
            <runs>0 20 5 3 8</runs>
            <runs>0 19 6 2 7</runs>
            <runs>0 19 14</runs>
            <runs>0 19 14</runs>
            <runs>0 19 12</runs>
            <runs>0 19 12</runs>
            <runs>0 20 11</runs>
            <runs>0 21 10</runs>
            <runs>0 23 8</runs>
        </run-table>
    </sample>
    <sample shape="FLAT" interline="15" pitch="-3.9" left="360" top="1070" id="604">
        <run-table orientation="VERTICAL" width="12" height="39">
            <runs>23</runs>
            <runs>38</runs>
            <runs>39</runs>
            <runs>0 8 5 1 24</runs>
            <runs>0 19 18</runs>
            <runs>0 19 7 6 6</runs>
            <runs>0 19 6 6 7</runs>
            <runs>0 19 6 1 12</runs>
            <runs>0 19 13</runs>
            <runs>0 19 12</runs>
            <runs>0 19 12</runs>
            <runs>0 19 11</runs>
        </run-table>
    </sample>
    <sample shape="FLAT" interline="15" pitch="-0.0" left="372" top="1089" id="606">
        <run-table orientation="VERTICAL" width="16" height="49">
            <runs>34</runs>
            <runs>0 1 47</runs>
            <runs>0 1 7 1 39</runs>
            <runs>0 27 22</runs>
            <runs>0 29 19</runs>
            <runs>0 41 7</runs>
            <runs>0 40 8</runs>
            <runs>0 39 8</runs>
            <runs>0 28 19</runs>
            <runs>0 28 19</runs>
            <runs>0 28 14</runs>
            <runs>0 28 14</runs>
            <runs>0 29 12</runs>
            <runs>0 29 11</runs>
            <runs>0 29 9</runs>
            <runs>0 29 7</runs>
        </run-table>
    </sample>
    <sample shape="FLAT" interline="15" pitch="-2.6" left="388" top="1078" id="601">
        <run-table orientation="VERTICAL" width="14" height="39">
            <runs>0 1 21 2 2</runs>
            <runs>38</runs>
            <runs>39</runs>
            <runs>0 18 21</runs>
            <runs>0 20 18</runs>
            <runs>0 20 11 2 4</runs>
            <runs>0 19 6 1 10</runs>
            <runs>0 19 5 2 10</runs>
            <runs>0 19 5 2 9</runs>
            <runs>0 19 15</runs>
            <runs>0 19 14</runs>
            <runs>0 19 13</runs>
            <runs>0 20 12</runs>
            <runs>0 21 10</runs>
        </run-table>
    </sample>
    <sample shape="FLAT" interline="15" pitch="-0.8" left="345" top="1243" id="609">
        <run-table orientation="VERTICAL" width="16" height="41">
            <runs>22</runs>
            <runs>33</runs>
            <runs>35 2 3</runs>
            <runs>0 13 28</runs>
            <runs>0 24 8 2 7</runs>
            <runs>0 23 9 3 6</runs>
            <runs>0 23 4 7 6</runs>
            <runs>0 22 5 2 9</runs>
            <runs>0 22 15</runs>
            <runs>0 22 14</runs>
            <runs>0 22 14</runs>
            <runs>0 23 11</runs>
            <runs>0 22 10</runs>
            <runs>0 23 8</runs>
            <runs>0 25 3</runs>
            <runs>0 26 2</runs>
        </run-table>
    </sample>
    <sample shape="FLAT" interline="15" pitch="-3.8" left="361" top="1223" id="615">
        <run-table orientation="VERTICAL" width="12" height="38">
            <runs>26 2 3</runs>
            <runs>38</runs>
            <runs>38</runs>
            <runs>0 19 18</runs>
            <runs>0 19 9 2 7</runs>
            <runs>0 19 7 3 8</runs>
            <runs>0 27 9</runs>
            <runs>0 18 18</runs>
            <runs>0 18 14</runs>
            <runs>0 18 14</runs>
            <runs>0 18 13</runs>
            <runs>0 19 18</runs>
        </run-table>
    </sample>
    <sample shape="FLAT" interline="15" pitch="-0.3" left="373" top="1242" id="619">
        <run-table orientation="VERTICAL" width="14" height="47">
            <runs>19 15 1</runs>
            <runs>36</runs>
            <runs>0 13 7 4 23</runs>
            <runs>0 28 19</runs>
            <runs>0 35 3</runs>
            <runs></runs>
            <runs></runs>
            <runs>0 39 8</runs>
            <runs>0 27 15</runs>
            <runs>0 27 14</runs>
            <runs>0 27 13</runs>
            <runs>0 27 13</runs>
            <runs>0 28 11</runs>
            <runs>0 28 10</runs>
        </run-table>
    </sample>
    <sample shape="FLAT" interline="15" pitch="-2.6" left="387" top="1232" id="612">
        <run-table orientation="VERTICAL" width="15" height="38">
            <runs>15</runs>
            <runs>35</runs>
            <runs>37</runs>
            <runs>0 2 3 15 18</runs>
            <runs>0 21 8 3 5</runs>
            <runs>0 20 8 4 4</runs>
            <runs>0 19 4 8 4</runs>
            <runs>0 19 4 7 4</runs>
            <runs>0 19 4 1 10</runs>
            <runs>0 18 14</runs>
            <runs>0 18 13</runs>
            <runs>0 19 12</runs>
            <runs>0 19 12</runs>
            <runs>0 20 9</runs>
            <runs>0 20 9</runs>
        </run-table>
    </sample>
    <sample shape="FLAT" interline="15" pitch="0.2" left="347" top="1420" id="626">
        <run-table orientation="VERTICAL" width="16" height="38">
            <runs>12</runs>
            <runs>16 3 10</runs>
            <runs>16 3 19</runs>
            <runs>0 1 9 9 19</runs>
            <runs>0 20 18</runs>
            <runs>0 20 7</runs>
            <runs>0 20 7 4 7</runs>
            <runs>0 20 7 3 8</runs>
            <runs>0 19 8 2 9</runs>
            <runs>0 19 19</runs>
            <runs>0 18 13</runs>
            <runs>0 18 12</runs>
            <runs>0 18 12</runs>
            <runs>0 18 11</runs>
            <runs>0 19 9</runs>
            <runs>0 19 7</runs>
        </run-table>
    </sample>
    <sample shape="FLAT" interline="15" pitch="-2.9" left="361" top="1398" id="629">
        <run-table orientation="VERTICAL" width="15" height="39">
            <runs>0 1 18</runs>
            <runs>24</runs>
            <runs>0 1 30 2 4</runs>
            <runs>0 2 29 1 7</runs>
            <runs>0 20 11 1 7</runs>
            <runs>0 21 10 2 5</runs>
            <runs>0 20 5 8 4</runs>
            <runs>0 19 5 2 9</runs>
            <runs>0 19 6 1 8</runs>
            <runs>0 19 15</runs>
            <runs>0 19 14</runs>
            <runs>0 19 13</runs>
            <runs>0 20 11</runs>
            <runs>0 21 10</runs>
            <runs>0 22 9</runs>
        </run-table>
    </sample>
    <sample shape="FLAT" interline="15" pitch="1.6" left="376" top="1423" id="631">
        <run-table orientation="VERTICAL" width="11" height="49">
            <runs>28</runs>
            <runs>0 1 47</runs>
            <runs>0 14 34</runs>
            <runs>0 25 24</runs>
            <runs>0 25 24</runs>
            <runs>0 25 9 3 5</runs>
            <runs>0 24 10 2 5</runs>
            <runs>0 24 16</runs>
            <runs>0 23 17</runs>
            <runs>0 23 16</runs>
            <runs>0 23 15</runs>
        </run-table>
    </sample>
    <sample shape="FLAT" interline="15" pitch="-2.1" left="386" top="1403" id="625">
        <run-table orientation="VERTICAL" width="16" height="39">
            <runs>13</runs>
            <runs>29</runs>
            <runs>39</runs>
            <runs>39</runs>
            <runs>0 20 19</runs>
            <runs>0 20 8 4 7</runs>
            <runs>0 19 7 5 8</runs>
            <runs>0 19 7 4 9</runs>
            <runs>0 19 7 3 5</runs>
            <runs>0 19 14</runs>
            <runs>0 19 13</runs>
            <runs>0 19 13</runs>
            <runs>0 19 12</runs>
            <runs>0 19 11</runs>
            <runs>0 20 10</runs>
            <runs>0 21 9</runs>
        </run-table>
    </sample>
    <sample shape="FLAT" interline="15" pitch="1.3" left="348" top="1592" id="634">
        <run-table orientation="VERTICAL" width="16" height="40">
            <runs>11 1 7</runs>
            <runs>36</runs>
            <runs>40</runs>
            <runs>0 22 18</runs>
            <runs>0 23 10 2 5</runs>
            <runs>0 22 5 8 4</runs>
            <runs>0 21 4 9 4</runs>
            <runs>0 21 4 4 8</runs>
            <runs>0 21 5 3 7</runs>
            <runs>0 20 14</runs>
            <runs>0 20 14</runs>
            <runs>0 20 13</runs>
            <runs>0 21 11</runs>
            <runs>0 21 11</runs>
            <runs>0 22 9</runs>
            <runs>0 25 3</runs>
        </run-table>
    </sample>
    <sample shape="FLAT" interline="15" pitch="-1.9" left="362" top="1569" id="637">
        <run-table orientation="VERTICAL" width="14" height="41">
            <runs>31</runs>
            <runs>41</runs>
            <runs>0 1 40</runs>
            <runs>0 21 19</runs>
            <runs>0 21 9 4 6</runs>
            <runs>0 20 7 5 8</runs>
            <runs>0 20 6 5 9</runs>
            <runs>0 20 14</runs>
            <runs>0 20 13</runs>
            <runs>0 20 13</runs>
            <runs>0 20 12</runs>
            <runs>0 20 11</runs>
            <runs>0 21 9</runs>
            <runs>0 21 14</runs>
        </run-table>
    </sample>
    <sample shape="FLAT" interline="15" pitch="2.3" left="376" top="1599" id="639">
        <run-table orientation="VERTICAL" width="14" height="39">
            <runs>26</runs>
            <runs>0 4 35</runs>
            <runs>0 18 21</runs>
            <runs>0 19 20</runs>
            <runs>0 19 7 5 8</runs>
            <runs>0 19 6 5 9</runs>
            <runs>0 19 6 4 10</runs>
            <runs>0 18 7 2 7</runs>
            <runs>0 17 16</runs>
            <runs>0 18 14</runs>
            <runs>0 19 12</runs>
            <runs>0 19 11</runs>
            <runs>0 20 9</runs>
            <runs>0 20 8</runs>
        </run-table>
    </sample>
    <sample shape="FLAT" interline="15" pitch="-0.8" left="350" top="1836" id="735">
        <run-table orientation="VERTICAL" width="16" height="40">
            <runs>19</runs>
            <runs>40</runs>
            <runs>40</runs>
            <runs>0 13 27</runs>
            <runs>0 22 17</runs>
            <runs>0 22 16</runs>
            <runs>0 21 4 4 8</runs>
            <runs>0 20 4 4 7</runs>
            <runs>0 18 7 2 7</runs>
            <runs>0 18 15</runs>
            <runs>0 19 14</runs>
            <runs>0 20 12</runs>
            <runs>0 20 12</runs>
            <runs>0 20 12</runs>
            <runs>0 21 11</runs>
            <runs>0 23 9</runs>
        </run-table>
    </sample>
    <sample shape="FLAT" interline="15" pitch="-4.0" left="363" top="1814" id="736">
        <run-table orientation="VERTICAL" width="15" height="40">
            <runs>0 1 10</runs>
            <runs>40</runs>
            <runs>40</runs>
            <runs>0 1 39</runs>
            <runs>0 19 21</runs>
            <runs>0 20 19</runs>
            <runs>0 30 9</runs>
            <runs>0 19 20</runs>
            <runs>0 19 20</runs>
            <runs>0 19 15</runs>
            <runs>0 19 14</runs>
            <runs>0 19 13</runs>
            <runs>0 19 12</runs>
            <runs>0 19 11</runs>
            <runs>0 20 9</runs>
        </run-table>
    </sample>
    <sample shape="FLAT" interline="15" pitch="0.3" left="377" top="1844" id="740">
        <run-table orientation="VERTICAL" width="14" height="39">
            <runs>13</runs>
            <runs>31</runs>
            <runs>0 1 38</runs>
            <runs>0 15 2 3 19</runs>
            <runs>0 20 19</runs>
            <runs>0 19 9 2 9</runs>
            <runs>0 19 7 3 9</runs>
            <runs>0 19 6 1 11</runs>
            <runs>0 18 20</runs>
            <runs>0 18 15</runs>
            <runs>0 18 14</runs>
            <runs>0 19 12</runs>
            <runs>0 19 11</runs>
            <runs>0 20 10</runs>
        </run-table>
    </sample>
    <sample shape="FLAT" interline="15" pitch="-2.2" left="391" top="1825" id="742">
        <run-table orientation="VERTICAL" width="14" height="47">
            <runs>38 1 8</runs>
            <runs>44</runs>
            <runs>0 3 40</runs>
            <runs>0 21 17</runs>
            <runs>0 20 9 3 5</runs>
            <runs>0 20 9 3 3</runs>
            <runs>0 19 10 1 4</runs>
            <runs>0 19 14</runs>
            <runs>0 19 14</runs>
            <runs>0 19 14</runs>
            <runs>0 19 13</runs>
            <runs>0 19 12</runs>
            <runs>0 19 12</runs>
            <runs>0 20 10</runs>
        </run-table>
    </sample>
    <sample shape="FLAT" interline="15" pitch="-0.8" left="351" top="2017" id="745">
        <run-table orientation="VERTICAL" width="16" height="41">
            <runs>19 1 3</runs>
            <runs>0 1 40</runs>
            <runs>0 1 40</runs>
            <runs>0 21 20</runs>
            <runs>0 24 9 1 6</runs>
            <runs>0 22 6 6 4</runs>
            <runs>0 21 5 2 9</runs>
            <runs>0 21 4 3 8</runs>
            <runs>0 21 5 1 8</runs>
            <runs>0 21 13</runs>
            <runs>0 21 13</runs>
            <runs>0 21 12</runs>
            <runs>0 21 12</runs>
            <runs>0 22 10</runs>
            <runs>0 23 9</runs>
            <runs>0 25 7</runs>
        </run-table>
    </sample>
    <sample shape="FLAT" interline="15" pitch="-3.9" left="366" top="1996" id="746">
        <run-table orientation="VERTICAL" width="16" height="39">
            <runs>15</runs>
            <runs>34</runs>
            <runs>39</runs>
            <runs>0 1 38</runs>
            <runs>0 19 20</runs>
            <runs>0 19 9 4 7</runs>
            <runs>0 32 7</runs>
            <runs>0 28 11</runs>
            <runs>0 27 12</runs>
            <runs>0 19 14</runs>
            <runs>0 19 13</runs>
            <runs>0 19 12</runs>
            <runs>0 19 12</runs>
            <runs>0 20 10</runs>
            <runs>0 21 8</runs>
            <runs>0 24 3</runs>
        </run-table>
    </sample>
    <sample shape="FLAT" interline="15" pitch="0.4" left="380" top="2027" id="747">
        <run-table orientation="VERTICAL" width="15" height="39">
            <runs>15</runs>
            <runs>39</runs>
            <runs>39</runs>
            <runs>0 10 1 3 25</runs>
            <runs>0 18 21</runs>
            <runs>0 19 7 5 7</runs>
            <runs>0 19 6 5 7</runs>
            <runs>0 18 19</runs>
            <runs>0 18 19</runs>
            <runs>0 18 19</runs>
            <runs>0 18 14</runs>
            <runs>0 18 13</runs>
            <runs>0 19 11</runs>
            <runs>0 19 10</runs>
            <runs>0 18 9</runs>
        </run-table>
    </sample>
    <sample shape="FLAT" interline="15" pitch="-2.7" left="394" top="2005" id="748">
        <run-table orientation="VERTICAL" width="16" height="39">
            <runs>0 3 3</runs>
            <runs>7</runs>
            <runs>30</runs>
            <runs>39</runs>
            <runs>0 2 14 4 19</runs>
            <runs>0 21 9 1 7</runs>
            <runs>0 20 10 2 5</runs>
            <runs>0 20 10 2 4</runs>
            <runs>0 19 5 2 9</runs>
            <runs>0 19 15</runs>
            <runs>0 19 14</runs>
            <runs>0 19 13</runs>
            <runs>0 19 12</runs>
            <runs>0 19 12</runs>
            <runs>0 20 10</runs>
            <runs>0 21 9</runs>
        </run-table>
    </sample>
    <sample shape="FLAT" interline="15" pitch="-1.0" left="355" top="2156" id="754">
        <run-table orientation="VERTICAL" width="15" height="39">
            <runs>18</runs>
            <runs>39</runs>
            <runs>0 12 26</runs>
            <runs>0 19 18</runs>
            <runs>0 19 7 1 9</runs>
            <runs>0 18 7 2 9</runs>
            <runs>0 13 10 4 8</runs>
            <runs>0 13 21</runs>
            <runs>0 13 20</runs>
            <runs>0 13 19</runs>
            <runs>0 13 19</runs>
            <runs>0 13 18</runs>
            <runs>0 18 13</runs>
            <runs>0 19 12</runs>
            <runs>0 21 5</runs>
        </run-table>
    </sample>
    <sample shape="FLAT" interline="15" pitch="-3.9" left="367" top="2135" id="755">
        <run-table orientation="VERTICAL" width="16" height="38">
            <runs>13</runs>
            <runs>31</runs>
            <runs>38</runs>
            <runs>38</runs>
            <runs>0 19 19</runs>
            <runs>0 19 8 5 6</runs>
            <runs>0 32 6</runs>
            <runs>0 31 7</runs>
            <runs>0 29 9</runs>
            <runs>0 18 20</runs>
            <runs>0 18 14</runs>
            <runs>0 18 13</runs>
            <runs>0 18 13</runs>
            <runs>0 19 11</runs>
            <runs>0 19 10</runs>
            <runs>0 19 9</runs>
        </run-table>
    </sample>
    <sample shape="FLAT" interline="15" pitch="1.5" left="352" top="2357" id="759">
        <run-table orientation="VERTICAL" width="15" height="47">
            <runs>38 2 1</runs>
            <runs>47</runs>
            <runs>47</runs>
            <runs>0 24 17</runs>
            <runs>0 24 8 3 5</runs>
            <runs>0 22 9 3 4</runs>
            <runs>0 22 9 1 5</runs>
            <runs>0 22 15</runs>
            <runs>0 21 16</runs>
            <runs>0 21 15</runs>
            <runs>0 21 14</runs>
            <runs>0 21 13</runs>
            <runs>0 22 12</runs>
            <runs>0 23 9</runs>
            <runs>0 24 7</runs>
        </run-table>
    </sample>
    <sample shape="FLAT" interline="15" pitch="-2.1" left="364" top="2335" id="760">
        <run-table orientation="VERTICAL" width="14" height="39">
            <runs>12</runs>
            <runs>39</runs>
            <runs>39</runs>
            <runs>39</runs>
            <runs>0 20 19</runs>
            <runs>0 31 8</runs>
            <runs>0 30 9</runs>
            <runs>0 18 1 9 11</runs>
            <runs>0 18 16</runs>
            <runs>0 18 15</runs>
            <runs>0 18 14</runs>
            <runs>0 18 13</runs>
            <runs>0 20 10</runs>
            <runs>0 20 8</runs>
        </run-table>
    </sample>
    <sample shape="FLAT" interline="15" pitch="2.1" left="378" top="2363" id="761">
        <run-table orientation="VERTICAL" width="15" height="41">
            <runs>3</runs>
            <runs>41</runs>
            <runs>40</runs>
            <runs>2 2 36</runs>
            <runs>0 20 11 1 8</runs>
            <runs>0 32 8</runs>
            <runs>0 31 9</runs>
            <runs>0 29 11</runs>
            <runs>0 19 15</runs>
            <runs>0 19 14</runs>
            <runs>0 19 13</runs>
            <runs>0 19 12</runs>
            <runs>0 19 11</runs>
            <runs>0 20 9</runs>
            <runs>0 21 7</runs>
        </run-table>
    </sample>
    <sample shape="FLAT" interline="15" pitch="-0.9" left="392" top="2341" id="762">
        <run-table orientation="VERTICAL" width="16" height="41">
            <runs>0 6 2</runs>
            <runs>20 2 3</runs>
            <runs>34</runs>
            <runs>41</runs>
            <runs>0 10 2 11 18</runs>
            <runs>0 24 9 2 5</runs>
            <runs>0 23 10 2 5</runs>
            <runs>0 22 6 1 10</runs>
            <runs>0 22 5 2 9</runs>
            <runs>0 21 16</runs>
            <runs>0 21 15</runs>
            <runs>0 21 14</runs>
            <runs>0 22 12</runs>
            <runs>0 22 12</runs>
            <runs>0 23 10</runs>
            <runs>0 24 9</runs>
        </run-table>
    </sample>
    <sample shape="FLAT" interline="15" pitch="-1.1" left="351" top="2564" id="768">
        <run-table orientation="VERTICAL" width="16" height="40">
            <runs>7 1 3</runs>
            <runs>37</runs>
            <runs>39</runs>
            <runs>10 2 7 1 20</runs>
            <runs>0 23 9 2 5</runs>
            <runs>0 22 4 9 3</runs>
            <runs>0 21 3 9 3</runs>
            <runs>0 20 4 3 8</runs>
            <runs>0 19 5 3 7</runs>
            <runs>0 19 14</runs>
            <runs>0 19 14</runs>
            <runs>0 20 12</runs>
            <runs>0 20 12</runs>
            <runs>0 20 11</runs>
            <runs>0 21 10</runs>
            <runs>0 24 7</runs>
        </run-table>
    </sample>
    <sample shape="FLAT" interline="15" pitch="-3.9" left="364" top="2542" id="769">
        <run-table orientation="VERTICAL" width="16" height="40">
            <runs>0 1 11</runs>
            <runs>40</runs>
            <runs>40</runs>
            <runs>0 7 5 6 21</runs>
            <runs>0 21 7 3 8</runs>
            <runs>0 33 7</runs>
            <runs>0 32 8</runs>
            <runs>0 30 10</runs>
            <runs>0 19 15</runs>
            <runs>0 19 14</runs>
            <runs>0 19 13</runs>
            <runs>0 19 12</runs>
            <runs>0 20 10</runs>
            <runs>0 21 8</runs>
            <runs>0 21 7</runs>
            <runs>0 25 2</runs>
        </run-table>
    </sample>
    <sample shape="FLAT" interline="15" pitch="0.5" left="378" top="2575" id="778">
        <run-table orientation="VERTICAL" width="15" height="37">
            <runs>36</runs>
            <runs>0 1 10 1 25</runs>
            <runs>0 1 9 3 24</runs>
            <runs>0 18 8 3 8</runs>
            <runs></runs>
            <runs></runs>
            <runs>0 28 7</runs>
            <runs>0 18 17</runs>
            <runs>0 18 17</runs>
            <runs>0 18 17</runs>
            <runs>0 18 17</runs>
            <runs>0 18 11</runs>
            <runs>0 18 10</runs>
            <runs>0 18 9</runs>
            <runs>0 22 1</runs>
        </run-table>
    </sample>
    <sample shape="FLAT" interline="15" pitch="-2.6" left="391" top="2552" id="776">
        <run-table orientation="VERTICAL" width="15" height="39">
            <runs>0 2 4</runs>
            <runs>0 1 14 3 12</runs>
            <runs>16 1 14 2 3</runs>
            <runs>0 2 13 3 21</runs>
            <runs>0 20 19</runs>
            <runs>0 22 9 1 6</runs>
            <runs>0 20 5 7 4</runs>
            <runs>0 19 6 6 4</runs>
            <runs>0 19 5 2 8</runs>
            <runs>0 19 6 1 8</runs>
            <runs>0 19 15</runs>
            <runs>0 19 14</runs>
            <runs>0 19 13</runs>
            <runs>0 20 11</runs>
            <runs>0 21 9</runs>
        </run-table>
    </sample>
    <sample shape="FLAT" interline="15" pitch="-0.8" left="355" top="2736" id="784">
        <run-table orientation="VERTICAL" width="15" height="39">
            <runs>36</runs>
            <runs>39</runs>
            <runs>0 21 16</runs>
            <runs>0 21 4 2 9</runs>
            <runs>0 20 4 3 9</runs>
            <runs>0 20 3 4 8</runs>
            <runs>0 19 4 4 7</runs>
            <runs>0 19 14</runs>
            <runs>0 19 13</runs>
            <runs>0 19 13</runs>
            <runs>0 19 12</runs>
            <runs>0 20 11</runs>
            <runs>0 21 9</runs>
            <runs>0 23 8</runs>
            <runs>0 24 7</runs>
        </run-table>
    </sample>
    <sample shape="FLAT" interline="15" pitch="0.3" left="380" top="2748" id="793">
        <run-table orientation="VERTICAL" width="12" height="36">
            <runs>19 1 3 2 9</runs>
            <runs>36</runs>
            <runs>36</runs>
            <runs>0 9 26</runs>
            <runs>0 14 10</runs>
            <runs>0 15 19</runs>
            <runs>0 15 6 1 11</runs>
            <runs>0 15 18</runs>
            <runs>0 15 18</runs>
            <runs>0 15 18</runs>
            <runs>0 15 18</runs>
            <runs>0 15 12</runs>
        </run-table>
    </sample>
    <sample shape="FLAT" interline="15" pitch="-2.8" left="392" top="2722" id="787">
        <run-table orientation="VERTICAL" width="15" height="39">
            <runs>0 1 16</runs>
            <runs>0 1 22</runs>
            <runs>31 1 5</runs>
            <runs>0 6 2 11 20</runs>
            <runs>0 21 10 2 6</runs>
            <runs>0 21 9 3 5</runs>
            <runs>0 20 5 7 5</runs>
            <runs>0 20 4 2 10</runs>
            <runs>0 19 16</runs>
            <runs>0 19 15</runs>
            <runs>0 19 14</runs>
            <runs>0 20 13</runs>
            <runs>0 20 12</runs>
            <runs>0 21 10</runs>
            <runs>0 21 10</runs>
        </run-table>
    </sample>
    <sample shape="FLAT" interline="15" pitch="0.2" left="357" top="2909" id="796">
        <run-table orientation="VERTICAL" width="13" height="40">
            <runs>40</runs>
            <runs>40</runs>
            <runs>0 1 39</runs>
            <runs>0 21 9 4 6</runs>
            <runs>0 33 7</runs>
            <runs>0 32 7</runs>
            <runs>0 30 9</runs>
            <runs>0 20 15</runs>
            <runs>0 20 14</runs>
            <runs>0 20 14</runs>
            <runs>0 20 13</runs>
            <runs>0 21 11</runs>
            <runs>0 22 9</runs>
        </run-table>
    </sample>
    <sample shape="FLAT" interline="15" pitch="-2.8" left="371" top="2889" id="801">
        <run-table orientation="VERTICAL" width="11" height="39">
            <runs>0 1 37</runs>
            <runs>39</runs>
            <runs>0 1 11 7 20</runs>
            <runs>0 22 9 3 4</runs>
            <runs>0 21 4 9 3</runs>
            <runs>0 20 5 8 3</runs>
            <runs>0 20 4 4 7</runs>
            <runs>0 20 4 3 7</runs>
            <runs>0 20 13</runs>
            <runs>0 20 13</runs>
            <runs>0 20 15</runs>
        </run-table>
    </sample>
    <sample shape="FLAT" interline="15" pitch="0.8" left="382" top="2909" id="803">
        <run-table orientation="VERTICAL" width="13" height="46">
            <runs>40</runs>
            <runs>0 1 45</runs>
            <runs>0 3 9 10 24</runs>
            <runs>0 4 7 18 17</runs>
            <runs>0 28 17</runs>
            <runs>0 28 6 2 8</runs>
            <runs>0 28 4 4 7</runs>
            <runs>0 28 14</runs>
            <runs>0 27 14</runs>
            <runs>0 27 14</runs>
            <runs>0 27 13</runs>
            <runs>0 27 13</runs>
            <runs>0 29 11</runs>
        </run-table>
    </sample>
    <sample shape="FLAT" interline="15" pitch="-1.8" left="395" top="2896" id="798">
        <run-table orientation="VERTICAL" width="14" height="38">
            <runs>16</runs>
            <runs>38</runs>
            <runs>38</runs>
            <runs>0 4 1 15 18</runs>
            <runs>0 20 18</runs>
            <runs>0 31 7</runs>
            <runs>0 30 8</runs>
            <runs>0 28 10</runs>
            <runs>0 18 16</runs>
            <runs>0 18 15</runs>
            <runs>0 18 14</runs>
            <runs>0 18 13</runs>
            <runs>0 19 11</runs>
            <runs>0 20 9</runs>
        </run-table>
    </sample>
    <sample shape="FLAT" interline="15" pitch="1.5" left="355" top="3088" id="806">
        <run-table orientation="VERTICAL" width="14" height="36">
            <runs>29</runs>
            <runs>0 6 8 1 21</runs>
            <runs>0 19 10 1 5</runs>
            <runs>0 19 8 4 3</runs>
            <runs>0 17 5 8 3</runs>
            <runs>0 17 3 9 4</runs>
            <runs>0 16 4 9 3</runs>
            <runs>0 17 4 2 7</runs>
            <runs>0 16 14</runs>
            <runs>0 16 13</runs>
            <runs>0 16 13</runs>
            <runs>0 17 11</runs>
            <runs>0 18 8</runs>
            <runs>0 20 4</runs>
        </run-table>
    </sample>
    <sample shape="FLAT" interline="15" pitch="2.4" left="380" top="3096" id="815">
        <run-table orientation="VERTICAL" width="16" height="35">
            <runs>20</runs>
            <runs>34</runs>
            <runs>35</runs>
            <runs>35</runs>
            <runs>0 16 18</runs>
            <runs>0 16 18</runs>
            <runs>0 26 8</runs>
            <runs>0 23 11</runs>
            <runs>0 15 19</runs>
            <runs>0 15 19</runs>
            <runs>0 15 19</runs>
            <runs>0 15 13</runs>
            <runs>0 16 11</runs>
            <runs>0 16 11</runs>
            <runs>0 16 9</runs>
            <runs>0 19 3</runs>
        </run-table>
    </sample>
    <sample shape="FLAT" interline="15" pitch="-0.5" left="395" top="3069" id="809">
        <run-table orientation="VERTICAL" width="16" height="42">
            <runs>11</runs>
            <runs>18</runs>
            <runs>0 6 2 4 15</runs>
            <runs>0 14 28</runs>
            <runs>0 14 28</runs>
            <runs>0 24 18</runs>
            <runs>0 23 17</runs>
            <runs>0 23 10 1 6</runs>
            <runs>0 22 6 1 10</runs>
            <runs>0 22 16</runs>
            <runs>0 22 15</runs>
            <runs>0 22 14</runs>
            <runs>0 22 13</runs>
            <runs>0 23 11</runs>
            <runs>0 23 10</runs>
            <runs>0 24 9</runs>
        </run-table>
    </sample>
</samples>
