<?xml version="1.0" encoding="UTF-8" standalone="yes"?>
<samples sheet-name="IMSLP00118#12">
    <sample shape="F_CLEF" interline="19" pitch="-1.5" left="164" top="1030" id="340">
        <run-table orientation="VERTICAL" width="59" height="61">
            <runs>0 15 1</runs>
            <runs>0 13 11</runs>
            <runs>0 11 15</runs>
            <runs>0 9 18</runs>
            <runs>0 8 20</runs>
            <runs>0 6 23</runs>
            <runs>0 6 5 2 17</runs>
            <runs>10 5 15</runs>
            <runs>9 6 16</runs>
            <runs>8 7 16</runs>
            <runs>0 6 1 8 16</runs>
            <runs>0 15 16</runs>
            <runs>0 15 16</runs>
            <runs>0 16 15</runs>
            <runs>0 16 14</runs>
            <runs>0 16 14 22 9</runs>
            <runs>0 17 12 23 9</runs>
            <runs>0 18 10 23 10</runs>
            <runs>0 18 8 23 12</runs>
            <runs>0 48 13</runs>
            <runs>0 48 13</runs>
            <runs>0 47 14</runs>
            <runs>0 46 9</runs>
            <runs>0 44 10</runs>
            <runs>0 43 11</runs>
            <runs>0 38 15</runs>
            <runs>0 38 14</runs>
            <runs>0 38 13</runs>
            <runs>0 6 1 28 15</runs>
            <runs>9 23 17</runs>
            <runs>11 17 21</runs>
            <runs>0 1 47</runs>
            <runs>0 1 46</runs>
            <runs>0 1 45</runs>
            <runs>0 1 44</runs>
            <runs>0 1 44</runs>
            <runs>0 1 42</runs>
            <runs>0 1 41</runs>
            <runs>0 1 41</runs>
            <runs>0 1 41</runs>
            <runs>0 6 32</runs>
            <runs>0 7 29</runs>
            <runs>0 8 27</runs>
            <runs>0 10 23</runs>
            <runs>0 13 17</runs>
            <runs>0 16 1 6 3</runs>
            <runs>0 9 2</runs>
            <runs>0 6 6</runs>
            <runs>0 5 8</runs>
            <runs>0 5 8 14 5</runs>
            <runs>0 5 9 13 6</runs>
            <runs>0 5 9 12 8</runs>
            <runs>0 5 9 12 8</runs>
            <runs>0 1 13 11 10</runs>
            <runs>0 1 13 11 10</runs>
            <runs>0 6 7 12 10</runs>
            <runs>0 8 4 14 9</runs>
            <runs>0 27 7</runs>
            <runs>0 28 5</runs>
        </run-table>
    </sample>
    <sample shape="FLAT" interline="19" pitch="0.0" left="272" top="1878" id="469">
        <run-table orientation="VERTICAL" width="20" height="44">
            <runs>15</runs>
            <runs>31</runs>
            <runs>43</runs>
            <runs>44</runs>
            <runs>0 1 13 1 29</runs>
            <runs>0 25 3</runs>
            <runs></runs>
            <runs>0 36 8</runs>
            <runs>0 35 9</runs>
            <runs>0 33 5</runs>
            <runs>0 31 7</runs>
            <runs>0 20 17</runs>
            <runs>0 20 16</runs>
            <runs>0 20 15</runs>
            <runs>0 20 14</runs>
            <runs>0 20 13</runs>
            <runs>0 20 12</runs>
            <runs>0 21 10</runs>
            <runs>0 22 8</runs>
            <runs>0 25 4</runs>
        </run-table>
    </sample>
    <sample shape="FLAT" interline="19" pitch="-3.8" left="255" top="2770" id="608">
        <run-table orientation="VERTICAL" width="21" height="43">
            <runs>0 2 1</runs>
            <runs>23</runs>
            <runs>31 3 1 2 1</runs>
            <runs>43</runs>
            <runs>43</runs>
            <runs>0 2 28 1 1 1 10</runs>
            <runs>0 25 2</runs>
            <runs></runs>
            <runs>0 36 2</runs>
            <runs>0 36 2</runs>
            <runs>0 34 8</runs>
            <runs>0 30 8</runs>
            <runs>0 20 17</runs>
            <runs>0 20 16</runs>
            <runs>0 20 15</runs>
            <runs>0 20 14</runs>
            <runs>0 20 13</runs>
            <runs>0 21 11</runs>
            <runs>0 21 10</runs>
            <runs>0 21 9</runs>
            <runs>0 24 3</runs>
        </run-table>
    </sample>
</samples>
