<?xml version="1.0" encoding="UTF-8" standalone="yes"?>
<samples sheet-name="IMSLP00008#4">
    <sample shape="G_CLEF" interline="22" pitch="0.4" left="204" top="2087" id="430">
        <run-table orientation="VERTICAL" width="56" height="155">
            <runs>0 88 11</runs>
            <runs>0 83 19</runs>
            <runs>0 80 24</runs>
            <runs>0 74 33</runs>
            <runs>0 74 34</runs>
            <runs>0 74 36</runs>
            <runs>0 72 39</runs>
            <runs>0 71 41 26 8</runs>
            <runs>0 70 22 10 11 24 11</runs>
            <runs>0 69 20 15 10 22 14</runs>
            <runs>0 67 17 23 8 19 17</runs>
            <runs>0 66 17 26 7 18 17</runs>
            <runs>0 64 18 28 10 13 19</runs>
            <runs>0 64 16 32 8 13 20</runs>
            <runs>0 63 16 34 7 13 20</runs>
            <runs>0 63 14 37 3 16 21</runs>
            <runs>0 61 16 17 2 19 2 15 22</runs>
            <runs>0 61 16 14 12 12 2 15 22</runs>
            <runs>0 60 17 11 18 9 2 15 23</runs>
            <runs>0 59 18 9 21 9 1 16 22</runs>
            <runs>0 58 14 13 24 7 1 16 16 2 4</runs>
            <runs>0 57 14 13 11 10 4 24 16 2 4</runs>
            <runs>0 53 17 12 11 15 3 23 15 3 3</runs>
            <runs>0 53 17 11 10 18 3 22 13 5 3</runs>
            <runs>0 29 1 23 16 12 9 21 1 24 10 6 3</runs>
            <runs>0 29 8 2 1 13 16 11 10 47 8 7 3</runs>
            <runs>0 27 20 5 16 12 9 62 4</runs>
            <runs>0 24 44 11 10 62 3</runs>
            <runs>0 21 51 2 15 61 4</runs>
            <runs>0 18 70 62 4</runs>
            <runs>0 16 22 11 41 59 5</runs>
            <runs>0 14 21 14 15 9 28 47 5</runs>
            <runs>0 11 19 19 14 11 35 38 6</runs>
            <runs>0 11 17 20 15 11 14 6 31 9 1 11 6</runs>
            <runs>0 10 16 21 15 12 13 17 34 3 10</runs>
            <runs>0 9 15 22 15 13 13 24 39</runs>
            <runs>0 8 14 23 15 14 13 29 33</runs>
            <runs>0 7 14 23 15 16 12 41 18</runs>
            <runs>0 6 14 23 15 16 13 50 6</runs>
            <runs>0 4 14 24 15 17 13 29 1</runs>
            <runs>0 4 13 24 16 17 13 29 1</runs>
            <runs>0 2 14 24 16 18 14 27 2</runs>
            <runs>15 23 18 18 14 27 2</runs>
            <runs>14 23 19 23 10 25 3</runs>
            <runs>13 18 20 28 10 24 7</runs>
            <runs>0 1 13 16 19 31 10 22 4</runs>
            <runs>0 5 11 12 19 33 11 20 5</runs>
            <runs>0 7 38 36 11 17 6</runs>
            <runs>0 9 33 39 18 9 6</runs>
            <runs>0 14 25 43 17 6 8</runs>
            <runs>0 16 19 48 30</runs>
            <runs>0 85 26</runs>
            <runs>0 86 24</runs>
            <runs>0 87 22</runs>
            <runs>0 90 16</runs>
            <runs>0 94 9</runs>
        </run-table>
    </sample>
    <sample shape="F_CLEF" interline="22" pitch="-1.5" left="208" top="1059" id="348">
        <run-table orientation="VERTICAL" width="58" height="69">
            <runs>0 14 12</runs>
            <runs>0 11 15</runs>
            <runs>0 10 16</runs>
            <runs>0 8 19 37 1</runs>
            <runs>0 7 21 36 1</runs>
            <runs>0 6 5 7 11 35 1</runs>
            <runs>0 5 4 9 12 33 2</runs>
            <runs>8 10 12 33 2</runs>
            <runs>7 11 12 32 7</runs>
            <runs>0 4 2 11 14 30 8</runs>
            <runs>0 4 2 11 14 30 8</runs>
            <runs>0 4 1 11 15 30 8</runs>
            <runs>0 16 15 29 5</runs>
            <runs>0 16 15 28 6</runs>
            <runs>0 16 15 28 6</runs>
            <runs>0 17 13 28 6</runs>
            <runs>0 18 12 28 5</runs>
            <runs>0 19 10 28 5</runs>
            <runs>0 20 8 28 6</runs>
            <runs>0 56 5</runs>
            <runs>0 54 7</runs>
            <runs>0 54 6</runs>
            <runs>0 52 8</runs>
            <runs>0 51 8</runs>
            <runs>0 50 9</runs>
            <runs>0 4 1 44 9</runs>
            <runs>0 4 2 42 9</runs>
            <runs>0 4 2 38 12</runs>
            <runs>8 36 12</runs>
            <runs>9 33 13</runs>
            <runs>9 31 14</runs>
            <runs>11 26 16</runs>
            <runs>13 21 18</runs>
            <runs>17 14 20</runs>
            <runs>51</runs>
            <runs>0 4 45</runs>
            <runs>0 5 43</runs>
            <runs>0 6 41</runs>
            <runs>0 6 40</runs>
            <runs>0 7 39</runs>
            <runs>0 8 34</runs>
            <runs>0 10 31</runs>
            <runs>0 12 27</runs>
            <runs>0 14 23</runs>
            <runs>0 17 18</runs>
            <runs>0 20 13</runs>
            <runs></runs>
            <runs>0 10 5</runs>
            <runs>0 9 7 15 2</runs>
            <runs>0 8 8 14 4</runs>
            <runs>0 8 8 13 7</runs>
            <runs>0 7 10 11 9</runs>
            <runs>0 7 9 12 9</runs>
            <runs>0 8 8 12 9</runs>
            <runs>0 8 8 12 9</runs>
            <runs>0 9 6 13 9</runs>
            <runs>0 10 4 15 7</runs>
            <runs>0 30 6</runs>
        </run-table>
    </sample>
    <sample shape="FLAT" interline="22" pitch="1.3" left="284" top="1609" id="415">
        <run-table orientation="VERTICAL" width="21" height="54">
            <runs>3 2 3 6 3 20 17</runs>
            <runs>54</runs>
            <runs>43 2 9</runs>
            <runs>0 1 2 4 34 6 6</runs>
            <runs>0 26 5 16 5</runs>
            <runs>0 26 4 16 5</runs>
            <runs>0 26 3 16 5</runs>
            <runs>0 25 4 14 7</runs>
            <runs>0 24 4 14 6</runs>
            <runs>0 24 4 10 9</runs>
            <runs>0 23 6 8 9</runs>
            <runs>0 23 6 8 8</runs>
            <runs>0 23 7 7 7</runs>
            <runs>0 23 10 2 9</runs>
            <runs>0 24 18</runs>
            <runs>0 24 17</runs>
            <runs>0 25 16</runs>
            <runs>0 25 15</runs>
            <runs>0 26 15</runs>
            <runs>0 27 13</runs>
            <runs>0 31 1</runs>
        </run-table>
    </sample>
    <sample shape="FLAT" interline="22" pitch="-1.8" left="310" top="2624" id="513">
        <run-table orientation="VERTICAL" width="20" height="54">
            <runs>21 3 9</runs>
            <runs>51</runs>
            <runs>0 1 33 6 2 1 11</runs>
            <runs>0 22 9 21 1</runs>
            <runs></runs>
            <runs></runs>
            <runs></runs>
            <runs>0 25 1 19 1</runs>
            <runs>0 24 2 17 7</runs>
            <runs>0 24 2 17 7</runs>
            <runs>0 24 2 16 8</runs>
            <runs>0 24 2 14 6</runs>
            <runs>0 23 9 4 8</runs>
            <runs>0 24 19</runs>
            <runs>0 24 18</runs>
            <runs>0 24 17</runs>
            <runs>0 25 14</runs>
            <runs>0 25 13</runs>
            <runs>0 26 10</runs>
            <runs>0 31 2</runs>
        </run-table>
    </sample>
</samples>
