<?xml version="1.0" encoding="UTF-8" standalone="yes"?>
<samples sheet-name="IMSLP00005#2">
    <sample shape="G_CLEF" interline="22" pitch="0.5" left="134" top="229" id="487">
        <run-table orientation="VERTICAL" width="48" height="152">
            <runs>0 87 10</runs>
            <runs>0 81 19</runs>
            <runs>0 71 31</runs>
            <runs>0 71 35</runs>
            <runs>0 71 36 29 8</runs>
            <runs>0 70 19 4 15 24 13</runs>
            <runs>0 68 17 17 8 21 15</runs>
            <runs>0 66 16 23 6 19 18</runs>
            <runs>0 65 15 27 5 18 19</runs>
            <runs>0 64 14 30 10 11 21</runs>
            <runs>0 62 14 35 7 11 22</runs>
            <runs>0 61 14 37 1 16 22</runs>
            <runs>0 60 15 54 22</runs>
            <runs>0 59 15 17 2 36 23</runs>
            <runs>0 58 17 11 14 30 16 2 4</runs>
            <runs>0 57 13 14 18 28 15 3 4</runs>
            <runs>0 56 13 13 23 26 14 4 3</runs>
            <runs>0 55 14 12 10 11 3 27 12 5 3</runs>
            <runs>0 49 18 13 8 15 3 26 10 7 3</runs>
            <runs>0 50 16 13 9 16 3 28 6 8 3</runs>
            <runs>0 49 16 13 8 19 1 43 3</runs>
            <runs>0 49 16 12 8 64 3</runs>
            <runs>0 28 8 3 3 1 1 5 15 13 7 64 3</runs>
            <runs>0 26 38 7 13 63 4</runs>
            <runs>0 22 62 62 4</runs>
            <runs>0 21 14 10 18 1 22 1 1 57 4</runs>
            <runs>0 18 15 13 15 9 29 3 18 22 6</runs>
            <runs>0 17 10 18 14 12 13 3 42 4 2 4 8</runs>
            <runs>0 14 10 21 14 12 12 14 1 6 42</runs>
            <runs>0 12 11 21 15 13 11 29 31</runs>
            <runs>0 10 11 22 14 14 12 38 2 6 12</runs>
            <runs>0 8 13 21 14 15 12</runs>
            <runs>0 7 12 20 18 14 12</runs>
            <runs>0 6 12 20 15 18 12 30 1</runs>
            <runs>0 5 11 23 14 18 12 29 2</runs>
            <runs>0 4 11 22 6 1 8 19 13 28 2</runs>
            <runs>0 3 11 22 16 19 14 26 7</runs>
            <runs>0 2 10 17 23 25 8 25 3</runs>
            <runs>0 1 11 16 24 25 9 23 9</runs>
            <runs>11 17 16 2 1 31 10 19 11</runs>
            <runs>10 18 14 37 10 17 6</runs>
            <runs>10 16 15 38 17 8 7</runs>
            <runs>0 2 10 12 15 41 17 2 12</runs>
            <runs>0 6 8 7 16 44 28</runs>
            <runs>0 9 25 47 26</runs>
            <runs>0 16 6 3 8 51 22</runs>
            <runs>0 19 2 64 19</runs>
            <runs>0 89 10</runs>
        </run-table>
    </sample>
    <sample shape="G_CLEF" interline="22" pitch="0.4" left="116" top="719" id="550">
        <run-table orientation="VERTICAL" width="54" height="151">
            <runs>0 89 1</runs>
            <runs>0 81 19</runs>
            <runs>0 78 26</runs>
            <runs>0 73 33</runs>
            <runs>0 73 33</runs>
            <runs>0 71 35</runs>
            <runs>0 69 21 1 15 30 1</runs>
            <runs>0 68 17 10 12 26 10</runs>
            <runs>0 66 16 20 6 23 14</runs>
            <runs>0 65 15 24 6 21 15</runs>
            <runs>0 64 15 27 5 19 17</runs>
            <runs>0 63 15 29 4 18 19</runs>
            <runs>0 62 15 32 3 17 20</runs>
            <runs>0 60 17 33 3 16 21</runs>
            <runs>0 59 18 34 3 15 21</runs>
            <runs>0 58 14 39 3 15 21</runs>
            <runs>0 57 14 17 11 13 3 14 16 1 5</runs>
            <runs>0 56 14 15 15 13 3 13 16 2 4</runs>
            <runs>0 52 17 14 18 12 3 13 15 4 3</runs>
            <runs>0 52 17 12 22 10 3 14 14 4 3</runs>
            <runs>0 52 15 13 9 11 3 11 2 14 14 4 3</runs>
            <runs>0 52 15 12 9 14 2 10 7 10 12 5 3</runs>
            <runs>0 52 14 12 9 16 3 8 7 11 9 7 3</runs>
            <runs>0 52 13 8 12 19 2 9 6 13 6 8 3</runs>
            <runs>0 51 13 9 12 30 6 27 3</runs>
            <runs>0 35 1 14 13 10 11 31 6 27 3</runs>
            <runs>0 31 13 5 14 10 10 32 6 26 3</runs>
            <runs>0 27 37 10 9 32 6 26 3</runs>
            <runs>0 23 43 1 2 4 10 32 6 25 4</runs>
            <runs>0 21 16 9 41 28 6 24 4</runs>
            <runs>0 18 16 12 14 5 28 22 6 22 5</runs>
            <runs>0 15 19 11 14 14 34 3 1 4 6 21 6</runs>
            <runs>0 13 14 17 14 15 9 13 33 4 2 1 12</runs>
            <runs>0 12 13 19 13 16 9 22 41</runs>
            <runs>0 11 13 19 14 16 9 26 1 4 31</runs>
            <runs>0 9 12 20 15 17 9 32 26</runs>
            <runs>0 8 12 21 14 18 9 32 6</runs>
            <runs>0 7 11 21 16 19 8 32 6</runs>
            <runs>0 6 11 22 16 19 8 31 7</runs>
            <runs>0 5 10 23 17 19 9 30 2</runs>
            <runs>0 4 10 23 13 24 9 29 3</runs>
            <runs>0 2 11 22 14 25 10 27 4</runs>
            <runs>0 2 10 19 17 26 10 26 4</runs>
            <runs>0 1 10 20 15 28 11 25 4</runs>
            <runs>11 19 15 29 12 23 4</runs>
            <runs>10 20 13 31 14 19 5</runs>
            <runs>9 20 13 32 16 16 5</runs>
            <runs>9 18 12 35 18 11 8</runs>
            <runs>0 2 9 13 14 41 31</runs>
            <runs>0 4 14 2 15 46 28</runs>
            <runs>0 7 26 49 25</runs>
            <runs>0 14 19 50 22</runs>
            <runs>0 84 18</runs>
            <runs>0 90 10</runs>
        </run-table>
    </sample>
    <sample shape="G_CLEF" interline="22" pitch="0.2" left="115" top="1235" id="603">
        <run-table orientation="VERTICAL" width="55" height="151">
            <runs>0 83 15</runs>
            <runs>0 74 25</runs>
            <runs>0 74 28</runs>
            <runs>0 74 29</runs>
            <runs>0 73 32</runs>
            <runs>0 71 36</runs>
            <runs>0 70 17 8 14 25 9</runs>
            <runs>0 68 18 14 10 22 12</runs>
            <runs>0 66 17 21 6 21 15</runs>
            <runs>0 65 16 25 5 19 17</runs>
            <runs>0 63 16 29 4 18 18</runs>
            <runs>0 62 16 31 4 16 19</runs>
            <runs>0 62 15 33 4 15 20</runs>
            <runs>0 61 16 33 4 15 20</runs>
            <runs>0 60 17 34 4 14 21</runs>
            <runs>0 59 13 17 4 19 3 14 21</runs>
            <runs>0 58 13 15 13 14 2 14 21</runs>
            <runs>0 57 14 14 15 13 7 9 16 2 3</runs>
            <runs>0 52 18 13 19 28 15 3 3</runs>
            <runs>0 52 17 12 22 27 15 3 3</runs>
            <runs>0 52 16 12 10 11 3 26 14 4 3</runs>
            <runs>0 52 15 12 10 14 2 27 11 5 3</runs>
            <runs>0 52 14 12 9 17 2 27 9 6 3</runs>
            <runs>0 52 13 9 12 50 4 8 3</runs>
            <runs>0 34 2 15 14 9 11 63 3</runs>
            <runs>0 29 18 3 15 9 10 64 3</runs>
            <runs>0 23 41 10 10 63 4</runs>
            <runs>0 21 49 3 10 63 5</runs>
            <runs>0 18 21 3 1 1 39 63 4</runs>
            <runs>0 16 19 12 39 59 5</runs>
            <runs>0 15 19 12 15 7 31 45 5</runs>
            <runs>0 13 15 18 14 13 47 20 8</runs>
            <runs>0 12 13 20 14 14 10 11 32 1 9 1 10</runs>
            <runs>0 11 12 21 14 15 9 27 36</runs>
            <runs>0 10 11 22 14 16 9 31 31</runs>
            <runs>0 8 12 22 14 17 9 32 6 5 15</runs>
            <runs>0 7 12 22 15 18 9 31 6</runs>
            <runs>0 6 12 22 15 19 9 30 7</runs>
            <runs>0 5 12 22 16 19 9 30 7</runs>
            <runs>0 4 12 22 17 19 9 29 4</runs>
            <runs>0 2 13 21 19 19 9 29 3</runs>
            <runs>0 2 12 21 15 24 10 27 3</runs>
            <runs>0 1 12 18 18 25 11 25 4</runs>
            <runs>12 19 16 27 12 23 5</runs>
            <runs>11 19 16 28 12 22 5</runs>
            <runs>11 16 17 30 14 19 6</runs>
            <runs>11 14 17 36 11 16 6</runs>
            <runs>0 3 9 3 6 2 18 38 12 11 8</runs>
            <runs>0 5 32 42 30</runs>
            <runs>0 6 29 46 27</runs>
            <runs>0 11 22 48 26</runs>
            <runs>0 14 1 67 24</runs>
            <runs>0 84 20</runs>
            <runs>0 87 14</runs>
            <runs>0 89 10</runs>
        </run-table>
    </sample>
    <sample shape="G_CLEF" interline="22" pitch="0.2" left="114" top="1745" id="655">
        <run-table orientation="VERTICAL" width="55" height="152">
            <runs>0 83 17</runs>
            <runs>0 81 20</runs>
            <runs>0 74 29</runs>
            <runs>0 74 31</runs>
            <runs>0 72 35</runs>
            <runs>0 70 38 30 2</runs>
            <runs>0 69 41 24 10</runs>
            <runs>0 67 19 18 7 22 13</runs>
            <runs>0 66 19 20 7 20 15</runs>
            <runs>0 65 18 24 6 18 17</runs>
            <runs>0 63 17 28 5 17 19</runs>
            <runs>0 62 17 31 4 16 20</runs>
            <runs>0 61 17 33 4 15 20</runs>
            <runs>0 60 18 34 3 15 14 1 5</runs>
            <runs>0 60 18 34 5 13 20</runs>
            <runs>0 58 14 18 1 22 8 9 17 1 2</runs>
            <runs>0 58 14 14 14 14 8 8 17 1 3</runs>
            <runs>0 57 14 14 16 14 7 9 15 3 3</runs>
            <runs>0 52 18 13 20 12 7 9 14 4 3</runs>
            <runs>0 53 17 11 23 11 7 9 14 4 3</runs>
            <runs>0 53 16 11 13 10 2 10 7 10 13 4 3</runs>
            <runs>0 53 15 12 11 13 3 26 10 7 2</runs>
            <runs>0 53 14 7 14 17 2 27 7 9 2</runs>
            <runs>0 53 13 8 13 63 2</runs>
            <runs>0 52 13 9 12 63 3</runs>
            <runs>0 31 14 5 15 9 12 63 3</runs>
            <runs>0 25 40 9 11 64 2</runs>
            <runs>0 23 47 4 11 63 3</runs>
            <runs>0 20 20 4 1 2 38 62 4</runs>
            <runs>0 17 17 13 40 59 4</runs>
            <runs>0 16 14 17 15 11 17 1 10 6 2 36 4</runs>
            <runs>0 14 12 21 14 13 49 20 6</runs>
            <runs>0 11 14 20 14 15 10 10 33 1 1 4 1 7 6</runs>
            <runs>0 11 12 21 15 15 10 24 37</runs>
            <runs>0 9 12 22 15 16 9 32 29</runs>
            <runs>0 8 12 22 15 17 9 32 7</runs>
            <runs>0 7 11 23 15 18 10 31 7</runs>
            <runs>0 5 12 23 16 18 10 31 1</runs>
            <runs>0 5 11 23 17 18 10 30 2</runs>
            <runs>0 4 11 23 17 19 10 30 2</runs>
            <runs>0 3 11 22 20 18 11 28 3</runs>
            <runs>0 2 11 19 19 23 12 26 4</runs>
            <runs>0 1 11 19 18 25 13 24 4</runs>
            <runs>0 1 10 21 15 27 13 23 4</runs>
            <runs>11 20 14 29 14 20 6</runs>
            <runs>10 19 15 30 15 18 6</runs>
            <runs>0 1 10 14 17 32 16 16 6</runs>
            <runs>0 2 3 1 8 9 18 34 17 11 9</runs>
            <runs>0 9 29 42 15 1 15</runs>
            <runs>0 12 23 46 29</runs>
            <runs>0 15 3 1 10 53 26</runs>
            <runs>0 83 24</runs>
            <runs>0 85 20</runs>
            <runs>0 87 16</runs>
            <runs>0 91 2</runs>
        </run-table>
    </sample>
    <sample shape="G_CLEF" interline="22" pitch="0.2" left="109" top="2295" id="707">
        <run-table orientation="VERTICAL" width="56" height="153">
            <runs>0 88 1</runs>
            <runs>0 86 14</runs>
            <runs>0 80 21</runs>
            <runs>0 74 29</runs>
            <runs>0 74 31</runs>
            <runs>0 74 34</runs>
            <runs>0 72 37 26 11</runs>
            <runs>0 69 19 13 9 24 13</runs>
            <runs>0 67 18 20 6 23 14</runs>
            <runs>0 66 17 24 5 21 16</runs>
            <runs>0 66 15 28 4 18 19</runs>
            <runs>0 64 15 31 4 17 20</runs>
            <runs>0 63 15 33 4 16 20</runs>
            <runs>0 62 16 34 3 16 20</runs>
            <runs>0 61 17 35 3 14 22</runs>
            <runs>0 60 18 36 2 15 21</runs>
            <runs>0 60 13 19 1 21 3 14 17 1 4</runs>
            <runs>0 58 14 15 14 14 7 9 16 3 3</runs>
            <runs>0 57 14 15 16 13 7 10 14 4 3</runs>
            <runs>0 52 18 13 20 12 7 10 14 5 2</runs>
            <runs>0 52 17 13 11 4 8 28 11 7 2</runs>
            <runs>0 53 15 13 10 13 2 28 10 7 2</runs>
            <runs>0 53 15 13 8 16 2 29 7 8 2</runs>
            <runs>0 53 14 12 9 50 2 11 2</runs>
            <runs>0 52 14 9 12 64 2</runs>
            <runs>0 51 14 10 11 64 3</runs>
            <runs>0 41 1 9 14 10 10 65 2</runs>
            <runs>0 31 17 1 15 11 10 64 3</runs>
            <runs>0 26 40 8 11 64 2</runs>
            <runs>0 22 63 63 2</runs>
            <runs>0 20 19 8 42 58 3</runs>
            <runs>0 18 16 13 15 12 17 2 8 4 2 6 1 31 4</runs>
            <runs>0 16 14 17 14 13 12 1 4 1 31 20 5</runs>
            <runs>0 14 13 19 13 15 9 19 27 1 5 1 11</runs>
            <runs>0 13 12 20 14 15 9 30 31</runs>
            <runs>0 11 12 21 14 16 9 33 6 8 11</runs>
            <runs>0 10 12 21 14 18 9 32 6</runs>
            <runs>0 9 11 22 15 18 9 31 7</runs>
            <runs>0 8 10 23 15 19 9 31 7</runs>
            <runs>0 6 11 23 16 19 9 31 7</runs>
            <runs>0 5 11 24 16 19 10 29 3</runs>
            <runs>0 4 11 24 17 19 10 29 3</runs>
            <runs>0 3 11 23 14 24 11 26 4</runs>
            <runs>0 2 11 23 13 26 11 26 4</runs>
            <runs>0 1 11 20 16 27 12 24 4</runs>
            <runs>0 1 10 21 14 29 12 23 4</runs>
            <runs>11 20 14 30 14 19 6</runs>
            <runs>0 2 9 18 14 32 15 16 7</runs>
            <runs>0 3 9 15 14 39 12 13 6</runs>
            <runs>0 5 9 11 13 42 31</runs>
            <runs>0 8 27 46 29</runs>
            <runs>0 13 21 48 26</runs>
            <runs>0 18 12 54 22</runs>
            <runs>0 86 19</runs>
            <runs>0 89 14</runs>
            <runs>0 94 1</runs>
        </run-table>
    </sample>
    <sample shape="G_CLEF" interline="22" pitch="0.4" left="110" top="2824" id="770">
        <run-table orientation="VERTICAL" width="55" height="153">
            <runs>0 88 11</runs>
            <runs>0 84 1 1 13</runs>
            <runs>0 79 22</runs>
            <runs>0 74 29</runs>
            <runs>0 73 33</runs>
            <runs>0 72 35 29 8</runs>
            <runs>0 71 38 25 12</runs>
            <runs>0 69 19 4 1 2 15 23 14</runs>
            <runs>0 68 17 18 9 20 16</runs>
            <runs>0 67 16 24 5 19 18</runs>
            <runs>0 65 16 27 5 18 19</runs>
            <runs>0 64 16 30 4 16 21</runs>
            <runs>0 63 15 33 4 15 21</runs>
            <runs>0 62 15 35 3 15 21</runs>
            <runs>0 61 16 36 3 15 21</runs>
            <runs>0 60 17 36 8 10 17 1 3</runs>
            <runs>0 60 17 13 9 15 7 10 16 3 3</runs>
            <runs>0 59 13 15 12 16 2 14 16 3 3</runs>
            <runs>0 58 12 15 17 13 2 15 14 4 3</runs>
            <runs>0 57 13 13 21 12 1 16 13 5 2</runs>
            <runs>0 56 13 13 12 9 2 11 1 17 10 7 2</runs>
            <runs>0 52 17 12 8 15 2 10 1 18 7 9 2</runs>
            <runs>0 52 16 12 8 17 2 30 3 10 3</runs>
            <runs>0 52 14 13 9 18 1 43 3</runs>
            <runs>0 52 14 13 8 63 2</runs>
            <runs>0 52 14 12 8 63 3</runs>
            <runs>0 51 14 8 12 64 3</runs>
            <runs>0 31 9 2 1 1 2 5 14 8 12 63 3</runs>
            <runs>0 28 21 1 15 8 11 63 4</runs>
            <runs>0 26 42 2 15 61 4</runs>
            <runs>0 22 19 2 43 59 5</runs>
            <runs>0 20 14 14 15 8 51 20 7</runs>
            <runs>0 17 16 14 14 12 14 2 58</runs>
            <runs>0 16 13 17 14 13 11 17 1 4 39</runs>
            <runs>0 14 12 20 13 14 10 30 31</runs>
            <runs>0 13 11 21 13 15 10 54 1</runs>
            <runs>0 11 12 21 13 16 10</runs>
            <runs>0 9 13 21 13 18 10</runs>
            <runs>0 8 13 21 13 19 10</runs>
            <runs>0 7 12 22 14 19 10 30 7</runs>
            <runs>0 6 12 23 14 18 12 29 7</runs>
            <runs>0 6 10 24 15 19 11 28 4</runs>
            <runs>0 5 10 23 17 19 11 27 5</runs>
            <runs>0 3 11 23 13 24 12 25 5</runs>
            <runs>0 3 10 23 13 25 14 23 4</runs>
            <runs>0 1 12 18 17 26 15 20 6</runs>
            <runs>0 1 11 19 15 32 12 18 6</runs>
            <runs>11 20 14 34 11 16 7</runs>
            <runs>0 1 10 19 13 37 14 9 9</runs>
            <runs>0 3 10 14 14 40 30</runs>
            <runs>0 5 11 6 17 43 28</runs>
            <runs>0 8 28 47 25</runs>
            <runs>0 11 23 51 21</runs>
            <runs>0 17 12 58 18</runs>
            <runs>0 90 13</runs>
        </run-table>
    </sample>
    <sample shape="F_CLEF" interline="22" pitch="-1.5" left="136" top="447" id="501">
        <run-table orientation="VERTICAL" width="51" height="70">
            <runs>0 16 9 38 7</runs>
            <runs>0 13 13 37 7</runs>
            <runs>0 11 15 37 7</runs>
            <runs>0 8 19 35 8</runs>
            <runs>0 6 5 8 9 34 8</runs>
            <runs>0 1 9 9 9 33 9</runs>
            <runs>0 1 8 9 11 32 8</runs>
            <runs>0 1 7 9 12 32 3</runs>
            <runs>0 17 12 31 4</runs>
            <runs>0 16 13 30 5</runs>
            <runs>0 17 12 30 4</runs>
            <runs>0 17 11 30 4</runs>
            <runs>0 18 10 29 5</runs>
            <runs>0 19 8 29 5</runs>
            <runs>0 55 6</runs>
            <runs>0 55 5</runs>
            <runs>0 55 4</runs>
            <runs>0 52 7</runs>
            <runs>0 51 7</runs>
            <runs>0 50 7</runs>
            <runs>0 50 7</runs>
            <runs>0 44 12</runs>
            <runs>0 44 12</runs>
            <runs>7 37 11</runs>
            <runs>7 36 11</runs>
            <runs>9 33 10</runs>
            <runs>10 30 11</runs>
            <runs>14 23 13</runs>
            <runs>17 16 16</runs>
            <runs>0 1 25 2 21</runs>
            <runs>48</runs>
            <runs>0 1 46</runs>
            <runs>0 6 41</runs>
            <runs>0 7 41</runs>
            <runs>0 9 33</runs>
            <runs>0 10 30</runs>
            <runs>0 11 27</runs>
            <runs>0 13 22</runs>
            <runs>0 16 17</runs>
            <runs>0 21 10</runs>
            <runs></runs>
            <runs>0 9 4</runs>
            <runs>0 8 6 16 1</runs>
            <runs>0 7 7 15 4</runs>
            <runs>0 7 8 13 6</runs>
            <runs>0 7 8 12 8</runs>
            <runs>0 7 8 12 8</runs>
            <runs>0 8 6 13 8</runs>
            <runs>0 9 4 14 8</runs>
            <runs>0 28 6</runs>
            <runs>0 30 2</runs>
        </run-table>
    </sample>
    <sample shape="F_CLEF" interline="22" pitch="-1.5" left="119" top="952" id="565">
        <run-table orientation="VERTICAL" width="56" height="69">
            <runs>0 15 10</runs>
            <runs>0 12 13</runs>
            <runs>0 10 7 1 8 36 1</runs>
            <runs>0 8 5 6 8 34 8</runs>
            <runs>0 7 3 9 8 34 7</runs>
            <runs>0 6 2 10 10 32 4</runs>
            <runs>0 4 3 10 11 32 4</runs>
            <runs>0 3 3 11 11 32 3</runs>
            <runs>0 3 3 10 12 31 4</runs>
            <runs>0 3 2 11 12 31 4</runs>
            <runs>0 3 2 11 12 30 4</runs>
            <runs>0 3 1 12 12 29 5</runs>
            <runs>0 3 1 12 12 29 4</runs>
            <runs>0 3 1 13 10 29 5</runs>
            <runs>0 3 1 14 9 29 4</runs>
            <runs>0 3 1 15 7 29 5</runs>
            <runs>0 54 6</runs>
            <runs>0 53 6</runs>
            <runs>0 53 5</runs>
            <runs>0 52 6</runs>
            <runs>0 52 5</runs>
            <runs>0 50 7</runs>
            <runs>0 49 7</runs>
            <runs>0 3 1 39 13</runs>
            <runs>0 3 1 39 11</runs>
            <runs>0 3 2 38 11</runs>
            <runs>0 3 2 38 10</runs>
            <runs>7 35 10</runs>
            <runs>8 33 11</runs>
            <runs>10 30 11</runs>
            <runs>11 25 13</runs>
            <runs>15 19 15</runs>
            <runs>19 10 2 1 16</runs>
            <runs>47</runs>
            <runs>0 4 42</runs>
            <runs>0 5 41</runs>
            <runs>0 6 40</runs>
            <runs>0 7 35</runs>
            <runs>0 8 32</runs>
            <runs>0 10 28</runs>
            <runs>0 11 26</runs>
            <runs>0 12 23</runs>
            <runs>0 14 18</runs>
            <runs>0 18 12</runs>
            <runs></runs>
            <runs></runs>
            <runs></runs>
            <runs></runs>
            <runs>0 28 5</runs>
            <runs>0 28 6</runs>
            <runs>0 27 8</runs>
            <runs>0 27 8</runs>
            <runs>0 27 8</runs>
            <runs>0 27 8</runs>
            <runs>0 27 7</runs>
            <runs>0 29 4</runs>
        </run-table>
    </sample>
    <sample shape="F_CLEF" interline="22" pitch="-1.4" left="114" top="1476" id="614">
        <run-table orientation="VERTICAL" width="64" height="69">
            <runs>0 63 1</runs>
            <runs>0 62 7</runs>
            <runs>0 62 7</runs>
            <runs>0 62 7</runs>
            <runs>0 61 8</runs>
            <runs>0 61 8</runs>
            <runs>0 61 8</runs>
            <runs>0 61 8</runs>
            <runs>0 19 1 40 4</runs>
            <runs>0 14 11 35 4</runs>
            <runs>0 12 14 34 3</runs>
            <runs>0 9 17 34 3</runs>
            <runs>0 9 4 5 9 32 4</runs>
            <runs>0 8 2 8 9 32 4</runs>
            <runs>0 5 4 8 11 30 4</runs>
            <runs>0 4 3 10 11 30 4</runs>
            <runs>0 4 3 9 12 30 4</runs>
            <runs>0 4 2 10 12 29 5</runs>
            <runs>0 4 2 10 12 29 5</runs>
            <runs>0 4 1 10 12 29 5</runs>
            <runs>0 16 11 29 4</runs>
            <runs>0 16 11 28 5</runs>
            <runs>0 17 10 27 6</runs>
            <runs>0 18 8 28 5</runs>
            <runs>0 18 8 27 6</runs>
            <runs>0 52 6</runs>
            <runs>0 51 7</runs>
            <runs>0 50 7</runs>
            <runs>0 50 7</runs>
            <runs>0 49 8</runs>
            <runs>0 49 7</runs>
            <runs>0 44 11</runs>
            <runs>0 4 1 39 10</runs>
            <runs>0 4 1 39 10</runs>
            <runs>0 4 2 37 10</runs>
            <runs>0 4 2 36 10</runs>
            <runs>7 33 11</runs>
            <runs>0 1 8 29 13</runs>
            <runs>0 1 9 26 14</runs>
            <runs>0 1 11 22 15</runs>
            <runs>0 1 14 15 18</runs>
            <runs>0 1 47</runs>
            <runs>0 5 42</runs>
            <runs>0 6 41</runs>
            <runs>0 6 41</runs>
            <runs>0 7 36</runs>
            <runs>0 8 33</runs>
            <runs>0 10 30</runs>
            <runs>0 11 27</runs>
            <runs>0 12 24</runs>
            <runs>0 14 20</runs>
            <runs>0 17 15</runs>
            <runs></runs>
            <runs></runs>
            <runs></runs>
            <runs>0 11 4</runs>
            <runs>0 10 6</runs>
            <runs>0 10 6</runs>
            <runs>0 9 8</runs>
            <runs>0 9 8</runs>
            <runs>0 10 7</runs>
            <runs>0 10 6</runs>
            <runs>0 11 5</runs>
            <runs>0 12 2</runs>
        </run-table>
    </sample>
    <sample shape="F_CLEF" interline="22" pitch="-1.3" left="111" top="2007" id="668">
        <run-table orientation="VERTICAL" width="65" height="68">
            <runs>0 64 1</runs>
            <runs>0 62 3</runs>
            <runs>0 62 3</runs>
            <runs>0 62 3</runs>
            <runs>0 62 3</runs>
            <runs>0 62 3</runs>
            <runs>0 62 3</runs>
            <runs>0 62 3</runs>
            <runs>0 61 7</runs>
            <runs>0 16 8 37 7</runs>
            <runs>0 12 12 37 7</runs>
            <runs>0 10 15 35 8</runs>
            <runs>0 9 8 1 8 34 8</runs>
            <runs>0 7 3 8 9 33 8</runs>
            <runs>0 6 3 9 9 32 4</runs>
            <runs>0 5 3 9 11 31 3</runs>
            <runs>0 4 4 8 12 30 4</runs>
            <runs>0 3 3 10 12 30 4</runs>
            <runs>0 3 3 10 12 29 4</runs>
            <runs>0 3 2 11 12 29 3</runs>
            <runs>0 3 2 11 12 28 4</runs>
            <runs>0 3 1 12 11 29 4</runs>
            <runs>0 3 1 12 11 28 5</runs>
            <runs>0 3 1 13 9 29 4</runs>
            <runs>0 18 8 28 5</runs>
            <runs>0 53 5</runs>
            <runs>0 53 5</runs>
            <runs>0 52 5</runs>
            <runs>0 51 6</runs>
            <runs>0 50 6</runs>
            <runs>0 49 7</runs>
            <runs>0 3 1 44 7</runs>
            <runs>0 3 1 39 12</runs>
            <runs>0 3 1 39 12</runs>
            <runs>0 3 2 38 11</runs>
            <runs>0 3 2 38 10</runs>
            <runs>0 3 3 36 10</runs>
            <runs>0 3 3 35 10</runs>
            <runs>8 31 12</runs>
            <runs>9 27 13</runs>
            <runs>11 24 13</runs>
            <runs>14 18 15</runs>
            <runs>18 3 26</runs>
            <runs>0 5 41</runs>
            <runs>0 6 40</runs>
            <runs>0 7 39</runs>
            <runs>0 8 38</runs>
            <runs>0 9 32</runs>
            <runs>0 10 29</runs>
            <runs>0 11 27</runs>
            <runs>0 13 23</runs>
            <runs>0 14 21</runs>
            <runs>0 17 15</runs>
            <runs></runs>
            <runs></runs>
            <runs></runs>
            <runs>0 10 4</runs>
            <runs>0 10 5</runs>
            <runs>0 9 7</runs>
            <runs>0 9 7</runs>
            <runs>0 9 7</runs>
            <runs>0 10 6</runs>
            <runs>0 11 5</runs>
            <runs>0 11 4</runs>
            <runs>0 12 1</runs>
        </run-table>
    </sample>
    <sample shape="F_CLEF" interline="22" pitch="-1.4" left="111" top="2523" id="718">
        <run-table orientation="VERTICAL" width="61" height="69">
            <runs>0 64 1</runs>
            <runs>0 64 1</runs>
            <runs>0 64 1</runs>
            <runs>0 63 2</runs>
            <runs>0 63 2</runs>
            <runs>0 63 2</runs>
            <runs>0 13 12 37 7</runs>
            <runs>0 11 14 37 7</runs>
            <runs>0 10 17 35 7</runs>
            <runs>0 8 3 9 7 34 8</runs>
            <runs>0 7 1 11 8 34 7</runs>
            <runs>0 6 2 10 10 33 3</runs>
            <runs>0 5 2 10 11 32 4</runs>
            <runs>0 4 2 11 12 31 4</runs>
            <runs>0 4 2 11 12 30 4</runs>
            <runs>0 4 1 11 13 30 4</runs>
            <runs>0 4 1 11 13 29 4</runs>
            <runs>0 4 1 11 12 29 5</runs>
            <runs>0 17 11 29 4</runs>
            <runs>0 17 10 29 5</runs>
            <runs>0 18 9 28 6</runs>
            <runs>0 19 8 28 5</runs>
            <runs>0 54 6</runs>
            <runs>0 53 6</runs>
            <runs>0 53 5</runs>
            <runs>0 52 6</runs>
            <runs>0 51 6</runs>
            <runs>0 50 7</runs>
            <runs>0 49 8</runs>
            <runs>0 4 1 43 8</runs>
            <runs>0 4 1 38 12</runs>
            <runs>0 4 2 37 11</runs>
            <runs>0 4 2 37 10</runs>
            <runs>0 4 3 36 9</runs>
            <runs>8 33 11</runs>
            <runs>10 29 12</runs>
            <runs>12 24 14</runs>
            <runs>0 1 13 20 15</runs>
            <runs>0 1 17 12 19</runs>
            <runs>0 4 44</runs>
            <runs>0 5 42</runs>
            <runs>0 6 41</runs>
            <runs>0 7 40</runs>
            <runs>0 7 40</runs>
            <runs>0 8 33</runs>
            <runs>0 10 30</runs>
            <runs>0 11 27</runs>
            <runs>0 12 24</runs>
            <runs>0 14 19</runs>
            <runs>0 17 1 1 12</runs>
            <runs></runs>
            <runs></runs>
            <runs>0 10 3</runs>
            <runs>0 8 6</runs>
            <runs>0 8 7</runs>
            <runs>0 7 8</runs>
            <runs>0 7 9</runs>
            <runs>0 8 7</runs>
            <runs>0 8 7</runs>
            <runs>0 9 5</runs>
            <runs>0 9 4</runs>
        </run-table>
    </sample>
    <sample shape="F_CLEF" interline="22" pitch="-1.4" left="111" top="3054" id="787">
        <run-table orientation="VERTICAL" width="64" height="69">
            <runs>0 63 3</runs>
            <runs>0 63 3</runs>
            <runs>0 62 7</runs>
            <runs>0 62 7</runs>
            <runs>0 62 7</runs>
            <runs>0 62 7</runs>
            <runs>0 61 8</runs>
            <runs>0 17 3 41 4</runs>
            <runs>0 14 11 36 8</runs>
            <runs>0 12 13 35 9</runs>
            <runs>0 9 17 34 4</runs>
            <runs>0 8 5 3 11 33 4</runs>
            <runs>0 7 5 6 10 32 3</runs>
            <runs>0 6 4 7 11 31 4</runs>
            <runs>0 5 3 8 12 31 4</runs>
            <runs>0 5 2 9 12 31 3</runs>
            <runs>7 9 13 29 4</runs>
            <runs>0 5 1 10 13 29 4</runs>
            <runs>0 16 13 28 4</runs>
            <runs>0 16 12 29 4</runs>
            <runs>0 17 11 28 5</runs>
            <runs>0 17 10 29 4</runs>
            <runs>0 18 8 29 5</runs>
            <runs>0 19 7 28 5</runs>
            <runs>0 53 6</runs>
            <runs>0 52 6</runs>
            <runs>0 52 6</runs>
            <runs>0 51 6</runs>
            <runs>0 50 7</runs>
            <runs>0 50 6</runs>
            <runs>0 48 7</runs>
            <runs>0 44 11</runs>
            <runs>0 4 1 39 10</runs>
            <runs>0 4 2 37 11</runs>
            <runs>0 4 3 36 9</runs>
            <runs>0 4 3 35 10</runs>
            <runs>0 1 7 32 11</runs>
            <runs>0 1 8 30 11</runs>
            <runs>11 25 13</runs>
            <runs>15 19 14</runs>
            <runs>0 1 17 13 17</runs>
            <runs>47</runs>
            <runs>0 5 42</runs>
            <runs>0 6 41</runs>
            <runs>0 7 40</runs>
            <runs>0 7 35</runs>
            <runs>0 8 33</runs>
            <runs>0 9 29</runs>
            <runs>0 10 27</runs>
            <runs>0 12 23</runs>
            <runs>0 14 19</runs>
            <runs>0 16 11 1 3</runs>
            <runs></runs>
            <runs>0 13 1</runs>
            <runs>0 10 5</runs>
            <runs>0 10 6</runs>
            <runs>0 9 7</runs>
            <runs>0 9 8</runs>
            <runs>0 9 8</runs>
            <runs>0 9 8</runs>
            <runs>0 9 8</runs>
            <runs>0 10 6</runs>
            <runs>0 10 5</runs>
            <runs>0 12 1</runs>
        </run-table>
    </sample>
    <sample shape="FLAT" interline="22" pitch="-0.6" left="203" top="265" id="508">
        <run-table orientation="VERTICAL" width="20" height="54">
            <runs>17</runs>
            <runs>26 2 2 1 12</runs>
            <runs>54</runs>
            <runs>54</runs>
            <runs>0 2 1 4 10 11 11 10 4</runs>
            <runs>0 28 3 17 4</runs>
            <runs>0 27 4 16 5</runs>
            <runs>0 26 3 17 4</runs>
            <runs>0 26 3 15 4</runs>
            <runs>0 25 3 15 5</runs>
            <runs>0 25 3 14 5</runs>
            <runs>0 24 5 12 4</runs>
            <runs>0 24 6 5 9</runs>
            <runs>0 24 19</runs>
            <runs>0 24 18</runs>
            <runs>0 25 15</runs>
            <runs>0 25 14</runs>
            <runs>0 26 13</runs>
            <runs>0 28 10</runs>
            <runs>0 30 8</runs>
        </run-table>
    </sample>
    <sample shape="FLAT" interline="22" pitch="-3.9" left="221" top="228" id="518">
        <run-table orientation="VERTICAL" width="19" height="54">
            <runs>0 22 2 2 15 2 11</runs>
            <runs>54</runs>
            <runs>22 5 11</runs>
            <runs></runs>
            <runs></runs>
            <runs>0 27 1 19 1</runs>
            <runs>0 26 2 18 7</runs>
            <runs>0 26 2 16 9</runs>
            <runs>0 25 7 11 5</runs>
            <runs>0 25 6 11 5</runs>
            <runs>0 25 6 9 6</runs>
            <runs>0 25 6 6 7</runs>
            <runs>0 25 7 1 10</runs>
            <runs>0 25 17</runs>
            <runs>0 25 16</runs>
            <runs>0 25 15</runs>
            <runs>0 27 12</runs>
            <runs>0 28 8</runs>
            <runs>0 32 2</runs>
        </run-table>
    </sample>
    <sample shape="FLAT" interline="22" pitch="0.3" left="242" top="273" id="519">
        <run-table orientation="VERTICAL" width="19" height="54">
            <runs>45 1 7</runs>
            <runs>54</runs>
            <runs>0 2 1 22 14 3 3 1 7</runs>
            <runs>0 26 7</runs>
            <runs></runs>
            <runs></runs>
            <runs>0 45 2</runs>
            <runs>0 25 1 18 7</runs>
            <runs>0 25 1 17 8</runs>
            <runs>0 24 2 16 5</runs>
            <runs>0 24 2 15 4</runs>
            <runs>0 24 2 13 5</runs>
            <runs>0 24 19</runs>
            <runs>0 24 18</runs>
            <runs>0 26 15</runs>
            <runs>0 26 15</runs>
            <runs>0 27 12</runs>
            <runs>0 27 10</runs>
            <runs>0 28 7</runs>
        </run-table>
    </sample>
    <sample shape="FLAT" interline="22" pitch="1.6" left="204" top="478" id="524">
        <run-table orientation="VERTICAL" width="19" height="54">
            <runs>31 1 2 7 3 3 1 2 3</runs>
            <runs>54</runs>
            <runs>0 1 3 7 42</runs>
            <runs>0 27 11 10 5</runs>
            <runs>0 28 3 17 4</runs>
            <runs>0 26 3 18 4</runs>
            <runs>0 25 4 17 4</runs>
            <runs>0 25 3 16 5</runs>
            <runs>0 24 3 16 4</runs>
            <runs>0 23 4 14 5</runs>
            <runs>0 23 5 11 5</runs>
            <runs>0 24 6 5 9</runs>
            <runs>0 24 7 2 9</runs>
            <runs>0 24 16</runs>
            <runs>0 24 16</runs>
            <runs>0 25 14</runs>
            <runs>0 26 12</runs>
            <runs>0 26 12</runs>
            <runs>0 29 9</runs>
        </run-table>
    </sample>
    <sample shape="FLAT" interline="22" pitch="-1.6" left="220" top="443" id="542">
        <run-table orientation="VERTICAL" width="20" height="54">
            <runs>0 2 2 6 2</runs>
            <runs>44 2 8</runs>
            <runs>45 1 7</runs>
            <runs>0 25 10</runs>
            <runs>0 29 3</runs>
            <runs>0 29 2</runs>
            <runs></runs>
            <runs>0 45 2</runs>
            <runs>0 43 8</runs>
            <runs>0 42 9</runs>
            <runs>0 41 5</runs>
            <runs>0 39 6</runs>
            <runs>0 35 8</runs>
            <runs>0 25 17</runs>
            <runs>0 24 18</runs>
            <runs>0 24 17</runs>
            <runs>0 25 15</runs>
            <runs>0 25 12</runs>
            <runs>0 29 6</runs>
            <runs>0 30 2</runs>
        </run-table>
    </sample>
    <sample shape="FLAT" interline="22" pitch="2.4" left="240" top="487" id="541">
        <run-table orientation="VERTICAL" width="20" height="54">
            <runs>0 1 2</runs>
            <runs>0 1 14 2 18 17 1</runs>
            <runs>54</runs>
            <runs>0 22 31</runs>
            <runs>0 25 8 19 1</runs>
            <runs></runs>
            <runs></runs>
            <runs></runs>
            <runs></runs>
            <runs>0 44 1</runs>
            <runs>0 43 7</runs>
            <runs>0 41 9</runs>
            <runs>0 40 5</runs>
            <runs>0 24 8 5 7</runs>
            <runs>0 24 18</runs>
            <runs>0 24 17</runs>
            <runs>0 26 15</runs>
            <runs>0 26 14</runs>
            <runs>0 26 12</runs>
            <runs>0 26 10</runs>
        </run-table>
    </sample>
    <sample shape="FLAT" interline="22" pitch="-0.6" left="195" top="757" id="571">
        <run-table orientation="VERTICAL" width="20" height="54">
            <runs>21 19 2</runs>
            <runs>54</runs>
            <runs>0 1 53</runs>
            <runs>0 26 13 1 1 7 5</runs>
            <runs>0 27 5 17 4</runs>
            <runs>0 27 4 17 4</runs>
            <runs>0 27 3 17 3</runs>
            <runs>0 26 3 17 3</runs>
            <runs>0 26 3 15 4</runs>
            <runs>0 25 3 15 5</runs>
            <runs>0 25 3 14 5</runs>
            <runs>0 25 4 11 5</runs>
            <runs>0 24 6 5 9</runs>
            <runs>0 24 8 3 8</runs>
            <runs>0 24 18</runs>
            <runs>0 24 16</runs>
            <runs>0 25 14</runs>
            <runs>0 26 13</runs>
            <runs>0 26 13</runs>
            <runs>0 29 9</runs>
        </run-table>
    </sample>
    <sample shape="FLAT" interline="22" pitch="-4.0" left="214" top="721" id="579">
        <run-table orientation="VERTICAL" width="20" height="53">
            <runs>6 1 11 10 8 3 5</runs>
            <runs>53</runs>
            <runs>53</runs>
            <runs>5 9 4 5 12 6 2</runs>
            <runs></runs>
            <runs>0 47 2</runs>
            <runs>0 26 1 20 2</runs>
            <runs>0 26 1 19 3</runs>
            <runs>0 25 2 17 8</runs>
            <runs>0 25 2 16 4</runs>
            <runs>0 24 7 10 5</runs>
            <runs>0 24 7 8 6</runs>
            <runs>0 24 7 5 7</runs>
            <runs>0 24 19</runs>
            <runs>0 24 17</runs>
            <runs>0 24 16</runs>
            <runs>0 25 13</runs>
            <runs>0 25 12</runs>
            <runs>0 26 11</runs>
            <runs>0 31 2</runs>
        </run-table>
    </sample>
    <sample shape="FLAT" interline="22" pitch="0.1" left="235" top="765" id="582">
        <run-table orientation="VERTICAL" width="20" height="54">
            <runs>17 2 1 4 10 3 5 3 1</runs>
            <runs>0 1 53</runs>
            <runs>0 1 53</runs>
            <runs>0 20 1 5 10</runs>
            <runs></runs>
            <runs>0 48 1</runs>
            <runs>0 47 2</runs>
            <runs>0 26 1 20 2</runs>
            <runs>0 25 2 18 7</runs>
            <runs>0 25 2 16 9</runs>
            <runs>0 25 2 14 5</runs>
            <runs>0 25 2 13 5</runs>
            <runs>0 25 7 4 8</runs>
            <runs>0 25 19</runs>
            <runs>0 25 18</runs>
            <runs>0 25 16</runs>
            <runs>0 26 14</runs>
            <runs>0 26 12</runs>
            <runs>0 27 9</runs>
            <runs>0 31 2</runs>
        </run-table>
    </sample>
    <sample shape="FLAT" interline="22" pitch="1.6" left="196" top="982" id="587">
        <run-table orientation="VERTICAL" width="19" height="54">
            <runs>54</runs>
            <runs>54</runs>
            <runs>0 12 10 6 10 2 14</runs>
            <runs>0 29 3 17 4</runs>
            <runs>0 28 2 19 4</runs>
            <runs>0 27 2 18 5</runs>
            <runs>0 26 3 17 5</runs>
            <runs>0 25 3 17 5</runs>
            <runs>0 25 3 16 5</runs>
            <runs>0 24 4 15 4</runs>
            <runs>0 24 5 13 4</runs>
            <runs>0 24 5 11 5</runs>
            <runs>0 24 7 4 9</runs>
            <runs>0 24 18</runs>
            <runs>0 25 16</runs>
            <runs>0 25 15</runs>
            <runs>0 26 13</runs>
            <runs>0 27 11</runs>
            <runs>0 29 9</runs>
        </run-table>
    </sample>
    <sample shape="FLAT" interline="22" pitch="-1.8" left="213" top="946" id="595">
        <run-table orientation="VERTICAL" width="20" height="55">
            <runs>0 1 1 2 12 1 7 10 1 6 6</runs>
            <runs>55</runs>
            <runs>54</runs>
            <runs>0 25 13</runs>
            <runs>0 26 7</runs>
            <runs></runs>
            <runs></runs>
            <runs>0 46 2</runs>
            <runs>0 45 7</runs>
            <runs>0 44 8</runs>
            <runs>0 42 4</runs>
            <runs>0 41 5</runs>
            <runs>0 38 7</runs>
            <runs>0 25 18</runs>
            <runs>0 25 17</runs>
            <runs>0 25 16</runs>
            <runs>0 26 13</runs>
            <runs>0 26 12</runs>
            <runs>0 26 11</runs>
            <runs>0 26 9</runs>
        </run-table>
    </sample>
    <sample shape="FLAT" interline="22" pitch="2.2" left="235" top="990" id="596">
        <run-table orientation="VERTICAL" width="20" height="54">
            <runs>8 1 2 2 5 4 3 6 1</runs>
            <runs>54</runs>
            <runs>54</runs>
            <runs>0 25 11 1 1 1 7</runs>
            <runs>0 26 7</runs>
            <runs></runs>
            <runs></runs>
            <runs>0 46 1</runs>
            <runs>0 25 1 19 7</runs>
            <runs>0 25 1 17 8</runs>
            <runs>0 24 2 15 5</runs>
            <runs>0 24 2 14 6</runs>
            <runs>0 24 7 8 6</runs>
            <runs>0 24 10 1 9</runs>
            <runs>0 24 19</runs>
            <runs>0 25 16</runs>
            <runs>0 25 15</runs>
            <runs>0 26 12</runs>
            <runs>0 26 11</runs>
            <runs>0 26 9</runs>
        </run-table>
    </sample>
    <sample shape="FLAT" interline="22" pitch="-0.5" left="196" top="1273" id="625">
        <run-table orientation="VERTICAL" width="20" height="55">
            <runs>0 1 20</runs>
            <runs>42 1 1 4 4</runs>
            <runs>0 1 2 1 51</runs>
            <runs>0 19 21 5 9</runs>
            <runs>0 19 3 7 10 10 4</runs>
            <runs>0 28 5 16 3</runs>
            <runs>0 27 4 17 2</runs>
            <runs>0 26 4 16 4</runs>
            <runs>0 26 3 16 4</runs>
            <runs>0 25 4 14 5</runs>
            <runs>0 25 4 13 5</runs>
            <runs>0 25 4 12 5</runs>
            <runs>0 25 5 5 10</runs>
            <runs>0 25 7 2 11</runs>
            <runs>0 25 18</runs>
            <runs>0 25 16</runs>
            <runs>0 25 15</runs>
            <runs>0 26 13</runs>
            <runs>0 27 12</runs>
            <runs>0 29 10</runs>
        </run-table>
    </sample>
    <sample shape="FLAT" interline="22" pitch="-3.8" left="214" top="1238" id="635">
        <run-table orientation="VERTICAL" width="20" height="54">
            <runs>0 12 5 26 1</runs>
            <runs>54</runs>
            <runs>53</runs>
            <runs>14 3 1 2 16 1 16</runs>
            <runs>0 1 4 6 1</runs>
            <runs></runs>
            <runs></runs>
            <runs>0 26 1 19 1</runs>
            <runs>0 25 2 18 7</runs>
            <runs>0 25 2 16 9</runs>
            <runs>0 24 3 14 11</runs>
            <runs>0 24 3 13 6</runs>
            <runs>0 24 3 11 7</runs>
            <runs>0 25 19</runs>
            <runs>0 25 18</runs>
            <runs>0 25 17</runs>
            <runs>0 25 15</runs>
            <runs>0 26 13</runs>
            <runs>0 26 12</runs>
            <runs>0 27 9</runs>
        </run-table>
    </sample>
    <sample shape="FLAT" interline="22" pitch="0.0" left="234" top="1281" id="633">
        <run-table orientation="VERTICAL" width="20" height="53">
            <runs>31 3 2 4 1 3 1</runs>
            <runs>53</runs>
            <runs>53</runs>
            <runs>10 8 4 1 14 1 3 1 4</runs>
            <runs>0 27 7</runs>
            <runs></runs>
            <runs></runs>
            <runs>0 46 1</runs>
            <runs>0 44 8</runs>
            <runs>0 24 7 12 9</runs>
            <runs>0 24 6 11 5</runs>
            <runs>0 24 7 9 5</runs>
            <runs>0 24 7 7 6</runs>
            <runs>0 24 8 1 10</runs>
            <runs>0 24 17</runs>
            <runs>0 24 16</runs>
            <runs>0 25 14</runs>
            <runs>0 26 12</runs>
            <runs>0 26 11</runs>
            <runs>0 26 9</runs>
        </run-table>
    </sample>
    <sample shape="FLAT" interline="22" pitch="1.5" left="196" top="1506" id="641">
        <run-table orientation="VERTICAL" width="20" height="55">
            <runs>25 3 1 1 3 11 10</runs>
            <runs>55</runs>
            <runs>55</runs>
            <runs>0 29 10 10 4</runs>
            <runs>0 28 6 15 4</runs>
            <runs>0 27 5 16 4</runs>
            <runs>0 26 5 16 4</runs>
            <runs>0 26 3 17 4</runs>
            <runs>0 25 4 15 5</runs>
            <runs>0 25 4 14 5</runs>
            <runs>0 25 4 13 5</runs>
            <runs>0 25 4 6 11</runs>
            <runs>0 25 6 4 10</runs>
            <runs>0 25 18</runs>
            <runs>0 25 17</runs>
            <runs>0 25 16</runs>
            <runs>0 26 14</runs>
            <runs>0 27 12</runs>
            <runs>0 28 10</runs>
            <runs>0 31 3</runs>
        </run-table>
    </sample>
    <sample shape="FLAT" interline="22" pitch="-1.8" left="212" top="1471" id="649">
        <run-table orientation="VERTICAL" width="21" height="54">
            <runs>0 16 3</runs>
            <runs>0 1 52</runs>
            <runs>54</runs>
            <runs>53</runs>
            <runs>0 26 9</runs>
            <runs></runs>
            <runs></runs>
            <runs>0 46 1</runs>
            <runs>0 45 7</runs>
            <runs>0 44 8</runs>
            <runs>0 42 10</runs>
            <runs>0 41 5</runs>
            <runs>0 24 1 14 6</runs>
            <runs>0 24 8 4 8</runs>
            <runs>0 24 18</runs>
            <runs>0 25 16</runs>
            <runs>0 25 15</runs>
            <runs>0 26 13</runs>
            <runs>0 26 12</runs>
            <runs>0 26 9</runs>
            <runs>0 26 8</runs>
        </run-table>
    </sample>
    <sample shape="FLAT" interline="22" pitch="2.3" left="235" top="1515" id="647">
        <run-table orientation="VERTICAL" width="21" height="55">
            <runs>0 22 1 1 2 21 7</runs>
            <runs>55</runs>
            <runs>54</runs>
            <runs>39 8 7</runs>
            <runs>0 26 8</runs>
            <runs>0 31 1</runs>
            <runs></runs>
            <runs>0 46 1</runs>
            <runs>0 45 7</runs>
            <runs>0 25 1 17 8</runs>
            <runs>0 25 1 16 9</runs>
            <runs>0 24 2 15 10</runs>
            <runs>0 24 2 13 7</runs>
            <runs>0 24 7 4 9</runs>
            <runs>0 25 18</runs>
            <runs>0 25 18</runs>
            <runs>0 25 16</runs>
            <runs>0 25 15</runs>
            <runs>0 26 13</runs>
            <runs>0 27 11</runs>
            <runs>0 25 7 1 3</runs>
        </run-table>
    </sample>
    <sample shape="FLAT" interline="22" pitch="-0.4" left="195" top="1784" id="675">
        <run-table orientation="VERTICAL" width="20" height="54">
            <runs>22 2 3 1 26</runs>
            <runs>54</runs>
            <runs>0 1 53</runs>
            <runs>0 27 12 10 4</runs>
            <runs>0 28 11 9 4</runs>
            <runs>0 28 3 16 5</runs>
            <runs>0 27 3 16 5</runs>
            <runs>0 26 3 16 5</runs>
            <runs>0 26 3 15 5</runs>
            <runs>0 25 4 14 5</runs>
            <runs>0 25 4 12 6</runs>
            <runs>0 24 6 5 11</runs>
            <runs>0 24 7 4 10</runs>
            <runs>0 24 20</runs>
            <runs>0 25 17</runs>
            <runs>0 25 17</runs>
            <runs>0 26 15</runs>
            <runs>0 27 12</runs>
            <runs>0 28 11</runs>
            <runs>0 32 2</runs>
        </run-table>
    </sample>
    <sample shape="FLAT" interline="22" pitch="-3.7" left="213" top="1748" id="686">
        <run-table orientation="VERTICAL" width="20" height="55">
            <runs>0 3 1 49 2</runs>
            <runs>0 2 53</runs>
            <runs>47 1 7</runs>
            <runs>0 1 3 1 1 7 2 1 3 2 4 3 8</runs>
            <runs>0 1 1 29 2</runs>
            <runs></runs>
            <runs>0 48 1</runs>
            <runs>0 47 2</runs>
            <runs>0 46 3</runs>
            <runs>0 44 8</runs>
            <runs>0 42 10</runs>
            <runs>0 41 6</runs>
            <runs>0 39 7</runs>
            <runs>0 26 7 1 11</runs>
            <runs>0 26 17</runs>
            <runs>0 26 16</runs>
            <runs>0 27 14</runs>
            <runs>0 27 13</runs>
            <runs>0 28 11</runs>
            <runs>0 28 8</runs>
        </run-table>
    </sample>
    <sample shape="FLAT" interline="22" pitch="0.2" left="234" top="1793" id="684">
        <run-table orientation="VERTICAL" width="20" height="54">
            <runs>0 42 4</runs>
            <runs>54</runs>
            <runs>54</runs>
            <runs>42</runs>
            <runs>0 26 8</runs>
            <runs></runs>
            <runs>0 46 2</runs>
            <runs>0 45 3</runs>
            <runs>0 44 7</runs>
            <runs>0 43 8</runs>
            <runs>0 41 10</runs>
            <runs>0 24 1 15 6</runs>
            <runs>0 24 7 7 7</runs>
            <runs>0 24 8 3 9</runs>
            <runs>0 24 18</runs>
            <runs>0 25 16</runs>
            <runs>0 25 15</runs>
            <runs>0 26 13</runs>
            <runs>0 26 12</runs>
            <runs>0 27 9</runs>
        </run-table>
    </sample>
    <sample shape="FLAT" interline="22" pitch="1.5" left="195" top="2037" id="691">
        <run-table orientation="VERTICAL" width="20" height="54">
            <runs>18 1 7 4 13 1 9</runs>
            <runs>54</runs>
            <runs>53</runs>
            <runs>0 25 13 11 3</runs>
            <runs>0 27 4 17 3</runs>
            <runs>0 27 2 18 4</runs>
            <runs>0 26 2 18 4</runs>
            <runs>0 25 3 17 4</runs>
            <runs>0 25 3 15 5</runs>
            <runs>0 24 4 14 5</runs>
            <runs>0 24 5 11 6</runs>
            <runs>0 24 5 10 6</runs>
            <runs>0 24 6 5 9</runs>
            <runs>0 24 19</runs>
            <runs>0 24 18</runs>
            <runs>0 24 17</runs>
            <runs>0 25 15</runs>
            <runs>0 26 12</runs>
            <runs>0 27 10</runs>
            <runs>0 30 1 2 2</runs>
        </run-table>
    </sample>
    <sample shape="FLAT" interline="22" pitch="-1.9" left="212" top="2002" id="699">
        <run-table orientation="VERTICAL" width="20" height="54">
            <runs>0 4 12 1 1 1 1</runs>
            <runs>54</runs>
            <runs>53</runs>
            <runs>1 1 10 3 22</runs>
            <runs>0 25 8</runs>
            <runs>0 30 1</runs>
            <runs></runs>
            <runs></runs>
            <runs>0 45 1</runs>
            <runs>0 43 8</runs>
            <runs>0 42 9</runs>
            <runs>0 40 5</runs>
            <runs>0 37 7</runs>
            <runs>0 24 10 2 7</runs>
            <runs>0 24 18</runs>
            <runs>0 25 16</runs>
            <runs>0 25 15</runs>
            <runs>0 25 14</runs>
            <runs>0 25 12</runs>
            <runs>0 25 10</runs>
        </run-table>
    </sample>
    <sample shape="FLAT" interline="22" pitch="2.3" left="233" top="2045" id="701">
        <run-table orientation="VERTICAL" width="21" height="54">
            <runs>10 11 1</runs>
            <runs>54</runs>
            <runs>54</runs>
            <runs>0 22 22 3 7</runs>
            <runs>0 26 8</runs>
            <runs>0 30 2</runs>
            <runs></runs>
            <runs>0 46 2</runs>
            <runs>0 25 1 19 3</runs>
            <runs>0 25 1 18 7</runs>
            <runs>0 24 2 16 10</runs>
            <runs>0 24 2 14 6</runs>
            <runs>0 24 2 13 6</runs>
            <runs>0 24 7 4 9</runs>
            <runs>0 24 19</runs>
            <runs>0 25 17</runs>
            <runs>0 25 16</runs>
            <runs>0 26 14</runs>
            <runs>0 26 13</runs>
            <runs>0 26 11</runs>
            <runs>0 32 3</runs>
        </run-table>
    </sample>
    <sample shape="FLAT" interline="22" pitch="-0.5" left="193" top="2335" id="740">
        <run-table orientation="VERTICAL" width="19" height="54">
            <runs>2 1 19 5 27</runs>
            <runs>54</runs>
            <runs>45 1 7</runs>
            <runs>0 17 2 9 11 10 3</runs>
            <runs>0 28 3 17 4</runs>
            <runs>0 27 3 17 4</runs>
            <runs>0 26 3 17 3</runs>
            <runs>0 25 3 17 4</runs>
            <runs>0 25 3 16 4</runs>
            <runs>0 25 3 15 4</runs>
            <runs>0 24 4 13 5</runs>
            <runs>0 24 5 10 5</runs>
            <runs>0 24 6 4 9</runs>
            <runs>0 24 18</runs>
            <runs>0 24 18</runs>
            <runs>0 25 16</runs>
            <runs>0 25 14</runs>
            <runs>0 26 12</runs>
            <runs>0 28 10</runs>
        </run-table>
    </sample>
    <sample shape="FLAT" interline="22" pitch="-3.9" left="210" top="2299" id="748">
        <run-table orientation="VERTICAL" width="20" height="54">
            <runs>0 40 2 3 1</runs>
            <runs>54</runs>
            <runs>53</runs>
            <runs>15 1 8 1 12</runs>
            <runs></runs>
            <runs></runs>
            <runs></runs>
            <runs>0 26 1 19 2</runs>
            <runs>0 25 2 18 7</runs>
            <runs>0 25 2 16 9</runs>
            <runs>0 25 2 14 5</runs>
            <runs>0 24 7 9 6</runs>
            <runs>0 24 7 7 7</runs>
            <runs>0 24 8 4 8</runs>
            <runs>0 25 17</runs>
            <runs>0 25 16</runs>
            <runs>0 25 15</runs>
            <runs>0 26 13</runs>
            <runs>0 27 10</runs>
            <runs>0 27 8</runs>
        </run-table>
    </sample>
    <sample shape="FLAT" interline="22" pitch="0.2" left="230" top="2343" id="751">
        <run-table orientation="VERTICAL" width="20" height="54">
            <runs>0 2 8 15 1</runs>
            <runs>0 1 53</runs>
            <runs>54</runs>
            <runs>0 1 9 13 12 17 2</runs>
            <runs>0 26 7</runs>
            <runs></runs>
            <runs></runs>
            <runs></runs>
            <runs>0 45 7</runs>
            <runs>0 44 8</runs>
            <runs>0 42 5</runs>
            <runs>0 41 5</runs>
            <runs>0 39 5</runs>
            <runs>0 36 8</runs>
            <runs>0 25 17</runs>
            <runs>0 25 16</runs>
            <runs>0 26 14</runs>
            <runs>0 26 13</runs>
            <runs>0 27 11</runs>
            <runs>0 27 9</runs>
        </run-table>
    </sample>
    <sample shape="FLAT" interline="22" pitch="1.5" left="192" top="2553" id="756">
        <run-table orientation="VERTICAL" width="20" height="53">
            <runs>0 1 8 1 3 4 1 4 1</runs>
            <runs>53</runs>
            <runs>53</runs>
            <runs>0 2 2 7 9 4 29</runs>
            <runs>0 28 10 11 3</runs>
            <runs>0 27 4 17 4</runs>
            <runs>0 27 3 17 4</runs>
            <runs>0 25 4 17 4</runs>
            <runs>0 25 4 15 5</runs>
            <runs>0 25 4 14 5</runs>
            <runs>0 24 5 13 5</runs>
            <runs>0 24 5 11 6</runs>
            <runs>0 24 6 5 10</runs>
            <runs>0 24 7 3 10</runs>
            <runs>0 24 18</runs>
            <runs>0 25 16</runs>
            <runs>0 25 15</runs>
            <runs>0 26 13</runs>
            <runs>0 27 12</runs>
            <runs>0 29 9</runs>
        </run-table>
    </sample>
    <sample shape="FLAT" interline="22" pitch="-1.7" left="211" top="2519" id="764">
        <run-table orientation="VERTICAL" width="20" height="54">
            <runs>36 3 12</runs>
            <runs>54</runs>
            <runs>54</runs>
            <runs>0 24 11 12 7</runs>
            <runs>0 25 7 19 2</runs>
            <runs>0 30 1</runs>
            <runs></runs>
            <runs></runs>
            <runs>0 44 2</runs>
            <runs>0 42 8</runs>
            <runs>0 41 9</runs>
            <runs>0 40 5</runs>
            <runs>0 37 7</runs>
            <runs>0 24 19</runs>
            <runs>0 24 17</runs>
            <runs>0 24 16</runs>
            <runs>0 25 14</runs>
            <runs>0 25 13</runs>
            <runs>0 25 12</runs>
            <runs>0 24 10</runs>
        </run-table>
    </sample>
    <sample shape="FLAT" interline="22" pitch="2.3" left="231" top="2562" id="762">
        <run-table orientation="VERTICAL" width="20" height="55">
            <runs>0 1 10 4 2 2 3 10 1</runs>
            <runs>0 1 53</runs>
            <runs>55</runs>
            <runs>0 3 7 4 2 5 22 2 9</runs>
            <runs>0 25 9 13 7</runs>
            <runs>0 25 7</runs>
            <runs></runs>
            <runs></runs>
            <runs>0 45 2</runs>
            <runs>0 44 7</runs>
            <runs>0 43 8</runs>
            <runs>0 41 10</runs>
            <runs>0 39 6</runs>
            <runs>0 24 11 1 8</runs>
            <runs>0 25 18</runs>
            <runs>0 25 17</runs>
            <runs>0 25 16</runs>
            <runs>0 25 14</runs>
            <runs>0 25 13</runs>
            <runs>0 25 11</runs>
        </run-table>
    </sample>
    <sample shape="CLUTTER" interline="22" left="218" top="2852" id="0">
        <run-table orientation="VERTICAL" width="34" height="73">
            <runs>0 1 1 19 1</runs>
            <runs>0 1 1 17 7</runs>
            <runs>2 15 9</runs>
            <runs>2 14 5</runs>
            <runs>2 12 6</runs>
            <runs>19</runs>
            <runs>17</runs>
            <runs>16</runs>
            <runs>15</runs>
            <runs>0 1 13</runs>
            <runs>0 1 11</runs>
            <runs>0 2 8 20 9 4 2 11 2</runs>
            <runs>0 30 43</runs>
            <runs>0 31 5 1 3 1 32</runs>
            <runs>0 43 21 2 7</runs>
            <runs>0 44 10 18 1</runs>
            <runs></runs>
            <runs></runs>
            <runs>0 64 7</runs>
            <runs>0 64 7</runs>
            <runs>0 62 9</runs>
            <runs>0 61 10</runs>
            <runs>0 60 6</runs>
            <runs>0 58 7</runs>
            <runs>0 45 7 3 9</runs>
            <runs>0 45 17</runs>
            <runs>0 45 16</runs>
            <runs>0 45 15</runs>
            <runs>0 45 14</runs>
            <runs>0 45 13</runs>
            <runs>0 45 13</runs>
            <runs>0 51 6</runs>
            <runs>0 45 9</runs>
            <runs>0 49 2</runs>
        </run-table>
    </sample>
</samples>
