<?xml version="1.0" encoding="UTF-8" standalone="yes"?>
<samples sheet-name="IMSLP00121#34">
    <sample shape="FLAT" interline="19" pitch="-4.1" left="328" top="358" id="252">
        <run-table orientation="VERTICAL" width="22" height="48">
            <runs>0 2 2</runs>
            <runs>0 1 20</runs>
            <runs>35</runs>
            <runs>48</runs>
            <runs>48</runs>
            <runs>48</runs>
            <runs>0 30 1</runs>
            <runs></runs>
            <runs>0 24 1</runs>
            <runs>0 24 1 17 1</runs>
            <runs>0 24 1 16 2</runs>
            <runs>0 23 2 15 3</runs>
            <runs>0 23 2 13 5</runs>
            <runs>0 23 2 11 7</runs>
            <runs>0 23 19</runs>
            <runs>0 23 18</runs>
            <runs>0 23 17</runs>
            <runs>0 24 16</runs>
            <runs>0 25 14</runs>
            <runs>0 25 13</runs>
            <runs>0 25 12</runs>
            <runs>0 25 10</runs>
        </run-table>
    </sample>
</samples>
