<?xml version="1.0" encoding="UTF-8" standalone="yes"?>
<samples sheet-name="IMSLP00120#4">
    <sample shape="F_CLEF" interline="19" pitch="-1.5" left="256" top="595" id="186">
        <run-table orientation="VERTICAL" width="52" height="59">
            <runs>0 13 9</runs>
            <runs>0 10 13</runs>
            <runs>0 9 16</runs>
            <runs>0 6 20</runs>
            <runs>0 5 22</runs>
            <runs>11 1 16</runs>
            <runs>10 2 16</runs>
            <runs>9 3 16</runs>
            <runs>0 5 2 5 17</runs>
            <runs>0 5 2 5 17</runs>
            <runs>0 5 1 6 17 23 1</runs>
            <runs>0 12 17 22 8</runs>
            <runs>0 12 17 22 8</runs>
            <runs>0 12 15 23 9</runs>
            <runs>0 12 15 22 10</runs>
            <runs>0 13 13 23 6</runs>
            <runs>0 14 11 23 7</runs>
            <runs>0 15 9 23 8</runs>
            <runs>0 46 8</runs>
            <runs>0 46 8</runs>
            <runs>0 45 9</runs>
            <runs>0 44 8</runs>
            <runs>0 38 14</runs>
            <runs>0 5 1 32 13</runs>
            <runs>0 5 2 31 13</runs>
            <runs>0 5 2 31 12</runs>
            <runs>8 29 12</runs>
            <runs>10 25 14</runs>
            <runs>12 20 16</runs>
            <runs>15 14 18</runs>
            <runs>46</runs>
            <runs>45</runs>
            <runs>44</runs>
            <runs>43</runs>
            <runs>0 6 36</runs>
            <runs>0 7 35</runs>
            <runs>0 8 34</runs>
            <runs>0 9 27</runs>
            <runs>0 11 23</runs>
            <runs>0 13 16</runs>
            <runs>0 18 8</runs>
            <runs></runs>
            <runs></runs>
            <runs>0 8 4 17 1</runs>
            <runs>0 7 6 13 5</runs>
            <runs>0 6 8 12 6</runs>
            <runs>0 6 9 10 8</runs>
            <runs>0 6 9 10 9</runs>
            <runs>0 6 8 11 9</runs>
            <runs>0 6 8 11 9</runs>
            <runs>0 7 6 13 7</runs>
            <runs>0 28 3</runs>
        </run-table>
    </sample>
    <sample shape="SHARP" interline="19" pitch="-4.9" left="362" top="1011" id="261">
        <run-table orientation="VERTICAL" width="21" height="59">
            <runs>0 20 5</runs>
            <runs>0 19 7</runs>
            <runs>0 18 9 9 9</runs>
            <runs>0 5 3 2 1 1 22 2 9</runs>
            <runs>0 4 31 1 9</runs>
            <runs>0 3 43</runs>
            <runs>0 4 55</runs>
            <runs>0 16 10 8 25</runs>
            <runs>0 17 8 10 10</runs>
            <runs>0 17 8 10 9</runs>
            <runs>0 16 9 10 9</runs>
            <runs>0 16 8 11 9</runs>
            <runs>0 16 8 10 9</runs>
            <runs>0 15 10 8 10</runs>
            <runs>44</runs>
            <runs>59</runs>
            <runs>0 1 58</runs>
            <runs>0 2 57</runs>
            <runs>0 13 9 10 22</runs>
            <runs>0 13 9 10 11</runs>
            <runs>0 14 7 12 8</runs>
        </run-table>
    </sample>
    <sample shape="SHARP" interline="19" pitch="-2.8" left="360" top="1932" id="339">
        <run-table orientation="VERTICAL" width="23" height="59">
            <runs>0 17 9 10 8</runs>
            <runs>0 17 9 10 9</runs>
            <runs>0 17 9 11 9</runs>
            <runs>0 17 10 9 10</runs>
            <runs>0 4 55</runs>
            <runs>0 4 55</runs>
            <runs>0 4 55</runs>
            <runs>0 4 23 6 1 1 24</runs>
            <runs>0 16 9 11 9</runs>
            <runs>0 16 8 12 9</runs>
            <runs>0 16 8 12 8</runs>
            <runs>0 15 9 11 9</runs>
            <runs>0 15 9 11 9</runs>
            <runs>0 14 10 10 10</runs>
            <runs>0 11 14 6 15 2 11</runs>
            <runs>59</runs>
            <runs>59</runs>
            <runs>54</runs>
            <runs>0 3 51</runs>
            <runs>0 13 10 10 9</runs>
            <runs>0 13 10 10 9</runs>
            <runs>0 13 10 10 8</runs>
            <runs>0 14 8 12 2</runs>
        </run-table>
    </sample>
    <sample shape="SHARP" interline="19" pitch="-2.1" left="320" top="2692" id="405">
        <run-table orientation="VERTICAL" width="20" height="60">
            <runs>0 20 7 15 2</runs>
            <runs>0 19 13 7 7</runs>
            <runs>0 19 13 6 8</runs>
            <runs>0 5 9 3 19 2 13</runs>
            <runs>0 4 47 3 4</runs>
            <runs>0 3 57</runs>
            <runs>0 4 56</runs>
            <runs>0 10 23 2 25</runs>
            <runs>0 17 9 10 23</runs>
            <runs>0 17 9 11 8</runs>
            <runs>0 16 9 12 8</runs>
            <runs>0 16 9 11 8</runs>
            <runs>0 1 12 3 9 10 9</runs>
            <runs>25 9 10</runs>
            <runs>44</runs>
            <runs>45</runs>
            <runs>0 1 55</runs>
            <runs>0 10 45</runs>
            <runs>0 10 13 5 14</runs>
            <runs>0 10 13 10 8</runs>
        </run-table>
    </sample>
</samples>
