<?xml version="1.0" encoding="UTF-8" standalone="yes"?>
<samples sheet-name="IMSLP00668#26">
    <sample shape="FLAT" interline="16" pitch="1.4" left="299" top="1246" id="372">
        <run-table orientation="VERTICAL" width="13" height="40">
            <runs>0 1 22 13 4</runs>
            <runs>28 8 4</runs>
            <runs>28 8 4</runs>
            <runs>0 19 4 13 3</runs>
            <runs>0 19 3 12 2</runs>
            <runs>0 19 3 10 4</runs>
            <runs>0 19 3 9 4</runs>
            <runs>0 19 3 7 6</runs>
            <runs>0 18 5 2 9</runs>
            <runs>0 18 15</runs>
            <runs>0 19 12</runs>
            <runs>0 19 12</runs>
            <runs>0 20 9</runs>
        </run-table>
    </sample>
    <sample shape="FLAT" interline="16" pitch="1.6" left="304" top="2280" id="558">
        <run-table orientation="VERTICAL" width="14" height="45">
            <runs>0 4 3 2 13 3 13</runs>
            <runs>45</runs>
            <runs>30 6 9</runs>
            <runs>0 1 5 8 2 3 10 6 4</runs>
            <runs>0 19 4 11 4</runs>
            <runs>0 19 3 11 4</runs>
            <runs>0 18 4 4 10</runs>
            <runs>0 19 3 3 10</runs>
            <runs>0 19 15</runs>
            <runs>0 19 14</runs>
            <runs>0 19 13</runs>
            <runs>0 20 12</runs>
            <runs>0 21 10</runs>
            <runs>0 22 7</runs>
        </run-table>
    </sample>
    <sample shape="COMMON_TIME" interline="16" pitch="-0.3" left="435" top="513" id="309">
        <run-table orientation="VERTICAL" width="30" height="37">
            <runs>0 12 2</runs>
            <runs>0 10 15 1 1</runs>
            <runs>0 9 20</runs>
            <runs>0 7 24</runs>
            <runs>0 6 26</runs>
            <runs>0 2 35</runs>
            <runs>0 1 36</runs>
            <runs>0 2 35</runs>
            <runs>0 2 35</runs>
            <runs>0 1 36</runs>
            <runs>0 1 36</runs>
            <runs>9 18 10</runs>
            <runs></runs>
            <runs></runs>
            <runs></runs>
            <runs></runs>
            <runs></runs>
            <runs>0 8 5</runs>
            <runs>0 7 8</runs>
            <runs>0 6 10</runs>
            <runs>16</runs>
            <runs>17</runs>
            <runs>0 1 20</runs>
            <runs>0 1 20</runs>
            <runs>0 1 20 9 7</runs>
            <runs>0 1 16 12 8</runs>
            <runs>0 2 14 10 11</runs>
            <runs>0 2 14 7 9</runs>
            <runs>0 1 14 8 7</runs>
            <runs>0 8 5 11 5</runs>
        </run-table>
    </sample>
    <sample shape="COMMON_TIME" interline="16" pitch="-0.4" left="436" top="722" id="320">
        <run-table orientation="VERTICAL" width="29" height="37">
            <runs>0 13 11</runs>
            <runs>0 10 16</runs>
            <runs>0 8 22</runs>
            <runs>0 7 24</runs>
            <runs>0 6 26</runs>
            <runs>0 2 31</runs>
            <runs>0 2 35</runs>
            <runs>0 2 35</runs>
            <runs>0 2 35</runs>
            <runs>0 2 35</runs>
            <runs>0 1 13 11 12</runs>
            <runs>0 31 1</runs>
            <runs></runs>
            <runs></runs>
            <runs></runs>
            <runs></runs>
            <runs>0 11 1</runs>
            <runs>0 9 6</runs>
            <runs>0 7 9</runs>
            <runs>17</runs>
            <runs>17</runs>
            <runs>0 1 16</runs>
            <runs>0 1 16</runs>
            <runs>0 2 15 14 2</runs>
            <runs>0 2 15 13 7</runs>
            <runs>0 2 15 11 9</runs>
            <runs>0 2 14 9 7</runs>
            <runs>0 2 13 9 6</runs>
            <runs>0 8 5 12 4</runs>
        </run-table>
    </sample>
</samples>
