<?xml version="1.0" encoding="UTF-8" standalone="yes"?>
<samples sheet-name="IMSLP00005#13">
    <sample shape="G_CLEF" interline="22" pitch="0.3" left="136" top="823" id="346">
        <run-table orientation="VERTICAL" width="55" height="155">
            <runs>0 89 1 1 9</runs>
            <runs>0 83 20</runs>
            <runs>0 80 25</runs>
            <runs>0 75 31</runs>
            <runs>0 74 34</runs>
            <runs>0 73 37</runs>
            <runs>0 71 40</runs>
            <runs>0 70 42</runs>
            <runs>0 68 25 1 19</runs>
            <runs>0 67 22 15 10 25 6</runs>
            <runs>0 66 22 18 9 22 11</runs>
            <runs>0 65 19 24 8 19 14</runs>
            <runs>0 63 20 27 6 18 17</runs>
            <runs>0 62 19 30 6 17 18</runs>
            <runs>0 61 19 32 9 12 19</runs>
            <runs>0 60 18 36 7 12 20</runs>
            <runs>0 59 18 14 11 12 7 12 21</runs>
            <runs>0 58 19 13 13 12 1 17 21</runs>
            <runs>0 53 24 11 17 28 21</runs>
            <runs>0 53 20 12 22 26 22</runs>
            <runs>0 53 19 12 25 24 22</runs>
            <runs>0 53 18 12 12 11 4 23 17 1 4</runs>
            <runs>0 53 17 12 10 15 4 23 16 1 4</runs>
            <runs>0 28 20 5 16 12 10 18 3 22 15 3 3</runs>
            <runs>0 23 45 12 10 21 1 23 13 4 3</runs>
            <runs>0 20 47 12 11 46 10 6 3</runs>
            <runs>0 18 49 8 14 48 8 7 3</runs>
            <runs>0 15 57 2 15 51 1 11 3</runs>
            <runs>0 13 25 4 2 2 42 64 2</runs>
            <runs>0 12 23 12 40 64 3</runs>
            <runs>0 10 19 17 18 5 20 1 4 57 3</runs>
            <runs>0 9 18 19 16 12 27 7 1 41 4</runs>
            <runs>0 8 17 20 17 13 35 40 3</runs>
            <runs>0 7 16 21 17 14 11 5 3 2 26 27 4</runs>
            <runs>0 6 15 22 17 15 11 19 18 24 5</runs>
            <runs>0 4 16 22 17 16 11 24 24 11 5</runs>
            <runs>0 3 15 23 17 16 12 29 34</runs>
            <runs>0 2 15 23 17 17 12 31 31</runs>
            <runs>0 1 14 23 18 19 11 46 14</runs>
            <runs>15 21 20 19 12 52 4</runs>
            <runs>14 18 24 19 12</runs>
            <runs>0 1 12 19 19 24 12 28 7</runs>
            <runs>0 3 10 17 19 26 12 27 8</runs>
            <runs>0 5 11 11 21 27 13 26 2</runs>
            <runs>0 7 37 31 13 25 3</runs>
            <runs>0 10 32 37 10 23 4</runs>
            <runs>0 13 26 41 10 21 5</runs>
            <runs>0 20 15 45 12 18 5</runs>
            <runs>0 22 3 56 13 14 6</runs>
            <runs>0 22 1 59 13 11 8</runs>
            <runs>0 83 29</runs>
            <runs>0 84 27</runs>
            <runs>0 86 23</runs>
            <runs>0 88 19</runs>
            <runs>0 90 16</runs>
        </run-table>
    </sample>
    <sample shape="FLAT" interline="22" pitch="0.4" left="248" top="3042" id="568">
        <run-table orientation="VERTICAL" width="18" height="56">
            <runs>0 2 2 15 1 1 1 1 7 3 4 1 18</runs>
            <runs>55</runs>
            <runs>43 1 11</runs>
            <runs>0 1 11 1 1 1 1 1 2 4 3 1 9 18 1</runs>
            <runs>0 32 1</runs>
            <runs></runs>
            <runs></runs>
            <runs>0 46 1</runs>
            <runs>0 45 7</runs>
            <runs>0 44 8</runs>
            <runs>0 43 9</runs>
            <runs>0 41 6</runs>
            <runs>0 26 7 6 7</runs>
            <runs>0 25 20</runs>
            <runs>0 25 19</runs>
            <runs>0 26 16</runs>
            <runs>0 27 13</runs>
            <runs>0 27 12</runs>
        </run-table>
    </sample>
</samples>
