<?xml version="1.0" encoding="UTF-8" standalone="yes"?>
<samples sheet-name="IMSLP00693#1">
    <sample shape="C_CLEF" interline="14" pitch="-1.9" left="545" top="1377" id="774">
        <run-table orientation="VERTICAL" width="41" height="60">
            <runs>0 2 19 2 3 1 7 18 8</runs>
            <runs>0 1 59</runs>
            <runs>0 1 59</runs>
            <runs>0 1 59</runs>
            <runs>0 1 59</runs>
            <runs>60</runs>
            <runs>60</runs>
            <runs>60</runs>
            <runs>0 1 20 1 38</runs>
            <runs>0 2 4 1 11 1 1 3 1 17 19</runs>
            <runs>0 2 16 34 8</runs>
            <runs>0 2 26 1 19 1 11</runs>
            <runs>0 2 58</runs>
            <runs>0 2 19 2 37</runs>
            <runs>0 2 12 13 8 5 2 5 13</runs>
            <runs>0 51 2</runs>
            <runs>0 7 5 40 3</runs>
            <runs>0 6 7 14 8 16 9</runs>
            <runs>0 4 11 5 21 7 12</runs>
            <runs>0 3 12 1 26 5 13</runs>
            <runs>0 3 12 1 44</runs>
            <runs>0 2 13 4 41</runs>
            <runs>0 2 13 6 39</runs>
            <runs>0 2 13 8 5 5 8 1 18</runs>
            <runs>0 1 4 1 8 10 2 9 3 9 8</runs>
            <runs>0 1 4 1 8 10 2 8 3 10 8</runs>
            <runs>0 1 4 3 5 12 2 7 3 10 6</runs>
            <runs>0 2 4 19 2 6 3</runs>
            <runs>0 1 5 18 4 5 3</runs>
            <runs>0 1 5 18 4 5 4</runs>
            <runs>0 2 5 17 4 5 4 15 8</runs>
            <runs>0 1 18 1 7 3 10 11 9</runs>
            <runs>0 2 25 2 31</runs>
            <runs>0 3 24 6 27</runs>
            <runs>0 3 23 7 27</runs>
            <runs>0 4 22 8 26</runs>
            <runs>0 6 18 11 20</runs>
            <runs>0 6 18 11 20</runs>
            <runs>0 6 17 14 16</runs>
            <runs>0 9 12 17 15</runs>
            <runs>0 41 7</runs>
        </run-table>
    </sample>
    <sample shape="C_CLEF" interline="14" pitch="0.3" left="330" top="2805" id="974">
        <run-table orientation="VERTICAL" width="41" height="59">
            <runs>0 41 18</runs>
            <runs>0 4 2 1 2 1 8 2 3 2 1 5 1 9 18</runs>
            <runs>0 1 58</runs>
            <runs>0 1 58</runs>
            <runs>0 1 57</runs>
            <runs>0 1 57</runs>
            <runs>59</runs>
            <runs>58</runs>
            <runs>0 1 58</runs>
            <runs>0 1 22 1 21</runs>
            <runs>0 21 1</runs>
            <runs>0 41 17</runs>
            <runs>0 1 21 1 3 1 31</runs>
            <runs>0 1 57</runs>
            <runs>0 1 25 1 18 7 2</runs>
            <runs></runs>
            <runs>0 6 1 41 10</runs>
            <runs>0 1 10 15 8 12 12</runs>
            <runs>0 1 11 13 11 5 17</runs>
            <runs>0 1 11 11 13 5 17</runs>
            <runs>0 1 12 7 38</runs>
            <runs>0 1 12 2 43</runs>
            <runs>0 1 12 2 43</runs>
            <runs>0 5 8 8 10 1 6 3 16</runs>
            <runs>0 5 8 9 3 9 3 4 17</runs>
            <runs>0 6 7 9 3 9 2 5 12</runs>
            <runs>0 7 4 12 3 7 3 10 7</runs>
            <runs>0 4 1 3 1 15 2 6 4 13 2</runs>
            <runs>0 4 1 19 2 6 3</runs>
            <runs>0 4 1 19 2 5 4</runs>
            <runs>0 4 2 16 8 1 4 11 1 2 8</runs>
            <runs>0 4 2 2 1 10 2 1 8 1 6 4 16</runs>
            <runs>0 1 29 1 26</runs>
            <runs>0 1 29 1 26</runs>
            <runs>0 1 25 6 25</runs>
            <runs>0 1 25 6 25</runs>
            <runs>0 1 24 8 24</runs>
            <runs>0 1 23 9 24</runs>
            <runs>0 5 18 11 23</runs>
            <runs>0 5 17 14 15</runs>
            <runs>0 9 10 18 12</runs>
        </run-table>
    </sample>
    <sample shape="F_CLEF" interline="14" pitch="-1.2" left="545" top="1059" id="752">
        <run-table orientation="VERTICAL" width="44" height="50">
            <runs>0 12 3 32 3</runs>
            <runs>0 7 11 28 4</runs>
            <runs>0 6 13 27 4</runs>
            <runs>0 6 14 26 4</runs>
            <runs>0 5 16 21 8</runs>
            <runs>22 20 7</runs>
            <runs>23 19 7</runs>
            <runs>23 19 7</runs>
            <runs>7 1 15 19 6</runs>
            <runs>0 8 16 18 6</runs>
            <runs>0 9 15 18 6</runs>
            <runs>0 9 16 17 6</runs>
            <runs>0 9 15 18 5</runs>
            <runs>0 10 13 19 5</runs>
            <runs>0 11 12 17 6</runs>
            <runs>0 5 1 6 10 17 7</runs>
            <runs>0 5 1 32 8</runs>
            <runs>0 5 1 30 9</runs>
            <runs>0 5 1 28 11</runs>
            <runs>0 5 2 26 12</runs>
            <runs>0 5 2 22 17</runs>
            <runs>0 1 8 20 13</runs>
            <runs>0 1 8 20 12</runs>
            <runs>0 1 12 13 14</runs>
            <runs>0 1 18 1 19</runs>
            <runs>0 1 37</runs>
            <runs>0 1 35</runs>
            <runs>0 1 34</runs>
            <runs>0 6 28</runs>
            <runs>0 6 27</runs>
            <runs>0 7 25</runs>
            <runs>0 8 23</runs>
            <runs>0 9 22</runs>
            <runs>0 12 15</runs>
            <runs>0 14 12</runs>
            <runs></runs>
            <runs>0 6 8 7 6</runs>
            <runs>0 6 8 6 7</runs>
            <runs>0 6 8 6 7</runs>
            <runs>0 6 8 6 7</runs>
            <runs>0 6 8 6 7</runs>
            <runs>0 6 8 6 7</runs>
            <runs>0 6 7 8 6</runs>
            <runs>0 7 4 11 4</runs>
        </run-table>
    </sample>
    <sample shape="F_CLEF" interline="14" pitch="-1.2" left="331" top="2916" id="1001">
        <run-table orientation="VERTICAL" width="42" height="49">
            <runs>0 10 7 28 3</runs>
            <runs>0 7 12 26 4</runs>
            <runs>0 6 14 25 3</runs>
            <runs>0 1 20 19 8</runs>
            <runs>0 1 20 19 8</runs>
            <runs>8 1 12 19 8</runs>
            <runs>0 5 2 2 12 19 8</runs>
            <runs>0 9 12 19 8</runs>
            <runs>0 8 13 19 7</runs>
            <runs>0 8 13 19 7</runs>
            <runs>0 8 13 23 2</runs>
            <runs>0 8 13 23 2</runs>
            <runs>0 9 12</runs>
            <runs>0 11 9</runs>
            <runs>0 12 8</runs>
            <runs>0 37 7</runs>
            <runs>0 36 7</runs>
            <runs>0 35 8</runs>
            <runs>0 34 9</runs>
            <runs>0 32 11</runs>
            <runs>7 20 16</runs>
            <runs>11 12 1 1 14</runs>
            <runs>17 2 2 1 17</runs>
            <runs>38</runs>
            <runs>38</runs>
            <runs>37</runs>
            <runs>36</runs>
            <runs>35</runs>
            <runs>34</runs>
            <runs>0 6 25</runs>
            <runs>0 7 23</runs>
            <runs>0 11 19</runs>
            <runs>0 12 13</runs>
            <runs>0 13 9</runs>
            <runs>0 6 4 11 1</runs>
            <runs>0 5 6 9 4</runs>
            <runs>0 4 7 8 6</runs>
            <runs>0 4 7 8 6</runs>
            <runs>0 4 7 7 7</runs>
            <runs>0 4 7 7 7</runs>
            <runs>0 5 6 8 6</runs>
            <runs>0 5 5 9 5</runs>
        </run-table>
    </sample>
    <sample shape="SHARP" interline="14" pitch="-4.0" left="592" top="1818" id="911">
        <run-table orientation="VERTICAL" width="17" height="45">
            <runs>0 15 10 4 10</runs>
            <runs>0 14 11 4 10</runs>
            <runs>0 14 11 3 11</runs>
            <runs>0 6 1 2 35</runs>
            <runs>0 4 40</runs>
            <runs>0 3 42</runs>
            <runs>0 3 42</runs>
            <runs>0 12 8 6 8</runs>
            <runs>0 8 12 2 12</runs>
            <runs>0 2 32 6 2</runs>
            <runs>0 1 42</runs>
            <runs>43</runs>
            <runs>43</runs>
            <runs>0 1 17 2 23</runs>
            <runs>0 6 1 3 8 3 21</runs>
            <runs>0 10 8 3 11</runs>
            <runs>0 22 7</runs>
        </run-table>
    </sample>
</samples>
