<?xml version="1.0" encoding="UTF-8"?>
<stick id="2125" interline="21" shape="BEAM">
    <is-within-system>true</is-within-system>
    <has-ledger>false</has-ledger>
    <stem-number>2</stem-number>
    <step-line>2.072289156626506</step-line>
    <moments>
        <k>1.6099773242630386</k>
        <k>2.619047619047619</k>
        <k>0.6666666666666666</k>
        <k>0.3553804269776559</k>
        <k>-0.0012252822629089373</k>
        <k>0.019520721631914224</k>
        <k>0.0013269959533448667</k>
        <k>-3.6357710782218615E-4</k>
        <k>-5.195195543827188E-5</k>
        <k>1.1097292591708009E-5</k>
        <k>0.37490114860957013</k>
        <k>0.11280774694142363</k>
        <k>3.4128758182329054E-6</k>
        <k>1.7499792167425446E-6</k>
        <k>4.214991746649735E-12</k>
        <k>5.064944286047457E-7</k>
        <k>7.239297246024034E-13</k>
        <k>1725.9380281690142</k>
        <k>1273.9394366197182</k>
    </moments>
    <section id="4747" first-pos="1699">
        <run start="1268" length="13" level="97"/>
        <run start="1268" length="13" level="97"/>
        <run start="1268" length="13" level="97"/>
        <run start="1268" length="13" level="97"/>
        <run start="1268" length="13" level="97"/>
        <run start="1268" length="13" level="97"/>
        <run start="1268" length="13" level="97"/>
        <run start="1268" length="13" level="97"/>
        <run start="1268" length="13" level="97"/>
        <run start="1268" length="13" level="97"/>
        <run start="1268" length="13" level="97"/>
        <run start="1268" length="13" level="97"/>
        <run start="1268" length="13" level="97"/>
        <run start="1268" length="13" level="97"/>
        <run start="1268" length="13" level="97"/>
        <run start="1268" length="13" level="97"/>
        <run start="1268" length="13" level="97"/>
        <run start="1268" length="13" level="97"/>
        <run start="1268" length="13" level="97"/>
        <run start="1268" length="13" level="97"/>
        <run start="1268" length="13" level="100"/>
        <run start="1268" length="12" level="105"/>
        <run start="1268" length="12" level="104"/>
        <run start="1268" length="13" level="97"/>
        <run start="1268" length="13" level="97"/>
        <run start="1268" length="13" level="97"/>
        <run start="1268" length="13" level="97"/>
        <run start="1268" length="13" level="97"/>
        <run start="1268" length="13" level="97"/>
        <run start="1268" length="13" level="97"/>
        <run start="1268" length="13" level="97"/>
        <run start="1268" length="13" level="97"/>
        <run start="1268" length="13" level="97"/>
        <run start="1268" length="13" level="97"/>
        <run start="1268" length="13" level="97"/>
        <run start="1268" length="13" level="97"/>
        <run start="1268" length="13" level="97"/>
        <run start="1268" length="13" level="97"/>
        <run start="1268" length="13" level="97"/>
        <run start="1268" length="13" level="97"/>
        <run start="1268" length="13" level="97"/>
        <run start="1268" length="13" level="97"/>
        <run start="1268" length="13" level="97"/>
        <run start="1268" length="13" level="97"/>
        <run start="1268" length="13" level="100"/>
        <run start="1268" length="12" level="105"/>
        <run start="1268" length="12" level="103"/>
        <run start="1268" length="13" level="97"/>
        <run start="1268" length="13" level="100"/>
        <run start="1268" length="12" level="105"/>
        <run start="1268" length="12" level="103"/>
        <run start="1268" length="13" level="97"/>
        <run start="1268" length="13" level="97"/>
        <run start="1268" length="13" level="97"/>
        <run start="1267" length="14" level="104"/>
    </section>
</stick>
