<?xml version="1.0" encoding="UTF-8"?>
<stick id="2133" interline="21" shape="BEAM">
    <is-within-system>true</is-within-system>
    <has-ledger>false</has-ledger>
    <stem-number>2</stem-number>
    <step-line>2.072289156626506</step-line>
    <moments>
        <k>1.6485260770975056</k>
        <k>2.857142857142857</k>
        <k>0.6666666666666666</k>
        <k>0.43366944922629375</k>
        <k>-0.005384061683042021</k>
        <k>0.017168556086643284</k>
        <k>-0.002699067851791331</k>
        <k>8.629597534375673E-5</k>
        <k>1.5384230713465523E-4</k>
        <k>-2.959588048107426E-5</k>
        <k>0.45083800531293705</k>
        <k>0.17358894646695372</k>
        <k>1.007258222696928E-5</k>
        <k>6.481387973930308E-6</k>
        <k>5.235344038098729E-11</k>
        <k>2.69993385517434E-6</k>
        <k>-1.2673512768263629E-12</k>
        <k>1788.5818431911966</k>
        <k>1273.8005502063274</k>
    </moments>
    <section id="4889" first-pos="1759">
        <run start="1268" length="13" level="97"/>
        <run start="1268" length="13" level="97"/>
        <run start="1268" length="13" level="97"/>
        <run start="1268" length="13" level="97"/>
        <run start="1268" length="13" level="97"/>
        <run start="1268" length="13" level="97"/>
        <run start="1268" length="13" level="102"/>
        <run start="1269" length="12" level="105"/>
        <run start="1269" length="12" level="105"/>
        <run start="1268" length="13" level="112"/>
        <run start="1268" length="13" level="97"/>
        <run start="1268" length="13" level="97"/>
        <run start="1268" length="13" level="102"/>
        <run start="1269" length="12" level="105"/>
        <run start="1269" length="12" level="105"/>
        <run start="1268" length="13" level="112"/>
        <run start="1268" length="12" level="86"/>
        <run start="1268" length="12" level="86"/>
        <run start="1268" length="12" level="91"/>
        <run start="1269" length="11" level="93"/>
        <run start="1269" length="11" level="93"/>
        <run start="1269" length="11" level="93"/>
        <run start="1269" length="11" level="93"/>
        <run start="1269" length="11" level="92"/>
        <run start="1269" length="11" level="92"/>
        <run start="1269" length="11" level="92"/>
        <run start="1269" length="11" level="92"/>
        <run start="1269" length="11" level="92"/>
        <run start="1269" length="11" level="91"/>
        <run start="1269" length="11" level="92"/>
        <run start="1269" length="11" level="92"/>
        <run start="1269" length="11" level="92"/>
        <run start="1269" length="11" level="92"/>
        <run start="1269" length="11" level="92"/>
        <run start="1269" length="11" level="93"/>
        <run start="1269" length="11" level="93"/>
        <run start="1268" length="12" level="100"/>
        <run start="1268" length="12" level="85"/>
        <run start="1268" length="12" level="86"/>
        <run start="1268" length="12" level="86"/>
        <run start="1268" length="12" level="91"/>
        <run start="1269" length="11" level="94"/>
        <run start="1268" length="12" level="105"/>
        <run start="1268" length="12" level="100"/>
        <run start="1267" length="13" level="97"/>
        <run start="1268" length="12" level="92"/>
        <run start="1268" length="12" level="105"/>
        <run start="1268" length="12" level="101"/>
        <run start="1267" length="13" level="97"/>
        <run start="1267" length="13" level="102"/>
        <run start="1268" length="12" level="105"/>
        <run start="1268" length="12" level="101"/>
        <run start="1267" length="13" level="97"/>
        <run start="1267" length="14" level="106"/>
        <run start="1267" length="14" level="90"/>
        <run start="1267" length="14" level="95"/>
        <run start="1268" length="13" level="97"/>
        <run start="1268" length="13" level="97"/>
        <run start="1268" length="13" level="100"/>
        <run start="1268" length="12" level="101"/>
    </section>
</stick>
