<?xml version="1.0" encoding="UTF-8"?>
<stick id="761" interline="21" shape="BRACE">
    <is-within-system>false</is-within-system>
    <has-ledger>false</has-ledger>
    <stem-number>0</stem-number>
    <step-line>11.058823529411764</step-line>
    <moments>
        <k>6.532879818594104</k>
        <k>1.1904761904761905</k>
        <k>15.19047619047619</k>
        <k>0.008839528354208006</k>
        <k>-0.05114688419675593</k>
        <k>2.5309411731918536</k>
        <k>-3.7049507861744436E-5</k>
        <k>0.001508313334944237</k>
        <k>-0.02450383507307465</k>
        <k>-0.03895746522405424</k>
        <k>2.5397807015460616</k>
        <k>6.371460721944903</k>
        <k>0.0072892152065700605</k>
        <k>0.0020046939932284727</k>
        <k>5.841992413710629E-6</k>
        <k>0.001830122113566945</k>
        <k>4.959475477422154E-6</k>
        <k>65.65220409580007</k>
        <k>1927.2950364456785</k>
    </moments>
    <section id="6" first-pos="54">
        <run start="1924" length="4" level="105"/>
        <run start="1922" length="7" level="60"/>
        <run start="1921" length="10" level="44"/>
        <run start="1921" length="11" level="30"/>
        <run start="1920" length="14" level="32"/>
        <run start="1918" length="18" level="61"/>
    </section>
    <section id="32" first-pos="60">
        <run start="1917" length="8" level="63"/>
        <run start="1916" length="7" level="39"/>
        <run start="1915" length="7" level="39"/>
        <run start="1913" length="8" level="64"/>
        <run start="1912" length="7" level="38"/>
        <run start="1909" length="9" level="35"/>
        <run start="1907" length="10" level="50"/>
        <run start="1903" length="12" level="24"/>
    </section>
    <section id="106" first-pos="68">
        <run start="1891" length="22" level="12"/>
    </section>
    <section id="116" first-pos="69">
        <run start="1824" length="87" level="13"/>
    </section>
    <section id="105" first-pos="68">
        <run start="1817" length="73" level="21"/>
    </section>
    <section id="93" first-pos="67">
        <run start="1783" length="105" level="40"/>
    </section>
    <section id="86" first-pos="66">
        <run start="1786" length="95" level="13"/>
    </section>
    <section id="78" first-pos="65">
        <run start="1789" length="87" level="13"/>
    </section>
    <section id="69" first-pos="64">
        <run start="1792" length="80" level="13"/>
    </section>
    <section id="59" first-pos="63">
        <run start="1796" length="73" level="21"/>
    </section>
    <section id="51" first-pos="62">
        <run start="1800" length="63" level="20"/>
    </section>
    <section id="39" first-pos="61">
        <run start="1803" length="55" level="30"/>
    </section>
    <section id="31" first-pos="60">
        <run start="1808" length="43" level="57"/>
    </section>
    <section id="26" first-pos="59">
        <run start="1818" length="22" level="109"/>
    </section>
    <section id="101" first-pos="68">
        <run start="1781" length="13" level="20"/>
        <run start="1778" length="12" level="21"/>
        <run start="1777" length="10" level="25"/>
        <run start="1775" length="9" level="28"/>
        <run start="1772" length="9" level="29"/>
        <run start="1771" length="8" level="34"/>
        <run start="1769" length="8" level="35"/>
        <run start="1767" length="8" level="61"/>
        <run start="1766" length="8" level="38"/>
        <run start="1766" length="6" level="47"/>
        <run start="1766" length="5" level="74"/>
    </section>
    <section id="102" first-pos="68">
        <run start="1795" length="7" level="219"/>
    </section>
    <section id="103" first-pos="68">
        <run start="1810" length="2" level="224"/>
    </section>
    <section id="104" first-pos="68">
        <run start="1813" length="2" level="221"/>
    </section>
    <section id="125" first-pos="70">
        <run start="1829" length="80" level="11"/>
    </section>
    <section id="133" first-pos="71">
        <run start="1833" length="74" level="14"/>
    </section>
    <section id="143" first-pos="72">
        <run start="1838" length="66" level="14"/>
    </section>
    <section id="150" first-pos="73">
        <run start="1843" length="58" level="16"/>
    </section>
    <section id="157" first-pos="74">
        <run start="1848" length="49" level="18"/>
    </section>
    <section id="166" first-pos="75">
        <run start="1853" length="39" level="31"/>
    </section>
    <section id="174" first-pos="76">
        <run start="1862" length="26" level="63"/>
    </section>
    <section id="33" first-pos="60">
        <run start="1928" length="9" level="55"/>
        <run start="1930" length="9" level="64"/>
        <run start="1931" length="10" level="62"/>
        <run start="1932" length="13" level="62"/>
        <run start="1933" length="15" level="62"/>
    </section>
    <section id="79" first-pos="65">
        <run start="1935" length="86" level="33"/>
    </section>
    <section id="60" first-pos="63">
        <run start="1971" length="60" level="21"/>
        <run start="1965" length="63" level="19"/>
    </section>
    <section id="52" first-pos="62">
        <run start="1977" length="91" level="24"/>
    </section>
    <section id="40" first-pos="61">
        <run start="1980" length="85" level="16"/>
    </section>
    <section id="34" first-pos="60">
        <run start="1984" length="78" level="16"/>
    </section>
    <section id="27" first-pos="59">
        <run start="1988" length="72" level="19"/>
    </section>
    <section id="22" first-pos="58">
        <run start="1993" length="64" level="31"/>
    </section>
    <section id="15" first-pos="57">
        <run start="2001" length="53" level="13"/>
    </section>
    <section id="11" first-pos="56">
        <run start="2003" length="5" level="180"/>
    </section>
    <section id="12" first-pos="56">
        <run start="2009" length="42" level="17"/>
    </section>
    <section id="9" first-pos="55">
        <run start="2012" length="32" level="26"/>
    </section>
    <section id="7" first-pos="54">
        <run start="2024" length="5" level="64"/>
    </section>
    <section id="61" first-pos="63">
        <run start="2032" length="7" level="221"/>
    </section>
    <section id="62" first-pos="63">
        <run start="2045" length="25" level="86"/>
    </section>
    <section id="70" first-pos="64">
        <run start="2054" length="19" level="78"/>
        <run start="2059" length="16" level="72"/>
        <run start="2063" length="15" level="73"/>
        <run start="2066" length="14" level="59"/>
        <run start="2068" length="13" level="64"/>
        <run start="2071" length="11" level="74"/>
        <run start="2074" length="10" level="80"/>
        <run start="2076" length="9" level="73"/>
        <run start="2078" length="7" level="55"/>
        <run start="2079" length="6" level="124"/>
        <run start="2082" length="2" level="187"/>
    </section>
    <section id="87" first-pos="66">
        <run start="1937" length="80" level="9"/>
        <run start="1939" length="76" level="10"/>
    </section>
    <section id="107" first-pos="68">
        <run start="1941" length="70" level="8"/>
    </section>
    <section id="117" first-pos="69">
        <run start="1942" length="65" level="12"/>
    </section>
    <section id="126" first-pos="70">
        <run start="1944" length="58" level="16"/>
    </section>
    <section id="134" first-pos="71">
        <run start="1947" length="52" level="21"/>
    </section>
    <section id="144" first-pos="72">
        <run start="1951" length="44" level="23"/>
    </section>
    <section id="151" first-pos="73">
        <run start="1954" length="36" level="56"/>
    </section>
    <section id="158" first-pos="74">
        <run start="1960" length="18" level="117"/>
    </section>
</stick>
