<?xml version="1.0" encoding="UTF-8"?>
<stick id="508" interline="21" shape="BRACE">
    <is-within-system>false</is-within-system>
    <has-ledger>false</has-ledger>
    <stem-number>0</stem-number>
    <step-line>10.571428571428571</step-line>
    <moments>
        <k>6.879818594104308</k>
        <k>1.1904761904761905</k>
        <k>15.142857142857142</k>
        <k>0.009108069870960796</k>
        <k>-0.042649840130165824</k>
        <k>2.4220549449067126</k>
        <k>-3.2128348114691026E-5</k>
        <k>0.0016055315408797538</k>
        <k>-0.031798401225281686</k>
        <k>-0.10349702136536866</k>
        <k>2.4311630147776735</k>
        <k>5.829588657197315</k>
        <k>0.020825955544360022</k>
        <k>0.011395058311576788</k>
        <k>1.724974060990059E-4</k>
        <k>0.02205286060871046</k>
        <k>3.2543925872879914E-5</k>
        <k>74.14271588661832</k>
        <k>805.659195781147</k>
    </moments>
    <section id="45" first-pos="62">
        <run start="804" length="3" level="210"/>
        <run start="802" length="7" level="119"/>
        <run start="801" length="9" level="48"/>
        <run start="800" length="11" level="39"/>
        <run start="799" length="14" level="46"/>
        <run start="798" length="17" level="42"/>
        <run start="796" length="21" level="63"/>
    </section>
    <section id="111" first-pos="69">
        <run start="795" length="9" level="56"/>
        <run start="794" length="9" level="56"/>
        <run start="792" length="10" level="68"/>
        <run start="790" length="11" level="67"/>
        <run start="787" length="12" level="69"/>
        <run start="784" length="14" level="63"/>
    </section>
    <section id="162" first-pos="75">
        <run start="774" length="22" level="85"/>
    </section>
    <section id="170" first-pos="76">
        <run start="702" length="92" level="17"/>
    </section>
    <section id="161" first-pos="75">
        <run start="694" length="72" level="15"/>
    </section>
    <section id="154" first-pos="74">
        <run start="663" length="98" level="23"/>
    </section>
    <section id="147" first-pos="73">
        <run start="666" length="86" level="11"/>
    </section>
    <section id="137" first-pos="72">
        <run start="668" length="80" level="15"/>
    </section>
    <section id="128" first-pos="71">
        <run start="671" length="72" level="16"/>
    </section>
    <section id="121" first-pos="70">
        <run start="674" length="64" level="19"/>
    </section>
    <section id="110" first-pos="69">
        <run start="678" length="56" level="24"/>
    </section>
    <section id="96" first-pos="68">
        <run start="682" length="44" level="27"/>
    </section>
    <section id="89" first-pos="67">
        <run start="686" length="32" level="90"/>
    </section>
    <section id="82" first-pos="66">
        <run start="686" length="1" level="225"/>
    </section>
    <section id="90" first-pos="67">
        <run start="719" length="2" level="136"/>
    </section>
    <section id="160" first-pos="75">
        <run start="660" length="23" level="56"/>
    </section>
    <section id="169" first-pos="76">
        <run start="658" length="17" level="53"/>
        <run start="656" length="15" level="55"/>
        <run start="654" length="14" level="52"/>
        <run start="652" length="14" level="60"/>
        <run start="650" length="13" level="56"/>
        <run start="648" length="13" level="66"/>
        <run start="647" length="11" level="45"/>
        <run start="647" length="10" level="51"/>
        <run start="647" length="8" level="48"/>
        <run start="647" length="7" level="94"/>
        <run start="648" length="4" level="165"/>
    </section>
    <section id="175" first-pos="77">
        <run start="706" length="87" level="6"/>
    </section>
    <section id="180" first-pos="78">
        <run start="710" length="81" level="6"/>
    </section>
    <section id="184" first-pos="79">
        <run start="715" length="74" level="7"/>
    </section>
    <section id="189" first-pos="80">
        <run start="720" length="67" level="9"/>
    </section>
    <section id="192" first-pos="81">
        <run start="725" length="59" level="12"/>
    </section>
    <section id="195" first-pos="82">
        <run start="726" length="54" level="26"/>
    </section>
    <section id="199" first-pos="83">
        <run start="731" length="47" level="37"/>
    </section>
    <section id="207" first-pos="84">
        <run start="735" length="38" level="46"/>
    </section>
    <section id="222" first-pos="85">
        <run start="739" length="29" level="165"/>
    </section>
    <section id="228" first-pos="86">
        <run start="751" length="1" level="197"/>
    </section>
    <section id="112" first-pos="69">
        <run start="808" length="10" level="34"/>
        <run start="810" length="10" level="29"/>
        <run start="811" length="11" level="30"/>
        <run start="813" length="13" level="26"/>
        <run start="815" length="17" level="20"/>
    </section>
    <section id="155" first-pos="74">
        <run start="817" length="85" level="11"/>
        <run start="818" length="81" level="9"/>
    </section>
    <section id="138" first-pos="72">
        <run start="850" length="63" level="19"/>
        <run start="845" length="61" level="15"/>
    </section>
    <section id="129" first-pos="71">
        <run start="855" length="93" level="25"/>
    </section>
    <section id="122" first-pos="70">
        <run start="862" length="84" level="6"/>
    </section>
    <section id="113" first-pos="69">
        <run start="864" length="79" level="7"/>
    </section>
    <section id="97" first-pos="68">
        <run start="867" length="73" level="12"/>
    </section>
    <section id="83" first-pos="66">
        <run start="876" length="61" level="28"/>
        <run start="874" length="64" level="8"/>
    </section>
    <section id="76" first-pos="65">
        <run start="883" length="50" level="30"/>
    </section>
    <section id="64" first-pos="64">
        <run start="888" length="41" level="58"/>
    </section>
    <section id="55" first-pos="63">
        <run start="895" length="28" level="136"/>
    </section>
    <section id="46" first-pos="62">
        <run start="901" length="4" level="180"/>
    </section>
    <section id="47" first-pos="62">
        <run start="906" length="2" level="209"/>
    </section>
    <section id="48" first-pos="62">
        <run start="909" length="3" level="198"/>
    </section>
    <section id="139" first-pos="72">
        <run start="933" length="18" level="24"/>
        <run start="938" length="15" level="23"/>
        <run start="941" length="14" level="24"/>
        <run start="945" length="13" level="25"/>
        <run start="948" length="11" level="26"/>
        <run start="950" length="10" level="28"/>
        <run start="952" length="10" level="31"/>
        <run start="954" length="10" level="31"/>
        <run start="956" length="9" level="32"/>
        <run start="958" length="7" level="36"/>
        <run start="960" length="5" level="50"/>
        <run start="963" length="1" level="226"/>
    </section>
    <section id="171" first-pos="76">
        <run start="820" length="76" level="8"/>
    </section>
    <section id="176" first-pos="77">
        <run start="823" length="71" level="14"/>
    </section>
    <section id="181" first-pos="78">
        <run start="825" length="64" level="12"/>
    </section>
    <section id="185" first-pos="79">
        <run start="827" length="59" level="15"/>
    </section>
    <section id="190" first-pos="80">
        <run start="830" length="52" level="18"/>
    </section>
    <section id="193" first-pos="81">
        <run start="834" length="44" level="25"/>
    </section>
    <section id="196" first-pos="82">
        <run start="839" length="34" level="44"/>
    </section>
    <section id="200" first-pos="83">
        <run start="844" length="21" level="164"/>
    </section>
    <section id="208" first-pos="84">
        <run start="847" length="3" level="218"/>
    </section>
</stick>
