<?xml version="1.0" encoding="UTF-8"?>
<stick id="622" interline="21" shape="BRACE">
    <is-within-system>false</is-within-system>
    <has-ledger>false</has-ledger>
    <stem-number>0</stem-number>
    <step-line>10.19047619047619</step-line>
    <moments>
        <k>6.859410430839002</k>
        <k>1.1904761904761905</k>
        <k>14.952380952380953</k>
        <k>0.008361479748086579</k>
        <k>-0.03363275440811802</k>
        <k>2.4264095670293044</k>
        <k>-6.398698945378672E-6</k>
        <k>8.235595387372478E-4</k>
        <k>-0.04112031823624313</k>
        <k>0.053273089192213026</k>
        <k>2.434771046777391</k>
        <k>5.851481201080664</k>
        <k>0.01779723140870355</k>
        <k>0.004617854249786946</k>
        <k>3.005568985023017E-5</k>
        <k>0.0032856944294402095</k>
        <k>-2.914131742688536E-5</k>
        <k>69.68495867768596</k>
        <k>1360.1335537190082</k>
    </moments>
    <section id="20" first-pos="58">
        <run start="1359" length="3" level="163"/>
        <run start="1358" length="5" level="98"/>
        <run start="1357" length="8" level="77"/>
        <run start="1356" length="10" level="50"/>
        <run start="1355" length="13" level="48"/>
        <run start="1353" length="16" level="64"/>
    </section>
    <section id="66" first-pos="64">
        <run start="1352" length="8" level="63"/>
        <run start="1351" length="8" level="63"/>
        <run start="1349" length="9" level="66"/>
        <run start="1347" length="10" level="59"/>
        <run start="1346" length="10" level="50"/>
        <run start="1344" length="11" level="67"/>
        <run start="1341" length="12" level="68"/>
        <run start="1336" length="15" level="63"/>
    </section>
    <section id="141" first-pos="72">
        <run start="1254" length="95" level="21"/>
    </section>
    <section id="131" first-pos="71">
        <run start="1242" length="77" level="25"/>
    </section>
    <section id="123" first-pos="70">
        <run start="1220" length="96" level="9"/>
    </section>
    <section id="114" first-pos="69">
        <run start="1222" length="90" level="6"/>
    </section>
    <section id="98" first-pos="68">
        <run start="1224" length="84" level="7"/>
    </section>
    <section id="91" first-pos="67">
        <run start="1227" length="79" level="8"/>
    </section>
    <section id="84" first-pos="66">
        <run start="1230" length="71" level="8"/>
    </section>
    <section id="65" first-pos="64">
        <run start="1236" length="58" level="35"/>
        <run start="1233" length="62" level="10"/>
    </section>
    <section id="56" first-pos="63">
        <run start="1240" length="45" level="48"/>
    </section>
    <section id="49" first-pos="62">
        <run start="1244" length="34" level="138"/>
    </section>
    <section id="37" first-pos="61">
        <run start="1256" length="7" level="184"/>
    </section>
    <section id="57" first-pos="63">
        <run start="1287" length="1" level="214"/>
    </section>
    <section id="130" first-pos="71">
        <run start="1217" length="24" level="83"/>
    </section>
    <section id="140" first-pos="72">
        <run start="1215" length="16" level="77"/>
        <run start="1213" length="13" level="70"/>
        <run start="1211" length="12" level="62"/>
        <run start="1210" length="11" level="80"/>
        <run start="1208" length="9" level="57"/>
        <run start="1206" length="9" level="35"/>
        <run start="1205" length="9" level="52"/>
        <run start="1204" length="8" level="59"/>
        <run start="1204" length="6" level="38"/>
        <run start="1204" length="5" level="88"/>
        <run start="1205" length="2" level="216"/>
    </section>
    <section id="148" first-pos="73">
        <run start="1259" length="88" level="12"/>
    </section>
    <section id="156" first-pos="74">
        <run start="1265" length="81" level="13"/>
    </section>
    <section id="163" first-pos="75">
        <run start="1269" length="75" level="19"/>
    </section>
    <section id="172" first-pos="76">
        <run start="1274" length="66" level="19"/>
    </section>
    <section id="177" first-pos="77">
        <run start="1280" length="56" level="13"/>
    </section>
    <section id="182" first-pos="78">
        <run start="1285" length="49" level="19"/>
    </section>
    <section id="186" first-pos="79">
        <run start="1293" length="38" level="38"/>
    </section>
    <section id="191" first-pos="80">
        <run start="1299" length="26" level="37"/>
    </section>
    <section id="194" first-pos="81">
        <run start="1319" length="2" level="226"/>
    </section>
    <section id="67" first-pos="64">
        <run start="1362" length="10" level="81"/>
        <run start="1363" length="10" level="54"/>
        <run start="1364" length="11" level="73"/>
        <run start="1366" length="12" level="80"/>
        <run start="1368" length="12" level="58"/>
        <run start="1369" length="16" level="82"/>
    </section>
    <section id="124" first-pos="70">
        <run start="1371" length="90" level="45"/>
    </section>
    <section id="99" first-pos="68">
        <run start="1406" length="68" level="35"/>
        <run start="1399" length="66" level="34"/>
    </section>
    <section id="92" first-pos="67">
        <run start="1410" length="96" level="27"/>
    </section>
    <section id="85" first-pos="66">
        <run start="1416" length="87" level="8"/>
    </section>
    <section id="77" first-pos="65">
        <run start="1420" length="81" level="10"/>
    </section>
    <section id="68" first-pos="64">
        <run start="1423" length="75" level="11"/>
    </section>
    <section id="58" first-pos="63">
        <run start="1430" length="65" level="12"/>
    </section>
    <section id="50" first-pos="62">
        <run start="1434" length="58" level="19"/>
    </section>
    <section id="38" first-pos="61">
        <run start="1442" length="46" level="23"/>
    </section>
    <section id="30" first-pos="60">
        <run start="1448" length="36" level="40"/>
    </section>
    <section id="25" first-pos="59">
        <run start="1452" length="24" level="70"/>
    </section>
    <section id="21" first-pos="58">
        <run start="1461" length="7" level="109"/>
    </section>
    <section id="100" first-pos="68">
        <run start="1482" length="26" level="75"/>
    </section>
    <section id="115" first-pos="69">
        <run start="1493" length="17" level="61"/>
        <run start="1497" length="15" level="68"/>
        <run start="1501" length="13" level="70"/>
        <run start="1504" length="11" level="53"/>
        <run start="1506" length="10" level="39"/>
        <run start="1508" length="9" level="50"/>
        <run start="1511" length="7" level="47"/>
        <run start="1512" length="6" level="85"/>
        <run start="1514" length="2" level="160"/>
    </section>
    <section id="132" first-pos="71">
        <run start="1373" length="84" level="12"/>
    </section>
    <section id="142" first-pos="72">
        <run start="1374" length="79" level="21"/>
    </section>
    <section id="149" first-pos="73">
        <run start="1377" length="70" level="10"/>
        <run start="1379" length="66" level="17"/>
    </section>
    <section id="164" first-pos="75">
        <run start="1381" length="56" level="10"/>
    </section>
    <section id="173" first-pos="76">
        <run start="1384" length="49" level="13"/>
    </section>
    <section id="178" first-pos="77">
        <run start="1388" length="40" level="15"/>
    </section>
    <section id="183" first-pos="78">
        <run start="1392" length="32" level="24"/>
    </section>
    <section id="187" first-pos="79">
        <run start="1395" length="8" level="82"/>
    </section>
    <section id="188" first-pos="79">
        <run start="1406" length="10" level="54"/>
    </section>
    <section id="165" first-pos="75">
        <run start="1438" length="3" level="225"/>
    </section>
</stick>
