<?xml version="1.0" encoding="UTF-8"?>
<stick id="523" interline="20" shape="F_CLEF">
    <is-within-system>true</is-within-system>
    <has-ledger>false</has-ledger>
    <stem-number>0</stem-number>
    <step-line>-1.2682926829268293</step-line>
    <moments>
        <k>3.0775</k>
        <k>2.4</k>
        <k>3.5</k>
        <k>0.13710579631149733</k>
        <k>-0.014125653664622316</k>
        <k>0.2681539207497232</k>
        <k>-0.010626517164272856</k>
        <k>-5.48205827202738E-4</k>
        <k>-0.03657034752578906</k>
        <k>0.0835688021879224</k>
        <k>0.40525971706122055</k>
        <k>0.01797174728458817</k>
        <k>0.017079070068113683</k>
        <k>0.009119963456661552</k>
        <k>8.776383380082807E-5</k>
        <k>8.327180344856412E-4</k>
        <k>-7.247545350768903E-5</k>
        <k>136.45085296506906</k>
        <k>907.5377741673436</k>
    </moments>
    <section id="402" first-pos="110">
        <run start="947" length="2" level="127"/>
        <run start="946" length="3" level="9"/>
        <run start="946" length="4" level="7"/>
        <run start="946" length="3" level="7"/>
        <run start="944" length="5" level="50"/>
        <run start="944" length="5" level="1"/>
        <run start="943" length="5" level="41"/>
        <run start="943" length="5" level="41"/>
        <run start="942" length="6" level="67"/>
        <run start="942" length="6" level="67"/>
        <run start="942" length="6" level="68"/>
        <run start="942" length="5" level="81"/>
        <run start="942" length="5" level="82"/>
        <run start="942" length="4" level="101"/>
        <run start="942" length="4" level="101"/>
        <run start="941" length="5" level="123"/>
        <run start="940" length="5" level="162"/>
        <run start="940" length="5" level="164"/>
        <run start="939" length="5" level="204"/>
        <run start="938" length="6" level="170"/>
        <run start="938" length="5" level="120"/>
        <run start="937" length="6" level="136"/>
        <run start="936" length="7" level="116"/>
        <run start="935" length="8" level="101"/>
        <run start="934" length="9" level="90"/>
        <run start="933" length="8" level="51"/>
        <run start="932" length="9" level="44"/>
        <run start="931" length="9" level="27"/>
        <run start="930" length="8" level="32"/>
        <run start="927" length="10" level="64"/>
        <run start="924" length="13" level="50"/>
        <run start="921" length="15" level="45"/>
        <run start="919" length="16" level="67"/>
        <run start="918" length="16" level="65"/>
    </section>
    <section id="574" first-pos="144">
        <run start="912" length="21" level="93"/>
    </section>
    <section id="580" first-pos="145">
        <run start="881" length="51" level="70"/>
        <run start="882" length="49" level="39"/>
        <run start="883" length="47" level="37"/>
        <run start="883" length="46" level="41"/>
        <run start="884" length="43" level="43"/>
        <run start="885" length="41" level="45"/>
        <run start="885" length="40" level="52"/>
        <run start="886" length="38" level="55"/>
        <run start="888" length="35" level="54"/>
        <run start="890" length="31" level="56"/>
    </section>
    <section id="437" first-pos="121">
        <run start="883" length="8" level="47"/>
        <run start="882" length="7" level="48"/>
        <run start="881" length="7" level="77"/>
        <run start="880" length="7" level="106"/>
        <run start="880" length="6" level="148"/>
        <run start="880" length="4" level="152"/>
        <run start="880" length="4" level="153"/>
        <run start="880" length="4" level="153"/>
        <run start="880" length="4" level="187"/>
        <run start="880" length="3" level="200"/>
        <run start="880" length="2" level="200"/>
        <run start="880" length="1" level="200"/>
        <run start="880" length="1" level="200"/>
        <run start="880" length="2" level="200"/>
        <run start="880" length="3" level="200"/>
        <run start="880" length="4" level="183"/>
        <run start="880" length="4" level="158"/>
        <run start="880" length="5" level="150"/>
        <run start="880" length="6" level="126"/>
        <run start="880" length="7" level="109"/>
        <run start="880" length="8" level="96"/>
        <run start="880" length="11" level="93"/>
        <run start="880" length="13" level="70"/>
        <run start="880" length="16" level="67"/>
    </section>
    <section id="421" first-pos="115">
        <run start="892" length="14" level="110"/>
        <run start="890" length="18" level="78"/>
        <run start="888" length="21" level="59"/>
        <run start="886" length="23" level="46"/>
        <run start="885" length="25" level="44"/>
        <run start="884" length="27" level="46"/>
    </section>
    <section id="418" first-pos="114">
        <run start="895" length="9" level="138"/>
    </section>
    <section id="414" first-pos="113">
        <run start="897" length="4" level="174"/>
    </section>
    <section id="438" first-pos="121">
        <run start="892" length="19" level="43"/>
        <run start="892" length="19" level="49"/>
        <run start="892" length="20" level="56"/>
        <run start="892" length="20" level="47"/>
        <run start="893" length="19" level="47"/>
        <run start="893" length="18" level="46"/>
        <run start="893" length="18" level="46"/>
        <run start="893" length="18" level="51"/>
        <run start="893" length="17" level="60"/>
        <run start="894" length="15" level="68"/>
        <run start="895" length="13" level="79"/>
        <run start="896" length="11" level="103"/>
        <run start="898" length="8" level="140"/>
        <run start="900" length="4" level="179"/>
    </section>
    <section id="573" first-pos="144">
        <run start="897" length="7" level="177"/>
    </section>
    <section id="567" first-pos="143">
        <run start="900" length="1" level="200"/>
    </section>
    <section id="624" first-pos="155">
        <run start="892" length="24" level="77"/>
    </section>
    <section id="631" first-pos="156">
        <run start="896" length="16" level="97"/>
    </section>
    <section id="635" first-pos="157">
        <run start="898" length="11" level="148"/>
    </section>
</stick>
