<?xml version="1.0" encoding="UTF-8"?>
<glyph id="1021" interline="21" shape="F_CLEF">
    <is-within-system>true</is-within-system>
    <has-ledger>false</has-ledger>
    <stem-number>0</stem-number>
    <step-line>-1.2048192771084338</step-line>
    <moments>
        <k>2.879818594104308</k>
        <k>2.4285714285714284</k>
        <k>3.380952380952381</k>
        <k>0.1461644043130625</k>
        <k>-0.029333295579976982</k>
        <k>0.2732502935242091</k>
        <k>-0.012829803508041577</k>
        <k>0.0037715630500862085</k>
        <k>-0.04444063442809647</k>
        <k>0.08824673060305233</k>
        <k>0.4194146978372716</k>
        <k>0.01959259215491702</k>
        <k>0.020436885110583624</k>
        <k>0.011747269428232274</k>
        <k>1.42942179621751E-4</k>
        <k>0.0012775908069016953</k>
        <k>-1.1268470492013297E-4</k>
        <k>360.67952755905515</k>
        <k>332.61259842519684</k>
    </moments>
    <section id="1163" first-pos="333">
        <run start="368" length="3" level="203"/>
        <run start="368" length="6" level="156"/>
        <run start="368" length="7" level="98"/>
        <run start="368" length="7" level="87"/>
        <run start="368" length="7" level="88"/>
        <run start="368" length="7" level="88"/>
        <run start="368" length="6" level="97"/>
        <run start="368" length="6" level="103"/>
        <run start="368" length="6" level="104"/>
        <run start="368" length="5" level="118"/>
        <run start="368" length="4" level="148"/>
        <run start="368" length="4" level="109"/>
        <run start="368" length="4" level="101"/>
        <run start="367" length="5" level="160"/>
        <run start="367" length="4" level="150"/>
        <run start="366" length="5" level="160"/>
        <run start="365" length="6" level="141"/>
        <run start="365" length="6" level="171"/>
        <run start="364" length="5" level="127"/>
        <run start="364" length="5" level="123"/>
        <run start="363" length="6" level="105"/>
        <run start="362" length="7" level="90"/>
        <run start="362" length="7" level="87"/>
        <run start="361" length="7" level="60"/>
        <run start="360" length="7" level="31"/>
        <run start="359" length="8" level="27"/>
        <run start="358" length="8" level="2"/>
        <run start="357" length="8" level="2"/>
        <run start="356" length="8" level="2"/>
        <run start="355" length="8" level="2"/>
        <run start="353" length="9" level="2"/>
        <run start="352" length="10" level="2"/>
        <run start="346" length="14" level="30"/>
        <run start="344" length="16" level="53"/>
        <run start="343" length="16" level="53"/>
        <run start="338" length="20" level="64"/>
    </section>
    <section id="1238" first-pos="369">
        <run start="304" length="53" level="98"/>
        <run start="304" length="51" level="37"/>
        <run start="304" length="51" level="37"/>
        <run start="304" length="49" level="38"/>
        <run start="306" length="46" level="32"/>
        <run start="307" length="44" level="33"/>
        <run start="309" length="41" level="33"/>
        <run start="310" length="39" level="35"/>
        <run start="311" length="38" level="38"/>
        <run start="313" length="34" level="37"/>
    </section>
    <section id="1206" first-pos="360">
        <run start="304" length="2" level="200"/>
        <run start="304" length="2" level="200"/>
        <run start="304" length="4" level="190"/>
        <run start="304" length="4" level="153"/>
        <run start="304" length="5" level="154"/>
        <run start="304" length="7" level="134"/>
        <run start="304" length="8" level="98"/>
        <run start="304" length="10" level="96"/>
        <run start="304" length="13" level="88"/>
    </section>
    <section id="1231" first-pos="368">
        <run start="325" length="3" level="201"/>
    </section>
    <section id="1274" first-pos="379">
        <run start="314" length="28" level="39"/>
        <run start="316" length="24" level="55"/>
    </section>
    <section id="1283" first-pos="381">
        <run start="320" length="16" level="91"/>
    </section>
    <section id="1289" first-pos="382">
        <run start="323" length="5" level="171"/>
        <run start="323" length="5" level="183"/>
    </section>
    <section id="1275" first-pos="379">
        <run start="344" length="2" level="207"/>
    </section>
    <section id="1176" first-pos="337">
        <run start="323" length="4" level="200"/>
        <run start="319" length="8" level="172"/>
    </section>
    <section id="1179" first-pos="339">
        <run start="316" length="14" level="124"/>
        <run start="314" length="18" level="87"/>
        <run start="312" length="21" level="65"/>
        <run start="311" length="23" level="52"/>
        <run start="310" length="25" level="49"/>
        <run start="308" length="27" level="51"/>
        <run start="307" length="28" level="46"/>
    </section>
    <section id="1190" first-pos="346">
        <run start="305" length="10" level="77"/>
        <run start="305" length="8" level="97"/>
        <run start="305" length="6" level="115"/>
        <run start="305" length="5" level="138"/>
        <run start="305" length="4" level="173"/>
        <run start="305" length="3" level="200"/>
        <run start="305" length="2" level="200"/>
        <run start="305" length="1" level="200"/>
    </section>
    <section id="1191" first-pos="346">
        <run start="316" length="19" level="44"/>
        <run start="316" length="19" level="44"/>
        <run start="316" length="19" level="44"/>
        <run start="316" length="19" level="44"/>
        <run start="316" length="19" level="44"/>
        <run start="316" length="19" level="48"/>
        <run start="317" length="18" level="48"/>
        <run start="317" length="17" level="48"/>
        <run start="317" length="17" level="55"/>
        <run start="318" length="15" level="60"/>
        <run start="319" length="14" level="70"/>
        <run start="320" length="11" level="102"/>
    </section>
    <section id="1200" first-pos="358">
        <run start="323" length="6" level="154"/>
    </section>
</glyph>
