<?xml version="1.0" encoding="UTF-8"?>
<glyph id="1026" interline="21" shape="F_CLEF">
    <is-within-system>true</is-within-system>
    <has-ledger>false</has-ledger>
    <stem-number>0</stem-number>
    <step-line>-1.2380952380952381</step-line>
    <moments>
        <k>2.891156462585034</k>
        <k>2.2857142857142856</k>
        <k>3.4285714285714284</k>
        <k>0.13656524673014092</k>
        <k>-0.020259219757106938</k>
        <k>0.3047459936223617</k>
        <k>-0.007219324698288151</k>
        <k>-1.1443754584288949E-4</k>
        <k>-0.04418699845885117</k>
        <k>0.09223061822520649</k>
        <k>0.44131124035250263</k>
        <k>0.02992650756589224</k>
        <k>0.0242804670837972</k>
        <k>0.011128000803489397</k>
        <k>1.5175049624963804E-4</k>
        <k>0.0013663815406690935</k>
        <k>-1.0212953605695212E-4</k>
        <k>126.29254901960785</k>
        <k>2026.9058823529413</k>
    </moments>
    <section id="372" first-pos="101">
        <run start="2067" length="2" level="181"/>
        <run start="2066" length="4" level="116"/>
        <run start="2065" length="5" level="72"/>
        <run start="2065" length="5" level="52"/>
        <run start="2063" length="7" level="83"/>
        <run start="2062" length="8" level="84"/>
        <run start="2062" length="7" level="61"/>
        <run start="2061" length="8" level="77"/>
        <run start="2061" length="8" level="78"/>
        <run start="2060" length="8" level="92"/>
        <run start="2060" length="8" level="103"/>
        <run start="2060" length="8" level="103"/>
        <run start="2060" length="8" level="104"/>
        <run start="2060" length="7" level="106"/>
        <run start="2060" length="6" level="124"/>
        <run start="2060" length="5" level="120"/>
        <run start="2059" length="6" level="141"/>
        <run start="2059" length="5" level="124"/>
        <run start="2058" length="6" level="117"/>
        <run start="2057" length="7" level="122"/>
        <run start="2057" length="6" level="103"/>
        <run start="2056" length="6" level="82"/>
        <run start="2055" length="7" level="70"/>
        <run start="2054" length="8" level="61"/>
        <run start="2053" length="9" level="54"/>
        <run start="2052" length="10" level="48"/>
        <run start="2051" length="10" level="28"/>
        <run start="2049" length="11" level="44"/>
        <run start="2048" length="10" level="25"/>
        <run start="2046" length="11" level="28"/>
        <run start="2044" length="12" level="25"/>
        <run start="2041" length="14" level="36"/>
        <run start="2040" length="14" level="43"/>
        <run start="2037" length="16" level="65"/>
        <run start="2032" length="20" level="59"/>
    </section>
    <section id="535" first-pos="136">
        <run start="1999" length="52" level="46"/>
        <run start="1999" length="51" level="44"/>
        <run start="2000" length="49" level="42"/>
        <run start="2001" length="47" level="40"/>
        <run start="2002" length="45" level="47"/>
        <run start="2004" length="41" level="46"/>
        <run start="2004" length="40" level="58"/>
        <run start="2006" length="36" level="52"/>
        <run start="2007" length="34" level="49"/>
        <run start="2008" length="30" level="52"/>
    </section>
    <section id="525" first-pos="135">
        <run start="1998" length="21" level="48"/>
    </section>
    <section id="434" first-pos="120">
        <run start="1998" length="1" level="200"/>
        <run start="1998" length="1" level="200"/>
        <run start="1998" length="2" level="200"/>
        <run start="1998" length="3" level="200"/>
        <run start="1998" length="4" level="203"/>
        <run start="1998" length="4" level="159"/>
        <run start="1998" length="4" level="204"/>
        <run start="1998" length="4" level="150"/>
        <run start="1998" length="5" level="165"/>
        <run start="1998" length="6" level="138"/>
        <run start="1998" length="7" level="119"/>
        <run start="1998" length="8" level="105"/>
        <run start="1998" length="8" level="77"/>
        <run start="1998" length="10" level="62"/>
        <run start="1998" length="13" level="48"/>
    </section>
    <section id="588" first-pos="146">
        <run start="2013" length="23" level="86"/>
    </section>
    <section id="593" first-pos="147">
        <run start="2016" length="8" level="132"/>
    </section>
    <section id="598" first-pos="148">
        <run start="2018" length="3" level="200"/>
    </section>
    <section id="380" first-pos="103">
        <run start="2017" length="5" level="170"/>
        <run start="2016" length="7" level="151"/>
    </section>
    <section id="386" first-pos="105">
        <run start="2012" length="12" level="89"/>
        <run start="2010" length="15" level="71"/>
        <run start="2008" length="18" level="60"/>
        <run start="2006" length="22" level="50"/>
        <run start="2005" length="24" level="45"/>
        <run start="2003" length="26" level="51"/>
    </section>
    <section id="410" first-pos="111">
        <run start="1998" length="12" level="109"/>
        <run start="1998" length="10" level="86"/>
        <run start="1998" length="8" level="79"/>
        <run start="1998" length="7" level="90"/>
        <run start="1998" length="6" level="106"/>
        <run start="1998" length="5" level="120"/>
        <run start="1998" length="5" level="134"/>
        <run start="1998" length="3" level="200"/>
    </section>
    <section id="391" first-pos="107">
        <run start="2001" length="1" level="213"/>
        <run start="1998" length="4" level="204"/>
        <run start="1998" length="4" level="204"/>
        <run start="1998" length="4" level="205"/>
    </section>
    <section id="411" first-pos="111">
        <run start="2011" length="19" level="57"/>
        <run start="2011" length="19" level="56"/>
        <run start="2011" length="19" level="56"/>
        <run start="2011" length="18" level="47"/>
        <run start="2011" length="18" level="47"/>
        <run start="2011" length="18" level="47"/>
        <run start="2011" length="18" level="46"/>
        <run start="2011" length="18" level="47"/>
        <run start="2012" length="17" level="62"/>
        <run start="2012" length="16" level="53"/>
        <run start="2013" length="15" level="71"/>
        <run start="2014" length="13" level="64"/>
    </section>
    <section id="456" first-pos="123">
        <run start="2015" length="6" level="103"/>
        <run start="2016" length="5" level="123"/>
        <run start="2017" length="4" level="152"/>
        <run start="2020" length="1" level="200"/>
    </section>
    <section id="457" first-pos="123">
        <run start="2022" length="1" level="1"/>
    </section>
</glyph>
