<?xml version="1.0" encoding="UTF-8"?>
<glyph id="1025" interline="21" shape="F_CLEF">
    <is-within-system>true</is-within-system>
    <has-ledger>false</has-ledger>
    <stem-number>0</stem-number>
    <step-line>-1.2380952380952381</step-line>
    <moments>
        <k>2.8594104308390023</k>
        <k>2.4761904761904763</k>
        <k>3.380952380952381</k>
        <k>0.14476031816911458</k>
        <k>-0.020484409632114804</k>
        <k>0.2752980597143878</k>
        <k>-0.011364655946184337</k>
        <k>-0.0025305155947697453</k>
        <k>-0.03799080119041329</k>
        <k>0.08837324506386286</k>
        <k>0.4200583778835024</k>
        <k>0.018718546119645664</k>
        <k>0.019737591147150083</k>
        <k>0.009804935351866433</k>
        <k>1.0012196990100612E-4</k>
        <k>9.910983561874666E-4</k>
        <k>-9.263117455821077E-5</k>
        <k>133.32910388580493</k>
        <k>1462.4956383822364</k>
    </moments>
    <section id="387" first-pos="106">
        <run start="1454" length="4" level="207"/>
        <run start="1454" length="4" level="205"/>
        <run start="1454" length="4" level="205"/>
        <run start="1454" length="4" level="206"/>
        <run start="1454" length="4" level="206"/>
    </section>
    <section id="409" first-pos="111">
        <run start="1449" length="9" level="142"/>
    </section>
    <section id="413" first-pos="112">
        <run start="1446" length="14" level="85"/>
        <run start="1443" length="18" level="57"/>
        <run start="1442" length="20" level="47"/>
        <run start="1440" length="23" level="43"/>
        <run start="1439" length="25" level="38"/>
        <run start="1438" length="26" level="49"/>
    </section>
    <section id="429" first-pos="118">
        <run start="1436" length="9" level="53"/>
        <run start="1435" length="8" level="79"/>
        <run start="1434" length="7" level="88"/>
        <run start="1434" length="6" level="104"/>
        <run start="1434" length="5" level="81"/>
    </section>
    <section id="452" first-pos="123">
        <run start="1434" length="1" level="200"/>
    </section>
    <section id="453" first-pos="123">
        <run start="1438" length="1" level="227"/>
    </section>
    <section id="430" first-pos="118">
        <run start="1446" length="18" level="49"/>
        <run start="1446" length="19" level="48"/>
        <run start="1446" length="19" level="43"/>
        <run start="1446" length="19" level="43"/>
        <run start="1446" length="19" level="43"/>
        <run start="1446" length="19" level="43"/>
        <run start="1446" length="19" level="43"/>
        <run start="1446" length="19" level="63"/>
        <run start="1447" length="17" level="58"/>
        <run start="1447" length="16" level="64"/>
        <run start="1448" length="15" level="79"/>
        <run start="1449" length="13" level="105"/>
        <run start="1450" length="10" level="157"/>
        <run start="1452" length="6" level="196"/>
    </section>
    <section id="496" first-pos="132">
        <run start="1454" length="1" level="200"/>
    </section>
    <section id="393" first-pos="108">
        <run start="1501" length="3" level="170"/>
        <run start="1500" length="5" level="84"/>
        <run start="1499" length="6" level="81"/>
        <run start="1499" length="6" level="65"/>
        <run start="1498" length="6" level="34"/>
        <run start="1498" length="6" level="34"/>
        <run start="1497" length="7" level="69"/>
        <run start="1496" length="7" level="86"/>
        <run start="1496" length="7" level="98"/>
        <run start="1496" length="6" level="101"/>
        <run start="1496" length="6" level="101"/>
        <run start="1496" length="6" level="115"/>
        <run start="1496" length="5" level="120"/>
        <run start="1496" length="5" level="120"/>
        <run start="1496" length="5" level="139"/>
        <run start="1495" length="5" level="160"/>
        <run start="1494" length="6" level="159"/>
        <run start="1494" length="6" level="150"/>
        <run start="1493" length="6" level="158"/>
        <run start="1493" length="6" level="134"/>
        <run start="1491" length="7" level="127"/>
        <run start="1490" length="8" level="93"/>
        <run start="1490" length="7" level="58"/>
        <run start="1489" length="8" level="67"/>
        <run start="1488" length="9" level="59"/>
        <run start="1487" length="9" level="37"/>
        <run start="1485" length="10" level="37"/>
        <run start="1484" length="10" level="26"/>
        <run start="1483" length="10" level="26"/>
        <run start="1482" length="10" level="26"/>
        <run start="1477" length="14" level="58"/>
        <run start="1476" length="14" level="40"/>
        <run start="1473" length="16" level="66"/>
        <run start="1469" length="19" level="71"/>
    </section>
    <section id="561" first-pos="142">
        <run start="1434" length="53" level="65"/>
        <run start="1435" length="51" level="39"/>
        <run start="1435" length="50" level="40"/>
        <run start="1436" length="48" level="40"/>
        <run start="1437" length="45" level="44"/>
        <run start="1438" length="43" level="47"/>
        <run start="1439" length="41" level="54"/>
        <run start="1441" length="38" level="52"/>
        <run start="1442" length="35" level="46"/>
        <run start="1443" length="31" level="49"/>
        <run start="1445" length="27" level="64"/>
    </section>
    <section id="475" first-pos="128">
        <run start="1434" length="1" level="200"/>
        <run start="1434" length="1" level="200"/>
        <run start="1434" length="2" level="200"/>
        <run start="1434" length="3" level="146"/>
        <run start="1434" length="3" level="139"/>
        <run start="1434" length="3" level="140"/>
        <run start="1434" length="3" level="140"/>
        <run start="1434" length="4" level="113"/>
        <run start="1434" length="5" level="91"/>
        <run start="1434" length="5" level="86"/>
        <run start="1434" length="7" level="71"/>
        <run start="1434" length="8" level="59"/>
        <run start="1434" length="10" level="52"/>
        <run start="1434" length="14" level="45"/>
    </section>
    <section id="620" first-pos="153">
        <run start="1447" length="22" level="105"/>
    </section>
    <section id="622" first-pos="154">
        <run start="1451" length="14" level="185"/>
    </section>
    <section id="628" first-pos="155">
        <run start="1452" length="3" level="197"/>
        <run start="1452" length="3" level="196"/>
        <run start="1454" length="1" level="200"/>
    </section>
</glyph>
