<?xml version="1.0" encoding="UTF-8"?>
<stick id="639" interline="21" shape="FLAT">
    <is-within-system>true</is-within-system>
    <has-ledger>false</has-ledger>
    <stem-number>0</stem-number>
    <step-line>-0.8571428571428571</step-line>
    <moments>
        <k>1.1564625850340136</k>
        <k>1.0952380952380953</k>
        <k>2.761904761904762</k>
        <k>0.06793909582287345</k>
        <k>0.061778433634122665</k>
        <k>0.41385492005337304</k>
        <k>0.011489795105025666</k>
        <k>0.00530084713218081</k>
        <k>-0.04981686374216833</k>
        <k>-0.13954936329384268</k>
        <k>0.4817940158762465</k>
        <k>0.13492405690220868</k>
        <k>0.05006710262441093</k>
        <k>0.01949162828192423</k>
        <k>6.086005262955945E-4</k>
        <k>0.006997673916715647</k>
        <k>1.92033723313491E-5</k>
        <k>186.5705882352941</k>
        <k>1243.664705882353</k>
    </moments>
    <section id="692" first-pos="178">
        <run start="1232" length="1" level="200"/>
    </section>
    <section id="693" first-pos="179">
        <run start="1229" length="6" level="192"/>
    </section>
    <section id="700" first-pos="180">
        <run start="1211" length="31" level="112"/>
    </section>
    <section id="717" first-pos="181">
        <run start="1211" length="58" level="71"/>
    </section>
    <section id="701" first-pos="180">
        <run start="1243" length="17" level="162"/>
    </section>
    <section id="702" first-pos="180">
        <run start="1264" length="2" level="212"/>
    </section>
    <section id="721" first-pos="182">
        <run start="1211" length="41" level="40"/>
        <run start="1211" length="40" level="40"/>
        <run start="1212" length="38" level="135"/>
    </section>
    <section id="734" first-pos="185">
        <run start="1215" length="3" level="213"/>
    </section>
    <section id="735" first-pos="185">
        <run start="1232" length="3" level="178"/>
        <run start="1232" length="3" level="202"/>
    </section>
    <section id="736" first-pos="185">
        <run start="1242" length="7" level="55"/>
        <run start="1242" length="6" level="86"/>
        <run start="1241" length="5" level="75"/>
        <run start="1241" length="5" level="52"/>
        <run start="1241" length="5" level="52"/>
        <run start="1241" length="6" level="64"/>
        <run start="1241" length="7" level="56"/>
    </section>
    <section id="768" first-pos="192">
        <run start="1241" length="20" level="80"/>
        <run start="1241" length="20" level="58"/>
        <run start="1241" length="19" level="62"/>
        <run start="1241" length="18" level="73"/>
        <run start="1242" length="16" level="82"/>
        <run start="1243" length="14" level="88"/>
        <run start="1244" length="12" level="97"/>
        <run start="1246" length="9" level="145"/>
    </section>
    <section id="730" first-pos="184">
        <run start="1261" length="8" level="55"/>
        <run start="1262" length="6" level="57"/>
        <run start="1261" length="6" level="99"/>
        <run start="1260" length="5" level="101"/>
        <run start="1258" length="6" level="95"/>
        <run start="1256" length="8" level="76"/>
        <run start="1251" length="12" level="103"/>
        <run start="1251" length="11" level="105"/>
    </section>
    <section id="722" first-pos="182">
        <run start="1253" length="16" level="46"/>
        <run start="1253" length="16" level="81"/>
    </section>
    <section id="779" first-pos="200">
        <run start="1251" length="4" level="192"/>
    </section>
</stick>
