<?xml version="1.0" encoding="UTF-8"?>
<stick id="894" interline="21" shape="FLAT">
    <is-within-system>true</is-within-system>
    <has-ledger>false</has-ledger>
    <stem-number>0</stem-number>
    <step-line>-0.9156626506024096</step-line>
    <moments>
        <k>1.0770975056689343</k>
        <k>1.0476190476190477</k>
        <k>2.761904761904762</k>
        <k>0.07105927744569178</k>
        <k>0.07067505350634207</k>
        <k>0.44001949205423524</k>
        <k>0.013260813115254708</k>
        <k>0.006207896963584898</k>
        <k>-0.049527483447438</k>
        <k>-0.1404636743457065</k>
        <k>0.511078769499927</k>
        <k>0.1561114927164797</k>
        <k>0.05150203170447519</k>
        <k>0.019339885137461058</k>
        <k>6.103678893543776E-4</k>
        <k>0.007541552726105758</k>
        <k>-1.515482486705755E-6</k>
        <k>177.50105263157894</k>
        <k>2350.882105263158</k>
    </moments>
    <section id="658" first-pos="170">
        <run start="2337" length="4" level="207"/>
    </section>
    <section id="662" first-pos="171">
        <run start="2319" length="36" level="179"/>
    </section>
    <section id="665" first-pos="172">
        <run start="2319" length="46" level="59"/>
    </section>
    <section id="659" first-pos="170">
        <run start="2359" length="2" level="200"/>
        <run start="2357" length="4" level="209"/>
    </section>
    <section id="671" first-pos="173">
        <run start="2319" length="58" level="44"/>
        <run start="2319" length="58" level="46"/>
    </section>
    <section id="666" first-pos="172">
        <run start="2368" length="5" level="50"/>
    </section>
    <section id="677" first-pos="175">
        <run start="2321" length="38" level="79"/>
    </section>
    <section id="685" first-pos="176">
        <run start="2324" length="4" level="144"/>
    </section>
    <section id="686" first-pos="176">
        <run start="2337" length="4" level="197"/>
    </section>
    <section id="687" first-pos="176">
        <run start="2350" length="7" level="43"/>
        <run start="2350" length="6" level="51"/>
        <run start="2350" length="5" level="52"/>
        <run start="2350" length="5" level="55"/>
        <run start="2349" length="5" level="48"/>
        <run start="2349" length="6" level="44"/>
        <run start="2349" length="7" level="65"/>
        <run start="2349" length="11" level="80"/>
    </section>
    <section id="731" first-pos="184">
        <run start="2349" length="19" level="68"/>
        <run start="2349" length="18" level="74"/>
        <run start="2350" length="16" level="79"/>
        <run start="2350" length="16" level="84"/>
        <run start="2351" length="14" level="95"/>
        <run start="2352" length="12" level="102"/>
        <run start="2354" length="9" level="123"/>
    </section>
    <section id="679" first-pos="175">
        <run start="2369" length="8" level="33"/>
        <run start="2369" length="6" level="44"/>
        <run start="2369" length="5" level="53"/>
        <run start="2369" length="4" level="63"/>
        <run start="2368" length="5" level="51"/>
        <run start="2366" length="6" level="43"/>
        <run start="2364" length="7" level="37"/>
        <run start="2363" length="7" level="48"/>
        <run start="2362" length="7" level="77"/>
    </section>
    <section id="765" first-pos="191">
        <run start="2361" length="1" level="200"/>
    </section>
    <section id="678" first-pos="175">
        <run start="2360" length="4" level="179"/>
    </section>
</stick>
