<?xml version="1.0" encoding="UTF-8"?>
<stick id="775" interline="21" shape="FLAT">
    <is-within-system>true</is-within-system>
    <has-ledger>false</has-ledger>
    <stem-number>0</stem-number>
    <step-line>-0.8571428571428571</step-line>
    <moments>
        <k>1.1904761904761905</k>
        <k>1.0476190476190477</k>
        <k>2.857142857142857</k>
        <k>0.0651678116834033</k>
        <k>0.06224104006046865</k>
        <k>0.44060599244142074</k>
        <k>0.011161811827809644</k>
        <k>0.0032683460066440418</k>
        <k>-0.05807600049193415</k>
        <k>-0.18461897641975913</k>
        <k>0.5057738041248241</k>
        <k>0.15644961584212524</k>
        <k>0.07217008026759342</k>
        <k>0.03508899224924733</k>
        <k>0.0017657690488255239</k>
        <k>0.01363927935409043</k>
        <k>-3.8594843491066575E-6</k>
        <k>182.0152380952381</k>
        <k>1801.2266666666667</k>
    </moments>
    <section id="674" first-pos="175">
        <run start="1767" length="25" level="102"/>
    </section>
    <section id="683" first-pos="176">
        <run start="1767" length="59" level="71"/>
        <run start="1767" length="60" level="44"/>
        <run start="1767" length="60" level="43"/>
    </section>
    <section id="675" first-pos="175">
        <run start="1810" length="4" level="187"/>
    </section>
    <section id="695" first-pos="179">
        <run start="1767" length="12" level="69"/>
    </section>
    <section id="706" first-pos="180">
        <run start="1767" length="4" level="182"/>
        <run start="1767" length="1" level="200"/>
    </section>
    <section id="696" first-pos="179">
        <run start="1785" length="42" level="89"/>
    </section>
    <section id="707" first-pos="180">
        <run start="1786" length="6" level="173"/>
        <run start="1788" length="4" level="180"/>
    </section>
    <section id="708" first-pos="180">
        <run start="1797" length="12" level="105"/>
    </section>
    <section id="719" first-pos="181">
        <run start="1799" length="7" level="66"/>
        <run start="1799" length="5" level="47"/>
        <run start="1799" length="5" level="52"/>
        <run start="1798" length="5" level="55"/>
        <run start="1798" length="6" level="51"/>
        <run start="1798" length="7" level="44"/>
    </section>
    <section id="751" first-pos="187">
        <run start="1798" length="21" level="76"/>
        <run start="1798" length="20" level="64"/>
        <run start="1798" length="20" level="72"/>
        <run start="1799" length="18" level="79"/>
        <run start="1799" length="17" level="85"/>
        <run start="1800" length="15" level="95"/>
        <run start="1801" length="13" level="118"/>
        <run start="1803" length="10" level="130"/>
        <run start="1804" length="8" level="204"/>
    </section>
    <section id="746" first-pos="186">
        <run start="1807" length="4" level="189"/>
    </section>
    <section id="710" first-pos="180">
        <run start="1819" length="7" level="60"/>
        <run start="1819" length="6" level="71"/>
        <run start="1818" length="6" level="84"/>
        <run start="1816" length="7" level="83"/>
        <run start="1815" length="7" level="72"/>
        <run start="1813" length="8" level="62"/>
        <run start="1812" length="9" level="83"/>
    </section>
    <section id="776" first-pos="196">
        <run start="1810" length="1" level="200"/>
    </section>
    <section id="709" first-pos="180">
        <run start="1810" length="4" level="205"/>
    </section>
</stick>
