<?xml version="1.0" encoding="UTF-8"?>
<stick id="527" interline="21" shape="FLAT">
    <is-within-system>true</is-within-system>
    <has-ledger>false</has-ledger>
    <stem-number>0</stem-number>
    <step-line>-1.0120481927710843</step-line>
    <moments>
        <k>1.0861678004535147</k>
        <k>1.0476190476190477</k>
        <k>2.7142857142857144</k>
        <k>0.0699231796360398</k>
        <k>0.07003042039935144</k>
        <k>0.43311459741962116</k>
        <k>0.01352228493355889</k>
        <k>0.006591769222207316</k>
        <k>-0.04682609891726121</k>
        <k>-0.1255052559339074</k>
        <k>0.503037777055661</k>
        <k>0.15152504507688752</k>
        <k>0.04482262131951131</k>
        <k>0.015249561347794718</k>
        <k>3.986849861706255E-4</k>
        <k>0.005842204855875109</k>
        <k>1.8689199473570376E-6</k>
        <k>191.06054279749478</k>
        <k>685.0396659707725</k>
    </moments>
    <section id="724" first-pos="183">
        <run start="674" length="1" level="200"/>
    </section>
    <section id="729" first-pos="184">
        <run start="671" length="8" level="198"/>
    </section>
    <section id="733" first-pos="185">
        <run start="655" length="44" level="136"/>
    </section>
    <section id="728" first-pos="184">
        <run start="658" length="10" level="161"/>
    </section>
    <section id="740" first-pos="186">
        <run start="654" length="57" level="42"/>
        <run start="654" length="57" level="43"/>
    </section>
    <section id="753" first-pos="188">
        <run start="654" length="46" level="52"/>
    </section>
    <section id="757" first-pos="189">
        <run start="654" length="40" level="93"/>
    </section>
    <section id="761" first-pos="190">
        <run start="674" length="4" level="195"/>
    </section>
    <section id="762" first-pos="190">
        <run start="685" length="6" level="51"/>
        <run start="685" length="5" level="62"/>
        <run start="685" length="4" level="65"/>
        <run start="685" length="4" level="65"/>
        <run start="684" length="5" level="91"/>
        <run start="684" length="5" level="46"/>
        <run start="683" length="8" level="80"/>
        <run start="683" length="11" level="48"/>
    </section>
    <section id="777" first-pos="198">
        <run start="683" length="19" level="61"/>
        <run start="684" length="17" level="64"/>
        <run start="684" length="16" level="72"/>
        <run start="685" length="14" level="80"/>
        <run start="686" length="13" level="86"/>
        <run start="687" length="11" level="94"/>
        <run start="690" length="7" level="119"/>
    </section>
    <section id="773" first-pos="195">
        <run start="697" length="8" level="48"/>
        <run start="696" length="8" level="73"/>
        <run start="696" length="7" level="84"/>
    </section>
    <section id="771" first-pos="194">
        <run start="698" length="1" level="227"/>
    </section>
    <section id="754" first-pos="188">
        <run start="701" length="10" level="32"/>
        <run start="704" length="6" level="45"/>
        <run start="704" length="5" level="54"/>
        <run start="704" length="4" level="65"/>
        <run start="703" length="4" level="66"/>
        <run start="701" length="5" level="50"/>
        <run start="700" length="6" level="44"/>
    </section>
    <section id="758" first-pos="189">
        <run start="696" length="3" level="186"/>
    </section>
</stick>
