<?xml version="1.0" encoding="UTF-8"?>
<stick id="777" interline="21" shape="FORTE">
    <is-within-system>true</is-within-system>
    <has-ledger>false</has-ledger>
    <stem-number>0</stem-number>
    <step-line>10.666666666666666</step-line>
    <moments>
        <k>1.8049886621315192</k>
        <k>2.4761904761904763</k>
        <k>3.0</k>
        <k>0.18820668010134564</k>
        <k>-0.2532258969146888</k>
        <k>0.43275297823173114</k>
        <k>-0.011198078020944182</k>
        <k>0.012159562904468128</k>
        <k>-0.014654421805145017</k>
        <k>0.016290269683654515</k>
        <k>0.6209596583330768</k>
        <k>0.31629631140226977</k>
        <k>0.0014811297679168697</k>
        <k>0.0014777447215501471</k>
        <k>2.177419891817041E-6</k>
        <k>7.794809815794517E-4</k>
        <k>-1.96062502447211E-7</k>
        <k>223.82914572864323</k>
        <k>1921.7060301507538</k>
    </moments>
    <section id="778" first-pos="198">
        <run start="1944" length="5" level="132"/>
        <run start="1942" length="9" level="73"/>
        <run start="1941" length="11" level="42"/>
        <run start="1941" length="11" level="24"/>
        <run start="1940" length="13" level="36"/>
        <run start="1940" length="13" level="21"/>
        <run start="1940" length="13" level="43"/>
    </section>
    <section id="781" first-pos="205">
        <run start="1940" length="9" level="29"/>
        <run start="1940" length="9" level="65"/>
        <run start="1941" length="7" level="83"/>
        <run start="1942" length="5" level="179"/>
    </section>
    <section id="782" first-pos="205">
        <run start="1950" length="4" level="93"/>
        <run start="1950" length="4" level="65"/>
        <run start="1949" length="5" level="101"/>
        <run start="1949" length="4" level="65"/>
        <run start="1948" length="5" level="73"/>
        <run start="1947" length="6" level="60"/>
        <run start="1946" length="7" level="72"/>
        <run start="1945" length="7" level="51"/>
        <run start="1944" length="8" level="63"/>
        <run start="1941" length="10" level="69"/>
        <run start="1938" length="11" level="40"/>
        <run start="1936" length="12" level="29"/>
        <run start="1933" length="14" level="30"/>
        <run start="1930" length="16" level="25"/>
        <run start="1925" length="20" level="25"/>
        <run start="1922" length="22" level="16"/>
        <run start="1918" length="25" level="22"/>
    </section>
    <section id="794" first-pos="222">
        <run start="1909" length="32" level="12"/>
        <run start="1909" length="31" level="12"/>
        <run start="1908" length="30" level="14"/>
        <run start="1906" length="30" level="14"/>
        <run start="1904" length="30" level="14"/>
        <run start="1902" length="30" level="21"/>
        <run start="1900" length="29" level="22"/>
        <run start="1899" length="27" level="24"/>
        <run start="1897" length="26" level="17"/>
        <run start="1896" length="25" level="35"/>
        <run start="1896" length="21" level="22"/>
        <run start="1894" length="21" level="12"/>
    </section>
    <section id="788" first-pos="217">
        <run start="1910" length="4" level="84"/>
        <run start="1910" length="4" level="64"/>
        <run start="1910" length="4" level="65"/>
        <run start="1909" length="5" level="56"/>
        <run start="1909" length="5" level="52"/>
    </section>
    <section id="822" first-pos="234">
        <run start="1893" length="14" level="18"/>
        <run start="1893" length="10" level="26"/>
        <run start="1892" length="8" level="4"/>
        <run start="1892" length="5" level="5"/>
        <run start="1891" length="5" level="6"/>
        <run start="1891" length="4" level="7"/>
        <run start="1891" length="3" level="5"/>
        <run start="1891" length="3" level="4"/>
        <run start="1891" length="3" level="3"/>
        <run start="1891" length="3" level="3"/>
    </section>
    <section id="905" first-pos="244">
        <run start="1891" length="11" level="1"/>
        <run start="1891" length="11" level="3"/>
        <run start="1892" length="10" level="1"/>
        <run start="1892" length="10" level="3"/>
        <run start="1893" length="9" level="3"/>
        <run start="1894" length="7" level="6"/>
    </section>
    <section id="900" first-pos="241">
        <run start="1898" length="2" level="6"/>
        <run start="1896" length="5" level="3"/>
        <run start="1895" length="7" level="2"/>
    </section>
    <section id="823" first-pos="234">
        <run start="1908" length="6" level="39"/>
        <run start="1909" length="4" level="6"/>
        <run start="1909" length="4" level="6"/>
        <run start="1910" length="3" level="6"/>
        <run start="1910" length="3" level="6"/>
        <run start="1909" length="4" level="10"/>
        <run start="1910" length="3" level="77"/>
    </section>
</stick>
