<?xml version="1.0" encoding="UTF-8"?>
<glyph id="1022" interline="21" shape="TIME_THREE">
    <is-within-system>true</is-within-system>
    <has-ledger>false</has-ledger>
    <stem-number>0</stem-number>
    <step-line>-1.9047619047619047</step-line>
    <moments>
        <k>1.7619047619047619</k>
        <k>1.4761904761904763</k>
        <k>2.0476190476190474</k>
        <k>0.1001204157090323</k>
        <k>9.412927228702185E-4</k>
        <k>0.21863420429333266</k>
        <k>-0.007195088687769807</k>
        <k>0.0062045116489403375</k>
        <k>-0.010110384394160916</k>
        <k>0.004670888678141904</k>
        <k>0.318754620002365</k>
        <k>0.014049062212564757</k>
        <k>7.296748652770282E-4</k>
        <k>4.1775373086372933E-4</k>
        <k>1.4045619738330536E-7</k>
        <k>-2.2183918944899065E-5</k>
        <k>-1.8294659205414084E-7</k>
        <k>469.4710424710425</k>
        <k>324.5238095238095</k>
    </moments>
    <section id="1422" first-pos="453">
        <run start="336" length="4" level="223"/>
        <run start="334" length="7" level="95"/>
        <run start="333" length="10" level="45"/>
    </section>
    <section id="1429" first-pos="456">
        <run start="333" length="14" level="33"/>
        <run start="332" length="15" level="44"/>
        <run start="332" length="15" level="30"/>
        <run start="332" length="15" level="30"/>
        <run start="332" length="15" level="30"/>
        <run start="332" length="15" level="30"/>
        <run start="332" length="15" level="33"/>
        <run start="333" length="12" level="10"/>
        <run start="334" length="9" level="18"/>
        <run start="336" length="5" level="38"/>
    </section>
    <section id="1427" first-pos="455">
        <run start="344" length="1" level="43"/>
    </section>
    <section id="1424" first-pos="454">
        <run start="312" length="4" level="174"/>
        <run start="310" length="8" level="87"/>
        <run start="309" length="10" level="36"/>
        <run start="308" length="12" level="30"/>
    </section>
    <section id="1431" first-pos="458">
        <run start="304" length="17" level="60"/>
        <run start="304" length="17" level="47"/>
        <run start="304" length="17" level="40"/>
        <run start="304" length="17" level="49"/>
        <run start="304" length="17" level="49"/>
        <run start="304" length="16" level="42"/>
        <run start="304" length="15" level="70"/>
    </section>
    <section id="1440" first-pos="465">
        <run start="304" length="5" level="120"/>
        <run start="304" length="5" level="120"/>
        <run start="304" length="5" level="120"/>
        <run start="304" length="5" level="120"/>
        <run start="304" length="5" level="120"/>
        <run start="304" length="6" level="126"/>
        <run start="304" length="6" level="101"/>
        <run start="304" length="8" level="115"/>
        <run start="304" length="10" level="94"/>
    </section>
    <section id="1467" first-pos="474">
        <run start="304" length="43" level="75"/>
        <run start="304" length="43" level="52"/>
        <run start="304" length="43" level="52"/>
        <run start="304" length="43" level="52"/>
    </section>
    <section id="1464" first-pos="473">
        <run start="316" length="18" level="152"/>
    </section>
    <section id="1448" first-pos="466">
        <run start="325" length="1" level="200"/>
        <run start="325" length="2" level="200"/>
        <run start="325" length="3" level="200"/>
        <run start="325" length="4" level="197"/>
        <run start="323" length="6" level="167"/>
        <run start="322" length="8" level="173"/>
        <run start="321" length="9" level="133"/>
    </section>
    <section id="1465" first-pos="473">
        <run start="337" length="4" level="224"/>
    </section>
    <section id="1463" first-pos="471">
        <run start="346" length="1" level="200"/>
        <run start="343" length="4" level="153"/>
        <run start="342" length="5" level="122"/>
    </section>
    <section id="1471" first-pos="478">
        <run start="304" length="22" level="64"/>
    </section>
    <section id="1475" first-pos="479">
        <run start="309" length="17" level="42"/>
        <run start="310" length="16" level="38"/>
        <run start="310" length="16" level="50"/>
        <run start="312" length="12" level="36"/>
        <run start="313" length="8" level="81"/>
    </section>
    <section id="1472" first-pos="478">
        <run start="327" length="20" level="41"/>
        <run start="328" length="19" level="35"/>
        <run start="329" length="18" level="37"/>
        <run start="330" length="14" level="11"/>
        <run start="332" length="10" level="16"/>
        <run start="334" length="6" level="39"/>
    </section>
    <section id="1441" first-pos="465">
        <run start="313" length="5" level="86"/>
    </section>
</glyph>
