<?xml version="1.0" encoding="UTF-8"?>
<stick id="418" interline="20" shape="TIME_FOUR">
    <is-within-system>true</is-within-system>
    <has-ledger>false</has-ledger>
    <stem-number>0</stem-number>
    <step-line>2.4390243902439024</step-line>
    <moments>
        <k>1.7175</k>
        <k>1.95</k>
        <k>1.95</k>
        <k>0.09127598470581523</k>
        <k>0.010011907654248685</k>
        <k>0.14871191719617527</k>
        <k>-0.008016642088829908</k>
        <k>0.010064797519767701</k>
        <k>0.008699906777973868</k>
        <k>-0.010812915146558395</k>
        <k>0.23998790190199049</k>
        <k>0.0036998395205460094</k>
        <k>0.0028455254702437396</k>
        <k>1.0265306189459318E-6</k>
        <k>2.4602335527760807E-12</k>
        <k>-1.5139101117299018E-8</k>
        <k>-5.542576284430821E-11</k>
        <k>470.9184861717613</k>
        <k>147.95196506550218</k>
    </moments>
    <section id="1421" first-pos="452">
        <run start="154" length="4" level="128"/>
        <run start="153" length="5" level="68"/>
        <run start="152" length="6" level="56"/>
        <run start="151" length="7" level="48"/>
        <run start="149" length="9" level="30"/>
    </section>
    <section id="1430" first-pos="457">
        <run start="145" length="14" level="54"/>
        <run start="144" length="14" level="54"/>
        <run start="144" length="14" level="84"/>
    </section>
    <section id="1428" first-pos="456">
        <run start="147" length="1" level="224"/>
    </section>
    <section id="1434" first-pos="460">
        <run start="142" length="10" level="104"/>
        <run start="141" length="10" level="105"/>
        <run start="138" length="12" level="96"/>
        <run start="136" length="13" level="84"/>
        <run start="133" length="15" level="75"/>
        <run start="129" length="18" level="53"/>
        <run start="128" length="17" level="27"/>
        <run start="128" length="17" level="25"/>
        <run start="129" length="16" level="27"/>
    </section>
    <section id="1454" first-pos="469">
        <run start="129" length="14" level="15"/>
        <run start="130" length="12" level="35"/>
        <run start="130" length="10" level="42"/>
        <run start="130" length="8" level="27"/>
        <run start="129" length="8" level="5"/>
        <run start="129" length="8" level="27"/>
        <run start="129" length="7" level="31"/>
        <run start="129" length="6" level="37"/>
        <run start="128" length="6" level="42"/>
        <run start="128" length="5" level="46"/>
        <run start="128" length="4" level="114"/>
        <run start="129" length="2" level="227"/>
    </section>
    <section id="1455" first-pos="469">
        <run start="144" length="3" level="154"/>
    </section>
    <section id="1458" first-pos="470">
        <run start="144" length="23" level="84"/>
        <run start="144" length="23" level="44"/>
        <run start="142" length="25" level="51"/>
        <run start="142" length="25" level="49"/>
        <run start="141" length="26" level="49"/>
        <run start="140" length="27" level="47"/>
        <run start="139" length="28" level="45"/>
        <run start="138" length="29" level="44"/>
        <run start="136" length="31" level="42"/>
        <run start="136" length="31" level="40"/>
        <run start="136" length="31" level="109"/>
    </section>
    <section id="1435" first-pos="460">
        <run start="154" length="4" level="65"/>
        <run start="154" length="4" level="65"/>
        <run start="154" length="4" level="65"/>
        <run start="154" length="4" level="27"/>
        <run start="154" length="4" level="7"/>
        <run start="154" length="4" level="45"/>
        <run start="154" length="3" level="8"/>
        <run start="154" length="4" level="26"/>
        <run start="154" length="4" level="5"/>
        <run start="153" length="5" level="20"/>
    </section>
    <section id="1456" first-pos="469">
        <run start="163" length="4" level="178"/>
    </section>
    <section id="1481" first-pos="481">
        <run start="137" length="2" level="210"/>
    </section>
    <section id="1482" first-pos="481">
        <run start="140" length="7" level="198"/>
    </section>
    <section id="1483" first-pos="481">
        <run start="154" length="5" level="69"/>
        <run start="155" length="3" level="5"/>
        <run start="155" length="3" level="6"/>
        <run start="155" length="3" level="7"/>
        <run start="155" length="3" level="7"/>
        <run start="154" length="4" level="25"/>
        <run start="154" length="4" level="46"/>
        <run start="155" length="3" level="9"/>
        <run start="154" length="4" level="65"/>
        <run start="155" length="3" level="172"/>
    </section>
    <section id="1484" first-pos="481">
        <run start="162" length="5" level="181"/>
    </section>
</stick>
