<?xml version="1.0" encoding="UTF-8"?>
<glyph id="1023" interline="20" shape="TIME_THREE">
    <is-within-system>true</is-within-system>
    <has-ledger>false</has-ledger>
    <stem-number>0</stem-number>
    <step-line>-1.853658536585366</step-line>
    <moments>
        <k>1.84</k>
        <k>1.55</k>
        <k>2.15</k>
        <k>0.10789346150191086</k>
        <k>-0.002030709427267382</k>
        <k>0.22095326279186892</k>
        <k>-0.007520397559360965</k>
        <k>0.005420775647233046</k>
        <k>-0.01095191891486876</k>
        <k>-9.491409421955453E-4</k>
        <k>0.32884672429377976</k>
        <k>0.012799013790836773</k>
        <k>9.381150517637322E-4</k>
        <k>3.612219928593948E-4</k>
        <k>-5.437414138679364E-8</k>
        <k>-3.5647350206968635E-5</k>
        <k>-2.0312403071686123E-7</k>
        <k>470.0271739130435</k>
        <k>103.75135869565217</k>
    </moments>
    <section id="1423" first-pos="454">
        <run start="114" length="5" level="52"/>
    </section>
    <section id="1426" first-pos="455">
        <run start="112" length="10" level="28"/>
        <run start="111" length="14" level="47"/>
        <run start="110" length="15" level="43"/>
        <run start="110" length="15" level="43"/>
        <run start="110" length="15" level="43"/>
        <run start="110" length="15" level="43"/>
        <run start="110" length="15" level="43"/>
        <run start="110" length="15" level="44"/>
        <run start="111" length="14" level="46"/>
        <run start="111" length="11" level="25"/>
        <run start="113" length="7" level="37"/>
        <run start="114" length="4" level="7"/>
    </section>
    <section id="1425" first-pos="455">
        <run start="90" length="5" level="206"/>
        <run start="88" length="9" level="92"/>
        <run start="87" length="11" level="39"/>
        <run start="86" length="13" level="35"/>
        <run start="85" length="14" level="28"/>
        <run start="84" length="16" level="27"/>
        <run start="83" length="16" level="28"/>
        <run start="82" length="17" level="49"/>
        <run start="82" length="16" level="41"/>
        <run start="82" length="15" level="53"/>
    </section>
    <section id="1438" first-pos="465">
        <run start="82" length="5" level="145"/>
        <run start="82" length="3" level="200"/>
    </section>
    <section id="1439" first-pos="465">
        <run start="90" length="7" level="31"/>
        <run start="92" length="3" level="55"/>
    </section>
    <section id="1447" first-pos="466">
        <run start="103" length="1" level="200"/>
        <run start="103" length="2" level="200"/>
        <run start="103" length="3" level="200"/>
        <run start="103" length="3" level="200"/>
        <run start="103" length="4" level="206"/>
        <run start="102" length="6" level="171"/>
        <run start="100" length="8" level="153"/>
        <run start="98" length="11" level="131"/>
    </section>
    <section id="1466" first-pos="474">
        <run start="83" length="28" level="110"/>
    </section>
    <section id="1452" first-pos="468">
        <run start="82" length="1" level="200"/>
        <run start="82" length="2" level="200"/>
        <run start="82" length="4" level="195"/>
        <run start="82" length="5" level="157"/>
        <run start="82" length="7" level="141"/>
        <run start="82" length="8" level="100"/>
    </section>
    <section id="1468" first-pos="475">
        <run start="84" length="41" level="45"/>
        <run start="84" length="41" level="45"/>
        <run start="85" length="40" level="42"/>
    </section>
    <section id="1457" first-pos="470">
        <run start="124" length="1" level="200"/>
        <run start="123" length="2" level="200"/>
        <run start="121" length="4" level="155"/>
        <run start="120" length="5" level="123"/>
        <run start="116" length="9" level="69"/>
    </section>
    <section id="1469" first-pos="478">
        <run start="86" length="18" level="38"/>
        <run start="87" length="17" level="36"/>
        <run start="87" length="17" level="40"/>
        <run start="88" length="16" level="42"/>
        <run start="89" length="15" level="48"/>
    </section>
    <section id="1486" first-pos="483">
        <run start="91" length="10" level="17"/>
        <run start="92" length="6" level="49"/>
    </section>
    <section id="1470" first-pos="478">
        <run start="105" length="20" level="41"/>
        <run start="106" length="19" level="33"/>
        <run start="107" length="18" level="35"/>
        <run start="108" length="17" level="37"/>
        <run start="109" length="14" level="17"/>
    </section>
    <section id="1487" first-pos="483">
        <run start="111" length="8" level="6"/>
    </section>
</glyph>
