<?xml version="1.0" encoding="UTF-8"?>
<stick id="431" interline="21" shape="WHOLE_REST">
    <is-within-system>true</is-within-system>
    <has-ledger>false</has-ledger>
    <stem-number>0</stem-number>
    <step-line>-1.4285714285714286</step-line>
    <moments>
        <k>0.9024943310657596</k>
        <k>1.5238095238095237</k>
        <k>0.6666666666666666</k>
        <k>0.18953153180361074</k>
        <k>-0.0025867957499169586</k>
        <k>0.036741242639043124</k>
        <k>0.0028009123605594686</k>
        <k>-0.0023888635629702743</k>
        <k>-0.0010945078573365056</k>
        <k>3.3685852356977883E-4</k>
        <k>0.22627277444265387</k>
        <k>0.02337163851199934</k>
        <k>9.332211070181238E-5</k>
        <k>7.122541010344636E-6</k>
        <k>-3.125399710457893E-11</k>
        <k>-1.6222939761591887E-7</k>
        <k>1.8095118753166015E-10</k>
        <k>704.9396984924623</k>
        <k>330.0100502512563</k>
    </moments>
    <section id="2075" first-pos="689">
        <run start="324" length="1" level="200"/>
        <run start="324" length="4" level="201"/>
    </section>
    <section id="2077" first-pos="691">
        <run start="324" length="12" level="186"/>
        <run start="324" length="13" level="61"/>
        <run start="324" length="14" level="59"/>
        <run start="324" length="14" level="59"/>
        <run start="324" length="14" level="59"/>
        <run start="324" length="14" level="59"/>
        <run start="324" length="14" level="59"/>
        <run start="324" length="14" level="59"/>
        <run start="324" length="14" level="60"/>
        <run start="324" length="14" level="60"/>
        <run start="324" length="13" level="47"/>
        <run start="324" length="13" level="47"/>
        <run start="324" length="13" level="47"/>
        <run start="324" length="13" level="47"/>
        <run start="324" length="13" level="47"/>
        <run start="324" length="13" level="47"/>
        <run start="324" length="13" level="47"/>
        <run start="324" length="13" level="47"/>
        <run start="324" length="13" level="47"/>
        <run start="324" length="13" level="47"/>
        <run start="324" length="13" level="47"/>
        <run start="324" length="13" level="47"/>
        <run start="324" length="13" level="47"/>
        <run start="324" length="13" level="47"/>
        <run start="324" length="13" level="47"/>
        <run start="324" length="13" level="47"/>
        <run start="324" length="13" level="47"/>
        <run start="324" length="13" level="50"/>
        <run start="324" length="12" level="62"/>
        <run start="324" length="9" level="101"/>
    </section>
    <section id="2076" first-pos="690">
        <run start="332" length="1" level="220"/>
    </section>
</stick>
