<?xml version="1.0" encoding="UTF-8" standalone="yes"?>
<samples sheet-name="IMSLP00118#3">
    <sample shape="FLAT" interline="18" pitch="-2.9" left="288" top="315" id="336">
        <run-table orientation="VERTICAL" width="19" height="44">
            <runs>0 2 14</runs>
            <runs>33</runs>
            <runs>43</runs>
            <runs>44</runs>
            <runs>43</runs>
            <runs>0 1 6 15 5 12 3</runs>
            <runs>0 23 3 12 3</runs>
            <runs>0 22 4 11 4</runs>
            <runs>0 21 5 10 4</runs>
            <runs>0 21 5 8 5</runs>
            <runs>0 21 5 3 10</runs>
            <runs>0 21 17</runs>
            <runs>0 21 16</runs>
            <runs>0 21 15</runs>
            <runs>0 21 15</runs>
            <runs>0 21 14</runs>
            <runs>0 21 13</runs>
            <runs>0 22 11</runs>
            <runs>0 24 9</runs>
        </run-table>
    </sample>
    <sample shape="FLAT" interline="18" pitch="2.2" left="274" top="582" id="349">
        <run-table orientation="VERTICAL" width="19" height="44">
            <runs>0 1 29 4 1</runs>
            <runs>44</runs>
            <runs>44</runs>
            <runs>44</runs>
            <runs>0 1 2</runs>
            <runs></runs>
            <runs>0 35 8</runs>
            <runs>0 24 2 8 9</runs>
            <runs>0 24 2 6 6</runs>
            <runs>0 24 2 4 7</runs>
            <runs>0 19 17</runs>
            <runs>0 19 17</runs>
            <runs>0 19 16</runs>
            <runs>0 20 14</runs>
            <runs>0 20 13</runs>
            <runs>0 20 12</runs>
            <runs>0 20 11</runs>
            <runs>0 20 10</runs>
            <runs>0 20 8</runs>
        </run-table>
    </sample>
    <sample shape="FLAT" interline="18" pitch="1.4" left="242" top="1994" id="558">
        <run-table orientation="VERTICAL" width="20" height="44">
            <runs>0 1 36</runs>
            <runs>44</runs>
            <runs>44</runs>
            <runs>0 1 42</runs>
            <runs>0 1 19 1 11 6 4</runs>
            <runs>0 2 1 20 4 11 4</runs>
            <runs>0 22 5 10 4</runs>
            <runs>0 21 5 9 5</runs>
            <runs>0 21 4 9 5</runs>
            <runs>0 21 5 3 9</runs>
            <runs>0 21 17</runs>
            <runs>0 21 16</runs>
            <runs>0 21 15</runs>
            <runs>0 21 14</runs>
            <runs>0 21 13</runs>
            <runs>0 21 13</runs>
            <runs>0 21 12</runs>
            <runs>0 22 10</runs>
            <runs>0 23 9</runs>
            <runs>0 25 2</runs>
        </run-table>
    </sample>
    <sample shape="CLUTTER" interline="18" pitch="-1.7" left="280" top="1703" id="536">
        <run-table orientation="VERTICAL" width="29" height="67">
            <runs>0 61 2</runs>
            <runs>0 60 3</runs>
            <runs>0 59 8</runs>
            <runs>0 57 6</runs>
            <runs>0 45 18</runs>
            <runs>0 45 17</runs>
            <runs>0 45 16</runs>
            <runs>0 46 14</runs>
            <runs>0 46 13</runs>
            <runs>0 46 13</runs>
            <runs>0 1 12 34 10</runs>
            <runs>31 16 10</runs>
            <runs>42 5 8</runs>
            <runs>42 10 1</runs>
            <runs>33 1 8</runs>
            <runs>0 1 13 3 9 11 4</runs>
            <runs>0 21 4 12 3</runs>
            <runs>0 20 5 11 4</runs>
            <runs>0 20 4 11 4</runs>
            <runs>0 19 5 9 5</runs>
            <runs>0 19 6 3 9</runs>
            <runs>0 19 18</runs>
            <runs>0 19 17</runs>
            <runs>0 19 16</runs>
            <runs>0 19 16</runs>
            <runs>0 19 16</runs>
            <runs>0 20 14</runs>
            <runs>0 21 13</runs>
            <runs>0 22 9</runs>
        </run-table>
    </sample>
</samples>
