<?xml version="1.0" encoding="UTF-8" standalone="yes"?>
<samples sheet-name="IMSLP00080#11">
    <sample shape="G_CLEF" interline="15" pitch="0.1" left="283" top="242" id="445">
        <run-table orientation="VERTICAL" width="40" height="102">
            <runs>0 52 9</runs>
            <runs>0 50 20</runs>
            <runs>0 46 24 17 8</runs>
            <runs>0 45 26 15 10</runs>
            <runs>0 43 28 10 16</runs>
            <runs>0 38 35 8 17</runs>
            <runs>0 38 35 8 18</runs>
            <runs>0 38 20 8 8 7 19</runs>
            <runs>0 38 19 10 8 6 20</runs>
            <runs>0 36 20 11 9 5 20</runs>
            <runs>0 35 21 17 3 5 21</runs>
            <runs>0 35 16 22 4 4 21</runs>
            <runs>0 34 16 8 13 3 3 4 21</runs>
            <runs>0 32 17 4 18 4 3 4 15 2 3</runs>
            <runs>0 31 17 5 18 4 3 4 14 3 3</runs>
            <runs>0 31 15 7 18 5 2 4 12 5 3</runs>
            <runs>0 30 15 7 10 14 3 8 6 6 3</runs>
            <runs>0 29 15 6 9 17 4 19 3</runs>
            <runs>0 24 20 6 9 18 2 20 3</runs>
            <runs>0 23 20 6 9 19 2 20 3</runs>
            <runs>0 15 29 3 11 19 2 19 4</runs>
            <runs>0 11 47 19 2 18 4</runs>
            <runs>0 8 14 2 35 17 4 16 4</runs>
            <runs>0 7 11 6 19 2 27 4 4 15 4</runs>
            <runs>0 6 10 7 20 3 34 11 7</runs>
            <runs>0 5 9 8 14 10 13 1 37</runs>
            <runs>0 4 9 8 14 11 11 10 28</runs>
            <runs>0 3 9 9 13 12 11 18 16</runs>
            <runs>0 2 9 9 13 13 11 18 3</runs>
            <runs>0 1 9 9 12 16 10 18 2</runs>
            <runs>9 9 12 17 11 16 3</runs>
            <runs>9 8 12 18 12 14 4</runs>
            <runs>9 6 13 20 12 7 9</runs>
            <runs>10 3 15 20 16 2 9</runs>
            <runs>0 1 27 21 26</runs>
            <runs>0 3 19 28 24</runs>
            <runs>0 7 11 33 22</runs>
            <runs>0 53 19</runs>
            <runs>0 53 18</runs>
            <runs>0 53 18</runs>
        </run-table>
    </sample>
    <sample shape="G_CLEF" interline="15" pitch="0.3" left="287" top="420" id="447">
        <run-table orientation="VERTICAL" width="42" height="103">
            <runs>0 55 12</runs>
            <runs>0 49 18</runs>
            <runs>0 48 19</runs>
            <runs>0 46 23</runs>
            <runs>0 44 27 18 7</runs>
            <runs>0 42 31 14 11</runs>
            <runs>0 41 33 12 14</runs>
            <runs>0 35 24 5 10 12 14</runs>
            <runs>0 35 21 14 5 10 16</runs>
            <runs>0 35 20 17 4 9 16</runs>
            <runs>0 35 19 19 4 8 17</runs>
            <runs>0 34 19 21 8 3 17</runs>
            <runs>0 34 19 22 2 8 17</runs>
            <runs>0 33 16 11 8 7 2 8 18</runs>
            <runs>0 32 16 8 13 7 1 8 18</runs>
            <runs>0 31 16 3 21 5 1 9 12 1 4</runs>
            <runs>0 30 16 4 13 1 9 14 10 2 4</runs>
            <runs>0 29 15 6 11 27 8 4 3</runs>
            <runs>0 14 30 5 11 28 8 4 3</runs>
            <runs>0 10 34 5 10 31 4 6 3</runs>
            <runs>0 9 50 40 4</runs>
            <runs>0 7 12 2 38 40 3</runs>
            <runs>0 6 12 3 38 39 4</runs>
            <runs>0 5 10 6 19 5 22 31 4</runs>
            <runs>0 4 10 7 18 8 23 27 4</runs>
            <runs>0 3 9 9 18 8 35 13 6</runs>
            <runs>0 2 9 9 19 8 11 6 20 8 8</runs>
            <runs>0 1 10 8 14 14 11 13 28</runs>
            <runs>10 8 14 15 11 17 23</runs>
            <runs>9 7 15 16 11 17 7 1 10</runs>
            <runs>9 5 15 18 11 17 7</runs>
            <runs>0 1 27 20 11 15 8</runs>
            <runs>0 3 23 22 12 14 8</runs>
            <runs>0 7 18 24 12 12 4</runs>
            <runs>0 11 7 31 13 9 5</runs>
            <runs>0 49 26</runs>
            <runs>0 50 24</runs>
            <runs>0 50 23</runs>
            <runs>0 50 22</runs>
            <runs>0 50 21</runs>
            <runs>0 55 14</runs>
            <runs>0 57 11</runs>
        </run-table>
    </sample>
    <sample shape="G_CLEF" interline="15" pitch="1.1" left="286" top="603" id="449">
        <run-table orientation="VERTICAL" width="42" height="104">
            <runs>0 57 3</runs>
            <runs>0 52 15</runs>
            <runs>0 46 23</runs>
            <runs>0 46 25</runs>
            <runs>0 45 27</runs>
            <runs>0 44 34 13 7</runs>
            <runs>0 42 36 11 11</runs>
            <runs>0 41 24 2 11 10 13</runs>
            <runs>0 39 20 12 2 14 15</runs>
            <runs>0 38 18 31 15</runs>
            <runs>0 37 18 32 16</runs>
            <runs>0 36 18 32 17</runs>
            <runs>0 32 19 35 18</runs>
            <runs>0 32 18 36 18</runs>
            <runs>0 32 18 6 13 17 18</runs>
            <runs>0 31 18 5 18 15 17</runs>
            <runs>0 31 18 4 28 6 17</runs>
            <runs>0 15 34 2 13 8 9 7 11 2 3</runs>
            <runs>0 12 33 5 14 11 7 7 9 3 3</runs>
            <runs>0 10 54 11 7 7 9 3 3</runs>
            <runs>0 8 14 4 38 11 7 10 2 7 3</runs>
            <runs>0 7 14 4 39 11 7 18 4</runs>
            <runs>0 6 15 3 40 11 7 18 4</runs>
            <runs>0 5 10 8 16 7 19 10 7 18 4</runs>
            <runs>0 4 10 8 16 8 23 6 7 17 5</runs>
            <runs>0 3 10 4 21 8 36 16 5</runs>
            <runs>0 2 10 5 19 11 12 2 21 14 6</runs>
            <runs>0 1 10 6 19 11 12 12 16 5 9</runs>
            <runs>10 7 19 11 12 15 26</runs>
            <runs>0 1 9 6 15 16 12 15 25</runs>
            <runs>0 3 25 19 17 22 9</runs>
            <runs>0 4 22 21 17</runs>
            <runs>0 7 16 24 17</runs>
            <runs>0 12 9 26 17</runs>
            <runs>0 50 14</runs>
            <runs>0 51 14 5 8</runs>
            <runs>0 52 26</runs>
            <runs>0 53 25</runs>
            <runs>0 54 25</runs>
            <runs>0 55 18</runs>
            <runs>0 57 13</runs>
            <runs>0 59 9</runs>
        </run-table>
    </sample>
    <sample shape="G_CLEF" interline="15" pitch="0.9" left="284" top="1021" id="472">
        <run-table orientation="VERTICAL" width="42" height="102">
            <runs>0 55 8</runs>
            <runs>0 45 20</runs>
            <runs>0 45 22</runs>
            <runs>0 44 25</runs>
            <runs>0 42 30 15 10</runs>
            <runs>0 41 37 7 13</runs>
            <runs>0 39 38 7 15</runs>
            <runs>0 38 39 6 17</runs>
            <runs>0 37 26 4 10 6 17</runs>
            <runs>0 30 25 14 9 5 18</runs>
            <runs>0 30 24 17 1 11 19</runs>
            <runs>0 30 22 31 19</runs>
            <runs>0 30 21 32 19</runs>
            <runs>0 30 20 33 19</runs>
            <runs>0 30 19 6 13 16 18</runs>
            <runs>0 29 20 3 20 12 13 1 4</runs>
            <runs>0 28 51 6 11 2 4</runs>
            <runs>0 28 35 7 9 7 9 3 4</runs>
            <runs>0 14 49 26 3 6 4</runs>
            <runs>0 12 32 1 18 35 4</runs>
            <runs>0 9 50 39 4</runs>
            <runs>0 7 52 38 5</runs>
            <runs>0 6 14 3 41 33 5</runs>
            <runs>0 5 16 1 18 5 19 32 6</runs>
            <runs>0 4 11 2 19 9 27 23 6</runs>
            <runs>0 3 10 4 19 10 35 13 6</runs>
            <runs>0 2 10 5 19 10 38 7 9</runs>
            <runs>0 1 10 6 19 10 11 12 30</runs>
            <runs>10 7 19 10 12 15 24</runs>
            <runs>10 7 14 15 12 24 11</runs>
            <runs>9 6 15 16 12</runs>
            <runs>11 3 14 18 13</runs>
            <runs>0 1 25 20 13</runs>
            <runs>0 4 18 24 18 7 2</runs>
            <runs>0 6 15 25 19 5 8</runs>
            <runs>0 46 20 3 9</runs>
            <runs>0 46 32</runs>
            <runs>0 46 27</runs>
            <runs>0 52 20</runs>
            <runs>0 54 16</runs>
            <runs>0 56 11</runs>
            <runs>0 57 8</runs>
        </run-table>
    </sample>
    <sample shape="G_CLEF" interline="15" pitch="0.8" left="287" top="1180" id="476">
        <run-table orientation="VERTICAL" width="41" height="102">
            <runs>0 51 14</runs>
            <runs>0 46 21</runs>
            <runs>0 45 23 20 5</runs>
            <runs>0 44 26 16 11</runs>
            <runs>0 43 28 14 13</runs>
            <runs>0 41 31 12 15</runs>
            <runs>0 40 24 2 12 5 17</runs>
            <runs>0 38 25 7 8 5 18</runs>
            <runs>0 37 17 17 1 10 19</runs>
            <runs>0 36 16 30 20</runs>
            <runs>0 31 19 32 20</runs>
            <runs>0 31 18 33 20</runs>
            <runs>0 31 18 34 19</runs>
            <runs>0 31 17 9 9 18 13 1 4</runs>
            <runs>0 31 18 6 13 16 12 2 4</runs>
            <runs>0 31 18 4 11 23 8 3 4</runs>
            <runs>0 30 14 7 13 25 4 5 4</runs>
            <runs>0 29 14 7 14 25 3 7 3</runs>
            <runs>0 28 15 4 12 39 4</runs>
            <runs>0 15 28 4 12 39 4</runs>
            <runs>0 12 32 2 12 39 5</runs>
            <runs>0 10 48 39 5</runs>
            <runs>0 8 13 3 41 31 5</runs>
            <runs>0 7 14 3 13 8 21 29 5</runs>
            <runs>0 6 10 7 14 10 19 1 14 12 7</runs>
            <runs>0 5 9 3 20 10 11 9 16 1 3 1 10</runs>
            <runs>0 4 9 4 19 11 10 15 25</runs>
            <runs>0 3 9 5 19 11 10 18 19</runs>
            <runs>0 2 9 6 19 11 11</runs>
            <runs>0 1 9 7 19 11 11</runs>
            <runs>10 7 12 18 11</runs>
            <runs>9 7 11 20 12</runs>
            <runs>9 6 11 21 17</runs>
            <runs>0 1 9 3 11 23 17 7 8</runs>
            <runs>0 4 18 25 18 5 9</runs>
            <runs>0 7 14 25 33</runs>
            <runs>0 51 23</runs>
            <runs>0 52 20</runs>
            <runs>0 53 18</runs>
            <runs>0 56 14</runs>
            <runs>0 56 12</runs>
        </run-table>
    </sample>
    <sample shape="G_CLEF" interline="15" pitch="0.6" left="285" top="1781" id="611">
        <run-table orientation="VERTICAL" width="42" height="103">
            <runs>0 54 12</runs>
            <runs>0 48 19</runs>
            <runs>0 48 21 15 7 1 3</runs>
            <runs>0 47 23 13 14</runs>
            <runs>0 45 26 6 22</runs>
            <runs>0 44 29 4 23</runs>
            <runs>0 43 31 3 24</runs>
            <runs>0 41 33 3 24</runs>
            <runs>0 39 18 11 1 2 4 2 25</runs>
            <runs>0 34 20 18 4 1 25</runs>
            <runs>0 34 19 21 29</runs>
            <runs>0 34 19 22 28</runs>
            <runs>0 34 18 24 27</runs>
            <runs>0 33 18 25 27</runs>
            <runs>0 33 19 6 10 15 14 2 4</runs>
            <runs>0 32 15 8 15 16 10 4 3</runs>
            <runs>0 32 14 2 18 22 7 5 3</runs>
            <runs>0 31 14 3 18 34 3</runs>
            <runs>0 30 14 4 13 39 3</runs>
            <runs>0 17 27 4 12 39 4</runs>
            <runs>0 14 30 4 12 39 4</runs>
            <runs>0 12 48 39 3</runs>
            <runs>0 9 52 37 4</runs>
            <runs>0 8 15 1 43 30 4</runs>
            <runs>0 7 11 1 20 7 23 1 5 20 5</runs>
            <runs>0 6 10 3 20 8 22 1 18 5 6</runs>
            <runs>0 5 10 4 19 10 10 13 27</runs>
            <runs>0 4 10 5 19 10 10 18 20</runs>
            <runs>0 4 9 6 19 10 10</runs>
            <runs>0 3 9 7 19 10 11</runs>
            <runs>0 2 9 8 13 17 11</runs>
            <runs>0 1 9 7 14 18 11</runs>
            <runs>10 6 13 20 12 14 1</runs>
            <runs>12 2 13 22 18 7 2</runs>
            <runs>0 3 22 24 18 6 3</runs>
            <runs>0 5 19 25 26</runs>
            <runs>0 8 15 26 26</runs>
            <runs>0 49 25</runs>
            <runs>0 54 19</runs>
            <runs>0 56 15</runs>
            <runs>0 57 13</runs>
            <runs>0 59 8</runs>
        </run-table>
    </sample>
    <sample shape="G_CLEF" interline="15" pitch="0.3" left="285" top="1959" id="615">
        <run-table orientation="VERTICAL" width="42" height="105">
            <runs>0 58 10</runs>
            <runs>0 51 18</runs>
            <runs>0 50 20</runs>
            <runs>0 47 25</runs>
            <runs>0 46 28 17 7</runs>
            <runs>0 44 31 14 12</runs>
            <runs>0 43 33 12 14</runs>
            <runs>0 42 35 10 15</runs>
            <runs>0 36 26 2 13 9 17</runs>
            <runs>0 36 22 12 1 2 5 7 19</runs>
            <runs>0 36 20 19 8 2 19</runs>
            <runs>0 36 18 31 19</runs>
            <runs>0 36 18 30 20</runs>
            <runs>0 35 19 7 8 8 28</runs>
            <runs>0 34 20 3 13 8 27</runs>
            <runs>0 33 40 12 15 2 3</runs>
            <runs>0 32 42 11 14 3 3</runs>
            <runs>0 31 17 1 20 17 12 4 3</runs>
            <runs>0 19 28 2 20 18 9 6 3</runs>
            <runs>0 15 32 1 14 27 6 7 3</runs>
            <runs>0 12 50 40 3</runs>
            <runs>0 11 51 39 4</runs>
            <runs>0 9 53 38 4</runs>
            <runs>0 7 13 1 48 30 5</runs>
            <runs>0 6 11 5 19 6 24 6 2 19 5</runs>
            <runs>0 5 11 6 18 8 36 12 7</runs>
            <runs>0 4 10 7 19 8 13 2 25 6 8</runs>
            <runs>0 2 11 8 19 8 12 14 27</runs>
            <runs>0 1 11 8 20 8 12 17 22</runs>
            <runs>0 1 11 6 15 15 13 24 2 1 8</runs>
            <runs>12 5 15 17 12</runs>
            <runs>30 20 11</runs>
            <runs>28 22 12 13 9</runs>
            <runs>26 25 12 12 9</runs>
            <runs>0 1 25 25 18 5 10</runs>
            <runs>0 4 5 3 13 26 19 1 7</runs>
            <runs>0 14 5 32 25</runs>
            <runs>0 51 24</runs>
            <runs>0 51 23</runs>
            <runs>0 57 15</runs>
            <runs>0 58 12</runs>
            <runs>0 60 9</runs>
        </run-table>
    </sample>
    <sample shape="G_CLEF" interline="15" pitch="0.1" left="286" top="2138" id="618">
        <run-table orientation="VERTICAL" width="42" height="105">
            <runs>0 58 2</runs>
            <runs>0 52 18</runs>
            <runs>0 50 20</runs>
            <runs>0 46 27 17 7</runs>
            <runs>0 44 30 14 11</runs>
            <runs>0 37 38 11 14</runs>
            <runs>0 37 39 9 16</runs>
            <runs>0 37 25 3 12 4 21</runs>
            <runs>0 37 21 8 11 4 22</runs>
            <runs>0 37 19 15 7 3 23</runs>
            <runs>0 36 19 20 3 3 24</runs>
            <runs>0 35 20 21 3 2 24</runs>
            <runs>0 34 21 22 28</runs>
            <runs>0 33 22 7 8 8 27</runs>
            <runs>0 32 18 9 12 7 27</runs>
            <runs>0 31 18 2 22 6 26</runs>
            <runs>0 30 18 3 23 13 10 2 2 2 2</runs>
            <runs>0 29 19 3 12 26 7 4 1 1 3</runs>
            <runs>0 22 25 3 12 28 5 5 1 1 3</runs>
            <runs>0 16 30 3 12 41 3</runs>
            <runs>0 12 34 2 12 42 3</runs>
            <runs>0 10 50 42 2</runs>
            <runs>0 8 52 41 3</runs>
            <runs>0 6 14 3 38 38 4</runs>
            <runs>0 6 12 5 19 4 15 16 8 13 4</runs>
            <runs>0 4 12 6 19 6 14 14 10 10 6</runs>
            <runs>0 4 11 7 19 6 12 16 25</runs>
            <runs>0 3 11 7 20 6 12 17 22</runs>
            <runs>0 1 12 7 15 12 13 17 18</runs>
            <runs>0 1 11 6 16 14 12 18 2</runs>
            <runs>12 5 16 16 11 18 2</runs>
            <runs>12 4 15 18 12 15 3</runs>
            <runs>29 21 12 13 4</runs>
            <runs>0 1 27 22 13 11 4</runs>
            <runs>0 3 24 24 14 6 6</runs>
            <runs>0 5 22 24 25</runs>
            <runs>0 9 8 34 25</runs>
            <runs>0 52 23</runs>
            <runs>0 52 21</runs>
            <runs>0 52 20</runs>
            <runs>0 52 19</runs>
            <runs>0 58 13</runs>
        </run-table>
    </sample>
    <sample shape="G_CLEF" interline="15" pitch="0.5" left="286" top="2564" id="659">
        <run-table orientation="VERTICAL" width="41" height="103">
            <runs>0 53 12</runs>
            <runs>0 48 18</runs>
            <runs>0 47 22 22 1</runs>
            <runs>0 45 25 18 9</runs>
            <runs>0 43 28 15 13</runs>
            <runs>0 42 31 13 14</runs>
            <runs>0 41 33 11 15</runs>
            <runs>0 39 19 10 7 9 17</runs>
            <runs>0 34 21 16 5 8 18</runs>
            <runs>0 34 19 19 8 4 18</runs>
            <runs>0 33 19 21 3 7 19</runs>
            <runs>0 33 18 23 2 8 19</runs>
            <runs>0 33 18 24 1 7 20</runs>
            <runs>0 33 18 8 8 8 1 8 19</runs>
            <runs>0 32 19 5 12 16 13 2 4</runs>
            <runs>0 31 15 7 13 19 12 2 4</runs>
            <runs>0 30 15 3 18 20 9 4 4</runs>
            <runs>0 29 15 4 18 23 3 7 4</runs>
            <runs>0 27 17 4 12 29 2 7 5</runs>
            <runs>0 14 9 1 19 5 11 39 5</runs>
            <runs>0 12 11 1 35 39 5</runs>
            <runs>0 9 14 1 35 38 5</runs>
            <runs>0 8 51 37 6</runs>
            <runs>0 7 10 2 20 6 15 35 6</runs>
            <runs>0 6 9 4 19 9 13 14 3 17 7</runs>
            <runs>0 5 9 5 19 9 11 14 15 2 11</runs>
            <runs>0 4 9 6 19 9 11 14 27</runs>
            <runs>0 3 9 7 19 10 10 17 21</runs>
            <runs>0 2 9 8 13 16 10 18 15</runs>
            <runs>0 1 9 9 11 18 10 17 1</runs>
            <runs>10 7 12 19 10 17 1</runs>
            <runs>10 6 12 20 11 16 1</runs>
            <runs>10 4 12 23 11 14 2</runs>
            <runs>0 2 22 25 17 7 3</runs>
            <runs>0 6 17 26 17 5 5</runs>
            <runs>0 11 7 31 26</runs>
            <runs>0 49 24</runs>
            <runs>0 49 23</runs>
            <runs>0 54 17</runs>
            <runs>0 55 15</runs>
            <runs>0 58 10</runs>
        </run-table>
    </sample>
    <sample shape="G_CLEF" interline="15" pitch="0.4" left="284" top="2717" id="664">
        <run-table orientation="VERTICAL" width="42" height="102">
            <runs>0 50 16</runs>
            <runs>0 49 18 23 3</runs>
            <runs>0 48 20 19 8</runs>
            <runs>0 44 26 15 12</runs>
            <runs>0 43 28 14 13</runs>
            <runs>0 42 31 11 15</runs>
            <runs>0 41 33 10 16</runs>
            <runs>0 39 19 5 12 9 16</runs>
            <runs>0 35 21 14 5 8 18</runs>
            <runs>0 35 19 17 5 7 18</runs>
            <runs>0 35 18 20 4 6 18</runs>
            <runs>0 35 17 22 3 6 19</runs>
            <runs>0 34 18 23 2 7 18</runs>
            <runs>0 33 19 4 13 6 2 7 12 2 4</runs>
            <runs>0 32 20 1 17 6 1 7 12 2 4</runs>
            <runs>0 31 41 13 10 3 4</runs>
            <runs>0 30 16 3 19 18 8 4 4</runs>
            <runs>0 29 15 5 11 30 2 6 4</runs>
            <runs>0 29 15 5 11 38 4</runs>
            <runs>0 27 17 4 11 38 5</runs>
            <runs>0 16 28 3 12 38 4</runs>
            <runs>0 12 47 37 5</runs>
            <runs>0 10 50 35 5</runs>
            <runs>0 8 58 1 2 23 8</runs>
            <runs>0 7 12 1 19 6 21 1 32</runs>
            <runs>0 6 11 4 17 9 19 2 29</runs>
            <runs>0 5 10 5 18 9 11 12 26</runs>
            <runs>0 4 10 6 18 9 11 17 19</runs>
            <runs>0 3 10 7 18 9 11</runs>
            <runs>0 2 10 7 19 9 11</runs>
            <runs>0 1 10 7 14 15 12</runs>
            <runs>0 1 9 7 14 17 12 13 8</runs>
            <runs>10 6 14 18 13 11 5</runs>
            <runs>10 4 14 21 13 6 8</runs>
            <runs>0 1 25 23 26</runs>
            <runs>0 2 23 24 25</runs>
            <runs>0 4 20 25 25</runs>
            <runs>0 8 9 32 23</runs>
            <runs>0 49 22</runs>
            <runs>0 54 16</runs>
            <runs>0 57 11</runs>
            <runs>0 58 9</runs>
        </run-table>
    </sample>
    <sample shape="C_CLEF" interline="15" pitch="0.1" left="286" top="1354" id="482">
        <run-table orientation="VERTICAL" width="40" height="65">
            <runs>0 56 2</runs>
            <runs>0 29 34</runs>
            <runs>0 1 62</runs>
            <runs>63</runs>
            <runs>64</runs>
            <runs>64</runs>
            <runs>64</runs>
            <runs>64</runs>
            <runs>0 1 63</runs>
            <runs>64</runs>
            <runs>42</runs>
            <runs>19 3 3 2 11</runs>
            <runs>0 28 9</runs>
            <runs>0 28 9</runs>
            <runs>0 28 9</runs>
            <runs>0 27 10 16 5</runs>
            <runs>0 27 11 13 9</runs>
            <runs>0 5 5 16 13 12 11</runs>
            <runs>0 3 8 13 16 10 13</runs>
            <runs>0 2 10 12 17 9 14</runs>
            <runs>0 1 11 11 8 2 12 6 13</runs>
            <runs>0 1 11 10 9 3 12 6 12</runs>
            <runs>12 10 9 4 11 8 11</runs>
            <runs>12 10 9 4 11 11 8</runs>
            <runs>10 12 8 4 12</runs>
            <runs>0 24 6 3 8</runs>
            <runs>0 25 6 1 6</runs>
            <runs>0 25 6 1 6</runs>
            <runs>0 25 6 1 5</runs>
            <runs>0 25 6 1 6</runs>
            <runs>0 24 7 1 7 17 8</runs>
            <runs>0 2 8 13 8 1 9 13 9</runs>
            <runs>0 2 16 4 20 8 13</runs>
            <runs>0 2 30 1 30</runs>
            <runs>0 1 26 9 27</runs>
            <runs>0 5 21 11 26</runs>
            <runs>0 7 18 14 17</runs>
            <runs>0 11 11 18 15</runs>
            <runs>0 12 8 23 11</runs>
            <runs>0 49 2</runs>
        </run-table>
    </sample>
    <sample shape="C_CLEF" interline="15" left="284" top="2887" id="0">
        <run-table orientation="VERTICAL" width="38" height="64">
            <runs>0 51 3</runs>
            <runs>0 6 5 2 50</runs>
            <runs>63</runs>
            <runs>63</runs>
            <runs>63</runs>
            <runs>63</runs>
            <runs>63</runs>
            <runs>63</runs>
            <runs>0 1 62</runs>
            <runs>63</runs>
            <runs>39</runs>
            <runs>0 1 15 13 7</runs>
            <runs>0 29 8</runs>
            <runs>0 28 9</runs>
            <runs>0 27 11</runs>
            <runs>0 27 11 18 2</runs>
            <runs>0 8 2 16 12 13 9</runs>
            <runs>0 1 11 13 14 11 11</runs>
            <runs>0 1 11 12 17 9 12</runs>
            <runs>0 1 11 11 9 1 8 9 13</runs>
            <runs>12 10 9 4 7 8 13</runs>
            <runs>12 9 9 5 8 8 13</runs>
            <runs>12 9 9 5 9 8 5</runs>
            <runs>12 10 8 5 8</runs>
            <runs>0 5 2 16 7 4 8</runs>
            <runs>0 25 5 3 8</runs>
            <runs>0 25 5 3 6</runs>
            <runs>0 25 5 3 5</runs>
            <runs>0 24 6 3 5</runs>
            <runs>0 5 2 16 7 3 5</runs>
            <runs>0 1 8 13 8 3 5 18 2</runs>
            <runs>0 1 28 4 6 14 9</runs>
            <runs>0 1 28 4 29</runs>
            <runs>0 1 27 7 26</runs>
            <runs>0 1 26 8 26</runs>
            <runs>0 6 20 11 22</runs>
            <runs>0 8 16 14 18</runs>
            <runs>0 12 9 19 14</runs>
        </run-table>
    </sample>
    <sample shape="F_CLEF" interline="15" pitch="-1.7" left="284" top="801" id="459">
        <run-table orientation="VERTICAL" width="48" height="52">
            <runs>0 51 1</runs>
            <runs>0 50 2</runs>
            <runs>0 49 3</runs>
            <runs>0 48 4</runs>
            <runs>0 44 8</runs>
            <runs>0 9 10 25 8</runs>
            <runs>0 7 13 28 3</runs>
            <runs>0 6 16 26 3</runs>
            <runs>23 25 2</runs>
            <runs>23 25 2</runs>
            <runs>23 25 1</runs>
            <runs>23 25 1</runs>
            <runs>24</runs>
            <runs>24</runs>
            <runs>24 17 1</runs>
            <runs>0 6 17 17 2</runs>
            <runs>0 7 16 17 2</runs>
            <runs>0 8 14 17 8</runs>
            <runs>0 10 12 16 9</runs>
            <runs>0 11 10 15 7</runs>
            <runs>0 35 8</runs>
            <runs>0 30 12</runs>
            <runs>0 30 12</runs>
            <runs>0 29 12</runs>
            <runs>0 27 14</runs>
            <runs>0 5 2 16 17</runs>
            <runs>12 2 24</runs>
            <runs>37</runs>
            <runs>36</runs>
            <runs>35</runs>
            <runs>34</runs>
            <runs>33</runs>
            <runs>0 1 32</runs>
            <runs>0 1 32</runs>
            <runs>0 1 28</runs>
            <runs>0 6 20</runs>
            <runs>0 8 17</runs>
            <runs>0 11 11</runs>
            <runs></runs>
            <runs></runs>
            <runs>0 1 9 11 5</runs>
            <runs>0 1 10 9 7</runs>
            <runs>0 1 10 5 12</runs>
            <runs>0 1 10 5 12</runs>
            <runs>0 1 10 5 12</runs>
            <runs>0 1 10 9 7</runs>
            <runs>0 1 10 9 7</runs>
            <runs>0 1 8 12 5</runs>
        </run-table>
    </sample>
    <sample shape="F_CLEF" interline="15" pitch="-1.6" left="284" top="1515" id="495">
        <run-table orientation="VERTICAL" width="49" height="51">
            <runs>0 48 3</runs>
            <runs>0 48 3</runs>
            <runs>0 48 3</runs>
            <runs>0 48 3</runs>
            <runs>0 48 2</runs>
            <runs>0 10 8 30 2</runs>
            <runs>0 8 11 29 2</runs>
            <runs>0 7 13 28 1</runs>
            <runs>0 5 16 27 1</runs>
            <runs>0 1 20</runs>
            <runs>0 1 21</runs>
            <runs>0 1 21</runs>
            <runs>0 1 22</runs>
            <runs>0 1 22</runs>
            <runs>0 1 22</runs>
            <runs>0 1 22 17 1</runs>
            <runs>0 1 22 16 8</runs>
            <runs>0 7 15 16 9</runs>
            <runs>0 8 13 16 10</runs>
            <runs>0 10 11 15 11</runs>
            <runs>0 11 8 16 13</runs>
            <runs>0 29 13</runs>
            <runs>0 29 12</runs>
            <runs>0 29 11</runs>
            <runs>0 26 13</runs>
            <runs>0 24 15</runs>
            <runs>0 5 2 8 23</runs>
            <runs>37</runs>
            <runs>0 1 35</runs>
            <runs>0 1 34</runs>
            <runs>0 1 33</runs>
            <runs>0 1 33</runs>
            <runs>0 1 32</runs>
            <runs>0 1 32</runs>
            <runs>0 1 32</runs>
            <runs>0 1 32</runs>
            <runs>0 7 20</runs>
            <runs>0 9 15</runs>
            <runs>0 12 9</runs>
            <runs></runs>
            <runs>0 23 2</runs>
            <runs>0 6 5 10 7</runs>
            <runs>0 1 11 9 8</runs>
            <runs>0 1 12 7 9</runs>
            <runs>0 1 12 7 9</runs>
            <runs>0 1 12 8 8</runs>
            <runs>0 1 12 8 7</runs>
            <runs>0 1 11 10 5</runs>
            <runs>0 7 3</runs>
        </run-table>
    </sample>
    <sample shape="F_CLEF" interline="15" pitch="-1.7" left="286" top="2347" id="637">
        <run-table orientation="VERTICAL" width="47" height="52">
            <runs>0 49 3</runs>
            <runs>0 49 3</runs>
            <runs>0 48 4</runs>
            <runs>0 48 4</runs>
            <runs>0 10 8 30 4</runs>
            <runs>0 7 12 24 8</runs>
            <runs>0 6 14 28 2</runs>
            <runs>0 5 16 27 2</runs>
            <runs>22 26 2</runs>
            <runs>23 25 1</runs>
            <runs>23</runs>
            <runs>23</runs>
            <runs>24</runs>
            <runs>24</runs>
            <runs>0 6 18</runs>
            <runs>0 7 17 16 2</runs>
            <runs>0 8 15 17 2</runs>
            <runs>0 9 13 17 8</runs>
            <runs>0 10 11 16 10</runs>
            <runs>0 12 8 16 11</runs>
            <runs>0 34 8</runs>
            <runs>0 29 13</runs>
            <runs>0 29 12</runs>
            <runs>0 27 13</runs>
            <runs>0 25 14</runs>
            <runs>11 7 3 1 16</runs>
            <runs>37</runs>
            <runs>36</runs>
            <runs>36</runs>
            <runs>0 1 33</runs>
            <runs>0 1 32</runs>
            <runs>0 1 32</runs>
            <runs>0 1 32</runs>
            <runs>0 1 32</runs>
            <runs>0 1 32</runs>
            <runs>0 7 19</runs>
            <runs>0 9 15</runs>
            <runs></runs>
            <runs></runs>
            <runs>0 1 8</runs>
            <runs>0 1 9 10 6</runs>
            <runs>0 1 10 5 11</runs>
            <runs>0 1 10 4 12</runs>
            <runs>0 1 10 4 12</runs>
            <runs>0 1 10 5 11</runs>
            <runs>0 1 9 5 12</runs>
            <runs>0 1 8 11 6</runs>
        </run-table>
    </sample>
    <sample shape="FLAT" interline="15" pitch="-0.6" left="348" top="266" id="508">
        <run-table orientation="VERTICAL" width="14" height="47">
            <runs>23</runs>
            <runs>47</runs>
            <runs>47</runs>
            <runs>0 5 14 4 24</runs>
            <runs>0 24 9 2 7</runs>
            <runs>0 23 9 2 7</runs>
            <runs>0 23 5 1 10</runs>
            <runs>0 23 16</runs>
            <runs>0 22 16</runs>
            <runs>0 22 15</runs>
            <runs>0 22 14</runs>
            <runs>0 23 12</runs>
            <runs>0 23 11</runs>
            <runs>0 24 9</runs>
        </run-table>
    </sample>
    <sample shape="FLAT" interline="15" pitch="-3.9" left="360" top="245" id="519">
        <run-table orientation="VERTICAL" width="16" height="40">
            <runs>0 4 9</runs>
            <runs>14</runs>
            <runs>40</runs>
            <runs>40</runs>
            <runs>0 20 20</runs>
            <runs>0 20 9</runs>
            <runs>0 20 8 4 8</runs>
            <runs>0 31 9</runs>
            <runs>0 20 20</runs>
            <runs>0 19 15</runs>
            <runs>0 19 13</runs>
            <runs>0 19 12</runs>
            <runs>0 20 10</runs>
            <runs>0 20 9</runs>
            <runs>0 20 9</runs>
            <runs>0 26 2</runs>
        </run-table>
    </sample>
    <sample shape="FLAT" interline="15" pitch="0.3" left="372" top="277" id="518">
        <run-table orientation="VERTICAL" width="16" height="38">
            <runs>12</runs>
            <runs>37</runs>
            <runs>38</runs>
            <runs>38</runs>
            <runs>0 18 20</runs>
            <runs>0 19 9</runs>
            <runs></runs>
            <runs>0 27 9</runs>
            <runs>0 19 17</runs>
            <runs>0 19 17</runs>
            <runs>0 19 17</runs>
            <runs>0 19 12</runs>
            <runs>0 19 11</runs>
            <runs>0 19 10</runs>
            <runs>0 19 9</runs>
            <runs>0 19 8</runs>
        </run-table>
    </sample>
    <sample shape="FLAT" interline="15" pitch="-2.7" left="390" top="256" id="513">
        <run-table orientation="VERTICAL" width="14" height="37">
            <runs>0 2 12</runs>
            <runs>35</runs>
            <runs>37</runs>
            <runs>0 3 12 2 20</runs>
            <runs>0 19 17</runs>
            <runs>0 18 16</runs>
            <runs>0 18 4 3 8</runs>
            <runs>0 17 4 3 9</runs>
            <runs>0 16 16</runs>
            <runs>0 16 15</runs>
            <runs>0 16 14</runs>
            <runs>0 16 14</runs>
            <runs>0 18 11</runs>
            <runs>0 19 10</runs>
        </run-table>
    </sample>
    <sample shape="FLAT" interline="15" pitch="-0.5" left="346" top="442" id="526">
        <run-table orientation="VERTICAL" width="15" height="46">
            <runs>0 5 14</runs>
            <runs>46</runs>
            <runs>46</runs>
            <runs>46</runs>
            <runs>0 24 22</runs>
            <runs>0 24 8 2 6</runs>
            <runs>0 23 9 1 6</runs>
            <runs>0 22 16</runs>
            <runs>0 22 15</runs>
            <runs>0 22 15</runs>
            <runs>0 22 14</runs>
            <runs>0 22 13</runs>
            <runs>0 23 11</runs>
            <runs>0 23 10</runs>
            <runs>0 24 8</runs>
        </run-table>
    </sample>
    <sample shape="FLAT" interline="15" pitch="-3.8" left="360" top="423" id="533">
        <run-table orientation="VERTICAL" width="16" height="38">
            <runs>0 2 7 5 4</runs>
            <runs>10 3 10</runs>
            <runs>38</runs>
            <runs>38</runs>
            <runs>0 18 20</runs>
            <runs>0 18 9</runs>
            <runs>0 18 8</runs>
            <runs></runs>
            <runs>0 28 9</runs>
            <runs>0 19 17</runs>
            <runs>0 19 17</runs>
            <runs>0 19 17</runs>
            <runs>0 19 12</runs>
            <runs>0 19 12</runs>
            <runs>0 19 10</runs>
            <runs>0 19 9</runs>
        </run-table>
    </sample>
    <sample shape="FLAT" interline="15" pitch="0.5" left="375" top="452" id="529">
        <run-table orientation="VERTICAL" width="16" height="40">
            <runs>0 7 3 5 3</runs>
            <runs>37</runs>
            <runs>40</runs>
            <runs>0 1 39</runs>
            <runs>0 18 21</runs>
            <runs>0 18 20</runs>
            <runs>0 18 9</runs>
            <runs>0 18 8 4 2</runs>
            <runs>0 18 18</runs>
            <runs>0 18 18</runs>
            <runs>0 18 18</runs>
            <runs>0 18 18</runs>
            <runs>0 18 18</runs>
            <runs>0 18 13</runs>
            <runs>0 18 12</runs>
            <runs>0 18 11</runs>
        </run-table>
    </sample>
    <sample shape="FLAT" interline="15" pitch="-2.9" left="391" top="429" id="530">
        <run-table orientation="VERTICAL" width="15" height="40">
            <runs>0 1 16</runs>
            <runs>32 2 4</runs>
            <runs>39</runs>
            <runs>0 1 39</runs>
            <runs>0 20 19</runs>
            <runs>0 20 19</runs>
            <runs>0 20 16</runs>
            <runs>0 19 6 1 9</runs>
            <runs>0 19 15</runs>
            <runs>0 19 14</runs>
            <runs>0 19 13</runs>
            <runs>0 19 13</runs>
            <runs>0 19 12</runs>
            <runs>0 20 11</runs>
            <runs>0 21 9</runs>
        </run-table>
    </sample>
    <sample shape="FLAT" interline="15" pitch="-0.6" left="348" top="620" id="539">
        <run-table orientation="VERTICAL" width="14" height="47">
            <runs>27</runs>
            <runs>47</runs>
            <runs>47</runs>
            <runs>0 26 21</runs>
            <runs>0 25 8 4 5</runs>
            <runs>0 24 9 3 4</runs>
            <runs>0 24 4 6 5</runs>
            <runs>0 23 16</runs>
            <runs>0 23 15</runs>
            <runs>0 23 14</runs>
            <runs>0 23 13</runs>
            <runs>0 24 12</runs>
            <runs>0 25 10</runs>
            <runs>0 27 2</runs>
        </run-table>
    </sample>
    <sample shape="FLAT" interline="15" pitch="-3.6" left="360" top="601" id="543">
        <run-table orientation="VERTICAL" width="17" height="39">
            <runs>0 4 1</runs>
            <runs>0 1 4</runs>
            <runs>27</runs>
            <runs>39</runs>
            <runs>0 15 24</runs>
            <runs>0 19 10</runs>
            <runs>0 19 9</runs>
            <runs>0 24 2</runs>
            <runs>0 31 2</runs>
            <runs>0 29 9</runs>
            <runs>0 19 19</runs>
            <runs>0 19 19</runs>
            <runs>0 19 13</runs>
            <runs>0 19 12</runs>
            <runs>0 19 12</runs>
            <runs>0 19 12</runs>
            <runs>0 19 9</runs>
        </run-table>
    </sample>
    <sample shape="FLAT" interline="15" pitch="1.2" left="349" top="816" id="547">
        <run-table orientation="VERTICAL" width="14" height="47">
            <runs>41</runs>
            <runs>42</runs>
            <runs>47</runs>
            <runs>11 13 18</runs>
            <runs>0 24 9 2 6</runs>
            <runs>0 23 10 2 4</runs>
            <runs>0 23 5 1 9</runs>
            <runs>0 22 15</runs>
            <runs>0 22 15</runs>
            <runs>0 22 14</runs>
            <runs>0 23 12</runs>
            <runs>0 23 12</runs>
            <runs>0 24 10</runs>
            <runs>0 25 8</runs>
        </run-table>
    </sample>
    <sample shape="FLAT" interline="15" pitch="-1.8" left="362" top="797" id="553">
        <run-table orientation="VERTICAL" width="15" height="39">
            <runs>24</runs>
            <runs>38</runs>
            <runs>0 1 38</runs>
            <runs>0 2 2 15 20</runs>
            <runs>0 20 8</runs>
            <runs></runs>
            <runs></runs>
            <runs>0 28 9</runs>
            <runs>0 19 18</runs>
            <runs>0 19 18</runs>
            <runs>0 19 13</runs>
            <runs>0 19 12</runs>
            <runs>0 19 11</runs>
            <runs>0 19 10</runs>
            <runs>0 19 8</runs>
        </run-table>
    </sample>
    <sample shape="FLAT" interline="15" pitch="2.3" left="376" top="825" id="558">
        <run-table orientation="VERTICAL" width="13" height="40">
            <runs>0 1 24</runs>
            <runs>40</runs>
            <runs>0 1 39</runs>
            <runs>0 18 22</runs>
            <runs>0 19 10 3 8</runs>
            <runs></runs>
            <runs></runs>
            <runs>0 30 9</runs>
            <runs>0 27 12</runs>
            <runs>0 19 20</runs>
            <runs>0 19 20</runs>
            <runs>0 20 13</runs>
            <runs>0 20 12</runs>
        </run-table>
    </sample>
    <sample shape="FLAT" interline="15" pitch="-0.4" left="389" top="808" id="561">
        <run-table orientation="VERTICAL" width="14" height="38">
            <runs>18 19 1</runs>
            <runs>32 5 1</runs>
            <runs>38</runs>
            <runs>0 1 37</runs>
            <runs>0 18 20</runs>
            <runs>0 18 8 3 9</runs>
            <runs>0 17 10 1 6</runs>
            <runs>0 16 18</runs>
            <runs>0 16 17</runs>
            <runs>0 16 16</runs>
            <runs>0 16 15</runs>
            <runs>0 17 13</runs>
            <runs>0 17 13</runs>
            <runs>0 18 10</runs>
        </run-table>
    </sample>
    <sample shape="FLAT" interline="15" pitch="-0.1" left="347" top="1043" id="564">
        <run-table orientation="VERTICAL" width="14" height="41">
            <runs>17</runs>
            <runs>41</runs>
            <runs>0 1 40</runs>
            <runs>0 19 22</runs>
            <runs>0 20 21</runs>
            <runs>0 20 8 3 6</runs>
            <runs>0 19 9 1 7</runs>
            <runs>0 19 16</runs>
            <runs>0 19 15</runs>
            <runs>0 19 14</runs>
            <runs>0 19 13</runs>
            <runs>0 19 12</runs>
            <runs>0 20 10</runs>
            <runs>0 20 9</runs>
        </run-table>
    </sample>
    <sample shape="FLAT" interline="15" pitch="-3.6" left="359" top="1019" id="565">
        <run-table orientation="VERTICAL" width="16" height="38">
            <runs>17</runs>
            <runs>23</runs>
            <runs>38</runs>
            <runs>0 8 5 1 24</runs>
            <runs>0 18 20</runs>
            <runs>0 18 10 2 8</runs>
            <runs>0 30 8</runs>
            <runs>0 29 9</runs>
            <runs>0 27 11</runs>
            <runs>0 18 19</runs>
            <runs>0 17 20</runs>
            <runs>0 17 20</runs>
            <runs>0 18 14</runs>
            <runs>0 18 13</runs>
            <runs>0 19 10</runs>
            <runs>0 20 8</runs>
        </run-table>
    </sample>
    <sample shape="FLAT" interline="15" pitch="0.5" left="374" top="1049" id="571">
        <run-table orientation="VERTICAL" width="14" height="40">
            <runs>22</runs>
            <runs>37</runs>
            <runs>0 1 38</runs>
            <runs>0 13 27</runs>
            <runs>0 18 22</runs>
            <runs>0 18 9</runs>
            <runs></runs>
            <runs>0 30 1</runs>
            <runs>0 18 8 2 9</runs>
            <runs>0 18 17</runs>
            <runs>0 18 17</runs>
            <runs>0 18 17</runs>
            <runs>0 18 19</runs>
            <runs>0 18 19</runs>
        </run-table>
    </sample>
    <sample shape="FLAT" interline="15" pitch="-2.2" left="388" top="1028" id="573">
        <run-table orientation="VERTICAL" width="14" height="52">
            <runs>22 17 13</runs>
            <runs>36 3 10</runs>
            <runs>0 2 41</runs>
            <runs>0 20 23</runs>
            <runs>0 20 23</runs>
            <runs>0 19 11 1 6</runs>
            <runs>0 19 17</runs>
            <runs>0 19 16</runs>
            <runs>0 18 16</runs>
            <runs>0 18 15</runs>
            <runs>0 19 13</runs>
            <runs>0 19 12</runs>
            <runs>0 19 12</runs>
            <runs>0 20 9</runs>
        </run-table>
    </sample>
    <sample shape="FLAT" interline="15" pitch="-0.7" left="346" top="1198" id="576">
        <run-table orientation="VERTICAL" width="15" height="46">
            <runs>18</runs>
            <runs>34</runs>
            <runs>46</runs>
            <runs>0 11 31</runs>
            <runs>0 23 19</runs>
            <runs>0 23 10 2 6</runs>
            <runs>0 22 11 1 6</runs>
            <runs>0 22 5 2 10</runs>
            <runs>0 22 16</runs>
            <runs>0 22 15</runs>
            <runs>0 22 14</runs>
            <runs>0 22 13</runs>
            <runs>0 22 13</runs>
            <runs>0 23 11</runs>
            <runs>0 25 8</runs>
        </run-table>
    </sample>
    <sample shape="FLAT" interline="15" pitch="-3.7" left="360" top="1178" id="582">
        <run-table orientation="VERTICAL" width="17" height="40">
            <runs>0 3 8</runs>
            <runs>0 1 11</runs>
            <runs>32</runs>
            <runs>40</runs>
            <runs>0 9 3 6 22</runs>
            <runs>0 9 2 9 19</runs>
            <runs>0 20 19</runs>
            <runs>0 19 8</runs>
            <runs>0 30 8</runs>
            <runs>0 19 20</runs>
            <runs>0 19 20</runs>
            <runs>0 19 14</runs>
            <runs>0 19 13</runs>
            <runs>0 19 12</runs>
            <runs>0 19 11</runs>
            <runs>0 20 9</runs>
            <runs>0 24 3</runs>
        </run-table>
    </sample>
    <sample shape="FLAT" interline="15" pitch="0.5" left="373" top="1211" id="579">
        <run-table orientation="VERTICAL" width="17" height="38">
            <runs>9</runs>
            <runs>22</runs>
            <runs>36</runs>
            <runs>38</runs>
            <runs>0 15 23</runs>
            <runs>0 16 22</runs>
            <runs>0 17 9 3 8</runs>
            <runs>0 17 8 9 2</runs>
            <runs>0 16 9</runs>
            <runs>0 16 18</runs>
            <runs>0 16 18</runs>
            <runs>0 16 18</runs>
            <runs>0 16 18</runs>
            <runs>0 16 18</runs>
            <runs>0 17 17</runs>
            <runs>0 16 12</runs>
            <runs>0 21 7</runs>
        </run-table>
    </sample>
    <sample shape="FLAT" interline="15" pitch="-2.5" left="387" top="1187" id="580">
        <run-table orientation="VERTICAL" width="15" height="43">
            <runs>9</runs>
            <runs>31</runs>
            <runs>39</runs>
            <runs>0 1 42</runs>
            <runs>0 21 22</runs>
            <runs>0 20 19</runs>
            <runs>0 19 19</runs>
            <runs>0 19 17</runs>
            <runs>0 19 16</runs>
            <runs>0 19 15</runs>
            <runs>0 19 14</runs>
            <runs>0 19 14</runs>
            <runs>0 19 13</runs>
            <runs>0 20 11</runs>
            <runs>0 21 9</runs>
        </run-table>
    </sample>
    <sample shape="FLAT" interline="15" pitch="0.1" left="349" top="1365" id="592">
        <run-table orientation="VERTICAL" width="16" height="39">
            <runs>13</runs>
            <runs>39</runs>
            <runs>39</runs>
            <runs>39</runs>
            <runs>0 19 20</runs>
            <runs>0 19 8</runs>
            <runs></runs>
            <runs>0 27 11</runs>
            <runs>0 19 18</runs>
            <runs>0 19 18</runs>
            <runs>0 19 19</runs>
            <runs>0 19 14</runs>
            <runs>0 19 13</runs>
            <runs>0 19 12</runs>
            <runs>0 19 10</runs>
            <runs>0 23 3</runs>
        </run-table>
    </sample>
    <sample shape="FLAT" interline="15" pitch="-2.8" left="363" top="1344" id="595">
        <run-table orientation="VERTICAL" width="14" height="39">
            <runs>22</runs>
            <runs>39</runs>
            <runs>39</runs>
            <runs>0 1 38</runs>
            <runs>0 20 11 1 5</runs>
            <runs>0 19 11 1 5</runs>
            <runs>0 19 5 2 9</runs>
            <runs>0 18 16</runs>
            <runs>0 18 15</runs>
            <runs>0 18 15</runs>
            <runs>0 18 14</runs>
            <runs>0 18 13</runs>
            <runs>0 19 11</runs>
            <runs>0 19 18</runs>
        </run-table>
    </sample>
    <sample shape="FLAT" interline="15" pitch="1.3" left="377" top="1365" id="597">
        <run-table orientation="VERTICAL" width="15" height="47">
            <runs>46</runs>
            <runs>0 6 41</runs>
            <runs>0 16 31</runs>
            <runs>0 29 18</runs>
            <runs>0 29 10 1 6</runs>
            <runs>0 28 5 7 4</runs>
            <runs>0 28 4 2 9</runs>
            <runs>0 27 6 1 9</runs>
            <runs>0 27 15</runs>
            <runs>0 27 14</runs>
            <runs>0 28 12</runs>
            <runs>0 28 12</runs>
            <runs>0 28 12</runs>
            <runs>0 29 10</runs>
            <runs>0 31 8</runs>
        </run-table>
    </sample>
    <sample shape="FLAT" interline="15" pitch="-1.5" left="391" top="1353" id="591">
        <run-table orientation="VERTICAL" width="15" height="39">
            <runs>14</runs>
            <runs>38</runs>
            <runs>39</runs>
            <runs>0 1 38</runs>
            <runs>0 17 22</runs>
            <runs>0 18 20</runs>
            <runs>0 18 8 4 7</runs>
            <runs>0 25 11</runs>
            <runs>0 18 18</runs>
            <runs>0 18 18</runs>
            <runs>0 18 18</runs>
            <runs>0 18 18</runs>
            <runs>0 18 13</runs>
            <runs>0 18 12</runs>
            <runs>0 18 11</runs>
        </run-table>
    </sample>
    <sample shape="FLAT" interline="15" pitch="1.4" left="349" top="1530" id="600">
        <run-table orientation="VERTICAL" width="14" height="47">
            <runs>0 6 1 2 14 13 2</runs>
            <runs>47</runs>
            <runs>47</runs>
            <runs>47</runs>
            <runs>0 26 16</runs>
            <runs>0 25 8 2 6</runs>
            <runs>0 25 15</runs>
            <runs>0 24 15</runs>
            <runs>0 23 15</runs>
            <runs>0 24 14</runs>
            <runs>0 25 12</runs>
            <runs>0 25 12</runs>
            <runs>0 25 11</runs>
            <runs>0 26 9</runs>
        </run-table>
    </sample>
    <sample shape="FLAT" interline="15" pitch="-1.8" left="362" top="1511" id="601">
        <run-table orientation="VERTICAL" width="15" height="39">
            <runs>24</runs>
            <runs>39</runs>
            <runs>39</runs>
            <runs>0 1 11 6 21</runs>
            <runs>0 19 19</runs>
            <runs>0 19 19</runs>
            <runs>0 19 8 2 9</runs>
            <runs>0 19 19</runs>
            <runs>0 19 19</runs>
            <runs>0 19 14</runs>
            <runs>0 19 14</runs>
            <runs>0 19 13</runs>
            <runs>0 19 11</runs>
            <runs>0 19 10</runs>
            <runs>0 25 2</runs>
        </run-table>
    </sample>
    <sample shape="FLAT" interline="15" pitch="2.3" left="377" top="1539" id="605">
        <run-table orientation="VERTICAL" width="13" height="39">
            <runs>27 2 4</runs>
            <runs>39</runs>
            <runs>0 1 38</runs>
            <runs>0 20 19</runs>
            <runs>0 20 8 3 8</runs>
            <runs>0 31 8</runs>
            <runs>0 30 9</runs>
            <runs>0 28 11</runs>
            <runs>0 19 14</runs>
            <runs>0 19 13</runs>
            <runs>0 20 12</runs>
            <runs>0 20 12</runs>
            <runs>0 20 11</runs>
        </run-table>
    </sample>
    <sample shape="FLAT" interline="15" pitch="-0.4" left="390" top="1517" id="607">
        <run-table orientation="VERTICAL" width="14" height="52">
            <runs>20 23 9</runs>
            <runs>42 1 8</runs>
            <runs>47</runs>
            <runs>0 8 4 12 23</runs>
            <runs>0 25 7 4 6</runs>
            <runs>0 24 9 3 4</runs>
            <runs>0 24 9 1 5</runs>
            <runs>0 23 15</runs>
            <runs>0 23 15</runs>
            <runs>0 23 14</runs>
            <runs>0 23 13</runs>
            <runs>0 24 12</runs>
            <runs>0 24 11</runs>
            <runs>0 25 9</runs>
        </run-table>
    </sample>
    <sample shape="FLAT" interline="15" pitch="-0.6" left="348" top="1801" id="696">
        <run-table orientation="VERTICAL" width="15" height="47">
            <runs>20</runs>
            <runs>38 2 3</runs>
            <runs>47</runs>
            <runs>0 5 42</runs>
            <runs>0 23 24</runs>
            <runs>0 25 9 2 6</runs>
            <runs>0 24 10 1 6</runs>
            <runs>0 24 4 1 11</runs>
            <runs>0 24 15</runs>
            <runs>0 24 14</runs>
            <runs>0 24 14</runs>
            <runs>0 24 13</runs>
            <runs>0 24 12</runs>
            <runs>0 25 10</runs>
            <runs>0 26 8</runs>
        </run-table>
    </sample>
    <sample shape="FLAT" interline="15" pitch="-3.7" left="364" top="1782" id="697">
        <run-table orientation="VERTICAL" width="16" height="39">
            <runs>0 1 15</runs>
            <runs>38</runs>
            <runs>39</runs>
            <runs>0 1 38</runs>
            <runs>0 19 20</runs>
            <runs>0 19 9 3 8</runs>
            <runs>0 30 8</runs>
            <runs>0 27 11</runs>
            <runs>0 18 20</runs>
            <runs>0 18 15</runs>
            <runs>0 18 14</runs>
            <runs>0 18 14</runs>
            <runs>0 19 12</runs>
            <runs>0 20 10</runs>
            <runs>0 24 4</runs>
            <runs>0 24 2</runs>
        </run-table>
    </sample>
    <sample shape="FLAT" interline="15" pitch="0.6" left="378" top="1813" id="701">
        <run-table orientation="VERTICAL" width="16" height="40">
            <runs>0 1 21</runs>
            <runs>39</runs>
            <runs>0 1 39</runs>
            <runs>0 17 23</runs>
            <runs>0 18 21</runs>
            <runs>0 18 9</runs>
            <runs></runs>
            <runs>0 29 3</runs>
            <runs>0 27 9</runs>
            <runs>0 18 18</runs>
            <runs>0 18 18</runs>
            <runs>0 18 18</runs>
            <runs>0 18 18</runs>
            <runs>0 18 12</runs>
            <runs>0 18 11</runs>
            <runs>0 18 8</runs>
        </run-table>
    </sample>
    <sample shape="FLAT" interline="15" pitch="-2.5" left="393" top="1791" id="700">
        <run-table orientation="VERTICAL" width="14" height="44">
            <runs>18</runs>
            <runs>33 2 3</runs>
            <runs>0 1 38</runs>
            <runs>0 8 36</runs>
            <runs>0 21 18</runs>
            <runs>0 20 10 2 5</runs>
            <runs>0 20 16</runs>
            <runs>0 20 15</runs>
            <runs>0 20 15</runs>
            <runs>0 19 15</runs>
            <runs>0 19 14</runs>
            <runs>0 19 13</runs>
            <runs>0 20 11</runs>
            <runs>0 21 9</runs>
        </run-table>
    </sample>
    <sample shape="FLAT" interline="15" pitch="-0.5" left="345" top="1982" id="707">
        <run-table orientation="VERTICAL" width="15" height="46">
            <runs>19</runs>
            <runs>32</runs>
            <runs>46</runs>
            <runs>0 23 23</runs>
            <runs>0 23 23</runs>
            <runs>0 22 10 3 5</runs>
            <runs>0 22 5 6 6</runs>
            <runs>0 22 5 1 10</runs>
            <runs>0 21 17</runs>
            <runs>0 21 16</runs>
            <runs>0 22 14</runs>
            <runs>0 22 13</runs>
            <runs>0 22 13</runs>
            <runs>0 23 10</runs>
            <runs>0 24 8</runs>
        </run-table>
    </sample>
    <sample shape="FLAT" interline="15" pitch="-3.4" left="363" top="1962" id="713">
        <run-table orientation="VERTICAL" width="11" height="42">
            <runs>39</runs>
            <runs>0 1 3 2 34</runs>
            <runs>0 7 6 2 3 2 19</runs>
            <runs>0 20 19</runs>
            <runs>0 20 8 3 7</runs>
            <runs>0 19 7 3 9</runs>
            <runs>0 19 19</runs>
            <runs>0 19 19</runs>
            <runs>0 19 14</runs>
            <runs>0 19 14</runs>
            <runs>0 19 23</runs>
        </run-table>
    </sample>
    <sample shape="FLAT" interline="15" pitch="-0.0" left="374" top="1982" id="716">
        <run-table orientation="VERTICAL" width="15" height="49">
            <runs>37</runs>
            <runs>49</runs>
            <runs>8 15 26</runs>
            <runs>0 29 20</runs>
            <runs>0 29 9</runs>
            <runs></runs>
            <runs></runs>
            <runs>0 40 1</runs>
            <runs>0 29 18</runs>
            <runs>0 29 18</runs>
            <runs>0 29 18</runs>
            <runs>0 29 12</runs>
            <runs>0 29 11</runs>
            <runs>0 29 10</runs>
            <runs>0 29 9</runs>
        </run-table>
    </sample>
    <sample shape="FLAT" interline="15" pitch="-2.7" left="390" top="1971" id="710">
        <run-table orientation="VERTICAL" width="15" height="38">
            <runs>0 1 6</runs>
            <runs>22</runs>
            <runs>35</runs>
            <runs>38</runs>
            <runs>0 19 19</runs>
            <runs>0 20 18</runs>
            <runs>0 20 17</runs>
            <runs>0 19 5 2 10</runs>
            <runs>0 19 5 1 9</runs>
            <runs>0 19 14</runs>
            <runs>0 19 14</runs>
            <runs>0 19 13</runs>
            <runs>0 19 12</runs>
            <runs>0 20 10</runs>
            <runs>0 21 9</runs>
        </run-table>
    </sample>
    <sample shape="FLAT" interline="15" pitch="-0.9" left="348" top="2162" id="719">
        <run-table orientation="VERTICAL" width="14" height="41">
            <runs>33</runs>
            <runs>41</runs>
            <runs>40</runs>
            <runs>0 22 10 2 5</runs>
            <runs>0 22 10 2 4</runs>
            <runs>0 21 5 2 9</runs>
            <runs>0 21 5 2 8</runs>
            <runs>0 21 15</runs>
            <runs>0 20 15</runs>
            <runs>0 20 14</runs>
            <runs>0 21 12</runs>
            <runs>0 21 11</runs>
            <runs>0 22 10</runs>
            <runs>0 23 9</runs>
        </run-table>
    </sample>
    <sample shape="FLAT" interline="15" pitch="-3.6" left="363" top="2144" id="720">
        <run-table orientation="VERTICAL" width="16" height="40">
            <runs>0 1 9</runs>
            <runs>24</runs>
            <runs>40</runs>
            <runs>0 1 38</runs>
            <runs>0 12 3 1 22</runs>
            <runs>0 18 19</runs>
            <runs>0 18 9</runs>
            <runs>0 18 7 3 8</runs>
            <runs>0 18 18</runs>
            <runs>0 18 18</runs>
            <runs>0 18 18</runs>
            <runs>0 18 18</runs>
            <runs>0 18 19</runs>
            <runs>0 18 13</runs>
            <runs>0 18 11</runs>
            <runs>0 18 10</runs>
        </run-table>
    </sample>
    <sample shape="FLAT" interline="15" pitch="1.4" left="344" top="2362" id="724">
        <run-table orientation="VERTICAL" width="14" height="47">
            <runs>0 1 18</runs>
            <runs>47</runs>
            <runs>47</runs>
            <runs>47</runs>
            <runs>0 25 17</runs>
            <runs>0 25 8 2 6</runs>
            <runs>0 24 9 1 6</runs>
            <runs>0 24 15</runs>
            <runs>0 24 14</runs>
            <runs>0 24 13</runs>
            <runs>0 24 13</runs>
            <runs>0 24 12</runs>
            <runs>0 24 11</runs>
            <runs>0 25 9</runs>
        </run-table>
    </sample>
    <sample shape="FLAT" interline="15" pitch="-1.9" left="357" top="2343" id="725">
        <run-table orientation="VERTICAL" width="16" height="38">
            <runs>0 1 13</runs>
            <runs>38</runs>
            <runs>38</runs>
            <runs>14 1 23</runs>
            <runs>0 19 19</runs>
            <runs>0 20 8 3 7</runs>
            <runs>0 24 2 4 8</runs>
            <runs>0 29 9</runs>
            <runs>0 27 10</runs>
            <runs>0 19 14</runs>
            <runs>0 19 13</runs>
            <runs>0 19 12</runs>
            <runs>0 19 12</runs>
            <runs>0 20 10</runs>
            <runs>0 20 9</runs>
            <runs>0 20 8</runs>
        </run-table>
    </sample>
    <sample shape="FLAT" interline="15" pitch="2.4" left="371" top="2373" id="729">
        <run-table orientation="VERTICAL" width="15" height="39">
            <runs>0 1 9</runs>
            <runs>39</runs>
            <runs>39</runs>
            <runs>0 1 10 3 25</runs>
            <runs>0 18 21</runs>
            <runs>0 19 8</runs>
            <runs></runs>
            <runs>0 29 8</runs>
            <runs>0 18 19</runs>
            <runs>0 19 18</runs>
            <runs>0 18 19</runs>
            <runs>0 19 13</runs>
            <runs>0 19 18</runs>
            <runs>0 19 18</runs>
            <runs>0 19 8</runs>
        </run-table>
    </sample>
    <sample shape="FLAT" interline="15" pitch="-0.1" left="388" top="2354" id="728">
        <run-table orientation="VERTICAL" width="14" height="42">
            <runs>0 2 2</runs>
            <runs>28</runs>
            <runs>42</runs>
            <runs>42</runs>
            <runs>0 20 22</runs>
            <runs>0 20 7 5 10</runs>
            <runs>0 20 7 4 10</runs>
            <runs>0 19 8 3 6</runs>
            <runs>0 19 15</runs>
            <runs>0 19 14</runs>
            <runs>0 19 14</runs>
            <runs>0 19 13</runs>
            <runs>0 20 11</runs>
            <runs>0 20 10</runs>
        </run-table>
    </sample>
    <sample shape="FLAT" interline="15" pitch="-0.3" left="346" top="2589" id="735">
        <run-table orientation="VERTICAL" width="13" height="41">
            <runs>0 1 15 5 8 6 2</runs>
            <runs>41</runs>
            <runs>41</runs>
            <runs>0 1 2 18 8 4 8</runs>
            <runs>0 21 7 4 5</runs>
            <runs>0 21 7 3 5</runs>
            <runs>0 21 7 1 6</runs>
            <runs>0 20 15</runs>
            <runs>0 20 14</runs>
            <runs>0 20 13</runs>
            <runs>0 20 12</runs>
            <runs>0 21 10</runs>
            <runs>0 21 10</runs>
        </run-table>
    </sample>
    <sample shape="FLAT" interline="15" pitch="-3.8" left="357" top="2564" id="741">
        <run-table orientation="VERTICAL" width="16" height="39">
            <runs>0 2 13</runs>
            <runs>0 1 38</runs>
            <runs>39</runs>
            <runs>0 1 38</runs>
            <runs>0 20 19</runs>
            <runs>0 25 2</runs>
            <runs></runs>
            <runs>0 31 8</runs>
            <runs>0 28 11</runs>
            <runs>0 19 20</runs>
            <runs>0 20 13</runs>
            <runs>0 20 12</runs>
            <runs>0 20 11</runs>
            <runs>0 20 10</runs>
            <runs>0 20 9</runs>
            <runs>0 20 8</runs>
        </run-table>
    </sample>
    <sample shape="FLAT" interline="15" pitch="0.3" left="372" top="2595" id="747">
        <run-table orientation="VERTICAL" width="16" height="38">
            <runs>25</runs>
            <runs>38</runs>
            <runs>38</runs>
            <runs>0 18 20</runs>
            <runs>0 19 9</runs>
            <runs>0 18 8</runs>
            <runs></runs>
            <runs>0 26 10</runs>
            <runs>0 18 18</runs>
            <runs>0 18 18</runs>
            <runs>0 19 12</runs>
            <runs>0 19 11</runs>
            <runs>0 19 11</runs>
            <runs>0 19 10</runs>
            <runs>0 19 9</runs>
            <runs>0 18 8</runs>
        </run-table>
    </sample>
    <sample shape="FLAT" interline="15" pitch="-2.2" left="388" top="2575" id="749">
        <run-table orientation="VERTICAL" width="13" height="43">
            <runs>43</runs>
            <runs>43</runs>
            <runs>0 4 2 1 36</runs>
            <runs>0 20 23</runs>
            <runs>0 20 9 1 7</runs>
            <runs>0 19 16</runs>
            <runs>0 19 15</runs>
            <runs>0 19 15</runs>
            <runs>0 19 14</runs>
            <runs>0 19 13</runs>
            <runs>0 19 12</runs>
            <runs>0 19 12</runs>
            <runs>0 20 10</runs>
        </run-table>
    </sample>
    <sample shape="FLAT" interline="15" pitch="-0.7" left="345" top="2738" id="752">
        <run-table orientation="VERTICAL" width="15" height="47">
            <runs>19</runs>
            <runs>37</runs>
            <runs>47</runs>
            <runs>0 11 8 2 21</runs>
            <runs>0 24 17</runs>
            <runs>0 23 9 3 5</runs>
            <runs>0 23 10 1 5</runs>
            <runs>0 22 5 1 10</runs>
            <runs>0 22 15</runs>
            <runs>0 22 14</runs>
            <runs>0 22 13</runs>
            <runs>0 22 12</runs>
            <runs>0 23 11</runs>
            <runs>0 23 10</runs>
            <runs>0 26 2</runs>
        </run-table>
    </sample>
    <sample shape="FLAT" interline="15" pitch="-0.7" left="365" top="2739" id="757">
        <run-table orientation="VERTICAL" width="21" height="48">
            <runs>0 10 2</runs>
            <runs>17</runs>
            <runs>17</runs>
            <runs>17</runs>
            <runs>13</runs>
            <runs>13</runs>
            <runs>33</runs>
            <runs>47</runs>
            <runs>48</runs>
            <runs>0 23 25</runs>
            <runs>0 28 20</runs>
            <runs>0 28 8</runs>
            <runs>0 39 8</runs>
            <runs>0 37 10</runs>
            <runs>0 28 19</runs>
            <runs>0 28 19</runs>
            <runs>0 28 19</runs>
            <runs>0 28 12</runs>
            <runs>0 28 11</runs>
            <runs>0 28 10</runs>
            <runs>0 28 9</runs>
        </run-table>
    </sample>
    <sample shape="FLAT" interline="15" pitch="-2.7" left="384" top="2728" id="756">
        <run-table orientation="VERTICAL" width="15" height="44">
            <runs>0 1 2</runs>
            <runs>21</runs>
            <runs>33</runs>
            <runs>44</runs>
            <runs>0 1 42</runs>
            <runs>0 20 18</runs>
            <runs>0 20 9 2 6</runs>
            <runs>0 19 10 2 5</runs>
            <runs>0 19 5 1 11</runs>
            <runs>0 18 17</runs>
            <runs>0 18 16</runs>
            <runs>0 19 13</runs>
            <runs>0 19 13</runs>
            <runs>0 19 12</runs>
            <runs>0 20 10</runs>
        </run-table>
    </sample>
    <sample shape="FLAT" interline="15" pitch="0.2" left="345" top="2897" id="764">
        <run-table orientation="VERTICAL" width="15" height="39">
            <runs>25</runs>
            <runs>39</runs>
            <runs>0 1 38</runs>
            <runs>0 2 37</runs>
            <runs>0 19 20</runs>
            <runs>0 19 8 5 7</runs>
            <runs>0 30 8</runs>
            <runs>0 28 10</runs>
            <runs>0 18 20</runs>
            <runs>0 18 20</runs>
            <runs>0 19 20</runs>
            <runs>0 20 13</runs>
            <runs>0 20 12</runs>
            <runs>0 20 11</runs>
            <runs>0 25 3</runs>
        </run-table>
    </sample>
    <sample shape="FLAT" interline="15" pitch="-2.9" left="359" top="2876" id="769">
        <run-table orientation="VERTICAL" width="12" height="39">
            <runs>0 1 19 4 1</runs>
            <runs>21 2 9</runs>
            <runs>38</runs>
            <runs>0 20 19</runs>
            <runs>0 21 17</runs>
            <runs>0 20 4 3 10</runs>
            <runs>0 19 4 4 9</runs>
            <runs>0 19 4 4 8</runs>
            <runs>0 19 5 3 7</runs>
            <runs>0 19 14</runs>
            <runs>0 19 13</runs>
            <runs>0 19 13</runs>
        </run-table>
    </sample>
    <sample shape="FLAT" interline="15" pitch="0.8" left="371" top="2896" id="771">
        <run-table orientation="VERTICAL" width="14" height="49">
            <runs>30 2 9</runs>
            <runs>48</runs>
            <runs>0 1 48</runs>
            <runs>0 3 8 9 29</runs>
            <runs>0 31 17</runs>
            <runs>0 30 10 2 5</runs>
            <runs>0 30 16</runs>
            <runs>0 29 5 1 10</runs>
            <runs>0 29 15</runs>
            <runs>0 29 14</runs>
            <runs>0 29 13</runs>
            <runs>0 29 12</runs>
            <runs>0 30 11</runs>
            <runs>0 31 9</runs>
        </run-table>
    </sample>
    <sample shape="FLAT" interline="15" pitch="-1.7" left="384" top="2885" id="766">
        <run-table orientation="VERTICAL" width="15" height="37">
            <runs>9</runs>
            <runs>25</runs>
            <runs>37</runs>
            <runs>37</runs>
            <runs>0 10 1 5 21</runs>
            <runs>0 18 11 1 7</runs>
            <runs>0 29 8</runs>
            <runs>0 28 9</runs>
            <runs>0 18 19</runs>
            <runs>0 18 18</runs>
            <runs>0 18 19</runs>
            <runs>0 18 14</runs>
            <runs>0 18 13</runs>
            <runs>0 19 11</runs>
            <runs>0 19 10</runs>
        </run-table>
    </sample>
    <sample shape="FLAT" interline="15" pitch="0.9" left="349" top="3057" id="774">
        <run-table orientation="VERTICAL" width="15" height="39">
            <runs>9 3 8</runs>
            <runs>39</runs>
            <runs>39</runs>
            <runs>39</runs>
            <runs>0 21 7 6 4</runs>
            <runs>0 21 5 3 8</runs>
            <runs>0 21 4</runs>
            <runs>0 20 6</runs>
            <runs>0 20 15</runs>
            <runs>0 20 14</runs>
            <runs>0 20 13</runs>
            <runs>0 20 12</runs>
            <runs>0 21 11</runs>
            <runs>0 22 10</runs>
            <runs>0 23 5</runs>
        </run-table>
    </sample>
    <sample shape="FLAT" interline="15" pitch="-1.7" left="364" top="3041" id="783">
        <run-table orientation="VERTICAL" width="11" height="38">
            <runs>26</runs>
            <runs>36</runs>
            <runs>36</runs>
            <runs>35</runs>
            <runs>0 12 2 2 19</runs>
            <runs>0 11 3 2 8 4 7</runs>
            <runs>0 11 3 11 10</runs>
            <runs>0 11 3 2 19</runs>
            <runs>0 11 2 3 14</runs>
            <runs>0 16 19</runs>
            <runs>0 16 22</runs>
        </run-table>
    </sample>
    <sample shape="FLAT" interline="15" pitch="2.0" left="375" top="3057" id="781">
        <run-table orientation="VERTICAL" width="14" height="49">
            <runs>49</runs>
            <runs>49</runs>
            <runs>10 18 21</runs>
            <runs>0 1 8 20 19</runs>
            <runs>0 35 2 4 7</runs>
            <runs>0 39 9</runs>
            <runs>0 38 10</runs>
            <runs>0 30 18</runs>
            <runs>0 30 13</runs>
            <runs>0 30 13</runs>
            <runs>0 30 12</runs>
            <runs>0 30 11</runs>
            <runs>0 30 10</runs>
            <runs>0 30 9</runs>
        </run-table>
    </sample>
    <sample shape="FLAT" interline="15" pitch="-0.3" left="389" top="3049" id="776">
        <run-table orientation="VERTICAL" width="14" height="42">
            <runs>17</runs>
            <runs>33 1 8</runs>
            <runs>42</runs>
            <runs>0 5 10 3 24</runs>
            <runs>0 20 22</runs>
            <runs>0 20 9 1 6</runs>
            <runs>0 19 16</runs>
            <runs>0 19 15</runs>
            <runs>0 19 14</runs>
            <runs>0 19 14</runs>
            <runs>0 19 13</runs>
            <runs>0 19 12</runs>
            <runs>0 20 10</runs>
            <runs>0 20 9</runs>
        </run-table>
    </sample>
</samples>
