<?xml version="1.0" encoding="UTF-8" standalone="yes"?>
<samples sheet-name="IMSLP05673#1">
    <sample shape="G_CLEF" interline="21" left="312" top="548" id="113">
        <run-table orientation="VERTICAL" width="52" height="158">
            <runs>0 90 11</runs>
            <runs>0 86 19</runs>
            <runs>0 81 27</runs>
            <runs>0 80 30</runs>
            <runs>0 78 33 27 8</runs>
            <runs>0 77 36 23 12</runs>
            <runs>0 75 22 8 9 21 15</runs>
            <runs>0 74 19 16 6 19 17</runs>
            <runs>0 72 18 20 6 18 18</runs>
            <runs>0 71 16 25 5 16 20</runs>
            <runs>0 70 15 28 5 15 21</runs>
            <runs>0 68 16 30 5 14 16 1 5</runs>
            <runs>0 67 17 31 5 13 16 2 4</runs>
            <runs>0 65 15 36 4 13 16 3 3</runs>
            <runs>0 22 11 31 14 15 11 12 5 12 16 3 4</runs>
            <runs>0 18 24 19 16 14 14 12 4 12 15 4 4</runs>
            <runs>0 15 30 16 14 15 17 11 4 12 14 4 4</runs>
            <runs>0 11 38 10 15 14 21 10 3 12 13 6 4</runs>
            <runs>0 10 22 1 19 6 14 14 24 9 6 10 11 7 4</runs>
            <runs>0 8 20 12 16 1 14 15 11 5 9 8 6 12 8 8 4</runs>
            <runs>0 7 17 22 24 15 11 10 5 9 5 15 3 11 4</runs>
            <runs>0 6 17 27 19 12 13 13 5 8 5 29 3</runs>
            <runs>0 4 17 32 14 14 12 15 5 7 5 29 3</runs>
            <runs>0 3 16 32 17 13 12 16 4 8 4 28 4</runs>
            <runs>0 1 17 32 21 10 11 18 4 7 4 28 4</runs>
            <runs>17 31 27 6 11 19 3 7 4 28 3</runs>
            <runs>16 31 16 3 12 3 10 21 1 8 4 27 4</runs>
            <runs>15 30 18 6 22 30 4 27 4</runs>
            <runs>0 1 13 29 16 13 19 30 4 26 4</runs>
            <runs>0 3 10 27 18 18 15 30 4 25 5</runs>
            <runs>0 4 8 28 16 23 14 28 4 24 5</runs>
            <runs>0 6 6 25 18 26 17 23 4 22 6</runs>
            <runs>0 7 7 20 19 28 23 17 4 21 6</runs>
            <runs>0 9 8 13 22 29 28 12 4 18 8</runs>
            <runs>0 10 40 31 10 4 22 4 4 14 11</runs>
            <runs>0 12 36 33 10 9 47</runs>
            <runs>0 15 31 35 11 13 40</runs>
            <runs>0 18 26 37 11 20 30</runs>
            <runs>0 21 21 39 12 27 12</runs>
            <runs>0 25 12 44 12 26 6</runs>
            <runs>0 81 13 25 6</runs>
            <runs>0 81 14 23 4</runs>
            <runs>0 85 10 22 4</runs>
            <runs>0 86 10 19 5</runs>
            <runs>0 87 11 16 6</runs>
            <runs>0 87 13 13 6</runs>
            <runs>0 88 16 8 6</runs>
            <runs>0 89 28</runs>
            <runs>0 90 26</runs>
            <runs>0 92 22</runs>
            <runs>0 95 17</runs>
            <runs>0 97 13</runs>
        </run-table>
    </sample>
    <sample shape="G_CLEF" interline="21" left="135" top="2424" id="154">
        <run-table orientation="VERTICAL" width="52" height="158">
            <runs>0 90 15</runs>
            <runs>0 86 20</runs>
            <runs>0 82 27</runs>
            <runs>0 80 30</runs>
            <runs>0 79 33 26 8</runs>
            <runs>0 77 37 23 12</runs>
            <runs>0 76 21 10 8 21 15</runs>
            <runs>0 74 19 17 6 19 17</runs>
            <runs>0 73 17 21 6 17 19</runs>
            <runs>0 71 16 26 5 16 20</runs>
            <runs>0 70 15 29 5 15 21</runs>
            <runs>0 68 16 31 5 13 16 1 5</runs>
            <runs>0 67 17 32 4 13 16 2 5</runs>
            <runs>0 65 15 36 5 12 16 3 4</runs>
            <runs>0 22 13 29 15 14 12 12 4 13 15 3 4</runs>
            <runs>0 18 25 18 16 15 14 12 4 12 15 4 4</runs>
            <runs>0 15 31 15 14 15 18 11 3 12 14 5 4</runs>
            <runs>0 11 39 10 14 14 21 10 7 9 12 6 4</runs>
            <runs>0 10 22 7 15 4 15 14 24 9 6 10 11 7 4</runs>
            <runs>0 9 19 12 31 15 12 5 8 9 6 12 7 9 4</runs>
            <runs>0 7 17 23 23 15 11 10 6 8 6 16 1 11 4</runs>
            <runs>0 6 17 28 18 16 10 12 6 8 5 28 4</runs>
            <runs>0 4 17 32 15 14 12 14 5 8 5 28 4</runs>
            <runs>0 3 16 33 17 13 11 16 5 7 5 28 3</runs>
            <runs>0 2 16 32 23 9 11 17 4 8 4 27 4</runs>
            <runs>0 1 16 32 27 6 10 19 3 8 4 27 4</runs>
            <runs>16 31 16 4 12 3 10 30 4 27 4</runs>
            <runs>0 1 14 30 18 7 21 31 4 26 4</runs>
            <runs>0 2 12 26 20 13 18 31 4 25 5</runs>
            <runs>0 3 10 27 18 19 14 31 4 24 5</runs>
            <runs>0 5 8 27 17 23 14 28 4 23 5</runs>
            <runs>0 7 6 24 18 27 17 23 4 22 5</runs>
            <runs>0 8 7 19 20 28 23 17 4 20 6</runs>
            <runs>0 10 8 12 22 30 29 11 4 17 8</runs>
            <runs>0 11 40 31 9 5 24 2 4 11 13</runs>
            <runs>0 13 35 34 10 9 47</runs>
            <runs>0 16 30 36 10 14 40</runs>
            <runs>0 19 25 38 11 21 27</runs>
            <runs>0 23 20 39 11 27 6</runs>
            <runs>0 26 11 45 12 26 6</runs>
            <runs>0 82 13 24 7</runs>
            <runs>0 85 10 23 4</runs>
            <runs>0 86 10 21 5</runs>
            <runs>0 86 11 19 5</runs>
            <runs>0 87 12 15 6</runs>
            <runs>0 88 13 12 6</runs>
            <runs>0 89 16 7 7</runs>
            <runs>0 90 28</runs>
            <runs>0 91 26</runs>
            <runs>0 93 21</runs>
            <runs>0 95 17</runs>
            <runs>0 97 13</runs>
        </run-table>
    </sample>
</samples>
