<?xml version="1.0" encoding="UTF-8"?>
<stick id="434" interline="21" shape="BRACE">
    <is-within-system>false</is-within-system>
    <has-ledger>false</has-ledger>
    <stem-number>0</stem-number>
    <step-line>11.435294117647059</step-line>
    <moments>
        <k>5.784580498866213</k>
        <k>1.1904761904761905</k>
        <k>14.523809523809524</k>
        <k>0.008485885559065296</k>
        <k>0.02506045701259816</k>
        <k>2.903353026831314</k>
        <k>-3.77436793401344E-5</k>
        <k>-4.2335802867330914E-5</k>
        <k>-0.049872831202817776</k>
        <k>-0.024076939097619206</k>
        <k>2.9118389123903796</k>
        <k>8.382767871640482</k>
        <k>0.022947999977264488</k>
        <k>0.003072804906792732</k>
        <k>-9.549127183741613E-6</k>
        <k>-0.005406573480871895</k>
        <k>2.397130343327173E-5</k>
        <k>122.40101920815367</k>
        <k>1710.671109368875</k>
    </moments>
    <section id="5" first-pos="110">
        <run start="1711" length="1" level="130"/>
    </section>
    <section id="6" first-pos="111">
        <run start="1708" length="7" level="110"/>
        <run start="1706" length="10" level="38"/>
        <run start="1705" length="11" level="11"/>
        <run start="1704" length="13" level="40"/>
    </section>
    <section id="20" first-pos="115">
        <run start="1704" length="6" level="24"/>
        <run start="1703" length="6" level="42"/>
        <run start="1701" length="7" level="71"/>
        <run start="1700" length="6" level="19"/>
        <run start="1699" length="7" level="57"/>
        <run start="1698" length="6" level="44"/>
        <run start="1696" length="7" level="51"/>
        <run start="1693" length="9" level="48"/>
        <run start="1691" length="10" level="50"/>
        <run start="1687" length="12" level="54"/>
        <run start="1685" length="12" level="41"/>
    </section>
    <section id="70" first-pos="126">
        <run start="1628" length="67" level="15"/>
    </section>
    <section id="65" first-pos="125">
        <run start="1622" length="61" level="18"/>
    </section>
    <section id="55" first-pos="123">
        <run start="1608" length="57" level="16"/>
        <run start="1615" length="56" level="16"/>
    </section>
    <section id="50" first-pos="122">
        <run start="1599" length="62" level="21"/>
    </section>
    <section id="45" first-pos="121">
        <run start="1568" length="87" level="13"/>
    </section>
    <section id="33" first-pos="118">
        <run start="1574" length="72" level="21"/>
        <run start="1572" length="76" level="8"/>
        <run start="1571" length="79" level="2"/>
    </section>
    <section id="29" first-pos="117">
        <run start="1577" length="63" level="20"/>
    </section>
    <section id="25" first-pos="116">
        <run start="1580" length="55" level="28"/>
    </section>
    <section id="19" first-pos="115">
        <run start="1583" length="45" level="32"/>
    </section>
    <section id="15" first-pos="114">
        <run start="1588" length="34" level="48"/>
    </section>
    <section id="10" first-pos="113">
        <run start="1594" length="21" level="121"/>
    </section>
    <section id="49" first-pos="122">
        <run start="1567" length="26" level="78"/>
    </section>
    <section id="54" first-pos="123">
        <run start="1566" length="16" level="66"/>
        <run start="1564" length="14" level="81"/>
        <run start="1562" length="12" level="61"/>
        <run start="1561" length="11" level="85"/>
        <run start="1561" length="7" level="69"/>
        <run start="1561" length="5" level="51"/>
    </section>
    <section id="74" first-pos="127">
        <run start="1631" length="61" level="21"/>
    </section>
    <section id="78" first-pos="128">
        <run start="1638" length="51" level="20"/>
    </section>
    <section id="82" first-pos="129">
        <run start="1646" length="41" level="20"/>
    </section>
    <section id="86" first-pos="130">
        <run start="1652" length="33" level="28"/>
    </section>
    <section id="91" first-pos="131">
        <run start="1659" length="23" level="48"/>
    </section>
    <section id="94" first-pos="132">
        <run start="1671" length="7" level="219"/>
    </section>
    <section id="21" first-pos="115">
        <run start="1712" length="6" level="46"/>
        <run start="1713" length="6" level="46"/>
        <run start="1714" length="6" level="47"/>
        <run start="1715" length="6" level="47"/>
        <run start="1716" length="6" level="47"/>
        <run start="1717" length="6" level="47"/>
        <run start="1718" length="7" level="64"/>
        <run start="1719" length="11" level="88"/>
    </section>
    <section id="56" first-pos="123">
        <run start="1720" length="16" level="82"/>
    </section>
    <section id="61" first-pos="124">
        <run start="1722" length="92" level="46"/>
    </section>
    <section id="57" first-pos="123">
        <run start="1748" length="4" level="223"/>
    </section>
    <section id="58" first-pos="123">
        <run start="1754" length="98" level="31"/>
    </section>
    <section id="51" first-pos="122">
        <run start="1759" length="90" level="8"/>
    </section>
    <section id="46" first-pos="121">
        <run start="1765" length="82" level="9"/>
    </section>
    <section id="40" first-pos="120">
        <run start="1769" length="75" level="10"/>
    </section>
    <section id="37" first-pos="119">
        <run start="1774" length="67" level="12"/>
    </section>
    <section id="34" first-pos="118">
        <run start="1779" length="59" level="18"/>
    </section>
    <section id="30" first-pos="117">
        <run start="1785" length="49" level="21"/>
    </section>
    <section id="26" first-pos="116">
        <run start="1790" length="40" level="28"/>
    </section>
    <section id="22" first-pos="115">
        <run start="1796" length="30" level="59"/>
    </section>
    <section id="16" first-pos="114">
        <run start="1804" length="15" level="120"/>
    </section>
    <section id="62" first-pos="124">
        <run start="1834" length="20" level="49"/>
    </section>
    <section id="67" first-pos="125">
        <run start="1841" length="13" level="21"/>
        <run start="1845" length="11" level="41"/>
        <run start="1848" length="9" level="38"/>
        <run start="1850" length="10" level="33"/>
        <run start="1852" length="11" level="32"/>
        <run start="1855" length="9" level="34"/>
        <run start="1857" length="8" level="35"/>
        <run start="1858" length="7" level="42"/>
        <run start="1860" length="6" level="46"/>
        <run start="1861" length="4" level="71"/>
    </section>
    <section id="66" first-pos="125">
        <run start="1723" length="80" level="15"/>
    </section>
    <section id="71" first-pos="126">
        <run start="1724" length="73" level="16"/>
    </section>
    <section id="75" first-pos="127">
        <run start="1726" length="66" level="21"/>
    </section>
    <section id="79" first-pos="128">
        <run start="1728" length="58" level="18"/>
    </section>
    <section id="83" first-pos="129">
        <run start="1729" length="53" level="32"/>
    </section>
    <section id="87" first-pos="130">
        <run start="1733" length="38" level="16"/>
    </section>
    <section id="92" first-pos="131">
        <run start="1738" length="27" level="34"/>
    </section>
    <section id="95" first-pos="132">
        <run start="1748" length="3" level="107"/>
    </section>
    <section id="88" first-pos="130">
        <run start="1774" length="2" level="226"/>
    </section>
</stick>
