<?xml version="1.0" encoding="UTF-8"?>
<stick id="349" interline="22" shape="DOT">
    <is-within-system>true</is-within-system>
    <has-ledger>false</has-ledger>
    <stem-number>0</stem-number>
    <step-line>-1.2093023255813953</step-line>
    <moments>
        <k>0.2128099173553719</k>
        <k>0.5454545454545454</k>
        <k>0.5</k>
        <k>0.08200401381131793</k>
        <k>7.586524356037662E-4</k>
        <k>0.0770457763009424</k>
        <k>-5.6314344751244814E-5</k>
        <k>5.238347637220188E-4</k>
        <k>1.4826222453434608E-4</k>
        <k>-5.248038894188798E-4</k>
        <k>0.15904979011226034</k>
        <k>2.688633328148498E-5</k>
        <k>4.645610218583027E-6</k>
        <k>8.455351801223958E-9</k>
        <k>-4.409344218958606E-16</k>
        <k>4.164391766455014E-11</k>
        <k>1.6167374770865611E-15</k>
        <k>460.36893203883494</k>
        <k>988.0776699029126</k>
    </moments>
    <section id="841" first-pos="455">
        <run start="987" length="4" level="171"/>
        <run start="985" length="7" level="98"/>
        <run start="984" length="9" level="61"/>
        <run start="983" length="11" level="50"/>
        <run start="983" length="11" level="24"/>
        <run start="983" length="11" level="24"/>
        <run start="983" length="11" level="24"/>
        <run start="983" length="11" level="35"/>
        <run start="984" length="10" level="37"/>
        <run start="984" length="9" level="54"/>
        <run start="985" length="7" level="118"/>
    </section>
    <section id="845" first-pos="466">
        <run start="988" length="2" level="184"/>
    </section>
</stick>
