<?xml version="1.0" encoding="UTF-8"?>
<stick id="360" interline="22" shape="FORTE">
    <is-within-system>true</is-within-system>
    <has-ledger>false</has-ledger>
    <stem-number>0</stem-number>
    <step-line>10.046511627906977</step-line>
    <moments>
        <k>1.006198347107438</k>
        <k>1.8181818181818181</k>
        <k>2.090909090909091</k>
        <k>0.1844120840783936</k>
        <k>-0.2292397774941115</k>
        <k>0.36373551560712675</k>
        <k>-0.0030348493452919565</k>
        <k>0.001297755568087076</k>
        <k>-0.003710408714964997</k>
        <k>0.008601612883993455</k>
        <k>0.5481475996855203</k>
        <k>0.24236039543743926</k>
        <k>8.771984102934934E-5</k>
        <k>1.4349600204950868E-4</k>
        <k>1.1776411252567205E-8</k>
        <k>7.064313842891901E-5</k>
        <k>-1.0977501545082065E-8</k>
        <k>527.735112936345</k>
        <k>1108.8870636550307</k>
    </moments>
    <section id="953" first-pos="508">
        <run start="1124" length="3" level="226"/>
        <run start="1123" length="6" level="76"/>
        <run start="1122" length="9" level="52"/>
        <run start="1122" length="10" level="26"/>
        <run start="1122" length="10" level="25"/>
        <run start="1122" length="10" level="4"/>
        <run start="1122" length="10" level="10"/>
    </section>
    <section id="975" first-pos="515">
        <run start="1123" length="4" level="39"/>
    </section>
    <section id="976" first-pos="515">
        <run start="1128" length="4" level="6"/>
        <run start="1128" length="4" level="6"/>
        <run start="1128" length="4" level="5"/>
        <run start="1125" length="7" level="69"/>
        <run start="1123" length="8" level="59"/>
        <run start="1121" length="9" level="49"/>
        <run start="1117" length="13" level="66"/>
        <run start="1114" length="15" level="44"/>
        <run start="1110" length="17" level="45"/>
        <run start="1107" length="20" level="31"/>
        <run start="1105" length="20" level="20"/>
    </section>
    <section id="990" first-pos="526">
        <run start="1101" length="23" level="19"/>
        <run start="1101" length="21" level="6"/>
        <run start="1099" length="21" level="21"/>
        <run start="1097" length="21" level="21"/>
        <run start="1096" length="20" level="15"/>
        <run start="1094" length="20" level="26"/>
        <run start="1093" length="18" level="21"/>
        <run start="1092" length="16" level="31"/>
        <run start="1091" length="13" level="19"/>
        <run start="1090" length="13" level="42"/>
    </section>
    <section id="984" first-pos="519">
        <run start="1101" length="2" level="167"/>
        <run start="1101" length="2" level="5"/>
        <run start="1101" length="2" level="4"/>
        <run start="1101" length="2" level="3"/>
        <run start="1101" length="2" level="2"/>
        <run start="1101" length="2" level="1"/>
        <run start="1101" length="2" level="3"/>
    </section>
    <section id="1009" first-pos="536">
        <run start="1089" length="8" level="60"/>
        <run start="1088" length="6" level="63"/>
        <run start="1087" length="5" level="75"/>
        <run start="1087" length="4" level="38"/>
        <run start="1086" length="5" level="75"/>
    </section>
    <section id="1025" first-pos="541">
        <run start="1086" length="10" level="69"/>
        <run start="1086" length="10" level="26"/>
        <run start="1087" length="9" level="18"/>
        <run start="1087" length="9" level="29"/>
        <run start="1088" length="8" level="33"/>
        <run start="1088" length="7" level="103"/>
        <run start="1090" length="3" level="162"/>
    </section>
    <section id="1021" first-pos="540">
        <run start="1092" length="3" level="150"/>
    </section>
    <section id="1010" first-pos="536">
        <run start="1100" length="3" level="86"/>
        <run start="1100" length="3" level="85"/>
        <run start="1100" length="3" level="86"/>
        <run start="1100" length="3" level="86"/>
        <run start="1100" length="3" level="86"/>
        <run start="1101" length="2" level="105"/>
    </section>
</stick>
