<?xml version="1.0" encoding="UTF-8"?>
<stick id="301" interline="22" shape="FORTE">
    <is-within-system>true</is-within-system>
    <has-ledger>false</has-ledger>
    <stem-number>0</stem-number>
    <step-line>10.883720930232558</step-line>
    <moments>
        <k>1.1632231404958677</k>
        <k>1.7727272727272727</k>
        <k>2.090909090909091</k>
        <k>0.15027746128240335</k>
        <k>-0.18838717170469013</k>
        <k>0.318045390266185</k>
        <k>-6.001411317493259E-4</k>
        <k>-0.0023050649407693326</k>
        <k>0.003239096881136987</k>
        <k>-0.00383948907012536</k>
        <k>0.4683228515485883</k>
        <k>0.1701049838470768</k>
        <k>1.1590936430909651E-4</k>
        <k>4.471963144002825E-5</k>
        <k>2.5756290562019304E-9</k>
        <k>1.7384766184173437E-5</k>
        <k>1.9318855813631082E-9</k>
        <k>2133.8756660746003</k>
        <k>532.7158081705151</k>
    </moments>
    <section id="2941" first-pos="2115">
        <run start="546" length="7" level="124"/>
        <run start="545" length="9" level="52"/>
        <run start="545" length="9" level="29"/>
        <run start="545" length="10" level="38"/>
        <run start="545" length="10" level="26"/>
        <run start="545" length="10" level="26"/>
        <run start="545" length="11" level="34"/>
        <run start="545" length="11" level="39"/>
        <run start="546" length="10" level="103"/>
        <run start="549" length="6" level="61"/>
        <run start="547" length="8" level="57"/>
        <run start="544" length="11" level="62"/>
        <run start="541" length="13" level="40"/>
        <run start="537" length="17" level="42"/>
        <run start="534" length="19" level="33"/>
        <run start="531" length="21" level="29"/>
        <run start="528" length="23" level="26"/>
    </section>
    <section id="3023" first-pos="2132">
        <run start="524" length="26" level="26"/>
        <run start="524" length="24" level="18"/>
        <run start="522" length="25" level="27"/>
        <run start="520" length="25" level="27"/>
        <run start="518" length="25" level="27"/>
        <run start="517" length="24" level="35"/>
        <run start="515" length="23" level="38"/>
        <run start="514" length="20" level="32"/>
        <run start="513" length="18" level="37"/>
        <run start="512" length="16" level="29"/>
        <run start="511" length="16" level="72"/>
    </section>
    <section id="2988" first-pos="2125">
        <run start="524" length="2" level="149"/>
        <run start="524" length="2" level="129"/>
        <run start="524" length="2" level="129"/>
        <run start="524" length="2" level="129"/>
        <run start="524" length="3" level="100"/>
        <run start="524" length="3" level="86"/>
        <run start="524" length="3" level="86"/>
    </section>
    <section id="3055" first-pos="2143">
        <run start="511" length="8" level="31"/>
        <run start="511" length="6" level="41"/>
        <run start="510" length="6" level="42"/>
        <run start="510" length="7" level="40"/>
        <run start="510" length="9" level="34"/>
        <run start="510" length="9" level="29"/>
        <run start="510" length="9" level="29"/>
        <run start="510" length="10" level="29"/>
        <run start="511" length="9" level="29"/>
        <run start="511" length="8" level="31"/>
        <run start="513" length="5" level="48"/>
    </section>
    <section id="3056" first-pos="2143">
        <run start="524" length="3" level="86"/>
        <run start="524" length="2" level="115"/>
        <run start="524" length="2" level="128"/>
        <run start="524" length="2" level="128"/>
        <run start="524" length="2" level="128"/>
        <run start="524" length="2" level="128"/>
    </section>
</stick>
