<?xml version="1.0" encoding="UTF-8"?>
<stick id="820" interline="21" shape="MEZZO_FORTE">
    <is-within-system>true</is-within-system>
    <has-ledger>false</has-ledger>
    <stem-number>0</stem-number>
    <step-line>9.30232558139535</step-line>
    <moments>
        <k>2.3356009070294785</k>
        <k>2.857142857142857</k>
        <k>2.1904761904761907</k>
        <k>0.21081934005474315</k>
        <k>-0.03926175522339983</k>
        <k>0.10458042676716166</k>
        <k>0.00518043889333056</k>
        <k>-0.03648744822640782</k>
        <k>0.020602747045098565</k>
        <k>0.006788340868411213</k>
        <k>0.3153997668219048</k>
        <k>0.017452648389414915</k>
        <k>0.01672092987705015</k>
        <k>0.0015468096549974175</k>
        <k>6.733039918445076E-6</k>
        <k>9.71748867942217E-5</k>
        <k>4.068062081889016E-6</k>
        <k>1539.0922330097087</k>
        <k>759.2504854368932</k>
    </moments>
    <section id="2156" first-pos="1512">
        <run start="753" length="2" level="172"/>
        <run start="752" length="4" level="108"/>
        <run start="750" length="6" level="98"/>
        <run start="749" length="6" level="112"/>
        <run start="748" length="5" level="101"/>
    </section>
    <section id="2161" first-pos="1517">
        <run start="748" length="22" level="28"/>
        <run start="748" length="22" level="25"/>
        <run start="748" length="20" level="34"/>
        <run start="748" length="17" level="33"/>
        <run start="748" length="15" level="48"/>
        <run start="748" length="12" level="76"/>
        <run start="749" length="8" level="94"/>
        <run start="748" length="6" level="113"/>
        <run start="748" length="3" level="68"/>
        <run start="748" length="3" level="86"/>
    </section>
    <section id="2157" first-pos="1512">
        <run start="767" length="2" level="189"/>
        <run start="764" length="6" level="123"/>
        <run start="761" length="9" level="66"/>
        <run start="758" length="12" level="48"/>
        <run start="755" length="15" level="37"/>
    </section>
    <section id="2181" first-pos="1527">
        <run start="748" length="22" level="44"/>
        <run start="748" length="22" level="22"/>
        <run start="748" length="21" level="32"/>
        <run start="748" length="18" level="39"/>
        <run start="748" length="15" level="60"/>
    </section>
    <section id="2174" first-pos="1522">
        <run start="766" length="4" level="156"/>
        <run start="764" length="6" level="82"/>
        <run start="761" length="9" level="66"/>
        <run start="758" length="12" level="48"/>
        <run start="756" length="14" level="33"/>
    </section>
    <section id="2184" first-pos="1532">
        <run start="749" length="10" level="51"/>
        <run start="749" length="7" level="75"/>
        <run start="749" length="4" level="49"/>
        <run start="748" length="4" level="68"/>
        <run start="748" length="4" level="65"/>
        <run start="748" length="4" level="65"/>
    </section>
    <section id="2189" first-pos="1538">
        <run start="748" length="22" level="20"/>
        <run start="748" length="22" level="13"/>
        <run start="748" length="22" level="26"/>
    </section>
    <section id="2187" first-pos="1534">
        <run start="761" length="7" level="134"/>
        <run start="759" length="10" level="59"/>
        <run start="756" length="14" level="48"/>
        <run start="753" length="17" level="31"/>
    </section>
    <section id="2196" first-pos="1541">
        <run start="748" length="15" level="44"/>
        <run start="749" length="11" level="45"/>
        <run start="749" length="8" level="109"/>
    </section>
    <section id="2201" first-pos="1544">
        <run start="751" length="3" level="62"/>
        <run start="751" length="3" level="143"/>
        <run start="752" length="2" level="128"/>
        <run start="752" length="2" level="128"/>
        <run start="752" length="2" level="128"/>
        <run start="752" length="1" level="26"/>
    </section>
    <section id="2210" first-pos="1550">
        <run start="752" length="22" level="15"/>
        <run start="751" length="22" level="16"/>
        <run start="749" length="22" level="14"/>
        <run start="747" length="23" level="19"/>
        <run start="746" length="22" level="23"/>
        <run start="744" length="21" level="28"/>
        <run start="743" length="19" level="28"/>
        <run start="742" length="17" level="33"/>
        <run start="741" length="15" level="27"/>
        <run start="740" length="14" level="55"/>
    </section>
    <section id="2193" first-pos="1540">
        <run start="778" length="6" level="84"/>
        <run start="778" length="5" level="52"/>
        <run start="776" length="7" level="78"/>
        <run start="773" length="9" level="61"/>
        <run start="771" length="10" level="40"/>
        <run start="767" length="14" level="54"/>
        <run start="763" length="17" level="35"/>
        <run start="760" length="19" level="30"/>
        <run start="758" length="19" level="18"/>
        <run start="755" length="21" level="26"/>
    </section>
    <section id="2185" first-pos="1532">
        <run start="775" length="5" level="167"/>
        <run start="774" length="6" level="54"/>
        <run start="773" length="8" level="40"/>
        <run start="773" length="9" level="21"/>
        <run start="773" length="10" level="26"/>
        <run start="773" length="10" level="19"/>
        <run start="773" length="11" level="35"/>
        <run start="774" length="10" level="71"/>
    </section>
    <section id="2192" first-pos="1540">
        <run start="775" length="1" level="143"/>
    </section>
    <section id="2215" first-pos="1560">
        <run start="739" length="9" level="69"/>
        <run start="739" length="6" level="66"/>
        <run start="738" length="5" level="51"/>
        <run start="738" length="4" level="53"/>
        <run start="738" length="3" level="5"/>
    </section>
    <section id="2237" first-pos="1565">
        <run start="738" length="8" level="18"/>
        <run start="738" length="8" level="3"/>
        <run start="738" length="8" level="3"/>
        <run start="738" length="8" level="27"/>
        <run start="739" length="7" level="31"/>
        <run start="740" length="6" level="132"/>
        <run start="742" length="2" level="199"/>
    </section>
    <section id="2234" first-pos="1564">
        <run start="742" length="3" level="64"/>
    </section>
    <section id="2216" first-pos="1560">
        <run start="751" length="2" level="2"/>
        <run start="751" length="2" level="3"/>
        <run start="751" length="2" level="89"/>
        <run start="751" length="2" level="44"/>
        <run start="751" length="2" level="90"/>
        <run start="752" length="1" level="177"/>
    </section>
    <section id="2197" first-pos="1541">
        <run start="764" length="6" level="62"/>
        <run start="764" length="5" level="32"/>
        <run start="764" length="4" level="110"/>
        <run start="765" length="1" level="158"/>
    </section>
</stick>
