<?xml version="1.0" encoding="UTF-8"?>
<stick id="819" interline="22" shape="MEZZO">
    <is-within-system>true</is-within-system>
    <has-ledger>false</has-ledger>
    <stem-number>0</stem-number>
    <step-line>10.325581395348838</step-line>
    <moments>
        <k>1.237603305785124</k>
        <k>1.5454545454545454</k>
        <k>1.0454545454545454</k>
        <k>0.13853052663122295</k>
        <k>-3.701160160119088E-4</k>
        <k>0.0669899752700284</k>
        <k>0.0013345175216378964</k>
        <k>0.003528925040330587</k>
        <k>-6.827000907166602E-4</k>
        <k>2.9550154362757144E-4</k>
        <k>0.20552050190125135</k>
        <k>0.00511859843252495</k>
        <k>1.1735241498300468E-4</k>
        <k>1.5051104659338628E-5</k>
        <k>-6.213060080108726E-10</k>
        <k>-1.0196645775323648E-6</k>
        <k>-1.187653141256846E-10</k>
        <k>1526.2587646076795</k>
        <k>527.0567612687813</k>
    </moments>
    <section id="2152" first-pos="1510">
        <run start="535" length="3" level="127"/>
        <run start="532" length="6" level="72"/>
        <run start="529" length="10" level="48"/>
        <run start="526" length="13" level="30"/>
    </section>
    <section id="2160" first-pos="1514">
        <run start="516" length="23" level="27"/>
        <run start="517" length="22" level="13"/>
        <run start="516" length="23" level="21"/>
        <run start="517" length="20" level="12"/>
        <run start="517" length="19" level="23"/>
        <run start="517" length="17" level="50"/>
        <run start="517" length="13" level="34"/>
        <run start="517" length="11" level="61"/>
        <run start="517" length="8" level="86"/>
        <run start="517" length="4" level="61"/>
        <run start="516" length="5" level="55"/>
    </section>
    <section id="2153" first-pos="1511">
        <run start="520" length="4" level="85"/>
        <run start="518" length="7" level="48"/>
        <run start="517" length="7" level="37"/>
    </section>
    <section id="2180" first-pos="1525">
        <run start="516" length="23" level="14"/>
        <run start="517" length="22" level="12"/>
        <run start="517" length="21" level="20"/>
        <run start="517" length="19" level="33"/>
        <run start="517" length="16" level="40"/>
        <run start="518" length="12" level="36"/>
        <run start="517" length="11" level="82"/>
        <run start="517" length="7" level="66"/>
        <run start="517" length="4" level="60"/>
        <run start="516" length="5" level="55"/>
    </section>
    <section id="2171" first-pos="1520">
        <run start="534" length="4" level="111"/>
        <run start="531" length="7" level="60"/>
        <run start="528" length="11" level="43"/>
        <run start="525" length="14" level="28"/>
        <run start="522" length="17" level="22"/>
    </section>
    <section id="2188" first-pos="1535">
        <run start="516" length="23" level="18"/>
        <run start="516" length="23" level="12"/>
        <run start="517" length="22" level="12"/>
        <run start="517" length="22" level="13"/>
        <run start="517" length="22" level="13"/>
        <run start="518" length="20" level="53"/>
    </section>
    <section id="2183" first-pos="1532">
        <run start="529" length="8" level="73"/>
        <run start="527" length="11" level="38"/>
        <run start="523" length="15" level="27"/>
    </section>
    <section id="2182" first-pos="1531">
        <run start="533" length="2" level="157"/>
    </section>
    <section id="2194" first-pos="1541">
        <run start="519" length="9" level="74"/>
    </section>
    <section id="2198" first-pos="1542">
        <run start="523" length="2" level="225"/>
    </section>
    <section id="2195" first-pos="1541">
        <run start="532" length="6" level="77"/>
        <run start="533" length="4" level="100"/>
        <run start="533" length="2" level="204"/>
    </section>
</stick>
