<?xml version="1.0" encoding="UTF-8"?>
<stick id="1024" interline="22" shape="MEZZO_FORTE">
    <is-within-system>true</is-within-system>
    <has-ledger>false</has-ledger>
    <stem-number>0</stem-number>
    <step-line>10.790697674418604</step-line>
    <moments>
        <k>2.12396694214876</k>
        <k>2.6818181818181817</k>
        <k>2.090909090909091</k>
        <k>0.21505278874727723</k>
        <k>-0.03862634217503772</k>
        <k>0.10687881441398935</k>
        <k>0.004319870031740952</k>
        <k>-0.0365884444832055</k>
        <k>0.018737002960663062</k>
        <k>0.010903751259288696</k>
        <k>0.32193160316126657</k>
        <k>0.017669585962351218</k>
        <k>0.017253718295660678</k>
        <k>0.0011913228581945674</k>
        <k>4.63021712423966E-6</k>
        <k>7.764406169691655E-5</k>
        <k>2.780902735895781E-6</k>
        <k>1609.18093385214</k>
        <k>1117.2295719844358</k>
    </moments>
    <section id="2300" first-pos="1582">
        <run start="1110" length="4" level="205"/>
        <run start="1109" length="5" level="52"/>
        <run start="1108" length="5" level="64"/>
        <run start="1107" length="4" level="52"/>
    </section>
    <section id="2306" first-pos="1586">
        <run start="1106" length="22" level="40"/>
        <run start="1106" length="22" level="11"/>
        <run start="1105" length="22" level="18"/>
        <run start="1106" length="18" level="22"/>
        <run start="1106" length="14" level="24"/>
        <run start="1106" length="12" level="38"/>
        <run start="1107" length="8" level="52"/>
        <run start="1107" length="5" level="54"/>
        <run start="1106" length="5" level="63"/>
        <run start="1106" length="4" level="65"/>
        <run start="1106" length="4" level="65"/>
    </section>
    <section id="2302" first-pos="1583">
        <run start="1121" length="7" level="66"/>
        <run start="1118" length="10" level="68"/>
        <run start="1114" length="14" level="62"/>
    </section>
    <section id="2301" first-pos="1582">
        <run start="1125" length="2" level="118"/>
    </section>
    <section id="2330" first-pos="1597">
        <run start="1106" length="22" level="23"/>
        <run start="1106" length="20" level="16"/>
        <run start="1106" length="18" level="20"/>
        <run start="1106" length="15" level="29"/>
        <run start="1107" length="11" level="46"/>
    </section>
    <section id="2320" first-pos="1592">
        <run start="1124" length="4" level="61"/>
        <run start="1120" length="8" level="86"/>
        <run start="1117" length="12" level="56"/>
        <run start="1114" length="15" level="44"/>
        <run start="1111" length="18" level="36"/>
    </section>
    <section id="2335" first-pos="1602">
        <run start="1108" length="6" level="46"/>
        <run start="1107" length="6" level="61"/>
        <run start="1107" length="4" level="70"/>
        <run start="1105" length="5" level="89"/>
        <run start="1105" length="6" level="76"/>
    </section>
    <section id="2344" first-pos="1607">
        <run start="1105" length="24" level="23"/>
        <run start="1106" length="23" level="12"/>
        <run start="1106" length="23" level="14"/>
    </section>
    <section id="2341" first-pos="1605">
        <run start="1114" length="14" level="63"/>
        <run start="1112" length="16" level="27"/>
    </section>
    <section id="2339" first-pos="1604">
        <run start="1118" length="8" level="56"/>
    </section>
    <section id="2337" first-pos="1603">
        <run start="1120" length="2" level="225"/>
    </section>
    <section id="2349" first-pos="1610">
        <run start="1106" length="17" level="26"/>
    </section>
    <section id="2351" first-pos="1611">
        <run start="1107" length="12" level="37"/>
        <run start="1108" length="8" level="59"/>
        <run start="1110" length="4" level="77"/>
        <run start="1110" length="3" level="86"/>
        <run start="1110" length="3" level="86"/>
        <run start="1110" length="3" level="86"/>
        <run start="1110" length="3" level="86"/>
        <run start="1110" length="3" level="86"/>
    </section>
    <section id="2371" first-pos="1619">
        <run start="1110" length="24" level="29"/>
        <run start="1110" length="23" level="12"/>
        <run start="1108" length="23" level="30"/>
        <run start="1107" length="22" level="23"/>
        <run start="1105" length="22" level="32"/>
        <run start="1103" length="21" level="33"/>
        <run start="1102" length="20" level="28"/>
        <run start="1101" length="18" level="37"/>
        <run start="1100" length="14" level="35"/>
        <run start="1099" length="14" level="49"/>
    </section>
    <section id="2368" first-pos="1617">
        <run start="1118" length="19" level="36"/>
        <run start="1115" length="21" level="32"/>
    </section>
    <section id="2366" first-pos="1616">
        <run start="1121" length="1" level="226"/>
    </section>
    <section id="2347" first-pos="1609">
        <run start="1138" length="4" level="65"/>
        <run start="1137" length="5" level="54"/>
        <run start="1136" length="6" level="45"/>
        <run start="1135" length="7" level="38"/>
        <run start="1133" length="8" level="32"/>
        <run start="1129" length="11" level="23"/>
        <run start="1126" length="13" level="19"/>
        <run start="1123" length="15" level="17"/>
    </section>
    <section id="2336" first-pos="1602">
        <run start="1134" length="4" level="69"/>
        <run start="1132" length="8" level="36"/>
        <run start="1131" length="10" level="28"/>
        <run start="1131" length="11" level="26"/>
        <run start="1131" length="11" level="24"/>
        <run start="1132" length="10" level="27"/>
        <run start="1132" length="10" level="51"/>
    </section>
    <section id="2381" first-pos="1629">
        <run start="1098" length="9" level="63"/>
        <run start="1097" length="8" level="72"/>
        <run start="1097" length="6" level="56"/>
        <run start="1097" length="5" level="68"/>
        <run start="1097" length="6" level="93"/>
        <run start="1096" length="8" level="47"/>
        <run start="1096" length="9" level="34"/>
        <run start="1097" length="9" level="29"/>
        <run start="1097" length="9" level="39"/>
        <run start="1098" length="8" level="33"/>
        <run start="1098" length="8" level="62"/>
        <run start="1100" length="5" level="113"/>
    </section>
    <section id="2382" first-pos="1629">
        <run start="1110" length="3" level="86"/>
        <run start="1110" length="3" level="86"/>
        <run start="1110" length="3" level="86"/>
        <run start="1110" length="3" level="86"/>
        <run start="1110" length="3" level="86"/>
        <run start="1110" length="3" level="104"/>
        <run start="1111" length="2" level="154"/>
    </section>
    <section id="2352" first-pos="1611">
        <run start="1122" length="6" level="44"/>
        <run start="1122" length="6" level="53"/>
        <run start="1123" length="3" level="100"/>
    </section>
    <section id="2350" first-pos="1610">
        <run start="1124" length="5" level="52"/>
    </section>
</stick>
