<?xml version="1.0" encoding="UTF-8"?>
<stick id="1025" interline="22" shape="MEZZO_FORTE">
    <is-within-system>true</is-within-system>
    <has-ledger>false</has-ledger>
    <stem-number>0</stem-number>
    <step-line>13.023255813953488</step-line>
    <moments>
        <k>2.146694214876033</k>
        <k>2.727272727272727</k>
        <k>2.0454545454545454</k>
        <k>0.2133108230347194</k>
        <k>-0.03814809519673973</k>
        <k>0.10511872312341199</k>
        <k>0.0021542229629772512</k>
        <k>-0.03721585530376979</k>
        <k>0.01836284204520221</k>
        <k>0.009504603645078628</k>
        <k>0.3184295461581314</k>
        <k>0.017526639151776394</k>
        <k>0.01747988864059163</k>
        <k>0.001188863425041176</k>
        <k>3.706456098770319E-6</k>
        <k>4.921822911524693E-5</k>
        <k>3.954017399431448E-6</k>
        <k>1610.422521655438</k>
        <k>1386.4388835418672</k>
    </moments>
    <section id="2303" first-pos="1583">
        <run start="1379" length="4" level="139"/>
        <run start="1377" length="6" level="100"/>
        <run start="1376" length="6" level="110"/>
        <run start="1375" length="5" level="101"/>
        <run start="1375" length="4" level="65"/>
    </section>
    <section id="2309" first-pos="1588">
        <run start="1375" length="21" level="33"/>
        <run start="1375" length="20" level="33"/>
        <run start="1375" length="17" level="40"/>
        <run start="1376" length="13" level="48"/>
        <run start="1376" length="10" level="56"/>
        <run start="1376" length="8" level="90"/>
        <run start="1376" length="5" level="116"/>
        <run start="1375" length="4" level="86"/>
        <run start="1375" length="4" level="65"/>
        <run start="1375" length="4" level="65"/>
    </section>
    <section id="2305" first-pos="1585">
        <run start="1386" length="11" level="68"/>
        <run start="1383" length="14" level="42"/>
        <run start="1381" length="16" level="37"/>
    </section>
    <section id="2304" first-pos="1583">
        <run start="1393" length="3" level="140"/>
        <run start="1390" length="6" level="67"/>
    </section>
    <section id="2334" first-pos="1598">
        <run start="1375" length="21" level="28"/>
        <run start="1375" length="20" level="33"/>
        <run start="1375" length="17" level="40"/>
        <run start="1375" length="14" level="61"/>
        <run start="1376" length="10" level="72"/>
        <run start="1377" length="7" level="103"/>
        <run start="1376" length="5" level="101"/>
        <run start="1376" length="4" level="105"/>
        <run start="1375" length="4" level="86"/>
        <run start="1375" length="4" level="65"/>
    </section>
    <section id="2322" first-pos="1592">
        <run start="1393" length="3" level="174"/>
        <run start="1391" length="6" level="108"/>
        <run start="1389" length="8" level="63"/>
        <run start="1386" length="11" level="56"/>
        <run start="1383" length="14" level="42"/>
        <run start="1380" length="17" level="41"/>
    </section>
    <section id="2345" first-pos="1608">
        <run start="1375" length="22" level="26"/>
        <run start="1375" length="22" level="18"/>
        <run start="1375" length="22" level="42"/>
    </section>
    <section id="2340" first-pos="1604">
        <run start="1389" length="6" level="148"/>
        <run start="1386" length="10" level="74"/>
        <run start="1384" length="12" level="40"/>
        <run start="1381" length="16" level="45"/>
    </section>
    <section id="2353" first-pos="1611">
        <run start="1375" length="15" level="57"/>
        <run start="1376" length="11" level="79"/>
        <run start="1377" length="7" level="82"/>
        <run start="1378" length="5" level="115"/>
        <run start="1379" length="3" level="86"/>
        <run start="1379" length="3" level="86"/>
        <run start="1379" length="3" level="86"/>
        <run start="1379" length="3" level="86"/>
        <run start="1379" length="3" level="86"/>
    </section>
    <section id="2375" first-pos="1620">
        <run start="1379" length="24" level="29"/>
        <run start="1379" length="23" level="21"/>
        <run start="1378" length="22" level="27"/>
        <run start="1376" length="22" level="31"/>
        <run start="1375" length="21" level="29"/>
        <run start="1373" length="21" level="39"/>
        <run start="1371" length="20" level="42"/>
        <run start="1370" length="18" level="43"/>
        <run start="1369" length="16" level="50"/>
        <run start="1368" length="14" level="36"/>
        <run start="1367" length="15" level="72"/>
    </section>
    <section id="2338" first-pos="1603">
        <run start="1401" length="7" level="171"/>
        <run start="1400" length="9" level="64"/>
        <run start="1400" length="9" level="29"/>
        <run start="1400" length="10" level="43"/>
        <run start="1400" length="10" level="26"/>
        <run start="1400" length="11" level="49"/>
        <run start="1401" length="10" level="46"/>
        <run start="1401" length="10" level="99"/>
        <run start="1405" length="6" level="58"/>
        <run start="1403" length="7" level="82"/>
        <run start="1402" length="8" level="52"/>
        <run start="1399" length="11" level="72"/>
        <run start="1396" length="13" level="60"/>
        <run start="1392" length="16" level="56"/>
        <run start="1389" length="18" level="41"/>
        <run start="1386" length="20" level="36"/>
        <run start="1384" length="21" level="33"/>
    </section>
    <section id="2383" first-pos="1631">
        <run start="1367" length="9" level="87"/>
        <run start="1366" length="6" level="46"/>
        <run start="1366" length="5" level="79"/>
        <run start="1366" length="4" level="65"/>
        <run start="1366" length="8" level="70"/>
        <run start="1366" length="9" level="38"/>
        <run start="1366" length="9" level="29"/>
        <run start="1366" length="9" level="29"/>
        <run start="1366" length="9" level="50"/>
        <run start="1367" length="7" level="56"/>
        <run start="1368" length="5" level="114"/>
        <run start="1370" length="2" level="190"/>
    </section>
    <section id="2384" first-pos="1631">
        <run start="1379" length="3" level="86"/>
        <run start="1379" length="3" level="86"/>
        <run start="1379" length="3" level="86"/>
        <run start="1379" length="3" level="86"/>
        <run start="1379" length="3" level="86"/>
        <run start="1379" length="3" level="191"/>
    </section>
    <section id="2354" first-pos="1611">
        <run start="1391" length="6" level="105"/>
        <run start="1391" length="5" level="76"/>
        <run start="1391" length="4" level="96"/>
        <run start="1391" length="3" level="171"/>
    </section>
</stick>
