<?xml version="1.0" encoding="UTF-8" standalone="yes"?>
<samples sheet-name="IMSLP00008#1">
    <sample shape="F_CLEF" interline="22" pitch="-1.5" left="97" top="3146" id="494">
        <run-table orientation="VERTICAL" width="65" height="68">
            <runs>0 65 1</runs>
            <runs>0 65 1</runs>
            <runs>0 65 1</runs>
            <runs>0 64 2</runs>
            <runs>0 64 2</runs>
            <runs>0 64 2</runs>
            <runs>0 63 3</runs>
            <runs>0 63 3</runs>
            <runs>0 63 3</runs>
            <runs>0 11 13 39 3</runs>
            <runs>0 9 15 39 3</runs>
            <runs>0 8 18 36 6</runs>
            <runs>0 7 6 6 8 35 6</runs>
            <runs>0 5 5 9 8 35 6</runs>
            <runs>0 4 4 9 11 33 3</runs>
            <runs>0 4 3 10 11 33 3</runs>
            <runs>0 4 2 10 13 31 3</runs>
            <runs>0 2 3 11 13 31 3</runs>
            <runs>0 2 3 10 14 30 4</runs>
            <runs>0 2 2 11 14 30 3</runs>
            <runs>0 2 2 12 13 29 4</runs>
            <runs>0 2 2 12 13 29 4</runs>
            <runs>0 2 1 13 12 29 4</runs>
            <runs>0 2 1 13 11 29 5</runs>
            <runs>0 2 1 14 10 29 4</runs>
            <runs>0 2 1 15 7 30 5</runs>
            <runs>0 2 1 52 4</runs>
            <runs>0 2 1 51 5</runs>
            <runs>0 2 1 50 5</runs>
            <runs>0 2 1 49 5</runs>
            <runs>0 2 1 48 6</runs>
            <runs>0 2 1 47 6</runs>
            <runs>0 2 2 45 6</runs>
            <runs>0 2 2 44 7</runs>
            <runs>0 2 3 38 11</runs>
            <runs>0 2 3 38 11</runs>
            <runs>6 37 10</runs>
            <runs>7 34 11</runs>
            <runs>9 30 12</runs>
            <runs>10 27 13</runs>
            <runs>12 23 15</runs>
            <runs>15 15 18</runs>
            <runs>0 3 15 1 28</runs>
            <runs>0 4 43</runs>
            <runs>0 5 41</runs>
            <runs>0 6 40</runs>
            <runs>0 6 39</runs>
            <runs>0 8 33</runs>
            <runs>0 9 30</runs>
            <runs>0 10 28</runs>
            <runs>0 12 23</runs>
            <runs>0 14 19</runs>
            <runs>0 17 12</runs>
            <runs></runs>
            <runs></runs>
            <runs></runs>
            <runs>0 12 1</runs>
            <runs>0 11 5 15 5</runs>
            <runs>0 10 7 13 7</runs>
            <runs>0 9 8 13 7</runs>
            <runs>0 9 8 13 7</runs>
            <runs>0 10 7 13 7</runs>
            <runs>0 10 6 14 7</runs>
            <runs>0 11 5 14 6</runs>
            <runs>0 32 3</runs>
        </run-table>
    </sample>
    <sample shape="COMMON_TIME" interline="22" pitch="-0.1" left="566" top="443" id="223">
        <run-table orientation="VERTICAL" width="37" height="45">
            <runs>0 18 13</runs>
            <runs>0 15 19</runs>
            <runs>0 13 23</runs>
            <runs>0 11 26</runs>
            <runs>0 10 28</runs>
            <runs>0 9 31</runs>
            <runs>0 7 33</runs>
            <runs>0 7 34</runs>
            <runs>0 7 35</runs>
            <runs>0 6 13 2 6 1 17</runs>
            <runs>0 5 8 21 11</runs>
            <runs>0 4 6 28 7</runs>
            <runs>0 4 4 32 3</runs>
            <runs>0 3 4 34 2</runs>
            <runs>7</runs>
            <runs>0 1 6</runs>
            <runs>0 3 3</runs>
            <runs>0 3 2</runs>
            <runs>0 3 2</runs>
            <runs>0 3 2</runs>
            <runs>0 3 1</runs>
            <runs>0 3 1</runs>
            <runs>0 3 1</runs>
            <runs>0 3 2 11 2</runs>
            <runs>0 3 1 10 6</runs>
            <runs>0 3 2 8 8</runs>
            <runs>0 3 2 7 9 21 1</runs>
            <runs>0 4 1 7 12 18 1</runs>
            <runs>0 4 2 5 14 16 2</runs>
            <runs>0 5 1 5 10 20 2</runs>
            <runs>0 5 3 3 13 16 2</runs>
            <runs>0 6 4 1 13 14 4</runs>
            <runs>0 8 17 12 3</runs>
            <runs>0 8 13 14 5</runs>
            <runs>0 10 10 14 4</runs>
            <runs>0 12 7 13 4</runs>
            <runs>0 31 4</runs>
        </run-table>
    </sample>
    <sample shape="COMMON_TIME" interline="22" pitch="-0.1" left="562" top="658" id="229">
        <run-table orientation="VERTICAL" width="37" height="45">
            <runs>0 23 2 1 3</runs>
            <runs>0 16 16</runs>
            <runs>0 14 20</runs>
            <runs>0 13 22</runs>
            <runs>0 11 26</runs>
            <runs>0 9 29</runs>
            <runs>0 8 31</runs>
            <runs>0 7 8 1 24</runs>
            <runs>0 6 35</runs>
            <runs>0 5 40</runs>
            <runs>0 4 14 2 7 1 17</runs>
            <runs>0 4 8 23 10</runs>
            <runs>0 3 7 28 7</runs>
            <runs>0 3 5 30 7</runs>
            <runs>0 3 4 33 3</runs>
            <runs>6 35 2</runs>
            <runs>0 3 3</runs>
            <runs>0 3 2</runs>
            <runs>0 3 2</runs>
            <runs>0 3 2</runs>
            <runs>0 3 2</runs>
            <runs>0 3 2</runs>
            <runs>0 3 2</runs>
            <runs>0 3 1</runs>
            <runs>0 3 1 12 2</runs>
            <runs>0 3 1 9 7</runs>
            <runs>0 3 2 8 8</runs>
            <runs>0 3 3 6 13 17 1</runs>
            <runs>0 5 1 6 13 17 1</runs>
            <runs>0 5 2 5 12 17 2</runs>
            <runs>0 5 3 4 13 16 2</runs>
            <runs>0 6 3 3 12 16 2</runs>
            <runs>0 7 17 14 3</runs>
            <runs>0 8 16 13 3</runs>
            <runs>0 10 11 14 4</runs>
            <runs>0 11 9 14 4</runs>
            <runs>0 14 4 14 4</runs>
        </run-table>
    </sample>
</samples>
