<?xml version="1.0" encoding="UTF-8" standalone="yes"?>
<samples sheet-name="IMSLP00693#42">
    <sample shape="C_CLEF" interline="13" pitch="0.0" left="333" top="2720" id="1044">
        <run-table orientation="VERTICAL" width="41" height="58">
            <runs>0 11 1 21 24</runs>
            <runs>0 1 57</runs>
            <runs>58</runs>
            <runs>58</runs>
            <runs>58</runs>
            <runs>58</runs>
            <runs>58</runs>
            <runs>58</runs>
            <runs>0 6 1</runs>
            <runs></runs>
            <runs>0 46 2 1 8</runs>
            <runs>0 1 56</runs>
            <runs>58</runs>
            <runs>0 1 57</runs>
            <runs>0 1 13</runs>
            <runs></runs>
            <runs>0 6 5 15 9 12 10</runs>
            <runs>0 6 6 12 11 11 11</runs>
            <runs>0 2 11 10 16 6 12</runs>
            <runs>0 2 11 7 24 1 12</runs>
            <runs>0 2 12 1 29 1 12</runs>
            <runs>0 1 13 1 29 1 12</runs>
            <runs>0 1 13 7 6 5 7 6 8</runs>
            <runs>0 1 13 8 4 7 4 8 8</runs>
            <runs>0 6 8 9 1 9 4 9 7</runs>
            <runs>0 6 6 12 1 7 3 13 3</runs>
            <runs>0 8 2 13 3 6 3</runs>
            <runs>0 23 3 6 2</runs>
            <runs>0 23 3 6 3</runs>
            <runs>0 23 3 6 3</runs>
            <runs>0 23 3 6 4 14 8</runs>
            <runs>0 1 16 5 4 6 26</runs>
            <runs>0 1 25 6 25</runs>
            <runs>0 1 25 6 25</runs>
            <runs>0 1 24 8 24</runs>
            <runs>0 1 23 10 19</runs>
            <runs>0 1 23 11 18</runs>
            <runs>0 6 17 12 17</runs>
            <runs>0 7 14 18 12</runs>
            <runs>0 9 11 21 7</runs>
            <runs>0 10 7</runs>
        </run-table>
    </sample>
    <sample shape="F_CLEF" interline="13" pitch="-1.1" left="332" top="2979" id="1215">
        <run-table orientation="VERTICAL" width="44" height="48">
            <runs>0 44 4</runs>
            <runs>0 44 4</runs>
            <runs>0 6 11 27 4</runs>
            <runs>0 4 14 25 4</runs>
            <runs>0 4 15 24 4</runs>
            <runs>0 3 17 23 4</runs>
            <runs>0 3 17 23 3</runs>
            <runs>0 3 18 22 3</runs>
            <runs>0 4 1 2 14 17 8</runs>
            <runs>0 8 13 17 7</runs>
            <runs>0 7 14 17 7</runs>
            <runs>0 8 13</runs>
            <runs>0 8 13</runs>
            <runs>0 8 12</runs>
            <runs>0 9 10</runs>
            <runs>0 10 8</runs>
            <runs></runs>
            <runs>0 35 7</runs>
            <runs>0 34 8</runs>
            <runs>0 33 9</runs>
            <runs>0 31 11</runs>
            <runs>0 26 16</runs>
            <runs>0 4 1 21 16</runs>
            <runs>7 19 16</runs>
            <runs>11 9 17</runs>
            <runs>15 1 19</runs>
            <runs>0 3 31</runs>
            <runs>0 3 29</runs>
            <runs>0 4 28</runs>
            <runs>0 5 26</runs>
            <runs>0 6 24</runs>
            <runs>0 7 22</runs>
            <runs>0 8 21</runs>
            <runs>0 11 13</runs>
            <runs>0 12 9</runs>
            <runs>0 7 3 11 3</runs>
            <runs>0 6 9 5 5</runs>
            <runs>0 5 7 8 9</runs>
            <runs>0 5 7 7 10</runs>
            <runs>0 5 7 7 10</runs>
            <runs>0 5 7 8 9</runs>
            <runs>0 5 7 8 5</runs>
            <runs>0 6 5 9 5</runs>
            <runs>0 7 2</runs>
        </run-table>
    </sample>
</samples>
