<?xml version="1.0" encoding="UTF-8" standalone="yes"?>
<samples sheet-name="IMSLP00668#43">
    <sample shape="G_CLEF" interline="16" pitch="0.1" left="226" top="2206" id="813">
        <run-table orientation="VERTICAL" width="41" height="123">
            <runs>0 59 14</runs>
            <runs>0 59 19</runs>
            <runs>0 55 24 32 4</runs>
            <runs>0 54 27 26 10</runs>
            <runs>0 51 31 23 14</runs>
            <runs>0 49 20 11 4 21 15</runs>
            <runs>0 48 18 16 3 19 17</runs>
            <runs>0 43 20 20 3 17 18</runs>
            <runs>0 43 20 22 3 15 19</runs>
            <runs>0 43 20 22 4 13 21</runs>
            <runs>0 43 20 24 3 12 21</runs>
            <runs>0 42 16 30 2 12 16 1 4</runs>
            <runs>0 41 16 8 13 11 1 12 16 1 4</runs>
            <runs>0 40 15 9 17 21 16 2 3</runs>
            <runs>0 39 15 7 13 1 7 21 14 4 2</runs>
            <runs>0 37 17 6 12 8 4 20 12 5 2</runs>
            <runs>0 36 17 6 10 13 2 21 10 6 2</runs>
            <runs>0 19 1 1 31 7 10 37 8 7 2</runs>
            <runs>0 17 34 6 11 41 1 11 2</runs>
            <runs>0 15 17 1 20 1 1 2 10 53 2</runs>
            <runs>0 13 11 9 33 54 2</runs>
            <runs>0 11 10 7 19 8 11 53 3</runs>
            <runs>0 9 10 9 19 9 10 53 2</runs>
            <runs>0 8 9 12 17 10 10 52 3</runs>
            <runs>0 6 10 12 18 10 9 51 4</runs>
            <runs>0 5 10 13 14 14 9 10 20 20 4</runs>
            <runs>0 4 10 14 13 15 9 10 22 16 5</runs>
            <runs>0 3 10 14 12 17 9 23 13 1 2 3 9</runs>
            <runs>0 2 10 13 13 18 9 24 25</runs>
            <runs>0 1 10 13 12 20 10 22 7 2 14</runs>
            <runs>10 13 12 21 10 22 7</runs>
            <runs>10 11 13 22 11 20 3</runs>
            <runs>9 10 13 24 12 18 4</runs>
            <runs>0 1 9 7 15 25 12 16 4</runs>
            <runs>0 2 10 2 18 25 13 13 5</runs>
            <runs>0 5 20 33 14 10 5</runs>
            <runs>0 9 13 37 15 1 10</runs>
            <runs>0 60 25</runs>
            <runs>0 60 22</runs>
            <runs>0 59 21</runs>
            <runs>0 68 10</runs>
        </run-table>
    </sample>
    <sample shape="FLAT" interline="16" pitch="-1.6" left="311" top="931" id="631">
        <run-table orientation="VERTICAL" width="16" height="41">
            <runs>1 9 1</runs>
            <runs>32</runs>
            <runs>33 1 7</runs>
            <runs>14 2 12 6 7</runs>
            <runs>0 38 2</runs>
            <runs></runs>
            <runs></runs>
            <runs>0 31 7</runs>
            <runs>0 29 8</runs>
            <runs>0 18 20</runs>
            <runs>0 18 15</runs>
            <runs>0 18 14</runs>
            <runs>0 18 13</runs>
            <runs>0 18 11</runs>
            <runs>0 18 10</runs>
            <runs>0 23 3</runs>
        </run-table>
    </sample>
    <sample shape="FLAT" interline="16" pitch="2.3" left="328" top="1123" id="649">
        <run-table orientation="VERTICAL" width="15" height="41">
            <runs>27</runs>
            <runs>41</runs>
            <runs>8 11 10</runs>
            <runs></runs>
            <runs></runs>
            <runs>0 33 2</runs>
            <runs>0 31 8</runs>
            <runs>0 29 10</runs>
            <runs>0 18 21</runs>
            <runs>0 18 16</runs>
            <runs>0 19 14</runs>
            <runs>0 19 13</runs>
            <runs>0 19 12</runs>
            <runs>0 20 10</runs>
            <runs>0 20 7</runs>
        </run-table>
    </sample>
    <sample shape="COMMON_TIME" interline="16" pitch="-0.4" left="475" top="514" id="523">
        <run-table orientation="VERTICAL" width="31" height="36">
            <runs>0 13 9</runs>
            <runs>0 10 17</runs>
            <runs>0 7 22</runs>
            <runs>0 6 24</runs>
            <runs>0 2 29</runs>
            <runs>0 2 30</runs>
            <runs>0 2 34</runs>
            <runs>0 1 35</runs>
            <runs>0 1 35</runs>
            <runs>0 1 35</runs>
            <runs>0 1 35</runs>
            <runs>0 1 9 4 22</runs>
            <runs>0 27 9</runs>
            <runs></runs>
            <runs></runs>
            <runs></runs>
            <runs></runs>
            <runs>0 10 1</runs>
            <runs>0 7 6</runs>
            <runs>0 6 9</runs>
            <runs>16</runs>
            <runs>16</runs>
            <runs>0 1 16</runs>
            <runs>0 1 16</runs>
            <runs>0 1 16</runs>
            <runs>0 2 15 12 7</runs>
            <runs>0 2 15 11 8</runs>
            <runs>0 2 13 7 10</runs>
            <runs>0 2 12 8 9</runs>
            <runs>0 6 8 8 6</runs>
            <runs>0 10 1</runs>
        </run-table>
    </sample>
    <sample shape="COMMON_TIME" interline="16" pitch="-0.2" left="474" top="676" id="533">
        <run-table orientation="VERTICAL" width="32" height="38">
            <runs>0 14 11 1 1</runs>
            <runs>0 12 16</runs>
            <runs>0 10 21</runs>
            <runs>0 8 24</runs>
            <runs>0 7 25</runs>
            <runs>0 6 31</runs>
            <runs>0 2 35</runs>
            <runs>0 1 36</runs>
            <runs>0 2 35</runs>
            <runs>0 2 35</runs>
            <runs>0 2 36</runs>
            <runs>0 1 37</runs>
            <runs>0 1 11 19 7</runs>
            <runs>7</runs>
            <runs></runs>
            <runs></runs>
            <runs></runs>
            <runs></runs>
            <runs>0 10 4</runs>
            <runs>0 9 7</runs>
            <runs>0 7 10</runs>
            <runs>0 6 11</runs>
            <runs>0 2 19</runs>
            <runs>0 2 19</runs>
            <runs>0 2 19</runs>
            <runs>0 2 19 9 7</runs>
            <runs>0 2 20 4 11</runs>
            <runs>0 2 19 4 12</runs>
            <runs>0 2 15 7 8</runs>
            <runs>0 7 10 6 7</runs>
            <runs>0 8 8 8 4</runs>
            <runs>0 11 1</runs>
        </run-table>
    </sample>
</samples>
