<?xml version="1.0" encoding="UTF-8" standalone="yes"?>
<samples id="10">
    <sample shape="DOT_set" interline="19" left="649" top="295" id="401">
        <run-table orientation="VERTICAL" width="11" height="11">
            <runs>0 2 7</runs>
            <runs>0 1 9</runs>
            <runs>11</runs>
            <runs>11</runs>
            <runs>11</runs>
            <runs>11</runs>
            <runs>11</runs>
            <runs>11</runs>
            <runs>11</runs>
            <runs>0 1 9</runs>
            <runs>0 2 7</runs>
        </run-table>
    </sample>
    <sample shape="DOT_set" interline="19" left="1259" top="244" id="445">
        <run-table orientation="VERTICAL" width="12" height="11">
            <runs>0 3 5</runs>
            <runs>0 1 9</runs>
            <runs>0 1 9</runs>
            <runs>11</runs>
            <runs>11</runs>
            <runs>11</runs>
            <runs>11</runs>
            <runs>11</runs>
            <runs>11</runs>
            <runs>0 1 9</runs>
            <runs>0 2 7</runs>
            <runs>0 5 1</runs>
        </run-table>
    </sample>
    <sample shape="DOT_set" interline="19" left="1461" top="191" id="460">
        <run-table orientation="VERTICAL" width="7" height="5">
            <runs>0 1 3</runs>
            <runs>5</runs>
            <runs>5</runs>
            <runs>5</runs>
            <runs>5</runs>
            <runs>5</runs>
            <runs>0 2 1</runs>
        </run-table>
    </sample>
    <sample shape="DOT_set" interline="19" left="873" top="1423" id="552">
        <run-table orientation="VERTICAL" width="8" height="6">
            <runs>0 1 3</runs>
            <runs>5</runs>
            <runs>6</runs>
            <runs>6</runs>
            <runs>6</runs>
            <runs>6</runs>
            <runs>6</runs>
            <runs>5</runs>
        </run-table>
    </sample>
    <sample shape="DOT_set" interline="19" left="823" top="2329" id="687">
        <run-table orientation="VERTICAL" width="8" height="6">
            <runs>0 2 2</runs>
            <runs>0 1 4</runs>
            <runs>6</runs>
            <runs>6</runs>
            <runs>6</runs>
            <runs>6</runs>
            <runs>6</runs>
            <runs>0 1 4</runs>
        </run-table>
    </sample>
    <sample shape="G_CLEF" interline="19" left="389" top="535" id="366">
        <run-table orientation="VERTICAL" width="51" height="137">
            <runs>0 66 1 2 17</runs>
            <runs>0 65 22</runs>
            <runs>0 63 27</runs>
            <runs>0 62 30</runs>
            <runs>0 59 35</runs>
            <runs>0 57 19 12 8</runs>
            <runs>0 56 17 18 6</runs>
            <runs>0 55 16 21 6</runs>
            <runs>0 53 17 24 4 24 6</runs>
            <runs>0 52 15 28 4 21 11</runs>
            <runs>0 49 18 29 4 18 14</runs>
            <runs>0 49 17 31 4 16 16</runs>
            <runs>0 49 15 34 3 15 18</runs>
            <runs>0 49 15 34 4 14 19</runs>
            <runs>0 48 15 15 9 12 4 13 19</runs>
            <runs>0 47 15 14 12 12 4 11 21</runs>
            <runs>0 46 15 13 16 10 4 11 21</runs>
            <runs>0 45 15 12 19 10 3 11 17 1 3</runs>
            <runs>0 44 15 12 21 9 3 12 15 2 4</runs>
            <runs>0 43 15 12 14 3 6 9 2 12 15 3 3</runs>
            <runs>0 43 14 12 12 9 4 8 2 12 14 4 3</runs>
            <runs>0 42 14 12 11 13 3 7 2 13 13 4 3</runs>
            <runs>0 17 21 3 15 11 11 15 2 7 1 15 11 5 3</runs>
            <runs>0 13 42 11 12 16 2 23 9 7 2</runs>
            <runs>0 11 43 12 11 18 1 25 5 9 2</runs>
            <runs>0 9 19 1 2 8 17 10 11 57 3</runs>
            <runs>0 7 16 15 24 4 10 58 3</runs>
            <runs>0 6 15 16 28 1 10 58 3</runs>
            <runs>0 4 14 18 14 8 18 58 3</runs>
            <runs>0 3 13 19 15 13 17 53 3</runs>
            <runs>0 2 13 19 15 17 18 49 3</runs>
            <runs>0 1 13 19 15 18 26 40 3</runs>
            <runs>13 19 15 19 10 6 16 4 2 27 4</runs>
            <runs>13 18 15 20 10 9 2 1 16 26 4</runs>
            <runs>12 17 16 21 10 18 16 19 4</runs>
            <runs>12 16 16 22 10 24 16 10 6</runs>
            <runs>0 1 11 15 15 24 10 25 4 1 24</runs>
            <runs>0 2 11 12 16 25 11 24 3 9 16</runs>
            <runs>0 4 10 9 16 27 11 23 4 16 5</runs>
            <runs>0 6 11 4 16 29 12 21 5</runs>
            <runs>0 8 27 31 13 19 4</runs>
            <runs>0 11 22 33 14 17 5</runs>
            <runs>0 14 15 37 16 14 5</runs>
            <runs>0 67 17 8 8</runs>
            <runs>0 69 30</runs>
            <runs>0 70 28</runs>
            <runs>0 72 25</runs>
            <runs>0 73 22</runs>
            <runs>0 75 18</runs>
            <runs>0 78 13</runs>
            <runs>0 85 2</runs>
        </run-table>
    </sample>
    <sample shape="G_CLEF" interline="19" left="389" top="755" id="367">
        <run-table orientation="VERTICAL" width="51" height="136">
            <runs>0 66 1 2 17</runs>
            <runs>0 65 22</runs>
            <runs>0 63 27</runs>
            <runs>0 61 31</runs>
            <runs>0 58 28 1 6</runs>
            <runs>0 56 20 12 7</runs>
            <runs>0 55 18 18 5</runs>
            <runs>0 54 17 20 6</runs>
            <runs>0 52 18 23 4 25 6</runs>
            <runs>0 51 16 27 4 22 11</runs>
            <runs>0 49 17 29 4 19 14</runs>
            <runs>0 49 16 31 4 17 16</runs>
            <runs>0 49 15 33 3 16 17</runs>
            <runs>0 49 14 34 4 15 18</runs>
            <runs>0 48 14 16 9 11 4 14 18</runs>
            <runs>0 47 14 15 12 11 4 12 20</runs>
            <runs>0 46 14 14 16 9 4 12 20</runs>
            <runs>0 45 14 13 19 9 4 11 20</runs>
            <runs>0 44 14 13 15 1 5 8 4 12 15 1 4</runs>
            <runs>0 43 14 13 14 3 5 9 3 12 15 2 3</runs>
            <runs>0 43 13 13 12 9 3 8 3 12 14 3 3</runs>
            <runs>0 42 13 13 11 12 3 7 3 13 13 3 3</runs>
            <runs>0 16 22 3 14 12 11 14 2 7 1 1 1 14 11 4 3</runs>
            <runs>0 12 42 12 12 15 2 8 1 15 9 6 2</runs>
            <runs>0 10 43 13 11 17 1 26 5 8 2</runs>
            <runs>0 8 20 1 2 8 16 11 11 56 3</runs>
            <runs>0 7 16 15 23 5 10 57 3</runs>
            <runs>0 6 14 17 28 1 10 57 3</runs>
            <runs>0 4 13 19 14 7 19 57 3</runs>
            <runs>0 3 12 20 15 13 17 52 3</runs>
            <runs>0 2 12 20 15 17 18 48 3</runs>
            <runs>0 1 12 20 15 18 26 40 2</runs>
            <runs>12 20 15 19 10 6 15 4 3 27 3</runs>
            <runs>12 19 15 20 10 9 2 1 16 26 3</runs>
            <runs>11 18 16 21 10 17 17 19 4</runs>
            <runs>11 17 16 22 10 23 17 10 6</runs>
            <runs>0 1 10 16 15 24 10 24 5 1 24</runs>
            <runs>0 2 10 13 16 25 11 23 4 9 16</runs>
            <runs>0 4 9 10 16 27 11 22 5 16 5</runs>
            <runs>0 6 10 4 17 29 12 20 6</runs>
            <runs>0 8 27 31 13 18 4</runs>
            <runs>0 10 23 33 14 16 5</runs>
            <runs>0 13 16 37 16 13 5</runs>
            <runs>0 67 17 7 8</runs>
            <runs>0 69 16 2 11</runs>
            <runs>0 70 27</runs>
            <runs>0 72 24</runs>
            <runs>0 73 21</runs>
            <runs>0 75 17</runs>
            <runs>0 78 13</runs>
            <runs>0 85 2</runs>
        </run-table>
    </sample>
    <sample shape="G_CLEF" interline="19" left="168" top="1368" id="508">
        <run-table orientation="VERTICAL" width="51" height="137">
            <runs>0 66 1 2 17</runs>
            <runs>0 65 22</runs>
            <runs>0 63 27</runs>
            <runs>0 61 31</runs>
            <runs>0 59 25 1 8</runs>
            <runs>0 58 22 5 9</runs>
            <runs>0 56 20 12 8</runs>
            <runs>0 55 18 18 6</runs>
            <runs>0 55 16 21 6</runs>
            <runs>0 53 17 24 4 24 6</runs>
            <runs>0 52 15 28 3 22 11</runs>
            <runs>0 49 17 30 3 19 14</runs>
            <runs>0 49 16 32 3 17 16</runs>
            <runs>0 49 15 33 3 16 18</runs>
            <runs>0 49 14 34 4 15 19</runs>
            <runs>0 48 14 16 9 11 4 14 19</runs>
            <runs>0 47 14 15 12 11 3 13 21</runs>
            <runs>0 46 14 14 16 9 3 13 21</runs>
            <runs>0 45 14 13 19 9 3 12 17 1 3</runs>
            <runs>0 44 14 13 21 8 3 13 15 2 4</runs>
            <runs>0 43 14 13 14 3 6 8 3 12 15 3 3</runs>
            <runs>0 43 13 13 12 9 4 7 3 12 14 4 3</runs>
            <runs>0 42 14 12 11 13 3 6 3 13 13 4 3</runs>
            <runs>0 16 22 3 15 11 11 15 2 6 1 1 1 14 11 5 3</runs>
            <runs>0 13 42 11 12 16 2 7 1 15 9 7 2</runs>
            <runs>0 11 43 12 11 18 1 25 5 9 2</runs>
            <runs>0 9 19 1 2 8 17 10 11 57 3</runs>
            <runs>0 7 16 15 23 5 10 58 3</runs>
            <runs>0 6 14 17 28 1 10 58 3</runs>
            <runs>0 4 13 19 14 7 19 58 3</runs>
            <runs>0 3 12 20 15 13 17 53 3</runs>
            <runs>0 2 13 19 15 17 18 49 3</runs>
            <runs>0 1 13 19 15 18 26 40 3</runs>
            <runs>13 19 15 19 10 6 16 3 3 27 4</runs>
            <runs>13 18 15 20 10 9 2 1 16 26 4</runs>
            <runs>12 18 15 21 10 18 16 19 4</runs>
            <runs>12 16 16 22 10 23 17 10 6</runs>
            <runs>0 1 11 15 15 24 10 24 5 1 24</runs>
            <runs>0 2 11 12 16 25 11 23 4 9 16</runs>
            <runs>0 4 10 9 16 27 11 22 5 16 5</runs>
            <runs>0 6 31 29 13 18 7</runs>
            <runs>0 11 20 1 1 33 14 17 4</runs>
            <runs>0 14 17 35 16 14 4</runs>
            <runs>0 67 17 8 7</runs>
            <runs>0 69 29</runs>
            <runs>0 70 28</runs>
            <runs>0 72 25</runs>
            <runs>0 73 22</runs>
            <runs>0 75 18</runs>
            <runs>0 78 13</runs>
            <runs>0 85 2</runs>
        </run-table>
    </sample>
    <sample shape="G_CLEF" interline="19" left="168" top="1624" id="509">
        <run-table orientation="VERTICAL" width="52" height="136">
            <runs>0 67 17 1 2</runs>
            <runs>0 66 22</runs>
            <runs>0 63 26</runs>
            <runs>0 61 30</runs>
            <runs>0 59 33</runs>
            <runs>0 58 22 4 1 2 6</runs>
            <runs>0 56 20 12 7</runs>
            <runs>0 55 18 17 6</runs>
            <runs>0 54 17 20 6</runs>
            <runs>0 52 18 23 4 25 6</runs>
            <runs>0 51 16 27 4 22 10</runs>
            <runs>0 48 18 29 4 19 13</runs>
            <runs>0 48 17 31 4 17 15</runs>
            <runs>0 48 16 33 3 16 17</runs>
            <runs>0 48 15 34 4 15 18</runs>
            <runs>0 48 14 16 9 11 4 14 18</runs>
            <runs>0 47 14 15 12 11 4 12 20</runs>
            <runs>0 46 14 14 15 10 4 12 20</runs>
            <runs>0 45 14 13 18 10 4 11 16 1 3</runs>
            <runs>0 44 14 13 20 9 4 12 14 2 4</runs>
            <runs>0 43 14 13 14 4 4 9 3 12 14 3 3</runs>
            <runs>0 43 13 12 13 8 4 8 3 12 14 3 3</runs>
            <runs>0 42 13 12 12 12 3 7 3 13 13 3 3</runs>
            <runs>0 16 22 3 14 11 12 14 2 7 1 1 1 14 11 4 3</runs>
            <runs>0 12 42 12 12 15 2 8 1 15 9 6 2</runs>
            <runs>0 10 43 13 11 17 1 26 5 8 2</runs>
            <runs>0 8 20 1 2 8 16 11 11 56 3</runs>
            <runs>0 6 17 15 23 5 10 57 3</runs>
            <runs>0 6 14 17 28 1 10 57 3</runs>
            <runs>0 4 13 19 13 8 19 57 3</runs>
            <runs>0 3 12 20 14 14 17 52 3</runs>
            <runs>0 2 12 20 15 17 22 44 3</runs>
            <runs>0 1 12 20 15 18 25 40 3</runs>
            <runs>12 20 15 19 10 6 15 4 3 26 4</runs>
            <runs>12 19 15 20 10 9 19 25 4</runs>
            <runs>11 19 15 21 10 17 17 19 3</runs>
            <runs>11 17 16 22 10 23 17 10 5</runs>
            <runs>0 1 10 16 15 24 10 24 5 1 24</runs>
            <runs>0 2 10 13 16 25 11 23 4 9 16</runs>
            <runs>0 4 9 10 16 27 11 22 5 16 5</runs>
            <runs>0 6 31 29 13 18 7</runs>
            <runs>0 10 21 1 1 33 14 16 5</runs>
            <runs>0 13 18 35 16 13 5</runs>
            <runs>0 67 18 6 8</runs>
            <runs>0 69 18 1 10</runs>
            <runs>0 70 27</runs>
            <runs>0 72 24</runs>
            <runs>0 73 21</runs>
            <runs>0 75 17</runs>
            <runs>0 78 12</runs>
            <runs>0 86 2</runs>
            <runs>0 86 1</runs>
        </run-table>
    </sample>
    <sample shape="G_CLEF" interline="19" left="168" top="2274" id="634">
        <run-table orientation="VERTICAL" width="51" height="137">
            <runs>0 67 19</runs>
            <runs>0 66 21</runs>
            <runs>0 63 27</runs>
            <runs>0 61 31</runs>
            <runs>0 59 25 1 8</runs>
            <runs>0 58 22 5 9</runs>
            <runs>0 57 19 12 8</runs>
            <runs>0 56 17 18 6</runs>
            <runs>0 55 16 21 6</runs>
            <runs>0 53 17 24 4 24 6</runs>
            <runs>0 52 15 28 4 21 11</runs>
            <runs>0 49 17 30 3 19 14</runs>
            <runs>0 49 16 32 3 17 16</runs>
            <runs>0 49 15 34 2 16 18</runs>
            <runs>0 49 14 35 3 15 19</runs>
            <runs>0 48 14 16 9 11 4 14 19</runs>
            <runs>0 47 14 15 12 11 3 13 21</runs>
            <runs>0 46 14 14 16 9 3 13 21</runs>
            <runs>0 45 14 13 19 9 3 12 17 1 3</runs>
            <runs>0 44 14 13 21 8 3 13 15 2 4</runs>
            <runs>0 43 15 12 14 3 6 8 3 12 15 3 3</runs>
            <runs>0 43 14 11 13 9 4 7 3 12 14 4 3</runs>
            <runs>0 42 14 11 12 13 3 6 3 13 13 4 3</runs>
            <runs>0 16 22 3 15 10 12 15 2 6 3 14 11 5 3</runs>
            <runs>0 13 42 11 12 16 2 6 2 15 9 7 2</runs>
            <runs>0 11 43 12 11 18 1 7 1 17 5 9 2</runs>
            <runs>0 9 19 1 2 8 17 10 11 26 1 30 3</runs>
            <runs>0 7 16 15 23 5 10 58 3</runs>
            <runs>0 6 14 17 28 1 10 58 3</runs>
            <runs>0 4 13 19 14 7 19 58 3</runs>
            <runs>0 3 13 19 15 13 17 53 3</runs>
            <runs>0 2 13 19 15 17 18 49 3</runs>
            <runs>0 1 13 19 15 18 26 40 3</runs>
            <runs>13 19 15 19 10 6 16 3 3 27 4</runs>
            <runs>13 18 15 20 10 9 2 1 16 26 4</runs>
            <runs>12 18 15 21 10 18 16 19 4</runs>
            <runs>12 16 16 22 10 23 17 10 6</runs>
            <runs>0 1 11 15 15 24 10 24 5 1 24</runs>
            <runs>0 2 11 12 16 25 11 23 4 9 16</runs>
            <runs>0 4 10 9 16 27 11 22 5 16 5</runs>
            <runs>0 6 31 29 13 19 6</runs>
            <runs>0 11 20 1 1 33 14 17 4</runs>
            <runs>0 14 17 35 16 14 4</runs>
            <runs>0 67 17 8 7</runs>
            <runs>0 69 30</runs>
            <runs>0 70 28</runs>
            <runs>0 72 25</runs>
            <runs>0 73 22</runs>
            <runs>0 75 18</runs>
            <runs>0 78 13</runs>
            <runs>0 85 2</runs>
        </run-table>
    </sample>
    <sample shape="G_CLEF" interline="19" left="168" top="2512" id="635">
        <run-table orientation="VERTICAL" width="51" height="137">
            <runs>0 69 17</runs>
            <runs>0 66 21</runs>
            <runs>0 64 26</runs>
            <runs>0 62 30</runs>
            <runs>0 60 24 1 8</runs>
            <runs>0 59 21 5 9</runs>
            <runs>0 57 19 12 8</runs>
            <runs>0 56 17 18 6</runs>
            <runs>0 55 16 21 6</runs>
            <runs>0 53 17 24 4 24 6</runs>
            <runs>0 52 15 28 4 21 11</runs>
            <runs>0 49 18 29 4 18 14</runs>
            <runs>0 49 17 31 4 16 16</runs>
            <runs>0 49 16 33 3 15 18</runs>
            <runs>0 49 15 34 4 14 19</runs>
            <runs>0 48 15 15 9 12 4 13 19</runs>
            <runs>0 47 15 14 12 12 4 11 21</runs>
            <runs>0 46 15 13 16 10 4 11 21</runs>
            <runs>0 45 15 12 19 10 4 10 17 1 3</runs>
            <runs>0 44 15 12 21 9 4 11 15 2 4</runs>
            <runs>0 43 15 12 14 3 6 9 3 11 15 3 3</runs>
            <runs>0 43 14 12 12 9 4 8 3 11 14 4 3</runs>
            <runs>0 42 14 12 11 13 3 7 3 12 13 4 3</runs>
            <runs>0 17 21 3 15 11 11 15 2 7 1 1 1 13 11 5 3</runs>
            <runs>0 13 42 11 12 16 2 8 1 14 9 7 2</runs>
            <runs>0 11 43 12 11 18 1 25 5 9 2</runs>
            <runs>0 9 19 1 2 8 17 10 11 57 3</runs>
            <runs>0 7 17 14 24 4 10 58 3</runs>
            <runs>0 6 15 16 39 58 3</runs>
            <runs>0 4 14 18 14 8 18 58 3</runs>
            <runs>0 3 13 19 15 14 16 53 3</runs>
            <runs>0 2 13 19 15 17 18 49 3</runs>
            <runs>0 1 13 19 15 18 26 40 3</runs>
            <runs>13 19 15 19 10 6 16 4 3 26 4</runs>
            <runs>13 18 15 20 10 9 2 1 18 24 4</runs>
            <runs>12 18 15 21 10 18 16 19 4</runs>
            <runs>12 16 16 22 10 24 16 10 6</runs>
            <runs>0 1 11 15 15 24 10 25 5 1 23</runs>
            <runs>0 2 11 12 16 25 11 24 4 8 16</runs>
            <runs>0 4 10 10 15 27 11 23 5 15 5</runs>
            <runs>0 6 31 29 13 19 7</runs>
            <runs>0 11 20 1 1 33 14 17 5</runs>
            <runs>0 14 17 35 16 14 5</runs>
            <runs>0 67 17 8 8</runs>
            <runs>0 69 30</runs>
            <runs>0 70 28</runs>
            <runs>0 72 25</runs>
            <runs>0 73 22</runs>
            <runs>0 75 18</runs>
            <runs>0 78 13</runs>
            <runs>0 85 2</runs>
        </run-table>
    </sample>
    <sample shape="F_CLEF" interline="19" left="389" top="1006" id="806">
        <run-table orientation="VERTICAL" width="52" height="60">
            <runs>0 59 1</runs>
            <runs>0 58 2</runs>
            <runs>0 58 2</runs>
            <runs>0 12 6 39 3</runs>
            <runs>0 6 16 35 3</runs>
            <runs>0 5 18 33 3</runs>
            <runs>0 5 19 32 3</runs>
            <runs>0 4 3 4 14 30 4</runs>
            <runs>0 3 3 4 15 30 3</runs>
            <runs>0 2 4 4 15 30 3</runs>
            <runs>0 2 3 5 15 29 4</runs>
            <runs>0 1 3 6 15 29 3</runs>
            <runs>4 6 15 28 4</runs>
            <runs>3 7 15 28 4</runs>
            <runs>3 7 15 26 5</runs>
            <runs>2 8 15 26 5</runs>
            <runs>1 10 13 26 5</runs>
            <runs>1 11 11 26 6</runs>
            <runs>0 14 7 27 7</runs>
            <runs>0 47 7</runs>
            <runs>0 46 8</runs>
            <runs>0 45 9</runs>
            <runs>1 43 9</runs>
            <runs>3 39 9</runs>
            <runs>3 38 10</runs>
            <runs>4 35 11</runs>
            <runs>5 32 12</runs>
            <runs>6 28 14</runs>
            <runs>8 23 16</runs>
            <runs>11 16 20</runs>
            <runs>0 1 45</runs>
            <runs>0 2 43</runs>
            <runs>0 2 41</runs>
            <runs>0 3 39</runs>
            <runs>0 4 37</runs>
            <runs>0 5 34</runs>
            <runs>0 5 32</runs>
            <runs>0 6 30</runs>
            <runs>0 8 25</runs>
            <runs>0 9 22</runs>
            <runs>0 12 16</runs>
            <runs>0 16 6</runs>
            <runs>0 17 2</runs>
            <runs></runs>
            <runs>0 5 5 15 4</runs>
            <runs>0 5 6 12 7</runs>
            <runs>0 5 7 11 8</runs>
            <runs>0 5 7 10 9</runs>
            <runs>0 4 8 10 9</runs>
            <runs>0 5 7 10 9</runs>
            <runs>0 5 7 11 8</runs>
            <runs>0 6 3 16 3</runs>
        </run-table>
    </sample>
    <sample shape="F_CLEF" interline="19" left="168" top="1875" id="808">
        <run-table orientation="VERTICAL" width="53" height="61">
            <runs>0 60 1</runs>
            <runs>0 59 2</runs>
            <runs>0 59 2</runs>
            <runs>0 13 6 39 3</runs>
            <runs>0 9 13 36 3</runs>
            <runs>0 7 16 35 2</runs>
            <runs>0 6 18 33 3</runs>
            <runs>0 5 20 32 3</runs>
            <runs>0 4 4 4 14 30 4</runs>
            <runs>0 3 4 4 15 30 3</runs>
            <runs>0 2 4 5 15 30 3</runs>
            <runs>0 1 4 6 15 29 4</runs>
            <runs>4 7 15 29 3</runs>
            <runs>4 7 15 29 3</runs>
            <runs>2 9 15 28 4</runs>
            <runs>1 10 15 26 5</runs>
            <runs>0 11 15 26 5</runs>
            <runs>0 12 13 26 5</runs>
            <runs>0 13 11 26 6</runs>
            <runs>0 15 3 1 3 27 7</runs>
            <runs>0 48 7</runs>
            <runs>0 46 9</runs>
            <runs>0 45 10</runs>
            <runs>0 44 10</runs>
            <runs>0 43 9</runs>
            <runs>2 40 10</runs>
            <runs>4 36 11</runs>
            <runs>5 33 12</runs>
            <runs>7 28 14</runs>
            <runs>9 23 16</runs>
            <runs>12 16 19</runs>
            <runs>16 1 29</runs>
            <runs>0 1 44</runs>
            <runs>0 2 42</runs>
            <runs>0 3 40</runs>
            <runs>0 4 38</runs>
            <runs>0 5 35</runs>
            <runs>0 6 32</runs>
            <runs>0 7 30</runs>
            <runs>0 9 25</runs>
            <runs>0 10 22</runs>
            <runs>0 17 6</runs>
            <runs>0 17 2</runs>
            <runs></runs>
            <runs>0 6 5 15 4</runs>
            <runs>0 5 7 12 7</runs>
            <runs>0 5 8 11 8</runs>
            <runs>0 5 8 10 9</runs>
            <runs>0 4 9 10 9</runs>
            <runs>0 5 8 10 9</runs>
            <runs>0 5 8 11 8</runs>
            <runs>0 6 6 13 6</runs>
            <runs>0 7 3 16 3</runs>
        </run-table>
    </sample>
    <sample shape="F_CLEF" interline="19" left="168" top="2782" id="811">
        <run-table orientation="VERTICAL" width="53" height="60">
            <runs>0 59 1</runs>
            <runs>0 58 2</runs>
            <runs>0 58 2</runs>
            <runs>0 12 6 39 3</runs>
            <runs>0 8 13 36 3</runs>
            <runs>0 6 16 35 2</runs>
            <runs>0 5 18 33 3</runs>
            <runs>0 4 20 32 3</runs>
            <runs>0 3 4 4 14 30 4</runs>
            <runs>0 3 3 4 15 30 3</runs>
            <runs>0 1 4 5 15 30 3</runs>
            <runs>4 6 15 29 4</runs>
            <runs>4 6 15 29 3</runs>
            <runs>4 6 15 29 3</runs>
            <runs>3 7 15 28 4</runs>
            <runs>3 7 15 26 5</runs>
            <runs>1 9 15 26 5</runs>
            <runs>0 11 13 26 5</runs>
            <runs>0 12 11 26 6</runs>
            <runs>0 14 3 1 3 27 7</runs>
            <runs>0 47 7</runs>
            <runs>0 45 9</runs>
            <runs>0 44 10</runs>
            <runs>0 44 9</runs>
            <runs>1 1 1 39 9</runs>
            <runs>3 38 10</runs>
            <runs>4 35 11</runs>
            <runs>4 33 12</runs>
            <runs>6 28 14</runs>
            <runs>8 23 16</runs>
            <runs>11 16 19</runs>
            <runs>15 1 29</runs>
            <runs>45</runs>
            <runs>0 1 42</runs>
            <runs>0 3 39</runs>
            <runs>0 3 38</runs>
            <runs>0 4 35</runs>
            <runs>0 5 32</runs>
            <runs>0 6 30</runs>
            <runs>0 8 25</runs>
            <runs>0 9 22</runs>
            <runs>0 16 6</runs>
            <runs>0 16 2</runs>
            <runs></runs>
            <runs>0 5 5 15 4</runs>
            <runs>0 4 7 12 7</runs>
            <runs>0 4 8 11 8</runs>
            <runs>0 4 8 10 9</runs>
            <runs>0 3 9 10 9</runs>
            <runs>0 4 8 10 9</runs>
            <runs>0 4 8 11 8</runs>
            <runs>0 5 6 13 6</runs>
            <runs>0 6 3 16 3</runs>
        </run-table>
    </sample>
    <sample shape="FLAT" interline="19" left="1798" top="2741" id="768">
        <run-table orientation="VERTICAL" width="16" height="41">
            <runs>41</runs>
            <runs>41</runs>
            <runs>0 21 8 9 2</runs>
            <runs>0 21 4 12 3</runs>
            <runs>0 20 4 12 4</runs>
            <runs>0 20 3 12 4</runs>
            <runs>0 19 5 10 5</runs>
            <runs>0 19 5 9 5</runs>
            <runs>0 19 7 5 6</runs>
            <runs>0 19 17</runs>
            <runs>0 19 17</runs>
            <runs>0 19 16</runs>
            <runs>0 20 14</runs>
            <runs>0 20 13</runs>
            <runs>0 22 10</runs>
            <runs>0 23 7</runs>
        </run-table>
    </sample>
    <sample shape="NATURAL" interline="19" left="769" top="2761" id="678">
        <run-table orientation="VERTICAL" width="15" height="57">
            <runs>43</runs>
            <runs>43</runs>
            <runs>43</runs>
            <runs>0 17 5 1 1 13 5</runs>
            <runs>0 16 6 1 1 10 1 2 5</runs>
            <runs>0 16 6 1 1 10 8</runs>
            <runs>0 16 6 1 1 10 8</runs>
            <runs>0 16 6 12 7</runs>
            <runs>0 15 7 11 8</runs>
            <runs>0 15 7 11 8</runs>
            <runs>0 15 7 11 8</runs>
            <runs>0 14 43</runs>
            <runs>0 14 43</runs>
            <runs>0 14 43</runs>
            <runs>0 35 2</runs>
        </run-table>
    </sample>
    <sample shape="NATURAL" interline="19" left="1926" top="2698" id="779">
        <run-table orientation="VERTICAL" width="13" height="55">
            <runs>43</runs>
            <runs>43</runs>
            <runs>0 16 7 12 7</runs>
            <runs>0 15 8 11 8</runs>
            <runs>0 15 8 11 8</runs>
            <runs>0 15 8 11 8</runs>
            <runs>0 15 7 12 7</runs>
            <runs>0 14 8 11 8</runs>
            <runs>0 14 8 11 8</runs>
            <runs>0 14 8 11 8</runs>
            <runs>0 13 42</runs>
            <runs>0 13 42</runs>
            <runs>0 13 42</runs>
        </run-table>
    </sample>
    <sample shape="NATURAL" interline="19" left="1645" top="2505" id="1199">
        <run-table orientation="VERTICAL" width="14" height="57">
            <runs>43</runs>
            <runs>43</runs>
            <runs>0 17 7 13 5</runs>
            <runs>0 16 8 10 1 2 5</runs>
            <runs>0 16 8 10 8</runs>
            <runs>0 16 8 10 8</runs>
            <runs>0 16 7 11 7</runs>
            <runs>0 15 8 10 8</runs>
            <runs>0 15 8 10 8</runs>
            <runs>0 15 8 10 8</runs>
            <runs>0 14 43</runs>
            <runs>0 14 43</runs>
            <runs>0 14 43</runs>
            <runs>0 35 2</runs>
        </run-table>
    </sample>
    <sample shape="SHARP" interline="19" left="460" top="540" id="372">
        <run-table orientation="VERTICAL" width="18" height="49">
            <runs>0 15 7 11 8</runs>
            <runs>0 15 7 10 9</runs>
            <runs>0 14 8 10 9</runs>
            <runs>0 2 22 1 18</runs>
            <runs>0 2 22 1 18</runs>
            <runs>0 2 22 1 18</runs>
            <runs>0 13 7 11 8</runs>
            <runs>0 13 7 11 8</runs>
            <runs>0 12 8 10 9</runs>
            <runs>0 12 7 11 8</runs>
            <runs>0 12 7 11 8</runs>
            <runs>0 11 8 10 9</runs>
            <runs>48</runs>
            <runs>49</runs>
            <runs>49</runs>
            <runs>0 10 8 10 8</runs>
            <runs>0 10 8 10 8</runs>
            <runs>0 9 9 8 10</runs>
        </run-table>
    </sample>
    <sample shape="SHARP" interline="19" left="460" top="760" id="373">
        <run-table orientation="VERTICAL" width="18" height="48">
            <runs>0 14 8 11 8</runs>
            <runs>0 14 8 10 9</runs>
            <runs>0 13 9 10 9</runs>
            <runs>0 2 22 1 18</runs>
            <runs>0 2 22 1 18</runs>
            <runs>0 2 22 1 18</runs>
            <runs>0 12 8 11 8</runs>
            <runs>0 12 8 11 8</runs>
            <runs>0 11 9 10 9</runs>
            <runs>0 11 8 11 8</runs>
            <runs>0 11 8 11 8</runs>
            <runs>0 10 9 10 9</runs>
            <runs>47</runs>
            <runs>48</runs>
            <runs>48</runs>
            <runs>0 9 8 11 8</runs>
            <runs>0 9 8 11 8</runs>
            <runs>0 8 9 9 10</runs>
        </run-table>
    </sample>
    <sample shape="SHARP" interline="19" left="460" top="998" id="374">
        <run-table orientation="VERTICAL" width="18" height="50">
            <runs>0 14 8 11 8</runs>
            <runs>0 14 8 10 9</runs>
            <runs>0 13 9 10 9</runs>
            <runs>0 2 22 1 25</runs>
            <runs>0 2 22 1 25</runs>
            <runs>0 2 22 1 25</runs>
            <runs>0 13 7 11 8</runs>
            <runs>0 13 7 11 8</runs>
            <runs>0 12 8 10 9</runs>
            <runs>0 12 7 11 8</runs>
            <runs>0 12 7 11 8</runs>
            <runs>0 11 8 10 9</runs>
            <runs>48</runs>
            <runs>49</runs>
            <runs>49</runs>
            <runs>0 10 7 11 8</runs>
            <runs>0 10 7 11 8</runs>
            <runs>0 8 9 9 10</runs>
        </run-table>
    </sample>
    <sample shape="SHARP" interline="19" left="476" top="565" id="377">
        <run-table orientation="VERTICAL" width="22" height="52">
            <runs>0 19 1</runs>
            <runs>0 19 2</runs>
            <runs>0 19 3</runs>
            <runs>0 19 3</runs>
            <runs>0 19 3</runs>
            <runs>0 17 8 10 8</runs>
            <runs>0 17 8 10 8</runs>
            <runs>0 16 9 10 8</runs>
            <runs>0 4 48</runs>
            <runs>0 4 16 1 31</runs>
            <runs>0 15 5 2 1 12 6</runs>
            <runs>0 15 5 2 1 12 6</runs>
            <runs>0 14 6 2 1 12 6</runs>
            <runs>0 14 6 15 5</runs>
            <runs>0 14 6 15 5</runs>
            <runs>0 13 7 12 8</runs>
            <runs>50</runs>
            <runs>51</runs>
            <runs>51</runs>
            <runs>0 12 8 11 5</runs>
            <runs>0 12 8 11 5</runs>
            <runs>0 11 9 10 6</runs>
        </run-table>
    </sample>
    <sample shape="SHARP" interline="19" left="477" top="785" id="378">
        <run-table orientation="VERTICAL" width="21" height="52">
            <runs>0 19 1</runs>
            <runs>0 19 2</runs>
            <runs>0 19 2</runs>
            <runs>0 19 2</runs>
            <runs>0 17 7 11 8</runs>
            <runs>0 17 7 11 8</runs>
            <runs>0 16 8 11 8</runs>
            <runs>0 4 48</runs>
            <runs>0 4 48</runs>
            <runs>0 15 5 1 1 13 6</runs>
            <runs>0 15 5 1 1 13 6</runs>
            <runs>0 14 6 1 1 10 9</runs>
            <runs>0 14 6 12 8</runs>
            <runs>0 14 6 12 8</runs>
            <runs>0 13 7 11 9</runs>
            <runs>50</runs>
            <runs>51</runs>
            <runs>51</runs>
            <runs>0 12 8 10 6</runs>
            <runs>0 12 8 10 6</runs>
            <runs>0 11 9 9 7</runs>
        </run-table>
    </sample>
    <sample shape="SHARP" interline="19" left="481" top="1023" id="379">
        <run-table orientation="VERTICAL" width="17" height="52">
            <runs>0 17 8 10 8</runs>
            <runs>0 17 8 10 8</runs>
            <runs>0 17 8 10 8</runs>
            <runs>0 4 48</runs>
            <runs>0 4 48</runs>
            <runs>0 17 6 12 6</runs>
            <runs>0 17 6 12 6</runs>
            <runs>0 14 9 9 9</runs>
            <runs>0 14 8 10 8</runs>
            <runs>0 14 8 10 8</runs>
            <runs>0 13 9 9 9</runs>
            <runs>50</runs>
            <runs>51</runs>
            <runs>51</runs>
            <runs>0 12 6 12 6</runs>
            <runs>0 12 6 12 6</runs>
            <runs>0 11 7 11 7</runs>
        </run-table>
    </sample>
    <sample shape="SHARP" interline="19" left="498" top="988" id="380">
        <run-table orientation="VERTICAL" width="21" height="50">
            <runs>0 18 2 16 2</runs>
            <runs>0 18 2 16 2</runs>
            <runs>0 18 2 16 2</runs>
            <runs>0 15 8 10 8</runs>
            <runs>0 15 8 9 9</runs>
            <runs>0 14 9 9 9</runs>
            <runs>0 2 48</runs>
            <runs>0 2 48</runs>
            <runs>0 2 48</runs>
            <runs>0 13 6 1 1 10 6 1 1</runs>
            <runs>0 13 6 1 1 10 6 1 1</runs>
            <runs>0 12 7 1 1 9 7 1 1</runs>
            <runs>0 12 7 11 7</runs>
            <runs>0 12 7 11 7</runs>
            <runs>0 11 8 10 8</runs>
            <runs>48</runs>
            <runs>49</runs>
            <runs>49</runs>
            <runs>0 10 9 9 9</runs>
            <runs>0 10 9 9 9</runs>
            <runs>0 9 10 8 10</runs>
        </run-table>
    </sample>
    <sample shape="SHARP" interline="19" left="501" top="531" id="381">
        <run-table orientation="VERTICAL" width="18" height="50">
            <runs>0 15 8 10 8</runs>
            <runs>0 15 8 10 8</runs>
            <runs>0 14 9 10 8</runs>
            <runs>0 2 48</runs>
            <runs>0 2 48</runs>
            <runs>0 2 48</runs>
            <runs>0 13 8 12 6</runs>
            <runs>0 13 8 12 6</runs>
            <runs>0 12 9 9 9</runs>
            <runs>0 12 8 10 8</runs>
            <runs>0 12 8 10 8</runs>
            <runs>0 11 9 9 9</runs>
            <runs>48</runs>
            <runs>49</runs>
            <runs>49</runs>
            <runs>0 10 8 10 6</runs>
            <runs>0 10 8 10 6</runs>
            <runs>0 9 9 9 7</runs>
        </run-table>
    </sample>
    <sample shape="SHARP" interline="19" left="501" top="751" id="382">
        <run-table orientation="VERTICAL" width="18" height="50">
            <runs>0 14 8 11 8</runs>
            <runs>0 14 8 11 8</runs>
            <runs>0 13 9 11 8</runs>
            <runs>0 2 48</runs>
            <runs>0 2 48</runs>
            <runs>0 2 48</runs>
            <runs>0 12 8 13 6</runs>
            <runs>0 12 8 13 6</runs>
            <runs>0 12 8 10 9</runs>
            <runs>0 12 7 11 8</runs>
            <runs>0 12 7 11 8</runs>
            <runs>0 11 8 10 9</runs>
            <runs>48</runs>
            <runs>49</runs>
            <runs>49</runs>
            <runs>0 10 7 11 6</runs>
            <runs>0 10 7 11 6</runs>
            <runs>0 9 8 10 7</runs>
        </run-table>
    </sample>
    <sample shape="SHARP" interline="19" left="792" top="979" id="420">
        <run-table orientation="VERTICAL" width="17" height="49">
            <runs>0 15 8 10 8</runs>
            <runs>0 15 8 9 9</runs>
            <runs>0 14 9 9 9</runs>
            <runs>0 2 23 1 17</runs>
            <runs>0 2 23 1 17</runs>
            <runs>0 2 23 1 17</runs>
            <runs>0 13 8 11 7</runs>
            <runs>0 13 8 11 7</runs>
            <runs>0 12 9 10 8</runs>
            <runs>0 12 8 11 7</runs>
            <runs>0 12 8 11 7</runs>
            <runs>0 11 9 10 8</runs>
            <runs>48</runs>
            <runs>49</runs>
            <runs>49</runs>
            <runs>0 10 8 11 7</runs>
            <runs>0 9 9 9 9</runs>
        </run-table>
    </sample>
    <sample shape="SHARP" interline="19" left="1271" top="769" id="446">
        <run-table orientation="VERTICAL" width="18" height="50">
            <runs>0 15 8 10 8</runs>
            <runs>0 15 8 10 8</runs>
            <runs>0 15 8 10 8</runs>
            <runs>0 2 48</runs>
            <runs>0 2 48</runs>
            <runs>0 2 48</runs>
            <runs>0 15 6 12 6</runs>
            <runs>0 15 6 12 6</runs>
            <runs>0 12 9 10 8</runs>
            <runs>0 12 8 11 7</runs>
            <runs>0 12 8 11 7</runs>
            <runs>0 11 9 10 8</runs>
            <runs>48</runs>
            <runs>49</runs>
            <runs>49</runs>
            <runs>0 10 6 13 5</runs>
            <runs>0 10 6 13 5</runs>
            <runs>0 9 7 12 6</runs>
        </run-table>
    </sample>
    <sample shape="SHARP" interline="19" left="1473" top="833" id="462">
        <run-table orientation="VERTICAL" width="18" height="50">
            <runs>0 14 8 11 8</runs>
            <runs>0 14 8 10 9</runs>
            <runs>0 13 9 10 9</runs>
            <runs>0 2 22 1 25</runs>
            <runs>0 2 22 1 25</runs>
            <runs>0 2 22 1 25</runs>
            <runs>0 13 7 11 8</runs>
            <runs>0 13 7 11 8</runs>
            <runs>0 12 8 10 9</runs>
            <runs>0 12 7 11 8</runs>
            <runs>0 12 7 11 8</runs>
            <runs>0 11 8 10 9</runs>
            <runs>48</runs>
            <runs>49</runs>
            <runs>49</runs>
            <runs>0 10 7 11 8</runs>
            <runs>0 10 7 11 8</runs>
            <runs>0 7 10 8 11</runs>
        </run-table>
    </sample>
    <sample shape="SHARP" interline="19" left="1891" top="979" id="487">
        <run-table orientation="VERTICAL" width="18" height="49">
            <runs>0 15 8 10 8</runs>
            <runs>0 15 8 9 9</runs>
            <runs>0 14 9 9 9</runs>
            <runs>0 2 23 1 17</runs>
            <runs>0 2 23 1 17</runs>
            <runs>0 2 23 1 17</runs>
            <runs>0 13 8 11 7</runs>
            <runs>0 13 8 11 7</runs>
            <runs>0 12 9 10 8</runs>
            <runs>0 12 8 11 7</runs>
            <runs>0 12 8 11 7</runs>
            <runs>0 11 9 10 8</runs>
            <runs>48</runs>
            <runs>49</runs>
            <runs>49</runs>
            <runs>0 10 8 11 7</runs>
            <runs>0 10 8 11 7</runs>
            <runs>0 9 9 9 9</runs>
        </run-table>
    </sample>
    <sample shape="SHARP" interline="19" left="240" top="1373" id="514">
        <run-table orientation="VERTICAL" width="17" height="49">
            <runs>0 14 8 11 8</runs>
            <runs>0 14 8 10 9</runs>
            <runs>0 13 9 10 9</runs>
            <runs>0 2 22 1 18</runs>
            <runs>0 2 22 1 18</runs>
            <runs>0 2 22 1 18</runs>
            <runs>0 12 8 11 8</runs>
            <runs>0 12 8 11 8</runs>
            <runs>0 11 9 10 9</runs>
            <runs>0 11 8 11 8</runs>
            <runs>0 11 8 11 8</runs>
            <runs>0 10 9 10 9</runs>
            <runs>48</runs>
            <runs>49</runs>
            <runs>49</runs>
            <runs>0 9 8 11 8</runs>
            <runs>0 9 8 8 11</runs>
        </run-table>
    </sample>
    <sample shape="SHARP" interline="19" left="240" top="1630" id="515">
        <run-table orientation="VERTICAL" width="17" height="49">
            <runs>0 14 8 11 10</runs>
            <runs>0 14 8 10 11</runs>
            <runs>0 13 9 10 11</runs>
            <runs>0 1 48</runs>
            <runs>0 1 48</runs>
            <runs>0 1 48</runs>
            <runs>0 12 8 11 8</runs>
            <runs>0 12 8 11 8</runs>
            <runs>0 11 9 10 9</runs>
            <runs>0 11 8 11 8</runs>
            <runs>0 11 8 11 8</runs>
            <runs>0 10 9 10 9</runs>
            <runs>47</runs>
            <runs>48</runs>
            <runs>48</runs>
            <runs>0 9 8 11 8</runs>
            <runs>0 8 9 10 9</runs>
        </run-table>
    </sample>
    <sample shape="SHARP" interline="19" left="240" top="1868" id="516">
        <run-table orientation="VERTICAL" width="17" height="50">
            <runs>0 14 8 11 8</runs>
            <runs>0 14 8 10 9</runs>
            <runs>0 13 9 10 9</runs>
            <runs>0 2 48</runs>
            <runs>0 2 48</runs>
            <runs>0 2 48</runs>
            <runs>0 12 8 11 8</runs>
            <runs>0 12 8 11 8</runs>
            <runs>0 11 9 10 9</runs>
            <runs>0 11 8 11 8</runs>
            <runs>0 11 8 11 8</runs>
            <runs>0 10 9 10 9</runs>
            <runs>48</runs>
            <runs>49</runs>
            <runs>49</runs>
            <runs>0 9 8 11 8</runs>
            <runs>0 9 8 10 9</runs>
        </run-table>
    </sample>
    <sample shape="SHARP" interline="19" left="260" top="1401" id="518">
        <run-table orientation="VERTICAL" width="18" height="50">
            <runs>0 15 8 10 8</runs>
            <runs>0 15 8 10 8</runs>
            <runs>0 15 8 10 8</runs>
            <runs>0 2 48</runs>
            <runs>0 2 48</runs>
            <runs>0 2 48</runs>
            <runs>0 15 6 12 6</runs>
            <runs>0 15 6 12 6</runs>
            <runs>0 12 9 9 9</runs>
            <runs>0 12 8 10 8</runs>
            <runs>0 12 8 10 8</runs>
            <runs>0 11 9 9 9</runs>
            <runs>48</runs>
            <runs>49</runs>
            <runs>49</runs>
            <runs>0 10 6 12 8</runs>
            <runs>0 10 6 12 8</runs>
            <runs>0 9 7 11 9</runs>
        </run-table>
    </sample>
    <sample shape="SHARP" interline="19" left="260" top="1657" id="519">
        <run-table orientation="VERTICAL" width="18" height="50">
            <runs>0 15 7 11 8</runs>
            <runs>0 15 7 11 8</runs>
            <runs>0 15 7 11 8</runs>
            <runs>0 2 48</runs>
            <runs>0 2 48</runs>
            <runs>0 2 48</runs>
            <runs>0 15 5 13 6</runs>
            <runs>0 15 5 13 6</runs>
            <runs>0 12 8 10 9</runs>
            <runs>0 12 7 11 8</runs>
            <runs>0 12 7 11 8</runs>
            <runs>0 11 8 10 9</runs>
            <runs>48</runs>
            <runs>49</runs>
            <runs>49</runs>
            <runs>0 10 6 12 6</runs>
            <runs>0 10 6 12 6</runs>
            <runs>0 9 7 11 7</runs>
        </run-table>
    </sample>
    <sample shape="SHARP" interline="19" left="260" top="1895" id="520">
        <run-table orientation="VERTICAL" width="18" height="50">
            <runs>0 15 8 10 8</runs>
            <runs>0 15 8 10 8</runs>
            <runs>0 15 8 10 8</runs>
            <runs>0 2 48</runs>
            <runs>0 2 48</runs>
            <runs>0 2 48</runs>
            <runs>0 15 6 12 6</runs>
            <runs>0 15 6 12 6</runs>
            <runs>0 12 9 9 9</runs>
            <runs>0 12 8 10 8</runs>
            <runs>0 12 8 10 8</runs>
            <runs>0 11 9 9 9</runs>
            <runs>48</runs>
            <runs>49</runs>
            <runs>49</runs>
            <runs>0 10 6 12 6</runs>
            <runs>0 10 6 12 6</runs>
            <runs>0 9 7 11 7</runs>
        </run-table>
    </sample>
    <sample shape="SHARP" interline="19" left="281" top="1364" id="521">
        <run-table orientation="VERTICAL" width="18" height="50">
            <runs>0 15 7 11 8</runs>
            <runs>0 15 7 11 8</runs>
            <runs>0 14 8 11 8</runs>
            <runs>0 2 48</runs>
            <runs>0 2 48</runs>
            <runs>0 2 48</runs>
            <runs>0 13 7 13 6</runs>
            <runs>0 13 7 13 6</runs>
            <runs>0 12 8 10 9</runs>
            <runs>0 12 7 11 8</runs>
            <runs>0 12 7 11 8</runs>
            <runs>0 11 8 10 9</runs>
            <runs>48</runs>
            <runs>49</runs>
            <runs>49</runs>
            <runs>0 10 8 10 6</runs>
            <runs>0 10 8 10 6</runs>
            <runs>0 9 9 9 7</runs>
        </run-table>
    </sample>
    <sample shape="SHARP" interline="19" left="281" top="1621" id="522">
        <run-table orientation="VERTICAL" width="18" height="52">
            <runs>0 14 8 11 8</runs>
            <runs>0 14 8 11 8</runs>
            <runs>0 13 9 11 8</runs>
            <runs>0 2 50</runs>
            <runs>0 2 50</runs>
            <runs>0 2 50</runs>
            <runs>0 12 8 13 6</runs>
            <runs>0 12 8 13 6</runs>
            <runs>0 11 9 10 9</runs>
            <runs>0 11 8 11 8</runs>
            <runs>0 11 8 11 8</runs>
            <runs>0 10 9 10 9</runs>
            <runs>48</runs>
            <runs>49</runs>
            <runs>49</runs>
            <runs>0 9 8 11 8</runs>
            <runs>0 9 8 11 8</runs>
            <runs>0 9 8 10 9</runs>
        </run-table>
    </sample>
    <sample shape="SHARP" interline="19" left="281" top="1858" id="523">
        <run-table orientation="VERTICAL" width="18" height="50">
            <runs>0 15 7 11 8</runs>
            <runs>0 15 7 11 8</runs>
            <runs>0 15 7 11 8</runs>
            <runs>0 2 48</runs>
            <runs>0 2 48</runs>
            <runs>0 2 48</runs>
            <runs>0 15 5 13 6</runs>
            <runs>0 15 5 13 6</runs>
            <runs>0 12 8 10 9</runs>
            <runs>0 12 8 10 8</runs>
            <runs>0 12 8 10 8</runs>
            <runs>0 11 9 9 9</runs>
            <runs>48</runs>
            <runs>49</runs>
            <runs>49</runs>
            <runs>0 10 6 12 6</runs>
            <runs>0 10 6 12 6</runs>
            <runs>0 9 7 11 7</runs>
        </run-table>
    </sample>
    <sample shape="SHARP" interline="19" left="330" top="1638" id="525">
        <run-table orientation="VERTICAL" width="17" height="50">
            <runs>0 15 8 11 7</runs>
            <runs>0 15 8 11 7</runs>
            <runs>0 15 8 11 7</runs>
            <runs>0 2 48</runs>
            <runs>0 2 48</runs>
            <runs>0 2 48</runs>
            <runs>0 15 6 13 5</runs>
            <runs>0 15 6 13 5</runs>
            <runs>0 12 9 10 8</runs>
            <runs>0 12 8 11 7</runs>
            <runs>0 12 8 11 7</runs>
            <runs>0 11 9 10 8</runs>
            <runs>48</runs>
            <runs>49</runs>
            <runs>49</runs>
            <runs>0 10 6 13 6</runs>
            <runs>0 9 7 12 7</runs>
        </run-table>
    </sample>
    <sample shape="SHARP" interline="19" left="499" top="1703" id="531">
        <run-table orientation="VERTICAL" width="18" height="50">
            <runs>0 14 8 11 8</runs>
            <runs>0 14 8 10 9</runs>
            <runs>0 13 9 10 9</runs>
            <runs>0 2 48</runs>
            <runs>0 2 48</runs>
            <runs>0 2 48</runs>
            <runs>0 12 8 11 8</runs>
            <runs>0 12 8 11 8</runs>
            <runs>0 11 9 10 9</runs>
            <runs>0 11 8 11 8</runs>
            <runs>0 11 8 11 8</runs>
            <runs>0 10 9 10 9</runs>
            <runs>48</runs>
            <runs>49</runs>
            <runs>49</runs>
            <runs>0 7 10 11 8</runs>
            <runs>0 7 10 11 8</runs>
            <runs>0 7 10 10 9</runs>
        </run-table>
    </sample>
    <sample shape="SHARP" interline="19" left="240" top="2280" id="640">
        <run-table orientation="VERTICAL" width="17" height="50">
            <runs>0 14 8 11 8</runs>
            <runs>0 14 8 10 9</runs>
            <runs>0 13 9 10 9</runs>
            <runs>0 2 48</runs>
            <runs>0 2 48</runs>
            <runs>0 2 48</runs>
            <runs>0 12 8 11 8</runs>
            <runs>0 12 8 11 8</runs>
            <runs>0 11 9 10 9</runs>
            <runs>0 11 8 11 8</runs>
            <runs>0 11 8 11 8</runs>
            <runs>0 10 9 10 9</runs>
            <runs>48</runs>
            <runs>49</runs>
            <runs>49</runs>
            <runs>0 10 7 11 8</runs>
            <runs>0 9 8 10 9</runs>
        </run-table>
    </sample>
    <sample shape="SHARP" interline="19" left="240" top="2517" id="641">
        <run-table orientation="VERTICAL" width="17" height="49">
            <runs>0 15 7 11 8</runs>
            <runs>0 15 7 10 9</runs>
            <runs>0 14 8 10 9</runs>
            <runs>0 2 41</runs>
            <runs>0 2 41</runs>
            <runs>0 2 41</runs>
            <runs>0 13 8 10 8</runs>
            <runs>0 13 8 10 8</runs>
            <runs>0 12 9 9 9</runs>
            <runs>0 12 8 10 8</runs>
            <runs>0 12 8 10 8</runs>
            <runs>0 11 9 9 9</runs>
            <runs>48</runs>
            <runs>49</runs>
            <runs>49</runs>
            <runs>0 10 8 10 8</runs>
            <runs>0 9 9 7 11</runs>
        </run-table>
    </sample>
    <sample shape="SHARP" interline="19" left="240" top="2774" id="642">
        <run-table orientation="VERTICAL" width="17" height="50">
            <runs>0 14 8 11 8</runs>
            <runs>0 14 8 10 9</runs>
            <runs>0 13 9 10 9</runs>
            <runs>0 2 48</runs>
            <runs>0 2 48</runs>
            <runs>0 2 48</runs>
            <runs>0 12 8 11 8</runs>
            <runs>0 12 8 11 8</runs>
            <runs>0 11 9 10 9</runs>
            <runs>0 11 8 11 8</runs>
            <runs>0 11 8 11 8</runs>
            <runs>0 11 8 10 9</runs>
            <runs>48</runs>
            <runs>49</runs>
            <runs>49</runs>
            <runs>0 10 7 11 8</runs>
            <runs>0 8 9 10 9</runs>
        </run-table>
    </sample>
    <sample shape="SHARP" interline="19" left="257" top="2542" id="644">
        <run-table orientation="VERTICAL" width="21" height="52">
            <runs>0 20 2</runs>
            <runs>0 20 2</runs>
            <runs>0 20 2</runs>
            <runs>0 17 8 11 7</runs>
            <runs>0 17 8 11 7</runs>
            <runs>0 16 9 11 7</runs>
            <runs>0 4 48</runs>
            <runs>0 4 48</runs>
            <runs>0 4 48</runs>
            <runs>0 15 6 1 1 13 5</runs>
            <runs>0 15 6 1 1 13 5</runs>
            <runs>0 14 7 1 1 10 8</runs>
            <runs>0 14 7 12 7</runs>
            <runs>0 14 7 12 7</runs>
            <runs>0 13 8 11 8</runs>
            <runs>50</runs>
            <runs>51</runs>
            <runs>51</runs>
            <runs>0 12 9 10 6</runs>
            <runs>0 12 9 10 6</runs>
            <runs>0 11 10 9 7</runs>
        </run-table>
    </sample>
    <sample shape="SHARP" interline="19" left="279" top="2764" id="647">
        <run-table orientation="VERTICAL" width="20" height="50">
            <runs>0 18 2</runs>
            <runs>0 18 2</runs>
            <runs>0 15 7 11 8</runs>
            <runs>0 15 7 11 8</runs>
            <runs>0 14 8 11 8</runs>
            <runs>0 2 48</runs>
            <runs>0 2 48</runs>
            <runs>0 2 48</runs>
            <runs>0 13 8 12 6</runs>
            <runs>0 13 6 1 1 12 6</runs>
            <runs>0 12 7 1 1 9 9</runs>
            <runs>0 12 7 11 8</runs>
            <runs>0 12 7 11 8</runs>
            <runs>0 11 8 10 9</runs>
            <runs>48</runs>
            <runs>49</runs>
            <runs>49</runs>
            <runs>0 10 9 9 6</runs>
            <runs>0 10 9 9 6</runs>
            <runs>0 9 10 8 7</runs>
        </run-table>
    </sample>
    <sample shape="SHARP" interline="19" left="281" top="2270" id="648">
        <run-table orientation="VERTICAL" width="18" height="50">
            <runs>0 15 7 11 8</runs>
            <runs>0 15 7 11 8</runs>
            <runs>0 14 8 11 8</runs>
            <runs>0 2 48</runs>
            <runs>0 2 48</runs>
            <runs>0 2 48</runs>
            <runs>0 13 8 12 6</runs>
            <runs>0 13 8 12 6</runs>
            <runs>0 12 9 9 9</runs>
            <runs>0 12 8 10 8</runs>
            <runs>0 12 8 10 8</runs>
            <runs>0 11 9 9 9</runs>
            <runs>48</runs>
            <runs>49</runs>
            <runs>49</runs>
            <runs>0 10 8 10 6</runs>
            <runs>0 10 8 10 6</runs>
            <runs>0 9 9 9 7</runs>
        </run-table>
    </sample>
    <sample shape="SHARP" interline="19" left="281" top="2508" id="649">
        <run-table orientation="VERTICAL" width="18" height="50">
            <runs>0 15 8 10 8</runs>
            <runs>0 15 8 10 8</runs>
            <runs>0 14 9 10 8</runs>
            <runs>0 2 48</runs>
            <runs>0 2 48</runs>
            <runs>0 2 48</runs>
            <runs>0 13 8 12 6</runs>
            <runs>0 13 8 12 6</runs>
            <runs>0 12 9 9 9</runs>
            <runs>0 12 8 10 8</runs>
            <runs>0 12 8 10 8</runs>
            <runs>0 11 9 9 9</runs>
            <runs>48</runs>
            <runs>49</runs>
            <runs>49</runs>
            <runs>0 10 8 11 5</runs>
            <runs>0 10 8 11 5</runs>
            <runs>0 9 9 10 6</runs>
        </run-table>
    </sample>
    <sample shape="SHARP" interline="19" left="1085" top="2755" id="712">
        <run-table orientation="VERTICAL" width="18" height="50">
            <runs>0 15 8 10 8</runs>
            <runs>0 15 8 9 9</runs>
            <runs>0 14 9 9 9</runs>
            <runs>0 2 23 1 24</runs>
            <runs>0 2 23 1 24</runs>
            <runs>0 2 23 1 24</runs>
            <runs>0 13 8 10 8</runs>
            <runs>0 13 8 10 8</runs>
            <runs>0 12 9 9 9</runs>
            <runs>0 12 8 10 8</runs>
            <runs>0 12 8 10 8</runs>
            <runs>0 11 9 10 8</runs>
            <runs>48</runs>
            <runs>49</runs>
            <runs>49</runs>
            <runs>0 10 8 11 7</runs>
            <runs>0 10 8 11 7</runs>
            <runs>0 9 9 9 9</runs>
        </run-table>
    </sample>
    <sample shape="SHARP" interline="19" left="1428" top="2719" id="750">
        <run-table orientation="VERTICAL" width="18" height="50">
            <runs>0 15 8 10 8</runs>
            <runs>0 15 8 9 9</runs>
            <runs>0 14 9 9 9</runs>
            <runs>0 2 48</runs>
            <runs>0 2 48</runs>
            <runs>0 2 48</runs>
            <runs>0 13 8 10 8</runs>
            <runs>0 13 8 10 8</runs>
            <runs>0 12 9 9 9</runs>
            <runs>0 12 8 10 8</runs>
            <runs>0 12 8 10 8</runs>
            <runs>0 11 9 9 9</runs>
            <runs>48</runs>
            <runs>49</runs>
            <runs>49</runs>
            <runs>0 10 8 10 8</runs>
            <runs>0 10 8 10 8</runs>
            <runs>0 9 9 9 9</runs>
        </run-table>
    </sample>
    <sample shape="SHARP" interline="19" left="1533" top="2561" id="758">
        <run-table orientation="VERTICAL" width="17" height="52">
            <runs>0 17 7 11 8</runs>
            <runs>0 17 7 11 8</runs>
            <runs>0 17 7 11 8</runs>
            <runs>0 4 48</runs>
            <runs>0 4 48</runs>
            <runs>0 4 48</runs>
            <runs>0 17 5 13 6</runs>
            <runs>0 17 5 13 6</runs>
            <runs>0 14 8 10 9</runs>
            <runs>0 14 7 11 8</runs>
            <runs>0 14 7 11 8</runs>
            <runs>0 13 8 10 9</runs>
            <runs>50</runs>
            <runs>51</runs>
            <runs>51</runs>
            <runs>0 12 6 12 6</runs>
            <runs>0 11 7 11 7</runs>
        </run-table>
    </sample>
    <sample shape="QUARTER_REST" interline="19" left="353" top="1407" id="527">
        <run-table orientation="VERTICAL" width="20" height="55">
            <runs>0 26 2 13 6</runs>
            <runs>0 26 2 11 9</runs>
            <runs>0 23 5 10 11</runs>
            <runs>2 20 7 9 12</runs>
            <runs>3 18 9 7 14</runs>
            <runs>0 1 4 14 12 6 15</runs>
            <runs>0 2 5 10 15 5 10 1 5</runs>
            <runs>0 4 5 7 17 4 10 1 5</runs>
            <runs>0 5 5 2 22 3 10 4 3</runs>
            <runs>0 6 29 2 7 8 3</runs>
            <runs>0 7 29 1 7 9 2</runs>
            <runs>0 9 17 3 14</runs>
            <runs>0 9 17 7 10</runs>
            <runs>0 10 1 1 11 12 8</runs>
            <runs>0 12 10 14 7</runs>
            <runs>0 14 6 18 5</runs>
            <runs>0 15 4 20 5</runs>
            <runs>0 16 1 23 4</runs>
            <runs>0 41 3</runs>
            <runs>0 43 1</runs>
        </run-table>
    </sample>
    <sample shape="EIGHTH_REST" interline="19" left="577" top="1420" id="534">
        <run-table orientation="VERTICAL" width="19" height="34">
            <runs>0 2 8</runs>
            <runs>0 1 10</runs>
            <runs>12</runs>
            <runs>12</runs>
            <runs>12</runs>
            <runs>12</runs>
            <runs>12</runs>
            <runs>12 21 1</runs>
            <runs>12 18 4</runs>
            <runs>0 1 10 16 7</runs>
            <runs>0 3 8 13 10</runs>
            <runs>0 7 3 11 11</runs>
            <runs>0 6 4 8 10</runs>
            <runs>0 6 3 6 9</runs>
            <runs>0 5 4 2 9</runs>
            <runs>0 4 13</runs>
            <runs>0 3 12</runs>
            <runs>0 2 7</runs>
            <runs>0 3 2</runs>
        </run-table>
    </sample>
    <sample shape="EIGHTH_REST" interline="19" left="1635" top="1420" id="594">
        <run-table orientation="VERTICAL" width="19" height="34">
            <runs>0 3 6</runs>
            <runs>0 2 8</runs>
            <runs>0 1 10</runs>
            <runs>12</runs>
            <runs>12</runs>
            <runs>12</runs>
            <runs>12</runs>
            <runs>12 21 1</runs>
            <runs>12 18 4</runs>
            <runs>0 1 10 16 7</runs>
            <runs>0 3 8 13 10</runs>
            <runs>0 7 3 11 11</runs>
            <runs>0 6 4 8 10</runs>
            <runs>0 6 3 6 9</runs>
            <runs>0 5 4 2 9</runs>
            <runs>0 4 13</runs>
            <runs>0 3 12</runs>
            <runs>0 2 7</runs>
            <runs>0 3 2</runs>
        </run-table>
    </sample>
    <sample shape="EIGHTH_REST" interline="19" left="550" top="2326" id="670">
        <run-table orientation="VERTICAL" width="20" height="34">
            <runs>0 3 6</runs>
            <runs>0 2 8</runs>
            <runs>0 1 10</runs>
            <runs>12</runs>
            <runs>12</runs>
            <runs>12</runs>
            <runs>12</runs>
            <runs>12</runs>
            <runs>12 21 1</runs>
            <runs>12 18 4</runs>
            <runs>0 1 10 16 7</runs>
            <runs>0 3 8 13 10</runs>
            <runs>0 7 3 11 11</runs>
            <runs>0 6 4 8 10</runs>
            <runs>0 6 3 5 10</runs>
            <runs>0 5 4 2 9</runs>
            <runs>0 5 12</runs>
            <runs>0 4 9 1 2</runs>
            <runs>0 2 7</runs>
            <runs>0 3 3</runs>
        </run-table>
    </sample>
    <sample shape="EIGHTH_REST" interline="19" left="792" top="2564" id="683">
        <run-table orientation="VERTICAL" width="19" height="34">
            <runs>0 3 7</runs>
            <runs>0 2 9</runs>
            <runs>0 1 11</runs>
            <runs>13</runs>
            <runs>13</runs>
            <runs>13</runs>
            <runs>13</runs>
            <runs>13</runs>
            <runs>13 20 1</runs>
            <runs>13 17 4</runs>
            <runs>0 1 11 15 7</runs>
            <runs>0 3 9 12 10</runs>
            <runs>0 8 3 10 11</runs>
            <runs>0 7 4 7 10</runs>
            <runs>0 7 3 5 9</runs>
            <runs>0 6 4 2 8</runs>
            <runs>0 4 13</runs>
            <runs>0 2 8</runs>
            <runs>0 3 3</runs>
        </run-table>
    </sample>
    <sample shape="EIGHTH_REST" interline="19" left="1452" top="2545" id="753">
        <run-table orientation="VERTICAL" width="19" height="34">
            <runs>0 3 7</runs>
            <runs>0 2 9</runs>
            <runs>0 1 11</runs>
            <runs>13</runs>
            <runs>13</runs>
            <runs>13</runs>
            <runs>13</runs>
            <runs>13</runs>
            <runs>13 18 3</runs>
            <runs>0 1 11 16 6</runs>
            <runs>0 3 9 13 9</runs>
            <runs>0 8 3 11 11</runs>
            <runs>0 7 4 8 10</runs>
            <runs>0 7 3 5 10</runs>
            <runs>0 6 4 2 9</runs>
            <runs>0 5 13</runs>
            <runs>0 4 10 1 2</runs>
            <runs>0 2 8</runs>
            <runs>0 3 3</runs>
        </run-table>
    </sample>
    <sample shape="EIGHTH_REST" interline="19" left="1666" top="2802" id="762">
        <run-table orientation="VERTICAL" width="20" height="34">
            <runs>0 3 7</runs>
            <runs>0 2 9</runs>
            <runs>0 1 11</runs>
            <runs>13</runs>
            <runs>13</runs>
            <runs>13</runs>
            <runs>13</runs>
            <runs>13</runs>
            <runs>13 20 1</runs>
            <runs>13 17 4</runs>
            <runs>0 1 11 15 7</runs>
            <runs>0 3 9 12 10</runs>
            <runs>0 8 3 11 10</runs>
            <runs>0 7 4 8 9</runs>
            <runs>0 7 3 6 9</runs>
            <runs>0 6 4 2 9</runs>
            <runs>0 5 13</runs>
            <runs>0 4 12</runs>
            <runs>0 2 8</runs>
            <runs>0 3 3</runs>
        </run-table>
    </sample>
    <sample shape="EIGHTH_REST" interline="19" left="1820" top="2564" id="772">
        <run-table orientation="VERTICAL" width="19" height="34">
            <runs>0 3 7</runs>
            <runs>0 2 9</runs>
            <runs>0 1 11</runs>
            <runs>13</runs>
            <runs>13</runs>
            <runs>13</runs>
            <runs>13</runs>
            <runs>13 20 1</runs>
            <runs>13 17 4</runs>
            <runs>0 1 11 15 7</runs>
            <runs>0 3 9 12 10</runs>
            <runs>0 8 3 10 11</runs>
            <runs>0 7 4 7 10</runs>
            <runs>0 7 3 5 9</runs>
            <runs>0 6 4 2 8</runs>
            <runs>0 5 12</runs>
            <runs>0 4 11</runs>
            <runs>0 2 8</runs>
            <runs>0 3 3</runs>
        </run-table>
    </sample>
    <sample shape="ONE_16TH_REST" interline="19" left="640" top="587" id="397">
        <run-table orientation="VERTICAL" width="25" height="52">
            <runs>0 21 8</runs>
            <runs>0 20 10</runs>
            <runs>0 19 12</runs>
            <runs>0 19 15</runs>
            <runs>0 19 15</runs>
            <runs>0 3 7 8 16</runs>
            <runs>0 2 10 6 16</runs>
            <runs>0 1 11 6 16</runs>
            <runs>12 7 15</runs>
            <runs>12 7 12 18 3</runs>
            <runs>12 8 11 15 6</runs>
            <runs>12 10 8 13 9</runs>
            <runs>12 14 4 10 10 1 1</runs>
            <runs>12 14 3 8 9</runs>
            <runs>0 1 11 13 4 5 8</runs>
            <runs>0 2 10 12 4 1 10</runs>
            <runs>0 4 8 11 12</runs>
            <runs>0 8 3 10 10</runs>
            <runs>0 7 4 7 9</runs>
            <runs>0 7 3 5 8</runs>
            <runs>0 6 4 1 9</runs>
            <runs>0 5 11</runs>
            <runs>0 4 8</runs>
            <runs>0 3 6</runs>
            <runs>0 3 2</runs>
        </run-table>
    </sample>
    <sample shape="ONE_16TH_REST" interline="19" left="640" top="1026" id="399">
        <run-table orientation="VERTICAL" width="25" height="53">
            <runs>0 22 7</runs>
            <runs>0 21 9</runs>
            <runs>0 20 11</runs>
            <runs>0 20 14</runs>
            <runs>0 20 14</runs>
            <runs>0 3 7 9 15</runs>
            <runs>0 2 10 7 15</runs>
            <runs>0 1 12 6 15</runs>
            <runs>13 7 14 18 1</runs>
            <runs>13 7 11 18 4</runs>
            <runs>13 8 10 15 7</runs>
            <runs>13 10 7 13 10</runs>
            <runs>13 13 4 10 10 1 2</runs>
            <runs>13 13 3 8 9</runs>
            <runs>0 1 12 13 3 5 8</runs>
            <runs>0 2 10 13 3 1 10</runs>
            <runs>0 4 8 12 11</runs>
            <runs>0 8 3 11 9</runs>
            <runs>0 7 4 8 8</runs>
            <runs>0 7 3 6 8</runs>
            <runs>0 6 4 1 10</runs>
            <runs>0 5 12</runs>
            <runs>0 4 9</runs>
            <runs>0 3 6</runs>
            <runs>0 3 2</runs>
        </run-table>
    </sample>
    <sample shape="ONE_16TH_REST" interline="19" left="1557" top="752" id="467">
        <run-table orientation="VERTICAL" width="25" height="53">
            <runs>0 21 8</runs>
            <runs>0 20 10</runs>
            <runs>0 19 12</runs>
            <runs>0 19 15</runs>
            <runs>0 19 15</runs>
            <runs>0 3 7 8 16</runs>
            <runs>0 2 10 6 16</runs>
            <runs>0 1 11 6 16</runs>
            <runs>12 7 15 18 1</runs>
            <runs>12 7 12 18 4</runs>
            <runs>12 8 11 15 7</runs>
            <runs>12 10 8 13 10</runs>
            <runs>12 14 4 10 10 1 2</runs>
            <runs>12 14 3 8 9</runs>
            <runs>0 1 11 13 4 5 8</runs>
            <runs>0 2 10 12 4 1 10</runs>
            <runs>0 4 8 11 12</runs>
            <runs>0 8 3 10 10</runs>
            <runs>0 7 4 7 9</runs>
            <runs>0 7 3 4 9</runs>
            <runs>0 6 4 1 9</runs>
            <runs>0 5 11</runs>
            <runs>0 4 8</runs>
            <runs>0 3 6</runs>
            <runs>0 3 2</runs>
        </run-table>
    </sample>
    <sample shape="ONE_16TH_REST" interline="19" left="577" top="1621" id="535">
        <run-table orientation="VERTICAL" width="24" height="52">
            <runs>0 20 10</runs>
            <runs>0 19 12</runs>
            <runs>0 19 15</runs>
            <runs>0 19 15</runs>
            <runs>0 3 7 8 16</runs>
            <runs>0 2 9 7 16</runs>
            <runs>0 1 11 6 16</runs>
            <runs>12 7 15</runs>
            <runs>12 7 12 18 3</runs>
            <runs>12 8 11 15 6</runs>
            <runs>12 10 8 13 9</runs>
            <runs>12 14 4 10 10</runs>
            <runs>12 14 3 8 9</runs>
            <runs>0 1 11 13 4 5 8</runs>
            <runs>0 2 9 13 4 1 10</runs>
            <runs>0 4 7 12 12</runs>
            <runs>0 8 2 11 10</runs>
            <runs>0 7 3 8 9</runs>
            <runs>0 7 3 4 9</runs>
            <runs>0 6 14</runs>
            <runs>0 5 11</runs>
            <runs>0 4 8</runs>
            <runs>0 3 6</runs>
            <runs>0 3 2</runs>
        </run-table>
    </sample>
    <sample shape="ONE_16TH_REST" interline="19" left="683" top="1420" id="538">
        <run-table orientation="VERTICAL" width="25" height="52">
            <runs>0 21 8</runs>
            <runs>0 20 10</runs>
            <runs>0 19 12</runs>
            <runs>0 19 15</runs>
            <runs>0 19 15</runs>
            <runs>0 3 6 9 16</runs>
            <runs>0 2 9 7 16</runs>
            <runs>0 1 11 6 16</runs>
            <runs>12 7 15 17 1</runs>
            <runs>12 7 12 17 4</runs>
            <runs>12 8 11 14 7</runs>
            <runs>12 10 8 13 9</runs>
            <runs>12 14 4 10 9</runs>
            <runs>12 14 3 8 9</runs>
            <runs>0 1 11 13 4 5 8</runs>
            <runs>0 2 9 13 4 1 10</runs>
            <runs>0 3 8 12 12</runs>
            <runs>0 7 3 11 10</runs>
            <runs>0 6 4 8 9</runs>
            <runs>0 6 3 6 8</runs>
            <runs>0 5 4 1 10</runs>
            <runs>0 4 12</runs>
            <runs>0 3 9</runs>
            <runs>0 3 5</runs>
            <runs>0 3 1</runs>
        </run-table>
    </sample>
    <sample shape="ONE_16TH_REST" interline="19" left="1120" top="1895" id="562">
        <run-table orientation="VERTICAL" width="24" height="53">
            <runs>0 22 7</runs>
            <runs>0 21 9</runs>
            <runs>0 20 11</runs>
            <runs>0 20 12</runs>
            <runs>0 20 12</runs>
            <runs>0 3 7 9 13</runs>
            <runs>0 2 10 7 13</runs>
            <runs>0 1 12 6 13</runs>
            <runs>13 7 12 20 1</runs>
            <runs>13 7 11 18 4</runs>
            <runs>13 8 10 15 7</runs>
            <runs>13 10 7 13 10</runs>
            <runs>13 13 4 4 2 1 13 1 2</runs>
            <runs>0 1 12 12 4 4 9</runs>
            <runs>0 2 10 12 4 1 10</runs>
            <runs>0 4 8 11 13</runs>
            <runs>0 8 3 11 9</runs>
            <runs>0 7 4 8 8</runs>
            <runs>0 7 3 5 9</runs>
            <runs>0 6 4 1 10</runs>
            <runs>0 5 13</runs>
            <runs>0 4 9</runs>
            <runs>0 3 6</runs>
            <runs>0 3 2</runs>
        </run-table>
    </sample>
    <sample shape="ONE_16TH_REST" interline="19" left="1732" top="1895" id="599">
        <run-table orientation="VERTICAL" width="25" height="53">
            <runs>0 22 7</runs>
            <runs>0 21 9</runs>
            <runs>0 20 11</runs>
            <runs>0 20 12</runs>
            <runs>0 20 12</runs>
            <runs>0 3 7 9 13</runs>
            <runs>0 2 10 7 13</runs>
            <runs>0 1 12 6 13</runs>
            <runs>13 7 12 20 1</runs>
            <runs>13 7 11 18 4</runs>
            <runs>13 8 10 15 7</runs>
            <runs>13 10 7 13 10</runs>
            <runs>13 13 4 10 10 1 2</runs>
            <runs>13 13 3 8 9</runs>
            <runs>0 1 12 12 4 4 9</runs>
            <runs>0 2 10 12 4 1 10</runs>
            <runs>0 4 8 11 13</runs>
            <runs>0 8 3 11 9</runs>
            <runs>0 7 4 8 8</runs>
            <runs>0 7 3 5 9</runs>
            <runs>0 6 4 1 10</runs>
            <runs>0 5 13</runs>
            <runs>0 4 9</runs>
            <runs>0 3 6</runs>
            <runs>0 3 2</runs>
        </run-table>
    </sample>
    <sample shape="ONE_16TH_REST" interline="19" left="646" top="2326" id="674">
        <run-table orientation="VERTICAL" width="25" height="52">
            <runs>0 21 8</runs>
            <runs>0 20 10</runs>
            <runs>0 19 12</runs>
            <runs>0 19 15</runs>
            <runs>0 19 15</runs>
            <runs>0 3 6 9 16</runs>
            <runs>0 2 9 7 16</runs>
            <runs>0 1 11 6 16 17 1</runs>
            <runs>12 7 15 16 2</runs>
            <runs>12 7 12 17 4</runs>
            <runs>12 8 11 15 6</runs>
            <runs>12 10 8 13 9</runs>
            <runs>12 14 4 10 9</runs>
            <runs>12 14 3 8 9</runs>
            <runs>0 1 11 13 4 5 8</runs>
            <runs>0 2 9 13 4 1 10</runs>
            <runs>0 4 7 12 12</runs>
            <runs>0 7 3 11 10</runs>
            <runs>0 6 4 8 9</runs>
            <runs>0 6 3 5 9</runs>
            <runs>0 5 4 1 10</runs>
            <runs>0 5 12</runs>
            <runs>0 4 8</runs>
            <runs>0 3 5</runs>
            <runs>0 3 2</runs>
        </run-table>
    </sample>
    <sample shape="ONE_16TH_REST" interline="19" left="903" top="2564" id="688">
        <run-table orientation="VERTICAL" width="25" height="53">
            <runs>0 21 8</runs>
            <runs>0 20 10</runs>
            <runs>0 19 12</runs>
            <runs>0 19 15</runs>
            <runs>0 19 15</runs>
            <runs>0 3 7 8 16</runs>
            <runs>0 2 10 6 16</runs>
            <runs>0 1 12 5 16</runs>
            <runs>13 6 15 18 1</runs>
            <runs>13 6 12 18 4</runs>
            <runs>13 7 11 15 7</runs>
            <runs>13 9 8 13 10</runs>
            <runs>13 13 4 10 10 1 2</runs>
            <runs>13 13 3 8 9</runs>
            <runs>0 1 12 12 4 5 8</runs>
            <runs>0 2 10 12 4 1 10</runs>
            <runs>0 4 8 11 12</runs>
            <runs>0 8 3 10 10</runs>
            <runs>0 7 4 7 9</runs>
            <runs>0 7 3 5 8</runs>
            <runs>0 6 4 1 9</runs>
            <runs>0 5 11</runs>
            <runs>0 4 9</runs>
            <runs>0 3 6</runs>
            <runs>0 3 2</runs>
        </run-table>
    </sample>
    <sample shape="ONE_16TH_REST" interline="19" left="1167" top="2564" id="720">
        <run-table orientation="VERTICAL" width="24" height="53">
            <runs>0 21 8</runs>
            <runs>0 20 10</runs>
            <runs>0 19 12</runs>
            <runs>0 19 15</runs>
            <runs>0 19 15</runs>
            <runs>0 3 7 8 16</runs>
            <runs>0 2 10 6 16</runs>
            <runs>0 1 12 5 16</runs>
            <runs>13 6 15 18 1</runs>
            <runs>13 6 12 18 4</runs>
            <runs>13 7 11 15 7</runs>
            <runs>13 9 8 10 13</runs>
            <runs>13 13 3 8 9</runs>
            <runs>0 1 12 12 4 5 8</runs>
            <runs>0 2 10 12 4 1 10</runs>
            <runs>0 4 8 11 12</runs>
            <runs>0 8 3 10 10</runs>
            <runs>0 7 4 7 9</runs>
            <runs>0 7 3 5 8</runs>
            <runs>0 6 4 1 9</runs>
            <runs>0 5 11</runs>
            <runs>0 4 9</runs>
            <runs>0 3 6</runs>
            <runs>0 3 2</runs>
        </run-table>
    </sample>
    <sample shape="ONE_16TH_REST" interline="19" left="1666" top="2326" id="761">
        <run-table orientation="VERTICAL" width="24" height="52">
            <runs>0 21 8</runs>
            <runs>0 20 10</runs>
            <runs>0 19 12</runs>
            <runs>0 19 15</runs>
            <runs>0 19 15</runs>
            <runs>0 3 6 9 16</runs>
            <runs>0 2 9 7 16</runs>
            <runs>0 1 11 6 16 17 1</runs>
            <runs>12 7 15 16 2</runs>
            <runs>12 7 12 17 4</runs>
            <runs>12 8 11 15 6</runs>
            <runs>12 10 8 13 9</runs>
            <runs>12 14 4 10 9</runs>
            <runs>12 14 3 8 9</runs>
            <runs>0 1 11 13 4 5 8</runs>
            <runs>0 2 9 13 4 1 10</runs>
            <runs>0 4 7 12 12</runs>
            <runs>0 7 3 11 10</runs>
            <runs>0 6 4 8 9</runs>
            <runs>0 6 3 6 8</runs>
            <runs>0 5 15</runs>
            <runs>0 4 8 3 2</runs>
            <runs>0 3 5</runs>
            <runs>0 3 2</runs>
        </run-table>
    </sample>
    <sample shape="ONE_16TH_REST" interline="19" left="1947" top="2564" id="780">
        <run-table orientation="VERTICAL" width="24" height="53">
            <runs>0 21 8</runs>
            <runs>0 20 10</runs>
            <runs>0 19 12</runs>
            <runs>0 19 15</runs>
            <runs>0 19 15</runs>
            <runs>0 3 7 8 16</runs>
            <runs>0 2 10 6 16</runs>
            <runs>0 1 12 5 16</runs>
            <runs>13 6 15 18 1</runs>
            <runs>13 6 12 18 4</runs>
            <runs>13 7 11 15 7</runs>
            <runs>13 9 8 13 10</runs>
            <runs>13 13 4 10 10 1 2</runs>
            <runs>13 13 3 8 9</runs>
            <runs>0 1 12 12 4 5 8</runs>
            <runs>0 2 10 12 4 1 10</runs>
            <runs>0 4 8 9 14</runs>
            <runs>0 7 4 7 9</runs>
            <runs>0 7 3 5 8</runs>
            <runs>0 6 4 1 9</runs>
            <runs>0 5 11</runs>
            <runs>0 4 9</runs>
            <runs>0 3 6</runs>
            <runs>0 3 2</runs>
        </run-table>
    </sample>
    <sample shape="FLAG_1" interline="19" left="664" top="750" id="816">
        <run-table orientation="VERTICAL" width="19" height="35">
            <runs>12</runs>
            <runs>0 2 11</runs>
            <runs>0 3 10</runs>
            <runs>0 4 9</runs>
            <runs>0 5 8</runs>
            <runs>0 6 8</runs>
            <runs>0 7 7</runs>
            <runs>0 9 5</runs>
            <runs>0 10 5</runs>
            <runs>0 11 5</runs>
            <runs>0 11 5</runs>
            <runs>0 12 5</runs>
            <runs>0 13 5</runs>
            <runs>0 13 7</runs>
            <runs>0 14 7</runs>
            <runs>0 16 7</runs>
            <runs>0 17 9 7 1</runs>
            <runs>0 19 16</runs>
            <runs>0 22 10</runs>
        </run-table>
    </sample>
    <sample shape="FLAG_1" interline="19" left="664" top="765" id="817">
        <run-table orientation="VERTICAL" width="19" height="38">
            <runs>11</runs>
            <runs>0 1 11</runs>
            <runs>0 2 10</runs>
            <runs>0 4 9</runs>
            <runs>0 5 8</runs>
            <runs>0 6 8</runs>
            <runs>0 7 8</runs>
            <runs>0 9 7</runs>
            <runs>0 10 6</runs>
            <runs>0 12 5</runs>
            <runs>0 13 5</runs>
            <runs>0 14 5</runs>
            <runs>0 15 4</runs>
            <runs>0 17 4</runs>
            <runs>0 18 6</runs>
            <runs>0 20 7</runs>
            <runs>0 22 8</runs>
            <runs>0 25 10</runs>
            <runs>0 28 10</runs>
        </run-table>
    </sample>
    <sample shape="FLAG_1" interline="19" left="1066" top="2517" id="1110">
        <run-table orientation="VERTICAL" width="18" height="53">
            <runs>15</runs>
            <runs>0 2 14</runs>
            <runs>0 4 12</runs>
            <runs>0 6 10</runs>
            <runs>0 7 10</runs>
            <runs>0 8 9</runs>
            <runs>0 10 8</runs>
            <runs>0 11 8</runs>
            <runs>0 13 7</runs>
            <runs>0 14 7</runs>
            <runs>0 16 5</runs>
            <runs>0 17 6</runs>
            <runs>0 19 5</runs>
            <runs>0 20 4 1 2</runs>
            <runs>0 22 8 21 2</runs>
            <runs>0 24 11 9 9</runs>
            <runs>0 25 2 1 22</runs>
            <runs>0 35 11</runs>
        </run-table>
    </sample>
    <sample shape="FLAG_1" interline="19" left="1363" top="2514" id="1129">
        <run-table orientation="VERTICAL" width="17" height="51">
            <runs>14</runs>
            <runs>0 2 12</runs>
            <runs>0 4 10</runs>
            <runs>0 5 10</runs>
            <runs>0 6 9</runs>
            <runs>0 8 8</runs>
            <runs>0 9 8</runs>
            <runs>0 11 7</runs>
            <runs>0 12 7</runs>
            <runs>0 14 6</runs>
            <runs>0 15 7</runs>
            <runs>0 17 7</runs>
            <runs>0 19 6</runs>
            <runs>0 21 6 1 2 17 4</runs>
            <runs>0 23 10 11 7</runs>
            <runs>0 26 3 1 16</runs>
            <runs>0 33 9</runs>
        </run-table>
    </sample>
    <sample shape="FLAG_1" interline="19" left="2109" top="2508" id="1171">
        <run-table orientation="VERTICAL" width="18" height="53">
            <runs>15</runs>
            <runs>0 2 14</runs>
            <runs>0 4 12</runs>
            <runs>0 6 10</runs>
            <runs>0 7 10</runs>
            <runs>0 8 9</runs>
            <runs>0 10 8</runs>
            <runs>0 11 8</runs>
            <runs>0 13 7</runs>
            <runs>0 14 7</runs>
            <runs>0 16 6</runs>
            <runs>0 17 7</runs>
            <runs>0 19 7</runs>
            <runs>0 21 7</runs>
            <runs>0 23 7 21 1</runs>
            <runs>0 26 7 13 7</runs>
            <runs>0 29 21</runs>
            <runs>0 33 11</runs>
        </run-table>
    </sample>
    <sample shape="FLAG_1" interline="19" left="1281" top="1840" id="1195">
        <run-table orientation="VERTICAL" width="19" height="57">
            <runs>19</runs>
            <runs>0 4 15</runs>
            <runs>0 6 14</runs>
            <runs>0 8 12</runs>
            <runs>0 10 10</runs>
            <runs>0 11 10</runs>
            <runs>0 12 9</runs>
            <runs>0 14 8</runs>
            <runs>0 15 8</runs>
            <runs>0 17 7</runs>
            <runs>0 18 7</runs>
            <runs>0 20 6</runs>
            <runs>0 21 7</runs>
            <runs>0 23 7</runs>
            <runs>0 25 7</runs>
            <runs>0 27 9 19 2</runs>
            <runs>0 30 9 11 7</runs>
            <runs>0 33 2 1 17</runs>
            <runs>0 39 9</runs>
        </run-table>
    </sample>
    <sample shape="FLAG_1_UP" interline="19" left="2226" top="1916" id="1202">
        <run-table orientation="VERTICAL" width="19" height="49">
            <runs>0 31 18</runs>
            <runs>0 31 15</runs>
            <runs>0 31 14</runs>
            <runs>0 31 13</runs>
            <runs>0 31 11</runs>
            <runs>0 31 10</runs>
            <runs>0 31 8</runs>
            <runs>0 30 8</runs>
            <runs>0 29 7</runs>
            <runs>0 28 7</runs>
            <runs>0 27 6</runs>
            <runs>0 26 5</runs>
            <runs>0 25 5</runs>
            <runs>0 23 5</runs>
            <runs>0 19 8</runs>
            <runs>0 13 1 2 7</runs>
            <runs>0 10 10</runs>
            <runs>17</runs>
            <runs>0 5 6 1 2</runs>
        </run-table>
    </sample>
    <sample shape="FLAG_2" interline="19" left="719" top="2284" id="1089">
        <run-table orientation="VERTICAL" width="20" height="61">
            <runs>11 4 11</runs>
            <runs>0 2 10 4 11</runs>
            <runs>0 3 9 5 10</runs>
            <runs>0 4 8 7 9</runs>
            <runs>0 5 7 8 8</runs>
            <runs>0 6 7 7 9</runs>
            <runs>0 6 7 7 10</runs>
            <runs>0 7 7 9 7</runs>
            <runs>0 8 6 10 7</runs>
            <runs>0 9 6 10 6</runs>
            <runs>0 10 6 11 5</runs>
            <runs>0 10 6 12 5</runs>
            <runs>0 11 6 12 5</runs>
            <runs>0 12 6 12 6</runs>
            <runs>0 13 6 13 5</runs>
            <runs>0 14 5 14 7</runs>
            <runs>0 16 7 12 7</runs>
            <runs>0 17 9 7 12 11 5</runs>
            <runs>0 19 16 5 9 4 7</runs>
            <runs>0 20 12 11 15</runs>
        </run-table>
    </sample>
    <sample shape="FLAG_2" interline="19" left="985" top="2512" id="1105">
        <run-table orientation="VERTICAL" width="19" height="50">
            <runs>12 4 10</runs>
            <runs>0 2 11 4 10</runs>
            <runs>0 3 10 5 9</runs>
            <runs>0 4 9 7 8</runs>
            <runs>0 5 8 8 7</runs>
            <runs>0 6 8 8 9</runs>
            <runs>0 7 7 9 8</runs>
            <runs>0 8 7 9 7</runs>
            <runs>0 9 7 9 6</runs>
            <runs>0 11 6 10 4</runs>
            <runs>0 11 6 11 5</runs>
            <runs>0 12 6 12 4</runs>
            <runs>0 13 6 11 6</runs>
            <runs>0 14 7 9 7</runs>
            <runs>0 15 7 11 6</runs>
            <runs>0 17 7 11 7</runs>
            <runs>0 18 8 7 12</runs>
            <runs>0 20 9 1 5 5 8</runs>
            <runs>0 23 8 12 7</runs>
        </run-table>
    </sample>
    <sample shape="FLAG_2" interline="19" left="2029" top="2503" id="1165">
        <run-table orientation="VERTICAL" width="20" height="62">
            <runs>12 4 11</runs>
            <runs>0 2 11 4 11</runs>
            <runs>0 3 10 5 10</runs>
            <runs>0 4 9 7 9</runs>
            <runs>0 5 8 8 8</runs>
            <runs>0 6 8 8 8</runs>
            <runs>0 7 7 9 8</runs>
            <runs>0 8 7 9 7</runs>
            <runs>0 9 6 10 7</runs>
            <runs>0 10 6 10 6</runs>
            <runs>0 11 6 11 5</runs>
            <runs>0 11 6 12 5</runs>
            <runs>0 12 6 12 5</runs>
            <runs>0 13 6 12 5</runs>
            <runs>0 14 7 12 4</runs>
            <runs>0 15 7 12 6</runs>
            <runs>0 17 7 11 7</runs>
            <runs>0 18 9 7 11 12 5</runs>
            <runs>0 20 15 5 10 4 7</runs>
            <runs>0 23 10 10 16</runs>
        </run-table>
    </sample>
    <sample shape="FLAG_2" interline="19" left="2287" top="2494" id="1190">
        <run-table orientation="VERTICAL" width="21" height="61">
            <runs>11 4 11</runs>
            <runs>0 2 10 4 11</runs>
            <runs>0 2 10 5 10</runs>
            <runs>0 3 9 7 9</runs>
            <runs>0 4 8 8 8</runs>
            <runs>0 5 8 8 8</runs>
            <runs>0 6 7 9 8</runs>
            <runs>0 7 7 9 7</runs>
            <runs>0 8 6 10 7</runs>
            <runs>0 9 6 10 6</runs>
            <runs>0 10 6 11 5</runs>
            <runs>0 10 6 12 5</runs>
            <runs>0 11 6 12 5</runs>
            <runs>0 12 6 12 6</runs>
            <runs>0 13 7 12 5</runs>
            <runs>0 14 7 12 6</runs>
            <runs>0 16 7 12 7</runs>
            <runs>0 17 9 7 11 14 3</runs>
            <runs>0 19 16 5 7 6 7</runs>
            <runs>0 22 10 11 6 1 7</runs>
            <runs>0 47 2</runs>
        </run-table>
    </sample>
    <sample shape="FLAG_2" interline="19" left="1248" top="2507" id="1191">
        <run-table orientation="VERTICAL" width="20" height="53">
            <runs>12 4 11</runs>
            <runs>0 2 11 4 11</runs>
            <runs>0 3 10 5 10</runs>
            <runs>0 4 9 7 9</runs>
            <runs>0 5 8 8 8</runs>
            <runs>0 6 8 8 8</runs>
            <runs>0 7 7 9 8</runs>
            <runs>0 8 7 9 7</runs>
            <runs>0 9 6 10 6</runs>
            <runs>0 10 6 10 5</runs>
            <runs>0 11 6 11 4</runs>
            <runs>0 11 6 12 4</runs>
            <runs>0 12 6 12 4</runs>
            <runs>0 13 6 11 4</runs>
            <runs>0 14 7 11 2 1 1</runs>
            <runs>0 15 7 11 1 1 4</runs>
            <runs>0 17 7 10 8</runs>
            <runs>0 18 9 6 1 3 8</runs>
            <runs>0 20 15 5 10</runs>
            <runs>0 23 9 11 10</runs>
        </run-table>
    </sample>
    <sample shape="FLAG_2_UP" interline="19" left="742" top="1434" id="924">
        <run-table orientation="VERTICAL" width="23" height="59">
            <runs>0 33 11 4 11</runs>
            <runs>0 33 10 5 10</runs>
            <runs>0 32 9 7 9</runs>
            <runs>0 32 8 8 8</runs>
            <runs>0 32 6 10 7</runs>
            <runs>0 31 7 10 6</runs>
            <runs>0 31 7 9 6</runs>
            <runs>0 31 7 9 5</runs>
            <runs>0 31 7 8 6</runs>
            <runs>0 30 5 11 5</runs>
            <runs>0 30 4 11 5</runs>
            <runs>0 29 4 11 5</runs>
            <runs>0 28 4 12 5</runs>
            <runs>0 27 5 11 5</runs>
            <runs>0 26 5 11 5</runs>
            <runs>0 25 5 11 5</runs>
            <runs>0 23 6 10 6</runs>
            <runs>0 19 8 12 4</runs>
            <runs>0 18 7 12 5</runs>
            <runs>0 15 12 7 7</runs>
            <runs>20 4 15</runs>
            <runs>0 37 2</runs>
            <runs>0 37 1</runs>
        </run-table>
    </sample>
    <sample shape="FLAG_2_UP" interline="19" left="1786" top="1434" id="1004">
        <run-table orientation="VERTICAL" width="23" height="59">
            <runs>0 33 11 4 11</runs>
            <runs>0 33 10 5 10</runs>
            <runs>0 32 9 7 9</runs>
            <runs>0 32 8 8 8</runs>
            <runs>0 32 6 10 7</runs>
            <runs>0 31 7 10 6</runs>
            <runs>0 31 7 9 6</runs>
            <runs>0 31 7 9 5</runs>
            <runs>0 31 7 8 6</runs>
            <runs>0 30 5 11 5</runs>
            <runs>0 30 4 11 5</runs>
            <runs>0 29 4 11 5</runs>
            <runs>0 28 4 12 5</runs>
            <runs>0 27 5 11 5</runs>
            <runs>0 26 5 11 5</runs>
            <runs>0 25 5 11 5</runs>
            <runs>0 23 6 10 6</runs>
            <runs>0 19 8 12 4</runs>
            <runs>0 18 7 12 5</runs>
            <runs>0 15 12 7 7</runs>
            <runs>20 4 15</runs>
            <runs>17 1 2 7 12</runs>
            <runs>0 37 1</runs>
        </run-table>
    </sample>
    <sample shape="DYNAMICS_P" interline="19" left="624" top="903" id="396">
        <run-table orientation="VERTICAL" width="39" height="32">
            <runs>0 30 2</runs>
            <runs>0 30 2</runs>
            <runs>0 30 2</runs>
            <runs>0 30 2</runs>
            <runs>0 30 2</runs>
            <runs>0 30 2</runs>
            <runs>0 30 2</runs>
            <runs>0 28 4</runs>
            <runs>0 9 2 15 6</runs>
            <runs>0 7 4 13 8</runs>
            <runs>0 6 3 13 10</runs>
            <runs>0 4 3 13 12</runs>
            <runs>0 3 3 11 15</runs>
            <runs>0 2 2 11 17</runs>
            <runs>0 1 2 9 20</runs>
            <runs>0 1 2 7 19 1 2</runs>
            <runs>2 6 19 3 2</runs>
            <runs>3 2 20 5 2</runs>
            <runs>23 7 2</runs>
            <runs>20 10 2</runs>
            <runs>20</runs>
            <runs>21</runs>
            <runs>0 1 13 3 4</runs>
            <runs>0 2 8 8 4</runs>
            <runs>0 3 5 11 3</runs>
            <runs>0 3 3 12 4</runs>
            <runs>0 2 3 12 5</runs>
            <runs>0 1 3 12 6</runs>
            <runs>0 1 2 11 8</runs>
            <runs>3 9 9</runs>
            <runs>3 7 11</runs>
            <runs>3 4 13</runs>
            <runs>20</runs>
            <runs>19</runs>
            <runs>17</runs>
            <runs>16</runs>
            <runs>0 1 14</runs>
            <runs>0 2 11</runs>
            <runs>0 5 5</runs>
        </run-table>
    </sample>
    <sample shape="DYNAMICS_P" interline="19" left="718" top="1361" id="539">
        <run-table orientation="VERTICAL" width="39" height="32">
            <runs>0 30 2</runs>
            <runs>0 30 2</runs>
            <runs>0 30 2</runs>
            <runs>0 30 2</runs>
            <runs>0 30 2</runs>
            <runs>0 30 2</runs>
            <runs>0 30 2</runs>
            <runs>0 28 4</runs>
            <runs>0 9 2 15 6</runs>
            <runs>0 7 4 12 9</runs>
            <runs>0 6 3 12 11</runs>
            <runs>0 4 3 13 12</runs>
            <runs>0 3 3 11 15</runs>
            <runs>0 2 2 11 17</runs>
            <runs>0 1 2 9 20</runs>
            <runs>0 1 2 7 19 1 2</runs>
            <runs>2 6 19 3 2</runs>
            <runs>3 2 19 6 2</runs>
            <runs>22 8 2</runs>
            <runs>20 10 2</runs>
            <runs>20</runs>
            <runs>21</runs>
            <runs>0 1 13 3 4</runs>
            <runs>0 2 8 8 4</runs>
            <runs>0 3 5 11 3</runs>
            <runs>0 3 3 12 4</runs>
            <runs>0 2 3 12 5</runs>
            <runs>0 1 3 12 6</runs>
            <runs>0 1 2 11 8</runs>
            <runs>3 9 9</runs>
            <runs>3 7 11</runs>
            <runs>3 4 13</runs>
            <runs>20</runs>
            <runs>19</runs>
            <runs>17</runs>
            <runs>16</runs>
            <runs>0 1 14</runs>
            <runs>0 2 11</runs>
            <runs>0 5 5</runs>
        </run-table>
    </sample>
    <sample shape="PEDAL_MARK" interline="19" left="622" top="1096" id="395">
        <run-table orientation="VERTICAL" width="54" height="38">
            <runs>0 9 5</runs>
            <runs>0 5 12</runs>
            <runs>0 4 3 5 5</runs>
            <runs>0 3 3 6 5 18 3</runs>
            <runs>0 3 2 7 5 17 4</runs>
            <runs>0 2 2 8 4 17 5</runs>
            <runs>0 2 1 9 4 16 5</runs>
            <runs>0 1 2 8 4 16 6</runs>
            <runs>0 1 1 7 4 18 5</runs>
            <runs>2 6 3 19 5</runs>
            <runs>2 28 5</runs>
            <runs>1 5 9 15 4</runs>
            <runs>1 1 15 12 4</runs>
            <runs>19 10 3</runs>
            <runs>3 8 10 6 4</runs>
            <runs>1 7 2 2 20</runs>
            <runs>1 8 2 3 19</runs>
            <runs>1 9 2 4 11 2 4</runs>
            <runs>2 8 3 5 7 4 5</runs>
            <runs>2 9 3 15 6</runs>
            <runs>2 9 3 16 6</runs>
            <runs>0 1 2 8 3 17 7</runs>
            <runs>0 1 2 8 4 16 7</runs>
            <runs>0 2 2 6 5 17 6</runs>
            <runs>0 3 2 5 4 20 3</runs>
            <runs>0 3 11 9 7 3 3</runs>
            <runs>0 5 9 7 14</runs>
            <runs>0 6 7 7 15</runs>
            <runs>0 8 3 8 4 3 10</runs>
            <runs>0 19 2 9 7</runs>
            <runs>0 12 1 5 3 8 8</runs>
            <runs>0 12 1 5 3 7 3 2 5</runs>
            <runs>0 12 1 5 4 4 3 5 4</runs>
            <runs>0 12 1 6 5 1 3 7 3</runs>
            <runs>0 12 2 5 8 9 2</runs>
            <runs>0 12 2 6 6 9 3</runs>
            <runs>0 12 2 7 4 10 3</runs>
            <runs>0 13 1 20 3</runs>
            <runs>0 13 1 18 4</runs>
            <runs>0 13 2 10 10</runs>
            <runs>0 13 2 7 11</runs>
            <runs>0 13 2 5 15</runs>
            <runs>0 14 2 3 17</runs>
            <runs>0 14 2 3 2 9 7</runs>
            <runs>0 14 3 1 2 12 5</runs>
            <runs>0 15 3 16 4</runs>
            <runs>0 15 3 17 3</runs>
            <runs>0 16 4 16 2</runs>
            <runs>0 17 7 12 2</runs>
            <runs>0 18 8 10 2</runs>
            <runs>0 19 11 4 4</runs>
            <runs>0 21 16</runs>
            <runs>0 23 12</runs>
            <runs>0 25 8</runs>
        </run-table>
    </sample>
</samples>
