<?xml version="1.0" encoding="UTF-8" standalone="yes"?>
<samples sheet-name="IMSLP00003#12">
    <sample shape="G_CLEF" interline="22" pitch="0.5" left="129" top="249" id="247">
        <run-table orientation="VERTICAL" width="56" height="154">
            <runs>0 84 14</runs>
            <runs>0 83 18</runs>
            <runs>0 80 23</runs>
            <runs>0 73 32</runs>
            <runs>0 73 34</runs>
            <runs>0 72 37</runs>
            <runs>0 70 23 2 15</runs>
            <runs>0 68 19 13 11</runs>
            <runs>0 67 18 18 9</runs>
            <runs>0 65 19 22 7</runs>
            <runs>0 65 18 25 6 26 2 2 2</runs>
            <runs>0 64 17 29 5 21 11</runs>
            <runs>0 63 16 32 4 20 13</runs>
            <runs>0 61 16 34 7 16 14</runs>
            <runs>0 60 16 36 7 14 16</runs>
            <runs>0 59 17 38 2 16 19</runs>
            <runs>0 58 17 15 8 16 2 16 19</runs>
            <runs>0 57 15 14 15 14 1 16 20</runs>
            <runs>0 56 15 13 18 13 1 16 20</runs>
            <runs>0 56 14 14 20 28 21</runs>
            <runs>0 29 11 12 17 14 10 8 4 27 21</runs>
            <runs>0 24 21 7 17 12 10 12 3 26 21</runs>
            <runs>0 20 28 3 17 12 9 15 3 26 16 1 4</runs>
            <runs>0 18 49 13 8 17 3 25 15 2 4</runs>
            <runs>0 15 23 1 27 13 8 19 2 25 14 4 3</runs>
            <runs>0 13 21 14 18 12 8 21 1 26 12 5 3</runs>
            <runs>0 12 16 20 21 4 13 49 10 6 3</runs>
            <runs>0 10 15 23 38 52 6 7 3</runs>
            <runs>0 8 15 24 15 4 21 64 3</runs>
            <runs>0 7 14 25 15 10 17 63 2</runs>
            <runs>0 5 15 25 15 14 24 52 3</runs>
            <runs>0 4 14 26 15 15 13 1 11 51 3</runs>
            <runs>0 3 14 25 16 16 10 8 13 44 4</runs>
            <runs>0 2 14 25 16 17 10 12 16 36 4</runs>
            <runs>0 1 13 26 16 18 10 18 18 27 4</runs>
            <runs>0 1 12 25 16 20 10 24 15 23 5</runs>
            <runs>12 25 17 20 10 29 16 16 6</runs>
            <runs>0 1 10 25 18 20 10 31 33</runs>
            <runs>0 2 9 19 21 23 10 31 33</runs>
            <runs>0 5 7 18 18 26 10 31 2 10 19</runs>
            <runs>0 7 7 14 18 28 10 30 3 19 6</runs>
            <runs>0 9 10 5 20 30 11 29 3</runs>
            <runs>0 10 32 32 12 27 4</runs>
            <runs>0 14 26 34 12 25 5</runs>
            <runs>0 18 16 2 2 36 13 23 5</runs>
            <runs>0 31 2 44 11 22 4</runs>
            <runs>0 31 1 46 11 19 5</runs>
            <runs>0 31 1 46 12 17 6</runs>
            <runs>0 31 1 47 13 13 7</runs>
            <runs>0 80 18 4 9</runs>
            <runs>0 81 29</runs>
            <runs>0 82 27</runs>
            <runs>0 83 1 1 22</runs>
            <runs>0 86 19</runs>
            <runs>0 88 14</runs>
            <runs>0 91 7</runs>
        </run-table>
    </sample>
    <sample shape="G_CLEF" interline="22" pitch="0.3" left="131" top="777" id="282">
        <run-table orientation="VERTICAL" width="55" height="155">
            <runs>0 85 15</runs>
            <runs>0 82 19</runs>
            <runs>0 75 29</runs>
            <runs>0 75 32</runs>
            <runs>0 73 34</runs>
            <runs>0 71 39</runs>
            <runs>0 70 21 6 14</runs>
            <runs>0 68 19 16 9</runs>
            <runs>0 67 18 20 7</runs>
            <runs>0 65 17 26 6</runs>
            <runs>0 64 16 30 5 25 5</runs>
            <runs>0 62 16 33 4 23 10</runs>
            <runs>0 61 17 34 4 20 13</runs>
            <runs>0 61 17 35 4 18 16</runs>
            <runs>0 60 18 36 3 17 17</runs>
            <runs>0 58 16 41 3 16 18</runs>
            <runs>0 57 16 18 9 15 3 15 20</runs>
            <runs>0 53 18 17 13 15 3 14 20</runs>
            <runs>0 54 17 15 17 14 2 14 21</runs>
            <runs>0 54 16 14 21 12 2 14 22</runs>
            <runs>0 25 1 2 15 10 16 14 9 6 8 11 2 14 22</runs>
            <runs>0 23 25 5 15 13 9 15 2 10 2 15 16 1 4</runs>
            <runs>0 20 47 13 9 17 2 10 1 15 15 2 4</runs>
            <runs>0 18 48 13 9 19 2 9 1 16 14 3 3</runs>
            <runs>0 17 18 12 19 13 8 21 1 9 1 16 13 4 3</runs>
            <runs>0 14 20 15 21 6 11 31 1 17 11 5 3</runs>
            <runs>0 12 14 23 37 32 1 19 7 7 3</runs>
            <runs>0 10 14 24 15 4 19 54 2 11 2</runs>
            <runs>0 9 13 25 15 7 17 67 2</runs>
            <runs>0 7 14 25 15 14 15 62 2</runs>
            <runs>0 6 13 26 15 15 25 52 2</runs>
            <runs>0 5 12 26 16 16 9 4 12 51 3</runs>
            <runs>0 3 14 25 16 17 9 12 12 42 3</runs>
            <runs>0 2 13 26 16 18 9 19 11 35 4</runs>
            <runs>0 1 14 25 16 19 9 23 15 26 4</runs>
            <runs>14 24 18 20 8 28 14 1 1 17 1 1 5</runs>
            <runs>12 24 20 19 9 32 16 2 2 8 7</runs>
            <runs>0 1 11 19 20 24 9 33 33</runs>
            <runs>0 4 9 18 19 25 9 32 2 9 21</runs>
            <runs>0 6 8 16 18 27 9 32 2 16 3 1 6</runs>
            <runs>0 7 10 11 18 29 10 30 3</runs>
            <runs>0 9 11 2 22 31 10 29 4</runs>
            <runs>0 11 31 34 10 27 4</runs>
            <runs>0 15 24 37 11 26 3</runs>
            <runs>0 18 17 40 12 25 3</runs>
            <runs>0 79 10 22 4</runs>
            <runs>0 79 11 19 5</runs>
            <runs>0 80 12 15 6</runs>
            <runs>0 81 13 11 7</runs>
            <runs>0 81 30</runs>
            <runs>0 82 28</runs>
            <runs>0 84 25</runs>
            <runs>0 86 21</runs>
            <runs>0 89 15</runs>
            <runs>0 92 10</runs>
        </run-table>
    </sample>
    <sample shape="G_CLEF" interline="22" pitch="0.4" left="128" top="1305" id="320">
        <run-table orientation="VERTICAL" width="55" height="155">
            <runs>0 84 17</runs>
            <runs>0 75 27</runs>
            <runs>0 75 30</runs>
            <runs>0 74 33</runs>
            <runs>0 72 36</runs>
            <runs>0 70 40</runs>
            <runs>0 69 42</runs>
            <runs>0 67 21 10 2 2 9</runs>
            <runs>0 66 20 12 1 6 9</runs>
            <runs>0 65 17 16 1 8 7</runs>
            <runs>0 64 16 18 1 10 6</runs>
            <runs>0 62 17 19 1 11 5 22 9</runs>
            <runs>0 61 16 35 4 20 12</runs>
            <runs>0 60 17 36 7 14 16</runs>
            <runs>0 59 18 37 4 16 17</runs>
            <runs>0 58 19 37 4 15 18</runs>
            <runs>0 58 14 17 10 16 3 15 19</runs>
            <runs>0 56 16 15 14 15 2 15 19</runs>
            <runs>0 53 17 15 18 13 2 15 20</runs>
            <runs>0 27 15 11 17 13 22 12 1 15 20</runs>
            <runs>0 22 26 5 16 13 10 10 4 11 1 15 20</runs>
            <runs>0 20 48 13 10 14 2 10 1 15 21</runs>
            <runs>0 17 50 13 9 17 2 9 1 16 20</runs>
            <runs>0 14 20 13 19 14 8 18 3 25 15 2 4</runs>
            <runs>0 13 20 16 18 12 9 19 2 25 14 4 3</runs>
            <runs>0 11 16 22 38 48 13 4 3</runs>
            <runs>0 10 15 23 38 50 11 5 3</runs>
            <runs>0 8 15 24 15 7 17 51 8 7 3</runs>
            <runs>0 6 15 25 15 13 13 53 3 9 2</runs>
            <runs>0 6 13 25 16 15 16 61 2</runs>
            <runs>0 4 14 25 16 16 24 52 3</runs>
            <runs>0 3 14 24 17 17 10 4 12 50 3</runs>
            <runs>0 2 13 25 17 18 9 11 10 46 2</runs>
            <runs>0 1 13 26 16 18 10 12 15 39 3</runs>
            <runs>13 25 17 19 10 22 15 27 4</runs>
            <runs>0 1 11 24 19 19 10 27 12 24 4</runs>
            <runs>0 3 8 19 25 19 10 30 15 16 6</runs>
            <runs>0 5 7 18 21 23 10 32 18 1 3 5 7</runs>
            <runs>0 6 6 18 19 25 10 32 2 8 23</runs>
            <runs>0 8 3 2 5 8 20 29 10 31 2 12 17</runs>
            <runs>0 12 32 31 10 30 3 18 8</runs>
            <runs>0 13 28 34 11 28 4</runs>
            <runs>0 16 23 35 12 28 3</runs>
            <runs>0 22 12 40 13 26 3</runs>
            <runs>0 74 13 25 4</runs>
            <runs>0 78 10 22 5</runs>
            <runs>0 79 7 2 2 20 4</runs>
            <runs>0 79 13 16 5</runs>
            <runs>0 80 13 12 7</runs>
            <runs>0 81 19 3 8</runs>
            <runs>0 82 28</runs>
            <runs>0 83 26</runs>
            <runs>0 85 22</runs>
            <runs>0 86 18</runs>
            <runs>0 90 11</runs>
        </run-table>
    </sample>
    <sample shape="G_CLEF" interline="22" pitch="0.5" left="130" top="1529" id="323">
        <run-table orientation="VERTICAL" width="56" height="153">
            <runs>0 83 15</runs>
            <runs>0 78 22</runs>
            <runs>0 73 29</runs>
            <runs>0 73 31</runs>
            <runs>0 72 34</runs>
            <runs>0 69 39</runs>
            <runs>0 68 41</runs>
            <runs>0 66 22 1 2 3 16</runs>
            <runs>0 64 20 1 1 15 10 27 1 2 1</runs>
            <runs>0 64 18 21 9 25 7</runs>
            <runs>0 62 18 26 7 22 11</runs>
            <runs>0 62 16 30 5 21 13</runs>
            <runs>0 61 15 33 5 18 17</runs>
            <runs>0 60 16 35 4 16 18</runs>
            <runs>0 59 17 36 4 15 20</runs>
            <runs>0 58 14 40 7 11 21</runs>
            <runs>0 57 14 17 10 15 3 14 22</runs>
            <runs>0 56 15 14 14 14 3 14 22</runs>
            <runs>0 52 17 14 18 13 2 14 22</runs>
            <runs>0 52 16 14 21 12 1 14 22</runs>
            <runs>0 32 1 19 15 13 13 1 10 11 1 14 17 1 4</runs>
            <runs>0 26 16 10 14 13 11 12 4 9 1 14 17 2 3</runs>
            <runs>0 22 26 3 15 12 11 14 3 9 1 15 15 4 3</runs>
            <runs>0 18 47 13 9 17 3 24 15 4 3</runs>
            <runs>0 16 49 12 9 19 3 24 13 5 2</runs>
            <runs>0 15 18 15 18 7 12 48 10 7 2</runs>
            <runs>0 13 20 15 22 3 12 48 8 9 2</runs>
            <runs>0 11 15 22 36 51 3 12 2</runs>
            <runs>0 9 15 22 17 2 19 65 3</runs>
            <runs>0 8 14 24 14 13 16 60 3</runs>
            <runs>0 6 14 25 15 14 20 54 3</runs>
            <runs>0 5 13 25 15 16 24 6 1 42 4</runs>
            <runs>0 4 13 25 15 16 10 8 17 39 3</runs>
            <runs>0 3 12 26 15 17 9 13 18 32 5</runs>
            <runs>0 1 13 26 15 18 9 19 18 24 6</runs>
            <runs>0 1 12 26 16 18 9 26 19 14 7</runs>
            <runs>12 25 18 18 9 31 22 3 8</runs>
            <runs>11 24 20 18 10 31 31</runs>
            <runs>0 1 9 20 20 24 9 31 2 10 15</runs>
            <runs>0 2 9 19 19 24 10 30 3 15 7</runs>
            <runs>0 4 9 16 19 26 9 30 3</runs>
            <runs>0 7 7 12 19 28 11 28 4</runs>
            <runs>0 9 11 3 20 30 11 27 5</runs>
            <runs>0 11 29 33 12 25 5</runs>
            <runs>0 15 23 35 13 23 5</runs>
            <runs>0 22 11 40 13 22 6</runs>
            <runs>0 77 11 19 6</runs>
            <runs>0 78 11 15 8</runs>
            <runs>0 78 14 10 9</runs>
            <runs>0 80 30</runs>
            <runs>0 81 28</runs>
            <runs>0 82 25</runs>
            <runs>0 84 22</runs>
            <runs>0 86 18</runs>
            <runs>0 88 13</runs>
            <runs>0 97 2</runs>
        </run-table>
    </sample>
    <sample shape="G_CLEF" interline="22" pitch="0.5" left="129" top="1834" id="335">
        <run-table orientation="VERTICAL" width="59" height="155">
            <runs>0 87 12</runs>
            <runs>0 82 18</runs>
            <runs>0 78 24</runs>
            <runs>0 74 32</runs>
            <runs>0 73 34</runs>
            <runs>0 71 38</runs>
            <runs>0 69 42</runs>
            <runs>0 68 23 3 18</runs>
            <runs>0 66 20 17 10</runs>
            <runs>0 65 19 22 8</runs>
            <runs>0 63 19 26 7</runs>
            <runs>0 63 16 31 5 25 5</runs>
            <runs>0 61 17 33 5 20 12</runs>
            <runs>0 60 17 35 5 18 15</runs>
            <runs>0 59 17 37 7 14 7 1 9</runs>
            <runs>0 58 18 15 2 21 3 17 7 1 9</runs>
            <runs>0 57 19 13 10 16 2 16 19</runs>
            <runs>0 56 16 15 13 16 1 16 20</runs>
            <runs>0 55 15 14 19 13 1 16 21</runs>
            <runs>0 25 1 3 11 12 17 14 22 28 21</runs>
            <runs>0 22 23 7 16 14 24 27 21</runs>
            <runs>0 18 30 3 17 12 12 11 4 26 22</runs>
            <runs>0 17 50 13 11 13 4 25 22</runs>
            <runs>0 15 19 1 2 1 1 5 22 13 10 16 4 25 16 1 4</runs>
            <runs>0 12 20 15 19 13 9 19 2 25 15 2 4</runs>
            <runs>0 10 15 22 21 10 9 48 14 3 3</runs>
            <runs>0 9 15 23 39 49 13 4 3</runs>
            <runs>0 7 16 23 40 50 11 5 3</runs>
            <runs>0 6 15 24 17 8 17 50 8 7 3</runs>
            <runs>0 5 14 25 17 12 15 64 3</runs>
            <runs>0 4 13 26 17 14 25 52 4</runs>
            <runs>0 3 13 25 17 16 27 50 4</runs>
            <runs>0 1 14 25 17 17 11 5 16 44 4</runs>
            <runs>0 1 12 26 17 18 10 11 17 1 1 35 5</runs>
            <runs>12 24 19 19 10 17 20 27 5</runs>
            <runs>11 24 20 20 9 22 1 1 15 24 6</runs>
            <runs>0 1 10 23 21 19 10 28 20 13 7</runs>
            <runs>0 3 7 19 21 24 10 31 22 4 10</runs>
            <runs>0 4 7 18 19 26 10 32 34</runs>
            <runs>0 7 7 12 20 28 10 44 20</runs>
            <runs>0 8 36 30 11 30 1 14 1 1 13</runs>
            <runs>0 11 31 32 12 28 2</runs>
            <runs>0 13 26 35 12 27 7</runs>
            <runs>0 16 19 2 1 36 13 25 5</runs>
            <runs>0 23 10 41 14 23 6</runs>
            <runs>0 74 15 21 6</runs>
            <runs>0 78 13 17 7</runs>
            <runs>0 79 14 13 8</runs>
            <runs>0 80 19 5 8</runs>
            <runs>0 80 31</runs>
            <runs>0 81 30</runs>
            <runs>0 83 27</runs>
            <runs>0 85 22</runs>
            <runs>0 87 19</runs>
            <runs>0 89 13</runs>
            <runs>0 98 2</runs>
            <runs>0 98 1</runs>
            <runs>0 98 1</runs>
            <runs>0 98 1</runs>
        </run-table>
    </sample>
    <sample shape="G_CLEF" interline="22" pitch="0.5" left="126" top="2898" id="420">
        <run-table orientation="VERTICAL" width="55" height="154">
            <runs>0 87 12</runs>
            <runs>0 82 18 2 2</runs>
            <runs>0 79 27</runs>
            <runs>0 74 34</runs>
            <runs>0 74 36</runs>
            <runs>0 72 38</runs>
            <runs>0 70 23 2 7 1 8 31 1</runs>
            <runs>0 68 22 16 6 24 8</runs>
            <runs>0 67 18 24 4 22 12</runs>
            <runs>0 66 17 27 5 19 15</runs>
            <runs>0 64 17 31 4 17 17</runs>
            <runs>0 64 16 32 4 17 17</runs>
            <runs>0 63 15 35 4 15 19</runs>
            <runs>0 62 15 37 3 15 20</runs>
            <runs>0 61 16 38 2 13 23</runs>
            <runs>0 60 17 38 2 13 23</runs>
            <runs>0 59 14 16 11 2 1 13 1 14 23</runs>
            <runs>0 58 15 13 18 12 1 14 23</runs>
            <runs>0 56 15 14 21 25 18 1 4</runs>
            <runs>0 46 2 4 18 14 18 1 3 26 16 4 2</runs>
            <runs>0 45 2 5 17 14 12 10 2 26 14 5 1</runs>
            <runs>0 45 1 6 16 14 11 13 2 26 12 6 2</runs>
            <runs>0 27 18 7 16 13 10 16 2 25 12 5 3</runs>
            <runs>0 22 28 1 16 13 8 48 8 7 3</runs>
            <runs>0 19 47 13 9 50 1 12 3</runs>
            <runs>0 17 24 3 22 12 9 64 3</runs>
            <runs>0 14 19 16 38 64 3</runs>
            <runs>0 13 19 17 38 63 4</runs>
            <runs>0 11 16 21 15 5 19 63 4</runs>
            <runs>0 9 16 21 16 12 17 59 3</runs>
            <runs>0 7 16 22 16 13 26 2 8 38 5</runs>
            <runs>0 6 16 23 15 14 13 3 31 27 4</runs>
            <runs>0 5 14 25 15 16 10 11 29 20 6</runs>
            <runs>0 4 14 23 17 17 10 26 26 2 1 1 9</runs>
            <runs>0 2 15 24 16 17 11 30 34</runs>
            <runs>0 2 13 25 16 19 10 37 1 1 24</runs>
            <runs>0 1 13 24 17 20 10 44 16</runs>
            <runs>13 24 18 20 10</runs>
            <runs>13 22 20 20 10 30 1</runs>
            <runs>12 18 21 3 1 20 11 28 2</runs>
            <runs>0 2 10 18 19 5 1 20 11 27 7</runs>
            <runs>0 4 9 15 19 7 1 20 11 26 5</runs>
            <runs>0 6 9 11 20 8 1 20 12 24 5</runs>
            <runs>0 10 32 12 2 18 14 21 6</runs>
            <runs>0 12 28 14 1 24 11 18 6</runs>
            <runs>0 17 17 1 1 18 1 25 11 16 7</runs>
            <runs>0 20 6 2 2 24 1 25 14 11 8</runs>
            <runs>0 80 18 4 10</runs>
            <runs>0 82 29</runs>
            <runs>0 83 26</runs>
            <runs>0 84 24</runs>
            <runs>0 86 20</runs>
            <runs>0 87 17</runs>
            <runs>0 89 13</runs>
            <runs>0 93 3</runs>
        </run-table>
    </sample>
    <sample shape="F_CLEF" interline="22" pitch="-1.7" left="126" top="1033" id="292">
        <run-table orientation="VERTICAL" width="61" height="65">
            <runs>0 62 3</runs>
            <runs>0 62 3</runs>
            <runs>0 62 3</runs>
            <runs>0 62 3</runs>
            <runs>0 16 2 44 3</runs>
            <runs>0 13 8 40 3</runs>
            <runs>0 10 16 34 4</runs>
            <runs>0 8 18 35 3</runs>
            <runs>0 6 20 34 4</runs>
            <runs>0 6 6 6 9 33 4</runs>
            <runs>0 1 9 7 10 33 3</runs>
            <runs>0 1 8 7 12 31 4</runs>
            <runs>0 4 3 9 12 31 3</runs>
            <runs>0 4 2 10 12 30 4</runs>
            <runs>0 4 2 10 12 30 4</runs>
            <runs>0 4 1 11 12 29 4</runs>
            <runs>0 4 1 10 13 29 4</runs>
            <runs>0 4 1 11 11 29 4</runs>
            <runs>0 4 1 11 10 30 4</runs>
            <runs>0 17 9 29 5</runs>
            <runs>0 18 8 28 5</runs>
            <runs>0 20 3 31 4</runs>
            <runs>0 53 5</runs>
            <runs>0 52 6</runs>
            <runs>0 51 6</runs>
            <runs>0 50 6</runs>
            <runs>0 49 7</runs>
            <runs>0 46 9</runs>
            <runs>0 45 10</runs>
            <runs>0 4 1 40 9</runs>
            <runs>0 4 1 40 8</runs>
            <runs>0 4 2 37 10</runs>
            <runs>7 34 11</runs>
            <runs>8 30 1 1 11</runs>
            <runs>0 1 8 29 12</runs>
            <runs>0 1 10 25 13</runs>
            <runs>0 1 13 19 16</runs>
            <runs>0 1 15 14 18</runs>
            <runs>0 1 47</runs>
            <runs>0 1 47</runs>
            <runs>0 5 42</runs>
            <runs>0 5 38</runs>
            <runs>0 6 36</runs>
            <runs>0 7 34</runs>
            <runs>0 9 31</runs>
            <runs>0 10 28</runs>
            <runs>0 11 24</runs>
            <runs>0 13 22</runs>
            <runs>0 15 15</runs>
            <runs>0 25 2</runs>
            <runs>0 25 1</runs>
            <runs>0 10 3</runs>
            <runs>0 9 5</runs>
            <runs>0 8 8 13 4</runs>
            <runs>0 8 8 12 7</runs>
            <runs>0 8 8 11 8</runs>
            <runs>0 8 8 11 8</runs>
            <runs>0 8 7 12 8</runs>
            <runs>0 8 7 13 7</runs>
            <runs>0 9 5 14 7</runs>
            <runs>0 10 2 17 4</runs>
        </run-table>
    </sample>
    <sample shape="F_CLEF" interline="22" pitch="-1.5" left="125" top="2086" id="348">
        <run-table orientation="VERTICAL" width="57" height="64">
            <runs>0 61 3</runs>
            <runs>0 61 3</runs>
            <runs>0 16 7 38 3</runs>
            <runs>0 12 14 35 3</runs>
            <runs>0 10 16 34 4</runs>
            <runs>0 8 5 6 7 33 4</runs>
            <runs>0 7 4 8 7 33 4</runs>
            <runs>0 6 4 8 8 33 4</runs>
            <runs>0 5 3 9 11 30 5</runs>
            <runs>0 4 3 10 11 30 5</runs>
            <runs>0 4 2 10 12 29 5</runs>
            <runs>0 4 2 10 12 29 4</runs>
            <runs>0 4 1 11 12 28 5</runs>
            <runs>0 4 1 11 12 28 5</runs>
            <runs>0 16 12 28 4</runs>
            <runs>0 17 10 28 5</runs>
            <runs>0 18 8 28 6</runs>
            <runs>0 19 7 27 6</runs>
            <runs>0 53 6</runs>
            <runs>0 52 6</runs>
            <runs>0 52 5</runs>
            <runs>0 50 7</runs>
            <runs>0 49 6</runs>
            <runs>0 49 6</runs>
            <runs>0 45 10</runs>
            <runs>0 4 1 40 9</runs>
            <runs>0 4 1 40 9</runs>
            <runs>0 4 2 38 9</runs>
            <runs>0 4 3 36 9</runs>
            <runs>0 1 7 32 12</runs>
            <runs>0 1 8 31 11</runs>
            <runs>0 1 9 27 13</runs>
            <runs>0 1 10 24 14</runs>
            <runs>14 20 15</runs>
            <runs>0 1 18 3 26</runs>
            <runs>0 5 42</runs>
            <runs>0 5 42</runs>
            <runs>0 6 41</runs>
            <runs>0 7 36</runs>
            <runs>0 8 33</runs>
            <runs>0 9 31</runs>
            <runs>0 10 29</runs>
            <runs>0 12 24</runs>
            <runs>0 14 20</runs>
            <runs>0 16 16</runs>
            <runs>0 25 4</runs>
            <runs></runs>
            <runs></runs>
            <runs>0 11 3</runs>
            <runs>0 10 5 16 2</runs>
            <runs>0 9 7 14 5</runs>
            <runs>0 9 7 13 7</runs>
            <runs>0 9 8 12 7</runs>
            <runs>0 9 8 12 8</runs>
            <runs>0 9 7 13 7</runs>
            <runs>0 10 5 14 7</runs>
            <runs>0 29 7</runs>
        </run-table>
    </sample>
    <sample shape="F_CLEF" interline="22" pitch="-1.5" left="123" top="2616" id="381">
        <run-table orientation="VERTICAL" width="60" height="64">
            <runs>0 61 3</runs>
            <runs>0 61 3</runs>
            <runs>0 61 3</runs>
            <runs>0 60 4</runs>
            <runs>0 60 4</runs>
            <runs>0 14 5 41 3</runs>
            <runs>0 12 12 36 3</runs>
            <runs>0 9 16 34 4</runs>
            <runs>0 8 8 1 9 32 5</runs>
            <runs>0 7 4 7 8 32 5</runs>
            <runs>0 6 3 8 10 31 4</runs>
            <runs>0 5 3 8 11 31 4</runs>
            <runs>0 5 2 9 11 30 4</runs>
            <runs>0 4 2 10 11 30 4</runs>
            <runs>0 4 1 10 12 30 4</runs>
            <runs>0 4 1 10 13 28 4</runs>
            <runs>0 4 1 10 12 29 4</runs>
            <runs>0 15 12 28 5</runs>
            <runs>0 15 11 29 4</runs>
            <runs>0 16 10 28 5</runs>
            <runs>0 17 8 29 4</runs>
            <runs>0 18 7 28 5</runs>
            <runs>0 52 5</runs>
            <runs>0 51 6</runs>
            <runs>0 50 6</runs>
            <runs>0 49 7</runs>
            <runs>0 48 7</runs>
            <runs>0 44 10</runs>
            <runs>0 44 10</runs>
            <runs>0 4 1 39 9</runs>
            <runs>0 4 1 39 8</runs>
            <runs>0 4 2 36 10</runs>
            <runs>7 34 10</runs>
            <runs>8 31 11</runs>
            <runs>9 29 12</runs>
            <runs>11 24 13</runs>
            <runs>0 1 11 20 15</runs>
            <runs>0 1 14 14 17</runs>
            <runs>0 1 35 1 9</runs>
            <runs>0 5 41</runs>
            <runs>0 6 40</runs>
            <runs>0 7 35</runs>
            <runs>0 7 34</runs>
            <runs>0 8 32</runs>
            <runs>0 10 27</runs>
            <runs>0 11 25</runs>
            <runs>0 12 22</runs>
            <runs>0 15 17</runs>
            <runs>0 20 8</runs>
            <runs></runs>
            <runs></runs>
            <runs>0 11 1</runs>
            <runs>0 9 4</runs>
            <runs>0 8 6 15 4</runs>
            <runs>0 8 6 13 7</runs>
            <runs>0 8 7 12 8</runs>
            <runs>0 8 7 12 8</runs>
            <runs>0 8 7 12 8</runs>
            <runs>0 9 5 14 6</runs>
            <runs>0 10 3 15 5</runs>
        </run-table>
    </sample>
    <sample shape="SHARP" interline="22" pitch="-4.0" left="202" top="246" id="273">
        <run-table orientation="VERTICAL" width="23" height="63">
            <runs>0 45 8</runs>
            <runs>0 23 11 11 8</runs>
            <runs>0 23 8 14 8</runs>
            <runs>0 23 8 13 8</runs>
            <runs>0 10 3 9 12 10 8</runs>
            <runs>0 7 55</runs>
            <runs>0 7 5 7 44</runs>
            <runs>0 21 8 10 1 1 9</runs>
            <runs>0 20 8 13 8</runs>
            <runs>0 20 8 13 8</runs>
            <runs>0 19 8 13 8</runs>
            <runs>0 18 8 14 8</runs>
            <runs>0 18 8 14 7</runs>
            <runs>0 18 8 13 8</runs>
            <runs>0 17 8 14 7</runs>
            <runs>0 17 8 13 9</runs>
            <runs>13 2 43</runs>
            <runs>58</runs>
            <runs>0 15 9 13 8</runs>
            <runs>0 15 8 14 7</runs>
            <runs>0 14 9 13 8</runs>
            <runs>0 14 8 14 7</runs>
            <runs>0 13 9 13 8</runs>
        </run-table>
    </sample>
    <sample shape="SHARP" interline="22" pitch="-1.9" left="201" top="493" id="275">
        <run-table orientation="VERTICAL" width="25" height="63">
            <runs>0 22 1 21 11</runs>
            <runs>0 22 11 11 11</runs>
            <runs>0 22 11 10 9</runs>
            <runs>0 22 8 13 8</runs>
            <runs>0 21 9 12 9 8 3</runs>
            <runs>0 7 56</runs>
            <runs>0 6 57</runs>
            <runs>0 6 22 12 9 8 1</runs>
            <runs>0 19 9 12 9</runs>
            <runs>0 19 8 13 8</runs>
            <runs>0 18 9 13 8</runs>
            <runs>0 18 8 13 8</runs>
            <runs>0 17 9 12 9</runs>
            <runs>0 17 9 12 8</runs>
            <runs>0 17 8 13 8</runs>
            <runs>0 16 9 12 9</runs>
            <runs>0 15 13 7 22</runs>
            <runs>57</runs>
            <runs>23 4 1 7 9</runs>
            <runs>0 14 9 13 8</runs>
            <runs>0 14 8 13 8</runs>
            <runs>0 14 8 12 9</runs>
            <runs>0 13 9 12 8</runs>
            <runs>0 13 8 13 4 2 1</runs>
            <runs>0 14 1</runs>
        </run-table>
    </sample>
    <sample shape="SHARP" interline="22" pitch="-4.0" left="204" top="777" id="308">
        <run-table orientation="VERTICAL" width="24" height="62">
            <runs>0 43 12</runs>
            <runs>0 22 10 11 8</runs>
            <runs>0 22 11 10 8</runs>
            <runs>0 21 12 10 7</runs>
            <runs>0 21 8 13 9</runs>
            <runs>0 7 10 2 15 2 26</runs>
            <runs>0 6 44 5 2 1 4</runs>
            <runs>0 20 8 12 8</runs>
            <runs>0 20 7 13 8</runs>
            <runs>0 19 8 13 8</runs>
            <runs>0 19 7 13 8</runs>
            <runs>0 18 8 13 7</runs>
            <runs>0 17 8 13 8</runs>
            <runs>0 17 8 13 8</runs>
            <runs>0 16 8 13 9</runs>
            <runs>0 15 9 13 8</runs>
            <runs>0 15 11 3 20 1 7</runs>
            <runs>44</runs>
            <runs>11 2 10 13 8</runs>
            <runs>0 14 8 14 7</runs>
            <runs>0 13 9 12 9</runs>
            <runs>0 13 9 8 13</runs>
            <runs>0 13 8 9 13</runs>
            <runs>0 13 7 14 2</runs>
        </run-table>
    </sample>
    <sample shape="SHARP" interline="22" pitch="-1.9" left="203" top="1024" id="310">
        <run-table orientation="VERTICAL" width="25" height="64">
            <runs>0 29 2 14 10</runs>
            <runs>0 23 10 11 11</runs>
            <runs>0 23 10 10 12</runs>
            <runs>0 22 11 10 12</runs>
            <runs>0 22 8 13 19</runs>
            <runs>0 7 30 2 25</runs>
            <runs>0 6 58</runs>
            <runs>0 6 23 8 1 2 10 1 2 2 2 4 2</runs>
            <runs>0 20 8 13 8</runs>
            <runs>0 19 8 13 9</runs>
            <runs>0 19 8 13 8</runs>
            <runs>0 19 8 13 8</runs>
            <runs>0 18 8 13 9</runs>
            <runs>0 17 9 13 8</runs>
            <runs>0 17 8 13 9</runs>
            <runs>0 16 9 13 8</runs>
            <runs>0 1 3 2 2 8 13 6 24</runs>
            <runs>58</runs>
            <runs>27 2 2 5 9 7 1</runs>
            <runs>0 1 10 3 10 12 8</runs>
            <runs>0 14 9 13 8</runs>
            <runs>0 13 9 13 8</runs>
            <runs>0 13 9 12 9</runs>
            <runs>0 13 8 14 6</runs>
            <runs>0 14 1</runs>
        </run-table>
    </sample>
    <sample shape="SHARP" interline="22" pitch="-4.1" left="200" top="1302" id="326">
        <run-table orientation="VERTICAL" width="24" height="63">
            <runs>0 23 3 1 3 14 8</runs>
            <runs>0 22 9 12 9</runs>
            <runs>0 22 8 13 8</runs>
            <runs>0 21 9 12 9</runs>
            <runs>0 21 9 11 10 10 2</runs>
            <runs>0 7 56</runs>
            <runs>0 6 56</runs>
            <runs>0 19 9 12 9</runs>
            <runs>0 19 8 13 9</runs>
            <runs>0 18 9 12 9</runs>
            <runs>0 18 8 13 9</runs>
            <runs>0 17 9 12 9</runs>
            <runs>0 17 8 13 9</runs>
            <runs>0 17 8 13 8</runs>
            <runs>0 17 8 12 9</runs>
            <runs>0 16 9 11 10</runs>
            <runs>0 15 14 1 27</runs>
            <runs>57</runs>
            <runs>8 4 13 2 1 4 12</runs>
            <runs>0 14 8 10 11</runs>
            <runs>0 13 9 10 11</runs>
            <runs>0 13 8 11 10</runs>
            <runs>0 12 9 11 10</runs>
            <runs>0 12 8 14 2</runs>
        </run-table>
    </sample>
    <sample shape="SHARP" interline="22" pitch="-4.2" left="200" top="1525" id="328">
        <run-table orientation="VERTICAL" width="26" height="63">
            <runs>0 28 3 14 8</runs>
            <runs>0 23 9 12 9</runs>
            <runs>0 22 9 12 9</runs>
            <runs>0 9 1 12 9 12 9</runs>
            <runs>0 9 1 11 10 11 10</runs>
            <runs>0 9 54</runs>
            <runs>0 6 56</runs>
            <runs>0 6 1 3 50</runs>
            <runs>0 19 10 11 10</runs>
            <runs>0 19 9 12 9</runs>
            <runs>0 19 9 12 9</runs>
            <runs>0 18 9 13 8</runs>
            <runs>0 17 9 13 9</runs>
            <runs>0 17 9 12 9</runs>
            <runs>0 16 10 12 9</runs>
            <runs>0 16 9 13 8</runs>
            <runs>0 2 2 10 15 2 27</runs>
            <runs>58</runs>
            <runs>45 2 4 1 3</runs>
            <runs>0 2 3 8 10 10 12</runs>
            <runs>0 13 10 10 11</runs>
            <runs>0 13 9 11 11</runs>
            <runs>0 13 9 11 10</runs>
            <runs>0 13 9 11 9</runs>
            <runs>0 13 1 1 2 1 1 16 2</runs>
            <runs>0 35 1</runs>
        </run-table>
    </sample>
    <sample shape="SHARP" interline="22" pitch="-4.1" left="201" top="1829" id="360">
        <run-table orientation="VERTICAL" width="25" height="64">
            <runs>0 49 5</runs>
            <runs>0 24 7 14 9</runs>
            <runs>0 23 9 12 10</runs>
            <runs>0 23 8 13 9</runs>
            <runs>0 22 9 12 10</runs>
            <runs>0 20 16 2 2 3 10</runs>
            <runs>0 7 57</runs>
            <runs>0 6 58</runs>
            <runs>0 20 9 12 9</runs>
            <runs>0 20 8 13 9</runs>
            <runs>0 19 9 13 8</runs>
            <runs>0 18 9 13 9</runs>
            <runs>0 18 9 12 9</runs>
            <runs>0 17 9 13 8</runs>
            <runs>0 17 9 12 8</runs>
            <runs>0 17 9 12 8</runs>
            <runs>0 16 10 12 20</runs>
            <runs>0 1 30 1 27</runs>
            <runs>58</runs>
            <runs>0 3 1 10 11 8 12</runs>
            <runs>0 14 9 10 11</runs>
            <runs>0 14 9 10 11</runs>
            <runs>0 13 9 11 10</runs>
            <runs>0 13 8 12 9</runs>
            <runs>0 14 4</runs>
        </run-table>
    </sample>
    <sample shape="SHARP" interline="22" pitch="-2.0" left="201" top="2076" id="362">
        <run-table orientation="VERTICAL" width="24" height="63">
            <runs>0 44 9</runs>
            <runs>0 23 8 13 8</runs>
            <runs>0 22 8 13 9</runs>
            <runs>0 22 8 13 8</runs>
            <runs>0 21 9 12 14</runs>
            <runs>0 7 11 1 11 5 3 1 24</runs>
            <runs>0 6 57</runs>
            <runs>0 6 1 12 10 11 10 1 11</runs>
            <runs>0 19 9 12 9</runs>
            <runs>0 19 8 13 9</runs>
            <runs>0 18 9 13 8</runs>
            <runs>0 18 8 13 9</runs>
            <runs>0 18 8 13 8</runs>
            <runs>0 17 8 13 8</runs>
            <runs>0 17 8 13 8</runs>
            <runs>0 17 8 12 9 2 1</runs>
            <runs>0 16 12 3 26</runs>
            <runs>57</runs>
            <runs>13 1 10 9 17 1 3</runs>
            <runs>0 14 9 10 11 2 1 6 1</runs>
            <runs>0 10 12 10 12 9 1</runs>
            <runs>0 10 12 10 11 10 1</runs>
            <runs>0 9 13 10 11</runs>
            <runs>0 10 11 16 1 1 3</runs>
        </run-table>
    </sample>
    <sample shape="SHARP" interline="22" pitch="-4.3" left="198" top="2360" id="411">
        <run-table orientation="VERTICAL" width="24" height="64">
            <runs>0 26 4 15 8</runs>
            <runs>0 23 8 13 9</runs>
            <runs>0 22 9 13 8</runs>
            <runs>0 22 9 12 9</runs>
            <runs>0 20 11 12 9</runs>
            <runs>0 6 58</runs>
            <runs>0 6 58</runs>
            <runs>0 6 1 10 1 1 10 11 11</runs>
            <runs>0 20 8 13 9</runs>
            <runs>0 19 9 13 8</runs>
            <runs>0 19 8 13 9</runs>
            <runs>0 18 9 13 8</runs>
            <runs>0 18 8 13 8</runs>
            <runs>0 17 9 13 8</runs>
            <runs>0 17 8 13 9</runs>
            <runs>0 17 8 9 13 6 3</runs>
            <runs>0 7 1 3 1 4 14 4 25</runs>
            <runs>59</runs>
            <runs>9 2 14 8 11 10 2</runs>
            <runs>0 14 9 11 10</runs>
            <runs>0 14 8 12 10</runs>
            <runs>0 14 8 12 9</runs>
            <runs>0 13 9 12 9</runs>
            <runs>0 13 6 21 3</runs>
        </run-table>
    </sample>
    <sample shape="SHARP" interline="22" pitch="-2.2" left="197" top="2605" id="413">
        <run-table orientation="VERTICAL" width="24" height="62">
            <runs>0 44 7</runs>
            <runs>0 24 5 14 8</runs>
            <runs>0 21 8 13 9</runs>
            <runs>0 21 8 13 8</runs>
            <runs>0 21 8 12 9</runs>
            <runs>0 13 1 5 11 5 2 1 20 1 3</runs>
            <runs>0 7 55</runs>
            <runs>0 6 25 1 17</runs>
            <runs>0 13 2 3 9 12 9</runs>
            <runs>0 13 1 4 8 12 10</runs>
            <runs>0 13 1 4 8 12 9</runs>
            <runs>0 13 1 3 9 12 9</runs>
            <runs>0 13 1 3 8 12 9</runs>
            <runs>0 16 9 12 9</runs>
            <runs>0 16 8 12 9</runs>
            <runs>0 16 8 12 9</runs>
            <runs>0 15 9 8 25</runs>
            <runs>0 3 54</runs>
            <runs>30 1 13 5 1 2 2</runs>
            <runs>0 1 1 2 3 3 12 10 11</runs>
            <runs>0 11 11 10 11</runs>
            <runs>0 11 10 11 10</runs>
            <runs>0 11 10 11 10</runs>
            <runs>0 11 9 12 9</runs>
        </run-table>
    </sample>
    <sample shape="SHARP" interline="22" pitch="-4.2" left="196" top="2894" id="444">
        <run-table orientation="VERTICAL" width="24" height="64">
            <runs>0 28 1 17 8</runs>
            <runs>0 24 7 14 9</runs>
            <runs>0 23 8 14 9</runs>
            <runs>0 23 8 13 9</runs>
            <runs>0 23 8 13 9</runs>
            <runs>0 7 57</runs>
            <runs>0 7 57</runs>
            <runs>0 20 8 14 9</runs>
            <runs>0 20 8 14 8</runs>
            <runs>0 20 7 15 7</runs>
            <runs>0 19 8 14 8</runs>
            <runs>0 19 7 15 8</runs>
            <runs>0 19 7 14 8</runs>
            <runs>0 18 8 13 8</runs>
            <runs>0 18 8 13 8</runs>
            <runs>0 17 9 12 11</runs>
            <runs>0 1 3 6 49</runs>
            <runs>45 5 1 2 3</runs>
            <runs>0 1 3 9 11 9 12</runs>
            <runs>0 14 9 10 11</runs>
            <runs>0 14 9 10 11</runs>
            <runs>0 14 8 11 11</runs>
            <runs>0 13 9 14 3</runs>
            <runs>0 13 4 2 2</runs>
        </run-table>
    </sample>
    <sample shape="SHARP" interline="22" pitch="-1.0" left="219" top="2927" id="445">
        <run-table orientation="VERTICAL" width="24" height="64">
            <runs>0 23 8 14 9</runs>
            <runs>0 23 8 13 9</runs>
            <runs>0 23 8 13 9</runs>
            <runs>0 22 8 13 10</runs>
            <runs>0 21 10 11 18 1 3</runs>
            <runs>0 7 57</runs>
            <runs>0 12 24 1 26</runs>
            <runs>0 21 8 11 11</runs>
            <runs>0 20 8 12 10</runs>
            <runs>0 20 7 13 9</runs>
            <runs>0 19 8 13 9</runs>
            <runs>0 19 7 13 10</runs>
            <runs>0 18 8 13 10</runs>
            <runs>0 18 7 14 9</runs>
            <runs>0 17 8 13 9</runs>
            <runs>0 17 8 12 12 1 8</runs>
            <runs>59</runs>
            <runs>26 5 17 1 9</runs>
            <runs>0 15 10 11 11</runs>
            <runs>0 15 10 11 11</runs>
            <runs>0 14 11 11 11</runs>
            <runs>0 14 11 10 12</runs>
            <runs>0 14 7 14 8</runs>
            <runs>0 14 1</runs>
        </run-table>
    </sample>
    <sample shape="SHARP" interline="22" pitch="-5.0" left="245" top="2884" id="446">
        <run-table orientation="VERTICAL" width="24" height="61">
            <runs>0 46 7</runs>
            <runs>0 23 8 12 10</runs>
            <runs>0 23 7 13 10</runs>
            <runs>0 22 8 13 9</runs>
            <runs>0 22 8 13 9</runs>
            <runs>0 7 25 2 2 4 16</runs>
            <runs>0 7 31 1 22</runs>
            <runs>0 20 8 13 9</runs>
            <runs>0 20 7 14 9</runs>
            <runs>0 19 8 14 8</runs>
            <runs>0 19 7 15 7</runs>
            <runs>0 18 8 14 7</runs>
            <runs>0 18 8 14 7</runs>
            <runs>0 17 8 14 7</runs>
            <runs>0 17 8 14 7</runs>
            <runs>0 16 9 13 8</runs>
            <runs>0 12 18 7 16</runs>
            <runs>45 2 2 1 3</runs>
            <runs>0 4 3 5 11 13 9</runs>
            <runs>0 14 9 13 9</runs>
            <runs>0 14 8 14 9</runs>
            <runs>0 14 8 13 10</runs>
            <runs>0 13 9 13 10</runs>
            <runs>0 13 2 2 2</runs>
        </run-table>
    </sample>
    <sample shape="SHARP" interline="22" pitch="-2.0" left="267" top="2917" id="447">
        <run-table orientation="VERTICAL" width="26" height="63">
            <runs>0 51 2</runs>
            <runs>0 44 9</runs>
            <runs>0 23 8 13 8</runs>
            <runs>0 22 8 13 9</runs>
            <runs>0 22 8 13 8</runs>
            <runs>0 22 7 13 10 7 1</runs>
            <runs>0 20 15 3 25</runs>
            <runs>0 7 55</runs>
            <runs>0 7 3 4 14 12 10</runs>
            <runs>0 19 8 13 9</runs>
            <runs>0 19 8 13 8</runs>
            <runs>0 19 7 14 8</runs>
            <runs>0 18 8 13 8</runs>
            <runs>0 18 8 13 8</runs>
            <runs>0 17 8 13 9</runs>
            <runs>0 17 8 13 9</runs>
            <runs>0 17 8 13 9</runs>
            <runs>0 16 9 11 23</runs>
            <runs>0 2 2 2 52</runs>
            <runs>25 11 9</runs>
            <runs>3 3 17 13 8</runs>
            <runs>0 14 9 13 7</runs>
            <runs>0 14 8 11 10</runs>
            <runs>0 13 9 11 10</runs>
            <runs>0 13 8 14 3</runs>
            <runs>0 14 5</runs>
        </run-table>
    </sample>
    <sample shape="SHARP" interline="22" pitch="-2.0" left="192" top="3144" id="452">
        <run-table orientation="VERTICAL" width="25" height="64">
            <runs>0 29 2 17 2 1 2</runs>
            <runs>0 22 11 12 11</runs>
            <runs>0 22 11 11 12</runs>
            <runs>0 22 11 11 8</runs>
            <runs>0 21 9 13 8</runs>
            <runs>0 13 5 1 15 5 12 6 1 3 2</runs>
            <runs>0 6 58</runs>
            <runs>0 6 7 1 1 1 19 1 2 2 23</runs>
            <runs>0 19 9 13 9</runs>
            <runs>0 19 9 12 9</runs>
            <runs>0 19 8 13 8</runs>
            <runs>0 18 9 13 8</runs>
            <runs>0 18 8 13 9</runs>
            <runs>0 17 9 12 9</runs>
            <runs>0 17 9 12 9</runs>
            <runs>0 16 9 13 8</runs>
            <runs>0 13 1 2 10 10 10 10 2</runs>
            <runs>58</runs>
            <runs>27 2 2 5 9 11 2</runs>
            <runs>0 5 1 7 10 13 8</runs>
            <runs>0 14 8 13 9</runs>
            <runs>0 13 9 13 8</runs>
            <runs>0 13 8 10 12</runs>
            <runs>0 8 13 14 7</runs>
            <runs>0 11 2</runs>
        </run-table>
    </sample>
    <sample shape="SHARP" interline="22" pitch="1.1" left="219" top="3179" id="453">
        <run-table orientation="VERTICAL" width="24" height="64">
            <runs>0 18 11 11 10</runs>
            <runs>0 18 11 11 10</runs>
            <runs>0 18 10 12 10</runs>
            <runs>0 18 10 12 9</runs>
            <runs>0 18 9 13 9</runs>
            <runs>0 5 59</runs>
            <runs>0 9 6 2 47</runs>
            <runs>0 18 8 13 9</runs>
            <runs>0 17 8 13 9</runs>
            <runs>0 17 8 13 9</runs>
            <runs>0 17 7 13 9</runs>
            <runs>0 16 8 13 9</runs>
            <runs>0 15 9 13 8</runs>
            <runs>0 15 8 13 9</runs>
            <runs>0 15 8 13 8</runs>
            <runs>0 14 10 10 11 3 1 3 1</runs>
            <runs>0 3 53</runs>
            <runs>44 2 10</runs>
            <runs>0 10 1 1 10 11 9 11 2</runs>
            <runs>0 12 9 12 9</runs>
            <runs>0 11 10 12 9</runs>
            <runs>0 11 10 12 9</runs>
            <runs>0 11 10 11 10</runs>
            <runs>0 11 10</runs>
        </run-table>
    </sample>
    <sample shape="SHARP" interline="22" pitch="-3.2" left="242" top="3132" id="454">
        <run-table orientation="VERTICAL" width="25" height="63">
            <runs>0 50 1</runs>
            <runs>0 20 10 13 9</runs>
            <runs>0 20 10 13 8</runs>
            <runs>0 20 9 14 8</runs>
            <runs>0 20 9 14 8</runs>
            <runs>0 15 2 3 9 13 9 4 2 3 3</runs>
            <runs>0 6 57</runs>
            <runs>0 6 29 5 10</runs>
            <runs>0 13 15 12 9</runs>
            <runs>0 18 9 13 8</runs>
            <runs>0 17 9 14 8</runs>
            <runs>0 17 9 13 9</runs>
            <runs>0 17 9 13 8</runs>
            <runs>0 16 9 13 8</runs>
            <runs>0 16 9 13 8</runs>
            <runs>0 16 9 13 8</runs>
            <runs>0 15 9 13 10 6 3</runs>
            <runs>0 8 5 1 43</runs>
            <runs>46</runs>
            <runs>8 2 14 12 9</runs>
            <runs>0 13 11 11 10</runs>
            <runs>0 13 10 12 10</runs>
            <runs>0 13 10 11 11</runs>
            <runs>0 12 11 11 7</runs>
            <runs>0 12 4</runs>
        </run-table>
    </sample>
    <sample shape="SHARP" interline="22" pitch="-0.1" left="268" top="3165" id="455">
        <run-table orientation="VERTICAL" width="23" height="63">
            <runs>0 23 8 14 8</runs>
            <runs>0 23 8 13 8</runs>
            <runs>0 22 8 13 9</runs>
            <runs>0 22 8 13 9</runs>
            <runs>0 6 29 7 9</runs>
            <runs>0 6 51 3 2</runs>
            <runs>0 16 2 1 44</runs>
            <runs>0 20 8 12 9 10 4</runs>
            <runs>0 19 9 12 9</runs>
            <runs>0 19 8 12 10</runs>
            <runs>0 18 9 12 9</runs>
            <runs>0 17 9 13 9</runs>
            <runs>0 17 9 12 9</runs>
            <runs>0 16 9 13 9</runs>
            <runs>0 16 9 12 9</runs>
            <runs>0 14 13 9 10 2 2</runs>
            <runs>57</runs>
            <runs>0 1 4 2 51</runs>
            <runs>0 9 14 10 11 6 1</runs>
            <runs>0 9 13 11 10</runs>
            <runs>0 10 11 11 11</runs>
            <runs>0 10 11 11 11</runs>
            <runs>0 10 10 12 10</runs>
        </run-table>
    </sample>
</samples>
