<?xml version="1.0" encoding="UTF-8"?>
<stick id="4169" interline="19" shape="BEAM">
    <is-within-system>true</is-within-system>
    <has-ledger>false</has-ledger>
    <stem-number>2</stem-number>
    <step-line>7.220779220779221</step-line>
    <moments>
        <k>7.382271468144045</k>
        <k>12.263157894736842</k>
        <k>2.0526315789473686</k>
        <k>1.7201356249132032</k>
        <k>0.20070672369492432</k>
        <k>0.02753420798942728</k>
        <k>-0.011002823713782424</k>
        <k>-0.0054565579200050235</k>
        <k>-0.0011004082857793214</k>
        <k>-1.8073551059782502E-4</k>
        <k>1.7476698329026303</k>
        <k>3.0260323123177773</k>
        <k>3.2139634658903124E-4</k>
        <k>1.7826730205793343E-4</k>
        <k>4.197412033934816E-8</k>
        <k>2.489333195084284E-4</k>
        <k>-7.677700654513432E-9</k>
        <k>2009.1174484052533</k>
        <k>2573.586866791745</k>
    </moments>
    <section id="6230" first-pos="1893">
        <run start="2554" length="12" level="27"/>
        <run start="2555" length="11" level="19"/>
        <run start="2555" length="12" level="32"/>
        <run start="2555" length="12" level="24"/>
        <run start="2555" length="12" level="22"/>
        <run start="2555" length="12" level="22"/>
        <run start="2555" length="12" level="22"/>
        <run start="2555" length="12" level="27"/>
        <run start="2555" length="12" level="38"/>
        <run start="2556" length="11" level="24"/>
        <run start="2556" length="11" level="23"/>
        <run start="2556" length="12" level="36"/>
        <run start="2556" length="12" level="33"/>
        <run start="2556" length="12" level="27"/>
        <run start="2556" length="12" level="29"/>
        <run start="2557" length="11" level="22"/>
        <run start="2556" length="12" level="38"/>
        <run start="2556" length="12" level="38"/>
        <run start="2557" length="11" level="21"/>
        <run start="2557" length="12" level="36"/>
        <run start="2557" length="12" level="34"/>
        <run start="2557" length="12" level="30"/>
        <run start="2557" length="12" level="24"/>
        <run start="2557" length="12" level="22"/>
        <run start="2557" length="12" level="24"/>
        <run start="2557" length="12" level="32"/>
        <run start="2558" length="11" level="22"/>
        <run start="2558" length="11" level="23"/>
        <run start="2558" length="11" level="23"/>
        <run start="2558" length="12" level="38"/>
        <run start="2558" length="12" level="28"/>
        <run start="2558" length="12" level="22"/>
        <run start="2558" length="12" level="22"/>
        <run start="2558" length="12" level="25"/>
        <run start="2558" length="12" level="32"/>
        <run start="2559" length="11" level="21"/>
        <run start="2559" length="11" level="24"/>
        <run start="2559" length="11" level="24"/>
        <run start="2559" length="11" level="24"/>
        <run start="2559" length="12" level="39"/>
        <run start="2559" length="12" level="29"/>
        <run start="2559" length="12" level="30"/>
        <run start="2560" length="11" level="21"/>
        <run start="2560" length="11" level="24"/>
        <run start="2560" length="11" level="24"/>
        <run start="2560" length="11" level="24"/>
        <run start="2560" length="11" level="24"/>
        <run start="2560" length="12" level="37"/>
        <run start="2560" length="12" level="33"/>
        <run start="2560" length="12" level="27"/>
        <run start="2560" length="12" level="22"/>
        <run start="2561" length="11" level="10"/>
        <run start="2561" length="11" level="20"/>
        <run start="2561" length="11" level="24"/>
        <run start="2562" length="10" level="3"/>
        <run start="2562" length="11" level="21"/>
        <run start="2562" length="11" level="18"/>
        <run start="2562" length="11" level="20"/>
        <run start="2562" length="11" level="18"/>
        <run start="2562" length="11" level="7"/>
        <run start="2562" length="11" level="3"/>
        <run start="2562" length="11" level="12"/>
        <run start="2563" length="10" level="1"/>
        <run start="2563" length="10" level="1"/>
        <run start="2563" length="10" level="1"/>
        <run start="2563" length="11" level="20"/>
        <run start="2563" length="11" level="17"/>
        <run start="2563" length="11" level="8"/>
        <run start="2563" length="11" level="11"/>
        <run start="2563" length="11" level="13"/>
        <run start="2563" length="11" level="10"/>
        <run start="2563" length="11" level="12"/>
        <run start="2563" length="11" level="8"/>
        <run start="2563" length="12" level="32"/>
        <run start="2564" length="11" level="24"/>
        <run start="2564" length="11" level="24"/>
        <run start="2564" length="11" level="21"/>
        <run start="2564" length="11" level="16"/>
        <run start="2564" length="12" level="31"/>
        <run start="2564" length="12" level="34"/>
        <run start="2564" length="12" level="40"/>
        <run start="2565" length="11" level="24"/>
        <run start="2565" length="11" level="24"/>
        <run start="2565" length="11" level="24"/>
        <run start="2565" length="11" level="24"/>
        <run start="2565" length="11" level="20"/>
        <run start="2565" length="12" level="29"/>
        <run start="2565" length="12" level="26"/>
        <run start="2565" length="12" level="32"/>
        <run start="2565" length="12" level="38"/>
        <run start="2566" length="11" level="23"/>
        <run start="2566" length="11" level="24"/>
        <run start="2566" length="11" level="24"/>
        <run start="2566" length="11" level="20"/>
        <run start="2566" length="12" level="28"/>
        <run start="2566" length="12" level="25"/>
        <run start="2566" length="12" level="24"/>
        <run start="2566" length="12" level="27"/>
        <run start="2566" length="12" level="36"/>
        <run start="2567" length="11" level="23"/>
        <run start="2567" length="11" level="24"/>
        <run start="2567" length="11" level="24"/>
        <run start="2567" length="11" level="24"/>
        <run start="2567" length="11" level="22"/>
        <run start="2567" length="12" level="28"/>
        <run start="2567" length="12" level="22"/>
        <run start="2567" length="12" level="26"/>
        <run start="2567" length="12" level="35"/>
        <run start="2568" length="11" level="24"/>
        <run start="2568" length="11" level="24"/>
        <run start="2568" length="11" level="24"/>
        <run start="2568" length="11" level="24"/>
        <run start="2568" length="11" level="27"/>
        <run start="2568" length="12" level="38"/>
        <run start="2568" length="12" level="27"/>
        <run start="2568" length="12" level="22"/>
        <run start="2568" length="12" level="22"/>
        <run start="2568" length="12" level="23"/>
        <run start="2568" length="12" level="35"/>
        <run start="2569" length="11" level="24"/>
        <run start="2569" length="11" level="24"/>
        <run start="2569" length="11" level="24"/>
        <run start="2569" length="12" level="39"/>
        <run start="2569" length="12" level="27"/>
        <run start="2569" length="12" level="22"/>
        <run start="2569" length="12" level="32"/>
        <run start="2570" length="11" level="23"/>
        <run start="2570" length="11" level="24"/>
        <run start="2570" length="11" level="24"/>
        <run start="2570" length="11" level="24"/>
        <run start="2570" length="11" level="24"/>
        <run start="2570" length="11" level="23"/>
        <run start="2570" length="11" level="23"/>
        <run start="2570" length="12" level="32"/>
        <run start="2571" length="11" level="17"/>
        <run start="2571" length="11" level="20"/>
        <run start="2571" length="11" level="20"/>
        <run start="2571" length="11" level="21"/>
        <run start="2571" length="11" level="23"/>
        <run start="2571" length="11" level="24"/>
        <run start="2571" length="12" level="40"/>
        <run start="2571" length="12" level="34"/>
        <run start="2571" length="12" level="25"/>
        <run start="2572" length="11" level="3"/>
        <run start="2572" length="11" level="3"/>
        <run start="2572" length="11" level="7"/>
        <run start="2572" length="11" level="17"/>
        <run start="2573" length="10" level="3"/>
        <run start="2573" length="10" level="2"/>
        <run start="2573" length="10" level="2"/>
        <run start="2573" length="11" level="17"/>
        <run start="2573" length="11" level="8"/>
        <run start="2573" length="11" level="8"/>
        <run start="2573" length="11" level="6"/>
        <run start="2573" length="11" level="15"/>
        <run start="2573" length="11" level="20"/>
        <run start="2573" length="11" level="18"/>
        <run start="2573" length="11" level="21"/>
        <run start="2574" length="10" level="3"/>
        <run start="2574" length="11" level="23"/>
        <run start="2574" length="11" level="20"/>
        <run start="2574" length="11" level="10"/>
        <run start="2574" length="11" level="5"/>
        <run start="2574" length="12" level="22"/>
        <run start="2574" length="12" level="22"/>
        <run start="2574" length="12" level="34"/>
        <run start="2574" length="12" level="40"/>
        <run start="2575" length="11" level="24"/>
        <run start="2575" length="11" level="23"/>
        <run start="2575" length="11" level="23"/>
        <run start="2575" length="11" level="19"/>
        <run start="2575" length="12" level="27"/>
        <run start="2575" length="12" level="23"/>
        <run start="2575" length="12" level="22"/>
        <run start="2575" length="12" level="22"/>
        <run start="2575" length="12" level="26"/>
        <run start="2575" length="12" level="38"/>
        <run start="2576" length="11" level="24"/>
        <run start="2576" length="11" level="24"/>
        <run start="2576" length="11" level="22"/>
        <run start="2576" length="12" level="28"/>
        <run start="2576" length="12" level="30"/>
        <run start="2576" length="12" level="25"/>
        <run start="2576" length="12" level="22"/>
        <run start="2576" length="12" level="22"/>
        <run start="2576" length="12" level="31"/>
        <run start="2577" length="11" level="23"/>
        <run start="2577" length="11" level="23"/>
        <run start="2577" length="11" level="22"/>
        <run start="2577" length="12" level="33"/>
        <run start="2577" length="12" level="28"/>
        <run start="2577" length="12" level="23"/>
        <run start="2577" length="12" level="22"/>
        <run start="2577" length="12" level="26"/>
        <run start="2577" length="12" level="35"/>
        <run start="2578" length="11" level="23"/>
        <run start="2578" length="11" level="24"/>
        <run start="2578" length="11" level="24"/>
        <run start="2578" length="11" level="24"/>
        <run start="2578" length="11" level="23"/>
        <run start="2578" length="12" level="26"/>
        <run start="2578" length="12" level="22"/>
        <run start="2578" length="12" level="29"/>
        <run start="2578" length="12" level="30"/>
        <run start="2578" length="12" level="35"/>
        <run start="2579" length="11" level="23"/>
        <run start="2579" length="11" level="24"/>
        <run start="2579" length="11" level="22"/>
        <run start="2579" length="12" level="26"/>
        <run start="2579" length="12" level="22"/>
        <run start="2579" length="12" level="22"/>
        <run start="2579" length="12" level="22"/>
        <run start="2579" length="12" level="23"/>
        <run start="2579" length="12" level="28"/>
        <run start="2580" length="11" level="19"/>
        <run start="2580" length="11" level="23"/>
        <run start="2580" length="11" level="24"/>
        <run start="2580" length="11" level="23"/>
        <run start="2580" length="12" level="28"/>
        <run start="2580" length="12" level="23"/>
        <run start="2580" length="12" level="22"/>
        <run start="2580" length="12" level="22"/>
        <run start="2580" length="12" level="22"/>
        <run start="2580" length="12" level="22"/>
        <run start="2580" length="12" level="22"/>
        <run start="2580" length="12" level="22"/>
        <run start="2581" length="11" level="15"/>
        <run start="2581" length="11" level="21"/>
        <run start="2581" length="11" level="22"/>
        <run start="2581" length="12" level="28"/>
        <run start="2581" length="12" level="23"/>
        <run start="2581" length="12" level="22"/>
        <run start="2581" length="12" level="9"/>
    </section>
</stick>
