<?xml version="1.0" encoding="UTF-8"?>
<stick id="2613" interline="19" shape="BEAM_CHUNK">
    <is-within-system>true</is-within-system>
    <has-ledger>false</has-ledger>
    <stem-number>1</stem-number>
    <step-line>-5.142857142857143</step-line>
    <moments>
        <k>0.5955678670360111</k>
        <k>1.0526315789473684</k>
        <k>0.5789473684210527</k>
        <k>0.14865750185518234</k>
        <k>-1.0202875218534097E-4</k>
        <k>0.04562456135937722</k>
        <k>-6.154698127568216E-4</k>
        <k>-4.3845448741525036E-5</k>
        <k>5.656773304261317E-4</k>
        <k>4.658089396407512E-5</k>
        <k>0.19428206321455957</k>
        <k>0.010615828466677206</k>
        <k>5.379390344918553E-6</k>
        <k>2.486773957217641E-9</k>
        <k>2.792734185119483E-16</k>
        <k>2.547332992636652E-10</k>
        <k>6.87920858907203E-17</k>
        <k>1232.7162790697676</k>
        <k>2760.0046511627907</k>
    </moments>
    <section id="4274" first-pos="1223">
        <run start="2756" length="4" level="155"/>
    </section>
    <section id="4281" first-pos="1224">
        <run start="2756" length="10" level="48"/>
        <run start="2755" length="11" level="24"/>
        <run start="2755" length="11" level="20"/>
        <run start="2755" length="11" level="19"/>
        <run start="2755" length="11" level="22"/>
        <run start="2755" length="11" level="24"/>
        <run start="2755" length="11" level="22"/>
        <run start="2755" length="11" level="17"/>
        <run start="2755" length="11" level="6"/>
        <run start="2755" length="11" level="2"/>
        <run start="2755" length="11" level="11"/>
        <run start="2755" length="11" level="20"/>
        <run start="2755" length="11" level="19"/>
        <run start="2755" length="11" level="15"/>
        <run start="2755" length="11" level="15"/>
        <run start="2755" length="11" level="15"/>
        <run start="2755" length="11" level="6"/>
        <run start="2755" length="11" level="2"/>
        <run start="2755" length="11" level="2"/>
    </section>
    <section id="4275" first-pos="1223">
        <run start="2761" length="3" level="209"/>
    </section>
</stick>
