<?xml version="1.0" encoding="UTF-8"?>
<stick id="2650" interline="19" shape="BEAM_CHUNK">
    <is-within-system>true</is-within-system>
    <has-ledger>false</has-ledger>
    <stem-number>1</stem-number>
    <step-line>-4.935064935064935</step-line>
    <moments>
        <k>0.628808864265928</k>
        <k>1.0526315789473684</k>
        <k>0.6842105263157895</k>
        <k>0.1442523747159862</k>
        <k>-0.0032500410572447722</k>
        <k>0.04846592949712344</k>
        <k>2.5950081782158857E-4</k>
        <k>8.5791014667209E-5</k>
        <k>0.0012444255785015307</k>
        <k>-3.822733824313272E-5</k>
        <k>0.19271830421310965</k>
        <k>0.009217294155161303</k>
        <k>1.2154498712257642E-5</k>
        <k>2.2640569088724185E-6</k>
        <k>-1.1685474530610569E-11</k>
        <k>2.1550263585108335E-7</k>
        <k>2.123233974890266E-12</k>
        <k>2175.7444933920706</k>
        <k>2762.4229074889868</k>
    </moments>
    <section id="6999" first-pos="2166">
        <run start="2759" length="8" level="100"/>
        <run start="2758" length="10" level="39"/>
        <run start="2758" length="11" level="27"/>
        <run start="2757" length="12" level="28"/>
        <run start="2757" length="12" level="22"/>
        <run start="2757" length="12" level="33"/>
        <run start="2757" length="12" level="37"/>
        <run start="2757" length="12" level="35"/>
        <run start="2757" length="12" level="44"/>
        <run start="2757" length="12" level="51"/>
        <run start="2758" length="10" level="24"/>
        <run start="2758" length="10" level="25"/>
        <run start="2757" length="11" level="32"/>
        <run start="2757" length="12" level="35"/>
        <run start="2757" length="11" level="22"/>
        <run start="2757" length="11" level="22"/>
        <run start="2757" length="12" level="35"/>
        <run start="2757" length="12" level="39"/>
        <run start="2757" length="12" level="34"/>
        <run start="2756" length="13" level="30"/>
    </section>
</stick>
