<?xml version="1.0" encoding="UTF-8"?>
<stick id="1632" interline="19" shape="BEAM_CHUNK">
    <is-within-system>true</is-within-system>
    <has-ledger>false</has-ledger>
    <stem-number>1</stem-number>
    <step-line>-4.205128205128205</step-line>
    <moments>
        <k>0.4404432132963989</k>
        <k>1.1578947368421053</k>
        <k>0.42105263157894735</k>
        <k>0.22739178924486284</k>
        <k>2.5524426204180564E-4</k>
        <k>0.02998896180515908</k>
        <k>0.005374471176797257</k>
        <k>0.004986555368028058</k>
        <k>-0.0010289208685022484</k>
        <k>-5.004128525343925E-4</k>
        <k>0.2573807510500219</k>
        <k>0.03896813687972267</k>
        <k>3.106065184636827E-4</k>
        <k>3.9009282151242676E-5</k>
        <k>1.0076676481970494E-9</k>
        <k>-2.2520491306262015E-7</k>
        <k>-4.1740427263033974E-9</k>
        <k>1778.7106918238994</k>
        <k>384.79245283018867</k>
    </moments>
    <section id="5861" first-pos="1768">
        <run start="386" length="3" level="200"/>
        <run start="384" length="5" level="203"/>
        <run start="382" length="7" level="133"/>
        <run start="381" length="8" level="101"/>
        <run start="381" length="8" level="101"/>
        <run start="381" length="8" level="100"/>
        <run start="381" length="8" level="102"/>
        <run start="381" length="8" level="102"/>
        <run start="381" length="8" level="102"/>
        <run start="381" length="8" level="102"/>
        <run start="381" length="8" level="100"/>
        <run start="381" length="8" level="100"/>
        <run start="381" length="8" level="103"/>
        <run start="381" length="8" level="104"/>
        <run start="382" length="7" level="86"/>
        <run start="382" length="7" level="86"/>
        <run start="382" length="7" level="86"/>
        <run start="382" length="7" level="86"/>
        <run start="382" length="7" level="86"/>
        <run start="382" length="7" level="86"/>
        <run start="382" length="7" level="86"/>
        <run start="382" length="7" level="86"/>
    </section>
</stick>
