<?xml version="1.0" encoding="UTF-8"?>
<stick id="898" interline="19" shape="C_CLEF">
    <is-within-system>true</is-within-system>
    <has-ledger>false</has-ledger>
    <stem-number>0</stem-number>
    <step-line>1.9487179487179487</step-line>
    <moments>
        <k>5.227146814404432</k>
        <k>2.4210526315789473</k>
        <k>3.3157894736842106</k>
        <k>0.08416689876337644</k>
        <k>-0.001975186938471396</k>
        <k>0.16672222046851046</k>
        <k>0.002758847110666553</k>
        <k>1.5536484917167337E-4</k>
        <k>7.591909681666527E-4</k>
        <k>0.0025020855792890306</k>
        <k>0.2508891192318869</k>
        <k>0.006830986595605805</k>
        <k>4.376884342985486E-6</k>
        <k>1.9438634703846412E-5</k>
        <k>-1.7759861676410449E-10</k>
        <k>-5.12608498312626E-7</k>
        <k>2.4644515119953804E-11</k>
        <k>1906.6359300476947</k>
        <k>2216.330153683095</k>
    </moments>
    <section id="6200" first-pos="1886">
        <run start="2198" length="1" level="200"/>
        <run start="2195" length="4" level="201"/>
    </section>
    <section id="6209" first-pos="1888">
        <run start="2187" length="61" level="108"/>
        <run start="2187" length="61" level="51"/>
        <run start="2187" length="61" level="51"/>
        <run start="2186" length="62" level="53"/>
        <run start="2186" length="62" level="50"/>
        <run start="2186" length="62" level="50"/>
        <run start="2186" length="62" level="50"/>
    </section>
    <section id="6204" first-pos="1887">
        <run start="2217" length="8" level="199"/>
    </section>
    <section id="6205" first-pos="1887">
        <run start="2226" length="21" level="93"/>
    </section>
    <section id="6233" first-pos="1895">
        <run start="2186" length="57" level="141"/>
    </section>
    <section id="6234" first-pos="1896">
        <run start="2187" length="15" level="162"/>
    </section>
    <section id="6236" first-pos="1897">
        <run start="2198" length="1" level="200"/>
    </section>
    <section id="6238" first-pos="1898">
        <run start="2187" length="61" level="118"/>
        <run start="2186" length="62" level="50"/>
        <run start="2186" length="62" level="47"/>
    </section>
    <section id="6237" first-pos="1897">
        <run start="2236" length="3" level="194"/>
    </section>
    <section id="6248" first-pos="1901">
        <run start="2186" length="55" level="102"/>
    </section>
    <section id="6250" first-pos="1902">
        <run start="2187" length="35" level="138"/>
    </section>
    <section id="6254" first-pos="1903">
        <run start="2212" length="11" level="139"/>
        <run start="2211" length="14" level="107"/>
    </section>
    <section id="6260" first-pos="1905">
        <run start="2208" length="19" level="94"/>
    </section>
    <section id="6265" first-pos="1906">
        <run start="2205" length="26" level="72"/>
        <run start="2203" length="30" level="56"/>
        <run start="2203" length="30" level="47"/>
        <run start="2203" length="30" level="49"/>
        <run start="2203" length="29" level="68"/>
    </section>
    <section id="6273" first-pos="1911">
        <run start="2205" length="13" level="103"/>
        <run start="2208" length="10" level="103"/>
        <run start="2209" length="9" level="111"/>
        <run start="2210" length="8" level="107"/>
        <run start="2210" length="8" level="108"/>
        <run start="2210" length="8" level="108"/>
        <run start="2210" length="8" level="104"/>
        <run start="2208" length="10" level="109"/>
        <run start="2206" length="12" level="96"/>
    </section>
    <section id="6299" first-pos="1920">
        <run start="2187" length="31" level="88"/>
        <run start="2187" length="27" level="44"/>
        <run start="2188" length="26" level="43"/>
        <run start="2189" length="25" level="47"/>
        <run start="2189" length="24" level="53"/>
        <run start="2190" length="22" level="55"/>
        <run start="2191" length="21" level="70"/>
        <run start="2192" length="18" level="72"/>
        <run start="2193" length="16" level="95"/>
        <run start="2195" length="12" level="144"/>
        <run start="2196" length="8" level="198"/>
    </section>
    <section id="6281" first-pos="1914">
        <run start="2186" length="5" level="79"/>
        <run start="2186" length="5" level="48"/>
        <run start="2186" length="6" level="78"/>
        <run start="2187" length="5" level="49"/>
        <run start="2187" length="6" level="64"/>
        <run start="2187" length="9" level="76"/>
    </section>
    <section id="6259" first-pos="1905">
        <run start="2192" length="7" level="180"/>
        <run start="2190" length="9" level="116"/>
        <run start="2189" length="10" level="92"/>
        <run start="2188" length="11" level="80"/>
        <run start="2188" length="11" level="66"/>
        <run start="2187" length="12" level="75"/>
        <run start="2187" length="12" level="62"/>
        <run start="2187" length="12" level="72"/>
        <run start="2187" length="12" level="95"/>
    </section>
    <section id="6282" first-pos="1914">
        <run start="2192" length="7" level="129"/>
        <run start="2193" length="6" level="178"/>
        <run start="2196" length="3" level="200"/>
    </section>
    <section id="6318" first-pos="1931">
        <run start="2198" length="1" level="200"/>
    </section>
    <section id="6274" first-pos="1911">
        <run start="2220" length="10" level="69"/>
        <run start="2220" length="7" level="81"/>
        <run start="2220" length="6" level="54"/>
        <run start="2220" length="6" level="67"/>
        <run start="2220" length="5" level="50"/>
        <run start="2220" length="5" level="51"/>
        <run start="2220" length="6" level="54"/>
        <run start="2220" length="7" level="62"/>
        <run start="2220" length="10" level="72"/>
    </section>
    <section id="6300" first-pos="1920">
        <run start="2221" length="16" level="52"/>
    </section>
    <section id="6297" first-pos="1919">
        <run start="2234" length="3" level="184"/>
    </section>
    <section id="6301" first-pos="1921">
        <run start="2221" length="26" level="42"/>
        <run start="2221" length="26" level="48"/>
        <run start="2222" length="24" level="51"/>
        <run start="2223" length="22" level="48"/>
        <run start="2224" length="20" level="51"/>
        <run start="2225" length="18" level="56"/>
        <run start="2226" length="16" level="89"/>
        <run start="2228" length="12" level="125"/>
        <run start="2231" length="8" level="203"/>
    </section>
    <section id="6278" first-pos="1912">
        <run start="2245" length="3" level="76"/>
        <run start="2245" length="4" level="109"/>
        <run start="2244" length="5" level="74"/>
        <run start="2244" length="5" level="52"/>
        <run start="2244" length="5" level="63"/>
        <run start="2242" length="6" level="72"/>
        <run start="2241" length="7" level="42"/>
        <run start="2239" length="9" level="21"/>
        <run start="2238" length="10" level="32"/>
    </section>
    <section id="6257" first-pos="1904">
        <run start="2236" length="7" level="114"/>
        <run start="2236" length="8" level="73"/>
        <run start="2236" length="9" level="61"/>
        <run start="2236" length="10" level="56"/>
        <run start="2236" length="11" level="51"/>
        <run start="2236" length="12" level="46"/>
        <run start="2236" length="12" level="45"/>
        <run start="2236" length="12" level="49"/>
    </section>
    <section id="6277" first-pos="1912">
        <run start="2236" length="8" level="66"/>
        <run start="2236" length="7" level="74"/>
        <run start="2236" length="6" level="176"/>
    </section>
    <section id="6315" first-pos="1930">
        <run start="2236" length="1" level="200"/>
    </section>
    <section id="6249" first-pos="1901">
        <run start="2242" length="5" level="183"/>
    </section>
    <section id="6235" first-pos="1896">
        <run start="2208" length="2" level="223"/>
    </section>
</stick>
