<?xml version="1.0" encoding="UTF-8"?>
<stick id="549" interline="19" shape="C_CLEF">
    <is-within-system>true</is-within-system>
    <has-ledger>false</has-ledger>
    <stem-number>0</stem-number>
    <step-line>-2.4615384615384617</step-line>
    <moments>
        <k>6.490304709141275</k>
        <k>3.526315789473684</k>
        <k>4.2105263157894735</k>
        <k>0.11990835125585952</k>
        <k>-0.006298365688117495</k>
        <k>0.19826892576785038</k>
        <k>0.013253982991657896</k>
        <k>0.003972026149069339</k>
        <k>0.001001088715422743</k>
        <k>0.008192917132697031</k>
        <k>0.3181772770237099</k>
        <k>0.0062990572792142934</k>
        <k>1.1893912601822665E-4</k>
        <k>3.5119291442260367E-4</k>
        <k>-1.4271180270664429E-8</k>
        <k>-8.696019122931824E-6</k>
        <k>-7.034322145869544E-8</k>
        <k>69.15492957746478</k>
        <k>402.1096884336321</k>
    </moments>
    <section id="5" first-pos="35">
        <run start="403" length="3" level="190"/>
        <run start="403" length="3" level="168"/>
        <run start="402" length="4" level="165"/>
        <run start="402" length="4" level="147"/>
        <run start="402" length="4" level="171"/>
        <run start="403" length="3" level="167"/>
        <run start="402" length="4" level="166"/>
        <run start="402" length="4" level="176"/>
        <run start="403" length="3" level="175"/>
        <run start="403" length="3" level="175"/>
        <run start="403" length="3" level="174"/>
        <run start="403" length="3" level="172"/>
        <run start="402" length="4" level="161"/>
    </section>
    <section id="57" first-pos="48">
        <run start="368" length="77" level="134"/>
        <run start="365" length="80" level="42"/>
        <run start="365" length="80" level="40"/>
        <run start="365" length="80" level="40"/>
        <run start="365" length="80" level="40"/>
        <run start="365" length="80" level="40"/>
        <run start="365" length="80" level="40"/>
        <run start="365" length="80" level="40"/>
        <run start="365" length="80" level="49"/>
    </section>
    <section id="31" first-pos="45">
        <run start="422" length="3" level="209"/>
        <run start="422" length="3" level="197"/>
        <run start="422" length="3" level="190"/>
    </section>
    <section id="120" first-pos="57">
        <run start="366" length="69" level="140"/>
    </section>
    <section id="130" first-pos="58">
        <run start="382" length="4" level="195"/>
        <run start="382" length="4" level="200"/>
    </section>
    <section id="161" first-pos="60">
        <run start="368" length="18" level="205"/>
        <run start="365" length="21" level="45"/>
    </section>
    <section id="185" first-pos="62">
        <run start="365" length="78" level="38"/>
        <run start="365" length="75" level="113"/>
    </section>
    <section id="171" first-pos="61">
        <run start="388" length="57" level="96"/>
    </section>
    <section id="162" first-pos="60">
        <run start="390" length="3" level="212"/>
    </section>
    <section id="131" first-pos="58">
        <run start="402" length="4" level="144"/>
        <run start="402" length="4" level="144"/>
        <run start="401" length="7" level="161"/>
    </section>
    <section id="163" first-pos="60">
        <run start="422" length="14" level="147"/>
    </section>
    <section id="164" first-pos="60">
        <run start="438" length="7" level="147"/>
    </section>
    <section id="203" first-pos="64">
        <run start="366" length="20" level="123"/>
    </section>
    <section id="204" first-pos="64">
        <run start="395" length="15" level="130"/>
    </section>
    <section id="212" first-pos="65">
        <run start="402" length="8" level="115"/>
        <run start="402" length="10" level="105"/>
        <run start="401" length="12" level="79"/>
        <run start="400" length="14" level="62"/>
        <run start="398" length="18" level="61"/>
    </section>
    <section id="253" first-pos="70">
        <run start="395" length="23" level="58"/>
    </section>
    <section id="264" first-pos="71">
        <run start="391" length="34" level="69"/>
    </section>
    <section id="276" first-pos="72">
        <run start="386" length="39" level="51"/>
        <run start="384" length="41" level="40"/>
        <run start="384" length="41" level="44"/>
    </section>
    <section id="316" first-pos="75">
        <run start="384" length="22" level="66"/>
    </section>
    <section id="339" first-pos="76">
        <run start="384" length="4" level="204"/>
        <run start="384" length="4" level="202"/>
        <run start="384" length="4" level="197"/>
        <run start="384" length="4" level="202"/>
        <run start="384" length="2" level="200"/>
    </section>
    <section id="340" first-pos="76">
        <run start="391" length="11" level="38"/>
        <run start="393" length="8" level="46"/>
        <run start="394" length="6" level="43"/>
        <run start="395" length="6" level="83"/>
        <run start="396" length="5" level="70"/>
        <run start="397" length="4" level="50"/>
        <run start="398" length="3" level="40"/>
        <run start="399" length="3" level="75"/>
        <run start="399" length="3" level="56"/>
        <run start="399" length="3" level="28"/>
        <run start="398" length="4" level="54"/>
        <run start="397" length="5" level="71"/>
        <run start="396" length="5" level="35"/>
        <run start="392" length="9" level="89"/>
    </section>
    <section id="428" first-pos="90">
        <run start="368" length="33" level="59"/>
        <run start="368" length="32" level="31"/>
        <run start="369" length="30" level="31"/>
        <run start="370" length="29" level="35"/>
        <run start="370" length="28" level="36"/>
        <run start="371" length="26" level="43"/>
        <run start="372" length="24" level="50"/>
        <run start="374" length="20" level="52"/>
        <run start="375" length="18" level="76"/>
    </section>
    <section id="416" first-pos="89">
        <run start="367" length="14" level="120"/>
    </section>
    <section id="337" first-pos="76">
        <run start="366" length="4" level="92"/>
        <run start="365" length="4" level="71"/>
        <run start="366" length="2" level="14"/>
        <run start="366" length="2" level="13"/>
        <run start="366" length="2" level="11"/>
        <run start="366" length="2" level="10"/>
        <run start="366" length="2" level="8"/>
        <run start="366" length="2" level="6"/>
        <run start="366" length="3" level="42"/>
        <run start="366" length="4" level="61"/>
        <run start="366" length="4" level="35"/>
        <run start="367" length="4" level="56"/>
        <run start="367" length="6" level="73"/>
    </section>
    <section id="234" first-pos="68">
        <run start="373" length="5" level="210"/>
        <run start="371" length="8" level="65"/>
        <run start="370" length="10" level="43"/>
        <run start="369" length="11" level="16"/>
        <run start="368" length="13" level="31"/>
        <run start="367" length="14" level="18"/>
        <run start="367" length="14" level="8"/>
        <run start="366" length="15" level="25"/>
    </section>
    <section id="338" first-pos="76">
        <run start="371" length="9" level="11"/>
        <run start="372" length="8" level="25"/>
        <run start="373" length="7" level="74"/>
    </section>
    <section id="417" first-pos="89">
        <run start="383" length="1" level="187"/>
    </section>
    <section id="418" first-pos="89">
        <run start="386" length="3" level="198"/>
    </section>
    <section id="466" first-pos="99">
        <run start="377" length="13" level="112"/>
    </section>
    <section id="471" first-pos="100">
        <run start="381" length="8" level="164"/>
    </section>
    <section id="473" first-pos="101">
        <run start="385" length="2" level="200"/>
    </section>
    <section id="341" first-pos="76">
        <run start="403" length="3" level="165"/>
        <run start="403" length="3" level="201"/>
        <run start="403" length="3" level="206"/>
        <run start="403" length="3" level="208"/>
    </section>
    <section id="317" first-pos="75">
        <run start="408" length="17" level="43"/>
        <run start="410" length="15" level="88"/>
    </section>
    <section id="350" first-pos="77">
        <run start="411" length="8" level="69"/>
        <run start="412" length="5" level="64"/>
        <run start="412" length="4" level="68"/>
        <run start="412" length="3" level="11"/>
        <run start="411" length="4" level="73"/>
        <run start="411" length="3" level="38"/>
        <run start="411" length="3" level="28"/>
        <run start="410" length="4" level="53"/>
        <run start="410" length="4" level="42"/>
        <run start="410" length="5" level="88"/>
        <run start="411" length="4" level="20"/>
        <run start="411" length="5" level="20"/>
    </section>
    <section id="419" first-pos="89">
        <run start="411" length="16" level="92"/>
    </section>
    <section id="429" first-pos="90">
        <run start="411" length="31" level="46"/>
        <run start="412" length="30" level="28"/>
        <run start="412" length="30" level="40"/>
        <run start="413" length="28" level="40"/>
        <run start="414" length="26" level="44"/>
        <run start="415" length="24" level="51"/>
        <run start="416" length="22" level="64"/>
        <run start="417" length="19" level="87"/>
    </section>
    <section id="373" first-pos="82">
        <run start="444" length="1" level="200"/>
        <run start="443" length="2" level="200"/>
        <run start="442" length="3" level="206"/>
        <run start="442" length="2" level="108"/>
        <run start="441" length="3" level="74"/>
        <run start="440" length="3" level="8"/>
        <run start="438" length="4" level="38"/>
        <run start="435" length="7" level="18"/>
    </section>
    <section id="462" first-pos="98">
        <run start="419" length="14" level="130"/>
    </section>
    <section id="467" first-pos="99">
        <run start="421" length="9" level="200"/>
    </section>
    <section id="472" first-pos="100">
        <run start="425" length="3" level="200"/>
    </section>
    <section id="205" first-pos="64">
        <run start="425" length="3" level="209"/>
    </section>
    <section id="132" first-pos="58">
        <run start="422" length="3" level="207"/>
    </section>
    <section id="121" first-pos="57">
        <run start="436" length="2" level="226"/>
    </section>
</stick>
