<?xml version="1.0" encoding="UTF-8"?>
<stick id="523" interline="19" shape="C_CLEF">
    <is-within-system>true</is-within-system>
    <has-ledger>false</has-ledger>
    <stem-number>0</stem-number>
    <step-line>-1.8181818181818181</step-line>
    <moments>
        <k>5.448753462603878</k>
        <k>2.3157894736842106</k>
        <k>3.3157894736842106</k>
        <k>0.07894881899006165</k>
        <k>-9.760672611053368E-4</k>
        <k>0.15765103519743184</k>
        <k>0.004026287349313035</k>
        <k>4.6460671520340513E-4</k>
        <k>8.864028442634385E-4</k>
        <k>-0.0011559739591028935</k>
        <k>0.2365998541874935</k>
        <k>0.00619784966514445</k>
        <k>8.370354467014885E-6</k>
        <k>2.4612513603999622E-5</k>
        <k>2.5664144644026417E-11</k>
        <k>-1.8485610877027135E-6</k>
        <k>3.523358327548584E-10</k>
        <k>704.067615658363</k>
        <k>119.33451957295374</k>
    </moments>
    <section id="2579" first-pos="685">
        <run start="100" length="49" level="177"/>
    </section>
    <section id="2581" first-pos="686">
        <run start="89" length="61" level="57"/>
        <run start="89" length="61" level="51"/>
        <run start="88" length="62" level="51"/>
        <run start="88" length="63" level="51"/>
        <run start="88" length="63" level="50"/>
        <run start="88" length="63" level="50"/>
        <run start="88" length="63" level="51"/>
        <run start="88" length="62" level="67"/>
    </section>
    <section id="2609" first-pos="694">
        <run start="107" length="6" level="179"/>
    </section>
    <section id="2610" first-pos="694">
        <run start="115" length="34" level="160"/>
    </section>
    <section id="2612" first-pos="695">
        <run start="116" length="3" level="194"/>
    </section>
    <section id="2614" first-pos="696">
        <run start="89" length="61" level="143"/>
        <run start="88" length="62" level="51"/>
        <run start="88" length="62" level="50"/>
        <run start="88" length="62" level="65"/>
    </section>
    <section id="2613" first-pos="695">
        <run start="138" length="5" level="161"/>
    </section>
    <section id="2624" first-pos="700">
        <run start="89" length="36" level="118"/>
    </section>
    <section id="2628" first-pos="701">
        <run start="97" length="4" level="207"/>
        <run start="97" length="4" level="202"/>
        <run start="94" length="7" level="117"/>
        <run start="92" length="10" level="86"/>
        <run start="91" length="12" level="86"/>
        <run start="91" length="12" level="53"/>
        <run start="90" length="13" level="49"/>
        <run start="90" length="13" level="49"/>
        <run start="89" length="14" level="52"/>
        <run start="89" length="14" level="52"/>
    </section>
    <section id="2652" first-pos="711">
        <run start="89" length="4" level="4"/>
        <run start="89" length="4" level="4"/>
        <run start="89" length="4" level="3"/>
        <run start="89" length="5" level="31"/>
        <run start="89" length="5" level="1"/>
        <run start="89" length="6" level="1"/>
        <run start="89" length="8" level="13"/>
        <run start="90" length="9" level="24"/>
    </section>
    <section id="2692" first-pos="719">
        <run start="90" length="26" level="32"/>
        <run start="91" length="25" level="36"/>
        <run start="91" length="24" level="40"/>
        <run start="92" length="23" level="39"/>
        <run start="93" length="21" level="42"/>
        <run start="94" length="19" level="47"/>
        <run start="95" length="17" level="56"/>
        <run start="96" length="15" level="91"/>
    </section>
    <section id="2654" first-pos="711">
        <run start="111" length="8" level="78"/>
        <run start="112" length="7" level="59"/>
        <run start="112" length="7" level="59"/>
        <run start="112" length="7" level="58"/>
        <run start="111" length="8" level="76"/>
        <run start="110" length="9" level="73"/>
        <run start="106" length="13" level="109"/>
        <run start="100" length="16" level="40"/>
    </section>
    <section id="2648" first-pos="710">
        <run start="110" length="20" level="74"/>
    </section>
    <section id="2646" first-pos="709">
        <run start="109" length="25" level="56"/>
    </section>
    <section id="2636" first-pos="704">
        <run start="106" length="28" level="78"/>
        <run start="105" length="30" level="45"/>
        <run start="105" length="30" level="34"/>
        <run start="105" length="30" level="34"/>
        <run start="105" length="30" level="43"/>
    </section>
    <section id="2633" first-pos="703">
        <run start="108" length="21" level="90"/>
    </section>
    <section id="2629" first-pos="701">
        <run start="114" length="12" level="112"/>
        <run start="111" length="16" level="103"/>
    </section>
    <section id="2655" first-pos="711">
        <run start="122" length="6" level="34"/>
        <run start="122" length="6" level="33"/>
        <run start="122" length="5" level="2"/>
        <run start="122" length="5" level="8"/>
        <run start="122" length="6" level="54"/>
        <run start="123" length="5" level="5"/>
        <run start="123" length="9" level="68"/>
    </section>
    <section id="2683" first-pos="718">
        <run start="123" length="27" level="59"/>
        <run start="123" length="26" level="35"/>
        <run start="124" length="25" level="38"/>
        <run start="124" length="25" level="46"/>
        <run start="125" length="23" level="43"/>
        <run start="125" length="22" level="52"/>
        <run start="126" length="20" level="56"/>
        <run start="127" length="18" level="73"/>
        <run start="129" length="14" level="99"/>
    </section>
    <section id="2671" first-pos="717">
        <run start="136" length="3" level="208"/>
    </section>
    <section id="2662" first-pos="712">
        <run start="147" length="3" level="4"/>
        <run start="146" length="4" level="49"/>
        <run start="146" length="4" level="17"/>
        <run start="145" length="5" level="22"/>
        <run start="143" length="7" level="48"/>
        <run start="141" length="9" level="37"/>
    </section>
    <section id="2631" first-pos="702">
        <run start="138" length="6" level="159"/>
        <run start="138" length="7" level="107"/>
        <run start="138" length="9" level="94"/>
        <run start="138" length="10" level="74"/>
        <run start="138" length="11" level="67"/>
        <run start="138" length="11" level="57"/>
        <run start="138" length="12" level="60"/>
        <run start="138" length="12" level="52"/>
        <run start="138" length="12" level="62"/>
        <run start="138" length="12" level="84"/>
    </section>
    <section id="2661" first-pos="712">
        <run start="138" length="7" level="126"/>
        <run start="138" length="5" level="176"/>
    </section>
    <section id="2718" first-pos="727">
        <run start="131" length="9" level="155"/>
    </section>
    <section id="2722" first-pos="728">
        <run start="136" length="3" level="208"/>
    </section>
    <section id="2717" first-pos="727">
        <run start="98" length="10" level="114"/>
    </section>
    <section id="2721" first-pos="728">
        <run start="99" length="2" level="200"/>
    </section>
    <section id="2653" first-pos="711">
        <run start="94" length="8" level="87"/>
        <run start="95" length="7" level="124"/>
        <run start="97" length="4" level="202"/>
    </section>
    <section id="2625" first-pos="700">
        <run start="130" length="20" level="172"/>
    </section>
</stick>
