<?xml version="1.0" encoding="UTF-8"?>
<stick id="948" interline="19" shape="C_CLEF">
    <is-within-system>true</is-within-system>
    <has-ledger>false</has-ledger>
    <stem-number>0</stem-number>
    <step-line>-0.36363636363636365</step-line>
    <moments>
        <k>5.022160664819944</k>
        <k>2.3684210526315788</k>
        <k>3.263157894736842</k>
        <k>0.08597420180353567</k>
        <k>2.517586537132324E-4</k>
        <k>0.17243434964893745</k>
        <k>0.0022534655566203974</k>
        <k>4.812697117108016E-5</k>
        <k>0.001017042643135798</k>
        <k>0.002008591577361344</k>
        <k>0.2584085514524731</k>
        <k>0.007475610695127612</k>
        <k>4.111546660165169E-6</k>
        <k>1.492631507254983E-5</k>
        <k>-1.0161216187930778E-10</k>
        <k>-5.522889556338663E-7</k>
        <k>5.7861421627363045E-11</k>
        <k>2195.015995587424</k>
        <k>2501.361279646994</k>
    </moments>
    <section id="7024" first-pos="2175">
        <run start="2530" length="1" level="225"/>
    </section>
    <section id="7027" first-pos="2176">
        <run start="2526" length="6" level="54"/>
    </section>
    <section id="7028" first-pos="2177">
        <run start="2472" length="61" level="52"/>
        <run start="2472" length="61" level="47"/>
        <run start="2471" length="62" level="48"/>
        <run start="2471" length="62" level="48"/>
        <run start="2471" length="62" level="48"/>
        <run start="2471" length="62" level="49"/>
        <run start="2472" length="61" level="51"/>
    </section>
    <section id="7026" first-pos="2176">
        <run start="2473" length="52" level="102"/>
    </section>
    <section id="7041" first-pos="2184">
        <run start="2473" length="37" level="178"/>
    </section>
    <section id="7049" first-pos="2185">
        <run start="2485" length="1" level="200"/>
        <run start="2482" length="4" level="201"/>
    </section>
    <section id="7064" first-pos="2187">
        <run start="2472" length="60" level="88"/>
        <run start="2471" length="62" level="51"/>
        <run start="2471" length="61" level="52"/>
    </section>
    <section id="7042" first-pos="2184">
        <run start="2522" length="3" level="180"/>
        <run start="2522" length="3" level="184"/>
        <run start="2522" length="6" level="192"/>
    </section>
    <section id="7055" first-pos="2186">
        <run start="2530" length="1" level="225"/>
    </section>
    <section id="7077" first-pos="2190">
        <run start="2472" length="38" level="145"/>
    </section>
    <section id="7080" first-pos="2191">
        <run start="2492" length="2" level="198"/>
    </section>
    <section id="7081" first-pos="2191">
        <run start="2498" length="8" level="94"/>
        <run start="2496" length="12" level="100"/>
        <run start="2494" length="16" level="80"/>
    </section>
    <section id="7085" first-pos="2194">
        <run start="2491" length="21" level="65"/>
    </section>
    <section id="7086" first-pos="2195">
        <run start="2488" length="29" level="48"/>
        <run start="2488" length="29" level="37"/>
        <run start="2488" length="29" level="37"/>
        <run start="2488" length="29" level="50"/>
    </section>
    <section id="7094" first-pos="2199">
        <run start="2489" length="12" level="89"/>
    </section>
    <section id="7097" first-pos="2200">
        <run start="2493" length="6" level="38"/>
        <run start="2494" length="6" level="62"/>
        <run start="2494" length="6" level="63"/>
        <run start="2495" length="5" level="46"/>
        <run start="2495" length="5" level="52"/>
        <run start="2495" length="5" level="41"/>
        <run start="2494" length="6" level="68"/>
        <run start="2493" length="6" level="37"/>
    </section>
    <section id="7128" first-pos="2208">
        <run start="2472" length="27" level="94"/>
        <run start="2473" length="26" level="51"/>
        <run start="2473" length="26" level="49"/>
        <run start="2474" length="24" level="40"/>
        <run start="2475" length="23" level="48"/>
        <run start="2475" length="22" level="56"/>
        <run start="2476" length="20" level="61"/>
        <run start="2477" length="18" level="74"/>
        <run start="2479" length="15" level="96"/>
        <run start="2481" length="11" level="165"/>
    </section>
    <section id="7105" first-pos="2202">
        <run start="2471" length="5" level="52"/>
        <run start="2471" length="5" level="52"/>
        <run start="2471" length="5" level="52"/>
        <run start="2471" length="6" level="73"/>
        <run start="2472" length="6" level="66"/>
        <run start="2472" length="7" level="63"/>
    </section>
    <section id="7084" first-pos="2194">
        <run start="2476" length="9" level="110"/>
        <run start="2474" length="11" level="73"/>
        <run start="2473" length="12" level="59"/>
        <run start="2472" length="13" level="55"/>
        <run start="2472" length="13" level="45"/>
        <run start="2472" length="13" level="49"/>
        <run start="2471" length="14" level="63"/>
        <run start="2471" length="14" level="71"/>
    </section>
    <section id="7082" first-pos="2193">
        <run start="2478" length="3" level="160"/>
    </section>
    <section id="7083" first-pos="2193">
        <run start="2482" length="1" level="184"/>
    </section>
    <section id="7106" first-pos="2202">
        <run start="2477" length="8" level="92"/>
        <run start="2478" length="7" level="171"/>
    </section>
    <section id="7127" first-pos="2207">
        <run start="2482" length="3" level="208"/>
    </section>
    <section id="7156" first-pos="2218">
        <run start="2484" length="4" level="197"/>
        <run start="2484" length="1" level="200"/>
    </section>
    <section id="7095" first-pos="2199">
        <run start="2504" length="10" level="70"/>
        <run start="2504" length="8" level="88"/>
        <run start="2504" length="7" level="112"/>
        <run start="2504" length="6" level="111"/>
        <run start="2504" length="6" level="111"/>
        <run start="2504" length="6" level="110"/>
        <run start="2504" length="6" level="110"/>
        <run start="2504" length="7" level="116"/>
        <run start="2504" length="8" level="87"/>
    </section>
    <section id="7129" first-pos="2208">
        <run start="2504" length="29" level="93"/>
        <run start="2504" length="28" level="54"/>
        <run start="2504" length="27" level="54"/>
        <run start="2504" length="27" level="65"/>
        <run start="2504" length="26" level="74"/>
    </section>
    <section id="7123" first-pos="2206">
        <run start="2522" length="11" level="112"/>
        <run start="2521" length="12" level="91"/>
    </section>
    <section id="7107" first-pos="2202">
        <run start="2522" length="3" level="188"/>
        <run start="2522" length="3" level="198"/>
        <run start="2522" length="3" level="199"/>
        <run start="2522" length="3" level="200"/>
    </section>
    <section id="7101" first-pos="2201">
        <run start="2520" length="8" level="135"/>
    </section>
    <section id="7078" first-pos="2190">
        <run start="2522" length="3" level="183"/>
        <run start="2522" length="3" level="187"/>
        <run start="2522" length="3" level="184"/>
        <run start="2521" length="7" level="169"/>
        <run start="2520" length="9" level="130"/>
        <run start="2520" length="10" level="102"/>
        <run start="2519" length="12" level="88"/>
        <run start="2519" length="13" level="93"/>
        <run start="2519" length="13" level="82"/>
        <run start="2519" length="13" level="83"/>
        <run start="2520" length="13" level="102"/>
    </section>
    <section id="7102" first-pos="2201">
        <run start="2529" length="4" level="65"/>
        <run start="2529" length="4" level="65"/>
        <run start="2529" length="4" level="62"/>
        <run start="2529" length="4" level="42"/>
        <run start="2528" length="5" level="48"/>
    </section>
    <section id="7144" first-pos="2213">
        <run start="2508" length="21" level="52"/>
        <run start="2509" length="19" level="55"/>
        <run start="2510" length="15" level="41"/>
        <run start="2511" length="14" level="57"/>
    </section>
    <section id="7153" first-pos="2217">
        <run start="2516" length="5" level="79"/>
    </section>
    <section id="7154" first-pos="2217">
        <run start="2522" length="3" level="194"/>
    </section>
    <section id="7050" first-pos="2185">
        <run start="2504" length="2" level="200"/>
    </section>
</stick>
