<?xml version="1.0" encoding="UTF-8"?>
<glyph id="1067" interline="19" shape="C_CLEF">
    <is-within-system>true</is-within-system>
    <has-ledger>false</has-ledger>
    <stem-number>0</stem-number>
    <step-line>-1.8461538461538463</step-line>
    <moments>
        <k>4.842105263157895</k>
        <k>2.3157894736842106</k>
        <k>3.3157894736842106</k>
        <k>0.089054356407217</k>
        <k>-7.043334983394512E-4</k>
        <k>0.18139789254735839</k>
        <k>0.0031230737395904623</k>
        <k>9.971910891611224E-4</k>
        <k>0.002221848380864584</k>
        <k>1.4171450868257407E-5</k>
        <k>0.27045224895457537</k>
        <k>0.00852931300957313</k>
        <k>2.141402521867905E-5</k>
        <k>2.9591046661104348E-5</k>
        <k>-2.2781958257573257E-10</k>
        <k>-2.5588634743427883E-6</k>
        <k>7.091917686329595E-10</k>
        <k>614.024599542334</k>
        <k>2790.7231121281466</k>
    </moments>
    <section id="2295" first-pos="605">
        <run start="2792" length="29" level="194"/>
    </section>
    <section id="2306" first-pos="606">
        <run start="2761" length="60" level="56"/>
        <run start="2761" length="60" level="35"/>
        <run start="2761" length="60" level="61"/>
    </section>
    <section id="2322" first-pos="609">
        <run start="2761" length="34" level="46"/>
    </section>
    <section id="2330" first-pos="610">
        <run start="2762" length="8" level="217"/>
    </section>
    <section id="2331" first-pos="610">
        <run start="2771" length="2" level="181"/>
    </section>
    <section id="2332" first-pos="610">
        <run start="2788" length="8" level="132"/>
        <run start="2787" length="11" level="113"/>
        <run start="2784" length="15" level="81"/>
    </section>
    <section id="2339" first-pos="613">
        <run start="2782" length="20" level="67"/>
    </section>
    <section id="2343" first-pos="614">
        <run start="2778" length="28" level="58"/>
        <run start="2777" length="29" level="29"/>
        <run start="2777" length="29" level="29"/>
        <run start="2778" length="28" level="34"/>
    </section>
    <section id="2360" first-pos="618">
        <run start="2779" length="10" level="34"/>
        <run start="2782" length="6" level="34"/>
        <run start="2783" length="6" level="53"/>
        <run start="2784" length="5" level="43"/>
        <run start="2784" length="5" level="29"/>
        <run start="2784" length="6" level="44"/>
        <run start="2784" length="6" level="46"/>
        <run start="2784" length="5" level="37"/>
        <run start="2782" length="7" level="67"/>
        <run start="2780" length="9" level="31"/>
    </section>
    <section id="2406" first-pos="628">
        <run start="2762" length="27" level="37"/>
        <run start="2762" length="26" level="34"/>
        <run start="2762" length="26" level="42"/>
        <run start="2763" length="24" level="46"/>
        <run start="2764" length="22" level="44"/>
        <run start="2765" length="20" level="44"/>
        <run start="2766" length="18" level="60"/>
        <run start="2768" length="15" level="79"/>
    </section>
    <section id="2375" first-pos="620">
        <run start="2761" length="4" level="51"/>
        <run start="2761" length="4" level="15"/>
        <run start="2761" length="5" level="52"/>
        <run start="2761" length="5" level="52"/>
        <run start="2761" length="5" level="52"/>
        <run start="2761" length="6" level="50"/>
        <run start="2761" length="7" level="43"/>
        <run start="2761" length="10" level="51"/>
    </section>
    <section id="2338" first-pos="613">
        <run start="2765" length="9" level="90"/>
        <run start="2764" length="10" level="49"/>
        <run start="2763" length="11" level="42"/>
        <run start="2762" length="12" level="46"/>
        <run start="2762" length="12" level="37"/>
        <run start="2761" length="13" level="37"/>
        <run start="2761" length="13" level="58"/>
    </section>
    <section id="2337" first-pos="612">
        <run start="2771" length="3" level="203"/>
    </section>
    <section id="2376" first-pos="620">
        <run start="2766" length="8" level="54"/>
        <run start="2766" length="8" level="78"/>
        <run start="2767" length="7" level="90"/>
    </section>
    <section id="2385" first-pos="623">
        <run start="2768" length="2" level="227"/>
    </section>
    <section id="2386" first-pos="623">
        <run start="2771" length="1" level="178"/>
    </section>
    <section id="2401" first-pos="627">
        <run start="2772" length="3" level="207"/>
    </section>
    <section id="2433" first-pos="636">
        <run start="2770" length="9" level="106"/>
    </section>
    <section id="2435" first-pos="637">
        <run start="2772" length="3" level="190"/>
    </section>
    <section id="2361" first-pos="618">
        <run start="2792" length="13" level="54"/>
        <run start="2792" length="9" level="66"/>
        <run start="2795" length="5" level="16"/>
        <run start="2795" length="5" level="51"/>
        <run start="2792" length="8" level="102"/>
        <run start="2792" length="7" level="95"/>
        <run start="2795" length="5" level="51"/>
        <run start="2795" length="5" level="41"/>
        <run start="2795" length="7" level="61"/>
    </section>
    <section id="2402" first-pos="627">
        <run start="2795" length="27" level="95"/>
        <run start="2795" length="27" level="43"/>
        <run start="2796" length="25" level="40"/>
        <run start="2796" length="25" level="49"/>
        <run start="2797" length="23" level="53"/>
        <run start="2797" length="22" level="62"/>
        <run start="2798" length="20" level="61"/>
        <run start="2799" length="18" level="77"/>
        <run start="2801" length="14" level="92"/>
        <run start="2804" length="10" level="135"/>
    </section>
    <section id="2368" first-pos="619">
        <run start="2819" length="3" level="42"/>
        <run start="2819" length="3" level="10"/>
        <run start="2819" length="4" level="65"/>
        <run start="2819" length="4" level="64"/>
        <run start="2818" length="5" level="76"/>
        <run start="2817" length="6" level="68"/>
        <run start="2816" length="7" level="59"/>
        <run start="2814" length="8" level="53"/>
    </section>
    <section id="2333" first-pos="610">
        <run start="2812" length="1" level="200"/>
        <run start="2812" length="3" level="185"/>
        <run start="2811" length="6" level="152"/>
        <run start="2811" length="7" level="114"/>
        <run start="2811" length="8" level="93"/>
        <run start="2811" length="9" level="82"/>
        <run start="2811" length="10" level="74"/>
        <run start="2811" length="10" level="61"/>
        <run start="2811" length="11" level="84"/>
    </section>
    <section id="2323" first-pos="609">
        <run start="2809" length="6" level="192"/>
    </section>
    <section id="2367" first-pos="619">
        <run start="2811" length="7" level="100"/>
        <run start="2811" length="6" level="116"/>
        <run start="2811" length="5" level="156"/>
        <run start="2811" length="4" level="206"/>
        <run start="2811" length="1" level="200"/>
    </section>
    <section id="2234" first-pos="594">
        <run start="2811" length="3" level="198"/>
    </section>
    <section id="2239" first-pos="595">
        <run start="2789" length="32" level="179"/>
    </section>
    <section id="2247" first-pos="596">
        <run start="2761" length="60" level="43"/>
        <run start="2760" length="61" level="38"/>
        <run start="2760" length="61" level="38"/>
        <run start="2760" length="61" level="38"/>
        <run start="2760" length="62" level="40"/>
        <run start="2760" length="62" level="40"/>
        <run start="2761" length="60" level="64"/>
    </section>
    <section id="2237" first-pos="595">
        <run start="2763" length="1" level="196"/>
    </section>
    <section id="2238" first-pos="595">
        <run start="2770" length="5" level="205"/>
    </section>
    <section id="2278" first-pos="603">
        <run start="2761" length="14" level="194"/>
    </section>
    <section id="2279" first-pos="603">
        <run start="2779" length="3" level="166"/>
    </section>
    <section id="2280" first-pos="603">
        <run start="2783" length="3" level="213"/>
    </section>
    <section id="2281" first-pos="603">
        <run start="2789" length="6" level="192"/>
    </section>
    <section id="2282" first-pos="603">
        <run start="2799" length="2" level="217"/>
    </section>
    <section id="2283" first-pos="603">
        <run start="2803" length="3" level="209"/>
    </section>
    <section id="2284" first-pos="603">
        <run start="2809" length="5" level="195"/>
    </section>
    <section id="2285" first-pos="603">
        <run start="2815" length="1" level="223"/>
    </section>
</glyph>
