<?xml version="1.0" encoding="UTF-8"?>
<stick id="3756" interline="20" shape="COMBINING_FLAG_1_UP">
    <is-within-system>true</is-within-system>
    <has-ledger>false</has-ledger>
    <stem-number>1</stem-number>
    <step-line>-2.961038961038961</step-line>
    <moments>
        <k>0.66</k>
        <k>0.85</k>
        <k>2.5</k>
        <k>0.0670182693846176</k>
        <k>-0.14727514687160875</k>
        <k>0.6671005313986973</k>
        <k>-0.012885648915179656</k>
        <k>0.034555937024156165</k>
        <k>-0.06938357181079488</k>
        <k>-0.0829868802794143</k>
        <k>0.7341188007833149</k>
        <k>0.44685859672815026</k>
        <k>0.07296842000563511</k>
        <k>0.00911378094345315</k>
        <k>-1.5803559194333634E-4</k>
        <k>-0.0050011630853467205</k>
        <k>1.7395927708998082E-4</k>
        <k>806.2310606060606</k>
        <k>1861.3522727272727</k>
    </moments>
    <section id="2917" first-pos="797">
        <run start="1876" length="11" level="2"/>
        <run start="1875" length="10" level="12"/>
        <run start="1874" length="9" level="6"/>
        <run start="1873" length="9" level="6"/>
        <run start="1873" length="8" level="21"/>
        <run start="1872" length="8" level="53"/>
        <run start="1869" length="10" level="102"/>
        <run start="1868" length="9" level="116"/>
        <run start="1867" length="9" level="120"/>
        <run start="1864" length="11" level="115"/>
        <run start="1861" length="13" level="100"/>
    </section>
    <section id="2973" first-pos="808">
        <run start="1837" length="36" level="75"/>
        <run start="1839" length="33" level="51"/>
    </section>
    <section id="2959" first-pos="805">
        <run start="1837" length="4" level="139"/>
        <run start="1837" length="7" level="62"/>
        <run start="1837" length="10" level="43"/>
    </section>
    <section id="2967" first-pos="806">
        <run start="1851" length="3" level="208"/>
        <run start="1851" length="3" level="207"/>
    </section>
    <section id="2981" first-pos="810">
        <run start="1841" length="26" level="64"/>
    </section>
    <section id="2986" first-pos="811">
        <run start="1844" length="20" level="110"/>
    </section>
    <section id="2988" first-pos="812">
        <run start="1851" length="10" level="173"/>
    </section>
    <section id="2992" first-pos="813">
        <run start="1851" length="3" level="191"/>
    </section>
    <section id="2982" first-pos="810">
        <run start="1868" length="1" level="214"/>
    </section>
    <section id="2983" first-pos="810">
        <run start="1870" length="1" level="200"/>
    </section>
</stick>
