<?xml version="1.0" encoding="UTF-8"?>
<stick id="3470" interline="19" shape="COMBINING_FLAG_1_UP">
    <is-within-system>true</is-within-system>
    <has-ledger>true</has-ledger>
    <stem-number>1</stem-number>
    <step-line>-2.5454545454545454</step-line>
    <moments>
        <k>0.814404432132964</k>
        <k>1.0</k>
        <k>3.0</k>
        <k>0.10051764932915638</k>
        <k>-0.21464011121594262</k>
        <k>0.7005093304849354</k>
        <k>-0.018325518350873468</k>
        <k>0.03731444423028066</k>
        <k>-0.044097563347012814</k>
        <k>-0.14069631389147425</k>
        <k>0.8010269798140918</k>
        <k>0.5442715268273067</k>
        <k>0.07681530724829316</k>
        <k>0.014584452103305005</k>
        <k>1.742101534074451E-4</k>
        <k>-0.001466001351043725</k>
        <k>4.560126939412638E-4</k>
        <k>239.2074829931973</k>
        <k>1289.469387755102</k>
    </moments>
    <section id="1123" first-pos="229">
        <run start="1301" length="17" level="74"/>
    </section>
    <section id="1133" first-pos="230">
        <run start="1301" length="12" level="37"/>
        <run start="1300" length="12" level="54"/>
        <run start="1300" length="10" level="40"/>
        <run start="1299" length="10" level="53"/>
        <run start="1298" length="10" level="69"/>
        <run start="1297" length="9" level="55"/>
        <run start="1296" length="9" level="54"/>
        <run start="1295" length="9" level="52"/>
        <run start="1293" length="10" level="89"/>
        <run start="1292" length="10" level="117"/>
        <run start="1290" length="10" level="117"/>
        <run start="1287" length="12" level="119"/>
        <run start="1283" length="15" level="106"/>
    </section>
    <section id="1175" first-pos="243">
        <run start="1262" length="31" level="64"/>
        <run start="1264" length="28" level="38"/>
        <run start="1267" length="24" level="54"/>
    </section>
    <section id="1169" first-pos="242">
        <run start="1261" length="17" level="111"/>
    </section>
    <section id="1165" first-pos="241">
        <run start="1262" length="8" level="110"/>
    </section>
    <section id="1158" first-pos="240">
        <run start="1265" length="1" level="227"/>
    </section>
    <section id="1185" first-pos="246">
        <run start="1270" length="18" level="107"/>
    </section>
    <section id="1191" first-pos="247">
        <run start="1275" length="3" level="202"/>
    </section>
    <section id="1176" first-pos="243">
        <run start="1294" length="3" level="177"/>
        <run start="1294" length="2" level="200"/>
        <run start="1294" length="1" level="200"/>
    </section>
    <section id="1134" first-pos="230">
        <run start="1314" length="3" level="189"/>
    </section>
</stick>
