<?xml version="1.0" encoding="UTF-8"?>
<stick id="1012" interline="19" shape="F_CLEF">
    <is-within-system>true</is-within-system>
    <has-ledger>false</has-ledger>
    <stem-number>0</stem-number>
    <step-line>-1.7142857142857142</step-line>
    <moments>
        <k>2.2825484764542936</k>
        <k>2.263157894736842</k>
        <k>2.736842105263158</k>
        <k>0.14276893203597535</k>
        <k>-0.012509266166778131</k>
        <k>0.1828515790511945</k>
        <k>3.939564847321608E-4</k>
        <k>-0.001796080844641292</k>
        <k>-0.03597805255990871</k>
        <k>0.05736529387295734</k>
        <k>0.32562051108716983</k>
        <k>0.0022325455518718575</k>
        <k>0.015672986649997677</k>
        <k>0.004354165330073765</k>
        <k>2.8350263521219733E-5</k>
        <k>1.7196124228080202E-4</k>
        <k>-2.2137313770563004E-5</k>
        <k>279.4599514563107</k>
        <k>3098.2123786407765</k>
    </moments>
    <section id="1225" first-pos="258">
        <run start="3129" length="1" level="45"/>
        <run start="3128" length="2" level="23"/>
        <run start="3128" length="2" level="14"/>
        <run start="3127" length="4" level="71"/>
        <run start="3127" length="3" level="70"/>
        <run start="3126" length="4" level="102"/>
        <run start="3126" length="3" level="71"/>
        <run start="3125" length="4" level="71"/>
        <run start="3124" length="4" level="79"/>
        <run start="3124" length="4" level="67"/>
        <run start="3123" length="5" level="59"/>
        <run start="3122" length="5" level="55"/>
        <run start="3121" length="5" level="55"/>
        <run start="3120" length="6" level="71"/>
        <run start="3119" length="6" level="49"/>
        <run start="3118" length="6" level="55"/>
        <run start="3117" length="7" level="61"/>
        <run start="3116" length="7" level="80"/>
        <run start="3115" length="7" level="108"/>
        <run start="3113" length="8" level="133"/>
        <run start="3111" length="9" level="128"/>
        <run start="3108" length="11" level="118"/>
        <run start="3105" length="14" level="96"/>
    </section>
    <section id="1281" first-pos="281">
        <run start="3081" length="37" level="81"/>
    </section>
    <section id="1258" first-pos="267">
        <run start="3081" length="6" level="36"/>
        <run start="3081" length="5" level="43"/>
        <run start="3080" length="6" level="81"/>
        <run start="3080" length="5" level="63"/>
        <run start="3080" length="4" level="49"/>
        <run start="3079" length="5" level="76"/>
        <run start="3079" length="5" level="67"/>
        <run start="3079" length="5" level="82"/>
        <run start="3079" length="6" level="94"/>
        <run start="3080" length="5" level="50"/>
        <run start="3080" length="5" level="44"/>
        <run start="3080" length="7" level="68"/>
        <run start="3080" length="8" level="58"/>
        <run start="3080" length="10" level="71"/>
    </section>
    <section id="1232" first-pos="260">
        <run start="3091" length="6" level="171"/>
        <run start="3087" length="10" level="129"/>
        <run start="3085" length="12" level="92"/>
        <run start="3084" length="15" level="79"/>
        <run start="3083" length="17" level="64"/>
        <run start="3082" length="19" level="64"/>
        <run start="3081" length="20" level="68"/>
    </section>
    <section id="1259" first-pos="267">
        <run start="3088" length="14" level="90"/>
        <run start="3088" length="14" level="82"/>
        <run start="3088" length="14" level="84"/>
        <run start="3089" length="13" level="81"/>
        <run start="3089" length="12" level="84"/>
        <run start="3089" length="11" level="102"/>
        <run start="3090" length="9" level="139"/>
        <run start="3091" length="6" level="194"/>
    </section>
    <section id="1286" first-pos="282">
        <run start="3081" length="34" level="34"/>
        <run start="3081" length="33" level="38"/>
        <run start="3082" length="31" level="39"/>
        <run start="3083" length="30" level="40"/>
        <run start="3084" length="28" level="44"/>
        <run start="3085" length="26" level="54"/>
        <run start="3086" length="24" level="70"/>
        <run start="3088" length="20" level="76"/>
        <run start="3089" length="17" level="104"/>
    </section>
    <section id="1308" first-pos="291">
        <run start="3092" length="12" level="166"/>
    </section>
    <section id="1310" first-pos="292">
        <run start="3094" length="5" level="197"/>
        <run start="3094" length="1" level="225"/>
    </section>
    <section id="1315" first-pos="294">
        <run start="3086" length="9" level="83"/>
        <run start="3086" length="8" level="32"/>
        <run start="3086" length="8" level="30"/>
        <run start="3086" length="8" level="33"/>
        <run start="3086" length="8" level="51"/>
        <run start="3086" length="7" level="72"/>
        <run start="3087" length="5" level="149"/>
    </section>
    <section id="1309" first-pos="292">
        <run start="3089" length="2" level="205"/>
        <run start="3087" length="6" level="133"/>
    </section>
    <section id="1311" first-pos="292">
        <run start="3101" length="4" level="153"/>
        <run start="3100" length="7" level="82"/>
        <run start="3099" length="8" level="44"/>
        <run start="3099" length="9" level="37"/>
        <run start="3099" length="9" level="29"/>
        <run start="3099" length="9" level="62"/>
        <run start="3100" length="7" level="48"/>
        <run start="3100" length="6" level="109"/>
        <run start="3101" length="4" level="199"/>
    </section>
    <section id="1287" first-pos="282">
        <run start="3116" length="1" level="200"/>
    </section>
</stick>
