<?xml version="1.0" encoding="UTF-8"?>
<stick id="695" interline="20" shape="F_CLEF">
    <is-within-system>true</is-within-system>
    <has-ledger>false</has-ledger>
    <stem-number>0</stem-number>
    <step-line>-1.435897435897436</step-line>
    <moments>
        <k>1.9425</k>
        <k>2.2</k>
        <k>2.6</k>
        <k>0.13449972556127668</k>
        <k>-0.033787157816316624</k>
        <k>0.22266200292765173</k>
        <k>0.0018387974640326214</k>
        <k>-0.002798892242837325</k>
        <k>-0.04251120398891955</k>
        <k>0.0752547787258553</k>
        <k>0.3571617284889284</k>
        <k>0.012338875283644388</k>
        <k>0.02373478632156228</k>
        <k>0.006904100138565651</k>
        <k>7.590824897656694E-5</k>
        <k>7.152742107676995E-4</k>
        <k>-4.5265180326113424E-5</k>
        <k>1969.8777348777348</k>
        <k>990.7232947232948</k>
    </moments>
    <section id="6380" first-pos="1949">
        <run start="1020" length="3" level="194"/>
        <run start="1019" length="4" level="78"/>
        <run start="1019" length="4" level="69"/>
        <run start="1019" length="4" level="75"/>
        <run start="1018" length="4" level="65"/>
        <run start="1018" length="4" level="68"/>
        <run start="1017" length="4" level="63"/>
        <run start="1017" length="4" level="63"/>
        <run start="1016" length="4" level="55"/>
        <run start="1016" length="4" level="31"/>
        <run start="1015" length="5" level="83"/>
        <run start="1014" length="5" level="54"/>
        <run start="1013" length="5" level="43"/>
        <run start="1012" length="6" level="46"/>
        <run start="1011" length="6" level="48"/>
        <run start="1010" length="7" level="67"/>
        <run start="1009" length="7" level="40"/>
        <run start="1008" length="7" level="31"/>
        <run start="1007" length="8" level="62"/>
        <run start="1005" length="9" level="95"/>
        <run start="1004" length="9" level="97"/>
        <run start="1002" length="10" level="106"/>
        <run start="1000" length="12" level="107"/>
        <run start="997" length="14" level="74"/>
    </section>
    <section id="6463" first-pos="1973">
        <run start="973" length="37" level="63"/>
        <run start="973" length="36" level="44"/>
        <run start="974" length="34" level="37"/>
        <run start="974" length="34" level="43"/>
    </section>
    <section id="6424" first-pos="1960">
        <run start="972" length="6" level="61"/>
        <run start="972" length="5" level="14"/>
        <run start="972" length="5" level="43"/>
        <run start="972" length="4" level="2"/>
        <run start="971" length="5" level="33"/>
        <run start="971" length="5" level="19"/>
        <run start="971" length="5" level="8"/>
        <run start="971" length="5" level="4"/>
        <run start="971" length="5" level="31"/>
        <run start="972" length="5" level="14"/>
        <run start="972" length="6" level="37"/>
        <run start="972" length="7" level="16"/>
        <run start="972" length="9" level="44"/>
    </section>
    <section id="6392" first-pos="1953">
        <run start="980" length="9" level="93"/>
        <run start="978" length="13" level="59"/>
        <run start="976" length="15" level="61"/>
        <run start="975" length="17" level="54"/>
        <run start="974" length="19" level="48"/>
        <run start="974" length="19" level="36"/>
        <run start="973" length="20" level="59"/>
    </section>
    <section id="6389" first-pos="1952">
        <run start="984" length="2" level="190"/>
    </section>
    <section id="6425" first-pos="1960">
        <run start="980" length="13" level="51"/>
        <run start="980" length="13" level="51"/>
        <run start="980" length="13" level="64"/>
        <run start="981" length="12" level="55"/>
        <run start="981" length="11" level="66"/>
        <run start="982" length="9" level="76"/>
        <run start="983" length="6" level="159"/>
        <run start="986" length="3" level="209"/>
    </section>
    <section id="6474" first-pos="1977">
        <run start="975" length="30" level="36"/>
        <run start="976" length="28" level="37"/>
        <run start="977" length="26" level="42"/>
        <run start="978" length="23" level="47"/>
        <run start="980" length="19" level="57"/>
        <run start="981" length="16" level="68"/>
    </section>
    <section id="6498" first-pos="1983">
        <run start="983" length="11" level="130"/>
    </section>
    <section id="6503" first-pos="1984">
        <run start="985" length="4" level="196"/>
        <run start="981" length="8" level="130"/>
        <run start="979" length="8" level="84"/>
        <run start="979" length="8" level="70"/>
        <run start="978" length="9" level="73"/>
        <run start="978" length="9" level="71"/>
        <run start="978" length="9" level="93"/>
        <run start="979" length="8" level="99"/>
        <run start="980" length="4" level="202"/>
    </section>
    <section id="6475" first-pos="1977">
        <run start="1006" length="1" level="200"/>
    </section>
</stick>
