<?xml version="1.0" encoding="UTF-8"?>
<stick id="773" interline="19" shape="F_CLEF">
    <is-within-system>true</is-within-system>
    <has-ledger>false</has-ledger>
    <stem-number>0</stem-number>
    <step-line>-1.5384615384615385</step-line>
    <moments>
        <k>2.2409972299168976</k>
        <k>2.263157894736842</k>
        <k>2.8947368421052633</k>
        <k>0.12139763036914993</k>
        <k>-0.002382837136057399</k>
        <k>0.21631740515615439</k>
        <k>0.0031366292738587197</k>
        <k>0.006444084400551342</k>
        <k>-0.038909053477321466</k>
        <k>0.055141754434844904</k>
        <k>0.3377150355253043</k>
        <k>0.009032475296883545</k>
        <k>0.015649648461211686</k>
        <k>0.005072481878451888</k>
        <k>4.319988424860695E-5</k>
        <k>2.595458305054434E-4</k>
        <k>-1.3277385731828575E-5</k>
        <k>684.4313967861558</k>
        <k>1568.6032138442522</k>
    </moments>
    <section id="2502" first-pos="665">
        <run start="1598" length="3" level="131"/>
        <run start="1597" length="4" level="82"/>
        <run start="1597" length="4" level="67"/>
        <run start="1597" length="3" level="75"/>
        <run start="1596" length="4" level="76"/>
        <run start="1595" length="4" level="100"/>
        <run start="1595" length="4" level="72"/>
        <run start="1594" length="5" level="127"/>
        <run start="1594" length="4" level="72"/>
        <run start="1593" length="5" level="94"/>
        <run start="1592" length="5" level="64"/>
        <run start="1591" length="6" level="87"/>
        <run start="1590" length="6" level="55"/>
        <run start="1589" length="7" level="76"/>
        <run start="1587" length="8" level="91"/>
        <run start="1587" length="7" level="39"/>
        <run start="1586" length="8" level="62"/>
        <run start="1585" length="8" level="102"/>
        <run start="1584" length="7" level="122"/>
        <run start="1582" length="8" level="120"/>
        <run start="1580" length="10" level="105"/>
        <run start="1577" length="13" level="102"/>
        <run start="1574" length="15" level="89"/>
    </section>
    <section id="2598" first-pos="688">
        <run start="1550" length="38" level="86"/>
        <run start="1550" length="37" level="46"/>
    </section>
    <section id="2531" first-pos="674">
        <run start="1550" length="7" level="51"/>
        <run start="1550" length="6" level="57"/>
        <run start="1550" length="5" level="57"/>
        <run start="1549" length="5" level="50"/>
        <run start="1549" length="5" level="52"/>
        <run start="1546" length="8" level="107"/>
        <run start="1546" length="8" level="103"/>
        <run start="1546" length="8" level="99"/>
        <run start="1546" length="8" level="99"/>
        <run start="1546" length="9" level="106"/>
        <run start="1549" length="6" level="38"/>
        <run start="1549" length="7" level="61"/>
        <run start="1549" length="9" level="71"/>
        <run start="1549" length="11" level="66"/>
    </section>
    <section id="2513" first-pos="668">
        <run start="1556" length="11" level="120"/>
        <run start="1554" length="15" level="99"/>
        <run start="1553" length="17" level="81"/>
        <run start="1552" length="18" level="69"/>
        <run start="1551" length="20" level="68"/>
        <run start="1551" length="20" level="60"/>
    </section>
    <section id="2509" first-pos="667">
        <run start="1560" length="5" level="169"/>
    </section>
    <section id="2532" first-pos="674">
        <run start="1558" length="13" level="80"/>
        <run start="1558" length="13" level="78"/>
        <run start="1558" length="13" level="78"/>
        <run start="1558" length="13" level="88"/>
        <run start="1558" length="12" level="87"/>
        <run start="1558" length="12" level="106"/>
        <run start="1559" length="10" level="129"/>
        <run start="1561" length="6" level="155"/>
        <run start="1563" length="4" level="203"/>
        <run start="1565" length="2" level="200"/>
    </section>
    <section id="2604" first-pos="690">
        <run start="1551" length="33" level="37"/>
        <run start="1552" length="31" level="31"/>
        <run start="1552" length="31" level="42"/>
        <run start="1553" length="29" level="46"/>
        <run start="1555" length="26" level="51"/>
        <run start="1556" length="23" level="62"/>
        <run start="1558" length="19" level="70"/>
        <run start="1560" length="15" level="92"/>
        <run start="1562" length="11" level="155"/>
    </section>
    <section id="2622" first-pos="699">
        <run start="1565" length="2" level="200"/>
    </section>
    <section id="2623" first-pos="699">
        <run start="1571" length="4" level="142"/>
        <run start="1570" length="6" level="55"/>
        <run start="1569" length="7" level="21"/>
        <run start="1569" length="8" level="25"/>
        <run start="1569" length="8" level="9"/>
        <run start="1569" length="8" level="17"/>
        <run start="1569" length="7" level="19"/>
        <run start="1570" length="6" level="90"/>
        <run start="1571" length="3" level="175"/>
    </section>
    <section id="2605" first-pos="690">
        <run start="1585" length="2" level="200"/>
        <run start="1585" length="1" level="200"/>
    </section>
</stick>
