<?xml version="1.0" encoding="UTF-8"?>
<glyph id="1064" interline="20" shape="F_CLEF">
    <is-within-system>true</is-within-system>
    <has-ledger>false</has-ledger>
    <stem-number>0</stem-number>
    <step-line>-1.6103896103896105</step-line>
    <moments>
        <k>2.52</k>
        <k>2.6</k>
        <k>3.4</k>
        <k>0.15929809785604057</k>
        <k>-0.05297648573318209</k>
        <k>0.34192025024295425</k>
        <k>-0.013901701898671194</k>
        <k>0.0015366219798723046</k>
        <k>-0.054380335603726605</k>
        <k>0.10031429425043192</k>
        <k>0.5012183480989948</k>
        <k>0.04457688270498131</k>
        <k>0.031431707729068656</k>
        <k>0.015036045782431309</k>
        <k>2.343957768065525E-4</k>
        <k>0.00251670515820533</k>
        <k>-2.2783159234803234E-4</k>
        <k>70.0625</k>
        <k>1874.0714285714287</k>
    </moments>
    <section id="24" first-pos="44">
        <run start="1911" length="4" level="185"/>
        <run start="1911" length="4" level="64"/>
        <run start="1911" length="4" level="55"/>
        <run start="1910" length="5" level="79"/>
        <run start="1909" length="5" level="90"/>
        <run start="1909" length="5" level="80"/>
        <run start="1908" length="6" level="97"/>
        <run start="1908" length="5" level="96"/>
        <run start="1908" length="5" level="101"/>
        <run start="1908" length="5" level="124"/>
        <run start="1908" length="4" level="118"/>
        <run start="1907" length="5" level="145"/>
        <run start="1906" length="6" level="177"/>
        <run start="1905" length="6" level="191"/>
        <run start="1905" length="5" level="189"/>
        <run start="1904" length="5" level="150"/>
        <run start="1903" length="6" level="130"/>
        <run start="1902" length="7" level="129"/>
        <run start="1902" length="6" level="94"/>
        <run start="1901" length="7" level="85"/>
        <run start="1900" length="7" level="70"/>
        <run start="1899" length="7" level="55"/>
        <run start="1898" length="7" level="31"/>
        <run start="1897" length="8" level="36"/>
        <run start="1896" length="8" level="31"/>
        <run start="1895" length="9" level="47"/>
        <run start="1893" length="9" level="41"/>
        <run start="1892" length="10" level="46"/>
        <run start="1890" length="11" level="25"/>
    </section>
    <section id="289" first-pos="73">
        <run start="1887" length="13" level="58"/>
        <run start="1887" length="12" level="39"/>
        <run start="1885" length="13" level="43"/>
        <run start="1883" length="14" level="35"/>
        <run start="1880" length="16" level="37"/>
        <run start="1875" length="20" level="34"/>
    </section>
    <section id="281" first-pos="72">
        <run start="1888" length="1" level="200"/>
    </section>
    <section id="365" first-pos="79">
        <run start="1849" length="45" level="29"/>
        <run start="1849" length="44" level="28"/>
        <run start="1849" length="42" level="35"/>
    </section>
    <section id="359" first-pos="78">
        <run start="1849" length="16" level="29"/>
    </section>
    <section id="64" first-pos="51">
        <run start="1856" length="3" level="130"/>
        <run start="1855" length="4" level="82"/>
        <run start="1854" length="5" level="104"/>
        <run start="1853" length="5" level="104"/>
        <run start="1852" length="5" level="104"/>
        <run start="1849" length="7" level="97"/>
        <run start="1848" length="7" level="69"/>
        <run start="1848" length="6" level="43"/>
        <run start="1848" length="6" level="73"/>
        <run start="1848" length="5" level="52"/>
        <run start="1848" length="5" level="86"/>
        <run start="1848" length="4" level="57"/>
        <run start="1847" length="5" level="68"/>
        <run start="1847" length="5" level="87"/>
        <run start="1847" length="4" level="65"/>
        <run start="1847" length="4" level="65"/>
        <run start="1847" length="4" level="65"/>
        <run start="1847" length="4" level="65"/>
        <run start="1847" length="4" level="64"/>
        <run start="1848" length="4" level="27"/>
        <run start="1848" length="4" level="7"/>
        <run start="1848" length="5" level="21"/>
        <run start="1848" length="5" level="4"/>
        <run start="1848" length="6" level="40"/>
        <run start="1849" length="7" level="25"/>
        <run start="1849" length="8" level="11"/>
        <run start="1849" length="11" level="19"/>
    </section>
    <section id="360" first-pos="78">
        <run start="1867" length="6" level="157"/>
    </section>
    <section id="375" first-pos="82">
        <run start="1849" length="2" level="76"/>
        <run start="1849" length="2" level="37"/>
        <run start="1849" length="2" level="8"/>
        <run start="1849" length="2" level="10"/>
        <run start="1849" length="2" level="11"/>
        <run start="1849" length="2" level="13"/>
        <run start="1849" length="2" level="14"/>
        <run start="1849" length="3" level="86"/>
        <run start="1849" length="3" level="88"/>
        <run start="1849" length="2" level="75"/>
        <run start="1849" length="2" level="91"/>
        <run start="1849" length="2" level="84"/>
        <run start="1849" length="3" level="102"/>
        <run start="1849" length="2" level="140"/>
    </section>
    <section id="376" first-pos="82">
        <run start="1853" length="37" level="33"/>
        <run start="1854" length="35" level="29"/>
        <run start="1855" length="33" level="30"/>
        <run start="1856" length="29" level="47"/>
    </section>
    <section id="389" first-pos="86">
        <run start="1858" length="23" level="36"/>
        <run start="1859" length="21" level="85"/>
    </section>
    <section id="410" first-pos="88">
        <run start="1864" length="14" level="72"/>
    </section>
    <section id="425" first-pos="89">
        <run start="1865" length="7" level="204"/>
    </section>
    <section id="434" first-pos="90">
        <run start="1868" length="2" level="200"/>
    </section>
    <section id="62" first-pos="48">
        <run start="1863" length="5" level="135"/>
    </section>
    <section id="63" first-pos="49">
        <run start="1862" length="10" level="133"/>
        <run start="1862" length="11" level="97"/>
        <run start="1861" length="13" level="86"/>
        <run start="1861" length="14" level="77"/>
        <run start="1862" length="14" level="75"/>
        <run start="1862" length="14" level="76"/>
        <run start="1862" length="14" level="74"/>
        <run start="1861" length="16" level="83"/>
        <run start="1861" length="16" level="77"/>
        <run start="1861" length="16" level="76"/>
        <run start="1861" length="15" level="71"/>
        <run start="1861" length="15" level="75"/>
        <run start="1862" length="13" level="78"/>
        <run start="1863" length="11" level="92"/>
        <run start="1864" length="8" level="153"/>
    </section>
    <section id="210" first-pos="64">
        <run start="1868" length="3" level="146"/>
        <run start="1868" length="3" level="208"/>
    </section>
</glyph>
