<?xml version="1.0" encoding="UTF-8"?>
<stick id="753" interline="19" shape="F_CLEF">
    <is-within-system>true</is-within-system>
    <has-ledger>false</has-ledger>
    <stem-number>0</stem-number>
    <step-line>0.4675324675324675</step-line>
    <moments>
        <k>2.4764542936288088</k>
        <k>2.263157894736842</k>
        <k>2.736842105263158</k>
        <k>0.1337936566109675</k>
        <k>-0.0158063506577193</k>
        <k>0.17098081044354865</k>
        <k>-0.002404501420182819</k>
        <k>-0.0010211533731187287</k>
        <k>-0.03514633301477758</k>
        <k>0.05007742276393279</k>
        <k>0.30477446705451616</k>
        <k>0.0023822472946271878</k>
        <k>0.01344006113427639</k>
        <k>0.003816582733305928</k>
        <k>1.772295536791937E-5</k>
        <k>1.535229862748143E-4</k>
        <k>-2.08105006582907E-5</k>
        <k>1899.0380313199105</k>
        <k>1318.0883668903803</k>
    </moments>
    <section id="6158" first-pos="1877">
        <run start="1348" length="3" level="67"/>
        <run start="1348" length="3" level="29"/>
        <run start="1347" length="3" level="29"/>
        <run start="1347" length="3" level="14"/>
        <run start="1346" length="4" level="104"/>
        <run start="1346" length="3" level="14"/>
        <run start="1345" length="4" level="112"/>
        <run start="1345" length="4" level="69"/>
        <run start="1344" length="4" level="66"/>
        <run start="1343" length="5" level="86"/>
        <run start="1343" length="4" level="63"/>
        <run start="1342" length="5" level="58"/>
        <run start="1341" length="5" level="55"/>
        <run start="1340" length="5" level="44"/>
        <run start="1339" length="6" level="49"/>
        <run start="1338" length="6" level="45"/>
        <run start="1337" length="7" level="54"/>
        <run start="1336" length="7" level="56"/>
    </section>
    <section id="6232" first-pos="1895">
        <run start="1332" length="10" level="120"/>
        <run start="1331" length="10" level="113"/>
        <run start="1329" length="11" level="105"/>
        <run start="1326" length="13" level="101"/>
        <run start="1323" length="16" level="90"/>
    </section>
    <section id="6231" first-pos="1894">
        <run start="1333" length="2" level="200"/>
    </section>
    <section id="6241" first-pos="1900">
        <run start="1300" length="38" level="77"/>
        <run start="1300" length="37" level="57"/>
        <run start="1301" length="36" level="56"/>
        <run start="1302" length="34" level="53"/>
        <run start="1303" length="32" level="47"/>
        <run start="1303" length="30" level="61"/>
    </section>
    <section id="6198" first-pos="1886">
        <run start="1300" length="7" level="66"/>
        <run start="1300" length="6" level="39"/>
        <run start="1299" length="6" level="48"/>
        <run start="1299" length="6" level="58"/>
        <run start="1299" length="5" level="47"/>
        <run start="1299" length="5" level="52"/>
        <run start="1299" length="5" level="52"/>
        <run start="1299" length="5" level="52"/>
        <run start="1299" length="5" level="39"/>
        <run start="1299" length="6" level="49"/>
        <run start="1299" length="7" level="57"/>
        <run start="1299" length="8" level="52"/>
        <run start="1299" length="9" level="58"/>
        <run start="1300" length="12" level="74"/>
    </section>
    <section id="6170" first-pos="1881">
        <run start="1305" length="13" level="98"/>
        <run start="1304" length="16" level="82"/>
        <run start="1302" length="18" level="67"/>
        <run start="1302" length="19" level="56"/>
        <run start="1301" length="20" level="68"/>
    </section>
    <section id="6162" first-pos="1879">
        <run start="1311" length="4" level="198"/>
        <run start="1307" length="8" level="137"/>
    </section>
    <section id="6199" first-pos="1886">
        <run start="1308" length="13" level="78"/>
        <run start="1308" length="14" level="89"/>
        <run start="1308" length="13" level="77"/>
        <run start="1308" length="13" level="79"/>
        <run start="1308" length="12" level="89"/>
        <run start="1309" length="11" level="118"/>
        <run start="1310" length="9" level="145"/>
        <run start="1310" length="5" level="182"/>
    </section>
    <section id="6262" first-pos="1906">
        <run start="1305" length="25" level="58"/>
        <run start="1306" length="23" level="71"/>
        <run start="1307" length="20" level="84"/>
        <run start="1309" length="17" level="107"/>
        <run start="1311" length="13" level="171"/>
    </section>
    <section id="6271" first-pos="1911">
        <run start="1308" length="11" level="179"/>
        <run start="1306" length="10" level="108"/>
    </section>
    <section id="6279" first-pos="1913">
        <run start="1305" length="22" level="81"/>
        <run start="1305" length="22" level="67"/>
        <run start="1305" length="23" level="71"/>
        <run start="1305" length="22" level="74"/>
    </section>
    <section id="6272" first-pos="1911">
        <run start="1320" length="6" level="122"/>
        <run start="1319" length="8" level="58"/>
    </section>
    <section id="6289" first-pos="1917">
        <run start="1305" length="11" level="88"/>
        <run start="1306" length="10" level="110"/>
    </section>
    <section id="6295" first-pos="1919">
        <run start="1307" length="5" level="153"/>
    </section>
    <section id="6290" first-pos="1917">
        <run start="1319" length="8" level="73"/>
        <run start="1320" length="6" level="141"/>
        <run start="1322" length="2" level="202"/>
    </section>
</stick>
