<?xml version="1.0" encoding="UTF-8"?>
<stick id="844" interline="20" shape="FLAT">
    <is-within-system>true</is-within-system>
    <has-ledger>false</has-ledger>
    <stem-number>0</stem-number>
    <step-line>-1.8461538461538463</step-line>
    <moments>
        <k>1.0475</k>
        <k>1.1</k>
        <k>2.55</k>
        <k>0.08029120803179232</k>
        <k>0.056202497064337706</k>
        <k>0.46002377458669524</k>
        <k>0.016431772152341137</k>
        <k>0.007385168630640635</k>
        <k>-0.06197656636142828</k>
        <k>-0.14516976567190715</k>
        <k>0.5403149826184875</k>
        <k>0.15683170480744135</k>
        <k>0.06894791154496094</k>
        <k>0.02105892346137228</k>
        <k>8.000141023887461E-4</k>
        <k>0.007832145159148892</k>
        <k>6.240212821241543E-5</k>
        <k>1469.7708830548927</k>
        <k>1870.6038186157518</k>
    </moments>
    <section id="4937" first-pos="1462">
        <run start="1887" length="5" level="201"/>
        <run start="1887" length="5" level="171"/>
    </section>
    <section id="4939" first-pos="1464">
        <run start="1842" length="51" level="87"/>
        <run start="1842" length="51" level="45"/>
        <run start="1842" length="51" level="45"/>
    </section>
    <section id="4938" first-pos="1463">
        <run start="1843" length="10" level="190"/>
    </section>
    <section id="4942" first-pos="1467">
        <run start="1842" length="38" level="93"/>
    </section>
    <section id="4946" first-pos="1468">
        <run start="1842" length="21" level="168"/>
    </section>
    <section id="4948" first-pos="1469">
        <run start="1850" length="3" level="200"/>
    </section>
    <section id="4947" first-pos="1468">
        <run start="1867" length="9" level="173"/>
    </section>
    <section id="4949" first-pos="1469">
        <run start="1870" length="3" level="189"/>
    </section>
    <section id="4943" first-pos="1467">
        <run start="1886" length="7" level="123"/>
        <run start="1886" length="6" level="158"/>
        <run start="1886" length="6" level="177"/>
        <run start="1886" length="4" level="135"/>
        <run start="1885" length="5" level="110"/>
        <run start="1884" length="6" level="88"/>
        <run start="1881" length="9" level="64"/>
        <run start="1878" length="12" level="78"/>
    </section>
    <section id="4964" first-pos="1475">
        <run start="1869" length="17" level="56"/>
        <run start="1869" length="16" level="44"/>
        <run start="1869" length="15" level="47"/>
        <run start="1869" length="14" level="50"/>
        <run start="1869" length="14" level="64"/>
        <run start="1869" length="13" level="70"/>
        <run start="1869" length="11" level="62"/>
        <run start="1870" length="9" level="118"/>
    </section>
    <section id="4960" first-pos="1473">
        <run start="1869" length="1" level="200"/>
        <run start="1869" length="4" level="184"/>
    </section>
    <section id="4982" first-pos="1483">
        <run start="1873" length="3" level="219"/>
    </section>
</stick>
