<?xml version="1.0" encoding="UTF-8"?>
<stick id="3025" interline="19" shape="G_CLEF">
    <is-within-system>true</is-within-system>
    <has-ledger>false</has-ledger>
    <stem-number>0</stem-number>
    <step-line>0.8205128205128205</step-line>
    <moments>
        <k>5.50415512465374</k>
        <k>2.1578947368421053</k>
        <k>5.473684210526316</k>
        <k>0.03948570273425763</k>
        <k>-0.02706498235207309</k>
        <k>0.3424758691851268</k>
        <k>-9.953724504733518E-4</k>
        <k>0.0024311259828256695</k>
        <k>0.010663108276035472</k>
        <k>-0.045897609450205185</k>
        <k>0.3819615719193844</k>
        <k>0.09473309404479752</k>
        <k>0.003917271395006316</k>
        <k>0.0019828003010128343</k>
        <k>5.497559777269871E-6</k>
        <k>5.896242270973991E-4</k>
        <k>-5.598483075894067E-7</k>
        <k>1666.8112732762959</k>
        <k>434.2823351786613</k>
    </moments>
    <section id="5414" first-pos="1647">
        <run start="434" length="2" level="217"/>
    </section>
    <section id="5418" first-pos="1648">
        <run start="430" length="18" level="92"/>
        <run start="429" length="20" level="56"/>
    </section>
    <section id="5429" first-pos="1650">
        <run start="424" length="27" level="85"/>
        <run start="423" length="29" level="76"/>
        <run start="422" length="31" level="71"/>
    </section>
    <section id="5451" first-pos="1653">
        <run start="421" length="26" level="114"/>
    </section>
    <section id="5454" first-pos="1654">
        <run start="419" length="19" level="91"/>
        <run start="418" length="18" level="90"/>
        <run start="417" length="17" level="87"/>
        <run start="416" length="16" level="84"/>
        <run start="415" length="16" level="85"/>
        <run start="414" length="16" level="81"/>
        <run start="413" length="16" level="70"/>
        <run start="413" length="14" level="54"/>
        <run start="412" length="15" level="56"/>
        <run start="411" length="16" level="55"/>
        <run start="409" length="18" level="66"/>
        <run start="408" length="18" level="57"/>
    </section>
    <section id="5505" first-pos="1666">
        <run start="387" length="52" level="52"/>
        <run start="384" length="55" level="60"/>
        <run start="383" length="57" level="62"/>
    </section>
    <section id="5490" first-pos="1664">
        <run start="387" length="20" level="180"/>
        <run start="387" length="20" level="57"/>
    </section>
    <section id="5491" first-pos="1664">
        <run start="428" length="17" level="68"/>
        <run start="427" length="14" level="53"/>
    </section>
    <section id="5475" first-pos="1657">
        <run start="438" length="9" level="163"/>
        <run start="435" length="13" level="92"/>
        <run start="433" length="16" level="77"/>
        <run start="432" length="18" level="67"/>
        <run start="431" length="20" level="58"/>
        <run start="430" length="22" level="52"/>
        <run start="429" length="23" level="49"/>
    </section>
    <section id="5492" first-pos="1664">
        <run start="446" length="7" level="74"/>
        <run start="446" length="8" level="71"/>
        <run start="446" length="8" level="80"/>
        <run start="446" length="8" level="91"/>
        <run start="446" length="7" level="96"/>
    </section>
    <section id="5515" first-pos="1669">
        <run start="402" length="52" level="67"/>
    </section>
    <section id="5518" first-pos="1670">
        <run start="404" length="58" level="63"/>
    </section>
    <section id="5452" first-pos="1653">
        <run start="448" length="6" level="57"/>
        <run start="448" length="7" level="49"/>
        <run start="449" length="7" level="33"/>
        <run start="450" length="7" level="36"/>
        <run start="451" length="7" level="36"/>
        <run start="452" length="6" level="38"/>
        <run start="452" length="7" level="40"/>
        <run start="453" length="6" level="40"/>
        <run start="454" length="6" level="42"/>
        <run start="454" length="6" level="43"/>
        <run start="454" length="7" level="61"/>
        <run start="455" length="6" level="43"/>
        <run start="455" length="6" level="43"/>
        <run start="455" length="6" level="43"/>
        <run start="455" length="6" level="43"/>
        <run start="455" length="6" level="43"/>
        <run start="455" length="6" level="43"/>
    </section>
    <section id="5521" first-pos="1671">
        <run start="403" length="15" level="91"/>
        <run start="401" length="16" level="96"/>
        <run start="400" length="15" level="83"/>
        <run start="398" length="16" level="83"/>
        <run start="396" length="17" level="88"/>
    </section>
    <section id="5535" first-pos="1676">
        <run start="378" length="33" level="104"/>
        <run start="380" length="30" level="77"/>
        <run start="382" length="27" level="78"/>
        <run start="384" length="23" level="89"/>
    </section>
    <section id="5514" first-pos="1669">
        <run start="382" length="18" level="104"/>
        <run start="380" length="14" level="111"/>
        <run start="379" length="13" level="119"/>
        <run start="379" length="11" level="103"/>
        <run start="378" length="10" level="79"/>
        <run start="378" length="10" level="77"/>
        <run start="378" length="10" level="81"/>
    </section>
    <section id="5556" first-pos="1680">
        <run start="387" length="15" level="115"/>
    </section>
    <section id="5522" first-pos="1671">
        <run start="422" length="58" level="57"/>
        <run start="424" length="55" level="54"/>
        <run start="424" length="54" level="65"/>
    </section>
    <section id="5519" first-pos="1670">
        <run start="465" length="15" level="110"/>
    </section>
    <section id="5494" first-pos="1664">
        <run start="477" length="5" level="52"/>
        <run start="477" length="5" level="52"/>
        <run start="477" length="5" level="45"/>
        <run start="476" length="6" level="49"/>
        <run start="475" length="6" level="38"/>
        <run start="473" length="8" level="61"/>
    </section>
    <section id="5453" first-pos="1653">
        <run start="467" length="11" level="84"/>
        <run start="464" length="15" level="62"/>
        <run start="464" length="15" level="48"/>
        <run start="464" length="16" level="52"/>
        <run start="464" length="17" level="54"/>
        <run start="464" length="17" level="43"/>
        <run start="464" length="17" level="42"/>
        <run start="464" length="18" level="46"/>
        <run start="464" length="18" level="40"/>
        <run start="464" length="18" level="43"/>
        <run start="464" length="18" level="57"/>
    </section>
    <section id="5448" first-pos="1652">
        <run start="469" length="6" level="216"/>
    </section>
    <section id="5493" first-pos="1664">
        <run start="465" length="11" level="59"/>
    </section>
    <section id="5498" first-pos="1665">
        <run start="468" length="6" level="74"/>
    </section>
    <section id="5527" first-pos="1674">
        <run start="424" length="16" level="76"/>
        <run start="425" length="15" level="60"/>
        <run start="425" length="16" level="60"/>
    </section>
    <section id="5542" first-pos="1677">
        <run start="426" length="1" level="200"/>
    </section>
    <section id="5543" first-pos="1677">
        <run start="428" length="14" level="43"/>
        <run start="429" length="14" level="25"/>
        <run start="430" length="14" level="14"/>
        <run start="431" length="14" level="24"/>
    </section>
    <section id="5559" first-pos="1681">
        <run start="431" length="24" level="50"/>
        <run start="433" length="21" level="48"/>
        <run start="434" length="19" level="59"/>
        <run start="435" length="16" level="77"/>
        <run start="437" length="12" level="134"/>
        <run start="441" length="8" level="205"/>
    </section>
    <section id="5536" first-pos="1676">
        <run start="453" length="6" level="43"/>
        <run start="452" length="6" level="36"/>
        <run start="450" length="7" level="39"/>
        <run start="448" length="9" level="14"/>
        <run start="446" length="10" level="46"/>
    </section>
    <section id="5531" first-pos="1675">
        <run start="452" length="22" level="92"/>
    </section>
    <section id="5528" first-pos="1674">
        <run start="441" length="36" level="80"/>
    </section>
    <section id="5529" first-pos="1675">
        <run start="445" length="2" level="200"/>
    </section>
    <section id="5530" first-pos="1675">
        <run start="448" length="1" level="201"/>
    </section>
    <section id="5537" first-pos="1676">
        <run start="465" length="3" level="200"/>
    </section>
    <section id="5538" first-pos="1676">
        <run start="469" length="1" level="204"/>
    </section>
    <section id="5598" first-pos="1687">
        <run start="445" length="3" level="200"/>
    </section>
</stick>
