<?xml version="1.0" encoding="UTF-8"?>
<stick id="4605" interline="20" shape="G_CLEF">
    <is-within-system>true</is-within-system>
    <has-ledger>false</has-ledger>
    <stem-number>0</stem-number>
    <step-line>0.8205128205128205</step-line>
    <moments>
        <k>4.7725</k>
        <k>2.0</k>
        <k>5.2</k>
        <k>0.04385101840695208</k>
        <k>-0.03626062098123062</k>
        <k>0.3530502848872801</k>
        <k>-0.0015225052703801713</k>
        <k>0.0015973807784878343</k>
        <k>0.015549640578710711</k>
        <k>-0.04919902586400487</k>
        <k>0.3969013032942322</k>
        <k>0.10086351692775071</k>
        <k>0.005235532623387028</k>
        <k>0.0024626771398057416</k>
        <k>8.766832223131661E-6</k>
        <k>7.366285462634486E-4</k>
        <k>-1.1569058524981311E-6</k>
        <k>2200.398114195914</k>
        <k>1012.8077527501309</k>
    </moments>
    <section id="7030" first-pos="2181">
        <run start="1010" length="16" level="192"/>
    </section>
    <section id="7034" first-pos="2182">
        <run start="1007" length="21" level="71"/>
        <run start="1005" length="24" level="76"/>
        <run start="1003" length="27" level="85"/>
        <run start="1002" length="30" level="87"/>
        <run start="1000" length="33" level="96"/>
    </section>
    <section id="7062" first-pos="2187">
        <run start="999" length="19" level="84"/>
        <run start="998" length="17" level="89"/>
        <run start="997" length="17" level="99"/>
        <run start="996" length="16" level="101"/>
        <run start="995" length="15" level="99"/>
        <run start="994" length="15" level="99"/>
        <run start="994" length="13" level="86"/>
        <run start="992" length="14" level="82"/>
        <run start="991" length="14" level="66"/>
        <run start="991" length="14" level="54"/>
        <run start="990" length="14" level="42"/>
    </section>
    <section id="7092" first-pos="2198">
        <run start="987" length="17" level="57"/>
    </section>
    <section id="7087" first-pos="2197">
        <run start="988" length="1" level="222"/>
    </section>
    <section id="7093" first-pos="2199">
        <run start="971" length="32" level="65"/>
        <run start="968" length="35" level="47"/>
    </section>
    <section id="7098" first-pos="2201">
        <run start="966" length="51" level="47"/>
    </section>
    <section id="7088" first-pos="2197">
        <run start="1007" length="16" level="31"/>
        <run start="1006" length="14" level="49"/>
        <run start="1005" length="14" level="65"/>
        <run start="1004" length="14" level="74"/>
    </section>
    <section id="7079" first-pos="2191">
        <run start="1015" length="11" level="199"/>
        <run start="1013" length="13" level="87"/>
        <run start="1011" length="17" level="80"/>
        <run start="1010" length="19" level="77"/>
        <run start="1009" length="21" level="68"/>
        <run start="1008" length="23" level="70"/>
    </section>
    <section id="7089" first-pos="2197">
        <run start="1025" length="6" level="115"/>
        <run start="1025" length="7" level="113"/>
        <run start="1025" length="7" level="100"/>
        <run start="1026" length="6" level="84"/>
        <run start="1028" length="4" level="109"/>
    </section>
    <section id="7103" first-pos="2202">
        <run start="962" length="64" level="75"/>
    </section>
    <section id="7108" first-pos="2203">
        <run start="961" length="79" level="78"/>
    </section>
    <section id="7063" first-pos="2187">
        <run start="1025" length="9" level="99"/>
        <run start="1026" length="9" level="76"/>
        <run start="1027" length="9" level="61"/>
        <run start="1028" length="8" level="48"/>
        <run start="1029" length="8" level="67"/>
        <run start="1030" length="7" level="59"/>
        <run start="1031" length="7" level="64"/>
        <run start="1032" length="7" level="70"/>
        <run start="1032" length="7" level="68"/>
        <run start="1033" length="6" level="45"/>
        <run start="1033" length="6" level="59"/>
        <run start="1034" length="6" level="63"/>
        <run start="1034" length="6" level="46"/>
        <run start="1034" length="6" level="43"/>
        <run start="1034" length="6" level="43"/>
        <run start="1034" length="6" level="43"/>
    </section>
    <section id="7110" first-pos="2204">
        <run start="960" length="18" level="134"/>
    </section>
    <section id="7118" first-pos="2205">
        <run start="959" length="13" level="129"/>
        <run start="958" length="12" level="122"/>
        <run start="957" length="11" level="97"/>
        <run start="956" length="11" level="81"/>
        <run start="956" length="11" level="72"/>
        <run start="956" length="11" level="84"/>
        <run start="957" length="10" level="94"/>
    </section>
    <section id="7142" first-pos="2212">
        <run start="959" length="28" level="83"/>
        <run start="961" length="26" level="85"/>
    </section>
    <section id="7119" first-pos="2205">
        <run start="983" length="13" level="80"/>
        <run start="981" length="14" level="81"/>
        <run start="980" length="14" level="80"/>
        <run start="978" length="15" level="96"/>
        <run start="977" length="14" level="81"/>
        <run start="975" length="15" level="91"/>
        <run start="973" length="15" level="73"/>
    </section>
    <section id="7111" first-pos="2204">
        <run start="983" length="75" level="69"/>
    </section>
    <section id="7091" first-pos="2197">
        <run start="1056" length="4" level="63"/>
        <run start="1056" length="4" level="64"/>
        <run start="1055" length="5" level="77"/>
        <run start="1055" length="5" level="56"/>
        <run start="1054" length="6" level="73"/>
        <run start="1053" length="6" level="56"/>
        <run start="1051" length="8" level="74"/>
    </section>
    <section id="7053" first-pos="2186">
        <run start="1045" length="11" level="104"/>
        <run start="1044" length="13" level="75"/>
        <run start="1044" length="13" level="59"/>
        <run start="1044" length="14" level="57"/>
        <run start="1044" length="15" level="54"/>
        <run start="1044" length="16" level="58"/>
        <run start="1044" length="16" level="49"/>
        <run start="1044" length="16" level="45"/>
        <run start="1044" length="16" level="47"/>
        <run start="1044" length="16" level="57"/>
        <run start="1044" length="16" level="71"/>
    </section>
    <section id="7046" first-pos="2185">
        <run start="1048" length="5" level="158"/>
    </section>
    <section id="7090" first-pos="2197">
        <run start="1044" length="11" level="90"/>
        <run start="1044" length="9" level="166"/>
    </section>
    <section id="7120" first-pos="2205">
        <run start="1002" length="56" level="63"/>
        <run start="1003" length="54" level="68"/>
    </section>
    <section id="7125" first-pos="2207">
        <run start="1004" length="14" level="74"/>
        <run start="1004" length="14" level="69"/>
        <run start="1005" length="13" level="56"/>
        <run start="1005" length="14" level="68"/>
        <run start="1007" length="13" level="47"/>
        <run start="1007" length="14" level="47"/>
        <run start="1009" length="14" level="36"/>
        <run start="1009" length="15" level="30"/>
    </section>
    <section id="7147" first-pos="2215">
        <run start="1010" length="24" level="62"/>
        <run start="1012" length="21" level="72"/>
        <run start="1013" length="18" level="85"/>
        <run start="1015" length="14" level="103"/>
    </section>
    <section id="7132" first-pos="2209">
        <run start="1032" length="6" level="71"/>
        <run start="1032" length="5" level="42"/>
        <run start="1030" length="7" level="74"/>
        <run start="1029" length="7" level="47"/>
        <run start="1028" length="8" level="37"/>
        <run start="1026" length="9" level="63"/>
    </section>
    <section id="7126" first-pos="2207">
        <run start="1020" length="35" level="78"/>
        <run start="1023" length="31" level="126"/>
    </section>
    <section id="7133" first-pos="2209">
        <run start="1041" length="4" level="197"/>
    </section>
    <section id="7134" first-pos="2209">
        <run start="1049" length="1" level="223"/>
    </section>
    <section id="7158" first-pos="2219">
        <run start="1018" length="9" level="136"/>
    </section>
    <section id="7164" first-pos="2220">
        <run start="1025" length="1" level="200"/>
    </section>
    <section id="7145" first-pos="2214">
        <run start="963" length="20" level="90"/>
    </section>
    <section id="7146" first-pos="2215">
        <run start="966" length="14" level="192"/>
    </section>
</stick>
