<?xml version="1.0" encoding="UTF-8"?>
<stick id="728" interline="19" shape="GRACE_NOTE_SLASH">
    <is-within-system>true</is-within-system>
    <has-ledger>false</has-ledger>
    <stem-number>0</stem-number>
    <step-line>-1.7142857142857142</step-line>
    <moments>
        <k>1.4598337950138505</k>
        <k>1.9473684210526316</k>
        <k>2.736842105263158</k>
        <k>0.10649093358402828</k>
        <k>-0.10952861690634325</k>
        <k>0.3557483851659607</k>
        <k>0.01934383739359239</k>
        <k>0.006854559817318363</k>
        <k>-0.04730090759808343</k>
        <k>0.027090280099938985</k>
        <k>0.46223931874998897</k>
        <k>0.11011534885478538</k>
        <k>0.026043049688429843</k>
        <k>0.001933849931427069</k>
        <k>1.1795364821368698E-5</k>
        <k>5.081582398200326E-4</k>
        <k>-7.015482413777958E-6</k>
        <k>732.7893738140417</k>
        <k>1296.80834914611</k>
    </moments>
    <section id="2679" first-pos="717">
        <run start="1316" length="1" level="200"/>
        <run start="1314" length="3" level="200"/>
        <run start="1313" length="6" level="167"/>
        <run start="1312" length="8" level="126"/>
        <run start="1311" length="10" level="116"/>
        <run start="1310" length="11" level="94"/>
        <run start="1310" length="12" level="90"/>
        <run start="1309" length="13" level="94"/>
        <run start="1309" length="12" level="85"/>
        <run start="1309" length="12" level="88"/>
        <run start="1309" length="12" level="88"/>
        <run start="1308" length="12" level="99"/>
        <run start="1309" length="11" level="95"/>
        <run start="1309" length="10" level="100"/>
    </section>
    <section id="2730" first-pos="731">
        <run start="1270" length="49" level="89"/>
        <run start="1270" length="47" level="56"/>
    </section>
    <section id="2729" first-pos="730">
        <run start="1271" length="31" level="171"/>
    </section>
    <section id="2728" first-pos="729">
        <run start="1272" length="5" level="212"/>
    </section>
    <section id="2710" first-pos="723">
        <run start="1299" length="3" level="144"/>
        <run start="1299" length="3" level="50"/>
        <run start="1299" length="3" level="82"/>
        <run start="1296" length="6" level="149"/>
        <run start="1296" length="5" level="126"/>
        <run start="1296" length="5" level="141"/>
        <run start="1296" length="4" level="147"/>
    </section>
    <section id="2733" first-pos="733">
        <run start="1272" length="16" level="73"/>
        <run start="1274" length="14" level="78"/>
        <run start="1278" length="10" level="40"/>
        <run start="1279" length="9" level="25"/>
        <run start="1280" length="9" level="35"/>
        <run start="1281" length="9" level="54"/>
    </section>
    <section id="2752" first-pos="739">
        <run start="1282" length="15" level="87"/>
        <run start="1284" length="13" level="58"/>
        <run start="1285" length="11" level="52"/>
        <run start="1286" length="9" level="46"/>
        <run start="1287" length="8" level="58"/>
        <run start="1288" length="6" level="27"/>
        <run start="1288" length="6" level="50"/>
        <run start="1287" length="6" level="91"/>
        <run start="1287" length="5" level="59"/>
        <run start="1286" length="6" level="88"/>
        <run start="1286" length="5" level="50"/>
        <run start="1285" length="6" level="81"/>
        <run start="1285" length="5" level="52"/>
        <run start="1285" length="5" level="85"/>
        <run start="1286" length="3" level="141"/>
    </section>
    <section id="2736" first-pos="734">
        <run start="1294" length="5" level="196"/>
        <run start="1293" length="6" level="206"/>
        <run start="1293" length="4" level="179"/>
        <run start="1292" length="5" level="161"/>
        <run start="1292" length="5" level="135"/>
    </section>
    <section id="2734" first-pos="733">
        <run start="1289" length="27" level="128"/>
    </section>
    <section id="2737" first-pos="734">
        <run start="1308" length="4" level="183"/>
    </section>
    <section id="2738" first-pos="734">
        <run start="1313" length="1" level="184"/>
    </section>
</stick>
