<?xml version="1.0" encoding="UTF-8"?>
<stick id="4805" interline="19" shape="GRACE_NOTE_SLASH">
    <is-within-system>true</is-within-system>
    <has-ledger>false</has-ledger>
    <stem-number>0</stem-number>
    <step-line>1.5064935064935066</step-line>
    <moments>
        <k>1.6094182825484764</k>
        <k>2.0</k>
        <k>2.789473684210526</k>
        <k>0.10842790696270417</k>
        <k>-0.07707223297248017</k>
        <k>0.28927239062767257</k>
        <k>0.009481042400316636</k>
        <k>0.0168784444419957</k>
        <k>-0.040676982944746885</k>
        <k>0.005402429589297887</k>
        <k>0.39770029759037673</k>
        <k>0.05646524365350607</k>
        <k>0.019341419418930868</k>
        <k>0.0014696240540499998</k>
        <k>4.559569087726877E-6</k>
        <k>1.2806576610446157E-4</k>
        <k>-6.371943783919842E-6</k>
        <k>431.4148020654045</k>
        <k>1327.695352839931</k>
    </moments>
    <section id="1684" first-pos="416">
        <run start="1344" length="4" level="62"/>
        <run start="1342" length="8" level="34"/>
        <run start="1341" length="10" level="28"/>
        <run start="1340" length="11" level="25"/>
        <run start="1340" length="13" level="30"/>
        <run start="1339" length="14" level="34"/>
        <run start="1339" length="13" level="29"/>
        <run start="1338" length="14" level="35"/>
        <run start="1338" length="13" level="21"/>
        <run start="1338" length="12" level="23"/>
        <run start="1338" length="11" level="24"/>
        <run start="1338" length="11" level="43"/>
    </section>
    <section id="1709" first-pos="428">
        <run start="1300" length="48" level="53"/>
        <run start="1301" length="45" level="47"/>
    </section>
    <section id="1706" first-pos="427">
        <run start="1301" length="12" level="113"/>
    </section>
    <section id="1707" first-pos="427">
        <run start="1315" length="8" level="143"/>
    </section>
    <section id="1708" first-pos="427">
        <run start="1324" length="11" level="93"/>
    </section>
    <section id="1692" first-pos="420">
        <run start="1329" length="3" level="115"/>
        <run start="1329" length="3" level="98"/>
        <run start="1328" length="3" level="99"/>
        <run start="1328" length="3" level="101"/>
        <run start="1327" length="4" level="138"/>
        <run start="1327" length="3" level="87"/>
        <run start="1326" length="4" level="78"/>
    </section>
    <section id="1714" first-pos="430">
        <run start="1303" length="40" level="107"/>
    </section>
    <section id="1716" first-pos="431">
        <run start="1305" length="11" level="85"/>
        <run start="1307" length="9" level="95"/>
        <run start="1308" length="11" level="143"/>
        <run start="1310" length="9" level="137"/>
        <run start="1311" length="9" level="151"/>
    </section>
    <section id="1737" first-pos="436">
        <run start="1312" length="14" level="96"/>
        <run start="1313" length="13" level="81"/>
        <run start="1315" length="12" level="60"/>
        <run start="1315" length="14" level="58"/>
    </section>
    <section id="1717" first-pos="431">
        <run start="1323" length="6" level="73"/>
        <run start="1323" length="5" level="34"/>
        <run start="1323" length="5" level="51"/>
        <run start="1322" length="5" level="43"/>
        <run start="1321" length="5" level="36"/>
    </section>
    <section id="1754" first-pos="440">
        <run start="1315" length="20" level="69"/>
    </section>
    <section id="1763" first-pos="441">
        <run start="1318" length="26" level="46"/>
        <run start="1318" length="23" level="88"/>
    </section>
    <section id="1752" first-pos="439">
        <run start="1339" length="5" level="76"/>
        <run start="1336" length="8" level="34"/>
    </section>
    <section id="1771" first-pos="443">
        <run start="1317" length="6" level="104"/>
        <run start="1317" length="5" level="116"/>
        <run start="1316" length="5" level="120"/>
        <run start="1316" length="5" level="154"/>
        <run start="1316" length="4" level="167"/>
        <run start="1316" length="4" level="198"/>
        <run start="1316" length="3" level="200"/>
        <run start="1316" length="2" level="200"/>
        <run start="1316" length="2" level="200"/>
        <run start="1316" length="1" level="200"/>
        <run start="1316" length="1" level="200"/>
    </section>
    <section id="1772" first-pos="443">
        <run start="1327" length="11" level="206"/>
    </section>
    <section id="1776" first-pos="444">
        <run start="1334" length="1" level="200"/>
    </section>
</stick>
