<?xml version="1.0" encoding="UTF-8"?>
<glyph id="4941" interline="19" shape="GRACE_NOTE_SLASH">
    <is-within-system>true</is-within-system>
    <has-ledger>false</has-ledger>
    <stem-number>0</stem-number>
    <step-line>2.3376623376623376</step-line>
    <moments>
        <k>1.3462603878116344</k>
        <k>1.894736842105263</k>
        <k>2.6315789473684212</k>
        <k>0.1278492501205844</k>
        <k>-0.09436011397941316</k>
        <k>0.38099282579502575</k>
        <k>0.006786880234348277</k>
        <k>0.029190523983464965</k>
        <k>-0.0532236412061208</k>
        <k>-0.006649566060399204</k>
        <k>0.5088420759156101</k>
        <k>0.09969699434607299</k>
        <k>0.036585823311516615</k>
        <k>0.002664467553638957</k>
        <k>7.774336098784255E-6</k>
        <k>-2.2173083598643693E-5</k>
        <k>-2.5132057682566452E-5</k>
        <k>343.17283950617286</k>
        <k>1336.3271604938273</k>
    </moments>
    <section id="1410" first-pos="327">
        <run start="1352" length="1" level="200"/>
    </section>
    <section id="1414" first-pos="328">
        <run start="1351" length="6" level="143"/>
        <run start="1350" length="9" level="142"/>
        <run start="1350" length="9" level="113"/>
        <run start="1349" length="10" level="103"/>
        <run start="1348" length="11" level="96"/>
        <run start="1348" length="11" level="96"/>
        <run start="1347" length="12" level="88"/>
        <run start="1347" length="12" level="89"/>
        <run start="1347" length="12" level="91"/>
        <run start="1347" length="11" level="94"/>
        <run start="1347" length="11" level="99"/>
        <run start="1347" length="10" level="110"/>
        <run start="1347" length="9" level="121"/>
    </section>
    <section id="1411" first-pos="327">
        <run start="1355" length="1" level="156"/>
    </section>
    <section id="1453" first-pos="341">
        <run start="1309" length="46" level="56"/>
    </section>
    <section id="1450" first-pos="340">
        <run start="1309" length="35" level="97"/>
    </section>
    <section id="1440" first-pos="339">
        <run start="1310" length="1" level="227"/>
    </section>
    <section id="1441" first-pos="339">
        <run start="1312" length="6" level="199"/>
    </section>
    <section id="1436" first-pos="338">
        <run start="1314" length="1" level="200"/>
    </section>
    <section id="1437" first-pos="338">
        <run start="1334" length="3" level="153"/>
        <run start="1334" length="4" level="115"/>
    </section>
    <section id="1456" first-pos="342">
        <run start="1310" length="28" level="131"/>
    </section>
    <section id="1459" first-pos="343">
        <run start="1314" length="12" level="70"/>
        <run start="1315" length="11" level="43"/>
        <run start="1317" length="9" level="30"/>
        <run start="1318" length="9" level="50"/>
        <run start="1320" length="7" level="28"/>
        <run start="1321" length="7" level="35"/>
    </section>
    <section id="1469" first-pos="349">
        <run start="1322" length="13" level="73"/>
        <run start="1323" length="12" level="85"/>
        <run start="1325" length="9" level="67"/>
        <run start="1326" length="7" level="58"/>
        <run start="1327" length="5" level="36"/>
        <run start="1327" length="5" level="73"/>
        <run start="1327" length="4" level="61"/>
        <run start="1327" length="3" level="65"/>
        <run start="1326" length="3" level="24"/>
        <run start="1325" length="4" level="65"/>
        <run start="1325" length="3" level="9"/>
        <run start="1324" length="4" level="68"/>
        <run start="1324" length="3" level="71"/>
        <run start="1324" length="2" level="202"/>
    </section>
    <section id="1460" first-pos="343">
        <run start="1334" length="3" level="189"/>
        <run start="1333" length="2" level="200"/>
        <run start="1332" length="3" level="200"/>
        <run start="1331" length="4" level="160"/>
        <run start="1330" length="5" level="129"/>
        <run start="1329" length="6" level="136"/>
    </section>
    <section id="1457" first-pos="342">
        <run start="1346" length="5" level="78"/>
    </section>
    <section id="1427" first-pos="333">
        <run start="1337" length="3" level="99"/>
        <run start="1337" length="2" level="126"/>
    </section>
    <section id="1470" first-pos="351">
        <run start="1348" length="6" level="134"/>
        <run start="1347" length="7" level="58"/>
    </section>
    <section id="1474" first-pos="353">
        <run start="1334" length="20" level="47"/>
    </section>
    <section id="1471" first-pos="352">
        <run start="1334" length="5" level="136"/>
    </section>
    <section id="1476" first-pos="354">
        <run start="1334" length="14" level="33"/>
    </section>
    <section id="1480" first-pos="355">
        <run start="1334" length="4" level="183"/>
        <run start="1334" length="3" level="209"/>
    </section>
    <section id="1477" first-pos="354">
        <run start="1351" length="3" level="206"/>
    </section>
</glyph>
