<?xml version="1.0" encoding="UTF-8"?>
<stick id="731" interline="19" shape="GRACE_NOTE_SLASH">
    <is-within-system>true</is-within-system>
    <has-ledger>false</has-ledger>
    <stem-number>0</stem-number>
    <step-line>-3.272727272727273</step-line>
    <moments>
        <k>1.2243767313019391</k>
        <k>1.4736842105263157</k>
        <k>2.4210526315789473</k>
        <k>0.10418136059006086</k>
        <k>-0.07908278835534377</k>
        <k>0.31500605992610003</k>
        <k>-0.0033869437443701795</k>
        <k>0.02998660520666377</k>
        <k>-0.027280876094413386</k>
        <k>-0.045820522890014065</k>
        <k>0.41918742051616087</k>
        <k>0.0694634035063557</k>
        <k>0.024591594762354327</k>
        <k>0.0011912281228672</k>
        <k>-5.9803678086946005E-6</k>
        <k>-2.990351401519212E-4</k>
        <k>2.4092292551192666E-6</k>
        <k>813.6855203619909</k>
        <k>1282.1515837104073</k>
    </moments>
    <section id="2921" first-pos="798">
        <run start="1296" length="1" level="200"/>
        <run start="1294" length="3" level="200"/>
        <run start="1293" length="7" level="195"/>
        <run start="1292" length="8" level="142"/>
        <run start="1291" length="10" level="108"/>
        <run start="1291" length="10" level="82"/>
        <run start="1290" length="11" level="89"/>
        <run start="1290" length="11" level="75"/>
        <run start="1289" length="12" level="85"/>
        <run start="1289" length="12" level="72"/>
        <run start="1289" length="12" level="76"/>
        <run start="1289" length="12" level="86"/>
        <run start="1289" length="12" level="89"/>
        <run start="1289" length="11" level="93"/>
    </section>
    <section id="2987" first-pos="812">
        <run start="1255" length="44" level="61"/>
        <run start="1256" length="40" level="33"/>
    </section>
    <section id="2984" first-pos="811">
        <run start="1268" length="7" level="217"/>
    </section>
    <section id="2985" first-pos="811">
        <run start="1276" length="11" level="200"/>
    </section>
    <section id="2993" first-pos="814">
        <run start="1259" length="35" level="62"/>
    </section>
    <section id="2994" first-pos="815">
        <run start="1261" length="7" level="37"/>
        <run start="1262" length="6" level="40"/>
        <run start="1263" length="6" level="44"/>
        <run start="1264" length="6" level="63"/>
        <run start="1265" length="5" level="50"/>
        <run start="1266" length="5" level="51"/>
        <run start="1267" length="6" level="73"/>
        <run start="1269" length="6" level="73"/>
    </section>
    <section id="3030" first-pos="823">
        <run start="1270" length="27" level="107"/>
        <run start="1272" length="25" level="88"/>
    </section>
    <section id="2995" first-pos="815">
        <run start="1270" length="9" level="120"/>
        <run start="1271" length="8" level="154"/>
        <run start="1273" length="7" level="169"/>
        <run start="1275" length="5" level="150"/>
        <run start="1276" length="5" level="110"/>
        <run start="1276" length="6" level="91"/>
        <run start="1276" length="8" level="98"/>
        <run start="1276" length="10" level="91"/>
    </section>
    <section id="3038" first-pos="825">
        <run start="1275" length="5" level="180"/>
    </section>
    <section id="3039" first-pos="825">
        <run start="1286" length="11" level="128"/>
    </section>
</stick>
