<?xml version="1.0" encoding="UTF-8"?>
<stick id="4723" interline="19" shape="GRACE_NOTE_SLASH">
    <is-within-system>true</is-within-system>
    <has-ledger>false</has-ledger>
    <stem-number>0</stem-number>
    <step-line>-0.2597402597402597</step-line>
    <moments>
        <k>1.5983379501385042</k>
        <k>1.8421052631578947</k>
        <k>2.789473684210526</k>
        <k>0.1047575249505552</k>
        <k>-0.0734626422474378</k>
        <k>0.30573359662046534</k>
        <k>0.007379626037536936</k>
        <k>0.019451320149465857</k>
        <k>-0.038590406404896894</k>
        <k>-0.014674179304608159</k>
        <k>0.4104911215710205</k>
        <k>0.061978420607768994</k>
        <k>0.02049923988212265</k>
        <k>9.969338857911897E-4</k>
        <k>-2.46944335037996E-6</k>
        <k>-1.4737425777437067E-4</k>
        <k>-3.770027578415343E-6</k>
        <k>505.42287694974004</k>
        <k>1311.3518197573658</k>
    </moments>
    <section id="1918" first-pos="490">
        <run start="1327" length="4" level="102"/>
        <run start="1325" length="8" level="80"/>
        <run start="1324" length="9" level="40"/>
        <run start="1323" length="11" level="40"/>
        <run start="1323" length="13" level="58"/>
        <run start="1322" length="14" level="59"/>
        <run start="1322" length="13" level="44"/>
        <run start="1321" length="14" level="58"/>
        <run start="1321" length="13" level="40"/>
        <run start="1321" length="13" level="37"/>
        <run start="1321" length="12" level="32"/>
        <run start="1322" length="11" level="40"/>
        <run start="1321" length="11" level="50"/>
    </section>
    <section id="1944" first-pos="503">
        <run start="1283" length="48" level="57"/>
    </section>
    <section id="1940" first-pos="502">
        <run start="1283" length="36" level="121"/>
    </section>
    <section id="1935" first-pos="501">
        <run start="1284" length="7" level="197"/>
    </section>
    <section id="1936" first-pos="501">
        <run start="1294" length="2" level="208"/>
    </section>
    <section id="1926" first-pos="494">
        <run start="1314" length="1" level="200"/>
        <run start="1313" length="2" level="200"/>
        <run start="1311" length="4" level="171"/>
        <run start="1311" length="3" level="135"/>
        <run start="1310" length="4" level="137"/>
        <run start="1310" length="4" level="114"/>
        <run start="1310" length="4" level="112"/>
        <run start="1309" length="6" level="124"/>
    </section>
    <section id="1950" first-pos="504">
        <run start="1285" length="29" level="88"/>
    </section>
    <section id="1955" first-pos="505">
        <run start="1288" length="12" level="79"/>
        <run start="1289" length="11" level="93"/>
        <run start="1291" length="10" level="111"/>
        <run start="1292" length="9" level="115"/>
        <run start="1293" length="9" level="130"/>
        <run start="1294" length="8" level="119"/>
    </section>
    <section id="1970" first-pos="511">
        <run start="1296" length="12" level="65"/>
        <run start="1296" length="12" level="40"/>
        <run start="1296" length="14" level="80"/>
        <run start="1301" length="11" level="42"/>
    </section>
    <section id="1956" first-pos="505">
        <run start="1306" length="6" level="93"/>
        <run start="1306" length="5" level="104"/>
        <run start="1305" length="5" level="82"/>
        <run start="1305" length="5" level="87"/>
        <run start="1304" length="5" level="79"/>
        <run start="1304" length="5" level="81"/>
    </section>
    <section id="1979" first-pos="515">
        <run start="1301" length="16" level="58"/>
    </section>
    <section id="1973" first-pos="513">
        <run start="1314" length="1" level="220"/>
        <run start="1314" length="3" level="204"/>
    </section>
    <section id="1982" first-pos="516">
        <run start="1301" length="25" level="61"/>
    </section>
    <section id="1975" first-pos="514">
        <run start="1321" length="6" level="117"/>
        <run start="1318" length="9" level="58"/>
    </section>
    <section id="1989" first-pos="517">
        <run start="1301" length="4" level="89"/>
        <run start="1301" length="3" level="36"/>
        <run start="1300" length="4" level="65"/>
        <run start="1299" length="4" level="37"/>
        <run start="1299" length="4" level="40"/>
        <run start="1299" length="3" level="8"/>
        <run start="1299" length="3" level="74"/>
        <run start="1299" length="2" level="168"/>
    </section>
    <section id="1990" first-pos="517">
        <run start="1308" length="17" level="148"/>
    </section>
    <section id="1994" first-pos="518">
        <run start="1313" length="6" level="182"/>
        <run start="1314" length="3" level="209"/>
        <run start="1315" length="2" level="200"/>
    </section>
    <section id="1951" first-pos="504">
        <run start="1315" length="15" level="85"/>
        <run start="1315" length="12" level="190"/>
    </section>
</stick>
