<?xml version="1.0" encoding="UTF-8"?>
<stick id="2842" interline="19" shape="MORDENT">
    <is-within-system>true</is-within-system>
    <has-ledger>false</has-ledger>
    <stem-number>0</stem-number>
    <step-line>-9.025641025641026</step-line>
    <moments>
        <k>1.332409972299169</k>
        <k>2.263157894736842</k>
        <k>1.1578947368421053</k>
        <k>0.25221194719943396</k>
        <k>0.010970849068021888</k>
        <k>0.04667132816648077</k>
        <k>0.0035061406681269718</k>
        <k>-0.0016100851469971116</k>
        <k>-0.0011092111638578927</k>
        <k>-2.1014041276022372E-4</k>
        <k>0.29888327536591475</k>
        <k>0.04272838418954286</k>
        <k>6.804593213987928E-5</k>
        <k>9.058492136829517E-6</k>
        <k>4.8379687958211824E-11</k>
        <k>3.084238874758832E-7</k>
        <k>2.196323443280285E-10</k>
        <k>1595.8981288981288</k>
        <k>48.474012474012476</k>
    </moments>
    <section id="5212" first-pos="1575">
        <run start="49" length="3" level="172"/>
        <run start="48" length="5" level="99"/>
        <run start="47" length="6" level="86"/>
        <run start="45" length="7" level="93"/>
        <run start="43" length="8" level="83"/>
        <run start="42" length="8" level="67"/>
        <run start="41" length="8" level="53"/>
        <run start="40" length="11" level="64"/>
        <run start="40" length="12" level="29"/>
        <run start="39" length="15" level="30"/>
        <run start="38" length="18" level="28"/>
        <run start="38" length="20" level="30"/>
        <run start="39" length="20" level="28"/>
        <run start="41" length="19" level="26"/>
        <run start="42" length="18" level="28"/>
        <run start="44" length="16" level="37"/>
        <run start="46" length="13" level="38"/>
        <run start="47" length="11" level="54"/>
        <run start="49" length="8" level="53"/>
        <run start="48" length="8" level="87"/>
        <run start="47" length="7" level="65"/>
        <run start="46" length="7" level="68"/>
        <run start="45" length="6" level="48"/>
        <run start="44" length="6" level="48"/>
        <run start="42" length="8" level="72"/>
        <run start="41" length="10" level="49"/>
        <run start="39" length="14" level="48"/>
        <run start="39" length="15" level="20"/>
        <run start="38" length="18" level="33"/>
        <run start="38" length="19" level="23"/>
        <run start="39" length="19" level="15"/>
        <run start="40" length="19" level="21"/>
        <run start="42" length="17" level="14"/>
        <run start="44" length="15" level="23"/>
        <run start="45" length="13" level="43"/>
        <run start="47" length="10" level="46"/>
        <run start="49" length="7" level="20"/>
        <run start="48" length="7" level="42"/>
        <run start="47" length="7" level="42"/>
        <run start="46" length="7" level="47"/>
        <run start="45" length="7" level="66"/>
        <run start="45" length="5" level="33"/>
        <run start="45" length="4" level="113"/>
    </section>
</stick>
