<?xml version="1.0" encoding="UTF-8"?>
<stick id="3166" interline="19" shape="MORDENT">
    <is-within-system>true</is-within-system>
    <has-ledger>false</has-ledger>
    <stem-number>0</stem-number>
    <step-line>-5.435897435897436</step-line>
    <moments>
        <k>1.0941828254847645</k>
        <k>2.263157894736842</k>
        <k>1.0526315789473684</k>
        <k>0.28325360062794114</k>
        <k>0.023409296222002683</k>
        <k>0.05079023768910793</k>
        <k>-0.0019259147875213653</k>
        <k>-0.0018717451828567718</k>
        <k>-0.0010462331433796295</k>
        <k>1.5942584654554543E-4</k>
        <k>0.3340438383170491</k>
        <k>0.056231195707269574</k>
        <k>3.481756081761038E-5</k>
        <k>1.1765700832664383E-5</k>
        <k>2.329159643295597E-10</k>
        <k>1.8484563597108734E-6</k>
        <k>4.958953463158581E-11</k>
        <k>999.5164556962026</k>
        <k>661.6253164556962</k>
    </moments>
    <section id="3500" first-pos="978">
        <run start="662" length="1" level="174"/>
        <run start="661" length="3" level="134"/>
        <run start="660" length="4" level="89"/>
        <run start="659" length="4" level="66"/>
        <run start="657" length="5" level="91"/>
        <run start="656" length="5" level="78"/>
        <run start="656" length="4" level="25"/>
        <run start="654" length="6" level="56"/>
        <run start="654" length="8" level="45"/>
        <run start="653" length="12" level="49"/>
        <run start="652" length="15" level="35"/>
        <run start="652" length="17" level="23"/>
        <run start="653" length="18" level="20"/>
        <run start="654" length="18" level="18"/>
        <run start="655" length="17" level="28"/>
        <run start="657" length="15" level="27"/>
        <run start="659" length="12" level="29"/>
        <run start="661" length="9" level="46"/>
        <run start="662" length="7" level="66"/>
        <run start="662" length="6" level="87"/>
        <run start="661" length="6" level="88"/>
        <run start="660" length="6" level="92"/>
        <run start="659" length="5" level="81"/>
        <run start="658" length="5" level="101"/>
        <run start="657" length="5" level="85"/>
        <run start="655" length="7" level="72"/>
        <run start="654" length="10" level="56"/>
        <run start="653" length="13" level="48"/>
        <run start="653" length="14" level="24"/>
        <run start="652" length="17" level="32"/>
        <run start="653" length="18" level="34"/>
        <run start="654" length="18" level="28"/>
        <run start="655" length="17" level="30"/>
        <run start="657" length="15" level="34"/>
        <run start="659" length="12" level="40"/>
        <run start="661" length="9" level="51"/>
        <run start="663" length="6" level="48"/>
        <run start="663" length="5" level="55"/>
        <run start="662" length="5" level="92"/>
        <run start="661" length="5" level="101"/>
        <run start="661" length="4" level="82"/>
        <run start="660" length="4" level="105"/>
        <run start="660" length="3" level="138"/>
    </section>
</stick>
