<?xml version="1.0" encoding="UTF-8"?>
<stick id="628" interline="19" shape="NATURAL">
    <is-within-system>true</is-within-system>
    <has-ledger>false</has-ledger>
    <stem-number>0</stem-number>
    <step-line>-2.1538461538461537</step-line>
    <moments>
        <k>1.3545706371191135</k>
        <k>0.8421052631578947</k>
        <k>3.210526315789474</k>
        <k>0.04502755828566341</k>
        <k>0.054914040190945104</k>
        <k>0.4128886532268671</k>
        <k>1.718519446185926E-4</k>
        <k>1.186537850885895E-4</k>
        <k>-0.0038094201803037502</k>
        <k>-0.0026787164006208935</k>
        <k>0.4579162115125305</k>
        <k>0.14738399241171218</k>
        <k>1.4377187875901865E-4</k>
        <k>1.978582326471173E-5</k>
        <k>1.3838236962043691E-11</k>
        <k>-4.1104322766173577E-7</k>
        <k>1.0551903687127775E-9</k>
        <k>971.3967280163599</k>
        <k>694.4376278118609</k>
    </moments>
    <section id="3455" first-pos="964">
        <run start="667" length="2" level="198"/>
    </section>
    <section id="3459" first-pos="965">
        <run start="666" length="46" level="103"/>
        <run start="665" length="47" level="36"/>
    </section>
    <section id="3456" first-pos="964">
        <run start="673" length="5" level="195"/>
    </section>
    <section id="3457" first-pos="964">
        <run start="707" length="3" level="216"/>
    </section>
    <section id="3461" first-pos="967">
        <run start="665" length="28" level="35"/>
        <run start="666" length="27" level="93"/>
    </section>
    <section id="3469" first-pos="969">
        <run start="675" length="3" level="196"/>
    </section>
    <section id="3470" first-pos="969">
        <run start="681" length="10" level="43"/>
        <run start="681" length="9" level="23"/>
        <run start="681" length="9" level="28"/>
        <run start="680" length="9" level="29"/>
        <run start="680" length="9" level="33"/>
        <run start="680" length="9" level="23"/>
    </section>
    <section id="3484" first-pos="975">
        <run start="679" length="17" level="64"/>
    </section>
    <section id="3488" first-pos="976">
        <run start="679" length="47" level="30"/>
        <run start="679" length="47" level="27"/>
        <run start="679" length="43" level="161"/>
    </section>
    <section id="3485" first-pos="975">
        <run start="697" length="16" level="29"/>
    </section>
    <section id="3465" first-pos="968">
        <run start="699" length="13" level="74"/>
        <run start="702" length="9" level="28"/>
        <run start="702" length="9" level="47"/>
        <run start="701" length="9" level="31"/>
        <run start="701" length="9" level="36"/>
        <run start="701" length="8" level="8"/>
        <run start="700" length="10" level="26"/>
    </section>
    <section id="3462" first-pos="967">
        <run start="694" length="18" level="51"/>
    </section>
    <section id="3464" first-pos="968">
        <run start="696" length="2" level="197"/>
    </section>
    <section id="3486" first-pos="975">
        <run start="714" length="10" level="52"/>
    </section>
    <section id="3503" first-pos="979">
        <run start="693" length="3" level="202"/>
    </section>
    <section id="3504" first-pos="979">
        <run start="712" length="3" level="207"/>
    </section>
</stick>
