<?xml version="1.0" encoding="UTF-8"?>
<stick id="555" interline="19" shape="NATURAL">
    <is-within-system>true</is-within-system>
    <has-ledger>false</has-ledger>
    <stem-number>0</stem-number>
    <step-line>-2.2564102564102564</step-line>
    <moments>
        <k>1.263157894736842</k>
        <k>0.8947368421052632</k>
        <k>3.210526315789474</k>
        <k>0.04977847434838278</k>
        <k>0.044236283228847754</k>
        <k>0.43239869183770446</k>
        <k>-1.7485163644166617E-4</k>
        <k>6.860652898383563E-5</k>
        <k>0.0039018145354519475</k>
        <k>0.017011775707138424</k>
        <k>0.48217716618608725</k>
        <k>0.1542256258471872</k>
        <k>4.2358157616968523E-4</k>
        <k>3.056297097826399E-4</k>
        <k>1.099201456331096E-7</k>
        <k>1.1757468778319925E-4</k>
        <k>3.2055008953618432E-9</k>
        <k>190.05263157894737</k>
        <k>403.6535087719298</k>
    </moments>
    <section id="978" first-pos="182">
        <run start="388" length="1" level="200"/>
        <run start="385" length="4" level="204"/>
    </section>
    <section id="983" first-pos="184">
        <run start="375" length="46" level="126"/>
        <run start="375" length="46" level="53"/>
    </section>
    <section id="981" first-pos="183">
        <run start="398" length="23" level="177"/>
    </section>
    <section id="984" first-pos="186">
        <run start="374" length="26" level="70"/>
    </section>
    <section id="987" first-pos="187">
        <run start="376" length="3" level="207"/>
    </section>
    <section id="988" first-pos="187">
        <run start="388" length="11" level="64"/>
        <run start="391" length="8" level="34"/>
        <run start="388" length="10" level="71"/>
        <run start="388" length="10" level="66"/>
        <run start="388" length="9" level="58"/>
        <run start="388" length="9" level="69"/>
        <run start="388" length="9" level="68"/>
        <run start="388" length="13" level="90"/>
    </section>
    <section id="998" first-pos="195">
        <run start="388" length="47" level="63"/>
        <run start="388" length="46" level="108"/>
    </section>
    <section id="997" first-pos="194">
        <run start="408" length="27" level="84"/>
    </section>
    <section id="989" first-pos="187">
        <run start="412" length="8" level="28"/>
        <run start="412" length="8" level="33"/>
        <run start="411" length="8" level="45"/>
        <run start="411" length="7" level="23"/>
        <run start="408" length="10" level="73"/>
        <run start="408" length="10" level="65"/>
        <run start="408" length="10" level="61"/>
    </section>
    <section id="985" first-pos="186">
        <run start="406" length="14" level="81"/>
    </section>
    <section id="996" first-pos="193">
        <run start="425" length="4" level="200"/>
    </section>
    <section id="999" first-pos="197">
        <run start="388" length="21" level="134"/>
    </section>
    <section id="1001" first-pos="198">
        <run start="388" length="3" level="203"/>
    </section>
    <section id="1000" first-pos="197">
        <run start="424" length="5" level="198"/>
    </section>
</stick>
