<?xml version="1.0" encoding="UTF-8"?>
<stick id="625" interline="19" shape="SIXTEENTH_REST">
    <is-within-system>true</is-within-system>
    <has-ledger>false</has-ledger>
    <stem-number>0</stem-number>
    <step-line>0.717948717948718</step-line>
    <moments>
        <k>1.407202216066482</k>
        <k>1.3157894736842106</k>
        <k>2.8947368421052633</k>
        <k>0.06597429533441733</k>
        <k>-0.024179071980191136</k>
        <k>0.4308451166114932</k>
        <k>-0.0011460296381734449</k>
        <k>-0.014162419011807221</k>
        <k>0.0018629164585993211</k>
        <k>0.10168259550993</k>
        <k>0.49681941194591056</k>
        <k>0.13546922630670089</k>
        <k>0.020830303631315474</k>
        <k>0.0076602952209758645</k>
        <k>9.6740855495181E-5</k>
        <k>0.002788574995536877</k>
        <k>-2.139047078014379E-6</k>
        <k>892.2677165354331</k>
        <k>722.0275590551181</k>
    </moments>
    <section id="3171" first-pos="880">
        <run start="723" length="7" level="63"/>
        <run start="722" length="9" level="30"/>
        <run start="722" length="9" level="4"/>
        <run start="721" length="11" level="21"/>
        <run start="721" length="11" level="3"/>
        <run start="721" length="11" level="3"/>
        <run start="722" length="10" level="3"/>
        <run start="722" length="10" level="3"/>
        <run start="722" length="10" level="16"/>
        <run start="723" length="8" level="4"/>
        <run start="724" length="7" level="23"/>
        <run start="726" length="4" level="21"/>
        <run start="727" length="3" level="50"/>
        <run start="726" length="3" level="2"/>
        <run start="725" length="5" level="47"/>
    </section>
    <section id="3218" first-pos="895">
        <run start="723" length="23" level="57"/>
        <run start="721" length="19" level="53"/>
        <run start="719" length="18" level="52"/>
    </section>
    <section id="3206" first-pos="892">
        <run start="734" length="21" level="98"/>
        <run start="734" length="18" level="32"/>
        <run start="731" length="19" level="68"/>
    </section>
    <section id="3202" first-pos="891">
        <run start="741" length="14" level="108"/>
    </section>
    <section id="3192" first-pos="888">
        <run start="752" length="3" level="200"/>
        <run start="749" length="6" level="180"/>
        <run start="746" length="9" level="123"/>
    </section>
    <section id="3226" first-pos="898">
        <run start="713" length="22" level="67"/>
    </section>
    <section id="3221" first-pos="896">
        <run start="715" length="1" level="200"/>
        <run start="713" length="3" level="207"/>
    </section>
    <section id="3227" first-pos="899">
        <run start="704" length="22" level="49"/>
    </section>
    <section id="3185" first-pos="884">
        <run start="702" length="7" level="73"/>
        <run start="701" length="9" level="34"/>
        <run start="701" length="10" level="10"/>
        <run start="700" length="12" level="34"/>
        <run start="700" length="12" level="20"/>
        <run start="700" length="12" level="18"/>
        <run start="700" length="12" level="21"/>
        <run start="701" length="11" level="1"/>
        <run start="701" length="11" level="20"/>
        <run start="702" length="10" level="43"/>
        <run start="703" length="8" level="53"/>
        <run start="705" length="6" level="69"/>
        <run start="706" length="4" level="4"/>
        <run start="706" length="4" level="56"/>
        <run start="705" length="4" level="51"/>
    </section>
    <section id="3230" first-pos="900">
        <run start="704" length="17" level="42"/>
        <run start="703" length="15" level="57"/>
        <run start="702" length="12" level="25"/>
        <run start="701" length="11" level="121"/>
    </section>
    <section id="3248" first-pos="904">
        <run start="701" length="5" level="178"/>
    </section>
</stick>
