<?xml version="1.0" encoding="UTF-8"?>
<stick id="3322" interline="20" shape="THIRTY_SECOND_REST">
    <is-within-system>true</is-within-system>
    <has-ledger>false</has-ledger>
    <stem-number>0</stem-number>
    <step-line>-0.36363636363636365</step-line>
    <moments>
        <k>2.09</k>
        <k>1.7</k>
        <k>3.75</k>
        <k>0.06330879266975713</k>
        <k>-0.06399027929653976</k>
        <k>0.46764513032666594</k>
        <k>-7.259128231209967E-4</k>
        <k>-0.009077763929423263</k>
        <k>0.01250188333442969</k>
        <k>0.04815922579018744</k>
        <k>0.5309539229964231</k>
        <k>0.17986689732759842</k>
        <k>0.007145684102967723</k>
        <k>0.0016660341426575772</k>
        <k>5.27499179278994E-6</k>
        <k>4.4369771466204553E-4</k>
        <k>2.2844433864923986E-6</k>
        <k>1042.1854066985645</k>
        <k>1000.9712918660288</k>
    </moments>
    <section id="3663" first-pos="1025">
        <run start="1015" length="1" level="226"/>
    </section>
    <section id="3669" first-pos="1026">
        <run start="1011" length="7" level="174"/>
        <run start="1011" length="8" level="48"/>
        <run start="1010" length="10" level="39"/>
        <run start="1009" length="12" level="38"/>
        <run start="1009" length="12" level="24"/>
        <run start="1009" length="12" level="22"/>
        <run start="1009" length="12" level="22"/>
        <run start="1009" length="12" level="27"/>
        <run start="1010" length="11" level="29"/>
        <run start="1011" length="10" level="36"/>
        <run start="1012" length="9" level="53"/>
        <run start="1013" length="7" level="57"/>
        <run start="1015" length="5" level="65"/>
        <run start="1015" length="4" level="55"/>
        <run start="1014" length="5" level="76"/>
        <run start="1013" length="5" level="98"/>
        <run start="1013" length="4" level="61"/>
    </section>
    <section id="3724" first-pos="1043">
        <run start="1012" length="27" level="101"/>
        <run start="1010" length="24" level="78"/>
        <run start="1008" length="22" level="70"/>
        <run start="1006" length="21" level="66"/>
    </section>
    <section id="3716" first-pos="1042">
        <run start="1021" length="21" level="73"/>
    </section>
    <section id="3710" first-pos="1041">
        <run start="1024" length="1" level="200"/>
    </section>
    <section id="3685" first-pos="1036">
        <run start="1043" length="1" level="200"/>
        <run start="1040" length="4" level="199"/>
        <run start="1037" length="7" level="154"/>
        <run start="1033" length="11" level="109"/>
        <run start="1029" length="15" level="83"/>
        <run start="1026" length="18" level="61"/>
    </section>
    <section id="3739" first-pos="1047">
        <run start="993" length="28" level="80"/>
        <run start="992" length="25" level="70"/>
        <run start="991" length="21" level="72"/>
        <run start="989" length="19" level="73"/>
    </section>
    <section id="3715" first-pos="1042">
        <run start="996" length="6" level="40"/>
        <run start="996" length="5" level="53"/>
        <run start="996" length="5" level="67"/>
        <run start="995" length="5" level="54"/>
        <run start="994" length="6" level="93"/>
    </section>
    <section id="3679" first-pos="1031">
        <run start="993" length="6" level="68"/>
        <run start="991" length="9" level="28"/>
        <run start="990" length="11" level="32"/>
        <run start="990" length="12" level="22"/>
        <run start="990" length="12" level="22"/>
        <run start="990" length="12" level="22"/>
        <run start="990" length="15" level="51"/>
        <run start="990" length="15" level="44"/>
        <run start="991" length="14" level="47"/>
        <run start="992" length="13" level="55"/>
        <run start="993" length="12" level="74"/>
    </section>
    <section id="3758" first-pos="1051">
        <run start="984" length="21" level="58"/>
    </section>
    <section id="3757" first-pos="1050">
        <run start="985" length="2" level="174"/>
    </section>
    <section id="3759" first-pos="1052">
        <run start="973" length="25" level="59"/>
    </section>
    <section id="3684" first-pos="1036">
        <run start="971" length="7" level="76"/>
        <run start="970" length="9" level="38"/>
        <run start="969" length="11" level="32"/>
        <run start="969" length="12" level="25"/>
        <run start="969" length="12" level="20"/>
        <run start="969" length="12" level="20"/>
        <run start="969" length="12" level="21"/>
        <run start="969" length="12" level="22"/>
        <run start="970" length="11" level="20"/>
        <run start="971" length="10" level="22"/>
        <run start="972" length="9" level="33"/>
        <run start="973" length="8" level="93"/>
        <run start="975" length="5" level="49"/>
        <run start="975" length="5" level="81"/>
        <run start="975" length="4" level="55"/>
        <run start="974" length="5" level="59"/>
    </section>
    <section id="3761" first-pos="1053">
        <run start="972" length="19" level="49"/>
        <run start="971" length="18" level="69"/>
    </section>
    <section id="3768" first-pos="1055">
        <run start="970" length="13" level="22"/>
        <run start="970" length="11" level="95"/>
        <run start="969" length="7" level="128"/>
        <run start="970" length="3" level="205"/>
    </section>
    <section id="3769" first-pos="1055">
        <run start="984" length="3" level="185"/>
        <run start="984" length="1" level="200"/>
    </section>
</stick>
