<?xml version="1.0" encoding="UTF-8"?>
<stick id="3320" interline="20" shape="THIRTY_SECOND_REST">
    <is-within-system>true</is-within-system>
    <has-ledger>false</has-ledger>
    <stem-number>0</stem-number>
    <step-line>-0.2597402597402597</step-line>
    <moments>
        <k>2.155</k>
        <k>1.65</k>
        <k>3.75</k>
        <k>0.05737814616493659</k>
        <k>-0.0493070762245193</k>
        <k>0.4515876271097595</k>
        <k>-0.0014291841760293907</k>
        <k>-0.007868978874927268</k>
        <k>0.014247018235240144</k>
        <k>0.032251985025553466</k>
        <k>0.5089657732746962</k>
        <k>0.16512586593002895</k>
        <k>0.005071229130809138</k>
        <k>7.588278589109381E-4</k>
        <k>1.0552267300967217E-6</k>
        <k>1.0796116156161358E-4</k>
        <k>1.0499334272762324E-6</k>
        <k>962.8213457076566</k>
        <k>1001.9199535962877</k>
    </moments>
    <section id="3403" first-pos="946">
        <run start="1014" length="3" level="206"/>
        <run start="1013" length="6" level="121"/>
        <run start="1012" length="8" level="48"/>
        <run start="1011" length="10" level="34"/>
        <run start="1010" length="12" level="36"/>
        <run start="1010" length="12" level="22"/>
        <run start="1010" length="12" level="22"/>
        <run start="1010" length="12" level="22"/>
        <run start="1010" length="12" level="22"/>
        <run start="1010" length="12" level="27"/>
        <run start="1011" length="11" level="37"/>
        <run start="1012" length="9" level="38"/>
        <run start="1013" length="8" level="58"/>
        <run start="1015" length="6" level="66"/>
        <run start="1016" length="4" level="58"/>
        <run start="1015" length="4" level="50"/>
        <run start="1014" length="5" level="56"/>
        <run start="1013" length="5" level="54"/>
    </section>
    <section id="3458" first-pos="964">
        <run start="1012" length="30" level="78"/>
        <run start="1010" length="29" level="65"/>
    </section>
    <section id="3452" first-pos="962">
        <run start="1024" length="20" level="97"/>
        <run start="1022" length="22" level="72"/>
    </section>
    <section id="3439" first-pos="958">
        <run start="1041" length="3" level="200"/>
        <run start="1039" length="5" level="187"/>
        <run start="1035" length="9" level="140"/>
        <run start="1032" length="12" level="92"/>
    </section>
    <section id="3460" first-pos="966">
        <run start="1003" length="31" level="95"/>
        <run start="1001" length="27" level="81"/>
    </section>
    <section id="3451" first-pos="962">
        <run start="1004" length="2" level="200"/>
        <run start="1003" length="3" level="203"/>
        <run start="1003" length="3" level="204"/>
        <run start="1003" length="3" level="205"/>
    </section>
    <section id="3466" first-pos="968">
        <run start="993" length="32" level="54"/>
    </section>
    <section id="3418" first-pos="951">
        <run start="995" length="3" level="182"/>
        <run start="993" length="7" level="27"/>
        <run start="992" length="10" level="46"/>
        <run start="991" length="11" level="24"/>
        <run start="990" length="13" level="35"/>
        <run start="990" length="13" level="26"/>
        <run start="991" length="13" level="32"/>
        <run start="991" length="13" level="28"/>
        <run start="991" length="14" level="45"/>
        <run start="992" length="12" level="32"/>
        <run start="993" length="10" level="26"/>
        <run start="994" length="9" level="44"/>
        <run start="996" length="6" level="43"/>
        <run start="996" length="6" level="51"/>
        <run start="996" length="5" level="55"/>
        <run start="995" length="5" level="65"/>
        <run start="994" length="6" level="56"/>
    </section>
    <section id="3471" first-pos="969">
        <run start="991" length="26" level="49"/>
    </section>
    <section id="3474" first-pos="970">
        <run start="990" length="21" level="44"/>
    </section>
    <section id="3475" first-pos="971">
        <run start="987" length="17" level="9"/>
    </section>
    <section id="3477" first-pos="972">
        <run start="974" length="27" level="43"/>
        <run start="973" length="23" level="41"/>
    </section>
    <section id="3435" first-pos="956">
        <run start="972" length="7" level="70"/>
        <run start="971" length="9" level="31"/>
        <run start="970" length="11" level="30"/>
        <run start="969" length="12" level="27"/>
        <run start="969" length="12" level="22"/>
        <run start="969" length="13" level="23"/>
        <run start="969" length="13" level="20"/>
        <run start="970" length="12" level="17"/>
        <run start="970" length="12" level="22"/>
        <run start="971" length="11" level="20"/>
        <run start="972" length="10" level="38"/>
        <run start="974" length="7" level="61"/>
        <run start="976" length="5" level="42"/>
        <run start="976" length="4" level="44"/>
        <run start="976" length="4" level="45"/>
        <run start="975" length="4" level="17"/>
    </section>
    <section id="3482" first-pos="974">
        <run start="972" length="17" level="42"/>
        <run start="971" length="15" level="31"/>
    </section>
    <section id="3489" first-pos="976">
        <run start="970" length="11" level="65"/>
        <run start="970" length="8" level="115"/>
        <run start="970" length="4" level="206"/>
    </section>
    <section id="3490" first-pos="976">
        <run start="983" length="3" level="204"/>
    </section>
    <section id="3476" first-pos="971">
        <run start="1005" length="3" level="206"/>
    </section>
    <section id="3472" first-pos="969">
        <run start="1022" length="3" level="209"/>
    </section>
</stick>
