<?xml version="1.0" encoding="UTF-8"?>
<stick id="3192" interline="19" shape="THIRTY_SECOND_REST">
    <is-within-system>true</is-within-system>
    <has-ledger>false</has-ledger>
    <stem-number>0</stem-number>
    <step-line>-0.41025641025641024</step-line>
    <moments>
        <k>2.3933518005540164</k>
        <k>1.736842105263158</k>
        <k>3.9473684210526314</k>
        <k>0.06070221184485019</k>
        <k>-0.06052441823011925</k>
        <k>0.44396873427219485</k>
        <k>9.342112803743773E-5</k>
        <k>-0.007010538889670116</k>
        <k>0.0017442806953175964</k>
        <k>0.07061810750987213</k>
        <k>0.504670946117045</k>
        <k>0.16154604802192785</k>
        <k>0.008426085589847896</k>
        <k>0.004049299933765271</k>
        <k>2.364172022898741E-5</k>
        <k>0.0015210731889390267</k>
        <k>7.244085121950623E-7</k>
        <k>1665.451388888889</k>
        <k>711.113425925926</k>
    </moments>
    <section id="5424" first-pos="1649">
        <run start="725" length="2" level="213"/>
    </section>
    <section id="5430" first-pos="1650">
        <run start="722" length="8" level="41"/>
        <run start="722" length="9" level="27"/>
        <run start="721" length="11" level="25"/>
        <run start="720" length="12" level="36"/>
        <run start="720" length="13" level="31"/>
        <run start="720" length="13" level="41"/>
        <run start="721" length="11" level="22"/>
        <run start="721" length="11" level="35"/>
        <run start="722" length="10" level="26"/>
        <run start="723" length="9" level="47"/>
        <run start="725" length="7" level="88"/>
        <run start="727" length="4" level="66"/>
        <run start="726" length="5" level="120"/>
        <run start="726" length="4" level="65"/>
        <run start="725" length="4" level="66"/>
        <run start="724" length="5" level="90"/>
        <run start="723" length="5" level="52"/>
    </section>
    <section id="5509" first-pos="1667">
        <run start="722" length="22" level="54"/>
        <run start="720" length="19" level="49"/>
    </section>
    <section id="5495" first-pos="1664">
        <run start="734" length="21" level="90"/>
        <run start="733" length="19" level="58"/>
        <run start="731" length="18" level="74"/>
    </section>
    <section id="5482" first-pos="1659">
        <run start="754" length="1" level="200"/>
        <run start="750" length="5" level="196"/>
        <run start="746" length="9" level="143"/>
        <run start="743" length="12" level="92"/>
        <run start="741" length="14" level="63"/>
    </section>
    <section id="5516" first-pos="1669">
        <run start="718" length="16" level="18"/>
    </section>
    <section id="5520" first-pos="1670">
        <run start="704" length="27" level="65"/>
        <run start="703" length="24" level="46"/>
        <run start="701" length="21" level="56"/>
        <run start="700" length="19" level="56"/>
        <run start="698" length="20" level="64"/>
    </section>
    <section id="5455" first-pos="1654">
        <run start="704" length="6" level="87"/>
        <run start="702" length="9" level="61"/>
        <run start="702" length="11" level="39"/>
        <run start="701" length="12" level="28"/>
        <run start="701" length="15" level="47"/>
        <run start="701" length="15" level="44"/>
        <run start="701" length="15" level="44"/>
        <run start="701" length="15" level="48"/>
        <run start="702" length="14" level="46"/>
        <run start="703" length="13" level="49"/>
        <run start="704" length="12" level="67"/>
        <run start="705" length="8" level="80"/>
        <run start="707" length="6" level="87"/>
        <run start="707" length="5" level="57"/>
        <run start="706" length="6" level="92"/>
        <run start="705" length="6" level="71"/>
    </section>
    <section id="5532" first-pos="1675">
        <run start="684" length="28" level="79"/>
        <run start="683" length="25" level="90"/>
    </section>
    <section id="5481" first-pos="1659">
        <run start="682" length="8" level="104"/>
        <run start="681" length="10" level="47"/>
        <run start="680" length="12" level="40"/>
        <run start="680" length="12" level="22"/>
        <run start="680" length="13" level="31"/>
        <run start="680" length="13" level="23"/>
        <run start="680" length="13" level="21"/>
        <run start="680" length="13" level="21"/>
        <run start="680" length="13" level="30"/>
        <run start="681" length="12" level="33"/>
        <run start="682" length="11" level="50"/>
        <run start="684" length="9" level="79"/>
        <run start="686" length="6" level="47"/>
        <run start="686" length="6" level="71"/>
        <run start="686" length="5" level="47"/>
        <run start="685" length="6" level="58"/>
    </section>
    <section id="5478" first-pos="1658">
        <run start="684" length="3" level="174"/>
    </section>
    <section id="5544" first-pos="1677">
        <run start="683" length="20" level="88"/>
        <run start="682" length="17" level="75"/>
        <run start="681" length="16" level="106"/>
    </section>
    <section id="5557" first-pos="1680">
        <run start="681" length="8" level="141"/>
    </section>
    <section id="5560" first-pos="1681">
        <run start="682" length="1" level="207"/>
    </section>
    <section id="5533" first-pos="1675">
        <run start="715" length="3" level="201"/>
        <run start="715" length="2" level="200"/>
    </section>
    <section id="5517" first-pos="1669">
        <run start="735" length="1" level="200"/>
    </section>
</stick>
