<?xml version="1.0" encoding="UTF-8"?>
<stick id="3202" interline="19" shape="THIRTY_SECOND_REST">
    <is-within-system>true</is-within-system>
    <has-ledger>false</has-ledger>
    <stem-number>0</stem-number>
    <step-line>-0.20512820512820512</step-line>
    <moments>
        <k>2.268698060941828</k>
        <k>1.7894736842105263</k>
        <k>3.9473684210526314</k>
        <k>0.06854392029737635</k>
        <k>-0.07125293307853121</k>
        <k>0.45169096193529623</k>
        <k>5.688715402466869E-4</k>
        <k>-0.008409548871208362</k>
        <k>0.00600807152879855</k>
        <k>0.06378566649388008</k>
        <k>0.5202348822326726</k>
        <k>0.16710957740506452</k>
        <k>0.008228236938859707</k>
        <k>0.003109770583093436</k>
        <k>1.552717204662205E-5</k>
        <k>0.0010545495829074214</k>
        <k>2.5217902660472587E-6</k>
        <k>1953.3431013431014</k>
        <k>712.5860805860806</k>
    </moments>
    <section id="6337" first-pos="1937">
        <run start="724" length="5" level="49"/>
        <run start="722" length="9" level="61"/>
        <run start="722" length="10" level="25"/>
        <run start="721" length="12" level="25"/>
        <run start="721" length="12" level="22"/>
        <run start="721" length="12" level="22"/>
        <run start="721" length="12" level="22"/>
        <run start="721" length="12" level="22"/>
        <run start="722" length="11" level="23"/>
        <run start="723" length="10" level="26"/>
        <run start="724" length="9" level="43"/>
    </section>
    <section id="6374" first-pos="1948">
        <run start="728" length="4" level="54"/>
        <run start="728" length="4" level="66"/>
        <run start="727" length="4" level="66"/>
        <run start="727" length="4" level="89"/>
        <run start="726" length="4" level="65"/>
        <run start="725" length="5" level="92"/>
        <run start="724" length="5" level="51"/>
    </section>
    <section id="6401" first-pos="1955">
        <run start="723" length="20" level="53"/>
        <run start="722" length="17" level="41"/>
        <run start="716" length="21" level="55"/>
    </section>
    <section id="6372" first-pos="1947">
        <run start="754" length="2" level="200"/>
        <run start="750" length="6" level="190"/>
        <run start="746" length="10" level="133"/>
        <run start="743" length="13" level="92"/>
        <run start="740" length="16" level="78"/>
        <run start="738" length="15" level="22"/>
        <run start="734" length="17" level="63"/>
        <run start="731" length="16" level="67"/>
    </section>
    <section id="6415" first-pos="1958">
        <run start="716" length="15" level="31"/>
    </section>
    <section id="6421" first-pos="1959">
        <run start="706" length="22" level="47"/>
        <run start="704" length="19" level="52"/>
        <run start="703" length="16" level="44"/>
    </section>
    <section id="6355" first-pos="1942">
        <run start="705" length="6" level="89"/>
        <run start="704" length="9" level="57"/>
        <run start="703" length="11" level="41"/>
        <run start="702" length="12" level="28"/>
        <run start="702" length="15" level="57"/>
        <run start="702" length="15" level="46"/>
        <run start="702" length="15" level="44"/>
        <run start="703" length="14" level="43"/>
        <run start="703" length="14" level="47"/>
        <run start="704" length="13" level="47"/>
        <run start="705" length="12" level="58"/>
        <run start="706" length="8" level="91"/>
        <run start="709" length="5" level="71"/>
        <run start="709" length="4" level="19"/>
        <run start="708" length="5" level="85"/>
        <run start="708" length="4" level="19"/>
        <run start="707" length="5" level="56"/>
    </section>
    <section id="6432" first-pos="1962">
        <run start="697" length="22" level="81"/>
    </section>
    <section id="6441" first-pos="1963">
        <run start="697" length="17" level="75"/>
    </section>
    <section id="6446" first-pos="1964">
        <run start="687" length="23" level="82"/>
        <run start="686" length="20" level="77"/>
        <run start="685" length="17" level="76"/>
        <run start="683" length="15" level="80"/>
    </section>
    <section id="6371" first-pos="1947">
        <run start="686" length="3" level="137"/>
        <run start="684" length="7" level="75"/>
        <run start="683" length="9" level="29"/>
        <run start="682" length="11" level="30"/>
        <run start="681" length="12" level="29"/>
        <run start="681" length="13" level="30"/>
        <run start="681" length="13" level="22"/>
        <run start="681" length="13" level="20"/>
        <run start="682" length="13" level="25"/>
        <run start="682" length="12" level="18"/>
        <run start="683" length="11" level="24"/>
        <run start="684" length="10" level="59"/>
        <run start="686" length="7" level="69"/>
        <run start="688" length="5" level="74"/>
        <run start="688" length="4" level="60"/>
        <run start="688" length="4" level="56"/>
        <run start="687" length="5" level="72"/>
    </section>
    <section id="6448" first-pos="1968">
        <run start="683" length="10" level="66"/>
        <run start="683" length="6" level="114"/>
    </section>
    <section id="6454" first-pos="1970">
        <run start="683" length="1" level="153"/>
    </section>
</stick>
