<?xml version="1.0" encoding="UTF-8"?>
<stick id="2848" interline="19" shape="THIRTY_SECOND_REST">
    <is-within-system>true</is-within-system>
    <has-ledger>false</has-ledger>
    <stem-number>0</stem-number>
    <step-line>-0.3076923076923077</step-line>
    <moments>
        <k>2.412742382271468</k>
        <k>1.736842105263158</k>
        <k>4.0</k>
        <k>0.061188125734731424</k>
        <k>-0.06147233386518902</k>
        <k>0.44007447173753084</k>
        <k>-6.375346029084157E-4</k>
        <k>-0.007671228216533768</k>
        <k>0.008745397950290217</k>
        <k>0.054465993338105485</k>
        <k>0.5012625974722622</k>
        <k>0.1586702545106861</k>
        <k>0.00672529778208619</k>
        <k>0.0022554874908428824</k>
        <k>8.641271762250391E-6</k>
        <k>7.114675896194898E-4</k>
        <k>1.5797564093762294E-6</k>
        <k>1829.4328358208954</k>
        <k>133.46268656716418</k>
    </moments>
    <section id="5989" first-pos="1813">
        <run start="144" length="6" level="149"/>
        <run start="143" length="9" level="71"/>
        <run start="143" length="10" level="38"/>
        <run start="142" length="11" level="35"/>
        <run start="142" length="12" level="30"/>
        <run start="142" length="12" level="22"/>
        <run start="142" length="12" level="27"/>
        <run start="142" length="12" level="38"/>
        <run start="143" length="11" level="30"/>
        <run start="143" length="11" level="61"/>
        <run start="145" length="8" level="47"/>
        <run start="146" length="7" level="79"/>
        <run start="148" length="5" level="84"/>
        <run start="148" length="4" level="72"/>
        <run start="147" length="5" level="109"/>
        <run start="146" length="5" level="107"/>
        <run start="146" length="4" level="65"/>
        <run start="144" length="6" level="99"/>
    </section>
    <section id="6063" first-pos="1831">
        <run start="143" length="24" level="94"/>
        <run start="141" length="22" level="92"/>
        <run start="139" length="20" level="70"/>
    </section>
    <section id="6056" first-pos="1828">
        <run start="156" length="21" level="73"/>
        <run start="155" length="19" level="60"/>
        <run start="151" length="20" level="107"/>
    </section>
    <section id="6032" first-pos="1823">
        <run start="176" length="1" level="200"/>
        <run start="173" length="4" level="181"/>
        <run start="169" length="8" level="131"/>
        <run start="166" length="11" level="92"/>
        <run start="162" length="15" level="77"/>
    </section>
    <section id="6070" first-pos="1834">
        <run start="126" length="31" level="97"/>
    </section>
    <section id="6014" first-pos="1818">
        <run start="125" length="7" level="182"/>
        <run start="124" length="9" level="63"/>
        <run start="123" length="11" level="49"/>
        <run start="123" length="14" level="58"/>
        <run start="123" length="14" level="46"/>
        <run start="123" length="14" level="41"/>
        <run start="123" length="14" level="36"/>
        <run start="123" length="14" level="37"/>
        <run start="123" length="14" level="41"/>
        <run start="124" length="13" level="49"/>
        <run start="125" length="12" level="73"/>
        <run start="128" length="9" level="92"/>
        <run start="129" length="5" level="51"/>
        <run start="129" length="5" level="70"/>
        <run start="128" length="5" level="103"/>
        <run start="127" length="5" level="91"/>
    </section>
    <section id="6075" first-pos="1835">
        <run start="125" length="25" level="73"/>
        <run start="123" length="23" level="87"/>
        <run start="121" length="21" level="86"/>
        <run start="118" length="21" level="85"/>
    </section>
    <section id="6090" first-pos="1839">
        <run start="107" length="25" level="88"/>
        <run start="106" length="22" level="62"/>
        <run start="105" length="19" level="68"/>
        <run start="104" length="16" level="68"/>
        <run start="103" length="14" level="50"/>
    </section>
    <section id="6055" first-pos="1828">
        <run start="101" length="15" level="49"/>
        <run start="101" length="14" level="34"/>
        <run start="102" length="13" level="21"/>
        <run start="102" length="13" level="21"/>
        <run start="102" length="13" level="36"/>
        <run start="104" length="11" level="41"/>
        <run start="105" length="9" level="53"/>
        <run start="108" length="6" level="52"/>
        <run start="108" length="5" level="55"/>
        <run start="108" length="5" level="57"/>
        <run start="107" length="5" level="78"/>
    </section>
    <section id="6031" first-pos="1823">
        <run start="105" length="5" level="118"/>
        <run start="104" length="8" level="49"/>
        <run start="103" length="10" level="24"/>
        <run start="102" length="12" level="23"/>
        <run start="102" length="12" level="20"/>
    </section>
    <section id="6054" first-pos="1827">
        <run start="115" length="1" level="202"/>
    </section>
    <section id="6102" first-pos="1844">
        <run start="102" length="9" level="41"/>
        <run start="102" length="5" level="93"/>
    </section>
    <section id="6091" first-pos="1839">
        <run start="134" length="3" level="204"/>
    </section>
</stick>
