<?xml version="1.0" encoding="UTF-8"?>
<stick id="3033" interline="19" shape="THIRTY_SECOND_REST">
    <is-within-system>true</is-within-system>
    <has-ledger>false</has-ledger>
    <stem-number>0</stem-number>
    <step-line>-0.3076923076923077</step-line>
    <moments>
        <k>2.3407202216066483</k>
        <k>1.7894736842105263</k>
        <k>3.9473684210526314</k>
        <k>0.06730854110862901</k>
        <k>-0.06935331395959508</k>
        <k>0.4442253422499212</k>
        <k>2.3268030049453738E-4</k>
        <k>-0.008198203506628381</k>
        <k>0.005757710460897208</k>
        <k>0.06931336768850051</k>
        <k>0.5115338833585502</k>
        <k>0.1613058036112971</k>
        <k>0.009109085344271385</k>
        <k>0.003770948074451353</k>
        <k>2.195858195757894E-5</k>
        <k>0.0012927205078824917</k>
        <k>2.505549777472249E-6</k>
        <k>1917.0047337278106</k>
        <k>423.0</k>
    </moments>
    <section id="6240" first-pos="1900">
        <run start="436" length="3" level="109"/>
    </section>
    <section id="6245" first-pos="1901">
        <run start="434" length="8" level="67"/>
        <run start="433" length="10" level="38"/>
        <run start="433" length="11" level="28"/>
        <run start="433" length="11" level="23"/>
        <run start="432" length="12" level="36"/>
        <run start="433" length="11" level="23"/>
        <run start="433" length="11" level="24"/>
        <run start="433" length="11" level="41"/>
        <run start="434" length="10" level="44"/>
        <run start="435" length="9" level="50"/>
        <run start="436" length="7" level="91"/>
        <run start="439" length="4" level="62"/>
        <run start="439" length="4" level="70"/>
        <run start="438" length="4" level="89"/>
        <run start="438" length="3" level="82"/>
        <run start="437" length="4" level="107"/>
        <run start="436" length="4" level="77"/>
    </section>
    <section id="6293" first-pos="1918">
        <run start="435" length="21" level="73"/>
        <run start="434" length="18" level="73"/>
        <run start="431" length="18" level="71"/>
        <run start="428" length="17" level="67"/>
    </section>
    <section id="6288" first-pos="1917">
        <run start="443" length="17" level="83"/>
    </section>
    <section id="6286" first-pos="1916">
        <run start="445" length="22" level="68"/>
    </section>
    <section id="6284" first-pos="1915">
        <run start="450" length="17" level="65"/>
    </section>
    <section id="6270" first-pos="1911">
        <run start="464" length="3" level="195"/>
        <run start="461" length="6" level="110"/>
        <run start="458" length="9" level="61"/>
        <run start="455" length="12" level="44"/>
    </section>
    <section id="6303" first-pos="1922">
        <run start="417" length="25" level="92"/>
        <run start="416" length="22" level="83"/>
        <run start="414" length="20" level="94"/>
        <run start="412" length="18" level="77"/>
        <run start="408" length="19" level="86"/>
    </section>
    <section id="6287" first-pos="1917">
        <run start="419" length="6" level="74"/>
        <run start="420" length="5" level="83"/>
        <run start="419" length="5" level="74"/>
        <run start="419" length="5" level="82"/>
        <run start="418" length="5" level="99"/>
    </section>
    <section id="6261" first-pos="1906">
        <run start="415" length="8" level="103"/>
        <run start="414" length="10" level="49"/>
        <run start="413" length="12" level="45"/>
        <run start="413" length="12" level="26"/>
        <run start="413" length="16" level="60"/>
        <run start="413" length="16" level="57"/>
        <run start="413" length="16" level="65"/>
        <run start="414" length="15" level="56"/>
        <run start="414" length="15" level="66"/>
        <run start="415" length="14" level="80"/>
        <run start="417" length="12" level="112"/>
    </section>
    <section id="6258" first-pos="1905">
        <run start="418" length="3" level="166"/>
    </section>
    <section id="6309" first-pos="1927">
        <run start="397" length="25" level="94"/>
        <run start="396" length="22" level="73"/>
        <run start="395" length="19" level="78"/>
        <run start="394" length="17" level="82"/>
        <run start="393" length="15" level="86"/>
    </section>
    <section id="6269" first-pos="1911">
        <run start="395" length="7" level="143"/>
        <run start="393" length="10" level="69"/>
        <run start="393" length="11" level="36"/>
        <run start="392" length="12" level="31"/>
        <run start="392" length="13" level="32"/>
        <run start="392" length="13" level="21"/>
        <run start="392" length="13" level="21"/>
        <run start="392" length="13" level="25"/>
        <run start="393" length="12" level="21"/>
        <run start="393" length="12" level="28"/>
        <run start="394" length="11" level="37"/>
        <run start="396" length="9" level="64"/>
        <run start="399" length="5" level="52"/>
        <run start="399" length="5" level="78"/>
        <run start="398" length="5" level="98"/>
        <run start="398" length="4" level="58"/>
    </section>
    <section id="6266" first-pos="1910">
        <run start="397" length="2" level="209"/>
    </section>
    <section id="6320" first-pos="1932">
        <run start="393" length="10" level="88"/>
    </section>
    <section id="6323" first-pos="1933">
        <run start="393" length="4" level="115"/>
    </section>
</stick>
