<?xml version="1.0" encoding="UTF-8"?>
<stick id="4107" interline="19" shape="THIRTY_SECOND_REST">
    <is-within-system>true</is-within-system>
    <has-ledger>false</has-ledger>
    <stem-number>1</stem-number>
    <step-line>-0.4675324675324675</step-line>
    <moments>
        <k>2.6814404432132966</k>
        <k>1.8421052631578947</k>
        <k>4.0</k>
        <k>0.058891318165165664</k>
        <k>-0.06934567522653738</k>
        <k>0.4178862199424708</k>
        <k>0.0012124124134282204</k>
        <k>-0.009025862667865755</k>
        <k>0.004207714694082656</k>
        <k>0.06010307591657757</k>
        <k>0.4767775381076365</k>
        <k>0.14811263019259455</k>
        <k>0.007730672958780279</k>
        <k>0.0026382594911159556</k>
        <k>1.1706997204479906E-5</k>
        <k>8.492367513874904E-4</k>
        <k>2.215281246585866E-6</k>
        <k>1098.1487603305786</k>
        <k>2499.448347107438</k>
    </moments>
    <section id="3861" first-pos="1081">
        <run start="2511" length="3" level="118"/>
    </section>
    <section id="3864" first-pos="1082">
        <run start="2509" length="8" level="34"/>
        <run start="2508" length="10" level="27"/>
        <run start="2507" length="12" level="28"/>
        <run start="2507" length="12" level="22"/>
        <run start="2507" length="12" level="22"/>
        <run start="2507" length="12" level="21"/>
        <run start="2507" length="12" level="20"/>
        <run start="2507" length="12" level="38"/>
        <run start="2508" length="11" level="24"/>
        <run start="2509" length="10" level="28"/>
        <run start="2510" length="9" level="53"/>
        <run start="2512" length="7" level="39"/>
        <run start="2513" length="5" level="54"/>
        <run start="2512" length="5" level="87"/>
        <run start="2512" length="4" level="62"/>
        <run start="2511" length="5" level="51"/>
        <run start="2510" length="6" level="73"/>
    </section>
    <section id="3915" first-pos="1099">
        <run start="2509" length="23" level="46"/>
        <run start="2507" length="21" level="47"/>
        <run start="2505" length="20" level="55"/>
        <run start="2502" length="21" level="74"/>
    </section>
    <section id="3903" first-pos="1095">
        <run start="2522" length="21" level="90"/>
        <run start="2522" length="21" level="48"/>
        <run start="2520" length="23" level="70"/>
        <run start="2517" length="19" level="67"/>
    </section>
    <section id="3892" first-pos="1092">
        <run start="2522" length="3" level="209"/>
        <run start="2522" length="3" level="205"/>
        <run start="2522" length="3" level="208"/>
    </section>
    <section id="3886" first-pos="1090">
        <run start="2540" length="3" level="200"/>
        <run start="2538" length="5" level="199"/>
        <run start="2535" length="8" level="159"/>
        <run start="2532" length="11" level="117"/>
        <run start="2528" length="15" level="98"/>
    </section>
    <section id="3922" first-pos="1103">
        <run start="2491" length="26" level="60"/>
    </section>
    <section id="3873" first-pos="1087">
        <run start="2490" length="8" level="81"/>
        <run start="2489" length="10" level="39"/>
        <run start="2488" length="12" level="43"/>
        <run start="2488" length="15" level="56"/>
        <run start="2488" length="15" level="46"/>
        <run start="2488" length="15" level="44"/>
        <run start="2488" length="15" level="44"/>
        <run start="2488" length="15" level="43"/>
        <run start="2488" length="15" level="50"/>
        <run start="2489" length="14" level="59"/>
        <run start="2490" length="13" level="66"/>
        <run start="2491" length="9" level="84"/>
        <run start="2494" length="6" level="42"/>
        <run start="2494" length="6" level="71"/>
        <run start="2493" length="6" level="69"/>
        <run start="2492" length="7" level="76"/>
    </section>
    <section id="3871" first-pos="1086">
        <run start="2493" length="2" level="191"/>
    </section>
    <section id="3933" first-pos="1104">
        <run start="2490" length="21" level="54"/>
        <run start="2488" length="20" level="66"/>
        <run start="2486" length="20" level="66"/>
        <run start="2485" length="20" level="66"/>
    </section>
    <section id="3939" first-pos="1108">
        <run start="2472" length="27" level="71"/>
        <run start="2471" length="25" level="69"/>
        <run start="2470" length="22" level="83"/>
        <run start="2469" length="18" level="68"/>
        <run start="2468" length="17" level="73"/>
    </section>
    <section id="3891" first-pos="1092">
        <run start="2470" length="7" level="136"/>
        <run start="2469" length="9" level="54"/>
        <run start="2468" length="11" level="42"/>
        <run start="2467" length="13" level="38"/>
        <run start="2467" length="13" level="21"/>
        <run start="2467" length="13" level="21"/>
        <run start="2467" length="14" level="32"/>
        <run start="2467" length="14" level="23"/>
        <run start="2467" length="14" level="28"/>
        <run start="2468" length="13" level="40"/>
        <run start="2469" length="11" level="35"/>
        <run start="2470" length="10" level="66"/>
        <run start="2473" length="7" level="54"/>
        <run start="2474" length="6" level="69"/>
        <run start="2474" length="5" level="53"/>
        <run start="2473" length="6" level="76"/>
    </section>
    <section id="3938" first-pos="1107">
        <run start="2481" length="3" level="195"/>
    </section>
    <section id="3955" first-pos="1113">
        <run start="2468" length="12" level="72"/>
        <run start="2468" length="8" level="105"/>
        <run start="2468" length="4" level="167"/>
    </section>
    <section id="3940" first-pos="1108">
        <run start="2502" length="1" level="200"/>
    </section>
</stick>
