<?xml version="1.0" encoding="UTF-8"?>
<stick id="3316" interline="20" shape="THIRTY_SECOND_REST">
    <is-within-system>true</is-within-system>
    <has-ledger>false</has-ledger>
    <stem-number>0</stem-number>
    <step-line>-0.2597402597402597</step-line>
    <moments>
        <k>2.12</k>
        <k>1.65</k>
        <k>3.75</k>
        <k>0.060896981482091404</k>
        <k>-0.05535887892931332</k>
        <k>0.4730275699880396</k>
        <k>-9.676127165739783E-4</k>
        <k>-0.009109985395394243</k>
        <k>0.012715496746489361</k>
        <k>0.05159584507140477</k>
        <k>0.533924551470131</k>
        <k>0.18211004388750068</k>
        <k>0.007759195154208059</k>
        <k>0.0019430610515899982</k>
        <k>7.089261063850567E-6</k>
        <k>5.765136562592674E-4</k>
        <k>2.581440570740358E-6</k>
        <k>881.0955188679245</k>
        <k>1001.9233490566038</k>
    </moments>
    <section id="3125" first-pos="865">
        <run start="1013" length="6" level="165"/>
        <run start="1012" length="9" level="62"/>
        <run start="1011" length="10" level="35"/>
        <run start="1011" length="11" level="31"/>
        <run start="1010" length="12" level="22"/>
        <run start="1010" length="12" level="22"/>
        <run start="1010" length="13" level="37"/>
        <run start="1010" length="12" level="30"/>
        <run start="1011" length="11" level="28"/>
        <run start="1012" length="10" level="29"/>
        <run start="1013" length="9" level="46"/>
        <run start="1014" length="7" level="58"/>
        <run start="1016" length="5" level="66"/>
        <run start="1016" length="4" level="48"/>
        <run start="1015" length="5" level="63"/>
        <run start="1015" length="4" level="52"/>
        <run start="1014" length="4" level="57"/>
    </section>
    <section id="3180" first-pos="882">
        <run start="1012" length="31" level="84"/>
        <run start="1010" length="29" level="68"/>
        <run start="1006" length="27" level="71"/>
    </section>
    <section id="3172" first-pos="880">
        <run start="1025" length="20" level="85"/>
        <run start="1023" length="22" level="62"/>
    </section>
    <section id="3161" first-pos="876">
        <run start="1042" length="3" level="200"/>
        <run start="1040" length="5" level="166"/>
        <run start="1036" length="9" level="124"/>
        <run start="1032" length="13" level="89"/>
    </section>
    <section id="3187" first-pos="885">
        <run start="1003" length="21" level="48"/>
    </section>
    <section id="3190" first-pos="886">
        <run start="994" length="28" level="53"/>
        <run start="992" length="26" level="46"/>
        <run start="991" length="22" level="41"/>
    </section>
    <section id="3145" first-pos="870">
        <run start="993" length="8" level="55"/>
        <run start="992" length="10" level="26"/>
        <run start="992" length="11" level="30"/>
        <run start="992" length="11" level="22"/>
        <run start="992" length="12" level="38"/>
        <run start="992" length="12" level="31"/>
        <run start="992" length="13" level="38"/>
        <run start="991" length="14" level="45"/>
        <run start="992" length="13" level="47"/>
        <run start="993" length="11" level="43"/>
        <run start="995" length="8" level="38"/>
        <run start="998" length="5" level="32"/>
        <run start="998" length="4" level="12"/>
        <run start="997" length="5" level="87"/>
        <run start="996" length="5" level="86"/>
        <run start="995" length="5" level="44"/>
    </section>
    <section id="3139" first-pos="869">
        <run start="996" length="2" level="220"/>
    </section>
    <section id="3194" first-pos="889">
        <run start="985" length="19" level="26"/>
        <run start="983" length="19" level="46"/>
    </section>
    <section id="3203" first-pos="891">
        <run start="974" length="24" level="44"/>
    </section>
    <section id="3154" first-pos="874">
        <run start="972" length="7" level="95"/>
        <run start="971" length="9" level="41"/>
        <run start="970" length="11" level="31"/>
        <run start="970" length="12" level="24"/>
        <run start="970" length="12" level="17"/>
        <run start="970" length="12" level="14"/>
        <run start="970" length="13" level="12"/>
        <run start="970" length="13" level="16"/>
        <run start="971" length="12" level="3"/>
        <run start="971" length="12" level="36"/>
        <run start="972" length="10" level="22"/>
        <run start="973" length="9" level="60"/>
        <run start="976" length="6" level="74"/>
        <run start="977" length="4" level="3"/>
        <run start="976" length="4" level="45"/>
        <run start="976" length="4" level="30"/>
        <run start="975" length="5" level="12"/>
    </section>
    <section id="3207" first-pos="892">
        <run start="973" length="19" level="47"/>
        <run start="971" length="17" level="50"/>
    </section>
    <section id="3213" first-pos="894">
        <run start="970" length="13" level="39"/>
        <run start="970" length="11" level="99"/>
    </section>
    <section id="3222" first-pos="896">
        <run start="970" length="6" level="186"/>
    </section>
    <section id="3223" first-pos="897">
        <run start="971" length="1" level="226"/>
    </section>
    <section id="3214" first-pos="894">
        <run start="985" length="3" level="202"/>
    </section>
    <section id="3195" first-pos="889">
        <run start="1005" length="4" level="168"/>
        <run start="1005" length="2" level="200"/>
    </section>
    <section id="3188" first-pos="885">
        <run start="1025" length="4" level="155"/>
        <run start="1025" length="2" level="200"/>
    </section>
</stick>
