<?xml version="1.0" encoding="UTF-8"?>
<stick id="4140" interline="19" shape="THIRTY_SECOND_REST">
    <is-within-system>true</is-within-system>
    <has-ledger>false</has-ledger>
    <stem-number>0</stem-number>
    <step-line>-0.2597402597402597</step-line>
    <moments>
        <k>2.1385041551246537</k>
        <k>1.6842105263157894</k>
        <k>4.0</k>
        <k>0.06679331343457191</k>
        <k>-0.07146433200487926</k>
        <k>0.519472988164513</k>
        <k>-1.396364703773425E-4</k>
        <k>-0.009014795122969455</k>
        <k>0.003343594006761312</k>
        <k>0.08565198544249666</k>
        <k>0.586266301599085</k>
        <k>0.22534749090921977</k>
        <k>0.012803909406336888</k>
        <k>0.005883524283966385</k>
        <k>5.1033609779880016E-5</k>
        <k>0.002583867967269049</k>
        <k>1.8045392666307424E-6</k>
        <k>1636.981865284974</k>
        <k>2501.45725388601</k>
    </moments>
    <section id="5359" first-pos="1621">
        <run start="2512" length="5" level="59"/>
        <run start="2511" length="8" level="34"/>
        <run start="2510" length="10" level="28"/>
        <run start="2510" length="11" level="24"/>
        <run start="2510" length="11" level="24"/>
        <run start="2510" length="11" level="24"/>
        <run start="2510" length="11" level="24"/>
        <run start="2510" length="11" level="41"/>
        <run start="2511" length="10" level="27"/>
        <run start="2512" length="9" level="35"/>
        <run start="2514" length="6" level="39"/>
        <run start="2516" length="4" level="65"/>
        <run start="2516" length="4" level="78"/>
        <run start="2515" length="4" level="66"/>
        <run start="2515" length="4" level="92"/>
        <run start="2514" length="4" level="67"/>
        <run start="2513" length="4" level="66"/>
        <run start="2512" length="5" level="54"/>
    </section>
    <section id="5395" first-pos="1639">
        <run start="2511" length="19" level="50"/>
        <run start="2509" length="18" level="55"/>
        <run start="2507" length="18" level="49"/>
    </section>
    <section id="5383" first-pos="1635">
        <run start="2524" length="21" level="103"/>
        <run start="2523" length="20" level="53"/>
        <run start="2521" length="18" level="72"/>
        <run start="2519" length="15" level="80"/>
    </section>
    <section id="5371" first-pos="1630">
        <run start="2544" length="1" level="200"/>
        <run start="2541" length="4" level="202"/>
        <run start="2537" length="8" level="181"/>
        <run start="2534" length="11" level="119"/>
        <run start="2531" length="14" level="94"/>
    </section>
    <section id="5402" first-pos="1642">
        <run start="2500" length="17" level="80"/>
    </section>
    <section id="5400" first-pos="1641">
        <run start="2504" length="1" level="200"/>
    </section>
    <section id="5404" first-pos="1643">
        <run start="2492" length="20" level="74"/>
        <run start="2491" length="18" level="75"/>
        <run start="2488" length="18" level="60"/>
        <run start="2485" length="20" level="101"/>
    </section>
    <section id="5365" first-pos="1626">
        <run start="2493" length="6" level="82"/>
        <run start="2492" length="9" level="44"/>
        <run start="2491" length="11" level="34"/>
        <run start="2491" length="11" level="24"/>
        <run start="2491" length="12" level="33"/>
        <run start="2491" length="12" level="24"/>
        <run start="2491" length="12" level="22"/>
        <run start="2491" length="12" level="22"/>
        <run start="2491" length="12" level="37"/>
        <run start="2492" length="11" level="68"/>
        <run start="2494" length="8" level="104"/>
        <run start="2497" length="5" level="87"/>
        <run start="2497" length="4" level="67"/>
        <run start="2496" length="5" level="128"/>
        <run start="2496" length="4" level="74"/>
        <run start="2495" length="5" level="102"/>
        <run start="2494" length="5" level="61"/>
    </section>
    <section id="5417" first-pos="1647">
        <run start="2474" length="24" level="102"/>
        <run start="2473" length="22" level="98"/>
        <run start="2472" length="18" level="85"/>
        <run start="2471" length="17" level="126"/>
    </section>
    <section id="5377" first-pos="1631">
        <run start="2472" length="7" level="137"/>
        <run start="2471" length="9" level="55"/>
        <run start="2470" length="11" level="45"/>
        <run start="2470" length="11" level="24"/>
        <run start="2470" length="12" level="30"/>
        <run start="2469" length="13" level="35"/>
        <run start="2470" length="12" level="21"/>
        <run start="2470" length="12" level="22"/>
        <run start="2470" length="12" level="32"/>
        <run start="2471" length="11" level="36"/>
        <run start="2472" length="10" level="84"/>
        <run start="2475" length="6" level="94"/>
        <run start="2477" length="4" level="94"/>
        <run start="2476" length="4" level="85"/>
        <run start="2476" length="4" level="89"/>
        <run start="2475" length="4" level="88"/>
    </section>
    <section id="5445" first-pos="1651">
        <run start="2471" length="7" level="137"/>
    </section>
    <section id="5450" first-pos="1652">
        <run start="2471" length="2" level="190"/>
    </section>
    <section id="5446" first-pos="1651">
        <run start="2484" length="2" level="200"/>
        <run start="2484" length="1" level="200"/>
    </section>
</stick>
