<?xml version="1.0" encoding="UTF-8"?>
<stick id="3303" interline="20" shape="THIRTY_SECOND_REST">
    <is-within-system>true</is-within-system>
    <has-ledger>false</has-ledger>
    <stem-number>0</stem-number>
    <step-line>1.9487179487179487</step-line>
    <moments>
        <k>2.055</k>
        <k>1.65</k>
        <k>3.8</k>
        <k>0.06486797712822462</k>
        <k>-0.06122783954162995</k>
        <k>0.4673700749933764</k>
        <k>-0.0013817651327131658</k>
        <k>-0.008006805328467594</k>
        <k>0.007957819797420634</k>
        <k>0.06125804354443266</k>
        <k>0.532238052121601</k>
        <k>0.17700333212559058</k>
        <k>0.007910242025588684</k>
        <k>0.002878938866486679</k>
        <k>1.3693937193340104E-5</k>
        <k>0.0010382031262742143</k>
        <k>1.1073142795076935E-6</k>
        <k>395.79440389294405</k>
        <k>1022.8540145985402</k>
    </moments>
    <section id="1535" first-pos="379">
        <run start="1035" length="3" level="194"/>
        <run start="1033" length="7" level="113"/>
        <run start="1032" length="9" level="51"/>
        <run start="1031" length="11" level="49"/>
        <run start="1031" length="11" level="30"/>
        <run start="1031" length="12" level="30"/>
        <run start="1031" length="12" level="31"/>
        <run start="1032" length="11" level="23"/>
        <run start="1032" length="11" level="37"/>
        <run start="1032" length="10" level="41"/>
        <run start="1033" length="9" level="49"/>
        <run start="1034" length="8" level="82"/>
        <run start="1036" length="5" level="79"/>
        <run start="1037" length="4" level="95"/>
        <run start="1036" length="4" level="91"/>
        <run start="1035" length="5" level="112"/>
        <run start="1035" length="4" level="107"/>
        <run start="1034" length="4" level="91"/>
    </section>
    <section id="1595" first-pos="397">
        <run start="1032" length="26" level="108"/>
        <run start="1030" length="23" level="99"/>
        <run start="1029" length="20" level="73"/>
        <run start="1023" length="23" level="107"/>
    </section>
    <section id="1568" first-pos="392">
        <run start="1057" length="10" level="65"/>
        <run start="1053" length="14" level="47"/>
        <run start="1049" length="17" level="42"/>
        <run start="1044" length="21" level="77"/>
        <run start="1041" length="21" level="105"/>
    </section>
    <section id="1561" first-pos="390">
        <run start="1064" length="2" level="219"/>
        <run start="1062" length="5" level="77"/>
    </section>
    <section id="1623" first-pos="401">
        <run start="1014" length="25" level="93"/>
        <run start="1012" length="23" level="89"/>
        <run start="1010" length="21" level="80"/>
    </section>
    <section id="1547" first-pos="384">
        <run start="1015" length="6" level="186"/>
        <run start="1013" length="9" level="89"/>
        <run start="1013" length="10" level="44"/>
        <run start="1012" length="11" level="36"/>
        <run start="1012" length="12" level="27"/>
        <run start="1012" length="12" level="22"/>
        <run start="1012" length="13" level="34"/>
        <run start="1012" length="13" level="32"/>
        <run start="1012" length="13" level="42"/>
        <run start="1013" length="11" level="42"/>
        <run start="1015" length="9" level="44"/>
        <run start="1016" length="8" level="84"/>
        <run start="1018" length="5" level="75"/>
        <run start="1018" length="5" level="88"/>
        <run start="1017" length="5" level="90"/>
        <run start="1016" length="6" level="95"/>
        <run start="1015" length="6" level="71"/>
    </section>
    <section id="1640" first-pos="404">
        <run start="1006" length="23" level="89"/>
    </section>
    <section id="1636" first-pos="403">
        <run start="1008" length="1" level="226"/>
    </section>
    <section id="1649" first-pos="405">
        <run start="996" length="25" level="102"/>
        <run start="995" length="21" level="64"/>
        <run start="994" length="17" level="58"/>
        <run start="993" length="16" level="63"/>
    </section>
    <section id="1557" first-pos="389">
        <run start="995" length="4" level="223"/>
        <run start="993" length="7" level="33"/>
        <run start="992" length="9" level="26"/>
        <run start="991" length="11" level="23"/>
        <run start="991" length="12" level="29"/>
        <run start="991" length="12" level="22"/>
        <run start="991" length="12" level="22"/>
        <run start="991" length="12" level="23"/>
        <run start="991" length="12" level="35"/>
        <run start="992" length="11" level="26"/>
        <run start="993" length="10" level="49"/>
        <run start="996" length="6" level="46"/>
        <run start="997" length="5" level="58"/>
        <run start="997" length="4" level="61"/>
        <run start="997" length="4" level="69"/>
        <run start="996" length="5" level="116"/>
    </section>
    <section id="1667" first-pos="409">
        <run start="991" length="12" level="64"/>
    </section>
    <section id="1673" first-pos="410">
        <run start="991" length="7" level="64"/>
    </section>
    <section id="1676" first-pos="411">
        <run start="992" length="2" level="199"/>
    </section>
    <section id="1668" first-pos="409">
        <run start="1006" length="3" level="200"/>
        <run start="1006" length="2" level="200"/>
    </section>
    <section id="1650" first-pos="405">
        <run start="1024" length="3" level="190"/>
        <run start="1024" length="3" level="203"/>
        <run start="1024" length="3" level="205"/>
        <run start="1024" length="3" level="206"/>
    </section>
</stick>
