<?xml version="1.0" encoding="UTF-8"?>
<stick id="4257" interline="19" shape="TURN">
    <is-within-system>true</is-within-system>
    <has-ledger>false</has-ledger>
    <stem-number>0</stem-number>
    <step-line>-5.333333333333333</step-line>
    <moments>
        <k>1.4127423822714682</k>
        <k>2.1578947368421053</k>
        <k>1.1578947368421053</k>
        <k>0.25234294502114574</k>
        <k>0.009357170319108035</k>
        <k>0.06993641962744368</k>
        <k>-0.009872838829881936</k>
        <k>-3.983696056830753E-4</k>
        <k>4.741255934322331E-4</k>
        <k>3.0368987171089314E-4</k>
        <k>0.3222793646485894</k>
        <k>0.03362236705172646</k>
        <k>1.2982829318985216E-4</k>
        <k>8.83447747530399E-5</k>
        <k>9.4125230324536E-9</k>
        <k>1.6144699696619732E-5</k>
        <k>9.605914313548994E-10</k>
        <k>286.4</k>
        <k>2757.0549019607843</k>
    </moments>
    <section id="1252" first-pos="266">
        <run start="2754" length="4" level="166"/>
    </section>
    <section id="1257" first-pos="267">
        <run start="2752" length="10" level="68"/>
        <run start="2750" length="14" level="67"/>
    </section>
    <section id="1261" first-pos="269">
        <run start="2749" length="7" level="99"/>
        <run start="2748" length="5" level="62"/>
        <run start="2748" length="4" level="40"/>
        <run start="2747" length="5" level="61"/>
        <run start="2747" length="5" level="50"/>
        <run start="2747" length="5" level="43"/>
        <run start="2747" length="6" level="52"/>
        <run start="2747" length="6" level="43"/>
        <run start="2747" length="7" level="47"/>
        <run start="2747" length="7" level="27"/>
        <run start="2747" length="9" level="53"/>
        <run start="2748" length="9" level="35"/>
        <run start="2748" length="10" level="47"/>
        <run start="2749" length="10" level="27"/>
        <run start="2749" length="11" level="41"/>
        <run start="2750" length="11" level="40"/>
        <run start="2751" length="11" level="41"/>
        <run start="2752" length="12" level="44"/>
        <run start="2753" length="12" level="41"/>
        <run start="2754" length="11" level="38"/>
        <run start="2755" length="11" level="44"/>
        <run start="2756" length="11" level="45"/>
        <run start="2757" length="11" level="45"/>
        <run start="2758" length="10" level="46"/>
        <run start="2759" length="10" level="65"/>
        <run start="2761" length="8" level="33"/>
        <run start="2762" length="7" level="34"/>
        <run start="2762" length="7" level="37"/>
        <run start="2762" length="7" level="37"/>
        <run start="2762" length="7" level="57"/>
        <run start="2762" length="6" level="43"/>
        <run start="2762" length="6" level="67"/>
        <run start="2761" length="6" level="50"/>
        <run start="2760" length="6" level="49"/>
    </section>
    <section id="1339" first-pos="303">
        <run start="2750" length="15" level="49"/>
        <run start="2751" length="13" level="51"/>
        <run start="2753" length="10" level="119"/>
    </section>
    <section id="1307" first-pos="291">
        <run start="2748" length="6" level="125"/>
        <run start="2748" length="7" level="55"/>
        <run start="2748" length="7" level="35"/>
        <run start="2747" length="8" level="56"/>
        <run start="2747" length="8" level="40"/>
        <run start="2747" length="8" level="33"/>
        <run start="2747" length="8" level="39"/>
        <run start="2747" length="8" level="73"/>
        <run start="2748" length="6" level="41"/>
        <run start="2748" length="6" level="71"/>
        <run start="2749" length="6" level="65"/>
        <run start="2750" length="6" level="50"/>
    </section>
    <section id="1342" first-pos="306">
        <run start="2756" length="4" level="203"/>
    </section>
    <section id="1262" first-pos="269">
        <run start="2758" length="7" level="71"/>
        <run start="2759" length="7" level="72"/>
        <run start="2760" length="6" level="75"/>
        <run start="2761" length="6" level="49"/>
        <run start="2761" length="6" level="43"/>
        <run start="2760" length="8" level="56"/>
        <run start="2760" length="8" level="35"/>
        <run start="2760" length="8" level="43"/>
        <run start="2760" length="7" level="34"/>
        <run start="2760" length="7" level="37"/>
        <run start="2760" length="6" level="59"/>
        <run start="2761" length="4" level="214"/>
    </section>
</stick>
