<?xml version="1.0" encoding="UTF-8"?>
<stick id="4264" interline="19" shape="TURN">
    <is-within-system>true</is-within-system>
    <has-ledger>false</has-ledger>
    <stem-number>0</stem-number>
    <step-line>-6.051282051282051</step-line>
    <moments>
        <k>1.4626038781163435</k>
        <k>2.1052631578947367</k>
        <k>1.1578947368421053</k>
        <k>0.24593390402605603</k>
        <k>0.010940817980945821</k>
        <k>0.0674635201446281</k>
        <k>-0.0053501898801775645</k>
        <k>6.701440696031151E-4</k>
        <k>3.874170169331828E-4</k>
        <k>4.768014308655488E-5</k>
        <k>0.3133974241706841</k>
        <k>0.032330483915153</k>
        <k>4.6264282550965124E-5</k>
        <k>2.5144386092478387E-5</k>
        <k>8.494215402974705E-10</k>
        <k>4.1477045824848095E-6</k>
        <k>1.1815153674993126E-10</k>
        <k>733.8125</k>
        <k>2750.375</k>
    </moments>
    <section id="2666" first-pos="714">
        <run start="2746" length="8" level="120"/>
        <run start="2744" length="12" level="48"/>
        <run start="2743" length="15" level="78"/>
    </section>
    <section id="2680" first-pos="717">
        <run start="2742" length="6" level="73"/>
        <run start="2741" length="6" level="83"/>
        <run start="2741" length="5" level="50"/>
        <run start="2740" length="6" level="62"/>
        <run start="2740" length="6" level="43"/>
        <run start="2740" length="6" level="42"/>
        <run start="2740" length="7" level="50"/>
        <run start="2740" length="7" level="43"/>
        <run start="2740" length="8" level="66"/>
        <run start="2741" length="8" level="44"/>
        <run start="2741" length="9" level="39"/>
        <run start="2741" length="10" level="46"/>
        <run start="2742" length="10" level="32"/>
        <run start="2742" length="11" level="43"/>
        <run start="2743" length="11" level="43"/>
        <run start="2744" length="11" level="39"/>
        <run start="2745" length="11" level="39"/>
        <run start="2746" length="12" level="47"/>
        <run start="2747" length="11" level="22"/>
        <run start="2747" length="12" level="47"/>
        <run start="2749" length="11" level="43"/>
        <run start="2750" length="11" level="50"/>
        <run start="2751" length="10" level="46"/>
        <run start="2752" length="9" level="45"/>
        <run start="2753" length="9" level="53"/>
        <run start="2754" length="8" level="47"/>
        <run start="2755" length="7" level="35"/>
        <run start="2755" length="7" level="37"/>
        <run start="2755" length="7" level="54"/>
        <run start="2755" length="7" level="70"/>
        <run start="2755" length="6" level="46"/>
        <run start="2755" length="6" level="43"/>
        <run start="2754" length="7" level="75"/>
        <run start="2752" length="8" level="76"/>
    </section>
    <section id="2789" first-pos="751">
        <run start="2744" length="15" level="57"/>
        <run start="2745" length="13" level="73"/>
        <run start="2747" length="9" level="182"/>
    </section>
    <section id="2751" first-pos="738">
        <run start="2742" length="5" level="132"/>
        <run start="2741" length="7" level="67"/>
        <run start="2741" length="7" level="37"/>
        <run start="2741" length="7" level="35"/>
        <run start="2740" length="8" level="54"/>
        <run start="2740" length="8" level="57"/>
        <run start="2741" length="7" level="36"/>
        <run start="2741" length="7" level="37"/>
        <run start="2741" length="7" level="40"/>
        <run start="2741" length="7" level="57"/>
        <run start="2742" length="6" level="42"/>
        <run start="2742" length="6" level="65"/>
        <run start="2743" length="7" level="80"/>
    </section>
    <section id="2681" first-pos="717">
        <run start="2752" length="7" level="72"/>
        <run start="2753" length="7" level="70"/>
        <run start="2754" length="6" level="43"/>
        <run start="2754" length="7" level="53"/>
        <run start="2754" length="7" level="39"/>
        <run start="2754" length="7" level="36"/>
        <run start="2753" length="8" level="41"/>
        <run start="2753" length="8" level="33"/>
        <run start="2753" length="8" level="33"/>
        <run start="2753" length="7" level="29"/>
        <run start="2753" length="6" level="88"/>
        <run start="2755" length="3" level="192"/>
    </section>
</stick>
