<?xml version="1.0" encoding="UTF-8"?>
<stick id="3944" interline="19" shape="TURN">
    <is-within-system>true</is-within-system>
    <has-ledger>false</has-ledger>
    <stem-number>0</stem-number>
    <step-line>-11.58974358974359</step-line>
    <moments>
        <k>1.518005540166205</k>
        <k>2.1578947368421053</k>
        <k>1.1578947368421053</k>
        <k>0.23980060302883327</k>
        <k>0.011109107734332994</k>
        <k>0.06542056847115169</k>
        <k>-0.003482748543604343</k>
        <k>6.035759871352269E-4</k>
        <k>0.0012238544871702472</k>
        <k>-4.01534045571883E-4</k>
        <k>0.30522117149998496</k>
        <k>0.030902045550950292</k>
        <k>5.6078283454050224E-5</k>
        <k>5.143423304343969E-6</k>
        <k>8.730708280879267E-11</k>
        <k>8.623932152529933E-7</k>
        <k>-2.819092350886202E-12</k>
        <k>2079.07299270073</k>
        <k>2084.3722627737225</k>
    </moments>
    <section id="6739" first-pos="2059">
        <run start="2081" length="6" level="219"/>
    </section>
    <section id="6750" first-pos="2060">
        <run start="2079" length="11" level="74"/>
        <run start="2078" length="13" level="18"/>
        <run start="2076" length="16" level="40"/>
    </section>
    <section id="6764" first-pos="2063">
        <run start="2075" length="7" level="72"/>
        <run start="2075" length="6" level="47"/>
        <run start="2074" length="6" level="71"/>
        <run start="2074" length="6" level="43"/>
        <run start="2074" length="6" level="43"/>
        <run start="2074" length="6" level="41"/>
        <run start="2074" length="7" level="44"/>
        <run start="2074" length="7" level="34"/>
        <run start="2074" length="8" level="31"/>
        <run start="2074" length="9" level="42"/>
        <run start="2075" length="9" level="27"/>
        <run start="2075" length="10" level="25"/>
        <run start="2076" length="11" level="38"/>
        <run start="2076" length="12" level="32"/>
        <run start="2077" length="12" level="31"/>
        <run start="2078" length="12" level="37"/>
        <run start="2079" length="12" level="39"/>
        <run start="2080" length="12" level="36"/>
        <run start="2081" length="12" level="37"/>
        <run start="2082" length="11" level="24"/>
        <run start="2083" length="11" level="27"/>
        <run start="2084" length="11" level="43"/>
        <run start="2085" length="10" level="31"/>
        <run start="2086" length="10" level="54"/>
        <run start="2087" length="9" level="48"/>
        <run start="2088" length="8" level="39"/>
        <run start="2089" length="7" level="37"/>
        <run start="2089" length="7" level="37"/>
        <run start="2089" length="7" level="37"/>
        <run start="2089" length="7" level="46"/>
        <run start="2089" length="6" level="42"/>
        <run start="2089" length="6" level="45"/>
        <run start="2087" length="8" level="80"/>
    </section>
    <section id="6860" first-pos="2096">
        <run start="2077" length="17" level="61"/>
        <run start="2079" length="14" level="29"/>
        <run start="2080" length="11" level="54"/>
    </section>
    <section id="6806" first-pos="2084">
        <run start="2076" length="5" level="68"/>
        <run start="2075" length="7" level="37"/>
        <run start="2075" length="7" level="37"/>
        <run start="2074" length="8" level="57"/>
        <run start="2074" length="8" level="47"/>
        <run start="2074" length="8" level="35"/>
        <run start="2074" length="8" level="56"/>
        <run start="2075" length="7" level="34"/>
        <run start="2075" length="7" level="38"/>
        <run start="2075" length="7" level="46"/>
        <run start="2076" length="6" level="43"/>
        <run start="2076" length="7" level="69"/>
    </section>
    <section id="6865" first-pos="2099">
        <run start="2085" length="3" level="157"/>
    </section>
    <section id="6765" first-pos="2063">
        <run start="2086" length="7" level="36"/>
        <run start="2087" length="7" level="37"/>
        <run start="2087" length="7" level="33"/>
        <run start="2087" length="8" level="41"/>
        <run start="2087" length="8" level="33"/>
        <run start="2087" length="8" level="33"/>
        <run start="2087" length="8" level="33"/>
        <run start="2087" length="8" level="33"/>
        <run start="2087" length="8" level="39"/>
        <run start="2087" length="7" level="42"/>
        <run start="2088" length="6" level="97"/>
        <run start="2089" length="2" level="205"/>
    </section>
</stick>
