<?xml version="1.0" encoding="UTF-8"?>
<stick id="3880" interline="19" shape="TURN">
    <is-within-system>true</is-within-system>
    <has-ledger>false</has-ledger>
    <stem-number>0</stem-number>
    <step-line>-9.435897435897436</step-line>
    <moments>
        <k>1.4764542936288088</k>
        <k>2.1578947368421053</k>
        <k>1.2105263157894737</k>
        <k>0.2369387359431269</k>
        <k>0.01229287360248216</k>
        <k>0.06635654047505202</k>
        <k>-0.00111955947312916</k>
        <k>0.0017458892334483085</k>
        <k>9.077923494685821E-5</k>
        <k>-3.471025091183272E-4</k>
        <k>0.3032952764181789</k>
        <k>0.029702744376334914</k>
        <k>3.312703604654834E-5</k>
        <k>3.014993078636233E-6</k>
        <k>2.6295385883018334E-12</k>
        <k>-2.2397952655018416E-7</k>
        <k>3.001654362177057E-11</k>
        <k>590.1088180112571</k>
        <k>2104.857410881801</k>
    </moments>
    <section id="2162" first-pos="570">
        <run start="2103" length="3" level="196"/>
    </section>
    <section id="2163" first-pos="571">
        <run start="2100" length="10" level="124"/>
        <run start="2098" length="14" level="81"/>
    </section>
    <section id="2167" first-pos="573">
        <run start="2097" length="7" level="92"/>
        <run start="2096" length="6" level="90"/>
        <run start="2095" length="6" level="76"/>
        <run start="2095" length="6" level="69"/>
        <run start="2095" length="5" level="46"/>
        <run start="2094" length="6" level="54"/>
        <run start="2094" length="6" level="41"/>
        <run start="2094" length="7" level="56"/>
        <run start="2094" length="8" level="69"/>
        <run start="2095" length="7" level="37"/>
        <run start="2095" length="9" level="55"/>
        <run start="2095" length="10" level="49"/>
        <run start="2096" length="10" level="40"/>
        <run start="2096" length="11" level="46"/>
        <run start="2097" length="11" level="38"/>
        <run start="2097" length="13" level="58"/>
        <run start="2098" length="12" level="38"/>
        <run start="2099" length="13" level="53"/>
        <run start="2100" length="13" level="51"/>
        <run start="2101" length="12" level="38"/>
        <run start="2102" length="12" level="41"/>
        <run start="2103" length="12" level="50"/>
        <run start="2105" length="10" level="36"/>
        <run start="2106" length="10" level="49"/>
        <run start="2107" length="9" level="43"/>
        <run start="2108" length="8" level="46"/>
        <run start="2109" length="7" level="48"/>
        <run start="2110" length="7" level="60"/>
        <run start="2110" length="7" level="68"/>
        <run start="2110" length="6" level="43"/>
        <run start="2110" length="6" level="43"/>
        <run start="2110" length="6" level="52"/>
        <run start="2110" length="5" level="15"/>
        <run start="2109" length="6" level="48"/>
    </section>
    <section id="2309" first-pos="607">
        <run start="2099" length="15" level="67"/>
        <run start="2100" length="13" level="25"/>
        <run start="2101" length="11" level="74"/>
    </section>
    <section id="2230" first-pos="594">
        <run start="2098" length="2" level="177"/>
        <run start="2097" length="5" level="104"/>
        <run start="2096" length="6" level="30"/>
        <run start="2095" length="8" level="48"/>
        <run start="2095" length="8" level="33"/>
        <run start="2095" length="8" level="33"/>
        <run start="2095" length="8" level="40"/>
        <run start="2095" length="8" level="56"/>
        <run start="2095" length="7" level="37"/>
        <run start="2096" length="6" level="20"/>
        <run start="2096" length="6" level="43"/>
        <run start="2097" length="6" level="53"/>
        <run start="2098" length="6" level="68"/>
    </section>
    <section id="2329" first-pos="610">
        <run start="2104" length="5" level="131"/>
    </section>
    <section id="2168" first-pos="573">
        <run start="2106" length="7" level="70"/>
        <run start="2107" length="7" level="71"/>
        <run start="2108" length="6" level="42"/>
        <run start="2108" length="7" level="50"/>
        <run start="2108" length="7" level="37"/>
        <run start="2108" length="7" level="37"/>
        <run start="2108" length="7" level="36"/>
        <run start="2107" length="8" level="48"/>
        <run start="2107" length="8" level="35"/>
        <run start="2107" length="8" level="35"/>
        <run start="2107" length="8" level="69"/>
        <run start="2108" length="6" level="125"/>
        <run start="2110" length="3" level="202"/>
    </section>
</stick>
