<?xml version="1.0" encoding="UTF-8"?>
<stick id="4281" interline="19" shape="TURN">
    <is-within-system>true</is-within-system>
    <has-ledger>false</has-ledger>
    <stem-number>0</stem-number>
    <step-line>5.87012987012987</step-line>
    <moments>
        <k>1.479224376731302</k>
        <k>2.1052631578947367</k>
        <k>1.1578947368421053</k>
        <k>0.24218503855409798</k>
        <k>0.013593269113015227</k>
        <k>0.06538559116048359</k>
        <k>-3.069643272722631E-5</k>
        <k>4.109770007142351E-4</k>
        <k>7.664011145351551E-4</k>
        <k>1.530313671082602E-4</k>
        <k>0.3075706297145816</k>
        <k>0.03199715245940284</k>
        <k>6.594616189502654E-6</k>
        <k>8.593668178079009E-7</k>
        <k>1.5032778739114057E-12</k>
        <k>6.201560676123616E-8</k>
        <k>1.3876032723804488E-12</k>
        <k>1411.808988764045</k>
        <k>2866.374531835206</k>
    </moments>
    <section id="4733" first-pos="1392">
        <run start="2863" length="6" level="58"/>
    </section>
    <section id="4742" first-pos="1393">
        <run start="2860" length="11" level="43"/>
        <run start="2859" length="14" level="23"/>
    </section>
    <section id="4753" first-pos="1395">
        <run start="2858" length="7" level="63"/>
        <run start="2857" length="6" level="49"/>
        <run start="2857" length="5" level="35"/>
        <run start="2856" length="6" level="48"/>
        <run start="2856" length="6" level="43"/>
        <run start="2856" length="6" level="37"/>
        <run start="2856" length="6" level="34"/>
        <run start="2856" length="7" level="65"/>
        <run start="2856" length="7" level="40"/>
        <run start="2856" length="9" level="53"/>
        <run start="2856" length="10" level="34"/>
        <run start="2857" length="10" level="25"/>
        <run start="2857" length="11" level="27"/>
        <run start="2858" length="11" level="22"/>
        <run start="2859" length="11" level="19"/>
        <run start="2860" length="11" level="8"/>
        <run start="2860" length="12" level="22"/>
        <run start="2861" length="12" level="21"/>
        <run start="2862" length="12" level="22"/>
        <run start="2863" length="12" level="20"/>
        <run start="2864" length="12" level="26"/>
        <run start="2866" length="10" level="1"/>
        <run start="2867" length="10" level="1"/>
        <run start="2868" length="9" level="17"/>
        <run start="2869" length="9" level="15"/>
        <run start="2870" length="8" level="2"/>
        <run start="2871" length="7" level="3"/>
        <run start="2871" length="7" level="23"/>
        <run start="2872" length="6" level="4"/>
        <run start="2872" length="6" level="16"/>
        <run start="2872" length="6" level="41"/>
        <run start="2871" length="6" level="7"/>
        <run start="2870" length="7" level="49"/>
        <run start="2868" length="9" level="50"/>
    </section>
    <section id="4864" first-pos="1429">
        <run start="2860" length="16" level="24"/>
        <run start="2861" length="13" level="29"/>
        <run start="2862" length="10" level="61"/>
    </section>
    <section id="4795" first-pos="1416">
        <run start="2859" length="4" level="104"/>
        <run start="2858" length="5" level="18"/>
        <run start="2858" length="6" level="26"/>
        <run start="2857" length="7" level="11"/>
        <run start="2857" length="7" level="2"/>
        <run start="2857" length="7" level="3"/>
        <run start="2857" length="7" level="3"/>
        <run start="2857" length="7" level="3"/>
        <run start="2857" length="7" level="8"/>
        <run start="2857" length="7" level="39"/>
        <run start="2858" length="6" level="6"/>
        <run start="2858" length="7" level="67"/>
        <run start="2859" length="8" level="83"/>
    </section>
    <section id="4754" first-pos="1395">
        <run start="2867" length="8" level="81"/>
        <run start="2869" length="6" level="33"/>
        <run start="2869" length="7" level="37"/>
        <run start="2869" length="7" level="37"/>
        <run start="2869" length="7" level="37"/>
        <run start="2869" length="8" level="33"/>
        <run start="2868" length="9" level="31"/>
        <run start="2868" length="9" level="29"/>
        <run start="2868" length="9" level="30"/>
        <run start="2868" length="8" level="33"/>
        <run start="2869" length="7" level="36"/>
        <run start="2870" length="5" level="50"/>
    </section>
</stick>
