<?xml version="1.0" encoding="UTF-8"?>
<glyph id="2758" interline="19" shape="VOID_NOTEHEAD">
    <is-within-system>true</is-within-system>
    <has-ledger>false</has-ledger>
    <stem-number>1</stem-number>
    <step-line>-0.987012987012987</step-line>
    <moments>
        <k>1.1412742382271468</k>
        <k>1.4736842105263157</k>
        <k>1.368421052631579</k>
        <k>0.09386703803877824</k>
        <k>-0.031122766711173276</k>
        <k>0.08494996920548374</k>
        <k>-0.0025474235433333497</k>
        <k>0.0041687717899429105</k>
        <k>-0.004267070392226403</k>
        <k>0.0016931325208986692</k>
        <k>0.17881700724426197</k>
        <k>0.003954020547610174</k>
        <k>2.2206508415415171E-4</k>
        <k>8.079924974724374E-5</k>
        <k>1.0610622265786081E-8</k>
        <k>5.080586344986538E-6</k>
        <k>-2.1339863462148042E-9</k>
        <k>1501.6529126213593</k>
        <k>2494.252427184466</k>
    </moments>
    <section id="5022" first-pos="1492">
        <run start="2492" length="18" level="82"/>
        <run start="2489" length="16" level="52"/>
        <run start="2488" length="17" level="40"/>
        <run start="2487" length="18" level="36"/>
        <run start="2486" length="19" level="28"/>
        <run start="2485" length="20" level="31"/>
        <run start="2484" length="21" level="39"/>
        <run start="2484" length="21" level="39"/>
        <run start="2484" length="21" level="39"/>
        <run start="2484" length="21" level="39"/>
        <run start="2484" length="21" level="39"/>
        <run start="2484" length="21" level="39"/>
        <run start="2484" length="21" level="39"/>
        <run start="2484" length="21" level="39"/>
        <run start="2484" length="20" level="31"/>
        <run start="2484" length="19" level="33"/>
        <run start="2484" length="18" level="34"/>
        <run start="2484" length="17" level="35"/>
        <run start="2484" length="16" level="38"/>
        <run start="2484" length="15" level="41"/>
        <run start="2485" length="13" level="77"/>
    </section>
    <section id="5065" first-pos="1513">
        <run start="2488" length="8" level="191"/>
    </section>
    <section id="4996" first-pos="1486">
        <run start="2504" length="1" level="200"/>
        <run start="2502" length="3" level="201"/>
        <run start="2502" length="3" level="199"/>
        <run start="2502" length="3" level="200"/>
    </section>
</glyph>
