<?xml version="1.0" encoding="UTF-8" standalone="yes"?>
<samples sheet-name="IMSLP08541#17">
    <sample shape="G_CLEF" interline="22" pitch="0.5" left="454" top="486" id="214">
        <run-table orientation="VERTICAL" width="58" height="163">
            <runs>0 86 3</runs>
            <runs>0 80 20</runs>
            <runs>0 75 26</runs>
            <runs>0 73 30</runs>
            <runs>0 72 35</runs>
            <runs>0 69 40</runs>
            <runs>0 66 44</runs>
            <runs>0 65 47</runs>
            <runs>0 63 30 2 18</runs>
            <runs>0 62 27 15 10 30 5</runs>
            <runs>0 61 27 20 6 28 11</runs>
            <runs>0 59 26 25 5 25 15</runs>
            <runs>0 58 24 29 6 22 17</runs>
            <runs>0 54 27 31 9 17 19</runs>
            <runs>0 54 26 34 8 16 20</runs>
            <runs>0 54 24 37 7 15 22</runs>
            <runs>0 53 25 37 7 15 22</runs>
            <runs>0 53 25 38 2 18 24</runs>
            <runs>0 52 20 19 9 17 1 18 25</runs>
            <runs>0 51 20 14 18 14 1 18 25</runs>
            <runs>0 50 20 14 22 30 18 3 5</runs>
            <runs>0 49 19 14 26 28 17 5 4</runs>
            <runs>0 48 19 13 21 2 6 27 17 6 4</runs>
            <runs>0 47 19 9 25 5 6 26 17 5 4</runs>
            <runs>0 47 19 9 18 15 4 25 17 6 3</runs>
            <runs>0 46 19 10 16 19 3 25 16 6 2</runs>
            <runs>0 27 15 3 18 12 15 22 1 26 14 7 3</runs>
            <runs>0 23 40 12 14 51 12 8 3</runs>
            <runs>0 19 44 11 14 56 6 10 3</runs>
            <runs>0 17 47 9 15 72 3</runs>
            <runs>0 15 10 16 27 5 14 73 3</runs>
            <runs>0 13 11 17 46 72 4</runs>
            <runs>0 12 11 17 17 5 25 72 3</runs>
            <runs>0 9 12 18 18 11 19 72 3</runs>
            <runs>0 8 11 19 19 14 18 70 3</runs>
            <runs>0 7 11 18 21 14 29 58 4</runs>
            <runs>0 6 11 16 23 16 34 52 3</runs>
            <runs>0 5 10 18 23 16 13 10 14 48 4</runs>
            <runs>0 4 10 19 18 21 13 12 17 42 4</runs>
            <runs>0 2 12 19 17 22 13 18 20 32 4</runs>
            <runs>0 2 11 19 17 23 14 26 15 27 5</runs>
            <runs>0 1 11 19 17 24 14 27 19 21 5</runs>
            <runs>0 1 10 19 17 25 14 29 22 14 6</runs>
            <runs>10 19 17 27 14 28 41</runs>
            <runs>10 18 17 28 14 28 7 6 25</runs>
            <runs>10 16 17 30 14 27 3 18 16</runs>
            <runs>0 2 9 13 15 35 13 26 3 28 3</runs>
            <runs>0 4 7 10 17 36 14 24 3</runs>
            <runs>0 6 31 38 14 22 4</runs>
            <runs>0 10 26 39 15 20 4</runs>
            <runs>0 12 18 45 16 18 4</runs>
            <runs>0 21 3 51 17 15 5</runs>
            <runs>0 75 26 3 7</runs>
            <runs>0 80 30</runs>
            <runs>0 82 25</runs>
            <runs>0 83 22</runs>
            <runs>0 86 17</runs>
            <runs>0 88 12</runs>
        </run-table>
    </sample>
    <sample shape="G_CLEF" interline="22" pitch="0.3" left="454" top="1124" id="283">
        <run-table orientation="VERTICAL" width="58" height="163">
            <runs>0 86 7</runs>
            <runs>0 76 7 3 15</runs>
            <runs>0 75 9 1 18</runs>
            <runs>0 73 32</runs>
            <runs>0 70 37</runs>
            <runs>0 68 41</runs>
            <runs>0 66 45</runs>
            <runs>0 65 48</runs>
            <runs>0 64 27 15 8</runs>
            <runs>0 62 27 20 6 29 8</runs>
            <runs>0 60 27 24 5 26 11</runs>
            <runs>0 59 25 28 5 24 14</runs>
            <runs>0 55 27 31 5 22 16</runs>
            <runs>0 55 26 33 8 17 19</runs>
            <runs>0 55 25 35 7 16 21</runs>
            <runs>0 55 24 37 3 19 22</runs>
            <runs>0 54 25 38 2 18 23</runs>
            <runs>0 54 24 39 2 18 24</runs>
            <runs>0 53 20 15 14 16 1 18 24</runs>
            <runs>0 51 21 13 19 33 19 1 5</runs>
            <runs>0 50 20 13 24 30 18 4 3</runs>
            <runs>0 49 19 13 28 28 18 4 3</runs>
            <runs>0 48 20 8 26 4 4 28 17 5 2</runs>
            <runs>0 48 19 9 20 12 4 26 17 5 2</runs>
            <runs>0 47 19 10 18 15 4 26 15 6 2</runs>
            <runs>0 46 20 10 16 48 13 8 2</runs>
            <runs>0 26 38 12 15 50 11 9 2</runs>
            <runs>0 21 42 12 15 53 8 10 1</runs>
            <runs>0 20 44 11 14 57 2 13 2</runs>
            <runs>0 16 11 14 26 8 14 71 3</runs>
            <runs>0 14 11 17 30 1 15 72 2</runs>
            <runs>0 13 10 19 46 72 2</runs>
            <runs>0 12 8 21 17 7 23 71 3</runs>
            <runs>0 10 9 21 17 14 18 70 3</runs>
            <runs>0 8 9 17 23 15 22 65 3</runs>
            <runs>0 7 10 17 24 14 29 57 4</runs>
            <runs>0 6 10 18 24 14 16 7 11 52 3</runs>
            <runs>0 4 11 19 19 19 15 10 13 47 3</runs>
            <runs>0 3 11 20 18 20 15 11 24 34 4</runs>
            <runs>0 3 10 20 18 21 15 19 17 33 3</runs>
            <runs>0 2 10 20 18 23 14 23 18 26 4</runs>
            <runs>0 1 10 20 18 24 14 28 19 18 6</runs>
            <runs>11 19 17 26 14 29 27 7 6</runs>
            <runs>11 18 17 28 14 28 7 3 29</runs>
            <runs>0 1 10 16 17 30 14 27 7 11 20</runs>
            <runs>0 2 9 15 16 33 14 25 4 21 7 1 1</runs>
            <runs>0 4 7 13 17 34 15 23 4</runs>
            <runs>0 5 8 1 1 7 16 38 14 22 4</runs>
            <runs>0 5 2 4 26 39 16 19 4</runs>
            <runs>0 6 1 6 24 39 17 17 4</runs>
            <runs>0 16 10 3 1 46 17 15 5</runs>
            <runs>0 76 19 11 5</runs>
            <runs>0 76 34</runs>
            <runs>0 82 27</runs>
            <runs>0 83 24</runs>
            <runs>0 85 19</runs>
            <runs>0 87 15</runs>
            <runs>0 92 2</runs>
        </run-table>
    </sample>
    <sample shape="G_CLEF" interline="22" pitch="0.4" left="455" top="1705" id="369">
        <run-table orientation="VERTICAL" width="58" height="163">
            <runs>0 83 12</runs>
            <runs>0 76 24</runs>
            <runs>0 74 29</runs>
            <runs>0 72 33</runs>
            <runs>0 69 40</runs>
            <runs>0 67 43</runs>
            <runs>0 66 45</runs>
            <runs>0 64 49</runs>
            <runs>0 62 31 3 18</runs>
            <runs>0 61 29 17 8</runs>
            <runs>0 59 28 22 7 27 8</runs>
            <runs>0 55 30 25 6 25 14</runs>
            <runs>0 55 27 30 5 23 16</runs>
            <runs>0 55 26 32 4 22 18</runs>
            <runs>0 55 25 35 3 20 20</runs>
            <runs>0 54 25 36 7 16 21</runs>
            <runs>0 53 26 37 3 18 22</runs>
            <runs>0 52 22 17 10 15 3 18 23</runs>
            <runs>0 51 21 16 13 16 2 18 24</runs>
            <runs>0 50 21 14 19 14 1 18 25</runs>
            <runs>0 50 19 14 23 12 1 18 25</runs>
            <runs>0 49 19 14 26 10 1 17 20 2 4</runs>
            <runs>0 48 19 13 29 9 1 18 19 3 3</runs>
            <runs>0 47 20 9 25 5 5 26 19 3 3</runs>
            <runs>0 30 10 6 20 10 17 15 5 25 17 5 2</runs>
            <runs>0 23 42 11 16 18 4 24 17 5 3</runs>
            <runs>0 20 44 12 15 48 15 6 3</runs>
            <runs>0 17 13 2 32 11 15 50 13 7 3</runs>
            <runs>0 14 13 15 23 10 15 52 9 9 3</runs>
            <runs>0 13 12 17 27 5 15 54 7 10 3</runs>
            <runs>0 11 12 18 47 72 3</runs>
            <runs>0 10 12 18 19 4 25 72 2</runs>
            <runs>0 8 12 19 19 12 18 71 3</runs>
            <runs>0 7 11 16 24 13 18 70 3</runs>
            <runs>0 6 11 17 24 14 21 2 2 62 3</runs>
            <runs>0 5 11 18 24 14 30 57 2</runs>
            <runs>0 4 11 19 19 19 16 5 12 53 3</runs>
            <runs>0 3 11 19 19 20 15 8 16 47 3</runs>
            <runs>0 2 11 20 18 21 14 11 25 35 3</runs>
            <runs>0 1 11 20 18 22 14 17 20 33 3</runs>
            <runs>0 1 10 20 17 24 14 20 19 30 4</runs>
            <runs>11 17 19 25 14 27 17 24 4</runs>
            <runs>0 1 10 16 18 28 14 27 21 18 5</runs>
            <runs>0 2 9 15 18 29 14 28 26 9 6</runs>
            <runs>0 3 8 13 18 32 14 26 9 6 26</runs>
            <runs>0 5 8 9 17 35 14 26 4 15 19</runs>
            <runs>0 7 31 36 15 24 4 25 5</runs>
            <runs>0 11 26 38 15 22 4</runs>
            <runs>0 14 23 38 15 21 4</runs>
            <runs>0 20 5 51 15 18 5</runs>
            <runs>0 76 17 14 6</runs>
            <runs>0 76 19 10 7</runs>
            <runs>0 76 34</runs>
            <runs>0 76 32</runs>
            <runs>0 82 25</runs>
            <runs>0 84 21</runs>
            <runs>0 87 15</runs>
            <runs>0 91 10</runs>
        </run-table>
    </sample>
    <sample shape="G_CLEF" interline="22" pitch="0.4" left="452" top="2309" id="401">
        <run-table orientation="VERTICAL" width="58" height="164">
            <runs>0 88 2 1 2</runs>
            <runs>0 76 26</runs>
            <runs>0 75 28</runs>
            <runs>0 74 32</runs>
            <runs>0 72 36</runs>
            <runs>0 70 40</runs>
            <runs>0 68 43</runs>
            <runs>0 65 48</runs>
            <runs>0 64 29 1 2 8 11</runs>
            <runs>0 63 27 18 8 30 4</runs>
            <runs>0 61 26 23 6 28 9</runs>
            <runs>0 60 25 27 5 25 13</runs>
            <runs>0 55 28 30 6 22 15</runs>
            <runs>0 55 26 33 9 16 18</runs>
            <runs>0 55 25 35 8 16 20</runs>
            <runs>0 55 25 36 7 15 21</runs>
            <runs>0 54 25 38 3 18 22</runs>
            <runs>0 54 25 16 3 19 3 18 22</runs>
            <runs>0 53 21 15 13 15 3 18 23</runs>
            <runs>0 51 22 14 17 14 2 17 24</runs>
            <runs>0 51 20 13 23 12 1 17 19 1 5</runs>
            <runs>0 50 20 12 26 11 1 17 18 4 3</runs>
            <runs>0 49 20 8 25 3 5 9 1 18 17 4 3</runs>
            <runs>0 48 20 9 24 6 5 7 1 18 17 5 3</runs>
            <runs>0 47 20 10 17 15 4 6 1 19 16 5 3</runs>
            <runs>0 46 20 11 16 17 4 5 1 20 14 6 3</runs>
            <runs>0 25 40 12 15 49 12 8 2</runs>
            <runs>0 22 42 12 15 50 11 8 3</runs>
            <runs>0 17 13 3 31 12 14 54 7 9 4</runs>
            <runs>0 15 12 15 25 8 15 70 4</runs>
            <runs>0 13 12 17 47 71 3</runs>
            <runs>0 12 11 18 47 72 3</runs>
            <runs>0 10 12 19 17 8 22 72 3</runs>
            <runs>0 9 12 18 19 13 18 71 3</runs>
            <runs>0 8 11 19 20 14 24 64 3</runs>
            <runs>0 6 11 17 24 14 30 57 3</runs>
            <runs>0 5 11 18 24 14 16 1 17 53 3</runs>
            <runs>0 4 11 19 19 20 14 9 15 47 3</runs>
            <runs>0 3 11 19 19 21 14 10 26 34 4</runs>
            <runs>0 2 12 19 18 22 14 17 19 34 3</runs>
            <runs>0 1 12 19 18 23 14 21 18 30 4</runs>
            <runs>0 1 11 19 18 24 14 26 20 21 5</runs>
            <runs>11 18 18 26 15 28 20 17 5</runs>
            <runs>0 1 9 18 17 29 14 28 29 2 10</runs>
            <runs>0 1 9 16 18 30 14 28 7 5 27</runs>
            <runs>0 2 9 14 18 32 14 26 8 13 17</runs>
            <runs>0 4 9 9 19 34 14 25 4 25 5</runs>
            <runs>0 6 12 1 20 37 14 23 4</runs>
            <runs>0 9 28 39 15 21 4</runs>
            <runs>0 12 25 40 15 19 4</runs>
            <runs>0 20 5 52 16 16 5</runs>
            <runs>0 77 18 12 6</runs>
            <runs>0 77 35</runs>
            <runs>0 77 34</runs>
            <runs>0 83 25</runs>
            <runs>0 86 20</runs>
            <runs>0 88 16</runs>
            <runs>0 93 9</runs>
        </run-table>
    </sample>
    <sample shape="G_CLEF" interline="22" pitch="0.3" left="455" top="2931" id="469">
        <run-table orientation="VERTICAL" width="58" height="165">
            <runs>0 89 3</runs>
            <runs>0 77 26</runs>
            <runs>0 76 27</runs>
            <runs>0 73 32</runs>
            <runs>0 71 37</runs>
            <runs>0 69 41</runs>
            <runs>0 67 45</runs>
            <runs>0 65 48</runs>
            <runs>0 64 50</runs>
            <runs>0 63 29 15 8 32 3</runs>
            <runs>0 61 28 21 7 28 10</runs>
            <runs>0 59 28 25 6 25 13</runs>
            <runs>0 55 29 30 5 22 17</runs>
            <runs>0 55 28 32 4 22 18</runs>
            <runs>0 55 27 34 8 16 19</runs>
            <runs>0 55 25 36 8 15 21</runs>
            <runs>0 54 26 37 7 15 22</runs>
            <runs>0 53 27 16 2 20 2 18 24</runs>
            <runs>0 52 28 10 13 16 1 18 24</runs>
            <runs>0 52 21 13 19 14 1 18 25</runs>
            <runs>0 51 21 12 23 31 25</runs>
            <runs>0 50 20 12 27 29 19 3 4</runs>
            <runs>0 49 20 12 29 28 19 3 4</runs>
            <runs>0 48 20 8 26 6 4 26 19 4 3</runs>
            <runs>0 47 20 10 19 13 5 25 18 4 3</runs>
            <runs>0 30 11 4 21 10 18 18 3 25 16 5 3</runs>
            <runs>0 23 42 11 17 48 14 6 4</runs>
            <runs>0 20 45 11 16 51 11 7 4</runs>
            <runs>0 17 49 9 16 53 8 9 4</runs>
            <runs>0 16 13 11 28 6 16 57 2 12 4</runs>
            <runs>0 13 13 15 49 71 4</runs>
            <runs>0 11 13 17 48 72 3</runs>
            <runs>0 10 12 18 19 5 26 71 3</runs>
            <runs>0 8 13 18 19 13 20 70 3</runs>
            <runs>0 7 12 15 24 14 23 65 4</runs>
            <runs>0 6 12 16 24 15 30 57 4</runs>
            <runs>0 5 12 17 24 15 33 54 3</runs>
            <runs>0 4 12 18 24 15 16 6 16 48 4</runs>
            <runs>0 3 12 19 19 20 15 9 27 34 4</runs>
            <runs>0 2 12 18 19 22 15 18 19 32 5</runs>
            <runs>0 1 12 18 20 22 15 23 18 27 5</runs>
            <runs>13 17 19 24 15 26 19 22 5</runs>
            <runs>12 16 20 25 15 28 23 14 6</runs>
            <runs>12 16 18 28 15 27 41</runs>
            <runs>0 1 11 14 19 29 15 27 8 8 23</runs>
            <runs>0 2 10 12 19 32 14 26 9 12 17</runs>
            <runs>0 4 10 8 19 35 14 24 5 24 7</runs>
            <runs>0 6 33 37 15 22 5</runs>
            <runs>0 10 28 38 16 20 5</runs>
            <runs>0 12 25 40 16 18 5</runs>
            <runs>0 16 12 49 17 15 7</runs>
            <runs>0 77 20 9 7</runs>
            <runs>0 77 35</runs>
            <runs>0 77 34</runs>
            <runs>0 84 26</runs>
            <runs>0 85 22</runs>
            <runs>0 87 18</runs>
            <runs>0 91 12</runs>
        </run-table>
    </sample>
    <sample shape="G_CLEF" interline="22" pitch="0.3" left="456" top="3222" id="473">
        <run-table orientation="VERTICAL" width="58" height="162">
            <runs>0 89 7</runs>
            <runs>0 76 25</runs>
            <runs>0 75 26</runs>
            <runs>0 72 33</runs>
            <runs>0 71 37</runs>
            <runs>0 69 40</runs>
            <runs>0 67 44</runs>
            <runs>0 65 47</runs>
            <runs>0 63 50</runs>
            <runs>0 62 29 14 10</runs>
            <runs>0 61 27 20 7 29 7</runs>
            <runs>0 55 29 25 7 25 12</runs>
            <runs>0 55 28 28 6 22 15</runs>
            <runs>0 55 26 31 10 16 18</runs>
            <runs>0 55 25 33 9 16 19</runs>
            <runs>0 55 24 35 9 14 21</runs>
            <runs>0 54 25 36 7 15 21</runs>
            <runs>0 53 26 37 3 18 22</runs>
            <runs>0 52 22 13 14 16 2 17 23</runs>
            <runs>0 51 21 13 18 14 2 17 24</runs>
            <runs>0 50 21 12 22 13 1 17 24</runs>
            <runs>0 49 20 12 26 11 1 17 25</runs>
            <runs>0 48 20 8 33 9 1 17 19 2 4</runs>
            <runs>0 48 19 9 28 1 6 7 1 18 17 3 5</runs>
            <runs>0 30 10 7 20 9 18 2 1 11 4 6 1 18 17 4 4</runs>
            <runs>0 24 42 10 17 3 1 12 4 5 1 19 16 4 4</runs>
            <runs>0 20 45 10 16 5 1 13 3 5 1 19 15 5 4</runs>
            <runs>0 18 47 10 15 5 2 21 1 20 14 6 3</runs>
            <runs>0 15 16 1 34 8 15 6 1 22 1 20 13 7 3</runs>
            <runs>0 13 14 15 27 5 14 53 10 7 4</runs>
            <runs>0 11 13 17 47 55 3 12 4</runs>
            <runs>0 9 13 18 48 70 4</runs>
            <runs>0 8 12 14 25 7 22 70 4</runs>
            <runs>0 7 12 15 24 13 17 70 4</runs>
            <runs>0 6 12 16 24 13 20 27 1 39 3</runs>
            <runs>0 5 12 17 24 14 29 17 1 38 4</runs>
            <runs>0 4 12 18 24 13 33 14 1 38 4</runs>
            <runs>0 2 13 18 20 18 16 6 16 9 1 38 3</runs>
            <runs>0 2 11 19 19 20 15 10 16 5 2 37 4</runs>
            <runs>0 1 11 20 18 21 15 17 20 32 4</runs>
            <runs>12 18 19 23 14 21 17 31 4</runs>
            <runs>11 18 19 24 14 26 15 1 1 25 4</runs>
            <runs>11 17 19 25 14 28 18 21 4</runs>
            <runs>11 15 20 27 14 28 24 11 6</runs>
            <runs>0 1 11 12 20 29 14 27 41</runs>
            <runs>0 3 12 6 21 32 14 25 10 6 24</runs>
            <runs>0 5 35 34 15 24 9 11 2 1 15</runs>
            <runs>0 8 30 37 14 22 6 23 1 3 1</runs>
            <runs>0 10 28 37 15 21 5</runs>
            <runs>0 15 17 44 15 18 6</runs>
            <runs>0 21 2 53 17 15 6</runs>
            <runs>0 76 18 13 5</runs>
            <runs>0 76 26 2 7</runs>
            <runs>0 75 35</runs>
            <runs>0 81 27</runs>
            <runs>0 83 23</runs>
            <runs>0 86 18</runs>
            <runs>0 88 14</runs>
        </run-table>
    </sample>
    <sample shape="F_CLEF" interline="22" pitch="-1.5" left="453" top="813" id="238">
        <run-table orientation="VERTICAL" width="61" height="79">
            <runs>0 76 3</runs>
            <runs>0 76 3</runs>
            <runs>0 75 4</runs>
            <runs>0 75 3</runs>
            <runs>0 14 11 50 3</runs>
            <runs>0 11 15 48 3</runs>
            <runs>0 10 17 46 4</runs>
            <runs>0 8 20 45 3</runs>
            <runs>0 7 21 44 3</runs>
            <runs>0 6 23 43 3</runs>
            <runs>29 42 3</runs>
            <runs>7 4 18 41 4</runs>
            <runs>0 4 2 5 18 36 8</runs>
            <runs>0 4 1 6 19 35 8</runs>
            <runs>0 11 19 35 7</runs>
            <runs>0 11 19 39 2</runs>
            <runs>0 12 18 39 1</runs>
            <runs>0 12 17 40 1</runs>
            <runs>0 13 16</runs>
            <runs>0 13 15</runs>
            <runs>0 14 13 36 2</runs>
            <runs>0 16 10 36 3</runs>
            <runs>0 18 7 35 8</runs>
            <runs>0 59 9</runs>
            <runs>0 58 10</runs>
            <runs>0 57 7</runs>
            <runs>0 56 7</runs>
            <runs>0 54 8</runs>
            <runs>0 53 8</runs>
            <runs>0 51 9</runs>
            <runs>0 49 10</runs>
            <runs>0 44 14</runs>
            <runs>7 36 15</runs>
            <runs>9 31 16</runs>
            <runs>12 22 2 2 17</runs>
            <runs>17 16 21</runs>
            <runs>0 1 52</runs>
            <runs>51</runs>
            <runs>50</runs>
            <runs>49</runs>
            <runs>47</runs>
            <runs>0 5 42</runs>
            <runs>0 6 40</runs>
            <runs>0 8 38</runs>
            <runs>0 9 31</runs>
            <runs>0 10 28</runs>
            <runs>0 12 22</runs>
            <runs>0 14 17</runs>
            <runs></runs>
            <runs></runs>
            <runs></runs>
            <runs>0 7 3</runs>
            <runs>11 25 1</runs>
            <runs>12 21 5</runs>
            <runs>13 19 7</runs>
            <runs>13 18 9</runs>
            <runs>13 18 9</runs>
            <runs>13 18 9</runs>
            <runs>7 2 3 19 8</runs>
            <runs>0 31 8</runs>
            <runs>0 32 6</runs>
        </run-table>
    </sample>
    <sample shape="F_CLEF" interline="22" pitch="-1.6" left="456" top="1431" id="297">
        <run-table orientation="VERTICAL" width="61" height="79">
            <runs>0 76 3</runs>
            <runs>0 75 4</runs>
            <runs>0 75 4</runs>
            <runs>0 19 2 53 4</runs>
            <runs>0 13 12 49 3</runs>
            <runs>0 10 15 49 3</runs>
            <runs>0 9 18 47 2</runs>
            <runs>0 8 19 46 3</runs>
            <runs>0 7 21 44 3</runs>
            <runs>0 6 23 43 3</runs>
            <runs>8 3 19 41 3</runs>
            <runs>7 4 19 40 3</runs>
            <runs>0 11 19 40 2</runs>
            <runs>0 11 19 39 3</runs>
            <runs>0 12 17 39 3</runs>
            <runs>0 12 17 39 3</runs>
            <runs>0 12 17 39 2</runs>
            <runs>0 12 16 40 1</runs>
            <runs>0 13 15</runs>
            <runs>0 13 14 36 1</runs>
            <runs>0 14 12 36 2</runs>
            <runs>0 16 9 36 7</runs>
            <runs>0 18 7 35 8</runs>
            <runs>0 60 8</runs>
            <runs>0 59 9</runs>
            <runs>0 57 6</runs>
            <runs>0 55 7</runs>
            <runs>0 54 8</runs>
            <runs>0 52 9</runs>
            <runs>0 50 10</runs>
            <runs>0 4 1 44 9</runs>
            <runs>0 4 2 37 14</runs>
            <runs>8 35 13</runs>
            <runs>9 31 15</runs>
            <runs>13 22 19</runs>
            <runs>26 6 21</runs>
            <runs>52</runs>
            <runs>50</runs>
            <runs>49</runs>
            <runs>48</runs>
            <runs>47</runs>
            <runs>0 5 41</runs>
            <runs>0 6 40</runs>
            <runs>0 7 35</runs>
            <runs>0 9 30</runs>
            <runs>0 10 26</runs>
            <runs>0 12 19</runs>
            <runs>0 15 14</runs>
            <runs></runs>
            <runs></runs>
            <runs></runs>
            <runs>0 5 5</runs>
            <runs>12 22 4</runs>
            <runs>13 18 8</runs>
            <runs>13 17 9</runs>
            <runs>13 17 10</runs>
            <runs>13 17 10</runs>
            <runs>12 18 10</runs>
            <runs>12 18 9</runs>
            <runs>0 7 4 20 8</runs>
            <runs>0 32 5</runs>
        </run-table>
    </sample>
    <sample shape="F_CLEF" interline="22" pitch="-1.6" left="456" top="2014" id="381">
        <run-table orientation="VERTICAL" width="60" height="81">
            <runs>0 77 4</runs>
            <runs>0 77 4</runs>
            <runs>0 77 3</runs>
            <runs>0 14 12 50 2</runs>
            <runs>0 11 16 49 2</runs>
            <runs>0 10 17 48 3</runs>
            <runs>0 9 20 46 2</runs>
            <runs>0 8 22 44 3</runs>
            <runs>0 6 5 1 18 43 3</runs>
            <runs>0 5 4 4 18 42 3</runs>
            <runs>0 1 7 5 18 41 3</runs>
            <runs>0 5 2 6 18 40 3</runs>
            <runs>0 5 1 7 18 35 7</runs>
            <runs>0 5 1 7 19 34 7</runs>
            <runs>0 13 19 38 2</runs>
            <runs>0 13 19 38 1</runs>
            <runs>0 14 18 38 1</runs>
            <runs>0 14 17</runs>
            <runs>0 15 16</runs>
            <runs>0 16 14 34 1</runs>
            <runs>0 18 10 35 2</runs>
            <runs>0 20 2 40 7</runs>
            <runs>0 61 8</runs>
            <runs>0 60 9</runs>
            <runs>0 58 11</runs>
            <runs>0 57 7</runs>
            <runs>0 55 8</runs>
            <runs>0 53 9</runs>
            <runs>0 5 1 45 10</runs>
            <runs>0 5 2 42 11</runs>
            <runs>0 1 7 36 15</runs>
            <runs>0 1 10 32 15</runs>
            <runs>0 1 12 27 17</runs>
            <runs>0 1 17 18 20</runs>
            <runs>0 1 27 1 26</runs>
            <runs>0 1 53</runs>
            <runs>52</runs>
            <runs>50</runs>
            <runs>0 1 48</runs>
            <runs>0 6 42</runs>
            <runs>0 7 40</runs>
            <runs>0 7 40</runs>
            <runs>0 9 38</runs>
            <runs>0 11 29</runs>
            <runs>0 12 26</runs>
            <runs>0 15 18</runs>
            <runs>0 18 11</runs>
            <runs></runs>
            <runs></runs>
            <runs>0 9 2</runs>
            <runs>0 5 8</runs>
            <runs>0 1 12 21 4</runs>
            <runs>0 1 13 18 8</runs>
            <runs>0 1 13 17 9</runs>
            <runs>0 1 13 17 9</runs>
            <runs>14 17 10</runs>
            <runs>13 18 10</runs>
            <runs>0 6 6 19 9</runs>
            <runs>0 32 8</runs>
            <runs>0 33 6</runs>
        </run-table>
    </sample>
    <sample shape="F_CLEF" interline="22" pitch="-1.6" left="456" top="2637" id="422">
        <run-table orientation="VERTICAL" width="61" height="79">
            <runs>0 76 3</runs>
            <runs>0 76 3</runs>
            <runs>0 75 4</runs>
            <runs>0 16 10 49 3</runs>
            <runs>0 14 13 48 3</runs>
            <runs>0 12 16 46 3</runs>
            <runs>0 10 18 45 4</runs>
            <runs>0 9 20 44 3</runs>
            <runs>0 8 22 42 4</runs>
            <runs>0 6 24 42 3</runs>
            <runs>0 6 3 4 17 41 3</runs>
            <runs>0 1 7 5 17 40 4</runs>
            <runs>0 5 2 6 18 38 4</runs>
            <runs>0 5 1 7 18 34 8</runs>
            <runs>0 13 18 34 7</runs>
            <runs>0 13 18 38 2</runs>
            <runs>0 13 17 39 1</runs>
            <runs>0 13 17</runs>
            <runs>0 14 15</runs>
            <runs>0 15 13 35 1</runs>
            <runs>0 16 11 36 1</runs>
            <runs>0 18 9 35 2</runs>
            <runs>0 61 7</runs>
            <runs>0 60 8</runs>
            <runs>0 58 10</runs>
            <runs>0 57 7</runs>
            <runs>0 56 7</runs>
            <runs>0 53 9</runs>
            <runs>0 51 10</runs>
            <runs>0 5 1 44 10</runs>
            <runs>0 5 2 37 15</runs>
            <runs>0 1 7 35 15</runs>
            <runs>0 1 9 32 15</runs>
            <runs>0 1 11 27 17</runs>
            <runs>0 1 13 19 21</runs>
            <runs>0 1 52</runs>
            <runs>0 1 51</runs>
            <runs>0 1 50</runs>
            <runs>0 1 48</runs>
            <runs>0 1 47</runs>
            <runs>0 6 41</runs>
            <runs>0 7 39</runs>
            <runs>0 8 38</runs>
            <runs>0 9 32</runs>
            <runs>0 11 29</runs>
            <runs>0 13 24</runs>
            <runs>0 15 18</runs>
            <runs>0 19 10</runs>
            <runs></runs>
            <runs></runs>
            <runs>0 8 3</runs>
            <runs>0 5 8</runs>
            <runs>0 1 13 20 5</runs>
            <runs>0 1 13 18 8</runs>
            <runs>14 17 10</runs>
            <runs>13 18 10</runs>
            <runs>13 18 9</runs>
            <runs>13 18 9</runs>
            <runs>0 6 7 18 8</runs>
            <runs>0 8 4 20 6</runs>
            <runs>0 33 4</runs>
        </run-table>
    </sample>
    <sample shape="F_CLEF" interline="22" pitch="-1.8" left="459" top="1431" id="296">
        <run-table orientation="VERTICAL" width="58" height="68">
            <runs>0 19 2</runs>
            <runs>0 13 12</runs>
            <runs>0 10 15</runs>
            <runs>0 9 18</runs>
            <runs>0 8 19</runs>
            <runs>0 7 21</runs>
            <runs>0 6 23</runs>
            <runs>8 3 19</runs>
            <runs>7 4 19</runs>
            <runs>0 11 19</runs>
            <runs>0 11 19</runs>
            <runs>0 12 17</runs>
            <runs>0 12 17</runs>
            <runs>0 12 17</runs>
            <runs>0 12 16</runs>
            <runs>0 13 15</runs>
            <runs>0 13 14 36 1</runs>
            <runs>0 14 12 36 2</runs>
            <runs>0 16 9 36 7</runs>
            <runs>0 18 7 35 8</runs>
            <runs>0 60 8</runs>
            <runs>0 59 9</runs>
            <runs>0 57 6</runs>
            <runs>0 55 7</runs>
            <runs>0 54 8</runs>
            <runs>0 52 9</runs>
            <runs>0 50 10</runs>
            <runs>0 4 1 44 9</runs>
            <runs>0 4 2 37 14</runs>
            <runs>8 35 13</runs>
            <runs>9 31 15</runs>
            <runs>13 22 19</runs>
            <runs>26 6 21</runs>
            <runs>52</runs>
            <runs>50</runs>
            <runs>49</runs>
            <runs>48</runs>
            <runs>47</runs>
            <runs>0 5 41</runs>
            <runs>0 6 40</runs>
            <runs>0 7 35</runs>
            <runs>0 9 30</runs>
            <runs>0 10 26</runs>
            <runs>0 12 19</runs>
            <runs>0 15 14</runs>
            <runs></runs>
            <runs></runs>
            <runs></runs>
            <runs>0 5 5</runs>
            <runs>12 22 4</runs>
            <runs>13 18 8</runs>
            <runs>13 17 9</runs>
            <runs>13 17 10</runs>
            <runs>13 17 10</runs>
            <runs>12 18 10</runs>
            <runs>12 18 9</runs>
            <runs>0 7 4 20 8</runs>
            <runs>0 32 5</runs>
        </run-table>
    </sample>
    <sample shape="F_CLEF" interline="22" pitch="-1.8" left="459" top="2014" id="388">
        <run-table orientation="VERTICAL" width="57" height="69">
            <runs>0 14 12</runs>
            <runs>0 11 16</runs>
            <runs>0 10 17</runs>
            <runs>0 9 20</runs>
            <runs>0 8 22</runs>
            <runs>0 6 5 1 18</runs>
            <runs>0 5 4 4 18</runs>
            <runs>0 1 7 5 18</runs>
            <runs>0 5 2 6 18</runs>
            <runs>0 5 1 7 18</runs>
            <runs>0 5 1 7 19</runs>
            <runs>0 13 19</runs>
            <runs>0 13 19</runs>
            <runs>0 14 18</runs>
            <runs>0 14 17</runs>
            <runs>0 15 16</runs>
            <runs>0 16 14 34 1</runs>
            <runs>0 18 10 35 2</runs>
            <runs>0 20 2 40 7</runs>
            <runs>0 61 8</runs>
            <runs>0 60 9</runs>
            <runs>0 58 11</runs>
            <runs>0 57 7</runs>
            <runs>0 55 8</runs>
            <runs>0 53 9</runs>
            <runs>0 5 1 45 10</runs>
            <runs>0 5 2 42 11</runs>
            <runs>0 1 7 36 15</runs>
            <runs>0 1 10 32 15</runs>
            <runs>0 1 12 27 17</runs>
            <runs>0 1 17 18 20</runs>
            <runs>0 1 27 1 26</runs>
            <runs>0 1 53</runs>
            <runs>52</runs>
            <runs>50</runs>
            <runs>0 1 48</runs>
            <runs>0 6 42</runs>
            <runs>0 7 40</runs>
            <runs>0 7 40</runs>
            <runs>0 9 38</runs>
            <runs>0 11 29</runs>
            <runs>0 12 26</runs>
            <runs>0 15 18</runs>
            <runs>0 18 11</runs>
            <runs></runs>
            <runs></runs>
            <runs>0 9 2</runs>
            <runs>0 5 8</runs>
            <runs>0 1 12 21 4</runs>
            <runs>0 1 13 18 8</runs>
            <runs>0 1 13 17 9</runs>
            <runs>0 1 13 17 9</runs>
            <runs>14 17 10</runs>
            <runs>13 18 10</runs>
            <runs>0 6 6 19 9</runs>
            <runs>0 32 8</runs>
            <runs>0 33 6</runs>
        </run-table>
    </sample>
    <sample shape="F_CLEF" interline="22" pitch="-1.7" left="459" top="2637" id="421">
        <run-table orientation="VERTICAL" width="58" height="68">
            <runs>0 16 10</runs>
            <runs>0 14 13</runs>
            <runs>0 12 16</runs>
            <runs>0 10 18</runs>
            <runs>0 9 20</runs>
            <runs>0 8 22</runs>
            <runs>0 6 24</runs>
            <runs>0 6 3 4 17</runs>
            <runs>0 1 7 5 17</runs>
            <runs>0 5 2 6 18</runs>
            <runs>0 5 1 7 18</runs>
            <runs>0 13 18</runs>
            <runs>0 13 18</runs>
            <runs>0 13 17</runs>
            <runs>0 13 17</runs>
            <runs>0 14 15</runs>
            <runs>0 15 13 35 1</runs>
            <runs>0 16 11 36 1</runs>
            <runs>0 18 9 35 2</runs>
            <runs>0 61 7</runs>
            <runs>0 60 8</runs>
            <runs>0 58 10</runs>
            <runs>0 57 7</runs>
            <runs>0 56 7</runs>
            <runs>0 53 9</runs>
            <runs>0 51 10</runs>
            <runs>0 5 1 44 10</runs>
            <runs>0 5 2 37 15</runs>
            <runs>0 1 7 35 15</runs>
            <runs>0 1 9 32 15</runs>
            <runs>0 1 11 27 17</runs>
            <runs>0 1 13 19 21</runs>
            <runs>0 1 52</runs>
            <runs>0 1 51</runs>
            <runs>0 1 50</runs>
            <runs>0 1 48</runs>
            <runs>0 1 47</runs>
            <runs>0 6 41</runs>
            <runs>0 7 39</runs>
            <runs>0 8 38</runs>
            <runs>0 9 32</runs>
            <runs>0 11 29</runs>
            <runs>0 13 24</runs>
            <runs>0 15 18</runs>
            <runs>0 19 10</runs>
            <runs></runs>
            <runs></runs>
            <runs>0 8 3</runs>
            <runs>0 5 8</runs>
            <runs>0 1 13 20 5</runs>
            <runs>0 1 13 18 8</runs>
            <runs>14 17 10</runs>
            <runs>13 18 10</runs>
            <runs>13 18 9</runs>
            <runs>13 18 9</runs>
            <runs>0 6 7 18 8</runs>
            <runs>0 8 4 20 6</runs>
            <runs>0 33 4</runs>
        </run-table>
    </sample>
    <sample shape="F_CLEF" interline="22" pitch="-1.8" left="457" top="813" id="261">
        <run-table orientation="VERTICAL" width="57" height="68">
            <runs>0 14 11</runs>
            <runs>0 11 15</runs>
            <runs>0 10 17</runs>
            <runs>0 8 20</runs>
            <runs>0 7 21</runs>
            <runs>0 6 23</runs>
            <runs>29</runs>
            <runs>7 4 18</runs>
            <runs>0 4 2 5 18</runs>
            <runs>0 4 1 6 19</runs>
            <runs>0 11 19</runs>
            <runs>0 11 19</runs>
            <runs>0 12 18</runs>
            <runs>0 12 17</runs>
            <runs>0 13 16</runs>
            <runs>0 13 15</runs>
            <runs>0 14 13 36 2</runs>
            <runs>0 16 10 36 3</runs>
            <runs>0 18 7 35 8</runs>
            <runs>0 59 9</runs>
            <runs>0 58 10</runs>
            <runs>0 57 7</runs>
            <runs>0 56 7</runs>
            <runs>0 54 8</runs>
            <runs>0 53 8</runs>
            <runs>0 51 9</runs>
            <runs>0 49 10</runs>
            <runs>0 44 14</runs>
            <runs>7 36 15</runs>
            <runs>9 31 16</runs>
            <runs>12 22 2 2 17</runs>
            <runs>17 16 21</runs>
            <runs>0 1 52</runs>
            <runs>51</runs>
            <runs>50</runs>
            <runs>49</runs>
            <runs>47</runs>
            <runs>0 5 42</runs>
            <runs>0 6 40</runs>
            <runs>0 8 38</runs>
            <runs>0 9 31</runs>
            <runs>0 10 28</runs>
            <runs>0 12 22</runs>
            <runs>0 14 17</runs>
            <runs></runs>
            <runs></runs>
            <runs></runs>
            <runs>0 7 3</runs>
            <runs>11 25 1</runs>
            <runs>12 21 5</runs>
            <runs>13 19 7</runs>
            <runs>13 18 9</runs>
            <runs>13 18 9</runs>
            <runs>13 18 9</runs>
            <runs>7 2 3 19 8</runs>
            <runs>0 31 8</runs>
            <runs>0 32 6</runs>
        </run-table>
    </sample>
    <sample shape="SHARP" interline="22" pitch="-4.0" left="530" top="490" id="273">
        <run-table orientation="VERTICAL" width="22" height="61">
            <runs>0 40 2 1 10</runs>
            <runs>0 18 9 13 13</runs>
            <runs>0 17 10 13 13</runs>
            <runs>0 17 10 12 15</runs>
            <runs>0 16 11 11 18 1 3</runs>
            <runs>0 6 55</runs>
            <runs>0 3 52 2 3</runs>
            <runs>0 3 23 11 10</runs>
            <runs>0 15 10 13 9</runs>
            <runs>0 15 9 14 8</runs>
            <runs>0 15 9 14 8</runs>
            <runs>0 15 9 13 9</runs>
            <runs>0 15 9 12 10</runs>
            <runs>0 14 10 12 9</runs>
            <runs>0 14 10 12 10 4 7</runs>
            <runs>0 5 52</runs>
            <runs>45</runs>
            <runs>28 1 15</runs>
            <runs>0 11 12 11 9</runs>
            <runs>0 12 10 12 9</runs>
            <runs>0 12 10 13 6</runs>
            <runs>0 12 9</runs>
        </run-table>
    </sample>
    <sample shape="SHARP" interline="22" pitch="-1.2" left="552" top="519" id="274">
        <run-table orientation="VERTICAL" width="23" height="61">
            <runs>0 41 7</runs>
            <runs>0 40 10</runs>
            <runs>0 18 8 13 11</runs>
            <runs>0 18 8 13 11</runs>
            <runs>0 17 10 12 11</runs>
            <runs>0 16 12 7 26</runs>
            <runs>0 9 3 1 48</runs>
            <runs>49 2 1 1 4 2 1</runs>
            <runs>0 15 10 12 11</runs>
            <runs>0 15 9 13 11</runs>
            <runs>0 15 9 13 7 1 2</runs>
            <runs>0 15 9 13 10</runs>
            <runs>0 15 9 13 9</runs>
            <runs>0 14 10 12 10</runs>
            <runs>0 14 10 12 10</runs>
            <runs>0 13 12 6 1 2 24</runs>
            <runs>0 5 53</runs>
            <runs>7 3 38 8 1</runs>
            <runs>0 12 12 10 12</runs>
            <runs>0 12 12 10 12</runs>
            <runs>0 12 12 10 11</runs>
            <runs>0 12 12 10 11</runs>
            <runs>0 12 12</runs>
        </run-table>
    </sample>
    <sample shape="SHARP" interline="22" pitch="-2.0" left="529" top="805" id="277">
        <run-table orientation="VERTICAL" width="22" height="64">
            <runs>0 43 11</runs>
            <runs>0 19 9 14 13</runs>
            <runs>0 19 9 14 13</runs>
            <runs>0 18 10 13 13</runs>
            <runs>0 18 10 12 15</runs>
            <runs>0 4 59</runs>
            <runs>0 4 60</runs>
            <runs>0 5 7 3 19 4 17</runs>
            <runs>0 16 11 12 11</runs>
            <runs>0 16 10 13 10</runs>
            <runs>0 16 10 13 10</runs>
            <runs>0 16 10 13 10</runs>
            <runs>0 15 11 12 10</runs>
            <runs>0 14 11 13 10</runs>
            <runs>0 13 13 11 11</runs>
            <runs>60</runs>
            <runs>48 3 9</runs>
            <runs>24 11 11</runs>
            <runs>0 8 15 13 10</runs>
            <runs>0 8 15 13 9</runs>
            <runs>0 8 15 13 8</runs>
            <runs>0 8 14</runs>
        </run-table>
    </sample>
    <sample shape="SHARP" interline="22" pitch="1.1" left="551" top="834" id="278">
        <run-table orientation="VERTICAL" width="22" height="69">
            <runs>0 44 10</runs>
            <runs>0 22 9 13 11</runs>
            <runs>0 22 9 13 11</runs>
            <runs>0 21 10 13 11</runs>
            <runs>0 21 11 10 27</runs>
            <runs>0 7 62</runs>
            <runs>0 7 29 1 32</runs>
            <runs>0 19 11 11 12</runs>
            <runs>0 20 9 13 10</runs>
            <runs>0 19 10 13 9</runs>
            <runs>0 19 9 13 10</runs>
            <runs>0 19 9 13 10</runs>
            <runs>0 18 10 12 10</runs>
            <runs>0 18 10 12 10</runs>
            <runs>0 16 12 9 15 3 3 1 3</runs>
            <runs>63</runs>
            <runs>0 1 62</runs>
            <runs>0 15 12 11 12</runs>
            <runs>0 16 10 12 11</runs>
            <runs>0 16 10 12 10</runs>
            <runs>0 15 10 13 10</runs>
            <runs>0 17 8 14 1 2 2</runs>
        </run-table>
    </sample>
    <sample shape="SHARP" interline="22" pitch="-4.3" left="529" top="1126" id="342">
        <run-table orientation="VERTICAL" width="22" height="62">
            <runs>0 42 9</runs>
            <runs>0 19 9 13 10</runs>
            <runs>0 18 10 13 10</runs>
            <runs>0 18 10 12 11</runs>
            <runs>0 17 12 11 16</runs>
            <runs>0 4 58</runs>
            <runs>0 4 58</runs>
            <runs>0 5 5 6 11 11 11</runs>
            <runs>0 16 10 12 11</runs>
            <runs>0 16 10 12 10</runs>
            <runs>0 16 10 12 9</runs>
            <runs>0 15 10 13 9</runs>
            <runs>0 15 10 13 9</runs>
            <runs>0 15 10 13 8</runs>
            <runs>0 14 11 12 10</runs>
            <runs>0 1 50</runs>
            <runs>46 4 1</runs>
            <runs>0 12 12 8 13</runs>
            <runs>0 13 10 9 13</runs>
            <runs>0 13 9 10 12</runs>
            <runs>0 13 9 13 3 1 4</runs>
            <runs>0 14 7</runs>
        </run-table>
    </sample>
    <sample shape="SHARP" interline="22" pitch="-0.9" left="551" top="1157" id="346">
        <run-table orientation="VERTICAL" width="22" height="68">
            <runs>0 43 10</runs>
            <runs>0 21 10 13 10</runs>
            <runs>0 21 9 13 11</runs>
            <runs>0 21 9 13 11</runs>
            <runs>0 20 11 2 1 4 30</runs>
            <runs>0 7 8 1 52</runs>
            <runs>0 7 5 2 2 1 51</runs>
            <runs>0 19 10 12 11</runs>
            <runs>0 19 10 12 10</runs>
            <runs>0 19 9 13 10</runs>
            <runs>0 18 10 12 10</runs>
            <runs>0 18 10 12 10</runs>
            <runs>0 18 9 13 10</runs>
            <runs>0 18 9 13 9</runs>
            <runs>0 17 11 11 11 3 6 2 1</runs>
            <runs>0 1 61</runs>
            <runs>8 1 52</runs>
            <runs>0 15 10 13 11</runs>
            <runs>0 15 10 13 10</runs>
            <runs>0 15 10 13 9</runs>
            <runs>0 15 10 13 9</runs>
            <runs>0 40 3</runs>
        </run-table>
    </sample>
    <sample shape="SHARP" interline="22" pitch="-2.2" left="530" top="1422" id="354">
        <run-table orientation="VERTICAL" width="22" height="63">
            <runs>0 20 7 14 14</runs>
            <runs>0 19 9 13 14</runs>
            <runs>0 18 10 13 14</runs>
            <runs>0 18 10 12 15</runs>
            <runs>0 5 8 2 20 3 20 2 2</runs>
            <runs>0 3 60</runs>
            <runs>0 3 53 4 2</runs>
            <runs>0 3 24 11 12</runs>
            <runs>0 16 10 12 11</runs>
            <runs>0 16 10 12 10</runs>
            <runs>0 15 11 12 10</runs>
            <runs>0 15 11 11 10</runs>
            <runs>0 15 11 11 10</runs>
            <runs>0 14 11 12 10</runs>
            <runs>0 7 19 4 29</runs>
            <runs>60</runs>
            <runs>47</runs>
            <runs>0 1 23 6 16</runs>
            <runs>0 9 14 12 10</runs>
            <runs>0 9 14 12 9</runs>
            <runs>0 9 14 12 6</runs>
            <runs>0 10 12</runs>
        </run-table>
    </sample>
    <sample shape="SHARP" interline="22" pitch="1.0" left="552" top="1452" id="355">
        <run-table orientation="VERTICAL" width="22" height="69">
            <runs>0 22 8 14 9</runs>
            <runs>0 21 9 13 11</runs>
            <runs>0 21 9 13 11</runs>
            <runs>0 20 11 11 12</runs>
            <runs>0 7 3 9 50</runs>
            <runs>0 6 63</runs>
            <runs>0 6 63</runs>
            <runs>0 18 11 11 12</runs>
            <runs>0 18 10 13 10</runs>
            <runs>0 18 10 12 11</runs>
            <runs>0 18 9 13 10</runs>
            <runs>0 18 9 13 10</runs>
            <runs>0 17 10 13 10</runs>
            <runs>0 17 10 12 10</runs>
            <runs>7 4 1 2 14 10 12 7 1 2 2</runs>
            <runs>63</runs>
            <runs>61</runs>
            <runs>0 14 12 11 11</runs>
            <runs>0 15 10 13 10</runs>
            <runs>0 14 11 12 10</runs>
            <runs>0 15 10 12 10</runs>
            <runs>0 18 7 13 1</runs>
        </run-table>
    </sample>
    <sample shape="SHARP" interline="22" pitch="-4.2" left="530" top="1708" id="394">
        <run-table orientation="VERTICAL" width="23" height="61">
            <runs>0 41 9</runs>
            <runs>0 18 9 14 10</runs>
            <runs>0 18 10 12 11</runs>
            <runs>0 17 11 11 16</runs>
            <runs>0 17 11 8 20</runs>
            <runs>0 7 2 1 51</runs>
            <runs>0 3 53 4 1</runs>
            <runs>0 3 24 10 12</runs>
            <runs>0 3 6 6 11 11 11</runs>
            <runs>0 16 10 12 9</runs>
            <runs>0 15 11 11 10</runs>
            <runs>0 15 11 11 10</runs>
            <runs>0 15 11 10 11</runs>
            <runs>0 15 11 10 11</runs>
            <runs>0 14 12 5 17</runs>
            <runs>0 1 2 1 55</runs>
            <runs>56</runs>
            <runs>45</runs>
            <runs>0 11 12 8 14</runs>
            <runs>0 12 11 8 13</runs>
            <runs>0 12 10 9 13</runs>
            <runs>0 12 10 12 3 3 3</runs>
            <runs>0 13 1</runs>
        </run-table>
    </sample>
    <sample shape="SHARP" interline="22" pitch="-1.0" left="553" top="1739" id="395">
        <run-table orientation="VERTICAL" width="23" height="67">
            <runs>0 42 10</runs>
            <runs>0 21 8 13 10</runs>
            <runs>0 20 10 12 10</runs>
            <runs>0 20 9 13 10</runs>
            <runs>0 19 11 11 12 7 7</runs>
            <runs>0 18 49</runs>
            <runs>0 5 62</runs>
            <runs>0 5 29 5 13</runs>
            <runs>0 17 11 12 10</runs>
            <runs>0 17 10 13 10</runs>
            <runs>0 17 10 12 11</runs>
            <runs>0 17 10 12 10</runs>
            <runs>0 17 9 13 10</runs>
            <runs>0 17 9 13 9</runs>
            <runs>0 16 10 12 11</runs>
            <runs>0 15 12 3 3 2 26</runs>
            <runs>61</runs>
            <runs>28 2 19</runs>
            <runs>0 14 11 11 11</runs>
            <runs>0 14 10 12 11</runs>
            <runs>0 14 10 12 11</runs>
            <runs>0 14 10 12 10</runs>
            <runs>0 17 7</runs>
        </run-table>
    </sample>
    <sample shape="SHARP" interline="22" pitch="-4.0" left="529" top="2314" id="459">
        <run-table orientation="VERTICAL" width="22" height="62">
            <runs>0 20 1 2 4 15 11</runs>
            <runs>0 19 8 14 12</runs>
            <runs>0 18 9 14 12</runs>
            <runs>0 17 15 8 13</runs>
            <runs>0 4 29 3 25</runs>
            <runs>0 3 59</runs>
            <runs>0 3 30 2 21 1 1 1 3</runs>
            <runs>0 14 12 12 16</runs>
            <runs>0 16 10 12 11</runs>
            <runs>0 16 10 12 10</runs>
            <runs>0 15 10 13 9</runs>
            <runs>0 15 10 13 9</runs>
            <runs>0 15 9 14 9</runs>
            <runs>0 14 10 13 10</runs>
            <runs>0 1 4 9 10 12 12 9 2</runs>
            <runs>59</runs>
            <runs>47</runs>
            <runs>0 10 14 10 11</runs>
            <runs>0 12 10 13 9</runs>
            <runs>0 12 10 13 9</runs>
            <runs>0 12 10 13 6</runs>
            <runs>0 12 7</runs>
        </run-table>
    </sample>
    <sample shape="SHARP" interline="22" pitch="-0.8" left="550" top="2343" id="460">
        <run-table orientation="VERTICAL" width="23" height="68">
            <runs>0 46 2</runs>
            <runs>0 43 10</runs>
            <runs>0 21 10 12 11</runs>
            <runs>0 21 10 12 11</runs>
            <runs>0 21 10 12 11</runs>
            <runs>0 20 15 2 18 5 8</runs>
            <runs>0 7 60</runs>
            <runs>0 7 60</runs>
            <runs>0 17 12 12 11</runs>
            <runs>0 19 9 14 9</runs>
            <runs>0 19 9 13 10</runs>
            <runs>0 19 9 13 9</runs>
            <runs>0 18 9 14 9</runs>
            <runs>0 18 9 13 10</runs>
            <runs>0 17 10 13 10</runs>
            <runs>0 17 10 12 11 8 2</runs>
            <runs>62</runs>
            <runs>61</runs>
            <runs>0 14 11 12 12</runs>
            <runs>0 15 10 13 10</runs>
            <runs>0 15 10 13 10</runs>
            <runs>0 15 10 13 10</runs>
            <runs>0 16 2 22 7</runs>
        </run-table>
    </sample>
    <sample shape="SHARP" interline="22" pitch="-2.3" left="530" top="2628" id="463">
        <run-table orientation="VERTICAL" width="23" height="61">
            <runs>0 26 1 15 9</runs>
            <runs>0 19 9 13 10</runs>
            <runs>0 18 10 13 10</runs>
            <runs>0 18 10 12 16</runs>
            <runs>0 7 8 2 12 1 7 2 19 1 1</runs>
            <runs>0 4 57</runs>
            <runs>0 3 58</runs>
            <runs>0 4 23 10 12</runs>
            <runs>0 16 10 12 10</runs>
            <runs>0 16 10 12 10</runs>
            <runs>0 15 10 13 10</runs>
            <runs>0 15 10 13 9</runs>
            <runs>0 14 11 12 10</runs>
            <runs>0 10 15 11 11</runs>
            <runs>0 9 15 11 12 9 2</runs>
            <runs>59</runs>
            <runs>46</runs>
            <runs>0 1 6 1 17 5 16</runs>
            <runs>0 10 13 8 14</runs>
            <runs>0 10 13 8 14</runs>
            <runs>0 10 13 12 9</runs>
            <runs>0 10 13 19 2</runs>
            <runs>0 18 4</runs>
        </run-table>
    </sample>
    <sample shape="SHARP" interline="22" pitch="1.0" left="550" top="2659" id="464">
        <run-table orientation="VERTICAL" width="22" height="67">
            <runs>0 21 8 14 7</runs>
            <runs>0 21 8 14 9</runs>
            <runs>0 20 9 13 10</runs>
            <runs>0 20 9 13 10</runs>
            <runs>0 7 1 11 11 5 19 5 3</runs>
            <runs>0 5 62</runs>
            <runs>0 6 23 2 36</runs>
            <runs>0 17 11 11 13 9 2</runs>
            <runs>0 18 9 13 10</runs>
            <runs>0 18 9 13 9</runs>
            <runs>0 17 10 12 10</runs>
            <runs>0 17 11 11 10</runs>
            <runs>0 17 11 10 11</runs>
            <runs>0 16 12 9 12</runs>
            <runs>0 3 3 8 14 8 14 6 4</runs>
            <runs>61</runs>
            <runs>60</runs>
            <runs>0 13 12 11 15</runs>
            <runs>0 14 10 13 10</runs>
            <runs>0 14 10 13 10</runs>
            <runs>0 14 10 12 10</runs>
            <runs>0 37 9</runs>
        </run-table>
    </sample>
    <sample shape="SHARP" interline="22" pitch="-4.1" left="531" top="2935" id="477">
        <run-table orientation="VERTICAL" width="23" height="62">
            <runs>0 24 3 14 14</runs>
            <runs>0 18 10 12 15</runs>
            <runs>0 18 10 12 14</runs>
            <runs>0 17 11 12 14</runs>
            <runs>0 4 30 3 18</runs>
            <runs>0 3 59</runs>
            <runs>0 3 59</runs>
            <runs>0 9 3 2 41 4 2</runs>
            <runs>0 15 12 10 13</runs>
            <runs>0 16 11 10 12</runs>
            <runs>0 15 11 11 11</runs>
            <runs>0 15 11 11 11</runs>
            <runs>0 14 12 11 11</runs>
            <runs>0 14 11 12 10</runs>
            <runs>10 1 14 10 13</runs>
            <runs>55</runs>
            <runs>55</runs>
            <runs>0 1 24 4 17</runs>
            <runs>0 11 12 11 11</runs>
            <runs>0 11 12 11 11</runs>
            <runs>0 11 12 7 14</runs>
            <runs>0 12 11 12 2 3 3</runs>
            <runs>0 18 4</runs>
        </run-table>
    </sample>
    <sample shape="SHARP" interline="22" pitch="-1.1" left="553" top="2965" id="479">
        <run-table orientation="VERTICAL" width="23" height="68">
            <runs>0 46 3</runs>
            <runs>0 21 9 13 10</runs>
            <runs>0 20 10 13 11</runs>
            <runs>0 20 10 12 11</runs>
            <runs>0 20 10 12 12</runs>
            <runs>0 5 50 6 1</runs>
            <runs>0 5 63</runs>
            <runs>0 9 1 7 12 2 37</runs>
            <runs>0 18 10 11 12 11 2</runs>
            <runs>0 18 10 12 11</runs>
            <runs>0 17 10 13 10</runs>
            <runs>0 17 10 13 10</runs>
            <runs>0 17 9 13 11</runs>
            <runs>0 16 10 13 10</runs>
            <runs>8 6 13 11 11</runs>
            <runs>50 5 6</runs>
            <runs>62</runs>
            <runs>0 12 49</runs>
            <runs>0 14 10 13 11</runs>
            <runs>0 14 10 13 10</runs>
            <runs>0 14 10 13 10</runs>
            <runs>0 16 8 13 9</runs>
            <runs>0 41 2</runs>
        </run-table>
    </sample>
    <sample shape="SHARP" interline="22" pitch="-4.2" left="534" top="3225" id="484">
        <run-table orientation="VERTICAL" width="23" height="61">
            <runs>0 18 6 1 4 12 14</runs>
            <runs>0 17 11 12 15</runs>
            <runs>0 17 11 12 15</runs>
            <runs>0 17 12 10 16</runs>
            <runs>0 5 9 2 45</runs>
            <runs>0 3 58</runs>
            <runs>0 2 59</runs>
            <runs>0 3 32 1 12</runs>
            <runs>0 15 12 10 10</runs>
            <runs>0 15 11 11 10</runs>
            <runs>0 15 11 11 10</runs>
            <runs>0 15 10 12 10</runs>
            <runs>0 14 11 11 11</runs>
            <runs>0 13 12 6 16 8 2</runs>
            <runs>0 1 3 4 19 3 29</runs>
            <runs>59</runs>
            <runs>46 4 8</runs>
            <runs>26 3 16</runs>
            <runs>0 11 12 8 14</runs>
            <runs>0 12 11 8 13</runs>
            <runs>0 12 11 8 13</runs>
            <runs>0 12 10 12 2</runs>
            <runs>0 34 1</runs>
        </run-table>
    </sample>
    <sample shape="SHARP" interline="22" pitch="-1.2" left="556" top="3255" id="485">
        <run-table orientation="VERTICAL" width="23" height="68">
            <runs>0 42 9</runs>
            <runs>0 21 8 13 10</runs>
            <runs>0 20 9 13 10</runs>
            <runs>0 19 11 11 11</runs>
            <runs>0 18 12 11 11</runs>
            <runs>68</runs>
            <runs>68</runs>
            <runs>68</runs>
            <runs>28 8 15</runs>
            <runs>0 16 12 10 12</runs>
            <runs>0 17 10 12 10</runs>
            <runs>0 16 11 11 11</runs>
            <runs>0 16 10 12 10</runs>
            <runs>0 16 10 12 10</runs>
            <runs>0 15 11 11 12</runs>
            <runs>27 5 19 5 4</runs>
            <runs>60</runs>
            <runs>60</runs>
            <runs>0 4 2 7 12 10 13</runs>
            <runs>0 4 1 8 11 12 11</runs>
            <runs>0 13 11 12 10</runs>
            <runs>0 14 10 12 10</runs>
            <runs>0 14 10 15 7</runs>
        </run-table>
    </sample>
    <sample shape="SHARP" interline="22" pitch="-4.3" left="529" top="1126" id="351">
        <run-table orientation="VERTICAL" width="22" height="62">
            <runs>0 42 9</runs>
            <runs>0 19 9 13 10</runs>
            <runs>0 18 10 13 10</runs>
            <runs>0 18 10 12 11</runs>
            <runs>0 17 12 11 16</runs>
            <runs>0 4 58</runs>
            <runs>0 4 58</runs>
            <runs>0 5 5 6 11 11 11</runs>
            <runs>0 16 10 12 11</runs>
            <runs>0 16 10 12 10</runs>
            <runs>0 16 10 12 9</runs>
            <runs>0 15 10 13 9</runs>
            <runs>0 15 10 13 9</runs>
            <runs>0 15 10 13 8</runs>
            <runs>0 14 11 12 10 9 1</runs>
            <runs>0 1 50 5 3</runs>
            <runs>46 4 1 5 1</runs>
            <runs>0 12 12 8 13</runs>
            <runs>0 13 10 9 13</runs>
            <runs>0 13 9 10 12</runs>
            <runs>0 13 9 13 3 1 4</runs>
            <runs>0 14 7</runs>
        </run-table>
    </sample>
    <sample shape="SHARP" interline="22" pitch="-4.1" left="531" top="2935" id="480">
        <run-table orientation="VERTICAL" width="23" height="62">
            <runs>0 24 3 14 14</runs>
            <runs>0 18 10 12 15</runs>
            <runs>0 18 10 12 14</runs>
            <runs>0 17 11 12 14</runs>
            <runs>0 4 30 3 18</runs>
            <runs>0 3 59</runs>
            <runs>0 3 59</runs>
            <runs>0 9 3 2 41 4 2</runs>
            <runs>0 15 12 10 13</runs>
            <runs>0 16 11 10 12</runs>
            <runs>0 15 11 11 11</runs>
            <runs>0 15 11 11 11</runs>
            <runs>0 14 12 11 11</runs>
            <runs>0 14 11 12 10</runs>
            <runs>10 1 14 10 13</runs>
            <runs>55 1 3</runs>
            <runs>55 1 3</runs>
            <runs>0 1 24 4 17</runs>
            <runs>0 11 12 11 11</runs>
            <runs>0 11 12 11 11</runs>
            <runs>0 11 12 7 14</runs>
            <runs>0 12 11 12 2 3 3</runs>
            <runs>0 18 4</runs>
        </run-table>
    </sample>
</samples>
