<?xml version="1.0" encoding="UTF-8" standalone="yes"?>
<samples sheet-name="IMSLP00008#8">
    <sample shape="F_CLEF" interline="22" pitch="-1.5" left="187" top="2638" id="463">
        <run-table orientation="VERTICAL" width="58" height="69">
            <runs>0 17 3</runs>
            <runs>0 13 13</runs>
            <runs>0 10 16</runs>
            <runs>0 8 6 2 11</runs>
            <runs>0 7 4 9 8 34 7</runs>
            <runs>0 6 4 9 10 33 7</runs>
            <runs>0 2 7 9 12 32 7</runs>
            <runs>0 5 3 10 12 31 8</runs>
            <runs>0 5 2 10 13 31 4</runs>
            <runs>0 5 1 11 13 30 5</runs>
            <runs>0 16 15 29 4</runs>
            <runs>0 16 15 29 4</runs>
            <runs>0 17 13 29 4</runs>
            <runs>0 17 13 28 5</runs>
            <runs>0 17 13 28 4</runs>
            <runs>0 18 11 27 6</runs>
            <runs>0 18 11 27 5</runs>
            <runs>0 19 9 27 6</runs>
            <runs>0 55 5</runs>
            <runs>0 54 6</runs>
            <runs>0 53 6</runs>
            <runs>0 51 8</runs>
            <runs>0 50 8</runs>
            <runs>0 49 9</runs>
            <runs>0 44 13</runs>
            <runs>0 44 12</runs>
            <runs>0 44 11</runs>
            <runs>7 37 9</runs>
            <runs>0 1 7 35 11</runs>
            <runs>9 30 14</runs>
            <runs>10 28 14</runs>
            <runs>12 24 15</runs>
            <runs>14 21 15</runs>
            <runs>17 10 1 1 20</runs>
            <runs>0 1 47</runs>
            <runs>0 1 47</runs>
            <runs>0 1 46</runs>
            <runs>47</runs>
            <runs>0 8 39</runs>
            <runs>0 8 39</runs>
            <runs>0 10 32</runs>
            <runs>0 11 29</runs>
            <runs>0 12 26</runs>
            <runs>0 13 23</runs>
            <runs>0 16 18</runs>
            <runs>0 21 11</runs>
            <runs></runs>
            <runs></runs>
            <runs>0 10 5 16 1</runs>
            <runs>0 9 8 14 4</runs>
            <runs>0 10 8 12 8</runs>
            <runs>0 10 9 11 9</runs>
            <runs>0 10 8 12 9</runs>
            <runs>0 10 8 12 9</runs>
            <runs>0 11 7 12 9</runs>
            <runs>0 11 7 12 8</runs>
            <runs>0 13 4 14 7</runs>
            <runs>0 32 5</runs>
        </run-table>
    </sample>
</samples>
