<?xml version="1.0" encoding="UTF-8" standalone="yes"?>
<samples sheet-name="IMSLP00668#25">
    <sample shape="G_CLEF" interline="16" pitch="0.2" left="277" top="2822" id="666">
        <run-table orientation="VERTICAL" width="43" height="124">
            <runs>0 68 2</runs>
            <runs>0 67 5</runs>
            <runs>0 60 19</runs>
            <runs>0 56 24</runs>
            <runs>0 55 26 32 3</runs>
            <runs>0 52 31 26 9</runs>
            <runs>0 50 20 11 4 20 15</runs>
            <runs>0 48 19 16 3 18 17</runs>
            <runs>0 44 21 20 3 15 19</runs>
            <runs>0 43 21 21 4 14 19</runs>
            <runs>0 44 19 23 3 14 20</runs>
            <runs>0 43 20 24 3 12 21</runs>
            <runs>0 42 16 11 4 15 7 7 22</runs>
            <runs>0 41 16 10 12 23 22</runs>
            <runs>0 40 16 9 16 21 16 2 4</runs>
            <runs>0 39 16 5 23 20 15 2 4</runs>
            <runs>0 38 16 6 13 8 4 17 16 2 4</runs>
            <runs>0 38 15 7 10 12 3 18 14 4 3</runs>
            <runs>0 20 13 3 16 7 10 15 2 18 12 5 3</runs>
            <runs>0 16 36 6 11 37 9 6 3</runs>
            <runs>0 14 12 2 40 40 4 9 3</runs>
            <runs>0 12 12 9 34 53 4</runs>
            <runs>0 10 10 13 15 7 12 53 4</runs>
            <runs>0 9 10 9 20 8 12 52 3</runs>
            <runs>0 7 10 11 19 9 11 52 3</runs>
            <runs>0 6 9 13 19 9 10 10 9 33 3</runs>
            <runs>0 5 10 13 15 13 10 9 10 32 3</runs>
            <runs>0 4 10 13 15 14 9 19 11 20 4</runs>
            <runs>0 2 11 13 15 15 9 20 10 18 5</runs>
            <runs>0 1 11 13 15 16 9 23 11 14 4</runs>
            <runs>11 13 15 17 10 23 20 4 3</runs>
            <runs>11 11 16 18 10 23 20</runs>
            <runs>10 11 15 20 11 21 7</runs>
            <runs>10 10 15 22 11 20 7</runs>
            <runs>0 1 9 7 16 24 12 18 3</runs>
            <runs>0 2 29 26 13 14 1 1 4</runs>
            <runs>0 4 21 33 15 10 7</runs>
            <runs>0 13 6 39 30</runs>
            <runs>0 60 27</runs>
            <runs>0 60 23 1 2</runs>
            <runs>0 60 22</runs>
            <runs>0 60 20</runs>
            <runs>0 68 11</runs>
        </run-table>
    </sample>
    <sample shape="TIME_TWO" interline="16" pitch="-2.0" left="426" top="485" id="458">
        <run-table orientation="VERTICAL" width="27" height="28">
            <runs>0 3 6 17 2</runs>
            <runs>0 1 9 13 5</runs>
            <runs>10 13 4</runs>
            <runs>11 12 3</runs>
            <runs>12 11 3</runs>
            <runs>12 10 5</runs>
            <runs>0 1 11 10 5</runs>
            <runs>0 1 11 9 6</runs>
            <runs>0 3 7 11 6</runs>
            <runs>0 4 4 13 7</runs>
            <runs>0 21 7</runs>
            <runs>0 21 7</runs>
            <runs>0 9 2 1 1 8 7</runs>
            <runs>0 7 11 3 7</runs>
            <runs>18 3 7</runs>
            <runs>18 3 7</runs>
            <runs>18 4 6</runs>
            <runs>18 4 6</runs>
            <runs>17 6 5</runs>
            <runs>17 6 5</runs>
            <runs>0 2 15 6 5</runs>
            <runs>0 3 14 6 5</runs>
            <runs>0 5 12 6 5</runs>
            <runs>0 23 5</runs>
            <runs>0 22 5</runs>
            <runs>0 21 5</runs>
            <runs>0 21 3</runs>
        </run-table>
    </sample>
    <sample shape="TIME_TWO" interline="16" pitch="-2.0" left="425" top="665" id="475">
        <run-table orientation="VERTICAL" width="27" height="28">
            <runs>0 26 2</runs>
            <runs>0 6 2 16 4</runs>
            <runs>0 4 7 11 6</runs>
            <runs>0 1 10 8 8</runs>
            <runs>0 1 11 8 1 1 5</runs>
            <runs>0 1 12 9 4</runs>
            <runs>0 1 12 8 6</runs>
            <runs>0 1 12 8 6</runs>
            <runs>0 2 11 7 7</runs>
            <runs>0 2 10 8 8</runs>
            <runs>0 4 7 9 8</runs>
            <runs>0 6 1 6 15</runs>
            <runs>0 12 16</runs>
            <runs>0 11 17</runs>
            <runs>0 10 18</runs>
            <runs>28</runs>
            <runs>19 1 8</runs>
            <runs>19 1 8</runs>
            <runs>18 3 7</runs>
            <runs>18 4 6</runs>
            <runs>18 4 6</runs>
            <runs>18 5 5</runs>
            <runs>0 2 15 6 5</runs>
            <runs>0 3 14 6 5</runs>
            <runs>0 7 2 12 6</runs>
            <runs>0 21 5</runs>
            <runs>0 20 5</runs>
        </run-table>
    </sample>
    <sample shape="TIME_FOUR" interline="16" pitch="2.0" left="426" top="518" id="467">
        <run-table orientation="VERTICAL" width="27" height="28">
            <runs>0 21 3</runs>
            <runs>0 19 4</runs>
            <runs>0 18 5</runs>
            <runs>0 18 5</runs>
            <runs>0 17 3 1 2</runs>
            <runs>0 16 3 2 2</runs>
            <runs>0 11 7 3 2</runs>
            <runs>0 21 2</runs>
            <runs>0 21 2</runs>
            <runs>0 8 8 5 2</runs>
            <runs>0 4 11 6 2</runs>
            <runs>0 2 13 6 2</runs>
            <runs>0 1 14 5 3</runs>
            <runs>17 2 9</runs>
            <runs>28</runs>
            <runs>28</runs>
            <runs>9 1 18</runs>
            <runs>8 2 18</runs>
            <runs>6 3 19</runs>
            <runs>5 2 21</runs>
            <runs>0 1 2 2 23</runs>
            <runs>0 3 25</runs>
            <runs>0 3 25</runs>
            <runs>0 20 8</runs>
            <runs>0 20 3</runs>
            <runs>0 20 3</runs>
            <runs>0 21 2</runs>
        </run-table>
    </sample>
    <sample shape="TIME_FOUR" interline="16" pitch="2.1" left="425" top="697" id="480">
        <run-table orientation="VERTICAL" width="28" height="28">
            <runs>2 23 1</runs>
            <runs>2 21 4</runs>
            <runs>0 22 5</runs>
            <runs>0 21 5</runs>
            <runs>0 19 7</runs>
            <runs>0 18 8</runs>
            <runs>0 13 8 2 3</runs>
            <runs>0 23 3</runs>
            <runs>0 23 2</runs>
            <runs>0 8 10 5 2</runs>
            <runs>0 4 13 6 3</runs>
            <runs>1 1 15 6 2</runs>
            <runs>1 1 15 6 2</runs>
            <runs>1 1 14 7 3</runs>
            <runs>19 2 7</runs>
            <runs>11 1 16</runs>
            <runs>11 1 16</runs>
            <runs>10 1 17</runs>
            <runs>8 1 19</runs>
            <runs>7 1 20</runs>
            <runs>1 1 3 1 22</runs>
            <runs>1 3 24</runs>
            <runs>1 4 23</runs>
            <runs>0 13 15</runs>
            <runs>0 22 6</runs>
            <runs>0 22 3</runs>
            <runs>0 22 3</runs>
            <runs>0 22 3</runs>
        </run-table>
    </sample>
    <sample shape="TIME_TWO_FOUR" interline="16" pitch="-0.1" left="426" top="485" id="450">
        <run-table orientation="VERTICAL" width="27" height="61">
            <runs>0 3 6 17 7 21 3</runs>
            <runs>0 1 9 13 5 24 4</runs>
            <runs>10 13 4 24 5</runs>
            <runs>11 12 3 25 5</runs>
            <runs>12 8 1 2 3 24 3 1 2</runs>
            <runs>12 10 5 22 3 2 2</runs>
            <runs>0 1 11 10 5 17 7 3 2</runs>
            <runs>0 1 11 9 6 27 2</runs>
            <runs>0 3 7 11 6 27 2</runs>
            <runs>0 4 4 13 7 13 8 5 2</runs>
            <runs>0 21 7 9 11 6 2</runs>
            <runs>0 21 12 2 13 6 2</runs>
            <runs>0 9 2 1 1 8 12 1 14 5 3</runs>
            <runs>0 7 11 3 29 2 9</runs>
            <runs>18 3 40</runs>
            <runs>18 3 40</runs>
            <runs>18 4 20 1 18</runs>
            <runs>18 4 19 2 18</runs>
            <runs>17 6 16 3 19</runs>
            <runs>17 6 15 2 21</runs>
            <runs>0 2 15 6 10 1 2 2 23</runs>
            <runs>0 3 14 6 10 3 25</runs>
            <runs>0 5 12 6 10 3 25</runs>
            <runs>0 23 5 25 8</runs>
            <runs>0 22 5 26 3</runs>
            <runs>0 21 5 27 3</runs>
            <runs>0 21 3 30 2</runs>
        </run-table>
    </sample>
    <sample shape="TIME_TWO_FOUR" interline="16" pitch="-0.2" left="425" top="665" id="471">
        <run-table orientation="VERTICAL" width="28" height="60">
            <runs>0 26 8 23 1</runs>
            <runs>0 6 2 16 10 21 4</runs>
            <runs>0 4 7 11 7 25 5</runs>
            <runs>0 1 10 8 8 26 5</runs>
            <runs>0 1 11 8 1 1 5 24 7</runs>
            <runs>0 1 12 9 4 24 8</runs>
            <runs>0 1 12 8 6 18 8 2 3</runs>
            <runs>0 1 12 8 6 28 3</runs>
            <runs>0 2 11 7 7 28 2</runs>
            <runs>0 2 10 8 8 12 10 5 2</runs>
            <runs>0 4 7 9 9 7 13 6 3</runs>
            <runs>0 6 1 6 20 1 15 6 2</runs>
            <runs>0 12 21 1 15 6 2</runs>
            <runs>0 11 22 1 14 7 3</runs>
            <runs>0 10 41 2 7</runs>
            <runs>43 1 16</runs>
            <runs>19 1 23 1 16</runs>
            <runs>19 1 22 1 17</runs>
            <runs>18 3 19 1 19</runs>
            <runs>18 4 17 1 20</runs>
            <runs>18 4 11 1 3 1 22</runs>
            <runs>18 5 10 3 24</runs>
            <runs>0 2 15 6 10 4 23</runs>
            <runs>0 3 14 6 5 17 15</runs>
            <runs>0 7 2 12 6 27 6</runs>
            <runs>0 21 5 28 3</runs>
            <runs>0 20 5 29 3</runs>
            <runs>0 54 3</runs>
        </run-table>
    </sample>
</samples>
