<?xml version="1.0" encoding="UTF-8"?>
<stick id="2241" interline="21" shape="COMBINING_FLAG_1">
    <is-within-system>true</is-within-system>
    <has-ledger>false</has-ledger>
    <stem-number>1</stem-number>
    <step-line>-6.258823529411765</step-line>
    <moments>
        <k>0.6507936507936508</k>
        <k>1.0</k>
        <k>2.238095238095238</k>
        <k>0.12766033769258697</k>
        <k>0.22401618991414599</k>
        <k>0.5341624286698636</k>
        <k>-0.014206256861488282</k>
        <k>-0.01245374043905838</k>
        <k>0.019626366058593848</k>
        <k>0.1814231188096056</k>
        <k>0.6618227663624506</k>
        <k>0.36597696334350094</k>
        <k>0.05320805660563467</k>
        <k>0.028580028410637694</k>
        <k>0.0010861159336275235</k>
        <k>0.012414602423335362</k>
        <k>-2.499547111441589E-4</k>
        <k>1714.7247386759582</k>
        <k>2967.8606271777003</k>
    </moments>
    <section id="4401" first-pos="1704">
        <run start="2946" length="14" level="11"/>
        <run start="2948" length="13" level="23"/>
        <run start="2949" length="12" level="7"/>
        <run start="2950" length="12" level="24"/>
        <run start="2951" length="12" level="24"/>
        <run start="2952" length="11" level="8"/>
        <run start="2953" length="11" level="27"/>
        <run start="2954" length="11" level="27"/>
        <run start="2955" length="11" level="27"/>
        <run start="2956" length="11" level="32"/>
        <run start="2958" length="10" level="30"/>
        <run start="2959" length="11" level="47"/>
        <run start="2960" length="12" level="48"/>
        <run start="2962" length="11" level="27"/>
        <run start="2963" length="13" level="41"/>
        <run start="2964" length="13" level="13"/>
    </section>
    <section id="4430" first-pos="1720">
        <run start="2967" length="26" level="21"/>
        <run start="2969" length="24" level="30"/>
        <run start="2971" length="22" level="38"/>
    </section>
    <section id="4426" first-pos="1717">
        <run start="2990" length="3" level="209"/>
        <run start="2990" length="3" level="206"/>
        <run start="2989" length="4" level="154"/>
    </section>
    <section id="4439" first-pos="1723">
        <run start="2976" length="11" level="42"/>
    </section>
    <section id="4440" first-pos="1723">
        <run start="2990" length="3" level="206"/>
        <run start="2990" length="3" level="206"/>
    </section>
</stick>
