<?xml version="1.0" encoding="UTF-8"?>
<stick id="1825" interline="22" shape="DOT">
    <is-within-system>true</is-within-system>
    <has-ledger>false</has-ledger>
    <stem-number>0</stem-number>
    <step-line>-3.1724137931034484</step-line>
    <moments>
        <k>0.24173553719008264</k>
        <k>0.5909090909090909</k>
        <k>0.6363636363636364</k>
        <k>0.08575979340827064</k>
        <k>-0.007961348965074583</k>
        <k>0.08349707451175774</k>
        <k>-0.0010251697654595723</k>
        <k>0.003317637875718213</k>
        <k>6.780710280769373E-4</k>
        <k>-0.008498106055857319</k>
        <k>0.16925686792002836</k>
        <k>2.5865220617941306E-4</k>
        <k>3.4979995076387434E-4</k>
        <k>2.6957728098926395E-5</k>
        <k>2.4453208205408648E-9</k>
        <k>-1.1771483509865909E-7</k>
        <k>9.344680768986614E-10</k>
        <k>1066.982905982906</k>
        <k>1780.008547008547</k>
    </moments>
    <section id="3071" first-pos="1061">
        <run start="1779" length="4" level="162"/>
        <run start="1778" length="7" level="93"/>
        <run start="1777" length="9" level="58"/>
        <run start="1776" length="10" level="39"/>
        <run start="1776" length="10" level="26"/>
        <run start="1776" length="10" level="26"/>
        <run start="1772" length="14" level="71"/>
        <run start="1772" length="14" level="72"/>
        <run start="1776" length="10" level="26"/>
        <run start="1776" length="10" level="38"/>
        <run start="1776" length="9" level="57"/>
        <run start="1777" length="7" level="109"/>
        <run start="1779" length="3" level="170"/>
    </section>
</stick>
