<?xml version="1.0" encoding="UTF-8"?>
<stick id="836" interline="22" shape="FLAT">
    <is-within-system>true</is-within-system>
    <has-ledger>false</has-ledger>
    <stem-number>0</stem-number>
    <step-line>-0.6896551724137931</step-line>
    <moments>
        <k>0.9090909090909091</k>
        <k>1.0</k>
        <k>2.3181818181818183</k>
        <k>0.09798665242299046</k>
        <k>0.025501561326070624</k>
        <k>0.29797697924492933</k>
        <k>0.01008922119815475</k>
        <k>-0.004758411082243518</k>
        <k>-0.05799310444712923</k>
        <k>-0.0651359842488712</k>
        <k>0.3959636316679198</k>
        <k>0.042597449342615286</k>
        <k>0.03646804140003648</k>
        <k>0.007180008529033529</k>
        <k>1.0188678655483646E-4</k>
        <k>8.596024677295904E-4</k>
        <k>5.58358213189725E-5</k>
        <k>175.92045454545453</k>
        <k>2150.288636363636</k>
    </moments>
    <section id="719" first-pos="168">
        <run start="2125" length="46" level="135"/>
    </section>
    <section id="728" first-pos="169">
        <run start="2121" length="51" level="51"/>
        <run start="2121" length="51" level="75"/>
    </section>
    <section id="733" first-pos="171">
        <run start="2124" length="13" level="174"/>
    </section>
    <section id="734" first-pos="171">
        <run start="2145" length="9" level="63"/>
        <run start="2145" length="6" level="44"/>
        <run start="2144" length="6" level="24"/>
        <run start="2143" length="7" level="38"/>
        <run start="2143" length="6" level="26"/>
        <run start="2143" length="5" level="6"/>
        <run start="2142" length="6" level="23"/>
        <run start="2142" length="6" level="4"/>
        <run start="2142" length="6" level="4"/>
        <run start="2142" length="7" level="19"/>
    </section>
    <section id="774" first-pos="181">
        <run start="2142" length="22" level="70"/>
        <run start="2142" length="21" level="45"/>
        <run start="2142" length="20" level="47"/>
        <run start="2142" length="19" level="57"/>
        <run start="2143" length="17" level="48"/>
        <run start="2143" length="16" level="48"/>
        <run start="2144" length="14" level="49"/>
        <run start="2145" length="10" level="111"/>
    </section>
    <section id="737" first-pos="172">
        <run start="2166" length="5" level="54"/>
        <run start="2165" length="5" level="54"/>
        <run start="2164" length="5" level="33"/>
        <run start="2163" length="6" level="45"/>
        <run start="2162" length="6" level="44"/>
        <run start="2161" length="6" level="44"/>
        <run start="2160" length="6" level="23"/>
        <run start="2157" length="9" level="79"/>
        <run start="2154" length="11" level="107"/>
    </section>
    <section id="736" first-pos="171">
        <run start="2158" length="14" level="111"/>
    </section>
    <section id="798" first-pos="189">
        <run start="2149" length="2" level="139"/>
    </section>
    <section id="735" first-pos="171">
        <run start="2155" length="1" level="145"/>
    </section>
</stick>
