<?xml version="1.0" encoding="UTF-8"?>
<stick id="2465" interline="21" shape="INVERTED_MORDENT">
    <is-within-system>true</is-within-system>
    <has-ledger>false</has-ledger>
    <stem-number>0</stem-number>
    <step-line>11.627906976744185</step-line>
    <moments>
        <k>1.526077097505669</k>
        <k>2.5714285714285716</k>
        <k>1.9047619047619047</k>
        <k>0.23003667753219437</k>
        <k>0.006137440229431262</k>
        <k>0.08803741505959557</k>
        <k>-0.008996328987965182</k>
        <k>0.011417692885315661</k>
        <k>-7.117179705572338E-5</k>
        <k>-0.010466808214334242</k>
        <k>0.3180740925917899</k>
        <k>0.020314463233041376</k>
        <k>0.002077006096366851</k>
        <k>8.312375214386216E-5</k>
        <k>1.6782125616835552E-8</k>
        <k>1.133505358163211E-5</k>
        <k>-3.0187503865871856E-8</k>
        <k>2137.9494799405647</k>
        <k>451.64190193164933</k>
    </moments>
    <section id="5413" first-pos="2111">
        <run start="459" length="3" level="169"/>
        <run start="457" length="5" level="100"/>
        <run start="456" length="6" level="85"/>
        <run start="454" length="7" level="109"/>
        <run start="452" length="7" level="89"/>
        <run start="451" length="7" level="92"/>
        <run start="449" length="7" level="109"/>
        <run start="447" length="7" level="108"/>
        <run start="446" length="6" level="85"/>
        <run start="444" length="7" level="87"/>
        <run start="442" length="8" level="58"/>
        <run start="440" length="12" level="57"/>
        <run start="440" length="14" level="35"/>
        <run start="440" length="15" level="36"/>
        <run start="441" length="17" level="55"/>
        <run start="443" length="16" level="43"/>
        <run start="445" length="16" level="42"/>
        <run start="446" length="16" level="43"/>
        <run start="448" length="15" level="46"/>
        <run start="450" length="13" level="43"/>
        <run start="452" length="11" level="50"/>
        <run start="454" length="9" level="60"/>
        <run start="456" length="7" level="57"/>
        <run start="457" length="6" level="66"/>
        <run start="456" length="7" level="90"/>
        <run start="454" length="8" level="78"/>
    </section>
    <section id="5510" first-pos="2137">
        <run start="430" length="39" level="95"/>
        <run start="430" length="40" level="11"/>
        <run start="430" length="40" level="7"/>
        <run start="430" length="40" level="64"/>
    </section>
    <section id="5519" first-pos="2141">
        <run start="434" length="2" level="211"/>
    </section>
    <section id="5520" first-pos="2141">
        <run start="445" length="25" level="112"/>
    </section>
    <section id="5522" first-pos="2142">
        <run start="445" length="7" level="73"/>
        <run start="443" length="8" level="76"/>
        <run start="441" length="10" level="57"/>
        <run start="440" length="12" level="39"/>
        <run start="440" length="14" level="35"/>
        <run start="440" length="16" level="41"/>
        <run start="441" length="17" level="48"/>
        <run start="443" length="17" level="39"/>
        <run start="444" length="17" level="41"/>
        <run start="446" length="16" level="43"/>
        <run start="448" length="14" level="40"/>
        <run start="450" length="12" level="46"/>
        <run start="452" length="10" level="55"/>
        <run start="454" length="8" level="50"/>
        <run start="455" length="7" level="76"/>
        <run start="456" length="6" level="63"/>
        <run start="454" length="8" level="95"/>
        <run start="453" length="7" level="73"/>
        <run start="451" length="8" level="95"/>
        <run start="449" length="8" level="95"/>
        <run start="449" length="6" level="90"/>
        <run start="449" length="4" level="100"/>
        <run start="449" length="3" level="182"/>
    </section>
</stick>
