<?xml version="1.0" encoding="UTF-8"?>
<stick id="1441" interline="22" shape="VOID_NOTEHEAD">
    <is-within-system>true</is-within-system>
    <has-ledger>true</has-ledger>
    <stem-number>1</stem-number>
    <step-line>6.114942528735632</step-line>
    <moments>
        <k>0.6528925619834711</k>
        <k>1.1818181818181819</k>
        <k>1.1363636363636365</k>
        <k>0.1655696544796661</k>
        <k>-0.004247255288121198</k>
        <k>0.18298146799745904</k>
        <k>-0.001959929862462294</k>
        <k>-0.003409646669569642</k>
        <k>-0.00865666872770812</k>
        <k>4.223679878012547E-4</k>
        <k>0.34855112247712516</k>
        <k>3.753279599082911E-4</k>
        <k>6.899341269605389E-4</k>
        <k>1.216359995473563E-4</k>
        <k>-1.1431705820409191E-8</k>
        <k>-2.3459454425453136E-6</k>
        <k>3.333093594776787E-8</k>
        <k>834.1107594936709</k>
        <k>659.9746835443038</k>
    </moments>
    <section id="2547" first-pos="822">
        <run start="655" length="6" level="137"/>
        <run start="653" length="8" level="102"/>
        <run start="652" length="8" level="61"/>
        <run start="651" length="8" level="36"/>
        <run start="651" length="8" level="41"/>
        <run start="650" length="8" level="63"/>
        <run start="649" length="8" level="63"/>
        <run start="649" length="7" level="37"/>
        <run start="649" length="7" level="55"/>
        <run start="648" length="7" level="55"/>
        <run start="648" length="7" level="55"/>
        <run start="648" length="6" level="43"/>
        <run start="648" length="6" level="65"/>
        <run start="648" length="5" level="52"/>
        <run start="648" length="5" level="52"/>
        <run start="648" length="5" level="105"/>
        <run start="649" length="3" level="86"/>
        <run start="649" length="3" level="86"/>
        <run start="649" length="4" level="96"/>
        <run start="649" length="4" level="98"/>
        <run start="650" length="4" level="96"/>
        <run start="650" length="5" level="103"/>
    </section>
    <section id="2585" first-pos="844">
        <run start="651" length="15" level="122"/>
        <run start="652" length="13" level="115"/>
        <run start="654" length="9" level="166"/>
    </section>
    <section id="2548" first-pos="822">
        <run start="662" length="8" level="89"/>
        <run start="665" length="5" level="126"/>
        <run start="667" length="4" level="129"/>
        <run start="668" length="3" level="86"/>
        <run start="668" length="4" level="129"/>
        <run start="669" length="3" level="86"/>
        <run start="668" length="5" level="112"/>
        <run start="668" length="5" level="52"/>
        <run start="668" length="5" level="52"/>
        <run start="667" length="6" level="68"/>
        <run start="667" length="6" level="43"/>
        <run start="666" length="7" level="58"/>
        <run start="665" length="8" level="51"/>
        <run start="665" length="8" level="46"/>
        <run start="664" length="8" level="51"/>
        <run start="664" length="8" level="33"/>
        <run start="663" length="9" level="50"/>
        <run start="663" length="8" level="29"/>
        <run start="662" length="8" level="41"/>
        <run start="661" length="9" level="71"/>
        <run start="661" length="8" level="80"/>
        <run start="658" length="10" level="135"/>
    </section>
    <section id="2590" first-pos="847">
        <run start="660" length="2" level="200"/>
    </section>
</stick>
