<?xml version="1.0" encoding="UTF-8"?>
<stick id="2279" interline="21" shape="VOID_NOTEHEAD">
    <is-within-system>true</is-within-system>
    <has-ledger>false</has-ledger>
    <stem-number>1</stem-number>
    <step-line>-2.046511627906977</step-line>
    <moments>
        <k>0.7482993197278912</k>
        <k>1.2380952380952381</k>
        <k>1.1904761904761905</k>
        <k>0.15295222194395647</k>
        <k>-3.3636641901119824E-4</k>
        <k>0.17218913654450846</k>
        <k>-0.002512940842174539</k>
        <k>-0.0018266998590369175</k>
        <k>-0.008994624593817684</k>
        <k>0.0014326387717421476</k>
        <k>0.3251413584884649</k>
        <k>3.70511452820284E-4</k>
        <k>6.466125103983676E-4</k>
        <k>1.3257934640416278E-4</k>
        <k>-3.607778284983108E-8</k>
        <k>-2.550544450408289E-6</k>
        <k>1.4326530923567713E-8</k>
        <k>2139.89696969697</k>
        <k>2744.069696969697</k>
    </moments>
    <section id="5474" first-pos="2128">
        <run start="2738" length="7" level="106"/>
        <run start="2737" length="8" level="93"/>
        <run start="2736" length="9" level="82"/>
        <run start="2735" length="9" level="63"/>
        <run start="2734" length="9" level="56"/>
        <run start="2734" length="8" level="33"/>
        <run start="2733" length="9" level="56"/>
        <run start="2733" length="8" level="44"/>
        <run start="2733" length="7" level="50"/>
        <run start="2732" length="7" level="59"/>
        <run start="2732" length="7" level="51"/>
        <run start="2732" length="6" level="43"/>
        <run start="2732" length="6" level="43"/>
        <run start="2732" length="6" level="43"/>
        <run start="2732" length="6" level="59"/>
        <run start="2732" length="5" level="72"/>
        <run start="2733" length="4" level="65"/>
        <run start="2733" length="4" level="65"/>
        <run start="2733" length="4" level="90"/>
        <run start="2734" length="4" level="129"/>
        <run start="2735" length="4" level="104"/>
    </section>
    <section id="5537" first-pos="2149">
        <run start="2735" length="17" level="116"/>
        <run start="2736" length="14" level="101"/>
        <run start="2738" length="10" level="129"/>
        <run start="2740" length="7" level="167"/>
    </section>
    <section id="5475" first-pos="2128">
        <run start="2746" length="8" level="73"/>
        <run start="2750" length="5" level="103"/>
        <run start="2751" length="4" level="84"/>
        <run start="2752" length="4" level="110"/>
        <run start="2752" length="4" level="83"/>
        <run start="2753" length="4" level="111"/>
        <run start="2753" length="4" level="52"/>
        <run start="2752" length="5" level="52"/>
        <run start="2752" length="5" level="42"/>
        <run start="2751" length="6" level="43"/>
        <run start="2750" length="7" level="63"/>
        <run start="2750" length="7" level="37"/>
        <run start="2749" length="8" level="55"/>
        <run start="2749" length="8" level="41"/>
        <run start="2748" length="8" level="55"/>
        <run start="2747" length="9" level="49"/>
        <run start="2747" length="9" level="24"/>
        <run start="2746" length="10" level="38"/>
        <run start="2746" length="9" level="43"/>
        <run start="2745" length="9" level="65"/>
        <run start="2742" length="11" level="110"/>
    </section>
    <section id="5544" first-pos="2153">
        <run start="2744" length="1" level="200"/>
    </section>
</stick>
