<?xml version="1.0" encoding="UTF-8"?>
<stick id="1655" interline="21" shape="VOID_NOTEHEAD">
    <is-within-system>true</is-within-system>
    <has-ledger>false</has-ledger>
    <stem-number>1</stem-number>
    <step-line>3.0588235294117645</step-line>
    <moments>
        <k>0.6780045351473923</k>
        <k>1.1428571428571428</k>
        <k>1.0952380952380953</k>
        <k>0.1718436031650115</k>
        <k>-0.005400229898740066</k>
        <k>0.18527869189883878</k>
        <k>-0.005251602671250445</k>
        <k>-0.00341081567172554</k>
        <k>-0.009866697363261321</k>
        <k>0.005853452913176168</k>
        <k>0.3571222950638503</k>
        <k>2.971515411227975E-4</k>
        <k>8.516051134694188E-4</k>
        <k>2.3452947262683998E-4</k>
        <k>-1.0425456440891177E-7</k>
        <k>-2.1929139384085703E-6</k>
        <k>1.0805405594946621E-8</k>
        <k>1021.6387959866221</k>
        <k>1236.7056856187291</k>
    </moments>
    <section id="2921" first-pos="1010">
        <run start="1230" length="10" level="75"/>
        <run start="1229" length="9" level="55"/>
        <run start="1229" length="8" level="50"/>
        <run start="1228" length="8" level="76"/>
        <run start="1227" length="8" level="88"/>
        <run start="1226" length="9" level="112"/>
        <run start="1226" length="8" level="126"/>
        <run start="1226" length="7" level="129"/>
        <run start="1226" length="7" level="145"/>
        <run start="1226" length="6" level="151"/>
        <run start="1226" length="6" level="169"/>
        <run start="1226" length="5" level="182"/>
        <run start="1226" length="5" level="182"/>
        <run start="1226" length="5" level="195"/>
        <run start="1226" length="4" level="200"/>
        <run start="1226" length="3" level="200"/>
        <run start="1226" length="3" level="200"/>
        <run start="1226" length="2" level="200"/>
        <run start="1226" length="4" level="200"/>
        <run start="1226" length="5" level="200"/>
        <run start="1226" length="7" level="174"/>
    </section>
    <section id="2977" first-pos="1031">
        <run start="1226" length="18" level="91"/>
        <run start="1228" length="15" level="65"/>
    </section>
    <section id="2922" first-pos="1010">
        <run start="1242" length="7" level="135"/>
        <run start="1244" length="5" level="170"/>
        <run start="1245" length="4" level="190"/>
        <run start="1245" length="4" level="198"/>
        <run start="1247" length="2" level="200"/>
        <run start="1246" length="3" level="200"/>
        <run start="1245" length="4" level="205"/>
        <run start="1245" length="4" level="188"/>
        <run start="1245" length="4" level="188"/>
        <run start="1244" length="5" level="183"/>
        <run start="1243" length="6" level="153"/>
        <run start="1243" length="6" level="125"/>
        <run start="1242" length="7" level="130"/>
        <run start="1242" length="7" level="107"/>
        <run start="1241" length="8" level="114"/>
        <run start="1240" length="9" level="101"/>
        <run start="1240" length="8" level="68"/>
        <run start="1239" length="8" level="63"/>
        <run start="1238" length="9" level="56"/>
        <run start="1237" length="9" level="48"/>
        <run start="1236" length="9" level="56"/>
    </section>
    <section id="2981" first-pos="1033">
        <run start="1231" length="9" level="120"/>
    </section>
</stick>
