<?xml version="1.0" encoding="UTF-8" standalone="yes"?>
<samples sheet-name="IMSLP00606#5">
    <sample shape="C_CLEF" interline="14" pitch="-0.1" left="290" top="1499" id="805">
        <run-table orientation="VERTICAL" width="37" height="63">
            <runs>0 35 1 1 13</runs>
            <runs>0 2 61</runs>
            <runs>0 1 62</runs>
            <runs>0 1 62</runs>
            <runs>0 1 62</runs>
            <runs>0 2 33</runs>
            <runs>0 36 5</runs>
            <runs>0 12 16 1 34</runs>
            <runs>0 2 39 2 20</runs>
            <runs>0 2 24 1 9</runs>
            <runs></runs>
            <runs></runs>
            <runs></runs>
            <runs>0 28 10</runs>
            <runs>0 28 10</runs>
            <runs>0 27 12 15 2</runs>
            <runs>0 2 9 15 14 11 12</runs>
            <runs>0 2 9 14 15 10 13</runs>
            <runs>0 2 10 12 17 9 13</runs>
            <runs>0 1 11 11 19 9 12</runs>
            <runs>0 1 11 10 21 9 6</runs>
            <runs>11 10 13 1 8 9 5</runs>
            <runs>9 12 13 1 8</runs>
            <runs>0 23 6 1 10</runs>
            <runs>0 24 5 1 8</runs>
            <runs>0 25 4 1 7</runs>
            <runs>0 25 12</runs>
            <runs>0 25 11</runs>
            <runs>0 25 12</runs>
            <runs>0 24 13</runs>
            <runs>0 2 8 12 7 1 9 17 2</runs>
            <runs>0 2 27 1 12 6 2 1 12</runs>
            <runs>0 2 25 3 33</runs>
            <runs>0 2 24 4 33</runs>
            <runs>0 2 23 11 21</runs>
            <runs>0 9 14 15 18</runs>
            <runs>0 13 8 20 12</runs>
        </run-table>
    </sample>
    <sample shape="C_CLEF" interline="14" pitch="0.3" left="295" top="2862" id="998">
        <run-table orientation="VERTICAL" width="38" height="65">
            <runs>0 1 49</runs>
            <runs>0 1 62</runs>
            <runs>0 1 63</runs>
            <runs>0 1 63</runs>
            <runs>0 8 26 1 28</runs>
            <runs>0 13 7 35 7</runs>
            <runs>0 1 48 5 9</runs>
            <runs>0 1 63</runs>
            <runs>0 1 63</runs>
            <runs>0 10 9 5 1 3 11 2 23</runs>
            <runs>0 29 9</runs>
            <runs>0 29 9</runs>
            <runs>0 29 9</runs>
            <runs>0 29 10</runs>
            <runs>0 28 12</runs>
            <runs>0 7 5 16 12 14 8</runs>
            <runs>13 14 14 12 9</runs>
            <runs>14 11 16 11 10</runs>
            <runs>0 1 13 10 10 1 7 10 11</runs>
            <runs>0 1 17 5 10 3 10 6 12</runs>
            <runs>0 1 12 9 11 3 10 7 11</runs>
            <runs>0 9 2 11 11 4 9 8 11</runs>
            <runs>0 25 1 10 10 17 2</runs>
            <runs>0 35 11 17 2</runs>
            <runs>0 35 4 24 2</runs>
            <runs>0 34 5 24 2</runs>
            <runs>0 34 4 25 1</runs>
            <runs>0 34 4 25 1</runs>
            <runs>0 6 2 25 5 25 1</runs>
            <runs>19 5 8 2 5</runs>
            <runs>32 3 6</runs>
            <runs>0 6 27 2 12 6 9</runs>
            <runs>0 7 26 3 26</runs>
            <runs>0 9 18 10 25</runs>
            <runs>0 12 12 14 24</runs>
            <runs>0 40 22</runs>
            <runs>0 41 21</runs>
            <runs>0 43 11</runs>
        </run-table>
    </sample>
    <sample shape="F_CLEF" interline="14" pitch="-1.9" left="287" top="675" id="770">
        <run-table orientation="VERTICAL" width="41" height="47">
            <runs>0 10 9</runs>
            <runs>0 7 12</runs>
            <runs>19</runs>
            <runs>19</runs>
            <runs>20</runs>
            <runs>20</runs>
            <runs>20</runs>
            <runs>21</runs>
            <runs>21</runs>
            <runs>21 21 1</runs>
            <runs>0 6 14 21 2</runs>
            <runs>0 6 14 20 3</runs>
            <runs>0 7 12 20 8</runs>
            <runs>0 7 12 19 9</runs>
            <runs>0 9 10 17 11</runs>
            <runs>0 10 9 10 18</runs>
            <runs>0 29 13</runs>
            <runs>0 6 1 22 13</runs>
            <runs>8 20 13</runs>
            <runs>12 13 15</runs>
            <runs>40</runs>
            <runs>39</runs>
            <runs>38</runs>
            <runs>37</runs>
            <runs>36</runs>
            <runs>34</runs>
            <runs>33</runs>
            <runs>0 7 26</runs>
            <runs>0 9 24</runs>
            <runs>0 10 17</runs>
            <runs>0 12 13</runs>
            <runs>0 15 8</runs>
            <runs>0 5 2</runs>
            <runs>9 12 5</runs>
            <runs>9 6 12</runs>
            <runs>10 5 12</runs>
            <runs>11 4 13</runs>
            <runs>11 4 13</runs>
            <runs>10 10 8</runs>
            <runs>10 11 6</runs>
            <runs>0 5 2</runs>
        </run-table>
    </sample>
    <sample shape="F_CLEF" interline="14" pitch="-1.8" left="291" top="1082" id="787">
        <run-table orientation="VERTICAL" width="41" height="48">
            <runs>0 11 8</runs>
            <runs>0 7 12</runs>
            <runs>0 6 13</runs>
            <runs>0 1 18</runs>
            <runs>0 1 19</runs>
            <runs>20</runs>
            <runs>21</runs>
            <runs>21</runs>
            <runs>21</runs>
            <runs>0 6 15</runs>
            <runs>0 7 14 20 1</runs>
            <runs>0 7 13 20 8</runs>
            <runs>0 8 12 19 9</runs>
            <runs>0 8 11 19 10</runs>
            <runs>0 10 9 18 10</runs>
            <runs>0 35 12</runs>
            <runs>0 34 9</runs>
            <runs>0 29 13</runs>
            <runs>8 21 12</runs>
            <runs>11 14 15</runs>
            <runs>40</runs>
            <runs>39</runs>
            <runs>38</runs>
            <runs>37</runs>
            <runs>35</runs>
            <runs>34</runs>
            <runs>0 7 26</runs>
            <runs>0 8 25</runs>
            <runs>0 10 23</runs>
            <runs>0 12 21</runs>
            <runs>0 14 10</runs>
            <runs></runs>
            <runs>0 5 2</runs>
            <runs>8 13 4</runs>
            <runs>9 6 11</runs>
            <runs>10 5 12</runs>
            <runs>10 5 12</runs>
            <runs>10 5 12</runs>
            <runs>9 6 12</runs>
            <runs>0 6 1 14 5</runs>
            <runs>0 22 3</runs>
        </run-table>
    </sample>
</samples>
