<?xml version="1.0" encoding="UTF-8" standalone="yes"?>
<samples sheet-name="IMSLP08541#14">
    <sample shape="G_CLEF" interline="21" pitch="0.5" left="461" top="1013" id="350">
        <run-table orientation="VERTICAL" width="58" height="165">
            <runs>0 83 11 1 2</runs>
            <runs>0 75 27</runs>
            <runs>0 75 29</runs>
            <runs>0 73 33</runs>
            <runs>0 71 37</runs>
            <runs>0 69 42</runs>
            <runs>0 66 46</runs>
            <runs>0 65 49</runs>
            <runs>0 64 51</runs>
            <runs>0 63 28 15 10 32 1</runs>
            <runs>0 61 27 21 8 27 10</runs>
            <runs>0 60 25 26 6 26 13</runs>
            <runs>0 58 25 30 10 19 15</runs>
            <runs>0 54 27 33 9 17 19</runs>
            <runs>0 54 26 35 8 17 20</runs>
            <runs>0 54 25 37 7 16 22</runs>
            <runs>0 54 25 38 2 20 22</runs>
            <runs>0 53 26 38 2 19 24</runs>
            <runs>0 52 22 16 12 16 1 19 24</runs>
            <runs>0 51 21 14 19 13 1 19 25</runs>
            <runs>0 50 21 13 23 31 25</runs>
            <runs>0 49 21 12 26 30 19 2 5</runs>
            <runs>0 48 21 11 31 27 19 3 4</runs>
            <runs>0 48 20 7 27 4 6 27 18 3 4</runs>
            <runs>0 47 20 8 19 15 5 25 18 3 4</runs>
            <runs>0 25 16 5 19 10 18 18 3 26 17 3 5</runs>
            <runs>0 22 42 11 16 50 15 5 4</runs>
            <runs>0 19 44 12 15 52 12 7 4</runs>
            <runs>0 17 46 11 15 54 11 7 4</runs>
            <runs>0 14 14 13 28 5 15 57 6 8 5</runs>
            <runs>0 12 14 15 29 2 16 72 4</runs>
            <runs>0 10 13 17 48 72 4</runs>
            <runs>0 9 12 18 19 7 23 72 4</runs>
            <runs>0 7 13 18 20 12 19 71 4</runs>
            <runs>0 7 11 15 25 14 20 68 4</runs>
            <runs>0 6 11 16 25 14 30 57 5</runs>
            <runs>0 4 12 17 25 14 33 54 5</runs>
            <runs>0 3 12 18 25 14 16 7 15 48 5</runs>
            <runs>0 2 12 19 18 21 15 10 20 41 4</runs>
            <runs>0 2 11 19 18 22 15 11 26 33 5</runs>
            <runs>0 1 11 19 18 23 15 19 20 30 5</runs>
            <runs>11 19 19 23 15 26 17 25 5</runs>
            <runs>11 18 18 26 15 28 20 17 7</runs>
            <runs>10 17 19 27 15 28 42</runs>
            <runs>10 15 19 30 14 28 8 3 30</runs>
            <runs>0 2 9 13 19 31 14 27 9 8 23</runs>
            <runs>0 4 10 8 19 34 14 25 4 21 14</runs>
            <runs>0 6 33 36 15 24 3 28 2</runs>
            <runs>0 8 30 38 14 23 4</runs>
            <runs>0 11 26 39 15 19 6</runs>
            <runs>0 14 13 49 17 16 6</runs>
            <runs>0 22 2 53 17 13 7</runs>
            <runs>0 77 19 10 7</runs>
            <runs>0 77 35</runs>
            <runs>0 82 28</runs>
            <runs>0 83 25</runs>
            <runs>0 87 18</runs>
            <runs>0 89 14</runs>
        </run-table>
    </sample>
    <sample shape="G_CLEF" interline="21" pitch="0.5" left="441" top="1598" id="407">
        <run-table orientation="VERTICAL" width="58" height="164">
            <runs>0 86 14</runs>
            <runs>0 74 26</runs>
            <runs>0 74 29</runs>
            <runs>0 73 31</runs>
            <runs>0 71 36</runs>
            <runs>0 69 40</runs>
            <runs>0 67 44</runs>
            <runs>0 65 47</runs>
            <runs>0 64 49</runs>
            <runs>0 62 29 14 9</runs>
            <runs>0 61 27 20 7 28 9</runs>
            <runs>0 59 27 24 7 24 14</runs>
            <runs>0 54 30 27 12 17 16</runs>
            <runs>0 54 28 31 10 16 18</runs>
            <runs>0 54 27 32 10 16 19</runs>
            <runs>0 54 26 34 9 15 21</runs>
            <runs>0 54 25 36 8 15 22</runs>
            <runs>0 53 26 37 7 14 23</runs>
            <runs>0 52 27 8 15 35 24</runs>
            <runs>0 51 28 6 20 32 25</runs>
            <runs>0 50 21 12 24 29 26</runs>
            <runs>0 49 21 11 27 29 19 1 5</runs>
            <runs>0 48 20 7 35 27 19 2 5</runs>
            <runs>0 47 20 8 26 5 6 25 18 3 5</runs>
            <runs>0 29 8 10 20 8 19 14 5 25 17 4 4</runs>
            <runs>0 24 42 9 18 16 5 24 17 4 4</runs>
            <runs>0 20 44 11 16 21 2 25 16 4 4</runs>
            <runs>0 17 46 12 15 50 14 5 5</runs>
            <runs>0 16 50 8 15 53 11 6 4</runs>
            <runs>0 14 13 14 29 3 16 55 6 9 4</runs>
            <runs>0 12 13 16 47 71 4</runs>
            <runs>0 10 13 17 48 71 4</runs>
            <runs>0 9 12 19 18 8 22 71 4</runs>
            <runs>0 8 11 20 19 13 20 68 4</runs>
            <runs>0 6 12 16 24 13 24 63 4</runs>
            <runs>0 5 12 17 23 15 30 56 4</runs>
            <runs>0 4 11 19 23 14 36 50 5</runs>
            <runs>0 3 12 18 20 19 15 9 15 46 5</runs>
            <runs>0 2 12 19 19 20 15 10 26 33 5</runs>
            <runs>0 1 12 19 18 21 16 17 21 30 5</runs>
            <runs>0 1 11 19 18 23 15 20 23 24 6</runs>
            <runs>11 18 19 24 15 26 21 19 6</runs>
            <runs>11 17 18 27 14 28 26 10 7</runs>
            <runs>0 1 10 16 18 28 14 28 42</runs>
            <runs>0 2 10 13 18 30 15 26 42</runs>
            <runs>0 4 9 10 19 32 14 25 11 5 24</runs>
            <runs>0 5 35 34 15 23 6 20 12</runs>
            <runs>0 8 30 37 15 21 6 29 2</runs>
            <runs>0 11 27 37 15 20 6</runs>
            <runs>0 14 15 47 15 18 6</runs>
            <runs>0 20 3 53 16 16 6</runs>
            <runs>0 76 18 12 7</runs>
            <runs>0 76 20 1 15</runs>
            <runs>0 76 34</runs>
            <runs>0 82 27</runs>
            <runs>0 85 22</runs>
            <runs>0 87 17</runs>
            <runs>0 89 13</runs>
        </run-table>
    </sample>
    <sample shape="G_CLEF" interline="21" pitch="0.4" left="423" top="2204" id="451">
        <run-table orientation="VERTICAL" width="58" height="165">
            <runs>0 85 10</runs>
            <runs>0 76 27</runs>
            <runs>0 75 30</runs>
            <runs>0 73 35</runs>
            <runs>0 71 39</runs>
            <runs>0 70 41</runs>
            <runs>0 68 45</runs>
            <runs>0 67 47</runs>
            <runs>0 65 50</runs>
            <runs>0 63 31 13 10 30 6</runs>
            <runs>0 62 28 19 9 25 12</runs>
            <runs>0 61 26 23 9 23 15</runs>
            <runs>0 56 28 28 12 17 17</runs>
            <runs>0 56 27 31 10 16 20</runs>
            <runs>0 56 27 32 9 15 22</runs>
            <runs>0 56 25 35 8 15 22</runs>
            <runs>0 56 25 37 2 19 23</runs>
            <runs>0 55 25 15 2 21 2 19 23</runs>
            <runs>0 54 21 15 13 16 1 18 25</runs>
            <runs>0 53 20 14 19 13 1 18 25</runs>
            <runs>0 52 20 13 23 30 19 2 5</runs>
            <runs>0 51 20 12 27 28 19 3 4</runs>
            <runs>0 50 20 12 30 27 18 3 4</runs>
            <runs>0 49 20 8 26 5 6 26 16 4 4</runs>
            <runs>0 49 19 9 19 14 5 25 16 5 4</runs>
            <runs>0 30 16 1 20 10 17 17 5 25 14 6 4</runs>
            <runs>0 26 40 11 16 21 2 26 12 7 4</runs>
            <runs>0 22 44 11 15 51 11 7 4</runs>
            <runs>0 19 47 10 15 54 7 9 4</runs>
            <runs>0 17 13 13 26 6 16 70 4</runs>
            <runs>0 15 13 15 47 71 4</runs>
            <runs>0 13 13 16 48 70 4</runs>
            <runs>0 11 13 17 20 7 22 70 4</runs>
            <runs>0 9 14 12 25 12 20 68 4</runs>
            <runs>0 8 13 14 25 13 24 63 4</runs>
            <runs>0 8 12 15 25 14 30 55 5</runs>
            <runs>0 6 12 17 25 14 35 50 5</runs>
            <runs>0 5 12 18 19 19 16 9 18 42 5</runs>
            <runs>0 3 13 18 19 21 15 10 26 32 5</runs>
            <runs>0 3 12 19 19 21 15 18 19 30 6</runs>
            <runs>0 1 13 19 19 22 15 23 19 24 6</runs>
            <runs>14 18 18 24 15 26 20 2 2 14 7</runs>
            <runs>13 18 18 26 14 28 29 3 9</runs>
            <runs>0 1 12 16 19 27 14 28 39</runs>
            <runs>0 3 10 15 18 30 13 27 9 8 21</runs>
            <runs>0 5 10 10 20 31 14 25 5 20 11</runs>
            <runs>0 7 13 3 20 34 13 24 5 24 2</runs>
            <runs>0 9 32 37 13 22 5</runs>
            <runs>0 13 27 38 15 19 6</runs>
            <runs>0 15 16 47 15 18 6</runs>
            <runs>0 20 2 4 1 51 16 15 6</runs>
            <runs>0 78 18 12 6</runs>
            <runs>0 78 20 1 13</runs>
            <runs>0 83 28</runs>
            <runs>0 86 24</runs>
            <runs>0 87 19</runs>
            <runs>0 91 14</runs>
            <runs>0 95 2</runs>
        </run-table>
    </sample>
    <sample shape="G_CLEF" interline="21" pitch="0.4" left="417" top="2499" id="453">
        <run-table orientation="VERTICAL" width="58" height="164">
            <runs>0 86 9</runs>
            <runs>0 76 26</runs>
            <runs>0 76 28</runs>
            <runs>0 74 32</runs>
            <runs>0 72 37</runs>
            <runs>0 70 41</runs>
            <runs>0 68 44</runs>
            <runs>0 66 47 34 5</runs>
            <runs>0 64 51 28 11</runs>
            <runs>0 63 27 17 9 25 14</runs>
            <runs>0 62 27 21 7 23 17</runs>
            <runs>0 61 25 25 7 21 19</runs>
            <runs>0 59 25 28 11 16 20</runs>
            <runs>0 55 27 32 9 15 22</runs>
            <runs>0 55 26 34 8 15 22</runs>
            <runs>0 55 25 36 7 14 24</runs>
            <runs>0 55 24 38 2 18 25</runs>
            <runs>0 54 25 14 1 2 2 20 1 18 25</runs>
            <runs>0 53 26 10 13 16 1 18 25</runs>
            <runs>0 52 27 8 18 32 20 1 5</runs>
            <runs>0 51 21 12 24 29 19 2 5</runs>
            <runs>0 50 21 11 28 28 18 3 4</runs>
            <runs>0 49 21 11 31 26 17 4 4</runs>
            <runs>0 47 22 11 22 5 6 26 16 5 4</runs>
            <runs>0 47 22 7 26 9 4 25 14 6 4</runs>
            <runs>0 46 22 8 17 20 2 26 13 6 4</runs>
            <runs>0 37 2 6 22 9 16 50 12 6 4</runs>
            <runs>0 29 37 10 15 54 5 10 4</runs>
            <runs>0 24 42 10 14 57 1 12 3</runs>
            <runs>0 21 46 8 15 70 3</runs>
            <runs>0 19 52 3 15 70 4</runs>
            <runs>0 16 14 10 49 70 4</runs>
            <runs>0 14 12 15 49 69 4</runs>
            <runs>0 12 12 16 52 67 4</runs>
            <runs>0 11 12 17 19 13 30 56 5</runs>
            <runs>0 9 12 18 20 14 32 53 4</runs>
            <runs>0 8 12 14 25 14 38 46 5</runs>
            <runs>0 7 11 16 25 14 15 10 26 32 5</runs>
            <runs>0 6 12 15 26 14 15 10 27 30 6</runs>
            <runs>0 4 13 16 26 14 15 20 24 22 6</runs>
            <runs>0 3 13 17 20 21 14 24 26 12 9</runs>
            <runs>0 2 13 17 20 22 14 28 41</runs>
            <runs>0 1 12 18 19 24 15 27 39</runs>
            <runs>13 17 19 26 15 26 8 12 17</runs>
            <runs>12 17 19 26 16 25 9 19 3</runs>
            <runs>12 15 20 27 17 23 10</runs>
            <runs>12 14 19 30 16 23 5</runs>
            <runs>0 1 11 13 18 33 16 21 4</runs>
            <runs>0 3 11 8 19 36 16 18 5</runs>
            <runs>0 5 34 38 17 16 5</runs>
            <runs>0 9 29 39 19 12 6</runs>
            <runs>0 11 20 1 2 43 20 8 9</runs>
            <runs>0 17 12 48 35</runs>
            <runs>0 77 34</runs>
            <runs>0 84 25</runs>
            <runs>0 85 21</runs>
            <runs>0 89 15</runs>
            <runs>0 92 3 2 2</runs>
        </run-table>
    </sample>
    <sample shape="G_CLEF" interline="21" pitch="0.5" left="407" top="2859" id="472">
        <run-table orientation="VERTICAL" width="58" height="163">
            <runs>0 89 1</runs>
            <runs>0 80 19</runs>
            <runs>0 73 27</runs>
            <runs>0 72 32</runs>
            <runs>0 70 35</runs>
            <runs>0 67 40</runs>
            <runs>0 66 43</runs>
            <runs>0 64 47</runs>
            <runs>0 62 51</runs>
            <runs>0 61 30 11 11</runs>
            <runs>0 60 28 17 9 32 4</runs>
            <runs>0 59 27 23 6 27 12</runs>
            <runs>0 58 26 26 6 24 15</runs>
            <runs>0 53 30 28 10 18 17</runs>
            <runs>0 53 28 32 8 17 20</runs>
            <runs>0 53 26 35 7 16 21</runs>
            <runs>0 53 25 36 7 16 22</runs>
            <runs>0 53 24 38 2 20 23</runs>
            <runs>0 52 26 10 12 16 1 20 23</runs>
            <runs>0 51 21 13 17 34 25</runs>
            <runs>0 49 22 12 21 32 25</runs>
            <runs>0 48 21 12 25 30 25</runs>
            <runs>0 48 20 6 34 28 20 1 5</runs>
            <runs>0 47 20 7 27 3 6 26 19 3 4</runs>
            <runs>0 46 20 8 20 13 4 26 18 3 4</runs>
            <runs>0 30 10 4 22 9 17 17 3 26 17 3 5</runs>
            <runs>0 22 43 10 16 47 16 5 4</runs>
            <runs>0 18 46 11 15 49 14 6 4</runs>
            <runs>0 16 48 10 15 51 12 7 4</runs>
            <runs>0 14 13 5 35 7 15 54 7 9 4</runs>
            <runs>0 12 13 16 28 4 16 56 2 12 4</runs>
            <runs>0 10 13 17 48 71 4</runs>
            <runs>0 9 12 18 19 3 27 71 4</runs>
            <runs>0 7 13 13 24 11 21 69 5</runs>
            <runs>0 6 13 14 24 14 20 67 4</runs>
            <runs>0 5 12 16 24 15 29 57 4</runs>
            <runs>0 4 12 17 24 15 30 55 5</runs>
            <runs>0 3 12 18 20 19 17 3 15 50 4</runs>
            <runs>0 2 12 19 18 21 15 10 16 43 5</runs>
            <runs>0 2 11 19 18 22 15 10 26 33 4</runs>
            <runs>0 1 11 19 18 23 15 20 17 31 5</runs>
            <runs>12 18 18 24 15 24 17 26 5</runs>
            <runs>11 16 20 25 15 27 23 15 6</runs>
            <runs>11 16 18 27 15 27 43</runs>
            <runs>0 1 10 14 19 29 15 26 42</runs>
            <runs>0 3 9 11 20 30 15 26 8 8 24</runs>
            <runs>0 4 12 3 21 34 15 24 4 17 18</runs>
            <runs>0 6 33 35 15 23 4 25 8</runs>
            <runs>0 9 28 38 15 22 4</runs>
            <runs>0 13 19 43 16 19 5</runs>
            <runs>0 20 8 48 16 16 6</runs>
            <runs>0 76 17 13 6</runs>
            <runs>0 76 25 2 8</runs>
            <runs>0 75 35</runs>
            <runs>0 81 27</runs>
            <runs>0 84 22</runs>
            <runs>0 86 17</runs>
            <runs>0 90 11</runs>
        </run-table>
    </sample>
    <sample shape="G_CLEF" interline="21" pitch="0.4" left="480" top="444" id="308">
        <run-table orientation="VERTICAL" width="59" height="164">
            <runs>0 87 4</runs>
            <runs>0 80 21</runs>
            <runs>0 75 27</runs>
            <runs>0 75 29</runs>
            <runs>0 73 35</runs>
            <runs>0 71 39</runs>
            <runs>0 69 42</runs>
            <runs>0 67 46</runs>
            <runs>0 66 48</runs>
            <runs>0 64 52 30 6</runs>
            <runs>0 63 28 16 10 27 10</runs>
            <runs>0 61 29 20 8 24 15</runs>
            <runs>0 60 27 25 11 17 18</runs>
            <runs>0 54 31 28 10 16 20</runs>
            <runs>0 54 29 31 9 16 21</runs>
            <runs>0 55 27 33 8 15 23</runs>
            <runs>0 55 25 36 7 15 23</runs>
            <runs>0 55 25 37 2 19 22</runs>
            <runs>0 53 27 11 11 16 1 18 24</runs>
            <runs>0 52 22 12 18 14 1 18 24</runs>
            <runs>0 52 21 11 23 30 20 1 3</runs>
            <runs>0 51 21 10 27 28 19 3 2</runs>
            <runs>0 51 19 11 30 26 19 4 3</runs>
            <runs>0 50 19 7 36 26 18 4 3</runs>
            <runs>0 48 21 7 26 5 7 24 17 5 4</runs>
            <runs>0 48 20 8 19 14 6 24 16 5 4</runs>
            <runs>0 47 20 9 17 18 4 25 14 6 4</runs>
            <runs>0 27 39 10 16 21 2 27 11 7 4</runs>
            <runs>0 23 42 10 16 52 9 8 4</runs>
            <runs>0 20 46 9 16 57 1 11 4</runs>
            <runs>0 16 15 1 37 5 16 70 4</runs>
            <runs>0 13 16 13 47 71 4</runs>
            <runs>0 12 14 16 47 71 4</runs>
            <runs>0 11 13 17 18 6 24 71 3</runs>
            <runs>0 10 12 18 19 9 24 67 4</runs>
            <runs>0 7 1 1 12 18 20 14 30 56 4</runs>
            <runs>0 6 14 14 25 15 30 55 3</runs>
            <runs>0 6 13 15 25 14 35 50 4</runs>
            <runs>0 5 12 17 25 14 16 7 18 43 4</runs>
            <runs>0 4 12 18 19 19 16 10 21 37 5</runs>
            <runs>0 3 12 19 18 20 16 17 22 29 4</runs>
            <runs>0 3 11 19 18 22 15 21 25 20 5</runs>
            <runs>0 1 12 19 18 23 15 28 23 12 7</runs>
            <runs>0 1 11 18 18 26 15 27 41</runs>
            <runs>11 18 18 27 16 26 39</runs>
            <runs>11 16 19 28 16 26 8 9 21</runs>
            <runs>0 1 11 14 19 30 15 25 4 20 12</runs>
            <runs>0 2 10 13 18 32 15 23 5</runs>
            <runs>0 4 37 35 15 22 4</runs>
            <runs>0 7 33 36 16 20 5</runs>
            <runs>0 9 29 39 17 16 5</runs>
            <runs>0 12 20 45 18 13 6</runs>
            <runs>0 16 11 50 26 3 8</runs>
            <runs>0 77 35</runs>
            <runs>0 77 33</runs>
            <runs>0 83 26</runs>
            <runs>0 85 21</runs>
            <runs>0 88 16</runs>
            <runs>0 90 1 2 10</runs>
        </run-table>
    </sample>
    <sample shape="F_CLEF" interline="21" pitch="-1.9" left="479" top="705" id="326">
        <run-table orientation="VERTICAL" width="58" height="69">
            <runs>0 17 8</runs>
            <runs>0 16 10</runs>
            <runs>0 13 15</runs>
            <runs>0 11 18</runs>
            <runs>0 9 20</runs>
            <runs>0 8 22</runs>
            <runs>0 7 23</runs>
            <runs>0 6 5 1 19</runs>
            <runs>9 4 18</runs>
            <runs>0 1 7 5 18</runs>
            <runs>0 13 18</runs>
            <runs>0 13 18</runs>
            <runs>0 13 18</runs>
            <runs>0 13 18</runs>
            <runs>0 14 16</runs>
            <runs>0 14 16 34 1</runs>
            <runs>0 15 14 35 1</runs>
            <runs>0 16 12 35 2</runs>
            <runs>0 18 9 34 8</runs>
            <runs>0 19 7 34 9</runs>
            <runs>0 59 10</runs>
            <runs>0 58 6</runs>
            <runs>0 57 7</runs>
            <runs>0 55 8</runs>
            <runs>0 54 8</runs>
            <runs>0 52 9</runs>
            <runs>0 50 10</runs>
            <runs>0 45 14</runs>
            <runs>0 1 7 36 14</runs>
            <runs>0 1 8 34 14</runs>
            <runs>0 1 11 27 17</runs>
            <runs>0 2 13 20 20</runs>
            <runs>0 2 52</runs>
            <runs>0 2 51</runs>
            <runs>0 1 51</runs>
            <runs>0 1 50</runs>
            <runs>0 2 47</runs>
            <runs>0 2 46</runs>
            <runs>0 2 46</runs>
            <runs>0 8 40</runs>
            <runs>0 9 33</runs>
            <runs>0 10 30</runs>
            <runs>0 12 25</runs>
            <runs>0 14 20</runs>
            <runs>0 17 14</runs>
            <runs></runs>
            <runs></runs>
            <runs></runs>
            <runs>0 8 5 24 2</runs>
            <runs>0 2 13 19 7</runs>
            <runs>0 2 14 17 8</runs>
            <runs>0 2 14 17 9</runs>
            <runs>0 2 13 17 10</runs>
            <runs>0 2 13 17 10</runs>
            <runs>0 2 13 17 10</runs>
            <runs>0 2 12 19 9</runs>
            <runs>0 8 4 22 7</runs>
            <runs>0 35 4</runs>
        </run-table>
    </sample>
    <sample shape="F_CLEF" interline="21" pitch="-1.6" left="434" top="1900" id="417">
        <run-table orientation="VERTICAL" width="62" height="79">
            <runs>0 76 2</runs>
            <runs>0 75 4</runs>
            <runs>0 75 4</runs>
            <runs>0 74 5</runs>
            <runs>0 74 4</runs>
            <runs>0 16 9 49 4</runs>
            <runs>0 12 14 47 4</runs>
            <runs>0 11 15 47 3</runs>
            <runs>0 9 18 45 4</runs>
            <runs>0 8 21 43 4</runs>
            <runs>0 7 23 41 4</runs>
            <runs>0 5 25 41 3</runs>
            <runs>30 40 4</runs>
            <runs>8 3 19 35 8</runs>
            <runs>7 4 20 34 8</runs>
            <runs>0 4 2 5 20 34 7</runs>
            <runs>0 11 20</runs>
            <runs>0 11 19</runs>
            <runs>0 12 18</runs>
            <runs>0 12 17</runs>
            <runs>0 13 16 34 1</runs>
            <runs>0 14 14 35 1</runs>
            <runs>0 15 13 34 2</runs>
            <runs>0 17 10 34 8</runs>
            <runs>0 20 2 38 8</runs>
            <runs>0 58 11</runs>
            <runs>0 57 7</runs>
            <runs>0 56 7</runs>
            <runs>0 54 8</runs>
            <runs>0 52 10</runs>
            <runs>0 51 10</runs>
            <runs>0 44 15</runs>
            <runs>0 44 15</runs>
            <runs>7 35 15</runs>
            <runs>9 31 16</runs>
            <runs>0 1 12 24 18</runs>
            <runs>0 1 16 14 23</runs>
            <runs>0 1 52</runs>
            <runs>0 1 51</runs>
            <runs>0 1 50</runs>
            <runs>0 1 49</runs>
            <runs>0 1 48</runs>
            <runs>0 1 47</runs>
            <runs>0 7 41</runs>
            <runs>0 8 34</runs>
            <runs>0 10 30</runs>
            <runs>0 11 28</runs>
            <runs>0 13 21</runs>
            <runs>0 15 17</runs>
            <runs></runs>
            <runs></runs>
            <runs></runs>
            <runs>0 7 5</runs>
            <runs>0 1 12 22 5</runs>
            <runs>0 1 13 19 8</runs>
            <runs>0 1 13 18 10</runs>
            <runs>0 1 13 18 10</runs>
            <runs>0 1 13 18 10</runs>
            <runs>0 1 13 18 10</runs>
            <runs>0 1 12 19 10</runs>
            <runs>0 1 11 21 8</runs>
            <runs>0 34 6</runs>
        </run-table>
    </sample>
    <sample shape="F_CLEF" interline="21" pitch="-1.5" left="397" top="3182" id="483">
        <run-table orientation="VERTICAL" width="64" height="78">
            <runs>0 75 3</runs>
            <runs>0 74 4</runs>
            <runs>0 73 5</runs>
            <runs>0 73 4</runs>
            <runs>0 73 4</runs>
            <runs>0 73 3</runs>
            <runs>0 73 3</runs>
            <runs>0 17 8 47 4</runs>
            <runs>0 14 11 47 3</runs>
            <runs>0 10 16 46 3</runs>
            <runs>0 9 18 44 3</runs>
            <runs>0 8 20 42 3</runs>
            <runs>0 7 22 35 9</runs>
            <runs>0 6 23 36 8</runs>
            <runs>30 35 7</runs>
            <runs>9 1 21</runs>
            <runs>8 3 20</runs>
            <runs>0 12 19</runs>
            <runs>0 12 19</runs>
            <runs>0 12 19</runs>
            <runs>0 12 20</runs>
            <runs>0 13 17 1 1</runs>
            <runs>0 13 17 32 7</runs>
            <runs>0 14 15 32 8</runs>
            <runs>0 15 13 33 8</runs>
            <runs>0 16 10 34 9</runs>
            <runs>0 18 1 1 2 36 11</runs>
            <runs>0 57 12</runs>
            <runs>0 56 7</runs>
            <runs>0 55 7</runs>
            <runs>0 53 8</runs>
            <runs>0 51 10</runs>
            <runs>0 49 11</runs>
            <runs>0 44 15</runs>
            <runs>0 44 14</runs>
            <runs>0 42 15</runs>
            <runs>0 1 8 30 17</runs>
            <runs>0 1 13 20 21</runs>
            <runs>0 1 17 12 24</runs>
            <runs>0 1 52</runs>
            <runs>0 1 51</runs>
            <runs>0 1 50</runs>
            <runs>49</runs>
            <runs>0 1 48</runs>
            <runs>0 1 47</runs>
            <runs>0 7 41</runs>
            <runs>0 8 40</runs>
            <runs>0 9 33</runs>
            <runs>0 10 29</runs>
            <runs>0 12 25</runs>
            <runs>0 15 19</runs>
            <runs>0 19 11</runs>
            <runs></runs>
            <runs></runs>
            <runs>0 11 3 24 2</runs>
            <runs>0 9 6 20 6</runs>
            <runs>0 8 8 18 8</runs>
            <runs>0 7 10 17 9</runs>
            <runs>0 7 10 16 10</runs>
            <runs>0 1 16 16 10</runs>
            <runs>0 1 15 18 9</runs>
            <runs>0 7 9 18 9</runs>
            <runs>0 8 7 20 7</runs>
            <runs>0 36 5</runs>
        </run-table>
    </sample>
    <sample shape="F_CLEF" interline="21" pitch="-1.6" left="474" top="705" id="323">
        <run-table orientation="VERTICAL" width="63" height="80">
            <runs>0 78 1</runs>
            <runs>0 76 4</runs>
            <runs>0 76 3</runs>
            <runs>0 75 4</runs>
            <runs>0 75 4</runs>
            <runs>0 17 8 50 3</runs>
            <runs>0 16 10 48 4</runs>
            <runs>0 13 15 46 3</runs>
            <runs>0 11 18 44 4</runs>
            <runs>0 9 20 44 3</runs>
            <runs>0 8 22 42 4</runs>
            <runs>0 7 23 42 3</runs>
            <runs>0 6 5 1 19 40 3</runs>
            <runs>9 4 18 34 9</runs>
            <runs>0 1 7 5 18 34 8</runs>
            <runs>0 13 18 34 8</runs>
            <runs>0 13 18 34 7</runs>
            <runs>0 13 18</runs>
            <runs>0 13 18</runs>
            <runs>0 14 16</runs>
            <runs>0 14 16 34 1</runs>
            <runs>0 15 14 35 1</runs>
            <runs>0 16 12 35 2</runs>
            <runs>0 18 9 34 8</runs>
            <runs>0 19 7 34 9</runs>
            <runs>0 59 10</runs>
            <runs>0 58 6</runs>
            <runs>0 57 7</runs>
            <runs>0 55 8</runs>
            <runs>0 54 8</runs>
            <runs>0 52 9</runs>
            <runs>0 50 10</runs>
            <runs>0 45 14</runs>
            <runs>0 1 7 36 14</runs>
            <runs>0 1 8 34 14</runs>
            <runs>0 1 11 27 17</runs>
            <runs>0 2 13 20 20</runs>
            <runs>0 2 52</runs>
            <runs>0 2 51</runs>
            <runs>0 1 51</runs>
            <runs>0 1 50</runs>
            <runs>0 2 47</runs>
            <runs>0 2 46</runs>
            <runs>0 2 46</runs>
            <runs>0 8 40</runs>
            <runs>0 9 33</runs>
            <runs>0 10 30</runs>
            <runs>0 12 25</runs>
            <runs>0 14 20</runs>
            <runs>0 17 14</runs>
            <runs></runs>
            <runs></runs>
            <runs></runs>
            <runs>0 8 5 24 2</runs>
            <runs>0 2 13 19 7</runs>
            <runs>0 2 14 17 8</runs>
            <runs>0 2 14 17 9</runs>
            <runs>0 2 13 17 10</runs>
            <runs>0 2 13 17 10</runs>
            <runs>0 2 13 17 10</runs>
            <runs>0 2 12 19 9</runs>
            <runs>0 8 4 22 7</runs>
            <runs>0 35 4</runs>
        </run-table>
    </sample>
    <sample shape="F_CLEF" interline="21" pitch="-1.8" left="460" top="1292" id="384">
        <run-table orientation="VERTICAL" width="58" height="68">
            <runs>0 17 7</runs>
            <runs>0 13 11</runs>
            <runs>0 12 14</runs>
            <runs>0 10 17</runs>
            <runs>0 9 18</runs>
            <runs>0 7 21</runs>
            <runs>0 6 23</runs>
            <runs>0 5 24</runs>
            <runs>0 4 4 3 19</runs>
            <runs>0 4 2 5 19</runs>
            <runs>0 4 2 5 19</runs>
            <runs>0 4 1 6 19</runs>
            <runs>0 11 19</runs>
            <runs>0 12 18</runs>
            <runs>0 12 17</runs>
            <runs>0 12 17</runs>
            <runs>0 13 15 34 1</runs>
            <runs>0 14 13 34 2</runs>
            <runs>0 17 9 34 8</runs>
            <runs>0 59 8</runs>
            <runs>0 58 10</runs>
            <runs>0 57 11</runs>
            <runs>0 55 7</runs>
            <runs>0 53 9</runs>
            <runs>0 52 9</runs>
            <runs>0 51 9</runs>
            <runs>0 48 11</runs>
            <runs>0 43 15</runs>
            <runs>7 36 14</runs>
            <runs>8 33 14</runs>
            <runs>11 27 16</runs>
            <runs>14 20 20</runs>
            <runs>18 4 30</runs>
            <runs>51</runs>
            <runs>50</runs>
            <runs>49</runs>
            <runs>48</runs>
            <runs>47</runs>
            <runs>47</runs>
            <runs>0 7 40</runs>
            <runs>0 8 32</runs>
            <runs>0 9 30</runs>
            <runs>0 10 25</runs>
            <runs>0 11 22</runs>
            <runs>0 16 13</runs>
            <runs></runs>
            <runs></runs>
            <runs></runs>
            <runs>0 7 5</runs>
            <runs>0 1 12 21 6</runs>
            <runs>0 1 13 18 8</runs>
            <runs>0 1 13 18 9</runs>
            <runs>0 1 13 17 10</runs>
            <runs>0 1 12 18 10</runs>
            <runs>0 1 12 19 9</runs>
            <runs>0 1 12 19 9</runs>
            <runs>0 6 6 21 7</runs>
            <runs>0 34 3</runs>
        </run-table>
    </sample>
    <sample shape="F_CLEF" interline="21" pitch="-1.5" left="454" top="1292" id="377">
        <run-table orientation="VERTICAL" width="64" height="78">
            <runs>0 76 1</runs>
            <runs>0 75 3</runs>
            <runs>0 74 4</runs>
            <runs>0 74 4</runs>
            <runs>0 73 4</runs>
            <runs>0 73 4</runs>
            <runs>0 17 7 49 4</runs>
            <runs>0 13 11 48 4</runs>
            <runs>0 12 14 45 4</runs>
            <runs>0 10 17 44 4</runs>
            <runs>0 9 18 43 4</runs>
            <runs>0 7 21 42 4</runs>
            <runs>0 6 23 40 5</runs>
            <runs>0 5 24 35 9</runs>
            <runs>0 4 4 3 19 34 8</runs>
            <runs>0 4 2 5 19 34 7</runs>
            <runs>0 4 2 5 19</runs>
            <runs>0 4 1 6 19</runs>
            <runs>0 11 19</runs>
            <runs>0 12 18</runs>
            <runs>0 12 17</runs>
            <runs>0 12 17</runs>
            <runs>0 13 15 34 1</runs>
            <runs>0 14 13 34 2</runs>
            <runs>0 17 9 34 8</runs>
            <runs>0 59 8</runs>
            <runs>0 58 10</runs>
            <runs>0 57 11</runs>
            <runs>0 55 7</runs>
            <runs>0 53 9</runs>
            <runs>0 52 9</runs>
            <runs>0 51 9</runs>
            <runs>0 48 11</runs>
            <runs>0 43 15</runs>
            <runs>7 36 14</runs>
            <runs>8 33 14</runs>
            <runs>11 27 16</runs>
            <runs>14 20 20</runs>
            <runs>18 4 30</runs>
            <runs>51</runs>
            <runs>50</runs>
            <runs>49</runs>
            <runs>48</runs>
            <runs>47</runs>
            <runs>47</runs>
            <runs>0 7 40</runs>
            <runs>0 8 32</runs>
            <runs>0 9 30</runs>
            <runs>0 10 25</runs>
            <runs>0 11 22</runs>
            <runs>0 16 13</runs>
            <runs></runs>
            <runs></runs>
            <runs></runs>
            <runs>0 7 5</runs>
            <runs>0 1 12 21 6</runs>
            <runs>0 1 13 18 8</runs>
            <runs>0 1 13 18 9</runs>
            <runs>0 1 13 17 10</runs>
            <runs>0 1 12 18 10</runs>
            <runs>0 1 12 19 9</runs>
            <runs>0 1 12 19 9</runs>
            <runs>0 6 6 21 7</runs>
            <runs>0 34 3</runs>
        </run-table>
    </sample>
    <sample shape="F_CLEF" interline="21" pitch="-1.9" left="439" top="1900" id="416">
        <run-table orientation="VERTICAL" width="57" height="69">
            <runs>0 16 9</runs>
            <runs>0 12 14</runs>
            <runs>0 11 15</runs>
            <runs>0 9 18</runs>
            <runs>0 8 21</runs>
            <runs>0 7 23</runs>
            <runs>0 5 25</runs>
            <runs>30</runs>
            <runs>8 3 19</runs>
            <runs>7 4 20</runs>
            <runs>0 4 2 5 20</runs>
            <runs>0 11 20</runs>
            <runs>0 11 19</runs>
            <runs>0 12 18</runs>
            <runs>0 12 17</runs>
            <runs>0 13 16 34 1</runs>
            <runs>0 14 14 35 1</runs>
            <runs>0 15 13 34 2</runs>
            <runs>0 17 10 34 8</runs>
            <runs>0 20 2 38 8</runs>
            <runs>0 58 11</runs>
            <runs>0 57 7</runs>
            <runs>0 56 7</runs>
            <runs>0 54 8</runs>
            <runs>0 52 10</runs>
            <runs>0 51 10</runs>
            <runs>0 44 15</runs>
            <runs>0 44 15</runs>
            <runs>7 35 15</runs>
            <runs>9 31 16</runs>
            <runs>0 1 12 24 18</runs>
            <runs>0 1 16 14 23</runs>
            <runs>0 1 52</runs>
            <runs>0 1 51</runs>
            <runs>0 1 50</runs>
            <runs>0 1 49</runs>
            <runs>0 1 48</runs>
            <runs>0 1 47</runs>
            <runs>0 7 41</runs>
            <runs>0 8 34</runs>
            <runs>0 10 30</runs>
            <runs>0 11 28</runs>
            <runs>0 13 21</runs>
            <runs>0 15 17</runs>
            <runs></runs>
            <runs></runs>
            <runs></runs>
            <runs>0 7 5</runs>
            <runs>0 1 12 22 5</runs>
            <runs>0 1 13 19 8</runs>
            <runs>0 1 13 18 10</runs>
            <runs>0 1 13 18 10</runs>
            <runs>0 1 13 18 10</runs>
            <runs>0 1 13 18 10</runs>
            <runs>0 1 12 19 10</runs>
            <runs>0 1 11 21 8</runs>
            <runs>0 34 6</runs>
        </run-table>
    </sample>
    <sample shape="F_CLEF" interline="21" pitch="-1.7" left="404" top="3182" id="485">
        <run-table orientation="VERTICAL" width="57" height="69">
            <runs>0 17 8</runs>
            <runs>0 14 11</runs>
            <runs>0 10 16</runs>
            <runs>0 9 18</runs>
            <runs>0 8 20</runs>
            <runs>0 7 22</runs>
            <runs>0 6 23</runs>
            <runs>30</runs>
            <runs>9 1 21</runs>
            <runs>8 3 20</runs>
            <runs>0 12 19</runs>
            <runs>0 12 19</runs>
            <runs>0 12 19</runs>
            <runs>0 12 20</runs>
            <runs>0 13 17 1 1</runs>
            <runs>0 13 17 32 7</runs>
            <runs>0 14 15 32 8</runs>
            <runs>0 15 13 33 8</runs>
            <runs>0 16 10 34 9</runs>
            <runs>0 18 1 1 2 36 11</runs>
            <runs>0 57 12</runs>
            <runs>0 56 7</runs>
            <runs>0 55 7</runs>
            <runs>0 53 8</runs>
            <runs>0 51 10</runs>
            <runs>0 49 11</runs>
            <runs>0 44 15</runs>
            <runs>0 44 14</runs>
            <runs>0 42 15</runs>
            <runs>0 1 8 30 17</runs>
            <runs>0 1 13 20 21</runs>
            <runs>0 1 17 12 24</runs>
            <runs>0 1 52</runs>
            <runs>0 1 51</runs>
            <runs>0 1 50</runs>
            <runs>49</runs>
            <runs>0 1 48</runs>
            <runs>0 1 47</runs>
            <runs>0 7 41</runs>
            <runs>0 8 40</runs>
            <runs>0 9 33</runs>
            <runs>0 10 29</runs>
            <runs>0 12 25</runs>
            <runs>0 15 19</runs>
            <runs>0 19 11</runs>
            <runs></runs>
            <runs></runs>
            <runs>0 11 3 24 2</runs>
            <runs>0 9 6 20 6</runs>
            <runs>0 8 8 18 8</runs>
            <runs>0 7 10 17 9</runs>
            <runs>0 7 10 16 10</runs>
            <runs>0 1 16 16 10</runs>
            <runs>0 1 15 18 9</runs>
            <runs>0 7 9 18 9</runs>
            <runs>0 8 7 20 7</runs>
            <runs>0 36 5</runs>
        </run-table>
    </sample>
    <sample shape="SHARP" interline="21" pitch="-4.1" left="561" top="450" id="336">
        <run-table orientation="VERTICAL" width="23" height="62">
            <runs>0 40 10</runs>
            <runs>0 17 9 13 11</runs>
            <runs>0 17 9 13 11</runs>
            <runs>0 17 9 13 22</runs>
            <runs>0 16 11 7 2 2 24</runs>
            <runs>0 15 46</runs>
            <runs>0 3 47</runs>
            <runs>0 2 24 10 12</runs>
            <runs>0 3 8 1 13 12 10</runs>
            <runs>0 15 10 12 10</runs>
            <runs>0 15 9 13 9</runs>
            <runs>0 15 9 13 9</runs>
            <runs>0 14 11 11 10</runs>
            <runs>0 14 10 11 11 3 10</runs>
            <runs>0 14 11 5 29</runs>
            <runs>0 13 13 1 31</runs>
            <runs>45</runs>
            <runs>26 4 15</runs>
            <runs>23 8 13</runs>
            <runs>0 11 11 9 13</runs>
            <runs>0 11 11 9 8</runs>
            <runs>0 11 10</runs>
            <runs>0 11 8</runs>
        </run-table>
    </sample>
    <sample shape="SHARP" interline="21" pitch="-1.0" left="582" top="481" id="337">
        <run-table orientation="VERTICAL" width="23" height="68">
            <runs>0 42 11</runs>
            <runs>0 21 8 13 11</runs>
            <runs>0 20 10 12 10</runs>
            <runs>0 20 10 12 11 8 7</runs>
            <runs>0 19 11 7 31</runs>
            <runs>0 18 50</runs>
            <runs>0 10 43</runs>
            <runs>0 5 26 8 12</runs>
            <runs>0 6 9 2 12 11 11</runs>
            <runs>0 18 11 11 10</runs>
            <runs>0 18 10 12 10</runs>
            <runs>0 18 10 12 10</runs>
            <runs>0 17 11 12 10</runs>
            <runs>0 17 11 11 15 3 6</runs>
            <runs>0 17 11 11 24</runs>
            <runs>0 16 13 2 31</runs>
            <runs>0 7 45 4 1</runs>
            <runs>49</runs>
            <runs>0 4 2 3 18 11 10</runs>
            <runs>0 14 12 12 10</runs>
            <runs>0 15 11 12 10</runs>
            <runs>0 15 10 13 3</runs>
            <runs>0 15 10</runs>
        </run-table>
    </sample>
    <sample shape="SHARP" interline="21" pitch="-5.2" left="605" top="440" id="338">
        <run-table orientation="VERTICAL" width="23" height="67">
            <runs>0 17 10 13 9</runs>
            <runs>0 16 11 12 10</runs>
            <runs>0 16 11 12 10</runs>
            <runs>0 16 11 11 12 6 5</runs>
            <runs>0 11 3 1 52</runs>
            <runs>0 3 64</runs>
            <runs>0 2 47 10 2</runs>
            <runs>0 2 5 2 2 3 13 9 12</runs>
            <runs>0 14 12 11 10</runs>
            <runs>0 14 11 12 10</runs>
            <runs>0 14 11 12 10</runs>
            <runs>0 14 11 11 11</runs>
            <runs>0 14 10 12 10</runs>
            <runs>0 13 12 10 12 8 4</runs>
            <runs>0 7 3 2 47</runs>
            <runs>59</runs>
            <runs>47 5 1</runs>
            <runs>23 10 12</runs>
            <runs>0 10 12 12 11</runs>
            <runs>0 11 11 12 11</runs>
            <runs>0 11 10 13 12</runs>
            <runs>0 11 9</runs>
            <runs>0 16 2</runs>
        </run-table>
    </sample>
    <sample shape="SHARP" interline="21" pitch="-2.4" left="553" top="698" id="342">
        <run-table orientation="VERTICAL" width="22" height="62">
            <runs>0 18 8 14 10</runs>
            <runs>0 17 10 13 10</runs>
            <runs>0 17 10 12 11</runs>
            <runs>0 16 11 11 24</runs>
            <runs>0 15 47</runs>
            <runs>0 3 58</runs>
            <runs>0 2 47</runs>
            <runs>0 2 24 11 11</runs>
            <runs>0 10 15 12 10</runs>
            <runs>0 11 14 12 10</runs>
            <runs>0 11 14 12 10</runs>
            <runs>0 11 13 12 10</runs>
            <runs>0 11 13 8 14</runs>
            <runs>0 11 13 8 26</runs>
            <runs>0 10 48</runs>
            <runs>46</runs>
            <runs>45</runs>
            <runs>23 9 12</runs>
            <runs>0 1 2 6 13 10 11</runs>
            <runs>0 11 10 12 9</runs>
            <runs>0 11 10</runs>
            <runs>0 11 9</runs>
        </run-table>
    </sample>
    <sample shape="SHARP" interline="21" pitch="1.0" left="573" top="730" id="343">
        <run-table orientation="VERTICAL" width="23" height="69">
            <runs>0 43 9</runs>
            <runs>0 42 10</runs>
            <runs>0 20 9 13 10</runs>
            <runs>0 20 9 12 11 9 2</runs>
            <runs>0 19 10 12 12 2 14</runs>
            <runs>0 19 11 2 2 2 33</runs>
            <runs>0 18 46</runs>
            <runs>0 1 34 2 14</runs>
            <runs>14 1 14 10 11</runs>
            <runs>0 17 11 12 9</runs>
            <runs>0 18 9 13 9</runs>
            <runs>0 18 9 12 10</runs>
            <runs>0 17 10 12 10</runs>
            <runs>0 17 10 12 10</runs>
            <runs>0 17 10 11 24</runs>
            <runs>0 16 11 3 32</runs>
            <runs>0 12 49</runs>
            <runs>0 1 48</runs>
            <runs>0 5 2 5 16 8 12</runs>
            <runs>0 15 11 10 11</runs>
            <runs>0 15 10 12 10</runs>
            <runs>0 15 11 11 10</runs>
            <runs>0 17 9</runs>
        </run-table>
    </sample>
    <sample shape="SHARP" interline="21" pitch="-3.0" left="597" top="692" id="344">
        <run-table orientation="VERTICAL" width="23" height="64">
            <runs>0 39 10</runs>
            <runs>0 17 10 12 10</runs>
            <runs>0 17 10 12 10</runs>
            <runs>0 16 10 13 11</runs>
            <runs>0 16 11 10 27</runs>
            <runs>0 10 3 2 49</runs>
            <runs>0 3 47</runs>
            <runs>0 3 23 10 12</runs>
            <runs>0 4 2 8 11 12 10</runs>
            <runs>0 15 9 13 10</runs>
            <runs>0 14 10 13 9</runs>
            <runs>0 14 10 12 10</runs>
            <runs>0 14 10 12 10</runs>
            <runs>0 14 10 12 10</runs>
            <runs>0 13 11 11 14 5 5</runs>
            <runs>0 2 1 7 48</runs>
            <runs>47 9 1</runs>
            <runs>45</runs>
            <runs>0 9 13 12 10</runs>
            <runs>0 10 12 12 10</runs>
            <runs>0 11 11 12 10</runs>
            <runs>0 11 11 13 3</runs>
            <runs>0 12 10</runs>
        </run-table>
    </sample>
    <sample shape="SHARP" interline="21" pitch="-4.2" left="540" top="1018" id="390">
        <run-table orientation="VERTICAL" width="22" height="62">
            <runs>0 18 8 13 10</runs>
            <runs>0 17 10 12 10</runs>
            <runs>0 16 11 12 10</runs>
            <runs>0 16 11 11 23</runs>
            <runs>0 15 47</runs>
            <runs>0 2 60</runs>
            <runs>0 2 46</runs>
            <runs>0 2 23 11 11</runs>
            <runs>0 14 11 11 11</runs>
            <runs>0 14 10 13 9</runs>
            <runs>0 14 10 12 10</runs>
            <runs>0 14 10 12 10</runs>
            <runs>0 14 10 12 10</runs>
            <runs>0 13 11 6 16 5 7</runs>
            <runs>0 12 13 5 28</runs>
            <runs>58</runs>
            <runs>44</runs>
            <runs>23 6 15</runs>
            <runs>0 10 12 8 14</runs>
            <runs>0 11 11 8 13</runs>
            <runs>0 11 10 9 10</runs>
            <runs>0 11 10</runs>
        </run-table>
    </sample>
    <sample shape="SHARP" interline="21" pitch="-1.3" left="561" top="1048" id="391">
        <run-table orientation="VERTICAL" width="23" height="63">
            <runs>0 43 7</runs>
            <runs>0 40 11</runs>
            <runs>0 18 9 13 10</runs>
            <runs>0 18 9 13 10</runs>
            <runs>0 17 10 12 11 5 2 2 4</runs>
            <runs>0 16 11 6 30</runs>
            <runs>12 2 49</runs>
            <runs>49 5 1 6 1</runs>
            <runs>28 9 11</runs>
            <runs>0 14 12 12 10</runs>
            <runs>0 15 11 12 10</runs>
            <runs>0 15 10 13 9</runs>
            <runs>0 15 10 12 10</runs>
            <runs>0 14 11 12 10</runs>
            <runs>0 14 11 12 11 4 7</runs>
            <runs>0 13 13 9 25</runs>
            <runs>0 12 48</runs>
            <runs>49 1 7</runs>
            <runs>8 1 20 5 13</runs>
            <runs>0 11 15 9 12</runs>
            <runs>0 12 14 9 12</runs>
            <runs>0 12 13 10 12</runs>
            <runs>0 13 12 11 2</runs>
        </run-table>
    </sample>
    <sample shape="SHARP" interline="21" pitch="-5.4" left="584" top="1005" id="392">
        <run-table orientation="VERTICAL" width="23" height="63">
            <runs>0 18 5 1 3 14 8</runs>
            <runs>0 17 10 13 10</runs>
            <runs>0 17 10 13 9</runs>
            <runs>0 17 11 11 10</runs>
            <runs>0 7 3 6 13 3 31</runs>
            <runs>0 4 59</runs>
            <runs>0 3 47 3 9</runs>
            <runs>0 3 5 3 16 10 12</runs>
            <runs>0 15 11 11 11</runs>
            <runs>0 15 10 12 11</runs>
            <runs>0 15 10 13 10</runs>
            <runs>0 14 11 12 11</runs>
            <runs>0 14 10 13 11</runs>
            <runs>0 14 11 11 12</runs>
            <runs>0 1 2 10 13 6 2 1 24</runs>
            <runs>59</runs>
            <runs>59</runs>
            <runs>0 1 5 4 14 2 23</runs>
            <runs>0 11 12 11 14</runs>
            <runs>0 11 11 12 14</runs>
            <runs>0 12 10 12 14</runs>
            <runs>0 12 8 14 5</runs>
            <runs>0 16 3</runs>
        </run-table>
    </sample>
    <sample shape="SHARP" interline="21" pitch="-2.0" left="531" top="1286" id="396">
        <run-table orientation="VERTICAL" width="23" height="63">
            <runs>0 41 13</runs>
            <runs>0 19 8 13 14</runs>
            <runs>0 18 10 12 14</runs>
            <runs>0 17 10 12 16 5 1</runs>
            <runs>0 17 10 12 24</runs>
            <runs>0 16 47</runs>
            <runs>0 3 59</runs>
            <runs>0 3 24 1 28</runs>
            <runs>0 3 23 11 11</runs>
            <runs>0 15 10 12 11</runs>
            <runs>0 15 10 12 10</runs>
            <runs>0 15 10 12 10</runs>
            <runs>0 15 9 13 10</runs>
            <runs>0 14 10 12 11 3 9</runs>
            <runs>0 14 10 12 24</runs>
            <runs>0 8 52</runs>
            <runs>0 1 58</runs>
            <runs>46</runs>
            <runs>0 1 22 7 15</runs>
            <runs>0 8 14 12 11</runs>
            <runs>0 8 14 8 14</runs>
            <runs>0 8 13 16 6</runs>
            <runs>0 8 13</runs>
        </run-table>
    </sample>
    <sample shape="SHARP" interline="21" pitch="1.2" left="554" top="1322" id="397">
        <run-table orientation="VERTICAL" width="22" height="62">
            <runs>0 37 11</runs>
            <runs>0 15 11 11 11</runs>
            <runs>0 15 11 11 11</runs>
            <runs>0 15 11 11 11 5 9</runs>
            <runs>0 15 11 6 30</runs>
            <runs>0 8 3 2 49</runs>
            <runs>0 3 48</runs>
            <runs>0 2 27 3 15</runs>
            <runs>0 3 22 11 10</runs>
            <runs>0 13 11 12 10</runs>
            <runs>0 13 10 12 10</runs>
            <runs>0 13 10 12 10</runs>
            <runs>0 13 10 12 10</runs>
            <runs>0 13 10 12 10 6 6</runs>
            <runs>0 12 11 10 29</runs>
            <runs>0 12 45</runs>
            <runs>51 1 4</runs>
            <runs>44</runs>
            <runs>0 10 12 11 10</runs>
            <runs>0 10 11 12 10</runs>
            <runs>0 11 10 12 9</runs>
            <runs>0 11 9 14 8</runs>
        </run-table>
    </sample>
    <sample shape="SHARP" interline="21" pitch="-3.2" left="576" top="1277" id="398">
        <run-table orientation="VERTICAL" width="23" height="65">
            <runs>0 17 9 14 9</runs>
            <runs>0 16 11 13 9</runs>
            <runs>0 16 11 12 10</runs>
            <runs>0 16 11 11 11</runs>
            <runs>0 13 52</runs>
            <runs>0 2 62</runs>
            <runs>0 2 27 3 17</runs>
            <runs>0 3 5 1 17 9 13</runs>
            <runs>0 13 12 11 11</runs>
            <runs>0 14 11 11 11</runs>
            <runs>0 14 10 12 10</runs>
            <runs>0 14 10 12 10</runs>
            <runs>0 13 11 12 10</runs>
            <runs>0 13 11 11 11</runs>
            <runs>0 5 21 7 25</runs>
            <runs>58</runs>
            <runs>57</runs>
            <runs>23 10 12</runs>
            <runs>0 10 12 12 10</runs>
            <runs>0 11 11 11 11</runs>
            <runs>0 11 11 12 9</runs>
            <runs>0 11 11 13 8</runs>
            <runs>0 14 8</runs>
        </run-table>
    </sample>
    <sample shape="SHARP" interline="21" pitch="-4.1" left="521" top="1604" id="430">
        <run-table orientation="VERTICAL" width="23" height="62">
            <runs>0 18 9 13 14</runs>
            <runs>0 17 10 12 15</runs>
            <runs>0 16 11 12 10</runs>
            <runs>0 16 17 6 15 3 4</runs>
            <runs>0 15 47</runs>
            <runs>0 2 60</runs>
            <runs>0 2 53</runs>
            <runs>0 3 4 1 4 1 13 10 11</runs>
            <runs>0 14 11 11 11</runs>
            <runs>0 14 10 12 11</runs>
            <runs>0 14 10 12 10</runs>
            <runs>0 14 10 12 10</runs>
            <runs>0 14 10 11 11</runs>
            <runs>0 13 11 11 12 2 9</runs>
            <runs>0 1 4 6 48</runs>
            <runs>58</runs>
            <runs>45</runs>
            <runs>23 7 14</runs>
            <runs>0 1 2 1 1 6 11 8 13</runs>
            <runs>0 11 10 9 13</runs>
            <runs>0 11 10 9 8</runs>
            <runs>0 11 10</runs>
            <runs>0 13 2</runs>
        </run-table>
    </sample>
    <sample shape="SHARP" interline="21" pitch="-1.0" left="543" top="1634" id="431">
        <run-table orientation="VERTICAL" width="22" height="68">
            <runs>0 42 9</runs>
            <runs>0 20 9 13 10</runs>
            <runs>0 20 9 12 11</runs>
            <runs>0 19 10 12 11 9 7</runs>
            <runs>0 19 10 11 28</runs>
            <runs>0 18 50</runs>
            <runs>0 5 47 4 2 1 9</runs>
            <runs>30 8 12</runs>
            <runs>0 17 11 11 11</runs>
            <runs>0 18 9 12 10</runs>
            <runs>0 18 9 12 10</runs>
            <runs>0 17 10 12 10</runs>
            <runs>0 17 10 12 10</runs>
            <runs>0 16 11 11 11</runs>
            <runs>0 16 11 10 24</runs>
            <runs>0 16 17 1 27</runs>
            <runs>61</runs>
            <runs>0 1 8 2 20 3 14</runs>
            <runs>0 14 11 12 10</runs>
            <runs>0 14 11 12 10</runs>
            <runs>0 14 11 11 11</runs>
            <runs>0 15 10 12 3 1 2</runs>
        </run-table>
    </sample>
    <sample shape="SHARP" interline="21" pitch="-5.5" left="566" top="1592" id="432">
        <run-table orientation="VERTICAL" width="22" height="62">
            <runs>0 18 9 13 9</runs>
            <runs>0 17 10 12 10</runs>
            <runs>0 17 10 12 10</runs>
            <runs>0 8 1 7 11 12 11</runs>
            <runs>0 4 25 1 23 2 6</runs>
            <runs>0 3 59</runs>
            <runs>0 3 27 3 15 11 2</runs>
            <runs>0 13 13 11 11</runs>
            <runs>0 15 10 12 10</runs>
            <runs>0 15 10 12 10</runs>
            <runs>0 14 11 11 11</runs>
            <runs>0 14 10 12 11</runs>
            <runs>0 13 11 12 11</runs>
            <runs>0 13 11 11 12</runs>
            <runs>28 2 28</runs>
            <runs>59</runs>
            <runs>0 1 48 5 3</runs>
            <runs>0 2 4 4 13 11 13</runs>
            <runs>0 11 11 12 13</runs>
            <runs>0 11 10 13 13</runs>
            <runs>0 11 10 13 8</runs>
            <runs>0 11 8</runs>
        </run-table>
    </sample>
    <sample shape="SHARP" interline="21" pitch="-2.0" left="512" top="1895" id="436">
        <run-table orientation="VERTICAL" width="22" height="63">
            <runs>0 24 3 14 13</runs>
            <runs>0 18 15 7 14</runs>
            <runs>0 17 16 7 14</runs>
            <runs>0 17 11 12 15 3 1</runs>
            <runs>0 16 17 2 28</runs>
            <runs>0 3 60</runs>
            <runs>0 2 53</runs>
            <runs>0 3 24 10 13</runs>
            <runs>0 15 11 12 10</runs>
            <runs>0 15 10 12 11</runs>
            <runs>0 15 10 12 11</runs>
            <runs>0 15 10 12 10</runs>
            <runs>0 14 11 12 10</runs>
            <runs>0 14 11 11 12 9 3</runs>
            <runs>0 7 19 3 31</runs>
            <runs>60</runs>
            <runs>46</runs>
            <runs>24 5 16</runs>
            <runs>0 7 16 12 10</runs>
            <runs>0 8 14 12 10</runs>
            <runs>0 8 14 13 4 3 1</runs>
            <runs>0 8 13 14 2</runs>
        </run-table>
    </sample>
    <sample shape="SHARP" interline="21" pitch="1.1" left="534" top="1925" id="445">
        <run-table orientation="VERTICAL" width="23" height="68">
            <runs>0 43 9</runs>
            <runs>0 21 8 14 10</runs>
            <runs>0 21 10 12 10</runs>
            <runs>0 20 11 11 11</runs>
            <runs>0 20 11 11 18 2 2</runs>
            <runs>0 18 20 2 28</runs>
            <runs>0 7 61</runs>
            <runs>0 5 48 2 3</runs>
            <runs>0 16 14 9 12</runs>
            <runs>0 18 11 10 12</runs>
            <runs>0 18 10 12 10</runs>
            <runs>0 18 10 12 10</runs>
            <runs>0 17 11 12 10</runs>
            <runs>0 17 10 12 11</runs>
            <runs>0 17 10 11 13 1 10</runs>
            <runs>0 14 1 1 13 3 30</runs>
            <runs>9 1 52</runs>
            <runs>0 4 2 5 49</runs>
            <runs>0 15 12 7 2 1 11</runs>
            <runs>0 15 11 12 10</runs>
            <runs>0 15 11 11 10</runs>
            <runs>0 16 10 12 9</runs>
            <runs>0 41 2</runs>
        </run-table>
    </sample>
    <sample shape="SHARP" interline="21" pitch="-3.3" left="556" top="1883" id="439">
        <run-table orientation="VERTICAL" width="22" height="63">
            <runs>0 19 9 13 10</runs>
            <runs>0 18 10 13 10</runs>
            <runs>0 18 10 13 9</runs>
            <runs>0 17 11 12 12 6 1 1 2</runs>
            <runs>0 4 59</runs>
            <runs>0 3 60</runs>
            <runs>0 4 28 6 11</runs>
            <runs>0 15 11 13 10</runs>
            <runs>0 15 11 13 9</runs>
            <runs>0 15 11 12 10</runs>
            <runs>0 15 10 13 10</runs>
            <runs>0 15 10 12 11</runs>
            <runs>0 15 10 12 11</runs>
            <runs>0 14 12 10 13 9 1</runs>
            <runs>0 1 60</runs>
            <runs>60</runs>
            <runs>0 1 47 10 1</runs>
            <runs>0 11 14 10 11</runs>
            <runs>0 12 13 10 11</runs>
            <runs>0 12 13 10 11</runs>
            <runs>0 12 13 11 10</runs>
            <runs>0 14 11</runs>
        </run-table>
    </sample>
    <sample shape="SHARP" interline="21" pitch="-4.1" left="503" top="2212" id="455">
        <run-table orientation="VERTICAL" width="22" height="61">
            <runs>0 25 1 15 12</runs>
            <runs>0 17 10 12 15</runs>
            <runs>0 17 10 12 10</runs>
            <runs>0 17 10 12 10</runs>
            <runs>0 16 11 10 24</runs>
            <runs>0 4 57</runs>
            <runs>0 3 51</runs>
            <runs>0 3 23 11 10</runs>
            <runs>0 15 10 12 10</runs>
            <runs>0 15 9 13 10</runs>
            <runs>0 15 9 13 9</runs>
            <runs>0 15 9 12 10</runs>
            <runs>0 14 10 12 10</runs>
            <runs>0 14 10 12 10</runs>
            <runs>0 13 12 4 30</runs>
            <runs>47 1 9</runs>
            <runs>45</runs>
            <runs>0 1 22 6 15</runs>
            <runs>0 12 10 13 8</runs>
            <runs>0 12 10 13 7</runs>
            <runs>0 11 11</runs>
            <runs>0 12 9</runs>
        </run-table>
    </sample>
    <sample shape="SHARP" interline="21" pitch="-0.9" left="523" top="2247" id="456">
        <run-table orientation="VERTICAL" width="22" height="62">
            <runs>0 36 8</runs>
            <runs>0 36 9</runs>
            <runs>0 14 9 12 10</runs>
            <runs>0 13 10 12 10</runs>
            <runs>0 13 10 12 22</runs>
            <runs>0 12 12 1 37</runs>
            <runs>0 10 47</runs>
            <runs>25 4 16</runs>
            <runs>0 10 12 11 11</runs>
            <runs>0 11 11 11 10</runs>
            <runs>0 11 10 12 10</runs>
            <runs>0 11 10 11 10</runs>
            <runs>0 11 10 11 10</runs>
            <runs>0 10 11 11 10</runs>
            <runs>0 10 11 11 11 5 7</runs>
            <runs>0 10 11 8 26</runs>
            <runs>0 7 47</runs>
            <runs>0 6 35</runs>
            <runs>0 8 12 10 11</runs>
            <runs>0 9 11 11 10</runs>
            <runs>0 9 11 10 11</runs>
            <runs>0 9 11 11 10</runs>
        </run-table>
    </sample>
    <sample shape="SHARP" interline="21" pitch="-5.2" left="546" top="2202" id="457">
        <run-table orientation="VERTICAL" width="22" height="65">
            <runs>0 17 8 15 8</runs>
            <runs>0 17 9 14 8</runs>
            <runs>0 16 10 13 9</runs>
            <runs>0 16 10 12 10</runs>
            <runs>0 15 50</runs>
            <runs>0 3 57</runs>
            <runs>0 2 26 7 13</runs>
            <runs>0 5 1 8 11 12 10</runs>
            <runs>0 15 10 12 10</runs>
            <runs>0 15 9 13 9</runs>
            <runs>0 14 10 13 9</runs>
            <runs>0 14 10 12 10</runs>
            <runs>0 14 9 13 10</runs>
            <runs>0 13 10 12 11 9 1</runs>
            <runs>0 8 2 2 12 2 3 2 27</runs>
            <runs>58</runs>
            <runs>45</runs>
            <runs>0 1 3 3 15 12 10</runs>
            <runs>0 11 11 12 11</runs>
            <runs>0 11 11 12 11</runs>
            <runs>0 11 10 13 11</runs>
            <runs>0 11 9</runs>
        </run-table>
    </sample>
    <sample shape="SHARP" interline="21" pitch="-4.2" left="494" top="2503" id="461">
        <run-table orientation="VERTICAL" width="23" height="64">
            <runs>0 21 14 7 10</runs>
            <runs>0 19 16 6 11</runs>
            <runs>0 18 17 5 16</runs>
            <runs>0 17 19 4 17 4 2</runs>
            <runs>0 17 47</runs>
            <runs>0 10 3 2 49</runs>
            <runs>0 4 59</runs>
            <runs>0 3 47</runs>
            <runs>0 4 24 10 12</runs>
            <runs>0 15 12 11 11</runs>
            <runs>0 15 12 11 11</runs>
            <runs>0 15 12 11 11</runs>
            <runs>0 15 11 12 11</runs>
            <runs>0 15 11 11 12</runs>
            <runs>0 14 12 6 29</runs>
            <runs>0 12 17 1 30</runs>
            <runs>0 1 48</runs>
            <runs>47</runs>
            <runs>0 1 25 6 14</runs>
            <runs>0 3 1 8 12 8 14</runs>
            <runs>0 12 12 8 12</runs>
            <runs>0 13 10 16 1</runs>
            <runs>0 13 10</runs>
        </run-table>
    </sample>
    <sample shape="SHARP" interline="21" pitch="-1.0" left="516" top="2536" id="462">
        <run-table orientation="VERTICAL" width="24" height="68">
            <runs>0 42 9</runs>
            <runs>0 42 10</runs>
            <runs>0 20 9 12 11</runs>
            <runs>0 19 10 12 11</runs>
            <runs>0 19 10 12 11 7 9</runs>
            <runs>0 18 14 4 32</runs>
            <runs>0 13 1 2 47</runs>
            <runs>52</runs>
            <runs>31 2 1 2 14</runs>
            <runs>0 15 13 11 11</runs>
            <runs>0 16 11 12 10</runs>
            <runs>0 16 11 12 10</runs>
            <runs>0 17 10 11 11</runs>
            <runs>0 17 9 12 10</runs>
            <runs>0 16 10 11 12 8 4</runs>
            <runs>0 16 10 9 27</runs>
            <runs>0 14 48</runs>
            <runs>58 1 2</runs>
            <runs>7 2 39</runs>
            <runs>0 13 13 10 11</runs>
            <runs>0 13 12 11 11</runs>
            <runs>0 14 11 11 11</runs>
            <runs>0 14 11 12 9</runs>
            <runs>0 14 3 1 7</runs>
        </run-table>
    </sample>
    <sample shape="SHARP" interline="21" pitch="-5.6" left="538" top="2489" id="464">
        <run-table orientation="VERTICAL" width="23" height="63">
            <runs>0 41 10</runs>
            <runs>0 17 10 13 11</runs>
            <runs>0 17 11 12 11</runs>
            <runs>0 16 12 11 12</runs>
            <runs>0 15 13 10 14 6 4</runs>
            <runs>0 2 61</runs>
            <runs>0 2 60</runs>
            <runs>0 2 25 6 18 7 3</runs>
            <runs>0 3 1 10 12 11 14</runs>
            <runs>0 14 11 13 13</runs>
            <runs>0 14 10 13 14</runs>
            <runs>0 14 10 13 10</runs>
            <runs>0 13 11 13 14</runs>
            <runs>0 13 11 12 15</runs>
            <runs>0 13 12 10 24</runs>
            <runs>59</runs>
            <runs>59</runs>
            <runs>27 2 24</runs>
            <runs>0 11 12 12 10</runs>
            <runs>0 11 11 12 10</runs>
            <runs>0 11 10 13 10</runs>
            <runs>0 11 9 14 7</runs>
            <runs>0 17 2</runs>
        </run-table>
    </sample>
    <sample shape="SHARP" interline="21" pitch="-4.3" left="484" top="2863" id="504">
        <run-table orientation="VERTICAL" width="23" height="61">
            <runs>0 23 2 14 11</runs>
            <runs>0 17 10 12 10</runs>
            <runs>0 17 10 12 11 8 1</runs>
            <runs>0 16 10 12 23</runs>
            <runs>0 15 13 1 32</runs>
            <runs>0 3 58</runs>
            <runs>0 2 46</runs>
            <runs>0 3 23 10 11</runs>
            <runs>0 14 11 12 10</runs>
            <runs>0 15 10 12 9</runs>
            <runs>0 15 10 12 9</runs>
            <runs>0 14 10 12 10</runs>
            <runs>0 14 10 12 10</runs>
            <runs>0 14 10 11 13 3 8</runs>
            <runs>0 13 14 3 29</runs>
            <runs>4 3 42 2 7</runs>
            <runs>44</runs>
            <runs>24 6 14</runs>
            <runs>0 1 22 8 13</runs>
            <runs>0 11 12 8 12</runs>
            <runs>0 11 11 9 8</runs>
            <runs>0 11 11</runs>
            <runs>0 12 7</runs>
        </run-table>
    </sample>
    <sample shape="SHARP" interline="21" pitch="-1.1" left="506" top="2894" id="505">
        <run-table orientation="VERTICAL" width="23" height="68">
            <runs>0 41 10</runs>
            <runs>0 21 7 12 11</runs>
            <runs>0 20 8 13 10</runs>
            <runs>0 19 9 13 11 6 10</runs>
            <runs>0 18 10 11 29</runs>
            <runs>0 16 52</runs>
            <runs>0 5 47</runs>
            <runs>28 9 13</runs>
            <runs>8 2 17 12 10</runs>
            <runs>0 16 11 11 11</runs>
            <runs>0 17 10 11 11</runs>
            <runs>0 16 10 12 10</runs>
            <runs>0 16 10 12 10</runs>
            <runs>0 16 10 11 12 2 2 2 1 1 3</runs>
            <runs>0 15 11 10 25</runs>
            <runs>0 14 13 2 31</runs>
            <runs>0 8 47 2 2</runs>
            <runs>47</runs>
            <runs>0 12 14 10 11</runs>
            <runs>0 14 12 10 11</runs>
            <runs>0 14 12 10 11</runs>
            <runs>0 14 12 11 10</runs>
            <runs>0 19 7</runs>
        </run-table>
    </sample>
    <sample shape="SHARP" interline="21" pitch="-5.4" left="528" top="2852" id="506">
        <run-table orientation="VERTICAL" width="23" height="61">
            <runs>0 17 9 13 9</runs>
            <runs>0 16 10 13 10</runs>
            <runs>0 16 10 13 10</runs>
            <runs>0 16 10 12 11</runs>
            <runs>0 11 50</runs>
            <runs>0 3 57</runs>
            <runs>0 2 46</runs>
            <runs>0 2 23 11 11</runs>
            <runs>0 13 12 12 10</runs>
            <runs>0 14 11 11 11</runs>
            <runs>0 14 10 12 10</runs>
            <runs>0 14 10 12 10</runs>
            <runs>0 13 11 12 10</runs>
            <runs>0 13 11 11 12 3 1 1 1 3 2</runs>
            <runs>0 11 15 2 30</runs>
            <runs>59</runs>
            <runs>48 5 4</runs>
            <runs>24 9 14</runs>
            <runs>0 10 13 11 13</runs>
            <runs>0 11 11 11 14</runs>
            <runs>0 11 10 13 13</runs>
            <runs>0 11 9 16 2</runs>
            <runs>0 17 1</runs>
        </run-table>
    </sample>
    <sample shape="SHARP" interline="21" pitch="1.1" left="497" top="3207" id="511">
        <run-table orientation="VERTICAL" width="24" height="68">
            <runs>0 46 2</runs>
            <runs>0 42 10</runs>
            <runs>0 21 8 13 10</runs>
            <runs>0 20 9 13 10</runs>
            <runs>0 20 9 13 10 6 10</runs>
            <runs>0 20 10 7 31</runs>
            <runs>0 19 15 2 21 2 3</runs>
            <runs>0 10 2 1 20 3 16</runs>
            <runs>0 5 25 10 11</runs>
            <runs>0 5 7 5 11 12 10</runs>
            <runs>0 17 11 12 10</runs>
            <runs>0 17 11 11 11</runs>
            <runs>0 17 11 11 11</runs>
            <runs>0 17 11 11 11</runs>
            <runs>0 17 11 11 11 4 8</runs>
            <runs>0 17 11 10 24</runs>
            <runs>0 16 45</runs>
            <runs>0 8 1 1 40</runs>
            <runs>31 3 1 3 11</runs>
            <runs>0 15 12 11 10</runs>
            <runs>0 15 11 12 10</runs>
            <runs>0 15 11 12 10</runs>
            <runs>0 16 10 13 2</runs>
            <runs>0 18 8</runs>
        </run-table>
    </sample>
    <sample shape="SHARP" interline="21" pitch="-2.3" left="476" top="3175" id="510">
        <run-table orientation="VERTICAL" width="23" height="62">
            <runs>0 40 9</runs>
            <runs>0 22 5 12 10</runs>
            <runs>0 17 10 12 10</runs>
            <runs>0 16 11 11 12 9 3</runs>
            <runs>0 16 11 3 32</runs>
            <runs>0 16 41 2 2</runs>
            <runs>0 3 4 1 41</runs>
            <runs>0 2 26 1 19</runs>
            <runs>0 2 23 12 10</runs>
            <runs>0 10 15 11 11</runs>
            <runs>0 10 15 12 10</runs>
            <runs>0 10 15 11 11</runs>
            <runs>0 14 10 12 11</runs>
            <runs>0 10 14 7 16 5 7</runs>
            <runs>0 11 13 7 28</runs>
            <runs>0 10 38</runs>
            <runs>0 5 41</runs>
            <runs>26 3 16</runs>
            <runs>24 7 13</runs>
            <runs>0 10 13 9 11</runs>
            <runs>0 10 12 10 11</runs>
            <runs>0 11 11 10 10</runs>
            <runs>0 11 10</runs>
        </run-table>
    </sample>
</samples>
