<?xml version="1.0" encoding="UTF-8" standalone="yes"?>
<samples sheet-name="IMSLP00006#11">
    <sample shape="F_CLEF" interline="22" pitch="-1.6" left="285" top="561" id="309">
        <run-table orientation="VERTICAL" width="57" height="68">
            <runs>0 14 2</runs>
            <runs>0 11 14 39 1</runs>
            <runs>0 10 16 38 1</runs>
            <runs>0 8 19 37 1</runs>
            <runs>0 6 6 8 8 35 2</runs>
            <runs>0 6 4 9 10 34 2</runs>
            <runs>0 5 4 9 12 32 6</runs>
            <runs>0 4 3 10 13 32 6</runs>
            <runs>0 3 3 11 13 31 7</runs>
            <runs>0 3 3 11 13 31 4</runs>
            <runs>0 3 2 11 13 31 4</runs>
            <runs>0 3 2 11 14 30 4</runs>
            <runs>0 3 1 12 14 29 5</runs>
            <runs>0 3 1 12 14 29 4</runs>
            <runs>0 3 1 12 13 29 5</runs>
            <runs>0 17 12 29 4</runs>
            <runs>0 17 11 29 4</runs>
            <runs>0 18 8 30 5</runs>
            <runs>0 19 6 31 4</runs>
            <runs>0 55 5</runs>
            <runs>0 54 6</runs>
            <runs>0 53 6</runs>
            <runs>0 3 1 48 6</runs>
            <runs>0 3 1 47 7</runs>
            <runs>0 3 2 44 8</runs>
            <runs>0 3 2 43 8</runs>
            <runs>0 3 2 39 12</runs>
            <runs>6 38 11</runs>
            <runs>7 37 10</runs>
            <runs>8 34 11</runs>
            <runs>9 30 13</runs>
            <runs>11 26 14</runs>
            <runs>12 22 16</runs>
            <runs>0 1 15 6 27</runs>
            <runs>0 1 47</runs>
            <runs>0 4 44</runs>
            <runs>0 4 43</runs>
            <runs>0 5 41</runs>
            <runs>0 6 40</runs>
            <runs>0 7 35</runs>
            <runs>0 8 33</runs>
            <runs>0 9 30</runs>
            <runs>0 10 25</runs>
            <runs>0 13 20</runs>
            <runs>0 15 16</runs>
            <runs>0 19 6</runs>
            <runs></runs>
            <runs></runs>
            <runs>0 9 4</runs>
            <runs>0 8 6 15 4</runs>
            <runs>0 7 8 13 6</runs>
            <runs>0 7 8 12 7</runs>
            <runs>0 7 8 12 8</runs>
            <runs>0 7 8 12 7</runs>
            <runs>0 7 7 14 7</runs>
            <runs>0 8 6 14 6</runs>
            <runs>0 9 3 17 4</runs>
        </run-table>
    </sample>
    <sample shape="F_CLEF" interline="22" pitch="-1.6" left="166" top="1077" id="365">
        <run-table orientation="VERTICAL" width="61" height="70">
            <runs>0 66 1</runs>
            <runs>0 65 2</runs>
            <runs>0 65 2</runs>
            <runs>0 65 2</runs>
            <runs>0 65 2</runs>
            <runs>0 11 14 39 3</runs>
            <runs>0 10 15 39 6</runs>
            <runs>0 8 19 37 5</runs>
            <runs>0 6 6 8 8 35 6</runs>
            <runs>0 6 4 9 9 35 3</runs>
            <runs>0 5 4 9 11 34 3</runs>
            <runs>0 2 6 10 12 33 2</runs>
            <runs>0 1 6 10 13 32 3</runs>
            <runs>0 5 1 11 13 31 4</runs>
            <runs>0 16 14 31 3</runs>
            <runs>0 16 14 31 3</runs>
            <runs>0 16 14 30 4</runs>
            <runs>0 16 14 30 3</runs>
            <runs>0 16 13 30 4</runs>
            <runs>0 17 12 29 5</runs>
            <runs>0 17 11 30 4</runs>
            <runs>0 18 9 30 5</runs>
            <runs>0 21 2 33 5</runs>
            <runs>0 56 5</runs>
            <runs>0 55 5</runs>
            <runs>0 54 6</runs>
            <runs>0 53 6</runs>
            <runs>0 52 6</runs>
            <runs>0 50 7</runs>
            <runs>0 49 8</runs>
            <runs>6 42 8</runs>
            <runs>7 38 10</runs>
            <runs>0 1 7 36 11</runs>
            <runs>0 1 8 34 11</runs>
            <runs>0 1 9 31 12</runs>
            <runs>0 1 11 26 14</runs>
            <runs>0 1 14 20 16</runs>
            <runs>0 1 18 10 21</runs>
            <runs>0 4 46</runs>
            <runs>0 4 45</runs>
            <runs>0 5 42</runs>
            <runs>0 7 40</runs>
            <runs>0 8 39</runs>
            <runs>0 9 38</runs>
            <runs>0 11 31</runs>
            <runs>0 11 29</runs>
            <runs>0 13 25</runs>
            <runs>0 15 21</runs>
            <runs>0 20 13</runs>
            <runs>0 29 2</runs>
            <runs></runs>
            <runs>0 11 3</runs>
            <runs>0 9 7</runs>
            <runs>0 8 9 13 5</runs>
            <runs>0 8 9 12 7</runs>
            <runs>0 8 9 12 8</runs>
            <runs>0 8 9 12 8</runs>
            <runs>0 8 8 13 8</runs>
            <runs>0 9 7 13 8</runs>
            <runs>0 11 3 15 8</runs>
            <runs>0 30 6</runs>
        </run-table>
    </sample>
    <sample shape="TIME_TWO" interline="22" pitch="-2.1" left="433" top="361" id="334">
        <run-table orientation="VERTICAL" width="30" height="40">
            <runs>0 35 4</runs>
            <runs>0 8 3 20 8</runs>
            <runs>0 4 8 17 9</runs>
            <runs>0 2 12 13 8</runs>
            <runs>0 1 13 12 7</runs>
            <runs>15 10 8</runs>
            <runs>15 9 9</runs>
            <runs>15 8 3 2 6</runs>
            <runs>15 8 2 2 8</runs>
            <runs>15 8 1 3 9</runs>
            <runs>0 5 9 13 10</runs>
            <runs>0 6 8 13 10</runs>
            <runs>0 6 7 14 11</runs>
            <runs>0 9 2 16 12</runs>
            <runs>0 16 6 5 12</runs>
            <runs>0 16 5 6 12</runs>
            <runs>0 14 7 7 11</runs>
            <runs>0 1 1 10 9 7 12</runs>
            <runs>7 1 13 7 11</runs>
            <runs>21 8 10</runs>
            <runs>21 8 10</runs>
            <runs>21 8 10</runs>
            <runs>21 8 9</runs>
            <runs>21 8 8</runs>
            <runs>0 1 17 11 8</runs>
            <runs>0 1 17 10 8</runs>
            <runs>0 2 16 6 11</runs>
            <runs>0 3 14 6 9</runs>
            <runs>0 4 12 10 1</runs>
            <runs>0 7 6</runs>
        </run-table>
    </sample>
    <sample shape="TIME_TWO" interline="22" pitch="-2.1" left="431" top="564" id="347">
        <run-table orientation="VERTICAL" width="30" height="40">
            <runs>0 31 7</runs>
            <runs>0 29 9</runs>
            <runs>0 5 6 17 7</runs>
            <runs>0 3 10 14 7</runs>
            <runs>0 2 12 12 7</runs>
            <runs>0 1 13 11 8</runs>
            <runs>15 9 3 2 4</runs>
            <runs>15 8 3 3 6</runs>
            <runs>15 7 3 3 9</runs>
            <runs>15 7 2 3 11</runs>
            <runs>15 7 1 4 11</runs>
            <runs>0 5 9 8 1 4 12</runs>
            <runs>0 6 7 9 1 5 11</runs>
            <runs>0 7 4 7 1 9 11</runs>
            <runs>0 17 2 9 11</runs>
            <runs>0 17 2 9 11</runs>
            <runs>0 16 6 7 10</runs>
            <runs>0 14 8 7 11</runs>
            <runs>0 1 1 10 10 8 9</runs>
            <runs>22 8 9</runs>
            <runs>22 9 9</runs>
            <runs>21 9 10</runs>
            <runs>21 9 9</runs>
            <runs>21 9 9</runs>
            <runs>0 1 20 9 8</runs>
            <runs>0 2 19 8 8</runs>
            <runs>0 2 19 4 9</runs>
            <runs>0 4 13 7 7</runs>
            <runs>0 5 12</runs>
            <runs>0 7 8</runs>
        </run-table>
    </sample>
    <sample shape="TIME_FOUR" interline="22" pitch="2.1" left="435" top="407" id="323">
        <run-table orientation="VERTICAL" width="29" height="38">
            <runs>0 27 3</runs>
            <runs>0 26 4</runs>
            <runs>0 24 6</runs>
            <runs>0 22 8</runs>
            <runs>0 20 10</runs>
            <runs>0 17 13</runs>
            <runs>0 17 13</runs>
            <runs>0 14 10 1 5</runs>
            <runs>0 12 11 3 4</runs>
            <runs>0 9 11 6 4</runs>
            <runs>0 2 17 7 4</runs>
            <runs>19 7 4</runs>
            <runs>19 7 4</runs>
            <runs>19 7 4</runs>
            <runs>14 12 4</runs>
            <runs>14 12 4</runs>
            <runs>12 13 13</runs>
            <runs>10 5 23</runs>
            <runs>7 6 25</runs>
            <runs>6 6 26</runs>
            <runs>4 6 28</runs>
            <runs>0 1 1 7 29</runs>
            <runs>0 8 30</runs>
            <runs>0 7 31</runs>
            <runs>0 5 33</runs>
            <runs>0 4 34</runs>
            <runs>0 4 27</runs>
            <runs>0 26 4</runs>
            <runs>0 26 4</runs>
        </run-table>
    </sample>
    <sample shape="TIME_FOUR" interline="22" pitch="2.1" left="432" top="609" id="340">
        <run-table orientation="VERTICAL" width="30" height="39">
            <runs>0 28 3</runs>
            <runs>0 26 5</runs>
            <runs>0 25 6</runs>
            <runs>0 23 8</runs>
            <runs>0 18 13</runs>
            <runs>0 18 7 2 4</runs>
            <runs>0 17 8 2 4</runs>
            <runs>0 13 10 4 4</runs>
            <runs>0 6 15 6 4</runs>
            <runs>0 1 19 7 4</runs>
            <runs>0 1 19 7 4</runs>
            <runs>0 1 19 7 4</runs>
            <runs>0 1 19 7 4</runs>
            <runs>0 1 14 13 3</runs>
            <runs>0 1 13 14 3</runs>
            <runs>12 16 4 4 3</runs>
            <runs>10 7 7 1 14</runs>
            <runs>0 1 7 6 25</runs>
            <runs>0 1 5 6 27</runs>
            <runs>0 1 3 7 28</runs>
            <runs>0 1 1 7 30</runs>
            <runs>0 8 31</runs>
            <runs>0 6 33</runs>
            <runs>0 4 35</runs>
            <runs>0 4 35</runs>
            <runs>0 4 28 4 3</runs>
            <runs>0 27 4</runs>
            <runs>0 27 3</runs>
            <runs>0 27 4</runs>
            <runs>0 27 4</runs>
        </run-table>
    </sample>
    <sample shape="TIME_TWO_FOUR" interline="22" pitch="-0.1" left="433" top="361" id="327">
        <run-table orientation="VERTICAL" width="31" height="84">
            <runs>0 35 4</runs>
            <runs>0 8 3 20 8</runs>
            <runs>0 4 8 17 9 35 3</runs>
            <runs>0 2 12 13 8 37 4</runs>
            <runs>0 1 13 12 7 37 6</runs>
            <runs>15 10 8 35 8</runs>
            <runs>15 9 9 33 10</runs>
            <runs>15 8 3 2 6 29 13</runs>
            <runs>15 8 2 2 8 28 13</runs>
            <runs>15 8 1 3 9 24 10 1 5</runs>
            <runs>0 5 9 13 10 21 11 3 4</runs>
            <runs>0 6 8 13 10 18 11 6 4</runs>
            <runs>0 6 7 14 11 10 17 7 4</runs>
            <runs>0 9 2 16 12 7 19 7 4</runs>
            <runs>0 16 6 5 12 7 19 7 4</runs>
            <runs>0 16 5 6 12 7 19 7 4</runs>
            <runs>0 14 7 7 11 7 14 12 4</runs>
            <runs>0 1 1 10 9 7 15 3 14 12 4</runs>
            <runs>7 1 13 7 11 7 12 13 13</runs>
            <runs>21 8 10 7 10 5 23</runs>
            <runs>21 8 10 7 7 6 25</runs>
            <runs>21 8 10 7 6 6 26</runs>
            <runs>21 8 9 8 4 6 28</runs>
            <runs>21 8 8 10 1 7 29</runs>
            <runs>0 1 17 11 8 17 30</runs>
            <runs>0 1 17 10 8 17 31</runs>
            <runs>0 2 16 6 11 16 33</runs>
            <runs>0 3 14 6 9 18 34</runs>
            <runs>0 4 12 10 1 23 27</runs>
            <runs>0 7 6 59 4</runs>
            <runs>0 72 4</runs>
        </run-table>
    </sample>
    <sample shape="TIME_TWO_FOUR" interline="22" pitch="-0.1" left="431" top="564" id="345">
        <run-table orientation="VERTICAL" width="31" height="84">
            <runs>0 31 7</runs>
            <runs>0 29 9 35 3</runs>
            <runs>0 5 6 17 7 36 5</runs>
            <runs>0 3 10 14 7 36 6</runs>
            <runs>0 2 12 12 7 35 8</runs>
            <runs>0 1 13 11 8 30 13</runs>
            <runs>15 9 3 2 4 30 7 2 4</runs>
            <runs>15 8 3 3 6 27 8 2 4</runs>
            <runs>15 7 3 3 9 21 10 4 4</runs>
            <runs>15 7 2 3 11 13 15 6 4</runs>
            <runs>15 7 1 4 11 8 19 7 4</runs>
            <runs>0 5 9 8 1 4 12 7 19 7 4</runs>
            <runs>0 6 7 9 1 5 11 7 19 7 4</runs>
            <runs>0 7 4 7 1 9 11 7 19 7 4</runs>
            <runs>0 17 2 9 11 7 14 13 3</runs>
            <runs>0 17 2 9 11 7 13 14 3</runs>
            <runs>0 16 6 7 10 6 12 16 4 4 3</runs>
            <runs>0 14 8 7 11 5 10 7 7 1 14</runs>
            <runs>0 1 1 10 10 8 9 7 7 6 25</runs>
            <runs>22 8 9 7 5 6 27</runs>
            <runs>22 9 9 6 3 7 28</runs>
            <runs>21 9 10 6 1 7 30</runs>
            <runs>21 9 9 14 31</runs>
            <runs>21 9 9 12 33</runs>
            <runs>0 1 20 9 8 11 35</runs>
            <runs>0 2 19 8 8 12 35</runs>
            <runs>0 2 19 4 9 15 28 4 3</runs>
            <runs>0 4 13 7 7 41 4</runs>
            <runs>0 5 12 55 3</runs>
            <runs>0 7 8 57 4</runs>
            <runs>0 72 4</runs>
        </run-table>
    </sample>
</samples>
