<?xml version="1.0" encoding="UTF-8"?>
<stick id="295" interline="22" shape="STRUCTURE">
    <is-within-system>true</is-within-system>
    <has-ledger>true</has-ledger>
    <stem-number>0</stem-number>
    <step-line>3.255813953488372</step-line>
    <moments>
        <k>7.601239669421488</k>
        <k>7.818181818181818</k>
        <k>7.2272727272727275</k>
        <k>0.8620178040642305</k>
        <k>-0.2867260382795654</k>
        <k>0.6259604673807616</k>
        <k>-0.11651079001302733</k>
        <k>-0.2554315294460342</k>
        <k>0.33653442967401</k>
        <k>-0.49516274668673044</k>
        <k>1.487978271444992</k>
        <k>0.38457035031207176</k>
        <k>1.3416453945582398</k>
        <k>0.6118021693729349</k>
        <k>0.3216830510492935</k>
        <k>0.06784435325706069</k>
        <k>0.451392379946197</k>
        <k>938.6724653438434</k>
        <k>644.969556944822</k>
    </moments>
    <members>
        <section id="1877" first-pos="854">
            <run start="629" length="1" level="213"/>
        </section>
        <section id="1880" first-pos="855">
            <run start="614" length="25" level="197"/>
        </section>
        <section id="1878" first-pos="854">
            <run start="634" length="1" level="227"/>
        </section>
        <section id="1888" first-pos="856">
            <run start="608" length="87" level="42"/>
            <run start="608" length="87" level="32"/>
        </section>
        <section id="1881" first-pos="855">
            <run start="650" length="1" level="204"/>
        </section>
        <section id="1879" first-pos="854">
            <run start="652" length="3" level="200"/>
            <run start="652" length="6" level="108"/>
        </section>
        <section id="1882" first-pos="855">
            <run start="668" length="9" level="51"/>
        </section>
        <section id="1883" first-pos="855">
            <run start="688" length="2" level="153"/>
        </section>
        <section id="1884" first-pos="855">
            <run start="691" length="2" level="156"/>
        </section>
        <section id="1899" first-pos="858">
            <run start="608" length="45" level="78"/>
        </section>
        <section id="1904" first-pos="859">
            <run start="606" length="14" level="84"/>
            <run start="605" length="16" level="75"/>
            <run start="604" length="17" level="63"/>
            <run start="604" length="17" level="59"/>
            <run start="603" length="18" level="56"/>
            <run start="602" length="19" level="56"/>
            <run start="602" length="20" level="60"/>
            <run start="601" length="21" level="51"/>
            <run start="601" length="21" level="51"/>
            <run start="600" length="21" level="51"/>
            <run start="600" length="21" level="51"/>
            <run start="600" length="21" level="54"/>
            <run start="600" length="20" level="54"/>
            <run start="600" length="20" level="54"/>
            <run start="600" length="20" level="56"/>
            <run start="600" length="19" level="59"/>
            <run start="600" length="18" level="59"/>
            <run start="600" length="18" level="63"/>
            <run start="600" length="17" level="71"/>
            <run start="601" length="15" level="75"/>
            <run start="601" length="14" level="90"/>
        </section>
        <section id="1934" first-pos="880">
            <run start="602" length="9" level="83"/>
            <run start="604" length="7" level="126"/>
            <run start="608" length="3" level="198"/>
        </section>
        <section id="1900" first-pos="858">
            <run start="655" length="4" level="13"/>
        </section>
        <section id="1901" first-pos="858">
            <run start="675" length="20" level="79"/>
        </section>
        <section id="1905" first-pos="859">
            <run start="681" length="14" level="33"/>
            <run start="681" length="13" level="21"/>
            <run start="681" length="13" level="21"/>
            <run start="681" length="13" level="21"/>
            <run start="681" length="13" level="20"/>
            <run start="681" length="13" level="21"/>
            <run start="681" length="13" level="21"/>
            <run start="681" length="13" level="21"/>
            <run start="681" length="13" level="21"/>
            <run start="681" length="13" level="21"/>
            <run start="680" length="14" level="22"/>
            <run start="680" length="14" level="19"/>
            <run start="680" length="14" level="33"/>
            <run start="680" length="13" level="21"/>
            <run start="680" length="13" level="21"/>
            <run start="680" length="13" level="21"/>
            <run start="680" length="13" level="21"/>
            <run start="680" length="13" level="21"/>
            <run start="680" length="13" level="21"/>
            <run start="680" length="13" level="21"/>
            <run start="680" length="13" level="21"/>
            <run start="679" length="14" level="22"/>
            <run start="679" length="14" level="19"/>
            <run start="679" length="14" level="33"/>
            <run start="679" length="13" level="21"/>
            <run start="679" length="13" level="21"/>
            <run start="679" length="13" level="21"/>
            <run start="679" length="13" level="21"/>
            <run start="679" length="13" level="21"/>
            <run start="679" length="13" level="21"/>
            <run start="679" length="13" level="21"/>
            <run start="679" length="13" level="21"/>
            <run start="678" length="14" level="22"/>
            <run start="679" length="13" level="34"/>
            <run start="678" length="13" level="23"/>
            <run start="678" length="13" level="21"/>
            <run start="678" length="13" level="21"/>
            <run start="678" length="13" level="21"/>
            <run start="678" length="13" level="21"/>
            <run start="678" length="13" level="21"/>
            <run start="678" length="13" level="21"/>
            <run start="678" length="13" level="21"/>
            <run start="678" length="13" level="21"/>
            <run start="678" length="13" level="21"/>
            <run start="678" length="13" level="21"/>
            <run start="678" length="12" level="20"/>
            <run start="677" length="13" level="23"/>
            <run start="677" length="13" level="21"/>
            <run start="677" length="13" level="21"/>
            <run start="677" length="13" level="21"/>
            <run start="677" length="13" level="21"/>
            <run start="677" length="13" level="21"/>
            <run start="677" length="13" level="21"/>
            <run start="677" length="13" level="21"/>
            <run start="677" length="13" level="21"/>
            <run start="677" length="13" level="21"/>
            <run start="676" length="14" level="21"/>
            <run start="676" length="13" level="19"/>
            <run start="676" length="13" level="21"/>
            <run start="676" length="13" level="21"/>
            <run start="676" length="13" level="21"/>
            <run start="676" length="13" level="21"/>
            <run start="676" length="13" level="20"/>
            <run start="676" length="13" level="21"/>
            <run start="676" length="13" level="21"/>
            <run start="676" length="13" level="21"/>
            <run start="676" length="13" level="21"/>
            <run start="676" length="12" level="20"/>
            <run start="676" length="13" level="24"/>
            <run start="675" length="13" level="21"/>
            <run start="675" length="13" level="21"/>
            <run start="675" length="13" level="21"/>
            <run start="675" length="13" level="21"/>
            <run start="675" length="13" level="21"/>
            <run start="675" length="13" level="21"/>
            <run start="675" length="13" level="21"/>
            <run start="675" length="13" level="21"/>
            <run start="675" length="13" level="21"/>
            <run start="675" length="13" level="21"/>
            <run start="674" length="14" level="21"/>
            <run start="674" length="13" level="18"/>
            <run start="674" length="13" level="21"/>
            <run start="674" length="13" level="20"/>
            <run start="674" length="13" level="21"/>
            <run start="674" length="13" level="21"/>
            <run start="674" length="13" level="21"/>
            <run start="674" length="13" level="21"/>
            <run start="674" length="13" level="21"/>
            <run start="674" length="13" level="21"/>
            <run start="674" length="13" level="21"/>
            <run start="673" length="14" level="21"/>
            <run start="673" length="14" level="19"/>
            <run start="673" length="13" level="18"/>
            <run start="673" length="13" level="21"/>
            <run start="673" length="13" level="21"/>
            <run start="673" length="13" level="21"/>
            <run start="673" length="13" level="21"/>
            <run start="673" length="13" level="21"/>
            <run start="673" length="13" level="21"/>
            <run start="673" length="13" level="21"/>
            <run start="673" length="13" level="21"/>
            <run start="673" length="13" level="21"/>
            <run start="673" length="13" level="20"/>
            <run start="673" length="13" level="21"/>
            <run start="672" length="14" level="21"/>
            <run start="672" length="14" level="19"/>
            <run start="672" length="13" level="18"/>
            <run start="672" length="13" level="21"/>
            <run start="672" length="13" level="21"/>
            <run start="672" length="13" level="21"/>
            <run start="672" length="13" level="21"/>
            <run start="672" length="13" level="20"/>
            <run start="672" length="13" level="21"/>
            <run start="671" length="14" level="21"/>
            <run start="672" length="13" level="20"/>
            <run start="672" length="12" level="3"/>
            <run start="671" length="13" level="5"/>
            <run start="671" length="13" level="18"/>
            <run start="671" length="12" level="3"/>
            <run start="671" length="12" level="3"/>
            <run start="671" length="12" level="3"/>
            <run start="671" length="12" level="3"/>
            <run start="671" length="12" level="2"/>
            <run start="671" length="12" level="2"/>
            <run start="670" length="13" level="4"/>
            <run start="670" length="13" level="2"/>
            <run start="670" length="13" level="2"/>
            <run start="670" length="13" level="2"/>
            <run start="670" length="13" level="2"/>
            <run start="670" length="13" level="18"/>
            <run start="670" length="12" level="1"/>
            <run start="670" length="12" level="1"/>
            <run start="670" length="12" level="1"/>
            <run start="670" length="12" level="1"/>
            <run start="669" length="13" level="3"/>
            <run start="669" length="13" level="1"/>
            <run start="669" length="13" level="1"/>
            <run start="669" length="13" level="1"/>
            <run start="669" length="13" level="2"/>
            <run start="669" length="13" level="2"/>
        </section>
        <section id="2160" first-pos="999">
            <run start="546" length="136" level="35"/>
            <run start="544" length="137" level="51"/>
        </section>
        <section id="2149" first-pos="998">
            <run start="546" length="92" level="147"/>
        </section>
        <section id="2139" first-pos="997">
            <run start="565" length="1" level="112"/>
        </section>
        <section id="2140" first-pos="997">
            <run start="569" length="1" level="126"/>
        </section>
        <section id="2141" first-pos="997">
            <run start="583" length="2" level="146"/>
        </section>
        <section id="2142" first-pos="997">
            <run start="586" length="2" level="146"/>
        </section>
        <section id="2143" first-pos="997">
            <run start="591" length="1" level="159"/>
        </section>
        <section id="2144" first-pos="997">
            <run start="620" length="1" level="202"/>
        </section>
        <section id="2145" first-pos="997">
            <run start="625" length="1" level="210"/>
        </section>
        <section id="2146" first-pos="997">
            <run start="630" length="1" level="209"/>
        </section>
        <section id="2147" first-pos="997">
            <run start="632" length="2" level="200"/>
        </section>
        <section id="2150" first-pos="998">
            <run start="649" length="1" level="1"/>
        </section>
        <section id="2051" first-pos="974">
            <run start="652" length="12" level="71"/>
            <run start="652" length="12" level="67"/>
            <run start="652" length="12" level="67"/>
            <run start="652" length="12" level="67"/>
            <run start="652" length="12" level="67"/>
            <run start="652" length="12" level="67"/>
            <run start="652" length="12" level="67"/>
            <run start="652" length="12" level="67"/>
            <run start="652" length="12" level="67"/>
            <run start="652" length="12" level="67"/>
            <run start="652" length="12" level="67"/>
            <run start="652" length="11" level="73"/>
            <run start="652" length="11" level="73"/>
            <run start="652" length="11" level="73"/>
            <run start="652" length="11" level="73"/>
            <run start="652" length="11" level="73"/>
            <run start="652" length="11" level="73"/>
            <run start="652" length="11" level="73"/>
            <run start="652" length="11" level="73"/>
            <run start="652" length="11" level="73"/>
            <run start="652" length="11" level="74"/>
            <run start="652" length="11" level="74"/>
            <run start="652" length="11" level="74"/>
            <run start="652" length="11" level="74"/>
            <run start="652" length="11" level="74"/>
        </section>
        <section id="2050" first-pos="973">
            <run start="656" length="1" level="226"/>
        </section>
        <section id="2179" first-pos="1001">
            <run start="544" length="13" level="90"/>
            <run start="542" length="15" level="85"/>
            <run start="542" length="15" level="68"/>
            <run start="541" length="16" level="69"/>
            <run start="540" length="17" level="65"/>
            <run start="539" length="19" level="63"/>
            <run start="539" length="19" level="55"/>
            <run start="538" length="20" level="55"/>
            <run start="538" length="20" level="52"/>
            <run start="537" length="21" level="68"/>
            <run start="537" length="20" level="55"/>
            <run start="536" length="21" level="60"/>
            <run start="536" length="21" level="60"/>
            <run start="536" length="21" level="68"/>
            <run start="536" length="20" level="63"/>
            <run start="536" length="20" level="71"/>
            <run start="536" length="19" level="67"/>
            <run start="536" length="19" level="75"/>
            <run start="536" length="18" level="79"/>
            <run start="537" length="16" level="85"/>
            <run start="537" length="15" level="106"/>
            <run start="538" length="12" level="111"/>
        </section>
        <section id="2219" first-pos="1023">
            <run start="539" length="7" level="104"/>
            <run start="541" length="3" level="108"/>
            <run start="543" length="1" level="176"/>
        </section>
        <section id="2180" first-pos="1001">
            <run start="558" length="3" level="152"/>
        </section>
        <section id="2181" first-pos="1001">
            <run start="562" length="24" level="130"/>
        </section>
        <section id="2196" first-pos="1002">
            <run start="566" length="2" level="200"/>
        </section>
        <section id="2197" first-pos="1002">
            <run start="569" length="1" level="17"/>
            <run start="569" length="1" level="143"/>
        </section>
        <section id="2182" first-pos="1001">
            <run start="587" length="1" level="101"/>
        </section>
        <section id="2183" first-pos="1001">
            <run start="589" length="8" level="124"/>
        </section>
        <section id="2184" first-pos="1001">
            <run start="603" length="1" level="92"/>
        </section>
        <section id="2185" first-pos="1001">
            <run start="605" length="2" level="84"/>
        </section>
        <section id="2186" first-pos="1001">
            <run start="613" length="1" level="77"/>
        </section>
        <section id="2187" first-pos="1001">
            <run start="615" length="2" level="69"/>
        </section>
        <section id="2188" first-pos="1001">
            <run start="630" length="1" level="38"/>
        </section>
        <section id="2189" first-pos="1001">
            <run start="632" length="5" level="102"/>
        </section>
        <section id="2190" first-pos="1001">
            <run start="638" length="1" level="41"/>
        </section>
        <section id="2191" first-pos="1001">
            <run start="641" length="2" level="29"/>
        </section>
        <section id="2192" first-pos="1001">
            <run start="649" length="1" level="11"/>
        </section>
        <section id="2193" first-pos="1001">
            <run start="652" length="10" level="82"/>
        </section>
        <section id="2194" first-pos="1001">
            <run start="669" length="12" level="21"/>
        </section>
        <section id="2198" first-pos="1002">
            <run start="674" length="7" level="223"/>
        </section>
    </members>
</stick>
