<?xml version="1.0" encoding="UTF-8"?>
<stick id="535" interline="21" shape="STRUCTURE">
    <is-within-system>true</is-within-system>
    <has-ledger>true</has-ledger>
    <stem-number>0</stem-number>
    <step-line>21.88235294117647</step-line>
    <moments>
        <k>7.160997732426304</k>
        <k>6.904761904761905</k>
        <k>7.857142857142857</k>
        <k>0.7554902873343694</k>
        <k>-0.3992407229055904</k>
        <k>0.9096972397563369</k>
        <k>-0.0024996036546516983</k>
        <k>-0.2586553641231497</k>
        <k>0.4964122770695546</k>
        <k>-0.6758315381021169</k>
        <k>1.6651875270907062</k>
        <k>0.6613524034799845</k>
        <k>2.2353045200570314</k>
        <k>1.1172154993904315</k>
        <k>1.7372618970891927</k>
        <k>0.8341309951774498</k>
        <k>0.3146398887404016</k>
        <k>484.50443318556046</k>
        <k>1752.7754908169727</k>
    </moments>
    <members>
        <section id="1057" first-pos="416">
            <run start="1772" length="3" level="200"/>
        </section>
        <section id="1059" first-pos="417">
            <run start="1767" length="10" level="199"/>
        </section>
        <section id="1063" first-pos="418">
            <run start="1729" length="78" level="112"/>
            <run start="1729" length="79" level="45"/>
            <run start="1726" length="82" level="59"/>
        </section>
        <section id="1058" first-pos="417">
            <run start="1764" length="2" level="218"/>
        </section>
        <section id="1060" first-pos="417">
            <run start="1781" length="13" level="210"/>
        </section>
        <section id="1071" first-pos="421">
            <run start="1725" length="48" level="108"/>
        </section>
        <section id="1074" first-pos="422">
            <run start="1723" length="16" level="94"/>
            <run start="1722" length="17" level="81"/>
            <run start="1722" length="18" level="78"/>
            <run start="1721" length="19" level="73"/>
            <run start="1720" length="20" level="69"/>
            <run start="1720" length="20" level="64"/>
            <run start="1719" length="21" level="66"/>
            <run start="1719" length="21" level="60"/>
            <run start="1719" length="21" level="60"/>
            <run start="1718" length="22" level="63"/>
            <run start="1718" length="22" level="63"/>
            <run start="1718" length="21" level="60"/>
            <run start="1718" length="21" level="60"/>
            <run start="1718" length="21" level="66"/>
            <run start="1718" length="20" level="69"/>
            <run start="1718" length="19" level="67"/>
            <run start="1718" length="19" level="73"/>
            <run start="1718" length="18" level="85"/>
            <run start="1719" length="16" level="87"/>
            <run start="1719" length="15" level="102"/>
            <run start="1720" length="13" level="111"/>
            <run start="1721" length="9" level="108"/>
            <run start="1723" length="7" level="170"/>
        </section>
        <section id="1072" first-pos="421">
            <run start="1775" length="2" level="110"/>
        </section>
        <section id="1073" first-pos="421">
            <run start="1793" length="15" level="50"/>
            <run start="1793" length="15" level="50"/>
            <run start="1793" length="15" level="50"/>
            <run start="1793" length="15" level="50"/>
            <run start="1793" length="15" level="50"/>
            <run start="1793" length="15" level="50"/>
            <run start="1793" length="15" level="50"/>
            <run start="1793" length="15" level="50"/>
            <run start="1793" length="15" level="50"/>
            <run start="1793" length="15" level="51"/>
            <run start="1793" length="15" level="51"/>
            <run start="1793" length="15" level="51"/>
            <run start="1793" length="15" level="51"/>
            <run start="1793" length="15" level="52"/>
            <run start="1793" length="14" level="55"/>
            <run start="1793" length="14" level="55"/>
            <run start="1793" length="14" level="55"/>
            <run start="1793" length="14" level="55"/>
            <run start="1793" length="14" level="55"/>
            <run start="1793" length="14" level="55"/>
            <run start="1793" length="14" level="55"/>
            <run start="1793" length="14" level="55"/>
            <run start="1793" length="14" level="56"/>
            <run start="1793" length="14" level="56"/>
            <run start="1793" length="14" level="56"/>
            <run start="1793" length="14" level="56"/>
            <run start="1793" length="14" level="56"/>
            <run start="1793" length="14" level="56"/>
            <run start="1793" length="14" level="56"/>
            <run start="1793" length="14" level="56"/>
            <run start="1793" length="14" level="56"/>
            <run start="1793" length="14" level="57"/>
            <run start="1793" length="13" level="60"/>
            <run start="1793" length="14" level="58"/>
            <run start="1793" length="13" level="61"/>
            <run start="1793" length="13" level="61"/>
            <run start="1793" length="13" level="61"/>
            <run start="1793" length="13" level="61"/>
            <run start="1793" length="13" level="62"/>
            <run start="1793" length="13" level="62"/>
            <run start="1793" length="13" level="62"/>
            <run start="1793" length="13" level="62"/>
            <run start="1793" length="13" level="62"/>
            <run start="1793" length="13" level="62"/>
            <run start="1793" length="13" level="62"/>
            <run start="1793" length="13" level="62"/>
            <run start="1793" length="13" level="63"/>
            <run start="1793" length="13" level="63"/>
            <run start="1793" length="13" level="63"/>
            <run start="1793" length="13" level="63"/>
            <run start="1793" length="13" level="63"/>
            <run start="1793" length="13" level="63"/>
            <run start="1793" length="13" level="64"/>
            <run start="1793" length="12" level="69"/>
            <run start="1793" length="12" level="69"/>
            <run start="1793" length="12" level="69"/>
            <run start="1793" length="12" level="69"/>
            <run start="1793" length="12" level="69"/>
            <run start="1793" length="12" level="69"/>
            <run start="1793" length="12" level="69"/>
            <run start="1793" length="12" level="70"/>
            <run start="1793" length="12" level="70"/>
            <run start="1793" length="11" level="55"/>
            <run start="1793" length="11" level="55"/>
            <run start="1793" length="11" level="55"/>
            <run start="1793" length="11" level="55"/>
            <run start="1793" length="11" level="55"/>
            <run start="1793" length="11" level="55"/>
            <run start="1793" length="11" level="55"/>
            <run start="1793" length="11" level="56"/>
            <run start="1793" length="10" level="61"/>
            <run start="1793" length="10" level="61"/>
            <run start="1793" length="10" level="61"/>
            <run start="1793" length="10" level="61"/>
            <run start="1793" length="10" level="61"/>
            <run start="1793" length="10" level="61"/>
            <run start="1793" length="10" level="61"/>
            <run start="1793" length="10" level="61"/>
            <run start="1793" length="10" level="61"/>
            <run start="1793" length="10" level="61"/>
            <run start="1793" length="10" level="61"/>
            <run start="1793" length="10" level="61"/>
            <run start="1793" length="10" level="61"/>
            <run start="1793" length="10" level="61"/>
            <run start="1793" length="10" level="61"/>
            <run start="1793" length="10" level="62"/>
            <run start="1793" length="10" level="62"/>
            <run start="1793" length="10" level="62"/>
            <run start="1793" length="10" level="62"/>
            <run start="1793" length="10" level="62"/>
            <run start="1793" length="10" level="62"/>
            <run start="1793" length="10" level="64"/>
            <run start="1793" length="9" level="69"/>
            <run start="1793" length="9" level="70"/>
            <run start="1793" length="9" level="70"/>
            <run start="1793" length="9" level="70"/>
            <run start="1793" length="9" level="70"/>
            <run start="1790" length="12" level="103"/>
            <run start="1789" length="13" level="112"/>
            <run start="1789" length="13" level="112"/>
            <run start="1789" length="13" level="112"/>
            <run start="1789" length="13" level="112"/>
            <run start="1789" length="13" level="112"/>
            <run start="1789" length="13" level="112"/>
            <run start="1789" length="13" level="112"/>
            <run start="1789" length="13" level="112"/>
            <run start="1789" length="13" level="112"/>
            <run start="1789" length="13" level="112"/>
            <run start="1789" length="13" level="112"/>
            <run start="1789" length="13" level="112"/>
            <run start="1789" length="13" level="114"/>
            <run start="1789" length="12" level="119"/>
            <run start="1788" length="13" level="112"/>
        </section>
        <section id="1326" first-pos="534">
            <run start="1704" length="98" level="156"/>
        </section>
        <section id="1322" first-pos="533">
            <run start="1774" length="1" level="207"/>
        </section>
        <section id="1328" first-pos="535">
            <run start="1653" length="148" level="58"/>
            <run start="1651" length="150" level="44"/>
        </section>
        <section id="1323" first-pos="534">
            <run start="1663" length="1" level="207"/>
        </section>
        <section id="1324" first-pos="534">
            <run start="1683" length="1" level="213"/>
        </section>
        <section id="1321" first-pos="533">
            <run start="1688" length="1" level="101"/>
            <run start="1688" length="1" level="54"/>
        </section>
        <section id="1325" first-pos="534">
            <run start="1701" length="2" level="170"/>
        </section>
        <section id="1332" first-pos="537">
            <run start="1650" length="140" level="105"/>
        </section>
        <section id="1335" first-pos="538">
            <run start="1649" length="25" level="94"/>
        </section>
        <section id="1344" first-pos="539">
            <run start="1647" length="20" level="41"/>
            <run start="1647" length="20" level="40"/>
            <run start="1646" length="21" level="38"/>
            <run start="1645" length="22" level="37"/>
            <run start="1645" length="22" level="36"/>
            <run start="1644" length="23" level="35"/>
            <run start="1644" length="23" level="35"/>
            <run start="1643" length="24" level="34"/>
            <run start="1643" length="24" level="33"/>
            <run start="1643" length="23" level="26"/>
            <run start="1643" length="22" level="18"/>
            <run start="1643" length="22" level="18"/>
            <run start="1643" length="21" level="9"/>
            <run start="1643" length="21" level="20"/>
        </section>
        <section id="1364" first-pos="553">
            <run start="1643" length="19" level="14"/>
            <run start="1643" length="19" level="14"/>
            <run start="1643" length="18" level="15"/>
            <run start="1644" length="16" level="17"/>
            <run start="1645" length="13" level="20"/>
            <run start="1646" length="11" level="24"/>
            <run start="1647" length="9" level="29"/>
        </section>
        <section id="1380" first-pos="560">
            <run start="1649" length="4" level="64"/>
        </section>
        <section id="1365" first-pos="553">
            <run start="1663" length="1" level="173"/>
        </section>
        <section id="1336" first-pos="538">
            <run start="1675" length="2" level="219"/>
        </section>
        <section id="1337" first-pos="538">
            <run start="1680" length="2" level="212"/>
        </section>
        <section id="1338" first-pos="538">
            <run start="1684" length="10" level="196"/>
        </section>
        <section id="1339" first-pos="538">
            <run start="1699" length="1" level="195"/>
        </section>
        <section id="1340" first-pos="538">
            <run start="1702" length="2" level="182"/>
        </section>
        <section id="1341" first-pos="538">
            <run start="1705" length="3" level="200"/>
            <run start="1705" length="3" level="200"/>
            <run start="1707" length="1" level="200"/>
        </section>
        <section id="1342" first-pos="538">
            <run start="1774" length="1" level="59"/>
            <run start="1774" length="1" level="108"/>
        </section>
        <section id="1333" first-pos="537">
            <run start="1793" length="6" level="122"/>
            <run start="1793" length="3" level="200"/>
            <run start="1793" length="1" level="200"/>
        </section>
    </members>
</stick>
