<?xml version="1.0" encoding="UTF-8" standalone="yes"?>
<samples sheet-name="IMSLP00002#15">
    <sample shape="F_CLEF" interline="22" pitch="-1.6" left="179" top="494" id="261">
        <run-table orientation="VERTICAL" width="67" height="66">
            <runs>0 64 1</runs>
            <runs>0 63 3</runs>
            <runs>0 63 3</runs>
            <runs>0 63 3</runs>
            <runs>0 63 3</runs>
            <runs>0 62 4</runs>
            <runs>0 63 3</runs>
            <runs>0 62 3</runs>
            <runs>0 62 3</runs>
            <runs>0 15 6 41 3</runs>
            <runs>0 12 14 36 3</runs>
            <runs>0 9 17 35 3</runs>
            <runs>0 8 18 35 3</runs>
            <runs>0 7 4 8 8 34 3</runs>
            <runs>0 6 4 8 10 32 3</runs>
            <runs>0 5 3 10 10 32 3</runs>
            <runs>0 1 6 10 12 31 3</runs>
            <runs>0 1 6 10 12 30 4</runs>
            <runs>0 4 2 10 13 29 4</runs>
            <runs>0 4 1 11 13 29 4</runs>
            <runs>0 4 1 11 13 28 5</runs>
            <runs>0 16 13 28 5</runs>
            <runs>0 16 13 27 5</runs>
            <runs>0 16 12 27 6</runs>
            <runs>0 17 11 27 5</runs>
            <runs>0 18 9 27 6</runs>
            <runs>0 19 7 28 5</runs>
            <runs>0 53 6</runs>
            <runs>0 52 6</runs>
            <runs>0 51 7</runs>
            <runs>0 50 8</runs>
            <runs>0 45 12</runs>
            <runs>0 45 11</runs>
            <runs>0 4 1 40 11</runs>
            <runs>0 4 1 40 10</runs>
            <runs>0 4 2 38 10</runs>
            <runs>0 4 2 38 9</runs>
            <runs>7 35 11</runs>
            <runs>8 33 11</runs>
            <runs>9 30 12</runs>
            <runs>10 26 14</runs>
            <runs>13 21 15</runs>
            <runs>0 1 15 14 18</runs>
            <runs>0 1 47</runs>
            <runs>0 5 43</runs>
            <runs>0 6 42</runs>
            <runs>0 6 38</runs>
            <runs>0 7 37</runs>
            <runs>0 8 34</runs>
            <runs>0 9 32</runs>
            <runs>0 11 28</runs>
            <runs>0 12 26</runs>
            <runs>0 13 22</runs>
            <runs>0 16 17</runs>
            <runs>0 21 6</runs>
            <runs></runs>
            <runs></runs>
            <runs></runs>
            <runs>0 12 5 15 5</runs>
            <runs>0 11 7 13 6</runs>
            <runs>0 11 8 12 8</runs>
            <runs>0 10 9 11 9</runs>
            <runs>0 10 8 12 9</runs>
            <runs>0 11 7 12 9</runs>
            <runs>0 11 7 13 8</runs>
            <runs>0 11 7 14 6</runs>
            <runs>0 14 3 17 2</runs>
        </run-table>
    </sample>
    <sample shape="F_CLEF" interline="22" pitch="-1.5" left="176" top="3169" id="459">
        <run-table orientation="VERTICAL" width="63" height="69">
            <runs>0 64 2</runs>
            <runs>0 64 2</runs>
            <runs>0 63 6</runs>
            <runs>0 63 6</runs>
            <runs>0 63 6</runs>
            <runs>0 16 2 44 4</runs>
            <runs>0 13 13 36 3</runs>
            <runs>0 10 16 36 3</runs>
            <runs>0 8 6 6 6 36 3</runs>
            <runs>0 7 4 9 7 34 4</runs>
            <runs>0 6 3 10 9 33 4</runs>
            <runs>0 5 4 9 11 32 3</runs>
            <runs>0 1 7 9 12 31 4</runs>
            <runs>0 1 6 10 12 31 4</runs>
            <runs>0 4 2 10 13 30 4</runs>
            <runs>0 4 2 10 13 30 4</runs>
            <runs>0 4 1 11 14 28 5</runs>
            <runs>0 16 13 29 4</runs>
            <runs>0 17 12 28 5</runs>
            <runs>0 17 12 28 5</runs>
            <runs>0 17 11 28 5</runs>
            <runs>0 18 9 28 6</runs>
            <runs>0 19 7 29 5</runs>
            <runs>0 54 6</runs>
            <runs>0 53 6</runs>
            <runs>0 52 7</runs>
            <runs>0 52 6</runs>
            <runs>0 51 7</runs>
            <runs>0 49 8</runs>
            <runs>0 44 12</runs>
            <runs>0 44 12</runs>
            <runs>6 38 11</runs>
            <runs>6 38 10</runs>
            <runs>7 36 11</runs>
            <runs>8 32 13</runs>
            <runs>0 1 8 30 13</runs>
            <runs>0 1 10 26 14</runs>
            <runs>0 1 11 22 16</runs>
            <runs>0 1 15 14 19</runs>
            <runs>0 4 44</runs>
            <runs>0 5 43</runs>
            <runs>0 5 42</runs>
            <runs>0 6 41</runs>
            <runs>0 7 40</runs>
            <runs>0 8 34</runs>
            <runs>0 10 31</runs>
            <runs>0 11 28</runs>
            <runs>0 12 25</runs>
            <runs>0 14 21</runs>
            <runs>0 17 16</runs>
            <runs>0 20 8</runs>
            <runs></runs>
            <runs></runs>
            <runs>0 11 6</runs>
            <runs>0 10 8 13 5</runs>
            <runs>0 10 8 12 7</runs>
            <runs>0 9 9 11 9</runs>
            <runs>0 10 9 11 9</runs>
            <runs>0 10 9 11 9</runs>
            <runs>0 11 8 11 9</runs>
            <runs>0 11 7 13 7</runs>
            <runs>0 13 5 13 7</runs>
            <runs>0 33 2</runs>
        </run-table>
    </sample>
    <sample shape="F_CLEF" interline="22" pitch="-1.6" left="179" top="494" id="259">
        <run-table orientation="VERTICAL" width="67" height="66">
            <runs>0 64 1</runs>
            <runs>0 63 3</runs>
            <runs>0 63 3</runs>
            <runs>0 63 3</runs>
            <runs>0 63 3</runs>
            <runs>0 62 4</runs>
            <runs>0 63 3</runs>
            <runs>0 62 3</runs>
            <runs>0 62 3</runs>
            <runs>0 15 6 41 3</runs>
            <runs>0 12 14 36 3</runs>
            <runs>0 9 17 35 3</runs>
            <runs>0 8 18 35 3</runs>
            <runs>0 7 4 8 8 34 3</runs>
            <runs>0 6 4 8 10 32 3</runs>
            <runs>0 5 3 10 10 32 3</runs>
            <runs>0 1 6 10 12 31 3</runs>
            <runs>0 1 6 10 12 30 4</runs>
            <runs>0 5 1 10 13 29 4</runs>
            <runs>0 16 13 29 4</runs>
            <runs>0 16 13 28 5</runs>
            <runs>0 16 13 28 5</runs>
            <runs>0 16 13 27 5</runs>
            <runs>0 16 12 27 6</runs>
            <runs>0 17 11 27 5</runs>
            <runs>0 18 9 27 6</runs>
            <runs>0 19 7 28 5</runs>
            <runs>0 53 6</runs>
            <runs>0 52 6</runs>
            <runs>0 51 7</runs>
            <runs>0 50 8</runs>
            <runs>0 45 12</runs>
            <runs>0 45 11</runs>
            <runs>0 4 1 40 11</runs>
            <runs>0 4 1 40 10</runs>
            <runs>0 4 2 38 10</runs>
            <runs>0 4 2 38 9</runs>
            <runs>7 35 11</runs>
            <runs>8 33 11</runs>
            <runs>9 30 12</runs>
            <runs>10 26 14</runs>
            <runs>13 21 15</runs>
            <runs>0 1 15 14 18</runs>
            <runs>0 1 47</runs>
            <runs>0 5 43</runs>
            <runs>0 6 42</runs>
            <runs>0 6 38</runs>
            <runs>0 7 37</runs>
            <runs>0 8 34</runs>
            <runs>0 9 32</runs>
            <runs>0 11 28</runs>
            <runs>0 12 26</runs>
            <runs>0 13 22</runs>
            <runs>0 16 17</runs>
            <runs>0 21 6</runs>
            <runs></runs>
            <runs></runs>
            <runs></runs>
            <runs>0 12 5 15 5</runs>
            <runs>0 11 7 13 6</runs>
            <runs>0 11 8 12 8</runs>
            <runs>0 10 9 11 9</runs>
            <runs>0 10 8 12 9</runs>
            <runs>0 11 7 12 9</runs>
            <runs>0 11 7 13 8</runs>
            <runs>0 11 7 14 6</runs>
            <runs>0 14 3 17 2</runs>
        </run-table>
    </sample>
    <sample shape="SHARP" interline="22" pitch="1.1" left="279" top="517" id="276">
        <run-table orientation="VERTICAL" width="25" height="69">
            <runs>0 29 1</runs>
            <runs>0 23 9 13 9</runs>
            <runs>0 22 10 13 9</runs>
            <runs>0 23 9 13 8</runs>
            <runs>0 22 10 12 9</runs>
            <runs>0 21 11 5 2 5 15 1 9</runs>
            <runs>0 12 3 3 51</runs>
            <runs>0 9 22 6 3 2 27</runs>
            <runs>0 18 12 13 9</runs>
            <runs>0 21 8 14 8</runs>
            <runs>0 21 8 13 8</runs>
            <runs>0 20 8 14 8</runs>
            <runs>0 20 8 13 9</runs>
            <runs>0 20 7 14 8</runs>
            <runs>0 19 8 14 8</runs>
            <runs>0 19 8 13 8</runs>
            <runs>0 18 9 12 11</runs>
            <runs>0 18 43</runs>
            <runs>60</runs>
            <runs>25 13 10</runs>
            <runs>0 16 9 12 10</runs>
            <runs>0 16 9 12 10</runs>
            <runs>0 16 9 12 10</runs>
            <runs>0 15 10 13 3 1 2</runs>
            <runs>0 16 5</runs>
        </run-table>
    </sample>
    <sample shape="SHARP" interline="22" pitch="-4.9" left="300" top="1314" id="353">
        <run-table orientation="VERTICAL" width="24" height="67">
            <runs>0 47 1</runs>
            <runs>0 22 7 12 9</runs>
            <runs>0 22 7 12 9</runs>
            <runs>0 22 7 12 9</runs>
            <runs>0 21 8 13 8</runs>
            <runs>0 21 8 10 12 2 14</runs>
            <runs>0 7 60</runs>
            <runs>0 7 1 2 21 1 3 5 10 10 7</runs>
            <runs>0 19 8 14 8</runs>
            <runs>0 19 8 13 8</runs>
            <runs>0 18 8 14 8</runs>
            <runs>0 18 7 15 7</runs>
            <runs>0 18 7 14 8</runs>
            <runs>0 17 7 15 7</runs>
            <runs>0 17 7 14 8</runs>
            <runs>0 16 8 14 8</runs>
            <runs>0 16 8 13 9</runs>
            <runs>0 3 1 4 1 1 15 4 2 3 24</runs>
            <runs>58</runs>
            <runs>4 8 12 11 10</runs>
            <runs>0 14 8 13 10</runs>
            <runs>0 13 9 13 10</runs>
            <runs>0 13 8 14 10</runs>
            <runs>0 14 7 16 8</runs>
        </run-table>
    </sample>
</samples>
