<?xml version="1.0" encoding="UTF-8" standalone="yes"?>
<samples sheet-name="IMSLP00009#12">
    <sample shape="SHARP" interline="22" pitch="-0.2" left="272" top="1601" id="364">
        <run-table orientation="VERTICAL" width="25" height="64">
            <runs>0 45 5</runs>
            <runs>0 43 7</runs>
            <runs>0 25 1 1 1 14 8</runs>
            <runs>0 21 8 13 8</runs>
            <runs>0 20 8 13 9 2 11</runs>
            <runs>0 20 8 12 24</runs>
            <runs>0 19 10 1 20 1 12</runs>
            <runs>0 8 27 4 9</runs>
            <runs>0 6 28 5 9</runs>
            <runs>0 5 21 14 8</runs>
            <runs>0 19 8 13 8</runs>
            <runs>0 19 7 14 8</runs>
            <runs>0 18 8 13 8</runs>
            <runs>0 18 8 13 8</runs>
            <runs>0 17 9 12 8</runs>
            <runs>0 17 8 13 8</runs>
            <runs>0 16 9 13 9</runs>
            <runs>0 16 8 8 26</runs>
            <runs>0 15 9 3 1 3 27</runs>
            <runs>0 1 30 1 13</runs>
            <runs>31 5 8</runs>
            <runs>23 13 7</runs>
            <runs>0 14 8 10 11</runs>
            <runs>0 10 12 13 2 1 4</runs>
            <runs>0 10 11</runs>
        </run-table>
    </sample>
    <sample shape="SHARP" interline="22" pitch="0.0" left="275" top="2137" id="413">
        <run-table orientation="VERTICAL" width="23" height="66">
            <runs>0 23 1 22 5</runs>
            <runs>0 23 7 15 7</runs>
            <runs>0 22 8 14 8</runs>
            <runs>0 22 8 13 9</runs>
            <runs>0 21 9 13 9</runs>
            <runs>0 21 45</runs>
            <runs>0 6 59</runs>
            <runs>0 7 20 14 9 8 6</runs>
            <runs>0 19 8 14 8</runs>
            <runs>0 19 7 15 7</runs>
            <runs>0 19 7 15 7</runs>
            <runs>0 18 7 15 8</runs>
            <runs>0 18 7 15 7</runs>
            <runs>0 17 7 15 8</runs>
            <runs>0 17 7 15 7</runs>
            <runs>0 16 8 14 8</runs>
            <runs>0 16 9 13 10</runs>
            <runs>0 1 5 9 44</runs>
            <runs>22 3 1 5 28</runs>
            <runs>0 1 4 2 14 15 7</runs>
            <runs>0 14 7 15 7</runs>
            <runs>0 14 7 15 7</runs>
            <runs>0 13 8 15 6</runs>
        </run-table>
    </sample>
    <sample shape="SHARP" interline="22" pitch="-2.3" left="205" top="3181" id="524">
        <run-table orientation="VERTICAL" width="25" height="65">
            <runs>0 43 10</runs>
            <runs>0 23 8 12 10</runs>
            <runs>0 22 9 12 9</runs>
            <runs>0 21 10 12 9</runs>
            <runs>0 21 10 1 1 2 30</runs>
            <runs>0 20 45</runs>
            <runs>0 8 57</runs>
            <runs>0 7 23 10 10</runs>
            <runs>0 7 22 11 10</runs>
            <runs>0 19 9 6 15</runs>
            <runs>0 18 10 7 14</runs>
            <runs>0 18 9 12 10</runs>
            <runs>0 18 9 12 9</runs>
            <runs>0 17 9 9 13</runs>
            <runs>0 12 14 9 13</runs>
            <runs>0 12 14 9 13</runs>
            <runs>0 12 14 4 30</runs>
            <runs>0 9 18 3 30</runs>
            <runs>0 1 46 1 2 2 8</runs>
            <runs>30 4 11</runs>
            <runs>0 1 23 10 11</runs>
            <runs>0 12 11 12 9</runs>
            <runs>0 12 11 11 10</runs>
            <runs>0 12 10</runs>
            <runs>0 12 8</runs>
        </run-table>
    </sample>
</samples>
