<?xml version="1.0" encoding="UTF-8" standalone="yes"?>
<samples sheet-name="IMSLP00118#9">
    <sample shape="G_CLEF" interline="18" pitch="0.2" left="170" top="700" id="337">
        <run-table orientation="VERTICAL" width="56" height="147">
            <runs>0 82 3</runs>
            <runs>0 73 23</runs>
            <runs>0 73 23</runs>
            <runs>0 73 23</runs>
            <runs>0 70 28 31 4</runs>
            <runs>0 68 32 25 10</runs>
            <runs>0 66 36 21 16</runs>
            <runs>0 64 39 20 18</runs>
            <runs>0 63 41 18 20</runs>
            <runs>0 62 43 17 21</runs>
            <runs>0 55 33 2 16 14 24</runs>
            <runs>0 55 28 8 17 12 24</runs>
            <runs>0 55 26 17 16 6 25</runs>
            <runs>0 56 23 21 14 6 26</runs>
            <runs>0 56 23 23 12 5 27</runs>
            <runs>0 55 24 25 10 5 27</runs>
            <runs>0 55 24 26 10 4 28</runs>
            <runs>0 54 25 28 1 12 20 1 6</runs>
            <runs>0 53 19 17 2 29 20 1 6</runs>
            <runs>0 52 19 14 17 18 20 2 5</runs>
            <runs>0 51 19 14 20 17 18 3 5</runs>
            <runs>0 50 19 13 23 16 18 3 5</runs>
            <runs>0 49 19 13 25 16 16 4 5</runs>
            <runs>0 48 19 13 17 5 3 18 14 5 5</runs>
            <runs>0 47 19 8 23 27 11 7 5</runs>
            <runs>0 23 13 10 19 9 15 37 8 8 5</runs>
            <runs>0 19 45 10 15 52 6</runs>
            <runs>0 16 48 10 14 53 5</runs>
            <runs>0 15 49 10 13 54 5</runs>
            <runs>0 14 52 8 12 54 6</runs>
            <runs>0 12 22 2 50 53 7</runs>
            <runs>0 10 19 8 49 52 7</runs>
            <runs>0 9 18 10 52 49 7</runs>
            <runs>0 7 16 14 23 10 29 36 10</runs>
            <runs>0 6 17 14 23 12 47 13 11</runs>
            <runs>0 4 17 16 23 12 13 2 1 4 50</runs>
            <runs>0 3 16 18 23 12 13 15 40</runs>
            <runs>0 2 16 18 19 17 13 24 30</runs>
            <runs>0 2 16 17 19 18 13 32 2 1 15 1 2</runs>
            <runs>0 1 16 17 18 20 13</runs>
            <runs>15 18 18 22 12</runs>
            <runs>14 18 18 23 13</runs>
            <runs>13 18 17 25 14</runs>
            <runs>0 1 12 16 18 27 14 19 2</runs>
            <runs>0 2 10 16 18 28 14 18 9</runs>
            <runs>0 2 11 13 18 30 15 15 11</runs>
            <runs>0 4 14 3 21 33 16 12 12</runs>
            <runs>0 6 36 33 25 2 13</runs>
            <runs>0 8 33 34 40</runs>
            <runs>0 11 25 39 34</runs>
            <runs>0 12 20 43 33</runs>
            <runs>0 21 4 50 31</runs>
            <runs>0 80 24</runs>
            <runs>0 82 21</runs>
            <runs>0 84 16</runs>
            <runs>0 87 10</runs>
        </run-table>
    </sample>
    <sample shape="F_CLEF" interline="18" pitch="-1.4" left="168" top="489" id="280">
        <run-table orientation="VERTICAL" width="61" height="67">
            <runs>0 63 3</runs>
            <runs>0 62 5</runs>
            <runs>0 62 5</runs>
            <runs>0 56 11</runs>
            <runs>0 56 11</runs>
            <runs>0 15 12 29 10</runs>
            <runs>0 13 18 25 9</runs>
            <runs>0 11 20 25 9</runs>
            <runs>0 10 21 25 9</runs>
            <runs>0 9 23 29 3</runs>
            <runs>0 7 25 29 2</runs>
            <runs>0 7 7 2 17 28 2</runs>
            <runs>0 1 10 5 17 28 2</runs>
            <runs>0 1 10 5 17 28 1</runs>
            <runs>10 6 17 28 1</runs>
            <runs>9 7 17 28 1</runs>
            <runs>0 7 1 9 16</runs>
            <runs>0 17 15 22 1</runs>
            <runs>0 18 14 21 2</runs>
            <runs>0 19 13 20 3</runs>
            <runs>0 19 11 21 10</runs>
            <runs>0 20 9 22 10</runs>
            <runs>0 49 12</runs>
            <runs>0 6 1 41 12</runs>
            <runs>0 6 1 40 13</runs>
            <runs>0 6 1 39 14</runs>
            <runs>0 6 1 37 10</runs>
            <runs>0 6 2 30 15</runs>
            <runs>0 6 2 31 13</runs>
            <runs>0 6 3 29 14</runs>
            <runs>0 1 9 28 14</runs>
            <runs>0 1 10 26 15</runs>
            <runs>0 1 11 21 18</runs>
            <runs>0 1 13 14 22</runs>
            <runs>0 1 16 3 28</runs>
            <runs>0 1 46</runs>
            <runs>0 1 45</runs>
            <runs>0 1 44</runs>
            <runs>0 1 43</runs>
            <runs>0 1 42</runs>
            <runs>0 1 42</runs>
            <runs>0 1 41</runs>
            <runs>0 8 34</runs>
            <runs>0 9 29</runs>
            <runs>0 10 26</runs>
            <runs>0 11 23</runs>
            <runs>0 13 19</runs>
            <runs>0 16 12</runs>
            <runs></runs>
            <runs>0 10 5</runs>
            <runs>0 9 7 15 2</runs>
            <runs>0 8 8 15 5</runs>
            <runs>0 7 10 12 8</runs>
            <runs>0 7 10 11 9</runs>
            <runs>0 7 10 11 9</runs>
            <runs>0 8 9 10 10</runs>
            <runs>0 8 9 11 9</runs>
            <runs>0 9 7 12 9</runs>
            <runs>0 9 6 13 9</runs>
            <runs>0 11 3 15 7</runs>
            <runs>0 31 4</runs>
        </run-table>
    </sample>
    <sample shape="F_CLEF" interline="18" pitch="-1.6" left="168" top="2943" id="621">
        <run-table orientation="VERTICAL" width="56" height="60">
            <runs>0 15 9</runs>
            <runs>0 13 13</runs>
            <runs>0 10 17</runs>
            <runs>0 9 19</runs>
            <runs>0 8 21</runs>
            <runs>0 6 23</runs>
            <runs>12 1 17</runs>
            <runs>9 6 15</runs>
            <runs>0 7 1 7 16</runs>
            <runs>0 15 16</runs>
            <runs>0 15 17 22 1</runs>
            <runs>0 15 16 23 1</runs>
            <runs>0 16 14 23 2</runs>
            <runs>0 16 14 23 2</runs>
            <runs>0 17 12 23 3</runs>
            <runs>0 18 10 23 4</runs>
            <runs>0 24 3 23 9</runs>
            <runs>0 49 11</runs>
            <runs>0 48 12</runs>
            <runs>0 47 7</runs>
            <runs>0 45 9</runs>
            <runs>0 44 9</runs>
            <runs>0 38 14</runs>
            <runs>0 38 13</runs>
            <runs>0 38 12</runs>
            <runs>0 5 2 31 12</runs>
            <runs>0 5 3 26 15</runs>
            <runs>10 22 16</runs>
            <runs>12 15 20</runs>
            <runs>47</runs>
            <runs>46</runs>
            <runs>45</runs>
            <runs>44</runs>
            <runs>0 1 42</runs>
            <runs>0 1 41</runs>
            <runs>0 1 40</runs>
            <runs>0 1 40</runs>
            <runs>0 1 39</runs>
            <runs>0 6 34</runs>
            <runs>0 8 27</runs>
            <runs>0 8 25</runs>
            <runs>0 11 20</runs>
            <runs>0 13 16</runs>
            <runs></runs>
            <runs></runs>
            <runs>0 8 4</runs>
            <runs>0 7 6 16 1</runs>
            <runs>0 6 8 14 4</runs>
            <runs>0 1 13 13 6</runs>
            <runs>0 2 12 12 8</runs>
            <runs>0 2 11 13 9</runs>
            <runs>0 2 11 13 8</runs>
            <runs>0 6 7 13 9</runs>
            <runs>0 7 6 14 8</runs>
            <runs>0 8 4 16 6</runs>
            <runs>0 29 3</runs>
        </run-table>
    </sample>
    <sample shape="F_CLEF" interline="18" pitch="-1.6" left="171" top="932" id="359">
        <run-table orientation="VERTICAL" width="56" height="60">
            <runs>0 15 10</runs>
            <runs>0 13 14</runs>
            <runs>0 11 17</runs>
            <runs>0 9 20</runs>
            <runs>0 8 22</runs>
            <runs>31</runs>
            <runs>31</runs>
            <runs>0 1 10 4 16</runs>
            <runs>0 1 9 5 16</runs>
            <runs>0 6 3 6 17</runs>
            <runs>0 6 2 7 17</runs>
            <runs>0 6 2 7 17 22 1</runs>
            <runs>0 16 15 22 2</runs>
            <runs>0 16 15 22 2</runs>
            <runs>0 17 13 21 9</runs>
            <runs>0 17 13 21 9</runs>
            <runs>0 18 11 21 10</runs>
            <runs>0 18 9 21 12</runs>
            <runs>0 47 13</runs>
            <runs>0 47 13</runs>
            <runs>0 45 15</runs>
            <runs>0 43 11</runs>
            <runs>0 38 16</runs>
            <runs>0 6 1 31 15</runs>
            <runs>0 6 2 30 14</runs>
            <runs>0 6 2 28 15</runs>
            <runs>0 6 3 24 17</runs>
            <runs>0 6 3 22 18</runs>
            <runs>0 1 11 17 20</runs>
            <runs>0 1 16 8 23</runs>
            <runs>0 1 46</runs>
            <runs>0 2 44</runs>
            <runs>0 1 44</runs>
            <runs>0 1 43</runs>
            <runs>0 1 43</runs>
            <runs>0 1 42</runs>
            <runs>0 2 40</runs>
            <runs>0 6 36</runs>
            <runs>0 7 35</runs>
            <runs>0 8 27</runs>
            <runs>0 9 25</runs>
            <runs>0 12 20</runs>
            <runs>0 13 16</runs>
            <runs>0 24 2</runs>
            <runs>0 9 3</runs>
            <runs>0 7 6</runs>
            <runs>0 7 7 14 3</runs>
            <runs>0 7 7 14 5</runs>
            <runs>0 2 13 12 7</runs>
            <runs>0 2 13 11 9</runs>
            <runs>0 2 13 11 9</runs>
            <runs>0 7 8 11 9</runs>
            <runs>0 7 8 11 9</runs>
            <runs>0 8 6 13 8</runs>
            <runs>0 9 4 15 6</runs>
            <runs>0 29 5</runs>
        </run-table>
    </sample>
    <sample shape="F_CLEF" interline="18" pitch="-1.5" left="170" top="1413" id="430">
        <run-table orientation="VERTICAL" width="55" height="59">
            <runs>0 14 9</runs>
            <runs>0 12 13</runs>
            <runs>0 11 15</runs>
            <runs>0 8 19</runs>
            <runs>0 7 21</runs>
            <runs>0 6 23</runs>
            <runs>30</runs>
            <runs>11 3 16</runs>
            <runs>10 5 15</runs>
            <runs>9 6 16</runs>
            <runs>0 7 1 7 16 22 1</runs>
            <runs>0 15 16 22 1</runs>
            <runs>0 15 15 22 2</runs>
            <runs>0 16 14 21 3</runs>
            <runs>0 16 14 21 3</runs>
            <runs>0 17 12 21 9</runs>
            <runs>0 18 9 21 11</runs>
            <runs>0 47 12</runs>
            <runs>0 46 13</runs>
            <runs>0 45 14</runs>
            <runs>0 44 15</runs>
            <runs>0 37 16</runs>
            <runs>0 37 15</runs>
            <runs>0 37 14</runs>
            <runs>0 36 14</runs>
            <runs>0 34 15</runs>
            <runs>0 7 2 23 17</runs>
            <runs>0 1 10 16 21</runs>
            <runs>0 1 11 15 20</runs>
            <runs>0 1 46</runs>
            <runs>0 1 44</runs>
            <runs>0 1 43</runs>
            <runs>0 1 42</runs>
            <runs>0 1 42</runs>
            <runs>0 1 41</runs>
            <runs>0 1 41</runs>
            <runs>0 2 40</runs>
            <runs>0 6 36</runs>
            <runs>0 7 35</runs>
            <runs>0 8 26</runs>
            <runs>0 10 23</runs>
            <runs>0 12 18</runs>
            <runs>0 17 2</runs>
            <runs></runs>
            <runs>0 9 4</runs>
            <runs>0 7 7 15 3</runs>
            <runs>0 7 7 13 6</runs>
            <runs>0 7 8 12 7</runs>
            <runs>0 6 10 11 7</runs>
            <runs>0 6 10 11 8</runs>
            <runs>0 7 8 12 8</runs>
            <runs>0 7 8 12 8</runs>
            <runs>0 7 7 13 8</runs>
            <runs>0 8 5 14 7</runs>
            <runs>0 10 2 16 5</runs>
        </run-table>
    </sample>
    <sample shape="FLAT" interline="18" pitch="-2.0" left="254" top="488" id="328">
        <run-table orientation="VERTICAL" width="19" height="44">
            <runs>0 1 32</runs>
            <runs>44</runs>
            <runs>44</runs>
            <runs>44</runs>
            <runs>33</runs>
            <runs>0 1 27</runs>
            <runs>0 27 1</runs>
            <runs>0 35 9</runs>
            <runs>0 32 12</runs>
            <runs>0 26 2 3 8</runs>
            <runs>0 21 17</runs>
            <runs>0 21 17</runs>
            <runs>0 21 16</runs>
            <runs>0 21 15</runs>
            <runs>0 21 14</runs>
            <runs>0 21 13</runs>
            <runs>0 22 11</runs>
            <runs>0 22 10</runs>
            <runs>0 26 4</runs>
        </run-table>
    </sample>
    <sample shape="FLAT" interline="18" pitch="-0.6" left="287" top="499" id="326">
        <run-table orientation="VERTICAL" width="20" height="45">
            <runs>0 2 13</runs>
            <runs>0 1 33 2 3 3 1</runs>
            <runs>45</runs>
            <runs>45</runs>
            <runs>0 1 44</runs>
            <runs>0 1 44</runs>
            <runs>0 2 5 15 12 4 6</runs>
            <runs>0 22 6 10 5</runs>
            <runs>0 21 6 9 6</runs>
            <runs>0 21 6 8 6</runs>
            <runs>0 21 6 3 10</runs>
            <runs>0 21 18</runs>
            <runs>0 21 17</runs>
            <runs>0 21 17</runs>
            <runs>0 21 16</runs>
            <runs>0 21 16</runs>
            <runs>0 21 14</runs>
            <runs>0 22 13</runs>
            <runs>0 23 11</runs>
            <runs>0 24 9</runs>
        </run-table>
    </sample>
    <sample shape="FLAT" interline="18" pitch="1.3" left="233" top="2970" id="661">
        <run-table orientation="VERTICAL" width="20" height="44">
            <runs>0 1 31</runs>
            <runs>38 2 3</runs>
            <runs>44</runs>
            <runs>44</runs>
            <runs>0 1 32 2 8</runs>
            <runs>0 21 11 5 5</runs>
            <runs>0 21 5 11 4</runs>
            <runs>0 21 4 10 5</runs>
            <runs>0 20 5 9 5</runs>
            <runs>0 20 5 4 10</runs>
            <runs>0 20 7 1 10</runs>
            <runs>0 20 17</runs>
            <runs>0 20 16</runs>
            <runs>0 20 15</runs>
            <runs>0 21 13</runs>
            <runs>0 21 12</runs>
            <runs>0 22 10</runs>
            <runs>0 22 10</runs>
            <runs>0 23 9</runs>
            <runs>0 27 2</runs>
        </run-table>
    </sample>
</samples>
