<?xml version="1.0" encoding="UTF-8" standalone="yes"?>
<samples sheet-name="IMSLP00668#8">
    <sample shape="TIME_SIX" interline="15" pitch="-2.1" left="470" top="529" id="554">
        <run-table orientation="VERTICAL" width="26" height="26">
            <runs>0 9 5</runs>
            <runs>0 5 13</runs>
            <runs>0 4 17</runs>
            <runs>0 2 22</runs>
            <runs>24</runs>
            <runs>25</runs>
            <runs>25</runs>
            <runs>26</runs>
            <runs>26</runs>
            <runs>4 6 7 6 3</runs>
            <runs></runs>
            <runs></runs>
            <runs></runs>
            <runs></runs>
            <runs></runs>
            <runs>0 1 4</runs>
            <runs>0 1 6 2 6 2 5 2 1</runs>
            <runs>8 1 16</runs>
            <runs>8 1 16</runs>
            <runs>8 1 16</runs>
            <runs>8 2 15</runs>
            <runs>7 3 15</runs>
            <runs>6 5 14</runs>
            <runs>0 1 2 9 12</runs>
            <runs>0 12 9</runs>
            <runs>0 12 7</runs>
        </run-table>
    </sample>
    <sample shape="TIME_SIX" interline="15" pitch="-2.1" left="470" top="694" id="570">
        <run-table orientation="VERTICAL" width="26" height="26">
            <runs>0 9 3</runs>
            <runs>0 6 10</runs>
            <runs>0 4 17</runs>
            <runs>0 1 22</runs>
            <runs>23</runs>
            <runs>24</runs>
            <runs>25</runs>
            <runs>26</runs>
            <runs>26</runs>
            <runs>5 1 20</runs>
            <runs>0 8 7</runs>
            <runs>0 9 3</runs>
            <runs></runs>
            <runs></runs>
            <runs></runs>
            <runs>0 1 5 3 1</runs>
            <runs>7 1 2 13 2</runs>
            <runs>7 1 17</runs>
            <runs>25</runs>
            <runs>25</runs>
            <runs>8 1 16</runs>
            <runs>8 1 17</runs>
            <runs>7 3 15</runs>
            <runs>5 6 13</runs>
            <runs>0 11 12</runs>
            <runs>0 12 8</runs>
        </run-table>
    </sample>
    <sample shape="TIME_EIGHT" interline="15" pitch="2.1" left="469" top="560" id="561">
        <run-table orientation="VERTICAL" width="25" height="26">
            <runs>0 19 1</runs>
            <runs>0 17 6</runs>
            <runs>0 16 8</runs>
            <runs>0 14 11</runs>
            <runs>0 3 7 2 13</runs>
            <runs>0 1 9 1 15</runs>
            <runs>16 6 4</runs>
            <runs>14 9 3</runs>
            <runs>4 1 9 10 2</runs>
            <runs>2 4 9 9 2</runs>
            <runs>0 7 8 10 1</runs>
            <runs>0 9 6 10 1</runs>
            <runs>0 9 6 10 1</runs>
            <runs>0 7 9</runs>
            <runs>0 8 8</runs>
            <runs>0 8 9</runs>
            <runs>0 9 10</runs>
            <runs>0 9 13 1 3</runs>
            <runs>0 9 17</runs>
            <runs>0 8 18</runs>
            <runs>0 7 19</runs>
            <runs>3 2 21</runs>
            <runs>24</runs>
            <runs>24</runs>
            <runs>0 4 6</runs>
        </run-table>
    </sample>
    <sample shape="TIME_EIGHT" interline="15" pitch="2.0" left="469" top="725" id="574">
        <run-table orientation="VERTICAL" width="26" height="26">
            <runs>0 16 7</runs>
            <runs>0 15 9</runs>
            <runs>0 14 11</runs>
            <runs>0 5 1 5 15</runs>
            <runs>0 3 6 2 15</runs>
            <runs>9 2 9 1 5</runs>
            <runs>19 4 3</runs>
            <runs>14 10 1</runs>
            <runs>14</runs>
            <runs>14</runs>
            <runs>1 1 12</runs>
            <runs>1 4 9</runs>
            <runs>2 3 10</runs>
            <runs>2 4 9</runs>
            <runs>2 5 9</runs>
            <runs>2 5 10</runs>
            <runs>1 6 11</runs>
            <runs>1 7 11</runs>
            <runs>1 7 13</runs>
            <runs>1 7 14</runs>
            <runs>3 5 18</runs>
            <runs>4 3 19</runs>
            <runs>26</runs>
            <runs>24</runs>
            <runs>0 4 19</runs>
            <runs>0 6 3 6 6</runs>
        </run-table>
    </sample>
    <sample shape="TIME_SIX_EIGHT" interline="15" pitch="-0.1" left="469" top="694" id="568">
        <run-table orientation="VERTICAL" width="27" height="57">
            <runs>0 47 7</runs>
            <runs>0 9 3 34 9</runs>
            <runs>0 6 10 29 11</runs>
            <runs>0 4 17 15 1 5 15</runs>
            <runs>0 1 22 11 6 2 15</runs>
            <runs>23 8 9 2 9 1 5</runs>
            <runs>24 7 19 4 3</runs>
            <runs>25 6 14 10 1</runs>
            <runs>26 1 18</runs>
            <runs>26 1 18</runs>
            <runs>5 1 20 1 5 1 12</runs>
            <runs>0 8 7 12 5 4 9</runs>
            <runs>0 9 3 15 6 3 10</runs>
            <runs>0 27 6 4 9</runs>
            <runs>0 27 6 5 9</runs>
            <runs>0 27 6 5 10</runs>
            <runs>0 1 5 3 1 16 6 6 11</runs>
            <runs>7 1 2 13 2 1 6 7 11</runs>
            <runs>7 1 17 1 6 7 13</runs>
            <runs>25 1 6 7 14</runs>
            <runs>25 2 7 5 18</runs>
            <runs>8 1 16 2 8 3 19</runs>
            <runs>8 1 17 1 30</runs>
            <runs>7 3 15 6 24</runs>
            <runs>5 6 13 11 19</runs>
            <runs>0 11 12 14 3 6 6</runs>
            <runs>0 12 8</runs>
        </run-table>
    </sample>
</samples>
