<?xml version="1.0" encoding="UTF-8"?>
<stick id="288" interline="21" shape="CLUTTER">
    <is-within-system>true</is-within-system>
    <has-ledger>false</has-ledger>
    <stem-number>0</stem-number>
    <step-line>-11.906976744186046</step-line>
    <moments>
        <k>0.7414965986394558</k>
        <k>0.9523809523809523</k>
        <k>1.4761904761904763</k>
        <k>0.08725656165057089</k>
        <k>-0.010722882996785782</k>
        <k>0.26345927960486426</k>
        <k>0.0035880484306316175</k>
        <k>0.0016665483867270782</k>
        <k>0.0040159602288240785</k>
        <k>0.009661300035323245</k>
        <k>0.35071584125543515</k>
        <k>0.031507318693531294</k>
        <k>9.329978797189664E-5</k>
        <k>1.861410975660252E-4</k>
        <k>1.8660609983273156E-8</k>
        <k>8.727600680908515E-6</k>
        <k>1.592230122034553E-8</k>
        <k>1589.348623853211</k>
        <k>291.58409785932724</k>
    </moments>
    <section id="2003" first-pos="1580">
        <run start="302" length="1" level="227"/>
        <run start="301" length="5" level="47"/>
        <run start="300" length="7" level="36"/>
    </section>
    <section id="2010" first-pos="1583">
        <run start="292" length="15" level="66"/>
    </section>
    <section id="2009" first-pos="1582">
        <run start="293" length="4" level="213"/>
    </section>
    <section id="2011" first-pos="1584">
        <run start="278" length="23" level="40"/>
        <run start="278" length="22" level="43"/>
    </section>
    <section id="2008" first-pos="1582">
        <run start="280" length="9" level="105"/>
        <run start="279" length="11" level="36"/>
    </section>
    <section id="2004" first-pos="1581">
        <run start="282" length="4" level="188"/>
    </section>
    <section id="2014" first-pos="1586">
        <run start="278" length="5" level="83"/>
        <run start="277" length="4" level="127"/>
        <run start="277" length="3" level="86"/>
        <run start="277" length="3" level="86"/>
        <run start="277" length="3" level="63"/>
        <run start="277" length="4" level="70"/>
    </section>
    <section id="2024" first-pos="1592">
        <run start="278" length="14" level="129"/>
        <run start="278" length="13" level="21"/>
        <run start="278" length="13" level="25"/>
        <run start="278" length="11" level="9"/>
        <run start="278" length="10" level="32"/>
    </section>
    <section id="2015" first-pos="1586">
        <run start="285" length="7" level="74"/>
        <run start="289" length="3" level="105"/>
        <run start="290" length="2" level="128"/>
        <run start="290" length="2" level="128"/>
        <run start="290" length="2" level="128"/>
        <run start="289" length="3" level="151"/>
    </section>
    <section id="2029" first-pos="1597">
        <run start="278" length="4" level="65"/>
        <run start="278" length="4" level="65"/>
        <run start="278" length="3" level="89"/>
    </section>
    <section id="2030" first-pos="1597">
        <run start="283" length="3" level="79"/>
    </section>
    <section id="2016" first-pos="1586">
        <run start="295" length="4" level="65"/>
        <run start="295" length="4" level="65"/>
        <run start="295" length="4" level="65"/>
        <run start="295" length="4" level="64"/>
        <run start="295" length="4" level="65"/>
        <run start="295" length="4" level="65"/>
        <run start="295" length="4" level="65"/>
        <run start="295" length="4" level="65"/>
        <run start="295" length="4" level="65"/>
        <run start="295" length="4" level="75"/>
        <run start="296" length="3" level="75"/>
    </section>
    <section id="2031" first-pos="1597">
        <run start="296" length="10" level="95"/>
        <run start="296" length="8" level="13"/>
        <run start="297" length="6" level="38"/>
    </section>
    <section id="2012" first-pos="1584">
        <run start="303" length="4" level="67"/>
        <run start="304" length="4" level="65"/>
        <run start="304" length="4" level="65"/>
        <run start="304" length="4" level="65"/>
        <run start="304" length="4" level="70"/>
        <run start="305" length="3" level="86"/>
        <run start="305" length="3" level="86"/>
        <run start="305" length="3" level="86"/>
        <run start="305" length="3" level="92"/>
        <run start="305" length="2" level="127"/>
        <run start="304" length="3" level="86"/>
        <run start="304" length="3" level="92"/>
        <run start="303" length="3" level="85"/>
    </section>
</stick>
