<?xml version="1.0" encoding="UTF-8"?>
<stick id="213" interline="21" shape="CLUTTER">
    <is-within-system>true</is-within-system>
    <has-ledger>false</has-ledger>
    <stem-number>0</stem-number>
    <step-line>-12.0</step-line>
    <moments>
        <k>0.7256235827664399</k>
        <k>0.9523809523809523</k>
        <k>1.4285714285714286</k>
        <k>0.09180554199218767</k>
        <k>-0.015413208007812595</k>
        <k>0.2545477294921875</k>
        <k>0.0038444303104149397</k>
        <k>0.001347131071052399</k>
        <k>0.0037956828274925023</k>
        <k>0.012110760365552</k>
        <k>0.34635327148437517</k>
        <k>0.0274352875166535</k>
        <k>1.2200577512967665E-4</k>
        <k>2.3948617067945594E-4</k>
        <k>2.8598959612609184E-8</k>
        <k>1.3636415161936384E-5</k>
        <k>2.928989012622288E-8</k>
        <k>605.23125</k>
        <k>293.03125</k>
    </moments>
    <section id="814" first-pos="596">
        <run start="303" length="3" level="221"/>
        <run start="302" length="5" level="45"/>
        <run start="301" length="7" level="35"/>
    </section>
    <section id="821" first-pos="599">
        <run start="293" length="15" level="65"/>
    </section>
    <section id="819" first-pos="598">
        <run start="294" length="4" level="207"/>
    </section>
    <section id="823" first-pos="600">
        <run start="280" length="22" level="44"/>
        <run start="280" length="20" level="52"/>
    </section>
    <section id="816" first-pos="597">
        <run start="283" length="6" level="190"/>
        <run start="282" length="9" level="89"/>
        <run start="281" length="10" level="39"/>
    </section>
    <section id="837" first-pos="602">
        <run start="279" length="4" level="127"/>
        <run start="279" length="3" level="116"/>
        <run start="279" length="2" level="128"/>
        <run start="279" length="3" level="141"/>
        <run start="279" length="3" level="85"/>
        <run start="279" length="5" level="119"/>
    </section>
    <section id="854" first-pos="608">
        <run start="279" length="14" level="128"/>
        <run start="280" length="13" level="25"/>
        <run start="280" length="12" level="28"/>
        <run start="280" length="11" level="30"/>
        <run start="280" length="10" level="57"/>
    </section>
    <section id="848" first-pos="606">
        <run start="291" length="1" level="214"/>
        <run start="291" length="2" level="128"/>
    </section>
    <section id="862" first-pos="613">
        <run start="280" length="4" level="65"/>
        <run start="280" length="4" level="65"/>
        <run start="280" length="4" level="131"/>
    </section>
    <section id="863" first-pos="613">
        <run start="285" length="3" level="137"/>
    </section>
    <section id="838" first-pos="602">
        <run start="287" length="7" level="77"/>
        <run start="290" length="3" level="95"/>
        <run start="291" length="3" level="107"/>
        <run start="292" length="2" level="160"/>
    </section>
    <section id="839" first-pos="602">
        <run start="296" length="4" level="65"/>
        <run start="296" length="4" level="65"/>
        <run start="296" length="4" level="78"/>
        <run start="296" length="4" level="115"/>
        <run start="296" length="4" level="65"/>
        <run start="296" length="4" level="65"/>
        <run start="296" length="4" level="65"/>
        <run start="296" length="4" level="78"/>
        <run start="297" length="3" level="86"/>
        <run start="297" length="3" level="75"/>
        <run start="297" length="4" level="65"/>
    </section>
    <section id="864" first-pos="613">
        <run start="297" length="9" level="130"/>
        <run start="298" length="8" level="47"/>
        <run start="299" length="5" level="85"/>
    </section>
    <section id="824" first-pos="600">
        <run start="304" length="5" level="58"/>
        <run start="305" length="4" level="65"/>
        <run start="305" length="4" level="65"/>
        <run start="305" length="4" level="72"/>
        <run start="306" length="3" level="86"/>
        <run start="306" length="3" level="86"/>
        <run start="306" length="3" level="86"/>
        <run start="306" length="3" level="86"/>
        <run start="306" length="3" level="86"/>
        <run start="306" length="3" level="94"/>
        <run start="306" length="2" level="123"/>
        <run start="305" length="3" level="95"/>
        <run start="305" length="2" level="139"/>
    </section>
</stick>
