<?xml version="1.0" encoding="UTF-8"?>
<stick id="662" interline="21" shape="COMBINING_FLAG_1_UP">
    <is-within-system>true</is-within-system>
    <has-ledger>false</has-ledger>
    <stem-number>1</stem-number>
    <step-line>3.627906976744186</step-line>
    <moments>
        <k>0.6530612244897959</k>
        <k>0.9523809523809523</k>
        <k>2.5238095238095237</k>
        <k>0.13099048755787027</k>
        <k>-0.2139026029610338</k>
        <k>0.4585469563802083</k>
        <k>-0.00737876821378115</k>
        <k>-4.977328895081081E-4</k>
        <k>0.033919642151407914</k>
        <k>-0.15522775884899778</k>
        <k>0.5895374439380786</k>
        <k>0.290310534481382</k>
        <k>0.035545351391330283</k>
        <k>0.02495484676657246</k>
        <k>7.386642626268929E-4</k>
        <k>0.011248963537561937</k>
        <k>8.226361868861706E-5</k>
        <k>930.8958333333334</k>
        <k>459.46875</k>
    </moments>
    <section id="1174" first-pos="921">
        <run start="464" length="20" level="46"/>
        <run start="464" length="17" level="55"/>
        <run start="464" length="14" level="59"/>
        <run start="464" length="12" level="58"/>
        <run start="464" length="11" level="64"/>
        <run start="462" length="12" level="92"/>
        <run start="461" length="12" level="105"/>
        <run start="460" length="12" level="108"/>
        <run start="459" length="12" level="108"/>
        <run start="458" length="12" level="108"/>
        <run start="457" length="12" level="108"/>
        <run start="456" length="12" level="112"/>
        <run start="454" length="12" level="86"/>
        <run start="453" length="12" level="63"/>
        <run start="450" length="14" level="49"/>
        <run start="448" length="14" level="47"/>
        <run start="445" length="14" level="35"/>
    </section>
    <section id="1208" first-pos="938">
        <run start="433" length="24" level="60"/>
    </section>
    <section id="1206" first-pos="937">
        <run start="431" length="8" level="54"/>
    </section>
    <section id="1207" first-pos="937">
        <run start="440" length="1" level="100"/>
    </section>
    <section id="1209" first-pos="939">
        <run start="436" length="18" level="88"/>
    </section>
    <section id="1210" first-pos="940">
        <run start="437" length="13" level="207"/>
    </section>
</stick>
