<?xml version="1.0" encoding="UTF-8"?>
<stick id="494" interline="22" shape="QUARTER_REST">
    <is-within-system>true</is-within-system>
    <has-ledger>false</has-ledger>
    <stem-number>0</stem-number>
    <step-line>-0.04597701149425287</step-line>
    <moments>
        <k>0.9855371900826446</k>
        <k>1.0</k>
        <k>2.6363636363636362</k>
        <k>0.0476595270418356</k>
        <k>-0.07588884032226909</k>
        <k>0.45458628984129407</k>
        <k>-7.700859088095323E-4</k>
        <k>0.010731099524643095</k>
        <k>-0.01007179470881978</k>
        <k>-0.04765182089530577</k>
        <k>0.5022458168831296</k>
        <k>0.1886258546242822</k>
        <k>0.00724226869018275</k>
        <k>0.0014806860418570338</k>
        <k>4.246884546972643E-6</k>
        <k>3.8535505396846716E-4</k>
        <k>2.339778725979559E-6</k>
        <k>2194.987421383648</k>
        <k>1790.6813417190776</k>
    </moments>
    <section id="2774" first-pos="2185">
        <run start="1801" length="1" level="227"/>
    </section>
    <section id="2781" first-pos="2186">
        <run start="1800" length="15" level="51"/>
        <run start="1799" length="16" level="48"/>
        <run start="1798" length="17" level="45"/>
        <run start="1797" length="19" level="45"/>
        <run start="1796" length="21" level="43"/>
    </section>
    <section id="2775" first-pos="2185">
        <run start="1804" length="4" level="60"/>
    </section>
    <section id="2796" first-pos="2191">
        <run start="1796" length="12" level="23"/>
        <run start="1794" length="12" level="44"/>
        <run start="1794" length="10" level="32"/>
        <run start="1793" length="11" level="30"/>
    </section>
    <section id="2810" first-pos="2195">
        <run start="1774" length="29" level="44"/>
        <run start="1772" length="30" level="46"/>
        <run start="1771" length="31" level="51"/>
    </section>
    <section id="2795" first-pos="2191">
        <run start="1779" length="8" level="193"/>
        <run start="1778" length="11" level="75"/>
        <run start="1777" length="13" level="47"/>
        <run start="1775" length="17" level="53"/>
    </section>
    <section id="2817" first-pos="2198">
        <run start="1764" length="22" level="69"/>
        <run start="1765" length="19" level="76"/>
        <run start="1766" length="17" level="88"/>
        <run start="1768" length="14" level="86"/>
        <run start="1769" length="12" level="90"/>
        <run start="1770" length="9" level="135"/>
    </section>
    <section id="2804" first-pos="2193">
        <run start="1760" length="2" level="194"/>
        <run start="1760" length="4" level="132"/>
        <run start="1760" length="5" level="104"/>
        <run start="1761" length="6" level="131"/>
        <run start="1763" length="5" level="95"/>
    </section>
    <section id="2818" first-pos="2198">
        <run start="1792" length="10" level="54"/>
        <run start="1792" length="9" level="57"/>
        <run start="1793" length="8" level="40"/>
        <run start="1794" length="7" level="25"/>
        <run start="1795" length="7" level="43"/>
        <run start="1796" length="6" level="50"/>
        <run start="1797" length="5" level="59"/>
        <run start="1798" length="4" level="81"/>
        <run start="1800" length="2" level="143"/>
    </section>
    <section id="2797" first-pos="2191">
        <run start="1811" length="6" level="143"/>
        <run start="1813" length="5" level="100"/>
        <run start="1813" length="5" level="99"/>
        <run start="1813" length="5" level="100"/>
        <run start="1813" length="3" level="166"/>
        <run start="1813" length="3" level="167"/>
    </section>
</stick>
