<?xml version="1.0" encoding="UTF-8"?>
<stick id="399" interline="22" shape="SHARP">
    <is-within-system>true</is-within-system>
    <has-ledger>false</has-ledger>
    <stem-number>0</stem-number>
    <step-line>-4.0</step-line>
    <moments>
        <k>1.4545454545454546</k>
        <k>1.0454545454545454</k>
        <k>2.9545454545454546</k>
        <k>0.04552918856167221</k>
        <k>-0.017176392381124984</k>
        <k>0.3458520414952852</k>
        <k>-1.5163746194495875E-4</k>
        <k>-5.57340406064783E-4</k>
        <k>-4.291364840764077E-6</k>
        <k>0.0026208290823406272</k>
        <k>0.3913812300569574</k>
        <k>0.09137392981510602</k>
        <k>1.8447818974941715E-5</k>
        <k>4.282299316141409E-6</k>
        <k>3.6796291953844204E-11</k>
        <k>1.2935748920059688E-6</k>
        <k>-9.732675990753612E-12</k>
        <k>176.2471590909091</k>
        <k>1062.6775568181818</k>
    </moments>
    <section id="185" first-pos="165">
        <run start="1053" length="4" level="215"/>
        <run start="1051" length="7" level="61"/>
        <run start="1050" length="9" level="27"/>
        <run start="1049" length="10" level="30"/>
        <run start="1048" length="10" level="47"/>
    </section>
    <section id="204" first-pos="170">
        <run start="1038" length="22" level="117"/>
    </section>
    <section id="205" first-pos="171">
        <run start="1036" length="59" level="47"/>
        <run start="1036" length="59" level="39"/>
    </section>
    <section id="188" first-pos="166">
        <run start="1073" length="9" level="41"/>
        <run start="1072" length="10" level="27"/>
        <run start="1072" length="10" level="27"/>
        <run start="1072" length="10" level="27"/>
        <run start="1071" length="11" level="24"/>
    </section>
    <section id="198" first-pos="169">
        <run start="1083" length="4" level="184"/>
        <run start="1083" length="4" level="180"/>
    </section>
    <section id="208" first-pos="173">
        <run start="1036" length="22" level="58"/>
    </section>
    <section id="213" first-pos="174">
        <run start="1047" length="10" level="26"/>
        <run start="1046" length="11" level="45"/>
        <run start="1046" length="10" level="26"/>
        <run start="1046" length="10" level="30"/>
        <run start="1045" length="10" level="46"/>
    </section>
    <section id="238" first-pos="179">
        <run start="1044" length="16" level="96"/>
    </section>
    <section id="239" first-pos="180">
        <run start="1030" length="33" level="83"/>
    </section>
    <section id="241" first-pos="181">
        <run start="1030" length="60" level="33"/>
        <run start="1031" length="59" level="55"/>
    </section>
    <section id="240" first-pos="180">
        <run start="1064" length="26" level="60"/>
    </section>
    <section id="214" first-pos="174">
        <run start="1070" length="10" level="25"/>
        <run start="1070" length="10" level="26"/>
        <run start="1069" length="11" level="24"/>
        <run start="1069" length="10" level="25"/>
        <run start="1069" length="10" level="26"/>
        <run start="1068" length="11" level="24"/>
    </section>
    <section id="210" first-pos="173">
        <run start="1069" length="26" level="42"/>
    </section>
    <section id="215" first-pos="174">
        <run start="1086" length="8" level="207"/>
    </section>
    <section id="246" first-pos="183">
        <run start="1043" length="11" level="41"/>
        <run start="1043" length="11" level="28"/>
        <run start="1043" length="10" level="26"/>
        <run start="1043" length="10" level="65"/>
    </section>
    <section id="260" first-pos="187">
        <run start="1044" length="3" level="127"/>
    </section>
    <section id="247" first-pos="183">
        <run start="1067" length="10" level="26"/>
        <run start="1067" length="10" level="26"/>
        <run start="1063" length="13" level="66"/>
        <run start="1063" length="13" level="69"/>
    </section>
    <section id="248" first-pos="183">
        <run start="1083" length="6" level="207"/>
    </section>
    <section id="251" first-pos="184">
        <run start="1086" length="1" level="200"/>
    </section>
    <section id="209" first-pos="173">
        <run start="1063" length="5" level="153"/>
    </section>
</stick>
