<?xml version="1.0" encoding="UTF-8" standalone="yes"?>
<samples id="2">
    <sample shape="G_CLEF" interline="18" left="193" top="1722" id="181">
        <run-table orientation="VERTICAL" width="48" height="138">
            <runs>0 74 9</runs>
            <runs>0 66 22</runs>
            <runs>0 58 41</runs>
            <runs>0 58 41</runs>
            <runs>0 58 42</runs>
            <runs>0 58 43</runs>
            <runs>0 57 24 6 17</runs>
            <runs>0 56 25 9 1 1 13</runs>
            <runs>0 55 26 12 13</runs>
            <runs>0 27 1 26 20 19 14</runs>
            <runs>0 26 3 24 20 28 7</runs>
            <runs>0 27 1 23 20 31 7 19 1</runs>
            <runs>0 50 20 33 6 17 8</runs>
            <runs>0 49 19 36 5 15 12</runs>
            <runs>0 20 12 1 2 13 19 38 4 14 13</runs>
            <runs>0 15 23 9 19 40 4 12 15</runs>
            <runs>0 13 51 42 10 5 17</runs>
            <runs>0 11 52 43 10 4 18</runs>
            <runs>0 10 53 43 10 4 18</runs>
            <runs>0 8 16 7 32 44 9 4 18</runs>
            <runs>0 7 16 13 29 42 9 4 18</runs>
            <runs>0 5 17 18 29 5 1 32 9 5 17</runs>
            <runs>0 4 17 18 42 26 9 5 17</runs>
            <runs>0 3 17 18 18 1 24 27 8 6 16</runs>
            <runs>0 1 18 18 16 5 25 25 8 6 16</runs>
            <runs>17 19 14 16 21 20 9 7 15</runs>
            <runs>15 19 14 21 21 17 9 11 3 2 6</runs>
            <runs>0 1 12 19 14 26 27 8 9 16 5</runs>
            <runs>0 1 11 18 15 27 27 7 10 15 5</runs>
            <runs>0 2 12 15 16 28 8 4 18 2 11 15 5</runs>
            <runs>0 3 16 7 19 28 8 7 1 1 26 13 7</runs>
            <runs>0 4 33 36 9 12 24 9 8</runs>
            <runs>0 8 26 39 9 12 41</runs>
            <runs>0 10 23 40 10 11 40</runs>
            <runs>0 13 18 42 11 18 31</runs>
            <runs>0 19 8 46 11 18 30</runs>
            <runs>0 73 12 17 6 2 15 1 4</runs>
            <runs>0 73 14 14 7</runs>
            <runs>0 74 16 4 13</runs>
            <runs>0 75 16 3 13</runs>
            <runs>0 75 17 2 12</runs>
            <runs>0 75 29</runs>
            <runs>0 76 27</runs>
            <runs>0 76 26</runs>
            <runs>0 76 24</runs>
            <runs>0 76 23</runs>
            <runs>0 76 23</runs>
            <runs>0 84 8</runs>
        </run-table>
    </sample>
    <sample shape="G_CLEF" interline="18" left="205" top="296" id="171">
        <run-table orientation="VERTICAL" width="51" height="145">
            <runs>0 76 25</runs>
            <runs>0 74 28</runs>
            <runs>0 72 31</runs>
            <runs>0 69 36</runs>
            <runs>0 68 38</runs>
            <runs>0 67 18 8 15</runs>
            <runs>0 60 24 12 13</runs>
            <runs>0 60 23 13 14</runs>
            <runs>0 60 23 20 7</runs>
            <runs>0 60 18 25 8 19 7</runs>
            <runs>0 60 17 28 6 17 11</runs>
            <runs>0 59 16 31 12 9 14</runs>
            <runs>0 57 17 32 12 8 16</runs>
            <runs>0 56 17 14 5 2 2 11 11 7 18</runs>
            <runs>0 55 17 7 22 6 11 6 20</runs>
            <runs>0 53 17 9 21 8 10 5 21</runs>
            <runs>0 21 16 15 17 10 21 9 9 5 21</runs>
            <runs>0 19 20 12 17 10 11 3 2 15 9 5 22</runs>
            <runs>0 15 51 10 12 21 9 5 16 1 5</runs>
            <runs>0 12 54 10 10 23 9 5 15 2 5</runs>
            <runs>0 10 60 5 9 25 9 5 15 2 5</runs>
            <runs>0 9 20 4 40 1 10 25 9 7 13 2 5</runs>
            <runs>0 7 16 16 45 25 9 8 11 2 6</runs>
            <runs>0 6 17 19 42 25 9 8 9 4 6</runs>
            <runs>0 5 17 20 14 5 29 19 9 11 5 5 6</runs>
            <runs>0 3 18 21 13 11 35 7 9 21 7</runs>
            <runs>0 2 18 21 13 16 33 5 9 21 6</runs>
            <runs>0 1 17 22 12 19 46 20 6</runs>
            <runs>16 23 12 21 46 18 7</runs>
            <runs>14 23 12 22 13 3 31 17 7</runs>
            <runs>13 22 12 24 13 6 32 12 8</runs>
            <runs>0 1 12 20 14 24 13 12 46</runs>
            <runs>0 3 20 2 2 3 16 25 13 20 37</runs>
            <runs>0 4 42 25 13 21 35</runs>
            <runs>0 5 34 32 13 22 33</runs>
            <runs>0 7 30 34 13 22 31</runs>
            <runs>0 9 26 36 12 22 6 10 14</runs>
            <runs>0 15 19 37 12 22 5 18 2</runs>
            <runs>0 22 3 2 3 42 11 21 6</runs>
            <runs>0 72 12 20 6</runs>
            <runs>0 72 12 19 7</runs>
            <runs>0 73 12 18 6</runs>
            <runs>0 74 14 14 6</runs>
            <runs>0 74 17 5 11</runs>
            <runs>0 75 17 4 11</runs>
            <runs>0 77 17 1 11</runs>
            <runs>0 78 28</runs>
            <runs>0 79 27</runs>
            <runs>0 79 24</runs>
            <runs>0 78 24</runs>
            <runs>0 78 23</runs>
        </run-table>
    </sample>
    <sample shape="SHARP" interline="18" left="644" top="1413" id="4619">
        <run-table orientation="VERTICAL" width="19" height="55">
            <runs>0 18 4 15 3</runs>
            <runs>0 16 7 13 12</runs>
            <runs>0 15 9 11 19</runs>
            <runs>0 6 49</runs>
            <runs>0 6 49</runs>
            <runs>0 5 50</runs>
            <runs>0 6 48</runs>
            <runs>0 7 16 10 15</runs>
            <runs>0 7 15 12 14</runs>
            <runs>0 7 14 13 14</runs>
            <runs>0 7 14 12 19</runs>
            <runs>0 6 47</runs>
            <runs>0 1 52</runs>
            <runs>53</runs>
            <runs>49</runs>
            <runs>0 1 4 2 14 12 9</runs>
            <runs>0 8 10 15 8</runs>
            <runs>0 34 7</runs>
            <runs>0 35 5</runs>
        </run-table>
    </sample>
    <sample shape="SHARP" interline="18" left="1276" top="1411" id="5421">
        <run-table orientation="VERTICAL" width="21" height="61">
            <runs>0 23 6</runs>
            <runs>0 22 8 12 10</runs>
            <runs>0 21 9 11 12 4 2</runs>
            <runs>0 12 48</runs>
            <runs>0 6 55</runs>
            <runs>0 5 56</runs>
            <runs>0 5 55</runs>
            <runs>0 5 54</runs>
            <runs>0 6 5 8 10 10 14</runs>
            <runs>0 19 10 10 13</runs>
            <runs>0 19 9 11 13</runs>
            <runs>0 18 10 11 14</runs>
            <runs>0 12 16 10 18</runs>
            <runs>0 12 44</runs>
            <runs>0 3 53</runs>
            <runs>56</runs>
            <runs>53</runs>
            <runs>29 9 14</runs>
            <runs>9 2 14 14 7</runs>
            <runs>0 12 12 15 6</runs>
            <runs>0 12 11</runs>
        </run-table>
    </sample>
</samples>
