<?xml version="1.0" encoding="UTF-8"?>
<stick id="261" interline="21" shape="BRACE">
    <is-within-system>false</is-within-system>
    <has-ledger>false</has-ledger>
    <stem-number>0</stem-number>
    <step-line>11.710843373493976</step-line>
    <moments>
        <k>6.0272108843537415</k>
        <k>1.0952380952380953</k>
        <k>14.476190476190476</k>
        <k>0.007988143226071096</k>
        <k>0.006863872489531031</k>
        <k>2.825542778549259</k>
        <k>-6.353329734652182E-5</k>
        <k>-7.5489105113599E-4</k>
        <k>-0.04522683541992201</k>
        <k>0.11551423664431018</k>
        <k>2.83353092177533</k>
        <k>7.938802574013391</k>
        <k>0.03226383494862865</k>
        <k>0.015220924899519725</k>
        <k>3.2490241239832796E-4</k>
        <k>0.031184253043432125</k>
        <k>-9.061676457374209E-5</k>
        <k>145.14522197140707</k>
        <k>1060.2253574115878</k>
    </moments><members>
    <section id="1" first-pos="133">
        <run start="1061" length="5" level="0"/>
        <run start="1059" length="9" level="0"/>
        <run start="1058" length="10" level="0"/>
        <run start="1057" length="12" level="0"/>
        <run start="1056" length="14" level="0"/>
        <run start="1055" length="16" level="0"/>
    </section>
    <section id="9" first-pos="139">
        <run start="1054" length="7" level="0"/>
        <run start="1052" length="8" level="0"/>
        <run start="1051" length="7" level="0"/>
        <run start="1050" length="7" level="0"/>
        <run start="1048" length="8" level="0"/>
        <run start="1046" length="9" level="0"/>
        <run start="1044" length="10" level="0"/>
        <run start="1041" length="11" level="0"/>
        <run start="1037" length="13" level="0"/>
    </section>
    <section id="33" first-pos="148">
        <run start="970" length="79" level="0"/>
    </section>
    <section id="26" first-pos="146">
        <run start="959" length="60" level="0"/>
        <run start="964" length="62" level="0"/>
    </section>
    <section id="22" first-pos="145">
        <run start="919" length="96" level="0"/>
    </section>
    <section id="20" first-pos="144">
        <run start="921" length="89" level="0"/>
    </section>
    <section id="18" first-pos="143">
        <run start="923" length="83" level="0"/>
    </section>
    <section id="16" first-pos="142">
        <run start="926" length="75" level="0"/>
    </section>
    <section id="14" first-pos="141">
        <run start="927" length="69" level="0"/>
    </section>
    <section id="12" first-pos="140">
        <run start="930" length="61" level="0"/>
    </section>
    <section id="8" first-pos="139">
        <run start="932" length="55" level="0"/>
    </section>
    <section id="6" first-pos="138">
        <run start="936" length="45" level="0"/>
    </section>
    <section id="4" first-pos="137">
        <run start="940" length="35" level="0"/>
    </section>
    <section id="2" first-pos="136">
        <run start="946" length="23" level="0"/>
    </section>
    <section id="25" first-pos="146">
        <run start="918" length="22" level="0"/>
    </section>
    <section id="30" first-pos="147">
        <run start="916" length="17" level="0"/>
        <run start="915" length="15" level="0"/>
        <run start="913" length="13" level="0"/>
        <run start="912" length="12" level="0"/>
        <run start="911" length="9" level="0"/>
        <run start="911" length="8" level="0"/>
        <run start="912" length="5" level="0"/>
    </section>
    <section id="35" first-pos="149">
        <run start="975" length="71" level="0"/>
    </section>
    <section id="37" first-pos="150">
        <run start="983" length="60" level="0"/>
    </section>
    <section id="39" first-pos="151">
        <run start="988" length="52" level="0"/>
    </section>
    <section id="41" first-pos="152">
        <run start="994" length="44" level="0"/>
    </section>
    <section id="43" first-pos="153">
        <run start="1000" length="35" level="0"/>
    </section>
    <section id="45" first-pos="154">
        <run start="1007" length="25" level="0"/>
    </section>
    <section id="47" first-pos="155">
        <run start="1018" length="10" level="0"/>
    </section>
    <section id="10" first-pos="139">
        <run start="1065" length="7" level="0"/>
        <run start="1066" length="7" level="0"/>
        <run start="1067" length="7" level="0"/>
        <run start="1068" length="7" level="0"/>
        <run start="1069" length="7" level="0"/>
        <run start="1071" length="8" level="0"/>
        <run start="1072" length="9" level="0"/>
    </section>
    <section id="27" first-pos="146">
        <run start="1074" length="15" level="0"/>
    </section>
    <section id="23" first-pos="145">
        <run start="1084" length="1" level="0"/>
    </section>
    <section id="31" first-pos="147">
        <run start="1075" length="85" level="0"/>
    </section>
    <section id="28" first-pos="146">
        <run start="1101" length="70" level="0"/>
    </section>
    <section id="24" first-pos="145">
        <run start="1108" length="96" level="0"/>
    </section>
    <section id="21" first-pos="144">
        <run start="1113" length="90" level="0"/>
    </section>
    <section id="19" first-pos="143">
        <run start="1118" length="82" level="0"/>
    </section>
    <section id="17" first-pos="142">
        <run start="1123" length="74" level="0"/>
    </section>
    <section id="15" first-pos="141">
        <run start="1128" length="66" level="0"/>
    </section>
    <section id="13" first-pos="140">
        <run start="1134" length="57" level="0"/>
    </section>
    <section id="11" first-pos="139">
        <run start="1140" length="48" level="0"/>
    </section>
    <section id="7" first-pos="138">
        <run start="1147" length="35" level="0"/>
    </section>
    <section id="5" first-pos="137">
        <run start="1153" length="25" level="0"/>
    </section>
    <section id="3" first-pos="136">
        <run start="1162" length="2" level="0"/>
    </section>
    <section id="29" first-pos="146">
        <run start="1175" length="31" level="0"/>
    </section>
    <section id="32" first-pos="147">
        <run start="1190" length="19" level="0"/>
        <run start="1195" length="16" level="0"/>
        <run start="1199" length="13" level="0"/>
        <run start="1203" length="11" level="0"/>
        <run start="1205" length="10" level="0"/>
        <run start="1207" length="8" level="0"/>
        <run start="1209" length="6" level="0"/>
        <run start="1212" length="3" level="0"/>
    </section>
    <section id="34" first-pos="148">
        <run start="1076" length="78" level="0"/>
    </section>
    <section id="36" first-pos="149">
        <run start="1077" length="70" level="0"/>
    </section>
    <section id="38" first-pos="150">
        <run start="1079" length="62" level="0"/>
    </section>
    <section id="40" first-pos="151">
        <run start="1081" length="54" level="0"/>
    </section>
    <section id="42" first-pos="152">
        <run start="1084" length="45" level="0"/>
    </section>
    <section id="44" first-pos="153">
        <run start="1088" length="35" level="0"/>
    </section>
    <section id="46" first-pos="154">
        <run start="1093" length="23" level="0"/>
    </section>
</members></stick>
