<?xml version="1.0" encoding="UTF-8"?>
<stick id="269" interline="22" shape="G_CLEF">
    <is-within-system>true</is-within-system>
    <has-ledger>false</has-ledger>
    <stem-number>0</stem-number>
    <step-line>0.37209302325581395</step-line>
    <moments>
        <k>6.392561983471074</k>
        <k>2.8181818181818183</k>
        <k>7.454545454545454</k>
        <k>0.0630318147723337</k>
        <k>0.0367833750828459</k>
        <k>0.5704625640860959</k>
        <k>0.0012705930960886871</k>
        <k>0.01073242267396163</k>
        <k>0.015681659460266586</k>
        <k>-0.04231138968997274</k>
        <k>0.6334943788584295</k>
        <k>0.2628980320790675</k>
        <k>0.007646834422215936</k>
        <k>0.001284610024532772</k>
        <k>2.4163560369439357E-6</k>
        <k>2.8143522283121666E-4</k>
        <k>-3.2205113721200213E-6</k>
        <k>203.24305106658048</k>
        <k>1190.6380090497737</k>
    </moments><members>
    <section id="94" first-pos="174">
        <run start="1185" length="2" level="200"/>
        <run start="1184" length="3" level="133"/>
    </section>
    <section id="98" first-pos="176">
        <run start="1183" length="28" level="57"/>
        <run start="1181" length="31" level="52"/>
        <run start="1179" length="34" level="47"/>
        <run start="1177" length="38" level="42"/>
        <run start="1175" length="41" level="39"/>
        <run start="1174" length="43" level="37"/>
    </section>
    <section id="97" first-pos="175">
        <run start="1188" length="21" level="29"/>
    </section>
    <section id="95" first-pos="174">
        <run start="1193" length="4" level="0"/>
    </section>
    <section id="101" first-pos="182">
        <run start="1172" length="28" level="29"/>
        <run start="1170" length="25" level="32"/>
        <run start="1169" length="23" level="35"/>
    </section>
    <section id="104" first-pos="185">
        <run start="1165" length="25" level="48"/>
        <run start="1164" length="24" level="50"/>
        <run start="1164" length="23" level="43"/>
        <run start="1164" length="22" level="36"/>
        <run start="1163" length="20" level="40"/>
        <run start="1161" length="20" level="40"/>
        <run start="1160" length="20" level="40"/>
        <run start="1159" length="20" level="40"/>
        <run start="1158" length="20" level="40"/>
        <run start="1157" length="20" level="40"/>
    </section>
    <section id="103" first-pos="184">
        <run start="1167" length="1" level="0"/>
    </section>
    <section id="126" first-pos="195">
        <run start="1111" length="64" level="25"/>
    </section>
    <section id="124" first-pos="194">
        <run start="1113" length="38" level="21"/>
    </section>
    <section id="119" first-pos="193">
        <run start="1116" length="32" level="25"/>
    </section>
    <section id="117" first-pos="192">
        <run start="1119" length="27" level="30"/>
    </section>
    <section id="114" first-pos="191">
        <run start="1123" length="15" level="0"/>
    </section>
    <section id="127" first-pos="196">
        <run start="1110" length="23" level="0"/>
        <run start="1108" length="20" level="0"/>
        <run start="1107" length="18" level="0"/>
        <run start="1106" length="17" level="0"/>
        <run start="1105" length="16" level="0"/>
        <run start="1104" length="16" level="0"/>
        <run start="1104" length="15" level="0"/>
        <run start="1105" length="14" level="0"/>
        <run start="1106" length="12" level="0"/>
        <run start="1107" length="11" level="0"/>
        <run start="1108" length="10" level="0"/>
        <run start="1109" length="10" level="0"/>
        <run start="1110" length="10" level="0"/>
        <run start="1112" length="9" level="0"/>
        <run start="1114" length="8" level="0"/>
    </section>
    <section id="151" first-pos="211">
        <run start="1116" length="39" level="21"/>
    </section>
    <section id="140" first-pos="204">
        <run start="1144" length="24" level="50"/>
        <run start="1143" length="22" level="45"/>
        <run start="1141" length="23" level="43"/>
        <run start="1140" length="22" level="36"/>
        <run start="1138" length="22" level="36"/>
        <run start="1135" length="23" level="35"/>
        <run start="1131" length="25" level="32"/>
    </section>
    <section id="132" first-pos="197">
        <run start="1148" length="26" level="31"/>
        <run start="1150" length="23" level="35"/>
        <run start="1151" length="22" level="36"/>
        <run start="1150" length="23" level="35"/>
        <run start="1149" length="25" level="32"/>
        <run start="1147" length="29" level="28"/>
        <run start="1146" length="33" level="24"/>
    </section>
    <section id="128" first-pos="196">
        <run start="1144" length="31" level="39"/>
    </section>
    <section id="131" first-pos="197">
        <run start="1146" length="1" level="0"/>
    </section>
    <section id="141" first-pos="204">
        <run start="1171" length="12" level="17"/>
    </section>
    <section id="142" first-pos="205">
        <run start="1174" length="23" level="61"/>
        <run start="1177" length="19" level="74"/>
        <run start="1180" length="16" level="88"/>
        <run start="1182" length="15" level="93"/>
        <run start="1185" length="14" level="57"/>
        <run start="1185" length="17" level="47"/>
        <run start="1185" length="20" level="40"/>
    </section>
    <section id="134" first-pos="200">
        <run start="1185" length="17" level="47"/>
        <run start="1185" length="15" level="53"/>
        <run start="1185" length="14" level="57"/>
        <run start="1185" length="13" level="62"/>
        <run start="1185" length="12" level="67"/>
    </section>
    <section id="120" first-pos="193">
        <run start="1198" length="11" level="36"/>
        <run start="1195" length="15" level="40"/>
        <run start="1193" length="18" level="33"/>
        <run start="1191" length="21" level="29"/>
        <run start="1189" length="25" level="24"/>
        <run start="1186" length="28" level="43"/>
        <run start="1185" length="30" level="47"/>
    </section>
    <section id="135" first-pos="200">
        <run start="1209" length="7" level="29"/>
        <run start="1213" length="4" level="0"/>
        <run start="1214" length="3" level="0"/>
        <run start="1214" length="4" level="0"/>
        <run start="1215" length="3" level="0"/>
        <run start="1216" length="3" level="0"/>
        <run start="1216" length="3" level="0"/>
        <run start="1217" length="1" level="0"/>
    </section>
    <section id="155" first-pos="212">
        <run start="1185" length="24" level="50"/>
    </section>
    <section id="152" first-pos="211">
        <run start="1206" length="1" level="0"/>
    </section>
    <section id="157" first-pos="213">
        <run start="1185" length="10" level="80"/>
        <run start="1185" length="10" level="80"/>
        <run start="1185" length="10" level="80"/>
        <run start="1185" length="10" level="80"/>
        <run start="1185" length="10" level="80"/>
        <run start="1185" length="10" level="80"/>
        <run start="1185" length="10" level="80"/>
        <run start="1185" length="11" level="73"/>
        <run start="1185" length="11" level="73"/>
        <run start="1185" length="12" level="67"/>
        <run start="1185" length="13" level="62"/>
        <run start="1185" length="14" level="57"/>
        <run start="1185" length="15" level="53"/>
        <run start="1185" length="17" level="47"/>
        <run start="1186" length="19" level="32"/>
    </section>
    <section id="178" first-pos="228">
        <run start="1188" length="21" level="29"/>
    </section>
    <section id="176" first-pos="227">
        <run start="1206" length="1" level="0"/>
    </section>
    <section id="179" first-pos="229">
        <run start="1189" length="30" level="27"/>
        <run start="1191" length="27" level="30"/>
        <run start="1192" length="24" level="33"/>
        <run start="1194" length="20" level="40"/>
    </section>
    <section id="168" first-pos="223">
        <run start="1221" length="4" level="0"/>
        <run start="1220" length="4" level="0"/>
        <run start="1218" length="5" level="0"/>
        <run start="1217" length="5" level="0"/>
        <run start="1214" length="7" level="0"/>
        <run start="1210" length="10" level="20"/>
    </section>
    <section id="164" first-pos="217">
        <run start="1214" length="17" level="35"/>
        <run start="1218" length="14" level="57"/>
        <run start="1220" length="15" level="53"/>
        <run start="1221" length="17" level="47"/>
        <run start="1221" length="19" level="42"/>
        <run start="1221" length="23" level="35"/>
    </section>
    <section id="162" first-pos="216">
        <run start="1208" length="23" level="43"/>
    </section>
    <section id="158" first-pos="213">
        <run start="1200" length="12" level="50"/>
        <run start="1204" length="11" level="55"/>
        <run start="1206" length="13" level="46"/>
    </section>
    <section id="102" first-pos="182">
        <run start="1206" length="12" level="67"/>
        <run start="1211" length="9" level="0"/>
        <run start="1213" length="8" level="0"/>
        <run start="1215" length="7" level="0"/>
        <run start="1216" length="7" level="0"/>
        <run start="1218" length="5" level="0"/>
        <run start="1219" length="5" level="0"/>
        <run start="1220" length="5" level="0"/>
        <run start="1220" length="6" level="0"/>
        <run start="1221" length="5" level="0"/>
        <run start="1222" length="5" level="0"/>
        <run start="1223" length="8" level="75"/>
        <run start="1223" length="8" level="75"/>
        <run start="1224" length="7" level="86"/>
        <run start="1224" length="7" level="86"/>
        <run start="1225" length="6" level="100"/>
        <run start="1225" length="6" level="100"/>
        <run start="1225" length="6" level="100"/>
        <run start="1226" length="5" level="120"/>
        <run start="1226" length="5" level="120"/>
        <run start="1226" length="5" level="120"/>
        <run start="1226" length="5" level="120"/>
        <run start="1226" length="5" level="120"/>
        <run start="1227" length="4" level="150"/>
        <run start="1227" length="4" level="150"/>
        <run start="1227" length="4" level="150"/>
        <run start="1226" length="5" level="120"/>
        <run start="1226" length="5" level="120"/>
        <run start="1226" length="5" level="120"/>
        <run start="1226" length="5" level="120"/>
        <run start="1226" length="5" level="120"/>
        <run start="1226" length="5" level="120"/>
        <run start="1225" length="6" level="100"/>
        <run start="1224" length="7" level="86"/>
    </section>
    <section id="163" first-pos="217">
        <run start="1208" length="3" level="133"/>
        <run start="1208" length="3" level="133"/>
    </section>
    <section id="169" first-pos="223">
        <run start="1232" length="30" level="0"/>
    </section>
    <section id="144" first-pos="205">
        <run start="1263" length="5" level="0"/>
        <run start="1263" length="5" level="0"/>
        <run start="1264" length="4" level="0"/>
        <run start="1264" length="4" level="0"/>
        <run start="1264" length="4" level="0"/>
        <run start="1264" length="4" level="0"/>
        <run start="1264" length="4" level="0"/>
        <run start="1264" length="4" level="0"/>
        <run start="1263" length="4" level="0"/>
        <run start="1263" length="4" level="0"/>
        <run start="1263" length="4" level="0"/>
        <run start="1262" length="5" level="0"/>
        <run start="1261" length="5" level="0"/>
        <run start="1261" length="5" level="0"/>
        <run start="1259" length="6" level="0"/>
        <run start="1258" length="6" level="0"/>
        <run start="1257" length="6" level="0"/>
        <run start="1254" length="9" level="0"/>
    </section>
    <section id="125" first-pos="194">
        <run start="1248" length="12" level="0"/>
        <run start="1246" length="15" level="0"/>
        <run start="1245" length="18" level="0"/>
        <run start="1245" length="19" level="0"/>
        <run start="1244" length="20" level="0"/>
        <run start="1243" length="22" level="0"/>
        <run start="1243" length="23" level="0"/>
        <run start="1243" length="23" level="0"/>
        <run start="1243" length="24" level="0"/>
        <run start="1243" length="24" level="0"/>
        <run start="1243" length="25" level="0"/>
    </section>
    <section id="121" first-pos="193">
        <run start="1250" length="7" level="0"/>
    </section>
    <section id="143" first-pos="205">
        <run start="1244" length="17" level="0"/>
        <run start="1244" length="17" level="0"/>
        <run start="1244" length="16" level="0"/>
        <run start="1245" length="15" level="0"/>
        <run start="1246" length="13" level="0"/>
        <run start="1247" length="11" level="0"/>
        <run start="1248" length="9" level="0"/>
    </section>
    <section id="171" first-pos="224">
        <run start="1235" length="25" level="0"/>
        <run start="1238" length="21" level="0"/>
    </section>
    <section id="175" first-pos="226">
        <run start="1242" length="15" level="0"/>
    </section>
    <section id="177" first-pos="227">
        <run start="1246" length="7" level="0"/>
    </section>
    <section id="181" first-pos="233">
        <run start="1197" length="15" level="53"/>
    </section>
    <section id="182" first-pos="234">
        <run start="1202" length="9" level="89"/>
    </section>
    <section id="183" first-pos="235">
        <run start="1208" length="1" level="200"/>
    </section>
    <section id="154" first-pos="212">
        <run start="1118" length="34" level="24"/>
    </section>
    <section id="156" first-pos="213">
        <run start="1121" length="29" level="28"/>
    </section>
    <section id="160" first-pos="214">
        <run start="1125" length="22" level="36"/>
    </section>
    <section id="161" first-pos="215">
        <run start="1129" length="14" level="14"/>
    </section>
</members></stick>
