<?xml version="1.0" encoding="UTF-8" standalone="yes"?>
<samples sheet-name="IMSLP00120#3">
    <sample shape="G_CLEF" interline="19" pitch="-0.2" left="239" top="1060" id="220">
        <run-table orientation="VERTICAL" width="56" height="149">
            <runs>0 76 18</runs>
            <runs>0 76 23</runs>
            <runs>0 74 27</runs>
            <runs>0 72 31</runs>
            <runs>0 70 35</runs>
            <runs>0 68 38 25 5</runs>
            <runs>0 67 39 24 9</runs>
            <runs>0 66 25 3 13 21 12</runs>
            <runs>0 64 21 10 14 17 16</runs>
            <runs>0 63 20 19 8 15 19</runs>
            <runs>0 58 23 23 7 14 19</runs>
            <runs>0 58 22 25 6 13 21</runs>
            <runs>0 58 22 26 7 11 22</runs>
            <runs>0 58 22 27 7 9 24</runs>
            <runs>0 58 18 32 10 5 24</runs>
            <runs>0 57 17 35 9 5 25</runs>
            <runs>0 56 17 19 4 14 8 5 25</runs>
            <runs>0 56 16 14 14 11 3 9 19 1 5</runs>
            <runs>0 55 16 13 17 10 3 9 19 2 4</runs>
            <runs>0 54 16 12 20 10 2 10 18 3 4</runs>
            <runs>0 53 16 12 23 8 2 10 17 4 4</runs>
            <runs>0 52 16 10 26 9 1 10 17 4 4</runs>
            <runs>0 52 16 10 28 7 1 11 16 5 3</runs>
            <runs>0 51 16 11 14 3 11 19 15 6 3</runs>
            <runs>0 50 16 12 12 12 5 19 14 5 4</runs>
            <runs>0 24 10 15 16 12 12 14 5 20 9 8 4</runs>
            <runs>0 18 25 5 16 12 12 16 4 22 6 9 4</runs>
            <runs>0 15 49 12 11 18 3 36 5</runs>
            <runs>0 13 50 12 12 18 4 35 5</runs>
            <runs>0 11 53 11 11 20 3 34 5</runs>
            <runs>0 10 57 7 12 21 1 35 5</runs>
            <runs>0 8 27 3 49 56 4</runs>
            <runs>0 7 21 11 50 53 5</runs>
            <runs>0 6 19 14 54 48 5</runs>
            <runs>0 5 18 16 22 12 38 27 7</runs>
            <runs>0 4 18 17 22 13 12 9 29 12 8</runs>
            <runs>0 3 17 20 17 17 12 9 48</runs>
            <runs>0 2 17 21 16 18 12 26 30</runs>
            <runs>0 1 17 21 16 20 11 27 27</runs>
            <runs>0 1 16 21 16 21 11 27 24</runs>
            <runs>16 21 16 22 12 37 3</runs>
            <runs>15 20 18 22 12</runs>
            <runs>15 19 18 24 11</runs>
            <runs>16 16 19 25 12 23 8</runs>
            <runs>0 1 16 12 21 26 13 21 9</runs>
            <runs>0 3 45 29 13 19 10</runs>
            <runs>0 6 40 31 14 17 6</runs>
            <runs>0 9 35 33 15 15 6</runs>
            <runs>0 13 31 33 17 11 7</runs>
            <runs>0 17 21 39 34</runs>
            <runs>0 25 5 47 33</runs>
            <runs>0 82 27</runs>
            <runs>0 83 25</runs>
            <runs>0 84 22</runs>
            <runs>0 86 18</runs>
            <runs>0 90 12</runs>
        </run-table>
    </sample>
    <sample shape="G_CLEF" interline="19" pitch="0.0" left="240" top="1744" id="272">
        <run-table orientation="VERTICAL" width="57" height="151">
            <runs>0 77 23</runs>
            <runs>0 77 23</runs>
            <runs>0 74 28</runs>
            <runs>0 72 32</runs>
            <runs>0 70 35</runs>
            <runs>0 69 38 25 6</runs>
            <runs>0 68 40 23 10</runs>
            <runs>0 66 43 19 13</runs>
            <runs>0 65 23 8 14 17 17</runs>
            <runs>0 64 21 17 9 15 20</runs>
            <runs>0 58 25 21 8 13 21</runs>
            <runs>0 58 24 23 8 12 22</runs>
            <runs>0 58 23 26 6 11 24</runs>
            <runs>0 58 23 27 6 10 24</runs>
            <runs>0 58 23 28 9 6 25</runs>
            <runs>0 57 19 34 8 6 25</runs>
            <runs>0 57 18 35 8 6 25</runs>
            <runs>0 56 18 14 13 10 3 10 26</runs>
            <runs>0 55 18 13 16 9 3 10 18 3 5</runs>
            <runs>0 54 18 13 19 8 2 10 18 3 5</runs>
            <runs>0 54 17 12 22 8 1 10 18 4 4</runs>
            <runs>0 53 17 12 24 7 1 10 18 4 4</runs>
            <runs>0 52 17 9 29 18 16 5 5</runs>
            <runs>0 51 17 10 16 2 12 17 16 5 5</runs>
            <runs>0 50 17 11 14 10 6 18 14 6 5</runs>
            <runs>0 21 22 7 17 11 13 12 6 18 12 7 5</runs>
            <runs>0 16 31 2 17 12 12 14 5 19 10 8 4</runs>
            <runs>0 15 50 13 11 16 5 21 4 11 4</runs>
            <runs>0 13 52 12 12 17 4 35 5</runs>
            <runs>0 11 54 11 12 18 4 35 5</runs>
            <runs>0 10 57 9 12 18 4 34 5</runs>
            <runs>0 9 60 6 13 56 5</runs>
            <runs>0 7 22 11 49 54 5</runs>
            <runs>0 6 20 18 47 51 5</runs>
            <runs>0 5 19 16 22 10 39 29 7</runs>
            <runs>0 5 17 18 22 13 48 14 8</runs>
            <runs>0 4 17 19 22 14 12 8 48</runs>
            <runs>0 3 17 20 17 19 12 19 36</runs>
            <runs>0 2 17 21 17 19 12 20 33</runs>
            <runs>0 1 17 21 17 20 12 26 25</runs>
            <runs>17 21 17 21 12 39 8</runs>
            <runs>16 20 18 23 11</runs>
            <runs>16 18 19 24 12 24 1</runs>
            <runs>16 15 20 26 12 23 2</runs>
            <runs>0 1 18 10 20 28 13 21 3</runs>
            <runs>0 3 45 30 12 21 3</runs>
            <runs>0 7 39 32 14 17 9</runs>
            <runs>0 11 33 34 15 14 8</runs>
            <runs>0 16 28 34 16 11 9</runs>
            <runs>0 21 17 40 23 1 11</runs>
            <runs>0 78 34</runs>
            <runs>0 78 33</runs>
            <runs>0 83 27</runs>
            <runs>0 84 24</runs>
            <runs>0 86 21</runs>
            <runs>0 89 15</runs>
            <runs>0 93 8</runs>
        </run-table>
    </sample>
    <sample shape="F_CLEF" interline="19" pitch="-1.6" left="244" top="2432" id="352">
        <run-table orientation="VERTICAL" width="53" height="60">
            <runs>0 12 10</runs>
            <runs>0 11 12</runs>
            <runs>0 8 16</runs>
            <runs>0 7 18</runs>
            <runs>0 6 20</runs>
            <runs>0 5 22 27 1</runs>
            <runs>10 2 15 27 1</runs>
            <runs>8 3 17 26 1</runs>
            <runs>0 6 1 4 17 25 2</runs>
            <runs>0 11 17 25 2</runs>
            <runs>0 11 17 25 2</runs>
            <runs>0 11 17 24 8</runs>
            <runs>0 11 17 23 9</runs>
            <runs>0 11 17 23 9</runs>
            <runs>0 11 16 23 10</runs>
            <runs>0 12 15 23 10</runs>
            <runs>0 13 13 23 6</runs>
            <runs>0 13 12 23 7</runs>
            <runs>0 14 9 24 8</runs>
            <runs>0 16 3 27 8</runs>
            <runs>0 46 8</runs>
            <runs>0 45 8</runs>
            <runs>0 43 9</runs>
            <runs>0 42 10</runs>
            <runs>0 38 13</runs>
            <runs>0 38 12</runs>
            <runs>0 6 1 30 12</runs>
            <runs>8 28 12</runs>
            <runs>9 25 13</runs>
            <runs>11 21 14</runs>
            <runs>14 14 17</runs>
            <runs>44</runs>
            <runs>43</runs>
            <runs>42</runs>
            <runs>41</runs>
            <runs>41</runs>
            <runs>0 5 36</runs>
            <runs>0 7 34</runs>
            <runs>0 8 28</runs>
            <runs>0 10 24</runs>
            <runs>0 13 17</runs>
            <runs>0 17 10</runs>
            <runs></runs>
            <runs></runs>
            <runs>0 7 6 14 2</runs>
            <runs>0 6 8 12 6</runs>
            <runs>0 6 8 11 7</runs>
            <runs>0 5 9 11 7</runs>
            <runs>0 5 9 11 8</runs>
            <runs>0 6 8 11 8</runs>
            <runs>0 6 8 11 8</runs>
            <runs>0 7 6 12 7</runs>
            <runs>0 8 3 16 4</runs>
        </run-table>
    </sample>
    <sample shape="SHARP" interline="19" pitch="-4.1" left="309" top="363" id="208">
        <run-table orientation="VERTICAL" width="21" height="60">
            <runs>0 20 8 11 8</runs>
            <runs>0 19 9 11 13</runs>
            <runs>0 19 9 10 14</runs>
            <runs>0 4 50 4 1</runs>
            <runs>0 4 56</runs>
            <runs>0 4 56</runs>
            <runs>0 4 30 1 25</runs>
            <runs>0 17 9 11 10</runs>
            <runs>0 17 9 11 9</runs>
            <runs>0 17 9 11 9</runs>
            <runs>0 16 9 11 10</runs>
            <runs>0 16 9 11 9</runs>
            <runs>0 16 9 11 9</runs>
            <runs>0 1 5 9 10 10 10</runs>
            <runs>47 1 8</runs>
            <runs>47 1 8</runs>
            <runs>0 12 13 4 13</runs>
            <runs>0 13 10 6 12</runs>
            <runs>0 14 9 11 6</runs>
            <runs>0 14 8 12 5</runs>
            <runs>0 15 6</runs>
        </run-table>
    </sample>
    <sample shape="SHARP" interline="19" pitch="1.4" left="331" top="2677" id="411">
        <run-table orientation="VERTICAL" width="22" height="61">
            <runs>0 38 9</runs>
            <runs>0 23 4 10 10</runs>
            <runs>0 23 4 10 10</runs>
            <runs>0 19 12 4 13</runs>
            <runs>0 5 55</runs>
            <runs>0 5 56</runs>
            <runs>0 13 48</runs>
            <runs>0 17 8 11 25</runs>
            <runs>0 17 8 12 9</runs>
            <runs>0 17 8 11 9</runs>
            <runs>0 16 8 12 9</runs>
            <runs>0 16 8 11 10</runs>
            <runs>0 16 8 11 9</runs>
            <runs>0 15 9 10 10</runs>
            <runs>28 2 15</runs>
            <runs>60</runs>
            <runs>0 12 48</runs>
            <runs>0 14 9 8 29</runs>
            <runs>0 14 8 11 10</runs>
            <runs>0 14 8 11 9</runs>
            <runs>0 33 8</runs>
            <runs>0 34 3</runs>
        </run-table>
    </sample>
</samples>
