<?xml version="1.0" encoding="UTF-8"?>
<stick id="619" interline="15" shape="BEAM">
    <is-within-system>true</is-within-system>
    <has-ledger>false</has-ledger>
    <stem-number>2</stem-number>
    <step-line>-2.1333333333333333</step-line>
    <moments>
        <k>1.551111111111111</k>
        <k>2.7333333333333334</k>
        <k>0.6666666666666666</k>
        <k>0.3933133074008243</k>
        <k>0.02095999559994393</k>
        <k>0.018416860100306045</k>
        <k>-6.957789679419721E-4</k>
        <k>-2.655407224380616E-4</k>
        <k>-4.634704547368502E-6</k>
        <k>1.913139323795146E-6</k>
        <k>0.41173016750113034</k>
        <k>0.142304631860749</k>
        <k>1.1026119528738769E-6</k>
        <k>5.600788151886746E-7</k>
        <k>4.2991376512247393E-13</k>
        <k>1.7334224037000531E-7</k>
        <k>-9.429859340623308E-14</k>
        <k>547.0114613180516</k>
        <k>691.512893982808</k>
    </moments>
    <section id="594" first-pos="527">
        <run start="687" length="8" level="100"/>
        <run start="687" length="8" level="100"/>
        <run start="687" length="8" level="100"/>
        <run start="687" length="8" level="100"/>
        <run start="687" length="8" level="100"/>
        <run start="687" length="8" level="100"/>
        <run start="687" length="9" level="89"/>
        <run start="687" length="9" level="89"/>
        <run start="687" length="9" level="89"/>
        <run start="687" length="9" level="89"/>
        <run start="687" length="9" level="89"/>
        <run start="687" length="9" level="89"/>
        <run start="687" length="9" level="89"/>
        <run start="687" length="9" level="89"/>
        <run start="687" length="9" level="89"/>
        <run start="687" length="9" level="89"/>
        <run start="688" length="8" level="100"/>
        <run start="688" length="8" level="100"/>
        <run start="688" length="8" level="100"/>
        <run start="688" length="8" level="100"/>
        <run start="688" length="8" level="100"/>
        <run start="688" length="8" level="100"/>
        <run start="688" length="8" level="100"/>
        <run start="688" length="8" level="100"/>
        <run start="688" length="9" level="89"/>
        <run start="688" length="9" level="89"/>
        <run start="688" length="9" level="89"/>
        <run start="688" length="9" level="89"/>
        <run start="688" length="9" level="89"/>
        <run start="688" length="9" level="89"/>
        <run start="688" length="9" level="89"/>
        <run start="688" length="9" level="89"/>
        <run start="688" length="9" level="89"/>
        <run start="688" length="9" level="89"/>
        <run start="688" length="9" level="89"/>
        <run start="689" length="8" level="100"/>
        <run start="689" length="8" level="100"/>
        <run start="689" length="8" level="100"/>
        <run start="689" length="8" level="100"/>
        <run start="689" length="8" level="100"/>
        <run start="689" length="8" level="100"/>
    </section>
</stick>
