<?xml version="1.0" encoding="UTF-8"?>
<stick id="843" interline="16" shape="BEAM_CHUNK">
    <is-within-system>true</is-within-system>
    <has-ledger>false</has-ledger>
    <stem-number>1</stem-number>
    <step-line>-0.9696969696969697</step-line>
    <moments>
        <k>0.5859375</k>
        <k>0.9375</k>
        <k>0.625</k>
        <k>0.12444444444444444</k>
        <k>0.0</k>
        <k>0.055</k>
        <k>0.0</k>
        <k>0.0</k>
        <k>0.0</k>
        <k>0.0</k>
        <k>0.17944444444444443</k>
        <k>0.0048225308641975315</k>
        <k>0.0</k>
        <k>0.0</k>
        <k>0.0</k>
        <k>0.0</k>
        <k>0.0</k>
        <k>558.0</k>
        <k>1369.5</k>
    </moments>
    <section id="616" first-pos="551">
        <run start="1365" length="10" level="0"/>
        <run start="1365" length="10" level="0"/>
        <run start="1365" length="10" level="0"/>
        <run start="1365" length="10" level="0"/>
        <run start="1365" length="10" level="0"/>
        <run start="1365" length="10" level="0"/>
        <run start="1365" length="10" level="0"/>
        <run start="1365" length="10" level="0"/>
        <run start="1365" length="10" level="0"/>
        <run start="1365" length="10" level="0"/>
        <run start="1365" length="10" level="0"/>
        <run start="1365" length="10" level="0"/>
        <run start="1365" length="10" level="0"/>
        <run start="1365" length="10" level="0"/>
        <run start="1365" length="10" level="0"/>
    </section>
</stick>
