<?xml version="1.0" encoding="UTF-8"?>
<stick id="608" interline="15" shape="BEAM_CHUNK">
    <is-within-system>true</is-within-system>
    <has-ledger>false</has-ledger>
    <stem-number>1</stem-number>
    <step-line>-6.133333333333334</step-line>
    <moments>
        <k>0.21333333333333335</k>
        <k>0.5333333333333333</k>
        <k>0.4</k>
        <k>0.109375</k>
        <k>0.0</k>
        <k>0.06076388888888889</k>
        <k>0.0</k>
        <k>0.0</k>
        <k>0.0</k>
        <k>0.0</k>
        <k>0.1701388888888889</k>
        <k>0.00236304012345679</k>
        <k>0.0</k>
        <k>0.0</k>
        <k>0.0</k>
        <k>0.0</k>
        <k>0.0</k>
        <k>347.5</k>
        <k>662.5</k>
    </moments>
    <section id="447" first-pos="344">
        <run start="660" length="6" level="0"/>
        <run start="660" length="6" level="0"/>
        <run start="660" length="6" level="0"/>
        <run start="660" length="6" level="0"/>
        <run start="660" length="6" level="0"/>
        <run start="660" length="6" level="0"/>
        <run start="660" length="6" level="0"/>
        <run start="660" length="6" level="0"/>
    </section>
</stick>
