<?xml version="1.0" encoding="UTF-8"?>
<stick id="903" interline="15" shape="COMBINING_FLAG_1">
    <is-within-system>true</is-within-system>
    <has-ledger>false</has-ledger>
    <stem-number>1</stem-number>
    <step-line>-2.0327868852459017</step-line>
    <moments>
        <k>1.0844444444444445</k>
        <k>0.8666666666666667</k>
        <k>3.3333333333333335</k>
        <k>0.05235047206594396</k>
        <k>0.10721643551662921</k>
        <k>0.6049027093677448</k>
        <k>-0.0030661097572289653</k>
        <k>-0.007911153036880638</k>
        <k>-0.007488744918935066</k>
        <k>0.3694982006201714</k>
        <k>0.6572531814336888</k>
        <k>0.3512954311267917</k>
        <k>0.1550075030646493</k>
        <k>0.13085659793723595</k>
        <k>0.018623101173600252</k>
        <k>0.0705452262749519</k>
        <k>-7.127012163711326E-4</k>
        <k>1202.467213114754</k>
        <k>692.2172131147541</k>
    </moments>
    <section id="1429" first-pos="1196">
        <run start="673" length="15" level="27"/>
        <run start="674" length="15" level="27"/>
        <run start="675" length="15" level="27"/>
        <run start="675" length="16" level="25"/>
        <run start="677" length="15" level="27"/>
        <run start="678" length="15" level="27"/>
        <run start="678" length="17" level="35"/>
        <run start="680" length="16" level="25"/>
        <run start="682" length="16" level="25"/>
        <run start="684" length="17" level="24"/>
    </section>
    <section id="1437" first-pos="1206">
        <run start="687" length="28" level="29"/>
    </section>
    <section id="1432" first-pos="1200">
        <run start="722" length="1" level="200"/>
        <run start="721" length="2" level="100"/>
        <run start="719" length="4" level="50"/>
        <run start="717" length="4" level="0"/>
        <run start="714" length="6" level="0"/>
        <run start="711" length="7" level="0"/>
    </section>
    <section id="1439" first-pos="1207">
        <run start="690" length="22" level="36"/>
    </section>
    <section id="1441" first-pos="1208">
        <run start="692" length="1" level="200"/>
    </section>
    <section id="1442" first-pos="1208">
        <run start="695" length="11" level="0"/>
    </section>
    <section id="1443" first-pos="1208">
        <run start="708" length="1" level="200"/>
    </section>
</stick>
