<?xml version="1.0" encoding="UTF-8"?>
<stick id="195" interline="15" shape="COMMON_TIME">
    <is-within-system>true</is-within-system>
    <has-ledger>false</has-ledger>
    <stem-number>0</stem-number>
    <step-line>0.06779661016949153</step-line>
    <moments>
        <k>1.751111111111111</k>
        <k>1.6</k>
        <k>2.466666666666667</k>
        <k>0.09948402779040327</k>
        <k>0.0026015081278572445</k>
        <k>0.3246742833868274</k>
        <k>0.006480192949082662</k>
        <k>0.014296864335884077</k>
        <k>0.0017192003511949188</k>
        <k>-0.06497137091470154</k>
        <k>0.4241583111772307</k>
        <k>0.05073772259374006</k>
        <k>0.011635952510509183</k>
        <k>0.0026351356674992506</k>
        <k>1.285056955447489E-5</k>
        <k>5.588040612959841E-4</k>
        <k>-6.912317036030353E-6</k>
        <k>278.03553299492387</k>
        <k>485.8680203045685</k>
    </moments>
    <section id="326" first-pos="268">
        <run start="486" length="10" level="20"/>
    </section>
    <section id="327" first-pos="269">
        <run start="481" length="18" level="22"/>
    </section>
    <section id="328" first-pos="270">
        <run start="477" length="25" level="32"/>
    </section>
    <section id="329" first-pos="271">
        <run start="474" length="11" level="0"/>
        <run start="470" length="12" level="33"/>
        <run start="470" length="9" level="44"/>
        <run start="469" length="9" level="44"/>
        <run start="467" length="9" level="44"/>
        <run start="467" length="8" level="50"/>
        <run start="466" length="8" level="50"/>
        <run start="466" length="8" level="50"/>
        <run start="465" length="9" level="44"/>
        <run start="465" length="10" level="40"/>
    </section>
    <section id="345" first-pos="281">
        <run start="465" length="15" level="27"/>
        <run start="466" length="16" level="25"/>
        <run start="467" length="14" level="29"/>
        <run start="469" length="11" level="36"/>
    </section>
    <section id="330" first-pos="271">
        <run start="486" length="16" level="38"/>
    </section>
    <section id="331" first-pos="272">
        <run start="491" length="11" level="36"/>
        <run start="492" length="10" level="40"/>
        <run start="493" length="9" level="44"/>
        <run start="494" length="8" level="50"/>
        <run start="494" length="8" level="50"/>
        <run start="494" length="8" level="50"/>
        <run start="494" length="8" level="50"/>
        <run start="494" length="8" level="50"/>
        <run start="494" length="8" level="50"/>
        <run start="493" length="9" level="44"/>
        <run start="493" length="9" level="44"/>
        <run start="492" length="10" level="40"/>
        <run start="492" length="9" level="22"/>
        <run start="491" length="9" level="0"/>
        <run start="490" length="9" level="0"/>
        <run start="489" length="9" level="0"/>
        <run start="488" length="9" level="0"/>
        <run start="487" length="9" level="0"/>
        <run start="486" length="9" level="22"/>
        <run start="486" length="7" level="29"/>
    </section>
</stick>
