<?xml version="1.0" encoding="UTF-8"?>
<stick id="396" interline="15" shape="EIGHTH_REST">
    <is-within-system>true</is-within-system>
    <has-ledger>false</has-ledger>
    <stem-number>0</stem-number>
    <step-line>-0.5333333333333333</step-line>
    <moments>
        <k>0.96</k>
        <k>1.3333333333333333</k>
        <k>1.8666666666666667</k>
        <k>0.10234204326068178</k>
        <k>-0.022757582685566508</k>
        <k>0.2038180155464103</k>
        <k>0.010579891561976697</k>
        <k>-0.028280334245365735</k>
        <k>6.63915231378385E-5</k>
        <k>0.07565830339920568</k>
        <k>0.3061600588070921</k>
        <k>0.01236900323009553</k>
        <k>0.025867786555193367</k>
        <k>0.0023580153046706053</k>
        <k>1.3751456493013206E-5</k>
        <k>1.7036301121197903E-4</k>
        <k>1.2249618353069724E-5</k>
        <k>1242.8796296296296</k>
        <k>926.2777777777778</k>
    </moments>
    <section id="1455" first-pos="1235">
        <run start="921" length="7" level="0"/>
        <run start="919" length="10" level="0"/>
        <run start="917" length="13" level="15"/>
        <run start="916" length="15" level="40"/>
        <run start="916" length="15" level="40"/>
    </section>
    <section id="1457" first-pos="1240">
        <run start="916" length="2" level="100"/>
    </section>
    <section id="1458" first-pos="1240">
        <run start="922" length="9" level="44"/>
        <run start="922" length="8" level="25"/>
        <run start="922" length="8" level="25"/>
        <run start="922" length="8" level="25"/>
        <run start="922" length="8" level="25"/>
    </section>
    <section id="1462" first-pos="1245">
        <run start="921" length="13" level="46"/>
        <run start="921" length="11" level="55"/>
        <run start="920" length="10" level="20"/>
        <run start="920" length="8" level="0"/>
        <run start="919" length="8" level="0"/>
        <run start="918" length="7" level="0"/>
        <run start="917" length="7" level="0"/>
        <run start="917" length="5" level="0"/>
        <run start="916" length="4" level="50"/>
        <run start="916" length="1" level="200"/>
    </section>
    <section id="1460" first-pos="1244">
        <run start="931" length="5" level="40"/>
    </section>
    <section id="1459" first-pos="1240">
        <run start="939" length="5" level="0"/>
        <run start="937" length="7" level="0"/>
        <run start="935" length="8" level="0"/>
        <run start="933" length="9" level="0"/>
    </section>
    <section id="1461" first-pos="1244">
        <run start="937" length="4" level="0"/>
        <run start="938" length="1" level="0"/>
    </section>
</stick>
