<?xml version="1.0" encoding="UTF-8"?>
<stick id="415" interline="17" shape="G_CLEF">
    <is-within-system>true</is-within-system>
    <has-ledger>false</has-ledger>
    <stem-number>0</stem-number>
    <step-line>0.7761194029850746</step-line>
    <moments>
        <k>7.0657439446366785</k>
        <k>2.823529411764706</k>
        <k>8.529411764705882</k>
        <k>0.061054105358927774</k>
        <k>0.025151737367096517</k>
        <k>0.5591728009266835</k>
        <k>0.002155318353169771</k>
        <k>0.012867729928379762</k>
        <k>-0.007723895878088232</k>
        <k>-0.23842899198527348</k>
        <k>0.6202269062856113</k>
        <k>0.25065267444445616</k>
        <k>0.07738828696876256</k>
        <k>0.05090889199634971</k>
        <k>0.0031949526558447613</k>
        <k>0.0254541463928981</k>
        <k>-5.4706984138220476E-5</k>
        <k>141.70910871694417</k>
        <k>1161.7522037218414</k>
    </moments>
    <section id="30" first-pos="119">
        <run start="1172" length="11" level="36"/>
    </section>
    <section id="36" first-pos="120">
        <run start="1167" length="20" level="30"/>
    </section>
    <section id="38" first-pos="121">
        <run start="1163" length="26" level="38"/>
    </section>
    <section id="44" first-pos="122">
        <run start="1160" length="32" level="44"/>
    </section>
    <section id="52" first-pos="123">
        <run start="1156" length="37" level="49"/>
    </section>
    <section id="54" first-pos="124">
        <run start="1153" length="18" level="33"/>
        <run start="1151" length="18" level="33"/>
        <run start="1148" length="18" level="33"/>
        <run start="1145" length="18" level="33"/>
        <run start="1143" length="17" level="35"/>
        <run start="1141" length="16" level="25"/>
        <run start="1139" length="17" level="35"/>
        <run start="1135" length="17" level="35"/>
        <run start="1133" length="17" level="35"/>
        <run start="1130" length="18" level="33"/>
        <run start="1128" length="17" level="35"/>
        <run start="1125" length="18" level="33"/>
        <run start="1122" length="19" level="53"/>
    </section>
    <section id="104" first-pos="137">
        <run start="1085" length="55" level="18"/>
    </section>
    <section id="99" first-pos="136">
        <run start="1085" length="29" level="0"/>
    </section>
    <section id="87" first-pos="135">
        <run start="1084" length="22" level="0"/>
    </section>
    <section id="80" first-pos="134">
        <run start="1085" length="13" level="0"/>
    </section>
    <section id="75" first-pos="133">
        <run start="1086" length="4" level="0"/>
    </section>
    <section id="109" first-pos="138">
        <run start="1086" length="14" level="0"/>
        <run start="1087" length="13" level="0"/>
        <run start="1087" length="14" level="0"/>
        <run start="1088" length="14" level="0"/>
        <run start="1089" length="15" level="0"/>
    </section>
    <section id="150" first-pos="143">
        <run start="1091" length="32" level="13"/>
        <run start="1092" length="29" level="0"/>
        <run start="1094" length="25" level="0"/>
    </section>
    <section id="139" first-pos="142">
        <run start="1109" length="17" level="35"/>
    </section>
    <section id="134" first-pos="141">
        <run start="1112" length="45" level="36"/>
    </section>
    <section id="123" first-pos="140">
        <run start="1115" length="39" level="31"/>
    </section>
    <section id="110" first-pos="138">
        <run start="1109" length="27" level="22"/>
        <run start="1117" length="25" level="48"/>
    </section>
    <section id="140" first-pos="142">
        <run start="1139" length="34" level="41"/>
    </section>
    <section id="88" first-pos="135">
        <run start="1169" length="14" level="43"/>
        <run start="1168" length="13" level="46"/>
        <run start="1166" length="13" level="46"/>
        <run start="1164" length="13" level="46"/>
        <run start="1163" length="13" level="46"/>
        <run start="1161" length="13" level="46"/>
        <run start="1158" length="15" level="27"/>
    </section>
    <section id="61" first-pos="131">
        <run start="1180" length="20" level="40"/>
        <run start="1176" length="24" level="33"/>
        <run start="1174" length="26" level="31"/>
        <run start="1172" length="28" level="43"/>
    </section>
    <section id="55" first-pos="124">
        <run start="1182" length="13" level="62"/>
        <run start="1184" length="12" level="67"/>
        <run start="1185" length="12" level="67"/>
        <run start="1186" length="11" level="73"/>
        <run start="1186" length="12" level="67"/>
        <run start="1187" length="12" level="67"/>
        <run start="1188" length="11" level="55"/>
    </section>
    <section id="89" first-pos="135">
        <run start="1188" length="13" level="46"/>
        <run start="1188" length="13" level="46"/>
        <run start="1188" length="13" level="46"/>
        <run start="1188" length="13" level="46"/>
        <run start="1188" length="13" level="46"/>
        <run start="1188" length="13" level="46"/>
        <run start="1188" length="13" level="46"/>
        <run start="1187" length="14" level="43"/>
        <run start="1187" length="14" level="43"/>
        <run start="1187" length="14" level="43"/>
    </section>
    <section id="164" first-pos="145">
        <run start="1155" length="46" level="39"/>
        <run start="1155" length="45" level="40"/>
    </section>
    <section id="151" first-pos="143">
        <run start="1149" length="24" level="42"/>
        <run start="1155" length="25" level="48"/>
    </section>
    <section id="172" first-pos="147">
        <run start="1155" length="12" level="50"/>
        <run start="1155" length="11" level="55"/>
        <run start="1155" length="11" level="55"/>
        <run start="1155" length="10" level="60"/>
        <run start="1155" length="10" level="60"/>
        <run start="1155" length="9" level="67"/>
        <run start="1155" length="9" level="67"/>
        <run start="1155" length="8" level="75"/>
        <run start="1155" length="8" level="75"/>
        <run start="1155" length="8" level="75"/>
        <run start="1155" length="8" level="75"/>
        <run start="1155" length="8" level="75"/>
        <run start="1155" length="9" level="67"/>
        <run start="1155" length="9" level="67"/>
        <run start="1155" length="10" level="60"/>
    </section>
    <section id="197" first-pos="162">
        <run start="1155" length="32" level="38"/>
        <run start="1155" length="30" level="40"/>
        <run start="1155" length="27" level="44"/>
    </section>
    <section id="185" first-pos="151">
        <run start="1183" length="15" level="40"/>
        <run start="1182" length="15" level="40"/>
        <run start="1181" length="16" level="38"/>
        <run start="1180" length="16" level="38"/>
        <run start="1179" length="16" level="38"/>
        <run start="1177" length="17" level="35"/>
        <run start="1176" length="17" level="35"/>
        <run start="1175" length="17" level="35"/>
        <run start="1174" length="16" level="25"/>
        <run start="1171" length="19" level="53"/>
        <run start="1169" length="21" level="48"/>
    </section>
    <section id="183" first-pos="148">
        <run start="1185" length="42" level="14"/>
        <run start="1184" length="40" level="15"/>
        <run start="1184" length="37" level="16"/>
    </section>
    <section id="173" first-pos="147">
        <run start="1181" length="19" level="32"/>
    </section>
    <section id="162" first-pos="144">
        <run start="1219" length="8" level="0"/>
        <run start="1217" length="12" level="0"/>
        <run start="1214" length="14" level="0"/>
        <run start="1210" length="18" level="0"/>
    </section>
    <section id="186" first-pos="151">
        <run start="1204" length="11" level="0"/>
    </section>
    <section id="199" first-pos="165">
        <run start="1158" length="20" level="30"/>
    </section>
    <section id="201" first-pos="166">
        <run start="1161" length="12" level="33"/>
    </section>
    <section id="169" first-pos="146">
        <run start="1097" length="19" level="0"/>
    </section>
    <section id="171" first-pos="147">
        <run start="1103" length="8" level="0"/>
    </section>
</stick>
