<?xml version="1.0" encoding="UTF-8"?>
<stick id="330" interline="15" shape="NATURAL">
    <is-within-system>true</is-within-system>
    <has-ledger>false</has-ledger>
    <stem-number>0</stem-number>
    <step-line>3.081967213114754</step-line>
    <moments>
        <k>1.4933333333333334</k>
        <k>0.8</k>
        <k>4.533333333333333</k>
        <k>0.03355529804927913</k>
        <k>0.05415429750769358</k>
        <k>0.6248699814747328</k>
        <k>-2.4230763405933472E-4</k>
        <k>-0.0015156665888485467</k>
        <k>3.32344462054159E-4</k>
        <k>0.06803057272298098</k>
        <k>0.658425279524012</k>
        <k>0.36138380658875163</k>
        <k>0.005269039994636895</k>
        <k>0.004424240844662843</k>
        <k>2.135930481250341E-5</k>
        <k>0.0026174062624339423</k>
        <k>-2.7797563672993133E-7</k>
        <k>1076.6517857142858</k>
        <k>731.1607142857143</k>
    </moments>
    <section id="1329" first-pos="1071">
        <run start="734" length="5" level="80"/>
    </section>
    <section id="1331" first-pos="1072">
        <run start="712" length="32" level="31"/>
    </section>
    <section id="1330" first-pos="1071">
        <run start="740" length="4" level="0"/>
    </section>
    <section id="1333" first-pos="1073">
        <run start="698" length="46" level="30"/>
    </section>
    <section id="1336" first-pos="1074">
        <run start="698" length="32" level="25"/>
    </section>
    <section id="1338" first-pos="1075">
        <run start="720" length="9" level="44"/>
        <run start="720" length="8" level="50"/>
        <run start="719" length="9" level="44"/>
        <run start="719" length="9" level="44"/>
        <run start="718" length="9" level="44"/>
    </section>
    <section id="1343" first-pos="1080">
        <run start="718" length="47" level="21"/>
    </section>
    <section id="1337" first-pos="1074">
        <run start="735" length="8" level="75"/>
        <run start="734" length="9" level="67"/>
        <run start="734" length="8" level="75"/>
        <run start="734" length="8" level="75"/>
        <run start="733" length="8" level="75"/>
        <run start="732" length="8" level="75"/>
    </section>
    <section id="1342" first-pos="1079">
        <run start="743" length="22" level="0"/>
    </section>
    <section id="1341" first-pos="1078">
        <run start="760" length="6" level="0"/>
    </section>
    <section id="1344" first-pos="1081">
        <run start="718" length="34" level="29"/>
    </section>
    <section id="1345" first-pos="1082">
        <run start="718" length="15" level="27"/>
    </section>
</stick>
