<?xml version="1.0" encoding="UTF-8"?>
<stick id="404" interline="15" shape="NATURAL">
    <is-within-system>true</is-within-system>
    <has-ledger>false</has-ledger>
    <stem-number>0</stem-number>
    <step-line>-3.8666666666666667</step-line>
    <moments>
        <k>1.5155555555555555</k>
        <k>0.8</k>
        <k>4.533333333333333</k>
        <k>0.033317713201620795</k>
        <k>0.05388062757571714</k>
        <k>0.6091150265204721</k>
        <k>-2.981736660081206E-4</k>
        <k>-0.0010426152895674442</k>
        <k>0.00199510154349675</k>
        <k>0.06144790219259448</k>
        <k>0.6424327397220929</k>
        <k>0.34315503413702</k>
        <k>0.004209509337178646</k>
        <k>0.003651678250058408</k>
        <k>1.4315918913404423E-5</k>
        <k>0.0021214022281827558</k>
        <k>-1.8244727841021607E-7</k>
        <k>1325.6627565982405</k>
        <k>901.2199413489736</k>
    </moments>
    <section id="1535" first-pos="1320">
        <run start="904" length="10" level="0"/>
    </section>
    <section id="1536" first-pos="1321">
        <run start="882" length="32" level="13"/>
    </section>
    <section id="1539" first-pos="1322">
        <run start="868" length="46" level="9"/>
    </section>
    <section id="1541" first-pos="1323">
        <run start="868" length="33" level="6"/>
    </section>
    <section id="1543" first-pos="1324">
        <run start="890" length="9" level="0"/>
        <run start="890" length="8" level="0"/>
        <run start="889" length="9" level="0"/>
        <run start="889" length="9" level="0"/>
        <run start="888" length="9" level="0"/>
    </section>
    <section id="1550" first-pos="1329">
        <run start="888" length="47" level="26"/>
    </section>
    <section id="1542" first-pos="1323">
        <run start="905" length="8" level="0"/>
        <run start="904" length="9" level="0"/>
        <run start="904" length="8" level="0"/>
        <run start="904" length="8" level="0"/>
        <run start="903" length="8" level="0"/>
        <run start="900" length="10" level="40"/>
    </section>
    <section id="1548" first-pos="1328">
        <run start="913" length="22" level="36"/>
    </section>
    <section id="1546" first-pos="1327">
        <run start="916" length="1" level="200"/>
    </section>
    <section id="1547" first-pos="1327">
        <run start="932" length="4" level="0"/>
    </section>
    <section id="1551" first-pos="1330">
        <run start="888" length="34" level="24"/>
    </section>
    <section id="1553" first-pos="1331">
        <run start="888" length="15" level="27"/>
    </section>
    <section id="1552" first-pos="1330">
        <run start="930" length="2" level="200"/>
    </section>
</stick>
