<?xml version="1.0" encoding="UTF-8"?>
<stick id="446" interline="17" shape="NATURAL">
    <is-within-system>true</is-within-system>
    <has-ledger>false</has-ledger>
    <stem-number>0</stem-number>
    <step-line>-3.8805970149253732</step-line>
    <moments>
        <k>1.453287197231834</k>
        <k>0.8235294117647058</k>
        <k>4.411764705882353</k>
        <k>0.030717849044379505</k>
        <k>0.04846582442500811</k>
        <k>0.5978951922038657</k>
        <k>5.356001899730092E-5</k>
        <k>7.025578795774652E-5</k>
        <k>0.0035889400727059425</k>
        <k>0.052568261228787064</k>
        <k>0.6286130412482451</k>
        <k>0.3310858831422364</k>
        <k>0.002856081107908549</k>
        <k>0.0027840812806401907</k>
        <k>7.850579636054792E-6</k>
        <k>0.001601187960007384</k>
        <k>4.265441767893625E-8</k>
        <k>1487.3428571428572</k>
        <k>1122.5738095238096</k>
    </moments>
    <section id="1668" first-pos="1481">
        <run start="1130" length="7" level="0"/>
    </section>
    <section id="1669" first-pos="1482">
        <run start="1112" length="25" level="24"/>
    </section>
    <section id="1670" first-pos="1483">
        <run start="1093" length="44" level="14"/>
    </section>
    <section id="1671" first-pos="1484">
        <run start="1086" length="51" level="12"/>
    </section>
    <section id="1674" first-pos="1485">
        <run start="1086" length="37" level="11"/>
    </section>
    <section id="1676" first-pos="1486">
        <run start="1111" length="12" level="33"/>
        <run start="1110" length="10" level="0"/>
        <run start="1110" length="10" level="0"/>
        <run start="1109" length="10" level="0"/>
        <run start="1109" length="10" level="0"/>
    </section>
    <section id="1685" first-pos="1491">
        <run start="1109" length="52" level="35"/>
    </section>
    <section id="1675" first-pos="1485">
        <run start="1127" length="10" level="0"/>
        <run start="1127" length="9" level="0"/>
        <run start="1126" length="10" level="0"/>
        <run start="1126" length="9" level="0"/>
        <run start="1125" length="9" level="0"/>
        <run start="1122" length="11" level="36"/>
    </section>
    <section id="1684" first-pos="1490">
        <run start="1136" length="25" level="48"/>
    </section>
    <section id="1682" first-pos="1489">
        <run start="1139" length="1" level="200"/>
    </section>
    <section id="1683" first-pos="1489">
        <run start="1156" length="5" level="80"/>
    </section>
    <section id="1686" first-pos="1492">
        <run start="1108" length="40" level="30"/>
    </section>
    <section id="1687" first-pos="1493">
        <run start="1108" length="21" level="29"/>
    </section>
    <section id="1688" first-pos="1494">
        <run start="1108" length="2" level="0"/>
    </section>
</stick>
