<?xml version="1.0" encoding="UTF-8"?>
<stick id="933" interline="15" shape="NATURAL">
    <is-within-system>true</is-within-system>
    <has-ledger>true</has-ledger>
    <stem-number>0</stem-number>
    <step-line>-7.80327868852459</step-line>
    <moments>
        <k>1.5244444444444445</k>
        <k>0.8</k>
        <k>4.533333333333333</k>
        <k>0.03375029151669149</k>
        <k>0.053500496250558326</k>
        <k>0.5986901740902619</k>
        <k>-3.4074813096680976E-4</k>
        <k>-0.0010677339058409656</k>
        <k>-8.253981415686392E-4</k>
        <k>0.055732099097905344</k>
        <k>0.6324404656069534</k>
        <k>0.3306062833184636</k>
        <k>0.003477929813078461</k>
        <k>0.002989552718980328</k>
        <k>9.636120904444173E-6</k>
        <k>0.0016737391330405524</k>
        <k>-2.676728190533288E-7</k>
        <k>700.7230320699708</k>
        <k>648.1924198250729</k>
    </moments>
    <section id="791" first-pos="695">
        <run start="651" length="10" level="0"/>
    </section>
    <section id="793" first-pos="696">
        <run start="629" length="32" level="0"/>
    </section>
    <section id="794" first-pos="697">
        <run start="615" length="46" level="0"/>
    </section>
    <section id="795" first-pos="698">
        <run start="615" length="32" level="0"/>
    </section>
    <section id="799" first-pos="699">
        <run start="637" length="9" level="0"/>
        <run start="637" length="8" level="0"/>
        <run start="636" length="9" level="0"/>
        <run start="636" length="9" level="0"/>
        <run start="635" length="9" level="0"/>
    </section>
    <section id="809" first-pos="704">
        <run start="635" length="47" level="34"/>
    </section>
    <section id="796" first-pos="698">
        <run start="652" length="8" level="0"/>
        <run start="651" length="9" level="0"/>
        <run start="651" length="8" level="0"/>
        <run start="651" length="8" level="0"/>
        <run start="650" length="8" level="0"/>
        <run start="645" length="12" level="0"/>
    </section>
    <section id="805" first-pos="703">
        <run start="662" length="20" level="60"/>
    </section>
    <section id="804" first-pos="702">
        <run start="678" length="5" level="40"/>
    </section>
    <section id="810" first-pos="705">
        <run start="635" length="34" level="35"/>
    </section>
    <section id="811" first-pos="706">
        <run start="635" length="16" level="0"/>
    </section>
    <section id="812" first-pos="706">
        <run start="662" length="4" level="200"/>
    </section>
</stick>
