<?xml version="1.0" encoding="UTF-8"?>
<stick id="202" interline="15" shape="QUARTER_REST">
    <is-within-system>true</is-within-system>
    <has-ledger>false</has-ledger>
    <stem-number>0</stem-number>
    <step-line>-0.2033898305084746</step-line>
    <moments>
        <k>1.4177777777777778</k>
        <k>1.2666666666666666</k>
        <k>3.1333333333333333</k>
        <k>0.04857635718384842</k>
        <k>0.023559659844680655</k>
        <k>0.4253835412923864</k>
        <k>0.0028868582661731347</k>
        <k>-0.013090627502892919</k>
        <k>-0.04068308107841707</k>
        <k>0.14296966975150718</k>
        <k>0.4739598984762349</k>
        <k>0.14420388428379385</k>
        <k>0.048821012828576295</k>
        <k>0.01829712007429012</k>
        <k>5.300492311841219E-4</k>
        <k>0.005355295562143586</k>
        <k>-1.345567527129309E-4</k>
        <k>587.9059561128527</k>
        <k>484.1818181818182</k>
    </moments>
    <section id="631" first-pos="580">
        <run start="470" length="3" level="133"/>
    </section>
    <section id="632" first-pos="581">
        <run start="467" length="10" level="40"/>
        <run start="465" length="13" level="31"/>
        <run start="464" length="15" level="27"/>
        <run start="463" length="17" level="24"/>
    </section>
    <section id="639" first-pos="585">
        <run start="469" length="12" level="33"/>
        <run start="470" length="12" level="33"/>
        <run start="470" length="12" level="33"/>
    </section>
    <section id="645" first-pos="588">
        <run start="473" length="20" level="20"/>
        <run start="473" length="20" level="20"/>
    </section>
    <section id="640" first-pos="587">
        <run start="484" length="1" level="0"/>
    </section>
    <section id="635" first-pos="583">
        <run start="490" length="2" level="0"/>
        <run start="488" length="4" level="0"/>
        <run start="487" length="5" level="0"/>
        <run start="486" length="6" level="33"/>
        <run start="486" length="7" level="29"/>
    </section>
    <section id="650" first-pos="590">
        <run start="474" length="11" level="0"/>
        <run start="474" length="10" level="0"/>
        <run start="474" length="9" level="0"/>
        <run start="475" length="7" level="0"/>
        <run start="475" length="6" level="0"/>
        <run start="475" length="5" level="0"/>
        <run start="475" length="4" level="0"/>
        <run start="475" length="2" level="0"/>
    </section>
    <section id="651" first-pos="590">
        <run start="486" length="10" level="20"/>
        <run start="486" length="9" level="22"/>
        <run start="486" length="7" level="29"/>
        <run start="486" length="6" level="33"/>
        <run start="486" length="5" level="40"/>
        <run start="486" length="4" level="50"/>
        <run start="486" length="3" level="67"/>
        <run start="486" length="2" level="100"/>
        <run start="486" length="1" level="200"/>
    </section>
    <section id="646" first-pos="588">
        <run start="496" length="3" level="0"/>
        <run start="494" length="3" level="0"/>
    </section>
    <section id="637" first-pos="584">
        <run start="504" length="5" level="0"/>
        <run start="502" length="8" level="0"/>
        <run start="500" length="10" level="40"/>
        <run start="498" length="12" level="33"/>
    </section>
    <section id="647" first-pos="588">
        <run start="500" length="9" level="44"/>
        <run start="502" length="6" level="0"/>
        <run start="504" length="3" level="0"/>
    </section>
</stick>
