<?xml version="1.0" encoding="UTF-8"?>
<stick id="274" interline="15" shape="SIXTEENTH_REST">
    <is-within-system>true</is-within-system>
    <has-ledger>false</has-ledger>
    <stem-number>0</stem-number>
    <step-line>-0.13333333333333333</step-line>
    <moments>
        <k>1.5022222222222221</k>
        <k>1.4666666666666666</k>
        <k>2.466666666666667</k>
        <k>0.06655797339401691</k>
        <k>-0.041284055366599424</k>
        <k>0.22779998131270593</k>
        <k>0.00902767363393462</k>
        <k>-0.016340512068722085</k>
        <k>0.006581555753207346</k>
        <k>0.04412130222604326</k>
        <k>0.2943579547067228</k>
        <k>0.032816478027700366</k>
        <k>0.00879044230358171</k>
        <k>0.0010154203438255294</k>
        <k>4.522033165627892E-7</k>
        <k>1.3546685624562775E-5</k>
        <k>2.9998187250897433E-6</k>
        <k>1093.3224852071005</k>
        <k>484.8757396449704</k>
    </moments>
    <section id="1349" first-pos="1085">
        <run start="488" length="5" level="0"/>
        <run start="486" length="9" level="44"/>
        <run start="483" length="13" level="46"/>
    </section>
    <section id="1356" first-pos="1088">
        <run start="474" length="22" level="27"/>
        <run start="472" length="24" level="25"/>
        <run start="470" length="26" level="38"/>
    </section>
    <section id="1354" first-pos="1087">
        <run start="476" length="6" level="0"/>
    </section>
    <section id="1360" first-pos="1091">
        <run start="470" length="14" level="29"/>
    </section>
    <section id="1363" first-pos="1092">
        <run start="470" length="3" level="133"/>
    </section>
    <section id="1364" first-pos="1092">
        <run start="475" length="9" level="0"/>
        <run start="476" length="8" level="0"/>
        <run start="476" length="8" level="0"/>
        <run start="476" length="7" level="0"/>
        <run start="476" length="7" level="0"/>
    </section>
    <section id="1372" first-pos="1097">
        <run start="475" length="16" level="38"/>
        <run start="475" length="13" level="46"/>
        <run start="474" length="13" level="31"/>
        <run start="474" length="9" level="0"/>
        <run start="473" length="8" level="0"/>
        <run start="472" length="8" level="0"/>
        <run start="472" length="6" level="0"/>
        <run start="471" length="5" level="40"/>
        <run start="471" length="3" level="67"/>
        <run start="470" length="2" level="200"/>
    </section>
    <section id="1369" first-pos="1095">
        <run start="486" length="11" level="36"/>
        <run start="486" length="8" level="50"/>
    </section>
    <section id="1365" first-pos="1093">
        <run start="487" length="19" level="32"/>
        <run start="486" length="18" level="44"/>
    </section>
    <section id="1361" first-pos="1091">
        <run start="487" length="9" level="22"/>
        <run start="487" length="9" level="22"/>
    </section>
    <section id="1362" first-pos="1091">
        <run start="501" length="6" level="33"/>
        <run start="497" length="10" level="40"/>
    </section>
    <section id="1370" first-pos="1095">
        <run start="500" length="3" level="133"/>
        <run start="500" length="1" level="200"/>
    </section>
</stick>
