<?xml version="1.0" encoding="UTF-8"?>
<stick id="400" interline="15" shape="SIXTEENTH_REST">
    <is-within-system>true</is-within-system>
    <has-ledger>false</has-ledger>
    <stem-number>0</stem-number>
    <step-line>0.0</step-line>
    <moments>
        <k>1.488888888888889</k>
        <k>1.4666666666666666</k>
        <k>2.466666666666667</k>
        <k>0.06622660367132895</k>
        <k>-0.04094022203529033</k>
        <k>0.2258436310317429</k>
        <k>0.00877947924495854</k>
        <k>-0.015679753186652247</k>
        <k>0.005301229313655734</k>
        <k>0.04504850813825348</k>
        <k>0.29207023470307186</k>
        <k>0.03218200254457062</k>
        <k>0.008530911309183816</k>
        <k>0.0010607901209198352</k>
        <k>9.637428081640271E-7</k>
        <k>3.830628223413577E-5</k>
        <k>3.0421027789306798E-6</k>
        <k>1297.2716417910449</k>
        <k>929.8298507462687</k>
    </moments>
    <section id="1491" first-pos="1289">
        <run start="933" length="5" level="0"/>
        <run start="931" length="9" level="44"/>
        <run start="928" length="13" level="46"/>
    </section>
    <section id="1497" first-pos="1292">
        <run start="919" length="22" level="27"/>
        <run start="917" length="24" level="25"/>
        <run start="915" length="26" level="38"/>
    </section>
    <section id="1496" first-pos="1291">
        <run start="921" length="6" level="0"/>
    </section>
    <section id="1502" first-pos="1295">
        <run start="915" length="14" level="29"/>
    </section>
    <section id="1505" first-pos="1296">
        <run start="915" length="3" level="133"/>
    </section>
    <section id="1506" first-pos="1296">
        <run start="920" length="9" level="0"/>
        <run start="921" length="8" level="0"/>
        <run start="921" length="8" level="0"/>
        <run start="921" length="7" level="0"/>
        <run start="921" length="7" level="0"/>
    </section>
    <section id="1512" first-pos="1301">
        <run start="920" length="16" level="38"/>
        <run start="920" length="13" level="46"/>
        <run start="919" length="13" level="31"/>
        <run start="919" length="9" level="0"/>
        <run start="918" length="8" level="0"/>
        <run start="917" length="8" level="0"/>
        <run start="917" length="6" level="0"/>
        <run start="916" length="5" level="40"/>
        <run start="916" length="3" level="67"/>
        <run start="916" length="1" level="200"/>
    </section>
    <section id="1510" first-pos="1299">
        <run start="931" length="11" level="36"/>
        <run start="931" length="8" level="50"/>
    </section>
    <section id="1507" first-pos="1297">
        <run start="932" length="19" level="32"/>
        <run start="931" length="18" level="44"/>
    </section>
    <section id="1503" first-pos="1295">
        <run start="932" length="9" level="22"/>
        <run start="932" length="9" level="22"/>
    </section>
    <section id="1504" first-pos="1295">
        <run start="946" length="6" level="33"/>
        <run start="942" length="10" level="40"/>
    </section>
    <section id="1511" first-pos="1299">
        <run start="946" length="2" level="100"/>
    </section>
</stick>
