<?xml version="1.0" encoding="UTF-8" standalone="yes"?>
<samples sheet-name="IMSLP02234#6">
    <sample shape="G_CLEF" interline="18" pitch="0.1" left="91" top="126" id="337">
        <run-table orientation="VERTICAL" width="52" height="132">
            <runs>0 75 3</runs>
            <runs>0 63 24</runs>
            <runs>0 63 25</runs>
            <runs>0 63 28</runs>
            <runs>0 61 32 22 9</runs>
            <runs>0 59 35 19 13</runs>
            <runs>0 58 38 15 16</runs>
            <runs>0 57 40 13 18</runs>
            <runs>0 55 43 11 20</runs>
            <runs>0 54 25 2 17 11 21</runs>
            <runs>0 54 22 13 14 6 22</runs>
            <runs>0 53 21 17 12 6 22</runs>
            <runs>0 46 27 20 10 6 22</runs>
            <runs>0 46 24 5 1 19 8 6 23</runs>
            <runs>0 46 24 5 3 2 1 15 3 9 24</runs>
            <runs>0 46 22 6 12 11 2 9 24</runs>
            <runs>0 46 22 5 15 9 2 10 23</runs>
            <runs>0 46 22 4 20 6 1 10 23</runs>
            <runs>0 45 24 1 23 5 1 11 16 2 4</runs>
            <runs>0 44 25 1 16 1 7 4 1 11 15 3 4</runs>
            <runs>0 44 42 4 4 17 13 4 4</runs>
            <runs>0 43 19 1 23 26 11 5 4</runs>
            <runs>0 42 18 4 16 34 6 8 4</runs>
            <runs>0 41 19 3 16 48 5</runs>
            <runs>0 37 24 3 15 48 5</runs>
            <runs>0 24 3 1 51 47 6</runs>
            <runs>0 20 59 46 7</runs>
            <runs>0 17 69 38 8</runs>
            <runs>0 16 70 36 9</runs>
            <runs>0 14 72 10 9 15 10</runs>
            <runs>0 12 46 1 27 4 39</runs>
            <runs>0 10 24 2 18 9 23 5 37</runs>
            <runs>0 9 16 1 27 11 15 15 34</runs>
            <runs>0 8 16 4 24 12 15 17 30</runs>
            <runs>0 8 13 7 23 13 15 17 8 5 13</runs>
            <runs>0 6 14 8 23 13 16 31 8</runs>
            <runs>0 5 15 8 23 13 16 16 8</runs>
            <runs>0 4 14 10 23 13 22 9 9</runs>
            <runs>0 3 14 11 23 13 23 7 9</runs>
            <runs>0 3 13 10 25 13 23 5 11</runs>
            <runs>0 2 13 9 21 19 40</runs>
            <runs>0 1 13 9 21 26 34</runs>
            <runs>13 9 21 27 34</runs>
            <runs>12 7 23 29 27</runs>
            <runs>11 6 24 31 25</runs>
            <runs>11 5 24 33 22</runs>
            <runs>38 37 18</runs>
            <runs>36 41 13</runs>
            <runs>0 2 32 45 10</runs>
            <runs>0 3 31</runs>
            <runs>0 6 16</runs>
            <runs>0 13 4</runs>
        </run-table>
    </sample>
    <sample shape="G_CLEF" interline="18" pitch="0.3" left="87" top="644" id="384">
        <run-table orientation="VERTICAL" width="51" height="132">
            <runs>0 73 14</runs>
            <runs>0 65 22</runs>
            <runs>0 64 26 25 6</runs>
            <runs>0 64 27 22 12</runs>
            <runs>0 63 31 18 14</runs>
            <runs>0 62 33 16 16</runs>
            <runs>0 60 37 13 18</runs>
            <runs>0 58 40 11 20</runs>
            <runs>0 57 23 1 18 9 22</runs>
            <runs>0 56 20 14 14 4 23</runs>
            <runs>0 55 19 17 13 4 23</runs>
            <runs>0 53 18 21 12 4 23</runs>
            <runs>0 53 17 23 11 5 22</runs>
            <runs>0 52 18 9 8 8 9 5 23</runs>
            <runs>0 47 22 5 14 8 8 5 23</runs>
            <runs>0 47 22 4 17 7 1 11 23</runs>
            <runs>0 46 23 3 20 18 18 1 3</runs>
            <runs>0 46 23 2 21 18 16 3 3</runs>
            <runs>0 47 22 1 23 18 14 4 3</runs>
            <runs>0 46 48 18 12 5 3</runs>
            <runs>0 45 17 2 23 2 6 18 8 8 3</runs>
            <runs>0 45 16 3 23 4 4 33 4</runs>
            <runs>0 44 16 3 17 12 3 33 4</runs>
            <runs>0 43 16 5 14 14 3 32 5</runs>
            <runs>0 42 17 5 14 47 7</runs>
            <runs>0 41 18 5 13 48 7</runs>
            <runs>0 28 10 1 23 2 15 45 8</runs>
            <runs>0 20 67 35 9</runs>
            <runs>0 17 70 2 19 12 10</runs>
            <runs>0 15 114</runs>
            <runs>0 13 115</runs>
            <runs>0 12 45 7 23 3 38</runs>
            <runs>0 9 26 1 18 10 16 1 7 6 31</runs>
            <runs>0 9 16 3 25 11 16 1 7 8 28</runs>
            <runs>0 8 15 6 23 12 24 8 9 5 3</runs>
            <runs>0 6 15 8 23 12 24 8 9</runs>
            <runs>0 5 14 10 23 12 24 7 10</runs>
            <runs>0 5 12 12 23 13 23 7 10</runs>
            <runs>0 4 12 13 23 13 23 4 13</runs>
            <runs>0 2 13 13 24 13 40</runs>
            <runs>0 2 12 12 19 20 34</runs>
            <runs>0 1 13 11 19 21 33</runs>
            <runs>0 1 12 10 20 28 26</runs>
            <runs>12 9 21 30 24</runs>
            <runs>11 6 24 32 22</runs>
            <runs>40 35 18</runs>
            <runs>38 39 14</runs>
            <runs>36 45 8</runs>
            <runs>35</runs>
            <runs>0 4 31</runs>
            <runs>0 14 7</runs>
        </run-table>
    </sample>
    <sample shape="G_CLEF" interline="18" pitch="0.2" left="87" top="1142" id="423">
        <run-table orientation="VERTICAL" width="52" height="132">
            <runs>0 73 5 1 2</runs>
            <runs>0 63 23 31 3</runs>
            <runs>0 63 24 26 12</runs>
            <runs>0 62 28 21 15</runs>
            <runs>0 61 31 18 17</runs>
            <runs>0 60 33 16 19</runs>
            <runs>0 58 37 13 21</runs>
            <runs>0 57 40 11 22</runs>
            <runs>0 56 48 4 22</runs>
            <runs>0 55 21 4 24 4 22</runs>
            <runs>0 54 20 16 14 3 24</runs>
            <runs>0 52 20 20 11 4 25</runs>
            <runs>0 46 25 22 10 4 25</runs>
            <runs>0 46 23 10 1 14 9 4 25</runs>
            <runs>0 46 23 6 12 8 8 5 24</runs>
            <runs>0 46 23 5 14 20 24</runs>
            <runs>0 46 23 3 17 19 24</runs>
            <runs>0 46 23 1 21 18 17 2 4</runs>
            <runs>0 45 47 19 14 3 4</runs>
            <runs>0 45 47 20 12 3 5</runs>
            <runs>0 44 18 1 29 24 6 5 5</runs>
            <runs>0 44 17 2 24 4 1 35 5</runs>
            <runs>0 43 17 4 23 40 5</runs>
            <runs>0 42 18 4 15 47 6</runs>
            <runs>0 40 21 2 16 46 7</runs>
            <runs>0 39 23 2 15 44 9</runs>
            <runs>0 29 50 44 8</runs>
            <runs>0 23 63 35 9</runs>
            <runs>0 18 90 5 1 2 14</runs>
            <runs>0 16 113</runs>
            <runs>0 14 46 1 67</runs>
            <runs>0 13 43 8 16 2 44</runs>
            <runs>0 11 44 10 14 16 28</runs>
            <runs>0 9 45 11 14 17 10 5 9</runs>
            <runs>0 7 20 2 24 12 14 18 8</runs>
            <runs>0 7 16 6 23 13 15 16 9</runs>
            <runs>0 6 15 8 24 12 15 15 10</runs>
            <runs>0 4 15 9 25 12 22 7 11</runs>
            <runs>0 3 14 11 25 12 22 6 12</runs>
            <runs>0 2 14 12 25 12 26 1 13</runs>
            <runs>0 1 14 13 18 19 39</runs>
            <runs>0 1 14 11 19 20 33</runs>
            <runs>15 11 18 27 26</runs>
            <runs>14 9 20 29 24</runs>
            <runs>13 8 20 33 21</runs>
            <runs>12 7 21 35 18</runs>
            <runs>12 2 25 38 13</runs>
            <runs>37</runs>
            <runs>36</runs>
            <runs>0 1 34</runs>
            <runs>0 3 32</runs>
            <runs>0 10 14</runs>
        </run-table>
    </sample>
    <sample shape="G_CLEF" interline="18" pitch="0.5" left="88" top="1664" id="478">
        <run-table orientation="VERTICAL" width="47" height="135">
            <runs>0 73 13</runs>
            <runs>0 64 25</runs>
            <runs>0 64 27</runs>
            <runs>0 64 29</runs>
            <runs>0 63 31</runs>
            <runs>0 61 34 22 7</runs>
            <runs>0 60 37 18 13</runs>
            <runs>0 59 45 8 17</runs>
            <runs>0 58 46 8 18</runs>
            <runs>0 57 30 2 15 8 19</runs>
            <runs>0 55 22 14 13 8 20</runs>
            <runs>0 54 19 20 11 7 21</runs>
            <runs>0 53 18 24 9 7 22</runs>
            <runs>0 46 23 27 8 6 23</runs>
            <runs>0 46 22 9 10 10 2 11 24</runs>
            <runs>0 46 22 7 16 6 2 11 24</runs>
            <runs>0 46 22 7 17 6 1 11 24</runs>
            <runs>0 46 22 3 22 5 1 12 23</runs>
            <runs>0 46 23 2 23 4 1 12 23</runs>
            <runs>0 45 18 7 25 17 23</runs>
            <runs>0 44 18 8 18 1 6 18 16 1 5</runs>
            <runs>0 44 17 3 23 5 4 18 14 2 5</runs>
            <runs>0 42 19 3 22 6 4 20 10 3 6</runs>
            <runs>0 22 17 1 20 4 22 8 1 34 6</runs>
            <runs>0 18 42 4 17 48 6</runs>
            <runs>0 16 64 48 7</runs>
            <runs>0 14 66 48 6</runs>
            <runs>0 12 74 40 8</runs>
            <runs>0 11 23 2 52 38 8</runs>
            <runs>0 9 16 11 22 3 35 1 9 19 8</runs>
            <runs>0 8 15 13 20 7 49 3 2 3 12</runs>
            <runs>0 7 14 14 20 8 24 2 42</runs>
            <runs>0 5 14 10 25 10 23 3 40</runs>
            <runs>0 4 13 12 24 11 22 9 33</runs>
            <runs>0 3 13 13 23 13 22 11 29</runs>
            <runs>0 2 13 13 23 14 22 10 8 4 16</runs>
            <runs>0 1 13 14 23 13 22 11 8</runs>
            <runs>0 1 12 14 24 13 22 10 9</runs>
            <runs>0 1 12 10 28 13 22 9 10</runs>
            <runs>14 7 30 13 23 5 13</runs>
            <runs>15 1 29 25 35</runs>
            <runs>43 28 34</runs>
            <runs>42 30 33</runs>
            <runs>0 1 39 33 32</runs>
            <runs>0 2 35 37 23</runs>
            <runs>0 10 24 42 20</runs>
            <runs>0 21 2 55 16</runs>
        </run-table>
    </sample>
    <sample shape="G_CLEF" interline="18" pitch="0.4" left="92" top="2710" id="538">
        <run-table orientation="VERTICAL" width="50" height="140">
            <runs>0 72 7</runs>
            <runs>0 66 24</runs>
            <runs>0 66 25</runs>
            <runs>0 65 28</runs>
            <runs>0 65 29 23 7</runs>
            <runs>0 63 33 19 14</runs>
            <runs>0 61 36 17 16</runs>
            <runs>0 30 1 29 38 14 18</runs>
            <runs>0 30 1 28 41 12 19</runs>
            <runs>0 30 1 27 48 5 21</runs>
            <runs>0 30 1 25 22 5 23 5 22</runs>
            <runs>0 30 1 24 21 16 14 4 23</runs>
            <runs>0 30 1 23 19 21 12 4 24</runs>
            <runs>0 29 2 17 23 24 11 4 24</runs>
            <runs>0 29 2 17 23 26 8 5 24</runs>
            <runs>0 30 1 17 22 8 10 9 8 5 25</runs>
            <runs>0 30 1 17 23 5 15 7 3 9 25</runs>
            <runs>0 30 1 17 23 3 18 7 2 9 25</runs>
            <runs>0 30 1 17 23 2 21 5 2 10 25</runs>
            <runs>0 30 1 16 48 4 2 11 25</runs>
            <runs>0 30 1 16 48 5 1 12 25</runs>
            <runs>0 30 1 15 17 2 31 4 1 13 14 1 10</runs>
            <runs>0 30 1 14 17 3 24 2 5 4 1 15 10 3 10</runs>
            <runs>0 30 1 13 18 2 18 10 4 4 1 28 11</runs>
            <runs>0 29 8 5 20 2 17 12 4 32 11</runs>
            <runs>0 27 35 2 16 14 3 31 7 1 4</runs>
            <runs>0 22 58 14 2 31 8 3 1</runs>
            <runs>0 19 69 38 8</runs>
            <runs>0 16 73 36 8</runs>
            <runs>0 14 82 3 2 22 10</runs>
            <runs>0 12 48 2 1 1 44 6 19</runs>
            <runs>0 10 47 8 67</runs>
            <runs>0 9 17 4 26 9 15 2 48</runs>
            <runs>0 8 16 6 25 11 14 13 36</runs>
            <runs>0 7 14 10 23 12 14 16 31</runs>
            <runs>0 6 14 11 23 12 15 17 27</runs>
            <runs>0 5 13 13 23 12 16 16 8 11 4</runs>
            <runs>0 5 13 12 24 12 16 15 9</runs>
            <runs>0 4 13 13 24 12 23 7 10</runs>
            <runs>0 3 14 11 25 13 23 5 12</runs>
            <runs>0 3 13 10 27 13 40</runs>
            <runs>0 2 14 10 21 19 40</runs>
            <runs>0 1 16 4 23 22 34</runs>
            <runs>42 24 32</runs>
            <runs>40 26 31</runs>
            <runs>38 36 22</runs>
            <runs>37 39 19</runs>
            <runs>0 2 2 2 30 42 15</runs>
            <runs>0 10 26 45 9</runs>
            <runs>0 25 1</runs>
        </run-table>
    </sample>
    <sample shape="G_CLEF" interline="18" pitch="0.2" left="93" top="2921" id="542">
        <run-table orientation="VERTICAL" width="50" height="134">
            <runs>0 79 9</runs>
            <runs>0 73 16</runs>
            <runs>0 65 25</runs>
            <runs>0 65 28</runs>
            <runs>0 65 30 21 9</runs>
            <runs>0 63 32 19 14</runs>
            <runs>0 62 35 15 17</runs>
            <runs>0 59 46 6 19</runs>
            <runs>0 59 46 6 20</runs>
            <runs>0 58 47 5 22</runs>
            <runs>0 56 24 2 23 5 22</runs>
            <runs>0 55 26 12 12 5 22</runs>
            <runs>0 54 21 4 9 5 12 5 23</runs>
            <runs>0 39 1 7 27 5 9 7 10 5 23</runs>
            <runs>0 38 2 7 25 5 12 6 10 5 24</runs>
            <runs>0 47 24 5 15 6 8 5 24</runs>
            <runs>0 47 24 3 18 6 2 10 24</runs>
            <runs>0 47 23 3 20 5 2 10 24</runs>
            <runs>0 47 24 1 22 5 1 11 17 2 4</runs>
            <runs>0 47 48 17 14 4 4</runs>
            <runs>0 47 48 18 11 6 4</runs>
            <runs>0 45 50 21 6 8 4</runs>
            <runs>0 45 18 2 23 4 4 34 4</runs>
            <runs>0 44 19 1 17 12 3 33 5</runs>
            <runs>0 43 19 2 17 12 3 32 5</runs>
            <runs>0 41 21 3 16 13 2 31 6</runs>
            <runs>0 27 54 46 6</runs>
            <runs>0 21 67 37 8</runs>
            <runs>0 17 76 4 9 19 7</runs>
            <runs>0 14 93 13 12</runs>
            <runs>0 12 119</runs>
            <runs>0 11 47 5 67</runs>
            <runs>0 9 27 1 18 10 16 11 37</runs>
            <runs>0 8 18 4 25 10 15 15 31</runs>
            <runs>0 7 16 7 24 11 15 17 9 4 14</runs>
            <runs>0 7 14 9 24 11 15 17 9 6 6</runs>
            <runs>0 6 13 11 23 13 15 15 9</runs>
            <runs>0 4 14 12 23 13 22 7 10</runs>
            <runs>0 3 15 12 23 13 22 5 13</runs>
            <runs>0 2 15 11 25 13 24 2 14</runs>
            <runs>0 2 15 10 26 13 40</runs>
            <runs>0 1 16 9 27 13 34</runs>
            <runs>0 1 15 7 24 19 33</runs>
            <runs>16 3 25 22 32</runs>
            <runs>43 30 23</runs>
            <runs>42 33 20</runs>
            <runs>0 1 38 37 16</runs>
            <runs>0 2 35 45 8</runs>
            <runs>0 7 28</runs>
            <runs>0 14 21</runs>
        </run-table>
    </sample>
    <sample shape="G_CLEF" interline="18" pitch="0.0" left="93" top="2194" id="505">
        <run-table orientation="VERTICAL" width="47" height="134">
            <runs>0 83 1</runs>
            <runs>0 81 11</runs>
            <runs>0 65 9 1 19</runs>
            <runs>0 64 32 22 2</runs>
            <runs>0 61 35 19 6</runs>
            <runs>0 59 39 15 9 4 2</runs>
            <runs>0 59 40 13 17</runs>
            <runs>0 57 24 3 16 12 19</runs>
            <runs>0 56 21 13 10 12 19</runs>
            <runs>0 55 19 20 7 10 21</runs>
            <runs>0 50 23 22 11 5 21</runs>
            <runs>0 50 22 23 11 5 22</runs>
            <runs>0 49 23 7 10 7 11 4 22</runs>
            <runs>0 50 21 6 12 8 10 4 22</runs>
            <runs>0 49 22 4 16 7 8 5 22</runs>
            <runs>0 48 23 2 20 6 1 11 23</runs>
            <runs>0 47 19 7 21 18 22</runs>
            <runs>0 46 18 9 22 17 17 2 3</runs>
            <runs>0 46 17 4 28 18 14 4 3</runs>
            <runs>0 44 19 4 22 2 5 17 13 4 4</runs>
            <runs>0 43 19 5 15 10 4 19 5 10 4</runs>
            <runs>0 42 19 6 13 13 4 33 4</runs>
            <runs>0 30 8 1 22 5 14 13 4 33 4</runs>
            <runs>0 19 43 3 15 13 4 32 5</runs>
            <runs>0 17 64 13 2 33 4</runs>
            <runs>0 15 67 45 6</runs>
            <runs>0 13 79 7 8 19 7</runs>
            <runs>0 10 98 18 6</runs>
            <runs>0 9 15 8 25 5 48 11 11</runs>
            <runs>0 8 14 10 24 10 65</runs>
            <runs>0 7 14 11 23 11 15 3 45</runs>
            <runs>0 6 13 13 23 12 13 12 36</runs>
            <runs>0 5 12 15 22 13 13 16 30</runs>
            <runs>0 4 12 15 23 13 14 16 11 6 9</runs>
            <runs>0 3 12 15 24 13 15 15 11</runs>
            <runs>0 2 12 14 27 12 16 13 11</runs>
            <runs>0 1 12 13 22 19 23 5 13</runs>
            <runs>0 1 11 12 23 20 23 3 14</runs>
            <runs>11 11 23 22 40</runs>
            <runs>0 1 14 4 25 24 33</runs>
            <runs>0 1 41 25 33</runs>
            <runs>0 2 39 27 31</runs>
            <runs>0 4 36 33 25</runs>
            <runs>0 8 30 37 21</runs>
            <runs>0 12 1 1 24 39 18</runs>
            <runs>0 22 7 51 13</runs>
            <runs>0 23 5</runs>
        </run-table>
    </sample>
    <sample shape="G_CLEF" interline="18" pitch="0.2" left="93" top="2921" id="545">
        <run-table orientation="VERTICAL" width="50" height="134">
            <runs>0 79 9</runs>
            <runs>0 73 16</runs>
            <runs>0 65 25</runs>
            <runs>0 65 28</runs>
            <runs>0 65 30 21 9</runs>
            <runs>0 63 32 19 14</runs>
            <runs>0 62 35 15 17</runs>
            <runs>0 59 46 6 19</runs>
            <runs>0 59 46 6 20</runs>
            <runs>0 58 47 5 22</runs>
            <runs>0 56 24 2 23 5 22</runs>
            <runs>0 55 26 12 12 5 22</runs>
            <runs>0 54 21 4 9 5 12 5 23</runs>
            <runs>0 47 27 5 9 7 10 5 23</runs>
            <runs>0 47 25 5 12 6 10 5 24</runs>
            <runs>0 47 24 5 15 6 8 5 24</runs>
            <runs>0 47 24 3 18 6 2 10 24</runs>
            <runs>0 47 23 3 20 5 2 10 24</runs>
            <runs>0 47 24 1 22 5 1 11 17 2 4</runs>
            <runs>0 47 48 17 14 4 4</runs>
            <runs>0 47 48 18 11 6 4</runs>
            <runs>0 45 50 21 6 8 4</runs>
            <runs>0 45 18 2 23 4 4 34 4</runs>
            <runs>0 44 19 1 17 12 3 33 5</runs>
            <runs>0 43 19 2 17 12 3 32 5</runs>
            <runs>0 41 21 3 16 13 2 31 6</runs>
            <runs>0 27 54 46 6</runs>
            <runs>0 21 67 37 8</runs>
            <runs>0 17 76 4 9 19 7</runs>
            <runs>0 14 93 13 12</runs>
            <runs>0 12 119</runs>
            <runs>0 11 47 5 67</runs>
            <runs>0 9 27 1 18 10 16 11 37</runs>
            <runs>0 8 18 4 25 10 15 15 31</runs>
            <runs>0 7 16 7 24 11 15 17 9 4 14</runs>
            <runs>0 7 14 9 24 11 15 17 9 6 6</runs>
            <runs>0 6 13 11 23 13 15 15 9</runs>
            <runs>0 4 14 12 23 13 22 7 10</runs>
            <runs>0 3 15 12 23 13 22 5 13</runs>
            <runs>0 2 15 11 25 13 24 2 14</runs>
            <runs>0 2 15 10 26 13 40</runs>
            <runs>0 1 16 9 27 13 34</runs>
            <runs>0 1 15 7 24 19 33</runs>
            <runs>16 3 25 22 32</runs>
            <runs>43 30 23</runs>
            <runs>42 33 20</runs>
            <runs>0 1 38 37 16</runs>
            <runs>0 2 35 45 8</runs>
            <runs>0 7 28</runs>
            <runs>0 14 21</runs>
        </run-table>
    </sample>
    <sample shape="F_CLEF" interline="18" pitch="-1.7" left="90" top="359" id="350">
        <run-table orientation="VERTICAL" width="50" height="62">
            <runs>0 54 8</runs>
            <runs>0 15 9 30 8</runs>
            <runs>0 12 12 30 8</runs>
            <runs>0 10 14 35 2</runs>
            <runs>0 7 18 34 2</runs>
            <runs>0 7 19 33 1</runs>
            <runs>0 1 25</runs>
            <runs>0 1 26</runs>
            <runs>0 1 26</runs>
            <runs>0 1 26</runs>
            <runs>27 24 1</runs>
            <runs>27 23 8</runs>
            <runs>9 1 17 22 9</runs>
            <runs>0 10 17 20 12</runs>
            <runs>0 10 17 19 12</runs>
            <runs>0 11 15 19 13</runs>
            <runs>0 13 12 20 13</runs>
            <runs>0 13 11 19 9</runs>
            <runs>0 15 9 12 15</runs>
            <runs>0 36 14</runs>
            <runs>0 36 14</runs>
            <runs>0 1 8 26 14</runs>
            <runs>0 1 9 21 17</runs>
            <runs>0 1 10 18 18</runs>
            <runs>0 1 45</runs>
            <runs>0 1 45</runs>
            <runs>0 1 44</runs>
            <runs>0 1 43</runs>
            <runs>0 1 42</runs>
            <runs>0 1 41</runs>
            <runs>0 1 41</runs>
            <runs>0 1 41</runs>
            <runs>0 1 40</runs>
            <runs>0 7 34</runs>
            <runs>0 9 24</runs>
            <runs>0 10 22</runs>
            <runs>0 15 13</runs>
            <runs>0 17 8</runs>
            <runs></runs>
            <runs></runs>
            <runs>0 7 5</runs>
            <runs>0 1 13 11 7</runs>
            <runs>0 1 14 4 14</runs>
            <runs>0 1 14 4 15</runs>
            <runs>0 1 14 4 15</runs>
            <runs>0 1 14 4 15</runs>
            <runs>0 1 14 4 15</runs>
            <runs>0 7 7 5 15</runs>
            <runs>0 8 5 6 14</runs>
            <runs>0 10 1 14 6</runs>
        </run-table>
    </sample>
    <sample shape="F_CLEF" interline="18" pitch="-1.7" left="86" top="1374" id="439">
        <run-table orientation="VERTICAL" width="62" height="59">
            <runs>0 15 9</runs>
            <runs>0 12 11</runs>
            <runs>0 9 15 29 1</runs>
            <runs>0 7 18 28 1</runs>
            <runs>25 27 2</runs>
            <runs>25 27 2</runs>
            <runs>26 25 8</runs>
            <runs>26 24 8</runs>
            <runs>26 24 8</runs>
            <runs>0 1 25 23 10</runs>
            <runs>0 1 25 22 11</runs>
            <runs>0 8 18 22 11</runs>
            <runs>0 10 15 21 13</runs>
            <runs>0 10 15 20 13</runs>
            <runs>0 12 13 18 10</runs>
            <runs>0 13 11 19 9</runs>
            <runs>0 16 8 18 9</runs>
            <runs>0 37 13</runs>
            <runs>0 36 13</runs>
            <runs>0 35 14</runs>
            <runs>0 6 2 24 16</runs>
            <runs>9 19 19</runs>
            <runs>12 6 28</runs>
            <runs>46</runs>
            <runs>45</runs>
            <runs>0 1 43</runs>
            <runs>0 1 41</runs>
            <runs>0 1 40</runs>
            <runs>0 1 40</runs>
            <runs>0 1 40</runs>
            <runs>0 1 40</runs>
            <runs>0 1 40</runs>
            <runs>0 7 34</runs>
            <runs>0 9 26</runs>
            <runs>0 11 22</runs>
            <runs>0 12 17</runs>
            <runs>0 15 9</runs>
            <runs></runs>
            <runs></runs>
            <runs>0 29 2</runs>
            <runs>0 8 6 11 7</runs>
            <runs>0 6 9 9 9</runs>
            <runs>0 6 9 4 14</runs>
            <runs>0 6 9 4 14</runs>
            <runs>0 6 9 4 14</runs>
            <runs>0 1 14 4 14</runs>
            <runs>0 6 8 5 14</runs>
            <runs>0 7 7 10 8</runs>
            <runs>0 10 2 13 6</runs>
            <runs></runs>
            <runs></runs>
            <runs></runs>
            <runs></runs>
            <runs></runs>
            <runs></runs>
            <runs></runs>
            <runs></runs>
            <runs></runs>
            <runs></runs>
            <runs></runs>
            <runs></runs>
            <runs>0 9 5</runs>
        </run-table>
    </sample>
    <sample shape="F_CLEF" interline="18" pitch="-1.8" left="92" top="2434" id="518">
        <run-table orientation="VERTICAL" width="49" height="59">
            <runs>0 13 10</runs>
            <runs>0 10 13</runs>
            <runs>0 7 16</runs>
            <runs>24 29 1</runs>
            <runs>25 27 2</runs>
            <runs>0 1 24 27 2</runs>
            <runs>0 1 25 26 2</runs>
            <runs>0 1 25 25 8</runs>
            <runs>0 1 25 24 9</runs>
            <runs>0 1 24 24 10</runs>
            <runs>0 1 24 23 11</runs>
            <runs>0 9 16 22 11</runs>
            <runs>0 10 15 21 12</runs>
            <runs>0 11 14 20 8</runs>
            <runs>0 12 12 19 9</runs>
            <runs>0 16 8 18 9</runs>
            <runs>0 36 15</runs>
            <runs>0 36 14</runs>
            <runs>0 35 15</runs>
            <runs>0 31 18</runs>
            <runs>8 22 18</runs>
            <runs>10 17 20</runs>
            <runs>46</runs>
            <runs>45</runs>
            <runs>43</runs>
            <runs>43</runs>
            <runs>42</runs>
            <runs>41</runs>
            <runs>41</runs>
            <runs>41</runs>
            <runs>0 1 40</runs>
            <runs>0 1 34</runs>
            <runs>0 7 27</runs>
            <runs>0 8 23</runs>
            <runs>0 12 17</runs>
            <runs>0 15 13</runs>
            <runs></runs>
            <runs></runs>
            <runs>0 8 5 13 3</runs>
            <runs>0 7 7 10 8</runs>
            <runs>0 6 8 10 9</runs>
            <runs>0 6 9 3 15</runs>
            <runs>15 3 16</runs>
            <runs>15 3 15</runs>
            <runs>14 4 15</runs>
            <runs>14 9 10</runs>
            <runs>0 6 8 11 7</runs>
            <runs>0 9 4 13 6</runs>
            <runs>0 29 1</runs>
        </run-table>
    </sample>
    <sample shape="SHARP" interline="18" pitch="-4.2" left="148" top="653" id="411">
        <run-table orientation="VERTICAL" width="20" height="45">
            <runs>0 10 9 9 15</runs>
            <runs>0 9 29</runs>
            <runs>0 8 35</runs>
            <runs>0 7 36</runs>
            <runs>45</runs>
            <runs>44</runs>
            <runs>37</runs>
            <runs>0 6 31</runs>
            <runs>0 7 11 2 17</runs>
            <runs>0 7 11 1 17</runs>
            <runs>0 7 10 2 16</runs>
            <runs>0 6 29</runs>
            <runs>0 4 33</runs>
            <runs>44</runs>
            <runs>44</runs>
            <runs>35</runs>
            <runs>0 3 31</runs>
            <runs>0 5 11 5 12</runs>
            <runs>0 5 11 6 10</runs>
            <runs>0 6 8</runs>
        </run-table>
    </sample>
    <sample shape="SHARP" interline="18" pitch="-1.1" left="171" top="673" id="409">
        <run-table orientation="VERTICAL" width="21" height="60">
            <runs>0 36 8</runs>
            <runs>0 35 9</runs>
            <runs>0 34 11</runs>
            <runs>0 16 16 1 15</runs>
            <runs>0 6 2 1 2 5 43</runs>
            <runs>0 1 59</runs>
            <runs>0 10 1 1 34</runs>
            <runs>0 14 10 5 14</runs>
            <runs>0 15 8 10 9</runs>
            <runs>0 15 8 10 9</runs>
            <runs>0 14 10 8 10</runs>
            <runs>0 13 11 8 11</runs>
            <runs>0 12 39</runs>
            <runs>0 10 41</runs>
            <runs>51</runs>
            <runs>50</runs>
            <runs>42</runs>
            <runs>0 11 13 2 2 2 12</runs>
            <runs>0 11 12 7 11</runs>
            <runs>0 12 12 7 10</runs>
            <runs>0 33 8</runs>
        </run-table>
    </sample>
    <sample shape="SHARP" interline="18" pitch="1.0" left="170" top="888" id="417">
        <run-table orientation="VERTICAL" width="21" height="45">
            <runs>0 30 9</runs>
            <runs>0 11 8 10 10</runs>
            <runs>0 11 9 2 18</runs>
            <runs>0 10 33</runs>
            <runs>0 1 4 2 38</runs>
            <runs>45</runs>
            <runs>45</runs>
            <runs>0 7 32</runs>
            <runs>0 8 11 8 10</runs>
            <runs>0 8 10 9 10</runs>
            <runs>0 8 10 8 11</runs>
            <runs>0 7 12 7 10</runs>
            <runs>0 7 32 2 4</runs>
            <runs>0 5 40</runs>
            <runs>45</runs>
            <runs>45</runs>
            <runs>45</runs>
            <runs>0 5 32</runs>
            <runs>0 5 13 5 13</runs>
            <runs>0 6 12 7 10</runs>
            <runs>0 9 9 8 9</runs>
        </run-table>
    </sample>
    <sample shape="SHARP" interline="18" pitch="-4.0" left="149" top="1668" id="492">
        <run-table orientation="VERTICAL" width="20" height="53">
            <runs>0 16 7 14 4</runs>
            <runs>0 16 9 10 13</runs>
            <runs>0 15 10 9 14</runs>
            <runs>0 5 2 7 34</runs>
            <runs>0 3 48</runs>
            <runs>0 3 50</runs>
            <runs>0 4 48</runs>
            <runs>0 8 2 3 11 1 25</runs>
            <runs>0 14 9 9 10</runs>
            <runs>0 13 10 9 9</runs>
            <runs>0 13 9 10 9</runs>
            <runs>0 12 11 3 15</runs>
            <runs>0 10 31</runs>
            <runs>50</runs>
            <runs>51</runs>
            <runs>0 1 50</runs>
            <runs>0 7 33</runs>
            <runs>0 10 13 1 15</runs>
            <runs>0 11 10 5 12</runs>
            <runs>0 13 6 7 11</runs>
        </run-table>
    </sample>
    <sample shape="SHARP" interline="18" pitch="-1.1" left="173" top="1693" id="493">
        <run-table orientation="VERTICAL" width="20" height="58">
            <runs>0 41 2</runs>
            <runs>0 17 8 11 8</runs>
            <runs>0 17 12 4 11</runs>
            <runs>0 16 29</runs>
            <runs>0 1 46 2 2</runs>
            <runs>0 1 57</runs>
            <runs>0 7 41 1 9</runs>
            <runs>0 14 11 2 3 1 13</runs>
            <runs>0 13 12 8 11</runs>
            <runs>0 13 11 9 10</runs>
            <runs>0 13 11 8 11</runs>
            <runs>0 13 11 4 15</runs>
            <runs>0 5 2 4 34</runs>
            <runs>51</runs>
            <runs>0 1 51</runs>
            <runs>0 1 51</runs>
            <runs>0 11 40</runs>
            <runs>0 11 12 3 2 1 12</runs>
            <runs>0 12 11 7 11</runs>
            <runs>0 15 2 14 10</runs>
        </run-table>
    </sample>
    <sample shape="SHARP" interline="18" pitch="-2.4" left="152" top="1894" id="500">
        <run-table orientation="VERTICAL" width="19" height="50">
            <runs>0 16 7 13 4</runs>
            <runs>0 15 15 4 8</runs>
            <runs>0 14 33</runs>
            <runs>0 3 44</runs>
            <runs>0 3 38 6 3</runs>
            <runs>0 7 34 6 2</runs>
            <runs>0 13 9 10 9</runs>
            <runs>0 13 9 9 10</runs>
            <runs>0 8 13 10 9</runs>
            <runs>0 8 13 10 9</runs>
            <runs>0 7 15 3 15</runs>
            <runs>0 1 2 4 33</runs>
            <runs>47</runs>
            <runs>47</runs>
            <runs>39</runs>
            <runs>0 7 14 3 14</runs>
            <runs>0 7 12 6 13</runs>
            <runs>0 7 12 6 12</runs>
            <runs>0 7 8</runs>
        </run-table>
    </sample>
    <sample shape="SHARP" interline="18" pitch="0.9" left="174" top="1918" id="499">
        <run-table orientation="VERTICAL" width="20" height="59">
            <runs>0 17 8 17 1</runs>
            <runs>0 17 8 11 8</runs>
            <runs>0 15 12 1 3 4 9</runs>
            <runs>0 7 2 5 32 5 2</runs>
            <runs>0 1 57</runs>
            <runs>0 12 47</runs>
            <runs>0 14 11 5 14 7 2</runs>
            <runs>0 14 10 9 10</runs>
            <runs>0 14 10 9 10</runs>
            <runs>0 14 9 9 11</runs>
            <runs>0 13 11 7 11</runs>
            <runs>0 12 31</runs>
            <runs>0 1 51</runs>
            <runs>0 1 57</runs>
            <runs>52</runs>
            <runs>0 9 43</runs>
            <runs>0 11 12 2 16</runs>
            <runs>0 11 12 7 10</runs>
            <runs>0 13 9 8 10</runs>
            <runs>0 32 8</runs>
        </run-table>
    </sample>
    <sample shape="SHARP" interline="18" pitch="-4.1" left="157" top="2932" id="549">
        <run-table orientation="VERTICAL" width="21" height="45">
            <runs>0 11 6 13 12</runs>
            <runs>0 10 8 11 13</runs>
            <runs>0 10 33</runs>
            <runs>0 9 34</runs>
            <runs>0 4 1 2 38</runs>
            <runs>45</runs>
            <runs>44</runs>
            <runs>0 1 17 1 24</runs>
            <runs>0 7 11 2 17</runs>
            <runs>0 7 10 3 16</runs>
            <runs>0 7 10 3 16</runs>
            <runs>0 6 11 2 17</runs>
            <runs>0 5 32</runs>
            <runs>45</runs>
            <runs>45</runs>
            <runs>37</runs>
            <runs>34</runs>
            <runs>33</runs>
            <runs>0 5 10 5 11</runs>
            <runs>0 6 8</runs>
            <runs>0 11 1</runs>
        </run-table>
    </sample>
    <sample shape="SHARP" interline="18" pitch="-1.4" left="180" top="2952" id="547">
        <run-table orientation="VERTICAL" width="20" height="51">
            <runs>0 17 8</runs>
            <runs>0 16 9</runs>
            <runs>0 15 18 8 2</runs>
            <runs>0 6 3 6 18 2 9 1 2</runs>
            <runs>0 5 28 1 13</runs>
            <runs>0 12 11 11 9</runs>
            <runs>0 14 9 11 8</runs>
            <runs>0 14 9 11 8</runs>
            <runs>0 14 9 10 9</runs>
            <runs>0 13 10 10 8</runs>
            <runs>0 12 12 8 9</runs>
            <runs>0 12 29 7 3</runs>
            <runs>50</runs>
            <runs>50</runs>
            <runs>48</runs>
            <runs>40 3 4</runs>
            <runs>0 10 17 3 10</runs>
            <runs>0 10 12 9 9</runs>
            <runs>0 11 12 8 9</runs>
            <runs>0 12 11</runs>
        </run-table>
    </sample>
    <sample shape="SHARP" interline="18" pitch="-4.2" left="153" top="2201" id="528">
        <run-table orientation="VERTICAL" width="20" height="52">
            <runs>0 16 8 11 6</runs>
            <runs>0 15 9 10 9</runs>
            <runs>0 15 17 1 15</runs>
            <runs>0 5 44</runs>
            <runs>0 4 48</runs>
            <runs>0 6 46</runs>
            <runs>0 12 11 9 10</runs>
            <runs>0 13 10 10 9</runs>
            <runs>0 13 9 11 8</runs>
            <runs>0 13 9 10 9</runs>
            <runs>0 13 9 3 15</runs>
            <runs>0 12 29</runs>
            <runs>0 1 8 1 38</runs>
            <runs>48</runs>
            <runs>0 1 47</runs>
            <runs>0 8 32</runs>
            <runs>0 10 29</runs>
            <runs>0 11 10 4 14</runs>
            <runs>0 12 7 12 6</runs>
            <runs>0 16 2</runs>
        </run-table>
    </sample>
    <sample shape="SHARP" interline="18" pitch="-1.1" left="176" top="2233" id="540">
        <run-table orientation="VERTICAL" width="21" height="45">
            <runs>0 9 1 17 8</runs>
            <runs>0 8 10 8 10</runs>
            <runs>0 8 30</runs>
            <runs>41 2 2</runs>
            <runs>45</runs>
            <runs>45</runs>
            <runs>1 1 43</runs>
            <runs>0 5 11 6 13</runs>
            <runs>0 6 10 9 9</runs>
            <runs>0 6 10 8 10</runs>
            <runs>0 5 12 7 10</runs>
            <runs>0 3 31</runs>
            <runs>0 3 38</runs>
            <runs>42</runs>
            <runs>42</runs>
            <runs>42</runs>
            <runs>0 2 32 2 5</runs>
            <runs>0 2 14 3 15</runs>
            <runs>0 3 12 6 12</runs>
            <runs>0 4 11 7 11</runs>
            <runs>0 23 1 3 1</runs>
        </run-table>
    </sample>
    <sample shape="SHARP" interline="18" pitch="1.0" left="176" top="2452" id="533">
        <run-table orientation="VERTICAL" width="20" height="58">
            <runs>0 24 1 11 8</runs>
            <runs>0 17 8 11 8</runs>
            <runs>0 17 14 4 10</runs>
            <runs>0 13 45</runs>
            <runs>0 6 1 1 50</runs>
            <runs>58</runs>
            <runs>0 12 13 5 15 1 12</runs>
            <runs>0 14 10 10 10</runs>
            <runs>0 14 10 10 9</runs>
            <runs>0 14 10 9 10</runs>
            <runs>0 14 10 9 10</runs>
            <runs>0 13 12 6 12</runs>
            <runs>8 4 40</runs>
            <runs>52</runs>
            <runs>52</runs>
            <runs>51</runs>
            <runs>0 11 33 2 4</runs>
            <runs>0 11 12 7 11</runs>
            <runs>0 12 11 8 9</runs>
            <runs>0 13 9 9 9</runs>
        </run-table>
    </sample>
</samples>
