<?xml version="1.0" encoding="UTF-8" standalone="yes"?>
<samples sheet-name="IMSLP00693#12">
    <sample shape="G_CLEF" interline="13" pitch="0.3" left="343" top="1112" id="467">
        <run-table orientation="VERTICAL" width="40" height="101">
            <runs>0 49 16</runs>
            <runs>0 49 20</runs>
            <runs>0 47 22</runs>
            <runs>0 46 24 18 5</runs>
            <runs>0 43 28 14 11</runs>
            <runs>0 43 29 13 11</runs>
            <runs>0 42 31 11 14</runs>
            <runs>0 40 20 2 12 9 16</runs>
            <runs>0 40 15 12 8 8 16</runs>
            <runs>0 35 18 16 9 4 18</runs>
            <runs>0 35 17 19 7 4 19</runs>
            <runs>0 35 16 21 3 7 19</runs>
            <runs>0 34 17 5 9 8 2 7 19</runs>
            <runs>0 34 13 9 10 8 1 8 13 1 4</runs>
            <runs>0 34 13 8 13 6 1 9 12 1 4</runs>
            <runs>0 33 14 1 21 15 11 2 4</runs>
            <runs>0 32 13 3 21 17 8 3 4</runs>
            <runs>0 31 14 7 18 16 7 4 4</runs>
            <runs>0 12 32 5 10 10 1 26 5</runs>
            <runs>0 9 34 6 9 38 5</runs>
            <runs>0 8 38 3 9 37 6</runs>
            <runs>0 6 15 1 36 37 6</runs>
            <runs>0 5 14 4 35 37 5</runs>
            <runs>0 4 13 6 42 29 5</runs>
            <runs>0 3 10 10 16 5 25 24 5</runs>
            <runs>0 2 11 10 16 9 30 13 6</runs>
            <runs>0 1 10 11 17 9 37 1 11</runs>
            <runs>10 10 19 9 10 14 1 1 21</runs>
            <runs>10 7 17 15 9 16 19</runs>
            <runs>9 8 16 16 10 26 2</runs>
            <runs>31 18 11</runs>
            <runs>30 19 12 9 8</runs>
            <runs>0 4 22 23 16 4 9</runs>
            <runs>0 6 20 23 29</runs>
            <runs>0 8 18 23 29</runs>
            <runs>0 14 2 1 1 31 24</runs>
            <runs>0 49 22</runs>
            <runs>0 56 13</runs>
            <runs>0 57 12</runs>
            <runs>0 59 1</runs>
        </run-table>
    </sample>
    <sample shape="C_CLEF" interline="13" pitch="-2.1" left="337" top="1656" id="473">
        <run-table orientation="VERTICAL" width="42" height="60">
            <runs>0 50 1</runs>
            <runs>0 1 1 1 1 7 1 12 2 2 11 3 17</runs>
            <runs>59</runs>
            <runs>60</runs>
            <runs>60</runs>
            <runs>60</runs>
            <runs>59</runs>
            <runs>60</runs>
            <runs>60</runs>
            <runs>19 3 3 1 14 2 17</runs>
            <runs>0 1 17 28 4</runs>
            <runs>0 3 6 2 1 22 3 1 21</runs>
            <runs>59</runs>
            <runs>59</runs>
            <runs>59</runs>
            <runs>0 1 12 36 10</runs>
            <runs>0 2 7 40 5</runs>
            <runs>0 6 4 16 9 13 11</runs>
            <runs>0 4 8 11 14 10 12</runs>
            <runs>0 3 10 8 20 5 13</runs>
            <runs>0 2 11 2 30 1 13</runs>
            <runs>0 1 13 1 30 1 13</runs>
            <runs>0 1 13 2 29 1 13</runs>
            <runs>15 1 25 5 13</runs>
            <runs>4 1 9 8 4 8 3 9 8</runs>
            <runs>4 1 9 8 3 8 3 10 8</runs>
            <runs>4 2 7 10 3 7 3 12 5</runs>
            <runs>4 3 3 14 3 6 3</runs>
            <runs>4 20 3 6 3</runs>
            <runs>4 20 3 6 3</runs>
            <runs>4 19 4 6 3</runs>
            <runs>5 18 4 6 3</runs>
            <runs>7 14 6 6 26</runs>
            <runs>0 1 26 6 26</runs>
            <runs>0 1 26 6 26</runs>
            <runs>0 2 24 8 25</runs>
            <runs>0 3 23 9 24</runs>
            <runs>0 3 22 10 24</runs>
            <runs>0 4 19 13 17</runs>
            <runs>0 6 16 15 16</runs>
            <runs>0 7 14 17 12</runs>
            <runs>0 9 10</runs>
        </run-table>
    </sample>
    <sample shape="C_CLEF" interline="13" pitch="-2.3" left="334" top="2768" id="601">
        <run-table orientation="VERTICAL" width="41" height="61">
            <runs>0 1 59</runs>
            <runs>60</runs>
            <runs>60</runs>
            <runs>60</runs>
            <runs>60</runs>
            <runs>60</runs>
            <runs>60</runs>
            <runs>54</runs>
            <runs>0 1 49 1 2</runs>
            <runs>0 2 19 13 3 11 1 3 1</runs>
            <runs>0 1 19 1 40</runs>
            <runs>0 1 60</runs>
            <runs>37 1 22</runs>
            <runs>0 1 36 1 22</runs>
            <runs>0 2 18 8 6 8 14</runs>
            <runs>0 27 7 17 2</runs>
            <runs>0 6 7 12 11 13 11</runs>
            <runs>0 5 8 11 13 11 8</runs>
            <runs>0 3 12 1 26 5 13</runs>
            <runs>0 4 38 5 14</runs>
            <runs>0 2 40 1 17</runs>
            <runs>0 2 27 1 10 7 14</runs>
            <runs>0 1 19 3 4 7 4 9 8</runs>
            <runs>0 1 4 1 9 8 3 8 3 10 7</runs>
            <runs>0 1 4 1 9 9 2 8 3 10 6</runs>
            <runs>0 1 3 3 5 13 1 8 2</runs>
            <runs>0 1 4 3 3 14 2 7 2</runs>
            <runs>0 1 4 20 2 7 2</runs>
            <runs>0 1 4 20 2 7 2 18 1</runs>
            <runs>0 1 5 17 4 3 8 14 8</runs>
            <runs>0 1 7 13 6 3 11 7 12</runs>
            <runs>0 2 10 4 11 3 30</runs>
            <runs>0 2 25 7 26</runs>
            <runs>0 3 24 7 26</runs>
            <runs>0 3 24 7 22</runs>
            <runs>0 4 22 9 25</runs>
            <runs>0 5 21 10 17</runs>
            <runs>0 7 18 11 16</runs>
            <runs>0 8 15 17 1 6 2</runs>
            <runs>0 10 11</runs>
            <runs>0 15 2</runs>
        </run-table>
    </sample>
    <sample shape="SHARP" interline="13" pitch="1.9" left="384" top="1691" id="670">
        <run-table orientation="VERTICAL" width="15" height="43">
            <runs>0 13 6 8 10</runs>
            <runs>0 12 12 3 10</runs>
            <runs>0 12 12 3 12 1 3</runs>
            <runs>0 2 41</runs>
            <runs>0 2 41</runs>
            <runs>0 2 41</runs>
            <runs>0 2 22 1 12</runs>
            <runs>0 7 17 1 12</runs>
            <runs>0 7 17 1 16</runs>
            <runs>0 1 41</runs>
            <runs>42</runs>
            <runs>42</runs>
            <runs>41</runs>
            <runs>0 7 10 3 11</runs>
            <runs>0 7 10 3 10</runs>
        </run-table>
    </sample>
</samples>
